temp,pH,turbidity,NO2,NH4,TOC,TP,TN,salinity,chlorophyll,source
24.3,8.76,13.84,0.345,2.108,1632.0,2.41,148.8,7.99,25.49,combined
24.3,8.76,13.84,0.345,2.108,1632.0,2.41,148.8,7.99,28.1,combined
25.0,8.47,10.92,0.328,0.443,1429.0,2.796,139.3,6.23,,combined
25.0,8.47,10.92,0.328,0.443,1429.0,2.796,139.3,6.23,28.52,combined
25.0,8.8,17.35,0.589,1.639,914.2,3.196,95.5,3.96,29.72,combined
31.94,8.18,5.61,0.028,2.425,763.1,0.757,79.0,7.97,5.44,combined
31.94,8.18,5.61,0.028,2.425,763.1,0.757,79.0,7.97,38.42,combined
24.7,8.27,45.01,0.335,1.189,1386.0,5.758,197.1,10.76,60.02,combined
24.7,8.27,45.01,0.335,1.189,1386.0,5.758,197.1,10.76,51.02,combined
24.5,8.3,22.34,0.269,1.35,1097.0,3.698,146.4,13.5,46.73,combined
24.5,8.3,22.34,0.269,1.35,1097.0,3.698,146.4,13.5,33.15,combined
25.4,8.05,43.15,0.023,0.048,243.3,1.732,36.7,34.38,5.03,combined
25.4,8.05,43.15,0.023,0.048,243.3,1.732,36.7,34.38,7.8,combined
,,,0.077,2.789,808.0,0.344,100.2,,,combined
,,,0.077,2.789,808.0,0.344,100.2,,,combined
,,,0.021,6.039,836.7,0.307,86.9,,,combined
,,,0.021,6.039,836.7,0.307,86.9,,,combined
23.1,8.08,28.55,0.253,2.807,1388.0,4.355,204.0,24.24,54.16,combined
23.1,8.08,28.55,0.253,2.807,1388.0,4.355,204.0,24.24,43.07,combined
22.9,7.73,29.08,0.382,1.21,1998.0,6.048,232.1,23.79,36.63,combined
22.9,7.73,29.08,0.382,1.21,1998.0,6.048,232.1,23.79,37.78,combined
30.002,7.39,22.45,0.701,3.675,2056.0,4.375,218.3,29.07,23.52,combined
30.002,7.39,22.45,0.701,3.675,2056.0,4.375,218.3,29.07,22.03,combined
23.3,,,0.318,1.106,2825.0,10.088,354.8,0.3,25.69,combined
23.3,,,0.318,1.106,2825.0,10.088,354.8,0.3,30.69,combined
24.0,8.27,12.59,0.079,0.846,1047.0,2.047,109.3,27.13,,combined
24.0,8.27,12.59,0.079,0.846,1047.0,2.047,109.3,27.13,,combined
25.3,8.18,32.03,0.15,3.82,616.1,1.047,89.0,28.2,4.6,combined
25.3,8.18,32.03,0.15,3.82,616.1,1.047,89.0,28.2,5.81,combined
26.25,8.83,0.22,0.041,0.249,256.4,0.415,20.7,34.26,0.11,combined
26.25,8.83,0.22,0.041,0.249,256.4,0.415,20.7,34.26,0.42,combined
30.944,8.01,0.07,0.023,0.671,498.4,0.31,35.5,38.8,1.31,combined
30.944,8.01,0.07,0.023,0.671,498.4,0.31,35.5,38.8,0.84,combined
24.6,8.61,5.5,0.155,1.485,465.7,1.003,68.1,4.89,8.17,combined
24.6,8.61,5.5,0.155,1.485,465.7,1.003,68.1,4.89,17.52,combined
29.526,8.18,3.7,0.017,1.187,1397.0,1.063,88.6,10.64,9.43,combined
29.526,8.18,3.7,0.017,1.187,1397.0,1.063,88.6,10.64,10.05,combined
25.0,8.5,9.3,0.139,1.471,423.0,1.607,88.1,6.95,26.73,combined
25.0,8.5,9.3,0.139,1.471,423.0,1.607,88.1,6.95,26.89,combined
29.476,8.01,6.36,0.051,1.216,1037.0,1.114,106.2,15.9,9.88,combined
29.476,8.01,6.36,0.051,1.216,1037.0,1.114,106.2,15.9,10.12,combined
25.1,8.46,8.11,0.099,1.874,1276.0,1.755,91.7,10.53,18.33,combined
25.1,8.46,8.11,0.099,1.874,1276.0,1.755,91.7,10.53,18.15,combined
29.554,7.99,9.62,0.055,0.902,1187.0,1.211,103.1,21.19,11.36,combined
29.554,7.99,9.62,0.055,0.902,1187.0,1.211,103.1,21.19,13.7,combined
25.6,8.38,8.54,0.117,1.75,664.3,1.562,71.0,10.74,22.51,combined
25.6,8.38,8.54,0.117,1.75,664.3,1.562,71.0,10.74,25.22,combined
,,,0.016,2.194,819.2,0.365,107.1,,,combined
,,,0.016,2.194,819.2,0.365,107.1,,,combined
,,,0.027,3.414,900.0,0.308,107.4,,,combined
,,,0.027,3.414,900.0,0.308,107.4,,,combined
,,,0.049,66.045,875.8,0.541,135.5,,,combined
,,,0.049,66.045,875.8,0.541,135.5,,,combined
,,,0.166,1.07,891.7,0.496,69.6,,,combined
,,,0.166,1.07,891.7,0.496,69.6,,,combined
,,,0.188,21.39,643.5,0.583,88.1,,,combined
,,,0.188,21.39,643.5,0.583,88.1,,,combined
,,,0.037,0.964,620.4,0.323,56.7,,,combined
,,,0.037,0.964,620.4,0.323,56.7,,,combined
,,,0.029,0.808,774.4,0.673,71.4,,,combined
,,,0.029,0.808,774.4,0.673,71.4,,,combined
,,,0.107,0.307,706.3,0.697,45.7,,,combined
,,,0.107,0.307,706.3,0.697,45.7,,,combined
25.4,8.47,3.6,0.156,1.227,695.3,0.451,48.8,32.7,0.82,combined
25.4,8.47,3.6,0.156,1.227,695.3,0.451,48.8,32.7,0.69,combined
22.9,,,0.305,3.301,2455.0,4.35,188.3,25.8,,combined
22.9,,,0.305,3.301,2455.0,4.35,188.3,25.8,,combined
25.2,8.51,56.5,0.058,1.594,1341.0,2.022,57.9,34.17,13.97,combined
25.2,8.51,56.5,0.058,1.594,1341.0,2.022,57.9,34.17,14.9,combined
25.0,8.3,9.67,0.063,0.552,1272.0,1.732,105.7,161.96,14.74,combined
25.0,8.3,9.67,0.063,0.552,1272.0,1.732,105.7,161.96,16.18,combined
30.049,7.88,6.22,0.042,0.472,484.4,0.737,51.7,27.74,6.58,combined
30.049,7.88,6.22,0.042,0.472,484.4,0.737,51.7,27.74,2.91,combined
24.8,8.32,2.06,0.152,4.033,372.8,0.681,30.5,27.02,1.66,combined
24.8,8.32,2.06,0.152,4.033,372.8,0.681,30.5,27.02,1.64,combined
23.9,7.26,16.15,0.241,6.256,679.7,1.578,68.1,21.64,16.77,combined
23.9,7.26,16.15,0.241,6.256,679.7,1.578,68.1,21.64,19.06,combined
26.7,,,0.131,8.696,857.5,0.877,73.3,63.6,,combined
26.7,,,0.131,8.696,857.5,0.877,73.3,63.6,,combined
33.315,8.0,29.3,0.08,0.718,539.9,1.243,65.5,27.91,8.13,combined
33.315,8.0,29.3,0.08,0.718,539.9,1.243,65.5,27.91,8.16,combined
25.7,8.33,31.78,0.111,1.108,1228.0,5.919,138.6,10.67,15.24,combined
25.7,8.33,31.78,0.111,1.108,1228.0,5.919,138.6,10.67,13.47,combined
25.5,8.34,1.59,0.059,0.865,411.0,0.328,33.3,31.97,0.97,combined
25.5,8.34,1.59,0.059,0.865,411.0,0.328,33.3,31.97,0.76,combined
,,,0.052,6.352,789.5,0.538,75.0,,,combined
,,,0.052,6.352,789.5,0.538,75.0,,,combined
,,,0.057,0.257,764.1,0.392,50.0,,,combined
,,,0.057,0.257,764.1,0.392,50.0,,,combined
25.2,,,0.006,0.433,626.8,0.357,39.5,0.3,,combined
25.2,,,0.006,0.433,626.8,0.357,39.5,0.3,,combined
29.525,7.64,0.1,0.165,0.455,1843.0,1.36,123.8,0.21,,combined
29.525,7.64,0.1,0.165,0.455,1843.0,1.36,123.8,0.21,,combined
29.55,7.61,4.44,0.196,1.276,1695.0,1.94,134.0,0.22,11.43,combined
29.55,7.61,4.44,0.196,1.276,1695.0,1.94,134.0,0.22,9.62,combined
23.2,,,0.038,1.103,676.4,0.35,75.2,0.1,,combined
23.2,,,0.038,1.103,676.4,0.35,75.2,0.1,,combined
27.831,6.96,22.1,0.069,0.222,871.7,1.584,88.3,0.34,7.92,combined
27.831,6.96,22.1,0.069,0.222,871.7,1.584,88.3,0.34,8.54,combined
25.2,8.42,1.01,0.014,0.354,799.7,0.458,57.9,30.8,0.63,combined
25.2,8.42,1.01,0.014,0.354,799.7,0.458,57.9,30.8,1.38,combined
31.601,8.08,1.53,0.143,0.929,883.3,0.538,79.0,36.46,,combined
31.601,8.08,1.53,0.143,0.929,883.3,0.538,79.0,36.46,8.2,combined
25.4,8.39,1.65,0.049,1.02,520.6,0.369,45.7,30.45,0.75,combined
25.4,8.39,1.65,0.049,1.02,520.6,0.369,45.7,30.45,0.83,combined
31.444,8.08,0.7,0.127,2.22,663.8,0.969,51.2,36.73,1.87,combined
31.444,8.08,0.7,0.127,2.22,663.8,0.969,51.2,36.73,1.79,combined
24.7,8.15,22.4,0.14750000000000002,0.3275,2055.5,2.226,133.7,6.89,26.975000000000005,cleaned
24.56,8.32,14.1,0.006,0.2175,1013.0,1.217,98.44999999999999,21.88,13.56,cleaned
24.57,7.96,18.5,0.159,1.617,1456.0,1.8479999999999999,120.2,35.47,27.105,cleaned
24.77,8.33,34.6,0.084,0.5635,1723.5,3.65,179.75,13.92,43.330000000000005,cleaned
28.32,8.26,33.7,,,1580.0,2.814,175.5,29.99,28.810000000000002,cleaned
31.97,7.71,19.4,0.041,1.5725,3605.0,2.262,168.14999999999998,20.21,30.774999999999995,cleaned
30.84,7.64,22.8,,0.2815,1657.5,2.0095,114.19999999999999,30.04,27.774999999999995,cleaned
30.365000000000002,7.994999999999999,34.9,0.041,0.369,1533.5,1.7200000000000002,192.60000000000002,31.225,30.820000000000004,cleaned
23.115000000000002,8.28,6.57,0.033,0.497,298.8,0.6545000000000001,21.131,34.5,4.6,cleaned
20.425,8.055,1.82,0.007,0.1935,334.96000000000004,0.47650000000000003,24.525,29.625,0.53,cleaned
24.0,8.49,0.9,0.036500000000000005,,384.70000000000005,0.278,29.3,30.755000000000003,0.33,cleaned
19.990000000000002,8.23,1.56,0.009,0.22799999999999998,395.70000000000005,0.3655,27.855,33.76,0.47500000000000003,cleaned
20.229999999999997,8.25,2.58,0.0,0.19,370.5,0.53,19.939999999999998,29.96,0.26,cleaned
19.915,8.17,4.26,0.01,0.2,325.75,0.44999999999999996,20.715,34.78,1.15,cleaned
25.87,8.08,6.74,,1.455,464.83,0.885,30.125,28.455,11.405,cleaned
23.935000000000002,8.11,3.88,0.095,1.605,378.58,0.655,35.165000000000006,27.35,8.86,cleaned
21.240000000000002,8.325,2.63,0.004,0.014,734.75,1.0514999999999999,52.75,31.595,6.145,cleaned
25.768500000000003,8.24,2.87,0.0765,0.424,441.20000000000005,0.43,36.911,26.345,1.33,cleaned
25.04,8.22,0.72,0.0495,0.4705,405.8,0.3135,24.75,40.765,0.815,cleaned
24.475,8.33,1.18,0.009999999999999998,0.0885,392.8,0.37,37.86,33.54,0.255,cleaned
25.1045,8.28,1.36,0.0,,404.667,0.4,28.57,37.945,0.27,cleaned
27.133,8.515,1.25,0.018500000000000003,0.2945,441.35,0.418,30.0,36.05,0.4749999999999999,cleaned
27.32,8.63,1.3,0.039,0.1525,383.5,0.6910000000000001,23.950000000000003,32.7,0.25,cleaned
29.645,8.395,1.0,0.0245,0.1795,441.445,0.419,36.43,37.165,0.535,cleaned
30.615000000000002,8.594999999999999,2.39,,,662.15,0.728,53.099999999999994,35.595,5.349999999999999,cleaned
29.634999999999998,8.315000000000001,2.86,0.0215,0.3185,660.3,0.7035,28.91,42.82,4.815,cleaned
26.625,8.165,1.88,0.02,0.0,267.79150000000004,0.395,22.265,37.455,0.49,cleaned
28.643,8.25,1.33,0.05,0.355,325.33500000000004,0.43,22.98,38.45,0.43,cleaned
31.035,8.030000000000001,2.46,0.23,2.02,487.16650000000004,0.475,40.235,39.745000000000005,1.8150000000000002,cleaned
31.67,8.33,0.7,0.022,0.6895,470.16650000000004,0.3575,15.2635,38.835,0.585,cleaned
30.115000000000002,8.135000000000002,1.23,0.020999999999999998,0.3295,192.45,0.3065,18.8095,37.1,0.5449999999999999,cleaned
32.76,8.31,0.6,0.051500000000000004,0.891,263.15,0.425,8.0,37.67,0.93,cleaned
30.18,8.245000000000001,1.31,0.0125,0.16749999999999998,846.665,0.405,43.095,38.035,0.7600000000000001,cleaned
30.5,8.12,1.72,0.13,0.97,288.21000000000004,0.325,24.564999999999998,35.3,0.645,cleaned
32.480000000000004,8.129999999999999,0.69,0.09,0.765,257.46000000000004,0.7150000000000001,24.38,38.285,1.665,cleaned
30.1215,,1.28,0.05,0.9099999999999999,263.83349999999996,0.4,16.785,37.36,0.63,cleaned
31.96,8.41,1.22,0.015,0.177,488.45849999999996,0.4065,18.515500000000003,40.105000000000004,2.9599999999999995,cleaned
27.990000000000002,7.91,6.36,0.01,0.1555,621.96,1.174,75.595,38.58,18.46,cleaned
32.32,8.065000000000001,0.58,0.095,0.5605,575.9000000000001,0.3,48.6,37.71,1.26,cleaned
26.56,8.17,3.16,0.06,0.53,426.625,0.36,39.05,38.894999999999996,0.375,cleaned
31.175,8.125,1.4,,2.1799999999999997,289.92,0.405,25.130000000000003,33.78,1.11,cleaned
28.69,8.27,0.62,0.07150000000000001,0.7595000000000001,489.3,0.363,32.7,36.59,1.04,cleaned
32.08,8.094999999999999,1.02,0.06,0.849,465.85,0.4605,37.614999999999995,38.35,0.94,cleaned
20.13,8.18,2.56,0.024,1.2255,730.835,0.372,59.17,24.905,0.42,cleaned
24.866500000000002,8.135000000000002,3.65,0.29900000000000004,9.933,652.8499999999999,0.388,53.8,21.645,0.435,cleaned
20.18,8.225000000000001,5.7,0.086,1.3904999999999998,899.55,0.589,74.16499999999999,32.08,9.885,cleaned
19.645,8.175,5.7,0.03,2.01,786.665,0.635,51.0,28.6,4.915,cleaned
19.1,8.105,2.38,0.07,2.79,813.0415,0.33999999999999997,60.955,40.2,0.34,cleaned
21.965000000000003,8.125,1.18,0.062,2.2575000000000003,390.3,0.243,31.905,37.135000000000005,0.33,cleaned
25.54,8.145,7.11,0.005,2.325,827.875,0.5,56.005,25.155,3.9599999999999995,cleaned
24.189999999999998,8.155000000000001,1.9,0.2815,3.132,361.55,0.4215,30.1,29.495,0.355,cleaned
23.53,8.135000000000002,6.29,0.005,2.49,809.085,0.555,61.91,25.455,4.965,cleaned
25.8005,8.2,0.89,0.182,11.724,481.7,0.257,44.338499999999996,23.69,0.25,cleaned
25.21,8.175,2.55,0.1035,6.2425,745.45,0.24,54.0,34.37,0.38999999999999996,cleaned
25.875,8.13,7.72,0.07,4.27,729.75,0.41,67.69,35.760000000000005,0.71,cleaned
25.105,8.35,2.0,0.038000000000000006,4.125,735.9,0.796,56.2,27.33,1.405,cleaned
24.405,8.32,1.45,0.048,0.5934999999999999,641.15,0.3805,65.11500000000001,28.44,0.125,cleaned
24.028,8.07,1.68,0.06,3.115,773.4165,0.245,61.07,40.82,0.19000000000000003,cleaned
27.005000000000003,8.315000000000001,1.66,0.047,3.6665,702.05,0.3155,55.12,33.65,0.285,cleaned
29.15,8.33,1.51,0.0305,2.5985,751.78,0.3365,70.12,35.19,0.325,cleaned
30.125,8.31,1.22,,,580.8499999999999,0.2995,47.15,31.605,0.77,cleaned
28.979999999999997,8.28,1.64,0.109,5.6055,919.6,0.272,37.935,40.915,0.715,cleaned
25.939999999999998,8.29,1.85,0.05,2.23,749.3335,0.295,63.335,43.504999999999995,0.4000000000000001,cleaned
28.192500000000003,8.28,5.73,0.060000000000000005,2.3449999999999998,822.875,0.35,55.99,37.47,0.82,cleaned
30.810000000000002,8.21,3.0,0.035,1.3250000000000002,611.3335,0.36,63.81,43.14,3.2900000000000005,cleaned
30.19,8.17,4.29,0.001,0.23600000000000002,1067.5,0.5725,104.4045,40.885000000000005,8.19,cleaned
33.775000000000006,8.165,1.48,0.038,4.5205,643.2,0.33,50.7,37.715,0.66,cleaned
31.16,8.2415,2.15,0.023,2.4895,1145.4165,0.346,38.716499999999996,37.175,2.27,cleaned
30.39,8.42,1.22,0.0035,1.543,586.625,0.2475,50.834999999999994,39.114999999999995,0.7200000000000001,cleaned
31.155,8.235,2.1,0.09,4.495,771.79,0.355,67.25,34.07,0.895,cleaned
32.95,8.25,1.27,0.215,2.065,941.665,0.215,77.22,44.325,0.315,cleaned
29.775,,2.11,0.03,1.5750000000000002,707.125,0.395,62.5,40.555,0.89,cleaned
31.955,8.18,1.64,0.035500000000000004,5.647,639.3499999999999,0.1875,58.7,33.175,1.25,cleaned
27.685000000000002,8.15,3.29,0.058499999999999996,4.329,717.125,0.3,62.619,37.04,0.555,cleaned
30.845,8.165,2.23,0.0265,1.4585,1057.9165,0.376,59.593,40.21,5.46,cleaned
31.175,8.25,2.66,0.0275,2.2445,841.65,0.3885,36.95,37.98,3.51,cleaned
26.43,8.2,6.05,0.03,1.06,777.1665,0.25,68.215,41.394999999999996,0.935,cleaned
30.465,7.995,6.23,0.02,0.44,869.17,0.645,63.34,33.345,11.24,cleaned
32.025,8.195,2.51,0.04,4.7075,752.0999999999999,0.3215,67.5,36.754999999999995,0.685,cleaned
20.34,8.08,7.41,0.024,0.16899999999999998,338.75,0.647,27.740000000000002,29.32,1.0350000000000001,cleaned
24.729999999999997,8.325,1.66,0.0125,,480.2,0.513,28.0,29.994999999999997,0.44999999999999996,cleaned
22.68,8.2,14.2,0.0195,0.46199999999999997,285.3,0.7995,21.665,33.23,3.39,cleaned
22.72,8.024999999999999,28.1,0.04,1.84,394.21000000000004,1.1549999999999998,24.125,30.095,6.895,cleaned
20.53,8.12,8.3,0.015,0.265,365.75,0.545,23.57,34.37,1.2850000000000001,cleaned
24.71,8.0,16.0,0.1285,0.964,366.54999999999995,0.685,24.881,32.36,2.415,cleaned
24.7,8.085,5.94,0.0735,1.0145,739.3499999999999,0.968,53.45,30.18,4.3,cleaned
24.175,7.925,17.3,0.175,6.529999999999999,381.78999999999996,1.02,34.695,26.630000000000003,8.22,cleaned
24.417,8.3,9.8,0.0215,0.125,878.3,0.941,50.751999999999995,18.2,11.46,cleaned
25.064999999999998,8.42,1.83,0.027,0.271,441.9,0.425,23.4,40.235,0.645,cleaned
25.43,8.17,1.47,0.006,2.592,422.15,0.914,25.25,31.76,0.52,cleaned
24.81,8.07,14.3,0.174,2.068,333.4,0.8195,42.38,33.37,2.095,cleaned
24.15,8.2,6.12,,0.1,904.1665,0.565,70.83500000000001,39.7,0.57,cleaned
27.270000000000003,8.15,26.0,0.013,0.138,793.75,2.117,87.5,36.765,20.21,cleaned
28.58,8.47,2.25,,,854.55,0.891,62.25,32.23,4.595,cleaned
28.05,7.95,12.7,0.073,0.9115,735.54,0.784,40.834999999999994,37.05,2.235,cleaned
29.36,8.32,16.6,0.0315,0.224,904.6,1.5495,44.97,43.64,13.280000000000001,cleaned
26.83,8.09,9.12,0.03,0.345,288.542,0.615,28.925,37.97,1.12,cleaned
28.869,8.01,19.7,0.57,4.82,425.92,1.085,35.025000000000006,37.995,1.79,cleaned
31.77,8.1,16.2,0.35,2.33,434.83349999999996,0.745,41.31,39.76,2.355,cleaned
33.47,8.344999999999999,2.63,0.020999999999999998,0.095,313.25,0.495,16.4,37.87,0.63,cleaned
31.85,8.335,4.54,0.0045000000000000005,0.2355,423.29150000000004,0.443,13.76,38.495,0.93,cleaned
30.36,8.17,17.9,0.024,0.1665,321.9,0.7909999999999999,33.4525,37.64,8.065,cleaned
32.315,7.965,9.35,0.0445,2.5735,681.915,0.647,57.5,39.230000000000004,1.7700000000000002,cleaned
30.395,7.925,12.1,0.53,1.8849999999999998,322.875,0.685,31.89,35.655,6.75,cleaned
32.77,8.0,16.0,0.325,2.76,299.03999999999996,0.69,33.38,40.035,3.1199999999999997,cleaned
30.7,,12.9,0.045,0.595,243.9585,0.64,18.93,36.83,1.6900000000000002,cleaned
30.73,8.12,0.55,0.0495,0.806,387.0,0.3695,25.05,36.48,0.71,cleaned
31.795,8.11,1.54,0.142,2.8405,506.7,0.382,41.7,37.685,1.025,cleaned
31.270000000000003,8.285,2.5,0.058,0.5785,342.125,0.424,15.704,40.07,0.8450000000000001,cleaned
29.25,8.05,14.4,0.0035,0.149,927.5,1.486,105.0,37.965,22.61,cleaned
27.65,8.15,10.4,0.06,0.93,410.625,0.685,41.425,35.614999999999995,3.5,cleaned
30.034999999999997,7.75,7.6,,18.425,348.0,0.75,43.9,33.585,4.805,cleaned
31.165,8.004999999999999,11.1,0.1295,3.7670000000000003,434.4,0.721,43.69,37.46,3.485,cleaned
20.235,7.92,9.98,0.0235,0.35750000000000004,312.96000000000004,0.6930000000000001,24.285,29.0,1.5249999999999997,cleaned
23.37,8.105,15.0,0.048,,356.65,0.673,27.5,30.494999999999997,3.515,cleaned
20.020000000000003,8.04,12.8,0.0055,0.1845,412.0,1.1185,33.455,32.965,8.25,cleaned
20.244999999999997,7.915,23.5,0.1,1.315,383.045,1.17,23.240000000000002,29.535,7.400000000000001,cleaned
18.39,7.955,17.1,0.07500000000000001,0.435,373.917,0.735,29.285,33.985,3.115,cleaned
22.96,7.95,39.4,0.14250000000000002,0.605,327.0,1.6935,31.429,33.165,5.915,cleaned
25.69,8.024999999999999,22.1,0.405,3.8449999999999998,439.71000000000004,1.5550000000000002,33.040000000000006,26.634999999999998,23.575,cleaned
24.1,7.98,28.1,0.059500000000000004,0.483,603.8,1.694,55.95,31.605,10.125,cleaned
23.515,7.93,25.4,0.13,4.800000000000001,369.5,1.115,31.195,26.799999999999997,9.07,cleaned
25.520000000000003,8.01,39.0,0.1205,0.2015,295.55,1.268,27.6265,30.9,11.660000000000002,cleaned
24.55,8.094999999999999,8.07,0.013999999999999999,0.040499999999999994,292.25,0.5805,17.75,37.39,2.21,cleaned
25.66,7.76,58.3,0.36,1.46,338.25,1.59,47.23,33.275,8.55,cleaned
24.71,8.035,12.5,0.07100000000000001,0.3045,351.20000000000005,1.23,24.9,31.535,2.32,cleaned
24.23,7.91,29.7,0.226,1.7635,297.5,1.1545,37.975,33.44,5.199999999999999,cleaned
25.194000000000003,7.96,16.9,0.03,0.04,351.5,0.86,27.5,36.05,3.095,cleaned
23.22,8.13,41.2,0.0315,0.22849999999999998,369.8,1.4965000000000002,39.765,35.19,8.37,cleaned
29.48,8.0,44.3,0.5315000000000001,1.3715000000000002,379.28,1.537,46.07,35.695,9.735,cleaned
28.509999999999998,8.3,43.1,0.1215,0.6154999999999999,537.8,1.866,26.43,42.14,12.63,cleaned
26.495,7.93,51.9,0.025,0.175,191.29149999999998,0.735,29.884999999999998,37.14,2.255,cleaned
28.3555,7.91,11.8,0.525,2.435,402.28999999999996,0.925,33.065,37.19499999999999,3.7750000000000004,cleaned
28.075,8.28,22.2,,,645.5999999999999,1.6375000000000002,56.05,34.985,6.275000000000001,cleaned
30.674999999999997,7.91,24.6,0.45999999999999996,1.6749999999999998,292.125,0.84,37.015,34.235,5.91,cleaned
32.185,8.175,5.42,0.003,0.0775,212.10000000000002,0.7144999999999999,15.450000000000001,37.144999999999996,1.3500000000000003,cleaned
31.12,8.13,14.6,0.028999999999999998,0.159,325.29150000000004,0.8625,11.881499999999999,37.5,3.155,cleaned
29.985,8.01,10.3,0.0015,0.1325,217.0,0.747,22.9765,36.95,6.324999999999999,cleaned
30.185000000000002,8.04,13.2,0.0085,0.014,316.25,0.754,27.025,37.5,4.35,cleaned
30.665,7.97,11.1,0.41,2.37,219.04000000000002,0.765,24.775,36.065,3.98,cleaned
32.315,8.165,6.82,0.06,0.28500000000000003,212.4,0.495,18.67,38.82,1.8950000000000002,cleaned
30.185000000000002,,17.3,0.02,0.125,222.41649999999998,0.865,17.145,36.629999999999995,6.945,cleaned
29.545,8.205,35.1,0.3185,2.5545,819.7,1.2694999999999999,29.45,36.335,3.2999999999999994,cleaned
30.505000000000003,8.04,10.3,0.0905,1.2515,246.79149999999998,0.6815,16.1075,39.629999999999995,1.64,cleaned
27.47,7.825,29.2,0.428,10.0075,356.625,1.187,62.262,35.19,4.67,cleaned
27.46,8.01,9.83,0.01,0.245,347.04150000000004,0.735,28.81,34.32,11.165,cleaned
30.633,7.665,54.3,0.255,24.915,266.33500000000004,1.745,51.730000000000004,34.375,32.8,cleaned
31.045,7.92,13.2,0.4335,2.465,361.54999999999995,0.717,32.980000000000004,37.17,2.595,cleaned
23.11,8.06,8.84,0.0915,,341.20000000000005,0.5095000000000001,26.299999999999997,30.71,3.065,cleaned
24.485,8.09,4.38,0.0595,0.556,305.7,0.5315000000000001,18.9,36.400000000000006,1.8150000000000002,cleaned
25.455,7.925,83.1,0.04,0.17,298.75,1.61,53.68,34.004999999999995,8.025,cleaned
25.0,8.06,16.0,0.0635,0.263,348.54999999999995,1.431,24.05,31.43,3.095,cleaned
27.955,8.385000000000002,26.8,,,560.8,1.138,47.65,36.045,4.205,cleaned
32.45,8.19,5.54,0.052000000000000005,0.3935,185.8,0.6635,12.95,37.17,1.39,cleaned
29.64,8.1,56.3,0.287,5.2515,690.65,2.1215,29.15,37.17,4.56,cleaned
19.509999999999998,8.15,1.31,0.055,1.517,611.835,0.5005,52.144999999999996,29.54,0.18000000000000002,cleaned
25.538,8.22,1.64,0.121,4.5920000000000005,792.8499999999999,0.4595,60.3,23.195,3.01,cleaned
21.695,8.215,1.95,0.20400000000000001,4.991,437.55,0.46299999999999997,39.644999999999996,32.685,0.93,cleaned
20.9655,8.2,2.6,0.095,3.125,508.17,0.54,32.025,29.95,0.315,cleaned
20.23,8.19,1.67,0.06,2.08,705.375,0.415,51.43,38.57,0.265,cleaned
24.439999999999998,7.915,1.71,0.131,8.1345,391.45000000000005,0.40549999999999997,39.0475,34.975,0.815,cleaned
23.645,8.09,1.17,0.133,4.566000000000001,301.79999999999995,0.4965,28.700000000000003,32.82,0.29000000000000004,cleaned
23.625,8.07,6.11,,2.005,943.75,0.985,74.50999999999999,28.265,13.46,cleaned
24.180500000000002,8.2,1.09,0.1575,8.998000000000001,405.55,0.243,39.299499999999995,26.545,0.235,cleaned
25.525,8.235,2.96,0.0685,3.0535,692.0,0.23149999999999998,54.150000000000006,36.035,0.665,cleaned
23.935000000000002,8.32,1.48,0.0345,1.6955,609.15,0.4585,61.075,30.13,0.305,cleaned
25.515,8.46,0.88,0.029,1.0505,738.75,0.676,54.3,30.82,0.6999999999999998,cleaned
25.17,8.25,1.39,0.005,0.26,617.292,0.295,52.86,40.52,0.365,cleaned
27.21,8.26,1.85,0.0655,4.6915,528.45,0.3285,44.405,35.28,0.34,cleaned
30.785,8.4,0.84,,,476.35,0.199,42.849999999999994,35.629999999999995,0.8799999999999999,cleaned
29.465,8.305,1.63,0.018500000000000003,0.875,773.165,0.3655,70.48,38.155,1.0,cleaned
25.83,8.225000000000001,0.96,0.0615,2.0679999999999996,806.55,0.63,39.99,41.9,0.62,cleaned
27.355,8.455,1.58,0.06,1.165,629.917,0.31,59.165,40.515,0.67,cleaned
27.89,8.35,2.55,0.035,0.565,780.5,0.445,51.495000000000005,37.465,1.9249999999999998,cleaned
31.799999999999997,8.3,1.85,0.04,2.38,149.9125,0.275,52.025000000000006,42.94,0.465,cleaned
33.730000000000004,8.135,1.05,0.0245,3.5685000000000002,585.75,0.301,29.5,38.489999999999995,0.66,cleaned
30.744999999999997,8.18,1.43,0.0305,1.377,528.95,0.3055,47.976,39.260000000000005,0.53,cleaned
30.549999999999997,8.21,4.64,0.006,0.126,1457.0835,0.892,51.733,38.760000000000005,17.455,cleaned
31.355,8.25,2.24,0.017,2.7335000000000003,520.545,0.3835,47.14,40.765,1.055,cleaned
30.335,8.175,2.34,0.04,2.205,700.085,0.33,57.535,35.1,0.81,cleaned
33.335,8.274999999999999,0.95,0.24,1.69,1035.835,0.32,85.64500000000001,46.019999999999996,0.39999999999999997,cleaned
30.88,,0.47,0.02,0.78,479.0,0.345,41.07,37.08,0.9049999999999999,cleaned
32.26,8.065000000000001,1.86,0.0325,4.4125,778.6,0.2865,75.15,35.230000000000004,2.785,cleaned
28.435000000000002,8.08,3.01,0.0205,1.6675,812.42,0.44799999999999995,83.6905,39.065,3.2750000000000004,cleaned
30.84,8.16,3.85,0.013500000000000002,0.033,1022.0835,0.6034999999999999,60.596000000000004,41.364999999999995,13.399999999999999,cleaned
31.025,8.09,2.8,0.0445,2.527,699.05,0.493,56.599999999999994,39.629999999999995,0.9049999999999999,cleaned
26.825,8.215,1.92,0.03,1.4300000000000002,734.583,0.295,68.81,41.8,0.84,cleaned
30.105,8.094999999999999,1.66,0.05,1.9,669.705,0.37,55.644999999999996,35.91,1.315,cleaned
32.29,8.08,2.06,0.043,3.199,799.05,0.353,60.0,38.82,0.9250000000000002,cleaned
20.15,8.14,3.32,0.095,2.92,685.79,0.3365,58.93,19.99,0.395,cleaned
25.045,8.1,10.5,0.5694999999999999,14.988,606.8499999999999,0.4585,53.8,18.365000000000002,0.505,cleaned
20.725,8.2,2.78,0.17049999999999998,6.952500000000001,778.8499999999999,0.3805,62.025,29.765,0.41,cleaned
20.57,8.21,19.3,0.02,0.55,972.5,0.62,62.045,25.275,4.92,cleaned
18.75,8.0,2.2,0.095,8.33,813.6665,0.28500000000000003,65.235,38.1,0.21,cleaned
21.88,8.135,4.88,0.02,0.643,931.7,0.48350000000000004,79.5235,33.665000000000006,4.445,cleaned
25.275,8.155000000000001,6.85,0.14,6.995,754.75,0.435,55.575,21.335,2.565,cleaned
23.725,8.14,6.51,0.582,10.460999999999999,559.5,0.316,51.45,20.759999999999998,0.815,cleaned
23.369999999999997,8.205,18.7,0.025,3.19,867.5,0.615,61.144999999999996,21.740000000000002,6.16,cleaned
25.5855,8.175,5.51,0.2315,14.2815,591.95,0.328,50.426,16.75,0.665,cleaned
25.03,8.120000000000001,3.52,0.1085,7.688,850.85,0.28,52.599999999999994,30.255,0.48500000000000004,cleaned
24.64,8.3,7.58,0.026500000000000003,0.9504999999999999,751.0999999999999,0.749,56.55,23.35,0.68,cleaned
24.3,8.24,3.03,0.08499999999999999,0.5934999999999999,699.55,0.3945,70.0,25.1,0.31,cleaned
24.2935,8.125,2.4,0.10500000000000001,3.71,811.9165,0.22999999999999998,64.64500000000001,39.935,0.09500000000000001,cleaned
27.015,8.254999999999999,1.93,0.07700000000000001,3.3555,835.4,0.321,61.965,31.36,0.32499999999999996,cleaned
28.57,8.32,3.27,0.052,1.52,751.115,0.47850000000000004,67.14500000000001,28.490000000000002,0.415,cleaned
29.58,8.27,2.63,,,656.7,0.41500000000000004,55.35,25.435000000000002,0.32,cleaned
28.485,8.13,2.96,0.1335,8.0775,1011.25,0.35050000000000003,48.97,36.769999999999996,0.535,cleaned
25.505,8.105,1.97,0.06,2.8,1105.833,0.29000000000000004,83.695,47.705,0.34,cleaned
28.6645,8.18,3.53,0.11499999999999999,11.715,993.75,0.325,74.705,36.355000000000004,0.25,cleaned
31.12,8.14,3.01,0.165,8.11,951.667,0.28,83.81,43.28,0.45999999999999996,cleaned
29.64,8.1,2.08,0.0355,3.1574999999999998,1069.15,0.252,84.881,41.995000000000005,0.615,cleaned
33.394999999999996,8.06,3.43,0.148,9.9515,871.25,0.3045,75.95,35.13,0.68,cleaned
31.490000000000002,8.09,3.23,0.113,6.3004999999999995,969.5835,0.26949999999999996,39.8405,33.225,0.735,cleaned
30.005000000000003,8.235,2.31,0.127,3.7800000000000002,684.295,0.2505,58.81,33.239999999999995,0.41,cleaned
30.15,8.03,3.68,0.14500000000000002,10.21,1055.0,0.34,91.735,33.625,2.1,cleaned
32.22,7.955,1.96,0.19,6.115,970.42,0.19,76.62,41.025,0.405,cleaned
29.41,,3.4,0.06,1.1349999999999998,998.75,0.32,77.5,42.315,0.625,cleaned
30.985,8.02,2.37,0.126,9.6385,775.5999999999999,0.27749999999999997,68.95,27.86,0.395,cleaned
27.83,8.035,5.68,0.058499999999999996,6.0865,982.085,0.325,79.2855,34.36,0.23500000000000001,cleaned
30.225,8.085,2.18,0.122,3.526,1092.5,0.2575,42.7175,37.864999999999995,0.7200000000000001,cleaned
31.265,8.1,4.5,0.019000000000000003,1.18,1052.0,0.4975,50.05,33.74,4.395,cleaned
26.325,8.2,3.86,0.05,1.9049999999999998,948.3335,0.325,80.595,39.209999999999994,1.585,cleaned
29.91,7.93,15.8,,0.43,1009.585,0.78,76.015,28.52,15.854999999999999,cleaned
31.415,8.094999999999999,2.51,0.1135,9.4225,815.8499999999999,0.3215,69.285,32.04,0.5249999999999999,cleaned
24.37,8.32,14.3,0.010499999999999999,0.35850000000000004,951.25,1.13,93.0,21.85,17.705,cleaned
23.82,7.86,22.3,0.11449999999999999,1.045,1772.0,2.774,148.05,35.51,34.27,cleaned
24.67,7.98,20.3,0.3305,18.4485,2729.0,5.595,310.25,,41.655,cleaned
28.22,8.07,28.2,,,1370.5,2.592,161.9,30.26,27.685000000000002,cleaned
32.81,8.1,78.9,0.04,7.0545,5677.0,5.5115,346.0,20.88,40.37,cleaned
30.38,7.84,42.8,,0.4465,2731.5,4.2364999999999995,168.9,29.59,44.81,cleaned
30.36,7.92,34.6,0.0925,0.3835,1541.5,2.365,196.7,30.98,36.755,cleaned
19.48,8.14,1.37,0.07550000000000001,3.6395,769.46,0.392,68.81,22.86,0.22999999999999998,cleaned
24.927,8.2,5.5,0.2385,7.8205,840.45,0.5780000000000001,60.5,19.5,4.335,cleaned
22.43,8.07,2.51,0.5755,16.205,810.55,0.47550000000000003,78.215,31.745,2.15,cleaned
20.348,8.1,17.3,0.02,0.325,1092.5,1.065,73.72,28.705,25.115,cleaned
19.325,8.0,1.24,0.125,7.125,878.333,0.36,67.975,39.519999999999996,0.53,cleaned
24.619999999999997,7.945,4.01,0.175,11.631,746.6,0.5055000000000001,61.9045,35.155,3.105,cleaned
23.424999999999997,8.05,13.2,,2.4299999999999997,1113.75,1.005,86.58,23.520000000000003,16.96,cleaned
24.0995,8.21,2.1,0.161,9.9165,553.2,0.23950000000000002,47.69,17.525,0.595,cleaned
25.205,8.165,1.47,0.122,8.68,936.65,0.2955,63.7,33.73,0.54,cleaned
25.994999999999997,7.945,2.52,0.06,1.11,935.0,0.55,80.3,34.675,4.595,cleaned
23.775,8.225000000000001,1.83,0.072,4.044499999999999,722.85,0.4435,75.475,28.625,0.38999999999999996,cleaned
25.19,8.28,2.55,0.131,3.2809999999999997,842.5,0.929,65.1,26.2,1.93,cleaned
24.865000000000002,8.11,1.72,0.045,2.455,923.3335,0.33,76.905,40.545,0.38999999999999996,cleaned
27.314999999999998,8.205,1.85,0.2395,10.356,820.9000000000001,0.3715,70.71,33.97,0.345,cleaned
30.075,8.2,1.13,,,678.45,0.426,59.3,26.975,0.715,cleaned
29.595,8.16,4.02,0.066,7.117,818.335,0.435,82.025,34.47,0.745,cleaned
28.525,8.105,2.84,0.1325,5.188000000000001,986.7,0.24,44.705,38.415,0.52,cleaned
27.14,8.08,1.72,0.07,2.825,691.4165,0.36,57.980000000000004,43.11,0.41500000000000004,cleaned
28.208,8.235,7.97,0.05,1.94,875.0,0.51,68.00999999999999,38.81,0.815,cleaned
31.805,8.09,2.62,0.08,7.695,1031.25,0.335,88.57,44.114999999999995,0.455,cleaned
33.35,8.16,2.62,0.0445,2.543,885.8,0.623,63.8,36.08,5.11,cleaned
30.615000000000002,8.065000000000001,5.42,0.0215,0.189,1100.4,0.762,108.93,41.485,8.345,cleaned
30.990000000000002,8.23,3.67,0.005,0.278,1375.8335,0.5445,46.521,34.974999999999994,7.19,cleaned
31.815,8.155000000000001,1.77,0.063,7.014,773.42,0.368,67.25999999999999,34.57,0.9199999999999999,cleaned
30.25,8.260000000000002,10.9,0.2,1.81,825.205,0.565,76.52,31.98,7.294999999999999,cleaned
32.935,8.19,0.96,0.16,2.855,1076.665,0.265,86.95,42.7,0.345,cleaned
30.73,,3.2,0.06,4.3149999999999995,718.375,0.475,75.0,37.629999999999995,1.585,cleaned
31.560000000000002,8.004999999999999,3.58,0.039,7.218,882.95,0.326,85.80000000000001,31.035,6.495,cleaned
28.525,8.12,2.81,0.038,4.5915,910.415,0.34450000000000003,74.286,36.644999999999996,0.415,cleaned
30.35,8.08,3.11,0.0485,3.0475000000000003,1000.833,0.6525000000000001,64.5355,39.265,6.47,cleaned
31.355,8.04,6.97,0.0315,0.4625,1080.0,0.8545,43.849999999999994,34.585,14.07,cleaned
26.884999999999998,8.13,3.93,0.045,2.9850000000000003,834.5,0.33,77.74,40.165,1.265,cleaned
29.94,7.385,11.4,,24.439999999999998,1274.585,1.73,111.50999999999999,29.314999999999998,36.625,cleaned
31.48,7.985,2.39,0.0775,11.131,754.9,0.302,62.144999999999996,34.0,0.64,cleaned
23.835,8.12,2.64,0.001,,368.6,0.3195,26.549999999999997,30.805,0.49,cleaned
23.93,8.165,4.01,0.004,0.012,267.05,0.38,20.85,39.105000000000004,1.5899999999999999,cleaned
24.23,8.16,1.86,0.0075,0.365,,,,32.26,0.3,cleaned
27.31,8.36,4.75,,,706.15,0.87,53.2,36.24,5.07,cleaned
32.57,8.36,4.86,0.0335,0.6595,328.0,0.605,21.4,37.805,1.7299999999999998,cleaned
29.49,8.26,2.37,0.0135,0.73,807.2,0.484,27.9,37.47,0.735,cleaned
20.0,8.25,7.9,0.116,1.2365,656.96,0.46199999999999997,51.785,2.69,1.005,cleaned
21.535,8.115,4.75,0.1225,1.2525,598.3,0.6285000000000001,39.165,13.06,0.655,cleaned
23.825,8.44,7.64,0.293,2.7515,532.45,0.305,44.05,1.55,1.6450000000000002,cleaned
21.604999999999997,8.13,16.7,0.015,1.3,681.83,0.615,39.4,22.915,3.83,cleaned
19.240000000000002,7.975,3.7,0.245,2.97,713.75,0.31,49.525,37.58,0.36000000000000004,cleaned
22.46,8.07,4.49,0.1605,2.653,615.6,0.406,43.214,25.875,0.66,cleaned
25.759999999999998,7.845,10.2,0.22999999999999998,4.625,735.75,0.44,49.565,14.885,1.6000000000000003,cleaned
23.130000000000003,8.254999999999999,9.38,0.44499999999999995,1.94,785.04,0.45,51.995,3.9850000000000003,3.15,cleaned
24.02,8.2,7.09,0.1405,1.667,624.95,0.377,41.75,18.155,0.64,cleaned
24.6905,8.315000000000001,8.24,0.244,2.5355,466.1,0.575,28.575499999999998,1.135,0.75,cleaned
25.8765,8.01,2.41,0.109,2.356,632.25,0.358,43.1,27.645,0.41,cleaned
26.005,7.970000000000001,14.9,0.17,3.985,659.71,0.375,55.81,31.945,1.165,cleaned
26.39,8.17,11.9,0.104,0.5934999999999999,537.45,0.4265,55.480000000000004,20.965,0.61,cleaned
24.325,7.984999999999999,8.01,0.16999999999999998,3.5549999999999997,733.083,0.4,59.405,29.25,0.4749999999999999,cleaned
26.15,8.325,19.8,0.1255,4.1114999999999995,584.75,1.0705,49.3,12.945,2.125,cleaned
27.095,8.19,15.2,0.315,3.6265,553.5999999999999,0.39,45.0,29.38,0.505,cleaned
28.465,8.14,14.1,0.097,4.4895,1000.0,0.5515000000000001,70.475,21.54,3.73,cleaned
30.235,8.195,8.73,,,491.15,0.437,44.15,25.59,0.87,cleaned
28.634999999999998,8.105,4.15,0.149,4.454000000000001,859.15,0.3695,35.715,31.634999999999998,0.705,cleaned
25.21,7.91,6.58,0.17,3.335,722.583,0.29000000000000004,55.115,41.894999999999996,0.4000000000000001,cleaned
28.0615,8.190000000000001,6.19,0.15000000000000002,3.625,808.21,0.5,47.87,29.7,0.27,cleaned
30.310000000000002,8.085,4.76,0.06,1.55,655.7915,0.24,49.17,40.975,0.63,cleaned
29.575,7.93,3.13,0.0305,0.9430000000000001,697.6500000000001,0.315,51.786,33.004999999999995,1.025,cleaned
32.625,8.18,6.76,0.316,6.458,803.7,0.486,50.95,14.114999999999998,2.15,cleaned
30.78,8.15,4.39,0.003,0.4415,704.7085,0.328,20.535,28.855,0.68,cleaned
29.815,8.1,8.11,0.1365,5.3215,764.25,0.4175,60.235,29.03,0.505,cleaned
29.619999999999997,8.195,9.99,0.72,10.945,977.92,0.445,72.735,5.029999999999999,1.43,cleaned
31.630000000000003,8.094999999999999,7.91,0.62,13.52,1034.165,0.625,71.86000000000001,13.004999999999999,1.055,cleaned
29.705,,5.46,0.22,4.529999999999999,892.5,0.335,59.29,13.295,1.255,cleaned
26.979999999999997,8.1,7.91,0.3625,4.618499999999999,802.875,0.616,59.762,13.065,1.45,cleaned
30.765,7.95,11.9,0.065,1.6355,741.1665,0.4905,36.4555,27.104999999999997,7.105,cleaned
26.310000000000002,7.984999999999999,6.97,0.14500000000000002,2.455,835.4165,0.315,60.475,20.509999999999998,1.025,cleaned
29.314999999999998,7.869999999999999,6.89,0.08,6.675,685.5,0.51,47.265,11.745,3.4500000000000006,cleaned
29.36,8.18,5.65,0.132,1.214,904.2,0.505,46.2,7.555,1.93,cleaned
30.89,8.075,9.2,0.2015,5.3335,759.8499999999999,0.426,56.665,14.09,1.8999999999999997,cleaned
20.33,7.98,6.95,0.0245,0.651,327.795,0.614,25.955,29.18,1.46,cleaned
24.560000000000002,8.51,0.51,0.002,,425.0,0.312,29.9,30.58,0.515,cleaned
20.365000000000002,8.155000000000001,3.96,0.0135,0.3155,335.15,0.429,25.48,33.54,0.9,cleaned
23.31,8.27,2.91,,0.565,396.83500000000004,0.58,22.490000000000002,29.98,0.29000000000000004,cleaned
18.53,8.1,5.22,0.025,0.525,346.125,0.38,22.38,34.49,1.33,cleaned
22.98,8.26,4.05,0.0055,0.431,300.7,0.537,20.357,34.18,3.14,cleaned
23.71,8.375,2.9,0.014,0.0495,808.5,1.0365,64.05,27.465,11.63,cleaned
24.88,8.25,2.54,0.09,2.92,382.41499999999996,0.555,28.97,27.29,1.485,cleaned
26.871,8.24,4.73,0.074,1.7405,518.2,0.893,41.1025,26.35,3.985,cleaned
23.79,8.485,1.48,0.010499999999999999,0.232,300.4,0.41400000000000003,24.7,40.41,3.0700000000000003,cleaned
24.51,8.68,0.49,0.0085,0.31000000000000005,501.1,0.8285,31.1,32.14,0.205,cleaned
24.9,8.51,4.13,0.039,0.455,486.7,0.4465,52.855000000000004,34.0,0.29000000000000004,cleaned
24.597,8.184999999999999,5.62,0.02,0.7949999999999999,501.83349999999996,0.535,41.43,38.905,0.38999999999999996,cleaned
21.72,8.37,3.04,0.011,0.4155,462.04999999999995,0.4655,31.785,36.59,0.665,cleaned
30.560000000000002,8.254999999999999,2.51,0.026000000000000002,0.5625,599.115,0.5255000000000001,51.665000000000006,39.45,0.785,cleaned
28.475,8.325,7.25,0.0225,0.21100000000000002,979.2,0.7355,41.785,43.224999999999994,7.989999999999999,cleaned
27.13,8.22,4.89,0.02,0.445,375.667,0.505,36.43,38.87,0.635,cleaned
29.1825,8.165,4.08,0.165,1.71,526.5,0.66,43.59,40.120000000000005,0.695,cleaned
28.03,8.73,0.83,,,770.45,0.3875,56.8,33.21,0.49,cleaned
31.72,8.02,4.02,0.04,1.245,540.6665,0.565,50.28,40.25,2.885,cleaned
32.855000000000004,8.47,0.92,,0.39049999999999996,404.5,0.4895,82.3,37.974999999999994,0.8649999999999999,cleaned
31.325,8.205,2.98,0.011,1.0415,646.2915,0.45299999999999996,24.883499999999998,40.364999999999995,1.45,cleaned
28.81,8.12,9.89,,0.1565,342.7,0.6890000000000001,40.357,37.0,8.1,cleaned
30.705,8.094999999999999,2.17,0.010499999999999999,0.3145,721.795,0.5980000000000001,63.095,40.135000000000005,1.385,cleaned
30.77,8.035,2.46,0.045,1.295,412.795,0.515,38.379999999999995,35.315,1.315,cleaned
33.99,8.11,1.45,0.13,2.005,438.25,0.38,39.16,41.49,0.8850000000000001,cleaned
29.8,,2.54,0.02,1.37,370.04150000000004,0.445,25.715,37.01,0.94,cleaned
29.9,8.26,0.85,0.025500000000000002,0.796,676.25,0.418,29.65,36.53,1.145,cleaned
31.895,8.355,1.69,0.046,2.0755,763.05,0.4375,68.0,37.875,4.635,cleaned
31.11,8.38,5.5,0.0155,0.185,456.75,0.569,23.1825,40.245000000000005,12.505,cleaned
28.055,7.92,13.5,0.017,0.1995,831.79,1.604,125.5955,37.025,33.55,cleaned
26.445,7.95,3.7,0.035,1.055,449.41650000000004,0.49,42.14,36.355000000000004,1.345,cleaned
30.08,7.8,7.64,,23.8,306.41499999999996,0.575,45.955,33.66,2.525,cleaned
31.314999999999998,7.945,4.11,0.0215,1.9725000000000001,485.20000000000005,0.47,40.835,37.74,2.395,cleaned
24.76,8.43,1.38,0.022,,423.2,0.277,27.0,30.73,0.305,cleaned
23.905,8.434999999999999,1.05,0.051,0.48350000000000004,274.8,0.348,21.1,39.965,1.7749999999999997,cleaned
24.79,8.47,0.99,0.0135,0.3345,430.75,0.8574999999999999,25.799999999999997,32.22,0.20000000000000004,cleaned
28.165,8.594999999999999,4.53,,,961.25,1.3940000000000001,76.55000000000001,34.215,14.46,cleaned
32.69,8.445,0.83,0.003,0.2625,310.75,0.49850000000000005,25.6,37.81,0.4749999999999999,cleaned
29.564999999999998,8.19,1.07,0.0225,0.8205,737.5,0.398,26.25,37.49,0.9550000000000001,cleaned
20.575,7.76,14.2,0.023,1.126,331.58,0.6875,29.645,28.285,1.42,cleaned
24.634999999999998,8.535,0.34,0.007,,420.65,0.2855,27.5,30.595,0.33,cleaned
19.96,8.165,4.2,0.0225,0.481,352.0,0.443,23.93,33.785,0.695,cleaned
22.375,8.145,2.71,0.01,1.01,359.045,0.645,20.055,30.275,0.785,cleaned
19.759999999999998,8.09,10.5,0.02,0.845,333.70849999999996,0.46499999999999997,23.810000000000002,34.565,1.72,cleaned
22.665,8.254999999999999,4.29,0.0075,0.3315,299.5,0.5565,20.714,34.51,5.650000000000001,cleaned
25.655,8.01,8.01,0.08,2.99,447.66499999999996,0.905,34.614999999999995,27.985,9.71,cleaned
23.925,8.23,4.24,0.0115,0.1335,798.45,1.21,69.9,28.12,15.0,cleaned
24.29,8.16,5.45,0.17,2.68,365.91499999999996,0.75,31.54,27.31,8.219999999999999,cleaned
26.67,8.28,15.2,0.0815,0.243,439.2,0.875,36.090500000000006,27.93,11.865,cleaned
23.950000000000003,8.45,0.62,0.026,0.21800000000000003,312.2,0.3165,21.6,40.46,1.22,cleaned
26.525,7.92,22.7,0.15,5.17,383.67,1.07,49.34,33.385,4.56,cleaned
24.625,8.51,0.45,0.014,0.22699999999999998,445.05,0.866,27.1,32.05,0.155,cleaned
24.88,8.27,5.07,0.0665,0.367,375.45,0.4385,39.644999999999996,33.385000000000005,0.6,cleaned
25.075000000000003,8.25,7.97,0.02,0.215,421.0,0.655,33.93,38.215,0.595,cleaned
22.175,8.405000000000001,3.5,0.031,0.3345,410.6,0.426,28.924999999999997,36.3,0.525,cleaned
30.045,8.395,2.91,0.036500000000000005,0.28700000000000003,456.95,0.5335000000000001,38.215,37.25,0.635,cleaned
28.075,8.42,8.72,0.022,0.187,1225.0,1.057,41.43,43.045,14.545,cleaned
26.825,8.165,5.75,0.05,0.51,291.917,0.495,28.335,36.8,0.7600000000000001,cleaned
28.6635,8.24,5.06,0.14500000000000002,1.0550000000000002,401.75,0.685,29.045,38.644999999999996,0.765,cleaned
28.34,8.705,0.56,,,760.3,0.352,53.25,33.1,0.395,cleaned
31.2,8.05,11.9,0.1,4.27,416.542,0.74,38.93,39.345,2.7449999999999997,cleaned
32.85,8.45,0.64,0.0405,0.4495,333.9,0.4585,53.25,37.74,0.55,cleaned
31.045,8.285,1.92,0.0205,0.8925,515.1665,0.388,18.135,39.14,1.28,cleaned
28.835,7.76,15.3,0.0225,0.6395,251.9,0.632,36.071,35.56,10.64,cleaned
30.195,8.16,3.51,0.043,0.9279999999999999,1084.165,0.533,51.905,38.65,1.3549999999999998,cleaned
30.66,8.145,2.68,0.07,0.895,342.71000000000004,0.435,30.104999999999997,35.43,0.975,cleaned
32.665,8.055,1.68,0.26,2.1550000000000002,323.58500000000004,0.365,31.69,40.2,0.87,cleaned
30.185000000000002,,,0.09,2.565,258.292,0.855,25.71,37.535,6.544999999999999,cleaned
29.6,8.17,1.71,0.0185,0.8140000000000001,911.65,0.4585,34.1,36.0,0.94,cleaned
31.865000000000002,8.19,0.88,0.0595,1.232,642.0999999999999,0.331,56.650000000000006,37.95,2.005,cleaned
31.26,8.445,3.99,0.044,0.299,462.208,0.4895,22.492,40.04,6.185,cleaned
27.965,7.87,16.8,0.051000000000000004,2.6435,590.0,1.2854999999999999,79.524,37.415,15.155000000000001,cleaned
26.475,8.02,14.7,0.1,4.005,413.708,0.585,48.575,36.925,1.755,cleaned
31.0685,7.84,2.51,,21.59,296.92,0.56,40.25,33.995000000000005,1.62,cleaned
31.86,8.135,3.51,0.040999999999999995,1.939,459.3,0.47050000000000003,39.045,37.894999999999996,1.6000000000000003,cleaned
20.205,8.07,1.98,0.117,1.858,451.75,0.398,38.81,28.415,0.385,cleaned
24.0,8.23,1.65,0.2215,5.106,313.0,0.20350000000000001,31.549999999999997,27.564999999999998,0.33499999999999996,cleaned
20.45,8.205,4.14,0.025,0.841,698.7,0.371,54.045,33.0,2.945,cleaned
19.57,8.15,4.43,0.12,2.37,583.205,0.5449999999999999,38.715,29.119999999999997,1.5750000000000002,cleaned
18.82,8.06,1.69,0.16,2.685,366.41650000000004,0.24,30.950000000000003,38.905,0.30000000000000004,cleaned
22.715,8.05,1.91,0.063,1.637,687.75,0.30500000000000005,54.2855,37.885000000000005,1.05,cleaned
25.755000000000003,8.05,4.37,0.135,3.4749999999999996,292.41499999999996,0.305,28.485,33.67,0.665,cleaned
23.715,8.04,3.94,0.1,4.46,408.71000000000004,0.33,36.120000000000005,31.71,0.57,cleaned
21.28,8.09,1.98,0.2025,1.6320000000000001,249.15,0.5105,18.950000000000003,33.93,0.31000000000000005,cleaned
25.3825,8.059999999999999,1.53,0.1985,6.8065,254.89999999999998,0.3125,33.8095,31.66,0.33499999999999996,cleaned
24.8465,7.94,0.93,0.1485,1.751,177.35,0.19,54.3,35.185,0.305,cleaned
23.990000000000002,8.225000000000001,1.25,0.0275,0.205,148.10000000000002,0.1775,21.07,36.55,0.215,cleaned
24.7275,8.14,1.22,0.03,0.965,217.5,0.21500000000000002,20.355,39.8,0.215,cleaned
25.87,8.25,1.06,0.0835,1.127,190.25,0.196,16.55,36.44,0.285,cleaned
26.94,8.26,3.86,0.07,1.8639999999999999,537.8,0.8865000000000001,41.1,30.17,0.7399999999999999,cleaned
29.17,8.315000000000001,1.34,0.053500000000000006,1.617,352.28,0.218,30.235,37.974999999999994,0.28,cleaned
30.07,8.145,2.26,,,147.5,0.189,15.45,37.97,0.34,cleaned
29.125,8.22,1.18,0.051000000000000004,2.6885,189.15,0.26549999999999996,10.945,38.92,0.47,cleaned
26.630000000000003,8.190000000000001,2.58,0.060000000000000005,1.44,571.3335,0.29,50.475,41.18,0.53,cleaned
27.807,8.2,1.77,0.08,2.045,387.295,0.225,26.27,37.575,0.22,cleaned
30.38,8.175,1.84,0.09,2.01,150.75,0.20500000000000002,14.645,38.125,0.355,cleaned
31.655,8.16,6.06,0.026000000000000002,0.20049999999999998,1015.8330000000001,0.8445,41.466,38.11,14.435,cleaned
30.795,8.115,2.72,0.004,0.21250000000000002,727.15,0.5735,67.4405,41.605000000000004,3.1,cleaned
32.94,8.024999999999999,1.95,0.3105,7.957,459.54999999999995,0.34750000000000003,31.3,40.785,1.12,cleaned
30.14,8.19,1.3,0.0655,1.431,170.92,0.20450000000000002,14.17,37.44,0.3499999999999999,cleaned
30.685000000000002,8.254999999999999,2.12,0.13,2.59,618.665,0.355,50.745000000000005,34.685,0.89,cleaned
32.765,8.19,1.31,0.14500000000000002,1.9049999999999998,564.29,0.195,46.879999999999995,41.725,0.765,cleaned
30.68,,2.06,0.02,0.38,773.2085,0.405,68.93,43.11,2.225,cleaned
32.055,8.135000000000002,2.24,0.0235,1.249,833.917,0.426,38.902,41.16,4.67,cleaned
27.604999999999997,8.12,3.21,0.103,3.7585,193.5,0.254,17.619,33.400000000000006,0.215,cleaned
31.575,7.96,2.69,0.4155,5.089,237.89999999999998,0.1385,25.15,36.19,0.56,cleaned
26.625,8.024999999999999,1.18,0.14,1.775,124.292,0.21,12.260000000000002,36.09,0.32,cleaned
30.78,7.9350000000000005,2.34,,5.98,499.0,0.27,43.175,35.085,0.98,cleaned
28.965,8.3,2.09,0.068,2.2794999999999996,473.45,0.2895,31.549999999999997,35.945,0.805,cleaned
31.705,8.16,1.15,0.0775,3.259,389.45000000000005,0.2535,36.785,38.004999999999995,1.92,cleaned
25.965,8.1,3.54,0.1,2.31,466.83,0.31,42.71,35.285,0.585,cleaned
20.62,8.21,4.81,0.328,2.042,593.0,0.34099999999999997,45.475,9.34,0.745,cleaned
21.924999999999997,8.260000000000002,6.43,0.1495,3.199,696.65,0.3775,49.525000000000006,19.735,0.505,cleaned
23.59,8.135000000000002,13.1,0.9404999999999999,5.9825,545.9,0.3795,47.65,6.58,1.3950000000000002,cleaned
21.314999999999998,8.195,10.6,0.6,9.54,758.21,0.335,54.03,15.815000000000001,0.25,cleaned
19.02,8.01,2.22,0.26,4.395,813.375,0.30000000000000004,57.5,32.26,0.21,cleaned
22.355,8.165,6.43,0.0665,2.935,870.0,0.2485,54.0475,22.225,0.4749999999999999,cleaned
25.22,8.09,13.0,0.5349999999999999,3.88,815.5,0.45999999999999996,49.94,9.870000000000001,2.8250000000000006,cleaned
23.93,8.094999999999999,8.91,0.45999999999999996,2.495,797.21,0.51,48.375,13.875,2.52,cleaned
23.28,8.155000000000001,12.2,0.474,6.555,713.3,0.4305,49.4,14.26,1.125,cleaned
25.097,8.08,9.57,0.8585,12.834,619.8,0.6125,42.6535,3.39,2.8349999999999995,cleaned
24.697499999999998,8.0,8.51,0.174,8.1595,923.75,0.41000000000000003,62.3,23.615000000000002,0.87,cleaned
26.455,8.15,7.33,0.155,2.955,816.25,0.29000000000000004,63.175,22.855,0.49499999999999994,cleaned
24.54,8.3,10.2,0.2905,2.0,657.55,0.40800000000000003,63.45,13.83,0.455,cleaned
24.549999999999997,8.16,3.66,0.08,0.955,808.4165,0.29500000000000004,60.0,29.29,0.17,cleaned
24.65,8.27,17.3,0.262,1.759,659.35,0.9035,48.9,8.68,1.31,cleaned
26.405,8.17,14.3,0.319,10.878,685.8,0.3745,58.575,21.0865,0.61,cleaned
28.675,8.315000000000001,4.92,0.028,0.5854999999999999,793.585,0.4105,59.644999999999996,19.345,0.535,cleaned
29.865000000000002,8.195,20.5,,,580.7,0.5345,57.5,14.81,1.0350000000000001,cleaned
27.97,8.05,10.5,0.447,9.2625,966.65,0.483,42.085,29.19,0.41,cleaned
25.28,8.03,4.7,0.11,1.605,915.4165,0.31000000000000005,66.785,40.175,0.17499999999999996,cleaned
28.417,8.364999999999998,5.13,0.1,3.31,903.335,0.37,54.775,27.18,0.12,cleaned
30.689999999999998,8.129999999999999,6.76,0.11499999999999999,2.875,902.5,0.225,66.55000000000001,38.94,0.315,cleaned
29.485,7.93,4.28,0.091,3.3875,1024.6,0.3215,71.3095,30.259999999999998,1.09,cleaned
33.435,8.015,7.81,0.3845,19.506,927.5,0.3665,67.8,18.869999999999997,0.8300000000000001,cleaned
30.15,8.215,7.99,0.085,2.4299999999999997,953.3335,0.44499999999999995,34.7225,15.905000000000001,0.8249999999999998,cleaned
30.174999999999997,8.315000000000001,5.7,0.032,1.3195000000000001,896.25,0.3595,68.93,26.905,0.8649999999999999,cleaned
31.115000000000002,8.105,9.12,0.435,7.08,1163.335,0.43,74.775,19.525,0.7200000000000001,cleaned
32.465,8.0,2.58,0.45999999999999996,15.625,1027.08,0.425,75.105,25.880000000000003,0.6999999999999998,cleaned
29.5,,12.4,0.09,7.45,1063.75,0.58,81.785,26.43,5.845,cleaned
27.695,7.97,8.63,0.0905,2.9325,985.415,0.3835,67.5,24.34,0.23,cleaned
30.130000000000003,7.975,1.04,0.16449999999999998,6.2875,832.3335,0.424,46.1685,29.91,0.59,cleaned
26.509999999999998,8.115,2.69,0.065,1.09,1209.1665,0.27,66.785,27.295,0.415,cleaned
29.9255,7.905,4.95,,14.995,1090.415,0.655,61.095,17.88,7.775000000000001,cleaned
29.16,8.04,5.4,0.1305,2.339,1120.5,0.2905,56.35,16.97,1.3549999999999998,cleaned
31.475,8.105,9.01,0.0825,5.731999999999999,976.65,0.3685,67.5,21.615000000000002,0.75,cleaned
24.515,8.21,4.82,0.7765,4.9895,411.20000000000005,0.353,55.7,13.8,0.51,cleaned
22.674999999999997,8.26,1.89,0.1785,2.23,505.70000000000005,0.4165,58.45,18.884999999999998,0.3499999999999999,cleaned
24.106,7.88,3.19,0.232,5.7495,399.6,0.39349999999999996,33.7,29.47,0.435,cleaned
24.939999999999998,8.190000000000001,2.91,0.2505,6.616,546.0,0.7255,45.85,19.265,0.465,cleaned
29.67,8.13,3.21,,,532.35,0.454,46.7,23.37,0.9750000000000001,cleaned
32.235,8.190000000000001,3.0,0.0715,7.3645,859.15,0.6054999999999999,57.55,21.02,2.4299999999999997,cleaned
29.225,8.15,2.77,0.0885,9.0155,968.75,0.5755,57.95,16.15,1.28,cleaned
24.6595,8.075,13.2,0.4475,5.7195,654.4,0.46799999999999997,53.25,17.355,0.525,cleaned
24.98,8.18,2.51,0.1095,4.739,1177.0,0.3085,71.0,32.49,0.7200000000000001,cleaned
24.71,8.364999999999998,3.48,0.0095,0.4585,749.2,0.726,52.5,22.175,0.28,cleaned
29.575,8.35,2.29,,,933.3,0.402,64.55,24.74,0.345,cleaned
32.74,8.04,3.06,0.175,13.771,944.55,0.375,72.75,34.0,0.45999999999999996,cleaned
31.39,8.15,2.97,0.053500000000000006,3.2279999999999998,1001.5,0.364,67.0,32.53,1.31,cleaned
19.66,8.17,1.11,0.132,9.209,877.915,0.5035000000000001,82.85499999999999,25.94,0.42500000000000004,cleaned
25.271,8.26,4.8,0.2405,7.702,798.35,0.5845,64.05,20.86,3.2550000000000003,cleaned
22.075,8.035,4.81,0.202,14.469999999999999,850.0,0.722,85.12,32.91,6.215,cleaned
21.1,8.15,14.7,0.01,0.42000000000000004,1212.5,1.68,86.28,29.54,40.455,cleaned
19.78,8.12,2.66,0.025,0.52,1079.1665,0.755,81.07,38.63,4.68,cleaned
24.955,7.845,4.06,0.15300000000000002,19.689,606.2,0.528,64.881,34.76,0.965,cleaned
23.72,7.92,21.4,0.0,2.125,1180.0,1.73,99.45,27.14,39.71,cleaned
24.143,8.11,1.19,0.14200000000000002,14.4255,618.8,0.2725,55.068,18.02,0.445,cleaned
25.24,8.22,4.21,0.16949999999999998,6.246,985.4,0.3785,65.80000000000001,35.38,3.86,cleaned
26.69,8.024999999999999,1.77,0.1,2.09,865.0,0.67,73.29,34.94,1.5499999999999998,cleaned
24.09,8.32,2.15,0.0965,2.3195,781.75,0.5734999999999999,73.93,29.67,0.505,cleaned
24.77,8.2,5.67,0.1675,7.9785,940.4,1.3065,81.35,27.155,3.34,cleaned
24.4,8.09,1.42,0.02,0.565,919.4585,0.405,79.29,40.83,0.605,cleaned
27.25,8.22,3.86,0.37,14.5,925.0,0.5645,86.78999999999999,36.155,1.05,cleaned
30.015,8.17,2.73,,,857.1,0.5595000000000001,68.45,28.085,0.585,cleaned
29.32,8.205,2.05,0.028,1.839,876.25,0.402,89.17,40.085,0.57,cleaned
29.93,8.114999999999998,2.86,0.197,14.303,936.25,0.4135,55.09,40.480000000000004,0.765,cleaned
27.09,8.2,0.8,0.02,0.59,774.7085,0.365,64.405,42.76,0.365,cleaned
28.65,8.285,4.52,0.04,0.88,871.665,1.095,67.435,42.265,1.615,cleaned
32.505,8.165,1.47,0.03,1.3050000000000002,1080.4165,0.475,90.475,45.989999999999995,0.38000000000000006,cleaned
32.075,8.125,7.86,0.0595,0.093,1296.6665,1.3065,61.057,35.83,22.6015,cleaned
33.540000000000006,7.98,1.29,0.1275,11.344,705.0,0.4255,60.25,36.985,0.5800000000000001,cleaned
30.49,8.15,0.88,0.041,1.6065,563.9000000000001,0.3435,50.357,39.31,0.655,cleaned
32.415,8.15,1.7,0.065,6.695,865.83,0.417,78.095,35.31,0.725,cleaned
30.28,8.53,4.75,0.035,0.635,949.165,0.775,82.75999999999999,29.585,8.795,cleaned
32.93,8.25,1.09,0.26,1.72,1184.165,0.455,97.16499999999999,46.6,0.985,cleaned
30.53,,0.83,0.04,2.18,511.33349999999996,0.37,43.93,35.465,0.435,cleaned
32.12,8.165,6.8,0.023,0.20550000000000002,1251.5,0.7805,120.94999999999999,34.15,16.9,cleaned
30.775,7.99,8.01,0.078,0.3205,1724.167,1.4100000000000001,64.831,42.425,22.48,cleaned
28.54,7.865,1.13,0.048,5.676,970.0,0.39849999999999997,78.214,36.415,0.345,cleaned
31.18,7.97,3.66,0.08,6.8205,615.75,0.507,61.45,33.63,2.575,cleaned
26.845,8.114999999999998,4.53,0.04,0.25,970.8335,0.61,96.55,37.675,4.67,cleaned
29.439999999999998,7.61,9.11,,16.74,1250.0,2.37,107.91,31.72,34.13,cleaned
31.71,7.975,2.52,0.0675,10.8605,970.0,0.4675,74.765,34.004999999999995,0.71,cleaned
25.205,8.42,4.06,0.028,,827.9000000000001,0.7304999999999999,50.25,28.009999999999998,11.165,cleaned
23.85,7.995,2.13,0.185,7.9350000000000005,391.71000000000004,0.59,35.635000000000005,26.71,0.85,cleaned
25.240000000000002,8.24,4.53,0.086,0.7765,985.1,0.655,64.55,37.985,10.355,cleaned
26.134999999999998,8.64,0.85,0.031,0.288,547.0,0.8220000000000001,32.75,31.74,0.29000000000000004,cleaned
29.41,8.49,1.19,,,620.25,0.3135,50.0,33.24,0.33,cleaned
33.92,8.365,1.2,0.037,4.2865,390.7,0.4545,30.549999999999997,37.46,0.19499999999999998,cleaned
31.784999999999997,8.254999999999999,1.83,0.0445,3.247,670.95,0.451,43.7,37.56,2.09,cleaned
20.26,8.16,1.53,0.046,0.9715,410.41499999999996,0.4685,30.950000000000003,29.34,0.265,cleaned
25.44,8.42,3.34,0.008,,690.45,0.602,42.65,28.33,5.474999999999999,cleaned
22.295,8.175,6.09,0.0775,1.5875,337.25,0.487,32.86,33.16,0.49499999999999994,cleaned
22.525,8.22,14.3,0.08,0.5,496.66499999999996,0.705,28.705,29.53,0.705,cleaned
20.51,8.26,2.19,0.015,0.525,410.0,0.39,26.43,35.32,0.365,cleaned
25.064999999999998,7.875,4.62,0.17049999999999998,6.1845,378.35,0.477,30.833,33.135,0.635,cleaned
24.765,8.2665,0.74,0.186,2.3360000000000003,616.45,0.3765,43.7,23.6,0.63,cleaned
24.165,7.95,3.09,0.195,12.565000000000001,394.33,0.655,40.209999999999994,26.765,1.17,cleaned
24.546,8.24,2.03,0.1905,11.473500000000001,739.5,0.368,52.1265,17.95,0.5800000000000001,cleaned
25.1,8.265,7.27,0.013999999999999999,0.087,1150.0,0.767,73.1,36.99,13.660000000000002,cleaned
25.9,8.57,1.65,0.026,0.273,693.15,0.854,40.85,33.12,0.38000000000000006,cleaned
24.48,8.36,2.08,0.0365,0.4625,707.8,0.5135000000000001,69.405,32.44,0.635,cleaned
24.43,8.22,1.88,0.01,0.16999999999999998,914.5835,0.52,74.885,39.67,0.455,cleaned
26.9,8.26,4.45,0.1,2.7489999999999997,787.6500000000001,0.5225,61.19,37.15,0.85,cleaned
29.35,8.415,1.79,,,865.4,0.3825,63.7,32.915,0.43,cleaned
29.09,8.11,2.9,0.0755,1.5099999999999998,664.29,0.5609999999999999,65.47999999999999,40.64,0.92,cleaned
29.685000000000002,8.245000000000001,4.32,0.0275,0.35,1050.0,0.573,41.129999999999995,43.29,3.76,cleaned
25.58,8.15,1.74,0.035,1.365,641.8335,0.575,58.095,40.36,0.6999999999999998,cleaned
29.493,8.4,4.06,0.06,1.3599999999999999,662.17,0.7,45.75,40.26,0.19000000000000003,cleaned
32.36,8.18,4.91,0.05,2.3200000000000003,623.542,0.61,53.81,42.14,1.745,cleaned
33.955,8.305,1.5,0.028,2.511,470.25,0.40800000000000003,28.35,37.985,0.19000000000000003,cleaned
32.935,8.125,10.2,0.0095,0.328,1379.167,1.78,47.929,41.205,22.445000000000004,cleaned
30.5,8.01,2.28,0.0385,2.1405,360.5,0.34650000000000003,36.1905,37.88,0.565,cleaned
32.42,7.82,2.32,0.057999999999999996,7.35,885.83,0.5145,77.86,38.46,1.15,cleaned
30.51,8.08,1.69,0.03,0.71,540.21,0.455,45.775,32.84,1.68,cleaned
33.26,8.03,0.68,0.17,1.26,598.21,0.33999999999999997,50.185,43.63,0.47,cleaned
30.46,,1.89,0.04,1.3250000000000002,357.042,0.4,28.575,37.06,0.465,cleaned
31.725,8.475000000000001,1.78,0.04,2.0869999999999997,557.1,0.3785,37.35,36.83,0.71,cleaned
31.005000000000003,8.26,7.65,0.009999999999999998,0.2505,1241.5,0.8514999999999999,111.4,37.76,18.735,cleaned
30.72,8.2,2.44,0.041999999999999996,3.9935,581.667,0.463,29.8495,41.08,0.75,cleaned
29.0,7.96,9.41,0.0085,0.2245,1186.67,1.155,129.881,39.9,17.545,cleaned
27.17,7.96,2.22,0.06,2.415,588.375,0.45499999999999996,57.144999999999996,36.65,0.9499999999999998,cleaned
29.37,7.78,5.59,,9.985,369.33500000000004,0.54,39.584999999999994,32.71,2.455,cleaned
32.07,7.9,2.68,0.0545,6.701499999999999,625.5,0.429,53.93,38.21,0.6200000000000001,cleaned
20.48,8.09,1.34,0.0265,0.439,375.78999999999996,0.5525,29.525,29.71,0.575,cleaned
25.615000000000002,8.54,0.75,0.0405,1.5075,526.4,0.5365,32.9,30.225,0.43500000000000005,cleaned
22.520000000000003,8.26,3.62,0.031,0.65,292.70000000000005,0.4665,23.689999999999998,33.19,0.6,cleaned
22.880000000000003,8.215,2.81,0.03,1.47,,0.55,22.575000000000003,29.62,0.24,cleaned
20.1,8.05,5.44,0.02,0.73,355.58349999999996,0.535,25.0,34.81,0.965,cleaned
24.935000000000002,7.99,2.67,0.1405,4.699,358.9,0.47450000000000003,30.0,34.12,0.815,cleaned
24.925,8.32,1.02,0.0805,1.6945000000000001,627.35,0.4375,45.2,25.835,0.69,cleaned
23.85,7.955,1.65,0.11,4.76,403.28999999999996,0.605,33.595,26.83,0.9899999999999999,cleaned
24.444,8.36,2.18,0.239,6.2895,694.95,0.3805,51.1275,16.814999999999998,1.105,cleaned
25.354999999999997,8.245000000000001,7.1,0.0155,0.137,995.85,1.021,70.6,38.54,16.27,cleaned
26.44,8.73,0.82,0.012,0.27,572.95,0.837,35.5,32.42,0.34,cleaned
24.29,8.29,2.11,0.031,0.4015,522.6,0.6054999999999999,52.620000000000005,33.9,0.685,cleaned
24.28,8.34,2.1,0.01,0.5549999999999999,565.2915,0.51,47.620000000000005,37.81,0.55,cleaned
27.14,8.37,2.81,0.034,0.36250000000000004,755.75,0.6065,57.86,37.86,1.29,cleaned
29.29,8.52,1.52,,,628.95,0.3715,49.150000000000006,34.04,0.315,cleaned
29.11,8.25,1.83,0.0455,0.734,732.25,0.534,50.95,38.77,0.665,cleaned
30.0,8.100000000000001,1.59,0.042499999999999996,2.0549999999999997,628.4,0.40549999999999997,31.78,43.504999999999995,0.51,cleaned
27.42,7.96,1.17,0.04,1.76,403.29150000000004,0.44,37.019999999999996,38.78,0.425,cleaned
29.68,8.4,1.46,0.05500000000000001,0.81,604.705,0.54,41.455,39.33,0.255,cleaned
31.27,7.54,1.93,0.04,0.92,752.417,0.65,64.405,42.37,1.87,cleaned
34.0,8.41,1.21,0.024,1.0375,505.45000000000005,0.3865,27.65,38.185,0.655,cleaned
33.09,7.8,2.98,0.032,2.721,876.66665,0.654,31.1505,42.43,2.855,cleaned
30.47,7.94,1.89,0.0235,1.395,354.95000000000005,0.46199999999999997,35.357,37.97,1.4799999999999998,cleaned
32.52,7.83,1.6,0.018,3.562,836.46,0.539,71.07,40.99,0.945,cleaned
30.59,8.19,1.56,0.035,1.46,551.125,0.425,46.980000000000004,34.49,1.05,cleaned
33.38,8.27,0.82,0.21,1.02,860.0,0.45999999999999996,70.77,44.88,0.755,cleaned
30.5,,1.67,0.03,1.18,320.20849999999996,0.46499999999999997,28.215,37.96,1.01,cleaned
31.73,8.28,1.25,0.0345,2.5700000000000003,667.7,0.40549999999999997,45.85,36.96,1.8,cleaned
30.7,7.97,7.36,0.0165,0.241,1215.5,1.0434999999999999,108.44999999999999,37.265,27.255,cleaned
30.68,8.265,4.03,0.0365,0.8089999999999999,606.875,0.5545,24.173000000000002,39.34,5.109999999999999,cleaned
28.86,7.88,11.7,0.0205,0.3015,1268.75,1.6375000000000002,159.762,40.43,31.814999999999998,cleaned
27.26,7.83,1.08,0.06,3.8200000000000003,542.5,0.5,50.0,37.095,0.57,cleaned
29.695,8.19,2.04,,0.965,399.75,0.385,33.755,33.98,0.4749999999999999,cleaned
31.62,7.904999999999999,1.1,0.0245,3.0134999999999996,594.6500000000001,0.46199999999999997,48.215,38.345,1.165,cleaned
19.72,8.09,1.86,0.07999999999999999,0.6819999999999999,338.83500000000004,0.4625,26.189999999999998,29.55,0.395,cleaned
23.53,8.455,0.67,0.07150000000000001,0.082,422.95000000000005,0.2945,28.700000000000003,30.575,0.425,cleaned
20.105,8.17,1.04,0.053500000000000006,0.546,377.35,0.377,17.855,33.545,0.5249999999999999,cleaned
22.81,8.28,0.93,,0.25,439.03999999999996,0.525,23.06,29.53,0.12,cleaned
18.93,8.165,2.9,0.035,0.565,333.875,0.38,21.905,34.22,0.63,cleaned
22.905,8.245000000000001,1.16,0.038,0.9119999999999999,307.6,0.48650000000000004,20.238,34.41,0.5249999999999999,cleaned
25.795,8.2,0.75,0.11,1.88,498.58500000000004,0.5700000000000001,33.519999999999996,29.244999999999997,0.535,cleaned
23.85,8.23,1.45,0.02,2.51,394.5,0.5,30.445,27.009999999999998,1.4649999999999999,cleaned
21.57,8.46,1.5,0.006,0.2455,803.15,0.8685,58.349999999999994,29.92,5.324999999999999,cleaned
26.54,8.3,1.96,0.1795,1.6615,557.7,0.4915,43.885999999999996,23.35,1.11,cleaned
25.3855,8.19,1.65,0.0405,0.3045,711.55,0.5700000000000001,48.8,40.31,5.91,cleaned
24.535,8.445,1.16,0.068,0.3685,558.3,0.355,55.0,33.375,0.315,cleaned
24.971,8.39,0.8,0.015,0.125,632.0,0.425,47.5,38.894999999999996,0.275,cleaned
27.475,8.51,0.86,0.049,0.5375,550.1500000000001,0.4075,39.525,36.644999999999996,0.425,cleaned
27.845,8.69,0.78,0.040999999999999995,0.3175,475.0,0.6995,31.55,32.81,0.25,cleaned
29.875,8.395,0.96,0.0965,0.6475,578.115,0.48150000000000004,49.879999999999995,39.225,0.55,cleaned
30.94,8.64,2.27,,,870.85,0.9475,69.05000000000001,34.835,8.51,cleaned
30.01,8.35,5.2,0.013000000000000001,0.391,852.5,1.0325,40.345,43.2,12.645000000000001,cleaned
26.91,8.335,1.14,0.04,0.395,394.75,0.395,33.925,39.165,0.22,cleaned
28.294,8.29,1.65,0.045,0.4,456.78999999999996,0.48,30.825,39.1,0.63,cleaned
31.525,8.105,1.21,0.05,0.715,704.542,0.445,52.975,42.28,1.235,cleaned
31.93,8.22,1.03,0.0415,1.3125,636.0415,0.449,21.355,40.045,1.255,cleaned
29.67,7.975,2.32,,0.124,298.79999999999995,0.3925,28.0955,37.375,2.58,cleaned
32.91,8.344999999999999,0.56,0.0435,0.9775,368.6,0.4395,17.9,38.01,0.8450000000000001,cleaned
30.285,8.175,0.87,0.026000000000000002,0.46199999999999997,736.46,0.4565,62.86,40.535,0.66,cleaned
30.645,8.379999999999999,1.33,0.04,0.66,538.375,0.34,44.715,36.155,0.7799999999999999,cleaned
32.89,8.215,1.18,0.14,0.92,471.08500000000004,0.335,39.835,42.1,1.265,cleaned
29.91,,0.94,0.04,0.54,401.45849999999996,0.37,28.575,37.265,0.6499999999999999,cleaned
31.465000000000003,8.344999999999999,1.78,0.034,1.4020000000000001,568.625,0.4605,21.817,40.620000000000005,3.7550000000000003,cleaned
27.93,7.99,5.07,0.017499999999999998,0.702,857.5,1.149,104.2855,41.295,17.62,cleaned
32.24,8.04,0.45,0.0645,0.964,662.6,0.253,55.0,37.239999999999995,0.645,cleaned
26.564999999999998,8.17,1.2,0.060000000000000005,0.86,489.875,0.37,45.0,37.54,0.575,cleaned
31.049,8.015,1.49,,3.37,332.16499999999996,0.42000000000000004,29.705,33.635000000000005,0.52,cleaned
27.905,8.23,0.58,0.037000000000000005,0.8955,594.6500000000001,0.314,40.2,35.24,0.58,cleaned
31.455,8.004999999999999,0.95,0.064,1.9165,498.29999999999995,0.40249999999999997,41.55,38.085,1.155,cleaned
20.33,8.265,6.09,0.0315,0.22000000000000003,343.08500000000004,0.48650000000000004,25.119999999999997,29.745,0.44500000000000006,cleaned
23.97,8.44,3.26,0.109,0.4815,483.05,0.2835,35.0,30.76,1.515,cleaned
20.85,8.35,0.66,0.0285,0.308,416.20000000000005,0.344,28.215,33.925,0.29000000000000004,cleaned
21.095,8.23,1.22,0.045,0.265,380.58500000000004,0.5,19.845,30.17,0.18000000000000002,cleaned
18.915,8.274999999999999,1.07,0.025,0.185,325.333,0.405,21.905,35.455,0.43999999999999995,cleaned
23.6,8.355,1.02,0.010499999999999999,0.27649999999999997,313.8,0.536,21.9045,33.980000000000004,3.135,cleaned
26.01,7.995,4.07,,0.855,563.165,0.925,34.805,30.78,9.185,cleaned
24.34,8.24,2.3,0.025,1.48,408.41499999999996,0.56,28.05,28.555,5.830000000000001,cleaned
21.93,8.26,1.34,0.008,0.30200000000000005,516.25,0.6225,38.35,30.87,1.0,cleaned
26.055,8.44,1.51,0.0765,1.0035,503.3,0.3275,39.3995,24.34,0.58,cleaned
25.122500000000002,8.114999999999998,1.41,0.066,0.7330000000000001,900.8,0.411,61.95,39.230000000000004,3.5750000000000006,cleaned
24.17,8.44,0.89,0.0155,0.212,553.2,0.3655,53.455,33.22,0.205,cleaned
24.83,8.445,0.44,0.025,0.17,436.875,0.365,32.5,37.54,0.16,cleaned
27.0745,8.46,0.73,0.08549999999999999,0.714,345.1,0.315,26.79,36.75,0.45,cleaned
27.4,8.53,0.97,0.022,1.464,628.3499999999999,0.7215,46.400000000000006,33.43,0.575,cleaned
29.455,8.5,0.86,0.031,0.34650000000000003,590.115,0.377,47.74,37.52,0.29000000000000004,cleaned
29.93,8.34,1.59,,,329.15,0.246,28.8,37.870000000000005,0.38999999999999996,cleaned
29.17,8.285,1.02,0.019,0.43800000000000006,565.4,0.6505000000000001,27.745,42.53,2.9949999999999997,cleaned
26.9,8.55,0.76,0.025,0.075,323.66650000000004,0.29,25.835,37.86,0.17499999999999996,cleaned
28.4765,8.455,1.29,0.05,0.325,473.08500000000004,0.32,30.3,38.6,0.235,cleaned
30.240000000000002,8.105,1.51,0.08,0.59,602.458,0.31999999999999995,50.0,42.51,0.625,cleaned
30.735,8.065000000000001,1.14,0.039,0.5175000000000001,883.333,0.429,28.2945,39.06,1.875,cleaned
29.78,8.12,0.82,,0.16849999999999998,384.1,0.31,33.5715,37.95,1.8950000000000002,cleaned
30.365000000000002,8.094999999999999,1.02,0.015,0.38849999999999996,464.0,0.4125,18.95,37.525000000000006,0.75,cleaned
30.355,8.395,0.59,0.0265,0.6115,701.705,0.3135,54.760000000000005,41.99,0.615,cleaned
30.665,8.415,2.45,0.04,0.41000000000000003,346.25,0.245,27.564999999999998,35.815,0.725,cleaned
31.92,8.21,0.82,0.15,0.9,582.125,0.25,46.83,42.42,1.21,cleaned
30.21,,0.72,0.04,0.445,283.79150000000004,0.29,17.145,36.870000000000005,0.48,cleaned
32.585,8.34,5.06,0.0095,0.25,1158.75,1.144,50.187,41.85,17.195,cleaned
27.96,7.95,2.97,0.019,0.46549999999999997,735.705,0.722,87.381,39.69,6.510000000000001,cleaned
31.015,7.945,0.59,0.016,0.5165,549.0,0.17149999999999999,46.900000000000006,37.275000000000006,0.665,cleaned
26.564999999999998,8.06,0.89,0.09,0.48,456.208,0.28,42.855000000000004,38.39,0.6750000000000002,cleaned
31.61,8.17,1.39,,0.48,334.83500000000004,0.32,25.715000000000003,35.44,0.9250000000000002,cleaned
28.59,8.59,0.69,0.0245,0.8594999999999999,752.55,0.2635,50.2,37.86,0.945,cleaned
31.94,8.14,0.61,0.0425,0.5215,603.15,0.366,49.17,39.14,1.465,cleaned
24.78,8.34,19.7,0.0635,,925.4,0.665,67.0,19.94,12.574999999999998,cleaned
24.34,8.16,10.5,0.0815,5.2010000000000005,1372.5,0.648,88.5,34.52,12.045,cleaned
24.91,8.18,18.3,0.01,1.912,1360.5,1.7225000000000001,103.05,28.98,14.089999999999998,cleaned
27.78,8.13,13.3,,,1070.0,0.8795,100.25,29.74,10.774999999999999,cleaned
31.91,8.07,10.3,0.017,8.5125,1301.0,0.857,89.15,36.13,10.725000000000001,cleaned
30.38,7.97,21.9,,0.2915,1371.5,1.0365,80.65,33.12,14.695,cleaned
29.24,7.63,18.0,,4.99,1285.83,2.11,104.33,30.26,17.77,cleaned
20.58,8.12,3.23,0.0655,1.5605,517.455,0.5605,40.355000000000004,29.17,0.75,cleaned
24.83,8.455,8.77,0.017,,857.5,0.752,58.45,27.244999999999997,10.495,cleaned
22.14,8.19,11.0,0.0445,1.2835,405.95,0.6245,31.310000000000002,33.14,1.11,cleaned
23.1,7.91,10.9,0.24,12.83,521.5,0.77,37.035,29.68,2.0549999999999997,cleaned
20.630000000000003,8.26,2.61,0.02,0.78,450.625,0.41500000000000004,29.525,35.56,0.3499999999999999,cleaned
25.45,7.98,7.51,0.161,5.7325,412.5,0.5954999999999999,36.4285,33.67,0.8649999999999999,cleaned
24.31,8.34,2.15,0.0735,0.5455,656.75,0.46399999999999997,45.8,23.615000000000002,2.615,cleaned
24.439999999999998,7.88,25.0,0.13,15.719999999999999,522.585,1.04,53.205,27.060000000000002,9.32,cleaned
25.003,8.27,4.15,0.166,18.093,730.3,0.4505,63.6365,15.765,2.435,cleaned
24.67,8.27,4.55,0.009999999999999998,0.1195,1022.5,0.585,69.65,36.425,10.21,cleaned
26.925,8.094999999999999,25.9,0.15,4.23,524.17,0.87,55.01,33.065,2.89,cleaned
25.42,8.605,1.85,0.0335,0.3805,590.75,0.873,35.35,31.8,0.38999999999999996,cleaned
25.055,8.315,5.39,0.051000000000000004,0.5934999999999999,676.2,0.6425000000000001,65.0,33.865,0.8249999999999998,cleaned
25.59,8.27,3.68,0.01,0.01,656.375,0.53,55.835,37.98,0.595,cleaned
23.41,8.43,17.8,0.006,0.237,1064.6,1.5025,93.87,39.120000000000005,17.145,cleaned
29.075,8.485,1.41,,,807.65,0.47450000000000003,58.1,29.225,0.32499999999999996,cleaned
30.105,8.265,3.33,0.042499999999999996,0.666,698.415,0.514,59.64,40.555,0.77,cleaned
30.0,8.395,12.7,0.0085,0.16699999999999998,1023.35,0.8065,48.61,43.0,6.91,cleaned
27.905,8.43,1.67,0.02,0.435,532.75,0.405,41.905,39.475,0.29,cleaned
30.433999999999997,8.155000000000001,6.63,0.485,7.775,686.17,1.12,60.25,40.79,2.09,cleaned
32.474999999999994,8.245000000000001,3.71,0.04,1.755,669.25,0.525,52.855000000000004,43.1,1.14,cleaned
32.425,8.335,1.3,0.0295,1.4215,502.1,0.459,34.0,37.465,0.795,cleaned
32.135000000000005,8.3,9.6,0.0605,0.14500000000000002,1164.1665,1.439,40.926500000000004,39.535,17.295,cleaned
31.215,7.970000000000001,2.7,0.0075,1.0045,349.6,0.352,32.5,37.629999999999995,0.725,cleaned
32.975,8.015,3.84,0.037,3.1965,826.5,0.55,74.285,37.325,1.29,cleaned
31.045,8.16,8.47,0.04,0.45999999999999996,675.17,0.83,63.605000000000004,32.415000000000006,12.585,cleaned
33.855000000000004,7.85,1.68,0.185,4.535,487.21000000000004,0.35,45.2,43.08,0.41,cleaned
31.255000000000003,,2.04,0.02,0.56,377.583,0.425,26.07,36.735,0.48500000000000004,cleaned
29.805,8.344999999999999,2.32,0.0435,1.3035,856.3,0.4085,40.400000000000006,35.735,0.575,cleaned
30.705,8.29,5.83,0.0125,0.22,947.1,0.6685000000000001,86.3,36.4,14.49,cleaned
30.655,8.34,2.02,0.040999999999999995,1.5354999999999999,562.375,0.444,22.737000000000002,40.63,0.9899999999999999,cleaned
29.53,8.035,14.1,0.013999999999999999,0.16499999999999998,1212.915,1.2894999999999999,124.881,38.019999999999996,21.495,cleaned
27.735,8.004999999999999,8.31,0.025,0.24,786.375,1.0,83.33500000000001,36.225,6.359999999999999,cleaned
29.305,7.58,13.9,,7.34,470.66499999999996,0.88,47.12,32.445,19.395,cleaned
32.265,8.02,3.75,0.040999999999999995,6.6355,586.25,0.5235000000000001,52.025,37.15,1.005,cleaned
24.68,8.49,15.9,0.055,,1570.5,1.3665,105.5,23.58,24.179999999999996,cleaned
24.685000000000002,8.23,11.5,0.08549999999999999,0.9924999999999999,1057.5,0.701,79.3,35.945,14.445,cleaned
25.4,8.54,5.56,0.05,0.9450000000000001,664.95,1.022,41.400000000000006,32.24,0.515,cleaned
28.93,8.42,3.2,,,904.2,0.52,65.75,29.77,0.615,cleaned
33.14,8.3,2.33,0.027000000000000003,2.8315,576.5,0.511,38.650000000000006,37.48,0.43,cleaned
31.085,8.265,6.33,0.0595,7.0705,489.75,0.5825,39.45,35.76,1.55,cleaned
21.6,8.38,18.3,0.1375,13.585,1174.585,1.606,142.14,27.41,13.844999999999999,cleaned
25.35,,22.2,0.1075,0.2875,2056.5,1.9935,126.65,14.66,30.959999999999997,cleaned
22.45,8.13,18.8,0.0345,0.02,1706.65,2.3695000000000004,148.335,29.67,33.23,cleaned
24.619999999999997,8.04,14.1,0.12,17.535,627.875,1.0150000000000001,53.425,30.63,10.09,cleaned
21.16,8.15,17.8,0.01,0.7849999999999999,1367.0835,1.71,127.97999999999999,36.65,18.575000000000003,cleaned
25.81,8.11,11.0,0.008,0.1725,1287.05,1.7850000000000001,104.167,29.09,15.924999999999999,cleaned
24.57,8.33,12.2,0.1065,1.45,776.05,0.7495,70.7,21.25,10.815,cleaned
24.135,8.09,28.6,0.0,1.3650000000000002,1476.665,2.165,138.015,29.0,45.775000000000006,cleaned
25.6,8.36,16.6,0.07250000000000001,1.6715,1380.85,1.561,81.59700000000001,8.03,12.530000000000001,cleaned
24.44,8.16,16.4,0.055999999999999994,0.263,1440.0,1.3765,111.75,35.38,22.955,cleaned
27.23,8.015,24.2,0.065,0.91,1087.915,1.755,143.53,32.015,33.33,cleaned
26.15,8.31,31.4,0.0485,0.1585,1654.0,2.542,124.85,31.76,18.16,cleaned
25.57,8.22,11.4,0.151,15.905999999999999,920.85,0.787,114.16499999999999,30.48,1.11,cleaned
25.35,8.04,70.5,0.015,0.11,1575.417,2.33,197.62,42.25,20.045,cleaned
26.51,8.09,6.31,0.0955,2.7035,983.35,0.733,84.75999999999999,36.38,5.074999999999999,cleaned
28.38,8.25,27.0,,,1048.0,1.099,96.35,28.62,9.985,cleaned
29.24,8.47,2.7,0.038,0.6925,959.58,0.9105,116.13,48.45,0.88,cleaned
28.98,8.11,7.91,0.03,1.075,1445.4,1.5265,65.65,49.51,20.76,cleaned
28.29,8.2,10.8,0.02,0.71,1004.167,1.04,100.83,45.61,7.145,cleaned
30.43,8.23,17.6,0.04,0.24,1090.42,1.03,77.195,45.06,8.975000000000001,cleaned
32.12,7.97,12.12,0.06,15.920000000000002,1233.75,0.785,136.19,48.55,11.535000000000002,cleaned
33.01,8.38,12.5,0.015,0.9400000000000001,3066.5,1.6165,169.75,25.6,12.305,cleaned
32.28,8.38,11.0,0.07200000000000001,0.241,2552.558,1.6400000000000001,79.0,26.41,16.27,cleaned
31.26,8.43,18.0,0.009000000000000001,0.156,1515.0,1.581,157.02499999999998,40.48,14.229999999999999,cleaned
33.6,8.52,1.36,0.0775,1.6484999999999999,1002.92,0.40700000000000003,84.88,37.2,0.6999999999999998,cleaned
31.38,8.18,24.1,0.085,0.7150000000000001,1299.58,1.63,111.35,26.08,24.075,cleaned
34.59,8.7,1.35,0.35,1.54,1584.585,0.48,104.72999999999999,50.1,2.27,cleaned
32.11,,20.0,0.15,16.295,1861.667,2.1950000000000003,212.86,28.5,35.98,cleaned
30.8,8.17,17.5,,0.199,1150.5,1.027,78.55000000000001,31.35,13.38,cleaned
30.64,8.07,17.4,0.015,0.267,1274.0,1.057,132.95,34.43,22.725000000000005,cleaned
30.58,8.11,19.2,0.0955,0.29000000000000004,2076.298,2.132,116.963,42.25,39.36,cleaned
31.61,8.07,19.5,0.0955,0.405,1902.085,4.29,210.7145,23.65,31.005,cleaned
28.18,8.22,12.2,0.05,0.25,1588.75,1.2,147.97500000000002,33.02,12.085,cleaned
29.97,7.62,58.6,,22.54,2072.335,3.95,156.555,26.27,218.04,cleaned
32.5,8.8,3.39,0.022,0.236,1600.8,0.9964999999999999,121.43,30.74,5.905,cleaned
25.03,8.24,14.0,0.1115,10.379,769.5,0.5055000000000001,65.7,18.33,5.29,cleaned
24.74,8.16,5.59,0.108,7.837999999999999,1018.0,0.443,75.7,34.79,4.35,cleaned
24.96,8.19,12.0,0.1315,4.4505,1119.5,1.362,83.3,27.3,6.78,cleaned
27.82,8.08,11.19,,,863.35,0.586,87.25,27.73,2.475,cleaned
31.8,7.94,10.3,0.015,9.935500000000001,1186.5,0.6245,90.44999999999999,35.77,7.239999999999999,cleaned
30.51,7.97,18.3,,0.246,1735.0,1.6065,123.4,33.58,22.63,cleaned
25.994999999999997,8.375,1.14,0.1465,6.2725,799.05,0.4865,55.85,23.92,1.21,cleaned
25.455,8.25,1.71,0.041999999999999996,1.7309999999999999,815.8499999999999,0.2315,63.3,36.56,0.7250000000000001,cleaned
26.494999999999997,8.465,0.89,0.0405,1.4615,804.75,0.6315,55.0,30.895,0.93,cleaned
29.494999999999997,8.37,2.99,,,294.5,0.2115,27.75,38.025000000000006,0.27,cleaned
31.77,8.24,1.47,0.04,2.825,323.90000000000003,0.315,59.165,43.01,0.5800000000000001,cleaned
34.56,8.325,0.8,0.023,2.5125,547.15,0.358,34.1,39.155,0.3499999999999999,cleaned
31.785,8.335,1.38,0.0195,2.0705,757.2,0.35750000000000004,58.45,38.96,0.66,cleaned
19.11,8.215,0.77,0.055,1.194,503.875,0.489,39.405,29.88,0.215,cleaned
25.62,8.38,1.57,0.098,3.923,839.0,0.536,54.5,25.45,3.485,cleaned
22.6,8.195,1.22,0.1175,5.083,323.85,0.406,31.67,33.06,0.34,cleaned
21.61,8.23,3.85,0.045,1.47,491.28999999999996,0.51,28.115000000000002,29.345,0.11,cleaned
20.08,8.23,0.83,0.035,1.355,388.875,0.37,28.33,35.92,0.205,cleaned
24.255,7.85,0.92,0.135,7.454000000000001,332.54999999999995,0.4535,43.9285,34.0,0.64,cleaned
25.01,8.21,0.75,0.089,3.436,409.05,0.469,37.85,31.555,0.44999999999999996,cleaned
24.035,8.065000000000001,1.68,0.17,7.415,432.03999999999996,0.565,37.875,26.87,0.36999999999999994,cleaned
24.216,8.135,0.97,0.1325,9.161999999999999,460.95,0.28700000000000003,42.2355,26.085,0.165,cleaned
25.395,8.25,1.43,0.065,2.327,1007.35,0.344,67.15,38.365,1.96,cleaned
26.33,8.48,0.7,0.085,3.7059999999999995,720.3,0.6925,48.2,32.45,0.32,cleaned
24.509999999999998,8.455,0.88,0.012,1.083,641.3,0.505,69.16499999999999,30.29,0.315,cleaned
23.32,8.28,1.1,,0.585,769.7915,0.38,65.475,40.19,0.275,cleaned
26.355,8.34,1.84,0.089,1.658,652.25,0.46699999999999997,52.855000000000004,35.085,0.945,cleaned
29.634999999999998,8.425,0.83,,,403.55,0.205,35.1,36.86,0.275,cleaned
27.965,8.2,1.41,0.0415,1.5325,737.375,0.363,70.24000000000001,39.085,0.345,cleaned
30.67,8.425,0.98,0.044,2.011,584.9,0.309,26.755,42.35,0.94,cleaned
27.33,8.465,0.8,0.055,1.655,553.6665,0.345,52.620000000000005,40.575,0.43,cleaned
28.2085,8.41,1.51,0.035,1.2349999999999999,749.625,0.475,51.3,39.42,0.385,cleaned
34.765,8.41,0.75,0.038,2.8605,543.0999999999999,0.3675,40.9,37.83,0.23,cleaned
33.59,8.36,5.79,0.006,0.2235,1383.75,1.1099999999999999,56.721000000000004,39.05,18.015,cleaned
30.99,8.27,1.0,0.0175,0.7595000000000001,509.34999999999997,0.37,46.6665,38.62,0.465,cleaned
32.97,8.285,1.16,0.0125,1.4144999999999999,620.25,0.3285,54.525,41.0,0.805,cleaned
30.97,8.35,2.38,0.04,2.375,569.42,0.345,47.56,34.83,0.7799999999999999,cleaned
33.45,8.18,0.75,0.275,2.205,1101.25,0.36,90.155,47.64,0.5,cleaned
30.15,,0.63,0.025,0.6,462.0,0.325,39.29,36.35,0.875,cleaned
31.83,8.25,1.36,0.0225,2.0404999999999998,716.5999999999999,0.357,54.8,38.89,1.05,cleaned
31.86,8.155000000000001,1.31,0.0305,1.7334999999999998,872.1,0.297,75.25,34.43,2.725,cleaned
30.835,8.04,2.87,0.0125,0.2915,1018.75,0.6944999999999999,42.943,42.64,9.12,cleaned
29.235,8.16,2.25,0.025,0.481,779.955,0.45599999999999996,80.3575,39.92,3.5849999999999995,cleaned
27.619999999999997,8.355,2.4,0.015,0.325,886.25,0.43,88.69,40.379999999999995,2.435,cleaned
30.08,8.135000000000002,1.04,,1.645,588.835,0.395,50.125,35.54,0.63,cleaned
32.085,7.885,1.18,0.037,2.7095,906.7,0.4565,65.0,40.230000000000004,0.98,cleaned
23.82,8.075,20.4,0.1505,0.07100000000000001,446.45000000000005,0.756,35.25,29.185000000000002,3.375,cleaned
24.465,8.145,9.28,0.098,0.897,382.75,0.5985,23.45,39.035,1.7250000000000003,cleaned
24.384999999999998,8.024999999999999,15.1,0.156,1.049,545.8,1.3405,40.0,31.3,2.415,cleaned
27.665,8.495000000000001,20.9,,,977.5,1.849,82.85,32.515,13.08,cleaned
32.07,8.08,9.27,0.10600000000000001,1.6445,478.70000000000005,0.86,31.75,36.79,1.5599999999999998,cleaned
29.229999999999997,7.965,27.3,0.1655,5.811,990.4,1.048,37.7,35.815,3.03,cleaned
21.6,8.12,13.4,0.036500000000000005,0.706,483.75,0.6865,39.58,29.19,2.04,cleaned
25.37,8.52,0.9,0.025500000000000002,,545.65,0.426,32.0,29.86,0.415,cleaned
22.085,8.024999999999999,14.7,0.0375,0.514,313.6,0.827,27.975,33.065,5.04,cleaned
21.95,7.955,25.0,0.14,3.0999999999999996,420.83500000000004,1.28,27.090000000000003,29.8,12.01,cleaned
19.92,7.97,4.41,0.015,0.275,404.95849999999996,0.45499999999999996,24.880000000000003,34.35,1.04,cleaned
25.08,7.91,14.0,0.109,1.7555,435.20000000000005,0.7615000000000001,31.905,32.58,2.42,cleaned
24.645,8.165,9.04,0.113,2.1405000000000003,767.45,0.841,60.099999999999994,28.665,2.84,cleaned
24.655,7.87,36.2,0.10500000000000001,17.035,519.25,1.4,55.364999999999995,26.68,17.575,cleaned
25.132,8.48,12.3,0.096,0.2505,1091.65,1.1949999999999998,59.525499999999994,14.1,14.71,cleaned
24.94,8.44,3.8,0.020999999999999998,0.0725,767.7,0.8155,63.7,41.31,8.555,cleaned
25.88,8.35,1.45,0.012,0.26849999999999996,530.55,0.9465,33.2,31.84,0.355,cleaned
24.35,7.98,13.2,0.062,0.7815000000000001,456.79999999999995,0.7435,52.025000000000006,33.76,1.4400000000000002,cleaned
24.92,8.31,6.21,,0.01,926.6665,1.045,85.475,40.01,5.074999999999999,cleaned
25.353,7.92,25.0,0.103,2.815,590.1,1.3855,56.905,35.72,9.605,cleaned
29.56,8.68,2.37,,,957.5,0.735,66.2,31.39,3.0849999999999995,cleaned
29.09,8.25,7.99,0.0695,0.4645,754.75,0.6865,43.57,37.36,1.28,cleaned
29.15,8.26,28.3,0.016,0.22449999999999998,1182.5,1.7605,55.849999999999994,44.75,20.775,cleaned
27.67,8.22,2.62,0.05,0.33,456.29150000000004,0.505,36.55,39.23,0.565,cleaned
28.564,7.88,22.4,0.975,5.87,460.375,1.14,42.75,38.36,2.845,cleaned
31.41,8.04,6.02,0.03,0.435,481.125,0.505,36.845,40.14,0.9899999999999999,cleaned
33.04,8.26,0.9,0.0295,0.825,409.15,0.47350000000000003,20.7,37.77,0.15000000000000002,cleaned
32.08,8.41,5.39,0.0085,0.11449999999999999,572.4165,0.6925,20.766,39.05,3.0849999999999995,cleaned
31.17,8.16,4.83,0.027,0.5235,330.15,0.433,29.405,37.75,1.0,cleaned
33.1,7.99,4.05,0.0025,0.726,831.125,0.5825,64.045,39.45,0.895,cleaned
30.6,7.9,26.9,0.27,4.765000000000001,543.75,0.995,52.385,34.55,2.395,cleaned
31.48,,3.62,0.02,0.56,373.917,0.45,27.86,35.59,0.69,cleaned
30.67,8.12,0.54,0.018,0.8755,394.6,0.369,25.549999999999997,36.45,0.515,cleaned
30.69,8.01,1.51,0.0755,2.591,565.6500000000001,0.385,49.15,37.62,0.7399999999999999,cleaned
29.805,8.02,2.08,0.012,0.5329999999999999,401.83349999999996,0.4285,16.524,40.375,0.7050000000000001,cleaned
29.47,8.06,14.2,0.003,0.182,900.0,1.391,105.7145,33.77,19.76,cleaned
27.48,8.06,9.11,0.005,0.125,565.3335,0.825,51.545,35.64,6.7,cleaned
31.17,8.03,6.99,0.041,2.8819999999999997,568.7,0.6335,45.595,37.9,1.9750000000000003,cleaned
20.205,8.165,1.09,0.012,1.0565,687.375,0.40800000000000003,56.905,25.945,0.17499999999999996,cleaned
25.067,8.155000000000001,5.41,0.249,6.7955,521.4,0.36150000000000004,44.85,23.295,0.345,cleaned
20.225,8.274999999999999,4.89,0.006,0.158,934.6,0.587,71.43,32.16,9.66,cleaned
19.645,8.195,5.54,0.02,1.15,747.25,0.55,46.305,28.415,2.6799999999999997,cleaned
18.9,8.14,1.44,0.07,2.285,731.583,0.33,54.519999999999996,40.275000000000006,0.29000000000000004,cleaned
22.305,8.15,1.03,0.046,1.4435,392.9,0.243,31.6665,37.11,0.365,cleaned
25.945,8.24,4.56,0.065,4.824999999999999,620.295,0.375,45.785,25.825000000000003,1.17,cleaned
24.04,8.114999999999998,2.33,0.2265,3.036,299.0,0.418,25.0,31.615000000000002,0.3499999999999999,cleaned
23.6,8.135000000000002,3.3,0.02,2.2750000000000004,782.46,0.505,59.88,26.56,3.47,cleaned
25.612000000000002,8.184999999999999,1.31,0.173,10.4585,420.25,0.256,45.317499999999995,26.025,0.3499999999999999,cleaned
25.015,8.16,9.8,0.055,2.7905,436.20000000000005,0.226,31.0,35.735,0.895,cleaned
25.78,8.125,2.9,0.1,3.37,594.75,0.31,67.28,35.7,0.59,cleaned
25.195,8.4,2.14,0.0265,0.9924999999999999,734.25,0.7545,55.849999999999994,28.09,1.21,cleaned
24.05,8.32,1.07,0.021,1.0835,495.2,0.3615,52.385000000000005,30.310000000000002,0.0545,cleaned
25.4015,8.235,1.36,0.02,1.32,641.4585,0.225,52.5,41.06,0.205,cleaned
27.345,8.36,1.27,0.034,2.2725,581.4,0.321,47.265,34.75,0.315,cleaned
29.2,8.44,1.27,0.021,1.226,668.78,0.265,60.36,35.805,0.32,cleaned
30.01,8.32,1.25,,,420.75,0.189,36.95,35.465,0.4749999999999999,cleaned
28.61,8.32,1.24,0.062,3.2395,642.65,0.239,27.255000000000003,41.135000000000005,0.665,cleaned
26.17,8.370000000000001,1.48,0.045,2.035,820.3335,0.33999999999999997,67.975,43.290000000000006,0.625,cleaned
28.4115,8.375,3.66,0.045,1.7650000000000001,833.125,0.375,55.51,36.43,1.45,cleaned
31.155,8.35,2.19,0.035,1.225,457.5,0.305,41.129999999999995,41.769999999999996,2.03,cleaned
30.44,8.19,2.16,0.0035,0.827,928.75,0.3935,83.6905,41.295,2.165,cleaned
33.41,8.22,1.67,0.045,4.0665000000000004,600.55,0.333,45.7,37.565,1.0350000000000001,cleaned
31.494999999999997,8.254999999999999,3.17,0.007,0.772,1244.583,0.46499999999999997,44.679,38.545,8.030000000000001,cleaned
30.355,8.379999999999999,1.46,0.0035,0.988,521.295,0.2475,43.93,40.035,0.7050000000000001,cleaned
30.49,8.225000000000001,3.39,0.06,2.96,776.21,0.41000000000000003,69.08,34.57,2.125,cleaned
32.795,8.32,1.29,0.215,2.05,911.25,0.215,73.315,43.99,0.605,cleaned
30.42,,2.49,0.02,1.245,725.708,0.405,67.14500000000001,40.43,1.8549999999999998,cleaned
31.8,8.22,2.4,0.033,2.6875,529.55,0.22799999999999998,49.75,34.285,1.115,cleaned
27.659999999999997,8.184999999999999,2.71,0.3155,4.665,518.625,0.239,46.5475,36.480000000000004,0.305,cleaned
31.185000000000002,8.2,2.26,0.02,2.392,1035.0,0.314,40.156,41.375,3.81,cleaned
31.665,8.235,2.03,0.023,2.3360000000000003,808.7,0.3665,45.35,38.8,1.8,cleaned
26.1,8.09,2.0,0.07500000000000001,2.6550000000000002,378.667,0.21,33.69,39.18,0.4000000000000001,cleaned
30.59,8.03,4.09,,0.525,755.705,0.48,56.385,34.209999999999994,5.109999999999999,cleaned
32.355000000000004,8.16,1.24,0.033,4.7155000000000005,706.2,0.2965,66.19,38.07,0.9049999999999999,cleaned
20.3,7.96,14.5,0.054,0.6855,917.915,0.708,80.11500000000001,13.73,6.544999999999999,cleaned
24.77,8.53,7.0,0.09,0.2945,1072.5,0.9445,84.05,7.21,21.92,cleaned
23.58,8.14,11.1,0.05550000000000001,0.6779999999999999,1259.55,0.879,83.69,25.9,6.16,cleaned
22.035,8.030000000000001,34.3,0.015,0.79,1334.585,1.52,84.38499999999999,25.125,23.649999999999995,cleaned
19.74,8.02,15.0,0.02,0.18,1268.3335,0.815,95.83500000000001,35.3,9.4,cleaned
24.13,7.7,8.56,0.0255,0.242,1913.35,1.4085,106.548,25.58,15.714999999999998,cleaned
24.63,8.06,15.4,0.1225,1.65,768.3,0.6819999999999999,65.6,20.33,9.38,cleaned
24.134999999999998,7.75,15.5,0.255,13.52,1226.25,1.45,100.005,18.04,26.355,cleaned
24.294,8.17,9.52,0.5525,9.368,974.6,1.0165,59.907,2.49,6.64,cleaned
24.240000000000002,8.065,8.3,0.1595,6.3025,1105.0,0.6165,82.30000000000001,32.19,6.91,cleaned
27.36,7.82,4.82,0.1,6.12,1094.585,0.6950000000000001,88.72,33.120000000000005,3.2999999999999994,cleaned
26.28,8.18,26.7,0.0295,0.107,1605.5,1.9755,127.6,16.62,29.060000000000002,cleaned
24.19,8.21,11.9,0.511,8.2375,874.15,0.7535000000000001,97.38,24.6,2.335,cleaned
24.53,8.09,14.1,0.0,0.02,1255.4165,1.01,125.595,37.1,8.68,cleaned
26.99,8.11,7.8,0.088,2.3685,1304.6,0.766,93.69,29.03,5.935,cleaned
28.53,8.42,31.3,,,1479.5,1.6835,135.25,22.42,9.955,cleaned
28.7,8.43,3.42,0.023,0.7384999999999999,874.17,0.592,91.67,31.63,0.89,cleaned
28.93,7.95,13.8,0.016,0.373,1204.6,1.0485,56.870000000000005,37.11,10.48,cleaned
27.99,8.07,9.72,0.02,0.225,1435.4165,0.95,127.38499999999999,43.66,10.975,cleaned
28.5,8.13,15.7,0.03,0.555,1202.08,0.835,80.875,35.5,7.19,cleaned
31.11,7.86,37.8,0.125,1.855,1140.417,0.54,114.63999999999999,44.58,2.655,cleaned
32.63,7.86,15.2,0.077,8.36,2544.5,1.2814999999999999,161.95,25.42,19.18,cleaned
33.34,7.99,6.88,0.041999999999999996,2.7045000000000003,1342.9,0.8835,65.4075,24.73,10.115,cleaned
30.49,8.14,6.24,0.031,0.24050000000000002,1415.0,0.629,113.455,39.14,4.82,cleaned
32.2,8.09,4.62,0.0175,3.5519999999999996,1202.085,0.6425000000000001,95.595,31.84,2.66,cleaned
31.2,8.35,31.2,0.05500000000000001,0.925,1057.92,1.36,156.89,21.46,19.43,cleaned
32.91,8.33,2.45,0.07,0.735,1546.25,0.555,101.62,36.27,3.08,cleaned
30.5,,42.0,0.11,0.29500000000000004,2497.0834999999997,2.27,198.93,30.52,37.055,cleaned
30.53,7.51,8.0,0.001,0.2935,2025.0,1.2915,103.5,28.93,13.5,cleaned
30.72,7.91,8.59,0.0635,1.5655000000000001,1180.0,0.7164999999999999,100.9,27.59,11.67,cleaned
30.42,7.7,10.1,0.056499999999999995,9.0555,1232.917,0.7044999999999999,48.667500000000004,37.86,2.34,cleaned
29.43,7.65,6.51,0.0805,0.2835,1742.5,1.2395,119.643,30.41,10.699999999999998,cleaned
26.555,8.09,13.0,0.08,0.32499999999999996,2340.5085,1.22,182.38,32.93,20.305,cleaned
30.04,7.42,19.9,,1.78,2171.5,3.14,110.04499999999999,14.66,185.73000000000002,cleaned
30.56,8.19,6.32,0.045,2.262,1238.75,0.6859999999999999,79.75999999999999,23.9,2.3,cleaned
25.99,8.1,9.3,0.34199999999999997,10.1685,842.6500000000001,0.78,74.45,17.4,7.935,cleaned
24.95,7.98,9.77,0.148,9.805,1036.5,0.433,74.80000000000001,33.57,2.705,cleaned
25.63,8.19,17.3,0.0385,2.3815,1218.5,1.4329999999999998,90.5,22.46,12.550000000000002,cleaned
27.94,8.14,9.89,,,702.9,0.5085,69.4,22.17,1.015,cleaned
32.5,7.83,4.99,0.2615,12.783,2619.0,1.1975,116.5,27.64,7.94,cleaned
30.0,7.25,9.96,0.0035,0.805,1859.5,1.2565,98.15,33.84,17.145,cleaned
24.009999999999998,8.26,2.68,0.10350000000000001,2.0374999999999996,640.9,0.317,47.25,27.72,2.69,cleaned
24.945,8.1,0.58,0.087,1.262,196.85,0.20700000000000002,72.1,35.6,0.325,cleaned
27.25,8.58,0.42,0.0315,1.028,492.70000000000005,0.6605,35.9,32.46,0.385,cleaned
30.369999999999997,8.335,1.24,,,404.65,0.2065,35.75,37.6,0.665,cleaned
32.489999999999995,8.355,0.89,0.035,1.7734999999999999,442.9,0.3625,25.75,38.29,1.54,cleaned
28.765,8.33,0.83,0.051500000000000004,0.723,790.45,0.27649999999999997,42.7,38.38,0.7399999999999999,cleaned
20.015,8.19,0.72,0.052000000000000005,0.8405,449.41499999999996,0.508,34.644999999999996,29.825,0.295,cleaned
24.21,8.24,1.43,0.2425,3.205,598.25,0.291,44.05,28.384999999999998,0.66,cleaned
20.035,8.265,1.03,0.1955,1.9805000000000001,441.9,0.368,35.355000000000004,33.545,0.43,cleaned
19.97,8.265,1.1,0.01,0.405,463.08500000000004,0.49,24.72,29.72,0.19499999999999998,cleaned
18.765,8.21,1.3,0.045,0.71,523.9165,0.44499999999999995,37.379999999999995,37.08,0.84,cleaned
21.939999999999998,8.085,0.55,0.0925,1.7494999999999998,337.65,0.41200000000000003,25.595,35.34,0.395,cleaned
25.935000000000002,8.075,10.9,,1.085,886.25,0.905,58.885,30.515,13.485,cleaned
24.130000000000003,8.325,2.73,0.055,1.98,464.17,0.765,34.32,27.93,5.705000000000001,cleaned
21.18,8.295,0.87,0.14250000000000002,2.2405,514.65,0.483,39.2,29.85,0.385,cleaned
25.807000000000002,8.16,0.93,0.1785,6.4045,468.05,0.494,41.575,27.92,0.425,cleaned
24.9355,8.125,1.15,0.0555,1.807,525.35,0.2225,34.0,36.635000000000005,0.635,cleaned
24.564999999999998,8.47,0.77,0.0295,0.494,585.8,0.322,55.955,31.564999999999998,0.545,cleaned
25.006500000000003,8.245000000000001,1.05,0.025,0.315,625.625,0.315,48.57,39.2,0.325,cleaned
27.255000000000003,8.475000000000001,1.05,0.07,1.578,660.8499999999999,0.33899999999999997,48.81,36.175,0.525,cleaned
27.18,8.54,0.39,0.073,1.053,615.75,0.637,44.15,32.945,0.455,cleaned
29.465,8.46,0.68,0.0815,2.1905,672.4449999999999,0.3215,61.19,37.775000000000006,0.63,cleaned
30.49,8.455,1.16,,,494.45000000000005,0.20450000000000002,43.25,37.085,0.435,cleaned
29.89,8.37,2.76,0.005,0.6665,673.6,0.5565,36.39,43.83,4.68,cleaned
26.535,8.425,1.29,0.04,0.925,386.583,0.315,34.525,38.94,0.23,cleaned
28.549500000000002,8.585,1.35,0.08499999999999999,1.12,662.42,0.365,44.285,39.03,0.525,cleaned
31.32,8.379999999999999,1.6,0.12,1.5950000000000002,646.5415,0.315,56.545,42.25,0.9199999999999999,cleaned
32.125,8.4,2.11,0.0235,0.5650000000000001,921.25,0.6105,34.609,38.71,6.125,cleaned
30.41,8.1,1.02,0.0175,1.193,481.45000000000005,0.304,42.619,39.33,0.755,cleaned
33.185,8.245000000000001,0.68,0.086,3.2405,479.5,0.3795,27.55,38.0,1.095,cleaned
30.305,8.245000000000001,1.03,0.0515,1.609,571.125,0.346,48.93,39.72,0.96,cleaned
30.535,8.37,1.79,0.10500000000000001,2.105,510.96000000000004,0.33499999999999996,41.765,34.635000000000005,0.545,cleaned
32.51,8.145,1.04,0.27,1.98,814.92,0.35,68.565,46.01,1.245,cleaned
30.39,,1.9,0.045,1.505,474.91650000000004,0.31,36.425,37.11,0.7799999999999999,cleaned
32.34,8.004999999999999,5.91,0.0215,0.2565,1930.8335,1.4175,80.5015,44.06,29.435000000000002,cleaned
28.020000000000003,8.115,2.3,0.033,3.0515,600.915,0.366,65.8335,40.655,2.67,cleaned
32.01,8.0,0.91,0.0815,3.0495,676.05,0.203,59.3,36.185,0.765,cleaned
26.73,8.105,2.47,0.10500000000000001,2.17,516.875,0.275,47.86,40.575,0.64,cleaned
30.9765,8.03,1.06,,1.605,541.04,0.4,42.515,35.435,1.085,cleaned
28.62,8.274999999999999,1.37,0.089,2.5149999999999997,810.7,0.3045,50.75,38.215,0.94,cleaned
32.555,8.09,0.79,0.1055,3.3175,719.15,0.347,59.17,40.535,0.8000000000000002,cleaned
20.085,8.11,1.19,0.0625,1.8405,569.205,0.479,47.025,29.69,0.635,cleaned
24.235,8.28,2.14,0.1255,5.215,626.15,0.293,54.55,25.009999999999998,1.205,cleaned
20.11,8.2,3.37,0.3695,4.484,504.79999999999995,0.45899999999999996,49.760000000000005,33.08,2.335,cleaned
20.024,8.2,2.34,0.14500000000000002,2.5199999999999996,478.67,0.56,29.725,29.835,0.62,cleaned
19.11,8.16,1.43,0.07,1.8599999999999999,756.625,0.41000000000000003,55.355000000000004,39.57,0.435,cleaned
22.395,8.04,1.04,0.1,4.249499999999999,328.15,0.27949999999999997,28.214,37.17,0.29000000000000004,cleaned
25.82,8.14,8.82,,1.58,863.75,0.675,59.28,28.46,8.34,cleaned
23.615000000000002,8.09,5.66,0.015,2.025,917.915,0.735,67.62,28.11,11.515,cleaned
21.36,8.165,1.41,0.605,2.282,376.9,0.4895,30.1,32.36,0.44,cleaned
25.494,8.09,1.28,0.187,8.129999999999999,311.4,0.3145,36.7495,30.119999999999997,0.255,cleaned
25.023,8.14,2.79,0.0385,1.025,645.75,0.24,23.45,35.790000000000006,0.795,cleaned
24.25,8.24,1.16,0.041499999999999995,1.242,398.3,0.279,45.474999999999994,32.150000000000006,0.3,cleaned
24.936999999999998,8.184999999999999,1.89,0.035,0.53,458.41650000000004,0.25,39.644999999999996,40.7,0.34,cleaned
26.2905,8.27,1.43,0.07100000000000001,1.298,480.0,0.325,39.05,35.275,0.565,cleaned
27.21,8.46,0.76,0.020499999999999997,0.764,637.9,0.615,46.3,31.915,0.71,cleaned
29.174999999999997,8.364999999999998,0.93,0.068,2.6005000000000003,602.78,0.291,52.620000000000005,38.135000000000005,0.48500000000000004,cleaned
30.625,8.4,1.68,,,393.35,0.22999999999999998,35.1,38.47,0.745,cleaned
29.835,8.31,1.08,0.0725,3.7405,373.7,0.24,21.82,41.135000000000005,0.665,cleaned
26.525,8.41,2.58,0.1,1.9049999999999998,520.542,0.29,47.855000000000004,39.46,0.385,cleaned
28.137500000000003,8.445,2.61,0.025,0.325,730.75,0.425,46.665,37.7,2.335,cleaned
30.875,8.245000000000001,0.91,0.04,1.75,356.91650000000004,0.215,32.86,40.974999999999994,0.45,cleaned
32.325,8.205,7.55,0.041999999999999996,0.129,1308.75,1.092,54.5415,38.260000000000005,20.51,cleaned
30.384999999999998,8.125,1.61,0.015,1.2085,641.6500000000001,0.365,58.4525,39.54,0.98,cleaned
32.959999999999994,8.254999999999999,1.27,0.053,3.684,572.9,0.312,37.8,37.955,2.6749999999999994,cleaned
30.52,8.305,1.11,0.018000000000000002,1.4609999999999999,496.0,0.32,47.019999999999996,41.125,0.945,cleaned
30.585,8.355,1.54,0.035,1.83,626.5,0.33,49.275,35.35,1.59,cleaned
32.77,8.235,1.43,0.23,1.9449999999999998,880.415,0.26,75.405,44.88,1.58,cleaned
30.48,,1.46,0.025,1.8900000000000001,560.5,0.33,47.144999999999996,39.235,0.9700000000000001,cleaned
31.53,8.1,3.28,0.012,0.4085,1171.6665,0.4695,53.004999999999995,42.235,8.425,cleaned
27.835,8.145,2.32,0.052,4.107,397.08,0.2655,43.0955,37.07,0.415,cleaned
32.13,8.14,0.89,0.0955,2.1185,619.45,0.1925,57.5,36.31,1.105,cleaned
26.89,8.185,1.31,0.08,1.88,320.5,0.215,29.645,39.985,0.34,cleaned
30.685000000000002,8.065000000000001,2.0,0.05,4.02,690.085,0.33499999999999996,55.85,36.05,1.145,cleaned
28.564999999999998,8.34,2.02,0.053,2.3825,945.85,0.3355,58.05,37.69,0.895,cleaned
32.33,8.04,1.29,0.049,6.77,656.65,0.325,61.665,39.055,0.8450000000000001,cleaned
25.101,8.215,3.51,0.028,1.4815,902.9,0.6555,63.099999999999994,22.845,8.4,cleaned
25.049999999999997,8.22,3.17,0.081,4.425,959.15,0.2865,63.849999999999994,36.995000000000005,1.6900000000000002,cleaned
25.525,8.43,1.59,0.043,0.69,750.9,0.8855,52.85,31.15,1.03,cleaned
30.1,8.31,1.16,,,777.05,0.40800000000000003,63.2,30.525,0.4000000000000001,cleaned
33.71,8.27,1.44,0.0345,3.966,500.75,0.4125,37.45,37.97,0.33,cleaned
31.31,8.18,2.36,0.0775,6.8815,629.05,0.455,51.7,35.614999999999995,1.67,cleaned
19.630000000000003,8.155000000000001,0.83,0.0415,0.952,686.75,0.5,55.475,28.355,0.36000000000000004,cleaned
25.0335,8.24,3.8,0.009,0.029,952.5,0.6705,64.4,22.91,10.69,cleaned
21.505000000000003,8.08,1.77,0.1435,4.968999999999999,388.35,0.4525,34.165,32.71,0.615,cleaned
20.185,8.114999999999998,3.99,0.19,5.48,546.54,0.555,38.3,30.04,0.155,cleaned
19.495,8.129999999999999,1.05,0.045,1.185,611.75,0.41500000000000004,42.019999999999996,38.245000000000005,0.245,cleaned
24.05,8.155000000000001,2.1,0.245,5.644,464.5,0.479,41.3,28.305,1.3549999999999998,cleaned
23.59,7.965,12.5,,1.5950000000000002,1015.415,1.665,88.07,28.835,27.225000000000005,cleaned
24.234499999999997,8.235,0.62,0.133,6.486000000000001,556.7,0.219,44.105,22.68,0.24,cleaned
25.215,8.24,2.58,0.07250000000000001,5.133,838.4,0.2585,62.0,36.655,1.065,cleaned
23.81,8.335,1.47,0.02,1.0390000000000001,657.05,0.499,66.665,30.335,0.375,cleaned
25.42,8.43,0.82,0.028,0.6645000000000001,635.0999999999999,0.7484999999999999,45.6,32.29,0.47,cleaned
24.905,8.25,1.32,0.04,1.37,713.708,0.47,56.43,37.370000000000005,0.7200000000000001,cleaned
27.765,8.344999999999999,1.93,0.0905,3.6845,703.7,0.4355,58.75,35.22,0.49,cleaned
30.4,8.364999999999998,1.23,,,574.3,0.3385,48.25,33.22,0.47,cleaned
29.6,8.37,1.75,0.042,1.668,744.96,0.3985,67.14500000000001,39.58,0.96,cleaned
28.91,8.3,4.3,0.074,4.682,726.2,0.255,29.634999999999998,42.365,4.805,cleaned
27.285,8.385000000000002,0.98,0.03,0.905,518.125,0.345,46.905,40.37,0.135,cleaned
28.106,8.44,1.94,0.06,1.28,637.04,0.475,47.275000000000006,39.285,0.62,cleaned
32.260000000000005,8.184999999999999,1.62,0.035,2.0999999999999996,587.5,0.345,78.57,45.05,0.49499999999999994,cleaned
33.545,8.16,1.39,0.041999999999999996,3.5060000000000002,529.9,0.374,38.8,38.165,0.38000000000000006,cleaned
30.6,8.035,2.63,0.036,1.8704999999999998,565.5,0.4135,55.119,39.735,1.8999999999999997,cleaned
31.22,8.25,7.47,0.0115,0.1475,1628.75,1.149,53.2155,38.785,22.205,cleaned
31.475,8.155000000000001,1.46,0.022,2.332,812.955,0.399,69.525,39.31,0.73,cleaned
30.465,8.245000000000001,2.02,0.04,2.0549999999999997,544.29,0.42000000000000004,44.32,31.89,0.82,cleaned
33.099999999999994,8.245000000000001,2.95,0.22999999999999998,2.035,980.415,0.38,81.515,45.25,0.8249999999999998,cleaned
30.78,,1.22,0.05,3.48,396.875,0.38,37.5,35.65,0.73,cleaned
31.935,8.059999999999999,4.38,0.0245,0.2415,1182.0,0.6295,113.35,35.54,15.145000000000001,cleaned
28.25,8.024999999999999,3.08,0.032,3.004,932.5,0.45499999999999996,82.619,39.620000000000005,2.36,cleaned
30.93,7.97,2.17,0.037500000000000006,2.225,775.625,0.4445,46.4435,42.655,3.0050000000000003,cleaned
31.345,8.17,2.4,0.0625,2.5810000000000004,626.5,0.43,46.95,37.915,1.67,cleaned
26.695,8.145,4.56,0.02,1.165,850.4165,0.435,82.5,40.045,2.3499999999999996,cleaned
29.985,8.0,3.49,,2.315,581.04,0.505,51.56,35.515,2.875,cleaned
32.06,7.985,9.02,0.0345,7.524,900.4,0.4585,67.38,37.035,0.34,cleaned
25.3705,8.22,3.21,0.08499999999999999,2.6479999999999997,886.65,0.54,61.650000000000006,22.785,6.699999999999999,cleaned
25.37,8.274999999999999,2.22,0.046,2.734,755.7,0.269,57.8,36.489999999999995,0.7200000000000001,cleaned
25.47,8.434999999999999,0.68,0.032,0.8095,706.25,0.649,49.75,31.285,1.145,cleaned
30.775,8.4,1.29,,,519.55,0.294,48.55,34.26,0.36999999999999994,cleaned
33.255,8.135000000000002,1.08,0.036000000000000004,3.6545,541.85,0.33,33.85,38.120000000000005,0.465,cleaned
31.43,8.09,2.02,0.0555,2.6365,638.1500000000001,0.4155,48.25,38.775,1.15,cleaned
,,,,,,,,,,coastal_g
26.5,,0.265,0.001,,16.303,0.03,1.644,54.0,,coastal_g
25.8,,0.325,0.001,0.004,20.785,0.023,2.099,63.0,,coastal_g
30.7,,0.315,0.001,0.008,21.108,0.031,1.416,50.6,,coastal_g
30.9,,0.32,0.001,0.008,22.268,0.038,1.318,42.5,,coastal_g
28.8,,0.9,0.001,0.003,42.873,0.053,0.926,40.4,,coastal_g
28.4,,7.69,0.003,0.021,33.08,0.12,2.909,31.5,,coastal_g
26.9,,11.575,0.004,0.076,31.38,0.13,2.539,31.3,,coastal_g
24.6,,7.075,0.001,0.017,25.155,0.082,1.169,34.1,,coastal_g
22.7,,0.455,0.005,0.115,18.385,0.02,1.138,34.4,,coastal_g
20.9,,0.705,0.001,0.171,12.1,0.018,0.699,36.6,,coastal_g
25.8,,0.625,0.002,0.41,9.58,0.021,0.383,36.1,,coastal_g
25.6,,1.445,0.001,0.052,16.043,0.031,1.021,41.5,,coastal_g
16.2,,4.94,0.001,0.021,13.905,0.018,0.725,35.8,,coastal_g
25.2,,0.925,0.002,0.012,18.005,0.028,1.219,53.6,,coastal_g
30.6,,1.005,0.003,0.09,19.04,0.026,0.745,13.7,,coastal_g
28.2,,1.77,0.001,0.09,22.675,0.026,1.236,23.8,,coastal_g
29.5,,9.52,0.003,0.037,40.332,0.067,3.3,24.0,,coastal_g
27.2,,28.71,0.005,0.045,26.976,0.097,4.355,23.6,,coastal_g
26.7,,17.1,0.003,0.021,29.318,0.024,2.506,23.0,,coastal_g
24.6,,13.5,0.003,0.035,22.575,0.055,1.377,22.1,,coastal_g
16.6,,7.79,0.003,0.018,27.158,0.045,1.823,21.3,,coastal_g
21.7,,6.37,0.002,,12.97,0.022,,24.2,,coastal_g
18.9,,1.79,0.001,0.081,8.44,0.018,0.814,31.5,,coastal_g
20.8,,0.97,0.002,0.325,10.14,0.015,0.68,33.4,,coastal_g
23.3,,1.86,0.002,0.064,16.65,0.018,1.137,37.2,,coastal_g
24.6,,18.66,0.001,0.008,17.9,0.03,1.986,39.4,,coastal_g
29.1,,6.905,0.001,0.014,27.47,0.051,1.874,38.9,,coastal_g
32.0,,12.045,0.001,0.007,22.89,0.032,2.714,42.5,,coastal_g
29.5,,5.355,0.001,0.014,30.72,0.012,1.776,40.8,,coastal_g
30.7,,3.535,0.003,0.045,11.7,0.008,1.066,40.4,,coastal_g
26.9,,12.3,0.001,0.013,27.17,0.047,1.95,40.6,,coastal_g
20.2,,40.885,0.005,0.028,32.44,0.077,2.941,32.7,,coastal_g
20.7,,51.33,0.003,0.024,17.57,0.067,1.613,40.3,,coastal_g
20.2,,27.65,0.006,0.17,,0.044,1.186,34.8,,coastal_g
18.6,,45.55,0.001,0.01,,0.072,2.65,35.1,,coastal_g
22.9,,2.55,0.004,0.425,,0.017,0.506,34.8,,coastal_g
25.6,,2.8,0.0017,0.0474,8.31,0.0051,0.697,41.25,,coastal_g
29.0,,26.0,0.0023,0.0225,33.72,0.006,,45.25,,coastal_g
29.4,,14.5,0.0013,0.0097,27.94,0.0138,,41.9,,coastal_g
27.85,,35.9,0.0024,0.064,19.06,0.0295,,46.45,,coastal_g
29.25,,77.2,0.0013,0.0074,20.15,0.0476,,50.25,,coastal_g
25.35,,24.8,0.003,0.0624,16.53,0.0346,,32.65,,coastal_g
28.85,,10.4,0.0028,0.0517,20.4,0.0705,,18.3,,coastal_g
25.525,,19.8,0.0019,0.0124,23.955,0.05855,,18.4,,coastal_g
25.9,,5.9,0.0021,0.364,17.61,0.0352,,17.6,,coastal_g
20.7,,84.5,0.0016,0.0604,11.74,0.0306,,28.2,,coastal_g
17.4,,8.1,0.0019,0.0427,8.64,0.0191,,26.8,,coastal_g
23.8,,42.2,0.0026,0.0151,20.56,0.0808,,28.3,,coastal_g
25.6,,49.7,0.0057,0.5035,18.94,0.0285,,31.5,,coastal_g
35.3,,7.1,0.0026,0.2952,9.74,0.0109,,30.7,,coastal_g
25.6,,41.0,0.0009,0.0028,23.25,0.0636,,30.6,,coastal_g
31.1,,2.2,0.0011,0.0895,10.4,0.0158,,31.8,,coastal_g
31.6,,12.6,0.0004,0.0039,24.96,0.0479,,22.9,,coastal_g
29.4,,14.2,0.0013,0.2577,10.18,0.0236,,26.8,,coastal_g
27.6,,17.0,0.006,0.154,17.91,0.0199,,18.5,,coastal_g
19.7,,34.8,0.0007,0.006,21.35,0.057,,22.05,,coastal_g
21.85,,65.6,0.0053,0.133,11.77,0.0317,,21.7,,coastal_g
23.8,,34.3,0.0053,0.1225,12.53,0.0366,,27.05,,coastal_g
22.1,,38.6,0.0017,0.051,9.85,0.022,,31.0,,coastal_g
17.6,,22.9,0.0013,0.0743,5.98,0.0177,,32.6,,coastal_g
26.5,,15.6,0.0206,0.5263,10.07,0.0211,,34.0,,coastal_g
23.4,,125.6,0.0173,0.7025,13.55,0.0823,,30.75,,coastal_g
30.45,,15.3,0.0038,0.0533,18.41,0.0392,,37.0,,coastal_g
30.3,,5.3,0.0068,0.1145,10.31,0.015,,37.3,,coastal_g
27.7,,27.1,0.0026,0.2833,19.94,0.0384,,31.0,,coastal_g
32.5,,6.4,0.0028,0.1469,9.16,0.0115,,32.2,,coastal_g
25.0,,25.4,0.0062,0.3935,13.87,0.0307,,28.8,,coastal_g
26.3,,33.9,0.0108,0.481,14.31,0.0151,,19.8,,coastal_g
24.4,,9.9,0.0232,0.3849,13.46,0.0245,,26.1,,coastal_g
23.65,,11.9,0.0005,0.0067,18.02,0.0504,,34.0,,coastal_g
26.6,,39.2,0.0145,0.2787,15.65,0.0206,,34.8,,coastal_g
27.8,,5.1,0.0157,0.6511,12.92,0.0335,,28.65,,coastal_g
26.5,,14.2,0.0187,0.425,12.43,0.015,,34.4,,coastal_g
33.9,,5.6,0.0014,0.0332,13.45,0.0146,,42.25,,coastal_g
29.6,,9.3,0.0025,0.153,7.08,0.0113,,24.1,,coastal_g
,,,0.0004,0.0034,14.65,0.0229,,,,coastal_g
33.3,,17.7,0.0013,0.0081,20.38,0.0363,,21.5,,coastal_g
30.6,,17.4,0.0034,0.0108,16.46,0.0255,,27.05,,coastal_g
23.3,,9.4,0.0007,0.0094,17.36,0.0377,,24.3,,coastal_g
21.6,,16.5,0.0039,0.159,10.67,0.0264,,31.5,,coastal_g
26.5,,7.7,0.0072,0.0957,9.32,0.015,,26.7,,coastal_g
22.6,,5.9,0.0071,0.2083,8.85,0.0174,,30.55,,coastal_g
24.6,,21.7,0.012,0.3273,9.84,0.0213,,25.2,,coastal_g
26.3,,100.5,0.0389,0.5858,10.76,0.0379,,28.8,,coastal_g
24.8,,19.0,0.0519,0.6377,12.23,0.0171,,33.1,,coastal_g
31.0,,8.7,0.0021,0.0953,8.67,0.0163,,37.1,,coastal_g
31.4,,20.3,0.0023,0.1363,12.07,0.0119,,42.7,,coastal_g
30.55,,2.5,0.0006,0.0157,6.33,0.0084,,33.35,,coastal_g
32.0,,7.4,0.0005,0.0017,14.55,0.0309,,34.5,,coastal_g
29.35,,19.8,0.00245,0.0346,15.145,0.03035,,29.4,,coastal_g
,,,,,,,,,,coastal_g
25.7,,14.0,0.0005,0.0041,14.8,0.0177,,25.9,,coastal_g
25.4,,25.3,0.0006,0.0014,19.15,0.0403,,26.55,,coastal_g
21.6,,16.8,0.0007,0.0116,14.54,0.0248,,30.5,,coastal_g
26.7,,21.5,0.0015,0.0089,,0.0095,,32.2,,coastal_g
25.2,,8.1,0.0051,0.1078,7.54,0.011,,34.95,,coastal_g
29.1,,8.2,0.0038,0.0486,12.05,0.0271,,40.25,,coastal_g
30.1,,15.1,0.0081,0.6185,10.83,0.016,,41.5,,coastal_g
29.3,,16.1,0.0065,0.0359,17.41,0.0183,,36.6,,coastal_g
30.3,,14.5,0.0089,0.1284,14.68,0.0289,,33.95,,coastal_g
31.2,,17.2,0.0014,0.0015,15.71,0.0281,,34.8,,coastal_g
28.6,,15.7,0.0017,0.0749,8.46,0.0231,,29.75,,coastal_g
23.65,,29.0,0.0014,0.0046,18.46,0.0349,,11.95,,coastal_g
24.0,,99.1,0.0091,0.1,15.09,0.0703,,18.1,,coastal_g
16.9,,25.8,0.001,0.0144,14.03,0.044,,22.35,,coastal_g
17.5,,5.6,0.0012,0.0116,10.09,0.0493,,30.95,,coastal_g
26.1,,19.2,0.0003,0.0024,13.49,0.0207,,29.3,,coastal_g
26.05,,22.2,0.0005,0.0068,19.47,0.0597,,33.55,,coastal_g
27.8,,13.5,0.0011,0.0046,13.1,0.0344,,38.1,,coastal_g
29.75,,9.9,,0.2,9.18,0.0175,,42.95,,coastal_g
31.1,,9.1,0.0037,0.0988,12.82,0.0173,,40.65,,coastal_g
33.4,,5.1,0.0005,0.037,8.07,0.0182,,39.1,,coastal_g
30.45,,8.4,0.0009,0.0085,13.33,0.0247,,43.15,,coastal_g
31.3,,2.1,0.0009,,15.37,0.0274,,45.65,,coastal_g
23.5,,16.0,0.0014,0.015,19.36,0.0282,,32.45,,coastal_g
21.6,,19.0,0.0007,0.0072,21.55,0.0393,,35.6,,coastal_g
23.1,,11.6,0.0005,0.0019,16.06,0.0629,,35.55,,coastal_g
13.9,,10.1,0.0011,0.0134,8.27,0.0309,0.53,36.6,,coastal_g
22.95,,9.2,0.0073,0.1005,15.55,0.0186,0.98,38.15,,coastal_g
18.2,,36.9,0.0024,0.0634,10.09,0.0338,0.71,38.0,,coastal_g
23.3,,19.2,0.002,0.0146,9.86,0.0135,0.46,43.4,,coastal_g
25.2,,3.0,0.0019,0.005,11.61,0.0082,0.48,51.0,,coastal_g
,,3.2,0.0011,0.0079,10.22,0.0095,0.35,,,coastal_g
31.85,,3.9,0.0011,0.0039,11.55,0.0105,0.68,44.3,,coastal_g
31.7,,5.9,0.0019,0.1337,17.73,0.0212,0.58,31.7,,coastal_g
30.15,,10.5,0.0004,0.0152,16.61,0.0121,0.39,32.4,,coastal_g
28.4,,10.5,0.0027,0.0673,12.52,0.0106,0.43,22.0,,coastal_g
21.8,,12.7,0.0045,0.1255,10.03,0.0082,0.34,19.0,,coastal_g
24.9,,12.4,0.0005,0.0042,14.13,0.018,0.71,20.9,,coastal_g
26.25,,17.2,0.0007,0.0051,10.72,0.0172,0.48,28.9,,coastal_g
21.2,,14.4,0.0007,0.0047,12.4,0.0143,0.45,25.65,,coastal_g
27.3,,11.5,0.0044,0.0486,11.11,0.0127,0.36,28.55,,coastal_g
25.4,,18.9,0.0031,0.0903,13.25,0.0155,0.4,32.2,,coastal_g
31.15,8.2,5.4,0.0026,0.0649,12.84,0.0178,0.8,36.0,,coastal_g
30.7,8.5,7.7,0.0063,0.18,10.47,0.0071,0.78,30.05,,coastal_g
27.65,8.1,14.7,0.0081,,18.25,0.0334,0.36,16.85,,coastal_g
32.6,8.4,15.0,0.0006,0.0092,20.73,0.0239,1.8,21.1,,coastal_g
30.35,8.3,12.6,0.003,0.0971,14.88,0.0356,1.08,22.2,,coastal_g
26.05,8.1,10.2,0.0019,0.0277,13.44,0.0186,0.54,21.55,,coastal_g
20.3,8.1,14.1,0.0017,0.0208,13.57,0.0279,1.19,27.95,,coastal_g
24.9,7.9,6.7,0.0034,0.0414,9.59,0.0173,0.4,32.3,,coastal_g
13.8,8.1,13.6,0.003,0.0373,6.45,0.0084,0.23,32.4,,coastal_g
25.25,8.6,9.3,0.0042,0.0546,10.69,0.0133,0.86,32.3,,coastal_g
29.2,8.2,3.8,0.0026,0.028,5.54,0.0074,0.45,34.4,,coastal_g
26.5,8.4,4.6,0.0013,0.0102,6.12,0.0084,0.34,33.4,,coastal_g
29.3,8.2,3.4,0.0088,0.0759,6.21,0.0071,0.51,34.9,,coastal_g
30.6,8.0,5.8,0.0034,0.0717,8.98,0.0109,0.55,32.3,,coastal_g
29.9,7.9,15.8,0.0014,0.0062,12.06,0.023,0.63,31.9,,coastal_g
31.6,8.4,11.4,0.0003,0.0076,14.64,0.0224,0.9,35.8,,coastal_g
29.7,7.9,8.7,0.004,0.1541,8.65,0.0121,0.78,35.05,,coastal_g
29.8,8.2,4.3,0.0014,0.0438,4.84,0.0078,0.43,36.7,,coastal_g
26.8,8.1,13.2,0.0009,0.0459,11.9,0.0254,0.83,26.75,,coastal_g
20.0,8.3,13.0,,0.0058,10.68,0.0207,0.7,27.25,,coastal_g
18.1,8.0,8.2,0.0102,0.1208,6.49,0.0103,0.5,32.45,,coastal_g
25.3,8.1,8.3,0.0139,0.0851,7.26,0.0075,0.82,33.05,,coastal_g
23.65,8.1,2.0,0.02,0.1449,10.88,0.0154,1.3,34.7,,coastal_g
23.9,8.1,6.8,0.0087,0.1126,7.88,0.0078,1.08,37.35,,coastal_g
27.1,8.2,23.7,0.0042,0.1269,10.86,0.0081,0.83,38.15,,coastal_g
30.0,8.1,3.4,0.0014,0.02,14.05,0.0059,0.59,47.3,,coastal_g
30.65,8.0,3.0,0.0029,0.0751,7.19,0.0094,0.45,41.9,,coastal_g
30.5,8.0,4.5,0.0028,0.0583,9.42,0.0072,0.75,37.3,,coastal_g
28.4,7.8,12.2,0.0039,0.2069,6.73,0.0112,0.55,33.8,,coastal_g
26.5,8.1,14.0,0.0021,0.0089,14.84,0.0262,0.77,31.0,,coastal_g
23.3,8.3,18.6,0.0021,0.0407,16.46,0.039,0.81,37.8,,coastal_g
19.85,8.2,2.4,0.0054,0.0838,8.32,0.0106,0.27,39.95,,coastal_g
,,,,,,,,,,coastal_g
,,,,,,,,,,coastal_g
,,,,,,,,,,coastal_g
,,,,,,,,,,coastal_g
,,,,,,,,,,coastal_g
,,,,,,,,,,coastal_g
,,,,,,,,,,coastal_g
,,,,,,,,,,coastal_g
,,,,,,,,,,coastal_g
,,,,,,,,,,coastal_g
,,,,,,,,,,coastal_g
,,,,,,,,,,coastal_g
,,,,,,,,,,coastal_g
,,,,,,,,,,coastal_g
,,,,,,,,,,coastal_g
,,,,,,,,,,coastal_g
,,,,,,,,,,coastal_g
,,,,,,,,,,coastal_g
,,,,,,,,,,coastal_g
,,,,,,,,,,coastal_g
,,,,,,,,,,coastal_g
28.01,8.715,8.185,0.000700015,0.00880045,17.5300002,0.048839795,0.67947182,27.02,,coastal_g
25.505,8.61,12.7,4.356e-05,0.00240973,17.9700002,0.034073825,0.825939125,30.25,,coastal_g
26.87,8.575,15.81,0.0030222,0.015432035,19.4575002,0.037929865,0.93412903,33.935,,coastal_g
18.025,8.555,9.905,0.00068368,,13.4900001,0.033333325,0.74235842,33.575,,coastal_g
19.595,8.61,1.505,0.000902025,,11.0775001,0.01574709,0.505684215,40.335,,coastal_g
24.11,8.91,4.485,0.000143885,0.01090662,11.7250001,0.01955171,0.98206223,41.1,,coastal_g
24.83,8.67,1.2,0.000388325,0.01172019,14.5975001,0.011455675,1.06148983,39.385,,coastal_g
28.91,8.855,1.965,0.00105328,0.015335075,17.37250015,0.01701958,0.60347422,42.575,,coastal_g
29.45,8.745,2.245,0.001161115,0.01797134,14.3500001,0.011970115,0.481289215,39.84,,coastal_g
32.06,8.84,0.8,1.5e-05,0.01,836.165,0.0094685,0.375,37.09,,coastal_g
30.8,8.65,0.6,0.0006575,0.0098255,844.975,0.0098765,0.51,39.795,,coastal_g
29.29,8.625,0.97,0.0014745,0.007804,806.685,0.00914,0.36,46.985,,coastal_g
27.7,8.435,3.66,0.00082438,0.01063913,16.5450001,0.01721041,1.01300363,31.48,,coastal_g
23.325,8.76,0.765,0.000408885,0.009841255,12.7250001,0.009579905,0.54314052,23.84,,coastal_g
25.145,8.85,6.35,0.00096165,0.00789438,17.6650002,0.03279307,0.64007162,32.305,,coastal_g
22.425,8.505,5.25,0.00066671,0.00547242,14.3150001,0.0258206,0.55979982,34.01,,coastal_g
27.41,8.705,4.97,0.00111992,0.00549162,14.7150001,0.03256604,1.01781683,41.57,,coastal_g
27.62,8.84,4.32,0.00181522,0.00845093,11.6150001,0.02140576,0.91007703,39.925,,coastal_g
27.575,8.56,2.3,0.00149867,0.00604756,11.9950001,0.0090723,0.77631542,45.39,,coastal_g
28.885,8.615,0.67,0.00084031,0.01267953,14.7050001,0.01260177,0.99631983,47.73,,coastal_g
29.555,8.66,0.55,0.00080825,,9.50500008,0.01655611,0.41101201,51.955,,coastal_g
,,,,,,,,,,coastal_g
,,,,,,,,,,coastal_g
,,,,,,,,,,coastal_g
,,,,,,,,,,coastal_g
,,,,,,,,,,coastal_g
,,,,,,,,,,coastal_g
24.9,7.9,1.2,,0.013,13.9,0.015,1.19,36.1,,coastal_g
21.7,8.4,0.7,,,8.1,0.005,0.7,37.9,,coastal_g
24.4,8.5,1.1,,0.009,16.7,0.011,1.36,39.4,,coastal_g
25.5666666666667,8.73333333333333,2.0,,0.0183333333333333,13.6,0.01,1.15,47.6,,coastal_g
27.0,8.4,0.4,,0.029,15.7,0.004,1.19,51.9,,coastal_g
29.9,8.4,1.1,,0.011,14.2,0.012,1.12,47.4,,coastal_g
32.2,8.8,2.5,,0.021,14.1,0.013,1.28,38.4,,coastal_g
30.2,8.8,3.3,,0.013,16.3,0.012,1.69,38.4,,coastal_g
30.7,8.3,2.4,,0.015,13.4,0.019,1.42,34.3,,coastal_g
29.9,8.6,2.7,0.0,0.0045,8.55,0.009,0.99,33.6,,coastal_g
24.8,8.2,1.1,,0.026,16.6,0.005,1.46,34.3,,coastal_g
22.9,8.1,1.2,0.003,0.583,8.0,0.014,1.34,36.2,,coastal_g
8.0,8.5,1.8,0.003,0.084,7.5,0.009,0.75,34.4,,coastal_g
17.7,8.5,1.4,0.002,0.035,9.7,0.008,0.95,31.1,,coastal_g
19.1,8.7,1.5,,0.01,8.7,0.009,0.72,32.7,,coastal_g
25.2,8.7,0.35,,0.0065,7.95,0.004,0.595,39.2,,coastal_g
30.4,8.8,1.0,,0.017,16.2,0.014,1.63,44.9,,coastal_g
34.3,9.0,1.0,,0.008,5.0,0.0065,0.515,42.7,,coastal_g
29.3,8.9,1.0,,0.038,10.9,0.008,1.64,42.9,,coastal_g
33.1,9.0,4.8,,0.018,10.2,0.011,1.06,35.6,,coastal_g
28.1,8.8,1.4,,0.022,14.6,0.009,1.55,36.0,,coastal_g
26.7,8.7,0.8,,0.03,15.7,0.01,1.43,25.4,1.1,coastal_g
24.6,8.9,0.3,,0.015,6.6,0.005,0.605,27.9,0.32,coastal_g
11.4,8.6,2.0,,0.008,9.7,0.007,0.77,34.7,0.3,coastal_g
23.8,8.5,3.1,,0.009,13.0,0.015,1.11,30.2,2.7,coastal_g
20.9,8.3,1.3,,0.017,9.8,0.01,0.99,36.1,1.2,coastal_g
21.8,9.0,0.6,,0.017,14.9,0.01,1.46,38.8,0.4,coastal_g
27.6,8.7,0.55,0.0,0.0205,4.9,0.0055,0.515,40.9,0.07,coastal_g
27.1,8.8,0.55,,0.0055,7.2,0.003,0.66,49.0,0.085,coastal_g
32.4,8.8,0.9,,0.031,16.5,0.009,1.34,55.3,0.984,coastal_g
33.4,8.7,1.0,,0.023,14.0,0.014,1.23,51.4,2.18,coastal_g
32.6,8.7,1.5,,0.014,8.3,0.009,0.86,38.5,0.707,coastal_g
31.9,8.9,0.8,,0.023,9.1,0.013,1.1,39.1,0.878,coastal_g
26.3,8.4,2.4,,0.014,16.7,0.018,1.39,29.0,3.6,coastal_g
,,,,,,,,,,coastal_g
24.0,8.3,1.8,0.002,0.024,18.3,0.013,1.63,31.8,0.424,coastal_g
,,,,,,,,,,coastal_g
22.5,8.2,1.0,,0.021,16.1,0.011,1.64,38.2,0.307,coastal_g
,,,,,,,,,,coastal_g
25.2,9.1,0.4,,0.0045,5.0,0.0045,0.47,45.0,,coastal_g
,,,,,,,,,,coastal_g
29.3,8.6,1.6,,0.027,9.2,0.015,0.98,34.9,0.764,coastal_g
,,,,,,,,,,coastal_g
32.4,8.5,1.6,,0.024,14.0,0.011,1.39,35.3,0.967,coastal_g
,,,,,,,,,,coastal_g
28.5,8.3,3.4,,0.022,12.8,0.021,1.25,31.5,3.68,coastal_g
,,,,,,,,,,coastal_g
26.3,8.1,6.2,,0.087,13.0,0.021,1.51,32.0,4.66,coastal_g
,,,,,,,,,,coastal_g
20.2,8.4,1.7,,0.005,7.3,0.009,0.79,34.3,2.865,coastal_g
,,,,,,,,,,coastal_g
26.7,8.6,1.2,,0.014,15.1,0.01,1.27,40.6,0.611,coastal_g
,,,,,,,,,,coastal_g
30.4,8.6,5.2,,0.019,16.4,0.02,1.69,28.6,7.28,coastal_g
,,,,,,,,,,coastal_g
29.6,8.7,1.4,,0.015,19.6,0.012,1.63,26.9,1.69,coastal_g
,,,,,,,,,,coastal_g
24.6,8.4,0.8,,0.0095,5.8,0.0075,0.59,34.0,0.2335,coastal_g
,,,,,,,,,,coastal_g
26.2,8.5,1.5,,0.055,11.6,0.007,1.13,26.5,0.72,coastal_g
,,,,,,,,,,coastal_g
26.6,8.4,1.5,,0.046,13.4,0.016,1.37,34.7,0.858,coastal_g
,,,,,,,,,,coastal_g
26.9,8.5,1.7,,0.02,12.3,0.01,1.17,40.1,0.336,coastal_g
,,,,,,,,,,coastal_g
31.0,8.5,2.6,,0.05,14.8,0.01,0.99,43.8,0.604,coastal_g
,,,,,,,,,,coastal_g
28.9,8.2,3.3,,0.02,11.5,0.009,1.13,40.4,1.23,coastal_g
,,,,,,,,,,coastal_g
26.7,8.4,3.4,,0.032,17.8,0.012,1.72,38.4,1.32,coastal_g
,,,,,,,,,,coastal_g
18.9,8.3,3.3,,0.041,9.7,0.007,1.01,35.8,0.342,coastal_g
,,,,,,,,,,coastal_g
18.9,8.6,2.1,,0.02,7.2,0.007,0.723,36.8,0.176,coastal_g
,,,,,,,,,,coastal_g
28.8,8.6,2.1,,0.024,16.1,0.008,1.64,49.6,0.431,coastal_g
,,,,,,,,,,coastal_g
30.0,8.6,1.3,,0.028,15.9,0.009,1.78,56.5,0.768,coastal_g
,,,,,,,,,,coastal_g
32.8,8.8,3.2,,0.027,12.7,0.017,1.5,45.1,2.28,coastal_g
,,,,,,,,,,coastal_g
27.9,8.2,0.9,,0.03,5.8,0.011,0.808,39.1,2.0,coastal_g
,,,,,,,,,,coastal_g
,,,,,,,,,,coastal_g
16.6,7.8,2.0,0.002,0.798,8.6,0.016,1.9,34.6,1.63,coastal_g
21.9,7.6,2.7,,1.122,11.2,0.025,2.51,30.4,2.07,coastal_g
,,,,,,,,,,coastal_g
27.4,7.7,1.3,0.003,0.742,15.9,0.023,2.44,37.5,2.07,coastal_g
,,,,,,,,,,coastal_g
30.7,8.2,6.7,,0.041,10.8,0.038,1.72,38.5,12.5,coastal_g
,,,,,,,,,,coastal_g
29.9,7.9,10.3,,0.021,13.9,0.033,1.91,37.7,15.5,coastal_g
,,,,,,,,,,coastal_g
23.2,8.0,3.95,,0.0135,8.25,0.022,1.185,36.5,12.534,coastal_g
,,,,,,,,,,coastal_g
24.4,7.9,1.4,,0.1565,6.55,0.0065,0.71,28.1,0.769,coastal_g
,,,,,,,,,,coastal_g
25.3,8.0,4.2,,0.208,6.8,0.022,0.989,37.3,14.7,coastal_g
,,,,,,,,,,coastal_g
24.8,8.4,0.9,,0.026,5.9,0.0035,0.625,40.1,0.2755,coastal_g
,,,,,,,,,,coastal_g
,,,,,,,,,,coastal_g
,,,,,,,,,,coastal_g
28.1,7.9,1.6,,0.071,8.0,0.011,0.919,42.8,0.436,coastal_g
,,,,,,,,,,coastal_g
26.6,7.8,5.65,0.001,0.094,10.65,0.03,1.32,21.5,8.792,coastal_g
,,,,,,,,,,coastal_g
15.6,7.6,25.65,,0.311,5.8,0.039,1.145,29.0,9.242,coastal_g
,,,,,,,,,,coastal_g
26.2,8.2,7.4,,,8.6,0.028,1.325,29.5,15.542,coastal_g
,,,,,,,,,,coastal_g
29.5,7.9,4.15,,0.0025,6.15,0.016,0.9,40.9,10.392,coastal_g
,,,,,,,,,,coastal_g
29.2,8.1,8.5,0.002,0.477,12.2,0.033,1.88,28.1,11.9,coastal_g
,,,,,,,,,,coastal_g
29.7,8.4,7.0,,0.011,16.9,0.029,2.02,30.6,9.26,coastal_g
,,,,,,,,,,coastal_g
27.6,8.3,10.7,,0.027,21.3,0.046,2.96,37.6,15.9,coastal_g
,,,,,,,,,,coastal_g
21.9,8.1,14.8,,0.013,17.6,0.055,2.31,36.2,25.0,coastal_g
,,,,,,,,,,coastal_g
25.3,7.9,11.9,0.002,0.145,13.8,0.045,2.04,35.3,17.6,coastal_g
,,,,,,,,,,coastal_g
28.0,8.2,12.7,,0.026,17.8,0.041,2.14,40.0,19.5,coastal_g
,,,,,,,,,,coastal_g
30.0,7.7,6.6,,0.023,12.7,0.032,1.57,43.4,11.3,coastal_g
,,,,,,,,,,coastal_g
31.7,8.1,4.3,,0.03,10.5,0.022,1.39,34.9,8.33,coastal_g
,,,,,,,,,,coastal_g
26.5,7.8,12.4,,0.017,14.6,0.035,2.09,37.7,28.6,coastal_g
,,,,,,,,,,coastal_g
19.8,8.1,2.9,,0.046,8.0,0.012,0.763,37.0,1.94,coastal_g
,,,,,,,,,,coastal_g
17.7,8.0,4.7,,0.382,10.2,0.018,1.34,34.8,3.04,coastal_g
,,,,,,,,,,coastal_g
26.8,8.2,9.4,,0.011,17.5,0.036,1.9,46.6,8.86,coastal_g
,,,,,,,,,,coastal_g
30.4,8.6,1.2,,0.066,11.6,0.011,1.18,38.8,1.03,coastal_g
,,,,,,,,,,coastal_g
31.3,8.1,1.6,,0.05,13.2,0.012,1.57,41.1,2.94,coastal_g
,,,,,,,,,,coastal_g
30.7,7.9,2.5,0.002,0.212,18.5,0.014,1.61,30.1,2.01,coastal_g
,,,,,,,,,,coastal_g
16.1,8.2,2.25,,0.009,3.05,0.004,0.295,29.4,0.3005,coastal_g
19.3,8.2,2.0,0.002,0.059,10.7,0.014,1.02,26.3,2.4,coastal_g
,,,,,,,,,,coastal_g
24.9,8.3,1.4,0.002,0.063,11.9,0.009,1.12,31.0,0.471,coastal_g
,,,,,,,,,,coastal_g
25.6,8.1,4.4,,0.057,12.6,0.009,1.18,36.2,0.809,coastal_g
,,,,,,,,,,coastal_g
27.9,8.0,2.3,,0.099,12.7,0.012,1.2,36.6,0.805,coastal_g
,,,,,,,,,,coastal_g
,,,,,,,,,,coastal_g
28.0,7.8,7.2,0.002,0.099,14.5,0.019,1.53,36.8,2.67,coastal_g
,,,,,,,,,,coastal_g
23.6,8.0,12.5,,0.03,14.7,0.037,1.69,31.5,18.1,coastal_g
,,,,,,,,,,coastal_g
23.9,8.2,6.75,,0.004,7.05,0.0175,0.865,34.4,3.457,coastal_g
,,,,,,,,,,coastal_g
28.6,8.1,19.0,,0.019,15.9,0.036,1.93,41.0,15.4,coastal_g
,,,,,,,,,,coastal_g
29.7,8.0,8.6,,0.013,13.2,0.028,1.61,32.6,24.6,coastal_g
,,,,,,,,,,coastal_g
31.9,8.4,10.5,,0.017,21.9,0.059,2.55,40.3,17.2,coastal_g
,,,,,,,,,,coastal_g
23.3,7.9,10.7,,0.019,17.1,0.032,1.82,32.3,21.9,coastal_g
,,,,,,,,,,coastal_g
22.8,8.2,14.1,,0.008,15.2,0.034,1.69,32.1,15.9,coastal_g
25.0,8.1,5.4,,0.0245,6.35,0.009,0.72,34.4,2.172,coastal_g
,,,,,,,,,,coastal_g
27.2,8.6,4.1,,0.049,6.8,0.01,0.639,36.8,0.462,coastal_g
,,,,,,,,,,coastal_g
28.6,8.2,1.3,,0.0265,4.8,0.0085,0.4645,43.5,0.772,coastal_g
,,,,,,,,,,coastal_g
28.5,8.1,8.6,,0.092,12.2,0.024,1.28,35.9,12.8,coastal_g
,,,,,,,,,,coastal_g
28.5,8.0,10.7,,0.025,12.1,0.024,1.58,32.2,14.7,coastal_g
,,,,,,,,,,coastal_g
27.0,8.1,4.4,,0.0025,7.3,0.011,0.845,36.2,8.142,coastal_g
,,,,,,,,,,coastal_g
20.5,8.4,11.3,,0.0015,5.6,0.0145,0.59,21.4,8.442,coastal_g
,,,,,,,,,,coastal_g
26.3,8.4,15.6,0.002,0.01,12.9,0.027,1.38,29.2,4.32,coastal_g
,,,,,,,,,,coastal_g
30.4,8.5,7.1,,0.015,16.9,0.023,1.645,32.0,12.6,coastal_g
,,,,,,,,,,coastal_g
30.7,8.1,5.85,,0.0025,9.3,0.017,1.135,37.2,16.392,coastal_g
,,,,,,,,,,coastal_g
31.1,8.1,3.75,,0.005,7.7,0.013,1.02,34.5,11.892,coastal_g
,,,,,,,,,,coastal_g
,,,,,,,,,,coastal_g
20.9,8.3,5.6,,0.01,12.0,0.015,1.22,32.4,4.39,coastal_g
,,,,,,,,,,coastal_g
,,,,,,,,,,coastal_g
,,,,,,,,,,coastal_g
,,,,,,,,,,coastal_g
24.9,,0.25,0.001,0.037,6.73,0.02,0.602,40.0,,coastal_r
26.9,,0.625,0.001,0.018,9.36,0.028,0.945,47.0,,coastal_r
26.7,,0.475,0.001,0.005,17.685,0.026,1.776,55.0,,coastal_r
30.9,,0.25,0.001,0.017,15.288,0.023,0.977,46.6,,coastal_r
31.6,,0.155,,0.016,8.684,0.02,0.671,38.4,,coastal_r
29.5,,0.525,,0.015,19.458,0.026,1.052,36.8,,coastal_r
29.5,,1.275,0.001,0.024,15.983,0.046,1.385,35.4,,coastal_r
28.1,,6.675,0.002,0.025,18.617,0.087,1.689,35.1,,coastal_r
24.8,,0.625,0.001,0.168,15.085,0.02,0.701,34.3,,coastal_r
22.8,,1.215,0.002,0.068,19.463,0.022,1.437,34.6,,coastal_r
20.4,,0.22,0.001,0.088,9.037,0.014,0.605,34.6,,coastal_r
26.1,,0.43,0.001,0.073,6.848,0.017,0.432,34.8,,coastal_r
26.3,,0.565,0.001,0.03,10.993,0.02,0.626,38.8,,coastal_r
18.4,,2.72,0.001,0.08,13.715,0.019,0.826,41.5,,coastal_r
25.7,,0.52,0.001,0.014,12.2,0.021,1.013,45.6,,coastal_r
31.2,,0.35,0.001,0.038,8.27,0.014,0.506,26.3,,coastal_r
28.6,,8.605,0.002,0.08,30.903,0.077,2.385,23.3,,coastal_r
30.8,,2.7,0.001,0.037,20.532,0.026,1.687,30.1,,coastal_r
28.6,,8.65,0.004,0.024,31.104,0.056,2.403,28.8,,coastal_r
27.6,,2.71,0.002,0.029,9.868,0.028,1.264,32.2,,coastal_r
25.2,,10.74,0.002,0.021,27.563,0.038,1.153,27.9,,coastal_r
17.4,,7.47,0.003,0.415,16.763,0.025,1.221,27.9,,coastal_r
21.6,,8.955,0.003,0.032,16.41,0.041,1.701,26.3,,coastal_r
19.3,,0.78,0.001,0.08,4.52,0.011,0.43,31.1,,coastal_r
21.0,,0.85,0.002,0.128,7.19,0.012,0.502,32.0,,coastal_r
24.3,,3.45,0.001,0.036,5.88,0.017,0.516,33.9,,coastal_r
24.6,,29.5,0.002,0.008,31.42,0.055,2.173,40.8,,coastal_r
29.3,,12.05,0.002,0.013,20.21,0.064,2.132,39.0,,coastal_r
31.9,,12.38,0.001,0.007,25.62,0.05,2.524,44.9,,coastal_r
30.0,,10.21,0.001,0.009,17.85,0.012,1.0,45.1,,coastal_r
30.8,,3.305,0.003,0.087,10.28,0.008,0.917,40.5,,coastal_r
27.1,,11.05,0.001,0.005,23.7,0.055,1.811,41.2,,coastal_r
19.6,,16.535,0.004,0.089,8.92,0.017,1.12,38.6,,coastal_r
20.8,,24.455,0.003,0.042,22.06,0.037,1.111,39.3,,coastal_r
20.1,,22.15,0.006,0.159,,0.039,1.042,34.0,,coastal_r
19.4,,47.15,0.001,0.01,,0.06,2.313,35.2,,coastal_r
22.6,,1.35,0.007,0.159,,0.012,0.445,34.6,,coastal_r
25.6,,12.35,0.0021,0.0161,9.99,0.0109,0.852,40.6,,coastal_r
29.1,,16.65,0.0031,0.068,24.0,0.0053,,44.8,,coastal_r
29.7,,11.75,0.0013,0.01,24.8,0.0117,,39.0,,coastal_r
28.25,,17.15,0.0013,0.0064,16.44,0.0327,,43.7,,coastal_r
29.1,,33.0,0.0011,0.0071,20.39,0.0444,,50.4,,coastal_r
25.05,,14.5,0.0051,0.0834,15.89,0.024,,35.95,,coastal_r
28.0,,10.4,0.0016,0.0069,16.61,0.0301,,28.55,,coastal_r
25.525,,19.0,0.0016,0.0119,22.215,0.05225,,21.35,,coastal_r
26.1,,9.3,0.0016,0.0134,18.49,0.0477,,19.6,,coastal_r
21.9,,89.6,0.0018,0.0099,10.26,0.0346,,29.4,,coastal_r
17.15,,7.3,0.0036,0.1004,8.01,0.016,,27.2,,coastal_r
23.5,,24.3,0.0047,0.1016,8.64,0.0231,,27.5,,coastal_r
26.2,,18.8,0.0004,0.0036,20.05,0.0299,,32.7,,coastal_r
34.8,,2.0,0.0036,0.4184,9.67,0.0105,,30.3,,coastal_r
26.5,,12.0,0.0064,0.2371,16.29,0.0311,,33.2,,coastal_r
31.05,,4.3,0.0019,0.1098,9.72,0.0171,,35.05,,coastal_r
32.0,,19.4,0.0009,0.0063,27.28,0.0505,,26.95,,coastal_r
29.45,,5.5,0.0021,0.133,6.6,0.0173,,29.2,,coastal_r
27.5,,28.2,0.0074,0.3395,21.7,0.0446,,15.3,,coastal_r
18.8,,15.4,0.0105,0.0945,13.93,0.0241,,17.15,,coastal_r
21.55,,52.3,0.0057,0.1021,13.2,0.0349,,25.45,,coastal_r
22.35,,43.9,0.0113,0.325,10.55,0.0264,,27.05,,coastal_r
21.45,,23.4,0.0029,0.0816,9.88,0.0172,,30.85,,coastal_r
18.15,,35.4,0.0016,0.0689,5.75,0.0186,,32.0,,coastal_r
25.9,,24.6,0.019,0.3892,9.08,0.0246,,34.8,,coastal_r
24.4,,70.0,0.0187,0.6578,11.26,0.0343,,32.4,,coastal_r
29.7,,5.3,0.0095,0.2282,11.5,0.0196,,36.4,,coastal_r
30.5,,2.9,0.0056,0.0876,13.75,0.0126,,36.5,,coastal_r
28.0,,12.5,0.0009,0.0056,18.66,0.0329,,32.5,,coastal_r
32.05,,3.9,0.0028,0.0716,10.57,0.0133,,33.45,,coastal_r
24.9,,20.4,0.0079,0.3723,14.0,0.0322,,28.5,,coastal_r
26.5,,32.8,0.0198,0.5093,11.74,0.012,,21.8,,coastal_r
24.2,,12.7,0.0264,0.6476,10.83,0.0174,,23.75,,coastal_r
24.2,,4.5,0.0046,0.0557,11.75,0.0162,,32.8,,coastal_r
26.5,,21.4,0.0913,0.4558,12.76,0.0177,,29.9,,coastal_r
26.8,,3.3,0.048,0.5904,12.39,0.0124,,30.1,,coastal_r
26.3,,13.6,0.024,0.5386,11.94,0.0138,,33.5,,coastal_r
32.9,,3.6,0.0032,0.0569,11.56,0.0091,,41.6,,coastal_r
28.6,,4.6,0.0038,0.1673,7.76,0.0112,,24.65,,coastal_r
,,,0.0005,0.0046,15.61,0.0261,,,,coastal_r
32.8,,7.7,0.0007,0.0071,16.85,0.0286,,25.75,,coastal_r
29.95,,7.3,0.0013,0.0037,14.94,0.0203,,26.75,,coastal_r
23.15,,6.3,0.0004,0.0048,15.23,0.0353,,28.5,,coastal_r
22.2,,6.6,0.0038,0.0782,9.82,0.0176,,33.85,,coastal_r
24.4,,3.3,0.0068,0.1044,8.52,0.0141,,29.0,,coastal_r
21.75,,4.8,0.009,0.2228,7.49,0.0134,,29.95,,coastal_r
24.5,,31.8,0.0135,0.309,6.95,0.0243,,29.95,,coastal_r
25.5,,94.8,0.0478,0.4817,10.26,0.0093,,28.75,,coastal_r
24.6,,10.9,0.0396,0.3357,9.76,0.0137,,34.7,,coastal_r
30.5,,2.3,0.002,0.0341,6.76,0.0138,,35.8,,coastal_r
31.6,,2.0,0.0014,0.0442,8.21,0.011,,38.25,,coastal_r
30.15,,8.0,0.0005,0.0119,7.29,0.0124,,33.2,,coastal_r
31.9,,5.1,0.0004,0.0039,12.43,0.0256,,35.0,,coastal_r
29.075,,12.25,0.00175,0.1584,12.79,0.0207,,33.225,,coastal_r
,,,,,,,,,,coastal_r
25.95,,8.6,0.0004,0.0066,15.69,0.0246,,28.45,,coastal_r
25.6,,9.9,0.0006,0.0023,15.0,0.0398,,29.1,,coastal_r
20.7,,18.4,0.0014,0.0331,12.11,0.0232,,30.85,,coastal_r
26.3,,12.9,0.0006,0.005,,0.0095,,32.75,,coastal_r
25.3,,6.0,0.0093,0.1347,6.07,0.0088,,32.7,,coastal_r
29.45,,5.5,0.0077,0.1486,9.8,0.0216,,37.85,,coastal_r
30.55,,3.6,0.0047,0.0568,9.15,0.011,,40.95,,coastal_r
30.1,,5.4,0.0003,0.0033,10.89,0.0113,,38.0,,coastal_r
30.1,,12.3,0.0009,,14.72,0.0309,,37.65,,coastal_r
30.15,,1.7,0.0011,0.0211,7.99,0.0039,,35.9,,coastal_r
28.0,,8.5,0.0033,0.124,6.43,0.0161,,32.5,,coastal_r
23.7,,20.0,0.0003,0.0013,13.68,0.0404,,17.1333333333333,,coastal_r
23.9,,134.9,0.0041,0.1,14.23,0.0806,,19.2333333333333,,coastal_r
17.45,,21.4,0.0005,0.0125,12.55,0.0257,,22.9,,coastal_r
18.35,,3.8,0.0009,0.0131,6.26,0.0321,,30.3,,coastal_r
25.1,,17.7,0.0003,0.0008,12.24,0.0195,,29.6666666666667,,coastal_r
25.85,,1.7,0.0026,0.0066,9.24,0.0183,,34.0666666666667,,coastal_r
27.1,,9.8,0.0013,0.0102,11.3,0.0284,,37.85,,coastal_r
30.15,,3.5,,0.1,8.29,0.0166,,42.05,,coastal_r
30.4,,9.3,0.0007,0.0507,12.51,0.0187,,41.55,,coastal_r
33.15,,5.5,0.0005,0.0447,6.92,0.0161,,38.8,,coastal_r
29.8,,7.2,0.0016,0.0962,11.23,0.0167,,41.65,,coastal_r
31.5,,9.9,0.001,0.0014,15.27,0.0329,,46.1,,coastal_r
23.5,,16.8,0.0012,0.0342,19.14,0.0284,,34.0,,coastal_r
21.5,,14.5,0.0007,0.0058,11.05,0.0275,,36.3,,coastal_r
22.65,,8.3,0.0014,0.0021,15.39,0.0543,,35.95,,coastal_r
13.3,,33.3,0.0026,0.0513,8.32,0.041,0.9,35.75,,coastal_r
22.3,,12.8,0.0044,0.1361,14.6,0.0162,1.08,38.9,,coastal_r
19.5,,25.6,0.0025,0.0639,9.11,0.0318,0.62,39.0,,coastal_r
23.55,,3.6,0.0018,0.0207,7.65,0.0098,0.38,41.55,,coastal_r
25.6,,4.9,0.0016,0.0064,10.15,0.008,0.43,47.95,,coastal_r
,,1.3,0.0012,0.008,9.74,0.0079,0.3,,,coastal_r
31.1,,3.8,0.0011,0.0114,10.25,0.0121,0.67,44.85,,coastal_r
31.7,,1.4,0.0012,0.035,11.0,0.012,0.37,33.95,,coastal_r
30.3,,9.8,0.001,0.0215,13.76,0.0114,0.3,33.2,,coastal_r
27.6,,2.3,0.0042,0.0239,11.07,0.0059,0.46,23.8,,coastal_r
21.9,,13.3,0.0018,0.1782,8.43,0.0073,0.32,20.1,,coastal_r
24.3,,7.4,0.0005,0.0039,10.83,0.0143,0.64,24.6,,coastal_r
26.3,,9.1,0.0004,0.0015,9.29,0.0151,0.44,29.65,,coastal_r
20.4,,8.4,0.0015,0.0271,10.67,0.0091,0.41,27.15,,coastal_r
26.8,,5.5,0.003,0.0677,10.28,0.0119,0.47,29.8,,coastal_r
25.6,,15.8,0.0011,0.0767,11.55,0.0112,0.4,31.95,,coastal_r
30.7,8.3,3.4,0.0007,0.0172,12.63,0.018,0.78,36.0,,coastal_r
30.6,8.5,1.3,0.002,0.0595,10.65,0.01,0.62,33.3,,coastal_r
27.75,8.2,10.8,0.0024,0.0262,15.21,0.036,0.31,21.0,,coastal_r
31.5,8.4,8.8,0.0005,0.0052,19.28,0.021,1.57,24.1,,coastal_r
30.0,8.3,6.9,0.0003,0.0163,13.85,0.0236,1.05,23.6,,coastal_r
26.25,8.0,5.4,0.0017,0.0297,13.46,0.0117,0.58,25.45,,coastal_r
21.9,8.0,8.0,0.001,0.0171,10.42,0.0182,1.04,32.1,,coastal_r
24.3,7.9,3.5,0.0025,0.0664,5.77,0.0127,0.29,34.4,,coastal_r
14.2,8.2,6.8,0.0022,0.0081,7.3,0.0087,0.26,33.2,,coastal_r
24.35,8.5,6.8,0.0034,0.0564,6.67,0.0136,0.52,31.35,,coastal_r
29.2,8.3,4.8,0.0027,0.0377,5.71,0.0077,0.5,34.3,,coastal_r
26.5,8.4,3.9,0.0005,0.0083,7.57,0.0089,0.42,33.1,,coastal_r
29.2,8.2,2.8,0.0031,0.031,6.03,0.0063,0.51,35.3,,coastal_r
30.4,8.0,3.9,0.002,0.0198,8.03,0.0207,0.41,31.85,,coastal_r
29.9,7.9,8.8,0.0011,0.0054,10.35,0.0134,0.54,33.45,,coastal_r
31.5,8.3,6.1,0.0004,0.0117,12.02,0.0143,0.75,37.45,,coastal_r
29.75,7.9,6.8,0.0039,0.0814,8.62,0.0144,0.77,34.9,,coastal_r
30.1,8.2,3.2,0.0013,0.0513,7.61,0.0087,0.42,36.5,,coastal_r
26.8,8.1,8.7,,0.0046,12.41,0.0149,0.94,29.2,,coastal_r
20.0,8.3,10.0,,0.0118,11.34,0.0171,0.74,23.45,,coastal_r
19.1,8.2,2.5,0.0008,0.0081,4.51,0.0055,0.39,31.85,,coastal_r
24.7,8.2,2.7,0.0017,0.0158,4.68,0.0061,0.53,33.5,,coastal_r
23.8,8.3,4.6,0.0031,0.0139,8.97,0.009,1.06,36.35,,coastal_r
23.5,8.4,2.3,0.0056,0.04,6.74,0.0067,0.8,37.45,,coastal_r
27.1,8.5,1.7,0.0004,,10.66,0.0037,0.68,37.25,,coastal_r
30.3,8.0,2.4,0.0008,,12.44,0.0077,0.42,48.6,,coastal_r
30.2,8.1,2.7,0.0017,0.0564,5.98,0.0058,0.43,38.95,,coastal_r
30.75,8.0,1.4,0.0019,0.0295,6.98,0.0059,0.54,38.8,,coastal_r
28.4,7.8,3.7,0.0035,0.0703,3.59,0.0089,0.3,34.9,,coastal_r
26.65,8.1,4.7,,,10.87,0.0148,0.59,33.8,,coastal_r
23.4,8.3,8.7,0.0025,0.0147,12.39,0.0206,0.49,38.55,,coastal_r
19.65,8.3,0.7,0.0011,0.0158,6.04,0.0078,0.19,37.95,,coastal_r
,,,,,,,,,,coastal_r
,,,,,,,,,,coastal_r
,,,,,,,,,,coastal_r
,,,,,,,,,,coastal_r
,,,,,,,,,,coastal_r
,,,,,,,,,,coastal_r
,,,,,,,,,,coastal_r
,,,,,,,,,,coastal_r
,,,,,,,,,,coastal_r
,,,,,,,,,,coastal_r
,,,,,,,,,,coastal_r
,,,,,,,,,,coastal_r
,,,,,,,,,,coastal_r
,,,,,,,,,,coastal_r
,,,,,,,,,,coastal_r
,,,,,,,,,,coastal_r
,,,,,,,,,,coastal_r
,,,,,,,,,,coastal_r
,,,,,,,,,,coastal_r
,,,,,,,,,,coastal_r
,,,,,,,,,,coastal_r
28.29,8.455,1.28,0.000473815,0.007290035,14.5700001,0.018736715,0.478670515,31.4,,coastal_r
24.875,8.275,8.84,0.000450315,0.00014162,15.8925001,0.033089445,0.830568925,30.595,,coastal_r
26.125,8.48,4.87,0.00117928,0.009568985,14.4950001,0.034539315,0.77706722,36.915,,coastal_r
18.75,8.65,4.54,0.000452045,,13.4150001,0.027055395,0.67624692,33.12,,coastal_r
19.59,8.65,7.645,0.00070267,,17.08750015,0.04219481,0.86556963,39.37,,coastal_r
23.615,8.81,3.0,0.00089202,0.016296175,18.5650002,0.02758686,0.95962793,39.665,,coastal_r
24.84,8.7,1.3,0.00041289,0.008163215,14.2100001,0.01139585,1.00919633,38.7,,coastal_r
28.355,8.99,0.885,0.001014135,0.012064085,11.8725001,0.012104995,0.45826271,39.805,,coastal_r
29.6,8.575,1.285,0.00072219,0.01543368,13.1200001,0.010576245,0.46704281,40.51,,coastal_r
31.945,8.775,1.17,0.000525,0.01,847.6,0.01,0.33,36.785,,coastal_r
30.92,8.555,0.55,0.0008045,0.0081265,743.91,0.0084555,0.465,39.68,,coastal_r
29.23,8.465,0.92,0.002089,0.009513,802.245,0.01,0.335,45.93,,coastal_r
26.505,8.225,4.41,0.001298,0.01189608,16.7600001,0.02249856,1.14200804,33.64,,coastal_r
23.29,8.555,0.67,0.0006487,0.00746842,11.4450001,0.01034019,0.50056022,23.68,,coastal_r
25.0,8.75,2.79,0.00120463,0.01082547,13.7000001,0.01895546,0.61281782,32.72,,coastal_r
21.955,8.515,4.33,0.00070459,0.0050318,12.4150001,0.01888887,0.49627342,33.05,,coastal_r
26.68,8.685,2.78,,,9.55950008,0.01797868,0.95494563,39.225,,coastal_r
26.63,8.69,1.36,,0.01195035,7.75850007,0.02358695,0.61572002,39.665,,coastal_r
27.345,8.67,1.07,0.00075938,0.00530676,12.5250001,0.00972509,0.85568843,41.92,,coastal_r
28.405,8.625,0.5,0.0005683,0.01207868,13.8550001,0.0122694,0.92769743,45.73,,coastal_r
29.98,8.68,1.31,0.00074632,,8.19100007,0.01798502,0.34944841,49.33,,coastal_r
,,,,,,,,,,coastal_r
,,,,,,,,,,coastal_r
,,,,,,,,,,coastal_r
,,,,,,,,,,coastal_r
,,,,,,,,,,coastal_r
,,,,,,,,,,coastal_r
23.9,8.4,3.2,,0.007,15.3,0.024,1.52,37.7,,coastal_r
21.3,8.3,0.8,,,6.8,0.006,0.57,39.2,,coastal_r
24.3,8.4,0.8,,,12.6,0.011,0.35,39.2,,coastal_r
24.4,8.6,1.5,,0.032,13.0,0.008,1.03,47.7,,coastal_r
26.6,8.3,0.8,,0.023,13.0,0.005,1.08,51.2,,coastal_r
29.7,8.4,2.3,,0.01,13.0,0.011,1.14,47.5,,coastal_r
32.0,8.8,2.6,,0.028,12.4,0.011,1.06,37.4,,coastal_r
29.1,8.6,0.7,,0.003,5.25,0.0035,0.54,38.6,,coastal_r
29.8,8.2,0.9,0.001,0.007,5.05,0.004,0.56,38.1,,coastal_r
29.1,8.4,1.1,0.002,0.012,10.4,0.01,1.11,37.0,,coastal_r
24.3,8.0,1.2,,0.0005,7.15,0.002,0.665,37.3,,coastal_r
22.9,8.3,1.05,0.0,0.005,3.15,0.0035,0.32,36.0,,coastal_r
7.44,8.6,1.25,0.0,0.0215,7.1,0.0075,0.59,30.8,,coastal_r
17.7,8.5,0.45,0.0005,0.001,5.35,0.0045,0.51,30.7,,coastal_r
17.8,8.5,1.0,,0.005,6.0,0.004,0.47,33.2,,coastal_r
24.7,8.5,2.7,,0.011,12.2,0.011,1.05,39.0,,coastal_r
29.9,8.6,0.5,,0.006,6.4,0.005,0.68,43.5,,coastal_r
32.6,8.8,1.7,,0.028,8.3,0.009,0.82,40.7,,coastal_r
28.7,8.66666666666667,0.5,,0.01075,9.675,0.0035,1.03,42.1666666666667,,coastal_r
32.7,8.8,0.6,,0.02,7.1,0.011,0.74,37.5,,coastal_r
27.8,8.7,1.0,,0.019,14.2,0.008,1.43,35.7,,coastal_r
26.1,8.8,0.35,0.0,0.012,5.95,0.0035,0.595,25.0,0.12,coastal_r
24.2,8.8,1.9,,0.023,13.4,0.008,1.19,28.0,0.3,coastal_r
12.1,8.5,0.7,,,7.7,0.006,0.61,33.6,0.1,coastal_r
22.8,8.4,1.2,,0.008,,,,31.0,0.4,coastal_r
20.3,8.3,1.1,,0.013,8.5,0.01,0.83,36.3,0.4,coastal_r
21.0,8.7,0.45,,0.0015,5.35,0.004,0.505,41.1,0.07,coastal_r
26.8,8.8,2.4,0.002,0.043,8.8,0.008,0.8,38.0,0.2,coastal_r
26.3,8.7,1.5,,0.014,11.3,0.009,1.03,47.0,0.26,coastal_r
31.2,8.6,0.25,,0.014,6.7,0.0025,0.28,51.5,0.1755,coastal_r
32.0,8.6,0.8,,0.037,10.6,0.01,1.0,46.8,0.864,coastal_r
32.3,8.8,0.45,,0.002,3.35,0.003,0.345,39.0,0.3055,coastal_r
31.9,8.5,0.5,,0.004,3.1,0.004,0.39,38.5,0.2355,coastal_r
27.2,8.3,0.8,,0.014,9.5,0.011,0.95,35.1,0.756,coastal_r
,,,,,,,,,,coastal_r
22.7,8.5,0.8,,0.019,14.3,0.007,1.35,34.0,0.402,coastal_r
,,,,,,,,,,coastal_r
22.1,8.2,0.15,,0.0045,4.7,0.004,0.465,38.1,0.11,coastal_r
,,,,,,,,,,coastal_r
25.4,8.8,1.0,,0.007,9.4,0.009,0.89,43.5,,coastal_r
,,,,,,,,,,coastal_r
28.9,8.8,0.8,,0.017,7.9,0.009,0.72,34.9,0.231,coastal_r
,,,,,,,,,,coastal_r
31.6,8.6,0.7,,0.021,13.5,0.009,1.34,34.2,0.738,coastal_r
,,,,,,,,,,coastal_r
28.7,8.2,0.5,,0.007,9.2,0.011,0.95,33.8,0.687,coastal_r
,,,,,,,,,,coastal_r
25.4,8.1,3.6,,0.016,12.0,0.015,1.2,32.2,4.32,coastal_r
,,,,,,,,,,coastal_r
20.6,8.4,2.1,,0.008,14.0,0.013,1.34,33.5,2.12,coastal_r
,,,,,,,,,,coastal_r
26.9,8.5,0.55,,0.0065,6.9,0.0045,0.595,40.2,0.19,coastal_r
,,,,,,,,,,coastal_r
30.5,8.5,2.0,,0.017,14.5,0.016,1.42,30.8,4.52,coastal_r
,,,,,,,,,,coastal_r
29.1,8.6,1.8,,0.015,16.0,0.01,1.29,27.2,0.458,coastal_r
,,,,,,,,,,coastal_r
24.5,8.5,1.4,0.002,0.02,13.8,0.01,1.25,29.8,0.567,coastal_r
,,,,,,,,,,coastal_r
25.9,8.4,2.6,,0.032,12.3,0.007,1.07,25.6,0.398,coastal_r
,,,,,,,,,,coastal_r
26.1,8.5,2.3,,0.023,11.6,0.011,1.15,34.1,0.531,coastal_r
,,,,,,,,,,coastal_r
26.6,8.6,0.4,,0.022,9.0,0.009,0.85,37.8,0.444,coastal_r
,,,,,,,,,,coastal_r
31.0,8.4,0.9,,0.037,12.6,0.009,1.16,43.6,0.644,coastal_r
,,,,,,,,,,coastal_r
28.8,8.1,2.3,,0.021,10.2,0.009,0.98,37.6,0.54,coastal_r
,,,,,,,,,,coastal_r
26.8,8.2,1.2,,0.03,16.7,0.01,1.6,40.4,0.545,coastal_r
,,,,,,,,,,coastal_r
18.8,8.4,1.9,,0.021,7.8,0.007,0.763,34.8,0.24,coastal_r
,,,,,,,,,,coastal_r
18.6,8.5,0.9,,0.012,6.4,0.007,0.582,36.4,0.176,coastal_r
,,,,,,,,,,coastal_r
28.1,8.6,1.1,,0.008,5.45,0.0035,0.635,46.6,0.191,coastal_r
,,,,,,,,,,coastal_r
30.0,8.5,2.0,,0.024,14.3,0.009,1.53,53.5,0.576,coastal_r
,,,,,,,,,,coastal_r
32.9,8.6,1.25,,0.009,5.25,0.009,0.67,44.9,1.384,coastal_r
,,,,,,,,,,coastal_r
27.5,8.0,,,0.052,3.6,0.01,0.575,38.9,1.3,coastal_r
,,,,,,,,,,coastal_r
,,,,,,,,,,coastal_r
16.6,7.8,2.0,0.002,0.311,6.3,0.01,1.12,35.0,0.517,coastal_r
21.4,7.8,0.35,0.0,0.177,3.1,0.005,0.585,31.6,0.293,coastal_r
,,,,,,,,,,coastal_r
27.2,7.9,1.2,,0.098,9.6,0.022,1.32,35.2,1.96,coastal_r
30.0,8.2,1.8,,0.064,10.1,0.026,1.35,40.3,3.56,coastal_r
30.7,8.2,3.0,,0.016,8.3,0.026,1.23,36.6,5.4,coastal_r
31.3,8.1,3.9,,0.017,11.3,0.035,1.59,38.8,12.0,coastal_r
30.2,7.9,6.5,,0.017,12.9,0.039,1.73,39.4,18.9,coastal_r
29.8,7.9,9.9,,0.018,14.9,0.062,2.31,37.2,30.0,coastal_r
23.3,7.9,6.2,,0.02,13.2,0.045,2.04,38.1,21.6,coastal_r
26.0,7.9,4.6,,0.02,14.5,0.042,2.01,32.2,14.2,coastal_r
24.5,8.0,6.8,,0.058,14.6,0.043,1.99,31.0,10.2,coastal_r
21.3,7.9,3.3,0.003,0.198,5.0,0.011,0.601,34.6,1.15,coastal_r
24.8,8.0,9.7,,0.103,5.2,0.023,0.713,36.5,6.16,coastal_r
20.7,8.1,1.6,0.002,0.088,6.8,0.016,0.812,40.9,0.361,coastal_r
24.8,8.4,1.6,,0.023,12.1,0.008,1.22,40.1,0.601,coastal_r
25.5,8.1,1.4,0.005,0.156,11.7,0.016,1.31,43.5,0.295,coastal_r
32.4,8.1,0.5,,0.049,5.75,0.0045,0.63,44.4,0.1605,coastal_r
31.1,8.0,1.6,,0.064,11.0,0.012,1.13,43.8,0.725,coastal_r
27.9,7.8,1.8,,0.073,5.2,0.01,0.634,41.2,0.473,coastal_r
29.6,7.2,10.9,,0.167,16.2,0.079,2.26,33.2,16.5,coastal_r
27.3,8.0,10.5,,0.013,16.0,0.045,2.2,26.8,33.7,coastal_r
24.3,8.0,17.9,0.003,0.073,10.6,0.038,1.58,28.9,23.9,coastal_r
15.8,7.7,21.5,0.006,0.462,7.3,0.03,1.18,28.2,5.85,coastal_r
18.0,8.1,12.9,0.005,0.161,7.1,0.025,1.06,30.0,7.19,coastal_r
26.7,8.0,17.0,,,17.4,0.073,2.51,31.6,53.1,coastal_r
25.6,7.9,18.9,,0.01,13.3,0.065,2.11,32.9,41.9,coastal_r
29.4,7.9,5.0,0.007,0.116,8.7,0.022,1.14,38.7,6.89,coastal_r
24.7,7.8,7.2,0.002,0.087,7.6,0.017,0.834,35.1,4.51,coastal_r
29.9,8.2,5.2,0.017,0.255,6.2,0.017,0.97,30.2,1.42,coastal_r
32.1,8.0,5.8,,0.009,11.0,0.028,1.2,31.8,10.1,coastal_r
29.5,8.1,1.75,,0.005,4.55,0.0065,0.4745,33.4,1.036,coastal_r
28.8,8.0,2.75,,0.0005,6.15,0.009,0.765,33.5,3.002,coastal_r
27.6,8.1,4.45,,0.0125,9.2,0.021,1.29,38.3,9.292,coastal_r
26.7,7.9,13.6,,0.007,17.0,0.063,2.44,37.3,17.1,coastal_r
22.0,8.1,2.6,0.0,0.021,3.3,0.007,0.3885,35.4,2.142,coastal_r
18.0,8.0,19.5,0.002,0.061,7.9,0.023,0.862,33.1,3.4,coastal_r
25.2,7.9,7.3,0.002,0.119,9.5,0.022,1.17,34.2,6.65,coastal_r
27.6,7.7,3.0,0.01,0.216,7.3,0.016,0.976,34.7,0.937,coastal_r
27.8,8.1,4.8,,0.027,9.5,0.017,0.946,38.7,3.09,coastal_r
29.8,8.2,3.4,,0.029,8.0,0.018,0.857,39.3,2.9,coastal_r
29.9,7.7,2.4,,0.03,6.0,0.011,0.652,38.3,0.967,coastal_r
31.9,8.0,2.8,,0.087,5.3,0.012,0.766,37.0,0.311,coastal_r
31.3,8.0,2.4,,0.077,4.8,0.01,0.638,34.8,0.581,coastal_r
30.0,7.9,2.1,,0.058,4.8,0.008,0.51,36.6,0.242,coastal_r
26.7,7.7,7.2,,0.013,12.4,0.023,1.54,38.3,13.6,coastal_r
27.4,8.0,2.9,0.002,0.05,13.3,0.011,1.35,38.3,2.66,coastal_r
20.0,8.0,0.85,,0.012,2.8,0.003,0.249,35.2,0.627,coastal_r
15.0,7.9,11.2,,0.009,17.8,0.04,1.85,38.0,7.57,coastal_r
18.5,8.2,0.8,0.0,0.0165,2.8,0.0025,0.2715,33.7,0.0905,coastal_r
25.5,8.4,1.5,,0.03,9.4,0.011,0.678,34.9,0.169,coastal_r
27.2,8.3,1.35,,0.004,6.3,0.0045,0.56,43.7,0.2595,coastal_r
27.6,8.3,1.3,,0.014,7.0,0.008,0.629,39.0,0.327,coastal_r
30.1,8.2,1.5,,0.027,9.6,0.008,0.93,37.2,0.521,coastal_r
30.0,8.0,2.4,,0.046,6.0,0.011,0.706,38.0,0.526,coastal_r
30.7,7.8,1.3,,0.0165,3.65,0.0075,0.5,36.5,2.092,coastal_r
32.6,8.0,8.9,,0.014,18.7,0.044,2.26,42.7,12.8,coastal_r
30.2,7.9,1.3,0.002,0.156,15.5,0.01,1.39,34.1,1.2,coastal_r
25.6,8.0,6.6,0.002,0.298,7.3,0.006,0.926,20.7,0.62,coastal_r
16.7,8.2,6.5,,0.034,5.8,0.013,0.582,29.7,1.15,coastal_r
19.6,8.2,0.85,0.0005,0.035,4.25,0.0045,0.4265,27.1,0.4055,coastal_r
24.7,8.2,2.8,,0.027,4.8,0.009,0.423,28.8,0.38,coastal_r
24.6,8.2,2.5,,0.036,8.5,0.011,0.783,32.8,0.411,coastal_r
21.8,8.3,1.8,,0.024,11.9,0.011,1.09,36.6,0.436,coastal_r
25.0,8.3,5.5,,0.036,12.6,0.011,1.19,35.6,0.674,coastal_r
31.1,8.0,2.0,,0.036,11.6,0.011,1.08,39.3,0.453,coastal_r
27.7,8.0,0.9,,0.0455,5.05,0.004,0.495,37.4,0.4035,coastal_r
29.7,7.9,1.8,,0.112,12.4,0.009,1.17,35.2,0.523,coastal_r
30.0,7.6,2.4,,0.095,7.7,0.009,0.786,38.5,0.491,coastal_r
28.1,7.6,1.1,0.0,0.0415,5.2,0.006,0.55,38.2,0.492,coastal_r
23.2,7.9,4.0,0.004,0.102,5.6,0.011,0.669,33.8,0.316,coastal_r
22.7,7.9,4.0,0.008,0.151,6.8,0.011,0.672,31.7,0.731,coastal_r
18.7,7.8,6.7,0.002,0.048,4.8,0.014,0.453,32.1,0.976,coastal_r
24.0,8.1,2.8,0.003,0.053,6.6,0.02,0.601,33.5,0.56,coastal_r
22.5,8.4,9.1,,0.012,12.3,0.038,1.5,39.4,12.1,coastal_r
28.5,8.2,11.7,,0.016,14.0,0.04,1.83,40.9,25.7,coastal_r
27.4,8.0,5.2,0.003,0.036,13.4,0.015,1.5,41.0,4.83,coastal_r
29.1,8.1,5.1,,0.004,5.6,0.012,0.685,33.6,8.092,coastal_r
30.3,8.2,4.7,,0.008,11.9,0.025,1.33,36.6,13.2,coastal_r
32.0,8.3,6.3,,0.014,15.4,0.049,1.82,39.6,13.8,coastal_r
31.3,8.1,5.1,,0.011,12.6,0.026,1.45,42.5,6.34,coastal_r
23.3,8.0,6.1,,0.017,12.0,0.024,1.36,35.2,15.4,coastal_r
24.2,8.0,5.8,,0.012,14.8,0.019,1.64,31.2,18.5,coastal_r
23.2,8.1,2.3,0.003,0.066,6.1,0.01,0.524,32.7,0.46,coastal_r
23.8,8.1,5.0,,0.02,10.2,0.018,1.07,34.5,4.53,coastal_r
23.0,8.2,1.8,,0.022,9.3,0.008,0.769,35.7,0.021,coastal_r
26.2,8.1,1.4,,0.009,4.4,0.011,0.362,35.4,0.194,coastal_r
25.2,8.0,3.0,0.003,0.129,10.9,0.01,1.15,39.5,0.277,coastal_r
28.7,8.2,1.3,,0.027,6.5,0.014,0.555,41.4,0.21,coastal_r
31.1,8.2,1.2,,0.012,5.0,0.012,0.601,38.6,0.681,coastal_r
28.6,7.9,1.0,,0.12,8.0,0.013,0.792,37.5,0.245,coastal_r
33.3,8.1,0.65,,0.033,2.5,0.005,0.2705,40.0,0.1095,coastal_r
28.7,8.0,3.4,0.003,0.098,9.5,0.013,0.986,36.3,3.74,coastal_r
29.6,8.2,4.2,,0.007,10.8,0.022,1.2,34.0,4.36,coastal_r
27.4,8.2,5.3,,0.007,14.0,0.019,1.39,35.6,11.5,coastal_r
20.3,8.2,7.4,,0.01,13.3,0.023,1.32,27.2,14.7,coastal_r
20.3,8.3,8.2,,0.006,9.4,0.018,0.897,25.2,10.8,coastal_r
18.5,8.3,4.0,,0.009,6.6,0.008,0.526,31.0,0.549,coastal_r
26.2,8.4,6.0,0.002,0.01,9.4,0.016,0.902,30.1,2.33,coastal_r
26.4,8.6,8.3,0.002,0.009,10.8,0.021,1.03,32.2,7.67,coastal_r
30.2,8.4,0.85,0.0,0.01,5.35,0.0042,0.592,31.25,0.359,coastal_r
28.4,8.3,8.2,0.002,0.014,20.2,0.037,2.21,38.2,15.1,coastal_r
30.4,8.2,4.7,,0.007,13.1,0.02,1.45,39.1,13.8,coastal_r
32.7,8.4,4.4,,0.009,12.6,0.023,1.42,39.6,18.1,coastal_r
31.0,8.2,3.8,,0.013,11.3,0.018,1.24,35.8,12.8,coastal_r
26.7,8.0,9.0,,0.006,16.2,0.034,2.0,29.1,36.9,coastal_r
25.6,8.2,3.9,0.005,0.146,7.7,0.008,0.884,22.3,3.53,coastal_r
20.3,8.3,5.3,,0.01,12.0,0.016,1.26,29.4,4.52,coastal_r
,,,,,,,,,,coastal_r
,,,,,,,,,,coastal_r
,,,,,,,,,,coastal_r
,,,,,,,,,,coastal_r
26.0,,0.95,0.001,0.202,17.07,0.022,1.714,50.0,,coastal_t
26.0,,1.35,0.001,0.371,15.878,0.023,2.139,56.0,,coastal_t
29.0,,1.125,0.002,0.302,16.738,0.017,3.981,55.0,,coastal_t
29.4,,0.315,0.001,0.075,16.473,0.014,1.003,49.8,,coastal_t
31.3,,0.335,0.001,0.009,23.08,0.028,1.663,47.0,,coastal_t
31.5,,0.635,0.001,0.017,18.143,0.023,1.17,48.8,,coastal_t
30.5,,1.09,0.002,0.013,19.338,0.036,1.665,42.7,,coastal_t
28.6,,1.5,0.002,0.117,19.75,0.026,1.371,38.7,,coastal_t
23.8,,0.79,0.001,0.538,13.635,0.013,0.797,29.2,,coastal_t
24.0,,1.55,0.002,0.71,17.678,0.018,1.131,27.0,,coastal_t
21.9,,1.7,0.002,1.681,15.26,0.023,0.454,35.4,,coastal_t
21.4,,1.585,0.005,1.512,12.043,0.019,0.177,35.8,,coastal_t
25.9,,3.92,0.003,0.687,12.913,0.02,1.434,38.8,,coastal_t
27.9,,1.275,0.003,0.706,13.23,0.013,0.8,38.5,,coastal_t
26.6,,2.075,0.002,0.088,15.785,0.02,1.898,45.8,,coastal_t
31.7,,1.465,0.002,0.182,14.848,0.024,1.238,42.8,,coastal_t
30.9,,4.095,0.002,0.027,14.678,0.021,1.152,28.3,,coastal_t
30.4,,1.805,0.001,0.011,17.28,0.016,1.271,33.8,,coastal_t
30.8,,2.715,0.003,0.058,15.6,0.011,1.349,27.2,,coastal_t
29.8,,8.505,0.002,0.017,23.563,0.024,1.588,23.8,,coastal_t
26.9,,5.53,0.001,0.149,18.62,0.012,1.052,28.9,,coastal_t
19.4,,1.61,0.003,0.391,12.79,0.021,0.816,23.6,,coastal_t
22.6,,1.9,0.004,,11.16,0.011,,24.4,,coastal_t
20.6,,5.76,0.002,,12.04,0.025,,26.2,,coastal_t
21.8,,9.16,0.001,0.026,20.24,0.024,1.039,30.6,,coastal_t
27.3,,10.95,0.001,0.013,37.39,0.056,2.001,33.0,,coastal_t
24.3,,4.615,0.001,0.016,14.13,0.013,1.353,35.4,,coastal_t
28.9,,4.49,0.001,0.015,18.22,0.019,1.354,33.1,,coastal_t
32.4,,4.96,0.001,0.012,16.22,0.02,1.968,37.8,,coastal_t
32.0,,7.48,0.001,0.023,32.5,0.011,1.671,40.6,,coastal_t
31.4,,9.895,0.001,0.014,23.76,0.009,2.03,45.0,,coastal_t
27.6,,4.2,0.001,0.051,19.25,0.012,0.804,38.0,,coastal_t
19.6,,15.99,0.008,0.026,25.12,0.026,2.051,36.8,,coastal_t
21.6,,9.01,0.003,0.035,23.69,0.021,0.813,37.3,,coastal_t
19.2,,15.25,0.004,0.058,,0.025,1.02,35.9,,coastal_t
20.3,,11.2,0.002,0.084,,0.025,1.723,36.0,,coastal_t
25.9,,30.9,0.007,0.044,,0.04,2.107,34.8,,coastal_t
,,8.9,0.001,0.0117,15.24,0.0121,0.975,37.8,,coastal_t
30.6,,4.65,0.0011,0.0152,18.53,0.0052,,39.9,,coastal_t
30.1,,8.25,0.0009,0.0059,24.77,0.0102,,44.35,,coastal_t
30.25,,3.4,0.0011,0.019,20.52,0.0123,,46.6,,coastal_t
31.3,,4.9,0.0016,0.0901,19.4,0.0094,,48.4,,coastal_t
28.0,,12.8,0.0033,0.134,13.84,0.0126,,42.65,,coastal_t
29.3,,5.9,0.0035,0.3615,16.32,0.0383,,22.9,,coastal_t
26.7333333333333,,3.83333333333333,0.0038666666666666,0.440666666666667,12.9533333333333,0.0222,,20.1166666666667,,coastal_t
,,,,,,,,,,coastal_t
24.9,,4.4,0.0092,0.4923,12.58,0.0081,,20.8,,coastal_t
18.95,,6.1,0.0076,0.1204,19.12,0.0225,,22.5,,coastal_t
23.6,,3.5,0.0163,0.5529,12.08,0.0136,,27.8,,coastal_t
25.0,,3.5,0.0085,0.3466,14.85,0.0105,,28.4,,coastal_t
34.0,,9.8,0.0038,0.1457,23.86,0.0301,,29.5,,coastal_t
29.2,,7.9,0.0011,0.0233,21.91,0.0298,,31.7,,coastal_t
30.7,,7.6,0.0008,0.0067,25.26,0.0315,,27.9,,coastal_t
33.3,,5.0,0.0026,0.364,15.65,0.0116,,24.85,,coastal_t
30.05,,4.0,0.0044,0.3021,10.74,0.0158,,24.45,,coastal_t
27.85,,5.5,0.0109,0.4515,12.94,0.013,,18.9,,coastal_t
18.6,,7.0,0.0137,0.1686,10.06,0.0098,,18.55,,coastal_t
21.9,,15.3,0.0062,0.0774,13.21,0.0171,,20.8,,coastal_t
22.8,,11.2,0.0031,0.3577,11.27,0.0129,,24.7,,coastal_t
21.3,,4.0,0.0323,0.5272,11.81,0.0106,,26.1,,coastal_t
20.75,,7.7,0.025,0.4428,9.8,0.0134,,32.3,,coastal_t
28.3,,6.6,0.016,0.2951,9.31,0.0111,,30.35,,coastal_t
28.0,,5.8,0.0091,0.2678,10.0,0.0075,,28.9,,coastal_t
31.2,,6.5,0.0114,0.4058,10.84,0.0095,,32.2,,coastal_t
29.75,,11.1,0.0044,0.0415,16.84,0.0215,,25.9,,coastal_t
28.3,,6.6,0.0057,0.3659,13.26,0.0126,,31.3,,coastal_t
31.65,,11.6,0.0048,0.1464,19.85,0.0215,,30.0,,coastal_t
24.9,,8.8,0.0083,0.2879,12.94,0.0145,,27.6,,coastal_t
26.6,,5.2,0.014,0.3432,11.08,0.0065,,20.3,,coastal_t
23.5,,2.7,0.0155,0.252,8.44,0.0061,,23.1,,coastal_t
24.05,,2.0,0.026,0.4276,11.33,0.0071,,26.1,,coastal_t
24.3,,3.0,0.0283,0.4479,10.41,0.0084,,28.1,,coastal_t
27.25,,0.9,0.0092,0.2733,11.06,0.0059,,27.2,,coastal_t
26.8,,1.7,0.0132,0.3877,10.59,0.0071,,30.9,,coastal_t
33.1,,1.4,0.0065,0.193,12.27,0.0044,,36.1,,coastal_t
29.6,,7.4,0.0016,0.0903,15.77,0.0345,,12.1,,coastal_t
,,,0.0007,0.0054,15.21,0.0174,,,,coastal_t
32.5,,6.7,0.0022,0.0578,15.57,0.0134,,21.75,,coastal_t
30.7,,5.9,0.0053,0.1029,15.9,0.0122,,22.2,,coastal_t
24.4,,5.9,0.0078,0.1467,11.66,0.0129,,24.15,,coastal_t
22.8,,1.7,0.0046,0.1533,11.58,0.0111,,29.9,,coastal_t
25.0,,1.0,0.0083,0.1709,10.92,0.0106,,26.1,,coastal_t
22.3,,1.5,0.0153,0.3144,9.25,0.0095,,27.85,,coastal_t
25.5,,23.4,0.0164,0.2896,8.7,0.0112,,24.95,,coastal_t
26.3,,11.4,0.0186,0.2066,8.55,0.0068,,27.25,,coastal_t
22.65,,3.3,0.01,0.1315,8.84,0.0064,,28.6,,coastal_t
30.9,,1.7,0.0069,0.1015,13.23,0.0133,,38.5,,coastal_t
31.8,,2.0,0.0037,0.1207,11.07,0.0072,,40.35,,coastal_t
29.75,,2.7,0.0023,0.1033,9.63,0.0088,,38.1,,coastal_t
33.2,,2.5,0.0013,0.0308,12.9,0.0105,,37.0,,coastal_t
28.95,,6.25,0.0022,0.2562,10.755,0.0088,,26.575,,coastal_t
,,,,,,,,,,coastal_t
25.8,,1.2,0.0036,0.1104,8.93,0.0056,,27.7,,coastal_t
25.95,,2.6,0.0042,0.1184,9.75,0.0091,,27.75,,coastal_t
21.3,,13.2,0.0008,0.0109,14.8,0.0203,,29.2,,coastal_t
26.25,,5.6,0.0005,0.0558,,0.0042,,30.15,,coastal_t
25.25,,7.4,0.0009,0.0054,14.26,0.0195,,35.75,,coastal_t
29.6,,7.9,0.0005,0.0043,16.73,0.0286,,40.8,,coastal_t
30.1,,10.4,0.0028,0.0473,15.44,0.0138,,43.85,,coastal_t
29.5,,4.1,0.0011,0.0115,14.42,0.0059,,42.8,,coastal_t
30.3,,2.6,0.0034,0.098,12.43,0.0105,,38.45,,coastal_t
30.8,,8.9,0.0009,0.0034,18.29,0.0312,,36.35,,coastal_t
28.8,,8.6,0.0015,0.0048,22.48,0.038,,29.05,,coastal_t
23.9,,6.0,0.0015,0.3,11.66,0.0162,,16.3,,coastal_t
24.35,,5.9,0.0021,0.1,9.53,0.0095,,20.9,,coastal_t
17.9,,8.8,0.0001,0.0059,11.54,0.0119,,20.9,,coastal_t
17.7,,6.0,0.0006,0.0038,12.36,0.0311,,27.1,,coastal_t
24.95,,8.5,0.0001,0.0028,12.15,0.0098,,26.55,,coastal_t
25.9,,6.0,0.0006,0.0217,12.79,0.0132,,30.2,,coastal_t
25.2,,6.6,0.0019,0.0526,12.74,0.0203,,36.3,,coastal_t
29.65,,1.6,,0.0334,11.76,0.012,,43.4,,coastal_t
31.2,,0.7,0.0004,0.0103,12.7,0.0101,,35.4,,coastal_t
33.75,,2.6,0.0005,0.0118,14.37,0.0145,,42.0,,coastal_t
30.25,,1.8,0.0005,0.0184,12.92,0.0102,,40.4,,coastal_t
31.7,,1.1,0.0017,0.0315,13.43,0.0057,,40.7,,coastal_t
24.3,,1.1,0.0019,0.0244,13.1,0.0044,,31.6,,coastal_t
21.4,,2.7,0.001,0.0235,14.89,0.0074,,32.75,,coastal_t
22.7,,1.1,0.0016,0.0345,14.17,0.0379,,34.5,,coastal_t
13.55,,2.1,0.0037,0.071,13.57,0.025,0.92,35.0,,coastal_t
21.95,,6.0,0.0022,0.0265,16.94,0.0113,0.96,35.75,,coastal_t
20.65,,1.2,0.0021,0.039,12.81,0.0183,0.75,37.8,,coastal_t
22.35,,4.0,0.002,0.0293,11.98,0.0071,0.53,42.3,,coastal_t
25.6,,4.1,0.0019,0.0108,11.68,0.0048,0.56,45.6,,coastal_t
,,0.9,0.0021,0.0326,13.03,0.0052,0.42,,,coastal_t
31.5,,1.6,0.0016,0.0097,14.52,0.0109,0.85,48.1,,coastal_t
34.2,,0.1,0.0009,0.035,12.8,0.0045,0.78,38.6,,coastal_t
30.6,,0.7,0.0004,0.0145,16.87,0.0043,0.35,37.05,,coastal_t
29.3,,10.0,0.0018,0.1329,13.65,0.0085,0.46,18.4,,coastal_t
22.2,,2.7,0.0031,0.069,7.89,0.0059,0.31,20.4,,coastal_t
24.95,,1.3,0.001,0.0204,8.96,0.0039,0.56,22.0,,coastal_t
26.1,,3.8,0.0016,0.0563,11.45,0.0099,0.56,25.0,,coastal_t
21.0,,5.0,0.0014,0.0242,10.62,0.0053,0.39,26.1,,coastal_t
26.65,,2.5,0.001,0.0307,10.77,0.0109,0.41,26.4,,coastal_t
25.85,,2.2,0.0004,0.0081,11.86,0.008,0.31,28.05,,coastal_t
30.5,8.3,1.2,0.0004,0.0303,9.5,0.0133,0.52,35.7,,coastal_t
30.8,8.7,1.1,0.0006,0.0185,11.89,0.0094,0.61,34.5,,coastal_t
28.5,8.2,2.1,0.001,0.0407,10.47,0.0079,0.22,27.25,,coastal_t
32.75,8.2,1.6,0.0011,0.0161,14.48,0.0044,1.06,25.55,,coastal_t
30.25,8.5,1.5,0.0006,0.0303,12.15,0.0161,0.89,21.3,,coastal_t
25.9,7.9,4.1,0.0016,0.0787,11.74,0.0145,0.41,21.65,,coastal_t
22.15,8.3,2.6,0.0013,0.0154,10.85,0.0083,1.11,26.7,,coastal_t
24.2,8.1,4.1,0.0022,0.0688,9.38,0.0105,0.41,25.7,,coastal_t
14.3,8.1,3.1,0.003,0.0614,8.6,0.0069,0.39,33.65,,coastal_t
24.65,8.6,1.4,0.0012,0.027,10.71,0.0094,0.61,32.05,,coastal_t
29.65,8.2,0.7,0.0007,0.0168,9.17,0.0061,0.74,36.5,,coastal_t
26.8,8.4,1.4,0.0013,0.0205,8.34,0.0065,0.43,33.2,,coastal_t
29.15,8.4,1.2,0.0016,0.0281,7.34,0.0028,0.51,33.05,,coastal_t
30.1,8.2,1.0,0.0014,0.06,8.84,0.0521,0.49,31.4,,coastal_t
30.4,8.3,1.8,0.0021,0.017,11.33,0.0079,0.52,31.5,,coastal_t
30.5,8.4,1.8,0.002,0.0381,13.01,0.0041,0.72,34.2,,coastal_t
30.5,7.9,5.9,0.0022,0.0163,14.95,0.0194,1.2,31.05,,coastal_t
29.95,8.3,6.5,0.0003,0.0132,17.92,0.0189,0.68,26.1,,coastal_t
27.4,8.5,5.3,0.0009,0.0596,10.86,0.0082,0.73,21.7,,coastal_t
20.5,8.6,1.6,0.0004,0.0207,10.28,0.0062,0.67,21.7,,coastal_t
19.1,8.2,0.6,0.0008,0.0197,10.25,0.0047,0.48,25.5,,coastal_t
24.8,8.2,0.3,0.0013,0.0137,9.03,0.0051,0.83,31.25,,coastal_t
23.8,8.3,0.8,0.002,0.0155,9.99,0.0048,0.74,30.7,,coastal_t
23.8,8.3,1.0,0.0005,0.0155,9.15,0.0069,0.93,36.1,,coastal_t
26.7,8.4,1.4,0.001,0.0153,10.08,0.002,1.09,34.95,,coastal_t
30.6,8.2,0.8,0.0016,0.0295,10.27,0.0032,0.52,41.6,,coastal_t
31.35,8.1,1.2,0.0009,0.0277,13.04,0.0072,0.69,48.65,,coastal_t
31.15,8.1,0.9,0.0015,0.0369,9.96,0.0046,0.78,39.55,,coastal_t
28.1,7.9,3.0,0.0025,0.0846,9.04,0.0055,0.53,36.25,,coastal_t
27.35,8.2,2.6,0.0004,0.0301,12.86,0.0071,0.62,37.6,,coastal_t
23.9,8.3,1.2,0.0034,0.0276,10.78,0.0056,0.43,39.8,,coastal_t
20.55,8.3,1.0,0.0013,0.0224,13.05,0.0075,0.34,41.35,,coastal_t
,,,,,,,,,,coastal_t
,,,,,,,,,,coastal_t
,,,,,,,,,,coastal_t
,,,,,,,,,,coastal_t
,,,,,,,,,,coastal_t
,,,,,,,,,,coastal_t
,,,,,,,,,,coastal_t
,,,,,,,,,,coastal_t
,,,,,,,,,,coastal_t
,,,,,,,,,,coastal_t
,,,,,,,,,,coastal_t
,,,,,,,,,,coastal_t
,,,,,,,,,,coastal_t
,,,,,,,,,,coastal_t
,,,,,,,,,,coastal_t
,,,,,,,,,,coastal_t
,,,,,,,,,,coastal_t
,,,,,,,,,,coastal_t
,,,,,,,,,,coastal_t
,,,,,,,,,,coastal_t
,,,,,,,,,,coastal_t
28.27,8.09,7.29,0.00049604,0.01916149,18.6625002,0.036423045,0.807811925,26.26,,coastal_t
25.19,8.26,3.59,0.000567415,0.03043594,12.4000001,0.011099505,0.67531732,29.34,,coastal_t
26.965,8.08,7.985,0.001228425,0.016648165,15.1650001,0.017565645,0.79830242,31.885,,coastal_t
19.585,8.125,1.96,,,9.11625008,0.00713535,0.69655462,32.575,,coastal_t
20.2,8.125,4.795,0.002215905,0.15668303,11.4800001,0.010306265,0.68270862,34.225,,coastal_t
24.27,8.21,0.61,0.00166046,0.10802326,15.4500001,0.017327715,0.63184312,36.83,,coastal_t
25.07,8.21,2.0,0.00155491,0.10365451,12.1450001,0.00939072,1.097795335,36.6,,coastal_t
28.53,8.085,1.845,0.00207373,0.300755055,12.2125001,0.00838864,0.63646522,37.98,,coastal_t
28.51,7.935,2.545,0.001478155,0.05315939,11.3925001,0.0100729,0.49115292,38.425,,coastal_t
31.51,8.27,1.26,0.0013345,0.06,1212.08,0.008703,0.56,33.335,,coastal_t
31.055,8.14,2.8,0.000858,0.075,1247.915,0.009567,0.77,35.15,,coastal_t
28.99,8.26,3.81,0.0010995,0.02,1259.37,0.01,0.66,40.41,,coastal_t
27.11,8.155,2.41,0.00145408,0.05042821,14.8500001,0.01356882,1.03928443,29.46,,coastal_t
23.435,8.475,2.43,0.0007593,0.02176875,11.1750001,0.01042885,0.51110222,22.92,,coastal_t
25.01,8.385,0.97,0.0007828,0.06418037,9.22250008,0.00955972,0.46382141,25.28,,coastal_t
22.455,8.21,2.42,0.0019796,0.12060135,8.71400008,0.01002515,0.53199722,28.385,,coastal_t
26.89,8.055,4.08,0.00155625,0.15475761,10.4400001,0.00945824,0.66271522,30.81,,coastal_t
27.475,8.205,6.4,,0.09481247,13.1550001,0.00366997,1.04148243,32.845,,coastal_t
27.28,8.19,2.63,0.0014748,0.04766157,11.9600001,0.00824504,0.79906682,37.5,,coastal_t
28.36,8.2,0.56,0.00098352,0.0529626,12.5400001,0.00751768,0.77445062,37.005,,coastal_t
29.02,8.015,1.29,0.00112703,0.03918064,13.5550001,0.00776381,0.61426962,46.92,,coastal_t
,,,,,,,,,,coastal_t
,,,,,,,,,,coastal_t
,,,,,,,,,,coastal_t
,,,,,,,,,,coastal_t
,,,,,,,,,,coastal_t
,,,,,,,,,,coastal_t
24.7,7.9,2.4,0.002,0.104,10.5,0.005,1.04,34.6,,coastal_t
21.3,8.1,3.4,,0.018,13.3,0.01,1.36,38.8,,coastal_t
24.2,8.0,1.3,,0.017,13.2,0.006,1.19,38.8,,coastal_t
25.9,8.1,1.75,,0.0175,7.6,0.003,0.64,47.5,,coastal_t
28.0,8.1,3.1,,0.036,12.8,0.005,1.1,47.9,,coastal_t
29.6,8.1,2.1,,0.05,12.2,0.008,1.23,40.8,,coastal_t
31.7,8.1,3.7,0.002,0.03,16.9,0.015,1.75,41.3,,coastal_t
30.7,8.1,1.5,,0.038,11.9,0.015,1.24,39.8,,coastal_t
30.1,8.0,3.4,0.002,0.037,13.6,0.011,1.41,37.5,,coastal_t
30.1,8.2,4.0,,0.02,15.2,0.014,1.79,34.4,,coastal_t
24.7,8.1,2.8,,0.029,14.0,0.004,1.22,33.3,,coastal_t
23.9,8.1,1.6,,0.063,13.9,0.009,1.21,30.5,,coastal_t
9.13,8.3,4.1,0.002,0.089,13.7,0.007,1.19,29.4,,coastal_t
19.1,8.3,1.1,,0.05,12.9,0.006,1.24,29.0,,coastal_t
18.9,8.4,1.1,,0.028,11.8,0.008,1.02,31.0,,coastal_t
25.1,8.2,2.0,0.002,0.034,13.2,0.007,1.08,36.3,,coastal_t
30.3,8.3,2.9,0.002,0.073,11.7,0.006,1.17,36.6,,coastal_t
33.1,8.4,4.0,,0.091,12.7,0.011,1.31,37.9,,coastal_t
29.6,8.2,1.05,,0.021,5.6,0.0025,0.63,36.3,,coastal_t
33.2,8.2,1.8,,0.106,15.7,0.016,1.6,38.6,,coastal_t
28.5,8.3,2.8,,0.056,12.1,0.007,1.28,32.1,,coastal_t
27.0,8.5,0.8,,0.058,10.5,0.004,1.03,23.9,0.3,coastal_t
23.7,8.4,2.9,,0.04,9.9,0.005,0.94,23.7,0.3,coastal_t
11.0,8.3,1.8,0.0,0.0085,5.4,0.0025,0.52,22.0,0.1665,coastal_t
23.0,8.3,2.0,,0.02375,8.725,0.006,0.7675,27.6666666666667,0.335,coastal_t
21.2,8.1,1.2,0.002,0.046,9.8,0.007,0.88,32.6,0.2,coastal_t
21.0,8.2,2.8,0.002,0.047,11.7,0.008,1.12,35.1,0.4,coastal_t
26.4,8.1,8.8,0.002,0.092,12.7,0.009,1.26,36.9,0.8,coastal_t
27.4,8.2,4.4,,0.054,13.2,0.008,1.27,42.0,0.39,coastal_t
30.6,8.1,3.2,,0.068,12.9,0.006,1.21,44.4,0.631,coastal_t
33.1,8.1,2.5,,0.056,13.4,0.012,1.17,45.8,1.39,coastal_t
32.1,8.2,4.2,,0.028,16.5,0.01,1.38,44.3,2.04,coastal_t
31.2,8.1,5.8,,0.014,17.2,0.021,2.07,42.3,4.12,coastal_t
27.3,8.1,2.25,,0.0045,6.5,0.0045,0.75,39.9,1.255,coastal_t
,,,,,,,,,,coastal_t
23.4,8.1,1.5,,0.097,10.1,0.003,1.02,30.0,0.347,coastal_t
,,,,,,,,,,coastal_t
22.8,8.0,6.7,0.002,0.118,11.1,0.006,1.19,33.1,0.433,coastal_t
,,,,,,,,,,coastal_t
24.5,8.2,3.6,,0.061,11.3,0.007,1.16,36.0,0.171,coastal_t
,,,,,,,,,,coastal_t
29.3,8.1,2.5,0.002,0.14,11.1,0.008,1.19,29.9,0.684,coastal_t
,,,,,,,,,,coastal_t
31.5,8.3,2.5,,0.057,10.7,0.008,1.09,26.1,0.873,coastal_t
,,,,,,,,,,coastal_t
28.8,8.4,5.4,,,15.7,0.014,1.51,27.5,9.93,coastal_t
,,,,,,,,,,coastal_t
26.1,8.2,4.9,,0.018,10.1,0.008,0.97,26.4,2.82,coastal_t
,,,,,,,,,,coastal_t
20.6,8.2,2.8,,0.039,9.3,0.005,0.96,29.2,0.622,coastal_t
,,,,,,,,,,coastal_t
26.8,8.1,3.6,,0.104,11.7,0.007,1.12,35.9,0.369,coastal_t
,,,,,,,,,,coastal_t
30.8,8.0,2.2,0.002,0.308,10.0,0.006,1.19,28.5,0.878,coastal_t
,,,,,,,,,,coastal_t
29.7,8.2,2.0,,0.04,11.9,0.01,1.01,25.5,0.696,coastal_t
,,,,,,,,,,coastal_t
25.1,8.2,2.1,0.003,0.059,10.3,0.006,0.93,28.0,0.402,coastal_t
,,,,,,,,,,coastal_t
25.8,8.2,1.7,,0.091,8.5,0.013,0.84,25.8,0.476,coastal_t
,,,,,,,,,,coastal_t
25.9,8.1,1.1,,0.071,9.8,0.006,0.93,27.9,0.244,coastal_t
,,,,,,,,,,coastal_t
26.8,8.2,1.55,,0.0105,4.75,0.001,0.435,34.8,0.151,coastal_t
,,,,,,,,,,coastal_t
30.9,8.0,2.1,,0.077,10.7,0.004,0.99,37.8,0.533,coastal_t
,,,,,,,,,,coastal_t
29.7,8.2,1.8,,0.025,11.1,0.006,1.02,39.6,1.25,coastal_t
,,,,,,,,,,coastal_t
26.9,8.2,2.0,,0.04,13.7,0.005,1.2,38.1,0.685,coastal_t
,,,,,,,,,,coastal_t
19.0,8.1,1.9,,0.042,13.1,0.005,1.15,39.7,0.353,coastal_t
,,,,,,,,,,coastal_t
19.1,8.2,1.3,,0.04,12.4,0.005,1.11,40.5,0.196,coastal_t
,,,,,,,,,,coastal_t
28.7,8.2,2.3,,0.026,12.8,0.004,1.32,44.4,0.273,coastal_t
,,,,,,,,,,coastal_t
30.0,8.3,0.75,,0.0085,5.55,0.001,0.635,48.0,0.336,coastal_t
,,,,,,,,,,coastal_t
33.4,8.8,4.1,,0.032,15.6,0.015,1.83,52.2,3.03,coastal_t
,,,,,,,,,,coastal_t
28.3,8.3,1.7,,0.016,14.5,0.014,1.9,35.6,2.02,coastal_t
,,,,,,,,,,coastal_t
,,,,,,,,,,coastal_t
17.4,8.0,3.8,0.002,0.373,10.9,0.008,1.68,30.5,3.76,coastal_t
22.3,8.1,2.5,0.002,0.498,11.4,0.009,1.76,30.0,5.53,coastal_t
,,,,,,,,,,coastal_t
26.6,8.1,1.1,0.0005,0.095,6.1,0.0035,0.78,32.2,1.304,coastal_t
30.2,8.4,2.4,,0.096,14.5,0.006,1.47,34.7,0.592,coastal_t
31.0,8.3,2.2,,0.061,12.1,0.012,1.44,38.3,0.648,coastal_t
31.4,8.2,1.4,,0.034,15.6,0.009,1.58,39.3,0.848,coastal_t
31.3,8.2,2.5,,0.064,15.0,0.008,1.7,38.5,1.04,coastal_t
30.0,8.2,2.2,,0.107,16.0,0.008,1.55,36.0,1.37,coastal_t
24.0,8.2,2.1,,0.029,13.2,0.007,1.31,33.7,2.06,coastal_t
25.6,8.2,1.0,,0.027,10.8,0.003,0.925,28.1,0.306,coastal_t
25.1,8.2,1.2,,0.036,12.6,0.006,1.02,27.8,0.608,coastal_t
23.4,8.0,4.8,,0.017,11.1,0.021,1.32,34.0,10.2,coastal_t
25.6,8.2,8.7,0.002,0.042,12.6,0.011,1.37,33.8,1.41,coastal_t
21.0,8.2,8.4,,0.043,10.6,0.009,1.12,39.4,0.503,coastal_t
25.0,8.2,1.0,,0.058,10.2,0.004,1.01,36.8,0.311,coastal_t
25.3,8.2,1.3,,0.049,12.8,0.007,1.24,38.5,0.256,coastal_t
32.2,8.2,1.0,,0.076,12.7,0.006,1.22,39.6,0.338,coastal_t
31.1,8.1,1.4,,0.047,12.4,0.004,1.17,41.5,0.318,coastal_t
28.9,8.1,1.1,,0.048,15.8,0.007,1.58,41.9,1.35,coastal_t
29.4,7.2,12.8,,0.298,16.1,0.048,1.94,31.7,10.3,coastal_t
28.0,7.9,6.5,,0.114,16.3,0.037,1.54,22.3,14.4,coastal_t
24.9,8.0,13.9,0.002,0.017,14.0,0.019,1.6,22.1,19.2,coastal_t
16.7,7.8,17.7,,0.016,15.1,0.035,2.07,25.5,25.3,coastal_t
17.9,8.0,9.85,,0.0705,7.15,0.0155,1.08,25.3,10.192,coastal_t
26.6,7.9,6.5,,0.316,9.4,0.012,1.32,26.8,1.09,coastal_t
26.5,7.9,4.6,,0.163,10.1,0.008,1.19,26.9,1.1,coastal_t
29.4,7.8,2.1,,0.146,10.7,0.018,1.32,35.1,1.87,coastal_t
24.9,7.8,3.5,0.004,0.205,12.2,0.01,1.27,30.1,1.33,coastal_t
30.0,8.3,1.6,,0.087,12.9,0.017,1.4,30.0,3.43,coastal_t
32.4,8.1,2.2,,0.019,13.8,0.012,1.41,33.2,5.01,coastal_t
30.4,8.1,2.5,,0.019,12.8,0.008,1.31,32.6,2.17,coastal_t
28.9,8.0,1.5,,0.051,12.4,0.006,1.21,30.9,0.96,coastal_t
28.2,8.0,3.6,,0.015,14.5,0.016,1.73,31.8,7.41,coastal_t
26.7,7.9,3.2,,0.041,12.5,0.008,1.14,30.3,1.18,coastal_t
22.1,8.0,6.0,,0.049,14.6,0.017,1.57,32.9,10.1,coastal_t
17.3,8.0,4.0,0.002,0.109,12.8,0.013,1.27,31.4,2.92,coastal_t
25.3,7.9,0.65,0.0005,0.1215,5.5,0.005,0.675,33.9,0.408,coastal_t
27.4,7.7,1.1,,0.162,13.0,0.009,1.27,35.2,0.556,coastal_t
28.3,8.0,6.2,0.003,0.271,12.6,0.008,1.43,37.9,0.494,coastal_t
29.0,7.9,1.9,0.002,0.224,13.8,0.01,1.6,42.6,0.919,coastal_t
30.0,7.6,1.9,0.002,0.159,13.0,0.009,1.39,41.4,0.907,coastal_t
31.7,8.0,2.5,,0.024,11.7,0.014,1.55,39.3,1.84,coastal_t
31.6,8.0,5.0,,0.015,13.6,0.022,1.79,37.3,8.04,coastal_t
30.2,7.9,4.2,,0.013,14.4,0.017,1.53,34.2,5.01,coastal_t
27.0,7.7,4.3,,0.11,12.2,0.007,1.28,37.7,1.0,coastal_t
27.4,8.0,0.45,0.002,0.077,5.25,0.002,0.565,37.5,0.1555,coastal_t
21.1,7.9,2.1,,0.058,14.5,0.009,1.26,37.0,1.5,coastal_t
15.8,7.7,1.8,0.002,0.107,11.8,0.005,1.1,37.7,0.473,coastal_t
19.6,8.0,2.8,,0.108,13.6,0.012,1.32,36.0,3.2,coastal_t
25.1,8.1,2.2,0.003,0.075,12.3,0.008,1.21,37.9,0.654,coastal_t
26.9,7.9,3.2,0.002,0.083,12.3,0.008,1.17,42.0,0.352,coastal_t
27.8,8.1,1.0,,0.053,10.3,0.007,0.95,44.0,0.628,coastal_t
30.7,8.6,1.1,,0.054,12.3,0.006,1.13,40.1,0.354,coastal_t
30.1,7.8,2.7,,0.045,15.8,0.014,1.7,41.8,4.17,coastal_t
31.7,8.2,1.0,,0.044,14.0,0.006,1.46,40.0,0.462,coastal_t
31.7,8.0,1.2,,0.067,,,,37.6,,coastal_t
31.9,8.1,1.1,,0.084,12.6,0.006,1.09,30.7,0.652,coastal_t
25.5,7.8,6.2,0.002,0.158,12.4,0.017,1.06,9.04,3.34,coastal_t
17.6,8.4,5.6,0.006,0.13,10.7,0.015,1.1,10.6,5.2,coastal_t
20.9,8.4,1.3,,0.056,9.5,0.004,0.899,21.7,0.213,coastal_t
24.1,8.0,1.3,0.003,0.14,8.9,0.011,0.961,27.8,0.336,coastal_t
25.4,8.2,2.1,0.002,0.118,9.6,0.007,0.991,28.3,0.284,coastal_t
22.1,8.2,1.3,,0.052,10.2,0.004,0.971,30.5,0.144,coastal_t
25.2,8.2,2.0,,0.058,10.5,0.004,0.982,30.3,0.18,coastal_t
31.3,8.1,2.5,0.002,0.114,11.3,0.005,1.15,34.0,1.29,coastal_t
28.4,8.1,1.3,0.002,0.164,10.4,0.006,1.07,33.7,0.5,coastal_t
30.1,8.0,1.3,0.002,0.122,10.3,0.005,1.07,32.5,0.583,coastal_t
29.8,7.7,1.6,0.002,0.11,12.4,0.004,1.14,33.6,0.45,coastal_t
28.7,8.0,2.2,0.003,0.095,11.4,0.005,1.12,35.0,0.309,coastal_t
23.8,7.9,4.4,0.002,0.148,10.9,0.016,1.27,33.3,4.33,coastal_t
23.8,8.0,1.6,0.007,0.349,9.9,0.006,1.18,32.0,0.286,coastal_t
19.4,7.8,3.1,0.0025,0.1895,5.2,0.004,0.665,31.2,0.662,coastal_t
24.5,8.2,2.4,0.008,0.195,10.5,0.011,1.16,33.0,0.848,coastal_t
22.3,8.1,0.85,0.0005,0.0505,5.0,0.0025,0.54,34.1,0.137,coastal_t
29.0,8.1,3.6,0.004,0.218,10.0,0.006,1.23,35.8,0.464,coastal_t
27.8,8.1,2.0,0.003,0.088,10.4,0.005,1.09,36.1,0.375,coastal_t
30.3,8.0,2.6,0.002,0.054,11.8,0.012,1.31,34.4,4.06,coastal_t
30.4,8.0,2.2,,0.036,12.3,0.01,1.26,33.7,1.53,coastal_t
31.5,7.9,0.75,,0.067,5.25,0.002,0.53,35.2,0.1625,coastal_t
31.5,7.9,0.65,,0.04,5.3,0.001,0.555,38.3,0.246,coastal_t
24.6,8.0,4.6,0.002,0.131,16.0,0.018,1.62,28.4,13.2,coastal_t
23.9,8.0,2.6,0.003,0.146,10.8,0.006,1.07,30.4,2.17,coastal_t
24.2,8.1,1.2,0.005,0.122,10.2,0.004,1.06,30.8,0.713,coastal_t
24.7,8.1,1.4,0.002,0.1,11.1,0.005,1.11,32.1,0.184,coastal_t
22.6,8.1,0.8,0.0005,0.062,4.75,0.0005,0.49,31.8,0.063,coastal_t
25.8,8.0,1.15,0.001,0.126,4.25,0.003,0.52,39.0,0.219,coastal_t
24.7,8.0,2.1,0.003,0.12,10.7,0.007,1.08,35.8,0.19,coastal_t
29.2,8.1,1.8,0.002,0.076,11.2,0.012,1.07,41.4,0.878,coastal_t
30.6,7.9,2.7,0.003,0.148,10.8,0.013,1.2,39.2,0.62,coastal_t
28.7,8.0,0.95,,0.029,6.6,0.006,0.64,35.2,1.297,coastal_t
33.7,8.0,2.4,,0.035,14.6,0.016,1.52,36.1,5.93,coastal_t
29.3,8.0,4.0,0.002,0.136,14.4,0.01,1.42,34.5,4.12,coastal_t
30.3,7.9,3.7,,0.21,13.4,0.014,1.38,33.2,2.16,coastal_t
28.1,8.0,1.5,0.002,0.151,11.2,0.004,1.11,31.9,0.632,coastal_t
19.9,8.2,0.85,0.001,0.071,4.4,0.0015,0.4565,22.8,0.4825,coastal_t
21.3,8.2,2.4,0.004,0.137,8.7,0.007,0.859,19.4,1.41,coastal_t
18.6,8.2,1.4,0.0005,0.019,4.2,0.0025,0.434,21.0,1.252,coastal_t
27.4,8.2,3.7,0.003,0.087,9.8,0.008,0.946,24.5,0.88,coastal_t
25.6,7.9,26.8,0.005,0.257,10.8,0.014,1.3,25.3,2.34,coastal_t
30.2,8.1,1.5,0.002,0.099,8.6,0.005,0.9055,25.9,0.56,coastal_t
28.4,8.0,0.65,0.0005,0.0325,6.05,0.002,0.535,30.6,0.2525,coastal_t
31.2,8.1,4.0,,0.012,12.4,0.014,1.29,31.0,9.44,coastal_t
33.0,8.2,5.0,,0.009,15.3,0.016,1.6,31.8,14.7,coastal_t
31.8,8.1,3.0,,0.064,12.3,0.008,1.3,30.7,7.21,coastal_t
27.1,7.9,4.7,0.002,0.064,14.1,0.017,1.57,27.1,17.6,coastal_t
24.0,8.1,2.15,0.0035,0.0825,3.3,0.0015,0.408,21.0,1.052,coastal_t
21.0,8.2,2.6,0.005,0.056,8.8,0.006,0.858,24.3,1.53,coastal_t
,,,,,,,,,,coastal_t
,,,,,,,,,,coastal_t
,,,,,,,,,,coastal_t
,,,,,,,,,,coastal_t
