"","Site_Name","Collection_Date","WQ_ID.x","Collection.Year","Collection.Month","Collection_Time.x","Latitude","Longitude","Depth","Secchi","Turbidity","Chlorophyll_Rep_A","Chlorophyll_Rep_B","CDOM_Rep_A","CDOM_Rep_B","Light_Attenuation","Surface_Temp","Surface_DO_.","Surface_DO_Con","Surface_SPC","Surface_Sal","Surface_pH","Bottom_Temp","Bottom_DO_.","Bottom_DO_Con","Bottom_SPC","Bottom_Sal","Bottom_pH","Field","Entry.x","Validation","Comments.x","Photos","Chlorophyll.Average","CDOM.Average","ID","WQ_ID.y","Nut.Vial.No","Collection_Time.y","N.N_Rep_A","N.N_Rep_B","NO3_Rep_A","NO3_Rep_B","NO2_Rep_A","NO2_Rep_B","NH4_Rep_A","NH4_Rep_B","TN_Rep_A","TN_Rep_B","TP_Rep_A","TP_Rep_B","SRP_Rep_A","SRP_Rep_B","TOC_Rep_A","TOC_Rep_B","Si_Rep_A","Si_Rep_B","Chlorophyll_rep_A","Chlorophyll_rep_B","Entry.y","QA_QC","Comments.y"
"1","AC01","1/19/2024","20240119AC01",2024,1,"1/0/1900",25.17614,-80.79425,0.7,37,22.4,28.68,25.27,132.38,132.3,NA,24.7,77.8,6.21,12.05,6.89,8.15,NA,NA,NA,NA,NA,NA,"ZWF","LAB","ZWF","","",26.975,132.34,884,"20240119AC01",20,"",0.035,0.123,NA,NA,0.156,0.139,0.319,0.336,134.8,132.6,2.243,2.209,0.028,0.043,1976,2135,128.05,125.04,NA,NA,"LAB","ZWF",""
"2","AC01","11/20/2024","20241120AC01",2024,11,"1/0/1900",25.17611,-80.79423,1,48,14.1,13.57,13.55,40.51,41.06,NA,24.56,88.8,6.52,34.8,21.88,8.32,NA,NA,NA,NA,NA,NA,"ZWF","ZWF","ZWF","","",13.56,40.785,1031,"20241120AC01",11,"",NA,NA,NA,NA,NA,0.006,0.239,0.196,98.8,98.1,1.176,1.258,0.017,0.014,1024,1002,31.815,32.599,NA,NA,"ZWF","ZWF",""
"3","AC01","11/8/2023","20231108AC01",2023,11,"1/0/1900",25.17622,-80.79414,0.8,38,18.5,28.82,25.39,88.28,86.63,NA,24.57,54,3.66,53.68,35.47,7.96,NA,NA,NA,NA,NA,NA,"ZWF","LAB","ZWF","","",27.105,87.455,844,"20231108AC01",15,"",0.239,0.239,NA,NA,0.153,0.165,1.627,1.607,119,121.4,1.825,1.871,NA,0.007,1461,1451,147.51,146.68,NA,NA,"LAB","ZWF",""
"4","AC01","3/27/2024","20240327AC01",2024,3,"1/0/1900",25.17616,-80.79409,1,27,34.6,44.28,42.38,100.85,98.76,NA,24.77,59.2,4.53,23.1,13.92,8.33,NA,NA,NA,NA,NA,NA,"ZWF","LAB","ZWF","","",43.33,99.805,949,"20240327AC01",42,"",0.032,0.054,NA,NA,0.056,0.112,0.515,0.612,178.1,181.4,3.48,3.82,0.038,0.081,1723,1724,136.675,134.325,NA,NA,"LAB","ZWF",""
"5","AC01","5/10/2024","20240510AC01",2024,5,"1/0/1900",25.17617,-80.79422,0.9,23,33.7,28.48,29.14,57.03,56.36,NA,28.32,64.4,4.25,46.34,29.99,8.26,NA,NA,NA,NA,NA,NA,"ZWF","LAB","ZWF","","",28.81,56.695,975,"20240510AC01",26,"",NA,NA,NA,NA,NA,NA,NA,NA,176.7,174.3,2.772,2.856,NA,NA,1564,1596,117.96,117.86,NA,NA,"ZWF","LAB","Filtered samples perished in broken freezer"
"6","AC01","7/11/2023","20230711AC01",2023,7,"1/0/1900",25.17613,-80.79432,0.7,32,19.4,32.75,28.8,176.52,174.96,NA,31.97,14.1,0.92,32.61,20.21,7.71,NA,NA,NA,NA,NA,NA,"ZWF","LAB","ZWF","","",30.775,175.74,749,"20230711AC01",13,"",0.117,0.116,NA,NA,0.049,0.033,1.623,1.522,165.1,171.2,2.297,2.227,0.058,0.05,3727,3483,192.77,193.81,NA,NA,"LAB","ZWF",""
"7","AC01","9/1/2023","20230901AC01",2023,9,"1/0/1900",25.17614,-80.79424,0.6,39,22.8,26.21,29.34,88,88.38,NA,30.84,11.9,0.75,50.64,30.04,7.64,NA,NA,NA,NA,NA,NA,"ZWF","LAB","ZWF","","",27.775,88.19,792,"20230901AC01",13,"",NA,NA,NA,NA,NA,NA,0.303,0.26,116.6,111.8,1.988,2.031,0.029,0.02,1623,1692,193.26,193.03,NA,NA,"LAB","ZWF",""
"8","AC01","9/12/2024","20240912AC01",2024,9,"1/0/1900",25.17616,-80.79416,1.3,26,34.9,31.83,29.81,86.06,84.76,NA,30.39,61.8,3.91,47.72,30.91,8.03,30.34,54.6,3.45,48.57,31.54,7.96,"ZWF","ZWF","ZWF","REVERSE FLOW","",30.82,85.41,998,"20240912AC01",17,"",NA,NA,NA,NA,0.033,0.049,0.354,0.384,178.8,206.4,1.729,1.711,0.022,0.02,1529,1538,111.54,110.98,NA,NA,"ZWF","ZWF",""
"9","BLUE01","11/10/2021","20211110BLUE01",2021,11,"1/0/1900",25.0231,-80.92773,2,120,6.57,4.52,4.68,21.73,21.71,NA,23.12,110.8,7.78,52.33,34.5,8.28,23.11,112.3,7.88,52.33,34.5,8.28,"ZWF","ZWF","ZWF","","",4.6,21.72,601,"20211110BLUE01",23,"",0.061,0.034,NA,NA,0.042,0.024,0.511,0.483,20.357,21.905,0.634,0.675,0.025,0.018,301.3,296.3,5.59,5.56,NA,NA,"ZWF","ZWF",""
"10","BLUE02","1/14/2021","20210114BLUE02",2021,1,"1/0/1900",24.99483,-80.92758,1.9,190,1.82,0.6,0.46,24.41,24.18,NA,20.42,102.5,7.77,45.63,29.62,8.05,20.43,105,7.95,45.61,29.63,8.06,"ZWF","ZWF","ZWF","","",0.53,24.295,470,"20210114BLUE02",25,"1/0/1900",0.024,0.037,NA,NA,0.004,0.01,0.174,0.213,25,24.05,0.45,0.503,NA,NA,334.5,335.42,6.51,6.39,NA,NA,"ZWF","ZWF",""
"11","BLUE02","1/17/2024","20240117BLUE02",2024,1,"1/0/1900",24.9949,-80.9265,2.2,220,0.9,0.34,0.32,30.48,30.6,NA,23.99,91.5,6.45,47.25,30.75,8.49,24.01,91.4,6.45,47.26,30.76,8.49,"ZWF","LAB","ZWF","","",0.33,30.54,879,"20240117BLUE02",14,"",0.051,0.056,NA,NA,0.042,0.031,NA,NA,27.6,31,0.286,0.27,NA,NA,403.1,366.3,10.234,10.221,NA,NA,"LAB","ZWF",""
"12","BLUE02","1/20/2022","20220120BLUE02",2022,1,"1/0/1900",24.99507,-80.92719,1.9,190,1.56,0.55,0.4,18.28,18.26,NA,20,110.3,8.23,51.29,33.76,8.23,19.98,112.6,8.39,51.29,33.76,8.23,"ZWF","ZWF","ZWF","","",0.475,18.27,615,"20220120BLUE02",23,"",NA,NA,NA,NA,0.007,0.011,0.209,0.247,28.57,27.14,0.356,0.375,NA,NA,388.6,402.8,2.27,2.33,NA,NA,"ZWF","ZWF",""
"13","BLUE02","1/23/2018","20180123BLUE02",2018,1,"1/0/1900",24.99489,-80.92773,1.95,195,2.58,0.26,NA,62.57,63.81,NA,20.24,118.2,8.97,46.09,29.96,8.25,20.22,118.2,8.98,46.09,29.96,8.25,"ZWF","VMA","ZWF","","",NA,63.19,134,"20180123BLUE02",25,"1/0/1900",0.03,0.04,NA,NA,0,0,0.19,0.19,20.31,19.57,0.53,0.53,NA,NA,374.42,366.58,1.68,1.72,NA,NA,"VMA","ZWF",""
"14","BLUE02","1/27/2020","20200127BLUE02",2020,1,"1/0/1900",24.99505,-80.92757,1.9,190,4.26,1.23,1.07,31.05,25.62,NA,19.91,109.6,8.13,52.67,34.78,8.17,19.92,110.4,8.19,52.67,34.78,8.17,"ZWF","TAP","LMH","25 subtracted from CDOM, JLS did QA/QC","",1.15,28.335,301,"20200127BLUE02",25,"1/0/1900",0.01,0,NA,NA,0.01,0.01,0.2,0.2,20.95,20.48,0.41,0.49,NA,NA,325.75,325.75,13.33,13.39,NA,NA,"LMH","JLS",""
"15","BLUE02","11/13/2017","20171113BLUE02",2017,11,"1/0/1900",24.9948,-80.92728,2.53,95,6.74,11.69,11.12,64.17,74.95,NA,25.89,92.2,6.39,44.12,28.45,8.08,25.85,91.5,6.34,44.13,28.46,8.08,"AJP","ZWF","AJP","","",11.405,69.56,76,"20171113BLUE02",11,"1/0/1900",0.07,0.01,NA,NA,NA,NA,1.44,1.47,30.38,29.87,0.88,0.89,0,0.01,466.08,463.58,3.36,3.81,NA,NA,"VMA","ZWF",""
"16","BLUE02","11/21/2017","20171121BLUE02",2017,11,"1/0/1900",24.9948,-80.92728,1.95,195,3.88,9.02,8.7,76.88,73.13,NA,23.94,96.2,6.93,42.53,27.35,8.11,23.93,96.5,6.96,42.53,27.35,8.11,"ZWF","VMA","ZWF","","",8.86,75.005,105,"20171121BLUE02",25,"1/0/1900",NA,NA,NA,NA,0.09,0.1,1.55,1.66,33.09,37.24,0.66,0.65,0.04,0.04,374.08,383.08,5.71,6.14,NA,NA,"VMA","ZWF",""
"17","BLUE02","11/26/2024","20241126BLUE02",2024,11,"1/0/1900",24.99485,-80.92714,2.6,142,2.63,6.02,6.27,33.21,33,NA,21.26,105.2,7.76,48.36,31.6,8.32,21.22,105.6,7.81,48.35,31.59,8.33,"ZWF","ZWF","ZWF","","",6.145,33.105,1045,"20241126BLUE02",25,"",NA,NA,NA,NA,0.004,0.004,0.014,NA,53.1,52.4,1.056,1.047,NA,NA,732.8,736.7,131.25,132.45,NA,NA,"ZWF","ZWF",""
"18","BLUE02","11/29/2020","20201129BLUE02",2020,11,"1/0/1900",24.99494,-80.92709,2.2,220,2.87,1.43,1.23,30.4,30.36,NA,25.78,110.7,7.82,41.17,26.34,8.23,25.757,114.2,8.03,41.182,26.35,8.25,"ZWF","LMH","ZWF","","",1.33,30.38,444,"20201129BLUE02",25,"1/0/1900",0.15,0.16,NA,NA,0.078,0.075,0.425,0.423,36.9,36.922,0.44,0.42,NA,0,445.3,437.1,1.551,1.56,NA,NA,"ZWF","ZWF",""
"19","BLUE02","11/8/2023","20231108BLUE02",2023,11,"1/0/1900",24.99472,-80.92757,2.4,240,0.72,0.8,0.83,28.98,25.86,NA,25.055,105.6,6.92,60.735,40.77,8.22,25.025,106,6.96,60.725,40.76,8.22,"LAB","LAB","ZWF","","",0.815,27.42,839,"20231108BLUE02",33,"",0.27,0.261,NA,NA,0.046,0.053,0.471,0.47,25,24.5,0.312,0.315,0.049,0.04,396,415.6,15.235,15.32,NA,NA,"LAB","ZWF",""
"20","BLUE02","3/16/2021","20210316BLUE02",2021,3,"1/0/1900",24.99503,-80.9278,1.7,170,1.18,0.25,0.26,28.28,27.2,NA,24.47,106.6,7.36,51.07,33.54,8.33,24.48,107.6,NA,51.08,33.54,8.33,"ZWF","CJK","ZWF","","",0.255,27.74,496,"20210316BLUE02",25,"1/0/1900",0.076,0.082,NA,NA,0.009,0.011,0.087,0.09,38.1,37.62,0.374,0.366,-0.003,-0.003,393.6,392,12.891,4.838,NA,NA,"ZWF","ZWF","Si different"
"21","BLUE02","3/17/2020","20200317BLUE02",2020,3,"1/0/1900",24.99521,-80.92686,2.1,210,1.36,0.25,0.29,27.36,27,NA,25.105,96.1,6.38,57.002,37.94,8.28,25.104,97.8,6.53,57.012,37.95,8.28,"JLS","LMH","TAP","sample to FWC for ID","",0.27,27.18,339,"20200317BLUE02",25,"1/0/1900",0.04,0.04,NA,NA,0,NA,NA,NA,28.57,28.57,0.4,0.4,NA,NA,402.667,406.667,1.38,1.37,NA,NA,"JLS","ZWF",""
"22","BLUE02","3/18/2022","20220318BLUE02",2022,3,"1/0/1900",24.99539,-80.92817,1.6,160,1.25,0.42,0.53,29.73,29.4,NA,27.116,122.9,7.99,54.55,36.05,8.51,27.15,129.6,8.42,54.55,36.05,8.52,"ZWF","ZWF","ZWF","","",0.475,29.565,631,"20220318BLUE02",14,"",0.174,0.336,NA,NA,0.016,0.021,0.259,0.33,30.95,29.05,0.42,0.416,NA,NA,453.4,429.3,42.59,41.76,NA,NA,"ZWF","ZWF",""
"23","BLUE02","3/18/2024","20240318BLUE02",2024,3,"1/0/1900",24.99538,-80.9274,2,200,1.3,0.26,0.24,24.3,24.22,NA,27.32,105.1,6.93,50.22,32.55,8.63,27.32,105.4,6.95,50.22,32.85,8.63,"ZWF","LAB","ZWF","","",0.25,24.26,945,"20240318BLUE02",38,"",0.048,0.045,NA,NA,0.036,0.042,0.197,0.108,24.3,23.6,0.764,0.618,NA,NA,382.5,384.5,20.685,20.61,NA,NA,"LAB","ZWF",""
"24","BLUE02","5/11/2021","20210511BLUE02",2021,5,"1/0/1900",24.99496,-80.92721,2,200,1,0.56,0.51,29.71,29.83,NA,29.65,113.3,7.04,56.15,37.16,8.39,29.64,115.5,7.17,56.16,37.17,8.4,"ZWF","ZWF","ZWF","","",0.535,29.77,522,"20210511BLUE02",25,"1/0/1900",0.037,0.011,NA,NA,0.025,0.024,0.224,0.135,36.19,36.67,0.422,0.416,0.012,0.015,443.61,439.28,56.27,57.96,NA,NA,"ZWF","ZWF",""
"25","BLUE02","5/17/2024","20240517BLUE02",2024,5,"1/0/1900",24.99576,-80.92738,2.2,220,2.39,5.8,4.9,30.37,30.08,NA,30.63,102.9,6.34,54.08,35.59,8.59,30.6,104.5,6.44,54.09,35.6,8.6,"ZWF","LAB","ZWF","","",5.35,30.225,970,"20240517BLUE02",20,"",NA,NA,NA,NA,NA,NA,NA,NA,54.3,51.9,0.722,0.734,NA,NA,662,662.3,129.78,128.94,NA,NA,"ZWF","LAB","Filtered samples perished in broken freezer"
"26","BLUE02","5/29/2022","20220529BLUE02",2022,5,"1/0/1900",24.99511,-80.92738,1.9,160,2.86,4.93,4.7,37.25,34.52,NA,29.65,86.1,5.17,63.61,42.82,8.32,29.62,82.7,4.99,63.61,42.82,8.31,"ZWF","ZWF","ZWF","","",4.815,35.885,673,"20220529BLUE02",15,"",NA,0.008,NA,NA,0.02,0.023,0.317,0.32,27.36,30.46,0.722,0.685,0.017,0.021,653.8,666.8,158.47,154.15,NA,NA,"ZWF","ZWF",""
"27","BLUE02","5/4/2020","20200504BLUE02",2020,5,"1/0/1900",24.99477,-80.92659,2.1,210,1.88,0.45,0.53,16.89,17.08,NA,26.64,113.2,7.36,56.48,37.51,8.17,26.61,114.2,7.42,56.34,37.4,8.16,"ZWF","ZWF","TAP","","",0.49,16.985,365,"20200504BLUE02",25,"1/0/1900",NA,0.06,NA,NA,0.02,0.02,0,NA,21.67,22.86,0.38,0.41,NA,NA,264.083,271.5,6.59,6.57,NA,NA,"LMH","TAP",""
"28","BLUE02","5/8/2018","20180508BLUE02",2018,5,"1/0/1900",24.99376,-80.92838,1.8,180,1.33,0.44,0.42,6.02,7.55,0.3704,28.642,106.3,6.65,57.817,38.45,8.25,28.644,107.2,6.71,57.807,38.45,8.25,"ZWF","ZWF","ZWF","","",0.43,6.785,190,"20180508BLUE02",25,"1/0/1900",0.12,0.12,NA,NA,0.05,0.05,0.43,0.28,22.39,23.57,0.42,0.44,0.06,0.03,325.75,324.92,7.23,7.25,NA,NA,"TAP","ZWF",""
"29","BLUE02","6/3/2019","20190603BLUE02",2019,6,"1/0/1900",24.99524,-80.92712,1.85,185,2.46,1.8,1.83,33.4,34.86,NA,31.09,76,4.53,59.54,39.67,8.01,30.98,80.9,4.88,59.74,39.82,8.05,"ZWF","ZWF","ZWF","","",1.815,34.13,230,"20190603BLUE02",25,"1/0/1900",0.33,0.36,NA,NA,0.23,0.23,2.02,2.02,39.76,40.71,0.47,0.48,0.03,0.03,489,485.333,NA,NA,NA,NA,"ZWF","ZWF",""
"30","BLUE02","7/12/2022","20220712BLUE02",2022,7,"1/0/1900",24.99509,-80.92724,2.5,250,0.7,0.62,0.55,30.28,30.03,NA,31.67,95.4,5.68,58.46,38.83,8.33,31.67,96.3,5.73,58.48,38.84,8.33,"ZWF","ZWF","ZWF","","",0.585,30.155,699,"20220712BLUE02",15,"",NA,NA,NA,NA,0.027,0.017,0.739,0.64,15.701,14.826,0.354,0.361,0.001,NA,482.583,457.75,16.225,16.307,NA,NA,"ZWF","ZWF",""
"31","BLUE02","7/13/2020","20200713BLUE02",2020,7,"1/0/1900",24.99501,-80.92673,1.8,180,1.23,0.61,0.48,12.52,13.29,NA,30.12,102.5,6.31,56.08,37.1,8.13,30.11,104.6,6.42,56.09,37.1,8.14,"ZWF","JLS","LMH","","",0.545,12.905,392,"20200713BLUE02",25,"1/0/1900",0.018,0.02,NA,NA,0.022,0.02,0.334,0.325,18.571,19.048,0.311,0.302,NA,NA,191.8,193.1,11.19,11.18,NA,NA,"ZWF","LMH",""
"32","BLUE02","7/14/2023","20230714BLUE02",2023,7,"1/0/1900",24.99471,-80.92801,2.3,230,0.6,0.81,1.05,16.42,16.72,NA,32.76,70.7,4.16,56.99,37.67,8.31,32.76,71.1,4.19,56.98,37.67,8.31,"ZWF","LAB","ZWF","bottles labeled as BLUE2 site, but may have been RAB1. If discrepancy occurs with Chl, will have to adjust accordingly","",0.93,16.57,776,"20230714BLUE02",40,"",0.125,0.096,NA,NA,0.055,0.048,1.026,0.756,8,8,0.426,0.424,NA,NA,262.8,263.5,64.59,68.51,NA,NA,"LAB","ZWF",""
"33","BLUE02","7/20/2021","20210720BLUE02",2021,7,"1/0/1900",24.99541,-80.92747,2.9,290,1.31,0.77,0.75,34.72,34.93,NA,30.2,88.2,5.4,57.34,38.03,8.24,30.16,89.5,5.48,57.34,38.04,8.25,"ZWF","ZWF","ZWF","","",0.76,34.825,549,"20210720BLUE02",25,"1/0/1900",0.04,0.032,NA,NA,0.015,0.01,0.147,0.188,43.57,42.62,0.41,0.4,NA,NA,835.83,857.5,7.03,7.3,NA,NA,"ZWF","ZWF",""
"34","BLUE02","7/8/2018","20180708BLUE02",2018,7,"1/0/1900",24.99477,-80.92733,2,200,1.72,0.66,0.63,13.32,16.95,0.2493,30.5,84.4,5.21,53.69,35.3,8.12,30.5,84.3,5.21,53.68,35.3,8.12,"ZWF","ZWF","ZWF","","",0.645,15.135,160,"20180708BLUE02",25,"1/0/1900",1.2,0.29,NA,NA,0.15,0.11,1.02,0.92,24.47,24.66,0.33,0.32,NA,NA,292.92,283.5,10.15,9.85,0.33,0.33,"TAP","ZWF",""
"35","BLUE02","8/17/2017","20170817BLUE02",2017,8,"1/0/1900",24.9948,-80.92728,1.64,164,0.69,0.76,2.57,53.57,45.28,0.5738,32.49,71.5,4.21,57.77,38.27,8.12,32.47,77.2,4.34,57.79,38.3,8.14,"ZWF","VMA","AJP","","",1.665,49.425,34,"20170817BLUE02",23,"1/0/1900",0.18,0.16,NA,NA,0.09,0.09,0.77,0.76,23.95,24.81,0.31,1.12,NA,NA,257.75,257.17,24.52,24.65,NA,NA,"VMA","ZWF",""
"36","BLUE02","8/20/2019","20190820BLUE02",2019,8,"1/0/1900",24.99509,-80.92725,1.6,160,1.28,0.58,0.68,20.56,20.55,NA,30.123,90.2,5.54,56.43,37.36,NA,30.12,90.1,5.54,56.43,37.36,NA,"ZWF","ZWF","LMH","","",0.63,20.555,258,"20190820BLUE02",25,"1/0/1900",NA,NA,NA,NA,0.05,0.05,0.88,0.94,17.14,16.43,0.38,0.42,NA,NA,247,280.667,12.97,12.05,NA,NA,"LMH","",""
"37","BLUE02","9/13/2022","20220913BLUE02",2022,9,"1/0/1900",24.99491,-80.92771,2.4,240,1.22,3.57,2.35,24.26,24.21,NA,31.97,124.2,7.31,60.17,40.1,8.41,31.95,125.6,7.39,60.17,40.11,8.41,"ZWF","ZWF","ZWF","","",2.96,24.235,725,"20220913BLUE02",15,"",NA,NA,NA,NA,0.016,0.014,0.173,0.181,18.312,18.719,0.408,0.405,NA,NA,485.25,491.667,30.38,30.28,NA,NA,"ZWF","ZWF",""
"38","BLUE02","9/14/2020","20200914BLUE02",2020,9,"1/0/1900",24.99477,-80.92754,2.2,80,6.36,18.79,18.13,37.76,37.46,NA,28.01,82.4,5.2,57.95,38.57,7.91,27.97,81.3,5.13,57.97,38.59,7.91,"ZWF","LMH","JLS","","",18.46,37.61,418,"20200914BLUE02",25,"1/0/1900",NA,NA,NA,NA,0.012,0.008,0.169,0.142,75,76.19,1.203,1.145,NA,NA,623,620.92,163.02,187.84,NA,NA,"LMH","ZWF",""
"39","BLUE02","9/16/2024","20240916BLUE02",2024,9,"1/0/1900",24.99475,-80.92718,2.7,270,0.58,1.28,1.24,38.27,38.27,NA,32.32,67.2,3.98,57.02,37.71,8.06,32.32,67.1,3.98,57.01,37.71,8.07,"ZWF","ZWF","ZWF","","",1.26,38.27,1019,"20240916BLUE02",6,"",0.116,0.099,NA,NA,0.098,0.092,0.653,0.468,48.6,48.6,0.303,0.297,NA,NA,581.2,570.6,4.897,4.953,NA,NA,"ZWF","ZWF",""
"40","BLUE02","9/24/2019","20190924BLUE02",2019,9,"1/0/1900",24.99525,-80.92715,2.7,260,3.16,0.34,0.41,30.05,29.4,NA,26.56,82.8,5.34,58.3,38.88,8.3,26.56,82.8,5.35,58.33,38.91,8.04,"ZWF","LMH","TAP","","",0.375,29.725,273,"20190924BLUE02",25,"1/0/1900",0.11,NA,NA,NA,0.06,NA,0.53,NA,38.81,39.29,0.36,0.36,NA,NA,425.5,427.75,34.05,NA,NA,NA,"LMH","LMH",""
"41","BLUE02","9/26/2017","20170926BLUE02",2017,9,"1/0/1900",24.9948,-80.92728,1.58,158,1.4,1.11,1.11,55.84,NA,NA,31.18,96.2,5.92,51.67,33.78,8.13,31.17,96.7,5.96,51.66,33.78,8.12,"ZWF","VMA","ZWF","","",1.11,NA,63,"20170926BLUE02",23,"1/0/1900",1.17,1.07,NA,NA,NA,NA,2.19,2.17,25.28,24.98,0.41,0.4,NA,NA,288.42,291.42,28.48,25.51,NA,NA,"VMA","ZWF",""
"42","BLUE02","9/5/2023","20230905BLUE02",2023,9,"1/0/1900",24.99483,-80.92791,2.5,250,0.62,1.04,1.04,26.57,27.02,NA,28.69,86.2,5.44,55.33,36.59,8.27,28.69,87.1,5.49,55.34,36.59,8.27,"ZWF","LAB","ZWF","","",1.04,26.795,819,"20230905BLUE02",40,"",0.101,0.101,NA,NA,0.073,0.07,0.745,0.774,32.9,32.5,0.368,0.358,0.039,0.037,487.8,490.8,7.71,7.699,NA,NA,"LAB","ZWF",""
"43","BLUE02","9/8/2021","20210908BLUE02",2021,9,"1/0/1900",24.99533,-80.92772,1.8,180,1.02,1.05,0.83,30.63,30.75,NA,32.09,81.8,4.85,57.86,38.35,8.09,32.07,83.3,4.93,57.86,38.35,8.1,"ZWF","ZWF","ZWF","","",0.94,30.69,575,"20210908BLUE02",23,"1/0/1900",0.074,0.071,NA,NA,0.059,0.061,0.837,0.861,36.9,38.33,0.532,0.389,0,0,471.4,460.3,15.07,15.19,NA,NA,"ZWF","ZWF",""
"44","CAL01","1/14/2021","20210114CAL01",2021,1,"1/0/1900",25.06007,-80.7116,1.7,170,2.56,0.45,0.39,36.76,35.72,NA,20.13,98.1,7.69,39.04,24.91,8.18,20.13,98.3,7.7,39.03,24.9,8.18,"ZWF","ZWF","ZWF","","",0.42,36.24,463,"20210114CAL01",18,"1/0/1900",0.005,NA,NA,NA,0.025,0.023,1.238,1.213,59.05,59.29,0.368,0.376,NA,NA,717.17,744.5,8.14,8.17,NA,NA,"ZWF","ZWF",""
"45","CAL01","1/19/2024","20240119CAL01",2024,1,"1/0/1900",25.05942,-80.71141,1.6,160,3.65,0.49,0.38,25.39,25.66,NA,24.979,105.1,7.67,33.958,21.29,8.13,24.754,106.1,7.83,34.967,22,8.14,"LAB","LAB","ZWF","","",0.435,25.525,898,"20240119CAL01",34,"",1.019,0.884,0.694,NA,0.325,0.273,10.003,9.863,55.7,51.9,0.389,0.387,NA,NA,644.8,660.9,11.611,11.529,NA,NA,"LAB","ZWF",""
"46","CAL01","1/20/2022","20220120CAL01",2022,1,"1/0/1900",25.06004,-80.71094,2.1,78,5.7,10.57,9.2,36.99,37.13,NA,20.53,110,8.22,48.75,31.89,8.21,19.83,115.6,8.73,49.27,32.27,8.24,"ZWF","ZWF","ZWF","","",9.885,37.06,608,"20220120CAL01",16,"",0.187,0.243,NA,NA,0.075,0.097,1.248,1.533,73.81,74.52,0.592,0.586,NA,NA,908.3,890.8,65.27,62.25,NA,NA,"ZWF","ZWF",""
"47","CAL01","1/23/2018","20180123CAL01",2018,1,"1/0/1900",25.05924,-80.71133,1.73,118,5.7,5.11,4.72,76.63,73.47,NA,19.82,111,8.54,44.3,28.67,8.18,19.47,108.4,8.39,44.11,28.53,8.17,"ZWF","VMA","ZWF","","",4.915,75.05,127,"20180123CAL01",18,"1/0/1900",0.13,0.13,NA,NA,0.03,0.03,1.99,2.03,51.14,50.86,0.62,0.65,0.03,0.02,788,785.33,4.2,4.2,NA,NA,"VMA","ZWF",""
"48","CAL01","1/27/2020","20200127CAL01",2020,1,"1/0/1900",25.05903,-80.7118,1.7,170,2.38,0.32,0.36,38.81,30.64,NA,19.1,101.3,7.39,59.91,40.2,8.1,19.1,101.9,7.43,59.91,40.2,8.11,"ZWF","TAP","LMH","25 subtracted from CDOM, JLS did QA/QC","",0.34,34.725,294,"20200127CAL01",18,"1/0/1900",0.13,0.17,NA,NA,0.06,0.08,2.92,2.66,61.43,60.48,0.33,0.35,NA,NA,820.75,805.333,6.64,6.64,NA,NA,"LMH","JLS",""
"49","CAL01","11/10/2021","20211110CAL01",2021,11,"1/0/1900",25.05929,-80.71198,2.3,230,1.18,0.36,0.3,21.81,21.79,NA,22.01,98.5,6.97,55.84,37.13,8.11,21.92,102,7.19,55.86,37.14,8.14,"ZWF","ZWF","ZWF","","",0.33,21.8,594,"20211110CAL01",16,"",0.093,0.099,NA,NA,0.057,0.067,2.337,2.178,31.905,31.905,0.241,0.245,NA,NA,386.5,394.1,16.6,16.5,NA,NA,"ZWF","ZWF",""
"50","CAL01","11/13/2017","20171113CAL01",2017,11,"1/0/1900",25.05924,-80.71133,1.83,100,7.11,3.76,4.16,76.94,66.53,NA,25.56,88.2,6.27,39.28,25.01,8.13,25.52,87.6,6.21,39.69,25.3,8.16,"AJP","ZWF","AJP","","",3.96,71.735,69,"20171113CAL01",4,"1/0/1900",0.09,0.11,NA,NA,0.01,0,2.26,2.39,55.7,56.31,0.52,0.48,0.04,0.03,814.92,840.83,11.46,11.82,NA,NA,"VMA","ZWF",""
"51","CAL01","11/18/2024","20241118CAL01",2024,11,"1/0/1900",25.05924,-80.71148,2.2,220,1.9,0.39,0.32,14.68,14.45,NA,24.18,97.2,6.9,45.28,29.32,8.16,24.2,97.5,6.91,45.73,29.67,8.15,"ZWF","ZWF","ZWF","","",0.355,14.565,1023,"20241118CAL01",3,"",0.563,0.576,NA,NA,0.282,0.281,3.112,3.152,30.4,29.8,0.432,0.411,NA,NA,358.8,364.3,5.211,5.253,NA,NA,"ZWF","ZWF",""
"52","CAL01","11/21/2017","20171121CAL01",2017,11,"1/0/1900",25.05924,-80.71133,1.83,105,6.29,4.79,5.14,79.91,88.05,NA,23.49,93.6,6.87,39.74,25.37,8.14,23.57,92.2,6.76,39.97,25.54,8.13,"ZWF","VMA","ZWF","","",4.965,83.98,98,"20171121CAL01",18,"1/0/1900",NA,NA,NA,NA,0.01,0,2.51,2.47,60.96,62.86,0.55,0.56,0,0,811.75,806.42,7.41,7.11,NA,NA,"VMA","ZWF",""
"53","CAL01","11/29/2020","20201129CAL01",2020,11,"1/0/1900",25.05913,-80.71078,1.7,170,0.89,0.24,0.26,24.23,23.38,NA,25.581,103.6,7.47,35.373,22.26,8.23,26.02,105.9,7.46,39.465,25.12,8.17,"ZWF","LMH","ZWF","","",0.25,23.805,437,"20201129CAL01",18,"1/0/1900",0.524,0.551,NA,NA,0.181,0.183,11.547,11.901,42.985,45.692,0.269,0.245,NA,NA,481.5,481.9,24.325,25.162,NA,NA,"ZWF","ZWF",""
"54","CAL01","11/9/2023","20231109CAL01",2023,11,"1/0/1900",25.05957,-80.71126,2.4,240,2.55,0.43,0.35,16.71,16.78,NA,25.07,97.7,6.64,51.72,34.01,8.18,25.35,93.1,6.25,52.71,34.73,8.17,"ZWF","LAB","ZWF","","",0.39,16.745,859,"20231109CAL01",37,"",0.243,0.28,NA,NA,0.105,0.102,6.287,6.198,54.1,53.9,0.235,0.245,0.03,0.03,743.5,747.4,12.224,12.259,NA,NA,"LAB","ZWF",""
"55","CAL01","2/19/2019","20190219CAL01",2019,2,"1/0/1900",25.05926,-80.71152,1.7,90,7.72,0.83,0.59,36.05,24.64,NA,25.88,104.3,6.93,54.1,35.75,8.13,25.87,104.3,6.93,54.12,35.77,8.13,"ZWF","ZWF","ZWF","","",0.71,30.345,196,"20190219CAL01",18,"1/0/1900",0.32,NA,NA,NA,0.07,NA,4.27,NA,67.69,NA,0.41,NA,0.06,NA,729.75,NA,NA,NA,NA,NA,"ZWF","ZWF",""
"56","CAL01","3/15/2024","20240315CAL01",2024,3,"1/0/1900",25.05966,-80.71163,1.9,190,2,1.55,1.26,28.55,28.8,NA,25.1,94.8,6.7,42.44,27.26,8.35,25.11,94.8,6.69,42.64,27.4,8.35,"ZWF","LAB","ZWF","","",1.405,28.675,932,"20240315CAL01",25,"",0.538,0.061,NA,NA,0.042,0.034,6.873,1.377,56.9,55.5,0.787,0.805,NA,NA,734.9,736.9,5.805,5.846,NA,NA,"LAB","ZWF",""
"57","CAL01","3/16/2021","20210316CAL01",2021,3,"1/0/1900",25.05948,-80.71237,1.8,180,1.45,0.11,0.14,20.83,21.44,NA,24.39,99.6,7.1,44.06,28.44,8.32,24.42,99.2,7.04,44.07,28.44,8.32,"ZWF","CJK","ZWF","","",0.125,21.135,489,"20210316CAL01",18,"1/0/1900",0.146,0.135,NA,NA,0.049,0.047,0.603,0.584,66.9,63.33,0.4,0.361,0.001,0.002,647.4,634.9,7.546,7.417,NA,NA,"ZWF","ZWF",""
"58","CAL01","3/17/2020","20200317CAL01",2020,3,"1/0/1900",25.05939,-80.71098,0.9,90,1.68,0.22,0.16,19.96,20.23,NA,24.028,86,5.74,60.761,40.82,8.07,NA,NA,NA,NA,NA,NA,"JLS","LMH","TAP","sample to FWC for ID","",0.19,20.095,332,"20200317CAL01",18,"1/0/1900",0.07,0.07,NA,NA,0.06,0.06,3.04,3.19,61.43,60.71,0.23,0.26,NA,NA,779.333,767.5,3.95,4.01,NA,NA,"JLS","ZWF",""
"59","CAL01","3/19/2022","20220319CAL01",2022,3,"1/0/1900",25.06004,-80.71084,2.1,210,1.66,0.29,0.28,19.04,18.71,NA,27,94.7,6.24,51.32,33.66,8.31,27.01,97.2,6.48,51.3,33.64,8.32,"ZWF","ZWF","ZWF","","",0.285,18.875,634,"20220319CAL01",17,"",0.061,0.079,NA,NA,0.05,0.044,3.666,3.667,55.48,54.76,0.309,0.322,NA,NA,711,693.1,10.52,10.49,NA,NA,"ZWF","ZWF",""
"60","CAL01","5/11/2021","20210511CAL01",2021,5,"1/0/1900",25.05952,-80.71172,2.1,210,1.51,0.39,0.26,24.26,23.72,NA,29.03,90.3,5.74,53.34,35.09,8.32,29.27,95.4,6.01,53.63,35.29,8.34,"ZWF","ZWF","ZWF","","",0.325,23.99,515,"20210511CAL01",18,"1/0/1900",0.059,0.041,NA,NA,0.031,0.03,2.612,2.585,70.48,69.76,0.338,0.335,NA,NA,752.28,751.28,51.83,51.89,NA,NA,"ZWF","ZWF",""
"61","CAL01","5/13/2024","20240513CAL01",2024,5,"1/0/1900",25.05942,-80.71185,2,200,1.22,0.82,0.72,15.51,14.92,NA,30.12,102.9,6.54,48.63,31.6,8.31,30.13,104,6.6,48.65,31.61,8.31,"ZWF","LAB","ZWF","","",0.77,15.215,954,"20240513CAL01",4,"",NA,NA,NA,NA,NA,NA,NA,NA,47.9,46.4,0.309,0.29,NA,NA,575.9,585.8,19.727,19.607,NA,NA,"ZWF","ZWF","Filtered samples perished in broken freezer"
"62","CAL01","5/30/2022","20220530CAL01",2022,5,"1/0/1900",25.05995,-80.71125,2.1,210,1.64,0.72,0.71,23.1,23.19,NA,28.97,91.9,5.64,61.07,40.91,8.29,28.99,93,5.72,61.09,40.92,8.27,"ZWF","ZWF","ZWF","","",0.715,23.145,676,"20220530CAL01",18,"",0.229,0.224,NA,NA,0.107,0.111,5.614,5.597,37.6,38.27,0.274,0.27,0.011,0.011,884.2,955,61.23,61.06,NA,NA,"ZWF","ZWF",""
"63","CAL01","5/4/2020","20200504CAL01",2020,5,"1/0/1900",25.05949,-80.7117,1.7,170,1.85,0.42,0.38,34.01,33.58,NA,25.93,94.9,6.03,64.33,43.5,8.28,25.95,95.7,6.08,64.34,43.51,8.3,"ZWF","ZWF","TAP","","",0.4,33.795,358,"20200504CAL01",18,"1/0/1900",0.1,0.12,NA,NA,0.05,0.05,2.19,2.27,62.86,63.81,0.29,0.3,NA,NA,748,750.667,52.37,52.55,NA,NA,"LMH","TAP",""
"64","CAL01","5/8/2018","20180508CAL01",2018,5,"1/0/1900",25.05895,-80.71141,1.4,150,5.73,0.83,0.81,14.44,16.31,0.3114,28.195,90,5.7,56.477,37.46,8.27,28.19,91.1,5.78,56.502,37.48,8.29,"ZWF","ZWF","ZWF","","",0.82,15.375,183,"20180508CAL01",18,"1/0/1900",0.15,0.17,NA,NA,0.05,0.07,2.37,2.32,56.27,55.71,0.34,0.36,0.01,0.03,820.42,825.33,2.78,2.81,NA,NA,"TAP","ZWF",""
"65","CAL01","6/3/2019","20190603CAL01",2019,6,"1/0/1900",25.05966,-80.71114,1.95,195,3,3.03,3.55,17.83,17.61,NA,30.8,97.9,5.77,64.06,43.13,8.29,30.82,98.6,5.81,64.1,43.15,8.13,"ZWF","ZWF","ZWF","","",3.29,17.72,223,"20190603CAL01",18,"1/0/1900",0.05,0.07,NA,NA,0.04,0.03,1.32,1.33,60.95,66.67,0.36,0.36,0.01,0,611.25,611.417,NA,NA,NA,NA,"ZWF","ZWF",""
"66","CAL01","7/13/2020","20200713CAL01",2020,7,"1/0/1900",25.05989,-80.71065,1.8,NA,4.29,8.89,7.49,41.54,42.08,NA,30.19,84.4,5.08,61.1,40.88,8.17,30.19,84.5,5.09,61.12,40.89,8.17,"ZWF","JLS","LMH","Forgot to secchi, not CTB","",8.19,41.81,385,"20200713CAL01",18,"1/0/1900",NA,NA,NA,NA,NA,0.001,0.138,0.334,103.333,105.476,0.574,0.571,NA,NA,1065,1070,127.38,131.4,NA,NA,"ZWF","LMH",""
"67","CAL01","7/13/2023","20230713CAL01",2023,7,"1/0/1900",25.05955,-80.71181,2,200,1.48,0.69,0.63,31.5,31.59,NA,33.78,89.1,5.17,57.12,37.73,8.16,33.77,89.7,5.22,57.1,37.7,8.17,"ZWF","LAB","ZWF","","",0.66,31.545,762,"20230713CAL01",26,"",0.149,0.069,NA,NA,0.027,0.049,4.45,4.591,52.2,49.2,0.322,0.338,0.008,NA,641.1,645.3,66.65,66.98,NA,NA,"LAB","ZWF",""
"68","CAL01","7/15/2022","20220715CAL01",2022,7,"1/0/1900",25.05968,-80.71152,2,200,2.15,2.27,2.27,30.72,30.77,NA,31.16,90.1,5.45,56.23,37.17,8.243,31.16,90.2,5.46,56.24,37.18,8.24,"ZWF","ZWF","ZWF","","",2.27,30.745,702,"20220715CAL01",18,"",0.012,0.01,NA,NA,0.022,0.024,2.665,2.314,37.347,40.086,0.346,0.346,NA,NA,1185.833,1105,99.59,99.545,NA,NA,"ZWF","ZWF",""
"69","CAL01","7/20/2021","20210720CAL01",2021,7,"1/0/1900",25.05961,-80.71143,2.2,220,1.22,0.74,0.7,15.86,15.89,NA,30.39,107,6.52,58.77,39.11,8.42,30.39,107.1,6.46,58.78,39.12,8.42,"ZWF","ZWF","ZWF","","",0.72,15.875,542,"20210720CAL01",18,"1/0/1900",0.078,0.069,NA,NA,0.002,0.005,1.583,1.503,50.48,51.19,0.246,0.249,NA,0.002,589.42,583.83,25.19,25.03,NA,NA,"ZWF","ZWF",""
"70","CAL01","7/8/2018","20180708CAL01",2018,7,"1/0/1900",25.05908,-80.71185,1.8,180,2.1,0.88,0.91,32.75,36.31,0.6178,31.15,95.6,5.89,52.05,34.07,8.22,31.16,97.3,6,52.06,34.07,8.25,"ZWF","ZWF","ZWF","","",0.895,34.53,153,"20180708CAL01",18,"1/0/1900",0.25,0.82,NA,NA,0.09,0.09,4.5,4.49,67.17,67.33,0.37,0.34,0.01,NA,771.58,772,53.69,54.08,0.66,0.47,"TAP","ZWF",""
"71","CAL01","8/17/2017","20170817CAL01",2017,8,"1/0/1900",25.05924,-80.71133,1.74,174,1.27,0.33,0.3,68.83,59.63,NA,32.95,99,5.61,65.59,44.2,8.28,32.95,79.5,4.5,65.9,44.45,8.22,"ZWF","VMA","AJP","","",0.315,64.23,27,"20170817CAL01",16,"1/0/1900",0.24,0.27,NA,NA,0.21,0.22,2.06,2.07,76.49,77.95,0.22,0.21,NA,NA,938.33,945,122.33,121.38,NA,NA,"VMA","ZWF",""
"72","CAL01","8/20/2019","20190820CAL01",2019,8,"1/0/1900",25.05918,-80.71159,1.7,170,2.11,0.93,0.85,36.83,36.79,NA,29.86,84.5,5.13,60.47,40.42,NA,29.69,78.8,4.79,60.82,40.69,NA,"ZWF","ZWF","LMH","","",0.89,36.81,251,"20190820CAL01",18,"1/0/1900",NA,NA,NA,NA,0.03,0.03,1.58,1.57,63.57,61.43,0.39,0.4,NA,NA,704.333,709.917,23.47,23.39,NA,NA,"LMH","",""
"73","CAL01","9/13/2024","20240913CAL01",2024,9,"1/0/1900",25.05976,-80.71132,2.3,230,1.64,1.35,1.15,16.58,16.75,NA,32.01,86.4,5.27,50.88,33.18,8.17,31.9,89.8,5.49,50.87,33.17,8.19,"ZWF","ZWF","ZWF","","",1.25,16.665,1009,"20240913CAL01",11,"",0.316,0.909,NA,NA,0.03,0.041,4.653,6.641,59.3,58.1,0.186,0.189,NA,NA,639.3,639.4,42.744,42.328,NA,NA,"ZWF","ZWF",""
"74","CAL01","9/14/2020","20200914CAL01",2020,9,"1/0/1900",25.05888,-80.71129,1.9,200,3.29,0.53,0.58,19.68,19.13,NA,27.68,78.4,5.01,55.84,37,8.14,27.69,77.6,4.96,55.95,37.08,8.16,"ZWF","LMH","JLS","","",0.555,19.405,411,"20200914CAL01",18,"1/0/1900",0.001,0.021,NA,NA,0.057,0.06,4.337,4.321,62.381,62.857,0.298,0.302,NA,NA,713.33,720.92,55.52,54.57,NA,NA,"LMH","ZWF",""
"75","CAL01","9/15/2022","20220915CAL01",2022,9,"1/0/1900",25.06007,-80.71113,2.3,190,2.23,5.4,5.52,38.86,38.85,NA,30.84,85.3,5.1,60.25,40.21,8.16,30.85,86.2,5.15,60.25,40.21,8.17,"ZWF","ZWF","ZWF","","",5.46,38.855,728,"20220915CAL01",18,"",0.184,0.079,NA,NA,0.027,0.026,1.497,1.42,59.08,60.106,0.356,0.396,NA,NA,1065.833,1050,82.44,84.34,NA,NA,"ZWF","ZWF",""
"76","CAL01","9/2/2023","20230902CAL01",2023,9,"1/0/1900",25.05958,-80.71103,2.1,210,2.66,3.32,3.7,32.66,32.56,NA,31.18,101.4,6.1,57.31,37.98,8.25,31.17,101.1,6.09,57.31,37.98,8.25,"ZWF","LAB","ZWF","","",3.51,32.61,806,"20230902CAL01",27,"",0.114,0.128,NA,NA,0.03,0.025,2.268,2.221,37.3,36.6,0.38,0.397,NA,NA,840,843.3,67.1,68.62,NA,NA,"LAB","ZWF",""
"77","CAL01","9/24/2019","20190924CAL01",2019,9,"1/0/1900",25.05888,-80.71113,1.9,130,6.05,0.95,0.92,21.39,21.84,NA,26.43,90.7,5.78,61.59,41.39,8.2,26.43,90.4,5.76,61.61,41.4,8.2,"ZWF","LMH","TAP","","",0.935,21.615,266,"20190924CAL01",18,"1/0/1900",0.02,0,NA,NA,0.03,0.03,1.06,1.06,69.76,66.67,0.24,0.26,NA,NA,779.25,775.083,9.74,9.98,NA,NA,"LMH","LMH",""
"78","CAL01","9/26/2017","20170926CAL01",2017,9,"1/0/1900",25.05924,-80.71133,2.1,91,6.23,11.71,10.77,98.97,75.35,NA,30.47,86.6,5.41,51.056,33.36,8,30.46,87,5.43,51.026,33.33,7.99,"ZWF","VMA","ZWF","","P9260036.JPG;P9260037.JPG",11.24,87.16,56,"20170926CAL01",16,"1/0/1900",0.07,0.09,NA,NA,0.02,0.02,0.45,0.43,63.75,62.93,0.65,0.64,0.05,0.03,869.17,NA,45.39,45.26,NA,NA,"VMA","ZWF","Deleted Rep B for TOC as the reported result was 39.17"
"79","CAL01","9/8/2021","20210908CAL01",2021,9,"1/0/1900",25.05929,-80.71196,2.1,210,2.51,0.73,0.64,24.04,24.22,NA,32,81.2,4.86,55.68,36.73,8.19,32.05,83,4.97,55.75,36.78,8.2,"ZWF","ZWF","ZWF","","",0.685,24.13,568,"20210908CAL01",16,"1/0/1900",0.101,0.092,NA,NA,0.041,0.039,4.732,4.683,67.14,67.86,0.304,0.339,NA,NA,752.4,751.8,44.91,44.14,NA,NA,"ZWF","ZWF",""
"80","CAT02","1/12/2021","20210112CAT02",2021,1,"1/0/1900",25.09812,-80.87225,0.8,80,7.41,0.99,1.08,26.22,26.87,NA,20.34,110.7,8.44,45.21,29.32,8.08,NA,NA,NA,NA,NA,NA,"ZWF","ZWF","ZWF","","",1.035,26.545,456,"20210112CAT02",11,"1/0/1900",NA,NA,NA,NA,0.026,0.022,0.124,0.214,27.38,28.1,0.619,0.675,NA,NA,337.58,339.92,7.99,7.97,NA,NA,"ZWF","ZWF",""
"81","CAT02","1/19/2024","20240119CAT02",2024,1,"1/0/1900",25.0984,-80.87152,1.1,110,1.66,0.48,0.42,34.91,35.81,NA,24.49,105.8,7.44,46.22,30,8.31,24.97,110.5,7.77,46.22,29.99,8.34,"ZWF","LAB","ZWF","","",0.45,35.36,889,"20240119CAT02",25,"",NA,NA,NA,NA,0.012,0.013,NA,NA,27.9,28.1,0.489,0.537,0.026,0.011,469.9,490.5,6.626,6.625,NA,NA,"LAB","ZWF",""
"82","CAT02","1/21/2022","20220121CAT02",2022,1,"1/0/1900",25.09862,-80.87179,1.3,70,14.2,3.79,2.99,23.14,23.57,NA,22.66,107.7,7.67,50.61,33.23,8.2,22.7,109,7.77,50.61,33.23,8.2,"ZWF","ZWF","ZWF","","",3.39,23.355,644,"20220121CAT02",9,"",0.037,0.022,NA,NA,0.021,0.018,0.473,0.451,22.38,20.95,0.814,0.785,NA,NA,283.5,287.1,3.99,4.08,NA,NA,"ZWF","ZWF",""
"83","CAT02","1/23/2018","20180123CAT02",2018,1,"1/0/1900",25.09855,-80.87157,1.03,60,28.1,6.56,7.23,116.54,116.49,1.565,22.72,86.6,6.29,46.33,30.1,8.02,22.72,88.1,6.38,46.32,30.09,8.03,"VMA","VMA","ZWF","","",6.895,116.515,119,"20180123CAT02",11,"1/0/1900",0.17,0.18,NA,NA,0.04,0.04,1.84,1.84,24.55,23.7,1.17,1.14,0.06,0.04,392.17,396.25,6.79,6.99,NA,NA,"VMA","ZWF",""
"84","CAT02","1/28/2020","20200128CAT02",2020,1,"1/0/1900",25.09846,-80.87167,1,110,8.3,1.26,1.31,35.05,33.12,NA,20.53,110.4,8.12,52.12,34.37,8.12,NA,NA,NA,NA,NA,NA,"ZWF","TAP","LMH","25 subtracted from CDOM","",1.285,34.085,313,"20200128CAT02",11,"1/0/1900",NA,NA,NA,NA,0.01,0.02,0.21,0.32,23.57,23.57,0.55,0.54,0.01,0.01,364.333,367.167,19.81,19.43,NA,NA,"LMH","JLS",""
"85","CAT02","11/14/2021","20211114CAT02",2021,11,"1/0/1900",25.09866,-80.8721,1.4,78,16,2.06,2.77,34.54,34.89,NA,24.71,97,6.7,49.48,32.36,8,24.71,97.3,6.73,49.48,32.36,8,"ZWF","ZWF","ZWF","","",2.415,34.715,587,"20211114CAT02",9,"",0.351,0.226,NA,NA,0.165,0.092,1.136,0.792,25,24.762,0.669,0.701,NA,NA,365.7,367.4,24.1,24.4,NA,NA,"ZWF","ZWF",""
"86","CAT02","11/20/2024","20241120CAT02",2024,11,"1/0/1900",25.09842,-80.87146,1.4,100,5.94,4.66,3.94,48.46,48.79,NA,24.7,85.8,6,46.45,30.16,8.08,24.7,86.3,6.05,30.19,30.2,8.09,"ZWF","ZWF","ZWF","","",4.3,48.625,1036,"20241120CAT02",16,"",0.276,0.217,NA,NA,0.075,0.072,1.127,0.902,54.3,52.6,0.928,1.008,0.004,0.002,740.9,737.8,87.36,89.715,NA,NA,"ZWF","ZWF",""
"87","CAT02","11/21/2017","20171121CAT02",2017,11,"1/0/1900",25.09852,-80.87163,1.06,55,17.3,7.73,8.71,98.12,99.52,1.779,24.18,91.7,6.61,41.52,26.62,7.92,24.17,91.5,6.59,41.54,26.64,7.93,"VMA","VMA","ZWF","","",8.22,98.82,90,"20171121CAT02",10,"1/0/1900",0.76,0.88,NA,NA,0.16,0.19,6.51,6.55,33.6,35.79,1.05,0.99,0,0.05,370.33,393.25,1.62,1.17,NA,NA,"VMA","ZWF",""
"88","CAT02","11/27/2020","20201127CAT02",2020,11,"1/0/1900",25.09764,-80.87112,1,60,9.8,11.64,11.28,66.11,66.67,NA,24.417,102.8,7.76,29.441,18.2,8.3,NA,NA,NA,NA,NA,NA,"ZWF","LMH","ZWF","","",11.46,66.39,430,"20201127CAT02",11,"1/0/1900",0,0.002,NA,NA,0.022,0.021,0.118,0.132,51.948,49.556,0.941,0.941,0.009,0.002,903.3,853.3,8.915,8.994,NA,NA,"ZWF","ZWF",""
"89","CAT02","11/8/2023","20231108CAT02",2023,11,"1/0/1900",25.09826,-80.87151,1.5,150,1.83,0.69,0.6,26.96,27.01,NA,25.09,102.5,6.73,60.02,40.22,8.42,25.04,103.5,6.8,60.05,40.25,8.42,"ZWF","LAB","ZWF","","",0.645,26.985,849,"20231108CAT02",21,"",0.07,1.492,NA,1.468,0.03,0.024,0.242,0.3,23.8,23,0.421,0.429,NA,NA,437.9,445.9,9.838,9.916,NA,NA,"LAB","ZWF",""
"90","CAT02","3/14/2024","20240314CAT02",2024,3,"1/0/1900",25.09857,-80.87161,0.8,80,1.47,0.56,0.48,27.53,27.35,NA,25.43,82.8,5.67,48.68,31.76,8.17,NA,NA,NA,NA,NA,NA,"ZWF","LAB","ZWF","","",0.52,27.44,923,"20240314CAT02",16,"",0.21,NA,NA,NA,0.008,0.004,2.592,NA,25,25.5,0.908,0.92,0.001,0.016,422.3,422,7.081,7.104,NA,NA,"LAB","ZWF",""
"91","CAT02","3/15/2021","20210315CAT02",2021,3,"1/0/1900",25.09872,-80.8729,0.9,70,14.3,2.05,2.14,28.12,28.38,NA,24.81,101.3,6.95,50.85,33.37,8.07,NA,NA,NA,NA,NA,NA,"ZWF","CJK","ZWF","","",2.095,28.25,482,"20210315CAT02",11,"1/0/1900",0.45,0.499,NA,NA,0.174,0.174,2.055,2.081,45.95,38.81,0.86,0.779,0.001,0.004,333.6,333.2,50.343,50.163,NA,NA,"ZWF","ZWF",""
"92","CAT02","3/17/2020","20200317CAT02",2020,3,"1/0/1900",25.0985,-80.87222,1,100,6.12,0.59,0.55,48.93,47.32,NA,24.15,70.3,4.7,59.29,39.7,8.2,NA,NA,NA,NA,NA,NA,"ZWF","LMH","TAP","","",0.57,48.125,325,"20200317CAT02",11,"1/0/1900",NA,0.03,NA,NA,NA,NA,0.09,0.11,71.43,70.24,0.58,0.55,0,0,900.833,907.5,14.03,14.05,NA,NA,"JLS","ZWF",""
"93","CAT02","3/17/2022","20220317CAT02",2022,3,"1/0/1900",25.09801,-80.87234,1.1,36,26,20.57,19.85,46.08,45.76,NA,27.28,92.7,5.99,55.5,36.76,8.15,27.26,92.7,5.99,55.52,36.77,8.15,"ZWF","ZWF","ZWF","","",20.21,45.92,622,"20220317CAT02",5,"",NA,NA,NA,NA,0.013,0.013,0.217,0.059,93.57,81.43,2.1,2.134,NA,NA,782.4,805.1,117.4,118.42,NA,NA,"ZWF","ZWF",""
"94","CAT02","5/10/2024","20240510CAT02",2024,5,"1/0/1900",25.09844,-80.8745,0.7,70,2.25,4.48,4.71,39.47,39.04,NA,28.58,98.4,6.38,49.43,32.23,8.47,NA,NA,NA,NA,NA,NA,"ZWF","LAB","ZWF","","",4.595,39.255,982,"20240510CAT02",33,"",NA,NA,NA,NA,NA,NA,NA,NA,62.4,62.1,0.884,0.898,NA,NA,860.8,848.3,119.08,119.56,NA,NA,"ZWF","LAB","Filtered samples perished in broken freezer"
"95","CAT02","5/14/2021","20210514CAT02",2021,5,"1/0/1900",25.09828,-80.87231,1,85,12.7,2.26,2.21,35.01,35.73,NA,28.05,85.9,5.47,55.93,37.05,7.95,NA,NA,NA,NA,NA,NA,"ZWF","ZWF","ZWF","","",2.235,35.37,508,"20210514CAT02",11,"1/0/1900",0.063,0.067,NA,NA,0.071,0.075,0.915,0.908,39.05,42.62,0.738,0.83,NA,NA,718.5,752.58,87.66,86.52,NA,NA,"ZWF","ZWF",""
"96","CAT02","5/28/2022","20220528CAT02",2022,5,"1/0/1900",25.09857,-80.87138,1,47,16.6,13.88,12.68,37.46,37.35,NA,29.36,103.5,6.22,64.66,43.64,8.32,NA,NA,NA,NA,NA,NA,"ZWF","ZWF","ZWF","","",13.28,37.405,664,"20220528CAT02",6,"",NA,NA,NA,NA,0.03,0.033,0.178,0.27,44.43,45.51,1.544,1.555,0.004,0.002,897.5,911.7,144.65,147.41,NA,NA,"ZWF","ZWF",""
"97","CAT02","5/5/2020","20200505CAT02",2020,5,"1/0/1900",25.09851,-80.87173,0.9,90,9.12,1.08,1.16,22.98,22.91,NA,26.83,89.3,5.77,57.11,37.97,8.09,NA,NA,NA,NA,NA,NA,"ZWF","ZWF","TAP","","",1.12,22.945,351,"20200505CAT02",11,"1/0/1900",NA,NA,NA,NA,0.03,0.03,0.3,0.39,30.71,27.14,0.63,0.6,NA,NA,287.917,289.167,38.12,39.11,NA,NA,"LMH","TAP",""
"98","CAT02","5/7/2018","20180507CAT02",2018,5,"1/0/1900",25.09859,-80.87181,1.1,75,19.7,1.63,1.95,24.37,20.25,1.451,28.867,83.9,5.25,57.388,38.12,8,28.871,78.3,4.9,57.044,37.87,8.02,"ZWF","ZWF","ZWF","","",1.79,22.31,176,"20180507CAT02",11,"1/0/1900",4.27,4.22,3.7,3.66,0.57,0.57,4.81,4.83,34.6,35.45,1.08,1.09,0.03,0.02,425.67,426.17,22.14,22.31,NA,NA,"TAP","ZWF",""
"99","CAT02","6/4/2019","20190604CAT02",2019,6,"1/0/1900",25.09848,-80.87181,1.1,72,16.2,2.42,2.29,32.12,32.36,NA,31.77,71.8,4.24,59.71,39.76,8.1,31.77,71.6,4.23,59.7,39.76,8.1,"ZWF","ZWF","ZWF","","",2.355,32.24,216,"20190604CAT02",11,"1/0/1900",1.7,1.72,1.35,1.37,0.35,0.35,2.33,2.33,41.19,41.43,0.74,0.75,0.02,0.02,437.417,432.25,NA,NA,NA,NA,"ZWF","ZWF",""
"100","CAT02","7/11/2023","20230711CAT02",2023,7,"1/0/1900",25.09855,-80.8714,1.4,140,2.63,0.63,0.63,18.72,18.91,NA,33.47,125.2,7.28,57.29,37.87,8.34,33.47,127.3,7.42,57.29,37.87,8.35,"ZWF","LAB","ZWF","","",0.63,18.815,754,"20230711CAT02",18,"",0.009,0.003,NA,NA,0.018,0.024,0.099,0.091,15.6,17.2,0.473,0.517,0.006,0.003,316.7,309.8,81.87,81.3,NA,NA,"LAB","ZWF",""
"101","CAT02","7/13/2022","20220713CAT02",2022,7,"1/0/1900",25.09921,-80.87151,1.3,130,4.54,0.99,0.87,28.24,28.6,NA,31.85,113.1,6.73,58.05,38.51,8.33,31.85,118.8,7.06,58.01,38.48,8.34,"ZWF","ZWF","ZWF","","",0.93,28.42,690,"20220713CAT02",6,"",0.003,0.008,NA,NA,0.005,0.004,0.207,0.264,12.702,14.818,0.464,0.422,NA,NA,425,421.583,67.155,65.94,NA,NA,"ZWF","ZWF",""
"102","CAT02","7/14/2020","20200714CAT02",2020,7,"1/0/1900",25.0986,-80.8717,1,59,17.9,7.73,8.4,21.05,19.91,NA,30.36,99,6.06,56.83,37.64,8.17,NA,NA,NA,NA,NA,NA,"ZWF","JLS","LMH","Single sample, no duplicate","",8.065,20.48,378,"20200714CAT02",11,"1/0/1900",NA,NA,NA,NA,0.018,0.03,0.112,0.221,34.286,32.619,0.825,0.757,NA,0.011,320.1,323.7,12.24,12.47,NA,NA,"ZWF","LMH",""
"103","CAT02","7/22/2021","20210722CAT02",2021,7,"1/0/1900",25.09855,-80.87192,1.5,100,9.35,1.61,1.93,42.8,42.97,NA,32.32,74.7,4.39,59.12,39.29,8.09,32.31,57.6,3.42,58.95,39.17,7.84,"ZWF","ZWF","ZWF","","",1.77,42.885,535,"20210722CAT02",11,"1/0/1900",0.088,0.09,NA,NA,0.042,0.047,2.584,2.563,56.9,58.1,0.683,0.611,0.004,0.004,686.58,677.25,43.45,43.52,NA,NA,"ZWF","ZWF",""
"104","CAT02","7/7/2018","20180707CAT02",2018,7,"1/0/1900",25.09853,-80.87154,1.3,88,12.1,6.09,7.41,27.63,18.89,0.95,30.4,80.5,4.97,54.16,35.66,7.92,30.39,80.8,4.99,54.16,35.65,7.93,"ZWF","ZWF","ZWF","","",6.75,23.26,146,"20180707CAT02",11,"1/0/1900",5.04,4.25,4.51,3.73,0.53,0.53,1.89,1.88,31.8,31.98,0.69,0.68,0.02,0.02,326.92,318.83,57.6,59,0.95,0.91,"TAP","ZWF",""
"105","CAT02","8/16/2017","20170816CAT02",2017,8,"1/0/1900",25.09855,-80.87157,1.18,63,16,3.17,3.07,87.91,79.57,1.75,32.77,66.3,3.85,60.11,40.03,8,32.77,66.4,3.86,60.13,40.04,8,"ZWF","VMA","AJP","","",3.12,83.74,19,"20170816CAT02",9,"1/0/1900",2.65,2.64,2.32,2.32,0.33,0.32,2.75,2.77,30.87,35.89,0.7,0.68,NA,NA,297.75,300.33,61.84,64.91,NA,NA,"VMA","ZWF",""
"106","CAT02","8/19/2019","20190819CAT02",2019,8,"1/0/1900",25.09843,-80.87216,1.1,88,12.9,1.65,1.73,21.16,21.12,NA,30.7,85.8,5.23,55.76,36.83,NA,30.7,84.7,5.16,55.76,36.83,NA,"ZWF","ZWF","LMH","","",1.69,21.14,244,"20190819CAT02",11,"1/0/1900",0.01,0.02,NA,NA,0.04,0.05,0.62,0.57,19.29,18.57,0.65,0.63,NA,NA,260.917,227,27.63,27.54,NA,NA,"LMH","",""
"107","CAT02","9/1/2023","20230901CAT02",2023,9,"1/0/1900",25.09837,-80.87172,1,100,0.55,0.75,0.67,25.12,24.88,NA,30.73,66.9,4.09,55.29,36.48,8.12,NA,NA,NA,NA,NA,NA,"ZWF","LAB","ZWF","","",0.71,25,797,"20230901CAT02",18,"",0.026,0.024,NA,NA,0.045,0.054,0.825,0.787,25.3,24.8,0.368,0.371,0.018,0.028,387.1,386.9,11.982,12.026,NA,NA,"LAB","ZWF",""
"108","CAT02","9/12/2024","20240912CAT02",2024,9,"1/0/1900",25.09856,-80.8717,1.6,160,1.54,1.11,0.94,39.05,38.56,NA,31.79,63.7,3.81,56.94,37.68,8.11,31.8,65.5,3.91,56.96,37.69,8.11,"ZWF","ZWF","ZWF","","",1.025,38.805,1003,"20240912CAT02",22,"",0.293,0.306,NA,NA,0.142,0.142,2.805,2.876,42.4,41,0.364,0.4,NA,NA,507.7,505.7,59.44,58.73,NA,NA,"ZWF","ZWF",""
"109","CAT02","9/14/2022","20220914CAT02",2022,9,"1/0/1900",25.09871,-80.87141,1.1,110,2.5,0.82,0.87,20.33,20.52,NA,31.26,103.8,6.17,60.09,40.07,8.28,31.28,105.9,6.3,60.09,40.07,8.29,"ZWF","ZWF","ZWF","","",0.845,20.425,716,"20220914CAT02",6,"",0.08,0.078,NA,NA,0.058,0.058,0.57,0.587,17.294,14.114,0.427,0.421,NA,NA,342.5,341.75,54.432,54.858,NA,NA,"ZWF","ZWF",""
"110","CAT02","9/15/2020","20200915CAT02",2020,9,"1/0/1900",25.09875,-80.87233,1.1,40,14.4,22.56,22.66,39.01,39.03,NA,29.32,105.1,6.55,57.21,37.98,8.05,29.18,100.8,6.28,57.18,37.95,8.05,"ZWF","LMH","JLS","","",22.61,39.02,404,"20200915CAT02",11,"1/0/1900",NA,0.003,NA,NA,0.005,0.002,0.193,0.105,112.143,97.857,1.486,1.486,0.007,0.001,923.33,931.67,205.92,199.72,NA,NA,"LMH","ZWF",""
"111","CAT02","9/25/2019","20190925CAT02",2019,9,"1/0/1900",25.09856,-80.87197,1.5,90,10.4,3.99,3.01,35.74,35.69,NA,27.65,102,6.6,53.97,35.61,8.15,27.65,103.8,6.7,53,35.62,8.15,"ZWF","LMH","TAP","","",3.5,35.715,287,"20190925CAT02",11,"1/0/1900",0.18,0.16,NA,NA,0.06,0.06,1.12,0.74,43.33,39.52,0.69,0.68,NA,NA,408.5,412.75,6.9,6.54,NA,NA,"LMH","LMH",""
"112","CAT02","9/27/2017","20170927CAT02",2017,9,"1/0/1900",25.09855,-80.87157,1.34,130,7.6,4.66,4.95,69.91,70.23,NA,30.08,41.6,2.61,51.45,33.65,7.73,29.99,41.9,2.64,51.27,33.52,7.77,"ZWF","VMA","ZWF","","P9270114.JPG",4.805,70.07,48,"20170927CAT02",9,"1/0/1900",0.54,0.49,NA,NA,NA,NA,18.03,18.82,43.15,44.65,0.74,0.76,NA,NA,345.33,350.67,24.21,23.74,NA,NA,"VMA","ZWF",""
"113","CAT02","9/7/2021","20210907CAT02",2021,9,"1/0/1900",25.09864,-80.87203,1.1,80,11.1,3.18,3.79,31.77,30.87,NA,31.16,76.6,4.63,56.73,37.54,8.01,31.17,75.2,4.13,56.42,37.38,8,"ZWF","ZWF","ZWF","","",3.485,31.32,561,"20210907CAT02",9,"1/0/1900",0.224,0.229,NA,NA,0.109,0.15,3.689,3.845,40.95,46.43,0.735,0.707,NA,NA,432.4,436.4,48.81,47.59,NA,NA,"ZWF","ZWF",""
"114","CON01","1/14/2021","20210114CON01",2021,1,"1/0/1900",25.11766,-80.93882,2.3,110,9.98,1.57,1.48,25.29,25.82,NA,20.24,99.9,7.62,44.78,29.01,7.92,20.23,100,7.63,44.73,28.99,7.92,"ZWF","ZWF","ZWF","","",1.525,25.555,473,"20210114CON01",28,"1/0/1900",0.113,0.116,NA,NA,0.029,0.018,0.331,0.384,23.81,24.76,0.701,0.685,0.028,0.037,314,311.92,14.98,14.93,NA,NA,"ZWF","ZWF",""
"115","CON01","1/16/2024","20240116CON01",2024,1,"1/0/1900",25.11856,-80.93986,NA,90,15,3.72,3.31,26.64,26.99,NA,23.37,92.4,6.61,46.89,30.5,8.1,23.37,93.2,6.67,46.88,30.49,8.11,"ZWF","LAB","ZWF","","",3.515,26.815,867,"20240116CON01",2,"",0.081,0.101,NA,NA,0.044,0.052,NA,NA,27.6,27.4,0.68,0.666,0.049,0.022,357.7,355.6,6.954,6.934,NA,NA,"LAB","ZWF",""
"116","CON01","1/20/2022","20220120CON01",2022,1,"1/0/1900",25.11826,-80.94127,2.5,90,12.8,8.1,8.4,22.79,22.53,NA,20.03,102.1,7.64,50.2,32.96,8.04,20.01,102.4,7.67,50.21,32.97,8.04,"ZWF","ZWF","ZWF","","",8.25,22.66,658,"20220120CON01",26,"",0.047,0.005,NA,NA,0.006,0.005,0.282,0.087,34.29,32.62,1.12,1.117,0.028,0.005,406.3,417.7,17.23,17.37,NA,NA,"ZWF","ZWF",""
"117","CON01","1/23/2018","20180123CON01",2018,1,"1/0/1900",25.11835,-80.93974,2.13,45,23.5,7.24,7.56,70.5,63.52,NA,20.25,92.1,7.01,45.5,29.52,7.91,20.24,91.2,6.94,45.53,29.55,7.92,"ZWF","VMA","ZWF","","",7.4,67.01,137,"20180123CON01",28,"1/0/1900",0.85,0.86,NA,NA,0.1,0.1,1.34,1.29,23.56,22.92,1.2,1.14,NA,NA,388.92,377.17,17.65,18.01,NA,NA,"VMA","ZWF",""
"118","CON01","1/27/2020","20200127CON01",2020,1,"1/0/1900",25.11847,-80.93966,2.2,70,17.1,3.27,2.96,33.29,34.42,NA,18.46,86.4,6.59,51.57,33.97,7.96,18.32,83.7,6.43,51.62,34,7.95,"ZWF","TAP","LMH","25 subtracted from CDOM, JLS did QA/QC","",3.115,33.855,304,"20200127CON01",28,"1/0/1900",0.72,0.6,NA,NA,0.08,0.07,0.45,0.42,28.57,30,0.71,0.76,0.03,0.02,382.917,364.917,24.88,24.75,NA,NA,"LMH","JLS",""
"119","CON01","11/10/2021","20211110CON01",2021,11,"1/0/1900",25.11885,-80.93958,2.6,50,39.4,5.72,6.11,31.96,32.19,NA,22.97,89,6.31,50.54,33.17,7.95,22.95,89,6.31,50.51,33.16,7.95,"ZWF","ZWF","ZWF","","",5.915,32.075,604,"20211110CON01",26,"",0.542,0.58,NA,NA,0.139,0.146,0.592,0.618,31.429,31.429,1.701,1.686,0.084,0.087,328.7,325.3,14.9,14.9,NA,NA,"ZWF","ZWF",""
"120","CON01","11/13/2017","20171113CON01",2017,11,"1/0/1900",25.11827,-80.93965,2.98,55,22.1,21.49,25.66,68.48,77.61,NA,25.71,97.5,6.83,41.58,26.63,8.04,25.67,94.1,6.61,41.59,26.64,8.01,"AJP","ZWF","AJP","","",23.575,73.045,78,"20171113CON01",13,"1/0/1900",0.95,0.98,NA,0.57,0.4,0.41,3.89,3.8,33.2,32.88,1.62,1.49,0.52,0.51,438.5,440.92,6.82,6.99,NA,NA,"VMA","ZWF",""
"121","CON01","11/19/2024","20211119CON01",2024,11,"1/0/1900",25.11839,80.93968,2.8,40,28.1,10.18,10.07,33.43,33.87,NA,24.1,83.1,5.83,48.42,31.6,7.98,24.1,83.4,5.85,48.43,31.61,7.98,"ZWF","ZWF","ZWF","","",10.125,33.65,1027,"20211119CON01",7,"",0.062,0.099,NA,NA,0.034,0.085,0.447,0.519,58.1,53.8,1.701,1.687,0.01,0.063,602.1,605.5,79.17,79.56,NA,NA,"ZWF","ZWF",""
"122","CON01","11/21/2017","20171121CON01",2017,11,"1/0/1900",25.11827,-80.93965,2.13,45,25.4,8.53,9.61,74.59,81.65,NA,23.51,79.6,5.79,41.77,26.81,7.94,23.52,79.1,5.76,41.74,26.79,7.92,"ZWF","VMA","ZWF","","",9.07,78.12,108,"20171121CON01",28,"1/0/1900",0.57,0.57,NA,NA,0.13,0.13,4.87,4.73,32.39,30,1.08,1.15,0.04,0.02,372.5,366.5,0.11,NA,NA,NA,"VMA","ZWF",""
"123","CON01","11/29/2020","20201129CON01",2020,11,"1/0/1900",25.11805,-80.9381,2.7,50,39,13.28,10.04,24.83,24.71,NA,25.53,102.3,7.03,47.523,30.91,8.01,25.51,101.7,6.99,47.493,30.89,8.01,"ZWF","LMH","ZWF","","",11.66,24.77,447,"20201129CON01",28,"1/0/1900",0.277,0.268,NA,NA,0.125,0.116,0.217,0.186,29.753,25.5,1.32,1.216,0.016,NA,294.1,297,21.896,21.858,NA,NA,"ZWF","ZWF",""
"124","CON01","11/7/2023","20231107CON01",2023,11,"1/0/1900",25.11873,-80.93894,3.3,100,8.07,2.45,1.97,22.55,22.47,NA,24.78,98.2,6.59,56.19,37.34,8.09,24.32,97.1,6.56,56.31,37.44,8.1,"ZWF","LAB","ZWF","","",2.21,22.51,827,"20231107CON01",3,"",0.04,0.047,NA,NA,0.018,0.01,0.03,0.051,17.9,17.6,0.571,0.59,0.047,0.05,293.6,290.9,20.749,20.655,NA,NA,"LAB","ZWF",""
"125","CON01","2/19/2019","20190219CON01",2019,2,"1/0/1900",25.11877,-80.93942,2.5,20,58.3,10.43,6.67,15.18,25.73,NA,25.7,81.8,5.47,50.76,33.29,7.76,25.62,80,5.42,50.73,33.26,7.76,"ZWF","ZWF","ZWF","","",8.55,20.455,200,"20190219CON01",28,"1/0/1900",2.16,NA,1.8,NA,0.36,NA,1.46,NA,47.23,NA,1.59,NA,0.06,NA,338.25,NA,NA,NA,NA,NA,"ZWF","ZWF",""
"126","CON01","3/13/2024","20240313CON01",2024,3,"1/0/1900",25.11845,-80.93993,2.9,100,12.5,2.57,2.07,23.88,23.71,NA,24.71,86,5.97,48.34,31.53,8.03,24.71,86,5.97,48.35,31.54,8.04,"ZWF","LAB","ZWF","","",2.32,23.795,913,"20240313CON01",6,"",0.168,0.184,NA,NA,0.07,0.072,0.251,0.358,24.3,25.5,1.228,1.232,0.017,0.023,353.3,349.1,13.12,13.132,NA,NA,"LAB","ZWF",""
"127","CON01","3/16/2021","20210316CON01",2021,3,"1/0/1900",25.11905,-80.93955,2.4,45,29.7,5.39,5.01,25.9,25.94,NA,24.26,89.3,6.18,50.95,33.46,7.91,24.2,89.2,6.22,50.91,33.42,7.91,"ZWF","CJK","ZWF","","",5.2,25.92,499,"20210316CON01",28,"1/0/1900",1.324,1.322,NA,NA,0.226,0.226,1.752,1.775,42.14,33.81,1.146,1.163,0.074,0.079,298.8,296.2,47.853,47.172,NA,NA,"ZWF","ZWF",""
"128","CON01","3/17/2020","20200317CON01",2020,3,"1/0/1900",25.11824,-80.94649,2.6,60,16.9,2.96,3.23,30.82,30.49,NA,25.256,93.8,6.29,54.479,36.04,7.96,25.132,92.1,6.19,54.494,36.06,7.96,"JLS","LMH","TAP","","",3.095,30.655,342,"20200317CON01",28,"1/0/1900",0.23,0.24,NA,NA,0.03,0.03,0.04,0.04,27.14,27.86,0.87,0.85,0,0,352.917,350.083,51.68,52.32,NA,NA,"JLS","ZWF",""
"129","CON01","3/28/2022","20220328CON01",2022,3,"1/0/1900",25.11833,-80.93903,2.9,38,41.2,9.35,7.39,21.72,21.81,NA,23.24,91.2,6.36,53.27,35.19,8.13,23.2,90.4,6.31,53.28,35.19,8.13,"ZWF","ZWF","ZWF","","",8.37,21.765,656,"20220328CON01",25,"",0.069,0.06,NA,NA,0.036,0.027,0.243,0.214,35.24,44.29,1.469,1.524,NA,NA,357.8,381.8,28.35,28.33,NA,NA,"ZWF","ZWF",""
"130","CON01","5/11/2021","20210511CON01",2021,5,"1/0/1900",25.11924,-80.93906,3.2,25,44.3,10.04,9.43,25.95,25.78,NA,29.5,91.7,5.75,54.19,35.7,8,29.46,91.5,5.73,54.17,35.69,8,"ZWF","ZWF","ZWF","","",9.735,25.865,526,"20210511CON01",28,"1/0/1900",2.545,2.561,NA,NA,0.531,0.532,1.344,1.399,46.43,45.71,1.612,1.462,0.044,0.046,380.95,377.61,89.68,87.18,NA,NA,"ZWF","ZWF",""
"131","CON01","5/27/2022","20220527CON01",2022,5,"1/0/1900",25.11903,-80.93884,3.2,NA,43.1,14.65,10.61,35.86,35.65,NA,28.53,100.1,6.174,62.68,42.14,8.3,28.49,99,6.07,62.67,42.14,8.3,"ZWF","ZWF","ZWF","","",12.63,35.755,684,"20220527CON01",26,"",0.175,0.197,NA,NA,0.12,0.123,0.606,0.625,27.86,25,1.876,1.856,0.009,0.006,543.3,532.3,76.78,85.97,NA,NA,"ZWF","ZWF",""
"132","CON01","5/4/2020","20200504CON01",2020,5,"1/0/1900",25.1182,-80.93958,2.9,40,51.9,2.37,2.14,13.33,13.21,NA,26.51,93.8,6.12,55.98,37.14,7.93,26.48,93.1,6.08,55.98,37.14,7.93,"ZWF","ZWF","TAP","","",2.255,13.27,368,"20200504CON01",28,"1/0/1900",0,NA,NA,NA,0.02,0.03,0.19,0.16,29.29,30.48,0.71,0.76,0.02,0.03,191.75,190.833,52.52,53.27,NA,NA,"LMH","TAP",""
"133","CON01","5/8/2018","20180508CON01",2018,5,"1/0/1900",25.11927,-80.94086,2.4,100,11.8,3.56,3.99,19.28,16.34,1.124,28.41,82.8,5.23,56.093,37.16,7.92,28.301,79.4,5.08,56.187,37.23,7.9,"ZWF","ZWF","ZWF","","",3.775,17.81,193,"20180508CON01",28,"1/0/1900",4.31,4.29,3.8,3.75,0.51,0.54,2.39,2.48,33.37,32.76,0.9,0.95,0.03,0.05,396.75,407.83,31.47,31.95,NA,NA,"TAP","ZWF",""
"134","CON01","5/9/2024","20240509CON01",2024,5,"1/0/1900",25.11839,-80.94019,2.8,52,22.2,6.77,5.78,35.09,34.81,NA,28.09,85.3,5.49,53.09,34.93,8.28,28.06,84,5.4,53.22,35.04,8.28,"ZWF","LAB","ZWF","","",6.275,34.95,992,"20240509CON01",43,"",NA,NA,NA,NA,NA,NA,NA,NA,57.6,54.5,1.673,1.602,NA,NA,642.8,648.4,87.615,85.44,NA,NA,"ZWF","LAB","Filtered samples perished in broken freezer"
"135","CON01","6/3/2019","20190603CON01",2019,6,"1/0/1900",25.11878,-80.93912,2.83,70,24.6,6.09,5.73,21.7,21.75,NA,30.7,86.5,5.25,57.08,37.82,7.91,30.65,85.6,5.2,57.08,30.65,7.91,"ZWF","ZWF","ZWF","","",5.91,21.725,233,"20190603CON01",28,"1/0/1900",2.31,2.32,1.86,1.85,0.45,0.47,1.67,1.68,36.13,37.9,0.84,0.84,0.05,0.06,291.167,293.083,NA,NA,NA,NA,"ZWF","ZWF",""
"136","CON01","7/10/2023","20230710CON01",2023,7,"1/0/1900",25.11836,-80.93994,3.3,160,5.42,1.37,1.33,11.73,11.55,NA,32.18,96,5.72,56.25,37.14,8.17,32.19,66.3,5.74,56.25,37.15,8.18,"ZWF","LAB","ZWF","","",1.35,11.64,739,"20230710CON01",3,"",0.028,NA,NA,NA,0.003,NA,0.112,0.043,16.1,14.8,0.718,0.711,0.023,0.023,212.4,211.8,50.65,50.73,NA,NA,"LAB","ZWF",""
"137","CON01","7/11/2022","20220711CON01",2022,7,"1/0/1900",25.11876,-80.9392,3.3,81,14.6,3.29,3.02,19.62,19.65,NA,31.12,93.1,5.63,56.67,37.5,8.13,31.12,93,5.61,56.67,37.5,8.13,"ZWF","ZWF","ZWF","","",3.155,19.635,710,"20220711CON01",26,"",0.052,0.038,NA,NA,0.032,0.026,0.206,0.112,11.939,11.824,0.866,0.859,0.004,NA,307.833,342.75,43.318,43.418,NA,NA,"ZWF","ZWF",""
"138","CON01","7/13/2020","20200713CON01",2020,7,"1/0/1900",25.11853,-80.93969,2.7,100,10.3,6.47,6.18,13.24,13.41,NA,30,106.9,6.6,55.88,36.94,8.02,29.97,103.8,6.41,55.89,36.96,8,"ZWF","JLS","LMH","","",6.325,13.325,395,"20200713CON01",28,"1/0/1900",NA,0.031,NA,NA,0,0.003,0.149,0.116,24.286,21.667,0.785,0.709,0,NA,218.8,215.2,44.99,42.2,NA,NA,"ZWF","LMH",""
"139","CON01","7/20/2021","20210720CON01",2021,7,"1/0/1900",25.1186,-80.93951,3.3,85,13.2,4.67,4.03,20.26,19.84,NA,30.25,92,5.64,56.63,37.51,8.04,30.12,89.8,5.52,56.61,37.49,8.04,"ZWF","ZWF","ZWF","","",4.35,20.05,552,"20210720CON01",28,"1/0/1900",0.053,0.06,NA,NA,0.009,0.008,0.014,NA,25.95,28.1,0.754,0.754,0.006,0.016,325.58,306.92,38.21,38.63,NA,NA,"ZWF","ZWF",""
"140","CON01","7/8/2018","20180708CON01",2018,7,"1/0/1900",25.11864,-80.93964,2.9,115,11.1,3.9,4.06,8.44,5.52,0.9807,30.66,87,5.34,54.73,36.07,7.97,30.67,86.5,5.31,54.72,36.06,7.97,"ZWF","ZWF","ZWF","","",3.98,6.98,163,"20180708CON01",28,"1/0/1900",2.84,2.79,2.44,2.38,0.41,0.41,2.36,2.38,25.5,24.05,0.76,0.77,0,0.05,219.25,218.83,31.37,26.31,2.23,2.04,"TAP","ZWF",""
"141","CON01","8/17/2017","20170817CON01",2017,8,"1/0/1900",25.118267,-80.93965,2.87,150,6.82,1.8,1.99,49.11,52.1,0.6276,32.35,100.5,5.92,58.46,38.8,8.16,32.28,101.6,5.98,58.52,38.84,8.17,"ZWF","VMA","AJP","","",1.895,50.605,36,"20170817CON01",25,"1/0/1900",0.05,0.1,NA,NA,0.06,0.06,0.28,0.29,18.52,18.82,0.49,0.5,NA,NA,213,211.8,25.41,25.42,NA,NA,"VMA","ZWF",""
"142","CON01","8/20/2019","20190820CON01",2019,8,"1/0/1900",25.11825,-80.93966,2.4,90,17.3,6.76,7.13,18.18,18.4,NA,30.2,90.2,5.56,55.47,36.64,NA,30.17,90.1,5.56,55.45,36.62,NA,"ZWF","ZWF","LMH","","",6.945,18.29,261,"20190820CON01",28,"1/0/1900",NA,NA,NA,NA,0.02,0.02,0.13,0.12,16.43,17.86,0.88,0.85,0.01,0.01,223.75,221.083,16.47,14.81,NA,NA,"LMH","",""
"143","CON01","8/31/2023","20230831CON01",2023,9,"1/0/1900",25.11827,-80.94026,2.7,62,35.1,3.43,3.17,24.44,24.19,NA,29.54,88.6,5.53,55.03,36.33,8.2,29.55,88.5,5.52,55.04,36.34,8.21,"ZWF","LAB","ZWF","","",3.3,24.315,782,"20230831CON01",3,"",0.84,0.867,NA,NA,0.315,0.322,2.547,2.562,29.4,29.5,1.261,1.278,0.041,0.05,812.1,827.3,30.6,31.2,NA,NA,"LAB","ZWF",""
"144","CON01","9/12/2022","20220912CON01",2022,9,"1/0/1900",25.11827,-80.94053,2.8,120,10.3,1.76,1.52,15.9,16.07,NA,30.5,80.9,4.88,59.46,39.62,8.02,30.51,80,4.83,59.48,39.64,8.06,"ZWF","ZWF","ZWF","","",1.64,15.985,736,"20220912CON01",26,"",0.149,0.153,NA,NA,0.093,0.088,1.212,1.291,15.17,17.045,0.673,0.69,0.065,0.065,249.5,244.083,33.46,39.29,NA,NA,"ZWF","ZWF",""
"145","CON01","9/14/2020","20200914CON01",2020,9,"1/0/1900",25.1193,-80.93915,3,35,29.2,4.79,4.55,29.32,29.22,NA,27.51,75.6,4.9,53.42,35.2,7.83,27.43,74.6,4.81,53.4,35.18,7.82,"ZWF","LMH","JLS","","",4.67,29.27,421,"20200914CON01",28,"1/0/1900",2.937,3.001,2.51,2.572,0.427,0.429,9.988,10.027,64.048,60.476,1.181,1.193,NA,NA,355.83,357.42,71.97,74.05,NA,NA,"LMH","ZWF",""
"146","CON01","9/24/2019","20190924CON01",2019,9,"1/0/1900",25.11855,-80.93906,3.2,92,9.83,11.61,10.72,31.58,31.75,NA,27.54,101.2,6.6,52.23,34.32,8.01,27.38,100.2,6.55,52.22,34.32,8.01,"ZWF","LMH","TAP","","",11.165,31.665,276,"20190924CON01",28,"1/0/1900",0.2,0.15,NA,NA,0.01,0.01,0.2,0.29,28.81,28.81,0.72,0.75,NA,NA,350.833,343.25,14.73,15.3,NA,NA,"LMH","LMH",""
"147","CON01","9/26/2017","20170926CON01",2017,9,"1/0/1900",25.118267,-80.93965,2.49,35,54.3,27.33,38.27,76.18,61.2,3.613,30.616,74.3,4.61,52.457,34.38,7.68,30.65,69.9,4.32,52.44,34.37,7.65,"ZWF","VMA","ZWF","","P9260076.JPG",32.8,68.69,65,"20170926CON01",25,"1/0/1900",1.66,1.65,1.4,1.4,0.26,0.25,24.5,25.33,58.39,45.07,1.71,1.78,NA,NA,265.5,267.17,10.01,10.25,NA,NA,"VMA","ZWF",""
"148","CON01","9/8/2021","20210908CON01",2021,9,"1/0/1900",25.11889,-80.93903,2.7,76,13.2,3.05,2.14,25.22,25.1,NA,31.13,63.4,3.84,56.25,37.19,7.92,30.96,61.4,3.73,56.19,37.15,7.92,"ZWF","ZWF","ZWF","","",2.595,25.16,578,"20210908CON01",26,"1/0/1900",1.775,1.768,NA,NA,0.428,0.439,2.466,2.464,32.86,33.1,0.693,0.741,0.046,0.046,358.4,364.7,41.84,41.17,NA,NA,"ZWF","ZWF",""
"149","CON02","1/16/2024","20240116CON02",2024,1,"1/0/1900",25.1023,-81.0214,3.1,136,8.84,3.16,2.97,25.34,24.38,NA,23.11,92.1,6.61,47.17,30.71,8.06,23.11,92.4,6.63,47.17,30.71,8.06,"ZWF","LAB","ZWF","","",3.065,24.86,868,"20240116CON02",3,"",0.202,0.187,NA,NA,0.09,0.093,NA,NA,25.7,26.9,0.513,0.506,0.019,0.01,343.3,339.1,3.566,3.558,NA,NA,"LAB","ZWF",""
"150","CON02","11/7/2023","20231107CON02",2023,11,"1/0/1900",25.1029,-81.02148,3.3,152,4.38,1.83,1.8,23.16,23.32,NA,24.7,98.9,6.68,54.87,36.35,8.09,24.27,98.2,6.68,54.99,36.45,8.09,"ZWF","LAB","ZWF","","",1.815,23.24,826,"20231107CON02",2,"",0.896,0.053,NA,NA,0.097,0.022,0.469,0.643,19.4,18.4,0.538,0.525,0.073,0.07,308.5,302.9,14.82,14.925,NA,NA,"LAB","ZWF",""
"151","CON02","2/19/2019","20190219CON02",2019,2,"1/0/1900",25.10303,-81.01759,2.9,20,83.1,8.52,7.53,33.35,32.71,NA,25.47,102.1,6.9,51.74,34.01,7.92,25.44,101.4,6.86,51.72,34,7.93,"ZWF","ZWF","ZWF","","",8.025,33.03,201,"20190219CON02",32,"1/0/1900",0.07,NA,NA,NA,0.04,NA,0.17,NA,53.68,NA,1.61,NA,0.06,NA,298.75,NA,NA,NA,NA,NA,"ZWF","ZWF",""
"152","CON02","3/13/2024","20240313CON02",2024,3,"1/0/1900",25.10256,-81.02136,2.7,91,16,3.38,2.81,22.13,22.31,NA,25,95.3,6.59,48.21,31.43,8.06,25,95.4,6.59,48.21,31.43,8.06,"ZWF","LAB","ZWF","","",3.095,22.22,912,"20240313CON02",5,"",0.15,0.153,NA,NA,0.063,0.064,0.288,0.238,24.5,23.6,1.345,1.517,0.006,NA,354.9,342.2,11.215,11.238,NA,NA,"LAB","ZWF",""
"153","CON02","5/9/2024","20240509CON02",2024,5,"1/0/1900",25.10264,-81.02148,2.7,55,26.8,4.54,3.87,32.02,31.61,NA,27.96,90.2,5.78,54.59,36.04,8.38,27.95,90,5.77,54.58,36.05,8.39,"ZWF","LAB","ZWF","","",4.205,31.815,991,"20240509CON02",42,"",NA,NA,NA,NA,NA,NA,NA,NA,47.4,47.9,1.122,1.154,NA,NA,559.8,561.8,61.38,60.69,NA,NA,"ZWF","LAB","Filtered samples perished in broken freezer"
"154","CON02","7/10/2023","20230710CON02",2023,7,"1/0/1900",25.10246,-81.02092,3.4,200,5.54,1.52,1.26,9.76,9.94,NA,32.45,94.4,5.6,56.3,37.17,8.19,32.45,94.5,5.6,56.3,37.17,8.19,"ZWF","LAB","ZWF","","",1.39,9.85,740,"20230710CON02",4,"",0.087,0.078,NA,NA,0.057,0.047,0.447,0.34,13.5,12.4,0.664,0.663,0.027,0.025,176.3,195.3,47.36,48.06,NA,NA,"LAB","ZWF",""
"155","CON02","8/31/2023","20230831CON02",2023,9,"1/0/1900",25.10257,-81.02088,2.6,41,56.3,4.4,4.72,16.4,16.22,NA,29.64,86.5,5.36,56.15,37.17,8.1,29.64,86.1,5.34,56.15,37.17,8.1,"ZWF","LAB","ZWF","","",4.56,16.31,783,"20230831CON02",4,"",1.243,0.817,0.952,NA,0.291,0.283,6.273,4.23,28.2,30.1,2.057,2.186,0.084,0.078,682.3,699,29.08,29.29,NA,NA,"LAB","ZWF",""
"156","COR01","1/12/2021","20210112COR01",2021,1,"1/0/1900",25.02724,-80.76857,1.6,160,1.31,0.18,0.18,36.9,37.68,NA,19.55,94.8,7.31,45.48,29.52,8.14,19.47,98.3,7.58,45.54,29.56,8.16,"ZWF","ZWF","ZWF","","",0.18,37.29,452,"20210112COR01",5,"1/0/1900",NA,NA,NA,NA,0.055,0.055,1.536,1.498,51.19,53.1,0.51,0.491,NA,NA,603.25,620.42,12.47,12.45,NA,NA,"ZWF","ZWF",""
"157","COR01","1/19/2024","20240119COR01",2024,1,"1/0/1900",25.02765,-80.7684,1.4,120,1.64,2.85,3.17,29.73,29.61,NA,25.542,117.7,8.44,36.689,23.18,8.22,25.534,116.4,8.4,36.732,23.21,8.22,"LAB","LAB","ZWF","","",3.01,29.67,904,"20240119COR01",40,"",0.314,0.253,NA,NA,0.124,0.118,4.612,4.572,58.1,62.5,0.477,0.442,0.015,0.012,790.9,794.8,13.88,13.649,NA,NA,"LAB","ZWF",""
"158","COR01","1/21/2022","20220121COR01",2022,1,"1/0/1900",25.02774,-80.76801,1.8,180,1.95,0.92,0.94,30.01,31.33,NA,21.78,107,7.78,49.8,32.65,8.2,21.61,114.3,8.34,49.9,32.72,8.23,"ZWF","ZWF","ZWF","","",0.93,30.67,640,"20220121COR01",5,"",0.334,0.515,NA,NA,0.158,0.25,4.522,5.46,41.67,37.62,0.47,0.456,NA,NA,423.6,451.5,30.35,29.88,NA,NA,"ZWF","ZWF",""
"159","COR01","1/23/2018","20180123COR01",2018,1,"1/0/1900",25.02792,-80.76847,1.61,161,2.6,0.29,0.34,80.26,90.78,0.3955,21.19,107.7,8.04,46.01,29.95,8.2,20.741,104.5,7.85,46.09,29.95,8.2,"VMA","VMA","ZWF","","",0.315,85.52,115,"20180123COR01",5,"1/0/1900",0.17,0.17,NA,NA,0.09,0.1,3.16,3.09,32.15,31.9,0.56,0.52,0.03,0.05,508.42,507.92,1.52,1.5,NA,NA,"VMA","ZWF",""
"160","COR01","1/28/2020","20200128COR01",2020,1,"1/0/1900",25.02766,-80.76864,1.7,170,1.67,0.29,0.24,39.28,41.22,NA,19.92,108.3,7.88,57.19,38.15,8.18,20.54,109.9,7.87,58.3,38.99,8.2,"ZWF","TAP","LMH","25 subtracted from CDOM","",0.265,40.25,309,"20200128COR01",5,"1/0/1900",0.04,0,NA,NA,0.06,0.06,2.14,2.02,51.19,51.67,0.41,0.42,0,0.01,698.833,711.917,13.49,13.61,NA,NA,"LMH","JLS",""
"161","COR01","11/14/2021","20211114COR01",2021,11,"1/0/1900",25.02728,-80.76878,2,200,1.71,0.78,0.85,30.05,29.42,NA,24.45,80.9,5.52,53.04,34.99,7.92,24.43,80.8,5.52,52.99,34.96,7.91,"ZWF","ZWF","ZWF","","",0.815,29.735,583,"20211114COR01",5,"",0.303,0.181,NA,NA,0.137,0.125,8.399,7.87,40,38.095,0.402,0.409,NA,NA,395.6,387.3,26.1,26.5,NA,NA,"ZWF","ZWF",""
"162","COR01","11/18/2024","20241118COR01",2024,11,"1/0/1900",25.02795,-80.7686,2.1,210,1.17,0.31,0.27,14.92,14.51,NA,23.65,87.7,6.16,50.01,32.78,8.09,23.64,87.7,6.16,50.14,32.86,8.09,"ZWF","ZWF","ZWF","","",0.29,14.715,1026,"20241118COR01",6,"",0.172,0.174,NA,NA,0.134,0.132,4.567,4.565,29.3,28.1,0.472,0.521,NA,NA,302.7,300.9,8.318,8.446,NA,NA,"ZWF","ZWF",""
"163","COR01","11/21/2017","20171121COR01",2017,11,"1/0/1900",25.02787,-80.76849,1.68,70,6.11,14.37,12.55,112.87,105.64,2.034,23.78,96.7,6.95,43.5,28.05,8.06,23.47,99.7,7.2,44.09,28.48,8.08,"VMA","VMA","ZWF","","",13.46,109.255,85,"20171121COR01",5,"1/0/1900",NA,NA,NA,NA,NA,NA,2.25,1.76,76.02,73,0.98,0.99,0,NA,947.5,940,39.32,38.08,NA,NA,"VMA","ZWF",""
"164","COR01","11/27/2020","20201127COR01",2020,11,"1/0/1900",25.02945,-80.768,1.6,160,1.09,0.21,0.26,20.92,19.44,NA,24.1,90.9,6.64,41.115,26.32,8.16,24.261,105.8,7.73,41.731,26.77,8.24,"ZWF","LMH","ZWF","","",0.235,20.18,426,"20201127COR01",5,"1/0/1900",0.381,0.409,NA,NA,0.156,0.159,8.987,9.009,38.858,39.741,0.233,0.253,NA,NA,403.8,407.3,14.841,15.19,NA,NA,"ZWF","ZWF",""
"165","COR01","11/9/2023","20231109COR01",2023,11,"1/0/1900",25.02763,-80.7687,2.1,210,2.96,0.66,0.67,18.45,18.31,NA,25.57,96.1,6.41,54.45,36.02,8.23,25.48,97.4,6.51,54.5,36.05,8.24,"ZWF","LAB","ZWF","","",0.665,18.38,865,"20231109COR01",44,"",0.141,0.142,NA,NA,0.065,0.072,3.027,3.08,55.7,52.6,0.254,0.209,0.011,0.024,685,699,9.206,9.21,NA,NA,"LAB","ZWF",""
"166","COR01","3/15/2021","20210315COR01",2021,3,"1/0/1900",25.0284,-80.76949,1.7,170,1.48,0.32,0.29,22.26,20.7,NA,23.87,94.8,6.75,46.08,29.9,8.32,24,105.2,7.45,46.72,30.36,NA,"ZWF","CJK","ZWF","","",0.305,21.48,478,"20210315COR01",5,"1/0/1900",0.074,0.064,NA,NA,0.034,0.035,1.696,1.695,59.05,63.1,0.479,0.438,0.005,0.005,588.8,629.5,6.699,6.814,NA,NA,"ZWF","ZWF","TOC different"
"167","COR01","3/15/2024","20240315COR01",2024,3,"1/0/1900",25.02773,-80.76877,1.7,170,0.88,0.72,0.68,32.21,32.11,NA,25.51,102.8,7.06,47.38,30.82,8.46,25.52,103.7,7.14,47.38,30.82,8.46,"ZWF","LAB","ZWF","","",0.7,32.16,938,"20240315COR01",31,"",0.051,0.038,NA,NA,0.029,0.029,1.084,1.017,53.8,54.8,0.674,0.678,0.019,0.012,736.6,740.9,7.587,7.405,NA,NA,"LAB","ZWF",""
"168","COR01","3/17/2020","20200317COR01",2020,3,"1/0/1900",25.02775,-80.76881,1.4,140,1.39,0.37,0.36,20.48,20.97,NA,25.18,92.8,6.07,60.42,40.52,8.25,25.16,92.9,6.1,60.42,40.52,8.25,"ZWF","LMH","TAP","","",0.365,20.725,321,"20200317COR01",5,"1/0/1900",0.01,0,NA,NA,0.01,0,0.27,0.25,52.62,53.1,0.29,0.3,NA,NA,629.167,605.417,8.31,8.38,NA,NA,"JLS","ZWF",""
"169","COR01","3/19/2022","20220319COR01",2022,3,"1/0/1900",25.02761,-80.76891,1.8,180,1.85,0.35,0.33,17.15,16.67,NA,27.18,91.2,5.94,53.55,35.3,8.26,27.24,93.1,6.07,53.48,35.26,8.26,"ZWF","ZWF","ZWF","","",0.34,16.91,651,"20220319COR01",20,"",0.122,0.106,NA,NA,0.068,0.063,4.614,4.769,44.52,44.29,0.34,0.317,NA,NA,538.8,518.1,15.03,15.17,NA,NA,"ZWF","ZWF",""
"170","COR01","5/13/2024","20240513COR01",2024,5,"1/0/1900",25.02763,-80.76883,1.9,190,0.84,0.94,0.82,16.92,17.28,NA,30.78,121.5,7.46,54.13,35.62,8.4,30.79,122.2,7.49,54.16,35.64,8.4,"ZWF","LAB","ZWF","","",0.88,17.1,960,"20240513COR01",10,"",NA,NA,NA,NA,NA,NA,NA,NA,41.4,44.3,0.203,0.195,NA,NA,474.9,477.8,48.44,48.28,NA,NA,"ZWF","ZWF","Filtered samples perished in broken freezer"
"171","COR01","5/14/2021","20210514COR01",2021,5,"1/0/1900",25.02752,-80.76963,1.8,180,1.63,1,1,30.59,30.56,NA,29.44,86.6,5.37,57.47,38.16,8.3,29.49,87.6,5.44,57.46,38.15,8.31,"ZWF","ZWF","ZWF","","",1,30.575,504,"20210514COR01",5,"1/0/1900",NA,NA,NA,NA,0.017,0.02,0.876,0.874,71.67,69.29,0.374,0.357,NA,NA,783.83,762.5,73.12,75.63,NA,NA,"ZWF","ZWF",""
"172","COR01","5/30/2022","20220530COR01",2022,5,"1/0/1900",25.02789,-80.76851,1.9,190,0.96,0.55,0.69,22.36,22.62,NA,28.32,81.2,5.01,62.34,41.9,8.22,23.34,81.7,5.04,62.34,41.9,8.23,"ZWF","ZWF","ZWF","","",0.62,22.49,679,"20220530COR01",21,"",0.114,0.128,NA,NA,0.056,0.067,2.078,2.058,37.31,42.67,0.595,0.665,0.004,NA,812.8,800.3,103.02,103.75,NA,NA,"ZWF","ZWF",""
"173","COR01","5/5/2020","20200505COR01",2020,5,"1/0/1900",25.02791,-80.76772,1.5,150,1.58,0.67,0.67,29.93,30.64,NA,27.35,115.8,7.31,60.48,40.5,8.45,27.36,116.3,7.35,60.51,40.53,8.46,"ZWF","ZWF","TAP","","",0.67,30.285,347,"20200505COR01",5,"1/0/1900",NA,NA,NA,NA,0.06,0.06,1.12,1.21,59.76,58.57,0.33,0.29,NA,0.03,627.667,632.167,65.03,65.69,NA,NA,"LMH","TAP",""
"174","COR01","5/7/2018","20180507COR01",2018,5,"1/0/1900",25.02789,-80.76864,1.4,140,2.55,1.89,1.96,16.15,20.53,0.7665,27.938,99.5,6.33,56.427,37.43,8.34,27.842,100.2,6.38,56.522,37.5,8.36,"ZWF","ZWF","ZWF","","",1.925,18.34,172,"20180507COR01",5,"1/0/1900",0.06,0.08,NA,NA,0.03,0.04,0.55,0.58,51.7,51.29,0.45,0.44,0.02,0.03,753,808,2.75,2.76,NA,NA,"TAP","ZWF",""
"175","COR01","6/4/2019","20190604COR01",2019,6,"1/0/1900",25.02776,-80.76851,1.7,170,1.85,0.48,0.45,22.03,21.74,NA,31.77,88.5,5.14,63.82,42.89,8.3,31.83,91.2,5.29,63.94,42.99,8.3,"ZWF","ZWF","ZWF","","",0.465,21.885,212,"20190604COR01",5,"1/0/1900",0.05,0.07,NA,NA,0.04,0.04,2.33,2.43,53.81,50.24,0.27,0.28,0,0.01,288.417,11.408,NA,NA,NA,NA,"ZWF","ZWF","TOC reps very different"
"176","COR01","7/13/2023","20230713COR01",2023,7,"1/0/1900",25.02776,-80.76877,1.9,190,1.05,0.66,0.66,34.51,32.95,NA,34.15,83.8,4.81,58.14,38.48,8.17,33.31,60.9,3.58,58.12,38.5,8.1,"ZWF","LAB","ZWF","","",0.66,33.73,769,"20230713COR01",33,"",0.052,0.046,NA,NA,0.026,0.023,3.598,3.539,22.9,36.1,0.296,0.306,NA,0.034,585.3,586.2,110.36,109.83,NA,NA,"LAB","ZWF",""
"177","COR01","7/14/2020","20200714COR01",2020,7,"1/0/1900",25.02766,-80.76839,1.6,160,1.43,0.52,0.54,35.57,36.53,NA,30.79,106.1,6.38,58.97,39.25,8.18,30.7,106.9,6.43,59.01,39.27,8.18,"ZWF","JLS","LMH","Some dead seagrass and lots of Bat","",0.53,36.05,374,"20200714COR01",5,"1/0/1900",NA,0.035,NA,NA,0.03,0.031,1.307,1.447,48.095,47.857,0.308,0.303,0,0.004,530.3,527.6,20.44,20.56,NA,NA,"ZWF","LMH",""
"178","COR01","7/15/2022","20220715COR01",2022,7,"1/0/1900",25.02753,-80.76875,1.8,70,4.64,16.52,18.39,36.43,36.72,NA,30.56,78.8,4.77,58.3,38.75,8.21,30.54,77.9,4.71,58.32,38.77,8.21,"ZWF","ZWF","ZWF","","",17.455,36.575,705,"20220715COR01",21,"",NA,NA,NA,NA,0.003,0.009,0.133,0.119,53.364,50.102,0.891,0.893,NA,NA,1470,1444.167,234.22,234.63,NA,NA,"ZWF","ZWF",""
"179","COR01","7/22/2021","20210722COR01",2021,7,"1/0/1900",25.02778,-80.76865,2,200,2.24,1,1.11,20.45,20.41,NA,31.34,83.8,4.95,61.01,40.77,8.24,31.37,89.3,5.3,61,40.76,8.26,"ZWF","ZWF","ZWF","","",1.055,20.43,531,"20210722COR01",5,"1/0/1900",0.01,0.006,NA,NA,0.018,0.016,2.723,2.744,46.9,47.38,0.379,0.388,0.008,0.009,522.67,518.42,23.47,23.69,NA,NA,"ZWF","ZWF",""
"180","COR01","7/7/2018","20180707COR01",2018,7,"1/0/1900",25.02794,-80.76877,1.6,160,2.34,0.81,0.81,31.49,48.18,0.32,30.47,89.8,5.55,53.3,35.02,8.17,30.2,79.5,4.94,53.51,35.18,8.18,"ZWF","ZWF","ZWF","0.62,0.61 SFWMD chlA ug/L","",0.81,39.835,142,"20180707COR01",5,"1/0/1900",0.2,0.29,NA,NA,0.04,0.04,2.18,2.23,57.73,57.34,0.33,0.33,NA,0,711.92,688.25,25.32,25.29,0.58,0.51,"TAP","ZWF",""
"181","COR01","8/16/2017","20170816COR01",2017,8,"1/0/1900",25.02792,-80.76847,1.58,158,0.95,0.22,0.58,77.19,79.25,0.5,33.31,100.1,5.59,67.91,45.9,8.27,33.36,102.4,5.73,68.11,46.14,8.28,"ZWF","VMA","AJP","","",0.4,78.22,15,"20170816COR01",5,"1/0/1900",0.26,0.27,NA,NA,0.24,0.24,1.93,1.45,86.06,85.23,0.34,0.3,NA,NA,1027.5,1044.17,87.62,86.54,NA,NA,"VMA","ZWF",""
"182","COR01","8/19/2019","20190819COR01",2019,8,"1/0/1900",25.02754,-80.76893,1.6,160,0.47,0.89,0.92,33.01,33.85,NA,30.88,91.2,5.55,56.09,37.08,NA,30.88,91.9,5.59,56.09,37.08,NA,"ZWF","ZWF","LMH","","",0.905,33.43,239,"20190819COR01",5,"1/0/1900",NA,NA,NA,NA,0.02,0.02,0.77,0.79,41.43,40.71,0.35,0.34,NA,NA,479.083,478.917,16.78,16.86,NA,NA,"LMH","",""
"183","COR01","9/13/2024","20240913COR01",2024,9,"1/0/1900",25.02789,-80.76836,2.1,210,1.86,2.81,2.76,27.93,29.05,NA,32.29,57.6,3.46,52.94,34.68,8,32.23,102.6,6.18,54.43,35.78,8.13,"ZWF","ZWF","ZWF","","",2.785,28.49,1013,"20240913COR01",15,"",0.082,0.074,NA,NA,0.033,0.032,4.465,4.36,75.5,74.8,0.289,0.284,NA,0.002,776.5,780.7,5.87,5.791,NA,NA,"ZWF","ZWF",""
"184","COR01","9/15/2020","20200915COR01",2020,9,"1/0/1900",25.0277,-80.769,1.8,164,3.01,3.14,3.41,26.31,26.59,NA,28.34,70.2,4.41,57.98,38.59,8.08,28.53,59.24,4.61,59.24,39.54,8.08,"ZWF","LMH","JLS","","",3.275,26.45,400,"20200915COR01",5,"1/0/1900",NA,NA,NA,NA,0.02,0.021,1.598,1.737,83.571,83.81,0.481,0.415,0,0.194,811.92,812.92,40.84,40.87,NA,NA,"LMH","ZWF",""
"185","COR01","9/15/2022","20220915COR01",2022,9,"1/0/1900",25.02817,-80.76826,2,76,3.85,13.1,13.7,37.81,37.22,NA,30.87,92.5,5.5,61.78,41.37,8.16,30.81,94,5.6,61.76,41.36,8.16,"ZWF","ZWF","ZWF","","",13.4,37.515,731,"20220915COR01",21,"",NA,NA,NA,NA,0.01,0.017,NA,0.033,62.98,58.212,0.605,0.602,NA,NA,1020,1024.167,152.71,153.49,NA,NA,"ZWF","ZWF",""
"186","COR01","9/2/2023","20230902COR01",2023,9,"1/0/1900",25.02759,-80.76867,1.9,190,2.8,0.89,0.92,35.01,34.76,NA,31.05,67.1,4.01,59.47,39.62,8.09,31,66.7,3.99,59.5,39.64,8.09,"ZWF","LAB","ZWF","","",0.905,34.885,812,"20230902COR01",33,"",NA,NA,NA,NA,0.044,0.045,2.527,2.527,55.3,57.9,0.473,0.513,0.02,0.02,718.8,679.3,51.89,52.45,NA,NA,"LAB","ZWF",""
"187","COR01","9/25/2019","20190925COR01",2019,9,"1/0/1900",25.02748,-80.76851,1.9,190,1.92,0.84,0.84,21.31,21.89,NA,26.83,84.3,5.33,62.15,41.8,8.21,26.82,85.3,5.4,62.15,41.8,8.22,"ZWF","LMH","TAP","","",0.84,21.6,282,"20190925COR01",5,"1/0/1900",0.02,0.02,NA,NA,0.03,0.03,1.29,1.57,68.1,69.52,0.29,0.3,NA,NA,728.333,740.833,5.65,5.55,NA,NA,"LMH","LMH",""
"188","COR01","9/27/2017","20170927COR01",2017,9,"1/0/1900",25.02792,-80.76847,1.8,180,1.66,1.17,1.46,76.65,76.82,NA,30.1,77.1,4.78,54.48,35.91,8.09,30.11,77.3,4.79,54.49,35.91,8.1,"ZWF","VMA","ZWF","","P9270103.JPG",1.315,76.735,43,"20170927COR01",5,"1/0/1900",0.17,0.14,NA,NA,0.05,0.05,1.92,1.88,56.22,55.07,0.38,0.36,NA,NA,674.58,664.83,4.23,4.29,NA,NA,"VMA","ZWF",""
"189","COR01","9/7/2021","20210907COR01",2021,9,"1/0/1900",25.02765,-80.76894,1.9,190,2.06,0.97,0.88,36.22,36.12,NA,32.29,78.9,4.66,58.48,38.82,8.07,32.29,84.7,5.23,58.49,38.82,8.09,"ZWF","ZWF","ZWF","","",0.925,36.17,557,"20210907COR01",5,"1/0/1900",0.067,0.054,NA,NA,0.047,0.039,3.183,3.215,59.76,60.24,0.334,0.372,NA,NA,817.4,780.7,33.49,33.77,NA,NA,"ZWF","ZWF",""
"190","CROC01","1/14/2021","20210114CROC01",2021,1,"1/0/1900",25.12842,-80.6757,0.9,90,3.32,0.42,0.37,25.55,26.35,NA,20.15,94.3,7.6,31.98,19.99,8.14,NA,NA,NA,NA,NA,NA,"ZWF","ZWF","ZWF","","",0.395,25.95,462,"20210114CROC01",17,"1/0/1900",0.145,0.153,NA,NA,0.096,0.094,2.926,2.914,58.1,59.76,0.334,0.339,NA,NA,686.33,685.25,9.46,9.34,NA,NA,"ZWF","ZWF",""
"191","CROC01","1/19/2024","20240119CROC01",2024,1,"1/0/1900",25.12833,-80.67505,1,100,10.5,0.53,0.48,24.95,25.47,NA,24.961,103.6,7.74,28.22,17.37,8.1,25.129,106.6,7.93,31.168,19.36,8.1,"LAB","LAB","ZWF","","",0.505,25.21,896,"20240119CROC01",32,"",1.801,2.031,1.235,1.458,0.566,0.573,14.946,15.03,53.3,54.3,0.455,0.462,NA,NA,603.4,610.3,24.537,24.565,NA,NA,"LAB","ZWF",""
"192","CROC01","1/20/2022","20220120CROC01",2022,1,"1/0/1900",25.12943,-80.67605,1.4,140,2.78,0.45,0.37,26.1,26.23,NA,20.85,109.2,8.22,45.38,29.44,8.19,20.6,122.1,9.2,46.28,30.09,8.21,"ZWF","ZWF","ZWF","","",0.41,26.165,607,"20220120CROC01",15,"",0.467,0.34,NA,NA,0.199,0.142,6.907,6.998,60.48,63.57,0.356,0.405,NA,NA,775.4,782.3,16.04,16.49,NA,NA,"ZWF","ZWF",""
"193","CROC01","1/23/2018","20180123CROC01",2018,1,"1/0/1900",25.12843,-80.67538,1.03,57,19.3,5.45,4.39,63.48,65.25,NA,20.53,107.4,8.31,39.53,25.29,8.23,20.61,104.3,8.13,39.54,25.26,8.19,"ZWF","VMA","ZWF","","",4.92,64.365,126,"20180123CROC01",17,"1/0/1900",0.13,0.18,NA,NA,0.02,0.02,0.54,0.56,59.27,64.82,0.63,0.61,0.05,0.05,975,970,13.28,13.4,NA,NA,"VMA","ZWF",""
"194","CROC01","1/27/2020","20200127CROC01",2020,1,"1/0/1900",25.12845,-80.6753,1.1,110,2.2,0.21,0.21,25.93,31.77,NA,18.75,95.2,7.09,57.12,38.1,8,NA,NA,NA,NA,NA,NA,"ZWF","TAP","LMH","25 subtracted from CDOM, JLS did QA/QC","",0.21,28.85,293,"20200127CROC01",17,"1/0/1900",0.2,0.22,NA,NA,0.1,0.09,8.18,8.48,65.71,64.76,0.28,0.29,NA,NA,819.25,808.083,8.55,8.62,NA,NA,"LMH","JLS",""
"195","CROC01","11/10/2021","20211110CROC01",2021,11,"1/0/1900",25.1285,-80.67582,1.6,110,4.88,4.63,4.26,35.14,35.75,NA,21.86,99.5,7.19,50.65,33.27,8.15,21.9,100.5,7.22,51.72,34.06,8.12,"ZWF","ZWF","ZWF","","",4.445,35.445,593,"20211110CROC01",15,"",0.034,0.016,NA,NA,0.023,0.017,0.628,0.658,80.714,78.333,0.536,0.431,NA,NA,931.7,931.7,43.6,43.2,NA,NA,"ZWF","ZWF",""
"196","CROC01","11/13/2017","20171113CROC01",2017,11,"1/0/1900",25.12843,-80.67538,1.04,104,6.85,2.5,2.63,75.36,65.19,NA,25.25,88.4,6.45,33.85,21.22,8.15,25.3,88.2,6.42,34.19,21.45,8.16,"AJP","VMA","AJP","","",2.565,70.275,68,"20171113CROC01",3,"1/0/1900",0.39,0.39,NA,NA,0.15,0.13,6.99,7,56.04,55.11,0.43,0.44,0.03,0.03,756.92,752.58,35.19,35.38,NA,NA,"VMA","ZWF",""
"197","CROC01","11/18/2024","20241118CROC01",2024,11,"1/0/1900",25.12841,-80.67513,1.6,160,6.51,0.88,0.75,22.89,23.22,NA,23.65,90,6.78,32.74,20.47,8.14,23.8,89.3,6.69,33.57,21.05,8.14,"ZWF","ZWF","ZWF","","",0.815,23.055,1021,"20241118CROC01",1,"",1.808,1.721,1.229,1.136,0.579,0.585,10.575,10.347,51.9,51,0.322,0.31,0.019,0.022,558.4,560.6,32.039,32.116,NA,NA,"ZWF","ZWF",""
"198","CROC01","11/21/2017","20171121CROC01",2017,11,"1/0/1900",25.12843,-80.67538,1.22,50,18.7,6.07,6.25,80.74,89.54,NA,23.38,91.9,6.91,34.5,21.7,8.21,23.36,90.8,6.82,34.62,21.78,8.2,"ZWF","VMA","ZWF","","",6.16,85.14,97,"20171121CROC01",17,"1/0/1900",NA,NA,NA,NA,0.03,0.02,3.13,3.25,63.56,58.73,0.6,0.63,0.03,0.02,868.33,866.67,43.33,39.13,NA,NA,"VMA","ZWF",""
"199","CROC01","11/29/2020","20201129CROC01",2020,11,"1/0/1900",25.12857,-80.67474,1.1,110,5.51,0.62,0.71,37.82,37.2,NA,25.365,95.2,7.2,25.749,15.7,8.21,25.806,83.7,6.15,28.82,17.8,8.14,"ZWF","LMH","ZWF","","",0.665,37.51,436,"20201129CROC01",17,"1/0/1900",0.571,0.567,NA,NA,0.233,0.23,14.475,14.088,50.024,50.828,0.336,0.32,0.001,NA,594,589.9,36.276,35.154,NA,NA,"ZWF","ZWF",""
"200","CROC01","11/9/2023","20231109CROC01",2023,11,"1/0/1900",25.12826,-80.67508,1.7,170,3.52,0.51,0.46,24.03,24.52,NA,24.94,94.1,6.56,46.4,30.11,8.13,25.12,89,6.17,46.81,30.4,8.11,"ZWF","LAB","ZWF","","",0.485,24.275,857,"20231109CROC01",35,"",0.373,0.228,NA,NA,0.108,0.109,7.707,7.669,52.4,52.8,0.298,0.262,0.033,0.028,851.7,850,20.054,20.375,NA,NA,"LAB","ZWF",""
"201","CROC01","3/15/2024","20240315CROC01",2024,3,"1/0/1900",25.12846,-80.67511,1.3,130,7.58,0.68,0.68,23.98,23.42,NA,24.64,91.5,6.66,36.92,23.36,8.3,24.64,91.8,6.69,36.89,23.34,8.3,"ZWF","LAB","ZWF","","",0.68,23.7,930,"20240315CROC01",23,"",0.073,0.031,NA,NA,0.02,0.033,1.263,0.638,56.9,56.2,0.779,0.719,NA,NA,748.8,753.4,6.946,6.91,NA,NA,"LAB","ZWF",""
"202","CROC01","3/16/2021","20210316CROC01",2021,3,"1/0/1900",25.12832,-80.67567,1,100,3.03,0.29,0.33,20.75,21.02,NA,24.3,93.3,6.77,39.38,25.1,8.24,NA,NA,NA,NA,NA,NA,"ZWF","CJK","ZWF","","",0.31,20.885,488,"20210316CROC01",17,"1/0/1900",0.114,0.251,NA,NA,0.091,0.079,0.603,0.584,72.38,67.62,0.397,0.392,0.004,0.006,702.3,696.8,11.802,12.156,NA,NA,"ZWF","ZWF",""
"203","CROC01","3/17/2020","20200317CROC01",2020,3,"1/0/1900",25.12851,-80.67532,1,100,2.4,0.12,0.07,21.28,21.62,NA,24.307,94.4,6.29,59.594,39.91,8.13,24.28,93.2,6.22,59.667,39.96,8.12,"JLS","LMH","TAP","","",0.095,21.45,331,"20200317CROC01",17,"1/0/1900",0.25,0.24,NA,NA,0.11,0.1,3.92,3.5,65,64.29,0.22,0.24,NA,NA,813,810.833,7.5,7.57,NA,NA,"JLS","ZWF",""
"204","CROC01","3/19/2022","20220319CROC01",2022,3,"1/0/1900",25.12884,-80.67563,1.3,130,1.93,0.35,0.3,20.21,20.68,NA,27,92.8,6.2,48.36,31.49,8.26,27.03,91.8,6.11,48.24,31.23,8.25,"ZWF","ZWF","ZWF","","",0.325,20.445,632,"20220319CROC01",15,"",0.178,0.17,NA,NA,0.069,0.085,3.303,3.408,60.36,63.57,0.328,0.314,NA,NA,835,835.8,7.857,8.068,NA,NA,"ZWF","ZWF",""
"205","CROC01","5/11/2021","20210511CROC01",2021,5,"1/0/1900",25.12861,-80.67558,1.4,140,3.27,0.42,0.41,20.73,20.6,NA,28.5,87.7,5.83,44.08,28.35,8.31,28.64,92.7,6.13,44.47,28.63,8.33,"ZWF","ZWF","ZWF","","",0.415,20.665,514,"20210511CROC01",17,"1/0/1900",0.103,0.104,NA,NA,0.052,0.052,1.523,1.517,67.62,66.67,0.497,0.46,NA,0.007,757.95,744.28,28.13,28.32,NA,NA,"ZWF","ZWF",""
"206","CROC01","5/13/2024","20240513CROC01",2024,5,"1/0/1900",25.12844,-80.675214,1.4,140,2.63,0.33,0.31,17.25,17.47,NA,29.58,94.18,6.28,40.02,25.43,8.27,29.58,95.5,6.33,40.03,25.44,8.27,"ZWF","LAB","ZWF","","",0.32,17.36,952,"20240513CROC01",2,"",NA,NA,NA,NA,NA,NA,NA,NA,54,56.7,0.426,0.404,NA,NA,654.3,659.1,33.396,33.51,NA,NA,"ZWF","ZWF","Filtered samples perished in broken freezer"
"207","CROC01","5/30/2022","20220530CROC01",2022,5,"1/0/1900",25.12837,-80.67535,1.4,140,2.96,0.62,0.45,22.33,22.13,NA,28.3,80.6,5.13,55.03,36.38,8.13,28.67,75,4.72,56.1,37.16,8.13,"ZWF","ZWF","ZWF","","",0.535,22.23,674,"20220530CROC01",16,"",0.26,0.27,NA,NA,0.132,0.135,8.052,8.103,48.71,49.23,0.327,0.374,0.003,0.003,985,1037.5,43.35,43.26,NA,NA,"ZWF","ZWF",""
"208","CROC01","5/4/2020","20200504CROC01",2020,5,"1/0/1900",25.12855,-80.6756,1,100,1.97,0.33,0.35,30.54,30.88,NA,25.49,97.6,6.1,69.72,47.7,8.09,25.52,97.6,6.09,69.73,47.71,8.12,"ZWF","ZWF","TAP","","",0.34,30.71,357,"20200504CROC01",17,"1/0/1900",0.13,0.14,NA,NA,0.06,0.06,2.9,2.7,83.1,84.29,0.3,0.28,NA,NA,1105.833,1105.833,40.29,40.98,NA,NA,"LMH","TAP",""
"209","CROC01","5/8/2018","20180508CROC01",2018,5,"1/0/1900",25.12784,-80.67513,1,100,3.53,0.28,0.22,16.64,15.01,0.6093,28.67,85.5,5.41,54.954,36.31,8.17,28.659,86.5,5.48,55.087,36.4,8.19,"ZWF","ZWF","ZWF","","",0.25,15.825,182,"20180508CROC01",17,"1/0/1900",0.33,0.35,NA,NA,0.12,0.11,11.85,11.58,74.81,74.6,0.31,0.34,0.02,0.01,1015,972.5,21.73,21.43,NA,NA,"TAP","ZWF",""
"210","CROC01","6/3/2019","20190603CROC01",2019,6,"1/0/1900",25.12846,-80.67537,1.21,121,3.01,0.45,0.47,24.73,25.04,NA,31.12,94.9,5.56,64.28,43.28,8.13,31.12,95,5.57,64.29,43.28,8.15,"ZWF","ZWF","ZWF","","",0.46,24.885,222,"20190603CROC01",17,"1/0/1900",0.35,0.35,NA,NA,0.17,0.16,8.12,8.1,83.33,84.29,0.27,0.29,NA,0.01,964.167,939.167,NA,NA,NA,NA,"ZWF","ZWF",""
"211","CROC01","7/13/2020","20200713CROC01",2020,7,"1/0/1900",25.12867,-80.67464,1.2,120,2.08,0.66,0.57,30.11,29.44,NA,29.63,87.4,5.28,62.53,41.99,8.09,29.65,88,5.31,62.54,42,8.11,"ZWF","JLS","LMH","","",0.615,29.775,384,"20200713CROC01",17,"1/0/1900",0.088,0.029,NA,NA,0.045,0.026,3.484,2.831,85.238,84.524,0.269,0.235,NA,NA,1095,1043.3,104.83,103.16,NA,NA,"ZWF","LMH",""
"212","CROC01","7/13/2023","20230713CROC01",2023,7,"1/0/1900",25.12831,-80.6753,1.4,140,3.43,0.71,0.65,35.16,35.28,NA,33.4,83.3,4.93,53.61,35.13,8.06,33.39,83.9,4.96,53.61,35.13,8.06,"ZWF","LAB","ZWF","","",0.68,35.22,761,"20230713CROC01",25,"",0.306,0.306,NA,NA,0.145,0.151,9.68,10.223,75.2,76.7,0.302,0.307,0.001,NA,855.8,886.7,76.94,77.23,NA,NA,"LAB","ZWF",""
"213","CROC01","7/14/2022","20220714CROC01",2022,7,"1/0/1900",25.12817,-80.67594,1.3,130,3.23,0.8,0.67,28.42,28.51,NA,31.3,86.7,5.35,50.9,33.21,8.1,31.68,79.8,4.9,50.93,33.24,8.08,"ZWF","ZWF","ZWF","","",0.735,28.465,700,"20220714CROC01",16,"",0.28,0.278,NA,NA,0.115,0.111,6.487,6.114,39.775,39.906,0.235,0.304,NA,NA,936.667,1002.5,59.07,59.57,NA,NA,"ZWF","ZWF",""
"214","CROC01","7/20/2021","20210720CROC01",2021,7,"1/0/1900",25.12915,-80.67661,1.5,150,2.31,0.36,0.46,14.44,15.13,NA,29.98,90.3,5.69,50.66,33.08,8.23,30.03,94.7,5.97,51.09,33.4,8.24,"ZWF","ZWF","ZWF","","",0.41,14.785,541,"20210720CROC01",17,"1/0/1900",0.372,0.342,NA,NA,0.129,0.125,3.839,3.721,59.52,58.1,0.255,0.246,0.006,0.001,638.42,730.17,49.63,48.3,NA,NA,"ZWF","ZWF",""
"215","CROC01","7/8/2018","20180708CROC01",2018,7,"1/0/1900",25.12794,-80.67546,1.1,110,3.68,2.14,2.06,31.08,33.14,NA,30.15,80.3,5.04,51.39,33.62,8.02,30.15,80.1,5.02,51.4,33.63,8.04,"ZWF","ZWF","ZWF","1.95,1.88 SFWMD chlA ug/L","",2.1,32.11,152,"20180708CROC01",17,"1/0/1900",0.51,1.22,NA,NA,0.15,0.14,10.19,10.23,92.6,90.87,0.34,0.34,0.03,0.02,1053.33,1056.67,71.19,70.9,1.2,1.24,"TAP","ZWF",""
"216","CROC01","8/17/2017","20170817CROC01",2017,8,"1/0/1900",25.12843,-80.67538,1,100,1.96,0.53,0.28,80.57,67.47,NA,32.21,86.3,5.03,61.39,41,7.95,32.23,87.9,5.12,61.42,41.05,7.96,"ZWF","VMA","AJP","","",0.405,74.02,26,"20170817CROC01",15,"1/0/1900",0.32,0.36,NA,NA,0.19,0.19,6.11,6.12,76.4,76.84,0.19,0.19,NA,NA,956.67,984.17,78.4,79.29,NA,NA,"VMA","ZWF",""
"217","CROC01","8/20/2019","20190820CROC01",2019,8,"1/0/1900",25.12844,-80.67513,1,100,3.4,0.6,0.65,32.13,32.17,NA,29.41,88.9,5.37,62.95,42.32,NA,29.41,88.8,5.37,62.93,42.31,NA,"ZWF","ZWF","LMH","","",0.625,32.15,250,"20190820CROC01",17,"1/0/1900",0.03,0.07,NA,NA,0.06,0.06,1.13,1.14,74.29,80.71,0.31,0.33,NA,NA,947.5,1050,119.58,108.06,NA,NA,"LMH","",""
"218","CROC01","9/13/2024","20240913CROC01",2024,9,"1/0/1900",25.12818,-80.675,1.7,170,2.37,0.43,0.36,22.25,22.19,NA,30.18,87,5.48,43.53,27.86,8.02,31.79,87.2,5.5,43.53,27.86,8.02,"ZWF","ZWF","ZWF","","",0.395,22.22,1007,"20240913CROC01",9,"",0.324,0.294,NA,NA,0.129,0.123,9.726,9.551,67.9,70,0.272,0.283,NA,NA,756.4,794.8,5.501,5.75,NA,NA,"ZWF","ZWF",""
"219","CROC01","9/14/2020","20200914CROC01",2020,9,"1/0/1900",25.1286,-80.67545,1.3,160,5.68,0.28,0.19,26.14,26.05,NA,27.86,74.5,4.84,52.28,34.35,8.03,27.8,74.7,4.85,52.3,34.37,8.04,"ZWF","LMH","JLS","","",0.235,26.095,410,"20200914CROC01",17,"1/0/1900",0.102,0.11,NA,NA,0.057,0.06,6.093,6.08,80.476,78.095,0.33,0.32,NA,NA,959.17,1005,135.8,140.4,NA,NA,"LMH","ZWF",""
"220","CROC01","9/15/2022","20220915CROC01",2022,9,"1/0/1900",25.1288,-80.67533,1.6,160,2.18,0.71,0.73,25.12,24.6,NA,30.22,90.3,5.52,57.13,37.87,8.09,30.23,90,5.49,57.11,37.86,8.08,"ZWF","ZWF","ZWF","","",0.72,24.86,726,"20220915CROC01",16,"",0.367,0.333,NA,NA,0.117,0.127,3.435,3.617,45.179,40.256,0.256,0.259,0.002,NA,1079.167,1105.833,66.02,64.47,NA,NA,"ZWF","ZWF",""
"221","CROC01","9/2/2023","20230902CROC01",2023,9,"1/0/1900",25.12798,-80.67539,1.5,122,4.5,4.25,4.54,35.43,35.14,NA,31.27,88.8,5.47,51.61,33.74,8.1,31.26,88.8,5.46,51.61,33.74,8.1,"ZWF","LAB","ZWF","","",4.395,35.285,804,"20230902CROC01",25,"",0.147,0.14,NA,NA,0.021,0.017,1.192,1.168,74.2,25.9,0.519,0.476,0.022,0.016,1052,1052,73.34,74.4,NA,NA,"LAB","ZWF",""
"222","CROC01","9/24/2019","20190924CROC01",2019,9,"1/0/1900",25.12792,-80.67453,1.3,145,3.86,1.48,1.69,28.11,28.14,NA,26.31,86.3,5.59,58.69,39.19,8.19,26.34,86.8,5.61,58.75,39.23,8.21,"ZWF","LMH","TAP","","",1.585,28.125,265,"20190924CROC01",17,"1/0/1900",0.04,0.04,NA,NA,0.05,0.05,1.9,1.91,79.76,81.43,0.33,0.32,NA,NA,960,936.667,29.82,28.12,NA,NA,"LMH","LMH",""
"223","CROC01","9/26/2017","20170926CROC01",2017,9,"1/0/1900",25.12843,-80.67538,1.37,47,15.8,14.14,17.57,123.31,147.32,NA,29.915,79.9,5.18,44.38,28.52,7.93,29.905,79.3,5.13,44.37,28.52,7.93,"ZWF","VMA","ZWF","","P9260033.JPG",15.855,135.315,55,"20170926CROC01",15,"1/0/1900",0.45,0.41,NA,NA,NA,NA,0.45,0.41,76.58,75.45,0.78,0.78,NA,NA,1016.67,1002.5,75.27,75.19,NA,NA,"VMA","ZWF",""
"224","CROC01","9/8/2021","20210908CROC01",2021,9,"1/0/1900",25.1282,-80.67531,1.5,150,2.51,0.57,0.48,22.74,22.68,NA,31.22,71.8,4.47,49.06,31.87,8.1,31.61,69.6,4.3,49.55,32.21,8.09,"ZWF","ZWF","ZWF","","",0.525,22.71,567,"20210908CROC01",15,"1/0/1900",0.364,0.099,NA,NA,0.115,0.112,9.397,9.448,67.62,70.95,0.31,0.333,NA,NA,801.4,830.3,68.1,68.06,NA,NA,"ZWF","ZWF",""
"225","DC01","11/20/2024","20241120DC01",2024,11,"1/0/1900",25.17384,-80.81658,0.9,46,14.3,17.47,17.94,45.53,45.02,NA,24.37,81.8,6.03,34.74,21.85,8.32,NA,NA,NA,NA,NA,NA,"ZWF","ZWF","ZWF","","",17.705,45.275,1032,"20241120DC01",12,"",NA,NA,NA,NA,0.008,0.013,0.388,0.329,92.1,93.9,1.162,1.098,0.005,0.005,950.8,951.7,8.927,8.861,NA,NA,"ZWF","ZWF",""
"226","DC01","11/8/2023","20231108DC01",2023,11,"1/0/1900",25.17395,-80.81623,0.8,32,22.3,36.16,32.38,121.31,119.37,NA,23.82,23.1,1.59,53.71,35.51,7.86,NA,NA,NA,NA,NA,NA,"ZWF","LAB","ZWF","","",34.27,120.34,845,"20231108DC01",16,"",0.858,0.103,NA,NA,0.127,0.102,1.029,1.061,146.1,150,2.876,2.672,0.081,0.073,1762,1782,194.96,196.54,NA,NA,"LAB","ZWF",""
"227","DC01","3/27/2024","20240327DC01",2024,3,"1/0/1900",25.17391,-80.81637,0.7,30,20.3,42.98,40.33,186.19,184.42,NA,24.67,22,1.72,21,NA,7.98,NA,NA,NA,NA,NA,NA,"ZWF","LAB","ZWF","","",41.655,185.305,950,"20240327DC01",43,"",0.455,0.468,NA,NA,0.315,0.346,18.621,18.276,309.5,311,5.81,5.38,0.165,0.195,2758,2700,83.565,83.01,NA,NA,"LAB","ZWF",""
"228","DC01","5/10/2024","20240510DC01",2024,5,"1/0/1900",25.17384,-80.81659,0.6,25,28.2,28.6,26.77,58.58,58.02,NA,28.22,52.7,3.49,46.75,30.26,8.07,NA,NA,NA,NA,NA,NA,"ZWF","LAB","ZWF","","",27.685,58.3,976,"20240510DC01",27,"",NA,NA,NA,NA,NA,NA,NA,NA,164,159.8,2.58,2.604,NA,NA,1373,1368,99.42,101.9,NA,NA,"ZWF","LAB","Filtered samples perished in broken freezer"
"229","DC01","7/11/2023","20230711DC01",2023,7,"1/0/1900",25.17389,-80.81648,0.6,22,78.9,38.76,41.98,283.2,285.49,NA,32.81,3,0.19,33.6,20.88,8.1,NA,NA,NA,NA,NA,NA,"ZWF","LAB","ZWF","Do not access site if stage is lower than -0.2. Water was poo brown / pink, not normal tannic brown.  Sample taken and identified as Thiocapsa sp. By Tom Frankovich (a sulfur reducing anaerobic bacteria)","",40.37,284.345,750,"20230711DC01",14,"",0.207,0.213,NA,NA,0.046,0.034,7.626,6.483,341.9,350.1,5.438,5.585,0.177,0.161,5619,5735,270.06,272.34,NA,NA,"LAB","ZWF",""
"230","DC01","9/1/2023","20230901DC01",2023,9,"1/0/1900",25.17398,-80.81619,0.7,28,42.8,43.62,46,163.48,160.58,NA,30.38,3.6,0.22,45.88,29.59,7.84,NA,NA,NA,NA,NA,NA,"ZWF","LAB","ZWF","Good flow","",44.81,162.03,793,"20230901DC01",14,"",NA,NA,NA,NA,NA,NA,0.437,0.456,166,171.8,4.209,4.264,0.181,0.143,2804,2659,251.62,249.59,NA,NA,"LAB","ZWF",""
"231","DC01","9/12/2024","20240912DC01",2024,9,"1/0/1900",25.174,-80.81627,0.6,28,34.6,38.17,35.34,86.99,87.01,NA,30.36,36.3,2.3,47.8,30.98,7.92,NA,NA,NA,NA,NA,NA,"ZWF","ZWF","ZWF","REVERSE FLOW","",36.755,87,999,"20240912DC01",18,"",0.028,NA,NA,NA,0.093,0.092,0.453,0.314,166.7,226.7,2.302,2.428,0.058,0.021,1543,1540,99.92,98.2,NA,NA,"ZWF","ZWF",""
"232","END02","1/12/2021","20210112END02",2021,1,"1/0/1900",25.12633,-80.71831,1.5,150,1.37,0.24,0.22,40.04,39.42,NA,19.52,99.3,7.99,35.61,22.51,8.15,19.44,94.9,7.59,36.61,23.21,8.13,"ZWF","ZWF","ZWF","","",0.23,39.73,448,"20210112END02",1,"1/0/1900",0.053,0.06,NA,NA,0.07,0.081,3.619,3.66,68.1,69.52,0.39,0.394,0,NA,777.75,761.17,11.72,11.62,NA,NA,"ZWF","ZWF",""
"233","END02","1/19/2024","20240119END02",2024,1,"1/0/1900",25.1266,-80.71817,1.4,110,5.5,4.12,4.55,45.5,41.97,NA,24.907,112.1,8.31,30.978,19.27,8.2,24.947,110.2,8.17,31.692,19.73,8.2,"LAB","LAB","ZWF","","",4.335,43.735,899,"20240119END02",35,"",0.84,0.828,NA,NA,0.248,0.229,7.825,7.816,60.5,60.5,0.546,0.61,NA,NA,839.2,841.7,25.139,24.538,NA,NA,"LAB","ZWF",""
"234","END02","1/21/2022","20220121END02",2022,1,"1/0/1900",25.12661,-80.71861,1.8,180,2.51,2.15,2.15,40.29,40.77,NA,22.99,101.7,7.27,48.52,31.69,8.05,21.87,112,8.17,48.65,31.8,8.09,"ZWF","ZWF","ZWF","","",2.15,40.53,635,"20220121END02",1,"",0.954,1.102,NA,0.482,0.531,0.62,15.48,16.93,80.48,75.95,0.509,0.442,NA,NA,789.4,831.7,52.87,53.36,NA,NA,"ZWF","ZWF",""
"235","END02","1/23/2018","20180123END02",2018,1,"1/0/1900",25.1267,-80.71822,1.52,40,17.3,26.9,23.33,112.6,123.01,NA,20.636,112.4,8.53,44.2,28.61,8.11,20.06,104.9,8.02,44.5,28.8,8.09,"VMA","VMA","ZWF","10.93/15.4 FIU CHL","",25.115,117.805,111,"20180123END02",1,"1/0/1900",NA,0.04,NA,NA,0.02,0.02,0.37,0.28,71.73,75.71,1,1.13,0.04,0.03,1104.17,1080.83,25.37,24.01,NA,NA,"VMA","ZWF","CHL 10.93, 15.4"
"236","END02","1/28/2020","20200128END02",2020,1,"1/0/1900",25.12661,-80.71835,1.6,160,1.24,0.52,0.54,29.99,35.38,NA,19.29,98.1,7.17,58.9,39.44,8.01,19.36,93.3,6.8,59.11,39.6,7.99,"ZWF","TAP","LMH","25 subtracted from CDOM","",0.53,32.685,305,"20200128END02",1,"1/0/1900",0.26,0.29,NA,NA,0.13,0.12,7.13,7.12,68.81,67.14,0.37,0.35,0.03,0.02,883.333,873.333,10.59,10.51,NA,NA,"LMH","JLS",""
"237","END02","11/14/2021","20211114END02",2021,11,"1/0/1900",25.12657,-80.71879,1.9,146,4.01,3.13,3.08,46.71,46.37,NA,24.5,83.1,5.67,53.23,35.14,7.94,24.74,82,5.59,53.28,35.17,7.95,"ZWF","ZWF","ZWF","","",3.105,46.54,580,"20211114END02",2,"",0.327,0.302,NA,NA,0.179,0.171,11.966,11.296,61.19,62.619,0.473,0.538,NA,NA,760.1,733.1,51.2,51.1,NA,NA,"ZWF","ZWF",""
"238","END02","11/21/2017","20171121END02",2017,11,"1/0/1900",25.12663,-80.71825,1.68,50,13.2,16.96,NA,102.88,103.15,2.25,23.45,99.4,7.39,36.88,23.35,8.04,23.4,94.9,6.98,37.36,23.69,8.06,"VMA","VMA","ZWF","","",NA,103.015,81,"20171121END02",1,"1/0/1900",0.52,NA,NA,NA,NA,NA,2.48,2.38,82.66,90.5,1.02,0.99,0.04,0.01,1140,1087.5,45.28,44.84,NA,NA,"VMA","ZWF",""
"239","END02","11/27/2020","20201127END02",2020,11,"1/0/1900",25.12625,-80.71835,1.6,160,2.1,0.59,0.6,30.52,30.51,NA,23.903,101.5,7.68,30.556,18.97,8.31,24.296,92.3,6.97,26.012,16.08,8.11,"ZWF","LMH","ZWF","","",0.595,30.515,422,"20201127END02",1,"1/0/1900",0.355,0.351,NA,NA,0.16,0.162,9.921,9.912,45.771,49.609,0.28,0.199,NA,NA,555.3,551.1,22.134,22.343,NA,NA,"ZWF","ZWF",""
"240","END02","11/9/2023","20231109END02",2023,11,"1/0/1900",25.12741,-80.71824,NA,NA,1.47,0.53,0.55,24.6,24.68,NA,25.16,91.8,6.25,51.01,33.48,8.17,25.25,89.3,6.05,51.69,33.98,8.16,"ZWF","LAB","ZWF","","",0.54,24.64,860,"20231109END02",38,"",0.381,0.404,NA,NA,0.119,0.125,8.724,8.636,63.5,63.9,0.293,0.298,0.017,0.021,935,938.3,21.633,21.595,NA,NA,"LAB","ZWF",""
"241","END02","2/19/2019","20190219END02",2019,2,"1/0/1900",25.1267,-80.71822,1.6,160,2.52,4.53,4.66,43.24,64.01,NA,25.99,102.5,6.84,52.65,34.67,7.94,26,102.1,6.81,52.66,34.68,7.95,"VMA","ZWF","ZWF","","",4.595,53.625,202,"20190219END02",1,"1/0/1900",0.11,NA,NA,NA,0.06,NA,1.11,NA,80.3,NA,0.55,NA,0.02,NA,935,NA,NA,NA,NA,NA,"ZWF","ZWF",""
"242","END02","3/15/2021","20210315END02",2021,3,"1/0/1900",25.12681,-80.71873,1.6,160,1.83,0.39,0.39,26.35,27.01,NA,23.76,94.2,6.77,43.84,28.3,8.22,23.79,93.9,6.72,44.76,28.95,8.23,"ZWF","CJK","ZWF","","",0.39,26.68,474,"20210315END02",1,"1/0/1900",0.144,0.153,NA,NA,0.073,0.071,4.042,4.047,72.14,78.81,0.434,0.453,0.006,0.005,722.1,723.6,14.732,15.045,NA,NA,"ZWF","ZWF",""
"243","END02","3/15/2024","20240315END02",2024,3,"1/0/1900",25.12754,-80.71803,1.6,160,2.55,2.07,1.79,34.11,33.96,NA,25.19,97,6.88,40.95,26.2,8.28,25.19,97.4,6.92,40.95,26.2,8.28,"ZWF","LAB","ZWF","","",1.93,34.035,933,"20240315END02",26,"",0.294,0.284,NA,NA,0.134,0.128,3.279,3.283,65,65.2,0.921,0.937,0.012,0.014,844.2,840.8,18.051,18.182,NA,NA,"LAB","ZWF",""
"244","END02","3/17/2020","20200317END02",2020,3,"1/0/1900",25.12678,-80.71906,1.3,130,1.72,0.43,0.35,29.48,28.72,NA,24.87,88.8,5.84,60.44,40.55,8.11,24.86,88.8,5.84,60.43,40.54,8.11,"ZWF","LMH","TAP","sample to FWC for ID","",0.39,29.1,317,"20200317END02",1,"1/0/1900",0.18,0.07,NA,NA,0.05,0.04,2.65,2.26,76.67,77.14,0.32,0.34,NA,NA,919.167,927.5,7.28,7.38,NA,NA,"JLS","ZWF",""
"245","END02","3/19/2022","20220319END02",2022,3,"1/0/1900",25.1278,-80.7183,1.8,180,1.85,0.37,0.32,27.36,27.96,NA,27.3,94,6.16,51.8,34,8.2,27.33,97.4,6.39,51.72,33.94,8.21,"ZWF","ZWF","ZWF","","",0.345,27.66,649,"20220319END02",18,"",0.371,0.382,NA,NA,0.238,0.241,10.384,10.328,70.71,70.71,0.382,0.361,NA,NA,831.7,810.1,13.34,13.31,NA,NA,"ZWF","ZWF",""
"246","END02","5/13/2024","20240513END02",2024,5,"1/0/1900",25.12731,-80.71826,1.8,180,1.13,0.74,0.69,18.61,18.45,NA,30.07,91.9,5.98,42.23,26.98,8.2,30.08,91.9,5.98,42.21,26.97,8.2,"ZWF","LAB","ZWF","","",0.715,18.53,955,"20240513END02",5,"",NA,NA,NA,NA,NA,NA,NA,NA,59.3,59.3,0.435,0.417,NA,NA,670.1,686.8,30.84,31.398,NA,NA,"ZWF","ZWF","Filtered samples perished in broken freezer"
"247","END02","5/14/2021","20210514END02",2021,5,"1/0/1900",25.12595,-80.71868,1.7,170,4.02,0.71,0.78,28.19,27.54,NA,29.6,79.5,5,52.53,34.47,8.16,29.59,79.6,5.01,52.53,34.47,8.16,"ZWF","ZWF","ZWF","","",0.745,27.865,500,"20210514END02",1,"1/0/1900",0.091,0.101,NA,NA,0.067,0.065,7.15,7.084,83.1,80.95,0.422,0.448,NA,NA,826.5,810.17,56.48,53.52,NA,NA,"ZWF","ZWF",""
"248","END02","5/30/2022","20220530END02",2022,5,"1/0/1900",25.1276,-80.71843,1.8,180,2.84,0.58,0.46,23.65,23.63,NA,28.49,78.2,4.9,57.76,38.41,8.1,28.56,81.9,5.13,57.78,38.42,8.11,"ZWF","ZWF","ZWF","","",0.52,23.64,677,"20220530END02",19,"",0.288,0.261,NA,NA,0.134,0.131,8.124,2.252,43.31,46.1,0.238,0.242,0.093,0.002,996.7,976.7,50.86,48.4,NA,NA,"ZWF","ZWF",""
"249","END02","5/5/2020","20200505END02",2020,5,"1/0/1900",25.12635,-80.71948,1.6,160,1.72,0.45,0.38,34.24,35.31,NA,26.86,90,5.67,63.82,43.08,8.08,27.42,78.8,5.05,63.93,43.14,8.08,"ZWF","ZWF","TAP","","",0.415,34.775,343,"20200505END02",1,"1/0/1900",0.11,0.14,NA,NA,0.07,0.07,2.82,2.83,57.86,58.1,0.35,0.37,0.01,0,691,691.833,36.35,37.03,NA,NA,"LMH","TAP",""
"250","END02","5/7/2018","20180507END02",2018,5,"1/0/1900",25.12634,-80.71956,1.3,125,7.97,0.76,0.87,31.6,32.9,0.9123,27.826,88.5,5.61,57.76,38.44,8.17,28.59,108.8,6.79,58.76,39.18,8.3,"ZWF","ZWF","ZWF","","",0.815,32.25,168,"20180507END02",1,"1/0/1900",0.14,0.16,NA,NA,0.05,0.05,1.8,2.08,70.66,65.36,0.5,0.52,0.03,0.05,885,865,0.62,0.59,0.23,0.14,"TAP","ZWF",""
"251","END02","6/4/2019","20190604END02",2019,6,"1/0/1900",25.12681,-80.71838,1.6,160,2.62,0.42,0.49,29.92,28.8,NA,31.79,89.1,5.13,65.87,44.48,8.1,31.82,89.1,5.14,65.1,43.75,8.08,"ZWF","ZWF","ZWF","","",0.455,29.36,207,"20190604END02",1,"1/0/1900",0.17,0.17,NA,NA,0.08,0.08,7.71,7.68,91.9,85.24,0.34,0.33,0.01,0,1032.5,1030,NA,NA,NA,NA,"ZWF","ZWF",""
"252","END02","7/13/2023","20230713END02",2023,7,"1/0/1900",25.1273,-80.71813,1.8,180,2.62,5.03,5.19,47.53,47.52,NA,33.34,92.3,5.43,54.88,36.08,8.16,33.36,93.4,5.49,54.89,36.08,8.16,"ZWF","LAB","ZWF","","",5.11,47.525,764,"20230713END02",28,"",0.111,0.082,NA,NA,0.053,0.036,2.728,2.358,63.4,64.2,0.604,0.642,NA,NA,883.3,888.3,107.25,105.28,NA,NA,"LAB","ZWF",""
"253","END02","7/14/2020","20200714END02",2020,7,"1/0/1900",25.12654,-80.71774,1.5,87,5.42,8.13,8.56,53.67,53,NA,30.6,106.9,6.4,61.26,40.99,8.07,30.63,88.7,5.26,62.57,41.98,8.06,"ZWF","JLS","LMH","","",8.345,53.335,369,"20200714END02",1,"1/0/1900",NA,NA,NA,NA,0.026,0.017,0.213,0.165,111.43,106.43,0.75,0.774,0.019,NA,1095.8,1105,178.34,178.52,NA,NA,"ZWF","LMH",""
"254","END02","7/15/2022","20220715END02",2022,7,"1/0/1900",25.12715,-80.71833,1.7,107,3.67,7.03,7.35,37.56,37.8,NA,30.97,96.2,5.91,53.18,34.91,8.22,31.01,99.5,6.11,53.77,35.04,8.24,"ZWF","ZWF","ZWF","","",7.19,37.68,703,"20220715END02",19,"",NA,NA,NA,NA,0.005,NA,0.329,0.227,46.987,46.055,0.554,0.535,NA,NA,1395,1356.667,101.965,101.525,NA,NA,"ZWF","ZWF",""
"255","END02","7/22/2021","20210722END02",2021,7,"1/0/1900",25.1265,-80.71893,1.8,180,1.77,1,0.84,20.51,20.16,NA,31.39,95.4,5.86,51.9,33.95,8.23,32.24,54.2,3.26,53.63,35.19,8.08,"ZWF","ZWF","ZWF","","",0.92,20.335,527,"20210722END02",1,"1/0/1900",0.191,0.19,NA,NA,0.064,0.062,7.075,6.953,67.38,67.14,0.37,0.366,0.009,0.003,790.67,756.17,62.99,61.21,NA,NA,"ZWF","ZWF",""
"256","END02","7/7/2018","20180707END02",2018,7,"1/0/1900",25.12649,-80.71861,1.5,68,10.9,7.59,7,51.77,46.34,1.346,30.25,87.8,5.55,49.14,31.96,8.21,30.25,87.2,5.49,49.19,32,8.31,"ZWF","ZWF","ZWF","6.44,5.76 SFWMD chlA ug/L","",7.295,49.055,138,"20180707END02",1,"1/0/1900",1.3,1.32,NA,NA,0.2,0.2,2.08,1.54,77.22,75.82,0.57,0.56,0.01,0.01,823.58,826.83,74.25,76.97,2.81,3.65,"TAP","ZWF",""
"257","END02","8/16/2017","20170816END02",2017,8,"1/0/1900",25.1267,-80.71822,1.46,146,0.96,0.31,0.38,75.6,74.58,0.7362,32.92,88.8,5.08,63.63,42.7,8.19,32.95,89.5,5.1,63.65,42.7,8.19,"ZWF","VMA","AJP","","",0.345,75.09,11,"20170816END02",1,"1/0/1900",0.23,0.23,NA,NA,0.16,0.16,2.89,2.82,87.18,86.72,0.26,0.27,NA,NA,1072.5,1080.83,98.29,97.56,NA,NA,"VMA","ZWF",""
"258","END02","8/19/2019","20190819END02",2019,8,"1/0/1900",25.12666,-80.71942,1.6,160,3.2,1.53,1.64,47.67,47.63,NA,30.73,88.5,5.37,56.86,37.65,NA,30.73,88,5.35,56.8,37.61,NA,"ZWF","ZWF","LMH","","",1.585,47.65,235,"20190819END02",1,"1/0/1900",0.12,0.12,NA,NA,0.06,0.06,4.3,4.33,77.86,72.14,0.48,0.47,NA,NA,715.583,721.167,47.77,48.21,NA,NA,"LMH","",""
"259","END02","9/13/2024","20240913END02",2024,9,"1/0/1900",25.12667,-80.71828,2.1,122,3.58,6.77,6.22,25.34,25.58,NA,31.62,87.2,5.42,43.8,30.94,7.99,31.5,91,5.66,48.05,31.13,8.02,"ZWF","ZWF","ZWF","","",6.495,25.46,1010,"20240913END02",12,"",0.115,0.114,NA,NA,0.04,0.038,7.244,7.192,85.2,86.4,0.328,0.324,NA,NA,874.2,891.7,4.857,4.959,NA,NA,"ZWF","ZWF",""
"260","END02","9/15/2020","20200915END02",2020,9,"1/0/1900",25.12667,-80.719,1.6,160,2.81,0.42,0.41,25.3,25.83,NA,28.52,87.2,5.52,55.5,36.72,8.12,28.53,87.9,5.57,55.29,36.57,8.12,"ZWF","LMH","JLS","","",0.415,25.565,396,"20200915END02",1,"1/0/1900",NA,0.014,NA,NA,0.039,0.037,4.57,4.613,71.905,76.667,0.329,0.36,0.005,0.001,905.83,915,57.38,57.91,NA,NA,"LMH","ZWF",""
"261","END02","9/15/2022","20220915END02",2022,9,"1/0/1900",25.12714,-80.71821,2,150,3.11,6.4,6.54,32.86,33.41,NA,30.35,92.3,5.59,58.97,39.26,8.08,30.35,92,5.57,58.99,39.27,8.08,"ZWF","ZWF","ZWF","","",6.47,33.135,729,"20220915END02",19,"",0.191,0.179,NA,NA,0.049,0.048,3.107,2.988,65.421,63.65,0.634,0.671,NA,NA,1003.333,998.333,67.89,67.23,NA,NA,"ZWF","ZWF",""
"262","END02","9/2/2023","20230902END02",2023,9,"1/0/1900",25.12727,-80.71826,1.8,70,6.97,13.89,14.25,55.1,54.06,NA,31.29,95.5,5.85,52.53,34.42,8.04,31.42,92.1,5.62,53,34.75,8.04,"ZWF","LAB","ZWF","","",14.07,54.58,807,"20230902END02",28,"",NA,NA,NA,NA,0.029,0.034,0.446,0.479,43.4,44.3,0.851,0.858,0.027,0.021,1075,1085,172.93,174.66,NA,NA,"LAB","ZWF",""
"263","END02","9/25/2019","20190925END02",2019,9,"1/0/1900",25.12649,-80.71803,1.8,167,3.93,1.27,1.26,27.08,27.74,NA,26.89,85.3,5.44,60,40.16,8.13,26.88,85.7,5.46,60.01,40.17,8.13,"ZWF","LMH","TAP","","",1.265,27.41,278,"20190925END02",1,"1/0/1900",0.16,0.21,NA,NA,0.05,0.04,2.95,3.02,77.38,78.1,0.33,0.33,NA,NA,770.667,898.333,24.18,23.98,NA,NA,"LMH","LMH",""
"264","END02","9/27/2017","20170927END02",2017,9,"1/0/1900",25.1267,-80.71822,1.76,62,11.4,35.93,37.32,144.44,185.4,NA,29.87,10.1,0.65,44.8,28.83,7.4,30.01,0.9,0.05,46.15,29.8,7.37,"ZWF","VMA","ZWF","","P9270090.JPG",36.625,164.92,38,"20170927END02",1,"1/0/1900",0.36,0.41,NA,NA,NA,NA,29.25,19.63,106.78,116.24,1.68,1.78,NA,NA,1266.67,1282.5,99.55,97.08,NA,NA,"VMA","ZWF",""
"265","END02","9/7/2021","20210907END02",2021,9,"1/0/1900",25.12657,-80.71877,1.8,180,2.39,0.6,0.68,25.52,25.73,NA,31.76,69.5,4.24,51.94,33.96,7.99,31.2,68.3,4.16,52.04,34.04,7.98,"ZWF","ZWF","ZWF","","",0.64,25.625,553,"20210907END02",1,"1/0/1900",0.361,0.359,NA,NA,0.083,0.072,11.224,11.038,61.67,62.62,0.304,0.3,NA,NA,749.8,760,58.68,51.47,NA,NA,"ZWF","ZWF",""
"266","FNB02","1/16/2024","20240116FNB02",2024,1,"1/0/1900",25.0559,-80.97989,1.3,130,2.64,0.52,0.46,24.84,25.09,NA,23.84,94.7,6.7,47.33,30.81,8.12,23.83,94.7,6.2,47.32,30.8,8.12,"ZWF","LAB","ZWF","","",0.49,24.965,869,"20240116FNB02",4,"",NA,NA,NA,NA,NA,0.001,NA,NA,26.4,26.7,0.318,0.321,0.008,NA,375.3,361.9,1.188,1.179,NA,NA,"LAB","ZWF",""
"267","FNB02","11/7/2023","20231107FNB02",2023,11,"1/0/1900",25.05603,-80.98019,1.7,170,4.01,1.52,1.66,14.84,14.88,NA,23.94,104.6,7.04,58.5,39.1,8.15,23.92,112.3,7.57,58.52,39.11,8.18,"ZWF","LAB","ZWF","","",1.59,14.86,825,"20231107FNB02",1,"",0.015,0.025,NA,NA,0.001,0.007,0.013,0.011,21.2,20.5,0.383,0.377,0.01,0.009,276.8,257.3,17.304,17.376,NA,NA,"LAB","ZWF",""
"268","FNB02","3/13/2024","20240313FNB02",2024,3,"1/0/1900",25.05579,-80.98031,1,100,1.86,0.29,0.31,23.19,23.04,NA,24.23,90.9,6.35,49.32,32.26,8.16,NA,NA,NA,NA,NA,NA,"ZWF","LAB","ZWF","","",0.3,23.115,911,"20240313FNB02",4,"",0.027,0.022,NA,NA,0.005,0.01,0.398,0.332,NA,NA,NA,NA,NA,NA,NA,NA,NA,NA,NA,NA,"LAB","ZWF","Raw water sample lost"
"269","FNB02","5/9/2024","20240509FNB02",2024,5,"1/0/1900",25.0558,-80.97945,0.5,50,4.75,5.14,5,33.81,33.78,NA,27.31,72.2,4.67,54.81,36.24,8.36,NA,NA,NA,NA,NA,NA,"ZWF","LAB","ZWF","","",5.07,33.795,990,"20240509FNB02",41,"",NA,NA,NA,NA,NA,NA,NA,NA,52.4,54,0.852,0.888,NA,NA,706,706.3,99.98,99.64,NA,NA,"ZWF","LAB","Filtered samples perished in broken freezer"
"270","FNB02","7/10/2023","20230710FNB02",2023,7,"1/0/1900",25.05576,-80.97989,1.6,150,4.86,1.72,1.74,16.68,16.36,NA,32.57,91.7,5.41,57.16,37.81,8.36,32.57,96,5.65,57.14,37.8,8.36,"ZWF","LAB","ZWF","","",1.73,16.52,741,"20230710FNB02",5,"",NA,NA,NA,NA,0.025,0.042,0.642,0.677,21.4,21.4,0.614,0.596,0.007,NA,333.1,322.9,38.55,38.01,NA,NA,"LAB","ZWF",""
"271","FNB02","8/31/2023","20230831FNB02",2023,9,"1/0/1900",25.05615,-80.97955,1,100,2.37,0.74,0.73,19.91,20.05,NA,29.49,82.3,5.1,56.54,37.47,8.26,NA,NA,NA,NA,NA,NA,"ZWF","LAB","ZWF","","",0.735,19.98,784,"20230831FNB02",5,"",NA,0.029,NA,NA,0.013,0.014,0.741,0.719,27.9,NA,0.484,NA,0.002,0.002,807.2,NA,8.333,NA,NA,NA,"LAB","ZWF",""
"272","JOE01","1/14/2021","20210114JOE01",2021,1,"1/0/1900",25.21557,-80.53376,1,70,7.9,1.06,0.95,47.32,46.68,NA,20,92.9,8.32,4.96,2.69,8.25,NA,NA,NA,NA,NA,NA,"ZWF","ZWF","ZWF","","",1.005,47,460,"20210114JOE01",15,"1/0/1900",1.037,1.067,NA,NA,0.116,0.116,1.228,1.245,51.67,51.9,0.438,0.486,NA,NA,657.5,656.42,37.96,35.43,NA,NA,"ZWF","ZWF",""
"273","JOE01","1/20/2022","20220120JOE01",2022,1,"1/0/1900",25.21575,-80.53392,1.4,140,4.75,0.68,0.63,38.45,37.91,NA,21.91,104.3,8.49,21.21,12.74,8.16,21.16,98.7,8.11,22.16,13.38,8.07,"ZWF","ZWF","ZWF","","",0.655,38.18,605,"20220120JOE01",13,"",0.636,0.678,NA,NA,0.123,0.122,1.264,1.241,39.76,38.57,0.607,0.65,NA,NA,589.8,606.8,20.3,20.18,NA,NA,"ZWF","ZWF",""
"274","JOE01","1/20/2024","20240120JOE01",2024,1,"1/0/1900",25.21571,-80.53388,1.3,NA,7.64,1.7,1.59,46.1,45.86,NA,23.82,97.2,8.14,2.983,1.55,8.45,23.83,97.2,8.14,2.98,1.55,8.43,"ZWF","LAB","ZWF","","",1.645,45.98,907,"20240120JOE01",43,"",1.821,1.821,1.527,1.529,0.294,0.292,2.755,2.748,46.4,41.7,0.301,0.309,0.004,0.005,530.8,534.1,27.748,27.676,NA,NA,"LAB","ZWF",""
"275","JOE01","1/23/2018","20180123JOE01",2018,1,"1/0/1900",25.21508,-80.53371,1.21,68,16.7,3.95,3.71,59.94,60.08,NA,21.63,86.2,6.65,36.16,22.88,8.13,21.58,86.9,6.7,36.25,22.95,8.13,"ZWF","VMA","ZWF","","",3.83,60.01,124,"20180123JOE01",15,"1/0/1900",0.14,0.14,NA,NA,0.03,0,1.55,1.05,38.5,40.3,0.6,0.63,0.08,0.05,688.33,675.33,6.59,6.75,NA,NA,"VMA","ZWF",""
"276","JOE01","1/27/2020","20200127JOE01",2020,1,"1/0/1900",25.21568,-80.53389,1.3,130,3.7,0.35,0.37,48.69,48.24,NA,19.3,93.2,6.87,56.12,37.38,7.96,19.18,93.6,6.92,56.69,37.78,7.99,"ZWF","TAP","LMH","25 subtracted from CDOM, JLS did QA/QC","",0.36,48.465,291,"20200127JOE01",15,"1/0/1900",1.35,1.73,1.12,1.49,0.24,0.25,2.74,3.2,50,49.05,0.3,0.32,NA,0.03,713.167,714.333,15.19,15.31,NA,NA,"LMH","JLS",""
"277","JOE01","11/10/2021","20211110JOE01",2021,11,"1/0/1900",25.21573,-80.53392,1.7,170,4.49,0.7,0.62,28.53,29.05,NA,22.47,90,6.73,40.11,25.66,8.03,22.45,90.8,6.77,40.74,26.09,8.11,"ZWF","ZWF","ZWF","","",0.66,28.79,591,"20211110JOE01",13,"",0.388,0.419,NA,NA,0.157,0.164,2.585,2.721,42.857,43.571,0.409,0.403,NA,NA,617.1,614.1,14.4,14.3,NA,NA,"ZWF","ZWF",""
"278","JOE01","11/13/2017","20171113JOE01",2017,11,"1/0/1900",25.21488,-80.53354,1.09,75,10.2,1.59,1.61,102.99,96.29,NA,25.5,60.2,4.71,13.57,8.2,7.88,26.02,39.3,2.82,34.38,21.57,7.81,"AJP","VMA","AJP","","",1.6,99.64,66,"20171113JOE01",1,"1/0/1900",3.97,4.03,3.73,3.82,0.24,0.22,4.68,4.57,49.94,49.19,0.45,0.43,0.2,0.22,738,733.5,70.71,68.82,NA,NA,"VMA","ZWF",""
"279","JOE01","11/21/2017","20171121JOE01",2017,11,"1/0/1900",25.21488,-80.53354,1.28,95,9.38,3.05,3.25,103.28,115.98,NA,23.14,90.5,7.58,6.86,3.77,8.29,23.12,91.01,7.6,7.57,4.2,8.22,"ZWF","VMA","ZWF","","",3.15,109.63,95,"20171121JOE01",15,"1/0/1900",4.12,4.13,NA,NA,0.47,0.42,2.2,1.68,55.01,48.98,0.45,0.45,0.25,0.24,782,788.08,82.31,82.26,NA,NA,"VMA","ZWF",""
"280","JOE01","11/27/2024","20241127JOE01",2024,11,"1/0/1900",25.21553,-80.53387,1.5,102,7.09,0.69,0.59,37.93,38.34,NA,24.07,99.7,7.69,24.96,15.2,8.2,23.97,102.9,7.7,33.66,21.11,8.2,"ZWF","ZWF","ZWF","","",0.64,38.135,1048,"20241127JOE01",28,"",1.262,1.265,NA,NA,0.142,0.139,1.653,1.681,41.4,42.1,0.379,0.375,0.015,NA,630.4,619.5,33.005,32.046,NA,NA,"ZWF","ZWF",""
"281","JOE01","11/29/2020","20201129JOE01",2020,11,"1/0/1900",25.21571,-80.53388,1.1,100,8.24,0.85,0.65,45.85,44.97,NA,24.631,87.1,7.39,15.36,0.74,8.39,24.75,88.7,7.3,2.875,1.53,8.24,"ZWF","LMH","ZWF","","",0.75,45.41,434,"20201129JOE01",15,"1/0/1900",2.48,3.844,2.292,3.544,0.188,0.3,2.236,2.835,27.487,29.664,0.583,0.567,NA,NA,464.5,467.7,68.605,69.605,NA,NA,"ZWF","ZWF",""
"282","JOE01","11/7/2023","20231107JOE01",2023,11,"1/0/1900",25.2147,-80.53349,1.7,170,2.41,0.31,0.51,29.16,30.24,NA,25.943,112.8,7.84,42.322,27.13,8.01,25.81,111.7,7.8,43.731,28.16,8.01,"LAB","LAB","ZWF","","",0.41,29.7,830,"20231107JOE01",11,"",2.276,2.704,2.163,2.599,0.113,0.105,2.335,2.377,43.2,43,0.366,0.35,0.029,0.019,628.7,635.8,10.444,10.39,NA,NA,"LAB","ZWF",""
"283","JOE01","2/19/2019","20190219JOE01",2019,2,"1/0/1900",25.21546,-80.53393,1.2,60,14.9,1.07,1.26,21.16,26.38,NA,26.08,82.9,5.61,48.85,31.87,7.96,25.93,81.8,5.55,49.05,32.02,7.98,"ZWF","ZWF","ZWF","","",1.165,23.77,194,"20190219JOE01",15,"1/0/1900",0.48,0.51,NA,NA,0.17,0.17,3.87,4.1,56.21,55.41,0.37,0.38,0.03,0.04,654.42,665,NA,NA,NA,NA,"ZWF","ZWF",""
"284","JOE01","3/16/2021","20210316JOE01",2021,3,"1/0/1900",25.21576,-80.53392,1.2,112,11.9,0.57,0.65,21.7,21.68,NA,28.86,85.3,6.38,33.46,20.96,8.17,23.92,84.3,6.35,33.49,20.97,8.17,"ZWF","CJK","ZWF","","",0.61,21.69,486,"20210316JOE01",15,"1/0/1900",0.274,0.312,NA,NA,0.103,0.105,0.603,0.584,54.29,56.67,0.416,0.437,-0.009,-0.002,536.3,538.6,7.113,7.003,NA,NA,"ZWF","ZWF",""
"285","JOE01","3/17/2020","20200317JOE01",2020,3,"1/0/1900",25.21369,-80.5333,1.1,110,8.01,0.54,0.41,43.28,42.02,NA,24.31,71.2,5.05,45.212,29.26,8,24.34,70.6,4.98,45.02,29.24,7.97,"JLS","LMH","TAP","sample to FWC for ID","",0.475,42.65,329,"20200317JOE01",15,"1/0/1900",0.57,0.61,NA,NA,0.16,0.18,3.5,3.61,59.29,59.52,0.4,0.4,NA,NA,731.833,734.333,9.6,9.66,NA,NA,"JLS","ZWF",""
"286","JOE01","3/21/2024","20240321JOE01",2024,3,"1/0/1900",25.21573,-80.53387,1.3,53,19.8,2.11,2.14,10.84,11.05,NA,26.17,106,7.99,21.13,12.68,8.33,26.13,105.6,7.39,21.97,13.21,8.32,"ZWF","LAB","ZWF","","",2.125,10.945,948,"20240321JOE01",41,"",0.45,0.415,NA,NA,0.126,0.125,4.153,4.07,48.6,50,1.157,0.984,0.013,0.014,587.3,582.2,21.658,21.833,NA,NA,"LAB","ZWF",""
"287","JOE01","3/24/2022","20220324JOE01",2022,3,"1/0/1900",25.21575,-80.53389,1.4,NA,15.2,0.45,0.56,22.12,22.02,NA,27.11,102,6.89,45.27,29.24,8.19,27.08,101.1,6.82,45.6,29.52,8.19,"ZWF","ZWF","ZWF","","",0.505,22.07,653,"20220324JOE01",22,"",0.809,1.006,NA,NA,0.292,0.338,3.642,3.611,45,45,0.387,0.393,NA,NA,552.4,554.8,10.86,10.99,NA,NA,"ZWF","ZWF",""
"288","JOE01","5/11/2021","20210511JOE01",2021,5,"1/0/1900",25.21571,-80.53389,1.6,60,14.1,3.67,3.79,33.59,34,NA,28.46,71.8,4.95,34.3,21.47,8.14,28.47,73.2,5.04,34.5,21.61,8.14,"ZWF","ZWF","ZWF","","",3.73,33.795,512,"20210511JOE01",15,"1/0/1900",0.386,0.384,NA,NA,0.094,0.1,4.487,4.492,71.19,69.76,0.561,0.542,NA,NA,993.33,1006.67,48.55,47.99,NA,NA,"ZWF","ZWF",""
"289","JOE01","5/16/2024","20240516JOE01",2024,5,"1/0/1900",25.21574,-80.53392,1.5,105,8.73,0.94,0.8,16.63,16.11,NA,30.26,99.6,6.51,40.23,25.56,8.2,30.21,97.6,6.35,40.31,25.62,8.19,"ZWF","LAB","ZWF","","",0.87,16.37,963,"20240516JOE01",13,"",NA,NA,NA,NA,NA,NA,NA,NA,44,44.3,0.438,0.436,NA,NA,492.3,490,15.147,14.685,NA,NA,"ZWF","ZWF","Filtered samples perished in broken freezer"
"290","JOE01","5/31/2022","20220531JOE01",2022,5,"1/0/1900",25.21551,-80.53391,1.5,150,4.15,0.71,0.7,48.33,47.76,NA,28.66,104.2,6.78,48.34,31.43,8.1,28.61,104.8,6.8,48.9,31.84,8.11,"ZWF","ZWF","ZWF","","",0.705,48.045,681,"20220531JOE01",23,"",0.681,0.679,NA,NA,0.148,0.15,4.476,4.432,37.14,34.29,0.363,0.376,NA,NA,870,848.3,20.91,21.22,NA,NA,"ZWF","ZWF",""
"291","JOE01","5/4/2020","20200504JOE01",2020,5,"1/0/1900",25.21561,-80.53403,1.1,110,6.58,0.42,0.38,29.49,29.34,NA,25.25,73.1,4.7,62.11,41.81,7.88,25.17,67.5,4.38,62.33,41.98,7.94,"ZWF","ZWF","TAP","","",0.4,29.415,355,"20200504JOE01",15,"1/0/1900",0.59,0.59,NA,NA,0.17,0.17,3.32,3.35,55.71,54.52,0.3,0.28,NA,NA,722.583,NA,10.19,10.19,NA,NA,"LMH","TAP",""
"292","JOE01","5/8/2018","20180508JOE01",2018,5,"1/0/1900",25.21524,-80.53394,1.1,110,6.19,0.29,0.25,18.85,22.27,1.463,27.865,69.1,4.61,45.208,29.16,8.15,28.258,79.2,5.22,46.699,30.24,8.23,"ZWF","ZWF","ZWF","","",0.27,20.56,180,"20180508JOE01",15,"1/0/1900",0.4,0.44,NA,NA,0.13,0.17,3.59,3.66,47.94,47.8,0.5,0.5,0.02,0.06,808.5,807.92,10.25,10.36,NA,NA,"TAP","ZWF",""
"293","JOE01","6/3/2019","20190603JOE01",2019,6,"1/0/1900",25.21576,-80.5339,1.31,131,4.76,0.67,0.59,23.09,22.34,NA,30.3,78.5,4.72,61.2,40.96,8.08,30.32,78.2,4.7,61.25,40.99,8.09,"ZWF","ZWF","ZWF","","",0.63,22.715,220,"20190603JOE01",15,"1/0/1900",0.15,0.13,NA,NA,0.06,0.06,1.6,1.5,49.05,49.29,0.24,0.24,0,NA,650.25,661.333,NA,NA,NA,NA,"ZWF","ZWF",""
"294","JOE01","7/13/2020","20200713JOE01",2020,7,"1/0/1900",25.21573,-80.53394,1.3,130,3.13,1.1,0.95,33.38,33.22,NA,29.58,59.3,3.77,50.42,32.85,7.91,29.57,58.9,3.74,50.75,33.16,7.95,"ZWF","JLS","LMH","","",1.025,33.3,382,"20200713JOE01",15,"1/0/1900",0.094,0.086,NA,NA,0.032,0.029,0.975,0.911,51.667,51.905,0.304,0.326,NA,NA,695.7,699.6,23.02,22.88,NA,NA,"ZWF","LMH",""
"295","JOE01","7/17/2023","20230717JOE01",2023,7,"1/0/1900",25.21541,-80.53393,1.5,100,6.76,2.19,2.11,40.84,40.56,NA,32.24,92.3,6.4,14.68,8.4,8.23,33.01,92.6,5.98,32.09,19.83,8.13,"ZWF","LAB","ZWF","stratified","",2.15,40.7,779,"20230717JOE01",43,"",1.637,1.617,1.32,1.3,0.315,0.317,6.44,6.476,51.5,50.4,0.486,0.486,0.038,0.018,855.8,751.6,94.92,96.09,NA,NA,"LAB","ZWF",""
"296","JOE01","7/18/2022","20220718JOE01",2022,7,"1/0/1900",25.21562,-80.5339,1.5,150,4.39,0.72,0.64,20.97,20.6,NA,30.79,102.7,6.58,44.43,28.53,8.14,30.77,109,6.95,45.33,29.18,8.16,"ZWF","ZWF","ZWF","","",0.68,20.785,707,"20220718JOE01",23,"",NA,NA,NA,NA,0.002,0.004,0.419,0.464,20.938,20.132,0.337,0.319,NA,NA,706,703.417,2.368,2.324,NA,NA,"ZWF","ZWF",""
"297","JOE01","7/20/2021","20210720JOE01",2021,7,"1/0/1900",25.21578,-80.5339,1.4,105,8.11,0.51,0.5,35.78,34.57,NA,29.69,68.8,4.46,44.72,28.78,8.11,29.94,68.5,4.41,45.43,29.28,8.09,"ZWF","ZWF","ZWF","","",0.505,35.175,539,"20210720JOE01",15,"1/0/1900",0.39,0.379,NA,NA,0.138,0.135,5.346,5.297,59.52,60.95,0.402,0.433,NA,NA,801.08,727.42,16.26,16.41,NA,NA,"ZWF","ZWF",""
"298","JOE01","7/8/2018","20180708JOE01",2018,7,"1/0/1900",25.21557,-80.53387,1.2,100,9.99,1.39,1.47,73.58,74.58,NA,29.61,73.6,5.49,8.662,4.8,8.18,29.63,76.7,5.68,9.45,5.26,8.21,"ZWF","ZWF","ZWF","","",1.43,74.08,150,"20180708JOE01",15,"1/0/1900",4.25,3.89,3.53,3.16,0.72,0.72,10.88,11.01,73.36,72.11,0.43,0.46,0.04,0.03,999.17,956.67,128.25,129.09,0.69,0.73,"TAP","ZWF",""
"299","JOE01","8/17/2017","20170817JOE01",2017,8,"1/0/1900",25.21488,-80.53354,1.15,92,7.91,0.99,1.12,114.06,122.92,1.476,31.6,72.8,4.99,21.77,12.9,8.1,31.66,73,5,22,13.11,8.09,"ZWF","VMA","AJP","","",1.055,118.49,24,"20170817JOE01",13,"1/0/1900",2.48,2.63,1.87,2,0.61,0.63,13.91,13.13,71.54,72.18,0.65,0.6,NA,NA,1030,1038.33,130.18,131.4,NA,NA,"VMA","ZWF",""
"300","JOE01","8/20/2019","20190820JOE01",2019,8,"1/0/1900",25.21533,-80.53392,1.2,140,5.46,1.32,1.19,72.45,71.48,NA,29.29,75,5.35,21.55,12.86,NA,30.12,70.2,4.93,22.73,13.73,NA,"ZWF","ZWF","LMH","","",1.255,71.965,248,"20190820JOE01",15,"1/0/1900",0.83,0.86,NA,NA,0.22,0.22,4.39,4.67,59.29,59.29,0.34,0.33,NA,NA,860.833,924.167,87.2,89.67,NA,NA,"LMH","",""
"301","JOE01","9/14/2020","20200914JOE01",2020,9,"1/0/1900",25.21569,-80.5339,1.5,105,7.91,1.42,1.48,59.96,58.89,NA,26.97,80.5,5.97,21.73,13.01,8.1,26.99,79.8,5.91,21.89,13.12,8.1,"ZWF","LMH","JLS","","",1.45,59.425,408,"20200914JOE01",15,"1/0/1900",1.254,1.232,0.897,0.865,0.358,0.367,4.842,4.395,59.048,60.476,0.62,0.612,NA,NA,800.42,805.33,79.14,84.53,NA,NA,"LMH","ZWF",""
"302","JOE01","9/16/2022","20220916JOE01",2022,9,"1/0/1900",25.21548,-80.53389,1.7,NA,11.9,6.56,7.65,40.95,41.04,NA,31.02,77.4,4.94,41.93,26.74,7.94,30.51,80.6,5.2,42.94,27.47,7.96,"ZWF","ZWF","ZWF","","",7.105,40.995,733,"20220916JOE01",23,"",0.409,0.342,NA,NA,0.069,0.061,1.728,1.543,37.021,35.89,0.487,0.494,0.011,0.001,750.083,732.25,60.2,59.77,NA,NA,"ZWF","ZWF",""
"303","JOE01","9/24/2019","20190924JOE01",2019,9,"1/0/1900",25.2157,-80.53391,1.4,100,6.97,1.04,1.01,65.79,65.01,NA,25.43,85.6,6.63,17.2,10.11,8.09,27.19,49,3.26,47.56,30.91,7.88,"ZWF","LMH","TAP","","",1.025,65.4,263,"20190924JOE01",15,"1/0/1900",0.86,0.74,NA,NA,0.16,0.13,2.56,2.35,60.95,60,0.29,0.34,NA,NA,833.333,837.5,72.42,72.85,NA,NA,"LMH","LMH",""
"304","JOE01","9/26/2017","20170926JOE01",2017,9,"1/0/1900",25.21488,-80.53354,1.43,90,6.89,3.45,3.45,114.63,113.19,NA,28.75,64.8,4.8,13.35,7.64,7.85,29.88,65.8,4.58,26.12,15.85,7.89,"ZWF","VMA","ZWF","","P9260028.JPG",3.45,113.91,53,"20170926JOE01",13,"1/0/1900",1.6,1.01,NA,NA,0.11,0.05,8.25,5.1,48.9,45.63,0.53,0.49,0.1,0.08,690.33,680.67,103,100.1,NA,NA,"VMA","ZWF",""
"305","JOE01","9/6/2023","20230906JOE01",2023,9,"1/0/1900",25.21551,-80.53393,1.6,160,5.65,1.97,1.89,48.86,49.35,NA,29.46,92.2,6.75,12.89,7.36,8.19,29.26,93.6,6.87,13.52,7.75,8.17,"ZWF","LAB","ZWF","","",1.93,49.105,822,"20230906JOE01",44,"",0.64,0.723,NA,NA,0.127,0.137,1.183,1.245,46.3,46.1,0.527,0.483,NA,NA,904.2,904.2,9.89,9.864,NA,NA,"LAB","ZWF",""
"306","JOE01","9/8/2021","20210908JOE01",2021,9,"1/0/1900",25.21568,-80.53391,1.6,100,9.2,2.11,1.69,62.3,61.24,NA,30.27,76.3,5.5,13.85,7.96,8.17,31.51,60.7,4,32.57,20.22,7.98,"ZWF","ZWF","ZWF","","",1.9,61.77,565,"20210908JOE01",13,"1/0/1900",1.028,1.045,0.828,0.842,0.2,0.203,5.343,5.324,58.33,55,0.432,0.42,NA,NA,771.9,747.8,75.5,76.15,NA,NA,"ZWF","ZWF",""
"307","JOHN01","1/14/2021","20210114JOHN01",2021,1,"1/0/1900",25.06071,-80.90923,0.8,80,6.95,1.37,1.55,25.75,25.58,NA,20.33,104.5,7.92,45.02,29.18,7.98,NA,NA,NA,NA,NA,NA,"ZWF","ZWF","ZWF","","",1.46,25.665,472,"20210114JOHN01",27,"1/0/1900",0.053,0.047,NA,NA,0.028,0.021,0.655,0.647,25.48,26.43,0.609,0.619,NA,NA,328.92,326.67,10.28,10.3,NA,NA,"ZWF","ZWF",""
"308","JOHN01","1/16/2024","20240116JOHN01",2024,1,"1/0/1900",25.06312,-80.90583,1.2,120,0.51,0.53,0.5,30.05,30.44,NA,24.57,100.4,7.03,47.03,30.58,8.51,24.55,104.1,7.23,47.03,30.58,8.51,"ZWF","LAB","ZWF","","",0.515,30.245,871,"20240116JOHN01",6,"",0.036,NA,NA,NA,0.003,0.001,NA,NA,29.8,30,0.297,0.327,NA,NA,428.4,421.6,6.157,6.181,NA,NA,"LAB","ZWF",""
"309","JOHN01","1/20/2022","20220120JOHN01",2022,1,"1/0/1900",25.06304,-80.90635,1.3,130,3.96,1.03,0.77,19.41,19.9,NA,20.36,111.6,8.27,51,33.54,8.15,20.37,112.1,8.32,51,33.54,8.16,"ZWF","ZWF","ZWF","","",0.9,19.655,617,"20220120JOHN01",25,"",NA,0,NA,NA,0.015,0.012,0.291,0.34,24.29,26.67,0.437,0.421,NA,NA,331.3,339,10.68,10.84,NA,NA,"ZWF","ZWF",""
"310","JOHN01","1/23/2018","20180123JOHN01",2018,1,"1/0/1900",25.06349,-80.90233,0.7,70,2.91,0.31,0.27,59.83,62.06,NA,23.31,122.3,8.8,46.17,29.98,8.27,NA,NA,NA,NA,NA,NA,"ZWF","VMA","ZWF","","",0.29,60.945,136,"20180123JOHN01",27,"1/0/1900",0.05,0.06,NA,NA,NA,NA,0.57,0.56,22.8,22.18,0.57,0.59,NA,NA,391.25,402.42,5.81,6.4,NA,NA,"VMA","ZWF",""
"311","JOHN01","1/27/2020","20200127JOHN01",2020,1,"1/0/1900",25.06372,-80.90622,0.7,70,5.22,1.36,1.3,33.69,38.05,NA,18.53,107.9,8.25,52.28,34.49,8.1,NA,NA,NA,NA,NA,NA,"ZWF","TAP","LMH","25 subtracted from CDOM, JLS did QA/QC","",1.33,35.87,303,"20200127JOHN01",27,"1/0/1900",0.02,0.01,NA,NA,0.03,0.02,0.52,0.53,22.38,22.38,0.36,0.4,NA,NA,348.833,343.417,19.48,19.43,NA,NA,"LMH","JLS",""
"312","JOHN01","11/10/2021","20211110JOHN01",2021,11,"1/0/1900",25.06374,-80.90592,1.3,130,4.05,3.25,3.03,22.27,22.54,NA,23,128.9,9.11,51.9,34.18,8.26,22.96,131.3,9.26,51.9,34.18,8.26,"ZWF","ZWF","ZWF","","",3.14,22.405,603,"20211110JOHN01",25,"",NA,NA,NA,NA,0.004,0.007,0.453,0.409,20,20.714,0.534,0.54,0.025,0.024,303.4,298,7.31,7.27,NA,NA,"ZWF","ZWF",""
"313","JOHN01","11/19/2024","20241119JOHN01",2024,11,"1/0/1900",25.06357,-80.90589,1.2,120,2.9,11.34,11.92,39.25,39.39,NA,23.72,94.6,6.84,42.69,27.47,8.37,23.7,94.8,6.86,42.68,27.46,8.38,"ZWF","ZWF","ZWF","","",11.63,39.32,1028,"20241119JOHN01",8,"",NA,NA,NA,NA,0.017,0.011,0.046,0.053,65,63.1,1.022,1.051,0.012,0.001,802.3,814.7,90.28,90.56,NA,NA,"ZWF","ZWF",""
"314","JOHN01","11/21/2017","20171121JOHN01",2017,11,"1/0/1900",25.06408,-80.90102,0.52,52,2.54,1.58,1.39,71.94,76.99,NA,24.88,114.6,8.13,42.47,27.29,8.25,NA,NA,NA,NA,NA,NA,"ZWF","VMA","ZWF","","",1.485,74.465,107,"20171121JOHN01",27,"1/0/1900",NA,NA,NA,NA,0.09,0.09,2.95,2.89,30.33,27.61,0.56,0.55,0.02,0.06,381.58,383.25,4.67,5.12,NA,NA,"VMA","ZWF",""
"315","JOHN01","11/29/2020","20201129JOHN01",2020,11,"1/0/1900",25.06347,-80.90072,0.5,50,4.73,4.21,3.76,39.22,38.89,NA,26.871,124.1,8.59,41.22,26.35,8.24,NA,NA,NA,NA,NA,NA,"ZWF","LMH","ZWF","","",3.985,39.055,446,"20201129JOHN01",27,"1/0/1900",0.182,0.186,NA,NA,0.077,0.071,1.737,1.744,41.708,40.497,0.886,0.9,0.023,0.017,523.6,512.8,5.019,5.11,NA,NA,"ZWF","ZWF",""
"316","JOHN01","11/7/2023","20231107JOHN01",2023,11,"1/0/1900",25.06369,-80.90628,1.6,160,1.48,2.93,3.21,17.39,17.39,NA,23.8,104.6,7.01,60.22,40.41,8.48,23.78,108.4,7.24,60.22,40.41,8.49,"ZWF","LAB","ZWF","","",3.07,17.39,823,"20231107JOHN01",5,"",0.049,0.046,NA,NA,0.011,0.01,0.138,0.326,25.2,24.2,0.384,0.444,0.014,0.008,298.3,302.5,5.845,5.824,NA,NA,"LAB","ZWF",""
"317","JOHN01","3/13/2024","20240313JOHN01",2024,3,"1/0/1900",25.06336,-80.906,0.9,90,0.49,0.2,0.21,30.08,29.51,NA,24.51,93.2,6.47,49.17,32.14,8.68,NA,NA,NA,NA,NA,NA,"ZWF","LAB","ZWF","","",0.205,29.795,909,"20240313JOHN01",2,"",0.011,0.014,NA,NA,0.013,0.004,0.277,0.343,31,31.2,0.83,0.827,NA,NA,501.6,500.6,13.968,13.884,NA,NA,"LAB","ZWF",""
"318","JOHN01","3/16/2021","20210316JOHN01",2021,3,"1/0/1900",25.0641,-80.90642,0.8,80,4.13,0.27,0.31,34.88,34.11,NA,24.9,117,7.99,52.11,34,8.51,NA,NA,NA,NA,NA,NA,"ZWF","CJK","ZWF","","",0.29,34.495,498,"20210316JOHN01",27,"1/0/1900",0.093,0.099,NA,NA,0.04,0.038,0.458,0.452,52.14,53.57,0.445,0.448,0.012,0.004,480.9,492.5,24.699,23.376,NA,NA,"ZWF","ZWF",""
"319","JOHN01","3/17/2020","20200317JOHN01",2020,3,"1/0/1900",25.06404,-80.90199,1.1,110,5.62,0.39,0.39,37.73,38.18,NA,24.59,90.7,6.05,58.258,38.9,8.18,24.604,91,6.08,58.283,38.91,8.19,"JLS","LMH","TAP","","",0.39,37.955,341,"20200317JOHN01",27,"1/0/1900",0.14,0.14,NA,NA,0.02,0.02,0.82,0.77,41.43,41.43,0.53,0.54,0,0,503.167,500.5,38.69,39.23,NA,NA,"JLS","ZWF",""
"320","JOHN01","3/28/2022","20220328JOHN01",2022,3,"1/0/1900",25.06335,-80.90611,1,100,3.04,0.71,0.62,32.13,32.09,NA,21.72,107.8,7.66,55.12,36.59,8.37,NA,NA,NA,NA,NA,NA,"ZWF","ZWF","ZWF","","",0.665,32.11,655,"20220328JOHN01",24,"",0.013,NA,NA,NA,0.011,0.011,0.416,0.415,32.86,30.71,0.451,0.48,NA,NA,460.4,463.7,56.23,55.72,NA,NA,"ZWF","ZWF",""
"321","JOHN01","5/11/2021","20210511JOHN01",2021,5,"1/0/1900",25.06372,-80.90605,1.1,110,2.51,0.81,0.76,40.58,40.74,NA,30.57,116.9,7.06,59.24,39.45,8.25,30.55,123.5,7.43,59.24,39.45,8.26,"ZWF","ZWF","ZWF","","",0.785,40.66,525,"20210511JOHN01",27,"1/0/1900",0.004,0.037,NA,NA,0.025,0.027,0.55,0.575,52.38,50.95,0.528,0.523,0.04,0.043,568.95,629.28,39.37,40.03,NA,NA,"ZWF","ZWF",""
"322","JOHN01","5/27/2022","20220527JOHN01",2022,5,"1/0/1900",25.06383,-80.90587,1.1,80,7.25,8.31,7.67,33.78,33.15,NA,28.48,93.9,5.74,64.08,43.23,8.33,28.47,94.9,5.82,64.07,43.22,8.32,"ZWF","ZWF","ZWF","","",7.99,33.465,683,"20220527JOHN01",25,"",0.009,0.014,NA,NA,0.018,0.027,0.234,0.188,41.43,42.14,0.708,0.763,0,0.004,1001.7,956.7,72.48,73.05,NA,NA,"ZWF","ZWF",""
"323","JOHN01","5/4/2020","20200504JOHN01",2020,5,"1/0/1900",25.06416,-80.90596,1,100,4.89,0.64,0.63,24.66,24.67,NA,27.13,121.7,7.78,58.3,38.87,8.22,NA,NA,NA,NA,NA,NA,"ZWF","ZWF","TAP","","",0.635,24.665,367,"20200504JOHN01",27,"1/0/1900",NA,NA,NA,NA,0.02,0.02,0.45,0.44,36.43,36.43,0.5,0.51,0.01,0.01,381.917,369.417,10.46,10.38,NA,NA,"LMH","TAP",""
"324","JOHN01","5/8/2018","20180508JOHN01",2018,5,"1/0/1900",25.06301,-80.90485,0.8,80,4.08,0.65,0.74,26.39,23.29,0.4677,29.17,111.1,6.82,59.922,40.04,8.16,29.195,113.5,6.97,59.992,40.2,8.17,"ZWF","ZWF","ZWF","","",0.695,24.84,192,"20180508JOHN01",27,"1/0/1900",1.03,0.84,0.84,NA,0.19,0.14,1.71,1.71,43.62,43.56,0.64,0.68,0.06,0.04,528.67,524.33,16.57,16.6,NA,NA,"TAP","ZWF",""
"325","JOHN01","5/9/2024","20240509JOHN01",2024,5,"1/0/1900",25.06343,-80.90586,1,100,0.83,0.59,0.39,31.67,32.09,NA,28.03,87.2,5.67,50.75,33.21,8.73,NA,NA,NA,NA,NA,NA,"ZWF","LAB","ZWF","","",0.49,31.88,984,"20240509JOHN01",35,"",NA,NA,NA,NA,NA,NA,NA,NA,56.7,56.9,0.39,0.385,NA,NA,774.1,766.8,89.265,98.43,NA,NA,"ZWF","LAB","Filtered samples perished in broken freezer"
"326","JOHN01","6/3/2019","20190603JOHN01",2019,6,"1/0/1900",25.06438,-80.90254,0.82,82,4.02,2.85,2.92,36.74,36.64,NA,31.72,75.2,4.43,60.35,40.25,8.02,NA,NA,NA,NA,NA,NA,"ZWF","ZWF","ZWF","","",2.885,36.69,232,"20190603JOHN01",27,"1/0/1900",0.04,0.06,NA,NA,0.04,0.04,1.26,1.23,50.98,49.58,0.58,0.55,0.03,0.03,549.083,532.25,NA,NA,NA,NA,"ZWF","ZWF",""
"327","JOHN01","7/10/2023","20230710JOHN01",2023,7,"1/0/1900",25.06342,-80.90621,1.4,140,0.92,0.98,0.75,21.64,21.76,NA,32.85,109.7,6.44,57.39,37.97,8.47,32.86,113.2,6.61,57.41,37.98,8.47,"ZWF","LAB","ZWF","","",0.865,21.7,743,"20230710JOHN01",7,"",NA,NA,NA,NA,NA,NA,0.369,0.412,76.6,88,0.485,0.494,0.005,0.01,405.2,403.8,67.07,66.51,NA,NA,"LAB","ZWF",""
"328","JOHN01","7/11/2022","20220711JOHN01",2022,7,"1/0/1900",25.06491,-80.906,1.1,110,2.98,1.66,1.24,40.43,40.54,NA,31.32,62.6,3.71,60.47,40.36,8.2,31.33,62.9,3.75,60.49,40.37,8.21,"ZWF","ZWF","ZWF","","",1.45,40.485,709,"20220711JOHN01",25,"",NA,NA,NA,NA,0.008,0.014,0.986,1.097,25.83,23.937,0.435,0.471,NA,NA,647.5,645.083,25.23,25.245,NA,NA,"ZWF","ZWF",""
"329","JOHN01","7/13/2020","20200713JOHN01",2020,7,"1/0/1900",25.06354,-80.90628,1.1,100,9.89,6.64,9.56,18.71,19.36,NA,28.81,108.1,6.69,55.94,37,8.12,NA,NA,NA,NA,NA,NA,"ZWF","JLS","LMH","","",8.1,19.035,394,"20200713JOHN01",27,"1/0/1900",NA,NA,NA,NA,NA,NA,0.159,0.154,40.952,39.762,0.626,0.752,NA,NA,340.9,344.5,9.01,9.08,NA,NA,"ZWF","LMH",""
"330","JOHN01","7/20/2021","20210720JOHN01",2021,7,"1/0/1900",25.06393,-80.90618,1.7,170,2.17,1.44,1.33,51.11,51,NA,30.69,81.7,4.9,60.14,40.13,8.08,30.72,94.4,5.63,60.15,40.14,8.11,"ZWF","ZWF","ZWF","","",1.385,51.055,551,"20210720JOHN01",27,"1/0/1900",0.027,0.027,NA,NA,0.009,0.012,0.347,0.282,64.05,62.14,0.536,0.66,0.006,0.013,749.42,694.17,18.27,17.36,NA,NA,"ZWF","ZWF",""
"331","JOHN01","7/8/2018","20180708JOHN01",2018,7,"1/0/1900",25.06431,-80.90221,1.1,110,2.46,1.34,1.29,30.92,22.71,0.3884,30.77,80.1,4.92,53.72,35.31,8.03,30.77,80.3,4.69,53.73,35.32,8.04,"ZWF","ZWF","ZWF","","",1.315,26.815,162,"20180708JOHN01",27,"1/0/1900",0.07,0.29,NA,NA,0.05,0.04,1.3,1.29,38.97,37.79,0.53,0.5,NA,NA,406.17,419.42,65.29,57.12,0.69,0.77,"TAP","ZWF",""
"332","JOHN01","8/16/2017","20170816JOHN01",2017,8,"1/0/1900",25.06408,-80.90102,0.76,76,1.45,0.84,0.93,87.29,72.91,0.518,33.99,69.3,3.94,62.08,41.49,8.11,NA,NA,NA,NA,NA,NA,"ZWF","VMA","AJP","","",0.885,80.1,20,"20170816JOHN01",10,"1/0/1900",0.17,0.18,NA,NA,0.13,0.13,1.88,2.13,39.72,38.6,0.37,0.39,NA,NA,432.92,443.58,57.63,58.73,NA,NA,"VMA","ZWF",""
"333","JOHN01","8/20/2019","20190820JOHN01",2019,8,"1/0/1900",25.0639,-80.90456,1,100,2.54,0.91,0.97,27.99,28.46,NA,29.8,67,4.15,55.95,37.01,NA,NA,NA,NA,NA,NA,NA,"ZWF","ZWF","LMH","","",0.94,28.225,260,"20190820JOHN01",27,"1/0/1900",NA,NA,NA,NA,0.02,0.02,1.37,1.37,26.43,25,0.45,0.44,NA,NA,388.583,351.5,28.01,38.62,NA,NA,"LMH","",""
"334","JOHN01","8/31/2023","20230831JOHN01",2023,9,"1/0/1900",25.06332,-80.9061,1,100,0.85,1.08,1.21,24.49,24.4,NA,29.9,89.3,5.53,55.31,36.53,8.26,NA,NA,NA,NA,NA,NA,"ZWF","LAB","ZWF","","",1.145,24.445,786,"20230831JOHN01",7,"",0.057,0.053,NA,NA,0.027,0.024,0.734,0.858,29.3,30,0.421,0.415,0.007,0.004,527.2,825.3,17.448,17.49,NA,NA,"LAB","ZWF",""
"335","JOHN01","9/11/2024","20240911JOHN01",2024,9,"1/0/1900",25.06324,-80.90559,1.3,130,1.69,4.65,4.62,44.52,44.84,NA,31.91,63.1,3.76,57.2,37.86,8.35,31.88,63.6,3.77,57.23,37.89,8.36,"ZWF","ZWF","ZWF","","",4.635,44.68,995,"20240911JOHN01",27,"",0.049,0.052,NA,NA,0.045,0.047,2.032,2.119,67.4,68.6,0.452,0.423,NA,NA,758.5,767.6,59.05,62.44,NA,NA,"ZWF","ZWF",""
"336","JOHN01","9/12/2022","20220912JOHN01",2022,9,"1/0/1900",25.06353,-80.90584,1.3,130,5.5,12.21,12.8,23.51,23.7,NA,31.11,103.1,6.14,60.29,40.24,8.38,31.11,103.9,6.18,60.32,40.25,8.38,"ZWF","ZWF","ZWF","","",12.505,23.605,735,"20220912JOHN01",25,"",NA,NA,NA,NA,0.018,0.013,0.175,0.195,22.12,24.245,0.574,0.564,0.021,0.021,450.417,463.083,40.05,41.28,NA,NA,"ZWF","ZWF",""
"337","JOHN01","9/14/2020","20200914JOHN01",2020,9,"1/0/1900",25.06385,-80.90573,1.3,45,13.5,34.61,32.49,40.55,40.88,NA,28.09,106.1,6.76,55.85,37,7.92,28.02,105.9,6.74,55.92,37.05,7.92,"ZWF","LMH","JLS","","",33.55,40.715,420,"20200914JOHN01",27,"1/0/1900",NA,NA,NA,NA,0.021,0.013,0.205,0.194,122.381,128.81,1.634,1.574,0.023,0.011,828.58,835,181.66,180,NA,NA,"LMH","ZWF",""
"338","JOHN01","9/24/2019","20190924JOHN01",2019,9,"1/0/1900",25.06336,-80.90612,1.6,160,3.7,1.42,1.27,34.55,34.93,NA,26.45,88.7,5.82,54.92,36.35,7.95,26.44,88.9,5.84,54.94,36.36,7.95,"ZWF","LMH","TAP","","",1.345,34.74,275,"20190924JOHN01",27,"1/0/1900",0.05,0.08,NA,NA,0.03,0.04,0.91,1.2,42.14,42.14,0.49,0.49,NA,NA,446.333,452.5,15.13,15.01,NA,NA,"LMH","LMH",""
"339","JOHN01","9/27/2017","20170927JOHN01",2017,9,"1/0/1900",25.06408,-80.90102,0.88,88,7.64,2.4,2.65,54.67,65.59,NA,30.08,NA,NA,51.45,33.66,7.8,NA,NA,NA,NA,NA,NA,"ZWF","VMA","ZWF","","P9270116.JPG",2.525,60.13,49,"20170927JOHN01",10,"1/0/1900",0.42,0.47,NA,NA,NA,NA,24.32,23.28,46.2,45.71,0.56,0.59,NA,NA,303.83,309,21.29,20.73,NA,NA,"VMA","ZWF",""
"340","JOHN01","9/8/2021","20210908JOHN01",2021,9,"1/0/1900",25.06309,-80.90664,1.2,120,4.11,2.74,2.05,33.84,33.48,NA,31.33,58.4,3.51,57,37.74,7.95,31.3,59.1,3.57,57,37.74,7.94,"ZWF","ZWF","ZWF","","",2.395,33.66,577,"20210908JOHN01",25,"1/0/1900",0.043,0.043,NA,NA,0.022,0.021,1.969,1.976,39.29,42.38,0.458,0.482,NA,NA,483.8,486.6,42.05,42.98,NA,NA,"ZWF","ZWF",""
"341","JOHN02","1/16/2024","20240116JOHN02",2024,1,"1/0/1900",25.05637,-80.93096,1.3,130,1.38,0.33,0.28,28.29,28.56,NA,24.76,102.4,7.14,47.24,30.73,8.43,24.76,102.8,7.17,47.24,30.73,8.43,"ZWF","LAB","ZWF","","",0.305,28.425,870,"20240116JOHN02",5,"",0.027,NA,NA,NA,0.032,0.012,NA,NA,26.9,27.1,0.275,0.279,0.001,NA,424.7,421.7,1.348,1.36,NA,NA,"LAB","ZWF",""
"342","JOHN02","11/7/2023","20231107JOHN02",2023,11,"1/0/1900",25.05682,-80.93105,2,200,1.05,1.9,1.65,16.08,15.88,NA,23.91,110.4,7.4,59.64,39.96,8.43,23.9,111.6,7.52,59.65,39.97,8.44,"ZWF","LAB","ZWF","","",1.775,15.98,824,"20231107JOHN02",6,"",0.11,0.189,NA,NA,0.09,0.012,0.526,0.441,21.5,20.7,0.364,0.332,0.008,0.013,274.5,275.1,4.788,4.79,NA,NA,"LAB","ZWF",""
"343","JOHN02","3/13/2024","20240313JOHN02",2024,3,"1/0/1900",25.05685,-80.93063,1.2,120,0.99,0.23,0.17,26.07,26.18,NA,24.79,95.5,6.6,49.28,32.22,8.47,24.79,96.5,6.67,49.29,32.22,8.47,"ZWF","LAB","ZWF","","",0.2,26.125,910,"20240313JOHN02",3,"",0.022,0.034,NA,NA,0.013,0.014,0.309,0.36,26.4,25.2,0.945,0.77,NA,NA,433.8,427.7,6.484,6.539,NA,NA,"LAB","ZWF",""
"344","JOHN02","5/9/2024","20240509JOHN02",2024,5,"1/0/1900",25.05625,-80.93081,1.1,70,4.53,14.02,14.9,39.56,39.24,NA,28.17,93,6,52.11,34.21,8.59,28.16,93.3,6.03,52.12,34.22,8.6,"ZWF","LAB","ZWF","","",14.46,39.4,989,"20240509JOHN02",40,"",NA,NA,NA,NA,NA,NA,NA,NA,76.2,76.9,1.401,1.387,NA,NA,956.7,965.8,156.75,157.425,NA,NA,"ZWF","LAB","Filtered samples perished in broken freezer"
"345","JOHN02","7/10/2023","20230710JOHN02",2023,7,"1/0/1900",25.05647,-80.93056,1.4,140,0.83,0.5,0.45,16.84,16.93,NA,32.69,91.7,5.4,57.16,37.81,8.44,32.69,94.4,5.56,57.16,37.81,8.45,"ZWF","LAB","ZWF","","",0.475,16.885,742,"20230710JOHN02",6,"",NA,NA,NA,NA,0.003,NA,0.305,0.22,25.4,25.8,0.533,0.464,0.003,0.001,306.4,315.1,50.6,51.12,NA,NA,"LAB","ZWF",""
"346","JOHN02","8/31/2023","20230831JOHN02",2023,9,"1/0/1900",25.05665,-80.93052,1.4,140,1.07,0.82,1.09,19.52,19.6,NA,29.56,86,5.32,56.58,37.49,8.18,29.57,88.8,5.53,56.58,37.49,8.2,"ZWF","LAB","ZWF","","",0.955,19.56,785,"20230831JOHN02",6,"",0.027,0.034,NA,NA,0.023,0.022,0.866,0.775,26.5,26,0.403,0.393,NA,NA,803.6,671.4,9.464,9.481,NA,NA,"LAB","ZWF",""
"347","JOHN03","1/14/2021","20210114JOHN03",2021,1,"1/0/1900",25.04176,-80.91505,1.1,70,14.2,1.55,1.29,23.74,23.66,NA,20.57,95.5,7.22,45.41,29.46,7.98,20.58,95.5,7.25,44.44,27.11,7.54,"ZWF","ZWF","ZWF","","",1.42,23.7,471,"20210114JOHN03",26,"1/0/1900",0.094,0.085,NA,NA,0.023,0.023,1.142,1.11,29.29,30,0.669,0.706,NA,NA,330.83,332.33,4.66,4.7,NA,NA,"ZWF","ZWF",""
"348","JOHN03","1/16/2024","20240116JOHN03",2024,1,"1/0/1900",25.0398,-80.91517,1.3,130,0.34,0.34,0.32,29.69,29.81,NA,24.65,105,7.34,47.05,30.59,8.53,24.62,105.4,7.37,47.06,30.6,8.54,"ZWF","LAB","ZWF","","",0.33,29.75,872,"20240116JOHN03",7,"",NA,NA,NA,NA,0.004,0.01,NA,NA,27.6,27.4,0.29,0.281,NA,0.01,427.1,414.2,3.854,3.792,NA,NA,"LAB","ZWF",""
"349","JOHN03","1/20/2022","20220120JOHN03",2022,1,"1/0/1900",25.039,-80.91544,1.6,160,4.2,0.76,0.63,18.36,18.7,NA,19.96,107.5,8.03,51.32,33.78,8.16,19.96,108.8,8.11,51.33,33.79,8.17,"ZWF","ZWF","ZWF","","",0.695,18.53,616,"20220120JOHN03",24,"",0.052,0.039,NA,NA,0.022,0.023,0.455,0.507,24.76,23.1,0.427,0.459,NA,NA,387.9,316.1,6.19,6.1,NA,NA,"ZWF","ZWF",""
"350","JOHN03","1/23/2018","20180123JOHN03",2018,1,"1/0/1900",25.03981,-80.91528,1.31,131,2.71,0.78,0.79,62.94,55.26,NA,22.44,104.3,7.61,46.56,30.28,8.14,22.31,105.2,7.68,46.55,30.27,8.15,"ZWF","VMA","ZWF","","",0.785,59.1,135,"20180123JOHN03",26,"1/0/1900",0.43,0.1,NA,NA,0.01,0.01,0.94,1.08,20.65,19.46,0.64,0.65,NA,NA,360.17,357.92,2.34,2.44,NA,NA,"VMA","ZWF",""
"351","JOHN03","1/27/2020","20200127JOHN03",2020,1,"1/0/1900",25.04036,-80.91449,1.3,88,10.5,1.76,1.68,31.17,28.53,NA,19.75,96.1,7.16,52.37,34.56,8.09,19.77,96.2,7.17,52.38,34.57,8.09,"ZWF","TAP","LMH","25 subtracted from CDOM, JLS did QA/QC","",1.72,29.85,302,"20200127JOHN03",26,"1/0/1900",0.01,0.02,NA,NA,0.02,0.02,0.85,0.84,23.57,24.05,0.48,0.45,NA,NA,338.417,329,24.02,23.75,NA,NA,"LMH","JLS",""
"352","JOHN03","11/10/2021","20211110JOHN03",2021,11,"1/0/1900",25.04003,-80.91631,1.8,140,4.29,5.65,5.65,20.81,20.87,NA,22.68,111.7,7.91,52.34,34.51,8.25,22.65,112.9,7.99,52.34,34.51,8.26,"ZWF","ZWF","ZWF","","",5.65,20.84,602,"20211110JOHN03",24,"",NA,NA,NA,NA,0.009,0.006,0.336,0.327,21.19,20.238,0.559,0.554,0.019,0,308.4,290.6,5.12,5.21,NA,NA,"ZWF","ZWF",""
"353","JOHN03","11/13/2017","20171113JOHN03",2017,11,"1/0/1900",25.03972,-80.91504,1.92,100,8.01,9.71,9.71,76.33,71.13,NA,25.66,87.3,6.09,43.47,27.98,8.01,25.65,86.9,6.06,43.29,27.99,8.01,"AJP","VMA","AJP","","",9.71,73.73,77,"20171113JOHN03",12,"1/0/1900",0.28,0.3,NA,NA,0.08,0.08,2.98,3,34.22,35.01,0.9,0.91,0.05,0.05,443.83,451.5,5.35,4.9,NA,NA,"VMA","ZWF",""
"354","JOHN03","11/19/2024","20241119JOHN03",2024,11,"1/0/1900",25.03968,-80.9151,1.7,78,4.24,14.58,15.42,33.78,33.38,NA,23.93,86.9,6.23,43.62,28.12,8.23,23.92,86.7,6.22,43.6,28.12,8.23,"ZWF","ZWF","ZWF","","",15,33.58,1029,"20241119JOHN03",9,"",NA,0.003,NA,NA,0.012,0.011,0.056,0.211,70,69.8,1.24,1.18,0.011,0.032,793.9,803,93.18,94.58,NA,NA,"ZWF","ZWF",""
"355","JOHN03","11/21/2017","20171121JOHN03",2017,11,"1/0/1900",25.03972,-80.91504,1.28,160,5.45,7.32,9.12,86.11,60.49,NA,24.28,99.5,7.13,42.48,27.31,8.15,24.3,99.9,7.13,42.49,27.31,8.17,"ZWF","VMA","ZWF","","",8.22,73.3,106,"20171121JOHN03",26,"1/0/1900",0.12,0.27,NA,NA,0.17,0.17,2.64,2.72,32.68,30.4,0.74,0.76,0.05,0.05,365.75,366.08,2.83,2.53,NA,NA,"VMA","ZWF",""
"356","JOHN03","11/29/2020","20201129JOHN03",2020,11,"1/0/1900",25.04051,-80.91552,1.4,55,15.2,12.82,10.91,32.94,32.84,NA,26.782,141.7,9.78,43.446,27.95,8.28,26.558,142.5,9.78,43.388,27.91,8.28,"ZWF","LMH","ZWF","","",11.865,32.89,445,"20201129JOHN03",26,"1/0/1900",0.188,0.21,NA,NA,0.081,0.082,0.22,0.266,36.279,35.902,0.887,0.863,0.007,NA,442.7,435.7,2.12,2.178,NA,NA,"ZWF","ZWF",""
"357","JOHN03","11/7/2023","20231107JOHN03",2023,11,"1/0/1900",25.04025,-80.91439,2,200,0.62,1.15,1.29,20.27,20.24,NA,23.96,106.2,7.1,60.3,40.46,8.45,23.94,107.3,7.17,60.3,40.46,8.45,"ZWF","LAB","ZWF","","",1.22,20.255,831,"20231107JOHN03",4,"",0.088,0.089,NA,NA,0.026,0.026,0.162,0.274,21.5,21.7,0.32,0.313,0.017,0.01,311.4,313,10.875,10.794,NA,NA,"LAB","ZWF",""
"358","JOHN03","2/19/2019","20190219JOHN03",2019,2,"1/0/1900",25.04019,-80.91513,1.1,40,22.7,5.26,3.86,28.16,26.72,NA,26.52,98.3,6.54,50.91,33.4,7.92,26.53,98.1,6.54,50.91,33.37,7.92,"ZWF","ZWF","ZWF","","",4.56,27.44,199,"20190219JOHN03",26,"1/0/1900",0.37,NA,NA,NA,0.15,NA,5.17,NA,49.34,NA,1.07,NA,0.05,NA,383.67,NA,NA,NA,NA,NA,"ZWF","ZWF",""
"359","JOHN03","3/13/2024","20240313JOHN03",2024,3,"1/0/1900",25.0397,-80.91524,1.5,150,0.45,0.16,0.15,26.55,26.64,NA,24.63,113.5,7.87,49.05,32.05,8.51,24.62,115.4,8,49.05,32.05,8.51,"ZWF","LAB","ZWF","","",0.155,26.595,908,"20240313JOHN03",1,"",0.008,0.008,NA,NA,0.012,0.016,0.217,0.237,27.1,27.1,0.912,0.82,NA,NA,445.1,445,7.285,7.25,NA,NA,"LAB","ZWF",""
"360","JOHN03","3/16/2021","20210316JOHN03",2021,3,"1/0/1900",25.04014,-80.91583,1.1,150,5.07,0.62,0.58,28.97,28.41,NA,24.88,112.7,7.73,50.87,33.39,8.26,24.88,117.8,8.06,50.86,33.38,8.28,"ZWF","CJK","ZWF","","",0.6,28.69,497,"20210316JOHN03",26,"1/0/1900",0.156,0.133,NA,NA,0.067,0.066,0.37,0.364,38.81,40.48,0.429,0.448,0.004,-0.008,372.5,378.4,11.604,11.952,NA,NA,"ZWF","ZWF",""
"361","JOHN03","3/17/2020","20200317JOHN03",2020,3,"1/0/1900",25.03927,-80.91576,1.6,130,7.97,0.59,0.6,29.85,29.42,NA,25.085,95.2,6.32,57.38,38.22,8.25,25.065,99.1,6.57,57.359,38.21,8.25,"JLS","LMH","TAP","sample to FWC for ID","",0.595,29.635,340,"20200317JOHN03",26,"1/0/1900",0.13,0.13,NA,NA,0.02,0.02,0.22,0.21,34.29,33.57,0.65,0.66,NA,0,426.5,415.5,4.29,4.28,NA,NA,"JLS","ZWF",""
"362","JOHN03","3/28/2022","20220328JOHN03",2022,3,"1/0/1900",25.03982,-80.91467,1.5,150,3.5,0.53,0.52,28.09,27.96,NA,22.16,106.9,7.55,54.74,36.3,8.4,22.19,108.6,7.67,54.75,36.3,8.41,"ZWF","ZWF","ZWF","","",0.525,28.025,654,"20220328JOHN03",23,"",0.051,0.038,NA,NA,0.03,0.032,0.366,0.303,28.33,29.52,0.416,0.436,NA,NA,421.6,399.6,66.04,67.1,NA,NA,"ZWF","ZWF",""
"363","JOHN03","5/11/2021","20210511JOHN03",2021,5,"1/0/1900",25.04038,-80.91438,1.5,150,2.91,0.69,0.58,28.7,29.48,NA,30.06,118.5,7.31,56.26,37.24,8.39,30.03,122.7,7.55,56.3,37.26,8.4,"ZWF","ZWF","ZWF","","",0.635,29.09,523,"20210511JOHN03",26,"1/0/1900",0.028,0.027,NA,NA,0.038,0.035,0.232,0.342,40.48,35.95,0.538,0.529,0.02,0.012,446.95,466.95,29.53,28.87,NA,NA,"ZWF","ZWF",""
"364","JOHN03","5/27/2022","20220527JOHN03",2022,5,"1/0/1900",25.04015,-80.91464,1.7,50,8.72,14.15,14.94,37.44,38.09,NA,28.07,83.6,5.14,63.83,43.04,8.42,28.08,83.6,5.14,63.83,43.05,8.42,"ZWF","ZWF","ZWF","","",14.545,37.765,682,"20220527JOHN03",24,"",0.008,0.011,NA,NA,0.021,0.023,0.152,0.222,40,42.86,1.007,1.107,NA,NA,1270,1180,134.36,127.38,NA,NA,"ZWF","ZWF",""
"365","JOHN03","5/4/2020","20200504JOHN03",2020,5,"1/0/1900",25.03962,-80.91504,1.6,160,5.75,0.62,0.9,19.33,19.48,NA,26.82,111.7,7.21,57.14,38,8.2,26.83,118.5,7.79,53.95,35.6,8.13,"ZWF","ZWF","TAP","","",0.76,19.405,366,"20200504JOHN03",26,"1/0/1900",0.1,0.1,NA,NA,0.05,0.05,0.39,0.63,28.1,28.57,0.5,0.49,0,0,292.417,291.417,14.84,14.71,NA,NA,"LMH","TAP",""
"366","JOHN03","5/8/2018","20180508JOHN03",2018,5,"1/0/1900",25.04007,-80.91586,1.2,140,5.06,0.89,0.64,12.66,14.85,1.509,28.673,116.2,7.25,58.09,38.65,8.22,28.654,131.3,8.14,58.067,38.64,8.26,"ZWF","ZWF","ZWF","","",0.765,13.755,191,"20180508JOHN03",26,"1/0/1900",0.34,0.32,NA,NA,0.14,0.15,1.06,1.05,29.15,28.94,0.68,0.69,0.03,0.03,401.17,402.33,6.23,6.29,NA,NA,"TAP","ZWF",""
"367","JOHN03","5/9/2024","20240509JOHN03",2024,5,"1/0/1900",25.03975,-80.9151,1.3,130,0.56,0.42,0.37,31.69,31.37,NA,28.34,86.8,5.62,50.6,33.1,8.7,28.34,86.8,5.63,50.61,33.1,8.71,"ZWF","LAB","ZWF","","",0.395,31.53,980,"20240509JOHN03",30,"",NA,NA,NA,NA,NA,NA,NA,NA,53.6,52.9,0.35,0.354,NA,NA,769.3,751.3,75.16,75.15,NA,NA,"ZWF","LAB","Filtered samples perished in broken freezer"
"368","JOHN03","6/3/2019","20190603JOHN03",2019,6,"1/0/1900",25.04032,-80.91494,1.31,85,11.9,2.44,3.05,27.62,27.31,NA,31.2,81.4,4.86,59.11,39.33,8.04,31.2,82.1,4.93,59.15,39.36,8.06,"ZWF","ZWF","ZWF","","",2.745,27.465,231,"20190603JOHN03",26,"1/0/1900",0.2,0.21,NA,NA,0.1,0.1,4.31,4.23,39.05,38.81,0.71,0.77,0.03,0.02,417.167,415.917,NA,NA,NA,NA,"ZWF","ZWF",""
"369","JOHN03","7/10/2023","20230710JOHN03",2023,7,"1/0/1900",25.03961,-80.91504,1.7,170,0.64,0.65,0.45,17.77,17.58,NA,32.85,108.9,6.4,57.08,37.74,8.45,32.85,111.2,6.54,57.08,37.74,8.45,"ZWF","LAB","ZWF","","",0.55,17.675,744,"20230710JOHN03",8,"",0.108,0.071,NA,NA,0.039,0.042,0.463,0.436,63,43.5,0.45,0.467,0.028,0.008,330.8,337,50.55,50.54,NA,NA,"LAB","ZWF",""
"370","JOHN03","7/11/2022","20220711JOHN03",2022,7,"1/0/1900",25.0399,-80.91462,1.8,180,1.92,1.32,1.24,33.12,32.89,NA,31.04,84.2,5.05,58.81,39.12,8.28,31.05,86,5.16,58.87,39.16,8.29,"ZWF","ZWF","ZWF","","",1.28,33.005,708,"20220711JOHN03",24,"",0.007,0.057,NA,NA,0.016,0.025,0.629,1.156,16.67,19.6,0.392,0.384,NA,NA,512.75,517.583,19.906,19.862,NA,NA,"ZWF","ZWF",""
"371","JOHN03","7/13/2020","20200713JOHN03",2020,7,"1/0/1900",25.0396,-80.91537,1.5,70,15.3,10.81,10.47,16.9,17.36,NA,28.89,68.2,4.32,53.94,35.54,7.74,28.78,75,4.76,53.98,35.58,7.78,"ZWF","JLS","LMH","","",10.64,17.13,393,"20200713JOHN03",26,"1/0/1900",0.03,0.032,NA,NA,0.022,0.023,0.651,0.628,35.952,36.19,0.639,0.625,NA,NA,249.3,254.5,9.39,9.39,NA,NA,"ZWF","LMH",""
"372","JOHN03","7/20/2021","20210720JOHN03",2021,7,"1/0/1900",25.04047,-80.91421,1.9,NA,3.51,1.16,1.55,42.28,42.13,NA,30.21,72,4.39,58.16,38.65,8.15,30.18,76.8,4.68,58.16,38.65,8.17,"ZWF","ZWF","ZWF","","",1.355,42.205,550,"20210720JOHN03",26,"1/0/1900",0.116,0.117,NA,NA,0.045,0.041,0.968,0.888,51.43,52.38,0.532,0.534,0,0.004,855.83,1312.5,16.01,16.18,NA,NA,"ZWF","ZWF","TOC VALUES DIFFERENT"
"373","JOHN03","7/8/2018","20180708JOHN03",2018,7,"1/0/1900",25.03979,-80.91522,1.4,140,2.68,1.01,0.94,17.35,15.56,0.2987,30.66,87.9,5.42,53.86,35.43,8.14,30.66,88.8,5.49,53.87,35.43,8.15,"ZWF","ZWF","ZWF","","",0.975,16.455,161,"20180708JOHN03",267,"1/0/1900",0.22,0.28,NA,NA,0.07,0.07,0.89,0.9,29.81,30.4,0.44,0.43,NA,NA,339.5,345.92,12.43,12.63,0.66,0.55,"TAP","ZWF",""
"374","JOHN03","8/17/2017","20170817JOHN03",2017,8,"1/0/1900",25.039719,-80.915036,1.77,177,1.68,1,0.74,61.12,61.23,0.351,32.66,71.9,4.18,60.34,40.2,8.02,32.67,75.6,4.41,60.34,40.2,8.09,"ZWF","VMA","AJP","","",0.87,61.175,35,"20170817JOHN03",24,"1/0/1900",0.84,0.93,NA,NA,0.25,0.27,2.14,2.17,31.87,31.51,0.37,0.36,NA,NA,323.92,323.25,34.31,34.23,NA,NA,"VMA","ZWF",""
"375","JOHN03","8/20/2019","20190820JOHN03",2019,8,"1/0/1900",25.04035,-80.91467,1.5,60,NA,6.72,6.37,17.31,17.59,NA,30.19,89.4,5.48,56.66,37.53,NA,30.18,89,5.46,56.67,37.54,NA,"ZWF","ZWF","LMH","","",6.545,17.45,259,"20190820JOHN03",26,"1/0/1900",0.09,0.09,NA,NA,0.09,0.09,2.57,2.56,25.71,25.71,0.81,0.9,NA,NA,257.667,258.917,28.63,28.9,NA,NA,"LMH","",""
"376","JOHN03","8/31/2023","20230831JOHN03",2023,9,"1/0/1900",25.03959,-80.91494,1.7,170,1.71,0.97,0.91,28.16,28.14,NA,29.62,89.3,5.57,54.57,35.99,8.14,29.58,99.3,6.19,54.59,36.01,8.2,"ZWF","LAB","ZWF","","",0.94,28.15,787,"20230831JOHN03",8,"",0.036,0.033,NA,NA,0.019,0.018,0.817,0.811,35.1,33.1,0.476,0.441,NA,0.025,895.8,927.5,19.835,20.109,NA,NA,"LAB","ZWF",""
"377","JOHN03","9/11/2024","20240911JOHN03",2024,9,"1/0/1900",25.03972,-80.91525,1.9,190,0.88,1.96,2.05,41.1,41.43,NA,31.87,61.6,3.67,57.29,37.94,8.19,31.86,61.5,3.66,57.32,37.96,8.19,"ZWF","ZWF","ZWF","","",2.005,41.265,996,"20240911JOHN03",28,"",0.049,0.047,NA,NA,0.057,0.062,1.259,1.205,57.6,55.7,0.332,0.33,NA,NA,638.9,645.3,44.793,45.432,NA,NA,"ZWF","ZWF",""
"378","JOHN03","9/12/2022","20220912JOHN03",2022,9,"1/0/1900",25.03956,-80.91513,1.8,180,3.99,6.64,5.73,24.03,24.19,NA,31.26,108.8,6.47,60.03,40.03,8.42,31.26,109.9,6.53,60.06,40.05,8.47,"ZWF","ZWF","ZWF","","",6.185,24.11,734,"20220912JOHN03",24,"",NA,NA,NA,NA,0.045,0.043,0.295,0.303,22.535,22.449,0.501,0.478,0.007,0.011,464.583,459.833,25.6,25.94,NA,NA,"ZWF","ZWF",""
"379","JOHN03","9/14/2020","20200914JOHN03",2020,9,"1/0/1900",25.04038,-80.91464,1.8,50,16.8,16.16,14.15,38.2,37.01,NA,28,81.1,5.16,56.42,37.42,7.87,27.93,80.8,5.14,56.4,37.41,7.87,"ZWF","LMH","JLS","","",15.155,37.605,419,"20200914JOHN03",26,"1/0/1900",0.048,0.063,NA,NA,0.053,0.049,2.677,2.61,78.81,80.238,1.242,1.329,0.017,0.012,584.42,595.58,151.9,152.52,NA,NA,"LMH","ZWF",""
"380","JOHN03","9/24/2019","20190924JOHN03",2019,9,"1/0/1900",25.04004,-80.91444,2,60,14.7,1.69,1.82,30.58,31.06,NA,26.47,78.5,5.13,55.67,36.91,8.02,26.48,78.5,5.13,55.71,36.94,8.02,"ZWF","LMH","TAP","","",1.755,30.82,274,"20190924JOHN03",26,"1/0/1900",0.31,0.34,NA,NA,0.09,0.11,3.8,4.21,49.05,48.1,0.58,0.59,0,0,412.583,414.833,25.76,24.88,NA,NA,"LMH","LMH",""
"381","JOHN03","9/26/2017","20170926JOHN03",2017,9,"1/0/1900",25.039719,-80.915036,1.58,158,2.51,1.7,1.54,49.33,62.9,NA,31.058,85,5.25,51.95,33.99,7.83,31.079,90.3,5.57,51.957,34,7.85,"ZWF","VMA","ZWF","","",1.62,56.115,64,"20170926JOHN03",24,"1/0/1900",0.62,0.64,NA,NA,NA,NA,20.35,22.83,40.47,40.03,0.56,0.56,NA,NA,296.92,296.92,18.07,18.78,NA,NA,"VMA","ZWF",""
"382","JOHN03","9/8/2021","20210908JOHN03",2021,9,"1/0/1900",25.04067,-80.91419,1.7,170,3.51,1.66,1.54,29.89,30.32,NA,31.87,86.3,5.16,57.24,37.9,8.12,31.85,90.7,5.44,57.22,37.89,8.15,"ZWF","ZWF","ZWF","","",1.6,30.105,576,"20210908JOHN03",24,"1/0/1900",0.064,0.06,NA,NA,0.039,0.043,1.948,1.93,39.52,38.57,0.468,0.473,NA,NA,459,459.6,33.27,32.55,NA,NA,"ZWF","ZWF",""
"383","LIG02","1/14/2021","20210114LIG02",2021,1,"1/0/1900",24.96499,-80.69421,2.2,220,1.98,0.34,0.43,19.16,19.19,NA,20.2,96.3,7.37,43.95,28.41,8.07,20.21,96.3,7.37,43.96,28.42,8.07,"ZWF","ZWF","ZWF","","",0.385,19.175,465,"20210114LIG02",20,"1/0/1900",0.197,0.283,NA,NA,0.095,0.139,1.779,1.937,38.33,39.29,0.418,0.378,NA,0.05,459.25,444.25,0.77,0.71,NA,NA,"ZWF","ZWF",""
"384","LIG02","1/17/2024","20240117LIG02",2024,1,"1/0/1900",24.966,-80.69354,2.7,270,1.65,0.35,0.32,12.02,12.4,NA,24,96.8,6.96,42.82,27.56,8.23,24,96.8,6.96,42.84,27.57,8.23,"ZWF","LAB","ZWF","","",0.335,12.21,873,"20240117LIG02",8,"",0.949,0.953,NA,NA,0.225,0.218,5.015,5.197,31.9,31.2,0.211,0.196,NA,0.005,320.3,305.7,1.616,1.607,NA,NA,"LAB","ZWF",""
"385","LIG02","1/20/2022","20220120LIG02",2022,1,"1/0/1900",24.96496,-80.69399,2.7,NA,4.14,3.05,2.84,21.8,22.09,NA,20.47,98.9,7.36,49.93,32.76,8.21,20.43,99.1,7.35,50.6,33.24,8.2,"ZWF","ZWF","ZWF","","",2.945,21.945,610,"20220120LIG02",18,"",0.063,0.069,NA,NA,0.021,0.029,0.7,0.982,54.76,53.33,0.368,0.374,NA,NA,698.8,698.6,6.7,6.63,NA,NA,"ZWF","ZWF",""
"386","LIG02","1/23/2018","20180123LIG02",2018,1,"1/0/1900",24.96428,-80.69465,2.28,170,4.43,1.54,1.61,60.32,59.73,NA,19.96,103.3,7.91,45.06,29.22,8.14,19.18,103.8,8.06,44.8,29.02,8.16,"ZWF","VMA","ZWF","","",1.575,60.025,129,"20180123LIG02",20,"1/0/1900",0.38,0.39,NA,NA,0.12,0.12,2.36,2.38,39.3,38.13,0.57,0.52,0.04,0.04,585.83,580.58,1.98,1.94,NA,NA,"VMA","ZWF",""
"387","LIG02","1/27/2020","20200127LIG02",2020,1,"1/0/1900",24.96415,-80.69437,2.5,250,1.69,0.32,0.28,19.11,15.37,NA,18.83,101.1,7.47,58.19,38.9,8.05,18.81,102.7,7.59,58.2,38.91,8.07,"ZWF","TAP","LMH","25 subtracted from CDOM, JLS did QA/QC","",0.3,17.24,296,"20200127LIG02",20,"1/0/1900",0.32,0.34,NA,NA,0.16,0.16,2.69,2.68,30.71,31.19,0.24,0.24,NA,NA,364.083,368.75,2.29,2.23,NA,NA,"LMH","JLS",""
"388","LIG02","11/10/2021","20211110LIG02",2021,11,"1/0/1900",24.96347,-80.69493,2.8,280,1.91,1.04,1.06,33.09,32.9,NA,22.75,96.3,6.67,56.86,37.88,8.05,22.68,95.9,6.65,56.86,37.89,8.05,"ZWF","ZWF","ZWF","","",1.05,32.995,596,"20211110LIG02",18,"",0.206,0.128,NA,NA,0.073,0.053,1.859,1.415,53.571,55,0.33,0.28,NA,NA,703.7,671.8,5.6,5.6,NA,NA,"ZWF","ZWF",""
"389","LIG02","11/13/2017","20171113LIG02",2017,11,"1/0/1900",24.96453,-80.69438,2.44,140,4.37,0.73,0.6,39.8,36.3,NA,25.73,94.2,6.35,51.16,33.57,8.05,25.78,94.3,6.35,51.51,33.77,8.05,"AJP","VMA","AJP","","",0.665,38.05,71,"20171113LIG02",6,"1/0/1900",0.54,0.51,NA,NA,0.14,0.13,3.44,3.51,28.05,28.92,0.31,0.3,0.01,0.01,295.5,289.33,2.55,2.55,NA,NA,"VMA","ZWF",""
"390","LIG02","11/21/2017","20171121LIG02",2017,11,"1/0/1900",24.96453,-80.69438,2.5,210,3.94,0.58,0.56,57.09,57.92,NA,23.71,93.4,6.62,47.49,30.93,8.06,23.72,87.9,6.17,49.61,32.49,8.02,"ZWF","VMA","ZWF","","",0.57,57.505,100,"20171121LIG02",20,"1/0/1900",0.04,0.05,NA,NA,0.1,0.1,4.47,4.45,37.27,34.97,0.33,0.33,NA,NA,409.67,407.75,1.57,1.64,NA,NA,"VMA","ZWF",""
"391","LIG02","11/26/2024","20241126LIG02",2024,11,"1/0/1900",24.96446,-80.69448,2.7,270,1.98,0.28,0.34,9.66,9.59,NA,21.29,98.4,7.16,51.53,33.93,8.09,21.27,99.7,7.26,51.53,33.93,8.09,"ZWF","ZWF","ZWF","","",0.31,9.625,1040,"20241126LIG02",20,"",0.466,0.479,NA,NA,0.203,0.202,1.598,1.666,18.6,19.3,0.527,0.494,0.006,NA,242.3,256,0.692,0.682,NA,NA,"ZWF","ZWF",""
"392","LIG02","11/29/2020","20201129LIG02",2020,11,"1/0/1900",24.96433,-80.69522,2.4,240,1.53,0.32,0.35,13.54,13.47,NA,25.297,100.1,6.95,46.25,30,8.08,25.468,99.1,6.72,50.812,33.32,8.04,"ZWF","LMH","ZWF","","",0.335,13.505,439,"20201129LIG02",20,"1/0/1900",0.86,0.855,NA,NA,0.199,0.198,6.799,6.814,34.048,33.571,0.303,0.322,NA,NA,255.1,254.7,8.234,8.412,NA,NA,"ZWF","ZWF",""
"393","LIG02","11/8/2023","20231108LIG02",2023,11,"1/0/1900",24.96237,-80.69503,2.6,260,0.93,0.32,0.29,8.12,8,NA,24.845,99.7,6.76,53.321,35.19,7.94,24.848,99.5,6.75,53.297,35.18,7.94,"LAB","LAB","ZWF","","",0.305,8.06,833,"20231108LIG02",27,"",0.556,0.574,NA,NA,0.154,0.143,1.78,1.722,53.1,55.5,0.189,0.191,0.039,0.024,184.7,170,0.289,0.487,NA,NA,"LAB","ZWF",""
"394","LIG02","3/16/2021","20210316LIG02",2021,3,"1/0/1900",24.96529,-80.69424,2.4,240,1.25,0.23,0.2,5.61,5.65,NA,24,99.6,6.8,55.15,36.58,8.23,23.98,99.8,6.82,55.08,36.52,8.22,"ZWF","CJK","ZWF","","",0.215,5.63,491,"20210316LIG02",20,"1/0/1900",0.076,0.078,NA,NA,0.03,0.025,0.205,0.205,21.43,20.71,0.174,0.181,-0.004,0,148.4,147.8,-0.08,-0.106,NA,NA,"ZWF","ZWF",""
"395","LIG02","3/17/2020","20200317LIG02",2020,3,"1/0/1900",24.96538,-80.69403,2.2,220,1.22,0.23,0.2,8.02,7.89,NA,24.728,94.8,6.28,59.462,39.81,8.14,24.727,94.3,6.25,59.443,39.79,8.14,"JLS","LMH","TAP","sample to FWC for ID","",0.215,7.955,334,"20200317LIG02",20,"1/0/1900",NA,NA,NA,NA,0.03,0.03,0.96,0.97,20.71,20,0.2,0.23,NA,NA,217.583,217.417,0.04,0.01,NA,NA,"JLS","ZWF",""
"396","LIG02","3/18/2022","20220318LIG02",2022,3,"1/0/1900",24.96505,-80.69495,2.6,260,1.06,0.29,0.28,7.74,7.7,NA,25.87,104.5,6.92,55.03,36.45,8.25,25.87,104.8,6.94,55.01,36.43,8.25,"ZWF","ZWF","ZWF","","",0.285,7.72,626,"20220318LIG02",9,"",0.218,0.195,NA,NA,0.084,0.083,1.286,0.968,16.43,16.67,0.2,0.192,NA,NA,195.5,185,0.991,0.92,NA,NA,"ZWF","ZWF",""
"397","LIG02","3/18/2024","20240318LIG02",2024,3,"1/0/1900",24.96435,-80.69468,2.6,NA,3.86,0.76,0.72,22.12,21.98,NA,26.94,93.5,6.3,46.53,30.16,8.26,26.94,93.8,6.32,46.55,30.18,8.26,"ZWF","LAB","ZWF","","",0.74,22.05,939,"20240318LIG02",32,"",0.22,0.225,NA,NA,0.071,0.069,1.619,2.109,41,41.2,0.915,0.858,0.006,0.006,534.3,541.3,2.372,2.334,NA,NA,"LAB","ZWF",""
"398","LIG02","5/11/2021","20210511LIG02",2021,5,"1/0/1900",24.96458,-80.69469,3.1,310,1.34,0.3,0.26,9.92,9.91,NA,29.17,97.4,6.06,57.21,37.97,8.31,29.17,103.1,6.4,57.21,37.98,8.32,"ZWF","ZWF","ZWF","","",0.28,9.915,517,"20210511LIG02",20,"1/0/1900",0.138,0.15,NA,NA,0.05,0.057,1.621,1.613,29.52,30.95,0.212,0.224,NA,NA,341.95,362.61,7.21,7.44,NA,NA,"ZWF","ZWF",""
"399","LIG02","5/17/2024","20240517LIG02",2024,5,"1/0/1900",24.96473,-80.69431,2.7,270,2.26,0.35,0.33,5.17,5.48,NA,30.06,93.4,5.73,57.23,37.96,8.14,30.08,94.6,5.81,57.26,37.98,8.15,"ZWF","LAB","ZWF","","",0.34,5.325,964,"20240517LIG02",14,"",NA,NA,NA,NA,NA,NA,NA,NA,15.7,15.2,0.188,0.19,NA,NA,144.9,150.1,2.985,3.035,NA,NA,"ZWF","ZWF","Filtered samples perished in broken freezer"
"400","LIG02","5/29/2022","20220529LIG02",2022,5,"1/0/1900",24.96463,-80.69498,2.8,280,1.18,0.47,0.47,7.85,7.9,NA,29.1,100.7,6.24,58.37,38.86,8.22,29.15,100.6,6.22,58.54,38.98,8.22,"ZWF","ZWF","ZWF","","",0.47,7.875,668,"20220529LIG02",10,"",0.213,0.221,NA,NA,0.049,0.053,2.264,3.113,11.21,10.68,0.245,0.286,0.001,0.005,184,194.3,3.03,3.02,NA,NA,"ZWF","ZWF",""
"401","LIG02","5/4/2020","20200504LIG02",2020,5,"1/0/1900",24.96455,-80.69433,2.4,240,2.58,0.55,0.51,18.35,17.66,NA,26.78,100,6.35,61.24,41.1,8.17,26.48,105.5,6.73,61.43,41.26,8.21,"ZWF","ZWF","TAP","","",0.53,18.005,360,"20200504LIG02",20,"1/0/1900",0.1,0.18,NA,NA,0.05,0.07,1.4,1.48,50,50.95,0.29,0.29,NA,0.01,571.917,570.75,5.27,5.15,NA,NA,"LMH","TAP",""
"402","LIG02","5/8/2018","20180508LIG02",2018,5,"1/0/1900",24.96329,-80.69449,2.1,210,1.77,0.24,0.2,0,0,0.3881,27.801,94.2,6.01,56.609,37.57,8.2,27.813,95.7,6.1,56.626,37.58,8.2,"ZWF","ZWF","ZWF","","",0.22,0,185,"20180508LIG02",20,"1/0/1900",0.19,0.19,NA,NA,0.08,0.08,2.04,2.05,27.29,25.25,0.23,0.22,0,0,388.67,385.92,1.96,2.04,NA,NA,"TAP","ZWF",""
"403","LIG02","6/3/2019","20190603LIG02",2019,6,"1/0/1900",24.96456,-80.69422,2.68,268,1.84,0.36,0.35,6.57,6.33,NA,30.38,95.4,5.82,57.45,38.12,8.17,30.38,95.5,5.82,57.47,38.13,8.18,"ZWF","ZWF","ZWF","","",0.355,6.45,225,"20190603LIG02",20,"1/0/1900",0.31,0.17,NA,NA,0.09,0.09,2.01,2.01,15,14.29,0.22,0.19,0.01,0.01,156.583,144.917,NA,NA,NA,NA,"ZWF","ZWF",""
"404","LIG02","7/12/2022","20220712LIG02",2022,7,"1/0/1900",24.96501,-80.69421,2.8,66,6.06,14.82,14.05,25.22,24.49,NA,31.64,86.8,5.19,57.52,38.11,8.16,31.67,89,5.31,57.51,38.11,8.16,"ZWF","ZWF","ZWF","","",14.435,24.855,694,"20220712LIG02",10,"",NA,0.067,NA,NA,0.029,0.023,0.29,0.111,38.398,44.534,0.883,0.806,0.043,0.023,1050.833,980.833,134.71,134.84,NA,NA,"ZWF","ZWF",""
"405","LIG02","7/13/2020","20200713LIG02",2020,7,"1/0/1900",24.96433,-80.69377,2.4,170,2.72,3.24,2.96,35.68,35.14,NA,30.79,97.4,5.79,62.7,41.58,8.1,30.8,97.4,5.79,62.11,41.63,8.13,"ZWF","JLS","LMH","","",3.1,35.41,387,"20200713LIG02",20,"1/0/1900",NA,NA,NA,NA,0.005,0.003,0.199,0.226,71.071,63.81,0.542,0.605,NA,NA,727.9,726.4,42.96,42.91,NA,NA,"ZWF","LMH",""
"406","LIG02","7/14/2023","20230714LIG02",2023,7,"1/0/1900",24.96446,-80.69436,2.9,290,1.95,1.16,1.08,25.62,25.53,NA,32.93,59.2,3.42,61.11,40.78,8.02,32.95,60,3.45,61.13,40.79,8.03,"ZWF","LAB","ZWF","","",1.12,25.575,770,"20230714LIG02",34,"",0.856,0.847,NA,NA,0.313,0.308,7.995,7.919,33.6,29,0.358,0.337,NA,NA,456.9,462.2,39.32,40.01,NA,NA,"LAB","ZWF",""
"407","LIG02","7/20/2021","20210720LIG02",2021,7,"1/0/1900",24.96544,-80.69436,2.8,280,1.3,0.34,0.36,6.64,6.81,NA,30.14,97,5.96,56.5,37.43,8.19,30.14,97.3,5.97,56.55,37.45,8.19,"ZWF","ZWF","ZWF","","",0.35,6.725,544,"20210720LIG02",20,"1/0/1900",0.425,0.423,NA,NA,0.063,0.068,1.439,1.423,14.29,14.05,0.199,0.21,NA,0.002,167.17,174.67,1.71,1.72,NA,NA,"ZWF","ZWF",""
"408","LIG02","7/8/2018","20180708LIG02",2018,7,"1/0/1900",24.96393,-80.69444,2.4,240,2.12,0.91,0.87,33.56,25.74,0.3921,30.68,89.3,5.52,52.87,34.69,8.25,30.69,89.3,5.52,52.86,34.68,8.26,"ZWF","ZWF","ZWF","","",0.89,29.65,155,"20180708LIG02",20,"1/0/1900",1.37,0.38,NA,NA,0.13,0.13,2.59,2.59,50.86,50.63,0.35,0.36,NA,NA,619.08,618.25,10.18,10.25,0.4,0.44,"TAP","ZWF",""
"409","LIG02","8/17/2017","20170817LIG02",2017,8,"1/0/1900",24.96453,-80.69438,2.28,228,1.31,0.78,0.75,46.07,56.04,0.453,32.74,91.4,5.26,62.31,41.7,8.19,32.79,92.1,5.3,62.4,41.75,8.19,"ZWF","VMA","AJP","","",0.765,51.055,29,"20170817LIG02",18,"1/0/1900",0.19,0.2,NA,NA,0.14,0.15,1.92,1.89,46.07,47.69,0.19,0.2,NA,NA,565.5,563.08,40.03,40.11,NA,NA,"VMA","ZWF",""
"410","LIG02","8/20/2019","20190820LIG02",2019,8,"1/0/1900",24.96524,-80.6941,2.4,NA,2.06,2.21,2.24,25.05,25.13,NA,30.68,95.6,5.65,64.03,43.1,NA,30.68,96.6,5.69,64.05,43.12,NA,"ZWF","ZWF","LMH","","",2.225,25.09,253,"20190820LIG02",20,"1/0/1900",NA,NA,NA,NA,0.02,0.02,0.39,0.37,69.29,68.57,0.4,0.41,NA,NA,770.25,776.167,18.54,18.55,NA,NA,"LMH","",""
"411","LIG02","9/13/2022","20220913LIG02",2022,9,"1/0/1900",24.9647,-80.96469,2.8,280,2.24,4.75,4.59,22.93,22.97,NA,32.05,89.1,5.21,61.55,41.15,8.13,32.06,88.8,5.18,61.57,41.17,8.14,"ZWF","ZWF","ZWF","","",4.67,22.95,720,"20220913LIG02",10,"",0.033,0.041,NA,NA,0.021,0.026,1.262,1.236,39.344,38.46,0.438,0.414,NA,NA,828.667,839.167,70.52,70.45,NA,NA,"ZWF","ZWF",""
"412","LIG02","9/14/2020","20200914LIG02",2020,9,"1/0/1900",24.96535,-80.69395,2.5,220,3.21,0.2,0.23,8.74,8.56,NA,27.58,92.6,6.06,50.81,33.27,8.12,27.63,90.5,5.91,51.17,33.53,8.12,"ZWF","LMH","JLS","","",0.215,8.65,413,"20200914LIG02",20,"1/0/1900",0.384,0.365,NA,NA,0.103,0.103,3.732,3.785,17.381,17.857,0.252,0.256,0.004,0.009,194.67,192.33,4.32,4.49,NA,NA,"LMH","ZWF",""
"413","LIG02","9/16/2024","20240916LIG02",2024,9,"1/0/1900",24.96489,-80.69392,3,300,2.69,0.6,0.52,11.07,11,NA,31.58,82,4.96,54.94,36.19,7.96,31.57,82,4.96,54.95,36.19,7.96,"ZWF","ZWF","ZWF","","",0.56,11.035,1014,"20240916LIG02",1,"",0.799,0.842,NA,NA,0.415,0.416,5.116,5.062,25.5,24.8,0.146,0.131,NA,NA,237.2,238.6,10.02,9.901,NA,NA,"ZWF","ZWF",""
"414","LIG02","9/24/2019","20190924LIG02",2019,9,"1/0/1900",24.96464,-80.69408,2.7,270,1.18,0.33,0.31,6.36,6.64,NA,26.59,93.3,6.11,54.58,36.09,8.02,26.66,93.3,6.11,54.59,36.09,8.03,"ZWF","LMH","TAP","","",0.32,6.5,268,"20190924LIG02",20,"1/0/1900",0.34,0.33,NA,NA,0.14,0.14,1.8,1.75,12.14,12.38,0.21,0.21,NA,0,126.417,122.167,0.36,0.38,NA,NA,"LMH","LMH",""
"415","LIG02","9/26/2017","20170926LIG02",2017,9,"1/0/1900",24.96453,-80.69438,2.59,338,2.34,1.09,0.87,70.02,56.75,0.3676,30.78,82,5.05,53.41,35.08,7.93,30.78,81.8,5.04,53.42,35.09,7.94,"ZWF","VMA","ZWF","","P9260046.JPG",0.98,63.385,58,"20170926LIG02",18,"1/0/1900",0.28,0.43,NA,NA,NA,NA,5.97,5.99,43.16,43.19,0.26,0.28,NA,NA,499.17,498.83,16.47,15.09,NA,NA,"VMA","ZWF",""
"416","LIG02","9/4/2023","20230904LIG02",2023,9,"1/0/1900",24.96469,-80.69438,2.7,270,2.09,0.8,0.81,14.3,14.16,NA,28.96,88.7,5.6,54.48,35.94,8.3,28.97,88.6,5.59,54.49,35.95,8.3,"ZWF","LAB","ZWF","","",0.805,14.23,813,"20230904LIG02",34,"",0.053,0.049,NA,NA,0.067,0.069,2.284,2.275,34.9,28.2,0.3,0.279,0.008,0.028,413,533.9,6.466,6.582,NA,NA,"LAB","ZWF",""
"417","LIG02","9/8/2021","20210908LIG02",2021,9,"1/0/1900",24.96443,-80.6944,2.9,290,1.15,2,1.84,15.74,15.84,NA,31.7,90.1,5.39,57.34,37.98,8.15,31.71,93.5,5.58,57.41,38.03,8.17,"ZWF","ZWF","ZWF","","",1.92,15.79,570,"20210908LIG02",18,"1/0/1900",0.245,0.197,NA,NA,0.077,0.078,3.26,3.258,36.43,37.14,0.248,0.259,NA,NA,386.1,392.8,14.1,14.44,NA,NA,"ZWF","ZWF",""
"418","LIG03","2/19/2019","20190219LIG03",2019,2,"1/0/1900",24.96685,-80.72683,2.1,230,3.54,0.69,0.48,24.26,24.2,NA,25.97,99.3,6.6,53.47,35.28,8.1,25.96,99.2,6.68,53.48,35.29,8.1,"ZWF","ZWF","ZWF","","",0.585,24.23,198,"20190219LIG03",30,"1/0/1900",0.21,NA,NA,NA,0.1,NA,2.31,NA,42.71,NA,0.31,NA,0.03,NA,466.83,NA,NA,NA,NA,NA,"ZWF","ZWF",""
"419","LMAD01","1/14/2021","20210114LMAD01",2021,1,"1/0/1900",25.18519,-80.63516,0.8,80,4.81,0.79,0.7,40.42,40.46,NA,20.62,92.4,7.93,15.21,9.34,8.21,NA,NA,NA,NA,NA,NA,"ZWF","ZWF","ZWF","","",0.745,40.44,461,"20210114LMAD01",16,"1/0/1900",0.989,1.024,0.658,0.699,0.331,0.325,2.032,2.052,45.24,45.71,0.348,0.334,NA,NA,591.83,594.17,12.77,12.64,NA,NA,"ZWF","ZWF",""
"420","LMAD01","1/20/2022","20220120LMAD01",2022,1,"1/0/1900",25.18492,-80.63431,1.4,90,6.43,0.5,0.51,34.44,34.17,NA,21.72,99.9,8,26.26,16.09,8.21,22.13,117.2,8.98,36.89,23.38,8.31,"ZWF","ZWF","ZWF","","",0.505,34.305,606,"20220120LMAD01",14,"",0.549,0.562,NA,NA,0.149,0.15,3.131,3.267,48.1,50.95,0.364,0.391,NA,NA,708.8,684.5,13.79,13.85,NA,NA,"ZWF","ZWF",""
"421","LMAD01","1/20/2024","20240120LMAD01",2024,1,"1/0/1900",25.18437,-80.63444,1.2,NA,13.1,1.51,1.28,52.07,52.21,NA,23.57,88.5,7.22,11.58,6.6,8.14,23.61,87.9,7.17,11.52,6.56,8.13,"ZWF","LAB","ZWF","","",1.395,52.14,906,"20240120LMAD01",42,"",2.728,2.722,1.789,1.78,0.939,0.942,5.945,6.02,47.4,47.9,0.381,0.378,0.003,0.013,544.3,547.5,31.16,31.176,NA,NA,"LAB","ZWF",""
"422","LMAD01","1/23/2018","20180123LMAD01",2018,1,"1/0/1900",25.18422,-80.63436,1.1,110,10.6,0.27,0.23,70.55,72.7,NA,21.25,94.4,7.74,21.6,12.96,8.22,21.38,87.4,6.93,30.07,18.67,8.17,"ZWF","VMA","ZWF","","",0.25,71.625,125,"20180123LMAD01",16,"1/0/1900",1.37,1.38,0.75,0.8,0.62,0.58,9.56,9.52,54.08,53.98,0.33,0.34,0.03,0.04,778.92,737.5,23.29,24.37,NA,NA,"VMA","ZWF",""
"423","LMAD01","1/27/2020","20200127LMAD01",2020,1,"1/0/1900",25.18444,-80.63435,1.1,110,2.22,0.21,0.21,42.66,37.09,NA,19.02,97,7.42,49.25,32.26,8.01,NA,NA,NA,NA,NA,NA,"ZWF","TAP","LMH","25 subtracted from CDOM, JLS did QA/QC","",0.21,39.875,292,"20200127LMAD01",16,"1/0/1900",0.7,0.61,NA,NA,0.27,0.25,4.54,4.25,57.86,57.14,0.32,0.28,NA,NA,823.5,803.25,9.02,8.53,NA,NA,"LMH","JLS",""
"424","LMAD01","11/10/2021","20211110LMAD01",2021,11,"1/0/1900",25.1846,-80.63453,1.6,144,6.43,0.47,0.48,58.92,59.03,NA,22.09,94.1,7.41,28.95,17.9,8.11,22.62,105,7.78,41.38,26.55,8.22,"ZWF","ZWF","ZWF","","",0.475,58.975,592,"20211110LMAD01",14,"",0.24,0.23,NA,NA,0.072,0.061,2.928,2.942,52.857,55.238,0.252,0.245,NA,NA,870.8,869.2,21.2,21.4,NA,NA,"ZWF","ZWF",""
"425","LMAD01","11/13/2017","20171113LMAD01",2017,11,"1/0/1900",25.18429,-80.63436,0.975,80,13,2.51,3.14,116.87,112,NA,25.22,81.7,6.45,12.6,7.23,8.02,25.22,82,6.32,20.88,12.51,8.16,"AJP","VMA","AJP","","",2.825,114.435,67,"20171113LMAD01",2,"1/0/1900",1.23,1.3,0.85,0.61,0.38,0.69,3.97,3.79,50.32,49.56,0.45,0.47,0.5,0.49,817.17,813.83,63.32,66.54,NA,NA,"VMA","ZWF",""
"426","LMAD01","11/21/2017","20171121LMAD01",2017,11,"1/0/1900",25.18429,-80.63436,1.06,85,8.91,2.69,2.35,122.98,110.1,NA,23.59,82.1,6.55,17.81,10.49,8.09,24.27,80.3,6.1,28.04,17.26,8.1,"ZWF","VMA","ZWF","","",2.52,116.54,96,"20171121LMAD01",16,"1/0/1900",0.77,0.78,NA,NA,0.48,0.44,2.52,2.47,49.1,47.65,0.51,0.51,0.57,0.56,794.92,799.5,50.84,50.35,NA,NA,"VMA","ZWF",""
"427","LMAD01","11/27/2024","20241127LMAD01",2024,11,"1/0/1900",25.18486,-80.63418,1.3,NA,12.2,1.19,1.06,49.67,49.75,NA,23.24,96.1,7.78,15.79,9.23,8.15,23.32,91.4,6.95,31.02,19.29,8.16,"ZWF","ZWF","ZWF","","",1.125,49.71,1047,"20241127LMAD01",27,"",2.316,2.337,1.842,1.863,0.474,0.474,6.533,6.577,50,48.8,0.415,0.446,0.011,0.003,725.2,701.4,45.2,45.87,NA,NA,"ZWF","ZWF",""
"428","LMAD01","11/29/2020","20201129LMAD01",2020,11,"1/0/1900",25.1852,-80.63322,0.9,90,9.57,3.1,2.57,74.43,72.7,NA,25.097,85.8,6.97,6.242,3.39,8.08,NA,NA,NA,NA,NA,NA,"ZWF","LMH","ZWF","","",2.835,73.565,435,"20201129LMAD01",16,"1/0/1900",1.478,1.39,0.593,0.558,0.885,0.832,12.81,12.858,42.506,42.801,0.569,0.656,NA,NA,609,630.6,72.025,71.48,NA,NA,"ZWF","ZWF",""
"429","LMAD01","11/7/2023","20231107LMAD01",2023,11,"1/0/1900",25.18412,-80.63451,1.2,120,8.51,0.89,0.85,38.13,42.38,NA,24.951,99.9,7.22,36.488,23.06,7.99,24.444,107.2,7.79,38.06,24.17,8.01,"LAB","LAB","ZWF","","",0.87,40.255,829,"20231107LMAD01",10,"",0.733,4.897,NA,4.897,0.161,0.187,7.379,8.94,62.2,62.4,0.415,0.405,NA,NA,921.7,925.8,35.343,35.217,NA,NA,"LAB","ZWF",""
"430","LMAD01","2/19/2019","20190219LMAD01",2019,2,"1/0/1900",25.1846,-80.63456,1.1,110,7.33,0.56,0.43,28.48,22.46,NA,26.37,102,7.23,36.06,22.73,8.16,26.54,98.2,6.93,36.45,22.98,8.14,"ZWF","ZWF","ZWF","","",0.495,25.47,195,"20190219LMAD01",16,"1/0/1900",0.43,0.42,NA,NA,0.15,0.16,2.99,2.92,63.22,63.13,0.3,0.28,0.02,0.02,828.17,804.33,NA,NA,NA,NA,"ZWF","ZWF",""
"431","LMAD01","3/16/2021","20210316LMAD01",2021,3,"1/0/1900",25.1855,-80.63446,1,100,10.2,0.49,0.42,25.27,25.47,NA,24.54,91.4,7.04,22.92,13.83,8.3,NA,NA,NA,NA,NA,NA,"ZWF","CJK","ZWF","","",0.455,25.37,487,"20210316LMAD01",16,"1/0/1900",1.091,1.108,NA,NA,0.29,0.291,2.02,1.98,63.33,63.57,0.416,0.4,0,0.007,643.1,672,16.322,14.366,NA,NA,"ZWF","ZWF",""
"432","LMAD01","3/17/2020","20200317LMAD01",2020,3,"1/0/1900",25.18421,-80.6348,1,100,3.66,0.18,0.16,34.6,34.74,NA,24.552,83.7,5.9,45.238,29.28,8.16,24.548,84.2,5.93,45.276,29.3,8.16,"JLS","LMH","TAP","","",0.17,34.67,330,"20200317LMAD01",16,"1/0/1900",0.12,0.14,NA,NA,0.08,0.08,0.96,0.95,61.43,58.57,0.28,0.31,NA,NA,802.833,814,4.12,4.34,NA,NA,"JLS","ZWF",""
"433","LMAD01","3/21/2024","20240321LMAD01",2024,3,"1/0/1900",25.18455,-80.63455,1.2,50,17.3,1.29,1.33,12.81,12.71,NA,24.65,92.6,7.33,14.86,8.64,8.28,24.65,93.3,7.83,15,8.72,8.26,"ZWF","LAB","ZWF","","",1.31,12.76,947,"20240321LMAD01",40,"",0.786,0.776,NA,NA,0.262,0.262,1.803,1.715,49,48.8,0.993,0.814,0.008,0.007,665.1,653.6,20.935,20.618,NA,NA,"LAB","ZWF",""
"434","LMAD01","3/24/2022","20220324LMAD01",2022,3,"1/0/1900",25.18495,-80.63465,1.4,NA,14.3,0.64,0.58,26.1,26.21,NA,26.41,95.7,6.85,33.66,21.063,8.17,26.4,95.5,6.83,33.73,21.11,8.17,"ZWF","ZWF","ZWF","","",0.61,26.155,652,"20220324LMAD01",21,"",0.884,0.66,NA,NA,0.33,0.308,11.038,10.718,57.86,59.29,0.367,0.382,NA,NA,689.3,682.3,24.16,23.95,NA,NA,"ZWF","ZWF",""
"435","LMAD01","5/11/2021","20210511LMAD01",2021,5,"1/0/1900",25.18459,-80.6346,1.4,140,4.92,0.57,0.5,24.09,24,NA,28.67,92.6,6.44,31.22,19.33,8.31,28.68,93.9,6.52,31.26,19.36,8.32,"ZWF","ZWF","ZWF","","",0.535,24.045,513,"20210511LMAD01",16,"1/0/1900",0.155,0.15,NA,NA,0.029,0.027,0.582,0.589,58.81,60.48,0.418,0.403,0.001,NA,874.17,713,8.36,8.38,NA,NA,"ZWF","ZWF",""
"436","LMAD01","5/16/2024","20240516LMAD01",2024,5,"1/0/1900",25.18521,-80.63464,1.4,140,20.5,1.08,0.99,20.57,21.69,NA,29.87,91.7,6.4,24.51,14.8,8.19,29.86,91.9,6.42,24.52,14.82,8.2,"ZWF","LAB","ZWF","","",1.035,21.13,962,"20240516LMAD01",12,"",NA,NA,NA,NA,NA,NA,NA,NA,55,60,0.559,0.51,NA,NA,580.8,580.6,59.62,59.47,NA,NA,"ZWF","ZWF","Filtered samples perished in broken freezer"
"437","LMAD01","5/31/2022","20220531LMAD01",2022,5,"1/0/1900",25.18496,-80.63441,1.3,89,10.5,0.46,0.36,31.98,31.48,NA,27.97,77.6,5.17,44.5,28.67,8,27.97,87.1,5.78,45.95,29.71,8.1,"ZWF","ZWF","ZWF","","",0.41,31.73,680,"20220531LMAD01",22,"",1.155,1.151,0.711,0.701,0.444,0.45,9.251,9.274,41.31,42.86,0.485,0.481,0.004,NA,1053.3,880,29.65,29.61,NA,NA,"ZWF","ZWF","TOC DIFFERENT"
"438","LMAD01","5/4/2020","20200504LMAD01",2020,5,"1/0/1900",25.18454,-80.63423,1.5,150,4.7,0.19,0.16,26.97,27.25,NA,25.27,81.3,5.32,59.99,40.2,8.02,25.29,81.3,5.32,59.94,40.15,8.04,"ZWF","ZWF","TAP","","",0.175,27.11,356,"20200504LMAD01",16,"1/0/1900",0.2,0.2,NA,NA,0.11,0.11,1.59,1.62,66.43,67.14,0.28,0.34,NA,NA,912.5,918.333,13.19,13.21,NA,NA,"LMH","TAP",""
"439","LMAD01","5/8/2018","20180508LMAD01",2018,5,"1/0/1900",25.18434,-80.63466,1,100,5.13,0.12,0.12,9.92,11.17,0.4214,28.405,89.5,5.99,42.474,27.2,8.36,28.429,90.5,6.04,42.421,27.16,8.37,"ZWF","ZWF","ZWF","","",0.12,10.545,181,"20180508LMAD01",16,"1/0/1900",0.26,0.26,NA,NA,0.1,0.1,3.31,3.31,54.37,55.18,0.36,0.38,0.02,0.02,891.67,915,13.84,14.49,NA,NA,"TAP","ZWF",""
"440","LMAD01","6/3/2019","20190603LMAD01",2019,6,"1/0/1900",25.18464,-80.63454,1.15,115,6.76,0.34,0.29,24.55,24.56,NA,30.58,98.1,5.95,57.77,38.35,8.17,30.8,86.7,5.21,59.33,39.53,8.09,"ZWF","ZWF","ZWF","","",0.315,24.555,221,"20190603LMAD01",16,"1/0/1900",0.25,0.23,NA,NA,0.11,0.12,2.9,2.85,64.29,68.81,0.22,0.23,NA,NA,943.333,861.667,NA,NA,NA,NA,"ZWF","ZWF",""
"441","LMAD01","7/13/2020","20200713LMAD01",2020,7,"1/0/1900",25.18395,-80.63411,1.1,110,4.28,1.1,1.08,53.21,54.05,NA,29.48,86.2,5.57,46.78,30.27,7.91,29.49,84.4,5.51,46.75,30.25,7.95,"ZWF","JLS","LMH","","",1.09,53.63,383,"20200713LMAD01",16,"1/0/1900",0.271,0.164,NA,NA,0.087,0.095,3.31,3.465,72.619,70,0.34,0.303,NA,NA,1025,1024.2,36.02,35.6,NA,NA,"ZWF","LMH",""
"442","LMAD01","7/17/2023","20230717LMAD01",2023,7,"1/0/1900",25.18501,-80.63451,1.3,130,7.81,0.87,0.79,57.69,59.04,NA,32.54,85.8,5.69,26.6,16.13,8.1,34.33,52,3.24,34.82,21.61,7.93,"ZWF","LAB","ZWF","stratified","",0.83,58.365,778,"20230717LMAD01",42,"",0.859,0.864,NA,NA,0.379,0.39,19.431,19.581,65.1,70.5,0.368,0.365,0.037,0.029,928.3,926.7,121.16,121.88,NA,NA,"LAB","ZWF",""
"443","LMAD01","7/18/2022","20220718LMAD01",2022,7,"1/0/1900",25.18455,-80.63474,1.3,130,7.99,0.86,0.79,51.03,51.23,NA,30.16,93.6,6.49,25.46,15.42,8.21,30.14,93.4,6.46,26.9,16.39,8.22,"ZWF","ZWF","ZWF","","",0.825,51.13,706,"20220718LMAD01",22,"",0.19,0.25,NA,NA,0.085,0.085,2.407,2.453,34.158,35.287,0.421,0.469,NA,NA,957.5,949.167,42.486,42.162,NA,NA,"ZWF","ZWF",""
"444","LMAD01","7/20/2021","20210720LMAD01",2021,7,"1/0/1900",25.18451,-80.63439,1.3,130,5.7,0.79,0.94,27.74,27.42,NA,30.15,75.9,4.93,41.92,26.73,8.3,30.2,79.7,5.18,42.4,27.08,8.33,"ZWF","ZWF","ZWF","","",0.865,27.58,540,"20210720LMAD01",16,"1/0/1900",0.112,0.245,NA,NA,0.033,0.031,1.308,1.331,68.1,69.76,0.372,0.347,0.006,0.004,894.17,898.33,64.96,65.64,NA,NA,"ZWF","ZWF",""
"445","LMAD01","7/8/2018","20180708LMAD01",2018,7,"1/0/1900",25.18507,-80.63444,1,108,9.12,0.77,0.67,57.42,52.31,NA,29.69,93.5,6.53,25.32,15.35,8.22,32.54,45.1,2.87,37.74,23.7,7.99,"ZWF","ZWF","ZWF","","",0.72,54.865,151,"20180708LMAD01",16,"1/0/1900",1.53,1.77,1.09,1.33,0.44,0.43,7.11,7.05,74.7,74.85,0.43,0.43,0.1,0.08,1161.67,1165,57.77,58.51,0.4,0.36,"TAP","ZWF",""
"446","LMAD01","8/17/2017","20170817LMAD01",2017,8,"1/0/1900",25.18429,-80.63436,1,100,2.58,0.59,0.81,115.92,108.6,0.9604,32,85.1,5.42,39.77,25.14,8.06,32.93,60,3.74,41.88,26.62,7.94,"ZWF","VMA","AJP","","",0.7,112.26,25,"20170817LMAD01",14,"1/0/1900",0.63,0.63,NA,NA,0.47,0.45,15,16.25,74.43,75.78,0.43,0.42,NA,NA,1028.33,1025.83,83.73,85.81,NA,NA,"VMA","ZWF",""
"447","LMAD01","8/20/2019","20190820LMAD01",2019,8,"1/0/1900",25.1845,-80.6345,1.2,80,12.4,6.13,5.56,86.9,85.94,NA,29.49,75.8,4.99,41.44,26.44,NA,29.51,74.7,4.91,41.41,26.42,NA,"ZWF","ZWF","LMH","","",5.845,86.42,249,"20190820LMAD01",16,"1/0/1900",0.12,0.11,NA,NA,0.09,0.09,7.54,7.36,82.14,81.43,0.57,0.59,NA,NA,1069.167,1058.333,64.5,65.65,NA,NA,"LMH","",""
"448","LMAD01","9/14/2020","20200914LMAD01",2020,9,"1/0/1900",25.18483,-80.63431,0.9,90,8.63,0.23,0.23,50.62,49.2,NA,27.33,85.2,5.96,34.87,21.83,8.04,28.06,30.2,2.03,41.94,26.85,7.9,"ZWF","LMH","JLS","","",0.23,49.91,409,"20200914LMAD01",16,"1/0/1900",0.751,0.752,NA,NA,0.088,0.093,2.955,2.91,67.143,67.857,0.401,0.366,0.022,0.012,970,1000.83,25.06,25.02,NA,NA,"LMH","ZWF",""
"449","LMAD01","9/16/2022","20220916LMAD01",2022,9,"1/0/1900",25.18512,-80.6346,1.5,150,1.04,0.57,0.61,31.82,31.61,NA,30.19,75.2,4.78,46.16,29.8,7.95,30.07,81.6,5.23,46.46,30.02,8,"ZWF","ZWF","ZWF","","",0.59,31.715,732,"20220916LMAD01",22,"",0.365,0.401,NA,NA,0.156,0.173,5.859,6.716,46.307,46.03,0.437,0.411,NA,0.002,837.5,827.167,76.58,76.02,NA,NA,"ZWF","ZWF",""
"450","LMAD01","9/24/2019","20190924LMAD01",2019,9,"1/0/1900",25.18487,-80.63426,1.2,120,2.69,0.42,0.41,82.97,84.69,NA,26.14,97,6.95,34.74,21.82,8.14,26.88,79,5.25,50.1,32.77,8.09,"ZWF","LMH","TAP","","",0.415,83.83,264,"20190924LMAD01",16,"1/0/1900",0.08,0.09,NA,NA,0.06,0.07,1.08,1.1,67.38,66.19,0.27,0.27,0,NA,1215.833,1202.5,15.13,14.86,NA,NA,"LMH","LMH",""
"451","LMAD01","9/26/2017","20170926LMAD01",2017,9,"1/0/1900",25.18429,-80.63436,1.31,77,4.95,8.39,7.16,158.76,164.63,NA,29.234,83.5,5.9,24.45,14.77,7.94,30.617,63.5,4.22,33.7,20.99,7.87,"ZWF","VMA","ZWF","","P9260031.JPG;P9260032.JPG",7.775,161.695,54,"20170926LMAD01",14,"1/0/1900",1.22,1.33,NA,NA,NA,NA,16.95,13.04,61.57,60.62,0.67,0.64,0.07,0.08,1103.33,1077.5,93.7,93.39,NA,NA,"VMA","ZWF",""
"452","LMAD01","9/6/2023","20230906LMAD01",2023,9,"1/0/1900",25.18481,-80.63477,1.3,130,5.4,1.35,1.36,64.66,64.7,NA,29.06,90.8,6.37,26.93,16.43,8.08,29.26,70.6,4.9,28.57,17.51,8,"ZWF","LAB","ZWF","","",1.355,64.68,821,"20230906LMAD01",43,"",0.395,0.395,NA,NA,0.135,0.126,2.339,2.339,56.6,56.1,0.279,0.302,0.052,0.048,1133,1108,7.408,7.494,NA,NA,"LAB","ZWF",""
"453","LMAD01","9/8/2021","20210908LMAD01",2021,9,"1/0/1900",25.1847,-80.63499,1.3,130,9.01,0.75,0.75,46.91,46.48,NA,30.03,90.1,6.17,29.01,17.81,8.21,32.92,52.2,3.27,40.14,25.42,8,"ZWF","ZWF","ZWF","","",0.75,46.695,566,"20210908LMAD01",14,"1/0/1900",0.259,0.377,NA,NA,0.084,0.081,5.635,5.829,66.9,68.1,0.361,0.376,NA,NA,985,968.3,59,68.07,NA,NA,"ZWF","ZWF",""
"454","LONS01","1/20/2024","20240120LONS01",2024,1,"1/0/1900",25.2313,-80.45704,1.5,NA,4.82,0.53,0.49,32.16,31.44,NA,25.53,91.9,7.21,22.91,13.82,8.2,23.5,92.1,7.23,22.82,13.78,8.22,"ZWF","LAB","ZWF","","",0.51,31.8,905,"20240120LONS01",41,"",2.613,2.622,1.84,1.842,0.773,0.78,4.957,5.022,57.4,54,0.331,0.375,NA,0.021,411.1,411.3,20.016,20.015,NA,NA,"LAB","ZWF",""
"455","LONS01","11/27/2024","20241127LONS01",2024,11,"1/0/1900",25.23017,-80.45726,1.6,160,1.89,0.38,0.32,34.97,35.2,NA,22.4,110.6,8.62,29.95,18.58,8.27,22.95,106.7,8.19,30.86,19.19,8.25,"ZWF","ZWF","ZWF","","",0.35,35.085,1046,"20241127LONS01",26,"",1.143,1.118,0.966,0.938,0.177,0.18,2.223,2.237,82.9,34,0.399,0.434,0.004,NA,494.3,517.1,10.482,10.465,NA,NA,"ZWF","ZWF",""
"456","LONS01","11/7/2023","20231107LONS01",2023,11,"1/0/1900",25.23018,-80.45735,1.6,160,3.19,0.47,0.4,29.7,28.62,NA,24.126,93.6,6.63,45.463,29.45,7.87,24.086,99.3,7.04,45.524,29.49,7.89,"LAB","LAB","ZWF","","",0.435,29.16,832,"20231107LONS01",9,"",1.352,1.357,1.122,1.123,0.23,0.234,5.769,5.73,34,33.4,0.372,0.415,0.009,0.01,399.8,399.4,7.16,7.186,NA,NA,"LAB","ZWF",""
"457","LONS01","3/21/2024","20240321LONS01",2024,3,"1/0/1900",25.23025,-80.45745,1.6,160,2.91,0.53,0.4,29.6,28.75,NA,24.54,89.2,6.67,30.28,18.77,8.21,25.34,75,5.46,31.71,19.76,8.17,"ZWF","LAB","ZWF","","",0.465,29.175,946,"20240321LONS01",39,"",0.884,0.899,NA,NA,0.252,0.249,6.465,6.767,46,45.7,0.761,0.69,0.006,0.008,548.1,543.9,10.279,9.958,NA,NA,"LAB","ZWF",""
"458","LONS01","5/16/2024","20240516LONS01",2024,5,"1/0/1900",25.23064,-80.45722,1.6,160,3.21,1.04,0.91,27.62,27.11,NA,29.67,84.9,5.68,37.08,23.37,8.13,29.67,85.1,5.69,37.1,23.37,8.13,"ZWF","LAB","ZWF","","",0.975,27.365,961,"20240516LONS01",11,"",NA,NA,NA,NA,NA,NA,NA,NA,47.4,46,0.468,0.44,NA,NA,537,527.7,20.75,20.464,NA,NA,"ZWF","ZWF","Filtered samples perished in broken freezer"
"459","LONS01","7/17/2023","20230717LONS01",2023,7,"1/0/1900",25.23094,-80.45731,1.6,160,3,2.46,2.4,48.86,48.95,NA,31.7,105.9,6.98,32.15,19.9,8.3,32.77,71.9,4.57,35.43,22.14,8.08,"ZWF","LAB","ZWF","stratified","",2.43,48.905,777,"20230717LONS01",41,"",0.403,0.383,NA,NA,0.071,0.072,7.388,7.341,59.1,56,0.605,0.606,0.012,0.016,867.5,850.8,62.17,61.86,NA,NA,"LAB","ZWF",""
"460","LONS01","9/6/2023","20230906LONS01",2023,9,"1/0/1900",25.23086,-80.45721,1.7,170,2.77,1.32,1.24,53.99,53.37,NA,28.72,94.9,6.76,24.65,14.91,8.15,29.73,95.9,6.62,28.39,17.39,8.15,"ZWF","LAB","ZWF","","",1.28,53.68,820,"20230906LONS01",42,"",0.132,0.155,NA,NA,0.093,0.084,8.984,9.047,58.1,57.8,0.527,0.624,NA,NA,960,977.5,8.483,8.405,NA,NA,"LAB","ZWF",""
"461","MAD01","1/19/2024","20240119MAD01",2024,1,"1/0/1900",25.15102,-80.68175,1,90,13.2,0.55,0.5,36.08,34.88,NA,24.574,104.3,7.89,27.968,17.21,8.08,24.745,104.4,7.85,28.416,17.5,8.07,"LAB","LAB","ZWF","","",0.525,35.48,895,"20240119MAD01",31,"",1.312,1.32,0.87,0.867,0.442,0.453,5.7,5.739,52.9,53.6,0.449,0.487,0.001,NA,654.4,654.4,27.495,28.05,NA,NA,"LAB","ZWF",""
"462","MAD01","11/9/2023","20231109MAD01",2023,11,"1/0/1900",25.15107,-80.68188,1.6,160,2.51,0.78,0.66,47.72,47.56,NA,24.98,92,6.33,49.66,32.49,8.18,24.98,92.2,6.33,49.65,32.49,8.18,"ZWF","LAB","ZWF","","",0.72,47.64,856,"20231109MAD01",34,"",0.201,0.261,NA,NA,0.113,0.106,4.696,4.782,70.7,71.3,0.317,0.3,0.043,0.033,1173,1181,30.156,30.238,NA,NA,"LAB","ZWF",""
"463","MAD01","3/15/2024","20240315MAD01",2024,3,"1/0/1900",25.15156,-80.6822,1.3,130,3.48,0.3,0.26,25.57,24.69,NA,24.71,91.6,6.7,35.23,22.18,8.37,24.71,91.5,6.7,35.21,22.17,8.36,"ZWF","LAB","ZWF","","",0.28,25.13,929,"20240315MAD01",22,"",0.053,0.062,NA,NA,0.009,0.01,0.468,0.449,52.9,52.1,0.733,0.719,0.008,NA,746.5,751.9,11.218,11.256,NA,NA,"LAB","ZWF",""
"464","MAD01","5/13/2024","20240513MAD01",2024,5,"1/0/1900",25.15114,-80.68257,1.3,130,2.29,0.36,0.33,21.27,20.49,NA,29.57,97.7,6.49,39.05,24.74,8.35,29.58,97.5,6.48,39.04,24.74,8.35,"ZWF","LAB","ZWF","","",0.345,20.88,951,"20240513MAD01",1,"",NA,NA,NA,NA,NA,NA,NA,NA,64.8,64.3,0.393,0.411,NA,NA,935.8,930.8,31.278,29.976,NA,NA,"ZWF","ZWF",""
"465","MAD01","7/13/2023","20230713MAD01",2023,7,"1/0/1900",25.15204,-80.68259,1.3,130,3.06,0.42,0.5,36.14,36.41,NA,32.7,80.2,4.81,52.05,34.01,8.04,32.78,80.8,4.85,52.04,33.99,8.04,"ZWF","LAB","ZWF","","",0.46,36.275,760,"20230713MAD01",24,"",0.459,0.445,NA,NA,0.192,0.158,14.618,12.924,77.6,67.9,0.37,0.38,NA,0.003,948.3,940.8,78.72,76.43,NA,NA,"LAB","ZWF",""
"466","MAD01","9/2/2023","20230902MAD01",2023,9,"1/0/1900",25.15118,-80.68217,1.5,150,2.97,1.42,1.2,36.13,36.41,NA,31.38,99.2,6.13,49.97,32.53,8.15,31.4,98.9,6.11,49.97,32.53,8.15,"ZWF","LAB","ZWF","","",1.31,36.27,803,"20230902MAD01",24,"",0.137,0.155,NA,NA,0.05,0.057,3.163,3.293,67.1,66.9,0.35,0.378,0.008,0.015,985,1018,53.51,55.01,NA,NA,"LAB","ZWF",""
"467","NWHIP02","1/12/2021","20210112NWHIP02",2021,1,"1/0/1900",25.12432,-80.76473,1,100,1.11,0.4,0.45,55.19,54.76,NA,19.66,105.3,8.27,40.49,25.94,8.17,NA,NA,NA,NA,NA,NA,"ZWF","ZWF","ZWF","","",0.425,54.975,450,"20210112NWHIP02",3,"1/0/1900",0.059,0.06,NA,NA,0.13,0.134,9.118,9.3,82.14,83.57,0.501,0.506,NA,NA,885,870.83,40.57,40.71,NA,NA,"ZWF","ZWF",""
"468","NWHIP02","1/19/2024","20240119NWHIP02",2024,1,"1/0/1900",25.12469,-80.76496,0.9,80,4.8,3.41,3.1,41.25,40.7,NA,25.271,124.1,9.2,33.328,20.86,8.26,NA,NA,NA,NA,NA,NA,"LAB","LAB","ZWF","","",3.255,40.975,900,"20240119NWHIP02",36,"",0.344,0.413,NA,NA,0.205,0.276,7.619,7.785,62.6,65.5,0.585,0.584,NA,NA,763.7,833,17.232,17.3,NA,NA,"LAB","ZWF",""
"469","NWHIP02","1/21/2022","20220121NWHIP02",2022,1,"1/0/1900",25.12435,-80.765,1.3,105,4.81,6.42,6.01,48.4,48.9,NA,22.18,100,7.2,50.16,32.93,8.03,21.97,100.8,7.29,50.13,32.89,8.04,"ZWF","ZWF","ZWF","","",6.215,48.65,638,"20220121NWHIP02",3,"",0.356,0.505,NA,NA,0.169,0.235,12.83,16.11,85.95,84.29,0.698,0.746,NA,0.002,844.2,855.8,78.24,77.94,NA,NA,"ZWF","ZWF",""
"470","NWHIP02","1/23/2018","20180123NWHIP02",2018,1,"1/0/1900",25.12461,-80.76497,1.04,30,14.7,40.28,40.63,123.45,131.48,NA,21.33,116.7,8.72,45.31,29.38,8.15,20.87,110.4,8.27,45.76,29.7,8.15,"VMA","VMA","ZWF","21.97/17.19 FIU CHL","",40.455,127.465,113,"20180123NWHIP02",3,"1/0/1900",0,0.07,NA,NA,0.01,0.01,0.31,0.53,86.61,85.95,1.71,1.65,0.01,0.02,1215,1210,31.24,9.57,NA,NA,"VMA","ZWF","CHL 21.97, 17.19/ Silica reps are questionable"
"471","NWHIP02","1/28/2020","20200128NWHIP02",2020,1,"1/0/1900",25.12441,-80.76482,1.1,110,2.66,4.48,4.88,64.61,66.38,NA,19.78,107.2,7.8,57.82,38.63,8.12,NA,NA,NA,NA,NA,NA,"ZWF","TAP","LMH","25 subtracted from CDOM","",4.68,65.495,307,"20200128NWHIP02",3,"1/0/1900",NA,NA,NA,NA,0.03,0.02,0.52,0.52,80.95,81.19,0.78,0.73,0.01,0,1083.333,1075,21.76,21.8,NA,NA,"LMH","JLS",""
"472","NWHIP02","11/14/2021","20211114NWHIP02",2021,11,"1/0/1900",25.1243,-80.7655,1.4,140,4.06,1.06,0.87,44.35,45.44,NA,24.95,72.8,4.94,52.73,34.76,7.84,24.96,72.5,4.92,52.74,34.76,7.85,"ZWF","ZWF","ZWF","","",0.965,44.895,581,"20211114NWHIP02",3,"",0.206,0.243,NA,NA,0.139,0.167,18.498,20.88,65,64.762,0.526,0.53,NA,NA,607.2,605.2,73.2,73,NA,NA,"ZWF","ZWF",""
"473","NWHIP02","11/21/2017","20171121NWHIP02",2017,11,"1/0/1900",25.12456,-80.76498,1.18,33,21.4,46.32,33.1,123.01,133.98,2.379,23.71,80.9,5.88,40.77,26.1,7.93,23.73,69.8,5.02,43.69,28.18,7.91,"VMA","VMA","ZWF","","",39.71,128.495,83,"20171121NWHIP02",3,"1/0/1900",NA,NA,NA,NA,NA,0,2.12,2.13,100.87,98.03,1.74,1.72,NA,0.04,1193.33,1166.67,28.5,28.42,NA,NA,"VMA","ZWF",""
"474","NWHIP02","11/27/2020","20201127NWHIP02",2020,11,"1/0/1900",25.12505,-80.76307,0.9,90,1.19,0.38,0.51,42.61,43.08,NA,24.143,89.6,6.83,29.167,18.02,8.11,NA,NA,NA,NA,NA,NA,"ZWF","LMH","ZWF","","",0.445,42.845,424,"20201127NWHIP02",3,"1/0/1900",0.269,0.252,NA,NA,0.139,0.145,14.853,13.998,57.431,52.705,0.268,0.277,NA,NA,624.3,613.3,19.184,19.336,NA,NA,"ZWF","ZWF",""
"475","NWHIP02","11/9/2023","20231109NWHIP02",2023,11,"1/0/1900",25.12463,-80.76541,1.6,160,4.21,3.86,3.86,32.58,32.96,NA,25.24,95.4,6.43,53.58,35.38,8.22,25.24,95.9,6.45,53.58,35.38,8.22,"ZWF","LAB","ZWF","","",3.86,32.77,861,"20231109NWHIP02",39,"",0.918,0.816,NA,NA,0.127,0.212,6.127,6.365,67.4,64.2,0.372,0.385,0.007,0.061,975.8,995,3.051,2.579,NA,NA,"LAB","ZWF",""
"476","NWHIP02","2/19/2019","20190219NWHIP02",2019,2,"1/0/1900",25.124613,-80.764974,1,100,1.77,1.88,1.22,47.77,50.78,NA,26.69,100,6.59,53.07,34.95,8.02,26.69,100.7,6.63,53.03,34.93,8.03,"VMA","ZWF","ZWF","","",1.55,49.275,204,"20190219NWHIP02",3,"1/0/1900",0.13,NA,NA,NA,0.1,NA,2.09,NA,73.29,NA,0.67,NA,0.03,NA,865,NA,NA,NA,NA,NA,"ZWF","ZWF",""
"477","NWHIP02","3/15/2021","20210315NWHIP02",2021,3,"1/0/1900",25.12444,-80.76468,1.1,110,2.15,0.54,0.47,36.5,37.06,NA,23.99,87.7,6.25,45.27,29.31,8.29,24.19,94.6,7.1,46.25,30.03,8.35,"ZWF","CJK","ZWF","","",0.505,36.78,476,"20210315NWHIP02",3,"1/0/1900",0.123,0.307,NA,NA,0.092,0.101,2.282,2.357,76.43,71.43,0.576,0.571,0.01,0.013,780.6,782.9,30.044,30.34,NA,NA,"ZWF","ZWF",""
"478","NWHIP02","3/15/2024","20240315NWHIP02",2024,3,"1/0/1900",25.12478,-80.76519,1.2,120,5.67,3.56,3.12,43.37,43.04,NA,24.77,90.7,6.44,42.29,27.16,8.2,24.77,90.1,6.41,42.28,27.15,8.2,"ZWF","LAB","ZWF","","",3.34,43.205,934,"20240315NWHIP02",27,"",0.458,0.317,NA,NA,0.169,0.166,8.73,7.227,81.7,81,1.198,1.415,0.012,0.015,933.3,947.5,66.15,59.35,NA,NA,"LAB","ZWF",""
"479","NWHIP02","3/17/2020","20200317NWHIP02",2020,3,"1/0/1900",25.12421,-80.76534,1,100,1.42,0.61,0.6,37.25,37.45,NA,24.4,78.7,5.21,60.79,40.83,8.09,NA,NA,NA,NA,NA,NA,"ZWF","LMH","TAP","sample to FWC for ID","",0.605,37.35,319,"20200317NWHIP02",3,"1/0/1900",0.01,0.01,NA,NA,0.02,0.02,0.57,0.56,79.29,79.29,0.41,0.4,NA,NA,806.417,1032.5,11.2,11.13,NA,NA,"JLS","ZWF",""
"480","NWHIP02","3/17/2022","20220317NWHIP02",2022,3,"1/0/1900",25.12449,-80.76515,1.3,130,3.86,1.17,0.93,40.98,40.42,NA,27.25,94.4,6.11,54.68,36.15,8.22,27.25,93.5,6.06,54.7,36.16,8.22,"ZWF","ZWF","ZWF","","",1.05,40.7,619,"20220317NWHIP02",2,"",0.373,0.415,NA,NA,0.367,0.373,14.534,14.466,88.1,85.48,0.559,0.57,NA,NA,937.5,912.5,33.32,33.24,NA,NA,"ZWF","ZWF",""
"481","NWHIP02","5/13/2024","20240513NWHIP02",2024,5,"1/0/1900",25.12503,-80.76494,1.3,130,2.73,0.6,0.57,27.45,27.31,NA,30.01,80.9,5.26,43.79,28.1,8.17,30.02,82.4,5.34,43.75,28.07,8.17,"ZWF","LAB","ZWF","","",0.585,27.38,956,"20240513NWHIP02",6,"",NA,NA,NA,NA,NA,NA,NA,NA,70.2,66.7,0.562,0.557,NA,NA,860,854.2,16.057,15.81,NA,NA,"ZWF","ZWF","Filtered samples perished in broken freezer"
"482","NWHIP02","5/14/2021","20210514NWHIP02",2021,5,"1/0/1900",25.12375,-80.76573,1.3,130,2.05,0.57,0.57,46.97,46.72,NA,29.32,67.5,4.14,60.02,40.1,8.2,29.32,68.1,4.19,59.99,40.07,8.21,"ZWF","ZWF","ZWF","","",0.57,46.845,502,"20210514NWHIP02",3,"1/0/1900",NA,NA,NA,NA,0.029,0.027,1.838,1.84,91.67,86.67,0.425,0.379,0,NA,866.67,885.83,146.76,147.47,NA,NA,"ZWF","ZWF",""
"483","NWHIP02","5/28/2022","20220528NWHIP02",2022,5,"1/0/1900",25.12457,-80.76546,1.3,130,2.86,0.84,0.69,30.22,29.95,NA,29.89,89.8,5.45,60.29,40.27,8.11,29.97,92.5,5.59,60.84,40.69,8.12,"ZWF","ZWF","ZWF","","",0.765,30.085,660,"20220528NWHIP02",2,"",0.345,0.36,NA,NA,0.201,0.193,14.256,14.35,53.78,56.4,0.408,0.419,0.007,0.007,966.7,905.8,68.27,68.01,NA,NA,"ZWF","ZWF",""
"484","NWHIP02","5/5/2020","20200505NWHIP02",2020,5,"1/0/1900",25.12425,-80.7643,1,100,0.8,0.36,0.37,44.57,44.49,NA,27.09,94.2,5.9,63.42,42.76,8.2,NA,NA,NA,NA,NA,NA,"ZWF","ZWF","TAP","","",0.365,44.53,345,"20200505NWHIP02",3,"1/0/1900",NA,NA,NA,NA,0.02,0.02,0.48,0.7,63.81,65,0.36,0.37,NA,0,778.167,771.25,5.63,5.66,NA,NA,"LMH","TAP",""
"485","NWHIP02","5/7/2018","20180507NWHIP02",2018,5,"1/0/1900",25.12468,-80.76505,0.9,90,4.52,1.74,1.49,37.73,40.87,0.8229,28.53,82.3,5.05,62.686,42.14,8.27,28.77,88.8,5.42,63.028,42.39,8.3,"ZWF","ZWF","ZWF","","",1.615,39.3,170,"20180507NWHIP02",3,"1/0/1900",0.09,NA,NA,NA,0.04,NA,0.88,NA,67.15,67.72,1.48,0.71,0.01,NA,858.33,885,3.46,3.55,0.44,0.46,"TAP","ZWF",""
"486","NWHIP02","6/4/2019","20190604NWHIP02",2019,6,"1/0/1900",25.12466,-80.76521,1.2,120,1.47,0.36,0.4,48.17,48.61,NA,32.49,108.1,6.11,67.88,46,8.16,32.52,109.5,6.19,67.86,45.98,8.17,"ZWF","ZWF","ZWF","","",0.38,48.39,209,"20190604NWHIP02",3,"1/0/1900",0.03,0.03,NA,NA,0.03,0.03,1.31,1.3,89.52,91.43,0.48,0.47,0,0,1075,1085.833,NA,NA,NA,NA,"ZWF","ZWF",""
"487","NWHIP02","7/13/2022","20220713NWHIP02",2022,7,"1/0/1900",25.12469,-80.76565,1.3,52,7.86,22.55,22.653,56.23,56.46,NA,32.07,85.1,5.12,54.49,35.84,8.12,32.08,85.9,5.17,54.47,35.82,8.13,"ZWF","ZWF","ZWF","","",22.6015,56.345,686,"20220713NWHIP02",2,"",0.051,0.05,NA,NA,0.059,0.06,0.079,0.107,59.699,62.415,1.35,1.263,NA,NA,1305.833,1287.5,219.44,200.49,NA,NA,"ZWF","ZWF",""
"488","NWHIP02","7/13/2023","20230713NWHIP02",2023,7,"1/0/1900",25.12464,-80.76521,1.3,130,1.29,0.67,0.49,53.98,53.42,NA,33.52,59.2,3.42,56.1,36.99,7.98,33.56,56.1,3.27,56.1,36.98,7.98,"ZWF","LAB","ZWF","","",0.58,53.7,765,"20230713NWHIP02",29,"",0.146,0.165,NA,NA,0.118,0.137,10.382,12.306,59.5,61,0.424,0.427,0.017,NA,706.6,703.4,199.28,197.19,NA,NA,"LAB","ZWF",""
"489","NWHIP02","7/14/2020","20200714NWHIP02",2020,7,"1/0/1900",25.1242,-80.76435,0.9,90,0.88,0.74,0.57,41.71,42.12,NA,30.49,117.3,7.1,59.04,39.31,8.15,NA,NA,NA,NA,NA,NA,"ZWF","JLS","LMH","","",0.655,41.915,372,"20200714NWHIP02",3,"1/0/1900",0.054,0.006,NA,NA,0.032,0.05,1.569,1.644,50.714,50,0.328,0.359,NA,0.016,564.7,563.1,93.52,94,NA,NA,"ZWF","LMH",""
"490","NWHIP02","7/22/2021","20210722NWHIP02",2021,7,"1/0/1900",25.12427,-80.76509,1.4,140,1.7,0.76,0.69,31.46,30.61,NA,32.19,83.6,5.04,53.04,34.76,8.15,32.64,85.4,5.03,53.86,35.86,8.15,"ZWF","ZWF","ZWF","","",0.725,31.035,529,"20210722NWHIP02",3,"1/0/1900",0.107,0.105,NA,NA,0.066,0.064,6.698,6.692,78.33,77.86,0.41,0.424,0.003,0,840.83,890.83,88.04,86.87,NA,NA,"ZWF","ZWF",""
"491","NWHIP02","7/7/2018","20180707NWHIP02",2018,7,"1/0/1900",25.12451,-80.76524,1.1,110,4.75,9.1,8.49,54.65,56.27,1.16,30.28,98.2,6.29,45.87,29.58,8.52,30.28,99.1,6.35,45.87,29.59,8.54,"ZWF","ZWF","ZWF","8.21,7.56 SFWMD chlA ug/L","",8.795,55.46,140,"20180707NWHIP02",3,"1/0/1900",0.31,1.29,NA,NA,0.04,0.03,0.63,0.64,81.85,83.67,0.78,0.77,0.01,0,950,948.33,114.84,118.98,4.2,4.12,"TAP","ZWF",""
"492","NWHIP02","8/16/2017","20170816NWHIP02",2017,8,"1/0/1900",25.124613,-80.764974,0.975,98,1.09,1.05,0.92,118.38,103.98,0.701,32.92,59.6,3.34,68.66,46.59,8.24,32.94,63.2,3.54,68.7,46.61,8.26,"ZWF","VMA","AJP","","",0.985,111.18,13,"20170816NWHIP02",3,"1/0/1900",0.28,1.06,NA,NA,0.26,0.26,1.72,1.72,97.14,97.19,0.46,0.45,NA,NA,1190,1178.33,76.48,76.46,NA,NA,"VMA","ZWF",""
"493","NWHIP02","8/19/2019","20190819NWHIP02",2019,8,"1/0/1900",25.12449,-80.76523,1.1,110,0.83,0.47,0.4,40.51,39.57,NA,30.51,69.3,4.3,53.89,35.45,NA,30.55,70.7,4.36,53.93,35.48,NA,"ZWF","ZWF","LMH","","",0.435,40.04,237,"20190819NWHIP02",3,"1/0/1900",0.04,NA,NA,NA,0.04,0.04,2.14,2.22,43.57,44.29,0.37,0.37,NA,NA,516,506.667,26.94,27.57,NA,NA,"LMH","",""
"494","NWHIP02","9/13/2024","20240913NWHIP02",2024,9,"1/0/1900",25.12454,-80.76479,1.6,52,6.8,17.73,16.07,37.73,38.29,NA,32.43,96.4,5.81,52.34,34.23,8.16,31.81,97.6,5.95,52.1,34.07,8.17,"ZWF","ZWF","ZWF","","",16.9,38.01,1011,"20240913NWHIP02",13,"",0.005,0.015,NA,NA,0.02,0.026,0.186,0.225,123.3,118.6,0.769,0.792,NA,NA,1252,1251,154.02,154.41,NA,NA,"ZWF","ZWF",""
"495","NWHIP02","9/14/2022","20220914NWHIP02",2022,9,"1/0/1900",25.12461,-80.76492,1.4,53,8.01,23.62,21.34,50.34,49.34,NA,30.77,64.8,3.83,63.15,42.43,7.99,30.78,64.4,3.8,63.15,42.42,7.99,"ZWF","ZWF","ZWF","","",22.48,49.84,712,"20220914NWHIP02",2,"",NA,NA,NA,NA,0.08,0.076,0.352,0.289,64.781,64.881,1.361,1.459,NA,NA,1714.167,1734.167,248.82,234.37,NA,NA,"ZWF","ZWF",""
"496","NWHIP02","9/15/2020","20200915NWHIP02",2020,9,"1/0/1900",25.12442,-80.76583,1.3,130,1.13,0.36,0.33,34.87,32.79,NA,28.4,74.9,4.77,54.93,36.29,7.9,28.68,55.2,3.44,55.25,36.54,7.83,"ZWF","LMH","JLS","","",0.345,33.83,398,"20200915NWHIP02",3,"1/0/1900",0.055,0.103,NA,NA,0.049,0.047,5.678,5.674,78.571,77.857,0.437,0.36,0.004,NA,970.83,969.17,44.77,45.08,NA,NA,"LMH","ZWF",""
"497","NWHIP02","9/2/2023","20230902NWHIP02",2023,9,"1/0/1900",25.12496,-80.76487,1.4,140,3.66,2.62,2.53,47.61,47.03,NA,31.18,72.7,4.48,51.47,33.63,7.97,31.18,72.6,4.48,51.46,33.63,7.97,"ZWF","LAB","ZWF","","",2.575,47.32,808,"20230902NWHIP02",29,"",0.061,0.046,NA,NA,0.079,0.081,6.884,6.757,61.6,61.3,0.501,0.513,0.027,0.023,599,632.5,144.86,145.06,NA,NA,"LAB","ZWF",""
"498","NWHIP02","9/25/2019","20190925NWHIP02",2019,9,"1/0/1900",25.12425,-80.76532,1.3,105,4.53,4.61,4.73,41.14,43.66,NA,26.67,92.7,6.01,56.67,37.66,8.12,27.02,79.3,5.11,56.75,37.69,8.11,"ZWF","LMH","TAP","","",4.67,42.4,280,"20190925NWHIP02",3,"1/0/1900",0.04,0.05,NA,NA,0.04,0.04,0.2,0.3,94.05,99.05,0.6,0.62,NA,NA,967.5,974.167,37.93,37.68,NA,NA,"LMH","LMH",""
"499","NWHIP02","9/27/2017","20170927NWHIP02",2017,9,"1/0/1900",25.124613,-80.764974,1.31,54,9.11,32.56,35.7,158.6,146.48,NA,29.05,31.5,2.04,47.05,30.48,7.57,29.83,26.1,1.65,50.49,32.96,7.65,"ZWF","VMA","ZWF","","P9270094.JPG;P9270096.JPG",34.13,152.54,40,"20170927NWHIP02",3,"1/0/1900",0.43,0.87,NA,NA,NA,NA,15.42,18.06,107.13,108.69,2.18,2.56,NA,NA,1242.5,1257.5,65.6,66.93,NA,NA,"VMA","ZWF",""
"500","NWHIP02","9/7/2021","20210907NWHIP02",2021,9,"1/0/1900",25.12395,-80.76564,1.4,140,2.52,0.49,0.93,46.42,45.95,NA,31.71,55.5,3.39,51.99,34,7.97,31.71,56.7,3.47,52,34.01,7.98,"ZWF","ZWF","ZWF","","",0.71,46.185,555,"20210907NWHIP02",3,"1/0/1900",0.345,0.336,NA,NA,0.068,0.067,10.971,10.75,74.05,75.48,0.479,0.456,NA,NA,966.7,973.3,115.94,116.47,NA,NA,"ZWF","ZWF",""
"501","PEL01","1/19/2024","20240119PEL01",2024,1,"1/0/1900",25.06944,-80.82317,1.4,107,4.06,10.26,12.07,41.44,42.29,NA,25.49,110.8,7.77,42.46,27.27,8.42,24.92,109.9,7.74,44.51,28.75,8.42,"ZWF","LAB","ZWF","","",11.165,41.865,892,"20240119PEL01",28,"",0.011,0.058,NA,NA,0.01,0.046,NA,NA,51.9,48.6,0.719,0.742,0.02,0.033,830.1,825.7,22.195,22.405,NA,NA,"LAB","ZWF",""
"502","PEL01","11/21/2017","20171121PEL01",2017,11,"1/0/1900",25.06927,-80.82343,1.16,116,2.13,0.94,0.76,86.88,97.43,0.5428,23.86,84.8,6.13,41.63,26.71,7.99,23.84,86.1,6.24,41.63,26.71,8,"VMA","VMA","ZWF","","",0.85,92.155,87,"20171121PEL01",7,"1/0/1900",0.52,0.42,NA,NA,0.2,0.17,7.96,7.91,35.99,35.28,0.59,0.59,0.02,NA,386.92,396.5,2.87,2.85,NA,NA,"VMA","ZWF",""
"503","PEL01","11/8/2023","20231108PEL01",2023,11,"1/0/1900",25.06926,-80.8235,1.7,130,4.53,10.68,10.03,45.71,44.91,NA,25.36,105.2,6.97,57.06,37.98,8.23,25.12,108.5,7.24,57.06,37.99,8.25,"ZWF","LAB","ZWF","","",10.355,45.31,852,"20231108PEL01",24,"",0.174,6.596,NA,6.507,0.083,0.089,0.522,1.031,63.9,65.2,0.655,0.655,NA,0.011,1006,964.2,49.84,50.03,NA,NA,"LAB","ZWF",""
"504","PEL01","3/14/2024","20240314PEL01",2024,3,"1/0/1900",25.0691,-80.82325,1.3,130,0.85,0.31,0.27,33.43,33.54,NA,26.14,117.8,7.97,48.67,31.74,8.64,26.13,118.7,8.03,48.67,31.74,8.64,"ZWF","LAB","ZWF","","",0.29,33.485,926,"20240314PEL01",19,"",NA,0.019,NA,NA,NA,0.031,NA,0.288,32.9,32.6,0.832,0.812,NA,0.006,547.1,546.9,23.017,23.005,NA,NA,"LAB","ZWF",""
"505","PEL01","5/10/2024","20240510PEL01",2024,5,"1/0/1900",25.06932,-80.82325,1.3,130,1.19,0.33,0.33,23.76,23.14,NA,29.4,111.4,7.09,50.85,33.24,8.49,29.42,112.8,7.17,50.85,33.24,8.49,"ZWF","LAB","ZWF","","",0.33,23.45,986,"20240510PEL01",37,"",NA,NA,NA,NA,NA,NA,NA,NA,49.8,50.2,0.333,0.294,NA,NA,623.2,617.3,36.996,36.486,NA,NA,"ZWF","LAB","Filtered samples perished in broken freezer"
"506","PEL01","7/11/2023","20230711PEL01",2023,7,"1/0/1900",25.07049,-80.82245,1.6,160,1.2,0.21,0.18,25.96,25.33,NA,34.05,95.8,5.53,56.7,37.4,8.35,33.79,106.1,6.14,56.85,37.52,8.38,"ZWF","LAB","ZWF","","",0.195,25.645,757,"20230711PEL01",21,"",0.141,0.141,NA,NA,0.031,0.043,4.396,4.177,30.4,30.7,0.459,0.45,0.046,0.052,390.9,390.5,112.56,110.15,NA,NA,"LAB","ZWF",""
"507","PEL01","9/1/2023","20230901PEL01",2023,9,"1/0/1900",25.06908,-80.82341,1.5,150,1.83,1.97,2.21,35.59,35.37,NA,31.83,90.7,5.42,56.8,37.58,8.25,31.74,91.9,5.5,56.75,37.54,8.26,"ZWF","LAB","ZWF","","",2.09,35.48,800,"20230901PEL01",21,"",0.446,0.541,NA,NA,0.045,0.044,3.037,3.457,44.4,43,0.459,0.443,0.027,0.028,646.3,695.6,72.04,72.43,NA,NA,"LAB","ZWF",""
"508","PEL02","1/12/2021","20210112PEL02",2021,1,"1/0/1900",25.09183,-80.82196,0.8,80,1.53,0.29,0.24,31.79,32.02,NA,20.26,105.9,8.07,45.24,29.34,8.16,NA,NA,NA,NA,NA,NA,"ZWF","ZWF","ZWF","","",0.265,31.905,455,"20210112PEL02",10,"1/0/1900",0.011,0.012,NA,NA,0.043,0.049,0.96,0.983,30.71,31.19,0.457,0.48,NA,NA,409.5,411.33,14.52,14.76,NA,NA,"ZWF","ZWF",""
"509","PEL02","1/19/2024","20240119PEL02",2024,1,"1/0/1900",25.09186,-80.82177,0.9,90,3.34,5.43,5.52,40.63,40.94,NA,25.44,109.4,7.64,43.94,28.33,8.42,NA,NA,NA,NA,NA,NA,"ZWF","LAB","ZWF","","",5.475,40.785,891,"20240119PEL02",27,"",0.016,0.009,NA,NA,0.008,0.008,NA,NA,42.4,42.9,0.595,0.609,0.02,0.016,694.6,686.3,16.763,16.735,NA,NA,"LAB","ZWF",""
"510","PEL02","1/21/2022","20220121PEL02",2022,1,"1/0/1900",25.09187,-80.82195,1.1,110,6.09,0.56,0.43,29.84,29.7,NA,22.3,96.8,6.94,50.5,33.16,8.17,22.29,104.3,7.42,50.5,33.16,8.18,"ZWF","ZWF","ZWF","","",0.495,29.77,643,"20220121PEL02",8,"",0.139,0.007,NA,NA,0.09,0.065,1.417,1.758,35.24,30.48,0.486,0.488,NA,NA,343,331.5,31.14,30.39,NA,NA,"ZWF","ZWF",""
"511","PEL02","1/23/2018","20180123PEL02",2018,1,"1/0/1900",25.09185,-80.822,0.79,79,14.3,0.72,0.69,92.66,97.71,0.7467,22.51,101.1,7.38,45.52,29.53,8.22,22.54,104.1,7.63,45.53,29.53,8.22,"VMA","VMA","ZWF","","",0.705,95.185,118,"20180123PEL02",10,"1/0/1900",0.13,0.13,NA,NA,0.08,0.08,0.55,0.45,28.61,28.8,0.71,0.7,0.05,0.05,499.83,493.5,4.04,3.9,NA,NA,"VMA","ZWF",""
"512","PEL02","1/28/2020","20200128PEL02",2020,1,"1/0/1900",25.09191,-80.82182,0.9,90,2.19,0.38,0.35,31.44,32.56,NA,20.51,116.5,8.52,53.41,35.32,8.26,NA,NA,NA,NA,NA,NA,"ZWF","TAP","LMH","25 subtracted from CDOM","",0.365,32,312,"20200128PEL02",10,"1/0/1900",NA,NA,NA,NA,0.01,0.02,0.62,0.43,26.19,26.67,0.41,0.37,0.02,0.01,408.583,411.417,6.02,5.99,NA,NA,"LMH","JLS",""
"513","PEL02","11/14/2021","20211114PEL02",2021,11,"1/0/1900",25.092,-80.82177,1.2,120,4.62,0.59,0.68,34.96,34.64,NA,25.06,83.6,5.72,50.55,33.15,7.88,25.07,83.1,5.68,50.52,33.12,7.87,"ZWF","ZWF","ZWF","","",0.635,34.8,586,"20211114PEL02",8,"",0.25,0.221,NA,NA,0.179,0.162,6.7,5.669,31.19,30.476,0.488,0.466,NA,NA,378.9,377.8,28.3,28,NA,NA,"ZWF","ZWF",""
"514","PEL02","11/20/2024","20241120PEL02",2024,11,"1/0/1900",25.09227,-80.82189,1.3,130,0.74,0.58,0.68,25.61,24.5,NA,24.77,95.4,6.92,37.26,23.6,8.26,24.76,96.8,7.04,37.27,23.6,8.273,"ZWF","ZWF","ZWF","","",0.63,25.055,1038,"20241120PEL02",18,"",0.376,0.283,NA,NA,0.187,0.185,2.43,2.242,43.6,43.8,0.392,0.361,0.004,NA,620,612.9,3.431,3.346,NA,NA,"ZWF","ZWF",""
"515","PEL02","11/21/2017","20171121PEL02",2017,11,"1/0/1900",25.09181,-80.82201,0.94,94,3.09,1.33,1.01,95.88,95.23,0.7894,24.2,86.2,6.2,41.73,26.77,7.94,24.13,90.3,6.53,41.72,26.76,7.96,"VMA","VMA","ZWF","","",1.17,95.555,89,"20171121PEL02",9,"1/0/1900",0.41,0.39,NA,NA,0.2,0.19,12.16,12.97,41.3,39.12,0.66,0.65,0.02,0.01,398.83,389.83,3.72,3.79,NA,NA,"VMA","ZWF",""
"516","PEL02","11/27/2020","20201127PEL02",2020,11,"1/0/1900",25.09208,-80.82297,0.8,80,2.03,0.6,0.56,46.23,46.63,NA,24.546,97,7.29,29.079,17.95,8.24,NA,NA,NA,NA,NA,NA,"ZWF","LMH","ZWF","","",0.58,46.43,429,"20201127PEL02",10,"1/0/1900",0.378,0.333,NA,NA,0.19,0.191,11.316,11.631,52.931,51.322,0.372,0.364,0.005,0.002,670.4,808.6,4.827,4.919,NA,NA,"ZWF","ZWF","TOC REPS ARE DIFFERENT"
"517","PEL02","11/8/2023","20231108PEL02",2023,11,"1/0/1900",25.09194,-80.82171,1.4,85,7.27,13.47,13.85,50.13,52.24,NA,25.17,104.2,6.97,55.73,36.99,8.26,25.03,107.8,7.23,55.73,36.99,8.27,"ZWF","LAB","ZWF","","",13.66,51.185,851,"20231108PEL02",23,"",NA,0.325,NA,NA,0.01,0.018,0.079,0.095,78.1,68.1,0.774,0.76,0.007,0.033,1157,1143,54.4,56.53,NA,NA,"LAB","ZWF",""
"518","PEL02","3/14/2024","20240314PEL02",2024,3,"1/0/1900",25.09244,-80.8218,1,100,1.65,0.42,0.34,41.3,41.64,NA,25.9,98.1,6.61,50.55,33.12,8.57,NA,NA,NA,NA,NA,NA,"ZWF","LAB","ZWF","","",0.38,41.47,925,"20240314PEL02",18,"",0.008,0.047,NA,NA,0.026,0.026,0.3,0.246,39.6,42.1,0.822,0.886,0.006,0.008,688.9,697.4,49.84,48.69,NA,NA,"LAB","ZWF",""
"519","PEL02","3/15/2021","20210315PEL02",2021,3,"1/0/1900",25.09159,-80.82224,0.8,80,2.08,0.62,0.65,43.26,43.26,NA,24.48,83,5.75,49.58,32.44,8.36,NA,NA,NA,NA,NA,NA,"ZWF","CJK","ZWF","","",0.635,43.26,481,"20210315PEL02",10,"1/0/1900",0.019,0.026,NA,NA,0.037,0.036,0.471,0.454,68.1,70.71,0.513,0.514,0.008,0.002,708.8,706.8,22.167,22.227,NA,NA,"ZWF","ZWF",""
"520","PEL02","3/17/2020","20200317PEL02",2020,3,"1/0/1900",25.09223,-80.82162,0.8,80,1.88,0.42,0.49,47.11,47.49,NA,24.43,85.7,5.7,59.26,39.67,8.22,NA,NA,NA,NA,NA,NA,"ZWF","LMH","TAP","","",0.455,47.3,324,"20200317PEL02",10,"1/0/1900",0,0,NA,NA,0.01,0.01,0.21,0.13,75.48,74.29,0.52,0.52,NA,NA,911.667,917.5,2.6,2.62,NA,NA,"JLS","ZWF",""
"521","PEL02","3/17/2022","20220317PEL02",2022,3,"1/0/1900",25.09215,-80.82145,1.1,110,4.45,0.97,0.73,41.92,41.58,NA,26.9,90.6,5.87,56,37.14,8.26,26.9,90.9,5.9,56.03,37.16,8.26,"ZWF","ZWF","ZWF","","",0.85,41.75,623,"20220317PEL02",6,"",0.141,0.1,NA,NA,0.097,0.103,2.674,2.824,61.67,60.71,0.521,0.524,NA,NA,797.2,778.1,54.79,56,NA,NA,"ZWF","ZWF",""
"522","PEL02","5/10/2024","20240510PEL02",2024,5,"1/0/1900",25.09179,-80.82174,1.1,110,1.79,0.44,0.42,31.51,31.3,NA,29.35,107.1,6.83,50.41,32.92,8.41,29.35,107.6,6.87,50.39,32.91,8.42,"ZWF","LAB","ZWF","","",0.43,31.405,985,"20240510PEL02",36,"",NA,NA,NA,NA,NA,NA,NA,NA,63.6,63.8,0.393,0.372,NA,NA,855,875.8,15.573,16.104,NA,NA,"ZWF","LAB","Filtered samples perished in broken freezer"
"523","PEL02","5/14/2021","20210514PEL02",2021,5,"1/0/1900",25.09165,-80.82202,1,100,2.9,0.78,1.06,48.72,49.54,NA,29.09,84.5,5.18,60.73,40.64,8.11,NA,NA,NA,NA,NA,NA,"ZWF","ZWF","ZWF","","",0.92,49.13,507,"20210514PEL02",10,"1/0/1900",0.074,0.08,NA,NA,0.076,0.075,1.519,1.501,68.1,62.86,0.636,0.486,NA,NA,663.58,665,89.89,88.71,NA,NA,"ZWF","ZWF",""
"524","PEL02","5/28/2022","20220528PEL02",2022,5,"1/0/1900",25.09203,-80.82184,1.1,110,4.32,3.99,3.53,32.97,32.78,NA,29.96,88.6,5.28,64,43.11,8.22,29.41,108.5,6.53,64.44,43.47,8.27,"ZWF","ZWF","ZWF","","",3.76,32.875,665,"20220528PEL02",7,"",NA,NA,NA,NA,0.026,0.029,0.348,0.352,42.48,39.78,0.56,0.586,0.002,0.006,1037.5,1062.5,115.31,120.58,NA,NA,"ZWF","ZWF",""
"525","PEL02","5/5/2020","20200505PEL02",2020,5,"1/0/1900",25.09158,-80.82204,0.8,80,1.74,0.74,0.66,37.53,37.87,NA,25.58,51.9,3.25,60.29,40.36,8.15,NA,NA,NA,NA,NA,NA,"ZWF","ZWF","TAP","","",0.7,37.7,350,"20200505PEL02",10,"1/0/1900",NA,NA,NA,NA,0.03,0.04,1.43,1.3,57.62,58.57,0.56,0.59,0.02,0.02,641.667,642,18.87,18.71,NA,NA,"LMH","TAP",""
"526","PEL02","5/7/2018","20180507PEL02",2018,5,"1/0/1900",25.09187,-80.82182,0.5,50,4.06,0.18,0.2,32.2,30.68,NA,29.493,88.8,5.44,60.254,40.26,8.4,NA,NA,NA,NA,NA,NA,"ZWF","ZWF","ZWF","LOTS OF LORENCIA","",0.19,31.44,175,"20180507PEL02",10,"1/0/1900",0.09,0.23,NA,NA,0.06,0.06,1.33,1.39,44.58,46.92,0.73,0.67,0.04,0.04,662.17,662.17,21.99,21.99,NA,NA,"TAP","ZWF",""
"527","PEL02","6/4/2019","20190604PEL02",2019,6,"1/0/1900",25.09195,-80.82203,0.8,80,4.91,1.9,1.59,40.53,40.1,NA,32.36,81.9,4.76,62.87,42.14,8.18,NA,NA,NA,NA,NA,NA,"ZWF","ZWF","ZWF","","",1.745,40.315,215,"20190604PEL02",10,"1/0/1900",0.07,0.08,NA,NA,0.05,0.05,2.33,2.31,52.86,54.76,0.62,0.6,0.02,0.02,622.417,624.667,NA,NA,NA,NA,"ZWF","ZWF",""
"528","PEL02","7/11/2023","20230711PEL02",2023,7,"1/0/1900",25.0922,-80.82193,1.1,110,1.5,0.19,0.19,27.45,26.9,NA,33.95,107.7,6.2,57.48,37.99,8.3,33.96,108.2,6.26,57.47,37.98,8.31,"ZWF","LAB","ZWF","","",0.19,27.175,756,"20230711PEL02",20,"",0.042,0.044,NA,NA,0.027,0.029,2.436,2.586,27.6,29.1,0.416,0.4,0.017,0.014,475.4,465.1,101.86,104.14,NA,NA,"LAB","ZWF",""
"529","PEL02","7/13/2022","20220713PEL02",2022,7,"1/0/1900",25.09241,-80.82207,1.1,40,10.2,22.34,22.55,46.86,45.47,NA,32.94,106.3,6.123,61.71,41.23,8.13,32.93,106.3,6.1,61.63,41.18,8.12,"ZWF","ZWF","ZWF","","",22.445,46.165,691,"20220713PEL02",7,"",0.066,0.022,NA,NA,0.012,0.007,0.502,0.154,47.522,48.336,1.847,1.713,NA,NA,1401.667,1356.667,206.54,237.06,NA,NA,"ZWF","ZWF",""
"530","PEL02","7/14/2020","20200714PEL02",2020,7,"1/0/1900",25.09168,-80.82248,0.8,80,2.28,0.6,0.53,26.28,26.29,NA,30.5,68.2,4.15,57.14,37.88,8.01,NA,NA,NA,NA,NA,NA,"ZWF","JLS","LMH","","",0.565,26.285,377,"20200714PEL02",10,"1/0/1900",NA,NA,NA,NA,0.044,0.033,2.126,2.155,36.905,35.476,0.369,0.324,0.01,NA,358.3,362.7,30.77,30.92,NA,NA,"ZWF","LMH",""
"531","PEL02","7/22/2021","20210722PEL02",2021,7,"1/0/1900",25.09075,-80.82274,1,100,2.32,1.27,1.03,48.25,48.02,NA,32.42,57.4,3.38,58.02,38.46,7.82,NA,NA,NA,NA,NA,NA,"ZWF","ZWF","ZWF","","",1.15,48.135,534,"20210722PEL02",10,"1/0/1900",0.067,0.073,NA,NA,0.055,0.061,7.353,7.347,77.86,77.86,0.517,0.512,0.003,0.004,885.83,885.83,42.1,41.39,NA,NA,"ZWF","ZWF",""
"532","PEL02","7/7/2018","20180707PEL02",2018,7,"1/0/1900",25.09193,-80.82213,0.8,80,1.69,1.65,1.71,32.83,31.45,0.68,30.51,83.5,5.22,50.34,32.84,8.08,NA,NA,NA,NA,NA,NA,"ZWF","ZWF","ZWF","","",1.68,32.14,145,"20180707PEL02",10,"1/0/1900",0.21,1.16,NA,NA,0.03,0.03,0.67,0.75,45.91,45.64,0.46,0.45,NA,NA,542.75,537.67,4.25,4.14,1.2,1.57,"TAP","ZWF",""
"533","PEL02","8/16/2017","20170816PEL02",2017,8,"1/0/1900",25.09185,-80.822,0.762,76,0.68,0.48,0.46,74.3,107.62,0.72,33.26,90.5,5.16,64.88,43.63,8.03,NA,NA,NA,NA,NA,NA,"ZWF","VMA","AJP","","",0.47,90.96,18,"20170816PEL02",8,"1/0/1900",0.18,0.2,NA,NA,0.17,0.17,1.03,1.49,49.97,50.4,0.36,0.32,NA,NA,598,598.42,75.7,77.63,NA,NA,"VMA","ZWF",""
"534","PEL02","8/19/2019","20190819PEL02",2019,8,"1/0/1900",25.0922,-80.8223,0.9,90,1.89,0.47,0.46,29.67,30.16,NA,30.46,NA,5.23,56.05,37.06,NA,NA,NA,NA,NA,NA,NA,"ZWF","ZWF","LMH","","",0.465,29.915,243,"20190819PEL02",10,"1/0/1900",NA,NA,NA,NA,0.04,0.04,1.32,1.33,29.29,27.86,0.39,0.41,0,0.01,337.167,376.917,48.55,48.59,NA,NA,"LMH","",""
"535","PEL02","9/1/2023","20230901PEL02",2023,9,"1/0/1900",25.09216,-80.8218,1.2,120,1.78,0.68,0.74,33.73,33.97,NA,31.73,119.8,7.21,55.81,36.83,8.47,31.72,123,7.4,55.81,36.83,8.48,"ZWF","LAB","ZWF","","",0.71,33.85,799,"20230901PEL02",20,"",0.075,0.055,NA,NA,0.045,0.035,2.129,2.045,37.6,37.1,0.367,0.39,0.027,0.029,561.1,553.1,50.72,50.15,NA,NA,"LAB","ZWF",""
"536","PEL02","9/12/2024","20240912PEL02",2024,9,"1/0/1900",25.09226,-80.82195,1.4,42,7.65,18.19,19.28,44.81,44.46,NA,31.01,92.2,5.58,57.02,37.76,8.26,31,92.3,5.58,57.01,37.76,8.26,"ZWF","ZWF","ZWF","","",18.735,44.635,1005,"20240912PEL02",24,"",0.003,NA,NA,NA,0.009,0.011,0.25,0.251,109,113.8,0.84,0.863,NA,NA,1242,1241,173.46,172.05,NA,NA,"ZWF","ZWF",""
"537","PEL02","9/14/2022","20220914PEL02",2022,9,"1/0/1900",25.09211,-80.82168,1.2,120,2.44,0.87,0.63,33.35,33.61,NA,30.71,67.2,4.01,61.39,41.08,8.19,30.73,71.1,4.24,61.39,41.08,8.21,"ZWF","ZWF","ZWF","","",0.75,33.48,717,"20220914PEL02",7,"",0.023,0.019,NA,NA,0.043,0.041,3.941,4.046,28.861,30.838,0.467,0.459,NA,0.002,579.167,584.167,102.05,102.49,NA,NA,"ZWF","ZWF",""
"538","PEL02","9/15/2020","20200915PEL02",2020,9,"1/0/1900",25.09245,-80.82179,1,48,9.41,16.36,18.73,39.16,38.71,NA,29,99.4,6.13,59.75,39.9,7.96,NA,NA,NA,NA,NA,NA,"ZWF","LMH","JLS","","",17.545,38.935,403,"20200915PEL02",10,"1/0/1900",0.139,0.073,NA,NA,0.006,0.011,0.231,0.218,133.095,126.667,1.159,1.151,0.001,0,1199.17,1174.17,146.34,146.97,NA,NA,"LMH","ZWF",""
"539","PEL02","9/25/2019","20190925PEL02",2019,9,"1/0/1900",25.09179,-80.82185,1,100,2.22,0.94,0.96,38.35,39.51,NA,27.17,81.7,5.29,55.35,36.65,7.96,NA,NA,NA,NA,NA,NA,"ZWF","LMH","TAP","","",0.95,38.93,286,"20190925PEL02",10,"1/0/1900",0.08,0.09,NA,NA,0.06,0.06,2.44,2.39,54.05,60.24,0.42,0.49,NA,NA,591.917,584.833,28.61,28.8,NA,NA,"LMH","LMH",""
"540","PEL02","9/27/2017","20170927PEL02",2017,9,"1/0/1900",25.09185,-80.822,1.09,109,5.59,2.67,2.24,67.09,85.32,NA,29.37,55.6,3.54,50.12,32.71,7.78,29.37,55.1,3.52,50.12,32.71,7.78,"ZWF","ZWF","AJP","","P9270113.JPG",2.455,76.205,47,"20170927PEL02",8,"1/0/1900",0.32,0.32,NA,NA,NA,NA,9.94,10.03,38.87,40.3,0.52,0.56,NA,NA,369,369.67,14.15,14.37,NA,NA,"VMA","ZWF",""
"541","PEL02","9/7/2021","20210907PEL02",2021,9,"1/0/1900",25.09226,-80.8222,0.9,90,2.68,0.68,0.56,42.5,44.04,NA,32.07,60.3,3.58,57.66,38.21,7.9,NA,NA,NA,NA,NA,NA,"ZWF","ZWF","ZWF","","",0.62,43.27,560,"20210907PEL02",8,"1/0/1900",0.08,0.064,NA,NA,0.057,0.052,6.704,6.699,53.81,54.05,0.427,0.431,NA,NA,634.8,616.2,72.67,74.3,NA,NA,"ZWF","ZWF",""
"542","PEL03","1/12/2021","20210112PEL03",2021,1,"1/0/1900",25.06094,-80.85194,0.7,70,1.34,0.6,0.55,27.15,27.04,NA,20.48,102.6,7.76,45.75,29.71,8.09,NA,NA,NA,NA,NA,NA,"ZWF","ZWF","ZWF","","",0.575,27.095,454,"20210112PEL03",8,"1/0/1900",NA,NA,NA,NA,0.026,0.027,0.426,0.452,29.05,30,0.536,0.569,NA,NA,376.08,375.5,3.27,3.23,NA,NA,"ZWF","ZWF",""
"543","PEL03","1/19/2024","20240119PEL03",2024,1,"1/0/1900",25.06136,-80.85181,1,100,0.75,0.53,0.34,35.63,35.72,NA,25.63,114.3,7.87,46.58,30.23,8.53,25.6,117.5,8.09,46.57,30.22,8.55,"ZWF","LAB","ZWF","","",0.435,35.675,890,"20240119PEL03",26,"",0.063,0.112,NA,NA,0.039,0.042,1.471,1.544,32.9,32.9,0.521,0.552,0.005,0.013,526.9,525.9,18.011,18.088,NA,NA,"LAB","ZWF",""
"544","PEL03","1/21/2022","20220121PEL03",2022,1,"1/0/1900",25.06133,-80.85197,1,100,3.62,0.7,0.5,23.44,23.02,NA,22.53,105.3,7.52,50.54,33.19,8.26,22.51,107.3,7.67,50.55,33.19,8.26,"ZWF","ZWF","ZWF","","",0.6,23.23,642,"20220121PEL03",7,"",0.062,0.007,NA,NA,0.041,0.021,0.871,0.429,22.86,24.52,0.489,0.444,NA,NA,287.3,298.1,12.96,12.59,NA,NA,"ZWF","ZWF",""
"545","PEL03","1/23/2018","20180123PEL03",2018,1,"1/0/1900",25.06141,-80.85186,0.79,79,2.81,0.25,0.23,82.92,89.95,0.353,22.87,75.9,5.48,45.66,29.62,8.21,22.89,78.6,5.7,45.66,29.62,8.22,"VMA","VMA","ZWF","","",0.24,86.435,117,"20180123PEL03",8,"1/0/1900",0.06,0.03,NA,NA,0.03,0.03,1.4,1.54,23.55,21.6,0.56,0.54,0.03,0.05,NA,NA,3.86,3.8,NA,NA,"VMA","ZWF",""
"546","PEL03","1/28/2020","20200128PEL03",2020,1,"1/0/1900",25.06149,-80.85172,0.9,90,5.44,1.05,0.88,30.17,35.4,NA,20.1,88.1,6.51,52.71,34.81,8.05,NA,NA,NA,NA,NA,NA,"ZWF","TAP","LMH","25 subtracted from CDOM","",0.965,32.785,311,"20200128PEL03",8,"1/0/1900",NA,NA,NA,NA,0.02,0.02,0.78,0.68,25.24,24.76,0.52,0.55,0.01,0.01,357.417,353.75,13.46,13.41,NA,NA,"LMH","JLS",""
"547","PEL03","11/14/2021","20211114PEL03",2021,11,"1/0/1900",25.0611,-80.85208,1.1,110,2.67,0.91,0.72,29.12,29.46,NA,24.93,73.6,5.02,51.87,34.12,7.99,24.94,73.9,5.04,51.87,34.12,7.99,"ZWF","ZWF","ZWF","","",0.815,29.29,585,"20211114PEL03",7,"",0.243,0.172,NA,NA,0.168,0.113,5.239,4.159,30,30,0.5,0.449,NA,NA,355.8,362,28.3,28.3,NA,NA,"ZWF","ZWF",""
"548","PEL03","11/20/2024","20241120PEL03",2024,11,"1/0/1900",25.06175,-80.85156,1.2,120,1.02,0.74,0.64,27.93,28.81,NA,24.92,94.9,6.78,40.43,25.83,8.32,24.93,95.2,6.82,40.44,25.84,8.32,"ZWF","ZWF","ZWF","","",0.69,28.37,1037,"20241120PEL03",17,"",0.159,0.069,NA,NA,0.082,0.079,1.771,1.618,45.2,45.2,0.403,0.472,0.008,0.002,625.6,629.1,24.719,24.661,NA,NA,"ZWF","ZWF",""
"549","PEL03","11/21/2017","20171121PEL03",2017,11,"1/0/1900",25.06153,-80.85195,0.945,94,1.65,0.65,1.33,91.02,98.95,0.9889,23.85,80.1,5.79,41.83,26.85,7.95,23.85,80.8,5.86,41.78,26.81,7.96,"VMA","VMA","ZWF","","",0.99,94.985,88,"20171121PEL03",8,"1/0/1900",NA,NA,NA,NA,0.1,0.12,4.27,5.25,32.28,34.91,0.58,0.63,0.03,0.02,399.25,407.33,3.96,3.84,NA,NA,"VMA","ZWF",""
"550","PEL03","11/27/2020","20201127PEL03",2020,11,"1/0/1900",25.06101,-80.85137,0.8,80,2.18,1.12,1.09,50.08,49.23,NA,24.418,96.3,7.35,27.388,16.81,8.36,24.47,106.3,7.61,27.403,16.82,8.36,"ZWF","LMH","ZWF","","",1.105,49.655,428,"20201127PEL03",8,"1/0/1900",0.418,0.427,NA,NA,0.231,0.247,6.288,6.291,50.644,51.611,0.369,0.392,NA,0.007,693.3,696.6,2.201,2.229,NA,NA,"ZWF","ZWF",""
"551","PEL03","11/8/2023","20231108PEL03",2023,11,"1/0/1900",25.06144,-80.85205,1.4,65,7.1,16.05,16.49,45.53,45.92,NA,25.4,103,6.8,57.81,38.55,8.24,25.31,105.5,6.97,57.79,38.53,8.25,"ZWF","LAB","ZWF","","",16.27,45.725,850,"20231108PEL03",22,"",NA,0.074,NA,NA,0.014,0.017,0.133,0.141,72,69.2,1.045,0.997,NA,0.003,999.2,992.5,92.87,91.97,NA,NA,"LAB","ZWF",""
"552","PEL03","3/14/2024","20240314PEL03",2024,3,"1/0/1900",25.06136,-80.85198,1,100,0.82,0.33,0.35,33.7,33.5,NA,26.44,101,6.77,49.62,32.42,8.73,NA,NA,NA,NA,NA,NA,"ZWF","LAB","ZWF","","",0.34,33.6,924,"20240314PEL03",17,"",0.011,0.001,NA,NA,0.01,0.014,0.287,0.253,35.5,35.5,0.823,0.851,0.017,NA,565.6,580.3,39.746,40.453,NA,NA,"LAB","ZWF",""
"553","PEL03","3/15/2021","20210315PEL03",2021,3,"1/0/1900",25.06133,-80.852,0.9,90,2.11,0.74,0.63,38.35,37.49,NA,24.29,67.9,4.67,51.56,33.9,8.29,NA,NA,NA,NA,NA,NA,"ZWF","CJK","ZWF","","",0.685,37.92,480,"20210315PEL03",8,"1/0/1900",0.006,0.007,NA,NA,0.03,0.032,0.402,0.401,50.24,55,0.577,0.634,0,-0.003,516.2,529,17.439,17.112,NA,NA,"ZWF","ZWF",""
"554","PEL03","3/17/2020","20200317PEL03",2020,3,"1/0/1900",25.0609,-80.85194,0.7,70,2.1,0.56,0.54,39.52,39.69,NA,24.28,84.4,5.69,56.8,37.81,8.34,NA,NA,NA,NA,NA,NA,"ZWF","LMH","TAP","","",0.55,39.605,323,"20200317PEL03",8,"1/0/1900",0.01,0.03,NA,NA,0.01,0.01,0.52,0.59,47.14,48.1,0.53,0.49,0,0.01,563.833,566.75,11.78,11.89,NA,NA,"JLS","ZWF",""
"555","PEL03","3/17/2022","20220317PEL03",2022,3,"1/0/1900",25.06105,-80.85183,1,100,2.81,1.31,1.27,44.27,44.04,NA,27.14,75.1,4.83,56.97,37.86,8.37,NA,NA,NA,NA,NA,NA,"ZWF","ZWF","ZWF","","",1.29,44.155,624,"20220317PEL03",7,"",NA,NA,NA,NA,0.033,0.035,0.324,0.401,57.62,58.1,0.612,0.601,NA,NA,775.3,736.2,54.96,54.74,NA,NA,"ZWF","ZWF",""
"556","PEL03","5/10/2024","20240510PEL03",2024,5,"1/0/1900",25.06192,-80.8514,0.9,90,1.52,0.34,0.29,25.16,25.94,NA,29.29,114.1,7.24,51.93,34.04,8.52,NA,NA,NA,NA,NA,NA,"ZWF","LAB","ZWF","","",0.315,25.55,983,"20240510PEL03",34,"",NA,NA,NA,NA,NA,NA,NA,NA,50.2,48.1,0.38,0.363,NA,NA,630.6,627.3,53.28,53.05,NA,NA,"ZWF","LAB","Filtered samples perished in broken freezer"
"557","PEL03","5/14/2021","20210514PEL03",2021,5,"1/0/1900",25.06105,-80.85149,0.9,90,1.83,0.72,0.61,43.19,43.86,NA,29.11,92.4,5.72,58.25,38.77,8.25,NA,NA,NA,NA,NA,NA,"ZWF","ZWF","ZWF","","",0.665,43.525,506,"20210514PEL03",8,"1/0/1900",0.028,0.027,NA,NA,0.045,0.046,0.73,0.738,53.57,48.33,0.551,0.517,0.011,0.01,732.75,731.75,93.17,91.49,NA,NA,"ZWF","ZWF",""
"558","PEL03","5/28/2022","20220528PEL03",2022,5,"1/0/1900",25.06133,-80.852,1.1,110,1.59,0.5,0.52,30.14,29.68,NA,30.23,67,3.97,64.43,43.43,8.07,29.77,78.2,4.67,64.6,43.58,8.13,"ZWF","ZWF","ZWF","","",0.51,29.91,666,"20220528PEL03",8,"",0.008,0.012,NA,NA,0.049,0.036,1.964,2.146,31.81,31.75,0.428,0.383,0.007,0.007,629,627.8,29.17,34.17,NA,NA,"ZWF","ZWF",""
"559","PEL03","5/5/2020","20200505PEL03",2020,5,"1/0/1900",25.06159,-80.85155,0.8,80,1.17,0.43,0.42,30.04,30.96,NA,27.42,34.7,2.24,58.19,38.78,7.96,NA,NA,NA,NA,NA,NA,"ZWF","ZWF","TAP","","",0.425,30.5,349,"20200505PEL03",8,"1/0/1900",NA,NA,NA,NA,0.04,0.04,1.7,1.82,37.14,36.9,0.43,0.45,0,0.01,402.75,403.833,31.09,31.68,NA,NA,"LMH","TAP",""
"560","PEL03","5/7/2018","20180507PEL03",2018,5,"1/0/1900",25.0615,-80.85163,0.5,50,1.46,0.25,0.26,25.38,26.54,NA,29.68,89.6,5.49,59.035,39.33,8.4,NA,NA,NA,NA,NA,NA,"ZWF","ZWF","ZWF","LOTS OF LORENCIA","",0.255,25.96,174,"20180507PEL03",8,"1/0/1900",0.08,0.1,NA,NA,0.04,0.07,0.8,0.82,42.62,40.29,0.55,0.53,0.03,0.06,600.83,608.58,19.34,19.34,NA,NA,"TAP","ZWF",""
"561","PEL03","6/4/2019","20190604PEL03",2019,6,"1/0/1900",25.06119,-80.85213,0.8,80,1.93,1.81,1.93,52.75,53.16,NA,31.27,18.2,1.07,63.11,42.37,7.54,NA,NA,NA,NA,NA,NA,"ZWF","ZWF","ZWF","Low DO and high CDOM levels","",1.87,52.955,214,"20190604PEL03",8,"1/0/1900",0.03,0.02,NA,NA,0.04,0.04,0.92,0.92,65.71,63.1,0.68,0.62,0.01,0.06,741.417,763.417,NA,NA,NA,NA,"ZWF","ZWF",""
"562","PEL03","7/11/2023","20230711PEL03",2023,7,"1/0/1900",25.06129,-80.85183,1.2,120,1.21,0.64,0.67,26.19,26.04,NA,34.01,136.3,7.85,57.75,38.19,8.4,33.99,143.4,8.26,57.73,38.18,8.42,"ZWF","LAB","ZWF","","",0.655,26.115,755,"20230711PEL03",19,"",0.013,0.06,NA,NA,0.026,0.022,0.935,1.14,26.4,28.9,0.379,0.394,0.008,0.011,496.3,514.6,96.57,97.55,NA,NA,"LAB","ZWF",""
"563","PEL03","7/13/2022","20220713PEL03",2022,7,"1/0/1900",25.06127,-80.85171,1,100,2.98,2.94,2.77,50.05,49.98,NA,33.09,54.9,3.13,63.29,42.43,7.8,NA,NA,NA,NA,NA,NA,"ZWF","ZWF","ZWF","","",2.855,50.015,692,"20220713PEL03",8,"",0.06,0.088,NA,NA,0.031,0.033,2.663,2.779,32.521,29.78,0.659,0.649,NA,NA,853.3333,900,62.875,63.015,NA,NA,"ZWF","ZWF",""
"564","PEL03","7/14/2020","20200714PEL03",2020,7,"1/0/1900",25.0612,-80.85153,0.6,60,1.89,1.4,1.56,25.44,26.28,NA,30.47,65.8,4.01,57.26,37.97,7.94,NA,NA,NA,NA,NA,NA,"ZWF","JLS","LMH","","",1.48,25.86,376,"20200714PEL03",8,"1/0/1900",NA,NA,NA,NA,0.024,0.023,1.378,1.412,34.762,35.952,0.491,0.433,0.003,NA,357.3,352.6,17.42,17.04,NA,NA,"ZWF","LMH",""
"565","PEL03","7/22/2021","20210722PEL03",2021,7,"1/0/1900",25.0612,-80.8519,1.3,130,1.6,0.94,0.95,54.06,54.27,NA,32.52,49,2.84,61.37,40.99,7.83,NA,NA,NA,NA,NA,NA,"ZWF","ZWF","ZWF","","",0.945,54.165,533,"20210722PEL03",8,"1/0/1900",0.007,0,NA,NA,0.018,0.018,3.586,3.538,71.43,70.71,0.535,0.543,0.004,0.004,832.92,840,33.59,33.62,NA,NA,"ZWF","ZWF",""
"566","PEL03","7/7/2018","20180707PEL03",2018,7,"1/0/1900",25.06154,-80.85209,0.8,80,1.56,1.02,1.08,27.43,24.16,0.33,30.59,87.4,5.42,52.6,34.49,8.19,NA,NA,NA,NA,NA,NA,"ZWF","ZWF","ZWF","0.82,0.87 SFWMD chlA ug/L","",1.05,25.795,144,"20180707PEL03",8,"1/0/1900",1.23,0.3,NA,NA,0.03,0.04,1.34,1.58,46.25,47.71,0.42,0.43,NA,NA,549.92,552.33,7.8,7.86,0.51,0.73,"TAP","ZWF",""
"567","PEL03","8/16/2017","20170816PEL03",2017,8,"1/0/1900",25.06141,-80.85186,0.76,76,0.82,0.77,0.74,109.55,117.42,0.727,33.38,79.9,4.48,66.49,44.88,8.27,NA,NA,NA,NA,NA,NA,"ZWF","VMA","AJP","","P8160005.JPG",0.755,113.485,17,"20170816PEL03",7,"1/0/1900",0.22,0.23,NA,NA,0.21,0.21,1.03,1.01,71.08,70.46,0.48,0.44,NA,NA,860,860,72.84,72.86,NA,NA,"VMA","ZWF",""
"568","PEL03","8/19/2019","20190819PEL03",2019,8,"1/0/1900",25.06118,-80.85197,0.8,80,1.67,0.99,1.03,29.32,29.08,NA,30.5,63.4,3.87,57.25,37.96,NA,NA,NA,NA,NA,NA,NA,"ZWF","ZWF","LMH","","",1.01,29.2,242,"20190819PEL03",8,"1/0/1900",NA,NA,NA,NA,0.03,0.03,1.21,1.15,28.57,27.86,0.42,0.51,NA,NA,320.667,319.75,49.85,51.23,NA,NA,"LMH","",""
"569","PEL03","9/1/2023","20230901PEL03",2023,9,"1/0/1900",25.06139,-80.85188,1.1,110,1.25,1.61,1.99,35.67,35.78,NA,31.75,70.4,4.23,55.98,36.96,8.27,31.71,76.5,4.58,55.98,36.96,8.29,"ZWF","LAB","ZWF","","",1.8,35.725,798,"20230901PEL03",19,"",0.016,0.028,NA,NA,0.029,0.04,2.555,2.585,44.6,47.1,0.407,0.404,NA,NA,674.5,660.9,31.78,31.89,NA,NA,"LAB","ZWF",""
"570","PEL03","9/12/2024","20240912PEL03",2024,9,"1/0/1900",25.06144,-80.85178,1.3,48,7.36,27.16,27.35,45.17,44.65,NA,30.72,65,3.96,56.29,37.24,7.97,30.68,65,3.96,56.36,37.29,7.97,"ZWF","ZWF","ZWF","","",27.255,44.91,1004,"20240912PEL03",23,"",NA,NA,NA,NA,0.016,0.017,0.298,0.184,102.1,114.8,1.06,1.027,NA,NA,1228,1203,147.54,148.77,NA,NA,"ZWF","ZWF",""
"571","PEL03","9/14/2022","20220914PEL03",2022,9,"1/0/1900",25.06118,-80.85204,1.1,110,4.03,5.21,5.01,29.24,28.74,NA,30.67,70.8,4.26,59.17,39.4,8.26,30.69,75,4.52,58.97,39.28,8.27,"ZWF","ZWF","ZWF","","",5.11,28.99,718,"20220914PEL03",8,"",0.062,0.057,NA,NA,0.036,0.037,0.822,0.796,26.171,22.175,0.566,0.543,0.01,0.021,611,602.75,52.94,55.16,NA,NA,"ZWF","ZWF",""
"572","PEL03","9/15/2020","20200915PEL03",2020,9,"1/0/1900",25.06125,-80.85181,1,38,11.7,34.23,29.4,43.68,43.24,NA,28.86,80.9,4.99,60.44,40.43,7.88,NA,NA,NA,NA,NA,NA,"ZWF","LMH","JLS","","",31.815,43.46,402,"20200915PEL03",8,"1/0/1900",0.167,0.153,NA,NA,0.021,0.02,0.307,0.296,160.238,159.286,1.651,1.624,0.028,0.022,1257.5,1280,228.92,227.76,NA,NA,"LMH","ZWF",""
"573","PEL03","9/25/2019","20190925PEL03",2019,9,"1/0/1900",25.06139,-80.85195,1.3,130,1.08,0.57,0.57,39.65,38.93,NA,27.26,61.9,3.99,55.96,37.1,7.82,27.26,64.1,4.13,55.95,37.09,7.84,"ZWF","LMH","TAP","","",0.57,39.29,285,"20190925PEL03",8,"1/0/1900",0.07,0.06,NA,NA,0.06,0.06,3.83,3.81,49.52,50.48,0.53,0.47,NA,NA,539.667,545.333,23.36,23.79,NA,NA,"LMH","LMH",""
"574","PEL03","9/27/2017","20170927PEL03",2017,9,"1/0/1900",25.06141,-80.85186,0.975,98,2.04,0.5,0.45,75.65,60.74,NA,29.69,76.1,4.8,51.87,33.98,8.19,29.7,76.9,4.85,51.86,33.98,8.19,"ZWF","ZWF","AJP","","P9270109.JPG",0.475,68.195,45,"20170927PEL03",7,"1/0/1900",0.06,0.14,NA,NA,NA,NA,0.95,0.98,33.92,33.59,0.38,0.39,NA,NA,400.58,398.92,3.1,3.14,NA,NA,"VMA","ZWF",""
"575","PEL03","9/7/2021","20210907PEL03",2021,9,"1/0/1900",25.06129,-80.85206,1.1,110,1.1,1.22,1.11,40.1,40.8,NA,31.8,31.3,1.89,57.8,38.32,7.89,31.44,45.1,2.71,57.85,38.37,7.92,"ZWF","ZWF","ZWF","","",1.165,40.45,559,"20210907PEL03",7,"1/0/1900",0.002,0.006,NA,NA,0.032,0.017,3.014,3.013,47.86,48.57,0.48,0.444,NA,NA,597.6,591.7,48.83,46.93,NA,NA,"ZWF","ZWF",""
"576","RAB01","1/14/2021","20210114RAB01",2021,1,"1/0/1900",25.02025,-80.89072,0.6,60,1.86,0.41,0.38,25.03,24.96,NA,19.72,108.1,8.3,45.52,29.55,8.09,NA,NA,NA,NA,NA,NA,"ZWF","ZWF","ZWF","","",0.395,24.995,469,"20210114RAB01",24,"1/0/1900",0.065,0.038,NA,NA,0.089,0.071,0.73,0.634,25.48,26.9,0.473,0.452,NA,NA,336.75,340.92,7.56,7.5,NA,NA,"ZWF","ZWF",""
"577","RAB01","1/17/2024","20240117RAB01",2024,1,"1/0/1900",25.01707,-80.894,1.7,170,0.67,0.44,0.41,30.89,32.03,NA,23.51,82.2,5.56,46.98,30.57,8.45,23.55,82.5,5.88,47,30.58,8.46,"ZWF","LAB","ZWF","","",0.425,31.46,878,"20240117RAB01",13,"",0.019,0.03,NA,NA,0.062,0.081,0.05,0.114,28.6,28.8,0.293,0.296,NA,NA,440.8,405.1,10.251,10.271,NA,NA,"LAB","ZWF",""
"578","RAB01","1/20/2022","20220120RAB01",2022,1,"1/0/1900",25.01687,-80.89426,1.7,170,1.04,0.58,0.47,20.22,20.08,NA,20.12,102.8,7.67,51.01,33.55,8.17,20.09,104.1,7.76,51,33.54,8.17,"ZWF","ZWF","ZWF","","",0.525,20.15,614,"20220120RAB01",22,"",0.091,0.108,NA,NA,0.05,0.057,0.522,0.57,17.14,18.57,0.396,0.358,NA,NA,361.8,392.9,16.4,16.07,NA,NA,"ZWF","ZWF",""
"579","RAB01","1/23/2018","20180123RAB01",2018,1,"1/0/1900",25.01995,-80.88972,0.823,82,0.93,0.15,0.09,60.81,64.63,NA,22.81,106,7.68,45.54,29.53,8.28,NA,NA,NA,NA,NA,NA,"ZWF","VMA","ZWF","","",0.12,62.72,133,"20180123RAB01",24,"1/0/1900",0.06,0.06,NA,NA,NA,NA,0.25,0.25,22.56,23.56,0.56,0.49,NA,NA,442.83,435.25,3.92,3.78,NA,NA,"VMA","ZWF",""
"580","RAB01","1/27/2020","20200127RAB01",2020,1,"1/0/1900",25.01705,-80.89417,1.4,140,2.9,0.67,0.59,25.36,32.82,NA,18.96,103.2,7.78,53.27,35.22,8.17,18.9,103.6,7.8,53.26,33.22,8.16,"ZWF","TAP","LMH","25 subtracted from CDOM, JLS did QA/QC","",0.63,29.09,300,"20200127RAB01",24,"1/0/1900",0.02,0.02,NA,NA,0.03,0.04,0.53,0.6,22.14,21.67,0.39,0.37,NA,NA,334.417,333.333,18.69,18.66,NA,NA,"LMH","JLS",""
"581","RAB01","11/10/2021","20211110RAB01",2021,11,"1/0/1900",25.01659,-80.89472,1.9,190,1.16,0.58,0.47,23.18,23.23,NA,22.91,96.2,6.78,52.19,34.4,8.24,22.9,96.8,6.82,52.22,34.42,8.25,"ZWF","ZWF","ZWF","","",0.525,23.205,600,"20211110RAB01",22,"",0.011,0.058,NA,NA,0.028,0.048,0.821,1.003,20.238,20.238,0.517,0.456,0.036,0.037,307.5,307.7,9.38,9.51,NA,NA,"ZWF","ZWF",""
"582","RAB01","11/13/2017","20171113RAB01",2017,11,"1/0/1900",25.01989,-80.88974,1.25,125,0.75,0.59,0.48,74.89,75.62,NA,25.79,89.7,6.19,45.22,29.24,8.2,25.8,90.6,6.25,42.23,29.25,8.2,"AJP","VMA","AJP","","",0.535,75.255,75,"20171113RAB01",10,"1/0/1900",0.1,0.1,NA,NA,0.02,0.2,1.81,1.95,34.31,32.73,0.52,0.62,0.03,0.05,495.92,501.25,7.8,7.64,NA,NA,"VMA","ZWF",""
"583","RAB01","11/21/2017","20171121RAB01",2017,11,"1/0/1900",25.01989,-80.88974,0.944,94,1.45,1.54,1.39,77.78,81.51,NA,23.85,89.5,6.47,42.05,27,8.23,23.85,89.7,6.5,42.06,27.02,8.23,"ZWF","VMA","ZWF","","",1.465,79.645,104,"20171121RAB01",24,"1/0/1900",0.19,NA,NA,NA,0.02,0.02,2.04,2.98,29.89,31,0.48,0.52,0.04,0.06,395.75,393.25,2.93,2.4,NA,NA,"VMA","ZWF",""
"584","RAB01","11/26/2024","20241126RAB01",2024,11,"1/0/1900",25.01655,-80.89426,1.8,180,1.5,5.3,5.35,38.05,37.62,NA,21.72,107.2,7.92,46.05,29.92,8.45,21.42,110.9,8.24,46.06,29.92,8.47,"ZWF","ZWF","ZWF","","",5.325,37.835,1044,"20241126RAB01",24,"",NA,0.028,NA,NA,NA,0.006,0.17,0.321,58.8,57.9,0.855,0.882,NA,0.008,788.3,818,108.12,111.68,NA,NA,"ZWF","ZWF",""
"585","RAB01","11/29/2020","20201129RAB01",2020,11,"1/0/1900",25.02163,-80.88979,0.5,50,1.96,1.18,1.04,35.72,34.87,NA,26.54,102.7,7.24,36.958,23.35,8.3,NA,NA,NA,NA,NA,NA,"ZWF","LMH","ZWF","","",1.11,35.295,443,"20201129RAB01",24,"1/0/1900",0.366,0.366,NA,NA,0.181,0.178,1.651,1.672,44.391,43.381,0.502,0.481,0.003,0.005,556.8,558.6,7.838,7.882,NA,NA,"ZWF","ZWF",""
"586","RAB01","11/8/2023","20231108RAB01",2023,11,"1/0/1900",25.01635,-80.89458,1.8,180,1.65,5.59,6.23,38.04,39.27,NA,25.372,115.8,7.56,60.197,40.37,8.19,25.399,115.1,7.53,60.084,40.25,8.19,"LAB","LAB","ZWF","","",5.91,38.655,838,"20231108RAB01",32,"",0.315,0.027,NA,NA,0.039,0.042,0.349,0.26,49.4,48.2,0.583,0.557,0.046,0.05,715.8,707.3,56.77,56.64,NA,NA,"LAB","ZWF",""
"587","RAB01","3/16/2021","20210316RAB01",2021,3,"1/0/1900",25.0172,-80.89418,1.4,140,1.16,0.32,0.31,34.94,35.31,NA,24.54,92.5,6.37,50.86,33.38,8.45,24.53,93,6.39,50.85,33.37,8.44,"ZWF","CJK","ZWF","","",0.315,35.125,495,"20210316RAB01",24,"1/0/1900",0.184,0.184,NA,NA,0.066,0.07,0.367,0.37,53.57,56.43,0.356,0.354,0.007,0.01,554.3,562.3,63.957,64.149,NA,NA,"ZWF","ZWF",""
"588","RAB01","3/17/2020","20200317RAB01",2020,3,"1/0/1900",25.01943,-80.89008,1.4,140,0.8,0.24,0.31,38.1,38.19,NA,24.974,92.1,6.1,58.278,38.9,8.39,24.968,94.9,6.26,58.268,38.89,8.39,"JLS","LMH","TAP","","",0.275,38.145,338,"20200317RAB01",24,"1/0/1900",0.05,0.06,NA,NA,0.02,0.01,0.11,0.14,47.14,47.86,0.42,0.43,NA,0,630.333,633.667,28.73,29.66,NA,NA,"JLS","ZWF",""
"589","RAB01","3/18/2022","20220318RAB01",2022,3,"1/0/1900",25.01674,-80.8947,1.7,170,0.86,0.44,0.41,34.66,35.38,NA,27.46,97.7,6.3,55.4,36.67,8.51,27.49,103,6.63,55.332,36.62,8.51,"ZWF","ZWF","ZWF","","",0.425,35.02,630,"20220318RAB01",13,"",0.041,0.104,NA,NA,0.034,0.064,0.591,0.484,39.29,39.76,0.404,0.411,NA,NA,554.2,546.1,61.19,61.48,NA,NA,"ZWF","ZWF",""
"590","RAB01","3/18/2024","20240318RAB01",2024,3,"1/0/1900",25.01613,-80.89427,1.6,160,0.78,0.26,0.24,30.53,30.41,NA,27.85,92.7,6.06,50.19,32.81,8.69,27.84,92.7,6.07,50.19,32.81,8.69,"ZWF","LAB","ZWF","","",0.25,30.47,944,"20240318RAB01",37,"",0.077,0.098,NA,NA,0.036,0.046,0.324,0.311,32.1,31,0.7,0.699,0.002,0.004,470.3,479.7,27.323,26.921,NA,NA,"LAB","ZWF",""
"591","RAB01","5/11/2021","20210511RAB01",2021,5,"1/0/1900",25.01673,-80.89446,1.8,180,0.96,0.5,0.6,37.94,37.33,NA,29.94,87.3,5.33,58.78,39.13,8.38,29.81,95.1,5.78,59.03,39.32,8.41,"ZWF","ZWF","ZWF","","",0.55,37.635,521,"20210511RAB01",24,"1/0/1900",0.129,0.135,NA,NA,0.093,0.1,0.651,0.644,50,49.76,0.461,0.502,0.025,0.026,619.95,536.28,96.38,93.44,NA,NA,"ZWF","ZWF",""
"592","RAB01","5/17/2024","20240517RAB01",2024,5,"1/0/1900",25.01771,-80.89329,1.8,110,2.27,8.53,8.49,35.62,35.91,NA,30.94,108.1,6.6,53.07,34.83,8.64,NA,110.6,6.81,53.08,34.84,8.64,"ZWF","LAB","ZWF","","",8.51,35.765,969,"20240517RAB01",19,"",NA,NA,NA,NA,NA,NA,NA,NA,71.4,66.7,0.951,0.944,NA,NA,875,866.7,146.05,145.65,NA,NA,"ZWF","LAB","Filtered samples perished in broken freezer"
"593","RAB01","5/29/2022","20220529RAB01",2022,5,"1/0/1900",25.0168,-80.8943,1.9,87,5.2,12.72,12.57,36.62,37.25,NA,30.01,75,4.47,64.12,43.2,8.35,30.01,72,4.29,64.12,43.2,8.35,"ZWF","ZWF","ZWF","","",12.645,36.935,672,"20220529RAB01",14,"",NA,NA,NA,NA,0.012,0.014,0.31,0.472,40.47,40.22,0.983,1.082,0.036,0.025,848.3,856.7,154.05,144.21,NA,NA,"ZWF","ZWF",""
"594","RAB01","5/4/2020","20200504RAB01",2020,5,"1/0/1900",25.01978,-80.88957,2.2,220,1.14,0.22,0.22,24.15,24.17,NA,26.97,86.9,5.57,58.5,39,8.29,26.85,106.7,6.78,58.91,39.33,8.38,"ZWF","ZWF","TAP","","",0.22,24.16,364,"20200504RAB01",24,"1/0/1900",0.02,NA,NA,NA,0.04,0.04,0.41,0.38,33.33,34.52,0.35,0.44,0.02,0.01,392.333,397.167,28.17,28.68,NA,NA,"LMH","TAP",""
"595","RAB01","5/8/2018","20180508RAB01",2018,5,"1/0/1900",25.02002,-80.88947,0.7,70,1.65,0.6,0.66,19.2,18.89,0.3803,28.291,91.6,5.76,58.66,39.1,8.29,28.297,98.1,6.14,58.664,39.1,8.29,"ZWF","ZWF","ZWF","","",0.63,19.045,189,"20180508RAB01",24,"1/0/1900",0.11,0.12,NA,NA,0.04,0.05,0.4,0.4,30.93,30.72,0.48,0.48,0.03,0.03,458.5,455.08,13.27,13.32,NA,NA,"TAP","ZWF",""
"596","RAB01","6/3/2019","20190603RAB01",2019,6,"1/0/1900",25.02033,-80.88961,1.06,106,1.21,1.15,1.32,44.38,43.41,NA,31.49,75.4,4.4,62.97,42.27,8.1,31.56,75.4,4.41,63.02,42.29,8.11,"ZWF","ZWF","ZWF","","",1.235,43.895,229,"20190603RAB01",24,"1/0/1900",0.05,0.04,NA,NA,0.05,0.05,0.72,0.71,53.81,52.14,0.45,0.44,0.03,0.02,709.917,699.167,NA,NA,NA,NA,"ZWF","ZWF",""
"597","RAB01","7/12/2022","20220712RAB01",2022,7,"1/0/1900",25.01661,-80.89427,1.7,170,1.03,1.34,1.17,37.7,37.66,NA,31.94,82.4,4.85,60.11,40.05,8.22,31.92,82.8,4.87,60.09,40.04,8.22,"ZWF","ZWF","ZWF","","",1.255,37.68,698,"20220712RAB01",14,"",0.018,0.022,NA,NA,0.041,0.042,1.218,1.407,21.584,21.126,0.389,0.509,0.006,NA,623.25,648.833,21.758,21.434,NA,NA,"ZWF","ZWF",""
"598","RAB01","7/13/2020","20200713RAB01",2020,7,"1/0/1900",25.01695,-80.89395,1.7,170,2.32,2.73,2.43,22.19,22.22,NA,29.69,80.6,4.98,56.41,37.36,7.96,29.65,83.1,5.14,56.49,37.39,7.99,"ZWF","JLS","LMH","","",2.58,22.205,391,"20200713RAB01",24,"1/0/1900",NA,NA,NA,NA,NA,NA,0.121,0.127,27.381,28.81,0.386,0.399,NA,0,300.7,296.9,5.36,5.33,NA,NA,"ZWF","LMH",""
"599","RAB01","7/14/2023","20230714RAB01",2023,7,"1/0/1900",25.01702,-80.89423,1.9,190,0.56,0.83,0.86,25.37,24.9,NA,32.93,66.6,3.89,57.45,38.01,8.34,32.89,68.2,4,57.44,38.01,8.35,"ZWF","LAB","ZWF","bottles labeled as BLUE2 site. If discrepancy occurs with Chl, will have to adjust accordingly","",0.845,25.135,775,"20230714RAB01",39,"",0.11,0.139,NA,NA,0.044,0.043,0.902,1.053,15.7,20.1,0.448,0.431,NA,NA,369.2,368,133.33,130.19,NA,NA,"LAB","ZWF",""
"600","RAB01","7/20/2021","20210720RAB01",2021,7,"1/0/1900",25.01718,-80.89441,2.2,220,0.87,0.6,0.72,47.83,49.13,NA,30.28,57.2,3.44,60.6,40.5,8.16,30.29,57.3,3.54,60.7,40.57,8.19,"ZWF","ZWF","ZWF","","",0.66,48.48,548,"20210720RAB01",24,"1/0/1900",0.069,0.07,NA,NA,0.027,0.025,0.469,0.455,62.86,62.86,0.495,0.418,NA,0.005,800.75,672.17,29.95,30.57,NA,NA,"ZWF","ZWF",""
"601","RAB01","7/8/2018","20180708RAB01",2018,7,"1/0/1900",25.02009,-80.88972,1,100,1.33,0.8,0.76,34.21,28.43,0.1654,30.64,95.1,5.84,54.78,36.11,8.37,30.65,109.1,6.74,54.92,36.2,8.39,"ZWF","ZWF","ZWF","","",0.78,31.32,159,"20180708RAB01",24,"1/0/1900",0.07,0.19,NA,NA,0.04,0.04,0.66,0.66,44.54,44.89,0.34,0.34,NA,NA,536.58,540.17,15.97,15.94,0.4,0.44,"TAP","ZWF",""
"602","RAB01","8/17/2017","20170817RAB01",2017,8,"1/0/1900",25.01989,-80.88974,1.03,103,1.18,1.53,1,71.94,73.85,0.5537,32.88,76,4.35,62.85,42.1,8.21,32.9,77.6,4.5,62.86,42.1,8.22,"ZWF","VMA","AJP","","",1.265,72.895,33,"20170817RAB01",22,"1/0/1900",0.18,0.21,NA,NA,0.14,0.14,0.93,0.91,39.74,39.93,0.34,0.33,NA,NA,471.17,471,63.61,63.77,NA,NA,"VMA","ZWF",""
"603","RAB01","8/20/2019","20190820RAB01",2019,8,"1/0/1900",25.01424,-80.89321,1.6,160,0.94,0.72,0.58,29.02,28.81,NA,29.91,69.3,4.27,56.29,37.27,NA,29.91,69.5,4.3,56.29,37.26,NA,"ZWF","ZWF","LMH","","",0.65,28.915,257,"20190820RAB01",24,"1/0/1900",NA,NA,NA,NA,0.04,0.04,0.54,0.54,29.29,27.86,0.32,0.42,NA,NA,376,426.917,25.07,24.25,NA,NA,"LMH","",""
"604","RAB01","9/13/2022","20220913RAB01",2022,9,"1/0/1900",25.01665,-80.8943,1.8,180,1.78,3.73,3.78,27.18,27.88,NA,31.67,69.8,4.12,60.57,40.42,8.33,31.26,74.3,4.39,61.07,40.82,8.36,"ZWF","ZWF","ZWF","","",3.755,27.53,724,"20220913RAB01",14,"",0.046,0.049,NA,NA,0.032,0.036,1.377,1.427,22.376,21.258,0.474,0.447,NA,NA,562.833,574.417,50.5,44.45,NA,NA,"ZWF","ZWF",""
"605","RAB01","9/14/2020","20200914RAB01",2020,9,"1/0/1900",25.01697,-80.8944,1.8,70,5.07,17.85,17.39,40.45,40.88,NA,27.95,78.8,4.9,61.54,41.3,7.99,27.91,77.9,4.85,61.53,41.29,7.99,"ZWF","LMH","JLS","","",17.62,40.665,417,"20200914RAB01",24,"1/0/1900",NA,NA,NA,NA,0.022,0.013,0.707,0.697,98.333,110.238,1.15,1.148,NA,NA,858.33,856.67,108.85,108.74,NA,NA,"LMH","ZWF",""
"606","RAB01","9/16/2024","20240916RAB01",2024,9,"1/0/1900",25.01677,-80.89385,2,200,0.45,0.68,0.61,43.07,42.86,NA,32.24,64.9,3.86,56.37,37.23,8.04,32.24,64.8,3.85,56.39,37.25,8.04,"ZWF","ZWF","ZWF","","",0.645,42.965,1018,"20240916RAB01",5,"",0.091,0.078,NA,NA,0.066,0.063,1.095,0.833,54,56,0.247,0.259,NA,NA,653.5,671.7,4.916,4.944,NA,NA,"ZWF","ZWF",""
"607","RAB01","9/24/2019","20190924RAB01",2019,9,"1/0/1900",25.01829,-80.8937,1.8,180,1.2,0.54,0.61,35.09,35.27,NA,26.57,77.1,5.01,56.51,37.54,8.17,26.56,77,5.01,56.52,37.54,8.17,"ZWF","LMH","TAP","","",0.575,35.18,272,"20190924RAB01",24,"1/0/1900",0.07,0.09,NA,NA,0.05,0.07,0.74,0.98,45.71,44.29,0.36,0.38,0,0,490.167,489.583,10.9,11.14,NA,NA,"LMH","LMH",""
"608","RAB01","9/26/2017","20170926RAB01",2017,9,"1/0/1900",25.01989,-80.88974,1.21,121,1.49,0.48,0.56,59.39,NA,0.5442,31.063,92.8,5.74,51.47,33.64,8.02,31.035,93.8,5.79,51.45,33.63,8.01,"ZWF","VMA","ZWF","","",0.52,NA,62,"20170926RAB01",22,"1/0/1900",0.61,0.58,NA,NA,NA,NA,3.33,3.41,29.08,30.33,0.4,0.44,NA,NA,330.33,334,21.75,18.31,NA,NA,"VMA","ZWF",""
"609","RAB01","9/5/2023","20230905RAB01",2023,9,"1/0/1900",25.017,-80.8948,1.8,180,0.58,0.57,0.59,31.59,31.6,NA,27.92,63.8,4.11,53.5,35.24,8.23,27.89,60.5,3.89,53.49,35.24,8.23,"ZWF","LAB","ZWF","","",0.58,31.595,818,"20230905RAB01",39,"",0.108,0.064,NA,NA,0.034,0.04,0.928,0.863,41.3,39.1,0.32,0.308,0.056,0.04,598.2,591.1,26.36,26.97,NA,NA,"LAB","ZWF",""
"610","RAB01","9/8/2021","20210908RAB01",2021,9,"1/0/1900",25.01674,-80.89453,1.9,190,0.95,1.36,0.95,33.03,33.11,NA,31.59,39.7,2.37,57.48,38.09,8.01,31.32,41.6,2.5,57.45,38.08,8,"ZWF","ZWF","ZWF","","",1.155,33.07,574,"20210908RAB01",22,"1/0/1900",0.128,0.114,NA,NA,0.063,0.065,1.957,1.876,42.62,40.48,0.419,0.386,NA,NA,497.4,499.2,25.17,25.38,NA,NA,"ZWF","ZWF",""
"611","RAB02","1/14/2021","20210114RAB02",2021,1,"1/0/1900",24.97491,-80.86965,1.4,140,6.09,0.56,0.33,24.58,24.36,NA,20.31,107.6,8.17,45.82,29.76,8.26,20.35,108.6,8.23,45.78,29.73,8.27,"ZWF","ZWF","ZWF","","",0.445,24.47,468,"20210114RAB02",23,"1/0/1900",NA,NA,NA,NA,0.031,0.032,0.271,0.169,25.24,25,0.507,0.466,NA,NA,341.75,344.42,10.31,10.23,NA,NA,"ZWF","ZWF",""
"612","RAB02","1/17/2024","20240117RAB02",2024,1,"1/0/1900",24.97321,-80.87054,0.8,80,3.26,1.55,1.48,28.77,29.05,NA,23.97,92.3,6.51,47.26,30.76,8.44,NA,NA,NA,NA,NA,NA,"ZWF","LAB","ZWF","","",1.515,28.91,877,"20240117RAB02",12,"",0.194,0.167,NA,NA,0.115,0.103,0.494,0.469,35,35,0.281,0.286,NA,NA,499.5,466.6,12,11.924,NA,NA,"LAB","ZWF",""
"613","RAB02","1/20/2022","20220120RAB02",2022,1,"1/0/1900",24.97342,-80.87073,1.4,140,0.66,0.32,0.26,18.53,18.65,NA,20.88,106.1,7.81,51.51,33.92,8.35,20.82,108.7,7.97,51.53,33.93,8.35,"ZWF","ZWF","ZWF","","",0.29,18.59,613,"20220120RAB02",21,"",0.044,0.022,NA,NA,0.033,0.024,0.304,0.312,30,26.43,0.346,0.342,NA,NA,424.6,407.8,5.11,5.1,NA,NA,"ZWF","ZWF",""
"614","RAB02","1/23/2018","20180123RAB02",2018,1,"1/0/1900",24.97335,-80.87053,1.06,106,1.22,0.23,0.13,56.09,50.77,NA,21.31,116.2,8.62,46.41,30.17,8.24,20.88,111.6,8.35,46.39,30.17,8.22,"ZWF","VMA","ZWF","","",0.18,53.43,132,"20180123RAB02",23,"1/0/1900",0.18,0.07,NA,NA,0.06,0.03,0.31,0.22,19.97,19.72,0.49,0.51,NA,NA,381.25,379.92,2.08,2.08,NA,NA,"VMA","ZWF",""
"615","RAB02","1/27/2020","20200127RAB02",2020,1,"1/0/1900",24.97475,-80.87087,1.8,180,1.07,0.47,0.41,26.61,24.19,NA,18.9,121.8,9.38,53.58,35.46,8.27,18.93,125.9,9.48,53.58,35.45,8.28,"ZWF","TAP","LMH","25 subtracted from CDOM, JLS did QA/QC","",0.44,25.4,299,"20200127RAB02",23,"1/0/1900",0.02,0.03,NA,NA,0.02,0.03,0.18,0.19,22.14,21.67,0.4,0.41,NA,NA,324.583,326.083,24.21,24.44,NA,NA,"LMH","JLS",""
"616","RAB02","11/10/2021","20211110RAB02",2021,11,"1/0/1900",24.97335,-80.87073,1.5,150,1.02,3.12,3.15,19.27,19.58,NA,23.59,119.9,8.43,51.62,33.97,8.34,23.61,126.6,8.84,51.65,33.99,8.37,"ZWF","ZWF","ZWF","","",3.135,19.425,599,"20211110RAB02",21,"",NA,NA,NA,NA,0.015,0.006,0.285,0.268,22.619,21.19,0.482,0.59,0.038,0.03,319.8,307.8,2.81,2.89,NA,NA,"ZWF","ZWF",""
"617","RAB02","11/13/2017","20171113RAB02",2017,11,"1/0/1900",24.97298,-80.87065,1.34,95,4.07,9.61,8.76,79.65,106.54,0.89,26.01,87.8,5.99,47.35,30.78,7.99,26.01,88.1,6.01,47.36,30.78,8,"AJP","VMA","AJP","","",9.185,93.095,74,"20171113RAB02",9,"1/0/1900",NA,NA,NA,NA,NA,NA,0.84,0.87,33.95,35.66,0.96,0.89,0.04,0.02,559.75,566.58,23.41,22.18,NA,NA,"VMA","ZWF",""
"618","RAB02","11/21/2017","20171121RAB02",2017,11,"1/0/1900",24.97298,-80.87065,1.04,104,2.3,5.93,5.73,80.35,68.98,NA,24.37,96.2,6.83,44.22,28.55,8.24,24.31,94.4,6.71,44.23,28.56,8.24,"ZWF","VMA","ZWF","","",5.83,74.665,103,"20171121RAB02",23,"1/0/1900",NA,NA,NA,NA,0.02,0.03,1.49,1.47,27.46,28.64,0.56,0.56,0.06,0.08,408.58,408.25,6.66,6.73,NA,NA,"VMA","ZWF",""
"619","RAB02","11/26/2024","20241126RAB02",2024,11,"1/0/1900",24.97318,-80.87052,0.8,80,1.34,0.96,1.04,24.61,24.49,NA,21.93,108.6,7.95,47.36,30.87,8.26,NA,NA,NA,NA,NA,NA,"ZWF","ZWF","ZWF","","",1,24.55,1043,"20241126RAB02",23,"",0.046,0.398,NA,NA,0.009,0.007,0.266,0.338,38.6,38.1,0.646,0.599,NA,NA,518.4,514.1,38.432,39.16,NA,NA,"ZWF","ZWF",""
"620","RAB02","11/29/2020","20201129RAB02",2020,11,"1/0/1900",24.97354,-80.87026,1,100,1.51,0.59,0.57,27.51,26.55,NA,26.064,116.7,8.25,38.348,24.33,8.43,26.046,123.1,8.67,38.381,24.35,8.45,"ZWF","LMH","ZWF","","",0.58,27.03,442,"20201129RAB02",23,"1/0/1900",0.164,0.153,NA,NA,0.076,0.077,0.995,1.012,38.563,40.236,0.315,0.34,NA,0,496.6,510,4.934,4.919,NA,NA,"ZWF","ZWF",""
"621","RAB02","11/8/2023","20231108RAB02",2023,11,"1/0/1900",24.97308,-80.87059,1.3,130,1.41,3.83,3.32,28.07,30.72,NA,25.123,100.5,6.61,58.737,39.25,8.11,25.122,99.8,6.65,58.693,39.21,8.12,"LAB","LAB","ZWF","","",3.575,29.395,835,"20231108RAB02",31,"",0.369,0.18,NA,NA,0.061,0.071,0.796,0.67,61.6,62.3,0.411,0.411,0.035,0.062,903.3,898.3,40.322,40.58,NA,NA,"LAB","ZWF",""
"622","RAB02","3/16/2021","20210316RAB02",2021,3,"1/0/1900",24.97311,-80.8709,0.9,90,0.89,0.18,0.23,32.24,32.07,NA,24.17,99,6.87,50.63,33.22,8.44,NA,NA,NA,NA,NA,NA,"ZWF","CJK","ZWF","","",0.205,32.155,494,"20210316RAB02",23,"1/0/1900",0.045,0.037,NA,NA,0.018,0.013,0.209,0.215,52.62,54.29,0.379,0.352,0.012,0.003,553.3,553.1,63.681,63.528,NA,NA,"ZWF","ZWF",""
"623","RAB02","3/17/2020","20200317RAB02",2020,3,"1/0/1900",24.97444,-80.87155,1.4,140,0.44,0.15,0.17,27.63,27.11,NA,24.899,97.7,6.54,56.506,37.57,8.45,24.761,96.9,6.5,56.395,37.51,8.44,"JLS","LMH","TAP","","",0.16,27.37,337,"20200317RAB02",23,"1/0/1900",0.09,0.07,NA,NA,0.03,0.02,0.2,0.14,32.14,32.86,0.38,0.35,NA,NA,433.583,440.167,7.17,7.29,NA,NA,"JLS","ZWF",""
"624","RAB02","3/18/2022","20220318RAB02",2022,3,"1/0/1900",24.97346,-80.87093,1.3,130,0.73,0.44,0.46,18.12,18.21,NA,27.119,104.3,6.74,55.55,36.8,8.45,27.03,116.7,7.65,55.41,36.7,8.47,"ZWF","ZWF","ZWF","","",0.45,18.165,629,"20220318RAB02",12,"",0.095,0.136,NA,NA,0.074,0.097,0.678,0.75,28.1,25.48,0.342,0.288,NA,NA,343.6,346.6,28.25,28.32,NA,NA,"ZWF","ZWF",""
"625","RAB02","3/18/2024","20240318RAB02",2024,3,"1/0/1900",24.97289,-80.87074,0.8,80,0.97,0.59,0.56,31.39,30.77,NA,27.4,58.6,3.85,51.01,33.43,8.53,NA,NA,NA,NA,NA,NA,"ZWF","LAB","ZWF","","",0.575,31.08,943,"20240318RAB02",36,"",0.08,0.048,NA,NA,0.02,0.024,1.542,1.386,46.1,46.7,0.716,0.727,0.013,0.012,630.3,626.4,74.43,73.995,NA,NA,"LAB","ZWF",""
"626","RAB02","5/11/2021","20210511RAB02",2021,5,"1/0/1900",24.97369,-80.87061,1.6,160,0.86,0.31,0.27,30.82,30.83,NA,29.49,106.2,6.59,56.23,37.52,8.49,29.42,114.8,7.14,56.62,37.52,8.51,"ZWF","ZWF","ZWF","","",0.29,30.825,520,"20210511RAB02",23,"1/0/1900",NA,0.01,NA,NA,0.029,0.033,0.332,0.361,46.67,48.81,0.355,0.399,0.012,0.011,580.95,599.28,77.7,78.23,NA,NA,"ZWF","ZWF",""
"627","RAB02","5/17/2024","20240517RAB02",2024,5,"1/0/1900",24.9732,-80.87066,1.4,140,1.59,0.35,0.43,17.52,17.71,NA,29.94,76.1,4.68,57.08,37.86,8.34,29.92,78.1,4.8,57.11,37.88,8.34,"ZWF","LAB","ZWF","","",0.39,17.615,968,"20240517RAB02",18,"",NA,NA,NA,NA,NA,NA,NA,NA,28.1,29.5,0.247,0.245,NA,NA,332.1,326.2,56.97,57.6,NA,NA,"ZWF","LAB","Filtered samples perished in broken freezer"
"628","RAB02","5/29/2022","20220529RAB02",2022,5,"1/0/1900",24.9743,-80.87032,1.9,190,1.02,3.06,2.93,28.99,28.51,NA,29.14,70.1,4.25,63.2,42.53,8.28,29.2,70.5,4.27,63.21,42.53,8.29,"ZWF","ZWF","ZWF","","",2.995,28.75,671,"20220529RAB02",13,"",NA,NA,NA,NA,0.02,0.018,0.541,0.335,28.42,27.07,0.757,0.544,NA,0.023,568.3,562.5,85.17,87.79,NA,NA,"ZWF","ZWF",""
"629","RAB02","5/4/2020","20200504RAB02",2020,5,"1/0/1900",24.9735,-80.86967,1.2,120,0.76,0.19,0.16,17.14,17.11,NA,26.9,112.3,7.25,56.96,37.86,8.55,NA,NA,NA,NA,NA,NA,"ZWF","ZWF","TAP","","",0.175,17.125,363,"20200504RAB02",23,"1/0/1900",0.06,NA,NA,NA,0.03,0.02,0.09,0.06,26.43,25.24,0.29,0.29,0.02,0.01,324.083,323.25,5.82,5.84,NA,NA,"LMH","TAP",""
"630","RAB02","5/8/2018","20180508RAB02",2018,5,"1/0/1900",24.97309,-80.8709,0.9,90,1.29,0.24,0.23,13.74,11.07,0.4071,28.455,97.1,6.09,57.996,38.6,8.45,28.498,99.7,6.23,58.01,38.6,8.46,"ZWF","ZWF","ZWF","","",0.235,12.405,188,"20180508RAB02",23,"1/0/1900",0.09,0.11,NA,NA,0.04,0.06,0.27,0.38,29.69,30.91,0.31,0.33,0,0.03,470.75,475.42,10.43,10.62,0.13,0.14,"TAP","ZWF",""
"631","RAB02","6/3/2019","20190603RAB02",2019,6,"1/0/1900",24.97329,-80.87035,1.15,115,1.51,0.62,0.63,31.78,32.75,NA,30.26,55.5,3.3,63.24,42.51,8.09,30.22,53.1,3.17,63.24,42.51,8.12,"ZWF","ZWF","ZWF","","",0.625,32.265,228,"20190603RAB02",23,"1/0/1900",0.1,0.12,NA,NA,0.08,0.08,0.57,0.61,51.67,48.33,0.29,0.35,0.01,0.01,613.583,591.333,NA,NA,NA,NA,"ZWF","ZWF",""
"632","RAB02","7/12/2022","20220712RAB02",2022,7,"1/0/1900",24.97377,-80.87034,1.6,160,1.14,1.87,1.88,39.93,38.88,NA,30.74,42.2,2.54,58.73,39.07,8.06,30.73,44.2,2.67,58.7,39.05,8.07,"ZWF","ZWF","ZWF","","",1.875,39.405,697,"20220712RAB02",13,"",0.033,0.101,NA,NA,0.033,0.045,0.486,0.549,26.837,29.752,0.432,0.426,0.007,0.017,858.333,908.333,57.72,58.765,NA,NA,"ZWF","ZWF",""
"633","RAB02","7/13/2020","20200713RAB02",2020,7,"1/0/1900",24.97256,-80.87032,0.6,60,0.82,1.77,2.02,26.2,26.41,NA,29.78,98.2,6.05,57.2,37.95,8.12,NA,NA,NA,NA,NA,NA,"ZWF","JLS","LMH","","",1.895,26.305,390,"20200713RAB02",23,"1/0/1900",NA,NA,NA,NA,NA,NA,0.173,0.164,32.381,34.762,0.299,0.321,0.003,NA,387.7,380.5,14.34,14.31,NA,NA,"ZWF","LMH",""
"634","RAB02","7/14/2023","20230714RAB02",2023,7,"1/0/1900",24.97347,-80.87027,1.6,160,1.02,0.77,0.73,26.35,25.9,NA,30.43,44.9,2.74,56.61,37.49,8.11,30.3,38.8,2.37,56.72,37.56,8.08,"ZWF","LAB","ZWF","","",0.75,26.125,774,"20230714RAB02",38,"",NA,0.013,NA,NA,0.016,0.014,0.366,0.411,19,18.9,0.419,0.406,0.009,0.005,467.3,460.7,66.08,67.9,NA,NA,"LAB","ZWF",""
"635","RAB02","7/20/2021","20210720RAB02",2021,7,"1/0/1900",24.97448,-80.87054,2.2,220,0.59,0.62,0.61,36.71,36.04,NA,30.34,66.4,3.98,62.57,41.99,8.39,30.37,70.9,4.24,62.55,41.99,8.4,"ZWF","ZWF","ZWF","","",0.615,36.375,547,"20210720RAB02",23,"1/0/1900",0.068,0.078,NA,NA,0.027,0.026,0.554,0.669,53.81,55.71,0.251,0.376,0.003,0.008,704.33,699.08,12.78,13.12,NA,NA,"ZWF","ZWF",""
"636","RAB02","7/8/2018","20180708RAB02",2018,7,"1/0/1900",24.97326,-80.87065,1.2,120,2.45,0.76,0.69,11.99,11.69,0.2687,30.66,106.8,6.57,54.39,35.82,8.41,30.67,108.6,6.69,54.38,35.81,8.42,"ZWF","ZWF","ZWF","","",0.725,11.84,158,"20180708RAB02",23,"1/0/1900",0.07,0.09,NA,NA,0.04,0.04,0.43,0.39,27.74,27.39,0.24,0.25,0.03,NA,341.83,350.67,7.55,7.63,0.55,0.44,"TAP","ZWF",""
"637","RAB02","8/17/2017","20170817RAB02",2017,8,"1/0/1900",24.97298,-80.87065,0.67,67,0.82,1.34,1.08,81.83,87.66,0.3002,31.92,59,3.42,63.21,42.42,8.21,NA,NA,NA,NA,NA,NA,"ZWF","VMA","AJP","","",1.21,84.745,32,"20170817RAB02",21,"1/0/1900",0.19,0.18,NA,NA,0.15,0.15,0.91,0.89,48.3,45.36,0.25,0.25,NA,NA,582.83,581.42,36.13,36.12,NA,NA,"VMA","ZWF",""
"638","RAB02","8/20/2019","20190820RAB02",2019,8,"1/0/1900",24.97722,-80.86971,1.9,190,0.72,0.49,0.47,22.45,21.67,NA,30.21,88,5.41,55.8,36.88,NA,30.21,89.7,5.47,55.77,36.86,NA,"ZWF","ZWF","LMH","","",0.48,22.06,256,"20190820RAB02",23,"1/0/1900",0,0,NA,NA,0.04,0.04,0.45,0.44,17.86,16.43,0.29,0.29,NA,NA,289.083,278.5,46.2,43.97,NA,NA,"LMH","",""
"639","RAB02","9/13/2022","20220913RAB02",2022,9,"1/0/1900",24.9731,-80.8707,1.3,75,5.06,17.59,16.8,34.37,34.18,NA,32.65,123.9,7.16,62.5,41.85,8.32,32.52,134.8,7.83,62.5,41.85,8.36,"+","ZWF","ZWF","","",17.195,34.275,723,"20220913RAB02",13,"",NA,NA,NA,NA,0.01,0.009,0.266,0.234,49.764,50.61,1.146,1.142,NA,0.031,1168.333,1149.167,233.72,244.77,NA,NA,"ZWF","ZWF",""
"640","RAB02","9/14/2020","20200914RAB02",2020,9,"1/0/1900",24.97292,-80.87084,0.8,80,2.97,5.83,7.19,36.85,36.47,NA,27.96,74.5,4.69,59.43,39.69,7.95,NA,NA,NA,NA,NA,NA,"ZWF","LMH","JLS","","",6.51,36.66,416,"20200914RAB02",23,"1/0/1900",NA,NA,NA,NA,0.019,0.019,0.357,0.574,88.095,86.667,0.716,0.728,NA,NA,731.83,739.58,60.33,59.54,NA,NA,"LMH","ZWF",""
"641","RAB02","9/16/2024","20240916RAB02",2024,9,"1/0/1900",24.97293,-80.87061,1.2,120,0.59,0.65,0.68,31.35,30.66,NA,31.02,46.3,2.8,56.37,37.28,7.94,31.01,45.8,2.78,56.36,37.27,7.95,"ZWF","ZWF","ZWF","","",0.665,31.005,1017,"20240916RAB02",4,"",0.016,0.012,NA,NA,0.015,0.017,0.562,0.471,46.7,47.1,0.164,0.179,0.005,NA,558.5,539.5,4.938,5.041,NA,NA,"ZWF","ZWF",""
"642","RAB02","9/24/2019","20190924RAB02",2019,9,"1/0/1900",24.97571,-80.87026,2.3,230,0.89,0.69,0.66,25.45,25.51,NA,26.56,90.7,5.87,57.64,38.39,8.06,26.57,90.9,5.88,57.65,38.39,8.06,"ZWF","LMH","TAP","","",0.675,25.48,271,"20190924RAB02",23,"1/0/1900",0.08,0.07,NA,NA,0.09,0.09,0.48,0.48,43.33,42.38,0.27,0.29,NA,NA,455.333,457.083,4.24,4.4,NA,NA,"LMH","LMH",""
"643","RAB02","9/26/2017","20170926RAB02",2017,9,"1/0/1900",24.97298,-80.87065,1.21,121,1.39,0.95,0.9,58.71,47.3,0.5099,31.64,83.6,5.07,53.94,35.44,8.18,31.58,81.7,4.99,53.93,35.44,8.16,"ZWF","VMA","ZWF","","P9260062.JPG;P9260064.JPG",0.925,53.005,61,"20170926RAB02",21,"1/0/1900",0.03,0.11,NA,NA,NA,NA,0.45,0.51,26.26,25.17,0.3,0.34,NA,NA,336.5,333.17,17.26,17.25,NA,NA,"VMA","ZWF",""
"644","RAB02","9/5/2023","20230905RAB02",2023,9,"1/0/1900",24.97311,-80.87087,1,100,0.69,0.94,0.95,27.78,27.87,NA,28.59,103.8,6.52,57.03,37.86,8.59,NA,NA,NA,NA,NA,NA,"ZWF","LAB","ZWF","","",0.945,27.825,817,"20230905RAB02",38,"",0.003,NA,NA,NA,0.022,0.027,0.868,0.851,44.7,55.7,0.267,0.26,0.049,0.051,749.3,755.8,3.072,3.073,NA,NA,"LAB","ZWF",""
"645","RAB02","9/8/2021","20210908RAB02",2021,9,"1/0/1900",24.97351,-80.87113,1.5,150,0.61,1.37,1.56,35.62,35.96,NA,31.94,71.3,4.21,58.9,39.14,8.14,31.94,71.7,4.24,58.88,39.14,8.14,"ZWF","ZWF","ZWF","","",1.465,35.79,573,"20210908RAB02",21,"1/0/1900",NA,0.012,NA,NA,0.05,0.035,0,1.043,49.29,49.05,0.36,0.372,0.007,0.002,607.3,599,21.13,20.91,NA,NA,"ZWF","ZWF",""
"646","RANKB01","1/19/2024","20240119RANKB01",2024,1,"1/0/1900",25.14953,-80.77912,0.7,42,19.7,12.7,12.45,36.83,35.48,NA,24.78,104,7.7,32,19.94,8.34,NA,NA,NA,NA,NA,NA,"ZWF","LAB","ZWF","","",12.575,36.155,883,"20240119RANKB01",19,"",0.126,0.084,NA,NA,0.114,0.013,NA,NA,66.4,67.6,0.656,0.674,0.002,NA,927.5,923.3,24.596,24.907,NA,NA,"LAB","ZWF",""
"647","RANKB01","11/8/2023","20231108RANKB01",2023,11,"1/0/1900",25.14956,-80.77974,0.9,72,10.5,12.35,11.74,51.71,51.11,NA,24.34,100.6,6.91,52.4,34.52,8.16,NA,NA,NA,NA,NA,NA,"ZWF","LAB","ZWF","","",12.045,51.41,843,"20231108RANKB01",14,"",0.316,0.171,NA,NA,0.083,0.08,5.256,5.146,88.6,88.4,0.647,0.649,0.013,0.036,1598,1147,23.401,23.43,NA,NA,"LAB","ZWF",""
"648","RANKB01","3/14/2024","20240314RANKB01",2024,3,"1/0/1900",25.15001,-80.77945,0.5,42,18.3,14.45,13.73,41.11,41.08,NA,24.91,83.5,5.86,44.83,28.98,8.18,NA,NA,NA,NA,NA,NA,"ZWF","LAB","ZWF","","",14.09,41.095,918,"20240314RANKB01",11,"",0.051,0.291,NA,NA,0.006,0.014,0.485,3.339,101.1,105,1.796,1.649,0.011,0.01,1368,1353,80.82,80.06,NA,NA,"LAB","ZWF",""
"649","RANKB01","5/10/2024","20240510RANKB01",2024,5,"1/0/1900",25.14983,-80.77929,0.8,55,13.3,10.52,11.03,30.67,30.31,NA,27.78,90.7,6.04,45.98,29.74,8.13,NA,NA,NA,NA,NA,NA,"ZWF","LAB","ZWF","","",10.775,30.49,971,"20240510RANKB01",21,"",NA,NA,NA,NA,NA,NA,NA,NA,99.5,101,0.886,0.873,NA,NA,1068,1072,79.41,78.645,NA,NA,"ZWF","LAB","Filtered samples perished in broken freezer"
"650","RANKB01","7/11/2023","20230711RANKB01",2023,7,"1/0/1900",25.14995,-80.77931,0.7,49,10.3,11.23,10.22,67.96,66.55,NA,31.91,71.2,4.28,54.89,36.13,8.07,NA,NA,NA,NA,NA,NA,"ZWF","LAB","ZWF","","",10.725,67.255,748,"20230711RANKB01",12,"",0.111,0.051,NA,NA,0.024,0.01,9.161,7.864,90.3,88,0.857,0.857,0.028,0.004,1304,1298,211.75,214.73,NA,NA,"LAB","ZWF",""
"651","RANKB01","9/1/2023","20230901RANKB01",2023,9,"1/0/1900",25.14974,-80.7793,0.8,45,21.9,14.88,14.51,60.57,60.98,NA,30.38,85.5,5.36,50.73,33.12,7.97,NA,NA,NA,NA,NA,NA,"ZWF","LAB","ZWF","","",14.695,60.775,791,"20230901RANKB01",12,"",NA,NA,NA,NA,NA,NA,0.291,0.292,80.3,81,1.04,1.033,0.023,0.022,1616,1127,181.3,184.12,NA,NA,"LAB","ZWF",""
"652","RANKB01","9/27/2017","20170927RANKB01",2017,9,"1/0/1900",25.14958,-80.77919,0.7,47,18,17.77,NA,124.6,NA,NA,29.24,25.2,1.63,46.75,30.26,7.63,NA,NA,NA,NA,NA,NA,"ZWF","VMA","ZWF","","",NA,NA,41,"20170927RANKB01",NA,"1/0/1900",0.5,NA,NA,NA,NA,NA,4.99,NA,104.33,NA,2.11,NA,NA,NA,1285.83,NA,106.4,NA,NA,NA,"VMA","ZWF",""
"653","RANKL01","1/12/2021","20210112RANKL01",2021,1,"1/0/1900",25.12242,-80.81368,1,100,3.23,0.74,0.76,39.57,39.71,NA,20.58,113,8.56,45.01,29.17,8.12,NA,NA,NA,NA,NA,NA,"ZWF","ZWF","ZWF","","",0.75,39.64,459,"20210112RANKL01",14,"1/0/1900",0.023,0.027,NA,NA,0.067,0.064,1.536,1.585,40,40.71,0.566,0.555,NA,NA,519.33,515.58,23.86,24.27,NA,NA,"ZWF","ZWF",""
"654","RANKL01","1/19/2024","20240119RANKL01",2024,1,"1/0/1900",25.12261,-80.81392,1.2,95,8.77,11.15,9.84,54.94,55.35,NA,24.84,113.5,8.16,39.34,25.06,8.44,24.82,113.9,8,45.45,29.43,8.47,"ZWF","LAB","ZWF","","",10.495,55.145,887,"20240119RANKL01",23,"",0.02,0.016,NA,NA,0.02,0.014,NA,NA,55.5,61.4,0.753,0.751,NA,NA,865,850,22.128,21.774,NA,NA,"LAB","ZWF",""
"655","RANKL01","1/21/2022","20220121RANKL01",2022,1,"1/0/1900",25.12258,-80.81392,1.4,88,11,0.96,1.26,33.6,33.76,NA,22.16,95.4,6.86,50.48,33.14,8.19,22.12,95.3,6.86,50.48,33.14,8.19,"ZWF","ZWF","ZWF","","",1.11,33.68,647,"20220121RANKL01",12,"",0.086,0.11,NA,NA,0.04,0.049,1.124,1.443,31.19,31.43,0.606,0.643,-0.019,NA,401.2,410.7,11.65,11.83,NA,NA,"ZWF","ZWF",""
"656","RANKL01","1/23/2018","20180123RANKL01",2018,1,"1/0/1900",25.12264,-80.81396,1.12,100,10.9,2.19,1.92,114.03,111.76,1.018,23.47,57.8,4.88,45.75,29.67,7.89,22.73,71.9,5.22,45.77,29.69,7.93,"VMA","VMA","ZWF","2.29/2.03 FIU CHL","",2.055,112.895,122,"20180123RANKL01",14,"1/0/1900",0.51,0.47,NA,NA,0.24,0.24,12.49,13.17,37.31,36.76,0.76,0.78,0.05,0.06,528.42,514.58,7.35,7.84,NA,NA,"VMA","ZWF","CHL 2.29, 2.03"
"657","RANKL01","1/28/2020","20200128RANKL01",2020,1,"1/0/1900",25.12277,-80.814,1.2,120,2.61,0.39,0.31,41.75,40.2,NA,20.66,114.6,8.34,53.78,35.6,8.26,20.6,116.8,8.53,53.67,35.52,8.26,"ZWF","TAP","LMH","25 subtracted from CDOM","",0.35,40.975,316,"20200128RANKL01",14,"1/0/1900",0.04,0.02,NA,NA,0.02,0.02,0.84,0.72,30,29.05,0.43,0.4,NA,NA,448,453.25,17.29,17.23,NA,NA,"LMH","JLS",""
"658","RANKL01","11/14/2021","20211114RANKL01",2021,11,"1/0/1900",25.12246,-80.81387,1.5,120,7.51,0.92,0.81,37.43,36.75,NA,25.45,84.8,5.75,51.27,33.67,7.98,25.45,85.6,5.79,51.27,33.67,7.98,"ZWF","ZWF","ZWF","","",0.865,37.09,590,"20211114RANKL01",12,"",0.268,0.184,NA,NA,0.184,0.138,6.443,5.022,36.19,36.667,0.622,0.569,NA,NA,411.3,413.7,36.4,36.1,NA,NA,"ZWF","ZWF",""
"659","RANKL01","11/20/2024","20241120RANKL01",2024,11,"1/0/1900",25.12232,-80.81374,1.6,160,2.15,2.83,2.4,30.11,30.01,NA,24.31,90.7,6.63,37.29,23.62,8.34,24.31,90.9,6.65,37.26,23.61,8.34,"ZWF","ZWF","ZWF","","",2.615,30.06,1034,"20241120RANKL01",14,"",0.124,0.034,NA,NA,0.076,0.071,0.662,0.429,46.4,45.2,0.494,0.434,NA,NA,649.8,663.7,2.013,1.802,NA,NA,"ZWF","ZWF",""
"660","RANKL01","11/21/2017","20171121RANKL01",2017,11,"1/0/1900",25.12259,-80.81402,1.21,40,25,9.79,8.85,105.39,102.1,2.301,25.39,79.6,5.6,41.99,26.93,7.88,23.49,72,5.24,42.3,27.19,7.88,"VMA","VMA","ZWF","","",9.32,103.745,93,"20171121RANKL01",13,"1/0/1900",0.2,0.27,NA,NA,0.13,0.13,16.16,15.28,54.76,51.65,1.05,1.03,0,0,522.42,522.75,8.46,8.78,NA,NA,"VMA","ZWF",""
"661","RANKL01","11/27/2020","20201127RANKL01",2020,11,"1/0/1900",25.12361,-80.81272,1.2,120,4.15,2.7,2.17,57.51,55.21,NA,25.031,99.6,7.56,25.717,15.69,8.25,24.975,110.8,8.42,25.952,15.84,8.29,"ZWF","LMH","ZWF","","",2.435,56.36,433,"20201127RANKL01",14,"1/0/1900",0.304,0.316,NA,NA,0.165,0.167,18.063,18.123,62.893,64.38,0.448,0.453,NA,0.001,730.3,730.3,13.374,13.478,NA,NA,"ZWF","ZWF",""
"662","RANKL01","11/8/2023","20231108RANKL01",2023,11,"1/0/1900",25.12236,-80.81415,1.5,150,4.55,10.84,9.58,41.67,45.12,NA,24.67,108.3,7.33,54.96,36.42,8.27,24.67,108.8,7.35,54.97,36.43,8.27,"ZWF","LAB","ZWF","","",10.21,43.395,855,"20231108RANKL01",19,"",0.008,0.174,NA,NA,0.011,0.009,0.095,0.144,71.5,67.8,0.597,0.573,NA,NA,1026,1019,9.893,10.025,NA,NA,"LAB","ZWF",""
"663","RANKL01","2/19/2019","20190219RANKL01",2019,2,"1/0/1900",25.12264,-80.81396,1.2,50,25.9,2.89,2.89,44.22,41.82,NA,26.92,97.1,6.44,50.5,33.06,8.09,26.93,97.3,6.47,50.51,33.07,8.1,"VMA","ZWF","ZWF","","",2.89,43.02,205,"20190219RANKL01",14,"1/0/1900",0.26,NA,NA,NA,0.15,NA,4.23,NA,55.01,NA,0.87,NA,0.03,NA,524.17,NA,NA,NA,NA,NA,"ZWF","ZWF",""
"664","RANKL01","3/14/2024","20240314RANKL01",2024,3,"1/0/1900",25.12249,-80.81362,1.2,120,1.85,0.4,0.38,38.31,38.63,NA,25.42,94.6,6.48,48.73,31.8,8.6,25.42,94.7,6.49,48.73,31.8,8.61,"ZWF","LAB","ZWF","","",0.39,38.47,921,"20240314RANKL01",14,"",0.015,0.035,NA,NA,0.035,0.032,0.295,0.466,35.5,35.2,0.866,0.88,NA,NA,585.8,595.7,49.24,48.47,NA,NA,"LAB","ZWF",""
"665","RANKL01","3/15/2021","20210315RANKL01",2021,3,"1/0/1900",25.12207,-80.81448,1.1,110,5.39,0.84,0.81,44.86,44.45,NA,25.15,106.6,7.26,51.16,33.6,8.28,24.96,131.1,8.93,51.9,34.13,8.35,"ZWF","CJK","ZWF","","",0.825,44.655,485,"20210315RANKL01",14,"1/0/1900",0.005,0.003,NA,NA,0.05,0.052,0.603,0.584,62.38,67.62,0.665,0.62,0.003,0.003,677,675.4,34.832,35.218,NA,NA,"ZWF","ZWF",""
"666","RANKL01","3/17/2020","20200317RANKL01",2020,3,"1/0/1900",25.12258,-80.81409,1,100,3.68,0.64,0.55,44.06,42.78,NA,25.59,114.7,7.57,57.07,37.98,8.27,NA,NA,NA,NA,NA,NA,"ZWF","LMH","TAP","sample to FWC for ID","",0.595,43.42,328,"20200317RANKL01",14,"1/0/1900",NA,NA,NA,NA,0.01,0.01,NA,0.01,55,56.67,0.57,0.49,NA,NA,659.583,653.167,15.35,15.4,NA,NA,"JLS","ZWF",""
"667","RANKL01","3/28/2022","20220328RANKL01",2022,3,"1/0/1900",25.12313,-80.81345,1.3,38,17.8,16,18.29,49.26,48.69,NA,23.7,122.3,8.27,58.51,39.11,8.42,23.12,125.2,8.63,58.53,39.13,8.44,"ZWF","ZWF","ZWF","","",17.145,48.975,657,"20220328RANKL01",26,"",NA,-0.002,NA,NA,0.007,0.005,0.227,0.247,88.1,99.64,1.489,1.516,NA,NA,1065,1064.2,165.2,174.1,NA,NA,"ZWF","ZWF",""
"668","RANKL01","5/10/2024","20240510RANKL01",2024,5,"1/0/1900",25.12238,-80.81407,1.4,140,1.41,0.36,0.29,28.9,28.66,NA,29.07,104.4,6.82,45.3,29.22,8.48,29.08,104.2,6.81,45.33,29.23,8.49,"ZWF","LAB","ZWF","","",0.325,28.78,979,"20240510RANKL01",31,"",NA,NA,NA,NA,NA,NA,NA,NA,57.6,58.6,0.503,0.446,NA,NA,817.8,797.5,37.746,37.944,NA,NA,"ZWF","LAB","Filtered samples perished in broken freezer"
"669","RANKL01","5/14/2021","20210514RANKL01",2021,5,"1/0/1900",25.12263,-80.8133,1.3,130,3.33,0.88,0.66,47.94,47.4,NA,30.1,108.2,6.53,60.71,40.58,8.27,30.11,113.7,6.86,60.6,40.53,8.26,"ZWF","ZWF","ZWF","","",0.77,47.67,511,"20210514RANKL01",14,"1/0/1900",0.034,0.041,NA,NA,0.043,0.042,0.679,0.653,60.71,58.57,0.515,0.513,NA,NA,712.5,684.33,41.16,40.76,NA,NA,"ZWF","ZWF",""
"670","RANKL01","5/28/2022","20220528RANKL01",2022,5,"1/0/1900",25.12295,-80.81411,1.4,NA,12.7,7.05,6.77,32.9,32.41,NA,30.27,121,7.2,63.82,42.96,8.39,29.73,122.9,7.37,63.89,43.04,8.4,"ZWF","ZWF","ZWF","","",6.91,32.655,662,"20220528RANKL01",4,"",NA,NA,NA,NA,0.005,0.012,0.16,0.174,47.72,49.5,0.769,0.844,0.001,0.01,1024.2,1022.5,116.07,121.62,NA,NA,"ZWF","ZWF",""
"671","RANKL01","5/5/2020","20200505RANKL01",2020,5,"1/0/1900",25.12266,-80.81397,1.2,120,1.67,0.29,0.29,31.11,31.59,NA,27.89,103.9,6.54,59.11,39.45,8.41,27.92,112,7.08,59.17,39.5,8.45,"ZWF","ZWF","TAP","","",0.29,31.35,354,"20200505RANKL01",14,"1/0/1900",NA,NA,NA,NA,0.02,0.02,0.4,0.47,41.67,42.14,0.36,0.45,0,0.01,532.667,532.833,69.9,70.15,NA,NA,"LMH","TAP",""
"672","RANKL01","5/7/2018","20180507RANKL01",2018,5,"1/0/1900",25.12236,-80.8139,1,100,6.63,2.15,2.03,34.15,33.53,0.9498,30.668,113.7,6.8,60.992,40.78,8.14,30.2,137.8,8.29,61.002,40.8,8.17,"ZWF","ZWF","ZWF","","",2.09,33.84,179,"20180507RANKL01",14,"1/0/1900",1.13,1.13,0.65,0.64,0.48,0.49,7.74,7.81,60.28,60.22,1.07,1.17,0.03,0.04,686.17,686.17,12.47,12.62,NA,NA,"TAP","ZWF",""
"673","RANKL01","6/4/2019","20190604RANKL01",2019,6,"1/0/1900",25.12299,-80.81343,1.2,120,3.71,1.13,1.15,41.8,42.83,NA,32.94,103.8,5.92,64.03,43,8.24,32.01,109.9,6.26,64.29,43.2,8.25,"ZWF","ZWF","ZWF","","",1.14,42.315,219,"20190604RANKL01",14,"1/0/1900",0.04,0.04,NA,NA,0.04,0.04,1.75,1.76,52.38,53.33,0.52,0.53,0.01,0.01,668.583,669.917,NA,NA,NA,NA,"ZWF","ZWF",""
"674","RANKL01","7/10/2023","20230710RANKL01",2023,7,"1/0/1900",25.12276,-80.81423,1.4,140,1.3,0.81,0.78,31.45,31.6,NA,32.42,81.2,4.81,56.99,37.46,8.33,32.43,82,4.87,56.7,37.47,8.34,"ZWF","LAB","ZWF","","",0.795,31.525,737,"20230710RANKL01",1,"",0.045,0.041,NA,NA,0.027,0.032,1.4,1.443,33.7,34.3,0.468,0.45,0.002,0.011,500.5,503.7,94.13,94.65,NA,NA,"LAB","ZWF",""
"675","RANKL01","7/13/2022","20220713RANKL01",2022,7,"1/0/1900",25.12251,-80.81421,1.3,50,9.6,17.24,17.35,52.2,51.91,NA,32.14,99.5,5.85,59.45,39.55,8.4,32.13,98.2,5.77,59.41,39.52,8.2,"ZWF","ZWF","ZWF","","",17.295,52.055,688,"20220713RANKL02",4,"",0.06,0.039,NA,NA,0.067,0.054,0.153,0.137,43.365,38.488,1.414,1.464,NA,NA,1230,1098.333,190.46,191.7,NA,NA,"ZWF","ZWF",""
"676","RANKL01","7/14/2020","20200714RANKL01",2020,7,"1/0/1900",25.1226,-80.81308,1.2,120,2.7,0.85,0.6,24.55,24.77,NA,31.39,77.8,4.68,56.92,37.68,7.95,31.04,93,5.62,56.78,37.58,7.99,"ZWF","JLS","LMH","","",0.725,24.66,381,"20200714RANKL01",14,"1/0/1900",NA,NA,NA,NA,0.01,0.005,1.019,0.99,33.571,31.429,0.335,0.369,NA,NA,352.3,346.9,32.31,31.84,NA,NA,"ZWF","LMH",""
"677","RANKL01","7/22/2021","20210722RANKL01",2021,7,"1/0/1900",25.12255,-80.814,1.5,150,3.84,1.31,1.27,42.99,42.13,NA,32.95,107.3,6.31,56.53,37.32,8.01,33,107,6.32,56.54,37.33,8.02,"ZWF","ZWF","ZWF","","",1.29,42.56,538,"20210722RANKL01",14,"1/0/1900",0.055,0.05,NA,NA,0.038,0.036,3.214,3.179,74.52,74.05,0.53,0.57,0.003,0.002,810.5,842.5,23.01,23.03,NA,NA,"ZWF","ZWF",""
"678","RANKL01","7/7/2018","20180707RANKL01",2018,7,"1/0/1900",25.12253,-80.81384,1.1,82,8.47,12.11,13.06,51.46,43.91,1.996,31.11,118.7,7.39,49.75,32.38,8.16,30.98,120.7,7.51,49.84,32.45,8.16,"ZWF","ZWF","ZWF","10.91,10.34 SFWMD chlA ug/L","",12.585,47.685,149,"20180707RANKL01",14,"1/0/1900",0.68,1.13,NA,NA,0.04,0.04,0.45,0.47,64.37,62.84,0.82,0.84,NA,NA,679.17,671.17,49.27,51.05,4.67,3.79,"TAP","ZWF",""
"679","RANKL01","8/16/2017","20170816RANKL01",2017,8,"1/0/1900",25.12264,-80.81396,1.12,112,1.68,0.33,0.49,115.42,85.52,0.475,33.86,68.8,3.87,63.99,42.93,7.82,33.85,77.8,4.38,64.38,43.23,7.88,"ZWF","VMA","AJP","","",0.41,100.47,22,"20170816RANKL01",12,"1/0/1900",0.23,0.23,NA,NA,0.19,0.18,4.53,4.54,45.26,45.14,0.35,0.35,NA,NA,493.67,480.75,53.9,53.96,NA,NA,"VMA","ZWF",""
"680","RANKL01","8/19/2019","20190819RANKL01",2019,8,"1/0/1900",25.1227,-80.81477,1.2,120,2.04,0.51,0.46,33.56,30.21,NA,31.26,102.9,6.23,55.64,36.73,NA,31.25,103.5,6.27,55.65,36.74,NA,"ZWF","ZWF","LMH","","",0.485,31.885,247,"20190819RANKL01",14,"1/0/1900",NA,NA,NA,NA,0.02,0.02,0.54,0.58,25.71,26.43,0.43,0.42,0.01,0,380.333,374.833,40.79,40.18,NA,NA,"LMH","",""
"681","RANKL01","8/31/2023","20230831RANKL01",2023,9,"1/0/1900",25.12274,-80.81409,1.4,140,2.32,0.54,0.61,36.7,37.32,NA,29.8,82.2,5.12,54.24,35.74,8.34,29.81,82,5.11,54.24,35.73,8.35,"ZWF","LAB","ZWF","","",0.575,37.01,780,"20230831RANKL01",1,"",0.061,0.095,NA,NA,0.042,0.045,1.289,1.318,42.7,38.1,0.408,0.409,NA,0.009,751.8,960.8,83.03,83.65,NA,NA,"LAB","ZWF",""
"682","RANKL01","9/12/2024","20240912RANKL01",2024,9,"1/0/1900",25.1227,-80.81371,1.6,88,5.83,14.43,14.55,42.52,42.97,NA,30.7,76.7,4.7,55.17,36.39,8.29,30.71,76.7,4.7,55.19,36.41,8.29,"ZWF","ZWF","ZWF","","",14.49,42.745,1001,"20240912RANKL01",20,"",NA,NA,NA,NA,0.012,0.013,0.24,0.2,84,88.6,0.666,0.671,NA,NA,951.7,942.5,82.125,83.715,NA,NA,"ZWF","ZWF",""
"683","RANKL01","9/14/2022","20220914RANKL01",2022,9,"1/0/1900",25.12249,-80.81419,1.6,160,2.02,1.04,0.94,31.94,31.75,NA,30.65,84.1,5.03,60.78,40.63,8.34,30.66,84.8,5.08,60.79,40.63,8.34,"ZWF","ZWF","ZWF","","",0.99,31.845,714,"20220914RANKL01",4,"",0.027,0.031,NA,NA,0.039,0.043,1.525,1.546,22.613,22.861,0.461,0.427,NA,NA,565.75,559,59.19,59.097,NA,NA,"ZWF","ZWF",""
"684","RANKL01","9/15/2020","20200915RANKL01",2020,9,"1/0/1900",25.1228,-80.81386,1.2,40,14.1,19.8,23.19,45.89,46.3,NA,29.54,116.7,7.22,57.33,38.06,8.05,29.52,116.9,7.22,57.3,37.98,8.02,"ZWF","LMH","JLS","","",21.495,46.095,407,"20200915RANKL01",14,"1/0/1900",NA,NA,NA,NA,0.018,0.01,0.176,0.154,123.333,126.429,1.299,1.28,NA,0.013,1220,1205.83,132.03,137.07,NA,NA,"LMH","ZWF",""
"685","RANKL01","9/25/2019","20190925RANKL01",2019,9,"1/0/1900",25.12205,-80.81383,1.4,60,8.31,6.25,6.47,49.24,48.81,NA,27.97,102.6,6.57,54.83,36.24,7.98,27.5,115.8,7.47,54.77,36.21,8.03,"ZWF","LMH","TAP","","",6.36,49.025,290,"20190925RANKL01",14,"1/0/1900",NA,NA,NA,NA,0.03,0.02,0.17,0.31,81.67,85,0.99,1.01,0,NA,779.25,793.5,48.09,49.78,NA,NA,"LMH","LMH",""
"686","RANKL01","9/27/2017","20170927RANKL01",2017,9,"1/0/1900",25.12264,-80.81396,1.4,58,13.9,20.73,18.06,120.28,96.96,NA,29.34,34,2.17,49.76,32.44,7.58,29.27,33.6,2.15,49.75,32.45,7.58,"ZWF","VMA","ZWF","","P9270118.JPG",19.395,108.62,51,"20170927RANKL01",12,"1/0/1900",0.16,0.19,NA,NA,NA,NA,7.36,7.32,46.87,47.37,0.86,0.9,NA,NA,473.08,468.25,32.56,33.38,NA,NA,"VMA","ZWF",""
"687","RANKL01","9/7/2021","20210907RANKL01",2021,9,"1/0/1900",25.12249,-80.81385,1.4,140,3.75,0.97,1.04,40.69,40.46,NA,32.25,79.7,4.79,56.28,37.16,8.02,32.28,81.1,4.83,56.25,37.14,8.02,"ZWF","ZWF","ZWF","","",1.005,40.575,564,"20210907RANKL01",12,"1/0/1900",0.189,0.188,NA,NA,0.043,0.039,6.642,6.629,51.19,52.86,0.531,0.516,NA,NA,585.4,587.1,59.06,58.89,NA,NA,"ZWF","ZWF",""
"688","RANKL02","1/19/2024","20240119RANKL02",2024,1,"1/0/1900",25.14235,-80.81823,0.9,55,15.9,23.62,24.74,92.32,93.08,NA,24.68,113.8,8.27,37.25,23.58,8.49,NA,NA,NA,NA,NA,NA,"ZWF","LAB","ZWF","","",24.18,92.7,886,"20240119RANKL02",22,"",0.035,0.034,NA,NA,0.052,0.058,NA,NA,105.5,105.5,1.367,1.366,0.007,0.008,1578,1563,77.79,78.68,NA,NA,"LAB","ZWF",""
"689","RANKL02","11/8/2023","20231108RANKL02",2023,11,"1/0/1900",25.14198,-80.81834,1.2,71,11.5,14.61,14.28,42.58,42.44,NA,24.68,106.1,7.19,54.3,35.99,8.23,24.69,106.5,7.21,54.37,35.9,8.23,"ZWF","LAB","ZWF","","",14.445,42.51,847,"20231108RANKL02",18,"",0.265,0.163,NA,NA,0.086,0.085,0.984,1.001,79.3,79.3,0.691,0.711,0.009,NA,1063,1052,1.89,1.63,NA,NA,"LAB","ZWF",""
"690","RANKL02","3/14/2024","20240314RANKL02",2024,3,"1/0/1900",25.14222,-80.81819,0.9,90,5.56,0.52,0.51,42.69,43.46,NA,25.4,88.9,6.08,49.33,32.24,8.54,NA,NA,NA,NA,NA,NA,"ZWF","LAB","ZWF","","",0.515,43.075,920,"20240314RANKL02",13,"",0.08,0.073,NA,NA,0.052,0.048,0.956,0.934,40.7,42.1,1.108,0.936,0.003,NA,665.1,664.8,14.558,14.624,NA,NA,"LAB","ZWF",""
"691","RANKL02","5/10/2024","20240510RANKL02",2024,5,"1/0/1900",25.1421,-80.8184,0.9,90,3.2,0.63,0.6,35.02,34.68,NA,28.93,97.9,6.39,46.07,29.77,8.42,NA,NA,NA,NA,NA,NA,"ZWF","LAB","ZWF","","",0.615,34.85,978,"20240510RANKL02",29,"",NA,NA,NA,NA,NA,NA,NA,NA,64.8,66.7,0.526,0.514,NA,NA,914.2,894.2,49.17,48.12,NA,NA,"ZWF","LAB","Filtered samples perished in broken freezer"
"692","RANKL02","7/11/2023","20230711RANKL02",2023,7,"1/0/1900",25.14227,-80.81825,0.9,90,2.33,0.55,0.31,39.17,39.3,NA,33.14,85.4,5.01,56.76,37.48,8.3,NA,NA,NA,NA,NA,NA,"ZWF","LAB","ZWF","","",0.43,39.235,752,"20230711RANKL02",16,"",0.032,0.033,NA,NA,0.029,0.025,2.803,2.86,39.6,37.7,0.527,0.495,0.016,0.015,574.5,578.5,153.95,154.99,NA,NA,"LAB","ZWF",""
"693","RANKL02","9/1/2023","20230901RANKL02",2023,9,"1/0/1900",25.14268,-80.81825,1.1,110,6.33,1.75,1.35,33.67,33.52,NA,31.1,75.3,4.59,54.34,35.76,8.26,31.07,75.5,4.62,54.33,35.76,8.27,"ZWF","LAB","ZWF","","",1.55,33.595,795,"20230901RANKL02",16,"",0.04,0.006,NA,NA,0.058,0.061,7.048,7.093,40,38.9,0.615,0.55,0.025,0.02,488.2,491.3,72.28,72.28,NA,NA,"LAB","ZWF",""
"694","RANKL03","1/12/2021","20210112RANKL03",2021,1,"1/0/1900",25.16719,-80.80132,0.5,40,18.3,13.75,13.94,76.54,75.16,NA,21.6,151.8,11.41,42.56,27.41,8.38,NA,NA,NA,NA,NA,NA,"ZWF","ZWF","ZWF","","",13.845,75.85,458,"20210112RANKL03",13,"1/0/1900",0.124,0.138,NA,NA,0.124,0.151,13.442,13.728,143.33,140.95,1.594,1.618,0.06,0.044,1171.67,1177.5,25.98,26.2,NA,NA,"ZWF","ZWF",""
"695","RANKL03","1/19/2024","20240119RANKL03",2024,1,"1/0/1900",25.16709,-80.80132,0.5,32,22.2,31.46,30.46,119.63,120.29,NA,25.35,89.4,6.76,24.17,14.66,NA,NA,NA,NA,NA,NA,NA,"ZWF","LAB","ZWF","","",30.96,119.96,885,"20240119RANKL03",21,"",0.109,0.004,NA,NA,0.106,0.109,0.29,0.285,129,124.3,1.99,1.997,0.02,0.028,2034,2079,115.57,114.84,NA,NA,"LAB","ZWF",""
"696","RANKL03","1/21/2022","20220121RANKL03",2022,1,"1/0/1900",25.16722,-80.80135,0.6,36,18.8,32.61,33.85,82.58,81.98,NA,22.45,85.2,6.22,45.73,29.67,8.13,NA,NA,NA,NA,NA,NA,"ZWF","ZWF","ZWF","","",33.23,82.28,646,"20220121RANKL03",11,"",NA,0.009,NA,NA,0.029,0.04,NA,0.02,152.62,144.05,2.241,2.498,0,0.009,1725,1688.3,64.13,62.14,NA,NA,"ZWF","ZWF",""
"697","RANKL03","1/23/2018","20180123RANKL03",2018,1,"1/0/1900",25.16367,-80.80341,0.945,60,14.1,9.6,10.58,119.53,115.19,1.435,24.61,102.2,7.14,47.1,30.63,8.04,24.63,102.5,7.14,47.1,30.63,8.04,"VMA","VMA","ZWF","8.83/7.76 FIU CHL","",10.09,117.36,121,"20180123RANKL03",13,"1/0/1900",0.27,0.23,NA,NA,0.12,0.12,17.47,17.6,53.42,53.43,1.01,1.02,0.05,0.05,626,629.75,0.2,NA,NA,NA,"VMA","ZWF","CHL 8.83, 7.76"
"698","RANKL03","1/28/2020","20200128RANKL03",2020,1,"1/0/1900",25.16362,-80.80341,0.8,33,17.8,18.26,18.89,84.44,80.39,NA,21.16,106.2,7.64,55.21,36.65,8.15,NA,NA,NA,NA,NA,NA,"ZWF","TAP","LMH","25 subtracted from CDOM","",18.575,82.415,315,"20200128RANKL03",13,"1/0/1900",0.02,0.06,NA,NA,0.01,0.01,0.7,0.87,126.67,129.29,1.75,1.67,0.01,0.01,1366.667,1367.5,79.66,81.23,NA,NA,"LMH","JLS",""
"699","RANKL03","11/14/2021","20211114RANKL03",2021,11,"1/0/1900",25.16735,-80.80135,0.6,55,11,16.58,15.27,103.43,104.54,NA,25.81,117.8,8.14,45.01,29.09,8.11,NA,NA,NA,NA,NA,NA,"ZWF","ZWF","ZWF","","",15.925,103.985,589,"20211114RANKL03",11,"",NA,NA,NA,NA,0.008,0.008,0.211,0.134,103.81,104.524,1.839,1.731,NA,NA,1293.3,1280.8,64.5,65.4,NA,NA,"ZWF","ZWF",""
"700","RANKL03","11/20/2024","20241120RANKL03",2024,11,"1/0/1900",25.16729,-80.80129,0.9,66,12.2,11.35,10.28,32.9,32.73,NA,24.57,104.1,7.68,33.89,21.25,8.33,NA,NA,NA,NA,NA,NA,"ZWF","ZWF","ZWF","","",10.815,32.815,1033,"20241120RANKL03",13,"",0.163,0.181,NA,NA,0.105,0.108,1.402,1.498,69.5,71.9,0.754,0.745,NA,NA,767.4,784.7,19.902,20.369,NA,NA,"ZWF","ZWF",""
"701","RANKL03","11/21/2017","20171121RANKL03",2017,11,"1/0/1900",25.16371,-80.80338,0.975,30,28.6,49.1,42.45,163.13,172.6,3.375,24.51,107.6,7.63,44.81,28.93,8.07,23.76,113.1,8.18,44.92,29.07,8.11,"VMA","VMA","ZWF","","",45.775,167.865,92,"20171121RANKL03",12,"1/0/1900",NA,NA,NA,NA,0,NA,1.37,1.36,117.55,158.48,2.14,2.19,0.05,0.02,1462.5,1490.83,10.13,9.76,NA,NA,"VMA","ZWF",""
"702","RANKL03","11/27/2020","20201127RANKL03",2020,11,"1/0/1900",25.16722,-80.80148,0.4,30,16.6,13.09,11.97,131.26,130.25,NA,25.6,102.7,8.03,13.882,8.03,8.36,NA,NA,NA,NA,NA,NA,"ZWF","LMH","ZWF","","",12.53,130.755,432,"20201127RANKL03",13,"1/0/1900",0.095,0.094,NA,NA,0.075,0.07,1.692,1.651,64.833,98.361,1.598,1.524,0.002,0.006,1377.5,1384.2,42.972,42.284,NA,NA,"ZWF","ZWF","TN REPS ARE DIFFERENT"
"703","RANKL03","11/8/2023","20231108RANKL03",2023,11,"1/0/1900",25.16725,-80.80137,0.7,38,16.4,22.84,23.07,82.29,84.19,NA,24.44,95.4,6.51,53.56,35.38,8.16,NA,NA,NA,NA,NA,NA,"ZWF","LAB","ZWF","","",22.955,83.24,846,"20231108RANKL03",17,"",0.036,0.01,NA,NA,0.059,0.053,0.273,0.253,110.6,112.9,1.348,1.405,0.046,0.021,1446,1434,136.84,136.73,NA,NA,"LAB","ZWF",""
"704","RANKL03","2/19/2019","20190219RANKL03",2019,2,"1/0/1900",25.16367,-80.803411,0.5,40,24.2,34.17,32.49,56.98,54.49,NA,27.23,101,6.7,49.09,32.02,8.01,27.23,100.4,6.65,49.07,32.01,8.02,"VMA","ZWF","ZWF","","",33.33,55.735,206,"20190219RANKL03",13,"1/0/1900",0.09,0.07,NA,NA,0.09,0.04,1.02,0.8,144.47,142.59,1.74,1.77,0.11,0.07,1085.83,1090,NA,NA,NA,NA,"ZWF","ZWF",""
"705","RANKL03","3/14/2024","20240314RANKL03",2024,3,"1/0/1900",25.16714,-80.80122,0.5,36,31.4,18.15,18.17,69.78,68.29,NA,26.15,79,5.34,48.7,31.76,8.31,NA,NA,NA,NA,NA,NA,"ZWF","LAB","ZWF","","",18.16,69.035,919,"20240314RANKL03",12,"",0.053,0.019,NA,NA,0.069,0.028,0.14,0.177,123.3,126.4,2.48,2.604,0.082,0.046,1665,1643,89.72,90.58,NA,NA,"LAB","ZWF",""
"706","RANKL03","3/15/2021","20210315RANKL03",2021,3,"1/0/1900",25.16722,-80.80136,0.4,40,11.4,1.13,1.09,45.7,46,NA,25.57,73.2,5.04,46.92,30.48,8.22,NA,NA,NA,NA,NA,NA,"ZWF","CJK","ZWF","","",1.11,45.85,484,"20210315RANKL03",13,"1/0/1900",0.191,0.193,NA,NA,0.148,0.154,15.856,15.956,111.19,117.14,0.769,0.805,0.015,0.021,897.5,944.2,28.336,28.582,NA,NA,"ZWF","ZWF",""
"707","RANKL03","3/17/2020","20200317RANKL03",2020,3,"1/0/1900",25.16722,-80.80135,0.5,18,70.5,18.25,21.84,76.45,76.9,NA,25.35,94,6.07,62.49,42.25,8.04,NA,NA,NA,NA,NA,NA,"ZWF","LMH","TAP","sample to FWC for ID","",20.045,76.675,327,"20200317RANKL03",13,"1/0/1900",NA,NA,NA,NA,0.02,0.01,0.13,0.09,202.62,192.62,2.48,2.18,NA,0,1574.167,1576.667,55.22,55.59,NA,NA,"JLS","ZWF",""
"708","RANKL03","3/17/2022","20220317RANKL03",2022,3,"1/0/1900",25.16714,-80.80149,0.6,60,6.31,5.09,5.06,51.57,50.58,NA,26.51,67.8,4.44,54.96,36.38,8.09,NA,NA,NA,NA,NA,NA,"ZWF","ZWF","ZWF","","",5.075,51.075,620,"20220317RANKL03",3,"",0.04,0.049,NA,NA,0.098,0.093,2.659,2.748,83.81,85.71,0.746,0.72,NA,NA,991.7,975,45.92,45.82,NA,NA,"ZWF","ZWF",""
"709","RANKL03","5/10/2024","20240510RANKL03",2024,5,"1/0/1900",25.16715,-80.80114,0.6,28,27,10.25,9.72,36.99,38.1,NA,28.38,94.5,6.27,44.46,28.62,8.25,NA,NA,NA,NA,NA,NA,"ZWF","LAB","ZWF","","",9.985,37.545,977,"20240510RANKL03",28,"",NA,NA,NA,NA,NA,NA,NA,NA,99.8,92.9,1.097,1.101,NA,NA,1055,1041,56.05,56.44,NA,NA,"ZWF","LAB","Filtered samples perished in broken freezer"
"710","RANKL03","5/14/2021","20210514RANKL03",2021,5,"1/0/1900",25.16178,-80.80139,0.4,40,2.7,0.88,0.88,57.21,57.21,NA,29.24,148.2,8.69,70.84,48.45,8.47,NA,NA,NA,NA,NA,NA,"ZWF","ZWF","ZWF","","",0.88,57.21,510,"20210514RANKL03",13,"1/0/1900",0.039,0.043,NA,NA,0.056,0.02,0.674,0.711,117.5,114.76,0.822,0.999,NA,NA,953.33,965.83,59.25,61.49,NA,NA,"ZWF","ZWF",""
"711","RANKL03","5/28/2022","20220528RANKL03",2022,5,"1/0/1900",25.16719,-80.80138,0.8,80,7.91,19.36,22.16,65.78,65.33,NA,28.98,64.8,3.79,72.16,49.51,8.11,NA,NA,NA,NA,NA,NA,"ZWF","ZWF","ZWF","","",20.76,65.555,661,"20220528RANKL03",3,"",0.201,NA,NA,NA,0.027,0.033,1.226,0.924,65.85,65.45,1.525,1.528,0.019,0.021,1457.5,1433.3,198.17,208.03,NA,NA,"ZWF","ZWF",""
"712","RANKL03","5/5/2020","20200505RANKL03",2020,5,"1/0/1900",25.16729,-80.80126,0.4,40,10.8,7.01,7.28,57.05,57.22,NA,28.29,117.6,7.09,67.16,45.61,8.2,NA,NA,NA,NA,NA,NA,"ZWF","ZWF","TAP","","",7.145,57.135,353,"20200505RANKL03",13,"1/0/1900",NA,NA,NA,NA,0.02,0.02,0.84,0.58,100.71,100.95,0.96,1.12,0.01,0.01,1004.167,1004.167,26.06,26.6,NA,NA,"LMH","TAP",""
"713","RANKL03","5/7/2018","20180507RANKL03",2018,5,"1/0/1900",25.16377,-80.80331,0.4,40,17.6,9.06,8.89,47.51,41.62,NA,30.43,89.3,5.24,66.55,45.06,8.23,NA,NA,NA,NA,NA,NA,"ZWF","ZWF","ZWF","","",8.975,44.565,178,"20180507RANKL03",13,"1/0/1900",0.1,0.08,NA,NA,0.04,0.04,0.25,0.23,78.64,75.75,1.06,1,0.04,0.04,1074.17,1106.67,49.25,46.77,NA,NA,"TAP","ZWF",""
"714","RANKL03","6/4/2019","20190604RANKL03",2019,6,"1/0/1900",25.16374,-80.8034,0.6,60,12.12,12.27,10.8,48.76,49.4,NA,32.12,61.6,3.46,71.1,48.55,7.97,NA,NA,NA,NA,NA,NA,"ZWF","ZWF","ZWF","","",11.535,49.08,218,"20190604RANKL03",13,"1/0/1900",0.1,0.11,NA,NA,0.06,0.06,15.88,15.96,132.38,140,0.79,0.78,NA,NA,1250.833,1216.667,NA,NA,NA,NA,"ZWF","ZWF",""
"715","RANKL03","7/11/2023","20230711RANKL03",2023,7,"1/0/1900",25.16721,-80.80134,0.9,40,12.5,12.53,12.08,176.2,179.2,NA,33.01,84.5,5.28,40.41,25.6,8.38,NA,NA,NA,NA,NA,NA,"ZWF","LAB","ZWF","","",12.305,177.7,751,"20230711RANKL03",15,"",0.167,0.047,NA,NA,0.016,0.014,1.417,0.463,159.7,179.8,1.576,1.657,0.013,0.011,3018,3115,204.87,203.77,NA,NA,"LAB","ZWF",""
"716","RANKL03","7/13/2022","20220713RANKL03",2022,7,"1/0/1900",25.16706,-80.8014,0.6,52,11,15.68,16.86,150.76,149.42,NA,32.28,75.5,4.75,41.42,26.41,8.38,NA,NA,NA,NA,NA,NA,"ZWF","ZWF","ZWF","","",16.27,150.09,687,"20220713RANKL03",3,"",0.054,0.063,NA,NA,0.066,0.078,0.229,0.253,83.877,74.123,1.611,1.669,0.006,0.009,2557.558,2547.558,120.39,115.48,NA,NA,"ZWF","ZWF",""
"717","RANKL03","7/14/2020","20200714RANKL03",2020,7,"1/0/1900",25.16714,-80.80144,0.4,35,18,14.24,14.22,68.96,68.33,NA,31.26,129.9,7.78,60.63,40.48,8.43,NA,NA,NA,NA,NA,NA,"ZWF","JLS","LMH","","",14.23,68.645,380,"20200714RANKL03",13,"1/0/1900",NA,NA,NA,NA,0.014,0.004,0.164,0.148,159.29,154.76,1.579,1.583,NA,NA,1501.7,1528.3,119.68,121.61,NA,NA,"ZWF","LMH",""
"718","RANKL03","7/22/2021","20210722RANKL03",2021,7,"1/0/1900",25.16721,-80.80137,0.9,90,1.36,0.67,0.73,42.08,42.05,NA,33.6,133,7.75,56.41,37.2,8.52,NA,NA,NA,NA,NA,NA,"ZWF","ZWF","ZWF","","",0.7,42.065,537,"20210722RANKL03",13,"1/0/1900",0.035,0.423,NA,NA,0.021,0.134,1.391,1.906,84.52,85.24,0.412,0.402,0.014,0.022,999.17,1006.67,112.52,114.39,NA,NA,"ZWF","ZWF","N+N Different"
"719","RANKL03","7/7/2018","20180707RANKL03",2018,7,"1/0/1900",25.16398,-80.80331,0.4,35,24.1,23.33,24.82,88.69,97.15,NA,31.38,102.1,6.54,41.03,26.08,8.18,NA,NA,NA,NA,NA,NA,"ZWF","ZWF","ZWF","17.36,19.16 SFWMD chlA ug/L","",24.075,92.92,148,"20180707RANKL03",13,"1/0/1900",1.47,0.23,NA,NA,0.07,0.1,0.66,0.77,114.83,107.87,1.58,1.68,0,0,1303.33,1295.83,122.27,118.67,9.63,11.16,"TAP","ZWF",""
"720","RANKL03","8/16/2017","20170816RANKL03",2017,8,"1/0/1900",25.16369,-80.80313,0.61,61,1.35,1.66,2.88,135.76,126.25,0.815,34.59,165,8.8,73.14,50.1,8.7,NA,NA,NA,NA,NA,NA,"ZWF","VMA","AJP","","",2.27,131.005,21,"20170816RANKL03",11,"1/0/1900",0.32,0.33,NA,NA,0.35,0.35,1.59,1.49,105,104.46,0.49,0.47,NA,NA,1580,1589.17,42.6,42.39,NA,NA,"VMA","ZWF",""
"721","RANKL03","8/19/2019","20190819RANKL03",2019,8,"1/0/1900",25.16371,-80.80345,0.7,42,20,33.25,38.71,161.84,160.72,NA,32.11,131.7,8.23,44.44,28.5,NA,NA,NA,NA,NA,NA,NA,"ZWF","ZWF","LMH","","",35.98,161.28,246,"20190819RANKL03",13,"1/0/1900",0.53,0.52,NA,NA,0.15,0.15,16.84,15.75,211.43,214.29,2.18,2.21,NA,NA,1869.167,1854.167,30.83,32.1,NA,NA,"LMH","",""
"722","RANKL03","9/1/2023","20230901RANKL03",2023,9,"1/0/1900",25.1672,-80.80127,0.6,50,17.5,14.54,12.22,54.54,55.32,NA,30.8,99.8,6.27,48.32,31.35,8.17,NA,NA,NA,NA,NA,NA,"ZWF","LAB","ZWF","","",13.38,54.93,794,"20230901RANKL03",15,"",NA,NA,NA,NA,NA,NA,0.183,0.215,78.2,78.9,1.051,1.003,0.027,0.026,1163,1138,134.74,135.25,NA,NA,"LAB","ZWF",""
"723","RANKL03","9/12/2024","20240912RANKL03",2024,9,"1/0/1900",25.16729,-80.80138,0.8,36,17.4,22.98,22.47,49.26,51.67,NA,30.64,72.6,4.5,52.52,34.43,8.07,NA,NA,NA,NA,NA,NA,"ZWF","ZWF","ZWF","","",22.725,50.465,1000,"20240912RANKL03",19,"",NA,NA,NA,NA,0.017,0.013,0.215,0.319,130.2,135.7,1.061,1.053,NA,NA,1267,1281,196.49,192.99,NA,NA,"ZWF","ZWF",""
"724","RANKL03","9/14/2022","20220914RANKL03",2022,9,"1/0/1900",25.16719,-80.80136,1,31,19.2,39.91,38.81,60.88,60.28,NA,30.58,50.7,3.01,62.92,42.25,8.11,NA,NA,NA,NA,NA,NA,"ZWF","ZWF","ZWF","","",39.36,60.58,713,"20220914RANKL03",3,"",0.035,0.027,NA,NA,0.103,0.088,0.302,0.278,114.946,118.98,2.04,2.224,0.026,0.036,2078.798,2073.798,285.68,279.38,NA,NA,"ZWF","ZWF",""
"725","RANKL03","9/15/2020","20200915RANKL03",2020,9,"1/0/1900",25.16722,-80.80135,0.7,35,19.5,30.17,31.84,120.46,120.81,NA,31.61,104.3,6.75,37.53,23.65,8.07,NA,NA,NA,NA,NA,NA,"ZWF","LMH","JLS","","",31.005,120.635,406,"20200915RANKL03",13,"1/0/1900",0.269,0.252,NA,NA,0.106,0.085,0.434,0.376,216.429,205,4.308,4.272,0.375,0.318,1911.67,1892.5,72.8,71.12,NA,NA,"LMH","ZWF",""
"726","RANKL03","9/25/2019","20190925RANKL03",2019,9,"1/0/1900",25.16382,-80.80323,0.8,48,12.2,11.46,12.71,89.3,90.39,NA,28.18,115.9,7.53,50.5,33.02,8.22,NA,NA,NA,NA,NA,NA,"ZWF","LMH","TAP","","",12.085,89.845,289,"20190925RANKL03",13,"1/0/1900",0.01,NA,NA,NA,0.05,0.05,0.23,0.27,146.43,149.52,1.19,1.21,0,NA,1604.167,1573.333,85.84,86.8,NA,NA,"LMH","LMH",""
"727","RANKL03","9/27/2017","20170927RANKL03",2017,9,"1/0/1900",25.16369,-80.80313,0.762,18,58.6,216.91,219.17,267.56,254.14,NA,29.97,2.1,0.13,41.22,26.27,7.62,NA,NA,NA,NA,NA,NA,"ZWF","VMA","ZWF","After hurricane and amount of organic matter and suspended solids in the water most likely led to the high CHL values. Independent outside laboratory analysis yeilded similar results.","P9270119.JPG",218.04,260.85,50,"20170927RANKL03",11,"1/0/1900",0.51,0.41,NA,NA,NA,NA,23.26,21.82,150.3,162.81,3.95,3.95,NA,NA,2066.5,2078.17,144.36,140.55,NA,NA,"VMA","ZWF",""
"728","RANKL03","9/7/2021","20210907RANKL03",2021,9,"1/0/1900",25.16713,-80.80139,0.6,60,3.39,5.3,6.51,87.47,86.76,NA,32.5,116.8,7.19,47.56,30.74,8.8,NA,NA,NA,NA,NA,NA,"ZWF","ZWF","ZWF","","",5.905,87.115,563,"20210907RANKL03",11,"1/0/1900",NA,NA,NA,NA,0.021,0.023,0.251,0.221,120,122.86,0.98,1.013,NA,NA,1603.3,1598.3,67.59,63.42,NA,NA,"ZWF","ZWF",""
"729","SANT01","1/19/2024","20240119SANT01",2024,1,"1/0/1900",25.15346,-80.76033,0.6,60,14,5.43,5.15,43.49,44.32,NA,25.03,90.7,6.75,29.65,18.33,8.24,NA,NA,NA,NA,NA,NA,"ZWF","LAB","ZWF","","",5.29,43.905,882,"20240119SANT01",18,"",0.366,0.357,NA,NA,0.112,0.111,10.264,10.494,64,67.4,0.496,0.515,NA,NA,786.5,752.5,18.881,18.677,NA,NA,"LAB","ZWF",""
"730","SANT01","11/8/2023","20231108SANT01",2023,11,"1/0/1900",25.1534,-80.76083,0.9,90,5.59,4.63,4.07,32.79,32.27,NA,24.74,95,6.47,52.78,34.79,8.16,NA,NA,NA,NA,NA,NA,"ZWF","LAB","ZWF","","",4.35,32.53,842,"20231108SANT01",13,"",0.252,0.218,NA,NA,0.111,0.105,7.874,7.802,75.9,75.5,0.467,0.419,0.019,0.015,1028,1008,5.435,5.78,NA,NA,"LAB","ZWF",""
"731","SANT01","3/14/2024","20240314SANT01",2024,3,"1/0/1900",25.1536,-80.76077,0.5,50,12,6.76,6.8,42.11,42.33,NA,24.96,81.7,5.79,42.49,27.3,8.19,NA,NA,NA,NA,NA,NA,"ZWF","LAB","ZWF","","",6.78,42.22,917,"20240314SANT01",10,"",0.247,0.229,NA,NA,0.131,0.132,4.45,4.451,83.3,83.3,1.401,1.323,NA,NA,1117,1122,56.79,57.63,NA,NA,"LAB","ZWF",""
"732","SANT01","5/10/2024","20240510SANT01",2024,5,"1/0/1900",25.15377,-80.76112,0.7,70,11.19,2.46,2.49,27.86,27.68,NA,27.82,87.7,5.9,43.18,27.73,8.08,NA,NA,NA,NA,NA,NA,"ZWF","LAB","ZWF","","",2.475,27.77,974,"20240510SANT01",25,"",NA,NA,NA,NA,NA,NA,NA,NA,92.1,82.4,0.582,0.59,NA,NA,860,866.7,59.5,59.08,NA,NA,"ZWF","LAB","Filtered samples perished in broken freezer"
"733","SANT01","7/11/2023","20230711SANT01",2023,7,"1/0/1900",25.15361,-80.76058,0.7,62,10.3,7.07,7.41,46.47,49.24,NA,31.8,53.2,3.21,54.38,35.77,7.94,NA,NA,NA,NA,NA,NA,"ZWF","LAB","ZWF","","",7.24,47.855,747,"20230711SANT01",11,"",0.023,0.061,NA,NA,0.01,0.02,9.557,10.314,89.3,91.6,0.622,0.627,0.008,0.009,1180,1193,154.37,154.43,NA,NA,"LAB","ZWF",""
"734","SANT01","9/1/2023","20230901SANT01",2023,9,"1/0/1900",25.15354,-80.76064,0.8,47,18.3,25.49,19.77,73.7,74.44,NA,30.51,85.6,5.34,51.35,33.58,7.97,NA,NA,NA,NA,NA,NA,"ZWF","LAB","ZWF","","",22.63,74.07,790,"20230901SANT01",11,"",NA,NA,NA,NA,NA,NA,0.24,0.252,122.8,124,1.679,1.534,0.024,0.021,1729,1741,209.65,207.81,NA,NA,"LAB","ZWF",""
"735","SID01","1/19/2024","20240119SID01",2024,1,"1/0/1900",25.018954,-80.78603,1.1,110,1.14,1.33,1.09,34.48,34.45,NA,25.99,118.4,8.4,37.76,23.92,8.37,26,123.6,8.77,37.75,23.92,8.38,"ZWF","LAB","ZWF","","",1.21,34.465,894,"20240119SID01",30,"",0.269,0.254,NA,NA,0.146,0.147,6.235,6.31,56,55.7,0.49,0.483,0.007,0.007,798.2,799.9,16.892,16.716,NA,NA,"LAB","ZWF",""
"736","SID01","11/8/2023","20231108SID01",2023,11,"1/0/1900",25.01903,-80.78607,1.4,140,1.71,0.77,0.68,17.39,17.3,NA,25.46,118,7.87,55.18,36.57,8.25,25.45,119.4,7.96,55.16,36.55,8.25,"ZWF","LAB","ZWF","","",0.725,17.345,854,"20231108SID01",26,"",0.082,0.068,NA,NA,0.039,0.045,1.756,1.706,54.1,72.5,0.23,0.233,NA,NA,820.4,811.3,8.041,8.265,NA,NA,"LAB","ZWF",""
"737","SID01","3/14/2024","20240314SID01",2024,3,"1/0/1900",25.01937,-80.78606,1.1,110,0.89,0.82,1.04,32.99,32.81,NA,26.49,130.7,8.84,47.52,30.89,8.46,26.5,132.7,8.97,47.53,30.9,8.47,"ZWF","LAB","ZWF","","",0.93,32.9,928,"20240314SID01",21,"",0.043,0.05,NA,NA,0.04,0.041,1.402,1.521,54.5,55.5,0.588,0.675,0.011,0.013,799.7,809.8,11.744,11.571,NA,NA,"LAB","ZWF",""
"738","SID01","5/10/2024","20240510SID01",2024,5,"1/0/1900",25.01871,-80.78629,1.2,120,2.99,0.29,0.25,10.2,9.91,NA,29.49,123.7,7.67,57.29,38.03,8.37,29.5,125.3,7.75,57.29,38.02,8.37,"ZWF","LAB","ZWF","","",0.27,10.055,988,"20240510SID01",39,"",NA,NA,NA,NA,NA,NA,NA,NA,27.6,27.9,0.215,0.208,NA,NA,295.8,293.2,16.553,16.561,NA,NA,"ZWF","LAB","Filtered samples perished in broken freezer"
"739","SID01","6/4/2019","20190604SID01",2019,6,"1/0/1900",25.01884,-80.78617,1,100,1.47,0.6,0.56,28.07,28.18,NA,31.77,69.5,4.03,63.96,43.01,8.24,NA,NA,NA,NA,NA,NA,"ZWF","ZWF","ZWF","","",0.58,28.125,213,"20190604SID01",6,"1/0/1900",0.06,0.06,NA,NA,0.04,0.04,2.84,2.81,60,58.33,0.3,0.33,0.01,0,10.883,636.917,NA,NA,NA,NA,"ZWF","ZWF","TOC reps very different"
"740","SID01","7/11/2023","20230711SID01",2023,7,"1/0/1900",25.01926,-80.78634,1.3,130,0.8,0.47,0.23,31.77,31.96,NA,34.64,146.3,8.3,59.1,39.18,8.32,34.48,151.1,8.65,NA,39.13,8.33,"ZWF","LAB","ZWF","","",0.35,31.865,759,"20230711SID01",23,"",0.033,0.028,NA,NA,0.024,0.022,2.53,2.495,35.5,32.7,0.369,0.347,0.013,0.007,547.5,546.8,89.27,88.8,NA,NA,"LAB","ZWF",""
"741","SID01","9/1/2023","20230901SID01",2023,9,"1/0/1900",25.01942,-80.78599,1.3,130,1.38,0.67,0.65,32.32,32.19,NA,31.8,116.1,6.9,58.64,38.95,8.33,31.77,120,7.18,58.66,38.97,8.34,"ZWF","LAB","ZWF","","",0.66,32.255,802,"20230901SID01",23,"",0.01,0.023,NA,NA,0.022,0.017,2.092,2.049,58.8,58.1,0.341,0.374,0.021,0.016,760.1,754.3,35.37,36.17,NA,NA,"LAB","ZWF",""
"742","SID02","1/12/2021","20210112SID02",2021,1,"1/0/1900",25.03154,-80.80597,1.1,110,0.77,0.23,0.2,36.31,35.93,NA,19.11,95.8,7.42,45.98,29.88,8.21,19.11,97.7,7.57,45.97,29.88,8.22,"ZWF","ZWF","ZWF","","",0.215,36.12,453,"20210112SID02",6,"1/0/1900",0.044,NA,NA,NA,0.055,0.055,1.218,1.17,40,38.81,0.49,0.488,NA,NA,503.17,504.58,8.26,8.36,NA,NA,"ZWF","ZWF",""
"743","SID02","1/19/2024","20240119SID02",2024,1,"1/0/1900",25.03292,-80.80601,0.8,80,1.57,3.63,3.34,45.84,44.01,NA,25.62,113.8,8.05,39.92,25.45,8.38,NA,NA,NA,NA,NA,NA,"ZWF","LAB","ZWF","","",3.485,44.925,893,"20240119SID02",29,"",0.165,0.154,NA,NA,0.11,0.086,4.039,3.807,54,55,0.558,0.514,0.033,0.006,833,845,30.49,29.95,NA,NA,"LAB","ZWF",""
"744","SID02","1/21/2022","20220121SID02",2022,1,"1/0/1900",25.03204,-80.80568,1.3,130,1.22,0.38,0.3,24.43,23.76,NA,22.62,105.5,7.53,50.37,33.06,8.19,22.58,106.1,7.58,50.37,33.06,8.2,"ZWF","ZWF","ZWF","","",0.34,24.095,641,"20220121SID02",6,"",0.132,0.257,NA,NA,0.084,0.151,4.507,5.659,31.67,31.67,0.432,0.38,NA,NA,326.9,320.8,18.39,18.49,NA,NA,"ZWF","ZWF",""
"745","SID02","1/23/2018","20180123SID02",2018,1,"1/0/1900",25.0325,-80.80642,1.03,103,3.85,0.12,0.1,100.08,98.19,0.3696,21.72,97.1,7.21,45.25,29.32,8.22,21.5,101.7,7.57,45.3,29.37,8.24,"VMA","VMA","ZWF","0.22/0.22 FIU CHL","",0.11,99.135,116,"20180123SID02",6,"1/0/1900",0.08,0.06,NA,NA,0.04,0.05,1.4,1.54,27.93,28.3,0.48,0.54,0.05,0.05,484.25,498.33,3.51,3.51,NA,NA,"VMA","ZWF","CHL 0.22, 0.22"
"746","SID02","1/28/2020","20200128SID02",2020,1,"1/0/1900",25.03241,-80.80634,1.1,110,0.83,0.22,0.19,28.91,25.05,NA,20.08,102.3,7.52,54.21,35.92,8.23,NA,NA,NA,NA,NA,NA,"ZWF","TAP","LMH","25 subtracted from CDOM","P1280076.JPG",0.205,26.98,310,"20200128SID02",6,"1/0/1900",0,NA,NA,NA,0.03,0.04,1.35,1.36,28.33,28.33,0.37,0.37,0.01,0.02,387.167,390.583,13.78,13.83,NA,NA,"LMH","JLS",""
"747","SID02","11/14/2021","20211114SID02",2021,11,"1/0/1900",25.03241,-80.80591,1.3,130,0.92,0.62,0.66,27.54,27.89,NA,24.27,73.3,5.06,51.69,34,7.85,24.24,73.2,5.06,51.69,34,7.85,"ZWF","ZWF","ZWF","","",0.64,27.715,584,"20211114SID02",6,"",0.145,0.205,NA,NA,0.114,0.156,6.626,8.282,33.333,54.524,0.387,0.52,NA,NA,331.7,333.4,24.1,24.4,NA,NA,"ZWF","ZWF","TN DIFFERENT"
"748","SID02","11/20/2024","20241120SID02",2024,11,"1/0/1900",25.03257,-80.80615,1.4,140,0.75,0.47,0.43,18.23,18.13,NA,25.01,111.1,7.67,48.39,31.56,8.21,25.01,111.9,7.73,48.37,31.55,8.21,"ZWF","ZWF","ZWF","","",0.45,18.18,1039,"20241120SID02",19,"",0.088,0.211,NA,NA,0.085,0.093,3.315,3.557,37.6,38.1,0.472,0.466,0.003,0.009,407.8,410.3,9.918,9.889,NA,NA,"ZWF","ZWF",""
"749","SID02","11/21/2017","20171121SID02",2017,11,"1/0/1900",25.03259,-80.80628,1,100,1.68,0.45,0.29,96.59,96.8,0.5368,24.05,92.5,6.66,41.82,26.85,8.06,24.02,92.8,6.7,41.89,26.89,8.07,"VMA","VMA","ZWF","","",0.37,96.695,86,"20171121SID02",6,"1/0/1900",0.15,0.16,NA,NA,0.17,0.17,7.36,7.47,39.19,36.56,0.56,0.57,0.01,0.02,429.58,434.5,3.56,3.65,NA,NA,"VMA","ZWF",""
"750","SID02","11/27/2020","20201127SID02",2020,11,"1/0/1900",25.03315,-80.8075,1.2,120,0.97,0.14,0.19,22.82,22.44,NA,23.92,74.8,5.47,40.038,25.57,8.09,24.512,95.1,6.9,41.494,26.6,8.18,"ZWF","LMH","ZWF","","",0.165,22.63,427,"20201127SID02",6,"1/0/1900",0.279,0.276,NA,NA,0.132,0.133,9.132,9.192,42.506,41.965,0.295,0.279,NA,NA,461.2,460.7,13.33,13.281,NA,NA,"ZWF","ZWF",""
"751","SID02","11/8/2023","20231108SID02",2023,11,"1/0/1900",25.03271,-80.80648,1.4,140,1.43,1.85,2.07,30.72,31,NA,25.39,97.8,6.46,57.5,38.31,8.22,25.4,109.5,7.21,57.65,38.42,8.28,"ZWF","LAB","ZWF","","",1.96,30.86,853,"20231108SID02",25,"",0.141,0.148,NA,NA,0.064,0.066,2.338,2.316,67,67.3,0.335,0.353,NA,NA,1018,996.7,33.334,28.852,NA,NA,"LAB","ZWF",""
"752","SID02","3/14/2024","20240314SID02",2024,3,"1/0/1900",25.03272,-80.80618,0.9,90,0.7,0.37,0.27,35.03,35.52,NA,26.33,107,7.19,49.65,32.45,8.48,NA,NA,NA,NA,NA,NA,"ZWF","LAB","ZWF","","",0.32,35.275,927,"20240314SID02",20,"",0.306,0.398,NA,NA,0.085,0.085,4.257,3.155,47.4,49,0.699,0.686,0.011,0.03,734,706.6,45.71,44.12,NA,NA,"LAB","ZWF",""
"753","SID02","3/15/2021","20210315SID02",2021,3,"1/0/1900",25.03199,-80.80624,1.1,110,0.88,0.32,0.31,25.7,25.81,NA,24.48,95.8,6.72,46.62,30.28,8.45,24.54,98.7,6.94,46.64,30.3,8.46,"ZFW","CJK","ZWF","","",0.315,25.755,479,"20210315SID02",6,"1/0/1900",0.026,0.018,NA,NA,0.012,0.012,1.085,1.081,69.52,68.81,0.488,0.522,0.005,0.004,645.1,637.5,15.693,15.522,NA,NA,"ZWF","ZWF",""
"754","SID02","3/17/2020","20200317SID02",2020,3,"1/0/1900",25.03257,-80.8064,0.9,90,1.1,0.28,0.27,29.44,29.48,NA,23.32,86.5,5.75,59.95,40.19,8.28,NA,NA,NA,NA,NA,NA,"ZWF","LMH","TAP","DEAD GRASS; sample to FWC for ID","",0.275,29.46,322,"20200317SID02",6,"1/0/1900",0,0,NA,NA,NA,NA,0.57,0.6,65,65.95,0.39,0.37,NA,NA,757.333,782.25,12.36,12.37,NA,NA,"JLS","ZWF",""
"755","SID02","3/17/2022","20220317SID02",2022,3,"1/0/1900",25.03245,-80.80589,1.2,120,1.84,0.99,0.9,25.4,25.28,NA,26.35,98,6.48,53.24,35.09,8.34,26.36,98.1,6.49,53.22,35.08,8.34,"ZWF","ZWF","ZWF","","",0.945,25.34,625,"20220317SID02",8,"",0.05,0.062,NA,NA,0.087,0.091,1.586,1.73,52.14,53.57,0.47,0.464,NA,NA,660.2,644.3,32.78,32.69,NA,NA,"ZWF","ZWF",""
"756","SID02","5/10/2024","20240510SID02",2024,5,"1/0/1900",25.03255,-80.80593,1.2,120,0.83,0.26,0.29,15.43,15.23,NA,29.61,114.8,7.14,55.74,36.86,8.42,29.66,118.6,7.36,55.74,36.86,8.43,"ZWF","LAB","ZWF","","",0.275,15.33,987,"20240510SID02",38,"",NA,NA,NA,NA,NA,NA,NA,NA,34.5,35.7,0.205,0.205,NA,NA,404.8,402.3,35.376,35.718,NA,NA,"ZWF","LAB","Filtered samples perished in broken freezer"
"757","SID02","5/14/2021","20210514SID02",2021,5,"1/0/1900",25.03174,-80.80592,1.3,130,1.41,0.29,0.4,41.95,41.21,NA,27.94,63.8,4.02,58.62,39.08,8.19,27.99,66.2,4.13,58.63,39.09,8.21,"ZWF","ZWF","ZWF","","",0.345,41.58,505,"20210514SID02",6,"1/0/1900",0.051,0.044,NA,NA,0.041,0.042,1.521,1.544,70,70.48,0.365,0.361,NA,NA,739,735.75,146.22,147.03,NA,NA,"ZWF","ZWF",""
"758","SID02","5/28/2022","20220528SID02",2022,5,"1/0/1900",25.03284,-80.80648,1.2,120,0.98,1.02,0.86,20.55,19.39,NA,30.66,132.4,7.84,63.06,42.36,8.42,30.68,134.7,7.99,63.04,42.34,8.43,"ZWF","ZWF","ZWF","","",0.94,19.97,667,"20220528SID02",9,"",0.054,0.058,NA,NA,0.044,0.044,2.073,1.949,25.36,28.15,0.302,0.316,NA,0.007,539,630.8,46.22,46.95,NA,NA,"ZWF","ZWF",""
"759","SID02","5/5/2020","20200505SID02",2020,5,"1/0/1900",25.03237,-80.80692,1.1,110,0.8,0.45,0.41,36.67,37.4,NA,27.33,98.2,6.2,60.56,40.57,8.46,27.33,99.8,6.31,60.57,40.58,8.47,"ZWF","ZWF","TAP","","",0.43,37.035,348,"20200505SID02",6,"1/0/1900",NA,0,NA,NA,0.05,0.06,1.62,1.69,54.29,50.95,0.35,0.34,0,0.01,564.583,542.75,74.6,74.47,NA,NA,"LMH","TAP",""
"760","SID02","5/7/2018","20180507SID02",2018,5,"1/0/1900",25.03225,-80.80674,0.8,80,1.51,0.37,0.4,21.87,32.61,0.5184,28.281,62.5,3.91,59.022,39.37,8.37,28.136,84.6,5.3,59.158,39.47,8.45,"ZWF","ZWF","ZWF","","",0.385,27.24,173,"20180507SID02",6,"1/0/1900",0.09,0.09,NA,NA,0.04,0.03,1.24,1.23,52.29,50.31,0.46,0.49,0.02,0.01,740.5,758.75,12.33,12.31,NA,NA,"TAP","ZWF",""
"761","SID02","7/11/2023","20230711SID02",2023,7,"1/0/1900",25.03183,-80.80658,1.4,140,0.75,0.2,0.26,31.11,31.18,NA,34.76,139.7,7.94,57.37,37.87,8.4,34.77,147.2,8.39,57.26,37.79,8.42,"ZWF","LAB","ZWF","","",0.23,31.145,758,"20230711SID02",22,"",0.028,0.023,NA,NA,0.038,0.038,3.035,2.686,43,38.8,0.376,0.359,0.012,0.002,544.8,541.4,102.4,104.79,NA,NA,"LAB","ZWF",""
"762","SID02","7/13/2022","20220713SID02",2022,7,"1/0/1900",25.0324,-80.80591,1.2,60,5.79,17.39,18.64,33.2,32.95,NA,33.55,131.1,7.57,58.82,39.02,8.35,33.63,137.2,7.9,58.9,39.08,8.37,"ZWF","ZWF","ZWF","","",18.015,33.075,693,"20220713SID02",9,"",0.004,0.06,NA,NA,0.003,0.009,0.057,0.39,56.399,57.043,1.129,1.091,NA,NA,1399.167,1368.333,174.17,173.7,NA,NA,"ZWF","ZWF",""
"763","SID02","7/14/2020","20200714SID02",2020,7,"1/0/1900",25.03215,-80.80592,0.9,90,1,0.49,0.44,36.05,35.97,NA,30.99,113.3,6.83,58.15,38.62,8.27,NA,NA,NA,NA,NA,NA,"ZWF","JLS","LMH","Dead seagrass","",0.465,36.01,375,"20200714SID02",6,"1/0/1900",NA,NA,NA,NA,0.016,0.019,0.767,0.752,47.143,46.19,0.384,0.356,NA,NA,513.8,504.9,16.77,16.91,NA,NA,"ZWF","LMH",""
"764","SID02","7/22/2021","20210722SID02",2021,7,"1/0/1900",25.03255,-80.80634,1.4,140,1.16,0.9,0.71,28.75,28.65,NA,32.96,115.1,6.62,62.11,40.53,8.28,32.98,116.4,6.7,62.03,41.47,8.29,"ZWF","ZWF","ZWF","","",0.805,28.7,532,"20210722SID02",6,"1/0/1900",0.009,0.008,NA,NA,0.013,0.012,1.433,1.396,55,54.05,0.329,0.328,0.016,0.01,622.5,618,34.4,34.57,NA,NA,"ZWF","ZWF",""
"765","SID02","7/7/2018","20180707SID02",2018,7,"1/0/1900",25.03263,-80.8063,0.9,90,2.38,0.83,0.73,30.47,36.31,0.54,30.97,117.8,7.22,53.07,34.83,8.35,NA,NA,NA,NA,NA,NA,"ZWF","ZWF","ZWF","0.75,0.67 SFWMD chlA ug/L","",0.78,33.39,143,"20180707SID02",6,"1/0/1900",1.16,0.14,NA,NA,0.04,0.04,2.85,1.9,46.12,49,0.34,0.35,NA,NA,567.92,570.92,29.04,28.53,0.47,0.47,"TAP","ZWF",""
"766","SID02","8/16/2017","20170816SID02",2017,8,"1/0/1900",25.0325,-80.80642,0.88,88,0.75,0.41,0.59,99.29,91.72,0.58,33.45,66.7,3.69,70.04,47.64,8.18,NA,NA,NA,NA,NA,NA,"ZWF","VMA","AJP","","",0.5,95.505,16,"20170816SID02",6,"1/0/1900",0.27,0.3,NA,NA,0.27,0.28,2.13,2.28,91.03,89.28,0.35,0.37,NA,NA,1100,1102.5,83.45,86.45,NA,NA,"VMA","ZWF",""
"767","SID02","8/19/2019","20190819SID02",2019,8,"1/0/1900",25.03262,-80.80611,1,100,0.63,0.79,0.96,33.43,34.57,NA,30.16,67.6,4.17,55.08,36.35,NA,30.14,67,4.14,55.07,36.35,NA,"ZWF","ZWF","LMH","","",0.875,34,240,"20190819SID02",6,"1/0/1900",NA,0.06,NA,NA,0.02,0.03,0.59,0.61,39.29,39.29,0.33,0.32,NA,NA,459.083,464.917,23.18,22.89,NA,NA,"LMH","",""
"768","SID02","9/1/2023","20230901SID02",2023,9,"1/0/1900",25.03282,-80.80592,1.1,110,1.36,1,1.1,36.95,36.98,NA,31.84,95.2,5.65,58.56,38.89,8.23,31.82,97.2,5.76,58.55,38.89,8.27,"ZWF","LAB","ZWF","","",1.05,36.965,801,"20230901SID02",22,"",0.035,0.303,NA,NA,0.017,0.028,1.677,2.404,54.5,55.1,0.358,0.356,0.015,0.014,716.3,716.9,25.682,25.718,NA,NA,"LAB","ZWF",""
"769","SID02","9/12/2024","20240912SID02",2024,9,"1/0/1900",25.03262,-80.80602,1.4,140,1.31,2.7,2.75,35.39,33.91,NA,31.86,91.2,5.54,52.57,34.43,8.15,31.86,92.6,5.64,57.58,34.43,8.16,"ZWF","ZWF","ZWF","","",2.725,34.65,1006,"20240912SID02",25,"",0.012,0.023,NA,NA,0.031,0.03,1.7,1.767,74.5,76,0.301,0.293,NA,NA,870,874.2,76.995,71.025,NA,NA,"ZWF","ZWF",""
"770","SID02","9/14/2022","20220914SID02",2022,9,"1/0/1900",25.03231,-80.8061,1.3,130,2.87,9.1,9.14,42.1,42.86,NA,30.83,81,4.79,63.34,42.57,8.03,30.84,91.6,5.41,63.52,42.71,8.05,"ZWF","ZWF","ZWF","","",9.12,42.48,719,"20220914SID02",9,"",NA,NA,NA,NA,0.013,0.012,0.296,0.287,39.941,45.945,0.697,0.692,NA,NA,1030,1007.5,189.5,168.14,NA,NA,"ZWF","ZWF",""
"771","SID02","9/15/2020","20200915SID02",2020,9,"1/0/1900",25.03272,-80.8062,1.1,110,2.25,3.53,3.64,26.39,26.44,NA,29.22,101.9,6.26,59.78,39.92,8.15,29.25,106.4,6.55,59.78,39.92,8.17,"ZWF","LMH","JLS","","",3.585,26.415,401,"20200915SID02",6,"1/0/1900",NA,NA,NA,NA,0.027,0.023,0.467,0.495,81.429,79.286,0.474,0.438,0,NA,788.33,771.58,26.62,26.25,NA,NA,"LMH","ZWF",""
"772","SID02","9/25/2019","20190925SID02",2019,9,"1/0/1900",25.03226,-80.80629,1.3,130,2.4,2.42,2.45,28.02,28.42,NA,27.61,106.1,6.68,60.3,40.37,8.35,27.63,109.9,6.89,60.33,40.39,8.36,"ZWF","LMH","TAP","","",2.435,28.22,283,"20190925SID02",6,"1/0/1900",0,0.02,NA,NA,0.02,0.01,0.32,0.33,90.71,86.67,0.42,0.44,NA,NA,883.333,889.167,5.5,5.51,NA,NA,"LMH","LMH",""
"773","SID02","9/27/2017","20170927SID02",2017,9,"1/0/1900",25.0325,-80.80642,1.21,121,1.04,0.85,0.41,91.54,72.96,NA,30.07,73.8,4.58,53.99,35.54,8.13,30.09,74.4,4.62,54,35.54,8.14,"ZWF","VMA","ZWF","","P9270105.JPG",0.63,82.25,44,"20170927SID02",6,"1/0/1900",0.1,0.1,NA,NA,NA,NA,1.66,1.63,51.46,48.79,0.39,0.4,NA,NA,591.75,585.92,3.89,3.88,NA,NA,"VMA","ZWF",""
"774","SID02","9/7/2021","20210907SID02",2021,9,"1/0/1900",25.0323,-80.80611,1.3,130,1.18,0.91,1.05,51.62,51.46,NA,32.13,54.5,3.19,60.36,40.24,7.88,32.04,57,3.35,60.33,40.22,7.89,"ZWF","ZWF","ZWF","","",0.98,51.54,558,"20210907SID02",6,"1/0/1900",0.035,0.018,NA,NA,0.053,0.021,2.752,2.667,62.14,67.86,0.456,0.457,0.026,NA,904.2,909.2,26.61,27.39,NA,NA,"ZWF","ZWF",""
"775","SNB01","1/16/2024","20240116SNB01",2024,1,"1/0/1900",25.14009,-80.89372,2.2,70,20.4,3.49,3.26,41.2,40.79,NA,23.81,88,6.3,45.08,29.18,8.07,23.83,88.1,6.29,45.09,29.19,8.08,"ZWF","LAB","ZWF","","",3.375,40.995,866,"20240116SNB01",1,"",0.045,0.058,NA,NA,0.216,0.085,0.13,0.012,35,35.5,0.749,0.763,0.043,0.031,454.1,438.8,20.187,20.279,NA,NA,"LAB","ZWF",""
"776","SNB01","11/7/2023","20231107SNB01",2023,11,"1/0/1900",25.14045,-80.89359,2.3,100,9.28,1.88,1.57,32.73,33,NA,24.48,96.1,6.42,58.56,39.12,8.14,24.45,96.6,6.44,58.38,38.95,8.15,"ZWF","LAB","ZWF","","",1.725,32.865,828,"20231107SNB01",7,"",0.212,0.344,NA,NA,0.093,0.103,0.92,0.874,24.5,22.4,0.593,0.604,0.052,0.044,380.8,384.7,23.398,23.307,NA,NA,"LAB","ZWF",""
"777","SNB01","3/13/2024","20240313SNB01",2024,3,"1/0/1900",25.14084,-80.89349,2.1,76,15.1,2.72,2.11,44.22,45.49,NA,24.38,81.4,5.69,48.07,31.3,8.02,24.39,81.3,5.68,48.01,31.3,8.03,"ZWF","LAB","ZWF","","",2.415,44.855,914,"20240313SNB01",7,"",0.316,0.315,NA,NA,0.152,0.16,1.051,1.047,40.2,39.8,1.31,1.371,0.005,0.007,540.8,550.8,35.37,34.915,NA,NA,"LAB","ZWF",""
"778","SNB01","5/9/2024","20240509SNB01",2024,5,"1/0/1900",25.14087,-80.89354,2.1,45,20.9,13.97,12.19,45.1,44.67,NA,27.66,78.3,5.14,49.78,32.51,8.48,27.67,78,5.12,49.79,32.52,8.51,"ZWF","LAB","ZWF","","",13.08,44.885,993,"20240509SNB01",44,"",NA,NA,NA,NA,NA,NA,NA,NA,82.4,83.3,1.869,1.829,NA,NA,980.8,974.2,136.7,137.4,NA,NA,"ZWF","LAB","Filtered samples perished in broken freezer"
"779","SNB01","7/10/2023","20230710SNB01",2023,7,"1/0/1900",25.14096,-80.89347,2.3,108,9.27,1.6,1.52,36.9,36.97,NA,32.07,62.2,3.72,55.76,36.78,8.08,32.07,62.2,3.71,55.78,36.8,8.08,"ZWF","LAB","ZWF","incoming tide","",1.56,36.935,738,"20230710SNB01",2,"",0.176,0.196,NA,NA,0.101,0.111,1.552,1.737,31.9,31.6,0.868,0.852,0.019,0.043,479.8,477.6,78.04,78.96,NA,NA,"LAB","ZWF",""
"780","SNB01","8/31/2023","20230831SNB01",2023,9,"1/0/1900",25.14083,-80.89389,2.1,50,27.3,3.14,2.92,33.71,33.31,NA,29.24,79.2,4.97,54.31,35.81,7.97,29.22,77.5,4.87,54.33,35.82,7.96,"ZWF","LAB","ZWF","","",3.03,33.51,781,"20230831SNB01",2,"",0.474,0.438,NA,NA,0.167,0.164,5.919,5.703,38.7,36.7,1.074,1.022,0.003,0.004,995.8,985,71.51,69.94,NA,NA,"LAB","ZWF",""
"781","SNB02","1/12/2021","20210112SNB02",2021,1,"1/0/1900",25.1344,-80.85432,0.7,70,13.4,1.85,2.23,40.22,40.85,NA,21.6,101.2,7.52,45.05,29.19,8.12,NA,NA,NA,NA,NA,NA,"ZWF","ZWF","ZWF","","",2.04,40.535,457,"20210112SNB02",12,"1/0/1900",NA,NA,NA,NA,0.039,0.034,0.726,0.686,39.64,39.52,0.694,0.679,NA,NA,481.92,485.58,18.32,18.28,NA,NA,"ZWF","ZWF",""
"782","SNB02","1/19/2024","20240119SNB02",2024,1,"1/0/1900",25.13505,-80.85386,0.7,70,0.9,0.47,0.36,40.43,40.91,NA,25.37,110.8,7.68,46.06,29.86,8.52,NA,NA,NA,NA,NA,NA,"ZWF","LAB","ZWF","","",0.415,40.67,888,"20240119SNB02",24,"",0.032,0.039,NA,NA,0.022,0.029,NA,NA,31.9,32.1,0.436,0.416,NA,0.008,535,556.3,12.501,12.638,NA,NA,"LAB","ZWF",""
"783","SNB02","1/21/2022","20220121SNB02",2022,1,"1/0/1900",25.13497,-80.854,1,68,14.7,5.11,4.97,29.2,29.15,NA,22.09,84.5,6.09,50.37,33.06,8.02,22.08,85.1,6.15,50.37,33.07,8.03,"ZWF","ZWF","ZWF","","",5.04,29.175,645,"20220121SNB02",10,"",0.098,0.036,NA,NA,0.045,0.03,0.64,0.388,30.24,25.71,0.824,0.83,NA,NA,322.9,304.3,15.35,15.46,NA,NA,"ZWF","ZWF",""
"784","SNB02","1/23/2018","20180123SNB02",2018,1,"1/0/1900",25.135,-80.854,0.64,50,25,14,10.02,121.09,123.22,1.811,21.97,97.1,7.14,45.93,29.82,7.96,21.93,97.2,7.16,45.87,29.78,7.95,"VMA","VMA","ZWF","","",12.01,122.155,120,"20180123SNB02",12,"1/0/1900",0.53,0.57,NA,NA,0.14,0.14,3.13,3.07,27.76,26.42,1.28,1.28,0.05,0.05,421.75,419.92,5.17,5.41,NA,NA,"VMA","ZWF",""
"785","SNB02","1/28/2020","20200128SNB02",2020,1,"1/0/1900",25.13497,-80.85394,0.6,60,4.41,0.96,1.12,41.46,41.58,NA,19.92,83.9,6.24,52.1,34.35,7.97,NA,NA,NA,NA,NA,NA,"ZWF","TAP","LMH","25 subtracted from CDOM","",1.04,41.52,314,"20200128SNB02",12,"1/0/1900",NA,NA,NA,NA,0.02,0.01,0.28,0.27,24.76,25,0.44,0.47,0.01,0,405.167,404.75,13.18,12.96,NA,NA,"LMH","JLS",""
"786","SNB02","11/14/2021","20211114SNB02",2021,11,"1/0/1900",25.13529,-80.85397,0.9,80,14,2.09,2.75,43.35,43.37,NA,25.08,87.8,6.02,49.78,32.58,7.91,NA,NA,NA,NA,NA,NA,"ZWF","ZWF","ZWF","","",2.42,43.36,588,"20211114SNB02",10,"",0.119,0.159,NA,NA,0.095,0.123,1.604,1.907,31.667,32.143,0.752,0.771,NA,NA,438.1,432.3,31.2,31.7,NA,NA,"ZWF","ZWF",""
"787","SNB02","11/20/2024","20241120SNB02",2024,11,"1/0/1900",25.13525,-80.85399,1.2,98,9.04,2.93,2.75,49.65,49.37,NA,24.68,79.2,5.59,44.3,28.6,8.16,24.61,80.7,5.7,44.47,28.73,8.17,"ZWF","ZWF","ZWF","","",2.84,49.51,1035,"20241120SNB02",15,"",0.474,0.337,NA,NA,0.115,0.111,2.222,2.059,61.9,58.3,0.822,0.86,0.007,0.002,754.8,780.1,73.455,72.33,NA,NA,"ZWF","ZWF",""
"788","SNB02","11/21/2017","20171121SNB02",2017,11,"1/0/1900",25.12514,-80.855,0.79,35,36.2,18.45,16.7,116.08,110.75,2.725,24.66,90.5,6.46,41.61,26.68,7.87,24.65,90.2,6.44,41.61,26.68,7.87,"VMA","VMA","ZWF","","",17.575,113.415,91,"20171121SNB02",11,"1/0/1900",0.06,0.07,NA,NA,0.11,0.1,15.67,18.4,56.29,54.44,1.39,1.41,NA,NA,519.92,518.58,11.72,10.37,NA,NA,"VMA","ZWF",""
"789","SNB02","11/27/2020","20201127SNB02",2020,11,"1/0/1900",25.13509,-80.85358,0.8,50,12.3,14.94,14.48,94.15,94.44,NA,25.132,116.7,8.9,23.348,14.1,8.48,NA,NA,NA,NA,NA,NA,"ZWF","LMH","ZWF","","",14.71,94.295,431,"20201127SNB02",12,"1/0/1900",0.112,0.097,NA,NA,0.097,0.095,0.244,0.257,59.98,59.071,1.202,1.188,NA,NA,1085.8,1097.5,16.125,16.248,NA,NA,"ZWF","ZWF",""
"790","SNB02","11/8/2023","20231108SNB02",2023,11,"1/0/1900",25.1351,-80.8542,0.9,97,3.8,8.53,8.58,52.12,52.88,NA,24.94,96,6.28,61.44,41.31,8.44,NA,NA,NA,NA,NA,NA,"ZWF","LAB","ZWF","","",8.555,52.5,848,"20231108SNB02",20,"",0.027,0.004,NA,NA,0.019,0.023,0.051,0.094,73.7,53.7,0.805,0.826,NA,0.007,764.8,770.6,60.82,62.46,NA,NA,"LAB","ZWF",""
"791","SNB02","3/14/2024","20240314SNB02",2024,3,"1/0/1900",25.13546,-80.85394,1,100,1.45,0.33,0.38,36.27,36.17,NA,25.88,68.6,4.65,48.81,31.84,8.35,NA,NA,NA,NA,NA,NA,"ZWF","LAB","ZWF","","",0.355,36.22,922,"20240314SNB02",15,"",0.013,0.001,NA,NA,0.013,0.011,0.301,0.236,34.3,32.1,0.991,0.902,NA,0.001,529.3,531.8,28.525,28.775,NA,NA,"LAB","ZWF",""
"792","SNB02","3/15/2021","20210315SNB02",2021,3,"1/0/1900",25.13519,-80.8539,0.8,78,13.2,1.45,1.43,39.86,40.83,NA,24.35,86.5,5.96,51.36,33.76,7.98,NA,NA,NA,NA,NA,NA,"ZWF","CJK","ZWF","","",1.44,40.345,483,"20210315SNB02",12,"1/0/1900",0.079,0.072,NA,NA,0.063,0.061,0.782,0.781,53.1,50.95,0.743,0.744,0.004,0,455.4,458.2,43.158,37.662,NA,NA,"ZWF","ZWF",""
"793","SNB02","3/17/2020","20200317SNB02",2020,3,"1/0/1900",25.13468,-80.85397,NA,NA,6.21,5.8,4.35,58.15,58.3,NA,24.92,74,4.87,59.74,40.01,8.31,NA,NA,NA,NA,NA,NA,"ZWF","LMH","TAP","","",5.075,58.225,326,"20200317SNB02",12,"1/0/1900",NA,NA,NA,NA,NA,NA,0.01,NA,83.33,87.62,1.05,1.04,NA,NA,920.833,932.5,8.34,8.45,NA,NA,"JLS","ZWF",""
"794","SNB02","3/17/2022","20220317SNB02",2022,3,"1/0/1900",25.1356,-80.85381,0.9,35,25,10.01,9.2,44.61,44.56,NA,25.353,66.6,4.46,54.04,35.72,7.92,NA,NA,NA,NA,NA,NA,"ZWF","ZWF","ZWF","","",9.605,44.585,621,"20220317SNB02",4,"",0.081,0.073,NA,NA,0.104,0.102,2.866,2.764,56.67,57.14,1.387,1.384,NA,NA,574.7,605.5,83.51,83.89,NA,NA,"ZWF","ZWF",""
"795","SNB02","5/10/2024","20240510SNB02",2024,5,"1/0/1900",25.13528,-80.85384,0.8,80,2.37,3.06,3.11,43.06,42.97,NA,29.56,108.8,6.96,48.32,31.39,8.68,NA,NA,NA,NA,NA,NA,"ZWF","LAB","ZWF","","",3.085,43.015,981,"20240510SNB02",32,"",NA,NA,NA,NA,NA,NA,NA,NA,66.2,66.2,0.727,0.743,NA,NA,980.8,934.2,136.3,135.95,NA,NA,"ZWF","LAB","Filtered samples perished in broken freezer"
"796","SNB02","5/14/2021","20210514SNB02",2021,5,"1/0/1900",25.13317,-80.85014,0.8,80,7.99,1.3,1.26,38.2,38.02,NA,29.09,137.5,8.6,56.38,37.36,8.25,NA,NA,NA,NA,NA,NA,"ZWF","ZWF","ZWF","","",1.28,38.11,509,"20210514SNB02",12,"1/0/1900",0.061,0.057,NA,NA,0.075,0.064,0.463,0.466,44.76,42.38,0.688,0.685,NA,NA,756.75,752.75,109.59,111.05,NA,NA,"ZWF","ZWF",""
"797","SNB02","5/28/2022","20220528SNB02",2022,5,"1/0/1900",25.13492,-80.85407,0.8,28,28.3,21.05,20.5,41.89,42.83,NA,29.15,88.8,5.32,66.07,44.75,8.26,NA,NA,NA,NA,NA,NA,"ZWF","ZWF","ZWF","","",20.775,42.36,663,"20220528SNB02",5,"",NA,NA,NA,NA,0.015,0.017,0.359,0.09,56.66,55.04,1.72,1.801,NA,0.004,1203.3,1161.7,207.71,192.75,NA,NA,"ZWF","ZWF",""
"798","SNB02","5/5/2020","20200505SNB02",2020,5,"1/0/1900",25.13437,-80.85392,0.5,50,2.62,0.59,0.54,35.23,35.17,NA,27.67,56.1,3.54,58.81,39.23,8.22,NA,NA,NA,NA,NA,NA,"ZWF","ZWF","TAP","","",0.565,35.2,352,"20200505SNB02",12,"1/0/1900",NA,NA,NA,NA,0.05,NA,0.33,NA,36.43,36.67,0.51,0.5,0,NA,457.583,455,133.6,133.19,NA,NA,"LMH","TAP",""
"799","SNB02","5/7/2018","20180507SNB02",2018,5,"1/0/1900",25.13493,-80.85397,0.6,50,22.4,2.65,3.04,30.12,26.09,1.459,28.564,66.6,4.17,57.668,38.36,7.88,NA,NA,NA,NA,NA,NA,"ZWF","ZWF","ZWF","","",2.845,28.105,177,"20180507SNB02",12,"1/0/1900",8.28,8.31,7.3,7.34,0.98,0.97,5.87,5.87,40.44,45.06,1.13,1.15,0.03,0.02,461.33,459.42,24.94,25.91,NA,NA,"TAP","ZWF",""
"800","SNB02","6/4/2019","20190604SNB02",2019,6,"1/0/1900",25.13479,-80.85397,0.7,70,6.02,1.05,0.93,40.27,40.51,NA,31.41,63.3,3.75,60.18,40.14,8.04,NA,NA,NA,NA,NA,NA,"ZWF","ZWF","ZWF","","",0.99,40.39,217,"20190604SNB02",12,"1/0/1900",0.04,0.03,NA,NA,0.03,0.03,0.47,0.4,36.79,36.9,0.49,0.52,0.02,0.01,481.917,480.333,NA,NA,NA,NA,"ZWF","ZWF",""
"801","SNB02","7/11/2023","20230711SNB02",2023,7,"1/0/1900",25.13535,-80.85395,0.9,90,0.9,0.16,0.14,28.66,29.13,NA,33.04,97.6,5.72,57.13,37.77,8.26,NA,NA,NA,NA,NA,NA,"ZWF","LAB","ZWF","","",0.15,28.895,753,"20230711SNB02",17,"",0.039,0.022,NA,NA,0.032,0.027,1.238,0.412,17.7,23.7,0.458,0.489,0.008,0.008,410.4,407.9,112.47,112.39,NA,NA,"LAB","ZWF","NH4 Significantly Different"
"802","SNB02","7/13/2022","20220713SNB02",2022,7,"1/0/1900",25.13517,-80.854023,0.7,70,5.39,3.22,2.95,37.26,37.81,NA,32.08,111,6.54,58.77,39.05,8.41,NA,NA,NA,NA,NA,NA,"ZWF","ZWF","ZWF","","",3.085,37.535,689,"20220713SNB02",5,"",0.011,0.011,NA,NA,0.008,0.009,0.119,0.11,20.177,21.355,0.78,0.605,NA,NA,563.083,581.75,130.11,125.19,NA,NA,"ZWF","ZWF",""
"803","SNB02","7/14/2020","20200714SNB02",2020,7,"1/0/1900",25.13469,-80.85416,0.7,70,4.83,1.05,0.95,26.29,27.35,NA,31.17,76.8,4.63,57,37.75,8.16,NA,NA,NA,NA,NA,NA,"ZWF","JLS","LMH","","",1,26.82,379,"20200714SNB02",12,"1/0/1900",NA,NA,NA,NA,0.032,0.022,0.42,0.627,29.286,29.524,0.435,0.431,0.019,0.004,327.7,332.6,57.71,59.27,NA,NA,"ZWF","LMH",""
"804","SNB02","7/22/2021","20210722SNB02",2021,7,"1/0/1900",25.13486,-80.85398,0.9,90,4.05,0.96,0.83,51.07,50.17,NA,33.1,74.2,4.3,59.37,39.45,7.99,NA,NA,NA,NA,NA,NA,"ZWF","ZWF","ZWF","","",0.895,50.62,536,"20210722SNB02",12,"1/0/1900",-0.011,-0.012,NA,NA,0.004,0.001,0.742,0.71,63.57,64.52,0.586,0.579,0.004,0.004,844.17,818.08,40.66,41.29,NA,NA,"ZWF","ZWF",""
"805","SNB02","7/7/2018","20180707SNB02",2018,7,"1/0/1900",25.13515,-80.85403,0.7,71,26.9,2.44,2.35,37.21,31.79,1.854,30.6,79.6,4.9,52.68,34.55,7.9,NA,NA,NA,NA,NA,NA,"ZWF","ZWF","ZWF","1.85,1.65 SFWMD chlA ug/L","",2.395,34.5,147,"20180707SNB02",12,"1/0/1900",2.27,1.36,1.99,1.09,0.27,0.27,4.61,4.92,53.48,51.29,0.99,1,NA,NA,531.92,555.58,96.86,96.2,1.31,1.02,"TAP","ZWF",""
"806","SNB02","8/19/2019","20190819SNB02",2019,8,"1/0/1900",25.1351,-80.85413,0.8,80,3.62,0.71,0.67,35.67,36.22,NA,31.48,109.4,6.65,54.13,35.59,NA,NA,NA,NA,NA,NA,NA,"ZWF","ZWF","LMH","","",0.69,35.945,245,"20190819SNB02",12,"1/0/1900",NA,NA,NA,NA,0.02,0.02,0.33,0.79,NA,27.86,NA,0.45,0,0,NA,373.917,NA,20.94,NA,NA,"LMH","",""
"807","SNB02","9/1/2023","20230901SNB02",2023,9,"1/0/1900",25.13486,-80.85382,0.9,90,0.54,0.5,0.53,27.13,27.21,NA,30.67,54,3.31,55.24,36.45,8.12,NA,NA,NA,NA,NA,NA,"ZWF","LAB","ZWF","","",0.515,27.17,796,"20230901SNB02",17,"",NA,NA,NA,NA,0.018,0.018,0.789,0.962,25.9,25.2,0.376,0.362,0.024,0.041,388.3,400.9,38.7,38.55,NA,NA,"LAB","ZWF",""
"808","SNB02","9/12/2024","20240912SNB02",2024,9,"1/0/1900",25.13529,-80.85395,1,100,1.51,0.83,0.65,42.62,42.86,NA,30.69,37.8,2.3,56.8,37.62,8.01,NA,NA,NA,NA,NA,NA,"ZWF","ZWF","ZWF","","",0.74,42.74,1002,"20240912SNB02",21,"",0.129,0.276,NA,NA,0.075,0.076,2.184,2.998,49,49.3,0.389,0.381,NA,0.02,567.6,563.7,54.26,53.01,NA,NA,"ZWF","ZWF",""
"809","SNB02","9/14/2022","20220914SNB02",2022,9,"1/0/1900",25.13523,-80.8541,1.3,130,2.08,0.73,0.68,25.13,25.33,NA,29.8,50.4,3.06,60.43,40.39,8.02,29.81,50.6,3.08,60.4,40.36,8.02,"ZWF","ZWF","ZWF","","",0.705,25.23,715,"20220914SNB02",5,"",NA,NA,NA,NA,0.014,0.01,0.476,0.59,15.235,17.813,0.426,0.431,NA,NA,399.5,404.167,51.387,51.372,NA,NA,"ZWF","ZWF",""
"810","SNB02","9/15/2020","20200915SNB02",2020,9,"1/0/1900",25.1357,-80.85409,0.9,51,14.2,19.79,19.73,45.04,45.95,NA,29.47,117.2,7.42,51.58,33.77,8.06,NA,NA,NA,NA,NA,NA,"ZWF","LMH","JLS","","",19.76,45.495,405,"20200915SNB02",12,"1/0/1900",NA,NA,NA,NA,0.002,0.004,0.189,0.175,107.619,103.81,1.372,1.41,0.033,0.039,883.33,916.67,225.08,228.04,NA,NA,"LMH","ZWF",""
"811","SNB02","9/25/2019","20190925SNB02",2019,9,"1/0/1900",25.13531,-80.85374,0.7,90,9.11,6.44,6.96,44.19,44.65,NA,27.48,71.8,4.65,54.019,35.64,8.06,NA,NA,NA,NA,NA,NA,"ZWF","LMH","TAP","","",6.7,44.42,288,"20190925SNB02",12,"1/0/1900",NA,NA,NA,NA,0.01,0,0.12,0.13,51.9,51.19,0.82,0.83,NA,NA,558.167,572.5,10.04,10.27,NA,NA,"LMH","LMH",""
"812","SNB02","9/7/2021","20210907SNB02",2021,9,"1/0/1900",25.13546,-80.8543,0.8,80,6.99,2.04,1.91,40.26,40.72,NA,31.17,78.6,4.73,57.21,37.9,8.03,NA,NA,NA,NA,NA,NA,"ZWF","ZWF","ZWF","","",1.975,40.49,562,"20210907SNB02",10,"1/0/1900",0.047,0.05,NA,NA,0.041,0.041,2.883,2.881,44.52,46.67,0.633,0.634,NA,NA,564.1,573.3,82.13,84.23,NA,NA,"ZWF","ZWF",""
"813","SPY01","1/14/2021","20210114SPY01",2021,1,"1/0/1900",25.0249,-80.7203,2,200,1.09,0.17,0.18,33.03,33.88,NA,20.2,94.7,7.36,40.49,25.94,8.16,20.21,94.7,7.36,40.51,25.95,8.17,"ZWF","ZWF","ZWF","","",0.175,33.455,464,"20210114SPY01",19,"1/0/1900",NA,0.019,NA,NA,0.009,0.015,1.089,1.024,55.95,57.86,0.418,0.398,NA,NA,684.33,690.42,5.94,5.92,NA,NA,"ZWF","ZWF",""
"814","SPY01","1/19/2024","20240119SPY01",2024,1,"1/0/1900",25.0258,-80.72049,2,200,5.41,0.36,0.33,18.48,18,NA,24.94,106.9,7.78,36.128,22.8,8.17,25.194,103.8,7.48,37.549,23.79,8.14,"LAB","LAB","ZWF","","",0.345,18.24,897,"20240119SPY01",33,"",0.903,0.936,NA,NA,0.251,0.247,6.829,6.762,44,45.7,0.384,0.339,NA,NA,532.1,510.7,6.802,6.794,NA,NA,"LAB","ZWF",""
"815","SPY01","1/20/2022","20220120SPY01",2022,1,"1/0/1900",25.02612,-80.72117,2.4,82,4.89,9.4,9.92,35.55,35.6,NA,20.34,110.4,8.32,49.12,32.16,8.26,20.11,114.2,8.53,49.11,32.16,8.29,"ZWF","ZWF","ZWF","","",9.66,35.575,609,"20220120SPY01",17,"",NA,NA,NA,NA,0.01,0.002,0.158,NA,70.24,72.62,0.579,0.595,NA,NA,935,934.2,52.79,51.26,NA,NA,"ZWF","ZWF",""
"816","SPY01","1/23/2018","20180123SPY01",2018,1,"1/0/1900",25.02571,-80.72063,2.04,118,5.54,2.57,2.79,63.92,67.34,NA,19.96,111.3,8.56,43.77,28.29,8.21,19.33,109.8,8.51,44.14,28.54,8.18,"ZWF","VMA","ZWF","","",2.68,65.63,128,"20180123SPY01",19,"1/0/1900",0.13,0.11,NA,NA,0.02,0.02,1.15,1.15,46.62,45.99,0.52,0.58,0.01,0,743.83,750.67,2.1,2.17,NA,NA,"VMA","ZWF",""
"817","SPY01","1/27/2020","20200127SPY01",2020,1,"1/0/1900",25.02589,-80.72054,2.1,210,1.44,0.3,0.28,27.71,33.86,NA,18.91,104.2,7.63,60,40.27,8.14,18.89,104.9,7.68,60.01,40.28,8.14,"ZWF","TAP","LMH","25 subtracted from CDOM, JLS did QA/QC","",0.29,30.785,295,"20200127SPY01",19,"1/0/1900",0.13,0.1,NA,NA,0.07,0.07,2.36,2.21,53.33,55.71,0.33,0.33,NA,NA,718.833,744.333,5.53,5.51,NA,NA,"LMH","JLS",""
"818","SPY01","11/10/2021","20211110SPY01",2021,11,"1/0/1900",25.02514,-80.72034,2.6,260,1.03,0.36,0.37,21.58,21.65,NA,22.35,103.6,7.26,55.83,37.11,8.15,22.26,104.8,7.35,55.83,37.11,8.15,"ZWF","ZWF","ZWF","","",0.365,21.615,595,"20211110SPY01",17,"",0.062,0.063,NA,NA,0.043,0.049,1.455,1.432,32.143,31.19,0.239,0.247,NA,NA,413.7,372.1,15.2,15.1,NA,NA,"ZWF","ZWF",""
"819","SPY01","11/13/2017","20171113SPY01",2017,11,"1/0/1900",25.0259,-80.72056,2.13,213,4.56,1.06,1.28,63.54,57.57,NA,25.96,100.7,7.07,40.32,25.73,8.23,25.93,102.5,7.2,40.58,25.92,8.25,"AJP","VMA","AJP","","",1.17,60.555,70,"20171113SPY01",5,"1/0/1900",0.28,0.14,NA,NA,0.09,0.04,4.38,5.27,46.74,44.83,0.38,0.37,0.03,0.03,618.92,621.67,7.1,6.99,NA,NA,"VMA","ZWF",""
"820","SPY01","11/18/2024","20241118SPY01",2024,11,"1/0/1900",25.02567,-80.72076,2.6,260,2.33,0.36,0.34,12.75,12.46,NA,24.04,94.7,6.65,48.42,31.6,8.11,24.04,94.9,6.67,48.45,31.63,8.12,"ZWF","ZWF","ZWF","","",0.35,12.605,1022,"20241118SPY01",2,"",0.439,0.418,NA,NA,0.224,0.229,3.061,3.011,25.5,24.5,0.411,0.425,NA,NA,299.3,298.7,4.925,4.952,NA,NA,"ZWF","ZWF",""
"821","SPY01","11/21/2017","20171121SPY01",2017,11,"1/0/1900",25.0259,-80.72056,2.14,125,3.3,3.32,3.62,70.94,76.64,NA,23.6,94.2,6.87,41.1,26.33,8.14,23.6,95,6.91,41.75,26.79,8.13,"ZWF","VMA","ZWF","","",3.47,73.79,99,"20171121SPY01",19,"1/0/1900",NA,0,NA,NA,0.02,0.02,2.18,2.37,58.09,61.67,0.49,0.52,0.1,0.04,784.75,780.17,6.35,4.57,NA,NA,"VMA","ZWF",""
"822","SPY01","11/29/2020","20201129SPY01",2020,11,"1/0/1900",25.02537,-80.72,2,200,1.31,0.42,0.28,19.53,20.51,NA,25.42,103.4,7.36,39.201,24.95,8.19,25.804,109.4,7.65,42.238,27.1,8.18,"ZWF","LMH","ZWF","","",0.35,20.02,438,"20201129SPY01",19,"1/0/1900",0.574,0.568,NA,NA,0.173,0.173,10.464,10.453,37.302,53.333,0.257,0.255,NA,NA,417.1,423.4,16.806,16.8,NA,NA,"ZWF","ZWF","TN REPS ARE DIFFERENT"
"823","SPY01","11/9/2023","20231109SPY01",2023,11,"1/0/1900",25.026,-80.72108,NA,80,9.8,0.96,0.83,12.76,12.47,NA,25.02,91.7,6.18,54.04,35.73,8.16,25.01,91.6,6.17,54.05,35.74,8.16,"ZWF","LAB","ZWF","","",0.895,12.615,858,"20231109SPY01",36,"",0.144,0.207,NA,NA,0.061,0.049,2.849,2.732,31,31,0.227,0.225,0.034,0.038,438.8,433.6,4.71,4.6,NA,NA,"LAB","ZWF",""
"824","SPY01","2/19/2019","20190219SPY01",2019,2,"1/0/1900",25.02657,-80.7203,2,200,2.9,0.55,0.63,30.2,33.58,NA,25.79,104.2,6.94,54.02,35.69,8.12,25.77,104.3,6.95,54.04,35.71,8.13,"ZWF","ZWF","ZWF","","",0.59,31.89,197,"20190219SPY01",19,"1/0/1900",0.2,NA,NA,NA,0.1,NA,3.37,NA,67.28,NA,0.31,NA,0.02,NA,594.75,NA,NA,NA,NA,NA,"ZWF","ZWF",""
"825","SPY01","3/15/2024","20240315SPY01",2024,3,"1/0/1900",25.02588,-80.7207,2.2,220,2.14,1.24,1.18,28.24,28.07,NA,25.11,96.2,6.77,43.26,27.84,8.4,25.28,99.2,6.94,43.94,28.34,8.4,"ZWF","LAB","ZWF","","",1.21,28.155,931,"20240315SPY01",24,"",0.018,0.025,NA,NA,0.027,0.026,1.005,0.98,54.8,56.9,0.783,0.726,NA,0.002,736.1,732.4,4.613,4.536,NA,NA,"LAB","ZWF",""
"826","SPY01","3/16/2021","20210316SPY01",2021,3,"1/0/1900",25.02643,-80.72089,2,200,1.07,0.009,0.1,16.03,15.8,NA,24.05,99.2,7.01,46.65,30.32,8.32,24.05,98.7,6.98,46.64,30.3,8.32,"ZWF","CJK","ZWF","","",0.0545,15.915,490,"20210316SPY01",19,"1/0/1900",0.114,0.071,NA,NA,0.017,0.025,1.109,1.058,53.1,51.67,0.363,0.36,0.004,-0.003,494,496.4,3.832,3.869,NA,NA,"ZWF","ZWF",""
"827","SPY01","3/17/2020","20200317SPY01",2020,3,"1/0/1900",25.02646,-80.72034,1.9,190,1.36,0.22,0.19,16.45,16.66,NA,25.393,97.7,6.35,61.148,41.08,8.24,25.41,97.6,6.35,61.092,41.04,8.23,"JLS","LMH","TAP","","",0.205,16.555,333,"20200317SPY01",19,"1/0/1900",NA,NA,NA,NA,0.02,0.02,1.37,1.27,52.14,52.86,0.23,0.22,NA,NA,643.5,639.417,4.24,4.33,NA,NA,"JLS","ZWF",""
"828","SPY01","3/19/2022","20220319SPY01",2022,3,"1/0/1900",25.02654,-80.72122,2.3,230,1.27,0.33,0.3,17,16.96,NA,27.34,101.6,6.63,52.79,34.74,8.36,27.35,102.6,6.7,52.82,34.76,8.36,"ZWF","ZWF","ZWF","","",0.315,16.98,633,"20220319SPY01",16,"",0.06,0.05,NA,NA,0.037,0.031,2.314,2.231,46.67,47.86,0.334,0.308,NA,NA,597.3,565.5,8.133,8.089,NA,NA,"ZWF","ZWF",""
"829","SPY01","5/11/2021","20210511SPY01",2021,5,"1/0/1900",25.02579,-80.72044,2.4,240,1.27,0.36,0.28,19.41,18.76,NA,29.18,99.9,6.3,54.06,35.62,8.43,29.22,109,6.85,54.56,35.99,8.45,"ZWF","ZWF","ZWF","","",0.32,19.085,516,"20210511SPY01",19,"1/0/1900",0.036,NA,NA,NA,0.021,NA,1.226,NA,60.48,60.24,0.257,0.273,NA,NA,671.28,666.28,47.3,47.7,NA,NA,"ZWF","ZWF","Missing 60 ml replicate B"
"830","SPY01","5/13/2024","20240513SPY01",2024,5,"1/0/1900",25.02585,-80.72104,2.3,230,1.25,0.5,0.45,12.18,12.18,NA,30.01,100.9,6.28,53.88,35.46,8.32,30.01,101.2,6.29,53.9,35.47,8.32,"ZWF","LAB","ZWF","","",0.475,12.18,953,"20240513SPY01",3,"",NA,NA,NA,NA,NA,NA,NA,NA,37.9,36,0.19,0.188,NA,NA,421.1,420.4,23.043,23.269,NA,NA,"ZWF","ZWF","Filtered samples perished in broken freezer"
"831","SPY01","5/30/2022","20220530SPY01",2022,5,"1/0/1900",25.02618,-80.7211,2.4,240,1.24,0.68,0.65,14.83,14.69,NA,28.61,82.7,5.1,61.36,41.13,8.32,28.61,82.9,5.11,61.36,41.14,8.32,"ZWF","ZWF","ZWF","","",0.665,14.76,675,"20220530SPY01",17,"",0.123,0.118,NA,NA,0.065,0.059,3.218,3.261,28.16,26.35,0.237,0.241,0.012,0.012,649.8,635.5,33.91,34.4,NA,NA,"ZWF","ZWF",""
"832","SPY01","5/4/2020","20200504SPY01",2020,5,"1/0/1900",25.02556,-80.72078,2,200,1.48,0.58,0.67,33.58,33.58,NA,26.18,103.1,6.54,64.1,43.31,8.36,26.16,104.9,6.66,64.05,43.27,8.38,"ZWF","ZWF","TAP","","",0.625,33.58,359,"20200504SPY01",19,"1/0/1900",0.09,0.09,NA,NA,0.05,0.04,2.04,2.03,67.62,68.33,0.29,0.39,NA,NA,823.917,816.75,51.06,50.9,NA,NA,"LMH","TAP",""
"833","SPY01","5/8/2018","20180508SPY01",2018,5,"1/0/1900",25.02481,-80.72108,1.9,180,3.66,1.4,1.5,13.17,14.82,0.4164,28.405,107.4,6.83,55.106,36.43,8.37,28.418,108.3,6.89,55.117,36.43,8.38,"ZWF","ZWF","ZWF","","",1.45,13.995,184,"20180508SPY01",19,"1/0/1900",0.2,0.21,NA,NA,0.05,0.04,1.75,1.78,55.11,55.91,0.37,0.38,0,NA,835.83,830.42,3.87,3.84,0.73,0.82,"TAP","ZWF",""
"834","SPY01","6/3/2019","20190603SPY01",2019,6,"1/0/1900",25.02593,-80.72023,2.19,219,2.19,2.17,1.89,14.86,14.8,NA,31.15,120.5,7.11,62.48,41.75,8.34,31.16,122.9,7.26,62.34,41.79,8.36,"ZWF","ZWF","ZWF","","",2.03,14.83,224,"20190603SPY01",19,"1/0/1900",0.06,0.07,NA,NA,0.03,0.04,1.19,1.26,41.07,41.19,0.32,0.29,0.01,0.01,458.583,456.417,NA,NA,NA,NA,"ZWF","ZWF",""
"835","SPY01","7/13/2020","20200713SPY01",2020,7,"1/0/1900",25.02568,-80.71989,2,170,2.16,2.22,2.11,40.11,40.25,NA,30.42,96,5.75,61.64,41.29,8.18,30.46,59.9,5.74,61.65,41.3,8.2,"ZWF","JLS","LMH","","",2.165,40.18,386,"20200713SPY01",19,"1/0/1900",NA,NA,NA,NA,0.004,0.003,0.86,0.794,83.095,84.286,0.389,0.398,NA,NA,927.5,930,80.57,80.9,NA,NA,"ZWF","LMH",""
"836","SPY01","7/13/2023","20230713SPY01",2023,7,"1/0/1900",25.02569,-80.72041,2.4,240,1.67,1.04,1.03,32.99,32.3,NA,33.4,92.2,5.41,56.87,37.56,8.22,33.42,94,5.48,56.89,37.57,8.22,"ZWF","LAB","ZWF","","",1.035,32.645,763,"20230713SPY01",27,"",0.068,0.064,NA,NA,0.049,0.041,4.246,3.887,44.3,47.1,0.338,0.328,NA,NA,601.7,599.4,67.43,64.41,NA,NA,"LAB","ZWF",""
"837","SPY01","7/15/2022","20220715SPY01",2022,7,"1/0/1900",25.02563,-80.72101,2.2,129,3.17,7.91,8.15,31.26,31.2,NA,31.45,90,5.38,58.04,38.51,8.26,31.54,85.7,5.14,58.15,38.58,8.25,"ZWF","ZWF","ZWF","","",8.03,31.23,701,"20220715SPY01",17,"",NA,NA,NA,NA,NA,0.007,0.791,0.753,45.65,43.708,0.446,0.484,NA,NA,1240.833,1248.333,125.44,127.81,NA,NA,"ZWF","ZWF",""
"838","SPY01","7/20/2021","20210720SPY01",2021,7,"1/0/1900",25.02735,-80.71992,2.5,250,1.46,0.73,0.68,14.04,14.17,NA,30.35,98.9,5.98,59.98,40.03,8.37,30.36,100.5,6.06,60,40.04,8.39,"ZWF","ZWF","ZWF","","",0.705,14.105,543,"20210720SPY01",19,"1/0/1900",0.05,0.052,NA,NA,0.001,0.006,0.977,0.999,44.29,43.57,0.255,0.24,0.004,0.006,519.67,522.92,16.14,16.25,NA,NA,"ZWF","ZWF",""
"839","SPY01","7/8/2018","20180708SPY01",2018,7,"1/0/1900",25.02557,-80.72077,2.1,210,3.39,2.07,2.18,41.48,38.13,0.6363,30.49,91.4,5.67,52.69,34.57,8.22,30.49,91,5.64,52.7,34.57,8.23,"ZWF","ZWF","ZWF","2.02,1.91 SFWMD chlA ug/L","",2.125,39.805,154,"20180708SPY01",19,"1/0/1900",1.07,0.22,NA,NA,0.06,0.06,2.95,2.97,70.34,67.82,0.4,0.42,NA,NA,780.67,771.75,43.42,43.46,1.13,1.09,"TAP","ZWF",""
"840","SPY01","8/17/2017","20170817SPY01",2017,8,"1/0/1900",25.0259,-80.72056,2.04,204,1.29,0.49,0.72,52.05,63.96,NA,32.79,98.7,5.61,65.26,43.96,8.32,32.8,98.2,5.57,65.34,44.02,8.32,"ZWF","VMA","AJP","","",0.605,58.005,28,"20170817SPY01",17,"1/0/1900",0.25,0.31,NA,NA,0.21,0.22,2.08,2.02,72.72,73.91,0.21,0.22,NA,NA,911.67,910.83,114.42,114.6,NA,NA,"VMA","ZWF",""
"841","SPY01","8/20/2019","20190820SPY01",2019,8,"1/0/1900",25.02523,-80.72044,2,NA,2.49,1.72,1.99,35.71,34.96,NA,30.42,91.4,5.49,60.52,40.43,NA,30.42,91,5.47,60.52,40.43,NA,"ZWF","ZWF","LMH","","",1.855,35.335,252,"20190820SPY01",19,"1/0/1900",NA,NA,NA,NA,0.02,0.02,1.25,1.24,66.43,67.86,0.41,0.4,NA,NA,719.333,732.083,19.49,19.58,NA,NA,"LMH","",""
"842","SPY01","9/13/2024","20240913SPY01",2024,9,"1/0/1900",25.0259,-80.7205,2.6,260,2.4,1.13,1.1,17.18,16.89,NA,31.87,102,6.2,52.38,34.29,8.21,31.73,107,6.52,52.37,34.28,8.23,"ZWF","ZWF","ZWF","","",1.115,17.035,1008,"20240913SPY01",10,"",0.178,0.098,NA,NA,0.034,0.032,2.818,2.557,50,49.5,0.22,0.236,NA,NA,528.8,530.3,34.632,34.83,NA,NA,"ZWF","ZWF",""
"843","SPY01","9/14/2020","20200914SPY01",2020,9,"1/0/1900",25.02612,-80.72089,2.2,200,2.71,0.31,0.3,15.7,15.7,NA,27.58,80.8,5.2,54.94,36.33,8.18,27.74,80.2,5.14,55.34,36.63,8.19,"ZWF","LMH","JLS","","",0.305,15.7,412,"20200914SPY01",19,"1/0/1900",0.239,2.043,NA,1.437,0.025,0.606,3.608,5.722,45.952,47.143,0.212,0.266,NA,0.062,518.58,518.67,19.55,19.39,NA,NA,"LMH","ZWF","ion duplicates are not similar in some reulsts"
"844","SPY01","9/15/2022","20220915SPY01",2022,9,"1/0/1900",25.02622,-80.72062,2.5,200,2.26,3.81,3.81,29.38,30,NA,31.17,88.8,5.25,61.79,41.37,8.2,31.2,89.7,5.29,61.81,41.38,8.2,"ZWF","ZWF","ZWF","","",3.81,29.69,727,"20220915SPY01",17,"",0.155,0.15,NA,NA,0.019,0.021,2.421,2.363,40.54,39.772,0.324,0.304,NA,NA,1031.667,1038.333,84.89,84.88,NA,NA,"ZWF","ZWF",""
"845","SPY01","9/2/2023","20230902SPY01",2023,9,"1/0/1900",25.026,-80.72041,2.4,240,2.03,1.85,1.75,33.27,32.85,NA,31.66,96.2,5.73,58.43,38.8,8.23,31.67,96.6,5.75,58.43,38.8,8.24,"ZWF","LAB","ZWF","","",1.8,33.06,805,"20230902SPY01",26,"",0.07,0.059,NA,NA,0.022,0.024,2.382,2.29,45.1,45.6,0.359,0.374,NA,NA,813.8,803.6,59.61,60.24,NA,NA,"LAB","ZWF",""
"846","SPY01","9/24/2019","20190924SPY01",2019,9,"1/0/1900",25.02526,-80.72044,2.3,230,2,0.39,0.41,13.98,13.48,NA,26.19,89.3,5.8,58.3,38.89,8.07,26.01,89.4,5.8,59.05,39.47,8.11,"ZWF","LMH","TAP","","",0.4,13.73,267,"20190924SPY01",19,"1/0/1900",0.11,0.11,NA,NA,0.08,0.07,2.65,2.66,33.33,34.05,0.21,0.21,0,NA,379.167,378.167,2.68,2.83,NA,NA,"LMH","LMH",""
"847","SPY01","9/26/2017","20170926SPY01",2017,9,"1/0/1900",25.0259,-80.72056,2.22,150,4.09,5.39,4.83,60.2,76.49,NA,30.59,90,5.58,52.25,34.23,8.04,30.59,88.7,5.5,52.21,34.19,8.02,"ZWF","VMA","ZWF","","P9260042.JPG;P9260043.JPG",5.11,68.345,57,"20170926SPY01",17,"1/0/1900",0.17,0.17,NA,NA,NA,NA,0.54,0.51,56.55,56.22,0.49,0.47,NA,NA,756.08,755.33,34.84,34.16,NA,NA,"VMA","ZWF",""
"848","SPY01","9/8/2021","20210908SPY01",2021,9,"1/0/1900",25.02554,-80.7201,2.4,240,1.24,0.9,0.91,25.22,24.95,NA,32.37,78,4.61,57.49,38.07,8.15,32.34,81.4,4.82,57.49,38.07,8.17,"ZWF","ZWF","ZWF","","",0.905,25.085,569,"20210908SPY01",17,"1/0/1900",0.1,0.245,NA,NA,0.034,0.032,4.703,4.728,66.43,65.95,0.297,0.296,NA,NA,700,712.4,40.85,41.28,NA,NA,"ZWF","ZWF",""
"849","TB01","1/12/2021","20210112TB01",2021,1,"1/0/1900",25.15747,-80.72457,0.6,50,14.5,6.73,6.36,63.35,63.11,NA,20.3,84.2,7.03,22.39,13.73,7.96,NA,NA,NA,NA,NA,NA,"ZWF","ZWF","ZWF","","",6.545,63.23,449,"20210112TB01",2,"1/0/1900",0.083,0.094,NA,NA,0.047,0.061,0.695,0.676,78.33,81.9,0.705,0.711,0.002,0.002,917.5,918.33,23.11,23.03,NA,NA,"ZWF","ZWF",""
"850","TB01","1/19/2024","20240119TB01",2024,1,"1/0/1900",25.15731,-80.72468,0.8,65,7,22.87,20.97,94.35,93.53,NA,24.77,104.5,8.32,12.59,7.21,8.53,NA,NA,NA,NA,NA,NA,"ZWF","LAB","ZWF","","",21.92,93.94,880,"20240119TB01",16,"",NA,0.184,NA,NA,0.073,0.107,0.179,0.41,85.5,82.6,0.964,0.925,0.012,0.01,1003,1142,55.84,55.93,NA,NA,"LAB","ZWF",""
"851","TB01","1/21/2022","20220121TB01",2022,1,"1/0/1900",25.15728,-80.72473,0.8,72,11.1,6.15,6.17,69.93,69.73,NA,23.58,114.9,8.41,40.48,25.9,8.14,NA,NA,NA,NA,NA,NA,"ZWF","ZWF","ZWF","","",6.16,69.83,636,"20220121TB01",2,"",0.078,0.07,NA,NA,0.07,0.041,0.732,0.624,85.48,81.9,0.954,0.804,0.023,NA,1250.8,1268.3,4.86,5.19,NA,NA,"ZWF","ZWF",""
"852","TB01","1/23/2018","20180123TB01",2018,1,"1/0/1900",25.15723,-80.72464,0.54,30,34.3,25.27,22.03,153.56,153.12,NA,22.02,82.6,6.27,38.08,23.87,8.07,22.05,77.8,5.81,41.33,26.38,7.99,"VMA","VMA","ZWF","12.65/13.87 FIU CHL","",23.65,153.34,112,"20180123TB01",2,"1/0/1900",0.12,0.19,NA,NA,0.01,0.02,0.81,0.77,85.19,83.58,1.47,1.57,0.01,0.03,1330,1339.17,19.49,60.57,NA,NA,"VMA","ZWF","CHL 12.65, 13.87/ Silica reps are questionable"
"853","TB01","1/28/2020","20200128TB01",2020,1,"1/0/1900",25.15723,-80.72468,0.7,41,15,9.55,9.25,59.23,61,NA,19.74,93,6.89,53.41,35.3,8.02,NA,NA,NA,NA,NA,NA,"ZWF","TAP","LMH","25 subtracted from CDOM","",9.4,60.115,306,"20200128TB01",2,"1/0/1900",0.01,NA,NA,NA,0.02,0.02,0.19,0.17,96.43,95.24,0.82,0.81,NA,NA,1274.167,1262.5,12.44,12.6,NA,NA,"LMH","JLS",""
"854","TB01","11/14/2021","20211114TB01",2021,11,"1/0/1900",25.15724,-80.72471,0.9,50,8.56,16,15.43,119.29,115.6,NA,24.13,64.8,4.7,40.05,25.58,7.7,NA,NA,NA,NA,NA,NA,"ZWF","ZWF","ZWF","","",15.715,117.445,579,"20211114TB01",1,"",NA,NA,NA,NA,0.005,0.046,0.242,0.242,106.667,106.429,1.342,1.475,NA,NA,1895,1931.7,52.9,51.1,NA,NA,"ZWF","ZWF",""
"855","TB01","11/20/2024","20241120TB01",2024,11,"1/0/1900",25.15723,-80.72468,1,67,15.4,9.74,9.02,44.08,43.66,NA,24.63,83,6.15,32.56,20.33,8.06,NA,NA,NA,NA,NA,NA,"ZWF","ZWF","ZWF","","",9.38,43.87,1030,"20241120TB01",10,"",0.37,0.267,NA,NA,0.126,0.119,1.795,1.505,61.9,69.3,0.673,0.691,NA,NA,761.4,775.2,20.236,20.064,NA,NA,"ZWF","ZWF",""
"856","TB01","11/21/2017","20171121TB01",2017,11,"1/0/1900",25.15718,-80.7247,0.732,40,15.5,28.22,24.49,140.83,152.24,3.042,23.8,41.2,3.17,28.06,17.23,7.78,24.47,17.7,1.32,30.39,18.85,7.72,"VMA","VMA","ZWF","","",26.355,146.535,82,"20171121TB01",2,"1/0/1900",0.56,0.55,NA,NA,0.25,0.26,14.18,12.86,103.11,96.9,1.46,1.44,0.03,0.05,1224.17,1228.33,76.61,76.7,NA,NA,"vMA","ZWF",""
"857","TB01","11/27/2020","20201127TB01",2020,11,"1/0/1900",25.15737,-80.72488,0.7,40,9.52,7.39,5.89,104.33,105.47,NA,24.294,82.7,6.83,4.757,2.49,8.17,NA,NA,NA,NA,NA,NA,"ZWF","LMH","ZWF","","",6.64,104.9,423,"20201127TB01",2,"1/0/1900",1.491,1.049,0.851,0.584,0.64,0.465,9.564,9.172,66.331,53.483,1.037,0.996,0.007,0.004,969.2,980,64.23,63.785,NA,NA,"ZWF","ZWF",""
"858","TB01","11/8/2023","20231108TB01",2023,11,"1/0/1900",25.15731,-80.72468,1.1,88,8.3,6.84,6.98,55.53,54.96,NA,24.31,90.8,6.33,49.16,32.14,8.1,24.17,81.7,5.68,49.29,32.24,8.03,"ZWF","LAB","ZWF","","",6.91,55.245,840,"20231108TB01",8,"",0.907,0.24,NA,NA,0.224,0.095,6.314,6.291,79.7,84.9,0.648,0.585,0.01,0.001,1107,1103,24.76,24.806,NA,NA,"LAB","ZWF",""
"859","TB01","2/19/2019","20190219TB01",2019,2,"1/0/1900",25.157229,-80.724641,0.6,60,4.82,3.23,3.37,69.23,54.45,NA,27.34,83.9,5.52,50.41,33,7.81,27.38,83.7,5.51,50.76,33.24,7.83,"VMA","ZWF","ZWF","","",3.3,61.84,203,"20190219TB01",2,"1/0/1900",0.25,0.24,NA,NA,0.1,0.1,6.11,6.13,90.07,87.37,0.66,0.73,0.03,0.03,1166.67,1022.5,NA,NA,NA,NA,"ZWF","ZWF",""
"860","TB01","3/14/2024","20240314TB01",2024,3,"1/0/1900",25.15726,-80.72472,0.7,32,26.7,28.26,29.86,58.04,57.38,NA,26.28,70.2,5.16,27.15,16.62,8.18,NA,NA,NA,NA,NA,NA,"ZWF","LAB","ZWF","","",29.06,57.71,915,"20240314TB01",8,"",0.087,0.016,NA,NA,0.053,0.006,0.121,0.093,128.1,127.1,1.976,1.975,0.015,NA,1628,1583,91.7,91.08,NA,NA,"LAB","ZWF",""
"861","TB01","3/15/2021","20210315TB01",2021,3,"1/0/1900",25.15728,-80.72466,0.6,72,11.9,2.42,2.25,39.9,39.71,NA,24.19,87.8,6.4,38.67,24.6,8.21,NA,NA,NA,NA,NA,NA,"ZWF","CJK","ZWF","","",2.335,39.805,475,"20210315TB01",2,"1/0/1900",0.805,0.781,NA,NA,0.518,0.504,8.295,8.18,96.19,98.57,0.758,0.749,0.02,0.007,882.5,865.8,10.005,10.024,NA,NA,"ZWF","ZWF",""
"862","TB01","3/17/2020","20200317TB01",2020,3,"1/0/1900",25.15728,-80.72475,0.5,51,14.1,8.45,8.91,57.43,56.59,NA,24.53,78,5.26,55.86,37.1,8.09,NA,NA,NA,NA,NA,NA,"ZWF","LMH","TAP","sample to FWC for ID","",8.68,57.01,318,"20200317TB01",2,"1/0/1900",0.01,NA,NA,NA,0,NA,0.02,NA,127.86,123.33,1.02,1,0.01,0,1355.833,1155,16.43,16.5,NA,NA,"JLS","ZWF",""
"863","TB01","3/17/2022","20220317TB01",2022,3,"1/0/1900",25.15725,-80.72466,0.8,80,7.8,6.26,5.61,47.3,47.33,NA,26.99,89.3,6.05,44.97,29.03,8.11,NA,NA,NA,NA,NA,NA,"ZWF","ZWF","ZWF","","",5.935,47.315,618,"20220317TB01",1,"",0.16,0.224,NA,NA,0.066,0.11,2.313,2.424,93.33,94.05,0.768,0.764,NA,NA,1287.5,1321.7,12.47,12.29,NA,NA,"ZWF","ZWF",""
"864","TB01","5/10/2024","20240510TB01",2024,5,"1/0/1900",25.15722,-80.72469,0.8,30,31.3,9.83,10.08,41.7,40.7,NA,28.53,80.1,5.49,35.69,22.42,8.42,NA,NA,NA,NA,NA,NA,"ZWF","LAB","ZWF","","",9.955,41.2,972,"20240510TB01",23,"",NA,NA,NA,NA,NA,NA,NA,NA,135,135.5,1.672,1.695,NA,NA,1480,1479,63.71,62.7,NA,NA,"ZWF","LAB","Filtered samples perished in broken freezer"
"865","TB01","5/14/2021","20210514TB01",2021,5,"1/0/1900",25.15725,-80.72464,0.6,60,3.42,0.92,0.86,38.36,37.69,NA,28.7,82.6,5.36,48,31.63,8.43,NA,NA,NA,NA,NA,NA,"ZWF","ZWF","ZWF","","",0.89,38.025,501,"20210514TB01",2,"1/0/1900",NA,NA,NA,NA,0.024,0.022,0.736,0.741,91.67,91.67,0.62,0.564,NA,0.003,861.67,886.67,16.04,16.49,NA,NA,"ZWF","ZWF",""
"866","TB01","5/28/2022","20220528TB01",2022,5,"1/0/1900",25.15729,-80.72465,0.7,57,13.8,10.37,10.59,55.07,56.24,NA,28.93,67.7,4.25,56.04,37.11,7.95,NA,NA,NA,NA,NA,NA,"ZWF","ZWF","ZWF","","",10.48,55.655,659,"20220528TB01",1,"",0.157,0.145,NA,NA,0.017,0.015,0.292,0.454,52.77,60.97,1.057,1.04,0.017,0.017,1216.7,1192.5,21.38,21.56,NA,NA,"ZWF","ZWF",""
"867","TB01","5/5/2020","20200505TB01",2020,5,"1/0/1900",25.15724,-80.72459,0.6,60,9.72,10.18,11.77,51.66,52.21,NA,27.99,80.7,4.97,64.63,43.66,8.07,NA,NA,NA,NA,NA,NA,"ZWF","ZWF","TAP","","",10.975,51.935,344,"20200505TB01",2,"1/0/1900",NA,NA,NA,NA,0.02,0.02,0.27,0.18,128.1,126.67,0.97,0.93,0,0,1425.833,1445,37.21,37.22,NA,NA,"LMH","TAP",""
"868","TB01","5/7/2018","20180507TB01",2018,5,"1/0/1900",25.15718,-80.72491,0.4,50,15.7,7.41,6.97,33.14,29.04,NA,28.5,83.5,5.32,53.83,35.5,8.13,NA,NA,NA,NA,NA,NA,"ZWF","ZWF","ZWF","","",7.19,31.09,169,"20180507TB01",2,"1/0/1900",0.1,0.08,NA,NA,0.03,0.03,0.56,0.55,82.48,79.27,0.84,0.83,0.52,0.1,1228.33,1175.83,13.52,13.53,1.25,1.22,"TAP","ZWF",""
"869","TB01","6/4/2019","20190604TB01",2019,6,"1/0/1900",25.15734,-80.72471,0.7,30,37.8,2.71,2.6,36.86,37.01,NA,31.11,49.3,2.87,65.97,44.58,7.86,NA,NA,NA,NA,NA,NA,"ZWF","ZWF","ZWF","","",2.655,36.935,208,"20190604TB01",2,"1/0/1900",0.27,0.29,NA,NA,0.12,0.13,1.93,1.78,115.71,113.57,0.52,0.56,0,0,1154.167,1126.667,NA,NA,NA,NA,"ZWF","ZWF",""
"870","TB01","7/11/2023","20230711TB01",2023,7,"1/0/1900",25.15724,-80.7247,0.7,48,15.2,19.06,19.3,119.7,119.78,NA,32.63,35.9,2.26,40.14,25.42,7.86,NA,NA,NA,NA,NA,NA,"ZWF","LAB","ZWF","","",19.18,119.74,745,"20230711TB01",9,"",0.134,0.132,NA,NA,0.082,0.072,8.58,8.14,161,162.9,1.305,1.258,0.024,0.033,2604,2485,110.47,110.48,NA,NA,"LAB","ZWF",""
"871","TB01","7/13/2022","20220713TB01",2022,7,"1/0/1900",25.15725,-80.72478,0.8,80,6.88,10.42,9.81,110.08,109.57,NA,33.34,76,4.74,39.16,24.73,7.99,NA,NA,NA,NA,NA,NA,"ZWF","ZWF","ZWF","","",10.115,109.825,685,"20220713TB01",1,"",0.131,0.118,NA,NA,0.043,0.041,2.673,2.736,69.418,61.397,0.849,0.918,0.005,0.003,1223.3,1462.5,40.995,39.52,NA,NA,"ZWF","ZWF",""
"872","TB01","7/14/2020","20200714TB01",2020,7,"1/0/1900",25.15726,-80.72479,0.6,74,6.24,4.81,4.83,61.81,62.46,NA,30.49,99,5.95,58.83,39.14,8.14,NA,NA,NA,NA,NA,NA,"ZWF","JLS","LMH","","",4.82,62.135,371,"20200714TB01",2,"1/0/1900",0.313,0.274,NA,NA,0.029,0.033,0.281,0.2,113.1,113.81,0.627,0.631,NA,NA,1406.7,1423.3,38.75,39.11,NA,NA,"ZWF","LMH",""
"873","TB01","7/22/2021","20210722TB01",2021,7,"1/0/1900",25.15737,-80.72472,0.9,90,4.62,2.83,2.49,40.85,40.72,NA,32.2,49.8,3.05,49.07,31.84,8.09,NA,NA,NA,NA,NA,NA,"ZWF","ZWF","ZWF","","",2.66,40.785,528,"20210722TB01",2,"1/0/1900",0.056,0.062,NA,NA,0.019,0.016,3.542,3.562,94.29,96.9,0.645,0.64,0.001,0.002,1164.17,1240,47.55,48.38,NA,NA,"ZWF","ZWF",""
"874","TB01","7/7/2018","20180707TB01",2018,7,"1/0/1900",25.15732,-80.7248,0.6,31,31.2,18.49,20.37,78.34,77.49,2.42,31.2,87.3,5.84,34.36,21.46,8.35,NA,NA,NA,NA,NA,NA,"ZWF","ZWF","ZWF","19.85,20.40 SFWMD chlA ug/L","",19.43,77.915,139,"20180707TB01",2,"1/0/1900",1,1.36,NA,NA,0.07,0.04,0.95,0.9,156.83,156.95,1.37,1.35,0,0.02,1056.67,1059.17,63,62.9,10.03,8.54,"TAP","ZWF",""
"875","TB01","8/16/2017","20170816TB01",2017,8,"1/0/1900",25.15723,-80.72464,0.45,45,2.45,2.9,3.26,120.27,128.9,0.924,32.91,69.8,4.19,55.11,36.27,8.33,NA,NA,NA,NA,NA,NA,"ZWF","VMA","AJP","","",3.08,124.585,12,"20170816TB01",2,"1/0/1900",0.18,0.77,NA,NA,0.06,0.08,0.7,0.77,102.56,100.68,0.56,0.55,NA,NA,1552.5,1540,93.58,94.45,NA,NA,"VMA","ZWF",""
"876","TB01","8/19/2019","20190819TB01",2019,8,"1/0/1900",25.15731,-80.72479,0.6,NA,42,34.45,39.66,149.72,147.84,NA,30.5,49.4,3.13,47.18,30.52,NA,NA,NA,NA,NA,NA,NA,"ZWF","ZWF","LMH","","",37.055,148.78,236,"20190819TB01",2,"1/0/1900",NA,NA,NA,NA,0.11,0.11,0.31,0.28,199.29,198.57,2.27,2.27,0.01,NA,2482.917,2511.25,119.74,117.23,NA,NA,"LMH","",""
"877","TB01","9/1/2023","20230901TB01",2023,9,"1/0/1900",25.15723,-80.72471,0.9,64,8,13.92,13.08,100.28,98.96,NA,30.53,37.1,2.39,44.93,28.93,7.51,NA,NA,NA,NA,NA,NA,"ZWF","LAB","ZWF","","",13.5,99.62,788,"20230901TB01",9,"",0.002,0.014,NA,NA,0.001,NA,0.258,0.329,103.3,103.7,1.289,1.294,NA,NA,1988,2062,124.68,125.02,NA,NA,"LAB","ZWF",""
"878","TB01","9/12/2024","20240912TB01",2024,9,"1/0/1900",25.15727,-80.72473,1,76,8.59,12.42,10.92,56.1,55.76,NA,30.72,61.8,3.97,43.12,27.59,7.91,NA,NA,NA,NA,NA,NA,"ZWF","ZWF","ZWF","","",11.67,55.93,997,"20240912TB01",16,"",0.108,0.103,NA,NA,0.062,0.065,1.642,1.489,100.7,101.1,0.696,0.737,NA,0.002,1182,1178,120.475,121.875,NA,NA,"ZWF","ZWF",""
"879","TB01","9/14/2022","20220914TB01",2022,9,"1/0/1900",25.1572,-80.7247,1,100,10.1,2.36,2.32,57.01,57.35,NA,30.42,45.6,2.81,57.11,37.86,7.7,NA,NA,NA,NA,NA,NA,"ZWF","ZWF","ZWF","","",2.34,57.18,711,"20220914TB01",1,"",0.151,0.151,NA,NA,0.054,0.059,8.731,9.38,47.642,49.693,0.7,0.709,NA,NA,1221.667,1244.167,52.362,52.074,NA,NA,"ZWF","ZWF",""
"880","TB01","9/15/2020","20200915TB01",2020,9,"1/0/1900",25.15729,-80.72469,0.7,90,6.51,10.38,11.02,112.56,112.44,NA,29.43,44.2,2.84,46.29,30.41,7.65,NA,NA,NA,NA,NA,NA,"ZWF","LMH","JLS","","",10.7,112.5,397,"20200915TB01",2,"1/0/1900",0.135,0.219,NA,NA,0.077,0.084,0.275,0.292,117.143,122.143,1.218,1.261,0.01,0.014,1735,1750,40.63,39.66,NA,NA,"LMH","ZWF",""
"881","TB01","9/25/2019","20190925TB01",2019,9,"1/0/1900",25.15727,-80.72475,0.8,40,13,22.6,18.01,137.89,137.23,NA,25.98,92.9,6.41,44.84,28.98,8.13,27.13,66.6,4.25,55.45,36.88,8.05,"ZWF","LMH","TAP","","",20.305,137.56,279,"20190925TB01",2,"1/0/1900",0.05,0.04,NA,NA,0.08,0.08,0.36,0.29,183.81,180.95,1.19,1.25,NA,0,2377.175,2303.842,132.86,138.8,NA,NA,"LMH","LMH",""
"882","TB01","9/27/2017","20170927TB01",2017,9,"1/0/1900",25.15723,-80.72464,0.822,32,19.9,163.9,207.56,272.37,259.76,NA,30.04,1.2,0.08,24.3,14.66,7.42,NA,NA,NA,NA,NA,NA,"ZWF","VMA","ZWF","After hurricane and amount of organic matter and suspended solids in the water most likely led to the high CHL values. Independent outside laboratory analysis yeilded similar results.","P9270091.JPG;P9270092.JPG",185.73,266.065,39,"20170927TB01",2,"1/0/1900",0.39,0.38,NA,NA,NA,NA,1.78,NA,113.74,106.35,3.08,3.2,0.24,0.13,2179.83,2163.17,130.15,129.56,NA,NA,"VMA","ZWF",""
"883","TB01","9/7/2021","20210907TB01",2021,9,"1/0/1900",25.15728,-80.72463,0.8,80,6.32,2.25,2.35,69.14,68.31,NA,30.56,88,5.78,37.88,23.9,8.19,NA,NA,NA,NA,NA,NA,"ZWF","ZWF","ZWF","","",2.3,68.725,554,"20210907TB01",2,"1/0/1900",0.49,0.475,NA,NA,0.046,0.044,2.296,2.228,79.52,80,0.679,0.693,NA,NA,1235.8,1241.7,25.15,25.35,NA,NA,"ZWF","ZWF",""
"884","TB02","1/19/2024","20240119TB02",2024,1,"1/0/1900",25.15509,-80.7172,0.6,60,9.3,7.96,7.91,109.41,119.1,NA,25.99,76.9,5.66,28.28,17.4,8.1,NA,NA,NA,NA,NA,NA,"ZWF","LAB","ZWF","","",7.935,114.255,881,"20240119TB02",17,"",0.871,0.963,NA,0.597,0.318,0.366,10.193,10.144,77.9,71,0.821,0.739,NA,NA,801.1,884.2,48.16,42.28,NA,NA,"LAB","ZWF",""
"885","TB02","11/8/2023","20231108TB02",2023,11,"1/0/1900",25.15523,-80.71711,0.9,90,9.77,3.23,2.18,37.69,37.95,NA,24.95,71.4,4.88,51.12,33.57,7.98,NA,NA,NA,NA,NA,NA,"ZWF","LAB","ZWF","","",2.705,37.82,841,"20231108TB02",12,"",0.348,1.992,NA,1.1837,0.141,0.155,9.04,10.57,73.2,76.4,0.453,0.413,NA,NA,1037,1036,26.452,26.562,NA,NA,"LAB","ZWF",""
"886","TB02","3/14/2024","20240314TB02",2024,3,"1/0/1900",25.15546,-80.71707,0.5,50,17.3,12.6,12.5,47.04,47.14,NA,25.63,62.5,4.5,35.65,22.46,8.19,NA,NA,NA,NA,NA,NA,"ZWF","LAB","ZWF","","",12.55,47.09,916,"20240314TB02",9,"",0.118,0.087,NA,NA,0.039,0.038,2.394,2.369,89.3,91.7,1.432,1.434,NA,NA,1224,1213,48.5,48.82,NA,NA,"LAB","ZWF",""
"887","TB02","5/10/2024","20240510TB02",2024,5,"1/0/1900",25.15489,-80.71731,0.7,70,9.89,1.17,0.86,21.67,22.77,NA,27.94,82.2,5.69,35.31,22.17,8.14,NA,NA,NA,NA,NA,NA,"ZWF","LAB","ZWF","","",1.015,22.22,973,"20240510TB02",24,"",NA,NA,NA,NA,NA,NA,NA,NA,67.6,71.2,0.509,0.508,NA,NA,698.9,706.9,48.11,48.08,NA,NA,"ZWF","LAB","Filtered samples perished in broken freezer"
"888","TB02","7/11/2023","20230711TB02",2023,7,"1/0/1900",25.15559,-80.71704,0.8,58,4.99,6.54,9.34,187.97,202.47,NA,32.5,38.7,2.41,43.22,27.64,7.83,NA,NA,NA,NA,NA,NA,"ZWF","LAB","ZWF","Both CDOM reps were calculated from an average of two values each, thus four total readings were taken.","",7.94,195.22,746,"20230711TB02",10,"",0.351,0.322,NA,NA,0.267,0.256,12.722,12.844,114.2,118.8,1.145,1.25,0.052,0.04,2467,2771,149.17,159.44,NA,NA,"LAB","ZWF",""
"889","TB02","9/1/2023","20230901TB02",2023,9,"1/0/1900",25.15508,-80.71715,0.8,62,9.96,15.85,18.44,93.21,94.69,NA,30,3,0.18,51.69,33.84,7.25,NA,NA,NA,NA,NA,NA,"ZWF","LAB","ZWF","","",17.145,93.95,789,"20230901TB02",10,"",0.261,NA,NA,NA,0.006,0.001,1.411,0.199,101,95.3,1.22,1.293,NA,NA,1857,1862,154.86,155.42,NA,NA,"LAB","ZWF",""
"890","TWIN01","1/17/2024","20240117TWIN01",2024,1,"1/0/1900",24.95891,-80.77989,2.9,290,2.68,2.81,2.57,34.41,34.22,NA,24,91.3,6.54,43.06,27.72,8.26,24.02,91.2,6.54,43.06,27.72,8.26,"ZWF","LAB","ZWF","","",2.69,34.315,875,"20240117TWIN01",10,"",0.232,0.245,NA,NA,0.101,0.106,2.021,2.054,46.9,47.6,0.316,0.318,NA,0.015,623,658.8,14.831,14.861,NA,NA,"LAB","ZWF",""
"891","TWIN01","11/8/2023","20231108TWIN01",2023,11,"1/0/1900",24.95856,-80.78141,2.7,270,0.58,0.34,0.31,11.05,8.05,NA,24.944,117,7.9,53.893,35.59,8.1,24.946,117.5,7.97,53.884,35.61,8.1,"LAB","LAB","ZWF","","",0.325,9.55,837,"20231108TWIN01",29,"",9.718,0.282,9.627,NA,0.091,0.083,1.624,0.9,71.3,72.9,0.222,0.192,0.056,0.021,193.6,200.1,1.382,1.362,NA,NA,"LAB","ZWF",""
"892","TWIN01","3/18/2024","20240318TWIN01",2024,3,"1/0/1900",24.95894,-80.78098,2.6,260,0.42,0.4,0.37,27.22,27.18,NA,27.25,102.5,6.78,49.69,32.46,8.58,27.25,102.2,6.76,49.69,32.46,8.58,"ZWF","LAB","ZWF","","",0.385,27.2,941,"20240318TWIN01",34,"",0.091,0.067,NA,NA,0.031,0.032,1.085,0.971,36.8,35,0.63,0.691,0.001,0.005,491.1,494.3,9.587,9.476,NA,NA,"LAB","ZWF",""
"893","TWIN01","5/17/2024","20240517TWIN01",2024,5,"1/0/1900",24.95828,-80.78102,2.7,270,1.24,0.68,0.65,17.04,17.41,NA,30.38,87.5,5.35,56.77,37.6,8.33,30.36,87.4,5.35,56.76,37.6,8.34,"ZWF","LAB","ZWF","","",0.665,17.225,966,"20240517TWIN01",16,"",NA,NA,NA,NA,NA,NA,NA,NA,35.5,36,0.206,0.207,NA,NA,409.5,399.8,54.28,52.64,NA,NA,"ZWF","ZWF","Filtered samples perished in broken freezer"
"894","TWIN01","7/14/2023","20230714TWIN01",2023,7,"1/0/1900",24.95937,-80.78091,2.9,290,0.89,1.51,1.57,25.62,25.93,NA,32.05,97.2,5.69,57.82,38.29,8.35,32.93,101.3,5.95,57.82,38.29,8.36,"ZWF","LAB","ZWF","","",1.54,25.775,772,"20230714TWIN01",36,"",0.054,0.047,NA,NA,0.034,0.036,1.795,1.752,28.2,23.3,0.355,0.37,NA,NA,445.3,440.5,61.71,62.97,NA,NA,"LAB","ZWF",""
"895","TWIN01","9/5/2023","20230905TWIN01",2023,9,"1/0/1900",24.95976,-80.78038,2.8,280,0.83,0.76,0.72,30.25,29.55,NA,28.76,100.4,6.27,57.73,38.38,8.33,28.77,100.5,6.27,57.73,38.38,8.33,"ZWF","LAB","ZWF","","",0.74,29.9,815,"20230905TWIN01",36,"",NA,NA,NA,NA,0.049,0.054,0.722,0.724,47.4,38,0.261,0.292,NA,NA,795.4,785.5,16.443,16.603,NA,NA,"LAB","ZWF",""
"896","TWIN02","1/14/2021","20210114TWIN02",2021,1,"1/0/1900",24.98291,-80.80879,2.1,210,0.72,0.3,0.29,32.33,32.99,NA,20.02,97.7,7.45,45.89,29.82,8.19,20.01,97.6,7.44,45.92,29.83,8.19,"ZWF","ZWF","ZWF","","",0.295,32.66,467,"20210114TWIN02",22,"1/0/1900",0.019,0.019,NA,NA,0.049,0.055,0.82,0.861,35,34.29,0.491,0.525,NA,0.001,449.83,449,10.95,10.97,NA,NA,"ZWF","ZWF",""
"897","TWIN02","1/17/2024","20240117TWIN02",2024,1,"1/0/1900",24.9837,-80.80867,2.4,240,1.43,0.68,0.64,33.31,33.85,NA,24.21,85.9,6.13,43.97,28.38,8.24,24.21,85.9,6.13,43.99,28.39,8.24,"ZWF","LAB","ZWF","","",0.66,33.58,876,"20240117TWIN02",11,"",0.441,0.502,NA,NA,0.229,0.256,3.149,3.261,43.8,44.3,0.299,0.283,NA,NA,582.8,613.7,17.556,17.595,NA,NA,"LAB","ZWF",""
"898","TWIN02","1/20/2022","20220120TWIN02",2022,1,"1/0/1900",24.98477,-80.80883,2.5,250,1.03,0.28,0.58,25.13,25.44,NA,20.12,99.7,7.46,50.99,33.54,8.26,19.95,104.7,7.82,51,33.55,8.27,"ZWF","ZWF","ZWF","","",0.43,25.285,612,"20220120TWIN02",20,"",0.302,0.259,NA,NA,0.2,0.191,2.008,1.953,33.57,37.14,0.375,0.361,0,NA,418.9,464.9,16.76,17,NA,NA,"ZWF","ZWF",""
"899","TWIN02","1/23/2018","20180123TWIN02",2018,1,"1/0/1900",24.98317,-80.80913,2.1,210,1.1,0.2,0.19,65.4,65.3,NA,20.57,104.3,7.86,45.64,29.6,8.27,19.37,104,8.01,45.93,29.84,8.26,"ZWF","VMA","ZWF","","",0.195,65.35,131,"20180123TWIN02",22,"1/0/1900",0.05,0.08,NA,NA,0.01,0.01,0.39,0.42,23.78,25.66,0.48,0.5,NA,NA,467.5,458.67,1.08,1.07,NA,NA,"VMA","ZWF",""
"900","TWIN02","1/27/2020","20200127TWIN02",2020,1,"1/0/1900",24.98329,-80.80907,2.1,210,1.3,0.89,0.79,39.95,36.49,NA,18.77,102,7.63,55.76,37.08,8.21,18.76,102.5,7.67,55.77,37.08,8.21,"ZWF","TAP","LMH","25 subtracted from CDOM, JLS did QA/QC","",0.84,38.22,298,"20200127TWIN02",22,"1/0/1900",0.13,0.09,NA,NA,0.05,0.04,0.73,0.69,37.62,37.14,0.42,0.47,NA,NA,521.083,526.75,15.66,15.43,NA,NA,"LMH","JLS",""
"901","TWIN02","11/10/2021","20211110TWIN02",2021,11,"1/0/1900",24.98307,-80.80955,2.56,260,0.55,0.39,0.4,24.42,24.53,NA,21.99,96,6.84,53.45,35.34,8.08,21.89,97,6.91,53.45,35.34,8.09,"ZWF","ZWF","ZWF","","",0.395,24.475,598,"20211110TWIN02",20,"",0.172,0.09,NA,NA,0.123,0.062,2.109,1.39,25.714,25.476,0.468,0.356,NA,NA,336.7,338.6,12.2,12.2,NA,NA,"ZWF","ZWF",""
"902","TWIN02","11/13/2017","20171113TWIN02",2017,11,"1/0/1900",24.98329,-80.80891,2.26,70,10.9,13.08,13.89,92.79,86.86,1.2,25.98,92.2,6.3,47.02,30.53,8.08,25.89,87.6,6,47,30.5,8.07,"AJP","VMA","AJP","","",13.485,89.825,73,"20171113TWIN02",8,"1/0/1900",0,0.03,NA,NA,NA,NA,1.05,1.12,59.3,58.47,0.92,0.89,0.03,0.02,885.83,886.67,43.4,43.01,NA,NA,"VMA","ZWF",""
"903","TWIN02","11/21/2017","20171121TWIN02",2017,11,"1/0/1900",24.98329,-80.80891,2.16,205,2.73,5.78,5.63,82.1,83.27,NA,24.23,96,6.86,43.23,27.84,8.32,24.03,94.1,6.75,43.46,28.02,8.33,"ZWF","VMA","ZWF","","",5.705,82.685,102,"20171121TWIN02",22,"1/0/1900",NA,NA,NA,NA,0.06,0.05,1.97,1.99,34.18,34.46,0.76,0.77,0.07,0.06,458.42,469.92,0.46,0.62,NA,NA,"VMA","ZWF",""
"904","TWIN02","11/26/2024","20241126TWIN02",2024,11,"1/0/1900",24.98383,-80.80905,2.4,240,0.87,0.4,0.37,20.59,20.61,NA,21.21,104.6,7.8,45.93,29.84,8.29,21.15,106.3,7.93,45.96,29.86,8.3,"ZWF","ZWF","ZWF","","",0.385,20.6,1042,"20241126TWIN02",22,"",0.208,0.271,NA,NA,0.148,0.137,1.974,2.507,38.6,39.8,0.48,0.486,0.004,0.003,509.4,519.9,6.041,6.127,NA,NA,"ZWF","ZWF",""
"905","TWIN02","11/29/2020","20201129TWIN02",2020,11,"1/0/1900",24.98328,-80.809,2.1,210,0.93,0.48,0.37,24.95,23.06,NA,25.795,95.9,6.74,40.892,26.13,8.23,25.819,93.8,6.45,45.872,29.71,8.09,"ZWF","LMH","ZWF","","",0.425,24.005,441,"20201129TWIN02",22,"1/0/1900",0.449,0.431,NA,NA,0.177,0.18,6.406,6.403,40.714,42.436,0.597,0.391,NA,NA,463.3,472.8,13.2,13.228,NA,NA,"ZWF","ZWF",""
"906","TWIN02","11/8/2023","20231108TWIN02",2023,11,"1/0/1900",24.9832,-80.8091,2.3,230,1.15,0.65,0.62,12.27,14.15,NA,24.922,105.2,7.06,55.207,36.6,8.12,24.949,108,7.28,55.25,36.67,8.13,"LAB","LAB","ZWF","","",0.635,13.21,834,"20231108TWIN02",30,"",0.247,0.229,NA,NA,0.054,0.057,1.856,1.758,33.1,34.9,0.227,0.218,0.04,0.025,529,521.7,6.182,6.148,NA,NA,"LAB","ZWF",""
"907","TWIN02","3/16/2021","20210316TWIN02",2021,3,"1/0/1900",24.9847,-80.80888,2.1,210,0.77,0.56,0.53,27.96,28.42,NA,24.56,99.1,6.9,48.37,31.56,8.47,24.57,99.5,6.93,48.39,31.57,8.47,"ZWF","CJK","ZWF","","",0.545,28.19,493,"20210316TWIN02",22,"1/0/1900",0.113,0.071,NA,NA,0.03,0.029,0.498,0.49,54.29,57.62,0.314,0.33,0.004,0.001,588,583.6,23.794,23.556,NA,NA,"ZWF","ZWF",""
"908","TWIN02","3/17/2020","20200317TWIN02",2020,3,"1/0/1900",24.98376,-80.80829,1.9,190,1.05,0.28,0.37,25.97,25.89,NA,25.006,95.9,6.34,58.688,39.21,8.25,25.007,95.1,6.3,58.634,39.19,8.24,"JLS","LMH","TAP","","",0.325,25.93,336,"20200317TWIN02",22,"1/0/1900",NA,0.01,NA,NA,0.02,0.03,0.29,0.34,48.57,48.57,0.31,0.32,NA,NA,641.25,610,3.74,3.78,NA,NA,"JLS","ZWF",""
"909","TWIN02","3/18/2022","20220318TWIN02",2022,3,"1/0/1900",24.98335,-80.80936,2.5,250,1.05,0.52,0.53,35.18,33.93,NA,27.25,104.3,6.77,54.72,36.18,8.48,27.26,104.3,6.74,54.71,36.17,8.47,"ZWF","ZWF","ZWF","","",0.525,34.555,628,"20220318TWIN02",11,"",0.116,0.09,NA,NA,0.076,0.064,1.544,1.612,48.57,49.05,0.333,0.345,NA,NA,663.8,657.9,12.21,12.04,NA,NA,"ZWF","ZWF",""
"910","TWIN02","3/18/2024","20240318TWIN02",2024,3,"1/0/1900",24.984,-80.80915,2.2,220,0.39,0.5,0.41,33.75,33.47,NA,27.18,103.7,6.85,50.36,32.95,8.54,27.18,103.7,6.85,50.35,32.94,8.54,"ZWF","LAB","ZWF","","",0.455,33.61,942,"20240318TWIN02",35,"",0.134,0.178,NA,NA,0.073,0.073,1.083,1.023,44,44.3,0.713,0.561,0.008,0.003,623,608.5,28.842,29.226,NA,NA,"LAB","ZWF",""
"911","TWIN02","5/11/2021","20210511TWIN02",2021,5,"1/0/1900",24.98357,-80.80907,2.4,240,0.68,0.61,0.65,29.11,28.6,NA,29.58,94.7,5.86,56.86,37.7,8.44,29.35,104.8,6.51,57.05,37.85,8.48,"ZWF","ZWF","ZWF","","",0.63,28.855,519,"20210511TWIN02",22,"1/0/1900",0.157,0.154,NA,NA,0.08,0.083,2.206,2.175,62.14,60.24,0.328,0.315,0.018,0.023,664.28,680.61,80.52,81.51,NA,NA,"ZWF","ZWF",""
"912","TWIN02","5/17/2024","20240517TWIN02",2024,5,"1/0/1900",24.98342,-80.80916,2.4,240,1.16,0.42,0.45,22.68,22.71,NA,30.49,91.3,5.59,56.06,37.07,8.45,30.49,92.2,5.67,56.4,37.1,8.46,"ZWF","LAB","ZWF","","",0.435,22.695,967,"20240517TWIN02",17,"",NA,NA,NA,NA,NA,NA,NA,NA,43.6,42.9,0.202,0.207,NA,NA,496.8,492.1,57.09,57.29,NA,NA,"ZWF","LAB","Filtered samples perished in broken freezer"
"913","TWIN02","5/29/2022","20220529TWIN02",2022,5,"1/0/1900",24.98412,-80.80879,2.5,156,2.76,4.77,4.59,29.72,29.46,NA,29.85,114.8,6.84,64.9,43.8,8.37,29.93,115.3,6.86,64.97,43.86,8.37,"ZWF","ZWF","ZWF","","",4.68,29.59,670,"20220529TWIN02",12,"",NA,0.068,NA,NA,0.002,0.008,0.703,0.63,38.74,34.04,0.547,0.566,NA,NA,679.5,667.7,97.93,98.01,NA,NA,"ZWF","ZWF",""
"914","TWIN02","5/4/2020","20200504TWIN02",2020,5,"1/0/1900",24.98346,-80.8087,2,200,1.29,0.27,0.19,23.99,23.97,NA,26.54,103.5,6.68,58.37,38.94,8.42,26.53,104,6.74,58.38,38.94,8.43,"ZWF","ZWF","TAP","","",0.23,23.98,362,"20200504TWIN02",22,"1/0/1900",0.06,0.06,NA,NA,0.04,0.04,0.92,0.93,34.76,34.29,0.29,0.34,NA,NA,386.333,386.833,18.39,18.59,NA,NA,"LMH","TAP",""
"915","TWIN02","5/8/2018","20180508TWIN02",2018,5,"1/0/1900",24.98257,-80.81028,1.9,190,1.35,0.53,0.52,20.36,19.64,0.1016,28.55,105.1,6.57,58.572,39.02,8.59,28.549,105.9,6.6,58.587,39.04,8.58,"ZWF","ZWF","ZWF","","",0.525,20,187,"20180508TWIN02",22,"1/0/1900",0.17,0.31,NA,NA,0.09,0.08,1.11,1.13,44.39,44.18,0.35,0.38,0.02,0.01,650.17,674.67,7.33,7.35,NA,NA,"TAP","ZWF",""
"916","TWIN02","6/3/2019","20190603TWIN02",2019,6,"1/0/1900",24.98357,-80.80907,2.25,225,1.6,0.87,0.97,32.69,33.09,NA,31.41,95.1,5.58,62.8,42.13,8.37,31.23,97,5.74,63.1,42.37,8.39,"ZWF","ZWF","ZWF","","",0.92,32.89,227,"20190603TWIN02",22,"1/0/1900",0.21,0.21,NA,NA,0.12,0.12,1.62,1.57,54.76,58.33,0.31,0.32,0,NA,652.583,640.5,NA,NA,NA,NA,"ZWF","ZWF",""
"917","TWIN02","7/12/2022","20220712TWIN02",2022,7,"1/0/1900",24.98408,-80.80898,2.4,148,2.11,6.31,5.94,40.89,40.61,NA,32.08,105.9,6.27,58.22,38.63,8.41,32.17,101.4,5.98,58.44,38.79,8.39,"ZWF","ZWF","ZWF","Floating Dead Stinker Sponges","",6.125,40.75,696,"20220712TWIN02",12,"",0.111,0.034,NA,NA,0.025,0.022,0.922,0.208,37.396,31.822,0.613,0.608,0.008,0.002,937.5,905,92.95,92.925,NA,NA,"ZWF","ZWF",""
"918","TWIN02","7/13/2020","20200713TWIN02",2020,7,"1/0/1900",24.98359,-80.80849,2.1,210,1.02,0.75,0.76,35.27,35.55,NA,30.42,95.7,5.79,59.04,39.31,8.09,30.4,96.1,5.81,59.09,39.35,8.11,"ZWF","JLS","LMH","","",0.755,35.41,389,"20200713TWIN02",22,"1/0/1900",NA,NA,NA,NA,0.014,0.021,1.162,1.224,41.905,43.333,0.293,0.315,NA,NA,484.6,478.3,39.1,39.43,NA,NA,"ZWF","LMH",""
"919","TWIN02","7/14/2023","20230714TWIN02",2023,7,"1/0/1900",24.98366,-80.80917,2.5,250,0.68,1.13,1.06,29.4,29.25,NA,33.26,83.2,4.85,57.44,38,8.24,33.11,84.2,4.99,57.44,38,8.25,"ZWF","LAB","ZWF","","",1.095,29.325,773,"20230714TWIN02",37,"",0.166,0.173,NA,NA,0.085,0.087,3.244,3.237,26.3,28.8,0.382,0.377,0.006,0.002,481.5,477.5,78.79,78.86,NA,NA,"LAB","ZWF",""
"920","TWIN02","7/20/2021","20210720TWIN02",2021,7,"1/0/1900",24.98407,-80.80913,2.5,250,1.03,0.94,0.98,28.26,28.47,NA,30.27,94,5.7,59.33,39.54,8.24,30.34,98.1,5.92,59.81,39.9,8.25,"ZWF","ZWF","ZWF","","",0.96,28.365,546,"20210720TWIN02",22,"1/0/1900",0.173,0.17,NA,NA,0.051,0.052,1.671,1.547,49.29,48.57,0.34,0.352,0.017,0.007,571.25,571,16.06,15.82,NA,NA,"ZWF","ZWF",""
"921","TWIN02","7/8/2018","20180708TWIN02",2018,7,"1/0/1900",24.98379,-80.80905,2.1,210,1.79,0.56,0.53,31.22,28.82,0.3088,30.53,93.3,5.78,52.78,34.63,8.37,30.54,92.8,5.74,52.79,34.64,8.37,"ZWF","ZWF","ZWF","","",0.545,30.02,157,"20180708TWIN02",22,"1/0/1900",0.33,0.34,NA,NA,0.11,0.1,2.1,2.11,42.07,41.46,0.35,0.32,NA,0.06,515,506.92,19.71,19.18,0.22,0.29,"TAP","ZWF",""
"922","TWIN02","8/17/2017","20170817TWIN02",2017,8,"1/0/1900",24.98329,-80.80891,2.04,204,1.04,1.35,1.14,93.99,88.87,0.5715,32.51,75.7,4.28,67.9,46.01,8.14,32.51,76.5,4.32,67.9,46.01,8.15,"ZWF","VMA","AJP","","",1.245,91.43,31,"20170817TWIN02",20,"1/0/1900",0.31,0.32,NA,NA,0.27,0.27,1.99,1.97,68.23,68.9,0.34,0.36,NA,NA,815.42,814.42,53.21,52.56,NA,NA,"VMA","ZWF",""
"923","TWIN02","8/20/2019","20190820TWIN02",2019,8,"1/0/1900",24.98304,-80.80913,2.1,210,1.9,0.81,0.75,32.36,31.96,NA,30.39,87.5,5.36,56.11,37.11,NA,30.39,87.6,5.37,56.11,37.11,NA,"ZWF","ZWF","LMH","","",0.78,32.16,255,"20190820TWIN02",22,"1/0/1900",0.04,0.02,NA,NA,0.05,0.04,1.49,1.52,37.14,35.71,0.31,0.31,NA,NA,449.75,500.083,33.23,34.77,NA,NA,"LMH","",""
"924","TWIN02","9/13/2022","20220913TWIN02",2022,9,"1/0/1900",24.98368,-80.80919,2.5,52,5.91,28.82,30.05,50.72,50.18,NA,32.55,92,5.25,65.45,44.11,8.01,32.13,87.3,5.01,65.29,44.01,8,"ZWF","ZWF","ZWF","","",29.435,50.45,722,"20220913TWIN02",12,"",0.045,0.012,NA,NA,0.02,0.023,0.28,0.233,78.519,82.484,1.442,1.393,NA,NA,1969.167,1892.5,291.56,291.18,NA,NA,"ZWF","ZWF",""
"925","TWIN02","9/14/2020","20200914TWIN02",2020,9,"1/0/1900",24.98324,-80.80959,2.2,180,2.3,2.42,2.92,27.33,27.62,NA,28.03,79.1,4.93,60.59,40.6,8.1,28.01,78.8,NA,60.77,40.71,8.13,"ZWF","LMH","JLS","","",2.67,27.475,415,"20200914TWIN02",22,"1/0/1900",NA,0.045,NA,NA,0.033,0.033,3.08,3.023,65,66.667,0.359,0.373,0.001,NA,604,597.83,25.63,25.4,NA,NA,"LMH","ZWF",""
"926","TWIN02","9/16/2024","20240916TWIN02",2024,9,"1/0/1900",24.98351,-80.80928,2.7,270,0.91,0.77,0.76,41.12,40.48,NA,32.03,74.8,4.49,54.97,36.19,8,31.99,74.5,4.48,54.95,36.18,8,"ZWF","ZWF","ZWF","","",0.765,40.8,1016,"20240916TWIN02",3,"",0.154,0.156,NA,NA,0.083,0.08,3.046,3.053,57.9,60.7,0.203,0.203,NA,NA,674.8,677.3,5.612,5.64,NA,NA,"ZWF","ZWF",""
"927","TWIN02","9/24/2019","20190924TWIN02",2019,9,"1/0/1900",24.98367,-80.80846,2.4,240,2.47,0.62,0.66,18.12,18.38,NA,26.73,83.8,5.34,60.55,40.58,8.11,26.73,83.6,5.33,60.54,40.57,8.1,"ZWF","LMH","TAP","","",0.64,18.25,270,"20190924TWIN02",22,"1/0/1900",0.2,0.2,NA,NA,0.11,0.1,2.19,2.15,48.1,47.62,0.27,0.28,0,NA,508.5,525.25,6.84,6.56,NA,NA,"LMH","LMH",""
"928","TWIN02","9/26/2017","20170926TWIN02",2017,9,"1/0/1900",24.98329,-80.80891,2.28,228,1.06,0.95,1.22,91.3,69.25,0.4477,30.99,75.5,4.62,53.895,35.43,8.03,30.963,75.9,4.65,53.901,35.44,8.03,"ZWF","VMA","ZWF","","P9260052.JPG;P9260055.JPG;P9260056.JPG;P9260057.JPG",1.085,80.275,60,"20170926TWIN02",20,"1/0/1900",0.12,0.17,NA,NA,NA,NA,1.61,1.6,42.19,42.84,0.4,0.4,NA,NA,539.08,543,5.93,5.83,NA,NA,"VMA","ZWF",""
"929","TWIN02","9/5/2023","20230905TWIN02",2023,9,"1/0/1900",24.98351,-80.80947,2.5,250,1.37,0.9,0.98,32.64,32.51,NA,28.62,89.2,5.59,57.5,38.22,8.27,28.62,89.1,5.58,57.5,38.21,8.28,"ZWF","LAB","ZWF","","",0.94,32.575,816,"20230905TWIN02",37,"",0.109,0.06,NA,NA,NA,0.089,2.52,2.51,51.8,49.7,0.312,0.297,0.001,0.003,810.8,810.6,16.99,17.14,NA,NA,"LAB","ZWF",""
"930","TWIN02","9/8/2021","20210908TWIN02",2021,9,"1/0/1900",24.98377,-80.80891,2.5,250,0.79,0.84,0.76,41.17,40.58,NA,32.57,85.8,4.99,60.76,40.53,8.08,32.54,89.5,5.21,60.77,40.54,8.1,"ZWF","ZWF","ZWF","","",0.8,40.875,572,"20210908TWIN02",20,"1/0/1900",0.17,0.148,NA,NA,0.104,0.107,3.406,3.229,58.1,60.24,0.345,0.349,NA,NA,719.3,719,32.9,30.3,NA,NA,"ZWF","ZWF",""
"931","TWIN03","1/14/2021","20210114TWIN03",2021,1,"1/0/1900",25.00343,-80.75386,1.9,190,1.19,0.58,0.69,35.93,36.01,NA,20.09,95.2,7.25,45.73,29.69,8.11,20.08,95.1,7.25,45.73,29.69,8.11,"ZWF","ZWF","ZWF","","",0.635,35.97,466,"20210114TWIN03",21,"1/0/1900",0.05,0.069,NA,NA,0.061,0.064,1.828,1.853,46.19,47.86,0.475,0.483,NA,0.001,564.08,574.33,9.01,9.22,NA,NA,"ZWF","ZWF",""
"932","TWIN03","1/17/2024","20240117TWIN03",2024,1,"1/0/1900",25.00382,-80.75377,2.3,230,2.14,1.15,1.26,23.64,22.89,NA,24.23,86.7,6.3,39.24,25,8.28,24.24,86.5,6.28,39.26,25.02,8.28,"ZWF","LAB","ZWF","","",1.205,23.265,874,"20240117TWIN03",9,"",0.284,0.231,NA,NA,0.14,0.111,5.283,5.147,54.8,54.3,0.293,0.293,0.006,NA,657.5,594.8,9.212,9.15,NA,NA,"LAB","ZWF",""
"933","TWIN03","1/20/2022","20220120TWIN03",2022,1,"1/0/1900",25.00407,-80.75421,2.3,200,3.37,2.45,2.22,34.43,34.58,NA,20.11,100.1,7.48,50.37,33.08,8.2,NA,NA,NA,NA,NA,NA,"ZWF","ZWF","ZWF","","",2.335,34.505,611,"20220120TWIN03",19,"",0.556,0.555,NA,NA,0.372,0.367,4.424,4.544,44.52,55,0.47,0.448,0.005,NA,516.4,493.2,51.67,51.19,NA,NA,"ZWF","ZWF",""
"934","TWIN03","1/23/2018","20180123TWIN03",2018,1,"1/0/1900",25.00332,-80.75404,1.98,198,2.34,0.67,0.57,59.64,64.3,NA,20.66,106.3,8.01,45.87,29.78,8.2,19.388,102.6,7.93,45.99,29.89,8.2,"ZWF","VMA","ZWF","","",0.62,61.97,130,"20180123TWIN03",21,"1/0/1900",0.35,0.39,NA,NA,0.14,0.15,2.51,2.53,30.25,29.2,0.56,0.56,0.05,0.03,476.92,480.42,1.17,1.18,NA,NA,"VMA","ZWF",""
"935","TWIN03","1/27/2020","20200127TWIN03",2020,1,"1/0/1900",25.00346,-80.7548,2,200,1.43,0.46,0.41,35.81,41.97,NA,19.14,99.8,7.31,59.02,39.53,8.15,19.08,104.2,7.63,59.13,39.61,8.17,"ZWF","TAP","LMH","25 subtracted from CDOM, JLS did QA/QC","",0.435,38.89,297,"20200127TWIN03",21,"1/0/1900",0.1,0.11,NA,NA,0.07,0.07,1.89,1.83,55.71,55,0.42,0.4,NA,NA,763.583,749.667,9.75,9.6,NA,NA,"LMH","JLS",""
"936","TWIN03","11/10/2021","20211110TWIN03",2021,11,"1/0/1900",25.00372,-80.75458,2.5,250,1.04,0.32,0.26,21.38,21.38,NA,22.41,99.1,6.93,55.89,37.16,8.03,22.38,102.8,7.27,55.92,37.18,8.05,"ZWF","ZWF","ZWF","","",0.29,21.38,597,"20211110TWIN03",19,"",0.178,0.17,NA,NA,0.097,0.103,4.236,4.263,28.333,28.095,0.289,0.27,NA,NA,329.1,327.2,7.3,7.2,NA,NA,"ZWF","ZWF",""
"937","TWIN03","11/13/2017","20171113TWIN03",2017,11,"1/0/1900",25.00332,-80.75404,2.13,70,8.82,8.12,8.56,64.35,84.1,1.3,25.86,96.1,6.68,43.33,27.89,8.15,25.78,87.5,6.05,44.89,29.03,8.13,"AJP","VMA","AJP","","",8.34,74.225,72,"20171113TWIN03",7,"1/0/1900",NA,NA,NA,NA,NA,NA,1.59,1.57,59.49,59.07,0.68,0.67,NA,0.01,865,862.5,22.37,21.3,NA,NA,"VMA","ZWF",""
"938","TWIN03","11/21/2017","20171121TWIN03",2017,11,"1/0/1900",25.00332,-80.75404,2.13,75,5.66,11.56,11.47,84.88,82.5,NA,23.7,93,6.7,43.5,28.04,8.08,23.53,93.2,6.74,43.62,28.18,8.1,"ZWF","VMA","ZWF","","",11.515,83.69,101,"20171121TWIN03",21,"1/0/1900",NA,NA,NA,NA,0.02,0.01,2.29,1.76,66.21,69.03,0.75,0.72,0.08,0.03,922.5,913.33,29,29.39,NA,NA,"VMA","ZWF",""
"939","TWIN03","11/26/2024","20241126TWIN03",2024,11,"1/0/1900",25.00365,-80.75424,2.3,230,1.41,0.42,0.46,14.33,14.07,NA,21.37,95.4,6.99,49.3,32.29,8.16,21.35,99.3,7.28,49.5,32.43,8.17,"ZWF","ZWF","ZWF","","",0.44,14.2,1041,"20241126TWIN03",21,"",1.263,1.19,0.662,0.581,0.601,0.609,2.279,2.285,29.5,30.7,0.479,0.5,0.008,NA,360.9,392.9,2.409,2.3853,NA,NA,"ZWF","ZWF",""
"940","TWIN03","11/29/2020","20201129TWIN03",2020,11,"1/0/1900",25.00394,-80.75381,1.9,190,1.28,0.28,0.23,15.41,15.66,NA,25.42,94,6.54,45.684,29.58,8.1,25.568,99.5,6.83,47.18,30.66,8.08,"ZWF","LMH","ZWF","","",0.255,15.535,440,"20201129TWIN03",21,"1/0/1900",0.59,0.603,NA,NA,0.189,0.185,8.131,8.129,40.238,33.261,0.323,0.306,NA,NA,310.9,311.9,9.195,9.161,NA,NA,"ZWF","ZWF","TN REPS ARE DIFFERENT"
"941","TWIN03","11/8/2023","20231108TWIN03",2023,11,"1/0/1900",25.00313,-80.75416,2.1,210,2.79,0.78,0.81,15.35,15.25,NA,25.025,117.1,7.9,54.153,35.81,8.13,25.021,117.7,7.96,54.104,35.77,8.15,"LAB","LAB","ZWF","","",0.795,15.3,836,"20231108TWIN03",28,"",0.018,NA,NA,NA,0.038,0.039,1.055,0.995,23.9,23,0.242,0.238,0.015,0.009,646.7,644.8,3.687,3.627,NA,NA,"LAB","ZWF",""
"942","TWIN03","3/16/2021","20210316TWIN03",2021,3,"1/0/1900",25.00437,-80.75438,2,200,1.16,0.3,0.3,13.58,14.32,NA,24.25,98.2,6.84,49.2,32.17,8.24,24.25,98,6.83,49.16,32.13,8.24,"ZWF","CJK","ZWF","","",0.3,13.95,492,"20210316TWIN03",21,"1/0/1900",0.117,0.116,NA,NA,0.04,0.043,1.239,1.245,46.19,44.76,0.299,0.259,0.003,0,395.5,401.1,4.001,4.012,NA,NA,"ZWF","ZWF",""
"943","TWIN03","3/17/2020","20200317TWIN03",2020,3,"1/0/1900",25.00318,-80.75419,1.8,180,1.89,0.36,0.32,14.22,14.06,NA,24.939,100.6,6.6,60.651,40.7,8.19,24.935,99.9,6.56,60.648,40.7,8.18,"JLS","LMH","TAP","","",0.34,14.14,335,"20200317TWIN03",21,"1/0/1900",NA,0,NA,NA,0.03,0.04,0.46,0.6,40,39.29,0.27,0.23,NA,0,458,458.833,2.83,2.95,NA,NA,"JLS","ZWF",""
"944","TWIN03","3/18/2022","20220318TWIN03",2022,3,"1/0/1900",25.00371,-80.75435,2.2,220,1.43,0.55,0.58,20.25,19.64,NA,26.27,101,6.75,53.5,35.29,8.27,26.311,106.1,7.05,53.44,35.26,8.27,"ZWF","ZWF","ZWF","","",0.565,19.945,627,"20220318TWIN03",10,"",0.048,0.053,NA,NA,0.075,0.067,1.267,1.329,39.05,39.05,0.335,0.315,NA,NA,485.2,474.8,6.76,6.58,NA,NA,"ZWF","ZWF",""
"945","TWIN03","3/18/2024","20240318TWIN03",2024,3,"1/0/1900",25.00384,-80.75414,2.1,210,0.76,0.71,0.71,29.39,29.71,NA,27.21,100.9,6.7,48.95,31.92,8.46,27.21,100.7,6.68,48.95,31.91,8.46,"ZWF","LAB","ZWF","","",0.71,29.55,940,"20240318TWIN03",33,"",0.123,0.046,NA,NA,0.022,0.019,0.891,0.637,46.4,46.2,0.646,0.584,0.001,0.001,635.3,640.5,6.253,6.271,NA,NA,"LAB","ZWF",""
"946","TWIN03","5/11/2021","20210511TWIN03",2021,5,"1/0/1900",25.00373,-80.75556,2.4,240,0.93,0.53,0.44,23.45,24.2,NA,29.22,96.1,5.97,57.43,38.14,8.36,29.13,97.9,6.09,57.42,38.13,8.37,"ZWF","ZWF","ZWF","","",0.485,23.825,518,"20210511TWIN03",21,"1/0/1900",0.159,0.152,NA,NA,0.067,0.069,2.599,2.602,52.86,52.38,0.299,0.283,NA,NA,611.28,594.28,59.71,59.17,NA,NA,"ZWF","ZWF",""
"947","TWIN03","5/17/2024","20240517TWIN03",2024,5,"1/0/1900",25.00367,-80.75413,2.2,220,1.68,0.71,0.78,12.77,12.81,NA,30.6,105.9,6.43,57.93,38.47,8.4,30.65,107.2,6.49,57.93,38.47,8.4,"ZWF","LAB","ZWF","","",0.745,12.79,965,"20240517TWIN03",15,"",NA,NA,NA,NA,NA,NA,NA,NA,35.7,34.5,0.241,0.219,NA,NA,391.3,395.4,26.471,26.329,NA,NA,"ZWF","ZWF","Filtered samples perished in broken freezer"
"948","TWIN03","5/29/2022","20220529TWIN03",2022,5,"1/0/1900",25.0041,-80.75446,NA,NA,1.08,0.67,0.66,13.95,13.49,NA,29.82,94.5,5.71,61.4,41.13,8.31,29.85,94,5.68,61.42,41.14,8.31,"ZWF","ZWF","ZWF","","",0.665,13.72,669,"20220529TWIN03",11,"",0.118,0.106,NA,NA,0.073,0.072,3.772,3.709,22.14,21.5,0.246,0.234,NA,NA,372.2,375.2,28.5,28.08,NA,NA,"ZWF","ZWF",""
"949","TWIN03","5/4/2020","20200504TWIN03",2020,5,"1/0/1900",25.00336,-80.75372,1.8,180,2.58,0.34,0.43,24.64,24.82,NA,26.54,109.1,7.01,59.48,39.77,8.38,26.51,125.4,8.07,58.59,39.15,8.44,"ZWF","ZWF","TAP","","",0.385,24.73,361,"20200504TWIN03",21,"1/0/1900",0.32,0.17,NA,NA,0.1,0.1,1.88,1.93,47.38,48.33,0.29,0.29,NA,NA,521.417,519.667,56.36,57.8,NA,NA,"LMH","TAP",""
"950","TWIN03","5/8/2018","20180508TWIN03",2018,5,"1/0/1900",25.00379,-80.75444,1.8,180,2.61,2.32,2.35,9.4,12.19,0.6257,28.138,108.6,6.89,56.764,37.68,8.44,28.137,111.1,7.07,56.821,37.72,8.45,"ZWF","ZWF","ZWF","","",2.335,10.795,186,"20180508TWIN03",21,"1/0/1900",0.06,0.08,NA,NA,0.02,0.03,0.32,0.33,46.01,47.32,0.43,0.42,0.01,0,725.92,735.58,2.05,1.94,NA,NA,"TAP","ZWF",""
"951","TWIN03","6/3/2019","20190603TWIN03",2019,6,"1/0/1900",25.00389,-80.75462,2.04,204,0.91,0.45,0.45,15.54,15.23,NA,30.87,97,5.78,61.25,40.97,8.24,30.88,98,5.86,61.26,40.98,8.25,"ZWF","ZWF","ZWF","","",0.45,15.385,226,"20190603TWIN03",21,"1/0/1900",0.07,0.07,NA,NA,0.04,0.04,1.75,1.75,32.62,33.1,0.22,0.21,0,0.01,357.75,356.083,NA,NA,NA,NA,"ZWF","ZWF",""
"952","TWIN03","7/12/2022","20220712TWIN03",2022,7,"1/0/1900",25.00369,-80.754,2.3,58,7.55,20.36,20.66,29.42,29.45,NA,32.3,94.9,5.61,57.74,38.25,8.2,32.35,95.4,5.63,57.76,38.27,8.21,"ZWF","ZWF","ZWF","","",20.51,29.435,695,"20220712TWIN03",11,"",0.021,0.021,NA,NA,0.045,0.039,0.139,0.119,50.151,58.932,1.077,1.107,0.037,0.027,1341.667,1275.833,168.8,163.38,NA,NA,"ZWF","ZWF",""
"953","TWIN03","7/13/2020","20200713TWIN03",2020,7,"1/0/1900",25.0015,-80.7533,2.1,210,1.61,1.01,0.95,41.29,41.88,NA,30.38,97.7,5.91,59.35,39.54,8.12,30.39,98.1,5.92,59.35,39.54,8.13,"ZWF","JLS","LMH","","",0.98,41.585,388,"20200713TWIN03",21,"1/0/1900",NA,NA,NA,NA,0.014,0.016,1.198,1.219,59.286,57.619,0.316,0.414,NA,NA,642.6,640.7,36.55,37.03,NA,NA,"ZWF","LMH",""
"954","TWIN03","7/14/2023","20230714TWIN03",2023,7,"1/0/1900",25.00352,-80.75443,2.4,240,1.27,2.75,2.6,29.85,29.99,NA,32.98,91.9,5.38,57.39,37.96,8.25,32.94,93.4,5.47,57.37,37.95,8.26,"ZWF","LAB","ZWF","","",2.675,29.92,771,"20230714TWIN03",35,"",0.135,0.119,NA,NA,0.053,0.053,3.694,3.674,39.3,36.3,0.327,0.297,NA,NA,571.8,574,68.36,67.77,NA,NA,"LAB","ZWF",""
"955","TWIN03","7/20/2021","20210720TWIN03",2021,7,"1/0/1900",25.00411,-80.75389,2.3,230,1.11,0.93,0.96,21.4,20.66,NA,30.52,101.1,6.05,61.44,41.13,8.3,30.52,102.1,6.11,61.44,41.12,8.31,"ZWF","ZWF","ZWF","","",0.945,21.03,545,"20210720TWIN03",21,"1/0/1900",0.084,0.103,NA,NA,0.019,0.017,1.474,1.448,47.14,46.9,0.332,0.308,0.01,0.007,500.25,491.75,16.27,16.35,NA,NA,"ZWF","ZWF",""
"956","TWIN03","7/8/2018","20180708TWIN03",2018,7,"1/0/1900",25.00409,-80.75515,2,200,1.54,1.59,1.59,28.32,32.41,0.1707,30.58,97.3,6,53.76,35.35,8.35,30.59,97.8,6.04,53.77,35.35,8.36,"ZWF","ZWF","ZWF","","",1.59,30.365,156,"20180708TWIN03",21,"1/0/1900",0.63,0.32,NA,NA,0.03,0.04,1.62,2.04,49.64,48.91,0.34,0.32,0.06,NA,620.92,632.08,20.11,19.92,0.8,0.91,"TAP","ZWF",""
"957","TWIN03","8/17/2017","20170817TWIN03",2017,8,"1/0/1900",25.00332,-80.75404,1.92,192,1.43,1.22,1.94,64.02,62.89,0.5313,32.77,83.8,4.73,66.45,44.88,8.23,32.77,85.8,4.86,66.46,44.88,8.24,"ZWF","VMA","AJP","","",1.58,63.455,30,"20170817TWIN03",19,"1/0/1900",0.27,0.28,NA,NA,0.23,0.23,1.94,1.95,74.41,76.4,0.26,0.26,NA,NA,880.83,880,86.38,86.2,NA,NA,"VMA","ZWF",""
"958","TWIN03","8/20/2019","20190820TWIN03",2019,8,"1/0/1900",25.00352,-80.75452,2,200,1.46,0.94,1,33.1,33.07,NA,30.48,91.9,5.56,58.93,39.23,NA,30.48,91.7,5.55,58.95,39.24,NA,"ZWF","ZWF","LMH","","",0.97,33.085,254,"20190820TWIN03",21,"1/0/1900",NA,0.03,NA,NA,0.03,0.02,1.94,1.84,46.43,47.86,0.33,0.33,NA,NA,560.417,560.583,18.26,18.55,NA,NA,"LMH","",""
"959","TWIN03","9/13/2022","20220913TWIN03",2022,9,"1/0/1900",25.00379,-80.75413,2.4,112,3.28,8.24,8.61,31.78,31.77,NA,31.55,86.5,5.06,62.96,42.24,8.1,31.51,87.1,5.09,62.93,42.23,8.1,"ZWF","ZWF","ZWF","","",8.425,31.775,721,"20220913TWIN03",11,"",0.011,0.003,NA,NA,0.013,0.011,0.43,0.387,57.922,48.088,0.469,0.47,NA,NA,1163.333,1180,88.54,89.24,NA,NA,"ZWF","ZWF",""
"960","TWIN03","9/14/2020","20200914TWIN03",2020,9,"1/0/1900",25.00397,-80.75462,2.1,220,2.32,0.42,0.41,17.48,17.2,NA,27.7,89,5.7,55.73,36.92,8.16,27.97,72.8,4.61,56.17,37.22,8.13,"ZWF","LMH","JLS","","",0.415,17.34,414,"20200914TWIN03",21,"1/0/1900",0.059,0.047,NA,NA,0.052,0.052,4.128,4.086,44.286,41.905,0.265,0.266,0.005,0.005,418.83,375.33,14.56,14.05,NA,NA,"LMH","ZWF",""
"961","TWIN03","9/16/2024","20240916TWIN03",2024,9,"1/0/1900",25.00378,-80.75431,2.6,260,0.89,1.17,1.04,28.38,28.15,NA,32.13,102.5,6.14,55.13,36.31,8.14,32.13,102.6,6.14,55.13,36.31,8.14,"ZWF","ZWF","ZWF","","",1.105,28.265,1015,"20240916TWIN03",2,"",0.155,0.143,NA,NA,0.097,0.094,2.14,2.097,57.1,57.9,0.178,0.207,NA,NA,642.1,596.8,6.232,6.32,NA,NA,"ZWF","ZWF",""
"962","TWIN03","9/24/2019","20190924TWIN03",2019,9,"1/0/1900",25.00378,-80.75393,2.2,220,1.31,0.33,0.35,13.14,12.8,NA,26.69,97.05,6.29,58.07,38.7,8.15,27.09,91.5,5.8,61.45,41.27,8.22,"ZWF","LMH","TAP","","",0.34,12.97,269,"20190924TWIN03",21,"1/0/1900",0.11,0.13,NA,NA,0.08,0.08,1.87,1.89,30,29.29,0.22,0.21,NA,NA,321.917,319.083,2,2.03,NA,NA,"LMH","LMH",""
"963","TWIN03","9/26/2017","20170926TWIN03",2017,9,"1/0/1900",25.00332,-80.75404,2.19,219,2,1.03,1.26,63.34,71.34,NA,30.69,73.8,4.53,54.68,36.08,8.07,30.68,74.5,4.57,54.676,36.02,8.06,"ZWF","VMA","ZWF","","P9260047.JPG;P9260048.JPG",1.145,67.34,59,"20170926TWIN03",19,"1/0/1900",0.18,0.16,NA,NA,0.05,0.05,4.02,4.02,56.1,55.6,0.35,0.32,NA,NA,689.42,690.75,9.01,8.28,NA,NA,"VMA","ZWF",""
"964","TWIN03","9/5/2023","20230905TWIN03",2023,9,"1/0/1900",25.0038,-80.7544,2.3,230,2.02,0.88,0.91,26.58,26.99,NA,28.56,95.7,6.02,56.8,37.69,8.34,28.57,95.7,6.02,56.8,37.69,8.34,"ZWF","LAB","ZWF","","",0.895,26.785,814,"20230905TWIN03",35,"",0.009,0.372,NA,NA,0.053,NA,1.864,2.901,57.4,58.7,0.313,0.358,0.021,0.006,944.2,947.5,37.36,36.71,NA,NA,"LAB","ZWF",""
"965","TWIN03","9/8/2021","20210908TWIN03",2021,9,"1/0/1900",25.00403,-80.75421,2.3,230,1.29,0.91,0.78,30.1,29.49,NA,32.33,69.5,4.09,58.8,39.06,8.04,32.33,69.5,4.09,58.8,39.05,8.04,"ZWF","ZWF","ZWF","","",0.845,29.795,571,"20210908TWIN03",19,"1/0/1900",0.076,0.077,NA,NA,0.049,0.049,6.75,6.79,61.9,61.43,0.323,0.327,NA,NA,663.3,650,37.33,36.06,NA,NA,"ZWF","ZWF",""
"966","WHIP01","1/19/2024","20240119WHIP01",2024,1,"1/0/1900",25.09377,-80.76501,1.5,110,3.51,8.46,8.34,42.41,42.88,NA,25.123,120.3,8.77,34.91,21.89,8.22,25.079,113.6,8.23,37.556,23.8,8.21,"LAB","LAB","ZWF","","",8.4,42.645,901,"20240119WHIP01",37,"",0.123,0.09,NA,NA,0.027,0.029,1.537,1.426,63.3,62.9,0.673,0.638,0.004,NA,895,910.8,26.105,26.12,NA,NA,"LAB","ZWF",""
"967","WHIP01","11/9/2023","20231109WHIP01",2023,11,"1/0/1900",25.09374,-80.76524,2.2,220,3.17,1.82,1.56,31.55,27.77,NA,25.06,95.3,6.38,55.73,36.99,8.22,25.04,96,6.43,55.74,37,8.22,"ZWF","LAB","ZWF","","",1.69,29.66,862,"20231109WHIP01",40,"",0.542,0.088,NA,NA,0.081,0.081,4.547,4.303,65.3,62.4,0.29,0.283,0.032,0.022,960,958.3,21.295,21.303,NA,NA,"LAB","ZWF",""
"968","WHIP01","3/15/2024","20240315WHIP01",2024,3,"1/0/1900",25.09348,-80.76581,1.7,170,1.59,1.12,0.94,43.38,43.63,NA,25.53,97,6.65,47.84,31.15,8.43,25.52,96.6,6.62,47.85,31.15,8.43,"ZWF","LAB","ZWF","","",1.03,43.505,935,"20240315WHIP01",28,"",0.043,0.043,NA,NA,0.041,0.045,0.697,0.683,53.6,52.1,0.914,0.857,0.015,0.014,752.8,749,25.701,25.265,NA,NA,"LAB","ZWF",""
"969","WHIP01","5/13/2024","20240513WHIP01",2024,5,"1/0/1900",25.09377,-80.76566,1.9,190,1.16,0.44,0.36,27.89,27.82,NA,30.1,87.6,5.59,47.16,30.53,8.31,30.1,87.7,5.59,47.15,30.52,8.31,"ZWF","LAB","ZWF","","",0.4,27.855,957,"20240513WHIP01",7,"",NA,NA,NA,NA,NA,NA,NA,NA,62.6,63.8,0.399,0.417,NA,NA,787.3,766.8,38.202,38.34,NA,NA,"ZWF","ZWF","Filtered samples perished in broken freezer"
"970","WHIP01","7/13/2023","20230713WHIP01",2023,7,"1/0/1900",25.09358,-80.76517,1.9,190,1.44,0.34,0.32,35.73,35.95,NA,33.7,84.2,4.86,57.44,37.97,8.27,33.72,84.1,4.88,57.44,37.97,8.27,"ZWF","LAB","ZWF","","",0.33,35.84,766,"20230713WHIP01",30,"",0.044,0.048,NA,NA,0.036,0.033,3.952,3.98,36.9,38,0.419,0.406,0.007,0.008,502,499.5,140.75,139.11,NA,NA,"LAB","ZWF",""
"971","WHIP01","9/2/2023","20230902WHIP01",2023,9,"1/0/1900",25.09401,-80.76544,2,200,2.36,1.7,1.64,43.9,43.73,NA,31.31,84.6,5.15,54.07,35.55,8.18,31.31,84.6,5.15,54.24,35.68,8.18,"ZWF","LAB","ZWF","","",1.67,43.815,809,"20230902WHIP01",30,"",0.03,0.021,NA,NA,0.078,0.077,6.875,6.888,51.8,51.6,0.451,0.459,0.02,0.011,633.3,624.8,154.6,157.5,NA,NA,"LAB","ZWF",""
"972","WHIP02","1/12/2021","20210112WHIP02",2021,1,"1/0/1900",25.07079,-80.76484,1.8,180,0.83,0.39,0.33,41.01,40.51,NA,19.98,100.8,7.78,43.27,27.93,8.16,19.28,97.1,NA,44.47,28.78,8.15,"ZWF","ZWF","ZWF","","",0.36,40.76,451,"20210112WHIP02",4,"1/0/1900",NA,NA,NA,NA,0.042,0.041,0.963,0.941,55,55.95,0.476,0.524,NA,NA,699.08,674.42,8.62,8.49,NA,NA,"ZWF","ZWF",""
"973","WHIP02","1/19/2024","20240119WHIP02",2024,1,"1/0/1900",25.07193,-80.76429,1.7,110,3.8,10.35,11.03,41.74,41.85,NA,25.272,117.9,8.52,35.365,22.27,8.23,24.795,118.5,8.67,37.264,23.55,8.25,"LAB","LAB","ZWF","","",10.69,41.795,902,"20240119WHIP02",38,"",0.019,NA,NA,NA,0.013,0.005,0.029,NA,63.3,65.5,0.648,0.693,0.01,NA,930,975,31.345,31.55,NA,NA,"LAB","ZWF",""
"974","WHIP02","1/21/2022","20220121WHIP02",2022,1,"1/0/1900",25.07145,-80.76464,2,200,1.77,0.56,0.67,28.31,29.21,NA,21.59,99.4,7.24,49.89,32.71,8.08,21.42,100.6,7.35,49.88,32.71,8.08,"ZWF","ZWF","ZWF","","",0.615,28.76,639,"20220121WHIP02",4,"",0.449,0.17,NA,NA,0.207,0.08,4.292,5.646,32.62,35.71,0.466,0.439,0.001,NA,380.2,396.5,32.06,32.25,NA,NA,"ZWF","ZWF",""
"975","WHIP02","1/23/2018","20180123WHIP02",2018,1,"1/0/1900",25.07159,-80.7645,1.73,173,3.99,0.15,0.16,89.2,86.47,0.4018,20.33,101.4,7.68,46.19,30.02,8.12,20.04,98.6,7.5,46.23,30.06,8.11,"VMA","VMA","ZWF","0.28/0.22 FIU CHL","",0.155,87.835,114,"20180123WHIP02",4,"1/0/1900",0.32,0.3,NA,NA,0.19,0.19,5.46,5.5,37.81,38.79,0.56,0.55,0.02,0.01,554.75,538.33,2.71,2.77,NA,NA,"VMA","ZWF","CHL 0.28, 0.22"
"976","WHIP02","1/28/2020","20200128WHIP02",2020,1,"1/0/1900",25.07162,-80.76449,1.9,190,1.05,0.26,0.23,38.16,45.47,NA,19.44,112.5,8.3,56,37.27,8.16,19.55,101,7.34,58.61,39.22,8.1,"ZWF","TAP","LMH","25 subtracted from CDOM","",0.245,41.815,308,"20200128WHIP02",4,"1/0/1900",NA,NA,NA,NA,0.05,0.04,1.22,1.15,42.14,41.9,0.4,0.43,0,NA,611.667,611.833,9.07,8.33,NA,NA,"LMH","JLS",""
"977","WHIP02","11/18/2024","20241118WHIP02",2024,11,"1/0/1900",25.07182,-80.7642,2.3,230,2.1,1.53,1.18,17.69,17.8,NA,24.03,95.1,6.82,43.43,27.99,8.16,24.07,93.4,6.65,44.31,28.62,8.15,"ZWF","ZWF","ZWF","","",1.355,17.745,1025,"20241118WHIP02",5,"",0.502,0.509,NA,NA,0.246,0.244,5.604,5.684,40.2,42.4,0.458,0.5,NA,NA,469.4,459.6,2.148,2.154,NA,NA,"ZWF","ZWF",""
"978","WHIP02","11/21/2017","20171121WHIP02",2017,11,"1/0/1900",25.07154,-80.76453,1.86,45,12.5,30.85,23.6,123.68,113.34,2.016,23.63,85.7,6.14,44.59,28.83,7.96,23.55,82.9,5.97,44.59,28.84,7.97,"VMA","VMA","ZWF","","",27.225,118.51,84,"20171121WHIP02",4,"1/0/1900",NA,NA,NA,NA,NA,NA,1.58,1.61,88.89,87.25,1.65,1.68,NA,NA,1010,1020.83,50.02,50.08,NA,NA,"VMA","ZWF",""
"979","WHIP02","11/27/2020","20201127WHIP02",2020,11,"1/0/1900",25.07281,-80.76389,1.8,180,0.62,0.23,0.25,29,29.28,NA,24.165,99.4,7.37,35.579,22.45,8.26,24.304,89.6,6.51,36.371,22.91,8.21,"ZWF","LMH","ZWF","","",0.24,29.14,425,"20201127WHIP02",4,"1/0/1900",0.221,0.237,NA,NA,0.133,0.133,6.447,6.525,44.105,44.105,0.214,0.224,NA,NA,557.2,556.2,7.419,7.282,NA,NA,"ZWF","ZWF",""
"980","WHIP02","11/9/2023","20231109WHIP02",2023,11,"1/0/1900",25.07208,-80.76427,2.3,230,2.58,1.09,1.04,24.18,23.86,NA,25.22,100.5,6.72,55.28,36.65,8.24,25.21,100.6,6.73,55.29,36.66,8.24,"ZWF","LAB","ZWF","","",1.065,24.02,863,"20231109WHIP02",42,"",0.127,0.109,NA,NA,0.075,0.07,5.195,5.071,59.4,64.6,0.258,0.259,0.022,0.015,821.8,855,16.83,17.268,NA,NA,"LAB","ZWF",""
"981","WHIP02","3/15/2021","20210315WHIP02",2021,3,"1/0/1900",25.07176,-80.76454,1.8,180,1.47,0.45,0.3,28.13,27.65,NA,23.81,94.4,6.71,46.61,30.29,8.33,23.81,95.1,6.76,46.73,30.38,8.34,"ZWF","CJK","ZWF","","",0.375,27.89,477,"20210315WHIP02",4,"1/0/1900",0.021,0.017,NA,NA,0.021,0.019,1.042,1.036,63.57,69.76,0.478,0.52,0,0.005,645.3,668.8,16.224,16.139,NA,NA,"ZWF","ZWF",""
"982","WHIP02","3/15/2024","20240315WHIP02",2024,3,"1/0/1900",25.07166,-80.76458,1.8,180,0.82,0.45,0.49,37.97,38.14,NA,25.42,98,6.69,49.42,32.29,8.43,25.42,98.1,6.7,49.4,32.29,8.43,"ZWF","LAB","ZWF","","",0.47,38.055,936,"20240315WHIP02",29,"",0.022,0.017,NA,NA,0.027,0.029,0.667,0.662,46,45.2,0.795,0.702,0.033,0.027,636.9,633.3,31.914,30.768,NA,NA,"LAB","ZWF",""
"983","WHIP02","3/17/2020","20200317WHIP02",2020,3,"1/0/1900",25.07138,-80.76493,1.6,160,1.32,0.72,0.72,41.42,41.08,NA,24.9,92.8,6.21,56.37,37.47,8.25,24.91,92.8,6.21,56.19,37.27,8.25,"ZWF","LMH","TAP","","",0.72,41.25,320,"20200317WHIP02",4,"1/0/1900",0.08,0.04,NA,NA,0.05,0.03,1.57,1.17,55.24,57.62,0.48,0.46,0,NA,710.583,716.833,7.78,7.77,NA,NA,"JLS","ZWF",""
"984","WHIP02","3/19/2022","20220319WHIP02",2022,3,"1/0/1900",25.07429,-80.76362,1.9,190,1.93,0.53,0.45,29.99,29.88,NA,27.76,93.8,6.06,53.46,35.22,8.34,27.77,94.7,6.12,53.46,35.22,8.35,"ZWF","ZWF","ZWF","","",0.49,29.935,650,"20220319WHIP02",19,"",0.132,0.121,NA,NA,0.094,0.087,3.726,3.643,60,57.5,0.43,0.441,NA,NA,695.2,712.2,32.64,32.92,NA,NA,"ZWF","ZWF",""
"985","WHIP02","5/13/2024","20240513WHIP02",2024,5,"1/0/1900",25.0713,-80.76472,2,200,1.23,0.51,0.43,21.19,21.36,NA,30.4,97.1,6.08,50.87,33.22,8.36,30.4,97.8,6.13,50.87,33.22,8.37,"ZWF","LAB","ZWF","","",0.47,21.275,958,"20240513WHIP02",8,"",NA,NA,NA,NA,NA,NA,NA,NA,47.9,48.6,0.372,0.305,NA,NA,572.8,575.8,57.83,58.67,NA,NA,"ZWF","ZWF","Filtered samples perished in broken freezer"
"986","WHIP02","5/14/2021","20210514WHIP02",2021,5,"1/0/1900",25.07088,-80.76435,1.9,190,1.75,1.01,0.91,37.78,37.09,NA,29.6,90.3,5.52,59.36,39.58,8.37,29.6,90.1,5.51,59.35,39.58,8.37,"ZWF","ZWF","ZWF","","",0.96,37.435,503,"20210514WHIP02",4,"1/0/1900",NA,NA,NA,NA,0.042,0.042,1.654,1.682,66.67,67.62,0.392,0.405,NA,NA,742.92,747,96.02,97.34,NA,NA,"ZWF","ZWF",""
"987","WHIP02","5/30/2022","20220530WHIP02",2022,5,"1/0/1900",25.07425,-80.76353,2,137,4.3,4.8,4.81,31.13,31.36,NA,28.91,94.9,5.78,63.09,42.45,8.3,28.91,94.3,5.74,62.87,42.28,8.3,"ZWF","ZWF","ZWF","","",4.805,31.245,678,"20220530WHIP02",20,"",0.147,0.178,NA,NA,0.073,0.075,4.569,4.795,30.34,28.93,0.248,0.262,NA,0.086,742.1,710.3,57.46,57.26,NA,NA,"ZWF","ZWF",""
"988","WHIP02","5/5/2020","20200505WHIP02",2020,5,"1/0/1900",25.07201,-80.76427,1.8,180,0.98,0.12,0.15,33.57,33.34,NA,27.28,105.4,6.67,60.19,40.3,8.39,27.29,102.8,6.5,60.39,40.44,8.38,"ZWF","ZWF","TAP","","",0.135,33.455,346,"20200505WHIP02",4,"1/0/1900",NA,NA,NA,NA,0.03,0.03,0.9,0.91,45.95,47.86,0.34,0.35,0,NA,521.417,514.833,19.11,18.9,NA,NA,"LMH","TAP",""
"989","WHIP02","5/7/2018","20180507WHIP02",2018,5,"1/0/1900",25.07146,-80.7644,1.6,160,1.94,0.55,0.69,31.23,30.57,0.3872,28.147,111.9,7.03,58.87,39.27,8.43,28.065,115,7.22,58.915,39.3,8.45,"ZWF","ZWF","ZWF","","",0.62,30.9,171,"20180507WHIP02",4,"1/0/1900",0.13,0.12,NA,NA,0.06,0.06,1.31,1.25,46.52,48.03,0.48,0.47,0.02,0.03,635.83,638.25,4.76,4.79,NA,NA,"TAP","ZWF",""
"990","WHIP02","6/4/2019","20190604WHIP02",2019,6,"1/0/1900",25.07183,-80.76422,1.9,190,1.62,0.51,0.48,35.42,36.06,NA,32.25,75.1,4.28,66.63,45.04,8.18,32.27,76.1,4.34,66.66,45.06,8.19,"ZWF","ZWF","ZWF","","",0.495,35.74,211,"20190604WHIP02",4,"1/0/1900",0.05,0.04,NA,NA,0.03,0.04,2.11,2.09,77.14,80,0.35,0.34,0,0,595,580,NA,NA,NA,NA,"ZWF","ZWF",""
"991","WHIP02","7/13/2023","20230713WHIP02",2023,7,"1/0/1900",25.07143,-80.76423,2,200,1.39,0.4,0.36,34.89,34.44,NA,33.53,82.2,4.75,57.67,38.15,8.15,33.56,84.3,4.91,57.71,38.18,8.17,"ZWF","LAB","ZWF","","",0.38,34.665,767,"20230713WHIP02",31,"",0.049,0.048,NA,NA,0.043,0.041,3.499,3.513,41.7,35.9,0.369,0.379,NA,NA,530,529.8,151.94,154.3,NA,NA,"LAB","ZWF",""
"992","WHIP02","7/14/2020","20200714WHIP02",2020,7,"1/0/1900",25.07185,-80.76435,1.8,180,2.63,1.74,2.06,41.08,40.87,NA,30.52,92.7,5.6,59.31,39.51,8.03,30.68,89.1,5.35,59.92,39.96,8.04,"ZWF","JLS","LMH","","",1.9,40.975,373,"20200714WHIP02",4,"1/0/1900",0.01,NA,NA,NA,0.036,0.036,1.849,1.892,55.238,55,0.411,0.416,NA,NA,568.3,562.7,73.69,75.28,NA,NA,"ZWF","LMH",""
"993","WHIP02","7/15/2022","20220715WHIP02",2022,7,"1/0/1900",25.07129,-80.76443,1.9,56,7.47,22,22.41,42.21,43.26,NA,31.22,96.2,5.77,58.38,38.78,8.25,31.22,96.3,5.77,58.39,38.79,8.25,"ZWF","ZWF","ZWF","","",22.205,42.735,704,"20220715WHIP02",20,"",NA,NA,NA,NA,0.019,0.004,0.153,0.142,47.299,59.132,1.164,1.134,NA,NA,1630,1627.5,246.26,240.54,NA,NA,"ZWF","ZWF",""
"994","WHIP02","7/22/2021","20210722WHIP02",2021,7,"1/0/1900",25.07215,-80.76423,2.1,210,1.46,0.74,0.72,33.45,33.75,NA,31.48,85.9,5.11,59.09,39.31,8.15,31.47,86.3,5.14,59.09,39.31,8.16,"ZWF","ZWF","ZWF","","",0.73,33.6,530,"20210722WHIP02",4,"1/0/1900",0.005,0.023,NA,NA,0.024,0.02,2.338,2.326,69.05,70,0.383,0.415,0.004,0.004,810.33,815.58,28.7,28.72,NA,NA,"ZWF","ZWF",""
"995","WHIP02","7/7/2018","20180707WHIP02",2018,7,"1/0/1900",25.07163,-80.76481,1.8,180,2.02,0.86,0.78,35.2,29.79,0.42,30.47,84.2,5.25,51.09,33.38,8.24,30.46,83.8,5.24,51.12,30.4,8.25,"ZWF","ZWF","ZWF","0.64,0.69 SFWMD chlA ug/L","",0.82,32.495,141,"20180707WHIP02",4,"1/0/1900",1,0.3,NA,NA,0.04,0.04,2.03,2.08,43.88,44.76,0.4,0.44,NA,NA,549.08,539.5,17.01,16.63,0.47,0.55,"TAP","ZWF",""
"996","WHIP02","8/16/2017","20170816WHIP02",2017,8,"1/0/1900",25.07159,-80.7645,1.67,167,2.95,0.46,1.19,100.79,109.73,0.752,33.12,72.5,4.07,66.94,45.24,8.23,33.08,77.1,4.34,66.96,45.26,8.26,"ZWF","VMA","AJP","","",0.825,105.26,14,"20170816WHIP02",4,"1/0/1900",0.83,0.25,NA,NA,0.24,0.22,2.2,1.87,81.26,81.77,0.39,0.37,NA,NA,978.33,982.5,59.03,58.89,NA,NA,"VMA","ZWF",""
"997","WHIP02","8/19/2019","20190819WHIP02",2019,8,"1/0/1900",25.07192,-80.76449,1.8,180,1.22,0.68,0.78,36.16,35.52,NA,30.77,81.6,5.01,54.17,35.65,NA,30.79,82.2,5.04,54.17,35.65,NA,"ZWF","ZWF","LMH","","",0.73,35.84,238,"20190819WHIP02",4,"1/0/1900",0.01,NA,NA,NA,0.05,0.05,3.5,3.46,38.57,36.43,0.38,0.38,NA,0,398.083,395.667,58.31,57.28,NA,NA,"LMH","",""
"998","WHIP02","9/13/2024","20240913WHIP02",2024,9,"1/0/1900",25.07146,-80.76462,2.3,68,4.38,15.37,14.92,34.36,33.83,NA,32.47,76.7,4.59,53.98,35.44,8.02,31.4,83.3,5.08,54.19,35.64,8.1,"ZWF","ZWF","ZWF","","",15.145,34.095,1012,"20240913WHIP02",14,"",0.019,0.01,NA,NA,0.027,0.022,0.29,0.193,113.6,113.1,0.646,0.613,NA,NA,1180,1184,152.94,158.25,NA,NA,"ZWF","ZWF",""
"999","WHIP02","9/15/2020","20200915WHIP02",2020,9,"1/0/1900",25.07128,-80.76449,1.9,190,3.08,2.23,2.49,33.54,33.18,NA,28.27,91.2,5.7,59.31,39.6,8.03,28.23,90.4,5.65,59.37,39.64,8.02,"ZWF","LMH","JLS","","",2.36,33.36,399,"20200915WHIP02",4,"1/0/1900",NA,NA,NA,NA,0.032,0.032,2.958,3.05,79.286,85.952,0.432,0.478,NA,0.002,926.67,938.33,85.76,83.17,NA,NA,"LMH","ZWF",""
"1000","WHIP02","9/15/2022","20220915WHIP02",2022,9,"1/0/1900",25.07173,-80.76396,2.2,180,2.17,3.12,2.89,46.08,45.56,NA,30.93,76.8,4.52,63.44,42.64,7.97,30.93,76.8,4.53,63.48,42.67,7.97,"ZWF","ZWF","ZWF","","",3.005,45.82,730,"20220915WHIP02",20,"",0.072,0.077,NA,NA,0.041,0.034,2.317,2.133,46.625,46.262,0.451,0.438,0.001,0.002,773.167,778.083,94.55,97.07,NA,NA,"ZWF","ZWF",""
"1001","WHIP02","9/2/2023","20230902WHIP02",2023,9,"1/0/1900",25.07145,-80.76451,2.1,210,2.4,1.77,1.57,38.27,37.99,NA,31.34,99.4,5.97,57.22,37.91,8.17,31.35,99.4,5.97,57.24,37.92,8.17,"ZWF","LAB","ZWF","","",1.67,38.13,810,"20230902WHIP02",31,"",NA,0.017,NA,NA,0.062,0.063,2.579,2.583,47.6,46.3,0.435,0.425,0.003,0.008,627.8,625.2,111.81,109.17,NA,NA,"LAB","ZWF",""
"1002","WHIP02","9/25/2019","20190925WHIP02",2019,9,"1/0/1900",25.07138,-80.76464,1.8,136,4.56,2.4,2.3,29.02,28.76,NA,26.54,81.6,5.24,59.34,39.67,8.13,26.85,76.1,4.84,60.35,40.42,8.16,"ZWF","LMH","TAP","","",2.35,28.89,281,"20190925WHIP02",4,"1/0/1900",0.02,0.04,NA,NA,0.02,0.02,1.19,1.14,83.81,81.19,0.43,0.44,NA,NA,843.333,857.5,8.97,8.98,NA,NA,"LMH","LMH",""
"1003","WHIP02","9/27/2017","20170927WHIP02",2017,9,"1/0/1900",25.07159,-80.7645,1.98,173,3.49,3.01,2.74,89.16,75.17,NA,29.98,65.7,4.09,53.95,35.51,8,29.99,64.1,3.99,53.95,35.52,8,"ZWF","VMA","ZWF","","P9270100.JPG",2.875,82.165,42,"20170927WHIP02",4,"1/0/1900",0.28,0.14,NA,NA,NA,NA,2.3,2.33,53.79,49.33,0.51,0.5,NA,NA,583.58,578.5,9.74,9.29,NA,NA,"VMA","ZWF",""
"1004","WHIP02","9/7/2021","20210907WHIP02",2021,9,"1/0/1900",25.07199,-80.76434,2.1,172,9.02,0.31,0.37,41.89,41.64,NA,32.07,68.2,4.07,56.06,37.01,7.98,32.05,68.4,4.09,56.13,37.06,7.99,"ZWF","ZWF","ZWF","","",0.34,41.765,556,"20210907WHIP02",4,"1/0/1900",0.018,0.021,NA,NA,0.033,0.036,7.475,7.573,67.86,66.9,0.48,0.437,0.007,0.012,910,890.8,54.01,53.23,NA,NA,"ZWF","ZWF",""
"1005","WHIP03","1/19/2024","20240119WHIP03",2024,1,"1/0/1900",25.0491,-80.76826,1.7,120,3.21,6.77,6.63,34.43,34.56,NA,25.389,113.8,8.21,36.117,22.78,8.22,25.352,113.8,8.22,36.123,22.79,8.22,"LAB","LAB","ZWF","","",6.7,34.495,903,"20240119WHIP03",39,"",0.152,0.14,NA,NA,0.087,0.083,2.557,2.739,61.2,62.1,0.524,0.556,0.009,0.019,870.8,902.5,20.488,20.588,NA,NA,"LAB","ZWF",""
"1006","WHIP03","11/9/2023","20231109WHIP03",2023,11,"1/0/1900",25.04884,-80.76828,2.3,230,2.22,0.73,0.71,19.58,19.71,NA,25.48,106.5,7.11,54.81,36.29,8.27,25.26,107.8,7.21,35.34,36.69,8.28,"ZWF","LAB","ZWF","","",0.72,19.645,864,"20231109WHIP03",43,"",0.124,0.118,NA,NA,0.046,0.046,2.772,2.696,58,57.6,0.25,0.288,0.016,0.019,751.1,760.3,11.382,11.357,NA,NA,"LAB","ZWF",""
"1007","WHIP03","3/15/2024","20240315WHIP03",2024,3,"1/0/1900",25.04909,-80.76861,1.9,190,0.68,1.12,1.17,36.74,36.94,NA,25.47,99.9,6.85,48.02,31.28,8.43,25.47,99.9,6.85,48.04,31.29,8.44,"ZWF","LAB","ZWF","","",1.145,36.84,937,"20240315WHIP03",30,"",0.034,0.027,NA,NA,0.035,0.029,0.824,0.795,49.5,50,0.635,0.663,0.024,0.024,706.2,706.3,19.385,19.74,NA,NA,"LAB","ZWF",""
"1008","WHIP03","5/13/2024","20240513WHIP03",2024,5,"1/0/1900",25.04951,-80.76885,2.1,210,1.29,0.4,0.34,20.4,20.6,NA,30.77,105.5,6.53,52.29,34.26,8.4,30.78,106.1,6.56,52.29,34.26,8.4,"ZWF","LAB","ZWF","","",0.37,20.5,959,"20240513WHIP03",9,"",NA,NA,NA,NA,NA,NA,NA,NA,45.7,51.4,0.294,0.294,NA,NA,519.8,519.3,69.62,68.91,NA,NA,"ZWF","ZWF","Filtered samples perished in broken freezer"
"1009","WHIP03","7/13/2023","20230713WHIP03",2023,7,"1/0/1900",25.04903,-80.76852,2.1,210,1.08,0.48,0.45,33.59,33.8,NA,33.27,63.5,3.7,57.53,38.06,8.13,33.24,64.9,3.8,57.69,38.18,8.14,"ZWF","LAB","ZWF","","",0.465,33.695,768,"20230713WHIP03",32,"",0.04,0.021,NA,NA,0.038,0.034,3.729,3.58,36.5,31.2,0.334,0.326,NA,NA,542.2,541.5,121.12,119.88,NA,NA,"LAB","ZWF",""
"1010","WHIP03","9/2/2023","20230902WHIP03",2023,9,"1/0/1900",25.04911,-80.76834,2.2,220,2.02,1.14,1.16,36,35.71,NA,31.4,94,5.62,58.36,38.76,8.09,31.46,94,5.62,58.39,38.79,8.09,"ZWF","LAB","ZWF","","",1.15,35.855,811,"20230902WHIP03",32,"",NA,NA,NA,NA,0.056,0.055,2.631,2.642,47.9,48.6,0.421,0.41,0.003,0.007,648.6,627.7,64.29,64.22,NA,NA,"LAB","ZWF",""
