TIMESERIESID,STATION,SOURCE_TIMESERIES,PARAMETER,TIMESTAMP,VALUE,CODE,REVISION_DATE,QUALITY_CODE
H6059,NP-CHP, ,STG29,1/1/2016,1.803, ,2/12/2016 7:45,A
H6059,NP-CHP, ,STG29,1/2/2016,1.793, ,2/12/2016 7:45,A
H6059,NP-CHP, ,STG29,1/3/2016,1.782, ,2/12/2016 7:45,A
H6059,NP-CHP, ,STG29,1/4/2016,1.773, ,2/12/2016 7:45,A
H6059,NP-CHP, ,STG29,1/5/2016,1.756, ,2/12/2016 7:45,A
H6059,NP-CHP, ,STG29,1/6/2016,1.75, ,2/12/2016 7:45,A
H6059,NP-CHP, ,STG29,1/7/2016,1.745, ,2/12/2016 7:45,A
H6059,NP-CHP, ,STG29,1/8/2016,1.734, ,2/12/2016 7:45,A
H6059,NP-CHP, ,STG29,1/9/2016,1.725, ,2/12/2016 7:45,A
H6059,NP-CHP, ,STG29,1/10/2016,1.717, ,3/12/2016 7:45,A
H6059,NP-CHP, ,STG29,1/11/2016,1.711, ,3/12/2016 7:45,A
H6059,NP-CHP, ,STG29,1/12/2016,1.709, ,3/12/2016 7:45,A
H6059,NP-CHP, ,STG29,1/13/2016,1.704, ,3/12/2016 7:45,A
H6059,NP-CHP, ,STG29,1/14/2016,1.695, ,3/12/2016 7:45,A
H6059,NP-CHP, ,STG29,1/15/2016,1.726, ,3/12/2016 7:45,A
H6059,NP-CHP, ,STG29,1/16/2016,1.777, ,3/12/2016 7:45,A
H6059,NP-CHP, ,STG29,1/17/2016,1.785, ,3/12/2016 7:45,A
H6059,NP-CHP, ,STG29,1/18/2016,1.784, ,3/12/2016 7:45,A
H6059,NP-CHP, ,STG29,1/19/2016,1.776, ,3/12/2016 7:45,A
H6059,NP-CHP, ,STG29,1/20/2016,1.767, ,3/12/2016 7:45,A
H6059,NP-CHP, ,STG29,1/21/2016,1.758, ,3/12/2016 7:45,A
H6059,NP-CHP, ,STG29,1/22/2016,1.793, ,3/12/2016 7:45,A
H6059,NP-CHP, ,STG29,1/23/2016,1.84, ,3/12/2016 7:45,A
H6059,NP-CHP, ,STG29,1/24/2016,1.832, ,3/12/2016 7:45,A
H6059,NP-CHP, ,STG29,1/25/2016,1.827, ,3/12/2016 7:45,A
H6059,NP-CHP, ,STG29,1/26/2016,1.818, ,3/12/2016 7:45,A
H6059,NP-CHP, ,STG29,1/27/2016,1.823, ,3/12/2016 7:45,A
H6059,NP-CHP, ,STG29,1/28/2016,1.875, ,3/12/2016 7:45,A
H6059,NP-CHP, ,STG29,1/29/2016,1.897, ,3/12/2016 7:45,A
H6059,NP-CHP, ,STG29,1/30/2016,1.894, ,3/12/2016 7:45,A
H6059,NP-CHP, ,STG29,1/31/2016,1.89, ,3/12/2016 7:45,A
H6059,NP-CHP, ,STG29,2/1/2016,1.921, ,3/12/2016 7:45,A
H6059,NP-CHP, ,STG29,2/2/2016,1.935, ,3/12/2016 7:45,A
H6059,NP-CHP, ,STG29,2/3/2016,1.924, ,3/12/2016 7:45,A
H6059,NP-CHP, ,STG29,2/4/2016,1.913, ,3/12/2016 7:45,A
H6059,NP-CHP, ,STG29,2/5/2016,1.921, ,3/12/2016 7:45,A
H6059,NP-CHP, ,STG29,2/6/2016,1.915, ,3/12/2016 7:45,A
H6059,NP-CHP, ,STG29,2/7/2016,1.926, ,3/12/2016 7:45,A
H6059,NP-CHP, ,STG29,2/8/2016,1.91, ,3/12/2016 7:45,A
H6059,NP-CHP, ,STG29,2/9/2016,1.895, ,4/16/2016 7:45,A
H6059,NP-CHP, ,STG29,2/10/2016,1.883, ,4/16/2016 7:45,A
H6059,NP-CHP, ,STG29,2/11/2016,1.87, ,4/16/2016 7:45,A
H6059,NP-CHP, ,STG29,2/12/2016,1.857, ,4/16/2016 7:45,A
H6059,NP-CHP, ,STG29,2/13/2016,1.846, ,4/16/2016 7:45,A
H6059,NP-CHP, ,STG29,2/14/2016,1.833, ,4/16/2016 7:45,A
H6059,NP-CHP, ,STG29,2/15/2016,1.817, ,4/16/2016 7:45,A
H6059,NP-CHP, ,STG29,2/16/2016,1.823, ,4/16/2016 7:45,A
H6059,NP-CHP, ,STG29,2/17/2016,1.82, ,4/16/2016 7:45,A
H6059,NP-CHP, ,STG29,2/18/2016,1.801, ,4/16/2016 7:45,A
H6059,NP-CHP, ,STG29,2/19/2016,1.786, ,4/16/2016 7:45,A
H6059,NP-CHP, ,STG29,2/20/2016,1.772, ,4/16/2016 7:45,A
H6059,NP-CHP, ,STG29,2/21/2016,1.76, ,4/16/2016 7:45,A
H6059,NP-CHP, ,STG29,2/22/2016,1.746, ,4/16/2016 7:45,A
H6059,NP-CHP, ,STG29,2/23/2016,1.735, ,4/16/2016 7:45,A
H6059,NP-CHP, ,STG29,2/24/2016,1.727, ,4/16/2016 7:45,A
H6059,NP-CHP, ,STG29,2/25/2016,1.716, ,4/16/2016 7:45,A
H6059,NP-CHP, ,STG29,2/26/2016,1.701, ,4/16/2016 7:45,A
H6059,NP-CHP, ,STG29,2/27/2016,1.678, ,4/16/2016 7:45,A
H6059,NP-CHP, ,STG29,2/28/2016,1.663, ,4/16/2016 7:45,A
H6059,NP-CHP, ,STG29,2/29/2016,1.648, ,4/16/2016 7:45,A
H6059,NP-CHP, ,STG29,3/1/2016,1.632, ,4/16/2016 7:45,A
H6059,NP-CHP, ,STG29,3/2/2016,1.617, ,4/16/2016 7:45,A
H6059,NP-CHP, ,STG29,3/3/2016,1.603, ,4/16/2016 7:45,A
H6059,NP-CHP, ,STG29,3/4/2016,1.59, ,4/16/2016 7:45,A
H6059,NP-CHP, ,STG29,3/5/2016,1.576, ,4/16/2016 7:45,A
H6059,NP-CHP, ,STG29,3/6/2016,1.562, ,4/16/2016 7:45,A
H6059,NP-CHP, ,STG29,3/7/2016,1.543, ,4/16/2016 7:45,A
H6059,NP-CHP, ,STG29,3/8/2016,1.526, ,4/16/2016 7:45,A
H6059,NP-CHP, ,STG29,3/9/2016,1.51, ,4/16/2016 7:45,A
H6059,NP-CHP, ,STG29,3/10/2016,1.494, ,4/16/2016 7:45,A
H6059,NP-CHP, ,STG29,3/11/2016,1.483, ,4/16/2016 7:45,A
H6059,NP-CHP, ,STG29,3/12/2016,1.471, ,4/16/2016 7:45,A
H6059,NP-CHP, ,STG29,3/13/2016,1.46, ,4/16/2016 7:45,A
H6059,NP-CHP, ,STG29,3/14/2016,1.449, ,4/16/2016 7:45,A
H6059,NP-CHP, ,STG29,3/15/2016,1.436, ,5/10/2016 7:45,A
H6059,NP-CHP, ,STG29,3/16/2016,1.422, ,5/10/2016 7:45,A
H6059,NP-CHP, ,STG29,3/17/2016,1.409, ,5/10/2016 7:45,A
H6059,NP-CHP, ,STG29,3/18/2016,1.396, ,5/10/2016 7:45,A
H6059,NP-CHP, ,STG29,3/19/2016,1.381, ,5/10/2016 7:45,A
H6059,NP-CHP, ,STG29,3/20/2016,1.437, ,5/10/2016 7:45,A
H6059,NP-CHP, ,STG29,3/21/2016,1.434, ,5/10/2016 7:45,A
H6059,NP-CHP, ,STG29,3/22/2016,1.412, ,5/10/2016 7:45,A
H6059,NP-CHP, ,STG29,3/23/2016,1.395, ,5/10/2016 7:45,A
H6059,NP-CHP, ,STG29,3/24/2016,1.38, ,5/10/2016 7:45,A
H6059,NP-CHP, ,STG29,3/25/2016,1.4, ,5/10/2016 7:45,A
H6059,NP-CHP, ,STG29,3/26/2016,1.4, ,5/10/2016 7:45,A
H6059,NP-CHP, ,STG29,3/27/2016,1.39, ,5/10/2016 7:45,A
H6059,NP-CHP, ,STG29,3/28/2016,1.382, ,5/10/2016 7:45,A
H6059,NP-CHP, ,STG29,3/29/2016,1.37, ,5/10/2016 7:45,A
H6059,NP-CHP, ,STG29,3/30/2016,1.356, ,5/10/2016 7:45,A
H6059,NP-CHP, ,STG29,3/31/2016,1.341, ,5/10/2016 7:45,A
H6059,NP-CHP, ,STG29,4/1/2016,1.324, ,5/10/2016 7:45,A
H6059,NP-CHP, ,STG29,4/2/2016,1.309, ,5/10/2016 7:45,A
H6059,NP-CHP, ,STG29,4/3/2016,1.296, ,5/10/2016 7:45,A
H6059,NP-CHP, ,STG29,4/4/2016,1.294, ,5/10/2016 7:45,A
H6059,NP-CHP, ,STG29,4/5/2016,1.298, ,5/10/2016 7:45,A
H6059,NP-CHP, ,STG29,4/6/2016,1.294, ,5/10/2016 7:45,A
H6059,NP-CHP, ,STG29,4/7/2016,1.289, ,5/10/2016 7:45,A
H6059,NP-CHP, ,STG29,4/8/2016,1.276, ,5/10/2016 7:45,A
H6059,NP-CHP, ,STG29,4/9/2016,1.263, ,5/10/2016 7:45,A
H6059,NP-CHP, ,STG29,4/10/2016,1.249, ,5/10/2016 7:45,A
H6059,NP-CHP, ,STG29,4/11/2016,1.235, ,5/10/2016 7:45,A
H6059,NP-CHP, ,STG29,4/12/2016,1.222, ,5/10/2016 7:45,A
H6059,NP-CHP, ,STG29,4/13/2016,1.209, ,5/10/2016 7:45,A
H6059,NP-CHP, ,STG29,4/14/2016,1.195, ,5/10/2016 7:45,A
H6059,NP-CHP, ,STG29,4/15/2016,1.195, ,5/10/2016 7:45,A
H6059,NP-CHP, ,STG29,4/16/2016,1.711, ,5/10/2016 7:45,A
H6059,NP-CHP, ,STG29,4/17/2016,1.659, ,5/10/2016 7:45,A
H6059,NP-CHP, ,STG29,4/18/2016,1.609, ,5/10/2016 7:45,A
H6059,NP-CHP, ,STG29,4/19/2016,1.571, ,7/29/2016 7:45,A
H6059,NP-CHP, ,STG29,4/20/2016,1.541, ,7/29/2016 7:45,A
H6059,NP-CHP, ,STG29,4/21/2016,1.515, ,7/29/2016 7:45,A
H6059,NP-CHP, ,STG29,4/22/2016,1.494, ,7/29/2016 7:45,A
H6059,NP-CHP, ,STG29,4/23/2016,1.479, ,7/29/2016 7:45,A
H6059,NP-CHP, ,STG29,4/24/2016,1.461, ,7/29/2016 7:45,A
H6059,NP-CHP, ,STG29,4/25/2016,1.445, ,7/29/2016 7:45,A
H6059,NP-CHP, ,STG29,4/26/2016,1.426, ,7/29/2016 7:45,A
H6059,NP-CHP, ,STG29,4/27/2016,1.406, ,7/29/2016 7:45,A
H6059,NP-CHP, ,STG29,4/28/2016,1.387, ,7/29/2016 7:45,A
H6059,NP-CHP, ,STG29,4/29/2016,1.368, ,7/29/2016 7:45,A
H6059,NP-CHP, ,STG29,4/30/2016,1.348, ,7/29/2016 7:45,A
H6059,NP-CHP, ,STG29,5/1/2016,1.329, ,7/29/2016 7:45,A
H6059,NP-CHP, ,STG29,5/2/2016,1.33, ,7/29/2016 7:45,A
H6059,NP-CHP, ,STG29,5/3/2016,1.33, ,7/29/2016 7:45,A
H6059,NP-CHP, ,STG29,5/4/2016,1.328, ,7/29/2016 7:45,A
H6059,NP-CHP, ,STG29,5/5/2016,1.33, ,7/29/2016 7:45,A
H6059,NP-CHP, ,STG29,5/6/2016,1.318, ,7/29/2016 7:45,A
H6059,NP-CHP, ,STG29,5/7/2016,1.313, ,7/29/2016 7:45,A
H6059,NP-CHP, ,STG29,5/8/2016,1.306, ,7/29/2016 7:45,A
H6059,NP-CHP, ,STG29,5/9/2016,1.298, ,7/29/2016 7:45,A
H6059,NP-CHP, ,STG29,5/10/2016,1.292, ,7/29/2016 7:45,A
H6059,NP-CHP, ,STG29,5/11/2016,1.283, ,7/29/2016 7:45,A
H6059,NP-CHP, ,STG29,5/12/2016,1.273, ,7/29/2016 7:45,A
H6059,NP-CHP, ,STG29,5/13/2016,1.266, ,7/29/2016 7:45,A
H6059,NP-CHP, ,STG29,5/14/2016,1.255, ,7/29/2016 7:45,A
H6059,NP-CHP, ,STG29,5/15/2016,1.243, ,7/29/2016 7:45,A
H6059,NP-CHP, ,STG29,5/16/2016,1.223, ,7/29/2016 7:45,A
H6059,NP-CHP, ,STG29,5/17/2016,1.204, ,7/29/2016 7:45,A
H6059,NP-CHP, ,STG29,5/18/2016,1.234, ,7/29/2016 7:45,A
H6059,NP-CHP, ,STG29,5/19/2016,1.329, ,7/29/2016 7:45,A
H6059,NP-CHP, ,STG29,5/20/2016,1.316, ,7/29/2016 7:45,A
H6059,NP-CHP, ,STG29,5/21/2016,1.292, ,7/29/2016 7:45,A
H6059,NP-CHP, ,STG29,5/22/2016,1.276, ,7/29/2016 7:45,A
H6059,NP-CHP, ,STG29,5/23/2016,1.27, ,7/29/2016 7:45,A
H6059,NP-CHP, ,STG29,5/24/2016,1.351, ,7/29/2016 7:45,A
H6059,NP-CHP, ,STG29,5/25/2016,1.443, ,7/29/2016 7:45,A
H6059,NP-CHP, ,STG29,5/26/2016,1.423, ,7/29/2016 7:45,A
H6059,NP-CHP, ,STG29,5/27/2016,1.411, ,7/29/2016 7:45,A
H6059,NP-CHP, ,STG29,5/28/2016,1.4, ,7/29/2016 7:45,A
H6059,NP-CHP, ,STG29,5/29/2016,1.427, ,7/29/2016 7:45,A
H6059,NP-CHP, ,STG29,5/30/2016,1.485, ,7/29/2016 7:45,A
H6059,NP-CHP, ,STG29,5/31/2016,1.508, ,7/29/2016 7:45,A
H6059,NP-CHP, ,STG29,6/1/2016,1.514, ,7/29/2016 7:45,A
H6059,NP-CHP, ,STG29,6/2/2016,1.511, ,7/29/2016 7:45,A
H6059,NP-CHP, ,STG29,6/3/2016,1.51, ,7/29/2016 7:45,A
H6059,NP-CHP, ,STG29,6/4/2016,1.496, ,7/29/2016 7:45,A
H6059,NP-CHP, ,STG29,6/5/2016,1.483, ,7/29/2016 7:45,A
H6059,NP-CHP, ,STG29,6/6/2016,1.474, ,7/29/2016 7:45,A
H6059,NP-CHP, ,STG29,6/7/2016,1.468, ,7/29/2016 7:45,A
H6059,NP-CHP, ,STG29,6/8/2016,1.477, ,7/29/2016 7:45,A
H6059,NP-CHP, ,STG29,6/9/2016,1.486, ,7/29/2016 7:45,A
H6059,NP-CHP, ,STG29,6/10/2016,1.573, ,7/29/2016 7:45,A
H6059,NP-CHP, ,STG29,6/11/2016,1.668, ,7/29/2016 7:45,A
H6059,NP-CHP, ,STG29,6/12/2016,1.659, ,7/29/2016 7:45,A
H6059,NP-CHP, ,STG29,6/13/2016,1.653, ,7/29/2016 7:45,A
H6059,NP-CHP, ,STG29,6/14/2016,1.638, ,7/29/2016 7:45,A
H6059,NP-CHP, ,STG29,6/15/2016,1.622, ,7/29/2016 7:45,A
H6059,NP-CHP, ,STG29,6/16/2016,1.614, ,9/28/2016 7:45,A
H6059,NP-CHP, ,STG29,6/17/2016,1.605, ,9/28/2016 7:45,A
H6059,NP-CHP, ,STG29,6/18/2016,1.596, ,9/28/2016 7:45,A
H6059,NP-CHP, ,STG29,6/19/2016,1.588, ,9/28/2016 7:45,A
H6059,NP-CHP, ,STG29,6/20/2016,1.587, ,9/28/2016 7:45,A
H6059,NP-CHP, ,STG29,6/21/2016,1.603, ,9/28/2016 7:45,A
H6059,NP-CHP, ,STG29,6/22/2016,1.602, ,9/28/2016 7:45,A
H6059,NP-CHP, ,STG29,6/23/2016,1.592, ,9/28/2016 7:45,A
H6059,NP-CHP, ,STG29,6/24/2016,1.583, ,9/28/2016 7:45,A
H6059,NP-CHP, ,STG29,6/25/2016,1.579, ,9/28/2016 7:45,A
H6059,NP-CHP, ,STG29,6/26/2016,1.571, ,9/28/2016 7:45,A
H6059,NP-CHP, ,STG29,6/27/2016,1.649, ,9/28/2016 7:45,A
H6059,NP-CHP, ,STG29,6/28/2016,1.748, ,9/28/2016 7:45,A
H6059,NP-CHP, ,STG29,6/29/2016,1.765, ,9/28/2016 7:45,A
H6059,NP-CHP, ,STG29,6/30/2016,1.761, ,9/28/2016 7:45,A
H6059,NP-CHP, ,STG29,7/1/2016,1.761, ,9/28/2016 7:45,A
H6059,NP-CHP, ,STG29,7/2/2016,1.77, ,9/28/2016 7:45,A
H6059,NP-CHP, ,STG29,7/3/2016,1.774, ,9/28/2016 7:45,A
H6059,NP-CHP, ,STG29,7/4/2016,1.773, ,9/28/2016 7:45,A
H6059,NP-CHP, ,STG29,7/5/2016,1.76, ,9/28/2016 7:45,A
H6059,NP-CHP, ,STG29,7/6/2016,1.74, ,9/28/2016 7:45,A
H6059,NP-CHP, ,STG29,7/7/2016,1.72, ,9/28/2016 7:45,A
H6059,NP-CHP, ,STG29,7/8/2016,1.7, ,9/28/2016 7:45,A
H6059,NP-CHP, ,STG29,7/9/2016,1.68, ,9/28/2016 7:45,A
H6059,NP-CHP, ,STG29,7/10/2016,1.657, ,9/28/2016 7:45,A
H6059,NP-CHP, ,STG29,7/11/2016,1.631, ,9/28/2016 7:45,A
H6059,NP-CHP, ,STG29,7/12/2016,1.615, ,9/28/2016 7:45,A
H6059,NP-CHP, ,STG29,7/13/2016,1.597, ,9/28/2016 7:45,A
H6059,NP-CHP, ,STG29,7/14/2016,1.625, ,9/28/2016 7:45,A
H6059,NP-CHP, ,STG29,7/15/2016,1.619, ,9/28/2016 7:45,A
H6059,NP-CHP, ,STG29,7/16/2016,1.615, ,9/28/2016 7:45,A
H6059,NP-CHP, ,STG29,7/17/2016,1.601, ,9/28/2016 7:45,A
H6059,NP-CHP, ,STG29,7/18/2016,1.602, ,9/28/2016 7:45,A
H6059,NP-CHP, ,STG29,7/19/2016,1.589, ,9/28/2016 7:45,A
H6059,NP-CHP, ,STG29,7/20/2016,1.59, ,10/25/2016 7:45,A
H6059,NP-CHP, ,STG29,7/21/2016,1.586, ,10/25/2016 7:45,A
H6059,NP-CHP, ,STG29,7/22/2016,1.587, ,10/25/2016 7:45,A
H6059,NP-CHP, ,STG29,7/23/2016,1.575, ,10/25/2016 7:45,A
H6059,NP-CHP, ,STG29,7/24/2016,1.565, ,10/25/2016 7:45,A
H6059,NP-CHP, ,STG29,7/25/2016,1.55, ,10/25/2016 7:45,A
H6059,NP-CHP, ,STG29,7/26/2016,1.533, ,10/25/2016 7:45,A
H6059,NP-CHP, ,STG29,7/27/2016,1.524, ,10/25/2016 7:45,A
H6059,NP-CHP, ,STG29,7/28/2016,1.523, ,10/25/2016 7:45,A
H6059,NP-CHP, ,STG29,7/29/2016,1.516, ,10/25/2016 7:45,A
H6059,NP-CHP, ,STG29,7/30/2016,1.517, ,10/25/2016 7:45,A
H6059,NP-CHP, ,STG29,7/31/2016,1.532, ,10/25/2016 7:45,A
H6059,NP-CHP, ,STG29,8/1/2016,1.523, ,10/25/2016 7:45,A
H6059,NP-CHP, ,STG29,8/2/2016,1.513, ,10/25/2016 7:45,A
H6059,NP-CHP, ,STG29,8/3/2016,1.569, ,10/25/2016 7:45,A
H6059,NP-CHP, ,STG29,8/4/2016,1.567, ,10/25/2016 7:45,A
H6059,NP-CHP, ,STG29,8/5/2016,1.555, ,10/25/2016 7:45,A
H6059,NP-CHP, ,STG29,8/6/2016,1.543, ,10/25/2016 7:45,A
H6059,NP-CHP, ,STG29,8/7/2016,1.535, ,10/25/2016 7:45,A
H6059,NP-CHP, ,STG29,8/8/2016,1.547, ,10/25/2016 7:45,A
H6059,NP-CHP, ,STG29,8/9/2016,1.578, ,10/25/2016 7:45,A
H6059,NP-CHP, ,STG29,8/10/2016,1.594, ,10/25/2016 7:45,A
H6059,NP-CHP, ,STG29,8/11/2016,1.614, ,10/25/2016 7:45,A
H6059,NP-CHP, ,STG29,8/12/2016,1.686, ,10/25/2016 7:45,A
H6059,NP-CHP, ,STG29,8/13/2016,1.707, ,10/25/2016 7:45,A
H6059,NP-CHP, ,STG29,8/14/2016,1.715, ,10/25/2016 7:45,A
H6059,NP-CHP, ,STG29,8/15/2016,1.716, ,10/25/2016 7:45,A
H6059,NP-CHP, ,STG29,8/16/2016,1.715, ,10/25/2016 7:45,A
H6059,NP-CHP, ,STG29,8/17/2016,1.714, ,10/25/2016 7:45,A
H6059,NP-CHP, ,STG29,8/18/2016,1.711, ,11/4/2016 7:45,A
H6059,NP-CHP, ,STG29,8/19/2016,1.699, ,11/4/2016 7:45,A
H6059,NP-CHP, ,STG29,8/20/2016,1.69, ,11/4/2016 7:45,A
H6059,NP-CHP, ,STG29,8/21/2016,1.675, ,11/4/2016 7:45,A
H6059,NP-CHP, ,STG29,8/22/2016,1.662, ,11/4/2016 7:45,A
H6059,NP-CHP, ,STG29,8/23/2016,1.646, ,11/4/2016 7:45,A
H6059,NP-CHP, ,STG29,8/24/2016,1.633, ,11/4/2016 7:45,A
H6059,NP-CHP, ,STG29,8/25/2016,1.66, ,11/4/2016 7:45,A
H6059,NP-CHP, ,STG29,8/26/2016,1.765, ,11/4/2016 7:45,A
H6059,NP-CHP, ,STG29,8/27/2016,1.772, ,11/4/2016 7:45,A
H6059,NP-CHP, ,STG29,8/28/2016,1.778, ,11/4/2016 7:45,A
H6059,NP-CHP, ,STG29,8/29/2016,1.82, ,11/4/2016 7:45,A
H6059,NP-CHP, ,STG29,8/30/2016,2.003, ,11/4/2016 7:45,A
H6059,NP-CHP, ,STG29,8/31/2016,2.044, ,11/4/2016 7:45,A
H6059,NP-CHP, ,STG29,9/1/2016,2.062, ,11/4/2016 7:45,A
H6059,NP-CHP, ,STG29,9/2/2016,2.068, ,11/4/2016 7:45,A
H6059,NP-CHP, ,STG29,9/3/2016,2.064, ,11/4/2016 7:45,A
H6059,NP-CHP, ,STG29,9/4/2016,2.047, ,11/4/2016 7:45,A
H6059,NP-CHP, ,STG29,9/5/2016,2.033, ,11/4/2016 7:45,A
H6059,NP-CHP, ,STG29,9/6/2016,2.066, ,11/4/2016 7:45,A
H6059,NP-CHP, ,STG29,9/7/2016,2.091, ,11/4/2016 7:45,A
H6059,NP-CHP, ,STG29,9/8/2016,2.084, ,11/4/2016 7:45,A
H6059,NP-CHP, ,STG29,9/9/2016,2.051, ,11/4/2016 7:45,A
H6059,NP-CHP, ,STG29,9/10/2016,2.024, ,11/4/2016 7:45,A
H6059,NP-CHP, ,STG29,9/11/2016,2.01, ,11/4/2016 7:45,A
H6059,NP-CHP, ,STG29,9/12/2016,2.006, ,11/4/2016 7:45,A
H6059,NP-CHP, ,STG29,9/13/2016,2.013, ,11/4/2016 7:45,A
H6059,NP-CHP, ,STG29,9/14/2016,2.011, ,11/4/2016 7:45,A
H6059,NP-CHP, ,STG29,9/15/2016,1.998, ,11/4/2016 7:45,A
H6059,NP-CHP, ,STG29,9/16/2016,1.981, ,11/4/2016 7:45,A
H6059,NP-CHP, ,STG29,9/17/2016,1.961, ,11/4/2016 7:45,A
H6059,NP-CHP, ,STG29,9/18/2016,1.94, ,11/4/2016 7:45,A
H6059,NP-CHP, ,STG29,9/19/2016,1.919, ,11/4/2016 7:45,A
H6059,NP-CHP, ,STG29,9/20/2016,1.91, ,11/4/2016 7:45,A
H6059,NP-CHP, ,STG29,9/21/2016,1.914, ,11/4/2016 7:45,A
H6059,NP-CHP, ,STG29,9/22/2016,1.928, ,11/4/2016 7:45,A
H6059,NP-CHP, ,STG29,9/23/2016,1.974, ,11/4/2016 7:45,A
H6059,NP-CHP, ,STG29,9/24/2016,1.984, ,11/4/2016 7:45,A
H6059,NP-CHP, ,STG29,9/25/2016,1.979, ,11/4/2016 7:45,A
H6059,NP-CHP, ,STG29,9/26/2016,1.997, ,12/6/2016 7:45,A
H6059,NP-CHP, ,STG29,9/27/2016,1.997, ,12/6/2016 7:45,A
H6059,NP-CHP, ,STG29,9/28/2016,2.033, ,12/6/2016 7:45,A
H6059,NP-CHP, ,STG29,9/29/2016,2.022, ,12/6/2016 7:45,A
H6059,NP-CHP, ,STG29,9/30/2016,2.01, ,12/6/2016 7:45,A
H6059,NP-CHP, ,STG29,10/1/2016,2.003, ,12/6/2016 7:45,A
H6059,NP-CHP, ,STG29,10/2/2016,1.997, ,12/6/2016 7:45,A
H6059,NP-CHP, ,STG29,10/3/2016,1.988, ,12/6/2016 7:45,A
H6059,NP-CHP, ,STG29,10/4/2016,1.972, ,12/6/2016 7:45,A
H6059,NP-CHP, ,STG29,10/5/2016,1.96, ,12/6/2016 7:45,A
H6059,NP-CHP, ,STG29,10/6/2016,1.959, ,12/6/2016 7:45,A
H6059,NP-CHP, ,STG29,10/7/2016,1.96, ,12/6/2016 7:45,A
H6059,NP-CHP, ,STG29,10/8/2016,1.951, ,12/6/2016 7:45,A
H6059,NP-CHP, ,STG29,10/9/2016,1.939, ,12/6/2016 7:45,A
H6059,NP-CHP, ,STG29,10/10/2016,1.922, ,12/6/2016 7:45,A
H6059,NP-CHP, ,STG29,10/11/2016,1.905, ,12/6/2016 7:45,A
H6059,NP-CHP, ,STG29,10/12/2016,1.891, ,12/6/2016 7:45,A
H6059,NP-CHP, ,STG29,10/13/2016,1.878, ,12/6/2016 7:45,A
H6059,NP-CHP, ,STG29,10/14/2016,1.861, ,12/6/2016 7:45,A
H6059,NP-CHP, ,STG29,10/15/2016,1.85, ,12/6/2016 7:45,A
H6059,NP-CHP, ,STG29,10/16/2016,1.917, ,12/6/2016 7:45,A
H6059,NP-CHP, ,STG29,10/17/2016,1.919, ,12/6/2016 7:45,A
H6059,NP-CHP, ,STG29,10/18/2016,1.904, ,12/6/2016 7:45,A
H6059,NP-CHP, ,STG29,10/19/2016,1.887, ,12/6/2016 7:45,A
H6059,NP-CHP, ,STG29,10/20/2016,1.87, ,12/6/2016 7:45,A
H6059,NP-CHP, ,STG29,10/21/2016,1.853, ,12/6/2016 7:45,A
H6059,NP-CHP, ,STG29,10/22/2016,1.837, ,12/6/2016 7:45,A
H6059,NP-CHP, ,STG29,10/23/2016,1.82, ,1/10/2017 7:45,A
H6059,NP-CHP, ,STG29,10/24/2016,1.803, ,1/10/2017 7:45,A
H6059,NP-CHP, ,STG29,10/25/2016,1.791, ,1/10/2017 7:45,A
H6059,NP-CHP, ,STG29,10/26/2016,1.779, ,1/10/2017 7:45,A
H6059,NP-CHP, ,STG29,10/27/2016,1.882, ,1/10/2017 7:45,A
H6059,NP-CHP, ,STG29,10/28/2016,1.988, ,1/10/2017 7:45,A
H6059,NP-CHP, ,STG29,10/29/2016,1.977, ,1/10/2017 7:45,A
H6059,NP-CHP, ,STG29,10/30/2016,1.975, ,1/10/2017 7:45,A
H6059,NP-CHP, ,STG29,10/31/2016,1.987, ,1/10/2017 7:45,A
H6059,NP-CHP, ,STG29,11/1/2016,1.989, ,1/10/2017 7:45,A
H6059,NP-CHP, ,STG29,11/2/2016,1.971, ,1/10/2017 7:45,A
H6059,NP-CHP, ,STG29,11/3/2016,1.956, ,1/10/2017 7:45,A
H6059,NP-CHP, ,STG29,11/4/2016,1.941, ,1/10/2017 7:45,A
H6059,NP-CHP, ,STG29,11/5/2016,1.926, ,1/10/2017 7:45,A
H6059,NP-CHP, ,STG29,11/6/2016,1.909, ,1/10/2017 7:45,A
H6059,NP-CHP, ,STG29,11/7/2016,1.895, ,1/10/2017 7:45,A
H6059,NP-CHP, ,STG29,11/8/2016,1.881, ,1/10/2017 7:45,A
H6059,NP-CHP, ,STG29,11/9/2016,1.862, ,1/10/2017 7:45,A
H6059,NP-CHP, ,STG29,11/10/2016,1.849, ,1/10/2017 7:45,A
H6059,NP-CHP, ,STG29,11/11/2016,1.835, ,1/10/2017 7:45,A
H6059,NP-CHP, ,STG29,11/12/2016,1.822, ,1/10/2017 7:45,A
H6059,NP-CHP, ,STG29,11/13/2016,1.813, ,2/14/2017 7:46,A
H6059,NP-CHP, ,STG29,11/14/2016,1.814, ,2/14/2017 7:46,A
H6059,NP-CHP, ,STG29,11/15/2016,1.819, ,2/14/2017 7:46,A
H6059,NP-CHP, ,STG29,11/16/2016,1.836, ,2/14/2017 7:46,A
H6059,NP-CHP, ,STG29,11/17/2016,1.833, ,2/14/2017 7:46,A
H6059,NP-CHP, ,STG29,11/18/2016,1.822, ,2/14/2017 7:46,A
H6059,NP-CHP, ,STG29,11/19/2016,1.808, ,2/14/2017 7:46,A
H6059,NP-CHP, ,STG29,11/20/2016,1.795, ,2/14/2017 7:46,A
H6059,NP-CHP, ,STG29,11/21/2016,1.78, ,2/14/2017 7:46,A
H6059,NP-CHP, ,STG29,11/22/2016,1.767, ,2/14/2017 7:46,A
H6059,NP-CHP, ,STG29,11/23/2016,1.754, ,2/14/2017 7:46,A
H6059,NP-CHP, ,STG29,11/24/2016,1.746, ,2/14/2017 7:46,A
H6059,NP-CHP, ,STG29,11/25/2016,1.735, ,2/14/2017 7:46,A
H6059,NP-CHP, ,STG29,11/26/2016,1.726, ,2/14/2017 7:46,A
H6059,NP-CHP, ,STG29,11/27/2016,1.714, ,2/14/2017 7:46,A
H6059,NP-CHP, ,STG29,11/28/2016,1.706, ,2/14/2017 7:46,A
H6059,NP-CHP, ,STG29,11/29/2016,1.694, ,2/14/2017 7:46,A
H6059,NP-CHP, ,STG29,11/30/2016,1.682, ,2/14/2017 7:46,A
H6059,NP-CHP, ,STG29,12/1/2016,1.675, ,2/14/2017 7:46,A
H6059,NP-CHP, ,STG29,12/2/2016,1.709, ,2/14/2017 7:46,A
H6059,NP-CHP, ,STG29,12/3/2016,1.715, ,2/14/2017 7:46,A
H6059,NP-CHP, ,STG29,12/4/2016,1.707, ,2/14/2017 7:46,A
H6059,NP-CHP, ,STG29,12/5/2016,1.696, ,2/14/2017 7:46,A
H6059,NP-CHP, ,STG29,12/6/2016,1.685, ,2/14/2017 7:46,A
H6059,NP-CHP, ,STG29,12/7/2016,1.681, ,2/14/2017 7:46,A
H6059,NP-CHP, ,STG29,12/8/2016,1.685, ,2/14/2017 7:46,A
H6059,NP-CHP, ,STG29,12/9/2016,1.681, ,2/14/2017 7:46,A
H6059,NP-CHP, ,STG29,12/10/2016,1.666, ,2/14/2017 7:46,A
H6059,NP-CHP, ,STG29,12/11/2016,1.692, ,2/14/2017 7:46,A
H6059,NP-CHP, ,STG29,12/12/2016,1.69, ,2/14/2017 7:46,A
H6059,NP-CHP, ,STG29,12/13/2016,1.679, ,2/23/2017 7:45,A
H6059,NP-CHP, ,STG29,12/14/2016,1.668, ,2/23/2017 7:45,A
H6059,NP-CHP, ,STG29,12/15/2016,1.657, ,2/23/2017 7:45,A
H6059,NP-CHP, ,STG29,12/16/2016,1.646, ,2/23/2017 7:45,A
H6059,NP-CHP, ,STG29,12/17/2016,1.633, ,2/23/2017 7:45,A
H6059,NP-CHP, ,STG29,12/18/2016,1.624, ,2/23/2017 7:45,A
H6059,NP-CHP, ,STG29,12/19/2016,1.613, ,2/23/2017 7:45,A
H6059,NP-CHP, ,STG29,12/20/2016,1.606, ,2/23/2017 7:45,A
H6059,NP-CHP, ,STG29,12/21/2016,1.596, ,2/23/2017 7:45,A
H6059,NP-CHP, ,STG29,12/22/2016,1.586, ,2/23/2017 7:45,A
H6059,NP-CHP, ,STG29,12/23/2016,1.574, ,2/23/2017 7:45,A
H6059,NP-CHP, ,STG29,12/24/2016,1.566, ,2/23/2017 7:45,A
H6059,NP-CHP, ,STG29,12/25/2016,1.555, ,2/23/2017 7:45,A
H6059,NP-CHP, ,STG29,12/26/2016,1.547, ,2/23/2017 7:45,A
H6059,NP-CHP, ,STG29,12/27/2016,1.534, ,2/23/2017 7:45,A
H6059,NP-CHP, ,STG29,12/28/2016,1.527, ,2/23/2017 7:45,A
H6059,NP-CHP, ,STG29,12/29/2016,1.518, ,2/23/2017 7:45,A
H6059,NP-CHP, ,STG29,12/30/2016,1.51, ,2/23/2017 7:45,A
H6059,NP-CHP, ,STG29,12/31/2016,1.495, ,2/23/2017 7:45,A
H6059,NP-CHP, ,STG29,1/1/2017,1.488, ,2/23/2017 7:45,A
H6059,NP-CHP, ,STG29,1/2/2017,1.479, ,2/23/2017 7:45,A
H6059,NP-CHP, ,STG29,1/3/2017,1.475, ,2/23/2017 7:45,A
H6059,NP-CHP, ,STG29,1/4/2017,1.482, ,2/23/2017 7:45,A
H6059,NP-CHP, ,STG29,1/5/2017,1.493, ,2/23/2017 7:45,A
H6059,NP-CHP, ,STG29,1/6/2017,1.49, ,2/23/2017 7:45,A
H6059,NP-CHP, ,STG29,1/7/2017,1.488, ,2/23/2017 7:45,A
H6059,NP-CHP, ,STG29,1/8/2017,1.491, ,2/23/2017 7:45,A
H6059,NP-CHP, ,STG29,1/9/2017,1.475, ,2/23/2017 7:45,A
H6059,NP-CHP, ,STG29,1/10/2017,1.467, ,3/14/2017 7:45,A
H6059,NP-CHP, ,STG29,1/11/2017,1.457, ,3/14/2017 7:45,A
H6059,NP-CHP, ,STG29,1/12/2017,1.455, ,3/14/2017 7:45,A
H6059,NP-CHP, ,STG29,1/13/2017,1.452, ,3/14/2017 7:45,A
H6059,NP-CHP, ,STG29,1/14/2017,1.441, ,3/14/2017 7:45,A
H6059,NP-CHP, ,STG29,1/15/2017,1.433, ,3/14/2017 7:45,A
H6059,NP-CHP, ,STG29,1/16/2017,1.423, ,3/14/2017 7:45,A
H6059,NP-CHP, ,STG29,1/17/2017,1.413, ,3/23/2017 7:45,A
H6059,NP-CHP, ,STG29,1/18/2017,1.395, ,3/23/2017 7:45,A
H6059,NP-CHP, ,STG29,1/19/2017,1.375, ,3/23/2017 7:45,A
H6059,NP-CHP, ,STG29,1/20/2017,1.369, ,3/23/2017 7:45,A
H6059,NP-CHP, ,STG29,1/21/2017,1.359, ,3/23/2017 7:45,A
H6059,NP-CHP, ,STG29,1/22/2017,1.346, ,3/23/2017 7:45,A
H6059,NP-CHP, ,STG29,1/23/2017,1.375, ,3/23/2017 7:45,A
H6059,NP-CHP, ,STG29,1/24/2017,1.38, ,3/23/2017 7:45,A
H6059,NP-CHP, ,STG29,1/25/2017,1.375, ,3/23/2017 7:45,A
H6059,NP-CHP, ,STG29,1/26/2017,1.375, ,3/23/2017 7:45,A
H6059,NP-CHP, ,STG29,1/27/2017,1.384, ,3/23/2017 7:45,A
H6059,NP-CHP, ,STG29,1/28/2017,1.39, ,3/23/2017 7:45,A
H6059,NP-CHP, ,STG29,1/29/2017,1.394, ,3/23/2017 7:45,A
H6059,NP-CHP, ,STG29,1/30/2017,1.401, ,3/23/2017 7:45,A
H6059,NP-CHP, ,STG29,1/31/2017,1.398, ,3/23/2017 7:45,A
H6059,NP-CHP, ,STG29,2/1/2017,1.393, ,3/23/2017 7:45,A
H6059,NP-CHP, ,STG29,2/2/2017,1.386, ,3/23/2017 7:45,A
H6059,NP-CHP, ,STG29,2/3/2017,1.377, ,3/23/2017 7:45,A
H6059,NP-CHP, ,STG29,2/4/2017,1.367, ,3/23/2017 7:45,A
H6059,NP-CHP, ,STG29,2/5/2017,1.355, ,3/23/2017 7:45,A
H6059,NP-CHP, ,STG29,2/6/2017,1.344, ,3/23/2017 7:45,A
H6059,NP-CHP, ,STG29,2/7/2017,1.333, ,3/23/2017 7:45,A
H6059,NP-CHP, ,STG29,2/8/2017,1.323, ,3/23/2017 7:45,A
H6059,NP-CHP, ,STG29,2/9/2017,1.307, ,3/23/2017 7:45,A
H6059,NP-CHP, ,STG29,2/10/2017,1.296, ,3/23/2017 7:45,A
H6059,NP-CHP, ,STG29,2/11/2017,1.282, ,3/23/2017 7:45,A
H6059,NP-CHP, ,STG29,2/12/2017,1.271, ,3/23/2017 7:45,A
H6059,NP-CHP, ,STG29,2/13/2017,1.261, ,3/23/2017 7:45,A
H6059,NP-CHP, ,STG29,2/14/2017,1.253, ,3/23/2017 7:45,A
H6059,NP-CHP, ,STG29,2/15/2017,1.241, ,3/23/2017 7:45,A
H6059,NP-CHP, ,STG29,2/16/2017,1.233, ,3/23/2017 7:45,A
H6059,NP-CHP, ,STG29,2/17/2017,1.225, ,3/23/2017 7:45,A
H6059,NP-CHP, ,STG29,2/18/2017,1.214, ,3/23/2017 7:45,A
H6059,NP-CHP, ,STG29,2/19/2017,1.206, ,3/23/2017 7:45,A
H6059,NP-CHP, ,STG29,2/20/2017,1.196, ,3/23/2017 7:45,A
H6059,NP-CHP, ,STG29,2/21/2017,1.187, ,3/23/2017 7:45,A
H6059,NP-CHP, ,STG29,2/22/2017,1.239, ,3/23/2017 7:45,A
H6059,NP-CHP, ,STG29,2/23/2017,1.33, ,3/23/2017 7:45,A
H6059,NP-CHP, ,STG29,2/24/2017,1.32, ,3/23/2017 7:45,A
H6059,NP-CHP, ,STG29,2/25/2017,1.308, ,3/23/2017 7:45,A
H6059,NP-CHP, ,STG29,2/26/2017,1.297, ,3/23/2017 7:45,A
H6059,NP-CHP, ,STG29,2/27/2017,1.286, ,3/23/2017 7:45,A
H6059,NP-CHP, ,STG29,2/28/2017,1.275, ,3/23/2017 7:45,A
H6059,NP-CHP, ,STG29,3/1/2017,1.265, ,3/23/2017 7:45,A
H6059,NP-CHP, ,STG29,3/2/2017,1.255, ,3/23/2017 7:45,A
H6059,NP-CHP, ,STG29,3/3/2017,1.248, ,3/23/2017 7:45,A
H6059,NP-CHP, ,STG29,3/4/2017,1.237, ,3/23/2017 7:45,A
H6059,NP-CHP, ,STG29,3/5/2017,1.223, ,3/23/2017 7:45,A
H6059,NP-CHP, ,STG29,3/6/2017,1.206, ,3/23/2017 7:45,A
H6059,NP-CHP, ,STG29,3/7/2017,1.191, ,3/23/2017 7:45,A
H6059,NP-CHP, ,STG29,3/8/2017,1.176, ,4/20/2017 7:45,A
H6059,NP-CHP, ,STG29,3/9/2017,1.164, ,4/20/2017 7:45,A
H6059,NP-CHP, ,STG29,3/10/2017,1.152, ,4/20/2017 7:45,A
H6059,NP-CHP, ,STG29,3/11/2017,1.14, ,4/20/2017 7:45,A
H6059,NP-CHP, ,STG29,3/12/2017,1.128, ,4/20/2017 7:45,A
H6059,NP-CHP, ,STG29,3/13/2017,1.114, ,4/20/2017 7:45,A
H6059,NP-CHP, ,STG29,3/14/2017,1.139, ,4/20/2017 7:45,A
H6059,NP-CHP, ,STG29,3/15/2017,1.134, ,4/20/2017 7:45,A
H6059,NP-CHP, ,STG29,3/16/2017,1.119, ,4/20/2017 7:45,A
H6059,NP-CHP, ,STG29,3/17/2017,1.105, ,4/20/2017 7:45,A
H6059,NP-CHP, ,STG29,3/18/2017,1.088, ,4/20/2017 7:45,A
H6059,NP-CHP, ,STG29,3/19/2017,1.066, ,4/20/2017 7:45,A
H6059,NP-CHP, ,STG29,3/20/2017,1.054, ,4/20/2017 7:45,A
H6059,NP-CHP, ,STG29,3/21/2017,1.042, ,4/20/2017 7:45,A
H6059,NP-CHP, ,STG29,3/22/2017,1.027, ,4/20/2017 7:45,A
H6059,NP-CHP, ,STG29,3/23/2017,1.014, ,4/20/2017 7:45,A
H6059,NP-CHP, ,STG29,3/24/2017,1.053, ,4/20/2017 7:45,A
H6059,NP-CHP, ,STG29,3/25/2017,1.044, ,4/20/2017 7:45,A
H6059,NP-CHP, ,STG29,3/26/2017,1.032, ,4/20/2017 7:45,A
H6059,NP-CHP, ,STG29,3/27/2017,1.017, ,4/20/2017 7:45,A
H6059,NP-CHP, ,STG29,3/28/2017,1.004, ,4/20/2017 7:45,A
H6059,NP-CHP, ,STG29,3/29/2017,0.993, ,4/20/2017 7:45,A
H6059,NP-CHP, ,STG29,3/30/2017,0.981, ,4/20/2017 7:45,A
H6059,NP-CHP, ,STG29,3/31/2017,0.964, ,4/20/2017 7:45,A
H6059,NP-CHP, ,STG29,4/1/2017,0.953, ,4/20/2017 7:45,A
H6059,NP-CHP, ,STG29,4/2/2017,0.945, ,4/20/2017 7:45,A
H6059,NP-CHP, ,STG29,4/3/2017,0.929, ,4/20/2017 7:45,A
H6059,NP-CHP, ,STG29,4/4/2017,0.911, ,4/20/2017 7:45,A
H6059,NP-CHP, ,STG29,4/5/2017,0.896, ,4/20/2017 7:45,A
H6059,NP-CHP, ,STG29,4/6/2017,0.879, ,4/20/2017 7:45,A
H6059,NP-CHP, ,STG29,4/7/2017,0.861, ,4/20/2017 7:45,A
H6059,NP-CHP, ,STG29,4/8/2017,0.843, ,4/20/2017 7:45,A
H6059,NP-CHP, ,STG29,4/9/2017,0.826, ,4/20/2017 7:45,A
H6059,NP-CHP, ,STG29,4/10/2017,0.81, ,4/20/2017 7:45,A
H6059,NP-CHP, ,STG29,4/11/2017,0.793, ,4/20/2017 7:45,A
H6059,NP-CHP, ,STG29,4/12/2017,0.782, ,4/20/2017 7:45,A
H6059,NP-CHP, ,STG29,4/13/2017,0.81, ,4/20/2017 7:45,A
H6059,NP-CHP, ,STG29,4/14/2017,0.802, ,4/20/2017 7:45,A
H6059,NP-CHP, ,STG29,4/15/2017,0.788, ,4/20/2017 7:45,A
H6059,NP-CHP, ,STG29,4/16/2017,0.77, ,4/22/2017 7:45,A
H6059,NP-CHP, ,STG29,4/17/2017,0.754, ,6/1/2017 7:45,A
H6059,NP-CHP, ,STG29,4/18/2017,0.741, ,6/1/2017 7:45,A
H6059,NP-CHP, ,STG29,4/19/2017,0.725, ,6/1/2017 7:45,A
H6059,NP-CHP, ,STG29,4/20/2017,0.715, ,6/1/2017 7:45,A
H6059,NP-CHP, ,STG29,4/21/2017,0.7, ,6/1/2017 7:45,A
H6059,NP-CHP, ,STG29,4/22/2017,0.696, ,6/1/2017 7:45,A
H6059,NP-CHP, ,STG29,4/23/2017,0.787, ,6/1/2017 7:45,A
H6059,NP-CHP, ,STG29,4/24/2017,0.786, ,6/1/2017 7:45,A
H6059,NP-CHP, ,STG29,4/25/2017,0.781, ,6/1/2017 7:45,A
H6059,NP-CHP, ,STG29,4/26/2017,0.773, ,6/1/2017 7:45,A
H6059,NP-CHP, ,STG29,4/27/2017,0.761, ,6/1/2017 7:45,A
H6059,NP-CHP, ,STG29,4/28/2017,0.747, ,6/1/2017 7:45,A
H6059,NP-CHP, ,STG29,4/29/2017,0.734, ,6/1/2017 7:45,A
H6059,NP-CHP, ,STG29,4/30/2017,0.72, ,6/1/2017 7:45,A
H6059,NP-CHP, ,STG29,5/1/2017,0.722, ,6/1/2017 7:45,A
H6059,NP-CHP, ,STG29,5/2/2017,0.733, ,6/1/2017 7:45,A
H6059,NP-CHP, ,STG29,5/3/2017,0.745, ,6/1/2017 7:45,A
H6059,NP-CHP, ,STG29,5/4/2017,0.739, ,6/1/2017 7:45,A
H6059,NP-CHP, ,STG29,5/5/2017,0.73, ,6/1/2017 7:45,A
H6059,NP-CHP, ,STG29,5/6/2017,0.73, ,6/1/2017 7:45,A
H6059,NP-CHP, ,STG29,5/7/2017,0.726, ,6/1/2017 7:45,A
H6059,NP-CHP, ,STG29,5/8/2017,0.716, ,8/8/2017 7:45,A
H6059,NP-CHP, ,STG29,5/9/2017,0.703, ,8/8/2017 7:45,A
H6059,NP-CHP, ,STG29,5/10/2017,0.688, ,8/8/2017 7:45,A
H6059,NP-CHP, ,STG29,5/11/2017,0.672, ,8/8/2017 7:45,A
H6059,NP-CHP, ,STG29,5/12/2017,0.65, ,8/8/2017 7:45,A
H6059,NP-CHP, ,STG29,5/13/2017,0.625, ,8/8/2017 7:45,A
H6059,NP-CHP, ,STG29,5/14/2017,0.609, ,8/8/2017 7:45,A
H6059,NP-CHP, ,STG29,5/15/2017,0.608, ,8/8/2017 7:45,A
H6059,NP-CHP, ,STG29,5/16/2017,0.597, ,8/8/2017 7:45,A
H6059,NP-CHP, ,STG29,5/17/2017,0.581, ,8/8/2017 7:45,A
H6059,NP-CHP, ,STG29,5/18/2017,0.558, ,8/8/2017 7:45,A
H6059,NP-CHP, ,STG29,5/19/2017,0.546, ,8/8/2017 7:45,A
H6059,NP-CHP, ,STG29,5/20/2017,0.526, ,8/8/2017 7:45,A
H6059,NP-CHP, ,STG29,5/21/2017,0.501, ,8/8/2017 7:45,A
H6059,NP-CHP, ,STG29,5/22/2017,0.478, ,8/8/2017 7:45,A
H6059,NP-CHP, ,STG29,5/23/2017,0.455, ,8/8/2017 7:45,A
H6059,NP-CHP, ,STG29,5/24/2017,0.439, ,8/8/2017 7:45,A
H6059,NP-CHP, ,STG29,5/25/2017,0.432, ,8/8/2017 7:45,A
H6059,NP-CHP, ,STG29,5/26/2017,0.424, ,8/8/2017 7:45,A
H6059,NP-CHP, ,STG29,5/27/2017,0.41, ,8/8/2017 7:45,A
H6059,NP-CHP, ,STG29,5/28/2017,0.392, ,8/8/2017 7:45,A
H6059,NP-CHP, ,STG29,5/29/2017,0.366, ,8/8/2017 7:45,A
H6059,NP-CHP, ,STG29,5/30/2017,0.343, ,8/8/2017 7:45,A
H6059,NP-CHP, ,STG29,5/31/2017,0.316, ,8/8/2017 7:45,A
H6059,NP-CHP, ,STG29,6/1/2017,0.287, ,8/8/2017 7:45,A
H6059,NP-CHP, ,STG29,6/2/2017,0.384, ,8/8/2017 7:45,A
H6059,NP-CHP, ,STG29,6/3/2017,0.444, ,8/8/2017 7:45,A
H6059,NP-CHP, ,STG29,6/4/2017,0.508, ,8/8/2017 7:45,A
H6059,NP-CHP, ,STG29,6/5/2017,0.538, ,8/8/2017 7:45,A
H6059,NP-CHP, ,STG29,6/6/2017,0.588, ,8/8/2017 7:45,A
H6059,NP-CHP, ,STG29,6/7/2017,0.772, ,8/8/2017 7:45,A
H6059,NP-CHP, ,STG29,6/8/2017,0.951, ,8/8/2017 7:45,A
H6059,NP-CHP, ,STG29,6/9/2017,1.036, ,8/8/2017 7:45,A
H6059,NP-CHP, ,STG29,6/10/2017,1.16, ,8/8/2017 7:45,A
H6059,NP-CHP, ,STG29,6/11/2017,1.208, ,8/8/2017 7:45,A
H6059,NP-CHP, ,STG29,6/12/2017,1.267, ,8/8/2017 7:45,A
H6059,NP-CHP, ,STG29,6/13/2017,1.318, ,8/8/2017 7:45,A
H6059,NP-CHP, ,STG29,6/14/2017,1.369, ,8/8/2017 7:45,A
H6059,NP-CHP, ,STG29,6/15/2017,1.397, ,8/8/2017 7:45,A
H6059,NP-CHP, ,STG29,6/16/2017,1.418, ,8/8/2017 7:45,A
H6059,NP-CHP, ,STG29,6/17/2017,1.444, ,8/8/2017 7:45,A
H6059,NP-CHP, ,STG29,6/18/2017,1.442, ,8/8/2017 7:45,A
H6059,NP-CHP, ,STG29,6/19/2017,1.475, ,8/8/2017 7:45,A
H6059,NP-CHP, ,STG29,6/20/2017,1.488, ,8/8/2017 7:45,A
H6059,NP-CHP, ,STG29,6/21/2017,1.503, ,8/8/2017 7:45,A
H6059,NP-CHP, ,STG29,6/22/2017,1.519, ,8/8/2017 7:45,A
H6059,NP-CHP, ,STG29,6/23/2017,1.514, ,8/8/2017 7:45,A
H6059,NP-CHP, ,STG29,6/24/2017,1.509, ,8/8/2017 7:45,A
H6059,NP-CHP, ,STG29,6/25/2017,1.504, ,8/8/2017 7:45,A
H6059,NP-CHP, ,STG29,6/26/2017,1.493, ,8/8/2017 7:45,A
H6059,NP-CHP, ,STG29,6/27/2017,1.487, ,8/8/2017 7:45,A
H6059,NP-CHP, ,STG29,6/28/2017,1.478, ,8/8/2017 7:45,A
H6059,NP-CHP, ,STG29,6/29/2017,1.471, ,8/8/2017 7:45,A
H6059,NP-CHP, ,STG29,6/30/2017,1.472, ,8/8/2017 7:45,A
H6059,NP-CHP, ,STG29,7/1/2017,1.463, ,8/8/2017 7:45,A
H6059,NP-CHP, ,STG29,7/2/2017,1.45, ,8/8/2017 7:45,A
H6059,NP-CHP, ,STG29,7/3/2017,1.441, ,8/8/2017 7:45,A
H6059,NP-CHP, ,STG29,7/4/2017,1.43, ,8/8/2017 7:45,A
H6059,NP-CHP, ,STG29,7/5/2017,1.412, ,8/8/2017 7:45,A
H6059,NP-CHP, ,STG29,7/6/2017,1.388, ,8/8/2017 7:45,A
H6059,NP-CHP, ,STG29,7/7/2017,1.426, ,8/8/2017 7:45,A
H6059,NP-CHP, ,STG29,7/8/2017,1.419, ,8/8/2017 7:45,A
H6059,NP-CHP, ,STG29,7/9/2017,1.393, ,8/8/2017 7:45,A
H6059,NP-CHP, ,STG29,7/10/2017,1.387, ,8/8/2017 7:45,A
H6059,NP-CHP, ,STG29,7/11/2017,1.445, ,8/8/2017 7:45,A
H6059,NP-CHP, ,STG29,7/12/2017,1.47, ,8/23/2017 7:45,A
H6059,NP-CHP, ,STG29,7/13/2017,1.503, ,8/23/2017 7:45,A
H6059,NP-CHP, ,STG29,7/14/2017,1.522, ,8/23/2017 7:45,A
H6059,NP-CHP, ,STG29,7/15/2017,1.545, ,8/23/2017 7:45,A
H6059,NP-CHP, ,STG29,7/16/2017,1.586, ,8/23/2017 7:45,A
H6059,NP-CHP, ,STG29,7/17/2017,1.613, ,8/23/2017 7:45,A
H6059,NP-CHP, ,STG29,7/18/2017,1.625, ,8/23/2017 7:45,A
H6059,NP-CHP, ,STG29,7/19/2017,1.621, ,8/23/2017 7:45,A
H6059,NP-CHP, ,STG29,7/20/2017,1.638, ,8/23/2017 7:45,A
H6059,NP-CHP, ,STG29,7/21/2017,1.656, ,8/23/2017 7:45,A
H6059,NP-CHP, ,STG29,7/22/2017,1.662, ,8/23/2017 7:45,A
H6059,NP-CHP, ,STG29,7/23/2017,1.666, ,8/23/2017 7:45,A
H6059,NP-CHP, ,STG29,7/24/2017,1.668, ,8/23/2017 7:45,A
H6059,NP-CHP, ,STG29,7/25/2017,1.67, ,8/23/2017 7:45,A
H6059,NP-CHP, ,STG29,7/26/2017,1.668, ,8/23/2017 7:45,A
H6059,NP-CHP, ,STG29,7/27/2017,1.657, ,8/23/2017 7:45,A
H6059,NP-CHP, ,STG29,7/28/2017,1.647, ,8/23/2017 7:45,A
H6059,NP-CHP, ,STG29,7/29/2017,1.636, ,8/23/2017 7:45,A
H6059,NP-CHP, ,STG29,7/30/2017,1.642, ,8/23/2017 7:45,A
H6059,NP-CHP, ,STG29,7/31/2017,1.654, ,8/23/2017 7:45,A
H6059,NP-CHP, ,STG29,8/1/2017,1.671, ,8/23/2017 7:45,A
H6059,NP-CHP, ,STG29,8/2/2017,1.681, ,8/23/2017 7:45,A
H6059,NP-CHP, ,STG29,8/3/2017,1.679, ,8/23/2017 7:45,A
H6059,NP-CHP, ,STG29,8/4/2017,1.667, ,8/23/2017 7:45,A
H6059,NP-CHP, ,STG29,8/5/2017,1.654, ,8/23/2017 7:45,A
H6059,NP-CHP, ,STG29,8/6/2017,1.636, ,8/23/2017 7:45,A
H6059,NP-CHP, ,STG29,8/7/2017,1.614, ,8/23/2017 7:45,A
H6059,NP-CHP, ,STG29,8/8/2017,1.595, ,8/23/2017 7:45,A
H6059,NP-CHP, ,STG29,8/9/2017,1.577, ,8/23/2017 7:45,A
H6059,NP-CHP, ,STG29,8/10/2017,1.57, ,8/23/2017 7:45,A
H6059,NP-CHP, ,STG29,8/11/2017,1.588, ,8/23/2017 7:45,A
H6059,NP-CHP, ,STG29,8/12/2017,1.597, ,8/23/2017 7:45,A
H6059,NP-CHP, ,STG29,8/13/2017,1.581, ,8/23/2017 7:45,A
H6059,NP-CHP, ,STG29,8/14/2017,1.581, ,8/23/2017 7:45,A
H6059,NP-CHP, ,STG29,8/15/2017,1.571, ,12/1/2017 7:45,A
H6059,NP-CHP, ,STG29,8/16/2017,1.564, ,12/1/2017 7:45,A
H6059,NP-CHP, ,STG29,8/17/2017,1.555, ,12/1/2017 7:45,A
H6059,NP-CHP, ,STG29,8/18/2017,1.548, ,12/1/2017 7:45,A
H6059,NP-CHP, ,STG29,8/19/2017,1.535, ,12/1/2017 7:45,A
H6059,NP-CHP, ,STG29,8/20/2017,1.526, ,12/1/2017 7:45,A
H6059,NP-CHP, ,STG29,8/21/2017,1.518, ,12/1/2017 7:45,A
H6059,NP-CHP, ,STG29,8/22/2017,1.508, ,12/1/2017 7:45,A
H6059,NP-CHP, ,STG29,8/23/2017,1.535, ,12/1/2017 7:45,A
H6059,NP-CHP, ,STG29,8/24/2017,1.567, ,12/1/2017 7:45,A
H6059,NP-CHP, ,STG29,8/25/2017,1.595, ,12/1/2017 7:45,A
H6059,NP-CHP, ,STG29,8/26/2017,1.671, ,12/1/2017 7:45,A
H6059,NP-CHP, ,STG29,8/27/2017,1.679, ,12/1/2017 7:45,A
H6059,NP-CHP, ,STG29,8/28/2017,1.683, ,12/1/2017 7:45,A
H6059,NP-CHP, ,STG29,8/29/2017,1.678, ,12/1/2017 7:45,A
H6059,NP-CHP, ,STG29,8/30/2017,1.673, ,12/1/2017 7:45,A
H6059,NP-CHP, ,STG29,8/31/2017,1.671, ,12/1/2017 7:45,A
H6059,NP-CHP, ,STG29,9/1/2017,1.683, ,12/1/2017 7:45,A
H6059,NP-CHP, ,STG29,9/2/2017,1.69, ,12/1/2017 7:45,A
H6059,NP-CHP, ,STG29,9/3/2017,1.69, ,12/1/2017 7:45,A
H6059,NP-CHP, ,STG29,9/4/2017,1.688, ,12/1/2017 7:45,A
H6059,NP-CHP, ,STG29,9/5/2017,1.681, ,12/1/2017 7:45,A
H6059,NP-CHP, ,STG29,9/6/2017,1.673, ,12/1/2017 7:45,A
H6059,NP-CHP, ,STG29,9/7/2017,1.673, ,12/1/2017 7:45,A
H6059,NP-CHP, ,STG29,9/8/2017,1.676, ,12/1/2017 7:45,A
H6059,NP-CHP, ,STG29,9/9/2017,1.739, ,12/1/2017 7:45,A
H6059,NP-CHP, ,STG29,9/10/2017,1.903, ,12/1/2017 7:45,A
H6059,NP-CHP, ,STG29,9/11/2017,3.192, ,12/1/2017 7:45,A
H6059,NP-CHP, ,STG29,9/12/2017,3.269, ,12/1/2017 7:45,A
H6059,NP-CHP, ,STG29,9/13/2017,3.128, ,12/1/2017 7:45,A
H6059,NP-CHP, ,STG29,9/14/2017,2.982, ,12/1/2017 7:45,A
H6059,NP-CHP, ,STG29,9/15/2017,2.873, ,12/1/2017 7:45,A
H6059,NP-CHP, ,STG29,9/16/2017,2.776, ,12/1/2017 7:45,A
H6059,NP-CHP, ,STG29,9/17/2017,2.705, ,12/1/2017 7:45,A
H6059,NP-CHP, ,STG29,9/18/2017,2.628, ,12/1/2017 7:45,A
H6059,NP-CHP, ,STG29,9/19/2017,2.559, ,12/1/2017 7:45,A
H6059,NP-CHP, ,STG29,9/20/2017,2.502, ,12/1/2017 7:45,A
H6059,NP-CHP, ,STG29,9/21/2017,2.448, ,12/1/2017 7:45,A
H6059,NP-CHP, ,STG29,9/22/2017,2.43, ,12/1/2017 7:45,A
H6059,NP-CHP, ,STG29,9/23/2017,2.446, ,12/1/2017 7:45,A
H6059,NP-CHP, ,STG29,9/24/2017,2.43, ,12/1/2017 7:45,A
H6059,NP-CHP, ,STG29,9/25/2017,2.425, ,12/1/2017 7:45,A
H6059,NP-CHP, ,STG29,9/26/2017,2.438, ,12/1/2017 7:45,A
H6059,NP-CHP, ,STG29,9/27/2017,2.411, ,12/1/2017 7:45,A
H6059,NP-CHP, ,STG29,9/28/2017,2.399, ,12/1/2017 7:45,A
H6059,NP-CHP, ,STG29,9/29/2017,2.435, ,12/1/2017 7:45,A
H6059,NP-CHP, ,STG29,9/30/2017,2.465, ,12/1/2017 7:45,A
H6059,NP-CHP, ,STG29,10/1/2017,2.432, ,12/1/2017 7:45,A
H6059,NP-CHP, ,STG29,10/2/2017,2.398, ,12/1/2017 7:45,A
H6059,NP-CHP, ,STG29,10/3/2017,2.374, ,12/1/2017 7:45,A
H6059,NP-CHP, ,STG29,10/4/2017,2.361, ,12/1/2017 7:45,A
H6059,NP-CHP, ,STG29,10/5/2017,2.417, ,12/1/2017 7:45,A
H6059,NP-CHP, ,STG29,10/6/2017,2.459, ,12/1/2017 7:45,A
H6059,NP-CHP, ,STG29,10/7/2017,2.465, ,12/1/2017 7:45,A
H6059,NP-CHP, ,STG29,10/8/2017,2.483, ,12/1/2017 7:45,A
H6059,NP-CHP, ,STG29,10/9/2017,2.473, ,12/1/2017 7:45,A
H6059,NP-CHP, ,STG29,10/10/2017,2.433, ,12/1/2017 7:45,A
H6059,NP-CHP, ,STG29,10/11/2017,2.414, ,12/1/2017 7:45,A
H6059,NP-CHP, ,STG29,10/12/2017,2.387, ,12/1/2017 7:45,A
H6059,NP-CHP, ,STG29,10/13/2017,2.377, ,12/1/2017 7:45,A
H6059,NP-CHP, ,STG29,10/14/2017,2.357, ,12/1/2017 7:45,A
H6059,NP-CHP, ,STG29,10/15/2017,2.347, ,12/1/2017 7:45,A
H6059,NP-CHP, ,STG29,10/16/2017,2.336, ,12/1/2017 7:45,A
H6059,NP-CHP, ,STG29,10/17/2017,2.31, ,12/1/2017 7:45,A
H6059,NP-CHP, ,STG29,10/18/2017,2.285, ,12/1/2017 7:45,A
H6059,NP-CHP, ,STG29,10/19/2017,2.286, ,2/26/2018 9:15,A
H6059,NP-CHP, ,STG29,10/20/2017,2.311, ,2/26/2018 9:15,A
H6059,NP-CHP, ,STG29,10/21/2017,2.271, ,2/26/2018 9:15,A
H6059,NP-CHP, ,STG29,10/22/2017,2.242, ,2/26/2018 9:15,A
H6059,NP-CHP, ,STG29,10/23/2017,2.232, ,2/26/2018 9:15,A
H6059,NP-CHP, ,STG29,10/24/2017,2.224, ,2/26/2018 9:15,A
H6059,NP-CHP, ,STG29,10/25/2017,2.319, ,2/26/2018 9:15,A
H6059,NP-CHP, ,STG29,10/26/2017,2.301, ,2/26/2018 9:15,A
H6059,NP-CHP, ,STG29,10/27/2017,2.264, ,2/26/2018 9:15,A
H6059,NP-CHP, ,STG29,10/28/2017,2.237, ,2/26/2018 9:15,A
H6059,NP-CHP, ,STG29,10/29/2017,2.265, ,2/26/2018 9:15,A
H6059,NP-CHP, ,STG29,10/30/2017,2.242, ,2/26/2018 9:15,A
H6059,NP-CHP, ,STG29,10/31/2017,2.219, ,2/26/2018 9:15,A
H6059,NP-CHP, ,STG29,11/1/2017,2.203, ,2/26/2018 9:15,A
H6059,NP-CHP, ,STG29,11/2/2017,2.187, ,2/26/2018 9:15,A
H6059,NP-CHP, ,STG29,11/3/2017,2.172, ,2/26/2018 9:15,A
H6059,NP-CHP, ,STG29,11/4/2017,2.158, ,2/26/2018 9:15,A
H6059,NP-CHP, ,STG29,11/5/2017,2.123, ,2/26/2018 9:15,A
H6059,NP-CHP, ,STG29,11/6/2017,2.1, ,2/26/2018 9:15,A
H6059,NP-CHP, ,STG29,11/7/2017,2.081, ,2/26/2018 9:15,A
H6059,NP-CHP, ,STG29,11/8/2017,2.063, ,2/26/2018 9:15,A
H6059,NP-CHP, ,STG29,11/9/2017,2.044, ,2/26/2018 9:15,A
H6059,NP-CHP, ,STG29,11/10/2017,2.027, ,2/26/2018 9:15,A
H6059,NP-CHP, ,STG29,11/11/2017,2.007, ,2/26/2018 9:15,A
H6059,NP-CHP, ,STG29,11/12/2017,1.991, ,2/26/2018 9:15,A
H6059,NP-CHP, ,STG29,11/13/2017,1.991, ,2/26/2018 9:15,A
H6059,NP-CHP, ,STG29,11/14/2017,1.981, ,2/26/2018 9:15,A
H6059,NP-CHP, ,STG29,11/15/2017,1.969, ,2/26/2018 9:15,A
H6059,NP-CHP, ,STG29,11/16/2017,1.965, ,2/26/2018 9:15,A
H6059,NP-CHP, ,STG29,11/17/2017,1.948, ,2/26/2018 9:15,A
H6059,NP-CHP, ,STG29,11/18/2017,1.935, ,2/26/2018 9:15,A
H6059,NP-CHP, ,STG29,11/19/2017,1.927, ,2/26/2018 9:15,A
H6059,NP-CHP, ,STG29,11/20/2017,1.912, ,2/26/2018 9:15,A
H6059,NP-CHP, ,STG29,11/21/2017,1.9, ,2/26/2018 9:15,A
H6059,NP-CHP, ,STG29,11/22/2017,1.892, ,2/26/2018 9:15,A
H6059,NP-CHP, ,STG29,11/23/2017,1.881, ,2/26/2018 9:15,A
H6059,NP-CHP, ,STG29,11/24/2017,1.875, ,2/26/2018 9:15,A
H6059,NP-CHP, ,STG29,11/25/2017,1.872, ,2/26/2018 9:15,A
H6059,NP-CHP, ,STG29,11/26/2017,1.861, ,2/26/2018 9:15,A
H6059,NP-CHP, ,STG29,11/27/2017,1.848, ,2/26/2018 9:15,A
H6059,NP-CHP, ,STG29,11/28/2017,1.849, ,2/26/2018 9:15,A
H6059,NP-CHP, ,STG29,11/29/2017,1.848, ,2/26/2018 9:15,A
H6059,NP-CHP, ,STG29,11/30/2017,1.838, ,2/26/2018 9:15,A
H6059,NP-CHP, ,STG29,12/1/2017,1.826, ,2/26/2018 9:15,A
H6059,NP-CHP, ,STG29,12/2/2017,1.814, ,2/26/2018 9:15,A
H6059,NP-CHP, ,STG29,12/3/2017,1.802, ,2/26/2018 9:15,A
H6059,NP-CHP, ,STG29,12/4/2017,1.787, ,2/26/2018 9:15,A
H6059,NP-CHP, ,STG29,12/5/2017,1.774, ,2/26/2018 9:15,A
H6059,NP-CHP, ,STG29,12/6/2017,1.77, ,2/26/2018 9:15,A
H6059,NP-CHP, ,STG29,12/7/2017,1.761, ,2/26/2018 9:15,A
H6059,NP-CHP, ,STG29,12/8/2017,1.754, ,2/26/2018 9:15,A
H6059,NP-CHP, ,STG29,12/9/2017,1.767, ,2/26/2018 9:15,A
H6059,NP-CHP, ,STG29,12/10/2017,1.781, ,2/26/2018 9:15,A
H6059,NP-CHP, ,STG29,12/11/2017,1.773, ,2/26/2018 9:15,A
H6059,NP-CHP, ,STG29,12/12/2017,1.766, ,2/26/2018 9:15,A
H6059,NP-CHP, ,STG29,12/13/2017,1.756, ,2/26/2018 9:15,A
H6059,NP-CHP, ,STG29,12/14/2017,1.749, ,2/26/2018 9:15,A
H6059,NP-CHP, ,STG29,12/15/2017,1.743, ,2/26/2018 9:15,A
H6059,NP-CHP, ,STG29,12/16/2017,1.738, ,2/26/2018 9:15,A
H6059,NP-CHP, ,STG29,12/17/2017,1.732, ,2/26/2018 9:15,A
H6059,NP-CHP, ,STG29,12/18/2017,1.724, ,2/26/2018 9:15,A
H6059,NP-CHP, ,STG29,12/19/2017,1.715, ,2/26/2018 9:15,A
H6059,NP-CHP, ,STG29,12/20/2017,1.712, ,2/26/2018 9:15,A
H6059,NP-CHP, ,STG29,12/21/2017,1.702, ,2/26/2018 9:15,A
H6059,NP-CHP, ,STG29,12/22/2017,1.693, ,2/26/2018 9:15,A
H6059,NP-CHP, ,STG29,12/23/2017,1.688, ,2/26/2018 9:15,A
H6059,NP-CHP, ,STG29,12/24/2017,1.682, ,2/26/2018 9:15,A
H6059,NP-CHP, ,STG29,12/25/2017,1.676, ,2/26/2018 9:15,A
H6059,NP-CHP, ,STG29,12/26/2017,1.666, ,2/26/2018 9:15,A
H6059,NP-CHP, ,STG29,12/27/2017,1.653, ,2/26/2018 9:15,A
H6059,NP-CHP, ,STG29,12/28/2017,1.646, ,2/26/2018 9:15,A
H6059,NP-CHP, ,STG29,12/29/2017,1.638, ,2/26/2018 9:15,A
H6059,NP-CHP, ,STG29,12/30/2017,1.633, ,2/26/2018 9:15,A
H6059,NP-CHP, ,STG29,12/31/2017,1.624, ,2/26/2018 9:15,A
H6059,NP-CHP, ,STG29,1/1/2018,1.608, ,2/26/2018 9:15,A
H6059,NP-CHP, ,STG29,1/2/2018,1.604, ,2/26/2018 9:15,A
H6059,NP-CHP, ,STG29,1/3/2018,1.634, ,2/26/2018 9:15,A
H6059,NP-CHP, ,STG29,1/4/2018,1.625, ,2/26/2018 9:15,A
H6059,NP-CHP, ,STG29,1/5/2018,1.609, ,2/26/2018 9:15,A
H6059,NP-CHP, ,STG29,1/6/2018,1.597, ,2/26/2018 9:15,A
H6059,NP-CHP, ,STG29,1/7/2018,1.585, ,2/26/2018 9:15,A
H6059,NP-CHP, ,STG29,1/8/2018,1.573, ,2/26/2018 9:15,A
H6059,NP-CHP, ,STG29,1/9/2018,1.57, ,2/26/2018 9:15,A
H6059,NP-CHP, ,STG29,1/10/2018,1.566, ,2/26/2018 9:15,A
H6059,NP-CHP, ,STG29,1/11/2018,1.557, ,2/26/2018 9:15,A
H6059,NP-CHP, ,STG29,1/12/2018,1.552, ,2/26/2018 9:15,A
H6059,NP-CHP, ,STG29,1/13/2018,1.551, ,2/26/2018 9:15,A
H6059,NP-CHP, ,STG29,1/14/2018,1.55, ,2/26/2018 9:15,A
H6059,NP-CHP, ,STG29,1/15/2018,1.537, ,2/26/2018 9:15,A
H6059,NP-CHP, ,STG29,1/16/2018,1.528, ,4/24/2018 15:22,A
H6059,NP-CHP, ,STG29,1/17/2018,1.516, ,4/24/2018 15:22,A
H6059,NP-CHP, ,STG29,1/18/2018,1.511, ,4/24/2018 15:22,A
H6059,NP-CHP, ,STG29,1/19/2018,1.497, ,4/24/2018 15:22,A
H6059,NP-CHP, ,STG29,1/20/2018,1.49, ,4/24/2018 15:22,A
H6059,NP-CHP, ,STG29,1/21/2018,1.482, ,4/24/2018 15:22,A
H6059,NP-CHP, ,STG29,1/22/2018,1.475, ,4/24/2018 15:22,A
H6059,NP-CHP, ,STG29,1/23/2018,1.472, ,4/24/2018 15:22,A
H6059,NP-CHP, ,STG29,1/24/2018,1.47, ,4/24/2018 15:22,A
H6059,NP-CHP, ,STG29,1/25/2018,1.469, ,4/24/2018 15:22,A
H6059,NP-CHP, ,STG29,1/26/2018,1.456, ,4/24/2018 15:22,A
H6059,NP-CHP, ,STG29,1/27/2018,1.441, ,4/24/2018 15:22,A
H6059,NP-CHP, ,STG29,1/28/2018,1.427, ,4/24/2018 15:22,A
H6059,NP-CHP, ,STG29,1/29/2018,1.428, ,4/24/2018 15:22,A
H6059,NP-CHP, ,STG29,1/30/2018,1.434, ,4/24/2018 15:22,A
H6059,NP-CHP, ,STG29,1/31/2018,1.419, ,4/24/2018 15:22,A
H6059,NP-CHP, ,STG29,2/1/2018,1.404, ,4/24/2018 15:22,A
H6059,NP-CHP, ,STG29,2/2/2018,1.395, ,4/24/2018 15:22,A
H6059,NP-CHP, ,STG29,2/3/2018,1.392, ,4/24/2018 15:22,A
H6059,NP-CHP, ,STG29,2/4/2018,1.379, ,4/24/2018 15:22,A
H6059,NP-CHP, ,STG29,2/5/2018,1.384, ,4/24/2018 15:22,A
H6059,NP-CHP, ,STG29,2/6/2018,1.406, ,4/24/2018 15:22,A
H6059,NP-CHP, ,STG29,2/7/2018,1.396, ,4/24/2018 15:22,A
H6059,NP-CHP, ,STG29,2/8/2018,1.393, ,4/24/2018 15:22,A
H6059,NP-CHP, ,STG29,2/9/2018,1.384, ,4/24/2018 15:22,A
H6059,NP-CHP, ,STG29,2/10/2018,1.375, ,4/24/2018 15:22,A
H6059,NP-CHP, ,STG29,2/11/2018,1.363, ,4/24/2018 15:22,A
H6059,NP-CHP, ,STG29,2/12/2018,1.353, ,4/24/2018 15:22,A
H6059,NP-CHP, ,STG29,2/13/2018,1.349, ,5/23/2018 8:17,A
H6059,NP-CHP, ,STG29,2/14/2018,1.34, ,5/23/2018 8:17,A
H6059,NP-CHP, ,STG29,2/15/2018,1.331, ,5/23/2018 8:17,A
H6059,NP-CHP, ,STG29,2/16/2018,1.323, ,5/23/2018 8:17,A
H6059,NP-CHP, ,STG29,2/17/2018,1.318, ,5/23/2018 8:17,A
H6059,NP-CHP, ,STG29,2/18/2018,1.306, ,5/23/2018 8:17,A
H6059,NP-CHP, ,STG29,2/19/2018,1.291, ,5/23/2018 8:17,A
H6059,NP-CHP, ,STG29,2/20/2018,1.295, ,5/23/2018 8:17,A
H6059,NP-CHP, ,STG29,2/21/2018,1.286, ,5/23/2018 8:17,A
H6059,NP-CHP, ,STG29,2/22/2018,1.283, ,5/23/2018 8:17,A
H6059,NP-CHP, ,STG29,2/23/2018,1.28, ,5/23/2018 8:17,A
H6059,NP-CHP, ,STG29,2/24/2018,1.274, ,5/23/2018 8:17,A
H6059,NP-CHP, ,STG29,2/25/2018,1.276, ,5/23/2018 8:17,A
H6059,NP-CHP, ,STG29,2/26/2018,1.275, ,5/23/2018 8:17,A
H6059,NP-CHP, ,STG29,2/27/2018,1.273, ,5/23/2018 8:17,A
H6059,NP-CHP, ,STG29,2/28/2018,1.266, ,5/23/2018 8:17,A
H6059,NP-CHP, ,STG29,3/1/2018,1.257, ,5/23/2018 8:17,A
H6059,NP-CHP, ,STG29,3/2/2018,1.253, ,5/23/2018 8:17,A
H6059,NP-CHP, ,STG29,3/3/2018,1.244, ,5/23/2018 8:17,A
H6059,NP-CHP, ,STG29,3/4/2018,1.233, ,5/23/2018 8:17,A
H6059,NP-CHP, ,STG29,3/5/2018,1.224, ,5/23/2018 8:17,A
H6059,NP-CHP, ,STG29,3/6/2018,1.213, ,5/23/2018 8:17,A
H6059,NP-CHP, ,STG29,3/7/2018,1.202, ,5/23/2018 8:17,A
H6059,NP-CHP, ,STG29,3/8/2018,1.194, ,5/23/2018 8:17,A
H6059,NP-CHP, ,STG29,3/9/2018,1.189, ,5/23/2018 8:17,A
H6059,NP-CHP, ,STG29,3/10/2018,1.175, ,5/23/2018 8:17,A
H6059,NP-CHP, ,STG29,3/11/2018,1.163, ,5/23/2018 8:17,A
H6059,NP-CHP, ,STG29,3/12/2018,1.175, ,5/23/2018 8:17,A
H6059,NP-CHP, ,STG29,3/13/2018,1.196, ,5/23/2018 8:17,A
H6059,NP-CHP, ,STG29,3/14/2018,1.189, ,5/23/2018 8:17,A
H6059,NP-CHP, ,STG29,3/15/2018,1.179, ,5/23/2018 8:17,A
H6059,NP-CHP, ,STG29,3/16/2018,1.166, ,5/23/2018 8:17,A
H6059,NP-CHP, ,STG29,3/17/2018,1.158, ,5/23/2018 8:17,A
H6059,NP-CHP, ,STG29,3/18/2018,1.151, ,5/23/2018 8:17,A
H6059,NP-CHP, ,STG29,3/19/2018,1.14, ,5/23/2018 8:17,A
H6059,NP-CHP, ,STG29,3/20/2018,1.128, ,5/23/2018 8:17,A
H6059,NP-CHP, ,STG29,3/21/2018,1.117, ,5/23/2018 8:17,A
H6059,NP-CHP, ,STG29,3/22/2018,1.109, ,5/23/2018 8:17,A
H6059,NP-CHP, ,STG29,3/23/2018,1.09, ,5/23/2018 8:17,A
H6059,NP-CHP, ,STG29,3/24/2018,1.072, ,5/23/2018 8:17,A
H6059,NP-CHP, ,STG29,3/25/2018,1.057, ,5/23/2018 8:17,A
H6059,NP-CHP, ,STG29,3/26/2018,1.047, ,5/23/2018 8:17,A
H6059,NP-CHP, ,STG29,3/27/2018,1.028, ,5/23/2018 8:17,A
H6059,NP-CHP, ,STG29,3/28/2018,1.009, ,5/23/2018 8:17,A
H6059,NP-CHP, ,STG29,3/29/2018,0.989, ,5/23/2018 8:17,A
H6059,NP-CHP, ,STG29,3/30/2018,0.978, ,5/23/2018 8:17,A
H6059,NP-CHP, ,STG29,3/31/2018,0.974, ,5/23/2018 8:17,A
H6059,NP-CHP, ,STG29,4/1/2018,0.967, ,5/23/2018 8:17,A
H6059,NP-CHP, ,STG29,4/2/2018,0.957, ,5/23/2018 8:17,A
H6059,NP-CHP, ,STG29,4/3/2018,0.944, ,5/23/2018 8:17,A
H6059,NP-CHP, ,STG29,4/4/2018,0.928, ,8/21/2018 7:15,A
H6059,NP-CHP, ,STG29,4/5/2018,0.924, ,8/21/2018 7:15,A
H6059,NP-CHP, ,STG29,4/6/2018,0.934, ,8/21/2018 7:15,A
H6059,NP-CHP, ,STG29,4/7/2018,0.926, ,8/21/2018 7:15,A
H6059,NP-CHP, ,STG29,4/8/2018,0.918, ,8/21/2018 7:15,A
H6059,NP-CHP, ,STG29,4/9/2018,0.91, ,8/21/2018 7:15,A
H6059,NP-CHP, ,STG29,4/10/2018,0.897, ,8/21/2018 7:15,A
H6059,NP-CHP, ,STG29,4/11/2018,0.887, ,8/21/2018 7:15,A
H6059,NP-CHP, ,STG29,4/12/2018,0.87, ,8/21/2018 7:15,A
H6059,NP-CHP, ,STG29,4/13/2018,0.849, ,8/21/2018 7:15,A
H6059,NP-CHP, ,STG29,4/14/2018,0.83, ,8/21/2018 7:15,A
H6059,NP-CHP, ,STG29,4/15/2018,0.816, ,8/21/2018 7:15,A
H6059,NP-CHP, ,STG29,4/16/2018,0.865, ,8/21/2018 7:15,A
H6059,NP-CHP, ,STG29,4/17/2018,0.858, ,8/21/2018 7:15,A
H6059,NP-CHP, ,STG29,4/18/2018,0.847, ,8/21/2018 7:15,A
H6059,NP-CHP, ,STG29,4/19/2018,0.829, ,8/21/2018 7:15,A
H6059,NP-CHP, ,STG29,4/20/2018,0.816, ,8/21/2018 7:15,A
H6059,NP-CHP, ,STG29,4/21/2018,0.803, ,8/21/2018 7:15,A
H6059,NP-CHP, ,STG29,4/22/2018,0.784, ,8/21/2018 7:15,A
H6059,NP-CHP, ,STG29,4/23/2018,0.788, ,8/21/2018 7:15,A
H6059,NP-CHP, ,STG29,4/24/2018,0.779, ,8/21/2018 7:15,A
H6059,NP-CHP, ,STG29,4/25/2018,0.765, ,8/21/2018 7:15,A
H6059,NP-CHP, ,STG29,4/26/2018,0.753, ,8/21/2018 7:15,A
H6059,NP-CHP, ,STG29,4/27/2018,0.75, ,8/21/2018 7:15,A
H6059,NP-CHP, ,STG29,4/28/2018,0.775, ,8/21/2018 7:15,A
H6059,NP-CHP, ,STG29,4/29/2018,0.771, ,8/21/2018 7:15,A
H6059,NP-CHP, ,STG29,4/30/2018,0.757, ,8/21/2018 7:15,A
H6059,NP-CHP, ,STG29,5/1/2018,0.743, ,8/21/2018 7:15,A
H6059,NP-CHP, ,STG29,5/2/2018,0.746, ,8/21/2018 7:15,A
H6059,NP-CHP, ,STG29,5/3/2018,0.755, ,8/21/2018 7:15,A
H6059,NP-CHP, ,STG29,5/4/2018,0.745, ,8/21/2018 7:15,A
H6059,NP-CHP, ,STG29,5/5/2018,0.733, ,8/21/2018 7:15,A
H6059,NP-CHP, ,STG29,5/6/2018,0.724, ,8/21/2018 7:15,A
H6059,NP-CHP, ,STG29,5/7/2018,0.709, ,8/21/2018 7:15,A
H6059,NP-CHP, ,STG29,5/8/2018,0.692, ,8/21/2018 7:15,A
H6059,NP-CHP, ,STG29,5/9/2018,0.674, ,8/21/2018 7:15,A
H6059,NP-CHP, ,STG29,5/10/2018,0.653, ,8/21/2018 7:15,A
H6059,NP-CHP, ,STG29,5/11/2018,0.632, ,8/21/2018 7:15,A
H6059,NP-CHP, ,STG29,5/12/2018,0.616, ,8/21/2018 7:15,A
H6059,NP-CHP, ,STG29,5/13/2018,0.615, ,8/21/2018 7:15,A
H6059,NP-CHP, ,STG29,5/14/2018,0.624, ,8/21/2018 7:15,A
H6059,NP-CHP, ,STG29,5/15/2018,0.712, ,8/21/2018 7:15,A
H6059,NP-CHP, ,STG29,5/16/2018,0.713, ,8/21/2018 7:15,A
H6059,NP-CHP, ,STG29,5/17/2018,0.714, ,8/21/2018 7:15,A
H6059,NP-CHP, ,STG29,5/18/2018,0.725, ,8/21/2018 7:15,A
H6059,NP-CHP, ,STG29,5/19/2018,0.729, ,8/21/2018 7:15,A
H6059,NP-CHP, ,STG29,5/20/2018,0.769, ,8/21/2018 7:15,A
H6059,NP-CHP, ,STG29,5/21/2018,0.948, ,8/21/2018 7:15,A
H6059,NP-CHP, ,STG29,5/22/2018,1.054, ,8/21/2018 7:15,A
H6059,NP-CHP, ,STG29,5/23/2018,1.075, ,8/21/2018 7:15,A
H6059,NP-CHP, ,STG29,5/24/2018,1.091, ,8/21/2018 7:15,A
H6059,NP-CHP, ,STG29,5/25/2018,1.149, ,8/21/2018 7:15,A
H6059,NP-CHP, ,STG29,5/26/2018,1.306, ,8/21/2018 7:15,A
H6059,NP-CHP, ,STG29,5/27/2018,1.433, ,8/21/2018 7:15,A
H6059,NP-CHP, ,STG29,5/28/2018,1.48, ,8/21/2018 7:15,A
H6059,NP-CHP, ,STG29,5/29/2018,1.539, ,8/21/2018 7:15,A
H6059,NP-CHP, ,STG29,5/30/2018,1.57, ,8/21/2018 7:15,A
H6059,NP-CHP, ,STG29,5/31/2018,1.587, ,8/21/2018 7:15,A
H6059,NP-CHP, ,STG29,6/1/2018,1.609, ,8/21/2018 7:15,A
H6059,NP-CHP, ,STG29,6/2/2018,1.616, ,8/21/2018 7:15,A
H6059,NP-CHP, ,STG29,6/3/2018,1.615, ,8/21/2018 7:15,A
H6059,NP-CHP, ,STG29,6/4/2018,1.613, ,8/21/2018 7:15,A
H6059,NP-CHP, ,STG29,6/5/2018,1.601, ,8/21/2018 7:15,A
H6059,NP-CHP, ,STG29,6/6/2018,1.582, ,8/21/2018 7:15,A
H6059,NP-CHP, ,STG29,6/7/2018,1.58, ,8/21/2018 7:15,A
H6059,NP-CHP, ,STG29,6/8/2018,1.568, ,8/21/2018 7:15,A
H6059,NP-CHP, ,STG29,6/9/2018,1.595, ,8/21/2018 7:15,A
H6059,NP-CHP, ,STG29,6/10/2018,1.621, ,8/21/2018 7:15,A
H6059,NP-CHP, ,STG29,6/11/2018,1.597, ,8/21/2018 7:15,A
H6059,NP-CHP, ,STG29,6/12/2018,1.643, ,8/21/2018 7:15,A
H6059,NP-CHP, ,STG29,6/13/2018,1.696, ,8/21/2018 7:15,A
H6059,NP-CHP, ,STG29,6/14/2018,1.666, ,8/21/2018 7:15,A
H6059,NP-CHP, ,STG29,6/15/2018,1.655, ,8/21/2018 7:15,A
H6059,NP-CHP, ,STG29,6/16/2018,1.652, ,8/21/2018 7:15,A
H6059,NP-CHP, ,STG29,6/17/2018,1.644, ,9/11/2018 7:15,A
H6059,NP-CHP, ,STG29,6/18/2018,1.641, ,9/11/2018 7:15,A
H6059,NP-CHP, ,STG29,6/19/2018,1.647, ,9/11/2018 7:15,A
H6059,NP-CHP, ,STG29,6/20/2018,1.636, ,9/11/2018 7:15,A
H6059,NP-CHP, ,STG29,6/21/2018,1.63, ,9/11/2018 7:15,A
H6059,NP-CHP, ,STG29,6/22/2018,1.654, ,9/11/2018 7:15,A
H6059,NP-CHP, ,STG29,6/23/2018,1.667, ,9/11/2018 7:15,A
H6059,NP-CHP, ,STG29,6/24/2018,1.691, ,9/11/2018 7:15,A
H6059,NP-CHP, ,STG29,6/25/2018,1.708, ,9/11/2018 7:15,A
H6059,NP-CHP, ,STG29,6/26/2018,1.692, ,9/11/2018 7:15,A
H6059,NP-CHP, ,STG29,6/27/2018,1.705, ,9/11/2018 7:15,A
H6059,NP-CHP, ,STG29,6/28/2018,1.727, ,9/11/2018 7:15,A
H6059,NP-CHP, ,STG29,6/29/2018,1.81, ,9/11/2018 7:15,A
H6059,NP-CHP, ,STG29,6/30/2018,1.889, ,9/11/2018 7:15,A
H6059,NP-CHP, ,STG29,7/1/2018,1.897, ,9/11/2018 7:15,A
H6059,NP-CHP, ,STG29,7/2/2018,1.901, ,9/11/2018 7:15,A
H6059,NP-CHP, ,STG29,7/3/2018,1.916, ,9/11/2018 7:15,A
H6059,NP-CHP, ,STG29,7/4/2018,1.938, ,9/11/2018 7:15,A
H6059,NP-CHP, ,STG29,7/5/2018,1.928, ,9/11/2018 7:15,A
H6059,NP-CHP, ,STG29,7/6/2018,1.915, ,9/11/2018 7:15,A
H6059,NP-CHP, ,STG29,7/7/2018,1.899, ,9/11/2018 7:15,A
H6059,NP-CHP, ,STG29,7/8/2018,1.874, ,9/11/2018 7:15,A
H6059,NP-CHP, ,STG29,7/9/2018,1.866, ,9/11/2018 7:15,A
H6059,NP-CHP, ,STG29,7/10/2018,1.885, ,9/11/2018 7:15,A
H6059,NP-CHP, ,STG29,7/11/2018,1.886, ,9/11/2018 7:15,A
H6059,NP-CHP, ,STG29,7/12/2018,1.898, ,9/11/2018 7:15,A
H6059,NP-CHP, ,STG29,7/13/2018,1.915, ,9/11/2018 7:15,A
H6059,NP-CHP, ,STG29,7/14/2018,1.939, ,9/11/2018 7:15,A
H6059,NP-CHP, ,STG29,7/15/2018,1.934, ,10/30/2018 7:15,A
H6059,NP-CHP, ,STG29,7/16/2018,1.919, ,10/30/2018 7:15,A
H6059,NP-CHP, ,STG29,7/17/2018,1.899, ,10/30/2018 7:15,A
H6059,NP-CHP, ,STG29,7/18/2018,1.874, ,10/30/2018 7:15,A
H6059,NP-CHP, ,STG29,7/19/2018,1.856, ,10/30/2018 7:15,A
H6059,NP-CHP, ,STG29,7/20/2018,1.84, ,10/30/2018 7:15,A
H6059,NP-CHP, ,STG29,7/21/2018,1.815, ,10/30/2018 7:15,A
H6059,NP-CHP, ,STG29,7/22/2018,1.795, ,10/30/2018 7:15,A
H6059,NP-CHP, ,STG29,7/23/2018,1.821, ,10/30/2018 7:15,A
H6059,NP-CHP, ,STG29,7/24/2018,1.96, ,10/30/2018 7:15,A
H6059,NP-CHP, ,STG29,7/25/2018,1.955, ,10/30/2018 7:15,A
H6059,NP-CHP, ,STG29,7/26/2018,1.939, ,10/30/2018 7:15,A
H6059,NP-CHP, ,STG29,7/27/2018,1.932, ,10/30/2018 7:15,A
H6059,NP-CHP, ,STG29,7/28/2018,1.959, ,10/30/2018 7:15,A
H6059,NP-CHP, ,STG29,7/29/2018,1.976, ,10/30/2018 7:15,A
H6059,NP-CHP, ,STG29,7/30/2018,2.002, ,10/30/2018 7:15,A
H6059,NP-CHP, ,STG29,7/31/2018,1.984, ,10/30/2018 7:15,A
H6059,NP-CHP, ,STG29,8/1/2018,1.972, ,10/30/2018 7:15,A
H6059,NP-CHP, ,STG29,8/2/2018,1.96, ,10/30/2018 7:15,A
H6059,NP-CHP, ,STG29,8/3/2018,1.934, ,10/30/2018 7:15,A
H6059,NP-CHP, ,STG29,8/4/2018,1.919, ,10/30/2018 7:15,A
H6059,NP-CHP, ,STG29,8/5/2018,1.901, ,10/30/2018 7:15,A
H6059,NP-CHP, ,STG29,8/6/2018,1.873, ,10/30/2018 7:15,A
H6059,NP-CHP, ,STG29,8/7/2018,1.844, ,10/30/2018 7:15,A
H6059,NP-CHP, ,STG29,8/8/2018,1.826, ,10/30/2018 7:15,A
H6059,NP-CHP, ,STG29,8/9/2018,1.806, ,10/30/2018 7:15,A
H6059,NP-CHP, ,STG29,8/10/2018,1.794, ,10/30/2018 7:15,A
H6059,NP-CHP, ,STG29,8/11/2018,1.792, ,10/30/2018 7:15,A
H6059,NP-CHP, ,STG29,8/12/2018,1.776, ,10/30/2018 7:15,A
H6059,NP-CHP, ,STG29,8/13/2018,1.763, ,10/30/2018 7:15,A
H6059,NP-CHP, ,STG29,8/14/2018,1.752, ,10/30/2018 7:15,A
H6059,NP-CHP, ,STG29,8/15/2018,1.737, ,10/30/2018 7:15,A
H6059,NP-CHP, ,STG29,8/16/2018,1.716, ,10/30/2018 7:15,A
H6059,NP-CHP, ,STG29,8/17/2018,1.697, ,10/30/2018 7:15,A
H6059,NP-CHP, ,STG29,8/18/2018,1.677, ,10/30/2018 7:15,A
H6059,NP-CHP, ,STG29,8/19/2018,1.677, ,10/30/2018 7:15,A
H6059,NP-CHP, ,STG29,8/20/2018,1.686, ,10/30/2018 7:15,A
H6059,NP-CHP, ,STG29,8/21/2018,1.665, ,10/30/2018 7:15,A
H6059,NP-CHP, ,STG29,8/22/2018,1.644, ,10/30/2018 7:15,A
H6059,NP-CHP, ,STG29,8/23/2018,1.631, ,10/30/2018 7:15,A
H6059,NP-CHP, ,STG29,8/24/2018,1.629, ,10/30/2018 7:15,A
H6059,NP-CHP, ,STG29,8/25/2018,1.704, ,10/30/2018 7:15,A
H6059,NP-CHP, ,STG29,8/26/2018,1.771, ,10/30/2018 7:15,A
H6059,NP-CHP, ,STG29,8/27/2018,1.754, ,10/30/2018 7:15,A
H6059,NP-CHP, ,STG29,8/28/2018,1.754, ,10/30/2018 7:15,A
H6059,NP-CHP, ,STG29,8/29/2018,1.752, ,10/30/2018 7:15,A
H6059,NP-CHP, ,STG29,8/30/2018,1.741, ,10/30/2018 7:15,A
H6059,NP-CHP, ,STG29,8/31/2018,1.735, ,10/30/2018 7:15,A
H6059,NP-CHP, ,STG29,9/1/2018,1.73, ,10/30/2018 7:15,A
H6059,NP-CHP, ,STG29,9/2/2018,1.73, ,10/30/2018 7:15,A
H6059,NP-CHP, ,STG29,9/3/2018,1.781, ,10/30/2018 7:15,A
H6059,NP-CHP, ,STG29,9/4/2018,1.835, ,10/30/2018 7:15,A
H6059,NP-CHP, ,STG29,9/5/2018,1.834, ,10/30/2018 7:15,A
H6059,NP-CHP, ,STG29,9/6/2018,1.833, ,10/30/2018 7:15,A
H6059,NP-CHP, ,STG29,9/7/2018,1.867, ,10/30/2018 7:15,A
H6059,NP-CHP, ,STG29,9/8/2018,1.876, ,10/30/2018 7:15,A
H6059,NP-CHP, ,STG29,9/9/2018,1.88, ,10/30/2018 7:15,A
H6059,NP-CHP, ,STG29,9/10/2018,1.885, ,10/30/2018 7:15,A
H6059,NP-CHP, ,STG29,9/11/2018,1.893, ,10/30/2018 7:15,A
H6059,NP-CHP, ,STG29,9/12/2018,1.895, ,10/30/2018 7:15,A
H6059,NP-CHP, ,STG29,9/13/2018,1.893, ,10/30/2018 7:15,A
H6059,NP-CHP, ,STG29,9/14/2018,1.885, ,10/30/2018 7:15,A
H6059,NP-CHP, ,STG29,9/15/2018,1.877, ,10/30/2018 7:15,A
H6059,NP-CHP, ,STG29,9/16/2018,1.872, ,2/23/2019 7:15,A
H6059,NP-CHP, ,STG29,9/17/2018,1.855, ,2/23/2019 7:15,A
H6059,NP-CHP, ,STG29,9/18/2018,1.839, ,2/23/2019 7:15,A
H6059,NP-CHP, ,STG29,9/19/2018,1.827, ,2/23/2019 7:15,A
H6059,NP-CHP, ,STG29,9/20/2018,1.823, ,2/23/2019 7:15,A
H6059,NP-CHP, ,STG29,9/21/2018,1.839, ,2/23/2019 7:15,A
H6059,NP-CHP, ,STG29,9/22/2018,1.853, ,2/23/2019 7:15,A
H6059,NP-CHP, ,STG29,9/23/2018,1.872, ,2/23/2019 7:15,A
H6059,NP-CHP, ,STG29,9/24/2018,1.873, ,2/23/2019 7:15,A
H6059,NP-CHP, ,STG29,9/25/2018,1.86, ,2/23/2019 7:15,A
H6059,NP-CHP, ,STG29,9/26/2018,1.846, ,2/23/2019 7:15,A
H6059,NP-CHP, ,STG29,9/27/2018,1.835, ,2/23/2019 7:15,A
H6059,NP-CHP, ,STG29,9/28/2018,1.824, ,2/23/2019 7:15,A
H6059,NP-CHP, ,STG29,9/29/2018,1.831, ,2/23/2019 7:15,A
H6059,NP-CHP, ,STG29,9/30/2018,1.833, ,2/23/2019 7:15,A
H6059,NP-CHP, ,STG29,10/1/2018,1.823, ,2/23/2019 7:15,A
H6059,NP-CHP, ,STG29,10/2/2018,1.816, ,2/23/2019 7:15,A
H6059,NP-CHP, ,STG29,10/3/2018,1.816, ,2/23/2019 7:15,A
H6059,NP-CHP, ,STG29,10/4/2018,1.824, ,2/23/2019 7:15,A
H6059,NP-CHP, ,STG29,10/5/2018,1.821, ,2/23/2019 7:15,A
H6059,NP-CHP, ,STG29,10/6/2018,1.806, ,2/23/2019 7:15,A
H6059,NP-CHP, ,STG29,10/7/2018,1.797, ,2/23/2019 7:15,A
H6059,NP-CHP, ,STG29,10/8/2018,1.884, ,2/23/2019 7:15,A
H6059,NP-CHP, ,STG29,10/9/2018,1.892, ,2/23/2019 7:15,A
H6059,NP-CHP, ,STG29,10/10/2018,1.89, ,2/23/2019 7:15,A
H6059,NP-CHP, ,STG29,10/11/2018,1.89, ,2/23/2019 7:15,A
H6059,NP-CHP, ,STG29,10/12/2018,1.891, ,2/23/2019 7:15,A
H6059,NP-CHP, ,STG29,10/13/2018,1.896, ,2/23/2019 7:15,A
H6059,NP-CHP, ,STG29,10/14/2018,1.897, ,2/23/2019 7:15,A
H6059,NP-CHP, ,STG29,10/15/2018,1.89, ,2/23/2019 7:15,A
H6059,NP-CHP, ,STG29,10/16/2018,1.881, ,2/23/2019 7:15,A
H6059,NP-CHP, ,STG29,10/17/2018,1.913, ,2/23/2019 7:15,A
H6059,NP-CHP, ,STG29,10/18/2018,1.902, ,2/23/2019 7:15,A
H6059,NP-CHP, ,STG29,10/19/2018,1.882, ,2/23/2019 7:15,A
H6059,NP-CHP, ,STG29,10/20/2018,1.87, ,2/23/2019 7:15,A
H6059,NP-CHP, ,STG29,10/21/2018,1.856, ,2/23/2019 7:15,A
H6059,NP-CHP, ,STG29,10/22/2018,1.839, ,2/23/2019 7:15,A
H6059,NP-CHP, ,STG29,10/23/2018,1.831, ,2/23/2019 7:15,A
H6059,NP-CHP, ,STG29,10/24/2018,1.818, ,2/23/2019 7:15,A
H6059,NP-CHP, ,STG29,10/25/2018,1.799, ,2/23/2019 7:15,A
H6059,NP-CHP, ,STG29,10/26/2018,1.787, ,2/23/2019 7:15,A
H6059,NP-CHP, ,STG29,10/27/2018,1.773, ,2/23/2019 7:15,A
H6059,NP-CHP, ,STG29,10/28/2018,1.76, ,2/23/2019 7:15,A
H6059,NP-CHP, ,STG29,10/29/2018,1.745, ,2/23/2019 7:15,A
H6059,NP-CHP, ,STG29,10/30/2018,1.733, ,2/23/2019 7:15,A
H6059,NP-CHP, ,STG29,10/31/2018,1.72, ,2/23/2019 7:15,A
H6059,NP-CHP, ,STG29,11/1/2018,1.706, ,2/23/2019 7:15,A
H6059,NP-CHP, ,STG29,11/2/2018,1.701, ,2/23/2019 7:15,A
H6059,NP-CHP, ,STG29,11/3/2018,1.736, ,2/23/2019 7:15,A
H6059,NP-CHP, ,STG29,11/4/2018,1.726, ,2/23/2019 7:15,A
H6059,NP-CHP, ,STG29,11/5/2018,1.715, ,2/23/2019 7:15,A
H6059,NP-CHP, ,STG29,11/6/2018,1.704, ,2/23/2019 7:15,A
H6059,NP-CHP, ,STG29,11/7/2018,1.693, ,2/23/2019 7:15,A
H6059,NP-CHP, ,STG29,11/8/2018,1.73, ,2/23/2019 7:15,A
H6059,NP-CHP, ,STG29,11/9/2018,1.719, ,2/23/2019 7:15,A
H6059,NP-CHP, ,STG29,11/10/2018,1.704, ,2/23/2019 7:15,A
H6059,NP-CHP, ,STG29,11/11/2018,1.695, ,2/23/2019 7:15,A
H6059,NP-CHP, ,STG29,11/12/2018,1.688, ,2/23/2019 7:15,A
H6059,NP-CHP, ,STG29,11/13/2018,1.675, ,2/23/2019 7:15,A
H6059,NP-CHP, ,STG29,11/14/2018,1.67, ,2/23/2019 7:15,A
H6059,NP-CHP, ,STG29,11/15/2018,1.671, ,2/23/2019 7:15,A
H6059,NP-CHP, ,STG29,11/16/2018,1.66, ,2/23/2019 7:15,A
H6059,NP-CHP, ,STG29,11/17/2018,1.641, ,2/23/2019 7:15,A
H6059,NP-CHP, ,STG29,11/18/2018,1.626, ,2/23/2019 7:15,A
H6059,NP-CHP, ,STG29,11/19/2018,1.61, ,2/23/2019 7:15,A
H6059,NP-CHP, ,STG29,11/20/2018,1.597, ,2/23/2019 7:15,A
H6059,NP-CHP, ,STG29,11/21/2018,1.591, ,2/23/2019 7:15,A
H6059,NP-CHP, ,STG29,11/22/2018,1.58, ,2/23/2019 7:15,A
H6059,NP-CHP, ,STG29,11/23/2018,1.583, ,2/23/2019 7:15,A
H6059,NP-CHP, ,STG29,11/24/2018,1.591, ,2/23/2019 7:15,A
H6059,NP-CHP, ,STG29,11/25/2018,1.589, ,2/23/2019 7:15,A
H6059,NP-CHP, ,STG29,11/26/2018,1.582, ,2/23/2019 7:15,A
H6059,NP-CHP, ,STG29,11/27/2018,1.578, ,2/23/2019 7:15,A
H6059,NP-CHP, ,STG29,11/28/2018,1.575, ,2/23/2019 7:15,A
H6059,NP-CHP, ,STG29,11/29/2018,1.566, ,2/23/2019 7:15,A
H6059,NP-CHP, ,STG29,11/30/2018,1.557, ,2/23/2019 7:15,A
H6059,NP-CHP, ,STG29,12/1/2018,1.552, ,2/23/2019 7:15,A
H6059,NP-CHP, ,STG29,12/2/2018,1.544, ,2/23/2019 7:15,A
H6059,NP-CHP, ,STG29,12/3/2018,1.537, ,2/23/2019 7:15,A
H6059,NP-CHP, ,STG29,12/4/2018,1.535, ,2/23/2019 7:15,A
H6059,NP-CHP, ,STG29,12/5/2018,1.535, ,2/23/2019 7:15,A
H6059,NP-CHP, ,STG29,12/6/2018,1.53, ,2/23/2019 7:15,A
H6059,NP-CHP, ,STG29,12/7/2018,1.519, ,2/23/2019 7:15,A
H6059,NP-CHP, ,STG29,12/8/2018,1.513, ,2/23/2019 7:15,A
H6059,NP-CHP, ,STG29,12/9/2018,1.51, ,2/23/2019 7:15,A
H6059,NP-CHP, ,STG29,12/10/2018,1.506, ,2/23/2019 7:15,A
H6059,NP-CHP, ,STG29,12/11/2018,1.496, ,6/15/2019 7:15,A
H6059,NP-CHP, ,STG29,12/12/2018,1.485, ,6/15/2019 7:15,A
H6059,NP-CHP, ,STG29,12/13/2018,1.478, ,6/15/2019 7:15,A
H6059,NP-CHP, ,STG29,12/14/2018,1.474, ,6/15/2019 7:15,A
H6059,NP-CHP, ,STG29,12/15/2018,1.474, ,6/15/2019 7:15,A
H6059,NP-CHP, ,STG29,12/16/2018,1.478, ,6/15/2019 7:15,A
H6059,NP-CHP, ,STG29,12/17/2018,1.473, ,6/15/2019 7:15,A
H6059,NP-CHP, ,STG29,12/18/2018,1.47, ,6/15/2019 7:15,A
H6059,NP-CHP, ,STG29,12/19/2018,1.465, ,6/15/2019 7:15,A
H6059,NP-CHP, ,STG29,12/20/2018,1.471, ,6/15/2019 7:15,A
H6059,NP-CHP, ,STG29,12/21/2018,1.533, ,6/15/2019 7:15,A
H6059,NP-CHP, ,STG29,12/22/2018,1.526, ,6/15/2019 7:15,A
H6059,NP-CHP, ,STG29,12/23/2018,1.519, ,6/15/2019 7:15,A
H6059,NP-CHP, ,STG29,12/24/2018,1.518, ,6/15/2019 7:15,A
H6059,NP-CHP, ,STG29,12/25/2018,1.515, ,6/15/2019 7:15,A
H6059,NP-CHP, ,STG29,12/26/2018,1.513, ,6/15/2019 7:15,A
H6059,NP-CHP, ,STG29,12/27/2018,1.506, ,6/15/2019 7:15,A
H6059,NP-CHP, ,STG29,12/28/2018,1.498, ,6/15/2019 7:15,A
H6059,NP-CHP, ,STG29,12/29/2018,1.493, ,6/15/2019 7:15,A
H6059,NP-CHP, ,STG29,12/30/2018,1.489, ,6/15/2019 7:15,A
H6059,NP-CHP, ,STG29,12/31/2018,1.479, ,6/15/2019 7:15,A
H6059,NP-CHP, ,STG29,1/1/2019,1.474, ,6/15/2019 7:15,A
H6059,NP-CHP, ,STG29,1/2/2019,1.469, ,6/15/2019 7:15,A
H6059,NP-CHP, ,STG29,1/3/2019,1.459, ,6/15/2019 7:15,A
H6059,NP-CHP, ,STG29,1/4/2019,1.455, ,6/15/2019 7:15,A
H6059,NP-CHP, ,STG29,1/5/2019,1.453, ,6/15/2019 7:15,A
H6059,NP-CHP, ,STG29,1/6/2019,1.445, ,6/15/2019 7:15,A
H6059,NP-CHP, ,STG29,1/7/2019,1.437, ,6/15/2019 7:15,A
H6059,NP-CHP, ,STG29,1/8/2019,1.431, ,6/15/2019 7:15,A
H6059,NP-CHP, ,STG29,1/9/2019,1.412, ,6/15/2019 7:15,A
H6059,NP-CHP, ,STG29,1/10/2019,1.4, ,6/15/2019 7:15,A
H6059,NP-CHP, ,STG29,1/11/2019,1.383, ,6/15/2019 7:15,A
H6059,NP-CHP, ,STG29,1/12/2019,1.373, ,6/15/2019 7:15,A
H6059,NP-CHP, ,STG29,1/13/2019,1.365, ,6/15/2019 7:15,A
H6059,NP-CHP, ,STG29,1/14/2019,1.356, ,6/15/2019 7:15,A
H6059,NP-CHP, ,STG29,1/15/2019,1.346, ,6/15/2019 7:15,A
H6059,NP-CHP, ,STG29,1/16/2019,1.337, ,6/15/2019 7:15,A
H6059,NP-CHP, ,STG29,1/17/2019,1.325, ,6/15/2019 7:15,A
H6059,NP-CHP, ,STG29,1/18/2019,1.313, ,6/15/2019 7:15,A
H6059,NP-CHP, ,STG29,1/19/2019,1.305, ,6/15/2019 7:15,A
H6059,NP-CHP, ,STG29,1/20/2019,1.336, ,6/15/2019 7:15,A
H6059,NP-CHP, ,STG29,1/21/2019,1.352, ,6/15/2019 7:15,A
H6059,NP-CHP, ,STG29,1/22/2019,1.345, ,6/15/2019 7:15,A
H6059,NP-CHP, ,STG29,1/23/2019,1.328, ,6/15/2019 7:15,A
H6059,NP-CHP, ,STG29,1/24/2019,1.328, ,6/15/2019 7:15,A
H6059,NP-CHP, ,STG29,1/25/2019,1.423, ,6/15/2019 7:15,A
H6059,NP-CHP, ,STG29,1/26/2019,1.416, ,6/15/2019 7:15,A
H6059,NP-CHP, ,STG29,1/27/2019,1.454, ,6/15/2019 7:15,A
H6059,NP-CHP, ,STG29,1/28/2019,1.494, ,6/15/2019 7:15,A
H6059,NP-CHP, ,STG29,1/29/2019,1.485, ,6/15/2019 7:15,A
H6059,NP-CHP, ,STG29,1/30/2019,1.477, ,6/15/2019 7:15,A
H6059,NP-CHP, ,STG29,1/31/2019,1.473, ,6/15/2019 7:15,A
H6059,NP-CHP, ,STG29,2/1/2019,1.469, ,6/15/2019 7:15,A
H6059,NP-CHP, ,STG29,2/2/2019,1.462, ,6/15/2019 7:15,A
H6059,NP-CHP, ,STG29,2/3/2019,1.459, ,6/15/2019 7:15,A
H6059,NP-CHP, ,STG29,2/4/2019,1.455, ,6/15/2019 7:15,A
H6059,NP-CHP, ,STG29,2/5/2019,1.446, ,6/15/2019 7:15,A
H6059,NP-CHP, ,STG29,2/6/2019,1.435, ,6/15/2019 7:15,A
H6059,NP-CHP, ,STG29,2/7/2019,1.433, ,6/15/2019 7:15,A
H6059,NP-CHP, ,STG29,2/8/2019,1.424, ,6/15/2019 7:15,A
H6059,NP-CHP, ,STG29,2/9/2019,1.413, ,6/15/2019 7:15,A
H6059,NP-CHP, ,STG29,2/10/2019,1.41, ,6/15/2019 7:15,A
H6059,NP-CHP, ,STG29,2/11/2019,1.41, ,6/15/2019 7:15,A
H6059,NP-CHP, ,STG29,2/12/2019,1.41, ,6/15/2019 7:15,A
H6059,NP-CHP, ,STG29,2/13/2019,1.467, ,6/15/2019 7:15,A
H6059,NP-CHP, ,STG29,2/14/2019,1.514, ,6/15/2019 7:15,A
H6059,NP-CHP, ,STG29,2/15/2019,1.51, ,6/15/2019 7:15,A
H6059,NP-CHP, ,STG29,2/16/2019,1.51, ,6/15/2019 7:15,A
H6059,NP-CHP, ,STG29,2/17/2019,1.508, ,6/15/2019 7:15,A
H6059,NP-CHP, ,STG29,2/18/2019,1.502, ,6/15/2019 7:15,A
H6059,NP-CHP, ,STG29,2/19/2019,1.497, ,6/15/2019 7:15,A
H6059,NP-CHP, ,STG29,2/20/2019,1.488, ,6/15/2019 7:15,A
H6059,NP-CHP, ,STG29,2/21/2019,1.478, ,6/15/2019 7:15,A
H6059,NP-CHP, ,STG29,2/22/2019,1.473, ,6/15/2019 7:15,A
H6059,NP-CHP, ,STG29,2/23/2019,1.466, ,6/15/2019 7:15,A
H6059,NP-CHP, ,STG29,2/24/2019,1.457, ,6/15/2019 7:15,A
H6059,NP-CHP, ,STG29,2/25/2019,1.455, ,6/15/2019 7:15,A
H6059,NP-CHP, ,STG29,2/26/2019,1.45, ,6/15/2019 7:15,A
H6059,NP-CHP, ,STG29,2/27/2019,1.445, ,6/15/2019 7:15,A
H6059,NP-CHP, ,STG29,2/28/2019,1.432, ,6/15/2019 7:15,A
H6059,NP-CHP, ,STG29,3/1/2019,1.421, ,6/15/2019 7:15,A
H6059,NP-CHP, ,STG29,3/2/2019,1.408, ,6/15/2019 7:15,A
H6059,NP-CHP, ,STG29,3/3/2019,1.391, ,6/15/2019 7:15,A
H6059,NP-CHP, ,STG29,3/4/2019,1.376, ,6/15/2019 7:15,A
H6059,NP-CHP, ,STG29,3/5/2019,1.364, ,6/15/2019 7:15,A
H6059,NP-CHP, ,STG29,3/6/2019,1.346, ,6/15/2019 7:15,A
H6059,NP-CHP, ,STG29,3/7/2019,1.325, ,6/15/2019 7:15,A
H6059,NP-CHP, ,STG29,3/8/2019,1.309, ,6/15/2019 7:15,A
H6059,NP-CHP, ,STG29,3/9/2019,1.295, ,6/15/2019 7:15,A
H6059,NP-CHP, ,STG29,3/10/2019,1.282, ,6/15/2019 7:15,A
H6059,NP-CHP, ,STG29,3/11/2019,1.271, ,6/15/2019 7:15,A
H6059,NP-CHP, ,STG29,3/12/2019,1.26, ,6/15/2019 7:15,A
H6059,NP-CHP, ,STG29,3/13/2019,1.25, ,6/15/2019 7:15,A
H6059,NP-CHP, ,STG29,3/14/2019,1.235, ,6/15/2019 7:15,A
H6059,NP-CHP, ,STG29,3/15/2019,1.234, ,6/15/2019 7:15,A
H6059,NP-CHP, ,STG29,3/16/2019,1.23, ,6/15/2019 7:15,A
H6059,NP-CHP, ,STG29,3/17/2019,1.228, ,6/15/2019 7:15,A
H6059,NP-CHP, ,STG29,3/18/2019,1.223, ,6/15/2019 7:15,A
H6059,NP-CHP, ,STG29,3/19/2019,1.25, ,6/15/2019 7:15,A
H6059,NP-CHP, ,STG29,3/20/2019,1.277, ,6/15/2019 7:15,A
H6059,NP-CHP, ,STG29,3/21/2019,1.271, ,6/15/2019 7:15,A
H6059,NP-CHP, ,STG29,3/22/2019,1.257, ,6/15/2019 7:15,A
H6059,NP-CHP, ,STG29,3/23/2019,1.245, ,6/15/2019 7:15,A
H6059,NP-CHP, ,STG29,3/24/2019,1.233, ,6/15/2019 7:15,A
H6059,NP-CHP, ,STG29,3/25/2019,1.228, ,6/15/2019 7:15,A
H6059,NP-CHP, ,STG29,3/26/2019,1.221, ,6/15/2019 7:15,A
H6059,NP-CHP, ,STG29,3/27/2019,1.213, ,6/15/2019 7:15,A
H6059,NP-CHP, ,STG29,3/28/2019,1.208, ,6/15/2019 7:15,A
H6059,NP-CHP, ,STG29,3/29/2019,1.195, ,6/15/2019 7:15,A
H6059,NP-CHP, ,STG29,3/30/2019,1.186, ,6/15/2019 7:15,A
H6059,NP-CHP, ,STG29,3/31/2019,1.175, ,6/15/2019 7:15,A
H6059,NP-CHP, ,STG29,4/1/2019,1.163, ,6/15/2019 7:15,A
H6059,NP-CHP, ,STG29,4/2/2019,1.145, ,1/9/2020 7:15,A
H6059,NP-CHP, ,STG29,4/3/2019,1.133, ,1/9/2020 7:15,A
H6059,NP-CHP, ,STG29,4/4/2019,1.124, ,1/9/2020 7:15,A
H6059,NP-CHP, ,STG29,4/5/2019,1.113, ,1/9/2020 7:15,A
H6059,NP-CHP, ,STG29,4/6/2019,1.104, ,1/9/2020 7:15,A
H6059,NP-CHP, ,STG29,4/7/2019,1.087, ,1/9/2020 7:15,A
H6059,NP-CHP, ,STG29,4/8/2019,1.069, ,1/9/2020 7:15,A
H6059,NP-CHP, ,STG29,4/9/2019,1.123, ,1/9/2020 7:15,A
H6059,NP-CHP, ,STG29,4/10/2019,1.234, ,1/9/2020 7:15,A
H6059,NP-CHP, ,STG29,4/11/2019,1.235, ,1/9/2020 7:15,A
H6059,NP-CHP, ,STG29,4/12/2019,1.234, ,1/9/2020 7:15,A
H6059,NP-CHP, ,STG29,4/13/2019,1.231, ,1/9/2020 7:15,A
H6059,NP-CHP, ,STG29,4/14/2019,1.226, ,1/9/2020 7:15,A
H6059,NP-CHP, ,STG29,4/15/2019,1.229, ,1/9/2020 7:15,A
H6059,NP-CHP, ,STG29,4/16/2019,1.228, ,1/9/2020 7:15,A
H6059,NP-CHP, ,STG29,4/17/2019,1.218, ,1/9/2020 7:15,A
H6059,NP-CHP, ,STG29,4/18/2019,1.209, ,1/9/2020 7:15,A
H6059,NP-CHP, ,STG29,4/19/2019,1.206, ,1/9/2020 7:15,A
H6059,NP-CHP, ,STG29,4/20/2019,1.296, ,1/9/2020 7:15,A
H6059,NP-CHP, ,STG29,4/21/2019,1.289, ,1/9/2020 7:15,A
H6059,NP-CHP, ,STG29,4/22/2019,1.273, ,1/9/2020 7:15,A
H6059,NP-CHP, ,STG29,4/23/2019,1.257, ,1/9/2020 7:15,A
H6059,NP-CHP, ,STG29,4/24/2019,1.243, ,1/9/2020 7:15,A
H6059,NP-CHP, ,STG29,4/25/2019,1.23, ,1/9/2020 7:15,A
H6059,NP-CHP, ,STG29,4/26/2019,1.215, ,1/9/2020 7:15,A
H6059,NP-CHP, ,STG29,4/27/2019,1.205, ,1/9/2020 7:15,A
H6059,NP-CHP, ,STG29,4/28/2019,1.188, ,1/9/2020 7:15,A
H6059,NP-CHP, ,STG29,4/29/2019,1.169, ,1/9/2020 7:15,A
H6059,NP-CHP, ,STG29,4/30/2019,1.149, ,1/9/2020 7:15,A
H6059,NP-CHP, ,STG29,5/1/2019,1.131, ,1/9/2020 7:15,A
H6059,NP-CHP, ,STG29,5/2/2019,1.113, ,1/9/2020 7:15,A
H6059,NP-CHP, ,STG29,5/3/2019,1.094, ,1/9/2020 7:15,A
H6059,NP-CHP, ,STG29,5/4/2019,1.076, ,1/9/2020 7:15,A
H6059,NP-CHP, ,STG29,5/5/2019,1.056, ,1/9/2020 7:15,A
H6059,NP-CHP, ,STG29,5/6/2019,1.04, ,1/9/2020 7:15,A
H6059,NP-CHP, ,STG29,5/7/2019,1.066, ,1/9/2020 7:15,A
H6059,NP-CHP, ,STG29,5/8/2019,1.128, ,1/9/2020 7:15,A
H6059,NP-CHP, ,STG29,5/9/2019,1.123, ,1/9/2020 7:15,A
H6059,NP-CHP, ,STG29,5/10/2019,1.111, ,1/9/2020 7:15,A
H6059,NP-CHP, ,STG29,5/11/2019,1.097, ,1/9/2020 7:15,A
H6059,NP-CHP, ,STG29,5/12/2019,1.079, ,1/9/2020 7:15,A
H6059,NP-CHP, ,STG29,5/13/2019,1.06, ,1/9/2020 7:15,A
H6059,NP-CHP, ,STG29,5/14/2019,1.061, ,1/9/2020 7:15,A
H6059,NP-CHP, ,STG29,5/15/2019,1.073, ,1/9/2020 7:15,A
H6059,NP-CHP, ,STG29,5/16/2019,1.148, ,1/9/2020 7:15,A
H6059,NP-CHP, ,STG29,5/17/2019,1.184, ,1/9/2020 7:15,A
H6059,NP-CHP, ,STG29,5/18/2019,1.161, ,1/9/2020 7:15,A
H6059,NP-CHP, ,STG29,5/19/2019,1.143, ,1/9/2020 7:15,A
H6059,NP-CHP, ,STG29,5/20/2019,1.183, ,1/9/2020 7:15,A
H6059,NP-CHP, ,STG29,5/21/2019,1.241, ,1/9/2020 7:15,A
H6059,NP-CHP, ,STG29,5/22/2019,1.223, ,1/9/2020 7:15,A
H6059,NP-CHP, ,STG29,5/23/2019,1.204, ,1/9/2020 7:15,A
H6059,NP-CHP, ,STG29,5/24/2019,1.183, ,1/9/2020 7:15,A
H6059,NP-CHP, ,STG29,5/25/2019,1.161, ,1/9/2020 7:15,A
H6059,NP-CHP, ,STG29,5/26/2019,1.139, ,1/9/2020 7:15,A
H6059,NP-CHP, ,STG29,5/27/2019,1.113, ,1/9/2020 7:15,A
H6059,NP-CHP, ,STG29,5/28/2019,1.089, ,1/9/2020 7:15,A
H6059,NP-CHP, ,STG29,5/29/2019,1.064, ,1/9/2020 7:15,A
H6059,NP-CHP, ,STG29,5/30/2019,1.044, ,1/9/2020 7:15,A
H6059,NP-CHP, ,STG29,5/31/2019,1.027, ,1/9/2020 7:15,A
H6059,NP-CHP, ,STG29,6/1/2019,1.009, ,1/9/2020 7:15,A
H6059,NP-CHP, ,STG29,6/2/2019,0.99, ,1/9/2020 7:15,A
H6059,NP-CHP, ,STG29,6/3/2019,0.982, ,1/9/2020 7:15,A
H6059,NP-CHP, ,STG29,6/4/2019,0.991, ,1/9/2020 7:15,A
H6059,NP-CHP, ,STG29,6/5/2019,0.978, ,1/9/2020 7:15,A
H6059,NP-CHP, ,STG29,6/6/2019,0.966, ,1/9/2020 7:15,A
H6059,NP-CHP, ,STG29,6/7/2019,0.95, ,1/9/2020 7:15,A
H6059,NP-CHP, ,STG29,6/8/2019,0.929, ,1/9/2020 7:15,A
H6059,NP-CHP, ,STG29,6/9/2019,0.941, ,1/9/2020 7:15,A
H6059,NP-CHP, ,STG29,6/10/2019,0.989, ,1/9/2020 7:15,A
H6059,NP-CHP, ,STG29,6/11/2019,1.006, ,1/9/2020 7:15,A
H6059,NP-CHP, ,STG29,6/12/2019,0.996, ,1/9/2020 7:15,A
H6059,NP-CHP, ,STG29,6/13/2019,0.988, ,1/9/2020 7:15,A
H6059,NP-CHP, ,STG29,6/14/2019,1.008, ,1/9/2020 7:15,A
H6059,NP-CHP, ,STG29,6/15/2019,1.082, ,1/9/2020 7:15,A
H6059,NP-CHP, ,STG29,6/16/2019,1.188, ,1/9/2020 7:15,A
H6059,NP-CHP, ,STG29,6/17/2019,1.305, ,1/9/2020 7:15,A
H6059,NP-CHP, ,STG29,6/18/2019,1.393, ,1/9/2020 7:15,A
H6059,NP-CHP, ,STG29,6/19/2019,1.448, ,1/9/2020 7:15,A
H6059,NP-CHP, ,STG29,6/20/2019,1.481, ,1/9/2020 7:15,A
H6059,NP-CHP, ,STG29,6/21/2019,1.497, ,1/9/2020 7:15,A
H6059,NP-CHP, ,STG29,6/22/2019,1.51, ,1/9/2020 7:15,A
H6059,NP-CHP, ,STG29,6/23/2019,1.51, ,1/9/2020 7:15,A
H6059,NP-CHP, ,STG29,6/24/2019,1.51, ,1/9/2020 7:15,A
H6059,NP-CHP, ,STG29,6/25/2019,1.51, ,1/9/2020 7:15,A
H6059,NP-CHP, ,STG29,6/26/2019,1.51, ,1/9/2020 7:15,A
H6059,NP-CHP, ,STG29,6/27/2019,1.51, ,1/9/2020 7:15,A
H6059,NP-CHP, ,STG29,6/28/2019,1.51, ,1/9/2020 7:15,A
H6059,NP-CHP, ,STG29,6/29/2019,1.525, ,1/9/2020 7:15,A
H6059,NP-CHP, ,STG29,6/30/2019,1.531, ,1/9/2020 7:15,A
H6059,NP-CHP, ,STG29,7/1/2019,1.53, ,1/9/2020 7:15,A
H6059,NP-CHP, ,STG29,7/2/2019,1.54, ,1/9/2020 7:15,A
H6059,NP-CHP, ,STG29,7/3/2019,1.573, ,1/9/2020 7:15,A
H6059,NP-CHP, ,STG29,7/4/2019,1.567, ,1/9/2020 7:15,A
H6059,NP-CHP, ,STG29,7/5/2019,1.543, ,1/9/2020 7:15,A
H6059,NP-CHP, ,STG29,7/6/2019,1.533, ,1/9/2020 7:15,A
H6059,NP-CHP, ,STG29,7/7/2019,1.541, ,1/9/2020 7:15,A
H6059,NP-CHP, ,STG29,7/8/2019,1.577, ,1/9/2020 7:15,A
H6059,NP-CHP, ,STG29,7/9/2019,1.597, ,1/9/2020 7:15,A
H6059,NP-CHP, ,STG29,7/10/2019,1.606, ,1/9/2020 7:15,A
H6059,NP-CHP, ,STG29,7/11/2019,1.604, ,1/9/2020 7:15,A
H6059,NP-CHP, ,STG29,7/12/2019,1.825, ,1/9/2020 7:15,A
H6059,NP-CHP, ,STG29,7/13/2019,1.802, ,1/9/2020 7:15,A
H6059,NP-CHP, ,STG29,7/14/2019,1.778, ,1/9/2020 7:15,A
H6059,NP-CHP, ,STG29,7/15/2019,1.763, ,1/9/2020 7:15,A
H6059,NP-CHP, ,STG29,7/16/2019,1.75, ,1/9/2020 7:15,A
H6059,NP-CHP, ,STG29,7/17/2019,1.735, ,1/9/2020 7:15,A
H6059,NP-CHP, ,STG29,7/18/2019,1.719, ,1/9/2020 7:15,A
H6059,NP-CHP, ,STG29,7/19/2019,1.707, ,1/9/2020 7:15,A
H6059,NP-CHP, ,STG29,7/20/2019,1.691, ,1/9/2020 7:15,A
H6059,NP-CHP, ,STG29,7/21/2019,1.674, ,1/9/2020 7:15,A
H6059,NP-CHP, ,STG29,7/22/2019,1.715, ,1/9/2020 7:15,A
H6059,NP-CHP, ,STG29,7/23/2019,1.747, ,1/9/2020 7:15,A
H6059,NP-CHP, ,STG29,7/24/2019,1.723, ,1/9/2020 7:15,A
H6059,NP-CHP, ,STG29,7/25/2019,1.711, ,1/9/2020 7:15,A
H6059,NP-CHP, ,STG29,7/26/2019,1.781, ,1/9/2020 7:15,A
H6059,NP-CHP, ,STG29,7/27/2019,1.785, ,1/9/2020 7:15,A
H6059,NP-CHP, ,STG29,7/28/2019,1.784, ,1/9/2020 7:15,A
H6059,NP-CHP, ,STG29,7/29/2019,1.765, ,1/9/2020 7:15,A
H6059,NP-CHP, ,STG29,7/30/2019,1.755, ,1/9/2020 7:15,A
H6059,NP-CHP, ,STG29,7/31/2019,1.746, ,1/9/2020 7:15,A
H6059,NP-CHP, ,STG29,8/1/2019,1.79, ,1/9/2020 7:15,A
H6059,NP-CHP, ,STG29,8/2/2019,1.828, ,1/9/2020 7:15,A
H6059,NP-CHP, ,STG29,8/3/2019,1.837, ,1/9/2020 7:15,A
H6059,NP-CHP, ,STG29,8/4/2019,1.869, ,1/9/2020 7:15,A
H6059,NP-CHP, ,STG29,8/5/2019,1.917, ,1/9/2020 7:15,A
H6059,NP-CHP, ,STG29,8/6/2019,1.95, ,1/9/2020 7:15,A
H6059,NP-CHP, ,STG29,8/7/2019,1.962, ,1/9/2020 7:15,A
H6059,NP-CHP, ,STG29,8/8/2019,1.966, ,1/9/2020 7:15,A
H6059,NP-CHP, ,STG29,8/9/2019,1.965, ,1/9/2020 7:15,A
H6059,NP-CHP, ,STG29,8/10/2019,1.97, ,1/9/2020 7:15,A
H6059,NP-CHP, ,STG29,8/11/2019,1.969, ,1/9/2020 7:15,A
H6059,NP-CHP, ,STG29,8/12/2019,1.978, ,1/9/2020 7:15,A
H6059,NP-CHP, ,STG29,8/13/2019,1.965, ,1/9/2020 7:15,A
H6059,NP-CHP, ,STG29,8/14/2019,1.983, ,1/9/2020 7:15,A
H6059,NP-CHP, ,STG29,8/15/2019,2.003, ,1/9/2020 7:15,A
H6059,NP-CHP, ,STG29,8/16/2019,2.051, ,1/9/2020 7:15,A
H6059,NP-CHP, ,STG29,8/17/2019,2.02, ,1/9/2020 7:15,A
H6059,NP-CHP, ,STG29,8/18/2019,1.996, ,1/9/2020 7:15,A
H6059,NP-CHP, ,STG29,8/19/2019,1.969, ,1/9/2020 7:15,A
H6059,NP-CHP, ,STG29,8/20/2019,1.947, ,1/9/2020 7:15,A
H6059,NP-CHP, ,STG29,8/21/2019,1.93, ,1/9/2020 7:15,A
H6059,NP-CHP, ,STG29,8/22/2019,1.919, ,1/9/2020 7:15,A
H6059,NP-CHP, ,STG29,8/23/2019,1.912, ,1/9/2020 7:15,A
H6059,NP-CHP, ,STG29,8/24/2019,1.923, ,1/9/2020 7:15,A
H6059,NP-CHP, ,STG29,8/25/2019,1.975, ,1/9/2020 7:15,A
H6059,NP-CHP, ,STG29,8/26/2019,2.013, ,1/9/2020 7:15,A
H6059,NP-CHP, ,STG29,8/27/2019,2.023, ,1/9/2020 7:15,A
H6059,NP-CHP, ,STG29,8/28/2019,2.014, ,1/9/2020 7:15,A
H6059,NP-CHP, ,STG29,8/29/2019,2.016, ,1/9/2020 7:15,A
H6059,NP-CHP, ,STG29,8/30/2019,2.025, ,1/9/2020 7:15,A
H6059,NP-CHP, ,STG29,8/31/2019,2.021, ,1/9/2020 7:15,A
H6059,NP-CHP, ,STG29,9/1/2019,2.015, ,1/9/2020 7:15,A
H6059,NP-CHP, ,STG29,9/2/2019,2.01, ,1/9/2020 7:15,A
H6059,NP-CHP, ,STG29,9/3/2019,1.995, ,1/9/2020 7:15,A
H6059,NP-CHP, ,STG29,9/4/2019,1.992, ,1/9/2020 7:15,A
H6059,NP-CHP, ,STG29,9/5/2019,2.016, ,1/9/2020 7:15,A
H6059,NP-CHP, ,STG29,9/6/2019,2.034, ,1/9/2020 7:15,A
H6059,NP-CHP, ,STG29,9/7/2019,2.023, ,1/9/2020 7:15,A
H6059,NP-CHP, ,STG29,9/8/2019,2.007, ,1/9/2020 7:15,A
H6059,NP-CHP, ,STG29,9/9/2019,1.987, ,1/9/2020 7:15,A
H6059,NP-CHP, ,STG29,9/10/2019,1.966, ,1/9/2020 7:15,A
H6059,NP-CHP, ,STG29,9/11/2019,1.945, ,1/9/2020 7:15,A
H6059,NP-CHP, ,STG29,9/12/2019,1.922, ,1/9/2020 7:15,A
H6059,NP-CHP, ,STG29,9/13/2019,1.911, ,1/9/2020 7:15,A
H6059,NP-CHP, ,STG29,9/14/2019,1.919, ,1/9/2020 7:15,A
H6059,NP-CHP, ,STG29,9/15/2019,1.939, ,1/9/2020 7:15,A
H6059,NP-CHP, ,STG29,9/16/2019,1.93, ,1/9/2020 7:15,A
H6059,NP-CHP, ,STG29,9/17/2019,1.914, ,1/9/2020 7:15,A
H6059,NP-CHP, ,STG29,9/18/2019,1.895, ,1/9/2020 7:15,A
H6059,NP-CHP, ,STG29,9/19/2019,1.877, ,1/9/2020 7:15,A
H6059,NP-CHP, ,STG29,9/20/2019,1.872, ,1/9/2020 7:15,A
H6059,NP-CHP, ,STG29,9/21/2019,1.923, ,1/9/2020 7:15,A
H6059,NP-CHP, ,STG29,9/22/2019,1.975, ,1/9/2020 7:15,A
H6059,NP-CHP, ,STG29,9/23/2019,1.965, ,1/9/2020 7:15,A
H6059,NP-CHP, ,STG29,9/24/2019,1.944, ,1/9/2020 7:15,A
H6059,NP-CHP, ,STG29,9/25/2019,1.929, ,1/9/2020 7:15,A
H6059,NP-CHP, ,STG29,9/26/2019,1.916, ,1/9/2020 7:15,A
H6059,NP-CHP, ,STG29,9/27/2019,1.902, ,1/9/2020 7:15,A
H6059,NP-CHP, ,STG29,9/28/2019,1.892, ,1/9/2020 7:15,A
H6059,NP-CHP, ,STG29,9/29/2019,1.884, ,1/9/2020 7:15,A
H6059,NP-CHP, ,STG29,9/30/2019,1.868, ,1/9/2020 7:15,A
H6059,NP-CHP, ,STG29,10/1/2019,1.852, ,1/9/2020 7:15,A
H6059,NP-CHP, ,STG29,10/2/2019,1.84, ,1/9/2020 7:15,A
H6059,NP-CHP, ,STG29,10/3/2019,1.829, ,1/9/2020 7:15,A
H6059,NP-CHP, ,STG29,10/4/2019,1.824, ,1/9/2020 7:15,A
H6059,NP-CHP, ,STG29,10/5/2019,1.828, ,1/9/2020 7:15,A
H6059,NP-CHP, ,STG29,10/6/2019,1.833, ,1/9/2020 7:15,A
H6059,NP-CHP, ,STG29,10/7/2019,1.873, ,1/9/2020 7:15,A
H6059,NP-CHP, ,STG29,10/8/2019,1.978, ,1/9/2020 7:15,A
H6059,NP-CHP, ,STG29,10/9/2019,2.095, ,1/9/2020 7:15,A
H6059,NP-CHP, ,STG29,10/10/2019,2.169, ,4/18/2020 7:15,A
H6059,NP-CHP, ,STG29,10/11/2019,2.167, ,4/18/2020 7:15,A
H6059,NP-CHP, ,STG29,10/12/2019,2.168, ,4/18/2020 7:15,A
H6059,NP-CHP, ,STG29,10/13/2019,2.196, ,4/18/2020 7:15,A
H6059,NP-CHP, ,STG29,10/14/2019,2.19, ,4/18/2020 7:15,A
H6059,NP-CHP, ,STG29,10/15/2019,2.194, ,4/18/2020 7:15,A
H6059,NP-CHP, ,STG29,10/16/2019,2.208, ,4/18/2020 7:15,A
H6059,NP-CHP, ,STG29,10/17/2019,2.221, ,4/18/2020 7:15,A
H6059,NP-CHP, ,STG29,10/18/2019,2.23, ,4/18/2020 7:15,A
H6059,NP-CHP, ,STG29,10/19/2019,2.232, ,4/18/2020 7:15,A
H6059,NP-CHP, ,STG29,10/20/2019,2.235, ,4/18/2020 7:15,A
H6059,NP-CHP, ,STG29,10/21/2019,2.231, ,4/18/2020 7:15,A
H6059,NP-CHP, ,STG29,10/22/2019,2.206, ,4/18/2020 7:15,A
H6059,NP-CHP, ,STG29,10/23/2019,2.173, ,4/18/2020 7:15,A
H6059,NP-CHP, ,STG29,10/24/2019,2.137, ,4/18/2020 7:15,A
H6059,NP-CHP, ,STG29,10/25/2019,2.103, ,4/18/2020 7:15,A
H6059,NP-CHP, ,STG29,10/26/2019,2.102, ,4/18/2020 7:15,A
H6059,NP-CHP, ,STG29,10/27/2019,2.105, ,4/18/2020 7:15,A
H6059,NP-CHP, ,STG29,10/28/2019,2.092, ,4/18/2020 7:15,A
H6059,NP-CHP, ,STG29,10/29/2019,2.074, ,4/18/2020 7:15,A
H6059,NP-CHP, ,STG29,10/30/2019,2.057, ,4/18/2020 7:15,A
H6059,NP-CHP, ,STG29,10/31/2019,2.038, ,4/18/2020 7:15,A
H6059,NP-CHP, ,STG29,11/1/2019,2.017, ,4/18/2020 7:15,A
H6059,NP-CHP, ,STG29,11/2/2019,1.997, ,4/18/2020 7:15,A
H6059,NP-CHP, ,STG29,11/3/2019,1.98, ,4/18/2020 7:15,A
H6059,NP-CHP, ,STG29,11/4/2019,1.957, ,4/18/2020 7:15,A
H6059,NP-CHP, ,STG29,11/5/2019,1.939, ,4/18/2020 7:15,A
H6059,NP-CHP, ,STG29,11/6/2019,1.917, ,4/18/2020 7:15,A
H6059,NP-CHP, ,STG29,11/7/2019,1.896, ,4/18/2020 7:15,A
H6059,NP-CHP, ,STG29,11/8/2019,1.882, ,4/18/2020 7:15,A
H6059,NP-CHP, ,STG29,11/9/2019,1.877, ,4/18/2020 7:15,A
H6059,NP-CHP, ,STG29,11/10/2019,1.864, ,4/18/2020 7:15,A
H6059,NP-CHP, ,STG29,11/11/2019,1.845, ,4/18/2020 7:15,A
H6059,NP-CHP, ,STG29,11/12/2019,1.833, ,4/18/2020 7:15,A
H6059,NP-CHP, ,STG29,11/13/2019,1.824, ,4/18/2020 7:15,A
H6059,NP-CHP, ,STG29,11/14/2019,1.827, ,4/18/2020 7:15,A
H6059,NP-CHP, ,STG29,11/15/2019,1.851, ,4/18/2020 7:15,A
H6059,NP-CHP, ,STG29,11/16/2019,1.885, ,4/18/2020 7:15,A
H6059,NP-CHP, ,STG29,11/17/2019,1.89, ,4/18/2020 7:15,A
H6059,NP-CHP, ,STG29,11/18/2019,1.88, ,4/18/2020 7:15,A
H6059,NP-CHP, ,STG29,11/19/2019,1.875, ,4/18/2020 7:15,A
H6059,NP-CHP, ,STG29,11/20/2019,1.881, ,4/18/2020 7:15,A
H6059,NP-CHP, ,STG29,11/21/2019,1.89, ,4/18/2020 7:15,A
H6059,NP-CHP, ,STG29,11/22/2019,1.886, ,4/18/2020 7:15,A
H6059,NP-CHP, ,STG29,11/23/2019,1.878, ,4/18/2020 7:15,A
H6059,NP-CHP, ,STG29,11/24/2019,1.875, ,4/18/2020 7:15,A
H6059,NP-CHP, ,STG29,11/25/2019,1.88, ,4/18/2020 7:15,A
H6059,NP-CHP, ,STG29,11/26/2019,1.881, ,4/18/2020 7:15,A
H6059,NP-CHP, ,STG29,11/27/2019,1.878, ,4/18/2020 7:15,A
H6059,NP-CHP, ,STG29,11/28/2019,1.872, ,4/18/2020 7:15,A
H6059,NP-CHP, ,STG29,11/29/2019,1.857, ,4/18/2020 7:15,A
H6059,NP-CHP, ,STG29,11/30/2019,1.842, ,4/18/2020 7:15,A
H6059,NP-CHP, ,STG29,12/1/2019,1.827, ,4/18/2020 7:15,A
H6059,NP-CHP, ,STG29,12/2/2019,1.813, ,4/18/2020 7:15,A
H6059,NP-CHP, ,STG29,12/3/2019,1.8, ,4/18/2020 7:15,A
H6059,NP-CHP, ,STG29,12/4/2019,1.783, ,4/18/2020 7:15,A
H6059,NP-CHP, ,STG29,12/5/2019,1.77, ,4/18/2020 7:15,A
H6059,NP-CHP, ,STG29,12/6/2019,1.754, ,4/18/2020 7:15,A
H6059,NP-CHP, ,STG29,12/7/2019,1.74, ,4/18/2020 7:15,A
H6059,NP-CHP, ,STG29,12/8/2019,1.728, ,4/18/2020 7:15,A
H6059,NP-CHP, ,STG29,12/9/2019,1.714, ,4/18/2020 7:15,A
H6059,NP-CHP, ,STG29,12/10/2019,1.703, ,4/18/2020 7:15,A
H6059,NP-CHP, ,STG29,12/11/2019,1.693, ,4/18/2020 7:15,A
H6059,NP-CHP, ,STG29,12/12/2019,1.701, ,4/18/2020 7:15,A
H6059,NP-CHP, ,STG29,12/13/2019,1.707, ,4/18/2020 7:15,A
H6059,NP-CHP, ,STG29,12/14/2019,1.697, ,4/18/2020 7:15,A
H6059,NP-CHP, ,STG29,12/15/2019,1.69, ,4/18/2020 7:15,A
H6059,NP-CHP, ,STG29,12/16/2019,1.676, ,4/18/2020 7:15,A
H6059,NP-CHP, ,STG29,12/17/2019,1.663, ,4/18/2020 7:15,A
H6059,NP-CHP, ,STG29,12/18/2019,1.655, ,4/18/2020 7:15,A
H6059,NP-CHP, ,STG29,12/19/2019,1.656, ,4/18/2020 7:15,A
H6059,NP-CHP, ,STG29,12/20/2019,1.669, ,4/18/2020 7:15,A
H6059,NP-CHP, ,STG29,12/21/2019,1.663, ,4/18/2020 7:15,A
H6059,NP-CHP, ,STG29,12/22/2019,1.652, ,4/18/2020 7:15,A
H6059,NP-CHP, ,STG29,12/23/2019,1.712, ,4/18/2020 7:15,A
H6059,NP-CHP, ,STG29,12/24/2019,1.717, ,4/18/2020 7:15,A
H6059,NP-CHP, ,STG29,12/25/2019,1.715, ,4/18/2020 7:15,A
H6059,NP-CHP, ,STG29,12/26/2019,1.716, ,4/18/2020 7:15,A
H6059,NP-CHP, ,STG29,12/27/2019,1.717, ,4/18/2020 7:15,A
H6059,NP-CHP, ,STG29,12/28/2019,1.715, ,4/18/2020 7:15,A
H6059,NP-CHP, ,STG29,12/29/2019,1.715, ,4/18/2020 7:15,A
H6059,NP-CHP, ,STG29,12/30/2019,1.715, ,4/18/2020 7:15,A
H6059,NP-CHP, ,STG29,12/31/2019,1.715, ,4/18/2020 7:15,A
H6059,NP-CHP, ,STG29,1/1/2020,1.715, ,4/18/2020 7:15,A
H6059,NP-CHP, ,STG29,1/2/2020,1.712, ,4/18/2020 7:15,A
H6059,NP-CHP, ,STG29,1/3/2020,1.706, ,4/18/2020 7:15,A
H6059,NP-CHP, ,STG29,1/4/2020,1.697, ,4/18/2020 7:15,A
H6059,NP-CHP, ,STG29,1/5/2020,1.69, ,4/18/2020 7:15,A
H6059,NP-CHP, ,STG29,1/6/2020,1.677, ,4/18/2020 7:15,A
H6059,NP-CHP, ,STG29,1/7/2020,1.67, ,4/18/2020 7:15,A
H6059,NP-CHP, ,STG29,1/8/2020,1.655, ,4/18/2020 7:15,A
H6059,NP-CHP, ,STG29,1/9/2020,1.64, ,4/18/2020 7:15,A
H6059,NP-CHP, ,STG29,1/10/2020,1.625, ,4/18/2020 7:15,A
H6059,NP-CHP, ,STG29,1/11/2020,1.613, ,4/18/2020 7:15,A
H6059,NP-CHP, ,STG29,1/12/2020,1.603, ,4/18/2020 7:15,A
H6059,NP-CHP, ,STG29,1/13/2020,1.59, ,4/18/2020 7:15,A
H6059,NP-CHP, ,STG29,1/14/2020,1.579, ,4/18/2020 7:15,A
H6059,NP-CHP, ,STG29,1/15/2020,1.573, ,4/18/2020 7:15,A
H6059,NP-CHP, ,STG29,1/16/2020,1.563, ,4/18/2020 7:15,A
H6059,NP-CHP, ,STG29,1/17/2020,1.56, ,4/18/2020 7:15,A
H6059,NP-CHP, ,STG29,1/18/2020,1.562, ,4/18/2020 7:15,A
H6059,NP-CHP, ,STG29,1/19/2020,1.555, ,4/18/2020 7:15,A
H6059,NP-CHP, ,STG29,1/20/2020,1.549, ,4/18/2020 7:15,A
H6059,NP-CHP, ,STG29,1/21/2020,1.535, ,4/18/2020 7:15,A
H6059,NP-CHP, ,STG29,1/22/2020,1.517, ,4/18/2020 7:15,A
H6059,NP-CHP, ,STG29,1/23/2020,1.508, ,4/18/2020 7:15,A
H6059,NP-CHP, ,STG29,1/24/2020,1.498, ,4/18/2020 7:15,A
H6059,NP-CHP, ,STG29,1/25/2020,1.495, ,4/18/2020 7:15,A
H6059,NP-CHP, ,STG29,1/26/2020,1.49, ,4/18/2020 7:15,A
H6059,NP-CHP, ,STG29,1/27/2020,1.481, ,4/18/2020 7:15,A
H6059,NP-CHP, ,STG29,1/28/2020,1.475, ,4/18/2020 7:15,A
H6059,NP-CHP, ,STG29,1/29/2020,1.472, ,4/18/2020 7:15,A
H6059,NP-CHP, ,STG29,1/30/2020,1.47, ,4/18/2020 7:15,A
H6059,NP-CHP, ,STG29,1/31/2020,1.466, ,4/18/2020 7:15,A
H6059,NP-CHP, ,STG29,2/1/2020,1.568, ,4/18/2020 7:15,A
H6059,NP-CHP, ,STG29,2/2/2020,1.573, ,4/18/2020 7:15,A
H6059,NP-CHP, ,STG29,2/3/2020,1.566, ,4/18/2020 7:15,A
H6059,NP-CHP, ,STG29,2/4/2020,1.557, ,4/18/2020 7:15,A
H6059,NP-CHP, ,STG29,2/5/2020,1.552, ,4/18/2020 7:15,A
H6059,NP-CHP, ,STG29,2/6/2020,1.54, ,4/18/2020 7:15,A
H6059,NP-CHP, ,STG29,2/7/2020,1.556, ,4/18/2020 7:15,A
H6059,NP-CHP, ,STG29,2/8/2020,1.563, ,4/18/2020 7:15,A
H6059,NP-CHP, ,STG29,2/9/2020,1.554, ,4/18/2020 7:15,A
H6059,NP-CHP, ,STG29,2/10/2020,1.545, ,4/18/2020 7:15,A
H6059,NP-CHP, ,STG29,2/11/2020,1.535, ,4/18/2020 7:15,A
H6059,NP-CHP, ,STG29,2/12/2020,1.531, ,4/18/2020 7:15,A
H6059,NP-CHP, ,STG29,2/13/2020,1.517, ,4/18/2020 7:15,A
H6059,NP-CHP, ,STG29,2/14/2020,1.513, ,4/18/2020 7:15,A
H6059,NP-CHP, ,STG29,2/15/2020,1.508, ,4/18/2020 7:15,A
H6059,NP-CHP, ,STG29,2/16/2020,1.513, ,4/18/2020 7:15,A
H6059,NP-CHP, ,STG29,2/17/2020,1.51, ,4/18/2020 7:15,A
H6059,NP-CHP, ,STG29,2/18/2020,1.504, ,4/18/2020 7:15,A
H6059,NP-CHP, ,STG29,2/19/2020,1.498, ,4/18/2020 7:15,A
H6059,NP-CHP, ,STG29,2/20/2020,1.492, ,4/18/2020 7:15,A
H6059,NP-CHP, ,STG29,2/21/2020,1.486, ,4/18/2020 7:15,A
H6059,NP-CHP, ,STG29,2/22/2020,1.466, ,4/18/2020 7:15,A
H6059,NP-CHP, ,STG29,2/23/2020,1.453, ,4/18/2020 7:15,A
H6059,NP-CHP, ,STG29,2/24/2020,1.442,P,2/26/2020 7:15,P
H6059,NP-CHP, ,STG29,2/25/2020,1.427,P,2/27/2020 7:15,P
H6059,NP-CHP, ,STG29,2/26/2020,1.418,P,2/28/2020 7:15,P
H6059,NP-CHP, ,STG29,2/27/2020,1.435,P,2/28/2020 7:15,P
H6059,NP-CHP, ,STG29,2/28/2020,1.43,P,3/1/2020 7:15,P
H6059,NP-CHP, ,STG29,2/29/2020,1.419,P,3/2/2020 7:15,P
H6059,NP-CHP, ,STG29,3/1/2020,1.404,P,3/3/2020 7:15,P
H6059,NP-CHP, ,STG29,3/2/2020,1.38,P,3/4/2020 7:15,P
H6059,NP-CHP, ,STG29,3/3/2020,1.372,P,3/5/2020 9:27,P
H6059,NP-CHP, ,STG29,3/4/2020,1.362,P,3/6/2020 7:15,P
H6059,NP-CHP, ,STG29,3/5/2020,1.353,P,3/7/2020 7:15,P
H6059,NP-CHP, ,STG29,3/6/2020,1.346,P,6/19/2020 7:15,P
H6059,NP-CHP, ,STG29,3/7/2020,1.317,P,6/19/2020 7:15,P
H6059,NP-CHP, ,STG29,3/8/2020,1.301,P,3/10/2020 7:15,P
H6059,NP-CHP, ,STG29,3/9/2020,1.286,P,3/11/2020 7:15,P
H6059,NP-CHP, ,STG29,3/10/2020,1.273,P,3/12/2020 7:15,P
H6059,NP-CHP, ,STG29,3/11/2020,1.264,P,3/13/2020 7:15,P
H6059,NP-CHP, ,STG29,3/12/2020,1.253,P,3/14/2020 7:15,P
H6059,NP-CHP, ,STG29,3/13/2020,1.245,P,3/15/2020 7:15,P
H6059,NP-CHP, ,STG29,3/14/2020,1.232,P,3/16/2020 7:15,P
H6059,NP-CHP, ,STG29,3/15/2020,1.223,P,3/17/2020 7:15,P
H6059,NP-CHP, ,STG29,3/16/2020,1.213,P,3/18/2020 7:15,P
H6059,NP-CHP, ,STG29,3/17/2020,1.203,P,3/19/2020 7:15,P
H6059,NP-CHP, ,STG29,3/18/2020,1.187,P,3/20/2020 7:15,P
H6059,NP-CHP, ,STG29,3/19/2020,1.17,P,3/21/2020 7:15,P
H6059,NP-CHP, ,STG29,3/20/2020,1.152,P,3/22/2020 7:15,P
H6059,NP-CHP, ,STG29,3/21/2020,1.138,P,3/23/2020 7:15,P
H6059,NP-CHP, ,STG29,3/22/2020,1.122,P,3/24/2020 7:15,P
H6059,NP-CHP, ,STG29,3/23/2020,1.102,P,3/25/2020 7:15,P
H6059,NP-CHP, ,STG29,3/24/2020,1.084,P,3/26/2020 7:15,P
H6059,NP-CHP, ,STG29,3/25/2020,1.068,P,3/27/2020 7:15,P
H6059,NP-CHP, ,STG29,3/26/2020,1.053,P,3/28/2020 7:15,P
H6059,NP-CHP, ,STG29,3/27/2020,1.044,P,3/29/2020 7:15,P
H6059,NP-CHP, ,STG29,3/28/2020,1.027,P,3/30/2020 7:15,P
H6059,NP-CHP, ,STG29,3/29/2020,1.012,P,3/31/2020 7:15,P
H6059,NP-CHP, ,STG29,3/30/2020,0.999,P,4/1/2020 7:15,P
H6059,NP-CHP, ,STG29,3/31/2020,0.989,P,4/2/2020 7:16,P
H6059,NP-CHP, ,STG29,4/1/2020,0.975,P,4/3/2020 7:17,P
H6059,NP-CHP, ,STG29,4/2/2020,0.967,P,4/7/2020 7:16,P
H6059,NP-CHP, ,STG29,4/3/2020,0.955,P,4/7/2020 7:16,P
H6059,NP-CHP, ,STG29,4/4/2020,0.924,P,4/7/2020 7:16,P
H6059,NP-CHP, ,STG29,4/5/2020,0.912,P,4/7/2020 7:16,P
H6059,NP-CHP, ,STG29,4/6/2020,0.9,P,4/8/2020 7:16,P
H6059,NP-CHP, ,STG29,4/7/2020,0.888,P,4/9/2020 7:16,P
H6059,NP-CHP, ,STG29,4/8/2020,0.867,P,4/10/2020 7:16,P
H6059,NP-CHP, ,STG29,4/9/2020,0.846,P,4/11/2020 7:15,P
H6059,NP-CHP, ,STG29,4/10/2020,0.825,P,4/12/2020 7:15,P
H6059,NP-CHP, ,STG29,4/11/2020,0.809,P,4/13/2020 7:15,P
H6059,NP-CHP, ,STG29,4/12/2020,0.794,P,4/14/2020 7:15,P
H6059,NP-CHP, ,STG29,4/13/2020,0.773,P,4/15/2020 7:15,P
H6059,NP-CHP, ,STG29,4/14/2020,0.756,P,4/16/2020 7:15,P
H6059,NP-CHP, ,STG29,4/15/2020,0.743,P,4/17/2020 7:15,P
H6059,NP-CHP, ,STG29,4/16/2020,0.731,P,4/18/2020 7:15,P
H6059,NP-CHP, ,STG29,4/17/2020,0.718,P,4/19/2020 7:15,P
H6059,NP-CHP, ,STG29,4/18/2020,0.708,P,4/20/2020 7:17,P
H6059,NP-CHP, ,STG29,4/19/2020,0.691,P,4/21/2020 7:15,P
H6059,NP-CHP, ,STG29,4/20/2020,0.657,P,4/22/2020 7:15,P
H6059,NP-CHP, ,STG29,4/21/2020,0.626,P,4/23/2020 7:15,P
H6059,NP-CHP, ,STG29,4/22/2020,0.605,P,4/24/2020 7:15,P
H6059,NP-CHP, ,STG29,4/23/2020,0.585,P,4/25/2020 7:15,P
H6059,NP-CHP, ,STG29,4/24/2020,0.56,P,4/26/2020 7:15,P
H6059,NP-CHP, ,STG29,4/25/2020,0.757,P,4/27/2020 12:32,P
H6059,NP-CHP, ,STG29,4/26/2020,0.77,P,4/27/2020 12:32,P
H6059,NP-CHP, ,STG29,4/27/2020,0.767,P,4/29/2020 7:15,P
H6059,NP-CHP, ,STG29,4/28/2020,0.755,P,4/30/2020 7:15,P
H6059,NP-CHP, ,STG29,4/29/2020,0.74,P,5/1/2020 7:15,P
H6059,NP-CHP, ,STG29,4/30/2020,0.748,P,5/2/2020 7:34,P
H6059,NP-CHP, ,STG29,5/1/2020,0.779,P,5/3/2020 7:15,P
H6059,NP-CHP, ,STG29,5/2/2020,0.771,P,5/4/2020 7:15,P
H6059,NP-CHP, ,STG29,5/3/2020,0.756,P,5/5/2020 7:15,P
H6059,NP-CHP, ,STG29,5/4/2020,0.742,P,5/6/2020 7:15,P
H6059,NP-CHP, ,STG29,5/5/2020,0.73,P,5/7/2020 7:15,P
H6059,NP-CHP, ,STG29,5/6/2020,0.711,P,5/8/2020 7:15,P
H6059,NP-CHP, ,STG29,5/7/2020,0.689,P,5/9/2020 7:15,P
H6059,NP-CHP, ,STG29,5/8/2020,0.672,P,5/10/2020 7:15,P
H6059,NP-CHP, ,STG29,5/9/2020,0.649,P,5/11/2020 7:15,P
H6059,NP-CHP, ,STG29,5/10/2020,0.65,P,5/12/2020 7:15,P
H6059,NP-CHP, ,STG29,5/11/2020,0.675,P,5/12/2020 7:15,P
H6059,NP-CHP, ,STG29,5/12/2020,0.669,P,5/14/2020 7:15,P
H6059,NP-CHP, ,STG29,5/13/2020,0.653,P,5/15/2020 7:15,P
H6059,NP-CHP, ,STG29,5/14/2020,0.738,P,5/16/2020 7:16,P
H6059,NP-CHP, ,STG29,5/15/2020,0.853,P,5/17/2020 7:15,P
H6059,NP-CHP, ,STG29,5/16/2020,0.88,P,5/18/2020 7:15,P
H6059,NP-CHP, ,STG29,5/17/2020,0.878,P,5/19/2020 7:15,P
H6059,NP-CHP, ,STG29,5/18/2020,0.875,P,5/19/2020 7:15,P
H6059,NP-CHP, ,STG29,5/19/2020,0.886,P,5/21/2020 7:15,P
H6059,NP-CHP, ,STG29,5/20/2020,0.89,P,5/21/2020 7:15,P
H6059,NP-CHP, ,STG29,5/21/2020,0.895,P,5/22/2020 7:15,P
H6059,NP-CHP, ,STG29,5/22/2020,0.89,P,5/24/2020 7:15,P
H6059,NP-CHP, ,STG29,5/23/2020,0.879,P,5/25/2020 7:15,P
H6059,NP-CHP, ,STG29,5/24/2020,1.041,P,5/26/2020 7:15,P
H6059,NP-CHP, ,STG29,5/25/2020,1.313,P,5/27/2020 7:16,P
H6059,NP-CHP, ,STG29,5/26/2020,1.412,P,5/28/2020 7:15,P
H6059,NP-CHP, ,STG29,5/27/2020,1.534,P,5/29/2020 7:15,P
H6059,NP-CHP, ,STG29,5/28/2020,1.554,P,5/30/2020 7:16,P
H6059,NP-CHP, ,STG29,5/29/2020,1.576,P,5/31/2020 7:15,P
H6059,NP-CHP, ,STG29,5/30/2020,1.571,P,6/1/2020 7:15,P
H6059,NP-CHP, ,STG29,5/31/2020,1.56,P,6/2/2020 7:15,P
H6059,NP-CHP, ,STG29,6/1/2020,1.545,P,6/3/2020 7:16,P
H6059,NP-CHP, ,STG29,6/2/2020,1.525,P,6/5/2020 7:15,P
H6059,NP-CHP, ,STG29,6/3/2020,1.524,P,6/5/2020 7:15,P
H6059,NP-CHP, ,STG29,6/4/2020,1.539,P,6/6/2020 7:16,P
H6059,NP-CHP, ,STG29,6/5/2020,1.537,P,6/7/2020 7:15,P
H6059,NP-CHP, ,STG29,6/6/2020,1.533,P,6/8/2020 7:15,P
H6059,NP-CHP, ,STG29,6/7/2020,1.53,P,6/8/2020 7:15,P
H6059,NP-CHP, ,STG29,6/8/2020,1.535,P,6/10/2020 7:15,P
H6059,NP-CHP, ,STG29,6/9/2020,1.534,P,6/11/2020 7:15,P
H6059,NP-CHP, ,STG29,6/10/2020,1.526,P,6/15/2020 7:15,P
H6059,NP-CHP, ,STG29,6/11/2020,1.567,P,6/15/2020 7:15,P
H6059,NP-CHP, ,STG29,6/12/2020,1.582,P,6/19/2020 7:15,P
H6059,NP-CHP, ,STG29,6/13/2020,1.556,P,6/19/2020 7:15,P
H6059,NP-CHP, ,STG29,6/14/2020,1.571,P,6/19/2020 7:15,P
H6059,NP-CHP, ,STG29,6/15/2020,1.586,P,6/19/2020 7:15,P
H6059,NP-CHP, ,STG29,6/16/2020,1.624,P,6/19/2020 7:15,P
H6059,NP-CHP, ,STG29,6/17/2020,1.643,P,6/19/2020 7:15,P
H6059,NP-CHP, ,STG29,6/18/2020,1.7,P,6/20/2020 7:15,P
H6059,NP-CHP, ,STG29,6/19/2020,1.697,P,6/21/2020 7:15,P
H6059,NP-CHP, ,STG29,6/20/2020,1.685,P,6/22/2020 7:15,P
H6059,NP-CHP, ,STG29,6/21/2020,1.709,P,6/23/2020 7:15,P
H6059,NP-CHP, ,STG29,6/22/2020,1.705,P,6/24/2020 7:15,P
H6059,NP-CHP, ,STG29,6/23/2020,1.685,P,6/25/2020 7:15,P
H6059,NP-CHP, ,STG29,6/24/2020,1.663,P,6/26/2020 7:15,P
H6059,NP-CHP, ,STG29,6/25/2020,1.632,P,6/27/2020 7:15,P
H6059,NP-CHP, ,STG29,6/26/2020,1.602,P,6/28/2020 7:15,P
H6059,NP-CHP, ,STG29,6/27/2020,1.579,P,6/29/2020 7:15,P
H6059,NP-CHP, ,STG29,6/28/2020,1.558,P,6/30/2020 7:15,P
H6059,NP-CHP, ,STG29,6/29/2020,1.54,P,7/1/2020 7:15,P
H6059,NP-CHP, ,STG29,6/30/2020,1.526,P,7/3/2020 7:15,P
H6059,NP-CHP, ,STG29,7/1/2020,1.506,P,7/3/2020 7:15,P
H6059,NP-CHP, ,STG29,7/2/2020,1.487,P,7/4/2020 7:15,P
H6059,NP-CHP, ,STG29,7/3/2020,1.473,P,7/5/2020 7:15,P
H6059,NP-CHP, ,STG29,7/4/2020,1.458,P,7/6/2020 7:15,P
H6059,NP-CHP, ,STG29,7/5/2020,1.442,P,7/7/2020 7:15,P
H6059,NP-CHP, ,STG29,7/6/2020,1.438,P,7/8/2020 7:15,P
H6059,NP-CHP, ,STG29,7/7/2020,1.441,P,7/9/2020 7:15,P
H6059,NP-CHP, ,STG29,7/8/2020,1.443,P,7/10/2020 7:15,P
H6059,NP-CHP, ,STG29,7/9/2020,1.445,P,7/10/2020 7:15,P
H6059,NP-CHP, ,STG29,7/10/2020,1.445,P,7/11/2020 7:15,P
H6059,NP-CHP, ,STG29,7/11/2020,1.454,P,7/13/2020 7:15,P
H6059,NP-CHP, ,STG29,7/12/2020,1.472,P,7/14/2020 7:15,P
H6059,NP-CHP, ,STG29,7/13/2020,1.475,P,7/15/2020 7:15,P
H6059,NP-CHP, ,STG29,7/14/2020,1.475,P,7/15/2020 7:15,P
H6059,NP-CHP, ,STG29,7/15/2020,1.512,P,7/17/2020 7:15,P
H6059,NP-CHP, ,STG29,7/16/2020,1.612,P,7/18/2020 7:15,P
H6059,NP-CHP, ,STG29,7/17/2020,1.61,P,7/19/2020 7:15,P
H6059,NP-CHP, ,STG29,7/18/2020,1.676,P,7/20/2020 7:15,P
H6059,NP-CHP, ,STG29,7/19/2020,1.699,P,7/21/2020 7:15,P
H6059,NP-CHP, ,STG29,7/20/2020,1.696,P,7/21/2020 7:15,P
H6059,NP-CHP, ,STG29,7/21/2020,1.722,P,7/23/2020 7:15,P
H6059,NP-CHP, ,STG29,7/22/2020,1.801,P,7/24/2020 7:15,P
H6059,NP-CHP, ,STG29,7/23/2020,1.818,P,7/25/2020 7:15,P
H6059,NP-CHP, ,STG29,7/24/2020,1.854,P,7/26/2020 7:44,P
H6059,NP-CHP, ,STG29,7/25/2020,1.913,P,7/27/2020 7:15,P
H6059,NP-CHP, ,STG29,7/26/2020,1.919,P,7/28/2020 7:15,P
H6059,NP-CHP, ,STG29,7/27/2020,1.915,P,7/29/2020 7:15,P
H6059,NP-CHP, ,STG29,7/28/2020,1.905,P,7/30/2020 7:15,P
H6059,NP-CHP, ,STG29,7/29/2020,1.893,P,7/31/2020 7:15,P
H6059,NP-CHP, ,STG29,7/30/2020,1.876,P,8/3/2020 19:15,P
H6059,NP-CHP, ,STG29,7/31/2020,1.855,P,8/3/2020 19:15,P
H6059,NP-CHP, ,STG29,8/1/2020,1.858,P,8/3/2020 19:15,P
H6059,NP-CHP, ,STG29,8/2/2020,1.847,P,8/3/2020 19:15,P
H6059,NP-CHP, ,STG29,8/3/2020,1.83,P,8/5/2020 7:15,P
H6059,NP-CHP, ,STG29,8/4/2020,1.829,P,8/6/2020 15:58,P
H6059,NP-CHP, ,STG29,8/5/2020,1.826,P,8/7/2020 7:15,P
H6059,NP-CHP, ,STG29,8/6/2020,1.813,P,8/8/2020 7:16,P
H6059,NP-CHP, ,STG29,8/7/2020,1.798,P,8/9/2020 7:15,P
H6059,NP-CHP, ,STG29,8/8/2020,1.781,P,8/10/2020 7:15,P
H6059,NP-CHP, ,STG29,8/9/2020,1.769,P,8/11/2020 7:15,P
H6059,NP-CHP, ,STG29,8/10/2020,1.75,P,8/12/2020 7:15,P
H6059,NP-CHP, ,STG29,8/11/2020,1.737,P,8/13/2020 8:01,P
H6059,NP-CHP, ,STG29,8/12/2020,1.725,P,8/14/2020 7:15,P
H6059,NP-CHP, ,STG29,8/13/2020,1.715,P,8/15/2020 7:15,P
H6059,NP-CHP, ,STG29,8/14/2020,1.7,P,8/16/2020 7:15,P
H6059,NP-CHP, ,STG29,8/15/2020,1.689,P,8/17/2020 7:15,P
H6059,NP-CHP, ,STG29,8/16/2020,1.682,P,8/18/2020 7:15,P
H6059,NP-CHP, ,STG29,8/17/2020,1.672,P,8/19/2020 7:15,P
H6059,NP-CHP, ,STG29,8/18/2020,1.684,P,8/20/2020 7:15,P
H6059,NP-CHP, ,STG29,8/19/2020,1.672,P,8/21/2020 7:15,P
H6059,NP-CHP, ,STG29,8/20/2020,1.698,P,8/22/2020 7:15,P
H6059,NP-CHP, ,STG29,8/21/2020,1.7,P,8/22/2020 7:15,P
H6059,NP-CHP, ,STG29,8/22/2020,1.702,P,8/24/2020 7:15,P
H6059,NP-CHP, ,STG29,8/23/2020,1.721,P,8/25/2020 7:15,P
H6059,NP-CHP, ,STG29,8/24/2020,1.727,P,8/26/2020 7:15,P
H6059,NP-CHP, ,STG29,8/25/2020,1.728,P,8/27/2020 8:05,P
H6059,NP-CHP, ,STG29,8/26/2020,1.727,P,8/28/2020 7:15,P
H6059,NP-CHP, ,STG29,8/27/2020,1.726,P,8/28/2020 7:15,P
H6059,NP-CHP, ,STG29,8/28/2020,1.72,P,8/30/2020 7:15,P
H6059,NP-CHP, ,STG29,8/29/2020,1.709,P,8/31/2020 7:15,P
H6059,NP-CHP, ,STG29,8/30/2020,1.697,P,9/1/2020 7:15,P
H6059,NP-CHP, ,STG29,8/31/2020,1.682,P,9/2/2020 7:15,P
H6059,NP-CHP, ,STG29,9/1/2020,1.673,P,9/3/2020 7:15,P
H6059,NP-CHP, ,STG29,9/2/2020,1.66,P,9/4/2020 7:15,P
H6059,NP-CHP, ,STG29,9/3/2020,1.658,P,9/5/2020 7:15,P
H6059,NP-CHP, ,STG29,9/4/2020,1.648,P,9/6/2020 7:15,P
H6059,NP-CHP, ,STG29,9/5/2020,1.632,P,9/7/2020 7:15,P
H6059,NP-CHP, ,STG29,9/6/2020,1.63,P,9/7/2020 7:15,P
H6059,NP-CHP, ,STG29,9/7/2020,1.622,P,9/9/2020 7:15,P
H6059,NP-CHP, ,STG29,9/8/2020,1.617,P,9/10/2020 7:15,P
H6059,NP-CHP, ,STG29,9/9/2020,1.664,P,9/11/2020 7:15,P
H6059,NP-CHP, ,STG29,9/10/2020,1.674,P,9/11/2020 7:15,P
H6059,NP-CHP, ,STG29,9/11/2020,1.684,P,9/13/2020 7:16,P
H6059,NP-CHP, ,STG29,9/12/2020,1.844,P,9/14/2020 7:28,P
H6059,NP-CHP, ,STG29,9/13/2020,2.049,P,9/15/2020 7:16,P
H6059,NP-CHP, ,STG29,9/14/2020,2.181,P,9/16/2020 7:16,P
H6059,NP-CHP, ,STG29,9/15/2020,2.196,P,9/16/2020 7:16,P
H6059,NP-CHP, ,STG29,9/16/2020,2.19,P,9/18/2020 7:15,P
H6059,NP-CHP, ,STG29,9/17/2020,2.176,P,9/19/2020 7:15,P
H6059,NP-CHP, ,STG29,9/18/2020,2.161,P,9/20/2020 7:15,P
H6059,NP-CHP, ,STG29,9/19/2020,2.151,P,9/21/2020 7:15,P
H6059,NP-CHP, ,STG29,9/20/2020,2.142,P,9/22/2020 7:15,P
H6059,NP-CHP, ,STG29,9/21/2020,2.159,P,9/23/2020 7:15,P
H6059,NP-CHP, ,STG29,9/22/2020,2.198,P,9/24/2020 7:15,P
H6059,NP-CHP, ,STG29,9/23/2020,2.182,P,9/26/2020 7:15,P
H6059,NP-CHP, ,STG29,9/24/2020,2.185,P,9/26/2020 7:15,P
H6059,NP-CHP, ,STG29,9/25/2020,2.214,P,9/27/2020 7:15,P
H6059,NP-CHP, ,STG29,9/26/2020,2.304,P,9/28/2020 7:15,P
H6059,NP-CHP, ,STG29,9/27/2020,2.364,P,9/29/2020 7:15,P
H6059,NP-CHP, ,STG29,9/28/2020,2.346,P,9/30/2020 7:15,P
H6059,NP-CHP, ,STG29,9/29/2020,2.318,P,10/2/2020 7:15,P
H6059,NP-CHP, ,STG29,9/30/2020,2.321, ,9/30/2021 3:00,A
H6059,NP-CHP, ,STG29,10/1/2020,2.32, ,9/30/2021 3:00,A
H6059,NP-CHP, ,STG29,10/2/2020,2.378, ,9/30/2021 3:00,A
H6059,NP-CHP, ,STG29,10/3/2020,2.383, ,9/30/2021 3:00,A
H6059,NP-CHP, ,STG29,10/4/2020,2.351, ,9/30/2021 3:00,A
H6059,NP-CHP, ,STG29,10/5/2020,2.328, ,9/30/2021 3:00,A
H6059,NP-CHP, ,STG29,10/6/2020,2.32, ,9/30/2021 3:00,A
H6059,NP-CHP, ,STG29,10/7/2020,2.288, ,9/30/2021 3:00,A
H6059,NP-CHP, ,STG29,10/8/2020,2.265, ,9/30/2021 3:00,A
H6059,NP-CHP, ,STG29,10/9/2020,2.236, ,9/30/2021 3:00,A
H6059,NP-CHP, ,STG29,10/10/2020,2.225, ,9/30/2021 3:00,A
H6059,NP-CHP, ,STG29,10/11/2020,2.215, ,9/30/2021 3:00,A
H6059,NP-CHP, ,STG29,10/12/2020,2.2, ,9/30/2021 3:00,A
H6059,NP-CHP, ,STG29,10/13/2020,2.185, ,9/30/2021 3:00,A
H6059,NP-CHP, ,STG29,10/14/2020,2.16, ,9/30/2021 3:00,A
H6059,NP-CHP, ,STG29,10/15/2020,2.134, ,9/30/2021 3:00,A
H6059,NP-CHP, ,STG29,10/16/2020,2.178, ,9/30/2021 3:00,A
H6059,NP-CHP, ,STG29,10/17/2020,2.241, ,9/30/2021 3:00,A
H6059,NP-CHP, ,STG29,10/18/2020,2.238, ,9/30/2021 3:00,A
H6059,NP-CHP, ,STG29,10/19/2020,2.235, ,9/30/2021 3:00,A
H6059,NP-CHP, ,STG29,10/20/2020,2.294, ,9/30/2021 3:00,A
H6059,NP-CHP, ,STG29,10/21/2020,2.483, ,9/30/2021 3:00,A
H6059,NP-CHP, ,STG29,10/22/2020,2.613, ,9/30/2021 3:00,A
H6059,NP-CHP, ,STG29,10/23/2020,2.573, ,9/30/2021 3:00,A
H6059,NP-CHP, ,STG29,10/24/2020,2.564, ,9/30/2021 3:00,A
H6059,NP-CHP, ,STG29,10/25/2020,2.643, ,9/30/2021 3:00,A
H6059,NP-CHP, ,STG29,10/26/2020,2.611, ,9/30/2021 3:00,A
H6059,NP-CHP, ,STG29,10/27/2020,2.593, ,9/30/2021 3:00,A
H6059,NP-CHP, ,STG29,10/28/2020,2.545, ,9/30/2021 3:00,A
H6059,NP-CHP, ,STG29,10/29/2020,2.508, ,9/30/2021 3:00,A
H6059,NP-CHP, ,STG29,10/30/2020,2.48, ,9/30/2021 3:00,A
H6059,NP-CHP, ,STG29,10/31/2020,2.454, ,9/30/2021 3:00,A
H6059,NP-CHP, ,STG29,11/1/2020,2.433, ,9/30/2021 3:00,A
H6059,NP-CHP, ,STG29,11/2/2020,2.429, ,9/30/2021 3:00,A
H6059,NP-CHP, ,STG29,11/3/2020,2.381, ,9/30/2021 3:00,A
H6059,NP-CHP, ,STG29,11/4/2020,2.342, ,9/30/2021 3:00,A
H6059,NP-CHP, ,STG29,11/5/2020,2.313, ,9/30/2021 3:00,A
H6059,NP-CHP, ,STG29,11/6/2020,2.299, ,9/30/2021 3:00,A
H6059,NP-CHP, ,STG29,11/7/2020,2.309, ,9/30/2021 3:00,A
H6059,NP-CHP, ,STG29,11/8/2020,2.411, ,9/30/2021 3:00,A
H6059,NP-CHP, ,STG29,11/9/2020,2.531, ,9/30/2021 3:00,A
H6059,NP-CHP, ,STG29,11/10/2020,2.594, ,9/30/2021 3:00,A
H6059,NP-CHP, ,STG29,11/11/2020,2.619, ,9/30/2021 3:00,A
H6059,NP-CHP, ,STG29,11/12/2020,2.703, ,9/30/2021 3:00,A
H6059,NP-CHP, ,STG29,11/13/2020,2.739, ,9/30/2021 3:00,A
H6059,NP-CHP, ,STG29,11/14/2020,2.7, ,9/30/2021 3:00,A
H6059,NP-CHP, ,STG29,11/15/2020,2.639, ,9/30/2021 3:00,A
H6059,NP-CHP, ,STG29,11/16/2020,2.585, ,9/30/2021 3:00,A
H6059,NP-CHP, ,STG29,11/17/2020,2.539, ,9/30/2021 3:00,A
H6059,NP-CHP, ,STG29,11/18/2020,2.488, ,9/30/2021 3:00,A
H6059,NP-CHP, ,STG29,11/19/2020,2.437, ,9/30/2021 3:00,A
H6059,NP-CHP, ,STG29,11/20/2020,2.407, ,9/30/2021 3:00,A
H6059,NP-CHP, ,STG29,11/21/2020,2.382, ,9/30/2021 3:00,A
H6059,NP-CHP, ,STG29,11/22/2020,2.36, ,9/30/2021 3:00,A
H6059,NP-CHP, ,STG29,11/23/2020,2.358, ,9/30/2021 3:00,A
H6059,NP-CHP, ,STG29,11/24/2020,2.345, ,9/30/2021 3:00,A
H6059,NP-CHP, ,STG29,11/25/2020,2.325, ,9/30/2021 3:00,A
H6059,NP-CHP, ,STG29,11/26/2020,2.314, ,9/30/2021 3:00,A
H6059,NP-CHP, ,STG29,11/27/2020,2.303, ,9/30/2021 3:00,A
H6059,NP-CHP, ,STG29,11/28/2020,2.294, ,9/30/2021 3:00,A
H6059,NP-CHP, ,STG29,11/29/2020,2.273, ,9/30/2021 3:00,A
H6059,NP-CHP, ,STG29,11/30/2020,2.253, ,9/30/2021 3:00,A
H6059,NP-CHP, ,STG29,12/1/2020,2.248, ,9/30/2021 3:00,A
H6059,NP-CHP, ,STG29,12/2/2020,2.226, ,9/30/2021 3:00,A
H6059,NP-CHP, ,STG29,12/3/2020,2.208, ,9/30/2021 3:00,A
H6059,NP-CHP, ,STG29,12/4/2020,2.196, ,9/30/2021 3:00,A
H6059,NP-CHP, ,STG29,12/5/2020,2.185, ,9/30/2021 3:00,A
H6059,NP-CHP, ,STG29,12/6/2020,2.177, ,9/30/2021 3:00,A
H6059,NP-CHP, ,STG29,12/7/2020,2.167, ,9/30/2021 3:00,A
H6059,NP-CHP, ,STG29,12/8/2020,2.158, ,9/30/2021 3:00,A
H6059,NP-CHP, ,STG29,12/9/2020,2.138, ,9/30/2021 3:00,A
H6059,NP-CHP, ,STG29,12/10/2020,2.119, ,9/30/2021 3:00,A
H6059,NP-CHP, ,STG29,12/11/2020,2.101, ,9/30/2021 3:00,A
H6059,NP-CHP, ,STG29,12/12/2020,2.095, ,9/30/2021 3:00,A
H6059,NP-CHP, ,STG29,12/13/2020,2.086, ,9/30/2021 3:00,A
H6059,NP-CHP, ,STG29,12/14/2020,2.07, ,9/30/2021 3:00,A
H6059,NP-CHP, ,STG29,12/15/2020,2.059, ,9/30/2021 3:00,A
H6059,NP-CHP, ,STG29,12/16/2020,2.047, ,9/30/2021 3:00,A
H6059,NP-CHP, ,STG29,12/17/2020,2.034, ,9/30/2021 3:00,A
H6059,NP-CHP, ,STG29,12/18/2020,2.019, ,9/30/2021 3:00,A
H6059,NP-CHP, ,STG29,12/19/2020,2.007, ,9/30/2021 3:00,A
H6059,NP-CHP, ,STG29,12/20/2020,1.997, ,9/30/2021 3:00,A
H6059,NP-CHP, ,STG29,12/21/2020,1.988, ,9/30/2021 3:00,A
H6059,NP-CHP, ,STG29,12/22/2020,1.976, ,9/30/2021 3:00,A
H6059,NP-CHP, ,STG29,12/23/2020,1.963, ,9/30/2021 3:00,A
H6059,NP-CHP, ,STG29,12/24/2020,1.954, ,9/30/2021 3:00,A
H6059,NP-CHP, ,STG29,12/25/2020,1.967, ,9/30/2021 3:00,A
H6059,NP-CHP, ,STG29,12/26/2020,1.952, ,9/30/2021 3:00,A
H6059,NP-CHP, ,STG29,12/27/2020,1.937, ,9/30/2021 3:00,A
H6059,NP-CHP, ,STG29,12/28/2020,1.924, ,9/30/2021 3:00,A
H6059,NP-CHP, ,STG29,12/29/2020,1.915, ,9/30/2021 3:00,A
H6059,NP-CHP, ,STG29,12/30/2020,1.902, ,9/30/2021 3:00,A
H6059,NP-CHP, ,STG29,12/31/2020,1.889, ,9/30/2021 3:00,A
H6059,NP-CHP, ,STG29,1/1/2021,1.878, ,9/30/2021 3:00,A
H6059,NP-CHP, ,STG29,1/2/2021,1.871, ,9/30/2021 3:00,A
H6059,NP-CHP, ,STG29,1/3/2021,1.863, ,9/30/2021 3:00,A
H6059,NP-CHP, ,STG29,1/4/2021,1.858, ,9/30/2021 3:00,A
H6059,NP-CHP, ,STG29,1/5/2021,1.847, ,9/30/2021 3:00,A
H6059,NP-CHP, ,STG29,1/6/2021,1.835, ,9/30/2021 3:00,A
H6059,NP-CHP, ,STG29,1/7/2021,1.82, ,9/30/2021 3:00,A
H6059,NP-CHP, ,STG29,1/8/2021,1.81, ,9/30/2021 3:00,A
H6059,NP-CHP, ,STG29,1/9/2021,1.8, ,9/30/2021 3:00,A
H6059,NP-CHP, ,STG29,1/10/2021,1.788, ,9/30/2021 3:00,A
H6059,NP-CHP, ,STG29,1/11/2021,1.778, ,9/30/2021 3:00,A
H6059,NP-CHP, ,STG29,1/12/2021,1.775, ,9/30/2021 3:00,A
H6059,NP-CHP, ,STG29,1/13/2021,1.77, ,9/30/2021 3:00,A
H6059,NP-CHP, ,STG29,1/14/2021,1.782, ,9/30/2021 3:00,A
H6059,NP-CHP, ,STG29,1/15/2021,1.779, ,9/30/2021 3:00,A
H6059,NP-CHP, ,STG29,1/16/2021,1.771, ,9/30/2021 3:00,A
H6059,NP-CHP, ,STG29,1/17/2021,1.763, ,9/30/2021 3:00,A
H6059,NP-CHP, ,STG29,1/18/2021,1.758, ,9/30/2021 3:00,A
H6059,NP-CHP, ,STG29,1/19/2021,1.748, ,9/30/2021 3:00,A
H6059,NP-CHP, ,STG29,1/20/2021,1.739, ,9/30/2021 3:00,A
H6059,NP-CHP, ,STG29,1/21/2021,1.73, ,9/30/2021 3:00,A
H6059,NP-CHP, ,STG29,1/22/2021,1.723, ,9/30/2021 3:00,A
H6059,NP-CHP, ,STG29,1/23/2021,1.719, ,9/30/2021 3:00,A
H6059,NP-CHP, ,STG29,1/24/2021,1.714, ,9/30/2021 3:00,A
H6059,NP-CHP, ,STG29,1/25/2021,1.705, ,9/30/2021 3:00,A
H6059,NP-CHP, ,STG29,1/26/2021,1.698, ,9/30/2021 3:00,A
H6059,NP-CHP, ,STG29,1/27/2021,1.69, ,9/30/2021 3:00,A
H6059,NP-CHP, ,STG29,1/28/2021,1.681, ,9/30/2021 3:00,A
H6059,NP-CHP, ,STG29,1/29/2021,1.666, ,9/30/2021 3:00,A
H6059,NP-CHP, ,STG29,1/30/2021,1.654, ,9/30/2021 3:00,A
H6059,NP-CHP, ,STG29,1/31/2021,1.642, ,9/30/2021 3:00,A
H6059,NP-CHP, ,STG29,2/1/2021,1.638, ,9/30/2021 3:00,A
H6059,NP-CHP, ,STG29,2/2/2021,1.622, ,9/30/2021 3:00,A
H6059,NP-CHP, ,STG29,2/3/2021,1.608, ,9/30/2021 3:00,A
H6059,NP-CHP, ,STG29,2/4/2021,1.597, ,9/30/2021 3:00,A
H6059,NP-CHP, ,STG29,2/5/2021,1.592, ,9/30/2021 3:00,A
H6059,NP-CHP, ,STG29,2/6/2021,1.605, ,9/30/2021 3:00,A
H6059,NP-CHP, ,STG29,2/7/2021,1.617, ,9/30/2021 3:00,A
H6059,NP-CHP, ,STG29,2/8/2021,1.613, ,9/30/2021 3:00,A
H6059,NP-CHP, ,STG29,2/9/2021,1.604, ,9/30/2021 3:00,A
H6059,NP-CHP, ,STG29,2/10/2021,1.598, ,9/30/2021 3:00,A
H6059,NP-CHP, ,STG29,2/11/2021,1.592, ,9/30/2021 3:00,A
H6059,NP-CHP, ,STG29,2/12/2021,1.583, ,9/30/2021 3:00,A
H6059,NP-CHP, ,STG29,2/13/2021,1.578, ,9/30/2021 3:00,A
H6059,NP-CHP, ,STG29,2/14/2021,1.568, ,9/30/2021 3:00,A
H6059,NP-CHP, ,STG29,2/15/2021,1.558, ,9/30/2021 3:00,A
H6059,NP-CHP, ,STG29,2/16/2021,1.583, ,9/30/2021 3:00,A
H6059,NP-CHP, ,STG29,2/17/2021,1.659, ,9/30/2021 3:00,A
H6059,NP-CHP, ,STG29,2/18/2021,1.686, ,9/30/2021 3:00,A
H6059,NP-CHP, ,STG29,2/19/2021,1.693, ,9/30/2021 3:00,A
H6059,NP-CHP, ,STG29,2/20/2021,1.684, ,9/30/2021 3:00,A
H6059,NP-CHP, ,STG29,2/21/2021,1.669, ,9/30/2021 3:00,A
H6059,NP-CHP, ,STG29,2/22/2021,1.658, ,9/30/2021 3:00,A
H6059,NP-CHP, ,STG29,2/23/2021,1.659, ,9/30/2021 3:00,A
H6059,NP-CHP, ,STG29,2/24/2021,1.655, ,9/30/2021 3:00,A
H6059,NP-CHP, ,STG29,2/25/2021,1.642, ,9/30/2021 3:00,A
H6059,NP-CHP, ,STG29,2/26/2021,1.629, ,9/30/2021 3:00,A
H6059,NP-CHP, ,STG29,2/27/2021,1.613, ,9/30/2021 3:00,A
H6059,NP-CHP, ,STG29,2/28/2021,1.597, ,9/30/2021 3:00,A
H6059,NP-CHP, ,STG29,3/1/2021,1.587, ,9/30/2021 3:00,A
H6059,NP-CHP, ,STG29,3/2/2021,1.578, ,9/30/2021 3:00,A
H6059,NP-CHP, ,STG29,3/3/2021,1.565, ,9/30/2021 3:00,A
H6059,NP-CHP, ,STG29,3/4/2021,1.547, ,9/30/2021 3:00,A
H6059,NP-CHP, ,STG29,3/5/2021,1.534, ,9/30/2021 3:00,A
H6059,NP-CHP, ,STG29,3/6/2021,1.522, ,9/30/2021 3:00,A
H6059,NP-CHP, ,STG29,3/7/2021,1.515, ,9/30/2021 3:00,A
H6059,NP-CHP, ,STG29,3/8/2021,1.499, ,9/30/2021 3:00,A
H6059,NP-CHP, ,STG29,3/9/2021,1.487, ,9/30/2021 3:00,A
H6059,NP-CHP, ,STG29,3/10/2021,1.478, ,9/30/2021 3:00,A
H6059,NP-CHP, ,STG29,3/11/2021,1.468, ,9/30/2021 3:00,A
H6059,NP-CHP, ,STG29,3/12/2021,1.458, ,9/30/2021 3:00,A
H6059,NP-CHP, ,STG29,3/13/2021,1.449, ,9/30/2021 3:00,A
H6059,NP-CHP, ,STG29,3/14/2021,1.438, ,9/30/2021 3:00,A
H6059,NP-CHP, ,STG29,3/15/2021,1.428, ,9/30/2021 3:00,A
H6059,NP-CHP, ,STG29,3/16/2021,1.411, ,9/30/2021 3:00,A
H6059,NP-CHP, ,STG29,3/17/2021,1.398, ,9/30/2021 3:00,A
H6059,NP-CHP, ,STG29,3/18/2021,1.388, ,9/30/2021 3:00,A
H6059,NP-CHP, ,STG29,3/19/2021,1.38, ,9/30/2021 3:00,A
H6059,NP-CHP, ,STG29,3/20/2021,1.372, ,9/30/2021 3:00,A
H6059,NP-CHP, ,STG29,3/21/2021,1.353, ,9/30/2021 3:00,A
H6059,NP-CHP, ,STG29,3/22/2021,1.338, ,9/30/2021 3:00,A
H6059,NP-CHP, ,STG29,3/23/2021,1.323, ,9/30/2021 3:00,A
H6059,NP-CHP, ,STG29,3/24/2021,1.305, ,9/30/2021 3:00,A
H6059,NP-CHP, ,STG29,3/25/2021,1.297, ,9/30/2021 3:00,A
H6059,NP-CHP, ,STG29,3/26/2021,1.285, ,9/30/2021 3:00,A
H6059,NP-CHP, ,STG29,3/27/2021,1.275, ,9/30/2021 3:00,A
H6059,NP-CHP, ,STG29,3/28/2021,1.262, ,9/30/2021 3:00,A
H6059,NP-CHP, ,STG29,3/29/2021,1.257, ,9/30/2021 3:00,A
H6059,NP-CHP, ,STG29,3/30/2021,1.249, ,9/30/2021 3:00,A
H6059,NP-CHP, ,STG29,3/31/2021,1.238, ,9/30/2021 3:00,A
H6059,NP-CHP, ,STG29,4/1/2021,1.234, ,9/30/2021 3:00,A
H6059,NP-CHP, ,STG29,4/2/2021,1.237, ,9/30/2021 3:00,A
H6059,NP-CHP, ,STG29,4/3/2021,1.231, ,9/30/2021 3:00,A
H6059,NP-CHP, ,STG29,4/4/2021,1.221, ,9/30/2021 3:00,A
H6059,NP-CHP, ,STG29,4/5/2021,1.214, ,9/30/2021 3:00,A
H6059,NP-CHP, ,STG29,4/6/2021,1.205, ,9/30/2021 3:00,A
H6059,NP-CHP, ,STG29,4/7/2021,1.192, ,9/30/2021 3:00,A
H6059,NP-CHP, ,STG29,4/8/2021,1.178, ,9/30/2021 3:00,A
H6059,NP-CHP, ,STG29,4/9/2021,1.165, ,9/30/2021 3:00,A
H6059,NP-CHP, ,STG29,4/10/2021,1.149, ,9/30/2021 3:00,A
H6059,NP-CHP, ,STG29,4/11/2021,1.139, ,9/30/2021 3:00,A
H6059,NP-CHP, ,STG29,4/12/2021,1.142, ,9/30/2021 3:00,A
H6059,NP-CHP, ,STG29,4/13/2021,1.134, ,9/30/2021 3:00,A
H6059,NP-CHP, ,STG29,4/14/2021,1.117, ,9/30/2021 3:00,A
H6059,NP-CHP, ,STG29,4/15/2021,1.1, ,9/30/2021 3:00,A
H6059,NP-CHP, ,STG29,4/16/2021,1.087, ,9/30/2021 3:00,A
H6059,NP-CHP, ,STG29,4/17/2021,1.065, ,9/30/2021 3:00,A
H6059,NP-CHP, ,STG29,4/18/2021,1.049, ,9/30/2021 3:00,A
H6059,NP-CHP, ,STG29,4/19/2021,1.033, ,9/30/2021 3:00,A
H6059,NP-CHP, ,STG29,4/20/2021,1.124, ,9/30/2021 3:00,A
H6059,NP-CHP, ,STG29,4/21/2021,1.172, ,9/30/2021 3:00,A
H6059,NP-CHP, ,STG29,4/22/2021,1.185, ,9/30/2021 3:00,A
H6059,NP-CHP, ,STG29,4/23/2021,1.183, ,9/30/2021 3:00,A
H6059,NP-CHP, ,STG29,4/24/2021,1.178, ,9/30/2021 3:00,A
H6059,NP-CHP, ,STG29,4/25/2021,1.172, ,9/30/2021 3:00,A
H6059,NP-CHP, ,STG29,4/26/2021,1.173, ,9/30/2021 3:00,A
H6059,NP-CHP, ,STG29,4/27/2021,1.197, ,9/30/2021 3:00,A
H6059,NP-CHP, ,STG29,4/28/2021,1.199, ,9/30/2021 3:00,A
H6059,NP-CHP, ,STG29,4/29/2021,1.209, ,9/30/2021 3:00,A
H6059,NP-CHP, ,STG29,4/30/2021,1.215, ,9/30/2021 3:00,A
H6059,NP-CHP, ,STG29,5/1/2021,1.215, ,9/30/2021 3:00,A
H6059,NP-CHP, ,STG29,5/2/2021,1.214, ,9/30/2021 3:00,A
H6059,NP-CHP, ,STG29,5/3/2021,1.206, ,9/30/2021 3:00,A
H6059,NP-CHP, ,STG29,5/4/2021,1.198, ,9/30/2021 3:00,A
H6059,NP-CHP, ,STG29,5/5/2021,1.189, ,9/30/2021 3:00,A
H6059,NP-CHP, ,STG29,5/6/2021,1.178, ,9/30/2021 3:00,A
H6059,NP-CHP, ,STG29,5/7/2021,1.167, ,9/30/2021 3:00,A
H6059,NP-CHP, ,STG29,5/8/2021,1.147, ,9/30/2021 3:00,A
H6059,NP-CHP, ,STG29,5/9/2021,1.129, ,9/30/2021 3:00,A
H6059,NP-CHP, ,STG29,5/10/2021,1.114, ,9/30/2021 3:00,A
H6059,NP-CHP, ,STG29,5/11/2021,1.103, ,9/30/2021 3:00,A
H6059,NP-CHP, ,STG29,5/12/2021,1.096, ,9/30/2021 3:00,A
H6059,NP-CHP, ,STG29,5/13/2021,1.075, ,9/30/2021 3:00,A
H6059,NP-CHP, ,STG29,5/14/2021,1.056, ,9/30/2021 3:00,A
H6059,NP-CHP, ,STG29,5/15/2021,1.042, ,9/30/2021 3:00,A
H6059,NP-CHP, ,STG29,5/16/2021,1.025, ,9/30/2021 3:00,A
H6059,NP-CHP, ,STG29,5/17/2021,1.006, ,9/30/2021 3:00,A
H6059,NP-CHP, ,STG29,5/18/2021,0.989, ,9/30/2021 3:00,A
H6059,NP-CHP, ,STG29,5/19/2021,0.993, ,9/30/2021 3:00,A
H6059,NP-CHP, ,STG29,5/20/2021,1.018, ,9/30/2021 3:00,A
H6059,NP-CHP, ,STG29,5/21/2021,1.003, ,9/30/2021 3:00,A
H6059,NP-CHP, ,STG29,5/22/2021,0.987, ,9/30/2021 3:00,A
H6059,NP-CHP, ,STG29,5/23/2021,0.97, ,9/30/2021 3:00,A
H6059,NP-CHP, ,STG29,5/24/2021,0.952, ,9/30/2021 3:00,A
H6059,NP-CHP, ,STG29,5/25/2021,0.932, ,9/30/2021 3:00,A
H6059,NP-CHP, ,STG29,5/26/2021,0.912, ,9/30/2021 3:00,A
H6059,NP-CHP, ,STG29,5/27/2021,0.892, ,9/30/2021 3:00,A
H6059,NP-CHP, ,STG29,5/28/2021,0.872, ,9/30/2021 3:00,A
H6059,NP-CHP, ,STG29,5/29/2021,0.851, ,9/30/2021 3:00,A
H6059,NP-CHP, ,STG29,5/30/2021,0.83, ,9/30/2021 3:00,A
H6059,NP-CHP, ,STG29,5/31/2021,0.828, ,9/30/2021 3:00,A
H6059,NP-CHP, ,STG29,6/1/2021,0.839, ,9/30/2021 3:00,A
H6059,NP-CHP, ,STG29,6/2/2021,0.824, ,9/30/2021 3:00,A
H6059,NP-CHP, ,STG29,6/3/2021,0.814, ,9/30/2021 3:00,A
H6059,NP-CHP, ,STG29,6/4/2021,0.82, ,9/30/2021 3:00,A
H6059,NP-CHP, ,STG29,6/5/2021,0.832, ,9/30/2021 3:00,A
H6059,NP-CHP, ,STG29,6/6/2021,0.876, ,9/30/2021 3:00,A
H6059,NP-CHP, ,STG29,6/7/2021,0.907, ,9/30/2021 3:00,A
H6059,NP-CHP, ,STG29,6/8/2021,0.886, ,9/30/2021 3:00,A
H6059,NP-CHP, ,STG29,6/9/2021,0.865, ,9/30/2021 3:00,A
H6059,NP-CHP, ,STG29,6/10/2021,0.838, ,9/30/2021 3:00,A
H6059,NP-CHP, ,STG29,6/11/2021,0.815, ,9/30/2021 3:00,A
H6059,NP-CHP, ,STG29,6/12/2021,0.794, ,9/30/2021 3:00,A
H6059,NP-CHP, ,STG29,6/13/2021,0.773, ,9/30/2021 3:00,A
H6059,NP-CHP, ,STG29,6/14/2021,0.778, ,9/30/2021 3:00,A
H6059,NP-CHP, ,STG29,6/15/2021,0.796, ,9/30/2021 3:00,A
H6059,NP-CHP, ,STG29,6/16/2021,0.823, ,9/30/2021 3:00,A
H6059,NP-CHP, ,STG29,6/17/2021,0.932, ,9/30/2021 3:00,A
H6059,NP-CHP, ,STG29,6/18/2021,0.937, ,9/30/2021 3:00,A
H6059,NP-CHP, ,STG29,6/19/2021,0.934, ,9/30/2021 3:00,A
H6059,NP-CHP, ,STG29,6/20/2021,0.926, ,9/30/2021 3:00,A
H6059,NP-CHP, ,STG29,6/21/2021,0.918, ,9/30/2021 3:00,A
H6059,NP-CHP, ,STG29,6/22/2021,0.907, ,9/30/2021 3:00,A
H6059,NP-CHP, ,STG29,6/23/2021,0.898, ,9/30/2021 3:00,A
H6059,NP-CHP, ,STG29,6/24/2021,0.9, ,9/30/2021 3:00,A
H6059,NP-CHP, ,STG29,6/25/2021,0.898, ,9/30/2021 3:00,A
H6059,NP-CHP, ,STG29,6/26/2021,0.889, ,9/30/2021 3:00,A
H6059,NP-CHP, ,STG29,6/27/2021,0.881, ,9/30/2021 3:00,A
H6059,NP-CHP, ,STG29,6/28/2021,0.9, ,9/30/2021 3:00,A
H6059,NP-CHP, ,STG29,6/29/2021,0.946, ,9/30/2021 3:00,A
H6059,NP-CHP, ,STG29,6/30/2021,0.955, ,9/30/2021 3:00,A
H6059,NP-CHP, ,STG29,7/1/2021,0.954, ,10/26/2021 3:00,A
H6059,NP-CHP, ,STG29,7/2/2021,0.946, ,10/26/2021 3:00,A
H6059,NP-CHP, ,STG29,7/3/2021,0.937, ,10/26/2021 3:00,A
H6059,NP-CHP, ,STG29,7/4/2021,0.924, ,10/26/2021 3:00,A
H6059,NP-CHP, ,STG29,7/5/2021,0.914, ,10/26/2021 3:00,A
H6059,NP-CHP, ,STG29,7/6/2021,0.926, ,10/26/2021 3:00,A
H6059,NP-CHP, ,STG29,7/7/2021,0.934, ,10/26/2021 3:00,A
H6059,NP-CHP, ,STG29,7/8/2021,0.926, ,10/26/2021 3:00,A
H6059,NP-CHP, ,STG29,7/9/2021,0.918, ,10/26/2021 3:00,A
H6059,NP-CHP, ,STG29,7/10/2021,0.912, ,10/26/2021 3:00,A
H6059,NP-CHP, ,STG29,7/11/2021,0.935, ,10/26/2021 3:00,A
H6059,NP-CHP, ,STG29,7/12/2021,0.964, ,10/26/2021 3:00,A
H6059,NP-CHP, ,STG29,7/13/2021,1.018, ,10/26/2021 3:00,A
H6059,NP-CHP, ,STG29,7/14/2021,1.049, ,10/26/2021 3:00,A
H6059,NP-CHP, ,STG29,7/15/2021,1.052, ,10/26/2021 3:00,A
H6059,NP-CHP, ,STG29,7/16/2021,1.049, ,10/26/2021 3:00,A
H6059,NP-CHP, ,STG29,7/17/2021,1.047, ,10/26/2021 3:00,A
H6059,NP-CHP, ,STG29,7/18/2021,1.044, ,10/26/2021 3:00,A
H6059,NP-CHP, ,STG29,7/19/2021,1.039, ,10/26/2021 3:00,A
H6059,NP-CHP, ,STG29,7/20/2021,1.036, ,10/26/2021 3:00,A
H6059,NP-CHP, ,STG29,7/21/2021,1.033, ,5/1/2022 3:00,A
H6059,NP-CHP, ,STG29,7/22/2021,1.04, ,5/1/2022 3:00,A
H6059,NP-CHP, ,STG29,7/23/2021,1.046, ,5/1/2022 3:00,A
H6059,NP-CHP, ,STG29,7/24/2021,1.073, ,5/1/2022 3:00,A
H6059,NP-CHP, ,STG29,7/25/2021,1.079, ,5/1/2022 3:00,A
H6059,NP-CHP, ,STG29,7/26/2021,1.138, ,5/1/2022 3:00,A
H6059,NP-CHP, ,STG29,7/27/2021,1.146, ,5/1/2022 3:00,A
H6059,NP-CHP, ,STG29,7/28/2021,1.153, ,5/1/2022 3:00,A
H6059,NP-CHP, ,STG29,7/29/2021,1.193, ,5/1/2022 3:00,A
H6059,NP-CHP, ,STG29,7/30/2021,1.266, ,5/1/2022 3:00,A
H6059,NP-CHP, ,STG29,7/31/2021,1.283, ,5/1/2022 3:00,A
H6059,NP-CHP, ,STG29,8/1/2021,1.299, ,5/1/2022 3:00,A
H6059,NP-CHP, ,STG29,8/2/2021,1.303, ,5/1/2022 3:00,A
H6059,NP-CHP, ,STG29,8/3/2021,1.312, ,5/1/2022 3:00,A
H6059,NP-CHP, ,STG29,8/4/2021,1.36, ,5/1/2022 3:00,A
H6059,NP-CHP, ,STG29,8/5/2021,1.368, ,5/1/2022 3:00,A
H6059,NP-CHP, ,STG29,8/6/2021,1.391, ,5/1/2022 3:00,A
H6059,NP-CHP, ,STG29,8/7/2021,1.4, ,5/1/2022 3:00,A
H6059,NP-CHP, ,STG29,8/8/2021,1.489, ,5/1/2022 3:00,A
H6059,NP-CHP, ,STG29,8/9/2021,1.56, ,5/1/2022 3:00,A
H6059,NP-CHP, ,STG29,8/10/2021,1.545, ,5/1/2022 3:00,A
H6059,NP-CHP, ,STG29,8/11/2021,1.538, ,5/1/2022 3:00,A
H6059,NP-CHP, ,STG29,8/12/2021,1.538, ,5/1/2022 3:00,A
H6059,NP-CHP, ,STG29,8/13/2021,1.541, ,5/1/2022 3:00,A
H6059,NP-CHP, ,STG29,8/14/2021,1.56, ,5/1/2022 3:00,A
H6059,NP-CHP, ,STG29,8/15/2021,1.653, ,5/1/2022 3:00,A
H6059,NP-CHP, ,STG29,8/16/2021, ,M,5/1/2022 3:00,A
H6059,NP-CHP, ,STG29,8/17/2021, ,M,5/1/2022 3:00,A
H6059,NP-CHP, ,STG29,8/18/2021, ,M,5/1/2022 3:00,A
H6059,NP-CHP, ,STG29,8/19/2021, ,M,5/1/2022 3:00,A
H6059,NP-CHP, ,STG29,8/20/2021, ,M,5/1/2022 3:00,A
H6059,NP-CHP, ,STG29,8/21/2021, ,M,5/1/2022 3:00,A
H6059,NP-CHP, ,STG29,8/22/2021, ,M,5/1/2022 3:00,A
H6059,NP-CHP, ,STG29,8/23/2021, ,M,5/1/2022 3:00,A
H6059,NP-CHP, ,STG29,8/24/2021, ,M,5/1/2022 3:00,A
H6059,NP-CHP, ,STG29,8/25/2021,1.82, ,5/1/2022 3:00,A
H6059,NP-CHP, ,STG29,8/26/2021,1.899, ,5/1/2022 3:00,A
H6059,NP-CHP, ,STG29,8/27/2021,1.917, ,5/1/2022 3:00,A
H6059,NP-CHP, ,STG29,8/28/2021,1.91, ,5/1/2022 3:00,A
H6059,NP-CHP, ,STG29,8/29/2021,1.907, ,5/1/2022 3:00,A
H6059,NP-CHP, ,STG29,8/30/2021,1.905, ,5/1/2022 3:00,A
H6059,NP-CHP, ,STG29,8/31/2021,1.912, ,5/1/2022 3:00,A
H6059,NP-CHP, ,STG29,9/1/2021,1.9, ,5/1/2022 3:00,A
H6059,NP-CHP, ,STG29,9/2/2021,1.887, ,5/1/2022 3:00,A
H6059,NP-CHP, ,STG29,9/3/2021,1.88, ,5/1/2022 3:00,A
H6059,NP-CHP, ,STG29,9/4/2021,1.887, ,5/1/2022 3:00,A
H6059,NP-CHP, ,STG29,9/5/2021,1.895, ,5/1/2022 3:00,A
H6059,NP-CHP, ,STG29,9/6/2021,1.901, ,5/1/2022 3:00,A
H6059,NP-CHP, ,STG29,9/7/2021,1.91, ,5/1/2022 3:00,A
H6059,NP-CHP, ,STG29,9/8/2021,1.904, ,5/1/2022 3:00,A
H6059,NP-CHP, ,STG29,9/9/2021,1.89, ,5/1/2022 3:00,A
H6059,NP-CHP, ,STG29,9/10/2021,1.882, ,5/1/2022 3:00,A
H6059,NP-CHP, ,STG29,9/11/2021,1.86, ,5/1/2022 3:00,A
H6059,NP-CHP, ,STG29,9/12/2021,1.844, ,5/1/2022 3:00,A
H6059,NP-CHP, ,STG29,9/13/2021,1.851, ,5/1/2022 3:00,A
H6059,NP-CHP, ,STG29,9/14/2021,1.865, ,5/1/2022 3:00,A
H6059,NP-CHP, ,STG29,9/15/2021,1.857, ,5/1/2022 3:00,A
H6059,NP-CHP, ,STG29,9/16/2021,1.852, ,5/1/2022 3:00,A
H6059,NP-CHP, ,STG29,9/17/2021,1.853, ,5/1/2022 3:00,A
H6059,NP-CHP, ,STG29,9/18/2021,1.868, ,5/1/2022 3:00,A
H6059,NP-CHP, ,STG29,9/19/2021,1.888, ,5/1/2022 3:00,A
H6059,NP-CHP, ,STG29,9/20/2021,1.872, ,5/1/2022 3:00,A
H6059,NP-CHP, ,STG29,9/21/2021,1.865, ,5/1/2022 3:00,A
H6059,NP-CHP, ,STG29,9/22/2021,1.88, ,5/1/2022 3:00,A
H6059,NP-CHP, ,STG29,9/23/2021,1.913, ,5/1/2022 3:00,A
H6059,NP-CHP, ,STG29,9/24/2021,1.963, ,5/1/2022 3:00,A
H6059,NP-CHP, ,STG29,9/25/2021,2.06, ,5/1/2022 3:00,A
H6059,NP-CHP, ,STG29,9/26/2021,2.096, ,5/1/2022 3:00,A
H6059,NP-CHP, ,STG29,9/27/2021,2.081, ,5/1/2022 3:00,A
H6059,NP-CHP, ,STG29,9/28/2021,2.061, ,5/1/2022 3:00,A
H6059,NP-CHP, ,STG29,9/29/2021,2.041, ,5/1/2022 3:00,A
H6059,NP-CHP, ,STG29,9/30/2021,2.023, ,5/1/2022 3:00,A
H6059,NP-CHP, ,STG29,10/1/2021,2.03, ,5/1/2022 3:00,A
H6059,NP-CHP, ,STG29,10/2/2021,2.03, ,5/1/2022 3:00,A
H6059,NP-CHP, ,STG29,10/3/2021,2.006, ,5/1/2022 3:00,A
H6059,NP-CHP, ,STG29,10/4/2021,1.99, ,5/1/2022 3:00,A
H6059,NP-CHP, ,STG29,10/5/2021,1.974, ,5/1/2022 3:00,A
H6059,NP-CHP, ,STG29,10/6/2021,1.957, ,5/1/2022 3:00,A
H6059,NP-CHP, ,STG29,10/7/2021,1.938, ,5/1/2022 3:00,A
H6059,NP-CHP, ,STG29,10/8/2021,1.926, ,5/1/2022 3:00,A
H6059,NP-CHP, ,STG29,10/9/2021,1.934, ,5/1/2022 3:00,A
H6059,NP-CHP, ,STG29,10/10/2021,1.967, ,5/1/2022 3:00,A
H6059,NP-CHP, ,STG29,10/11/2021,1.942, ,5/1/2022 3:00,A
H6059,NP-CHP, ,STG29,10/12/2021,1.932, ,5/1/2022 3:00,A
H6059,NP-CHP, ,STG29,10/13/2021,1.928, ,5/1/2022 3:00,A
H6059,NP-CHP, ,STG29,10/14/2021,1.925, ,5/1/2022 3:00,A
H6059,NP-CHP, ,STG29,10/15/2021,1.947, ,5/1/2022 3:00,A
H6059,NP-CHP, ,STG29,10/16/2021,1.954, ,5/1/2022 3:00,A
H6059,NP-CHP, ,STG29,10/17/2021,1.936, ,5/1/2022 3:00,A
H6059,NP-CHP, ,STG29,10/18/2021,1.917, ,5/1/2022 3:00,A
H6059,NP-CHP, ,STG29,10/19/2021,1.899, ,5/1/2022 3:00,A
H6059,NP-CHP, ,STG29,10/20/2021,1.883, ,5/1/2022 3:00,A
H6059,NP-CHP, ,STG29,10/21/2021,1.867, ,5/1/2022 3:00,A
H6059,NP-CHP, ,STG29,10/22/2021,1.886, ,5/1/2022 3:00,A
H6059,NP-CHP, ,STG29,10/23/2021,1.932, ,5/1/2022 3:00,A
H6059,NP-CHP, ,STG29,10/24/2021,1.931, ,5/1/2022 3:00,A
H6059,NP-CHP, ,STG29,10/25/2021,1.925, ,5/1/2022 3:00,A
H6059,NP-CHP, ,STG29,10/26/2021,1.911, ,5/1/2022 3:00,A
H6059,NP-CHP, ,STG29,10/27/2021,1.897, ,5/6/2022 3:00,A
H6059,NP-CHP, ,STG29,10/28/2021,1.883, ,5/6/2022 3:00,A
H6059,NP-CHP, ,STG29,10/29/2021,1.932, ,5/6/2022 3:00,A
H6059,NP-CHP, ,STG29,10/30/2021,1.943, ,5/6/2022 3:00,A
H6059,NP-CHP, ,STG29,10/31/2021,1.951, ,5/6/2022 3:00,A
H6059,NP-CHP, ,STG29,11/1/2021,1.951, ,5/6/2022 3:00,A
H6059,NP-CHP, ,STG29,11/2/2021,1.946, ,5/6/2022 3:00,A
H6059,NP-CHP, ,STG29,11/3/2021,1.942, ,5/6/2022 3:00,A
H6059,NP-CHP, ,STG29,11/4/2021,1.936, ,5/6/2022 3:00,A
H6059,NP-CHP, ,STG29,11/5/2021,2.022, ,5/6/2022 3:00,A
H6059,NP-CHP, ,STG29,11/6/2021,2.113, ,5/6/2022 3:00,A
H6059,NP-CHP, ,STG29,11/7/2021,2.093, ,5/6/2022 3:00,A
H6059,NP-CHP, ,STG29,11/8/2021,2.071, ,5/6/2022 3:00,A
H6059,NP-CHP, ,STG29,11/9/2021,2.05, ,5/6/2022 3:00,A
H6059,NP-CHP, ,STG29,11/10/2021,2.029, ,5/6/2022 3:00,A
H6059,NP-CHP, ,STG29,11/11/2021,2.016, ,5/6/2022 3:00,A
H6059,NP-CHP, ,STG29,11/12/2021,2.034, ,5/6/2022 3:00,A
H6059,NP-CHP, ,STG29,11/13/2021,2.065, ,5/6/2022 3:00,A
H6059,NP-CHP, ,STG29,11/14/2021,2.053, ,5/6/2022 3:00,A
H6059,NP-CHP, ,STG29,11/15/2021,2.031, ,5/6/2022 3:00,A
H6059,NP-CHP, ,STG29,11/16/2021,2.009, ,5/6/2022 3:00,A
H6059,NP-CHP, ,STG29,11/17/2021,1.987, ,5/6/2022 3:00,A
H6059,NP-CHP, ,STG29,11/18/2021,2.016, ,5/6/2022 3:00,A
H6059,NP-CHP, ,STG29,11/19/2021,2.064, ,5/6/2022 3:00,A
H6059,NP-CHP, ,STG29,11/20/2021,2.051, ,5/6/2022 3:00,A
H6059,NP-CHP, ,STG29,11/21/2021,2.043, ,5/6/2022 3:00,A
H6059,NP-CHP, ,STG29,11/22/2021,2.017, ,5/6/2022 3:00,A
H6059,NP-CHP, ,STG29,11/23/2021,1.986, ,5/6/2022 3:00,A
H6059,NP-CHP, ,STG29,11/24/2021,1.951, ,5/6/2022 3:00,A
H6059,NP-CHP, ,STG29,11/25/2021,1.929, ,5/6/2022 3:00,A
H6059,NP-CHP, ,STG29,11/26/2021,1.909, ,5/6/2022 3:00,A
H6059,NP-CHP, ,STG29,11/27/2021,1.889, ,5/6/2022 3:00,A
H6059,NP-CHP, ,STG29,11/28/2021,1.87, ,5/6/2022 3:00,A
H6059,NP-CHP, ,STG29,11/29/2021,1.849, ,5/6/2022 3:00,A
H6059,NP-CHP, ,STG29,11/30/2021,1.831, ,5/6/2022 3:00,A
H6059,NP-CHP, ,STG29,12/1/2021,1.812, ,5/6/2022 3:00,A
H6059,NP-CHP, ,STG29,12/2/2021,1.795, ,5/6/2022 3:00,A
H6059,NP-CHP, ,STG29,12/3/2021,1.776, ,5/6/2022 3:00,A
H6059,NP-CHP, ,STG29,12/4/2021,1.762, ,5/6/2022 3:00,A
H6059,NP-CHP, ,STG29,12/5/2021,1.744, ,5/6/2022 3:00,A
H6059,NP-CHP, ,STG29,12/6/2021,1.735, ,5/6/2022 3:00,A
H6059,NP-CHP, ,STG29,12/7/2021,1.731, ,5/6/2022 3:00,A
H6059,NP-CHP, ,STG29,12/8/2021,1.718, ,5/6/2022 3:00,A
H6059,NP-CHP, ,STG29,12/9/2021,1.704, ,5/6/2022 3:00,A
H6059,NP-CHP, ,STG29,12/10/2021,1.687, ,5/6/2022 3:00,A
H6059,NP-CHP, ,STG29,12/11/2021,1.671, ,5/6/2022 3:00,A
H6059,NP-CHP, ,STG29,12/12/2021,1.658, ,5/6/2022 3:00,A
H6059,NP-CHP, ,STG29,12/13/2021,1.641, ,5/6/2022 3:00,A
H6059,NP-CHP, ,STG29,12/14/2021,1.632, ,5/6/2022 3:00,A
H6059,NP-CHP, ,STG29,12/15/2021,1.626, ,5/6/2022 3:00,A
H6059,NP-CHP, ,STG29,12/16/2021,1.615, ,5/6/2022 3:00,A
H6059,NP-CHP, ,STG29,12/17/2021,1.61, ,5/6/2022 3:00,A
H6059,NP-CHP, ,STG29,12/18/2021,1.608, ,5/6/2022 3:00,A
H6059,NP-CHP, ,STG29,12/19/2021,1.614, ,5/6/2022 3:00,A
H6059,NP-CHP, ,STG29,12/20/2021,1.614, ,5/6/2022 3:00,A
H6059,NP-CHP, ,STG29,12/21/2021,1.613, ,5/6/2022 3:00,A
H6059,NP-CHP, ,STG29,12/22/2021,1.613, ,5/6/2022 3:00,A
H6059,NP-CHP, ,STG29,12/23/2021,1.605, ,5/6/2022 3:00,A
H6059,NP-CHP, ,STG29,12/24/2021,1.603, ,5/6/2022 3:00,A
H6059,NP-CHP, ,STG29,12/25/2021,1.599, ,5/6/2022 3:00,A
H6059,NP-CHP, ,STG29,12/26/2021,1.596, ,5/6/2022 3:00,A
H6059,NP-CHP, ,STG29,12/27/2021,1.596, ,5/6/2022 3:00,A
H6059,NP-CHP, ,STG29,12/28/2021,1.588, ,5/6/2022 3:00,A
H6059,NP-CHP, ,STG29,12/29/2021,1.584, ,5/6/2022 3:00,A
H6059,NP-CHP, ,STG29,12/30/2021,1.579, ,5/6/2022 3:00,A
H6059,NP-CHP, ,STG29,12/31/2021,1.574, ,5/6/2022 3:00,A
H6059,NP-CHP, ,STG29,1/1/2022,1.569, ,5/6/2022 3:00,A
H6059,NP-CHP, ,STG29,1/2/2022,1.563, ,5/6/2022 3:00,A
H6059,NP-CHP, ,STG29,1/3/2022,1.56, ,5/6/2022 3:00,A
H6059,NP-CHP, ,STG29,1/4/2022,1.555, ,5/6/2022 3:00,A
H6059,NP-CHP, ,STG29,1/5/2022,1.556, ,5/6/2022 3:00,A
H6059,NP-CHP, ,STG29,1/6/2022,1.552, ,5/6/2022 3:00,A
H6059,NP-CHP, ,STG29,1/7/2022,1.551, ,5/6/2022 3:00,A
H6059,NP-CHP, ,STG29,1/8/2022,1.571, ,5/6/2022 3:00,A
H6059,NP-CHP, ,STG29,1/9/2022,1.607, ,5/6/2022 3:00,A
H6059,NP-CHP, ,STG29,1/10/2022,1.627, ,5/6/2022 3:00,A
H6059,NP-CHP, ,STG29,1/11/2022,1.663, ,5/6/2022 3:00,A
H6059,NP-CHP, ,STG29,1/12/2022,1.657, ,5/6/2022 3:00,A
H6059,NP-CHP, ,STG29,1/13/2022,1.649, ,5/6/2022 3:00,A
H6059,NP-CHP, ,STG29,1/14/2022,1.638, ,5/6/2022 3:00,A
H6059,NP-CHP, ,STG29,1/15/2022,1.631, ,5/6/2022 3:00,A
H6059,NP-CHP, ,STG29,1/16/2022,1.654, ,5/6/2022 3:00,A
H6059,NP-CHP, ,STG29,1/17/2022,1.688, ,5/6/2022 3:00,A
H6059,NP-CHP, ,STG29,1/18/2022,1.694, ,5/31/2022 14:09,A
H6059,NP-CHP, ,STG29,1/19/2022,1.699, ,5/31/2022 14:09,A
H6059,NP-CHP, ,STG29,1/20/2022,1.697, ,5/31/2022 14:09,A
H6059,NP-CHP, ,STG29,1/21/2022,1.714, ,5/31/2022 14:09,A
H6059,NP-CHP, ,STG29,1/22/2022,1.715, ,5/31/2022 14:09,A
H6059,NP-CHP, ,STG29,1/23/2022,1.715, ,5/31/2022 14:09,A
H6059,NP-CHP, ,STG29,1/24/2022,1.709, ,5/31/2022 14:09,A
H6059,NP-CHP, ,STG29,1/25/2022,1.702, ,5/31/2022 14:09,A
H6059,NP-CHP, ,STG29,1/26/2022,1.704, ,5/31/2022 14:09,A
H6059,NP-CHP, ,STG29,1/27/2022,1.732, ,5/31/2022 14:09,A
H6059,NP-CHP, ,STG29,1/28/2022,1.722, ,5/31/2022 14:09,A
H6059,NP-CHP, ,STG29,1/29/2022,1.71, ,5/31/2022 14:09,A
H6059,NP-CHP, ,STG29,1/30/2022,1.694, ,5/31/2022 14:09,A
H6059,NP-CHP, ,STG29,1/31/2022,1.682, ,5/31/2022 14:09,A
H6059,NP-CHP, ,STG29,2/1/2022,1.672, ,5/31/2022 14:09,A
H6059,NP-CHP, ,STG29,2/2/2022,1.66, ,5/31/2022 14:09,A
H6059,NP-CHP, ,STG29,2/3/2022,1.652, ,5/31/2022 14:09,A
H6059,NP-CHP, ,STG29,2/4/2022,1.643, ,5/31/2022 14:09,A
H6059,NP-CHP, ,STG29,2/5/2022,1.638, ,5/31/2022 14:09,A
H6059,NP-CHP, ,STG29,2/6/2022,1.633, ,5/31/2022 14:09,A
H6059,NP-CHP, ,STG29,2/7/2022,1.622, ,5/31/2022 14:09,A
H6059,NP-CHP, ,STG29,2/8/2022,1.618, ,5/31/2022 14:09,A
H6059,NP-CHP, ,STG29,2/9/2022,1.615, ,5/31/2022 14:09,A
H6059,NP-CHP, ,STG29,2/10/2022,1.613, ,5/31/2022 14:09,A
H6059,NP-CHP, ,STG29,2/11/2022,1.602, ,5/31/2022 14:09,A
H6059,NP-CHP, ,STG29,2/12/2022,1.597, ,5/31/2022 14:09,A
H6059,NP-CHP, ,STG29,2/13/2022,1.633, ,5/31/2022 14:09,A
H6059,NP-CHP, ,STG29,2/14/2022,1.649, ,5/31/2022 14:09,A
H6059,NP-CHP, ,STG29,2/15/2022,1.636, ,5/31/2022 14:09,A
H6059,NP-CHP, ,STG29,2/16/2022,1.624, ,5/31/2022 14:09,A
H6059,NP-CHP, ,STG29,2/17/2022,1.619, ,5/31/2022 14:09,A
H6059,NP-CHP, ,STG29,2/18/2022,1.615, ,5/31/2022 14:09,A
H6059,NP-CHP, ,STG29,2/19/2022,1.61, ,5/31/2022 14:09,A
H6059,NP-CHP, ,STG29,2/20/2022,1.6, ,5/31/2022 14:09,A
H6059,NP-CHP, ,STG29,2/21/2022,1.591, ,5/31/2022 14:09,A
H6059,NP-CHP, ,STG29,2/22/2022,1.58, ,5/31/2022 14:09,A
H6059,NP-CHP, ,STG29,2/23/2022,1.57, ,5/31/2022 14:09,A
H6059,NP-CHP, ,STG29,2/24/2022,1.559, ,5/31/2022 14:09,A
H6059,NP-CHP, ,STG29,2/25/2022,1.547, ,5/31/2022 14:09,A
H6059,NP-CHP, ,STG29,2/26/2022,1.538, ,5/31/2022 14:09,A
H6059,NP-CHP, ,STG29,2/27/2022,1.527, ,5/31/2022 14:09,A
H6059,NP-CHP, ,STG29,2/28/2022,1.518, ,5/31/2022 14:09,A
H6059,NP-CHP, ,STG29,3/1/2022,1.507, ,5/31/2022 14:09,A
H6059,NP-CHP, ,STG29,3/2/2022,1.497, ,5/31/2022 14:09,A
H6059,NP-CHP, ,STG29,3/3/2022,1.488, ,10/13/2022 3:00,A
H6059,NP-CHP, ,STG29,3/4/2022,1.477, ,10/13/2022 3:00,A
H6059,NP-CHP, ,STG29,3/5/2022,1.468, ,10/13/2022 3:00,A
H6059,NP-CHP, ,STG29,3/6/2022,1.456, ,10/13/2022 3:00,A
H6059,NP-CHP, ,STG29,3/7/2022,1.443, ,10/13/2022 3:00,A
H6059,NP-CHP, ,STG29,3/8/2022,1.434, ,10/13/2022 3:00,A
H6059,NP-CHP, ,STG29,3/9/2022,1.42, ,10/13/2022 3:00,A
H6059,NP-CHP, ,STG29,3/10/2022,1.414, ,10/13/2022 3:00,A
H6059,NP-CHP, ,STG29,3/11/2022,1.402, ,10/13/2022 3:00,A
H6059,NP-CHP, ,STG29,3/12/2022,1.383, ,10/13/2022 3:00,A
H6059,NP-CHP, ,STG29,3/13/2022,1.364, ,10/13/2022 3:00,A
H6059,NP-CHP, ,STG29,3/14/2022,1.349, ,10/13/2022 3:00,A
H6059,NP-CHP, ,STG29,3/15/2022,1.34, ,10/13/2022 3:00,A
H6059,NP-CHP, ,STG29,3/16/2022,1.334, ,10/13/2022 3:00,A
H6059,NP-CHP, ,STG29,3/17/2022,1.324, ,10/13/2022 3:00,A
H6059,NP-CHP, ,STG29,3/18/2022,1.314, ,10/13/2022 3:00,A
H6059,NP-CHP, ,STG29,3/19/2022,1.301, ,10/13/2022 3:00,A
H6059,NP-CHP, ,STG29,3/20/2022,1.307, ,10/13/2022 3:00,A
H6059,NP-CHP, ,STG29,3/21/2022,1.376, ,10/13/2022 3:00,A
H6059,NP-CHP, ,STG29,3/22/2022,1.364, ,10/13/2022 3:00,A
H6059,NP-CHP, ,STG29,3/23/2022,1.361, ,10/13/2022 3:00,A
H6059,NP-CHP, ,STG29,3/24/2022,1.356, ,10/13/2022 3:00,A
H6059,NP-CHP, ,STG29,3/25/2022,1.347, ,10/13/2022 3:00,A
H6059,NP-CHP, ,STG29,3/26/2022,1.335, ,10/13/2022 3:00,A
H6059,NP-CHP, ,STG29,3/27/2022,1.32, ,10/13/2022 3:00,A
H6059,NP-CHP, ,STG29,3/28/2022,1.308, ,10/13/2022 3:00,A
H6059,NP-CHP, ,STG29,3/29/2022,1.295, ,10/13/2022 3:00,A
H6059,NP-CHP, ,STG29,3/30/2022,1.279, ,10/13/2022 3:00,A
H6059,NP-CHP, ,STG29,3/31/2022,1.262, ,10/13/2022 3:00,A
H6059,NP-CHP, ,STG29,4/1/2022,1.253, ,10/13/2022 3:00,A
H6059,NP-CHP, ,STG29,4/2/2022,1.242, ,10/13/2022 3:00,A
H6059,NP-CHP, ,STG29,4/3/2022,1.235, ,10/13/2022 3:00,A
H6059,NP-CHP, ,STG29,4/4/2022,1.238, ,10/13/2022 3:00,A
H6059,NP-CHP, ,STG29,4/5/2022,1.238, ,10/13/2022 3:00,A
H6059,NP-CHP, ,STG29,4/6/2022,1.231, ,10/13/2022 3:00,A
H6059,NP-CHP, ,STG29,4/7/2022,1.221, ,10/13/2022 3:00,A
H6059,NP-CHP, ,STG29,4/8/2022,1.21, ,10/13/2022 3:00,A
H6059,NP-CHP, ,STG29,4/9/2022,1.194, ,10/13/2022 3:00,A
H6059,NP-CHP, ,STG29,4/10/2022,1.181, ,10/13/2022 3:00,A
H6059,NP-CHP, ,STG29,4/11/2022,1.168, ,10/13/2022 3:00,A
H6059,NP-CHP, ,STG29,4/12/2022,1.154, ,10/13/2022 3:00,A
H6059,NP-CHP, ,STG29,4/13/2022,1.14, ,10/13/2022 3:00,A
H6059,NP-CHP, ,STG29,4/14/2022,1.125, ,10/13/2022 3:00,A
H6059,NP-CHP, ,STG29,4/15/2022,1.118, ,10/13/2022 3:00,A
H6059,NP-CHP, ,STG29,4/16/2022,1.116, ,10/13/2022 3:00,A
H6059,NP-CHP, ,STG29,4/17/2022,1.109, ,10/13/2022 3:00,A
H6059,NP-CHP, ,STG29,4/18/2022,1.099, ,10/13/2022 3:00,A
H6059,NP-CHP, ,STG29,4/19/2022,1.094, ,10/13/2022 3:00,A
H6059,NP-CHP, ,STG29,4/20/2022,1.076, ,10/13/2022 3:00,A
H6059,NP-CHP, ,STG29,4/21/2022,1.06, ,10/13/2022 3:00,A
H6059,NP-CHP, ,STG29,4/22/2022,1.044, ,10/13/2022 3:00,A
H6059,NP-CHP, ,STG29,4/23/2022,1.03, ,10/13/2022 3:00,A
H6059,NP-CHP, ,STG29,4/24/2022,1.015, ,10/13/2022 3:00,A
H6059,NP-CHP, ,STG29,4/25/2022,1.002, ,10/13/2022 3:00,A
H6059,NP-CHP, ,STG29,4/26/2022,0.99, ,10/13/2022 3:00,A
H6059,NP-CHP, ,STG29,4/27/2022,0.977, ,10/13/2022 3:00,A
H6059,NP-CHP, ,STG29,4/28/2022,0.969, ,10/13/2022 3:00,A
H6059,NP-CHP, ,STG29,4/29/2022,0.981, ,10/13/2022 3:00,A
H6059,NP-CHP, ,STG29,4/30/2022,0.993, ,10/13/2022 3:00,A
H6059,NP-CHP, ,STG29,5/1/2022,0.989, ,10/13/2022 3:00,A
H6059,NP-CHP, ,STG29,5/2/2022,0.978, ,10/13/2022 3:00,A
H6059,NP-CHP, ,STG29,5/3/2022,0.965, ,10/13/2022 3:00,A
H6059,NP-CHP, ,STG29,5/4/2022,0.954, ,10/13/2022 3:00,A
H6059,NP-CHP, ,STG29,5/5/2022,0.943, ,10/13/2022 3:00,A
H6059,NP-CHP, ,STG29,5/6/2022,0.941, ,10/13/2022 3:00,A
H6059,NP-CHP, ,STG29,5/7/2022,0.928, ,10/13/2022 3:00,A
H6059,NP-CHP, ,STG29,5/8/2022,0.924, ,10/13/2022 3:00,A
H6059,NP-CHP, ,STG29,5/9/2022,0.981, ,10/13/2022 3:00,A
H6059,NP-CHP, ,STG29,5/10/2022,1.103, ,10/13/2022 3:00,A
H6059,NP-CHP, ,STG29,5/11/2022,1.092, ,10/13/2022 3:00,A
H6059,NP-CHP, ,STG29,5/12/2022,1.08, ,10/13/2022 3:00,A
H6059,NP-CHP, ,STG29,5/13/2022,1.068, ,10/13/2022 3:00,A
H6059,NP-CHP, ,STG29,5/14/2022,1.07, ,10/13/2022 3:00,A
H6059,NP-CHP, ,STG29,5/15/2022,1.059, ,10/13/2022 3:00,A
H6059,NP-CHP, ,STG29,5/16/2022,1.054, ,10/13/2022 3:00,A
H6059,NP-CHP, ,STG29,5/17/2022,1.084, ,10/13/2022 3:00,A
H6059,NP-CHP, ,STG29,5/18/2022,1.12, ,10/13/2022 3:00,A
H6059,NP-CHP, ,STG29,5/19/2022,1.112, ,10/13/2022 3:00,A
H6059,NP-CHP, ,STG29,5/20/2022,1.108, ,10/13/2022 3:00,A
H6059,NP-CHP, ,STG29,5/21/2022,1.114, ,10/13/2022 3:00,A
H6059,NP-CHP, ,STG29,5/22/2022,1.115, ,10/13/2022 3:00,A
H6059,NP-CHP, ,STG29,5/23/2022,1.115, ,10/13/2022 3:00,A
H6059,NP-CHP, ,STG29,5/24/2022,1.112, ,10/13/2022 3:00,A
H6059,NP-CHP, ,STG29,5/25/2022,1.102, ,10/13/2022 3:00,A
H6059,NP-CHP, ,STG29,5/26/2022,1.092, ,10/13/2022 3:00,A
H6059,NP-CHP, ,STG29,5/27/2022,1.081, ,10/13/2022 3:00,A
H6059,NP-CHP, ,STG29,5/28/2022,1.069, ,10/13/2022 3:00,A
H6059,NP-CHP, ,STG29,5/29/2022,1.066, ,10/13/2022 3:00,A
H6059,NP-CHP, ,STG29,5/30/2022,1.099, ,10/13/2022 3:00,A
H6059,NP-CHP, ,STG29,5/31/2022,1.164, ,10/13/2022 3:00,A
H6059,NP-CHP, ,STG29,6/1/2022,1.174, ,10/13/2022 3:00,A
H6059,NP-CHP, ,STG29,6/2/2022,1.216, ,10/13/2022 3:00,A
H6059,NP-CHP, ,STG29,6/3/2022,1.368, ,10/13/2022 3:00,A
H6059,NP-CHP, ,STG29,6/4/2022,1.771, ,10/13/2022 3:00,A
H6059,NP-CHP, ,STG29,6/5/2022,1.958, ,10/13/2022 3:00,A
H6059,NP-CHP, ,STG29,6/6/2022,2.056, ,10/13/2022 3:00,A
H6059,NP-CHP, ,STG29,6/7/2022,2.124, ,10/13/2022 3:00,A
H6059,NP-CHP, ,STG29,6/8/2022,2.167, ,10/13/2022 3:00,A
H6059,NP-CHP, ,STG29,6/9/2022,2.185, ,10/13/2022 3:00,A
H6059,NP-CHP, ,STG29,6/10/2022,2.268, ,10/13/2022 3:00,A
H6059,NP-CHP, ,STG29,6/11/2022,2.308, ,10/13/2022 3:00,A
H6059,NP-CHP, ,STG29,6/12/2022,2.29, ,10/13/2022 3:00,A
H6059,NP-CHP, ,STG29,6/13/2022,2.269, ,10/13/2022 3:00,A
H6059,NP-CHP, ,STG29,6/14/2022,2.25, ,10/13/2022 3:00,A
H6059,NP-CHP, ,STG29,6/15/2022,2.229, ,10/13/2022 3:00,A
H6059,NP-CHP, ,STG29,6/16/2022,2.204, ,10/13/2022 3:00,A
H6059,NP-CHP, ,STG29,6/17/2022,2.185, ,10/13/2022 3:00,A
H6059,NP-CHP, ,STG29,6/18/2022,2.167, ,10/13/2022 3:00,A
H6059,NP-CHP, ,STG29,6/19/2022,2.209, ,10/13/2022 3:00,A
H6059,NP-CHP, ,STG29,6/20/2022,2.221, ,10/13/2022 3:00,A
H6059,NP-CHP, ,STG29,6/21/2022,2.209, ,10/13/2022 3:00,A
H6059,NP-CHP, ,STG29,6/22/2022,2.178, ,10/13/2022 3:00,A
H6059,NP-CHP, ,STG29,6/23/2022,2.15, ,10/13/2022 3:00,A
H6059,NP-CHP, ,STG29,6/24/2022,2.129, ,10/13/2022 3:00,A
H6059,NP-CHP, ,STG29,6/25/2022,2.113, ,10/13/2022 3:00,A
H6059,NP-CHP, ,STG29,6/26/2022,2.111, ,10/13/2022 3:00,A
H6059,NP-CHP, ,STG29,6/27/2022,2.106, ,10/13/2022 3:00,A
H6059,NP-CHP, ,STG29,6/28/2022,2.086, ,10/13/2022 3:00,A
H6059,NP-CHP, ,STG29,6/29/2022,2.065, ,10/13/2022 3:00,A
H6059,NP-CHP, ,STG29,6/30/2022,2.048, ,10/13/2022 3:00,A
H6059,NP-CHP, ,STG29,7/1/2022,2.019, ,10/13/2022 3:00,A
H6059,NP-CHP, ,STG29,7/2/2022,1.991, ,10/13/2022 3:00,A
H6059,NP-CHP, ,STG29,7/3/2022,1.967, ,10/13/2022 3:00,A
H6059,NP-CHP, ,STG29,7/4/2022,1.942, ,10/13/2022 3:00,A
H6059,NP-CHP, ,STG29,7/5/2022,1.922, ,10/13/2022 3:00,A
H6059,NP-CHP, ,STG29,7/6/2022,1.917, ,10/13/2022 3:00,A
H6059,NP-CHP, ,STG29,7/7/2022,1.906, ,10/13/2022 3:00,A
H6059,NP-CHP, ,STG29,7/8/2022,1.894, ,10/13/2022 3:00,A
H6059,NP-CHP, ,STG29,7/9/2022,1.885, ,10/13/2022 3:00,A
H6059,NP-CHP, ,STG29,7/10/2022,1.865, ,10/13/2022 3:00,A
H6059,NP-CHP, ,STG29,7/11/2022,1.843, ,10/13/2022 3:00,A
H6059,NP-CHP, ,STG29,7/12/2022,1.819, ,10/13/2022 3:00,A
H6059,NP-CHP, ,STG29,7/13/2022,1.797, ,10/13/2022 3:00,A
H6059,NP-CHP, ,STG29,7/14/2022,1.776, ,10/13/2022 3:00,A
H6059,NP-CHP, ,STG29,7/15/2022,1.777, ,10/13/2022 3:00,A
H6059,NP-CHP, ,STG29,7/16/2022,1.796, ,10/13/2022 3:00,A
H6059,NP-CHP, ,STG29,7/17/2022,1.796, ,10/13/2022 3:00,A
H6059,NP-CHP, ,STG29,7/18/2022,1.793, ,10/13/2022 3:00,A
H6059,NP-CHP, ,STG29,7/19/2022,1.781, ,10/14/2022 3:00,A
H6059,NP-CHP, ,STG29,7/20/2022,1.766, ,10/14/2022 3:00,A
H6059,NP-CHP, ,STG29,7/21/2022,1.748, ,10/14/2022 3:00,A
H6059,NP-CHP, ,STG29,7/22/2022,1.75, ,10/14/2022 3:00,A
H6059,NP-CHP, ,STG29,7/23/2022,1.75, ,10/14/2022 3:00,A
H6059,NP-CHP, ,STG29,7/24/2022,1.735, ,10/14/2022 3:00,A
H6059,NP-CHP, ,STG29,7/25/2022,1.72, ,10/14/2022 3:00,A
H6059,NP-CHP, ,STG29,7/26/2022,1.773, ,10/14/2022 3:00,A
H6059,NP-CHP, ,STG29,7/27/2022,1.834, ,10/14/2022 3:00,A
H6059,NP-CHP, ,STG29,7/28/2022,1.819, ,10/14/2022 3:00,A
H6059,NP-CHP, ,STG29,7/29/2022,1.799, ,10/14/2022 3:00,A
H6059,NP-CHP, ,STG29,7/30/2022,1.783, ,10/14/2022 3:00,A
H6059,NP-CHP, ,STG29,7/31/2022,1.769, ,10/14/2022 3:00,A
H6059,NP-CHP, ,STG29,8/1/2022,1.749, ,10/14/2022 3:00,A
H6059,NP-CHP, ,STG29,8/2/2022,1.733, ,10/14/2022 3:00,A
H6059,NP-CHP, ,STG29,8/3/2022,1.713, ,10/14/2022 3:00,A
H6059,NP-CHP, ,STG29,8/4/2022,1.695, ,10/14/2022 3:00,A
H6059,NP-CHP, ,STG29,8/5/2022,1.684, ,10/14/2022 3:00,A
H6059,NP-CHP, ,STG29,8/6/2022,1.682, ,10/14/2022 3:00,A
H6059,NP-CHP, ,STG29,8/7/2022,1.671, ,10/14/2022 3:00,A
H6059,NP-CHP, ,STG29,8/8/2022,1.651, ,10/14/2022 3:00,A
H6059,NP-CHP, ,STG29,8/9/2022,1.63, ,10/14/2022 3:00,A
H6059,NP-CHP, ,STG29,8/10/2022,1.612, ,10/14/2022 3:00,A
H6059,NP-CHP, ,STG29,8/11/2022,1.594, ,10/14/2022 3:00,A
H6059,NP-CHP, ,STG29,8/12/2022,1.576, ,10/14/2022 3:00,A
H6059,NP-CHP, ,STG29,8/13/2022,1.559, ,10/14/2022 3:00,A
H6059,NP-CHP, ,STG29,8/14/2022,1.547, ,10/14/2022 3:00,A
H6059,NP-CHP, ,STG29,8/15/2022,1.538, ,10/14/2022 3:00,A
H6059,NP-CHP, ,STG29,8/16/2022,1.528, ,10/14/2022 3:00,A
H6059,NP-CHP, ,STG29,8/17/2022,1.518, ,10/14/2022 3:00,A
H6059,NP-CHP, ,STG29,8/18/2022,1.508, ,10/14/2022 3:00,A
H6059,NP-CHP, ,STG29,8/19/2022,1.495, ,10/14/2022 3:00,A
H6059,NP-CHP, ,STG29,8/20/2022,1.483, ,10/14/2022 3:00,A
H6059,NP-CHP, ,STG29,8/21/2022,1.476, ,10/14/2022 3:00,A
H6059,NP-CHP, ,STG29,8/22/2022,1.472, ,10/14/2022 3:00,A
H6059,NP-CHP, ,STG29,8/23/2022,1.464, ,10/14/2022 3:00,A
H6059,NP-CHP, ,STG29,8/24/2022,1.46, ,10/14/2022 3:00,A
H6059,NP-CHP, ,STG29,8/25/2022,1.46, ,10/14/2022 3:00,A
H6059,NP-CHP, ,STG29,8/26/2022,1.458, ,10/14/2022 3:00,A
H6059,NP-CHP, ,STG29,8/27/2022,1.455, ,10/14/2022 3:00,A
H6059,NP-CHP, ,STG29,8/28/2022,1.479, ,10/14/2022 3:00,A
H6059,NP-CHP, ,STG29,8/29/2022,1.605, ,10/14/2022 3:00,A
H6059,NP-CHP, ,STG29,8/30/2022,1.612, ,10/14/2022 3:00,A
H6059,NP-CHP, ,STG29,8/31/2022,1.602, ,10/14/2022 3:00,A
H6059,NP-CHP, ,STG29,9/1/2022,1.605, ,10/14/2022 3:00,A
H6059,NP-CHP, ,STG29,9/2/2022,1.614, ,10/14/2022 3:00,A
H6059,NP-CHP, ,STG29,9/3/2022,1.619, ,10/14/2022 3:00,A
H6059,NP-CHP, ,STG29,9/4/2022,1.62, ,10/14/2022 3:00,A
H6059,NP-CHP, ,STG29,9/5/2022,1.62, ,10/14/2022 3:00,A
H6059,NP-CHP, ,STG29,9/6/2022,1.619, ,10/14/2022 3:00,A
H6059,NP-CHP, ,STG29,9/7/2022,1.636, ,10/14/2022 3:00,A
H6059,NP-CHP, ,STG29,9/8/2022,1.695, ,10/14/2022 3:00,A
H6059,NP-CHP, ,STG29,9/9/2022,1.72, ,10/14/2022 3:00,A
H6059,NP-CHP, ,STG29,9/10/2022,1.733, ,10/14/2022 3:00,A
H6059,NP-CHP, ,STG29,9/11/2022,1.75, ,10/14/2022 3:00,A
H6059,NP-CHP, ,STG29,9/12/2022,1.771, ,10/14/2022 3:00,A
H6059,NP-CHP, ,STG29,9/13/2022,1.809, ,10/14/2022 3:00,A
H6059,NP-CHP, ,STG29,9/14/2022,1.845, ,10/14/2022 3:00,A
H6059,NP-CHP, ,STG29,9/15/2022,1.909, ,10/14/2022 3:00,A
H6059,NP-CHP, ,STG29,9/16/2022,1.948, ,10/14/2022 3:00,A
H6059,NP-CHP, ,STG29,9/17/2022,2.022, ,10/14/2022 3:00,A
H6059,NP-CHP, ,STG29,9/18/2022,2.03, ,10/14/2022 3:00,A
H6059,NP-CHP, ,STG29,9/19/2022,2.034, ,10/14/2022 3:00,A
H6059,NP-CHP, ,STG29,9/20/2022,2.055, ,10/14/2022 3:00,A
H6059,NP-CHP, ,STG29,9/21/2022,2.123, ,10/14/2022 3:00,A
H6059,NP-CHP, ,STG29,9/22/2022,2.118, ,10/14/2022 3:00,A
H6059,NP-CHP, ,STG29,9/23/2022,2.105, ,10/14/2022 3:00,A
H6059,NP-CHP, ,STG29,9/24/2022,2.084, ,10/14/2022 3:00,A
H6059,NP-CHP, ,STG29,9/25/2022,2.077, ,10/14/2022 3:00,A
H6059,NP-CHP, ,STG29,9/26/2022,2.108, ,10/14/2022 3:00,A
H6059,NP-CHP, ,STG29,9/27/2022,2.388, ,10/14/2022 3:00,A
H6059,NP-CHP, ,STG29,9/28/2022, ,M,10/14/2022 3:00,A
H6059,NP-CHP, ,STG29,9/29/2022, ,M,10/14/2022 3:00,A
H6059,NP-CHP, ,STG29,9/30/2022, ,M,10/14/2022 3:00,A
H6059,NP-CHP, ,STG29,10/1/2022, ,M,10/14/2022 3:00,A
H6059,NP-CHP, ,STG29,10/2/2022, ,M,10/14/2022 3:00,A
H6059,NP-CHP, ,STG29,10/3/2022, ,M,10/14/2022 3:00,A
H6059,NP-CHP, ,STG29,10/4/2022, ,M,10/14/2022 3:00,A
H6059,NP-CHP, ,STG29,10/5/2022, ,M,10/14/2022 3:00,A
H6059,NP-CHP, ,STG29,10/6/2022, ,M,2/11/2023 3:00,A
H6059,NP-CHP, ,STG29,10/7/2022,2.423, ,2/11/2023 3:00,A
H6059,NP-CHP, ,STG29,10/8/2022,2.394, ,2/11/2023 3:00,A
H6059,NP-CHP, ,STG29,10/9/2022,2.377, ,2/11/2023 3:00,A
H6059,NP-CHP, ,STG29,10/10/2022,2.371, ,2/11/2023 3:00,A
H6059,NP-CHP, ,STG29,10/11/2022,2.334, ,2/11/2023 3:00,A
H6059,NP-CHP, ,STG29,10/12/2022,2.302, ,2/11/2023 3:00,A
H6059,NP-CHP, ,STG29,10/13/2022,2.313, ,2/11/2023 3:00,A
H6059,NP-CHP, ,STG29,10/14/2022,2.395, ,2/11/2023 3:00,A
H6059,NP-CHP, ,STG29,10/15/2022,2.386, ,2/11/2023 3:00,A
H6059,NP-CHP, ,STG29,10/16/2022,2.389, ,2/11/2023 3:00,A
H6059,NP-CHP, ,STG29,10/17/2022,2.403, ,2/11/2023 3:00,A
H6059,NP-CHP, ,STG29,10/18/2022,2.382, ,2/11/2023 3:00,A
H6059,NP-CHP, ,STG29,10/19/2022,2.357, ,2/11/2023 3:00,A
H6059,NP-CHP, ,STG29,10/20/2022,2.324, ,2/11/2023 3:00,A
H6059,NP-CHP, ,STG29,10/21/2022,2.292, ,2/11/2023 3:00,A
H6059,NP-CHP, ,STG29,10/22/2022,2.263, ,2/11/2023 3:00,A
H6059,NP-CHP, ,STG29,10/23/2022,2.239, ,2/11/2023 3:00,A
H6059,NP-CHP, ,STG29,10/24/2022,2.219, ,2/11/2023 3:00,A
H6059,NP-CHP, ,STG29,10/25/2022,2.199, ,2/12/2023 3:00,A
H6059,NP-CHP, ,STG29,10/26/2022,2.176, ,2/12/2023 3:00,A
H6059,NP-CHP, ,STG29,10/27/2022,2.159, ,2/12/2023 3:00,A
H6059,NP-CHP, ,STG29,10/28/2022,2.142, ,2/12/2023 3:00,A
H6059,NP-CHP, ,STG29,10/29/2022,2.123, ,2/12/2023 3:00,A
H6059,NP-CHP, ,STG29,10/30/2022,2.107, ,2/12/2023 3:00,A
H6059,NP-CHP, ,STG29,10/31/2022,2.097, ,2/12/2023 3:00,A
H6059,NP-CHP, ,STG29,11/1/2022,2.078, ,2/12/2023 3:00,A
H6059,NP-CHP, ,STG29,11/2/2022,2.06, ,2/12/2023 3:00,A
H6059,NP-CHP, ,STG29,11/3/2022,2.043, ,2/12/2023 3:00,A
H6059,NP-CHP, ,STG29,11/4/2022,2.025, ,2/12/2023 3:00,A
H6059,NP-CHP, ,STG29,11/5/2022,2.01, ,2/12/2023 3:00,A
H6059,NP-CHP, ,STG29,11/6/2022,2.003, ,2/12/2023 3:00,A
H6059,NP-CHP, ,STG29,11/7/2022,1.995, ,2/12/2023 3:00,A
H6059,NP-CHP, ,STG29,11/8/2022,1.977, ,2/12/2023 3:00,A
H6059,NP-CHP, ,STG29,11/9/2022,1.965, ,2/12/2023 3:00,A
H6059,NP-CHP, ,STG29,11/10/2022,1.949, ,2/12/2023 3:00,A
H6059,NP-CHP, ,STG29,11/11/2022,1.947, ,2/12/2023 3:00,A
H6059,NP-CHP, ,STG29,11/12/2022,1.988, ,2/12/2023 3:00,A
H6059,NP-CHP, ,STG29,11/13/2022,2.07, ,2/12/2023 3:00,A
H6059,NP-CHP, ,STG29,11/14/2022,2.097, ,2/12/2023 3:00,A
H6059,NP-CHP, ,STG29,11/15/2022,2.063, ,2/12/2023 3:00,A
H6059,NP-CHP, ,STG29,11/16/2022,2.039, ,2/12/2023 3:00,A
H6059,NP-CHP, ,STG29,11/17/2022,2.017, ,2/12/2023 3:00,A
H6059,NP-CHP, ,STG29,11/18/2022,1.998, ,2/12/2023 3:00,A
H6059,NP-CHP, ,STG29,11/19/2022,1.982, ,2/12/2023 3:00,A
H6059,NP-CHP, ,STG29,11/20/2022,1.983, ,2/12/2023 3:00,A
H6059,NP-CHP, ,STG29,11/21/2022,2.028, ,2/12/2023 3:00,A
H6059,NP-CHP, ,STG29,11/22/2022,2.074, ,2/12/2023 3:00,A
H6059,NP-CHP, ,STG29,11/23/2022,2.06, ,2/12/2023 3:00,A
H6059,NP-CHP, ,STG29,11/24/2022,2.043, ,2/12/2023 3:00,A
H6059,NP-CHP, ,STG29,11/25/2022,2.031, ,2/12/2023 3:00,A
H6059,NP-CHP, ,STG29,11/26/2022,2.017, ,2/12/2023 3:00,A
H6059,NP-CHP, ,STG29,11/27/2022,2.004, ,2/12/2023 3:00,A
H6059,NP-CHP, ,STG29,11/28/2022,1.99, ,2/12/2023 3:00,A
H6059,NP-CHP, ,STG29,11/29/2022,1.978, ,2/12/2023 3:00,A
H6059,NP-CHP, ,STG29,11/30/2022,1.968, ,2/12/2023 3:00,A
H6059,NP-CHP, ,STG29,12/1/2022,1.968, ,2/12/2023 3:00,A
H6059,NP-CHP, ,STG29,12/2/2022,1.959, ,2/12/2023 3:00,A
H6059,NP-CHP, ,STG29,12/3/2022,1.943, ,2/12/2023 3:00,A
H6059,NP-CHP, ,STG29,12/4/2022,1.928, ,2/12/2023 3:00,A
H6059,NP-CHP, ,STG29,12/5/2022,1.914, ,2/12/2023 3:00,A
H6059,NP-CHP, ,STG29,12/6/2022,1.898, ,2/12/2023 3:00,A
H6059,NP-CHP, ,STG29,12/7/2022,1.882, ,2/12/2023 3:00,A
H6059,NP-CHP, ,STG29,12/8/2022,1.868, ,2/12/2023 3:00,A
H6059,NP-CHP, ,STG29,12/9/2022,1.853, ,2/12/2023 3:00,A
H6059,NP-CHP, ,STG29,12/10/2022,1.841, ,2/12/2023 3:00,A
H6059,NP-CHP, ,STG29,12/11/2022,1.828, ,2/12/2023 3:00,A
H6059,NP-CHP, ,STG29,12/12/2022,1.814, ,2/12/2023 3:00,A
H6059,NP-CHP, ,STG29,12/13/2022,1.799, ,5/27/2023 3:00,A
H6059,NP-CHP, ,STG29,12/14/2022,1.785, ,5/27/2023 3:00,A
H6059,NP-CHP, ,STG29,12/15/2022,1.773, ,5/27/2023 3:00,A
H6059,NP-CHP, ,STG29,12/16/2022,1.791, ,5/27/2023 3:00,A
H6059,NP-CHP, ,STG29,12/17/2022,1.833, ,5/27/2023 3:00,A
H6059,NP-CHP, ,STG29,12/18/2022,1.853, ,5/27/2023 3:00,A
H6059,NP-CHP, ,STG29,12/19/2022,1.85, ,5/27/2023 3:00,A
H6059,NP-CHP, ,STG29,12/20/2022,1.841, ,5/27/2023 3:00,A
H6059,NP-CHP, ,STG29,12/21/2022,1.84, ,5/27/2023 3:00,A
H6059,NP-CHP, ,STG29,12/22/2022,1.833, ,5/27/2023 3:00,A
H6059,NP-CHP, ,STG29,12/23/2022,1.83, ,5/27/2023 3:00,A
H6059,NP-CHP, ,STG29,12/24/2022,1.817, ,5/27/2023 3:00,A
H6059,NP-CHP, ,STG29,12/25/2022,1.796, ,5/27/2023 3:00,A
H6059,NP-CHP, ,STG29,12/26/2022,1.785, ,5/27/2023 3:00,A
H6059,NP-CHP, ,STG29,12/27/2022,1.795, ,5/27/2023 3:00,A
H6059,NP-CHP, ,STG29,12/28/2022,1.789, ,5/27/2023 3:00,A
H6059,NP-CHP, ,STG29,12/29/2022,1.782, ,5/27/2023 3:00,A
H6059,NP-CHP, ,STG29,12/30/2022,1.776, ,5/27/2023 3:00,A
H6059,NP-CHP, ,STG29,12/31/2022,1.772, ,5/27/2023 3:00,A
H6059,NP-CHP, ,STG29,1/1/2023,1.764, ,5/27/2023 3:00,A
H6059,NP-CHP, ,STG29,1/2/2023,1.753, ,5/27/2023 3:00,A
H6059,NP-CHP, ,STG29,1/3/2023,1.744, ,5/27/2023 3:00,A
H6059,NP-CHP, ,STG29,1/4/2023,1.737, ,5/27/2023 3:00,A
H6059,NP-CHP, ,STG29,1/5/2023,1.732, ,5/27/2023 3:00,A
H6059,NP-CHP, ,STG29,1/6/2023,1.722, ,5/27/2023 3:00,A
H6059,NP-CHP, ,STG29,1/7/2023,1.698, ,5/27/2023 3:00,A
H6059,NP-CHP, ,STG29,1/8/2023,1.686, ,5/27/2023 3:00,A
H6059,NP-CHP, ,STG29,1/9/2023,1.678, ,5/27/2023 3:00,A
H6059,NP-CHP, ,STG29,1/10/2023,1.669, ,5/27/2023 3:00,A
H6059,NP-CHP, ,STG29,1/11/2023,1.655, ,5/27/2023 3:00,A
H6059,NP-CHP, ,STG29,1/12/2023,1.643, ,5/27/2023 3:00,A
H6059,NP-CHP, ,STG29,1/13/2023,1.631, ,5/27/2023 3:00,A
H6059,NP-CHP, ,STG29,1/14/2023,1.616, ,5/27/2023 3:00,A
H6059,NP-CHP, ,STG29,1/15/2023,1.6, ,5/27/2023 3:00,A
H6059,NP-CHP, ,STG29,1/16/2023,1.593, ,5/27/2023 3:00,A
H6059,NP-CHP, ,STG29,1/17/2023,1.58, ,5/27/2023 3:00,A
H6059,NP-CHP, ,STG29,1/18/2023,1.569, ,5/27/2023 3:00,A
H6059,NP-CHP, ,STG29,1/19/2023,1.557, ,5/27/2023 3:00,A
H6059,NP-CHP, ,STG29,1/20/2023,1.553, ,5/27/2023 3:00,A
H6059,NP-CHP, ,STG29,1/21/2023,1.546, ,5/27/2023 3:00,A
H6059,NP-CHP, ,STG29,1/22/2023,1.537, ,5/27/2023 3:00,A
H6059,NP-CHP, ,STG29,1/23/2023,1.531, ,5/27/2023 3:00,A
H6059,NP-CHP, ,STG29,1/24/2023,1.522, ,5/27/2023 3:00,A
H6059,NP-CHP, ,STG29,1/25/2023,1.513, ,5/27/2023 3:00,A
H6059,NP-CHP, ,STG29,1/26/2023,1.507, ,5/27/2023 3:00,A
H6059,NP-CHP, ,STG29,1/27/2023,1.495, ,5/27/2023 3:00,A
H6059,NP-CHP, ,STG29,1/28/2023,1.486, ,5/27/2023 3:00,A
H6059,NP-CHP, ,STG29,1/29/2023,1.477, ,5/27/2023 3:00,A
H6059,NP-CHP, ,STG29,1/30/2023,1.473, ,5/27/2023 3:00,A
H6059,NP-CHP, ,STG29,1/31/2023,1.469, ,5/27/2023 3:00,A
H6059,NP-CHP, ,STG29,2/1/2023,1.462, ,5/27/2023 3:00,A
H6059,NP-CHP, ,STG29,2/2/2023,1.452, ,5/27/2023 3:00,A
H6059,NP-CHP, ,STG29,2/3/2023,1.446, ,5/27/2023 3:00,A
H6059,NP-CHP, ,STG29,2/4/2023,1.438, ,5/27/2023 3:00,A
H6059,NP-CHP, ,STG29,2/5/2023,1.483, ,5/27/2023 3:00,A
H6059,NP-CHP, ,STG29,2/6/2023,1.485, ,5/27/2023 3:00,A
H6059,NP-CHP, ,STG29,2/7/2023,1.477, ,7/6/2023 3:00,A
H6059,NP-CHP, ,STG29,2/8/2023,1.466, ,7/6/2023 3:00,A
H6059,NP-CHP, ,STG29,2/9/2023,1.454, ,7/6/2023 3:00,A
H6059,NP-CHP, ,STG29,2/10/2023,1.451, ,7/6/2023 3:00,A
H6059,NP-CHP, ,STG29,2/11/2023,1.44, ,7/6/2023 3:00,A
H6059,NP-CHP, ,STG29,2/12/2023,1.432, ,7/6/2023 3:00,A
H6059,NP-CHP, ,STG29,2/13/2023,1.421, ,7/6/2023 3:00,A
H6059,NP-CHP, ,STG29,2/14/2023,1.406, ,7/6/2023 3:00,A
H6059,NP-CHP, ,STG29,2/15/2023,1.393, ,7/6/2023 3:00,A
H6059,NP-CHP, ,STG29,2/16/2023,1.38, ,7/6/2023 3:00,A
H6059,NP-CHP, ,STG29,2/17/2023,1.372, ,7/6/2023 3:00,A
H6059,NP-CHP, ,STG29,2/18/2023,1.369, ,7/6/2023 3:00,A
H6059,NP-CHP, ,STG29,2/19/2023,1.36, ,7/6/2023 3:00,A
H6059,NP-CHP, ,STG29,2/20/2023,1.349, ,7/6/2023 3:00,A
H6059,NP-CHP, ,STG29,2/21/2023,1.338, ,7/6/2023 3:00,A
H6059,NP-CHP, ,STG29,2/22/2023,1.325, ,7/6/2023 3:00,A
H6059,NP-CHP, ,STG29,2/23/2023,1.311, ,7/6/2023 3:00,A
H6059,NP-CHP, ,STG29,2/24/2023,1.299, ,7/6/2023 3:00,A
H6059,NP-CHP, ,STG29,2/25/2023,1.287, ,7/6/2023 3:00,A
H6059,NP-CHP, ,STG29,2/26/2023,1.276, ,7/6/2023 3:00,A
H6059,NP-CHP, ,STG29,2/27/2023,1.264, ,7/6/2023 3:00,A
H6059,NP-CHP, ,STG29,2/28/2023,1.253, ,7/6/2023 3:00,A
H6059,NP-CHP, ,STG29,3/1/2023,1.243, ,7/6/2023 3:00,A
H6059,NP-CHP, ,STG29,3/2/2023,1.233, ,7/6/2023 3:00,A
H6059,NP-CHP, ,STG29,3/3/2023,1.222, ,7/6/2023 3:00,A
H6059,NP-CHP, ,STG29,3/4/2023,1.213, ,7/6/2023 3:00,A
H6059,NP-CHP, ,STG29,3/5/2023,1.199, ,7/6/2023 3:00,A
H6059,NP-CHP, ,STG29,3/6/2023,1.188, ,7/6/2023 3:00,A
H6059,NP-CHP, ,STG29,3/7/2023,1.169, ,7/6/2023 3:00,A
H6059,NP-CHP, ,STG29,3/8/2023,1.155, ,7/6/2023 3:00,A
H6059,NP-CHP, ,STG29,3/9/2023,1.143, ,7/6/2023 3:00,A
H6059,NP-CHP, ,STG29,3/10/2023,1.127, ,7/6/2023 3:00,A
H6059,NP-CHP, ,STG29,3/11/2023,1.108, ,7/6/2023 3:00,A
H6059,NP-CHP, ,STG29,3/12/2023,1.091, ,7/6/2023 3:00,A
H6059,NP-CHP, ,STG29,3/13/2023,1.074, ,7/6/2023 3:00,A
H6059,NP-CHP, ,STG29,3/14/2023,1.061, ,7/6/2023 3:00,A
H6059,NP-CHP, ,STG29,3/15/2023,1.05, ,7/6/2023 3:00,A
H6059,NP-CHP, ,STG29,3/16/2023,1.038, ,7/6/2023 3:00,A
H6059,NP-CHP, ,STG29,3/17/2023,1.022, ,7/6/2023 3:00,A
H6059,NP-CHP, ,STG29,3/18/2023,1.011, ,7/6/2023 3:00,A
H6059,NP-CHP, ,STG29,3/19/2023,1.002, ,7/6/2023 3:00,A
H6059,NP-CHP, ,STG29,3/20/2023,1.015, ,7/6/2023 3:00,A
H6059,NP-CHP, ,STG29,3/21/2023,1.017, ,7/6/2023 3:00,A
H6059,NP-CHP, ,STG29,3/22/2023,1.013, ,7/6/2023 3:00,A
H6059,NP-CHP, ,STG29,3/23/2023,1.007, ,7/6/2023 3:00,A
H6059,NP-CHP, ,STG29,3/24/2023,0.998, ,7/6/2023 3:00,A
H6059,NP-CHP, ,STG29,3/25/2023,0.993, ,7/6/2023 3:00,A
H6059,NP-CHP, ,STG29,3/26/2023,0.988, ,7/6/2023 3:00,A
H6059,NP-CHP, ,STG29,3/27/2023,0.98, ,7/6/2023 3:00,A
H6059,NP-CHP, ,STG29,3/28/2023,0.972, ,7/6/2023 3:00,A
H6059,NP-CHP, ,STG29,3/29/2023,0.96, ,7/6/2023 3:00,A
H6059,NP-CHP, ,STG29,3/30/2023,0.95, ,7/6/2023 3:00,A
H6059,NP-CHP, ,STG29,3/31/2023,0.944, ,7/6/2023 3:00,A
H6059,NP-CHP, ,STG29,4/1/2023,0.931, ,7/6/2023 3:00,A
H6059,NP-CHP, ,STG29,4/2/2023,0.92, ,7/6/2023 3:00,A
H6059,NP-CHP, ,STG29,4/3/2023,0.909, ,7/6/2023 3:00,A
H6059,NP-CHP, ,STG29,4/4/2023,0.891, ,7/6/2023 3:00,A
H6059,NP-CHP, ,STG29,4/5/2023,0.874, ,7/6/2023 3:00,A
H6059,NP-CHP, ,STG29,4/6/2023,0.865, ,7/6/2023 3:00,A
H6059,NP-CHP, ,STG29,4/7/2023,0.845, ,7/6/2023 3:00,A
H6059,NP-CHP, ,STG29,4/8/2023,0.823, ,7/6/2023 3:00,A
H6059,NP-CHP, ,STG29,4/9/2023,0.812, ,7/6/2023 3:00,A
H6059,NP-CHP, ,STG29,4/10/2023,0.813, ,7/6/2023 3:00,A
H6059,NP-CHP, ,STG29,4/11/2023,0.886, ,7/6/2023 3:00,A
H6059,NP-CHP, ,STG29,4/12/2023,0.978, ,7/6/2023 3:00,A
H6059,NP-CHP, ,STG29,4/13/2023,0.989, ,7/6/2023 3:00,A
H6059,NP-CHP, ,STG29,4/14/2023,0.983, ,7/6/2023 3:00,A
H6059,NP-CHP, ,STG29,4/15/2023,0.976, ,7/6/2023 3:00,A
H6059,NP-CHP, ,STG29,4/16/2023,0.967, ,7/6/2023 3:00,A
H6059,NP-CHP, ,STG29,4/17/2023,0.99, ,7/6/2023 3:00,A
H6059,NP-CHP, ,STG29,4/18/2023,0.99, ,7/6/2023 3:00,A
H6059,NP-CHP, ,STG29,4/19/2023,0.988, ,7/6/2023 3:00,A
H6059,NP-CHP, ,STG29,4/20/2023,0.985, ,7/6/2023 3:00,A
H6059,NP-CHP, ,STG29,4/21/2023,0.983, ,7/6/2023 3:00,A
H6059,NP-CHP, ,STG29,4/22/2023,0.979, ,7/6/2023 3:00,A
H6059,NP-CHP, ,STG29,4/23/2023,0.975, ,7/6/2023 3:00,A
H6059,NP-CHP, ,STG29,4/24/2023,0.973, ,7/6/2023 3:00,A
H6059,NP-CHP, ,STG29,4/25/2023,0.973, ,7/6/2023 3:00,A
H6059,NP-CHP, ,STG29,4/26/2023,0.973, ,7/6/2023 3:00,A
H6059,NP-CHP, ,STG29,4/27/2023,0.967, ,7/6/2023 3:00,A
H6059,NP-CHP, ,STG29,4/28/2023,0.961, ,7/6/2023 3:00,A
H6059,NP-CHP, ,STG29,4/29/2023,0.958, ,7/6/2023 3:00,A
H6059,NP-CHP, ,STG29,4/30/2023,0.969, ,7/6/2023 3:00,A
H6059,NP-CHP, ,STG29,5/1/2023,0.97, ,7/6/2023 3:00,A
H6059,NP-CHP, ,STG29,5/2/2023,0.969, ,7/6/2023 3:00,A
H6059,NP-CHP, ,STG29,5/3/2023,0.963, ,7/6/2023 3:00,A
H6059,NP-CHP, ,STG29,5/4/2023,0.959, ,7/6/2023 3:00,A
H6059,NP-CHP, ,STG29,5/5/2023,0.955, ,7/6/2023 3:00,A
H6059,NP-CHP, ,STG29,5/6/2023,0.953, ,7/6/2023 3:00,A
H6059,NP-CHP, ,STG29,5/7/2023,0.95, ,7/6/2023 3:00,A
H6059,NP-CHP, ,STG29,5/8/2023,0.947, ,7/6/2023 3:00,A
H6059,NP-CHP, ,STG29,5/9/2023,0.938, ,7/6/2023 3:00,A
H6059,NP-CHP, ,STG29,5/10/2023,0.928, ,7/6/2023 3:00,A
H6059,NP-CHP, ,STG29,5/11/2023,0.91, ,7/6/2023 3:00,A
H6059,NP-CHP, ,STG29,5/12/2023,0.892, ,7/6/2023 3:00,A
H6059,NP-CHP, ,STG29,5/13/2023,0.872, ,7/6/2023 3:00,A
H6059,NP-CHP, ,STG29,5/14/2023,0.855, ,7/6/2023 3:00,A
H6059,NP-CHP, ,STG29,5/15/2023,0.845, ,7/6/2023 3:00,A
H6059,NP-CHP, ,STG29,5/16/2023,0.843, ,7/6/2023 3:00,A
H6059,NP-CHP, ,STG29,5/17/2023,0.863, ,7/6/2023 3:00,A
H6059,NP-CHP, ,STG29,5/18/2023,0.858, ,7/26/2023 3:00,A
H6059,NP-CHP, ,STG29,5/19/2023,0.852, ,7/26/2023 3:00,A
H6059,NP-CHP, ,STG29,5/20/2023,0.843, ,7/26/2023 3:00,A
H6059,NP-CHP, ,STG29,5/21/2023,0.863, ,7/26/2023 3:00,A
H6059,NP-CHP, ,STG29,5/22/2023,0.945, ,7/26/2023 3:00,A
H6059,NP-CHP, ,STG29,5/23/2023,1.086, ,7/26/2023 3:00,A
H6059,NP-CHP, ,STG29,5/24/2023,1.078, ,7/26/2023 3:00,A
H6059,NP-CHP, ,STG29,5/25/2023,1.127, ,7/26/2023 3:00,A
H6059,NP-CHP, ,STG29,5/26/2023,1.206, ,7/26/2023 3:00,A
H6059,NP-CHP, ,STG29,5/27/2023,1.26, ,7/26/2023 3:00,A
H6059,NP-CHP, ,STG29,5/28/2023,1.3, ,7/26/2023 3:00,A
H6059,NP-CHP, ,STG29,5/29/2023,1.331, ,7/26/2023 3:00,A
H6059,NP-CHP, ,STG29,5/30/2023,1.362, ,7/26/2023 3:00,A
H6059,NP-CHP, ,STG29,5/31/2023,1.437, ,7/26/2023 3:00,A
H6059,NP-CHP, ,STG29,6/1/2023,1.489, ,7/26/2023 3:00,A
H6059,NP-CHP, ,STG29,6/2/2023,1.528, ,7/26/2023 3:00,A
H6059,NP-CHP, ,STG29,6/3/2023,1.584, ,7/26/2023 3:00,A
H6059,NP-CHP, ,STG29,6/4/2023,1.728, ,7/26/2023 3:00,A
H6059,NP-CHP, ,STG29,6/5/2023,1.817, ,7/26/2023 3:00,A
H6059,NP-CHP, ,STG29,6/6/2023,1.862, ,7/26/2023 3:00,A
H6059,NP-CHP, ,STG29,6/7/2023,1.879, ,7/26/2023 3:00,A
H6059,NP-CHP, ,STG29,6/8/2023,1.916, ,7/26/2023 3:00,A
H6059,NP-CHP, ,STG29,6/9/2023,2.005, ,7/26/2023 3:00,A
H6059,NP-CHP, ,STG29,6/10/2023,2.053, ,7/26/2023 3:00,A
H6059,NP-CHP, ,STG29,6/11/2023,2.04, ,7/26/2023 3:00,A
H6059,NP-CHP, ,STG29,6/12/2023,2.019, ,7/26/2023 3:00,A
H6059,NP-CHP, ,STG29,6/13/2023,2.082, ,7/26/2023 3:00,A
H6059,NP-CHP, ,STG29,6/14/2023,2.057, ,7/26/2023 3:00,A
H6059,NP-CHP, ,STG29,6/15/2023,2.027, ,7/26/2023 3:00,A
H6059,NP-CHP, ,STG29,6/16/2023,2.005, ,7/26/2023 3:00,A
H6059,NP-CHP, ,STG29,6/17/2023,1.982, ,7/26/2023 3:00,A
H6059,NP-CHP, ,STG29,6/18/2023,1.992, ,7/26/2023 3:00,A
H6059,NP-CHP, ,STG29,6/19/2023,1.988, ,7/26/2023 3:00,A
H6059,NP-CHP, ,STG29,6/20/2023,1.965, ,7/26/2023 3:00,A
H6059,NP-CHP, ,STG29,6/21/2023,1.941, ,7/26/2023 3:00,A
H6059,NP-CHP, ,STG29,6/22/2023,1.93, ,7/26/2023 3:00,A
H6059,NP-CHP, ,STG29,6/23/2023,1.921, ,7/26/2023 3:00,A
H6059,NP-CHP, ,STG29,6/24/2023,1.927, ,7/26/2023 3:00,A
H6059,NP-CHP, ,STG29,6/25/2023,2.009, ,7/26/2023 3:00,A
H6059,NP-CHP, ,STG29,6/26/2023,2.108, ,7/26/2023 3:00,A
H6059,NP-CHP, ,STG29,6/27/2023,2.127, ,7/26/2023 3:00,A
H6059,NP-CHP, ,STG29,6/28/2023,2.131, ,7/26/2023 3:00,A
H6059,NP-CHP, ,STG29,6/29/2023,2.136, ,7/26/2023 3:00,A
H6059,NP-CHP, ,STG29,6/30/2023,2.175, ,7/26/2023 3:00,A
H6059,NP-CHP, ,STG29,7/1/2023,2.173, ,7/26/2023 3:00,A
H6059,NP-CHP, ,STG29,7/2/2023,2.19, ,7/26/2023 3:00,A
H6059,NP-CHP, ,STG29,7/3/2023,2.193, ,7/26/2023 3:00,A
H6059,NP-CHP, ,STG29,7/4/2023,2.195, ,7/26/2023 3:00,A
H6059,NP-CHP, ,STG29,7/5/2023,2.162, ,7/26/2023 3:00,A
H6059,NP-CHP, ,STG29,7/6/2023,2.127, ,10/4/2023 3:00,A
H6059,NP-CHP, ,STG29,7/7/2023,2.109, ,10/4/2023 3:00,A
H6059,NP-CHP, ,STG29,7/8/2023,2.082, ,10/4/2023 3:00,A
H6059,NP-CHP, ,STG29,7/9/2023,2.052, ,10/4/2023 3:00,A
H6059,NP-CHP, ,STG29,7/10/2023,2.021, ,10/4/2023 3:00,A
H6059,NP-CHP, ,STG29,7/11/2023,1.993, ,10/4/2023 3:00,A
H6059,NP-CHP, ,STG29,7/12/2023,1.965, ,10/4/2023 3:00,A
H6059,NP-CHP, ,STG29,7/13/2023,1.947, ,10/4/2023 3:00,A
H6059,NP-CHP, ,STG29,7/14/2023,1.935, ,10/4/2023 3:00,A
H6059,NP-CHP, ,STG29,7/15/2023,1.928, ,10/4/2023 3:00,A
H6059,NP-CHP, ,STG29,7/16/2023,1.908, ,10/4/2023 3:00,A
H6059,NP-CHP, ,STG29,7/17/2023,1.888, ,10/4/2023 3:00,A
H6059,NP-CHP, ,STG29,7/18/2023,1.872, ,10/4/2023 3:00,A
H6059,NP-CHP, ,STG29,7/19/2023,1.872, ,10/4/2023 3:00,A
H6059,NP-CHP, ,STG29,7/20/2023,1.855, ,10/4/2023 3:00,A
H6059,NP-CHP, ,STG29,7/21/2023,1.834, ,10/4/2023 3:00,A
H6059,NP-CHP, ,STG29,7/22/2023,1.819, ,10/4/2023 3:00,A
H6059,NP-CHP, ,STG29,7/23/2023,1.803, ,10/4/2023 3:00,A
H6059,NP-CHP, ,STG29,7/24/2023,1.784, ,10/4/2023 3:00,A
H6059,NP-CHP, ,STG29,7/25/2023,1.766, ,10/4/2023 3:00,A
H6059,NP-CHP, ,STG29,7/26/2023,1.756, ,10/4/2023 3:00,A
H6059,NP-CHP, ,STG29,7/27/2023,1.796, ,10/4/2023 3:00,A
H6059,NP-CHP, ,STG29,7/28/2023,1.832, ,10/4/2023 3:00,A
H6059,NP-CHP, ,STG29,7/29/2023,1.85, ,10/4/2023 3:00,A
H6059,NP-CHP, ,STG29,7/30/2023,1.833, ,10/4/2023 3:00,A
H6059,NP-CHP, ,STG29,7/31/2023,1.821, ,10/4/2023 3:00,A
H6059,NP-CHP, ,STG29,8/1/2023,1.836, ,10/4/2023 3:00,A
H6059,NP-CHP, ,STG29,8/2/2023,1.832, ,10/4/2023 3:00,A
H6059,NP-CHP, ,STG29,8/3/2023,1.835, ,10/4/2023 3:00,A
H6059,NP-CHP, ,STG29,8/4/2023, ,M,10/4/2023 3:00,A
H6059,NP-CHP, ,STG29,8/5/2023, ,M,10/4/2023 3:00,A
H6059,NP-CHP, ,STG29,8/6/2023, ,M,10/4/2023 3:00,A
H6059,NP-CHP, ,STG29,8/7/2023, ,M,10/4/2023 3:00,A
H6059,NP-CHP, ,STG29,8/8/2023, ,M,10/4/2023 3:00,A
H6059,NP-CHP, ,STG29,8/9/2023, ,M,10/4/2023 3:00,A
H6059,NP-CHP, ,STG29,8/10/2023, ,M,10/4/2023 3:00,A
H6059,NP-CHP, ,STG29,8/11/2023, ,M,10/4/2023 3:00,A
H6059,NP-CHP, ,STG29,8/12/2023, ,M,10/4/2023 3:00,A
H6059,NP-CHP, ,STG29,8/13/2023, ,M,10/4/2023 3:00,A
H6059,NP-CHP, ,STG29,8/14/2023, ,M,10/4/2023 3:00,A
H6059,NP-CHP, ,STG29,8/15/2023, ,M,10/4/2023 3:00,A
H6059,NP-CHP, ,STG29,8/16/2023, ,M,10/4/2023 3:00,A
H6059,NP-CHP, ,STG29,8/17/2023, ,M,10/4/2023 3:00,A
H6059,NP-CHP, ,STG29,8/18/2023, ,M,10/4/2023 3:00,A
H6059,NP-CHP, ,STG29,8/19/2023, ,M,10/4/2023 3:00,A
H6059,NP-CHP, ,STG29,8/20/2023, ,M,10/4/2023 3:00,A
H6059,NP-CHP, ,STG29,8/21/2023, ,M,10/4/2023 3:00,A
H6059,NP-CHP, ,STG29,8/22/2023, ,M,10/4/2023 3:00,A
H6059,NP-CHP, ,STG29,8/23/2023, ,M,10/4/2023 3:00,A
H6059,NP-CHP, ,STG29,8/24/2023, ,M,10/4/2023 3:00,A
H6059,NP-CHP, ,STG29,8/25/2023, ,M,10/4/2023 3:00,A
H6059,NP-CHP, ,STG29,8/26/2023, ,M,10/4/2023 3:00,A
H6059,NP-CHP, ,STG29,8/27/2023, ,M,10/4/2023 3:00,A
H6059,NP-CHP, ,STG29,8/28/2023, ,M,10/4/2023 3:00,A
H6059,NP-CHP, ,STG29,8/29/2023, ,M,10/4/2023 3:00,A
H6059,NP-CHP, ,STG29,8/30/2023, ,M,10/4/2023 3:00,A
H6059,NP-CHP, ,STG29,8/31/2023, ,M,10/4/2023 3:00,A
H6059,NP-CHP, ,STG29,9/1/2023, ,M,10/4/2023 3:00,A
H6059,NP-CHP, ,STG29,9/2/2023, ,M,10/4/2023 3:00,A
H6059,NP-CHP, ,STG29,9/3/2023, ,M,10/4/2023 3:00,A
H6059,NP-CHP, ,STG29,9/4/2023, ,M,10/4/2023 3:00,A
H6059,NP-CHP, ,STG29,9/5/2023, ,M,10/4/2023 3:00,A
H6059,NP-CHP, ,STG29,9/6/2023, ,M,10/4/2023 3:00,A
H6059,NP-CHP, ,STG29,9/7/2023, ,M,10/4/2023 3:00,A
H6059,NP-CHP, ,STG29,9/8/2023, ,M,10/4/2023 3:00,A
H6059,NP-CHP, ,STG29,9/9/2023, ,M,10/4/2023 3:00,A
H6059,NP-CHP, ,STG29,9/10/2023, ,M,10/4/2023 3:00,A
H6059,NP-CHP, ,STG29,9/11/2023, ,M,10/4/2023 3:00,A
H6059,NP-CHP, ,STG29,9/12/2023, ,M,10/4/2023 3:00,A
H6059,NP-CHP, ,STG29,9/13/2023, ,M,10/4/2023 3:00,A
H6059,NP-CHP, ,STG29,9/14/2023, ,M,12/22/2023 3:00,A
H6059,NP-CHP, ,STG29,9/15/2023,2.013, ,12/22/2023 3:00,A
H6059,NP-CHP, ,STG29,9/16/2023,2.03, ,12/22/2023 3:00,A
H6059,NP-CHP, ,STG29,9/17/2023,2.051, ,12/22/2023 3:00,A
H6059,NP-CHP, ,STG29,9/18/2023,2.07, ,12/22/2023 3:00,A
H6059,NP-CHP, ,STG29,9/19/2023,2.106, ,12/22/2023 3:00,A
H6059,NP-CHP, ,STG29,9/20/2023,2.102, ,12/22/2023 3:00,A
H6059,NP-CHP, ,STG29,9/21/2023,2.125, ,12/22/2023 3:00,A
H6059,NP-CHP, ,STG29,9/22/2023,2.118, ,12/22/2023 3:00,A
H6059,NP-CHP, ,STG29,9/23/2023,2.114, ,12/22/2023 3:00,A
H6059,NP-CHP, ,STG29,9/24/2023,2.113, ,12/22/2023 3:00,A
H6059,NP-CHP, ,STG29,9/25/2023,2.192, ,12/22/2023 3:00,A
H6059,NP-CHP, ,STG29,9/26/2023,2.204, ,12/22/2023 3:00,A
H6059,NP-CHP, ,STG29,9/27/2023,2.199, ,12/22/2023 3:00,A
H6059,NP-CHP, ,STG29,9/28/2023,2.237, ,12/22/2023 3:00,A
H6059,NP-CHP, ,STG29,9/29/2023,2.237, ,12/22/2023 3:00,A
H6059,NP-CHP, ,STG29,9/30/2023,2.23, ,12/22/2023 3:00,A
H6059,NP-CHP, ,STG29,10/1/2023,2.249, ,12/22/2023 3:00,A
H6059,NP-CHP, ,STG29,10/2/2023,2.255, ,12/22/2023 3:00,A
H6059,NP-CHP, ,STG29,10/3/2023,2.243, ,12/22/2023 3:00,A
H6059,NP-CHP, ,STG29,10/4/2023,2.222, ,12/22/2023 3:00,A
H6059,NP-CHP, ,STG29,10/5/2023,2.213, ,12/22/2023 3:00,A
H6059,NP-CHP, ,STG29,10/6/2023,2.233, ,12/22/2023 3:00,A
H6059,NP-CHP, ,STG29,10/7/2023,2.23, ,12/22/2023 3:00,A
H6059,NP-CHP, ,STG29,10/8/2023,2.228, ,12/22/2023 3:00,A
H6059,NP-CHP, ,STG29,10/9/2023,2.225, ,12/22/2023 3:00,A
H6059,NP-CHP, ,STG29,10/10/2023,2.218, ,12/22/2023 3:00,A
H6059,NP-CHP, ,STG29,10/11/2023,2.217, ,12/22/2023 3:00,A
H6059,NP-CHP, ,STG29,10/12/2023,2.221, ,12/22/2023 3:00,A
H6059,NP-CHP, ,STG29,10/13/2023,2.282, ,12/22/2023 3:00,A
H6059,NP-CHP, ,STG29,10/14/2023,2.313, ,12/22/2023 3:00,A
H6059,NP-CHP, ,STG29,10/15/2023,2.306, ,12/22/2023 3:00,A
H6059,NP-CHP, ,STG29,10/16/2023,2.277, ,12/22/2023 3:00,A
H6059,NP-CHP, ,STG29,10/17/2023,2.243, ,12/22/2023 3:00,A
H6059,NP-CHP, ,STG29,10/18/2023,2.219, ,12/22/2023 3:00,A
H6059,NP-CHP, ,STG29,10/19/2023,2.201, ,12/22/2023 3:00,A
H6059,NP-CHP, ,STG29,10/20/2023,2.19, ,12/22/2023 3:00,A
H6059,NP-CHP, ,STG29,10/21/2023,2.175, ,12/22/2023 3:00,A
H6059,NP-CHP, ,STG29,10/22/2023,2.157, ,12/22/2023 3:00,A
H6059,NP-CHP, ,STG29,10/23/2023,2.14, ,12/22/2023 3:00,A
H6059,NP-CHP, ,STG29,10/24/2023,2.124, ,12/22/2023 3:00,A
H6059,NP-CHP, ,STG29,10/25/2023,2.106, ,12/22/2023 3:00,A
H6059,NP-CHP, ,STG29,10/26/2023,2.086, ,12/22/2023 3:00,A
H6059,NP-CHP, ,STG29,10/27/2023,2.07, ,12/22/2023 3:00,A
H6059,NP-CHP, ,STG29,10/28/2023,2.052, ,12/22/2023 3:00,A
H6059,NP-CHP, ,STG29,10/29/2023,2.037, ,12/22/2023 3:00,A
H6059,NP-CHP, ,STG29,10/30/2023,2.027, ,12/22/2023 3:00,A
H6059,NP-CHP, ,STG29,10/31/2023,2.015, ,12/22/2023 3:00,A
H6059,NP-CHP, ,STG29,11/1/2023,2.009, ,12/22/2023 3:00,A
H6059,NP-CHP, ,STG29,11/2/2023,2.006, ,12/22/2023 3:00,A
H6059,NP-CHP, ,STG29,11/3/2023,1.994, ,12/22/2023 3:00,A
H6059,NP-CHP, ,STG29,11/4/2023,1.982, ,12/22/2023 3:00,A
H6059,NP-CHP, ,STG29,11/5/2023,1.969, ,12/22/2023 3:00,A
H6059,NP-CHP, ,STG29,11/6/2023,1.953, ,12/22/2023 3:00,A
H6059,NP-CHP, ,STG29,11/7/2023,1.942, ,12/22/2023 3:00,A
H6059,NP-CHP, ,STG29,11/8/2023,1.942, ,12/22/2023 3:00,A
H6059,NP-CHP, ,STG29,11/9/2023,1.948, ,12/22/2023 3:00,A
H6059,NP-CHP, ,STG29,11/10/2023,1.963, ,12/22/2023 3:00,A
H6059,NP-CHP, ,STG29,11/11/2023,1.98, ,12/22/2023 3:00,A
H6059,NP-CHP, ,STG29,11/12/2023,1.983, ,12/22/2023 3:00,A
H6059,NP-CHP, ,STG29,11/13/2023,1.974, ,12/22/2023 3:00,A
H6059,NP-CHP, ,STG29,11/14/2023,1.961, ,12/22/2023 3:00,A
H6059,NP-CHP, ,STG29,11/15/2023,2.1, ,12/22/2023 3:00,A
H6059,NP-CHP, ,STG29,11/16/2023,2.894, ,12/22/2023 3:00,A
H6059,NP-CHP, ,STG29,11/17/2023,2.81, ,12/22/2023 3:00,A
H6059,NP-CHP, ,STG29,11/18/2023,2.728, ,12/22/2023 3:00,A
H6059,NP-CHP, ,STG29,11/19/2023,2.666, ,12/22/2023 3:00,A
H6059,NP-CHP, ,STG29,11/20/2023,2.603, ,12/22/2023 3:00,A
H6059,NP-CHP, ,STG29,11/21/2023,2.541, ,12/22/2023 3:00,A
H6059,NP-CHP, ,STG29,11/22/2023,2.503, ,12/22/2023 3:00,A
H6059,NP-CHP, ,STG29,11/23/2023,2.475, ,12/22/2023 3:00,A
H6059,NP-CHP, ,STG29,11/24/2023,2.452, ,12/22/2023 3:00,A
H6059,NP-CHP, ,STG29,11/25/2023,2.441, ,12/22/2023 3:00,A
H6059,NP-CHP, ,STG29,11/26/2023,2.416, ,12/22/2023 3:00,A
H6059,NP-CHP, ,STG29,11/27/2023,2.392, ,12/22/2023 3:00,A
H6059,NP-CHP, ,STG29,11/28/2023,2.358, ,2/28/2024 3:00,A
H6059,NP-CHP, ,STG29,11/29/2023,2.318, ,2/28/2024 3:00,A
H6059,NP-CHP, ,STG29,11/30/2023,2.291, ,2/28/2024 3:00,A
H6059,NP-CHP, ,STG29,12/1/2023,2.267, ,2/28/2024 3:00,A
H6059,NP-CHP, ,STG29,12/2/2023,2.251, ,2/28/2024 3:00,A
H6059,NP-CHP, ,STG29,12/3/2023,2.238, ,2/28/2024 3:00,A
H6059,NP-CHP, ,STG29,12/4/2023,2.228, ,2/28/2024 3:00,A
H6059,NP-CHP, ,STG29,12/5/2023,2.214, ,2/28/2024 3:00,A
H6059,NP-CHP, ,STG29,12/6/2023,2.193, ,2/28/2024 3:00,A
H6059,NP-CHP, ,STG29,12/7/2023,2.17, ,2/28/2024 3:00,A
H6059,NP-CHP, ,STG29,12/8/2023,2.146, ,2/28/2024 3:00,A
H6059,NP-CHP, ,STG29,12/9/2023,2.126, ,2/28/2024 3:00,A
H6059,NP-CHP, ,STG29,12/10/2023,2.109, ,2/28/2024 3:00,A
H6059,NP-CHP, ,STG29,12/11/2023,2.094, ,2/28/2024 3:00,A
H6059,NP-CHP, ,STG29,12/12/2023,2.072, ,2/28/2024 3:00,A
H6059,NP-CHP, ,STG29,12/13/2023,2.07, ,2/28/2024 3:00,A
H6059,NP-CHP, ,STG29,12/14/2023,2.125, ,2/28/2024 3:00,A
H6059,NP-CHP, ,STG29,12/15/2023,2.204, ,2/28/2024 3:00,A
H6059,NP-CHP, ,STG29,12/16/2023,2.206, ,2/28/2024 3:00,A
H6059,NP-CHP, ,STG29,12/17/2023,2.252, ,2/28/2024 3:00,A
H6059,NP-CHP, ,STG29,12/18/2023,2.27, ,2/28/2024 3:00,A
H6059,NP-CHP, ,STG29,12/19/2023,2.263, ,2/28/2024 3:00,A
H6059,NP-CHP, ,STG29,12/20/2023,2.241, ,2/28/2024 3:00,A
H6059,NP-CHP, ,STG29,12/21/2023,2.221, ,2/28/2024 3:00,A
H6059,NP-CHP, ,STG29,12/22/2023,2.207, ,2/28/2024 3:00,A
H6059,NP-CHP, ,STG29,12/23/2023,2.191, ,2/28/2024 3:00,A
H6059,NP-CHP, ,STG29,12/24/2023,2.169, ,2/28/2024 3:00,A
H6059,NP-CHP, ,STG29,12/25/2023,2.156, ,2/28/2024 3:00,A
H6059,NP-CHP, ,STG29,12/26/2023,2.168, ,2/28/2024 3:00,A
H6059,NP-CHP, ,STG29,12/27/2023,2.162, ,2/28/2024 3:00,A
H6059,NP-CHP, ,STG29,12/28/2023,2.199, ,2/28/2024 3:00,A
H6059,NP-CHP, ,STG29,12/29/2023,2.227, ,2/28/2024 3:00,A
H6059,NP-CHP, ,STG29,12/30/2023,2.218, ,2/28/2024 3:00,A
H6059,NP-CHP, ,STG29,12/31/2023,2.205, ,2/28/2024 3:00,A
H6059,NP-CHP, ,STG29,1/1/2024,2.189, ,2/28/2024 3:00,A
H6059,NP-CHP, ,STG29,1/2/2024,2.175, ,2/28/2024 3:00,A
H6059,NP-CHP, ,STG29,1/3/2024,2.157, ,2/28/2024 3:00,A
H6059,NP-CHP, ,STG29,1/4/2024,2.141, ,2/28/2024 3:00,A
H6059,NP-CHP, ,STG29,1/5/2024,2.12, ,2/28/2024 3:00,A
H6059,NP-CHP, ,STG29,1/6/2024,2.114, ,2/28/2024 3:00,A
H6059,NP-CHP, ,STG29,1/7/2024,2.212, ,2/28/2024 3:00,A
H6059,NP-CHP, ,STG29,1/8/2024,2.198, ,2/28/2024 3:00,A
H6059,NP-CHP, ,STG29,1/9/2024,2.174, ,2/28/2024 3:00,A
H6059,NP-CHP, ,STG29,1/10/2024,2.165, ,2/28/2024 3:00,A
H6059,NP-CHP, ,STG29,1/11/2024,2.166, ,2/28/2024 3:00,A
H6059,NP-CHP, ,STG29,1/12/2024,2.168, ,2/28/2024 3:00,A
H6059,NP-CHP, ,STG29,1/13/2024,2.154, ,2/28/2024 3:00,A
H6059,NP-CHP, ,STG29,1/14/2024,2.137, ,2/28/2024 3:00,A
H6059,NP-CHP, ,STG29,1/15/2024,2.117, ,2/28/2024 3:00,A
H6059,NP-CHP, ,STG29,1/16/2024,2.102, ,2/28/2024 3:00,A
H6059,NP-CHP, ,STG29,1/17/2024,2.088, ,2/28/2024 3:00,A
H6059,NP-CHP, ,STG29,1/18/2024,2.075, ,2/28/2024 3:00,A
H6059,NP-CHP, ,STG29,1/19/2024,2.057, ,2/28/2024 3:00,A
H6059,NP-CHP, ,STG29,1/20/2024,2.04, ,2/28/2024 3:00,A
H6059,NP-CHP, ,STG29,1/21/2024,2.015, ,9/7/2024 3:00,A
H6059,NP-CHP, ,STG29,1/22/2024,1.99, ,9/7/2024 3:00,A
H6059,NP-CHP, ,STG29,1/23/2024,1.971, ,9/7/2024 3:00,A
H6059,NP-CHP, ,STG29,1/24/2024,1.958, ,9/7/2024 3:00,A
H6059,NP-CHP, ,STG29,1/25/2024,1.944, ,9/7/2024 3:00,A
H6059,NP-CHP, ,STG29,1/26/2024,1.933, ,9/7/2024 3:00,A
H6059,NP-CHP, ,STG29,1/27/2024,1.922, ,9/7/2024 3:00,A
H6059,NP-CHP, ,STG29,1/28/2024,1.909, ,9/7/2024 3:00,A
H6059,NP-CHP, ,STG29,1/29/2024,1.888, ,9/7/2024 3:00,A
H6059,NP-CHP, ,STG29,1/30/2024,1.869, ,9/7/2024 3:00,A
H6059,NP-CHP, ,STG29,1/31/2024,1.848, ,9/7/2024 3:00,A
H6059,NP-CHP, ,STG29,2/1/2024,1.829, ,9/7/2024 3:00,A
H6059,NP-CHP, ,STG29,2/2/2024,1.816, ,9/7/2024 3:00,A
H6059,NP-CHP, ,STG29,2/3/2024,1.803, ,9/7/2024 3:00,A
H6059,NP-CHP, ,STG29,2/4/2024,1.823, ,9/7/2024 3:00,A
H6059,NP-CHP, ,STG29,2/5/2024,1.859, ,9/7/2024 3:00,A
H6059,NP-CHP, ,STG29,2/6/2024,1.868, ,9/7/2024 3:00,A
H6059,NP-CHP, ,STG29,2/7/2024,1.859, ,9/7/2024 3:00,A
H6059,NP-CHP, ,STG29,2/8/2024,1.846, ,9/7/2024 3:00,A
H6059,NP-CHP, ,STG29,2/9/2024,1.835, ,9/7/2024 3:00,A
H6059,NP-CHP, ,STG29,2/10/2024,1.824, ,9/7/2024 3:00,A
H6059,NP-CHP, ,STG29,2/11/2024,1.812, ,9/7/2024 3:00,A
H6059,NP-CHP, ,STG29,2/12/2024,1.808, ,9/7/2024 3:00,A
H6059,NP-CHP, ,STG29,2/13/2024,1.804, ,9/7/2024 3:00,A
H6059,NP-CHP, ,STG29,2/14/2024,1.792, ,9/7/2024 3:00,A
H6059,NP-CHP, ,STG29,2/15/2024,1.783, ,9/7/2024 3:00,A
H6059,NP-CHP, ,STG29,2/16/2024,1.774, ,9/7/2024 3:00,A
H6059,NP-CHP, ,STG29,2/17/2024,1.767, ,9/7/2024 3:00,A
H6059,NP-CHP, ,STG29,2/18/2024,1.779, ,9/7/2024 3:00,A
H6059,NP-CHP, ,STG29,2/19/2024,1.844, ,9/7/2024 3:00,A
H6059,NP-CHP, ,STG29,2/20/2024,1.833, ,9/7/2024 3:00,A
H6059,NP-CHP, ,STG29,2/21/2024,1.82, ,9/7/2024 3:00,A
H6059,NP-CHP, ,STG29,2/22/2024,1.807, ,9/7/2024 3:00,A
H6059,NP-CHP, ,STG29,2/23/2024,1.797, ,9/7/2024 3:00,A
H6059,NP-CHP, ,STG29,2/24/2024,1.788, ,9/7/2024 3:00,A
H6059,NP-CHP, ,STG29,2/25/2024,1.778, ,9/7/2024 3:00,A
H6059,NP-CHP, ,STG29,2/26/2024,1.766, ,9/7/2024 3:00,A
H6059,NP-CHP, ,STG29,2/27/2024,1.754, ,9/7/2024 3:00,A
H6059,NP-CHP, ,STG29,2/28/2024,1.745, ,9/7/2024 3:00,A
H6059,NP-CHP, ,STG29,2/29/2024,1.734, ,9/7/2024 3:00,A
H6059,NP-CHP, ,STG29,3/1/2024,1.723, ,9/7/2024 3:00,A
H6059,NP-CHP, ,STG29,3/2/2024,1.712, ,9/7/2024 3:00,A
H6059,NP-CHP, ,STG29,3/3/2024,1.706, ,9/7/2024 3:00,A
H6059,NP-CHP, ,STG29,3/4/2024,1.695, ,9/7/2024 3:00,A
H6059,NP-CHP, ,STG29,3/5/2024,1.684, ,9/7/2024 3:00,A
H6059,NP-CHP, ,STG29,3/6/2024,1.687, ,9/7/2024 3:00,A
H6059,NP-CHP, ,STG29,3/7/2024,1.688, ,9/7/2024 3:00,A
H6059,NP-CHP, ,STG29,3/8/2024,1.68, ,9/7/2024 3:00,A
H6059,NP-CHP, ,STG29,3/9/2024,1.668, ,9/7/2024 3:00,A
H6059,NP-CHP, ,STG29,3/10/2024,1.657, ,9/7/2024 3:00,A
H6059,NP-CHP, ,STG29,3/11/2024,1.642, ,9/7/2024 3:00,A
H6059,NP-CHP, ,STG29,3/12/2024,1.626, ,9/7/2024 3:00,A
H6059,NP-CHP, ,STG29,3/13/2024,1.615, ,9/7/2024 3:00,A
H6059,NP-CHP, ,STG29,3/14/2024,1.603, ,9/7/2024 3:00,A
H6059,NP-CHP, ,STG29,3/15/2024,1.589, ,9/7/2024 3:00,A
H6059,NP-CHP, ,STG29,3/16/2024,1.578, ,9/7/2024 3:00,A
H6059,NP-CHP, ,STG29,3/17/2024,1.563, ,9/7/2024 3:00,A
H6059,NP-CHP, ,STG29,3/18/2024,1.548, ,9/7/2024 3:00,A
H6059,NP-CHP, ,STG29,3/19/2024,1.536, ,9/7/2024 3:00,A
H6059,NP-CHP, ,STG29,3/20/2024,1.52, ,9/7/2024 3:00,A
H6059,NP-CHP, ,STG29,3/21/2024,1.507, ,9/7/2024 3:00,A
H6059,NP-CHP, ,STG29,3/22/2024,1.571, ,9/7/2024 3:00,A
H6059,NP-CHP, ,STG29,3/23/2024,1.859, ,9/7/2024 3:00,A
H6059,NP-CHP, ,STG29,3/24/2024,1.936, ,9/7/2024 3:00,A
H6059,NP-CHP, ,STG29,3/25/2024,1.928, ,9/7/2024 3:00,A
H6059,NP-CHP, ,STG29,3/26/2024,1.92, ,9/7/2024 3:00,A
H6059,NP-CHP, ,STG29,3/27/2024,1.912, ,9/7/2024 3:00,A
H6059,NP-CHP, ,STG29,3/28/2024,1.905, ,9/7/2024 3:00,A
H6059,NP-CHP, ,STG29,3/29/2024,1.891, ,9/7/2024 3:00,A
H6059,NP-CHP, ,STG29,3/30/2024,1.873, ,9/7/2024 3:00,A
H6059,NP-CHP, ,STG29,3/31/2024,1.855, ,9/7/2024 3:00,A
H6059,NP-CHP, ,STG29,4/1/2024,1.835, ,9/7/2024 3:00,A
