station,project,collectDate,sampleType,programType,matrix,collectMethod,firstTriggerDate,depth,depthUnits,testNumber,parameter,dataType,value,remarkCode,flag,sigFigValue,uncertainty,dilution,mdl,pql,rdl,units,nDec,bdl,qualityCode,sampleID,upDownStream,discharge,weatherCode,collectionSpan,dcsMeters,totalDepth,upperDepth,lowerDepth,latitude,longitude,collectionAgency,workLab,source,owner,validator,validationLevel,samplingPurpose,dataInvestigation,receiveDate,LIMSNumber,measureDate,method,filtrationDate,storetCode,sampleComment,resultComment
FLAB25,FLAB,7/15/92,SAMP,MON,SA,G,,0,,7,Temperature,TEMP,29.2,,,29.2,,,,,,Degrees Celsius,1,N,A,FIU17602,,0,0,,,,,,25.0837,81.080581,,,FIU,FIU,,,,,,,,,,,,
FLAB25,FLAB,8/15/92,SAMP,MON,SA,G,,0,,7,Temperature,TEMP,30.6,,,30.6,,,,,,Degrees Celsius,1,N,A,FIU17604,,0,0,,,,,,25.0837,81.080581,,,FIU,FIU,,,,,,,,,,,,
FLAB25,FLAB,9/15/92,SAMP,MON,SA,G,,0,,7,Temperature,TEMP,28.9,,,28.9,,,,,,Degrees Celsius,1,N,A,FIU17607,,0,0,,,,,,25.0837,81.080581,,,FIU,FIU,,,,,,,,,,,,
FLAB25,FLAB,10/15/92,SAMP,MON,SA,G,,0,,7,Temperature,TEMP,27.8,,,27.8,,,,,,Degrees Celsius,1,N,A,FIU17609,,0,0,,,,,,25.0837,81.080581,,,FIU,FIU,,,,,,,,,,,,
FLAB25,FLAB,11/15/92,SAMP,MON,SA,G,,0,,7,Temperature,TEMP,25.4,,,25.4,,,,,,Degrees Celsius,1,N,A,FIU17611,,0,0,,,,,,25.0837,81.080581,,,FIU,FIU,,,,,,,,,,,,
FLAB25,FLAB,12/15/92,SAMP,MON,SA,G,,0,,7,Temperature,TEMP,20.5,,,20.5,,,,,,Degrees Celsius,1,N,A,FIU17613,,0,0,,,,,,25.0837,81.080581,,,FIU,FIU,,,,,,,,,,,,
FLAB25,FLAB,1/21/93,SAMP,MON,SA,G,,0,,7,Temperature,TEMP,21.9,,,21.9,,,,,,Degrees Celsius,1,N,A,FIU17614,,0,0,,,,,,25.0837,81.080581,,,FIU,FIU,,,,,,,,,,,,
FLAB25,FLAB,2/10/93,SAMP,MON,SA,G,,0,,7,Temperature,TEMP,19.5,,,19.5,,,,,,Degrees Celsius,1,N,A,FIU17615,,0,0,,,,,,25.0837,81.080581,,,FIU,FIU,,,,,,,,,,,,
FLAB25,FLAB,3/10/93,SAMP,MON,SA,G,,0,,7,Temperature,TEMP,21,,,21,,,,,,Degrees Celsius,1,N,A,FIU17616,,0,0,,,,,,25.0837,81.080581,,,FIU,FIU,,,,,,,,,,,,
FLAB25,FLAB,4/7/93,SAMP,MON,SA,G,,0,,7,Temperature,TEMP,24.6,,,24.6,,,,,,Degrees Celsius,1,N,A,FIU17617,,0,0,,,,,,25.0837,81.080581,,,FIU,FIU,,,,,,,,,,,,
FLAB25,FLAB,5/12/93,SAMP,MON,SA,G,,0,,7,Temperature,TEMP,25.3,,,25.3,,,,,,Degrees Celsius,1,N,A,FIU17618,,0,0,,,,,,25.0837,81.080581,,,FIU,FIU,,,,,,,,,,,,
FLAB25,FLAB,6/3/93,SAMP,MON,SA,G,,0,,7,Temperature,TEMP,28.1,,,28.1,,,,,,Degrees Celsius,1,N,A,FIU17619,,0,0,,,,,,25.0837,81.080581,,,FIU,FIU,,,,,,,,,,,,
FLAB25,FLAB,7/7/93,SAMP,MON,SA,G,,0,,7,Temperature,TEMP,31.6,,,31.6,,,,,,Degrees Celsius,1,N,A,FIU17620,,0,0,,,,,,25.0837,81.080581,,,FIU,FIU,,,,,,,,,,,,
FLAB25,FLAB,8/4/93,SAMP,MON,SA,G,,0,,7,Temperature,TEMP,30.4,,,30.4,,,,,,Degrees Celsius,1,N,A,FIU17621,,0,0,,,,,,25.0837,81.080581,,,FIU,FIU,,,,,,,,,,,,
FLAB25,FLAB,9/9/93,SAMP,MON,SA,G,,0,,7,Temperature,TEMP,30.8,,,30.8,,,,,,Degrees Celsius,1,N,A,FIU17622,,0,0,,,,,,25.0837,81.080581,,,FIU,FIU,,,,,,,,,,,,
FLAB25,FLAB,10/6/93,SAMP,MON,SA,G,,0,,7,Temperature,TEMP,27,,,27,,,,,,Degrees Celsius,1,N,A,FIU17623,,0,0,,,,,,25.0837,81.080581,,,FIU,FIU,,,,,,,,,,,,
FLAB25,FLAB,11/3/93,SAMP,MON,SA,G,,0,,7,Temperature,TEMP,21.3,,,21.3,,,,,,Degrees Celsius,1,N,A,FIU17624,,0,0,,,,,,25.0837,81.080581,,,FIU,FIU,,,,,,,,,,,,
FLAB25,FLAB,12/2/93,SAMP,MON,SA,G,,0,,7,Temperature,TEMP,21.2,,,21.2,,,,,,Degrees Celsius,1,N,A,FIU17625,,0,0,,,,,,25.0837,81.080581,,,FIU,FIU,,,,,,,,,,,,
FLAB25,FLAB,1/11/94,SAMP,MON,SA,G,,0,,7,Temperature,TEMP,19.1,,,19.1,,,,,,Degrees Celsius,1,N,A,FIU17626,,0,0,,,,,,25.0837,81.080581,,,FIU,FIU,,,,,,,,,,,,
FLAB25,FLAB,2/2/94,SAMP,MON,SA,G,,0,,7,Temperature,TEMP,20.5,,,20.5,,,,,,Degrees Celsius,1,N,A,FIU17627,,0,0,,,,,,25.0837,81.080581,,,FIU,FIU,,,,,,,,,,,,
FLAB25,FLAB,3/8/94,SAMP,MON,SA,G,,0,,7,Temperature,TEMP,21.8,,,21.8,,,,,,Degrees Celsius,1,N,A,FIU17628,,0,0,,,,,,25.0837,81.080581,,,FIU,FIU,,,,,,,,,,,,
FLAB25,FLAB,4/6/94,SAMP,MON,SA,G,,0,,7,Temperature,TEMP,25,D,,25,,,,,,Degrees Celsius,1,N,A,FIU17629,,0,0,,,,,,25.0837,81.080581,,,FIU,FIU,,,,,,,,,,,,
FLAB25,FLAB,4/6/94,SAMP,MON,SA,G,,3.4,,7,Temperature,TEMP,25,D,,25,,,,,,Degrees Celsius,1,N,A,FIU17630,,0,0,,,,,,25.0837,81.080581,,,FIU,FIU,,,,,,,,,,,,
FLAB25,FLAB,5/4/94,SAMP,MON,SA,G,,0,,7,Temperature,TEMP,28.7,D,,28.7,,,,,,Degrees Celsius,1,N,A,FIU17631,,0,0,,,,,,25.0837,81.080581,,,FIU,FIU,,,,,,,,,,,,
FLAB25,FLAB,5/4/94,SAMP,MON,SA,G,,3.4,,7,Temperature,TEMP,28.7,D,,28.7,,,,,,Degrees Celsius,1,N,A,FIU17632,,0,0,,,,,,25.0837,81.080581,,,FIU,FIU,,,,,,,,,,,,
FLAB25,FLAB,6/8/94,SAMP,MON,SA,G,,0,,7,Temperature,TEMP,30.2,D,,30.2,,,,,,Degrees Celsius,1,N,A,FIU17633,,0,0,,,,,,25.0837,81.080581,,,FIU,FIU,,,,,,,,,,,,
FLAB25,FLAB,6/8/94,SAMP,MON,SA,G,,3.4,,7,Temperature,TEMP,30.2,D,,30.2,,,,,,Degrees Celsius,1,N,A,FIU17634,,0,0,,,,,,25.0837,81.080581,,,FIU,FIU,,,,,,,,,,,,
FLAB25,FLAB,7/7/94,SAMP,MON,SA,G,,3.4,,7,Temperature,TEMP,28.7,D,,28.7,,,,,,Degrees Celsius,1,N,A,FIU17636,,0,0,,,,,,25.0837,81.080581,,,FIU,FIU,,,,,,,,,,,,
FLAB25,FLAB,7/7/94,SAMP,MON,SA,G,,0,,7,Temperature,TEMP,28.8,D,,28.8,,,,,,Degrees Celsius,1,N,A,FIU17635,,0,0,,,,,,25.0837,81.080581,,,FIU,FIU,,,,,,,,,,,,
FLAB25,FLAB,8/4/94,SAMP,MON,SA,G,,3.6,,7,Temperature,TEMP,29.7,D,,29.7,,,,,,Degrees Celsius,1,N,A,FIU17638,,0,0,,,,,,25.0837,81.080581,,,FIU,FIU,,,,,,,,,,,,
FLAB25,FLAB,8/4/94,SAMP,MON,SA,G,,0,,7,Temperature,TEMP,29.8,D,,29.8,,,,,,Degrees Celsius,1,N,A,FIU17637,,0,0,,,,,,25.0837,81.080581,,,FIU,FIU,,,,,,,,,,,,
FLAB25,FLAB,9/14/94,SAMP,MON,SA,G,,3.6,,7,Temperature,TEMP,26.6,D,,26.6,,,,,,Degrees Celsius,1,N,A,FIU17640,,0,0,,,,,,25.0837,81.080581,,,FIU,FIU,,,,,,,,,,,,
FLAB25,FLAB,9/14/94,SAMP,MON,SA,G,,0,,7,Temperature,TEMP,26.6,D,,26.6,,,,,,Degrees Celsius,1,N,A,FIU17639,,0,0,,,,,,25.0837,81.080581,,,FIU,FIU,,,,,,,,,,,,
FLAB25,FLAB,10/5/94,SAMP,MON,SA,G,,3.6,,7,Temperature,TEMP,28.1,D,,28.1,,,,,,Degrees Celsius,1,N,A,FIU17642,,0,0,,,,,,25.0837,81.080581,,,FIU,FIU,,,,,,,,,,,,
FLAB25,FLAB,10/5/94,SAMP,MON,SA,G,,0,,7,Temperature,TEMP,28.1,D,,28.1,,,,,,Degrees Celsius,1,N,A,FIU17641,,0,0,,,,,,25.0837,81.080581,,,FIU,FIU,,,,,,,,,,,,
FLAB25,FLAB,11/2/94,SAMP,MON,SA,G,,3.6,,7,Temperature,TEMP,27,D,,27,,,,,,Degrees Celsius,1,N,A,FIU17644,,0,0,,,,,,25.0837,81.080581,,,FIU,FIU,,,,,,,,,,,,
FLAB25,FLAB,11/2/94,SAMP,MON,SA,G,,0,,7,Temperature,TEMP,27,D,,27,,,,,,Degrees Celsius,1,N,A,FIU17643,,0,0,,,,,,25.0837,81.080581,,,FIU,FIU,,,,,,,,,,,,
FLAB25,FLAB,11/22/94,SAMP,MON,SA,G,,0,,7,Temperature,TEMP,24.7,D,,24.7,,,,,,Degrees Celsius,1,N,A,FIU17645,,0,0,,,,,,25.0837,81.080581,,,FIU,FIU,,,,,,,,,,,,
FLAB25,FLAB,11/22/94,SAMP,MON,SA,G,,3.6,,7,Temperature,TEMP,24.6,D,,24.6,,,,,,Degrees Celsius,1,N,A,FIU17646,,0,0,,,,,,25.0837,81.080581,,,FIU,FIU,,,,,,,,,,,,
FLAB25,FLAB,12/1/94,SAMP,MON,SA,G,,0,,7,Temperature,TEMP,25.6,D,,25.6,,,,,,Degrees Celsius,1,N,A,FIU17647,,0,0,,,,,,25.0837,81.080581,,,FIU,FIU,,,,,,,,,,,,
FLAB25,FLAB,12/1/94,SAMP,MON,SA,G,,3.6,,7,Temperature,TEMP,25.6,D,,25.6,,,,,,Degrees Celsius,1,N,A,FIU17648,,0,0,,,,,,25.0837,81.080581,,,FIU,FIU,,,,,,,,,,,,
FLAB25,FLAB,1/5/95,SAMP,MON,SA,G,,0,,7,Temperature,TEMP,22.1,,,22.1,,,,,,Degrees Celsius,1,N,A,FIU17649,,0,0,,,,,,25.0837,81.080581,,,FIU,FIU,,,,,,,,,,,,
FLAB25,FLAB,1/5/95,SAMP,MON,SA,G,,3.6,,7,Temperature,TEMP,22.1,,,22.1,,,,,,Degrees Celsius,1,N,A,FIU17650,,0,0,,,,,,25.0837,81.080581,,,FIU,FIU,,,,,,,,,,,,
FLAB25,FLAB,2/2/95,SAMP,MON,SA,G,,0,,7,Temperature,TEMP,17.6,D,,17.6,,,,,,Degrees Celsius,1,N,A,FIU17651,,0,0,,,,,,25.0837,81.080581,,,FIU,FIU,,,,,,,,,,,,
FLAB25,FLAB,2/2/95,SAMP,MON,SA,G,,3.6,,7,Temperature,TEMP,17.6,D,,17.6,,,,,,Degrees Celsius,1,N,A,FIU17652,,0,0,,,,,,25.0837,81.080581,,,FIU,FIU,,,,,,,,,,,,
FLAB25,FLAB,3/1/95,SAMP,MON,SA,G,,3.6,,7,Temperature,TEMP,23,D,,23,,,,,,Degrees Celsius,1,N,A,FIU17654,,0,0,,,,,,25.0837,81.080581,,,FIU,FIU,,,,,,,,,,,,
FLAB25,FLAB,3/1/95,SAMP,MON,SA,G,,0,,7,Temperature,TEMP,23,D,,23,,,,,,Degrees Celsius,1,N,A,FIU17653,,0,0,,,,,,25.0837,81.080581,,,FIU,FIU,,,,,,,,,,,,
FLAB25,FLAB,4/19/95,SAMP,MON,SA,G,,0,,7,Temperature,TEMP,26.5,D,,26.5,,,,,,Degrees Celsius,1,N,A,FIU17655,,0,0,,,,,,25.0837,81.080581,,,FIU,FIU,,,,,,,,,,,,
FLAB25,FLAB,4/19/95,SAMP,MON,SA,G,,3.6,,7,Temperature,TEMP,26.5,D,,26.5,,,,,,Degrees Celsius,1,N,A,FIU17656,,0,0,,,,,,25.0837,81.080581,,,FIU,FIU,,,,,,,,,,,,
FLAB25,FLAB,5/24/95,SAMP,MON,SA,G,,0,,7,Temperature,TEMP,34.7,D,,34.7,,,,,,Degrees Celsius,1,N,A,FIU17657,,0,0,,,,,,25.0837,81.080581,,,FIU,FIU,,,,,,,,,,,,
FLAB25,FLAB,5/24/95,SAMP,MON,SA,G,,3.6,,7,Temperature,TEMP,34.7,D,,34.7,,,,,,Degrees Celsius,1,N,A,FIU17658,,0,0,,,,,,25.0837,81.080581,,,FIU,FIU,,,,,,,,,,,,
FLAB25,FLAB,6/21/95,SAMP,MON,SA,G,,3.6,,7,Temperature,TEMP,27.9,D,,27.9,,,,,,Degrees Celsius,1,N,A,FIU17660,,0,0,,,,,,25.0837,81.080581,,,FIU,FIU,,,,,,,,,,,,
FLAB25,FLAB,6/21/95,SAMP,MON,SA,G,,0,,7,Temperature,TEMP,27.9,D,,27.9,,,,,,Degrees Celsius,1,N,A,FIU17659,,0,0,,,,,,25.0837,81.080581,,,FIU,FIU,,,,,,,,,,,,
FLAB25,FLAB,7/12/95,SAMP,MON,SA,G,,3.6,,7,Temperature,TEMP,30.8,D,,30.8,,,,,,Degrees Celsius,1,N,A,FIU17662,,0,0,,,,,,25.0837,81.080581,,,FIU,FIU,,,,,,,,,,,,
FLAB25,FLAB,7/12/95,SAMP,MON,SA,G,,0,,7,Temperature,TEMP,30.8,D,,30.8,,,,,,Degrees Celsius,1,N,A,FIU17661,,0,0,,,,,,25.0837,81.080581,,,FIU,FIU,,,,,,,,,,,,
FLAB25,FLAB,8/11/95,SAMP,MON,SA,G,,0,,7,Temperature,TEMP,30.9,D,,30.9,,,,,,Degrees Celsius,1,N,A,FIU17663,,0,0,,,,,,25.0837,81.080581,,,FIU,FIU,,,,,,,,,,,,
FLAB25,FLAB,8/11/95,SAMP,MON,SA,G,,3.6,,7,Temperature,TEMP,30.7,D,,30.7,,,,,,Degrees Celsius,1,N,A,FIU17664,,0,0,,,,,,25.0837,81.080581,,,FIU,FIU,,,,,,,,,,,,
FLAB25,FLAB,9/6/95,SAMP,MON,SA,G,,3.6,,7,Temperature,TEMP,30.1,D,,30.1,,,,,,Degrees Celsius,1,N,A,FIU17666,,0,0,,,,,,25.0837,81.080581,,,FIU,FIU,,,,,,,,,,,,
FLAB25,FLAB,9/6/95,SAMP,MON,SA,G,,0,,7,Temperature,TEMP,30.1,D,,30.1,,,,,,Degrees Celsius,1,N,A,FIU17665,,0,0,,,,,,25.0837,81.080581,,,FIU,FIU,,,,,,,,,,,,
FLAB25,FLAB,10/22/95,SAMP,MON,SA,G,,0,,7,Temperature,TEMP,28.1,D,,28.1,,,,,,Degrees Celsius,1,N,A,FIU17667,,0,0,,,,,,25.0837,81.080581,,,FIU,FIU,,,,,,,,,,,,
FLAB25,FLAB,10/22/95,SAMP,MON,SA,G,,3.6,,7,Temperature,TEMP,28.1,D,,28.1,,,,,,Degrees Celsius,1,N,A,FIU17668,,0,0,,,,,,25.0837,81.080581,,,FIU,FIU,,,,,,,,,,,,
FLAB25,FLAB,11/17/95,SAMP,MON,SA,G,,0,,7,Temperature,TEMP,21.4,D,,21.4,,,,,,Degrees Celsius,1,N,A,FIU17669,,0,0,,,,,,25.0837,81.080581,,,FIU,FIU,,,,,,,,,,,,
FLAB25,FLAB,11/17/95,SAMP,MON,SA,G,,3.6,,7,Temperature,TEMP,21.4,D,,21.4,,,,,,Degrees Celsius,1,N,A,FIU17670,,0,0,,,,,,25.0837,81.080581,,,FIU,FIU,,,,,,,,,,,,
FLAB25,FLAB,12/14/95,SAMP,MON,SA,G,,3.6,,7,Temperature,TEMP,21.6,D,,21.6,,,,,,Degrees Celsius,1,N,A,FIU17672,,0,0,,,,,,25.0837,81.080581,,,FIU,FIU,,,,,,,,,,,,
FLAB25,FLAB,12/14/95,SAMP,MON,SA,G,,0,,7,Temperature,TEMP,21.6,D,,21.6,,,,,,Degrees Celsius,1,N,A,FIU17671,,0,0,,,,,,25.0837,81.080581,,,FIU,FIU,,,,,,,,,,,,
FLAB25,FLAB,1/23/96,SAMP,MON,SA,G,,0,,7,Temperature,TEMP,19.4,D,,19.4,,,,,,Degrees Celsius,1,N,A,FIU17673,,0,0,,,,,,25.0837,81.080581,,,FIU,FIU,,,,,,,,,,,,
FLAB25,FLAB,1/23/96,SAMP,MON,SA,G,,3.6,,7,Temperature,TEMP,19.4,D,,19.4,,,,,,Degrees Celsius,1,N,A,FIU17674,,0,0,,,,,,25.0837,81.080581,,,FIU,FIU,,,,,,,,,,,,
FLAB25,FLAB,2/12/96,SAMP,MON,SA,G,,3.6,,7,Temperature,TEMP,18.3,D,,18.3,,,,,,Degrees Celsius,1,N,A,FIU17676,,0,0,,,,,,25.0837,81.080581,,,FIU,FIU,,,,,,,,,,,,
FLAB25,FLAB,2/12/96,SAMP,MON,SA,G,,0,,7,Temperature,TEMP,18.3,D,,18.3,,,,,,Degrees Celsius,1,N,A,FIU17675,,0,0,,,,,,25.0837,81.080581,,,FIU,FIU,,,,,,,,,,,,
FLAB25,FLAB,3/22/96,SAMP,MON,SA,G,,3.6,,7,Temperature,TEMP,18.9,D,,18.9,,,,,,Degrees Celsius,1,N,A,FIU17678,,0,0,,,,,,25.0837,81.080581,,,FIU,FIU,,,,,,,,,,,,
FLAB25,FLAB,3/22/96,SAMP,MON,SA,G,,0,,7,Temperature,TEMP,19.1,D,,19.1,,,,,,Degrees Celsius,1,N,A,FIU17677,,0,0,,,,,,25.0837,81.080581,,,FIU,FIU,,,,,,,,,,,,
FLAB25,FLAB,4/25/96,SAMP,MON,SA,G,,0,,7,Temperature,TEMP,25.9,D,,25.9,,,,,,Degrees Celsius,1,N,A,FIU17679,,0,0,,,,,,25.0837,81.080581,,,FIU,FIU,,,,,,,,,,,,
FLAB25,FLAB,4/25/96,SAMP,MON,SA,G,,3.6,,7,Temperature,TEMP,25.8,D,,25.8,,,,,,Degrees Celsius,1,N,A,FIU17680,,0,0,,,,,,25.0837,81.080581,,,FIU,FIU,,,,,,,,,,,,
FLAB25,FLAB,5/10/96,SAMP,MON,SA,G,,3.6,,7,Temperature,TEMP,26.4,D,,26.4,,,,,,Degrees Celsius,1,N,A,FIU17682,,0,0,,,,,,25.0837,81.080581,,,FIU,FIU,,,,,,,,,,,,
FLAB25,FLAB,5/10/96,SAMP,MON,SA,G,,0,,7,Temperature,TEMP,26.4,D,,26.4,,,,,,Degrees Celsius,1,N,A,FIU17681,,0,0,,,,,,25.0837,81.080581,,,FIU,FIU,,,,,,,,,,,,
FLAB25,FLAB,6/6/96,SAMP,MON,SA,G,,3.6,,7,Temperature,TEMP,30,D,,30,,,,,,Degrees Celsius,1,N,A,FIU17684,,0,0,,,,,,25.0837,81.080581,,,FIU,FIU,,,,,,,,,,,,
FLAB25,FLAB,6/6/96,SAMP,MON,SA,G,,0,,7,Temperature,TEMP,30.2,D,,30.2,,,,,,Degrees Celsius,1,N,A,FIU17683,,0,0,,,,,,25.0837,81.080581,,,FIU,FIU,,,,,,,,,,,,
FLAB25,FLAB,7/5/96,SAMP,MON,SA,G,,3.6,,7,Temperature,TEMP,30.6,D,,30.6,,,,,,Degrees Celsius,1,N,A,FIU17686,,0,0,,,,,,25.0837,81.080581,,,FIU,FIU,,,,,,,,,,,,
FLAB25,FLAB,7/5/96,SAMP,MON,SA,G,,0.1,,7,Temperature,TEMP,30.6,D,,30.6,,,,,,Degrees Celsius,1,N,A,FIU17685,,0,0,,,,,,25.0837,81.080581,,,FIU,FIU,,,,,,,,,,,,
FLAB25,FLAB,8/22/96,SAMP,MON,SA,G,,0.1,,7,Temperature,TEMP,28.9,D,,28.9,,,,,,Degrees Celsius,1,N,A,FIU17687,,0,0,,,,,,25.0837,81.080581,,,FIU,FIU,,,,,,,,,,,,
FLAB25,FLAB,8/22/96,SAMP,MON,SA,G,,3.6,,7,Temperature,TEMP,28.9,D,,28.9,,,,,,Degrees Celsius,1,N,A,FIU17688,,0,0,,,,,,25.0837,81.080581,,,FIU,FIU,,,,,,,,,,,,
FLAB25,FLAB,9/14/96,SAMP,MON,SA,G,,0.1,,7,Temperature,TEMP,30,D,,30,,,,,,Degrees Celsius,1,N,A,FIU17689,,0,0,,,,,,25.0837,81.080581,,,FIU,FIU,,,,,,,,,,,,
FLAB25,FLAB,9/14/96,SAMP,MON,SA,G,,3.6,,7,Temperature,TEMP,30,D,,30,,,,,,Degrees Celsius,1,N,A,FIU17690,,0,0,,,,,,25.0837,81.080581,,,FIU,FIU,,,,,,,,,,,,
FLAB25,FLAB,10/15/96,SAMP,MON,SA,G,,3.6,,7,Temperature,TEMP,24.6,D,,24.6,,,,,,Degrees Celsius,1,N,A,FIU17692,,0,0,,,,,,25.0837,81.080581,,,FIU,FIU,,,,,,,,,,,,
FLAB25,FLAB,10/15/96,SAMP,MON,SA,G,,0.1,,7,Temperature,TEMP,24.6,D,,24.6,,,,,,Degrees Celsius,1,N,A,FIU17691,,0,0,,,,,,25.0837,81.080581,,,FIU,FIU,,,,,,,,,,,,
FLAB25,FLAB,11/7/96,SAMP,MON,SA,G,,3.6,,7,Temperature,TEMP,27,D,,27,,,,,,Degrees Celsius,1,N,A,FIU17694,,0,0,,,,,,25.0837,81.080581,,,FIU,FIU,,,,,,,,,,,,
FLAB25,FLAB,11/7/96,SAMP,MON,SA,G,,0.1,,7,Temperature,TEMP,27,D,,27,,,,,,Degrees Celsius,1,N,A,FIU17693,,0,0,,,,,,25.0837,81.080581,,,FIU,FIU,,,,,,,,,,,,
FLAB25,FLAB,12/6/96,SAMP,MON,SA,G,,3.6,,7,Temperature,TEMP,23.3,D,,23.3,,,,,,Degrees Celsius,1,N,A,FIU17696,,0,0,,,,,,25.0837,81.080581,,,FIU,FIU,,,,,,,,,,,,
FLAB25,FLAB,12/6/96,SAMP,MON,SA,G,,0.1,,7,Temperature,TEMP,23.4,D,,23.4,,,,,,Degrees Celsius,1,N,A,FIU17695,,0,0,,,,,,25.0837,81.080581,,,FIU,FIU,,,,,,,,,,,,
FLAB25,FLAB,1/8/97,SAMP,MON,SA,G,,0.1,,7,Temperature,TEMP,24.1,D,,24.1,,,,,,Degrees Celsius,1,N,A,FIU17697,,0,0,,,,,,25.0837,81.080581,,,FIU,FIU,,,,,,,,,,,,
FLAB25,FLAB,1/8/97,SAMP,MON,SA,G,,3.6,,7,Temperature,TEMP,24.1,D,,24.1,,,,,,Degrees Celsius,1,N,A,FIU17698,,0,0,,,,,,25.0837,81.080581,,,FIU,FIU,,,,,,,,,,,,
FLAB25,FLAB,2/15/97,SAMP,MON,SA,G,,3.6,,7,Temperature,TEMP,24.9,D,,24.9,,,,,,Degrees Celsius,1,N,A,FIU17700,,0,0,,,,,,25.0837,81.080581,,,FIU,FIU,,,,,,,,,,,,
FLAB25,FLAB,2/15/97,SAMP,MON,SA,G,,0.1,,7,Temperature,TEMP,25,D,,25,,,,,,Degrees Celsius,1,N,A,FIU17699,,0,0,,,,,,25.0837,81.080581,,,FIU,FIU,,,,,,,,,,,,
FLAB25,FLAB,3/12/97,SAMP,MON,SA,G,,3.6,,7,Temperature,TEMP,25.5,D,,25.5,,,,,,Degrees Celsius,1,N,A,FIU17702,,0,0,,,,,,25.0837,81.080581,,,FIU,FIU,,,,,,,,,,,,
FLAB25,FLAB,3/12/97,SAMP,MON,SA,G,,0.1,,7,Temperature,TEMP,25.6,D,,25.6,,,,,,Degrees Celsius,1,N,A,FIU17701,,0,0,,,,,,25.0837,81.080581,,,FIU,FIU,,,,,,,,,,,,
FLAB25,FLAB,4/16/97,SAMP,MON,SA,G,,0.1,,7,Temperature,TEMP,25.9,D,,25.9,,,,,,Degrees Celsius,1,N,A,FIU17703,,0,0,,,,,,25.0837,81.080581,,,FIU,FIU,,,,,,,,,,,,
FLAB25,FLAB,4/16/97,SAMP,MON,SA,G,,3.6,,7,Temperature,TEMP,25.9,D,,25.9,,,,,,Degrees Celsius,1,N,A,FIU17704,,0,0,,,,,,25.0837,81.080581,,,FIU,FIU,,,,,,,,,,,,
FLAB25,FLAB,5/22/97,SAMP,MON,SA,G,,3.6,,7,Temperature,TEMP,30.3,D,,30.3,,,,,,Degrees Celsius,1,N,A,FIU17706,,0,0,,,,,,25.0837,81.080581,,,FIU,FIU,,,,,,,,,,,,
FLAB25,FLAB,5/22/97,SAMP,MON,SA,G,,0.1,,7,Temperature,TEMP,30.3,D,,30.3,,,,,,Degrees Celsius,1,N,A,FIU17705,,0,0,,,,,,25.0837,81.080581,,,FIU,FIU,,,,,,,,,,,,
FLAB25,FLAB,6/12/97,SAMP,MON,SA,G,,3.6,,7,Temperature,TEMP,27.8,D,,27.8,,,,,,Degrees Celsius,1,N,A,FIU17708,,0,0,,,,,,25.0837,81.080581,,,FIU,FIU,,,,,,,,,,,,
FLAB25,FLAB,6/12/97,SAMP,MON,SA,G,,0.1,,7,Temperature,TEMP,27.9,D,,27.9,,,,,,Degrees Celsius,1,N,A,FIU17707,,0,0,,,,,,25.0837,81.080581,,,FIU,FIU,,,,,,,,,,,,
FLAB25,FLAB,8/19/97,SAMP,MON,SA,G,,3.6,,7,Temperature,TEMP,30.6,D,,30.6,,,,,,Degrees Celsius,1,N,A,FIU17711,,0,0,,,,,,25.0837,81.080581,,,FIU,FIU,,,,,,,,,,,,
FLAB25,FLAB,8/19/97,SAMP,MON,SA,G,,0.1,,7,Temperature,TEMP,30.9,D,,30.9,,,,,,Degrees Celsius,1,N,A,FIU17710,,0,0,,,,,,25.0837,81.080581,,,FIU,FIU,,,,,,,,,,,,
FLAB25,FLAB,9/10/97,SAMP,MON,SA,G,,0.1,,7,Temperature,TEMP,29,D,,29,,,,,,Degrees Celsius,1,N,A,FIU17712,,0,0,,,,,,25.0837,81.080581,,,FIU,FIU,,,,,,,,,,,,
FLAB25,FLAB,9/10/97,SAMP,MON,SA,G,,3.6,,7,Temperature,TEMP,29,D,,29,,,,,,Degrees Celsius,1,N,A,FIU17713,,0,0,,,,,,25.0837,81.080581,,,FIU,FIU,,,,,,,,,,,,
FLAB25,FLAB,10/21/97,SAMP,MON,SA,G,,3.6,,7,Temperature,TEMP,24,D,,24,,,,,,Degrees Celsius,1,N,A,FIU17715,,0,0,,,,,,25.0837,81.080581,,,FIU,FIU,,,,,,,,,,,,
FLAB25,FLAB,10/21/97,SAMP,MON,SA,G,,0.1,,7,Temperature,TEMP,24.1,D,,24.1,,,,,,Degrees Celsius,1,N,A,FIU17714,,0,0,,,,,,25.0837,81.080581,,,FIU,FIU,,,,,,,,,,,,
FLAB25,FLAB,11/25/97,SAMP,MON,SA,G,,0.1,,7,Temperature,TEMP,23.1,D,,23.1,,,,,,Degrees Celsius,1,N,A,FIU17716,,0,0,,,,,,25.0837,81.080581,,,FIU,FIU,,,,,,,,,,,,
FLAB25,FLAB,11/25/97,SAMP,MON,SA,G,,3.6,,7,Temperature,TEMP,23.1,D,,23.1,,,,,,Degrees Celsius,1,N,A,FIU17717,,0,0,,,,,,25.0837,81.080581,,,FIU,FIU,,,,,,,,,,,,
FLAB25,FLAB,12/12/97,SAMP,MON,SA,G,,3.6,,7,Temperature,TEMP,22.1,D,,22.1,,,,,,Degrees Celsius,1,N,A,FIU17719,,0,0,,,,,,25.0837,81.080581,,,FIU,FIU,,,,,,,,,,,,
FLAB25,FLAB,12/12/97,SAMP,MON,SA,G,,0.1,,7,Temperature,TEMP,22.1,D,,22.1,,,,,,Degrees Celsius,1,N,A,FIU17718,,0,0,,,,,,25.0837,81.080581,,,FIU,FIU,,,,,,,,,,,,
FLAB25,FLAB,1/21/98,SAMP,MON,SA,G,,0.1,,7,Temperature,TEMP,22.2,D,,22.2,,,,,,Degrees Celsius,1,N,A,FIU17720,,0,0,,,,,,25.0837,81.080581,,,FIU,FIU,,,,,,,,,,,,
FLAB25,FLAB,1/21/98,SAMP,MON,SA,G,,3.6,,7,Temperature,TEMP,22.2,D,,22.2,,,,,,Degrees Celsius,1,N,A,FIU17721,,0,0,,,,,,25.0837,81.080581,,,FIU,FIU,,,,,,,,,,,,
FLAB25,FLAB,2/18/98,SAMP,MON,SA,G,,3.6,,7,Temperature,TEMP,23.7,D,,23.7,,,,,,Degrees Celsius,1,N,A,FIU17723,,0,0,,,,,,25.0837,81.080581,,,FIU,FIU,,,,,,,,,,,,
FLAB25,FLAB,2/18/98,SAMP,MON,SA,G,,0.1,,7,Temperature,TEMP,23.9,D,,23.9,,,,,,Degrees Celsius,1,N,A,FIU17722,,0,0,,,,,,25.0837,81.080581,,,FIU,FIU,,,,,,,,,,,,
FLAB25,FLAB,3/20/98,SAMP,MON,SA,G,,0.1,,7,Temperature,TEMP,24.2,D,,24.2,,,,,,Degrees Celsius,1,N,A,FIU17724,,0,0,,,,,,25.0837,81.080581,,,FIU,FIU,,,,,,,,,,,,
FLAB25,FLAB,3/20/98,SAMP,MON,SA,G,,3.6,,7,Temperature,TEMP,24.2,D,,24.2,,,,,,Degrees Celsius,1,N,A,FIU17725,,0,0,,,,,,25.0837,81.080581,,,FIU,FIU,,,,,,,,,,,,
FLAB25,FLAB,4/15/98,SAMP,MON,SA,G,,3.6,,7,Temperature,TEMP,23.1,D,,23.1,,,,,,Degrees Celsius,1,N,A,FIU17727,,0,0,,,,,,25.0837,81.080581,,,FIU,FIU,,,,,,,,,,,,
FLAB25,FLAB,4/15/98,SAMP,MON,SA,G,,0.1,,7,Temperature,TEMP,23.1,D,,23.1,,,,,,Degrees Celsius,1,N,A,FIU17726,,0,0,,,,,,25.0837,81.080581,,,FIU,FIU,,,,,,,,,,,,
FLAB25,FLAB,5/14/98,SAMP,MON,SA,G,,0.1,,7,Temperature,TEMP,28.9,D,,28.9,,,,,,Degrees Celsius,1,N,A,FIU17728,,0,0,,,,,,25.0837,81.080581,,,FIU,FIU,,,,,,,,,,,,
FLAB25,FLAB,5/14/98,SAMP,MON,SA,G,,3.6,,7,Temperature,TEMP,28.9,D,,28.9,,,,,,Degrees Celsius,1,N,A,FIU17729,,0,0,,,,,,25.0837,81.080581,,,FIU,FIU,,,,,,,,,,,,
FLAB25,FLAB,6/10/98,SAMP,MON,SA,G,,0.1,,7,Temperature,TEMP,30.9,D,,30.9,,,,,,Degrees Celsius,1,N,A,FIU17730,,0,0,,,,,,25.0837,81.080581,,,FIU,FIU,,,,,,,,,,,,
FLAB25,FLAB,6/10/98,SAMP,MON,SA,G,,3.6,,7,Temperature,TEMP,30.8,D,,30.8,,,,,,Degrees Celsius,1,N,A,FIU17731,,0,0,,,,,,25.0837,81.080581,,,FIU,FIU,,,,,,,,,,,,
FLAB25,FLAB,7/14/98,SAMP,MON,SA,G,,3.6,,7,Temperature,TEMP,30,D,,30,,,,,,Degrees Celsius,1,N,A,FIU17733,,0,0,,,,,,25.0837,81.080581,,,FIU,FIU,,,,,,,,,,,,
FLAB25,FLAB,7/14/98,SAMP,MON,SA,G,,0.1,,7,Temperature,TEMP,30,D,,30,,,,,,Degrees Celsius,1,N,A,FIU17732,,0,0,,,,,,25.0837,81.080581,,,FIU,FIU,,,,,,,,,,,,
FLAB25,FLAB,8/19/98,SAMP,MON,SA,G,,0.1,,7,Temperature,TEMP,31.4,D,,31.4,,,,,,Degrees Celsius,1,N,A,FIU17734,,0,0,,,,,,25.0837,81.080581,,,FIU,FIU,,,,,,,,,,,,
FLAB25,FLAB,8/19/98,SAMP,MON,SA,G,,3.6,,7,Temperature,TEMP,31.4,D,,31.4,,,,,,Degrees Celsius,1,N,A,FIU17735,,0,0,,,,,,25.0837,81.080581,,,FIU,FIU,,,,,,,,,,,,
FLAB25,FLAB,9/17/98,SAMP,MON,SA,G,,0.1,,7,Temperature,TEMP,27.8,D,,27.8,,,,,,Degrees Celsius,1,N,A,FIU17736,,0,0,,,,,,25.0837,81.080581,,,FIU,FIU,,,,,,,,,,,,
FLAB25,FLAB,9/17/98,SAMP,MON,SA,G,,3.6,,7,Temperature,TEMP,27.8,D,,27.8,,,,,,Degrees Celsius,1,N,A,FIU17737,,0,0,,,,,,25.0837,81.080581,,,FIU,FIU,,,,,,,,,,,,
FLAB25,FLAB,9/30/98,SAMP,MON,SA,G,,0.1,,7,Temperature,TEMP,29,D,,29,,,,,,Degrees Celsius,1,N,A,FIU17738,,0,0,,,,,,25.0837,81.080581,,,FIU,FIU,,,,,,,,,,,,
FLAB25,FLAB,9/30/98,SAMP,MON,SA,G,,3.6,,7,Temperature,TEMP,28.8,D,,28.8,,,,,,Degrees Celsius,1,N,A,FIU17739,,0,0,,,,,,25.0837,81.080581,,,FIU,FIU,,,,,,,,,,,,
FLAB25,FLAB,11/3/98,SAMP,MON,SA,G,,0.1,,7,Temperature,TEMP,25.9,D,,25.9,,,,,,Degrees Celsius,1,N,A,FIU17740,,0,0,,,,,,25.0837,81.080581,,,FIU,FIU,,,,,,,,,,,,
FLAB25,FLAB,11/3/98,SAMP,MON,SA,G,,3.6,,7,Temperature,TEMP,25.9,D,,25.9,,,,,,Degrees Celsius,1,N,A,FIU17741,,0,0,,,,,,25.0837,81.080581,,,FIU,FIU,,,,,,,,,,,,
FLAB25,FLAB,12/1/98,SAMP,MON,SA,G,,3.6,,7,Temperature,TEMP,24.8,D,,24.8,,,,,,Degrees Celsius,1,N,A,FIU17743,,0,0,,,,,,25.0837,81.080581,,,FIU,FIU,,,,,,,,,,,,
FLAB25,FLAB,12/1/98,SAMP,MON,SA,G,,0.1,,7,Temperature,TEMP,24.9,D,,24.9,,,,,,Degrees Celsius,1,N,A,FIU17742,,0,0,,,,,,25.0837,81.080581,,,FIU,FIU,,,,,,,,,,,,
FLAB25,FLAB,1/14/99,SAMP,MON,SA,G,,3.6,,7,Temperature,TEMP,18.9,D,,18.9,,,,,,Degrees Celsius,1,N,A,FIU17745,,0,0,,,,,,25.0837,81.080581,,,FIU,FIU,,,,,,,,,,,,
FLAB25,FLAB,1/14/99,SAMP,MON,SA,G,,0.1,,7,Temperature,TEMP,18.7,D,,18.7,,,,,,Degrees Celsius,1,N,A,FIU17744,,0,0,,,,,,25.0837,81.080581,,,FIU,FIU,,,,,,,,,,,,
FLAB25,FLAB,2/10/99,SAMP,MON,SA,G,,3.6,,7,Temperature,TEMP,25.8,D,,25.8,,,,,,Degrees Celsius,1,N,A,FIU17747,,0,0,,,,,,25.0837,81.080581,,,FIU,FIU,,,,,,,,,,,,
FLAB25,FLAB,2/10/99,SAMP,MON,SA,G,,0.1,,7,Temperature,TEMP,25.8,D,,25.8,,,,,,Degrees Celsius,1,N,A,FIU17746,,0,0,,,,,,25.0837,81.080581,,,FIU,FIU,,,,,,,,,,,,
FLAB25,FLAB,3/23/99,SAMP,MON,SA,G,,0.1,,7,Temperature,TEMP,24,D,,24,,,,,,Degrees Celsius,1,N,A,FIU17748,,0,0,,,,,,25.0837,81.080581,,,FIU,FIU,,,,,,,,,,,,
FLAB25,FLAB,3/23/99,SAMP,MON,SA,G,,3.6,,7,Temperature,TEMP,23.9,D,,23.9,,,,,,Degrees Celsius,1,N,A,FIU17749,,0,0,,,,,,25.0837,81.080581,,,FIU,FIU,,,,,,,,,,,,
FLAB25,FLAB,4/29/99,SAMP,MON,SA,G,,0.1,,7,Temperature,TEMP,28,D,,28,,,,,,Degrees Celsius,1,N,A,FIU17750,,0,0,,,,,,25.0837,81.080581,,,FIU,FIU,,,,,,,,,,,,
FLAB25,FLAB,4/29/99,SAMP,MON,SA,G,,3.6,,7,Temperature,TEMP,28,D,,28,,,,,,Degrees Celsius,1,N,A,FIU17751,,0,0,,,,,,25.0837,81.080581,,,FIU,FIU,,,,,,,,,,,,
FLAB25,FLAB,5/28/99,SAMP,MON,SA,G,,3.6,,7,Temperature,TEMP,30.2,D,,30.2,,,,,,Degrees Celsius,1,N,A,FIU17753,,0,0,,,,,,25.0837,81.080581,,,FIU,FIU,,,,,,,,,,,,
FLAB25,FLAB,5/28/99,SAMP,MON,SA,G,,0.1,,7,Temperature,TEMP,30.2,D,,30.2,,,,,,Degrees Celsius,1,N,A,FIU17752,,0,0,,,,,,25.0837,81.080581,,,FIU,FIU,,,,,,,,,,,,
FLAB25,FLAB,6/17/99,SAMP,MON,SA,G,,3.6,,7,Temperature,TEMP,30.3,D,,30.3,,,,,,Degrees Celsius,1,N,A,FIU17755,,0,0,,,,,,25.0837,81.080581,,,FIU,FIU,,,,,,,,,,,,
FLAB25,FLAB,6/17/99,SAMP,MON,SA,G,,0.1,,7,Temperature,TEMP,30.3,D,,30.3,,,,,,Degrees Celsius,1,N,A,FIU17754,,0,0,,,,,,25.0837,81.080581,,,FIU,FIU,,,,,,,,,,,,
FLAB25,FLAB,7/6/99,SAMP,MON,SA,G,,3.6,,7,Temperature,TEMP,28.7,D,,28.7,,,,,,Degrees Celsius,1,N,A,FIU17757,,0,0,,,,,,25.0837,81.080581,,,FIU,FIU,,,,,,,,EPA170.1,,00010,,
FLAB25,FLAB,7/6/99,SAMP,MON,SA,G,,0.1,,7,Temperature,TEMP,28.7,D,,28.7,,,,,,Degrees Celsius,1,N,A,FIU17756,,0,0,,,,,,25.0837,81.080581,,,FIU,FIU,,,,,,,,EPA170.1,,00010,,
FLAB25,FLAB,8/24/99,SAMP,MON,SA,G,,3.6,,7,Temperature,TEMP,29,D,,29,,,,,,Degrees Celsius,1,N,A,FIU17759,,0,0,,,,,,25.0837,81.080581,,,FIU,FIU,,,,,,,,EPA170.1,,00010,,
FLAB25,FLAB,8/24/99,SAMP,MON,SA,G,,0.1,,7,Temperature,TEMP,29.5,D,,29.5,,,,,,Degrees Celsius,1,N,A,FIU17758,,0,0,,,,,,25.0837,81.080581,,,FIU,FIU,,,,,,,,EPA170.1,,00010,,
FLAB25,FLAB,9/23/99,SAMP,MON,SA,G,,3.6,,7,Temperature,TEMP,27.9,D,,27.9,,,,,,Degrees Celsius,1,N,A,FIU17761,,0,0,,,,,,25.0837,81.080581,,,FIU,FIU,,,,,,,,EPA170.1,,00010,,
FLAB25,FLAB,9/23/99,SAMP,MON,SA,G,,0.1,,7,Temperature,TEMP,27.9,D,,27.9,,,,,,Degrees Celsius,1,N,A,FIU17760,,0,0,,,,,,25.0837,81.080581,,,FIU,FIU,,,,,,,,EPA170.1,,00010,,
FLAB25,FLAB,10/26/99,SAMP,MON,SA,G,,0.1,,7,Temperature,TEMP,23,D,,23,,,,,,Degrees Celsius,1,N,A,FIU17762,,0,0,,,,,,25.0837,81.080581,,,FIU,FIU,,,,,,,,EPA170.1,,00010,,
FLAB25,FLAB,10/26/99,SAMP,MON,SA,G,,3.6,,7,Temperature,TEMP,22.9,D,,22.9,,,,,,Degrees Celsius,1,N,A,FIU17764,,0,0,,,,,,25.0837,81.080581,,,FIU,FIU,,,,,,,,EPA170.1,,00010,,
FLAB25,FLAB,11/12/99,SAMP,MON,SA,G,,0.1,,7,Temperature,TEMP,23.6,D,,23.6,,,,,,Degrees Celsius,1,N,A,FIU17765,,0,0,,,,,,25.0837,81.080581,,,FIU,FIU,,,,,,,,EPA170.1,,00010,,
FLAB25,FLAB,11/12/99,SAMP,MON,SA,G,,3.6,,7,Temperature,TEMP,23.6,D,,23.6,,,,,,Degrees Celsius,1,N,A,FIU17767,,0,0,,,,,,25.0837,81.080581,,,FIU,FIU,,,,,,,,EPA170.1,,00010,,
FLAB25,FLAB,12/3/99,SAMP,MON,SA,G,,0.1,,7,Temperature,TEMP,19.9,D,,19.9,,,,,,Degrees Celsius,1,N,A,FIU17768,,0,0,,,,,,25.0837,81.080581,,,FIU,FIU,,,,,,,,EPA170.1,,00010,,
FLAB25,FLAB,12/3/99,SAMP,MON,SA,G,,3.6,,7,Temperature,TEMP,19.9,D,,19.9,,,,,,Degrees Celsius,1,N,A,FIU17770,,0,0,,,,,,25.0837,81.080581,,,FIU,FIU,,,,,,,,EPA170.1,,00010,,
FLAB25,FLAB,1/25/00,SAMP,MON,SA,G,,0.1,,7,Temperature,TEMP,19,D,,19,,,,,,Degrees Celsius,1,N,A,FIU17771,,0,0,,,,,,25.0837,81.080581,,,FIU,FIU,,,,,,,,EPA170.1,,00010,,
FLAB25,FLAB,1/25/00,SAMP,MON,SA,G,,3.6,,7,Temperature,TEMP,18.9,D,,18.9,,,,,,Degrees Celsius,1,N,A,FIU17773,,0,0,,,,,,25.0837,81.080581,,,FIU,FIU,,,,,,,,EPA170.1,,00010,,
FLAB25,FLAB,2/28/00,SAMP,MON,SA,G,,3.6,,7,Temperature,TEMP,23.2,D,,23.2,,,,,,Degrees Celsius,1,N,A,FIU17776,,0,0,,,,,,25.0837,81.080581,,,FIU,FIU,,,,,,,,EPA170.1,,00010,,
FLAB25,FLAB,2/28/00,SAMP,MON,SA,G,,0.1,,7,Temperature,TEMP,23.4,D,,23.4,,,,,,Degrees Celsius,1,N,A,FIU17774,,0,0,,,,,,25.0837,81.080581,,,FIU,FIU,,,,,,,,EPA170.1,,00010,,
FLAB25,FLAB,3/21/00,SAMP,MON,SA,G,,3.6,,7,Temperature,TEMP,26,D,,26,,,,,,Degrees Celsius,1,N,A,FIU17779,,0,0,,,,,,25.0837,81.080581,,,FIU,FIU,,,,,,,,EPA170.1,,00010,,
FLAB25,FLAB,3/21/00,SAMP,MON,SA,G,,0.1,,7,Temperature,TEMP,36,D,,36,,,,,,Degrees Celsius,1,N,A,FIU17777,,0,0,,,,,,25.0837,81.080581,,,FIU,FIU,,,,,,,,EPA170.1,,00010,,
FLAB25,FLAB,4/13/00,SAMP,MON,SA,G,,3.6,,7,Temperature,TEMP,24.4,,,24.4,,,,,,Degrees Celsius,1,N,A,FIU17781,,0,0,,,,,,25.0837,81.080581,,,FIU,FIU,,,,,,,,EPA170.1,,00010,,
FLAB25,FLAB,4/13/00,SAMP,MON,SA,G,,0.1,,7,Temperature,TEMP,24.6,,,24.6,,,,,,Degrees Celsius,1,N,A,FIU17780,,0,0,,,,,,25.0837,81.080581,,,FIU,FIU,,,,,,,,EPA170.1,,00010,,
FLAB25,FLAB,5/30/00,SAMP,MON,SA,G,,0.1,,7,Temperature,TEMP,30.6,,,30.6,,,,,,Degrees Celsius,1,N,A,FIU17782,,0,0,,,,,,25.0837,81.080581,,,FIU,FIU,,,,,,,,EPA170.1,,00010,,
FLAB25,FLAB,5/30/00,SAMP,MON,SA,G,,3.6,,7,Temperature,TEMP,30.4,,,30.4,,,,,,Degrees Celsius,1,N,A,FIU17783,,0,0,,,,,,25.0837,81.080581,,,FIU,FIU,,,,,,,,EPA170.1,,00010,,
FLAB25,FLAB,6/20/00,SAMP,MON,SA,G,,3.6,,7,Temperature,TEMP,29.1,D,,29.1,,,,,,Degrees Celsius,1,N,A,FIU17785,,0,0,,,,,,25.0837,81.080581,,,FIU,FIU,,,,,,,,EPA170.1,,00010,,
FLAB25,FLAB,6/20/00,SAMP,MON,SA,G,,0.1,,7,Temperature,TEMP,29.3,D,,29.3,,,,,,Degrees Celsius,1,N,A,FIU17784,,0,0,,,,,,25.0837,81.080581,,,FIU,FIU,,,,,,,,EPA170.1,,00010,,
FLAB25,FLAB,7/20/00,SAMP,MON,SA,G,,0.1,,7,Temperature,TEMP,32,D,,32,,,,,,Degrees Celsius,1,N,A,FIU17786,,0,0,,,,,,25.0837,81.080581,,,FIU,FIU,,,,,,,,EPA170.1,,00010,,
FLAB25,FLAB,7/20/00,SAMP,MON,SA,G,,3.6,,7,Temperature,TEMP,31.7,D,,31.7,,,,,,Degrees Celsius,1,N,A,FIU17787,,0,0,,,,,,25.0837,81.080581,,,FIU,FIU,,,,,,,,EPA170.1,,00010,,
FLAB25,FLAB,8/29/00,SAMP,MON,SA,G,,0.1,,7,Temperature,TEMP,28.9,D,,28.9,,,,,,Degrees Celsius,1,N,A,FIU17788,,0,0,,,,,,25.0837,81.080581,,,FIU,FIU,,,,,,,,EPA170.1,,00010,,
FLAB25,FLAB,8/29/00,SAMP,MON,SA,G,,3.6,,7,Temperature,TEMP,28.9,D,,28.9,,,,,,Degrees Celsius,1,N,A,FIU17789,,0,0,,,,,,25.0837,81.080581,,,FIU,FIU,,,,,,,,EPA170.1,,00010,,
FLAB25,FLAB,9/28/00,SAMP,MON,SA,G,,3.6,,7,Temperature,TEMP,30.5,D,,30.5,,,,,,Degrees Celsius,1,N,A,FIU17791,,0,0,,,,,,25.0837,81.080581,,,FIU,FIU,,,,,,,,EPA170.1,,00010,,
FLAB25,FLAB,9/28/00,SAMP,MON,SA,G,,0.1,,7,Temperature,TEMP,30.5,D,,30.5,,,,,,Degrees Celsius,1,N,A,FIU17790,,0,0,,,,,,25.0837,81.080581,,,FIU,FIU,,,,,,,,EPA170.1,,00010,,
FLAB25,FLAB,10/26/00,SAMP,MON,SA,G,,0.1,,7,Temperature,TEMP,24.4,D,,24.4,,,,,,Degrees Celsius,1,N,A,FIU17792,,0,0,,,,,,25.0837,81.080581,,,FIU,FIU,,,,,,,,EPA170.1,,00010,,
FLAB25,FLAB,10/26/00,SAMP,MON,SA,G,,3.6,,7,Temperature,TEMP,24.4,D,,24.4,,,,,,Degrees Celsius,1,N,A,FIU17793,,0,0,,,,,,25.0837,81.080581,,,FIU,FIU,,,,,,,,EPA170.1,,00010,,
FLAB25,FLAB,11/30/00,SAMP,MON,SA,G,,0.1,,7,Temperature,TEMP,21.8,D,,21.8,,,,,,Degrees Celsius,1,N,A,FIU17794,,0,0,,,,,,25.0837,81.080581,,,FIU,FIU,,,,,,,,EPA170.1,,00010,,
FLAB25,FLAB,11/30/00,SAMP,MON,SA,G,,3.6,,7,Temperature,TEMP,21.8,D,,21.8,,,,,,Degrees Celsius,1,N,A,FIU17795,,0,0,,,,,,25.0837,81.080581,,,FIU,FIU,,,,,,,,EPA170.1,,00010,,
FLAB25,FLAB,12/11/00,SAMP,MON,SA,G,,3.6,,7,Temperature,TEMP,22.4,D,,22.4,,,,,,Degrees Celsius,1,N,A,FIU17797,,0,0,,,,,,25.0837,81.080581,,,FIU,FIU,,,,,,,,EPA170.1,,00010,,
FLAB25,FLAB,12/11/00,SAMP,MON,SA,G,,0.1,,7,Temperature,TEMP,22.4,D,,22.4,,,,,,Degrees Celsius,1,N,A,FIU17796,,0,0,,,,,,25.0837,81.080581,,,FIU,FIU,,,,,,,,EPA170.1,,00010,,
FLAB25,FLAB,1/25/01,SAMP,MON,SA,G,,3.6,,7,Temperature,TEMP,15.2,D,,15.2,,,,,,Degrees Celsius,1,N,A,FIU17799,,0,0,,,,,,25.0837,81.080581,,,FIU,FIU,,,,,,,,EPA170.1,,00010,,
FLAB25,FLAB,1/25/01,SAMP,MON,SA,G,,0.1,,7,Temperature,TEMP,15.2,D,,15.2,,,,,,Degrees Celsius,1,N,A,FIU17798,,0,0,,,,,,25.0837,81.080581,,,FIU,FIU,,,,,,,,EPA170.1,,00010,,
FLAB25,FLAB,2/21/01,SAMP,MON,SA,G,,0.1,,7,Temperature,TEMP,23.6,D,,23.6,,,,,,Degrees Celsius,1,N,A,FIU17800,,0,0,,,,,,25.0837,81.080581,,,FIU,FIU,,,,,,,,EPA170.1,,00010,,
FLAB25,FLAB,2/21/01,SAMP,MON,SA,G,,3.6,,7,Temperature,TEMP,23.5,D,,23.5,,,,,,Degrees Celsius,1,N,A,FIU17801,,0,0,,,,,,25.0837,81.080581,,,FIU,FIU,,,,,,,,EPA170.1,,00010,,
FLAB25,FLAB,3/6/01,SAMP,MON,SA,G,,3.6,,7,Temperature,TEMP,22.5,D,,22.5,,,,,,Degrees Celsius,1,N,A,FIU17803,,0,0,,,,,,25.0837,81.080581,,,FIU,FIU,,,,,,,,EPA170.1,,00010,,
FLAB25,FLAB,3/6/01,SAMP,MON,SA,G,,0.1,,7,Temperature,TEMP,22.5,D,,22.5,,,,,,Degrees Celsius,1,N,A,FIU17802,,0,0,,,,,,25.0837,81.080581,,,FIU,FIU,,,,,,,,EPA170.1,,00010,,
FLAB25,FLAB,4/3/01,SAMP,MON,SA,G,,3.6,,7,Temperature,TEMP,24.9,D,,24.9,,,,,,Degrees Celsius,1,N,A,FIU17805,,0,0,,,,,,25.0837,81.080581,,,FIU,FIU,,,,,,,,EPA170.1,,00010,,
FLAB25,FLAB,4/3/01,SAMP,MON,SA,G,,0.1,,7,Temperature,TEMP,24.9,D,,24.9,,,,,,Degrees Celsius,1,N,A,FIU17804,,0,0,,,,,,25.0837,81.080581,,,FIU,FIU,,,,,,,,EPA170.1,,00010,,
FLAB25,FLAB,5/2/01,SAMP,MON,SA,G,,3.6,,7,Temperature,TEMP,23.9,D,,23.9,,,,,,Degrees Celsius,1,N,A,FIU17807,,0,0,,,,,,25.0837,81.080581,,,FIU,FIU,,,,,,,,EPA170.1,,00010,,
FLAB25,FLAB,5/2/01,SAMP,MON,SA,G,,0.1,,7,Temperature,TEMP,23.9,D,,23.9,,,,,,Degrees Celsius,1,N,A,FIU17806,,0,0,,,,,,25.0837,81.080581,,,FIU,FIU,,,,,,,,EPA170.1,,00010,,
FLAB25,FLAB,6/5/01,SAMP,MON,SA,G,,3.6,,7,Temperature,TEMP,99,D,O,-99,,,,,,Degrees Celsius,1,Y,A,FIU110807,,0,0,,,,,,25.0837,81.080581,,,FIU,FIU,,,,,,,,EPA170.1,,00010,,DATA LOST FROM LABORATORY.
FLAB25,FLAB,6/5/01,SAMP,MON,SA,G,,0.1,,7,Temperature,TEMP,99,D,O,-99,,,,,,Degrees Celsius,1,Y,A,FIU110806,,0,0,,,,,,25.0837,81.080581,,,FIU,FIU,,,,,,,,EPA170.1,,00010,,DATA LOST FROM LABORATORY.
FLAB25,FLAB,7/12/01,SAMP,MON,SA,G,,3.6,,7,Temperature,TEMP,29.5,D,,29.5,,,,,,Degrees Celsius,1,N,A,FIU17809,,0,0,,,,,,25.0837,81.080581,,,FIU,FIU,,,,,,,,EPA170.1,,00010,,
FLAB25,FLAB,7/12/01,SAMP,MON,SA,G,,0.1,,7,Temperature,TEMP,29.7,D,,29.7,,,,,,Degrees Celsius,1,N,A,FIU17808,,0,0,,,,,,25.0837,81.080581,,,FIU,FIU,,,,,,,,EPA170.1,,00010,,
FLAB25,FLAB,8/14/01,SAMP,MON,SA,G,,0.1,,7,Temperature,TEMP,31.4,D,,31.4,,,,,,Degrees Celsius,1,N,A,FIU17810,,0,0,,,,,,25.0837,81.080581,,,FIU,FIU,,,,,,,,EPA170.1,,00010,,
FLAB25,FLAB,8/14/01,SAMP,MON,SA,G,,3.6,,7,Temperature,TEMP,31.3,D,,31.3,,,,,,Degrees Celsius,1,N,A,FIU17811,,0,0,,,,,,25.0837,81.080581,,,FIU,FIU,,,,,,,,EPA170.1,,00010,,
FLAB25,FLAB,9/5/01,SAMP,MON,SA,G,,0.1,,7,Temperature,TEMP,30.8,D,,30.8,,,,,,Degrees Celsius,1,N,A,FIU17812,,0,0,,,,,,25.0837,81.080581,,,FIU,FIU,,,,,,,,EPA170.1,,00010,,
FLAB25,FLAB,9/5/01,SAMP,MON,SA,G,,3.6,,7,Temperature,TEMP,30.6,D,,30.6,,,,,,Degrees Celsius,1,N,A,FIU17813,,0,0,,,,,,25.0837,81.080581,,,FIU,FIU,,,,,,,,EPA170.1,,00010,,
FLAB25,FLAB,10/23/01,SAMP,MON,SA,G,,3.6,,7,Temperature,TEMP,26.8,D,,26.8,,,,,,Degrees Celsius,1,N,A,FIU110553,,0,0,,,,,,25.0837,81.080581,,,FIU,FIU,,,,,,128025,,EPA170.1,,00010,,
FLAB25,FLAB,10/23/01,SAMP,MON,SA,G,,0.1,,7,Temperature,TEMP,26.8,D,,26.8,,,,,,Degrees Celsius,1,N,A,FIU110552,,0,0,,,,,,25.0837,81.080581,,,FIU,FIU,,,,,,128025,,EPA170.1,,00010,,
FLAB25,FLAB,11/8/01,SAMP,MON,SA,G,,0.1,,7,Temperature,TEMP,22.7,D,,22.7,,,,,,Degrees Celsius,1,N,A,FIU110554,,0,0,,,,,,25.0837,81.080581,,,FIU,FIU,,,,,,129025,,EPA170.1,,00010,,
FLAB25,FLAB,11/8/01,SAMP,MON,SA,G,,3.6,,7,Temperature,TEMP,22.7,D,,22.7,,,,,,Degrees Celsius,1,N,A,FIU110555,,0,0,,,,,,25.0837,81.080581,,,FIU,FIU,,,,,,129025,,EPA170.1,,00010,,
FLAB25,FLAB,12/3/01,SAMP,MON,SA,G,,3.6,,7,Temperature,TEMP,24.2,D,,24.2,,,,,,Degrees Celsius,1,N,A,FIU110557,,0,0,,,,,,25.0837,81.080581,,,FIU,FIU,,,,,,130025,,EPA170.1,,00010,,
FLAB25,FLAB,12/3/01,SAMP,MON,SA,G,,0.1,,7,Temperature,TEMP,24.2,D,,24.2,,,,,,Degrees Celsius,1,N,A,FIU110556,,0,0,,,,,,25.0837,81.080581,,,FIU,FIU,,,,,,130025,,EPA170.1,,00010,,
FLAB25,FLAB,1/29/02,SAMP,MON,SA,G,,0.1,,7,Temperature,TEMP,25.5,D,,25.5,,,,,,Degrees Celsius,1,N,A,FIU113184,,0,0,,,,,,25.0837,81.080581,,,FIU,FIU,,,,,,131025,,EPA170.1,,00010,,
FLAB25,FLAB,1/29/02,SAMP,MON,SA,G,,3.6,,7,Temperature,TEMP,25.5,D,,25.5,,,,,,Degrees Celsius,1,N,A,FIU113185,,0,0,,,,,,25.0837,81.080581,,,FIU,FIU,,,,,,131025,,EPA170.1,,00010,,
FLAB25,FLAB,2/20/02,SAMP,MON,SA,G,,0.1,,7,Temperature,TEMP,20.5,D,,20.5,,,,,,Degrees Celsius,1,N,A,FIU113186,,0,0,,,,,,25.0837,81.080581,,,FIU,FIU,,,,,,132025,,EPA170.1,,00010,,
FLAB25,FLAB,2/20/02,SAMP,MON,SA,G,,3.6,,7,Temperature,TEMP,20.5,D,,20.5,,,,,,Degrees Celsius,1,N,A,FIU113187,,0,0,,,,,,25.0837,81.080581,,,FIU,FIU,,,,,,132025,,EPA170.1,,00010,,
FLAB25,FLAB,3/19/02,SAMP,MON,SA,G,,0.1,,7,Temperature,TEMP,26,D,,26,,,,,,Degrees Celsius,1,N,A,FIU113188,,0,0,,,,,,25.0837,81.080581,,,FIU,FIU,,,,,,133025,,EPA170.1,,00010,,
FLAB25,FLAB,3/19/02,SAMP,MON,SA,G,,3.6,,7,Temperature,TEMP,26,D,,26,,,,,,Degrees Celsius,1,N,A,FIU113189,,0,0,,,,,,25.0837,81.080581,,,FIU,FIU,,,,,,133025,,EPA170.1,,00010,,
FLAB25,FLAB,4/9/02,SAMP,MON,SA,G,,0.1,,7,Temperature,TEMP,24.8,,,24.8,,,,,,Degrees Celsius,1,N,A,134025,,0,0,,,,,,25.0837,81.080581,,,FIU,FIU,,,,,,134025,,EPA170.1,,10,,
FLAB25,FLAB,4/9/02,SAMP,MON,SA,G,,3.6,,7,Temperature,TEMP,24.6,,,24.6,,,,,,Degrees Celsius,1,N,A,134025B,,0,0,,,,,,25.0837,81.080581,,,FIU,FIU,,,,,,134025,,EPA170.1,,10,,
FLAB25,FLAB,5/15/02,SAMP,MON,SA,G,,0.1,,7,Temperature,TEMP,28.9,D,,28.9,,,,,,Degrees Celsius,1,N,A,135025,,0,0,,,,,,25.0837,81.080581,,,FIU,FIU,,,,,,135025,,EPA170.1,,10,,
FLAB25,FLAB,5/15/02,SAMP,MON,SA,G,,3.6,,7,Temperature,TEMP,28.8,D,,28.8,,,,,,Degrees Celsius,1,N,A,135025B,,0,0,,,,,,25.0837,81.080581,,,FIU,FIU,,,,,,135025,,EPA170.1,,10,,
FLAB25,FLAB,6/4/02,SAMP,MON,SA,G,,0.1,,7,Temperature,TEMP,30,D,,30,,,,,,Degrees Celsius,1,N,A,136025,,0,0,,,,,,25.0837,81.080581,,,FIU,FIU,,,,,,136025,,EPA170.1,,10,,
FLAB25,FLAB,6/4/02,SAMP,MON,SA,G,,3.6,,7,Temperature,TEMP,30,D,,30,,,,,,Degrees Celsius,1,N,A,136025B,,0,0,,,,,,25.0837,81.080581,,,FIU,FIU,,,,,,136025,,EPA170.1,,10,,
FLAB25,FLAB,7/11/02,SAMP,MON,SA,G,,3.6,,7,Temperature,TEMP,27.9,D,,27.9,,,,,,Degrees Celsius,1,N,A,137025B,,0,0,,,,,,25.0837,81.080581,,,FIU,FIU,,,,,,137025B,,EPA170.1,,10,,
FLAB25,FLAB,7/11/02,SAMP,MON,SA,G,,0.1,,7,Temperature,TEMP,27.9,D,,27.9,,,,,,Degrees Celsius,1,N,A,137025,,0,0,,,,,,25.0837,81.080581,,,FIU,FIU,,,,,,137025,,EPA170.1,,10,,
FLAB25,FLAB,8/19/02,SAMP,MON,SA,G,,3.6,,7,Temperature,TEMP,30.2,D,,30.2,,,,,,Degrees Celsius,1,N,A,138025B,,0,0,,,,,,25.0837,81.080581,,,FIU,FIU,,,,,,138025B,,EPA170.1,,00010,,
FLAB25,FLAB,8/19/02,SAMP,MON,SA,G,,0.1,,7,Temperature,TEMP,30.4,D,,30.4,,,,,,Degrees Celsius,1,N,A,138025,,0,0,,,,,,25.0837,81.080581,,,FIU,FIU,,,,,,138025,,EPA170.1,,00010,,
FLAB25,FLAB,9/17/02,SAMP,MON,SA,G,,3.6,,7,Temperature,TEMP,29.8,D,,29.8,,,,,,Degrees Celsius,1,N,A,139025B,,0,0,,,,,,25.0837,81.080581,,,FIU,FIU,,,,,,139025B,,EPA170.1,,00010,,
FLAB25,FLAB,9/17/02,SAMP,MON,SA,G,,0.1,,7,Temperature,TEMP,29.9,D,,29.9,,,,,,Degrees Celsius,1,N,A,139025,,0,0,,,,,,25.0837,81.080581,,,FIU,FIU,,,,,,139025,,EPA170.1,,00010,,
FLAB25,FLAB,10/17/02,SAMP,MON,SA,G,,0.1,,7,Temperature,TEMP,27.7,D,,27.7,,,,,,Degrees Celsius,1,N,A,140025,,0,0,,,,,,25.0837,81.080581,,,FIU,FIU,,,,,,140025,,EPA170.1,,00010,,
FLAB25,FLAB,10/17/02,SAMP,MON,SA,G,,3.6,,7,Temperature,TEMP,27.6,D,,27.6,,,,,,Degrees Celsius,1,N,A,140025B,,0,0,,,,,,25.0837,81.080581,,,FIU,FIU,,,,,,140025B,,EPA170.1,,00010,,
FLAB25,FLAB,11/14/02,SAMP,MON,SA,G,,0.1,,7,Temperature,TEMP,24.4,D,,24.4,,,,,,Degrees Celsius,1,N,A,141025,,0,0,,,,,,25.0837,81.080581,,,FIU,FIU,,,,,,141025,,EPA170.1,,00010,,
FLAB25,FLAB,11/14/02,SAMP,MON,SA,G,,3.6,,7,Temperature,TEMP,24.4,D,,24.4,,,,,,Degrees Celsius,1,N,A,141025B,,0,0,,,,,,25.0837,81.080581,,,FIU,FIU,,,,,,141025B,,EPA170.1,,00010,,
FLAB25,FLAB,12/11/02,SAMP,MON,SA,G,,0.1,,7,Temperature,TEMP,23.8,D,,23.8,,,,,,Degrees Celsius,1,N,A,142025,,0,0,,,,,,25.0837,81.080581,,,FIU,FIU,,,,,,142025,,EPA170.1,,00010,,
FLAB25,FLAB,12/11/02,SAMP,MON,SA,G,,3.6,,7,Temperature,TEMP,23.8,D,,23.8,,,,,,Degrees Celsius,1,N,A,142025B,,0,0,,,,,,25.0837,81.080581,,,FIU,FIU,,,,,,142025B,,EPA170.1,,00010,,
FLAB25,FLAB,1/28/03,SAMP,MON,SA,G,,3.6,,7,Temperature,TEMP,14.5,D,,14.5,,,,,,Degrees Celsius,1,N,A,143025B,,0,0,,,,,,25.0837,81.080581,,,FIU,FIU,,,,,,143025B,,EPA170.1,,00010,,
FLAB25,FLAB,1/28/03,SAMP,MON,SA,G,,0.1,,7,Temperature,TEMP,14.6,D,,14.6,,,,,,Degrees Celsius,1,N,A,143025,,0,0,,,,,,25.0837,81.080581,,,FIU,FIU,,,,,,143025,,EPA170.1,,00010,,
FLAB25,FLAB,2/25/03,SAMP,MON,SA,G,,3.6,,7,Temperature,TEMP,23.9,D,,23.9,,,,,,Degrees Celsius,1,N,A,144025B,,0,0,,,,,,25.0837,81.080581,,,FIU,FIU,,,,,,144025B,,EPA170.1,,00010,,
FLAB25,FLAB,2/25/03,SAMP,MON,SA,G,,0.1,,7,Temperature,TEMP,24.3,D,,24.3,,,,,,Degrees Celsius,1,N,A,144025,,0,0,,,,,,25.0837,81.080581,,,FIU,FIU,,,,,,144025,,EPA170.1,,00010,,
FLAB25,FLAB,3/13/03,SAMP,MON,SA,G,,3.6,,7,Temperature,TEMP,28.1,D,,28.1,,,,,,Degrees Celsius,1,N,A,145025B,,0,0,,,,,,25.0837,81.080581,,,FIU,FIU,,,,,,145025B,,EPA170.1,,00010,,
FLAB25,FLAB,3/13/03,SAMP,MON,SA,G,,0.1,,7,Temperature,TEMP,28.2,D,,28.2,,,,,,Degrees Celsius,1,N,A,145025,,0,0,,,,,,25.0837,81.080581,,,FIU,FIU,,,,,,145025,,EPA170.1,,00010,,
FLAB25,FLAB,4/9/03,SAMP,MON,SA,G,,0.1,,7,Temperature,TEMP,25.6,D,,25.6,,,,,,Degrees Celsius,1,N,A,146025,,0,0,,,,,,25.0837,81.080581,,,FIU,FIU,,,,,,146025,,EPA170.1,,10,,
FLAB25,FLAB,4/9/03,SAMP,MON,SA,G,,3.6,,7,Temperature,TEMP,25.6,D,,25.6,,,,,,Degrees Celsius,1,N,A,146025B,,0,0,,,,,,25.0837,81.080581,,,FIU,FIU,,,,,,146025B,,EPA170.1,,10,,
FLAB25,FLAB,5/8/03,SAMP,MON,SA,G,,0.1,,7,Temperature,TEMP,28.3,D,,28.3,,,,,,Degrees Celsius,1,N,A,147025,,0,0,,,,,,25.0837,81.080581,,,FIU,FIU,,,,,,147025,,EPA170.1,,10,,
FLAB25,FLAB,5/8/03,SAMP,MON,SA,G,,3.6,,7,Temperature,TEMP,28.2,D,,28.2,,,,,,Degrees Celsius,1,N,A,147025B,,0,0,,,,,,25.0837,81.080581,,,FIU,FIU,,,,,,147025B,,EPA170.1,,10,,
FLAB25,FLAB,6/10/03,SAMP,MON,SA,G,,0.1,,7,Temperature,TEMP,30.4,D,,30.4,,,,,,Degrees Celsius,1,N,A,148025,,0,0,,,,,,25.0837,81.080581,,,FIU,FIU,,,,,,148025,,EPA170.1,,10,,
FLAB25,FLAB,6/10/03,SAMP,MON,SA,G,,3.6,,7,Temperature,TEMP,30.3,D,,30.3,,,,,,Degrees Celsius,1,N,A,148025B,,0,0,,,,,,25.0837,81.080581,,,FIU,FIU,,,,,,148025B,,EPA170.1,,10,,
FLAB25,FLAB,7/1/03,SAMP,MON,SA,G,,0.1,,7,Temperature,TEMP,29,D,,29,,,,,,Degrees Celsius,1,N,A,149025,,0,0,,,,,,25.0837,81.080581,,,FIU,FIU,,,,,,149025,,EPA170.1,,10,,
FLAB25,FLAB,7/1/03,SAMP,MON,SA,G,,3.6,,7,Temperature,TEMP,29,D,,29,,,,,,Degrees Celsius,1,N,A,149025B,,0,0,,,,,,25.0837,81.080581,,,FIU,FIU,,,,,,149025B,,EPA170.1,,10,,
FLAB25,FLAB,8/25/03,SAMP,MON,SA,G,,0.1,,7,Temperature,TEMP,30.6,D,,30.6,,,,,,Degrees Celsius,1,N,A,150025,,0,0,,,,,,25.0837,81.080581,,,FIU,FIU,,,,,,150025,,EPA170.1,,10,,
FLAB25,FLAB,8/25/03,SAMP,MON,SA,G,,3.6,,7,Temperature,TEMP,30.6,D,,30.6,,,,,,Degrees Celsius,1,N,A,150025B,,0,0,,,,,,25.0837,81.080581,,,FIU,FIU,,,,,,150025B,,EPA170.1,,10,,
FLAB25,FLAB,9/9/03,SAMP,MON,SA,G,,3.6,,7,Temperature,TEMP,29.8,D,,29.8,,,,,,Degrees Celsius,1,N,A,151025B,,0,0,,,,,,25.0837,81.080581,,,FIU,FIU,,,,,,151025B,,EPA170.1,,10,,
FLAB25,FLAB,9/9/03,SAMP,MON,SA,G,,0.1,,7,Temperature,TEMP,29.8,D,,29.8,,,,,,Degrees Celsius,1,N,A,151025,,0,0,,,,,,25.0837,81.080581,,,FIU,FIU,,,,,,151025,,EPA170.1,,10,,
FLAB25,FLAB,10/15/03,SAMP,MON,SA,G,,0.1,,7,Temperature,TEMP,29.8,D,,29.8,,,,,,Degrees Celsius,1,N,A,152025,,0,0,,,,,,25.0837,81.080581,,,FIU,FIU,,,,,,152025,,EPA170.1,,10,,
FLAB25,FLAB,10/15/03,SAMP,MON,SA,G,,3.6,,7,Temperature,TEMP,29.8,D,,29.8,,,,,,Degrees Celsius,1,N,A,152025B,,0,0,,,,,,25.0837,81.080581,,,FIU,FIU,,,,,,152025B,,EPA170.1,,10,,
FLAB25,FLAB,11/7/03,SAMP,MON,SA,G,,3.6,,7,Temperature,TEMP,26.2,D,,26.2,,,,,,Degrees Celsius,1,N,A,153025B,,0,0,,,,,,25.0837,81.080581,,,FIU,FIU,,,,,,153025B,,EPA170.1,,10,,
FLAB25,FLAB,11/7/03,SAMP,MON,SA,G,,0.1,,7,Temperature,TEMP,26.3,D,,26.3,,,,,,Degrees Celsius,1,N,A,153025,,0,0,,,,,,25.0837,81.080581,,,FIU,FIU,,,,,,153025,,EPA170.1,,10,,
FLAB25,FLAB,12/3/03,SAMP,MON,SA,G,,3.6,,7,Temperature,TEMP,20.4,D,,20.4,,,,,,Degrees Celsius,1,N,A,154025B,,0,0,,,,,,25.0837,81.080581,,,FIU,FIU,,,,,,154025B,,EPA170.1,,10,,
FLAB25,FLAB,12/3/03,SAMP,MON,SA,G,,0.1,,7,Temperature,TEMP,20.4,D,,20.4,,,,,,Degrees Celsius,1,N,A,154025,,0,0,,,,,,25.0837,81.080581,,,FIU,FIU,,,,,,154025,,EPA170.1,,10,,
FLAB25,FLAB,1/21/04,SAMP,MON,SA,G,,0.1,,7,Temperature,TEMP,19.2,D,,19.2,,,,,,Degrees Celsius,1,N,A,155025,,0,0,,,,,,25.0837,81.080581,,,FIU,FIU,,,,,,155025,,EPA170.1,,10,,
FLAB25,FLAB,2/24/04,SAMP,MON,SA,G,,0.1,,7,Temperature,TEMP,23,D,,23,,,,,,Degrees Celsius,1,N,A,156025,,0,0,,,,,,25.0837,81.080581,,,FIU,FIU,,,,,,156025,,EPA170.1,,10,,
FLAB25,FLAB,3/23/04,SAMP,MON,SA,G,,0.1,,7,Temperature,TEMP,23.1,D,,23.1,,,,,,Degrees Celsius,1,N,A,157025,,0,0,,,,,,25.0837,81.080581,,,FIU,FIU,,,,,,157025,,EPA170.1,,10,,
FLAB25,FLAB,10/9/06,SAMP,MON,SA,G,,0,,7,Temperature,TEMP,28.28,,,28.3,,1,,,,Degrees Celsius,1,N,A,FB188FB025UA,,0,0,,,,,,25.0837,81.080581,FIU,E76930,FIU,WMD,WMD,2,BA,CA,,AB64827,10/9/06 12:38,EPA 170.1,,10,,
FLAB25,FLAB,10/9/06,SAMP,MON,SA,G,,0,,7,Temperature,TEMP,28.25,,,28.2,,1,,,,Degrees Celsius,1,N,A,FB188FB025UAB,,0,0,,,,,,25.0837,81.080581,FIU,E76930,FIU,WMD,WMD,2,BA,CA,,AB64827_B,,EPA 170.1,,10,Measurements done close to the bottom.,
FLAB25,FLAB,11/7/06,SAMP,MON,SA,G,,0,,7,Temperature,TEMP,24.29,,,24.3,,1,,,,Degrees Celsius,1,N,A,FB189FB025UA,,0,0,,,,,,25.0837,81.080581,FIU,E76930,FIU,WMD,WMD,2,BA,CA,,AB70908,11/7/06 13:41,EPA 170.1,,10,,
FLAB25,FLAB,11/7/06,SAMP,MON,SA,G,,0,,7,Temperature,TEMP,24.27,,,24.3,,1,,,,Degrees Celsius,1,N,A,FB189FB025UAB,,0,0,,,,,,25.0837,81.080581,FIU,E76930,FIU,WMD,WMD,2,BA,CA,,AB70908_B,,EPA 170.1,,10,Measurements done close to the bottom.,
FLAB25,FLAB,12/3/06,SAMP,MON,SA,G,,0,,7,Temperature,TEMP,24.41,,,24.4,,1,,,,Degrees Celsius,1,N,A,FB190FB025UA,,0,0,,,,,,25.0837,81.080581,FIU,E76930,FIU,WMD,WMD,2,BA,CA,,AB72228,12/3/06 12:32,EPA 170.1,,10,,
FLAB25,FLAB,12/3/06,SAMP,MON,SA,G,,0,,7,Temperature,TEMP,24.36,,,24.4,,1,,,,Degrees Celsius,1,N,A,FB190FB025UAB,,0,0,,,,,,25.0837,81.080581,FIU,E76930,FIU,WMD,WMD,2,BA,CA,,AB72228_B,,EPA 170.1,,10,Measurements done close to the bottom.,
FLAB25,FLAB,1/11/07,SAMP,MON,SA,G,,0,,7,Temperature,TEMP,20.88,,,20.9,,1,,,,Degrees Celsius,1,N,A,FB191FB025UA,,0,0,,,,,,25.0837,81.080581,FIU,E76930,FIU,WMD,WMD,2,BA,CA,,AB74884,1/11/07 9:56,EPA 170.1,,10,,
FLAB25,FLAB,1/11/07,SAMP,MON,SA,G,,0,,7,Temperature,TEMP,20.86,,,20.9,,1,,,,Degrees Celsius,1,N,A,FB191FB025UAB,,0,0,,,,,,25.0837,81.080581,FIU,E76930,FIU,WMD,WMD,2,BA,CA,,AB74884_B,,EPA 170.1,,10,Measurements done close to the bottom.,
FLAB25,FLAB,2/7/07,SAMP,MON,SA,G,,0,,7,Temperature,TEMP,19.11,,,19.1,,1,,,,Degrees Celsius,1,N,A,FB192FB025UA,,0,0,,,,,,25.0837,81.080581,FIU,E76930,FIU,WMD,WMD,2,BA,CA,,AB76782,2/7/07 12:44,EPA 170.1,,10,,
FLAB25,FLAB,2/7/07,SAMP,MON,SA,G,,0,,7,Temperature,TEMP,19.02,,,19,,1,,,,Degrees Celsius,1,N,A,FB192FB025UAB,,0,0,,,,,,25.0837,81.080581,FIU,E76930,FIU,WMD,WMD,2,BA,CA,,AB76782_B,,EPA 170.1,,10,Measurements done close to the bottom.,
FLAB25,FLAB,3/12/07,SAMP,MON,SA,G,,0,,7,Temperature,TEMP,22.99,,,23,,1,,,,Degrees Celsius,1,N,A,FB193FB025UA,,0,0,,,,,,25.0837,81.080581,FIU,E76930,FIU,WMD,WMD,2,BA,CA,,AB78032,3/12/07 13:15,EPA 170.1,,10,,
FLAB25,FLAB,3/12/07,SAMP,MON,SA,G,,0,,7,Temperature,TEMP,22.99,,,23,,1,,,,Degrees Celsius,1,N,A,FB193FB025UAB,,0,0,,,,,,25.0837,81.080581,FIU,E76930,FIU,WMD,WMD,2,BA,CA,,AB78032_B,,EPA 170.1,,10,Measurements done close to the bottom.,
FLAB25,FLAB,4/3/07,SAMP,MON,SA,G,,0,,7,Temperature,TEMP,24.42,,,24.4,,1,,,,Degrees Celsius,1,N,A,FB194FB025UA,,0,0,,,,,,25.0837,81.080581,FIU,E76930,FIU,WMD,WMD,2,BA,CA,,AB79057,4/3/07 11:19,EPA 170.1,,10,,
FLAB25,FLAB,4/3/07,SAMP,MON,SA,G,,0,,7,Temperature,TEMP,24.36,,,24.4,,1,,,,Degrees Celsius,1,N,A,FB194FB025UAB,,0,0,,,,,,25.0837,81.080581,FIU,E76930,FIU,WMD,WMD,2,BA,CA,,AB79057_B,,EPA 170.1,,10,Measurements done close to the bottom.,
FLAB25,FLAB,5/1/07,SAMP,MON,SA,G,,0,,7,Temperature,TEMP,26.7,,,26.7,,1,,,,Degrees Celsius,1,N,A,FB195FB025UA,,0,0,,,,,,25.0837,81.080581,FIU,E76930,FIU,WMD,WMD,2,BA,CA,,AB82118,5/1/07 12:01,EPA 170.1,,10,,
FLAB25,FLAB,5/1/07,SAMP,MON,SA,G,,0,,7,Temperature,TEMP,26.67,,,26.7,,1,,,,Degrees Celsius,1,N,A,FB195FB025UAB,,0,0,,,,,,25.0837,81.080581,FIU,E76930,FIU,WMD,WMD,2,BA,CA,,AB82118_B,,EPA 170.1,,10,Measurements done close to the bottom.,
FLAB25,FLAB,6/6/07,SAMP,MON,SA,G,,0,,7,Temperature,TEMP,28.43,,,28.4,,1,,,,Degrees Celsius,1,N,A,FB196FB025UA,,0,0,,,,,,25.0837,81.080581,FIU,E76930,FIU,WMD,WMD,2,BA,CA,,AB84017,6/6/07 13:10,EPA 170.1,,10,,
FLAB25,FLAB,6/6/07,SAMP,MON,SA,G,,0,,7,Temperature,TEMP,28.46,,,28.5,,1,,,,Degrees Celsius,1,N,A,FB196FB025UAB,,0,0,,,,,,25.0837,81.080581,FIU,E76930,FIU,WMD,WMD,2,BA,CA,,AB84017_B,,EPA 170.1,,10,Measurements done close to the bottom.,
FLAB25,FLAB,7/3/07,SAMP,MON,SA,G,,0,,7,Temperature,TEMP,31.58,A,,31.6,,1,,,,Degrees Celsius,1,N,A,FB197FB025UA,,0,0,,,,,,25.0837,81.080581,FIU,E76930,FIU,WMD,WMD,2,BA,CA,,AB85596,7/3/07 11:52,EPA 170.1,,10,,
FLAB25,FLAB,7/3/07,SAMP,MON,SA,G,,0,,7,Temperature,TEMP,31.5,A,,31.5,,1,,,,Degrees Celsius,1,N,A,FB197FB025UAB,,0,0,,,,,,25.0837,81.080581,FIU,E76930,FIU,WMD,WMD,2,BA,CA,,AB85596_B,7/3/07 11:53,EPA 170.1,,10,Measurements done close to the bottom.,
FLAB25,FLAB,8/7/07,SAMP,MON,SA,G,,0,,7,Temperature,TEMP,31.59,A,,31.6,,1,,,,Degrees Celsius,1,N,A,FB198FB025UA,,0,0,,,,,,25.0837,81.080581,FIU,E76930,FIU,WMD,WMD,2,BA,CA,,AB89053,8/7/07 11:15,EPA 170.1,,10,,
FLAB25,FLAB,8/7/07,SAMP,MON,SA,G,,0,,7,Temperature,TEMP,31.45,A,,31.4,,1,,,,Degrees Celsius,1,N,A,FB198FB025UAB,,0,0,,,,,,25.0837,81.080581,FIU,E76930,FIU,WMD,WMD,2,BA,CA,,AB89053_B,,EPA 170.1,,10,Measurements done close to the bottom.,
FLAB25,FLAB,9/5/07,SAMP,MON,SA,G,,0,,7,Temperature,TEMP,29.98,A,,30,,1,,,,Degrees Celsius,1,N,A,FB199FB025UA,,0,0,,,,,,25.0837,81.080581,FIU,E76930,FIU,WMD,WMD,2,BA,CA,,AB90724,9/5/07 10:39,EPA 170.1,,10,,
FLAB25,FLAB,9/5/07,SAMP,MON,SA,G,,0,,7,Temperature,TEMP,29.89,A,,29.9,,1,,,,Degrees Celsius,1,N,A,FB199FB025UAB,,0,0,,,,,,25.0837,81.080581,FIU,E76930,FIU,WMD,WMD,2,BA,CA,,AB90724_B,,EPA 170.1,,10,Measurements done close to the bottom.,
FLAB25,FLAB,10/4/07,SAMP,MON,SA,G,,0,,7,Temperature,TEMP,26.67,,,26.7,,1,,,,Degrees Celsius,1,N,A,FB200FB025,,0,0,,,,,,25.0837,81.080581,FIU,E76930,FIU,WMD,WMD,2,BA,CA,,AB92301,10/4/07 12:02,EPA 170.1,,10,,
FLAB25,FLAB,11/6/07,SAMP,MON,SA,G,,0,,7,Temperature,TEMP,23.99,,,24,,1,,,,Degrees Celsius,1,N,A,FB201FB025,,0,0,,,,,,25.0837,81.080581,FIU,E76930,FIU,WMD,WMD,2,BA,CA,,AB93895,11/6/07 12:07,EPA 170.1,,10,,
FLAB25,FLAB,12/7/07,SAMP,MON,SA,G,,0,,7,Temperature,TEMP,24.46,,,24.5,,1,,,,Degrees Celsius,1,N,A,FB202FB025,,0,0,,,,,,25.0837,81.080581,FIU,E76930,FIU,WMD,WMD,2,BA,CA,,AB94313,12/7/07 11:02,EPA 170.1,,10,,
FLAB25,FLAB,1/9/08,SAMP,MON,SA,G,,0,,7,Temperature,TEMP,20.45,,,20.4,,1,,,,Degrees Celsius,1,N,A,FB203FB025,,0,0,,,,,,25.0837,81.080581,FIU,E76930,FIU,WMD,WMD,2,BA,CA,,AB95224,1/9/08 11:23,EPA 170.1,,10,,
FLAB25,FLAB,1/9/08,SAMP,MON,SA,G,,0,,7,Temperature,TEMP,19.72,,,19.7,,1,,,,Degrees Celsius,1,N,A,FB203FB025B,,0,0,,,,,,25.0837,81.080581,FIU,E76930,FIU,WMD,WMD,2,BA,CA,,AB95224_B,,EPA 170.1,,10,Measurements done close to the bottom.,
FLAB25,FLAB,2/8/08,SAMP,MON,SA,G,,0,,7,Temperature,TEMP,25.04,,,25,,1,,,,Degrees Celsius,1,N,A,FB204FB025,,0,0,,,,,,25.0837,81.080581,FIU,E76930,FIU,WMD,WMD,2,BA,CA,,AB95739,2/8/08 12:30,EPA 170.1,,10,,
FLAB25,FLAB,2/8/08,SAMP,MON,SA,G,,0,,7,Temperature,TEMP,25.01,,,25,,1,,,,Degrees Celsius,1,N,A,FB204FB025B,,0,0,,,,,,25.0837,81.080581,FIU,E76930,FIU,WMD,WMD,2,BA,CA,,AB95739_B,,EPA 170.1,,10,Measurements done close to the bottom.,
FLAB25,FLAB,3/5/08,SAMP,MON,SA,G,,0,,7,Temperature,TEMP,23.69,,,23.7,,1,,,,Degrees Celsius,1,N,A,FB205FB025,,0,0,,,,,,25.0837,81.080581,FIU,E76930,FIU,WMD,WMD,2,BA,CA,,AB95987,3/5/08 12:38,EPA 170.1,,10,,
FLAB25,FLAB,3/5/08,SAMP,MON,SA,G,,0,,7,Temperature,TEMP,23.68,,,23.7,,1,,,,Degrees Celsius,1,N,A,FB205FB025B,,0,0,,,,,,25.0837,81.080581,FIU,E76930,FIU,WMD,WMD,2,BA,CA,,AB95987_B,,EPA 170.1,,10,Measurements done close to the bottom.,
FLAB25,FLAB,4/2/08,SAMP,MON,SA,G,,0,,7,Temperature,TEMP,25.78,,,25.8,,1,,,,Degrees Celsius,1,N,A,FB206FB025,,0,0,,,,,,25.0837,81.080581,FIU,E76930,FIU,WMD,WMD,2,BA,CA,4/2/08 12:50,AB96576,4/2/08 12:50,EPA 170.1,,10,,
FLAB25,FLAB,4/2/08,SAMP,MON,SA,G,,0,,7,Temperature,TEMP,25.83,,,25.8,,1,,,,Degrees Celsius,1,N,A,FB206FB025B,,0,0,,,,,,25.0837,81.080581,FIU,E76930,FIU,WMD,WMD,2,BA,CA,4/2/08 12:52,AB96576_B,4/2/08 12:52,EPA 170.1,,10,Measurements done close to the bottom.,
FLAB25,FLAB,5/7/08,SAMP,MON,SA,G,,0,,7,Temperature,TEMP,26.92,,,26.9,,1,,,,Degrees Celsius,1,N,A,FB207FB025,,0,0,,,,,,25.0837,81.080581,FIU,E76930,FIU,WMD,WMD,2,BA,CA,5/7/08 10:18,AB97320,5/7/08 10:18,EPA 170.1,,10,,
FLAB25,FLAB,5/7/08,SAMP,MON,SA,G,,0,,7,Temperature,TEMP,26.9,,,26.9,,1,,,,Degrees Celsius,1,N,A,FB207FB025B,,0,0,,,,,,25.0837,81.080581,FIU,E76930,FIU,WMD,WMD,2,BA,CA,5/7/08 10:20,AB97320_B,5/7/08 10:20,EPA 170.1,,10,Measurements done close to the bottom.,
FLAB25,FLAB,6/4/08,SAMP,MON,SA,G,,0,,7,Temperature,TEMP,30.35,,,30.4,,1,,,,Degrees Celsius,1,N,A,FB208FB025,,0,0,,,,,,25.0837,81.080581,FIU,E76930,FIU,WMD,WMD,2,BA,CA,6/4/08 10:56,AB97884,6/4/08 10:56,EPA 170.1,,10,,
FLAB25,FLAB,6/4/08,SAMP,MON,SA,G,,0,,7,Temperature,TEMP,30.38,,,30.4,,1,,,,Degrees Celsius,1,N,A,FB208FB025B,,0,0,,,,,,25.0837,81.080581,FIU,E76930,FIU,WMD,WMD,2,BA,CA,6/4/08 10:58,AB97884_B,6/4/08 10:58,EPA 170.1,,10,Measurements done close to the bottom.,
FLAB25,FLAB,1/7/09,SAMP,MON,SA,G,,0.5,,7,Temperature,TEMP,23.4,,,23.4,,1,,,,Degrees Celsius,1,N,A,P42963-9,,1,2,,,3.3,,,25.0837,81.080581,FWEC,E46077,WMD,WMD,WMD,2,BA,NO,1/8/09 9:36,16142009,1/7/09 10:12,,,00010,light winds and light chop.  Sample with no visable solids.  Low incoming flow.  good deal of plant matter/alga observed in water column.,
FLAB25,FLAB,2/12/09,SAMP,MON,SA,G,,0.5,,7,Temperature,TEMP,20.6,,,20.6,,1,,,,Degrees Celsius,1,N,A,P42978-6,,1,2,,,2.4,,,25.0837,81.080581,FWEC,E46077,WMD,WMD,WMD,2,BA,NO,2/12/09 15:47,16157006,2/12/09 11:55,,,00010,Very calm conditions.  No wind and very little flow.  Sample clear.,
FLAB25,FLAB,3/16/09,SAMP,MON,SA,G,,0.5,,7,Temperature,TEMP,24.4,,,24.4,,1,,,,Degrees Celsius,1,N,A,P43361-6,,1,3,,,3.15,,,25.0837,81.080581,FWEC,E46077,WMD,WMD,WMD,2,BA,NO,3/17/09 10:29,16639006,3/16/09 14:11,,,00010,Increasing clouds and increasing winds.  light chop.  Sample clear.,
FLAB25,FLAB,4/20/09,SAMP,MON,SA,G,,0.5,,7,Temperature,TEMP,24,,,24,,1,,,,Degrees Celsius,1,N,A,P43542-6,,1,3,,,3.9,,,25.0837,81.080581,FWEC,E46077,WMD,WMD,WMD,2,BA,NO,4/21/09 9:50,16865006,4/20/09 11:55,,,00010,choppy conditions with medium swell. Sample clear of solids.,
FLAB25,FLAB,5/18/09,SAMP,MON,SA,G,,0.5,,7,Temperature,TEMP,27.1,,,27.1,,1,,,,Degrees Celsius,1,N,A,P43936-6,,1,3,,,3.8,,,25.0837,81.080581,FWEC,E46077,WMD,WMD,WMD,2,BA,NO,5/19/09 9:50,17327006,5/18/09 15:04,,,00010,Strog wind and moderate chop.  Sample clear,
FLAB25,FLAB,6/11/09,SAMP,MON,SA,G,,0.5,,7,Temperature,TEMP,29.5,,,29.5,,1,,,,Degrees Celsius,1,N,A,P43955-6,,1,2,,,2.9,,,25.0837,81.080581,FWEC,E46077,WMD,WMD,WMD,2,BA,NO,6/11/09 16:09,17348006,6/11/09 11:44,,,00010,Calm conditions.  Sample clear of solids.,
FLAB25,FLAB,7/20/09,SAMP,MON,SA,G,,0.5,,7,Temperature,TEMP,30.8,,,30.8,,1,,,,Degrees Celsius,1,N,A,P44584-6,,1,2,,,3.71,,,25.0837,81.080581,FWEC,E46077,WMD,WMD,WMD,2,BA,NO,7/21/09 10:16,18191020,7/20/09 13:23,,,00010,"sample clear, no solids.  strong incoming flow.  calm seas. sunny, temp 95-97 degrees F.",
FLAB25,FLAB,8/17/09,SAMP,MON,SA,G,,0.5,,7,Temperature,TEMP,28.4,,,28.4,,1,,,,Degrees Celsius,1,N,A,P44716-6,,1,2,,,3.9,,,25.0837,81.080581,FWEC,E46077,WMD,WMD,WMD,2,BA,NO,8/18/09 11:13,18361017,8/17/09 12:22,,,00010,"Sample clear, no visible solids.  Slight sediment in sample bucket.  Seaweed on surface. Very rough conditions.  Seas 4-4, wind 20 knots.  Sunny with some cloud coverage.  Temperature low to mid 90's degrees F.",
FLAB25,FLAB,9/15/09,SAMP,MON,SA,G,,0.5,,7,Temperature,TEMP,29.2,,,29.2,,1,,,,Degrees Celsius,1,N,A,P45421-8,,1,2,,,3.8,,,25.0837,81.080581,FWEC,E46077,WMD,WMD,WMD,2,BA,NO,9/16/09 10:46,19266008,9/15/09 9:45,,,00010,"Sample clear, with low solids.  Some sediment in sample bucket.  Moderate incoming flow, light chop on water.  Soem seagrass floating on water surface.",
FLAB25,FLAB,10/12/09,SAMP,MON,SA,G,,0.5,,7,Temperature,TEMP,29.1,,,29.1,,1,,,,Degrees Celsius,1,N,A,P45906-6,,1,2,,,3.2,,,25.0837,81.080581,FWEC,E46077,WMD,WMD,WMD,2,BA,NO,10/13/09 9:43,19878006,10/12/09 12:35,,,00010,Sample clear with no visible solids. Moderate flow. 2.5' chop on water's surface with winds approx. 15-20 mph.,
FLAB25,FLAB,11/12/09,SAMP,MON,SA,G,,0.5,,7,Temperature,TEMP,23.4,,,23.4,,1,,,,Degrees Celsius,1,N,A,P46183-11,,1,4,,,3.9,,,25.0837,81.080581,FWEC,E46077,WMD,WMD,WMD,2,BA,NO,11/13/09 10:04,20232011,11/12/09 9:53,,,00010,"Sample pale yellow-green, with low solids.  Very choppy, seas 3-4, strong incoming flow. Winds 20 mph.",
FLAB25,FLAB,12/7/09,SAMP,MON,SA,G,,0.5,m,7,Temperature,TEMP,22.1,,,22.1,,1,,,,Degrees Celsius,1,N,A,P46552-6,,1,1,,,,,,25.0837,81.080581,FWEC,E46077,WMD,WMD,WMD,2,BA,NO,12/8/09 10:37,20736006,12/7/09 13:22,,,00010,"Sample clear, no visible solids.  Low flow.  Moderate chop.  Winds 5-10 mph.",
FLAB25,FLAB,1/11/10,SAMP,MON,SA,G,,0.5,m,7,Temperature,TEMP,9.22,,,9.2,,1,,,,Degrees Celsius,1,N,A,P46793-2,,1,1,,,,,,25.0837,81.080581,FWEC,E46077,WMD,WMD,WMD,2,BA,NO,1/12/10 11:13,21031002,1/11/10 13:00,,,10,"Sample cloudy pale yellow, with medium solids.  Strong incoming flow. Rough seas 2-3 feet.  Winds 15-20mph.  Water temperatures below 10 degrees C. WARNING: TEMP exceeds QC limit of 10 to 35 Celsius",WARNING: TEMP exceeds QC limit of 10 to 35 Celsius.
FLAB25,FLAB,2/8/10,SAMP,MON,SA,G,,0.5,m,7,Temperature,TEMP,19,,,19,,1,,,,Degrees Celsius,1,N,A,P47183-2,,1,3,,,,,,25.0837,81.080581,FWEC,E46077,WMD,WMD,WMD,2,BA,NO,2/9/10 12:49,21666002,2/8/10 12:31,,,00010,"Sample clear, no visible solids.  Low flow.  Slight chop on water. Winds 5-10mph.",
FLAB25,FLAB,3/8/10,SAMP,MON,SA,G,,0.5,m,7,Temperature,TEMP,16.6,,,16.6,,1,,,,Degrees Celsius,1,N,A,P47472-2,,1,1,,,,,,25.0837,81.080581,FWEC,E46077,WMD,WMD,WMD,2,BA,NO,3/9/10 10:29,22046002,3/8/10 12:37,,,00010,"Sample pale green with no visible solids. Calm conditions, with minimal chop.  Low flow.  FCEB taken at this station.",
FLAB25,FLAB,4/13/10,SAMP,MON,SA,G,,0.5,m,7,Temperature,TEMP,23.3,,,23.3,,1,,,,Degrees Celsius,1,N,A,P47829-9,,1,1,,,,,,25.0837,81.080581,FWEC,E46077,WMD,WMD,WMD,2,BA,NO,4/15/10 9:04,22511009,4/13/10 9:18,,,00010,"Sample pale green, low solids.  Moderate flow.  Water choppy, seas 1-2 feet.  Winds 10-12mph.",
FLAB25,FLAB,5/10/10,SAMP,MON,SA,G,,0.5,m,7,Temperature,TEMP,28.7,,,28.7,,1,,,,Degrees Celsius,1,N,A,P48081-2,,1,1,,,,,,25.0837,81.080581,FWEC,E46077,WMD,WMD,WMD,2,BA,NO,5/11/10 10:36,22817002,5/10/10 13:09,,,00010,"Sample clear, no visible solids.  Water very choppy, 2-3 foot seas.  Moderate flow.  Winds 15-18mph.",
FLAB25,FLAB,6/8/10,SAMP,MON,SA,G,,0.5,m,7,Temperature,TEMP,30.7,,,30.7,,1,,,,Degrees Celsius,1,N,A,P48380-8,,1,2,,,,,,25.0837,81.080581,FWEC,E46077,WMD,WMD,WMD,2,BA,NO,6/9/10 12:12,23194008,6/8/10 9:43,,,00010,Sample is light green with low suspended solids present. Strong flow with light chop up to 8 inch and constant winds up 6 mph.,
FLAB25,FLAB,7/20/10,SAMP,MON,SA,G,,0.5,m,7,Temperature,TEMP,29,,,29,,1,,,,Degrees Celsius,1,N,A,P48679-2,,1,1,,,,,,25.0837,81.080581,FWEC,E46077,WMD,WMD,WMD,2,BA,NO,7/21/10 11:25,23536002,7/20/10 15:33,,,00010,"Sample light green, low solids.  Seas choppy, 2-3 feet.  Winds 15-20mph.  Strong incoming flow.",
FLAB25,FLAB,8/16/10,SAMP,MON,SA,G,,0.5,m,7,Temperature,TEMP,31,,,31,,1,,,,Degrees Celsius,1,N,A,P48893-2,,1,2,,,,,,25.0837,81.080581,FWEC,E46077,WMD,WMD,WMD,2,BA,NO,8/17/10 10:08,23830002,8/16/10 12:59,,,00010,"Sample pale green, with medium solids.  Low flow.  Calm water, minimal chop. Winds 2-5mph.",
FLAB25,FLAB,9/22/10,SAMP,MON,SA,G,,0.5,m,7,Temperature,TEMP,27.3,,,27.3,,1,,,,Degrees Celsius,1,N,A,P49172-8,,1,1,,,,,,25.0837,81.080581,FWEC,E46077,WMD,WMD,WMD,2,BA,NO,9/23/10 11:08,24186008,9/22/10 9:43,,,00010,"Sample light green, low solids.  Minimal chop, 1 foot seas.  Moderate incoming flow.  Winds 5mph, with 8mph gusts.",
FLAB25,FLAB,10/19/10,SAMP,MON,SA,G,,0.5,m,7,Temperature,TEMP,24.6,,,24.6,,1,,,,Degrees Celsius,1,N,A,P49628-2,,1,1,,,,,,25.0837,81.080581,FWEC,E46077,WMD,WMD,WMD,2,BA,NO,10/20/10 11:05,24783002,10/19/10 13:05,,,00010,"Sample light green, low solids.  Low flow.  Calm water, light chop.  Winds 0-2mph.",
FLAB25,FLAB,11/16/10,SAMP,MON,SA,G,,0.5,m,7,Temperature,TEMP,30.3,,,30.3,,1,,,,Degrees Celsius,1,N,A,P50070-2,,1,1,,,,,,25.0837,81.080581,FWEC,E46077,WMD,WMD,WMD,2,BA,NO,11/17/10 10:56,25358002,11/16/10 13:16,,,00010,"Sample light green, low solids.  Low outgoing flow.  Calm water, minimal chop. Wind 1-2mph.",
FLAB25,FLAB,12/14/10,SAMP,MON,SA,G,,0.5,m,7,Temperature,TEMP,13.5,,,13.5,,1,,,,Degrees Celsius,1,N,A,P50474-2,,1,1,,,,,,25.0837,81.080581,FWEC,E46077,WMD,WMD,WMD,2,BA,NO,12/15/10 10:14,25855002,12/14/10 13:22,,,00010,"Sample pale yellow, medium solids.  Choppy water, 3-4 foot swells.  Winds 10-12mph.  Moderate incoming flow.",
FLAB25,FLAB,1/4/11,SAMP,MON,SA,G,,0.5,m,7,Temperature,TEMP,18.8,,,18.8,,1,,,,Degrees Celsius,1,N,A,P50635-2,,1,1,,,,,,25.0837,81.080581,FWEC,E46077,WMD,WMD,WMD,2,BA,NO,1/5/11 11:04,26109002,1/4/11 13:17,,,00010,"Very low flow at station.  Very low to no chop.  No wind.  Sample light greenish yellow, moderate solids.",
FLAB25,FLAB,2/17/11,SAMP,MON,SA,G,,0.5,m,7,Temperature,TEMP,19.5,,,19.5,,1,,,,Degrees Celsius,1,N,A,P50937-2,,0,3,,,,,,25.0837,81.080581,WMD,FIELD,FLD,WMD,WMD,2,BA,NO,2/18/11 13:41,26504002,2/17/11 10:40,,,00010,"Wind E 5-10, Lt chop",
FLAB25,FLAB,3/15/11,SAMP,MON,SA,G,,0.5,m,7,Temperature,TEMP,20,,,20,,1,,,,Degrees Celsius,1,N,A,P51527-9,,1,3,,,,,,25.0837,81.080581,FWEC,FIELD,FLD,WMD,WMD,2,BA,NO,3/16/11 10:05,27310009,3/15/11 10:25,,,00010,"Sample palm green. Light chop on water, light incoming flow. Wind 0-5mph.",
FLAB25,FLAB,4/6/11,SAMP,MON,SA,G,,0.5,m,7,Temperature,TEMP,24.6,,,24.6,,1,,,,Degrees Celsius,1,N,A,P52286-9,,1,2,,,,,,25.0837,81.080581,FWEC,FIELD,FLD,WMD,WMD,2,BA,NO,4/7/11 11:30,28396009,4/6/11 10:35,,,00010,"Sample light green, 10-15mph NE",
FLAB25,FLAB,5/4/11,SAMP,MON,SA,G,,0.5,m,7,Temperature,TEMP,25.9,,,25.9,,1,,,,Degrees Celsius,1,N,A,P52287-9,,1,1,,,,,,25.0837,81.080581,FWEC,FIELD,FLD,WMD,WMD,2,BA,NO,5/5/11 9:36,28398009,5/4/11 10:01,,,00010,Sample pale green.  1 foot chop on water.  Winds 5-7 mph. Moderate incoming flow.,
FLAB25,FLAB,6/13/11,SAMP,MON,SA,G,,0.5,m,7,Temperature,TEMP,28.1,,,28.1,,1,,,,Degrees Celsius,1,N,A,P52281-2,,1,1,,,,,,25.0837,81.080581,FWEC,FIELD,FLD,WMD,WMD,2,BA,NO,6/14/11 10:08,28391002,6/13/11 12:57,,,00010,Sample is pale green with low suspended sollids present. Moderate incoming tide with westerly winds from 2-6 mph.,
FLAB25,FLAB,7/12/11,SAMP,MON,SA,G,,0.5,m,7,Temperature,TEMP,30.3,,,30.3,,1,,,,Degrees Celsius,1,N,A,P52282-2,,1,1,,,,,,25.0837,81.080581,FWEC,FIELD,FLD,WMD,WMD,2,BA,NO,7/13/11 13:07,28392002,,,,00010,Sample is clear with no visible suspended solids present.  Moderate to strong flow with chop up to 1.5 feet and swell up to 2 feet and winds from the southwest at 5 to 10 mph.  SECCHI ON BOTTOM,
FLAB25,FLAB,8/16/11,SAMP,MON,SA,G,,0.5,m,7,Temperature,TEMP,30.8,,,30.8,,1,,,,Degrees Celsius,1,N,A,P52283-2,,1,1,,,,,,25.0837,81.080581,FWEC,FIELD,FLD,WMD,WMD,2,BA,NO,8/17/11 10:32,28393002,8/16/11 12:42,,,00010,Sample is pale green with low suspended solids present. Strong flow with light chop up to 1.5 feet and light variable winds from southwest at 6 to 10 mph.,
FLAB25,FLAB,9/12/11,SAMP,MON,SA,G,,0.5,m,7,Temperature,TEMP,30.6,,,30.6,,1,,,,Degrees Celsius,1,N,A,P52284-2,,0,1,,,,,,25.0837,81.080581,FWEC,FIELD,FLD,WMD,WMD,2,BA,NO,9/13/11 10:18,28394002,9/12/11 12:32,,,00010,Sample is pale green with low suspended solids present. Light current with mid rising tide and chop up to 2 feet and 5 to 10 mph winds from the east southeast.,
FLAB25,FLAB,10/4/11,SAMP,MON,SA,G,,0.5,m,7,Temperature,TEMP,28.2,,,28.2,,1,,,,Degrees Celsius,1,N,A,P52285-2,,0,3,,,,,,25.0837,81.080581,WMD,FIELD,FLD,WMD,WMD,2,BA,NO,10/5/11 10:35,28395002,10/4/11 9:00,,,00010,"Overcast, wind NNE 15-20, seas 1-3",
FLAB25,FLAB,12/6/11,SAMP,MON,SA,G,,0.5,m,7,Temperature,TEMP,21.9,,,21.9,,1,,,,Degrees Celsius,1,N,A,P54071-2,,0,1,,,,,,25.0837,81.080581,WMD,FIELD,FLD,WMD,WMD,2,BA,NO,12/7/11 12:15,30610002,12/6/11 9:42,,,00010,"Clear skies,flood tide, wind E 5-10, lt chop",
FLAB25,FLAB,2/1/12,SAMP,MON,SA,G,,0.5,m,7,Temperature,TEMP,22,,,22,,1,,,,Degrees Celsius,1,N,A,P55306-1,,0,1,,,,,,25.0837,81.080581,WMD,FIELD,FLD,WMD,WMD,2,BA,NO,2/2/12 10:08,32254001,2/1/12 9:21,,,00010,"Wind NE 10-15, seas 1-2 ft, flood tide",
FLAB25,FLAB,4/11/12,SAMP,MON,SA,G,,0.5,m,7,Temperature,TEMP,25.5,,,25.5,,1,,,,Degrees Celsius,1,N,A,P55314-9,,0,2,,,,,,25.0837,81.080581,WMD,FIELD,FLD,WMD,WMD,2,BA,NO,4/12/12 10:52,32262009,4/11/12 11:22,,,00010,"Wind and seas calm, ebb tide",
FLAB25,FLAB,6/13/12,SAMP,MON,SA,G,,0.5,m,7,Temperature,TEMP,29.2,,,29.2,,1,,,,Degrees Celsius,1,N,A,P55929-1,,0,2,,,,,,25.0837,81.080581,WMD,FIELD,FLD,WMD,WMD,2,BA,NO,6/13/12 16:02,33112001,6/13/12 10:30,,,00010,Calm conditions.  No chop.  Moderate flood tide.  No wind.,
FLAB25,FLAB,8/13/12,SAMP,MON,SA,G,,0.5,m,7,Temperature,TEMP,30.6,,,30.6,,1,,,,Degrees Celsius,1,N,A,P56205-1,,0,3,,,,,,25.0837,81.080581,WMD,FIELD,FLD,WMD,WMD,2,BA,NO,8/14/12 10:15,33464001,8/13/12 11:17,,,00010,SE winds at 5-10 knots.  Light chop with 1-2 foor chop.  Flood tide.,
FLAB25,FLAB,10/11/12,SAMP,MON,SA,G,,0.5,m,7,Temperature,TEMP,29,,,29,,1,,,,Degrees Celsius,1,N,A,P56209-1,,0,2,,,,,,25.0837,81.080581,WMD,FIELD,FLD,WMD,WMD,2,BA,NO,10/11/12 15:43,33468001,10/11/12 8:45,,,00010,NE breeze. 1-2 foot chop.  Flood tide.,
FLAB25,FLAB,12/10/12,SAMP,MON,SA,G,,0.5,m,7,Temperature,TEMP,23.6,,,23.6,,1,,,,Degrees Celsius,1,N,A,P56856-1,,0,2,,,,,,25.0837,81.080581,WMD,FIELD,FLD,WMD,WMD,2,BA,NO,12/11/12 10:39,34311001,12/10/12 11:03,,,00010,Wind out of the SE 5-7kts. Light wave action.,
FLAB25,FLAB,2/5/13,SAMP,MON,SA,G,,0.5,m,7,Temperature,TEMP,20,,,20,,1,,,,Degrees Celsius,1,N,A,P61818-1,,0,1,,,,,,25.0837,81.080581,WMD,FIELD,FLD,WMD,WMD,2,BA,NO,2/6/13 9:38,39392001,2/5/13 10:43,,,00010,"Light wind out of the east, less than 5 kts. Less than 1 ft wave action.",
FLAB25,FLAB,4/18/13,SAMP,MON,SA,G,,0.5,m,7,Temperature,TEMP,27.3,,,27.3,,1,,,,Degrees Celsius,1,N,A,P61819-1,,0,4,,,,,,25.0837,81.080581,WMD,FIELD,FLD,WMD,WMD,2,PD,NO,4/18/13 15:12,39393001,4/18/13 7:54,,,00010,ESE winds 10-15 kts. Waves 1.5-2 ft at 2 second period.,
FLAB25,FLAB,6/17/13,SAMP,MON,SA,G,,0.5,m,7,Temperature,TEMP,30.5,,,30.5,,1,,,,Degrees Celsius,1,N,A,P63880-1,,0,2,,,,,,25.0837,81.080581,WMD,FIELD,FLD,WMD,WMD,2,PD,NO,6/18/13 10:47,40691001,6/17/13 10:04,,,00010,"1-2ft chop, wind southeast 10-15,",
FLAB25,FLAB,8/13/13,SAMP,MON,SA,G,,0.5,m,7,Temperature,TEMP,28.9,,,28.9,,1,,,,Degrees Celsius,1,N,A,P63881-1,,0,3,,,,,,25.0837,81.080581,WMD,FIELD,FLD,WMD,WMD,2,PD,NO,8/13/13 16:32,40692001,8/13/13 10:20,,,00010,Light chop on surface. E wind 5-10 kt. Moderate current.,
FLAB25,FLAB,10/28/13,SAMP,MON,SA,G,,0.5,m,7,Temperature,TEMP,25.4,,,25.4,,1,,,,Degrees Celsius,1,N,A,P65941-1,,0,2,,,,,,25.0837,81.080581,WMD,FIELD,FLD,WMD,WMD,2,PD,NO,10/29/13 7:37,42392001,10/28/13 10:00,,,00010,Moderate chop. E wind approx 15 kt. Moderate current.,
FLAB25,FLAB,12/11/13,SAMP,MON,SA,G,,0.5,m,7,Temperature,TEMP,25.2,,,25.2,,1,,,,Degrees Celsius,1,N,A,P68531-1,,0,2,,,,,,25.0837,81.080581,WMD,FIELD,FLD,WMD,WMD,2,PD,NO,12/11/13 16:43,44202001,12/11/13 10:24,,,00010,"Moderate chop, E wind 10-15.",
FLAB25,FLAB,2/26/14,SAMP,MON,SA,G,,0.5,m,7,Temperature,TEMP,25.5,,,25.5,,1,,,,Degrees Celsius,1,N,A,P70123-1,,0,1,,,,,,25.0837,81.080581,WMD,FIELD,FLD,WMD,WMD,2,PD,NO,2/26/14 15:34,45273001,2/26/14 8:32,,,00010,"Glassy smooth water. No noticeable wind, slight incoming tide.",
FLAB25,FLAB,4/7/14,SAMP,MON,SA,G,,0.5,m,7,Temperature,TEMP,25.2,,,25.2,,1,,,,Degrees Celsius,1,N,A,P70124-1,,0,1,,,,,,25.0837,81.080581,WMD,FIELD,FLD,WMD,WMD,2,PD,NO,4/8/14 9:44,45274001,,,,00010,"Moderate chop, 1 to 3 ft due to 15kt SE winds. Sample area contained floating vegetation.",
FLAB25,FLAB,6/9/14,SAMP,MON,SA,G,,0.5,m,7,Temperature,TEMP,29.7,,,29.7,,1,,,,Degrees Celsius,1,N,A,P71707-1,,0,2,,,,,,25.0837,81.080581,WMD,FIELD,FLD,WMD,WMD,2,PD,NO,6/10/14 10:14,46555001,6/9/14 11:12,,,10,"Wind 0-5 kts from the South, <1ft chop, incoming tide.",
FLAB25,FLAB,8/5/14,SAMP,MON,SA,G,,0.5,m,7,Temperature,TEMP,29.6,,,29.6,,1,,,,Degrees Celsius,1,N,A,P72712-1,,0,2,,,,,,25.0837,81.080581,WMD,FIELD,FLD,WMD,WMD,2,PD,NO,8/6/14 10:14,46928001,8/5/14 10:31,,,00010,"Calm conditions, SW winds less than 5 kts. Small amount of single piece turtle and manatee grasses on surface. Water is visibly cloudy, milky. Incoming tide.",
FLAB25,FLAB,10/20/14,SAMP,MON,SA,G,,0.5,m,7,Temperature,TEMP,27.1,,,27.1,,1,,,,Degrees Celsius,1,N,A,P74736-1,,0,4,,,,,,25.0837,81.080581,WMD,FIELD,FLD,WMD,WMD,2,PD,NO,10/21/14 10:29,48700001,10/20/14 10:21,,,00010,"Incoming tide, light chop",
FLAB25,FLAB,12/17/14,SAMP,MON,SA,G,,0.5,m,7,Temperature,TEMP,18.6,,,18.6,,1,,,,Degrees Celsius,1,N,A,P74738-1,,0,1,,,,,,25.0837,81.080581,WMD,FIELD,FLD,WMD,WMD,2,PD,NO,12/17/14 15:07,48702001,12/17/14 8:33,,,00010,"Incoming tide, NE wind 5-10, seas 1-2 feet. Small amount of floating vegetation pieces visible on water surface.",
FLAB25,FLAB,2/16/15,SAMP,MON,SA,G,,0.5,m,7,Temperature,TEMP,18.1,,,18.1,,1,,,,Degrees Celsius,1,N,A,P74737-1,,0,2,,,,,,25.0837,81.080581,WMD,FIELD,FLD,WMD,WMD,2,PD,NO,2/17/15 16:26,48701001,2/16/15 10:58,,,10,"Moderate chop, E wind 10-15",
FLAB25,FLAB,4/13/15,SAMP,MON,SA,G,,0.5,m,7,Temperature,TEMP,27.5,,,27.5,,1,,,,Degrees Celsius,1,N,A,P75445-1,,0,2,,,,,,25.0837,81.080581,WMD,FIELD,FLD,WMD,WMD,2,PD,NO,4/14/15 11:19,49159001,4/13/15 11:18,SFWMD-FSQM,,10,"SE wind 15-20, 2-3 ft chop with white caps",
FLAB25,FLAB,6/9/15,SAMP,MON,SA,G,,0.5,m,7,Temperature,TEMP,29.4,,,29.4,,1,,,,Degrees Celsius,1,N,A,P74739-1,,0,1,,,,,,25.0837,81.080581,WMD,FIELD,FLD,WMD,WMD,2,PD,NO,6/10/15 10:00,48703001,6/9/15 11:10,SFWMD-FSQM,,00010,,
FLAB25,FLAB,8/25/15,SAMP,MON,SA,G,,0.5,m,7,Temperature,TEMP,31.8,,,31.8,,1,,,,Degrees Celsius,1,N,A,P78245-1,,0,2,,,,,,25.0837,81.080581,WMD,FIELD,FLD,WMD,WMD,2,PD,NO,8/26/15 11:35,51480001,8/25/15 11:39,SFWMD-FSQM,,00010,"Calm seas, winds 0-5mph. High tide.",
FLAB25,FLAB,10/7/15,SAMP,MON,SA,G,,0.5,m,7,Temperature,TEMP,27.4,,,27.4,,1,,,,Degrees Celsius,1,N,A,P80870-1,,0,3,,,,,,25.0837,81.080581,WMD,FIELD,FLD,WMD,WMD,2,PD,NO,10/7/15 14:57,53692001,10/7/15 8:17,SFWMD-FSQM,,00010,"1-2 seas, light west winds, light amount of loose vegetation floating on surface. Incoming tide.",
FLAB25,FLAB,1/21/16,SAMP,MON,SA,G,,0.5,m,7,Temperature,TEMP,16.7,,,16.7,,1,,,,Degrees Celsius,1,N,A,P82416-1,,0,2,,,,,,25.0837,81.080581,WMD,FIELD,FLD,WMD,WMD,2,PD,NO,1/21/16 19:26,54965001,1/21/16 10:38,SFWMD-FSQM,,00010,"Slight chop, 1 ft or less. Winds 10-15.",
FLAB25,FLAB,2/16/16,SAMP,MON,SA,G,,0.5,m,7,Temperature,TEMP,19.3,,,19.3,,1,,,,Degrees Celsius,1,N,A,P82935-1,,0,4,,,,,,25.0837,81.080581,WMD,FIELD,FLD,WMD,WMD,2,PD,NO,2/16/16 17:41,55400001,2/16/16 11:27,SFWMD-FSQM,,00010,"Overcast, west winds 5-10kts, seas 1-2ft, sample area clear.",
FLAB25,FLAB,4/14/16,SAMP,MON,SA,G,,0.5,m,7,Temperature,TEMP,25.5,,,25.5,,1,,,,Degrees Celsius,1,N,A,P83568-1,,0,1,,,,,,25.0837,81.080581,WMD,FIELD,FLD,WMD,WMD,2,PD,NO,4/14/16 16:26,55991001,4/14/16 10:36,SFWMD-FSQM,,00010,Light winds out of the SE. Small rolling waves.,
FLAB25,FLAB,6/29/16,SAMP,MON,SA,G,,0.5,m,7,Temperature,TEMP,30.2,,,30.2,,1,,,,Degrees Celsius,1,N,A,P84316-1,,0,4,,,,,,25.0837,81.080581,WMD,FIELD,FLD,WMD,WMD,2,PD,NO,6/29/16 15:53,56588001,6/29/16 8:37,SFWMD-FSQM,,00010,"1foot chop observed, wind east 10-15, some floating vegetation on surface, sample collected clear area,",
FLAB25,FLAB,8/25/16,SAMP,MON,SA,G,,0.5,m,7,Temperature,TEMP,30.5,,,30.5,,1,,,,Degrees Celsius,1,N,A,P84638-1,,0,3,,,,,,25.0837,81.080581,WMD,FIELD,FLD,WMD,WMD,2,PD,NO,8/25/16 15:14,56878001,8/25/16 9:03,SFWMD-FSQM,,00010,"High tide, E winds 10kts, light chop, sample area clear.",
FLAB25,FLAB,10/24/16,SAMP,MON,SA,G,,0.5,m,7,Temperature,TEMP,24.6,,,24.6,,1,,,,Degrees Celsius,1,N,A,P86137-1,,0,3,,,,,,25.0837,81.080581,WMD,FIELD,FLD,WMD,WMD,2,PD,NO,10/24/16 16:01,58226001,10/24/16 9:50,SFWMD-FSQM,,10,"NE winds 15kt, moderate chop, sample area clear otherwise.",
FLAB25,FLAB,12/21/16,SAMP,MON,SA,G,,0.5,m,7,Temperature,TEMP,25.2,,,25.2,,1,,,,Degrees Celsius,1,N,A,P86766-1,,0,1,,,,,,25.0837,81.080581,WMD,FIELD,FLD,WMD,WMD,2,PD,NO,12/21/16 16:26,58611001,12/21/16 9:17,SFWMD-FSQM,,00010,"NE winds 10-15 kts, moderate chop, sample area clear.",
FLAB25,FLAB,2/20/17,SAMP,MON,SA,G,,0.5,m,7,Temperature,TEMP,23.7,,,23.7,,1,,,,Degrees Celsius,1,N,A,P87700-1,,0,2,,,,,,25.0837,81.080581,WMD,FIELD,FLD,WMD,WMD,2,PD,NO,2/20/17 16:54,59456001,2/20/17 9:43,SFWMD-FSQM,,00010,"NE winds 10-15 kts, waters moderate chop, light amount of loose sea grass on surface.",
FLAB25,FLAB,4/20/17,SAMP,MON,SA,G,,0.5,m,7,Temperature,TEMP,24.5,,,24.5,,1,,,,Degrees Celsius,1,N,A,P87830-1,,0,5,,,,,,25.0837,81.080581,WMD,FIELD,FLD,WMD,WMD,2,PD,NO,4/20/17 18:58,59588001,4/20/17 11:00,SFWMD-FSQM,,10,"Had 2-4 foot seas, moderate amount of loose sea grass floating on the surface, light rain with 15-20 knot east winds.  Sample collected by DA.",
FLAB25,FLAB,8/1/17,SAMP,MON,SA,G,,0.5,m,7,Temperature,TEMP,29.1,,,29.1,,1,,,,Degrees Celsius,1,N,A,P89179-1,,0,0,,,,,,25.0837,81.080581,WMD,FIELD,FLD,WMD,WMD,2,PD,NO,8/1/17 16:07,60830001,8/1/17 9:19,SFWMD-FSQM,,10,"Seas 2-4ft, moderate to heavy chop, heavy amount of loose sea grass and sargassum floating on surface, SW winds 10kts.",
FLAB25,FLAB,10/12/17,SAMP,MON,SA,G,,0.5,m,7,Temperature,TEMP,28,,,28,,1,,,,Degrees Celsius,1,N,A,P88721-1,,0,0,,,,,,25.0837,81.080581,WMD,FIELD,FLD,WMD,WMD,2,PD,NO,10/12/17 19:00,60388001,10/12/17 13:10,SFWMD-FSQM,,00010,,
FLAB25,FLAB,12/13/17,SAMP,MON,SA,G,,0.5,m,7,Temperature,TEMP,18.9,,,18.9,,1,,,,Degrees Celsius,1,N,A,P91159-1,,0,0,,,,,,25.0837,81.080581,WMD,FIELD,FLD,WMD,WMD,2,PD,NO,12/13/17 16:37,62572001,12/13/17 9:33,SFWMD-FSQM,,00010,2-4 ft seas. Murky brown water.,
FLAB25,FLAB,2/28/18,SAMP,MON,SA,G,,0.5,m,7,Temperature,TEMP,26.1,,,26.1,,1,,,,Degrees Celsius,1,N,A,P92112-1,,0,0,,,,,,25.0837,81.080581,WMD,FIELD,FLD,WMD,WMD,2,PD,NO,3/1/18 6:58,63445001,2/28/18 9:49,SFWMD-FSQM,,10,Moderate chop. Cloudy water.,
FLAB25,FLAB,4/10/18,SAMP,MON,SA,G,,0.5,m,7,Temperature,TEMP,28.2,,,28.2,,1,,,,Degrees Celsius,1,N,A,P92872-1,,0,0,,,,,,25.0837,81.080581,WMD,FIELD,FLD,WMD,WMD,2,PD,NO,4/11/18 6:42,64061001,4/10/18 10:01,SFWMD-FSQM,,00010,1- ft seas. Green water. Light dead floating vegetation in area. Avoided during collection,
FLAB25,FLAB,6/7/18,SAMP,MON,SA,G,,0.5,m,7,Temperature,TEMP,29.6,,,29.6,,1,,,,Degrees Celsius,1,N,A,P93694-1,,0,0,,,,,,25.0837,81.080581,WMD,FIELD,FLD,WMD,WMD,2,PD,NO,6/7/18 16:24,64892001,6/7/18 9:07,SFWMD-FSQM,,00010,,
FLAB25,FLAB,8/6/18,SAMP,MON,SA,G,,0.5,m,7,Temperature,TEMP,29.7,,,29.7,,1,,,,Degrees Celsius,1,N,A,P94931-1,,0,0,,,,,,25.0837,81.080581,WMD,FIELD,FLD,WMD,WMD,2,PD,NO,8/6/18 16:31,65964001,8/6/18 9:08,SFWMD-FSQM,,00010,Light chop.,
FLAB25,FLAB,10/3/18,SAMP,MON,SA,G,,0.5,m,7,Temperature,TEMP,28.5,,,28.5,,1,,,,Degrees Celsius,1,N,A,P95251-1,,0,0,,,,,,25.0837,81.080581,WMD,FIELD,FLD,WMD,WMD,2,PD,NO,10/3/18 16:28,66264001,10/3/18 9:05,SFWMD-FSQM,,10,suspended solids in water column,
FLAB25,FLAB,12/17/18,SAMP,MON,SA,G,,0.5,m,7,Temperature,TEMP,21.1,,,21.1,,1,,,,Degrees Celsius,1,N,A,P96720-1,,0,0,,,,,,25.0837,81.080581,WMD,FIELD,FLD,WMD,WMD,2,BA,NO,12/18/18 8:19,67436001,12/17/18 10:13,SFWMD-FSQM,,00010,Moderately choppy in water column.,
FLAB25,FLAB,2/26/19,SAMP,MON,SA,G,,0.5,m,7,Temperature,TEMP,25.6,,,25.6,,1,,,,Degrees Celsius,1,N,A,P102448-2,,0,0,,,,,,25.0837,81.080581,WMD,FIELD,FLD,WMD,WMD,2,BA,NO,2/27/19 8:00,69631002,2/26/19 9:02,SFWMD-FSQM,,10,,
FLAB25,FLAB,4/15/19,SAMP,MON,SA,G,,0.5,m,7,Temperature,TEMP,27.7,,,27.7,,1,,,,Degrees Celsius,1,N,A,P103834-2,,0,0,,,,,,25.0837,81.080581,WMD,FIELD,FLD,WMD,WMD,2,BA,NO,4/15/19 17:17,70212002,4/15/19 9:51,SFWMD-FSQM,,00010,,
FLAB25,FLAB,6/11/19,SAMP,MON,SA,G,,0.5,m,7,Temperature,TEMP,30.4,,,30.4,,1,,,,Degrees Celsius,1,N,A,P106284-2,,0,0,,,,,,25.0837,81.080581,WMD,FIELD,FLD,WMD,WMD,2,BA,NO,6/11/19 16:05,71256002,6/11/19 9:18,SFWMD-FSQM,,00010,,
FLAB25,FLAB,8/8/19,SAMP,MON,SA,G,,0.5,m,7,Temperature,TEMP,30.8,,,30.8,,1,,,,Degrees Celsius,1,N,A,P109207-2,,0,0,,,,,,25.0837,81.080581,WMD,FIELD,FLD,WMD,WMD,2,BA,NO,8/9/19 8:38,72380002,8/8/19 9:24,SFWMD-FSQM,,00010,"Heavy suspended solids visible in top layer of water column, but not present in sample.",
FLAB25,FLAB,10/8/19,SAMP,MON,SA,G,,0.5,m,7,Temperature,TEMP,27.5,,,27.5,,1,,,,Degrees Celsius,1,N,A,P109898-2,,0,0,,,,,,25.0837,81.080581,WMD,FIELD,FLD,WMD,WMD,2,BA,NO,10/8/19 16:32,72718002,10/8/19 9:22,SFWMD-FSQM,,10,,
FLAB25,FLAB,12/5/19,SAMP,MON,SA,G,,0.5,m,7,Temperature,TEMP,22,,,22,,1,,,,Degrees Celsius,1,N,A,P110697-2,,0,0,,,,,,25.0837,81.080581,WMD,FIELD,FLD,WMD,WMD,2,BA,NO,12/6/19 9:11,73095002,12/5/19 9:36,SFWMD-FSQM,,00010,,
FLAB25,FLAB,2/3/20,SAMP,MON,SA,G,,0.5,m,7,Temperature,TEMP,19.2,,,19.2,,1,,,,Degrees Celsius,1,N,A,P110713-2,,0,0,,,,,,25.0837,81.080581,WMD,FIELD,FLD,WMD,WMD,2,BA,NO,2/4/20 7:43,73108002,2/3/20 9:53,SFWMD-FSQM,,10,,
FLAB25,FLAB,4/1/20,SAMP,MON,SA,G,,0.5,m,7,Temperature,TEMP,26.9,,,26.9,,1,,,,Degrees Celsius,1,N,A,P110719-2,,0,0,,,,,,25.0837,81.080581,WMD,FIELD,FLD,WMD,WMD,2,BA,NO,4/1/20 16:12,73114002,4/1/20 9:24,SFWMD-FSQM,,00010,Murky brown water.,
FLAB25,FLAB,6/1/20,SAMP,MON,SA,G,,0.5,m,7,Temperature,TEMP,30,,,30,,1,,,,Degrees Celsius,1,N,A,P111041-2,,0,0,,,,,,25.0837,81.080581,WMD,FIELD,FLD,WMD,WMD,2,BA,NO,6/1/20 16:40,73264002,6/1/20 9:42,SFWMD-FSQM,,00010,,
FLAB25,FLAB,8/13/20,SAMP,MON,SA,G,,0.5,m,7,Temperature,TEMP,31.3,,,31.3,,1,,,,Degrees Celsius,1,N,A,P111104-2,,0,0,,,,,,25.0837,81.080581,WMD,FIELD,FLD,WMD,WMD,2,BA,NO,8/14/20 8:30,73302002,8/13/20 9:53,SFWMD-FSQM,,00010,,
FLAB25,FLAB,10/12/20,SAMP,MON,SA,G,,0.5,m,7,Temperature,TEMP,29.5,,,29.5,,1,,,,Degrees Celsius,1,N,A,P118766-2,,0,0,,,,,,25.0837,81.080581,WMD,FIELD,FLD,WMD,WMD,2,BA,NO,10/13/20 8:46,76829002,10/12/20 10:24,SFWMD-FSQM,,00010,Vegetative debris present in sampling area.,
FLAB25,FLAB,12/9/20,SAMP,MON,SA,G,,0.5,m,7,Temperature,TEMP,19.1,,,19.1,,1,,,,Degrees Celsius,1,N,A,P120347-2,,0,0,,,,,,25.0837,81.080581,WMD,FIELD,FLD,WMD,WMD,2,BA,NO,12/10/20 8:58,77553002,12/9/20 9:46,SFWMD-FSQM,,00010,"Sample area clear, but water was very rough.  Light solids in sample.  Sample collected by CL.",
FLAB25,FLAB,1/7/21,SAMP,MON,SA,G,,0.5,m,7,Temperature,TEMP,20.3,,,20.3,,1,,,,Degrees Celsius,1,N,A,P121638-2,,0,0,,,,,,25.0837,81.080581,WMD,FIELD,FLD,WMD,WMD,2,BA,NO,1/7/21 15:42,78139002,1/7/21 9:06,SFWMD-FSQM,,00010,Secchi on bottom,
FLAB25,FLAB,3/17/21,SAMP,MON,SA,G,,0.5,m,7,Temperature,TEMP,24.4,,,24.4,,1,,,,Degrees Celsius,1,N,A,P122507-2,,0,0,,,,,,25.0837,81.080581,WMD,FIELD,FLD,WMD,WMD,2,BA,NO,3/18/21 7:15,78496002,3/17/21 10:07,SFWMD-FSQM,,00010,,
FLAB25,FLAB,5/24/21,SAMP,MON,SA,G,,0.5,m,7,Temperature,TEMP,24.9,,,24.9,,1,,,,Degrees Celsius,1,N,A,P122517-2,,0,0,,,,,,25.0837,81.080581,WMD,FIELD,FLD,WMD,WMD,2,BA,NO,5/24/21 15:47,78500002,5/24/21 9:09,SFWMD-FSQM,,00010,,
FLAB25,FLAB,7/1/21,SAMP,MON,SA,G,,0.5,m,7,Temperature,TEMP,27.9,J,yes,27.9,,1,,,,Degrees Celsius,1,N,A,P123928-2,,0,0,,,,,,25.0837,81.080581,WMD,FIELD,FLD,WMD,WMD,2,BA,NO,7/2/21 8:46,79168002,7/1/21 9:49,SFWMD-FSQM,,00010,,Improper laboratory or field protocol; Measure time is after the collection time of the next station
FLAB25,FLAB,10/13/21,SAMP,MON,SA,G,,0.5,m,7,Temperature,TEMP,28.9,,,28.9,,1,,,,Degrees Celsius,1,N,A,P125715-2,,0,0,,,,,,25.0837,81.080581,WMD,FIELD,FLD,WMD,WMD,2,BA,NO,10/13/21 15:07,79972002,10/13/21 8:44,SFWMD-FSM,,00010,,
FLAB25,FLAB,12/27/21,SAMP,MON,SA,G,,0.5,m,7,Temperature,TEMP,22.7,,,22.7,,1,,,,Degrees Celsius,1,N,A,P128145-2,,0,0,,,,,,25.0837,81.080581,WMD,FIELD,FLD,WMD,WMD,2,BA,NO,12/28/21 8:06,81128002,12/27/21 9:43,SFWMD-FSM,,00010,Sampling area clear of debris.,
FLAB25,FLAB,2/8/22,SAMP,MON,SA,G,,0.5,m,7,Temperature,TEMP,21.1,,,21.1,,1,,,,Degrees Celsius,1,N,A,P129938-2,,0,0,,,,,,25.0837,81.080581,WMD,FIELD,FLD,WMD,WMD,2,BA,NO,2/9/22 8:51,81841002,2/8/22 9:28,SFWMD-FSM,,00010,,
FLAB25,FLAB,4/7/22,SAMP,MON,SA,G,,0.5,m,7,Temperature,TEMP,27.9,,,27.9,,1,,,,Degrees Celsius,1,N,A,P132794-2,,0,0,,,,,,25.0837,81.080581,WMD,FIELD,FLD,WMD,WMD,2,BA,NO,4/8/22 8:13,83110002,4/7/22 9:56,SFWMD-FSM,,00010,,
FLAB25,FLAB,6/22/22,SAMP,MON,SA,G,,0.5,m,7,Temperature,TEMP,29.5,,,29.5,,1,,,,Degrees Celsius,1,N,A,P134124-2,,0,0,,,,,,25.0837,81.080581,WMD,FIELD,FLD,WMD,WMD,2,BA,NO,6/23/22 9:09,83718002,6/22/22 10:55,SFWMD-FSM,,00010,,
FLAB25,FLAB,10/20/22,SAMP,MON,SA,G,,0.5,m,7,Temperature,TEMP,25.5,,,25.5,,1,,,,Degrees Celsius,1,N,A,P136495-2,,0,0,,,,,,25.0837,81.080581,WMD,FIELD,FLD,WMD,WMD,2,BA,NO,10/21/22 8:50,84867002,10/20/22 10:42,SFWMD-FSM,,00010,"Water in sampling area appears cloudy, visible detritus in water column.",
FLAB25,FLAB,12/19/22,SAMP,MON,SA,G,,0.5,m,7,Temperature,TEMP,23.6,,,23.6,,1,,,,Degrees Celsius,1,N,A,P138520-2,,0,0,,,,,,25.0837,81.080581,WMD,FIELD,FLD,WMD,WMD,2,BA,NO,12/20/22 8:22,85841002,12/19/22 10:48,SFWMD-FSM,,00010,,
FLAB25,FLAB,1/30/23,SAMP,MON,SA,G,,0.5,m,7,Temperature,TEMP,22.3,,,22.3,,1,,,,Degrees Celsius,1,N,A,P139468-2,,0,0,,,,,,25.0837,81.080581,WMD,FIELD,FLD,WMD,WMD,2,BA,NO,1/31/23 8:28,86300002,1/30/23 11:12,SFWMD-FSM,,00010,,
FLAB25,FLAB,3/14/23,SAMP,MON,SA,G,,0.5,m,7,Temperature,TEMP,25.7,,,25.7,,1,,,,Degrees Celsius,1,N,A,P141269-2,,0,0,,,,,,25.0837,81.080581,WMD,FIELD,FLD,WMD,WMD,2,BA,NO,3/15/23 8:13,87043002,3/14/23 9:56,SFWMD-FSM,,00010,,
FLAB25,FLAB,9/27/23,SAMP,MON,SA,G,,0.5,m,7,Temperature,TEMP,29,,,29,,1,,,,Degrees Celsius,1,N,A,P146063-2,,0,0,,,,,,25.0837,81.080581,WMD,FIELD,FLD,WMD,WMD,2,BA,NO,9/28/23 7:51,89093002,9/27/23 9:10,SFWMD-FSM,,00010,,
FLAB25,FLAB,11/13/23,SAMP,MON,SA,G,,0.5,m,7,Temperature,TEMP,26.8,,,26.8,,1,,,,Degrees Celsius,1,N,A,P146064-2,,0,0,,,,,,25.0837,81.080581,WMD,FIELD,FLD,WMD,WMD,2,BA,NO,11/14/23 8:28,89094002,11/13/23 10:41,SFWMD-FSM,,00010,,
FLAB25,FLAB,1/8/24,SAMP,MON,SA,G,,0.5,m,7,Temperature,TEMP,20.2,,,20.2,,1,,,,Degrees Celsius,1,N,A,P148342-2,,0,0,,,,,,25.0837,81.080581,WMD,FIELD,FLD,WMD,WMD,2,BA,NO,1/9/24 7:59,90199002,1/8/24 10:40,SFWMD-FSM,,00010,,
FLAB25,FLAB,3/4/24,SAMP,MON,SA,G,,0.5,m,7,Temperature,TEMP,24.2,,,24.2,,1,,,,Degrees Celsius,1,N,A,P149299-2,,0,0,,,,,,25.0837,81.080581,WMD,FIELD,FLD,WMD,WMD,2,BA,NO,3/5/24 7:49,90665002,3/4/24 10:15,SFWMD-FSM,,10,,
FLAB25,FLAB,5/13/24,SAMP,MON,SA,G,,0.5,m,7,Temperature,TEMP,29,,,29,,1,,,,Degrees Celsius,1,N,A,P150708-2,,0,0,,,,,,25.0837,81.080581,WMD,FIELD,FLD,WMD,WMD,2,BA,NO,5/14/24 8:01,91357002,5/13/24 9:43,SFWMD-FSM,,00010,,
FLAB25,FLAB,7/15/24,SAMP,MON,SA,G,,0.5,m,7,Temperature,TEMP,30.2,,,30.2,,1,,,,Degrees Celsius,1,N,A,P152189-2,,0,0,,,,,,25.0837,81.080581,WMD,FIELD,FLD,WMD,WMD,2,BA,NO,7/16/24 8:15,92109002,7/15/24 9:41,SFWMD-FSM,,10,,
FLAB25,FLAB,9/12/24,SAMP,MON,SA,G,,0.5,m,7,Temperature,TEMP,31.3,,,31.3,,1,,,,Degrees Celsius,1,N,A,P153175-2,,0,0,,,,,,25.0837,81.080581,WMD,FIELD,FLD,WMD,WMD,2,BA,NO,9/13/24 8:11,92600002,9/12/24 10:17,SFWMD-FSM,,00010,,
FLAB25,FLAB,12/9/24,SAMP,MON,SA,G,,0.5,m,7,Temperature,TEMP,19.7,,,19.7,,1,,,,Degrees Celsius,1,N,A,P154028-2,,0,0,,,,,,25.0837,81.080581,WMD,FIELD,FLD,WMD,WMD,2,BA,NO,12/10/24 8:14,93033002,12/9/24 9:55,SFWMD-FSM,,00010,,
FLAB25,FLAB,2/5/25,SAMP,MON,SA,G,,0.5,m,7,Temperature,TEMP,23.1,,,23.1,,1,,,,Degrees Celsius,1,N,A,P155969-2,,0,0,,,,,,25.0837,81.080581,WMD,FIELD,FLD,WMD,WMD,2,BA,NO,2/6/25 8:46,93978002,2/5/25 9:35,SFWMD-FSM,,00010,,
FLAB25,FLAB,6/18/25,SAMP,MON,SA,G,,0.5,m,7,Temperature,TEMP,29.4,,,29.4,,1,,,,Degrees Celsius,1,N,A,P158028-2,,0,0,,,,,,25.0837,81.080581,WMD,FIELD,FLD,WMD,WMD,2,BA,NO,6/19/25 8:34,95008002,6/18/25 9:38,SFWMD-FSM,,00010,,
FLAB25,FLAB,8/18/25,SAMP,MON,SA,G,,0.5,m,7,Temperature,TEMP,32,,,32,,1,,,,Deg C,,N,P,P159659-2,,0,0,,,3.7,,,25.0837,-81.080581,,FIELD,WMD,,,,BA,,8/19/25 8:35,95824002,8/18/25 9:35,SFWMD-FSM,,00010,,
FLAB25,FLAB,10/1/25,SAMP,MON,SA,G,,0.5,m,7,Temperature,TEMP,29.6,,,29.6,,1,,,,Deg C,,N,P,P161306-2,,0,0,,,3.4,,,25.0837,-81.080581,,FIELD,WMD,,,,BA,,10/2/25 8:34,96647002,10/1/25 10:35,SFWMD-FSM,,00010,"stringy, slimy substance throughout water column",
FLAB25,FLAB,7/15/92,SAMP,MON,SA,G,,0,,8,DISSOLVED OXYGEN,DO,5.7,,,5.7,,,,,,mg/L,2,N,A,FIU17602,,0,0,,,,,,25.0837,81.080581,,,FIU,FIU,,,,,,,,,,,,
FLAB25,FLAB,8/15/92,SAMP,MON,SA,G,,0,,8,DISSOLVED OXYGEN,DO,8.6,,,8.6,,,,,,mg/L,2,N,A,FIU17604,,0,0,,,,,,25.0837,81.080581,,,FIU,FIU,,,,,,,,,,,,
FLAB25,FLAB,9/15/92,SAMP,MON,SA,G,,0,,8,DISSOLVED OXYGEN,DO,5.4,,,5.4,,,,,,mg/L,2,N,A,FIU17607,,0,0,,,,,,25.0837,81.080581,,,FIU,FIU,,,,,,,,,,,,
FLAB25,FLAB,10/15/92,SAMP,MON,SA,G,,0,,8,DISSOLVED OXYGEN,DO,6.4,,,6.4,,,,,,mg/L,2,N,A,FIU17609,,0,0,,,,,,25.0837,81.080581,,,FIU,FIU,,,,,,,,,,,,
FLAB25,FLAB,11/15/92,SAMP,MON,SA,G,,0,,8,DISSOLVED OXYGEN,DO,6.3,,,6.3,,,,,,mg/L,2,N,A,FIU17611,,0,0,,,,,,25.0837,81.080581,,,FIU,FIU,,,,,,,,,,,,
FLAB25,FLAB,12/15/92,SAMP,MON,SA,G,,0,,8,DISSOLVED OXYGEN,DO,7.9,,,7.9,,,,,,mg/L,2,N,A,FIU17613,,0,0,,,,,,25.0837,81.080581,,,FIU,FIU,,,,,,,,,,,,
FLAB25,FLAB,1/21/93,SAMP,MON,SA,G,,0,,8,DISSOLVED OXYGEN,DO,99,NOB,NOB,-99,,,,,,mg/L,2,Y,A,FIU17614,,0,0,,,,,,25.0837,81.080581,,,FIU,FIU,,,,CA,,,,,,,,
FLAB25,FLAB,2/10/93,SAMP,MON,SA,G,,0,,8,DISSOLVED OXYGEN,DO,6.8,,,6.8,,,,,,mg/L,2,N,A,FIU17615,,0,0,,,,,,25.0837,81.080581,,,FIU,FIU,,,,,,,,,,,,
FLAB25,FLAB,3/10/93,SAMP,MON,SA,G,,0,,8,DISSOLVED OXYGEN,DO,6,,,6,,,,,,mg/L,2,N,A,FIU17616,,0,0,,,,,,25.0837,81.080581,,,FIU,FIU,,,,,,,,,,,,
FLAB25,FLAB,4/7/93,SAMP,MON,SA,G,,0,,8,DISSOLVED OXYGEN,DO,6.1,,,6.1,,,,,,mg/L,2,N,A,FIU17617,,0,0,,,,,,25.0837,81.080581,,,FIU,FIU,,,,,,,,,,,,
FLAB25,FLAB,5/12/93,SAMP,MON,SA,G,,0,,8,DISSOLVED OXYGEN,DO,6.5,,,6.5,,,,,,mg/L,2,N,A,FIU17618,,0,0,,,,,,25.0837,81.080581,,,FIU,FIU,,,,,,,,,,,,
FLAB25,FLAB,6/3/93,SAMP,MON,SA,G,,0,,8,DISSOLVED OXYGEN,DO,6.1,,,6.1,,,,,,mg/L,2,N,A,FIU17619,,0,0,,,,,,25.0837,81.080581,,,FIU,FIU,,,,,,,,,,,,
FLAB25,FLAB,7/7/93,SAMP,MON,SA,G,,0,,8,DISSOLVED OXYGEN,DO,6,,,6,,,,,,mg/L,2,N,A,FIU17620,,0,0,,,,,,25.0837,81.080581,,,FIU,FIU,,,,,,,,,,,,
FLAB25,FLAB,8/4/93,SAMP,MON,SA,G,,0,,8,DISSOLVED OXYGEN,DO,4.3,,,4.3,,,,,,mg/L,2,N,A,FIU17621,,0,0,,,,,,25.0837,81.080581,,,FIU,FIU,,,,,,,,,,,,
FLAB25,FLAB,9/9/93,SAMP,MON,SA,G,,0,,8,DISSOLVED OXYGEN,DO,5,,,5,,,,,,mg/L,2,N,A,FIU17622,,0,0,,,,,,25.0837,81.080581,,,FIU,FIU,,,,,,,,,,,,
FLAB25,FLAB,10/6/93,SAMP,MON,SA,G,,0,,8,DISSOLVED OXYGEN,DO,5.2,,,5.2,,,,,,mg/L,2,N,A,FIU17623,,0,0,,,,,,25.0837,81.080581,,,FIU,FIU,,,,,,,,,,,,
FLAB25,FLAB,11/3/93,SAMP,MON,SA,G,,0,,8,DISSOLVED OXYGEN,DO,6.8,,,6.8,,,,,,mg/L,2,N,A,FIU17624,,0,0,,,,,,25.0837,81.080581,,,FIU,FIU,,,,,,,,,,,,
FLAB25,FLAB,12/2/93,SAMP,MON,SA,G,,0,,8,DISSOLVED OXYGEN,DO,6.5,,,6.5,,,,,,mg/L,2,N,A,FIU17625,,0,0,,,,,,25.0837,81.080581,,,FIU,FIU,,,,,,,,,,,,
FLAB25,FLAB,1/11/94,SAMP,MON,SA,G,,0,,8,DISSOLVED OXYGEN,DO,7.2,,,7.2,,,,,,mg/L,2,N,A,FIU17626,,0,0,,,,,,25.0837,81.080581,,,FIU,FIU,,,,,,,,,,,,
FLAB25,FLAB,2/2/94,SAMP,MON,SA,G,,0,,8,DISSOLVED OXYGEN,DO,7,,,7,,,,,,mg/L,2,N,A,FIU17627,,0,0,,,,,,25.0837,81.080581,,,FIU,FIU,,,,,,,,,,,,
FLAB25,FLAB,3/8/94,SAMP,MON,SA,G,,0,,8,DISSOLVED OXYGEN,DO,6.8,,,6.8,,,,,,mg/L,2,N,A,FIU17628,,0,0,,,,,,25.0837,81.080581,,,FIU,FIU,,,,,,,,,,,,
FLAB25,FLAB,4/6/94,SAMP,MON,SA,G,,3.4,,8,DISSOLVED OXYGEN,DO,6.4,D,,6.4,,,,,,mg/L,2,N,A,FIU17630,,0,0,,,,,,25.0837,81.080581,,,FIU,FIU,,,,,,,,,,,,
FLAB25,FLAB,4/6/94,SAMP,MON,SA,G,,0,,8,DISSOLVED OXYGEN,DO,6.3,D,,6.3,,,,,,mg/L,2,N,A,FIU17629,,0,0,,,,,,25.0837,81.080581,,,FIU,FIU,,,,,,,,,,,,
FLAB25,FLAB,5/4/94,SAMP,MON,SA,G,,0,,8,DISSOLVED OXYGEN,DO,5.4,D,,5.4,,,,,,mg/L,2,N,A,FIU17631,,0,0,,,,,,25.0837,81.080581,,,FIU,FIU,,,,,,,,,,,,
FLAB25,FLAB,5/4/94,SAMP,MON,SA,G,,3.4,,8,DISSOLVED OXYGEN,DO,5.5,D,,5.5,,,,,,mg/L,2,N,A,FIU17632,,0,0,,,,,,25.0837,81.080581,,,FIU,FIU,,,,,,,,,,,,
FLAB25,FLAB,6/8/94,SAMP,MON,SA,G,,0,,8,DISSOLVED OXYGEN,DO,6,D,,6,,,,,,mg/L,2,N,A,FIU17633,,0,0,,,,,,25.0837,81.080581,,,FIU,FIU,,,,,,,,,,,,
FLAB25,FLAB,6/8/94,SAMP,MON,SA,G,,3.4,,8,DISSOLVED OXYGEN,DO,6.1,D,,6.1,,,,,,mg/L,2,N,A,FIU17634,,0,0,,,,,,25.0837,81.080581,,,FIU,FIU,,,,,,,,,,,,
FLAB25,FLAB,7/7/94,SAMP,MON,SA,G,,3.4,,8,DISSOLVED OXYGEN,DO,5.1,D,,5.1,,,,,,mg/L,2,N,A,FIU17636,,0,0,,,,,,25.0837,81.080581,,,FIU,FIU,,,,,,,,,,,,
FLAB25,FLAB,7/7/94,SAMP,MON,SA,G,,0,,8,DISSOLVED OXYGEN,DO,5.3,D,,5.3,,,,,,mg/L,2,N,A,FIU17635,,0,0,,,,,,25.0837,81.080581,,,FIU,FIU,,,,,,,,,,,,
FLAB25,FLAB,8/4/94,SAMP,MON,SA,G,,0,,8,DISSOLVED OXYGEN,DO,5.6,D,,5.6,,,,,,mg/L,2,N,A,FIU17637,,0,0,,,,,,25.0837,81.080581,,,FIU,FIU,,,,,,,,,,,,
FLAB25,FLAB,8/4/94,SAMP,MON,SA,G,,3.6,,8,DISSOLVED OXYGEN,DO,5.5,D,,5.5,,,,,,mg/L,2,N,A,FIU17638,,0,0,,,,,,25.0837,81.080581,,,FIU,FIU,,,,,,,,,,,,
FLAB25,FLAB,9/14/94,SAMP,MON,SA,G,,3.6,,8,DISSOLVED OXYGEN,DO,5.6,D,,5.6,,,,,,mg/L,2,N,A,FIU17640,,0,0,,,,,,25.0837,81.080581,,,FIU,FIU,,,,,,,,,,,,
FLAB25,FLAB,9/14/94,SAMP,MON,SA,G,,0,,8,DISSOLVED OXYGEN,DO,5.7,D,,5.7,,,,,,mg/L,2,N,A,FIU17639,,0,0,,,,,,25.0837,81.080581,,,FIU,FIU,,,,,,,,,,,,
FLAB25,FLAB,10/5/94,SAMP,MON,SA,G,,3.6,,8,DISSOLVED OXYGEN,DO,5.7,D,,5.7,,,,,,mg/L,2,N,A,FIU17642,,0,0,,,,,,25.0837,81.080581,,,FIU,FIU,,,,,,,,,,,,
FLAB25,FLAB,10/5/94,SAMP,MON,SA,G,,0,,8,DISSOLVED OXYGEN,DO,5.8,D,,5.8,,,,,,mg/L,2,N,A,FIU17641,,0,0,,,,,,25.0837,81.080581,,,FIU,FIU,,,,,,,,,,,,
FLAB25,FLAB,11/2/94,SAMP,MON,SA,G,,0,,8,DISSOLVED OXYGEN,DO,5.8,D,,5.8,,,,,,mg/L,2,N,A,FIU17643,,0,0,,,,,,25.0837,81.080581,,,FIU,FIU,,,,,,,,,,,,
FLAB25,FLAB,11/2/94,SAMP,MON,SA,G,,3.6,,8,DISSOLVED OXYGEN,DO,5.8,D,,5.8,,,,,,mg/L,2,N,A,FIU17644,,0,0,,,,,,25.0837,81.080581,,,FIU,FIU,,,,,,,,,,,,
FLAB25,FLAB,11/22/94,SAMP,MON,SA,G,,0,,8,DISSOLVED OXYGEN,DO,6.3,D,,6.3,,,,,,mg/L,2,N,A,FIU17645,,0,0,,,,,,25.0837,81.080581,,,FIU,FIU,,,,,,,,,,,,
FLAB25,FLAB,11/22/94,SAMP,MON,SA,G,,3.6,,8,DISSOLVED OXYGEN,DO,6.3,D,,6.3,,,,,,mg/L,2,N,A,FIU17646,,0,0,,,,,,25.0837,81.080581,,,FIU,FIU,,,,,,,,,,,,
FLAB25,FLAB,12/1/94,SAMP,MON,SA,G,,0,,8,DISSOLVED OXYGEN,DO,6.2,D,,6.2,,,,,,mg/L,2,N,A,FIU17647,,0,0,,,,,,25.0837,81.080581,,,FIU,FIU,,,,,,,,,,,,
FLAB25,FLAB,12/1/94,SAMP,MON,SA,G,,3.6,,8,DISSOLVED OXYGEN,DO,6.1,D,,6.1,,,,,,mg/L,2,N,A,FIU17648,,0,0,,,,,,25.0837,81.080581,,,FIU,FIU,,,,,,,,,,,,
FLAB25,FLAB,1/5/95,SAMP,MON,SA,G,,3.6,,8,DISSOLVED OXYGEN,DO,6.9,,,6.9,,,,,,mg/L,2,N,A,FIU17650,,0,0,,,,,,25.0837,81.080581,,,FIU,FIU,,,,,,,,,,,,
FLAB25,FLAB,1/5/95,SAMP,MON,SA,G,,0,,8,DISSOLVED OXYGEN,DO,7,,,7,,,,,,mg/L,2,N,A,FIU17649,,0,0,,,,,,25.0837,81.080581,,,FIU,FIU,,,,,,,,,,,,
FLAB25,FLAB,2/2/95,SAMP,MON,SA,G,,0,,8,DISSOLVED OXYGEN,DO,7.5,D,,7.5,,,,,,mg/L,2,N,A,FIU17651,,0,0,,,,,,25.0837,81.080581,,,FIU,FIU,,,,,,,,,,,,
FLAB25,FLAB,2/2/95,SAMP,MON,SA,G,,3.6,,8,DISSOLVED OXYGEN,DO,7.6,D,,7.6,,,,,,mg/L,2,N,A,FIU17652,,0,0,,,,,,25.0837,81.080581,,,FIU,FIU,,,,,,,,,,,,
FLAB25,FLAB,3/1/95,SAMP,MON,SA,G,,0,,8,DISSOLVED OXYGEN,DO,6.7,D,,6.7,,,,,,mg/L,2,N,A,FIU17653,,0,0,,,,,,25.0837,81.080581,,,FIU,FIU,,,,,,,,,,,,
FLAB25,FLAB,3/1/95,SAMP,MON,SA,G,,3.6,,8,DISSOLVED OXYGEN,DO,6.7,D,,6.7,,,,,,mg/L,2,N,A,FIU17654,,0,0,,,,,,25.0837,81.080581,,,FIU,FIU,,,,,,,,,,,,
FLAB25,FLAB,4/19/95,SAMP,MON,SA,G,,3.6,,8,DISSOLVED OXYGEN,DO,6.4,D,,6.4,,,,,,mg/L,2,N,A,FIU17656,,0,0,,,,,,25.0837,81.080581,,,FIU,FIU,,,,,,,,,,,,
FLAB25,FLAB,4/19/95,SAMP,MON,SA,G,,0,,8,DISSOLVED OXYGEN,DO,6.4,D,,6.4,,,,,,mg/L,2,N,A,FIU17655,,0,0,,,,,,25.0837,81.080581,,,FIU,FIU,,,,,,,,,,,,
FLAB25,FLAB,5/24/95,SAMP,MON,SA,G,,0,,8,DISSOLVED OXYGEN,DO,6.1,D,,6.1,,,,,,mg/L,2,N,A,FIU17657,,0,0,,,,,,25.0837,81.080581,,,FIU,FIU,,,,,,,,,,,,
FLAB25,FLAB,5/24/95,SAMP,MON,SA,G,,3.6,,8,DISSOLVED OXYGEN,DO,6,D,,6,,,,,,mg/L,2,N,A,FIU17658,,0,0,,,,,,25.0837,81.080581,,,FIU,FIU,,,,,,,,,,,,
FLAB25,FLAB,6/21/95,SAMP,MON,SA,G,,3.6,,8,DISSOLVED OXYGEN,DO,3.2,D,,3.2,,,,,,mg/L,2,N,A,FIU17660,,0,0,,,,,,25.0837,81.080581,,,FIU,FIU,,,,,,,,,,,,
FLAB25,FLAB,6/21/95,SAMP,MON,SA,G,,0,,8,DISSOLVED OXYGEN,DO,3.3,D,,3.3,,,,,,mg/L,2,N,A,FIU17659,,0,0,,,,,,25.0837,81.080581,,,FIU,FIU,,,,,,,,,,,,
FLAB25,FLAB,7/12/95,SAMP,MON,SA,G,,3.6,,8,DISSOLVED OXYGEN,DO,6,D,,6,,,,,,mg/L,2,N,A,FIU17662,,0,0,,,,,,25.0837,81.080581,,,FIU,FIU,,,,,,,,,,,,
FLAB25,FLAB,7/12/95,SAMP,MON,SA,G,,0,,8,DISSOLVED OXYGEN,DO,6.1,D,,6.1,,,,,,mg/L,2,N,A,FIU17661,,0,0,,,,,,25.0837,81.080581,,,FIU,FIU,,,,,,,,,,,,
FLAB25,FLAB,8/11/95,SAMP,MON,SA,G,,0,,8,DISSOLVED OXYGEN,DO,5.3,D,,5.3,,,,,,mg/L,2,N,A,FIU17663,,0,0,,,,,,25.0837,81.080581,,,FIU,FIU,,,,,,,,,,,,
FLAB25,FLAB,8/11/95,SAMP,MON,SA,G,,3.6,,8,DISSOLVED OXYGEN,DO,5.4,D,,5.4,,,,,,mg/L,2,N,A,FIU17664,,0,0,,,,,,25.0837,81.080581,,,FIU,FIU,,,,,,,,,,,,
FLAB25,FLAB,9/6/95,SAMP,MON,SA,G,,3.6,,8,DISSOLVED OXYGEN,DO,5.7,D,,5.7,,,,,,mg/L,2,N,A,FIU17666,,0,0,,,,,,25.0837,81.080581,,,FIU,FIU,,,,,,,,,,,,
FLAB25,FLAB,9/6/95,SAMP,MON,SA,G,,0,,8,DISSOLVED OXYGEN,DO,5.7,D,,5.7,,,,,,mg/L,2,N,A,FIU17665,,0,0,,,,,,25.0837,81.080581,,,FIU,FIU,,,,,,,,,,,,
FLAB25,FLAB,10/22/95,SAMP,MON,SA,G,,0,,8,DISSOLVED OXYGEN,DO,6.5,D,,6.5,,,,,,mg/L,2,N,A,FIU17667,,0,0,,,,,,25.0837,81.080581,,,FIU,FIU,,,,,,,,,,,,
FLAB25,FLAB,10/22/95,SAMP,MON,SA,G,,3.6,,8,DISSOLVED OXYGEN,DO,6.3,D,,6.3,,,,,,mg/L,2,N,A,FIU17668,,0,0,,,,,,25.0837,81.080581,,,FIU,FIU,,,,,,,,,,,,
FLAB25,FLAB,11/17/95,SAMP,MON,SA,G,,3.6,,8,DISSOLVED OXYGEN,DO,8.8,D,,8.8,,,,,,mg/L,2,N,A,FIU17670,,0,0,,,,,,25.0837,81.080581,,,FIU,FIU,,,,,,,,,,,,
FLAB25,FLAB,11/17/95,SAMP,MON,SA,G,,0,,8,DISSOLVED OXYGEN,DO,8.7,D,,8.7,,,,,,mg/L,2,N,A,FIU17669,,0,0,,,,,,25.0837,81.080581,,,FIU,FIU,,,,,,,,,,,,
FLAB25,FLAB,12/14/95,SAMP,MON,SA,G,,3.6,,8,DISSOLVED OXYGEN,DO,6.1,D,,6.1,,,,,,mg/L,2,N,A,FIU17672,,0,0,,,,,,25.0837,81.080581,,,FIU,FIU,,,,,,,,,,,,
FLAB25,FLAB,12/14/95,SAMP,MON,SA,G,,0,,8,DISSOLVED OXYGEN,DO,6,D,,6,,,,,,mg/L,2,N,A,FIU17671,,0,0,,,,,,25.0837,81.080581,,,FIU,FIU,,,,,,,,,,,,
FLAB25,FLAB,1/23/96,SAMP,MON,SA,G,,3.6,,8,DISSOLVED OXYGEN,DO,7.2,D,,7.2,,,,,,mg/L,2,N,A,FIU17674,,0,0,,,,,,25.0837,81.080581,,,FIU,FIU,,,,,,,,,,,,
FLAB25,FLAB,1/23/96,SAMP,MON,SA,G,,0,,8,DISSOLVED OXYGEN,DO,7.2,D,,7.2,,,,,,mg/L,2,N,A,FIU17673,,0,0,,,,,,25.0837,81.080581,,,FIU,FIU,,,,,,,,,,,,
FLAB25,FLAB,2/12/96,SAMP,MON,SA,G,,3.6,,8,DISSOLVED OXYGEN,DO,8.4,D,,8.4,,,,,,mg/L,2,N,A,FIU17676,,0,0,,,,,,25.0837,81.080581,,,FIU,FIU,,,,,,,,,,,,
FLAB25,FLAB,2/12/96,SAMP,MON,SA,G,,0,,8,DISSOLVED OXYGEN,DO,8.4,D,,8.4,,,,,,mg/L,2,N,A,FIU17675,,0,0,,,,,,25.0837,81.080581,,,FIU,FIU,,,,,,,,,,,,
FLAB25,FLAB,3/22/96,SAMP,MON,SA,G,,3.6,,8,DISSOLVED OXYGEN,DO,7.3,D,,7.3,,,,,,mg/L,2,N,A,FIU17678,,0,0,,,,,,25.0837,81.080581,,,FIU,FIU,,,,,,,,,,,,
FLAB25,FLAB,3/22/96,SAMP,MON,SA,G,,0,,8,DISSOLVED OXYGEN,DO,7.3,D,,7.3,,,,,,mg/L,2,N,A,FIU17677,,0,0,,,,,,25.0837,81.080581,,,FIU,FIU,,,,,,,,,,,,
FLAB25,FLAB,4/25/96,SAMP,MON,SA,G,,0,,8,DISSOLVED OXYGEN,DO,5.8,D,,5.8,,,,,,mg/L,2,N,A,FIU17679,,0,0,,,,,,25.0837,81.080581,,,FIU,FIU,,,,,,,,,,,,
FLAB25,FLAB,4/25/96,SAMP,MON,SA,G,,3.6,,8,DISSOLVED OXYGEN,DO,5.8,D,,5.8,,,,,,mg/L,2,N,A,FIU17680,,0,0,,,,,,25.0837,81.080581,,,FIU,FIU,,,,,,,,,,,,
FLAB25,FLAB,5/10/96,SAMP,MON,SA,G,,3.6,,8,DISSOLVED OXYGEN,DO,6.2,D,,6.2,,,,,,mg/L,2,N,A,FIU17682,,0,0,,,,,,25.0837,81.080581,,,FIU,FIU,,,,,,,,,,,,
FLAB25,FLAB,5/10/96,SAMP,MON,SA,G,,0,,8,DISSOLVED OXYGEN,DO,6.2,D,,6.2,,,,,,mg/L,2,N,A,FIU17681,,0,0,,,,,,25.0837,81.080581,,,FIU,FIU,,,,,,,,,,,,
FLAB25,FLAB,6/6/96,SAMP,MON,SA,G,,0,,8,DISSOLVED OXYGEN,DO,6.1,D,,6.1,,,,,,mg/L,2,N,A,FIU17683,,0,0,,,,,,25.0837,81.080581,,,FIU,FIU,,,,,,,,,,,,
FLAB25,FLAB,6/6/96,SAMP,MON,SA,G,,3.6,,8,DISSOLVED OXYGEN,DO,6,D,,6,,,,,,mg/L,2,N,A,FIU17684,,0,0,,,,,,25.0837,81.080581,,,FIU,FIU,,,,,,,,,,,,
FLAB25,FLAB,7/5/96,SAMP,MON,SA,G,,0.1,,8,DISSOLVED OXYGEN,DO,5.8,D,,5.8,,,,,,mg/L,2,N,A,FIU17685,,0,0,,,,,,25.0837,81.080581,,,FIU,FIU,,,,,,,,,,,,
FLAB25,FLAB,7/5/96,SAMP,MON,SA,G,,3.6,,8,DISSOLVED OXYGEN,DO,5.8,D,,5.8,,,,,,mg/L,2,N,A,FIU17686,,0,0,,,,,,25.0837,81.080581,,,FIU,FIU,,,,,,,,,,,,
FLAB25,FLAB,8/22/96,SAMP,MON,SA,G,,3.6,,8,DISSOLVED OXYGEN,DO,5.4,D,,5.4,,,,,,mg/L,2,N,A,FIU17688,,0,0,,,,,,25.0837,81.080581,,,FIU,FIU,,,,,,,,,,,,
FLAB25,FLAB,8/22/96,SAMP,MON,SA,G,,0.1,,8,DISSOLVED OXYGEN,DO,5.5,D,,5.5,,,,,,mg/L,2,N,A,FIU17687,,0,0,,,,,,25.0837,81.080581,,,FIU,FIU,,,,,,,,,,,,
FLAB25,FLAB,9/14/96,SAMP,MON,SA,G,,3.6,,8,DISSOLVED OXYGEN,DO,6.1,D,,6.1,,,,,,mg/L,2,N,A,FIU17690,,0,0,,,,,,25.0837,81.080581,,,FIU,FIU,,,,,,,,,,,,
FLAB25,FLAB,9/14/96,SAMP,MON,SA,G,,0.1,,8,DISSOLVED OXYGEN,DO,6,D,,6,,,,,,mg/L,2,N,A,FIU17689,,0,0,,,,,,25.0837,81.080581,,,FIU,FIU,,,,,,,,,,,,
FLAB25,FLAB,10/15/96,SAMP,MON,SA,G,,0.1,,8,DISSOLVED OXYGEN,DO,6.4,D,,6.4,,,,,,mg/L,2,N,A,FIU17691,,0,0,,,,,,25.0837,81.080581,,,FIU,FIU,,,,,,,,,,,,
FLAB25,FLAB,10/15/96,SAMP,MON,SA,G,,3.6,,8,DISSOLVED OXYGEN,DO,6.4,D,,6.4,,,,,,mg/L,2,N,A,FIU17692,,0,0,,,,,,25.0837,81.080581,,,FIU,FIU,,,,,,,,,,,,
FLAB25,FLAB,11/7/96,SAMP,MON,SA,G,,0.1,,8,DISSOLVED OXYGEN,DO,6.2,D,,6.2,,,,,,mg/L,2,N,A,FIU17693,,0,0,,,,,,25.0837,81.080581,,,FIU,FIU,,,,,,,,,,,,
FLAB25,FLAB,11/7/96,SAMP,MON,SA,G,,3.6,,8,DISSOLVED OXYGEN,DO,6.2,D,,6.2,,,,,,mg/L,2,N,A,FIU17694,,0,0,,,,,,25.0837,81.080581,,,FIU,FIU,,,,,,,,,,,,
FLAB25,FLAB,12/6/96,SAMP,MON,SA,G,,3.6,,8,DISSOLVED OXYGEN,DO,6.2,D,,6.2,,,,,,mg/L,2,N,A,FIU17696,,0,0,,,,,,25.0837,81.080581,,,FIU,FIU,,,,,,,,,,,,
FLAB25,FLAB,12/6/96,SAMP,MON,SA,G,,0.1,,8,DISSOLVED OXYGEN,DO,6.1,D,,6.1,,,,,,mg/L,2,N,A,FIU17695,,0,0,,,,,,25.0837,81.080581,,,FIU,FIU,,,,,,,,,,,,
FLAB25,FLAB,1/8/97,SAMP,MON,SA,G,,0.1,,8,DISSOLVED OXYGEN,DO,5.5,D,,5.5,,,,,,mg/L,2,N,A,FIU17697,,0,0,,,,,,25.0837,81.080581,,,FIU,FIU,,,,,,,,,,,,
FLAB25,FLAB,1/8/97,SAMP,MON,SA,G,,3.6,,8,DISSOLVED OXYGEN,DO,5.3,D,,5.3,,,,,,mg/L,2,N,A,FIU17698,,0,0,,,,,,25.0837,81.080581,,,FIU,FIU,,,,,,,,,,,,
FLAB25,FLAB,2/15/97,SAMP,MON,SA,G,,0.1,,8,DISSOLVED OXYGEN,DO,7,D,,7,,,,,,mg/L,2,N,A,FIU17699,,0,0,,,,,,25.0837,81.080581,,,FIU,FIU,,,,,,,,,,,,
FLAB25,FLAB,2/15/97,SAMP,MON,SA,G,,3.6,,8,DISSOLVED OXYGEN,DO,6.9,D,,6.9,,,,,,mg/L,2,N,A,FIU17700,,0,0,,,,,,25.0837,81.080581,,,FIU,FIU,,,,,,,,,,,,
FLAB25,FLAB,3/12/97,SAMP,MON,SA,G,,0.1,,8,DISSOLVED OXYGEN,DO,6,D,,6,,,,,,mg/L,2,N,A,FIU17701,,0,0,,,,,,25.0837,81.080581,,,FIU,FIU,,,,,,,,,,,,
FLAB25,FLAB,3/12/97,SAMP,MON,SA,G,,3.6,,8,DISSOLVED OXYGEN,DO,6,D,,6,,,,,,mg/L,2,N,A,FIU17702,,0,0,,,,,,25.0837,81.080581,,,FIU,FIU,,,,,,,,,,,,
FLAB25,FLAB,4/16/97,SAMP,MON,SA,G,,0.1,,8,DISSOLVED OXYGEN,DO,6.1,D,,6.1,,,,,,mg/L,2,N,A,FIU17703,,0,0,,,,,,25.0837,81.080581,,,FIU,FIU,,,,,,,,,,,,
FLAB25,FLAB,4/16/97,SAMP,MON,SA,G,,3.6,,8,DISSOLVED OXYGEN,DO,6,D,,6,,,,,,mg/L,2,N,A,FIU17704,,0,0,,,,,,25.0837,81.080581,,,FIU,FIU,,,,,,,,,,,,
FLAB25,FLAB,5/22/97,SAMP,MON,SA,G,,0.1,,8,DISSOLVED OXYGEN,DO,6.1,D,,6.1,,,,,,mg/L,2,N,A,FIU17705,,0,0,,,,,,25.0837,81.080581,,,FIU,FIU,,,,,,,,,,,,
FLAB25,FLAB,5/22/97,SAMP,MON,SA,G,,3.6,,8,DISSOLVED OXYGEN,DO,6.2,D,,6.2,,,,,,mg/L,2,N,A,FIU17706,,0,0,,,,,,25.0837,81.080581,,,FIU,FIU,,,,,,,,,,,,
FLAB25,FLAB,6/12/97,SAMP,MON,SA,G,,3.6,,8,DISSOLVED OXYGEN,DO,5.7,D,,5.7,,,,,,mg/L,2,N,A,FIU17708,,0,0,,,,,,25.0837,81.080581,,,FIU,FIU,,,,,,,,,,,,
FLAB25,FLAB,6/12/97,SAMP,MON,SA,G,,0.1,,8,DISSOLVED OXYGEN,DO,5.7,D,,5.7,,,,,,mg/L,2,N,A,FIU17707,,0,0,,,,,,25.0837,81.080581,,,FIU,FIU,,,,,,,,,,,,
FLAB25,FLAB,8/19/97,SAMP,MON,SA,G,,0.1,,8,DISSOLVED OXYGEN,DO,5.4,D,,5.4,,,,,,mg/L,2,N,A,FIU17710,,0,0,,,,,,25.0837,81.080581,,,FIU,FIU,,,,,,,,,,,,
FLAB25,FLAB,8/19/97,SAMP,MON,SA,G,,3.6,,8,DISSOLVED OXYGEN,DO,5.5,D,,5.5,,,,,,mg/L,2,N,A,FIU17711,,0,0,,,,,,25.0837,81.080581,,,FIU,FIU,,,,,,,,,,,,
FLAB25,FLAB,9/10/97,SAMP,MON,SA,G,,0.1,,8,DISSOLVED OXYGEN,DO,5.5,D,,5.5,,,,,,mg/L,2,N,A,FIU17712,,0,0,,,,,,25.0837,81.080581,,,FIU,FIU,,,,,,,,,,,,
FLAB25,FLAB,9/10/97,SAMP,MON,SA,G,,3.6,,8,DISSOLVED OXYGEN,DO,5.6,D,,5.6,,,,,,mg/L,2,N,A,FIU17713,,0,0,,,,,,25.0837,81.080581,,,FIU,FIU,,,,,,,,,,,,
FLAB25,FLAB,10/21/97,SAMP,MON,SA,G,,3.6,,8,DISSOLVED OXYGEN,DO,6,D,,6,,,,,,mg/L,2,N,A,FIU17715,,0,0,,,,,,25.0837,81.080581,,,FIU,FIU,,,,,,,,,,,,
FLAB25,FLAB,10/21/97,SAMP,MON,SA,G,,0.1,,8,DISSOLVED OXYGEN,DO,6,D,,6,,,,,,mg/L,2,N,A,FIU17714,,0,0,,,,,,25.0837,81.080581,,,FIU,FIU,,,,,,,,,,,,
FLAB25,FLAB,11/25/97,SAMP,MON,SA,G,,0.1,,8,DISSOLVED OXYGEN,DO,6.4,D,,6.4,,,,,,mg/L,2,N,A,FIU17716,,0,0,,,,,,25.0837,81.080581,,,FIU,FIU,,,,,,,,,,,,
FLAB25,FLAB,11/25/97,SAMP,MON,SA,G,,3.6,,8,DISSOLVED OXYGEN,DO,6.4,D,,6.4,,,,,,mg/L,2,N,A,FIU17717,,0,0,,,,,,25.0837,81.080581,,,FIU,FIU,,,,,,,,,,,,
FLAB25,FLAB,12/12/97,SAMP,MON,SA,G,,3.6,,8,DISSOLVED OXYGEN,DO,8.3,D,,8.3,,,,,,mg/L,2,N,A,FIU17719,,0,0,,,,,,25.0837,81.080581,,,FIU,FIU,,,,,,,,,,,,
FLAB25,FLAB,12/12/97,SAMP,MON,SA,G,,0.1,,8,DISSOLVED OXYGEN,DO,8,D,,8,,,,,,mg/L,2,N,A,FIU17718,,0,0,,,,,,25.0837,81.080581,,,FIU,FIU,,,,,,,,,,,,
FLAB25,FLAB,1/21/98,SAMP,MON,SA,G,,0.1,,8,DISSOLVED OXYGEN,DO,6.9,D,,6.9,,,,,,mg/L,2,N,A,FIU17720,,0,0,,,,,,25.0837,81.080581,,,FIU,FIU,,,,,,,,,,,,
FLAB25,FLAB,1/21/98,SAMP,MON,SA,G,,3.6,,8,DISSOLVED OXYGEN,DO,7.1,D,,7.1,,,,,,mg/L,2,N,A,FIU17721,,0,0,,,,,,25.0837,81.080581,,,FIU,FIU,,,,,,,,,,,,
FLAB25,FLAB,2/18/98,SAMP,MON,SA,G,,0.1,,8,DISSOLVED OXYGEN,DO,7,D,,7,,,,,,mg/L,2,N,A,FIU17722,,0,0,,,,,,25.0837,81.080581,,,FIU,FIU,,,,,,,,,,,,
FLAB25,FLAB,2/18/98,SAMP,MON,SA,G,,3.6,,8,DISSOLVED OXYGEN,DO,6.8,D,,6.8,,,,,,mg/L,2,N,A,FIU17723,,0,0,,,,,,25.0837,81.080581,,,FIU,FIU,,,,,,,,,,,,
FLAB25,FLAB,3/20/98,SAMP,MON,SA,G,,3.6,,8,DISSOLVED OXYGEN,DO,6,D,,6,,,,,,mg/L,2,N,A,FIU17725,,0,0,,,,,,25.0837,81.080581,,,FIU,FIU,,,,,,,,,,,,
FLAB25,FLAB,3/20/98,SAMP,MON,SA,G,,0.1,,8,DISSOLVED OXYGEN,DO,5.9,D,,5.9,,,,,,mg/L,2,N,A,FIU17724,,0,0,,,,,,25.0837,81.080581,,,FIU,FIU,,,,,,,,,,,,
FLAB25,FLAB,4/15/98,SAMP,MON,SA,G,,0.1,,8,DISSOLVED OXYGEN,DO,6.8,D,,6.8,,,,,,mg/L,2,N,A,FIU17726,,0,0,,,,,,25.0837,81.080581,,,FIU,FIU,,,,,,,,,,,,
FLAB25,FLAB,4/15/98,SAMP,MON,SA,G,,3.6,,8,DISSOLVED OXYGEN,DO,6.9,D,,6.9,,,,,,mg/L,2,N,A,FIU17727,,0,0,,,,,,25.0837,81.080581,,,FIU,FIU,,,,,,,,,,,,
FLAB25,FLAB,5/14/98,SAMP,MON,SA,G,,0.1,,8,DISSOLVED OXYGEN,DO,5.8,D,,5.8,,,,,,mg/L,2,N,A,FIU17728,,0,0,,,,,,25.0837,81.080581,,,FIU,FIU,,,,,,,,,,,,
FLAB25,FLAB,5/14/98,SAMP,MON,SA,G,,3.6,,8,DISSOLVED OXYGEN,DO,6.1,D,,6.1,,,,,,mg/L,2,N,A,FIU17729,,0,0,,,,,,25.0837,81.080581,,,FIU,FIU,,,,,,,,,,,,
FLAB25,FLAB,6/10/98,SAMP,MON,SA,G,,3.6,,8,DISSOLVED OXYGEN,DO,6.6,D,,6.6,,,,,,mg/L,2,N,A,FIU17731,,0,0,,,,,,25.0837,81.080581,,,FIU,FIU,,,,,,,,,,,,
FLAB25,FLAB,6/10/98,SAMP,MON,SA,G,,0.1,,8,DISSOLVED OXYGEN,DO,6.4,D,,6.4,,,,,,mg/L,2,N,A,FIU17730,,0,0,,,,,,25.0837,81.080581,,,FIU,FIU,,,,,,,,,,,,
FLAB25,FLAB,7/14/98,SAMP,MON,SA,G,,0.1,,8,DISSOLVED OXYGEN,DO,6.3,D,,6.3,,,,,,mg/L,2,N,A,FIU17732,,0,0,,,,,,25.0837,81.080581,,,FIU,FIU,,,,,,,,,,,,
FLAB25,FLAB,7/14/98,SAMP,MON,SA,G,,3.6,,8,DISSOLVED OXYGEN,DO,6.4,D,,6.4,,,,,,mg/L,2,N,A,FIU17733,,0,0,,,,,,25.0837,81.080581,,,FIU,FIU,,,,,,,,,,,,
FLAB25,FLAB,8/19/98,SAMP,MON,SA,G,,0.1,,8,DISSOLVED OXYGEN,DO,5.8,D,,5.8,,,,,,mg/L,2,N,A,FIU17734,,0,0,,,,,,25.0837,81.080581,,,FIU,FIU,,,,,,,,,,,,
FLAB25,FLAB,8/19/98,SAMP,MON,SA,G,,3.6,,8,DISSOLVED OXYGEN,DO,5.8,D,,5.8,,,,,,mg/L,2,N,A,FIU17735,,0,0,,,,,,25.0837,81.080581,,,FIU,FIU,,,,,,,,,,,,
FLAB25,FLAB,9/17/98,SAMP,MON,SA,G,,0.1,,8,DISSOLVED OXYGEN,DO,6,D,,6,,,,,,mg/L,2,N,A,FIU17736,,0,0,,,,,,25.0837,81.080581,,,FIU,FIU,,,,,,,,,,,,
FLAB25,FLAB,9/17/98,SAMP,MON,SA,G,,3.6,,8,DISSOLVED OXYGEN,DO,6.1,D,,6.1,,,,,,mg/L,2,N,A,FIU17737,,0,0,,,,,,25.0837,81.080581,,,FIU,FIU,,,,,,,,,,,,
FLAB25,FLAB,9/30/98,SAMP,MON,SA,G,,0.1,,8,DISSOLVED OXYGEN,DO,5.3,D,,5.3,,,,,,mg/L,2,N,A,FIU17738,,0,0,,,,,,25.0837,81.080581,,,FIU,FIU,,,,,,,,,,,,
FLAB25,FLAB,9/30/98,SAMP,MON,SA,G,,3.6,,8,DISSOLVED OXYGEN,DO,5.6,D,,5.6,,,,,,mg/L,2,N,A,FIU17739,,0,0,,,,,,25.0837,81.080581,,,FIU,FIU,,,,,,,,,,,,
FLAB25,FLAB,11/3/98,SAMP,MON,SA,G,,0.1,,8,DISSOLVED OXYGEN,DO,6.2,D,,6.2,,,,,,mg/L,2,N,A,FIU17740,,0,0,,,,,,25.0837,81.080581,,,FIU,FIU,,,,,,,,,,,,
FLAB25,FLAB,11/3/98,SAMP,MON,SA,G,,3.6,,8,DISSOLVED OXYGEN,DO,6.3,D,,6.3,,,,,,mg/L,2,N,A,FIU17741,,0,0,,,,,,25.0837,81.080581,,,FIU,FIU,,,,,,,,,,,,
FLAB25,FLAB,12/1/98,SAMP,MON,SA,G,,0.1,,8,DISSOLVED OXYGEN,DO,6.6,D,,6.6,,,,,,mg/L,2,N,A,FIU17742,,0,0,,,,,,25.0837,81.080581,,,FIU,FIU,,,,,,,,,,,,
FLAB25,FLAB,12/1/98,SAMP,MON,SA,G,,3.6,,8,DISSOLVED OXYGEN,DO,6.4,D,,6.4,,,,,,mg/L,2,N,A,FIU17743,,0,0,,,,,,25.0837,81.080581,,,FIU,FIU,,,,,,,,,,,,
FLAB25,FLAB,1/14/99,SAMP,MON,SA,G,,3.6,,8,DISSOLVED OXYGEN,DO,7.5,D,,7.5,,,,,,mg/L,2,N,A,FIU17745,,0,0,,,,,,25.0837,81.080581,,,FIU,FIU,,,,,,,,,,,,
FLAB25,FLAB,1/14/99,SAMP,MON,SA,G,,0.1,,8,DISSOLVED OXYGEN,DO,7.3,D,,7.3,,,,,,mg/L,2,N,A,FIU17744,,0,0,,,,,,25.0837,81.080581,,,FIU,FIU,,,,,,,,,,,,
FLAB25,FLAB,2/10/99,SAMP,MON,SA,G,,3.6,,8,DISSOLVED OXYGEN,DO,6.7,D,,6.7,,,,,,mg/L,2,N,A,FIU17747,,0,0,,,,,,25.0837,81.080581,,,FIU,FIU,,,,,,,,,,,,
FLAB25,FLAB,2/10/99,SAMP,MON,SA,G,,0.1,,8,DISSOLVED OXYGEN,DO,6.7,D,,6.7,,,,,,mg/L,2,N,A,FIU17746,,0,0,,,,,,25.0837,81.080581,,,FIU,FIU,,,,,,,,,,,,
FLAB25,FLAB,3/23/99,SAMP,MON,SA,G,,3.6,,8,DISSOLVED OXYGEN,DO,7.9,D,,7.9,,,,,,mg/L,2,N,A,FIU17749,,0,0,,,,,,25.0837,81.080581,,,FIU,FIU,,,,,,,,,,,,
FLAB25,FLAB,3/23/99,SAMP,MON,SA,G,,0.1,,8,DISSOLVED OXYGEN,DO,7.7,D,,7.7,,,,,,mg/L,2,N,A,FIU17748,,0,0,,,,,,25.0837,81.080581,,,FIU,FIU,,,,,,,,,,,,
FLAB25,FLAB,4/29/99,SAMP,MON,SA,G,,3.6,,8,DISSOLVED OXYGEN,DO,5.7,D,,5.7,,,,,,mg/L,2,N,A,FIU17751,,0,0,,,,,,25.0837,81.080581,,,FIU,FIU,,,,,,,,,,,,
FLAB25,FLAB,4/29/99,SAMP,MON,SA,G,,0.1,,8,DISSOLVED OXYGEN,DO,5.5,D,,5.5,,,,,,mg/L,2,N,A,FIU17750,,0,0,,,,,,25.0837,81.080581,,,FIU,FIU,,,,,,,,,,,,
FLAB25,FLAB,5/28/99,SAMP,MON,SA,G,,3.6,,8,DISSOLVED OXYGEN,DO,5.1,D,,5.1,,,,,,mg/L,2,N,A,FIU17753,,0,0,,,,,,25.0837,81.080581,,,FIU,FIU,,,,,,,,,,,,
FLAB25,FLAB,5/28/99,SAMP,MON,SA,G,,0.1,,8,DISSOLVED OXYGEN,DO,5.2,D,,5.2,,,,,,mg/L,2,N,A,FIU17752,,0,0,,,,,,25.0837,81.080581,,,FIU,FIU,,,,,,,,,,,,
FLAB25,FLAB,6/17/99,SAMP,MON,SA,G,,0.1,,8,DISSOLVED OXYGEN,DO,5.9,D,,5.9,,,,,,mg/L,2,N,A,FIU17754,,0,0,,,,,,25.0837,81.080581,,,FIU,FIU,,,,,,,,,,,,
FLAB25,FLAB,6/17/99,SAMP,MON,SA,G,,3.6,,8,DISSOLVED OXYGEN,DO,6,D,,6,,,,,,mg/L,2,N,A,FIU17755,,0,0,,,,,,25.0837,81.080581,,,FIU,FIU,,,,,,,,,,,,
FLAB25,FLAB,7/6/99,SAMP,MON,SA,G,,3.6,,8,DISSOLVED OXYGEN,DO,6,D,,6,,,,,,mg/L,2,N,A,FIU17757,,0,0,,,,,,25.0837,81.080581,,,FIU,FIU,,,,,,,,EPA360.2,,00299,,
FLAB25,FLAB,7/6/99,SAMP,MON,SA,G,,0.1,,8,DISSOLVED OXYGEN,DO,6,D,,6,,,,,,mg/L,2,N,A,FIU17756,,0,0,,,,,,25.0837,81.080581,,,FIU,FIU,,,,,,,,EPA360.2,,00299,,
FLAB25,FLAB,8/24/99,SAMP,MON,SA,G,,3.6,,8,DISSOLVED OXYGEN,DO,5.8,D,,5.8,,,,,,mg/L,2,N,A,FIU17759,,0,0,,,,,,25.0837,81.080581,,,FIU,FIU,,,,,,,,EPA360.2,,00299,,
FLAB25,FLAB,8/24/99,SAMP,MON,SA,G,,0.1,,8,DISSOLVED OXYGEN,DO,5.7,D,,5.7,,,,,,mg/L,2,N,A,FIU17758,,0,0,,,,,,25.0837,81.080581,,,FIU,FIU,,,,,,,,EPA360.2,,00299,,
FLAB25,FLAB,9/23/99,SAMP,MON,SA,G,,0.1,,8,DISSOLVED OXYGEN,DO,5.5,D,,5.5,,,,,,mg/L,2,N,A,FIU17760,,0,0,,,,,,25.0837,81.080581,,,FIU,FIU,,,,,,,,EPA360.2,,00299,,
FLAB25,FLAB,9/23/99,SAMP,MON,SA,G,,3.6,,8,DISSOLVED OXYGEN,DO,5.5,D,,5.5,,,,,,mg/L,2,N,A,FIU17761,,0,0,,,,,,25.0837,81.080581,,,FIU,FIU,,,,,,,,EPA360.2,,00299,,
FLAB25,FLAB,10/26/99,SAMP,MON,SA,G,,0.1,,8,DISSOLVED OXYGEN,DO,7.6,D,,7.6,,,,,,mg/L,2,N,A,FIU17762,,0,0,,,,,,25.0837,81.080581,,,FIU,FIU,,,,,,,,EPA360.2,,00299,,
FLAB25,FLAB,10/26/99,SAMP,MON,SA,G,,3.6,,8,DISSOLVED OXYGEN,DO,7.7,D,,7.7,,,,,,mg/L,2,N,A,FIU17764,,0,0,,,,,,25.0837,81.080581,,,FIU,FIU,,,,,,,,EPA360.2,,00299,,
FLAB25,FLAB,11/12/99,SAMP,MON,SA,G,,3.6,,8,DISSOLVED OXYGEN,DO,7.7,D,,7.7,,,,,,mg/L,2,N,A,FIU17767,,0,0,,,,,,25.0837,81.080581,,,FIU,FIU,,,,,,,,EPA360.2,,00299,,
FLAB25,FLAB,11/12/99,SAMP,MON,SA,G,,0.1,,8,DISSOLVED OXYGEN,DO,7.7,D,,7.7,,,,,,mg/L,2,N,A,FIU17765,,0,0,,,,,,25.0837,81.080581,,,FIU,FIU,,,,,,,,EPA360.2,,00299,,
FLAB25,FLAB,12/3/99,SAMP,MON,SA,G,,0.1,,8,DISSOLVED OXYGEN,DO,7.7,D,,7.7,,,,,,mg/L,2,N,A,FIU17768,,0,0,,,,,,25.0837,81.080581,,,FIU,FIU,,,,,,,,EPA360.2,,00299,,
FLAB25,FLAB,12/3/99,SAMP,MON,SA,G,,3.6,,8,DISSOLVED OXYGEN,DO,7.8,D,,7.8,,,,,,mg/L,2,N,A,FIU17770,,0,0,,,,,,25.0837,81.080581,,,FIU,FIU,,,,,,,,EPA360.2,,00299,,
FLAB25,FLAB,1/25/00,SAMP,MON,SA,G,,3.6,,8,DISSOLVED OXYGEN,DO,7.1,D,,7.1,,,,,,mg/L,2,N,A,FIU17773,,0,0,,,,,,25.0837,81.080581,,,FIU,FIU,,,,,,,,EPA360.2,,00299,,
FLAB25,FLAB,1/25/00,SAMP,MON,SA,G,,0.1,,8,DISSOLVED OXYGEN,DO,7.2,D,,7.2,,,,,,mg/L,2,N,A,FIU17771,,0,0,,,,,,25.0837,81.080581,,,FIU,FIU,,,,,,,,EPA360.2,,00299,,
FLAB25,FLAB,2/28/00,SAMP,MON,SA,G,,3.6,,8,DISSOLVED OXYGEN,DO,7.3,D,,7.3,,,,,,mg/L,2,N,A,FIU17776,,0,0,,,,,,25.0837,81.080581,,,FIU,FIU,,,,,,,,EPA360.2,,00299,,
FLAB25,FLAB,2/28/00,SAMP,MON,SA,G,,0.1,,8,DISSOLVED OXYGEN,DO,7,D,,7,,,,,,mg/L,2,N,A,FIU17774,,0,0,,,,,,25.0837,81.080581,,,FIU,FIU,,,,,,,,EPA360.2,,00299,,
FLAB25,FLAB,3/21/00,SAMP,MON,SA,G,,3.6,,8,DISSOLVED OXYGEN,DO,6.7,D,,6.7,,,,,,mg/L,2,N,A,FIU17779,,0,0,,,,,,25.0837,81.080581,,,FIU,FIU,,,,,,,,EPA360.2,,00299,,
FLAB25,FLAB,3/21/00,SAMP,MON,SA,G,,0.1,,8,DISSOLVED OXYGEN,DO,6.8,D,,6.8,,,,,,mg/L,2,N,A,FIU17777,,0,0,,,,,,25.0837,81.080581,,,FIU,FIU,,,,,,,,EPA360.2,,00299,,
FLAB25,FLAB,4/13/00,SAMP,MON,SA,G,,3.6,,8,DISSOLVED OXYGEN,DO,6.4,,,6.4,,,,,,mg/L,2,N,A,FIU17781,,0,0,,,,,,25.0837,81.080581,,,FIU,FIU,,,,,,,,EPA360.2,,00299,,
FLAB25,FLAB,4/13/00,SAMP,MON,SA,G,,0.1,,8,DISSOLVED OXYGEN,DO,6.4,,,6.4,,,,,,mg/L,2,N,A,FIU17780,,0,0,,,,,,25.0837,81.080581,,,FIU,FIU,,,,,,,,EPA360.2,,00299,,
FLAB25,FLAB,5/30/00,SAMP,MON,SA,G,,3.6,,8,DISSOLVED OXYGEN,DO,5.5,,,5.5,,,,,,mg/L,2,N,A,FIU17783,,0,0,,,,,,25.0837,81.080581,,,FIU,FIU,,,,,,,,EPA360.2,,00299,,
FLAB25,FLAB,5/30/00,SAMP,MON,SA,G,,0.1,,8,DISSOLVED OXYGEN,DO,5.2,,,5.2,,,,,,mg/L,2,N,A,FIU17782,,0,0,,,,,,25.0837,81.080581,,,FIU,FIU,,,,,,,,EPA360.2,,00299,,
FLAB25,FLAB,6/20/00,SAMP,MON,SA,G,,3.6,,8,DISSOLVED OXYGEN,DO,6.7,D,,6.7,,,,,,mg/L,2,N,A,FIU17785,,0,0,,,,,,25.0837,81.080581,,,FIU,FIU,,,,,,,,EPA360.2,,00299,,
FLAB25,FLAB,6/20/00,SAMP,MON,SA,G,,0.1,,8,DISSOLVED OXYGEN,DO,6.4,D,,6.4,,,,,,mg/L,2,N,A,FIU17784,,0,0,,,,,,25.0837,81.080581,,,FIU,FIU,,,,,,,,EPA360.2,,00299,,
FLAB25,FLAB,7/20/00,SAMP,MON,SA,G,,3.6,,8,DISSOLVED OXYGEN,DO,7,D,,7,,,,,,mg/L,2,N,A,FIU17787,,0,0,,,,,,25.0837,81.080581,,,FIU,FIU,,,,,,,,EPA360.2,,00299,,
FLAB25,FLAB,7/20/00,SAMP,MON,SA,G,,0.1,,8,DISSOLVED OXYGEN,DO,7,D,,7,,,,,,mg/L,2,N,A,FIU17786,,0,0,,,,,,25.0837,81.080581,,,FIU,FIU,,,,,,,,EPA360.2,,00299,,
FLAB25,FLAB,8/29/00,SAMP,MON,SA,G,,0.1,,8,DISSOLVED OXYGEN,DO,6.3,D,,6.3,,,,,,mg/L,2,N,A,FIU17788,,0,0,,,,,,25.0837,81.080581,,,FIU,FIU,,,,,,,,EPA360.2,,00299,,
FLAB25,FLAB,8/29/00,SAMP,MON,SA,G,,3.6,,8,DISSOLVED OXYGEN,DO,6.5,D,,6.5,,,,,,mg/L,2,N,A,FIU17789,,0,0,,,,,,25.0837,81.080581,,,FIU,FIU,,,,,,,,EPA360.2,,00299,,
FLAB25,FLAB,9/28/00,SAMP,MON,SA,G,,3.6,,8,DISSOLVED OXYGEN,DO,5.5,D,,5.5,,,,,,mg/L,2,N,A,FIU17791,,0,0,,,,,,25.0837,81.080581,,,FIU,FIU,,,,,,,,EPA360.2,,00299,,
FLAB25,FLAB,9/28/00,SAMP,MON,SA,G,,0.1,,8,DISSOLVED OXYGEN,DO,5.6,D,,5.6,,,,,,mg/L,2,N,A,FIU17790,,0,0,,,,,,25.0837,81.080581,,,FIU,FIU,,,,,,,,EPA360.2,,00299,,
FLAB25,FLAB,10/26/00,SAMP,MON,SA,G,,0.1,,8,DISSOLVED OXYGEN,DO,6.5,D,,6.5,,,,,,mg/L,2,N,A,FIU17792,,0,0,,,,,,25.0837,81.080581,,,FIU,FIU,,,,,,,,EPA360.2,,00299,,
FLAB25,FLAB,10/26/00,SAMP,MON,SA,G,,3.6,,8,DISSOLVED OXYGEN,DO,6.4,D,,6.4,,,,,,mg/L,2,N,A,FIU17793,,0,0,,,,,,25.0837,81.080581,,,FIU,FIU,,,,,,,,EPA360.2,,00299,,
FLAB25,FLAB,11/30/00,SAMP,MON,SA,G,,3.6,,8,DISSOLVED OXYGEN,DO,6.8,D,,6.8,,,,,,mg/L,2,N,A,FIU17795,,0,0,,,,,,25.0837,81.080581,,,FIU,FIU,,,,,,,,EPA360.2,,00299,,
FLAB25,FLAB,11/30/00,SAMP,MON,SA,G,,0.1,,8,DISSOLVED OXYGEN,DO,6.8,D,,6.8,,,,,,mg/L,2,N,A,FIU17794,,0,0,,,,,,25.0837,81.080581,,,FIU,FIU,,,,,,,,EPA360.2,,00299,,
FLAB25,FLAB,12/11/00,SAMP,MON,SA,G,,3.6,,8,DISSOLVED OXYGEN,DO,5.5,D,,5.5,,,,,,mg/L,2,N,A,FIU17797,,0,0,,,,,,25.0837,81.080581,,,FIU,FIU,,,,,,,,EPA360.2,,00299,,
FLAB25,FLAB,12/11/00,SAMP,MON,SA,G,,0.1,,8,DISSOLVED OXYGEN,DO,5.6,D,,5.6,,,,,,mg/L,2,N,A,FIU17796,,0,0,,,,,,25.0837,81.080581,,,FIU,FIU,,,,,,,,EPA360.2,,00299,,
FLAB25,FLAB,1/25/01,SAMP,MON,SA,G,,0.1,,8,DISSOLVED OXYGEN,DO,7.8,D,,7.8,,,,,,mg/L,2,N,A,FIU17798,,0,0,,,,,,25.0837,81.080581,,,FIU,FIU,,,,,,,,EPA360.2,,00299,,
FLAB25,FLAB,1/25/01,SAMP,MON,SA,G,,3.6,,8,DISSOLVED OXYGEN,DO,7.8,D,,7.8,,,,,,mg/L,2,N,A,FIU17799,,0,0,,,,,,25.0837,81.080581,,,FIU,FIU,,,,,,,,EPA360.2,,00299,,
FLAB25,FLAB,2/21/01,SAMP,MON,SA,G,,0.1,,8,DISSOLVED OXYGEN,DO,6.2,D,,6.2,,,,,,mg/L,2,N,A,FIU17800,,0,0,,,,,,25.0837,81.080581,,,FIU,FIU,,,,,,,,EPA360.2,,00299,,
FLAB25,FLAB,2/21/01,SAMP,MON,SA,G,,3.6,,8,DISSOLVED OXYGEN,DO,6.3,D,,6.3,,,,,,mg/L,2,N,A,FIU17801,,0,0,,,,,,25.0837,81.080581,,,FIU,FIU,,,,,,,,EPA360.2,,00299,,
FLAB25,FLAB,3/6/01,SAMP,MON,SA,G,,0.1,,8,DISSOLVED OXYGEN,DO,6.3,D,,6.3,,,,,,mg/L,2,N,A,FIU17802,,0,0,,,,,,25.0837,81.080581,,,FIU,FIU,,,,,,,,EPA360.2,,00299,,
FLAB25,FLAB,3/6/01,SAMP,MON,SA,G,,3.6,,8,DISSOLVED OXYGEN,DO,6.2,D,,6.2,,,,,,mg/L,2,N,A,FIU17803,,0,0,,,,,,25.0837,81.080581,,,FIU,FIU,,,,,,,,EPA360.2,,00299,,
FLAB25,FLAB,4/3/01,SAMP,MON,SA,G,,0.1,,8,DISSOLVED OXYGEN,DO,6.6,D,,6.6,,,,,,mg/L,2,N,A,FIU17804,,0,0,,,,,,25.0837,81.080581,,,FIU,FIU,,,,,,,,EPA360.2,,00299,,
FLAB25,FLAB,4/3/01,SAMP,MON,SA,G,,3.6,,8,DISSOLVED OXYGEN,DO,6.5,D,,6.5,,,,,,mg/L,2,N,A,FIU17805,,0,0,,,,,,25.0837,81.080581,,,FIU,FIU,,,,,,,,EPA360.2,,00299,,
FLAB25,FLAB,5/2/01,SAMP,MON,SA,G,,0.1,,8,DISSOLVED OXYGEN,DO,5.5,D,,5.5,,,,,,mg/L,2,N,A,FIU17806,,0,0,,,,,,25.0837,81.080581,,,FIU,FIU,,,,,,,,EPA360.2,,00299,,
FLAB25,FLAB,5/2/01,SAMP,MON,SA,G,,3.6,,8,DISSOLVED OXYGEN,DO,5.4,D,,5.4,,,,,,mg/L,2,N,A,FIU17807,,0,0,,,,,,25.0837,81.080581,,,FIU,FIU,,,,,,,,EPA360.2,,00299,,
FLAB25,FLAB,6/5/01,SAMP,MON,SA,G,,0.1,,8,DISSOLVED OXYGEN,DO,99,D,O,-99,,,,,,mg/L,2,Y,A,FIU110806,,0,0,,,,,,25.0837,81.080581,,,FIU,FIU,,,,,,,,EPA360.2,,00299,,DATA LOST FROM LABORATORY.
FLAB25,FLAB,6/5/01,SAMP,MON,SA,G,,3.6,,8,DISSOLVED OXYGEN,DO,99,D,O,-99,,,,,,mg/L,2,Y,A,FIU110807,,0,0,,,,,,25.0837,81.080581,,,FIU,FIU,,,,,,,,EPA360.2,,00299,,DATA LOST FROM LABORATORY.
FLAB25,FLAB,7/12/01,SAMP,MON,SA,G,,0.1,,8,DISSOLVED OXYGEN,DO,5.1,D,,5.1,,,,,,mg/L,2,N,A,FIU17808,,0,0,,,,,,25.0837,81.080581,,,FIU,FIU,,,,,,,,EPA360.2,,00299,,
FLAB25,FLAB,7/12/01,SAMP,MON,SA,G,,3.6,,8,DISSOLVED OXYGEN,DO,5,D,,5,,,,,,mg/L,2,N,A,FIU17809,,0,0,,,,,,25.0837,81.080581,,,FIU,FIU,,,,,,,,EPA360.2,,00299,,
FLAB25,FLAB,8/14/01,SAMP,MON,SA,G,,3.6,,8,DISSOLVED OXYGEN,DO,5.6,D,,5.6,,,,,,mg/L,2,N,A,FIU17811,,0,0,,,,,,25.0837,81.080581,,,FIU,FIU,,,,,,,,EPA360.2,,00299,,
FLAB25,FLAB,8/14/01,SAMP,MON,SA,G,,0.1,,8,DISSOLVED OXYGEN,DO,5.5,D,,5.5,,,,,,mg/L,2,N,A,FIU17810,,0,0,,,,,,25.0837,81.080581,,,FIU,FIU,,,,,,,,EPA360.2,,00299,,
FLAB25,FLAB,9/5/01,SAMP,MON,SA,G,,3.6,,8,DISSOLVED OXYGEN,DO,5.3,D,,5.3,,,,,,mg/L,2,N,A,FIU17813,,0,0,,,,,,25.0837,81.080581,,,FIU,FIU,,,,,,,,EPA360.2,,00299,,
FLAB25,FLAB,9/5/01,SAMP,MON,SA,G,,0.1,,8,DISSOLVED OXYGEN,DO,5.2,D,,5.2,,,,,,mg/L,2,N,A,FIU17812,,0,0,,,,,,25.0837,81.080581,,,FIU,FIU,,,,,,,,EPA360.2,,00299,,
FLAB25,FLAB,10/23/01,SAMP,MON,SA,G,,0.1,,8,DISSOLVED OXYGEN,DO,6.1,D,,6.1,,,,,,mg/L,2,N,A,FIU110552,,0,0,,,,,,25.0837,81.080581,,,FIU,FIU,,,,,,128025,,EPA360.2,,00299,,
FLAB25,FLAB,10/23/01,SAMP,MON,SA,G,,3.6,,8,DISSOLVED OXYGEN,DO,6,D,,6,,,,,,mg/L,2,N,A,FIU110553,,0,0,,,,,,25.0837,81.080581,,,FIU,FIU,,,,,,128025,,EPA360.2,,00299,,
FLAB25,FLAB,11/8/01,SAMP,MON,SA,G,,3.6,,8,DISSOLVED OXYGEN,DO,7.8,D,,7.8,,,,,,mg/L,2,N,A,FIU110555,,0,0,,,,,,25.0837,81.080581,,,FIU,FIU,,,,,,129025,,EPA360.2,,00299,,
FLAB25,FLAB,11/8/01,SAMP,MON,SA,G,,0.1,,8,DISSOLVED OXYGEN,DO,7.7,D,,7.7,,,,,,mg/L,2,N,A,FIU110554,,0,0,,,,,,25.0837,81.080581,,,FIU,FIU,,,,,,129025,,EPA360.2,,00299,,
FLAB25,FLAB,12/3/01,SAMP,MON,SA,G,,0.1,,8,DISSOLVED OXYGEN,DO,6.4,D,,6.4,,,,,,mg/L,2,N,A,FIU110556,,0,0,,,,,,25.0837,81.080581,,,FIU,FIU,,,,,,130025,,EPA360.2,,00299,,
FLAB25,FLAB,12/3/01,SAMP,MON,SA,G,,3.6,,8,DISSOLVED OXYGEN,DO,6.4,D,,6.4,,,,,,mg/L,2,N,A,FIU110557,,0,0,,,,,,25.0837,81.080581,,,FIU,FIU,,,,,,130025,,EPA360.2,,00299,,
FLAB25,FLAB,1/29/02,SAMP,MON,SA,G,,3.6,,8,DISSOLVED OXYGEN,DO,6.8,D,,6.8,,,,,,mg/L,2,N,A,FIU113185,,0,0,,,,,,25.0837,81.080581,,,FIU,FIU,,,,,,131025,,EPA360.2,,00299,,
FLAB25,FLAB,1/29/02,SAMP,MON,SA,G,,0.1,,8,DISSOLVED OXYGEN,DO,6.9,D,,6.9,,,,,,mg/L,2,N,A,FIU113184,,0,0,,,,,,25.0837,81.080581,,,FIU,FIU,,,,,,131025,,EPA360.2,,00299,,
FLAB25,FLAB,2/20/02,SAMP,MON,SA,G,,0.1,,8,DISSOLVED OXYGEN,DO,8.1,D,,8.1,,,,,,mg/L,2,N,A,FIU113186,,0,0,,,,,,25.0837,81.080581,,,FIU,FIU,,,,,,132025,,EPA360.2,,00299,,
FLAB25,FLAB,2/20/02,SAMP,MON,SA,G,,3.6,,8,DISSOLVED OXYGEN,DO,8.1,D,,8.1,,,,,,mg/L,2,N,A,FIU113187,,0,0,,,,,,25.0837,81.080581,,,FIU,FIU,,,,,,132025,,EPA360.2,,00299,,
FLAB25,FLAB,3/19/02,SAMP,MON,SA,G,,3.6,,8,DISSOLVED OXYGEN,DO,6.4,D,,6.4,,,,,,mg/L,2,N,A,FIU113189,,0,0,,,,,,25.0837,81.080581,,,FIU,FIU,,,,,,133025,,EPA360.2,,00299,,
FLAB25,FLAB,3/19/02,SAMP,MON,SA,G,,0.1,,8,DISSOLVED OXYGEN,DO,6.7,D,,6.7,,,,,,mg/L,2,N,A,FIU113188,,0,0,,,,,,25.0837,81.080581,,,FIU,FIU,,,,,,133025,,EPA360.2,,00299,,
FLAB25,FLAB,4/9/02,SAMP,MON,SA,G,,0.1,,8,DISSOLVED OXYGEN,DO,8.5,,,8.5,,,,,,mg/L,2,N,A,134025,,0,0,,,,,,25.0837,81.080581,,,FIU,FIU,,,,,,134025,,EPA360.2,,299,,
FLAB25,FLAB,4/9/02,SAMP,MON,SA,G,,3.6,,8,DISSOLVED OXYGEN,DO,7.9,,,7.9,,,,,,mg/L,2,N,A,134025B,,0,0,,,,,,25.0837,81.080581,,,FIU,FIU,,,,,,134025,,EPA360.2,,299,,
FLAB25,FLAB,5/15/02,SAMP,MON,SA,G,,3.6,,8,DISSOLVED OXYGEN,DO,5.7,D,,5.7,,,,,,mg/L,2,N,A,135025B,,0,0,,,,,,25.0837,81.080581,,,FIU,FIU,,,,,,135025,,EPA360.2,,299,,
FLAB25,FLAB,5/15/02,SAMP,MON,SA,G,,0.1,,8,DISSOLVED OXYGEN,DO,5.2,D,,5.2,,,,,,mg/L,2,N,A,135025,,0,0,,,,,,25.0837,81.080581,,,FIU,FIU,,,,,,135025,,EPA360.2,,299,,
FLAB25,FLAB,6/4/02,SAMP,MON,SA,G,,3.6,,8,DISSOLVED OXYGEN,DO,5.1,D,,5.1,,,,,,mg/L,2,N,A,136025B,,0,0,,,,,,25.0837,81.080581,,,FIU,FIU,,,,,,136025,,EPA360.2,,299,,
FLAB25,FLAB,6/4/02,SAMP,MON,SA,G,,0.1,,8,DISSOLVED OXYGEN,DO,5.1,D,,5.1,,,,,,mg/L,2,N,A,136025,,0,0,,,,,,25.0837,81.080581,,,FIU,FIU,,,,,,136025,,EPA360.2,,299,,
FLAB25,FLAB,7/11/02,SAMP,MON,SA,G,,3.6,,8,DISSOLVED OXYGEN,DO,6.6,D,,6.6,,,,,,mg/L,2,N,A,137025B,,0,0,,,,,,25.0837,81.080581,,,FIU,FIU,,,,,,137025B,,EPA360.2,,299,,
FLAB25,FLAB,7/11/02,SAMP,MON,SA,G,,0.1,,8,DISSOLVED OXYGEN,DO,6.6,D,,6.6,,,,,,mg/L,2,N,A,137025,,0,0,,,,,,25.0837,81.080581,,,FIU,FIU,,,,,,137025,,EPA360.2,,299,,
FLAB25,FLAB,8/19/02,SAMP,MON,SA,G,,0.1,,8,DISSOLVED OXYGEN,DO,5.6,D,,5.6,,,,,,mg/L,2,N,A,138025,,0,0,,,,,,25.0837,81.080581,,,FIU,FIU,,,,,,138025,,EPA360.2,,00299,,
FLAB25,FLAB,8/19/02,SAMP,MON,SA,G,,3.6,,8,DISSOLVED OXYGEN,DO,5.6,D,,5.6,,,,,,mg/L,2,N,A,138025B,,0,0,,,,,,25.0837,81.080581,,,FIU,FIU,,,,,,138025B,,EPA360.2,,00299,,
FLAB25,FLAB,9/17/02,SAMP,MON,SA,G,,0.1,,8,DISSOLVED OXYGEN,DO,5.3,D,,5.3,,,,,,mg/L,2,N,A,139025,,0,0,,,,,,25.0837,81.080581,,,FIU,FIU,,,,,,139025,,EPA360.2,,00299,,
FLAB25,FLAB,9/17/02,SAMP,MON,SA,G,,3.6,,8,DISSOLVED OXYGEN,DO,5.3,D,,5.3,,,,,,mg/L,2,N,A,139025B,,0,0,,,,,,25.0837,81.080581,,,FIU,FIU,,,,,,139025B,,EPA360.2,,00299,,
FLAB25,FLAB,10/17/02,SAMP,MON,SA,G,,3.6,,8,DISSOLVED OXYGEN,DO,5.4,D,,5.4,,,,,,mg/L,2,N,A,140025B,,0,0,,,,,,25.0837,81.080581,,,FIU,FIU,,,,,,140025B,,EPA360.2,,00299,,
FLAB25,FLAB,10/17/02,SAMP,MON,SA,G,,0.1,,8,DISSOLVED OXYGEN,DO,5.4,D,,5.4,,,,,,mg/L,2,N,A,140025,,0,0,,,,,,25.0837,81.080581,,,FIU,FIU,,,,,,140025,,EPA360.2,,00299,,
FLAB25,FLAB,11/14/02,SAMP,MON,SA,G,,3.6,,8,DISSOLVED OXYGEN,DO,6.1,D,,6.1,,,,,,mg/L,2,N,A,141025B,,0,0,,,,,,25.0837,81.080581,,,FIU,FIU,,,,,,141025B,,EPA360.2,,00299,,
FLAB25,FLAB,11/14/02,SAMP,MON,SA,G,,0.1,,8,DISSOLVED OXYGEN,DO,6.1,D,,6.1,,,,,,mg/L,2,N,A,141025,,0,0,,,,,,25.0837,81.080581,,,FIU,FIU,,,,,,141025,,EPA360.2,,00299,,
FLAB25,FLAB,12/11/02,SAMP,MON,SA,G,,0.1,,8,DISSOLVED OXYGEN,DO,6.4,D,,6.4,,,,,,mg/L,2,N,A,142025,,0,0,,,,,,25.0837,81.080581,,,FIU,FIU,,,,,,142025,,EPA360.2,,00299,,
FLAB25,FLAB,12/11/02,SAMP,MON,SA,G,,3.6,,8,DISSOLVED OXYGEN,DO,6,D,,6,,,,,,mg/L,2,N,A,142025B,,0,0,,,,,,25.0837,81.080581,,,FIU,FIU,,,,,,142025B,,EPA360.2,,00299,,
FLAB25,FLAB,1/28/03,SAMP,MON,SA,G,,0.1,,8,DISSOLVED OXYGEN,DO,8,D,,8,,,,,,mg/L,2,N,A,143025,,0,0,,,,,,25.0837,81.080581,,,FIU,FIU,,,,,,143025,,EPA360.2,,00299,,
FLAB25,FLAB,1/28/03,SAMP,MON,SA,G,,3.6,,8,DISSOLVED OXYGEN,DO,7.8,D,,7.8,,,,,,mg/L,2,N,A,143025B,,0,0,,,,,,25.0837,81.080581,,,FIU,FIU,,,,,,143025B,,EPA360.2,,00299,,
FLAB25,FLAB,2/25/03,SAMP,MON,SA,G,,3.6,,8,DISSOLVED OXYGEN,DO,5.3,D,,5.3,,,,,,mg/L,2,N,A,144025B,,0,0,,,,,,25.0837,81.080581,,,FIU,FIU,,,,,,144025B,,EPA360.2,,00299,,
FLAB25,FLAB,2/25/03,SAMP,MON,SA,G,,0.1,,8,DISSOLVED OXYGEN,DO,5.3,D,,5.3,,,,,,mg/L,2,N,A,144025,,0,0,,,,,,25.0837,81.080581,,,FIU,FIU,,,,,,144025,,EPA360.2,,00299,,
FLAB25,FLAB,3/13/03,SAMP,MON,SA,G,,0.1,,8,DISSOLVED OXYGEN,DO,5,D,,5,,,,,,mg/L,2,N,A,145025,,0,0,,,,,,25.0837,81.080581,,,FIU,FIU,,,,,,145025,,EPA360.2,,00299,,
FLAB25,FLAB,3/13/03,SAMP,MON,SA,G,,3.6,,8,DISSOLVED OXYGEN,DO,5.1,D,,5.1,,,,,,mg/L,2,N,A,145025B,,0,0,,,,,,25.0837,81.080581,,,FIU,FIU,,,,,,145025B,,EPA360.2,,00299,,
FLAB25,FLAB,4/9/03,SAMP,MON,SA,G,,0.1,,8,DISSOLVED OXYGEN,DO,6.3,D,,6.3,,,,,,mg/L,2,N,A,146025,,0,0,,,,,,25.0837,81.080581,,,FIU,FIU,,,,,,146025,,EPA360.2,,299,,
FLAB25,FLAB,4/9/03,SAMP,MON,SA,G,,3.6,,8,DISSOLVED OXYGEN,DO,6.3,D,,6.3,,,,,,mg/L,2,N,A,146025B,,0,0,,,,,,25.0837,81.080581,,,FIU,FIU,,,,,,146025B,,EPA360.2,,299,,
FLAB25,FLAB,5/8/03,SAMP,MON,SA,G,,0.1,,8,DISSOLVED OXYGEN,DO,5.7,D,,5.7,,,,,,mg/L,2,N,A,147025,,0,0,,,,,,25.0837,81.080581,,,FIU,FIU,,,,,,147025,,EPA360.2,,299,,
FLAB25,FLAB,5/8/03,SAMP,MON,SA,G,,3.6,,8,DISSOLVED OXYGEN,DO,5.7,D,,5.7,,,,,,mg/L,2,N,A,147025B,,0,0,,,,,,25.0837,81.080581,,,FIU,FIU,,,,,,147025B,,EPA360.2,,299,,
FLAB25,FLAB,6/10/03,SAMP,MON,SA,G,,0.1,,8,DISSOLVED OXYGEN,DO,6,D,,6,,,,,,mg/L,2,N,A,148025,,0,0,,,,,,25.0837,81.080581,,,FIU,FIU,,,,,,148025,,EPA360.2,,299,,
FLAB25,FLAB,6/10/03,SAMP,MON,SA,G,,3.6,,8,DISSOLVED OXYGEN,DO,5.8,D,,5.8,,,,,,mg/L,2,N,A,148025B,,0,0,,,,,,25.0837,81.080581,,,FIU,FIU,,,,,,148025B,,EPA360.2,,299,,
FLAB25,FLAB,7/1/03,SAMP,MON,SA,G,,0.1,,8,DISSOLVED OXYGEN,DO,5.5,D,,5.5,,,,,,mg/L,2,N,A,149025,,0,0,,,,,,25.0837,81.080581,,,FIU,FIU,,,,,,149025,,EPA360.2,,299,,
FLAB25,FLAB,7/1/03,SAMP,MON,SA,G,,3.6,,8,DISSOLVED OXYGEN,DO,5.4,D,,5.4,,,,,,mg/L,2,N,A,149025B,,0,0,,,,,,25.0837,81.080581,,,FIU,FIU,,,,,,149025B,,EPA360.2,,299,,
FLAB25,FLAB,8/25/03,SAMP,MON,SA,G,,3.6,,8,DISSOLVED OXYGEN,DO,5.6,D,,5.6,,,,,,mg/L,2,N,A,150025B,,0,0,,,,,,25.0837,81.080581,,,FIU,FIU,,,,,,150025B,,EPA360.2,,299,,
FLAB25,FLAB,8/25/03,SAMP,MON,SA,G,,0.1,,8,DISSOLVED OXYGEN,DO,5.9,D,,5.9,,,,,,mg/L,2,N,A,150025,,0,0,,,,,,25.0837,81.080581,,,FIU,FIU,,,,,,150025,,EPA360.2,,299,,
FLAB25,FLAB,9/9/03,SAMP,MON,SA,G,,0.1,,8,DISSOLVED OXYGEN,DO,5.3,D,,5.3,,,,,,mg/L,2,N,A,151025,,0,0,,,,,,25.0837,81.080581,,,FIU,FIU,,,,,,151025,,EPA360.2,,299,,
FLAB25,FLAB,9/9/03,SAMP,MON,SA,G,,3.6,,8,DISSOLVED OXYGEN,DO,5.4,D,,5.4,,,,,,mg/L,2,N,A,151025B,,0,0,,,,,,25.0837,81.080581,,,FIU,FIU,,,,,,151025B,,EPA360.2,,299,,
FLAB25,FLAB,10/15/03,SAMP,MON,SA,G,,3.6,,8,DISSOLVED OXYGEN,DO,4.8,D,,4.8,,,,,,mg/L,2,N,A,152025B,,0,0,,,,,,25.0837,81.080581,,,FIU,FIU,,,,,,152025B,,EPA360.2,,299,,
FLAB25,FLAB,10/15/03,SAMP,MON,SA,G,,0.1,,8,DISSOLVED OXYGEN,DO,5.2,D,,5.2,,,,,,mg/L,2,N,A,152025,,0,0,,,,,,25.0837,81.080581,,,FIU,FIU,,,,,,152025,,EPA360.2,,299,,
FLAB25,FLAB,11/7/03,SAMP,MON,SA,G,,3.6,,8,DISSOLVED OXYGEN,DO,5.7,D,,5.7,,,,,,mg/L,2,N,A,153025B,,0,0,,,,,,25.0837,81.080581,,,FIU,FIU,,,,,,153025B,,EPA360.2,,299,,
FLAB25,FLAB,11/7/03,SAMP,MON,SA,G,,0.1,,8,DISSOLVED OXYGEN,DO,5.8,D,,5.8,,,,,,mg/L,2,N,A,153025,,0,0,,,,,,25.0837,81.080581,,,FIU,FIU,,,,,,153025,,EPA360.2,,299,,
FLAB25,FLAB,12/3/03,SAMP,MON,SA,G,,3.6,,8,DISSOLVED OXYGEN,DO,6.7,D,,6.7,,,,,,mg/L,2,N,A,154025B,,0,0,,,,,,25.0837,81.080581,,,FIU,FIU,,,,,,154025B,,EPA360.2,,299,,
FLAB25,FLAB,12/3/03,SAMP,MON,SA,G,,0.1,,8,DISSOLVED OXYGEN,DO,6.8,D,,6.8,,,,,,mg/L,2,N,A,154025,,0,0,,,,,,25.0837,81.080581,,,FIU,FIU,,,,,,154025,,EPA360.2,,299,,
FLAB25,FLAB,1/21/04,SAMP,MON,SA,G,,0.1,,8,DISSOLVED OXYGEN,DO,6.6,D,,6.6,,,,,,mg/L,2,N,A,155025,,0,0,,,,,,25.0837,81.080581,,,FIU,FIU,,,,,,155025,,EPA360.2,,299,,
FLAB25,FLAB,2/24/04,SAMP,MON,SA,G,,0.1,,8,DISSOLVED OXYGEN,DO,6,D,,6,,,,,,mg/L,2,N,A,156025,,0,0,,,,,,25.0837,81.080581,,,FIU,FIU,,,,,,156025,,EPA360.2,,299,,
FLAB25,FLAB,3/23/04,SAMP,MON,SA,G,,0.1,,8,DISSOLVED OXYGEN,DO,6,D,,6,,,,,,mg/L,2,N,A,157025,,0,0,,,,,,25.0837,81.080581,,,FIU,FIU,,,,,,157025,,EPA360.2,,299,,
FLAB25,FLAB,10/9/06,SAMP,MON,SA,G,,0,,8,DISSOLVED OXYGEN,DO,5.92,,,5.92,,1,,,,mg/L,2,N,A,FB188FB025UA,,0,0,,,,,,25.0837,81.080581,FIU,E76930,FIU,WMD,WMD,2,BA,CA,,AB64827,10/9/06 12:38,EPA 360.2,,299,,
FLAB25,FLAB,10/9/06,SAMP,MON,SA,G,,0,,8,DISSOLVED OXYGEN,DO,5.74,,,5.74,,1,,,,mg/L,2,N,A,FB188FB025UAB,,0,0,,,,,,25.0837,81.080581,FIU,E76930,FIU,WMD,WMD,2,BA,CA,,AB64827_B,,EPA 360.2,,299,Measurements done close to the bottom.,
FLAB25,FLAB,11/7/06,SAMP,MON,SA,G,,0,,8,DISSOLVED OXYGEN,DO,6.67,,,6.67,,1,,,,mg/L,2,N,A,FB189FB025UA,,0,0,,,,,,25.0837,81.080581,FIU,E76930,FIU,WMD,WMD,2,BA,CA,,AB70908,11/7/06 13:41,EPA 360.2,,299,,
FLAB25,FLAB,11/7/06,SAMP,MON,SA,G,,0,,8,DISSOLVED OXYGEN,DO,6.4,,,6.4,,1,,,,mg/L,2,N,A,FB189FB025UAB,,0,0,,,,,,25.0837,81.080581,FIU,E76930,FIU,WMD,WMD,2,BA,CA,,AB70908_B,,EPA 360.2,,299,Measurements done close to the bottom.,
FLAB25,FLAB,12/3/06,SAMP,MON,SA,G,,0,,8,DISSOLVED OXYGEN,DO,9.76,,,9.76,,1,,,,mg/L,2,N,A,FB190FB025UA,,0,0,,,,,,25.0837,81.080581,FIU,E76930,FIU,WMD,WMD,2,BA,CA,,AB72228,12/3/06 12:32,EPA 360.2,,299,,
FLAB25,FLAB,12/3/06,SAMP,MON,SA,G,,0,,8,DISSOLVED OXYGEN,DO,8.95,,,8.95,,1,,,,mg/L,2,N,A,FB190FB025UAB,,0,0,,,,,,25.0837,81.080581,FIU,E76930,FIU,WMD,WMD,2,BA,CA,,AB72228_B,,EPA 360.2,,299,Measurements done close to the bottom.,
FLAB25,FLAB,1/11/07,SAMP,MON,SA,G,,0,,8,DISSOLVED OXYGEN,DO,8.12,,,8.12,,1,,,,mg/L,2,N,A,FB191FB025UA,,0,0,,,,,,25.0837,81.080581,FIU,E76930,FIU,WMD,WMD,2,BA,CA,,AB74884,1/11/07 9:56,EPA 360.2,,299,,
FLAB25,FLAB,1/11/07,SAMP,MON,SA,G,,0,,8,DISSOLVED OXYGEN,DO,8.04,,,8.04,,1,,,,mg/L,2,N,A,FB191FB025UAB,,0,0,,,,,,25.0837,81.080581,FIU,E76930,FIU,WMD,WMD,2,BA,CA,,AB74884_B,,EPA 360.2,,299,Measurements done close to the bottom.,
FLAB25,FLAB,2/7/07,SAMP,MON,SA,G,,0,,8,DISSOLVED OXYGEN,DO,7.73,,,7.73,,1,,,,mg/L,2,N,A,FB192FB025UA,,0,0,,,,,,25.0837,81.080581,FIU,E76930,FIU,WMD,WMD,2,BA,CA,,AB76782,2/7/07 12:44,EPA 360.2,,299,,
FLAB25,FLAB,2/7/07,SAMP,MON,SA,G,,0,,8,DISSOLVED OXYGEN,DO,7.57,,,7.57,,1,,,,mg/L,2,N,A,FB192FB025UAB,,0,0,,,,,,25.0837,81.080581,FIU,E76930,FIU,WMD,WMD,2,BA,CA,,AB76782_B,,EPA 360.2,,299,Measurements done close to the bottom.,
FLAB25,FLAB,3/12/07,SAMP,MON,SA,G,,0,,8,DISSOLVED OXYGEN,DO,6.91,,,6.91,,1,,,,mg/L,2,N,A,FB193FB025UA,,0,0,,,,,,25.0837,81.080581,FIU,E76930,FIU,WMD,WMD,2,BA,CA,,AB78032,3/12/07 13:15,EPA 360.2,,299,,
FLAB25,FLAB,3/12/07,SAMP,MON,SA,G,,0,,8,DISSOLVED OXYGEN,DO,6.82,,,6.82,,1,,,,mg/L,2,N,A,FB193FB025UAB,,0,0,,,,,,25.0837,81.080581,FIU,E76930,FIU,WMD,WMD,2,BA,CA,,AB78032_B,,EPA 360.2,,299,Measurements done close to the bottom.,
FLAB25,FLAB,4/3/07,SAMP,MON,SA,G,,0,,8,DISSOLVED OXYGEN,DO,6.52,,,6.52,,1,,,,mg/L,2,N,A,FB194FB025UA,,0,0,,,,,,25.0837,81.080581,FIU,E76930,FIU,WMD,WMD,2,BA,CA,,AB79057,4/3/07 11:19,EPA 360.2,,299,,
FLAB25,FLAB,4/3/07,SAMP,MON,SA,G,,0,,8,DISSOLVED OXYGEN,DO,6.45,,,6.45,,1,,,,mg/L,2,N,A,FB194FB025UAB,,0,0,,,,,,25.0837,81.080581,FIU,E76930,FIU,WMD,WMD,2,BA,CA,,AB79057_B,,EPA 360.2,,299,Measurements done close to the bottom.,
FLAB25,FLAB,5/1/07,SAMP,MON,SA,G,,0,,8,DISSOLVED OXYGEN,DO,4.52,,,4.52,,1,,,,mg/L,2,N,A,FB195FB025UA,,0,0,,,,,,25.0837,81.080581,FIU,E76930,FIU,WMD,WMD,2,BA,CA,,AB82118,5/1/07 12:01,EPA 360.2,,299,,
FLAB25,FLAB,5/1/07,SAMP,MON,SA,G,,0,,8,DISSOLVED OXYGEN,DO,4.76,,,4.76,,1,,,,mg/L,2,N,A,FB195FB025UAB,,0,0,,,,,,25.0837,81.080581,FIU,E76930,FIU,WMD,WMD,2,BA,CA,,AB82118_B,,EPA 360.2,,299,Measurements done close to the bottom.,
FLAB25,FLAB,6/6/07,SAMP,MON,SA,G,,0,,8,DISSOLVED OXYGEN,DO,6.07,,,6.07,,1,,,,mg/L,2,N,A,FB196FB025UA,,0,0,,,,,,25.0837,81.080581,FIU,E76930,FIU,WMD,WMD,2,BA,CA,,AB84017,6/6/07 13:10,EPA 360.2,,299,,
FLAB25,FLAB,6/6/07,SAMP,MON,SA,G,,0,,8,DISSOLVED OXYGEN,DO,5.95,,,5.95,,1,,,,mg/L,2,N,A,FB196FB025UAB,,0,0,,,,,,25.0837,81.080581,FIU,E76930,FIU,WMD,WMD,2,BA,CA,,AB84017_B,,EPA 360.2,,299,Measurements done close to the bottom.,
FLAB25,FLAB,7/3/07,SAMP,MON,SA,G,,0,,8,DISSOLVED OXYGEN,DO,5.3,A,,5.3,,1,,,,mg/L,2,N,A,FB197FB025UA,,0,0,,,,,,25.0837,81.080581,FIU,E76930,FIU,WMD,WMD,2,BA,CA,,AB85596,7/3/07 11:53,EPA 360.2,,299,,
FLAB25,FLAB,7/3/07,SAMP,MON,SA,G,,0,,8,DISSOLVED OXYGEN,DO,5.58,A,,5.58,,1,,,,mg/L,2,N,A,FB197FB025UAB,,0,0,,,,,,25.0837,81.080581,FIU,E76930,FIU,WMD,WMD,2,BA,CA,,AB85596_B,,EPA 360.2,,299,Measurements done close to the bottom.,
FLAB25,FLAB,8/7/07,SAMP,MON,SA,G,,0,,8,DISSOLVED OXYGEN,DO,5.62,A,,5.62,,1,,,,mg/L,2,N,A,FB198FB025UA,,0,0,,,,,,25.0837,81.080581,FIU,E76930,FIU,WMD,WMD,2,BA,CA,,AB89053,8/7/07 11:15,EPA 360.2,,299,,
FLAB25,FLAB,8/7/07,SAMP,MON,SA,G,,0,,8,DISSOLVED OXYGEN,DO,5.6,A,,5.6,,1,,,,mg/L,2,N,A,FB198FB025UAB,,0,0,,,,,,25.0837,81.080581,FIU,E76930,FIU,WMD,WMD,2,BA,CA,,AB89053_B,,EPA 360.2,,299,Measurements done close to the bottom.,
FLAB25,FLAB,9/5/07,SAMP,MON,SA,G,,0,,8,DISSOLVED OXYGEN,DO,5.71,A,,5.71,,1,,,,mg/L,2,N,A,FB199FB025UA,,0,0,,,,,,25.0837,81.080581,FIU,E76930,FIU,WMD,WMD,2,BA,CA,,AB90724,9/5/07 10:39,EPA 360.2,,299,,
FLAB25,FLAB,9/5/07,SAMP,MON,SA,G,,0,,8,DISSOLVED OXYGEN,DO,5.71,A,,5.71,,1,,,,mg/L,2,N,A,FB199FB025UAB,,0,0,,,,,,25.0837,81.080581,FIU,E76930,FIU,WMD,WMD,2,BA,CA,,AB90724_B,,EPA 360.2,,299,Measurements done close to the bottom.,
FLAB25,FLAB,10/4/07,SAMP,MON,SA,G,,0,,8,DISSOLVED OXYGEN,DO,6.63,,,6.63,,1,,,,mg/L,2,N,A,FB200FB025,,0,0,,,,,,25.0837,81.080581,FIU,E76930,FIU,WMD,WMD,2,BA,CA,,AB92301,10/4/07 12:02,EPA 360.2,,299,,
FLAB25,FLAB,11/6/07,SAMP,MON,SA,G,,0,,8,DISSOLVED OXYGEN,DO,6.91,,,6.91,,1,,,,mg/L,2,N,A,FB201FB025,,0,0,,,,,,25.0837,81.080581,FIU,E76930,FIU,WMD,WMD,2,BA,CA,,AB93895,11/6/07 12:07,EPA 360.2,,299,,
FLAB25,FLAB,12/7/07,SAMP,MON,SA,G,,0,,8,DISSOLVED OXYGEN,DO,7.28,,,7.28,,1,,,,mg/L,2,N,A,FB202FB025,,0,0,,,,,,25.0837,81.080581,FIU,E76930,FIU,WMD,WMD,2,BA,CA,,AB94313,12/7/07 11:02,EPA 360.2,,299,,
FLAB25,FLAB,1/9/08,SAMP,MON,SA,G,,0,,8,DISSOLVED OXYGEN,DO,7.3,,,7.3,,1,,,,mg/L,2,N,A,FB203FB025,,0,0,,,,,,25.0837,81.080581,FIU,E76930,FIU,WMD,WMD,2,BA,CA,,AB95224,1/9/08 11:23,EPA 360.2,,299,,
FLAB25,FLAB,1/9/08,SAMP,MON,SA,G,,0,,8,DISSOLVED OXYGEN,DO,6.6,,,6.6,,1,,,,mg/L,2,N,A,FB203FB025B,,0,0,,,,,,25.0837,81.080581,FIU,E76930,FIU,WMD,WMD,2,BA,CA,,AB95224_B,,EPA 360.2,,299,Measurements done close to the bottom.,
FLAB25,FLAB,2/8/08,SAMP,MON,SA,G,,0,,8,DISSOLVED OXYGEN,DO,7.85,,,7.85,,1,,,,mg/L,2,N,A,FB204FB025,,0,0,,,,,,25.0837,81.080581,FIU,E76930,FIU,WMD,WMD,2,BA,CA,,AB95739,2/8/08 12:30,EPA 360.2,,299,,
FLAB25,FLAB,2/8/08,SAMP,MON,SA,G,,0,,8,DISSOLVED OXYGEN,DO,7.45,,,7.45,,1,,,,mg/L,2,N,A,FB204FB025B,,0,0,,,,,,25.0837,81.080581,FIU,E76930,FIU,WMD,WMD,2,BA,CA,,AB95739_B,,EPA 360.2,,299,Measurements done close to the bottom.,
FLAB25,FLAB,3/5/08,SAMP,MON,SA,G,,0,,8,DISSOLVED OXYGEN,DO,4.59,,,4.59,,1,,,,mg/L,2,N,A,FB205FB025,,0,0,,,,,,25.0837,81.080581,FIU,E76930,FIU,WMD,WMD,2,BA,CA,,AB95987,3/5/08 12:38,EPA 360.2,,299,,
FLAB25,FLAB,3/5/08,SAMP,MON,SA,G,,0,,8,DISSOLVED OXYGEN,DO,4.35,,,4.35,,1,,,,mg/L,2,N,A,FB205FB025B,,0,0,,,,,,25.0837,81.080581,FIU,E76930,FIU,WMD,WMD,2,BA,CA,,AB95987_B,,EPA 360.2,,299,Measurements done close to the bottom.,
FLAB25,FLAB,4/2/08,SAMP,MON,SA,G,,0,,8,DISSOLVED OXYGEN,DO,6.78,,,6.78,,1,,,,mg/L,2,N,A,FB206FB025,,0,0,,,,,,25.0837,81.080581,FIU,E76930,FIU,WMD,WMD,2,BA,CA,4/2/08 12:50,AB96576,4/2/08 12:50,EPA 360.2,,299,,
FLAB25,FLAB,4/2/08,SAMP,MON,SA,G,,0,,8,DISSOLVED OXYGEN,DO,6.57,,,6.57,,1,,,,mg/L,2,N,A,FB206FB025B,,0,0,,,,,,25.0837,81.080581,FIU,E76930,FIU,WMD,WMD,2,BA,CA,4/2/08 12:52,AB96576_B,4/2/08 12:52,EPA 360.2,,299,Measurements done close to the bottom.,
FLAB25,FLAB,5/7/08,SAMP,MON,SA,G,,0,,8,DISSOLVED OXYGEN,DO,7.27,,,7.27,,1,,,,mg/L,2,N,A,FB207FB025,,0,0,,,,,,25.0837,81.080581,FIU,E76930,FIU,WMD,WMD,2,BA,CA,5/7/08 10:18,AB97320,5/7/08 10:18,EPA 360.2,,299,,
FLAB25,FLAB,5/7/08,SAMP,MON,SA,G,,0,,8,DISSOLVED OXYGEN,DO,7.26,,,7.26,,1,,,,mg/L,2,N,A,FB207FB025B,,0,0,,,,,,25.0837,81.080581,FIU,E76930,FIU,WMD,WMD,2,BA,CA,5/7/08 10:20,AB97320_B,5/7/08 10:20,EPA 360.2,,299,Measurements done close to the bottom.,
FLAB25,FLAB,6/4/08,SAMP,MON,SA,G,,0,,8,DISSOLVED OXYGEN,DO,6.84,,,6.84,,1,,,,mg/L,2,N,A,FB208FB025,,0,0,,,,,,25.0837,81.080581,FIU,E76930,FIU,WMD,WMD,2,BA,CA,6/4/08 10:56,AB97884,6/4/08 10:56,EPA 360.2,,299,,
FLAB25,FLAB,6/4/08,SAMP,MON,SA,G,,0,,8,DISSOLVED OXYGEN,DO,6.73,,,6.73,,1,,,,mg/L,2,N,A,FB208FB025B,,0,0,,,,,,25.0837,81.080581,FIU,E76930,FIU,WMD,WMD,2,BA,CA,6/4/08 10:58,AB97884_B,6/4/08 10:58,EPA 360.2,,299,Measurements done close to the bottom.,
FLAB25,FLAB,1/7/09,SAMP,MON,SA,G,,0.5,,8,DISSOLVED OXYGEN,DO,6.03,,,6.03,,1,,,,mg/L,2,N,A,P42963-9,,1,2,,,3.3,,,25.0837,81.080581,FWEC,E46077,WMD,WMD,WMD,2,BA,NO,1/8/09 9:36,16142009,1/7/09 10:12,,,00299,light winds and light chop.  Sample with no visable solids.  Low incoming flow.  good deal of plant matter/alga observed in water column.,
FLAB25,FLAB,2/12/09,SAMP,MON,SA,G,,0.5,,8,DISSOLVED OXYGEN,DO,8.17,,,8.17,,1,,,,mg/L,2,N,A,P42978-6,,1,2,,,2.4,,,25.0837,81.080581,FWEC,E46077,WMD,WMD,WMD,2,BA,NO,2/12/09 15:47,16157006,2/12/09 11:55,,,00299,Very calm conditions.  No wind and very little flow.  Sample clear.,
FLAB25,FLAB,3/16/09,SAMP,MON,SA,G,,0.5,,8,DISSOLVED OXYGEN,DO,7.65,,,7.65,,1,,,,mg/L,2,N,A,P43361-6,,1,3,,,3.15,,,25.0837,81.080581,FWEC,E46077,WMD,WMD,WMD,2,BA,NO,3/17/09 10:29,16639006,3/16/09 14:11,,,00299,Increasing clouds and increasing winds.  light chop.  Sample clear.,
FLAB25,FLAB,4/20/09,SAMP,MON,SA,G,,0.5,,8,DISSOLVED OXYGEN,DO,5.43,,,5.43,,1,,,,mg/L,2,N,A,P43542-6,,1,3,,,3.9,,,25.0837,81.080581,FWEC,E46077,WMD,WMD,WMD,2,BA,NO,4/21/09 9:50,16865006,4/20/09 11:55,,,00299,choppy conditions with medium swell. Sample clear of solids.,
FLAB25,FLAB,5/18/09,SAMP,MON,SA,G,,0.5,,8,DISSOLVED OXYGEN,DO,6.84,,,6.84,,1,,,,mg/L,2,N,A,P43936-6,,1,3,,,3.8,,,25.0837,81.080581,FWEC,E46077,WMD,WMD,WMD,2,BA,NO,5/19/09 9:50,17327006,5/18/09 15:04,,,00299,Strog wind and moderate chop.  Sample clear,
FLAB25,FLAB,6/11/09,SAMP,MON,SA,G,,0.5,,8,DISSOLVED OXYGEN,DO,5.7,,,5.7,,1,,,,mg/L,2,N,A,P43955-6,,1,2,,,2.9,,,25.0837,81.080581,FWEC,E46077,WMD,WMD,WMD,2,BA,NO,6/11/09 16:09,17348006,6/11/09 11:44,,,00299,Calm conditions.  Sample clear of solids.,
FLAB25,FLAB,7/20/09,SAMP,MON,SA,G,,0.5,,8,DISSOLVED OXYGEN,DO,5.62,,,5.62,,1,,,,mg/L,2,N,A,P44584-6,,1,2,,,3.71,,,25.0837,81.080581,FWEC,E46077,WMD,WMD,WMD,2,BA,NO,7/21/09 10:16,18191020,7/20/09 13:23,,,00299,"sample clear, no solids.  strong incoming flow.  calm seas. sunny, temp 95-97 degrees F.",
FLAB25,FLAB,8/17/09,SAMP,MON,SA,G,,0.5,,8,DISSOLVED OXYGEN,DO,5.7,,,5.7,,1,,,,mg/L,2,N,A,P44716-6,,1,2,,,3.9,,,25.0837,81.080581,FWEC,E46077,WMD,WMD,WMD,2,BA,NO,8/18/09 11:13,18361017,8/17/09 12:22,,,00299,"Sample clear, no visible solids.  Slight sediment in sample bucket.  Seaweed on surface. Very rough conditions.  Seas 4-4, wind 20 knots.  Sunny with some cloud coverage.  Temperature low to mid 90's degrees F.",
FLAB25,FLAB,9/15/09,SAMP,MON,SA,G,,0.5,,8,DISSOLVED OXYGEN,DO,5.46,,,5.46,,1,,,,mg/L,2,N,A,P45421-8,,1,2,,,3.8,,,25.0837,81.080581,FWEC,E46077,WMD,WMD,WMD,2,BA,NO,9/16/09 10:46,19266008,9/15/09 9:45,,,00299,"Sample clear, with low solids.  Some sediment in sample bucket.  Moderate incoming flow, light chop on water.  Soem seagrass floating on water surface.",
FLAB25,FLAB,10/12/09,SAMP,MON,SA,G,,0.5,,8,DISSOLVED OXYGEN,DO,5.93,,,5.93,,1,,,,mg/L,2,N,A,P45906-6,,1,2,,,3.2,,,25.0837,81.080581,FWEC,E46077,WMD,WMD,WMD,2,BA,NO,10/13/09 9:43,19878006,10/12/09 12:35,,,00299,Sample clear with no visible solids. Moderate flow. 2.5' chop on water's surface with winds approx. 15-20 mph.,
FLAB25,FLAB,11/12/09,SAMP,MON,SA,G,,0.5,,8,DISSOLVED OXYGEN,DO,6.2,,,6.2,,1,,,,mg/L,2,N,A,P46183-11,,1,4,,,3.9,,,25.0837,81.080581,FWEC,E46077,WMD,WMD,WMD,2,BA,NO,11/13/09 10:04,20232011,11/12/09 9:53,,,00299,"Sample pale yellow-green, with low solids.  Very choppy, seas 3-4, strong incoming flow. Winds 20 mph.",
FLAB25,FLAB,12/7/09,SAMP,MON,SA,G,,0.5,m,8,DISSOLVED OXYGEN,DO,6.42,,,6.42,,1,,,,mg/L,2,N,A,P46552-6,,1,1,,,,,,25.0837,81.080581,FWEC,E46077,WMD,WMD,WMD,2,BA,NO,12/8/09 10:37,20736006,12/7/09 13:22,,,00299,"Sample clear, no visible solids.  Low flow.  Moderate chop.  Winds 5-10 mph.",
FLAB25,FLAB,1/11/10,SAMP,MON,SA,G,,0.5,m,8,DISSOLVED OXYGEN,DO,8.82,,,8.82,,1,,,,mg/L,2,N,A,P46793-2,,1,1,,,,,,25.0837,81.080581,FWEC,E46077,WMD,WMD,WMD,2,BA,NO,1/12/10 11:13,21031002,1/11/10 13:00,,,299,"Sample cloudy pale yellow, with medium solids.  Strong incoming flow. Rough seas 2-3 feet.  Winds 15-20mph.  Water temperatures below 10 degrees C. WARNING: TEMP exceeds QC limit of 10 to 35 Celsius",
FLAB25,FLAB,2/8/10,SAMP,MON,SA,G,,0.5,m,8,DISSOLVED OXYGEN,DO,7.19,,,7.19,,1,,,,mg/L,2,N,A,P47183-2,,1,3,,,,,,25.0837,81.080581,FWEC,E46077,WMD,WMD,WMD,2,BA,NO,2/9/10 12:49,21666002,2/8/10 12:31,,,00299,"Sample clear, no visible solids.  Low flow.  Slight chop on water. Winds 5-10mph.",
FLAB25,FLAB,3/8/10,SAMP,MON,SA,G,,0.5,m,8,DISSOLVED OXYGEN,DO,7.94,,,7.94,,1,,,,mg/L,2,N,A,P47472-2,,1,1,,,,,,25.0837,81.080581,FWEC,E46077,WMD,WMD,WMD,2,BA,NO,3/9/10 10:29,22046002,3/8/10 12:37,,,00299,"Sample pale green with no visible solids. Calm conditions, with minimal chop.  Low flow.  FCEB taken at this station.",
FLAB25,FLAB,4/13/10,SAMP,MON,SA,G,,0.5,m,8,DISSOLVED OXYGEN,DO,6.71,,,6.71,,1,,,,mg/L,2,N,A,P47829-9,,1,1,,,,,,25.0837,81.080581,FWEC,E46077,WMD,WMD,WMD,2,BA,NO,4/15/10 9:04,22511009,4/13/10 9:18,,,00299,"Sample pale green, low solids.  Moderate flow.  Water choppy, seas 1-2 feet.  Winds 10-12mph.",
FLAB25,FLAB,5/10/10,SAMP,MON,SA,G,,0.5,m,8,DISSOLVED OXYGEN,DO,5.68,,,5.68,,1,,,,mg/L,2,N,A,P48081-2,,1,1,,,,,,25.0837,81.080581,FWEC,E46077,WMD,WMD,WMD,2,BA,NO,5/11/10 10:36,22817002,5/10/10 13:09,,,00299,"Sample clear, no visible solids.  Water very choppy, 2-3 foot seas.  Moderate flow.  Winds 15-18mph.",
FLAB25,FLAB,6/8/10,SAMP,MON,SA,G,,0.5,m,8,DISSOLVED OXYGEN,DO,5.33,,,5.33,,1,,,,mg/L,2,N,A,P48380-8,,1,2,,,,,,25.0837,81.080581,FWEC,E46077,WMD,WMD,WMD,2,BA,NO,6/9/10 12:12,23194008,6/8/10 9:43,,,00299,Sample is light green with low suspended solids present. Strong flow with light chop up to 8 inch and constant winds up 6 mph.,
FLAB25,FLAB,7/20/10,SAMP,MON,SA,G,,0.5,m,8,DISSOLVED OXYGEN,DO,6.26,,,6.26,,1,,,,mg/L,2,N,A,P48679-2,,1,1,,,,,,25.0837,81.080581,FWEC,E46077,WMD,WMD,WMD,2,BA,NO,7/21/10 11:25,23536002,7/20/10 15:33,,,00299,"Sample light green, low solids.  Seas choppy, 2-3 feet.  Winds 15-20mph.  Strong incoming flow.",
FLAB25,FLAB,8/16/10,SAMP,MON,SA,G,,0.5,m,8,DISSOLVED OXYGEN,DO,5.2,,,5.2,,1,,,,mg/L,2,N,A,P48893-2,,1,2,,,,,,25.0837,81.080581,FWEC,E46077,WMD,WMD,WMD,2,BA,NO,8/17/10 10:08,23830002,8/16/10 12:59,,,00299,"Sample pale green, with medium solids.  Low flow.  Calm water, minimal chop. Winds 2-5mph.",
FLAB25,FLAB,9/22/10,SAMP,MON,SA,G,,0.5,m,8,DISSOLVED OXYGEN,DO,5.27,,,5.27,,1,,,,mg/L,2,N,A,P49172-8,,1,1,,,,,,25.0837,81.080581,FWEC,E46077,WMD,WMD,WMD,2,BA,NO,9/23/10 11:08,24186008,9/22/10 9:43,,,00299,"Sample light green, low solids.  Minimal chop, 1 foot seas.  Moderate incoming flow.  Winds 5mph, with 8mph gusts.",
FLAB25,FLAB,10/19/10,SAMP,MON,SA,G,,0.5,m,8,DISSOLVED OXYGEN,DO,6.69,,,6.69,,1,,,,mg/L,2,N,A,P49628-2,,1,1,,,,,,25.0837,81.080581,FWEC,E46077,WMD,WMD,WMD,2,BA,NO,10/20/10 11:05,24783002,10/19/10 13:05,,,00299,"Sample light green, low solids.  Low flow.  Calm water, light chop.  Winds 0-2mph.",
FLAB25,FLAB,11/16/10,SAMP,MON,SA,G,,0.5,m,8,DISSOLVED OXYGEN,DO,7.44,,,7.44,,1,,,,mg/L,2,N,A,P50070-2,,1,1,,,,,,25.0837,81.080581,FWEC,E46077,WMD,WMD,WMD,2,BA,NO,11/17/10 10:56,25358002,11/16/10 13:16,,,00299,"Sample light green, low solids.  Low outgoing flow.  Calm water, minimal chop. Wind 1-2mph.",
FLAB25,FLAB,12/14/10,SAMP,MON,SA,G,,0.5,m,8,DISSOLVED OXYGEN,DO,7.86,,,7.86,,1,,,,mg/L,2,N,A,P50474-2,,1,1,,,,,,25.0837,81.080581,FWEC,E46077,WMD,WMD,WMD,2,BA,NO,12/15/10 10:14,25855002,12/14/10 13:22,,,00299,"Sample pale yellow, medium solids.  Choppy water, 3-4 foot swells.  Winds 10-12mph.  Moderate incoming flow.",
FLAB25,FLAB,1/4/11,SAMP,MON,SA,G,,0.5,m,8,DISSOLVED OXYGEN,DO,6.76,,,6.76,,1,,,,mg/L,2,N,A,P50635-2,,1,1,,,,,,25.0837,81.080581,FWEC,E46077,WMD,WMD,WMD,2,BA,NO,1/5/11 11:04,26109002,1/4/11 13:17,,,00299,"Very low flow at station.  Very low to no chop.  No wind.  Sample light greenish yellow, moderate solids.",
FLAB25,FLAB,2/17/11,SAMP,MON,SA,G,,0.5,m,8,DISSOLVED OXYGEN,DO,7.9,,,7.9,,1,,,,mg/L,2,N,A,P50937-2,,0,3,,,,,,25.0837,81.080581,WMD,FIELD,FLD,WMD,WMD,2,BA,NO,2/18/11 13:41,26504002,2/17/11 10:40,,,00299,"Wind E 5-10, Lt chop",
FLAB25,FLAB,3/15/11,SAMP,MON,SA,G,,0.5,m,8,DISSOLVED OXYGEN,DO,7.01,,,7.01,,1,,,,mg/L,2,N,A,P51527-9,,1,3,,,,,,25.0837,81.080581,FWEC,FIELD,FLD,WMD,WMD,2,BA,NO,3/16/11 10:05,27310009,3/15/11 10:25,,,00299,"Sample palm green. Light chop on water, light incoming flow. Wind 0-5mph.",
FLAB25,FLAB,4/6/11,SAMP,MON,SA,G,,0.5,m,8,DISSOLVED OXYGEN,DO,6.01,,,6.01,,1,,,,mg/L,2,N,A,P52286-9,,1,2,,,,,,25.0837,81.080581,FWEC,FIELD,FLD,WMD,WMD,2,BA,NO,4/7/11 11:30,28396009,4/6/11 10:35,,,00299,"Sample light green, 10-15mph NE",
FLAB25,FLAB,5/4/11,SAMP,MON,SA,G,,0.5,m,8,DISSOLVED OXYGEN,DO,5.46,,,5.46,,1,,,,mg/L,2,N,A,P52287-9,,1,1,,,,,,25.0837,81.080581,FWEC,FIELD,FLD,WMD,WMD,2,BA,NO,5/5/11 9:36,28398009,5/4/11 10:01,,,00299,Sample pale green.  1 foot chop on water.  Winds 5-7 mph. Moderate incoming flow.,
FLAB25,FLAB,6/13/11,SAMP,MON,SA,G,,0.5,m,8,DISSOLVED OXYGEN,DO,5.51,,,5.51,,1,,,,mg/L,2,N,A,P52281-2,,1,1,,,,,,25.0837,81.080581,FWEC,FIELD,FLD,WMD,WMD,2,BA,NO,6/14/11 10:08,28391002,6/13/11 12:57,,,00299,Sample is pale green with low suspended sollids present. Moderate incoming tide with westerly winds from 2-6 mph.,
FLAB25,FLAB,7/12/11,SAMP,MON,SA,G,,0.5,m,8,DISSOLVED OXYGEN,DO,5.1,,,5.1,,1,,,,mg/L,2,N,A,P52282-2,,1,1,,,,,,25.0837,81.080581,FWEC,FIELD,FLD,WMD,WMD,2,BA,NO,7/13/11 13:07,28392002,,,,00299,Sample is clear with no visible suspended solids present.  Moderate to strong flow with chop up to 1.5 feet and swell up to 2 feet and winds from the southwest at 5 to 10 mph.  SECCHI ON BOTTOM,
FLAB25,FLAB,8/16/11,SAMP,MON,SA,G,,0.5,m,8,DISSOLVED OXYGEN,DO,4.82,,,4.82,,1,,,,mg/L,2,N,A,P52283-2,,1,1,,,,,,25.0837,81.080581,FWEC,FIELD,FLD,WMD,WMD,2,BA,NO,8/17/11 10:32,28393002,8/16/11 12:42,,,00299,Sample is pale green with low suspended solids present. Strong flow with light chop up to 1.5 feet and light variable winds from southwest at 6 to 10 mph.,
FLAB25,FLAB,9/12/11,SAMP,MON,SA,G,,0.5,m,8,DISSOLVED OXYGEN,DO,5.07,,,5.07,,1,,,,mg/L,2,N,A,P52284-2,,0,1,,,,,,25.0837,81.080581,FWEC,FIELD,FLD,WMD,WMD,2,BA,NO,9/13/11 10:18,28394002,9/12/11 12:32,,,00299,Sample is pale green with low suspended solids present. Light current with mid rising tide and chop up to 2 feet and 5 to 10 mph winds from the east southeast.,
FLAB25,FLAB,10/4/11,SAMP,MON,SA,G,,0.5,m,8,DISSOLVED OXYGEN,DO,6.12,,,6.12,,1,,,,mg/L,2,N,A,P52285-2,,0,3,,,,,,25.0837,81.080581,WMD,FIELD,FLD,WMD,WMD,2,BA,NO,10/5/11 10:35,28395002,10/4/11 9:00,,,00299,"Overcast, wind NNE 15-20, seas 1-3",
FLAB25,FLAB,12/6/11,SAMP,MON,SA,G,,0.5,m,8,DISSOLVED OXYGEN,DO,6.94,,,6.94,,1,,,,mg/L,2,N,A,P54071-2,,0,1,,,,,,25.0837,81.080581,WMD,FIELD,FLD,WMD,WMD,2,BA,NO,12/7/11 12:15,30610002,12/6/11 9:42,,,00299,"Clear skies,flood tide, wind E 5-10, lt chop",
FLAB25,FLAB,2/1/12,SAMP,MON,SA,G,,0.5,m,8,DISSOLVED OXYGEN,DO,7.01,,,7.01,,1,,,,mg/L,2,N,A,P55306-1,,0,1,,,,,,25.0837,81.080581,WMD,FIELD,FLD,WMD,WMD,2,BA,NO,2/2/12 10:08,32254001,2/1/12 9:21,,,00299,"Wind NE 10-15, seas 1-2 ft, flood tide",
FLAB25,FLAB,4/11/12,SAMP,MON,SA,G,,0.5,m,8,DISSOLVED OXYGEN,DO,7.47,,,7.47,,1,,,,mg/L,2,N,A,P55314-9,,0,2,,,,,,25.0837,81.080581,WMD,FIELD,FLD,WMD,WMD,2,BA,NO,4/12/12 10:52,32262009,4/11/12 11:22,,,00299,"Wind and seas calm, ebb tide",
FLAB25,FLAB,6/13/12,SAMP,MON,SA,G,,0.5,m,8,DISSOLVED OXYGEN,DO,5.62,,,5.62,,1,,,,mg/L,2,N,A,P55929-1,,0,2,,,,,,25.0837,81.080581,WMD,FIELD,FLD,WMD,WMD,2,BA,NO,6/13/12 16:02,33112001,6/13/12 10:30,,,00299,Calm conditions.  No chop.  Moderate flood tide.  No wind.,
FLAB25,FLAB,8/13/12,SAMP,MON,SA,G,,0.5,m,8,DISSOLVED OXYGEN,DO,5.17,,,5.17,,1,,,,mg/L,2,N,A,P56205-1,,0,3,,,,,,25.0837,81.080581,WMD,FIELD,FLD,WMD,WMD,2,BA,NO,8/14/12 10:15,33464001,8/13/12 11:17,,,00299,SE winds at 5-10 knots.  Light chop with 1-2 foor chop.  Flood tide.,
FLAB25,FLAB,10/11/12,SAMP,MON,SA,G,,0.5,m,8,DISSOLVED OXYGEN,DO,4.86,,,4.86,,1,,,,mg/L,2,N,A,P56209-1,,0,2,,,,,,25.0837,81.080581,WMD,FIELD,FLD,WMD,WMD,2,BA,NO,10/11/12 15:43,33468001,10/11/12 8:45,,,00299,NE breeze. 1-2 foot chop.  Flood tide.,
FLAB25,FLAB,12/10/12,SAMP,MON,SA,G,,0.5,m,8,DISSOLVED OXYGEN,DO,5.02,,,5.02,,1,,,,mg/L,2,N,A,P56856-1,,0,2,,,,,,25.0837,81.080581,WMD,FIELD,FLD,WMD,WMD,2,BA,NO,12/11/12 10:39,34311001,12/10/12 11:03,,,00299,Wind out of the SE 5-7kts. Light wave action.,
FLAB25,FLAB,2/5/13,SAMP,MON,SA,G,,0.5,m,8,DISSOLVED OXYGEN,DO,7.56,,,7.56,,1,,,,mg/L,2,N,A,P61818-1,,0,1,,,,,,25.0837,81.080581,WMD,FIELD,FLD,WMD,WMD,2,BA,NO,2/6/13 9:38,39392001,2/5/13 10:43,,,00299,"Light wind out of the east, less than 5 kts. Less than 1 ft wave action.",
FLAB25,FLAB,4/18/13,SAMP,MON,SA,G,,0.5,m,8,DISSOLVED OXYGEN,DO,6.06,,,6.06,,1,,,,mg/L,2,N,A,P61819-1,,0,4,,,,,,25.0837,81.080581,WMD,FIELD,FLD,WMD,WMD,2,PD,NO,4/18/13 15:12,39393001,4/18/13 7:54,,,00299,ESE winds 10-15 kts. Waves 1.5-2 ft at 2 second period.,
FLAB25,FLAB,6/17/13,SAMP,MON,SA,G,,0.5,m,8,DISSOLVED OXYGEN,DO,6,J,yes,6,,1,,,,mg/L,2,N,A,P63880-1,,0,2,,,,,,25.0837,81.080581,WMD,FIELD,FLD,WMD,WMD,2,PD,NO,6/18/13 10:47,40691001,6/17/13 10:04,,,00299,"1-2ft chop, wind southeast 10-15,",CCV of D.O. FAILED. Precision or accuracy criteria not met
FLAB25,FLAB,8/13/13,SAMP,MON,SA,G,,0.5,m,8,DISSOLVED OXYGEN,DO,6.35,,,6.35,,1,,,,mg/L,2,N,A,P63881-1,,0,3,,,,,,25.0837,81.080581,WMD,FIELD,FLD,WMD,WMD,2,PD,NO,8/13/13 16:32,40692001,8/13/13 10:20,,,00299,Light chop on surface. E wind 5-10 kt. Moderate current.,
FLAB25,FLAB,10/28/13,SAMP,MON,SA,G,,0.5,m,8,DISSOLVED OXYGEN,DO,5.98,,,5.98,,1,,,,mg/L,2,N,A,P65941-1,,0,2,,,,,,25.0837,81.080581,WMD,FIELD,FLD,WMD,WMD,2,PD,NO,10/29/13 7:37,42392001,10/28/13 10:00,,,00299,Moderate chop. E wind approx 15 kt. Moderate current.,
FLAB25,FLAB,12/11/13,SAMP,MON,SA,G,,0.5,m,8,DISSOLVED OXYGEN,DO,6.19,,,6.19,,1,,,,mg/L,2,N,A,P68531-1,,0,2,,,,,,25.0837,81.080581,WMD,FIELD,FLD,WMD,WMD,2,PD,NO,12/11/13 16:43,44202001,12/11/13 10:24,,,00299,"Moderate chop, E wind 10-15.",
FLAB25,FLAB,2/26/14,SAMP,MON,SA,G,,0.5,m,8,DISSOLVED OXYGEN,DO,6.16,,,6.16,,1,,,,mg/L,2,N,A,P70123-1,,0,1,,,,,,25.0837,81.080581,WMD,FIELD,FLD,WMD,WMD,2,PD,NO,2/26/14 15:34,45273001,2/26/14 8:32,,,00299,"Glassy smooth water. No noticeable wind, slight incoming tide.",
FLAB25,FLAB,4/7/14,SAMP,MON,SA,G,,0.5,m,8,DISSOLVED OXYGEN,DO,6.77,,,6.77,,1,,,,mg/L,2,N,A,P70124-1,,0,1,,,,,,25.0837,81.080581,WMD,FIELD,FLD,WMD,WMD,2,PD,NO,4/8/14 9:44,45274001,,,,00299,"Moderate chop, 1 to 3 ft due to 15kt SE winds. Sample area contained floating vegetation.",
FLAB25,FLAB,6/9/14,SAMP,MON,SA,G,,0.5,m,8,DISSOLVED OXYGEN,DO,6.14,,,6.14,,1,,,,mg/L,2,N,A,P71707-1,,0,2,,,,,,25.0837,81.080581,WMD,FIELD,FLD,WMD,WMD,2,PD,NO,6/10/14 10:14,46555001,6/9/14 11:12,,,299,"Wind 0-5 kts from the South, <1ft chop, incoming tide.",
FLAB25,FLAB,8/5/14,SAMP,MON,SA,G,,0.5,m,8,DISSOLVED OXYGEN,DO,5.8,,,5.8,,1,,,,mg/L,2,N,A,P72712-1,,0,2,,,,,,25.0837,81.080581,WMD,FIELD,FLD,WMD,WMD,2,PD,NO,8/6/14 10:14,46928001,8/5/14 10:31,,,00299,"Calm conditions, SW winds less than 5 kts. Small amount of single piece turtle and manatee grasses on surface. Water is visibly cloudy, milky. Incoming tide.",
FLAB25,FLAB,10/20/14,SAMP,MON,SA,G,,0.5,m,8,DISSOLVED OXYGEN,DO,6.13,,,6.13,,1,,,,mg/L,2,N,A,P74736-1,,0,4,,,,,,25.0837,81.080581,WMD,FIELD,FLD,WMD,WMD,2,PD,NO,10/21/14 10:29,48700001,10/20/14 10:21,,,00299,"Incoming tide, light chop",
FLAB25,FLAB,12/17/14,SAMP,MON,SA,G,,0.5,m,8,DISSOLVED OXYGEN,DO,6.61,,,6.61,,1,,,,mg/L,2,N,A,P74738-1,,0,1,,,,,,25.0837,81.080581,WMD,FIELD,FLD,WMD,WMD,2,PD,NO,12/17/14 15:07,48702001,12/17/14 8:33,,,00299,"Incoming tide, NE wind 5-10, seas 1-2 feet. Small amount of floating vegetation pieces visible on water surface.",
FLAB25,FLAB,2/16/15,SAMP,MON,SA,G,,0.5,m,8,DISSOLVED OXYGEN,DO,7.45,,,7.45,,1,,,,mg/L,2,N,A,P74737-1,,0,2,,,,,,25.0837,81.080581,WMD,FIELD,FLD,WMD,WMD,2,PD,NO,2/17/15 16:26,48701001,2/16/15 10:58,,,299,"Moderate chop, E wind 10-15",
FLAB25,FLAB,4/13/15,SAMP,MON,SA,G,,0.5,m,8,DISSOLVED OXYGEN,DO,6.49,J,yes,6.49,,1,,,,mg/L,2,N,A,P75445-1,,0,2,,,,,,25.0837,81.080581,WMD,FIELD,FLD,WMD,WMD,2,PD,NO,4/14/15 11:19,49159001,4/13/15 11:18,SFWMD-FSQM,,299,"SE wind 15-20, 2-3 ft chop with white caps",CCV for DO failed. Precision or accuracy criteria not met
FLAB25,FLAB,6/9/15,SAMP,MON,SA,G,,0.5,m,8,DISSOLVED OXYGEN,DO,6.59,J,yes,6.59,,1,,,,mg/L,2,N,A,P74739-1,,0,1,,,,,,25.0837,81.080581,WMD,FIELD,FLD,WMD,WMD,2,PD,NO,6/10/15 10:00,48703001,6/9/15 11:10,SFWMD-FSQM,,00299,,ICV for DO failed or not documented correctly. Improper laboratory or field protocol
FLAB25,FLAB,8/25/15,SAMP,MON,SA,G,,0.5,m,8,DISSOLVED OXYGEN,DO,5.62,,,5.62,,1,,,,mg/L,2,N,A,P78245-1,,0,2,,,,,,25.0837,81.080581,WMD,FIELD,FLD,WMD,WMD,2,PD,NO,8/26/15 11:35,51480001,8/25/15 11:39,SFWMD-FSQM,,00299,"Calm seas, winds 0-5mph. High tide.",
FLAB25,FLAB,10/7/15,SAMP,MON,SA,G,,0.5,m,8,DISSOLVED OXYGEN,DO,5.78,,,5.78,,1,,,,mg/L,2,N,A,P80870-1,,0,3,,,,,,25.0837,81.080581,WMD,FIELD,FLD,WMD,WMD,2,PD,NO,10/7/15 14:57,53692001,10/7/15 8:17,SFWMD-FSQM,,00299,"1-2 seas, light west winds, light amount of loose vegetation floating on surface. Incoming tide.",
FLAB25,FLAB,1/21/16,SAMP,MON,SA,G,,0.5,m,8,DISSOLVED OXYGEN,DO,8.13,,,8.13,,1,,,,mg/L,2,N,A,P82416-1,,0,2,,,,,,25.0837,81.080581,WMD,FIELD,FLD,WMD,WMD,2,PD,NO,1/21/16 19:26,54965001,1/21/16 10:38,SFWMD-FSQM,,00299,"Slight chop, 1 ft or less. Winds 10-15.",
FLAB25,FLAB,2/16/16,SAMP,MON,SA,G,,0.5,m,8,DISSOLVED OXYGEN,DO,7.52,,,7.52,,1,,,,mg/L,2,N,A,P82935-1,,0,4,,,,,,25.0837,81.080581,WMD,FIELD,FLD,WMD,WMD,2,PD,NO,2/16/16 17:41,55400001,2/16/16 11:27,SFWMD-FSQM,,00299,"Overcast, west winds 5-10kts, seas 1-2ft, sample area clear.",
FLAB25,FLAB,4/14/16,SAMP,MON,SA,G,,0.5,m,8,DISSOLVED OXYGEN,DO,2.5,,,2.5,,1,,,,mg/L,2,N,A,P83568-1,,0,1,,,,,,25.0837,81.080581,WMD,FIELD,FLD,WMD,WMD,2,PD,NO,4/14/16 16:26,55991001,4/14/16 10:36,SFWMD-FSQM,,00299,Light winds out of the SE. Small rolling waves.,
FLAB25,FLAB,6/29/16,SAMP,MON,SA,G,,0.5,m,8,DISSOLVED OXYGEN,DO,5.99,,,5.99,,1,,,,mg/L,2,N,A,P84316-1,,0,4,,,,,,25.0837,81.080581,WMD,FIELD,FLD,WMD,WMD,2,PD,NO,6/29/16 15:53,56588001,6/29/16 8:37,SFWMD-FSQM,,00299,"1foot chop observed, wind east 10-15, some floating vegetation on surface, sample collected clear area,",
FLAB25,FLAB,8/25/16,SAMP,MON,SA,G,,0.5,m,8,DISSOLVED OXYGEN,DO,5.62,,,5.62,,1,,,,mg/L,2,N,A,P84638-1,,0,3,,,,,,25.0837,81.080581,WMD,FIELD,FLD,WMD,WMD,2,PD,NO,8/25/16 15:14,56878001,8/25/16 9:03,SFWMD-FSQM,,00299,"High tide, E winds 10kts, light chop, sample area clear.",
FLAB25,FLAB,10/24/16,SAMP,MON,SA,G,,0.5,m,8,DISSOLVED OXYGEN,DO,6.49,,,6.49,,1,,,,mg/L,2,N,A,P86137-1,,0,3,,,,,,25.0837,81.080581,WMD,FIELD,FLD,WMD,WMD,2,PD,NO,10/24/16 16:01,58226001,10/24/16 9:50,SFWMD-FSQM,,299,"NE winds 15kt, moderate chop, sample area clear otherwise.",
FLAB25,FLAB,12/21/16,SAMP,MON,SA,G,,0.5,m,8,DISSOLVED OXYGEN,DO,6.6,,,6.6,,1,,,,mg/L,2,N,A,P86766-1,,0,1,,,,,,25.0837,81.080581,WMD,FIELD,FLD,WMD,WMD,2,PD,NO,12/21/16 16:26,58611001,12/21/16 9:17,SFWMD-FSQM,,00299,"NE winds 10-15 kts, moderate chop, sample area clear.",
FLAB25,FLAB,2/20/17,SAMP,MON,SA,G,,0.5,m,8,DISSOLVED OXYGEN,DO,6.53,,,6.53,,1,,,,mg/L,2,N,A,P87700-1,,0,2,,,,,,25.0837,81.080581,WMD,FIELD,FLD,WMD,WMD,2,PD,NO,2/20/17 16:54,59456001,2/20/17 9:43,SFWMD-FSQM,,00299,"NE winds 10-15 kts, waters moderate chop, light amount of loose sea grass on surface.",
FLAB25,FLAB,4/20/17,SAMP,MON,SA,G,,0.5,m,8,DISSOLVED OXYGEN,DO,6.48,,,6.48,,1,,,,mg/L,2,N,A,P87830-1,,0,5,,,,,,25.0837,81.080581,WMD,FIELD,FLD,WMD,WMD,2,PD,NO,4/20/17 18:58,59588001,4/20/17 11:00,SFWMD-FSQM,,299,"Had 2-4 foot seas, moderate amount of loose sea grass floating on the surface, light rain with 15-20 knot east winds.  Sample collected by DA.",
FLAB25,FLAB,8/1/17,SAMP,MON,SA,G,,0.5,m,8,DISSOLVED OXYGEN,DO,5.62,,,5.62,,1,,,,mg/L,2,N,A,P89179-1,,0,0,,,,,,25.0837,81.080581,WMD,FIELD,FLD,WMD,WMD,2,PD,NO,8/1/17 16:07,60830001,8/1/17 9:19,SFWMD-FSQM,,299,"Seas 2-4ft, moderate to heavy chop, heavy amount of loose sea grass and sargassum floating on surface, SW winds 10kts.",
FLAB25,FLAB,10/12/17,SAMP,MON,SA,G,,0.5,m,8,DISSOLVED OXYGEN,DO,6.39,,,6.39,,1,,,,mg/L,2,N,A,P88721-1,,0,0,,,,,,25.0837,81.080581,WMD,FIELD,FLD,WMD,WMD,2,PD,NO,10/12/17 19:00,60388001,10/12/17 13:10,SFWMD-FSQM,,00299,,
FLAB25,FLAB,12/13/17,SAMP,MON,SA,G,,0.5,m,8,DISSOLVED OXYGEN,DO,7.95,,,7.95,,1,,,,mg/L,2,N,A,P91159-1,,0,0,,,,,,25.0837,81.080581,WMD,FIELD,FLD,WMD,WMD,2,PD,NO,12/13/17 16:37,62572001,12/13/17 9:33,SFWMD-FSQM,,00299,2-4 ft seas. Murky brown water.,
FLAB25,FLAB,2/28/18,SAMP,MON,SA,G,,0.5,m,8,DISSOLVED OXYGEN,DO,0.25,,,0.25,,1,,,,mg/L,2,N,A,P92112-1,,0,0,,,,,,25.0837,81.080581,WMD,FIELD,FLD,WMD,WMD,2,PD,NO,3/1/18 6:58,63445001,2/28/18 9:49,SFWMD-FSQM,,299,Moderate chop. Cloudy water.,
FLAB25,FLAB,4/10/18,SAMP,MON,SA,G,,0.5,m,8,DISSOLVED OXYGEN,DO,4.35,,,4.35,,1,,,,mg/L,2,N,A,P92872-1,,0,0,,,,,,25.0837,81.080581,WMD,FIELD,FLD,WMD,WMD,2,PD,NO,4/11/18 6:42,64061001,4/10/18 10:01,SFWMD-FSQM,,00299,1- ft seas. Green water. Light dead floating vegetation in area. Avoided during collection,
FLAB25,FLAB,6/7/18,SAMP,MON,SA,G,,0.5,m,8,DISSOLVED OXYGEN,DO,5.92,,,5.92,,1,,,,mg/L,2,N,A,P93694-1,,0,0,,,,,,25.0837,81.080581,WMD,FIELD,FLD,WMD,WMD,2,PD,NO,6/7/18 16:24,64892001,6/7/18 9:07,SFWMD-FSQM,,00299,,
FLAB25,FLAB,8/6/18,SAMP,MON,SA,G,,0.5,m,8,DISSOLVED OXYGEN,DO,5.83,,,5.83,,1,,,,mg/L,2,N,A,P94931-1,,0,0,,,,,,25.0837,81.080581,WMD,FIELD,FLD,WMD,WMD,2,PD,NO,8/6/18 16:31,65964001,8/6/18 9:08,SFWMD-FSQM,,00299,Light chop.,
FLAB25,FLAB,10/3/18,SAMP,MON,SA,G,,0.5,m,8,DISSOLVED OXYGEN,DO,5.8,,,5.8,,1,,,,mg/L,2,N,A,P95251-1,,0,0,,,,,,25.0837,81.080581,WMD,FIELD,FLD,WMD,WMD,2,PD,NO,10/3/18 16:28,66264001,10/3/18 9:05,SFWMD-FSQM,,299,suspended solids in water column,
FLAB25,FLAB,12/17/18,SAMP,MON,SA,G,,0.5,m,8,DISSOLVED OXYGEN,DO,6.91,,,6.91,,1,,,,mg/L,2,N,A,P96720-1,,0,0,,,,,,25.0837,81.080581,WMD,FIELD,FLD,WMD,WMD,2,BA,NO,12/18/18 8:19,67436001,12/17/18 10:13,SFWMD-FSQM,,00299,Moderately choppy in water column.,
FLAB25,FLAB,2/26/19,SAMP,MON,SA,G,,0.5,m,8,DISSOLVED OXYGEN,DO,6.32,,,6.32,,1,,,,mg/L,2,N,A,P102448-2,,0,0,,,,,,25.0837,81.080581,WMD,FIELD,FLD,WMD,WMD,2,BA,NO,2/27/19 8:00,69631002,2/26/19 9:02,SFWMD-FSQM,,299,,
FLAB25,FLAB,4/15/19,SAMP,MON,SA,G,,0.5,m,8,DISSOLVED OXYGEN,DO,5.8,,,5.8,,1,,,,mg/L,2,N,A,P103834-2,,0,0,,,,,,25.0837,81.080581,WMD,FIELD,FLD,WMD,WMD,2,BA,NO,4/15/19 17:17,70212002,4/15/19 9:51,SFWMD-FSQM,,00299,,
FLAB25,FLAB,6/11/19,SAMP,MON,SA,G,,0.5,m,8,DISSOLVED OXYGEN,DO,5.57,,,5.57,,1,,,,mg/L,2,N,A,P106284-2,,0,0,,,,,,25.0837,81.080581,WMD,FIELD,FLD,WMD,WMD,2,BA,NO,6/11/19 16:05,71256002,6/11/19 9:18,SFWMD-FSQM,,00299,,
FLAB25,FLAB,8/8/19,SAMP,MON,SA,G,,0.5,m,8,DISSOLVED OXYGEN,DO,5.76,,,5.76,,1,,,,mg/L,2,N,A,P109207-2,,0,0,,,,,,25.0837,81.080581,WMD,FIELD,FLD,WMD,WMD,2,BA,NO,8/9/19 8:38,72380002,8/8/19 9:24,SFWMD-FSQM,,00299,"Heavy suspended solids visible in top layer of water column, but not present in sample.",
FLAB25,FLAB,10/8/19,SAMP,MON,SA,G,,0.5,m,8,DISSOLVED OXYGEN,DO,5.9,,,5.9,,1,,,,mg/L,2,N,A,P109898-2,,0,0,,,,,,25.0837,81.080581,WMD,FIELD,FLD,WMD,WMD,2,BA,NO,10/8/19 16:32,72718002,10/8/19 9:22,SFWMD-FSQM,,299,,
FLAB25,FLAB,12/5/19,SAMP,MON,SA,G,,0.5,m,8,DISSOLVED OXYGEN,DO,6.98,,,6.98,,1,,,,mg/L,2,N,A,P110697-2,,0,0,,,,,,25.0837,81.080581,WMD,FIELD,FLD,WMD,WMD,2,BA,NO,12/6/19 9:11,73095002,12/5/19 9:36,SFWMD-FSQM,,00299,,
FLAB25,FLAB,2/3/20,SAMP,MON,SA,G,,0.5,m,8,DISSOLVED OXYGEN,DO,7.36,,,7.36,,1,,,,mg/L,2,N,A,P110713-2,,0,0,,,,,,25.0837,81.080581,WMD,FIELD,FLD,WMD,WMD,2,BA,NO,2/4/20 7:43,73108002,2/3/20 9:53,SFWMD-FSQM,,299,,
FLAB25,FLAB,4/1/20,SAMP,MON,SA,G,,0.5,m,8,DISSOLVED OXYGEN,DO,6.79,,,6.79,,1,,,,mg/L,2,N,A,P110719-2,,0,0,,,,,,25.0837,81.080581,WMD,FIELD,FLD,WMD,WMD,2,BA,NO,4/1/20 16:12,73114002,4/1/20 9:24,SFWMD-FSQM,,00299,Murky brown water.,
FLAB25,FLAB,6/1/20,SAMP,MON,SA,G,,0.5,m,8,DISSOLVED OXYGEN,DO,5.89,,,5.89,,1,,,,mg/L,2,N,A,P111041-2,,0,0,,,,,,25.0837,81.080581,WMD,FIELD,FLD,WMD,WMD,2,BA,NO,6/1/20 16:40,73264002,6/1/20 9:42,SFWMD-FSQM,,00299,,
FLAB25,FLAB,8/13/20,SAMP,MON,SA,G,,0.5,m,8,DISSOLVED OXYGEN,DO,6,,,6,,1,,,,mg/L,2,N,A,P111104-2,,0,0,,,,,,25.0837,81.080581,WMD,FIELD,FLD,WMD,WMD,2,BA,NO,8/14/20 8:30,73302002,8/13/20 9:53,SFWMD-FSQM,,00299,,
FLAB25,FLAB,10/12/20,SAMP,MON,SA,G,,0.5,m,8,DISSOLVED OXYGEN,DO,6.01,,,6.01,,1,,,,mg/L,2,N,A,P118766-2,,0,0,,,,,,25.0837,81.080581,WMD,FIELD,FLD,WMD,WMD,2,BA,NO,10/13/20 8:46,76829002,10/12/20 10:24,SFWMD-FSQM,,00299,Vegetative debris present in sampling area.,
FLAB25,FLAB,12/9/20,SAMP,MON,SA,G,,0.5,m,8,DISSOLVED OXYGEN,DO,7.39,,,7.39,,1,,,,mg/L,2,N,A,P120347-2,,0,0,,,,,,25.0837,81.080581,WMD,FIELD,FLD,WMD,WMD,2,BA,NO,12/10/20 8:58,77553002,12/9/20 9:46,SFWMD-FSQM,,00299,"Sample area clear, but water was very rough.  Light solids in sample.  Sample collected by CL.",
FLAB25,FLAB,1/7/21,SAMP,MON,SA,G,,0.5,m,8,DISSOLVED OXYGEN,DO,7.22,,,7.22,,1,,,,mg/L,2,N,A,P121638-2,,0,0,,,,,,25.0837,81.080581,WMD,FIELD,FLD,WMD,WMD,2,BA,NO,1/7/21 15:42,78139002,1/7/21 9:06,SFWMD-FSQM,,00299,Secchi on bottom,
FLAB25,FLAB,3/17/21,SAMP,MON,SA,G,,0.5,m,8,DISSOLVED OXYGEN,DO,6.58,,,6.58,,1,,,,mg/L,2,N,A,P122507-2,,0,0,,,,,,25.0837,81.080581,WMD,FIELD,FLD,WMD,WMD,2,BA,NO,3/18/21 7:15,78496002,3/17/21 10:07,SFWMD-FSQM,,00299,,
FLAB25,FLAB,5/24/21,SAMP,MON,SA,G,,0.5,m,8,DISSOLVED OXYGEN,DO,6.05,,,6.05,,1,,,,mg/L,2,N,A,P122517-2,,0,0,,,,,,25.0837,81.080581,WMD,FIELD,FLD,WMD,WMD,2,BA,NO,5/24/21 15:47,78500002,5/24/21 9:09,SFWMD-FSQM,,00299,,
FLAB25,FLAB,7/1/21,SAMP,MON,SA,G,,0.5,m,8,DISSOLVED OXYGEN,DO,6.08,J,yes,6.08,,1,,,,mg/L,2,N,A,P123928-2,,0,0,,,,,,25.0837,81.080581,WMD,FIELD,FLD,WMD,WMD,2,BA,NO,7/2/21 8:46,79168002,7/1/21 9:49,SFWMD-FSQM,,00299,,Improper laboratory or field protocol; Measure time is after the collection time of the next station
FLAB25,FLAB,10/13/21,SAMP,MON,SA,G,,0.5,m,8,DISSOLVED OXYGEN,DO,5.75,,,5.75,,1,,,,mg/L,2,N,A,P125715-2,,0,0,,,,,,25.0837,81.080581,WMD,FIELD,FLD,WMD,WMD,2,BA,NO,10/13/21 15:07,79972002,10/13/21 8:44,SFWMD-FSM,,00299,,
FLAB25,FLAB,12/27/21,SAMP,MON,SA,G,,0.5,m,8,DISSOLVED OXYGEN,DO,7.01,,,7.01,,1,,,,mg/L,2,N,A,P128145-2,,0,0,,,,,,25.0837,81.080581,WMD,FIELD,FLD,WMD,WMD,2,BA,NO,12/28/21 8:06,81128002,12/27/21 9:43,SFWMD-FSM,,00299,Sampling area clear of debris.,
FLAB25,FLAB,2/8/22,SAMP,MON,SA,G,,0.5,m,8,DISSOLVED OXYGEN,DO,7.5,,,7.5,,1,,,,mg/L,2,N,A,P129938-2,,0,0,,,,,,25.0837,81.080581,WMD,FIELD,FLD,WMD,WMD,2,BA,NO,2/9/22 8:51,81841002,2/8/22 9:28,SFWMD-FSM,,00299,,
FLAB25,FLAB,4/7/22,SAMP,MON,SA,G,,0.5,m,8,DISSOLVED OXYGEN,DO,6.2,,,6.2,,1,,,,mg/L,2,N,A,P132794-2,,0,0,,,,,,25.0837,81.080581,WMD,FIELD,FLD,WMD,WMD,2,BA,NO,4/8/22 8:13,83110002,4/7/22 9:56,SFWMD-FSM,,00299,,
FLAB25,FLAB,6/22/22,SAMP,MON,SA,G,,0.5,m,8,DISSOLVED OXYGEN,DO,6.02,,,6.02,,1,,,,mg/L,2,N,A,P134124-2,,0,0,,,,,,25.0837,81.080581,WMD,FIELD,FLD,WMD,WMD,2,BA,NO,6/23/22 9:09,83718002,6/22/22 10:55,SFWMD-FSM,,00299,,
FLAB25,FLAB,10/20/22,SAMP,MON,SA,G,,0.5,m,8,DISSOLVED OXYGEN,DO,6.32,,,6.32,,1,,,,mg/L,2,N,A,P136495-2,,0,0,,,,,,25.0837,81.080581,WMD,FIELD,FLD,WMD,WMD,2,BA,NO,10/21/22 8:50,84867002,10/20/22 10:42,SFWMD-FSM,,00299,"Water in sampling area appears cloudy, visible detritus in water column.",
FLAB25,FLAB,12/19/22,SAMP,MON,SA,G,,0.5,m,8,DISSOLVED OXYGEN,DO,6.96,,,6.96,,1,,,,mg/L,2,N,A,P138520-2,,0,0,,,,,,25.0837,81.080581,WMD,FIELD,FLD,WMD,WMD,2,BA,NO,12/20/22 8:22,85841002,12/19/22 10:48,SFWMD-FSM,,00299,,
FLAB25,FLAB,1/30/23,SAMP,MON,SA,G,,0.5,m,8,DISSOLVED OXYGEN,DO,7.21,,,7.21,,1,,,,mg/L,2,N,A,P139468-2,,0,0,,,,,,25.0837,81.080581,WMD,FIELD,FLD,WMD,WMD,2,BA,NO,1/31/23 8:28,86300002,1/30/23 11:12,SFWMD-FSM,,00299,,
FLAB25,FLAB,3/14/23,SAMP,MON,SA,G,,0.5,m,8,DISSOLVED OXYGEN,DO,6.48,,,6.48,,1,,,,mg/L,2,N,A,P141269-2,,0,0,,,,,,25.0837,81.080581,WMD,FIELD,FLD,WMD,WMD,2,BA,NO,3/15/23 8:13,87043002,3/14/23 9:56,SFWMD-FSM,,00299,,
FLAB25,FLAB,9/27/23,SAMP,MON,SA,G,,0.5,m,8,DISSOLVED OXYGEN,DO,5.75,,,5.75,,1,,,,mg/L,2,N,A,P146063-2,,0,0,,,,,,25.0837,81.080581,WMD,FIELD,FLD,WMD,WMD,2,BA,NO,9/28/23 7:51,89093002,9/27/23 9:10,SFWMD-FSM,,00299,,
FLAB25,FLAB,11/13/23,SAMP,MON,SA,G,,0.5,m,8,DISSOLVED OXYGEN,DO,6.29,,,6.29,,1,,,,mg/L,2,N,A,P146064-2,,0,0,,,,,,25.0837,81.080581,WMD,FIELD,FLD,WMD,WMD,2,BA,NO,11/14/23 8:28,89094002,11/13/23 10:41,SFWMD-FSM,,00299,,
FLAB25,FLAB,1/8/24,SAMP,MON,SA,G,,0.5,m,8,DISSOLVED OXYGEN,DO,7.18,,,7.18,,1,,,,mg/L,2,N,A,P148342-2,,0,0,,,,,,25.0837,81.080581,WMD,FIELD,FLD,WMD,WMD,2,BA,NO,1/9/24 7:59,90199002,1/8/24 10:40,SFWMD-FSM,,00299,,
FLAB25,FLAB,3/4/24,SAMP,MON,SA,G,,0.5,m,8,DISSOLVED OXYGEN,DO,6.87,,,6.87,,1,,,,mg/L,2,N,A,P149299-2,,0,0,,,,,,25.0837,81.080581,WMD,FIELD,FLD,WMD,WMD,2,BA,NO,3/5/24 7:49,90665002,3/4/24 10:15,SFWMD-FSM,,299,,
FLAB25,FLAB,5/13/24,SAMP,MON,SA,G,,0.5,m,8,DISSOLVED OXYGEN,DO,5.77,,,5.77,,1,,,,mg/L,2,N,A,P150708-2,,0,0,,,,,,25.0837,81.080581,WMD,FIELD,FLD,WMD,WMD,2,BA,NO,5/14/24 8:01,91357002,5/13/24 9:43,SFWMD-FSM,,00299,,
FLAB25,FLAB,7/15/24,SAMP,MON,SA,G,,0.5,m,8,DISSOLVED OXYGEN,DO,5.93,,,5.93,,1,,,,mg/L,2,N,A,P152189-2,,0,0,,,,,,25.0837,81.080581,WMD,FIELD,FLD,WMD,WMD,2,BA,NO,7/16/24 8:15,92109002,7/15/24 9:41,SFWMD-FSM,,299,,
FLAB25,FLAB,9/12/24,SAMP,MON,SA,G,,0.5,m,8,DISSOLVED OXYGEN,DO,5.6,,,5.6,,1,,,,mg/L,2,N,A,P153175-2,,0,0,,,,,,25.0837,81.080581,WMD,FIELD,FLD,WMD,WMD,2,BA,NO,9/13/24 8:11,92600002,9/12/24 10:17,SFWMD-FSM,,00299,,
FLAB25,FLAB,12/9/24,SAMP,MON,SA,G,,0.5,m,8,DISSOLVED OXYGEN,DO,7.9,,,7.9,,1,,,,mg/L,2,N,A,P154028-2,,0,0,,,,,,25.0837,81.080581,WMD,FIELD,FLD,WMD,WMD,2,BA,NO,12/10/24 8:14,93033002,12/9/24 9:55,SFWMD-FSM,,00299,,
FLAB25,FLAB,2/5/25,SAMP,MON,SA,G,,0.5,m,8,DISSOLVED OXYGEN,DO,7.1,,,7.1,,1,,,,mg/L,2,N,A,P155969-2,,0,0,,,,,,25.0837,81.080581,WMD,FIELD,FLD,WMD,WMD,2,BA,NO,2/6/25 8:46,93978002,2/5/25 9:35,SFWMD-FSM,,00299,,
FLAB25,FLAB,6/18/25,SAMP,MON,SA,G,,0.5,m,8,DISSOLVED OXYGEN,DO,6.2,,,6.2,,1,,,,mg/L,2,N,A,P158028-2,,0,0,,,,,,25.0837,81.080581,WMD,FIELD,FLD,WMD,WMD,2,BA,NO,6/19/25 8:34,95008002,6/18/25 9:38,SFWMD-FSM,,00299,,
FLAB25,FLAB,8/18/25,SAMP,MON,SA,G,,0.5,m,8,DISSOLVED OXYGEN,DO,6.54,,,6.54,,1,,,,mg/L,,N,P,P159659-2,,0,0,,,3.7,,,25.0837,-81.080581,,FIELD,WMD,,,,BA,,8/19/25 8:35,95824002,8/18/25 9:35,SFWMD-FSM,,00299,,
FLAB25,FLAB,10/1/25,SAMP,MON,SA,G,,0.5,m,8,DISSOLVED OXYGEN,DO,7.9,,,7.9,,1,,,,mg/L,,N,P,P161306-2,,0,0,,,3.4,,,25.0837,-81.080581,,FIELD,WMD,,,,BA,,10/2/25 8:34,96647002,10/1/25 10:35,SFWMD-FSM,,00299,"stringy, slimy substance throughout water column",
FLAB25,FLAB,5/15/02,SAMP,MON,SA,G,,0.1,,10,"PH, FIELD",PH,8.2,D,,8.2,,,,,,None,2,N,A,135025,,0,0,,,,,,25.0837,81.080581,,,FIU,FIU,,,,,,135025,,EPA150.1,,400,,
FLAB25,FLAB,6/4/02,SAMP,MON,SA,G,,0.1,,10,"PH, FIELD",PH,8.3,D,,8.3,,,,,,None,2,N,A,136025,,0,0,,,,,,25.0837,81.080581,,,FIU,FIU,,,,,,136025,,EPA150.1,,400,,
FLAB25,FLAB,7/11/02,SAMP,MON,SA,G,,0.1,,10,"PH, FIELD",PH,8.2,D,,8.2,,,,,,None,2,N,A,137025,,0,0,,,,,,25.0837,81.080581,,,FIU,FIU,,,,,,137025,,EPA150.1,,400,,
FLAB25,FLAB,8/19/02,SAMP,MON,SA,G,,0.1,,10,"PH, FIELD",PH,8.1,D,,8.1,,,,,,None,2,N,A,138025,,0,0,,,,,,25.0837,81.080581,,,FIU,FIU,,,,,,138025,,EPA150.1,,00400,,
FLAB25,FLAB,9/17/02,SAMP,MON,SA,G,,0.1,,10,"PH, FIELD",PH,8.1,D,,8.1,,,,,,None,2,N,A,139025,,0,0,,,,,,25.0837,81.080581,,,FIU,FIU,,,,,,139025,,EPA150.1,,00400,,
FLAB25,FLAB,10/17/02,SAMP,MON,SA,G,,0.1,,10,"PH, FIELD",PH,8,D,,8,,,,,,None,2,N,A,140025,,0,0,,,,,,25.0837,81.080581,,,FIU,FIU,,,,,,140025,,EPA150.1,,00400,,
FLAB25,FLAB,11/14/02,SAMP,MON,SA,G,,0.1,,10,"PH, FIELD",PH,8,D,,8,,,,,,None,2,N,A,141025,,0,0,,,,,,25.0837,81.080581,,,FIU,FIU,,,,,,141025,,EPA150.1,,00400,,
FLAB25,FLAB,12/11/02,SAMP,MON,SA,G,,0.1,,10,"PH, FIELD",PH,8,D,,8,,,,,,None,2,N,A,142025,,0,0,,,,,,25.0837,81.080581,,,FIU,FIU,,,,,,142025,,EPA150.1,,00400,,
FLAB25,FLAB,1/28/03,SAMP,MON,SA,G,,0.1,,10,"PH, FIELD",PH,8,D,,8,,,,,,None,2,N,A,143025,,0,0,,,,,,25.0837,81.080581,,,FIU,FIU,,,,,,143025,,EPA150.1,,00400,,
FLAB25,FLAB,2/25/03,SAMP,MON,SA,G,,0.1,,10,"PH, FIELD",PH,8.4,D,,8.4,,,,,,None,2,N,A,144025,,0,0,,,,,,25.0837,81.080581,,,FIU,FIU,,,,,,144025,,EPA150.1,,00400,,
FLAB25,FLAB,3/13/03,SAMP,MON,SA,G,,0.1,,10,"PH, FIELD",PH,8,D,,8,,,,,,None,2,N,A,145025,,0,0,,,,,,25.0837,81.080581,,,FIU,FIU,,,,,,145025,,EPA150.1,,00400,,
FLAB25,FLAB,4/9/03,SAMP,MON,SA,G,,0.1,,10,"PH, FIELD",PH,8.1,D,,8.1,,,,,,None,2,N,A,146025,,0,0,,,,,,25.0837,81.080581,,,FIU,FIU,,,,,,146025,,EPA150.1,,400,,
FLAB25,FLAB,5/8/03,SAMP,MON,SA,G,,0.1,,10,"PH, FIELD",PH,8.2,D,,8.2,,,,,,None,2,N,A,147025,,0,0,,,,,,25.0837,81.080581,,,FIU,FIU,,,,,,147025,,EPA150.1,,400,,
FLAB25,FLAB,6/10/03,SAMP,MON,SA,G,,0.1,,10,"PH, FIELD",PH,8.1,D,,8.1,,,,,,None,2,N,A,148025,,0,0,,,,,,25.0837,81.080581,,,FIU,FIU,,,,,,148025,,EPA150.1,,400,,
FLAB25,FLAB,7/1/03,SAMP,MON,SA,G,,0.1,,10,"PH, FIELD",PH,8.1,D,,8.1,,,,,,None,2,N,A,149025,,0,0,,,,,,25.0837,81.080581,,,FIU,FIU,,,,,,149025,,EPA150.1,,400,,
FLAB25,FLAB,8/25/03,SAMP,MON,SA,G,,0.1,,10,"PH, FIELD",PH,8.7,D,,8.7,,,,,,None,2,N,A,150025,,0,0,,,,,,25.0837,81.080581,,,FIU,FIU,,,,,,150025,,EPA150.1,,400,,
FLAB25,FLAB,9/9/03,SAMP,MON,SA,G,,0.1,,10,"PH, FIELD",PH,7.9,D,,7.9,,,,,,None,2,N,A,151025,,0,0,,,,,,25.0837,81.080581,,,FIU,FIU,,,,,,151025,,EPA150.1,,400,,
FLAB25,FLAB,10/15/03,SAMP,MON,SA,G,,0.1,,10,"PH, FIELD",PH,8.2,D,,8.2,,,,,,None,2,N,A,152025,,0,0,,,,,,25.0837,81.080581,,,FIU,FIU,,,,,,152025,,EPA150.1,,400,,
FLAB25,FLAB,11/7/03,SAMP,MON,SA,G,,0.1,,10,"PH, FIELD",PH,8,D,,8,,,,,,None,2,N,A,153025,,0,0,,,,,,25.0837,81.080581,,,FIU,FIU,,,,,,153025,,EPA150.1,,400,,
FLAB25,FLAB,12/3/03,SAMP,MON,SA,G,,0.1,,10,"PH, FIELD",PH,8.2,D,,8.2,,,,,,None,2,N,A,154025,,0,0,,,,,,25.0837,81.080581,,,FIU,FIU,,,,,,154025,,EPA150.1,,400,,
FLAB25,FLAB,1/21/04,SAMP,MON,SA,G,,0.1,,10,"PH, FIELD",PH,8,D,,8,,,,,,None,2,N,A,155025,,0,0,,,,,,25.0837,81.080581,,,FIU,FIU,,,,,,155025,,EPA150.1,,400,,
FLAB25,FLAB,2/24/04,SAMP,MON,SA,G,,0.1,,10,"PH, FIELD",PH,8,D,,8,,,,,,None,2,N,A,156025,,0,0,,,,,,25.0837,81.080581,,,FIU,FIU,,,,,,156025,,EPA150.1,,400,,
FLAB25,FLAB,3/23/04,SAMP,MON,SA,G,,0.1,,10,"PH, FIELD",PH,8,D,,8,,,,,,None,2,N,A,157025,,0,0,,,,,,25.0837,81.080581,,,FIU,FIU,,,,,,157025,,EPA150.1,,400,,
FLAB25,FLAB,10/9/06,SAMP,MON,SA,G,,0,,10,"PH, FIELD",PH,7.99,,,7.99,,1,,,,None,2,N,A,FB188FB025UA,,0,0,,,,,,25.0837,81.080581,FIU,E76930,FIU,WMD,WMD,2,BA,CA,,AB64827,10/9/06 12:38,EPA 150.1,,406,,
FLAB25,FLAB,10/9/06,SAMP,MON,SA,G,,0,,10,"PH, FIELD",PH,7.72,,,7.72,,1,,,,None,2,N,A,FB188FB025UAB,,0,0,,,,,,25.0837,81.080581,FIU,E76930,FIU,WMD,WMD,2,BA,CA,,AB64827_B,,EPA 150.1,,406,Measurements done close to the bottom.,
FLAB25,FLAB,11/7/06,SAMP,MON,SA,G,,0,,10,"PH, FIELD",PH,8.05,,,8.05,,1,,,,None,2,N,A,FB189FB025UA,,0,0,,,,,,25.0837,81.080581,FIU,E76930,FIU,WMD,WMD,2,BA,CA,,AB70908,11/7/06 13:41,EPA 150.1,,406,,
FLAB25,FLAB,11/7/06,SAMP,MON,SA,G,,0,,10,"PH, FIELD",PH,7.99,,,7.99,,1,,,,None,2,N,A,FB189FB025UAB,,0,0,,,,,,25.0837,81.080581,FIU,E76930,FIU,WMD,WMD,2,BA,CA,,AB70908_B,,EPA 150.1,,406,Measurements done close to the bottom.,
FLAB25,FLAB,12/3/06,SAMP,MON,SA,G,,0,,10,"PH, FIELD",PH,8.11,,,8.11,,1,,,,None,2,N,A,FB190FB025UA,,0,0,,,,,,25.0837,81.080581,FIU,E76930,FIU,WMD,WMD,2,BA,CA,,AB72228,12/3/06 12:32,EPA 150.1,,406,,
FLAB25,FLAB,12/3/06,SAMP,MON,SA,G,,0,,10,"PH, FIELD",PH,8.1,,,8.1,,1,,,,None,2,N,A,FB190FB025UAB,,0,0,,,,,,25.0837,81.080581,FIU,E76930,FIU,WMD,WMD,2,BA,CA,,AB72228_B,,EPA 150.1,,406,Measurements done close to the bottom.,
FLAB25,FLAB,1/11/07,SAMP,MON,SA,G,,0,,10,"PH, FIELD",PH,8.04,,,8.04,,1,,,,None,2,N,A,FB191FB025UA,,0,0,,,,,,25.0837,81.080581,FIU,E76930,FIU,WMD,WMD,2,BA,CA,,AB74884,1/11/07 9:56,EPA 150.1,,406,,
FLAB25,FLAB,1/11/07,SAMP,MON,SA,G,,0,,10,"PH, FIELD",PH,8.04,,,8.04,,1,,,,None,2,N,A,FB191FB025UAB,,0,0,,,,,,25.0837,81.080581,FIU,E76930,FIU,WMD,WMD,2,BA,CA,,AB74884_B,,EPA 150.1,,406,Measurements done close to the bottom.,
FLAB25,FLAB,2/7/07,SAMP,MON,SA,G,,0,,10,"PH, FIELD",PH,8.08,,,8.08,,1,,,,None,2,N,A,FB192FB025UA,,0,0,,,,,,25.0837,81.080581,FIU,E76930,FIU,WMD,WMD,2,BA,CA,,AB76782,2/7/07 12:44,EPA 150.1,,406,,
FLAB25,FLAB,2/7/07,SAMP,MON,SA,G,,0,,10,"PH, FIELD",PH,8.06,,,8.06,,1,,,,None,2,N,A,FB192FB025UAB,,0,0,,,,,,25.0837,81.080581,FIU,E76930,FIU,WMD,WMD,2,BA,CA,,AB76782_B,,EPA 150.1,,406,Measurements done close to the bottom.,
FLAB25,FLAB,3/12/07,SAMP,MON,SA,G,,0,,10,"PH, FIELD",PH,8.19,,,8.19,,1,,,,None,2,N,A,FB193FB025UA,,0,0,,,,,,25.0837,81.080581,FIU,E76930,FIU,WMD,WMD,2,BA,CA,,AB78032,3/12/07 13:15,EPA 150.1,,406,,
FLAB25,FLAB,3/12/07,SAMP,MON,SA,G,,0,,10,"PH, FIELD",PH,8.18,,,8.18,,1,,,,None,2,N,A,FB193FB025UAB,,0,0,,,,,,25.0837,81.080581,FIU,E76930,FIU,WMD,WMD,2,BA,CA,,AB78032_B,,EPA 150.1,,406,Measurements done close to the bottom.,
FLAB25,FLAB,4/3/07,SAMP,MON,SA,G,,0,,10,"PH, FIELD",PH,8.5,,,8.5,,1,,,,None,2,N,A,FB194FB025UA,,0,0,,,,,,25.0837,81.080581,FIU,E76930,FIU,WMD,WMD,2,BA,CA,,AB79057,4/3/07 11:19,EPA 150.1,,406,,
FLAB25,FLAB,4/3/07,SAMP,MON,SA,G,,0,,10,"PH, FIELD",PH,8.49,,,8.49,,1,,,,None,2,N,A,FB194FB025UAB,,0,0,,,,,,25.0837,81.080581,FIU,E76930,FIU,WMD,WMD,2,BA,CA,,AB79057_B,,EPA 150.1,,406,Measurements done close to the bottom.,
FLAB25,FLAB,5/1/07,SAMP,MON,SA,G,,0,,10,"PH, FIELD",PH,8.16,,,8.16,,1,,,,None,2,N,A,FB195FB025UA,,0,0,,,,,,25.0837,81.080581,FIU,E76930,FIU,WMD,WMD,2,BA,CA,,AB82118,5/1/07 12:01,EPA 150.1,,406,,
FLAB25,FLAB,5/1/07,SAMP,MON,SA,G,,0,,10,"PH, FIELD",PH,8.19,,,8.19,,1,,,,None,2,N,A,FB195FB025UAB,,0,0,,,,,,25.0837,81.080581,FIU,E76930,FIU,WMD,WMD,2,BA,CA,,AB82118_B,,EPA 150.1,,406,Measurements done close to the bottom.,
FLAB25,FLAB,6/6/07,SAMP,MON,SA,G,,0,,10,"PH, FIELD",PH,8.13,,,8.13,,1,,,,None,2,N,A,FB196FB025UA,,0,0,,,,,,25.0837,81.080581,FIU,E76930,FIU,WMD,WMD,2,BA,CA,,AB84017,6/6/07 13:10,EPA 150.1,,406,,
FLAB25,FLAB,6/6/07,SAMP,MON,SA,G,,0,,10,"PH, FIELD",PH,8.13,,,8.13,,1,,,,None,2,N,A,FB196FB025UAB,,0,0,,,,,,25.0837,81.080581,FIU,E76930,FIU,WMD,WMD,2,BA,CA,,AB84017_B,,EPA 150.1,,406,Measurements done close to the bottom.,
FLAB25,FLAB,7/3/07,SAMP,MON,SA,G,,0,,10,"PH, FIELD",PH,8.29,A,,8.29,,1,,,,None,2,N,A,FB197FB025UA,,0,0,,,,,,25.0837,81.080581,FIU,E76930,FIU,WMD,WMD,2,BA,CA,,AB85596,7/3/07 11:53,EPA 150.1,,406,,
FLAB25,FLAB,7/3/07,SAMP,MON,SA,G,,0,,10,"PH, FIELD",PH,8.31,A,,8.31,,1,,,,None,2,N,A,FB197FB025UAB,,0,0,,,,,,25.0837,81.080581,FIU,E76930,FIU,WMD,WMD,2,BA,CA,,AB85596_B,,EPA 150.1,,406,Measurements done close to the bottom.,
FLAB25,FLAB,8/7/07,SAMP,MON,SA,G,,0,,10,"PH, FIELD",PH,7.99,A,,7.99,,1,,,,None,2,N,A,FB198FB025UA,,0,0,,,,,,25.0837,81.080581,FIU,E76930,FIU,WMD,WMD,2,BA,CA,,AB89053,8/7/07 11:15,EPA 150.1,,406,,
FLAB25,FLAB,8/7/07,SAMP,MON,SA,G,,0,,10,"PH, FIELD",PH,8,A,,8,,1,,,,None,2,N,A,FB198FB025UAB,,0,0,,,,,,25.0837,81.080581,FIU,E76930,FIU,WMD,WMD,2,BA,CA,,AB89053_B,,EPA 150.1,,406,Measurements done close to the bottom.,
FLAB25,FLAB,9/5/07,SAMP,MON,SA,G,,0,,10,"PH, FIELD",PH,8.12,A,,8.12,,1,,,,None,2,N,A,FB199FB025UA,,0,0,,,,,,25.0837,81.080581,FIU,E76930,FIU,WMD,WMD,2,BA,CA,,AB90724,9/5/07 10:39,EPA 150.1,,406,,
FLAB25,FLAB,9/5/07,SAMP,MON,SA,G,,0,,10,"PH, FIELD",PH,8.12,A,,8.12,,1,,,,None,2,N,A,FB199FB025UAB,,0,0,,,,,,25.0837,81.080581,FIU,E76930,FIU,WMD,WMD,2,BA,CA,,AB90724_B,,EPA 150.1,,406,Measurements done close to the bottom.,
FLAB25,FLAB,10/4/07,SAMP,MON,SA,G,,0,,10,"PH, FIELD",PH,8.08,,,8.08,,1,,,,None,2,N,A,FB200FB025,,0,0,,,,,,25.0837,81.080581,FIU,E76930,FIU,WMD,WMD,2,BA,CA,,AB92301,10/4/07 12:02,EPA 150.1,,406,,
FLAB25,FLAB,11/6/07,SAMP,MON,SA,G,,0,,10,"PH, FIELD",PH,8.03,,,8.03,,1,,,,None,2,N,A,FB201FB025,,0,0,,,,,,25.0837,81.080581,FIU,E76930,FIU,WMD,WMD,2,BA,CA,,AB93895,11/6/07 12:07,EPA 150.1,,406,,
FLAB25,FLAB,12/7/07,SAMP,MON,SA,G,,0,,10,"PH, FIELD",PH,8.23,,,8.23,,1,,,,None,2,N,A,FB202FB025,,0,0,,,,,,25.0837,81.080581,FIU,E76930,FIU,WMD,WMD,2,BA,CA,,AB94313,12/7/07 11:02,EPA 150.1,,406,,
FLAB25,FLAB,1/9/08,SAMP,MON,SA,G,,0,,10,"PH, FIELD",PH,8.11,,,8.11,,1,,,,None,2,N,A,FB203FB025,,0,0,,,,,,25.0837,81.080581,FIU,E76930,FIU,WMD,WMD,2,BA,CA,,AB95224,1/9/08 11:23,EPA 150.1,,406,,
FLAB25,FLAB,1/9/08,SAMP,MON,SA,G,,0,,10,"PH, FIELD",PH,8.04,,,8.04,,1,,,,None,2,N,A,FB203FB025B,,0,0,,,,,,25.0837,81.080581,FIU,E76930,FIU,WMD,WMD,2,BA,CA,,AB95224_B,,EPA 150.1,,406,Measurements done close to the bottom.,
FLAB25,FLAB,2/8/08,SAMP,MON,SA,G,,0,,10,"PH, FIELD",PH,8.03,,,8.03,,1,,,,None,2,N,A,FB204FB025,,0,0,,,,,,25.0837,81.080581,FIU,E76930,FIU,WMD,WMD,2,BA,CA,,AB95739,2/8/08 12:30,EPA 150.1,,406,,
FLAB25,FLAB,2/8/08,SAMP,MON,SA,G,,0,,10,"PH, FIELD",PH,8.02,,,8.02,,1,,,,None,2,N,A,FB204FB025B,,0,0,,,,,,25.0837,81.080581,FIU,E76930,FIU,WMD,WMD,2,BA,CA,,AB95739_B,,EPA 150.1,,406,Measurements done close to the bottom.,
FLAB25,FLAB,3/5/08,SAMP,MON,SA,G,,0,,10,"PH, FIELD",PH,7.88,,,7.88,,1,,,,None,2,N,A,FB205FB025,,0,0,,,,,,25.0837,81.080581,FIU,E76930,FIU,WMD,WMD,2,BA,CA,,AB95987,3/5/08 12:38,EPA 150.1,,406,,
FLAB25,FLAB,3/5/08,SAMP,MON,SA,G,,0,,10,"PH, FIELD",PH,7.94,,,7.94,,1,,,,None,2,N,A,FB205FB025B,,0,0,,,,,,25.0837,81.080581,FIU,E76930,FIU,WMD,WMD,2,BA,CA,,AB95987_B,,EPA 150.1,,406,Measurements done close to the bottom.,
FLAB25,FLAB,4/2/08,SAMP,MON,SA,G,,0,,10,"PH, FIELD",PH,8.21,,,8.21,,1,,,,None,2,N,A,FB206FB025,,0,0,,,,,,25.0837,81.080581,FIU,E76930,FIU,WMD,WMD,2,BA,CA,4/2/08 12:50,AB96576,4/2/08 12:50,EPA 150.1,,406,,
FLAB25,FLAB,4/2/08,SAMP,MON,SA,G,,0,,10,"PH, FIELD",PH,8.24,,,8.24,,1,,,,None,2,N,A,FB206FB025B,,0,0,,,,,,25.0837,81.080581,FIU,E76930,FIU,WMD,WMD,2,BA,CA,4/2/08 12:52,AB96576_B,4/2/08 12:52,EPA 150.1,,406,Measurements done close to the bottom.,
FLAB25,FLAB,5/7/08,SAMP,MON,SA,G,,0,,10,"PH, FIELD",PH,8.26,,,8.26,,1,,,,None,2,N,A,FB207FB025,,0,0,,,,,,25.0837,81.080581,FIU,E76930,FIU,WMD,WMD,2,BA,CA,5/7/08 10:18,AB97320,5/7/08 10:18,EPA 150.1,,406,,
FLAB25,FLAB,5/7/08,SAMP,MON,SA,G,,0,,10,"PH, FIELD",PH,8.27,,,8.27,,1,,,,None,2,N,A,FB207FB025B,,0,0,,,,,,25.0837,81.080581,FIU,E76930,FIU,WMD,WMD,2,BA,CA,5/7/08 10:20,AB97320_B,5/7/08 10:20,EPA 150.1,,406,Measurements done close to the bottom.,
FLAB25,FLAB,6/4/08,SAMP,MON,SA,G,,0,,10,"PH, FIELD",PH,8.33,,,8.33,,1,,,,None,2,N,A,FB208FB025,,0,0,,,,,,25.0837,81.080581,FIU,E76930,FIU,WMD,WMD,2,BA,CA,6/4/08 10:56,AB97884,6/4/08 10:56,EPA 150.1,,406,,
FLAB25,FLAB,6/4/08,SAMP,MON,SA,G,,0,,10,"PH, FIELD",PH,8.36,,,8.36,,1,,,,None,2,N,A,FB208FB025B,,0,0,,,,,,25.0837,81.080581,FIU,E76930,FIU,WMD,WMD,2,BA,CA,6/4/08 10:58,AB97884_B,6/4/08 10:58,EPA 150.1,,406,Measurements done close to the bottom.,
FLAB25,FLAB,1/7/09,SAMP,MON,SA,G,,0.5,,10,"PH, FIELD",PH,7.9,,,7.9,,1,,,,None,2,N,A,P42963-9,,1,2,,,3.3,,,25.0837,81.080581,FWEC,E46077,WMD,WMD,WMD,2,BA,NO,1/8/09 9:36,16142009,1/7/09 10:12,,,00400,light winds and light chop.  Sample with no visable solids.  Low incoming flow.  good deal of plant matter/alga observed in water column.,
FLAB25,FLAB,2/12/09,SAMP,MON,SA,G,,0.5,,10,"PH, FIELD",PH,8.1,,,8.1,,1,,,,None,2,N,A,P42978-6,,1,2,,,2.4,,,25.0837,81.080581,FWEC,E46077,WMD,WMD,WMD,2,BA,NO,2/12/09 15:47,16157006,2/12/09 11:55,,,00400,Very calm conditions.  No wind and very little flow.  Sample clear.,
FLAB25,FLAB,3/16/09,SAMP,MON,SA,G,,0.5,,10,"PH, FIELD",PH,8,,,8,,1,,,,None,2,N,A,P43361-6,,1,3,,,3.15,,,25.0837,81.080581,FWEC,E46077,WMD,WMD,WMD,2,BA,NO,3/17/09 10:29,16639006,3/16/09 14:11,,,00400,Increasing clouds and increasing winds.  light chop.  Sample clear.,
FLAB25,FLAB,4/20/09,SAMP,MON,SA,G,,0.5,,10,"PH, FIELD",PH,8.1,,,8.1,,1,,,,None,2,N,A,P43542-6,,1,3,,,3.9,,,25.0837,81.080581,FWEC,E46077,WMD,WMD,WMD,2,BA,NO,4/21/09 9:50,16865006,4/20/09 11:55,,,00400,choppy conditions with medium swell. Sample clear of solids.,
FLAB25,FLAB,5/18/09,SAMP,MON,SA,G,,0.5,,10,"PH, FIELD",PH,8.2,,,8.2,,1,,,,None,2,N,A,P43936-6,,1,3,,,3.8,,,25.0837,81.080581,FWEC,E46077,WMD,WMD,WMD,2,BA,NO,5/19/09 9:50,17327006,5/18/09 15:04,,,00400,Strog wind and moderate chop.  Sample clear,
FLAB25,FLAB,6/11/09,SAMP,MON,SA,G,,0.5,,10,"PH, FIELD",PH,8.2,,,8.2,,1,,,,None,2,N,A,P43955-6,,1,2,,,2.9,,,25.0837,81.080581,FWEC,E46077,WMD,WMD,WMD,2,BA,NO,6/11/09 16:09,17348006,6/11/09 11:44,,,00400,Calm conditions.  Sample clear of solids.,
FLAB25,FLAB,7/20/09,SAMP,MON,SA,G,,0.5,,10,"PH, FIELD",PH,8,,,8,,1,,,,None,2,N,A,P44584-6,,1,2,,,3.71,,,25.0837,81.080581,FWEC,E46077,WMD,WMD,WMD,2,BA,NO,7/21/09 10:16,18191020,7/20/09 13:23,,,00400,"sample clear, no solids.  strong incoming flow.  calm seas. sunny, temp 95-97 degrees F.",
FLAB25,FLAB,8/17/09,SAMP,MON,SA,G,,0.5,,10,"PH, FIELD",PH,7.9,,,7.9,,1,,,,None,2,N,A,P44716-6,,1,2,,,3.9,,,25.0837,81.080581,FWEC,E46077,WMD,WMD,WMD,2,BA,NO,8/18/09 11:13,18361017,8/17/09 12:22,,,00400,"Sample clear, no visible solids.  Slight sediment in sample bucket.  Seaweed on surface. Very rough conditions.  Seas 4-4, wind 20 knots.  Sunny with some cloud coverage.  Temperature low to mid 90's degrees F.",
FLAB25,FLAB,9/15/09,SAMP,MON,SA,G,,0.5,,10,"PH, FIELD",PH,7.9,,,7.9,,1,,,,None,2,N,A,P45421-8,,1,2,,,3.8,,,25.0837,81.080581,FWEC,E46077,WMD,WMD,WMD,2,BA,NO,9/16/09 10:46,19266008,9/15/09 9:45,,,00400,"Sample clear, with low solids.  Some sediment in sample bucket.  Moderate incoming flow, light chop on water.  Soem seagrass floating on water surface.",
FLAB25,FLAB,10/12/09,SAMP,MON,SA,G,,0.5,,10,"PH, FIELD",PH,7.8,,,7.8,,1,,,,None,2,N,A,P45906-6,,1,2,,,3.2,,,25.0837,81.080581,FWEC,E46077,WMD,WMD,WMD,2,BA,NO,10/13/09 9:43,19878006,10/12/09 12:35,,,00400,Sample clear with no visible solids. Moderate flow. 2.5' chop on water's surface with winds approx. 15-20 mph.,
FLAB25,FLAB,11/12/09,SAMP,MON,SA,G,,0.5,,10,"PH, FIELD",PH,7.8,,,7.8,,1,,,,None,2,N,A,P46183-11,,1,4,,,3.9,,,25.0837,81.080581,FWEC,E46077,WMD,WMD,WMD,2,BA,NO,11/13/09 10:04,20232011,11/12/09 9:53,,,00400,"Sample pale yellow-green, with low solids.  Very choppy, seas 3-4, strong incoming flow. Winds 20 mph.",
FLAB25,FLAB,12/7/09,SAMP,MON,SA,G,,0.5,m,10,"PH, FIELD",PH,7.7,,,7.7,,1,,,,None,2,N,A,P46552-6,,1,1,,,,,,25.0837,81.080581,FWEC,E46077,WMD,WMD,WMD,2,BA,NO,12/8/09 10:37,20736006,12/7/09 13:22,,,00400,"Sample clear, no visible solids.  Low flow.  Moderate chop.  Winds 5-10 mph.",
FLAB25,FLAB,1/11/10,SAMP,MON,SA,G,,0.5,m,10,"PH, FIELD",PH,8.1,,,8.1,,1,,,,None,2,N,A,P46793-2,,1,1,,,,,,25.0837,81.080581,FWEC,E46077,WMD,WMD,WMD,2,BA,NO,1/12/10 11:13,21031002,1/11/10 13:00,,,400,"Sample cloudy pale yellow, with medium solids.  Strong incoming flow. Rough seas 2-3 feet.  Winds 15-20mph.  Water temperatures below 10 degrees C. WARNING: TEMP exceeds QC limit of 10 to 35 Celsius",
FLAB25,FLAB,2/8/10,SAMP,MON,SA,G,,0.5,m,10,"PH, FIELD",PH,8,,,8,,1,,,,None,2,N,A,P47183-2,,1,3,,,,,,25.0837,81.080581,FWEC,E46077,WMD,WMD,WMD,2,BA,NO,2/9/10 12:49,21666002,2/8/10 12:31,,,00400,"Sample clear, no visible solids.  Low flow.  Slight chop on water. Winds 5-10mph.",
FLAB25,FLAB,3/8/10,SAMP,MON,SA,G,,0.5,m,10,"PH, FIELD",PH,8.1,,,8.1,,1,,,,None,2,N,A,P47472-2,,1,1,,,,,,25.0837,81.080581,FWEC,E46077,WMD,WMD,WMD,2,BA,NO,3/9/10 10:29,22046002,3/8/10 12:37,,,00400,"Sample pale green with no visible solids. Calm conditions, with minimal chop.  Low flow.  FCEB taken at this station.",
FLAB25,FLAB,4/13/10,SAMP,MON,SA,G,,0.5,m,10,"PH, FIELD",PH,8.5,,,8.5,,1,,,,None,2,N,A,P47829-9,,1,1,,,,,,25.0837,81.080581,FWEC,E46077,WMD,WMD,WMD,2,BA,NO,4/15/10 9:04,22511009,4/13/10 9:18,,,00400,"Sample pale green, low solids.  Moderate flow.  Water choppy, seas 1-2 feet.  Winds 10-12mph.",
FLAB25,FLAB,5/10/10,SAMP,MON,SA,G,,0.5,m,10,"PH, FIELD",PH,8,,,8,,1,,,,None,2,N,A,P48081-2,,1,1,,,,,,25.0837,81.080581,FWEC,E46077,WMD,WMD,WMD,2,BA,NO,5/11/10 10:36,22817002,5/10/10 13:09,,,00400,"Sample clear, no visible solids.  Water very choppy, 2-3 foot seas.  Moderate flow.  Winds 15-18mph.",
FLAB25,FLAB,6/8/10,SAMP,MON,SA,G,,0.5,m,10,"PH, FIELD",PH,8.1,,,8.1,,1,,,,None,2,N,A,P48380-8,,1,2,,,,,,25.0837,81.080581,FWEC,E46077,WMD,WMD,WMD,2,BA,NO,6/9/10 12:12,23194008,6/8/10 9:43,,,00400,Sample is light green with low suspended solids present. Strong flow with light chop up to 8 inch and constant winds up 6 mph.,
FLAB25,FLAB,7/20/10,SAMP,MON,SA,G,,0.5,m,10,"PH, FIELD",PH,8.4,,,8.4,,1,,,,None,2,N,A,P48679-2,,1,1,,,,,,25.0837,81.080581,FWEC,E46077,WMD,WMD,WMD,2,BA,NO,7/21/10 11:25,23536002,7/20/10 15:33,,,00400,"Sample light green, low solids.  Seas choppy, 2-3 feet.  Winds 15-20mph.  Strong incoming flow.",
FLAB25,FLAB,8/16/10,SAMP,MON,SA,G,,0.5,m,10,"PH, FIELD",PH,8.3,,,8.3,,1,,,,None,2,N,A,P48893-2,,1,2,,,,,,25.0837,81.080581,FWEC,E46077,WMD,WMD,WMD,2,BA,NO,8/17/10 10:08,23830002,8/16/10 12:59,,,00400,"Sample pale green, with medium solids.  Low flow.  Calm water, minimal chop. Winds 2-5mph.",
FLAB25,FLAB,9/22/10,SAMP,MON,SA,G,,0.5,m,10,"PH, FIELD",PH,8.4,,,8.4,,1,,,,None,2,N,A,P49172-8,,1,1,,,,,,25.0837,81.080581,FWEC,E46077,WMD,WMD,WMD,2,BA,NO,9/23/10 11:08,24186008,9/22/10 9:43,,,00400,"Sample light green, low solids.  Minimal chop, 1 foot seas.  Moderate incoming flow.  Winds 5mph, with 8mph gusts.",
FLAB25,FLAB,10/19/10,SAMP,MON,SA,G,,0.5,m,10,"PH, FIELD",PH,8.1,,,8.1,,1,,,,None,2,N,A,P49628-2,,1,1,,,,,,25.0837,81.080581,FWEC,E46077,WMD,WMD,WMD,2,BA,NO,10/20/10 11:05,24783002,10/19/10 13:05,,,00400,"Sample light green, low solids.  Low flow.  Calm water, light chop.  Winds 0-2mph.",
FLAB25,FLAB,11/16/10,SAMP,MON,SA,G,,0.5,m,10,"PH, FIELD",PH,8.1,,,8.1,,1,,,,None,2,N,A,P50070-2,,1,1,,,,,,25.0837,81.080581,FWEC,E46077,WMD,WMD,WMD,2,BA,NO,11/17/10 10:56,25358002,11/16/10 13:16,,,00400,"Sample light green, low solids.  Low outgoing flow.  Calm water, minimal chop. Wind 1-2mph.",
FLAB25,FLAB,12/14/10,SAMP,MON,SA,G,,0.5,m,10,"PH, FIELD",PH,8.1,,,8.1,,1,,,,None,2,N,A,P50474-2,,1,1,,,,,,25.0837,81.080581,FWEC,E46077,WMD,WMD,WMD,2,BA,NO,12/15/10 10:14,25855002,12/14/10 13:22,,,00400,"Sample pale yellow, medium solids.  Choppy water, 3-4 foot swells.  Winds 10-12mph.  Moderate incoming flow.",
FLAB25,FLAB,1/4/11,SAMP,MON,SA,G,,0.5,m,10,"PH, FIELD",PH,8,,,8,,1,,,,None,2,N,A,P50635-2,,1,1,,,,,,25.0837,81.080581,FWEC,E46077,WMD,WMD,WMD,2,BA,NO,1/5/11 11:04,26109002,1/4/11 13:17,,,00400,"Very low flow at station.  Very low to no chop.  No wind.  Sample light greenish yellow, moderate solids.",
FLAB25,FLAB,2/17/11,SAMP,MON,SA,G,,0.5,m,10,"PH, FIELD",PH,8,,,8,,1,,,,None,2,N,A,P50937-2,,0,3,,,,,,25.0837,81.080581,WMD,FIELD,FLD,WMD,WMD,2,BA,NO,2/18/11 13:41,26504002,2/17/11 10:40,,,00400,"Wind E 5-10, Lt chop",
FLAB25,FLAB,3/15/11,SAMP,MON,SA,G,,0.5,m,10,"PH, FIELD",PH,8,,,8,,1,,,,None,2,N,A,P51527-9,,1,3,,,,,,25.0837,81.080581,FWEC,FIELD,FLD,WMD,WMD,2,BA,NO,3/16/11 10:05,27310009,3/15/11 10:25,,,00400,"Sample palm green. Light chop on water, light incoming flow. Wind 0-5mph.",
FLAB25,FLAB,4/6/11,SAMP,MON,SA,G,,0.5,m,10,"PH, FIELD",PH,8.1,,,8.1,,1,,,,None,2,N,A,P52286-9,,1,2,,,,,,25.0837,81.080581,FWEC,FIELD,FLD,WMD,WMD,2,BA,NO,4/7/11 11:30,28396009,4/6/11 10:35,,,00400,"Sample light green, 10-15mph NE",
FLAB25,FLAB,5/4/11,SAMP,MON,SA,G,,0.5,m,10,"PH, FIELD",PH,8.3,,,8.3,,1,,,,None,2,N,A,P52287-9,,1,1,,,,,,25.0837,81.080581,FWEC,FIELD,FLD,WMD,WMD,2,BA,NO,5/5/11 9:36,28398009,5/4/11 10:01,,,00400,Sample pale green.  1 foot chop on water.  Winds 5-7 mph. Moderate incoming flow.,
FLAB25,FLAB,6/13/11,SAMP,MON,SA,G,,0.5,m,10,"PH, FIELD",PH,8,,,8,,1,,,,None,2,N,A,P52281-2,,1,1,,,,,,25.0837,81.080581,FWEC,FIELD,FLD,WMD,WMD,2,BA,NO,6/14/11 10:08,28391002,6/13/11 12:57,,,00400,Sample is pale green with low suspended sollids present. Moderate incoming tide with westerly winds from 2-6 mph.,
FLAB25,FLAB,7/12/11,SAMP,MON,SA,G,,0.5,m,10,"PH, FIELD",PH,7.9,,,7.9,,1,,,,None,2,N,A,P52282-2,,1,1,,,,,,25.0837,81.080581,FWEC,FIELD,FLD,WMD,WMD,2,BA,NO,7/13/11 13:07,28392002,,,,00400,Sample is clear with no visible suspended solids present.  Moderate to strong flow with chop up to 1.5 feet and swell up to 2 feet and winds from the southwest at 5 to 10 mph.  SECCHI ON BOTTOM,
FLAB25,FLAB,8/16/11,SAMP,MON,SA,G,,0.5,m,10,"PH, FIELD",PH,7.8,,,7.8,,1,,,,None,2,N,A,P52283-2,,1,1,,,,,,25.0837,81.080581,FWEC,FIELD,FLD,WMD,WMD,2,BA,NO,8/17/11 10:32,28393002,8/16/11 12:42,,,00400,Sample is pale green with low suspended solids present. Strong flow with light chop up to 1.5 feet and light variable winds from southwest at 6 to 10 mph.,
FLAB25,FLAB,9/12/11,SAMP,MON,SA,G,,0.5,m,10,"PH, FIELD",PH,8,,,8,,1,,,,None,2,N,A,P52284-2,,0,1,,,,,,25.0837,81.080581,FWEC,FIELD,FLD,WMD,WMD,2,BA,NO,9/13/11 10:18,28394002,9/12/11 12:32,,,00400,Sample is pale green with low suspended solids present. Light current with mid rising tide and chop up to 2 feet and 5 to 10 mph winds from the east southeast.,
FLAB25,FLAB,10/4/11,SAMP,MON,SA,G,,0.5,m,10,"PH, FIELD",PH,8,,,8,,1,,,,None,2,N,A,P52285-2,,0,3,,,,,,25.0837,81.080581,WMD,FIELD,FLD,WMD,WMD,2,BA,NO,10/5/11 10:35,28395002,10/4/11 9:00,,,00400,"Overcast, wind NNE 15-20, seas 1-3",
FLAB25,FLAB,12/6/11,SAMP,MON,SA,G,,0.5,m,10,"PH, FIELD",PH,8,,,8,,1,,,,None,2,N,A,P54071-2,,0,1,,,,,,25.0837,81.080581,WMD,FIELD,FLD,WMD,WMD,2,BA,NO,12/7/11 12:15,30610002,12/6/11 9:42,,,00400,"Clear skies,flood tide, wind E 5-10, lt chop",
FLAB25,FLAB,2/1/12,SAMP,MON,SA,G,,0.5,m,10,"PH, FIELD",PH,7.9,,,7.9,,1,,,,None,2,N,A,P55306-1,,0,1,,,,,,25.0837,81.080581,WMD,FIELD,FLD,WMD,WMD,2,BA,NO,2/2/12 10:08,32254001,2/1/12 9:21,,,00400,"Wind NE 10-15, seas 1-2 ft, flood tide",
FLAB25,FLAB,4/11/12,SAMP,MON,SA,G,,0.5,m,10,"PH, FIELD",PH,8.2,,,8.2,,1,,,,None,2,N,A,P55314-9,,0,2,,,,,,25.0837,81.080581,WMD,FIELD,FLD,WMD,WMD,2,BA,NO,4/12/12 10:52,32262009,4/11/12 11:22,,,00400,"Wind and seas calm, ebb tide",
FLAB25,FLAB,6/13/12,SAMP,MON,SA,G,,0.5,m,10,"PH, FIELD",PH,8.1,,,8.1,,1,,,,None,2,N,A,P55929-1,,0,2,,,,,,25.0837,81.080581,WMD,FIELD,FLD,WMD,WMD,2,BA,NO,6/13/12 16:02,33112001,6/13/12 10:30,,,00400,Calm conditions.  No chop.  Moderate flood tide.  No wind.,
FLAB25,FLAB,8/13/12,SAMP,MON,SA,G,,0.5,m,10,"PH, FIELD",PH,8.1,,,8.1,,1,,,,None,2,N,A,P56205-1,,0,3,,,,,,25.0837,81.080581,WMD,FIELD,FLD,WMD,WMD,2,BA,NO,8/14/12 10:15,33464001,8/13/12 11:17,,,00400,SE winds at 5-10 knots.  Light chop with 1-2 foor chop.  Flood tide.,
FLAB25,FLAB,10/11/12,SAMP,MON,SA,G,,0.5,m,10,"PH, FIELD",PH,8.1,,,8.1,,1,,,,None,2,N,A,P56209-1,,0,2,,,,,,25.0837,81.080581,WMD,FIELD,FLD,WMD,WMD,2,BA,NO,10/11/12 15:43,33468001,10/11/12 8:45,,,00400,NE breeze. 1-2 foot chop.  Flood tide.,
FLAB25,FLAB,12/10/12,SAMP,MON,SA,G,,0.5,m,10,"PH, FIELD",PH,7.9,,,7.9,,1,,,,None,2,N,A,P56856-1,,0,2,,,,,,25.0837,81.080581,WMD,FIELD,FLD,WMD,WMD,2,BA,NO,12/11/12 10:39,34311001,12/10/12 11:03,,,00400,Wind out of the SE 5-7kts. Light wave action.,
FLAB25,FLAB,2/5/13,SAMP,MON,SA,G,,0.5,m,10,"PH, FIELD",PH,8,,,8,,1,,,,None,2,N,A,P61818-1,,0,1,,,,,,25.0837,81.080581,WMD,FIELD,FLD,WMD,WMD,2,BA,NO,2/6/13 9:38,39392001,2/5/13 10:43,,,00400,"Light wind out of the east, less than 5 kts. Less than 1 ft wave action.",
FLAB25,FLAB,4/18/13,SAMP,MON,SA,G,,0.5,m,10,"PH, FIELD",PH,8.1,,,8.1,,1,,,,None,2,N,A,P61819-1,,0,4,,,,,,25.0837,81.080581,WMD,FIELD,FLD,WMD,WMD,2,PD,NO,4/18/13 15:12,39393001,4/18/13 7:54,,,00400,ESE winds 10-15 kts. Waves 1.5-2 ft at 2 second period.,
FLAB25,FLAB,6/17/13,SAMP,MON,SA,G,,0.5,m,10,"PH, FIELD",PH,8,,,8,,1,,,,None,2,N,A,P63880-1,,0,2,,,,,,25.0837,81.080581,WMD,FIELD,FLD,WMD,WMD,2,PD,NO,6/18/13 10:47,40691001,6/17/13 10:04,,,00400,"1-2ft chop, wind southeast 10-15,",
FLAB25,FLAB,8/13/13,SAMP,MON,SA,G,,0.5,m,10,"PH, FIELD",PH,8.1,,,8.1,,1,,,,None,2,N,A,P63881-1,,0,3,,,,,,25.0837,81.080581,WMD,FIELD,FLD,WMD,WMD,2,PD,NO,8/13/13 16:32,40692001,8/13/13 10:20,,,00400,Light chop on surface. E wind 5-10 kt. Moderate current.,
FLAB25,FLAB,10/28/13,SAMP,MON,SA,G,,0.5,m,10,"PH, FIELD",PH,8.1,,,8.1,,1,,,,None,2,N,A,P65941-1,,0,2,,,,,,25.0837,81.080581,WMD,FIELD,FLD,WMD,WMD,2,PD,NO,10/29/13 7:37,42392001,10/28/13 10:00,,,00400,Moderate chop. E wind approx 15 kt. Moderate current.,
FLAB25,FLAB,12/11/13,SAMP,MON,SA,G,,0.5,m,10,"PH, FIELD",PH,8,,,8,,1,,,,None,2,N,A,P68531-1,,0,2,,,,,,25.0837,81.080581,WMD,FIELD,FLD,WMD,WMD,2,PD,NO,12/11/13 16:43,44202001,12/11/13 10:24,,,00400,"Moderate chop, E wind 10-15.",
FLAB25,FLAB,2/26/14,SAMP,MON,SA,G,,0.5,m,10,"PH, FIELD",PH,7.9,,,7.9,,1,,,,None,2,N,A,P70123-1,,0,1,,,,,,25.0837,81.080581,WMD,FIELD,FLD,WMD,WMD,2,PD,NO,2/26/14 15:34,45273001,2/26/14 8:32,,,00400,"Glassy smooth water. No noticeable wind, slight incoming tide.",
FLAB25,FLAB,4/7/14,SAMP,MON,SA,G,,0.5,m,10,"PH, FIELD",PH,8,,,8,,1,,,,None,2,N,A,P70124-1,,0,1,,,,,,25.0837,81.080581,WMD,FIELD,FLD,WMD,WMD,2,PD,NO,4/8/14 9:44,45274001,,,,00400,"Moderate chop, 1 to 3 ft due to 15kt SE winds. Sample area contained floating vegetation.",
FLAB25,FLAB,6/9/14,SAMP,MON,SA,G,,0.5,m,10,"PH, FIELD",PH,7.9,,,7.9,,1,,,,None,2,N,A,P71707-1,,0,2,,,,,,25.0837,81.080581,WMD,FIELD,FLD,WMD,WMD,2,PD,NO,6/10/14 10:14,46555001,6/9/14 11:12,,,400,"Wind 0-5 kts from the South, <1ft chop, incoming tide.",
FLAB25,FLAB,8/5/14,SAMP,MON,SA,G,,0.5,m,10,"PH, FIELD",PH,7.9,,,7.9,,1,,,,None,2,N,A,P72712-1,,0,2,,,,,,25.0837,81.080581,WMD,FIELD,FLD,WMD,WMD,2,PD,NO,8/6/14 10:14,46928001,8/5/14 10:31,,,00400,"Calm conditions, SW winds less than 5 kts. Small amount of single piece turtle and manatee grasses on surface. Water is visibly cloudy, milky. Incoming tide.",
FLAB25,FLAB,10/20/14,SAMP,MON,SA,G,,0.5,m,10,"PH, FIELD",PH,7.9,,,7.9,,1,,,,None,2,N,A,P74736-1,,0,4,,,,,,25.0837,81.080581,WMD,FIELD,FLD,WMD,WMD,2,PD,NO,10/21/14 10:29,48700001,10/20/14 10:21,,,00400,"Incoming tide, light chop",
FLAB25,FLAB,12/17/14,SAMP,MON,SA,G,,0.5,m,10,"PH, FIELD",PH,8,,,8,,1,,,,None,2,N,A,P74738-1,,0,1,,,,,,25.0837,81.080581,WMD,FIELD,FLD,WMD,WMD,2,PD,NO,12/17/14 15:07,48702001,12/17/14 8:33,,,00400,"Incoming tide, NE wind 5-10, seas 1-2 feet. Small amount of floating vegetation pieces visible on water surface.",
FLAB25,FLAB,2/16/15,SAMP,MON,SA,G,,0.5,m,10,"PH, FIELD",PH,7.9,,,7.9,,1,,,,None,2,N,A,P74737-1,,0,2,,,,,,25.0837,81.080581,WMD,FIELD,FLD,WMD,WMD,2,PD,NO,2/17/15 16:26,48701001,2/16/15 10:58,,,400,"Moderate chop, E wind 10-15",
FLAB25,FLAB,4/13/15,SAMP,MON,SA,G,,0.5,m,10,"PH, FIELD",PH,8,,,8,,1,,,,None,2,N,A,P75445-1,,0,2,,,,,,25.0837,81.080581,WMD,FIELD,FLD,WMD,WMD,2,PD,NO,4/14/15 11:19,49159001,4/13/15 11:18,SFWMD-FSQM,,400,"SE wind 15-20, 2-3 ft chop with white caps",
FLAB25,FLAB,6/9/15,SAMP,MON,SA,G,,0.5,m,10,"PH, FIELD",PH,8.1,,,8.1,,1,,,,None,2,N,A,P74739-1,,0,1,,,,,,25.0837,81.080581,WMD,FIELD,FLD,WMD,WMD,2,PD,NO,6/10/15 10:00,48703001,6/9/15 11:10,SFWMD-FSQM,,00400,,
FLAB25,FLAB,8/25/15,SAMP,MON,SA,G,,0.5,m,10,"PH, FIELD",PH,8.3,,,8.3,,1,,,,None,2,N,A,P78245-1,,0,2,,,,,,25.0837,81.080581,WMD,FIELD,FLD,WMD,WMD,2,PD,NO,8/26/15 11:35,51480001,8/25/15 11:39,SFWMD-FSQM,,00400,"Calm seas, winds 0-5mph. High tide.",
FLAB25,FLAB,10/7/15,SAMP,MON,SA,G,,0.5,m,10,"PH, FIELD",PH,7.9,,,7.9,,1,,,,None,2,N,A,P80870-1,,0,3,,,,,,25.0837,81.080581,WMD,FIELD,FLD,WMD,WMD,2,PD,NO,10/7/15 14:57,53692001,10/7/15 8:17,SFWMD-FSQM,,00400,"1-2 seas, light west winds, light amount of loose vegetation floating on surface. Incoming tide.",
FLAB25,FLAB,1/21/16,SAMP,MON,SA,G,,0.5,m,10,"PH, FIELD",PH,7.7,,,7.7,,1,,,,None,2,N,A,P82416-1,,0,2,,,,,,25.0837,81.080581,WMD,FIELD,FLD,WMD,WMD,2,PD,NO,1/21/16 19:26,54965001,1/21/16 10:38,SFWMD-FSQM,,00400,"Slight chop, 1 ft or less. Winds 10-15.",
FLAB25,FLAB,2/16/16,SAMP,MON,SA,G,,0.5,m,10,"PH, FIELD",PH,7.9,,,7.9,,1,,,,None,2,N,A,P82935-1,,0,4,,,,,,25.0837,81.080581,WMD,FIELD,FLD,WMD,WMD,2,PD,NO,2/16/16 17:41,55400001,2/16/16 11:27,SFWMD-FSQM,,00400,"Overcast, west winds 5-10kts, seas 1-2ft, sample area clear.",
FLAB25,FLAB,4/14/16,SAMP,MON,SA,G,,0.5,m,10,"PH, FIELD",PH,7.8,,,7.8,,1,,,,None,2,N,A,P83568-1,,0,1,,,,,,25.0837,81.080581,WMD,FIELD,FLD,WMD,WMD,2,PD,NO,4/14/16 16:26,55991001,4/14/16 10:36,SFWMD-FSQM,,00400,Light winds out of the SE. Small rolling waves.,
FLAB25,FLAB,6/29/16,SAMP,MON,SA,G,,0.5,m,10,"PH, FIELD",PH,8,,,8,,1,,,,None,2,N,A,P84316-1,,0,4,,,,,,25.0837,81.080581,WMD,FIELD,FLD,WMD,WMD,2,PD,NO,6/29/16 15:53,56588001,6/29/16 8:37,SFWMD-FSQM,,00400,"1foot chop observed, wind east 10-15, some floating vegetation on surface, sample collected clear area,",
FLAB25,FLAB,8/25/16,SAMP,MON,SA,G,,0.5,m,10,"PH, FIELD",PH,8,,,8,,1,,,,None,2,N,A,P84638-1,,0,3,,,,,,25.0837,81.080581,WMD,FIELD,FLD,WMD,WMD,2,PD,NO,8/25/16 15:14,56878001,8/25/16 9:03,SFWMD-FSQM,,00400,"High tide, E winds 10kts, light chop, sample area clear.",
FLAB25,FLAB,10/24/16,SAMP,MON,SA,G,,0.5,m,10,"PH, FIELD",PH,7.9,,,7.9,,1,,,,None,2,N,A,P86137-1,,0,3,,,,,,25.0837,81.080581,WMD,FIELD,FLD,WMD,WMD,2,PD,NO,10/24/16 16:01,58226001,10/24/16 9:50,SFWMD-FSQM,,400,"NE winds 15kt, moderate chop, sample area clear otherwise.",
FLAB25,FLAB,12/21/16,SAMP,MON,SA,G,,0.5,m,10,"PH, FIELD",PH,8,,,8,,1,,,,None,2,N,A,P86766-1,,0,1,,,,,,25.0837,81.080581,WMD,FIELD,FLD,WMD,WMD,2,PD,NO,12/21/16 16:26,58611001,12/21/16 9:17,SFWMD-FSQM,,00400,"NE winds 10-15 kts, moderate chop, sample area clear.",
FLAB25,FLAB,2/20/17,SAMP,MON,SA,G,,0.5,m,10,"PH, FIELD",PH,7.9,,,7.9,,1,,,,None,2,N,A,P87700-1,,0,2,,,,,,25.0837,81.080581,WMD,FIELD,FLD,WMD,WMD,2,PD,NO,2/20/17 16:54,59456001,2/20/17 9:43,SFWMD-FSQM,,00400,"NE winds 10-15 kts, waters moderate chop, light amount of loose sea grass on surface.",
FLAB25,FLAB,4/20/17,SAMP,MON,SA,G,,0.5,m,10,"PH, FIELD",PH,8.2,,,8.2,,1,,,,None,2,N,A,P87830-1,,0,5,,,,,,25.0837,81.080581,WMD,FIELD,FLD,WMD,WMD,2,PD,NO,4/20/17 18:58,59588001,4/20/17 11:00,SFWMD-FSQM,,400,"Had 2-4 foot seas, moderate amount of loose sea grass floating on the surface, light rain with 15-20 knot east winds.  Sample collected by DA.",
FLAB25,FLAB,8/1/17,SAMP,MON,SA,G,,0.5,m,10,"PH, FIELD",PH,8.1,,,8.1,,1,,,,None,2,N,A,P89179-1,,0,0,,,,,,25.0837,81.080581,WMD,FIELD,FLD,WMD,WMD,2,PD,NO,8/1/17 16:07,60830001,8/1/17 9:19,SFWMD-FSQM,,400,"Seas 2-4ft, moderate to heavy chop, heavy amount of loose sea grass and sargassum floating on surface, SW winds 10kts.",
FLAB25,FLAB,10/12/17,SAMP,MON,SA,G,,0.5,m,10,"PH, FIELD",PH,7.9,,,7.9,,1,,,,None,2,N,A,P88721-1,,0,0,,,,,,25.0837,81.080581,WMD,FIELD,FLD,WMD,WMD,2,PD,NO,10/12/17 19:00,60388001,10/12/17 13:10,SFWMD-FSQM,,00400,,
FLAB25,FLAB,12/13/17,SAMP,MON,SA,G,,0.5,m,10,"PH, FIELD",PH,7.2,,,7.2,,1,,,,None,2,N,A,P91159-1,,0,0,,,,,,25.0837,81.080581,WMD,FIELD,FLD,WMD,WMD,2,PD,NO,12/13/17 16:37,62572001,12/13/17 9:33,SFWMD-FSQM,,00400,2-4 ft seas. Murky brown water.,
FLAB25,FLAB,2/28/18,SAMP,MON,SA,G,,0.5,m,10,"PH, FIELD",PH,7.9,,,7.9,,1,,,,None,2,N,A,P92112-1,,0,0,,,,,,25.0837,81.080581,WMD,FIELD,FLD,WMD,WMD,2,PD,NO,3/1/18 6:58,63445001,2/28/18 9:49,SFWMD-FSQM,,400,Moderate chop. Cloudy water.,
FLAB25,FLAB,4/10/18,SAMP,MON,SA,G,,0.5,m,10,"PH, FIELD",PH,7.7,,,7.7,,1,,,,None,2,N,A,P92872-1,,0,0,,,,,,25.0837,81.080581,WMD,FIELD,FLD,WMD,WMD,2,PD,NO,4/11/18 6:42,64061001,4/10/18 10:01,SFWMD-FSQM,,00400,1- ft seas. Green water. Light dead floating vegetation in area. Avoided during collection,
FLAB25,FLAB,6/7/18,SAMP,MON,SA,G,,0.5,m,10,"PH, FIELD",PH,7.9,,,7.9,,1,,,,None,2,N,A,P93694-1,,0,0,,,,,,25.0837,81.080581,WMD,FIELD,FLD,WMD,WMD,2,PD,NO,6/7/18 16:24,64892001,6/7/18 9:07,SFWMD-FSQM,,00400,,
FLAB25,FLAB,8/6/18,SAMP,MON,SA,G,,0.5,m,10,"PH, FIELD",PH,8,,,8,,1,,,,None,2,N,A,P94931-1,,0,0,,,,,,25.0837,81.080581,WMD,FIELD,FLD,WMD,WMD,2,PD,NO,8/6/18 16:31,65964001,8/6/18 9:08,SFWMD-FSQM,,00400,Light chop.,
FLAB25,FLAB,10/3/18,SAMP,MON,SA,G,,0.5,m,10,"PH, FIELD",PH,8,,,8,,1,,,,None,2,N,A,P95251-1,,0,0,,,,,,25.0837,81.080581,WMD,FIELD,FLD,WMD,WMD,2,PD,NO,10/3/18 16:28,66264001,10/3/18 9:05,SFWMD-FSQM,,400,suspended solids in water column,
FLAB25,FLAB,12/17/18,SAMP,MON,SA,G,,0.5,m,10,"PH, FIELD",PH,7.8,,,7.8,,1,,,,None,2,N,A,P96720-1,,0,0,,,,,,25.0837,81.080581,WMD,FIELD,FLD,WMD,WMD,2,BA,NO,12/18/18 8:19,67436001,12/17/18 10:13,SFWMD-FSQM,,00400,Moderately choppy in water column.,
FLAB25,FLAB,2/26/19,SAMP,MON,SA,G,,0.5,m,10,"PH, FIELD",PH,7.8,,,7.8,,1,,,,None,2,N,A,P102448-2,,0,0,,,,,,25.0837,81.080581,WMD,FIELD,FLD,WMD,WMD,2,BA,NO,2/27/19 8:00,69631002,2/26/19 9:02,SFWMD-FSQM,,400,,
FLAB25,FLAB,4/15/19,SAMP,MON,SA,G,,0.5,m,10,"PH, FIELD",PH,7.9,,,7.9,,1,,,,None,2,N,A,P103834-2,,0,0,,,,,,25.0837,81.080581,WMD,FIELD,FLD,WMD,WMD,2,BA,NO,4/15/19 17:17,70212002,4/15/19 9:51,SFWMD-FSQM,,00400,,
FLAB25,FLAB,6/11/19,SAMP,MON,SA,G,,0.5,m,10,"PH, FIELD",PH,7.4,J,yes,7.4,,1,,,,None,2,N,A,P106284-2,,0,0,,,,,,25.0837,81.080581,WMD,FIELD,FLD,WMD,WMD,2,BA,NO,6/11/19 16:05,71256002,6/11/19 9:18,SFWMD-FSQM,,00400,,Precision or accuracy criteria not met; pH CCV Failure
FLAB25,FLAB,8/8/19,SAMP,MON,SA,G,,0.5,m,10,"PH, FIELD",PH,7.9,,,7.9,,1,,,,None,2,N,A,P109207-2,,0,0,,,,,,25.0837,81.080581,WMD,FIELD,FLD,WMD,WMD,2,BA,NO,8/9/19 8:38,72380002,8/8/19 9:24,SFWMD-FSQM,,00400,"Heavy suspended solids visible in top layer of water column, but not present in sample.",
FLAB25,FLAB,10/8/19,SAMP,MON,SA,G,,0.5,m,10,"PH, FIELD",PH,7.6,,,7.6,,1,,,,None,2,N,A,P109898-2,,0,0,,,,,,25.0837,81.080581,WMD,FIELD,FLD,WMD,WMD,2,BA,NO,10/8/19 16:32,72718002,10/8/19 9:22,SFWMD-FSQM,,400,,
FLAB25,FLAB,12/5/19,SAMP,MON,SA,G,,0.5,m,10,"PH, FIELD",PH,8,,,8,,1,,,,None,2,N,A,P110697-2,,0,0,,,,,,25.0837,81.080581,WMD,FIELD,FLD,WMD,WMD,2,BA,NO,12/6/19 9:11,73095002,12/5/19 9:36,SFWMD-FSQM,,00400,,
FLAB25,FLAB,2/3/20,SAMP,MON,SA,G,,0.5,m,10,"PH, FIELD",PH,8,,,8,,1,,,,None,2,N,A,P110713-2,,0,0,,,,,,25.0837,81.080581,WMD,FIELD,FLD,WMD,WMD,2,BA,NO,2/4/20 7:43,73108002,2/3/20 9:53,SFWMD-FSQM,,400,,
FLAB25,FLAB,4/1/20,SAMP,MON,SA,G,,0.5,m,10,"PH, FIELD",PH,8,,,8,,1,,,,None,2,N,A,P110719-2,,0,0,,,,,,25.0837,81.080581,WMD,FIELD,FLD,WMD,WMD,2,BA,NO,4/1/20 16:12,73114002,4/1/20 9:24,SFWMD-FSQM,,00400,Murky brown water.,
FLAB25,FLAB,6/1/20,SAMP,MON,SA,G,,0.5,m,10,"PH, FIELD",PH,8,J,yes,8,,1,,,,None,2,N,A,P111041-2,,0,0,,,,,,25.0837,81.080581,WMD,FIELD,FLD,WMD,WMD,2,BA,NO,6/1/20 16:40,73264002,6/1/20 9:42,SFWMD-FSQM,,00400,,PH failed CCV; Precision or accuracy criteria not met
FLAB25,FLAB,8/13/20,SAMP,MON,SA,G,,0.5,m,10,"PH, FIELD",PH,7.9,,,7.9,,1,,,,None,2,N,A,P111104-2,,0,0,,,,,,25.0837,81.080581,WMD,FIELD,FLD,WMD,WMD,2,BA,NO,8/14/20 8:30,73302002,8/13/20 9:53,SFWMD-FSQM,,00400,,
FLAB25,FLAB,10/12/20,SAMP,MON,SA,G,,0.5,m,10,"PH, FIELD",PH,7.9,,,7.9,,1,,,,None,2,N,A,P118766-2,,0,0,,,,,,25.0837,81.080581,WMD,FIELD,FLD,WMD,WMD,2,BA,NO,10/13/20 8:46,76829002,10/12/20 10:24,SFWMD-FSQM,,00400,Vegetative debris present in sampling area.,
FLAB25,FLAB,12/9/20,SAMP,MON,SA,G,,0.5,m,10,"PH, FIELD",PH,7.9,,,7.9,,1,,,,None,2,N,A,P120347-2,,0,0,,,,,,25.0837,81.080581,WMD,FIELD,FLD,WMD,WMD,2,BA,NO,12/10/20 8:58,77553002,12/9/20 9:46,SFWMD-FSQM,,00400,"Sample area clear, but water was very rough.  Light solids in sample.  Sample collected by CL.",
FLAB25,FLAB,1/7/21,SAMP,MON,SA,G,,0.5,m,10,"PH, FIELD",PH,8,,,8,,1,,,,None,2,N,A,P121638-2,,0,0,,,,,,25.0837,81.080581,WMD,FIELD,FLD,WMD,WMD,2,BA,NO,1/7/21 15:42,78139002,1/7/21 9:06,SFWMD-FSQM,,00400,Secchi on bottom,
FLAB25,FLAB,3/17/21,SAMP,MON,SA,G,,0.5,m,10,"PH, FIELD",PH,8,,,8,,1,,,,None,2,N,A,P122507-2,,0,0,,,,,,25.0837,81.080581,WMD,FIELD,FLD,WMD,WMD,2,BA,NO,3/18/21 7:15,78496002,3/17/21 10:07,SFWMD-FSQM,,00400,,
FLAB25,FLAB,5/24/21,SAMP,MON,SA,G,,0.5,m,10,"PH, FIELD",PH,8,,,8,,1,,,,None,2,N,A,P122517-2,,0,0,,,,,,25.0837,81.080581,WMD,FIELD,FLD,WMD,WMD,2,BA,NO,5/24/21 15:47,78500002,5/24/21 9:09,SFWMD-FSQM,,00400,,
FLAB25,FLAB,7/1/21,SAMP,MON,SA,G,,0.5,m,10,"PH, FIELD",PH,8,J,yes,8,,1,,,,None,2,N,A,P123928-2,,0,0,,,,,,25.0837,81.080581,WMD,FIELD,FLD,WMD,WMD,2,BA,NO,7/2/21 8:46,79168002,7/1/21 9:49,SFWMD-FSQM,,00400,,Improper laboratory or field protocol; Measure time is after the collection time of the next station
FLAB25,FLAB,10/13/21,SAMP,MON,SA,G,,0.5,m,10,"PH, FIELD",PH,7.8,,,7.8,,1,,,,None,2,N,A,P125715-2,,0,0,,,,,,25.0837,81.080581,WMD,FIELD,FLD,WMD,WMD,2,BA,NO,10/13/21 15:07,79972002,10/13/21 8:44,SFWMD-FSM,,00400,,
FLAB25,FLAB,12/27/21,SAMP,MON,SA,G,,0.5,m,10,"PH, FIELD",PH,7.9,,,7.9,,1,,,,None,2,N,A,P128145-2,,0,0,,,,,,25.0837,81.080581,WMD,FIELD,FLD,WMD,WMD,2,BA,NO,12/28/21 8:06,81128002,12/27/21 9:43,SFWMD-FSM,,00400,Sampling area clear of debris.,
FLAB25,FLAB,2/8/22,SAMP,MON,SA,G,,0.5,m,10,"PH, FIELD",PH,7.6,,,7.6,,1,,,,None,2,N,A,P129938-2,,0,0,,,,,,25.0837,81.080581,WMD,FIELD,FLD,WMD,WMD,2,BA,NO,2/9/22 8:51,81841002,2/8/22 9:28,SFWMD-FSM,,00400,,
FLAB25,FLAB,4/7/22,SAMP,MON,SA,G,,0.5,m,10,"PH, FIELD",PH,7.9,,,7.9,,1,,,,None,2,N,A,P132794-2,,0,0,,,,,,25.0837,81.080581,WMD,FIELD,FLD,WMD,WMD,2,BA,NO,4/8/22 8:13,83110002,4/7/22 9:56,SFWMD-FSM,,00400,,
FLAB25,FLAB,6/22/22,SAMP,MON,SA,G,,0.5,m,10,"PH, FIELD",PH,7.9,,,7.9,,1,,,,None,2,N,A,P134124-2,,0,0,,,,,,25.0837,81.080581,WMD,FIELD,FLD,WMD,WMD,2,BA,NO,6/23/22 9:09,83718002,6/22/22 10:55,SFWMD-FSM,,00400,,
FLAB25,FLAB,10/20/22,SAMP,MON,SA,G,,0.5,m,10,"PH, FIELD",PH,7.9,,,7.9,,1,,,,None,2,N,A,P136495-2,,0,0,,,,,,25.0837,81.080581,WMD,FIELD,FLD,WMD,WMD,2,BA,NO,10/21/22 8:50,84867002,10/20/22 10:42,SFWMD-FSM,,00400,"Water in sampling area appears cloudy, visible detritus in water column.",
FLAB25,FLAB,12/19/22,SAMP,MON,SA,G,,0.5,m,10,"PH, FIELD",PH,7.9,,,7.9,,1,,,,None,2,N,A,P138520-2,,0,0,,,,,,25.0837,81.080581,WMD,FIELD,FLD,WMD,WMD,2,BA,NO,12/20/22 8:22,85841002,12/19/22 10:48,SFWMD-FSM,,00400,,
FLAB25,FLAB,1/30/23,SAMP,MON,SA,G,,0.5,m,10,"PH, FIELD",PH,7.9,,,7.9,,1,,,,None,2,N,A,P139468-2,,0,0,,,,,,25.0837,81.080581,WMD,FIELD,FLD,WMD,WMD,2,BA,NO,1/31/23 8:28,86300002,1/30/23 11:12,SFWMD-FSM,,00400,,
FLAB25,FLAB,3/14/23,SAMP,MON,SA,G,,0.5,m,10,"PH, FIELD",PH,7.9,,,7.9,,1,,,,None,2,N,A,P141269-2,,0,0,,,,,,25.0837,81.080581,WMD,FIELD,FLD,WMD,WMD,2,BA,NO,3/15/23 8:13,87043002,3/14/23 9:56,SFWMD-FSM,,00400,,
FLAB25,FLAB,9/27/23,SAMP,MON,SA,G,,0.5,m,10,"PH, FIELD",PH,8,,,8,,1,,,,None,2,N,A,P146063-2,,0,0,,,,,,25.0837,81.080581,WMD,FIELD,FLD,WMD,WMD,2,BA,NO,9/28/23 7:51,89093002,9/27/23 9:10,SFWMD-FSM,,00400,,
FLAB25,FLAB,11/13/23,SAMP,MON,SA,G,,0.5,m,10,"PH, FIELD",PH,8.1,,,8.1,,1,,,,None,2,N,A,P146064-2,,0,0,,,,,,25.0837,81.080581,WMD,FIELD,FLD,WMD,WMD,2,BA,NO,11/14/23 8:28,89094002,11/13/23 10:41,SFWMD-FSM,,00400,,
FLAB25,FLAB,1/8/24,SAMP,MON,SA,G,,0.5,m,10,"PH, FIELD",PH,8,,,8,,1,,,,None,2,N,A,P148342-2,,0,0,,,,,,25.0837,81.080581,WMD,FIELD,FLD,WMD,WMD,2,BA,NO,1/9/24 7:59,90199002,1/8/24 10:40,SFWMD-FSM,,00400,,
FLAB25,FLAB,3/4/24,SAMP,MON,SA,G,,0.5,m,10,"PH, FIELD",PH,7.9,,,7.9,,1,,,,None,2,N,A,P149299-2,,0,0,,,,,,25.0837,81.080581,WMD,FIELD,FLD,WMD,WMD,2,BA,NO,3/5/24 7:49,90665002,3/4/24 10:15,SFWMD-FSM,,400,,
FLAB25,FLAB,5/13/24,SAMP,MON,SA,G,,0.5,m,10,"PH, FIELD",PH,8,,,8,,1,,,,None,2,N,A,P150708-2,,0,0,,,,,,25.0837,81.080581,WMD,FIELD,FLD,WMD,WMD,2,BA,NO,5/14/24 8:01,91357002,5/13/24 9:43,SFWMD-FSM,,00400,,
FLAB25,FLAB,7/15/24,SAMP,MON,SA,G,,0.5,m,10,"PH, FIELD",PH,8,,,8,,1,,,,None,2,N,A,P152189-2,,0,0,,,,,,25.0837,81.080581,WMD,FIELD,FLD,WMD,WMD,2,BA,NO,7/16/24 8:15,92109002,7/15/24 9:41,SFWMD-FSM,,400,,
FLAB25,FLAB,9/12/24,SAMP,MON,SA,G,,0.5,m,10,"PH, FIELD",PH,7.9,,,7.9,,1,,,,None,2,N,A,P153175-2,,0,0,,,,,,25.0837,81.080581,WMD,FIELD,FLD,WMD,WMD,2,BA,NO,9/13/24 8:11,92600002,9/12/24 10:17,SFWMD-FSM,,00400,,
FLAB25,FLAB,12/9/24,SAMP,MON,SA,G,,0.5,m,10,"PH, FIELD",PH,8,,,8,,1,,,,None,2,N,A,P154028-2,,0,0,,,,,,25.0837,81.080581,WMD,FIELD,FLD,WMD,WMD,2,BA,NO,12/10/24 8:14,93033002,12/9/24 9:55,SFWMD-FSM,,00400,,
FLAB25,FLAB,2/5/25,SAMP,MON,SA,G,,0.5,m,10,"PH, FIELD",PH,8,,,8,,1,,,,None,2,N,A,P155969-2,,0,0,,,,,,25.0837,81.080581,WMD,FIELD,FLD,WMD,WMD,2,BA,NO,2/6/25 8:46,93978002,2/5/25 9:35,SFWMD-FSM,,00400,,
FLAB25,FLAB,6/18/25,SAMP,MON,SA,G,,0.5,m,10,"PH, FIELD",PH,8.3,,,8.3,,1,,,,None,2,N,A,P158028-2,,0,0,,,,,,25.0837,81.080581,WMD,FIELD,FLD,WMD,WMD,2,BA,NO,6/19/25 8:34,95008002,6/18/25 9:38,SFWMD-FSM,,00400,,
FLAB25,FLAB,8/18/25,SAMP,MON,SA,G,,0.5,m,10,"PH, FIELD",PH,8,,,8,,1,,,,pH Units,,N,P,P159659-2,,0,0,,,3.7,,,25.0837,-81.080581,,FIELD,WMD,,,,BA,,8/19/25 8:35,95824002,8/18/25 9:35,SFWMD-FSM,,00400,,
FLAB25,FLAB,10/1/25,SAMP,MON,SA,G,,0.5,m,10,"PH, FIELD",PH,7.9,,,7.9,,1,,,,pH Units,,N,P,P161306-2,,0,0,,,3.4,,,25.0837,-81.080581,,FIELD,WMD,,,,BA,,10/2/25 8:34,96647002,10/1/25 10:35,SFWMD-FSM,,00400,"stringy, slimy substance throughout water column",
FLAB25,FLAB,7/15/92,SAMP,MON,SA,G,,0,,12,TURBIDITY,TURBI,1.96,,,2,,,,,,NTU,1,N,A,FIU17602,,0,0,,,,,,25.0837,81.080581,,,FIU,FIU,,,,,,,,,,,,
FLAB25,FLAB,8/15/92,SAMP,MON,SA,G,,0,,12,TURBIDITY,TURBI,2.53,,,2.5,,,,,,NTU,1,N,A,FIU17604,,0,0,,,,,,25.0837,81.080581,,,FIU,FIU,,,,,,,,,,,,
FLAB25,FLAB,9/15/92,SAMP,MON,SA,G,,0,,12,TURBIDITY,TURBI,4.81,,,4.8,,,,,,NTU,1,N,A,FIU17607,,0,0,,,,,,25.0837,81.080581,,,FIU,FIU,,,,,,,,,,,,
FLAB25,FLAB,10/15/92,SAMP,MON,SA,G,,0,,12,TURBIDITY,TURBI,11.795,,,11.8,,,,,,NTU,1,N,A,FIU17609,,0,0,,,,,,25.0837,81.080581,,,FIU,FIU,,,,,,,,,,,,
FLAB25,FLAB,11/15/92,SAMP,MON,SA,G,,0,,12,TURBIDITY,TURBI,25.74,,,25.7,,,,,,NTU,1,N,A,FIU17611,,0,0,,,,,,25.0837,81.080581,,,FIU,FIU,,,,,,,,,,,,
FLAB25,FLAB,12/15/92,SAMP,MON,SA,G,,0,,12,TURBIDITY,TURBI,2.85,,,2.8,,,,,,NTU,1,N,A,FIU17613,,0,0,,,,,,25.0837,81.080581,,,FIU,FIU,,,,,,,,,,,,
FLAB25,FLAB,1/21/93,SAMP,MON,SA,G,,0,,12,TURBIDITY,TURBI,11.85,,,11.8,,,,,,NTU,1,N,A,FIU17614,,0,0,,,,,,25.0837,81.080581,,,FIU,FIU,,,,,,,,,,,,
FLAB25,FLAB,2/10/93,SAMP,MON,SA,G,,0,,12,TURBIDITY,TURBI,11.61,,,11.6,,,,,,NTU,1,N,A,FIU17615,,0,0,,,,,,25.0837,81.080581,,,FIU,FIU,,,,,,,,,,,,
FLAB25,FLAB,3/10/93,SAMP,MON,SA,G,,0,,12,TURBIDITY,TURBI,17.345,,,17.3,,,,,,NTU,1,N,A,FIU17616,,0,0,,,,,,25.0837,81.080581,,,FIU,FIU,,,,,,,,,,,,
FLAB25,FLAB,4/7/93,SAMP,MON,SA,G,,0,,12,TURBIDITY,TURBI,52.37,,,52.4,,,,,,NTU,1,N,A,FIU17617,,0,0,,,,,,25.0837,81.080581,,,FIU,FIU,,,,,,,,,,,,
FLAB25,FLAB,5/12/93,SAMP,MON,SA,G,,0,,12,TURBIDITY,TURBI,10.89,,,10.9,,,,,,NTU,1,N,A,FIU17618,,0,0,,,,,,25.0837,81.080581,,,FIU,FIU,,,,,,,,,,,,
FLAB25,FLAB,6/3/93,SAMP,MON,SA,G,,0,,12,TURBIDITY,TURBI,7.65,,,7.6,,,,,,NTU,1,N,A,FIU17619,,0,0,,,,,,25.0837,81.080581,,,FIU,FIU,,,,,,,,,,,,
FLAB25,FLAB,7/7/93,SAMP,MON,SA,G,,0,,12,TURBIDITY,TURBI,3.385,,,3.4,,,,,,NTU,1,N,A,FIU17620,,0,0,,,,,,25.0837,81.080581,,,FIU,FIU,,,,,,,,,,,,
FLAB25,FLAB,8/4/93,SAMP,MON,SA,G,,0,,12,TURBIDITY,TURBI,8.62,,,8.6,,,,,,NTU,1,N,A,FIU17621,,0,0,,,,,,25.0837,81.080581,,,FIU,FIU,,,,,,,,,,,,
FLAB25,FLAB,9/9/93,SAMP,MON,SA,G,,0,,12,TURBIDITY,TURBI,1.9,,,1.9,,,,,,NTU,1,N,A,FIU17622,,0,0,,,,,,25.0837,81.080581,,,FIU,FIU,,,,,,,,,,,,
FLAB25,FLAB,10/6/93,SAMP,MON,SA,G,,0,,12,TURBIDITY,TURBI,2.95,,,3,,,,,,NTU,1,N,A,FIU17623,,0,0,,,,,,25.0837,81.080581,,,FIU,FIU,,,,,,,,,,,,
FLAB25,FLAB,11/3/93,SAMP,MON,SA,G,,0,,12,TURBIDITY,TURBI,7.475,,,7.5,,,,,,NTU,1,N,A,FIU17624,,0,0,,,,,,25.0837,81.080581,,,FIU,FIU,,,,,,,,,,,,
FLAB25,FLAB,12/2/93,SAMP,MON,SA,G,,0,,12,TURBIDITY,TURBI,12.72,,,12.7,,,,,,NTU,1,N,A,FIU17625,,0,0,,,,,,25.0837,81.080581,,,FIU,FIU,,,,,,,,,,,,
FLAB25,FLAB,1/11/94,SAMP,MON,SA,G,,0,,12,TURBIDITY,TURBI,3.9,,,3.9,,,,,,NTU,1,N,A,FIU17626,,0,0,,,,,,25.0837,81.080581,,,FIU,FIU,,,,,,,,,,,,
FLAB25,FLAB,2/2/94,SAMP,MON,SA,G,,0,,12,TURBIDITY,TURBI,40.25,,,40.2,,,,,,NTU,1,N,A,FIU17627,,0,0,,,,,,25.0837,81.080581,,,FIU,FIU,,,,,,,,,,,,
FLAB25,FLAB,3/8/94,SAMP,MON,SA,G,,0,,12,TURBIDITY,TURBI,37,,,37,,,,,,NTU,1,N,A,FIU17628,,0,0,,,,,,25.0837,81.080581,,,FIU,FIU,,,,,,,,,,,,
FLAB25,FLAB,4/6/94,SAMP,MON,SA,G,,0,,12,TURBIDITY,TURBI,17.6,D,,17.6,,,,,,NTU,1,N,A,FIU17629,,0,0,,,,,,25.0837,81.080581,,,FIU,FIU,,,,,,,,,,,,
FLAB25,FLAB,5/4/94,SAMP,MON,SA,G,,0,,12,TURBIDITY,TURBI,4.15,D,,4.2,,,,,,NTU,1,N,A,FIU17631,,0,0,,,,,,25.0837,81.080581,,,FIU,FIU,,,,,,,,,,,,
FLAB25,FLAB,6/8/94,SAMP,MON,SA,G,,0,,12,TURBIDITY,TURBI,8.45,D,,8.4,,,,,,NTU,1,N,A,FIU17633,,0,0,,,,,,25.0837,81.080581,,,FIU,FIU,,,,,,,,,,,,
FLAB25,FLAB,7/7/94,SAMP,MON,SA,G,,0,,12,TURBIDITY,TURBI,47.55,D,,47.6,,,,,,NTU,1,N,A,FIU17635,,0,0,,,,,,25.0837,81.080581,,,FIU,FIU,,,,,,,,,,,,
FLAB25,FLAB,8/4/94,SAMP,MON,SA,G,,0,,12,TURBIDITY,TURBI,17.4,D,,17.4,,,,,,NTU,1,N,A,FIU17637,,0,0,,,,,,25.0837,81.080581,,,FIU,FIU,,,,,,,,,,,,
FLAB25,FLAB,9/14/94,SAMP,MON,SA,G,,0,,12,TURBIDITY,TURBI,11.4,D,,11.4,,,,,,NTU,1,N,A,FIU17639,,0,0,,,,,,25.0837,81.080581,,,FIU,FIU,,,,,,,,,,,,
FLAB25,FLAB,10/5/94,SAMP,MON,SA,G,,0,,12,TURBIDITY,TURBI,4.1,D,,4.1,,,,,,NTU,1,N,A,FIU17641,,0,0,,,,,,25.0837,81.080581,,,FIU,FIU,,,,,,,,,,,,
FLAB25,FLAB,11/2/94,SAMP,MON,SA,G,,0,,12,TURBIDITY,TURBI,11.9,D,,11.9,,,,,,NTU,1,N,A,FIU17643,,0,0,,,,,,25.0837,81.080581,,,FIU,FIU,,,,,,,,,,,,
FLAB25,FLAB,11/22/94,SAMP,MON,SA,G,,0,,12,TURBIDITY,TURBI,7.5,D,,7.5,,,,,,NTU,1,N,A,FIU17645,,0,0,,,,,,25.0837,81.080581,,,FIU,FIU,,,,,,,,,,,,
FLAB25,FLAB,12/1/94,SAMP,MON,SA,G,,0,,12,TURBIDITY,TURBI,3.1,D,,3.1,,,,,,NTU,1,N,A,FIU17647,,0,0,,,,,,25.0837,81.080581,,,FIU,FIU,,,,,,,,,,,,
FLAB25,FLAB,1/5/95,SAMP,MON,SA,G,,0,,12,TURBIDITY,TURBI,23.2,,,23.2,,,,,,NTU,1,N,A,FIU17649,,0,0,,,,,,25.0837,81.080581,,,FIU,FIU,,,,,,,,,,,,
FLAB25,FLAB,2/2/95,SAMP,MON,SA,G,,0,,12,TURBIDITY,TURBI,14.4,D,,14.4,,,,,,NTU,1,N,A,FIU17651,,0,0,,,,,,25.0837,81.080581,,,FIU,FIU,,,,,,,,,,,,
FLAB25,FLAB,3/1/95,SAMP,MON,SA,G,,0,,12,TURBIDITY,TURBI,18.3,D,,18.3,,,,,,NTU,1,N,A,FIU17653,,0,0,,,,,,25.0837,81.080581,,,FIU,FIU,,,,,,,,,,,,
FLAB25,FLAB,4/19/95,SAMP,MON,SA,G,,0,,12,TURBIDITY,TURBI,11.5,D,,11.5,,,,,,NTU,1,N,A,FIU17655,,0,0,,,,,,25.0837,81.080581,,,FIU,FIU,,,,,,,,,,,,
FLAB25,FLAB,5/24/95,SAMP,MON,SA,G,,0,,12,TURBIDITY,TURBI,7.4,D,,7.4,,,,,,NTU,1,N,A,FIU17657,,0,0,,,,,,25.0837,81.080581,,,FIU,FIU,,,,,,,,,,,,
FLAB25,FLAB,6/21/95,SAMP,MON,SA,G,,0,,12,TURBIDITY,TURBI,11.1,D,,11.1,,,,,,NTU,1,N,A,FIU17659,,0,0,,,,,,25.0837,81.080581,,,FIU,FIU,,,,,,,,,,,,
FLAB25,FLAB,7/12/95,SAMP,MON,SA,G,,0,,12,TURBIDITY,TURBI,4.5,D,,4.5,,,,,,NTU,1,N,A,FIU17661,,0,0,,,,,,25.0837,81.080581,,,FIU,FIU,,,,,,,,,,,,
FLAB25,FLAB,8/11/95,SAMP,MON,SA,G,,0,,12,TURBIDITY,TURBI,8.5,D,,8.5,,,,,,NTU,1,N,A,FIU17663,,0,0,,,,,,25.0837,81.080581,,,FIU,FIU,,,,,,,,,,,,
FLAB25,FLAB,9/6/95,SAMP,MON,SA,G,,0,,12,TURBIDITY,TURBI,18,D,,18,,,,,,NTU,1,N,A,FIU17665,,0,0,,,,,,25.0837,81.080581,,,FIU,FIU,,,,,,,,,,,,
FLAB25,FLAB,10/22/95,SAMP,MON,SA,G,,0,,12,TURBIDITY,TURBI,11.6,D,,11.6,,,,,,NTU,1,N,A,FIU17667,,0,0,,,,,,25.0837,81.080581,,,FIU,FIU,,,,,,,,,,,,
FLAB25,FLAB,11/17/95,SAMP,MON,SA,G,,0,,12,TURBIDITY,TURBI,0.9,D,,0.9,,,,,,NTU,1,N,A,FIU17669,,0,0,,,,,,25.0837,81.080581,,,FIU,FIU,,,,,,,,,,,,
FLAB25,FLAB,12/14/95,SAMP,MON,SA,G,,0,,12,TURBIDITY,TURBI,7.7,D,,7.7,,,,,,NTU,1,N,A,FIU17671,,0,0,,,,,,25.0837,81.080581,,,FIU,FIU,,,,,,,,,,,,
FLAB25,FLAB,1/23/96,SAMP,MON,SA,G,,0,,12,TURBIDITY,TURBI,23.4,D,,23.4,,,,,,NTU,1,N,A,FIU17673,,0,0,,,,,,25.0837,81.080581,,,FIU,FIU,,,,,,,,,,,,
FLAB25,FLAB,2/12/96,SAMP,MON,SA,G,,0,,12,TURBIDITY,TURBI,18.2,D,,18.2,,,,,,NTU,1,N,A,FIU17675,,0,0,,,,,,25.0837,81.080581,,,FIU,FIU,,,,,,,,,,,,
FLAB25,FLAB,3/22/96,SAMP,MON,SA,G,,0,,12,TURBIDITY,TURBI,34.8,D,,34.8,,,,,,NTU,1,N,A,FIU17677,,0,0,,,,,,25.0837,81.080581,,,FIU,FIU,,,,,,,,,,,,
FLAB25,FLAB,4/25/96,SAMP,MON,SA,G,,0,,12,TURBIDITY,TURBI,26.3,D,,26.3,,,,,,NTU,1,N,A,FIU17679,,0,0,,,,,,25.0837,81.080581,,,FIU,FIU,,,,,,,,,,,,
FLAB25,FLAB,5/10/96,SAMP,MON,SA,G,,0,,12,TURBIDITY,TURBI,31.7,D,,31.7,,,,,,NTU,1,N,A,FIU17681,,0,0,,,,,,25.0837,81.080581,,,FIU,FIU,,,,,,,,,,,,
FLAB25,FLAB,6/6/96,SAMP,MON,SA,G,,0,,12,TURBIDITY,TURBI,3.8,D,,3.8,,,,,,NTU,1,N,A,FIU17683,,0,0,,,,,,25.0837,81.080581,,,FIU,FIU,,,,,,,,,,,,
FLAB25,FLAB,7/5/96,SAMP,MON,SA,G,,0.1,,12,TURBIDITY,TURBI,10.7,,,10.7,,,,,,NTU,1,N,A,FIU17685,,0,0,,,,,,25.0837,81.080581,,,FIU,FIU,,,,,,,,,,,,
FLAB25,FLAB,8/22/96,SAMP,MON,SA,G,,0.1,,12,TURBIDITY,TURBI,2.1,,,2.1,,,,,,NTU,1,N,A,FIU17687,,0,0,,,,,,25.0837,81.080581,,,FIU,FIU,,,,,,,,,,,,
FLAB25,FLAB,9/14/96,SAMP,MON,SA,G,,0.1,,12,TURBIDITY,TURBI,14,,,14,,,,,,NTU,1,N,A,FIU17689,,0,0,,,,,,25.0837,81.080581,,,FIU,FIU,,,,,,,,,,,,
FLAB25,FLAB,10/15/96,SAMP,MON,SA,G,,0.1,,12,TURBIDITY,TURBI,45.8,,,45.8,,,,,,NTU,1,N,A,FIU17691,,0,0,,,,,,25.0837,81.080581,,,FIU,FIU,,,,,,,,,,,,
FLAB25,FLAB,11/7/96,SAMP,MON,SA,G,,0.1,,12,TURBIDITY,TURBI,3.8,,,3.8,,,,,,NTU,1,N,A,FIU17693,,0,0,,,,,,25.0837,81.080581,,,FIU,FIU,,,,,,,,,,,,
FLAB25,FLAB,12/6/96,SAMP,MON,SA,G,,0.1,,12,TURBIDITY,TURBI,9.6,,,9.6,,,,,,NTU,1,N,A,FIU17695,,0,0,,,,,,25.0837,81.080581,,,FIU,FIU,,,,,,,,,,,,
FLAB25,FLAB,1/8/97,SAMP,MON,SA,G,,0.1,,12,TURBIDITY,TURBI,5.3,,,5.3,,,,,,NTU,1,N,A,FIU17697,,0,0,,,,,,25.0837,81.080581,,,FIU,FIU,,,,,,,,,,,,
FLAB25,FLAB,2/15/97,SAMP,MON,SA,G,,0.1,,12,TURBIDITY,TURBI,5,,,5,,,,,,NTU,1,N,A,FIU17699,,0,0,,,,,,25.0837,81.080581,,,FIU,FIU,,,,,,,,,,,,
FLAB25,FLAB,3/12/97,SAMP,MON,SA,G,,0.1,,12,TURBIDITY,TURBI,2.3,,,2.3,,,,,,NTU,1,N,A,FIU17701,,0,0,,,,,,25.0837,81.080581,,,FIU,FIU,,,,,,,,,,,,
FLAB25,FLAB,4/16/97,SAMP,MON,SA,G,,0.1,,12,TURBIDITY,TURBI,6.8,,,6.8,,,,,,NTU,1,N,A,FIU17703,,0,0,,,,,,25.0837,81.080581,,,FIU,FIU,,,,,,,,,,,,
FLAB25,FLAB,5/22/97,SAMP,MON,SA,G,,0.1,,12,TURBIDITY,TURBI,3.1,,,3.1,,,,,,NTU,1,N,A,FIU17705,,0,0,,,,,,25.0837,81.080581,,,FIU,FIU,,,,,,,,,,,,
FLAB25,FLAB,6/12/97,SAMP,MON,SA,G,,0.1,,12,TURBIDITY,TURBI,6.2,,,6.2,,,,,,NTU,1,N,A,FIU17707,,0,0,,,,,,25.0837,81.080581,,,FIU,FIU,,,,,,,,,,,,
FLAB25,FLAB,8/19/97,SAMP,MON,SA,G,,0.1,,12,TURBIDITY,TURBI,24.1,,,24.1,,,,,,NTU,1,N,A,FIU17710,,0,0,,,,,,25.0837,81.080581,,,FIU,FIU,,,,,,,,,,,,
FLAB25,FLAB,9/10/97,SAMP,MON,SA,G,,0.1,,12,TURBIDITY,TURBI,3.3,,,3.3,,,,,,NTU,1,N,A,FIU17712,,0,0,,,,,,25.0837,81.080581,,,FIU,FIU,,,,,,,,,,,,
FLAB25,FLAB,10/21/97,SAMP,MON,SA,G,,0.1,,12,TURBIDITY,TURBI,4.8,,,4.8,,,,,,NTU,1,N,A,FIU17714,,0,0,,,,,,25.0837,81.080581,,,FIU,FIU,,,,,,,,,,,,
FLAB25,FLAB,11/25/97,SAMP,MON,SA,G,,0.1,,12,TURBIDITY,TURBI,3.3,,,3.3,,,,,,NTU,1,N,A,FIU17716,,0,0,,,,,,25.0837,81.080581,,,FIU,FIU,,,,,,,,,,,,
FLAB25,FLAB,12/12/97,SAMP,MON,SA,G,,0.1,,12,TURBIDITY,TURBI,4.1,,,4.1,,,,,,NTU,1,N,A,FIU17718,,0,0,,,,,,25.0837,81.080581,,,FIU,FIU,,,,,,,,,,,,
FLAB25,FLAB,1/21/98,SAMP,MON,SA,G,,0.1,,12,TURBIDITY,TURBI,2.6,,,2.6,,,,,,NTU,1,N,A,FIU17720,,0,0,,,,,,25.0837,81.080581,,,FIU,FIU,,,,,,,,,,,,
FLAB25,FLAB,2/18/98,SAMP,MON,SA,G,,0.1,,12,TURBIDITY,TURBI,5,,,5,,,,,,NTU,1,N,A,FIU17722,,0,0,,,,,,25.0837,81.080581,,,FIU,FIU,,,,,,,,,,,,
FLAB25,FLAB,3/20/98,SAMP,MON,SA,G,,0.1,,12,TURBIDITY,TURBI,11.2,,,11.2,,,,,,NTU,1,N,A,FIU17724,,0,0,,,,,,25.0837,81.080581,,,FIU,FIU,,,,,,,,,,,,
FLAB25,FLAB,4/15/98,SAMP,MON,SA,G,,0.1,,12,TURBIDITY,TURBI,5,,,5,,,,,,NTU,1,N,A,FIU17726,,0,0,,,,,,25.0837,81.080581,,,FIU,FIU,,,,,,,,,,,,
FLAB25,FLAB,5/14/98,SAMP,MON,SA,G,,0.1,,12,TURBIDITY,TURBI,6.5,,,6.5,,,,,,NTU,1,N,A,FIU17728,,0,0,,,,,,25.0837,81.080581,,,FIU,FIU,,,,,,,,,,,,
FLAB25,FLAB,6/10/98,SAMP,MON,SA,G,,0.1,,12,TURBIDITY,TURBI,1.5,,,1.5,,,,,,NTU,1,N,A,FIU17730,,0,0,,,,,,25.0837,81.080581,,,FIU,FIU,,,,,,,,,,,,
FLAB25,FLAB,7/14/98,SAMP,MON,SA,G,,0.1,,12,TURBIDITY,TURBI,5.4,,,5.4,,,,,,NTU,1,N,A,FIU17732,,0,0,,,,,,25.0837,81.080581,,,FIU,FIU,,,,,,,,,,,,
FLAB25,FLAB,8/19/98,SAMP,MON,SA,G,,0.1,,12,TURBIDITY,TURBI,0.9,,,0.9,,,,,,NTU,1,N,A,FIU17734,,0,0,,,,,,25.0837,81.080581,,,FIU,FIU,,,,,,,,,,,,
FLAB25,FLAB,9/17/98,SAMP,MON,SA,G,,0.1,,12,TURBIDITY,TURBI,5,,,5,,,,,,NTU,1,N,A,FIU17736,,0,0,,,,,,25.0837,81.080581,,,FIU,FIU,,,,,,,,,,,,
FLAB25,FLAB,9/30/98,SAMP,MON,SA,G,,0.1,,12,TURBIDITY,TURBI,23,,,23,,,,,,NTU,1,N,A,FIU17738,,0,0,,,,,,25.0837,81.080581,,,FIU,FIU,,,,,,,,,,,,
FLAB25,FLAB,11/3/98,SAMP,MON,SA,G,,0.1,,12,TURBIDITY,TURBI,14.5,,,14.5,,,,,,NTU,1,N,A,FIU17740,,0,0,,,,,,25.0837,81.080581,,,FIU,FIU,,,,,,,,,,,,
FLAB25,FLAB,12/1/98,SAMP,MON,SA,G,,0.1,,12,TURBIDITY,TURBI,15.2,,,15.2,,,,,,NTU,1,N,A,FIU17742,,0,0,,,,,,25.0837,81.080581,,,FIU,FIU,,,,,,,,,,,,
FLAB25,FLAB,1/14/99,SAMP,MON,SA,G,,0.1,,12,TURBIDITY,TURBI,5.8,,,5.8,,,,,,NTU,1,N,A,FIU17744,,0,0,,,,,,25.0837,81.080581,,,FIU,FIU,,,,,,,,,,,,
FLAB25,FLAB,2/10/99,SAMP,MON,SA,G,,0.1,,12,TURBIDITY,TURBI,4.1,,,4.1,,,,,,NTU,1,N,A,FIU17746,,0,0,,,,,,25.0837,81.080581,,,FIU,FIU,,,,,,,,,,,,
FLAB25,FLAB,3/23/99,SAMP,MON,SA,G,,0.1,,12,TURBIDITY,TURBI,7.2,,,7.2,,,,,,NTU,1,N,A,FIU17748,,0,0,,,,,,25.0837,81.080581,,,FIU,FIU,,,,,,,,,,,,
FLAB25,FLAB,4/29/99,SAMP,MON,SA,G,,0.1,,12,TURBIDITY,TURBI,3.4,,,3.4,,,,,,NTU,1,N,A,FIU17750,,0,0,,,,,,25.0837,81.080581,,,FIU,FIU,,,,,,,,,,,,
FLAB25,FLAB,5/28/99,SAMP,MON,SA,G,,0.1,,12,TURBIDITY,TURBI,6.7,,,6.7,,,,,,NTU,1,N,A,FIU17752,,0,0,,,,,,25.0837,81.080581,,,FIU,FIU,,,,,,,,,,,,
FLAB25,FLAB,6/17/99,SAMP,MON,SA,G,,0.1,,12,TURBIDITY,TURBI,2.8,,,2.8,,,,,,NTU,1,N,A,FIU17754,,0,0,,,,,,25.0837,81.080581,,,FIU,FIU,,,,,,,,,,,,
FLAB25,FLAB,7/6/99,SAMP,MON,SA,G,,0.1,,12,TURBIDITY,TURBI,8.6,,,8.6,,,,,,NTU,1,N,A,FIU17756,,0,0,,,,,,25.0837,81.080581,,,FIU,FIU,,,,,,,,EPA180.1,,00076,,
FLAB25,FLAB,8/24/99,SAMP,MON,SA,G,,0.1,,12,TURBIDITY,TURBI,1.5,,,1.5,,,,,,NTU,1,N,A,FIU17758,,0,0,,,,,,25.0837,81.080581,,,FIU,FIU,,,,,,,,EPA180.1,,00076,,
FLAB25,FLAB,9/23/99,SAMP,MON,SA,G,,0.1,,12,TURBIDITY,TURBI,5.3,,,5.3,,,,,,NTU,1,N,A,FIU17760,,0,0,,,,,,25.0837,81.080581,,,FIU,FIU,,,,,,,,EPA180.1,,00076,,
FLAB25,FLAB,10/26/99,SAMP,MON,SA,G,,0.1,,12,TURBIDITY,TURBI,60.7,,,60.7,,,,,,NTU,1,N,A,FIU17762,,0,0,,,,,,25.0837,81.080581,,,FIU,FIU,,,,,,,,EPA180.1,,00076,,
FLAB25,FLAB,11/12/99,SAMP,MON,SA,G,,0.1,,12,TURBIDITY,TURBI,6.7,,,6.7,,,,,,NTU,1,N,A,FIU17765,,0,0,,,,,,25.0837,81.080581,,,FIU,FIU,,,,,,,,EPA180.1,,00076,,
FLAB25,FLAB,12/3/99,SAMP,MON,SA,G,,0.1,,12,TURBIDITY,TURBI,3.9,,,3.9,,,,,,NTU,1,N,A,FIU17768,,0,0,,,,,,25.0837,81.080581,,,FIU,FIU,,,,,,,,EPA180.1,,00076,,
FLAB25,FLAB,1/25/00,SAMP,MON,SA,G,,0.1,,12,TURBIDITY,TURBI,0.9,,,0.9,,,,,,NTU,1,N,A,FIU17771,,0,0,,,,,,25.0837,81.080581,,,FIU,FIU,,,,,,,,EPA180.1,,00076,,
FLAB25,FLAB,2/28/00,SAMP,MON,SA,G,,0.1,,12,TURBIDITY,TURBI,1.5,,,1.5,,,,,,NTU,1,N,A,FIU17774,,0,0,,,,,,25.0837,81.080581,,,FIU,FIU,,,,,,,,EPA180.1,,00076,,
FLAB25,FLAB,3/21/00,SAMP,MON,SA,G,,0.1,,12,TURBIDITY,TURBI,1.7,,,1.7,,,,,,NTU,1,N,A,FIU17777,,0,0,,,,,,25.0837,81.080581,,,FIU,FIU,,,,,,,,EPA180.1,,00076,,
FLAB25,FLAB,4/13/00,SAMP,MON,SA,G,,0.1,,12,TURBIDITY,TURBI,3.8,,,3.8,,,,,,NTU,1,N,A,FIU17780,,0,0,,,,,,25.0837,81.080581,,,FIU,FIU,,,,,,,,EPA180.1,,00076,,
FLAB25,FLAB,5/30/00,SAMP,MON,SA,G,,0.1,,12,TURBIDITY,TURBI,7.4,,,7.4,,,,,,NTU,1,N,A,FIU17782,,0,0,,,,,,25.0837,81.080581,,,FIU,FIU,,,,,,,,EPA180.1,,00076,,
FLAB25,FLAB,6/20/00,SAMP,MON,SA,G,,0.1,,12,TURBIDITY,TURBI,2.7,,,2.7,,,,,,NTU,1,N,A,FIU17784,,0,0,,,,,,25.0837,81.080581,,,FIU,FIU,,,,,,,,EPA180.1,,00076,,
FLAB25,FLAB,7/20/00,SAMP,MON,SA,G,,0.1,,12,TURBIDITY,TURBI,7.1,,,7.1,,,,,,NTU,1,N,A,FIU17786,,0,0,,,,,,25.0837,81.080581,,,FIU,FIU,,,,,,,,EPA180.1,,00076,,
FLAB25,FLAB,8/29/00,SAMP,MON,SA,G,,0.1,,12,TURBIDITY,TURBI,4.9,,,4.9,,,,,,NTU,1,N,A,FIU17788,,0,0,,,,,,25.0837,81.080581,,,FIU,FIU,,,,,,,,EPA180.1,,00076,,
FLAB25,FLAB,9/28/00,SAMP,MON,SA,G,,0.1,,12,TURBIDITY,TURBI,5.7,,,5.7,,,,,,NTU,1,N,A,FIU17790,,0,0,,,,,,25.0837,81.080581,,,FIU,FIU,,,,,,,,EPA180.1,,00076,,
FLAB25,FLAB,10/26/00,SAMP,MON,SA,G,,0.1,,12,TURBIDITY,TURBI,6.9,,,6.9,,,,,,NTU,1,N,A,FIU17792,,0,0,,,,,,25.0837,81.080581,,,FIU,FIU,,,,,,,,EPA180.1,,00076,,
FLAB25,FLAB,11/30/00,SAMP,MON,SA,G,,0.1,,12,TURBIDITY,TURBI,2.9,,,2.9,,,,,,NTU,1,N,A,FIU17794,,0,0,,,,,,25.0837,81.080581,,,FIU,FIU,,,,,,,,EPA180.1,,00076,,
FLAB25,FLAB,12/11/00,SAMP,MON,SA,G,,0.1,,12,TURBIDITY,TURBI,3.8,,,3.8,,,,,,NTU,1,N,A,FIU17796,,0,0,,,,,,25.0837,81.080581,,,FIU,FIU,,,,,,,,EPA180.1,,00076,,
FLAB25,FLAB,1/25/01,SAMP,MON,SA,G,,0.1,,12,TURBIDITY,TURBI,43.1,J5,yes,43.1,,,,,,NTU,1,N,A,FIU17798,,0,0,,,,,,25.0837,81.080581,,,FIU,FIU,,,,CA,,,,EPA180.1,,00076,,EB VALUE UNAVAILABLE.
FLAB25,FLAB,2/21/01,SAMP,MON,SA,G,,0.1,,12,TURBIDITY,TURBI,9.9,,,9.9,,,,,,NTU,1,N,A,FIU17800,,0,0,,,,,,25.0837,81.080581,,,FIU,FIU,,,,,,,,EPA180.1,,00076,,
FLAB25,FLAB,3/6/01,SAMP,MON,SA,G,,0.1,,12,TURBIDITY,TURBI,62.7,,,62.7,,,,,,NTU,1,N,A,FIU17802,,0,0,,,,,,25.0837,81.080581,,,FIU,FIU,,,,,,,,EPA180.1,,00076,,
FLAB25,FLAB,4/3/01,SAMP,MON,SA,G,,0.1,,12,TURBIDITY,TURBI,23.3,,,23.3,,,,,,NTU,1,N,A,FIU17804,,0,0,,,,,,25.0837,81.080581,,,FIU,FIU,,,,,,,,EPA180.1,,00076,,
FLAB25,FLAB,5/2/01,SAMP,MON,SA,G,,0.1,,12,TURBIDITY,TURBI,9.4,,,9.4,,,,,,NTU,1,N,A,FIU17806,,0,0,,,,,,25.0837,81.080581,,,FIU,FIU,,,,,,,,EPA180.1,,00076,,
FLAB25,FLAB,6/5/01,SAMP,MON,SA,G,,0.1,,12,TURBIDITY,TURBI,2,,,2,,,,,,NTU,1,N,A,FIU110806,,0,0,,,,,,25.0837,81.080581,,,FIU,FIU,,,,,,,,EPA180.1,,00076,,
FLAB25,FLAB,7/12/01,SAMP,MON,SA,G,,0.1,,12,TURBIDITY,TURBI,8.8,,,8.8,,,,,,NTU,1,N,A,FIU17808,,0,0,,,,,,25.0837,81.080581,,,FIU,FIU,,,,,,,,EPA180.1,,00076,,
FLAB25,FLAB,8/14/01,SAMP,MON,SA,G,,0.1,,12,TURBIDITY,TURBI,1.6,,,1.6,,,,,,NTU,1,N,A,FIU17810,,0,0,,,,,,25.0837,81.080581,,,FIU,FIU,,,,,,,,EPA180.1,,00076,,
FLAB25,FLAB,9/5/01,SAMP,MON,SA,G,,0.1,,12,TURBIDITY,TURBI,4.3,,,4.3,,,,,,NTU,1,N,A,FIU17812,,0,0,,,,,,25.0837,81.080581,,,FIU,FIU,,,,,,,,EPA180.1,,00076,,
FLAB25,FLAB,10/23/01,SAMP,MON,SA,G,,0.1,,12,TURBIDITY,TURBI,2.2,,,2.2,,,,,,NTU,1,N,A,FIU110552,,0,0,,,,,,25.0837,81.080581,,,FIU,FIU,,,,,,128025,10/23/01 23:09,EPA180.1,,00076,,
FLAB25,FLAB,11/8/01,SAMP,MON,SA,G,,0.1,,12,TURBIDITY,TURBI,2.6,,,2.6,,,,,,NTU,1,N,A,FIU110554,,0,0,,,,,,25.0837,81.080581,,,FIU,FIU,,,,,,129025,11/8/01 23:09,EPA180.1,,00076,,
FLAB25,FLAB,12/3/01,SAMP,MON,SA,G,,0.1,,12,TURBIDITY,TURBI,3,,,3,,,,,,NTU,1,N,A,FIU110556,,0,0,,,,,,25.0837,81.080581,,,FIU,FIU,,,,,,130025,12/3/01 23:09,EPA180.1,,00076,,
FLAB25,FLAB,1/29/02,SAMP,MON,SA,G,,0.1,,12,TURBIDITY,TURBI,40.9,,,40.9,,,,,,NTU,1,N,A,FIU113184,,0,0,,,,,,25.0837,81.080581,,,FIU,FIU,,,,,,131025,1/29/02 0:00,EPA180.1,,00076,,
FLAB25,FLAB,2/20/02,SAMP,MON,SA,G,,0.1,,12,TURBIDITY,TURBI,7.4,,,7.4,,,,,,NTU,1,N,A,FIU113186,,0,0,,,,,,25.0837,81.080581,,,FIU,FIU,,,,,,132025,2/20/02 0:00,EPA180.1,,00076,,
FLAB25,FLAB,3/19/02,SAMP,MON,SA,G,,0.1,,12,TURBIDITY,TURBI,23.1,,,23.1,,,,,,NTU,1,N,A,FIU113188,,0,0,,,,,,25.0837,81.080581,,,FIU,FIU,,,,,,133025,3/19/02 0:00,EPA180.1,,00076,,
FLAB25,FLAB,4/9/02,SAMP,MON,SA,G,,0.1,,12,TURBIDITY,TURBI,22,,,22,,,,,,NTU,1,N,A,134025,,0,0,,,,,,25.0837,81.080581,,,FIU,FIU,,,,,,134025,4/11/02 0:00,EPA180.1,,76,,
FLAB25,FLAB,5/15/02,SAMP,MON,SA,G,,0.1,,12,TURBIDITY,TURBI,1.6,,,1.6,,,,,,NTU,1,N,A,135025,,0,0,,,,,,25.0837,81.080581,,,FIU,FIU,,,,,,135025,5/15/02 18:00,EPA180.1,,76,,
FLAB25,FLAB,6/4/02,SAMP,MON,SA,G,,0.1,,12,TURBIDITY,TURBI,2.4,,,2.4,,,,,,NTU,1,N,A,136025,,0,0,,,,,,25.0837,81.080581,,,FIU,FIU,,,,,,136025,6/4/02 16:00,EPA180.1,,76,,
FLAB25,FLAB,7/11/02,SAMP,MON,SA,G,,0.1,,12,TURBIDITY,TURBI,4.2,,,4.2,,,,,,NTU,1,N,A,137025,,0,0,,,,,,25.0837,81.080581,,,FIU,FIU,,,,,,137025,7/11/02 19:53,EPA180.1,,76,,
FLAB25,FLAB,8/19/02,SAMP,MON,SA,G,,0.1,,12,TURBIDITY,TURBI,2.1,,,2.1,,,,,,NTU,1,N,A,138025,,0,0,,,,,,25.0837,81.080581,,,FIU,FIU,,,,,,138025,8/19/02 19:50,EPA180.1,,00076,,
FLAB25,FLAB,9/17/02,SAMP,MON,SA,G,,0.1,,12,TURBIDITY,TURBI,1.8,,,1.8,,,,,,NTU,1,N,A,139025,,0,0,,,,,,25.0837,81.080581,,,FIU,FIU,,,,,,139025,9/17/02 19:55,EPA180.1,,00076,,
FLAB25,FLAB,10/17/02,SAMP,MON,SA,G,,0.1,,12,TURBIDITY,TURBI,4.7,,,4.7,,,,,,NTU,1,N,A,140025,,0,0,,,,,,25.0837,81.080581,,,FIU,FIU,,,,,,140025,10/17/02 19:06,EPA180.1,,00076,,
FLAB25,FLAB,11/14/02,SAMP,MON,SA,G,,0.1,,12,TURBIDITY,TURBI,3.2,,,3.2,,,,,,NTU,1,N,A,141025,,0,0,,,,,,25.0837,81.080581,,,FIU,FIU,,,,,,141025,11/14/02 17:33,EPA180.1,,00076,,
FLAB25,FLAB,12/11/02,SAMP,MON,SA,G,,0.1,,12,TURBIDITY,TURBI,8.9,,,8.9,,,,,,NTU,1,N,A,142025,,0,0,,,,,,25.0837,81.080581,,,FIU,FIU,,,,,,142025,12/11/02 19:58,EPA180.1,,00076,,
FLAB25,FLAB,1/28/03,SAMP,MON,SA,G,,0.1,,12,TURBIDITY,TURBI,11.4,,,11.4,,,,,,NTU,1,N,A,143025,,0,0,,,,,,25.0837,81.080581,,,FIU,FIU,,,,,,143025,1/28/03 19:00,EPA180.1,,00076,,
FLAB25,FLAB,2/25/03,SAMP,MON,SA,G,,0.1,,12,TURBIDITY,TURBI,2.9,,,2.9,,,,,,NTU,1,N,A,144025,,0,0,,,,,,25.0837,81.080581,,,FIU,FIU,,,,,,144025,2/25/03 20:00,EPA180.1,,00076,,
FLAB25,FLAB,3/13/03,SAMP,MON,SA,G,,0.1,,12,TURBIDITY,TURBI,1.4,,,1.4,,,,,,NTU,1,N,A,145025,,0,0,,,,,,25.0837,81.080581,,,FIU,FIU,,,,,,145025,3/13/03 19:00,EPA180.1,,00076,,
FLAB25,FLAB,4/9/03,SAMP,MON,SA,G,,0.1,,12,TURBIDITY,TURBI,9.8,,,9.8,,,,,,NTU,1,N,A,146025,,0,0,,,,,,25.0837,81.080581,,,FIU,FIU,,,,,,146025,4/9/03 17:06,EPA180.1,,76,,
FLAB25,FLAB,5/8/03,SAMP,MON,SA,G,,0.1,,12,TURBIDITY,TURBI,8.5,,,8.5,,,,,,NTU,1,N,A,147025,,0,0,,,,,,25.0837,81.080581,,,FIU,FIU,,,,,,147025,5/8/03 16:30,EPA180.1,,76,,
FLAB25,FLAB,6/10/03,SAMP,MON,SA,G,,0.1,,12,TURBIDITY,TURBI,1,,,1,,,,,,NTU,1,N,A,148025,,0,0,,,,,,25.0837,81.080581,,,FIU,FIU,,,,,,148025,6/10/03 16:00,EPA180.1,,76,,
FLAB25,FLAB,7/1/03,SAMP,MON,SA,G,,0.1,,12,TURBIDITY,TURBI,4.3,,,4.3,,,,,,NTU,1,N,A,149025,,0,0,,,,,,25.0837,81.080581,,,FIU,FIU,,,,,,149025,7/1/03 16:50,EPA180.1,,76,,
FLAB25,FLAB,8/25/03,SAMP,MON,SA,G,,0.1,,12,TURBIDITY,TURBI,1.8,,,1.8,,,,,,NTU,1,N,A,150025,,0,0,,,,,,25.0837,81.080581,,,FIU,FIU,,,,,,150025,8/25/03 17:00,EPA180.1,,76,,
FLAB25,FLAB,9/9/03,SAMP,MON,SA,G,,0.1,,12,TURBIDITY,TURBI,3.6,,,3.6,,,,,,NTU,1,N,A,151025,,0,0,,,,,,25.0837,81.080581,,,FIU,FIU,,,,,,151025,9/9/03 20:30,EPA180.1,,76,,
FLAB25,FLAB,10/15/03,SAMP,MON,SA,G,,0.1,,12,TURBIDITY,TURBI,2.8,,,2.8,,,,,,NTU,1,N,A,152025,,0,0,,,,,,25.0837,81.080581,,,FIU,FIU,,,,,,152025,10/15/03 17:33,EPA180.1,,76,,
FLAB25,FLAB,11/7/03,SAMP,MON,SA,G,,0.1,,12,TURBIDITY,TURBI,7.7,,,7.7,,,,,,NTU,1,N,A,153025,,0,0,,,,,,25.0837,81.080581,,,FIU,FIU,,,,,,153025,11/7/03 18:00,EPA180.1,,76,,
FLAB25,FLAB,12/3/03,SAMP,MON,SA,G,,0.1,,12,TURBIDITY,TURBI,2.8,,,2.8,,,,,,NTU,1,N,A,154025,,0,0,,,,,,25.0837,81.080581,,,FIU,FIU,,,,,,154025,12/3/03 17:00,EPA180.1,,76,,
FLAB25,FLAB,1/21/04,SAMP,MON,SA,G,,0.1,,12,TURBIDITY,TURBI,7.8,,,7.8,,,,,,NTU,1,N,A,155025,,0,0,,,,,,25.0837,81.080581,,,FIU,FIU,,,,,,155025,1/21/04 17:42,EPA180.1,,76,,
FLAB25,FLAB,2/24/04,SAMP,MON,SA,G,,0.1,,12,TURBIDITY,TURBI,4.9,,,4.9,,,,,,NTU,1,N,A,156025,,0,0,,,,,,25.0837,81.080581,,,FIU,FIU,,,,,,156025,2/24/04 20:00,EPA180.1,,76,,
FLAB25,FLAB,3/23/04,SAMP,MON,SA,G,,0.1,,12,TURBIDITY,TURBI,2.6,,,2.6,,,,,,NTU,1,N,A,157025,,0,0,,,,,,25.0837,81.080581,,,FIU,FIU,,,,,,157025,3/23/04 22:10,EPA180.1,,76,,
FLAB25,FLAB,4/21/04,SAMP,MON,SA,G,,0.1,,12,TURBIDITY,TURBI,4.6,,,4.6,,,,,,NTU,1,N,A,158025,,0,0,,,,,,25.0837,81.080581,,,FIU,WMD,,,,,,158025,4/21/04 20:20,EPA180.1,,76,,
FLAB25,FLAB,5/21/04,SAMP,MON,SA,G,,0.1,,12,TURBIDITY,TURBI,4.5,,,4.5,,,,,,NTU,1,N,A,159025,,0,0,,,,,,25.0837,81.080581,,,FIU,FIU,,,,,,159025,5/21/04 20:15,EPA180.1,,76,,
FLAB25,FLAB,6/28/04,SAMP,MON,SA,G,,0.1,,12,TURBIDITY,TURBI,0.8,,,0.8,,,,,,NTU,1,N,A,160025,,0,0,,,,,,25.0837,81.080581,,,FIU,FIU,,,,,,160025,6/28/04 19:50,EPA180.1,,76,,
FLAB25,FLAB,7/27/04,SAMP,MON,SA,G,,0.1,,12,TURBIDITY,TURBI,2.6,,,2.6,,,,,,NTU,1,N,A,161025,,0,0,,,,,,25.0837,81.080581,,,FIU,FIU,,,,,,161025,7/27/04 19:10,EPA180.1,,76,,
FLAB25,FLAB,8/24/04,SAMP,MON,SA,G,,0.1,,12,TURBIDITY,TURBI,3.3,,,3.3,,,,,,NTU,1,N,A,162025,,0,0,,,,,,25.0837,81.080581,,,FIU,FIU,,,,,,162025,8/24/04 18:30,EPA180.1,,76,,
FLAB25,FLAB,9/28/04,SAMP,MON,SA,G,,0.1,,12,TURBIDITY,TURBI,9.7,,,9.7,,,,,,NTU,1,N,A,163025,,0,0,,,,,,25.0837,81.080581,,,FIU,FIU,,,,,,163025,9/28/04 19:10,EPA180.1,,76,,
FLAB25,FLAB,10/26/04,SAMP,MON,SA,G,,0.1,,12,TURBIDITY,TURBI,4,,,4,,,,,,NTU,1,N,A,164025,,0,0,,,,,,25.0837,81.080581,,,FIU,FIU,,,,,,164025,10/26/04 19:20,EPA180.1,,76,,
FLAB25,FLAB,11/29/04,SAMP,MON,SA,G,,0.1,,12,TURBIDITY,TURBI,4.3,,,4.3,,,,,,NTU,1,N,A,165025,,0,0,,,,,,25.0837,81.080581,,,FIU,FIU,,,,,,165025,11/29/04 18:40,EPA180.1,,76,,
FLAB25,FLAB,12/14/04,SAMP,MON,SA,G,,0.1,,12,TURBIDITY,TURBI,2.9,,,2.9,,,,,,NTU,1,N,A,166025,,0,0,,,,,,25.0837,81.080581,,,FIU,FIU,,,,,,166025,12/14/04 16:40,EPA180.1,,76,,
FLAB25,FLAB,10/9/06,SAMP,MON,SA,G,,0,,12,TURBIDITY,TURBI,5.52,,,5.5,,1,,,,NTU,1,N,A,FB188FB025UA,,0,0,,,,,,25.0837,81.080581,FIU,E76930,FIU,WMD,WMD,2,BA,CA,,AB64827,10/11/06 6:00,EPA 180.1,,82079,,
FLAB25,FLAB,11/7/06,SAMP,MON,SA,G,,0,,12,TURBIDITY,TURBI,5.765,,,5.8,,1,,,,NTU,1,N,A,FB189FB025UA,,0,0,,,,,,25.0837,81.080581,FIU,E76930,FIU,WMD,WMD,2,BA,CA,,AB70908,11/7/06 20:00,EPA 180.1,,82079,,
FLAB25,FLAB,12/3/06,SAMP,MON,SA,G,,0,,12,TURBIDITY,TURBI,9.88,,,9.9,,1,,,,NTU,1,N,A,FB190FB025UA,,0,0,,,,,,25.0837,81.080581,FIU,E76930,FIU,WMD,WMD,2,BA,CA,,AB72228,12/3/06 18:00,EPA 180.1,,82079,,
FLAB25,FLAB,1/11/07,SAMP,MON,SA,G,,0,,12,TURBIDITY,TURBI,1.91,,,1.9,,1,,,,NTU,1,N,A,FB191FB025UA,,0,0,,,,,,25.0837,81.080581,FIU,E76930,FIU,WMD,WMD,2,BA,CA,,AB74884,1/11/07 15:00,EPA 180.1,,82079,,
FLAB25,FLAB,2/7/07,SAMP,MON,SA,G,,0,,12,TURBIDITY,TURBI,2.59,,,2.6,,1,,,,NTU,1,N,A,FB192FB025UA,,0,0,,,,,,25.0837,81.080581,FIU,E76930,FIU,WMD,WMD,2,BA,CA,,AB76782,2/7/07 16:00,EPA 180.1,,82079,,
FLAB25,FLAB,3/12/07,SAMP,MON,SA,G,,0,,12,TURBIDITY,TURBI,4.57,,,4.6,,1,,,,NTU,1,N,A,FB193FB025UA,,0,0,,,,,,25.0837,81.080581,FIU,E76930,FIU,WMD,WMD,2,BA,CA,,AB78032,3/14/07 16:30,EPA 180.1,,82079,,
FLAB25,FLAB,4/3/07,SAMP,MON,SA,G,,0,,12,TURBIDITY,TURBI,2.8,,,2.8,,1,,,,NTU,1,N,A,FB194FB025UA,,0,0,,,,,,25.0837,81.080581,FIU,E76930,FIU,WMD,WMD,2,BA,CA,,AB79057,4/3/07 17:00,EPA 180.1,,82079,,
FLAB25,FLAB,5/1/07,SAMP,MON,SA,G,,0,,12,TURBIDITY,TURBI,5.885,,,5.9,,1,,,,NTU,1,N,A,FB195FB025UA,,0,0,,,,,,25.0837,81.080581,FIU,E76930,FIU,WMD,WMD,2,BA,CA,,AB82118,5/1/07 17:30,EPA 180.1,,82079,,
FLAB25,FLAB,6/6/07,SAMP,MON,SA,G,,0,,12,TURBIDITY,TURBI,6.23,,,6.2,,1,,,,NTU,1,N,A,FB196FB025UA,,0,0,,,,,,25.0837,81.080581,FIU,E76930,FIU,WMD,WMD,2,BA,CA,,AB84017,6/6/07 19:30,EPA 180.1,,82079,,
FLAB25,FLAB,7/3/07,SAMP,MON,SA,G,,0,,12,TURBIDITY,TURBI,2.32,A,,2.3,,1,,,,NTU,1,N,A,FB197FB025UA,,0,0,,,,,,25.0837,81.080581,FIU,E76930,FIU,WMD,WMD,2,BA,CA,,AB85596,7/3/07 18:15,EPA 180.1,,82079,,
FLAB25,FLAB,8/7/07,SAMP,MON,SA,G,,0,,12,TURBIDITY,TURBI,3.8,A,,3.8,,1,,,,NTU,1,N,A,FB198FB025UA,,0,0,,,,,,25.0837,81.080581,FIU,E76930,FIU,WMD,WMD,2,BA,CA,,AB89053,8/7/07 11:15,EPA 180.1,,82079,,
FLAB25,FLAB,9/5/07,SAMP,MON,SA,G,,0,,12,TURBIDITY,TURBI,5.32,A,,5.3,,1,,,,NTU,1,N,A,FB199FB025UA,,0,0,,,,,,25.0837,81.080581,FIU,E76930,FIU,WMD,WMD,2,BA,CA,,AB90724,9/5/07 10:39,EPA 180.1,,82079,,
FLAB25,FLAB,10/4/07,SAMP,MON,SA,G,,0,,12,TURBIDITY,TURBI,3.45,,,3.4,,1,,,,NTU,1,N,A,FB200FB025,,0,0,,,,,,25.0837,81.080581,FIU,E76930,FIU,WMD,WMD,2,BA,CA,,AB92301,10/4/07 18:30,EPA 180.1,,82079,,
FLAB25,FLAB,11/6/07,SAMP,MON,SA,G,,0,,12,TURBIDITY,TURBI,7.69,,,7.7,,1,,,,NTU,1,N,A,FB201FB025,,0,0,,,,,,25.0837,81.080581,FIU,E76930,FIU,WMD,WMD,2,BA,CA,,AB93895,11/6/07 15:32,EPA 180.1,,82079,,
FLAB25,FLAB,12/7/07,SAMP,MON,SA,G,,0,,12,TURBIDITY,TURBI,3.39,,,3.4,,1,,,,NTU,1,N,A,FB202FB025,,0,0,,,,,,25.0837,81.080581,FIU,E76930,FIU,WMD,WMD,2,BA,CA,,AB94313,12/7/07 15:03,EPA 180.1,,82079,,
FLAB25,FLAB,1/9/08,SAMP,MON,SA,G,,0,,12,TURBIDITY,TURBI,5.42,,,5.4,,1,,,,NTU,1,N,A,FB203FB025,,0,0,,,,,,25.0837,81.080581,FIU,E76930,FIU,WMD,WMD,2,BA,CA,,AB95224,1/9/08 15:41,EPA 180.1,,82079,,
FLAB25,FLAB,1/9/08,SAMP,MON,SA,G,,0,,12,TURBIDITY,TURBI,5.42,,,5.4,,1,,,,NTU,1,N,A,FB203FB025B,,0,0,,,,,,25.0837,81.080581,FIU,E76930,FIU,WMD,WMD,2,BA,CA,,AB95224_B,1/9/08 15:41,EPA 180.1,,82079,Measurements done close to the bottom.,
FLAB25,FLAB,2/8/08,SAMP,MON,SA,G,,0,,12,TURBIDITY,TURBI,4.53,,,4.5,,1,,,,NTU,1,N,A,FB204FB025,,0,0,,,,,,25.0837,81.080581,FIU,E76930,FIU,WMD,WMD,2,BA,CA,,AB95739,2/8/08 16:20,EPA 180.1,,82079,,
FLAB25,FLAB,2/8/08,SAMP,MON,SA,G,,0,,12,TURBIDITY,TURBI,4.53,,,4.5,,1,,,,NTU,1,N,A,FB204FB025B,,0,0,,,,,,25.0837,81.080581,FIU,E76930,FIU,WMD,WMD,2,BA,CA,,AB95739_B,2/8/08 16:20,EPA 180.1,,82079,Measurements done close to the bottom.,
FLAB25,FLAB,3/5/08,SAMP,MON,SA,G,,0,,12,TURBIDITY,TURBI,3.08,,,3.1,,1,,,,NTU,1,N,A,FB205FB025,,0,0,,,,,,25.0837,81.080581,FIU,E76930,FIU,WMD,WMD,2,BA,CA,,AB95987,3/5/08 16:01,EPA 180.1,,82079,,
FLAB25,FLAB,3/5/08,SAMP,MON,SA,G,,0,,12,TURBIDITY,TURBI,3.08,,,3.1,,1,,,,NTU,1,N,A,FB205FB025B,,0,0,,,,,,25.0837,81.080581,FIU,E76930,FIU,WMD,WMD,2,BA,CA,,AB95987_B,3/5/08 16:01,EPA 180.1,,82079,Measurements done close to the bottom.,
FLAB25,FLAB,4/2/08,SAMP,MON,SA,G,,0,,12,TURBIDITY,TURBI,5.08,,,5.1,,1,,,,NTU,1,N,A,FB206FB025,,0,0,,,,,,25.0837,81.080581,FIU,E76930,FIU,WMD,WMD,2,BA,CA,4/2/08 12:50,AB96576,4/2/08 12:50,EPA 180.1,,82079,,
FLAB25,FLAB,4/2/08,SAMP,MON,SA,G,,0,,12,TURBIDITY,TURBI,5.08,,,5.1,,1,,,,NTU,1,N,A,FB206FB025B,,0,0,,,,,,25.0837,81.080581,FIU,E76930,FIU,WMD,WMD,2,BA,CA,4/2/08 12:52,AB96576_B,4/2/08 12:52,EPA 180.1,,82079,Measurements done close to the bottom.,
FLAB25,FLAB,5/7/08,SAMP,MON,SA,G,,0,,12,TURBIDITY,TURBI,2.24,,,2.2,,1,,,,NTU,1,N,A,FB207FB025,,0,0,,,,,,25.0837,81.080581,FIU,E76930,FIU,WMD,WMD,2,BA,CA,5/7/08 10:18,AB97320,5/7/08 10:18,EPA 180.1,,82079,,
FLAB25,FLAB,5/7/08,SAMP,MON,SA,G,,0,,12,TURBIDITY,TURBI,2.24,,,2.2,,1,,,,NTU,1,N,A,FB207FB025B,,0,0,,,,,,25.0837,81.080581,FIU,E76930,FIU,WMD,WMD,2,BA,CA,5/7/08 10:20,AB97320_B,5/7/08 10:20,EPA 180.1,,82079,Measurements done close to the bottom.,
FLAB25,FLAB,6/4/08,SAMP,MON,SA,G,,0,,12,TURBIDITY,TURBI,3.55,,,3.6,,1,,,,NTU,1,N,A,FB208FB025,,0,0,,,,,,25.0837,81.080581,FIU,E76930,FIU,WMD,WMD,2,BA,CA,6/4/08 10:56,AB97884,6/4/08 10:56,EPA 180.1,,82079,,
FLAB25,FLAB,6/4/08,SAMP,MON,SA,G,,0,,12,TURBIDITY,TURBI,3.55,,,3.6,,1,,,,NTU,1,N,A,FB208FB025B,,0,0,,,,,,25.0837,81.080581,FIU,E76930,FIU,WMD,WMD,2,BA,CA,6/4/08 10:58,AB97884_B,6/4/08 10:58,EPA 180.1,,82079,Measurements done close to the bottom.,
FLAB25,FLAB,1/7/09,SAMP,MON,SA,G,,0.5,,12,TURBIDITY,TURBI,2.7,,,2.7,,1,0.1,0.4,0.1,NTU,1,N,A,P42963-9,,1,2,,,3.3,,,25.0837,81.080581,FWEC,E46077,WMD,WMD,WMD,2,BA,NO,1/8/09 9:36,16142009,1/9/09 8:24,SM2130B,,82079,light winds and light chop.  Sample with no visable solids.  Low incoming flow.  good deal of plant matter/alga observed in water column.,
FLAB25,FLAB,2/12/09,SAMP,MON,SA,G,,0.5,,12,TURBIDITY,TURBI,3.9,,,3.9,,1,0.1,0.4,0.1,NTU,1,N,A,P42978-6,,1,2,,,2.4,,,25.0837,81.080581,FWEC,E46077,WMD,WMD,WMD,2,BA,NO,2/12/09 15:47,16157006,2/13/09 12:07,SM2130B,,82079,Very calm conditions.  No wind and very little flow.  Sample clear.,
FLAB25,FLAB,3/16/09,SAMP,MON,SA,G,,0.5,,12,TURBIDITY,TURBI,4.5,,,4.5,,1,0.1,0.4,0.1,NTU,1,N,A,P43361-6,,1,3,,,3.15,,,25.0837,81.080581,FWEC,E46077,WMD,WMD,WMD,2,BA,NO,3/17/09 10:29,16639006,3/17/09 12:42,SM2130B,,82079,Increasing clouds and increasing winds.  light chop.  Sample clear.,
FLAB25,FLAB,4/20/09,SAMP,MON,SA,G,,0.5,,12,TURBIDITY,TURBI,8.2,,,8.2,,1,0.1,0.4,0.1,NTU,1,N,A,P43542-6,,1,3,,,3.9,,,25.0837,81.080581,FWEC,E46077,WMD,WMD,WMD,2,BA,NO,4/21/09 9:50,16865006,4/21/09 12:32,SM2130B,,82079,choppy conditions with medium swell. Sample clear of solids.,
FLAB25,FLAB,5/18/09,SAMP,MON,SA,G,,0.5,,12,TURBIDITY,TURBI,5.5,,,5.5,,1,0.1,0.4,0.1,NTU,1,N,A,P43936-6,,1,3,,,3.8,,,25.0837,81.080581,FWEC,E46077,WMD,WMD,WMD,2,BA,NO,5/19/09 9:50,17327006,5/19/09 10:31,SM2130B,,82079,Strog wind and moderate chop.  Sample clear,
FLAB25,FLAB,6/11/09,SAMP,MON,SA,G,,0.5,,12,TURBIDITY,TURBI,2.3,,,2.3,,1,0.1,0.4,0.1,NTU,1,N,A,P43955-6,,1,2,,,2.9,,,25.0837,81.080581,FWEC,E46077,WMD,WMD,WMD,2,BA,NO,6/11/09 16:09,17348006,6/12/09 10:57,SM2130B,,82079,Calm conditions.  Sample clear of solids.,
FLAB25,FLAB,7/20/09,SAMP,MON,SA,G,,0.5,,12,TURBIDITY,TURBI,10.7,,,10.7,,1,0.1,0.4,0.1,NTU,1,N,A,P44584-6,,1,2,,,3.71,,,25.0837,81.080581,FWEC,E46077,WMD,WMD,WMD,2,BA,NO,7/21/09 10:16,18191020,7/21/09 12:11,SM2130B,,82079,"sample clear, no solids.  strong incoming flow.  calm seas. sunny, temp 95-97 degrees F.",
FLAB25,FLAB,8/17/09,SAMP,MON,SA,G,,0.5,,12,TURBIDITY,TURBI,12,,,12,,1,0.1,0.4,0.1,NTU,1,N,A,P44716-6,,1,2,,,3.9,,,25.0837,81.080581,FWEC,E46077,WMD,WMD,WMD,2,BA,NO,8/18/09 11:13,18361017,8/18/09 13:12,SM2130B,,82079,"Sample clear, no visible solids.  Slight sediment in sample bucket.  Seaweed on surface. Very rough conditions.  Seas 4-4, wind 20 knots.  Sunny with some cloud coverage.  Temperature low to mid 90's degrees F.",
FLAB25,FLAB,9/15/09,SAMP,MON,SA,G,,0.5,,12,TURBIDITY,TURBI,6.1,,,6.1,,1,0.1,0.4,0.1,NTU,1,N,A,P45421-8,,1,2,,,3.8,,,25.0837,81.080581,FWEC,E46077,WMD,WMD,WMD,2,BA,NO,9/16/09 10:46,19266008,9/16/09 12:27,SM2130B,,82079,"Sample clear, with low solids.  Some sediment in sample bucket.  Moderate incoming flow, light chop on water.  Soem seagrass floating on water surface.",
FLAB25,FLAB,10/12/09,SAMP,MON,SA,G,,0.5,,12,TURBIDITY,TURBI,3.2,,,3.2,,1,0.1,0.4,0.1,NTU,1,N,A,P45906-6,,1,2,,,3.2,,,25.0837,81.080581,FWEC,E46077,WMD,WMD,WMD,2,BA,NO,10/13/09 9:43,19878006,10/13/09 10:46,SM2130B,,82079,Sample clear with no visible solids. Moderate flow. 2.5' chop on water's surface with winds approx. 15-20 mph.,
FLAB25,FLAB,11/12/09,SAMP,MON,SA,G,,0.5,,12,TURBIDITY,TURBI,23.3,,,23.3,,1,0.1,0.4,0.1,NTU,1,N,A,P46183-11,,1,4,,,3.9,,,25.0837,81.080581,FWEC,E46077,WMD,WMD,WMD,2,BA,NO,11/13/09 10:04,20232011,11/13/09 12:15,SM2130B,,82079,"Sample pale yellow-green, with low solids.  Very choppy, seas 3-4, strong incoming flow. Winds 20 mph.",
FLAB25,FLAB,12/7/09,SAMP,MON,SA,G,,0.5,m,12,TURBIDITY,TURBI,4.2,,,4.2,,1,0.1,0.4,0.1,NTU,1,N,A,P46552-6,,1,1,,,,,,25.0837,81.080581,FWEC,E46077,WMD,WMD,WMD,2,BA,NO,12/8/09 10:37,20736006,12/8/09 13:40,SM2130B,,82079,"Sample clear, no visible solids.  Low flow.  Moderate chop.  Winds 5-10 mph.",
FLAB25,FLAB,1/11/10,SAMP,MON,SA,G,,0.5,m,12,TURBIDITY,TURBI,39.6,,,39.6,,1,0.1,0.4,0.1,NTU,1,N,A,P46793-2,,1,1,,,,,,25.0837,81.080581,FWEC,E46077,WMD,WMD,WMD,2,BA,NO,1/12/10 11:13,21031002,1/12/10 13:28,SM2130B,,82079,"Sample cloudy pale yellow, with medium solids.  Strong incoming flow. Rough seas 2-3 feet.  Winds 15-20mph.  Water temperatures below 10 degrees C. WARNING: TEMP exceeds QC limit of 10 to 35 Celsius",
FLAB25,FLAB,2/8/10,SAMP,MON,SA,G,,0.5,m,12,TURBIDITY,TURBI,3.5,,,3.5,,1,0.1,0.4,0.1,NTU,1,N,A,P47183-2,,1,3,,,,,,25.0837,81.080581,FWEC,E46077,WMD,WMD,WMD,2,BA,NO,2/9/10 12:49,21666002,2/9/10 13:46,SM2130B,,82079,"Sample clear, no visible solids.  Low flow.  Slight chop on water. Winds 5-10mph.",
FLAB25,FLAB,3/8/10,SAMP,MON,SA,G,,0.5,m,12,TURBIDITY,TURBI,5.7,,,5.7,,1,0.1,0.4,0.1,NTU,1,N,A,P47472-2,,1,1,,,,,,25.0837,81.080581,FWEC,E46077,WMD,WMD,WMD,2,BA,NO,3/9/10 10:29,22046002,3/9/10 12:55,SM2130B,,82079,"Sample pale green with no visible solids. Calm conditions, with minimal chop.  Low flow.  FCEB taken at this station.",
FLAB25,FLAB,4/13/10,SAMP,MON,SA,G,,0.5,m,12,TURBIDITY,TURBI,4.6,,,4.6,,1,0.1,0.4,0.1,NTU,1,N,A,P47829-9,,1,1,,,,,,25.0837,81.080581,FWEC,E46077,WMD,WMD,WMD,2,BA,NO,4/15/10 9:04,22511009,4/15/10 9:31,SM2130B,,82079,"Sample pale green, low solids.  Moderate flow.  Water choppy, seas 1-2 feet.  Winds 10-12mph.",
FLAB25,FLAB,5/10/10,SAMP,MON,SA,G,,0.5,m,12,TURBIDITY,TURBI,6.7,,,6.7,,1,0.1,0.4,0.1,NTU,1,N,A,P48081-2,,1,1,,,,,,25.0837,81.080581,FWEC,E46077,WMD,WMD,WMD,2,BA,NO,5/11/10 10:36,22817002,5/11/10 13:17,SM2130B,,82079,"Sample clear, no visible solids.  Water very choppy, 2-3 foot seas.  Moderate flow.  Winds 15-18mph.",
FLAB25,FLAB,6/8/10,SAMP,MON,SA,G,,0.5,m,12,TURBIDITY,TURBI,2.2,,,2.2,,1,0.1,0.4,0.1,NTU,1,N,A,P48380-8,,1,2,,,,,,25.0837,81.080581,FWEC,E46077,WMD,WMD,WMD,2,BA,NO,6/9/10 12:12,23194008,6/10/10 9:27,SM2130B,,82079,Sample is light green with low suspended solids present. Strong flow with light chop up to 8 inch and constant winds up 6 mph.,
FLAB25,FLAB,7/20/10,SAMP,MON,SA,G,,0.5,m,12,TURBIDITY,TURBI,16.8,,,16.8,,1,0.1,0.4,0.1,NTU,1,N,A,P48679-2,,1,1,,,,,,25.0837,81.080581,FWEC,E46077,WMD,WMD,WMD,2,BA,NO,7/21/10 11:25,23536002,7/22/10 8:06,SM2130B,,82079,"Sample light green, low solids.  Seas choppy, 2-3 feet.  Winds 15-20mph.  Strong incoming flow.",
FLAB25,FLAB,8/16/10,SAMP,MON,SA,G,,0.5,m,12,TURBIDITY,TURBI,2.1,,,2.1,,1,0.1,0.4,0.1,NTU,1,N,A,P48893-2,,1,2,,,,,,25.0837,81.080581,FWEC,E46077,WMD,WMD,WMD,2,BA,NO,8/17/10 10:08,23830002,8/17/10 11:51,SM2130B,,82079,"Sample pale green, with medium solids.  Low flow.  Calm water, minimal chop. Winds 2-5mph.",
FLAB25,FLAB,9/22/10,SAMP,MON,SA,G,,0.5,m,12,TURBIDITY,TURBI,2.8,,,2.8,,1,0.1,0.4,0.1,NTU,1,N,A,P49172-8,,1,1,,,,,,25.0837,81.080581,FWEC,E46077,WMD,WMD,WMD,2,BA,NO,9/23/10 11:08,24186008,9/23/10 14:23,SM2130B,,82079,"Sample light green, low solids.  Minimal chop, 1 foot seas.  Moderate incoming flow.  Winds 5mph, with 8mph gusts.",
FLAB25,FLAB,10/19/10,SAMP,MON,SA,G,,0.5,m,12,TURBIDITY,TURBI,11.1,,,11.1,,1,0.1,0.4,0.1,NTU,1,N,A,P49628-2,,1,1,,,,,,25.0837,81.080581,FWEC,E46077,WMD,WMD,WMD,2,BA,NO,10/20/10 11:05,24783002,10/20/10 13:19,SM2130B,,82079,"Sample light green, low solids.  Low flow.  Calm water, light chop.  Winds 0-2mph.",
FLAB25,FLAB,11/16/10,SAMP,MON,SA,G,,0.5,m,12,TURBIDITY,TURBI,6.4,,,6.4,,1,0.1,0.4,0.1,NTU,1,N,A,P50070-2,,1,1,,,,,,25.0837,81.080581,FWEC,E46077,WMD,WMD,WMD,2,BA,NO,11/17/10 10:56,25358002,11/17/10 12:57,SM2130B,,82079,"Sample light green, low solids.  Low outgoing flow.  Calm water, minimal chop. Wind 1-2mph.",
FLAB25,FLAB,12/14/10,SAMP,MON,SA,G,,0.5,m,12,TURBIDITY,TURBI,18.4,,,18.4,,1,0.1,0.4,0.1,NTU,1,N,A,P50474-2,,1,1,,,,,,25.0837,81.080581,FWEC,E46077,WMD,WMD,WMD,2,BA,NO,12/15/10 10:14,25855002,12/16/10 9:10,SM2130B,,82079,"Sample pale yellow, medium solids.  Choppy water, 3-4 foot swells.  Winds 10-12mph.  Moderate incoming flow.",
FLAB25,FLAB,1/4/11,SAMP,MON,SA,G,,0.5,m,12,TURBIDITY,TURBI,12,,,12,,1,0.1,0.4,0.1,NTU,1,N,A,P50635-2,,1,1,,,,,,25.0837,81.080581,FWEC,E46077,WMD,WMD,WMD,2,BA,NO,1/5/11 11:04,26109002,1/5/11 12:28,SM2130B,,82079,"Very low flow at station.  Very low to no chop.  No wind.  Sample light greenish yellow, moderate solids.",
FLAB25,FLAB,2/17/11,SAMP,MON,SA,G,,0.5,m,12,TURBIDITY,TURBI,3.1,,,3.1,,1,0.1,0.4,0.1,NTU,1,N,A,P50937-2,,0,3,,,,,,25.0837,81.080581,WMD,E46077,WMD,WMD,WMD,2,BA,NO,2/18/11 13:41,26504002,2/18/11 15:16,SM2130B,,82079,"Wind E 5-10, Lt chop",
FLAB25,FLAB,3/15/11,SAMP,MON,SA,G,,0.5,m,12,TURBIDITY,TURBI,2.7,,,2.7,,1,0.1,0.4,0.1,NTU,1,N,A,P51527-9,,1,3,,,,,,25.0837,81.080581,FWEC,E46077,WMD,WMD,WMD,2,BA,NO,3/16/11 10:05,27310009,3/17/11 9:25,SM2130B,,82079,"Sample palm green. Light chop on water, light incoming flow. Wind 0-5mph.",
FLAB25,FLAB,4/6/11,SAMP,MON,SA,G,,0.5,m,12,TURBIDITY,TURBI,15.3,,,15.3,,1,0.1,0.4,0.1,NTU,1,N,A,P52286-9,,1,2,,,,,,25.0837,81.080581,FWEC,E46077,WMD,WMD,WMD,2,BA,NO,4/7/11 11:30,28396009,4/7/11 13:16,SM2130B,,82079,"Sample light green, 10-15mph NE",
FLAB25,FLAB,5/4/11,SAMP,MON,SA,G,,0.5,m,12,TURBIDITY,TURBI,7.3,,,7.3,,1,0.1,0.4,0.1,NTU,1,N,A,P52287-9,,1,1,,,,,,25.0837,81.080581,FWEC,E46077,WMD,WMD,WMD,2,BA,NO,5/5/11 9:36,28398009,5/5/11 10:35,SM2130B,,82079,Sample pale green.  1 foot chop on water.  Winds 5-7 mph. Moderate incoming flow.,
FLAB25,FLAB,6/13/11,SAMP,MON,SA,G,,0.5,m,12,TURBIDITY,TURBI,12.9,,,12.9,,1,0.1,0.4,0.1,NTU,1,N,A,P52281-2,,1,1,,,,,,25.0837,81.080581,FWEC,E46077,WMD,WMD,WMD,2,BA,NO,6/14/11 10:08,28391002,6/15/11 11:51,SM2130B,,82079,Sample is pale green with low suspended sollids present. Moderate incoming tide with westerly winds from 2-6 mph.,
FLAB25,FLAB,7/12/11,SAMP,MON,SA,G,,0.5,m,12,TURBIDITY,TURBI,5.9,,,5.9,,1,0.1,0.4,0.1,NTU,1,N,A,P52282-2,,1,1,,,,,,25.0837,81.080581,FWEC,E46077,WMD,WMD,WMD,2,BA,NO,7/13/11 13:07,28392002,7/14/11 9:23,SM2130B,,82079,Sample is clear with no visible suspended solids present.  Moderate to strong flow with chop up to 1.5 feet and swell up to 2 feet and winds from the southwest at 5 to 10 mph.  SECCHI ON BOTTOM,
FLAB25,FLAB,8/16/11,SAMP,MON,SA,G,,0.5,m,12,TURBIDITY,TURBI,7,,,7,,1,0.1,0.4,0.1,NTU,1,N,A,P52283-2,,1,1,,,,,,25.0837,81.080581,FWEC,E46077,WMD,WMD,WMD,2,BA,NO,8/17/11 10:32,28393002,8/17/11 12:13,SM2130B,,82079,Sample is pale green with low suspended solids present. Strong flow with light chop up to 1.5 feet and light variable winds from southwest at 6 to 10 mph.,
FLAB25,FLAB,9/12/11,SAMP,MON,SA,G,,0.5,m,12,TURBIDITY,TURBI,12.4,,,12.4,,1,0.1,0.4,0.1,NTU,1,N,A,P52284-2,,0,1,,,,,,25.0837,81.080581,FWEC,E46077,WMD,WMD,WMD,2,BA,NO,9/13/11 10:18,28394002,9/14/11 8:14,SM2130B,,82079,Sample is pale green with low suspended solids present. Light current with mid rising tide and chop up to 2 feet and 5 to 10 mph winds from the east southeast.,
FLAB25,FLAB,10/4/11,SAMP,MON,SA,G,,0.5,m,12,TURBIDITY,TURBI,2.8,,,2.8,,1,0.1,0.4,0.1,NTU,1,N,A,P52285-2,,0,3,,,,,,25.0837,81.080581,WMD,E46077,WMD,WMD,WMD,2,BA,NO,10/5/11 10:35,28395002,10/6/11 7:45,SM2130B,,82079,"Overcast, wind NNE 15-20, seas 1-3",
FLAB25,FLAB,12/6/11,SAMP,MON,SA,G,,0.5,m,12,TURBIDITY,TURBI,3.9,,,3.9,,1,0.1,0.4,0.1,NTU,1,N,A,P54071-2,,0,1,,,,,,25.0837,81.080581,WMD,E46077,WMD,WMD,WMD,2,BA,NO,12/7/11 12:15,30610002,12/8/11 9:39,SM2130B,,82079,"Clear skies,flood tide, wind E 5-10, lt chop",
FLAB25,FLAB,2/1/12,SAMP,MON,SA,G,,0.5,m,12,TURBIDITY,TURBI,1.8,,,1.8,,1,0.1,0.4,0.1,NTU,1,N,A,P55306-1,,0,1,,,,,,25.0837,81.080581,WMD,E46077,WMD,WMD,WMD,2,BA,NO,2/2/12 10:08,32254001,2/3/12 8:58,SM2130B,,82079,"Wind NE 10-15, seas 1-2 ft, flood tide",
FLAB25,FLAB,4/11/12,SAMP,MON,SA,G,,0.5,m,12,TURBIDITY,TURBI,2.8,,,2.8,,1,0.1,0.4,0.1,NTU,1,N,A,P55314-9,,0,2,,,,,,25.0837,81.080581,WMD,E46077,WMD,WMD,WMD,2,BA,NO,4/12/12 10:52,32262009,4/13/12 8:49,SM2130B,,82079,"Wind and seas calm, ebb tide",
FLAB25,FLAB,6/13/12,SAMP,MON,SA,G,,0.5,m,12,TURBIDITY,TURBI,3.4,,,3.4,+/- 0.3,1,0.1,0.4,0.1,NTU,1,N,A,P55929-1,,0,2,,,,,,25.0837,81.080581,WMD,E46077,WMD,WMD,WMD,2,BA,NO,6/13/12 16:02,33112001,6/14/12 7:54,SM2130B,,82079,Calm conditions.  No chop.  Moderate flood tide.  No wind.,
FLAB25,FLAB,8/13/12,SAMP,MON,SA,G,,0.5,m,12,TURBIDITY,TURBI,2.8,,,2.8,+/- 0.3,1,0.1,0.4,0.1,NTU,1,N,A,P56205-1,,0,3,,,,,,25.0837,81.080581,WMD,E46077,WMD,WMD,WMD,2,BA,NO,8/14/12 10:15,33464001,8/15/12 8:58,SM2130B,,82079,SE winds at 5-10 knots.  Light chop with 1-2 foor chop.  Flood tide.,
FLAB25,FLAB,10/11/12,SAMP,MON,SA,G,,0.5,m,12,TURBIDITY,TURBI,2.7,,,2.7,+/- 0.3,1,0.1,0.4,0.1,NTU,1,N,A,P56209-1,,0,2,,,,,,25.0837,81.080581,WMD,E46077,WMD,WMD,WMD,2,BA,NO,10/11/12 15:43,33468001,10/12/12 10:37,SM2130B,,82079,NE breeze. 1-2 foot chop.  Flood tide.,
FLAB25,FLAB,12/10/12,SAMP,MON,SA,G,,0.5,m,12,TURBIDITY,TURBI,4,,,4,,1,0.1,0.4,0.1,NTU,1,N,A,P56856-1,,0,2,,,,,,25.0837,81.080581,WMD,E46077,WMD,WMD,WMD,2,BA,NO,12/11/12 10:39,34311001,12/12/12 7:41,SM2130B,,82079,Wind out of the SE 5-7kts. Light wave action.,
FLAB25,FLAB,2/5/13,SAMP,MON,SA,G,,0.5,m,12,TURBIDITY,TURBI,2.4,,,2.4,+/- 0.2,1,0.1,0.4,0.1,NTU,1,N,A,P61818-1,,0,1,,,,,,25.0837,81.080581,WMD,E46077,WMD,WMD,WMD,2,BA,NO,2/6/13 9:38,39392001,2/7/13 8:06,SM2130B,,82079,"Light wind out of the east, less than 5 kts. Less than 1 ft wave action.",
FLAB25,FLAB,4/18/13,SAMP,MON,SA,G,,0.5,m,12,TURBIDITY,TURBI,6.7,,,6.7,+/- 0.6,1,0.1,0.4,0.1,NTU,1,N,A,P61819-1,,0,4,,,,,,25.0837,81.080581,WMD,E46077,WMD,WMD,WMD,2,PD,NO,4/18/13 15:12,39393001,4/19/13 8:34,SM2130B,,82079,ESE winds 10-15 kts. Waves 1.5-2 ft at 2 second period.,
FLAB25,FLAB,6/17/13,SAMP,MON,SA,G,,0.5,m,12,TURBIDITY,TURBI,4.8,,,4.8,+/- 0.4,1,0.1,0.4,0.1,NTU,1,N,A,P63880-1,,0,2,,,,,,25.0837,81.080581,WMD,E46077,WMD,WMD,WMD,2,PD,NO,6/18/13 10:47,40691001,6/19/13 9:06,SM2130B,,82079,"1-2ft chop, wind southeast 10-15,",
FLAB25,FLAB,8/13/13,SAMP,MON,SA,G,,0.5,m,12,TURBIDITY,TURBI,3.6,,,3.6,+/- 0.3,1,0.1,0.4,0.1,NTU,1,N,A,P63881-1,,0,3,,,,,,25.0837,81.080581,WMD,E46077,WMD,WMD,WMD,2,PD,NO,8/13/13 16:32,40692001,8/14/13 9:19,SM2130B,,82079,Light chop on surface. E wind 5-10 kt. Moderate current.,
FLAB25,FLAB,10/28/13,SAMP,MON,SA,G,,0.5,m,12,TURBIDITY,TURBI,2.1,,,2.1,+/- 0.2,1,0.1,0.4,0.1,NTU,1,N,A,P65941-1,,0,2,,,,,,25.0837,81.080581,WMD,E46077,WMD,WMD,WMD,2,PD,NO,10/29/13 7:37,42392001,10/30/13 8:29,SM2130B,,82079,Moderate chop. E wind approx 15 kt. Moderate current.,
FLAB25,FLAB,12/11/13,SAMP,MON,SA,G,,0.5,m,12,TURBIDITY,TURBI,2.9,,,2.9,+/- 0.3,1,0.1,0.4,0.1,NTU,1,N,A,P68531-1,,0,2,,,,,,25.0837,81.080581,WMD,E46077,WMD,WMD,WMD,2,PD,NO,12/11/13 16:43,44202001,12/12/13 8:55,SM2130B,,82079,"Moderate chop, E wind 10-15.",
FLAB25,FLAB,2/26/14,SAMP,MON,SA,G,,0.5,m,12,TURBIDITY,TURBI,4.8,,,4.8,+/- 0.4,1,0.1,0.4,0.1,NTU,1,N,A,P70123-1,,0,1,,,,,,25.0837,81.080581,WMD,E46077,WMD,WMD,WMD,2,PD,NO,2/26/14 15:34,45273001,2/27/14 7:01,SM2130B,,82079,"Glassy smooth water. No noticeable wind, slight incoming tide.",
FLAB25,FLAB,4/7/14,SAMP,MON,SA,G,,0.5,m,12,TURBIDITY,TURBI,3.6,,,3.6,+/- 0.3,1,0.1,0.4,0.1,NTU,1,N,A,P70124-1,,0,1,,,,,,25.0837,81.080581,WMD,E46077,WMD,WMD,WMD,2,PD,NO,4/8/14 9:44,45274001,4/8/14 13:20,SM2130B,,82079,"Moderate chop, 1 to 3 ft due to 15kt SE winds. Sample area contained floating vegetation.",
FLAB25,FLAB,6/9/14,SAMP,MON,SA,G,,0.5,m,12,TURBIDITY,TURBI,2.1,,,2.1,+/- 0.2,1,0.1,0.4,0.1,NTU,1,N,A,P71707-1,,0,2,,,,,,25.0837,81.080581,WMD,E46077,WMD,WMD,WMD,2,PD,NO,6/10/14 10:14,46555001,6/11/14 8:37,SM2130B,,82079,"Wind 0-5 kts from the South, <1ft chop, incoming tide.",
FLAB25,FLAB,8/5/14,SAMP,MON,SA,G,,0.5,m,12,TURBIDITY,TURBI,0.1,U,,-0.1,+/- 0.1,1,0.1,0.4,0.1,NTU,1,Y,A,P72712-1,,0,2,,,,,,25.0837,81.080581,WMD,E46077,WMD,WMD,WMD,2,PD,NO,8/6/14 10:14,46928001,8/7/14 7:51,SM2130B,,82079,"Calm conditions, SW winds less than 5 kts. Small amount of single piece turtle and manatee grasses on surface. Water is visibly cloudy, milky. Incoming tide.",
FLAB25,FLAB,10/20/14,SAMP,MON,SA,G,,0.5,m,12,TURBIDITY,TURBI,5.7,,,5.7,+/- 0.4,1,0.1,0.4,0.1,NTU,1,N,A,P74736-1,,0,4,,,,,,25.0837,81.080581,WMD,E46077,WMD,WMD,WMD,2,PD,NO,10/21/14 10:29,48700001,10/22/14 7:48,SM2130B,,82079,"Incoming tide, light chop",
FLAB25,FLAB,12/17/14,SAMP,MON,SA,G,,0.5,m,12,TURBIDITY,TURBI,3.6,,,3.6,+/- 0.3,1,0.1,0.4,0.1,NTU,1,N,A,P74738-1,,0,1,,,,,,25.0837,81.080581,WMD,E46077,WMD,WMD,WMD,2,PD,NO,12/17/14 15:07,48702001,12/18/14 7:40,SM2130B,,82079,"Incoming tide, NE wind 5-10, seas 1-2 feet. Small amount of floating vegetation pieces visible on water surface.",
FLAB25,FLAB,2/16/15,SAMP,MON,SA,G,,0.5,m,12,TURBIDITY,TURBI,11.4,,,11.4,+/- 0.8,1,0.1,0.4,0.1,NTU,1,N,A,P74737-1,,0,2,,,,,,25.0837,81.080581,WMD,E46077,WMD,WMD,WMD,2,PD,NO,2/17/15 16:26,48701001,2/18/15 6:53,SM2130B,,82079,"Moderate chop, E wind 10-15",
FLAB25,FLAB,4/13/15,SAMP,MON,SA,G,,0.5,m,12,TURBIDITY,TURBI,2.6,,,2.6,+/- 0.2,1,0.1,0.4,0.1,NTU,1,N,A,P75445-1,,0,2,,,,,,25.0837,81.080581,WMD,E46077,WMD,WMD,WMD,2,PD,NO,4/14/15 11:19,49159001,4/15/15 7:19,SM2130B,,82079,"SE wind 15-20, 2-3 ft chop with white caps",
FLAB25,FLAB,6/9/15,SAMP,MON,SA,G,,0.5,m,12,TURBIDITY,TURBI,1.8,,,1.8,+/- 0.2,1,0.1,0.4,0.1,NTU,1,N,A,P74739-1,,0,1,,,,,,25.0837,81.080581,WMD,E46077,WMD,WMD,WMD,2,PD,NO,6/10/15 10:00,48703001,6/11/15 8:51,SM2130B,,82079,,
FLAB25,FLAB,8/25/15,SAMP,MON,SA,G,,0.5,m,12,TURBIDITY,TURBI,4.7,,,4.7,+/- 0.3,1,0.1,0.4,0.1,NTU,1,N,A,P78245-1,,0,2,,,,,,25.0837,81.080581,WMD,E46077,WMD,WMD,WMD,2,PD,NO,8/26/15 11:35,51480001,8/27/15 8:15,SM2130B,,82079,"Calm seas, winds 0-5mph. High tide.",
FLAB25,FLAB,10/7/15,SAMP,MON,SA,G,,0.5,m,12,TURBIDITY,TURBI,14,,,14,+/- 0.9,1,0.1,0.4,0.1,NTU,1,N,A,P80870-1,,0,3,,,,,,25.0837,81.080581,WMD,E46077,WMD,WMD,WMD,2,PD,NO,10/7/15 14:57,53692001,10/8/15 8:51,SM2130B,,82079,"1-2 seas, light west winds, light amount of loose vegetation floating on surface. Incoming tide.",
FLAB25,FLAB,1/21/16,SAMP,MON,SA,G,,0.5,m,12,TURBIDITY,TURBI,6.2,,,6.2,+/- 0.4,1,0.1,0.4,0.1,NTU,1,N,A,P82416-1,,0,2,,,,,,25.0837,81.080581,WMD,E46077,WMD,WMD,WMD,2,PD,NO,1/21/16 19:26,54965001,1/22/16 9:51,SM2130B,,82079,"Slight chop, 1 ft or less. Winds 10-15.",
FLAB25,FLAB,2/16/16,SAMP,MON,SA,G,,0.5,m,12,TURBIDITY,TURBI,2.8,,,2.8,+/- 0.2,1,0.1,0.4,0.1,NTU,1,N,A,P82935-1,,0,4,,,,,,25.0837,81.080581,WMD,E46077,WMD,WMD,WMD,2,PD,NO,2/16/16 17:41,55400001,2/17/16 14:30,SM2130B,,82079,"Overcast, west winds 5-10kts, seas 1-2ft, sample area clear.",
FLAB25,FLAB,4/14/16,SAMP,MON,SA,G,,0.5,m,12,TURBIDITY,TURBI,3.7,,,3.7,+/- 0.3,1,0.1,0.4,0.1,NTU,1,N,A,P83568-1,,0,1,,,,,,25.0837,81.080581,WMD,E46077,WMD,WMD,WMD,2,PD,NO,4/14/16 16:26,55991001,4/15/16 8:30,SM2130B,,82079,Light winds out of the SE. Small rolling waves.,
FLAB25,FLAB,6/29/16,SAMP,MON,SA,G,,0.5,m,12,TURBIDITY,TURBI,3,,,3,+/- 0.2,1,0.1,0.4,0.1,NTU,1,N,A,P84316-1,,0,4,,,,,,25.0837,81.080581,WMD,E46077,WMD,WMD,WMD,2,PD,NO,6/29/16 15:53,56588001,6/30/16 8:19,SM2130B,,82079,"1foot chop observed, wind east 10-15, some floating vegetation on surface, sample collected clear area,",
FLAB25,FLAB,8/25/16,SAMP,MON,SA,G,,0.5,m,12,TURBIDITY,TURBI,11.7,,,11.7,+/- 0.8,1,0.1,0.4,0.1,NTU,1,N,A,P84638-1,,0,3,,,,,,25.0837,81.080581,WMD,E46077,WMD,WMD,WMD,2,PD,NO,8/25/16 15:14,56878001,8/26/16 8:05,SM2130B,,82079,"High tide, E winds 10kts, light chop, sample area clear.",
FLAB25,FLAB,10/24/16,SAMP,MON,SA,G,,0.5,m,12,TURBIDITY,TURBI,3.2,,,3.2,+/- 0.2,1,0.1,0.4,0.1,NTU,1,N,A,P86137-1,,0,3,,,,,,25.0837,81.080581,WMD,E46077,WMD,WMD,WMD,2,PD,NO,10/24/16 16:01,58226001,10/25/16 16:47,SM2130B,,82079,"NE winds 15kt, moderate chop, sample area clear otherwise.",
FLAB25,FLAB,12/21/16,SAMP,MON,SA,G,,0.5,m,12,TURBIDITY,TURBI,2.7,,,2.7,+/- 0.2,1,0.1,0.4,0.1,NTU,1,N,A,P86766-1,,0,1,,,,,,25.0837,81.080581,WMD,E46077,WMD,WMD,WMD,2,PD,NO,12/21/16 16:26,58611001,12/22/16 9:58,SM2130B,,82079,"NE winds 10-15 kts, moderate chop, sample area clear.",
FLAB25,FLAB,2/20/17,SAMP,MON,SA,G,,0.5,m,12,TURBIDITY,TURBI,3.4,,,3.4,+/- 0.2,1,0.1,0.4,0.1,NTU,1,N,A,P87700-1,,0,2,,,,,,25.0837,81.080581,WMD,E46077,WMD,WMD,WMD,2,PD,NO,2/20/17 16:54,59456001,2/21/17 9:43,SM2130B,,82079,"NE winds 10-15 kts, waters moderate chop, light amount of loose sea grass on surface.",
FLAB25,FLAB,4/20/17,SAMP,MON,SA,G,,0.5,m,12,TURBIDITY,TURBI,7.5,,,7.5,+/- 0.5,1,0.1,0.4,0.1,NTU,1,N,A,P87830-1,,0,5,,,,,,25.0837,81.080581,WMD,E46077,WMD,WMD,WMD,2,PD,NO,4/20/17 18:58,59588001,4/21/17 9:22,SM2130B,,82079,"Had 2-4 foot seas, moderate amount of loose sea grass floating on the surface, light rain with 15-20 knot east winds.  Sample collected by DA.",
FLAB25,FLAB,8/1/17,SAMP,MON,SA,G,,0.5,m,12,TURBIDITY,TURBI,4,,,4,+/- 0.1,1,0.1,0.4,0.1,NTU,1,N,A,P89179-1,,0,0,,,,,,25.0837,81.080581,WMD,E46077,WMD,WMD,WMD,2,PD,NO,8/1/17 16:07,60830001,8/2/17 9:13,SM2130B,,82079,"Seas 2-4ft, moderate to heavy chop, heavy amount of loose sea grass and sargassum floating on surface, SW winds 10kts.",
FLAB25,FLAB,10/12/17,SAMP,MON,SA,G,,0.5,m,12,TURBIDITY,TURBI,33.4,,,33.4,+/- 0.7,1,0.1,0.4,0.1,NTU,1,N,A,P88721-1,,0,0,,,,,,25.0837,81.080581,WMD,E46077,WMD,WMD,WMD,2,PD,NO,10/12/17 19:00,60388001,10/13/17 11:32,SM2130B,,82079,,
FLAB25,FLAB,12/13/17,SAMP,MON,SA,G,,0.5,m,12,TURBIDITY,TURBI,35.7,,,35.7,+/- 0.8,1,0.1,0.4,0.1,NTU,1,N,A,P91159-1,,0,0,,,,,,25.0837,81.080581,WMD,E46077,WMD,WMD,WMD,2,PD,NO,12/13/17 16:37,62572001,12/14/17 13:02,SM2130B,,82079,2-4 ft seas. Murky brown water.,
FLAB25,FLAB,2/28/18,SAMP,MON,SA,G,,0.5,m,12,TURBIDITY,TURBI,18.4,,,18.4,+/- 0.4,1,0.1,0.4,0.1,NTU,1,N,A,P92112-1,,0,0,,,,,,25.0837,81.080581,WMD,E46077,WMD,WMD,WMD,2,PD,NO,3/1/18 6:58,63445001,3/1/18 15:11,SM2130B,,82079,Moderate chop. Cloudy water.,
FLAB25,FLAB,4/10/18,SAMP,MON,SA,G,,0.5,m,12,TURBIDITY,TURBI,6.9,,,6.9,+/- 0.2,1,0.1,0.4,0.1,NTU,1,N,A,P92872-1,,0,0,,,,,,25.0837,81.080581,WMD,E46077,WMD,WMD,WMD,2,PD,NO,4/11/18 6:42,64061001,4/11/18 9:47,SM2130B,,82079,1- ft seas. Green water. Light dead floating vegetation in area. Avoided during collection,
FLAB25,FLAB,6/7/18,SAMP,MON,SA,G,,0.5,m,12,TURBIDITY,TURBI,1.3,,,1.3,+/- 0.1,1,0.1,0.4,0.1,NTU,1,N,A,P93694-1,,0,0,,,,,,25.0837,81.080581,WMD,E46077,WMD,WMD,WMD,2,PD,NO,6/7/18 16:24,64892001,6/8/18 8:55,SM2130B,,82079,,
FLAB25,FLAB,8/6/18,SAMP,MON,SA,G,,0.5,m,12,TURBIDITY,TURBI,7.6,,,7.6,+/- 0.2,1,0.1,0.4,0.1,NTU,1,N,A,P94931-1,,0,0,,,,,,25.0837,81.080581,WMD,E46077,WMD,WMD,WMD,2,PD,NO,8/6/18 16:31,65964001,8/7/18 11:34,SM2130B,,82079,Light chop.,
FLAB25,FLAB,10/3/18,SAMP,MON,SA,G,,0.5,m,12,TURBIDITY,TURBI,1.9,,,1.9,+/- 0.1,1,0.1,0.4,0.1,NTU,1,N,A,P95251-1,,0,0,,,,,,25.0837,81.080581,WMD,E46077,WMD,WMD,WMD,2,PD,NO,10/3/18 16:28,66264001,10/4/18 11:16,SM2130B,,82079,suspended solids in water column,
FLAB25,FLAB,12/17/18,SAMP,MON,SA,G,,0.5,m,12,TURBIDITY,TURBI,3.2,,,3.2,+/- 0.1,1,0.1,0.4,0.1,NTU,1,N,A,P96720-1,,0,0,,,,,,25.0837,81.080581,WMD,E46077,WMD,WMD,WMD,2,BA,NO,12/18/18 8:19,67436001,12/18/18 14:38,SM2130B,,82079,Moderately choppy in water column.,
FLAB25,FLAB,2/26/19,SAMP,MON,SA,G,,0.5,m,12,TURBIDITY,TURBI,4.3,,,4.3,+/- 0.1,1,0.1,0.4,0.1,NTU,1,N,A,P102448-2,,0,0,,,,,,25.0837,81.080581,WMD,E46077,WMD,WMD,WMD,2,BA,NO,2/27/19 8:00,69631002,2/27/19 13:21,SM2130B,,82079,,
FLAB25,FLAB,4/15/19,SAMP,MON,SA,G,,0.5,m,12,TURBIDITY,TURBI,15.7,,,15.7,+/- 0.4,1,0.1,0.4,0.1,NTU,1,N,A,P103834-2,,0,0,,,,,,25.0837,81.080581,WMD,E46077,WMD,WMD,WMD,2,BA,NO,4/15/19 17:17,70212002,4/16/19 14:08,SM2130B,,82079,,
FLAB25,FLAB,6/11/19,SAMP,MON,SA,G,,0.5,m,12,TURBIDITY,TURBI,4.2,,,4.2,+/- 0.1,1,0.1,0.4,0.1,NTU,1,N,A,P106284-2,,0,0,,,,,,25.0837,81.080581,WMD,E46077,WMD,WMD,WMD,2,BA,NO,6/11/19 16:05,71256002,6/12/19 13:47,SM2130B,,82079,,
FLAB25,FLAB,8/8/19,SAMP,MON,SA,G,,0.5,m,12,TURBIDITY,TURBI,2.8,,,2.8,+/- 0.1,1,0.1,0.4,0.1,NTU,1,N,A,P109207-2,,0,0,,,,,,25.0837,81.080581,WMD,E46077,WMD,WMD,WMD,2,BA,NO,8/9/19 8:38,72380002,8/9/19 10:03,SM2130B,,82079,"Heavy suspended solids visible in top layer of water column, but not present in sample.",
FLAB25,FLAB,10/8/19,SAMP,MON,SA,G,,0.5,m,12,TURBIDITY,TURBI,17.4,,,17.4,+/- 0.4,1,0.1,0.4,0.1,NTU,1,N,A,P109898-2,,0,0,,,,,,25.0837,81.080581,WMD,E46077,WMD,WMD,WMD,2,BA,NO,10/8/19 16:32,72718002,10/9/19 15:14,SM2130B,,82079,,
FLAB25,FLAB,12/5/19,SAMP,MON,SA,G,,0.5,m,12,TURBIDITY,TURBI,2.2,,,2.2,+/- 0.1,1,0.1,0.4,0.1,NTU,1,N,A,P110697-2,,0,0,,,,,,25.0837,81.080581,WMD,E46077,WMD,WMD,WMD,2,BA,NO,12/6/19 9:11,73095002,12/6/19 13:14,SM2130B,,82079,,
FLAB25,FLAB,2/3/20,SAMP,MON,SA,G,,0.5,m,12,TURBIDITY,TURBI,3.9,,,3.9,+/- 0.1,1,0.1,0.4,0.1,NTU,1,N,A,P110713-2,,0,0,,,,,,25.0837,81.080581,WMD,E46077,WMD,WMD,WMD,2,BA,NO,2/4/20 7:43,73108002,2/4/20 13:43,SM2130B,,82079,,
FLAB25,FLAB,4/1/20,SAMP,MON,SA,G,,0.5,m,12,TURBIDITY,TURBI,19.1,,,19.1,+/- 0.4,1,0.1,0.4,0.1,NTU,1,N,A,P110719-2,,0,0,,,,,,25.0837,81.080581,WMD,E46077,WMD,WMD,WMD,2,BA,NO,4/1/20 16:12,73114002,4/2/20 11:45,SM2130B,,82079,Murky brown water.,
FLAB25,FLAB,6/1/20,SAMP,MON,SA,G,,0.5,m,12,TURBIDITY,TURBI,8,,,8,+/- 0.2,1,0.1,0.4,0.1,NTU,1,N,A,P111041-2,,0,0,,,,,,25.0837,81.080581,WMD,E46077,WMD,WMD,WMD,2,BA,NO,6/1/20 16:40,73264002,6/2/20 13:37,SM2130B,,82079,,
FLAB25,FLAB,8/13/20,SAMP,MON,SA,G,,0.5,m,12,TURBIDITY,TURBI,4,,,4,+/- 0.1,1,0.1,0.4,0.1,NTU,1,N,A,P111104-2,,0,0,,,,,,25.0837,81.080581,WMD,E46077,WMD,WMD,WMD,2,BA,NO,8/14/20 8:30,73302002,8/14/20 13:22,SM2130B,,82079,,
FLAB25,FLAB,10/12/20,SAMP,MON,SA,G,,0.5,m,12,TURBIDITY,TURBI,5.3,,,5.3,+/- 0.2,1,0.1,0.4,0.1,NTU,1,N,A,P118766-2,,0,0,,,,,,25.0837,81.080581,WMD,E46077,WMD,WMD,WMD,2,BA,NO,10/13/20 8:46,76829002,10/13/20 12:56,SM2130B,,82079,Vegetative debris present in sampling area.,
FLAB25,FLAB,12/9/20,SAMP,MON,SA,G,,0.5,m,12,TURBIDITY,TURBI,5.8,,,5.8,+/- 0.2,1,0.1,0.4,0.1,NTU,1,N,A,P120347-2,,0,0,,,,,,25.0837,81.080581,WMD,E46077,WMD,WMD,WMD,2,BA,NO,12/10/20 8:58,77553002,12/10/20 12:55,SM2130B,,82079,"Sample area clear, but water was very rough.  Light solids in sample.  Sample collected by CL.",
FLAB25,FLAB,1/7/21,SAMP,MON,SA,G,,0.5,m,12,TURBIDITY,TURBI,2,,,2,+/- 0.1,1,0.1,0.4,0.1,NTU,1,N,A,P121638-2,,0,0,,,,,,25.0837,81.080581,WMD,E46077,WMD,WMD,WMD,2,BA,NO,1/7/21 15:42,78139002,1/8/21 13:39,SM2130B,,82079,Secchi on bottom,
FLAB25,FLAB,3/17/21,SAMP,MON,SA,G,,0.5,m,12,TURBIDITY,TURBI,11.4,,,11.4,+/- 0.3,1,0.1,0.4,0.1,NTU,1,N,A,P122507-2,,0,0,,,,,,25.0837,81.080581,WMD,E46077,WMD,WMD,WMD,2,BA,NO,3/18/21 7:15,78496002,3/18/21 13:57,SM2130B,,82079,,
FLAB25,FLAB,5/24/21,SAMP,MON,SA,G,,0.5,m,12,TURBIDITY,TURBI,12,,,12,+/- 0.3,1,0.1,0.4,0.1,NTU,1,N,A,P122517-2,,0,0,,,,,,25.0837,81.080581,WMD,E46077,WMD,WMD,WMD,2,BA,NO,5/24/21 15:47,78500002,5/25/21 12:58,SM2130B,,82079,,
FLAB25,FLAB,7/1/21,SAMP,MON,SA,G,,0.5,m,12,TURBIDITY,TURBI,3.4,,,3.4,+/- 0.1,1,0.1,0.4,0.1,NTU,1,N,A,P123928-2,,0,0,,,,,,25.0837,81.080581,WMD,E46077,WMD,WMD,WMD,2,BA,NO,7/2/21 8:46,79168002,7/2/21 14:27,SM2130B,,82079,,
FLAB25,FLAB,10/13/21,SAMP,MON,SA,G,,0.5,m,12,TURBIDITY,TURBI,2.2,,,2.2,+/- 0.1,1,0.1,0.4,0.1,NTU,1,N,A,P125715-2,,0,0,,,,,,25.0837,81.080581,WMD,E46077,WMD,WMD,WMD,2,BA,NO,10/13/21 15:07,79972002,10/14/21 14:17,SM2130B,,82079,,
FLAB25,FLAB,12/27/21,SAMP,MON,SA,G,,0.5,m,12,TURBIDITY,TURBI,4.8,,,4.8,+/- 0.1,1,0.1,0.4,0.1,NTU,1,N,A,P128145-2,,0,0,,,,,,25.0837,81.080581,WMD,E46077,WMD,WMD,WMD,2,BA,NO,12/28/21 8:06,81128002,12/28/21 13:33,SM2130B,,82079,Sampling area clear of debris.,
FLAB25,FLAB,2/8/22,SAMP,MON,SA,G,,0.5,m,12,TURBIDITY,TURBI,1.1,,,1.1,+/- 0.1,1,0.1,0.4,0.1,NTU,1,N,A,P129938-2,,0,0,,,,,,25.0837,81.080581,WMD,E46077,WMD,WMD,WMD,2,BA,NO,2/9/22 8:51,81841002,2/9/22 13:41,SM2130B,,82079,,
FLAB25,FLAB,4/7/22,SAMP,MON,SA,G,,0.5,m,12,TURBIDITY,TURBI,10.4,,,10.4,+/- 0.2,1,0.1,0.4,0.1,NTU,1,N,A,P132794-2,,0,0,,,,,,25.0837,81.080581,WMD,E46077,WMD,WMD,WMD,2,BA,NO,4/8/22 8:13,83110002,4/8/22 14:13,SM2130B,,82079,,
FLAB25,FLAB,6/22/22,SAMP,MON,SA,G,,0.5,m,12,TURBIDITY,TURBI,3.1,,,3.1,+/- 0.1,1,0.1,0.4,0.1,NTU,1,N,A,P134124-2,,0,0,,,,,,25.0837,81.080581,WMD,E46077,WMD,WMD,WMD,2,BA,NO,6/23/22 9:09,83718002,6/23/22 13:23,SM2130B,,82079,,
FLAB25,FLAB,10/20/22,SAMP,MON,SA,G,,0.5,m,12,TURBIDITY,TURBI,3.3,,,3.3,+/- 0.1,1,0.1,0.4,0.1,NTU,1,N,A,P136495-2,,0,0,,,,,,25.0837,81.080581,WMD,E46077,WMD,WMD,WMD,2,BA,NO,10/21/22 8:50,84867002,10/21/22 15:26,SM2130B,,82079,"Water in sampling area appears cloudy, visible detritus in water column.",
FLAB25,FLAB,12/19/22,SAMP,MON,SA,G,,0.5,m,12,TURBIDITY,TURBI,4.1,,,4.1,+/- 0.1,1,0.1,0.4,0.1,NTU,1,N,A,P138520-2,,0,0,,,,,,25.0837,81.080581,WMD,E46077,WMD,WMD,WMD,2,BA,NO,12/20/22 8:22,85841002,12/20/22 12:43,SM2130B,,82079,,
FLAB25,FLAB,1/30/23,SAMP,MON,SA,G,,0.5,m,12,TURBIDITY,TURBI,2.3,,,2.3,+/- 0.1,1,0.1,0.4,0.1,NTU,1,N,A,P139468-2,,0,0,,,,,,25.0837,81.080581,WMD,E46077,WMD,WMD,WMD,2,BA,NO,1/31/23 8:28,86300002,1/31/23 13:11,SM2130B,,82079,,
FLAB25,FLAB,3/14/23,SAMP,MON,SA,G,,0.5,m,12,TURBIDITY,TURBI,3.5,,,3.5,+/- 0.1,1,0.1,0.4,0.1,NTU,1,N,A,P141269-2,,0,0,,,,,,25.0837,81.080581,WMD,E46077,WMD,WMD,WMD,2,BA,NO,3/15/23 8:13,87043002,3/15/23 10:29,SM2130B,,82079,,
FLAB25,FLAB,9/27/23,SAMP,MON,SA,G,,0.5,m,12,TURBIDITY,TURBI,10.1,,,10.1,+/- 0.2,1,0.1,0.4,0.1,NTU,1,N,A,P146063-2,,0,0,,,,,,25.0837,81.080581,WMD,E46077,WMD,WMD,WMD,2,BA,NO,9/28/23 7:51,89093002,9/28/23 9:34,SM2130B,,82079,,
FLAB25,FLAB,11/13/23,SAMP,MON,SA,G,,0.5,m,12,TURBIDITY,TURBI,6.5,,,6.5,+/- 0.2,1,0.1,0.4,0.1,NTU,1,N,A,P146064-2,,0,0,,,,,,25.0837,81.080581,WMD,E46077,WMD,WMD,WMD,2,BA,NO,11/14/23 8:28,89094002,11/14/23 11:45,SM2130B,,82079,,
FLAB25,FLAB,1/8/24,SAMP,MON,SA,G,,0.5,m,12,TURBIDITY,TURBI,4.5,,,4.5,+/- 0.1,1,0.1,0.4,0.1,NTU,1,N,A,P148342-2,,0,0,,,,,,25.0837,81.080581,WMD,E46077,WMD,WMD,WMD,2,BA,NO,1/9/24 7:59,90199002,1/9/24 13:42,SM2130B,,82079,,
FLAB25,FLAB,3/4/24,SAMP,MON,SA,G,,0.5,m,12,TURBIDITY,TURBI,2.8,,,2.8,+/- 0.1,1,0.1,0.4,0.1,NTU,1,N,A,P149299-2,,0,0,,,,,,25.0837,81.080581,WMD,E46077,WMD,WMD,WMD,2,BA,NO,3/5/24 7:49,90665002,3/5/24 12:47,SM 2130 B-2011,,82079,,
FLAB25,FLAB,5/13/24,SAMP,MON,SA,G,,0.5,m,12,TURBIDITY,TURBI,4.8,,,4.8,+/- 0.1,1,0.1,0.4,0.1,NTU,1,N,A,P150708-2,,0,0,,,,,,25.0837,81.080581,WMD,E46077,WMD,WMD,WMD,2,BA,NO,5/14/24 8:01,91357002,5/14/24 13:02,SM 2130 B-2011,,82079,,
FLAB25,FLAB,7/15/24,SAMP,MON,SA,G,,0.5,m,12,TURBIDITY,TURBI,4.2,,,4.2,+/- 0.1,1,0.1,0.4,0.1,NTU,1,N,A,P152189-2,,0,0,,,,,,25.0837,81.080581,WMD,E46077,WMD,WMD,WMD,2,BA,NO,7/16/24 8:15,92109002,7/16/24 12:56,SM 2130 B-2011,,82079,,
FLAB25,FLAB,9/12/24,SAMP,MON,SA,G,,0.5,m,12,TURBIDITY,TURBI,6.7,,,6.7,+/- 0.2,1,0.1,0.4,0.1,NTU,1,N,A,P153175-2,,0,0,,,,,,25.0837,81.080581,WMD,E46077,WMD,WMD,WMD,2,BA,NO,9/13/24 8:11,92600002,9/13/24 13:34,SM 2130 B-2011,,82079,,
FLAB25,FLAB,12/9/24,SAMP,MON,SA,G,,0.5,m,12,TURBIDITY,TURBI,2.9,,,2.9,+/- 0.1,1,0.1,0.4,0.1,NTU,1,N,A,P154028-2,,0,0,,,,,,25.0837,81.080581,WMD,E46077,WMD,WMD,WMD,2,BA,NO,12/10/24 8:14,93033002,12/10/24 14:57,SM 2130 B-2011,,82079,,
FLAB25,FLAB,2/5/25,SAMP,MON,SA,G,,0.5,m,12,TURBIDITY,TURBI,2.4,,,2.4,+/- 0.1,1,0.1,0.4,0.1,NTU,1,N,A,P155969-2,,0,0,,,,,,25.0837,81.080581,WMD,E46077,WMD,WMD,WMD,2,BA,NO,2/6/25 8:46,93978002,2/6/25 14:02,SM 2130 B-2011,,82079,,
FLAB25,FLAB,6/18/25,SAMP,MON,SA,G,,0.5,m,12,TURBIDITY,TURBI,2.7,,,2.7,+/- 0.1,1,0.1,0.4,0.1,NTU,1,N,A,P158028-2,,0,0,,,,,,25.0837,81.080581,WMD,E46077,WMD,WMD,WMD,2,BA,NO,6/19/25 8:34,95008002,6/19/25 13:48,SM 2130 B-2011,,82079,,
FLAB25,FLAB,8/18/25,SAMP,MON,SA,G,,0.5,m,12,TURBIDITY,TURBI,2,,,2,,1,0.1,0.4,0.1,NTU,,N,P,P159659-2,,0,0,,,3.7,,,25.0837,-81.080581,,E46077,WMD,,,,BA,,8/19/25 8:35,95824002,8/19/25 16:16,SM 2130 B-2011,,82079,,
FLAB25,FLAB,10/1/25,SAMP,MON,SA,G,,0.5,m,12,TURBIDITY,TURBI,1.1,,,1.1,,1,0.1,0.4,0.1,NTU,,N,P,P161306-2,,0,0,,,3.4,,,25.0837,-81.080581,,E46077,WMD,,,,BA,,10/2/25 8:34,96647002,10/2/25 13:29,SM 2130 B-2011,,82079,"stringy, slimy substance throughout water column",
FLAB25,FLAB,7/15/92,SAMP,MON,SA,G,,0,,18,NITRATE+NITRITE-N,NOX,0.001,PMR,,0.001,,,,,,mg/L,3,N,A,FIU17602,,0,0,,,,,,25.0837,81.080581,,,FIU,FIU,,,,,,,,,,,,Sample Filtered with 0.7 glass fiber filter.
FLAB25,FLAB,8/15/92,SAMP,MON,SA,G,,0,,18,NITRATE+NITRITE-N,NOX,0.001,PMR,,0.001,,,,,,mg/L,3,N,A,FIU17604,,0,0,,,,,,25.0837,81.080581,,,FIU,FIU,,,,,,,,,,,,Sample Filtered with 0.7 glass fiber filter.
FLAB25,FLAB,9/15/92,SAMP,MON,SA,G,,0,,18,NITRATE+NITRITE-N,NOX,0.003,PMR,,0.003,,,,,,mg/L,3,N,A,FIU17607,,0,0,,,,,,25.0837,81.080581,,,FIU,FIU,,,,,,,,,,,,Sample Filtered with 0.7 glass fiber filter.
FLAB25,FLAB,10/15/92,SAMP,MON,SA,G,,0,,18,NITRATE+NITRITE-N,NOX,0.007,PMR,,0.007,,,,,,mg/L,3,N,A,FIU17609,,0,0,,,,,,25.0837,81.080581,,,FIU,FIU,,,,,,,,,,,,Sample Filtered with 0.7 glass fiber filter.
FLAB25,FLAB,11/15/92,SAMP,MON,SA,G,,0,,18,NITRATE+NITRITE-N,NOX,0.008,PMR,,0.008,,,,,,mg/L,3,N,A,FIU17611,,0,0,,,,,,25.0837,81.080581,,,FIU,FIU,,,,,,,,,,,,Sample Filtered with 0.7 glass fiber filter.
FLAB25,FLAB,12/15/92,SAMP,MON,SA,G,,0,,18,NITRATE+NITRITE-N,NOX,0.031,PMR,,0.031,,,,,,mg/L,3,N,A,FIU17613,,0,0,,,,,,25.0837,81.080581,,,FIU,FIU,,,,,,,,,,,,Sample Filtered with 0.7 glass fiber filter.
FLAB25,FLAB,1/21/93,SAMP,MON,SA,G,,0,,18,NITRATE+NITRITE-N,NOX,0.007,PMR,,0.007,,,,,,mg/L,3,N,A,FIU17614,,0,0,,,,,,25.0837,81.080581,,,FIU,FIU,,,,,,,,,,,,Sample Filtered with 0.7 glass fiber filter.
FLAB25,FLAB,2/10/93,SAMP,MON,SA,G,,0,,18,NITRATE+NITRITE-N,NOX,0.008,PMR,,0.008,,,,,,mg/L,3,N,A,FIU17615,,0,0,,,,,,25.0837,81.080581,,,FIU,FIU,,,,,,,,,,,,Sample Filtered with 0.7 glass fiber filter.
FLAB25,FLAB,3/10/93,SAMP,MON,SA,G,,0,,18,NITRATE+NITRITE-N,NOX,0.006,PMR,,0.006,,,,,,mg/L,3,N,A,FIU17616,,0,0,,,,,,25.0837,81.080581,,,FIU,FIU,,,,,,,,,,,,Sample Filtered with 0.7 glass fiber filter.
FLAB25,FLAB,4/7/93,SAMP,MON,SA,G,,0,,18,NITRATE+NITRITE-N,NOX,0.003,PMR,,0.003,,,,,,mg/L,3,N,A,FIU17617,,0,0,,,,,,25.0837,81.080581,,,FIU,FIU,,,,,,,,,,,,Sample Filtered with 0.7 glass fiber filter.
FLAB25,FLAB,5/12/93,SAMP,MON,SA,G,,0,,18,NITRATE+NITRITE-N,NOX,0.004,PMR,,0.004,,,,,,mg/L,3,N,A,FIU17618,,0,0,,,,,,25.0837,81.080581,,,FIU,FIU,,,,,,,,,,,,Sample Filtered with 0.7 glass fiber filter.
FLAB25,FLAB,6/3/93,SAMP,MON,SA,G,,0,,18,NITRATE+NITRITE-N,NOX,0.014,PMR,,0.014,,,,,,mg/L,3,N,A,FIU17619,,0,0,,,,,,25.0837,81.080581,,,FIU,FIU,,,,,,,,,,,,Sample Filtered with 0.7 glass fiber filter.
FLAB25,FLAB,7/7/93,SAMP,MON,SA,G,,0,,18,NITRATE+NITRITE-N,NOX,0.021,PMR,,0.021,,,,,,mg/L,3,N,A,FIU17620,,0,0,,,,,,25.0837,81.080581,,,FIU,FIU,,,,,,,,,,,,Sample Filtered with 0.7 glass fiber filter.
FLAB25,FLAB,8/4/93,SAMP,MON,SA,G,,0,,18,NITRATE+NITRITE-N,NOX,0.002,PMR,,0.002,,,,,,mg/L,3,N,A,FIU17621,,0,0,,,,,,25.0837,81.080581,,,FIU,FIU,,,,,,,,,,,,Sample Filtered with 0.7 glass fiber filter.
FLAB25,FLAB,9/9/93,SAMP,MON,SA,G,,0,,18,NITRATE+NITRITE-N,NOX,0.034,PMR,,0.034,,,,,,mg/L,3,N,A,FIU17622,,0,0,,,,,,25.0837,81.080581,,,FIU,FIU,,,,,,,,,,,,Sample Filtered with 0.7 glass fiber filter.
FLAB25,FLAB,10/6/93,SAMP,MON,SA,G,,0,,18,NITRATE+NITRITE-N,NOX,0.015,PMR,,0.015,,,,,,mg/L,3,N,A,FIU17623,,0,0,,,,,,25.0837,81.080581,,,FIU,FIU,,,,,,,,,,,,Sample Filtered with 0.7 glass fiber filter.
FLAB25,FLAB,11/3/93,SAMP,MON,SA,G,,0,,18,NITRATE+NITRITE-N,NOX,0.022,PMR,,0.022,,,,,,mg/L,3,N,A,FIU17624,,0,0,,,,,,25.0837,81.080581,,,FIU,FIU,,,,,,,,,,,,Sample Filtered with 0.7 glass fiber filter.
FLAB25,FLAB,12/2/93,SAMP,MON,SA,G,,0,,18,NITRATE+NITRITE-N,NOX,0.016,PMR,,0.016,,,,,,mg/L,3,N,A,FIU17625,,0,0,,,,,,25.0837,81.080581,,,FIU,FIU,,,,,,,,,,,,Sample Filtered with 0.7 glass fiber filter.
FLAB25,FLAB,1/11/94,SAMP,MON,SA,G,,0,,18,NITRATE+NITRITE-N,NOX,0.011,PMR,,0.011,,,,,,mg/L,3,N,A,FIU17626,,0,0,,,,,,25.0837,81.080581,,,FIU,FIU,,,,,,,,,,,,Sample Filtered with 0.7 glass fiber filter.
FLAB25,FLAB,2/2/94,SAMP,MON,SA,G,,0,,18,NITRATE+NITRITE-N,NOX,0.002,PMR,,0.002,,,,,,mg/L,3,N,A,FIU17627,,0,0,,,,,,25.0837,81.080581,,,FIU,FIU,,,,,,,,,,,,Sample Filtered with 0.7 glass fiber filter.
FLAB25,FLAB,3/8/94,SAMP,MON,SA,G,,0,,18,NITRATE+NITRITE-N,NOX,0.015,PMR,,0.015,,,,,,mg/L,3,N,A,FIU17628,,0,0,,,,,,25.0837,81.080581,,,FIU,FIU,,,,,,,,,,,,Sample Filtered with 0.7 glass fiber filter.
FLAB25,FLAB,4/6/94,SAMP,MON,SA,G,,0,,18,NITRATE+NITRITE-N,NOX,0.0027,A,,0.003,,,,,,mg/L,3,N,A,FIU17629,,0,0,,,,,,25.0837,81.080581,,,FIU,FIU,,,,,,,,,,,,Sample Filtered with 0.7 glass fiber filter.
FLAB25,FLAB,5/4/94,SAMP,MON,SA,G,,0,,18,NITRATE+NITRITE-N,NOX,0.0019,A,,0.002,,,,,,mg/L,3,N,A,FIU17631,,0,0,,,,,,25.0837,81.080581,,,FIU,FIU,,,,,,,,,,,,Sample Filtered with 0.7 glass fiber filter.
FLAB25,FLAB,6/8/94,SAMP,MON,SA,G,,0,,18,NITRATE+NITRITE-N,NOX,0.0026,A,,0.003,,,,,,mg/L,3,N,A,FIU17633,,0,0,,,,,,25.0837,81.080581,,,FIU,FIU,,,,,,,,,,,,Sample Filtered with 0.7 glass fiber filter.
FLAB25,FLAB,7/7/94,SAMP,MON,SA,G,,0,,18,NITRATE+NITRITE-N,NOX,0.0011,A,,0.001,,,,,,mg/L,3,N,A,FIU17635,,0,0,,,,,,25.0837,81.080581,,,FIU,FIU,,,,,,,,,,,,Sample Filtered with 0.7 glass fiber filter.
FLAB25,FLAB,8/4/94,SAMP,MON,SA,G,,0,,18,NITRATE+NITRITE-N,NOX,0.0068,A,,0.007,,,,,,mg/L,3,N,A,FIU17637,,0,0,,,,,,25.0837,81.080581,,,FIU,FIU,,,,,,,,,,,,Sample Filtered with 0.7 glass fiber filter.
FLAB25,FLAB,9/14/94,SAMP,MON,SA,G,,0,,18,NITRATE+NITRITE-N,NOX,0.0059,A,,0.006,,,,,,mg/L,3,N,A,FIU17639,,0,0,,,,,,25.0837,81.080581,,,FIU,FIU,,,,,,,,,,,,Sample Filtered with 0.7 glass fiber filter.
FLAB25,FLAB,10/5/94,SAMP,MON,SA,G,,0,,18,NITRATE+NITRITE-N,NOX,0.0313,A,,0.031,,,,,,mg/L,3,N,A,FIU17641,,0,0,,,,,,25.0837,81.080581,,,FIU,FIU,,,,,,,,,,,,Sample Filtered with 0.7 glass fiber filter.
FLAB25,FLAB,11/2/94,SAMP,MON,SA,G,,0,,18,NITRATE+NITRITE-N,NOX,0.0103,A,,0.01,,,,,,mg/L,3,N,A,FIU17643,,0,0,,,,,,25.0837,81.080581,,,FIU,FIU,,,,,,,,,,,,Sample Filtered with 0.7 glass fiber filter.
FLAB25,FLAB,11/22/94,SAMP,MON,SA,G,,0,,18,NITRATE+NITRITE-N,NOX,0.0334,A,,0.033,,,,,,mg/L,3,N,A,FIU17645,,0,0,,,,,,25.0837,81.080581,,,FIU,FIU,,,,,,,,,,,,Sample Filtered with 0.7 glass fiber filter.
FLAB25,FLAB,12/1/94,SAMP,MON,SA,G,,0,,18,NITRATE+NITRITE-N,NOX,0.0032,A,,0.003,,,,,,mg/L,3,N,A,FIU17647,,0,0,,,,,,25.0837,81.080581,,,FIU,FIU,,,,,,,,,,,,Sample Filtered with 0.7 glass fiber filter.
FLAB25,FLAB,1/5/95,SAMP,MON,SA,G,,0,,18,NITRATE+NITRITE-N,NOX,0.0014,PMR,,0.001,,,,,,mg/L,3,N,A,FIU17649,,0,0,,,,,,25.0837,81.080581,,,FIU,FIU,,,,,,,,,,,,Sample Filtered with 0.7 glass fiber filter.
FLAB25,FLAB,2/2/95,SAMP,MON,SA,G,,0,,18,NITRATE+NITRITE-N,NOX,0.0128,PMR,,0.013,,,,,,mg/L,3,N,A,FIU17651,,0,0,,,,,,25.0837,81.080581,,,FIU,FIU,,,,,,,,,,,,Sample Filtered with 0.7 glass fiber filter.
FLAB25,FLAB,3/1/95,SAMP,MON,SA,G,,0,,18,NITRATE+NITRITE-N,NOX,0.0074,PMR,,0.007,,,,,,mg/L,3,N,A,FIU17653,,0,0,,,,,,25.0837,81.080581,,,FIU,FIU,,,,,,,,,,,,Sample Filtered with 0.7 glass fiber filter.
FLAB25,FLAB,4/19/95,SAMP,MON,SA,G,,0,,18,NITRATE+NITRITE-N,NOX,0.0029,PMR,,0.003,,,,,,mg/L,3,N,A,FIU17655,,0,0,,,,,,25.0837,81.080581,,,FIU,FIU,,,,,,,,,,,,Sample Filtered with 0.7 glass fiber filter.
FLAB25,FLAB,5/24/95,SAMP,MON,SA,G,,0,,18,NITRATE+NITRITE-N,NOX,0.001,PMR,,0.001,,,,,,mg/L,3,N,A,FIU17657,,0,0,,,,,,25.0837,81.080581,,,FIU,FIU,,,,,,,,,,,,Sample Filtered with 0.7 glass fiber filter.
FLAB25,FLAB,6/21/95,SAMP,MON,SA,G,,0,,18,NITRATE+NITRITE-N,NOX,0.0129,PMR,,0.013,,,,,,mg/L,3,N,A,FIU17659,,0,0,,,,,,25.0837,81.080581,,,FIU,FIU,,,,,,,,,,,,Sample Filtered with 0.7 glass fiber filter.
FLAB25,FLAB,7/12/95,SAMP,MON,SA,G,,0,,18,NITRATE+NITRITE-N,NOX,0.0019,PMR,,0.002,,,,,,mg/L,3,N,A,FIU17661,,0,0,,,,,,25.0837,81.080581,,,FIU,FIU,,,,,,,,,,,,Sample Filtered with 0.7 glass fiber filter.
FLAB25,FLAB,8/11/95,SAMP,MON,SA,G,,0,,18,NITRATE+NITRITE-N,NOX,0.0009,PMR,,0.001,,,,,,mg/L,3,N,A,FIU17663,,0,0,,,,,,25.0837,81.080581,,,FIU,FIU,,,,,,,,,,,,Sample Filtered with 0.7 glass fiber filter.
FLAB25,FLAB,9/6/95,SAMP,MON,SA,G,,0,,18,NITRATE+NITRITE-N,NOX,0.0007,PMR,,0.001,,,,,,mg/L,3,N,A,FIU17665,,0,0,,,,,,25.0837,81.080581,,,FIU,FIU,,,,,,,,,,,,Sample Filtered with 0.7 glass fiber filter.
FLAB25,FLAB,10/22/95,SAMP,MON,SA,G,,0,,18,NITRATE+NITRITE-N,NOX,0.021,PMR,,0.021,,,,,,mg/L,3,N,A,FIU17667,,0,0,,,,,,25.0837,81.080581,,,FIU,FIU,,,,,,,,,,,,Sample Filtered with 0.7 glass fiber filter.
FLAB25,FLAB,11/17/95,SAMP,MON,SA,G,,0,,18,NITRATE+NITRITE-N,NOX,0.0197,Q,Q,0.02,,,,,,mg/L,3,N,A,FIU17669,,0,0,,,,,,25.0837,81.080581,,,FIU,FIU,,,,,,,,,,,,Sample Filtered with 0.7 glass fiber filter.
FLAB25,FLAB,12/14/95,SAMP,MON,SA,G,,0,,18,NITRATE+NITRITE-N,NOX,0.0054,Q,Q,0.005,,,,,,mg/L,3,N,A,FIU17671,,0,0,,,,,,25.0837,81.080581,,,FIU,FIU,,,,,,,,,,,,Sample Filtered with 0.7 glass fiber filter.
FLAB25,FLAB,1/23/96,SAMP,MON,SA,G,,0,,18,NITRATE+NITRITE-N,NOX,0.0072,PMR,,0.007,,,,,,mg/L,3,N,A,FIU17673,,0,0,,,,,,25.0837,81.080581,,,FIU,FIU,,,,,,,,,,,,Sample Filtered with 0.7 glass fiber filter.
FLAB25,FLAB,2/12/96,SAMP,MON,SA,G,,0,,18,NITRATE+NITRITE-N,NOX,0.0004,PMR,,0,,,,,,mg/L,3,N,A,FIU17675,,0,0,,,,,,25.0837,81.080581,,,FIU,FIU,,,,,,,,,,,,Sample Filtered with 0.7 glass fiber filter.
FLAB25,FLAB,3/22/96,SAMP,MON,SA,G,,0,,18,NITRATE+NITRITE-N,NOX,0.0006,PMR,,0.001,,,,,,mg/L,3,N,A,FIU17677,,0,0,,,,,,25.0837,81.080581,,,FIU,FIU,,,,,,,,,,,,Sample Filtered with 0.7 glass fiber filter.
FLAB25,FLAB,4/25/96,SAMP,MON,SA,G,,0,,18,NITRATE+NITRITE-N,NOX,0.0114,PMR,,0.011,,,,,,mg/L,3,N,A,FIU17679,,0,0,,,,,,25.0837,81.080581,,,FIU,FIU,,,,,,,,,,,,Sample Filtered with 0.7 glass fiber filter.
FLAB25,FLAB,5/10/96,SAMP,MON,SA,G,,0,,18,NITRATE+NITRITE-N,NOX,0.03,PMR,,0.03,,,,,,mg/L,3,N,A,FIU17681,,0,0,,,,,,25.0837,81.080581,,,FIU,FIU,,,,,,,,,,,,Sample Filtered with 0.7 glass fiber filter.
FLAB25,FLAB,6/6/96,SAMP,MON,SA,G,,0,,18,NITRATE+NITRITE-N,NOX,0.0065,PMR,,0.006,,,,,,mg/L,3,N,A,FIU17683,,0,0,,,,,,25.0837,81.080581,,,FIU,FIU,,,,,,,,,,,,Sample Filtered with 0.7 glass fiber filter.
FLAB25,FLAB,7/5/96,SAMP,MON,SA,G,,0.1,,18,NITRATE+NITRITE-N,NOX,0.001,PMR,,0.001,,,,,,mg/L,3,N,A,FIU17685,,0,0,,,,,,25.0837,81.080581,,,FIU,FIU,,,,,,,,,,,,Sample Filtered with 0.7 glass fiber filter.
FLAB25,FLAB,8/22/96,SAMP,MON,SA,G,,0.1,,18,NITRATE+NITRITE-N,NOX,0.0007,PMR,,0.001,,,,,,mg/L,3,N,A,FIU17687,,0,0,,,,,,25.0837,81.080581,,,FIU,FIU,,,,,,,,,,,,Sample Filtered with 0.7 glass fiber filter.
FLAB25,FLAB,9/14/96,SAMP,MON,SA,G,,0.1,,18,NITRATE+NITRITE-N,NOX,0.0009,PMR,,0.001,,,,,,mg/L,3,N,A,FIU17689,,0,0,,,,,,25.0837,81.080581,,,FIU,FIU,,,,,,,,,,,,Sample Filtered with 0.7 glass fiber filter.
FLAB25,FLAB,10/15/96,SAMP,MON,SA,G,,0.1,,18,NITRATE+NITRITE-N,NOX,0.0441,PMR,,0.044,,,,,,mg/L,3,N,A,FIU17691,,0,0,,,,,,25.0837,81.080581,,,FIU,FIU,,,,,,,,,,,,Sample Filtered with 0.7 glass fiber filter.
FLAB25,FLAB,11/7/96,SAMP,MON,SA,G,,0.1,,18,NITRATE+NITRITE-N,NOX,0.0022,PMR,,0.002,,,,,,mg/L,3,N,A,FIU17693,,0,0,,,,,,25.0837,81.080581,,,FIU,FIU,,,,,,,,,,,,Sample Filtered with 0.7 glass fiber filter.
FLAB25,FLAB,12/6/96,SAMP,MON,SA,G,,0.1,,18,NITRATE+NITRITE-N,NOX,0.0069,PMR,,0.007,,,,,,mg/L,3,N,A,FIU17695,,0,0,,,,,,25.0837,81.080581,,,FIU,FIU,,,,,,,,,,,,Sample Filtered with 0.7 glass fiber filter.
FLAB25,FLAB,1/8/97,SAMP,MON,SA,G,,0.1,,18,NITRATE+NITRITE-N,NOX,0.0018,PMR,,0.002,,,,,,mg/L,3,N,A,FIU17697,,0,0,,,,,,25.0837,81.080581,,,FIU,FIU,,,,,,,,,,,,Sample Filtered with 0.7 glass fiber filter.
FLAB25,FLAB,2/15/97,SAMP,MON,SA,G,,0.1,,18,NITRATE+NITRITE-N,NOX,0.0002,T,,0,,,,,,mg/L,3,N,A,FIU17699,,0,0,,,,,,25.0837,81.080581,,,FIU,FIU,,,,,,,,,,,,Sample Filtered with 0.7 glass fiber filter.
FLAB25,FLAB,3/12/97,SAMP,MON,SA,G,,0.1,,18,NITRATE+NITRITE-N,NOX,0.0023,PMR,,0.002,,,,,,mg/L,3,N,A,FIU17701,,0,0,,,,,,25.0837,81.080581,,,FIU,FIU,,,,,,,,,,,,Sample Filtered with 0.7 glass fiber filter.
FLAB25,FLAB,4/16/97,SAMP,MON,SA,G,,0.1,,18,NITRATE+NITRITE-N,NOX,0.0152,PMR,,0.015,,,,,,mg/L,3,N,A,FIU17703,,0,0,,,,,,25.0837,81.080581,,,FIU,FIU,,,,,,,,,,,,Sample Filtered with 0.7 glass fiber filter.
FLAB25,FLAB,5/22/97,SAMP,MON,SA,G,,0.1,,18,NITRATE+NITRITE-N,NOX,0.0002,T,,0,,,,,,mg/L,3,N,A,FIU17705,,0,0,,,,,,25.0837,81.080581,,,FIU,FIU,,,,,,,,,,,,Sample Filtered with 0.7 glass fiber filter.
FLAB25,FLAB,6/12/97,SAMP,MON,SA,G,,0.1,,18,NITRATE+NITRITE-N,NOX,0.0254,PMR,,0.025,,,,,,mg/L,3,N,A,FIU17707,,0,0,,,,,,25.0837,81.080581,,,FIU,FIU,,,,,,,,,,,,Sample Filtered with 0.7 glass fiber filter.
FLAB25,FLAB,7/10/97,SAMP,MON,SA,G,,0.1,,18,NITRATE+NITRITE-N,NOX,0.0044,PMR,,0.004,,,,,,mg/L,3,N,A,FIU17709,,0,0,,,,,,25.0837,81.080581,,,FIU,FIU,,,,,,,,,,,,Sample Filtered with 0.7 glass fiber filter.
FLAB25,FLAB,8/19/97,SAMP,MON,SA,G,,0.1,,18,NITRATE+NITRITE-N,NOX,0.0006,PMR,,0.001,,,,,,mg/L,3,N,A,FIU17710,,0,0,,,,,,25.0837,81.080581,,,FIU,FIU,,,,,,,,,,,,Sample Filtered with 0.7 glass fiber filter.
FLAB25,FLAB,9/10/97,SAMP,MON,SA,G,,0.1,,18,NITRATE+NITRITE-N,NOX,0.0052,PMR,,0.005,,,,,,mg/L,3,N,A,FIU17712,,0,0,,,,,,25.0837,81.080581,,,FIU,FIU,,,,,,,,,,,,Sample Filtered with 0.7 glass fiber filter.
FLAB25,FLAB,10/21/97,SAMP,MON,SA,G,,0.1,,18,NITRATE+NITRITE-N,NOX,0.0039,PMR,,0.004,,,,,,mg/L,3,N,A,FIU17714,,0,0,,,,,,25.0837,81.080581,,,FIU,FIU,,,,,,,,,,,,Sample Filtered with 0.7 glass fiber filter.
FLAB25,FLAB,11/25/97,SAMP,MON,SA,G,,0.1,,18,NITRATE+NITRITE-N,NOX,0.0051,PMR,,0.005,,,,,,mg/L,3,N,A,FIU17716,,0,0,,,,,,25.0837,81.080581,,,FIU,FIU,,,,,,,,,,,,Sample Filtered with 0.7 glass fiber filter.
FLAB25,FLAB,12/12/97,SAMP,MON,SA,G,,0.1,,18,NITRATE+NITRITE-N,NOX,0.0048,PMR,,0.005,,,,,,mg/L,3,N,A,FIU17718,,0,0,,,,,,25.0837,81.080581,,,FIU,FIU,,,,,,,,,,,,Sample Filtered with 0.7 glass fiber filter.
FLAB25,FLAB,1/21/98,SAMP,MON,SA,G,,0.1,,18,NITRATE+NITRITE-N,NOX,0.0017,PMR,,0.002,,,,,,mg/L,3,N,A,FIU17720,,0,0,,,,,,25.0837,81.080581,,,FIU,FIU,,,,,,,,,,,,Sample Filtered with 0.7 glass fiber filter.
FLAB25,FLAB,2/18/98,SAMP,MON,SA,G,,0.1,,18,NITRATE+NITRITE-N,NOX,0.0053,PMR,,0.005,,,,,,mg/L,3,N,A,FIU17722,,0,0,,,,,,25.0837,81.080581,,,FIU,FIU,,,,,,,,,,,,Sample Filtered with 0.7 glass fiber filter.
FLAB25,FLAB,3/20/98,SAMP,MON,SA,G,,0.1,,18,NITRATE+NITRITE-N,NOX,0.0012,PMR,,0.001,,,,,,mg/L,3,N,A,FIU17724,,0,0,,,,,,25.0837,81.080581,,,FIU,FIU,,,,,,,,,,,,Sample Filtered with 0.7 glass fiber filter.
FLAB25,FLAB,4/15/98,SAMP,MON,SA,G,,0.1,,18,NITRATE+NITRITE-N,NOX,0.0029,PMR,,0.003,,,,,,mg/L,3,N,A,FIU17726,,0,0,,,,,,25.0837,81.080581,,,FIU,FIU,,,,,,,,,,,,Sample Filtered with 0.7 glass fiber filter.
FLAB25,FLAB,5/14/98,SAMP,MON,SA,G,,0.1,,18,NITRATE+NITRITE-N,NOX,0.0004,T,,0,,,,,,mg/L,3,N,A,FIU17728,,0,0,,,,,,25.0837,81.080581,,,FIU,FIU,,,,,,,,,,,,Sample Filtered with 0.7 glass fiber filter.
FLAB25,FLAB,6/10/98,SAMP,MON,SA,G,,0.1,,18,NITRATE+NITRITE-N,NOX,0.0018,PMR,,0.002,,,,,,mg/L,3,N,A,FIU17730,,0,0,,,,,,25.0837,81.080581,,,FIU,FIU,,,,,,,,,,,,Sample Filtered with 0.7 glass fiber filter.
FLAB25,FLAB,7/14/98,SAMP,MON,SA,G,,0.1,,18,NITRATE+NITRITE-N,NOX,0.0006,T,,0.001,,,,,,mg/L,3,N,A,FIU17732,,0,0,,,,,,25.0837,81.080581,,,FIU,FIU,,,,,,,,,,,,Sample Filtered with 0.7 glass fiber filter.
FLAB25,FLAB,8/19/98,SAMP,MON,SA,G,,0.1,,18,NITRATE+NITRITE-N,NOX,0.0005,T,,0,,,,,,mg/L,3,N,A,FIU17734,,0,0,,,,,,25.0837,81.080581,,,FIU,FIU,,,,,,,,,,,,Sample Filtered with 0.7 glass fiber filter.
FLAB25,FLAB,9/17/98,SAMP,MON,SA,G,,0.1,,18,NITRATE+NITRITE-N,NOX,0.0072,PMR,,0.007,,,,,,mg/L,3,N,A,FIU17736,,0,0,,,,,,25.0837,81.080581,,,FIU,FIU,,,,,,,,,,,,Sample Filtered with 0.7 glass fiber filter.
FLAB25,FLAB,9/30/98,SAMP,MON,SA,G,,0.1,,18,NITRATE+NITRITE-N,NOX,0.0153,PMR,,0.015,,,,,,mg/L,3,N,A,FIU17738,,0,0,,,,,,25.0837,81.080581,,,FIU,FIU,,,,,,,,,,,,Sample Filtered with 0.7 glass fiber filter.
FLAB25,FLAB,11/3/98,SAMP,MON,SA,G,,0.1,,18,NITRATE+NITRITE-N,NOX,0.0006,T,,0.001,,,,,,mg/L,3,N,A,FIU17740,,0,0,,,,,,25.0837,81.080581,,,FIU,FIU,,,,,,,,,,,,Sample Filtered with 0.7 glass fiber filter.
FLAB25,FLAB,12/1/98,SAMP,MON,SA,G,,0.1,,18,NITRATE+NITRITE-N,NOX,0.0116,PMR,,0.012,,,,,,mg/L,3,N,A,FIU17742,,0,0,,,,,,25.0837,81.080581,,,FIU,FIU,,,,,,,,,,,,Sample Filtered with 0.7 glass fiber filter.
FLAB25,FLAB,1/14/99,SAMP,MON,SA,G,,0.1,,18,NITRATE+NITRITE-N,NOX,0.0119,PMR,,0.012,,,,,,mg/L,3,N,A,FIU17744,,0,0,,,,,,25.0837,81.080581,,,FIU,FIU,,,,,,,,,,,,Sample Filtered with 0.7 glass fiber filter.
FLAB25,FLAB,2/10/99,SAMP,MON,SA,G,,0.1,,18,NITRATE+NITRITE-N,NOX,0.0071,PMR,,0.007,,,,,,mg/L,3,N,A,FIU17746,,0,0,,,,,,25.0837,81.080581,,,FIU,FIU,,,,,,,,,,,,Sample Filtered with 0.7 glass fiber filter.
FLAB25,FLAB,3/23/99,SAMP,MON,SA,G,,0.1,,18,NITRATE+NITRITE-N,NOX,0.0057,PMR,,0.006,,,,,,mg/L,3,N,A,FIU17748,,0,0,,,,,,25.0837,81.080581,,,FIU,FIU,,,,,,,,,,,,Sample Filtered with 0.7 glass fiber filter.
FLAB25,FLAB,4/29/99,SAMP,MON,SA,G,,0.1,,18,NITRATE+NITRITE-N,NOX,0.01,PMR,,0.01,,,,,,mg/L,3,N,A,FIU17750,,0,0,,,,,,25.0837,81.080581,,,FIU,FIU,,,,,,,,,,,,Sample Filtered with 0.7 glass fiber filter.
FLAB25,FLAB,5/28/99,SAMP,MON,SA,G,,0.1,,18,NITRATE+NITRITE-N,NOX,0.0025,PMR,,0.002,,,,,,mg/L,3,N,A,FIU17752,,0,0,,,,,,25.0837,81.080581,,,FIU,FIU,,,,,,,,,,,,Sample Filtered with 0.7 glass fiber filter.
FLAB25,FLAB,6/17/99,SAMP,MON,SA,G,,0.1,,18,NITRATE+NITRITE-N,NOX,0.0009,T,,0.001,,,,,,mg/L,3,N,A,FIU17754,,0,0,,,,,,25.0837,81.080581,,,FIU,FIU,,,,,,,,,,,,Sample Filtered with 0.7 glass fiber filter.
FLAB25,FLAB,7/6/99,SAMP,MON,SA,G,,0.1,,18,NITRATE+NITRITE-N,NOX,0.0012,PMR,,0.001,,,0.001,,,mg/L,3,N,A,FIU17756,,0,0,,,,,,25.0837,81.080581,,,FIU,FIU,,,,,,,,EPA353.2,,00630,,Sample Filtered with 0.7 glass fiber filter.
FLAB25,FLAB,8/24/99,SAMP,MON,SA,G,,0.1,,18,NITRATE+NITRITE-N,NOX,0.003,PMR,,0.003,,,0.001,,,mg/L,3,N,A,FIU17758,,0,0,,,,,,25.0837,81.080581,,,FIU,FIU,,,,,,,,EPA353.2,,00630,,Sample Filtered with 0.7 glass fiber filter.
FLAB25,FLAB,9/23/99,SAMP,MON,SA,G,,0.1,,18,NITRATE+NITRITE-N,NOX,0.0134,PMR,,0.0134,,,0.00098,,,mg/L,3,N,A,FIU17760,,0,0,,,,,,25.0837,81.080581,,,FIU,FIU,,,,,,,,EPA353.2,,00630,,Sample Filtered with 0.7 glass fiber filter.
FLAB25,FLAB,10/26/99,SAMP,MON,SA,G,,0.1,,18,NITRATE+NITRITE-N,NOX,0.0059,PMR,,0.0059,,,0.00098,,,mg/L,3,N,A,FIU17762,,0,0,,,,,,25.0837,81.080581,,,FIU,FIU,,,,,,,,EPA353.2,,00630,,Sample Filtered with 0.7 glass fiber filter.
FLAB25,FLAB,11/12/99,SAMP,MON,SA,G,,0.1,,18,NITRATE+NITRITE-N,NOX,0.0176,PMR,,0.0176,,,0.00098,,,mg/L,3,N,A,FIU17765,,0,0,,,,,,25.0837,81.080581,,,FIU,FIU,,,,,,,,EPA353.2,,00630,,Sample Filtered with 0.7 glass fiber filter.
FLAB25,FLAB,12/3/99,SAMP,MON,SA,G,,0.1,,18,NITRATE+NITRITE-N,NOX,0.007,PMR,,0.007,,,0.00098,,,mg/L,3,N,A,FIU17768,,0,0,,,,,,25.0837,81.080581,,,FIU,FIU,,,,,,,,EPA353.2,,00630,,Sample Filtered with 0.7 glass fiber filter.
FLAB25,FLAB,1/25/00,SAMP,MON,SA,G,,0.1,,18,NITRATE+NITRITE-N,NOX,0.0089,PMR,V,0.0089,,,0.00098,,,mg/L,3,N,A,FIU17771,,0,0,,,,,,25.0837,81.080581,,,FIU,FIU,,,,,,,,EPA353.2,,00630,,SAMPLE ASSOCIATED WITH POSITIVE EB.  Sample Filtered with 0.7 glass fiber filter.
FLAB25,FLAB,2/28/00,SAMP,MON,SA,G,,0.1,,18,NITRATE+NITRITE-N,NOX,0.0086,PMR,V,0.0086,,,0.00098,,,mg/L,3,N,A,FIU17774,,0,0,,,,,,25.0837,81.080581,,,FIU,FIU,,,,,,,,EPA353.2,,00630,,SAMPLE ASSOCIATED WITH POSITIVE EB.  Sample Filtered with 0.7 glass fiber filter.
FLAB25,FLAB,3/21/00,SAMP,MON,SA,G,,0.1,,18,NITRATE+NITRITE-N,NOX,0.0058,PMR,,0.0058,,,0.00098,,,mg/L,3,N,A,FIU17777,,0,0,,,,,,25.0837,81.080581,,,FIU,FIU,,,,,,,,EPA353.2,,00630,,Sample Filtered with 0.7 glass fiber filter.
FLAB25,FLAB,4/13/00,SAMP,MON,SA,G,,0.1,,18,NITRATE+NITRITE-N,NOX,0.0014,PMR,,0.0014,,,0.00098,,,mg/L,3,N,A,FIU17780,,0,0,,,,,,25.0837,81.080581,,,FIU,FIU,,,,,,,,EPA353.2,,00630,,Sample Filtered with 0.7 glass fiber filter.
FLAB25,FLAB,5/30/00,SAMP,MON,SA,G,,0.1,,18,NITRATE+NITRITE-N,NOX,0.0068,PMR,,0.0068,,,0.00098,,,mg/L,3,N,A,FIU17782,,0,0,,,,,,25.0837,81.080581,,,FIU,FIU,,,,,,,,EPA353.2,,00630,,Sample Filtered with 0.7 glass fiber filter.
FLAB25,FLAB,6/20/00,SAMP,MON,SA,G,,0.1,,18,NITRATE+NITRITE-N,NOX,0.0011,PMR,,0.0011,,,0.00098,,,mg/L,3,N,A,FIU17784,,0,0,,,,,,25.0837,81.080581,,,FIU,FIU,,,,,,,,EPA353.2,,00630,,Sample Filtered with 0.7 glass fiber filter.
FLAB25,FLAB,7/20/00,SAMP,MON,SA,G,,0.1,,18,NITRATE+NITRITE-N,NOX,0.0137,PMR,,0.014,,,0.001,,,mg/L,3,N,A,FIU17786,,0,0,,,,,,25.0837,81.080581,,,FIU,FIU,,,,,,,,EPA353.2,,00630,,Sample Filtered with 0.7 glass fiber filter.
FLAB25,FLAB,8/29/00,SAMP,MON,SA,G,,0.1,,18,NITRATE+NITRITE-N,NOX,0.0029,PMR,,0.003,,,0.001,,,mg/L,3,N,A,FIU17788,,0,0,,,,,,25.0837,81.080581,,,FIU,FIU,,,,,,,,EPA353.2,,00630,,Sample Filtered with 0.7 glass fiber filter.
FLAB25,FLAB,9/28/00,SAMP,MON,SA,G,,0.1,,18,NITRATE+NITRITE-N,NOX,0.0029,PMR,,0.003,,,0.001,,,mg/L,3,N,A,FIU17790,,0,0,,,,,,25.0837,81.080581,,,FIU,FIU,,,,,,,,EPA353.2,,00630,,Sample Filtered with 0.7 glass fiber filter.
FLAB25,FLAB,10/26/00,SAMP,MON,SA,G,,0.1,,18,NITRATE+NITRITE-N,NOX,0.0019,PMR,,0.002,,,0.001,,,mg/L,3,N,A,FIU17792,,0,0,,,,,,25.0837,81.080581,,,FIU,FIU,,,,,,,,EPA353.2,,00630,,Sample Filtered with 0.7 glass fiber filter.
FLAB25,FLAB,11/30/00,SAMP,MON,SA,G,,0.1,,18,NITRATE+NITRITE-N,NOX,0.002,PMR,,0.002,,,0.001,,,mg/L,3,N,A,FIU17794,,0,0,,,,,,25.0837,81.080581,,,FIU,FIU,,,,,,,,EPA353.2,,00630,,Sample Filtered with 0.7 glass fiber filter.
FLAB25,FLAB,12/11/00,SAMP,MON,SA,G,,0.1,,18,NITRATE+NITRITE-N,NOX,0.0032,PMR,,0.003,,,0.001,,,mg/L,3,N,A,FIU17796,,0,0,,,,,,25.0837,81.080581,,,FIU,FIU,,,,,,,,EPA353.2,,00630,,Sample Filtered with 0.7 glass fiber filter.
FLAB25,FLAB,1/25/01,SAMP,MON,SA,G,,0.1,,18,NITRATE+NITRITE-N,NOX,0.0104,PMR,,0.0104,,,0.0021,,,mg/L,3,N,A,FIU17798,,0,0,,,,,,25.0837,81.080581,,,FIU,FIU,,,,,,,,EPA353.2,,00630,,Sample Filtered with 0.7 glass fiber filter.
FLAB25,FLAB,2/21/01,SAMP,MON,SA,G,,0.1,,18,NITRATE+NITRITE-N,NOX,0.0109,PMR,,0.0109,,,0.0021,,,mg/L,3,N,A,FIU17800,,0,0,,,,,,25.0837,81.080581,,,FIU,FIU,,,,,,,,EPA353.2,,00630,,Sample Filtered with 0.7 glass fiber filter.
FLAB25,FLAB,3/6/01,SAMP,MON,SA,G,,0.1,,18,NITRATE+NITRITE-N,NOX,0.018,PMR,,0.018,,,0.0021,,,mg/L,3,N,A,FIU17802,,0,0,,,,,,25.0837,81.080581,,,FIU,FIU,,,,,,,,EPA353.2,,00630,,Sample Filtered with 0.7 glass fiber filter.
FLAB25,FLAB,4/3/01,SAMP,MON,SA,G,,0.1,,18,NITRATE+NITRITE-N,NOX,0.0031,PMR,,0.0031,,,0.0021,,,mg/L,3,N,A,FIU17804,,0,0,,,,,,25.0837,81.080581,,,FIU,FIU,,,,,,,,EPA353.2,,00630,,Sample Filtered with 0.7 glass fiber filter.
FLAB25,FLAB,5/2/01,SAMP,MON,SA,G,,0.1,,18,NITRATE+NITRITE-N,NOX,0.0876,PMR,,0.0876,,,0.0021,,,mg/L,3,N,A,FIU17806,,0,0,,,,,,25.0837,81.080581,,,FIU,FIU,,,,,,,,EPA353.2,,00630,,Sample Filtered with 0.7 glass fiber filter.
FLAB25,FLAB,6/5/01,SAMP,MON,SA,G,,0.1,,18,NITRATE+NITRITE-N,NOX,0.0017,T,T,0.0017,,,0.0021,,,mg/L,3,N,A,FIU110806,,0,0,,,,,,25.0837,81.080581,,,FIU,FIU,,,,,,,,EPA353.2,,00630,,Sample Filtered with 0.7 glass fiber filter.
FLAB25,FLAB,7/12/01,SAMP,MON,SA,G,,0.1,,18,NITRATE+NITRITE-N,NOX,0.0021,T,T,-0.0009,,,0.0021,,,mg/L,3,Y,A,FIU17808,,0,0,,,,,,25.0837,81.080581,,,FIU,FIU,,,,,,,,EPA353.2,,00630,,Sample Filtered with 0.7 glass fiber filter.
FLAB25,FLAB,8/14/01,SAMP,MON,SA,G,,0.1,,18,NITRATE+NITRITE-N,NOX,0.0021,T,T,-0.0004,,,0.0021,,,mg/L,3,Y,A,FIU17810,,0,0,,,,,,25.0837,81.080581,,,FIU,FIU,,,,,,,,EPA353.2,,00630,,Sample Filtered with 0.7 glass fiber filter.
FLAB25,FLAB,9/5/01,SAMP,MON,SA,G,,0.1,,18,NITRATE+NITRITE-N,NOX,0.0021,PMR,,0.0021,,,0.0021,,,mg/L,3,N,A,FIU17812,,0,0,,,,,,25.0837,81.080581,,,FIU,FIU,,,,,,,,EPA353.2,,00630,,Sample Filtered with 0.7 glass fiber filter.
FLAB25,FLAB,10/23/01,SAMP,MON,SA,G,,0.1,,18,NITRATE+NITRITE-N,NOX,0.0081,PMR,,0.0081,,,0.0021,,,mg/L,3,N,A,FIU110552,,0,0,,,,,,25.0837,81.080581,,,FIU,FIU,,,,,,128025,11/2/01 0:00,EPA353.2,,00630,,Sample Filtered with 0.7 glass fiber filter.
FLAB25,FLAB,11/8/01,SAMP,MON,SA,G,,0.1,,18,NITRATE+NITRITE-N,NOX,0.017,PMR,,0.017,,,0.0021,,,mg/L,3,N,A,FIU110554,,0,0,,,,,,25.0837,81.080581,,,FIU,FIU,,,,,,129025,11/21/01 0:00,EPA353.2,,00630,,Sample Filtered with 0.7 glass fiber filter.
FLAB25,FLAB,12/3/01,SAMP,MON,SA,G,,0.1,,18,NITRATE+NITRITE-N,NOX,0.0025,PMR,Q,0.0025,,,0.0021,,,mg/L,3,N,A,FIU110556,,0,0,,,,,,25.0837,81.080581,,,FIU,FIU,,,,,,130025,2/4/02 0:00,EPA353.2,,00630,,OUT OF HOLDING TIME.  Sample Filtered with 0.7 glass fiber filter.
FLAB25,FLAB,1/29/02,SAMP,MON,SA,G,,0.1,,18,NITRATE+NITRITE-N,NOX,0.0039,,,0.0039,,,0.0021,,,mg/L,3,N,A,FIU113184,,0,0,,,,,,25.0837,81.080581,,,FIU,FIU,,,,,,131025,2/22/02 0:00,EPA353.2,,00630,,
FLAB25,FLAB,2/20/02,SAMP,MON,SA,G,,0.1,,18,NITRATE+NITRITE-N,NOX,0.0037,,,0.0037,,,0.0021,,,mg/L,3,N,A,FIU113186,,0,0,,,,,,25.0837,81.080581,,,FIU,FIU,,,,,,132025,3/26/02 0:00,EPA353.2,,00630,,
FLAB25,FLAB,3/19/02,SAMP,MON,SA,G,,0.1,,18,NITRATE+NITRITE-N,NOX,0.0021,T,T,-0.0021,,,0.0021,,,mg/L,3,Y,A,FIU113188,,0,0,,,,,,25.0837,81.080581,,,FIU,FIU,,,,,,133025,4/2/02 0:00,EPA353.2,,00630,,
FLAB25,FLAB,4/9/02,SAMP,MON,SA,G,,0.1,,18,NITRATE+NITRITE-N,NOX,0.0021,U,,-0.0021,,,0.0021,,,mg/L,3,Y,A,134025,,0,0,,,,,,25.0837,81.080581,,,FIU,FIU,,,,,,134025,4/22/02 0:00,EPA353.2,,630,,
FLAB25,FLAB,5/15/02,SAMP,MON,SA,G,,0.1,,18,NITRATE+NITRITE-N,NOX,0.0013,U,,-0.0013,,,0.0013,,,mg/L,3,Y,A,135025,,0,0,,,,,,25.0837,81.080581,,,FIU,FIU,,,,,,135025,5/30/02 10:54,EPA353.2,,630,,
FLAB25,FLAB,6/4/02,SAMP,MON,SA,G,,0.1,,18,NITRATE+NITRITE-N,NOX,0.0031,,,0.0031,,,0.0013,,,mg/L,3,N,A,136025,,0,0,,,,,,25.0837,81.080581,,,FIU,FIU,,,,,,136025,6/11/02 11:57,EPA353.2,,630,,
FLAB25,FLAB,7/11/02,SAMP,MON,SA,G,,0.1,,18,NITRATE+NITRITE-N,NOX,0.0021,,,0.0021,,,0.0013,0.0056,,mg/L,3,N,A,137025,,0,0,,,,,,25.0837,81.080581,,,FIU,FIU,,,,,,137025,7/18/02 10:26,EPA353.2,,630,,
FLAB25,FLAB,8/19/02,SAMP,MON,SA,G,,0.1,,18,NITRATE+NITRITE-N,NOX,0.0013,U,,-0.0013,,,0.0013,0.0056,,mg/L,3,Y,A,138025,,0,0,,,,,,25.0837,81.080581,,,FIU,FIU,,,,,,138025,8/21/02 13:59,EPA353.2,,00630,,
FLAB25,FLAB,9/17/02,SAMP,MON,SA,G,,0.1,,18,NITRATE+NITRITE-N,NOX,0.0013,U,,-0.0013,,,0.0013,0.0056,,mg/L,3,Y,A,139025,,0,0,,,,,,25.0837,81.080581,,,FIU,FIU,,,,,,139025,9/26/02 8:10,EPA353.2,,00630,,
FLAB25,FLAB,10/17/02,SAMP,MON,SA,G,,0.1,,18,NITRATE+NITRITE-N,NOX,0.0094,,,0.0094,,,0.0013,0.0056,,mg/L,3,N,A,140025,,0,0,,,,,,25.0837,81.080581,,,FIU,FIU,,,,,,140025,10/23/02 12:27,EPA353.2,,00630,,
FLAB25,FLAB,11/14/02,SAMP,MON,SA,G,,0.1,,18,NITRATE+NITRITE-N,NOX,0.0038,,,0.0038,,,0.0013,0.0056,,mg/L,3,N,A,141025,,0,0,,,,,,25.0837,81.080581,,,FIU,FIU,,,,,,141025,11/20/02 12:00,EPA353.2,,00630,,
FLAB25,FLAB,12/11/02,SAMP,MON,SA,G,,0.1,,18,NITRATE+NITRITE-N,NOX,0.0033,,,0.0033,,,0.0013,0.0056,,mg/L,3,N,A,142025,,0,0,,,,,,25.0837,81.080581,,,FIU,FIU,,,,,,142025,12/18/02 10:44,EPA353.2,,00630,,
FLAB25,FLAB,1/28/03,SAMP,MON,SA,G,,0.1,,18,NITRATE+NITRITE-N,NOX,0.0036,I,I,0.0036,,,0.0013,0.0056,,mg/L,3,N,A,143025,,0,0,,,,,,25.0837,81.080581,,,FIU,FIU,,,,CA,,143025,1/30/03 14:34,EPA353.2,,00630,,
FLAB25,FLAB,2/25/03,SAMP,MON,SA,G,,0.1,,18,NITRATE+NITRITE-N,NOX,0.0031,I,I,0.0031,,,0.0013,0.0056,,mg/L,3,N,A,144025,,0,0,,,,,,25.0837,81.080581,,,FIU,FIU,,,,CA,,144025,2/27/03 13:25,EPA353.2,,00630,,
FLAB25,FLAB,3/13/03,SAMP,MON,SA,G,,0.1,,18,NITRATE+NITRITE-N,NOX,0.0031,I,I,0.0031,,,0.0013,0.0056,,mg/L,3,N,A,145025,,0,0,,,,,,25.0837,81.080581,,,FIU,FIU,,,,CA,,145025,3/19/03 13:44,EPA353.2,,00630,,
FLAB25,FLAB,4/9/03,SAMP,MON,SA,G,,0.1,,18,NITRATE+NITRITE-N,NOX,0.0052,I,,0.0052,,,0.0013,0.0056,,mg/L,3,N,A,146025,,0,0,,,,,,25.0837,81.080581,,,FIU,FIU,,,,,,146025,4/14/03 8:31,EPA353.2,,630,,
FLAB25,FLAB,5/8/03,SAMP,MON,SA,G,,0.1,,18,NITRATE+NITRITE-N,NOX,0.0137,,,0.0137,,,0.0013,0.0056,,mg/L,3,N,A,147025,,0,0,,,,,,25.0837,81.080581,,,FIU,FIU,,,,,,147025,5/14/03 13:09,EPA353.2,,630,,
FLAB25,FLAB,6/10/03,SAMP,MON,SA,G,,0.1,,18,NITRATE+NITRITE-N,NOX,0.0045,I,,0.0045,,,0.0013,0.0056,,mg/L,3,N,A,148025,,0,0,,,,,,25.0837,81.080581,,,FIU,FIU,,,,,,148025,6/13/03 12:13,EPA353.2,,630,,
FLAB25,FLAB,7/1/03,SAMP,MON,SA,G,,0.1,,18,NITRATE+NITRITE-N,NOX,0.0054,,,0.0054,,,0.0013,0.0056,,mg/L,3,N,A,149025,,0,0,,,,,,25.0837,81.080581,,,FIU,FIU,,,,,,149025,7/9/03 10:00,EPA353.2,,630,,
FLAB25,FLAB,8/25/03,SAMP,MON,SA,G,,0.1,,18,NITRATE+NITRITE-N,NOX,0.0026,I,,0.0026,,,0.0013,0.0056,,mg/L,3,N,A,150025,,0,0,,,,,,25.0837,81.080581,,,FIU,FIU,,,,,,150025,9/17/03 15:58,EPA353.2,,630,,
FLAB25,FLAB,9/9/03,SAMP,MON,SA,G,,0.1,,18,NITRATE+NITRITE-N,NOX,0.0013,U,,-0.0013,,,0.0013,0.0056,,mg/L,3,Y,A,151025,,0,0,,,,,,25.0837,81.080581,,,FIU,FIU,,,,,,151025,9/26/03 12:46,EPA353.2,,630,,
FLAB25,FLAB,10/15/03,SAMP,MON,SA,G,,0.1,,18,NITRATE+NITRITE-N,NOX,0.0028,I,,0.0028,,,0.0013,0.0056,,mg/L,3,N,A,152025,,0,0,,,,,,25.0837,81.080581,,,FIU,FIU,,,,,,152025,11/3/03 11:21,EPA353.2,,630,,
FLAB25,FLAB,11/7/03,SAMP,MON,SA,G,,0.1,,18,NITRATE+NITRITE-N,NOX,0.0024,I,,0.0024,,,0.0013,0.0056,,mg/L,3,N,A,153025,,0,0,,,,,,25.0837,81.080581,,,FIU,FIU,,,,,,153025,11/17/03 13:20,EPA353.2,,630,,
FLAB25,FLAB,12/3/03,SAMP,MON,SA,G,,0.1,,18,NITRATE+NITRITE-N,NOX,0.0068,,,0.0068,,,0.0013,0.0056,,mg/L,3,N,A,154025,,0,0,,,,,,25.0837,81.080581,,,FIU,FIU,,,,,,154025,12/8/03 15:45,EPA353.2,,630,,
FLAB25,FLAB,1/21/04,SAMP,MON,SA,G,,0.1,,18,NITRATE+NITRITE-N,NOX,0.0025,I,,0.0025,,,0.0017,0.0073,,mg/L,3,N,A,155025,,0,0,,,,,,25.0837,81.080581,,,FIU,FIU,,,,,,155025,1/29/04 12:27,EPA353.2,,630,,SAMPLE FILTERED WITH 0.7 GLASS FIBER FILTER.
FLAB25,FLAB,2/24/04,SAMP,MON,SA,G,,0.1,,18,NITRATE+NITRITE-N,NOX,0.0047,I,,0.0047,,,0.0017,0.0073,,mg/L,3,N,A,156025,,0,0,,,,,,25.0837,81.080581,,,FIU,FIU,,,,,,156025,2/27/04 8:27,EPA353.2,,630,,SAMPLE FILTERED WITH 0.7 GLASS FIBER FILTER.
FLAB25,FLAB,3/23/04,SAMP,MON,SA,G,,0.1,,18,NITRATE+NITRITE-N,NOX,0.0064,I,,0.0064,,,0.0017,0.0073,,mg/L,3,N,A,157025,,0,0,,,,,,25.0837,81.080581,,,FIU,FIU,,,,,,157025,3/29/04 14:16,EPA353.2,,630,,SAMPLE FILTERED WITH 0.7 GLASS FIBER FILTER.
FLAB25,FLAB,4/21/04,SAMP,MON,SA,G,,0.1,,18,NITRATE+NITRITE-N,NOX,0.0025,I,PMR,0.0025,,,0.0017,0.0073,,mg/L,3,N,A,158025,,0,0,,,,,,25.0837,81.080581,,,FIU,WMD,,,,,,158025,4/27/04 13:53,EPA353.2,,630,,SAMPLE FILTERED WITH 0.7 GLASS FIBER FILTER.
FLAB25,FLAB,5/21/04,SAMP,MON,SA,G,,0.1,,18,NITRATE+NITRITE-N,NOX,0.0017,U,PMR,-0.0017,,,0.0017,0.0073,,mg/L,3,Y,A,159025,,0,0,,,,,,25.0837,81.080581,,,FIU,FIU,,,,,,159025,5/28/04 12:11,EPA353.2,,630,,SAMPLE FILTERED WITH 0.7 GLASS FIBER FILTER.
FLAB25,FLAB,6/28/04,SAMP,MON,SA,G,,0.1,,18,NITRATE+NITRITE-N,NOX,0.0033,I,PMR,0.0033,,,0.0017,0.0073,,mg/L,3,N,A,160025,,0,0,,,,,,25.0837,81.080581,,,FIU,FIU,,,,,,160025,7/6/04 10:41,EPA353.2,,630,,SAMPLE FILTERED WITH 0.7 GLASS FIBER FILTER.
FLAB25,FLAB,7/27/04,SAMP,MON,SA,G,,0.1,,18,NITRATE+NITRITE-N,NOX,0.0018,I,PMR,0.0018,,,0.0017,0.0073,,mg/L,3,N,A,161025,,0,0,,,,,,25.0837,81.080581,,,FIU,FIU,,,,,,161025,8/4/04 12:14,EPA353.2,,630,,SAMPLE FILTERED WITH 0.7 GLASS FIBER FILTER.
FLAB25,FLAB,8/24/04,SAMP,MON,SA,G,,0.1,,18,NITRATE+NITRITE-N,NOX,0.0017,U,PMR,-0.0017,,,0.0017,0.0073,,mg/L,3,Y,A,162025,,0,0,,,,,,25.0837,81.080581,,,FIU,FIU,,,,,,162025,8/31/04 12:47,EPA353.2,,630,,SAMPLE FILTERED WITH 0.7 GLASS FIBER FILTER.
FLAB25,FLAB,9/28/04,SAMP,MON,SA,G,,0.1,,18,NITRATE+NITRITE-N,NOX,0.0265,PMR,,0.0265,,,0.0017,0.0073,,mg/L,3,N,A,163025,,0,0,,,,,,25.0837,81.080581,,,FIU,FIU,,,,,,163025,10/4/04 12:09,EPA353.2,,630,,SAMPLE FILTERED WITH 0.7 GLASS FIBER FILTER.
FLAB25,FLAB,10/26/04,SAMP,MON,SA,G,,0.1,,18,NITRATE+NITRITE-N,NOX,0.0017,U,PMR,-0.0017,,,0.0017,0.0073,,mg/L,3,Y,A,164025,,0,0,,,,,,25.0837,81.080581,,,FIU,FIU,,,,,,164025,11/1/04 12:24,EPA353.2,,630,,SAMPLE FILTERED WITH 0.7 GLASS FIBER FILTER.
FLAB25,FLAB,11/29/04,SAMP,MON,SA,G,,0.1,,18,NITRATE+NITRITE-N,NOX,0.0029,I,PMR,0.0029,,,0.0017,0.0073,,mg/L,3,N,A,165025,,0,0,,,,,,25.0837,81.080581,,,FIU,FIU,,,,,,165025,12/3/04 11:59,EPA353.2,,630,,SAMPLE FILTERED WITH 0.7 GLASS FIBER FILTER.
FLAB25,FLAB,12/14/04,SAMP,MON,SA,G,,0.1,,18,NITRATE+NITRITE-N,NOX,0.0105,PMR,,0.0105,,,0.0017,0.0073,,mg/L,3,N,A,166025,,0,0,,,,,,25.0837,81.080581,,,FIU,FIU,,,,,,166025,12/20/04 12:05,EPA353.2,,630,,SAMPLE FILTERED WITH 0.7 GLASS FIBER FILTER.
FLAB25,FLAB,10/9/06,SAMP,MON,SA,G,,0,,18,NITRATE+NITRITE-N,NOX,0.00497,"I,J5,Y",yes,0.00497,,1,0.00238,0.01344,,mg/L,3,N,A,FB188FB025FB,,0,0,,,,,,25.0837,81.080581,FIU,E76930,FIU,WMD,WMD,2,BA,CA,,AB64826,10/11/06 10:21,EPA 353.3,,631,,Exceded Batch Size
FLAB25,FLAB,10/9/06,SAMP,MON,SA,G,,0,,18,NITRATE+NITRITE-N,NOX,0.00714,"I,J5,Y",yes,0.00714,,1,0.00238,0.01344,,mg/L,3,N,A,FB188FB025FA,,0,0,,,,,,25.0837,81.080581,FIU,E76930,FIU,WMD,WMD,2,BA,CA,,AB64825,10/11/06 10:21,EPA 353.3,,631,,Exceded Batch Size
FLAB25,FLAB,11/7/06,SAMP,MON,SA,G,,0,,18,NITRATE+NITRITE-N,NOX,0.00386,"I,J5,Y",yes,0.00386,,1,0.00238,0.01344,,mg/L,3,N,A,FB189FB025FA,,0,0,,,,,,25.0837,81.080581,FIU,E76930,FIU,WMD,WMD,2,BA,CA,,AB70906,11/15/06 10:11,EPA 353.3,,631,,Exceded Batch Size Exceded Batch Size
FLAB25,FLAB,11/7/06,SAMP,MON,SA,G,,0,,18,NITRATE+NITRITE-N,NOX,0.00414,"I,J5,Y",yes,0.00414,,1,0.00238,0.01344,,mg/L,3,N,A,FB189FB025FB,,0,0,,,,,,25.0837,81.080581,FIU,E76930,FIU,WMD,WMD,2,BA,CA,,AB70907,11/15/06 10:11,EPA 353.3,,631,,Exceded Batch Size Exceded Batch Size
FLAB25,FLAB,12/3/06,SAMP,MON,SA,G,,0,,18,NITRATE+NITRITE-N,NOX,0.01506,"J5,Y",yes,0.01506,,1,0.00238,0.01344,,mg/L,3,N,A,FB190FB025FA,,0,0,,,,,,25.0837,81.080581,FIU,E76930,FIU,WMD,WMD,2,BA,CA,,ab72226,12/15/06 12:03,EPA 353.3,,631,,Exceded Batch Size Exceded Batch Size
FLAB25,FLAB,12/3/06,SAMP,MON,SA,G,,0,,18,NITRATE+NITRITE-N,NOX,0.01553,"J5,Y",yes,0.01553,,1,0.00238,0.01344,,mg/L,3,N,A,FB190FB025FB,,0,0,,,,,,25.0837,81.080581,FIU,E76930,FIU,WMD,WMD,2,BA,CA,,ab72227,12/15/06 12:03,EPA 353.3,,631,,Exceded Batch Size Exceded Batch Size
FLAB25,FLAB,1/11/07,SAMP,MON,SA,G,,0,,18,NITRATE+NITRITE-N,NOX,0.00275,"I,J5,Y",yes,0.00275,,1,0.00238,0.01344,,mg/L,3,N,A,FB191FB025FA,,0,0,,,,,,25.0837,81.080581,FIU,E76930,FIU,WMD,WMD,2,BA,CA,,ab74882,1/26/07 11:52,EPA 353.3,,631,,Exceded Batch Size Exceded Batch Size
FLAB25,FLAB,1/11/07,SAMP,MON,SA,G,,0,,18,NITRATE+NITRITE-N,NOX,0.00298,"I,J5,Y",yes,0.00298,,1,0.00238,0.01344,,mg/L,3,N,A,FB191FB025FB,,0,0,,,,,,25.0837,81.080581,FIU,E76930,FIU,WMD,WMD,2,BA,CA,,ab74883,1/26/07 11:52,EPA 353.3,,631,,Exceded Batch Size Exceded Batch Size
FLAB25,FLAB,2/7/07,SAMP,MON,SA,G,,0,,18,NITRATE+NITRITE-N,NOX,0.00238,"U,J5,Y",yes,-0.00238,,1,0.00238,0.01344,,mg/L,3,Y,A,FB192FB025FB,,0,0,,,,,,25.0837,81.080581,FIU,E76930,FIU,WMD,WMD,2,BA,CA,,AB76781,2/12/07 8:56,EPA 353.3,,631,,Exceded Batch Size Exceded Batch Size
FLAB25,FLAB,2/7/07,SAMP,MON,SA,G,,0,,18,NITRATE+NITRITE-N,NOX,0.00238,"U,J5,Y",yes,-0.00238,,1,0.00238,0.01344,,mg/L,3,Y,A,FB192FB025FA,,0,0,,,,,,25.0837,81.080581,FIU,E76930,FIU,WMD,WMD,2,BA,CA,,AB76780,2/12/07 8:56,EPA 353.3,,631,,Exceded Batch Size Exceded Batch Size
FLAB25,FLAB,3/12/07,SAMP,MON,SA,G,,0,,18,NITRATE+NITRITE-N,NOX,0.00238,"U,J5,Y",yes,-0.00238,,1,0.00238,0.01344,,mg/L,3,Y,A,FB193FB025FB,,0,0,,,,,,25.0837,81.080581,FIU,E76930,FIU,WMD,WMD,2,BA,CA,,AB78031,4/2/07 7:52,EPA 353.3,,631,,Exceded Batch Size
FLAB25,FLAB,3/12/07,SAMP,MON,SA,G,,0,,18,NITRATE+NITRITE-N,NOX,0.00238,"U,J5,Y",yes,-0.00238,,1,0.00238,0.01344,,mg/L,3,Y,A,FB193FB025FA,,0,0,,,,,,25.0837,81.080581,FIU,E76930,FIU,WMD,WMD,2,BA,CA,,AB78030,4/2/07 7:52,EPA 353.3,,631,,Exceded Batch Size
FLAB25,FLAB,4/3/07,SAMP,MON,SA,G,,0,,18,NITRATE+NITRITE-N,NOX,0.00238,"U,J5,Y",yes,-0.00238,,1,0.00238,0.01344,,mg/L,3,Y,A,FB194FB025FB,,0,0,,,,,,25.0837,81.080581,FIU,E76930,FIU,WMD,WMD,2,BA,CA,,AB79056,4/11/07 9:32,EPA 353.3,,631,,Exceded Batch Size
FLAB25,FLAB,4/3/07,SAMP,MON,SA,G,,0,,18,NITRATE+NITRITE-N,NOX,0.00375,"I,J5,Y",yes,0.00375,,1,0.00238,0.01344,,mg/L,3,N,A,FB194FB025FA,,0,0,,,,,,25.0837,81.080581,FIU,E76930,FIU,WMD,WMD,2,BA,CA,,AB79055,4/11/07 9:32,EPA 353.3,,631,,Exceded Batch Size
FLAB25,FLAB,5/1/07,SAMP,MON,SA,G,,0,,18,NITRATE+NITRITE-N,NOX,0.00416,"I,J5,Y",yes,0.00416,,1,0.00238,0.01344,,mg/L,3,N,A,FB195FB025FA,,0,0,,,,,,25.0837,81.080581,FIU,E76930,FIU,WMD,WMD,2,BA,CA,,AB82116,5/9/07 10:18,EPA 353.3,,631,,Exceded Batch Size Exceded Batch Size
FLAB25,FLAB,5/1/07,SAMP,MON,SA,G,,0,,18,NITRATE+NITRITE-N,NOX,0.00403,"I,J5,Y",yes,0.00403,,1,0.00238,0.01344,,mg/L,3,N,A,FB195FB025FB,,0,0,,,,,,25.0837,81.080581,FIU,E76930,FIU,WMD,WMD,2,BA,CA,,AB82117,5/9/07 10:18,EPA 353.3,,631,,Exceded Batch Size Exceded Batch Size
FLAB25,FLAB,6/6/07,SAMP,MON,SA,G,,0,,18,NITRATE+NITRITE-N,NOX,0.00238,"U,Q,J5,J,Y",yes,-0.00238,,1,0.00238,0.01344,,mg/L,3,Y,A,FB196FB025FA,,0,0,,,,,,25.0837,81.080581,FIU,E76930,FIU,WMD,WMD,2,BA,CA,,AB84015,7/6/07 13:26,EPA 353.3,,631,,Sampling to Analysis Holding Time Exceeded. Exceded Batch Size Exceded Batch Size Re-Run & HT Over 30 d
FLAB25,FLAB,6/6/07,SAMP,MON,SA,G,,0,,18,NITRATE+NITRITE-N,NOX,0.00238,"U,Q,J5,J,Y",yes,-0.00238,,1,0.00238,0.01344,,mg/L,3,Y,A,FB196FB025FB,,0,0,,,,,,25.0837,81.080581,FIU,E76930,FIU,WMD,WMD,2,BA,CA,,AB84016,7/6/07 13:26,EPA 353.3,,631,,Sampling to Analysis Holding Time Exceeded. Exceded Batch Size Exceded Batch Size Re-Run & HT Over 30 d
FLAB25,FLAB,7/3/07,SAMP,MON,SA,G,,0,,18,NITRATE+NITRITE-N,NOX,0.00337,"A,I,Y",yes,0.00337,,1,0.00238,0.01,,mg/L,3,N,A,FB197FB025FB,,0,0,,,,,,25.0837,81.080581,FIU,E76930,FIU,WMD,WMD,2,BA,CA,,AB85595,7/9/07 8:41,EPA 353.3,,631,,
FLAB25,FLAB,7/3/07,SAMP,MON,SA,G,,0,,18,NITRATE+NITRITE-N,NOX,0.0057,"A,I,Y",yes,0.0057,,1,0.00238,0.01,,mg/L,3,N,A,FB197FB025FA,,0,0,,,,,,25.0837,81.080581,FIU,E76930,FIU,WMD,WMD,2,BA,CA,,AB85594,7/9/07 8:41,EPA 353.3,,631,,
FLAB25,FLAB,8/7/07,SAMP,MON,SA,G,,0,,18,NITRATE+NITRITE-N,NOX,0.00249,"A,I,J,Y",yes,0.00249,,1,0.00238,0.01,,mg/L,3,N,A,FB198FB025FB,,0,0,,,,,,25.0837,81.080581,FIU,E76930,FIU,WMD,WMD,2,BA,CA,,AB89052,8/20/07 9:05,EPA 353.3,,631,,V
FLAB25,FLAB,8/7/07,SAMP,MON,SA,G,,0,,18,NITRATE+NITRITE-N,NOX,0.00238,"A,U,Y",yes,-0.00238,,1,0.00238,0.01,,mg/L,3,Y,A,FB198FB025FA,,0,0,,,,,,25.0837,81.080581,FIU,E76930,FIU,WMD,WMD,2,BA,CA,,AB89051,8/20/07 9:05,EPA 353.3,,631,,
FLAB25,FLAB,9/5/07,SAMP,MON,SA,G,,0,,18,NITRATE+NITRITE-N,NOX,0.00628,"A,I,Y",yes,0.00628,,1,0.00238,0.01,,mg/L,3,N,A,FB199FB025FA,,0,0,,,,,,25.0837,81.080581,FIU,E76930,FIU,WMD,WMD,2,BA,CA,,AB90722,9/18/07 10:06,EPA 353.3,,631,,
FLAB25,FLAB,9/5/07,SAMP,MON,SA,G,,0,,18,NITRATE+NITRITE-N,NOX,0.01,"A,Y",yes,0.01,,1,0.00238,0.01,,mg/L,3,N,A,FB199FB025FB,,0,0,,,,,,25.0837,81.080581,FIU,E76930,FIU,WMD,WMD,2,BA,CA,,AB90723,9/18/07 10:06,EPA 353.3,,631,,
FLAB25,FLAB,10/4/07,SAMP,MON,SA,G,,0,,18,NITRATE+NITRITE-N,NOX,0.00238,"A,U,J5,Y",yes,-0.00238,,1,0.00238,0.01344,,mg/L,3,Y,A,FB200FB025,,0,0,,,,,,25.0837,81.080581,FIU,E76930,FIU,WMD,WMD,2,BA,CA,,AB92301,10/11/07 9:30,EPA 353.3,,631,,Exceded Batch Size; filtered through 0.7 microns
FLAB25,FLAB,11/6/07,SAMP,MON,SA,G,,0,,18,NITRATE+NITRITE-N,NOX,0.08955,"A,J5,Y",yes,0.08955,,1,0.00238,0.01344,,mg/L,3,N,A,FB201FB025,,0,0,,,,,,25.0837,81.080581,FIU,E76930,FIU,WMD,WMD,2,BA,CA,,ab93895,11/27/07 9:01,EPA 353.3,,631,,Exceded Batch Size; filtered through 0.7 microns
FLAB25,FLAB,12/7/07,SAMP,MON,SA,G,,0,,18,NITRATE+NITRITE-N,NOX,0.00295,"A,I,J5,Y",yes,0.00295,,1,0.00238,0.01344,,mg/L,3,N,A,FB202FB025,,0,0,,,,,,25.0837,81.080581,FIU,E76930,FIU,WMD,WMD,2,BA,CA,,AB94313,12/18/07 10:18,EPA 353.3,,631,,Exceded Batch Size; filtered through 0.7 microns
FLAB25,FLAB,1/9/08,SAMP,MON,SA,G,,0,,18,NITRATE+NITRITE-N,NOX,0.00392,"U,Y",yes,-0.00392,,1,0.00392,0.01344,,mg/L,3,Y,A,FB203FB025,,0,0,,,,,,25.0837,81.080581,FIU,E76930,FIU,WMD,WMD,2,BA,CA,,AB95224,1/24/08 9:15,EPA 353.3,,631,,
FLAB25,FLAB,2/8/08,SAMP,MON,SA,G,,0,,18,NITRATE+NITRITE-N,NOX,0.00392,"U,J5,Y",yes,-0.00392,,1,0.00392,0.01344,,mg/L,3,Y,A,FB204FB025,,0,0,,,,,,25.0837,81.080581,FIU,E76930,FIU,WMD,WMD,2,BA,CA,,AB95739,2/13/08 9:30,EPA 353.3,,631,,Exceded Batch Size
FLAB25,FLAB,3/5/08,SAMP,MON,SA,G,,0,,18,NITRATE+NITRITE-N,NOX,0.00392,"U,Y",yes,-0.00392,,1,0.00392,0.01344,,mg/L,3,Y,A,FB205FB025,,0,0,,,,,,25.0837,81.080581,FIU,E76930,FIU,WMD,WMD,2,BA,CA,,AB95987,3/11/08 9:17,EPA 353.3,,631,,
FLAB25,FLAB,4/2/08,SAMP,MON,SA,G,,0,,18,NITRATE+NITRITE-N,NOX,0.00392,"U,J5,Y",yes,-0.00392,,1,0.00392,0.01344,,mg/L,3,Y,A,FB206FB025,,0,0,,,,,,25.0837,81.080581,FIU,E76930,FIU,WMD,WMD,2,BA,CA,4/2/08 12:50,AB96576,4/3/08 9:49,EPA 353.3,,631,,Missing MS
FLAB25,FLAB,5/7/08,SAMP,MON,SA,G,,0,,18,NITRATE+NITRITE-N,NOX,0.00392,"U,J5,Y",yes,-0.00392,,1,0.00392,0.01344,,mg/L,3,Y,A,FB207FB025,,0,0,,,,,,25.0837,81.080581,FIU,E76930,FIU,WMD,WMD,2,BA,CA,5/7/08 10:18,AB97320,5/9/08 8:37,EPA 353.3,,631,,Missing MS
FLAB25,FLAB,6/4/08,SAMP,MON,SA,G,,0,,18,NITRATE+NITRITE-N,NOX,0.00392,"U,J5,Y",yes,-0.00392,,1,0.00392,0.01344,,mg/L,3,Y,A,FB208FB025,,0,0,,,,,,25.0837,81.080581,FIU,E76930,FIU,WMD,WMD,2,BA,CA,6/4/08 10:56,AB97884,6/7/08 12:50,EPA 353.3,,631,,Missing MS
FLAB25,FLAB,1/7/09,SAMP,MON,SA,G,,0.5,,18,NITRATE+NITRITE-N,NOX,0.005,U,,-0.005,,1,0.005,0.02,0.005,mg/L,3,Y,A,P42963-9,,1,2,,,3.3,,,25.0837,81.080581,FWEC,E46077,WMD,WMD,WMD,2,BA,NO,1/8/09 9:36,16142009,1/9/09 16:28,SM4500NO3F,,00631,light winds and light chop.  Sample with no visable solids.  Low incoming flow.  good deal of plant matter/alga observed in water column.,
FLAB25,FLAB,2/12/09,SAMP,MON,SA,G,,0.5,,18,NITRATE+NITRITE-N,NOX,0.005,U,,-0.005,,1,0.005,0.02,0.005,mg/L,3,Y,A,P42978-6,,1,2,,,2.4,,,25.0837,81.080581,FWEC,E46077,WMD,WMD,WMD,2,BA,NO,2/12/09 15:47,16157006,2/13/09 15:47,SM4500NO3F,,00631,Very calm conditions.  No wind and very little flow.  Sample clear.,
FLAB25,FLAB,3/16/09,SAMP,MON,SA,G,,0.5,,18,NITRATE+NITRITE-N,NOX,0.005,U,,-0.005,,1,0.005,0.02,0.005,mg/L,3,Y,A,P43361-6,,1,3,,,3.15,,,25.0837,81.080581,FWEC,E46077,WMD,WMD,WMD,2,BA,NO,3/17/09 10:29,16639006,3/23/09 10:37,SM4500NO3F,,00631,Increasing clouds and increasing winds.  light chop.  Sample clear.,
FLAB25,FLAB,4/20/09,SAMP,MON,SA,G,,0.5,,18,NITRATE+NITRITE-N,NOX,0.005,U,,-0.005,,1,0.005,0.02,0.005,mg/L,3,Y,A,P43542-6,,1,3,,,3.9,,,25.0837,81.080581,FWEC,E46077,WMD,WMD,WMD,2,BA,NO,4/21/09 9:50,16865006,4/22/09 14:32,SM4500NO3F,,00631,choppy conditions with medium swell. Sample clear of solids.,
FLAB25,FLAB,5/18/09,SAMP,MON,SA,G,,0.5,,18,NITRATE+NITRITE-N,NOX,0.005,U,,-0.005,,1,0.005,0.02,0.005,mg/L,3,Y,A,P43936-6,,1,3,,,3.8,,,25.0837,81.080581,FWEC,E46077,WMD,WMD,WMD,2,BA,NO,5/19/09 9:50,17327006,5/21/09 11:06,SM4500NO3F,,00631,Strog wind and moderate chop.  Sample clear,
FLAB25,FLAB,6/11/09,SAMP,MON,SA,G,,0.5,,18,NITRATE+NITRITE-N,NOX,0.005,U,,-0.005,,1,0.005,0.02,0.005,mg/L,3,Y,A,P43955-6,,1,2,,,2.9,,,25.0837,81.080581,FWEC,E46077,WMD,WMD,WMD,2,BA,NO,6/11/09 16:09,17348006,6/15/09 15:05,SM4500NO3F,,00631,Calm conditions.  Sample clear of solids.,
FLAB25,FLAB,7/20/09,SAMP,MON,SA,G,,0.5,,18,NITRATE+NITRITE-N,NOX,0.005,U,,-0.005,,1,0.005,0.02,0.005,mg/L,3,Y,A,P44584-6,,1,2,,,3.71,,,25.0837,81.080581,FWEC,E46077,WMD,WMD,WMD,2,BA,NO,7/21/09 10:16,18191020,7/27/09 11:00,SM4500NO3F,,00631,"sample clear, no solids.  strong incoming flow.  calm seas. sunny, temp 95-97 degrees F.",
FLAB25,FLAB,8/17/09,SAMP,MON,SA,G,,0.5,,18,NITRATE+NITRITE-N,NOX,0.005,U,,-0.005,,1,0.005,0.02,0.005,mg/L,3,Y,A,P44716-6,,1,2,,,3.9,,,25.0837,81.080581,FWEC,E46077,WMD,WMD,WMD,2,BA,NO,8/18/09 11:13,18361017,8/24/09 11:54,SM4500NO3F,,00631,"Sample clear, no visible solids.  Slight sediment in sample bucket.  Seaweed on surface. Very rough conditions.  Seas 4-4, wind 20 knots.  Sunny with some cloud coverage.  Temperature low to mid 90's degrees F.",
FLAB25,FLAB,9/15/09,SAMP,MON,SA,G,,0.5,,18,NITRATE+NITRITE-N,NOX,0.005,U,,-0.005,,1,0.005,0.02,0.005,mg/L,3,Y,A,P45421-8,,1,2,,,3.8,,,25.0837,81.080581,FWEC,E46077,WMD,WMD,WMD,2,BA,NO,9/16/09 10:46,19266008,9/17/09 13:40,SM4500NO3F,,00631,"Sample clear, with low solids.  Some sediment in sample bucket.  Moderate incoming flow, light chop on water.  Soem seagrass floating on water surface.",
FLAB25,FLAB,10/12/09,SAMP,MON,SA,G,,0.5,,18,NITRATE+NITRITE-N,NOX,0.005,U,,-0.005,,1,0.005,0.02,0.005,mg/L,3,Y,A,P45906-6,,1,2,,,3.2,,,25.0837,81.080581,FWEC,E46077,WMD,WMD,WMD,2,BA,NO,10/13/09 9:43,19878006,10/16/09 12:07,SM4500NO3F,,00631,Sample clear with no visible solids. Moderate flow. 2.5' chop on water's surface with winds approx. 15-20 mph.,
FLAB25,FLAB,11/12/09,SAMP,MON,SA,G,,0.5,,18,NITRATE+NITRITE-N,NOX,0.012,I,,0.012,,1,0.005,0.02,0.005,mg/L,3,N,A,P46183-11,,1,4,,,3.9,,,25.0837,81.080581,FWEC,E46077,WMD,WMD,WMD,2,BA,NO,11/13/09 10:04,20232011,11/17/09 13:15,SM4500NO3F,,00631,"Sample pale yellow-green, with low solids.  Very choppy, seas 3-4, strong incoming flow. Winds 20 mph.",
FLAB25,FLAB,12/7/09,SAMP,MON,SA,G,,0.5,m,18,NITRATE+NITRITE-N,NOX,0.005,U,,-0.005,,1,0.005,0.02,0.005,mg/L,3,Y,A,P46552-6,,1,1,,,,,,25.0837,81.080581,FWEC,E46077,WMD,WMD,WMD,2,BA,NO,12/8/09 10:37,20736006,12/9/09 16:26,SM4500NO3F,,00631,"Sample clear, no visible solids.  Low flow.  Moderate chop.  Winds 5-10 mph.",
FLAB25,FLAB,1/11/10,SAMP,MON,SA,G,,0.5,m,18,NITRATE+NITRITE-N,NOX,0.005,U,,-0.005,,1,0.005,0.02,0.005,mg/L,3,Y,A,P46793-2,,1,1,,,,,,25.0837,81.080581,FWEC,E46077,WMD,WMD,WMD,2,BA,NO,1/12/10 11:13,21031002,1/14/10 11:27,SM4500NO3F,,631,"Sample cloudy pale yellow, with medium solids.  Strong incoming flow. Rough seas 2-3 feet.  Winds 15-20mph.  Water temperatures below 10 degrees C. WARNING: TEMP exceeds QC limit of 10 to 35 Celsius",
FLAB25,FLAB,2/8/10,SAMP,MON,SA,G,,0.5,m,18,NITRATE+NITRITE-N,NOX,0.005,U,,-0.005,,1,0.005,0.02,0.005,mg/L,3,Y,A,P47183-2,,1,3,,,,,,25.0837,81.080581,FWEC,E46077,WMD,WMD,WMD,2,BA,NO,2/9/10 12:49,21666002,2/11/10 12:15,SM4500NO3F,,00631,"Sample clear, no visible solids.  Low flow.  Slight chop on water. Winds 5-10mph.",
FLAB25,FLAB,3/8/10,SAMP,MON,SA,G,,0.5,m,18,NITRATE+NITRITE-N,NOX,0.005,U,,-0.005,,1,0.005,0.02,0.005,mg/L,3,Y,A,P47472-2,,1,1,,,,,,25.0837,81.080581,FWEC,E46077,WMD,WMD,WMD,2,BA,NO,3/9/10 10:29,22046002,3/10/10 14:48,SM4500NO3F,,00631,"Sample pale green with no visible solids. Calm conditions, with minimal chop.  Low flow.  FCEB taken at this station.",
FLAB25,FLAB,4/13/10,SAMP,MON,SA,G,,0.5,m,18,NITRATE+NITRITE-N,NOX,0.005,U,,-0.005,,1,0.005,0.02,0.005,mg/L,3,Y,A,P47829-9,,1,1,,,,,,25.0837,81.080581,FWEC,E46077,WMD,WMD,WMD,2,BA,NO,4/15/10 9:04,22511009,4/20/10 10:40,SM4500NO3F,,00631,"Sample pale green, low solids.  Moderate flow.  Water choppy, seas 1-2 feet.  Winds 10-12mph.",
FLAB25,FLAB,5/10/10,SAMP,MON,SA,G,,0.5,m,18,NITRATE+NITRITE-N,NOX,0.005,U,,-0.005,,1,0.005,0.02,0.005,mg/L,3,Y,A,P48081-2,,1,1,,,,,,25.0837,81.080581,FWEC,E46077,WMD,WMD,WMD,2,BA,NO,5/11/10 10:36,22817002,5/12/10 14:31,SM4500NO3F,,00631,"Sample clear, no visible solids.  Water very choppy, 2-3 foot seas.  Moderate flow.  Winds 15-18mph.",
FLAB25,FLAB,6/8/10,SAMP,MON,SA,G,,0.5,m,18,NITRATE+NITRITE-N,NOX,0.005,U,,-0.005,,1,0.005,0.02,0.005,mg/L,3,Y,A,P48380-8,,1,2,,,,,,25.0837,81.080581,FWEC,E46077,WMD,WMD,WMD,2,BA,NO,6/9/10 12:12,23194008,6/15/10 9:57,SM4500NO3F,,00631,Sample is light green with low suspended solids present. Strong flow with light chop up to 8 inch and constant winds up 6 mph.,
FLAB25,FLAB,7/20/10,SAMP,MON,SA,G,,0.5,m,18,NITRATE+NITRITE-N,NOX,0.005,U,,-0.005,,1,0.005,0.02,0.005,mg/L,3,Y,A,P48679-2,,1,1,,,,,,25.0837,81.080581,FWEC,E46077,WMD,WMD,WMD,2,BA,NO,7/21/10 11:25,23536002,7/22/10 16:11,SM4500NO3F,,00631,"Sample light green, low solids.  Seas choppy, 2-3 feet.  Winds 15-20mph.  Strong incoming flow.",
FLAB25,FLAB,8/16/10,SAMP,MON,SA,G,,0.5,m,18,NITRATE+NITRITE-N,NOX,0.005,U,,-0.005,,1,0.005,0.02,0.005,mg/L,3,Y,A,P48893-2,,1,2,,,,,,25.0837,81.080581,FWEC,E46077,WMD,WMD,WMD,2,BA,NO,8/17/10 10:08,23830002,8/23/10 10:52,SM4500NO3F,,00631,"Sample pale green, with medium solids.  Low flow.  Calm water, minimal chop. Winds 2-5mph.",
FLAB25,FLAB,9/22/10,SAMP,MON,SA,G,,0.5,m,18,NITRATE+NITRITE-N,NOX,0.005,U,,-0.005,,1,0.005,0.02,0.005,mg/L,3,Y,A,P49172-8,,1,1,,,,,,25.0837,81.080581,FWEC,E46077,WMD,WMD,WMD,2,BA,NO,9/23/10 11:08,24186008,9/27/10 16:36,SM4500NO3F,,00631,"Sample light green, low solids.  Minimal chop, 1 foot seas.  Moderate incoming flow.  Winds 5mph, with 8mph gusts.",
FLAB25,FLAB,10/19/10,SAMP,MON,SA,G,,0.5,m,18,NITRATE+NITRITE-N,NOX,0.005,U,,-0.005,,1,0.005,0.02,0.005,mg/L,3,Y,A,P49628-2,,1,1,,,,,,25.0837,81.080581,FWEC,E46077,WMD,WMD,WMD,2,BA,NO,10/20/10 11:05,24783002,10/26/10 14:41,SM4500NO3F,,00631,"Sample light green, low solids.  Low flow.  Calm water, light chop.  Winds 0-2mph.",
FLAB25,FLAB,11/16/10,SAMP,MON,SA,G,,0.5,m,18,NITRATE+NITRITE-N,NOX,0.005,U,,-0.005,,1,0.005,0.02,0.005,mg/L,3,Y,A,P50070-2,,1,1,,,,,,25.0837,81.080581,FWEC,E46077,WMD,WMD,WMD,2,BA,NO,11/17/10 10:56,25358002,11/19/10 13:53,SM4500NO3F,,00631,"Sample light green, low solids.  Low outgoing flow.  Calm water, minimal chop. Wind 1-2mph.",
FLAB25,FLAB,12/14/10,SAMP,MON,SA,G,,0.5,m,18,NITRATE+NITRITE-N,NOX,0.005,U,,-0.005,,1,0.005,0.02,0.005,mg/L,3,Y,A,P50474-2,,1,1,,,,,,25.0837,81.080581,FWEC,E46077,WMD,WMD,WMD,2,BA,NO,12/15/10 10:14,25855002,12/15/10 16:22,SM4500NO3F,,00631,"Sample pale yellow, medium solids.  Choppy water, 3-4 foot swells.  Winds 10-12mph.  Moderate incoming flow.",
FLAB25,FLAB,1/4/11,SAMP,MON,SA,G,,0.5,m,18,NITRATE+NITRITE-N,NOX,0.005,U,,-0.005,,1,0.005,0.02,0.005,mg/L,3,Y,A,P50635-2,,1,1,,,,,,25.0837,81.080581,FWEC,E46077,WMD,WMD,WMD,2,BA,NO,1/5/11 11:04,26109002,1/11/11 10:08,SM4500NO3F,,00631,"Very low flow at station.  Very low to no chop.  No wind.  Sample light greenish yellow, moderate solids.",
FLAB25,FLAB,2/17/11,SAMP,MON,SA,G,,0.5,m,18,NITRATE+NITRITE-N,NOX,0.005,U,,-0.005,,1,0.005,0.02,0.005,mg/L,3,Y,A,P50937-2,,0,3,,,,,,25.0837,81.080581,WMD,E46077,WMD,WMD,WMD,2,BA,NO,2/18/11 13:41,26504002,2/23/11 15:33,SM4500NO3F,,00631,"Wind E 5-10, Lt chop",
FLAB25,FLAB,3/15/11,SAMP,MON,SA,G,,0.5,m,18,NITRATE+NITRITE-N,NOX,0.005,U,,-0.005,,1,0.005,0.02,0.005,mg/L,3,Y,A,P51527-9,,1,3,,,,,,25.0837,81.080581,FWEC,E46077,WMD,WMD,WMD,2,BA,NO,3/16/11 10:05,27310009,3/22/11 9:54,SM4500NO3F,,00631,"Sample palm green. Light chop on water, light incoming flow. Wind 0-5mph.",
FLAB25,FLAB,4/6/11,SAMP,MON,SA,G,,0.5,m,18,NITRATE+NITRITE-N,NOX,0.009,"I,J",yes,0.009,,1,0.005,0.02,0.005,mg/L,3,N,A,P52286-9,,1,2,,,,,,25.0837,81.080581,FWEC,E46077,WMD,WMD,WMD,2,BA,NO,4/7/11 11:30,28396009,4/14/11 11:42,SM4500NO3F,,00631,"Sample light green, 10-15mph NE",Analyte detected in field blank and/or associated sample
FLAB25,FLAB,5/4/11,SAMP,MON,SA,G,,0.5,m,18,NITRATE+NITRITE-N,NOX,0.005,I,,0.005,,1,0.005,0.02,0.005,mg/L,3,N,A,P52287-9,,1,1,,,,,,25.0837,81.080581,FWEC,E46077,WMD,WMD,WMD,2,BA,NO,5/5/11 9:36,28398009,5/5/11 17:17,SM4500NO3F,,00631,Sample pale green.  1 foot chop on water.  Winds 5-7 mph. Moderate incoming flow.,
FLAB25,FLAB,6/13/11,SAMP,MON,SA,G,,0.5,m,18,NITRATE+NITRITE-N,NOX,0.005,U,,-0.005,,1,0.005,0.02,0.005,mg/L,3,Y,A,P52281-2,,1,1,,,,,,25.0837,81.080581,FWEC,E46077,WMD,WMD,WMD,2,BA,NO,6/14/11 10:08,28391002,6/16/11 13:08,SM4500NO3F,,00631,Sample is pale green with low suspended sollids present. Moderate incoming tide with westerly winds from 2-6 mph.,
FLAB25,FLAB,7/12/11,SAMP,MON,SA,G,,0.5,m,18,NITRATE+NITRITE-N,NOX,0.005,U,,-0.005,,1,0.005,0.01,0.005,mg/L,3,Y,A,P52282-2,,1,1,,,,,,25.0837,81.080581,FWEC,E46077,WMD,WMD,WMD,2,BA,NO,7/13/11 13:07,28392002,7/18/11 13:01,SM4500NO3F,,00631,Sample is clear with no visible suspended solids present.  Moderate to strong flow with chop up to 1.5 feet and swell up to 2 feet and winds from the southwest at 5 to 10 mph.  SECCHI ON BOTTOM,
FLAB25,FLAB,8/16/11,SAMP,MON,SA,G,,0.5,m,18,NITRATE+NITRITE-N,NOX,0.005,U,,-0.005,,1,0.005,0.01,0.005,mg/L,3,Y,A,P52283-2,,1,1,,,,,,25.0837,81.080581,FWEC,E46077,WMD,WMD,WMD,2,BA,NO,8/17/11 10:32,28393002,8/17/11 15:29,SM4500NO3F,,00631,Sample is pale green with low suspended solids present. Strong flow with light chop up to 1.5 feet and light variable winds from southwest at 6 to 10 mph.,
FLAB25,FLAB,9/12/11,SAMP,MON,SA,G,,0.5,m,18,NITRATE+NITRITE-N,NOX,0.005,U,,-0.005,,1,0.005,0.01,0.005,mg/L,3,Y,A,P52284-2,,0,1,,,,,,25.0837,81.080581,FWEC,E46077,WMD,WMD,WMD,2,BA,NO,9/13/11 10:18,28394002,9/19/11 11:58,SM4500NO3F,,00631,Sample is pale green with low suspended solids present. Light current with mid rising tide and chop up to 2 feet and 5 to 10 mph winds from the east southeast.,
FLAB25,FLAB,10/4/11,SAMP,MON,SA,G,,0.5,m,18,NITRATE+NITRITE-N,NOX,0.005,U,,-0.005,,1,0.005,0.01,0.005,mg/L,3,Y,A,P52285-2,,0,3,,,,,,25.0837,81.080581,WMD,E46077,WMD,WMD,WMD,2,BA,NO,10/5/11 10:35,28395002,10/11/11 11:23,SM4500NO3F,,00631,"Overcast, wind NNE 15-20, seas 1-3",
FLAB25,FLAB,12/6/11,SAMP,MON,SA,G,,0.5,m,18,NITRATE+NITRITE-N,NOX,0.005,U,,-0.005,,1,0.005,0.01,0.005,mg/L,3,Y,A,P54071-2,,0,1,,,,,,25.0837,81.080581,WMD,E46077,WMD,WMD,WMD,2,BA,NO,12/7/11 12:15,30610002,12/9/11 13:09,SM4500NO3F,,00631,"Clear skies,flood tide, wind E 5-10, lt chop",
FLAB25,FLAB,2/1/12,SAMP,MON,SA,G,,0.5,m,18,NITRATE+NITRITE-N,NOX,0.005,U,,-0.005,,1,0.005,0.01,0.005,mg/L,3,Y,A,P55306-1,,0,1,,,,,,25.0837,81.080581,WMD,E46077,WMD,WMD,WMD,2,BA,NO,2/2/12 10:08,32254001,2/8/12 16:06,SM4500NO3F,,00631,"Wind NE 10-15, seas 1-2 ft, flood tide",
FLAB25,FLAB,4/11/12,SAMP,MON,SA,G,,0.5,m,18,NITRATE+NITRITE-N,NOX,0.005,U,,-0.005,,1,0.005,0.01,0.005,mg/L,3,Y,A,P55314-9,,0,2,,,,,,25.0837,81.080581,WMD,E46077,WMD,WMD,WMD,2,BA,NO,4/12/12 10:52,32262009,4/12/12 16:32,SM4500NO3F,,00631,"Wind and seas calm, ebb tide",
FLAB25,FLAB,6/13/12,SAMP,MON,SA,G,,0.5,m,18,NITRATE+NITRITE-N,NOX,0.005,U,,-0.005,+/- 0.005,1,0.005,0.01,0.005,mg/L,3,Y,A,P55929-1,,0,2,,,,,,25.0837,81.080581,WMD,E46077,WMD,WMD,WMD,2,BA,NO,6/13/12 16:02,33112001,6/20/12 16:42,SM4500NO3F,,00631,Calm conditions.  No chop.  Moderate flood tide.  No wind.,
FLAB25,FLAB,8/13/12,SAMP,MON,SA,G,,0.5,m,18,NITRATE+NITRITE-N,NOX,0.005,U,,-0.005,+/- 0.005,1,0.005,0.01,0.005,mg/L,3,Y,A,P56205-1,,0,3,,,,,,25.0837,81.080581,WMD,E46077,WMD,WMD,WMD,2,BA,NO,8/14/12 10:15,33464001,8/16/12 14:47,SM4500NO3F,,00631,SE winds at 5-10 knots.  Light chop with 1-2 foor chop.  Flood tide.,
FLAB25,FLAB,10/11/12,SAMP,MON,SA,G,,0.5,m,18,NITRATE+NITRITE-N,NOX,0.005,I,,0.005,+/- 0.005,1,0.005,0.01,0.005,mg/L,3,N,A,P56209-1,,0,2,,,,,,25.0837,81.080581,WMD,E46077,WMD,WMD,WMD,2,BA,NO,10/11/12 15:43,33468001,10/15/12 13:47,SM4500NO3F,,00631,NE breeze. 1-2 foot chop.  Flood tide.,
FLAB25,FLAB,12/10/12,SAMP,MON,SA,G,,0.5,m,18,NITRATE+NITRITE-N,NOX,0.005,U,,-0.005,,1,0.005,0.01,0.005,mg/L,3,Y,A,P56856-1,,0,2,,,,,,25.0837,81.080581,WMD,E46077,WMD,WMD,WMD,2,BA,NO,12/11/12 10:39,34311001,12/13/12 11:52,SM4500NO3F,,00631,Wind out of the SE 5-7kts. Light wave action.,
FLAB25,FLAB,2/5/13,SAMP,MON,SA,G,,0.5,m,18,NITRATE+NITRITE-N,NOX,0.005,U,,-0.005,+/- 0.005,1,0.005,0.01,0.005,mg/L,3,Y,A,P61818-1,,0,1,,,,,,25.0837,81.080581,WMD,E46077,WMD,WMD,WMD,2,BA,NO,2/6/13 9:38,39392001,2/6/13 16:50,SM4500NO3F,,00631,"Light wind out of the east, less than 5 kts. Less than 1 ft wave action.",
FLAB25,FLAB,4/18/13,SAMP,MON,SA,G,,0.5,m,18,NITRATE+NITRITE-N,NOX,0.005,U,,-0.005,+/- 0.005,1,0.005,0.01,0.005,mg/L,3,Y,A,P61819-1,,0,4,,,,,,25.0837,81.080581,WMD,E46077,WMD,WMD,WMD,2,PD,NO,4/18/13 15:12,39393001,4/29/13 11:19,SM4500NO3F,,00631,ESE winds 10-15 kts. Waves 1.5-2 ft at 2 second period.,
FLAB25,FLAB,6/17/13,SAMP,MON,SA,G,,0.5,m,18,NITRATE+NITRITE-N,NOX,0.005,U,,-0.005,+/- 0.005,1,0.005,0.01,0.005,mg/L,3,Y,A,P63880-1,,0,2,,,,,,25.0837,81.080581,WMD,E46077,WMD,WMD,WMD,2,PD,NO,6/18/13 10:47,40691001,6/26/13 10:15,SM4500NO3F,,00631,"1-2ft chop, wind southeast 10-15,",
FLAB25,FLAB,8/13/13,SAMP,MON,SA,G,,0.5,m,18,NITRATE+NITRITE-N,NOX,0.005,U,,-0.005,+/- 0.005,1,0.005,0.01,0.005,mg/L,3,Y,A,P63881-1,,0,3,,,,,,25.0837,81.080581,WMD,E46077,WMD,WMD,WMD,2,PD,NO,8/13/13 16:32,40692001,8/19/13 12:16,SM4500NO3F,,00631,Light chop on surface. E wind 5-10 kt. Moderate current.,
FLAB25,FLAB,10/28/13,SAMP,MON,SA,G,,0.5,m,18,NITRATE+NITRITE-N,NOX,0.005,U,,-0.005,+/- 0.005,1,0.005,0.01,0.005,mg/L,3,Y,A,P65941-1,,0,2,,,,,,25.0837,81.080581,WMD,E46077,WMD,WMD,WMD,2,PD,NO,10/29/13 7:37,42392001,11/7/13 14:25,SM4500NO3F,,00631,Moderate chop. E wind approx 15 kt. Moderate current.,
FLAB25,FLAB,12/11/13,SAMP,MON,SA,G,,0.5,m,18,NITRATE+NITRITE-N,NOX,0.005,U,,-0.005,+/- 0.005,1,0.005,0.01,0.005,mg/L,3,Y,A,P68531-1,,0,2,,,,,,25.0837,81.080581,WMD,E46077,WMD,WMD,WMD,2,PD,NO,12/11/13 16:43,44202001,12/18/13 14:48,SM4500NO3F,,00631,"Moderate chop, E wind 10-15.",
FLAB25,FLAB,2/26/14,SAMP,MON,SA,G,,0.5,m,18,NITRATE+NITRITE-N,NOX,0.005,U,,-0.005,+/- 0.005,1,0.005,0.01,0.005,mg/L,3,Y,A,P70123-1,,0,1,,,,,,25.0837,81.080581,WMD,E46077,WMD,WMD,WMD,2,PD,NO,2/26/14 15:34,45273001,3/6/14 12:30,SM4500NO3F,,00631,"Glassy smooth water. No noticeable wind, slight incoming tide.",
FLAB25,FLAB,4/7/14,SAMP,MON,SA,G,,0.5,m,18,NITRATE+NITRITE-N,NOX,0.005,U,,-0.005,+/- 0.005,1,0.005,0.01,0.005,mg/L,3,Y,A,P70124-1,,0,1,,,,,,25.0837,81.080581,WMD,E46077,WMD,WMD,WMD,2,PD,NO,4/8/14 9:44,45274001,4/10/14 13:20,SM4500NO3F,,00631,"Moderate chop, 1 to 3 ft due to 15kt SE winds. Sample area contained floating vegetation.",
FLAB25,FLAB,6/9/14,SAMP,MON,SA,G,,0.5,m,18,NITRATE+NITRITE-N,NOX,0.005,U,,-0.005,+/- 0.005,1,0.005,0.01,0.005,mg/L,3,Y,A,P71707-1,,0,2,,,,,,25.0837,81.080581,WMD,E46077,WMD,WMD,WMD,2,PD,NO,6/10/14 10:14,46555001,6/12/14 15:41,SM4500NO3F,,631,"Wind 0-5 kts from the South, <1ft chop, incoming tide.",
FLAB25,FLAB,8/5/14,SAMP,MON,SA,G,,0.5,m,18,NITRATE+NITRITE-N,NOX,0.005,U,,-0.005,+/- 0.005,1,0.005,0.01,0.005,mg/L,3,Y,A,P72712-1,,0,2,,,,,,25.0837,81.080581,WMD,E46077,WMD,WMD,WMD,2,PD,NO,8/6/14 10:14,46928001,8/14/14 16:01,SM4500NO3F,,00631,"Calm conditions, SW winds less than 5 kts. Small amount of single piece turtle and manatee grasses on surface. Water is visibly cloudy, milky. Incoming tide.",
FLAB25,FLAB,10/20/14,SAMP,MON,SA,G,,0.5,m,18,NITRATE+NITRITE-N,NOX,0.005,U,,-0.005,+/- 0.005,1,0.005,0.01,0.005,mg/L,3,Y,A,P74736-1,,0,4,,,,,,25.0837,81.080581,WMD,E46077,WMD,WMD,WMD,2,PD,NO,10/21/14 10:29,48700001,10/30/14 13:41,SM4500NO3F,,00631,"Incoming tide, light chop",
FLAB25,FLAB,12/17/14,SAMP,MON,SA,G,,0.5,m,18,NITRATE+NITRITE-N,NOX,0.005,U,,-0.005,+/- 0.005,1,0.005,0.01,0.005,mg/L,3,Y,A,P74738-1,,0,1,,,,,,25.0837,81.080581,WMD,E46077,WMD,WMD,WMD,2,PD,NO,12/17/14 15:07,48702001,12/30/14 13:08,SM4500NO3F,,00631,"Incoming tide, NE wind 5-10, seas 1-2 feet. Small amount of floating vegetation pieces visible on water surface.",
FLAB25,FLAB,2/16/15,SAMP,MON,SA,G,,0.5,m,18,NITRATE+NITRITE-N,NOX,0.025,,,0.025,+/- 0.005,1,0.005,0.01,0.005,mg/L,3,N,A,P74737-1,,0,2,,,,,,25.0837,81.080581,WMD,E46077,WMD,WMD,WMD,2,PD,NO,2/17/15 16:26,48701001,2/25/15 11:52,SM4500NO3F,,631,"Moderate chop, E wind 10-15",
FLAB25,FLAB,4/13/15,SAMP,MON,SA,G,,0.5,m,18,NITRATE+NITRITE-N,NOX,0.007,I,,0.007,+/- 0.005,1,0.005,0.01,0.005,mg/L,3,N,A,P75445-1,,0,2,,,,,,25.0837,81.080581,WMD,E46077,WMD,WMD,WMD,2,PD,NO,4/14/15 11:19,49159001,4/20/15 14:29,SM4500NO3F,,631,"SE wind 15-20, 2-3 ft chop with white caps",
FLAB25,FLAB,6/9/15,SAMP,MON,SA,G,,0.5,m,18,NITRATE+NITRITE-N,NOX,0.005,U,,-0.005,+/- 0.005,1,0.005,0.01,0.005,mg/L,3,Y,A,P74739-1,,0,1,,,,,,25.0837,81.080581,WMD,E46077,WMD,WMD,WMD,2,PD,NO,6/10/15 10:00,48703001,6/18/15 14:27,SM4500NO3F,,00631,,
FLAB25,FLAB,8/25/15,SAMP,MON,SA,G,,0.5,m,18,NITRATE+NITRITE-N,NOX,0.005,U,,-0.005,+/- 0.005,1,0.005,0.01,0.005,mg/L,3,Y,A,P78245-1,,0,2,,,,,,25.0837,81.080581,WMD,E46077,WMD,WMD,WMD,2,PD,NO,8/26/15 11:35,51480001,9/2/15 13:55,SM4500NO3F,,00631,"Calm seas, winds 0-5mph. High tide.",
FLAB25,FLAB,10/7/15,SAMP,MON,SA,G,,0.5,m,18,NITRATE+NITRITE-N,NOX,0.014,,,0.014,+/- 0.005,1,0.005,0.01,0.005,mg/L,3,N,A,P80870-1,,0,3,,,,,,25.0837,81.080581,WMD,E46077,WMD,WMD,WMD,2,PD,NO,10/7/15 14:57,53692001,10/12/15 15:34,SM4500NO3F,,00631,"1-2 seas, light west winds, light amount of loose vegetation floating on surface. Incoming tide.",
FLAB25,FLAB,1/21/16,SAMP,MON,SA,G,,0.5,m,18,NITRATE+NITRITE-N,NOX,0.005,U,,-0.005,+/- 0.005,1,0.005,0.01,0.005,mg/L,3,Y,A,P82416-1,,0,2,,,,,,25.0837,81.080581,WMD,E46077,WMD,WMD,WMD,2,PD,NO,1/21/16 19:26,54965001,2/3/16 12:05,SM4500NO3F,,00631,"Slight chop, 1 ft or less. Winds 10-15.",
FLAB25,FLAB,2/16/16,SAMP,MON,SA,G,,0.5,m,18,NITRATE+NITRITE-N,NOX,0.005,U,,-0.005,+/- 0.005,1,0.005,0.01,0.005,mg/L,3,Y,A,P82935-1,,0,4,,,,,,25.0837,81.080581,WMD,E46077,WMD,WMD,WMD,2,PD,NO,2/16/16 17:41,55400001,2/25/16 12:27,SM4500NO3F,,00631,"Overcast, west winds 5-10kts, seas 1-2ft, sample area clear.",
FLAB25,FLAB,4/14/16,SAMP,MON,SA,G,,0.5,m,18,NITRATE+NITRITE-N,NOX,0.005,U,,-0.005,+/- 0.005,1,0.005,0.01,0.005,mg/L,3,Y,A,P83568-1,,0,1,,,,,,25.0837,81.080581,WMD,E46077,WMD,WMD,WMD,2,PD,NO,4/14/16 16:26,55991001,4/25/16 10:03,SM4500NO3F,,00631,Light winds out of the SE. Small rolling waves.,
FLAB25,FLAB,6/29/16,SAMP,MON,SA,G,,0.5,m,18,NITRATE+NITRITE-N,NOX,0.005,U,,-0.005,+/- 0.005,1,0.005,0.01,0.005,mg/L,3,Y,A,P84316-1,,0,4,,,,,,25.0837,81.080581,WMD,E46077,WMD,WMD,WMD,2,PD,NO,6/29/16 15:53,56588001,7/5/16 14:12,SM4500NO3F,,00631,"1foot chop observed, wind east 10-15, some floating vegetation on surface, sample collected clear area,",
FLAB25,FLAB,8/25/16,SAMP,MON,SA,G,,0.5,m,18,NITRATE+NITRITE-N,NOX,0.005,U,,-0.005,+/- 0.005,1,0.005,0.01,0.005,mg/L,3,Y,A,P84638-1,,0,3,,,,,,25.0837,81.080581,WMD,E46077,WMD,WMD,WMD,2,PD,NO,8/25/16 15:14,56878001,9/7/16 13:36,SM4500NO3F,,00631,"High tide, E winds 10kts, light chop, sample area clear.",
FLAB25,FLAB,10/24/16,SAMP,MON,SA,G,,0.5,m,18,NITRATE+NITRITE-N,NOX,0.005,U,,-0.005,+/- 0.005,1,0.005,0.01,0.005,mg/L,3,Y,A,P86137-1,,0,3,,,,,,25.0837,81.080581,WMD,E46077,WMD,WMD,WMD,2,PD,NO,10/24/16 16:01,58226001,11/3/16 10:34,SM4500NO3F,,631,"NE winds 15kt, moderate chop, sample area clear otherwise.",
FLAB25,FLAB,12/21/16,SAMP,MON,SA,G,,0.5,m,18,NITRATE+NITRITE-N,NOX,0.005,U,,-0.005,+/- 0.005,1,0.005,0.01,0.005,mg/L,3,Y,A,P86766-1,,0,1,,,,,,25.0837,81.080581,WMD,E46077,WMD,WMD,WMD,2,PD,NO,12/21/16 16:26,58611001,1/11/17 10:26,SM4500NO3F,,00631,"NE winds 10-15 kts, moderate chop, sample area clear.",
FLAB25,FLAB,2/20/17,SAMP,MON,SA,G,,0.5,m,18,NITRATE+NITRITE-N,NOX,0.005,U,,-0.005,+/- 0.005,1,0.005,0.01,0.005,mg/L,3,Y,A,P87700-1,,0,2,,,,,,25.0837,81.080581,WMD,E46077,WMD,WMD,WMD,2,PD,NO,2/20/17 16:54,59456001,2/22/17 14:24,SM4500NO3F,,00631,"NE winds 10-15 kts, waters moderate chop, light amount of loose sea grass on surface.",
FLAB25,FLAB,4/20/17,SAMP,MON,SA,G,,0.5,m,18,NITRATE+NITRITE-N,NOX,0.009,I,,0.009,,1,0.005,0.01,0.005,mg/L,3,N,A,P87830-1,,0,5,,,,,,25.0837,81.080581,WMD,E46077,WMD,WMD,WMD,2,PD,NO,4/20/17 18:58,59588001,4/26/17 12:18,SM4500NO3F,,631,"Had 2-4 foot seas, moderate amount of loose sea grass floating on the surface, light rain with 15-20 knot east winds.  Sample collected by DA.",
FLAB25,FLAB,8/1/17,SAMP,MON,SA,G,,0.5,m,18,NITRATE+NITRITE-N,NOX,0.005,U,,-0.005,+/- 0.005,1,0.005,0.01,0.005,mg/L,3,Y,A,P89179-1,,0,0,,,,,,25.0837,81.080581,WMD,E46077,WMD,WMD,WMD,2,PD,NO,8/1/17 16:07,60830001,8/10/17 16:44,SM4500NO3F,,631,"Seas 2-4ft, moderate to heavy chop, heavy amount of loose sea grass and sargassum floating on surface, SW winds 10kts.",
FLAB25,FLAB,10/12/17,SAMP,MON,SA,G,,0.5,m,18,NITRATE+NITRITE-N,NOX,0.013,,,0.013,+/- 0.005,1,0.005,0.01,0.005,mg/L,3,N,A,P88721-1,,0,0,,,,,,25.0837,81.080581,WMD,E46077,WMD,WMD,WMD,2,PD,NO,10/12/17 19:00,60388001,10/18/17 13:30,SM4500NO3F,,00631,,
FLAB25,FLAB,12/13/17,SAMP,MON,SA,G,,0.5,m,18,NITRATE+NITRITE-N,NOX,0.045,,,0.045,+/- 0.006,1,0.005,0.01,0.005,mg/L,3,N,A,P91159-1,,0,0,,,,,,25.0837,81.080581,WMD,E46077,WMD,WMD,WMD,2,PD,NO,12/13/17 16:37,62572001,12/21/17 12:54,SM4500NO3F,,00631,2-4 ft seas. Murky brown water.,
FLAB25,FLAB,2/28/18,SAMP,MON,SA,G,,0.5,m,18,NITRATE+NITRITE-N,NOX,0.012,,,0.012,+/- 0.005,1,0.005,0.01,0.005,mg/L,3,N,A,P92112-1,,0,0,,,,,,25.0837,81.080581,WMD,E46077,WMD,WMD,WMD,2,PD,NO,3/1/18 6:58,63445001,3/1/18 13:59,SM4500NO3F,,631,Moderate chop. Cloudy water.,
FLAB25,FLAB,4/10/18,SAMP,MON,SA,G,,0.5,m,18,NITRATE+NITRITE-N,NOX,0.036,,,0.036,+/- 0.005,1,0.005,0.01,0.005,mg/L,3,N,A,P92872-1,,0,0,,,,,,25.0837,81.080581,WMD,E46077,WMD,WMD,WMD,2,PD,NO,4/11/18 6:42,64061001,4/19/18 13:20,SM4500NO3F,,00631,1- ft seas. Green water. Light dead floating vegetation in area. Avoided during collection,
FLAB25,FLAB,6/7/18,SAMP,MON,SA,G,,0.5,m,18,NITRATE+NITRITE-N,NOX,0.007,I,,0.007,+/- 0.005,1,0.005,0.01,0.005,mg/L,3,N,A,P93694-1,,0,0,,,,,,25.0837,81.080581,WMD,E46077,WMD,WMD,WMD,2,PD,NO,6/7/18 16:24,64892001,6/22/18 11:41,SM4500NO3F,,00631,,
FLAB25,FLAB,8/6/18,SAMP,MON,SA,G,,0.5,m,18,NITRATE+NITRITE-N,NOX,0.005,U,,-0.005,+/- 0.005,1,0.005,0.01,0.005,mg/L,3,Y,A,P94931-1,,0,0,,,,,,25.0837,81.080581,WMD,E46077,WMD,WMD,WMD,2,PD,NO,8/6/18 16:31,65964001,8/9/18 13:50,SM4500NO3F,,00631,Light chop.,
FLAB25,FLAB,10/3/18,SAMP,MON,SA,G,,0.5,m,18,NITRATE+NITRITE-N,NOX,0.005,U,,-0.005,+/- 0.005,1,0.005,0.01,0.005,mg/L,3,Y,A,P95251-1,,0,0,,,,,,25.0837,81.080581,WMD,E46077,WMD,WMD,WMD,2,PD,NO,10/3/18 16:28,66264001,10/12/18 11:37,SM4500NO3F,,631,suspended solids in water column,
FLAB25,FLAB,12/17/18,SAMP,MON,SA,G,,0.5,m,18,NITRATE+NITRITE-N,NOX,0.007,I,,0.007,+/- 0.005,1,0.005,0.01,0.005,mg/L,3,N,A,P96720-1,,0,0,,,,,,25.0837,81.080581,WMD,E46077,WMD,WMD,WMD,2,BA,NO,12/18/18 8:19,67436001,12/20/18 14:47,SM4500NO3F,,00631,Moderately choppy in water column.,
FLAB25,FLAB,2/26/19,SAMP,MON,SA,G,,0.5,m,18,NITRATE+NITRITE-N,NOX,0.035,,,0.035,+/- 0.005,1,0.005,0.01,0.005,mg/L,3,N,A,P102448-2,,0,0,,,,,,25.0837,81.080581,WMD,E46077,WMD,WMD,WMD,2,BA,NO,2/27/19 8:00,69631002,3/8/19 12:22,SM4500NO3F,,631,,
FLAB25,FLAB,4/15/19,SAMP,MON,SA,G,,0.5,m,18,NITRATE+NITRITE-N,NOX,0.019,,,0.019,+/- 0.005,1,0.005,0.01,0.005,mg/L,3,N,A,P103834-2,,0,0,,,,,,25.0837,81.080581,WMD,E46077,WMD,WMD,WMD,2,BA,NO,4/15/19 17:17,70212002,5/6/19 11:55,SM4500NO3F,,00631,,
FLAB25,FLAB,6/11/19,SAMP,MON,SA,G,,0.5,m,18,NITRATE+NITRITE-N,NOX,0.008,I,,0.008,+/- 0.005,1,0.005,0.01,0.005,mg/L,3,N,A,P106284-2,,0,0,,,,,,25.0837,81.080581,WMD,E46077,WMD,WMD,WMD,2,BA,NO,6/11/19 16:05,71256002,6/17/19 13:34,SM4500NO3F,,00631,,
FLAB25,FLAB,8/8/19,SAMP,MON,SA,G,,0.5,m,18,NITRATE+NITRITE-N,NOX,0.005,U,,-0.005,+/- 0.005,1,0.005,0.01,0.005,mg/L,3,Y,A,P109207-2,,0,0,,,,,,25.0837,81.080581,WMD,E46077,WMD,WMD,WMD,2,BA,NO,8/9/19 8:38,72380002,8/16/19 14:24,SM4500NO3F,,00631,"Heavy suspended solids visible in top layer of water column, but not present in sample.",
FLAB25,FLAB,10/8/19,SAMP,MON,SA,G,,0.5,m,18,NITRATE+NITRITE-N,NOX,0.005,U,,-0.005,+/- 0.005,1,0.005,0.01,0.005,mg/L,3,Y,A,P109898-2,,0,0,,,,,,25.0837,81.080581,WMD,E46077,WMD,WMD,WMD,2,BA,NO,10/8/19 16:32,72718002,10/15/19 14:51,SM4500NO3F,,631,,
FLAB25,FLAB,12/5/19,SAMP,MON,SA,G,,0.5,m,18,NITRATE+NITRITE-N,NOX,0.005,U,,-0.005,+/- 0.005,1,0.005,0.01,0.005,mg/L,3,Y,A,P110697-2,,0,0,,,,,,25.0837,81.080581,WMD,E46077,WMD,WMD,WMD,2,BA,NO,12/6/19 9:11,73095002,12/13/19 11:32,SM4500NO3F,,00631,,
FLAB25,FLAB,2/3/20,SAMP,MON,SA,G,,0.5,m,18,NITRATE+NITRITE-N,NOX,0.005,U,,-0.005,+/- 0.005,1,0.005,0.01,0.005,mg/L,3,Y,A,P110713-2,,0,0,,,,,,25.0837,81.080581,WMD,E46077,WMD,WMD,WMD,2,BA,NO,2/4/20 7:43,73108002,2/11/20 12:17,SM4500NO3F,,631,,
FLAB25,FLAB,4/1/20,SAMP,MON,SA,G,,0.5,m,18,NITRATE+NITRITE-N,NOX,0.005,U,,-0.005,+/- 0.005,1,0.005,0.01,0.005,mg/L,3,Y,A,P110719-2,,0,0,,,,,,25.0837,81.080581,WMD,E46077,WMD,WMD,WMD,2,BA,NO,4/1/20 16:12,73114002,4/7/20 16:50,SM4500NO3F,,00631,Murky brown water.,
FLAB25,FLAB,6/1/20,SAMP,MON,SA,G,,0.5,m,18,NITRATE+NITRITE-N,NOX,0.005,U,,-0.005,+/- 0.005,1,0.005,0.01,0.005,mg/L,3,Y,A,P111041-2,,0,0,,,,,,25.0837,81.080581,WMD,E46077,WMD,WMD,WMD,2,BA,NO,6/1/20 16:40,73264002,6/15/20 11:20,SM4500NO3F,,00631,,
FLAB25,FLAB,8/13/20,SAMP,MON,SA,G,,0.5,m,18,NITRATE+NITRITE-N,NOX,0.005,U,,-0.005,+/- 0.005,1,0.005,0.01,0.005,mg/L,3,Y,A,P111104-2,,0,0,,,,,,25.0837,81.080581,WMD,E46077,WMD,WMD,WMD,2,BA,NO,8/14/20 8:30,73302002,8/21/20 8:15,SM4500NO3F,,00631,,
FLAB25,FLAB,10/12/20,SAMP,MON,SA,G,,0.5,m,18,NITRATE+NITRITE-N,NOX,0.005,U,,-0.005,+/- 0.005,1,0.005,0.01,0.005,mg/L,3,Y,A,P118766-2,,0,0,,,,,,25.0837,81.080581,WMD,E46077,WMD,WMD,WMD,2,BA,NO,10/13/20 8:46,76829002,10/14/20 15:35,SM4500NO3F,,00631,Vegetative debris present in sampling area.,
FLAB25,FLAB,12/9/20,SAMP,MON,SA,G,,0.5,m,18,NITRATE+NITRITE-N,NOX,0.005,U,,-0.005,+/- 0.005,1,0.005,0.01,0.005,mg/L,3,Y,A,P120347-2,,0,0,,,,,,25.0837,81.080581,WMD,E46077,WMD,WMD,WMD,2,BA,NO,12/10/20 8:58,77553002,12/29/20 13:21,SM4500NO3F,,00631,"Sample area clear, but water was very rough.  Light solids in sample.  Sample collected by CL.",
FLAB25,FLAB,1/7/21,SAMP,MON,SA,G,,0.5,m,18,NITRATE+NITRITE-N,NOX,0.005,U,,-0.005,+/- 0.005,1,0.005,0.01,0.005,mg/L,3,Y,A,P121638-2,,0,0,,,,,,25.0837,81.080581,WMD,E46077,WMD,WMD,WMD,2,BA,NO,1/7/21 15:42,78139002,1/15/21 14:46,SM4500NO3F,,00631,Secchi on bottom,
FLAB25,FLAB,3/17/21,SAMP,MON,SA,G,,0.5,m,18,NITRATE+NITRITE-N,NOX,0.005,U,,-0.005,+/- 0.005,1,0.005,0.01,0.005,mg/L,3,Y,A,P122507-2,,0,0,,,,,,25.0837,81.080581,WMD,E46077,WMD,WMD,WMD,2,BA,NO,3/18/21 7:15,78496002,3/31/21 16:21,SM4500NO3F,,00631,,
FLAB25,FLAB,5/24/21,SAMP,MON,SA,G,,0.5,m,18,NITRATE+NITRITE-N,NOX,0.01,,,0.01,+/- 0.005,1,0.005,0.01,0.005,mg/L,3,N,A,P122517-2,,0,0,,,,,,25.0837,81.080581,WMD,E46077,WMD,WMD,WMD,2,BA,NO,5/24/21 15:47,78500002,5/25/21 12:33,SM4500NO3F,,00631,,
FLAB25,FLAB,7/1/21,SAMP,MON,SA,G,,0.5,m,18,NITRATE+NITRITE-N,NOX,0.005,U,,-0.005,+/- 0.005,1,0.005,0.01,0.005,mg/L,3,Y,A,P123928-2,,0,0,,,,,,25.0837,81.080581,WMD,E46077,WMD,WMD,WMD,2,BA,NO,7/2/21 8:46,79168002,7/12/21 12:27,SM4500NO3F,,00631,,
FLAB25,FLAB,10/13/21,SAMP,MON,SA,G,,0.5,m,18,NITRATE+NITRITE-N,NOX,0.005,U,,-0.005,+/- 0.005,1,0.005,0.01,0.005,mg/L,3,Y,A,P125715-2,,0,0,,,,,,25.0837,81.080581,WMD,E46077,WMD,WMD,WMD,2,BA,NO,10/13/21 15:07,79972002,10/27/21 15:15,SM4500NO3F,,00631,,
FLAB25,FLAB,12/27/21,SAMP,MON,SA,G,,0.5,m,18,NITRATE+NITRITE-N,NOX,0.005,U,,-0.005,+/- 0.005,1,0.005,0.01,0.005,mg/L,3,Y,A,P128145-2,,0,0,,,,,,25.0837,81.080581,WMD,E46077,WMD,WMD,WMD,2,BA,NO,12/28/21 8:06,81128002,1/14/22 12:29,SM4500NO3F,,00631,Sampling area clear of debris.,
FLAB25,FLAB,2/8/22,SAMP,MON,SA,G,,0.5,m,18,NITRATE+NITRITE-N,NOX,0.005,U,,-0.005,+/- 0.005,1,0.005,0.01,0.005,mg/L,3,Y,A,P129938-2,,0,0,,,,,,25.0837,81.080581,WMD,E46077,WMD,WMD,WMD,2,BA,NO,2/9/22 8:51,81841002,2/11/22 12:57,SM4500NO3F,,00631,,
FLAB25,FLAB,4/7/22,SAMP,MON,SA,G,,0.5,m,18,NITRATE+NITRITE-N,NOX,0.005,U,,-0.005,+/- 0.005,1,0.005,0.01,0.005,mg/L,3,Y,A,P132794-2,,0,0,,,,,,25.0837,81.080581,WMD,E46077,WMD,WMD,WMD,2,BA,NO,4/8/22 8:13,83110002,4/12/22 11:17,SM4500NO3F,,00631,,
FLAB25,FLAB,6/22/22,SAMP,MON,SA,G,,0.5,m,18,NITRATE+NITRITE-N,NOX,0.005,U,,-0.005,+/- 0.005,1,0.005,0.01,0.005,mg/L,3,Y,A,P134124-2,,0,0,,,,,,25.0837,81.080581,WMD,E46077,WMD,WMD,WMD,2,BA,NO,6/23/22 9:09,83718002,6/27/22 13:23,SM4500NO3F,,00631,,
FLAB25,FLAB,10/20/22,SAMP,MON,SA,G,,0.5,m,18,NITRATE+NITRITE-N,NOX,0.005,U,,-0.005,+/- 0.005,1,0.005,0.01,0.005,mg/L,3,Y,A,P136495-2,,0,0,,,,,,25.0837,81.080581,WMD,E46077,WMD,WMD,WMD,2,BA,NO,10/21/22 8:50,84867002,11/1/22 14:29,SM4500NO3F,,00631,"Water in sampling area appears cloudy, visible detritus in water column.",
FLAB25,FLAB,12/19/22,SAMP,MON,SA,G,,0.5,m,18,NITRATE+NITRITE-N,NOX,0.005,U,,-0.005,+/- 0.005,1,0.005,0.01,0.005,mg/L,3,Y,A,P138520-2,,0,0,,,,,,25.0837,81.080581,WMD,E46077,WMD,WMD,WMD,2,BA,NO,12/20/22 8:22,85841002,12/27/22 13:10,SM4500NO3F,,00631,,
FLAB25,FLAB,1/30/23,SAMP,MON,SA,G,,0.5,m,18,NITRATE+NITRITE-N,NOX,0.005,U,,-0.005,+/- 0.005,1,0.005,0.01,0.005,mg/L,3,Y,A,P139468-2,,0,0,,,,,,25.0837,81.080581,WMD,E46077,WMD,WMD,WMD,2,BA,NO,1/31/23 8:28,86300002,2/17/23 16:36,SM4500NO3F,,00631,,
FLAB25,FLAB,3/14/23,SAMP,MON,SA,G,,0.5,m,18,NITRATE+NITRITE-N,NOX,0.005,I,,0.005,+/- 0.005,1,0.005,0.01,0.005,mg/L,3,N,A,P141269-2,,0,0,,,,,,25.0837,81.080581,WMD,E46077,WMD,WMD,WMD,2,BA,NO,3/15/23 8:13,87043002,3/23/23 11:26,SM4500NO3F,,00631,,
FLAB25,FLAB,9/27/23,SAMP,MON,SA,G,,0.5,m,18,NITRATE+NITRITE-N,NOX,0.005,U,,-0.005,+/- 0.005,1,0.005,0.01,0.005,mg/L,3,Y,A,P146063-2,,0,0,,,,,,25.0837,81.080581,WMD,E46077,WMD,WMD,WMD,2,BA,NO,9/28/23 7:51,89093002,10/5/23 14:04,SM4500NO3F,,00631,,
FLAB25,FLAB,11/13/23,SAMP,MON,SA,G,,0.5,m,18,NITRATE+NITRITE-N,NOX,0.005,U,,-0.005,+/- 0.005,1,0.005,0.01,0.005,mg/L,3,Y,A,P146064-2,,0,0,,,,,,25.0837,81.080581,WMD,E46077,WMD,WMD,WMD,2,BA,NO,11/14/23 8:28,89094002,11/21/23 13:04,SM4500NO3F,,00631,,
FLAB25,FLAB,1/8/24,SAMP,MON,SA,G,,0.5,m,18,NITRATE+NITRITE-N,NOX,0.005,U,,-0.005,+/- 0.005,1,0.005,0.01,0.005,mg/L,3,Y,A,P148342-2,,0,0,,,,,,25.0837,81.080581,WMD,E46077,WMD,WMD,WMD,2,BA,NO,1/9/24 7:59,90199002,1/10/24 14:45,SM4500NO3F,,00631,,
FLAB25,FLAB,3/4/24,SAMP,MON,SA,G,,0.5,m,18,NITRATE+NITRITE-N,NOX,0.005,U,,-0.005,+/- 0.005,1,0.005,0.01,0.005,mg/L,3,Y,A,P149299-2,,0,0,,,,,,25.0837,81.080581,WMD,E46077,WMD,WMD,WMD,2,BA,NO,3/5/24 7:49,90665002,3/13/24 15:20,SM 4500-NO3 F-2016,,631,,
FLAB25,FLAB,5/13/24,SAMP,MON,SA,G,,0.5,m,18,NITRATE+NITRITE-N,NOX,0.007,I,,0.007,+/- 0.005,1,0.005,0.01,0.005,mg/L,3,N,A,P150708-2,,0,0,,,,,,25.0837,81.080581,WMD,E46077,WMD,WMD,WMD,2,BA,NO,5/14/24 8:01,91357002,5/16/24 15:28,SM 4500-NO3 F-2016,,00631,,
FLAB25,FLAB,7/15/24,SAMP,MON,SA,G,,0.5,m,18,NITRATE+NITRITE-N,NOX,0.005,U,,-0.005,+/- 0.005,1,0.005,0.01,0.005,mg/L,3,Y,A,P152189-2,,0,0,,,,,,25.0837,81.080581,WMD,E46077,WMD,WMD,WMD,2,BA,NO,7/16/24 8:15,92109002,7/24/24 13:25,SM 4500-NO3 F-2016,,631,,
FLAB25,FLAB,9/12/24,SAMP,MON,SA,G,,0.5,m,18,NITRATE+NITRITE-N,NOX,0.005,U,,-0.005,+/- 0.005,1,0.005,0.01,0.005,mg/L,3,Y,A,P153175-2,,0,0,,,,,,25.0837,81.080581,WMD,E46077,WMD,WMD,WMD,2,BA,NO,9/13/24 8:11,92600002,9/25/24 13:00,SM 4500-NO3 F-2016,,00631,,
FLAB25,FLAB,12/9/24,SAMP,MON,SA,G,,0.5,m,18,NITRATE+NITRITE-N,NOX,0.005,U,,-0.005,+/- 0.005,1,0.005,0.01,0.005,mg/L,3,Y,A,P154028-2,,0,0,,,,,,25.0837,81.080581,WMD,E46077,WMD,WMD,WMD,2,BA,NO,12/10/24 8:14,93033002,12/18/24 15:49,SM 4500-NO3 F-2016,,00631,,
FLAB25,FLAB,2/5/25,SAMP,MON,SA,G,,0.5,m,18,NITRATE+NITRITE-N,NOX,0.005,U,,-0.005,+/- 0.005,1,0.005,0.01,0.005,mg/L,3,Y,A,P155969-2,,0,0,,,,,,25.0837,81.080581,WMD,E46077,WMD,WMD,WMD,2,BA,NO,2/6/25 8:46,93978002,2/25/25 14:26,SM 4500-NO3 F-2016,,00631,,
FLAB25,FLAB,6/18/25,SAMP,MON,SA,G,,0.5,m,18,NITRATE+NITRITE-N,NOX,0.005,U,,-0.005,+/- 0.005,1,0.005,0.01,0.005,mg/L,3,Y,A,P158028-2,,0,0,,,,,,25.0837,81.080581,WMD,E46077,WMD,WMD,WMD,2,BA,NO,6/19/25 8:34,95008002,6/27/25 10:26,SM 4500-NO3 F-2016,,00631,,
FLAB25,FLAB,8/18/25,SAMP,MON,SA,G,,0.5,m,18,NITRATE+NITRITE-N,NOX,0.005,U,,0.005,,1,0.005,0.01,0.005,mg/L,,Y,P,P159659-2,,0,0,,,3.7,,,25.0837,-81.080581,,E46077,WMD,,,,BA,,8/19/25 8:35,95824002,9/4/25 14:15,SM 4500-NO3 F-2016,,00631,,
FLAB25,FLAB,10/1/25,SAMP,MON,SA,G,,0.5,m,18,NITRATE+NITRITE-N,NOX,0.005,U,,0.005,,1,0.005,0.01,0.005,mg/L,,Y,P,P161306-2,,0,0,,,3.4,,,25.0837,-81.080581,,E46077,WMD,,,,BA,,10/2/25 8:34,96647002,10/3/25 15:53,SM 4500-NO3 F-2016,,00631,"stringy, slimy substance throughout water column",
FLAB25,FLAB,7/15/92,SAMP,MON,SA,G,,0,,19,NITRITE-N,NO2,0.001,PMR,,0.001,,,,,,mg/L,3,N,A,FIU17602,,0,0,,,,,,25.0837,81.080581,,,FIU,FIU,,,,,,,,,,,,Sample Filtered with 0.7 glass fiber filter.
FLAB25,FLAB,8/15/92,SAMP,MON,SA,G,,0,,19,NITRITE-N,NO2,0.001,PMR,,0.001,,,,,,mg/L,3,N,A,FIU17604,,0,0,,,,,,25.0837,81.080581,,,FIU,FIU,,,,,,,,,,,,Sample Filtered with 0.7 glass fiber filter.
FLAB25,FLAB,9/15/92,SAMP,MON,SA,G,,0,,19,NITRITE-N,NO2,0.002,PMR,,0.002,,,,,,mg/L,3,N,A,FIU17607,,0,0,,,,,,25.0837,81.080581,,,FIU,FIU,,,,,,,,,,,,Sample Filtered with 0.7 glass fiber filter.
FLAB25,FLAB,10/15/92,SAMP,MON,SA,G,,0,,19,NITRITE-N,NO2,0.003,PMR,,0.003,,,,,,mg/L,3,N,A,FIU17609,,0,0,,,,,,25.0837,81.080581,,,FIU,FIU,,,,,,,,,,,,Sample Filtered with 0.7 glass fiber filter.
FLAB25,FLAB,11/15/92,SAMP,MON,SA,G,,0,,19,NITRITE-N,NO2,0.003,PMR,,0.003,,,,,,mg/L,3,N,A,FIU17611,,0,0,,,,,,25.0837,81.080581,,,FIU,FIU,,,,,,,,,,,,Sample Filtered with 0.7 glass fiber filter.
FLAB25,FLAB,12/15/92,SAMP,MON,SA,G,,0,,19,NITRITE-N,NO2,0.006,PMR,,0.006,,,,,,mg/L,3,N,A,FIU17613,,0,0,,,,,,25.0837,81.080581,,,FIU,FIU,,,,,,,,,,,,Sample Filtered with 0.7 glass fiber filter.
FLAB25,FLAB,1/21/93,SAMP,MON,SA,G,,0,,19,NITRITE-N,NO2,0.003,PMR,,0.003,,,,,,mg/L,3,N,A,FIU17614,,0,0,,,,,,25.0837,81.080581,,,FIU,FIU,,,,,,,,,,,,Sample Filtered with 0.7 glass fiber filter.
FLAB25,FLAB,2/10/93,SAMP,MON,SA,G,,0,,19,NITRITE-N,NO2,0.002,PMR,,0.002,,,,,,mg/L,3,N,A,FIU17615,,0,0,,,,,,25.0837,81.080581,,,FIU,FIU,,,,,,,,,,,,Sample Filtered with 0.7 glass fiber filter.
FLAB25,FLAB,3/10/93,SAMP,MON,SA,G,,0,,19,NITRITE-N,NO2,0.004,PMR,,0.004,,,,,,mg/L,3,N,A,FIU17616,,0,0,,,,,,25.0837,81.080581,,,FIU,FIU,,,,,,,,,,,,Sample Filtered with 0.7 glass fiber filter.
FLAB25,FLAB,4/7/93,SAMP,MON,SA,G,,0,,19,NITRITE-N,NO2,0.002,PMR,,0.002,,,,,,mg/L,3,N,A,FIU17617,,0,0,,,,,,25.0837,81.080581,,,FIU,FIU,,,,,,,,,,,,Sample Filtered with 0.7 glass fiber filter.
FLAB25,FLAB,5/12/93,SAMP,MON,SA,G,,0,,19,NITRITE-N,NO2,0.002,PMR,,0.002,,,,,,mg/L,3,N,A,FIU17618,,0,0,,,,,,25.0837,81.080581,,,FIU,FIU,,,,,,,,,,,,Sample Filtered with 0.7 glass fiber filter.
FLAB25,FLAB,6/3/93,SAMP,MON,SA,G,,0,,19,NITRITE-N,NO2,0.004,PMR,,0.004,,,,,,mg/L,3,N,A,FIU17619,,0,0,,,,,,25.0837,81.080581,,,FIU,FIU,,,,,,,,,,,,Sample Filtered with 0.7 glass fiber filter.
FLAB25,FLAB,7/7/93,SAMP,MON,SA,G,,0,,19,NITRITE-N,NO2,0.006,PMR,,0.006,,,,,,mg/L,3,N,A,FIU17620,,0,0,,,,,,25.0837,81.080581,,,FIU,FIU,,,,,,,,,,,,Sample Filtered with 0.7 glass fiber filter.
FLAB25,FLAB,8/4/93,SAMP,MON,SA,G,,0,,19,NITRITE-N,NO2,0.001,PMR,,0.001,,,,,,mg/L,3,N,A,FIU17621,,0,0,,,,,,25.0837,81.080581,,,FIU,FIU,,,,,,,,,,,,Sample Filtered with 0.7 glass fiber filter.
FLAB25,FLAB,9/9/93,SAMP,MON,SA,G,,0,,19,NITRITE-N,NO2,0.007,PMR,,0.007,,,,,,mg/L,3,N,A,FIU17622,,0,0,,,,,,25.0837,81.080581,,,FIU,FIU,,,,,,,,,,,,Sample Filtered with 0.7 glass fiber filter.
FLAB25,FLAB,10/6/93,SAMP,MON,SA,G,,0,,19,NITRITE-N,NO2,0.004,PMR,,0.004,,,,,,mg/L,3,N,A,FIU17623,,0,0,,,,,,25.0837,81.080581,,,FIU,FIU,,,,,,,,,,,,Sample Filtered with 0.7 glass fiber filter.
FLAB25,FLAB,11/3/93,SAMP,MON,SA,G,,0,,19,NITRITE-N,NO2,0.008,PMR,,0.008,,,,,,mg/L,3,N,A,FIU17624,,0,0,,,,,,25.0837,81.080581,,,FIU,FIU,,,,,,,,,,,,Sample Filtered with 0.7 glass fiber filter.
FLAB25,FLAB,12/2/93,SAMP,MON,SA,G,,0,,19,NITRITE-N,NO2,0.007,PMR,,0.007,,,,,,mg/L,3,N,A,FIU17625,,0,0,,,,,,25.0837,81.080581,,,FIU,FIU,,,,,,,,,,,,Sample Filtered with 0.7 glass fiber filter.
FLAB25,FLAB,1/11/94,SAMP,MON,SA,G,,0,,19,NITRITE-N,NO2,0.005,PMR,,0.005,,,,,,mg/L,3,N,A,FIU17626,,0,0,,,,,,25.0837,81.080581,,,FIU,FIU,,,,,,,,,,,,Sample Filtered with 0.7 glass fiber filter.
FLAB25,FLAB,2/2/94,SAMP,MON,SA,G,,0,,19,NITRITE-N,NO2,0.001,PMR,,0.001,,,,,,mg/L,3,N,A,FIU17627,,0,0,,,,,,25.0837,81.080581,,,FIU,FIU,,,,,,,,,,,,Sample Filtered with 0.7 glass fiber filter.
FLAB25,FLAB,3/8/94,SAMP,MON,SA,G,,0,,19,NITRITE-N,NO2,0.004,PMR,,0.004,,,,,,mg/L,3,N,A,FIU17628,,0,0,,,,,,25.0837,81.080581,,,FIU,FIU,,,,,,,,,,,,Sample Filtered with 0.7 glass fiber filter.
FLAB25,FLAB,4/6/94,SAMP,MON,SA,G,,0,,19,NITRITE-N,NO2,0.0018,A,,0.002,,,,,,mg/L,3,N,A,FIU17629,,0,0,,,,,,25.0837,81.080581,,,FIU,FIU,,,,,,,,,,,,Sample Filtered with 0.7 glass fiber filter.
FLAB25,FLAB,5/4/94,SAMP,MON,SA,G,,0,,19,NITRITE-N,NO2,0.0011,A,,0.001,,,,,,mg/L,3,N,A,FIU17631,,0,0,,,,,,25.0837,81.080581,,,FIU,FIU,,,,,,,,,,,,Sample Filtered with 0.7 glass fiber filter.
FLAB25,FLAB,6/8/94,SAMP,MON,SA,G,,0,,19,NITRITE-N,NO2,0.0013,A,,0.001,,,,,,mg/L,3,N,A,FIU17633,,0,0,,,,,,25.0837,81.080581,,,FIU,FIU,,,,,,,,,,,,Sample Filtered with 0.7 glass fiber filter.
FLAB25,FLAB,7/7/94,SAMP,MON,SA,G,,0,,19,NITRITE-N,NO2,0.0004,A,,0,,,,,,mg/L,3,N,A,FIU17635,,0,0,,,,,,25.0837,81.080581,,,FIU,FIU,,,,,,,,,,,,Sample Filtered with 0.7 glass fiber filter.
FLAB25,FLAB,8/4/94,SAMP,MON,SA,G,,0,,19,NITRITE-N,NO2,0.0022,A,,0.002,,,,,,mg/L,3,N,A,FIU17637,,0,0,,,,,,25.0837,81.080581,,,FIU,FIU,,,,,,,,,,,,Sample Filtered with 0.7 glass fiber filter.
FLAB25,FLAB,9/14/94,SAMP,MON,SA,G,,0,,19,NITRITE-N,NO2,0.0043,A,,0.004,,,,,,mg/L,3,N,A,FIU17639,,0,0,,,,,,25.0837,81.080581,,,FIU,FIU,,,,,,,,,,,,Sample Filtered with 0.7 glass fiber filter.
FLAB25,FLAB,10/5/94,SAMP,MON,SA,G,,0,,19,NITRITE-N,NO2,0.0081,A,,0.008,,,,,,mg/L,3,N,A,FIU17641,,0,0,,,,,,25.0837,81.080581,,,FIU,FIU,,,,,,,,,,,,Sample Filtered with 0.7 glass fiber filter.
FLAB25,FLAB,11/2/94,SAMP,MON,SA,G,,0,,19,NITRITE-N,NO2,0.0039,A,,0.004,,,,,,mg/L,3,N,A,FIU17643,,0,0,,,,,,25.0837,81.080581,,,FIU,FIU,,,,,,,,,,,,Sample Filtered with 0.7 glass fiber filter.
FLAB25,FLAB,11/22/94,SAMP,MON,SA,G,,0,,19,NITRITE-N,NO2,0.0062,A,,0.006,,,,,,mg/L,3,N,A,FIU17645,,0,0,,,,,,25.0837,81.080581,,,FIU,FIU,,,,,,,,,,,,Sample Filtered with 0.7 glass fiber filter.
FLAB25,FLAB,12/1/94,SAMP,MON,SA,G,,0,,19,NITRITE-N,NO2,0.0012,A,,0.001,,,,,,mg/L,3,N,A,FIU17647,,0,0,,,,,,25.0837,81.080581,,,FIU,FIU,,,,,,,,,,,,Sample Filtered with 0.7 glass fiber filter.
FLAB25,FLAB,1/5/95,SAMP,MON,SA,G,,0,,19,NITRITE-N,NO2,0.0005,PMR,,0,,,,,,mg/L,3,N,A,FIU17649,,0,0,,,,,,25.0837,81.080581,,,FIU,FIU,,,,,,,,,,,,Sample Filtered with 0.7 glass fiber filter.
FLAB25,FLAB,2/2/95,SAMP,MON,SA,G,,0,,19,NITRITE-N,NO2,0.0036,PMR,,0.004,,,,,,mg/L,3,N,A,FIU17651,,0,0,,,,,,25.0837,81.080581,,,FIU,FIU,,,,,,,,,,,,Sample Filtered with 0.7 glass fiber filter.
FLAB25,FLAB,3/1/95,SAMP,MON,SA,G,,0,,19,NITRITE-N,NO2,0.003,PMR,,0.003,,,,,,mg/L,3,N,A,FIU17653,,0,0,,,,,,25.0837,81.080581,,,FIU,FIU,,,,,,,,,,,,Sample Filtered with 0.7 glass fiber filter.
FLAB25,FLAB,4/19/95,SAMP,MON,SA,G,,0,,19,NITRITE-N,NO2,0.0013,PMR,,0.001,,,,,,mg/L,3,N,A,FIU17655,,0,0,,,,,,25.0837,81.080581,,,FIU,FIU,,,,,,,,,,,,Sample Filtered with 0.7 glass fiber filter.
FLAB25,FLAB,5/24/95,SAMP,MON,SA,G,,0,,19,NITRITE-N,NO2,0.0005,PMR,,0,,,,,,mg/L,3,N,A,FIU17657,,0,0,,,,,,25.0837,81.080581,,,FIU,FIU,,,,,,,,,,,,Sample Filtered with 0.7 glass fiber filter.
FLAB25,FLAB,6/21/95,SAMP,MON,SA,G,,0,,19,NITRITE-N,NO2,0.0027,PMR,,0.003,,,,,,mg/L,3,N,A,FIU17659,,0,0,,,,,,25.0837,81.080581,,,FIU,FIU,,,,,,,,,,,,Sample Filtered with 0.7 glass fiber filter.
FLAB25,FLAB,7/12/95,SAMP,MON,SA,G,,0,,19,NITRITE-N,NO2,0.0006,PMR,,0.001,,,,,,mg/L,3,N,A,FIU17661,,0,0,,,,,,25.0837,81.080581,,,FIU,FIU,,,,,,,,,,,,Sample Filtered with 0.7 glass fiber filter.
FLAB25,FLAB,8/11/95,SAMP,MON,SA,G,,0,,19,NITRITE-N,NO2,0.0002,PMR,,0,,,,,,mg/L,3,N,A,FIU17663,,0,0,,,,,,25.0837,81.080581,,,FIU,FIU,,,,,,,,,,,,Sample Filtered with 0.7 glass fiber filter.
FLAB25,FLAB,9/6/95,SAMP,MON,SA,G,,0,,19,NITRITE-N,NO2,0.0007,PMR,,0.001,,,,,,mg/L,3,N,A,FIU17665,,0,0,,,,,,25.0837,81.080581,,,FIU,FIU,,,,,,,,,,,,Sample Filtered with 0.7 glass fiber filter.
FLAB25,FLAB,10/22/95,SAMP,MON,SA,G,,0,,19,NITRITE-N,NO2,0.0038,PMR,,0.004,,,,,,mg/L,3,N,A,FIU17667,,0,0,,,,,,25.0837,81.080581,,,FIU,FIU,,,,,,,,,,,,Sample Filtered with 0.7 glass fiber filter.
FLAB25,FLAB,11/17/95,SAMP,MON,SA,G,,0,,19,NITRITE-N,NO2,0.0029,Q,Q,0.003,,,,,,mg/L,3,N,A,FIU17669,,0,0,,,,,,25.0837,81.080581,,,FIU,FIU,,,,,,,,,,,,Sample Filtered with 0.7 glass fiber filter.
FLAB25,FLAB,12/14/95,SAMP,MON,SA,G,,0,,19,NITRITE-N,NO2,0.0006,Q,Q,0.001,,,,,,mg/L,3,N,A,FIU17671,,0,0,,,,,,25.0837,81.080581,,,FIU,FIU,,,,,,,,,,,,Sample Filtered with 0.7 glass fiber filter.
FLAB25,FLAB,1/23/96,SAMP,MON,SA,G,,0,,19,NITRITE-N,NO2,0.0013,PMR,,0.001,,,,,,mg/L,3,N,A,FIU17673,,0,0,,,,,,25.0837,81.080581,,,FIU,FIU,,,,,,,,,,,,Sample Filtered with 0.7 glass fiber filter.
FLAB25,FLAB,2/12/96,SAMP,MON,SA,G,,0,,19,NITRITE-N,NO2,0.0003,PMR,,0,,,,,,mg/L,3,N,A,FIU17675,,0,0,,,,,,25.0837,81.080581,,,FIU,FIU,,,,,,,,,,,,Sample Filtered with 0.7 glass fiber filter.
FLAB25,FLAB,3/22/96,SAMP,MON,SA,G,,0,,19,NITRITE-N,NO2,0.0004,PMR,,0,,,,,,mg/L,3,N,A,FIU17677,,0,0,,,,,,25.0837,81.080581,,,FIU,FIU,,,,,,,,,,,,Sample Filtered with 0.7 glass fiber filter.
FLAB25,FLAB,4/25/96,SAMP,MON,SA,G,,0,,19,NITRITE-N,NO2,0.0025,PMR,,0.002,,,,,,mg/L,3,N,A,FIU17679,,0,0,,,,,,25.0837,81.080581,,,FIU,FIU,,,,,,,,,,,,Sample Filtered with 0.7 glass fiber filter.
FLAB25,FLAB,5/10/96,SAMP,MON,SA,G,,0,,19,NITRITE-N,NO2,0.0068,PMR,,0.007,,,,,,mg/L,3,N,A,FIU17681,,0,0,,,,,,25.0837,81.080581,,,FIU,FIU,,,,,,,,,,,,Sample Filtered with 0.7 glass fiber filter.
FLAB25,FLAB,6/6/96,SAMP,MON,SA,G,,0,,19,NITRITE-N,NO2,0.0019,PMR,,0.002,,,,,,mg/L,3,N,A,FIU17683,,0,0,,,,,,25.0837,81.080581,,,FIU,FIU,,,,,,,,,,,,Sample Filtered with 0.7 glass fiber filter.
FLAB25,FLAB,7/5/96,SAMP,MON,SA,G,,0.1,,19,NITRITE-N,NO2,0.0005,PMR,,0,,,,,,mg/L,3,N,A,FIU17685,,0,0,,,,,,25.0837,81.080581,,,FIU,FIU,,,,,,,,,,,,Sample Filtered with 0.7 glass fiber filter.
FLAB25,FLAB,8/22/96,SAMP,MON,SA,G,,0.1,,19,NITRITE-N,NO2,0.0007,PMR,,0.001,,,,,,mg/L,3,N,A,FIU17687,,0,0,,,,,,25.0837,81.080581,,,FIU,FIU,,,,,,,,,,,,Sample Filtered with 0.7 glass fiber filter.
FLAB25,FLAB,9/14/96,SAMP,MON,SA,G,,0.1,,19,NITRITE-N,NO2,0.0003,PMR,,0,,,,,,mg/L,3,N,A,FIU17689,,0,0,,,,,,25.0837,81.080581,,,FIU,FIU,,,,,,,,,,,,Sample Filtered with 0.7 glass fiber filter.
FLAB25,FLAB,10/15/96,SAMP,MON,SA,G,,0.1,,19,NITRITE-N,NO2,0.007,PMR,,0.007,,,,,,mg/L,3,N,A,FIU17691,,0,0,,,,,,25.0837,81.080581,,,FIU,FIU,,,,,,,,,,,,Sample Filtered with 0.7 glass fiber filter.
FLAB25,FLAB,11/7/96,SAMP,MON,SA,G,,0.1,,19,NITRITE-N,NO2,0.0005,PMR,,0,,,,,,mg/L,3,N,A,FIU17693,,0,0,,,,,,25.0837,81.080581,,,FIU,FIU,,,,,,,,,,,,Sample Filtered with 0.7 glass fiber filter.
FLAB25,FLAB,12/6/96,SAMP,MON,SA,G,,0.1,,19,NITRITE-N,NO2,0.0023,PMR,,0.002,,,,,,mg/L,3,N,A,FIU17695,,0,0,,,,,,25.0837,81.080581,,,FIU,FIU,,,,,,,,,,,,Sample Filtered with 0.7 glass fiber filter.
FLAB25,FLAB,1/8/97,SAMP,MON,SA,G,,0.1,,19,NITRITE-N,NO2,0.0006,PMR,,0.001,,,,,,mg/L,3,N,A,FIU17697,,0,0,,,,,,25.0837,81.080581,,,FIU,FIU,,,,,,,,,,,,Sample Filtered with 0.7 glass fiber filter.
FLAB25,FLAB,2/15/97,SAMP,MON,SA,G,,0.1,,19,NITRITE-N,NO2,0.0002,PMR,,0,,,,,,mg/L,3,N,A,FIU17699,,0,0,,,,,,25.0837,81.080581,,,FIU,FIU,,,,,,,,,,,,Sample Filtered with 0.7 glass fiber filter.
FLAB25,FLAB,3/12/97,SAMP,MON,SA,G,,0.1,,19,NITRITE-N,NO2,0.0014,PMR,,0.001,,,,,,mg/L,3,N,A,FIU17701,,0,0,,,,,,25.0837,81.080581,,,FIU,FIU,,,,,,,,,,,,Sample Filtered with 0.7 glass fiber filter.
FLAB25,FLAB,4/16/97,SAMP,MON,SA,G,,0.1,,19,NITRITE-N,NO2,0.0039,PMR,,0.004,,,,,,mg/L,3,N,A,FIU17703,,0,0,,,,,,25.0837,81.080581,,,FIU,FIU,,,,,,,,,,,,Sample Filtered with 0.7 glass fiber filter.
FLAB25,FLAB,5/22/97,SAMP,MON,SA,G,,0.1,,19,NITRITE-N,NO2,0.0002,PMR,,0,,,,,,mg/L,3,N,A,FIU17705,,0,0,,,,,,25.0837,81.080581,,,FIU,FIU,,,,,,,,,,,,Sample Filtered with 0.7 glass fiber filter.
FLAB25,FLAB,6/12/97,SAMP,MON,SA,G,,0.1,,19,NITRITE-N,NO2,0.0046,PMR,,0.005,,,,,,mg/L,3,N,A,FIU17707,,0,0,,,,,,25.0837,81.080581,,,FIU,FIU,,,,,,,,,,,,Sample Filtered with 0.7 glass fiber filter.
FLAB25,FLAB,7/10/97,SAMP,MON,SA,G,,0.1,,19,NITRITE-N,NO2,0.0013,PMR,,0.001,,,,,,mg/L,3,N,A,FIU17709,,0,0,,,,,,25.0837,81.080581,,,FIU,FIU,,,,,,,,,,,,Sample Filtered with 0.7 glass fiber filter.
FLAB25,FLAB,8/19/97,SAMP,MON,SA,G,,0.1,,19,NITRITE-N,NO2,0.0006,PMR,,0.001,,,,,,mg/L,3,N,A,FIU17710,,0,0,,,,,,25.0837,81.080581,,,FIU,FIU,,,,,,,,,,,,Sample Filtered with 0.7 glass fiber filter.
FLAB25,FLAB,9/10/97,SAMP,MON,SA,G,,0.1,,19,NITRITE-N,NO2,0.0026,PMR,,0.003,,,,,,mg/L,3,N,A,FIU17712,,0,0,,,,,,25.0837,81.080581,,,FIU,FIU,,,,,,,,,,,,Sample Filtered with 0.7 glass fiber filter.
FLAB25,FLAB,10/21/97,SAMP,MON,SA,G,,0.1,,19,NITRITE-N,NO2,0.0009,PMR,,0.001,,,,,,mg/L,3,N,A,FIU17714,,0,0,,,,,,25.0837,81.080581,,,FIU,FIU,,,,,,,,,,,,Sample Filtered with 0.7 glass fiber filter.
FLAB25,FLAB,11/25/97,SAMP,MON,SA,G,,0.1,,19,NITRITE-N,NO2,0.0018,PMR,,0.002,,,,,,mg/L,3,N,A,FIU17716,,0,0,,,,,,25.0837,81.080581,,,FIU,FIU,,,,,,,,,,,,Sample Filtered with 0.7 glass fiber filter.
FLAB25,FLAB,12/12/97,SAMP,MON,SA,G,,0.1,,19,NITRITE-N,NO2,0.0002,PMR,,0,,,,,,mg/L,3,N,A,FIU17718,,0,0,,,,,,25.0837,81.080581,,,FIU,FIU,,,,,,,,,,,,Sample Filtered with 0.7 glass fiber filter.
FLAB25,FLAB,1/21/98,SAMP,MON,SA,G,,0.1,,19,NITRITE-N,NO2,0.0002,T,,0,,,,,,mg/L,3,N,A,FIU17720,,0,0,,,,,,25.0837,81.080581,,,FIU,FIU,,,,,,,,,,,,Sample Filtered with 0.7 glass fiber filter.
FLAB25,FLAB,2/18/98,SAMP,MON,SA,G,,0.1,,19,NITRITE-N,NO2,0.0007,PMR,,0.001,,,,,,mg/L,3,N,A,FIU17722,,0,0,,,,,,25.0837,81.080581,,,FIU,FIU,,,,,,,,,,,,Sample Filtered with 0.7 glass fiber filter.
FLAB25,FLAB,3/20/98,SAMP,MON,SA,G,,0.1,,19,NITRITE-N,NO2,0.0005,PMR,,0,,,,,,mg/L,3,N,A,FIU17724,,0,0,,,,,,25.0837,81.080581,,,FIU,FIU,,,,,,,,,,,,Sample Filtered with 0.7 glass fiber filter.
FLAB25,FLAB,4/15/98,SAMP,MON,SA,G,,0.1,,19,NITRITE-N,NO2,0.0016,PMR,,0.002,,,,,,mg/L,3,N,A,FIU17726,,0,0,,,,,,25.0837,81.080581,,,FIU,FIU,,,,,,,,,,,,Sample Filtered with 0.7 glass fiber filter.
FLAB25,FLAB,5/14/98,SAMP,MON,SA,G,,0.1,,19,NITRITE-N,NO2,0.0004,PMR,,0,,,,,,mg/L,3,N,A,FIU17728,,0,0,,,,,,25.0837,81.080581,,,FIU,FIU,,,,,,,,,,,,Sample Filtered with 0.7 glass fiber filter.
FLAB25,FLAB,6/10/98,SAMP,MON,SA,G,,0.1,,19,NITRITE-N,NO2,0.0005,PMR,,0,,,,,,mg/L,3,N,A,FIU17730,,0,0,,,,,,25.0837,81.080581,,,FIU,FIU,,,,,,,,,,,,Sample Filtered with 0.7 glass fiber filter.
FLAB25,FLAB,7/14/98,SAMP,MON,SA,G,,0.1,,19,NITRITE-N,NO2,0.0006,PMR,,0.001,,,,,,mg/L,3,N,A,FIU17732,,0,0,,,,,,25.0837,81.080581,,,FIU,FIU,,,,,,,,,,,,Sample Filtered with 0.7 glass fiber filter.
FLAB25,FLAB,8/19/98,SAMP,MON,SA,G,,0.1,,19,NITRITE-N,NO2,0.0005,PMR,,0,,,,,,mg/L,3,N,A,FIU17734,,0,0,,,,,,25.0837,81.080581,,,FIU,FIU,,,,,,,,,,,,Sample Filtered with 0.7 glass fiber filter.
FLAB25,FLAB,9/17/98,SAMP,MON,SA,G,,0.1,,19,NITRITE-N,NO2,0.0023,PMR,,0.002,,,,,,mg/L,3,N,A,FIU17736,,0,0,,,,,,25.0837,81.080581,,,FIU,FIU,,,,,,,,,,,,Sample Filtered with 0.7 glass fiber filter.
FLAB25,FLAB,9/30/98,SAMP,MON,SA,G,,0.1,,19,NITRITE-N,NO2,0.0041,PMR,,0.004,,,,,,mg/L,3,N,A,FIU17738,,0,0,,,,,,25.0837,81.080581,,,FIU,FIU,,,,,,,,,,,,Sample Filtered with 0.7 glass fiber filter.
FLAB25,FLAB,11/3/98,SAMP,MON,SA,G,,0.1,,19,NITRITE-N,NO2,0.0006,PMR,,0.001,,,,,,mg/L,3,N,A,FIU17740,,0,0,,,,,,25.0837,81.080581,,,FIU,FIU,,,,,,,,,,,,Sample Filtered with 0.7 glass fiber filter.
FLAB25,FLAB,12/1/98,SAMP,MON,SA,G,,0.1,,19,NITRITE-N,NO2,0.0029,PMR,,0.003,,,,,,mg/L,3,N,A,FIU17742,,0,0,,,,,,25.0837,81.080581,,,FIU,FIU,,,,,,,,,,,,Sample Filtered with 0.7 glass fiber filter.
FLAB25,FLAB,1/14/99,SAMP,MON,SA,G,,0.1,,19,NITRITE-N,NO2,0.0018,PMR,,0.002,,,,,,mg/L,3,N,A,FIU17744,,0,0,,,,,,25.0837,81.080581,,,FIU,FIU,,,,,,,,,,,,Sample Filtered with 0.7 glass fiber filter.
FLAB25,FLAB,2/10/99,SAMP,MON,SA,G,,0.1,,19,NITRITE-N,NO2,0.0022,PMR,,0.002,,,,,,mg/L,3,N,A,FIU17746,,0,0,,,,,,25.0837,81.080581,,,FIU,FIU,,,,,,,,,,,,Sample Filtered with 0.7 glass fiber filter.
FLAB25,FLAB,3/23/99,SAMP,MON,SA,G,,0.1,,19,NITRITE-N,NO2,0.0005,PMR,,0,,,,,,mg/L,3,N,A,FIU17748,,0,0,,,,,,25.0837,81.080581,,,FIU,FIU,,,,,,,,,,,,Sample Filtered with 0.7 glass fiber filter.
FLAB25,FLAB,4/29/99,SAMP,MON,SA,G,,0.1,,19,NITRITE-N,NO2,0.0032,PMR,,0.003,,,,,,mg/L,3,N,A,FIU17750,,0,0,,,,,,25.0837,81.080581,,,FIU,FIU,,,,,,,,,,,,Sample Filtered with 0.7 glass fiber filter.
FLAB25,FLAB,5/28/99,SAMP,MON,SA,G,,0.1,,19,NITRITE-N,NO2,0.0017,PMR,,0.002,,,,,,mg/L,3,N,A,FIU17752,,0,0,,,,,,25.0837,81.080581,,,FIU,FIU,,,,,,,,,,,,Sample Filtered with 0.7 glass fiber filter.
FLAB25,FLAB,6/17/99,SAMP,MON,SA,G,,0.1,,19,NITRITE-N,NO2,0.0009,PMR,,0.001,,,,,,mg/L,3,N,A,FIU17754,,0,0,,,,,,25.0837,81.080581,,,FIU,FIU,,,,,,,,,,,,Sample Filtered with 0.7 glass fiber filter.
FLAB25,FLAB,7/6/99,SAMP,MON,SA,G,,0.1,,19,NITRITE-N,NO2,0.0011,PMR,,0.0011,,,0.0003,,,mg/L,3,N,A,FIU17756,,0,0,,,,,,25.0837,81.080581,,,FIU,FIU,,,,,,,,EPA353.2,,00615,,Sample Filtered with 0.7 glass fiber filter.
FLAB25,FLAB,8/24/99,SAMP,MON,SA,G,,0.1,,19,NITRITE-N,NO2,0.0019,PMR,,0.0019,,,0.0003,,,mg/L,3,N,A,FIU17758,,0,0,,,,,,25.0837,81.080581,,,FIU,FIU,,,,,,,,EPA353.2,,00615,,Sample Filtered with 0.7 glass fiber filter.
FLAB25,FLAB,9/23/99,SAMP,MON,SA,G,,0.1,,19,NITRITE-N,NO2,0.0046,PMR,,0.0046,,,0.00028,,,mg/L,3,N,A,FIU17760,,0,0,,,,,,25.0837,81.080581,,,FIU,FIU,,,,,,,,EPA353.2,,00615,,Sample Filtered with 0.7 glass fiber filter.
FLAB25,FLAB,10/26/99,SAMP,MON,SA,G,,0.1,,19,NITRITE-N,NO2,0.0002,T,,0.0002,,,0.00028,,,mg/L,3,N,A,FIU17762,,0,0,,,,,,25.0837,81.080581,,,FIU,FIU,,,,,,,,EPA353.2,,00615,,Sample Filtered with 0.7 glass fiber filter.
FLAB25,FLAB,11/12/99,SAMP,MON,SA,G,,0.1,,19,NITRITE-N,NO2,0.0038,PMR,,0.0038,,,0.00028,,,mg/L,3,N,A,FIU17765,,0,0,,,,,,25.0837,81.080581,,,FIU,FIU,,,,,,,,EPA353.2,,00615,,Sample Filtered with 0.7 glass fiber filter.
FLAB25,FLAB,12/3/99,SAMP,MON,SA,G,,0.1,,19,NITRITE-N,NO2,0.0003,PMR,,0.0003,,,0.00028,,,mg/L,3,N,A,FIU17768,,0,0,,,,,,25.0837,81.080581,,,FIU,FIU,,,,,,,,EPA353.2,,00615,,Sample Filtered with 0.7 glass fiber filter.
FLAB25,FLAB,1/25/00,SAMP,MON,SA,G,,0.1,,19,NITRITE-N,NO2,0.0011,PMR,,0.0011,,,0.00028,,,mg/L,3,N,A,FIU17771,,0,0,,,,,,25.0837,81.080581,,,FIU,FIU,,,,,,,,EPA353.2,,00615,,Sample Filtered with 0.7 glass fiber filter.
FLAB25,FLAB,2/28/00,SAMP,MON,SA,G,,0.1,,19,NITRITE-N,NO2,0.0004,PMR,,0.0004,,,0.00028,,,mg/L,3,N,A,FIU17774,,0,0,,,,,,25.0837,81.080581,,,FIU,FIU,,,,,,,,EPA353.2,,00615,,Sample Filtered with 0.7 glass fiber filter.
FLAB25,FLAB,3/21/00,SAMP,MON,SA,G,,0.1,,19,NITRITE-N,NO2,0.0008,PMR,,0.0008,,,0.00028,,,mg/L,3,N,A,FIU17777,,0,0,,,,,,25.0837,81.080581,,,FIU,FIU,,,,,,,,EPA353.2,,00615,,Sample Filtered with 0.7 glass fiber filter.
FLAB25,FLAB,4/13/00,SAMP,MON,SA,G,,0.1,,19,NITRITE-N,NO2,0.0001,T,,0.0001,,,0.00028,,,mg/L,3,N,A,FIU17780,,0,0,,,,,,25.0837,81.080581,,,FIU,FIU,,,,,,,,EPA353.2,,00615,,Sample Filtered with 0.7 glass fiber filter.
FLAB25,FLAB,5/30/00,SAMP,MON,SA,G,,0.1,,19,NITRITE-N,NO2,0.00028,U,,-0.00028,,,0.00028,,,mg/L,3,Y,A,FIU17782,,0,0,,,,,,25.0837,81.080581,,,FIU,FIU,,,,,,,,EPA353.2,,00615,,Sample Filtered with 0.7 glass fiber filter.
FLAB25,FLAB,6/20/00,SAMP,MON,SA,G,,0.1,,19,NITRITE-N,NO2,0.0002,T,,0.0002,,,0.00028,,,mg/L,3,N,A,FIU17784,,0,0,,,,,,25.0837,81.080581,,,FIU,FIU,,,,,,,,EPA353.2,,00615,,Sample Filtered with 0.7 glass fiber filter.
FLAB25,FLAB,7/20/00,SAMP,MON,SA,G,,0.1,,19,NITRITE-N,NO2,0.0003,T,,0.0003,,,0.0003,,,mg/L,3,N,A,FIU17786,,0,0,,,,,,25.0837,81.080581,,,FIU,FIU,,,,,,,,EPA353.2,,00615,,Sample Filtered with 0.7 glass fiber filter.
FLAB25,FLAB,8/29/00,SAMP,MON,SA,G,,0.1,,19,NITRITE-N,NO2,0.0003,U,,-0.0003,,,0.0003,,,mg/L,3,Y,A,FIU17788,,0,0,,,,,,25.0837,81.080581,,,FIU,FIU,,,,,,,,EPA353.2,,00615,,Sample Filtered with 0.7 glass fiber filter.
FLAB25,FLAB,9/28/00,SAMP,MON,SA,G,,0.1,,19,NITRITE-N,NO2,0.0009,PMR,,0.0009,,,0.0003,,,mg/L,3,N,A,FIU17790,,0,0,,,,,,25.0837,81.080581,,,FIU,FIU,,,,,,,,EPA353.2,,00615,,Sample Filtered with 0.7 glass fiber filter.
FLAB25,FLAB,10/26/00,SAMP,MON,SA,G,,0.1,,19,NITRITE-N,NO2,0.0004,PMR,,0.0004,,,0.0003,,,mg/L,3,N,A,FIU17792,,0,0,,,,,,25.0837,81.080581,,,FIU,FIU,,,,,,,,EPA353.2,,00615,,Sample Filtered with 0.7 glass fiber filter.
FLAB25,FLAB,11/30/00,SAMP,MON,SA,G,,0.1,,19,NITRITE-N,NO2,0.0008,PMR,,0.0008,,,0.0003,,,mg/L,3,N,A,FIU17794,,0,0,,,,,,25.0837,81.080581,,,FIU,FIU,,,,,,,,EPA353.2,,00615,,Sample Filtered with 0.7 glass fiber filter.
FLAB25,FLAB,12/11/00,SAMP,MON,SA,G,,0.1,,19,NITRITE-N,NO2,0.0005,PMR,,0.0005,,,0.0003,,,mg/L,3,N,A,FIU17796,,0,0,,,,,,25.0837,81.080581,,,FIU,FIU,,,,,,,,EPA353.2,,00615,,Sample Filtered with 0.7 glass fiber filter.
FLAB25,FLAB,1/25/01,SAMP,MON,SA,G,,0.1,,19,NITRITE-N,NO2,0.002,PMR,,0.002,,,0.0001,,,mg/L,3,N,A,FIU17798,,0,0,,,,,,25.0837,81.080581,,,FIU,FIU,,,,,,,,EPA353.2,,00615,,Sample Filtered with 0.7 glass fiber filter.
FLAB25,FLAB,2/21/01,SAMP,MON,SA,G,,0.1,,19,NITRITE-N,NO2,0.0028,PMR,,0.0028,,,0.0001,,,mg/L,3,N,A,FIU17800,,0,0,,,,,,25.0837,81.080581,,,FIU,FIU,,,,,,,,EPA353.2,,00615,,Sample Filtered with 0.7 glass fiber filter.
FLAB25,FLAB,3/6/01,SAMP,MON,SA,G,,0.1,,19,NITRITE-N,NO2,0.0039,PMR,,0.0039,,,0.0001,,,mg/L,3,N,A,FIU17802,,0,0,,,,,,25.0837,81.080581,,,FIU,FIU,,,,,,,,EPA353.2,,00615,,Sample Filtered with 0.7 glass fiber filter.
FLAB25,FLAB,4/3/01,SAMP,MON,SA,G,,0.1,,19,NITRITE-N,NO2,0.002,PMR,,0.002,,,0.0001,,,mg/L,3,N,A,FIU17804,,0,0,,,,,,25.0837,81.080581,,,FIU,FIU,,,,,,,,EPA353.2,,00615,,Sample Filtered with 0.7 glass fiber filter.
FLAB25,FLAB,5/2/01,SAMP,MON,SA,G,,0.1,,19,NITRITE-N,NO2,0.0103,PMR,,0.0103,,,0.0001,,,mg/L,3,N,A,FIU17806,,0,0,,,,,,25.0837,81.080581,,,FIU,FIU,,,,,,,,EPA353.2,,00615,,Sample Filtered with 0.7 glass fiber filter.
FLAB25,FLAB,6/5/01,SAMP,MON,SA,G,,0.1,,19,NITRITE-N,NO2,0.0012,PMR,,0.0012,,,0.0001,,,mg/L,3,N,A,FIU110806,,0,0,,,,,,25.0837,81.080581,,,FIU,FIU,,,,,,,,EPA353.2,,00615,,Sample Filtered with 0.7 glass fiber filter.
FLAB25,FLAB,7/12/01,SAMP,MON,SA,G,,0.1,,19,NITRITE-N,NO2,0.0009,PMR,,0.0009,,,0.0001,,,mg/L,3,N,A,FIU17808,,0,0,,,,,,25.0837,81.080581,,,FIU,FIU,,,,,,,,EPA353.2,,00615,,Sample Filtered with 0.7 glass fiber filter.
FLAB25,FLAB,8/14/01,SAMP,MON,SA,G,,0.1,,19,NITRITE-N,NO2,0.0004,PMR,,0.0004,,,0.0001,,,mg/L,3,N,A,FIU17810,,0,0,,,,,,25.0837,81.080581,,,FIU,FIU,,,,,,,,EPA353.2,,00615,,Sample Filtered with 0.7 glass fiber filter.
FLAB25,FLAB,9/5/01,SAMP,MON,SA,G,,0.1,,19,NITRITE-N,NO2,0.0015,PMR,,0.0015,,,0.0001,,,mg/L,3,N,A,FIU17812,,0,0,,,,,,25.0837,81.080581,,,FIU,FIU,,,,,,,,EPA353.2,,00615,,Sample Filtered with 0.7 glass fiber filter.
FLAB25,FLAB,10/23/01,SAMP,MON,SA,G,,0.1,,19,NITRITE-N,NO2,0.0022,PMR,,0.0022,,,0.0001,,,mg/L,3,N,A,FIU110552,,0,0,,,,,,25.0837,81.080581,,,FIU,FIU,,,,,,128025,11/2/01 0:00,EPA353.2,,00615,,Sample Filtered with 0.7 glass fiber filter.
FLAB25,FLAB,11/8/01,SAMP,MON,SA,G,,0.1,,19,NITRITE-N,NO2,0.0019,PMR,,0.0019,,,0.0001,,,mg/L,3,N,A,FIU110554,,0,0,,,,,,25.0837,81.080581,,,FIU,FIU,,,,,,129025,11/21/01 0:00,EPA353.2,,00615,,Sample Filtered with 0.7 glass fiber filter.
FLAB25,FLAB,12/3/01,SAMP,MON,SA,G,,0.1,,19,NITRITE-N,NO2,0.0011,PMR,Q,0.0011,,,0.0001,,,mg/L,3,N,A,FIU110556,,0,0,,,,,,25.0837,81.080581,,,FIU,FIU,,,,,,130025,2/4/02 0:00,EPA353.2,,00615,,OUT OF HOLDING TIME.  Sample Filtered with 0.7 glass fiber filter.
FLAB25,FLAB,1/29/02,SAMP,MON,SA,G,,0.1,,19,NITRITE-N,NO2,0.0022,,,0.0022,,,0.0001,,,mg/L,3,N,A,FIU113184,,0,0,,,,,,25.0837,81.080581,,,FIU,FIU,,,,,,131025,2/22/02 0:00,EPA353.2,,00615,,
FLAB25,FLAB,2/20/02,SAMP,MON,SA,G,,0.1,,19,NITRITE-N,NO2,0.0006,,,0.0006,,,0.0001,,,mg/L,3,N,A,FIU113186,,0,0,,,,,,25.0837,81.080581,,,FIU,FIU,,,,,,132025,3/26/02 0:00,EPA353.2,,00615,,
FLAB25,FLAB,3/19/02,SAMP,MON,SA,G,,0.1,,19,NITRITE-N,NO2,0.0014,,,0.0014,,,0.0001,,,mg/L,3,N,A,FIU113188,,0,0,,,,,,25.0837,81.080581,,,FIU,FIU,,,,,,133025,4/2/02 0:00,EPA353.2,,00615,,
FLAB25,FLAB,4/9/02,SAMP,MON,SA,G,,0.1,,19,NITRITE-N,NO2,0.0004,,,0.0004,,,0.0001,,,mg/L,3,N,A,134025,,0,0,,,,,,25.0837,81.080581,,,FIU,FIU,,,,,,134025,4/22/02 0:00,EPA353.2,,615,,
FLAB25,FLAB,5/15/02,SAMP,MON,SA,G,,0.1,,19,NITRITE-N,NO2,0.0007,,,0.0007,,,0.0003,,,mg/L,3,N,A,135025,,0,0,,,,,,25.0837,81.080581,,,FIU,FIU,,,,,,135025,5/30/02 10:54,EPA353.2,,615,,
FLAB25,FLAB,6/4/02,SAMP,MON,SA,G,,0.1,,19,NITRITE-N,NO2,0.0011,,,0.0011,,,0.0003,,,mg/L,3,N,A,136025,,0,0,,,,,,25.0837,81.080581,,,FIU,FIU,,,,,,136025,6/11/02 11:57,EPA353.2,,615,,
FLAB25,FLAB,7/11/02,SAMP,MON,SA,G,,0.1,,19,NITRITE-N,NO2,0.0004,,,0.0004,,,0.0003,0.0011,,mg/L,3,N,A,137025,,0,0,,,,,,25.0837,81.080581,,,FIU,FIU,,,,,,137025,7/18/02 10:26,EPA353.2,,615,,
FLAB25,FLAB,8/19/02,SAMP,MON,SA,G,,0.1,,19,NITRITE-N,NO2,0.0008,,,0.0008,,,0.0003,0.0011,,mg/L,3,N,A,138025,,0,0,,,,,,25.0837,81.080581,,,FIU,FIU,,,,,,138025,8/21/02 13:59,EPA353.2,,00615,,
FLAB25,FLAB,9/17/02,SAMP,MON,SA,G,,0.1,,19,NITRITE-N,NO2,0.0005,,,0.0005,,,0.0003,0.0011,,mg/L,3,N,A,139025,,0,0,,,,,,25.0837,81.080581,,,FIU,FIU,,,,,,139025,9/26/02 8:10,EPA353.2,,00615,,
FLAB25,FLAB,10/17/02,SAMP,MON,SA,G,,0.1,,19,NITRITE-N,NO2,0.0026,,,0.0026,,,0.0003,0.0011,,mg/L,3,N,A,140025,,0,0,,,,,,25.0837,81.080581,,,FIU,FIU,,,,,,140025,10/23/02 12:27,EPA353.2,,00615,,
FLAB25,FLAB,11/14/02,SAMP,MON,SA,G,,0.1,,19,NITRITE-N,NO2,0.0006,,,0.0006,,,0.0003,0.0011,,mg/L,3,N,A,141025,,0,0,,,,,,25.0837,81.080581,,,FIU,FIU,,,,,,141025,11/20/02 12:00,EPA353.2,,00615,,
FLAB25,FLAB,12/11/02,SAMP,MON,SA,G,,0.1,,19,NITRITE-N,NO2,0.0007,,,0.0007,,,0.0003,0.0011,,mg/L,3,N,A,142025,,0,0,,,,,,25.0837,81.080581,,,FIU,FIU,,,,,,142025,12/18/02 10:44,EPA353.2,,00615,,
FLAB25,FLAB,1/28/03,SAMP,MON,SA,G,,0.1,,19,NITRITE-N,NO2,0.0019,,,0.0019,,,0.0003,0.0011,,mg/L,3,N,A,143025,,0,0,,,,,,25.0837,81.080581,,,FIU,FIU,,,,,,143025,1/30/03 14:34,EPA353.2,,00615,,
FLAB25,FLAB,2/25/03,SAMP,MON,SA,G,,0.1,,19,NITRITE-N,NO2,0.0013,,,0.0013,,,0.0003,0.0011,,mg/L,3,N,A,144025,,0,0,,,,,,25.0837,81.080581,,,FIU,FIU,,,,,,144025,2/27/03 13:25,EPA353.2,,00615,,
FLAB25,FLAB,3/13/03,SAMP,MON,SA,G,,0.1,,19,NITRITE-N,NO2,0.0006,I,I,0.0006,,,0.0003,0.0011,,mg/L,3,N,A,145025,,0,0,,,,,,25.0837,81.080581,,,FIU,FIU,,,,CA,,145025,3/19/03 13:44,EPA353.2,,00615,,
FLAB25,FLAB,4/9/03,SAMP,MON,SA,G,,0.1,,19,NITRITE-N,NO2,0.0008,I,,0.0008,,,0.0003,0.0011,,mg/L,3,N,A,146025,,0,0,,,,,,25.0837,81.080581,,,FIU,FIU,,,,,,146025,4/14/03 8:31,EPA353.2,,615,,
FLAB25,FLAB,5/8/03,SAMP,MON,SA,G,,0.1,,19,NITRITE-N,NO2,0.0039,,,0.0039,,,0.0003,0.0011,,mg/L,3,N,A,147025,,0,0,,,,,,25.0837,81.080581,,,FIU,FIU,,,,,,147025,5/14/03 13:09,EPA353.2,,615,,
FLAB25,FLAB,6/10/03,SAMP,MON,SA,G,,0.1,,19,NITRITE-N,NO2,0.0003,U,,-0.0003,,,0.0003,0.0011,,mg/L,3,Y,A,148025,,0,0,,,,,,25.0837,81.080581,,,FIU,FIU,,,,,,148025,6/13/03 12:13,EPA353.2,,615,,
FLAB25,FLAB,7/1/03,SAMP,MON,SA,G,,0.1,,19,NITRITE-N,NO2,0.0006,,,0.0006,,,0.0003,0.0011,,mg/L,3,N,A,149025,,0,0,,,,,,25.0837,81.080581,,,FIU,FIU,,,,,,149025,7/9/03 10:00,EPA353.2,,615,,
FLAB25,FLAB,8/25/03,SAMP,MON,SA,G,,0.1,,19,NITRITE-N,NO2,0.0013,,,0.0013,,,0.0003,0.0011,,mg/L,3,N,A,150025,,0,0,,,,,,25.0837,81.080581,,,FIU,FIU,,,,,,150025,9/17/03 15:58,EPA353.2,,615,,
FLAB25,FLAB,9/9/03,SAMP,MON,SA,G,,0.1,,19,NITRITE-N,NO2,0.0004,I,,0.0004,,,0.0003,0.0011,,mg/L,3,N,A,151025,,0,0,,,,,,25.0837,81.080581,,,FIU,FIU,,,,,,151025,9/26/03 12:46,EPA353.2,,615,,
FLAB25,FLAB,10/15/03,SAMP,MON,SA,G,,0.1,,19,NITRITE-N,NO2,0.0015,,,0.0015,,,0.0003,0.0011,,mg/L,3,N,A,152025,,0,0,,,,,,25.0837,81.080581,,,FIU,FIU,,,,,,152025,11/3/03 11:21,EPA353.2,,615,,
FLAB25,FLAB,11/7/03,SAMP,MON,SA,G,,0.1,,19,NITRITE-N,NO2,0.001,I,,0.001,,,0.0003,0.0011,,mg/L,3,N,A,153025,,0,0,,,,,,25.0837,81.080581,,,FIU,FIU,,,,,,153025,11/17/03 13:20,EPA353.2,,615,,
FLAB25,FLAB,12/3/03,SAMP,MON,SA,G,,0.1,,19,NITRITE-N,NO2,0.0037,,,0.0037,,,0.0003,0.0011,,mg/L,3,N,A,154025,,0,0,,,,,,25.0837,81.080581,,,FIU,FIU,,,,,,154025,12/8/03 15:45,EPA353.2,,615,,
FLAB25,FLAB,1/21/04,SAMP,MON,SA,G,,0.1,,19,NITRITE-N,NO2,0.0003,I,,0.0003,,,0.0003,0.0015,,mg/L,3,N,A,155025,,0,0,,,,,,25.0837,81.080581,,,FIU,FIU,,,,,,155025,1/29/04 12:27,EPA353.2,,615,,SAMPLE FILTERED WITH 0.7 GLASS FIBER FILTER.
FLAB25,FLAB,2/24/04,SAMP,MON,SA,G,,0.1,,19,NITRITE-N,NO2,0.0004,I,,0.0004,,,0.0003,0.0015,,mg/L,3,N,A,156025,,0,0,,,,,,25.0837,81.080581,,,FIU,FIU,,,,,,156025,2/27/04 8:27,EPA353.2,,615,,SAMPLE FILTERED WITH 0.7 GLASS FIBER FILTER.
FLAB25,FLAB,3/23/04,SAMP,MON,SA,G,,0.1,,19,NITRITE-N,NO2,0.0019,PMR,,0.0019,,,0.0003,0.0015,,mg/L,3,N,A,157025,,0,0,,,,,,25.0837,81.080581,,,FIU,FIU,,,,,,157025,3/29/04 14:16,EPA353.2,,615,,SAMPLE FILTERED WITH 0.7 GLASS FIBER FILTER.
FLAB25,FLAB,4/21/04,SAMP,MON,SA,G,,0.1,,19,NITRITE-N,NO2,0.0006,I,PMR,0.0006,,,0.0003,0.0015,,mg/L,3,N,A,158025,,0,0,,,,,,25.0837,81.080581,,,FIU,WMD,,,,,,158025,4/27/04 13:53,EPA353.2,,615,,SAMPLE FILTERED WITH 0.7 GLASS FIBER FILTER.
FLAB25,FLAB,5/21/04,SAMP,MON,SA,G,,0.1,,19,NITRITE-N,NO2,0.0003,I,PMR,0.0003,,,0.0003,0.0015,,mg/L,3,N,A,159025,,0,0,,,,,,25.0837,81.080581,,,FIU,FIU,,,,,,159025,5/26/04 12:11,EPA353.2,,615,,SAMPLE FILTERED WITH 0.7 GLASS FIBER FILTER.
FLAB25,FLAB,6/28/04,SAMP,MON,SA,G,,0.1,,19,NITRITE-N,NO2,0.0007,I,PMR,0.0007,,,0.0003,0.0015,,mg/L,3,N,A,160025,,0,0,,,,,,25.0837,81.080581,,,FIU,FIU,,,,,,160025,7/6/04 10:41,EPA353.2,,615,,SAMPLE FILTERED WITH 0.7 GLASS FIBER FILTER.
FLAB25,FLAB,7/27/04,SAMP,MON,SA,G,,0.1,,19,NITRITE-N,NO2,0.0003,U,PMR,-0.0003,,,0.0003,0.0015,,mg/L,3,Y,A,161025,,0,0,,,,,,25.0837,81.080581,,,FIU,FIU,,,,,,161025,8/4/04 12:14,EPA353.2,,615,,SAMPLE FILTERED WITH 0.7 GLASS FIBER FILTER.
FLAB25,FLAB,8/24/04,SAMP,MON,SA,G,,0.1,,19,NITRITE-N,NO2,0.0004,I,PMR,0.0004,,,0.0003,0.0015,,mg/L,3,N,A,162025,,0,0,,,,,,25.0837,81.080581,,,FIU,FIU,,,,,,162025,8/31/04 12:47,EPA353.2,,615,,SAMPLE FILTERED WITH 0.7 GLASS FIBER FILTER.
FLAB25,FLAB,9/28/04,SAMP,MON,SA,G,,0.1,,19,NITRITE-N,NO2,0.0068,PMR,,0.0068,,,0.0003,0.0015,,mg/L,3,N,A,163025,,0,0,,,,,,25.0837,81.080581,,,FIU,FIU,,,,,,163025,10/4/04 12:09,EPA353.2,,615,,SAMPLE FILTERED WITH 0.7 GLASS FIBER FILTER.
FLAB25,FLAB,10/26/04,SAMP,MON,SA,G,,0.1,,19,NITRITE-N,NO2,0.0005,I,PMR,0.0005,,,0.0003,0.0015,,mg/L,3,N,A,164025,,0,0,,,,,,25.0837,81.080581,,,FIU,FIU,,,,,,164025,11/1/04 12:24,EPA353.2,,615,,SAMPLE FILTERED WITH 0.7 GLASS FIBER FILTER.
FLAB25,FLAB,11/29/04,SAMP,MON,SA,G,,0.1,,19,NITRITE-N,NO2,0.0018,PMR,,0.0018,,,0.0003,0.0015,,mg/L,3,N,A,165025,,0,0,,,,,,25.0837,81.080581,,,FIU,FIU,,,,,,165025,12/3/04 11:59,EPA353.2,,615,,SAMPLE FILTERED WITH 0.7 GLASS FIBER FILTER.
FLAB25,FLAB,12/14/04,SAMP,MON,SA,G,,0.1,,19,NITRITE-N,NO2,0.003,PMR,,0.003,,,0.0003,0.0015,,mg/L,3,N,A,166025,,0,0,,,,,,25.0837,81.080581,,,FIU,FIU,,,,,,166025,12/20/04 12:05,EPA353.2,,615,,SAMPLE FILTERED WITH 0.7 GLASS FIBER FILTER.
FLAB25,FLAB,10/9/06,SAMP,MON,SA,G,,0,,19,NITRITE-N,NO2,0.0004626,"Y,I,V,J5,J",yes,0.00046,,1,0.00028,0.00224,,mg/L,3,N,A,FB188FB025FB,,0,0,,,,,,25.0837,81.080581,FIU,E76930,FIU,WMD,WMD,2,BA,CA,,AB64826,10/11/06 10:21,EPA 353.2,,613,,"V,LCS Recovery Outside of Control Limits. Exceded Batch Size Exceded Batch Size NELAC certified, DEP variance will be obtained by Dec 2008"
FLAB25,FLAB,10/9/06,SAMP,MON,SA,G,,0,,19,NITRITE-N,NO2,0.0004564,"Y,I,V,J5,J",yes,0.00046,,1,0.00028,0.00224,,mg/L,3,N,A,FB188FB025FA,,0,0,,,,,,25.0837,81.080581,FIU,E76930,FIU,WMD,WMD,2,BA,CA,,AB64825,10/11/06 10:21,EPA 353.2,,613,,"V,LCS Recovery Outside of Control Limits. Exceded Batch Size Exceded Batch Size NELAC certified, DEP variance will be obtained by Dec 2008"
FLAB25,FLAB,11/7/06,SAMP,MON,SA,G,,0,,19,NITRITE-N,NO2,0.0005654,"Y,I,Q,J5,J",yes,0.00057,,1,0.00028,0.00224,,mg/L,3,N,A,FB189FB025FA,,0,0,,,,,,25.0837,81.080581,FIU,E76930,FIU,WMD,WMD,2,BA,CA,,AB70906,11/15/06 10:11,EPA 353.2,,613,,"Sampling to Analysis Holding Time Exceeded. Target analyte was found in EB;Exceded Batch Size Exceded Batch Size Frozen and Analyzed within 48 hours of thawing, 28 days max.:HT Over 189 h:NELAC certified, DEP variance will be obtained by Dec 2008"
FLAB25,FLAB,11/7/06,SAMP,MON,SA,G,,0,,19,NITRITE-N,NO2,0.0006686,"Y,I,Q,J5,J",yes,0.00067,,1,0.00028,0.00224,,mg/L,3,N,A,FB189FB025FB,,0,0,,,,,,25.0837,81.080581,FIU,E76930,FIU,WMD,WMD,2,BA,CA,,AB70907,11/15/06 10:11,EPA 353.2,,613,,"Sampling to Analysis Holding Time Exceeded. Target analyte was found in EB;Exceded Batch Size Exceded Batch Size Frozen and Analyzed within 48 hours of thawing, 28 days max.:HT Over 189 h:NELAC certified, DEP variance will be obtained by Dec 2008"
FLAB25,FLAB,12/3/06,SAMP,MON,SA,G,,0,,19,NITRITE-N,NO2,0.00347,"Y,J,Q,J5",yes,0.00347,,1,0.00028,0.00224,,mg/L,3,N,A,FB190FB025FA,,0,0,,,,,,25.0837,81.080581,FIU,E76930,FIU,WMD,WMD,2,BA,CA,,ab72226,12/15/06 12:03,EPA 353.2,,613,,"LCS Recovery Outside of Control Limits.  Sampling to Analysis Holding Time Exceeded. Exceded Batch Size Exceded Batch Size Frozen and Analyzed within 48 hours of thawing, 28 days max.:HT Over 288 h:NELAC certified, DEP variance will be obtained by Dec 2008 LCS Failure"
FLAB25,FLAB,12/3/06,SAMP,MON,SA,G,,0,,19,NITRITE-N,NO2,0.00362,"Y,J,Q,J5",yes,0.00362,,1,0.00028,0.00224,,mg/L,3,N,A,FB190FB025FB,,0,0,,,,,,25.0837,81.080581,FIU,E76930,FIU,WMD,WMD,2,BA,CA,,ab72227,12/15/06 12:03,EPA 353.2,,613,,"LCS Recovery Outside of Control Limits.  Sampling to Analysis Holding Time Exceeded. Exceded Batch Size Exceded Batch Size Frozen and Analyzed within 48 hours of thawing, 28 days max.:HT Over 288 h:NELAC certified, DEP variance will be obtained by Dec 2008 LCS Failure"
FLAB25,FLAB,1/11/07,SAMP,MON,SA,G,,0,,19,NITRITE-N,NO2,0.0009275,"A,Y,I,Q,J5,J",yes,0.00093,,1,0.00028,0.00224,,mg/L,3,N,A,FB191FB025FA,,0,0,,,,,,25.0837,81.080581,FIU,E76930,FIU,WMD,WMD,2,BA,CA,,ab74882,1/26/07 11:52,EPA 353.2,,613,,"V,Target analyte was found in EB. Sampling to Analysis Holding Time Exceeded. Exceded Batch Size Exceded Batch Size Frozen and Analyzed within 48 hours of thawing, 28 days max.:HT Over 362 h:NELAC certified, DEP variance will be obtained by Dec 2008"
FLAB25,FLAB,1/11/07,SAMP,MON,SA,G,,0,,19,NITRITE-N,NO2,0.0008156,"A,Y,I,Q,J5,J",yes,0.00082,,1,0.00028,0.00224,,mg/L,3,N,A,FB191FB025FB,,0,0,,,,,,25.0837,81.080581,FIU,E76930,FIU,WMD,WMD,2,BA,CA,,ab74883,1/26/07 11:52,EPA 353.2,,613,,"V,Target analyte was found in EB. Sampling to Analysis Holding Time Exceeded. Exceded Batch Size Exceded Batch Size Frozen and Analyzed within 48 hours of thawing, 28 days max.:HT Over 362 h:NELAC certified, DEP variance will be obtained by Dec 2008"
FLAB25,FLAB,2/7/07,SAMP,MON,SA,G,,0,,19,NITRITE-N,NO2,0.0003519,"A,Y,I,Q,J5,J",yes,0.00035,,1,0.00028,0.00224,,mg/L,3,N,A,FB192FB025FB,,0,0,,,,,,25.0837,81.080581,FIU,E76930,FIU,WMD,WMD,2,BA,CA,,AB76781,2/12/07 8:56,EPA 353.2,,613,,"V, Sampling to Analysis Holding Time Exceeded. Exceded Batch Size Exceded Batch Size Frozen and Analyzed within 48 hours of thawing, 28 days max.:HT Over 116 h:NELAC certified, DEP variance will be obtained by Dec 2008"
FLAB25,FLAB,2/7/07,SAMP,MON,SA,G,,0,,19,NITRITE-N,NO2,0.0003596,"A,Y,I,Q,J5,J",yes,0.00036,,1,0.00028,0.00224,,mg/L,3,N,A,FB192FB025FA,,0,0,,,,,,25.0837,81.080581,FIU,E76930,FIU,WMD,WMD,2,BA,CA,,AB76780,2/12/07 8:56,EPA 353.2,,613,,"V,Target analyte was found in EB. Sampling to Analysis Holding Time Exceeded. Exceded Batch Size Exceded Batch Size Frozen and Analyzed within 48 hours of thawing, 28 days max.:HT Over 116 h:NELAC certified, DEP variance will be obtained by Dec 2008"
FLAB25,FLAB,3/12/07,SAMP,MON,SA,G,,0,,19,NITRITE-N,NO2,0.000677,"A,Y,I,Q,V,J5,J",yes,0.00068,,1,0.00028,0.00224,,mg/L,3,N,A,FB193FB025FB,,0,0,,,,,,25.0837,81.080581,FIU,E76930,FIU,WMD,WMD,2,BA,CA,,AB78031,4/2/07 7:52,EPA 353.2,,613,,"V,Target analyte was found in EB. Sampling to Analysis Holding Time Exceeded. Exceded Batch Size Exceded Batch Size Frozen and Analyzed within 48 hours of thawing, 28 days max.:HT Over 498 h:NELAC certified, DEP variance will be obtained by Dec 2008"
FLAB25,FLAB,3/12/07,SAMP,MON,SA,G,,0,,19,NITRITE-N,NO2,0.0002908,"A,Y,I,Q,V,J5,J",yes,0.00029,,1,0.00028,0.00224,,mg/L,3,N,A,FB193FB025FA,,0,0,,,,,,25.0837,81.080581,FIU,E76930,FIU,WMD,WMD,2,BA,CA,,AB78030,4/2/07 7:52,EPA 353.2,,613,,"V,Target analyte was found in EB. Sampling to Analysis Holding Time Exceeded. Exceded Batch Size Exceded Batch Size Frozen and Analyzed within 48 hours of thawing, 28 days max.:HT Over 498 h:NELAC certified, DEP variance will be obtained by Dec 2008"
FLAB25,FLAB,4/3/07,SAMP,MON,SA,G,,0,,19,NITRITE-N,NO2,0.0004709,"Y,I,Q,J5,J",yes,0.00047,,1,0.00028,0.00224,,mg/L,3,N,A,FB194FB025FB,,0,0,,,,,,25.0837,81.080581,FIU,E76930,FIU,WMD,WMD,2,BA,CA,,AB79056,4/11/07 9:32,EPA 353.2,,613,,"Sampling to Analysis Holding Time Exceeded. Target analyte was found in EB;Exceded Batch Size Frozen and Analyzed within 48 hours of thawing, 28 days max.:HT Over 190 h:NELAC certified, DEP variance will be obtained by Dec 2008"
FLAB25,FLAB,4/3/07,SAMP,MON,SA,G,,0,,19,NITRITE-N,NO2,0.0008083,"Y,I,Q,J5,J",yes,0.00081,,1,0.00028,0.00224,,mg/L,3,N,A,FB194FB025FA,,0,0,,,,,,25.0837,81.080581,FIU,E76930,FIU,WMD,WMD,2,BA,CA,,AB79055,4/11/07 9:32,EPA 353.2,,613,,"Sampling to Analysis Holding Time Exceeded. Target analyte was found in EB;Exceded Batch Size Frozen and Analyzed within 48 hours of thawing, 28 days max.:HT Over 190 h:NELAC certified, DEP variance will be obtained by Dec 2008"
FLAB25,FLAB,5/1/07,SAMP,MON,SA,G,,0,,19,NITRITE-N,NO2,0.0013,"Y,I,Q,V,J5,J",yes,0.0013,,1,0.00028,0.00224,,mg/L,3,N,A,FB195FB025FA,,0,0,,,,,,25.0837,81.080581,FIU,E76930,FIU,WMD,WMD,2,BA,CA,,AB82116,5/9/07 10:18,EPA 353.2,,613,,"V, Sampling to Analysis Holding Time Exceeded. Exceded Batch Size Exceded Batch Size Frozen and Analyzed within 48 hours of thawing, 28 days max.:HT Over 190 h:NELAC certified, DEP variance will be obtained by Dec 2008"
FLAB25,FLAB,5/1/07,SAMP,MON,SA,G,,0,,19,NITRITE-N,NO2,0.00142,"Y,I,Q,V,J5,J",yes,0.00142,,1,0.00028,0.00224,,mg/L,3,N,A,FB195FB025FB,,0,0,,,,,,25.0837,81.080581,FIU,E76930,FIU,WMD,WMD,2,BA,CA,,AB82117,5/9/07 10:18,EPA 353.2,,613,,"V, Sampling to Analysis Holding Time Exceeded. Exceded Batch Size Exceded Batch Size Frozen and Analyzed within 48 hours of thawing, 28 days max.:HT Over 190 h:NELAC certified, DEP variance will be obtained by Dec 2008"
FLAB25,FLAB,6/6/07,SAMP,MON,SA,G,,0,,19,NITRITE-N,NO2,0.0007096,"Y,I,Q,V,J5,J",yes,0.00071,,1,0.00028,0.00224,,mg/L,3,N,A,FB196FB025FA,,0,0,,,,,,25.0837,81.080581,FIU,E76930,FIU,WMD,WMD,2,BA,CA,,AB84015,6/12/07 9:16,EPA 353.2,,613,,"V, Sampling to Analysis Holding Time Exceeded. Exceded Batch Size Exceded Batch Size Frozen and Analyzed within 48 hours of thawing, 28 days max.:HT Over 140 h:NELAC certified, DEP variance will be obtained by Dec 2008"
FLAB25,FLAB,6/6/07,SAMP,MON,SA,G,,0,,19,NITRITE-N,NO2,0.00107,"Y,I,Q,V,J5,J",yes,0.00107,,1,0.00028,0.00224,,mg/L,3,N,A,FB196FB025FB,,0,0,,,,,,25.0837,81.080581,FIU,E76930,FIU,WMD,WMD,2,BA,CA,,AB84016,6/12/07 9:16,EPA 353.2,,613,,"V,Target analyte was found in EB. Sampling to Analysis Holding Time Exceeded. Exceded Batch Size Exceded Batch Size Frozen and Analyzed within 48 hours of thawing, 28 days max.:HT Over 140 h:NELAC certified, DEP variance will be obtained by Dec 2008"
FLAB25,FLAB,7/3/07,SAMP,MON,SA,G,,0,,19,NITRITE-N,NO2,0.000981,"A,I,J,Y",yes,0.00098,,1,0.00028,0.00224,,mg/L,3,N,A,FB197FB025FB,,0,0,,,,,,25.0837,81.080581,FIU,E76930,FIU,WMD,WMD,2,BA,CA,,AB85595,7/9/07 8:41,EPA 353.2,,613,,"V, Sampling to Analysis Holding Time Exceeded."
FLAB25,FLAB,7/3/07,SAMP,MON,SA,G,,0,,19,NITRITE-N,NO2,0.00147,"A,I,J,Y",yes,0.00147,,1,0.00028,0.00224,,mg/L,3,N,A,FB197FB025FA,,0,0,,,,,,25.0837,81.080581,FIU,E76930,FIU,WMD,WMD,2,BA,CA,,AB85594,7/9/07 8:41,EPA 353.2,,613,,Sampling to Analysis Holding Time Exceeded. V;
FLAB25,FLAB,8/7/07,SAMP,MON,SA,G,,0,,19,NITRITE-N,NO2,0.000584,"A,I,J,Y",yes,0.00058,,1,0.00028,0.00224,,mg/L,3,N,A,FB198FB025FB,,0,0,,,,,,25.0837,81.080581,FIU,E76930,FIU,WMD,WMD,2,BA,CA,,AB89052,8/20/07 9:05,EPA 353.2,,613,,"V, Sampling to Analysis Holding Time Exceeded."
FLAB25,FLAB,8/7/07,SAMP,MON,SA,G,,0,,19,NITRITE-N,NO2,0.000699,"A,I,J,Y",yes,0.0007,,1,0.00028,0.00224,,mg/L,3,N,A,FB198FB025FA,,0,0,,,,,,25.0837,81.080581,FIU,E76930,FIU,WMD,WMD,2,BA,CA,,AB89051,8/20/07 9:05,EPA 353.2,,613,,Sampling to Analysis Holding Time Exceeded. V;
FLAB25,FLAB,9/5/07,SAMP,MON,SA,G,,0,,19,NITRITE-N,NO2,0.00197,"A,I,J,Y",yes,0.00197,,1,0.00028,0.00224,,mg/L,3,N,A,FB199FB025FA,,0,0,,,,,,25.0837,81.080581,FIU,E76930,FIU,WMD,WMD,2,BA,CA,,AB90722,9/18/07 10:06,EPA 353.2,,613,,Sampling to Analysis Holding Time Exceeded. V;
FLAB25,FLAB,9/5/07,SAMP,MON,SA,G,,0,,19,NITRITE-N,NO2,0.00205,"A,I,J,Y",yes,0.00205,,1,0.00028,0.00224,,mg/L,3,N,A,FB199FB025FB,,0,0,,,,,,25.0837,81.080581,FIU,E76930,FIU,WMD,WMD,2,BA,CA,,AB90723,9/18/07 10:06,EPA 353.2,,613,,"V, Sampling to Analysis Holding Time Exceeded."
FLAB25,FLAB,10/4/07,SAMP,MON,SA,G,,0,,19,NITRITE-N,NO2,0.00108,"A,Y,I,Q,V,J5,J",yes,0.00108,,1,0.00028,0.00224,,mg/L,3,N,A,FB200FB025,,0,0,,,,,,25.0837,81.080581,FIU,E76930,FIU,WMD,WMD,2,BA,CA,,AB92301,10/11/07 9:30,EPA 353.2,,613,,"Target analyte was found in FB. Sampling to Analysis Holding Time Exceeded. V;Exceded Batch Size Frozen and Analyzed within 48 hours of thawing, 28 days max.:HT Over 165 h:NELAC certified, DEP variance will be obtained by Dec 2008; filtered through 0.7 microns"
FLAB25,FLAB,11/6/07,SAMP,MON,SA,G,,0,,19,NITRITE-N,NO2,0.00952,"A,Y,Q,J5,J",yes,0.00952,,1,0.00028,0.00224,,mg/L,3,N,A,FB201FB025,,0,0,,,,,,25.0837,81.080581,FIU,E76930,FIU,WMD,WMD,2,BA,CA,,AB93895,11/15/07 11:21,EPA 353.2,,613,,"Sampling to Analysis Holding Time Exceeded. Exceded Batch Size Frozen and Analyzed within 48 hours of thawing, 28 days max.:HT Over 215 h:NELAC certified, DEP variance will be obtained by Dec 2008; filtered through 0.7 microns"
FLAB25,FLAB,12/7/07,SAMP,MON,SA,G,,0,,19,NITRITE-N,NO2,0.0006477,"A,Y,I,Q,J5,J",yes,0.00065,,1,0.00028,0.00224,,mg/L,3,N,A,FB202FB025,,0,0,,,,,,25.0837,81.080581,FIU,E76930,FIU,WMD,WMD,2,BA,CA,,AB94313,1/3/08 10:35,EPA 353.2,,613,,"Sampling to Analysis Holding Time Exceeded. Exceded Batch Size Frozen and Analyzed within 48 hours of thawing, 28 days max.:HT Over 647 h:NELAC certified, DEP variance will be obtained by Dec 2008; filtered through 0.7 microns"
FLAB25,FLAB,1/9/08,SAMP,MON,SA,G,,0,,19,NITRITE-N,NO2,0.00056,"Y,U,Q,J5,?",yes,-0.00056,,1,0.00056,0.00224,,mg/L,3,Y,A,FB203FB025,,0,0,,,,,,25.0837,81.080581,FIU,E76930,FIU,WMD,WMD,2,BA,CA,,AB95224,1/24/08 9:15,EPA 353.2,,613,,"Sampling to Analysis Holding Time Exceeded. Exceded Batch Size Frozen and Analyzed within 48 hours of thawing, 28 days max.:HT Over 358 h:NELAC certified, DEP variance will be obtained by Aug 2008"
FLAB25,FLAB,2/8/08,SAMP,MON,SA,G,,0,,19,NITRITE-N,NO2,0.00056,"Y,U,Q,J5,?",yes,-0.00056,,1,0.00056,0.00224,,mg/L,3,Y,A,FB204FB025,,0,0,,,,,,25.0837,81.080581,FIU,E76930,FIU,WMD,WMD,2,BA,CA,,AB95739,2/13/08 9:30,EPA 353.2,,613,,"Sampling to Analysis Holding Time Exceeded. Exceded Batch Size Frozen and Analyzed within 48 hours of thawing, 28 days max.:HT Over 117 h:NELAC certified, DEP variance will be obtained by Aug 2008"
FLAB25,FLAB,3/5/08,SAMP,MON,SA,G,,0,,19,NITRITE-N,NO2,0.0006411,"Y,I,Q,J",yes,0.00064,,1,0.00056,0.00224,,mg/L,3,N,A,FB205FB025,,0,0,,,,,,25.0837,81.080581,FIU,E76930,FIU,WMD,WMD,2,BA,CA,,AB95987,3/11/08 9:17,EPA 353.2,,613,,"Sampling to Analysis Holding Time Exceeded. Target analyte was found in FB;Frozen and Analyzed within 48 hours of thawing, 28 days max.:HT Over 141 h:NELAC certified, DEP variance will be obtained by Aug 2008"
FLAB25,FLAB,4/2/08,SAMP,MON,SA,G,,0,,19,NITRITE-N,NO2,0.0008374,"I,Y",yes,0.00084,,1,0.00056,0.00224,,mg/L,3,N,A,FB206FB025,,0,0,,,,,,25.0837,81.080581,FIU,E76930,FIU,WMD,WMD,2,BA,CA,4/2/08 12:50,AB96576,4/3/08 9:49,EPA 353.2,,613,,"NELAC certified, DEP variance will be obtained by Aug 2008"
FLAB25,FLAB,5/7/08,SAMP,MON,SA,G,,0,,19,NITRITE-N,NO2,0.0009002,"I,V,Y",yes,0.0009,,1,0.00056,0.00224,,mg/L,3,N,A,FB207FB025,,0,0,,,,,,25.0837,81.080581,FIU,E76930,FIU,WMD,WMD,2,BA,CA,5/7/08 10:18,AB97320,5/9/08 10:36,EPA 353.2,,613,,"V;NELAC certified, DEP variance will be obtained by Aug 2008"
FLAB25,FLAB,6/4/08,SAMP,MON,SA,G,,0,,19,NITRITE-N,NO2,0.00056,"U,Q,Y,J",yes,-0.00056,,1,0.00056,0.00224,,mg/L,3,Y,A,FB208FB025,,0,0,,,,,,25.0837,81.080581,FIU,E76930,FIU,WMD,WMD,2,BA,CA,6/4/08 10:56,AB97884,6/7/08 12:50,EPA 353.2,,613,,"Sampling to Analysis Holding Time Exceeded. Frozen and Analyzed within 48 hours of thawing, 28 days max.:HT Over 74 h:NELAC certified, DEP variance will be obtained by Aug 2008"
FLAB25,FLAB,1/7/09,SAMP,MON,SA,G,,0.5,,19,NITRITE-N,NO2,0.002,U,,-0.002,,1,0.002,0.008,0.002,mg/L,3,Y,A,P42963-9,,1,2,,,3.3,,,25.0837,81.080581,FWEC,E46077,WMD,WMD,WMD,2,BA,NO,1/8/09 9:36,16142009,1/8/09 15:36,SM4500NO3F,,00615,light winds and light chop.  Sample with no visable solids.  Low incoming flow.  good deal of plant matter/alga observed in water column.,
FLAB25,FLAB,2/12/09,SAMP,MON,SA,G,,0.5,,19,NITRITE-N,NO2,0.002,U,,-0.002,,1,0.002,0.008,0.002,mg/L,3,Y,A,P42978-6,,1,2,,,2.4,,,25.0837,81.080581,FWEC,E46077,WMD,WMD,WMD,2,BA,NO,2/12/09 15:47,16157006,2/12/09 16:58,SM4500NO3F,,00615,Very calm conditions.  No wind and very little flow.  Sample clear.,
FLAB25,FLAB,3/16/09,SAMP,MON,SA,G,,0.5,,19,NITRITE-N,NO2,0.002,U,,-0.002,,1,0.002,0.008,0.002,mg/L,3,Y,A,P43361-6,,1,3,,,3.15,,,25.0837,81.080581,FWEC,E46077,WMD,WMD,WMD,2,BA,NO,3/17/09 10:29,16639006,3/17/09 13:06,SM4500NO3F,,00615,Increasing clouds and increasing winds.  light chop.  Sample clear.,
FLAB25,FLAB,4/20/09,SAMP,MON,SA,G,,0.5,,19,NITRITE-N,NO2,0.002,U,,-0.002,,1,0.002,0.008,0.002,mg/L,3,Y,A,P43542-6,,1,3,,,3.9,,,25.0837,81.080581,FWEC,E46077,WMD,WMD,WMD,2,BA,NO,4/21/09 9:50,16865006,4/21/09 11:10,SM4500NO3F,,00615,choppy conditions with medium swell. Sample clear of solids.,
FLAB25,FLAB,5/18/09,SAMP,MON,SA,G,,0.5,,19,NITRITE-N,NO2,0.002,U,,-0.002,,1,0.002,0.008,0.002,mg/L,3,Y,A,P43936-6,,1,3,,,3.8,,,25.0837,81.080581,FWEC,E46077,WMD,WMD,WMD,2,BA,NO,5/19/09 9:50,17327006,5/19/09 15:02,SM4500NO3F,,00615,Strog wind and moderate chop.  Sample clear,
FLAB25,FLAB,6/11/09,SAMP,MON,SA,G,,0.5,,19,NITRITE-N,NO2,0.002,U,,-0.002,,1,0.002,0.008,0.002,mg/L,3,Y,A,P43955-6,,1,2,,,2.9,,,25.0837,81.080581,FWEC,E46077,WMD,WMD,WMD,2,BA,NO,6/11/09 16:09,17348006,6/11/09 17:18,SM4500NO3F,,00615,Calm conditions.  Sample clear of solids.,
FLAB25,FLAB,7/20/09,SAMP,MON,SA,G,,0.5,,19,NITRITE-N,NO2,0.002,U,,-0.002,,1,0.002,0.008,0.002,mg/L,3,Y,A,P44584-6,,1,2,,,3.71,,,25.0837,81.080581,FWEC,E46077,WMD,WMD,WMD,2,BA,NO,7/21/09 10:16,18191020,7/21/09 15:02,SM4500NO3F,,00615,"sample clear, no solids.  strong incoming flow.  calm seas. sunny, temp 95-97 degrees F.",
FLAB25,FLAB,8/17/09,SAMP,MON,SA,G,,0.5,,19,NITRITE-N,NO2,0.002,U,,-0.002,,1,0.002,0.008,0.002,mg/L,3,Y,A,P44716-6,,1,2,,,3.9,,,25.0837,81.080581,FWEC,E46077,WMD,WMD,WMD,2,BA,NO,8/18/09 11:13,18361017,8/18/09 17:09,SM4500NO3F,,00615,"Sample clear, no visible solids.  Slight sediment in sample bucket.  Seaweed on surface. Very rough conditions.  Seas 4-4, wind 20 knots.  Sunny with some cloud coverage.  Temperature low to mid 90's degrees F.",
FLAB25,FLAB,9/15/09,SAMP,MON,SA,G,,0.5,,19,NITRITE-N,NO2,0.002,I,,0.002,,1,0.002,0.008,0.002,mg/L,3,N,A,P45421-8,,1,2,,,3.8,,,25.0837,81.080581,FWEC,E46077,WMD,WMD,WMD,2,BA,NO,9/16/09 10:46,19266008,9/16/09 13:58,SM4500NO3F,,00615,"Sample clear, with low solids.  Some sediment in sample bucket.  Moderate incoming flow, light chop on water.  Soem seagrass floating on water surface.",
FLAB25,FLAB,10/12/09,SAMP,MON,SA,G,,0.5,,19,NITRITE-N,NO2,0.002,U,,-0.002,,1,0.002,0.008,0.002,mg/L,3,Y,A,P45906-6,,1,2,,,3.2,,,25.0837,81.080581,FWEC,E46077,WMD,WMD,WMD,2,BA,NO,10/13/09 9:43,19878006,10/13/09 13:06,SM4500NO3F,,00615,Sample clear with no visible solids. Moderate flow. 2.5' chop on water's surface with winds approx. 15-20 mph.,
FLAB25,FLAB,11/12/09,SAMP,MON,SA,G,,0.5,,19,NITRITE-N,NO2,0.004,I,,0.004,,1,0.002,0.008,0.002,mg/L,3,N,A,P46183-11,,1,4,,,3.9,,,25.0837,81.080581,FWEC,E46077,WMD,WMD,WMD,2,BA,NO,11/13/09 10:04,20232011,11/13/09 11:54,SM4500NO3F,,00615,"Sample pale yellow-green, with low solids.  Very choppy, seas 3-4, strong incoming flow. Winds 20 mph.",
FLAB25,FLAB,12/7/09,SAMP,MON,SA,G,,0.5,m,19,NITRITE-N,NO2,0.002,I,,0.002,,1,0.002,0.008,0.002,mg/L,3,N,A,P46552-6,,1,1,,,,,,25.0837,81.080581,FWEC,E46077,WMD,WMD,WMD,2,BA,NO,12/8/09 10:37,20736006,12/8/09 12:43,SM4500NO3F,,00615,"Sample clear, no visible solids.  Low flow.  Moderate chop.  Winds 5-10 mph.",
FLAB25,FLAB,1/11/10,SAMP,MON,SA,G,,0.5,m,19,NITRITE-N,NO2,0.002,U,,-0.002,,1,0.002,0.008,0.002,mg/L,3,Y,A,P46793-2,,1,1,,,,,,25.0837,81.080581,FWEC,E46077,WMD,WMD,WMD,2,BA,NO,1/12/10 11:13,21031002,1/12/10 12:25,SM4500NO3F,,615,"Sample cloudy pale yellow, with medium solids.  Strong incoming flow. Rough seas 2-3 feet.  Winds 15-20mph.  Water temperatures below 10 degrees C. WARNING: TEMP exceeds QC limit of 10 to 35 Celsius",
FLAB25,FLAB,2/8/10,SAMP,MON,SA,G,,0.5,m,19,NITRITE-N,NO2,0.002,U,,-0.002,,1,0.002,0.008,0.002,mg/L,3,Y,A,P47183-2,,1,3,,,,,,25.0837,81.080581,FWEC,E46077,WMD,WMD,WMD,2,BA,NO,2/9/10 12:49,21666002,2/9/10 16:03,SM4500NO3F,,00615,"Sample clear, no visible solids.  Low flow.  Slight chop on water. Winds 5-10mph.",
FLAB25,FLAB,3/8/10,SAMP,MON,SA,G,,0.5,m,19,NITRITE-N,NO2,0.002,U,,-0.002,,1,0.002,0.008,0.002,mg/L,3,Y,A,P47472-2,,1,1,,,,,,25.0837,81.080581,FWEC,E46077,WMD,WMD,WMD,2,BA,NO,3/9/10 10:29,22046002,3/9/10 12:14,SM4500NO3F,,00615,"Sample pale green with no visible solids. Calm conditions, with minimal chop.  Low flow.  FCEB taken at this station.",
FLAB25,FLAB,4/13/10,SAMP,MON,SA,G,,0.5,m,19,NITRITE-N,NO2,0.002,"U,Q",yes,-0.002,,1,0.002,0.008,0.002,mg/L,3,Y,A,P47829-9,,1,1,,,,,,25.0837,81.080581,FWEC,E46077,WMD,WMD,WMD,2,BA,NO,4/15/10 9:04,22511009,4/15/10 10:10,SM4500NO3F,,00615,"Sample pale green, low solids.  Moderate flow.  Water choppy, seas 1-2 feet.  Winds 10-12mph.",Analysis done after the approved holding time
FLAB25,FLAB,5/10/10,SAMP,MON,SA,G,,0.5,m,19,NITRITE-N,NO2,0.002,I,,0.002,,1,0.002,0.008,0.002,mg/L,3,N,A,P48081-2,,1,1,,,,,,25.0837,81.080581,FWEC,E46077,WMD,WMD,WMD,2,BA,NO,5/11/10 10:36,22817002,5/11/10 13:14,SM4500NO3F,,00615,"Sample clear, no visible solids.  Water very choppy, 2-3 foot seas.  Moderate flow.  Winds 15-18mph.",
FLAB25,FLAB,6/8/10,SAMP,MON,SA,G,,0.5,m,19,NITRITE-N,NO2,0.002,U,,-0.002,,1,0.002,0.008,0.002,mg/L,3,Y,A,P48380-8,,1,2,,,,,,25.0837,81.080581,FWEC,E46077,WMD,WMD,WMD,2,BA,NO,6/9/10 12:12,23194008,6/9/10 14:02,SM4500NO3F,,00615,Sample is light green with low suspended solids present. Strong flow with light chop up to 8 inch and constant winds up 6 mph.,
FLAB25,FLAB,7/20/10,SAMP,MON,SA,G,,0.5,m,19,NITRITE-N,NO2,0.002,U,,-0.002,,1,0.002,0.008,0.002,mg/L,3,Y,A,P48679-2,,1,1,,,,,,25.0837,81.080581,FWEC,E46077,WMD,WMD,WMD,2,BA,NO,7/21/10 11:25,23536002,7/21/10 16:06,SM4500NO3F,,00615,"Sample light green, low solids.  Seas choppy, 2-3 feet.  Winds 15-20mph.  Strong incoming flow.",
FLAB25,FLAB,8/16/10,SAMP,MON,SA,G,,0.5,m,19,NITRITE-N,NO2,0.002,U,,-0.002,,1,0.002,0.008,0.002,mg/L,3,Y,A,P48893-2,,1,2,,,,,,25.0837,81.080581,FWEC,E46077,WMD,WMD,WMD,2,BA,NO,8/17/10 10:08,23830002,8/17/10 12:43,SM4500NO3F,,00615,"Sample pale green, with medium solids.  Low flow.  Calm water, minimal chop. Winds 2-5mph.",
FLAB25,FLAB,9/22/10,SAMP,MON,SA,G,,0.5,m,19,NITRITE-N,NO2,0.002,U,,-0.002,,1,0.002,0.008,0.002,mg/L,3,Y,A,P49172-8,,1,1,,,,,,25.0837,81.080581,FWEC,E46077,WMD,WMD,WMD,2,BA,NO,9/23/10 11:08,24186008,9/23/10 15:37,SM4500NO3F,,00615,"Sample light green, low solids.  Minimal chop, 1 foot seas.  Moderate incoming flow.  Winds 5mph, with 8mph gusts.",
FLAB25,FLAB,10/19/10,SAMP,MON,SA,G,,0.5,m,19,NITRITE-N,NO2,0.002,I,,0.002,,1,0.002,0.008,0.002,mg/L,3,N,A,P49628-2,,1,1,,,,,,25.0837,81.080581,FWEC,E46077,WMD,WMD,WMD,2,BA,NO,10/20/10 11:05,24783002,10/20/10 15:02,SM4500NO3F,,00615,"Sample light green, low solids.  Low flow.  Calm water, light chop.  Winds 0-2mph.",
FLAB25,FLAB,11/16/10,SAMP,MON,SA,G,,0.5,m,19,NITRITE-N,NO2,0.002,U,,-0.002,,1,0.002,0.008,0.002,mg/L,3,Y,A,P50070-2,,1,1,,,,,,25.0837,81.080581,FWEC,E46077,WMD,WMD,WMD,2,BA,NO,11/17/10 10:56,25358002,11/17/10 12:15,SM4500NO3F,,00615,"Sample light green, low solids.  Low outgoing flow.  Calm water, minimal chop. Wind 1-2mph.",
FLAB25,FLAB,12/14/10,SAMP,MON,SA,G,,0.5,m,19,NITRITE-N,NO2,0.002,U,,-0.002,,1,0.002,0.008,0.002,mg/L,3,Y,A,P50474-2,,1,1,,,,,,25.0837,81.080581,FWEC,E46077,WMD,WMD,WMD,2,BA,NO,12/15/10 10:14,25855002,12/15/10 14:56,SM4500NO3F,,00615,"Sample pale yellow, medium solids.  Choppy water, 3-4 foot swells.  Winds 10-12mph.  Moderate incoming flow.",
FLAB25,FLAB,1/4/11,SAMP,MON,SA,G,,0.5,m,19,NITRITE-N,NO2,0.002,U,,-0.002,,1,0.002,0.008,0.002,mg/L,3,Y,A,P50635-2,,1,1,,,,,,25.0837,81.080581,FWEC,E46077,WMD,WMD,WMD,2,BA,NO,1/5/11 11:04,26109002,1/5/11 15:38,SM4500NO3F,,00615,"Very low flow at station.  Very low to no chop.  No wind.  Sample light greenish yellow, moderate solids.",
FLAB25,FLAB,2/17/11,SAMP,MON,SA,G,,0.5,m,19,NITRITE-N,NO2,0.002,U,,-0.002,,1,0.002,0.008,0.002,mg/L,3,Y,A,P50937-2,,0,3,,,,,,25.0837,81.080581,WMD,E46077,WMD,WMD,WMD,2,BA,NO,2/18/11 13:41,26504002,2/18/11 15:04,SM4500NO3F,,00615,"Wind E 5-10, Lt chop",
FLAB25,FLAB,3/15/11,SAMP,MON,SA,G,,0.5,m,19,NITRITE-N,NO2,0.002,U,,-0.002,,1,0.002,0.008,0.002,mg/L,3,Y,A,P51527-9,,1,3,,,,,,25.0837,81.080581,FWEC,E46077,WMD,WMD,WMD,2,BA,NO,3/16/11 10:05,27310009,3/16/11 15:02,SM4500NO3F,,00615,"Sample palm green. Light chop on water, light incoming flow. Wind 0-5mph.",
FLAB25,FLAB,4/6/11,SAMP,MON,SA,G,,0.5,m,19,NITRITE-N,NO2,0.003,"I,J",yes,0.003,,1,0.002,0.008,0.002,mg/L,3,N,A,P52286-9,,1,2,,,,,,25.0837,81.080581,FWEC,E46077,WMD,WMD,WMD,2,BA,NO,4/7/11 11:30,28396009,4/7/11 16:15,SM4500NO3F,,00615,"Sample light green, 10-15mph NE",Analyte detected in field blank and/or associated sample
FLAB25,FLAB,5/4/11,SAMP,MON,SA,G,,0.5,m,19,NITRITE-N,NO2,0.002,U,,-0.002,,1,0.002,0.008,0.002,mg/L,3,Y,A,P52287-9,,1,1,,,,,,25.0837,81.080581,FWEC,E46077,WMD,WMD,WMD,2,BA,NO,5/5/11 9:36,28398009,5/5/11 13:13,SM4500NO3F,,00615,Sample pale green.  1 foot chop on water.  Winds 5-7 mph. Moderate incoming flow.,
FLAB25,FLAB,6/13/11,SAMP,MON,SA,G,,0.5,m,19,NITRITE-N,NO2,0.002,U,,-0.002,,1,0.002,0.008,0.002,mg/L,3,Y,A,P52281-2,,1,1,,,,,,25.0837,81.080581,FWEC,E46077,WMD,WMD,WMD,2,BA,NO,6/14/11 10:08,28391002,6/14/11 14:02,SM4500NO3F,,00615,Sample is pale green with low suspended sollids present. Moderate incoming tide with westerly winds from 2-6 mph.,
FLAB25,FLAB,7/12/11,SAMP,MON,SA,G,,0.5,m,19,NITRITE-N,NO2,0.002,U,,-0.002,,1,0.002,0.004,0.002,mg/L,3,Y,A,P52282-2,,1,1,,,,,,25.0837,81.080581,FWEC,E46077,WMD,WMD,WMD,2,BA,NO,7/13/11 13:07,28392002,7/13/11 15:29,SM4500NO3F,,00615,Sample is clear with no visible suspended solids present.  Moderate to strong flow with chop up to 1.5 feet and swell up to 2 feet and winds from the southwest at 5 to 10 mph.  SECCHI ON BOTTOM,
FLAB25,FLAB,8/16/11,SAMP,MON,SA,G,,0.5,m,19,NITRITE-N,NO2,0.002,U,,-0.002,,1,0.002,0.004,0.002,mg/L,3,Y,A,P52283-2,,1,1,,,,,,25.0837,81.080581,FWEC,E46077,WMD,WMD,WMD,2,BA,NO,8/17/11 10:32,28393002,8/17/11 15:00,SM4500NO3F,,00615,Sample is pale green with low suspended solids present. Strong flow with light chop up to 1.5 feet and light variable winds from southwest at 6 to 10 mph.,
FLAB25,FLAB,9/12/11,SAMP,MON,SA,G,,0.5,m,19,NITRITE-N,NO2,0.002,U,,-0.002,,1,0.002,0.004,0.002,mg/L,3,Y,A,P52284-2,,0,1,,,,,,25.0837,81.080581,FWEC,E46077,WMD,WMD,WMD,2,BA,NO,9/13/11 10:18,28394002,9/13/11 11:51,SM4500NO3F,,00615,Sample is pale green with low suspended solids present. Light current with mid rising tide and chop up to 2 feet and 5 to 10 mph winds from the east southeast.,
FLAB25,FLAB,10/4/11,SAMP,MON,SA,G,,0.5,m,19,NITRITE-N,NO2,0.002,U,,-0.002,,1,0.002,0.004,0.002,mg/L,3,Y,A,P52285-2,,0,3,,,,,,25.0837,81.080581,WMD,E46077,WMD,WMD,WMD,2,BA,NO,10/5/11 10:35,28395002,10/5/11 14:37,SM4500NO3F,,00615,"Overcast, wind NNE 15-20, seas 1-3",
FLAB25,FLAB,12/6/11,SAMP,MON,SA,G,,0.5,m,19,NITRITE-N,NO2,0.002,U,,-0.002,,1,0.002,0.004,0.002,mg/L,3,Y,A,P54071-2,,0,1,,,,,,25.0837,81.080581,WMD,E46077,WMD,WMD,WMD,2,BA,NO,12/7/11 12:15,30610002,12/7/11 14:05,SM4500NO3F,,00615,"Clear skies,flood tide, wind E 5-10, lt chop",
FLAB25,FLAB,2/1/12,SAMP,MON,SA,G,,0.5,m,19,NITRITE-N,NO2,0.002,U,,-0.002,,1,0.002,0.004,0.002,mg/L,3,Y,A,P55306-1,,0,1,,,,,,25.0837,81.080581,WMD,E46077,WMD,WMD,WMD,2,BA,NO,2/2/12 10:08,32254001,2/2/12 12:19,SM4500NO3F,,00615,"Wind NE 10-15, seas 1-2 ft, flood tide",
FLAB25,FLAB,4/11/12,SAMP,MON,SA,G,,0.5,m,19,NITRITE-N,NO2,0.002,U,,-0.002,,1,0.002,0.004,0.002,mg/L,3,Y,A,P55314-9,,0,2,,,,,,25.0837,81.080581,WMD,E46077,WMD,WMD,WMD,2,BA,NO,4/12/12 10:52,32262009,4/12/12 14:45,SM4500NO3F,,00615,"Wind and seas calm, ebb tide",
FLAB25,FLAB,6/13/12,SAMP,MON,SA,G,,0.5,m,19,NITRITE-N,NO2,0.002,U,,-0.002,+/- 0.002,1,0.002,0.004,0.002,mg/L,3,Y,A,P55929-1,,0,2,,,,,,25.0837,81.080581,WMD,E46077,WMD,WMD,WMD,2,BA,NO,6/13/12 16:02,33112001,6/14/12 10:11,SM4500NO3F,,00615,Calm conditions.  No chop.  Moderate flood tide.  No wind.,
FLAB25,FLAB,8/13/12,SAMP,MON,SA,G,,0.5,m,19,NITRITE-N,NO2,0.002,U,,-0.002,+/- 0.002,1,0.002,0.004,0.002,mg/L,3,Y,A,P56205-1,,0,3,,,,,,25.0837,81.080581,WMD,E46077,WMD,WMD,WMD,2,BA,NO,8/14/12 10:15,33464001,8/14/12 12:03,SM4500NO3F,,00615,SE winds at 5-10 knots.  Light chop with 1-2 foor chop.  Flood tide.,
FLAB25,FLAB,10/11/12,SAMP,MON,SA,G,,0.5,m,19,NITRITE-N,NO2,0.002,U,,-0.002,+/- 0.002,1,0.002,0.004,0.002,mg/L,3,Y,A,P56209-1,,0,2,,,,,,25.0837,81.080581,WMD,E46077,WMD,WMD,WMD,2,BA,NO,10/11/12 15:43,33468001,10/12/12 11:45,SM4500NO3F,,00615,NE breeze. 1-2 foot chop.  Flood tide.,
FLAB25,FLAB,12/10/12,SAMP,MON,SA,G,,0.5,m,19,NITRITE-N,NO2,0.002,U,,-0.002,,1,0.002,0.004,0.002,mg/L,3,Y,A,P56856-1,,0,2,,,,,,25.0837,81.080581,WMD,E46077,WMD,WMD,WMD,2,BA,NO,12/11/12 10:39,34311001,12/11/12 13:51,SM4500NO3F,,00615,Wind out of the SE 5-7kts. Light wave action.,
FLAB25,FLAB,2/5/13,SAMP,MON,SA,G,,0.5,m,19,NITRITE-N,NO2,0.002,U,,-0.002,+/- 0.002,1,0.002,0.004,0.002,mg/L,3,Y,A,P61818-1,,0,1,,,,,,25.0837,81.080581,WMD,E46077,WMD,WMD,WMD,2,BA,NO,2/6/13 9:38,39392001,2/6/13 13:53,SM4500NO3F,,00615,"Light wind out of the east, less than 5 kts. Less than 1 ft wave action.",
FLAB25,FLAB,4/18/13,SAMP,MON,SA,G,,0.5,m,19,NITRITE-N,NO2,0.002,U,,-0.002,+/- 0.002,1,0.002,0.004,0.002,mg/L,3,Y,A,P61819-1,,0,4,,,,,,25.0837,81.080581,WMD,E46077,WMD,WMD,WMD,2,PD,NO,4/18/13 15:12,39393001,4/19/13 14:30,SM4500NO3F,,00615,ESE winds 10-15 kts. Waves 1.5-2 ft at 2 second period.,
FLAB25,FLAB,6/17/13,SAMP,MON,SA,G,,0.5,m,19,NITRITE-N,NO2,0.002,U,,-0.002,+/- 0.002,1,0.002,0.004,0.002,mg/L,3,Y,A,P63880-1,,0,2,,,,,,25.0837,81.080581,WMD,E46077,WMD,WMD,WMD,2,PD,NO,6/18/13 10:47,40691001,6/18/13 12:48,SM4500NO3F,,00615,"1-2ft chop, wind southeast 10-15,",
FLAB25,FLAB,8/13/13,SAMP,MON,SA,G,,0.5,m,19,NITRITE-N,NO2,0.002,U,,-0.002,+/- 0.002,1,0.002,0.004,0.002,mg/L,3,Y,A,P63881-1,,0,3,,,,,,25.0837,81.080581,WMD,E46077,WMD,WMD,WMD,2,PD,NO,8/13/13 16:32,40692001,8/14/13 14:43,SM4500NO3F,,00615,Light chop on surface. E wind 5-10 kt. Moderate current.,
FLAB25,FLAB,10/28/13,SAMP,MON,SA,G,,0.5,m,19,NITRITE-N,NO2,0.002,U,,-0.002,+/- 0.002,1,0.002,0.004,0.002,mg/L,3,Y,A,P65941-1,,0,2,,,,,,25.0837,81.080581,WMD,E46077,WMD,WMD,WMD,2,PD,NO,10/29/13 7:37,42392001,10/29/13 11:02,SM4500NO3F,,00615,Moderate chop. E wind approx 15 kt. Moderate current.,
FLAB25,FLAB,12/11/13,SAMP,MON,SA,G,,0.5,m,19,NITRITE-N,NO2,0.002,U,,-0.002,+/- 0.002,1,0.002,0.004,0.002,mg/L,3,Y,A,P68531-1,,0,2,,,,,,25.0837,81.080581,WMD,E46077,WMD,WMD,WMD,2,PD,NO,12/11/13 16:43,44202001,12/12/13 14:50,SM4500NO3F,,00615,"Moderate chop, E wind 10-15.",
FLAB25,FLAB,2/26/14,SAMP,MON,SA,G,,0.5,m,19,NITRITE-N,NO2,0.002,U,,-0.002,+/- 0.002,1,0.002,0.004,0.002,mg/L,3,Y,A,P70123-1,,0,1,,,,,,25.0837,81.080581,WMD,E46077,WMD,WMD,WMD,2,PD,NO,2/26/14 15:34,45273001,2/27/14 14:11,SM4500NO3F,,00615,"Glassy smooth water. No noticeable wind, slight incoming tide.",
FLAB25,FLAB,4/7/14,SAMP,MON,SA,G,,0.5,m,19,NITRITE-N,NO2,0.002,U,,-0.002,+/- 0.002,1,0.002,0.004,0.002,mg/L,3,Y,A,P70124-1,,0,1,,,,,,25.0837,81.080581,WMD,E46077,WMD,WMD,WMD,2,PD,NO,4/8/14 9:44,45274001,4/8/14 11:42,SM4500NO3F,,00615,"Moderate chop, 1 to 3 ft due to 15kt SE winds. Sample area contained floating vegetation.",
FLAB25,FLAB,6/9/14,SAMP,MON,SA,G,,0.5,m,19,NITRITE-N,NO2,0.002,U,,-0.002,+/- 0.002,1,0.002,0.004,0.002,mg/L,3,Y,A,P71707-1,,0,2,,,,,,25.0837,81.080581,WMD,E46077,WMD,WMD,WMD,2,PD,NO,6/10/14 10:14,46555001,6/10/14 16:18,SM4500NO3F,,615,"Wind 0-5 kts from the South, <1ft chop, incoming tide.",
FLAB25,FLAB,8/5/14,SAMP,MON,SA,G,,0.5,m,19,NITRITE-N,NO2,0.002,U,,-0.002,+/- 0.002,1,0.002,0.004,0.002,mg/L,3,Y,A,P72712-1,,0,2,,,,,,25.0837,81.080581,WMD,E46077,WMD,WMD,WMD,2,PD,NO,8/6/14 10:14,46928001,8/6/14 13:40,SM4500NO3F,,00615,"Calm conditions, SW winds less than 5 kts. Small amount of single piece turtle and manatee grasses on surface. Water is visibly cloudy, milky. Incoming tide.",
FLAB25,FLAB,10/20/14,SAMP,MON,SA,G,,0.5,m,19,NITRITE-N,NO2,0.002,U,,-0.002,+/- 0.002,1,0.002,0.004,0.002,mg/L,3,Y,A,P74736-1,,0,4,,,,,,25.0837,81.080581,WMD,E46077,WMD,WMD,WMD,2,PD,NO,10/21/14 10:29,48700001,10/21/14 14:37,SM4500NO3F,,00615,"Incoming tide, light chop",
FLAB25,FLAB,12/17/14,SAMP,MON,SA,G,,0.5,m,19,NITRITE-N,NO2,0.002,U,,-0.002,+/- 0.002,1,0.002,0.004,0.002,mg/L,3,Y,A,P74738-1,,0,1,,,,,,25.0837,81.080581,WMD,E46077,WMD,WMD,WMD,2,PD,NO,12/17/14 15:07,48702001,12/17/14 16:01,SM4500NO3F,,00615,"Incoming tide, NE wind 5-10, seas 1-2 feet. Small amount of floating vegetation pieces visible on water surface.",
FLAB25,FLAB,2/16/15,SAMP,MON,SA,G,,0.5,m,19,NITRITE-N,NO2,0.002,U,,-0.002,+/- 0.002,1,0.002,0.004,0.002,mg/L,3,Y,A,P74737-1,,0,2,,,,,,25.0837,81.080581,WMD,E46077,WMD,WMD,WMD,2,PD,NO,2/17/15 16:26,48701001,2/18/15 9:18,SM4500NO3F,,615,"Moderate chop, E wind 10-15",
FLAB25,FLAB,4/13/15,SAMP,MON,SA,G,,0.5,m,19,NITRITE-N,NO2,0.002,U,,-0.002,+/- 0.002,1,0.002,0.004,0.002,mg/L,3,Y,A,P75445-1,,0,2,,,,,,25.0837,81.080581,WMD,E46077,WMD,WMD,WMD,2,PD,NO,4/14/15 11:19,49159001,4/14/15 12:12,SM4500NO3F,,615,"SE wind 15-20, 2-3 ft chop with white caps",
FLAB25,FLAB,6/9/15,SAMP,MON,SA,G,,0.5,m,19,NITRITE-N,NO2,0.002,U,,-0.002,+/- 0.002,1,0.002,0.004,0.002,mg/L,3,Y,A,P74739-1,,0,1,,,,,,25.0837,81.080581,WMD,E46077,WMD,WMD,WMD,2,PD,NO,6/10/15 10:00,48703001,6/10/15 17:06,SM4500NO3F,,00615,,
FLAB25,FLAB,8/25/15,SAMP,MON,SA,G,,0.5,m,19,NITRITE-N,NO2,0.002,U,,-0.002,+/- 0.002,1,0.002,0.004,0.002,mg/L,3,Y,A,P78245-1,,0,2,,,,,,25.0837,81.080581,WMD,E46077,WMD,WMD,WMD,2,PD,NO,8/26/15 11:35,51480001,8/26/15 14:18,SM4500NO3F,,00615,"Calm seas, winds 0-5mph. High tide.",
FLAB25,FLAB,10/7/15,SAMP,MON,SA,G,,0.5,m,19,NITRITE-N,NO2,0.002,U,,-0.002,+/- 0.002,1,0.002,0.004,0.002,mg/L,3,Y,A,P80870-1,,0,3,,,,,,25.0837,81.080581,WMD,E46077,WMD,WMD,WMD,2,PD,NO,10/7/15 14:57,53692001,10/8/15 9:37,SM4500NO3F,,00615,"1-2 seas, light west winds, light amount of loose vegetation floating on surface. Incoming tide.",
FLAB25,FLAB,1/21/16,SAMP,MON,SA,G,,0.5,m,19,NITRITE-N,NO2,0.002,I,,0.002,+/- 0.002,1,0.002,0.004,0.002,mg/L,3,N,A,P82416-1,,0,2,,,,,,25.0837,81.080581,WMD,E46077,WMD,WMD,WMD,2,PD,NO,1/21/16 19:26,54965001,1/22/16 15:35,SM4500NO3F,,00615,"Slight chop, 1 ft or less. Winds 10-15.",
FLAB25,FLAB,2/16/16,SAMP,MON,SA,G,,0.5,m,19,NITRITE-N,NO2,0.002,U,,-0.002,+/- 0.002,1,0.002,0.004,0.002,mg/L,3,Y,A,P82935-1,,0,4,,,,,,25.0837,81.080581,WMD,E46077,WMD,WMD,WMD,2,PD,NO,2/16/16 17:41,55400001,2/17/16 12:10,SM4500NO3F,,00615,"Overcast, west winds 5-10kts, seas 1-2ft, sample area clear.",
FLAB25,FLAB,4/14/16,SAMP,MON,SA,G,,0.5,m,19,NITRITE-N,NO2,0.002,U,,-0.002,+/- 0.002,1,0.002,0.004,0.002,mg/L,3,Y,A,P83568-1,,0,1,,,,,,25.0837,81.080581,WMD,E46077,WMD,WMD,WMD,2,PD,NO,4/14/16 16:26,55991001,4/15/16 14:06,SM4500NO3F,,00615,Light winds out of the SE. Small rolling waves.,
FLAB25,FLAB,6/29/16,SAMP,MON,SA,G,,0.5,m,19,NITRITE-N,NO2,0.002,U,,-0.002,+/- 0.002,1,0.002,0.004,0.002,mg/L,3,Y,A,P84316-1,,0,4,,,,,,25.0837,81.080581,WMD,E46077,WMD,WMD,WMD,2,PD,NO,6/29/16 15:53,56588001,6/30/16 13:35,SM4500NO3F,,00615,"1foot chop observed, wind east 10-15, some floating vegetation on surface, sample collected clear area,",
FLAB25,FLAB,8/25/16,SAMP,MON,SA,G,,0.5,m,19,NITRITE-N,NO2,0.002,U,,-0.002,+/- 0.002,1,0.002,0.004,0.002,mg/L,3,Y,A,P84638-1,,0,3,,,,,,25.0837,81.080581,WMD,E46077,WMD,WMD,WMD,2,PD,NO,8/25/16 15:14,56878001,8/26/16 12:39,SM4500NO3F,,00615,"High tide, E winds 10kts, light chop, sample area clear.",
FLAB25,FLAB,10/24/16,SAMP,MON,SA,G,,0.5,m,19,NITRITE-N,NO2,0.002,U,,-0.002,+/- 0.002,1,0.002,0.004,0.002,mg/L,3,Y,A,P86137-1,,0,3,,,,,,25.0837,81.080581,WMD,E46077,WMD,WMD,WMD,2,PD,NO,10/24/16 16:01,58226001,10/25/16 11:33,SM4500NO3F,,615,"NE winds 15kt, moderate chop, sample area clear otherwise.",
FLAB25,FLAB,12/21/16,SAMP,MON,SA,G,,0.5,m,19,NITRITE-N,NO2,0.002,U,,-0.002,+/- 0.002,1,0.002,0.004,0.002,mg/L,3,Y,A,P86766-1,,0,1,,,,,,25.0837,81.080581,WMD,E46077,WMD,WMD,WMD,2,PD,NO,12/21/16 16:26,58611001,12/22/16 12:12,SM4500NO3F,,00615,"NE winds 10-15 kts, moderate chop, sample area clear.",
FLAB25,FLAB,2/20/17,SAMP,MON,SA,G,,0.5,m,19,NITRITE-N,NO2,0.002,I,,0.002,+/- 0.002,1,0.002,0.004,0.002,mg/L,3,N,A,P87700-1,,0,2,,,,,,25.0837,81.080581,WMD,E46077,WMD,WMD,WMD,2,PD,NO,2/20/17 16:54,59456001,2/21/17 13:36,SM4500NO3F,,00615,"NE winds 10-15 kts, waters moderate chop, light amount of loose sea grass on surface.",
FLAB25,FLAB,4/20/17,SAMP,MON,SA,G,,0.5,m,19,NITRITE-N,NO2,0.002,U,,-0.002,+/- 0.002,1,0.002,0.004,0.002,mg/L,3,Y,A,P87830-1,,0,5,,,,,,25.0837,81.080581,WMD,E46077,WMD,WMD,WMD,2,PD,NO,4/20/17 18:58,59588001,4/21/17 13:29,SM4500NO3F,,615,"Had 2-4 foot seas, moderate amount of loose sea grass floating on the surface, light rain with 15-20 knot east winds.  Sample collected by DA.",
FLAB25,FLAB,8/1/17,SAMP,MON,SA,G,,0.5,m,19,NITRITE-N,NO2,0.002,U,,-0.002,+/- 0.002,1,0.002,0.004,0.002,mg/L,3,Y,A,P89179-1,,0,0,,,,,,25.0837,81.080581,WMD,E46077,WMD,WMD,WMD,2,PD,NO,8/1/17 16:07,60830001,8/2/17 9:11,SM4500NO3F,,615,"Seas 2-4ft, moderate to heavy chop, heavy amount of loose sea grass and sargassum floating on surface, SW winds 10kts.",
FLAB25,FLAB,10/12/17,SAMP,MON,SA,G,,0.5,m,19,NITRITE-N,NO2,0.005,,,0.005,+/- 0.002,1,0.002,0.004,0.002,mg/L,3,N,A,P88721-1,,0,0,,,,,,25.0837,81.080581,WMD,E46077,WMD,WMD,WMD,2,PD,NO,10/12/17 19:00,60388001,10/13/17 13:43,SM4500NO3F,,00615,,
FLAB25,FLAB,12/13/17,SAMP,MON,SA,G,,0.5,m,19,NITRITE-N,NO2,0.009,,,0.009,+/- 0.002,1,0.002,0.004,0.002,mg/L,3,N,A,P91159-1,,0,0,,,,,,25.0837,81.080581,WMD,E46077,WMD,WMD,WMD,2,PD,NO,12/13/17 16:37,62572001,12/14/17 13:45,SM4500NO3F,,00615,2-4 ft seas. Murky brown water.,
FLAB25,FLAB,2/28/18,SAMP,MON,SA,G,,0.5,m,19,NITRITE-N,NO2,0.003,I,,0.003,+/- 0.002,1,0.002,0.004,0.002,mg/L,3,N,A,P92112-1,,0,0,,,,,,25.0837,81.080581,WMD,E46077,WMD,WMD,WMD,2,PD,NO,3/1/18 6:58,63445001,3/1/18 14:05,SM4500NO3F,,615,Moderate chop. Cloudy water.,
FLAB25,FLAB,4/10/18,SAMP,MON,SA,G,,0.5,m,19,NITRITE-N,NO2,0.008,,,0.008,+/- 0.002,1,0.002,0.004,0.002,mg/L,3,N,A,P92872-1,,0,0,,,,,,25.0837,81.080581,WMD,E46077,WMD,WMD,WMD,2,PD,NO,4/11/18 6:42,64061001,4/11/18 9:58,SM4500NO3F,,00615,1- ft seas. Green water. Light dead floating vegetation in area. Avoided during collection,
FLAB25,FLAB,6/7/18,SAMP,MON,SA,G,,0.5,m,19,NITRITE-N,NO2,0.002,U,,-0.002,+/- 0.002,1,0.002,0.004,0.002,mg/L,3,Y,A,P93694-1,,0,0,,,,,,25.0837,81.080581,WMD,E46077,WMD,WMD,WMD,2,PD,NO,6/7/18 16:24,64892001,6/8/18 11:29,SM4500NO3F,,00615,,
FLAB25,FLAB,8/6/18,SAMP,MON,SA,G,,0.5,m,19,NITRITE-N,NO2,0.002,U,,-0.002,+/- 0.002,1,0.002,0.004,0.002,mg/L,3,Y,A,P94931-1,,0,0,,,,,,25.0837,81.080581,WMD,E46077,WMD,WMD,WMD,2,PD,NO,8/6/18 16:31,65964001,8/7/18 11:40,SM4500NO3F,,00615,Light chop.,
FLAB25,FLAB,10/3/18,SAMP,MON,SA,G,,0.5,m,19,NITRITE-N,NO2,0.002,U,,-0.002,+/- 0.002,1,0.002,0.004,0.002,mg/L,3,Y,A,P95251-1,,0,0,,,,,,25.0837,81.080581,WMD,E46077,WMD,WMD,WMD,2,PD,NO,10/3/18 16:28,66264001,10/4/18 13:32,SM4500NO3F,,615,suspended solids in water column,
FLAB25,FLAB,12/17/18,SAMP,MON,SA,G,,0.5,m,19,NITRITE-N,NO2,0.002,I,,0.002,+/- 0.002,1,0.002,0.004,0.002,mg/L,3,N,A,P96720-1,,0,0,,,,,,25.0837,81.080581,WMD,E46077,WMD,WMD,WMD,2,BA,NO,12/18/18 8:19,67436001,12/18/18 14:18,SM4500NO3F,,00615,Moderately choppy in water column.,
FLAB25,FLAB,2/26/19,SAMP,MON,SA,G,,0.5,m,19,NITRITE-N,NO2,0.007,,,0.007,+/- 0.002,1,0.002,0.004,0.002,mg/L,3,N,A,P102448-2,,0,0,,,,,,25.0837,81.080581,WMD,E46077,WMD,WMD,WMD,2,BA,NO,2/27/19 8:00,69631002,2/27/19 13:55,SM4500NO3F,,615,,
FLAB25,FLAB,4/15/19,SAMP,MON,SA,G,,0.5,m,19,NITRITE-N,NO2,0.006,,,0.006,+/- 0.002,1,0.002,0.004,0.002,mg/L,3,N,A,P103834-2,,0,0,,,,,,25.0837,81.080581,WMD,E46077,WMD,WMD,WMD,2,BA,NO,4/15/19 17:17,70212002,4/16/19 14:58,SM4500NO3F,,00615,,
FLAB25,FLAB,6/11/19,SAMP,MON,SA,G,,0.5,m,19,NITRITE-N,NO2,0.004,,,0.004,+/- 0.002,1,0.002,0.004,0.002,mg/L,3,N,A,P106284-2,,0,0,,,,,,25.0837,81.080581,WMD,E46077,WMD,WMD,WMD,2,BA,NO,6/11/19 16:05,71256002,6/12/19 12:03,SM4500NO3F,,00615,,
FLAB25,FLAB,8/8/19,SAMP,MON,SA,G,,0.5,m,19,NITRITE-N,NO2,0.002,U,,-0.002,+/- 0.002,1,0.002,0.004,0.002,mg/L,3,Y,A,P109207-2,,0,0,,,,,,25.0837,81.080581,WMD,E46077,WMD,WMD,WMD,2,BA,NO,8/9/19 8:38,72380002,8/9/19 13:44,SM4500NO3F,,00615,"Heavy suspended solids visible in top layer of water column, but not present in sample.",
FLAB25,FLAB,10/8/19,SAMP,MON,SA,G,,0.5,m,19,NITRITE-N,NO2,0.002,U,,-0.002,+/- 0.002,1,0.002,0.004,0.002,mg/L,3,Y,A,P109898-2,,0,0,,,,,,25.0837,81.080581,WMD,E46077,WMD,WMD,WMD,2,BA,NO,10/8/19 16:32,72718002,10/9/19 14:45,SM4500NO3F,,615,,
FLAB25,FLAB,12/5/19,SAMP,MON,SA,G,,0.5,m,19,NITRITE-N,NO2,0.002,U,,-0.002,+/- 0.002,1,0.002,0.004,0.002,mg/L,3,Y,A,P110697-2,,0,0,,,,,,25.0837,81.080581,WMD,E46077,WMD,WMD,WMD,2,BA,NO,12/6/19 9:11,73095002,12/6/19 14:12,SM4500NO3F,,00615,,
FLAB25,FLAB,2/3/20,SAMP,MON,SA,G,,0.5,m,19,NITRITE-N,NO2,0.002,U,,-0.002,+/- 0.002,1,0.002,0.004,0.002,mg/L,3,Y,A,P110713-2,,0,0,,,,,,25.0837,81.080581,WMD,E46077,WMD,WMD,WMD,2,BA,NO,2/4/20 7:43,73108002,2/4/20 10:57,SM4500NO3F,,615,,
FLAB25,FLAB,4/1/20,SAMP,MON,SA,G,,0.5,m,19,NITRITE-N,NO2,0.002,U,,-0.002,+/- 0.002,1,0.002,0.004,0.002,mg/L,3,Y,A,P110719-2,,0,0,,,,,,25.0837,81.080581,WMD,E46077,WMD,WMD,WMD,2,BA,NO,4/1/20 16:12,73114002,4/2/20 18:09,SM4500NO3F,,00615,Murky brown water.,
FLAB25,FLAB,6/1/20,SAMP,MON,SA,G,,0.5,m,19,NITRITE-N,NO2,0.002,U,,-0.002,+/- 0.002,1,0.002,0.004,0.002,mg/L,3,Y,A,P111041-2,,0,0,,,,,,25.0837,81.080581,WMD,E46077,WMD,WMD,WMD,2,BA,NO,6/1/20 16:40,73264002,6/2/20 11:26,SM4500NO3F,,00615,,
FLAB25,FLAB,8/13/20,SAMP,MON,SA,G,,0.5,m,19,NITRITE-N,NO2,0.002,U,,-0.002,+/- 0.002,1,0.002,0.004,0.002,mg/L,3,Y,A,P111104-2,,0,0,,,,,,25.0837,81.080581,WMD,E46077,WMD,WMD,WMD,2,BA,NO,8/14/20 8:30,73302002,8/14/20 11:11,SM4500NO3F,,00615,,
FLAB25,FLAB,10/12/20,SAMP,MON,SA,G,,0.5,m,19,NITRITE-N,NO2,0.002,U,,-0.002,+/- 0.002,1,0.002,0.004,0.002,mg/L,3,Y,A,P118766-2,,0,0,,,,,,25.0837,81.080581,WMD,E46077,WMD,WMD,WMD,2,BA,NO,10/13/20 8:46,76829002,10/13/20 11:31,SM4500NO3F,,00615,Vegetative debris present in sampling area.,
FLAB25,FLAB,12/9/20,SAMP,MON,SA,G,,0.5,m,19,NITRITE-N,NO2,0.002,U,,-0.002,+/- 0.002,1,0.002,0.004,0.002,mg/L,3,Y,A,P120347-2,,0,0,,,,,,25.0837,81.080581,WMD,E46077,WMD,WMD,WMD,2,BA,NO,12/10/20 8:58,77553002,12/10/20 11:27,SM4500NO3F,,00615,"Sample area clear, but water was very rough.  Light solids in sample.  Sample collected by CL.",
FLAB25,FLAB,1/7/21,SAMP,MON,SA,G,,0.5,m,19,NITRITE-N,NO2,0.002,U,,-0.002,+/- 0.002,1,0.002,0.004,0.002,mg/L,3,Y,A,P121638-2,,0,0,,,,,,25.0837,81.080581,WMD,E46077,WMD,WMD,WMD,2,BA,NO,1/7/21 15:42,78139002,1/8/21 11:27,SM4500NO3F,,00615,Secchi on bottom,
FLAB25,FLAB,3/17/21,SAMP,MON,SA,G,,0.5,m,19,NITRITE-N,NO2,0.002,U,,-0.002,+/- 0.002,1,0.002,0.004,0.002,mg/L,3,Y,A,P122507-2,,0,0,,,,,,25.0837,81.080581,WMD,E46077,WMD,WMD,WMD,2,BA,NO,3/18/21 7:15,78496002,3/18/21 10:58,SM4500NO3F,,00615,,
FLAB25,FLAB,5/24/21,SAMP,MON,SA,G,,0.5,m,19,NITRITE-N,NO2,0.003,I,,0.003,+/- 0.002,1,0.002,0.004,0.002,mg/L,3,N,A,P122517-2,,0,0,,,,,,25.0837,81.080581,WMD,E46077,WMD,WMD,WMD,2,BA,NO,5/24/21 15:47,78500002,5/25/21 13:21,SM4500NO3F,,00615,,
FLAB25,FLAB,7/1/21,SAMP,MON,SA,G,,0.5,m,19,NITRITE-N,NO2,0.002,U,,-0.002,+/- 0.002,1,0.002,0.004,0.002,mg/L,3,Y,A,P123928-2,,0,0,,,,,,25.0837,81.080581,WMD,E46077,WMD,WMD,WMD,2,BA,NO,7/2/21 8:46,79168002,7/2/21 11:41,SM4500NO3F,,00615,,
FLAB25,FLAB,10/13/21,SAMP,MON,SA,G,,0.5,m,19,NITRITE-N,NO2,0.002,I,,0.002,+/- 0.002,1,0.002,0.004,0.002,mg/L,3,N,A,P125715-2,,0,0,,,,,,25.0837,81.080581,WMD,E46077,WMD,WMD,WMD,2,BA,NO,10/13/21 15:07,79972002,10/14/21 14:19,SM4500NO3F,,00615,,
FLAB25,FLAB,12/27/21,SAMP,MON,SA,G,,0.5,m,19,NITRITE-N,NO2,0.002,U,,-0.002,+/- 0.002,1,0.002,0.004,0.002,mg/L,3,Y,A,P128145-2,,0,0,,,,,,25.0837,81.080581,WMD,E46077,WMD,WMD,WMD,2,BA,NO,12/28/21 8:06,81128002,12/28/21 11:00,SM4500NO3F,,00615,Sampling area clear of debris.,
FLAB25,FLAB,2/8/22,SAMP,MON,SA,G,,0.5,m,19,NITRITE-N,NO2,0.002,U,,-0.002,+/- 0.002,1,0.002,0.004,0.002,mg/L,3,Y,A,P129938-2,,0,0,,,,,,25.0837,81.080581,WMD,E46077,WMD,WMD,WMD,2,BA,NO,2/9/22 8:51,81841002,2/9/22 11:04,SM4500NO3F,,00615,,
FLAB25,FLAB,4/7/22,SAMP,MON,SA,G,,0.5,m,19,NITRITE-N,NO2,0.002,U,,-0.002,+/- 0.002,1,0.002,0.004,0.002,mg/L,3,Y,A,P132794-2,,0,0,,,,,,25.0837,81.080581,WMD,E46077,WMD,WMD,WMD,2,BA,NO,4/8/22 8:13,83110002,4/8/22 12:38,SM4500NO3F,,00615,,
FLAB25,FLAB,6/22/22,SAMP,MON,SA,G,,0.5,m,19,NITRITE-N,NO2,0.002,U,,-0.002,+/- 0.002,1,0.002,0.004,0.002,mg/L,3,Y,A,P134124-2,,0,0,,,,,,25.0837,81.080581,WMD,E46077,WMD,WMD,WMD,2,BA,NO,6/23/22 9:09,83718002,6/23/22 11:43,SM4500NO3F,,00615,,
FLAB25,FLAB,10/20/22,SAMP,MON,SA,G,,0.5,m,19,NITRITE-N,NO2,0.002,U,,-0.002,+/- 0.002,1,0.002,0.004,0.002,mg/L,3,Y,A,P136495-2,,0,0,,,,,,25.0837,81.080581,WMD,E46077,WMD,WMD,WMD,2,BA,NO,10/21/22 8:50,84867002,10/21/22 11:10,SM4500NO3F,,00615,"Water in sampling area appears cloudy, visible detritus in water column.",
FLAB25,FLAB,12/19/22,SAMP,MON,SA,G,,0.5,m,19,NITRITE-N,NO2,0.002,I,,0.002,+/- 0.002,1,0.002,0.004,0.002,mg/L,3,N,A,P138520-2,,0,0,,,,,,25.0837,81.080581,WMD,E46077,WMD,WMD,WMD,2,BA,NO,12/20/22 8:22,85841002,12/20/22 10:03,SM4500NO3F,,00615,,
FLAB25,FLAB,1/30/23,SAMP,MON,SA,G,,0.5,m,19,NITRITE-N,NO2,0.002,U,,-0.002,+/- 0.002,1,0.002,0.004,0.002,mg/L,3,Y,A,P139468-2,,0,0,,,,,,25.0837,81.080581,WMD,E46077,WMD,WMD,WMD,2,BA,NO,1/31/23 8:28,86300002,1/31/23 11:12,SM4500NO3F,,00615,,
FLAB25,FLAB,3/14/23,SAMP,MON,SA,G,,0.5,m,19,NITRITE-N,NO2,0.002,U,,-0.002,+/- 0.002,1,0.002,0.004,0.002,mg/L,3,Y,A,P141269-2,,0,0,,,,,,25.0837,81.080581,WMD,E46077,WMD,WMD,WMD,2,BA,NO,3/15/23 8:13,87043002,3/15/23 11:40,SM4500NO3F,,00615,,
FLAB25,FLAB,9/27/23,SAMP,MON,SA,G,,0.5,m,19,NITRITE-N,NO2,0.002,I,,0.002,+/- 0.002,1,0.002,0.004,0.002,mg/L,3,N,A,P146063-2,,0,0,,,,,,25.0837,81.080581,WMD,E46077,WMD,WMD,WMD,2,BA,NO,9/28/23 7:51,89093002,9/28/23 11:33,SM4500NO3F,,00615,,
FLAB25,FLAB,11/13/23,SAMP,MON,SA,G,,0.5,m,19,NITRITE-N,NO2,0.002,U,,-0.002,+/- 0.002,1,0.002,0.004,0.002,mg/L,3,Y,A,P146064-2,,0,0,,,,,,25.0837,81.080581,WMD,E46077,WMD,WMD,WMD,2,BA,NO,11/14/23 8:28,89094002,11/14/23 12:46,SM4500NO3F,,00615,,
FLAB25,FLAB,1/8/24,SAMP,MON,SA,G,,0.5,m,19,NITRITE-N,NO2,0.002,U,,-0.002,+/- 0.002,1,0.002,0.004,0.002,mg/L,3,Y,A,P148342-2,,0,0,,,,,,25.0837,81.080581,WMD,E46077,WMD,WMD,WMD,2,BA,NO,1/9/24 7:59,90199002,1/9/24 13:56,SM4500NO3F,,00615,,
FLAB25,FLAB,3/4/24,SAMP,MON,SA,G,,0.5,m,19,NITRITE-N,NO2,0.002,"I,G",yes,0.002,+/- 0.002,1,0.002,0.004,0.002,mg/L,3,N,A,P149299-2,,0,0,,,,,,25.0837,81.080581,WMD,E46077,WMD,WMD,WMD,2,BA,NO,3/5/24 7:49,90665002,3/5/24 11:37,SM 4500-NO3 F-2016,,615,,"Analyte was detected at or above the method detection limit in both the sample and the associated field blank, equipment blank, or trip blank, and the blank value was greater than 10% of the associated sample value."
FLAB25,FLAB,5/13/24,SAMP,MON,SA,G,,0.5,m,19,NITRITE-N,NO2,0.002,I,,0.002,+/- 0.002,1,0.002,0.004,0.002,mg/L,3,N,A,P150708-2,,0,0,,,,,,25.0837,81.080581,WMD,E46077,WMD,WMD,WMD,2,BA,NO,5/14/24 8:01,91357002,5/14/24 11:42,SM 4500-NO3 F-2016,,00615,,
FLAB25,FLAB,7/15/24,SAMP,MON,SA,G,,0.5,m,19,NITRITE-N,NO2,0.002,U,,-0.002,+/- 0.002,1,0.002,0.004,0.002,mg/L,3,Y,A,P152189-2,,0,0,,,,,,25.0837,81.080581,WMD,E46077,WMD,WMD,WMD,2,BA,NO,7/16/24 8:15,92109002,7/16/24 14:25,SM 4500-NO3 F-2016,,615,,
FLAB25,FLAB,9/12/24,SAMP,MON,SA,G,,0.5,m,19,NITRITE-N,NO2,0.002,U,,-0.002,+/- 0.002,1,0.002,0.004,0.002,mg/L,3,Y,A,P153175-2,,0,0,,,,,,25.0837,81.080581,WMD,E46077,WMD,WMD,WMD,2,BA,NO,9/13/24 8:11,92600002,9/13/24 12:36,SM 4500-NO3 F-2016,,00615,,
FLAB25,FLAB,12/9/24,SAMP,MON,SA,G,,0.5,m,19,NITRITE-N,NO2,0.002,U,,-0.002,+/- 0.002,1,0.002,0.004,0.002,mg/L,3,Y,A,P154028-2,,0,0,,,,,,25.0837,81.080581,WMD,E46077,WMD,WMD,WMD,2,BA,NO,12/10/24 8:14,93033002,12/10/24 12:18,SM 4500-NO3 F-2016,,00615,,
FLAB25,FLAB,2/5/25,SAMP,MON,SA,G,,0.5,m,19,NITRITE-N,NO2,0.002,U,,-0.002,+/- 0.002,1,0.002,0.004,0.002,mg/L,3,Y,A,P155969-2,,0,0,,,,,,25.0837,81.080581,WMD,E46077,WMD,WMD,WMD,2,BA,NO,2/6/25 8:46,93978002,2/6/25 11:50,SM 4500-NO3 F-2016,,00615,,
FLAB25,FLAB,6/18/25,SAMP,MON,SA,G,,0.5,m,19,NITRITE-N,NO2,0.002,U,,-0.002,+/- 0.002,1,0.002,0.004,0.002,mg/L,3,Y,A,P158028-2,,0,0,,,,,,25.0837,81.080581,WMD,E46077,WMD,WMD,WMD,2,BA,NO,6/19/25 8:34,95008002,6/19/25 11:34,SM 4500-NO3 F-2016,,00615,,
FLAB25,FLAB,8/18/25,SAMP,MON,SA,G,,0.5,m,19,NITRITE-N,NO2,0.002,U,,0.002,,1,0.002,0.004,0.002,mg/L,,Y,P,P159659-2,,0,0,,,3.7,,,25.0837,-81.080581,,E46077,WMD,,,,BA,,8/19/25 8:35,95824002,8/19/25 12:24,SM 4500-NO3 F-2016,,00615,,
FLAB25,FLAB,10/1/25,SAMP,MON,SA,G,,0.5,m,19,NITRITE-N,NO2,0.002,U,,0.002,,1,0.002,0.004,0.002,mg/L,,Y,P,P161306-2,,0,0,,,3.4,,,25.0837,-81.080581,,E46077,WMD,,,,BA,,10/2/25 8:34,96647002,10/2/25 11:03,SM 4500-NO3 F-2016,,00615,"stringy, slimy substance throughout water column",
FLAB25,FLAB,7/15/92,SAMP,MON,SA,G,,0,,20,AMMONIA-N,NH4,0.009,PMR,,0.01,,,,,,mg/L,2,N,A,FIU17602,,0,0,,,,,,25.0837,81.080581,,,FIU,FIU,,,,,,,,,,,,Sample Filtered with 0.7 glass fiber filter.
FLAB25,FLAB,8/15/92,SAMP,MON,SA,G,,0,,20,AMMONIA-N,NH4,0.032,PMR,,0.03,,,,,,mg/L,2,N,A,FIU17604,,0,0,,,,,,25.0837,81.080581,,,FIU,FIU,,,,,,,,,,,,Sample Filtered with 0.7 glass fiber filter.
FLAB25,FLAB,9/15/92,SAMP,MON,SA,G,,0,,20,AMMONIA-N,NH4,0.017,PMR,,0.02,,,,,,mg/L,2,N,A,FIU17607,,0,0,,,,,,25.0837,81.080581,,,FIU,FIU,,,,,,,,,,,,Sample Filtered with 0.7 glass fiber filter.
FLAB25,FLAB,10/15/92,SAMP,MON,SA,G,,0,,20,AMMONIA-N,NH4,0.032,PMR,,0.03,,,,,,mg/L,2,N,A,FIU17609,,0,0,,,,,,25.0837,81.080581,,,FIU,FIU,,,,,,,,,,,,Sample Filtered with 0.7 glass fiber filter.
FLAB25,FLAB,11/15/92,SAMP,MON,SA,G,,0,,20,AMMONIA-N,NH4,0.036,PMR,,0.04,,,,,,mg/L,2,N,A,FIU17611,,0,0,,,,,,25.0837,81.080581,,,FIU,FIU,,,,,,,,,,,,Sample Filtered with 0.7 glass fiber filter.
FLAB25,FLAB,12/15/92,SAMP,MON,SA,G,,0,,20,AMMONIA-N,NH4,0.027,PMR,,0.03,,,,,,mg/L,2,N,A,FIU17613,,0,0,,,,,,25.0837,81.080581,,,FIU,FIU,,,,,,,,,,,,Sample Filtered with 0.7 glass fiber filter.
FLAB25,FLAB,1/21/93,SAMP,MON,SA,G,,0,,20,AMMONIA-N,NH4,0.044,PMR,,0.04,,,,,,mg/L,2,N,A,FIU17614,,0,0,,,,,,25.0837,81.080581,,,FIU,FIU,,,,,,,,,,,,Sample Filtered with 0.7 glass fiber filter.
FLAB25,FLAB,2/10/93,SAMP,MON,SA,G,,0,,20,AMMONIA-N,NH4,0.034,PMR,,0.03,,,,,,mg/L,2,N,A,FIU17615,,0,0,,,,,,25.0837,81.080581,,,FIU,FIU,,,,,,,,,,,,Sample Filtered with 0.7 glass fiber filter.
FLAB25,FLAB,3/10/93,SAMP,MON,SA,G,,0,,20,AMMONIA-N,NH4,0.098,PMR,,0.1,,,,,,mg/L,2,N,A,FIU17616,,0,0,,,,,,25.0837,81.080581,,,FIU,FIU,,,,,,,,,,,,Sample Filtered with 0.7 glass fiber filter.
FLAB25,FLAB,4/7/93,SAMP,MON,SA,G,,0,,20,AMMONIA-N,NH4,0.021,PMR,,0.02,,,,,,mg/L,2,N,A,FIU17617,,0,0,,,,,,25.0837,81.080581,,,FIU,FIU,,,,,,,,,,,,Sample Filtered with 0.7 glass fiber filter.
FLAB25,FLAB,5/12/93,SAMP,MON,SA,G,,0,,20,AMMONIA-N,NH4,0.017,PMR,,0.02,,,,,,mg/L,2,N,A,FIU17618,,0,0,,,,,,25.0837,81.080581,,,FIU,FIU,,,,,,,,,,,,Sample Filtered with 0.7 glass fiber filter.
FLAB25,FLAB,6/3/93,SAMP,MON,SA,G,,0,,20,AMMONIA-N,NH4,0.014,PMR,,0.01,,,,,,mg/L,2,N,A,FIU17619,,0,0,,,,,,25.0837,81.080581,,,FIU,FIU,,,,,,,,,,,,Sample Filtered with 0.7 glass fiber filter.
FLAB25,FLAB,7/7/93,SAMP,MON,SA,G,,0,,20,AMMONIA-N,NH4,0.014,PMR,,0.01,,,,,,mg/L,2,N,A,FIU17620,,0,0,,,,,,25.0837,81.080581,,,FIU,FIU,,,,,,,,,,,,Sample Filtered with 0.7 glass fiber filter.
FLAB25,FLAB,8/4/93,SAMP,MON,SA,G,,0,,20,AMMONIA-N,NH4,0.017,PMR,,0.02,,,,,,mg/L,2,N,A,FIU17621,,0,0,,,,,,25.0837,81.080581,,,FIU,FIU,,,,,,,,,,,,Sample Filtered with 0.7 glass fiber filter.
FLAB25,FLAB,9/9/93,SAMP,MON,SA,G,,0,,20,AMMONIA-N,NH4,0.049,PMR,,0.05,,,,,,mg/L,2,N,A,FIU17622,,0,0,,,,,,25.0837,81.080581,,,FIU,FIU,,,,,,,,,,,,Sample Filtered with 0.7 glass fiber filter.
FLAB25,FLAB,10/6/93,SAMP,MON,SA,G,,0,,20,AMMONIA-N,NH4,0.042,PMR,,0.04,,,,,,mg/L,2,N,A,FIU17623,,0,0,,,,,,25.0837,81.080581,,,FIU,FIU,,,,,,,,,,,,Sample Filtered with 0.7 glass fiber filter.
FLAB25,FLAB,11/3/93,SAMP,MON,SA,G,,0,,20,AMMONIA-N,NH4,0.059,PMR,,0.06,,,,,,mg/L,2,N,A,FIU17624,,0,0,,,,,,25.0837,81.080581,,,FIU,FIU,,,,,,,,,,,,Sample Filtered with 0.7 glass fiber filter.
FLAB25,FLAB,12/2/93,SAMP,MON,SA,G,,0,,20,AMMONIA-N,NH4,0.05,PMR,,0.05,,,,,,mg/L,2,N,A,FIU17625,,0,0,,,,,,25.0837,81.080581,,,FIU,FIU,,,,,,,,,,,,Sample Filtered with 0.7 glass fiber filter.
FLAB25,FLAB,1/11/94,SAMP,MON,SA,G,,0,,20,AMMONIA-N,NH4,0.082,PMR,,0.08,,,,,,mg/L,2,N,A,FIU17626,,0,0,,,,,,25.0837,81.080581,,,FIU,FIU,,,,,,,,,,,,Sample Filtered with 0.7 glass fiber filter.
FLAB25,FLAB,2/2/94,SAMP,MON,SA,G,,0,,20,AMMONIA-N,NH4,0.009,PMR,,0.01,,,,,,mg/L,2,N,A,FIU17627,,0,0,,,,,,25.0837,81.080581,,,FIU,FIU,,,,,,,,,,,,Sample Filtered with 0.7 glass fiber filter.
FLAB25,FLAB,3/8/94,SAMP,MON,SA,G,,0,,20,AMMONIA-N,NH4,0.031,PMR,,0.03,,,,,,mg/L,2,N,A,FIU17628,,0,0,,,,,,25.0837,81.080581,,,FIU,FIU,,,,,,,,,,,,Sample Filtered with 0.7 glass fiber filter.
FLAB25,FLAB,4/6/94,SAMP,MON,SA,G,,0,,20,AMMONIA-N,NH4,0.0189,A,,0.02,,,,,,mg/L,2,N,A,FIU17629,,0,0,,,,,,25.0837,81.080581,,,FIU,FIU,,,,,,,,,,,,Sample Filtered with 0.7 glass fiber filter.
FLAB25,FLAB,5/4/94,SAMP,MON,SA,G,,0,,20,AMMONIA-N,NH4,0.0083,A,,0.01,,,,,,mg/L,2,N,A,FIU17631,,0,0,,,,,,25.0837,81.080581,,,FIU,FIU,,,,,,,,,,,,Sample Filtered with 0.7 glass fiber filter.
FLAB25,FLAB,6/8/94,SAMP,MON,SA,G,,0,,20,AMMONIA-N,NH4,0.0101,A,,0.01,,,,,,mg/L,2,N,A,FIU17633,,0,0,,,,,,25.0837,81.080581,,,FIU,FIU,,,,,,,,,,,,Sample Filtered with 0.7 glass fiber filter.
FLAB25,FLAB,7/7/94,SAMP,MON,SA,G,,0,,20,AMMONIA-N,NH4,0.0068,A,,0.01,,,,,,mg/L,2,N,A,FIU17635,,0,0,,,,,,25.0837,81.080581,,,FIU,FIU,,,,,,,,,,,,Sample Filtered with 0.7 glass fiber filter.
FLAB25,FLAB,8/4/94,SAMP,MON,SA,G,,0,,20,AMMONIA-N,NH4,0.0139,A,,0.01,,,,,,mg/L,2,N,A,FIU17637,,0,0,,,,,,25.0837,81.080581,,,FIU,FIU,,,,,,,,,,,,Sample Filtered with 0.7 glass fiber filter.
FLAB25,FLAB,9/14/94,SAMP,MON,SA,G,,0,,20,AMMONIA-N,NH4,0.0262,A,,0.03,,,,,,mg/L,2,N,A,FIU17639,,0,0,,,,,,25.0837,81.080581,,,FIU,FIU,,,,,,,,,,,,Sample Filtered with 0.7 glass fiber filter.
FLAB25,FLAB,10/5/94,SAMP,MON,SA,G,,0,,20,AMMONIA-N,NH4,0.0728,A,,0.07,,,,,,mg/L,2,N,A,FIU17641,,0,0,,,,,,25.0837,81.080581,,,FIU,FIU,,,,,,,,,,,,Sample Filtered with 0.7 glass fiber filter.
FLAB25,FLAB,11/2/94,SAMP,MON,SA,G,,0,,20,AMMONIA-N,NH4,0.0339,A,,0.03,,,,,,mg/L,2,N,A,FIU17643,,0,0,,,,,,25.0837,81.080581,,,FIU,FIU,,,,,,,,,,,,Sample Filtered with 0.7 glass fiber filter.
FLAB25,FLAB,11/22/94,SAMP,MON,SA,G,,0,,20,AMMONIA-N,NH4,0.1024,A,,0.1,,,,,,mg/L,2,N,A,FIU17645,,0,0,,,,,,25.0837,81.080581,,,FIU,FIU,,,,,,,,,,,,Sample Filtered with 0.7 glass fiber filter.
FLAB25,FLAB,12/1/94,SAMP,MON,SA,G,,0,,20,AMMONIA-N,NH4,0.0125,A,,0.01,,,,,,mg/L,2,N,A,FIU17647,,0,0,,,,,,25.0837,81.080581,,,FIU,FIU,,,,,,,,,,,,Sample Filtered with 0.7 glass fiber filter.
FLAB25,FLAB,1/5/95,SAMP,MON,SA,G,,0,,20,AMMONIA-N,NH4,0.0085,PMR,,0.01,,,,,,mg/L,2,N,A,FIU17649,,0,0,,,,,,25.0837,81.080581,,,FIU,FIU,,,,,,,,,,,,Sample Filtered with 0.7 glass fiber filter.
FLAB25,FLAB,2/2/95,SAMP,MON,SA,G,,0,,20,AMMONIA-N,NH4,0.0204,PMR,,0.02,,,,,,mg/L,2,N,A,FIU17651,,0,0,,,,,,25.0837,81.080581,,,FIU,FIU,,,,,,,,,,,,Sample Filtered with 0.7 glass fiber filter.
FLAB25,FLAB,3/1/95,SAMP,MON,SA,G,,0,,20,AMMONIA-N,NH4,0.0211,PMR,,0.02,,,,,,mg/L,2,N,A,FIU17653,,0,0,,,,,,25.0837,81.080581,,,FIU,FIU,,,,,,,,,,,,Sample Filtered with 0.7 glass fiber filter.
FLAB25,FLAB,4/19/95,SAMP,MON,SA,G,,0,,20,AMMONIA-N,NH4,0.0126,PMR,,0.01,,,,,,mg/L,2,N,A,FIU17655,,0,0,,,,,,25.0837,81.080581,,,FIU,FIU,,,,,,,,,,,,Sample Filtered with 0.7 glass fiber filter.
FLAB25,FLAB,5/24/95,SAMP,MON,SA,G,,0,,20,AMMONIA-N,NH4,0.003,PMR,,0,,,,,,mg/L,2,N,A,FIU17657,,0,0,,,,,,25.0837,81.080581,,,FIU,FIU,,,,,,,,,,,,Sample Filtered with 0.7 glass fiber filter.
FLAB25,FLAB,6/21/95,SAMP,MON,SA,G,,0,,20,AMMONIA-N,NH4,0.0211,PMR,,0.02,,,,,,mg/L,2,N,A,FIU17659,,0,0,,,,,,25.0837,81.080581,,,FIU,FIU,,,,,,,,,,,,Sample Filtered with 0.7 glass fiber filter.
FLAB25,FLAB,7/12/95,SAMP,MON,SA,G,,0,,20,AMMONIA-N,NH4,0.0025,PMR,,0,,,,,,mg/L,2,N,A,FIU17661,,0,0,,,,,,25.0837,81.080581,,,FIU,FIU,,,,,,,,,,,,Sample Filtered with 0.7 glass fiber filter.
FLAB25,FLAB,8/11/95,SAMP,MON,SA,G,,0,,20,AMMONIA-N,NH4,0.0042,PMR,,0,,,,,,mg/L,2,N,A,FIU17663,,0,0,,,,,,25.0837,81.080581,,,FIU,FIU,,,,,,,,,,,,Sample Filtered with 0.7 glass fiber filter.
FLAB25,FLAB,9/6/95,SAMP,MON,SA,G,,0,,20,AMMONIA-N,NH4,0.0028,PMR,,0,,,,,,mg/L,2,N,A,FIU17665,,0,0,,,,,,25.0837,81.080581,,,FIU,FIU,,,,,,,,,,,,Sample Filtered with 0.7 glass fiber filter.
FLAB25,FLAB,10/22/95,SAMP,MON,SA,G,,0,,20,AMMONIA-N,NH4,0.0128,PMR,,0.01,,,,,,mg/L,2,N,A,FIU17667,,0,0,,,,,,25.0837,81.080581,,,FIU,FIU,,,,,,,,,,,,Sample Filtered with 0.7 glass fiber filter.
FLAB25,FLAB,11/17/95,SAMP,MON,SA,G,,0,,20,AMMONIA-N,NH4,0.0128,Q,Q,0.01,,,,,,mg/L,2,N,A,FIU17669,,0,0,,,,,,25.0837,81.080581,,,FIU,FIU,,,,,,,,,,,,Sample Filtered with 0.7 glass fiber filter.
FLAB25,FLAB,12/14/95,SAMP,MON,SA,G,,0,,20,AMMONIA-N,NH4,0.0088,Q,Q,0.01,,,,,,mg/L,2,N,A,FIU17671,,0,0,,,,,,25.0837,81.080581,,,FIU,FIU,,,,,,,,,,,,Sample Filtered with 0.7 glass fiber filter.
FLAB25,FLAB,1/23/96,SAMP,MON,SA,G,,0,,20,AMMONIA-N,NH4,0.0104,PMR,,0.01,,,,,,mg/L,2,N,A,FIU17673,,0,0,,,,,,25.0837,81.080581,,,FIU,FIU,,,,,,,,,,,,Sample Filtered with 0.7 glass fiber filter.
FLAB25,FLAB,2/12/96,SAMP,MON,SA,G,,0,,20,AMMONIA-N,NH4,0.0025,PMR,,0,,,,,,mg/L,2,N,A,FIU17675,,0,0,,,,,,25.0837,81.080581,,,FIU,FIU,,,,,,,,,,,,Sample Filtered with 0.7 glass fiber filter.
FLAB25,FLAB,3/22/96,SAMP,MON,SA,G,,0,,20,AMMONIA-N,NH4,0.0085,PMR,,0.01,,,,,,mg/L,2,N,A,FIU17677,,0,0,,,,,,25.0837,81.080581,,,FIU,FIU,,,,,,,,,,,,Sample Filtered with 0.7 glass fiber filter.
FLAB25,FLAB,4/25/96,SAMP,MON,SA,G,,0,,20,AMMONIA-N,NH4,0.0326,PMR,,0.03,,,,,,mg/L,2,N,A,FIU17679,,0,0,,,,,,25.0837,81.080581,,,FIU,FIU,,,,,,,,,,,,Sample Filtered with 0.7 glass fiber filter.
FLAB25,FLAB,5/10/96,SAMP,MON,SA,G,,0,,20,AMMONIA-N,NH4,0.0282,PMR,,0.03,,,,,,mg/L,2,N,A,FIU17681,,0,0,,,,,,25.0837,81.080581,,,FIU,FIU,,,,,,,,,,,,Sample Filtered with 0.7 glass fiber filter.
FLAB25,FLAB,6/6/96,SAMP,MON,SA,G,,0,,20,AMMONIA-N,NH4,0.0114,PMR,,0.01,,,,,,mg/L,2,N,A,FIU17683,,0,0,,,,,,25.0837,81.080581,,,FIU,FIU,,,,,,,,,,,,Sample Filtered with 0.7 glass fiber filter.
FLAB25,FLAB,7/5/96,SAMP,MON,SA,G,,0.1,,20,AMMONIA-N,NH4,0.0058,PMR,,0.01,,,,,,mg/L,2,N,A,FIU17685,,0,0,,,,,,25.0837,81.080581,,,FIU,FIU,,,,,,,,,,,,Sample Filtered with 0.7 glass fiber filter.
FLAB25,FLAB,8/22/96,SAMP,MON,SA,G,,0.1,,20,AMMONIA-N,NH4,0.0061,PMR,,0.01,,,,,,mg/L,2,N,A,FIU17687,,0,0,,,,,,25.0837,81.080581,,,FIU,FIU,,,,,,,,,,,,Sample Filtered with 0.7 glass fiber filter.
FLAB25,FLAB,9/14/96,SAMP,MON,SA,G,,0.1,,20,AMMONIA-N,NH4,0.0053,PMR,,0.01,,,,,,mg/L,2,N,A,FIU17689,,0,0,,,,,,25.0837,81.080581,,,FIU,FIU,,,,,,,,,,,,Sample Filtered with 0.7 glass fiber filter.
FLAB25,FLAB,10/15/96,SAMP,MON,SA,G,,0.1,,20,AMMONIA-N,NH4,0.0693,PMR,,0.07,,,,,,mg/L,2,N,A,FIU17691,,0,0,,,,,,25.0837,81.080581,,,FIU,FIU,,,,,,,,,,,,Sample Filtered with 0.7 glass fiber filter.
FLAB25,FLAB,11/7/96,SAMP,MON,SA,G,,0.1,,20,AMMONIA-N,NH4,0.0067,PMR,,0.01,,,,,,mg/L,2,N,A,FIU17693,,0,0,,,,,,25.0837,81.080581,,,FIU,FIU,,,,,,,,,,,,Sample Filtered with 0.7 glass fiber filter.
FLAB25,FLAB,12/6/96,SAMP,MON,SA,G,,0.1,,20,AMMONIA-N,NH4,0.0112,PMR,,0.01,,,,,,mg/L,2,N,A,FIU17695,,0,0,,,,,,25.0837,81.080581,,,FIU,FIU,,,,,,,,,,,,Sample Filtered with 0.7 glass fiber filter.
FLAB25,FLAB,1/8/97,SAMP,MON,SA,G,,0.1,,20,AMMONIA-N,NH4,0.006,PMR,,0.01,,,,,,mg/L,2,N,A,FIU17697,,0,0,,,,,,25.0837,81.080581,,,FIU,FIU,,,,,,,,,,,,Sample Filtered with 0.7 glass fiber filter.
FLAB25,FLAB,2/15/97,SAMP,MON,SA,G,,0.1,,20,AMMONIA-N,NH4,0.0025,PMR,,0,,,,,,mg/L,2,N,A,FIU17699,,0,0,,,,,,25.0837,81.080581,,,FIU,FIU,,,,,,,,,,,,Sample Filtered with 0.7 glass fiber filter.
FLAB25,FLAB,3/12/97,SAMP,MON,SA,G,,0.1,,20,AMMONIA-N,NH4,0.0062,PMR,,0.01,,,,,,mg/L,2,N,A,FIU17701,,0,0,,,,,,25.0837,81.080581,,,FIU,FIU,,,,,,,,,,,,Sample Filtered with 0.7 glass fiber filter.
FLAB25,FLAB,4/16/97,SAMP,MON,SA,G,,0.1,,20,AMMONIA-N,NH4,0.0087,PMR,,0.01,,,,,,mg/L,2,N,A,FIU17703,,0,0,,,,,,25.0837,81.080581,,,FIU,FIU,,,,,,,,,,,,Sample Filtered with 0.7 glass fiber filter.
FLAB25,FLAB,5/22/97,SAMP,MON,SA,G,,0.1,,20,AMMONIA-N,NH4,0.004,PMR,,0,,,,,,mg/L,2,N,A,FIU17705,,0,0,,,,,,25.0837,81.080581,,,FIU,FIU,,,,,,,,,,,,Sample Filtered with 0.7 glass fiber filter.
FLAB25,FLAB,6/12/97,SAMP,MON,SA,G,,0.1,,20,AMMONIA-N,NH4,0.0491,PMR,,0.05,,,,,,mg/L,2,N,A,FIU17707,,0,0,,,,,,25.0837,81.080581,,,FIU,FIU,,,,,,,,,,,,Sample Filtered with 0.7 glass fiber filter.
FLAB25,FLAB,7/10/97,SAMP,MON,SA,G,,0.1,,20,AMMONIA-N,NH4,0.0052,PMR,,0.01,,,,,,mg/L,2,N,A,FIU17709,,0,0,,,,,,25.0837,81.080581,,,FIU,FIU,,,,,,,,,,,,Sample Filtered with 0.7 glass fiber filter.
FLAB25,FLAB,8/19/97,SAMP,MON,SA,G,,0.1,,20,AMMONIA-N,NH4,0.0025,PMR,,0,,,,,,mg/L,2,N,A,FIU17710,,0,0,,,,,,25.0837,81.080581,,,FIU,FIU,,,,,,,,,,,,Sample Filtered with 0.7 glass fiber filter.
FLAB25,FLAB,9/10/97,SAMP,MON,SA,G,,0.1,,20,AMMONIA-N,NH4,0.0099,PMR,,0.01,,,,,,mg/L,2,N,A,FIU17712,,0,0,,,,,,25.0837,81.080581,,,FIU,FIU,,,,,,,,,,,,Sample Filtered with 0.7 glass fiber filter.
FLAB25,FLAB,10/21/97,SAMP,MON,SA,G,,0.1,,20,AMMONIA-N,NH4,0.0039,PMR,,0,,,,,,mg/L,2,N,A,FIU17714,,0,0,,,,,,25.0837,81.080581,,,FIU,FIU,,,,,,,,,,,,Sample Filtered with 0.7 glass fiber filter.
FLAB25,FLAB,11/25/97,SAMP,MON,SA,G,,0.1,,20,AMMONIA-N,NH4,0.0134,PMR,,0.01,,,,,,mg/L,2,N,A,FIU17716,,0,0,,,,,,25.0837,81.080581,,,FIU,FIU,,,,,,,,,,,,Sample Filtered with 0.7 glass fiber filter.
FLAB25,FLAB,12/12/97,SAMP,MON,SA,G,,0.1,,20,AMMONIA-N,NH4,0.0041,PMR,,0,,,,,,mg/L,2,N,A,FIU17718,,0,0,,,,,,25.0837,81.080581,,,FIU,FIU,,,,,,,,,,,,Sample Filtered with 0.7 glass fiber filter.
FLAB25,FLAB,1/21/98,SAMP,MON,SA,G,,0.1,,20,AMMONIA-N,NH4,0.0013,PMR,,0,,,,,,mg/L,2,N,A,FIU17720,,0,0,,,,,,25.0837,81.080581,,,FIU,FIU,,,,,,,,,,,,Sample Filtered with 0.7 glass fiber filter.
FLAB25,FLAB,2/18/98,SAMP,MON,SA,G,,0.1,,20,AMMONIA-N,NH4,0.0038,PMR,,0,,,,,,mg/L,2,N,A,FIU17722,,0,0,,,,,,25.0837,81.080581,,,FIU,FIU,,,,,,,,,,,,Sample Filtered with 0.7 glass fiber filter.
FLAB25,FLAB,3/20/98,SAMP,MON,SA,G,,0.1,,20,AMMONIA-N,NH4,0.0011,PMR,,0,,,,,,mg/L,2,N,A,FIU17724,,0,0,,,,,,25.0837,81.080581,,,FIU,FIU,,,,,,,,,,,,Sample Filtered with 0.7 glass fiber filter.
FLAB25,FLAB,4/15/98,SAMP,MON,SA,G,,0.1,,20,AMMONIA-N,NH4,0.0079,PMR,,0.01,,,,,,mg/L,2,N,A,FIU17726,,0,0,,,,,,25.0837,81.080581,,,FIU,FIU,,,,,,,,,,,,Sample Filtered with 0.7 glass fiber filter.
FLAB25,FLAB,5/14/98,SAMP,MON,SA,G,,0.1,,20,AMMONIA-N,NH4,0.0078,PMR,,0.01,,,,,,mg/L,2,N,A,FIU17728,,0,0,,,,,,25.0837,81.080581,,,FIU,FIU,,,,,,,,,,,,Sample Filtered with 0.7 glass fiber filter.
FLAB25,FLAB,6/10/98,SAMP,MON,SA,G,,0.1,,20,AMMONIA-N,NH4,0.0024,PMR,,0,,,,,,mg/L,2,N,A,FIU17730,,0,0,,,,,,25.0837,81.080581,,,FIU,FIU,,,,,,,,,,,,Sample Filtered with 0.7 glass fiber filter.
FLAB25,FLAB,7/14/98,SAMP,MON,SA,G,,0.1,,20,AMMONIA-N,NH4,0.0116,PMR,,0.01,,,,,,mg/L,2,N,A,FIU17732,,0,0,,,,,,25.0837,81.080581,,,FIU,FIU,,,,,,,,,,,,Sample Filtered with 0.7 glass fiber filter.
FLAB25,FLAB,8/19/98,SAMP,MON,SA,G,,0.1,,20,AMMONIA-N,NH4,0.0014,PMR,,0,,,,,,mg/L,2,N,A,FIU17734,,0,0,,,,,,25.0837,81.080581,,,FIU,FIU,,,,,,,,,,,,Sample Filtered with 0.7 glass fiber filter.
FLAB25,FLAB,9/17/98,SAMP,MON,SA,G,,0.1,,20,AMMONIA-N,NH4,0.0081,PMR,,0.01,,,,,,mg/L,2,N,A,FIU17736,,0,0,,,,,,25.0837,81.080581,,,FIU,FIU,,,,,,,,,,,,Sample Filtered with 0.7 glass fiber filter.
FLAB25,FLAB,9/30/98,SAMP,MON,SA,G,,0.1,,20,AMMONIA-N,NH4,0.1151,PMR,,0.12,,,,,,mg/L,2,N,A,FIU17738,,0,0,,,,,,25.0837,81.080581,,,FIU,FIU,,,,,,,,,,,,Sample Filtered with 0.7 glass fiber filter.
FLAB25,FLAB,11/3/98,SAMP,MON,SA,G,,0.1,,20,AMMONIA-N,NH4,0.0041,PMR,,0,,,,,,mg/L,2,N,A,FIU17740,,0,0,,,,,,25.0837,81.080581,,,FIU,FIU,,,,,,,,,,,,Sample Filtered with 0.7 glass fiber filter.
FLAB25,FLAB,12/1/98,SAMP,MON,SA,G,,0.1,,20,AMMONIA-N,NH4,0.011,PMR,,0.01,,,,,,mg/L,2,N,A,FIU17742,,0,0,,,,,,25.0837,81.080581,,,FIU,FIU,,,,,,,,,,,,Sample Filtered with 0.7 glass fiber filter.
FLAB25,FLAB,1/14/99,SAMP,MON,SA,G,,0.1,,20,AMMONIA-N,NH4,0.019,PMR,,0.02,,,,,,mg/L,2,N,A,FIU17744,,0,0,,,,,,25.0837,81.080581,,,FIU,FIU,,,,,,,,,,,,Sample Filtered with 0.7 glass fiber filter.
FLAB25,FLAB,2/10/99,SAMP,MON,SA,G,,0.1,,20,AMMONIA-N,NH4,0.0265,PMR,,0.03,,,,,,mg/L,2,N,A,FIU17746,,0,0,,,,,,25.0837,81.080581,,,FIU,FIU,,,,,,,,,,,,Sample Filtered with 0.7 glass fiber filter.
FLAB25,FLAB,3/23/99,SAMP,MON,SA,G,,0.1,,20,AMMONIA-N,NH4,0.0044,PMR,,0,,,,,,mg/L,2,N,A,FIU17748,,0,0,,,,,,25.0837,81.080581,,,FIU,FIU,,,,,,,,,,,,Sample Filtered with 0.7 glass fiber filter.
FLAB25,FLAB,4/29/99,SAMP,MON,SA,G,,0.1,,20,AMMONIA-N,NH4,0.0143,PMR,,0.01,,,,,,mg/L,2,N,A,FIU17750,,0,0,,,,,,25.0837,81.080581,,,FIU,FIU,,,,,,,,,,,,Sample Filtered with 0.7 glass fiber filter.
FLAB25,FLAB,5/28/99,SAMP,MON,SA,G,,0.1,,20,AMMONIA-N,NH4,0.0102,PMR,,0.01,,,,,,mg/L,2,N,A,FIU17752,,0,0,,,,,,25.0837,81.080581,,,FIU,FIU,,,,,,,,,,,,Sample Filtered with 0.7 glass fiber filter.
FLAB25,FLAB,6/17/99,SAMP,MON,SA,G,,0.1,,20,AMMONIA-N,NH4,0.0115,PMR,,0.01,,,,,,mg/L,2,N,A,FIU17754,,0,0,,,,,,25.0837,81.080581,,,FIU,FIU,,,,,,,,,,,,Sample Filtered with 0.7 glass fiber filter.
FLAB25,FLAB,7/6/99,SAMP,MON,SA,G,,0.1,,20,AMMONIA-N,NH4,0.0071,PMR,,0.0071,,,0.00084,,,mg/L,2,N,A,FIU17756,,0,0,,,,,,25.0837,81.080581,,,FIU,FIU,,,,,,,,EPA350.1,,00608,,Sample Filtered with 0.7 glass fiber filter.
FLAB25,FLAB,8/24/99,SAMP,MON,SA,G,,0.1,,20,AMMONIA-N,NH4,0.0107,PMR,,0.0107,,,0.00084,,,mg/L,2,N,A,FIU17758,,0,0,,,,,,25.0837,81.080581,,,FIU,FIU,,,,,,,,EPA350.1,,00608,,Sample Filtered with 0.7 glass fiber filter.
FLAB25,FLAB,9/23/99,SAMP,MON,SA,G,,0.1,,20,AMMONIA-N,NH4,0.0317,PMR,,0.0317,,,0.00084,,,mg/L,2,N,A,FIU17760,,0,0,,,,,,25.0837,81.080581,,,FIU,FIU,,,,,,,,EPA350.1,,00608,,Sample Filtered with 0.7 glass fiber filter.
FLAB25,FLAB,10/26/99,SAMP,MON,SA,G,,0.1,,20,AMMONIA-N,NH4,0.0012,PMR,J3,0.0012,,,0.00084,,,mg/L,2,N,A,FIU17762,,0,0,,,,,,25.0837,81.080581,,,FIU,FIU,,,,,,,,EPA350.1,,00608,,REVERSAL NH4>TN.  Sample Filtered with 0.7 glass fiber filter.
FLAB25,FLAB,11/12/99,SAMP,MON,SA,G,,0.1,,20,AMMONIA-N,NH4,0.0182,PMR,,0.0182,,,0.00084,,,mg/L,2,N,A,FIU17765,,0,0,,,,,,25.0837,81.080581,,,FIU,FIU,,,,,,,,EPA350.1,,00608,,Sample Filtered with 0.7 glass fiber filter.
FLAB25,FLAB,12/3/99,SAMP,MON,SA,G,,0.1,,20,AMMONIA-N,NH4,0.0093,PMR,,0.0093,,,0.00084,,,mg/L,2,N,A,FIU17768,,0,0,,,,,,25.0837,81.080581,,,FIU,FIU,,,,,,,,EPA350.1,,00608,,Sample Filtered with 0.7 glass fiber filter.
FLAB25,FLAB,1/25/00,SAMP,MON,SA,G,,0.1,,20,AMMONIA-N,NH4,0.009,PMR,,0.009,,,0.00084,,,mg/L,2,N,A,FIU17771,,0,0,,,,,,25.0837,81.080581,,,FIU,FIU,,,,,,,,EPA350.1,,00608,,Sample Filtered with 0.7 glass fiber filter.
FLAB25,FLAB,2/28/00,SAMP,MON,SA,G,,0.1,,20,AMMONIA-N,NH4,0.0014,PMR,,0.0014,,,0.00084,,,mg/L,2,N,A,FIU17774,,0,0,,,,,,25.0837,81.080581,,,FIU,FIU,,,,,,,,EPA350.1,,00608,,Sample Filtered with 0.7 glass fiber filter.
FLAB25,FLAB,3/21/00,SAMP,MON,SA,G,,0.1,,20,AMMONIA-N,NH4,0.0038,PMR,,0.0038,,,0.00084,,,mg/L,2,N,A,FIU17777,,0,0,,,,,,25.0837,81.080581,,,FIU,FIU,,,,,,,,EPA350.1,,00608,,Sample Filtered with 0.7 glass fiber filter.
FLAB25,FLAB,4/13/00,SAMP,MON,SA,G,,0.1,,20,AMMONIA-N,NH4,0.0031,PMR,,0.0031,,,0.00084,,,mg/L,2,N,A,FIU17780,,0,0,,,,,,25.0837,81.080581,,,FIU,FIU,,,,,,,,EPA350.1,,00608,,Sample Filtered with 0.7 glass fiber filter.
FLAB25,FLAB,5/30/00,SAMP,MON,SA,G,,0.1,,20,AMMONIA-N,NH4,0.007,PMR,,0.007,,,0.00084,,,mg/L,2,N,A,FIU17782,,0,0,,,,,,25.0837,81.080581,,,FIU,FIU,,,,,,,,EPA350.1,,00608,,Sample Filtered with 0.7 glass fiber filter.
FLAB25,FLAB,6/20/00,SAMP,MON,SA,G,,0.1,,20,AMMONIA-N,NH4,0.00084,U,,-0.00084,,,0.00084,,,mg/L,2,Y,A,FIU17784,,0,0,,,,,,25.0837,81.080581,,,FIU,FIU,,,,,,,,EPA350.1,,00608,,Sample Filtered with 0.7 glass fiber filter.
FLAB25,FLAB,7/20/00,SAMP,MON,SA,G,,0.1,,20,AMMONIA-N,NH4,0.0025,PMR,,0.0025,,,0.00084,,,mg/L,2,N,A,FIU17786,,0,0,,,,,,25.0837,81.080581,,,FIU,FIU,,,,,,,,EPA350.1,,00608,,Sample Filtered with 0.7 glass fiber filter.
FLAB25,FLAB,8/29/00,SAMP,MON,SA,G,,0.1,,20,AMMONIA-N,NH4,0.0024,PMR,,0.0024,,,0.00084,,,mg/L,2,N,A,FIU17788,,0,0,,,,,,25.0837,81.080581,,,FIU,FIU,,,,,,,,EPA350.1,,00608,,Sample Filtered with 0.7 glass fiber filter.
FLAB25,FLAB,9/28/00,SAMP,MON,SA,G,,0.1,,20,AMMONIA-N,NH4,0.0029,PMR,,0.0029,,,0.00084,,,mg/L,2,N,A,FIU17790,,0,0,,,,,,25.0837,81.080581,,,FIU,FIU,,,,,,,,EPA350.1,,00608,,Sample Filtered with 0.7 glass fiber filter.
FLAB25,FLAB,10/26/00,SAMP,MON,SA,G,,0.1,,20,AMMONIA-N,NH4,0.0019,PMR,,0.0019,,,0.00084,,,mg/L,2,N,A,FIU17792,,0,0,,,,,,25.0837,81.080581,,,FIU,FIU,,,,,,,,EPA350.1,,00608,,Sample Filtered with 0.7 glass fiber filter.
FLAB25,FLAB,11/30/00,SAMP,MON,SA,G,,0.1,,20,AMMONIA-N,NH4,0.0046,PMR,,0.0046,,,0.00084,,,mg/L,2,N,A,FIU17794,,0,0,,,,,,25.0837,81.080581,,,FIU,FIU,,,,,,,,EPA350.1,,00608,,Sample Filtered with 0.7 glass fiber filter.
FLAB25,FLAB,12/11/00,SAMP,MON,SA,G,,0.1,,20,AMMONIA-N,NH4,0.0116,PMR,,0.0116,,,0.00084,,,mg/L,2,N,A,FIU17796,,0,0,,,,,,25.0837,81.080581,,,FIU,FIU,,,,,,,,EPA350.1,,00608,,Sample Filtered with 0.7 glass fiber filter.
FLAB25,FLAB,1/25/01,SAMP,MON,SA,G,,0.1,,20,AMMONIA-N,NH4,0.0186,PMR,,0.0186,,,0.0014,,,mg/L,2,N,A,FIU17798,,0,0,,,,,,25.0837,81.080581,,,FIU,FIU,,,,,,,,EPA350.1,,00608,,Sample Filtered with 0.7 glass fiber filter.
FLAB25,FLAB,2/21/01,SAMP,MON,SA,G,,0.1,,20,AMMONIA-N,NH4,0.013,PMR,,0.013,,,0.0014,,,mg/L,2,N,A,FIU17800,,0,0,,,,,,25.0837,81.080581,,,FIU,FIU,,,,,,,,EPA350.1,,00608,,Sample Filtered with 0.7 glass fiber filter.
FLAB25,FLAB,3/6/01,SAMP,MON,SA,G,,0.1,,20,AMMONIA-N,NH4,0.0368,PMR,,0.0368,,,0.0014,,,mg/L,2,N,A,FIU17802,,0,0,,,,,,25.0837,81.080581,,,FIU,FIU,,,,,,,,EPA350.1,,00608,,Sample Filtered with 0.7 glass fiber filter.
FLAB25,FLAB,4/3/01,SAMP,MON,SA,G,,0.1,,20,AMMONIA-N,NH4,0.0035,PMR,,0.0035,,,0.0014,,,mg/L,2,N,A,FIU17804,,0,0,,,,,,25.0837,81.080581,,,FIU,FIU,,,,,,,,EPA350.1,,00608,,Sample Filtered with 0.7 glass fiber filter.
FLAB25,FLAB,5/2/01,SAMP,MON,SA,G,,0.1,,20,AMMONIA-N,NH4,0.0336,PMR,,0.0336,,,0.0014,,,mg/L,2,N,A,FIU17806,,0,0,,,,,,25.0837,81.080581,,,FIU,FIU,,,,,,,,EPA350.1,,00608,,Sample Filtered with 0.7 glass fiber filter.
FLAB25,FLAB,6/5/01,SAMP,MON,SA,G,,0.1,,20,AMMONIA-N,NH4,0.0078,PMR,,0.0078,,,0.0014,,,mg/L,2,N,A,FIU110806,,0,0,,,,,,25.0837,81.080581,,,FIU,FIU,,,,,,,,EPA350.1,,00608,,Sample Filtered with 0.7 glass fiber filter.
FLAB25,FLAB,7/12/01,SAMP,MON,SA,G,,0.1,,20,AMMONIA-N,NH4,0.0014,T,T,-0.0008,,,0.0014,,,mg/L,2,Y,A,FIU17808,,0,0,,,,,,25.0837,81.080581,,,FIU,FIU,,,,,,,,EPA350.1,,00608,,Sample Filtered with 0.7 glass fiber filter.
FLAB25,FLAB,8/14/01,SAMP,MON,SA,G,,0.1,,20,AMMONIA-N,NH4,0.0022,PMR,,0.0022,,,0.0014,,,mg/L,2,N,A,FIU17810,,0,0,,,,,,25.0837,81.080581,,,FIU,FIU,,,,,,,,EPA350.1,,00608,,Sample Filtered with 0.7 glass fiber filter.
FLAB25,FLAB,9/5/01,SAMP,MON,SA,G,,0.1,,20,AMMONIA-N,NH4,0.0066,PMR,,0.0066,,,0.0014,,,mg/L,2,N,A,FIU17812,,0,0,,,,,,25.0837,81.080581,,,FIU,FIU,,,,,,,,EPA350.1,,00608,,Sample Filtered with 0.7 glass fiber filter.
FLAB25,FLAB,10/23/01,SAMP,MON,SA,G,,0.1,,20,AMMONIA-N,NH4,0.0202,PMR,,0.0202,,,0.0014,,,mg/L,2,N,A,FIU110552,,0,0,,,,,,25.0837,81.080581,,,FIU,FIU,,,,,,128025,11/2/01 0:00,EPA350.1,,00608,,Sample Filtered with 0.7 glass fiber filter.
FLAB25,FLAB,11/8/01,SAMP,MON,SA,G,,0.1,,20,AMMONIA-N,NH4,0.0059,PMR,,0.0059,,,0.0014,,,mg/L,2,N,A,FIU110554,,0,0,,,,,,25.0837,81.080581,,,FIU,FIU,,,,,,129025,11/21/01 0:00,EPA350.1,,00608,,Sample Filtered with 0.7 glass fiber filter.
FLAB25,FLAB,12/3/01,SAMP,MON,SA,G,,0.1,,20,AMMONIA-N,NH4,0.0019,PMR,Q,0.0019,,,0.0014,,,mg/L,2,N,A,FIU110556,,0,0,,,,,,25.0837,81.080581,,,FIU,FIU,,,,,,130025,2/4/02 0:00,EPA350.1,,00608,,OUT OF HOLDING TIME.  Sample Filtered with 0.7 glass fiber filter.
FLAB25,FLAB,1/29/02,SAMP,MON,SA,G,,0.1,,20,AMMONIA-N,NH4,0.0035,,,0.0035,,,0.0014,,,mg/L,2,N,A,FIU113184,,0,0,,,,,,25.0837,81.080581,,,FIU,FIU,,,,,,131025,2/22/02 0:00,EPA350.1,,00608,,
FLAB25,FLAB,2/20/02,SAMP,MON,SA,G,,0.1,,20,AMMONIA-N,NH4,0.0057,,,0.0057,,,0.0014,,,mg/L,2,N,A,FIU113186,,0,0,,,,,,25.0837,81.080581,,,FIU,FIU,,,,,,132025,3/26/02 0:00,EPA350.1,,00608,,
FLAB25,FLAB,3/19/02,SAMP,MON,SA,G,,0.1,,20,AMMONIA-N,NH4,0.0046,,,0.0046,,,0.0014,,,mg/L,2,N,A,FIU113188,,0,0,,,,,,25.0837,81.080581,,,FIU,FIU,,,,,,133025,4/2/02 0:00,EPA350.1,,00608,,
FLAB25,FLAB,4/9/02,SAMP,MON,SA,G,,0.1,,20,AMMONIA-N,NH4,0.0027,,,0.0027,,,0.0014,,,mg/L,2,N,A,134025,,0,0,,,,,,25.0837,81.080581,,,FIU,FIU,,,,,,134025,4/22/02 0:00,EPA350.1,,608,,
FLAB25,FLAB,5/15/02,SAMP,MON,SA,G,,0.1,,20,AMMONIA-N,NH4,0.0046,,,0.0046,,,0.0018,,,mg/L,2,N,A,135025,,0,0,,,,,,25.0837,81.080581,,,FIU,FIU,,,,,,135025,5/30/02 10:54,EPA350.1,,608,,
FLAB25,FLAB,6/4/02,SAMP,MON,SA,G,,0.1,,20,AMMONIA-N,NH4,0.005,,,0.005,,,0.0018,,,mg/L,2,N,A,136025,,0,0,,,,,,25.0837,81.080581,,,FIU,FIU,,,,,,136025,6/11/02 11:57,EPA350.1,,608,,
FLAB25,FLAB,7/11/02,SAMP,MON,SA,G,,0.1,,20,AMMONIA-N,NH4,0.003,,,0.003,,,0.0018,0.0076,,mg/L,2,N,A,137025,,0,0,,,,,,25.0837,81.080581,,,FIU,FIU,,,,,,137025,7/18/02 10:26,EPA350.1,,608,,
FLAB25,FLAB,8/19/02,SAMP,MON,SA,G,,0.1,,20,AMMONIA-N,NH4,0.0025,,,0.0025,,,0.0018,0.0076,,mg/L,2,N,A,138025,,0,0,,,,,,25.0837,81.080581,,,FIU,FIU,,,,,,138025,8/20/02 14:16,EPA350.1,,00608,,
FLAB25,FLAB,9/17/02,SAMP,MON,SA,G,,0.1,,20,AMMONIA-N,NH4,0.0039,,,0.0039,,,0.0018,0.0076,,mg/L,2,N,A,139025,,0,0,,,,,,25.0837,81.080581,,,FIU,FIU,,,,,,139025,9/26/02 8:10,EPA350.1,,00608,,
FLAB25,FLAB,10/17/02,SAMP,MON,SA,G,,0.1,,20,AMMONIA-N,NH4,0.0148,,,0.0148,,,0.0018,0.0076,,mg/L,2,N,A,140025,,0,0,,,,,,25.0837,81.080581,,,FIU,FIU,,,,,,140025,10/23/02 12:27,EPA350.1,,00608,,
FLAB25,FLAB,11/14/02,SAMP,MON,SA,G,,0.1,,20,AMMONIA-N,NH4,0.0033,,,0.0033,,,0.0018,0.0076,,mg/L,2,N,A,141025,,0,0,,,,,,25.0837,81.080581,,,FIU,FIU,,,,,,141025,11/26/02 12:00,EPA350.1,,00608,,
FLAB25,FLAB,12/11/02,SAMP,MON,SA,G,,0.1,,20,AMMONIA-N,NH4,0.002,,,0.002,,,0.0018,0.0076,,mg/L,2,N,A,142025,,0,0,,,,,,25.0837,81.080581,,,FIU,FIU,,,,,,142025,12/18/02 10:44,EPA350.1,,00608,,
FLAB25,FLAB,1/28/03,SAMP,MON,SA,G,,0.1,,20,AMMONIA-N,NH4,0.0026,I,I,0.0026,,,0.0018,0.0076,,mg/L,2,N,A,143025,,0,0,,,,,,25.0837,81.080581,,,FIU,FIU,,,,CA,,143025,1/30/03 11:02,EPA350.1,,00608,,
FLAB25,FLAB,2/25/03,SAMP,MON,SA,G,,0.1,,20,AMMONIA-N,NH4,0.0087,,,0.0087,,,0.0018,0.0076,,mg/L,2,N,A,144025,,0,0,,,,,,25.0837,81.080581,,,FIU,FIU,,,,,,144025,2/27/03 13:25,EPA350.1,,00608,,
FLAB25,FLAB,3/13/03,SAMP,MON,SA,G,,0.1,,20,AMMONIA-N,NH4,0.0082,,,0.0082,,,0.0018,0.0076,,mg/L,2,N,A,145025,,0,0,,,,,,25.0837,81.080581,,,FIU,FIU,,,,,,145025,3/19/03 13:44,EPA350.1,,00608,,
FLAB25,FLAB,4/9/03,SAMP,MON,SA,G,,0.1,,20,AMMONIA-N,NH4,0.0022,I,,0.0022,,,0.0018,0.0076,,mg/L,2,N,A,146025,,0,0,,,,,,25.0837,81.080581,,,FIU,FIU,,,,,,146025,4/14/03 8:31,EPA350.1,,608,,
FLAB25,FLAB,5/8/03,SAMP,MON,SA,G,,0.1,,20,AMMONIA-N,NH4,0.0219,,,0.0219,,,0.0018,0.0076,,mg/L,2,N,A,147025,,0,0,,,,,,25.0837,81.080581,,,FIU,FIU,,,,,,147025,5/14/03 13:09,EPA350.1,,608,,
FLAB25,FLAB,6/10/03,SAMP,MON,SA,G,,0.1,,20,AMMONIA-N,NH4,0.0101,,,0.0101,,,0.0018,0.0076,,mg/L,2,N,A,148025,,0,0,,,,,,25.0837,81.080581,,,FIU,FIU,,,,,,148025,6/17/03 11:08,EPA350.1,,608,,
FLAB25,FLAB,7/1/03,SAMP,MON,SA,G,,0.1,,20,AMMONIA-N,NH4,0.0033,,,0.0033,,,0.0018,0.0076,,mg/L,2,N,A,149025,,0,0,,,,,,25.0837,81.080581,,,FIU,FIU,,,,,,149025,7/9/03 10:00,EPA350.1,,608,,
FLAB25,FLAB,8/25/03,SAMP,MON,SA,G,,0.1,,20,AMMONIA-N,NH4,0.012,,,0.012,,,0.0018,0.0076,,mg/L,2,N,A,150025,,0,0,,,,,,25.0837,81.080581,,,FIU,FIU,,,,,,150025,9/17/03 15:58,EPA350.1,,608,,
FLAB25,FLAB,9/9/03,SAMP,MON,SA,G,,0.1,,20,AMMONIA-N,NH4,0.0034,I,,0.0034,,,0.0018,0.0076,,mg/L,2,N,A,151025,,0,0,,,,,,25.0837,81.080581,,,FIU,FIU,,,,,,151025,10/2/03 11:32,EPA350.1,,608,,
FLAB25,FLAB,10/15/03,SAMP,MON,SA,G,,0.1,,20,AMMONIA-N,NH4,0.0113,,,0.0113,,,0.0018,0.0076,,mg/L,2,N,A,152025,,0,0,,,,,,25.0837,81.080581,,,FIU,FIU,,,,,,152025,11/3/03 11:21,EPA350.1,,608,,
FLAB25,FLAB,11/7/03,SAMP,MON,SA,G,,0.1,,20,AMMONIA-N,NH4,0.0024,I,,0.0024,,,0.0018,0.0076,,mg/L,2,N,A,153025,,0,0,,,,,,25.0837,81.080581,,,FIU,FIU,,,,,,153025,11/17/03 13:20,EPA350.1,,608,,
FLAB25,FLAB,12/3/03,SAMP,MON,SA,G,,0.1,,20,AMMONIA-N,NH4,0.0026,I,,0.0026,,,0.0018,0.0076,,mg/L,2,N,A,154025,,0,0,,,,,,25.0837,81.080581,,,FIU,FIU,,,,,,154025,12/15/03 15:07,EPA350.1,,608,,
FLAB25,FLAB,1/21/04,SAMP,MON,SA,G,,0.1,,20,AMMONIA-N,NH4,0.006,I,,0.006,,,0.0036,0.016,,mg/L,2,N,A,155025,,0,0,,,,,,25.0837,81.080581,,,FIU,FIU,,,,,,155025,1/29/04 12:27,EPA350.1,,608,,SAMPLE FILTERED WITH 0.7 GLASS FIBER FILTER.
FLAB25,FLAB,2/24/04,SAMP,MON,SA,G,,0.1,,20,AMMONIA-N,NH4,0.0049,I,,0.0049,,,0.0036,0.016,,mg/L,2,N,A,156025,,0,0,,,,,,25.0837,81.080581,,,FIU,FIU,,,,,,156025,2/27/04 8:27,EPA350.1,,608,,SAMPLE FILTERED WITH 0.7 GLASS FIBER FILTER.
FLAB25,FLAB,3/23/04,SAMP,MON,SA,G,,0.1,,20,AMMONIA-N,NH4,0.0036,U,,-0.0036,,,0.0036,0.016,,mg/L,2,Y,A,157025,,0,0,,,,,,25.0837,81.080581,,,FIU,FIU,,,,,,157025,3/31/04 11:04,EPA350.1,,608,,SAMPLE FILTERED WITH 0.7 GLASS FIBER FILTER.
FLAB25,FLAB,4/21/04,SAMP,MON,SA,G,,0.1,,20,AMMONIA-N,NH4,0.0036,U,PMR,-0.0036,,,0.0036,0.016,,mg/L,2,Y,A,158025,,0,0,,,,,,25.0837,81.080581,,,FIU,WMD,,,,,,158025,4/27/04 11:34,EPA350.1,,608,,SAMPLE FILTERED WITH 0.7 GLASS FIBER FILTER.
FLAB25,FLAB,5/21/04,SAMP,MON,SA,G,,0.1,,20,AMMONIA-N,NH4,0.0036,U,PMR,-0.0036,,,0.0036,0.016,,mg/L,2,Y,A,159025,,0,0,,,,,,25.0837,81.080581,,,FIU,FIU,,,,,,159025,5/25/04 12:02,EPA350.1,,608,,SAMPLE FILTERED WITH 0.7 GLASS FIBER FILTER.
FLAB25,FLAB,6/28/04,SAMP,MON,SA,G,,0.1,,20,AMMONIA-N,NH4,0.0036,U,PMR,-0.0036,,,0.0036,0.016,,mg/L,2,Y,A,160025,,0,0,,,,,,25.0837,81.080581,,,FIU,FIU,,,,,,160025,7/6/04 10:41,EPA350.1,,608,,SAMPLE FILTERED WITH 0.7 GLASS FIBER FILTER.
FLAB25,FLAB,7/27/04,SAMP,MON,SA,G,,0.1,,20,AMMONIA-N,NH4,0.0036,U,PMR,-0.0036,,,0.0036,0.016,,mg/L,2,Y,A,161025,,0,0,,,,,,25.0837,81.080581,,,FIU,FIU,,,,,,161025,8/4/04 12:14,EPA350.1,,608,,SAMPLE FILTERED WITH 0.7 GLASS FIBER FILTER.
FLAB25,FLAB,8/24/04,SAMP,MON,SA,G,,0.1,,20,AMMONIA-N,NH4,0.0047,I,PMR,0.0047,,,0.0036,0.016,,mg/L,2,N,A,162025,,0,0,,,,,,25.0837,81.080581,,,FIU,FIU,,,,,,162025,8/31/04 12:47,EPA350.1,,608,,SAMPLE FILTERED WITH 0.7 GLASS FIBER FILTER.
FLAB25,FLAB,9/28/04,SAMP,MON,SA,G,,0.1,,20,AMMONIA-N,NH4,0.0185,PMR,,0.0185,,,0.0036,0.016,,mg/L,2,N,A,163025,,0,0,,,,,,25.0837,81.080581,,,FIU,FIU,,,,,,163025,10/4/04 12:09,EPA350.1,,608,,SAMPLE FILTERED WITH 0.7 GLASS FIBER FILTER.
FLAB25,FLAB,10/26/04,SAMP,MON,SA,G,,0.1,,20,AMMONIA-N,NH4,0.0036,U,PMR,-0.0036,,,0.0036,0.016,,mg/L,2,Y,A,164025,,0,0,,,,,,25.0837,81.080581,,,FIU,FIU,,,,,,164025,11/1/04 11:16,EPA350.1,,608,,SAMPLE FILTERED WITH 0.7 GLASS FIBER FILTER.
FLAB25,FLAB,11/29/04,SAMP,MON,SA,G,,0.1,,20,AMMONIA-N,NH4,0.0114,I,PMR,0.0114,,,0.0036,0.016,,mg/L,2,N,A,165025,,0,0,,,,,,25.0837,81.080581,,,FIU,FIU,,,,,,165025,12/3/04 11:59,EPA350.1,,608,,SAMPLE FILTERED WITH 0.7 GLASS FIBER FILTER.
FLAB25,FLAB,12/14/04,SAMP,MON,SA,G,,0.1,,20,AMMONIA-N,NH4,0.0156,I,PMR,0.0156,,,0.0036,0.016,,mg/L,2,N,A,166025,,0,0,,,,,,25.0837,81.080581,,,FIU,FIU,,,,,,166025,1/3/05 10:41,EPA350.1,,608,,SAMPLE FILTERED WITH 0.7 GLASS FIBER FILTER.
FLAB25,FLAB,10/9/06,SAMP,MON,SA,G,,0,,20,AMMONIA-N,NH4,0.00574,"Y,U,J5",yes,-0.00574,,1,0.00574,0.014,,mg/L,2,Y,A,FB188FB025FA,,0,0,,,,,,25.0837,81.080581,FIU,E76930,FIU,WMD,WMD,2,BA,CA,,AB64825,10/11/06 10:21,EPA 350.1,,608,,"Exceded Batch Size NELAC certified, DEP variance will be obtained by Dec 2008"
FLAB25,FLAB,10/9/06,SAMP,MON,SA,G,,0,,20,AMMONIA-N,NH4,0.00574,"Y,U,J5",yes,-0.00574,,1,0.00574,0.014,,mg/L,2,Y,A,FB188FB025FB,,0,0,,,,,,25.0837,81.080581,FIU,E76930,FIU,WMD,WMD,2,BA,CA,,AB64826,10/11/06 10:21,EPA 350.1,,608,,"Exceded Batch Size NELAC certified, DEP variance will be obtained by Dec 2008"
FLAB25,FLAB,11/7/06,SAMP,MON,SA,G,,0,,20,AMMONIA-N,NH4,0.00574,"Y,U,J5",yes,-0.00574,,1,0.00574,0.014,,mg/L,2,Y,A,FB189FB025FB,,0,0,,,,,,25.0837,81.080581,FIU,E76930,FIU,WMD,WMD,2,BA,CA,,AB70907,11/15/06 10:11,EPA 350.1,,608,,"Exceded Batch Size Exceded Batch Size NELAC certified, DEP variance will be obtained by Dec 2008"
FLAB25,FLAB,11/7/06,SAMP,MON,SA,G,,0,,20,AMMONIA-N,NH4,0.00574,"Y,U,J5",yes,-0.00574,,1,0.00574,0.014,,mg/L,2,Y,A,FB189FB025FA,,0,0,,,,,,25.0837,81.080581,FIU,E76930,FIU,WMD,WMD,2,BA,CA,,AB70906,11/15/06 10:11,EPA 350.1,,608,,"Exceded Batch Size Exceded Batch Size NELAC certified, DEP variance will be obtained by Dec 2008"
FLAB25,FLAB,12/3/06,SAMP,MON,SA,G,,0,,20,AMMONIA-N,NH4,0.04559,"Y,J5,J",yes,0.04559,,1,0.00574,0.014,,mg/L,2,N,A,FB190FB025FA,,0,0,,,,,,25.0837,81.080581,FIU,E76930,FIU,WMD,WMD,2,BA,CA,,ab72226,12/15/06 12:03,EPA 350.1,,608,,Matrix Spike Recovery Outside of Control Limits.; LCS Recovery Outside of Control Limits. Exceded Batch Size Exceded Batch Size %R Failure
FLAB25,FLAB,12/3/06,SAMP,MON,SA,G,,0,,20,AMMONIA-N,NH4,0.04473,"Y,J5,J",yes,0.04473,,1,0.00574,0.014,,mg/L,2,N,A,FB190FB025FB,,0,0,,,,,,25.0837,81.080581,FIU,E76930,FIU,WMD,WMD,2,BA,CA,,ab72227,12/15/06 12:03,EPA 350.1,,608,,Matrix Spike Recovery Outside of Control Limits.; LCS Recovery Outside of Control Limits. Exceded Batch Size Exceded Batch Size %R Failure
FLAB25,FLAB,1/11/07,SAMP,MON,SA,G,,0,,20,AMMONIA-N,NH4,0.00854,"A,Y,I,J5",yes,0.00854,,1,0.00574,0.014,,mg/L,2,N,A,FB191FB025FA,,0,0,,,,,,25.0837,81.080581,FIU,E76930,FIU,WMD,WMD,2,BA,CA,,ab74882,1/26/07 11:52,EPA 350.1,,608,,"Exceded Batch Size NELAC certified, DEP variance will be obtained by Dec 2008"
FLAB25,FLAB,1/11/07,SAMP,MON,SA,G,,0,,20,AMMONIA-N,NH4,0.00574,"A,Y,U,J5",yes,-0.00574,,1,0.00574,0.014,,mg/L,2,Y,A,FB191FB025FB,,0,0,,,,,,25.0837,81.080581,FIU,E76930,FIU,WMD,WMD,2,BA,CA,,ab74883,1/26/07 11:52,EPA 350.1,,608,,"Exceded Batch Size NELAC certified, DEP variance will be obtained by Dec 2008"
FLAB25,FLAB,2/7/07,SAMP,MON,SA,G,,0,,20,AMMONIA-N,NH4,0.00574,"A,Y,U,J5",yes,-0.00574,,1,0.00574,0.014,,mg/L,2,Y,A,FB192FB025FA,,0,0,,,,,,25.0837,81.080581,FIU,E76930,FIU,WMD,WMD,2,BA,CA,,AB76780,2/12/07 8:56,EPA 350.1,,608,,"NELAC certified, DEP variance will be obtained by Dec 2008   Missing LCS"
FLAB25,FLAB,2/7/07,SAMP,MON,SA,G,,0,,20,AMMONIA-N,NH4,0.00574,"A,Y,U,J5",yes,-0.00574,,1,0.00574,0.014,,mg/L,2,Y,A,FB192FB025FB,,0,0,,,,,,25.0837,81.080581,FIU,E76930,FIU,WMD,WMD,2,BA,CA,,AB76781,2/12/07 8:56,EPA 350.1,,608,,"NELAC certified, DEP variance will be obtained by Dec 2008   Missing LCS"
FLAB25,FLAB,3/12/07,SAMP,MON,SA,G,,0,,20,AMMONIA-N,NH4,0.00574,"A,Y,U,J5",yes,-0.00574,,1,0.00574,0.014,,mg/L,2,Y,A,FB193FB025FA,,0,0,,,,,,25.0837,81.080581,FIU,E76930,FIU,WMD,WMD,2,BA,CA,,AB78030,4/2/07 7:52,EPA 350.1,,608,,"NELAC certified, DEP variance will be obtained by Dec 2008   Missing LCS"
FLAB25,FLAB,3/12/07,SAMP,MON,SA,G,,0,,20,AMMONIA-N,NH4,0.00574,"A,Y,U,J5",yes,-0.00574,,1,0.00574,0.014,,mg/L,2,Y,A,FB193FB025FB,,0,0,,,,,,25.0837,81.080581,FIU,E76930,FIU,WMD,WMD,2,BA,CA,,AB78031,4/2/07 7:52,EPA 350.1,,608,,"NELAC certified, DEP variance will be obtained by Dec 2008   Missing LCS"
FLAB25,FLAB,4/3/07,SAMP,MON,SA,G,,0,,20,AMMONIA-N,NH4,0.00574,"Y,U,J5",yes,-0.00574,,1,0.00574,0.014,,mg/L,2,Y,A,FB194FB025FB,,0,0,,,,,,25.0837,81.080581,FIU,E76930,FIU,WMD,WMD,2,BA,CA,,AB79056,4/11/07 9:32,EPA 350.1,,608,,"Exceded Batch Size NELAC certified, DEP variance will be obtained by Dec 2008"
FLAB25,FLAB,4/3/07,SAMP,MON,SA,G,,0,,20,AMMONIA-N,NH4,0.00803,"Y,I,J5",yes,0.00803,,1,0.00574,0.014,,mg/L,2,N,A,FB194FB025FA,,0,0,,,,,,25.0837,81.080581,FIU,E76930,FIU,WMD,WMD,2,BA,CA,,AB79055,4/11/07 9:32,EPA 350.1,,608,,"Exceded Batch Size NELAC certified, DEP variance will be obtained by Dec 2008"
FLAB25,FLAB,5/1/07,SAMP,MON,SA,G,,0,,20,AMMONIA-N,NH4,0.00793,"Y,I,J5",yes,0.00793,,1,0.00574,0.014,,mg/L,2,N,A,FB195FB025FB,,0,0,,,,,,25.0837,81.080581,FIU,E76930,FIU,WMD,WMD,2,BA,CA,,AB82117,5/9/07 10:18,EPA 350.1,,608,,"Exceded Batch Size NELAC certified, DEP variance will be obtained by Dec 2008"
FLAB25,FLAB,5/1/07,SAMP,MON,SA,G,,0,,20,AMMONIA-N,NH4,0.00624,"Y,I,J5",yes,0.00624,,1,0.00574,0.014,,mg/L,2,N,A,FB195FB025FA,,0,0,,,,,,25.0837,81.080581,FIU,E76930,FIU,WMD,WMD,2,BA,CA,,AB82116,5/9/07 10:18,EPA 350.1,,608,,"Exceded Batch Size NELAC certified, DEP variance will be obtained by Dec 2008"
FLAB25,FLAB,6/6/07,SAMP,MON,SA,G,,0,,20,AMMONIA-N,NH4,0.00853,"Y,I,J5",yes,0.00853,,1,0.00574,0.014,,mg/L,2,N,A,FB196FB025FA,,0,0,,,,,,25.0837,81.080581,FIU,E76930,FIU,WMD,WMD,2,BA,CA,,AB84015,6/12/07 9:16,EPA 350.1,,608,,"Exceded Batch Size NELAC certified, DEP variance will be obtained by Dec 2008"
FLAB25,FLAB,6/6/07,SAMP,MON,SA,G,,0,,20,AMMONIA-N,NH4,0.00902,"Y,I,J5",yes,0.00902,,1,0.00574,0.014,,mg/L,2,N,A,FB196FB025FB,,0,0,,,,,,25.0837,81.080581,FIU,E76930,FIU,WMD,WMD,2,BA,CA,,AB84016,6/12/07 9:16,EPA 350.1,,608,,"Exceded Batch Size NELAC certified, DEP variance will be obtained by Dec 2008"
FLAB25,FLAB,7/3/07,SAMP,MON,SA,G,,0,,20,AMMONIA-N,NH4,0.00952,"A,I,Y",yes,0.00952,,1,0.00574,0.01,,mg/L,2,N,A,FB197FB025FB,,0,0,,,,,,25.0837,81.080581,FIU,E76930,FIU,WMD,WMD,2,BA,CA,,AB85595,7/9/07 8:41,EPA 350.1,,608,,
FLAB25,FLAB,7/3/07,SAMP,MON,SA,G,,0,,20,AMMONIA-N,NH4,0.00979,"A,I,Y",yes,0.00979,,1,0.00574,0.01,,mg/L,2,N,A,FB197FB025FA,,0,0,,,,,,25.0837,81.080581,FIU,E76930,FIU,WMD,WMD,2,BA,CA,,AB85594,7/9/07 8:41,EPA 350.1,,608,,
FLAB25,FLAB,8/7/07,SAMP,MON,SA,G,,0,,20,AMMONIA-N,NH4,0.00574,"A,U,Y",yes,-0.00574,,1,0.00574,0.01,,mg/L,2,Y,A,FB198FB025FA,,0,0,,,,,,25.0837,81.080581,FIU,E76930,FIU,WMD,WMD,2,BA,CA,,AB89051,8/20/07 9:05,EPA 350.1,,608,,
FLAB25,FLAB,8/7/07,SAMP,MON,SA,G,,0,,20,AMMONIA-N,NH4,0.00574,"A,U,Y",yes,-0.00574,,1,0.00574,0.01,,mg/L,2,Y,A,FB198FB025FB,,0,0,,,,,,25.0837,81.080581,FIU,E76930,FIU,WMD,WMD,2,BA,CA,,AB89052,8/20/07 9:05,EPA 350.1,,608,,
FLAB25,FLAB,9/5/07,SAMP,MON,SA,G,,0,,20,AMMONIA-N,NH4,0.02,"A,Y",yes,0.02,,1,0.00574,0.01,,mg/L,2,N,A,FB199FB025FB,,0,0,,,,,,25.0837,81.080581,FIU,E76930,FIU,WMD,WMD,2,BA,CA,,AB90723,9/18/07 10:06,EPA 350.1,,608,,
FLAB25,FLAB,9/5/07,SAMP,MON,SA,G,,0,,20,AMMONIA-N,NH4,0.01,"A,Y",yes,0.01,,1,0.00574,0.01,,mg/L,2,N,A,FB199FB025FA,,0,0,,,,,,25.0837,81.080581,FIU,E76930,FIU,WMD,WMD,2,BA,CA,,AB90722,9/18/07 10:06,EPA 350.1,,608,,
FLAB25,FLAB,10/4/07,SAMP,MON,SA,G,,0,,20,AMMONIA-N,NH4,0.00734,"A,Y,I,V,J5,J",yes,0.00734,,1,0.00574,0.014,,mg/L,2,N,A,FB200FB025,,0,0,,,,,,25.0837,81.080581,FIU,E76930,FIU,WMD,WMD,2,BA,CA,,AB92301,10/11/07 9:30,EPA 350.1,,608,,"Matrix Spike Recovery Outside of Control Limits.; Exceded Batch Size NELAC certified, DEP variance will be obtained by Dec 2008; filtered through 0.7 microns"
FLAB25,FLAB,11/6/07,SAMP,MON,SA,G,,0,,20,AMMONIA-N,NH4,0.02491,"A,Y,J5",yes,0.02491,,1,0.00574,0.014,,mg/L,2,N,A,FB201FB025,,0,0,,,,,,25.0837,81.080581,FIU,E76930,FIU,WMD,WMD,2,BA,CA,,ab93895,11/27/07 9:01,EPA 350.1,,608,,"Exceded Batch Size NELAC certified, DEP variance will be obtained by Dec 2008; filtered through 0.7 microns"
FLAB25,FLAB,12/7/07,SAMP,MON,SA,G,,0,,20,AMMONIA-N,NH4,0.00999,"A,Y,I,J5",yes,0.00999,,1,0.00574,0.014,,mg/L,2,N,A,FB202FB025,,0,0,,,,,,25.0837,81.080581,FIU,E76930,FIU,WMD,WMD,2,BA,CA,,AB94313,12/18/07 10:18,EPA 350.1,,608,,"NELAC certified, DEP variance will be obtained by Dec 2008; filtered through 0.7 microns"
FLAB25,FLAB,1/9/08,SAMP,MON,SA,G,,0,,20,AMMONIA-N,NH4,0.0049,"Y,U,J5",yes,-0.0049,,1,0.0049,0.014,,mg/L,2,Y,A,FB203FB025,,0,0,,,,,,25.0837,81.080581,FIU,E76930,FIU,WMD,WMD,2,BA,CA,,AB95224,1/15/08 8:52,EPA 350.1,,608,,"Exceded Batch Size NELAC certified, DEP variance will be obtained by Aug 2008"
FLAB25,FLAB,2/8/08,SAMP,MON,SA,G,,0,,20,AMMONIA-N,NH4,0.00614,"Y,I,J5,J",yes,0.0061,,1,0.0049,0.014,,mg/L,2,N,A,FB204FB025,,0,0,,,,,,25.0837,81.080581,FIU,E76930,FIU,WMD,WMD,2,BA,CA,,AB95739,2/13/08 9:30,EPA 350.1,,608,,"Matrix Spike Recovery Outside of Control Limits.; Exceded Batch Size NELAC certified, DEP variance will be obtained by Aug 2008"
FLAB25,FLAB,3/5/08,SAMP,MON,SA,G,,0,,20,AMMONIA-N,NH4,0.0049,"Y,U",yes,-0.0049,,1,0.0049,0.014,,mg/L,2,Y,A,FB205FB025,,0,0,,,,,,25.0837,81.080581,FIU,E76930,FIU,WMD,WMD,2,BA,CA,,AB95987,3/11/08 9:17,EPA 350.1,,608,,"NELAC certified, DEP variance will be obtained by Aug 2008"
FLAB25,FLAB,4/2/08,SAMP,MON,SA,G,,0,,20,AMMONIA-N,NH4,0.0049,"U,Y,J5",yes,-0.0049,,1,0.0049,0.014,,mg/L,2,Y,A,FB206FB025,,0,0,,,,,,25.0837,81.080581,FIU,E76930,FIU,WMD,WMD,2,BA,CA,4/2/08 12:50,AB96576,4/3/08 9:49,EPA 350.1,,608,,"NELAC certified, DEP variance will be obtained by Aug 2008 Missing MS"
FLAB25,FLAB,5/7/08,SAMP,MON,SA,G,,0,,20,AMMONIA-N,NH4,0.0049,"U,Y,J5",yes,-0.0049,,1,0.0049,0.014,,mg/L,2,Y,A,FB207FB025,,0,0,,,,,,25.0837,81.080581,FIU,E76930,FIU,WMD,WMD,2,BA,CA,5/7/08 10:18,AB97320,5/9/08 8:37,EPA 350.1,,608,,"NELAC certified, DEP variance will be obtained by Aug 2008 Missing MS"
FLAB25,FLAB,6/4/08,SAMP,MON,SA,G,,0,,20,AMMONIA-N,NH4,0.0049,"U,Y,J5",yes,-0.0049,,1,0.0049,0.014,,mg/L,2,Y,A,FB208FB025,,0,0,,,,,,25.0837,81.080581,FIU,E76930,FIU,WMD,WMD,2,BA,CA,6/4/08 10:56,AB97884,6/7/08 12:10,EPA 350.1,,608,,"NELAC certified, DEP variance will be obtained by Aug 2008 Missing MS"
FLAB25,FLAB,1/7/09,SAMP,MON,SA,G,,0.5,,20,AMMONIA-N,NH4,0.005,U,,-0.005,,1,0.005,0.02,0.005,mg/L,2,Y,A,P42963-9,,1,2,,,3.3,,,25.0837,81.080581,FWEC,E46077,WMD,WMD,WMD,2,BA,NO,1/8/09 9:36,16142009,1/9/09 16:28,SM4500NH3H,,00608,light winds and light chop.  Sample with no visable solids.  Low incoming flow.  good deal of plant matter/alga observed in water column.,
FLAB25,FLAB,2/12/09,SAMP,MON,SA,G,,0.5,,20,AMMONIA-N,NH4,0.005,U,,-0.005,,1,0.005,0.02,0.005,mg/L,2,Y,A,P42978-6,,1,2,,,2.4,,,25.0837,81.080581,FWEC,E46077,WMD,WMD,WMD,2,BA,NO,2/12/09 15:47,16157006,2/13/09 15:47,SM4500NH3H,,00608,Very calm conditions.  No wind and very little flow.  Sample clear.,
FLAB25,FLAB,3/16/09,SAMP,MON,SA,G,,0.5,,20,AMMONIA-N,NH4,0.005,U,,-0.005,,1,0.005,0.02,0.005,mg/L,2,Y,A,P43361-6,,1,3,,,3.15,,,25.0837,81.080581,FWEC,E46077,WMD,WMD,WMD,2,BA,NO,3/17/09 10:29,16639006,3/23/09 10:37,SM4500NH3H,,00608,Increasing clouds and increasing winds.  light chop.  Sample clear.,
FLAB25,FLAB,4/20/09,SAMP,MON,SA,G,,0.5,,20,AMMONIA-N,NH4,0.008,I,,0.008,,1,0.005,0.02,0.005,mg/L,2,N,A,P43542-6,,1,3,,,3.9,,,25.0837,81.080581,FWEC,E46077,WMD,WMD,WMD,2,BA,NO,4/21/09 9:50,16865006,4/22/09 14:32,SM4500NH3H,,00608,choppy conditions with medium swell. Sample clear of solids.,
FLAB25,FLAB,5/18/09,SAMP,MON,SA,G,,0.5,,20,AMMONIA-N,NH4,0.005,U,,-0.005,,1,0.005,0.02,0.005,mg/L,2,Y,A,P43936-6,,1,3,,,3.8,,,25.0837,81.080581,FWEC,E46077,WMD,WMD,WMD,2,BA,NO,5/19/09 9:50,17327006,5/21/09 11:06,SM4500NH3H,,00608,Strog wind and moderate chop.  Sample clear,
FLAB25,FLAB,6/11/09,SAMP,MON,SA,G,,0.5,,20,AMMONIA-N,NH4,0.005,U,,-0.005,,1,0.005,0.02,0.005,mg/L,2,Y,A,P43955-6,,1,2,,,2.9,,,25.0837,81.080581,FWEC,E46077,WMD,WMD,WMD,2,BA,NO,6/11/09 16:09,17348006,6/15/09 15:05,SM4500NH3H,,00608,Calm conditions.  Sample clear of solids.,
FLAB25,FLAB,7/20/09,SAMP,MON,SA,G,,0.5,,20,AMMONIA-N,NH4,0.005,U,,-0.005,,1,0.005,0.02,0.005,mg/L,2,Y,A,P44584-6,,1,2,,,3.71,,,25.0837,81.080581,FWEC,E46077,WMD,WMD,WMD,2,BA,NO,7/21/09 10:16,18191020,7/27/09 11:00,SM4500NH3H,,00608,"sample clear, no solids.  strong incoming flow.  calm seas. sunny, temp 95-97 degrees F.",
FLAB25,FLAB,8/17/09,SAMP,MON,SA,G,,0.5,,20,AMMONIA-N,NH4,0.005,U,,-0.005,,1,0.005,0.02,0.005,mg/L,2,Y,A,P44716-6,,1,2,,,3.9,,,25.0837,81.080581,FWEC,E46077,WMD,WMD,WMD,2,BA,NO,8/18/09 11:13,18361017,8/24/09 11:54,SM4500NH3H,,00608,"Sample clear, no visible solids.  Slight sediment in sample bucket.  Seaweed on surface. Very rough conditions.  Seas 4-4, wind 20 knots.  Sunny with some cloud coverage.  Temperature low to mid 90's degrees F.",
FLAB25,FLAB,9/15/09,SAMP,MON,SA,G,,0.5,,20,AMMONIA-N,NH4,0.005,U,,-0.005,,1,0.005,0.02,0.005,mg/L,2,Y,A,P45421-8,,1,2,,,3.8,,,25.0837,81.080581,FWEC,E46077,WMD,WMD,WMD,2,BA,NO,9/16/09 10:46,19266008,9/17/09 13:40,SM4500NH3H,,00608,"Sample clear, with low solids.  Some sediment in sample bucket.  Moderate incoming flow, light chop on water.  Soem seagrass floating on water surface.",
FLAB25,FLAB,10/12/09,SAMP,MON,SA,G,,0.5,,20,AMMONIA-N,NH4,0.005,U,,-0.005,,1,0.005,0.02,0.005,mg/L,2,Y,A,P45906-6,,1,2,,,3.2,,,25.0837,81.080581,FWEC,E46077,WMD,WMD,WMD,2,BA,NO,10/13/09 9:43,19878006,10/16/09 12:07,SM4500NH3H,,00608,Sample clear with no visible solids. Moderate flow. 2.5' chop on water's surface with winds approx. 15-20 mph.,
FLAB25,FLAB,11/12/09,SAMP,MON,SA,G,,0.5,,20,AMMONIA-N,NH4,0.008,I,,0.008,,1,0.005,0.02,0.005,mg/L,2,N,A,P46183-11,,1,4,,,3.9,,,25.0837,81.080581,FWEC,E46077,WMD,WMD,WMD,2,BA,NO,11/13/09 10:04,20232011,11/17/09 13:15,SM4500NH3H,,00608,"Sample pale yellow-green, with low solids.  Very choppy, seas 3-4, strong incoming flow. Winds 20 mph.",
FLAB25,FLAB,12/7/09,SAMP,MON,SA,G,,0.5,m,20,AMMONIA-N,NH4,0.005,U,,-0.005,,1,0.005,0.02,0.005,mg/L,2,Y,A,P46552-6,,1,1,,,,,,25.0837,81.080581,FWEC,E46077,WMD,WMD,WMD,2,BA,NO,12/8/09 10:37,20736006,12/9/09 16:26,SM4500NH3H,,00608,"Sample clear, no visible solids.  Low flow.  Moderate chop.  Winds 5-10 mph.",
FLAB25,FLAB,1/11/10,SAMP,MON,SA,G,,0.5,m,20,AMMONIA-N,NH4,0.005,U,,-0.005,,1,0.005,0.02,0.005,mg/L,2,Y,A,P46793-2,,1,1,,,,,,25.0837,81.080581,FWEC,E46077,WMD,WMD,WMD,2,BA,NO,1/12/10 11:13,21031002,1/14/10 11:27,SM4500NH3H,,608,"Sample cloudy pale yellow, with medium solids.  Strong incoming flow. Rough seas 2-3 feet.  Winds 15-20mph.  Water temperatures below 10 degrees C. WARNING: TEMP exceeds QC limit of 10 to 35 Celsius",
FLAB25,FLAB,2/8/10,SAMP,MON,SA,G,,0.5,m,20,AMMONIA-N,NH4,0.005,U,,-0.005,,1,0.005,0.02,0.005,mg/L,2,Y,A,P47183-2,,1,3,,,,,,25.0837,81.080581,FWEC,E46077,WMD,WMD,WMD,2,BA,NO,2/9/10 12:49,21666002,2/11/10 12:15,SM4500NH3H,,00608,"Sample clear, no visible solids.  Low flow.  Slight chop on water. Winds 5-10mph.",
FLAB25,FLAB,3/8/10,SAMP,MON,SA,G,,0.5,m,20,AMMONIA-N,NH4,0.005,U,,-0.005,,1,0.005,0.02,0.005,mg/L,2,Y,A,P47472-2,,1,1,,,,,,25.0837,81.080581,FWEC,E46077,WMD,WMD,WMD,2,BA,NO,3/9/10 10:29,22046002,3/10/10 14:48,SM4500NH3H,,00608,"Sample pale green with no visible solids. Calm conditions, with minimal chop.  Low flow.  FCEB taken at this station.",
FLAB25,FLAB,4/13/10,SAMP,MON,SA,G,,0.5,m,20,AMMONIA-N,NH4,0.012,I,,0.012,,1,0.005,0.02,0.005,mg/L,2,N,A,P47829-9,,1,1,,,,,,25.0837,81.080581,FWEC,E46077,WMD,WMD,WMD,2,BA,NO,4/15/10 9:04,22511009,4/20/10 10:40,SM4500NH3H,,00608,"Sample pale green, low solids.  Moderate flow.  Water choppy, seas 1-2 feet.  Winds 10-12mph.",
FLAB25,FLAB,5/10/10,SAMP,MON,SA,G,,0.5,m,20,AMMONIA-N,NH4,0.006,I,,0.006,,1,0.005,0.02,0.005,mg/L,2,N,A,P48081-2,,1,1,,,,,,25.0837,81.080581,FWEC,E46077,WMD,WMD,WMD,2,BA,NO,5/11/10 10:36,22817002,5/12/10 14:31,SM4500NH3H,,00608,"Sample clear, no visible solids.  Water very choppy, 2-3 foot seas.  Moderate flow.  Winds 15-18mph.",
FLAB25,FLAB,6/8/10,SAMP,MON,SA,G,,0.5,m,20,AMMONIA-N,NH4,0.009,I,,0.009,,1,0.005,0.02,0.005,mg/L,2,N,A,P48380-8,,1,2,,,,,,25.0837,81.080581,FWEC,E46077,WMD,WMD,WMD,2,BA,NO,6/9/10 12:12,23194008,6/15/10 9:57,SM4500NH3H,,00608,Sample is light green with low suspended solids present. Strong flow with light chop up to 8 inch and constant winds up 6 mph.,
FLAB25,FLAB,7/20/10,SAMP,MON,SA,G,,0.5,m,20,AMMONIA-N,NH4,0.013,I,,0.013,,1,0.005,0.02,0.005,mg/L,2,N,A,P48679-2,,1,1,,,,,,25.0837,81.080581,FWEC,E46077,WMD,WMD,WMD,2,BA,NO,7/21/10 11:25,23536002,7/22/10 16:11,SM4500NH3H,,00608,"Sample light green, low solids.  Seas choppy, 2-3 feet.  Winds 15-20mph.  Strong incoming flow.",
FLAB25,FLAB,8/16/10,SAMP,MON,SA,G,,0.5,m,20,AMMONIA-N,NH4,0.005,U,,-0.005,,1,0.005,0.02,0.005,mg/L,2,Y,A,P48893-2,,1,2,,,,,,25.0837,81.080581,FWEC,E46077,WMD,WMD,WMD,2,BA,NO,8/17/10 10:08,23830002,8/23/10 10:52,SM4500NH3H,,00608,"Sample pale green, with medium solids.  Low flow.  Calm water, minimal chop. Winds 2-5mph.",
FLAB25,FLAB,9/22/10,SAMP,MON,SA,G,,0.5,m,20,AMMONIA-N,NH4,0.007,I,,0.007,,1,0.005,0.02,0.005,mg/L,2,N,A,P49172-8,,1,1,,,,,,25.0837,81.080581,FWEC,E46077,WMD,WMD,WMD,2,BA,NO,9/23/10 11:08,24186008,9/27/10 16:36,SM4500NH3H,,00608,"Sample light green, low solids.  Minimal chop, 1 foot seas.  Moderate incoming flow.  Winds 5mph, with 8mph gusts.",
FLAB25,FLAB,10/19/10,SAMP,MON,SA,G,,0.5,m,20,AMMONIA-N,NH4,0.018,I,,0.018,,1,0.005,0.02,0.005,mg/L,2,N,A,P49628-2,,1,1,,,,,,25.0837,81.080581,FWEC,E46077,WMD,WMD,WMD,2,BA,NO,10/20/10 11:05,24783002,10/26/10 14:41,SM4500NH3H,,00608,"Sample light green, low solids.  Low flow.  Calm water, light chop.  Winds 0-2mph.",
FLAB25,FLAB,11/16/10,SAMP,MON,SA,G,,0.5,m,20,AMMONIA-N,NH4,0.014,"I,J",yes,0.014,,1,0.005,0.02,0.005,mg/L,2,N,A,P50070-2,,1,1,,,,,,25.0837,81.080581,FWEC,E46077,WMD,WMD,WMD,2,BA,NO,11/17/10 10:56,25358002,11/19/10 13:53,SM4500NH3H,,00608,"Sample light green, low solids.  Low outgoing flow.  Calm water, minimal chop. Wind 1-2mph.",Analyte detected in field blank and/or associated sample
FLAB25,FLAB,12/14/10,SAMP,MON,SA,G,,0.5,m,20,AMMONIA-N,NH4,0.005,U,,-0.005,,1,0.005,0.02,0.005,mg/L,2,Y,A,P50474-2,,1,1,,,,,,25.0837,81.080581,FWEC,E46077,WMD,WMD,WMD,2,BA,NO,12/15/10 10:14,25855002,12/15/10 16:22,SM4500NH3H,,00608,"Sample pale yellow, medium solids.  Choppy water, 3-4 foot swells.  Winds 10-12mph.  Moderate incoming flow.",
FLAB25,FLAB,1/4/11,SAMP,MON,SA,G,,0.5,m,20,AMMONIA-N,NH4,0.005,U,,-0.005,,1,0.005,0.02,0.005,mg/L,2,Y,A,P50635-2,,1,1,,,,,,25.0837,81.080581,FWEC,E46077,WMD,WMD,WMD,2,BA,NO,1/5/11 11:04,26109002,1/11/11 10:08,SM4500NH3H,,00608,"Very low flow at station.  Very low to no chop.  No wind.  Sample light greenish yellow, moderate solids.",
FLAB25,FLAB,2/17/11,SAMP,MON,SA,G,,0.5,m,20,AMMONIA-N,NH4,0.007,I,,0.007,,1,0.005,0.02,0.005,mg/L,2,N,A,P50937-2,,0,3,,,,,,25.0837,81.080581,WMD,E46077,WMD,WMD,WMD,2,BA,NO,2/18/11 13:41,26504002,2/23/11 15:33,SM4500NH3H,,00608,"Wind E 5-10, Lt chop",
FLAB25,FLAB,3/15/11,SAMP,MON,SA,G,,0.5,m,20,AMMONIA-N,NH4,0.005,U,,-0.005,,1,0.005,0.02,0.005,mg/L,2,Y,A,P51527-9,,1,3,,,,,,25.0837,81.080581,FWEC,E46077,WMD,WMD,WMD,2,BA,NO,3/16/11 10:05,27310009,3/22/11 9:54,SM4500NH3H,,00608,"Sample palm green. Light chop on water, light incoming flow. Wind 0-5mph.",
FLAB25,FLAB,4/6/11,SAMP,MON,SA,G,,0.5,m,20,AMMONIA-N,NH4,0.028,J,yes,0.028,,1,0.005,0.02,0.005,mg/L,2,N,A,P52286-9,,1,2,,,,,,25.0837,81.080581,FWEC,E46077,WMD,WMD,WMD,2,BA,NO,4/7/11 11:30,28396009,4/14/11 11:42,SM4500NH3H,,00608,"Sample light green, 10-15mph NE",Analyte detected in field blank and/or associated sample
FLAB25,FLAB,5/4/11,SAMP,MON,SA,G,,0.5,m,20,AMMONIA-N,NH4,0.005,I,,0.005,,1,0.005,0.02,0.005,mg/L,2,N,A,P52287-9,,1,1,,,,,,25.0837,81.080581,FWEC,E46077,WMD,WMD,WMD,2,BA,NO,5/5/11 9:36,28398009,5/5/11 17:17,SM4500NH3H,,00608,Sample pale green.  1 foot chop on water.  Winds 5-7 mph. Moderate incoming flow.,
FLAB25,FLAB,6/13/11,SAMP,MON,SA,G,,0.5,m,20,AMMONIA-N,NH4,0.005,U,,-0.005,,1,0.005,0.02,0.005,mg/L,2,Y,A,P52281-2,,1,1,,,,,,25.0837,81.080581,FWEC,E46077,WMD,WMD,WMD,2,BA,NO,6/14/11 10:08,28391002,6/16/11 13:08,SM4500NH3H,,00608,Sample is pale green with low suspended sollids present. Moderate incoming tide with westerly winds from 2-6 mph.,
FLAB25,FLAB,7/12/11,SAMP,MON,SA,G,,0.5,m,20,AMMONIA-N,NH4,0.013,,,0.013,,1,0.005,0.01,0.005,mg/L,2,N,A,P52282-2,,1,1,,,,,,25.0837,81.080581,FWEC,E46077,WMD,WMD,WMD,2,BA,NO,7/13/11 13:07,28392002,7/18/11 13:01,SM4500NH3H,,00608,Sample is clear with no visible suspended solids present.  Moderate to strong flow with chop up to 1.5 feet and swell up to 2 feet and winds from the southwest at 5 to 10 mph.  SECCHI ON BOTTOM,
FLAB25,FLAB,8/16/11,SAMP,MON,SA,G,,0.5,m,20,AMMONIA-N,NH4,0.005,U,,-0.005,,1,0.005,0.01,0.005,mg/L,2,Y,A,P52283-2,,1,1,,,,,,25.0837,81.080581,FWEC,E46077,WMD,WMD,WMD,2,BA,NO,8/17/11 10:32,28393002,8/17/11 15:29,SM4500NH3H,,00608,Sample is pale green with low suspended solids present. Strong flow with light chop up to 1.5 feet and light variable winds from southwest at 6 to 10 mph.,
FLAB25,FLAB,9/12/11,SAMP,MON,SA,G,,0.5,m,20,AMMONIA-N,NH4,0.005,U,,-0.005,,1,0.005,0.01,0.005,mg/L,2,Y,A,P52284-2,,0,1,,,,,,25.0837,81.080581,FWEC,E46077,WMD,WMD,WMD,2,BA,NO,9/13/11 10:18,28394002,9/19/11 11:58,SM4500NH3H,,00608,Sample is pale green with low suspended solids present. Light current with mid rising tide and chop up to 2 feet and 5 to 10 mph winds from the east southeast.,
FLAB25,FLAB,10/4/11,SAMP,MON,SA,G,,0.5,m,20,AMMONIA-N,NH4,0.005,U,,-0.005,,1,0.005,0.01,0.005,mg/L,2,Y,A,P52285-2,,0,3,,,,,,25.0837,81.080581,WMD,E46077,WMD,WMD,WMD,2,BA,NO,10/5/11 10:35,28395002,10/11/11 11:23,SM4500NH3H,,00608,"Overcast, wind NNE 15-20, seas 1-3",
FLAB25,FLAB,12/6/11,SAMP,MON,SA,G,,0.5,m,20,AMMONIA-N,NH4,0.007,I,,0.007,,1,0.005,0.01,0.005,mg/L,2,N,A,P54071-2,,0,1,,,,,,25.0837,81.080581,WMD,E46077,WMD,WMD,WMD,2,BA,NO,12/7/11 12:15,30610002,12/9/11 13:09,SM4500NH3H,,00608,"Clear skies,flood tide, wind E 5-10, lt chop",
FLAB25,FLAB,2/1/12,SAMP,MON,SA,G,,0.5,m,20,AMMONIA-N,NH4,0.006,I,,0.006,,1,0.005,0.01,0.005,mg/L,2,N,A,P55306-1,,0,1,,,,,,25.0837,81.080581,WMD,E46077,WMD,WMD,WMD,2,BA,NO,2/2/12 10:08,32254001,2/8/12 16:06,SM4500NH3H,,00608,"Wind NE 10-15, seas 1-2 ft, flood tide",
FLAB25,FLAB,4/11/12,SAMP,MON,SA,G,,0.5,m,20,AMMONIA-N,NH4,0.005,U,,-0.005,,1,0.005,0.01,0.005,mg/L,2,Y,A,P55314-9,,0,2,,,,,,25.0837,81.080581,WMD,E46077,WMD,WMD,WMD,2,BA,NO,4/12/12 10:52,32262009,4/12/12 16:32,SM4500NH3H,,00608,"Wind and seas calm, ebb tide",
FLAB25,FLAB,6/13/12,SAMP,MON,SA,G,,0.5,m,20,AMMONIA-N,NH4,0.006,I,,0.006,+/- 0.005,1,0.005,0.01,0.005,mg/L,2,N,A,P55929-1,,0,2,,,,,,25.0837,81.080581,WMD,E46077,WMD,WMD,WMD,2,BA,NO,6/13/12 16:02,33112001,6/20/12 16:42,SM4500NH3H,,00608,Calm conditions.  No chop.  Moderate flood tide.  No wind.,
FLAB25,FLAB,8/13/12,SAMP,MON,SA,G,,0.5,m,20,AMMONIA-N,NH4,0.009,I,,0.009,+/- 0.005,1,0.005,0.01,0.005,mg/L,2,N,A,P56205-1,,0,3,,,,,,25.0837,81.080581,WMD,E46077,WMD,WMD,WMD,2,BA,NO,8/14/12 10:15,33464001,8/16/12 14:47,SM4500NH3H,,00608,SE winds at 5-10 knots.  Light chop with 1-2 foor chop.  Flood tide.,
FLAB25,FLAB,10/11/12,SAMP,MON,SA,G,,0.5,m,20,AMMONIA-N,NH4,0.005,U,,-0.005,+/- 0.005,1,0.005,0.01,0.005,mg/L,2,Y,A,P56209-1,,0,2,,,,,,25.0837,81.080581,WMD,E46077,WMD,WMD,WMD,2,BA,NO,10/11/12 15:43,33468001,10/15/12 13:47,SM4500NH3H,,00608,NE breeze. 1-2 foot chop.  Flood tide.,
FLAB25,FLAB,12/10/12,SAMP,MON,SA,G,,0.5,m,20,AMMONIA-N,NH4,0.005,I,,0.005,,1,0.005,0.01,0.005,mg/L,2,N,A,P56856-1,,0,2,,,,,,25.0837,81.080581,WMD,E46077,WMD,WMD,WMD,2,BA,NO,12/11/12 10:39,34311001,12/13/12 11:52,SM4500NH3H,,00608,Wind out of the SE 5-7kts. Light wave action.,
FLAB25,FLAB,2/5/13,SAMP,MON,SA,G,,0.5,m,20,AMMONIA-N,NH4,0.005,U,,-0.005,+/- 0.005,1,0.005,0.01,0.005,mg/L,2,Y,A,P61818-1,,0,1,,,,,,25.0837,81.080581,WMD,E46077,WMD,WMD,WMD,2,BA,NO,2/6/13 9:38,39392001,2/6/13 16:50,SM4500NH3H,,00608,"Light wind out of the east, less than 5 kts. Less than 1 ft wave action.",
FLAB25,FLAB,4/18/13,SAMP,MON,SA,G,,0.5,m,20,AMMONIA-N,NH4,0.005,U,,-0.005,+/- 0.005,1,0.005,0.01,0.005,mg/L,2,Y,A,P61819-1,,0,4,,,,,,25.0837,81.080581,WMD,E46077,WMD,WMD,WMD,2,PD,NO,4/18/13 15:12,39393001,4/29/13 11:19,SM4500NH3H,,00608,ESE winds 10-15 kts. Waves 1.5-2 ft at 2 second period.,
FLAB25,FLAB,6/17/13,SAMP,MON,SA,G,,0.5,m,20,AMMONIA-N,NH4,0.018,,,0.018,+/- 0.005,1,0.005,0.01,0.005,mg/L,2,N,A,P63880-1,,0,2,,,,,,25.0837,81.080581,WMD,E46077,WMD,WMD,WMD,2,PD,NO,6/18/13 10:47,40691001,6/26/13 10:15,SM4500NH3H,,00608,"1-2ft chop, wind southeast 10-15,",
FLAB25,FLAB,8/13/13,SAMP,MON,SA,G,,0.5,m,20,AMMONIA-N,NH4,0.007,I,,0.007,+/- 0.005,1,0.005,0.01,0.005,mg/L,2,N,A,P63881-1,,0,3,,,,,,25.0837,81.080581,WMD,E46077,WMD,WMD,WMD,2,PD,NO,8/13/13 16:32,40692001,8/19/13 12:16,SM4500NH3H,,00608,Light chop on surface. E wind 5-10 kt. Moderate current.,
FLAB25,FLAB,10/28/13,SAMP,MON,SA,G,,0.5,m,20,AMMONIA-N,NH4,0.005,U,,-0.005,+/- 0.005,1,0.005,0.01,0.005,mg/L,2,Y,A,P65941-1,,0,2,,,,,,25.0837,81.080581,WMD,E46077,WMD,WMD,WMD,2,PD,NO,10/29/13 7:37,42392001,11/7/13 14:25,SM4500NH3H,,00608,Moderate chop. E wind approx 15 kt. Moderate current.,
FLAB25,FLAB,12/11/13,SAMP,MON,SA,G,,0.5,m,20,AMMONIA-N,NH4,0.015,,,0.015,+/- 0.005,1,0.005,0.01,0.005,mg/L,2,N,A,P68531-1,,0,2,,,,,,25.0837,81.080581,WMD,E46077,WMD,WMD,WMD,2,PD,NO,12/11/13 16:43,44202001,12/18/13 14:48,SM4500NH3H,,00608,"Moderate chop, E wind 10-15.",
FLAB25,FLAB,2/26/14,SAMP,MON,SA,G,,0.5,m,20,AMMONIA-N,NH4,0.009,I,,0.009,+/- 0.005,1,0.005,0.01,0.005,mg/L,2,N,A,P70123-1,,0,1,,,,,,25.0837,81.080581,WMD,E46077,WMD,WMD,WMD,2,PD,NO,2/26/14 15:34,45273001,3/6/14 12:30,SM4500NH3H,,00608,"Glassy smooth water. No noticeable wind, slight incoming tide.",
FLAB25,FLAB,4/7/14,SAMP,MON,SA,G,,0.5,m,20,AMMONIA-N,NH4,0.009,I,,0.009,+/- 0.005,1,0.005,0.01,0.005,mg/L,2,N,A,P70124-1,,0,1,,,,,,25.0837,81.080581,WMD,E46077,WMD,WMD,WMD,2,PD,NO,4/8/14 9:44,45274001,4/10/14 13:20,SM4500NH3H,,00608,"Moderate chop, 1 to 3 ft due to 15kt SE winds. Sample area contained floating vegetation.",
FLAB25,FLAB,6/9/14,SAMP,MON,SA,G,,0.5,m,20,AMMONIA-N,NH4,0.011,,,0.011,+/- 0.005,1,0.005,0.01,0.005,mg/L,2,N,A,P71707-1,,0,2,,,,,,25.0837,81.080581,WMD,E46077,WMD,WMD,WMD,2,PD,NO,6/10/14 10:14,46555001,6/12/14 15:41,SM4500NH3H,,608,"Wind 0-5 kts from the South, <1ft chop, incoming tide.",
FLAB25,FLAB,8/5/14,SAMP,MON,SA,G,,0.5,m,20,AMMONIA-N,NH4,0.007,I,,0.007,+/- 0.005,1,0.005,0.01,0.005,mg/L,2,N,A,P72712-1,,0,2,,,,,,25.0837,81.080581,WMD,E46077,WMD,WMD,WMD,2,PD,NO,8/6/14 10:14,46928001,8/14/14 16:01,SM4500NH3H,,00608,"Calm conditions, SW winds less than 5 kts. Small amount of single piece turtle and manatee grasses on surface. Water is visibly cloudy, milky. Incoming tide.",
FLAB25,FLAB,10/20/14,SAMP,MON,SA,G,,0.5,m,20,AMMONIA-N,NH4,0.015,,,0.015,+/- 0.005,1,0.005,0.01,0.005,mg/L,2,N,A,P74736-1,,0,4,,,,,,25.0837,81.080581,WMD,E46077,WMD,WMD,WMD,2,PD,NO,10/21/14 10:29,48700001,10/30/14 13:41,SM4500NH3H,,00608,"Incoming tide, light chop",
FLAB25,FLAB,12/17/14,SAMP,MON,SA,G,,0.5,m,20,AMMONIA-N,NH4,0.005,I,,0.005,+/- 0.005,1,0.005,0.01,0.005,mg/L,2,N,A,P74738-1,,0,1,,,,,,25.0837,81.080581,WMD,E46077,WMD,WMD,WMD,2,PD,NO,12/17/14 15:07,48702001,12/30/14 13:08,SM4500NH3H,,00608,"Incoming tide, NE wind 5-10, seas 1-2 feet. Small amount of floating vegetation pieces visible on water surface.",
FLAB25,FLAB,2/16/15,SAMP,MON,SA,G,,0.5,m,20,AMMONIA-N,NH4,0.008,I,,0.008,+/- 0.005,1,0.005,0.01,0.005,mg/L,2,N,A,P74737-1,,0,2,,,,,,25.0837,81.080581,WMD,E46077,WMD,WMD,WMD,2,PD,NO,2/17/15 16:26,48701001,2/25/15 11:52,SM4500NH3H,,608,"Moderate chop, E wind 10-15",
FLAB25,FLAB,4/13/15,SAMP,MON,SA,G,,0.5,m,20,AMMONIA-N,NH4,0.006,I,,0.006,+/- 0.005,1,0.005,0.01,0.005,mg/L,2,N,A,P75445-1,,0,2,,,,,,25.0837,81.080581,WMD,E46077,WMD,WMD,WMD,2,PD,NO,4/14/15 11:19,49159001,4/20/15 14:29,SM4500NH3H,,608,"SE wind 15-20, 2-3 ft chop with white caps",
FLAB25,FLAB,6/9/15,SAMP,MON,SA,G,,0.5,m,20,AMMONIA-N,NH4,0.007,I,,0.007,+/- 0.005,1,0.005,0.01,0.005,mg/L,2,N,A,P74739-1,,0,1,,,,,,25.0837,81.080581,WMD,E46077,WMD,WMD,WMD,2,PD,NO,6/10/15 10:00,48703001,6/18/15 14:27,SM4500NH3H,,00608,,
FLAB25,FLAB,8/25/15,SAMP,MON,SA,G,,0.5,m,20,AMMONIA-N,NH4,0.009,I,,0.009,+/- 0.005,1,0.005,0.01,0.005,mg/L,2,N,A,P78245-1,,0,2,,,,,,25.0837,81.080581,WMD,E46077,WMD,WMD,WMD,2,PD,NO,8/26/15 11:35,51480001,9/2/15 13:55,SM4500NH3H,,00608,"Calm seas, winds 0-5mph. High tide.",
FLAB25,FLAB,10/7/15,SAMP,MON,SA,G,,0.5,m,20,AMMONIA-N,NH4,0.009,I,,0.009,+/- 0.005,1,0.005,0.01,0.005,mg/L,2,N,A,P80870-1,,0,3,,,,,,25.0837,81.080581,WMD,E46077,WMD,WMD,WMD,2,PD,NO,10/7/15 14:57,53692001,10/12/15 15:34,SM4500NH3H,,00608,"1-2 seas, light west winds, light amount of loose vegetation floating on surface. Incoming tide.",
FLAB25,FLAB,1/21/16,SAMP,MON,SA,G,,0.5,m,20,AMMONIA-N,NH4,0.018,,,0.018,+/- 0.005,1,0.005,0.01,0.005,mg/L,2,N,A,P82416-1,,0,2,,,,,,25.0837,81.080581,WMD,E46077,WMD,WMD,WMD,2,PD,NO,1/21/16 19:26,54965001,2/3/16 12:05,SM4500NH3H,,00608,"Slight chop, 1 ft or less. Winds 10-15.",
FLAB25,FLAB,2/16/16,SAMP,MON,SA,G,,0.5,m,20,AMMONIA-N,NH4,0.01,,,0.01,+/- 0.005,1,0.005,0.01,0.005,mg/L,2,N,A,P82935-1,,0,4,,,,,,25.0837,81.080581,WMD,E46077,WMD,WMD,WMD,2,PD,NO,2/16/16 17:41,55400001,2/25/16 12:27,SM4500NH3H,,00608,"Overcast, west winds 5-10kts, seas 1-2ft, sample area clear.",
FLAB25,FLAB,4/14/16,SAMP,MON,SA,G,,0.5,m,20,AMMONIA-N,NH4,0.007,I,,0.007,+/- 0.005,1,0.005,0.01,0.005,mg/L,2,N,A,P83568-1,,0,1,,,,,,25.0837,81.080581,WMD,E46077,WMD,WMD,WMD,2,PD,NO,4/14/16 16:26,55991001,4/25/16 10:03,SM4500NH3H,,00608,Light winds out of the SE. Small rolling waves.,
FLAB25,FLAB,6/29/16,SAMP,MON,SA,G,,0.5,m,20,AMMONIA-N,NH4,0.005,I,,0.005,+/- 0.005,1,0.005,0.01,0.005,mg/L,2,N,A,P84316-1,,0,4,,,,,,25.0837,81.080581,WMD,E46077,WMD,WMD,WMD,2,PD,NO,6/29/16 15:53,56588001,7/5/16 14:12,SM4500NH3H,,00608,"1foot chop observed, wind east 10-15, some floating vegetation on surface, sample collected clear area,",
FLAB25,FLAB,8/25/16,SAMP,MON,SA,G,,0.5,m,20,AMMONIA-N,NH4,0.008,I,,0.008,+/- 0.005,1,0.005,0.01,0.005,mg/L,2,N,A,P84638-1,,0,3,,,,,,25.0837,81.080581,WMD,E46077,WMD,WMD,WMD,2,PD,NO,8/25/16 15:14,56878001,9/7/16 13:36,SM4500NH3H,,00608,"High tide, E winds 10kts, light chop, sample area clear.",
FLAB25,FLAB,10/24/16,SAMP,MON,SA,G,,0.5,m,20,AMMONIA-N,NH4,0.011,G,yes,0.011,+/- 0.005,1,0.005,0.01,0.005,mg/L,2,N,A,P86137-1,,0,3,,,,,,25.0837,81.080581,WMD,E46077,WMD,WMD,WMD,2,PD,NO,10/24/16 16:01,58226001,11/3/16 10:34,SM4500NH3H,,608,"NE winds 15kt, moderate chop, sample area clear otherwise.","Analyte was detected at or above the method detection limit in both the sample and the associated field blank, equipment blank, or trip blank, and the blank value was greater than 10% of the associated sample value"
FLAB25,FLAB,12/21/16,SAMP,MON,SA,G,,0.5,m,20,AMMONIA-N,NH4,0.013,,,0.013,+/- 0.005,1,0.005,0.01,0.005,mg/L,2,N,A,P86766-1,,0,1,,,,,,25.0837,81.080581,WMD,E46077,WMD,WMD,WMD,2,PD,NO,12/21/16 16:26,58611001,1/11/17 10:26,SM4500NH3H,,00608,"NE winds 10-15 kts, moderate chop, sample area clear.",
FLAB25,FLAB,2/20/17,SAMP,MON,SA,G,,0.5,m,20,AMMONIA-N,NH4,0.013,,,0.013,+/- 0.005,1,0.005,0.01,0.005,mg/L,2,N,A,P87700-1,,0,2,,,,,,25.0837,81.080581,WMD,E46077,WMD,WMD,WMD,2,PD,NO,2/20/17 16:54,59456001,2/22/17 14:24,SM4500NH3H,,00608,"NE winds 10-15 kts, waters moderate chop, light amount of loose sea grass on surface.",
FLAB25,FLAB,4/20/17,SAMP,MON,SA,G,,0.5,m,20,AMMONIA-N,NH4,0.014,G,yes,0.014,+/- 0.005,1,0.005,0.01,0.005,mg/L,2,N,A,P87830-1,,0,5,,,,,,25.0837,81.080581,WMD,E46077,WMD,WMD,WMD,2,PD,CA,4/20/17 18:58,59588001,4/26/17 12:18,SM4500NH3H,,608,"Had 2-4 foot seas, moderate amount of loose sea grass floating on the surface, light rain with 15-20 knot east winds.  Sample collected by DA.","Analyte was detected at or above the method detection limit in both the sample and the associated field blank, equipment blank, or trip blank, and the blank value was greater than 10% of the associated sample value"
FLAB25,FLAB,8/1/17,SAMP,MON,SA,G,,0.5,m,20,AMMONIA-N,NH4,0.017,G,yes,0.017,+/- 0.005,1,0.005,0.01,0.005,mg/L,2,N,A,P89179-1,,0,0,,,,,,25.0837,81.080581,WMD,E46077,WMD,WMD,WMD,2,PD,NO,8/1/17 16:07,60830001,8/10/17 16:44,SM4500NH3H,,608,"Seas 2-4ft, moderate to heavy chop, heavy amount of loose sea grass and sargassum floating on surface, SW winds 10kts.","Analyte was detected at or above the method detection limit in both the sample and the associated field blank, equipment blank, or trip blank, and the blank value was greater than 10% of the associated sample value"
FLAB25,FLAB,10/12/17,SAMP,MON,SA,G,,0.5,m,20,AMMONIA-N,NH4,0.158,,,0.158,+/- 0.010,1,0.005,0.01,0.005,mg/L,2,N,A,P88721-1,,0,0,,,,,,25.0837,81.080581,WMD,E46077,WMD,WMD,WMD,2,PD,NO,10/12/17 19:00,60388001,10/18/17 13:30,SM4500NH3H,,00608,,
FLAB25,FLAB,12/13/17,SAMP,MON,SA,G,,0.5,m,20,AMMONIA-N,NH4,0.061,,,0.061,+/- 0.006,1,0.005,0.01,0.005,mg/L,2,N,A,P91159-1,,0,0,,,,,,25.0837,81.080581,WMD,E46077,WMD,WMD,WMD,2,PD,NO,12/13/17 16:37,62572001,12/21/17 12:54,SM4500NH3H,,00608,2-4 ft seas. Murky brown water.,
FLAB25,FLAB,2/28/18,SAMP,MON,SA,G,,0.5,m,20,AMMONIA-N,NH4,0.06,,,0.06,+/- 0.006,1,0.005,0.01,0.005,mg/L,2,N,A,P92112-1,,0,0,,,,,,25.0837,81.080581,WMD,E46077,WMD,WMD,WMD,2,PD,NO,3/1/18 6:58,63445001,3/1/18 13:59,SM4500NH3H,,608,Moderate chop. Cloudy water.,
FLAB25,FLAB,4/10/18,SAMP,MON,SA,G,,0.5,m,20,AMMONIA-N,NH4,0.087,,,0.087,+/- 0.007,1,0.005,0.01,0.005,mg/L,2,N,A,P92872-1,,0,0,,,,,,25.0837,81.080581,WMD,E46077,WMD,WMD,WMD,2,PD,NO,4/11/18 6:42,64061001,4/19/18 13:20,SM4500NH3H,,00608,1- ft seas. Green water. Light dead floating vegetation in area. Avoided during collection,
FLAB25,FLAB,6/7/18,SAMP,MON,SA,G,,0.5,m,20,AMMONIA-N,NH4,0.006,I,,0.006,+/- 0.005,1,0.005,0.01,0.005,mg/L,2,N,A,P93694-1,,0,0,,,,,,25.0837,81.080581,WMD,E46077,WMD,WMD,WMD,2,PD,NO,6/7/18 16:24,64892001,6/22/18 11:41,SM4500NH3H,,00608,,
FLAB25,FLAB,8/6/18,SAMP,MON,SA,G,,0.5,m,20,AMMONIA-N,NH4,0.005,U,,-0.005,+/- 0.005,1,0.005,0.01,0.005,mg/L,2,Y,A,P94931-1,,0,0,,,,,,25.0837,81.080581,WMD,E46077,WMD,WMD,WMD,2,PD,NO,8/6/18 16:31,65964001,8/9/18 13:50,SM4500NH3H,,00608,Light chop.,
FLAB25,FLAB,10/3/18,SAMP,MON,SA,G,,0.5,m,20,AMMONIA-N,NH4,0.015,G,yes,0.015,+/- 0.005,1,0.005,0.01,0.005,mg/L,2,N,A,P95251-1,,0,0,,,,,,25.0837,81.080581,WMD,E46077,WMD,WMD,WMD,2,PD,NO,10/3/18 16:28,66264001,10/12/18 11:37,SM4500NH3H,,608,suspended solids in water column,"Analyte was detected at or above the method detection limit in both the sample and the associated field blank, equipment blank, or trip blank, and the blank value was greater than 10% of the associated sample value"
FLAB25,FLAB,12/17/18,SAMP,MON,SA,G,,0.5,m,20,AMMONIA-N,NH4,0.011,,,0.011,+/- 0.005,1,0.005,0.01,0.005,mg/L,2,N,A,P96720-1,,0,0,,,,,,25.0837,81.080581,WMD,E46077,WMD,WMD,WMD,2,BA,NO,12/18/18 8:19,67436001,12/20/18 14:47,SM4500NH3H,,00608,Moderately choppy in water column.,
FLAB25,FLAB,2/26/19,SAMP,MON,SA,G,,0.5,m,20,AMMONIA-N,NH4,0.026,,,0.026,+/- 0.005,1,0.005,0.01,0.005,mg/L,2,N,A,P102448-2,,0,0,,,,,,25.0837,81.080581,WMD,E46077,WMD,WMD,WMD,2,BA,NO,2/27/19 8:00,69631002,3/8/19 12:22,SM4500NH3H,,608,,
FLAB25,FLAB,4/15/19,SAMP,MON,SA,G,,0.5,m,20,AMMONIA-N,NH4,0.039,,,0.039,+/- 0.005,1,0.005,0.01,0.005,mg/L,2,N,A,P103834-2,,0,0,,,,,,25.0837,81.080581,WMD,E46077,WMD,WMD,WMD,2,BA,NO,4/15/19 17:17,70212002,5/6/19 11:55,SM4500NH3H,,00608,,
FLAB25,FLAB,6/11/19,SAMP,MON,SA,G,,0.5,m,20,AMMONIA-N,NH4,0.019,,,0.019,+/- 0.005,1,0.005,0.01,0.005,mg/L,2,N,A,P106284-2,,0,0,,,,,,25.0837,81.080581,WMD,E46077,WMD,WMD,WMD,2,BA,NO,6/11/19 16:05,71256002,6/17/19 13:34,SM4500NH3H,,00608,,
FLAB25,FLAB,8/8/19,SAMP,MON,SA,G,,0.5,m,20,AMMONIA-N,NH4,0.013,,,0.013,+/- 0.005,1,0.005,0.01,0.005,mg/L,2,N,A,P109207-2,,0,0,,,,,,25.0837,81.080581,WMD,E46077,WMD,WMD,WMD,2,BA,NO,8/9/19 8:38,72380002,8/16/19 14:24,SM4500NH3H,,00608,"Heavy suspended solids visible in top layer of water column, but not present in sample.",
FLAB25,FLAB,10/8/19,SAMP,MON,SA,G,,0.5,m,20,AMMONIA-N,NH4,0.018,G,yes,0.018,+/- 0.005,1,0.005,0.01,0.005,mg/L,2,N,A,P109898-2,,0,0,,,,,,25.0837,81.080581,WMD,E46077,WMD,WMD,WMD,2,BA,NO,10/8/19 16:32,72718002,10/15/19 14:51,SM4500NH3H,,608,,"Analyte was detected at or above the method detection limit in both the sample and the associated field blank, equipment blank, or trip blank, and the blank value was greater than 10% of the associated sample value"
FLAB25,FLAB,12/5/19,SAMP,MON,SA,G,,0.5,m,20,AMMONIA-N,NH4,0.005,U,,-0.005,+/- 0.005,1,0.005,0.01,0.005,mg/L,2,Y,A,P110697-2,,0,0,,,,,,25.0837,81.080581,WMD,E46077,WMD,WMD,WMD,2,BA,NO,12/6/19 9:11,73095002,12/13/19 11:32,SM4500NH3H,,00608,,
FLAB25,FLAB,2/3/20,SAMP,MON,SA,G,,0.5,m,20,AMMONIA-N,NH4,0.005,I,,0.005,+/- 0.005,1,0.005,0.01,0.005,mg/L,2,N,A,P110713-2,,0,0,,,,,,25.0837,81.080581,WMD,E46077,WMD,WMD,WMD,2,BA,NO,2/4/20 7:43,73108002,2/11/20 12:17,SM4500NH3H,,608,,
FLAB25,FLAB,4/1/20,SAMP,MON,SA,G,,0.5,m,20,AMMONIA-N,NH4,0.008,I,,0.008,+/- 0.005,1,0.005,0.01,0.005,mg/L,2,N,A,P110719-2,,0,0,,,,,,25.0837,81.080581,WMD,E46077,WMD,WMD,WMD,2,BA,NO,4/1/20 16:12,73114002,4/7/20 16:50,SM4500NH3H,,00608,Murky brown water.,
FLAB25,FLAB,6/1/20,SAMP,MON,SA,G,,0.5,m,20,AMMONIA-N,NH4,0.011,,,0.011,+/- 0.005,1,0.005,0.01,0.005,mg/L,2,N,A,P111041-2,,0,0,,,,,,25.0837,81.080581,WMD,E46077,WMD,WMD,WMD,2,BA,NO,6/1/20 16:40,73264002,6/15/20 11:20,SM4500NH3H,,00608,,
FLAB25,FLAB,8/13/20,SAMP,MON,SA,G,,0.5,m,20,AMMONIA-N,NH4,0.005,U,,-0.005,+/- 0.005,1,0.005,0.01,0.005,mg/L,2,Y,A,P111104-2,,0,0,,,,,,25.0837,81.080581,WMD,E46077,WMD,WMD,WMD,2,BA,NO,8/14/20 8:30,73302002,8/21/20 8:15,SM4500NH3H,,00608,,
FLAB25,FLAB,10/12/20,SAMP,MON,SA,G,,0.5,m,20,AMMONIA-N,NH4,0.009,I,,0.009,+/- 0.005,1,0.005,0.01,0.005,mg/L,2,N,A,P118766-2,,0,0,,,,,,25.0837,81.080581,WMD,E46077,WMD,WMD,WMD,2,BA,NO,10/13/20 8:46,76829002,10/14/20 15:35,SM4500NH3H,,00608,Vegetative debris present in sampling area.,
FLAB25,FLAB,12/9/20,SAMP,MON,SA,G,,0.5,m,20,AMMONIA-N,NH4,0.015,,,0.015,+/- 0.005,1,0.005,0.01,0.005,mg/L,2,N,A,P120347-2,,0,0,,,,,,25.0837,81.080581,WMD,E46077,WMD,WMD,WMD,2,BA,NO,12/10/20 8:58,77553002,12/29/20 13:21,SM4500NH3H,,00608,"Sample area clear, but water was very rough.  Light solids in sample.  Sample collected by CL.",
FLAB25,FLAB,1/7/21,SAMP,MON,SA,G,,0.5,m,20,AMMONIA-N,NH4,0.01,,,0.01,+/- 0.005,1,0.005,0.01,0.005,mg/L,2,N,A,P121638-2,,0,0,,,,,,25.0837,81.080581,WMD,E46077,WMD,WMD,WMD,2,BA,NO,1/7/21 15:42,78139002,1/15/21 14:46,SM4500NH3H,,00608,Secchi on bottom,
FLAB25,FLAB,3/17/21,SAMP,MON,SA,G,,0.5,m,20,AMMONIA-N,NH4,0.022,,,0.022,+/- 0.005,1,0.005,0.01,0.005,mg/L,2,N,A,P122507-2,,0,0,,,,,,25.0837,81.080581,WMD,E46077,WMD,WMD,WMD,2,BA,NO,3/18/21 7:15,78496002,3/31/21 16:21,SM4500NH3H,,00608,,
FLAB25,FLAB,5/24/21,SAMP,MON,SA,G,,0.5,m,20,AMMONIA-N,NH4,0.017,,,0.017,+/- 0.005,1,0.005,0.01,0.005,mg/L,2,N,A,P122517-2,,0,0,,,,,,25.0837,81.080581,WMD,E46077,WMD,WMD,WMD,2,BA,NO,5/24/21 15:47,78500002,5/25/21 12:33,SM4500NH3H,,00608,,
FLAB25,FLAB,7/1/21,SAMP,MON,SA,G,,0.5,m,20,AMMONIA-N,NH4,0.018,,,0.018,+/- 0.005,1,0.005,0.01,0.005,mg/L,2,N,A,P123928-2,,0,0,,,,,,25.0837,81.080581,WMD,E46077,WMD,WMD,WMD,2,BA,NO,7/2/21 8:46,79168002,7/12/21 12:27,SM4500NH3H,,00608,,
FLAB25,FLAB,10/13/21,SAMP,MON,SA,G,,0.5,m,20,AMMONIA-N,NH4,0.017,,,0.017,+/- 0.005,1,0.005,0.01,0.005,mg/L,2,N,A,P125715-2,,0,0,,,,,,25.0837,81.080581,WMD,E46077,WMD,WMD,WMD,2,BA,NO,10/13/21 15:07,79972002,10/27/21 15:15,SM4500NH3H,,00608,,
FLAB25,FLAB,12/27/21,SAMP,MON,SA,G,,0.5,m,20,AMMONIA-N,NH4,0.021,,,0.021,+/- 0.005,1,0.005,0.01,0.005,mg/L,2,N,A,P128145-2,,0,0,,,,,,25.0837,81.080581,WMD,E46077,WMD,WMD,WMD,2,BA,NO,12/28/21 8:06,81128002,1/14/22 12:29,SM4500NH3H,,00608,Sampling area clear of debris.,
FLAB25,FLAB,2/8/22,SAMP,MON,SA,G,,0.5,m,20,AMMONIA-N,NH4,0.006,I,,0.006,+/- 0.005,1,0.005,0.01,0.005,mg/L,2,N,A,P129938-2,,0,0,,,,,,25.0837,81.080581,WMD,E46077,WMD,WMD,WMD,2,BA,NO,2/9/22 8:51,81841002,2/11/22 12:57,SM4500NH3H,,00608,,
FLAB25,FLAB,4/7/22,SAMP,MON,SA,G,,0.5,m,20,AMMONIA-N,NH4,0.015,,,0.015,+/- 0.005,1,0.005,0.01,0.005,mg/L,2,N,A,P132794-2,,0,0,,,,,,25.0837,81.080581,WMD,E46077,WMD,WMD,WMD,2,BA,NO,4/8/22 8:13,83110002,4/20/22 11:21,SM4500NH3H,,00608,,
FLAB25,FLAB,6/22/22,SAMP,MON,SA,G,,0.5,m,20,AMMONIA-N,NH4,0.005,U,,-0.005,+/- 0.005,1,0.005,0.01,0.005,mg/L,2,Y,A,P134124-2,,0,0,,,,,,25.0837,81.080581,WMD,E46077,WMD,WMD,WMD,2,BA,NO,6/23/22 9:09,83718002,6/27/22 13:23,SM4500NH3H,,00608,,
FLAB25,FLAB,10/20/22,SAMP,MON,SA,G,,0.5,m,20,AMMONIA-N,NH4,0.01,,,0.01,+/- 0.005,1,0.005,0.01,0.005,mg/L,2,N,A,P136495-2,,0,0,,,,,,25.0837,81.080581,WMD,E46077,WMD,WMD,WMD,2,BA,NO,10/21/22 8:50,84867002,11/1/22 14:29,SM4500NH3H,,00608,"Water in sampling area appears cloudy, visible detritus in water column.",
FLAB25,FLAB,12/19/22,SAMP,MON,SA,G,,0.5,m,20,AMMONIA-N,NH4,0.005,U,,-0.005,+/- 0.005,1,0.005,0.01,0.005,mg/L,2,Y,A,P138520-2,,0,0,,,,,,25.0837,81.080581,WMD,E46077,WMD,WMD,WMD,2,BA,NO,12/20/22 8:22,85841002,12/27/22 13:10,SM4500NH3H,,00608,,
FLAB25,FLAB,1/30/23,SAMP,MON,SA,G,,0.5,m,20,AMMONIA-N,NH4,0.009,I,,0.009,+/- 0.005,1,0.005,0.01,0.005,mg/L,2,N,A,P139468-2,,0,0,,,,,,25.0837,81.080581,WMD,E46077,WMD,WMD,WMD,2,BA,NO,1/31/23 8:28,86300002,2/17/23 16:36,SM4500NH3H,,00608,,
FLAB25,FLAB,3/14/23,SAMP,MON,SA,G,,0.5,m,20,AMMONIA-N,NH4,0.005,U,,-0.005,+/- 0.005,1,0.005,0.01,0.005,mg/L,2,Y,A,P141269-2,,0,0,,,,,,25.0837,81.080581,WMD,E46077,WMD,WMD,WMD,2,BA,NO,3/15/23 8:13,87043002,3/23/23 11:26,SM4500NH3H,,00608,,
FLAB25,FLAB,9/27/23,SAMP,MON,SA,G,,0.5,m,20,AMMONIA-N,NH4,0.008,I,,0.008,+/- 0.005,1,0.005,0.01,0.005,mg/L,2,N,A,P146063-2,,0,0,,,,,,25.0837,81.080581,WMD,E46077,WMD,WMD,WMD,2,BA,NO,9/28/23 7:51,89093002,10/5/23 14:04,SM4500NH3H,,00608,,
FLAB25,FLAB,11/13/23,SAMP,MON,SA,G,,0.5,m,20,AMMONIA-N,NH4,0.006,I,,0.006,+/- 0.005,1,0.005,0.01,0.005,mg/L,2,N,A,P146064-2,,0,0,,,,,,25.0837,81.080581,WMD,E46077,WMD,WMD,WMD,2,BA,NO,11/14/23 8:28,89094002,11/21/23 13:04,SM4500NH3H,,00608,,
FLAB25,FLAB,1/8/24,SAMP,MON,SA,G,,0.5,m,20,AMMONIA-N,NH4,0.009,I,,0.009,+/- 0.005,1,0.005,0.01,0.005,mg/L,2,N,A,P148342-2,,0,0,,,,,,25.0837,81.080581,WMD,E46077,WMD,WMD,WMD,2,BA,NO,1/9/24 7:59,90199002,1/10/24 14:45,SM4500NH3H,,00608,,
FLAB25,FLAB,3/4/24,SAMP,MON,SA,G,,0.5,m,20,AMMONIA-N,NH4,0.007,I,,0.007,+/- 0.005,1,0.005,0.01,0.005,mg/L,2,N,A,P149299-2,,0,0,,,,,,25.0837,81.080581,WMD,E46077,WMD,WMD,WMD,2,BA,NO,3/5/24 7:49,90665002,3/13/24 15:20,SM 4500-NH3 H-2011,,608,,
FLAB25,FLAB,5/13/24,SAMP,MON,SA,G,,0.5,m,20,AMMONIA-N,NH4,0.016,,,0.016,+/- 0.005,1,0.005,0.01,0.005,mg/L,2,N,A,P150708-2,,0,0,,,,,,25.0837,81.080581,WMD,E46077,WMD,WMD,WMD,2,BA,NO,5/14/24 8:01,91357002,5/16/24 15:28,SM 4500-NH3 H-2011,,00608,,
FLAB25,FLAB,7/15/24,SAMP,MON,SA,G,,0.5,m,20,AMMONIA-N,NH4,0.008,I,,0.008,+/- 0.005,1,0.005,0.01,0.005,mg/L,2,N,A,P152189-2,,0,0,,,,,,25.0837,81.080581,WMD,E46077,WMD,WMD,WMD,2,BA,NO,7/16/24 8:15,92109002,7/24/24 13:25,SM 4500-NH3 H-2011,,608,,
FLAB25,FLAB,9/12/24,SAMP,MON,SA,G,,0.5,m,20,AMMONIA-N,NH4,0.016,,,0.016,+/- 0.005,1,0.005,0.01,0.005,mg/L,2,N,A,P153175-2,,0,0,,,,,,25.0837,81.080581,WMD,E46077,WMD,WMD,WMD,2,BA,NO,9/13/24 8:11,92600002,9/25/24 13:00,SM 4500-NH3 H-2011,,00608,,
FLAB25,FLAB,12/9/24,SAMP,MON,SA,G,,0.5,m,20,AMMONIA-N,NH4,0.005,U,,-0.005,+/- 0.005,1,0.005,0.01,0.005,mg/L,2,Y,A,P154028-2,,0,0,,,,,,25.0837,81.080581,WMD,E46077,WMD,WMD,WMD,2,BA,NO,12/10/24 8:14,93033002,12/18/24 15:49,SM 4500-NH3 H-2011,,00608,,
FLAB25,FLAB,2/5/25,SAMP,MON,SA,G,,0.5,m,20,AMMONIA-N,NH4,0.008,I,,0.008,+/- 0.005,1,0.005,0.01,0.005,mg/L,2,N,A,P155969-2,,0,0,,,,,,25.0837,81.080581,WMD,E46077,WMD,WMD,WMD,2,BA,NO,2/6/25 8:46,93978002,2/25/25 14:26,SM 4500-NH3 H-2011,,00608,,
FLAB25,FLAB,6/18/25,SAMP,MON,SA,G,,0.5,m,20,AMMONIA-N,NH4,0.011,,,0.011,+/- 0.005,1,0.005,0.01,0.005,mg/L,2,N,A,P158028-2,,0,0,,,,,,25.0837,81.080581,WMD,E46077,WMD,WMD,WMD,2,BA,NO,6/19/25 8:34,95008002,6/27/25 10:26,SM 4500-NH3 H-2011,,00608,,
FLAB25,FLAB,8/18/25,SAMP,MON,SA,G,,0.5,m,20,AMMONIA-N,NH4,0.011,,,0.011,,1,0.005,0.01,0.005,mg/L,,N,P,P159659-2,,0,0,,,3.7,,,25.0837,-81.080581,,E46077,WMD,,,,BA,,8/19/25 8:35,95824002,9/4/25 14:15,SM 4500-NH3 H-2011,,00608,,
FLAB25,FLAB,10/1/25,SAMP,MON,SA,G,,0.5,m,20,AMMONIA-N,NH4,0.009,I,,0.009,,1,0.005,0.01,0.005,mg/L,,N,P,P161306-2,,0,0,,,3.4,,,25.0837,-81.080581,,E46077,WMD,,,,BA,,10/2/25 8:34,96647002,10/3/25 15:53,SM 4500-NH3 H-2011,,00608,"stringy, slimy substance throughout water column",
FLAB25,FLAB,7/15/92,SAMP,MON,SA,G,,0,,25,"PHOSPHATE, TOTAL AS P",TPO4,0.018,,,0.018,,,,,,mg/L,3,N,A,FIU17602,,0,0,,,,,,25.0837,81.080581,,,FIU,FIU,,,,,,,,,,,,data of unverifiable quality as per DEP audit
FLAB25,FLAB,8/15/92,SAMP,MON,SA,G,,0,,25,"PHOSPHATE, TOTAL AS P",TPO4,0.013,,,0.013,,,,,,mg/L,3,N,A,FIU17604,,0,0,,,,,,25.0837,81.080581,,,FIU,FIU,,,,,,,,,,,,data of unverifiable quality as per DEP audit
FLAB25,FLAB,9/15/92,SAMP,MON,SA,G,,0,,25,"PHOSPHATE, TOTAL AS P",TPO4,0.021,,,0.021,,,,,,mg/L,3,N,A,FIU17607,,0,0,,,,,,25.0837,81.080581,,,FIU,FIU,,,,,,,,,,,,data of unverifiable quality as per DEP audit
FLAB25,FLAB,10/15/92,SAMP,MON,SA,G,,0,,25,"PHOSPHATE, TOTAL AS P",TPO4,0.034,,,0.034,,,,,,mg/L,3,N,A,FIU17609,,0,0,,,,,,25.0837,81.080581,,,FIU,FIU,,,,,,,,,,,,data of unverifiable quality as per DEP audit
FLAB25,FLAB,11/15/92,SAMP,MON,SA,G,,0,,25,"PHOSPHATE, TOTAL AS P",TPO4,0.034,,,0.034,,,,,,mg/L,3,N,A,FIU17611,,0,0,,,,,,25.0837,81.080581,,,FIU,FIU,,,,,,,,,,,,data of unverifiable quality as per DEP audit
FLAB25,FLAB,12/15/92,SAMP,MON,SA,G,,0,,25,"PHOSPHATE, TOTAL AS P",TPO4,0.013,,,0.013,,,,,,mg/L,3,N,A,FIU17613,,0,0,,,,,,25.0837,81.080581,,,FIU,FIU,,,,,,,,,,,,data of unverifiable quality as per DEP audit
FLAB25,FLAB,1/21/93,SAMP,MON,SA,G,,0,,25,"PHOSPHATE, TOTAL AS P",TPO4,0.017,,,0.017,,,,,,mg/L,3,N,A,FIU17614,,0,0,,,,,,25.0837,81.080581,,,FIU,FIU,,,,,,,,,,,,data of unverifiable quality as per DEP audit
FLAB25,FLAB,2/10/93,SAMP,MON,SA,G,,0,,25,"PHOSPHATE, TOTAL AS P",TPO4,0.02,,,0.02,,,,,,mg/L,3,N,A,FIU17615,,0,0,,,,,,25.0837,81.080581,,,FIU,FIU,,,,,,,,,,,,data of unverifiable quality as per DEP audit
FLAB25,FLAB,3/10/93,SAMP,MON,SA,G,,0,,25,"PHOSPHATE, TOTAL AS P",TPO4,0.016,,,0.016,,,,,,mg/L,3,N,A,FIU17616,,0,0,,,,,,25.0837,81.080581,,,FIU,FIU,,,,,,,,,,,,data of unverifiable quality as per DEP audit
FLAB25,FLAB,4/7/93,SAMP,MON,SA,G,,0,,25,"PHOSPHATE, TOTAL AS P",TPO4,0.055,,,0.055,,,,,,mg/L,3,N,A,FIU17617,,0,0,,,,,,25.0837,81.080581,,,FIU,FIU,,,,,,,,,,,,data of unverifiable quality as per DEP audit
FLAB25,FLAB,5/12/93,SAMP,MON,SA,G,,0,,25,"PHOSPHATE, TOTAL AS P",TPO4,0.022,,,0.022,,,,,,mg/L,3,N,A,FIU17618,,0,0,,,,,,25.0837,81.080581,,,FIU,FIU,,,,,,,,,,,,data of unverifiable quality as per DEP audit
FLAB25,FLAB,6/3/93,SAMP,MON,SA,G,,0,,25,"PHOSPHATE, TOTAL AS P",TPO4,0.017,,,0.017,,,,,,mg/L,3,N,A,FIU17619,,0,0,,,,,,25.0837,81.080581,,,FIU,FIU,,,,,,,,,,,,data of unverifiable quality as per DEP audit
FLAB25,FLAB,7/7/93,SAMP,MON,SA,G,,0,,25,"PHOSPHATE, TOTAL AS P",TPO4,0.012,,,0.012,,,,,,mg/L,3,N,A,FIU17620,,0,0,,,,,,25.0837,81.080581,,,FIU,FIU,,,,,,,,,,,,data of unverifiable quality as per DEP audit
FLAB25,FLAB,8/4/93,SAMP,MON,SA,G,,0,,25,"PHOSPHATE, TOTAL AS P",TPO4,0.007,,,0.007,,,,,,mg/L,3,N,A,FIU17621,,0,0,,,,,,25.0837,81.080581,,,FIU,FIU,,,,,,,,,,,,data of unverifiable quality as per DEP audit
FLAB25,FLAB,9/9/93,SAMP,MON,SA,G,,0,,25,"PHOSPHATE, TOTAL AS P",TPO4,0.004,,,0.004,,,,,,mg/L,3,N,A,FIU17622,,0,0,,,,,,25.0837,81.080581,,,FIU,FIU,,,,,,,,,,,,data of unverifiable quality as per DEP audit
FLAB25,FLAB,10/6/93,SAMP,MON,SA,G,,0,,25,"PHOSPHATE, TOTAL AS P",TPO4,0.015,,,0.015,,,,,,mg/L,3,N,A,FIU17623,,0,0,,,,,,25.0837,81.080581,,,FIU,FIU,,,,,,,,,,,,data of unverifiable quality as per DEP audit
FLAB25,FLAB,11/3/93,SAMP,MON,SA,G,,0,,25,"PHOSPHATE, TOTAL AS P",TPO4,0.012,,,0.012,,,,,,mg/L,3,N,A,FIU17624,,0,0,,,,,,25.0837,81.080581,,,FIU,FIU,,,,,,,,,,,,data of unverifiable quality as per DEP audit
FLAB25,FLAB,12/2/93,SAMP,MON,SA,G,,0,,25,"PHOSPHATE, TOTAL AS P",TPO4,0.021,,,0.021,,,,,,mg/L,3,N,A,FIU17625,,0,0,,,,,,25.0837,81.080581,,,FIU,FIU,,,,,,,,,,,,data of unverifiable quality as per DEP audit
FLAB25,FLAB,1/11/94,SAMP,MON,SA,G,,0,,25,"PHOSPHATE, TOTAL AS P",TPO4,0.016,,,0.016,,,,,,mg/L,3,N,A,FIU17626,,0,0,,,,,,25.0837,81.080581,,,FIU,FIU,,,,,,,,,,,,data of unverifiable quality as per DEP audit
FLAB25,FLAB,2/2/94,SAMP,MON,SA,G,,0,,25,"PHOSPHATE, TOTAL AS P",TPO4,0.042,,,0.042,,,,,,mg/L,3,N,A,FIU17627,,0,0,,,,,,25.0837,81.080581,,,FIU,FIU,,,,,,,,,,,,data of unverifiable quality as per DEP audit
FLAB25,FLAB,3/8/94,SAMP,MON,SA,G,,0,,25,"PHOSPHATE, TOTAL AS P",TPO4,0.02,,,0.02,,,,,,mg/L,3,N,A,FIU17628,,0,0,,,,,,25.0837,81.080581,,,FIU,FIU,,,,,,,,,,,,data of unverifiable quality as per DEP audit
FLAB25,FLAB,4/6/94,SAMP,MON,SA,G,,0,,25,"PHOSPHATE, TOTAL AS P",TPO4,0.011,A,,0.011,,,,,,mg/L,3,N,A,FIU17629,,0,0,,,,,,25.0837,81.080581,,,FIU,FIU,,,,,,,,,,,,data of unverifiable quality as per DEP audit
FLAB25,FLAB,5/4/94,SAMP,MON,SA,G,,0,,25,"PHOSPHATE, TOTAL AS P",TPO4,0.0029,A,,0.003,,,,,,mg/L,3,N,A,FIU17631,,0,0,,,,,,25.0837,81.080581,,,FIU,FIU,,,,,,,,,,,,data of unverifiable quality as per DEP audit
FLAB25,FLAB,6/8/94,SAMP,MON,SA,G,,0,,25,"PHOSPHATE, TOTAL AS P",TPO4,0.0057,A,,0.006,,,,,,mg/L,3,N,A,FIU17633,,0,0,,,,,,25.0837,81.080581,,,FIU,FIU,,,,,,,,,,,,data of unverifiable quality as per DEP audit
FLAB25,FLAB,7/7/94,SAMP,MON,SA,G,,0,,25,"PHOSPHATE, TOTAL AS P",TPO4,0.0407,A,,0.041,,,,,,mg/L,3,N,A,FIU17635,,0,0,,,,,,25.0837,81.080581,,,FIU,FIU,,,,,,,,,,,,data of unverifiable quality as per DEP audit
FLAB25,FLAB,8/4/94,SAMP,MON,SA,G,,0,,25,"PHOSPHATE, TOTAL AS P",TPO4,0.011,A,,0.011,,,,,,mg/L,3,N,A,FIU17637,,0,0,,,,,,25.0837,81.080581,,,FIU,FIU,,,,,,,,,,,,data of unverifiable quality as per DEP audit
FLAB25,FLAB,9/14/94,SAMP,MON,SA,G,,0,,25,"PHOSPHATE, TOTAL AS P",TPO4,0.0174,A,,0.017,,,,,,mg/L,3,N,A,FIU17639,,0,0,,,,,,25.0837,81.080581,,,FIU,FIU,,,,,,,,,,,,data of unverifiable quality as per DEP audit
FLAB25,FLAB,10/5/94,SAMP,MON,SA,G,,0,,25,"PHOSPHATE, TOTAL AS P",TPO4,0.0244,A,,0.024,,,,,,mg/L,3,N,A,FIU17641,,0,0,,,,,,25.0837,81.080581,,,FIU,FIU,,,,,,,,,,,,data of unverifiable quality as per DEP audit
FLAB25,FLAB,11/2/94,SAMP,MON,SA,G,,0,,25,"PHOSPHATE, TOTAL AS P",TPO4,0.0193,A,,0.019,,,,,,mg/L,3,N,A,FIU17643,,0,0,,,,,,25.0837,81.080581,,,FIU,FIU,,,,,,,,,,,,data of unverifiable quality as per DEP audit
FLAB25,FLAB,11/22/94,SAMP,MON,SA,G,,0,,25,"PHOSPHATE, TOTAL AS P",TPO4,0.0363,A,,0.036,,,,,,mg/L,3,N,A,FIU17645,,0,0,,,,,,25.0837,81.080581,,,FIU,FIU,,,,,,,,,,,,data of unverifiable quality as per DEP audit
FLAB25,FLAB,12/1/94,SAMP,MON,SA,G,,0,,25,"PHOSPHATE, TOTAL AS P",TPO4,0.0299,A,,0.03,,,,,,mg/L,3,N,A,FIU17647,,0,0,,,,,,25.0837,81.080581,,,FIU,FIU,,,,,,,,,,,,data of unverifiable quality as per DEP audit
FLAB25,FLAB,1/5/95,SAMP,MON,SA,G,,0,,25,"PHOSPHATE, TOTAL AS P",TPO4,0.0159,,,0.016,,,,,,mg/L,3,N,A,FIU17649,,0,0,,,,,,25.0837,81.080581,,,FIU,FIU,,,,,,,,,,,,data of unverifiable quality as per DEP audit
FLAB25,FLAB,2/2/95,SAMP,MON,SA,G,,0,,25,"PHOSPHATE, TOTAL AS P",TPO4,0.0143,,,0.014,,,,,,mg/L,3,N,A,FIU17651,,0,0,,,,,,25.0837,81.080581,,,FIU,FIU,,,,,,,,,,,,data of unverifiable quality as per DEP audit
FLAB25,FLAB,3/1/95,SAMP,MON,SA,G,,0,,25,"PHOSPHATE, TOTAL AS P",TPO4,0.0284,,,0.028,,,,,,mg/L,3,N,A,FIU17653,,0,0,,,,,,25.0837,81.080581,,,FIU,FIU,,,,,,,,,,,,data of unverifiable quality as per DEP audit
FLAB25,FLAB,4/19/95,SAMP,MON,SA,G,,0,,25,"PHOSPHATE, TOTAL AS P",TPO4,0.0127,,,0.013,,,,,,mg/L,3,N,A,FIU17655,,0,0,,,,,,25.0837,81.080581,,,FIU,FIU,,,,,,,,,,,,data of unverifiable quality as per DEP audit
FLAB25,FLAB,5/24/95,SAMP,MON,SA,G,,0,,25,"PHOSPHATE, TOTAL AS P",TPO4,0.0109,,,0.011,,,,,,mg/L,3,N,A,FIU17657,,0,0,,,,,,25.0837,81.080581,,,FIU,FIU,,,,,,,,,,,,data of unverifiable quality as per DEP audit
FLAB25,FLAB,6/21/95,SAMP,MON,SA,G,,0,,25,"PHOSPHATE, TOTAL AS P",TPO4,0.0188,,,0.019,,,,,,mg/L,3,N,A,FIU17659,,0,0,,,,,,25.0837,81.080581,,,FIU,FIU,,,,,,,,,,,,data of unverifiable quality as per DEP audit
FLAB25,FLAB,7/12/95,SAMP,MON,SA,G,,0,,25,"PHOSPHATE, TOTAL AS P",TPO4,0.0098,,,0.01,,,,,,mg/L,3,N,A,FIU17661,,0,0,,,,,,25.0837,81.080581,,,FIU,FIU,,,,,,,,,,,,data of unverifiable quality as per DEP audit
FLAB25,FLAB,8/11/95,SAMP,MON,SA,G,,0,,25,"PHOSPHATE, TOTAL AS P",TPO4,0.0133,Q,Q,0.013,,,,,,mg/L,3,N,A,FIU17663,,0,0,,,,,,25.0837,81.080581,,,FIU,FIU,,,,,,,,,,,,data of unverifiable quality as per DEP audit
FLAB25,FLAB,9/6/95,SAMP,MON,SA,G,,0,,25,"PHOSPHATE, TOTAL AS P",TPO4,0.0273,,,0.027,,,,,,mg/L,3,N,A,FIU17665,,0,0,,,,,,25.0837,81.080581,,,FIU,FIU,,,,,,,,,,,,data of unverifiable quality as per DEP audit
FLAB25,FLAB,10/22/95,SAMP,MON,SA,G,,0,,25,"PHOSPHATE, TOTAL AS P",TPO4,0.0033,,,0.003,,,,,,mg/L,3,N,A,FIU17667,,0,0,,,,,,25.0837,81.080581,,,FIU,FIU,,,,,,,,,,,,data of unverifiable quality as per DEP audit
FLAB25,FLAB,11/17/95,SAMP,MON,SA,G,,0,,25,"PHOSPHATE, TOTAL AS P",TPO4,0.0111,,,0.011,,,,,,mg/L,3,N,A,FIU17669,,0,0,,,,,,25.0837,81.080581,,,FIU,FIU,,,,,,,,,,,,data of unverifiable quality as per DEP audit
FLAB25,FLAB,12/14/95,SAMP,MON,SA,G,,0,,25,"PHOSPHATE, TOTAL AS P",TPO4,0.0167,,,0.017,,,,,,mg/L,3,N,A,FIU17671,,0,0,,,,,,25.0837,81.080581,,,FIU,FIU,,,,,,,,,,,,data of unverifiable quality as per DEP audit
FLAB25,FLAB,1/23/96,SAMP,MON,SA,G,,0,,25,"PHOSPHATE, TOTAL AS P",TPO4,0.0264,,,0.026,,,,,,mg/L,3,N,A,FIU17673,,0,0,,,,,,25.0837,81.080581,,,FIU,FIU,,,,,,,,,,,,data of unverifiable quality as per DEP audit
FLAB25,FLAB,2/12/96,SAMP,MON,SA,G,,0,,25,"PHOSPHATE, TOTAL AS P",TPO4,0.025,,,0.025,,,,,,mg/L,3,N,A,FIU17675,,0,0,,,,,,25.0837,81.080581,,,FIU,FIU,,,,,,,,,,,,data of unverifiable quality as per DEP audit
FLAB25,FLAB,3/22/96,SAMP,MON,SA,G,,0,,25,"PHOSPHATE, TOTAL AS P",TPO4,0.0388,,,0.039,,,,,,mg/L,3,N,A,FIU17677,,0,0,,,,,,25.0837,81.080581,,,FIU,FIU,,,,,,,,,,,,data of unverifiable quality as per DEP audit
FLAB25,FLAB,4/25/96,SAMP,MON,SA,G,,0,,25,"PHOSPHATE, TOTAL AS P",TPO4,0.0303,,,0.03,,,,,,mg/L,3,N,A,FIU17679,,0,0,,,,,,25.0837,81.080581,,,FIU,FIU,,,,,,,,,,,,data of unverifiable quality as per DEP audit
FLAB25,FLAB,5/10/96,SAMP,MON,SA,G,,0,,25,"PHOSPHATE, TOTAL AS P",TPO4,0.0431,,,0.043,,,,,,mg/L,3,N,A,FIU17681,,0,0,,,,,,25.0837,81.080581,,,FIU,FIU,,,,,,,,,,,,data of unverifiable quality as per DEP audit
FLAB25,FLAB,6/6/96,SAMP,MON,SA,G,,0,,25,"PHOSPHATE, TOTAL AS P",TPO4,0.0144,,,0.014,,,,,,mg/L,3,N,A,FIU17683,,0,0,,,,,,25.0837,81.080581,,,FIU,FIU,,,,,,,,,,,,data of unverifiable quality as per DEP audit
FLAB25,FLAB,7/5/96,SAMP,MON,SA,G,,0.1,,25,"PHOSPHATE, TOTAL AS P",TPO4,0.0133,,,0.013,,,,,,mg/L,3,N,A,FIU17685,,0,0,,,,,,25.0837,81.080581,,,FIU,FIU,,,,,,,,,,,,data of unverifiable quality as per DEP audit
FLAB25,FLAB,8/22/96,SAMP,MON,SA,G,,0.1,,25,"PHOSPHATE, TOTAL AS P",TPO4,0.0091,,,0.009,,,,,,mg/L,3,N,A,FIU17687,,0,0,,,,,,25.0837,81.080581,,,FIU,FIU,,,,,,,,,,,,data of unverifiable quality as per DEP audit
FLAB25,FLAB,9/14/96,SAMP,MON,SA,G,,0.1,,25,"PHOSPHATE, TOTAL AS P",TPO4,0.0158,,,0.016,,,,,,mg/L,3,N,A,FIU17689,,0,0,,,,,,25.0837,81.080581,,,FIU,FIU,,,,,,,,,,,,data of unverifiable quality as per DEP audit
FLAB25,FLAB,10/15/96,SAMP,MON,SA,G,,0.1,,25,"PHOSPHATE, TOTAL AS P",TPO4,0.0246,,,0.025,,,,,,mg/L,3,N,A,FIU17691,,0,0,,,,,,25.0837,81.080581,,,FIU,FIU,,,,,,,,,,,,data of unverifiable quality as per DEP audit
FLAB25,FLAB,11/7/96,SAMP,MON,SA,G,,0.1,,25,"PHOSPHATE, TOTAL AS P",TPO4,0.0109,,,0.011,,,,,,mg/L,3,N,A,FIU17693,,0,0,,,,,,25.0837,81.080581,,,FIU,FIU,,,,,,,,,,,,data of unverifiable quality as per DEP audit
FLAB25,FLAB,12/6/96,SAMP,MON,SA,G,,0.1,,25,"PHOSPHATE, TOTAL AS P",TPO4,0.0127,,,0.013,,,,,,mg/L,3,N,A,FIU17695,,0,0,,,,,,25.0837,81.080581,,,FIU,FIU,,,,,,,,,,,,data of unverifiable quality as per DEP audit
FLAB25,FLAB,1/8/97,SAMP,MON,SA,G,,0.1,,25,"PHOSPHATE, TOTAL AS P",TPO4,0.014,,,0.014,,,,,,mg/L,3,N,A,FIU17697,,0,0,,,,,,25.0837,81.080581,,,FIU,FIU,,,,,,,,,,,,data of unverifiable quality as per DEP audit
FLAB25,FLAB,2/15/97,SAMP,MON,SA,G,,0.1,,25,"PHOSPHATE, TOTAL AS P",TPO4,0.0051,,,0.005,,,,,,mg/L,3,N,A,FIU17699,,0,0,,,,,,25.0837,81.080581,,,FIU,FIU,,,,,,,,,,,,data of unverifiable quality as per DEP audit
FLAB25,FLAB,3/12/97,SAMP,MON,SA,G,,0.1,,25,"PHOSPHATE, TOTAL AS P",TPO4,0.0132,,,0.013,,,,,,mg/L,3,N,A,FIU17701,,0,0,,,,,,25.0837,81.080581,,,FIU,FIU,,,,,,,,,,,,
FLAB25,FLAB,4/16/97,SAMP,MON,SA,G,,0.1,,25,"PHOSPHATE, TOTAL AS P",TPO4,0.0074,,,0.007,,,,,,mg/L,3,N,A,FIU17703,,0,0,,,,,,25.0837,81.080581,,,FIU,FIU,,,,,,,,,,,,
FLAB25,FLAB,5/22/97,SAMP,MON,SA,G,,0.1,,25,"PHOSPHATE, TOTAL AS P",TPO4,0.0078,,,0.008,,,,,,mg/L,3,N,A,FIU17705,,0,0,,,,,,25.0837,81.080581,,,FIU,FIU,,,,,,,,,,,,
FLAB25,FLAB,6/12/97,SAMP,MON,SA,G,,0.1,,25,"PHOSPHATE, TOTAL AS P",TPO4,0.0105,,,0.01,,,,,,mg/L,3,N,A,FIU17707,,0,0,,,,,,25.0837,81.080581,,,FIU,FIU,,,,,,,,,,,,
FLAB25,FLAB,7/10/97,SAMP,MON,SA,G,,0.1,,25,"PHOSPHATE, TOTAL AS P",TPO4,0.0159,,,0.016,,,,,,mg/L,3,N,A,FIU17709,,0,0,,,,,,25.0837,81.080581,,,FIU,FIU,,,,,,,,,,,,
FLAB25,FLAB,8/19/97,SAMP,MON,SA,G,,0.1,,25,"PHOSPHATE, TOTAL AS P",TPO4,0.0146,,,0.015,,,,,,mg/L,3,N,A,FIU17710,,0,0,,,,,,25.0837,81.080581,,,FIU,FIU,,,,,,,,,,,,
FLAB25,FLAB,9/10/97,SAMP,MON,SA,G,,0.1,,25,"PHOSPHATE, TOTAL AS P",TPO4,0.0116,,,0.012,,,,,,mg/L,3,N,A,FIU17712,,0,0,,,,,,25.0837,81.080581,,,FIU,FIU,,,,,,,,,,,,
FLAB25,FLAB,10/21/97,SAMP,MON,SA,G,,0.1,,25,"PHOSPHATE, TOTAL AS P",TPO4,0.0177,,,0.018,,,,,,mg/L,3,N,A,FIU17714,,0,0,,,,,,25.0837,81.080581,,,FIU,FIU,,,,,,,,,,,,
FLAB25,FLAB,11/25/97,SAMP,MON,SA,G,,0.1,,25,"PHOSPHATE, TOTAL AS P",TPO4,0.0123,,,0.012,,,,,,mg/L,3,N,A,FIU17716,,0,0,,,,,,25.0837,81.080581,,,FIU,FIU,,,,,,,,,,,,
FLAB25,FLAB,12/12/97,SAMP,MON,SA,G,,0.1,,25,"PHOSPHATE, TOTAL AS P",TPO4,0.0115,,,0.012,,,,,,mg/L,3,N,A,FIU17718,,0,0,,,,,,25.0837,81.080581,,,FIU,FIU,,,,,,,,,,,,
FLAB25,FLAB,1/21/98,SAMP,MON,SA,G,,0.1,,25,"PHOSPHATE, TOTAL AS P",TPO4,0.0113,,,0.011,,,,,,mg/L,3,N,A,FIU17720,,0,0,,,,,,25.0837,81.080581,,,FIU,FIU,,,,,,,,,,,,
FLAB25,FLAB,2/18/98,SAMP,MON,SA,G,,0.1,,25,"PHOSPHATE, TOTAL AS P",TPO4,0.0138,,,0.014,,,,,,mg/L,3,N,A,FIU17722,,0,0,,,,,,25.0837,81.080581,,,FIU,FIU,,,,,,,,,,,,
FLAB25,FLAB,3/20/98,SAMP,MON,SA,G,,0.1,,25,"PHOSPHATE, TOTAL AS P",TPO4,0.0093,,,0.009,,,,,,mg/L,3,N,A,FIU17724,,0,0,,,,,,25.0837,81.080581,,,FIU,FIU,,,,,,,,,,,,
FLAB25,FLAB,4/15/98,SAMP,MON,SA,G,,0.1,,25,"PHOSPHATE, TOTAL AS P",TPO4,0.0165,,,0.016,,,,,,mg/L,3,N,A,FIU17726,,0,0,,,,,,25.0837,81.080581,,,FIU,FIU,,,,,,,,,,,,
FLAB25,FLAB,5/14/98,SAMP,MON,SA,G,,0.1,,25,"PHOSPHATE, TOTAL AS P",TPO4,0.0122,,,0.012,,,,,,mg/L,3,N,A,FIU17728,,0,0,,,,,,25.0837,81.080581,,,FIU,FIU,,,,,,,,,,,,
FLAB25,FLAB,6/10/98,SAMP,MON,SA,G,,0.1,,25,"PHOSPHATE, TOTAL AS P",TPO4,0.0098,,,0.01,,,,,,mg/L,3,N,A,FIU17730,,0,0,,,,,,25.0837,81.080581,,,FIU,FIU,,,,,,,,,,,,
FLAB25,FLAB,7/14/98,SAMP,MON,SA,G,,0.1,,25,"PHOSPHATE, TOTAL AS P",TPO4,0.0116,,,0.012,,,,,,mg/L,3,N,A,FIU17732,,0,0,,,,,,25.0837,81.080581,,,FIU,FIU,,,,,,,,,,,,
FLAB25,FLAB,8/19/98,SAMP,MON,SA,G,,0.1,,25,"PHOSPHATE, TOTAL AS P",TPO4,0.0099,,,0.01,,,,,,mg/L,3,N,A,FIU17734,,0,0,,,,,,25.0837,81.080581,,,FIU,FIU,,,,,,,,,,,,
FLAB25,FLAB,9/17/98,SAMP,MON,SA,G,,0.1,,25,"PHOSPHATE, TOTAL AS P",TPO4,0.0119,,,0.012,,,,,,mg/L,3,N,A,FIU17736,,0,0,,,,,,25.0837,81.080581,,,FIU,FIU,,,,,,,,,,,,
FLAB25,FLAB,9/30/98,SAMP,MON,SA,G,,0.1,,25,"PHOSPHATE, TOTAL AS P",TPO4,0.0186,,,0.019,,,,,,mg/L,3,N,A,FIU17738,,0,0,,,,,,25.0837,81.080581,,,FIU,FIU,,,,,,,,,,,,
FLAB25,FLAB,11/3/98,SAMP,MON,SA,G,,0.1,,25,"PHOSPHATE, TOTAL AS P",TPO4,0.0167,,,0.017,,,,,,mg/L,3,N,A,FIU17740,,0,0,,,,,,25.0837,81.080581,,,FIU,FIU,,,,,,,,,,,,
FLAB25,FLAB,12/1/98,SAMP,MON,SA,G,,0.1,,25,"PHOSPHATE, TOTAL AS P",TPO4,0.0176,,,0.018,,,,,,mg/L,3,N,A,FIU17742,,0,0,,,,,,25.0837,81.080581,,,FIU,FIU,,,,,,,,,,,,
FLAB25,FLAB,1/14/99,SAMP,MON,SA,G,,0.1,,25,"PHOSPHATE, TOTAL AS P",TPO4,0.0178,,,0.018,,,,,,mg/L,3,N,A,FIU17744,,0,0,,,,,,25.0837,81.080581,,,FIU,FIU,,,,,,,,,,,,
FLAB25,FLAB,2/10/99,SAMP,MON,SA,G,,0.1,,25,"PHOSPHATE, TOTAL AS P",TPO4,0.0066,J,J,0.007,,,,,,mg/L,3,N,A,FIU17746,,0,0,,,,,,25.0837,81.080581,,,FIU,FIU,,,,,,,,,,,,
FLAB25,FLAB,3/23/99,SAMP,MON,SA,G,,0.1,,25,"PHOSPHATE, TOTAL AS P",TPO4,0.0106,,,0.011,,,,,,mg/L,3,N,A,FIU17748,,0,0,,,,,,25.0837,81.080581,,,FIU,FIU,,,,,,,,,,,,
FLAB25,FLAB,4/29/99,SAMP,MON,SA,G,,0.1,,25,"PHOSPHATE, TOTAL AS P",TPO4,0.0204,V,yes,0.02,,,,,,mg/L,3,N,A,FIU17750,,0,0,,,,,,25.0837,81.080581,,,FIU,FIU,,,,CA,,,,,,,,SAMPLE ASSOCIATED WITH POSITIVE EB.
FLAB25,FLAB,5/28/99,SAMP,MON,SA,G,,0.1,,25,"PHOSPHATE, TOTAL AS P",TPO4,0.0073,,,0.007,,,,,,mg/L,3,N,A,FIU17752,,0,0,,,,,,25.0837,81.080581,,,FIU,FIU,,,,,,,,,,,,
FLAB25,FLAB,6/17/99,SAMP,MON,SA,G,,0.1,,25,"PHOSPHATE, TOTAL AS P",TPO4,0.0057,V,yes,0.006,,,,,,mg/L,3,N,A,FIU17754,,0,0,,,,,,25.0837,81.080581,,,FIU,FIU,,,,CA,,,,,,,,SAMPLE ASSOCIATED WITH POSITIVE EB.
FLAB25,FLAB,7/6/99,SAMP,MON,SA,G,,0.1,,25,"PHOSPHATE, TOTAL AS P",TPO4,0.0153,V,yes,0.0153,,,0.0003,,,mg/L,3,N,A,FIU17756,,0,0,,,,,,25.0837,81.080581,,,FIU,FIU,,,,CA,,,,EPA365.1,,00665,,SAMPLE ASSOCIATED WITH POSITIVE EB.
FLAB25,FLAB,8/24/99,SAMP,MON,SA,G,,0.1,,25,"PHOSPHATE, TOTAL AS P",TPO4,0.0016,,,0.0016,,,0.0003,,,mg/L,3,N,A,FIU17758,,0,0,,,,,,25.0837,81.080581,,,FIU,FIU,,,,,,,,EPA365.1,,00665,,
FLAB25,FLAB,9/23/99,SAMP,MON,SA,G,,0.1,,25,"PHOSPHATE, TOTAL AS P",TPO4,0.0601,,,0.0601,,,0.00031,,,mg/L,3,N,A,FIU17760,,0,0,,,,,,25.0837,81.080581,,,FIU,FIU,,,,,,,,EPA365.1,,00665,,
FLAB25,FLAB,10/26/99,SAMP,MON,SA,G,,0.1,,25,"PHOSPHATE, TOTAL AS P",TPO4,0.0579,,,0.0579,,,0.00031,,,mg/L,3,N,A,FIU17762,,0,0,,,,,,25.0837,81.080581,,,FIU,FIU,,,,,,,,EPA365.1,,00665,,
FLAB25,FLAB,11/12/99,SAMP,MON,SA,G,,0.1,,25,"PHOSPHATE, TOTAL AS P",TPO4,0.034,,,0.034,,,0.00031,,,mg/L,3,N,A,FIU17765,,0,0,,,,,,25.0837,81.080581,,,FIU,FIU,,,,,,,,EPA365.1,,00665,,
FLAB25,FLAB,12/3/99,SAMP,MON,SA,G,,0.1,,25,"PHOSPHATE, TOTAL AS P",TPO4,0.0123,,,0.0123,,,0.00031,,,mg/L,3,N,A,FIU17768,,0,0,,,,,,25.0837,81.080581,,,FIU,FIU,,,,,,,,EPA365.1,,00665,,
FLAB25,FLAB,1/25/00,SAMP,MON,SA,G,,0.1,,25,"PHOSPHATE, TOTAL AS P",TPO4,0.0186,,,0.0186,,,0.00031,,,mg/L,3,N,A,FIU17771,,0,0,,,,,,25.0837,81.080581,,,FIU,FIU,,,,,,,,EPA365.1,,00665,,
FLAB25,FLAB,2/28/00,SAMP,MON,SA,G,,0.1,,25,"PHOSPHATE, TOTAL AS P",TPO4,0.0068,,,0.0068,,,0.00031,,,mg/L,3,N,A,FIU17774,,0,0,,,,,,25.0837,81.080581,,,FIU,FIU,,,,,,,,EPA365.1,,00665,,
FLAB25,FLAB,3/21/00,SAMP,MON,SA,G,,0.1,,25,"PHOSPHATE, TOTAL AS P",TPO4,0.0075,,,0.0075,,,0.00031,,,mg/L,3,N,A,FIU17777,,0,0,,,,,,25.0837,81.080581,,,FIU,FIU,,,,,,,,EPA365.1,,00665,,
FLAB25,FLAB,4/13/00,SAMP,MON,SA,G,,0.1,,25,"PHOSPHATE, TOTAL AS P",TPO4,0.0239,,,0.0239,,,0.00031,,,mg/L,3,N,A,FIU17780,,0,0,,,,,,25.0837,81.080581,,,FIU,FIU,,,,,,,,EPA365.1,,00665,,
FLAB25,FLAB,5/30/00,SAMP,MON,SA,G,,0.1,,25,"PHOSPHATE, TOTAL AS P",TPO4,0.02,,,0.02,,,0.00031,,,mg/L,3,N,A,FIU17782,,0,0,,,,,,25.0837,81.080581,,,FIU,FIU,,,,,,,,EPA365.1,,00665,,
FLAB25,FLAB,6/20/00,SAMP,MON,SA,G,,0.1,,25,"PHOSPHATE, TOTAL AS P",TPO4,0.0199,,,0.0199,,,0.00031,,,mg/L,3,N,A,FIU17784,,0,0,,,,,,25.0837,81.080581,,,FIU,FIU,,,,,,,,EPA365.1,,00665,,
FLAB25,FLAB,7/20/00,SAMP,MON,SA,G,,0.1,,25,"PHOSPHATE, TOTAL AS P",TPO4,0.0188,,,0.0188,,,0.0003,,,mg/L,3,N,A,FIU17786,,0,0,,,,,,25.0837,81.080581,,,FIU,FIU,,,,,,,,EPA365.1,,00665,,
FLAB25,FLAB,8/29/00,SAMP,MON,SA,G,,0.1,,25,"PHOSPHATE, TOTAL AS P",TPO4,0.0294,,,0.0294,,,0.0003,,,mg/L,3,N,A,FIU17788,,0,0,,,,,,25.0837,81.080581,,,FIU,FIU,,,,,,,,EPA365.1,,00665,,
FLAB25,FLAB,9/28/00,SAMP,MON,SA,G,,0.1,,25,"PHOSPHATE, TOTAL AS P",TPO4,0.0321,,,0.0321,,,0.0003,,,mg/L,3,N,A,FIU17790,,0,0,,,,,,25.0837,81.080581,,,FIU,FIU,,,,,,,,EPA365.1,,00665,,
FLAB25,FLAB,10/26/00,SAMP,MON,SA,G,,0.1,,25,"PHOSPHATE, TOTAL AS P",TPO4,0.0212,,,0.0212,,,0.0003,,,mg/L,3,N,A,FIU17792,,0,0,,,,,,25.0837,81.080581,,,FIU,FIU,,,,,,,,EPA365.1,,00665,,
FLAB25,FLAB,11/30/00,SAMP,MON,SA,G,,0.1,,25,"PHOSPHATE, TOTAL AS P",TPO4,0.0102,,,0.0102,,,0.0003,,,mg/L,3,N,A,FIU17794,,0,0,,,,,,25.0837,81.080581,,,FIU,FIU,,,,,,,,EPA365.1,,00665,,
FLAB25,FLAB,12/11/00,SAMP,MON,SA,G,,0.1,,25,"PHOSPHATE, TOTAL AS P",TPO4,0.0277,,,0.0277,,,0.0003,,,mg/L,3,N,A,FIU17796,,0,0,,,,,,25.0837,81.080581,,,FIU,FIU,,,,,,,,EPA365.1,,00665,,
FLAB25,FLAB,1/25/01,SAMP,MON,SA,G,,0.1,,25,"PHOSPHATE, TOTAL AS P",TPO4,0.2165,,,0.2165,,,0.0003,,,mg/L,3,N,A,FIU17798,,0,0,,,,,,25.0837,81.080581,,,FIU,FIU,,,,,,,,EPA365.1,,00665,,
FLAB25,FLAB,2/21/01,SAMP,MON,SA,G,,0.1,,25,"PHOSPHATE, TOTAL AS P",TPO4,0.0487,,,0.0487,,,0.0003,,,mg/L,3,N,A,FIU17800,,0,0,,,,,,25.0837,81.080581,,,FIU,FIU,,,,,,,,EPA365.1,,00665,,
FLAB25,FLAB,3/6/01,SAMP,MON,SA,G,,0.1,,25,"PHOSPHATE, TOTAL AS P",TPO4,0.1107,,,0.1107,,,0.0003,,,mg/L,3,N,A,FIU17802,,0,0,,,,,,25.0837,81.080581,,,FIU,FIU,,,,,,,,EPA365.1,,00665,,
FLAB25,FLAB,4/3/01,SAMP,MON,SA,G,,0.1,,25,"PHOSPHATE, TOTAL AS P",TPO4,0.0205,,,0.0205,,,0.0003,,,mg/L,3,N,A,FIU17804,,0,0,,,,,,25.0837,81.080581,,,FIU,FIU,,,,,,,,EPA365.1,,00665,,
FLAB25,FLAB,5/2/01,SAMP,MON,SA,G,,0.1,,25,"PHOSPHATE, TOTAL AS P",TPO4,0.0324,,,0.0324,,,0.0003,,,mg/L,3,N,A,FIU17806,,0,0,,,,,,25.0837,81.080581,,,FIU,FIU,,,,,,,,EPA365.1,,00665,,
FLAB25,FLAB,6/5/01,SAMP,MON,SA,G,,0.1,,25,"PHOSPHATE, TOTAL AS P",TPO4,0.0204,,,0.0204,,,0.0003,,,mg/L,3,N,A,FIU110806,,0,0,,,,,,25.0837,81.080581,,,FIU,FIU,,,,,,,,EPA365.1,,00665,,
FLAB25,FLAB,7/12/01,SAMP,MON,SA,G,,0.1,,25,"PHOSPHATE, TOTAL AS P",TPO4,0.0201,,,0.0201,,,0.0003,,,mg/L,3,N,A,FIU17808,,0,0,,,,,,25.0837,81.080581,,,FIU,FIU,,,,,,,,EPA365.1,,00665,,
FLAB25,FLAB,8/14/01,SAMP,MON,SA,G,,0.1,,25,"PHOSPHATE, TOTAL AS P",TPO4,0.0089,,,0.0089,,,0.0003,,,mg/L,3,N,A,FIU17810,,0,0,,,,,,25.0837,81.080581,,,FIU,FIU,,,,,,,,EPA365.1,,00665,,
FLAB25,FLAB,9/5/01,SAMP,MON,SA,G,,0.1,,25,"PHOSPHATE, TOTAL AS P",TPO4,0,T,T,0,,,0.0003,,,mg/L,3,N,A,FIU17812,,0,0,,,,,,25.0837,81.080581,,,FIU,FIU,,,,,,,,EPA365.1,,00665,,
FLAB25,FLAB,10/23/01,SAMP,MON,SA,G,,0.1,,25,"PHOSPHATE, TOTAL AS P",TPO4,0.0065,,,0.0065,,,0.0003,,,mg/L,3,N,A,FIU110552,,0,0,,,,,,25.0837,81.080581,,,FIU,FIU,,,,,,128025,12/6/01 0:00,EPA365.1,,00665,,
FLAB25,FLAB,11/8/01,SAMP,MON,SA,G,,0.1,,25,"PHOSPHATE, TOTAL AS P",TPO4,0.0166,,,0.0166,,,0.0003,,,mg/L,3,N,A,FIU110554,,0,0,,,,,,25.0837,81.080581,,,FIU,FIU,,,,,,129025,12/19/01 0:00,EPA365.1,,00665,,
FLAB25,FLAB,12/3/01,SAMP,MON,SA,G,,0.1,,25,"PHOSPHATE, TOTAL AS P",TPO4,0.0088,,,0.0088,,,0.0003,,,mg/L,3,N,A,FIU110556,,0,0,,,,,,25.0837,81.080581,,,FIU,FIU,,,,,,130025,2/8/02 0:00,EPA365.1,,00665,,
FLAB25,FLAB,1/29/02,SAMP,MON,SA,G,,0.1,,25,"PHOSPHATE, TOTAL AS P",TPO4,0.0228,,,0.0228,,,0.0003,,,mg/L,3,N,A,FIU113184,,0,0,,,,,,25.0837,81.080581,,,FIU,FIU,,,,,,131025,2/22/02 0:00,EPA365.1,,00665,,
FLAB25,FLAB,2/20/02,SAMP,MON,SA,G,,0.1,,25,"PHOSPHATE, TOTAL AS P",TPO4,0.0071,,,0.0071,,,0.0003,,,mg/L,3,N,A,FIU113186,,0,0,,,,,,25.0837,81.080581,,,FIU,FIU,,,,,,132025,,EPA365.1,,00665,,
FLAB25,FLAB,3/19/02,SAMP,MON,SA,G,,0.1,,25,"PHOSPHATE, TOTAL AS P",TPO4,0.0204,,,0.0204,,,0.0003,,,mg/L,3,N,A,FIU113188,,0,0,,,,,,25.0837,81.080581,,,FIU,FIU,,,,,,133025,,EPA365.1,,00665,,
FLAB25,FLAB,4/9/02,SAMP,MON,SA,G,,0.1,,25,"PHOSPHATE, TOTAL AS P",TPO4,0.0203,,,0.0203,,,0.0003,,,mg/L,3,N,A,134025,,0,0,,,,,,25.0837,81.080581,,,FIU,FIU,,,,,,134025,5/10/02 0:00,EPA365.1,,665,,
FLAB25,FLAB,5/15/02,SAMP,MON,SA,G,,0.1,,25,"PHOSPHATE, TOTAL AS P",TPO4,0.012,,,0.012,,,0.0003,,,mg/L,3,N,A,135025,,0,0,,,,,,25.0837,81.080581,,,FIU,FIU,,,,,,135025,6/10/02 14:00,EPA365.1,,665,,
FLAB25,FLAB,6/4/02,SAMP,MON,SA,G,,0.1,,25,"PHOSPHATE, TOTAL AS P",TPO4,0.0062,,,0.0062,,,0.0003,,,mg/L,3,N,A,136025,,0,0,,,,,,25.0837,81.080581,,,FIU,FIU,,,,,,136025,7/1/02 15:00,EPA365.1,,665,,
FLAB25,FLAB,7/11/02,SAMP,MON,SA,G,,0.1,,25,"PHOSPHATE, TOTAL AS P",TPO4,0.0177,,,0.0177,,,0.0003,0.0012,,mg/L,3,N,A,137025,,0,0,,,,,,25.0837,81.080581,,,FIU,FIU,,,,,,137025,7/18/02 12:00,EPA365.1,,665,,
FLAB25,FLAB,8/19/02,SAMP,MON,SA,G,,0.1,,25,"PHOSPHATE, TOTAL AS P",TPO4,0.0106,,,0.0106,,,0.0003,0.0012,,mg/L,3,N,A,138025,,0,0,,,,,,25.0837,81.080581,,,FIU,FIU,,,,,,138025,8/30/02 12:30,EPA365.1,,00665,,
FLAB25,FLAB,9/17/02,SAMP,MON,SA,G,,0.1,,25,"PHOSPHATE, TOTAL AS P",TPO4,0.0248,,,0.0248,,,0.0003,0.0012,,mg/L,3,N,A,139025,,0,0,,,,,,25.0837,81.080581,,,FIU,FIU,,,,,,139025,10/3/02 14:30,EPA365.1,,00665,,
FLAB25,FLAB,10/17/02,SAMP,MON,SA,G,,0.1,,25,"PHOSPHATE, TOTAL AS P",TPO4,0.0145,,,0.0145,,,0.0003,0.0012,,mg/L,3,N,A,140025,,0,0,,,,,,25.0837,81.080581,,,FIU,FIU,,,,,,140025,12/6/02 12:00,EPA365.1,,00665,,
FLAB25,FLAB,11/14/02,SAMP,MON,SA,G,,0.1,,25,"PHOSPHATE, TOTAL AS P",TPO4,0.0092,,,0.0092,,,0.0003,0.0012,,mg/L,3,N,A,141025,,0,0,,,,,,25.0837,81.080581,,,FIU,FIU,,,,,,141025,1/15/03 12:00,EPA365.1,,00665,,
FLAB25,FLAB,12/11/02,SAMP,MON,SA,G,,0.1,,25,"PHOSPHATE, TOTAL AS P",TPO4,0.0268,,,0.0268,,,0.0003,0.0012,,mg/L,3,N,A,142025,,0,0,,,,,,25.0837,81.080581,,,FIU,FIU,,,,,,142025,1/16/03 12:00,EPA365.1,,00665,,
FLAB25,FLAB,1/28/03,SAMP,MON,SA,G,,0.1,,25,"PHOSPHATE, TOTAL AS P",TPO4,0.0225,,,0.0225,,,0.0003,0.0012,,mg/L,3,N,A,143025,,0,0,,,,,,25.0837,81.080581,,,FIU,FIU,,,,,,143025,2/14/03 12:45,EPA365.1,,00665,,
FLAB25,FLAB,2/25/03,SAMP,MON,SA,G,,0.1,,25,"PHOSPHATE, TOTAL AS P",TPO4,0.0072,,,0.0072,,,0.0003,0.0012,,mg/L,3,N,A,144025,,0,0,,,,,,25.0837,81.080581,,,FIU,FIU,,,,,,144025,3/21/03 9:00,EPA365.1,,00665,,
FLAB25,FLAB,3/13/03,SAMP,MON,SA,G,,0.1,,25,"PHOSPHATE, TOTAL AS P",TPO4,0.007,,,0.007,,,0.0003,0.0012,,mg/L,3,N,A,145025,,0,0,,,,,,25.0837,81.080581,,,FIU,FIU,,,,,,145025,3/31/03 12:30,EPA365.1,,00665,,
FLAB25,FLAB,4/9/03,SAMP,MON,SA,G,,0.1,,25,"PHOSPHATE, TOTAL AS P",TPO4,0.0151,,,0.0151,,,0.0003,0.0012,,mg/L,3,N,A,146025,,0,0,,,,,,25.0837,81.080581,,,FIU,FIU,,,,,,146025,5/12/03 12:30,EPA365.1,,665,,
FLAB25,FLAB,5/8/03,SAMP,MON,SA,G,,0.1,,25,"PHOSPHATE, TOTAL AS P",TPO4,0.0169,,,0.0169,,,0.0003,0.0012,,mg/L,3,N,A,147025,,0,0,,,,,,25.0837,81.080581,,,FIU,FIU,,,,,,147025,6/5/03 11:19,EPA365.1,,665,,
FLAB25,FLAB,6/10/03,SAMP,MON,SA,G,,0.1,,25,"PHOSPHATE, TOTAL AS P",TPO4,0.0269,,,0.0269,,,0.0003,0.0012,,mg/L,3,N,A,148025,,0,0,,,,,,25.0837,81.080581,,,FIU,FIU,,,,,,148025,7/10/03 10:45,EPA365.1,,665,,
FLAB25,FLAB,7/1/03,SAMP,MON,SA,G,,0.1,,25,"PHOSPHATE, TOTAL AS P",TPO4,0.0151,,,0.0151,,,0.0003,0.0012,,mg/L,3,N,A,149025,,0,0,,,,,,25.0837,81.080581,,,FIU,FIU,,,,,,149025,7/30/03 12:42,EPA365.1,,665,,
FLAB25,FLAB,8/25/03,SAMP,MON,SA,G,,0.1,,25,"PHOSPHATE, TOTAL AS P",TPO4,0.0051,,,0.0051,,,0.0003,0.0012,,mg/L,3,N,A,150025,,0,0,,,,,,25.0837,81.080581,,,FIU,FIU,,,,,,150025,9/16/03 14:12,EPA365.1,,665,,
FLAB25,FLAB,9/9/03,SAMP,MON,SA,G,,0.1,,25,"PHOSPHATE, TOTAL AS P",TPO4,0.0099,,,0.0099,,,0.0003,0.0012,,mg/L,3,N,A,151025,,0,0,,,,,,25.0837,81.080581,,,FIU,FIU,,,,,,151025,9/22/03 11:06,EPA365.1,,665,,
FLAB25,FLAB,10/15/03,SAMP,MON,SA,G,,0.1,,25,"PHOSPHATE, TOTAL AS P",TPO4,0.0102,,,0.0102,,,0.0003,0.0012,,mg/L,3,N,A,152025,,0,0,,,,,,25.0837,81.080581,,,FIU,FIU,,,,,,152025,11/4/03 12:16,EPA365.1,,665,,
FLAB25,FLAB,11/7/03,SAMP,MON,SA,G,,0.1,,25,"PHOSPHATE, TOTAL AS P",TPO4,0.0031,,,0.0031,,,0.0003,0.0012,,mg/L,3,N,A,153025,,0,0,,,,,,25.0837,81.080581,,,FIU,FIU,,,,,,153025,11/19/03 11:29,EPA365.1,,665,,
FLAB25,FLAB,12/3/03,SAMP,MON,SA,G,,0.1,,25,"PHOSPHATE, TOTAL AS P",TPO4,0.0115,,,0.0115,,,0.0003,0.0012,,mg/L,3,N,A,154025,,0,0,,,,,,25.0837,81.080581,,,FIU,FIU,,,,,,154025,12/11/03 15:27,EPA365.1,,665,,
FLAB25,FLAB,1/21/04,SAMP,MON,SA,G,,0.1,,25,"PHOSPHATE, TOTAL AS P",TPO4,0.0119,,,0.0119,,,0.0006,0.0031,,mg/L,3,N,A,155025,,0,0,,,,,,25.0837,81.080581,,,FIU,FIU,,,,,,155025,2/5/04 13:54,EPA365.1,,665,,
FLAB25,FLAB,2/24/04,SAMP,MON,SA,G,,0.1,,25,"PHOSPHATE, TOTAL AS P",TPO4,0.0087,,,0.0087,,,0.0006,0.0031,,mg/L,3,N,A,156025,,0,0,,,,,,25.0837,81.080581,,,FIU,FIU,,,,,,156025,3/5/04 12:16,EPA365.1,,665,,
FLAB25,FLAB,3/23/04,SAMP,MON,SA,G,,0.1,,25,"PHOSPHATE, TOTAL AS P",TPO4,0.0132,,,0.0132,,,0.0006,0.0031,,mg/L,3,N,A,157025,,0,0,,,,,,25.0837,81.080581,,,FIU,FIU,,,,,,157025,4/2/04 11:36,EPA365.1,,665,,
FLAB25,FLAB,4/21/04,SAMP,MON,SA,G,,0.1,,25,"PHOSPHATE, TOTAL AS P",TPO4,0.0113,,,0.0113,,,0.0006,0.0031,,mg/L,3,N,A,158025,,0,0,,,,,,25.0837,81.080581,,,FIU,WMD,,,,,,158025,5/3/04 11:47,EPA365.1,,665,,
FLAB25,FLAB,5/21/04,SAMP,MON,SA,G,,0.1,,25,"PHOSPHATE, TOTAL AS P",TPO4,0.0083,,,0.0083,,,0.0006,0.0031,,mg/L,3,N,A,159025,,0,0,,,,,,25.0837,81.080581,,,FIU,FIU,,,,,,159025,6/4/04 13:26,EPA365.1,,665,,
FLAB25,FLAB,6/28/04,SAMP,MON,SA,G,,0.1,,25,"PHOSPHATE, TOTAL AS P",TPO4,0.0081,,,0.0081,,,0.0006,0.0031,,mg/L,3,N,A,160025,,0,0,,,,,,25.0837,81.080581,,,FIU,FIU,,,,,,160025,7/9/04 13:14,EPA365.1,,665,,
FLAB25,FLAB,7/27/04,SAMP,MON,SA,G,,0.1,,25,"PHOSPHATE, TOTAL AS P",TPO4,0.0103,,,0.0103,,,0.0006,0.0031,,mg/L,3,N,A,161025,,0,0,,,,,,25.0837,81.080581,,,FIU,FIU,,,,,,161025,8/5/04 11:53,EPA365.1,,665,,
FLAB25,FLAB,8/24/04,SAMP,MON,SA,G,,0.1,,25,"PHOSPHATE, TOTAL AS P",TPO4,0.0134,,,0.0134,,,0.0006,0.0031,,mg/L,3,N,A,162025,,0,0,,,,,,25.0837,81.080581,,,FIU,FIU,,,,,,162025,9/10/04 10:22,EPA365.1,,665,,
FLAB25,FLAB,9/28/04,SAMP,MON,SA,G,,0.1,,25,"PHOSPHATE, TOTAL AS P",TPO4,0.0162,,,0.0162,,,0.0006,0.0031,,mg/L,3,N,A,163025,,0,0,,,,,,25.0837,81.080581,,,FIU,FIU,,,,,,163025,10/11/04 12:21,EPA365.1,,665,,
FLAB25,FLAB,10/26/04,SAMP,MON,SA,G,,0.1,,25,"PHOSPHATE, TOTAL AS P",TPO4,0.01,,,0.01,,,0.0006,0.0031,,mg/L,3,N,A,164025,,0,0,,,,,,25.0837,81.080581,,,FIU,FIU,,,,,,164025,11/8/04 11:44,EPA365.1,,665,,
FLAB25,FLAB,11/29/04,SAMP,MON,SA,G,,0.1,,25,"PHOSPHATE, TOTAL AS P",TPO4,0.0107,,,0.0107,,,0.0006,0.0031,,mg/L,3,N,A,165025,,0,0,,,,,,25.0837,81.080581,,,FIU,FIU,,,,,,165025,12/9/04 13:10,EPA365.1,,665,,
FLAB25,FLAB,12/14/04,SAMP,MON,SA,G,,0.1,,25,"PHOSPHATE, TOTAL AS P",TPO4,0.0091,,,0.0091,,,0.0006,0.0031,,mg/L,3,N,A,166025,,0,0,,,,,,25.0837,81.080581,,,FIU,FIU,,,,,,166025,1/3/05 13:52,EPA365.1,,665,,
FLAB25,FLAB,10/9/06,SAMP,MON,SA,G,,0,,25,"PHOSPHATE, TOTAL AS P",TPO4,0.01653,Y,yes,0.01653,,1,0.00124,0.0031,,mg/L,3,N,A,FB188FB025UA,,0,0,,,,,,25.0837,81.080581,FIU,E76930,FIU,WMD,WMD,2,BA,CA,,AB64827,10/19/06 12:22,EPA 365.1 (TP),,665,,
FLAB25,FLAB,10/9/06,SAMP,MON,SA,G,,0,,25,"PHOSPHATE, TOTAL AS P",TPO4,0.01729,Y,yes,0.01729,,1,0.00124,0.0031,,mg/L,3,N,A,FB188FB025UB,,0,0,,,,,,25.0837,81.080581,FIU,E76930,FIU,WMD,WMD,2,BA,CA,,AB64828,10/19/06 12:22,EPA 365.1 (TP),,665,,
FLAB25,FLAB,11/7/06,SAMP,MON,SA,G,,0,,25,"PHOSPHATE, TOTAL AS P",TPO4,0.01899,"J5,Y",yes,0.01899,,1,0.00124,0.0031,,mg/L,3,N,A,FB189FB025UA,,0,0,,,,,,25.0837,81.080581,FIU,E76930,FIU,WMD,WMD,2,BA,CA,,AB70908,11/21/06 11:40,EPA 365.1 (TP),,665,,Exceded Batch Size Exceded Batch Size
FLAB25,FLAB,11/7/06,SAMP,MON,SA,G,,0,,25,"PHOSPHATE, TOTAL AS P",TPO4,0.01876,"J5,Y",yes,0.01876,,1,0.00124,0.0031,,mg/L,3,N,A,FB189FB025UB,,0,0,,,,,,25.0837,81.080581,FIU,E76930,FIU,WMD,WMD,2,BA,CA,,AB70909,11/21/06 11:40,EPA 365.1 (TP),,665,,Exceded Batch Size Exceded Batch Size
FLAB25,FLAB,12/3/06,SAMP,MON,SA,G,,0,,25,"PHOSPHATE, TOTAL AS P",TPO4,0.02077,"J5,Y",yes,0.02077,,1,0.00124,0.0031,,mg/L,3,N,A,FB190FB025UA,,0,0,,,,,,25.0837,81.080581,FIU,E76930,FIU,WMD,WMD,2,BA,CA,,AB72228,12/11/06 14:36,EPA 365.1 (TP),,665,,Exceded Batch Size Exceded Batch Size
FLAB25,FLAB,12/3/06,SAMP,MON,SA,G,,0,,25,"PHOSPHATE, TOTAL AS P",TPO4,0.02325,"J5,Y",yes,0.02325,,1,0.00124,0.0031,,mg/L,3,N,A,FB190FB025UB,,0,0,,,,,,25.0837,81.080581,FIU,E76930,FIU,WMD,WMD,2,BA,CA,,AB72229,12/11/06 14:36,EPA 365.1 (TP),,665,,Exceded Batch Size Exceded Batch Size
FLAB25,FLAB,1/11/07,SAMP,MON,SA,G,,0,,25,"PHOSPHATE, TOTAL AS P",TPO4,0.00966,"A,Y",yes,0.00966,,1,0.00124,0.0031,,mg/L,3,N,A,FB191FB025UA,,0,0,,,,,,25.0837,81.080581,FIU,E76930,FIU,WMD,WMD,2,BA,CA,,AB74884,1/26/07 12:32,EPA 365.1 (TP),,665,,
FLAB25,FLAB,1/11/07,SAMP,MON,SA,G,,0,,25,"PHOSPHATE, TOTAL AS P",TPO4,0.01173,"A,Y",yes,0.01173,,1,0.00124,0.0031,,mg/L,3,N,A,FB191FB025UB,,0,0,,,,,,25.0837,81.080581,FIU,E76930,FIU,WMD,WMD,2,BA,CA,,AB74885,1/26/07 12:32,EPA 365.1 (TP),,665,,
FLAB25,FLAB,2/7/07,SAMP,MON,SA,G,,0,,25,"PHOSPHATE, TOTAL AS P",TPO4,0.01487,"A,J,J5,Y",yes,0.01487,,1,0.00124,0.0031,,mg/L,3,N,A,FB192FB025UA,,0,0,,,,,,25.0837,81.080581,FIU,E76930,FIU,WMD,WMD,2,BA,CA,,AB76782,2/19/07 12:12,EPA 365.1 (TP),,665,,Matrix Spike Recovery Outside of Control Limits.; Exceded Batch Size Exceded Batch Size %R Failure
FLAB25,FLAB,2/7/07,SAMP,MON,SA,G,,0,,25,"PHOSPHATE, TOTAL AS P",TPO4,0.01126,"A,J,J5,Y",yes,0.01126,,1,0.00124,0.0031,,mg/L,3,N,A,FB192FB025UB,,0,0,,,,,,25.0837,81.080581,FIU,E76930,FIU,WMD,WMD,2,BA,CA,,AB76783,2/19/07 12:12,EPA 365.1 (TP),,665,,Matrix Spike Recovery Outside of Control Limits.; Exceded Batch Size Exceded Batch Size %R Failure
FLAB25,FLAB,3/12/07,SAMP,MON,SA,G,,0,,25,"PHOSPHATE, TOTAL AS P",TPO4,0.01437,"A,J5,Y",yes,0.01437,,1,0.00124,0.0031,,mg/L,3,N,A,FB193FB025UB,,0,0,,,,,,25.0837,81.080581,FIU,E76930,FIU,WMD,WMD,2,BA,CA,,ab78033,3/28/07 11:40,EPA 365.1 (TP),,665,,Exceded Batch Size Exceded Batch Size
FLAB25,FLAB,3/12/07,SAMP,MON,SA,G,,0,,25,"PHOSPHATE, TOTAL AS P",TPO4,0.01469,"A,J5,Y",yes,0.01469,,1,0.00124,0.0031,,mg/L,3,N,A,FB193FB025UA,,0,0,,,,,,25.0837,81.080581,FIU,E76930,FIU,WMD,WMD,2,BA,CA,,ab78032,3/28/07 11:40,EPA 365.1 (TP),,665,,Exceded Batch Size Exceded Batch Size
FLAB25,FLAB,4/3/07,SAMP,MON,SA,G,,0,,25,"PHOSPHATE, TOTAL AS P",TPO4,0.01218,"J5,Y",yes,0.01218,,1,0.00124,0.0031,,mg/L,3,N,A,FB194FB025UB,,0,0,,,,,,25.0837,81.080581,FIU,E76930,FIU,WMD,WMD,2,BA,CA,,AB79058,4/25/07 11:15,EPA 365.1,,665,,Exceded Batch Size Exceded Batch Size
FLAB25,FLAB,4/3/07,SAMP,MON,SA,G,,0,,25,"PHOSPHATE, TOTAL AS P",TPO4,0.01196,"J5,Y",yes,0.01196,,1,0.00124,0.0031,,mg/L,3,N,A,FB194FB025UA,,0,0,,,,,,25.0837,81.080581,FIU,E76930,FIU,WMD,WMD,2,BA,CA,,AB79057,4/25/07 11:15,EPA 365.1,,665,,Exceded Batch Size Exceded Batch Size
FLAB25,FLAB,5/1/07,SAMP,MON,SA,G,,0,,25,"PHOSPHATE, TOTAL AS P",TPO4,0.01726,"J5,Y",yes,0.01726,,1,0.00124,0.0031,,mg/L,3,N,A,FB195FB025UB,,0,0,,,,,,25.0837,81.080581,FIU,E76930,FIU,WMD,WMD,2,BA,CA,,ab82119,5/15/07 11:52,EPA 365.1,,665,,Exceded Batch Size Exceded Batch Size
FLAB25,FLAB,5/1/07,SAMP,MON,SA,G,,0,,25,"PHOSPHATE, TOTAL AS P",TPO4,0.01597,"J5,Y",yes,0.01597,,1,0.00124,0.0031,,mg/L,3,N,A,FB195FB025UA,,0,0,,,,,,25.0837,81.080581,FIU,E76930,FIU,WMD,WMD,2,BA,CA,,ab82118,5/15/07 11:52,EPA 365.1,,665,,Exceded Batch Size Exceded Batch Size
FLAB25,FLAB,6/6/07,SAMP,MON,SA,G,,0,,25,"PHOSPHATE, TOTAL AS P",TPO4,0.03347,Y,yes,0.03347,,1,0.00124,0.0031,,mg/L,3,N,A,FB196FB025UA,,0,0,,,,,,25.0837,81.080581,FIU,E76930,FIU,WMD,WMD,2,BA,CA,,AB84017,6/20/07 11:12,EPA 365.1,,665,,
FLAB25,FLAB,6/6/07,SAMP,MON,SA,G,,0,,25,"PHOSPHATE, TOTAL AS P",TPO4,0.03382,Y,yes,0.03382,,1,0.00124,0.0031,,mg/L,3,N,A,FB196FB025UB,,0,0,,,,,,25.0837,81.080581,FIU,E76930,FIU,WMD,WMD,2,BA,CA,,AB84018,6/20/07 11:12,EPA 365.1,,665,,
FLAB25,FLAB,7/3/07,SAMP,MON,SA,G,,0,,25,"PHOSPHATE, TOTAL AS P",TPO4,0.01,"A,Y",yes,0.01,,1,0.00124,0.0031,,mg/L,3,N,A,FB197FB025UA,,0,0,,,,,,25.0837,81.080581,FIU,E76930,FIU,WMD,WMD,2,BA,CA,,AB85596,7/18/07 11:53,EPA 365.1 (TP),,665,,
FLAB25,FLAB,7/3/07,SAMP,MON,SA,G,,0,,25,"PHOSPHATE, TOTAL AS P",TPO4,0.01,"A,Y",yes,0.01,,1,0.00124,0.0031,,mg/L,3,N,A,FB197FB025UB,,0,0,,,,,,25.0837,81.080581,FIU,E76930,FIU,WMD,WMD,2,BA,CA,,AB85597,7/18/07 11:53,EPA 365.1 (TP),,665,,
FLAB25,FLAB,8/7/07,SAMP,MON,SA,G,,0,,25,"PHOSPHATE, TOTAL AS P",TPO4,0.01,"A,Y",yes,0.01,,1,0.00124,0.0031,,mg/L,3,N,A,FB198FB025UB,,0,0,,,,,,25.0837,81.080581,FIU,E76930,FIU,WMD,WMD,2,BA,CA,,AB89054,8/21/07 12:03,EPA 365.1 (TP),,665,,
FLAB25,FLAB,8/7/07,SAMP,MON,SA,G,,0,,25,"PHOSPHATE, TOTAL AS P",TPO4,0.01,"A,Y",yes,0.01,,1,0.00124,0.0031,,mg/L,3,N,A,FB198FB025UA,,0,0,,,,,,25.0837,81.080581,FIU,E76930,FIU,WMD,WMD,2,BA,CA,,AB89053,8/21/07 12:03,EPA 365.1 (TP),,665,,
FLAB25,FLAB,9/5/07,SAMP,MON,SA,G,,0,,25,"PHOSPHATE, TOTAL AS P",TPO4,0.01,"A,J,Y",yes,0.01,,1,0.00124,0.0031,,mg/L,3,N,A,FB199FB025UB,,0,0,,,,,,25.0837,81.080581,FIU,E76930,FIU,WMD,WMD,2,BA,CA,,AB90725,9/19/07 12:36,EPA 365.1 (TP),,665,,Matrix Spike Recovery Outside of Control Limits.; 
FLAB25,FLAB,9/5/07,SAMP,MON,SA,G,,0,,25,"PHOSPHATE, TOTAL AS P",TPO4,0.02,"A,J,Y",yes,0.02,,1,0.00124,0.0031,,mg/L,3,N,A,FB199FB025UA,,0,0,,,,,,25.0837,81.080581,FIU,E76930,FIU,WMD,WMD,2,BA,CA,,AB90724,9/19/07 12:36,EPA 365.1 (TP),,665,,Matrix Spike Recovery Outside of Control Limits.; 
FLAB25,FLAB,10/4/07,SAMP,MON,SA,G,,0,,25,"PHOSPHATE, TOTAL AS P",TPO4,0.00965,"A,Y,J",yes,0.00965,,1,0.00124,0.0031,,mg/L,3,N,A,FB200FB025,,0,0,,,,,,25.0837,81.080581,FIU,E76930,FIU,WMD,WMD,2,BA,CA,,AB92301,10/22/07 13:00,EPA 365.1 (TP),,665,,Target analyte was found in FB
FLAB25,FLAB,11/6/07,SAMP,MON,SA,G,,0,,25,"PHOSPHATE, TOTAL AS P",TPO4,0.01582,"A,J5,Y",yes,0.01582,,1,0.00124,0.0031,,mg/L,3,N,A,FB201FB025,,0,0,,,,,,25.0837,81.080581,FIU,E76930,FIU,WMD,WMD,2,BA,CA,,AB93895,11/20/07 13:15,EPA 365.1 (TP),,665,,Missing LCS
FLAB25,FLAB,12/7/07,SAMP,MON,SA,G,,0,,25,"PHOSPHATE, TOTAL AS P",TPO4,0.00985,"A,Y",yes,0.00985,,1,0.00124,0.0031,,mg/L,3,N,A,FB202FB025,,0,0,,,,,,25.0837,81.080581,FIU,E76930,FIU,WMD,WMD,2,BA,CA,,AB94313,12/19/07 4:18,EPA 365.1 (TP),,665,,
FLAB25,FLAB,1/9/08,SAMP,MON,SA,G,,0,,25,"PHOSPHATE, TOTAL AS P",TPO4,0.01102,Y,yes,0.01102,,1,0.00186,0.0031,,mg/L,3,N,A,FB203FB025,,0,0,,,,,,25.0837,81.080581,FIU,E76930,FIU,WMD,WMD,2,BA,CA,,AB95224,1/25/08 9:12,EPA 365.1,,665,,
FLAB25,FLAB,2/8/08,SAMP,MON,SA,G,,0,,25,"PHOSPHATE, TOTAL AS P",TPO4,0.01092,"J,Y",yes,0.01092,,1,0.00186,0.0031,,mg/L,3,N,A,FB204FB025,,0,0,,,,,,25.0837,81.080581,FIU,E76930,FIU,WMD,WMD,2,BA,CA,,AB95739,2/27/08 14:17,EPA 365.1,,665,,Target analyte was found in EB;
FLAB25,FLAB,3/5/08,SAMP,MON,SA,G,,0,,25,"PHOSPHATE, TOTAL AS P",TPO4,0.00382,"J,Y",yes,0.00382,,1,0.00186,0.0031,,mg/L,3,N,A,FB205FB025,,0,0,,,,,,25.0837,81.080581,FIU,E76930,FIU,WMD,WMD,2,BA,CA,,AB95987,3/17/08 9:54,EPA 365.1,,665,,Target analyte was found in EB;
FLAB25,FLAB,4/2/08,SAMP,MON,SA,G,,0,,25,"PHOSPHATE, TOTAL AS P",TPO4,0.01443,Y,yes,0.01443,,1,0.00186,0.0031,,mg/L,3,N,A,FB206FB025,,0,0,,,,,,25.0837,81.080581,FIU,E76930,FIU,WMD,WMD,2,BA,CA,4/2/08 12:50,AB96576,4/10/08 11:19,EPA 365.1 (TP),,665,,
FLAB25,FLAB,5/7/08,SAMP,MON,SA,G,,0,,25,"PHOSPHATE, TOTAL AS P",TPO4,0.01533,Y,yes,0.01533,,1,0.00186,0.0031,,mg/L,3,N,A,FB207FB025,,0,0,,,,,,25.0837,81.080581,FIU,E76930,FIU,WMD,WMD,2,BA,CA,5/7/08 10:18,AB97320,5/20/08 12:01,EPA 365.1 (TP),,665,,
FLAB25,FLAB,6/4/08,SAMP,MON,SA,G,,0,,25,"PHOSPHATE, TOTAL AS P",TPO4,0.02001,Y,yes,0.02001,,1,0.00186,0.0031,,mg/L,3,N,A,FB208FB025,,0,0,,,,,,25.0837,81.080581,FIU,E76930,FIU,WMD,WMD,2,BA,CA,6/4/08 10:56,ab97884,6/17/08 10:54,EPA 365.1 (TP),,665,,
FLAB25,FLAB,1/7/09,SAMP,MON,SA,G,,0.5,,25,"PHOSPHATE, TOTAL AS P",TPO4,0.01,,,0.01,,1,0.002,0.008,0.002,mg/L,3,N,A,P42963-9,,1,2,,,3.3,,,25.0837,81.080581,FWEC,E46077,WMD,WMD,WMD,2,BA,NO,1/8/09 9:36,16142009,1/13/09 10:34,SM4500PF,,00665,light winds and light chop.  Sample with no visable solids.  Low incoming flow.  good deal of plant matter/alga observed in water column.,
FLAB25,FLAB,2/12/09,SAMP,MON,SA,G,,0.5,,25,"PHOSPHATE, TOTAL AS P",TPO4,0.011,,,0.011,,1,0.002,0.008,0.002,mg/L,3,N,A,P42978-6,,1,2,,,2.4,,,25.0837,81.080581,FWEC,E46077,WMD,WMD,WMD,2,BA,NO,2/12/09 15:47,16157006,2/24/09 9:11,SM4500PF,,00665,Very calm conditions.  No wind and very little flow.  Sample clear.,
FLAB25,FLAB,3/16/09,SAMP,MON,SA,G,,0.5,,25,"PHOSPHATE, TOTAL AS P",TPO4,0.012,,,0.012,,1,0.002,0.008,0.002,mg/L,3,N,A,P43361-6,,1,3,,,3.15,,,25.0837,81.080581,FWEC,E46077,WMD,WMD,WMD,2,BA,NO,3/17/09 10:29,16639006,3/30/09 11:49,SM4500PF,,00665,Increasing clouds and increasing winds.  light chop.  Sample clear.,
FLAB25,FLAB,4/20/09,SAMP,MON,SA,G,,0.5,,25,"PHOSPHATE, TOTAL AS P",TPO4,0.017,,,0.017,,1,0.002,0.008,0.002,mg/L,3,N,A,P43542-6,,1,3,,,3.9,,,25.0837,81.080581,FWEC,E46077,WMD,WMD,WMD,2,BA,NO,4/21/09 9:50,16865006,4/29/09 10:42,SM4500PF,,00665,choppy conditions with medium swell. Sample clear of solids.,
FLAB25,FLAB,5/18/09,SAMP,MON,SA,G,,0.5,,25,"PHOSPHATE, TOTAL AS P",TPO4,0.012,,,0.012,,1,0.002,0.008,0.002,mg/L,3,N,A,P43936-6,,1,3,,,3.8,,,25.0837,81.080581,FWEC,E46077,WMD,WMD,WMD,2,BA,NO,5/19/09 9:50,17327006,6/2/09 9:13,SM4500PF,,00665,Strog wind and moderate chop.  Sample clear,
FLAB25,FLAB,6/11/09,SAMP,MON,SA,G,,0.5,,25,"PHOSPHATE, TOTAL AS P",TPO4,0.01,J,yes,0.01,,1,0.002,0.008,0.002,mg/L,3,N,A,P43955-6,,1,2,,,2.9,,,25.0837,81.080581,FWEC,E46077,WMD,WMD,WMD,2,BA,NO,6/11/09 16:09,17348006,6/16/09 15:47,SM4500PF,,00665,Calm conditions.  Sample clear of solids.,Analyte detected in field blank and/or associated sample
FLAB25,FLAB,7/20/09,SAMP,MON,SA,G,,0.5,,25,"PHOSPHATE, TOTAL AS P",TPO4,0.023,,,0.023,,1,0.002,0.008,0.002,mg/L,3,N,A,P44584-6,,1,2,,,3.71,,,25.0837,81.080581,FWEC,E46077,WMD,WMD,WMD,2,BA,NO,7/21/09 10:16,18191020,7/28/09 12:36,SM4500PF,,00665,"sample clear, no solids.  strong incoming flow.  calm seas. sunny, temp 95-97 degrees F.",
FLAB25,FLAB,8/17/09,SAMP,MON,SA,G,,0.5,,25,"PHOSPHATE, TOTAL AS P",TPO4,0.026,,,0.026,,1,0.002,0.008,0.002,mg/L,3,N,A,P44716-6,,1,2,,,3.9,,,25.0837,81.080581,FWEC,E46077,WMD,WMD,WMD,2,BA,NO,8/18/09 11:13,18361017,9/2/09 8:34,SM4500PF,,00665,"Sample clear, no visible solids.  Slight sediment in sample bucket.  Seaweed on surface. Very rough conditions.  Seas 4-4, wind 20 knots.  Sunny with some cloud coverage.  Temperature low to mid 90's degrees F.",
FLAB25,FLAB,9/15/09,SAMP,MON,SA,G,,0.5,,25,"PHOSPHATE, TOTAL AS P",TPO4,0.013,,,0.013,,1,0.002,0.008,0.002,mg/L,3,N,A,P45421-8,,1,2,,,3.8,,,25.0837,81.080581,FWEC,E46077,WMD,WMD,WMD,2,BA,NO,9/16/09 10:46,19266008,9/18/09 14:00,SM4500PF,,00665,"Sample clear, with low solids.  Some sediment in sample bucket.  Moderate incoming flow, light chop on water.  Soem seagrass floating on water surface.",
FLAB25,FLAB,10/12/09,SAMP,MON,SA,G,,0.5,,25,"PHOSPHATE, TOTAL AS P",TPO4,0.012,,,0.012,,1,0.002,0.008,0.002,mg/L,3,N,A,P45906-6,,1,2,,,3.2,,,25.0837,81.080581,FWEC,E46077,WMD,WMD,WMD,2,BA,NO,10/13/09 9:43,19878006,10/20/09 7:59,SM4500PF,,00665,Sample clear with no visible solids. Moderate flow. 2.5' chop on water's surface with winds approx. 15-20 mph.,
FLAB25,FLAB,11/12/09,SAMP,MON,SA,G,,0.5,,25,"PHOSPHATE, TOTAL AS P",TPO4,0.031,,,0.031,,1,0.002,0.008,0.002,mg/L,3,N,A,P46183-11,,1,4,,,3.9,,,25.0837,81.080581,FWEC,E46077,WMD,WMD,WMD,2,BA,NO,11/13/09 10:04,20232011,11/24/09 8:35,SM4500PF,,00665,"Sample pale yellow-green, with low solids.  Very choppy, seas 3-4, strong incoming flow. Winds 20 mph.",
FLAB25,FLAB,12/7/09,SAMP,MON,SA,G,,0.5,m,25,"PHOSPHATE, TOTAL AS P",TPO4,0.01,,,0.01,,1,0.002,0.008,0.002,mg/L,3,N,A,P46552-6,,1,1,,,,,,25.0837,81.080581,FWEC,E46077,WMD,WMD,WMD,2,BA,NO,12/8/09 10:37,20736006,12/16/09 9:26,SM4500PF,,00665,"Sample clear, no visible solids.  Low flow.  Moderate chop.  Winds 5-10 mph.",
FLAB25,FLAB,1/11/10,SAMP,MON,SA,G,,0.5,m,25,"PHOSPHATE, TOTAL AS P",TPO4,0.07,,,0.07,,1,0.002,0.008,0.002,mg/L,3,N,A,P46793-2,,1,1,,,,,,25.0837,81.080581,FWEC,E46077,WMD,WMD,WMD,2,BA,NO,1/12/10 11:13,21031002,1/19/10 9:22,SM4500PF,,665,"Sample cloudy pale yellow, with medium solids.  Strong incoming flow. Rough seas 2-3 feet.  Winds 15-20mph.  Water temperatures below 10 degrees C. WARNING: TEMP exceeds QC limit of 10 to 35 Celsius",
FLAB25,FLAB,2/8/10,SAMP,MON,SA,G,,0.5,m,25,"PHOSPHATE, TOTAL AS P",TPO4,0.016,,,0.016,,1,0.002,0.008,0.002,mg/L,3,N,A,P47183-2,,1,3,,,,,,25.0837,81.080581,FWEC,E46077,WMD,WMD,WMD,2,BA,NO,2/9/10 12:49,21666002,2/10/10 16:26,SM4500PF,,00665,"Sample clear, no visible solids.  Low flow.  Slight chop on water. Winds 5-10mph.",
FLAB25,FLAB,3/8/10,SAMP,MON,SA,G,,0.5,m,25,"PHOSPHATE, TOTAL AS P",TPO4,0.014,,,0.014,,1,0.002,0.008,0.002,mg/L,3,N,A,P47472-2,,1,1,,,,,,25.0837,81.080581,FWEC,E46077,WMD,WMD,WMD,2,BA,NO,3/9/10 10:29,22046002,3/16/10 10:37,SM4500PF,,00665,"Sample pale green with no visible solids. Calm conditions, with minimal chop.  Low flow.  FCEB taken at this station.",
FLAB25,FLAB,4/13/10,SAMP,MON,SA,G,,0.5,m,25,"PHOSPHATE, TOTAL AS P",TPO4,0.015,J,yes,0.015,,1,0.002,0.008,0.002,mg/L,3,N,A,P47829-9,,1,1,,,,,,25.0837,81.080581,FWEC,E46077,WMD,WMD,WMD,2,BA,NO,4/15/10 9:04,22511009,4/21/10 15:57,SM4500PF,,00665,"Sample pale green, low solids.  Moderate flow.  Water choppy, seas 1-2 feet.  Winds 10-12mph.",Analyte detected in field blank and/or associated sample
FLAB25,FLAB,5/10/10,SAMP,MON,SA,G,,0.5,m,25,"PHOSPHATE, TOTAL AS P",TPO4,0.019,,,0.019,,1,0.002,0.008,0.002,mg/L,3,N,A,P48081-2,,1,1,,,,,,25.0837,81.080581,FWEC,E46077,WMD,WMD,WMD,2,BA,NO,5/11/10 10:36,22817002,5/18/10 9:42,SM4500PF,,00665,"Sample clear, no visible solids.  Water very choppy, 2-3 foot seas.  Moderate flow.  Winds 15-18mph.",
FLAB25,FLAB,6/8/10,SAMP,MON,SA,G,,0.5,m,25,"PHOSPHATE, TOTAL AS P",TPO4,0.012,,,0.012,,1,0.002,0.008,0.002,mg/L,3,N,A,P48380-8,,1,2,,,,,,25.0837,81.080581,FWEC,E46077,WMD,WMD,WMD,2,BA,NO,6/9/10 12:12,23194008,6/14/10 15:51,SM4500PF,,00665,Sample is light green with low suspended solids present. Strong flow with light chop up to 8 inch and constant winds up 6 mph.,
FLAB25,FLAB,7/20/10,SAMP,MON,SA,G,,0.5,m,25,"PHOSPHATE, TOTAL AS P",TPO4,0.024,,,0.024,,1,0.002,0.008,0.002,mg/L,3,N,A,P48679-2,,1,1,,,,,,25.0837,81.080581,FWEC,E46077,WMD,WMD,WMD,2,BA,NO,7/21/10 11:25,23536002,7/26/10 14:44,SM4500PF,,00665,"Sample light green, low solids.  Seas choppy, 2-3 feet.  Winds 15-20mph.  Strong incoming flow.",
FLAB25,FLAB,8/16/10,SAMP,MON,SA,G,,0.5,m,25,"PHOSPHATE, TOTAL AS P",TPO4,0.012,,,0.012,,1,0.002,0.008,0.002,mg/L,3,N,A,P48893-2,,1,2,,,,,,25.0837,81.080581,FWEC,E46077,WMD,WMD,WMD,2,BA,NO,8/17/10 10:08,23830002,8/24/10 9:45,SM4500PF,,00665,"Sample pale green, with medium solids.  Low flow.  Calm water, minimal chop. Winds 2-5mph.",
FLAB25,FLAB,9/22/10,SAMP,MON,SA,G,,0.5,m,25,"PHOSPHATE, TOTAL AS P",TPO4,0.013,,,0.013,,1,0.002,0.008,0.002,mg/L,3,N,A,P49172-8,,1,1,,,,,,25.0837,81.080581,FWEC,E46077,WMD,WMD,WMD,2,BA,NO,9/23/10 11:08,24186008,10/4/10 13:50,SM4500PF,,00665,"Sample light green, low solids.  Minimal chop, 1 foot seas.  Moderate incoming flow.  Winds 5mph, with 8mph gusts.",
FLAB25,FLAB,10/19/10,SAMP,MON,SA,G,,0.5,m,25,"PHOSPHATE, TOTAL AS P",TPO4,0.025,,,0.025,,1,0.002,0.008,0.002,mg/L,3,N,A,P49628-2,,1,1,,,,,,25.0837,81.080581,FWEC,E46077,WMD,WMD,WMD,2,BA,NO,10/20/10 11:05,24783002,10/28/10 13:00,SM4500PF,,00665,"Sample light green, low solids.  Low flow.  Calm water, light chop.  Winds 0-2mph.",
FLAB25,FLAB,11/16/10,SAMP,MON,SA,G,,0.5,m,25,"PHOSPHATE, TOTAL AS P",TPO4,0.016,,,0.016,,1,0.002,0.008,0.002,mg/L,3,N,A,P50070-2,,1,1,,,,,,25.0837,81.080581,FWEC,E46077,WMD,WMD,WMD,2,BA,NO,11/17/10 10:56,25358002,12/1/10 9:11,SM4500PF,,00665,"Sample light green, low solids.  Low outgoing flow.  Calm water, minimal chop. Wind 1-2mph.",
FLAB25,FLAB,12/14/10,SAMP,MON,SA,G,,0.5,m,25,"PHOSPHATE, TOTAL AS P",TPO4,0.033,,,0.033,,1,0.002,0.008,0.002,mg/L,3,N,A,P50474-2,,1,1,,,,,,25.0837,81.080581,FWEC,E46077,WMD,WMD,WMD,2,BA,NO,12/15/10 10:14,25855002,12/21/10 9:07,SM4500PF,,00665,"Sample pale yellow, medium solids.  Choppy water, 3-4 foot swells.  Winds 10-12mph.  Moderate incoming flow.",
FLAB25,FLAB,1/4/11,SAMP,MON,SA,G,,0.5,m,25,"PHOSPHATE, TOTAL AS P",TPO4,0.027,,,0.027,,1,0.002,0.008,0.002,mg/L,3,N,A,P50635-2,,1,1,,,,,,25.0837,81.080581,FWEC,E46077,WMD,WMD,WMD,2,BA,NO,1/5/11 11:04,26109002,1/18/11 13:40,SM4500PF,,00665,"Very low flow at station.  Very low to no chop.  No wind.  Sample light greenish yellow, moderate solids.",
FLAB25,FLAB,2/17/11,SAMP,MON,SA,G,,0.5,m,25,"PHOSPHATE, TOTAL AS P",TPO4,0.013,,,0.013,,1,0.002,0.008,0.002,mg/L,3,N,A,P50937-2,,0,3,,,,,,25.0837,81.080581,WMD,E46077,WMD,WMD,WMD,2,BA,NO,2/18/11 13:41,26504002,3/1/11 9:31,SM4500PF,,00665,"Wind E 5-10, Lt chop",
FLAB25,FLAB,3/15/11,SAMP,MON,SA,G,,0.5,m,25,"PHOSPHATE, TOTAL AS P",TPO4,0.014,,,0.014,,1,0.002,0.008,0.002,mg/L,3,N,A,P51527-9,,1,3,,,,,,25.0837,81.080581,FWEC,E46077,WMD,WMD,WMD,2,BA,NO,3/16/11 10:05,27310009,3/28/11 9:20,SM4500PF,,00665,"Sample palm green. Light chop on water, light incoming flow. Wind 0-5mph.",
FLAB25,FLAB,4/6/11,SAMP,MON,SA,G,,0.5,m,25,"PHOSPHATE, TOTAL AS P",TPO4,0.021,,,0.021,,1,0.002,0.008,0.002,mg/L,3,N,A,P52286-9,,1,2,,,,,,25.0837,81.080581,FWEC,E46077,WMD,WMD,WMD,2,BA,NO,4/7/11 11:30,28396009,4/13/11 14:25,SM4500PF,,00665,"Sample light green, 10-15mph NE",
FLAB25,FLAB,5/4/11,SAMP,MON,SA,G,,0.5,m,25,"PHOSPHATE, TOTAL AS P",TPO4,0.017,,,0.017,,1,0.002,0.008,0.002,mg/L,3,N,A,P52287-9,,1,1,,,,,,25.0837,81.080581,FWEC,E46077,WMD,WMD,WMD,2,BA,NO,5/5/11 9:36,28398009,5/11/11 15:16,SM4500PF,,00665,Sample pale green.  1 foot chop on water.  Winds 5-7 mph. Moderate incoming flow.,
FLAB25,FLAB,6/13/11,SAMP,MON,SA,G,,0.5,m,25,"PHOSPHATE, TOTAL AS P",TPO4,0.029,,,0.029,,1,0.002,0.008,0.002,mg/L,3,N,A,P52281-2,,1,1,,,,,,25.0837,81.080581,FWEC,E46077,WMD,WMD,WMD,2,BA,NO,6/14/11 10:08,28391002,6/21/11 10:27,SM4500PF,,00665,Sample is pale green with low suspended sollids present. Moderate incoming tide with westerly winds from 2-6 mph.,
FLAB25,FLAB,7/12/11,SAMP,MON,SA,G,,0.5,m,25,"PHOSPHATE, TOTAL AS P",TPO4,0.018,,,0.018,,1,0.002,0.004,0.002,mg/L,3,N,A,P52282-2,,1,1,,,,,,25.0837,81.080581,FWEC,E46077,WMD,WMD,WMD,2,BA,NO,7/13/11 13:07,28392002,7/20/11 15:26,SM4500PF,,00665,Sample is clear with no visible suspended solids present.  Moderate to strong flow with chop up to 1.5 feet and swell up to 2 feet and winds from the southwest at 5 to 10 mph.  SECCHI ON BOTTOM,
FLAB25,FLAB,8/16/11,SAMP,MON,SA,G,,0.5,m,25,"PHOSPHATE, TOTAL AS P",TPO4,0.016,,,0.016,,1,0.002,0.004,0.002,mg/L,3,N,A,P52283-2,,1,1,,,,,,25.0837,81.080581,FWEC,E46077,WMD,WMD,WMD,2,BA,NO,8/17/11 10:32,28393002,8/23/11 15:31,SM4500PF,,00665,Sample is pale green with low suspended solids present. Strong flow with light chop up to 1.5 feet and light variable winds from southwest at 6 to 10 mph.,
FLAB25,FLAB,9/12/11,SAMP,MON,SA,G,,0.5,m,25,"PHOSPHATE, TOTAL AS P",TPO4,0.022,,,0.022,,1,0.002,0.004,0.002,mg/L,3,N,A,P52284-2,,0,1,,,,,,25.0837,81.080581,FWEC,E46077,WMD,WMD,WMD,2,BA,NO,9/13/11 10:18,28394002,9/22/11 15:37,SM4500PF,,00665,Sample is pale green with low suspended solids present. Light current with mid rising tide and chop up to 2 feet and 5 to 10 mph winds from the east southeast.,
FLAB25,FLAB,10/4/11,SAMP,MON,SA,G,,0.5,m,25,"PHOSPHATE, TOTAL AS P",TPO4,0.011,,,0.011,,1,0.002,0.004,0.002,mg/L,3,N,A,P52285-2,,0,3,,,,,,25.0837,81.080581,WMD,E46077,WMD,WMD,WMD,2,BA,NO,10/5/11 10:35,28395002,10/17/11 9:19,SM4500PF,,00665,"Overcast, wind NNE 15-20, seas 1-3",
FLAB25,FLAB,12/6/11,SAMP,MON,SA,G,,0.5,m,25,"PHOSPHATE, TOTAL AS P",TPO4,0.013,J,yes,0.013,,1,0.002,0.004,0.002,mg/L,3,N,A,P54071-2,,0,1,,,,,,25.0837,81.080581,WMD,E46077,WMD,WMD,WMD,2,BA,NO,12/7/11 12:15,30610002,12/19/11 9:21,SM4500PF,,00665,"Clear skies,flood tide, wind E 5-10, lt chop",Analyte detected in field blank and/or associated sample
FLAB25,FLAB,2/1/12,SAMP,MON,SA,G,,0.5,m,25,"PHOSPHATE, TOTAL AS P",TPO4,0.012,,,0.012,,1,0.002,0.004,0.002,mg/L,3,N,A,P55306-1,,0,1,,,,,,25.0837,81.080581,WMD,E46077,WMD,WMD,WMD,2,BA,NO,2/2/12 10:08,32254001,2/9/12 14:07,SM4500PF,,00665,"Wind NE 10-15, seas 1-2 ft, flood tide",
FLAB25,FLAB,4/11/12,SAMP,MON,SA,G,,0.5,m,25,"PHOSPHATE, TOTAL AS P",TPO4,0.023,,,0.023,,1,0.002,0.004,0.002,mg/L,3,N,A,P55314-9,,0,2,,,,,,25.0837,81.080581,WMD,E46077,WMD,WMD,WMD,2,BA,NO,4/12/12 10:52,32262009,4/16/12 13:23,SM4500PF,,00665,"Wind and seas calm, ebb tide",
FLAB25,FLAB,6/13/12,SAMP,MON,SA,G,,0.5,m,25,"PHOSPHATE, TOTAL AS P",TPO4,0.015,,,0.015,+/- 0.002,1,0.002,0.004,0.002,mg/L,3,N,A,P55929-1,,0,2,,,,,,25.0837,81.080581,WMD,E46077,WMD,WMD,WMD,2,BA,NO,6/13/12 16:02,33112001,7/2/12 13:05,SM4500PF,,00665,Calm conditions.  No chop.  Moderate flood tide.  No wind.,
FLAB25,FLAB,8/13/12,SAMP,MON,SA,G,,0.5,m,25,"PHOSPHATE, TOTAL AS P",TPO4,0.012,,,0.012,+/- 0.002,1,0.002,0.004,0.002,mg/L,3,N,A,P56205-1,,0,3,,,,,,25.0837,81.080581,WMD,E46077,WMD,WMD,WMD,2,BA,NO,8/14/12 10:15,33464001,8/23/12 8:57,SM4500PF,,00665,SE winds at 5-10 knots.  Light chop with 1-2 foor chop.  Flood tide.,
FLAB25,FLAB,10/11/12,SAMP,MON,SA,G,,0.5,m,25,"PHOSPHATE, TOTAL AS P",TPO4,0.013,,,0.013,+/- 0.002,1,0.002,0.004,0.002,mg/L,3,N,A,P56209-1,,0,2,,,,,,25.0837,81.080581,WMD,E46077,WMD,WMD,WMD,2,BA,NO,10/11/12 15:43,33468001,10/19/12 9:52,SM4500PF,,00665,NE breeze. 1-2 foot chop.  Flood tide.,
FLAB25,FLAB,12/10/12,SAMP,MON,SA,G,,0.5,m,25,"PHOSPHATE, TOTAL AS P",TPO4,0.016,,,0.016,,1,0.002,0.004,0.002,mg/L,3,N,A,P56856-1,,0,2,,,,,,25.0837,81.080581,WMD,E46077,WMD,WMD,WMD,2,BA,NO,12/11/12 10:39,34311001,12/14/12 9:03,SM4500PF,,00665,Wind out of the SE 5-7kts. Light wave action.,
FLAB25,FLAB,2/5/13,SAMP,MON,SA,G,,0.5,m,25,"PHOSPHATE, TOTAL AS P",TPO4,0.011,,,0.011,+/- 0.002,1,0.002,0.004,0.002,mg/L,3,N,A,P61818-1,,0,1,,,,,,25.0837,81.080581,WMD,E46077,WMD,WMD,WMD,2,BA,NO,2/6/13 9:38,39392001,2/7/13 10:21,SM4500PF,,00665,"Light wind out of the east, less than 5 kts. Less than 1 ft wave action.",
FLAB25,FLAB,4/18/13,SAMP,MON,SA,G,,0.5,m,25,"PHOSPHATE, TOTAL AS P",TPO4,0.016,,,0.016,+/- 0.002,1,0.002,0.004,0.002,mg/L,3,N,A,P61819-1,,0,4,,,,,,25.0837,81.080581,WMD,E46077,WMD,WMD,WMD,2,PD,NO,4/18/13 15:12,39393001,4/25/13 9:35,SM4500PF,,00665,ESE winds 10-15 kts. Waves 1.5-2 ft at 2 second period.,
FLAB25,FLAB,6/17/13,SAMP,MON,SA,G,,0.5,m,25,"PHOSPHATE, TOTAL AS P",TPO4,0.012,,,0.012,+/- 0.002,1,0.002,0.004,0.002,mg/L,3,N,A,P63880-1,,0,2,,,,,,25.0837,81.080581,WMD,E46077,WMD,WMD,WMD,2,PD,NO,6/18/13 10:47,40691001,6/20/13 10:17,SM4500PF,,00665,"1-2ft chop, wind southeast 10-15,",
FLAB25,FLAB,8/13/13,SAMP,MON,SA,G,,0.5,m,25,"PHOSPHATE, TOTAL AS P",TPO4,0.013,,,0.013,+/- 0.002,1,0.002,0.004,0.002,mg/L,3,N,A,P63881-1,,0,3,,,,,,25.0837,81.080581,WMD,E46077,WMD,WMD,WMD,2,PD,NO,8/13/13 16:32,40692001,8/20/13 9:42,SM4500PF,,00665,Light chop on surface. E wind 5-10 kt. Moderate current.,
FLAB25,FLAB,10/28/13,SAMP,MON,SA,G,,0.5,m,25,"PHOSPHATE, TOTAL AS P",TPO4,0.014,,,0.014,+/- 0.002,1,0.002,0.004,0.002,mg/L,3,N,A,P65941-1,,0,2,,,,,,25.0837,81.080581,WMD,E46077,WMD,WMD,WMD,2,PD,NO,10/29/13 7:37,42392001,10/30/13 9:32,SM4500PF,,00665,Moderate chop. E wind approx 15 kt. Moderate current.,
FLAB25,FLAB,12/11/13,SAMP,MON,SA,G,,0.5,m,25,"PHOSPHATE, TOTAL AS P",TPO4,0.012,,,0.012,+/- 0.002,1,0.002,0.004,0.002,mg/L,3,N,A,P68531-1,,0,2,,,,,,25.0837,81.080581,WMD,E46077,WMD,WMD,WMD,2,PD,NO,12/11/13 16:43,44202001,12/20/13 12:15,SM4500PF,,00665,"Moderate chop, E wind 10-15.",
FLAB25,FLAB,2/26/14,SAMP,MON,SA,G,,0.5,m,25,"PHOSPHATE, TOTAL AS P",TPO4,0.014,,,0.014,+/- 0.002,1,0.002,0.004,0.002,mg/L,3,N,A,P70123-1,,0,1,,,,,,25.0837,81.080581,WMD,E46077,WMD,WMD,WMD,2,PD,NO,2/26/14 15:34,45273001,3/4/14 10:02,SM4500PF,,00665,"Glassy smooth water. No noticeable wind, slight incoming tide.",
FLAB25,FLAB,4/7/14,SAMP,MON,SA,G,,0.5,m,25,"PHOSPHATE, TOTAL AS P",TPO4,0.013,,,0.013,+/- 0.002,1,0.002,0.004,0.002,mg/L,3,N,A,P70124-1,,0,1,,,,,,25.0837,81.080581,WMD,E46077,WMD,WMD,WMD,2,PD,NO,4/8/14 9:44,45274001,4/14/14 10:08,SM4500PF,,00665,"Moderate chop, 1 to 3 ft due to 15kt SE winds. Sample area contained floating vegetation.",
FLAB25,FLAB,6/9/14,SAMP,MON,SA,G,,0.5,m,25,"PHOSPHATE, TOTAL AS P",TPO4,0.013,,,0.013,+/- 0.002,1,0.002,0.004,0.002,mg/L,3,N,A,P71707-1,,0,2,,,,,,25.0837,81.080581,WMD,E46077,WMD,WMD,WMD,2,PD,NO,6/10/14 10:14,46555001,6/16/14 9:57,SM4500PF,,665,"Wind 0-5 kts from the South, <1ft chop, incoming tide.",
FLAB25,FLAB,8/5/14,SAMP,MON,SA,G,,0.5,m,25,"PHOSPHATE, TOTAL AS P",TPO4,0.019,,,0.019,+/- 0.002,1,0.002,0.004,0.002,mg/L,3,N,A,P72712-1,,0,2,,,,,,25.0837,81.080581,WMD,E46077,WMD,WMD,WMD,2,PD,NO,8/6/14 10:14,46928001,8/13/14 13:27,SM4500PF,,00665,"Calm conditions, SW winds less than 5 kts. Small amount of single piece turtle and manatee grasses on surface. Water is visibly cloudy, milky. Incoming tide.",
FLAB25,FLAB,10/20/14,SAMP,MON,SA,G,,0.5,m,25,"PHOSPHATE, TOTAL AS P",TPO4,0.015,,,0.015,+/- 0.002,1,0.002,0.004,0.002,mg/L,3,N,A,P74736-1,,0,4,,,,,,25.0837,81.080581,WMD,E46077,WMD,WMD,WMD,2,PD,NO,10/21/14 10:29,48700001,11/7/14 9:05,SM4500PF,,00665,"Incoming tide, light chop",
FLAB25,FLAB,12/17/14,SAMP,MON,SA,G,,0.5,m,25,"PHOSPHATE, TOTAL AS P",TPO4,0.012,,,0.012,+/- 0.002,1,0.002,0.004,0.002,mg/L,3,N,A,P74738-1,,0,1,,,,,,25.0837,81.080581,WMD,E46077,WMD,WMD,WMD,2,PD,NO,12/17/14 15:07,48702001,1/6/15 10:49,SM4500PF,,00665,"Incoming tide, NE wind 5-10, seas 1-2 feet. Small amount of floating vegetation pieces visible on water surface.",
FLAB25,FLAB,2/16/15,SAMP,MON,SA,G,,0.5,m,25,"PHOSPHATE, TOTAL AS P",TPO4,0.024,G,yes,0.024,+/- 0.002,1,0.002,0.004,0.002,mg/L,3,N,A,P74737-1,,0,2,,,,,,25.0837,81.080581,WMD,E46077,WMD,WMD,WMD,2,PD,NO,2/17/15 16:26,48701001,2/27/15 10:26,SM4500PF,,665,"Moderate chop, E wind 10-15","Analyte was detected at or above the method detection limit in both the sample and the associated field blank, equipment blank, or trip blank, and the blank value was greater than 10% of the associated sample value"
FLAB25,FLAB,4/13/15,SAMP,MON,SA,G,,0.5,m,25,"PHOSPHATE, TOTAL AS P",TPO4,0.011,,,0.011,+/- 0.002,1,0.002,0.004,0.002,mg/L,3,N,A,P75445-1,,0,2,,,,,,25.0837,81.080581,WMD,E46077,WMD,WMD,WMD,2,PD,NO,4/14/15 11:19,49159001,4/21/15 10:57,SM4500PF,,665,"SE wind 15-20, 2-3 ft chop with white caps",
FLAB25,FLAB,6/9/15,SAMP,MON,SA,G,,0.5,m,25,"PHOSPHATE, TOTAL AS P",TPO4,0.01,,,0.01,+/- 0.002,1,0.002,0.004,0.002,mg/L,3,N,A,P74739-1,,0,1,,,,,,25.0837,81.080581,WMD,E46077,WMD,WMD,WMD,2,PD,NO,6/10/15 10:00,48703001,6/18/15 12:46,SM4500PF,,00665,,
FLAB25,FLAB,8/25/15,SAMP,MON,SA,G,,0.5,m,25,"PHOSPHATE, TOTAL AS P",TPO4,0.013,,,0.013,+/- 0.002,1,0.002,0.004,0.002,mg/L,3,N,A,P78245-1,,0,2,,,,,,25.0837,81.080581,WMD,E46077,WMD,WMD,WMD,2,PD,NO,8/26/15 11:35,51480001,9/15/15 13:22,SM4500PF,,00665,"Calm seas, winds 0-5mph. High tide.",
FLAB25,FLAB,10/7/15,SAMP,MON,SA,G,,0.5,m,25,"PHOSPHATE, TOTAL AS P",TPO4,0.027,,,0.027,+/- 0.003,1,0.002,0.004,0.002,mg/L,3,N,A,P80870-1,,0,3,,,,,,25.0837,81.080581,WMD,E46077,WMD,WMD,WMD,2,PD,NO,10/7/15 14:57,53692001,10/12/15 14:58,SM4500PF,,00665,"1-2 seas, light west winds, light amount of loose vegetation floating on surface. Incoming tide.",
FLAB25,FLAB,1/21/16,SAMP,MON,SA,G,,0.5,m,25,"PHOSPHATE, TOTAL AS P",TPO4,0.018,,,0.018,+/- 0.002,1,0.002,0.004,0.002,mg/L,3,N,A,P82416-1,,0,2,,,,,,25.0837,81.080581,WMD,E46077,WMD,WMD,WMD,2,PD,NO,1/21/16 19:26,54965001,2/8/16 9:01,SM4500PF,,00665,"Slight chop, 1 ft or less. Winds 10-15.",
FLAB25,FLAB,2/16/16,SAMP,MON,SA,G,,0.5,m,25,"PHOSPHATE, TOTAL AS P",TPO4,0.013,,,0.013,+/- 0.002,1,0.002,0.004,0.002,mg/L,3,N,A,P82935-1,,0,4,,,,,,25.0837,81.080581,WMD,E46077,WMD,WMD,WMD,2,PD,NO,2/16/16 17:41,55400001,2/24/16 15:08,SM4500PF,,00665,"Overcast, west winds 5-10kts, seas 1-2ft, sample area clear.",
FLAB25,FLAB,4/14/16,SAMP,MON,SA,G,,0.5,m,25,"PHOSPHATE, TOTAL AS P",TPO4,0.012,,,0.012,+/- 0.002,1,0.002,0.004,0.002,mg/L,3,N,A,P83568-1,,0,1,,,,,,25.0837,81.080581,WMD,E46077,WMD,WMD,WMD,2,PD,NO,4/14/16 16:26,55991001,4/28/16 13:39,SM4500PF,,00665,Light winds out of the SE. Small rolling waves.,
FLAB25,FLAB,6/29/16,SAMP,MON,SA,G,,0.5,m,25,"PHOSPHATE, TOTAL AS P",TPO4,0.015,,,0.015,+/- 0.002,1,0.002,0.004,0.002,mg/L,3,N,A,P84316-1,,0,4,,,,,,25.0837,81.080581,WMD,E46077,WMD,WMD,WMD,2,PD,NO,6/29/16 15:53,56588001,7/7/16 15:49,SM4500PF,,00665,"1foot chop observed, wind east 10-15, some floating vegetation on surface, sample collected clear area,",
FLAB25,FLAB,8/25/16,SAMP,MON,SA,G,,0.5,m,25,"PHOSPHATE, TOTAL AS P",TPO4,0.023,,,0.023,+/- 0.002,1,0.002,0.004,0.002,mg/L,3,N,A,P84638-1,,0,3,,,,,,25.0837,81.080581,WMD,E46077,WMD,WMD,WMD,2,PD,NO,8/25/16 15:14,56878001,9/2/16 13:46,SM4500PF,,00665,"High tide, E winds 10kts, light chop, sample area clear.",
FLAB25,FLAB,10/24/16,SAMP,MON,SA,G,,0.5,m,25,"PHOSPHATE, TOTAL AS P",TPO4,0.018,,,0.018,+/- 0.002,1,0.002,0.004,0.002,mg/L,3,N,A,P86137-1,,0,3,,,,,,25.0837,81.080581,WMD,E46077,WMD,WMD,WMD,2,PD,NO,10/24/16 16:01,58226001,10/28/16 10:05,SM4500PF,,665,"NE winds 15kt, moderate chop, sample area clear otherwise.",
FLAB25,FLAB,12/21/16,SAMP,MON,SA,G,,0.5,m,25,"PHOSPHATE, TOTAL AS P",TPO4,0.011,,,0.011,+/- 0.002,1,0.002,0.004,0.002,mg/L,3,N,A,P86766-1,,0,1,,,,,,25.0837,81.080581,WMD,E46077,WMD,WMD,WMD,2,PD,NO,12/21/16 16:26,58611001,1/11/17 12:45,SM4500PF,,00665,"NE winds 10-15 kts, moderate chop, sample area clear.",
FLAB25,FLAB,2/20/17,SAMP,MON,SA,G,,0.5,m,25,"PHOSPHATE, TOTAL AS P",TPO4,0.013,,,0.013,+/- 0.002,1,0.002,0.004,0.002,mg/L,3,N,A,P87700-1,,0,2,,,,,,25.0837,81.080581,WMD,E46077,WMD,WMD,WMD,2,PD,NO,2/20/17 16:54,59456001,2/28/17 14:42,SM4500PF,,00665,"NE winds 10-15 kts, waters moderate chop, light amount of loose sea grass on surface.",
FLAB25,FLAB,4/20/17,SAMP,MON,SA,G,,0.5,m,25,"PHOSPHATE, TOTAL AS P",TPO4,0.016,,,0.016,+/- 0.002,1,0.002,0.004,0.002,mg/L,3,N,A,P87830-1,,0,5,,,,,,25.0837,81.080581,WMD,E46077,WMD,WMD,WMD,2,PD,NO,4/20/17 18:58,59588001,4/27/17 14:37,SM4500PF,,665,"Had 2-4 foot seas, moderate amount of loose sea grass floating on the surface, light rain with 15-20 knot east winds.  Sample collected by DA.",
FLAB25,FLAB,8/1/17,SAMP,MON,SA,G,,0.5,m,25,"PHOSPHATE, TOTAL AS P",TPO4,0.016,,,0.016,+/- 0.002,1,0.002,0.004,0.002,mg/L,3,N,A,P89179-1,,0,0,,,,,,25.0837,81.080581,WMD,E46077,WMD,WMD,WMD,2,PD,NO,8/1/17 16:07,60830001,8/3/17 14:34,SM4500PF,,665,"Seas 2-4ft, moderate to heavy chop, heavy amount of loose sea grass and sargassum floating on surface, SW winds 10kts.",
FLAB25,FLAB,10/12/17,SAMP,MON,SA,G,,0.5,m,25,"PHOSPHATE, TOTAL AS P",TPO4,0.046,,,0.046,+/- 0.004,1,0.002,0.004,0.002,mg/L,3,N,A,P88721-1,,0,0,,,,,,25.0837,81.080581,WMD,E46077,WMD,WMD,WMD,2,PD,NO,10/12/17 19:00,60388001,10/19/17 14:11,SM4500PF,,00665,,
FLAB25,FLAB,12/13/17,SAMP,MON,SA,G,,0.5,m,25,"PHOSPHATE, TOTAL AS P",TPO4,0.047,,,0.047,+/- 0.004,1,0.002,0.004,0.002,mg/L,3,N,A,P91159-1,,0,0,,,,,,25.0837,81.080581,WMD,E46077,WMD,WMD,WMD,2,PD,NO,12/13/17 16:37,62572001,12/20/17 13:50,SM4500PF,,00665,2-4 ft seas. Murky brown water.,
FLAB25,FLAB,2/28/18,SAMP,MON,SA,G,,0.5,m,25,"PHOSPHATE, TOTAL AS P",TPO4,0.037,,,0.037,+/- 0.003,1,0.002,0.004,0.002,mg/L,3,N,A,P92112-1,,0,0,,,,,,25.0837,81.080581,WMD,E46077,WMD,WMD,WMD,2,PD,NO,3/1/18 6:58,63445001,3/5/18 11:10,SM4500PF,,665,Moderate chop. Cloudy water.,
FLAB25,FLAB,4/10/18,SAMP,MON,SA,G,,0.5,m,25,"PHOSPHATE, TOTAL AS P",TPO4,0.021,,,0.021,+/- 0.002,1,0.002,0.004,0.002,mg/L,3,N,A,P92872-1,,0,0,,,,,,25.0837,81.080581,WMD,E46077,WMD,WMD,WMD,2,PD,NO,4/11/18 6:42,64061001,4/16/18 14:42,SM4500PF,,00665,1- ft seas. Green water. Light dead floating vegetation in area. Avoided during collection,
FLAB25,FLAB,6/7/18,SAMP,MON,SA,G,,0.5,m,25,"PHOSPHATE, TOTAL AS P",TPO4,0.021,,,0.021,+/- 0.002,1,0.002,0.004,0.002,mg/L,3,N,A,P93694-1,,0,0,,,,,,25.0837,81.080581,WMD,E46077,WMD,WMD,WMD,2,PD,NO,6/7/18 16:24,64892001,6/21/18 11:50,SM4500PF,,00665,,
FLAB25,FLAB,8/6/18,SAMP,MON,SA,G,,0.5,m,25,"PHOSPHATE, TOTAL AS P",TPO4,0.02,,,0.02,+/- 0.002,1,0.002,0.004,0.002,mg/L,3,N,A,P94931-1,,0,0,,,,,,25.0837,81.080581,WMD,E46077,WMD,WMD,WMD,2,PD,NO,8/6/18 16:31,65964001,8/15/18 13:03,SM4500PF,,00665,Light chop.,
FLAB25,FLAB,10/3/18,SAMP,MON,SA,G,,0.5,m,25,"PHOSPHATE, TOTAL AS P",TPO4,0.012,,,0.012,+/- 0.002,1,0.002,0.004,0.002,mg/L,3,N,A,P95251-1,,0,0,,,,,,25.0837,81.080581,WMD,E46077,WMD,WMD,WMD,2,PD,NO,10/3/18 16:28,66264001,10/19/18 9:39,SM4500PF,,665,suspended solids in water column,
FLAB25,FLAB,12/17/18,SAMP,MON,SA,G,,0.5,m,25,"PHOSPHATE, TOTAL AS P",TPO4,0.013,,,0.013,+/- 0.002,1,0.002,0.004,0.002,mg/L,3,N,A,P96720-1,,0,0,,,,,,25.0837,81.080581,WMD,E46077,WMD,WMD,WMD,2,BA,NO,12/18/18 8:19,67436001,12/19/18 13:12,SM4500PF,,00665,Moderately choppy in water column.,
FLAB25,FLAB,2/26/19,SAMP,MON,SA,G,,0.5,m,25,"PHOSPHATE, TOTAL AS P",TPO4,0.017,,,0.017,+/- 0.002,1,0.002,0.004,0.002,mg/L,3,N,A,P102448-2,,0,0,,,,,,25.0837,81.080581,WMD,E46077,WMD,WMD,WMD,2,BA,NO,2/27/19 8:00,69631002,2/28/19 14:25,SM4500PF,,665,,
FLAB25,FLAB,4/15/19,SAMP,MON,SA,G,,0.5,m,25,"PHOSPHATE, TOTAL AS P",TPO4,0.032,,,0.032,+/- 0.003,1,0.002,0.004,0.002,mg/L,3,N,A,P103834-2,,0,0,,,,,,25.0837,81.080581,WMD,E46077,WMD,WMD,WMD,2,BA,NO,4/15/19 17:17,70212002,4/23/19 13:29,SM4500PF,,00665,,
FLAB25,FLAB,6/11/19,SAMP,MON,SA,G,,0.5,m,25,"PHOSPHATE, TOTAL AS P",TPO4,0.018,,,0.018,+/- 0.002,1,0.002,0.004,0.002,mg/L,3,N,A,P106284-2,,0,0,,,,,,25.0837,81.080581,WMD,E46077,WMD,WMD,WMD,2,BA,NO,6/11/19 16:05,71256002,6/18/19 9:44,SM4500PF,,00665,,
FLAB25,FLAB,8/8/19,SAMP,MON,SA,G,,0.5,m,25,"PHOSPHATE, TOTAL AS P",TPO4,0.013,,,0.013,+/- 0.002,1,0.002,0.004,0.002,mg/L,3,N,A,P109207-2,,0,0,,,,,,25.0837,81.080581,WMD,E46077,WMD,WMD,WMD,2,BA,NO,8/9/19 8:38,72380002,8/14/19 12:15,SM4500PF,,00665,"Heavy suspended solids visible in top layer of water column, but not present in sample.",
FLAB25,FLAB,10/8/19,SAMP,MON,SA,G,,0.5,m,25,"PHOSPHATE, TOTAL AS P",TPO4,0.033,,,0.033,+/- 0.003,1,0.002,0.004,0.002,mg/L,3,N,A,P109898-2,,0,0,,,,,,25.0837,81.080581,WMD,E46077,WMD,WMD,WMD,2,BA,NO,10/8/19 16:32,72718002,10/14/19 11:55,SM4500PF,,665,,
FLAB25,FLAB,12/5/19,SAMP,MON,SA,G,,0.5,m,25,"PHOSPHATE, TOTAL AS P",TPO4,0.013,,,0.013,+/- 0.002,1,0.002,0.004,0.002,mg/L,3,N,A,P110697-2,,0,0,,,,,,25.0837,81.080581,WMD,E46077,WMD,WMD,WMD,2,BA,NO,12/6/19 9:11,73095002,12/10/19 14:52,SM4500PF,,00665,,
FLAB25,FLAB,2/3/20,SAMP,MON,SA,G,,0.5,m,25,"PHOSPHATE, TOTAL AS P",TPO4,0.014,,,0.014,+/- 0.002,1,0.002,0.004,0.002,mg/L,3,N,A,P110713-2,,0,0,,,,,,25.0837,81.080581,WMD,E46077,WMD,WMD,WMD,2,BA,NO,2/4/20 7:43,73108002,2/18/20 10:12,SM4500PF,,665,,
FLAB25,FLAB,4/1/20,SAMP,MON,SA,G,,0.5,m,25,"PHOSPHATE, TOTAL AS P",TPO4,0.034,,,0.034,+/- 0.003,1,0.002,0.004,0.002,mg/L,3,N,A,P110719-2,,0,0,,,,,,25.0837,81.080581,WMD,E46077,WMD,WMD,WMD,2,BA,NO,4/1/20 16:12,73114002,4/9/20 15:34,SM4500PF,,00665,Murky brown water.,
FLAB25,FLAB,6/1/20,SAMP,MON,SA,G,,0.5,m,25,"PHOSPHATE, TOTAL AS P",TPO4,0.014,,,0.014,+/- 0.002,1,0.002,0.004,0.002,mg/L,3,N,A,P111041-2,,0,0,,,,,,25.0837,81.080581,WMD,E46077,WMD,WMD,WMD,2,BA,NO,6/1/20 16:40,73264002,6/10/20 18:57,SM4500PF,,00665,,
FLAB25,FLAB,8/13/20,SAMP,MON,SA,G,,0.5,m,25,"PHOSPHATE, TOTAL AS P",TPO4,0.013,,,0.013,+/- 0.002,1,0.002,0.004,0.002,mg/L,3,N,A,P111104-2,,0,0,,,,,,25.0837,81.080581,WMD,E46077,WMD,WMD,WMD,2,BA,NO,8/14/20 8:30,73302002,8/24/20 13:48,SM4500PF,,00665,,
FLAB25,FLAB,10/12/20,SAMP,MON,SA,G,,0.5,m,25,"PHOSPHATE, TOTAL AS P",TPO4,0.035,,,0.035,+/- 0.003,1,0.002,0.004,0.002,mg/L,3,N,A,P118766-2,,0,0,,,,,,25.0837,81.080581,WMD,E46077,WMD,WMD,WMD,2,BA,NO,10/13/20 8:46,76829002,10/19/20 10:59,SM4500PF,,00665,Vegetative debris present in sampling area.,
FLAB25,FLAB,12/9/20,SAMP,MON,SA,G,,0.5,m,25,"PHOSPHATE, TOTAL AS P",TPO4,0.015,,,0.015,+/- 0.002,1,0.002,0.004,0.002,mg/L,3,N,A,P120347-2,,0,0,,,,,,25.0837,81.080581,WMD,E46077,WMD,WMD,WMD,2,BA,NO,12/10/20 8:58,77553002,12/14/20 13:38,SM4500PF,,00665,"Sample area clear, but water was very rough.  Light solids in sample.  Sample collected by CL.",
FLAB25,FLAB,1/7/21,SAMP,MON,SA,G,,0.5,m,25,"PHOSPHATE, TOTAL AS P",TPO4,0.01,,,0.01,+/- 0.002,1,0.002,0.004,0.002,mg/L,3,N,A,P121638-2,,0,0,,,,,,25.0837,81.080581,WMD,E46077,WMD,WMD,WMD,2,BA,NO,1/7/21 15:42,78139002,1/19/21 12:55,SM4500PF,,00665,Secchi on bottom,
FLAB25,FLAB,3/17/21,SAMP,MON,SA,G,,0.5,m,25,"PHOSPHATE, TOTAL AS P",TPO4,0.032,,,0.032,+/- 0.003,1,0.002,0.004,0.002,mg/L,3,N,A,P122507-2,,0,0,,,,,,25.0837,81.080581,WMD,E46077,WMD,WMD,WMD,2,BA,NO,3/18/21 7:15,78496002,3/25/21 9:19,SM4500PF,,00665,,
FLAB25,FLAB,5/24/21,SAMP,MON,SA,G,,0.5,m,25,"PHOSPHATE, TOTAL AS P",TPO4,0.022,,,0.022,+/- 0.002,1,0.002,0.004,0.002,mg/L,3,N,A,P122517-2,,0,0,,,,,,25.0837,81.080581,WMD,E46077,WMD,WMD,WMD,2,BA,NO,5/24/21 15:47,78500002,5/28/21 9:24,SM4500PF,,00665,,
FLAB25,FLAB,7/1/21,SAMP,MON,SA,G,,0.5,m,25,"PHOSPHATE, TOTAL AS P",TPO4,0.012,,,0.012,+/- 0.002,1,0.002,0.004,0.002,mg/L,3,N,A,P123928-2,,0,0,,,,,,25.0837,81.080581,WMD,E46077,WMD,WMD,WMD,2,BA,NO,7/2/21 8:46,79168002,7/13/21 12:57,SM4500PF,,00665,,
FLAB25,FLAB,10/13/21,SAMP,MON,SA,G,,0.5,m,25,"PHOSPHATE, TOTAL AS P",TPO4,0.015,,,0.015,+/- 0.002,1,0.002,0.004,0.002,mg/L,3,N,A,P125715-2,,0,0,,,,,,25.0837,81.080581,WMD,E46077,WMD,WMD,WMD,2,BA,NO,10/13/21 15:07,79972002,10/18/21 11:05,SM4500PF,,00665,,
FLAB25,FLAB,12/27/21,SAMP,MON,SA,G,,0.5,m,25,"PHOSPHATE, TOTAL AS P",TPO4,0.017,,,0.017,+/- 0.002,1,0.002,0.004,0.002,mg/L,3,N,A,P128145-2,,0,0,,,,,,25.0837,81.080581,WMD,E46077,WMD,WMD,WMD,2,BA,NO,12/28/21 8:06,81128002,1/10/22 13:43,SM4500PF,,00665,Sampling area clear of debris.,
FLAB25,FLAB,2/8/22,SAMP,MON,SA,G,,0.5,m,25,"PHOSPHATE, TOTAL AS P",TPO4,0.012,,,0.012,+/- 0.002,1,0.002,0.004,0.002,mg/L,3,N,A,P129938-2,,0,0,,,,,,25.0837,81.080581,WMD,E46077,WMD,WMD,WMD,2,BA,NO,2/9/22 8:51,81841002,2/15/22 10:13,SM4500PF,,00665,,
FLAB25,FLAB,4/7/22,SAMP,MON,SA,G,,0.5,m,25,"PHOSPHATE, TOTAL AS P",TPO4,0.019,,,0.019,+/- 0.002,1,0.002,0.004,0.002,mg/L,3,N,A,P132794-2,,0,0,,,,,,25.0837,81.080581,WMD,E46077,WMD,WMD,WMD,2,BA,NO,4/8/22 8:13,83110002,4/14/22 9:59,SM4500PF,,00665,,
FLAB25,FLAB,6/22/22,SAMP,MON,SA,G,,0.5,m,25,"PHOSPHATE, TOTAL AS P",TPO4,0.014,,,0.014,+/- 0.002,1,0.002,0.004,0.002,mg/L,3,N,A,P134124-2,,0,0,,,,,,25.0837,81.080581,WMD,E46077,WMD,WMD,WMD,2,BA,NO,6/23/22 9:09,83718002,6/28/22 9:57,SM4500PF,,00665,,
FLAB25,FLAB,10/20/22,SAMP,MON,SA,G,,0.5,m,25,"PHOSPHATE, TOTAL AS P",TPO4,0.014,,,0.014,+/- 0.002,1,0.002,0.004,0.002,mg/L,3,N,A,P136495-2,,0,0,,,,,,25.0837,81.080581,WMD,E46077,WMD,WMD,WMD,2,BA,NO,10/21/22 8:50,84867002,10/26/22 15:53,SM4500PF,,00665,"Water in sampling area appears cloudy, visible detritus in water column.",
FLAB25,FLAB,12/19/22,SAMP,MON,SA,G,,0.5,m,25,"PHOSPHATE, TOTAL AS P",TPO4,0.014,,,0.014,+/- 0.002,1,0.002,0.004,0.002,mg/L,3,N,A,P138520-2,,0,0,,,,,,25.0837,81.080581,WMD,E46077,WMD,WMD,WMD,2,BA,NO,12/20/22 8:22,85841002,12/28/22 14:22,SM4500PF,,00665,,
FLAB25,FLAB,1/30/23,SAMP,MON,SA,G,,0.5,m,25,"PHOSPHATE, TOTAL AS P",TPO4,0.012,,,0.012,+/- 0.002,1,0.002,0.004,0.002,mg/L,3,N,A,P139468-2,,0,0,,,,,,25.0837,81.080581,WMD,E46077,WMD,WMD,WMD,2,BA,NO,1/31/23 8:28,86300002,2/2/23 8:41,SM4500PF,,00665,,
FLAB25,FLAB,3/14/23,SAMP,MON,SA,G,,0.5,m,25,"PHOSPHATE, TOTAL AS P",TPO4,0.014,,,0.014,+/- 0.002,1,0.002,0.004,0.002,mg/L,3,N,A,P141269-2,,0,0,,,,,,25.0837,81.080581,WMD,E46077,WMD,WMD,WMD,2,BA,NO,3/15/23 8:13,87043002,3/20/23 9:33,SM4500PF,,00665,,
FLAB25,FLAB,9/27/23,SAMP,MON,SA,G,,0.5,m,25,"PHOSPHATE, TOTAL AS P",TPO4,0.016,,,0.016,+/- 0.002,1,0.002,0.004,0.002,mg/L,3,N,A,P146063-2,,0,0,,,,,,25.0837,81.080581,WMD,E46077,WMD,WMD,WMD,2,BA,NO,9/28/23 7:51,89093002,10/6/23 11:39,SM4500PF,,00665,,
FLAB25,FLAB,11/13/23,SAMP,MON,SA,G,,0.5,m,25,"PHOSPHATE, TOTAL AS P",TPO4,0.014,,,0.014,+/- 0.002,1,0.002,0.004,0.002,mg/L,3,N,A,P146064-2,,0,0,,,,,,25.0837,81.080581,WMD,E46077,WMD,WMD,WMD,2,BA,NO,11/14/23 8:28,89094002,11/16/23 10:00,SM4500PF,,00665,,
FLAB25,FLAB,1/8/24,SAMP,MON,SA,G,,0.5,m,25,"PHOSPHATE, TOTAL AS P",TPO4,0.012,,,0.012,+/- 0.002,1,0.002,0.004,0.002,mg/L,3,N,A,P148342-2,,0,0,,,,,,25.0837,81.080581,WMD,E46077,WMD,WMD,WMD,2,BA,NO,1/9/24 7:59,90199002,1/10/24 9:46,SM4500PF,,00665,,
FLAB25,FLAB,3/4/24,SAMP,MON,SA,G,,0.5,m,25,"PHOSPHATE, TOTAL AS P",TPO4,0.01,,,0.01,+/- 0.002,1,0.002,0.004,0.002,mg/L,3,N,A,P149299-2,,0,0,,,,,,25.0837,81.080581,WMD,E46077,WMD,WMD,WMD,2,BA,NO,3/5/24 7:49,90665002,3/8/24 14:31,SM 4500-P F-2011,,665,,
FLAB25,FLAB,5/13/24,SAMP,MON,SA,G,,0.5,m,25,"PHOSPHATE, TOTAL AS P",TPO4,0.017,,,0.017,+/- 0.002,1,0.002,0.004,0.002,mg/L,3,N,A,P150708-2,,0,0,,,,,,25.0837,81.080581,WMD,E46077,WMD,WMD,WMD,2,BA,NO,5/14/24 8:01,91357002,5/17/24 10:59,SM 4500-P F-2011,,00665,,
FLAB25,FLAB,7/15/24,SAMP,MON,SA,G,,0.5,m,25,"PHOSPHATE, TOTAL AS P",TPO4,0.016,,,0.016,+/- 0.002,1,0.002,0.004,0.002,mg/L,3,N,A,P152189-2,,0,0,,,,,,25.0837,81.080581,WMD,E46077,WMD,WMD,WMD,2,BA,NO,7/16/24 8:15,92109002,7/24/24 9:20,SM 4500-P F-2011,,665,,
FLAB25,FLAB,9/12/24,SAMP,MON,SA,G,,0.5,m,25,"PHOSPHATE, TOTAL AS P",TPO4,0.012,,,0.012,+/- 0.002,1,0.002,0.004,0.002,mg/L,3,N,A,P153175-2,,0,0,,,,,,25.0837,81.080581,WMD,E46077,WMD,WMD,WMD,2,BA,NO,9/13/24 8:11,92600002,9/18/24 11:21,SM 4500-P F-2011,,00665,,
FLAB25,FLAB,12/9/24,SAMP,MON,SA,G,,0.5,m,25,"PHOSPHATE, TOTAL AS P",TPO4,0.013,,,0.013,+/- 0.002,1,0.002,0.004,0.002,mg/L,3,N,A,P154028-2,,0,0,,,,,,25.0837,81.080581,WMD,E46077,WMD,WMD,WMD,2,BA,NO,12/10/24 8:14,93033002,12/20/24 10:29,SM 4500-P F-2011,,00665,,
FLAB25,FLAB,2/5/25,SAMP,MON,SA,G,,0.5,m,25,"PHOSPHATE, TOTAL AS P",TPO4,0.009,,,0.009,+/- 0.002,1,0.002,0.004,0.002,mg/L,3,N,A,P155969-2,,0,0,,,,,,25.0837,81.080581,WMD,E46077,WMD,WMD,WMD,2,BA,NO,2/6/25 8:46,93978002,2/10/25 14:14,SM 4500-P F-2011,,00665,,
FLAB25,FLAB,6/18/25,SAMP,MON,SA,G,,0.5,m,25,"PHOSPHATE, TOTAL AS P",TPO4,0.012,,,0.012,+/- 0.002,1,0.002,0.004,0.002,mg/L,3,N,A,P158028-2,,0,0,,,,,,25.0837,81.080581,WMD,E46077,WMD,WMD,WMD,2,BA,NO,6/19/25 8:34,95008002,6/23/25 13:47,SM 4500-P F-2011,,00665,,
FLAB25,FLAB,8/18/25,SAMP,MON,SA,G,,0.5,m,25,"PHOSPHATE, TOTAL AS P",TPO4,0.012,,,0.012,,1,0.002,0.004,0.002,mg/L,,N,P,P159659-2,,0,0,,,3.7,,,25.0837,-81.080581,,E46077,WMD,,,,BA,,8/19/25 8:35,95824002,8/25/25 12:46,SM 4500-P F-2011,,00665,,
FLAB25,FLAB,1/25/01,SAMP,MON,SA,G,,0.1,,80,TOTAL NITROGEN,TOTN,0.87,,,0.87,,,0.03,,,mg/L,2,N,A,FIU17798,,0,0,,,,,,25.0837,81.080581,,,FIU,FIU,,,,,,,,ANTEK,,00600,,
FLAB25,FLAB,2/21/01,SAMP,MON,SA,G,,0.1,,80,TOTAL NITROGEN,TOTN,0.59,,,0.59,,,0.03,,,mg/L,2,N,A,FIU17800,,0,0,,,,,,25.0837,81.080581,,,FIU,FIU,,,,,,,,ANTEK,,00600,,
FLAB25,FLAB,3/6/01,SAMP,MON,SA,G,,0.1,,80,TOTAL NITROGEN,TOTN,0.69,,,0.69,,,0.03,,,mg/L,2,N,A,FIU17802,,0,0,,,,,,25.0837,81.080581,,,FIU,FIU,,,,,,,,ANTEK,,00600,,
FLAB25,FLAB,4/3/01,SAMP,MON,SA,G,,0.1,,80,TOTAL NITROGEN,TOTN,0.2,,,0.2,,,0.03,,,mg/L,2,N,A,FIU17804,,0,0,,,,,,25.0837,81.080581,,,FIU,FIU,,,,,,,,ANTEK,,00600,,
FLAB25,FLAB,5/2/01,SAMP,MON,SA,G,,0.1,,80,TOTAL NITROGEN,TOTN,0.25,,,0.25,,,0.03,,,mg/L,2,N,A,FIU17806,,0,0,,,,,,25.0837,81.080581,,,FIU,FIU,,,,,,,,ANTEK,,00600,,
FLAB25,FLAB,6/5/01,SAMP,MON,SA,G,,0.1,,80,TOTAL NITROGEN,TOTN,0.12,,,0.12,,,0.03,,,mg/L,2,N,A,FIU110806,,0,0,,,,,,25.0837,81.080581,,,FIU,FIU,,,,,,,,ANTEK,,00600,,
FLAB25,FLAB,7/12/01,SAMP,MON,SA,G,,0.1,,80,TOTAL NITROGEN,TOTN,0.25,,,0.25,,,0.03,,,mg/L,2,N,A,FIU17808,,0,0,,,,,,25.0837,81.080581,,,FIU,FIU,,,,,,,,ANTEK,,00600,,
FLAB25,FLAB,8/14/01,SAMP,MON,SA,G,,0.1,,80,TOTAL NITROGEN,TOTN,0.14,,,0.14,,,0.03,,,mg/L,2,N,A,FIU17810,,0,0,,,,,,25.0837,81.080581,,,FIU,FIU,,,,,,,,ANTEK,,00600,,
FLAB25,FLAB,9/5/01,SAMP,MON,SA,G,,0.1,,80,TOTAL NITROGEN,TOTN,0.13,,,0.13,,,0.03,,,mg/L,2,N,A,FIU17812,,0,0,,,,,,25.0837,81.080581,,,FIU,FIU,,,,,,,,ANTEK,,00600,,
FLAB25,FLAB,10/23/01,SAMP,MON,SA,G,,0.1,,80,TOTAL NITROGEN,TOTN,0.17,,,0.17,,,0.05,,,mg/L,2,N,A,FIU110552,,0,0,,,,,,25.0837,81.080581,,,FIU,FIU,,,,,,128025,11/27/01 0:00,ANTEK,,00600,,
FLAB25,FLAB,11/8/01,SAMP,MON,SA,G,,0.1,,80,TOTAL NITROGEN,TOTN,0.16,,,0.16,,,0.05,,,mg/L,2,N,A,FIU110554,,0,0,,,,,,25.0837,81.080581,,,FIU,FIU,,,,,,129025,12/4/01 0:00,ANTEK,,00600,,
FLAB25,FLAB,12/3/01,SAMP,MON,SA,G,,0.1,,80,TOTAL NITROGEN,TOTN,0.37,,,0.37,,,0.05,,,mg/L,2,N,A,FIU110556,,0,0,,,,,,25.0837,81.080581,,,FIU,FIU,,,,,,130025,1/22/02 0:00,ANTEK,,00600,,
FLAB25,FLAB,1/29/02,SAMP,MON,SA,G,,0.1,,80,TOTAL NITROGEN,TOTN,0.27,,,0.27,,,0.05,,,mg/L,2,N,A,FIU113184,,0,0,,,,,,25.0837,81.080581,,,FIU,FIU,,,,,,131025,2/25/02 0:00,ANTEK,,00600,,
FLAB25,FLAB,2/20/02,SAMP,MON,SA,G,,0.1,,80,TOTAL NITROGEN,TOTN,0.21,Q,yes,0.21,,,0.05,,,mg/L,2,N,A,FIU113186,,0,0,,,,,,25.0837,81.080581,,,FIU,FIU,,,,CA,,132025,4/25/02 0:00,ANTEK,,00600,,OUT OF HOLDING TIME
FLAB25,FLAB,3/19/02,SAMP,MON,SA,G,,0.1,,80,TOTAL NITROGEN,TOTN,0.22,Q,yes,0.22,,,0.05,,,mg/L,2,N,A,FIU113188,,0,0,,,,,,25.0837,81.080581,,,FIU,FIU,,,,CA,,133025,5/2/02 0:00,ANTEK,,00600,,OUT OF HOLDING TIME
FLAB25,FLAB,4/9/02,SAMP,MON,SA,G,,0.1,,80,TOTAL NITROGEN,TOTN,0.16,Q,yes,0.16,,,0.05,,,mg/L,2,N,A,134025,,0,0,,,,,,25.0837,81.080581,,,FIU,FIU,,,,CA,,134025,5/14/02 0:00,ANTEK,,600,,HOLDING TIME EXCEEDED.
FLAB25,FLAB,5/15/02,SAMP,MON,SA,G,,0.1,,80,TOTAL NITROGEN,TOTN,0.34,Q,yes,0.34,,,0.05,,,mg/L,2,N,A,135025,,0,0,,,,,,25.0837,81.080581,,,FIU,FIU,,,,CA,,135025,7/15/02 12:01,ANTEK,,600,,HOLDING TIME EXCEEDED.
FLAB25,FLAB,6/4/02,SAMP,MON,SA,G,,0.1,,80,TOTAL NITROGEN,TOTN,0.33,Q,yes,0.33,,,0.05,,,mg/L,2,N,A,136025,,0,0,,,,,,25.0837,81.080581,,,FIU,FIU,,,,CA,,136025,8/5/02 12:01,ANTEK,,600,,HOLDING TIME EXCEEDED.
FLAB25,FLAB,7/11/02,SAMP,MON,SA,G,,0.1,,80,TOTAL NITROGEN,TOTN,0.12,Q,yes,0.12,,,0.05,0.21,,mg/L,2,N,A,137025,,0,0,,,,,,25.0837,81.080581,,,FIU,FIU,,,,CA,,137025,9/4/02 12:00,ANTEK,,600,,HOLDING TIME EXCEEDED
FLAB25,FLAB,8/19/02,SAMP,MON,SA,G,,0.1,,80,TOTAL NITROGEN,TOTN,0.61,,,0.61,,,0.05,0.21,,mg/L,2,N,A,138025,,0,0,,,,,,25.0837,81.080581,,,FIU,FIU,,,,,,138025,9/24/02 12:02,ANTEK,,00600,,HOLDING TIME EXCEEDED
FLAB25,FLAB,9/17/02,SAMP,MON,SA,G,,0.1,,80,TOTAL NITROGEN,TOTN,0.55,,,0.55,,,0.05,0.21,,mg/L,2,N,A,139025,,0,0,,,,,,25.0837,81.080581,,,FIU,FIU,,,,,,139025,11/5/02 12:18,ANTEK,,00600,,HOLDING TIME EXCEEDED
FLAB25,FLAB,10/17/02,SAMP,MON,SA,G,,0.1,,80,TOTAL NITROGEN,TOTN,0.33,Q,yes,0.33,,,0.05,0.21,,mg/L,2,N,A,140025,,0,0,,,,,,25.0837,81.080581,,,FIU,FIU,,,,CA,,140025,12/4/02 12:01,ANTEK,,00600,,HOLDING TIME EXCEEDED
FLAB25,FLAB,11/14/02,SAMP,MON,SA,G,,0.1,,80,TOTAL NITROGEN,TOTN,0.64,Q,yes,0.64,,,0.05,0.21,,mg/L,2,N,A,141025,,0,0,,,,,,25.0837,81.080581,,,FIU,FIU,,,,CA,,141025,3/10/03 12:00,ANTEK,,00600,,HOLDING TIME EXCEEDED
FLAB25,FLAB,12/11/02,SAMP,MON,SA,G,,0.1,,80,TOTAL NITROGEN,TOTN,0.23,Q,yes,0.23,,,0.05,0.21,,mg/L,2,N,A,142025,,0,0,,,,,,25.0837,81.080581,,,FIU,FIU,,,,CA,,142025,3/13/03 6:04,ANTEK,,00600,,HOLDING TIME EXCEEDED.
FLAB25,FLAB,1/28/03,SAMP,MON,SA,G,,0.1,,80,TOTAL NITROGEN,TOTN,0.15,Q,yes,0.15,,,0.05,0.21,,mg/L,2,N,A,143025,,0,0,,,,,,25.0837,81.080581,,,FIU,FIU,,,,CA,,143025,4/15/03 12:06,ANTEK,,00600,,HOLDING TIME EXCEEDED/SAMPLES ANALYZED OUT OF HOLDING TIME.
FLAB25,FLAB,2/25/03,SAMP,MON,SA,G,,0.1,,80,TOTAL NITROGEN,TOTN,0.15,Q,yes,0.15,,,0.05,0.21,,mg/L,2,N,A,144025,,0,0,,,,,,25.0837,81.080581,,,FIU,FIU,,,,CA,,144025,5/10/03 12:15,ANTEK,,00600,,"HOLDING TIME EXCEEDED	SAMPLES ANALYZED OUT OF HOLDING TIME."
FLAB25,FLAB,3/13/03,SAMP,MON,SA,G,,0.1,,80,TOTAL NITROGEN,TOTN,0.31,Q,yes,0.31,,,0.05,0.21,,mg/L,2,N,A,145025,,0,0,,,,,,25.0837,81.080581,,,FIU,FIU,,,,CA,,145025,7/1/03 20:29,ANTEK,,00600,,"HOLDING TIME EXCEEDED	SAMPLES ANALYZED OUT OF HOLDING TIME."
FLAB25,FLAB,4/9/03,SAMP,MON,SA,G,,0.1,,80,TOTAL NITROGEN,TOTN,0.28,Q,Q,0.28,,,0.05,0.21,,mg/L,2,N,A,146025,,0,0,,,,,,25.0837,81.080581,,,FIU,FIU,,,,,,146025,7/10/03 18:53,ANTEK,,600,,Holding time exceeded
FLAB25,FLAB,5/8/03,SAMP,MON,SA,G,,0.1,,80,TOTAL NITROGEN,TOTN,0.35,Q,Q,0.35,,,0.05,0.21,,mg/L,2,N,A,147025,,0,0,,,,,,25.0837,81.080581,,,FIU,FIU,,,,,,147025,8/14/03 17:09,ANTEK,,600,,Holding time exceeded
FLAB25,FLAB,6/10/03,SAMP,MON,SA,G,,0.1,,80,TOTAL NITROGEN,TOTN,0.24,Q,Q,0.24,,,0.05,0.21,,mg/L,2,N,A,148025,,0,0,,,,,,25.0837,81.080581,,,FIU,FIU,,,,,,148025,9/2/03 13:11,ANTEK,,600,,Holding time exceeded
FLAB25,FLAB,7/1/03,SAMP,MON,SA,G,,0.1,,80,TOTAL NITROGEN,TOTN,0.24,,,0.24,,,0.05,0.21,,mg/L,2,N,A,149025,,0,0,,,,,,25.0837,81.080581,,,FIU,FIU,,,,,,149025,9/9/03 19:23,ANTEK,,600,,
FLAB25,FLAB,8/25/03,SAMP,MON,SA,G,,0.1,,80,TOTAL NITROGEN,TOTN,0.27,,,0.27,,,0.05,0.21,,mg/L,2,N,A,150025,,0,0,,,,,,25.0837,81.080581,,,FIU,FIU,,,,,,150025,9/18/03 13:31,ANTEK,,600,,
FLAB25,FLAB,9/9/03,SAMP,MON,SA,G,,0.1,,80,TOTAL NITROGEN,TOTN,0.21,,,0.21,,,0.05,0.21,,mg/L,2,N,A,151025,,0,0,,,,,,25.0837,81.080581,,,FIU,FIU,,,,,,151025,9/19/03 11:52,ANTEK,,600,,
FLAB25,FLAB,10/15/03,SAMP,MON,SA,G,,0.1,,80,TOTAL NITROGEN,TOTN,0.37,,,0.37,,,0.05,0.21,,mg/L,2,N,A,152025,,0,0,,,,,,25.0837,81.080581,,,FIU,FIU,,,,,,152025,10/21/03 14:27,ANTEK,,600,,
FLAB25,FLAB,11/7/03,SAMP,MON,SA,G,,0.1,,80,TOTAL NITROGEN,TOTN,0.23,,,0.23,,,0.05,0.21,,mg/L,2,N,A,153025,,0,0,,,,,,25.0837,81.080581,,,FIU,FIU,,,,,,153025,11/19/03 9:34,ANTEK,,600,,
FLAB25,FLAB,12/3/03,SAMP,MON,SA,G,,0.1,,80,TOTAL NITROGEN,TOTN,0.4,,,0.4,,,0.05,0.21,,mg/L,2,N,A,154025,,0,0,,,,,,25.0837,81.080581,,,FIU,FIU,,,,,,154025,12/8/03 12:07,ANTEK,,600,,
FLAB25,FLAB,1/21/04,SAMP,MON,SA,G,,0.1,,80,TOTAL NITROGEN,TOTN,0.46,,,0.46,,,0.05,0.24,,mg/L,2,N,A,155025,,0,0,,,,,,25.0837,81.080581,,,FIU,FIU,,,,,,155025,1/28/04 9:21,ANTEK,,600,,
FLAB25,FLAB,2/24/04,SAMP,MON,SA,G,,0.1,,80,TOTAL NITROGEN,TOTN,0.47,,,0.47,,,0.05,0.24,,mg/L,2,N,A,156025,,0,0,,,,,,25.0837,81.080581,,,FIU,FIU,,,,,,156025,3/6/04 15:21,ANTEK,,600,,
FLAB25,FLAB,3/23/04,SAMP,MON,SA,G,,0.1,,80,TOTAL NITROGEN,TOTN,1.22,,,1.22,,,0.05,0.24,,mg/L,2,N,A,157025,,0,0,,,,,,25.0837,81.080581,,,FIU,FIU,,,,,,157025,4/13/04 10:01,ANTEK,,600,,
FLAB25,FLAB,4/21/04,SAMP,MON,SA,G,,0.1,,80,TOTAL NITROGEN,TOTN,0.63,,,0.63,,,0.05,0.24,,mg/L,2,N,A,158025,,0,0,,,,,,25.0837,81.080581,,,FIU,WMD,,,,,,158025,4/29/04 11:44,ANTEK,,600,,
FLAB25,FLAB,5/21/04,SAMP,MON,SA,G,,0.1,,80,TOTAL NITROGEN,TOTN,0.38,,,0.38,,,0.05,0.24,,mg/L,2,N,A,159025,,0,0,,,,,,25.0837,81.080581,,,FIU,FIU,,,,,,159025,6/17/04 14:44,ANTEK,,600,,
FLAB25,FLAB,6/28/04,SAMP,MON,SA,G,,0.1,,80,TOTAL NITROGEN,TOTN,0.27,,,0.27,,,0.05,0.24,,mg/L,2,N,A,160025,,0,0,,,,,,25.0837,81.080581,,,FIU,FIU,,,,,,160025,7/2/04 7:13,ANTEK,,600,,
FLAB25,FLAB,7/27/04,SAMP,MON,SA,G,,0.1,,80,TOTAL NITROGEN,TOTN,0.32,,,0.32,,,0.05,0.24,,mg/L,2,N,A,161025,,0,0,,,,,,25.0837,81.080581,,,FIU,FIU,,,,,,161025,7/30/04 12:30,ASTM D5176-91,,600,,
FLAB25,FLAB,8/24/04,SAMP,MON,SA,G,,0.1,,80,TOTAL NITROGEN,TOTN,0.2,I,,0.2,,,0.05,0.24,,mg/L,2,N,A,162025,,0,0,,,,,,25.0837,81.080581,,,FIU,FIU,,,,,,162025,9/9/04 14:07,ASTM D5176-91,,600,,
FLAB25,FLAB,9/28/04,SAMP,MON,SA,G,,0.1,,80,TOTAL NITROGEN,TOTN,0.43,,,0.43,,,0.05,0.24,,mg/L,2,N,A,163025,,0,0,,,,,,25.0837,81.080581,,,FIU,FIU,,,,,,163025,10/4/04 17:38,ASTM D5176-91,,600,,
FLAB25,FLAB,10/26/04,SAMP,MON,SA,G,,0.1,,80,TOTAL NITROGEN,TOTN,0.19,I,,0.19,,,0.05,0.24,,mg/L,2,N,A,164025,,0,0,,,,,,25.0837,81.080581,,,FIU,FIU,,,,,,164025,11/10/04 15:57,ASTM D5176-91,,600,,
FLAB25,FLAB,11/29/04,SAMP,MON,SA,G,,0.1,,80,TOTAL NITROGEN,TOTN,0.2,I,,0.2,,,0.05,0.24,,mg/L,2,N,A,165025,,0,0,,,,,,25.0837,81.080581,,,FIU,FIU,,,,,,165025,12/14/04 11:24,ASTM D5176-91,,600,,
FLAB25,FLAB,12/14/04,SAMP,MON,SA,G,,0.1,,80,TOTAL NITROGEN,TOTN,0.19,I,,0.19,,,0.05,0.24,,mg/L,2,N,A,166025,,0,0,,,,,,25.0837,81.080581,,,FIU,FIU,,,,,,166025,12/26/04 11:38,ASTM D5176-91,,600,,
FLAB25,FLAB,10/9/06,SAMP,MON,SA,G,,0,,80,TOTAL NITROGEN,TOTN,0.1906,"I,J",yes,0.19056,,1,0.02996,0.25,,mg/L,2,N,A,FB188FB025UA,,0,0,,,,,,25.0837,81.080581,FIU,E76930,FIU,WMD,WMD,2,BA,CA,,AB64827,10/13/06 23:00,ASTM D5176-91,,600,,Target analyte was found in EB;
FLAB25,FLAB,10/9/06,SAMP,MON,SA,G,,0,,80,TOTAL NITROGEN,TOTN,0.1783,"I,J",yes,0.17826,,1,0.02996,0.25,,mg/L,2,N,A,FB188FB025UB,,0,0,,,,,,25.0837,81.080581,FIU,E76930,FIU,WMD,WMD,2,BA,CA,,AB64828,10/13/06 23:00,ASTM D5176-91,,600,,Target analyte was found in EB;
FLAB25,FLAB,11/7/06,SAMP,MON,SA,G,,0,,80,TOTAL NITROGEN,TOTN,0.2771,J,yes,0.27712,,1,0.02996,0.25,,mg/L,2,N,A,FB189FB025UA,,0,0,,,,,,25.0837,81.080581,FIU,E76930,FIU,WMD,WMD,2,BA,CA,,AB70908,11/10/06 13:15,ASTM D5176-91,,600,,Target analyte was found in EB;
FLAB25,FLAB,11/7/06,SAMP,MON,SA,G,,0,,80,TOTAL NITROGEN,TOTN,0.3621,J,yes,0.36207,,1,0.02996,0.25,,mg/L,2,N,A,FB189FB025UB,,0,0,,,,,,25.0837,81.080581,FIU,E76930,FIU,WMD,WMD,2,BA,CA,,AB70909,11/10/06 13:15,ASTM D5176-91,,600,,Target analyte was found in EB;
FLAB25,FLAB,12/3/06,SAMP,MON,SA,G,,0,,80,TOTAL NITROGEN,TOTN,0.4634,,,0.46337,,1,0.02996,0.25,,mg/L,2,N,A,FB190FB025UA,,0,0,,,,,,25.0837,81.080581,FIU,E76930,FIU,WMD,WMD,2,BA,CA,,AB72228,12/6/06 2:53,ASTM D5176-91,,600,,
FLAB25,FLAB,12/3/06,SAMP,MON,SA,G,,0,,80,TOTAL NITROGEN,TOTN,0.2745,J,yes,0.27447,,1,0.02996,0.25,,mg/L,2,N,A,FB190FB025UB,,0,0,,,,,,25.0837,81.080581,FIU,E76930,FIU,WMD,WMD,2,BA,CA,,AB72229,12/6/06 2:53,ASTM D5176-91,,600,,Target analyte was found in EB;
FLAB25,FLAB,1/11/07,SAMP,MON,SA,G,,0,,80,TOTAL NITROGEN,TOTN,0.1839,"A,I,J",yes,0.18393,,1,0.02996,0.25,,mg/L,2,N,A,FB191FB025UA,,0,0,,,,,,25.0837,81.080581,FIU,E76930,FIU,WMD,WMD,2,BA,CA,,AB74884,1/18/07 9:38,ASTM D5176-91,,600,,Target analyte was found in EB;
FLAB25,FLAB,1/11/07,SAMP,MON,SA,G,,0,,80,TOTAL NITROGEN,TOTN,0.1834,"A,I,J",yes,0.18344,,1,0.02996,0.25,,mg/L,2,N,A,FB191FB025UB,,0,0,,,,,,25.0837,81.080581,FIU,E76930,FIU,WMD,WMD,2,BA,CA,,AB74885,1/18/07 9:38,ASTM D5176-91,,600,,Target analyte was found in EB;
FLAB25,FLAB,2/7/07,SAMP,MON,SA,G,,0,,80,TOTAL NITROGEN,TOTN,0.1579,"A,I,J",yes,0.15794,,1,0.02996,0.25,,mg/L,2,N,A,FB192FB025UA,,0,0,,,,,,25.0837,81.080581,FIU,E76930,FIU,WMD,WMD,2,BA,CA,,AB76782,2/10/07 9:09,ASTM D5176-91,,600,,Target analyte was found in EB;
FLAB25,FLAB,2/7/07,SAMP,MON,SA,G,,0,,80,TOTAL NITROGEN,TOTN,0.1673,"A,I,J",yes,0.16729,,1,0.02996,0.25,,mg/L,2,N,A,FB192FB025UB,,0,0,,,,,,25.0837,81.080581,FIU,E76930,FIU,WMD,WMD,2,BA,CA,,AB76783,2/10/07 9:09,ASTM D5176-91,,600,,Target analyte was found in EB;
FLAB25,FLAB,3/12/07,SAMP,MON,SA,G,,0,,80,TOTAL NITROGEN,TOTN,0.2378,"A,I,J",yes,0.23784,,1,0.02996,0.25,,mg/L,2,N,A,FB193FB025UB,,0,0,,,,,,25.0837,81.080581,FIU,E76930,FIU,WMD,WMD,2,BA,CA,,AB78033,3/19/07 9:46,ASTM D5176-91,,600,,Target analyte was found in EB;
FLAB25,FLAB,3/12/07,SAMP,MON,SA,G,,0,,80,TOTAL NITROGEN,TOTN,0.258,"A,J",yes,0.258,,1,0.02996,0.25,,mg/L,2,N,A,FB193FB025UA,,0,0,,,,,,25.0837,81.080581,FIU,E76930,FIU,WMD,WMD,2,BA,CA,,AB78032,3/19/07 9:46,ASTM D5176-91,,600,,Target analyte was found in EB;
FLAB25,FLAB,4/3/07,SAMP,MON,SA,G,,0,,80,TOTAL NITROGEN,TOTN,0.3708,J,yes,0.37084,,1,0.02996,0.25,,mg/L,2,N,A,FB194FB025UA,,0,0,,,,,,25.0837,81.080581,FIU,E76930,FIU,WMD,WMD,2,BA,CA,,AB79057,4/5/07 13:13,ASTM D5176-91,,600,,Target analyte was found in EB;
FLAB25,FLAB,4/3/07,SAMP,MON,SA,G,,0,,80,TOTAL NITROGEN,TOTN,0.3793,J,yes,0.37928,,1,0.02996,0.25,,mg/L,2,N,A,FB194FB025UB,,0,0,,,,,,25.0837,81.080581,FIU,E76930,FIU,WMD,WMD,2,BA,CA,,AB79058,4/5/07 13:13,ASTM D5176-91,,600,,Target analyte was found in EB;
FLAB25,FLAB,5/1/07,SAMP,MON,SA,G,,0,,80,TOTAL NITROGEN,TOTN,0.2107,"I,J",yes,0.21066,,1,0.02996,0.25,,mg/L,2,N,A,FB195FB025UB,,0,0,,,,,,25.0837,81.080581,FIU,E76930,FIU,WMD,WMD,2,BA,CA,,AB82119,5/9/07 10:39,ASTM D5176-91,,600,,Target analyte was found in EB;
FLAB25,FLAB,5/1/07,SAMP,MON,SA,G,,0,,80,TOTAL NITROGEN,TOTN,0.2322,I,,0.23219,,1,0.02996,0.25,,mg/L,2,N,A,FB195FB025UA,,0,0,,,,,,25.0837,81.080581,FIU,E76930,FIU,WMD,WMD,2,BA,CA,,AB82118,5/9/07 10:39,ASTM D5176-91,,600,,
FLAB25,FLAB,6/6/07,SAMP,MON,SA,G,,0,,80,TOTAL NITROGEN,TOTN,0.2767,"J5,J",yes,0.2767,,1,0.02996,0.25,,mg/L,2,N,A,FB196FB025UA,,0,0,,,,,,25.0837,81.080581,FIU,E76930,FIU,WMD,WMD,2,BA,CA,,AB84017,6/15/07 11:03,ASTM D5176-91,,600,,Target analyte was found in EB;Exceded Batch Size
FLAB25,FLAB,6/6/07,SAMP,MON,SA,G,,0,,80,TOTAL NITROGEN,TOTN,0.3613,"J5,J",yes,0.36133,,1,0.02996,0.25,,mg/L,2,N,A,FB196FB025UB,,0,0,,,,,,25.0837,81.080581,FIU,E76930,FIU,WMD,WMD,2,BA,CA,,AB84018,6/15/07 11:03,ASTM D5176-91,,600,,Target analyte was found in EB;Exceded Batch Size
FLAB25,FLAB,7/3/07,SAMP,MON,SA,G,,0,,80,TOTAL NITROGEN,TOTN,0.22,I,,0.22,,1,0.03,0.25,,mg/L,2,N,A,FB197FB025UA,,0,0,,,,,,25.0837,81.080581,FIU,E76930,FIU,WMD,WMD,2,BA,CA,,AB85596,7/9/07 14:41,ASTM D5176-91,,600,,
FLAB25,FLAB,7/3/07,SAMP,MON,SA,G,,0,,80,TOTAL NITROGEN,TOTN,0.22,I,,0.22,,1,0.03,0.25,,mg/L,2,N,A,FB197FB025UB,,0,0,,,,,,25.0837,81.080581,FIU,E76930,FIU,WMD,WMD,2,BA,CA,,AB85597,7/9/07 14:41,ASTM D5176-91,,600,,
FLAB25,FLAB,8/7/07,SAMP,MON,SA,G,,0,,80,TOTAL NITROGEN,TOTN,0.2,I,,0.2,,1,0.03,0.25,,mg/L,2,N,A,FB198FB025UB,,0,0,,,,,,25.0837,81.080581,FIU,E76930,FIU,WMD,WMD,2,BA,CA,,AB89054,8/12/07 10:39,ASTM D5176-91,,600,,
FLAB25,FLAB,8/7/07,SAMP,MON,SA,G,,0,,80,TOTAL NITROGEN,TOTN,0.22,I,,0.22,,1,0.03,0.25,,mg/L,2,N,A,FB198FB025UA,,0,0,,,,,,25.0837,81.080581,FIU,E76930,FIU,WMD,WMD,2,BA,CA,,AB89053,8/12/07 10:39,ASTM D5176-91,,600,,
FLAB25,FLAB,9/5/07,SAMP,MON,SA,G,,0,,80,TOTAL NITROGEN,TOTN,0.14,I,,0.14,,1,0.03,0.25,,mg/L,2,N,A,FB199FB025UB,,0,0,,,,,,25.0837,81.080581,FIU,E76930,FIU,WMD,WMD,2,BA,CA,,AB90725,9/12/07 12:16,ASTM D5176-91,,600,,
FLAB25,FLAB,9/5/07,SAMP,MON,SA,G,,0,,80,TOTAL NITROGEN,TOTN,0.16,I,,0.16,,1,0.03,0.25,,mg/L,2,N,A,FB199FB025UA,,0,0,,,,,,25.0837,81.080581,FIU,E76930,FIU,WMD,WMD,2,BA,CA,,AB90724,9/12/07 12:16,ASTM D5176-91,,600,,
FLAB25,FLAB,10/4/07,SAMP,MON,SA,G,,0,,80,TOTAL NITROGEN,TOTN,0.477,"A,Y,J",yes,0.47698,,1,0.02996,0.0035,,mg/L,2,N,A,FB200FB025,,0,0,,,,,,25.0837,81.080581,FIU,E76930,FIU,WMD,WMD,2,BA,CA,,AB92301,10/30/07 13:59,ASTM D5176-91,,600,,Target analyte was found in FB
FLAB25,FLAB,11/6/07,SAMP,MON,SA,G,,0,,80,TOTAL NITROGEN,TOTN,0.3546,"A,Y,J",yes,0.35458,,1,0.02996,0.0035,,mg/L,2,N,A,FB201FB025,,0,0,,,,,,25.0837,81.080581,FIU,E76930,FIU,WMD,WMD,2,BA,CA,,AB93895,11/26/07 14:59,ASTM D5176-91,,600,,Target analyte was found in FB
FLAB25,FLAB,12/7/07,SAMP,MON,SA,G,,0,,80,TOTAL NITROGEN,TOTN,0.1969,"A,Y",yes,0.19692,,1,0.02996,0.0035,,mg/L,2,N,A,FB202FB025,,0,0,,,,,,25.0837,81.080581,FIU,E76930,FIU,WMD,WMD,2,BA,CA,,AB94313,12/19/07 13:44,ASTM D5176-91,,600,,
FLAB25,FLAB,1/9/08,SAMP,MON,SA,G,,0,,80,TOTAL NITROGEN,TOTN,0.2823,J,yes,0.28229,,1,0.04998,0.25,,mg/L,2,N,A,FB203FB025,,0,0,,,,,,25.0837,81.080581,FIU,E76930,FIU,WMD,WMD,2,BA,CA,,AB95224,1/17/08 15:51,ASTM D5176-91,,600,,Target analyte was found in FB;
FLAB25,FLAB,2/8/08,SAMP,MON,SA,G,,0,,80,TOTAL NITROGEN,TOTN,0.5827,J,yes,0.58265,,1,0.04998,0.25,,mg/L,2,N,A,FB204FB025,,0,0,,,,,,25.0837,81.080581,FIU,E76930,FIU,WMD,WMD,2,BA,CA,,AB95739,2/18/08 11:45,ASTM D5176-91,,600,,Target analyte was found in FB;
FLAB25,FLAB,3/5/08,SAMP,MON,SA,G,,0,,80,TOTAL NITROGEN,TOTN,0.3027,J,yes,0.30269,,1,0.04998,0.25,,mg/L,2,N,A,FB205FB025,,0,0,,,,,,25.0837,81.080581,FIU,E76930,FIU,WMD,WMD,2,BA,CA,,AB95987,3/7/08 14:56,ASTM D5176-91,,600,,Target analyte was found in FB;
FLAB25,FLAB,4/2/08,SAMP,MON,SA,G,,0,,80,TOTAL NITROGEN,TOTN,0.2501,J,yes,0.25011,,1,0.04998,0.25,,mg/L,2,N,A,FB206FB025,,0,0,,,,,,25.0837,81.080581,FIU,E76930,FIU,WMD,WMD,2,BA,CA,4/2/08 12:50,AB96576,4/10/08 20:31,ASTM D5176-91,,600,,Target analyte was found in FB
FLAB25,FLAB,5/7/08,SAMP,MON,SA,G,,0,,80,TOTAL NITROGEN,TOTN,0.2659,J,yes,0.26591,,1,0.04998,0.25,,mg/L,2,N,A,FB207FB025,,0,0,,,,,,25.0837,81.080581,FIU,E76930,FIU,WMD,WMD,2,BA,CA,5/7/08 10:18,AB97320,5/12/08 20:37,ASTM D5176-91,,600,,Target analyte was found in FB;
FLAB25,FLAB,6/4/08,SAMP,MON,SA,G,,0,,80,TOTAL NITROGEN,TOTN,0.1657,"I,J",yes,0.16574,,1,0.04998,0.25,,mg/L,2,N,A,FB208FB025,,0,0,,,,,,25.0837,81.080581,FIU,E76930,FIU,WMD,WMD,2,BA,CA,6/4/08 10:56,AB97884,6/9/08 13:15,ASTM D5176-91,,600,,Target analyte was found in FB;
FLAB25,FLAB,8/5/14,SAMP,MON,SA,G,,0.5,m,80,TOTAL NITROGEN,TOTN,0.3,,,0.3,UNK,1,0.02,0.08,0.02,mg/L,2,N,A,P72712-1,,0,2,,,,,,25.0837,81.080581,WMD,E46077,WMD,WMD,WMD,2,PD,NO,8/6/14 10:14,46928001,8/12/14 15:46,SM4500NC,,97017,"Calm conditions, SW winds less than 5 kts. Small amount of single piece turtle and manatee grasses on surface. Water is visibly cloudy, milky. Incoming tide.",
FLAB25,FLAB,10/20/14,SAMP,MON,SA,G,,0.5,m,80,TOTAL NITROGEN,TOTN,0.32,,,0.32,UNK,1,0.02,0.08,0.02,mg/L,2,N,A,P74736-1,,0,4,,,,,,25.0837,81.080581,WMD,E46077,WMD,WMD,WMD,2,PD,NO,10/21/14 10:29,48700001,10/28/14 10:00,SM4500NC,,97017,"Incoming tide, light chop",
FLAB25,FLAB,12/17/14,SAMP,MON,SA,G,,0.5,m,80,TOTAL NITROGEN,TOTN,0.318,,,0.32,UNK,1,0.02,0.08,0.02,mg/L,2,N,A,P74738-1,,0,1,,,,,,25.0837,81.080581,WMD,E46077,WMD,WMD,WMD,2,PD,NO,12/17/14 15:07,48702001,12/31/14 8:31,SM4500NC,,97017,"Incoming tide, NE wind 5-10, seas 1-2 feet. Small amount of floating vegetation pieces visible on water surface.",
FLAB25,FLAB,2/16/15,SAMP,MON,SA,G,,0.5,m,80,TOTAL NITROGEN,TOTN,0.336,,,0.34,UNK,1,0.02,0.08,0.02,mg/L,2,N,A,P74737-1,,0,2,,,,,,25.0837,81.080581,WMD,E46077,WMD,WMD,WMD,2,PD,NO,2/17/15 16:26,48701001,2/24/15 10:58,SM4500NC,,97017,"Moderate chop, E wind 10-15",
FLAB25,FLAB,4/13/15,SAMP,MON,SA,G,,0.5,m,80,TOTAL NITROGEN,TOTN,0.299,,,0.3,+/- 0.030,1,0.02,0.08,0.02,mg/L,2,N,A,P75445-1,,0,2,,,,,,25.0837,81.080581,WMD,E46077,WMD,WMD,WMD,2,PD,NO,4/14/15 11:19,49159001,4/20/15 10:02,SM4500NC,,97017,"SE wind 15-20, 2-3 ft chop with white caps",
FLAB25,FLAB,6/9/15,SAMP,MON,SA,G,,0.5,m,80,TOTAL NITROGEN,TOTN,0.349,,,0.35,+/- 0.033,1,0.02,0.08,0.02,mg/L,2,N,A,P74739-1,,0,1,,,,,,25.0837,81.080581,WMD,E46077,WMD,WMD,WMD,2,PD,NO,6/10/15 10:00,48703001,6/15/15 11:54,SM4500NC,,97017,,
FLAB25,FLAB,8/25/15,SAMP,MON,SA,G,,0.5,m,80,TOTAL NITROGEN,TOTN,1.92,,,1.92,+/- 0.145,1,0.02,0.08,0.02,mg/L,2,N,A,P78245-1,,0,2,,,,,,25.0837,81.080581,WMD,E46077,WMD,WMD,WMD,2,PD,NO,8/26/15 11:35,51480001,9/2/15 11:46,SM4500NC,,97017,"Calm seas, winds 0-5mph. High tide.",
FLAB25,FLAB,10/7/15,SAMP,MON,SA,G,,0.5,m,80,TOTAL NITROGEN,TOTN,0.426,,,0.43,+/- 0.038,1,0.02,0.08,0.02,mg/L,2,N,A,P80870-1,,0,3,,,,,,25.0837,81.080581,WMD,E46077,WMD,WMD,WMD,2,PD,NO,10/7/15 14:57,53692001,10/9/15 11:00,SM4500NC,,97017,"1-2 seas, light west winds, light amount of loose vegetation floating on surface. Incoming tide.",
FLAB25,FLAB,1/21/16,SAMP,MON,SA,G,,0.5,m,80,TOTAL NITROGEN,TOTN,0.44,,,0.44,+/- 0.038,1,0.02,0.08,0.02,mg/L,2,N,A,P82416-1,,0,2,,,,,,25.0837,81.080581,WMD,E46077,WMD,WMD,WMD,2,PD,NO,1/21/16 19:26,54965001,1/28/16 13:13,SM4500NC,,97017,"Slight chop, 1 ft or less. Winds 10-15.",
FLAB25,FLAB,2/16/16,SAMP,MON,SA,G,,0.5,m,80,TOTAL NITROGEN,TOTN,0.358,,,0.36,+/- 0.033,1,0.02,0.08,0.02,mg/L,2,N,A,P82935-1,,0,4,,,,,,25.0837,81.080581,WMD,E46077,WMD,WMD,WMD,2,PD,NO,2/16/16 17:41,55400001,2/19/16 15:25,SM4500NC,,97017,"Overcast, west winds 5-10kts, seas 1-2ft, sample area clear.",
FLAB25,FLAB,4/14/16,SAMP,MON,SA,G,,0.5,m,80,TOTAL NITROGEN,TOTN,0.245,J,yes,0.24,+/- 0.027,1,0.02,0.08,0.02,mg/L,2,N,A,P83568-1,,0,1,,,,,,25.0837,81.080581,WMD,E46077,WMD,WMD,WMD,2,PD,NO,4/14/16 16:26,55991001,4/20/16 10:49,SM4500NC,,97017,Light winds out of the SE. Small rolling waves.,Precision or accuracy criteria not met
FLAB25,FLAB,6/29/16,SAMP,MON,SA,G,,0.5,m,80,TOTAL NITROGEN,TOTN,0.272,,,0.27,+/- 0.028,1,0.02,0.08,0.02,mg/L,2,N,A,P84316-1,,0,4,,,,,,25.0837,81.080581,WMD,E46077,WMD,WMD,WMD,2,PD,NO,6/29/16 15:53,56588001,7/5/16 10:47,SM4500NC,,97017,"1foot chop observed, wind east 10-15, some floating vegetation on surface, sample collected clear area,",
FLAB25,FLAB,8/25/16,SAMP,MON,SA,G,,0.5,m,80,TOTAL NITROGEN,TOTN,0.287,,,0.29,+/- 0.029,1,0.02,0.08,0.02,mg/L,2,N,A,P84638-1,,0,3,,,,,,25.0837,81.080581,WMD,E46077,WMD,WMD,WMD,2,PD,NO,8/25/16 15:14,56878001,9/2/16 9:46,SM4500NC,,97017,"High tide, E winds 10kts, light chop, sample area clear.",
FLAB25,FLAB,10/24/16,SAMP,MON,SA,G,,0.5,m,80,TOTAL NITROGEN,TOTN,0.358,,,0.36,+/- 0.033,1,0.02,0.08,0.02,mg/L,2,N,A,P86137-1,,0,3,,,,,,25.0837,81.080581,WMD,E46077,WMD,WMD,WMD,2,PD,NO,10/24/16 16:01,58226001,10/31/16 11:32,SM4500NC,,97017,"NE winds 15kt, moderate chop, sample area clear otherwise.",
FLAB25,FLAB,12/21/16,SAMP,MON,SA,G,,0.5,m,80,TOTAL NITROGEN,TOTN,0.254,,,0.25,+/- 0.028,1,0.02,0.08,0.02,mg/L,2,N,A,P86766-1,,0,1,,,,,,25.0837,81.080581,WMD,E46077,WMD,WMD,WMD,2,PD,NO,12/21/16 16:26,58611001,1/4/17 11:53,SM4500NC,,97017,"NE winds 10-15 kts, moderate chop, sample area clear.",
FLAB25,FLAB,2/20/17,SAMP,MON,SA,G,,0.5,m,80,TOTAL NITROGEN,TOTN,0.289,,,0.29,+/- 0.029,1,0.02,0.08,0.02,mg/L,2,N,A,P87700-1,,0,2,,,,,,25.0837,81.080581,WMD,E46077,WMD,WMD,WMD,2,PD,NO,2/20/17 16:54,59456001,2/23/17 13:12,SM4500NC,,97017,"NE winds 10-15 kts, waters moderate chop, light amount of loose sea grass on surface.",
FLAB25,FLAB,4/20/17,SAMP,MON,SA,G,,0.5,m,80,TOTAL NITROGEN,TOTN,0.378,,,0.38,+/- 0.035,1,0.02,0.08,0.02,mg/L,2,N,A,P87830-1,,0,5,,,,,,25.0837,81.080581,WMD,E46077,WMD,WMD,WMD,2,PD,NO,4/20/17 18:58,59588001,4/28/17 10:14,SM4500NC,,97017,"Had 2-4 foot seas, moderate amount of loose sea grass floating on the surface, light rain with 15-20 knot east winds.  Sample collected by DA.",
FLAB25,FLAB,8/1/17,SAMP,MON,SA,G,,0.5,m,80,TOTAL NITROGEN,TOTN,0.329,,,0.33,+/- 0.032,1,0.02,0.08,0.02,mg/L,2,N,A,P89179-1,,0,0,,,,,,25.0837,81.080581,WMD,E46077,WMD,WMD,WMD,2,PD,NO,8/1/17 16:07,60830001,8/15/17 9:22,SM4500NC,,97017,"Seas 2-4ft, moderate to heavy chop, heavy amount of loose sea grass and sargassum floating on surface, SW winds 10kts.",
FLAB25,FLAB,10/12/17,SAMP,MON,SA,G,,0.5,m,80,TOTAL NITROGEN,TOTN,0.909,,,0.91,+/- 0.071,1,0.02,0.08,0.02,mg/L,2,N,A,P88721-1,,0,0,,,,,,25.0837,81.080581,WMD,E46077,WMD,WMD,WMD,2,PD,NO,10/12/17 19:00,60388001,10/30/17 15:30,SM4500NC,,97017,,
FLAB25,FLAB,12/13/17,SAMP,MON,SA,G,,0.5,m,80,TOTAL NITROGEN,TOTN,0.501,,,0.5,+/- 0.042,1,0.02,0.08,0.02,mg/L,2,N,A,P91159-1,,0,0,,,,,,25.0837,81.080581,WMD,E46077,WMD,WMD,WMD,2,PD,NO,12/13/17 16:37,62572001,1/3/18 12:25,SM4500NC,,97017,2-4 ft seas. Murky brown water.,
FLAB25,FLAB,2/28/18,SAMP,MON,SA,G,,0.5,m,80,TOTAL NITROGEN,TOTN,0.702,,,0.7,+/- 0.056,1,0.02,0.08,0.02,mg/L,2,N,A,P92112-1,,0,0,,,,,,25.0837,81.080581,WMD,E46077,WMD,WMD,WMD,2,PD,NO,3/1/18 6:58,63445001,3/14/18 11:35,SM4500NC,,97017,Moderate chop. Cloudy water.,
FLAB25,FLAB,4/10/18,SAMP,MON,SA,G,,0.5,m,80,TOTAL NITROGEN,TOTN,0.516,,,0.52,+/- 0.044,1,0.02,0.08,0.02,mg/L,2,N,A,P92872-1,,0,0,,,,,,25.0837,81.080581,WMD,E46077,WMD,WMD,WMD,2,PD,NO,4/11/18 6:42,64061001,4/25/18 12:38,SM4500NC,,97017,1- ft seas. Green water. Light dead floating vegetation in area. Avoided during collection,
FLAB25,FLAB,6/7/18,SAMP,MON,SA,G,,0.5,m,80,TOTAL NITROGEN,TOTN,0.319,,,0.32,+/- 0.031,1,0.02,0.08,0.02,mg/L,2,N,A,P93694-1,,0,0,,,,,,25.0837,81.080581,WMD,E46077,WMD,WMD,WMD,2,PD,NO,6/7/18 16:24,64892001,6/14/18 9:19,SM4500NC,,97017,,
FLAB25,FLAB,8/6/18,SAMP,MON,SA,G,,0.5,m,80,TOTAL NITROGEN,TOTN,0.356,,,0.36,+/- 0.033,1,0.02,0.08,0.02,mg/L,2,N,A,P94931-1,,0,0,,,,,,25.0837,81.080581,WMD,E46077,WMD,WMD,WMD,2,PD,NO,8/6/18 16:31,65964001,8/9/18 11:02,SM4500NC,,97017,Light chop.,
FLAB25,FLAB,10/3/18,SAMP,MON,SA,G,,0.5,m,80,TOTAL NITROGEN,TOTN,0.268,,,0.27,+/- 0.028,1,0.02,0.08,0.02,mg/L,2,N,A,P95251-1,,0,0,,,,,,25.0837,81.080581,WMD,E46077,WMD,WMD,WMD,2,PD,NO,10/3/18 16:28,66264001,10/9/18 10:00,SM4500NC,,97017,suspended solids in water column,
FLAB25,FLAB,12/17/18,SAMP,MON,SA,G,,0.5,m,80,TOTAL NITROGEN,TOTN,0.354,,,0.35,+/- 0.033,1,0.02,0.08,0.02,mg/L,2,N,A,P96720-1,,0,0,,,,,,25.0837,81.080581,WMD,E46077,WMD,WMD,WMD,2,BA,NO,12/18/18 8:19,67436001,1/8/19 8:55,SM4500NC,,97017,Moderately choppy in water column.,
FLAB25,FLAB,2/26/19,SAMP,MON,SA,G,,0.5,m,80,TOTAL NITROGEN,TOTN,0.441,,,0.44,+/- 0.039,1,0.02,0.08,0.02,mg/L,2,N,A,P102448-2,,0,0,,,,,,25.0837,81.080581,WMD,E46077,WMD,WMD,WMD,2,BA,NO,2/27/19 8:00,69631002,3/8/19 10:48,SM4500NC,,97017,,
FLAB25,FLAB,4/15/19,SAMP,MON,SA,G,,0.5,m,80,TOTAL NITROGEN,TOTN,0.523,,,0.52,+/- 0.044,1,0.02,0.08,0.02,mg/L,2,N,A,P103834-2,,0,0,,,,,,25.0837,81.080581,WMD,E46077,WMD,WMD,WMD,2,BA,NO,4/15/19 17:17,70212002,4/18/19 11:38,SM4500NC,,97017,,
FLAB25,FLAB,6/11/19,SAMP,MON,SA,G,,0.5,m,80,TOTAL NITROGEN,TOTN,0.403,,,0.4,+/- 0.058,1,0.05,0.1,0.05,mg/L,2,N,A,P106284-2,,0,0,,,,,,25.0837,81.080581,WMD,E46077,WMD,WMD,WMD,2,BA,NO,6/11/19 16:05,71256002,6/28/19 12:03,SM4500NC,,97017,,
FLAB25,FLAB,8/8/19,SAMP,MON,SA,G,,0.5,m,80,TOTAL NITROGEN,TOTN,0.287,,,0.29,+/- 0.054,1,0.05,0.1,0.05,mg/L,2,N,A,P109207-2,,0,0,,,,,,25.0837,81.080581,WMD,E46077,WMD,WMD,WMD,2,BA,NO,8/9/19 8:38,72380002,8/16/19 10:23,SM4500NC,,97017,"Heavy suspended solids visible in top layer of water column, but not present in sample.",
FLAB25,FLAB,10/8/19,SAMP,MON,SA,G,,0.5,m,80,TOTAL NITROGEN,TOTN,0.589,,,0.59,+/- 0.067,1,0.05,0.1,0.05,mg/L,2,N,A,P109898-2,,0,0,,,,,,25.0837,81.080581,WMD,E46077,WMD,WMD,WMD,2,BA,NO,10/8/19 16:32,72718002,10/24/19 9:08,SM4500NC,,97017,,
FLAB25,FLAB,12/5/19,SAMP,MON,SA,G,,0.5,m,80,TOTAL NITROGEN,TOTN,0.292,,,0.29,+/- 0.054,1,0.05,0.1,0.05,mg/L,2,N,A,P110697-2,,0,0,,,,,,25.0837,81.080581,WMD,E46077,WMD,WMD,WMD,2,BA,NO,12/6/19 9:11,73095002,12/13/19 8:55,SM4500NC,,97017,,
FLAB25,FLAB,2/3/20,SAMP,MON,SA,G,,0.5,m,80,TOTAL NITROGEN,TOTN,0.351,,,0.35,+/- 0.056,1,0.05,0.1,0.05,mg/L,2,N,A,P110713-2,,0,0,,,,,,25.0837,81.080581,WMD,E46077,WMD,WMD,WMD,2,BA,NO,2/4/20 7:43,73108002,2/6/20 11:11,SM4500NC,,97017,,
FLAB25,FLAB,4/1/20,SAMP,MON,SA,G,,0.5,m,80,TOTAL NITROGEN,TOTN,0.437,,,0.44,+/- 0.060,1,0.05,0.1,0.05,mg/L,2,N,A,P110719-2,,0,0,,,,,,25.0837,81.080581,WMD,E46077,WMD,WMD,WMD,2,BA,NO,4/1/20 16:12,73114002,4/3/20 15:06,SM4500NC,,97017,Murky brown water.,
FLAB25,FLAB,6/1/20,SAMP,MON,SA,G,,0.5,m,80,TOTAL NITROGEN,TOTN,0.309,,,0.31,+/- 0.055,1,0.05,0.1,0.05,mg/L,2,N,A,P111041-2,,0,0,,,,,,25.0837,81.080581,WMD,E46077,WMD,WMD,WMD,2,BA,NO,6/1/20 16:40,73264002,6/6/20 11:24,SM4500NC,,97017,,
FLAB25,FLAB,8/13/20,SAMP,MON,SA,G,,0.5,m,80,TOTAL NITROGEN,TOTN,0.329,,,0.33,+/- 0.056,1,0.05,0.1,0.05,mg/L,2,N,A,P111104-2,,0,0,,,,,,25.0837,81.080581,WMD,E46077,WMD,WMD,WMD,2,BA,NO,8/14/20 8:30,73302002,8/22/20 9:34,SM4500NC,,97017,,
FLAB25,FLAB,10/12/20,SAMP,MON,SA,G,,0.5,m,80,TOTAL NITROGEN,TOTN,0.789,,,0.79,+/- 0.077,1,0.05,0.1,0.05,mg/L,2,N,A,P118766-2,,0,0,,,,,,25.0837,81.080581,WMD,E46077,WMD,WMD,WMD,2,BA,NO,10/13/20 8:46,76829002,10/28/20 10:46,SM4500NC,,97017,Vegetative debris present in sampling area.,
FLAB25,FLAB,12/9/20,SAMP,MON,SA,G,,0.5,m,80,TOTAL NITROGEN,TOTN,0.371,,,0.37,+/- 0.057,1,0.05,0.1,0.05,mg/L,2,N,A,P120347-2,,0,0,,,,,,25.0837,81.080581,WMD,E46077,WMD,WMD,WMD,2,BA,NO,12/10/20 8:58,77553002,12/16/20 10:13,SM4500NC,,97017,"Sample area clear, but water was very rough.  Light solids in sample.  Sample collected by CL.",
FLAB25,FLAB,1/7/21,SAMP,MON,SA,G,,0.5,m,80,TOTAL NITROGEN,TOTN,0.292,,,0.29,+/- 0.054,1,0.05,0.1,0.05,mg/L,2,N,A,P121638-2,,0,0,,,,,,25.0837,81.080581,WMD,E46077,WMD,WMD,WMD,2,BA,NO,1/7/21 15:42,78139002,1/15/21 12:07,SM4500NC,,97017,Secchi on bottom,
FLAB25,FLAB,3/17/21,SAMP,MON,SA,G,,0.5,m,80,TOTAL NITROGEN,TOTN,0.329,,,0.33,+/- 0.056,1,0.05,0.1,0.05,mg/L,2,N,A,P122507-2,,0,0,,,,,,25.0837,81.080581,WMD,E46077,WMD,WMD,WMD,2,BA,NO,3/18/21 7:15,78496002,3/19/21 11:52,SM4500NC,,97017,,
FLAB25,FLAB,5/24/21,SAMP,MON,SA,G,,0.5,m,80,TOTAL NITROGEN,TOTN,0.799,,,0.8,+/- 0.078,1,0.05,0.1,0.05,mg/L,2,N,A,P122517-2,,0,0,,,,,,25.0837,81.080581,WMD,E46077,WMD,WMD,WMD,2,BA,NO,5/24/21 15:47,78500002,5/28/21 12:10,SM4500NC,,97017,,
FLAB25,FLAB,7/1/21,SAMP,MON,SA,G,,0.5,m,80,TOTAL NITROGEN,TOTN,0.289,,,0.29,+/- 0.054,1,0.05,0.1,0.05,mg/L,2,N,A,P123928-2,,0,0,,,,,,25.0837,81.080581,WMD,E46077,WMD,WMD,WMD,2,BA,NO,7/2/21 8:46,79168002,7/8/21 8:37,SM4500NC,,97017,,
FLAB25,FLAB,10/13/21,SAMP,MON,SA,G,,0.5,m,80,TOTAL NITROGEN,TOTN,0.272,,,0.27,+/- 0.054,1,0.05,0.1,0.05,mg/L,2,N,A,P125715-2,,0,0,,,,,,25.0837,81.080581,WMD,E46077,WMD,WMD,WMD,2,BA,NO,10/13/21 15:07,79972002,10/22/21 14:42,SM4500NC,,97017,,
FLAB25,FLAB,12/27/21,SAMP,MON,SA,G,,0.5,m,80,TOTAL NITROGEN,TOTN,0.296,,,0.3,+/- 0.055,1,0.05,0.1,0.05,mg/L,2,N,A,P128145-2,,0,0,,,,,,25.0837,81.080581,WMD,E46077,WMD,WMD,WMD,2,BA,NO,12/28/21 8:06,81128002,1/14/22 9:34,SM4500NC,,97017,Sampling area clear of debris.,
FLAB25,FLAB,2/8/22,SAMP,MON,SA,G,,0.5,m,80,TOTAL NITROGEN,TOTN,0.327,,,0.33,+/- 0.056,1,0.05,0.1,0.05,mg/L,2,N,A,P129938-2,,0,0,,,,,,25.0837,81.080581,WMD,E46077,WMD,WMD,WMD,2,BA,NO,2/9/22 8:51,81841002,2/11/22 10:54,SM4500NC,,97017,,
FLAB25,FLAB,4/7/22,SAMP,MON,SA,G,,0.5,m,80,TOTAL NITROGEN,TOTN,0.319,,,0.32,+/- 0.055,1,0.05,0.1,0.05,mg/L,2,N,A,P132794-2,,0,0,,,,,,25.0837,81.080581,WMD,E46077,WMD,WMD,WMD,2,BA,NO,4/8/22 8:13,83110002,4/13/22 10:32,SM4500NC,,97017,,
FLAB25,FLAB,6/22/22,SAMP,MON,SA,G,,0.5,m,80,TOTAL NITROGEN,TOTN,0.254,,,0.25,+/- 0.054,1,0.05,0.1,0.05,mg/L,2,N,A,P134124-2,,0,0,,,,,,25.0837,81.080581,WMD,E46077,WMD,WMD,WMD,2,BA,NO,6/23/22 9:09,83718002,6/24/22 11:27,SM4500NC,,97017,,
FLAB25,FLAB,10/20/22,SAMP,MON,SA,G,,0.5,m,80,TOTAL NITROGEN,TOTN,0.281,J,yes,0.28,,1,0.05,0.1,0.05,mg/L,2,N,A,P136495-2,,0,0,,,,,,25.0837,81.080581,WMD,E46077,WMD,WMD,WMD,2,BA,NO,10/21/22 8:50,84867002,11/16/22 10:30,SM4500NC,,97017,"Water in sampling area appears cloudy, visible detritus in water column.",MS was outside of QA limits.  CCJ 11/30/22; Precision or accuracy criteria not met
FLAB25,FLAB,12/19/22,SAMP,MON,SA,G,,0.5,m,80,TOTAL NITROGEN,TOTN,0.312,,,0.31,+/- 0.055,1,0.05,0.1,0.05,mg/L,2,N,A,P138520-2,,0,0,,,,,,25.0837,81.080581,WMD,E46077,WMD,WMD,WMD,2,BA,NO,12/20/22 8:22,85841002,12/28/22 17:20,SM4500NC,,97017,,
FLAB25,FLAB,1/30/23,SAMP,MON,SA,G,,0.5,m,80,TOTAL NITROGEN,TOTN,0.258,,,0.26,+/- 0.054,1,0.05,0.1,0.05,mg/L,2,N,A,P139468-2,,0,0,,,,,,25.0837,81.080581,WMD,E46077,WMD,WMD,WMD,2,BA,NO,1/31/23 8:28,86300002,2/2/23 9:32,SM4500NC,,97017,,
FLAB25,FLAB,3/14/23,SAMP,MON,SA,G,,0.5,m,80,TOTAL NITROGEN,TOTN,0.212,,,0.21,+/- 0.052,1,0.05,0.1,0.05,mg/L,2,N,A,P141269-2,,0,0,,,,,,25.0837,81.080581,WMD,E46077,WMD,WMD,WMD,2,BA,NO,3/15/23 8:13,87043002,3/16/23 11:49,SM4500NC,,97017,,
FLAB25,FLAB,9/27/23,SAMP,MON,SA,G,,0.5,m,80,TOTAL NITROGEN,TOTN,0.321,,,0.32,+/- 0.055,1,0.05,0.1,0.05,mg/L,2,N,A,P146063-2,,0,0,,,,,,25.0837,81.080581,WMD,E46077,WMD,WMD,WMD,2,BA,NO,9/28/23 7:51,89093002,9/29/23 14:12,SM4500NC,,97017,,
FLAB25,FLAB,11/13/23,SAMP,MON,SA,G,,0.5,m,80,TOTAL NITROGEN,TOTN,0.34,,,0.34,+/- 0.056,1,0.05,0.1,0.05,mg/L,2,N,A,P146064-2,,0,0,,,,,,25.0837,81.080581,WMD,E46077,WMD,WMD,WMD,2,BA,NO,11/14/23 8:28,89094002,11/17/23 11:27,SM4500NC,,97017,,
FLAB25,FLAB,1/8/24,SAMP,MON,SA,G,,0.5,m,80,TOTAL NITROGEN,TOTN,0.336,,,0.34,+/- 0.056,1,0.05,0.1,0.05,mg/L,2,N,A,P148342-2,,0,0,,,,,,25.0837,81.080581,WMD,E46077,WMD,WMD,WMD,2,BA,NO,1/9/24 7:59,90199002,1/11/24 10:00,SM4500NC,,97017,,
FLAB25,FLAB,3/4/24,SAMP,MON,SA,G,,0.5,m,80,TOTAL NITROGEN,TOTN,0.34,,,0.34,+/- 0.056,1,0.05,0.1,0.05,mg/L,2,N,A,P149299-2,,0,0,,,,,,25.0837,81.080581,WMD,E46077,WMD,WMD,WMD,2,BA,NO,3/5/24 7:49,90665002,3/13/24 11:09,SM 4500-N C,,97017,,
FLAB25,FLAB,5/13/24,SAMP,MON,SA,G,,0.5,m,80,TOTAL NITROGEN,TOTN,0.554,,,0.55,+/- 0.065,1,0.05,0.1,0.05,mg/L,2,N,A,P150708-2,,0,0,,,,,,25.0837,81.080581,WMD,E46077,WMD,WMD,WMD,2,BA,NO,5/14/24 8:01,91357002,5/15/24 11:05,SM 4500-N C,,97017,,
FLAB25,FLAB,7/15/24,SAMP,MON,SA,G,,0.5,m,80,TOTAL NITROGEN,TOTN,0.351,,,0.35,+/- 0.056,1,0.05,0.1,0.05,mg/L,2,N,A,P152189-2,,0,0,,,,,,25.0837,81.080581,WMD,E46077,WMD,WMD,WMD,2,BA,NO,7/16/24 8:15,92109002,7/18/24 11:34,SM 4500-N C,,97017,,
FLAB25,FLAB,9/12/24,SAMP,MON,SA,G,,0.5,m,80,TOTAL NITROGEN,TOTN,0.271,,,0.27,+/- 0.054,1,0.05,0.1,0.05,mg/L,2,N,A,P153175-2,,0,0,,,,,,25.0837,81.080581,WMD,E46077,WMD,WMD,WMD,2,BA,NO,9/13/24 8:11,92600002,9/24/24 12:36,SM 4500-N C,,97017,,
FLAB25,FLAB,12/9/24,SAMP,MON,SA,G,,0.5,m,80,TOTAL NITROGEN,TOTN,0.389,,,0.39,+/- 0.058,1,0.05,0.1,0.05,mg/L,2,N,A,P154028-2,,0,0,,,,,,25.0837,81.080581,WMD,E46077,WMD,WMD,WMD,2,BA,NO,12/10/24 8:14,93033002,12/20/24 11:44,SM 4500-N C,,97017,,
FLAB25,FLAB,2/5/25,SAMP,MON,SA,G,,0.5,m,80,TOTAL NITROGEN,TOTN,0.238,,,0.24,+/- 0.053,1,0.05,0.1,0.05,mg/L,2,N,A,P155969-2,,0,0,,,,,,25.0837,81.080581,WMD,E46077,WMD,WMD,WMD,2,BA,NO,2/6/25 8:46,93978002,2/11/25 11:54,SM 4500-N C,,97017,,
FLAB25,FLAB,6/18/25,SAMP,MON,SA,G,,0.5,m,80,TOTAL NITROGEN,TOTN,0.225,,,0.22,+/- 0.053,1,0.05,0.1,0.05,mg/L,2,N,A,P158028-2,,0,0,,,,,,25.0837,81.080581,WMD,E46077,WMD,WMD,WMD,2,BA,NO,6/19/25 8:34,95008002,7/1/25 10:06,SM 4500-N C,,97017,,
FLAB25,FLAB,8/18/25,SAMP,MON,SA,G,,0.5,m,80,TOTAL NITROGEN,TOTN,0.222,,,0.22,,1,0.05,0.1,0.05,mg/L,,N,P,P159659-2,,0,0,,,3.7,,,25.0837,-81.080581,,E46077,WMD,,,,BA,,8/19/25 8:35,95824002,8/22/25 9:55,SM 4500-N C,,97017,,
FLAB25,FLAB,7/15/92,SAMP,MON,SA,G,,0,,98,SALINITY,SALIN,35.6,,,35.6,,,,,,PSU,1,N,A,FIU17602,,0,0,,,,,,25.0837,81.080581,,,FIU,FIU,,,,,,,,,,,,
FLAB25,FLAB,8/15/92,SAMP,MON,SA,G,,0,,98,SALINITY,SALIN,36.2,,,36.2,,,,,,PSU,1,N,A,FIU17604,,0,0,,,,,,25.0837,81.080581,,,FIU,FIU,,,,,,,,,,,,
FLAB25,FLAB,9/15/92,SAMP,MON,SA,G,,0,,98,SALINITY,SALIN,35.4,,,35.4,,,,,,PSU,1,N,A,FIU17607,,0,0,,,,,,25.0837,81.080581,,,FIU,FIU,,,,,,,,,,,,
FLAB25,FLAB,10/15/92,SAMP,MON,SA,G,,0,,98,SALINITY,SALIN,35.6,,,35.6,,,,,,PSU,1,N,A,FIU17609,,0,0,,,,,,25.0837,81.080581,,,FIU,FIU,,,,,,,,,,,,
FLAB25,FLAB,11/15/92,SAMP,MON,SA,G,,0,,98,SALINITY,SALIN,32.7,,,32.7,,,,,,PSU,1,N,A,FIU17611,,0,0,,,,,,25.0837,81.080581,,,FIU,FIU,,,,,,,,,,,,
FLAB25,FLAB,12/15/92,SAMP,MON,SA,G,,0,,98,SALINITY,SALIN,31.6,,,31.6,,,,,,PSU,1,N,A,FIU17613,,0,0,,,,,,25.0837,81.080581,,,FIU,FIU,,,,,,,,,,,,
FLAB25,FLAB,1/21/93,SAMP,MON,SA,G,,0,,98,SALINITY,SALIN,30.8,,,30.8,,,,,,PSU,1,N,A,FIU17614,,0,0,,,,,,25.0837,81.080581,,,FIU,FIU,,,,,,,,,,,,
FLAB25,FLAB,2/10/93,SAMP,MON,SA,G,,0,,98,SALINITY,SALIN,30.5,,,30.5,,,,,,PSU,1,N,A,FIU17615,,0,0,,,,,,25.0837,81.080581,,,FIU,FIU,,,,,,,,,,,,
FLAB25,FLAB,3/10/93,SAMP,MON,SA,G,,0,,98,SALINITY,SALIN,31.9,,,31.9,,,,,,PSU,1,N,A,FIU17616,,0,0,,,,,,25.0837,81.080581,,,FIU,FIU,,,,,,,,,,,,
FLAB25,FLAB,4/7/93,SAMP,MON,SA,G,,0,,98,SALINITY,SALIN,33.9,,,33.9,,,,,,PSU,1,N,A,FIU17617,,0,0,,,,,,25.0837,81.080581,,,FIU,FIU,,,,,,,,,,,,
FLAB25,FLAB,5/12/93,SAMP,MON,SA,G,,0,,98,SALINITY,SALIN,34.3,,,34.3,,,,,,PSU,1,N,A,FIU17618,,0,0,,,,,,25.0837,81.080581,,,FIU,FIU,,,,,,,,,,,,
FLAB25,FLAB,6/3/93,SAMP,MON,SA,G,,0,,98,SALINITY,SALIN,32.6,,,32.6,,,,,,PSU,1,N,A,FIU17619,,0,0,,,,,,25.0837,81.080581,,,FIU,FIU,,,,,,,,,,,,
FLAB25,FLAB,7/7/93,SAMP,MON,SA,G,,0,,98,SALINITY,SALIN,36.7,,,36.7,,,,,,PSU,1,N,A,FIU17620,,0,0,,,,,,25.0837,81.080581,,,FIU,FIU,,,,,,,,,,,,
FLAB25,FLAB,8/4/93,SAMP,MON,SA,G,,0,,98,SALINITY,SALIN,37.9,,,37.9,,,,,,PSU,1,N,A,FIU17621,,0,0,,,,,,25.0837,81.080581,,,FIU,FIU,,,,,,,,,,,,
FLAB25,FLAB,9/9/93,SAMP,MON,SA,G,,0,,98,SALINITY,SALIN,37,,,37,,,,,,PSU,1,N,A,FIU17622,,0,0,,,,,,25.0837,81.080581,,,FIU,FIU,,,,,,,,,,,,
FLAB25,FLAB,10/6/93,SAMP,MON,SA,G,,0,,98,SALINITY,SALIN,36.6,,,36.6,,,,,,PSU,1,N,A,FIU17623,,0,0,,,,,,25.0837,81.080581,,,FIU,FIU,,,,,,,,,,,,
FLAB25,FLAB,11/3/93,SAMP,MON,SA,G,,0,,98,SALINITY,SALIN,35.1,,,35.1,,,,,,PSU,1,N,A,FIU17624,,0,0,,,,,,25.0837,81.080581,,,FIU,FIU,,,,,,,,,,,,
FLAB25,FLAB,12/2/93,SAMP,MON,SA,G,,0,,98,SALINITY,SALIN,30.8,,,30.8,,,,,,PSU,1,N,A,FIU17625,,0,0,,,,,,25.0837,81.080581,,,FIU,FIU,,,,,,,,,,,,
FLAB25,FLAB,1/11/94,SAMP,MON,SA,G,,0,,98,SALINITY,SALIN,31.3,,,31.3,,,,,,PSU,1,N,A,FIU17626,,0,0,,,,,,25.0837,81.080581,,,FIU,FIU,,,,,,,,,,,,
FLAB25,FLAB,2/2/94,SAMP,MON,SA,G,,0,,98,SALINITY,SALIN,32.6,,,32.6,,,,,,PSU,1,N,A,FIU17627,,0,0,,,,,,25.0837,81.080581,,,FIU,FIU,,,,,,,,,,,,
FLAB25,FLAB,3/8/94,SAMP,MON,SA,G,,0,,98,SALINITY,SALIN,33.9,,,33.9,,,,,,PSU,1,N,A,FIU17628,,0,0,,,,,,25.0837,81.080581,,,FIU,FIU,,,,,,,,,,,,
FLAB25,FLAB,4/6/94,SAMP,MON,SA,G,,3.4,,98,SALINITY,SALIN,35,D,,35,,,,,,PSU,1,N,A,FIU17630,,0,0,,,,,,25.0837,81.080581,,,FIU,FIU,,,,,,,,,,,,
FLAB25,FLAB,4/6/94,SAMP,MON,SA,G,,0,,98,SALINITY,SALIN,35,D,,35,,,,,,PSU,1,N,A,FIU17629,,0,0,,,,,,25.0837,81.080581,,,FIU,FIU,,,,,,,,,,,,
FLAB25,FLAB,5/4/94,SAMP,MON,SA,G,,0,,98,SALINITY,SALIN,36.6,D,,36.6,,,,,,PSU,1,N,A,FIU17631,,0,0,,,,,,25.0837,81.080581,,,FIU,FIU,,,,,,,,,,,,
FLAB25,FLAB,5/4/94,SAMP,MON,SA,G,,3.4,,98,SALINITY,SALIN,36.7,D,,36.7,,,,,,PSU,1,N,A,FIU17632,,0,0,,,,,,25.0837,81.080581,,,FIU,FIU,,,,,,,,,,,,
FLAB25,FLAB,6/8/94,SAMP,MON,SA,G,,0,,98,SALINITY,SALIN,36.1,D,,36.1,,,,,,PSU,1,N,A,FIU17633,,0,0,,,,,,25.0837,81.080581,,,FIU,FIU,,,,,,,,,,,,
FLAB25,FLAB,6/8/94,SAMP,MON,SA,G,,3.4,,98,SALINITY,SALIN,36.1,D,,36.1,,,,,,PSU,1,N,A,FIU17634,,0,0,,,,,,25.0837,81.080581,,,FIU,FIU,,,,,,,,,,,,
FLAB25,FLAB,7/7/94,SAMP,MON,SA,G,,3.4,,98,SALINITY,SALIN,37.5,D,,37.5,,,,,,PSU,1,N,A,FIU17636,,0,0,,,,,,25.0837,81.080581,,,FIU,FIU,,,,,,,,,,,,
FLAB25,FLAB,7/7/94,SAMP,MON,SA,G,,0,,98,SALINITY,SALIN,37.5,D,,37.5,,,,,,PSU,1,N,A,FIU17635,,0,0,,,,,,25.0837,81.080581,,,FIU,FIU,,,,,,,,,,,,
FLAB25,FLAB,8/4/94,SAMP,MON,SA,G,,0,,98,SALINITY,SALIN,38.3,D,,38.3,,,,,,PSU,1,N,A,FIU17637,,0,0,,,,,,25.0837,81.080581,,,FIU,FIU,,,,,,,,,,,,
FLAB25,FLAB,8/4/94,SAMP,MON,SA,G,,3.6,,98,SALINITY,SALIN,38.4,D,,38.4,,,,,,PSU,1,N,A,FIU17638,,0,0,,,,,,25.0837,81.080581,,,FIU,FIU,,,,,,,,,,,,
FLAB25,FLAB,9/14/94,SAMP,MON,SA,G,,0,,98,SALINITY,SALIN,36,D,,36,,,,,,PSU,1,N,A,FIU17639,,0,0,,,,,,25.0837,81.080581,,,FIU,FIU,,,,,,,,,,,,
FLAB25,FLAB,9/14/94,SAMP,MON,SA,G,,3.6,,98,SALINITY,SALIN,36,D,,36,,,,,,PSU,1,N,A,FIU17640,,0,0,,,,,,25.0837,81.080581,,,FIU,FIU,,,,,,,,,,,,
FLAB25,FLAB,10/5/94,SAMP,MON,SA,G,,0,,98,SALINITY,SALIN,33.9,D,,33.9,,,,,,PSU,1,N,A,FIU17641,,0,0,,,,,,25.0837,81.080581,,,FIU,FIU,,,,,,,,,,,,
FLAB25,FLAB,10/5/94,SAMP,MON,SA,G,,3.6,,98,SALINITY,SALIN,34.1,D,,34.1,,,,,,PSU,1,N,A,FIU17642,,0,0,,,,,,25.0837,81.080581,,,FIU,FIU,,,,,,,,,,,,
FLAB25,FLAB,11/2/94,SAMP,MON,SA,G,,3.6,,98,SALINITY,SALIN,34.4,D,,34.4,,,,,,PSU,1,N,A,FIU17644,,0,0,,,,,,25.0837,81.080581,,,FIU,FIU,,,,,,,,,,,,
FLAB25,FLAB,11/2/94,SAMP,MON,SA,G,,0,,98,SALINITY,SALIN,34.4,D,,34.4,,,,,,PSU,1,N,A,FIU17643,,0,0,,,,,,25.0837,81.080581,,,FIU,FIU,,,,,,,,,,,,
FLAB25,FLAB,11/22/94,SAMP,MON,SA,G,,0,,98,SALINITY,SALIN,33.6,D,,33.6,,,,,,PSU,1,N,A,FIU17645,,0,0,,,,,,25.0837,81.080581,,,FIU,FIU,,,,,,,,,,,,
FLAB25,FLAB,11/22/94,SAMP,MON,SA,G,,3.6,,98,SALINITY,SALIN,33.6,D,,33.6,,,,,,PSU,1,N,A,FIU17646,,0,0,,,,,,25.0837,81.080581,,,FIU,FIU,,,,,,,,,,,,
FLAB25,FLAB,12/1/94,SAMP,MON,SA,G,,3.6,,98,SALINITY,SALIN,33.2,D,,33.2,,,,,,PSU,1,N,A,FIU17648,,0,0,,,,,,25.0837,81.080581,,,FIU,FIU,,,,,,,,,,,,
FLAB25,FLAB,12/1/94,SAMP,MON,SA,G,,0,,98,SALINITY,SALIN,33.2,D,,33.2,,,,,,PSU,1,N,A,FIU17647,,0,0,,,,,,25.0837,81.080581,,,FIU,FIU,,,,,,,,,,,,
FLAB25,FLAB,1/5/95,SAMP,MON,SA,G,,0,,98,SALINITY,SALIN,25.8,,,25.8,,,,,,PSU,1,N,A,FIU17649,,0,0,,,,,,25.0837,81.080581,,,FIU,FIU,,,,,,,,,,,,
FLAB25,FLAB,1/5/95,SAMP,MON,SA,G,,3.6,,98,SALINITY,SALIN,25.8,,,25.8,,,,,,PSU,1,N,A,FIU17650,,0,0,,,,,,25.0837,81.080581,,,FIU,FIU,,,,,,,,,,,,
FLAB25,FLAB,2/2/95,SAMP,MON,SA,G,,3.6,,98,SALINITY,SALIN,25.3,D,,25.3,,,,,,PSU,1,N,A,FIU17652,,0,0,,,,,,25.0837,81.080581,,,FIU,FIU,,,,,,,,,,,,
FLAB25,FLAB,2/2/95,SAMP,MON,SA,G,,0,,98,SALINITY,SALIN,25.3,D,,25.3,,,,,,PSU,1,N,A,FIU17651,,0,0,,,,,,25.0837,81.080581,,,FIU,FIU,,,,,,,,,,,,
FLAB25,FLAB,3/1/95,SAMP,MON,SA,G,,3.6,,98,SALINITY,SALIN,28.1,D,,28.1,,,,,,PSU,1,N,A,FIU17654,,0,0,,,,,,25.0837,81.080581,,,FIU,FIU,,,,,,,,,,,,
FLAB25,FLAB,3/1/95,SAMP,MON,SA,G,,0,,98,SALINITY,SALIN,28.1,D,,28.1,,,,,,PSU,1,N,A,FIU17653,,0,0,,,,,,25.0837,81.080581,,,FIU,FIU,,,,,,,,,,,,
FLAB25,FLAB,4/19/95,SAMP,MON,SA,G,,0,,98,SALINITY,SALIN,30.9,D,,30.9,,,,,,PSU,1,N,A,FIU17655,,0,0,,,,,,25.0837,81.080581,,,FIU,FIU,,,,,,,,,,,,
FLAB25,FLAB,4/19/95,SAMP,MON,SA,G,,3.6,,98,SALINITY,SALIN,30.9,D,,30.9,,,,,,PSU,1,N,A,FIU17656,,0,0,,,,,,25.0837,81.080581,,,FIU,FIU,,,,,,,,,,,,
FLAB25,FLAB,5/24/95,SAMP,MON,SA,G,,0,,98,SALINITY,SALIN,29.5,D,,29.5,,,,,,PSU,1,N,A,FIU17657,,0,0,,,,,,25.0837,81.080581,,,FIU,FIU,,,,,,,,,,,,
FLAB25,FLAB,5/24/95,SAMP,MON,SA,G,,3.6,,98,SALINITY,SALIN,29.4,D,,29.4,,,,,,PSU,1,N,A,FIU17658,,0,0,,,,,,25.0837,81.080581,,,FIU,FIU,,,,,,,,,,,,
FLAB25,FLAB,6/21/95,SAMP,MON,SA,G,,0,,98,SALINITY,SALIN,33.5,D,,33.5,,,,,,PSU,1,N,A,FIU17659,,0,0,,,,,,25.0837,81.080581,,,FIU,FIU,,,,,,,,,,,,
FLAB25,FLAB,6/21/95,SAMP,MON,SA,G,,3.6,,98,SALINITY,SALIN,33.5,D,,33.5,,,,,,PSU,1,N,A,FIU17660,,0,0,,,,,,25.0837,81.080581,,,FIU,FIU,,,,,,,,,,,,
FLAB25,FLAB,7/12/95,SAMP,MON,SA,G,,0,,98,SALINITY,SALIN,32.8,D,,32.8,,,,,,PSU,1,N,A,FIU17661,,0,0,,,,,,25.0837,81.080581,,,FIU,FIU,,,,,,,,,,,,
FLAB25,FLAB,7/12/95,SAMP,MON,SA,G,,3.6,,98,SALINITY,SALIN,32.9,D,,32.9,,,,,,PSU,1,N,A,FIU17662,,0,0,,,,,,25.0837,81.080581,,,FIU,FIU,,,,,,,,,,,,
FLAB25,FLAB,8/11/95,SAMP,MON,SA,G,,3.6,,98,SALINITY,SALIN,34.8,D,,34.8,,,,,,PSU,1,N,A,FIU17664,,0,0,,,,,,25.0837,81.080581,,,FIU,FIU,,,,,,,,,,,,
FLAB25,FLAB,8/11/95,SAMP,MON,SA,G,,0,,98,SALINITY,SALIN,34.7,D,,34.7,,,,,,PSU,1,N,A,FIU17663,,0,0,,,,,,25.0837,81.080581,,,FIU,FIU,,,,,,,,,,,,
FLAB25,FLAB,9/6/95,SAMP,MON,SA,G,,0,,98,SALINITY,SALIN,32.2,D,,32.2,,,,,,PSU,1,N,A,FIU17665,,0,0,,,,,,25.0837,81.080581,,,FIU,FIU,,,,,,,,,,,,
FLAB25,FLAB,9/6/95,SAMP,MON,SA,G,,3.6,,98,SALINITY,SALIN,32.2,D,,32.2,,,,,,PSU,1,N,A,FIU17666,,0,0,,,,,,25.0837,81.080581,,,FIU,FIU,,,,,,,,,,,,
FLAB25,FLAB,10/22/95,SAMP,MON,SA,G,,3.6,,98,SALINITY,SALIN,28.4,D,,28.4,,,,,,PSU,1,N,A,FIU17668,,0,0,,,,,,25.0837,81.080581,,,FIU,FIU,,,,,,,,,,,,
FLAB25,FLAB,10/22/95,SAMP,MON,SA,G,,0,,98,SALINITY,SALIN,28.4,D,,28.4,,,,,,PSU,1,N,A,FIU17667,,0,0,,,,,,25.0837,81.080581,,,FIU,FIU,,,,,,,,,,,,
FLAB25,FLAB,11/17/95,SAMP,MON,SA,G,,0,,98,SALINITY,SALIN,27.9,D,,27.9,,,,,,PSU,1,N,A,FIU17669,,0,0,,,,,,25.0837,81.080581,,,FIU,FIU,,,,,,,,,,,,
FLAB25,FLAB,11/17/95,SAMP,MON,SA,G,,3.6,,98,SALINITY,SALIN,27.9,D,,27.9,,,,,,PSU,1,N,A,FIU17670,,0,0,,,,,,25.0837,81.080581,,,FIU,FIU,,,,,,,,,,,,
FLAB25,FLAB,12/14/95,SAMP,MON,SA,G,,0,,98,SALINITY,SALIN,26.8,D,,26.8,,,,,,PSU,1,N,A,FIU17671,,0,0,,,,,,25.0837,81.080581,,,FIU,FIU,,,,,,,,,,,,
FLAB25,FLAB,12/14/95,SAMP,MON,SA,G,,3.6,,98,SALINITY,SALIN,26.8,D,,26.8,,,,,,PSU,1,N,A,FIU17672,,0,0,,,,,,25.0837,81.080581,,,FIU,FIU,,,,,,,,,,,,
FLAB25,FLAB,1/23/96,SAMP,MON,SA,G,,0,,98,SALINITY,SALIN,28.7,D,,28.7,,,,,,PSU,1,N,A,FIU17673,,0,0,,,,,,25.0837,81.080581,,,FIU,FIU,,,,,,,,,,,,
FLAB25,FLAB,1/23/96,SAMP,MON,SA,G,,3.6,,98,SALINITY,SALIN,28.7,D,,28.7,,,,,,PSU,1,N,A,FIU17674,,0,0,,,,,,25.0837,81.080581,,,FIU,FIU,,,,,,,,,,,,
FLAB25,FLAB,2/12/96,SAMP,MON,SA,G,,0,,98,SALINITY,SALIN,29.4,D,,29.4,,,,,,PSU,1,N,A,FIU17675,,0,0,,,,,,25.0837,81.080581,,,FIU,FIU,,,,,,,,,,,,
FLAB25,FLAB,2/12/96,SAMP,MON,SA,G,,3.6,,98,SALINITY,SALIN,29.5,D,,29.5,,,,,,PSU,1,N,A,FIU17676,,0,0,,,,,,25.0837,81.080581,,,FIU,FIU,,,,,,,,,,,,
FLAB25,FLAB,3/22/96,SAMP,MON,SA,G,,0,,98,SALINITY,SALIN,31.9,D,,31.9,,,,,,PSU,1,N,A,FIU17677,,0,0,,,,,,25.0837,81.080581,,,FIU,FIU,,,,,,,,,,,,
FLAB25,FLAB,3/22/96,SAMP,MON,SA,G,,3.6,,98,SALINITY,SALIN,32.1,D,,32.1,,,,,,PSU,1,N,A,FIU17678,,0,0,,,,,,25.0837,81.080581,,,FIU,FIU,,,,,,,,,,,,
FLAB25,FLAB,4/25/96,SAMP,MON,SA,G,,0,,98,SALINITY,SALIN,34.5,D,,34.5,,,,,,PSU,1,N,A,FIU17679,,0,0,,,,,,25.0837,81.080581,,,FIU,FIU,,,,,,,,,,,,
FLAB25,FLAB,4/25/96,SAMP,MON,SA,G,,3.6,,98,SALINITY,SALIN,34.6,D,,34.6,,,,,,PSU,1,N,A,FIU17680,,0,0,,,,,,25.0837,81.080581,,,FIU,FIU,,,,,,,,,,,,
FLAB25,FLAB,5/10/96,SAMP,MON,SA,G,,0,,98,SALINITY,SALIN,36.6,D,,36.6,,,,,,PSU,1,N,A,FIU17681,,0,0,,,,,,25.0837,81.080581,,,FIU,FIU,,,,,,,,,,,,
FLAB25,FLAB,5/10/96,SAMP,MON,SA,G,,3.6,,98,SALINITY,SALIN,36.6,D,,36.6,,,,,,PSU,1,N,A,FIU17682,,0,0,,,,,,25.0837,81.080581,,,FIU,FIU,,,,,,,,,,,,
FLAB25,FLAB,6/6/96,SAMP,MON,SA,G,,0,,98,SALINITY,SALIN,36.7,D,,36.7,,,,,,PSU,1,N,A,FIU17683,,0,0,,,,,,25.0837,81.080581,,,FIU,FIU,,,,,,,,,,,,
FLAB25,FLAB,6/6/96,SAMP,MON,SA,G,,3.6,,98,SALINITY,SALIN,36.7,D,,36.7,,,,,,PSU,1,N,A,FIU17684,,0,0,,,,,,25.0837,81.080581,,,FIU,FIU,,,,,,,,,,,,
FLAB25,FLAB,7/5/96,SAMP,MON,SA,G,,0.1,,98,SALINITY,SALIN,35.2,D,,35.2,,,,,,PSU,1,N,A,FIU17685,,0,0,,,,,,25.0837,81.080581,,,FIU,FIU,,,,,,,,,,,,
FLAB25,FLAB,7/5/96,SAMP,MON,SA,G,,3.6,,98,SALINITY,SALIN,35.2,D,,35.2,,,,,,PSU,1,N,A,FIU17686,,0,0,,,,,,25.0837,81.080581,,,FIU,FIU,,,,,,,,,,,,
FLAB25,FLAB,8/22/96,SAMP,MON,SA,G,,3.6,,98,SALINITY,SALIN,37.2,D,,37.2,,,,,,PSU,1,N,A,FIU17688,,0,0,,,,,,25.0837,81.080581,,,FIU,FIU,,,,,,,,,,,,
FLAB25,FLAB,8/22/96,SAMP,MON,SA,G,,0.1,,98,SALINITY,SALIN,37.2,D,,37.2,,,,,,PSU,1,N,A,FIU17687,,0,0,,,,,,25.0837,81.080581,,,FIU,FIU,,,,,,,,,,,,
FLAB25,FLAB,9/14/96,SAMP,MON,SA,G,,0.1,,98,SALINITY,SALIN,34.7,D,,34.7,,,,,,PSU,1,N,A,FIU17689,,0,0,,,,,,25.0837,81.080581,,,FIU,FIU,,,,,,,,,,,,
FLAB25,FLAB,9/14/96,SAMP,MON,SA,G,,3.6,,98,SALINITY,SALIN,34.7,D,,34.7,,,,,,PSU,1,N,A,FIU17690,,0,0,,,,,,25.0837,81.080581,,,FIU,FIU,,,,,,,,,,,,
FLAB25,FLAB,10/15/96,SAMP,MON,SA,G,,0.1,,98,SALINITY,SALIN,34.6,D,,34.6,,,,,,PSU,1,N,A,FIU17691,,0,0,,,,,,25.0837,81.080581,,,FIU,FIU,,,,,,,,,,,,
FLAB25,FLAB,10/15/96,SAMP,MON,SA,G,,3.6,,98,SALINITY,SALIN,34.6,D,,34.6,,,,,,PSU,1,N,A,FIU17692,,0,0,,,,,,25.0837,81.080581,,,FIU,FIU,,,,,,,,,,,,
FLAB25,FLAB,11/7/96,SAMP,MON,SA,G,,3.6,,98,SALINITY,SALIN,34.3,D,,34.3,,,,,,PSU,1,N,A,FIU17694,,0,0,,,,,,25.0837,81.080581,,,FIU,FIU,,,,,,,,,,,,
FLAB25,FLAB,11/7/96,SAMP,MON,SA,G,,0.1,,98,SALINITY,SALIN,34.2,D,,34.2,,,,,,PSU,1,N,A,FIU17693,,0,0,,,,,,25.0837,81.080581,,,FIU,FIU,,,,,,,,,,,,
FLAB25,FLAB,12/6/96,SAMP,MON,SA,G,,0.1,,98,SALINITY,SALIN,31.8,D,,31.8,,,,,,PSU,1,N,A,FIU17695,,0,0,,,,,,25.0837,81.080581,,,FIU,FIU,,,,,,,,,,,,
FLAB25,FLAB,12/6/96,SAMP,MON,SA,G,,3.6,,98,SALINITY,SALIN,31.8,D,,31.8,,,,,,PSU,1,N,A,FIU17696,,0,0,,,,,,25.0837,81.080581,,,FIU,FIU,,,,,,,,,,,,
FLAB25,FLAB,1/8/97,SAMP,MON,SA,G,,0.1,,98,SALINITY,SALIN,33,D,,33,,,,,,PSU,1,N,A,FIU17697,,0,0,,,,,,25.0837,81.080581,,,FIU,FIU,,,,,,,,,,,,
FLAB25,FLAB,1/8/97,SAMP,MON,SA,G,,3.6,,98,SALINITY,SALIN,33,D,,33,,,,,,PSU,1,N,A,FIU17698,,0,0,,,,,,25.0837,81.080581,,,FIU,FIU,,,,,,,,,,,,
FLAB25,FLAB,2/15/97,SAMP,MON,SA,G,,3.6,,98,SALINITY,SALIN,35.1,D,,35.1,,,,,,PSU,1,N,A,FIU17700,,0,0,,,,,,25.0837,81.080581,,,FIU,FIU,,,,,,,,,,,,
FLAB25,FLAB,2/15/97,SAMP,MON,SA,G,,0.1,,98,SALINITY,SALIN,35.1,D,,35.1,,,,,,PSU,1,N,A,FIU17699,,0,0,,,,,,25.0837,81.080581,,,FIU,FIU,,,,,,,,,,,,
FLAB25,FLAB,3/12/97,SAMP,MON,SA,G,,3.6,,98,SALINITY,SALIN,36.3,D,,36.3,,,,,,PSU,1,N,A,FIU17702,,0,0,,,,,,25.0837,81.080581,,,FIU,FIU,,,,,,,,,,,,
FLAB25,FLAB,3/12/97,SAMP,MON,SA,G,,0.1,,98,SALINITY,SALIN,36.4,D,,36.4,,,,,,PSU,1,N,A,FIU17701,,0,0,,,,,,25.0837,81.080581,,,FIU,FIU,,,,,,,,,,,,
FLAB25,FLAB,4/16/97,SAMP,MON,SA,G,,3.6,,98,SALINITY,SALIN,37.9,D,,37.9,,,,,,PSU,1,N,A,FIU17704,,0,0,,,,,,25.0837,81.080581,,,FIU,FIU,,,,,,,,,,,,
FLAB25,FLAB,4/16/97,SAMP,MON,SA,G,,0.1,,98,SALINITY,SALIN,37.9,D,,37.9,,,,,,PSU,1,N,A,FIU17703,,0,0,,,,,,25.0837,81.080581,,,FIU,FIU,,,,,,,,,,,,
FLAB25,FLAB,5/22/97,SAMP,MON,SA,G,,0.1,,98,SALINITY,SALIN,38.4,D,,38.4,,,,,,PSU,1,N,A,FIU17705,,0,0,,,,,,25.0837,81.080581,,,FIU,FIU,,,,,,,,,,,,
FLAB25,FLAB,5/22/97,SAMP,MON,SA,G,,3.6,,98,SALINITY,SALIN,38.4,D,,38.4,,,,,,PSU,1,N,A,FIU17706,,0,0,,,,,,25.0837,81.080581,,,FIU,FIU,,,,,,,,,,,,
FLAB25,FLAB,6/12/97,SAMP,MON,SA,G,,3.6,,98,SALINITY,SALIN,33.4,D,,33.4,,,,,,PSU,1,N,A,FIU17708,,0,0,,,,,,25.0837,81.080581,,,FIU,FIU,,,,,,,,,,,,
FLAB25,FLAB,6/12/97,SAMP,MON,SA,G,,0.1,,98,SALINITY,SALIN,33,D,,33,,,,,,PSU,1,N,A,FIU17707,,0,0,,,,,,25.0837,81.080581,,,FIU,FIU,,,,,,,,,,,,
FLAB25,FLAB,8/19/97,SAMP,MON,SA,G,,3.6,,98,SALINITY,SALIN,35.4,D,,35.4,,,,,,PSU,1,N,A,FIU17711,,0,0,,,,,,25.0837,81.080581,,,FIU,FIU,,,,,,,,,,,,
FLAB25,FLAB,8/19/97,SAMP,MON,SA,G,,0.1,,98,SALINITY,SALIN,35.3,D,,35.3,,,,,,PSU,1,N,A,FIU17710,,0,0,,,,,,25.0837,81.080581,,,FIU,FIU,,,,,,,,,,,,
FLAB25,FLAB,9/10/97,SAMP,MON,SA,G,,3.6,,98,SALINITY,SALIN,34.5,D,,34.5,,,,,,PSU,1,N,A,FIU17713,,0,0,,,,,,25.0837,81.080581,,,FIU,FIU,,,,,,,,,,,,
FLAB25,FLAB,9/10/97,SAMP,MON,SA,G,,0.1,,98,SALINITY,SALIN,34.5,D,,34.5,,,,,,PSU,1,N,A,FIU17712,,0,0,,,,,,25.0837,81.080581,,,FIU,FIU,,,,,,,,,,,,
FLAB25,FLAB,10/21/97,SAMP,MON,SA,G,,3.6,,98,SALINITY,SALIN,36.3,D,,36.3,,,,,,PSU,1,N,A,FIU17715,,0,0,,,,,,25.0837,81.080581,,,FIU,FIU,,,,,,,,,,,,
FLAB25,FLAB,10/21/97,SAMP,MON,SA,G,,0.1,,98,SALINITY,SALIN,36.2,D,,36.2,,,,,,PSU,1,N,A,FIU17714,,0,0,,,,,,25.0837,81.080581,,,FIU,FIU,,,,,,,,,,,,
FLAB25,FLAB,11/25/97,SAMP,MON,SA,G,,3.6,,98,SALINITY,SALIN,33.2,D,,33.2,,,,,,PSU,1,N,A,FIU17717,,0,0,,,,,,25.0837,81.080581,,,FIU,FIU,,,,,,,,,,,,
FLAB25,FLAB,11/25/97,SAMP,MON,SA,G,,0.1,,98,SALINITY,SALIN,33.2,D,,33.2,,,,,,PSU,1,N,A,FIU17716,,0,0,,,,,,25.0837,81.080581,,,FIU,FIU,,,,,,,,,,,,
FLAB25,FLAB,12/12/97,SAMP,MON,SA,G,,0.1,,98,SALINITY,SALIN,31.3,D,,31.3,,,,,,PSU,1,N,A,FIU17718,,0,0,,,,,,25.0837,81.080581,,,FIU,FIU,,,,,,,,,,,,
FLAB25,FLAB,12/12/97,SAMP,MON,SA,G,,3.6,,98,SALINITY,SALIN,31.3,D,,31.3,,,,,,PSU,1,N,A,FIU17719,,0,0,,,,,,25.0837,81.080581,,,FIU,FIU,,,,,,,,,,,,
FLAB25,FLAB,1/21/98,SAMP,MON,SA,G,,0.1,,98,SALINITY,SALIN,32.5,D,,32.5,,,,,,PSU,1,N,A,FIU17720,,0,0,,,,,,25.0837,81.080581,,,FIU,FIU,,,,,,,,,,,,
FLAB25,FLAB,1/21/98,SAMP,MON,SA,G,,3.6,,98,SALINITY,SALIN,32.6,D,,32.6,,,,,,PSU,1,N,A,FIU17721,,0,0,,,,,,25.0837,81.080581,,,FIU,FIU,,,,,,,,,,,,
FLAB25,FLAB,2/18/98,SAMP,MON,SA,G,,0.1,,98,SALINITY,SALIN,31.3,D,,31.3,,,,,,PSU,1,N,A,FIU17722,,0,0,,,,,,25.0837,81.080581,,,FIU,FIU,,,,,,,,,,,,
FLAB25,FLAB,2/18/98,SAMP,MON,SA,G,,3.6,,98,SALINITY,SALIN,31.8,D,,31.8,,,,,,PSU,1,N,A,FIU17723,,0,0,,,,,,25.0837,81.080581,,,FIU,FIU,,,,,,,,,,,,
FLAB25,FLAB,3/20/98,SAMP,MON,SA,G,,3.6,,98,SALINITY,SALIN,32.7,D,,32.7,,,,,,PSU,1,N,A,FIU17725,,0,0,,,,,,25.0837,81.080581,,,FIU,FIU,,,,,,,,,,,,
FLAB25,FLAB,3/20/98,SAMP,MON,SA,G,,0.1,,98,SALINITY,SALIN,32.7,D,,32.7,,,,,,PSU,1,N,A,FIU17724,,0,0,,,,,,25.0837,81.080581,,,FIU,FIU,,,,,,,,,,,,
FLAB25,FLAB,4/15/98,SAMP,MON,SA,G,,3.6,,98,SALINITY,SALIN,32.3,D,,32.3,,,,,,PSU,1,N,A,FIU17727,,0,0,,,,,,25.0837,81.080581,,,FIU,FIU,,,,,,,,,,,,
FLAB25,FLAB,4/15/98,SAMP,MON,SA,G,,0.1,,98,SALINITY,SALIN,32.3,D,,32.3,,,,,,PSU,1,N,A,FIU17726,,0,0,,,,,,25.0837,81.080581,,,FIU,FIU,,,,,,,,,,,,
FLAB25,FLAB,5/14/98,SAMP,MON,SA,G,,0.1,,98,SALINITY,SALIN,33.8,D,,33.8,,,,,,PSU,1,N,A,FIU17728,,0,0,,,,,,25.0837,81.080581,,,FIU,FIU,,,,,,,,,,,,
FLAB25,FLAB,5/14/98,SAMP,MON,SA,G,,3.6,,98,SALINITY,SALIN,33.7,D,,33.7,,,,,,PSU,1,N,A,FIU17729,,0,0,,,,,,25.0837,81.080581,,,FIU,FIU,,,,,,,,,,,,
FLAB25,FLAB,6/10/98,SAMP,MON,SA,G,,0.1,,98,SALINITY,SALIN,34.1,D,,34.1,,,,,,PSU,1,N,A,FIU17730,,0,0,,,,,,25.0837,81.080581,,,FIU,FIU,,,,,,,,,,,,
FLAB25,FLAB,6/10/98,SAMP,MON,SA,G,,3.6,,98,SALINITY,SALIN,34.1,D,,34.1,,,,,,PSU,1,N,A,FIU17731,,0,0,,,,,,25.0837,81.080581,,,FIU,FIU,,,,,,,,,,,,
FLAB25,FLAB,7/14/98,SAMP,MON,SA,G,,3.6,,98,SALINITY,SALIN,34.6,D,,34.6,,,,,,PSU,1,N,A,FIU17733,,0,0,,,,,,25.0837,81.080581,,,FIU,FIU,,,,,,,,,,,,
FLAB25,FLAB,7/14/98,SAMP,MON,SA,G,,0.1,,98,SALINITY,SALIN,34.6,D,,34.6,,,,,,PSU,1,N,A,FIU17732,,0,0,,,,,,25.0837,81.080581,,,FIU,FIU,,,,,,,,,,,,
FLAB25,FLAB,8/19/98,SAMP,MON,SA,G,,3.6,,98,SALINITY,SALIN,35.8,D,,35.8,,,,,,PSU,1,N,A,FIU17735,,0,0,,,,,,25.0837,81.080581,,,FIU,FIU,,,,,,,,,,,,
FLAB25,FLAB,8/19/98,SAMP,MON,SA,G,,0.1,,98,SALINITY,SALIN,35.7,D,,35.7,,,,,,PSU,1,N,A,FIU17734,,0,0,,,,,,25.0837,81.080581,,,FIU,FIU,,,,,,,,,,,,
FLAB25,FLAB,9/17/98,SAMP,MON,SA,G,,3.6,,98,SALINITY,SALIN,36.9,D,,36.9,,,,,,PSU,1,N,A,FIU17737,,0,0,,,,,,25.0837,81.080581,,,FIU,FIU,,,,,,,,,,,,
FLAB25,FLAB,9/17/98,SAMP,MON,SA,G,,0.1,,98,SALINITY,SALIN,36.9,D,,36.9,,,,,,PSU,1,N,A,FIU17736,,0,0,,,,,,25.0837,81.080581,,,FIU,FIU,,,,,,,,,,,,
FLAB25,FLAB,9/30/98,SAMP,MON,SA,G,,3.6,,98,SALINITY,SALIN,35.1,D,,35.1,,,,,,PSU,1,N,A,FIU17739,,0,0,,,,,,25.0837,81.080581,,,FIU,FIU,,,,,,,,,,,,
FLAB25,FLAB,9/30/98,SAMP,MON,SA,G,,0.1,,98,SALINITY,SALIN,35,D,,35,,,,,,PSU,1,N,A,FIU17738,,0,0,,,,,,25.0837,81.080581,,,FIU,FIU,,,,,,,,,,,,
FLAB25,FLAB,11/3/98,SAMP,MON,SA,G,,3.6,,98,SALINITY,SALIN,34.7,D,,34.7,,,,,,PSU,1,N,A,FIU17741,,0,0,,,,,,25.0837,81.080581,,,FIU,FIU,,,,,,,,,,,,
FLAB25,FLAB,11/3/98,SAMP,MON,SA,G,,0.1,,98,SALINITY,SALIN,34.8,D,,34.8,,,,,,PSU,1,N,A,FIU17740,,0,0,,,,,,25.0837,81.080581,,,FIU,FIU,,,,,,,,,,,,
FLAB25,FLAB,12/1/98,SAMP,MON,SA,G,,0.1,,98,SALINITY,SALIN,33.7,D,,33.7,,,,,,PSU,1,N,A,FIU17742,,0,0,,,,,,25.0837,81.080581,,,FIU,FIU,,,,,,,,,,,,
FLAB25,FLAB,12/1/98,SAMP,MON,SA,G,,3.6,,98,SALINITY,SALIN,33.8,D,,33.8,,,,,,PSU,1,N,A,FIU17743,,0,0,,,,,,25.0837,81.080581,,,FIU,FIU,,,,,,,,,,,,
FLAB25,FLAB,1/14/99,SAMP,MON,SA,G,,3.6,,98,SALINITY,SALIN,28.9,D,,28.9,,,,,,PSU,1,N,A,FIU17745,,0,0,,,,,,25.0837,81.080581,,,FIU,FIU,,,,,,,,,,,,
FLAB25,FLAB,1/14/99,SAMP,MON,SA,G,,0.1,,98,SALINITY,SALIN,28.8,D,,28.8,,,,,,PSU,1,N,A,FIU17744,,0,0,,,,,,25.0837,81.080581,,,FIU,FIU,,,,,,,,,,,,
FLAB25,FLAB,2/10/99,SAMP,MON,SA,G,,3.6,,98,SALINITY,SALIN,31,D,,31,,,,,,PSU,1,N,A,FIU17747,,0,0,,,,,,25.0837,81.080581,,,FIU,FIU,,,,,,,,,,,,
FLAB25,FLAB,2/10/99,SAMP,MON,SA,G,,0.1,,98,SALINITY,SALIN,31,D,,31,,,,,,PSU,1,N,A,FIU17746,,0,0,,,,,,25.0837,81.080581,,,FIU,FIU,,,,,,,,,,,,
FLAB25,FLAB,3/23/99,SAMP,MON,SA,G,,0.1,,98,SALINITY,SALIN,32,D,,32,,,,,,PSU,1,N,A,FIU17748,,0,0,,,,,,25.0837,81.080581,,,FIU,FIU,,,,,,,,,,,,
FLAB25,FLAB,3/23/99,SAMP,MON,SA,G,,3.6,,98,SALINITY,SALIN,32,D,,32,,,,,,PSU,1,N,A,FIU17749,,0,0,,,,,,25.0837,81.080581,,,FIU,FIU,,,,,,,,,,,,
FLAB25,FLAB,4/29/99,SAMP,MON,SA,G,,3.6,,98,SALINITY,SALIN,35.4,D,,35.4,,,,,,PSU,1,N,A,FIU17751,,0,0,,,,,,25.0837,81.080581,,,FIU,FIU,,,,,,,,,,,,
FLAB25,FLAB,4/29/99,SAMP,MON,SA,G,,0.1,,98,SALINITY,SALIN,35.4,D,,35.4,,,,,,PSU,1,N,A,FIU17750,,0,0,,,,,,25.0837,81.080581,,,FIU,FIU,,,,,,,,,,,,
FLAB25,FLAB,5/28/99,SAMP,MON,SA,G,,3.6,,98,SALINITY,SALIN,36.8,D,,36.8,,,,,,PSU,1,N,A,FIU17753,,0,0,,,,,,25.0837,81.080581,,,FIU,FIU,,,,,,,,,,,,
FLAB25,FLAB,5/28/99,SAMP,MON,SA,G,,0.1,,98,SALINITY,SALIN,36.8,D,,36.8,,,,,,PSU,1,N,A,FIU17752,,0,0,,,,,,25.0837,81.080581,,,FIU,FIU,,,,,,,,,,,,
FLAB25,FLAB,6/17/99,SAMP,MON,SA,G,,3.6,,98,SALINITY,SALIN,37,D,,37,,,,,,PSU,1,N,A,FIU17755,,0,0,,,,,,25.0837,81.080581,,,FIU,FIU,,,,,,,,,,,,
FLAB25,FLAB,6/17/99,SAMP,MON,SA,G,,0.1,,98,SALINITY,SALIN,37,D,,37,,,,,,PSU,1,N,A,FIU17754,,0,0,,,,,,25.0837,81.080581,,,FIU,FIU,,,,,,,,,,,,
FLAB25,FLAB,7/6/99,SAMP,MON,SA,G,,0.1,,98,SALINITY,SALIN,35.6,D,,35.6,,,,,,PSU,1,N,A,FIU17756,,0,0,,,,,,25.0837,81.080581,,,FIU,FIU,,,,,,,,,,,,
FLAB25,FLAB,7/6/99,SAMP,MON,SA,G,,3.6,,98,SALINITY,SALIN,35.6,D,,35.6,,,,,,PSU,1,N,A,FIU17757,,0,0,,,,,,25.0837,81.080581,,,FIU,FIU,,,,,,,,,,,,
FLAB25,FLAB,8/24/99,SAMP,MON,SA,G,,0.1,,98,SALINITY,SALIN,35.9,D,,35.9,,,,,,PSU,1,N,A,FIU17758,,0,0,,,,,,25.0837,81.080581,,,FIU,FIU,,,,,,,,,,,,
FLAB25,FLAB,8/24/99,SAMP,MON,SA,G,,3.6,,98,SALINITY,SALIN,36,D,,36,,,,,,PSU,1,N,A,FIU17759,,0,0,,,,,,25.0837,81.080581,,,FIU,FIU,,,,,,,,,,,,
FLAB25,FLAB,9/23/99,SAMP,MON,SA,G,,3.6,,98,SALINITY,SALIN,35.7,D,,35.7,,,,,,PSU,1,N,A,FIU17761,,0,0,,,,,,25.0837,81.080581,,,FIU,FIU,,,,,,,,,,,,
FLAB25,FLAB,9/23/99,SAMP,MON,SA,G,,0.1,,98,SALINITY,SALIN,35.8,D,,35.8,,,,,,PSU,1,N,A,FIU17760,,0,0,,,,,,25.0837,81.080581,,,FIU,FIU,,,,,,,,,,,,
FLAB25,FLAB,10/26/99,SAMP,MON,SA,G,,0.6,,98,SALINITY,SALIN,28.3,D,,28.3,,,,,,PSU,1,N,A,FIU17763,,0,0,,,,,,25.0837,81.080581,,,FIU,FIU,,,,,,,,,,,,
FLAB25,FLAB,10/26/99,SAMP,MON,SA,G,,0.1,,98,SALINITY,SALIN,28.3,D,,28.3,,,,,,PSU,1,N,A,FIU17762,,0,0,,,,,,25.0837,81.080581,,,FIU,FIU,,,,,,,,SM2520(b),,00480,,
FLAB25,FLAB,10/26/99,SAMP,MON,SA,G,,3.6,,98,SALINITY,SALIN,28.3,D,,28.3,,,,,,PSU,1,N,A,FIU17764,,0,0,,,,,,25.0837,81.080581,,,FIU,FIU,,,,,,,,SM2520(b),,00480,,
FLAB25,FLAB,11/12/99,SAMP,MON,SA,G,,0.1,,98,SALINITY,SALIN,28,D,,28,,,,,,PSU,1,N,A,FIU17765,,0,0,,,,,,25.0837,81.080581,,,FIU,FIU,,,,,,,,SM2520(b),,00480,,
FLAB25,FLAB,11/12/99,SAMP,MON,SA,G,,3.6,,98,SALINITY,SALIN,28.1,D,,28.1,,,,,,PSU,1,N,A,FIU17767,,0,0,,,,,,25.0837,81.080581,,,FIU,FIU,,,,,,,,SM2520(b),,00480,,
FLAB25,FLAB,11/12/99,SAMP,MON,SA,G,,0.6,,98,SALINITY,SALIN,28.1,D,,28.1,,,,,,PSU,1,N,A,FIU17766,,0,0,,,,,,25.0837,81.080581,,,FIU,FIU,,,,,,,,,,,,
FLAB25,FLAB,12/3/99,SAMP,MON,SA,G,,3.6,,98,SALINITY,SALIN,27.8,D,,27.8,,,,,,PSU,1,N,A,FIU17770,,0,0,,,,,,25.0837,81.080581,,,FIU,FIU,,,,,,,,SM2520(b),,00480,,
FLAB25,FLAB,12/3/99,SAMP,MON,SA,G,,0.6,,98,SALINITY,SALIN,27.8,D,,27.8,,,,,,PSU,1,N,A,FIU17769,,0,0,,,,,,25.0837,81.080581,,,FIU,FIU,,,,,,,,,,,,
FLAB25,FLAB,12/3/99,SAMP,MON,SA,G,,0.1,,98,SALINITY,SALIN,27.3,D,,27.3,,,,,,PSU,1,N,A,FIU17768,,0,0,,,,,,25.0837,81.080581,,,FIU,FIU,,,,,,,,SM2520(b),,00480,,
FLAB25,FLAB,1/25/00,SAMP,MON,SA,G,,0.6,,98,SALINITY,SALIN,29.9,D,,29.9,,,,,,PSU,1,N,A,FIU17772,,0,0,,,,,,25.0837,81.080581,,,FIU,FIU,,,,,,,,,,,,
FLAB25,FLAB,1/25/00,SAMP,MON,SA,G,,0.1,,98,SALINITY,SALIN,29,D,,29,,,,,,PSU,1,N,A,FIU17771,,0,0,,,,,,25.0837,81.080581,,,FIU,FIU,,,,,,,,,,,,
FLAB25,FLAB,1/25/00,SAMP,MON,SA,G,,3.6,,98,SALINITY,SALIN,29.9,D,,29.9,,,,,,PSU,1,N,A,FIU17773,,0,0,,,,,,25.0837,81.080581,,,FIU,FIU,,,,,,,,,,,,
FLAB25,FLAB,2/28/00,SAMP,MON,SA,G,,3.6,,98,SALINITY,SALIN,32.2,D,,32.2,,,,,,PSU,1,N,A,FIU17776,,0,0,,,,,,25.0837,81.080581,,,FIU,FIU,,,,,,,,,,,,
FLAB25,FLAB,2/28/00,SAMP,MON,SA,G,,0.6,,98,SALINITY,SALIN,32.2,D,,32.2,,,,,,PSU,1,N,A,FIU17775,,0,0,,,,,,25.0837,81.080581,,,FIU,FIU,,,,,,,,,,,,
FLAB25,FLAB,2/28/00,SAMP,MON,SA,G,,0.1,,98,SALINITY,SALIN,31.9,D,,31.9,,,,,,PSU,1,N,A,FIU17774,,0,0,,,,,,25.0837,81.080581,,,FIU,FIU,,,,,,,,,,,,
FLAB25,FLAB,3/21/00,SAMP,MON,SA,G,,0.1,,98,SALINITY,SALIN,33.9,D,,33.9,,,,,,PSU,1,N,A,FIU17777,,0,0,,,,,,25.0837,81.080581,,,FIU,FIU,,,,,,,,,,,,
FLAB25,FLAB,3/21/00,SAMP,MON,SA,G,,3.6,,98,SALINITY,SALIN,34,D,,34,,,,,,PSU,1,N,A,FIU17779,,0,0,,,,,,25.0837,81.080581,,,FIU,FIU,,,,,,,,,,,,
FLAB25,FLAB,3/21/00,SAMP,MON,SA,G,,0.6,,98,SALINITY,SALIN,34,D,,34,,,,,,PSU,1,N,A,FIU17778,,0,0,,,,,,25.0837,81.080581,,,FIU,FIU,,,,,,,,,,,,
FLAB25,FLAB,4/13/00,SAMP,MON,SA,G,,3.6,,98,SALINITY,SALIN,35.1,D,,35.1,,,,,,PSU,1,N,A,FIU17781,,0,0,,,,,,25.0837,81.080581,,,FIU,FIU,,,,,,,,SM2520(b),,00480,,
FLAB25,FLAB,4/13/00,SAMP,MON,SA,G,,0.1,,98,SALINITY,SALIN,35.2,D,,35.2,,,,,,PSU,1,N,A,FIU17780,,0,0,,,,,,25.0837,81.080581,,,FIU,FIU,,,,,,,,SM2520(b),,00480,,
FLAB25,FLAB,5/30/00,SAMP,MON,SA,G,,0.1,,98,SALINITY,SALIN,38,D,,38,,,,,,PSU,1,N,A,FIU17782,,0,0,,,,,,25.0837,81.080581,,,FIU,FIU,,,,,,,,SM2520(b),,00480,,
FLAB25,FLAB,5/30/00,SAMP,MON,SA,G,,3.6,,98,SALINITY,SALIN,38,D,,38,,,,,,PSU,1,N,A,FIU17783,,0,0,,,,,,25.0837,81.080581,,,FIU,FIU,,,,,,,,SM2520(b),,00480,,
FLAB25,FLAB,6/20/00,SAMP,MON,SA,G,,0.1,,98,SALINITY,SALIN,36.5,D,,36.5,,,,,,PSU,1,N,A,FIU17784,,0,0,,,,,,25.0837,81.080581,,,FIU,FIU,,,,,,,,SM2520(b),,00480,,
FLAB25,FLAB,6/20/00,SAMP,MON,SA,G,,3.6,,98,SALINITY,SALIN,36.9,D,,36.9,,,,,,PSU,1,N,A,FIU17785,,0,0,,,,,,25.0837,81.080581,,,FIU,FIU,,,,,,,,SM2520(b),,00480,,
FLAB25,FLAB,7/20/00,SAMP,MON,SA,G,,3.6,,98,SALINITY,SALIN,37.7,D,,37.7,,,,,,PSU,1,N,A,FIU17787,,0,0,,,,,,25.0837,81.080581,,,FIU,FIU,,,,,,,,SM2520(b),,00480,,
FLAB25,FLAB,7/20/00,SAMP,MON,SA,G,,0.1,,98,SALINITY,SALIN,37.6,D,,37.6,,,,,,PSU,1,N,A,FIU17786,,0,0,,,,,,25.0837,81.080581,,,FIU,FIU,,,,,,,,SM2520(b),,00480,,
FLAB25,FLAB,8/29/00,SAMP,MON,SA,G,,3.6,,98,SALINITY,SALIN,38.6,D,,38.6,,,,,,PSU,1,N,A,FIU17789,,0,0,,,,,,25.0837,81.080581,,,FIU,FIU,,,,,,,,SM2520(b),,00480,,
FLAB25,FLAB,8/29/00,SAMP,MON,SA,G,,0.1,,98,SALINITY,SALIN,38.6,D,,38.6,,,,,,PSU,1,N,A,FIU17788,,0,0,,,,,,25.0837,81.080581,,,FIU,FIU,,,,,,,,SM2520(b),,00480,,
FLAB25,FLAB,9/28/00,SAMP,MON,SA,G,,3.6,,98,SALINITY,SALIN,39.4,D,,39.4,,,,,,PSU,1,N,A,FIU17791,,0,0,,,,,,25.0837,81.080581,,,FIU,FIU,,,,,,,,SM2520(b),,00480,,
FLAB25,FLAB,9/28/00,SAMP,MON,SA,G,,0.1,,98,SALINITY,SALIN,39.4,D,,39.4,,,,,,PSU,1,N,A,FIU17790,,0,0,,,,,,25.0837,81.080581,,,FIU,FIU,,,,,,,,SM2520(b),,00480,,
FLAB25,FLAB,10/26/00,SAMP,MON,SA,G,,0.1,,98,SALINITY,SALIN,33,D,,33,,,,,,PSU,1,N,A,FIU17792,,0,0,,,,,,25.0837,81.080581,,,FIU,FIU,,,,,,,,SM2520(b),,00480,,
FLAB25,FLAB,10/26/00,SAMP,MON,SA,G,,3.6,,98,SALINITY,SALIN,33,D,,33,,,,,,PSU,1,N,A,FIU17793,,0,0,,,,,,25.0837,81.080581,,,FIU,FIU,,,,,,,,SM2520(b),,00480,,
FLAB25,FLAB,11/30/00,SAMP,MON,SA,G,,0.1,,98,SALINITY,SALIN,33.9,D,,33.9,,,,,,PSU,1,N,A,FIU17794,,0,0,,,,,,25.0837,81.080581,,,FIU,FIU,,,,,,,,SM2520(b),,00480,,
FLAB25,FLAB,11/30/00,SAMP,MON,SA,G,,3.6,,98,SALINITY,SALIN,33.9,D,,33.9,,,,,,PSU,1,N,A,FIU17795,,0,0,,,,,,25.0837,81.080581,,,FIU,FIU,,,,,,,,SM2520(b),,00480,,
FLAB25,FLAB,12/11/00,SAMP,MON,SA,G,,3.6,,98,SALINITY,SALIN,34.3,D,,34.3,,,,,,PSU,1,N,A,FIU17797,,0,0,,,,,,25.0837,81.080581,,,FIU,FIU,,,,,,,,SM2520(b),,00480,,
FLAB25,FLAB,12/11/00,SAMP,MON,SA,G,,0.1,,98,SALINITY,SALIN,34.2,D,,34.2,,,,,,PSU,1,N,A,FIU17796,,0,0,,,,,,25.0837,81.080581,,,FIU,FIU,,,,,,,,SM2520(b),,00480,,
FLAB25,FLAB,1/25/01,SAMP,MON,SA,G,,3.6,,98,SALINITY,SALIN,35.2,D,,35.2,,,,,,PSU,1,N,A,FIU17799,,0,0,,,,,,25.0837,81.080581,,,FIU,FIU,,,,,,,,SM2520(b),,00480,,
FLAB25,FLAB,1/25/01,SAMP,MON,SA,G,,0.1,,98,SALINITY,SALIN,35.2,D,,35.2,,,,,,PSU,1,N,A,FIU17798,,0,0,,,,,,25.0837,81.080581,,,FIU,FIU,,,,,,,,SM2520(b),,00480,,
FLAB25,FLAB,2/21/01,SAMP,MON,SA,G,,0.1,,98,SALINITY,SALIN,37.4,D,,37.4,,,,,,PSU,1,N,A,FIU17800,,0,0,,,,,,25.0837,81.080581,,,FIU,FIU,,,,,,,,SM2520(b),,00480,,
FLAB25,FLAB,2/21/01,SAMP,MON,SA,G,,3.6,,98,SALINITY,SALIN,37.3,D,,37.3,,,,,,PSU,1,N,A,FIU17801,,0,0,,,,,,25.0837,81.080581,,,FIU,FIU,,,,,,,,SM2520(b),,00480,,
FLAB25,FLAB,3/6/01,SAMP,MON,SA,G,,3.6,,98,SALINITY,SALIN,38.1,D,,38.1,,,,,,PSU,1,N,A,FIU17803,,0,0,,,,,,25.0837,81.080581,,,FIU,FIU,,,,,,,,SM2520(b),,00480,,
FLAB25,FLAB,3/6/01,SAMP,MON,SA,G,,0.1,,98,SALINITY,SALIN,38.2,D,,38.2,,,,,,PSU,1,N,A,FIU17802,,0,0,,,,,,25.0837,81.080581,,,FIU,FIU,,,,,,,,SM2520(b),,00480,,
FLAB25,FLAB,4/3/01,SAMP,MON,SA,G,,3.6,,98,SALINITY,SALIN,37.9,D,,37.9,,,,,,PSU,1,N,A,FIU17805,,0,0,,,,,,25.0837,81.080581,,,FIU,FIU,,,,,,,,SM2520(b),,00480,,
FLAB25,FLAB,4/3/01,SAMP,MON,SA,G,,0.1,,98,SALINITY,SALIN,37.9,D,,37.9,,,,,,PSU,1,N,A,FIU17804,,0,0,,,,,,25.0837,81.080581,,,FIU,FIU,,,,,,,,SM2520(b),,00480,,
FLAB25,FLAB,5/2/01,SAMP,MON,SA,G,,0.1,,98,SALINITY,SALIN,40.2,D,,40.2,,,,,,PSU,1,N,A,FIU17806,,0,0,,,,,,25.0837,81.080581,,,FIU,FIU,,,,,,,,SM2520(b),,00480,,
FLAB25,FLAB,5/2/01,SAMP,MON,SA,G,,3.6,,98,SALINITY,SALIN,40.2,D,,40.2,,,,,,PSU,1,N,A,FIU17807,,0,0,,,,,,25.0837,81.080581,,,FIU,FIU,,,,,,,,SM2520(b),,00480,,
FLAB25,FLAB,6/5/01,SAMP,MON,SA,G,,3.6,,98,SALINITY,SALIN,99,D,O,-99,,,,,,PSU,1,Y,A,FIU110807,,0,0,,,,,,25.0837,81.080581,,,FIU,FIU,,,,,,,,SM2520(b),,00480,,DATA LOST FROM LABORATORY.
FLAB25,FLAB,6/5/01,SAMP,MON,SA,G,,0.1,,98,SALINITY,SALIN,39.4,D,,39.4,,,,,,PSU,1,N,A,FIU110806,,0,0,,,,,,25.0837,81.080581,,,FIU,FIU,,,,,,,,SM2520(b),,00480,,
FLAB25,FLAB,7/12/01,SAMP,MON,SA,G,,0.1,,98,SALINITY,SALIN,40.6,D,,40.6,,,,,,PSU,1,N,A,FIU17808,,0,0,,,,,,25.0837,81.080581,,,FIU,FIU,,,,,,,,SM2520(b),,00480,,
FLAB25,FLAB,7/12/01,SAMP,MON,SA,G,,3.6,,98,SALINITY,SALIN,40.6,D,,40.6,,,,,,PSU,1,N,A,FIU17809,,0,0,,,,,,25.0837,81.080581,,,FIU,FIU,,,,,,,,SM2520(b),,00480,,
FLAB25,FLAB,8/14/01,SAMP,MON,SA,G,,3.6,,98,SALINITY,SALIN,36.9,D,,36.9,,,,,,PSU,1,N,A,FIU17811,,0,0,,,,,,25.0837,81.080581,,,FIU,FIU,,,,,,,,SM2520(b),,00480,,
FLAB25,FLAB,8/14/01,SAMP,MON,SA,G,,0.1,,98,SALINITY,SALIN,36.9,D,,36.9,,,,,,PSU,1,N,A,FIU17810,,0,0,,,,,,25.0837,81.080581,,,FIU,FIU,,,,,,,,SM2520(b),,00480,,
FLAB25,FLAB,9/5/01,SAMP,MON,SA,G,,0.1,,98,SALINITY,SALIN,38.3,D,,38.3,,,,,,PSU,1,N,A,FIU17812,,0,0,,,,,,25.0837,81.080581,,,FIU,FIU,,,,,,,,SM2520(b),,00480,,
FLAB25,FLAB,9/5/01,SAMP,MON,SA,G,,3.6,,98,SALINITY,SALIN,38.5,D,,38.5,,,,,,PSU,1,N,A,FIU17813,,0,0,,,,,,25.0837,81.080581,,,FIU,FIU,,,,,,,,SM2520(b),,00480,,
FLAB25,FLAB,10/23/01,SAMP,MON,SA,G,,3.6,,98,SALINITY,SALIN,31.9,D,,31.9,,,,,,PSU,1,N,A,FIU110553,,0,0,,,,,,25.0837,81.080581,,,FIU,FIU,,,,,,128025,,SM2520(b),,00480,,
FLAB25,FLAB,10/23/01,SAMP,MON,SA,G,,0.1,,98,SALINITY,SALIN,32,D,,32,,,,,,PSU,1,N,A,FIU110552,,0,0,,,,,,25.0837,81.080581,,,FIU,FIU,,,,,,128025,,SM2520(b),,00480,,
FLAB25,FLAB,11/8/01,SAMP,MON,SA,G,,3.6,,98,SALINITY,SALIN,27,D,,27,,,,,,PSU,1,N,A,FIU110555,,0,0,,,,,,25.0837,81.080581,,,FIU,FIU,,,,,,129025,,SM2520(b),,00480,,
FLAB25,FLAB,11/8/01,SAMP,MON,SA,G,,0.1,,98,SALINITY,SALIN,26.8,D,,26.8,,,,,,PSU,1,N,A,FIU110554,,0,0,,,,,,25.0837,81.080581,,,FIU,FIU,,,,,,129025,,SM2520(b),,00480,,
FLAB25,FLAB,12/3/01,SAMP,MON,SA,G,,3.6,,98,SALINITY,SALIN,28.3,D,,28.3,,,,,,PSU,1,N,A,FIU110557,,0,0,,,,,,25.0837,81.080581,,,FIU,FIU,,,,,,130025,,SM2520(b),,00480,,
FLAB25,FLAB,12/3/01,SAMP,MON,SA,G,,0.1,,98,SALINITY,SALIN,28.4,D,,28.4,,,,,,PSU,1,N,A,FIU110556,,0,0,,,,,,25.0837,81.080581,,,FIU,FIU,,,,,,130025,,SM2520(b),,00480,,
FLAB25,FLAB,1/29/02,SAMP,MON,SA,G,,3.6,,98,SALINITY,SALIN,30.3,D,,30.3,,,,,,PSU,1,N,A,FIU113185,,0,0,,,,,,25.0837,81.080581,,,FIU,FIU,,,,,,131025,,SM2520(b),,00480,,
FLAB25,FLAB,1/29/02,SAMP,MON,SA,G,,0.1,,98,SALINITY,SALIN,30.3,D,,30.3,,,,,,PSU,1,N,A,FIU113184,,0,0,,,,,,25.0837,81.080581,,,FIU,FIU,,,,,,131025,,SM2520(b),,00480,,
FLAB25,FLAB,2/20/02,SAMP,MON,SA,G,,0.1,,98,SALINITY,SALIN,32.3,D,,32.3,,,,,,PSU,1,N,A,FIU113186,,0,0,,,,,,25.0837,81.080581,,,FIU,FIU,,,,,,132025,,SM2520(b),,00480,,
FLAB25,FLAB,2/20/02,SAMP,MON,SA,G,,3.6,,98,SALINITY,SALIN,32.3,D,,32.3,,,,,,PSU,1,N,A,FIU113187,,0,0,,,,,,25.0837,81.080581,,,FIU,FIU,,,,,,132025,,SM2520(b),,00480,,
FLAB25,FLAB,3/19/02,SAMP,MON,SA,G,,3.6,,98,SALINITY,SALIN,31.4,D,,31.4,,,,,,PSU,1,N,A,FIU113189,,0,0,,,,,,25.0837,81.080581,,,FIU,FIU,,,,,,133025,,SM2520(b),,00480,,
FLAB25,FLAB,3/19/02,SAMP,MON,SA,G,,0.1,,98,SALINITY,SALIN,31.3,D,,31.3,,,,,,PSU,1,N,A,FIU113188,,0,0,,,,,,25.0837,81.080581,,,FIU,FIU,,,,,,133025,,SM2520(b),,00480,,
FLAB25,FLAB,4/9/02,SAMP,MON,SA,G,,0.1,,98,SALINITY,SALIN,33.8,,,33.8,,,,,,PSU,1,N,A,134025,,0,0,,,,,,25.0837,81.080581,,,FIU,FIU,,,,,,134025,,SM2520(B),,480,,
FLAB25,FLAB,4/9/02,SAMP,MON,SA,G,,3.6,,98,SALINITY,SALIN,33.9,D,,33.9,,,,,,PSU,1,N,A,FIU115055,,0,0,,,,,,25.0837,81.080581,,,FIU,FIU,,,,,,134025,,SM2520(b),,00480,,
FLAB25,FLAB,4/9/02,SAMP,MON,SA,G,,0.1,,98,SALINITY,SALIN,33.8,D,,33.8,,,,,,PSU,1,N,A,FIU115054,,0,0,,,,,,25.0837,81.080581,,,FIU,FIU,,,,,,134025,,SM2520(b),,00480,,
FLAB25,FLAB,4/9/02,SAMP,MON,SA,G,,3.6,,98,SALINITY,SALIN,33.9,,,33.9,,,,,,PSU,1,N,A,134025B,,0,0,,,,,,25.0837,81.080581,,,FIU,FIU,,,,,,134025,,SM2520(B),,480,,
FLAB25,FLAB,5/15/02,SAMP,MON,SA,G,,3.6,,98,SALINITY,SALIN,39.2,D,,39.2,,,,,,PSU,1,N,A,FIU115057,,0,0,,,,,,25.0837,81.080581,,,FIU,FIU,,,,,,135025,,SM2520(b),,00480,,
FLAB25,FLAB,5/15/02,SAMP,MON,SA,G,,0.1,,98,SALINITY,SALIN,38.4,D,,38.4,,,,,,PSU,1,N,A,FIU115056,,0,0,,,,,,25.0837,81.080581,,,FIU,FIU,,,,,,135025,,SM2520(b),,00480,,
FLAB25,FLAB,5/15/02,SAMP,MON,SA,G,,3.6,,98,SALINITY,SALIN,39.2,D,,39.2,,,,,,PSU,1,N,A,135025B,,0,0,,,,,,25.0837,81.080581,,,FIU,FIU,,,,,,135025,,SM2520(B),,480,,
FLAB25,FLAB,5/15/02,SAMP,MON,SA,G,,0.1,,98,SALINITY,SALIN,38.4,D,,38.4,,,,,,PSU,1,N,A,135025,,0,0,,,,,,25.0837,81.080581,,,FIU,FIU,,,,,,135025,,SM2520(B),,480,,
FLAB25,FLAB,6/4/02,SAMP,MON,SA,G,,3.6,,98,SALINITY,SALIN,37.6,D,,37.6,,,,,,PSU,1,N,A,136025B,,0,0,,,,,,25.0837,81.080581,,,FIU,FIU,,,,,,136025,,SM2520(B),,480,,
FLAB25,FLAB,6/4/02,SAMP,MON,SA,G,,0.1,,98,SALINITY,SALIN,37.5,D,,37.5,,,,,,PSU,1,N,A,FIU115058,,0,0,,,,,,25.0837,81.080581,,,FIU,FIU,,,,,,136025,,SM2520(b),,00480,,
FLAB25,FLAB,6/4/02,SAMP,MON,SA,G,,0.1,,98,SALINITY,SALIN,37.5,D,,37.5,,,,,,PSU,1,N,A,136025,,0,0,,,,,,25.0837,81.080581,,,FIU,FIU,,,,,,136025,,SM2520(B),,480,,
FLAB25,FLAB,6/4/02,SAMP,MON,SA,G,,3.6,,98,SALINITY,SALIN,37.6,D,,37.6,,,,,,PSU,1,N,A,FIU115059,,0,0,,,,,,25.0837,81.080581,,,FIU,FIU,,,,,,136025,,SM2520(b),,00480,,
FLAB25,FLAB,7/11/02,SAMP,MON,SA,G,,0.1,,98,SALINITY,SALIN,31.5,D,,31.5,,,,,,PSU,1,N,A,137025,,0,0,,,,,,25.0837,81.080581,,,FIU,FIU,,,,,,137025,,SM2520(B),,480,,
FLAB25,FLAB,7/11/02,SAMP,MON,SA,G,,3.6,,98,SALINITY,SALIN,31.5,D,,31.5,,,,,,PSU,1,N,A,137025B,,0,0,,,,,,25.0837,81.080581,,,FIU,FIU,,,,,,137025B,,SM2520(B),,480,,
FLAB25,FLAB,8/19/02,SAMP,MON,SA,G,,3.6,,98,SALINITY,SALIN,36.1,D,,36.1,,,,,,PSU,1,N,A,138025B,,0,0,,,,,,25.0837,81.080581,,,FIU,FIU,,,,,,138025B,,SM2520(B),,00480,,
FLAB25,FLAB,8/19/02,SAMP,MON,SA,G,,0.1,,98,SALINITY,SALIN,36.1,D,,36.1,,,,,,PSU,1,N,A,138025,,0,0,,,,,,25.0837,81.080581,,,FIU,FIU,,,,,,138025,,SM2520(B),,00480,,
FLAB25,FLAB,9/17/02,SAMP,MON,SA,G,,3.6,,98,SALINITY,SALIN,35.8,D,,35.8,,,,,,PSU,1,N,A,139025B,,0,0,,,,,,25.0837,81.080581,,,FIU,FIU,,,,,,139025B,,SM2520(B),,00480,,
FLAB25,FLAB,9/17/02,SAMP,MON,SA,G,,0.1,,98,SALINITY,SALIN,35.8,D,,35.8,,,,,,PSU,1,N,A,139025,,0,0,,,,,,25.0837,81.080581,,,FIU,FIU,,,,,,139025,,SM2520(B),,00480,,
FLAB25,FLAB,10/17/02,SAMP,MON,SA,G,,3.6,,98,SALINITY,SALIN,36.8,D,,36.8,,,,,,PSU,1,N,A,140025B,,0,0,,,,,,25.0837,81.080581,,,FIU,FIU,,,,,,140025B,,SM2520(B),,00480,,
FLAB25,FLAB,10/17/02,SAMP,MON,SA,G,,0.1,,98,SALINITY,SALIN,36.8,D,,36.8,,,,,,PSU,1,N,A,140025,,0,0,,,,,,25.0837,81.080581,,,FIU,FIU,,,,,,140025,,SM2520(B),,00480,,
FLAB25,FLAB,11/14/02,SAMP,MON,SA,G,,0.1,,98,SALINITY,SALIN,37.5,D,,37.5,,,,,,PSU,1,N,A,141025,,0,0,,,,,,25.0837,81.080581,,,FIU,FIU,,,,,,141025,,SM2520(B),,00480,,
FLAB25,FLAB,11/14/02,SAMP,MON,SA,G,,3.6,,98,SALINITY,SALIN,37.5,D,,37.5,,,,,,PSU,1,N,A,141025B,,0,0,,,,,,25.0837,81.080581,,,FIU,FIU,,,,,,141025B,,SM2520(B),,00480,,
FLAB25,FLAB,12/11/02,SAMP,MON,SA,G,,3.6,,98,SALINITY,SALIN,30.6,D,,30.6,,,,,,PSU,1,N,A,142025B,,0,0,,,,,,25.0837,81.080581,,,FIU,FIU,,,,,,142025B,,SM2520(B),,00480,,
FLAB25,FLAB,12/11/02,SAMP,MON,SA,G,,0.1,,98,SALINITY,SALIN,30.9,D,,30.9,,,,,,PSU,1,N,A,142025,,0,0,,,,,,25.0837,81.080581,,,FIU,FIU,,,,,,142025,,SM2520(B),,00480,,
FLAB25,FLAB,1/28/03,SAMP,MON,SA,G,,3.6,,98,SALINITY,SALIN,31.1,D,,31.1,,,,,,PSU,1,N,A,143025B,,0,0,,,,,,25.0837,81.080581,,,FIU,FIU,,,,,,143025B,,SM2520(B),,00480,,
FLAB25,FLAB,1/28/03,SAMP,MON,SA,G,,0.1,,98,SALINITY,SALIN,31,D,,31,,,,,,PSU,1,N,A,143025,,0,0,,,,,,25.0837,81.080581,,,FIU,FIU,,,,,,143025,,SM2520(B),,00480,,
FLAB25,FLAB,2/25/03,SAMP,MON,SA,G,,3.6,,98,SALINITY,SALIN,29.1,D,,29.1,,,,,,PSU,1,N,A,144025B,,0,0,,,,,,25.0837,81.080581,,,FIU,FIU,,,,,,144025B,,SM2520(B),,00480,,
FLAB25,FLAB,2/25/03,SAMP,MON,SA,G,,0.1,,98,SALINITY,SALIN,30.2,D,,30.2,,,,,,PSU,1,N,A,144025,,0,0,,,,,,25.0837,81.080581,,,FIU,FIU,,,,,,144025,,SM2520(B),,00480,,
FLAB25,FLAB,3/13/03,SAMP,MON,SA,G,,3.6,,98,SALINITY,SALIN,34.7,D,,34.7,,,,,,PSU,1,N,A,145025B,,0,0,,,,,,25.0837,81.080581,,,FIU,FIU,,,,,,145025B,,SM2520(B),,00480,,
FLAB25,FLAB,3/13/03,SAMP,MON,SA,G,,0.1,,98,SALINITY,SALIN,34.7,D,,34.7,,,,,,PSU,1,N,A,145025,,0,0,,,,,,25.0837,81.080581,,,FIU,FIU,,,,,,145025,,SM2520(B),,00480,,
FLAB25,FLAB,4/9/03,SAMP,MON,SA,G,,0.1,,98,SALINITY,SALIN,34.1,D,,34.1,,,,,,PSU,1,N,A,146025,,0,0,,,,,,25.0837,81.080581,,,FIU,FIU,,,,,,146025,,SM2520(B),,480,,
FLAB25,FLAB,4/9/03,SAMP,MON,SA,G,,3.6,,98,SALINITY,SALIN,33.9,D,,33.9,,,,,,PSU,1,N,A,146025B,,0,0,,,,,,25.0837,81.080581,,,FIU,FIU,,,,,,146025B,,SM2520(B),,480,,
FLAB25,FLAB,5/8/03,SAMP,MON,SA,G,,0.1,,98,SALINITY,SALIN,32.6,D,,32.6,,,,,,PSU,1,N,A,147025,,0,0,,,,,,25.0837,81.080581,,,FIU,FIU,,,,,,147025,,SM2520(B),,480,,
FLAB25,FLAB,5/8/03,SAMP,MON,SA,G,,3.6,,98,SALINITY,SALIN,32.5,D,,32.5,,,,,,PSU,1,N,A,147025B,,0,0,,,,,,25.0837,81.080581,,,FIU,FIU,,,,,,147025B,,SM2520(B),,480,,
FLAB25,FLAB,6/10/03,SAMP,MON,SA,G,,0.1,,98,SALINITY,SALIN,34.7,D,,34.7,,,,,,PSU,1,N,A,148025,,0,0,,,,,,25.0837,81.080581,,,FIU,FIU,,,,,,148025,,SM2520(B),,480,,
FLAB25,FLAB,6/10/03,SAMP,MON,SA,G,,3.6,,98,SALINITY,SALIN,34.8,D,,34.8,,,,,,PSU,1,N,A,148025B,,0,0,,,,,,25.0837,81.080581,,,FIU,FIU,,,,,,148025B,,SM2520(B),,480,,
FLAB25,FLAB,7/1/03,SAMP,MON,SA,G,,0.1,,98,SALINITY,SALIN,35.2,D,,35.2,,,,,,PSU,1,N,A,149025,,0,0,,,,,,25.0837,81.080581,,,FIU,FIU,,,,,,149025,,SM2520(B),,480,,
FLAB25,FLAB,7/1/03,SAMP,MON,SA,G,,3.6,,98,SALINITY,SALIN,35.2,D,,35.2,,,,,,PSU,1,N,A,149025B,,0,0,,,,,,25.0837,81.080581,,,FIU,FIU,,,,,,149025B,,SM2520(B),,480,,
FLAB25,FLAB,8/25/03,SAMP,MON,SA,G,,0.1,,98,SALINITY,SALIN,36.2,D,,36.2,,,,,,PSU,1,N,A,150025,,0,0,,,,,,25.0837,81.080581,,,FIU,FIU,,,,,,150025,,SM2520(B),,480,,
FLAB25,FLAB,8/25/03,SAMP,MON,SA,G,,3.6,,98,SALINITY,SALIN,36.1,D,,36.1,,,,,,PSU,1,N,A,150025B,,0,0,,,,,,25.0837,81.080581,,,FIU,FIU,,,,,,150025B,,SM2520(B),,480,,
FLAB25,FLAB,9/9/03,SAMP,MON,SA,G,,3.6,,98,SALINITY,SALIN,36.4,D,,36.4,,,,,,PSU,1,N,A,151025B,,0,0,,,,,,25.0837,81.080581,,,FIU,FIU,,,,,,151025B,,SM2520(B),,480,,
FLAB25,FLAB,9/9/03,SAMP,MON,SA,G,,0.1,,98,SALINITY,SALIN,36.4,D,,36.4,,,,,,PSU,1,N,A,151025,,0,0,,,,,,25.0837,81.080581,,,FIU,FIU,,,,,,151025,,SM2520(B),,480,,
FLAB25,FLAB,10/15/03,SAMP,MON,SA,G,,0.1,,98,SALINITY,SALIN,37,D,,37,,,,,,PSU,1,N,A,152025,,0,0,,,,,,25.0837,81.080581,,,FIU,FIU,,,,,,152025,,SM2520(B),,480,,
FLAB25,FLAB,10/15/03,SAMP,MON,SA,G,,3.6,,98,SALINITY,SALIN,37,D,,37,,,,,,PSU,1,N,A,152025B,,0,0,,,,,,25.0837,81.080581,,,FIU,FIU,,,,,,152025B,,SM2520(B),,480,,
FLAB25,FLAB,11/7/03,SAMP,MON,SA,G,,3.6,,98,SALINITY,SALIN,31,D,,31,,,,,,PSU,1,N,A,153025B,,0,0,,,,,,25.0837,81.080581,,,FIU,FIU,,,,,,153025B,,SM2520(B),,480,,
FLAB25,FLAB,11/7/03,SAMP,MON,SA,G,,0.1,,98,SALINITY,SALIN,31,D,,31,,,,,,PSU,1,N,A,153025,,0,0,,,,,,25.0837,81.080581,,,FIU,FIU,,,,,,153025,,SM2520(B),,480,,
FLAB25,FLAB,12/3/03,SAMP,MON,SA,G,,0.1,,98,SALINITY,SALIN,30.5,D,,30.5,,,,,,PSU,1,N,A,154025,,0,0,,,,,,25.0837,81.080581,,,FIU,FIU,,,,,,154025,,SM2520(B),,480,,
FLAB25,FLAB,12/3/03,SAMP,MON,SA,G,,3.6,,98,SALINITY,SALIN,30.4,D,,30.4,,,,,,PSU,1,N,A,154025B,,0,0,,,,,,25.0837,81.080581,,,FIU,FIU,,,,,,154025B,,SM2520(B),,480,,
FLAB25,FLAB,1/21/04,SAMP,MON,SA,G,,0.1,,98,SALINITY,SALIN,32.7,D,,32.7,,,,,,PSU,1,N,A,155025,,0,0,,,,,,25.0837,81.080581,,,FIU,FIU,,,,,,155025,,SM2520(B),,480,,
FLAB25,FLAB,2/24/04,SAMP,MON,SA,G,,0.1,,98,SALINITY,SALIN,32.8,D,,32.8,,,,,,PSU,1,N,A,156025,,0,0,,,,,,25.0837,81.080581,,,FIU,FIU,,,,,,156025,,SM2520(B),,480,,
FLAB25,FLAB,3/23/04,SAMP,MON,SA,G,,0.1,,98,SALINITY,SALIN,33,D,,33,,,,,,PSU,1,N,A,157025,,0,0,,,,,,25.0837,81.080581,,,FIU,FIU,,,,,,157025,,SM2520(B),,480,,
FLAB25,FLAB,10/9/06,SAMP,MON,SA,G,,0,,98,SALINITY,SALIN,35.56,,,35.6,,1,,,,PSU,1,N,A,FB188FB025UA,,0,0,,,,,,25.0837,81.080581,FIU,E76930,FIU,WMD,WMD,2,BA,CA,,AB64827,10/9/06 12:38,SM18 2520 B,,480,,
FLAB25,FLAB,10/9/06,SAMP,MON,SA,G,,0,,98,SALINITY,SALIN,35.59,,,35.6,,1,,,,PSU,1,N,A,FB188FB025UAB,,0,0,,,,,,25.0837,81.080581,FIU,E76930,FIU,WMD,WMD,2,BA,CA,,AB64827_B,,SM18 2520 B,,480,Measurements done close to the bottom.,
FLAB25,FLAB,11/7/06,SAMP,MON,SA,G,,0,,98,SALINITY,SALIN,34.58,,,34.6,,1,,,,PSU,1,N,A,FB189FB025UA,,0,0,,,,,,25.0837,81.080581,FIU,E76930,FIU,WMD,WMD,2,BA,CA,,AB70908,11/7/06 13:41,SM18 2520 B,,480,,
FLAB25,FLAB,11/7/06,SAMP,MON,SA,G,,0,,98,SALINITY,SALIN,34.66,,,34.7,,1,,,,PSU,1,N,A,FB189FB025UAB,,0,0,,,,,,25.0837,81.080581,FIU,E76930,FIU,WMD,WMD,2,BA,CA,,AB70908_B,,SM18 2520 B,,480,Measurements done close to the bottom.,
FLAB25,FLAB,12/3/06,SAMP,MON,SA,G,,0,,98,SALINITY,SALIN,31.62,,,31.6,,1,,,,PSU,1,N,A,FB190FB025UA,,0,0,,,,,,25.0837,81.080581,FIU,E76930,FIU,WMD,WMD,2,BA,CA,,AB72228,12/3/06 12:32,SM18 2520 B,,480,,
FLAB25,FLAB,12/3/06,SAMP,MON,SA,G,,0,,98,SALINITY,SALIN,31.61,,,31.6,,1,,,,PSU,1,N,A,FB190FB025UAB,,0,0,,,,,,25.0837,81.080581,FIU,E76930,FIU,WMD,WMD,2,BA,CA,,AB72228_B,,SM18 2520 B,,480,Measurements done close to the bottom.,
FLAB25,FLAB,1/11/07,SAMP,MON,SA,G,,0,,98,SALINITY,SALIN,33.36,,,33.4,,1,,,,PSU,1,N,A,FB191FB025UA,,0,0,,,,,,25.0837,81.080581,FIU,E76930,FIU,WMD,WMD,2,BA,CA,,AB74884,1/11/07 9:56,SM18 2520 B,,480,,
FLAB25,FLAB,1/11/07,SAMP,MON,SA,G,,0,,98,SALINITY,SALIN,33.39,,,33.4,,1,,,,PSU,1,N,A,FB191FB025UAB,,0,0,,,,,,25.0837,81.080581,FIU,E76930,FIU,WMD,WMD,2,BA,CA,,AB74884_B,,SM18 2520 B,,480,Measurements done close to the bottom.,
FLAB25,FLAB,2/7/07,SAMP,MON,SA,G,,0,,98,SALINITY,SALIN,33.6,,,33.6,,1,,,,PSU,1,N,A,FB192FB025UA,,0,0,,,,,,25.0837,81.080581,FIU,E76930,FIU,WMD,WMD,2,BA,CA,,AB76782,2/7/07 12:44,SM18 2520 B,,480,,
FLAB25,FLAB,2/7/07,SAMP,MON,SA,G,,0,,98,SALINITY,SALIN,33.62,,,33.6,,1,,,,PSU,1,N,A,FB192FB025UAB,,0,0,,,,,,25.0837,81.080581,FIU,E76930,FIU,WMD,WMD,2,BA,CA,,AB76782_B,,SM18 2520 B,,480,Measurements done close to the bottom.,
FLAB25,FLAB,3/12/07,SAMP,MON,SA,G,,0,,98,SALINITY,SALIN,35.44,,,35.4,,1,,,,PSU,1,N,A,FB193FB025UA,,0,0,,,,,,25.0837,81.080581,FIU,E76930,FIU,WMD,WMD,2,BA,CA,,AB78032,3/12/07 13:15,SM18 2520 B,,480,,
FLAB25,FLAB,3/12/07,SAMP,MON,SA,G,,0,,98,SALINITY,SALIN,35.45,,,35.4,,1,,,,PSU,1,N,A,FB193FB025UAB,,0,0,,,,,,25.0837,81.080581,FIU,E76930,FIU,WMD,WMD,2,BA,CA,,AB78032_B,,SM18 2520 B,,480,Measurements done close to the bottom.,
FLAB25,FLAB,4/3/07,SAMP,MON,SA,G,,0,,98,SALINITY,SALIN,36.99,,,37,,1,,,,PSU,1,N,A,FB194FB025UA,,0,0,,,,,,25.0837,81.080581,FIU,E76930,FIU,WMD,WMD,2,BA,CA,,AB79057,4/3/07 11:19,SM18 2520 B,,480,,
FLAB25,FLAB,4/3/07,SAMP,MON,SA,G,,0,,98,SALINITY,SALIN,36.99,,,37,,1,,,,PSU,1,N,A,FB194FB025UAB,,0,0,,,,,,25.0837,81.080581,FIU,E76930,FIU,WMD,WMD,2,BA,CA,,AB79057_B,,SM18 2520 B,,480,Measurements done close to the bottom.,
FLAB25,FLAB,5/1/07,SAMP,MON,SA,G,,0,,98,SALINITY,SALIN,36.85,,,36.8,,1,,,,PSU,1,N,A,FB195FB025UA,,0,0,,,,,,25.0837,81.080581,FIU,E76930,FIU,WMD,WMD,2,BA,CA,,AB82118,5/1/07 12:01,SM18 2520 B,,480,,
FLAB25,FLAB,5/1/07,SAMP,MON,SA,G,,0,,98,SALINITY,SALIN,36.87,,,36.9,,1,,,,PSU,1,N,A,FB195FB025UAB,,0,0,,,,,,25.0837,81.080581,FIU,E76930,FIU,WMD,WMD,2,BA,CA,,AB82118_B,,SM18 2520 B,,480,Measurements done close to the bottom.,
FLAB25,FLAB,6/6/07,SAMP,MON,SA,G,,0,,98,SALINITY,SALIN,37.79,,,37.8,,1,,,,PSU,1,N,A,FB196FB025UA,,0,0,,,,,,25.0837,81.080581,FIU,E76930,FIU,WMD,WMD,2,BA,CA,,AB84017,6/6/07 13:10,SM18 2520 B,,480,,
FLAB25,FLAB,6/6/07,SAMP,MON,SA,G,,0,,98,SALINITY,SALIN,37.8,,,37.8,,1,,,,PSU,1,N,A,FB196FB025UAB,,0,0,,,,,,25.0837,81.080581,FIU,E76930,FIU,WMD,WMD,2,BA,CA,,AB84017_B,,SM18 2520 B,,480,Measurements done close to the bottom.,
FLAB25,FLAB,7/3/07,SAMP,MON,SA,G,,0,,98,SALINITY,SALIN,37.88,A,,37.9,,1,,,,PSU,1,N,A,FB197FB025UA,,0,0,,,,,,25.0837,81.080581,FIU,E76930,FIU,WMD,WMD,2,BA,CA,,AB85596,7/3/07 11:53,SM18 2520 B,,480,,
FLAB25,FLAB,7/3/07,SAMP,MON,SA,G,,0,,98,SALINITY,SALIN,37.86,A,,37.9,,1,,,,PSU,1,N,A,FB197FB025UAB,,0,0,,,,,,25.0837,81.080581,FIU,E76930,FIU,WMD,WMD,2,BA,CA,,AB85596_B,,SM18 2520 B,,480,Measurements done close to the bottom.,
FLAB25,FLAB,8/7/07,SAMP,MON,SA,G,,0,,98,SALINITY,SALIN,39.22,A,,39.2,,1,,,,PSU,1,N,A,FB198FB025UA,,0,0,,,,,,25.0837,81.080581,FIU,E76930,FIU,WMD,WMD,2,BA,CA,,AB89053,8/7/07 11:15,SM18 2520 B,,480,,
FLAB25,FLAB,8/7/07,SAMP,MON,SA,G,,0,,98,SALINITY,SALIN,39.23,A,,39.2,,1,,,,PSU,1,N,A,FB198FB025UAB,,0,0,,,,,,25.0837,81.080581,FIU,E76930,FIU,WMD,WMD,2,BA,CA,,AB89053_B,,SM18 2520 B,,480,Measurements done close to the bottom.,
FLAB25,FLAB,9/5/07,SAMP,MON,SA,G,,0,,98,SALINITY,SALIN,40.28,A,,40.3,,1,,,,PSU,1,N,A,FB199FB025UA,,0,0,,,,,,25.0837,81.080581,FIU,E76930,FIU,WMD,WMD,2,BA,CA,,AB90724,9/5/07 10:39,SM18 2520 B,,480,,
FLAB25,FLAB,9/5/07,SAMP,MON,SA,G,,0,,98,SALINITY,SALIN,40.26,A,,40.3,,1,,,,PSU,1,N,A,FB199FB025UAB,,0,0,,,,,,25.0837,81.080581,FIU,E76930,FIU,WMD,WMD,2,BA,CA,,AB90724_B,,SM18 2520 B,,480,Measurements done close to the bottom.,
FLAB25,FLAB,10/4/07,SAMP,MON,SA,G,,0,,98,SALINITY,SALIN,37.69,,,37.7,,1,,,,PSU,1,N,A,FB200FB025,,0,0,,,,,,25.0837,81.080581,FIU,E76930,FIU,WMD,WMD,2,BA,CA,,AB92301,10/4/07 12:02,SM18 2520 B,,480,,
FLAB25,FLAB,11/6/07,SAMP,MON,SA,G,,0,,98,SALINITY,SALIN,30.76,,,30.8,,1,,,,PSU,1,N,A,FB201FB025,,0,0,,,,,,25.0837,81.080581,FIU,E76930,FIU,WMD,WMD,2,BA,CA,,AB93895,11/6/07 12:07,SM18 2520 B,,480,,
FLAB25,FLAB,12/7/07,SAMP,MON,SA,G,,0,,98,SALINITY,SALIN,34.19,,,34.2,,1,,,,PSU,1,N,A,FB202FB025,,0,0,,,,,,25.0837,81.080581,FIU,E76930,FIU,WMD,WMD,2,BA,CA,,AB94313,12/7/07 11:02,SM18 2520 B,,480,,
FLAB25,FLAB,1/9/08,SAMP,MON,SA,G,,0,,98,SALINITY,SALIN,35.32,,,35.3,,1,,,,PSU,1,N,A,FB203FB025,,0,0,,,,,,25.0837,81.080581,FIU,E76930,FIU,WMD,WMD,2,BA,CA,,AB95224,1/9/08 11:23,SM18 2520 B,,480,,
FLAB25,FLAB,1/9/08,SAMP,MON,SA,G,,0,,98,SALINITY,SALIN,35.54,,,35.5,,1,,,,PSU,1,N,A,FB203FB025B,,0,0,,,,,,25.0837,81.080581,FIU,E76930,FIU,WMD,WMD,2,BA,CA,,AB95224_B,,SM18 2520 B,,480,Measurements done close to the bottom.,
FLAB25,FLAB,2/8/08,SAMP,MON,SA,G,,0,,98,SALINITY,SALIN,38.9,,,38.9,,1,,,,PSU,1,N,A,FB204FB025,,0,0,,,,,,25.0837,81.080581,FIU,E76930,FIU,WMD,WMD,2,BA,CA,,AB95739,2/8/08 12:30,SM18 2520 B,,480,,
FLAB25,FLAB,2/8/08,SAMP,MON,SA,G,,0,,98,SALINITY,SALIN,38.89,,,38.9,,1,,,,PSU,1,N,A,FB204FB025B,,0,0,,,,,,25.0837,81.080581,FIU,E76930,FIU,WMD,WMD,2,BA,CA,,AB95739_B,,SM18 2520 B,,480,Measurements done close to the bottom.,
FLAB25,FLAB,3/5/08,SAMP,MON,SA,G,,0,,98,SALINITY,SALIN,37.67,,,37.7,,1,,,,PSU,1,N,A,FB205FB025,,0,0,,,,,,25.0837,81.080581,FIU,E76930,FIU,WMD,WMD,2,BA,CA,,AB95987,3/5/08 12:38,SM18 2520 B,,480,,
FLAB25,FLAB,3/5/08,SAMP,MON,SA,G,,0,,98,SALINITY,SALIN,37.76,,,37.8,,1,,,,PSU,1,N,A,FB205FB025B,,0,0,,,,,,25.0837,81.080581,FIU,E76930,FIU,WMD,WMD,2,BA,CA,,AB95987_B,,SM18 2520 B,,480,Measurements done close to the bottom.,
FLAB25,FLAB,4/2/08,SAMP,MON,SA,G,,0,,98,SALINITY,SALIN,35.56,,,35.6,,1,,,,PSU,1,N,A,FB206FB025,,0,0,,,,,,25.0837,81.080581,FIU,E76930,FIU,WMD,WMD,2,BA,CA,4/2/08 12:50,AB96576,4/2/08 12:50,SM18 2520 C,,480,,
FLAB25,FLAB,4/2/08,SAMP,MON,SA,G,,0,,98,SALINITY,SALIN,38.69,,,38.7,,1,,,,PSU,1,N,A,FB206FB025B,,0,0,,,,,,25.0837,81.080581,FIU,E76930,FIU,WMD,WMD,2,BA,CA,4/2/08 12:52,AB96576_B,4/2/08 12:52,SM18 2520 C,,480,Measurements done close to the bottom.,
FLAB25,FLAB,5/7/08,SAMP,MON,SA,G,,0,,98,SALINITY,SALIN,40.12,,,40.1,,1,,,,PSU,1,N,A,FB207FB025,,0,0,,,,,,25.0837,81.080581,FIU,E76930,FIU,WMD,WMD,2,BA,CA,5/7/08 10:18,AB97320,5/7/08 10:18,SM18 2520 C,,480,,
FLAB25,FLAB,5/7/08,SAMP,MON,SA,G,,0,,98,SALINITY,SALIN,40.14,,,40.1,,1,,,,PSU,1,N,A,FB207FB025B,,0,0,,,,,,25.0837,81.080581,FIU,E76930,FIU,WMD,WMD,2,BA,CA,5/7/08 10:20,AB97320_B,5/7/08 10:20,SM18 2520 C,,480,Measurements done close to the bottom.,
FLAB25,FLAB,6/4/08,SAMP,MON,SA,G,,0,,98,SALINITY,SALIN,40.99,,,41,,1,,,,PSU,1,N,A,FB208FB025,,0,0,,,,,,25.0837,81.080581,FIU,E76930,FIU,WMD,WMD,2,BA,CA,6/4/08 10:56,AB97884,6/4/08 10:56,SM18 2520 C,,480,,
FLAB25,FLAB,6/4/08,SAMP,MON,SA,G,,0,,98,SALINITY,SALIN,41.1,,,41.1,,1,,,,PSU,1,N,A,FB208FB025B,,0,0,,,,,,25.0837,81.080581,FIU,E76930,FIU,WMD,WMD,2,BA,CA,6/4/08 10:58,AB97884_B,6/4/08 10:58,SM18 2520 C,,480,Measurements done close to the bottom.,
FLAB25,FLAB,1/7/09,SAMP,MON,SA,G,,0.5,,98,SALINITY,SALIN,34,,,34,,1,,,,PSU,1,N,A,P42963-9,,1,2,,,3.3,,,25.0837,81.080581,FWEC,E46077,WMD,WMD,WMD,2,BA,NO,1/8/09 9:36,16142009,1/7/09 10:12,,,00480,light winds and light chop.  Sample with no visable solids.  Low incoming flow.  good deal of plant matter/alga observed in water column.,
FLAB25,FLAB,2/12/09,SAMP,MON,SA,G,,0.5,,98,SALINITY,SALIN,33.9,,,33.9,,1,,,,PSU,1,N,A,P42978-6,,1,2,,,2.4,,,25.0837,81.080581,FWEC,E46077,WMD,WMD,WMD,2,BA,NO,2/12/09 15:47,16157006,2/12/09 11:55,,,00480,Very calm conditions.  No wind and very little flow.  Sample clear.,
FLAB25,FLAB,3/16/09,SAMP,MON,SA,G,,0.5,,98,SALINITY,SALIN,37.3,,,37.3,,1,,,,PSU,1,N,A,P43361-6,,1,3,,,3.15,,,25.0837,81.080581,FWEC,E46077,WMD,WMD,WMD,2,BA,NO,3/17/09 10:29,16639006,3/16/09 14:11,,,00480,Increasing clouds and increasing winds.  light chop.  Sample clear.,
FLAB25,FLAB,4/20/09,SAMP,MON,SA,G,,0.5,,98,SALINITY,SALIN,38.8,,,38.8,,1,,,,PSU,1,N,A,P43542-6,,1,3,,,3.9,,,25.0837,81.080581,FWEC,E46077,WMD,WMD,WMD,2,BA,NO,4/21/09 9:50,16865006,4/20/09 11:55,,,00480,choppy conditions with medium swell. Sample clear of solids.,
FLAB25,FLAB,5/18/09,SAMP,MON,SA,G,,0.5,,98,SALINITY,SALIN,42.8,,,42.8,,1,,,,PSU,1,N,A,P43936-6,,1,3,,,3.8,,,25.0837,81.080581,FWEC,E46077,WMD,WMD,WMD,2,BA,NO,5/19/09 9:50,17327006,5/18/09 15:04,,,00480,Strog wind and moderate chop.  Sample clear,
FLAB25,FLAB,6/11/09,SAMP,MON,SA,G,,0.5,,98,SALINITY,SALIN,40.1,,,40.1,,1,,,,PSU,1,N,A,P43955-6,,1,2,,,2.9,,,25.0837,81.080581,FWEC,E46077,WMD,WMD,WMD,2,BA,NO,6/11/09 16:09,17348006,6/11/09 11:44,,,00480,Calm conditions.  Sample clear of solids.,
FLAB25,FLAB,7/20/09,SAMP,MON,SA,G,,0.5,,98,SALINITY,SALIN,38,,,38,,1,,,,PSU,1,N,A,P44584-6,,1,2,,,3.71,,,25.0837,81.080581,FWEC,E46077,WMD,WMD,WMD,2,BA,NO,7/21/09 10:16,18191020,7/20/09 13:23,,,00480,"sample clear, no solids.  strong incoming flow.  calm seas. sunny, temp 95-97 degrees F.",
FLAB25,FLAB,8/17/09,SAMP,MON,SA,G,,0.5,,98,SALINITY,SALIN,37.2,,,37.2,,1,,,,PSU,1,N,A,P44716-6,,1,2,,,3.9,,,25.0837,81.080581,FWEC,E46077,WMD,WMD,WMD,2,BA,NO,8/18/09 11:13,18361017,8/17/09 12:22,,,00480,"Sample clear, no visible solids.  Slight sediment in sample bucket.  Seaweed on surface. Very rough conditions.  Seas 4-4, wind 20 knots.  Sunny with some cloud coverage.  Temperature low to mid 90's degrees F.",
FLAB25,FLAB,9/15/09,SAMP,MON,SA,G,,0.5,,98,SALINITY,SALIN,38,,,38,,1,,,,PSU,1,N,A,P45421-8,,1,2,,,3.8,,,25.0837,81.080581,FWEC,E46077,WMD,WMD,WMD,2,BA,NO,9/16/09 10:46,19266008,9/15/09 9:45,,,00480,"Sample clear, with low solids.  Some sediment in sample bucket.  Moderate incoming flow, light chop on water.  Soem seagrass floating on water surface.",
FLAB25,FLAB,10/12/09,SAMP,MON,SA,G,,0.5,,98,SALINITY,SALIN,37.7,,,37.7,,1,,,,PSU,1,N,A,P45906-6,,1,2,,,3.2,,,25.0837,81.080581,FWEC,E46077,WMD,WMD,WMD,2,BA,NO,10/13/09 9:43,19878006,10/12/09 12:35,,,00480,Sample clear with no visible solids. Moderate flow. 2.5' chop on water's surface with winds approx. 15-20 mph.,
FLAB25,FLAB,11/12/09,SAMP,MON,SA,G,,0.5,,98,SALINITY,SALIN,38,,,38,,1,,,,PSU,1,N,A,P46183-11,,1,4,,,3.9,,,25.0837,81.080581,FWEC,E46077,WMD,WMD,WMD,2,BA,NO,11/13/09 10:04,20232011,11/12/09 9:53,,,00480,"Sample pale yellow-green, with low solids.  Very choppy, seas 3-4, strong incoming flow. Winds 20 mph.",
FLAB25,FLAB,12/7/09,SAMP,MON,SA,G,,0.5,m,98,SALINITY,SALIN,33,,,33,,1,,,,PSU,1,N,A,P46552-6,,1,1,,,,,,25.0837,81.080581,FWEC,E46077,WMD,WMD,WMD,2,BA,NO,12/8/09 10:37,20736006,12/7/09 13:22,,,00480,"Sample clear, no visible solids.  Low flow.  Moderate chop.  Winds 5-10 mph.",
FLAB25,FLAB,1/11/10,SAMP,MON,SA,G,,0.5,m,98,SALINITY,SALIN,31.3,,,31.3,,1,,,,PSU,1,N,A,P46793-2,,1,1,,,,,,25.0837,81.080581,FWEC,E46077,WMD,WMD,WMD,2,BA,NO,1/12/10 11:13,21031002,1/11/10 13:00,,,480,"Sample cloudy pale yellow, with medium solids.  Strong incoming flow. Rough seas 2-3 feet.  Winds 15-20mph.  Water temperatures below 10 degrees C. WARNING: TEMP exceeds QC limit of 10 to 35 Celsius",
FLAB25,FLAB,2/8/10,SAMP,MON,SA,G,,0.5,m,98,SALINITY,SALIN,33.9,,,33.9,,1,,,,PSU,1,N,A,P47183-2,,1,3,,,,,,25.0837,81.080581,FWEC,E46077,WMD,WMD,WMD,2,BA,NO,2/9/10 12:49,21666002,2/8/10 12:31,,,00480,"Sample clear, no visible solids.  Low flow.  Slight chop on water. Winds 5-10mph.",
FLAB25,FLAB,3/8/10,SAMP,MON,SA,G,,0.5,m,98,SALINITY,SALIN,32.2,,,32.2,,1,,,,PSU,1,N,A,P47472-2,,1,1,,,,,,25.0837,81.080581,FWEC,E46077,WMD,WMD,WMD,2,BA,NO,3/9/10 10:29,22046002,3/8/10 12:37,,,00480,"Sample pale green with no visible solids. Calm conditions, with minimal chop.  Low flow.  FCEB taken at this station.",
FLAB25,FLAB,4/13/10,SAMP,MON,SA,G,,0.5,m,98,SALINITY,SALIN,35.5,,,35.5,,1,,,,PSU,1,N,A,P47829-9,,1,1,,,,,,25.0837,81.080581,FWEC,E46077,WMD,WMD,WMD,2,BA,NO,4/15/10 9:04,22511009,4/13/10 9:18,,,00480,"Sample pale green, low solids.  Moderate flow.  Water choppy, seas 1-2 feet.  Winds 10-12mph.",
FLAB25,FLAB,5/10/10,SAMP,MON,SA,G,,0.5,m,98,SALINITY,SALIN,36.7,,,36.7,,1,,,,PSU,1,N,A,P48081-2,,1,1,,,,,,25.0837,81.080581,FWEC,E46077,WMD,WMD,WMD,2,BA,NO,5/11/10 10:36,22817002,5/10/10 13:09,,,00480,"Sample clear, no visible solids.  Water very choppy, 2-3 foot seas.  Moderate flow.  Winds 15-18mph.",
FLAB25,FLAB,6/8/10,SAMP,MON,SA,G,,0.5,m,98,SALINITY,SALIN,37.1,,,37.1,,1,,,,PSU,1,N,A,P48380-8,,1,2,,,,,,25.0837,81.080581,FWEC,E46077,WMD,WMD,WMD,2,BA,NO,6/9/10 12:12,23194008,6/8/10 9:43,,,00480,Sample is light green with low suspended solids present. Strong flow with light chop up to 8 inch and constant winds up 6 mph.,
FLAB25,FLAB,7/20/10,SAMP,MON,SA,G,,0.5,m,98,SALINITY,SALIN,38.2,,,38.2,,1,,,,PSU,1,N,A,P48679-2,,1,1,,,,,,25.0837,81.080581,FWEC,E46077,WMD,WMD,WMD,2,BA,NO,7/21/10 11:25,23536002,7/20/10 15:33,,,00480,"Sample light green, low solids.  Seas choppy, 2-3 feet.  Winds 15-20mph.  Strong incoming flow.",
FLAB25,FLAB,8/16/10,SAMP,MON,SA,G,,0.5,m,98,SALINITY,SALIN,37.2,,,37.2,,1,,,,PSU,1,N,A,P48893-2,,1,2,,,,,,25.0837,81.080581,FWEC,E46077,WMD,WMD,WMD,2,BA,NO,8/17/10 10:08,23830002,8/16/10 12:59,,,00480,"Sample pale green, with medium solids.  Low flow.  Calm water, minimal chop. Winds 2-5mph.",
FLAB25,FLAB,9/22/10,SAMP,MON,SA,G,,0.5,m,98,SALINITY,SALIN,37.2,,,37.2,,1,,,,PSU,1,N,A,P49172-8,,1,1,,,,,,25.0837,81.080581,FWEC,E46077,WMD,WMD,WMD,2,BA,NO,9/23/10 11:08,24186008,9/22/10 9:43,,,00480,"Sample light green, low solids.  Minimal chop, 1 foot seas.  Moderate incoming flow.  Winds 5mph, with 8mph gusts.",
FLAB25,FLAB,10/19/10,SAMP,MON,SA,G,,0.5,m,98,SALINITY,SALIN,31.5,,,31.5,,1,,,,PSU,1,N,A,P49628-2,,1,1,,,,,,25.0837,81.080581,FWEC,E46077,WMD,WMD,WMD,2,BA,NO,10/20/10 11:05,24783002,10/19/10 13:05,,,00480,"Sample light green, low solids.  Low flow.  Calm water, light chop.  Winds 0-2mph.",
FLAB25,FLAB,11/16/10,SAMP,MON,SA,G,,0.5,m,98,SALINITY,SALIN,21.9,,,21.9,,1,,,,PSU,1,N,A,P50070-2,,1,1,,,,,,25.0837,81.080581,FWEC,E46077,WMD,WMD,WMD,2,BA,NO,11/17/10 10:56,25358002,11/16/10 13:16,,,00480,"Sample light green, low solids.  Low outgoing flow.  Calm water, minimal chop. Wind 1-2mph.",
FLAB25,FLAB,12/14/10,SAMP,MON,SA,G,,0.5,m,98,SALINITY,SALIN,31.2,,,31.2,,1,,,,PSU,1,N,A,P50474-2,,1,1,,,,,,25.0837,81.080581,FWEC,E46077,WMD,WMD,WMD,2,BA,NO,12/15/10 10:14,25855002,12/14/10 13:22,,,00480,"Sample pale yellow, medium solids.  Choppy water, 3-4 foot swells.  Winds 10-12mph.  Moderate incoming flow.",
FLAB25,FLAB,1/4/11,SAMP,MON,SA,G,,0.5,m,98,SALINITY,SALIN,32.1,,,32.1,,1,,,,PSU,1,N,A,P50635-2,,1,1,,,,,,25.0837,81.080581,FWEC,E46077,WMD,WMD,WMD,2,BA,NO,1/5/11 11:04,26109002,1/4/11 13:17,,,00480,"Very low flow at station.  Very low to no chop.  No wind.  Sample light greenish yellow, moderate solids.",
FLAB25,FLAB,2/17/11,SAMP,MON,SA,G,,0.5,m,98,SALINITY,SALIN,33.5,,,33.5,,1,,,,PSU,1,N,A,P50937-2,,0,3,,,,,,25.0837,81.080581,WMD,FIELD,FLD,WMD,WMD,2,BA,NO,2/18/11 13:41,26504002,2/17/11 10:40,,,00480,"Wind E 5-10, Lt chop",
FLAB25,FLAB,3/15/11,SAMP,MON,SA,G,,0.5,m,98,SALINITY,SALIN,34.7,,,34.7,,1,,,,PSU,1,N,A,P51527-9,,1,3,,,,,,25.0837,81.080581,FWEC,FIELD,FLD,WMD,WMD,2,BA,NO,3/16/11 10:05,27310009,3/15/11 10:25,,,00480,"Sample palm green. Light chop on water, light incoming flow. Wind 0-5mph.",
FLAB25,FLAB,4/6/11,SAMP,MON,SA,G,,0.5,m,98,SALINITY,SALIN,34.8,,,34.8,,1,,,,PSU,1,N,A,P52286-9,,1,2,,,,,,25.0837,81.080581,FWEC,FIELD,FLD,WMD,WMD,2,BA,NO,4/7/11 11:30,28396009,4/6/11 10:35,,,00480,"Sample light green, 10-15mph NE",
FLAB25,FLAB,5/4/11,SAMP,MON,SA,G,,0.5,m,98,SALINITY,SALIN,38.2,,,38.2,,1,,,,PSU,1,N,A,P52287-9,,1,1,,,,,,25.0837,81.080581,FWEC,FIELD,FLD,WMD,WMD,2,BA,NO,5/5/11 9:36,28398009,5/4/11 10:01,,,00480,Sample pale green.  1 foot chop on water.  Winds 5-7 mph. Moderate incoming flow.,
FLAB25,FLAB,6/13/11,SAMP,MON,SA,G,,0.5,m,98,SALINITY,SALIN,37.7,,,37.7,,1,,,,PSU,1,N,A,P52281-2,,1,1,,,,,,25.0837,81.080581,FWEC,FIELD,FLD,WMD,WMD,2,BA,NO,6/14/11 10:08,28391002,6/13/11 12:57,,,00480,Sample is pale green with low suspended sollids present. Moderate incoming tide with westerly winds from 2-6 mph.,
FLAB25,FLAB,7/12/11,SAMP,MON,SA,G,,0.5,m,98,SALINITY,SALIN,43.2,,,43.2,,1,,,,PSU,1,N,A,P52282-2,,1,1,,,,,,25.0837,81.080581,FWEC,FIELD,FLD,WMD,WMD,2,BA,NO,7/13/11 13:07,28392002,,,,00480,Sample is clear with no visible suspended solids present.  Moderate to strong flow with chop up to 1.5 feet and swell up to 2 feet and winds from the southwest at 5 to 10 mph.  SECCHI ON BOTTOM,
FLAB25,FLAB,8/16/11,SAMP,MON,SA,G,,0.5,m,98,SALINITY,SALIN,36.9,,,36.9,,1,,,,PSU,1,N,A,P52283-2,,1,1,,,,,,25.0837,81.080581,FWEC,FIELD,FLD,WMD,WMD,2,BA,NO,8/17/11 10:32,28393002,8/16/11 12:42,,,00480,Sample is pale green with low suspended solids present. Strong flow with light chop up to 1.5 feet and light variable winds from southwest at 6 to 10 mph.,
FLAB25,FLAB,9/12/11,SAMP,MON,SA,G,,0.5,m,98,SALINITY,SALIN,36.9,,,36.9,,1,,,,PSU,1,N,A,P52284-2,,0,1,,,,,,25.0837,81.080581,FWEC,FIELD,FLD,WMD,WMD,2,BA,NO,9/13/11 10:18,28394002,9/12/11 12:32,,,00480,Sample is pale green with low suspended solids present. Light current with mid rising tide and chop up to 2 feet and 5 to 10 mph winds from the east southeast.,
FLAB25,FLAB,10/4/11,SAMP,MON,SA,G,,0.5,m,98,SALINITY,SALIN,37.3,,,37.3,,1,,,,PSU,1,N,A,P52285-2,,0,3,,,,,,25.0837,81.080581,WMD,FIELD,FLD,WMD,WMD,2,BA,NO,10/5/11 10:35,28395002,10/4/11 9:00,,,00480,"Overcast, wind NNE 15-20, seas 1-3",
FLAB25,FLAB,12/6/11,SAMP,MON,SA,G,,0.5,m,98,SALINITY,SALIN,31.5,,,31.5,,1,,,,PSU,1,N,A,P54071-2,,0,1,,,,,,25.0837,81.080581,WMD,FIELD,FLD,WMD,WMD,2,BA,NO,12/7/11 12:15,30610002,12/6/11 9:42,,,00480,"Clear skies,flood tide, wind E 5-10, lt chop",
FLAB25,FLAB,2/1/12,SAMP,MON,SA,G,,0.5,m,98,SALINITY,SALIN,34.2,,,34.2,,1,,,,PSU,1,N,A,P55306-1,,0,1,,,,,,25.0837,81.080581,WMD,FIELD,FLD,WMD,WMD,2,BA,NO,2/2/12 10:08,32254001,2/1/12 9:21,,,00480,"Wind NE 10-15, seas 1-2 ft, flood tide",
FLAB25,FLAB,4/11/12,SAMP,MON,SA,G,,0.5,m,98,SALINITY,SALIN,37.5,,,37.5,,1,,,,PSU,1,N,A,P55314-9,,0,2,,,,,,25.0837,81.080581,WMD,FIELD,FLD,WMD,WMD,2,BA,NO,4/12/12 10:52,32262009,4/11/12 11:22,,,00480,"Wind and seas calm, ebb tide",
FLAB25,FLAB,6/13/12,SAMP,MON,SA,G,,0.5,m,98,SALINITY,SALIN,36.8,,,36.8,,1,,,,PSU,1,N,A,P55929-1,,0,2,,,,,,25.0837,81.080581,WMD,FIELD,FLD,WMD,WMD,2,BA,NO,6/13/12 16:02,33112001,6/13/12 10:30,,,00480,Calm conditions.  No chop.  Moderate flood tide.  No wind.,
FLAB25,FLAB,8/13/12,SAMP,MON,SA,G,,0.5,m,98,SALINITY,SALIN,36.2,,,36.2,,1,,,,PSU,1,N,A,P56205-1,,0,3,,,,,,25.0837,81.080581,WMD,FIELD,FLD,WMD,WMD,2,BA,NO,8/14/12 10:15,33464001,8/13/12 11:17,,,00480,SE winds at 5-10 knots.  Light chop with 1-2 foor chop.  Flood tide.,
FLAB25,FLAB,10/11/12,SAMP,MON,SA,G,,0.5,m,98,SALINITY,SALIN,35.4,,,35.4,,1,,,,PSU,1,N,A,P56209-1,,0,2,,,,,,25.0837,81.080581,WMD,FIELD,FLD,WMD,WMD,2,BA,NO,10/11/12 15:43,33468001,10/11/12 8:45,,,00480,NE breeze. 1-2 foot chop.  Flood tide.,
FLAB25,FLAB,12/10/12,SAMP,MON,SA,G,,0.5,m,98,SALINITY,SALIN,31.6,,,31.6,,1,,,,PSU,1,N,A,P56856-1,,0,2,,,,,,25.0837,81.080581,WMD,FIELD,FLD,WMD,WMD,2,BA,NO,12/11/12 10:39,34311001,12/10/12 11:03,,,00480,Wind out of the SE 5-7kts. Light wave action.,
FLAB25,FLAB,2/5/13,SAMP,MON,SA,G,,0.5,m,98,SALINITY,SALIN,33.6,,,33.6,,1,,,,PSU,1,N,A,P61818-1,,0,1,,,,,,25.0837,81.080581,WMD,FIELD,FLD,WMD,WMD,2,BA,NO,2/6/13 9:38,39392001,2/5/13 10:43,,,00480,"Light wind out of the east, less than 5 kts. Less than 1 ft wave action.",
FLAB25,FLAB,4/18/13,SAMP,MON,SA,G,,0.5,m,98,SALINITY,SALIN,36.2,,,36.2,,1,,,,PSU,1,N,A,P61819-1,,0,4,,,,,,25.0837,81.080581,WMD,FIELD,FLD,WMD,WMD,2,PD,NO,4/18/13 15:12,39393001,4/18/13 7:54,,,00480,ESE winds 10-15 kts. Waves 1.5-2 ft at 2 second period.,
FLAB25,FLAB,6/17/13,SAMP,MON,SA,G,,0.5,m,98,SALINITY,SALIN,36.2,,,36.2,,1,,,,PSU,1,N,A,P63880-1,,0,2,,,,,,25.0837,81.080581,WMD,FIELD,FLD,WMD,WMD,2,PD,NO,6/18/13 10:47,40691001,6/17/13 10:04,,,00480,"1-2ft chop, wind southeast 10-15,",
FLAB25,FLAB,8/13/13,SAMP,MON,SA,G,,0.5,m,98,SALINITY,SALIN,36.6,,,36.6,,1,,,,PSU,1,N,A,P63881-1,,0,3,,,,,,25.0837,81.080581,WMD,FIELD,FLD,WMD,WMD,2,PD,NO,8/13/13 16:32,40692001,8/13/13 10:20,,,00480,Light chop on surface. E wind 5-10 kt. Moderate current.,
FLAB25,FLAB,10/28/13,SAMP,MON,SA,G,,0.5,m,98,SALINITY,SALIN,37.4,,,37.4,,1,,,,PSU,1,N,A,P65941-1,,0,2,,,,,,25.0837,81.080581,WMD,FIELD,FLD,WMD,WMD,2,PD,NO,10/29/13 7:37,42392001,10/28/13 10:00,,,00480,Moderate chop. E wind approx 15 kt. Moderate current.,
FLAB25,FLAB,12/11/13,SAMP,MON,SA,G,,0.5,m,98,SALINITY,SALIN,33,,,33,,1,,,,PSU,1,N,A,P68531-1,,0,2,,,,,,25.0837,81.080581,WMD,FIELD,FLD,WMD,WMD,2,PD,NO,12/11/13 16:43,44202001,12/11/13 10:24,,,00480,"Moderate chop, E wind 10-15.",
FLAB25,FLAB,2/26/14,SAMP,MON,SA,G,,0.5,m,98,SALINITY,SALIN,34.6,,,34.6,,1,,,,PSU,1,N,A,P70123-1,,0,1,,,,,,25.0837,81.080581,WMD,FIELD,FLD,WMD,WMD,2,PD,NO,2/26/14 15:34,45273001,2/26/14 8:32,,,00480,"Glassy smooth water. No noticeable wind, slight incoming tide.",
FLAB25,FLAB,4/7/14,SAMP,MON,SA,G,,0.5,m,98,SALINITY,SALIN,33.5,,,33.5,,1,,,,PSU,1,N,A,P70124-1,,0,1,,,,,,25.0837,81.080581,WMD,FIELD,FLD,WMD,WMD,2,PD,NO,4/8/14 9:44,45274001,,,,00480,"Moderate chop, 1 to 3 ft due to 15kt SE winds. Sample area contained floating vegetation.",
FLAB25,FLAB,6/9/14,SAMP,MON,SA,G,,0.5,m,98,SALINITY,SALIN,37.8,,,37.8,,1,,,,PSU,1,N,A,P71707-1,,0,2,,,,,,25.0837,81.080581,WMD,FIELD,FLD,WMD,WMD,2,PD,NO,6/10/14 10:14,46555001,6/9/14 11:12,,,480,"Wind 0-5 kts from the South, <1ft chop, incoming tide.",
FLAB25,FLAB,8/5/14,SAMP,MON,SA,G,,0.5,m,98,SALINITY,SALIN,37.2,,,37.2,,1,,,,PSU,1,N,A,P72712-1,,0,2,,,,,,25.0837,81.080581,WMD,FIELD,FLD,WMD,WMD,2,PD,NO,8/6/14 10:14,46928001,8/5/14 10:31,,,00480,"Calm conditions, SW winds less than 5 kts. Small amount of single piece turtle and manatee grasses on surface. Water is visibly cloudy, milky. Incoming tide.",
FLAB25,FLAB,10/20/14,SAMP,MON,SA,G,,0.5,m,98,SALINITY,SALIN,37,,,37,,1,,,,PSU,1,N,A,P74736-1,,0,4,,,,,,25.0837,81.080581,WMD,FIELD,FLD,WMD,WMD,2,PD,NO,10/21/14 10:29,48700001,10/20/14 10:21,,,00480,"Incoming tide, light chop",
FLAB25,FLAB,12/17/14,SAMP,MON,SA,G,,0.5,m,98,SALINITY,SALIN,32.8,,,32.8,,1,,,,PSU,1,N,A,P74738-1,,0,1,,,,,,25.0837,81.080581,WMD,FIELD,FLD,WMD,WMD,2,PD,NO,12/17/14 15:07,48702001,12/17/14 8:33,,,00480,"Incoming tide, NE wind 5-10, seas 1-2 feet. Small amount of floating vegetation pieces visible on water surface.",
FLAB25,FLAB,2/16/15,SAMP,MON,SA,G,,0.5,m,98,SALINITY,SALIN,34,,,34,,1,,,,PSU,1,N,A,P74737-1,,0,2,,,,,,25.0837,81.080581,WMD,FIELD,FLD,WMD,WMD,2,PD,NO,2/17/15 16:26,48701001,2/16/15 10:58,,,480,"Moderate chop, E wind 10-15",
FLAB25,FLAB,4/13/15,SAMP,MON,SA,G,,0.5,m,98,SALINITY,SALIN,37.7,,,37.7,,1,,,,PSU,1,N,A,P75445-1,,0,2,,,,,,25.0837,81.080581,WMD,FIELD,FLD,WMD,WMD,2,PD,NO,4/14/15 11:19,49159001,4/13/15 11:18,SFWMD-FSQM,,480,"SE wind 15-20, 2-3 ft chop with white caps",
FLAB25,FLAB,6/9/15,SAMP,MON,SA,G,,0.5,m,98,SALINITY,SALIN,38.6,,,38.6,,1,,,,PSU,1,N,A,P74739-1,,0,1,,,,,,25.0837,81.080581,WMD,FIELD,FLD,WMD,WMD,2,PD,NO,6/10/15 10:00,48703001,6/9/15 11:10,SFWMD-FSQM,,00480,,
FLAB25,FLAB,8/25/15,SAMP,MON,SA,G,,0.5,m,98,SALINITY,SALIN,39.2,,,39.2,,1,,,,PSU,1,N,A,P78245-1,,0,2,,,,,,25.0837,81.080581,WMD,FIELD,FLD,WMD,WMD,2,PD,NO,8/26/15 11:35,51480001,8/25/15 11:39,SFWMD-FSQM,,00480,"Calm seas, winds 0-5mph. High tide.",
FLAB25,FLAB,10/7/15,SAMP,MON,SA,G,,0.5,m,98,SALINITY,SALIN,37.4,,,37.4,,1,,,,PSU,1,N,A,P80870-1,,0,3,,,,,,25.0837,81.080581,WMD,FIELD,FLD,WMD,WMD,2,PD,NO,10/7/15 14:57,53692001,10/7/15 8:17,SFWMD-FSQM,,00480,"1-2 seas, light west winds, light amount of loose vegetation floating on surface. Incoming tide.",
FLAB25,FLAB,1/21/16,SAMP,MON,SA,G,,0.5,m,98,SALINITY,SALIN,31.8,,,31.8,,1,,,,PSU,1,N,A,P82416-1,,0,2,,,,,,25.0837,81.080581,WMD,FIELD,FLD,WMD,WMD,2,PD,NO,1/21/16 19:26,54965001,1/21/16 10:38,SFWMD-FSQM,,00480,"Slight chop, 1 ft or less. Winds 10-15.",
FLAB25,FLAB,2/16/16,SAMP,MON,SA,G,,0.5,m,98,SALINITY,SALIN,30.7,,,30.7,,1,,,,PSU,1,N,A,P82935-1,,0,4,,,,,,25.0837,81.080581,WMD,FIELD,FLD,WMD,WMD,2,PD,NO,2/16/16 17:41,55400001,2/16/16 11:27,SFWMD-FSQM,,00480,"Overcast, west winds 5-10kts, seas 1-2ft, sample area clear.",
FLAB25,FLAB,4/14/16,SAMP,MON,SA,G,,0.5,m,98,SALINITY,SALIN,32.8,,,32.8,,1,,,,PSU,1,N,A,P83568-1,,0,1,,,,,,25.0837,81.080581,WMD,FIELD,FLD,WMD,WMD,2,PD,NO,4/14/16 16:26,55991001,4/14/16 10:36,SFWMD-FSQM,,00480,Light winds out of the SE. Small rolling waves.,
FLAB25,FLAB,6/29/16,SAMP,MON,SA,G,,0.5,m,98,SALINITY,SALIN,35.8,,,35.8,,1,,,,PSU,1,N,A,P84316-1,,0,4,,,,,,25.0837,81.080581,WMD,FIELD,FLD,WMD,WMD,2,PD,NO,6/29/16 15:53,56588001,6/29/16 8:37,SFWMD-FSQM,,00480,"1foot chop observed, wind east 10-15, some floating vegetation on surface, sample collected clear area,",
FLAB25,FLAB,8/25/16,SAMP,MON,SA,G,,0.5,m,98,SALINITY,SALIN,36.9,,,36.9,,1,,,,PSU,1,N,A,P84638-1,,0,3,,,,,,25.0837,81.080581,WMD,FIELD,FLD,WMD,WMD,2,PD,NO,8/25/16 15:14,56878001,8/25/16 9:03,SFWMD-FSQM,,00480,"High tide, E winds 10kts, light chop, sample area clear.",
FLAB25,FLAB,10/24/16,SAMP,MON,SA,G,,0.5,m,98,SALINITY,SALIN,30.7,,,30.7,,1,,,,PSU,1,N,A,P86137-1,,0,3,,,,,,25.0837,81.080581,WMD,FIELD,FLD,WMD,WMD,2,PD,NO,10/24/16 16:01,58226001,10/24/16 9:50,SFWMD-FSQM,,480,"NE winds 15kt, moderate chop, sample area clear otherwise.",
FLAB25,FLAB,12/21/16,SAMP,MON,SA,G,,0.5,m,98,SALINITY,SALIN,33.7,,,33.7,,1,,,,PSU,1,N,A,P86766-1,,0,1,,,,,,25.0837,81.080581,WMD,FIELD,FLD,WMD,WMD,2,PD,NO,12/21/16 16:26,58611001,12/21/16 9:17,SFWMD-FSQM,,00480,"NE winds 10-15 kts, moderate chop, sample area clear.",
FLAB25,FLAB,2/20/17,SAMP,MON,SA,G,,0.5,m,98,SALINITY,SALIN,34.3,,,34.3,,1,,,,PSU,1,N,A,P87700-1,,0,2,,,,,,25.0837,81.080581,WMD,FIELD,FLD,WMD,WMD,2,PD,NO,2/20/17 16:54,59456001,2/20/17 9:43,SFWMD-FSQM,,00480,"NE winds 10-15 kts, waters moderate chop, light amount of loose sea grass on surface.",
FLAB25,FLAB,4/20/17,SAMP,MON,SA,G,,0.5,m,98,SALINITY,SALIN,38.3,,,38.3,,1,,,,PSU,1,N,A,P87830-1,,0,5,,,,,,25.0837,81.080581,WMD,FIELD,FLD,WMD,WMD,2,PD,NO,4/20/17 18:58,59588001,4/20/17 11:00,SFWMD-FSQM,,480,"Had 2-4 foot seas, moderate amount of loose sea grass floating on the surface, light rain with 15-20 knot east winds.  Sample collected by DA.",
FLAB25,FLAB,8/1/17,SAMP,MON,SA,G,,0.5,m,98,SALINITY,SALIN,38.3,,,38.3,,1,,,,PSU,1,N,A,P89179-1,,0,0,,,,,,25.0837,81.080581,WMD,FIELD,FLD,WMD,WMD,2,PD,NO,8/1/17 16:07,60830001,8/1/17 9:19,SFWMD-FSQM,,480,"Seas 2-4ft, moderate to heavy chop, heavy amount of loose sea grass and sargassum floating on surface, SW winds 10kts.",
FLAB25,FLAB,10/12/17,SAMP,MON,SA,G,,0.5,m,98,SALINITY,SALIN,34.1,,,34.1,,1,,,,PSU,1,N,A,P88721-1,,0,0,,,,,,25.0837,81.080581,WMD,FIELD,FLD,WMD,WMD,2,PD,NO,10/12/17 19:00,60388001,10/12/17 13:10,SFWMD-FSQM,,00480,,
FLAB25,FLAB,12/13/17,SAMP,MON,SA,G,,0.5,m,98,SALINITY,SALIN,28.8,,,28.8,,1,,,,PSU,1,N,A,P91159-1,,0,0,,,,,,25.0837,81.080581,WMD,FIELD,FLD,WMD,WMD,2,PD,NO,12/13/17 16:37,62572001,12/13/17 9:33,SFWMD-FSQM,,00480,2-4 ft seas. Murky brown water.,
FLAB25,FLAB,2/28/18,SAMP,MON,SA,G,,0.5,m,98,SALINITY,SALIN,33.1,,,33.1,,1,,,,PSU,1,N,A,P92112-1,,0,0,,,,,,25.0837,81.080581,WMD,FIELD,FLD,WMD,WMD,2,PD,NO,3/1/18 6:58,63445001,2/28/18 9:49,SFWMD-FSQM,,480,Moderate chop. Cloudy water.,
FLAB25,FLAB,4/10/18,SAMP,MON,SA,G,,0.5,m,98,SALINITY,SALIN,35.8,,,35.8,,1,,,,PSU,1,N,A,P92872-1,,0,0,,,,,,25.0837,81.080581,WMD,FIELD,FLD,WMD,WMD,2,PD,NO,4/11/18 6:42,64061001,4/10/18 10:01,SFWMD-FSQM,,00480,1- ft seas. Green water. Light dead floating vegetation in area. Avoided during collection,
FLAB25,FLAB,6/7/18,SAMP,MON,SA,G,,0.5,m,98,SALINITY,SALIN,35.1,,,35.1,,1,,,,PSU,1,N,A,P93694-1,,0,0,,,,,,25.0837,81.080581,WMD,FIELD,FLD,WMD,WMD,2,PD,NO,6/7/18 16:24,64892001,6/7/18 9:07,SFWMD-FSQM,,00480,,
FLAB25,FLAB,8/6/18,SAMP,MON,SA,G,,0.5,m,98,SALINITY,SALIN,36,,,36,,1,,,,PSU,1,N,A,P94931-1,,0,0,,,,,,25.0837,81.080581,WMD,FIELD,FLD,WMD,WMD,2,PD,NO,8/6/18 16:31,65964001,8/6/18 9:08,SFWMD-FSQM,,00480,Light chop.,
FLAB25,FLAB,10/3/18,SAMP,MON,SA,G,,0.5,m,98,SALINITY,SALIN,36.6,,,36.6,,1,,,,PSU,1,N,A,P95251-1,,0,0,,,,,,25.0837,81.080581,WMD,FIELD,FLD,WMD,WMD,2,PD,NO,10/3/18 16:28,66264001,10/3/18 9:05,SFWMD-FSQM,,480,suspended solids in water column,
FLAB25,FLAB,12/17/18,SAMP,MON,SA,G,,0.5,m,98,SALINITY,SALIN,33,,,33,,1,,,,PSU,1,N,A,P96720-1,,0,0,,,,,,25.0837,81.080581,WMD,FIELD,FLD,WMD,WMD,2,BA,NO,12/18/18 8:19,67436001,12/17/18 10:13,SFWMD-FSQM,,00480,Moderately choppy in water column.,
FLAB25,FLAB,2/26/19,SAMP,MON,SA,G,,0.5,m,98,SALINITY,SALIN,34.2,,,34.2,,1,,,,PSU,1,N,A,P102448-2,,0,0,,,,,,25.0837,81.080581,WMD,FIELD,FLD,WMD,WMD,2,BA,NO,2/27/19 8:00,69631002,2/26/19 9:02,SFWMD-FSQM,,480,,
FLAB25,FLAB,4/15/19,SAMP,MON,SA,G,,0.5,m,98,SALINITY,SALIN,35.8,,,35.8,,1,,,,PSU,1,N,A,P103834-2,,0,0,,,,,,25.0837,81.080581,WMD,FIELD,FLD,WMD,WMD,2,BA,NO,4/15/19 17:17,70212002,4/15/19 9:51,SFWMD-FSQM,,00480,,
FLAB25,FLAB,6/11/19,SAMP,MON,SA,G,,0.5,m,98,SALINITY,SALIN,36.4,,,36.4,,1,,,,PSU,1,N,A,P106284-2,,0,0,,,,,,25.0837,81.080581,WMD,FIELD,FLD,WMD,WMD,2,BA,NO,6/11/19 16:05,71256002,6/11/19 9:18,SFWMD-FSQM,,00480,,
FLAB25,FLAB,8/8/19,SAMP,MON,SA,G,,0.5,m,98,SALINITY,SALIN,36,,,36,,1,,,,PSU,1,N,A,P109207-2,,0,0,,,,,,25.0837,81.080581,WMD,FIELD,FLD,WMD,WMD,2,BA,NO,8/9/19 8:38,72380002,8/8/19 9:24,SFWMD-FSQM,,00480,"Heavy suspended solids visible in top layer of water column, but not present in sample.",
FLAB25,FLAB,10/8/19,SAMP,MON,SA,G,,0.5,m,98,SALINITY,SALIN,32.8,,,32.8,,1,,,,PSU,1,N,A,P109898-2,,0,0,,,,,,25.0837,81.080581,WMD,FIELD,FLD,WMD,WMD,2,BA,NO,10/8/19 16:32,72718002,10/8/19 9:22,SFWMD-FSQM,,480,,
FLAB25,FLAB,12/5/19,SAMP,MON,SA,G,,0.5,m,98,SALINITY,SALIN,32.8,,,32.8,,1,,,,PSU,1,N,A,P110697-2,,0,0,,,,,,25.0837,81.080581,WMD,FIELD,FLD,WMD,WMD,2,BA,NO,12/6/19 9:11,73095002,12/5/19 9:36,SFWMD-FSQM,,00480,,
FLAB25,FLAB,2/3/20,SAMP,MON,SA,G,,0.5,m,98,SALINITY,SALIN,33.1,,,33.1,,1,,,,PSU,1,N,A,P110713-2,,0,0,,,,,,25.0837,81.080581,WMD,FIELD,FLD,WMD,WMD,2,BA,NO,2/4/20 7:43,73108002,2/3/20 9:53,SFWMD-FSQM,,480,,
FLAB25,FLAB,4/1/20,SAMP,MON,SA,G,,0.5,m,98,SALINITY,SALIN,36.1,,,36.1,,1,,,,PSU,1,N,A,P110719-2,,0,0,,,,,,25.0837,81.080581,WMD,FIELD,FLD,WMD,WMD,2,BA,NO,4/1/20 16:12,73114002,4/1/20 9:24,SFWMD-FSQM,,00480,Murky brown water.,
FLAB25,FLAB,6/1/20,SAMP,MON,SA,G,,0.5,m,98,SALINITY,SALIN,35.9,,,35.9,,1,,,,PSU,1,N,A,P111041-2,,0,0,,,,,,25.0837,81.080581,WMD,FIELD,FLD,WMD,WMD,2,BA,NO,6/1/20 16:40,73264002,6/1/20 9:42,SFWMD-FSQM,,00480,,
FLAB25,FLAB,8/13/20,SAMP,MON,SA,G,,0.5,m,98,SALINITY,SALIN,36.2,,,36.2,,1,,,,PSU,1,N,A,P111104-2,,0,0,,,,,,25.0837,81.080581,WMD,FIELD,FLD,WMD,WMD,2,BA,NO,8/14/20 8:30,73302002,8/13/20 9:53,SFWMD-FSQM,,00480,,
FLAB25,FLAB,10/12/20,SAMP,MON,SA,G,,0.5,m,98,SALINITY,SALIN,36.9,,,36.9,,1,,,,PSU,1,N,A,P118766-2,,0,0,,,,,,25.0837,81.080581,WMD,FIELD,FLD,WMD,WMD,2,BA,NO,10/13/20 8:46,76829002,10/12/20 10:24,SFWMD-FSQM,,00480,Vegetative debris present in sampling area.,
FLAB25,FLAB,12/9/20,SAMP,MON,SA,G,,0.5,m,98,SALINITY,SALIN,28.1,,,28.1,,1,,,,PSU,1,N,A,P120347-2,,0,0,,,,,,25.0837,81.080581,WMD,FIELD,FLD,WMD,WMD,2,BA,NO,12/10/20 8:58,77553002,12/9/20 9:46,SFWMD-FSQM,,00480,"Sample area clear, but water was very rough.  Light solids in sample.  Sample collected by CL.",
FLAB25,FLAB,1/7/21,SAMP,MON,SA,G,,0.5,m,98,SALINITY,SALIN,29.5,,,29.5,,1,,,,PSU,1,N,A,P121638-2,,0,0,,,,,,25.0837,81.080581,WMD,FIELD,FLD,WMD,WMD,2,BA,NO,1/7/21 15:42,78139002,1/7/21 9:06,SFWMD-FSQM,,00480,Secchi on bottom,
FLAB25,FLAB,3/17/21,SAMP,MON,SA,G,,0.5,m,98,SALINITY,SALIN,34,,,34,,1,,,,PSU,1,N,A,P122507-2,,0,0,,,,,,25.0837,81.080581,WMD,FIELD,FLD,WMD,WMD,2,BA,NO,3/18/21 7:15,78496002,3/17/21 10:07,SFWMD-FSQM,,00480,,
FLAB25,FLAB,5/24/21,SAMP,MON,SA,G,,0.5,m,98,SALINITY,SALIN,40.3,,,40.3,,1,,,,PSU,1,N,A,P122517-2,,0,0,,,,,,25.0837,81.080581,WMD,FIELD,FLD,WMD,WMD,2,BA,NO,5/24/21 15:47,78500002,5/24/21 9:09,SFWMD-FSQM,,00480,,
FLAB25,FLAB,7/1/21,SAMP,MON,SA,G,,0.5,m,98,SALINITY,SALIN,36.9,J,yes,36.9,,1,,,,PSU,1,N,A,P123928-2,,0,0,,,,,,25.0837,81.080581,WMD,FIELD,FLD,WMD,WMD,2,BA,NO,7/2/21 8:46,79168002,7/1/21 9:49,SFWMD-FSQM,,00480,,Improper laboratory or field protocol; Measure time is after the collection time of the next station
FLAB25,FLAB,10/13/21,SAMP,MON,SA,G,,0.5,m,98,SALINITY,SALIN,37.2,,,37.2,,1,,,,PSU,1,N,A,P125715-2,,0,0,,,,,,25.0837,81.080581,WMD,FIELD,FLD,WMD,WMD,2,BA,NO,10/13/21 15:07,79972002,10/13/21 8:44,SFWMD-FSM,,00480,,
FLAB25,FLAB,12/27/21,SAMP,MON,SA,G,,0.5,m,98,SALINITY,SALIN,33,,,33,,1,,,,PSU,1,N,A,P128145-2,,0,0,,,,,,25.0837,81.080581,WMD,FIELD,FLD,WMD,WMD,2,BA,NO,12/28/21 8:06,81128002,12/27/21 9:43,SFWMD-FSM,,00480,Sampling area clear of debris.,
FLAB25,FLAB,2/8/22,SAMP,MON,SA,G,,0.5,m,98,SALINITY,SALIN,32.1,,,32.1,,1,,,,PSU,1,N,A,P129938-2,,0,0,,,,,,25.0837,81.080581,WMD,FIELD,FLD,WMD,WMD,2,BA,NO,2/9/22 8:51,81841002,2/8/22 9:28,SFWMD-FSM,,00480,,
FLAB25,FLAB,4/7/22,SAMP,MON,SA,G,,0.5,m,98,SALINITY,SALIN,36.5,,,36.5,,1,,,,PSU,1,N,A,P132794-2,,0,0,,,,,,25.0837,81.080581,WMD,FIELD,FLD,WMD,WMD,2,BA,NO,4/8/22 8:13,83110002,4/7/22 9:56,SFWMD-FSM,,00480,,
FLAB25,FLAB,6/22/22,SAMP,MON,SA,G,,0.5,m,98,SALINITY,SALIN,37,,,37,,1,,,,PSU,1,N,A,P134124-2,,0,0,,,,,,25.0837,81.080581,WMD,FIELD,FLD,WMD,WMD,2,BA,NO,6/23/22 9:09,83718002,6/22/22 10:55,SFWMD-FSM,,00480,,
FLAB25,FLAB,10/20/22,SAMP,MON,SA,G,,0.5,m,98,SALINITY,SALIN,34,,,34,,1,,,,PSU,1,N,A,P136495-2,,0,0,,,,,,25.0837,81.080581,WMD,FIELD,FLD,WMD,WMD,2,BA,NO,10/21/22 8:50,84867002,10/20/22 10:42,SFWMD-FSM,,00480,"Water in sampling area appears cloudy, visible detritus in water column.",
FLAB25,FLAB,12/19/22,SAMP,MON,SA,G,,0.5,m,98,SALINITY,SALIN,31.1,,,31.1,,1,,,,PSU,1,N,A,P138520-2,,0,0,,,,,,25.0837,81.080581,WMD,FIELD,FLD,WMD,WMD,2,BA,NO,12/20/22 8:22,85841002,12/19/22 10:48,SFWMD-FSM,,00480,,
FLAB25,FLAB,1/30/23,SAMP,MON,SA,G,,0.5,m,98,SALINITY,SALIN,33.9,,,33.9,,1,,,,PSU,1,N,A,P139468-2,,0,0,,,,,,25.0837,81.080581,WMD,FIELD,FLD,WMD,WMD,2,BA,NO,1/31/23 8:28,86300002,1/30/23 11:12,SFWMD-FSM,,00480,,
FLAB25,FLAB,3/14/23,SAMP,MON,SA,G,,0.5,m,98,SALINITY,SALIN,35.9,,,35.9,,1,,,,PSU,1,N,A,P141269-2,,0,0,,,,,,25.0837,81.080581,WMD,FIELD,FLD,WMD,WMD,2,BA,NO,3/15/23 8:13,87043002,3/14/23 9:56,SFWMD-FSM,,00480,,
FLAB25,FLAB,9/27/23,SAMP,MON,SA,G,,0.5,m,98,SALINITY,SALIN,38.6,,,38.6,,1,,,,PSU,1,N,A,P146063-2,,0,0,,,,,,25.0837,81.080581,WMD,FIELD,FLD,WMD,WMD,2,BA,NO,9/28/23 7:51,89093002,9/27/23 9:10,SFWMD-FSM,,00480,,
FLAB25,FLAB,11/13/23,SAMP,MON,SA,G,,0.5,m,98,SALINITY,SALIN,39.5,,,39.5,,1,,,,PSU,1,N,A,P146064-2,,0,0,,,,,,25.0837,81.080581,WMD,FIELD,FLD,WMD,WMD,2,BA,NO,11/14/23 8:28,89094002,11/13/23 10:41,SFWMD-FSM,,00480,,
FLAB25,FLAB,1/8/24,SAMP,MON,SA,G,,0.5,m,98,SALINITY,SALIN,30.3,,,30.3,,1,,,,PSU,1,N,A,P148342-2,,0,0,,,,,,25.0837,81.080581,WMD,FIELD,FLD,WMD,WMD,2,BA,NO,1/9/24 7:59,90199002,1/8/24 10:40,SFWMD-FSM,,00480,,
FLAB25,FLAB,3/4/24,SAMP,MON,SA,G,,0.5,m,98,SALINITY,SALIN,30.7,,,30.7,,1,,,,PSU,1,N,A,P149299-2,,0,0,,,,,,25.0837,81.080581,WMD,FIELD,FLD,WMD,WMD,2,BA,NO,3/5/24 7:49,90665002,3/4/24 10:15,SFWMD-FSM,,480,,
FLAB25,FLAB,5/13/24,SAMP,MON,SA,G,,0.5,m,98,SALINITY,SALIN,36.8,,,36.8,,1,,,,PSU,1,N,A,P150708-2,,0,0,,,,,,25.0837,81.080581,WMD,FIELD,FLD,WMD,WMD,2,BA,NO,5/14/24 8:01,91357002,5/13/24 9:43,SFWMD-FSM,,00480,,
FLAB25,FLAB,7/15/24,SAMP,MON,SA,G,,0.5,m,98,SALINITY,SALIN,37.9,,,37.9,,1,,,,PSU,1,N,A,P152189-2,,0,0,,,,,,25.0837,81.080581,WMD,FIELD,FLD,WMD,WMD,2,BA,NO,7/16/24 8:15,92109002,7/15/24 9:41,SFWMD-FSM,,480,,
FLAB25,FLAB,9/12/24,SAMP,MON,SA,G,,0.5,m,98,SALINITY,SALIN,37.9,,,37.9,,1,,,,PSU,1,N,A,P153175-2,,0,0,,,,,,25.0837,81.080581,WMD,FIELD,FLD,WMD,WMD,2,BA,NO,9/13/24 8:11,92600002,9/12/24 10:17,SFWMD-FSM,,00480,,
FLAB25,FLAB,12/9/24,SAMP,MON,SA,G,,0.5,m,98,SALINITY,SALIN,32.1,,,32.1,,1,,,,PSU,1,N,A,P154028-2,,0,0,,,,,,25.0837,81.080581,WMD,FIELD,FLD,WMD,WMD,2,BA,NO,12/10/24 8:14,93033002,12/9/24 9:55,SFWMD-FSM,,00480,,
FLAB25,FLAB,2/5/25,SAMP,MON,SA,G,,0.5,m,98,SALINITY,SALIN,31.4,,,31.4,,1,,,,PSU,1,N,A,P155969-2,,0,0,,,,,,25.0837,81.080581,WMD,FIELD,FLD,WMD,WMD,2,BA,NO,2/6/25 8:46,93978002,2/5/25 9:35,SFWMD-FSM,,00480,,
FLAB25,FLAB,6/18/25,SAMP,MON,SA,G,,0.5,m,98,SALINITY,SALIN,37,,,37,,1,,,,PSU,1,N,A,P158028-2,,0,0,,,,,,25.0837,81.080581,WMD,FIELD,FLD,WMD,WMD,2,BA,NO,6/19/25 8:34,95008002,6/18/25 9:38,SFWMD-FSM,,00480,,
FLAB25,FLAB,8/18/25,SAMP,MON,SA,G,,0.5,m,98,SALINITY,SALIN,37.2,,,37.2,,1,,,,ppt,,N,P,P159659-2,,0,0,,,3.7,,,25.0837,-81.080581,,FIELD,WMD,,,,BA,,8/19/25 8:35,95824002,8/18/25 9:35,SFWMD-FSM,,00480,,
FLAB25,FLAB,10/1/25,SAMP,MON,SA,G,,0.5,m,98,SALINITY,SALIN,31.4,,,31.4,,1,,,,ppt,,N,P,P161306-2,,0,0,,,3.4,,,25.0837,-81.080581,,FIELD,WMD,,,,BA,,10/2/25 8:34,96647002,10/1/25 10:35,SFWMD-FSM,,00480,"stringy, slimy substance throughout water column",
FLAB25,FLAB,7/15/92,SAMP,MON,SA,G,,0,,100,"CARBON, TOTAL ORGANIC",TORGC,2.57,,,2.6,,,,,,mg/L,1,N,A,FIU17602,,0,0,,,,,,25.0837,81.080581,,,FIU,FIU,,,,,,,,,,,,
FLAB25,FLAB,8/15/92,SAMP,MON,SA,G,,0,,100,"CARBON, TOTAL ORGANIC",TORGC,2.908,,,2.9,,,,,,mg/L,1,N,A,FIU17604,,0,0,,,,,,25.0837,81.080581,,,FIU,FIU,,,,,,,,,,,,
FLAB25,FLAB,9/15/92,SAMP,MON,SA,G,,0,,100,"CARBON, TOTAL ORGANIC",TORGC,3.523,,,3.5,,,,,,mg/L,1,N,A,FIU17607,,0,0,,,,,,25.0837,81.080581,,,FIU,FIU,,,,,,,,,,,,
FLAB25,FLAB,10/15/92,SAMP,MON,SA,G,,0,,100,"CARBON, TOTAL ORGANIC",TORGC,3.613,,,3.6,,,,,,mg/L,1,N,A,FIU17609,,0,0,,,,,,25.0837,81.080581,,,FIU,FIU,,,,,,,,,,,,
FLAB25,FLAB,11/15/92,SAMP,MON,SA,G,,0,,100,"CARBON, TOTAL ORGANIC",TORGC,5.47,,,5.5,,,,,,mg/L,1,N,A,FIU17611,,0,0,,,,,,25.0837,81.080581,,,FIU,FIU,,,,,,,,,,,,
FLAB25,FLAB,12/15/92,SAMP,MON,SA,G,,0,,100,"CARBON, TOTAL ORGANIC",TORGC,4.513,,,4.5,,,,,,mg/L,1,N,A,FIU17613,,0,0,,,,,,25.0837,81.080581,,,FIU,FIU,,,,,,,,,,,,
FLAB25,FLAB,1/21/93,SAMP,MON,SA,G,,0,,100,"CARBON, TOTAL ORGANIC",TORGC,5.11,,,5.1,,,,,,mg/L,1,N,A,FIU17614,,0,0,,,,,,25.0837,81.080581,,,FIU,FIU,,,,,,,,,,,,
FLAB25,FLAB,2/10/93,SAMP,MON,SA,G,,0,,100,"CARBON, TOTAL ORGANIC",TORGC,4.37,,,4.4,,,,,,mg/L,1,N,A,FIU17615,,0,0,,,,,,25.0837,81.080581,,,FIU,FIU,,,,,,,,,,,,
FLAB25,FLAB,3/10/93,SAMP,MON,SA,G,,0,,100,"CARBON, TOTAL ORGANIC",TORGC,4.09,,,4.1,,,,,,mg/L,1,N,A,FIU17616,,0,0,,,,,,25.0837,81.080581,,,FIU,FIU,,,,,,,,,,,,
FLAB25,FLAB,4/7/93,SAMP,MON,SA,G,,0,,100,"CARBON, TOTAL ORGANIC",TORGC,4.59,,,4.6,,,,,,mg/L,1,N,A,FIU17617,,0,0,,,,,,25.0837,81.080581,,,FIU,FIU,,,,,,,,,,,,
FLAB25,FLAB,5/12/93,SAMP,MON,SA,G,,0,,100,"CARBON, TOTAL ORGANIC",TORGC,4.05,,,4,,,,,,mg/L,1,N,A,FIU17618,,0,0,,,,,,25.0837,81.080581,,,FIU,FIU,,,,,,,,,,,,
FLAB25,FLAB,6/3/93,SAMP,MON,SA,G,,0,,100,"CARBON, TOTAL ORGANIC",TORGC,3.61,,,3.6,,,,,,mg/L,1,N,A,FIU17619,,0,0,,,,,,25.0837,81.080581,,,FIU,FIU,,,,,,,,,,,,
FLAB25,FLAB,7/7/93,SAMP,MON,SA,G,,0,,100,"CARBON, TOTAL ORGANIC",TORGC,5.11,,,5.1,,,,,,mg/L,1,N,A,FIU17620,,0,0,,,,,,25.0837,81.080581,,,FIU,FIU,,,,,,,,,,,,
FLAB25,FLAB,8/4/93,SAMP,MON,SA,G,,0,,100,"CARBON, TOTAL ORGANIC",TORGC,4.42,,,4.4,,,,,,mg/L,1,N,A,FIU17621,,0,0,,,,,,25.0837,81.080581,,,FIU,FIU,,,,,,,,,,,,
FLAB25,FLAB,9/9/93,SAMP,MON,SA,G,,0,,100,"CARBON, TOTAL ORGANIC",TORGC,2.25,,,2.2,,,,,,mg/L,1,N,A,FIU17622,,0,0,,,,,,25.0837,81.080581,,,FIU,FIU,,,,,,,,,,,,
FLAB25,FLAB,10/6/93,SAMP,MON,SA,G,,0,,100,"CARBON, TOTAL ORGANIC",TORGC,2.63,,,2.6,,,,,,mg/L,1,N,A,FIU17623,,0,0,,,,,,25.0837,81.080581,,,FIU,FIU,,,,,,,,,,,,
FLAB25,FLAB,11/3/93,SAMP,MON,SA,G,,0,,100,"CARBON, TOTAL ORGANIC",TORGC,2.14,,,2.1,,,,,,mg/L,1,N,A,FIU17624,,0,0,,,,,,25.0837,81.080581,,,FIU,FIU,,,,,,,,,,,,
FLAB25,FLAB,12/2/93,SAMP,MON,SA,G,,0,,100,"CARBON, TOTAL ORGANIC",TORGC,4.52,,,4.5,,,,,,mg/L,1,N,A,FIU17625,,0,0,,,,,,25.0837,81.080581,,,FIU,FIU,,,,,,,,,,,,
FLAB25,FLAB,4/6/94,SAMP,MON,SA,G,,0,,100,"CARBON, TOTAL ORGANIC",TORGC,4.12,A,,4.1,,,,,,mg/L,1,N,A,FIU17629,,0,0,,,,,,25.0837,81.080581,,,FIU,FIU,,,,,,,,,,,,
FLAB25,FLAB,5/4/94,SAMP,MON,SA,G,,0,,100,"CARBON, TOTAL ORGANIC",TORGC,5.16,A,,5.2,,,,,,mg/L,1,N,A,FIU17631,,0,0,,,,,,25.0837,81.080581,,,FIU,FIU,,,,,,,,,,,,
FLAB25,FLAB,6/8/94,SAMP,MON,SA,G,,0,,100,"CARBON, TOTAL ORGANIC",TORGC,6.11,O,O,6.1,,,,,,mg/L,1,N,A,FIU17633,,0,0,,,,,,25.0837,81.080581,,,FIU,FIU,,,,,,,,,,,,
FLAB25,FLAB,7/7/94,SAMP,MON,SA,G,,0,,100,"CARBON, TOTAL ORGANIC",TORGC,4.91,A,,4.9,,,,,,mg/L,1,N,A,FIU17635,,0,0,,,,,,25.0837,81.080581,,,FIU,FIU,,,,,,,,,,,,
FLAB25,FLAB,8/4/94,SAMP,MON,SA,G,,0,,100,"CARBON, TOTAL ORGANIC",TORGC,4.32,A,,4.3,,,,,,mg/L,1,N,A,FIU17637,,0,0,,,,,,25.0837,81.080581,,,FIU,FIU,,,,,,,,,,,,
FLAB25,FLAB,9/14/94,SAMP,MON,SA,G,,0,,100,"CARBON, TOTAL ORGANIC",TORGC,3.5,A,,3.5,,,,,,mg/L,1,N,A,FIU17639,,0,0,,,,,,25.0837,81.080581,,,FIU,FIU,,,,,,,,,,,,
FLAB25,FLAB,10/5/94,SAMP,MON,SA,G,,0,,100,"CARBON, TOTAL ORGANIC",TORGC,4.08,A,,4.1,,,,,,mg/L,1,N,A,FIU17641,,0,0,,,,,,25.0837,81.080581,,,FIU,FIU,,,,,,,,,,,,
FLAB25,FLAB,11/2/94,SAMP,MON,SA,G,,0,,100,"CARBON, TOTAL ORGANIC",TORGC,4.43,A,,4.4,,,,,,mg/L,1,N,A,FIU17643,,0,0,,,,,,25.0837,81.080581,,,FIU,FIU,,,,,,,,,,,,
FLAB25,FLAB,11/22/94,SAMP,MON,SA,G,,0,,100,"CARBON, TOTAL ORGANIC",TORGC,6.63,A,,6.6,,,,,,mg/L,1,N,A,FIU17645,,0,0,,,,,,25.0837,81.080581,,,FIU,FIU,,,,,,,,,,,,
FLAB25,FLAB,12/1/94,SAMP,MON,SA,G,,0,,100,"CARBON, TOTAL ORGANIC",TORGC,7.35,A,,7.4,,,,,,mg/L,1,N,A,FIU17647,,0,0,,,,,,25.0837,81.080581,,,FIU,FIU,,,,,,,,,,,,
FLAB25,FLAB,1/5/95,SAMP,MON,SA,G,,0,,100,"CARBON, TOTAL ORGANIC",TORGC,5.51,,,5.5,,,,,,mg/L,1,N,A,FIU17649,,0,0,,,,,,25.0837,81.080581,,,FIU,FIU,,,,,,,,,,,,
FLAB25,FLAB,2/2/95,SAMP,MON,SA,G,,0,,100,"CARBON, TOTAL ORGANIC",TORGC,6.03,,,6,,,,,,mg/L,1,N,A,FIU17651,,0,0,,,,,,25.0837,81.080581,,,FIU,FIU,,,,,,,,,,,,
FLAB25,FLAB,3/1/95,SAMP,MON,SA,G,,0,,100,"CARBON, TOTAL ORGANIC",TORGC,6.74,,,6.7,,,,,,mg/L,1,N,A,FIU17653,,0,0,,,,,,25.0837,81.080581,,,FIU,FIU,,,,,,,,,,,,
FLAB25,FLAB,4/19/95,SAMP,MON,SA,G,,0,,100,"CARBON, TOTAL ORGANIC",TORGC,7.12,,,7.1,,,,,,mg/L,1,N,A,FIU17655,,0,0,,,,,,25.0837,81.080581,,,FIU,FIU,,,,,,,,,,,,
FLAB25,FLAB,5/24/95,SAMP,MON,SA,G,,0,,100,"CARBON, TOTAL ORGANIC",TORGC,3.25,,,3.2,,,,,,mg/L,1,N,A,FIU17657,,0,0,,,,,,25.0837,81.080581,,,FIU,FIU,,,,,,,,,,,,
FLAB25,FLAB,6/21/95,SAMP,MON,SA,G,,0,,100,"CARBON, TOTAL ORGANIC",TORGC,2.82,,,2.8,,,,,,mg/L,1,N,A,FIU17659,,0,0,,,,,,25.0837,81.080581,,,FIU,FIU,,,,,,,,,,,,
FLAB25,FLAB,7/12/95,SAMP,MON,SA,G,,0,,100,"CARBON, TOTAL ORGANIC",TORGC,2.98,,,3,,,,,,mg/L,1,N,A,FIU17661,,0,0,,,,,,25.0837,81.080581,,,FIU,FIU,,,,,,,,,,,,
FLAB25,FLAB,8/11/95,SAMP,MON,SA,G,,0,,100,"CARBON, TOTAL ORGANIC",TORGC,3.77,,,3.8,,,,,,mg/L,1,N,A,FIU17663,,0,0,,,,,,25.0837,81.080581,,,FIU,FIU,,,,,,,,,,,,
FLAB25,FLAB,9/6/95,SAMP,MON,SA,G,,0,,100,"CARBON, TOTAL ORGANIC",TORGC,3.76,,,3.8,,,,,,mg/L,1,N,A,FIU17665,,0,0,,,,,,25.0837,81.080581,,,FIU,FIU,,,,,,,,,,,,
FLAB25,FLAB,10/22/95,SAMP,MON,SA,G,,0,,100,"CARBON, TOTAL ORGANIC",TORGC,5.48,,,5.5,,,,,,mg/L,1,N,A,FIU17667,,0,0,,,,,,25.0837,81.080581,,,FIU,FIU,,,,,,,,,,,,
FLAB25,FLAB,11/17/95,SAMP,MON,SA,G,,0,,100,"CARBON, TOTAL ORGANIC",TORGC,4.77,,,4.8,,,,,,mg/L,1,N,A,FIU17669,,0,0,,,,,,25.0837,81.080581,,,FIU,FIU,,,,,,,,,,,,
FLAB25,FLAB,12/14/95,SAMP,MON,SA,G,,0,,100,"CARBON, TOTAL ORGANIC",TORGC,3.94,,,3.9,,,,,,mg/L,1,N,A,FIU17671,,0,0,,,,,,25.0837,81.080581,,,FIU,FIU,,,,,,,,,,,,
FLAB25,FLAB,1/23/96,SAMP,MON,SA,G,,0,,100,"CARBON, TOTAL ORGANIC",TORGC,5.12,,,5.1,,,,,,mg/L,1,N,A,FIU17673,,0,0,,,,,,25.0837,81.080581,,,FIU,FIU,,,,,,,,,,,,
FLAB25,FLAB,2/12/96,SAMP,MON,SA,G,,0,,100,"CARBON, TOTAL ORGANIC",TORGC,5.39,,,5.4,,,,,,mg/L,1,N,A,FIU17675,,0,0,,,,,,25.0837,81.080581,,,FIU,FIU,,,,,,,,,,,,
FLAB25,FLAB,3/22/96,SAMP,MON,SA,G,,0,,100,"CARBON, TOTAL ORGANIC",TORGC,3.65,,,3.6,,,,,,mg/L,1,N,A,FIU17677,,0,0,,,,,,25.0837,81.080581,,,FIU,FIU,,,,,,,,,,,,
FLAB25,FLAB,4/25/96,SAMP,MON,SA,G,,0,,100,"CARBON, TOTAL ORGANIC",TORGC,4.68,,,4.7,,,,,,mg/L,1,N,A,FIU17679,,0,0,,,,,,25.0837,81.080581,,,FIU,FIU,,,,,,,,,,,,
FLAB25,FLAB,5/10/96,SAMP,MON,SA,G,,0,,100,"CARBON, TOTAL ORGANIC",TORGC,4.78,,,4.8,,,,,,mg/L,1,N,A,FIU17681,,0,0,,,,,,25.0837,81.080581,,,FIU,FIU,,,,,,,,,,,,
FLAB25,FLAB,6/6/96,SAMP,MON,SA,G,,0,,100,"CARBON, TOTAL ORGANIC",TORGC,4.91,,,4.9,,,,,,mg/L,1,N,A,FIU17683,,0,0,,,,,,25.0837,81.080581,,,FIU,FIU,,,,,,,,,,,,
FLAB25,FLAB,7/5/96,SAMP,MON,SA,G,,0.1,,100,"CARBON, TOTAL ORGANIC",TORGC,3.83,,,3.8,,,,,,mg/L,1,N,A,FIU17685,,0,0,,,,,,25.0837,81.080581,,,FIU,FIU,,,,,,,,,,,,
FLAB25,FLAB,8/22/96,SAMP,MON,SA,G,,0.1,,100,"CARBON, TOTAL ORGANIC",TORGC,4.32,,,4.3,,,,,,mg/L,1,N,A,FIU17687,,0,0,,,,,,25.0837,81.080581,,,FIU,FIU,,,,,,,,,,,,
FLAB25,FLAB,9/14/96,SAMP,MON,SA,G,,0.1,,100,"CARBON, TOTAL ORGANIC",TORGC,4.56,,,4.6,,,,,,mg/L,1,N,A,FIU17689,,0,0,,,,,,25.0837,81.080581,,,FIU,FIU,,,,,,,,,,,,
FLAB25,FLAB,10/15/96,SAMP,MON,SA,G,,0.1,,100,"CARBON, TOTAL ORGANIC",TORGC,4.12,,,4.1,,,,,,mg/L,1,N,A,FIU17691,,0,0,,,,,,25.0837,81.080581,,,FIU,FIU,,,,,,,,,,,,
FLAB25,FLAB,11/7/96,SAMP,MON,SA,G,,0.1,,100,"CARBON, TOTAL ORGANIC",TORGC,4.07,,,4.1,,,,,,mg/L,1,N,A,FIU17693,,0,0,,,,,,25.0837,81.080581,,,FIU,FIU,,,,,,,,,,,,
FLAB25,FLAB,12/6/96,SAMP,MON,SA,G,,0.1,,100,"CARBON, TOTAL ORGANIC",TORGC,4.44,Q,Q,4.4,,,,,,mg/L,1,N,A,FIU17695,,0,0,,,,,,25.0837,81.080581,,,FIU,FIU,,,,,,,,,,,,
FLAB25,FLAB,1/8/97,SAMP,MON,SA,G,,0.1,,100,"CARBON, TOTAL ORGANIC",TORGC,5.55,,,5.6,,,,,,mg/L,1,N,A,FIU17697,,0,0,,,,,,25.0837,81.080581,,,FIU,FIU,,,,,,,,,,,,
FLAB25,FLAB,2/15/97,SAMP,MON,SA,G,,0.1,,100,"CARBON, TOTAL ORGANIC",TORGC,4.23,,,4.2,,,,,,mg/L,1,N,A,FIU17699,,0,0,,,,,,25.0837,81.080581,,,FIU,FIU,,,,,,,,,,,,
FLAB25,FLAB,3/12/97,SAMP,MON,SA,G,,0.1,,100,"CARBON, TOTAL ORGANIC",TORGC,6.74,,,6.7,,,,,,mg/L,1,N,A,FIU17701,,0,0,,,,,,25.0837,81.080581,,,FIU,FIU,,,,,,,,,,,,
FLAB25,FLAB,4/16/97,SAMP,MON,SA,G,,0.1,,100,"CARBON, TOTAL ORGANIC",TORGC,6.17,,,6.2,,,,,,mg/L,1,N,A,FIU17703,,0,0,,,,,,25.0837,81.080581,,,FIU,FIU,,,,,,,,,,,,
FLAB25,FLAB,5/22/97,SAMP,MON,SA,G,,0.1,,100,"CARBON, TOTAL ORGANIC",TORGC,4.65,,,4.6,,,,,,mg/L,1,N,A,FIU17705,,0,0,,,,,,25.0837,81.080581,,,FIU,FIU,,,,,,,,,,,,
FLAB25,FLAB,6/12/97,SAMP,MON,SA,G,,0.1,,100,"CARBON, TOTAL ORGANIC",TORGC,5.39,,,5.4,,,,,,mg/L,1,N,A,FIU17707,,0,0,,,,,,25.0837,81.080581,,,FIU,FIU,,,,,,,,,,,,
FLAB25,FLAB,7/10/97,SAMP,MON,SA,G,,0.1,,100,"CARBON, TOTAL ORGANIC",TORGC,4.27,,,4.3,,,,,,mg/L,1,N,A,FIU17709,,0,0,,,,,,25.0837,81.080581,,,FIU,FIU,,,,,,,,,,,,
FLAB25,FLAB,8/19/97,SAMP,MON,SA,G,,0.1,,100,"CARBON, TOTAL ORGANIC",TORGC,5.1,,,5.1,,,,,,mg/L,1,N,A,FIU17710,,0,0,,,,,,25.0837,81.080581,,,FIU,FIU,,,,,,,,,,,,
FLAB25,FLAB,9/10/97,SAMP,MON,SA,G,,0.1,,100,"CARBON, TOTAL ORGANIC",TORGC,4.94,,,4.9,,,,,,mg/L,1,N,A,FIU17712,,0,0,,,,,,25.0837,81.080581,,,FIU,FIU,,,,,,,,,,,,
FLAB25,FLAB,10/21/97,SAMP,MON,SA,G,,0.1,,100,"CARBON, TOTAL ORGANIC",TORGC,5.37,,,5.4,,,,,,mg/L,1,N,A,FIU17714,,0,0,,,,,,25.0837,81.080581,,,FIU,FIU,,,,,,,,,,,,
FLAB25,FLAB,11/25/97,SAMP,MON,SA,G,,0.1,,100,"CARBON, TOTAL ORGANIC",TORGC,3.24,,,3.2,,,,,,mg/L,1,N,A,FIU17716,,0,0,,,,,,25.0837,81.080581,,,FIU,FIU,,,,,,,,,,,,
FLAB25,FLAB,12/12/97,SAMP,MON,SA,G,,0.1,,100,"CARBON, TOTAL ORGANIC",TORGC,3.61,,,3.6,,,,,,mg/L,1,N,A,FIU17718,,0,0,,,,,,25.0837,81.080581,,,FIU,FIU,,,,,,,,,,,,
FLAB25,FLAB,1/21/98,SAMP,MON,SA,G,,0.1,,100,"CARBON, TOTAL ORGANIC",TORGC,3.07,,,3.1,,,,,,mg/L,1,N,A,FIU17720,,0,0,,,,,,25.0837,81.080581,,,FIU,FIU,,,,,,,,,,,,
FLAB25,FLAB,2/18/98,SAMP,MON,SA,G,,0.1,,100,"CARBON, TOTAL ORGANIC",TORGC,3.62,,,3.6,,,,,,mg/L,1,N,A,FIU17722,,0,0,,,,,,25.0837,81.080581,,,FIU,FIU,,,,,,,,,,,,
FLAB25,FLAB,3/20/98,SAMP,MON,SA,G,,0.1,,100,"CARBON, TOTAL ORGANIC",TORGC,3.85,,,3.8,,,,,,mg/L,1,N,A,FIU17724,,0,0,,,,,,25.0837,81.080581,,,FIU,FIU,,,,,,,,,,,,
FLAB25,FLAB,4/15/98,SAMP,MON,SA,G,,0.1,,100,"CARBON, TOTAL ORGANIC",TORGC,5.88,,,5.9,,,,,,mg/L,1,N,A,FIU17726,,0,0,,,,,,25.0837,81.080581,,,FIU,FIU,,,,,,,,,,,,
FLAB25,FLAB,5/14/98,SAMP,MON,SA,G,,0.1,,100,"CARBON, TOTAL ORGANIC",TORGC,3.72,,,3.7,,,,,,mg/L,1,N,A,FIU17728,,0,0,,,,,,25.0837,81.080581,,,FIU,FIU,,,,,,,,,,,,
FLAB25,FLAB,6/10/98,SAMP,MON,SA,G,,0.1,,100,"CARBON, TOTAL ORGANIC",TORGC,3.74,,,3.7,,,,,,mg/L,1,N,A,FIU17730,,0,0,,,,,,25.0837,81.080581,,,FIU,FIU,,,,,,,,,,,,
FLAB25,FLAB,7/14/98,SAMP,MON,SA,G,,0.1,,100,"CARBON, TOTAL ORGANIC",TORGC,3.67,,,3.7,,,,,,mg/L,1,N,A,FIU17732,,0,0,,,,,,25.0837,81.080581,,,FIU,FIU,,,,,,,,,,,,
FLAB25,FLAB,8/19/98,SAMP,MON,SA,G,,0.1,,100,"CARBON, TOTAL ORGANIC",TORGC,10.18,,,10.2,,,,,,mg/L,1,N,A,FIU17734,,0,0,,,,,,25.0837,81.080581,,,FIU,FIU,,,,,,,,,,,,
FLAB25,FLAB,9/17/98,SAMP,MON,SA,G,,0.1,,100,"CARBON, TOTAL ORGANIC",TORGC,4.22,,,4.2,,,,,,mg/L,1,N,A,FIU17736,,0,0,,,,,,25.0837,81.080581,,,FIU,FIU,,,,,,,,,,,,
FLAB25,FLAB,9/30/98,SAMP,MON,SA,G,,0.1,,100,"CARBON, TOTAL ORGANIC",TORGC,4.85,,,4.8,,,,,,mg/L,1,N,A,FIU17738,,0,0,,,,,,25.0837,81.080581,,,FIU,FIU,,,,,,,,,,,,
FLAB25,FLAB,11/3/98,SAMP,MON,SA,G,,0.1,,100,"CARBON, TOTAL ORGANIC",TORGC,6.54,,,6.5,,,,,,mg/L,1,N,A,FIU17740,,0,0,,,,,,25.0837,81.080581,,,FIU,FIU,,,,,,,,,,,,
FLAB25,FLAB,12/1/98,SAMP,MON,SA,G,,0.1,,100,"CARBON, TOTAL ORGANIC",TORGC,4.96,,,5,,,,,,mg/L,1,N,A,FIU17742,,0,0,,,,,,25.0837,81.080581,,,FIU,FIU,,,,,,,,,,,,
FLAB25,FLAB,1/14/99,SAMP,MON,SA,G,,0.1,,100,"CARBON, TOTAL ORGANIC",TORGC,4.78,,,4.8,,,,,,mg/L,1,N,A,FIU17744,,0,0,,,,,,25.0837,81.080581,,,FIU,FIU,,,,,,,,,,,,
FLAB25,FLAB,2/10/99,SAMP,MON,SA,G,,0.1,,100,"CARBON, TOTAL ORGANIC",TORGC,99,O,NOB,-99,,,,,,mg/L,1,Y,A,FIU17746,,0,0,,,,,,25.0837,81.080581,,,FIU,FIU,,,,,,,,,,,,
FLAB25,FLAB,3/23/99,SAMP,MON,SA,G,,0.1,,100,"CARBON, TOTAL ORGANIC",TORGC,3.93,,,3.9,,,,,,mg/L,1,N,A,FIU17748,,0,0,,,,,,25.0837,81.080581,,,FIU,FIU,,,,,,,,,,,,
FLAB25,FLAB,4/29/99,SAMP,MON,SA,G,,0.1,,100,"CARBON, TOTAL ORGANIC",TORGC,4.44,,,4.4,,,,,,mg/L,1,N,A,FIU17750,,0,0,,,,,,25.0837,81.080581,,,FIU,FIU,,,,,,,,,,,,
FLAB25,FLAB,5/28/99,SAMP,MON,SA,G,,0.1,,100,"CARBON, TOTAL ORGANIC",TORGC,3.62,,,3.6,,,,,,mg/L,1,N,A,FIU17752,,0,0,,,,,,25.0837,81.080581,,,FIU,FIU,,,,,,,,,,,,
FLAB25,FLAB,6/17/99,SAMP,MON,SA,G,,0.1,,100,"CARBON, TOTAL ORGANIC",TORGC,4.71,,,4.7,,,,,,mg/L,1,N,A,FIU17754,,0,0,,,,,,25.0837,81.080581,,,FIU,FIU,,,,,,,,,,,,
FLAB25,FLAB,7/6/99,SAMP,MON,SA,G,,0.1,,100,"CARBON, TOTAL ORGANIC",TORGC,4.67,,,4.67,,,0.12,,,mg/L,1,N,A,FIU17756,,0,0,,,,,,25.0837,81.080581,,,FIU,FIU,,,,,,,,EPA415.1,,00680,,
FLAB25,FLAB,8/24/99,SAMP,MON,SA,G,,0.1,,100,"CARBON, TOTAL ORGANIC",TORGC,3.31,,,3.31,,,0.12,,,mg/L,1,N,A,FIU17758,,0,0,,,,,,25.0837,81.080581,,,FIU,FIU,,,,,,,,EPA415.1,,00680,,
FLAB25,FLAB,9/23/99,SAMP,MON,SA,G,,0.1,,100,"CARBON, TOTAL ORGANIC",TORGC,4.27,,,4.27,,,0.12,,,mg/L,1,N,A,FIU17760,,0,0,,,,,,25.0837,81.080581,,,FIU,FIU,,,,,,,,EPA415.1,,00680,,
FLAB25,FLAB,10/26/99,SAMP,MON,SA,G,,0.1,,100,"CARBON, TOTAL ORGANIC",TORGC,6.63,,,6.63,,,0.12,,,mg/L,1,N,A,FIU17762,,0,0,,,,,,25.0837,81.080581,,,FIU,FIU,,,,,,,,EPA415.1,,00680,,
FLAB25,FLAB,11/12/99,SAMP,MON,SA,G,,0.1,,100,"CARBON, TOTAL ORGANIC",TORGC,6.06,,,6.06,,,0.12,,,mg/L,1,N,A,FIU17765,,0,0,,,,,,25.0837,81.080581,,,FIU,FIU,,,,,,,,EPA415.1,,00680,,
FLAB25,FLAB,12/3/99,SAMP,MON,SA,G,,0.1,,100,"CARBON, TOTAL ORGANIC",TORGC,6.81,,,6.81,,,0.12,,,mg/L,1,N,A,FIU17768,,0,0,,,,,,25.0837,81.080581,,,FIU,FIU,,,,,,,,EPA415.1,,00680,,
FLAB25,FLAB,1/25/00,SAMP,MON,SA,G,,0.1,,100,"CARBON, TOTAL ORGANIC",TORGC,5.41,,,5.41,,,0.12,,,mg/L,1,N,A,FIU17771,,0,0,,,,,,25.0837,81.080581,,,FIU,FIU,,,,,,,,EPA415.1,,00680,,
FLAB25,FLAB,2/28/00,SAMP,MON,SA,G,,0.1,,100,"CARBON, TOTAL ORGANIC",TORGC,3.93,,,3.93,,,0.12,,,mg/L,1,N,A,FIU17774,,0,0,,,,,,25.0837,81.080581,,,FIU,FIU,,,,,,,,EPA415.1,,00680,,
FLAB25,FLAB,3/21/00,SAMP,MON,SA,G,,0.1,,100,"CARBON, TOTAL ORGANIC",TORGC,4.05,,,4.05,,,0.12,,,mg/L,1,N,A,FIU17777,,0,0,,,,,,25.0837,81.080581,,,FIU,FIU,,,,,,,,EPA415.1,,00680,,
FLAB25,FLAB,4/13/00,SAMP,MON,SA,G,,0.1,,100,"CARBON, TOTAL ORGANIC",TORGC,3.89,,,3.89,,,0.12,,,mg/L,1,N,A,FIU17780,,0,0,,,,,,25.0837,81.080581,,,FIU,FIU,,,,,,,,EPA415.1,,00680,,
FLAB25,FLAB,5/30/00,SAMP,MON,SA,G,,0.1,,100,"CARBON, TOTAL ORGANIC",TORGC,2.66,,,2.66,,,0.12,,,mg/L,1,N,A,FIU17782,,0,0,,,,,,25.0837,81.080581,,,FIU,FIU,,,,,,,,EPA415.1,,00680,,
FLAB25,FLAB,6/20/00,SAMP,MON,SA,G,,0.1,,100,"CARBON, TOTAL ORGANIC",TORGC,3.74,,,3.74,,,0.12,,,mg/L,1,N,A,FIU17784,,0,0,,,,,,25.0837,81.080581,,,FIU,FIU,,,,,,,,EPA415.1,,00680,,
FLAB25,FLAB,7/20/00,SAMP,MON,SA,G,,0.1,,100,"CARBON, TOTAL ORGANIC",TORGC,3.7,,,3.7,,,0.12,,,mg/L,1,N,A,FIU17786,,0,0,,,,,,25.0837,81.080581,,,FIU,FIU,,,,,,,,EPA415.1,,00680,,
FLAB25,FLAB,8/29/00,SAMP,MON,SA,G,,0.1,,100,"CARBON, TOTAL ORGANIC",TORGC,4.06,,,4.06,,,0.12,,,mg/L,1,N,A,FIU17788,,0,0,,,,,,25.0837,81.080581,,,FIU,FIU,,,,,,,,EPA415.1,,00680,,
FLAB25,FLAB,9/28/00,SAMP,MON,SA,G,,0.1,,100,"CARBON, TOTAL ORGANIC",TORGC,3.99,,,3.99,,,0.12,,,mg/L,1,N,A,FIU17790,,0,0,,,,,,25.0837,81.080581,,,FIU,FIU,,,,,,,,EPA415.1,,00680,,
FLAB25,FLAB,10/26/00,SAMP,MON,SA,G,,0.1,,100,"CARBON, TOTAL ORGANIC",TORGC,4.48,,,4.48,,,0.12,,,mg/L,1,N,A,FIU17792,,0,0,,,,,,25.0837,81.080581,,,FIU,FIU,,,,,,,,EPA415.1,,00680,,
FLAB25,FLAB,11/30/00,SAMP,MON,SA,G,,0.1,,100,"CARBON, TOTAL ORGANIC",TORGC,3.98,,,3.98,,,0.12,,,mg/L,1,N,A,FIU17794,,0,0,,,,,,25.0837,81.080581,,,FIU,FIU,,,,,,,,EPA415.1,,00680,,
FLAB25,FLAB,12/11/00,SAMP,MON,SA,G,,0.1,,100,"CARBON, TOTAL ORGANIC",TORGC,5.49,,,5.49,,,0.12,,,mg/L,1,N,A,FIU17796,,0,0,,,,,,25.0837,81.080581,,,FIU,FIU,,,,,,,,EPA415.1,,00680,,
FLAB25,FLAB,1/25/01,SAMP,MON,SA,G,,0.1,,100,"CARBON, TOTAL ORGANIC",TORGC,7.54,,,7.54,,,0.05,,,mg/L,1,N,A,FIU17798,,0,0,,,,,,25.0837,81.080581,,,FIU,FIU,,,,,,,,EPA415.1,,00680,,
FLAB25,FLAB,2/21/01,SAMP,MON,SA,G,,0.1,,100,"CARBON, TOTAL ORGANIC",TORGC,6.02,,,6.02,,,0.05,,,mg/L,1,N,A,FIU17800,,0,0,,,,,,25.0837,81.080581,,,FIU,FIU,,,,,,,,EPA415.1,,00680,,
FLAB25,FLAB,3/6/01,SAMP,MON,SA,G,,0.1,,100,"CARBON, TOTAL ORGANIC",TORGC,6.55,,,6.55,,,0.05,,,mg/L,1,N,A,FIU17802,,0,0,,,,,,25.0837,81.080581,,,FIU,FIU,,,,,,,,EPA415.1,,00680,,
FLAB25,FLAB,4/3/01,SAMP,MON,SA,G,,0.1,,100,"CARBON, TOTAL ORGANIC",TORGC,3.6,,,3.6,,,0.05,,,mg/L,1,N,A,FIU17804,,0,0,,,,,,25.0837,81.080581,,,FIU,FIU,,,,,,,,EPA415.1,,00680,,
FLAB25,FLAB,5/2/01,SAMP,MON,SA,G,,0.1,,100,"CARBON, TOTAL ORGANIC",TORGC,4.58,,,4.58,,,0.05,,,mg/L,1,N,A,FIU17806,,0,0,,,,,,25.0837,81.080581,,,FIU,FIU,,,,,,,,EPA415.1,,00680,,
FLAB25,FLAB,6/5/01,SAMP,MON,SA,G,,0.1,,100,"CARBON, TOTAL ORGANIC",TORGC,4.42,,,4.42,,,0.05,,,mg/L,1,N,A,FIU110806,,0,0,,,,,,25.0837,81.080581,,,FIU,FIU,,,,,,,,EPA415.1,,00680,,
FLAB25,FLAB,7/12/01,SAMP,MON,SA,G,,0.1,,100,"CARBON, TOTAL ORGANIC",TORGC,3.71,,,3.71,,,0.05,,,mg/L,1,N,A,FIU17808,,0,0,,,,,,25.0837,81.080581,,,FIU,FIU,,,,,,,,EPA415.1,,00680,,
FLAB25,FLAB,8/14/01,SAMP,MON,SA,G,,0.1,,100,"CARBON, TOTAL ORGANIC",TORGC,3.82,,,3.82,,,0.05,,,mg/L,1,N,A,FIU17810,,0,0,,,,,,25.0837,81.080581,,,FIU,FIU,,,,,,,,EPA415.1,,00680,,
FLAB25,FLAB,9/5/01,SAMP,MON,SA,G,,0.1,,100,"CARBON, TOTAL ORGANIC",TORGC,5.01,,,5.01,,,0.05,,,mg/L,1,N,A,FIU17812,,0,0,,,,,,25.0837,81.080581,,,FIU,FIU,,,,,,,,EPA415.1,,00680,,
FLAB25,FLAB,10/23/01,SAMP,MON,SA,G,,0.1,,100,"CARBON, TOTAL ORGANIC",TORGC,4.28,,,4.28,,,0.05,,,mg/L,1,N,A,FIU110552,,0,0,,,,,,25.0837,81.080581,,,FIU,FIU,,,,,,128025,11/14/01 0:00,EPA415.1,,00680,,
FLAB25,FLAB,11/8/01,SAMP,MON,SA,G,,0.1,,100,"CARBON, TOTAL ORGANIC",TORGC,4.76,,,4.76,,,0.05,,,mg/L,1,N,A,FIU110554,,0,0,,,,,,25.0837,81.080581,,,FIU,FIU,,,,,,129025,12/5/01 0:00,EPA415.1,,00680,,
FLAB25,FLAB,12/3/01,SAMP,MON,SA,G,,0.1,,100,"CARBON, TOTAL ORGANIC",TORGC,5.09,Q,yes,5.09,,,0.05,,,mg/L,1,N,A,FIU110556,,0,0,,,,,,25.0837,81.080581,,,FIU,FIU,,,,CA,,130025,1/17/02 0:00,EPA415.1,,00680,,OUT OF HOLDING TIME.
FLAB25,FLAB,1/29/02,SAMP,MON,SA,G,,0.1,,100,"CARBON, TOTAL ORGANIC",TORGC,4.44,,,4.44,,,0.05,,,mg/L,1,N,A,FIU113184,,0,0,,,,,,25.0837,81.080581,,,FIU,FIU,,,,,,131025,2/3/02 0:00,EPA415.1,,00680,,
FLAB25,FLAB,2/20/02,SAMP,MON,SA,G,,0.1,,100,"CARBON, TOTAL ORGANIC",TORGC,4.25,,,4.25,,,0.05,,,mg/L,1,N,A,FIU113186,,0,0,,,,,,25.0837,81.080581,,,FIU,FIU,,,,,,132025,2/25/02 0:00,EPA415.1,,00680,,
FLAB25,FLAB,3/19/02,SAMP,MON,SA,G,,0.1,,100,"CARBON, TOTAL ORGANIC",TORGC,4.84,,,4.84,,,0.05,,,mg/L,1,N,A,FIU113188,,0,0,,,,,,25.0837,81.080581,,,FIU,FIU,,,,,,133025,3/27/02 0:00,EPA415.1,,00680,,
FLAB25,FLAB,4/9/02,SAMP,MON,SA,G,,0.1,,100,"CARBON, TOTAL ORGANIC",TORGC,4.38,,,4.38,,,0.05,,,mg/L,1,N,A,134025,,0,0,,,,,,25.0837,81.080581,,,FIU,FIU,,,,,,134025,4/30/02 0:00,EPA415.1,,680,,
FLAB25,FLAB,5/15/02,SAMP,MON,SA,G,,0.1,,100,"CARBON, TOTAL ORGANIC",TORGC,5.82,,,5.82,,,0.06,,,mg/L,1,N,A,135025,,0,0,,,,,,25.0837,81.080581,,,FIU,FIU,,,,,,135025,6/12/02 23:30,EPA415.1,,680,,
FLAB25,FLAB,6/4/02,SAMP,MON,SA,G,,0.1,,100,"CARBON, TOTAL ORGANIC",TORGC,4.94,,,4.94,,,0.06,,,mg/L,1,N,A,136025,,0,0,,,,,,25.0837,81.080581,,,FIU,FIU,,,,,,136025,6/25/02 9:41,EPA415.1,,680,,
FLAB25,FLAB,7/11/02,SAMP,MON,SA,G,,0.1,,100,"CARBON, TOTAL ORGANIC",TORGC,5.17,,,5.17,,,0.06,0.26,,mg/L,1,N,A,137025,,0,0,,,,,,25.0837,81.080581,,,FIU,FIU,,,,,,137025,7/25/02 9:16,EPA415.1,,680,,
FLAB25,FLAB,8/19/02,SAMP,MON,SA,G,,0.1,,100,"CARBON, TOTAL ORGANIC",TORGC,6.71,,,6.71,,,0.06,0.26,,mg/L,1,N,A,138025,,0,0,,,,,,25.0837,81.080581,,,FIU,FIU,,,,,,138025,8/31/02 5:07,EPA415.1,,00680,,
FLAB25,FLAB,9/17/02,SAMP,MON,SA,G,,0.1,,100,"CARBON, TOTAL ORGANIC",TORGC,2.43,,,2.43,,,0.06,0.26,,mg/L,1,N,A,139025,,0,0,,,,,,25.0837,81.080581,,,FIU,FIU,,,,,,139025,10/15/02 19:23,EPA415.1,,00680,,
FLAB25,FLAB,10/17/02,SAMP,MON,SA,G,,0.1,,100,"CARBON, TOTAL ORGANIC",TORGC,6.29,Q,yes,6.29,,,0.06,0.26,,mg/L,1,N,A,140025,,0,0,,,,,,25.0837,81.080581,,,FIU,FIU,,,,CA,,140025,11/25/02 5:11,EPA415.1,,00680,,HOLDING TIME EXCEEDED
FLAB25,FLAB,11/14/02,SAMP,MON,SA,G,,0.1,,100,"CARBON, TOTAL ORGANIC",TORGC,7.58,,,7.58,,,0.06,0.26,,mg/L,1,N,A,141025,,0,0,,,,,,25.0837,81.080581,,,FIU,FIU,,,,,,141025,12/9/02 3:40,EPA415.1,,00680,,
FLAB25,FLAB,12/11/02,SAMP,MON,SA,G,,0.1,,100,"CARBON, TOTAL ORGANIC",TORGC,3.8,Q,yes,3.8,,,0.06,0.26,,mg/L,1,N,A,142025,,0,0,,,,,,25.0837,81.080581,,,FIU,FIU,,,,CA,,142025,1/10/03 8:49,EPA415.1,,00680,,HOLDING TIME EXCEEDED.
FLAB25,FLAB,1/28/03,SAMP,MON,SA,G,,0.1,,100,"CARBON, TOTAL ORGANIC",TORGC,4.46,,,4.46,,,0.06,0.26,,mg/L,1,N,A,143025,,0,0,,,,,,25.0837,81.080581,,,FIU,FIU,,,,,,143025,2/7/03 12:20,EPA415.1,,00680,,
FLAB25,FLAB,2/25/03,SAMP,MON,SA,G,,0.1,,100,"CARBON, TOTAL ORGANIC",TORGC,3.35,,,3.35,,,0.06,0.26,,mg/L,1,N,A,144025,,0,0,,,,,,25.0837,81.080581,,,FIU,FIU,,,,,,144025,3/15/03 10:19,EPA415.1,,00680,,
FLAB25,FLAB,3/13/03,SAMP,MON,SA,G,,0.1,,100,"CARBON, TOTAL ORGANIC",TORGC,2.46,,,2.46,,,0.06,0.26,,mg/L,1,N,A,145025,,0,0,,,,,,25.0837,81.080581,,,FIU,FIU,,,,,,145025,4/8/03 6:05,EPA415.1,,00680,,
FLAB25,FLAB,4/9/03,SAMP,MON,SA,G,,0.1,,100,"CARBON, TOTAL ORGANIC",TORGC,3.14,Q,Q,3.14,,,0.06,0.26,,mg/L,1,N,A,146025,,0,0,,,,,,25.0837,81.080581,,,FIU,FIU,,,,,,146025,5/9/03 4:47,EPA415.1,,680,,Holding time exceeded
FLAB25,FLAB,5/8/03,SAMP,MON,SA,G,,0.1,,100,"CARBON, TOTAL ORGANIC",TORGC,3.75,Q,Q,3.75,,,0.06,0.26,,mg/L,1,N,A,147025,,0,0,,,,,,25.0837,81.080581,,,FIU,FIU,,,,,,147025,6/12/03 7:35,EPA415.1,,680,,Holding time exceeded
FLAB25,FLAB,6/10/03,SAMP,MON,SA,G,,0.1,,100,"CARBON, TOTAL ORGANIC",TORGC,3.13,Q,Q,3.13,,,0.06,0.26,,mg/L,1,N,A,148025,,0,0,,,,,,25.0837,81.080581,,,FIU,FIU,,,,,,148025,8/2/03 5:20,EPA415.1,,680,,Holding time exceeded
FLAB25,FLAB,7/1/03,SAMP,MON,SA,G,,0.1,,100,"CARBON, TOTAL ORGANIC",TORGC,3.84,Q,Q,3.84,,,0.06,0.26,,mg/L,1,N,A,149025,,0,0,,,,,,25.0837,81.080581,,,FIU,FIU,,,,,,149025,8/12/03 8:39,EPA415.1,,680,,SAMPLE ANALYZED PAST HOLDING TIME.
FLAB25,FLAB,8/25/03,SAMP,MON,SA,G,,0.1,,100,"CARBON, TOTAL ORGANIC",TORGC,3.01,,,3.01,,,0.06,0.26,,mg/L,1,N,A,150025,,0,0,,,,,,25.0837,81.080581,,,FIU,FIU,,,,,,150025,9/19/03 8:39,EPA415.1,,680,,
FLAB25,FLAB,9/9/03,SAMP,MON,SA,G,,0.1,,100,"CARBON, TOTAL ORGANIC",TORGC,1.79,,,1.79,,,0.06,0.26,,mg/L,1,N,A,151025,,0,0,,,,,,25.0837,81.080581,,,FIU,FIU,,,,,,151025,10/7/03 6:08,EPA415.1,,680,,
FLAB25,FLAB,10/15/03,SAMP,MON,SA,G,,0.1,,100,"CARBON, TOTAL ORGANIC",TORGC,3.08,,,3.08,,,0.06,0.26,,mg/L,1,N,A,152025,,0,0,,,,,,25.0837,81.080581,,,FIU,FIU,,,,,,152025,10/28/03 11:15,EPA415.1,,680,,
FLAB25,FLAB,11/7/03,SAMP,MON,SA,G,,0.1,,100,"CARBON, TOTAL ORGANIC",TORGC,3.98,,,3.98,,,0.06,0.26,,mg/L,1,N,A,153025,,0,0,,,,,,25.0837,81.080581,,,FIU,FIU,,,,,,153025,11/21/03 11:22,EPA415.1,,680,,
FLAB25,FLAB,12/3/03,SAMP,MON,SA,G,,0.1,,100,"CARBON, TOTAL ORGANIC",TORGC,4.34,,,4.34,,,0.06,0.26,,mg/L,1,N,A,154025,,0,0,,,,,,25.0837,81.080581,,,FIU,FIU,,,,,,154025,12/19/03 10:35,EPA415.1,,680,,
FLAB25,FLAB,1/21/04,SAMP,MON,SA,G,,0.1,,100,"CARBON, TOTAL ORGANIC",TORGC,4.13,,,4.13,,,0.16,0.71,,mg/L,1,N,A,155025,,0,0,,,,,,25.0837,81.080581,,,FIU,FIU,,,,,,155025,2/6/04 1:21,EPA415.1,,680,,
FLAB25,FLAB,2/24/04,SAMP,MON,SA,G,,0.1,,100,"CARBON, TOTAL ORGANIC",TORGC,4.15,J5,J5,4.15,,,0.16,0.71,,mg/L,1,N,A,156025,,0,0,,,,,,25.0837,81.080581,,,FIU,FIU,,,,,,156025,3/8/04 22:45,EPA415.1,,680,,"IMPROPER FIELD PROTOCOL, NO EB RESULT AVAILABLE."
FLAB25,FLAB,3/23/04,SAMP,MON,SA,G,,0.1,,100,"CARBON, TOTAL ORGANIC",TORGC,6.67,,,6.67,,,0.16,0.71,,mg/L,1,N,A,157025,,0,0,,,,,,25.0837,81.080581,,,FIU,FIU,,,,,,157025,4/9/04 19:20,EPA415.1,,680,,
FLAB25,FLAB,4/21/04,SAMP,MON,SA,G,,0.1,,100,"CARBON, TOTAL ORGANIC",TORGC,3.96,,,3.96,,,0.16,0.71,,mg/L,1,N,A,158025,,0,0,,,,,,25.0837,81.080581,,,FIU,WMD,,,,,,158025,5/8/04 15:31,EPA415.1,,680,,
FLAB25,FLAB,5/21/04,SAMP,MON,SA,G,,0.1,,100,"CARBON, TOTAL ORGANIC",TORGC,4.26,,,4.26,,,0.06,0.27,,mg/L,1,N,A,159025,,0,0,,,,,,25.0837,81.080581,,,FIU,FIU,,,,,,159025,5/27/04 12:23,EPA415.1,,680,,
FLAB25,FLAB,6/28/04,SAMP,MON,SA,G,,0.1,,100,"CARBON, TOTAL ORGANIC",TORGC,3.17,,,3.17,,,0.06,0.27,,mg/L,1,N,A,160025,,0,0,,,,,,25.0837,81.080581,,,FIU,FIU,,,,,,160025,7/1/04 16:25,EPA415.1,,680,,
FLAB25,FLAB,7/27/04,SAMP,MON,SA,G,,0.1,,100,"CARBON, TOTAL ORGANIC",TORGC,2.13,,,2.13,,,0.06,0.27,,mg/L,1,N,A,161025,,0,0,,,,,,25.0837,81.080581,,,FIU,FIU,,,,,,161025,8/2/04 13:26,EPA415.1,,680,,
FLAB25,FLAB,8/24/04,SAMP,MON,SA,G,,0.1,,100,"CARBON, TOTAL ORGANIC",TORGC,2.75,,,2.75,,,0.16,0.71,,mg/L,1,N,A,162025,,0,0,,,,,,25.0837,81.080581,,,FIU,FIU,,,,,,162025,9/10/04 10:46,EPA415.1,,680,,
FLAB25,FLAB,9/28/04,SAMP,MON,SA,G,,0.1,,100,"CARBON, TOTAL ORGANIC",TORGC,2.45,,,2.45,,,0.06,0.27,,mg/L,1,N,A,163025,,0,0,,,,,,25.0837,81.080581,,,FIU,FIU,,,,,,163025,10/4/04 15:19,EPA415.1,,680,,
FLAB25,FLAB,10/26/04,SAMP,MON,SA,G,,0.1,,100,"CARBON, TOTAL ORGANIC",TORGC,2.96,,,2.96,,,0.16,0.71,,mg/L,1,N,A,164025,,0,0,,,,,,25.0837,81.080581,,,FIU,FIU,,,,,,164025,11/6/04 13:04,EPA415.1,,680,,
FLAB25,FLAB,11/29/04,SAMP,MON,SA,G,,0.1,,100,"CARBON, TOTAL ORGANIC",TORGC,3.6,,,3.6,,,0.06,0.27,,mg/L,1,N,A,165025,,0,0,,,,,,25.0837,81.080581,,,FIU,FIU,,,,,,165025,12/9/04 13:08,EPA415.1,,680,,
FLAB25,FLAB,12/14/04,SAMP,MON,SA,G,,0.1,,100,"CARBON, TOTAL ORGANIC",TORGC,3.9,,,3.9,,,0.06,0.27,,mg/L,1,N,A,166025,,0,0,,,,,,25.0837,81.080581,,,FIU,FIU,,,,,,166025,12/20/04 17:32,EPA415.1,,680,,
FLAB25,FLAB,10/9/06,SAMP,MON,SA,G,,0,,100,"CARBON, TOTAL ORGANIC",TORGC,2.224,"Y,J5",yes,2.224,,1,0.16,0.3,,mg/L,1,N,A,FB188FB025UA,,0,0,,,,,,25.0837,81.080581,FIU,E76930,FIU,WMD,WMD,2,BA,CA,,AB64827,10/11/06 15:51,EPA 415.1,,680,,"Exceded Batch Size Exceded Batch Size NELAC certified, DEP variance will be obtained by Dec 2008"
FLAB25,FLAB,10/9/06,SAMP,MON,SA,G,,0,,100,"CARBON, TOTAL ORGANIC",TORGC,2.28,"Y,J5",yes,2.2795,,1,0.16,0.3,,mg/L,1,N,A,FB188FB025UB,,0,0,,,,,,25.0837,81.080581,FIU,E76930,FIU,WMD,WMD,2,BA,CA,,AB64828,10/11/06 15:51,EPA 415.1,,680,,"Exceded Batch Size Exceded Batch Size NELAC certified, DEP variance will be obtained by Dec 2008"
FLAB25,FLAB,11/7/06,SAMP,MON,SA,G,,0,,100,"CARBON, TOTAL ORGANIC",TORGC,3.323,"Y,J5",yes,3.3225,,1,0.16,0.3,,mg/L,1,N,A,FB189FB025UA,,0,0,,,,,,25.0837,81.080581,FIU,E76930,FIU,WMD,WMD,2,BA,CA,,AB70908,11/13/06 0:47,EPA 415.1,,680,,"Exceded Batch Size NELAC certified, DEP variance will be obtained by Dec 2008"
FLAB25,FLAB,11/7/06,SAMP,MON,SA,G,,0,,100,"CARBON, TOTAL ORGANIC",TORGC,3.328,"Y,J5",yes,3.328,,1,0.16,0.3,,mg/L,1,N,A,FB189FB025UB,,0,0,,,,,,25.0837,81.080581,FIU,E76930,FIU,WMD,WMD,2,BA,CA,,AB70909,11/13/06 0:47,EPA 415.1,,680,,"Exceded Batch Size NELAC certified, DEP variance will be obtained by Dec 2008"
FLAB25,FLAB,12/3/06,SAMP,MON,SA,G,,0,,100,"CARBON, TOTAL ORGANIC",TORGC,5.079,"Y,J",yes,5.079,,1,0.16,0.3,,mg/L,1,N,A,FB190FB025UA,,0,0,,,,,,25.0837,81.080581,FIU,E76930,FIU,WMD,WMD,2,BA,CA,,AB72228,12/7/06 23:53,EPA 415.1,,680,,"Matrix Spike Recovery Outside of Control Limits.; NELAC certified, DEP variance will be obtained by Dec 2008"
FLAB25,FLAB,12/3/06,SAMP,MON,SA,G,,0,,100,"CARBON, TOTAL ORGANIC",TORGC,5.048,"Y,J",yes,5.0475,,1,0.16,0.3,,mg/L,1,N,A,FB190FB025UB,,0,0,,,,,,25.0837,81.080581,FIU,E76930,FIU,WMD,WMD,2,BA,CA,,AB72229,12/7/06 23:53,EPA 415.1,,680,,"Matrix Spike Recovery Outside of Control Limits.; NELAC certified, DEP variance will be obtained by Dec 2008"
FLAB25,FLAB,1/11/07,SAMP,MON,SA,G,,0,,100,"CARBON, TOTAL ORGANIC",TORGC,3.138,"A,Y",yes,3.1375,,1,0.16,0.3,,mg/L,1,N,A,FB191FB025UA,,0,0,,,,,,25.0837,81.080581,FIU,E76930,FIU,WMD,WMD,2,BA,CA,,AB74884,1/25/07 23:17,EPA 415.1,,680,,"NELAC certified, DEP variance will be obtained by Dec 2008"
FLAB25,FLAB,1/11/07,SAMP,MON,SA,G,,0,,100,"CARBON, TOTAL ORGANIC",TORGC,3.171,"A,Y,J",yes,3.171,,1,0.16,0.3,,mg/L,1,N,A,FB191FB025UB,,0,0,,,,,,25.0837,81.080581,FIU,E76930,FIU,WMD,WMD,2,BA,CA,,AB74885,1/25/07 23:17,EPA 415.1,,680,,"Target analyte was found in EB;NELAC certified, DEP variance will be obtained by Dec 2008"
FLAB25,FLAB,2/7/07,SAMP,MON,SA,G,,0,,100,"CARBON, TOTAL ORGANIC",TORGC,3.582,"A,Y",yes,3.5815,,1,0.16,0.3,,mg/L,1,N,A,FB192FB025UA,,0,0,,,,,,25.0837,81.080581,FIU,E76930,FIU,WMD,WMD,2,BA,CA,,AB76782,2/15/07 21:56,EPA 415.1,,680,,"NELAC certified, DEP variance will be obtained by Dec 2008"
FLAB25,FLAB,2/7/07,SAMP,MON,SA,G,,0,,100,"CARBON, TOTAL ORGANIC",TORGC,3.599,"A,Y",yes,3.5985,,1,0.16,0.3,,mg/L,1,N,A,FB192FB025UB,,0,0,,,,,,25.0837,81.080581,FIU,E76930,FIU,WMD,WMD,2,BA,CA,,AB76783,2/15/07 21:56,EPA 415.1,,680,,"NELAC certified, DEP variance will be obtained by Dec 2008"
FLAB25,FLAB,3/12/07,SAMP,MON,SA,G,,0,,100,"CARBON, TOTAL ORGANIC",TORGC,3.161,"A,Y,J5",yes,3.1605,,1,0.16,0.3,,mg/L,1,N,A,FB193FB025UA,,0,0,,,,,,25.0837,81.080581,FIU,E76930,FIU,WMD,WMD,2,BA,CA,,AB78032,3/19/07 0:03,EPA 415.1,,680,,"Exceded Batch Size NELAC certified, DEP variance will be obtained by Dec 2008"
FLAB25,FLAB,3/12/07,SAMP,MON,SA,G,,0,,100,"CARBON, TOTAL ORGANIC",TORGC,3.144,"A,Y,J5",yes,3.144,,1,0.16,0.3,,mg/L,1,N,A,FB193FB025UB,,0,0,,,,,,25.0837,81.080581,FIU,E76930,FIU,WMD,WMD,2,BA,CA,,AB78033,3/19/07 0:03,EPA 415.1,,680,,"Exceded Batch Size NELAC certified, DEP variance will be obtained by Dec 2008"
FLAB25,FLAB,4/3/07,SAMP,MON,SA,G,,0,,100,"CARBON, TOTAL ORGANIC",TORGC,4.051,Y,yes,4.051,,1,0.16,0.3,,mg/L,1,N,A,FB194FB025UB,,0,0,,,,,,25.0837,81.080581,FIU,E76930,FIU,WMD,WMD,2,BA,CA,,AB79058,4/4/07 23:06,EPA 415.1,,680,,"NELAC certified, DEP variance will be obtained by Dec 2008"
FLAB25,FLAB,4/3/07,SAMP,MON,SA,G,,0,,100,"CARBON, TOTAL ORGANIC",TORGC,4.175,Y,yes,4.175,,1,0.16,0.3,,mg/L,1,N,A,FB194FB025UA,,0,0,,,,,,25.0837,81.080581,FIU,E76930,FIU,WMD,WMD,2,BA,CA,,AB79057,4/4/07 23:06,EPA 415.1,,680,,"NELAC certified, DEP variance will be obtained by Dec 2008"
FLAB25,FLAB,5/1/07,SAMP,MON,SA,G,,0,,100,"CARBON, TOTAL ORGANIC",TORGC,4.318,Y,yes,4.3175,,1,0.16,0.3,,mg/L,1,N,A,FB195FB025UB,,0,0,,,,,,25.0837,81.080581,FIU,E76930,FIU,WMD,WMD,2,BA,CA,,AB82119,5/18/07 12:45,EPA 415.1,,680,,"NELAC certified, DEP variance will be obtained by Dec 2008"
FLAB25,FLAB,5/1/07,SAMP,MON,SA,G,,0,,100,"CARBON, TOTAL ORGANIC",TORGC,4.606,Y,yes,4.6055,,1,0.16,0.3,,mg/L,1,N,A,FB195FB025UA,,0,0,,,,,,25.0837,81.080581,FIU,E76930,FIU,WMD,WMD,2,BA,CA,,AB82118,5/18/07 12:45,EPA 415.1,,680,,"NELAC certified, DEP variance will be obtained by Dec 2008"
FLAB25,FLAB,6/6/07,SAMP,MON,SA,G,,0,,100,"CARBON, TOTAL ORGANIC",TORGC,6.917,"Y,J5",yes,6.9165,,1,0.16,0.3,,mg/L,1,N,A,FB196FB025UA,,0,0,,,,,,25.0837,81.080581,FIU,E76930,FIU,WMD,WMD,2,BA,CA,,AB84017,6/8/07 14:31,EPA 415.1,,680,,"Exceded Batch Size Exceded Batch Size NELAC certified, DEP variance will be obtained by Dec 2008"
FLAB25,FLAB,6/6/07,SAMP,MON,SA,G,,0,,100,"CARBON, TOTAL ORGANIC",TORGC,7.01,"Y,J5",yes,7.01,,1,0.16,0.3,,mg/L,1,N,A,FB196FB025UB,,0,0,,,,,,25.0837,81.080581,FIU,E76930,FIU,WMD,WMD,2,BA,CA,,AB84018,6/8/07 14:31,EPA 415.1,,680,,"Exceded Batch Size Exceded Batch Size NELAC certified, DEP variance will be obtained by Dec 2008"
FLAB25,FLAB,7/3/07,SAMP,MON,SA,G,,0,,100,"CARBON, TOTAL ORGANIC",TORGC,324.79,"A,Y",yes,324.79,,1,0.16,0.3,,mg/L,1,N,A,FB197FB025UA,,0,0,,,,,,25.0837,81.080581,FIU,E76930,FIU,WMD,WMD,2,BA,CA,,AB85596,7/10/07 14:35,EPA 415.1,,680,,
FLAB25,FLAB,7/3/07,SAMP,MON,SA,G,,0,,100,"CARBON, TOTAL ORGANIC",TORGC,319.91,"A,Y",yes,319.91,,1,0.16,0.3,,mg/L,1,N,A,FB197FB025UB,,0,0,,,,,,25.0837,81.080581,FIU,E76930,FIU,WMD,WMD,2,BA,CA,,AB85597,7/10/07 14:35,EPA 415.1,,680,,
FLAB25,FLAB,8/7/07,SAMP,MON,SA,G,,0,,100,"CARBON, TOTAL ORGANIC",TORGC,211.45,"A,Y",yes,211.45,,1,0.16,0.3,,mg/L,1,N,A,FB198FB025UB,,0,0,,,,,,25.0837,81.080581,FIU,E76930,FIU,WMD,WMD,2,BA,CA,,AB89054,8/21/07 8:42,EPA 415.1,,680,,
FLAB25,FLAB,8/7/07,SAMP,MON,SA,G,,0,,100,"CARBON, TOTAL ORGANIC",TORGC,220.54,"A,Y",yes,220.54,,1,0.16,0.3,,mg/L,1,N,A,FB198FB025UA,,0,0,,,,,,25.0837,81.080581,FIU,E76930,FIU,WMD,WMD,2,BA,CA,,AB89053,8/21/07 8:42,EPA 415.1,,680,,
FLAB25,FLAB,9/5/07,SAMP,MON,SA,G,,0,,100,"CARBON, TOTAL ORGANIC",TORGC,178.75,"A,Y",yes,178.75,,1,0.16,0.3,,mg/L,1,N,A,FB199FB025UB,,0,0,,,,,,25.0837,81.080581,FIU,E76930,FIU,WMD,WMD,2,BA,CA,,AB90725,9/21/07 14:58,EPA 415.1,,680,,
FLAB25,FLAB,9/5/07,SAMP,MON,SA,G,,0,,100,"CARBON, TOTAL ORGANIC",TORGC,178.29,"A,Y",yes,178.29,,1,0.16,0.3,,mg/L,1,N,A,FB199FB025UA,,0,0,,,,,,25.0837,81.080581,FIU,E76930,FIU,WMD,WMD,2,BA,CA,,AB90724,9/21/07 14:58,EPA 415.1,,680,,
FLAB25,FLAB,10/4/07,SAMP,MON,SA,G,,0,,100,"CARBON, TOTAL ORGANIC",TORGC,2.017,"A,Y",yes,2.0165,,1,0.16,0.0036,,mg/L,1,N,A,FB200FB025,,0,0,,,,,,25.0837,81.080581,FIU,E76930,FIU,WMD,WMD,2,BA,CA,,AB92301,10/23/07 8:13,EPA 415.1,,680,,"NELAC certified, DEP variance will be obtained by Dec 2008"
FLAB25,FLAB,11/6/07,SAMP,MON,SA,G,,0,,100,"CARBON, TOTAL ORGANIC",TORGC,5.122,"A,Y",yes,5.1215,,1,0.16,0.0036,,mg/L,1,N,A,FB201FB025,,0,0,,,,,,25.0837,81.080581,FIU,E76930,FIU,WMD,WMD,2,BA,CA,,AB93895,11/20/07 7:52,EPA 415.1,,680,,"NELAC certified, DEP variance will be obtained by Dec 2008"
FLAB25,FLAB,12/7/07,SAMP,MON,SA,G,,0,,100,"CARBON, TOTAL ORGANIC",TORGC,3.506,"A,Y",yes,3.5055,,1,0.16,0.0036,,mg/L,1,N,A,FB202FB025,,0,0,,,,,,25.0837,81.080581,FIU,E76930,FIU,WMD,WMD,2,BA,CA,,AB94313,12/18/07 6:53,EPA 415.1,,680,,"NELAC certified, DEP variance will be obtained by Dec 2008"
FLAB25,FLAB,1/9/08,SAMP,MON,SA,G,,0,,100,"CARBON, TOTAL ORGANIC",TORGC,4.319,Y,yes,4.3185,,1,0.16,0.3,,mg/L,1,N,A,FB203FB025,,0,0,,,,,,25.0837,81.080581,FIU,E76930,FIU,WMD,WMD,2,BA,CA,,AB95224,1/18/08 13:01,EPA 415.1,,680,,"NELAC certified, DEP variance will be obtained by Aug 2008"
FLAB25,FLAB,2/8/08,SAMP,MON,SA,G,,0,,100,"CARBON, TOTAL ORGANIC",TORGC,3.063,Y,yes,3.0625,,1,0.16,0.3,,mg/L,1,N,A,FB204FB025,,0,0,,,,,,25.0837,81.080581,FIU,E76930,FIU,WMD,WMD,2,BA,CA,,AB95739,2/29/08 6:41,EPA 415.1,,680,,"NELAC certified, DEP variance will be obtained by Aug 2008"
FLAB25,FLAB,3/5/08,SAMP,MON,SA,G,,0,,100,"CARBON, TOTAL ORGANIC",TORGC,3.641,Y,yes,3.6405,,1,0.16,0.3,,mg/L,1,N,A,FB205FB025,,0,0,,,,,,25.0837,81.080581,FIU,E76930,FIU,WMD,WMD,2,BA,CA,,AB95987,3/18/08 8:43,EPA 415.1,,680,,"NELAC certified, DEP variance will be obtained by Aug 2008"
FLAB25,FLAB,4/2/08,SAMP,MON,SA,G,,0,,100,"CARBON, TOTAL ORGANIC",TORGC,3.299,Y,yes,3.2985,,1,0.16,0.3,,mg/L,1,N,A,FB206FB025,,0,0,,,,,,25.0837,81.080581,FIU,E76930,FIU,WMD,WMD,2,BA,CA,4/2/08 12:50,AB96576,4/8/08 8:32,EPA 415.1,,680,,"NELAC certified, DEP variance will be obtained by Aug 2008"
FLAB25,FLAB,5/7/08,SAMP,MON,SA,G,,0,,100,"CARBON, TOTAL ORGANIC",TORGC,3.823,Y,yes,3.823,,1,0.16,0.3,,mg/L,1,N,A,FB207FB025,,0,0,,,,,,25.0837,81.080581,FIU,E76930,FIU,WMD,WMD,2,BA,CA,5/7/08 10:18,AB97320,5/13/08 6:36,EPA 415.1,,680,,"NELAC certified, DEP variance will be obtained by Aug 2008"
FLAB25,FLAB,6/4/08,SAMP,MON,SA,G,,0,,100,"CARBON, TOTAL ORGANIC",TORGC,2.588,Y,yes,2.588,,1,0.16,0.3,,mg/L,1,N,A,FB208FB025,,0,0,,,,,,25.0837,81.080581,FIU,E76930,FIU,WMD,WMD,2,BA,CA,6/4/08 10:56,AB97884,6/12/08 6:25,EPA 415.1,,680,,"NELAC certified, DEP variance will be obtained by Aug 2008"
FLAB25,FLAB,1/7/09,SAMP,MON,SA,G,,0.5,,100,"CARBON, TOTAL ORGANIC",TORGC,3.6,I,,4,,1,1,4,1,mg/L,1,N,A,P42963-9,,1,2,,,3.3,,,25.0837,81.080581,FWEC,E46077,WMD,WMD,WMD,2,BA,NO,1/8/09 9:36,16142009,1/22/09 11:48,SM5310B,,00680,light winds and light chop.  Sample with no visable solids.  Low incoming flow.  good deal of plant matter/alga observed in water column.,
FLAB25,FLAB,2/12/09,SAMP,MON,SA,G,,0.5,,100,"CARBON, TOTAL ORGANIC",TORGC,3.9,I,,4,,1,1,4,1,mg/L,1,N,A,P42978-6,,1,2,,,2.4,,,25.0837,81.080581,FWEC,E46077,WMD,WMD,WMD,2,BA,NO,2/12/09 15:47,16157006,2/19/09 11:05,SM5310B,,00680,Very calm conditions.  No wind and very little flow.  Sample clear.,
FLAB25,FLAB,3/16/09,SAMP,MON,SA,G,,0.5,,100,"CARBON, TOTAL ORGANIC",TORGC,3.8,"I,J",yes,4,,1,1,4,1,mg/L,1,N,A,P43361-6,,1,3,,,3.15,,,25.0837,81.080581,FWEC,E46077,WMD,WMD,WMD,2,BA,NO,3/17/09 10:29,16639006,3/19/09 11:36,SM5310B,,00680,Increasing clouds and increasing winds.  light chop.  Sample clear.,Analyte detected in field blank and/or associated sample
FLAB25,FLAB,4/20/09,SAMP,MON,SA,G,,0.5,,100,"CARBON, TOTAL ORGANIC",TORGC,4.3,,,4,,1,1,4,1,mg/L,1,N,A,P43542-6,,1,3,,,3.9,,,25.0837,81.080581,FWEC,E46077,WMD,WMD,WMD,2,BA,NO,4/21/09 9:50,16865006,4/29/09 16:17,SM5310B,,00680,choppy conditions with medium swell. Sample clear of solids.,
FLAB25,FLAB,5/18/09,SAMP,MON,SA,G,,0.5,,100,"CARBON, TOTAL ORGANIC",TORGC,4.6,,,5,,1,1,4,1,mg/L,1,N,A,P43936-6,,1,3,,,3.8,,,25.0837,81.080581,FWEC,E46077,WMD,WMD,WMD,2,BA,NO,5/19/09 9:50,17327006,5/22/09 10:04,SM5310B,,00680,Strog wind and moderate chop.  Sample clear,
FLAB25,FLAB,6/11/09,SAMP,MON,SA,G,,0.5,,100,"CARBON, TOTAL ORGANIC",TORGC,3.4,I,,3,,1,1,4,1,mg/L,1,N,A,P43955-6,,1,2,,,2.9,,,25.0837,81.080581,FWEC,E46077,WMD,WMD,WMD,2,BA,NO,6/11/09 16:09,17348006,6/17/09 14:39,SM5310B,,00680,Calm conditions.  Sample clear of solids.,
FLAB25,FLAB,7/20/09,SAMP,MON,SA,G,,0.5,,100,"CARBON, TOTAL ORGANIC",TORGC,2.4,I,,2,,1,1,4,1,mg/L,1,N,A,P44584-6,,1,2,,,3.71,,,25.0837,81.080581,FWEC,E46077,WMD,WMD,WMD,2,BA,NO,7/21/09 10:16,18191020,7/24/09 11:08,SM5310B,,00680,"sample clear, no solids.  strong incoming flow.  calm seas. sunny, temp 95-97 degrees F.",
FLAB25,FLAB,8/17/09,SAMP,MON,SA,G,,0.5,,100,"CARBON, TOTAL ORGANIC",TORGC,3.1,I,,3,,1,1,4,1,mg/L,1,N,A,P44716-6,,1,2,,,3.9,,,25.0837,81.080581,FWEC,E46077,WMD,WMD,WMD,2,BA,NO,8/18/09 11:13,18361017,8/20/09 17:59,SM5310B,,00680,"Sample clear, no visible solids.  Slight sediment in sample bucket.  Seaweed on surface. Very rough conditions.  Seas 4-4, wind 20 knots.  Sunny with some cloud coverage.  Temperature low to mid 90's degrees F.",
FLAB25,FLAB,9/15/09,SAMP,MON,SA,G,,0.5,,100,"CARBON, TOTAL ORGANIC",TORGC,1.9,I,,2,,1,1,4,1,mg/L,1,N,A,P45421-8,,1,2,,,3.8,,,25.0837,81.080581,FWEC,E46077,WMD,WMD,WMD,2,BA,NO,9/16/09 10:46,19266008,9/22/09 13:28,SM5310B,,00680,"Sample clear, with low solids.  Some sediment in sample bucket.  Moderate incoming flow, light chop on water.  Soem seagrass floating on water surface.",
FLAB25,FLAB,10/12/09,SAMP,MON,SA,G,,0.5,,100,"CARBON, TOTAL ORGANIC",TORGC,2,I,,2,,1,1,4,1,mg/L,1,N,A,P45906-6,,1,2,,,3.2,,,25.0837,81.080581,FWEC,E46077,WMD,WMD,WMD,2,BA,NO,10/13/09 9:43,19878006,10/14/09 15:29,SM5310B,,00680,Sample clear with no visible solids. Moderate flow. 2.5' chop on water's surface with winds approx. 15-20 mph.,
FLAB25,FLAB,11/12/09,SAMP,MON,SA,G,,0.5,,100,"CARBON, TOTAL ORGANIC",TORGC,3.6,I,,4,,1,1,4,1,mg/L,1,N,A,P46183-11,,1,4,,,3.9,,,25.0837,81.080581,FWEC,E46077,WMD,WMD,WMD,2,BA,NO,11/13/09 10:04,20232011,11/19/09 16:08,SM5310B,,00680,"Sample pale yellow-green, with low solids.  Very choppy, seas 3-4, strong incoming flow. Winds 20 mph.",
FLAB25,FLAB,12/7/09,SAMP,MON,SA,G,,0.5,m,100,"CARBON, TOTAL ORGANIC",TORGC,4,,,4,,1,1,4,1,mg/L,1,N,A,P46552-6,,1,1,,,,,,25.0837,81.080581,FWEC,E46077,WMD,WMD,WMD,2,BA,NO,12/8/09 10:37,20736006,12/10/09 15:05,SM5310B,,00680,"Sample clear, no visible solids.  Low flow.  Moderate chop.  Winds 5-10 mph.",
FLAB25,FLAB,1/11/10,SAMP,MON,SA,G,,0.5,m,100,"CARBON, TOTAL ORGANIC",TORGC,5.4,,,5,,1,1,4,1,mg/L,1,N,A,P46793-2,,1,1,,,,,,25.0837,81.080581,FWEC,E46077,WMD,WMD,WMD,2,BA,NO,1/12/10 11:13,21031002,1/13/10 14:27,SM5310B,,680,"Sample cloudy pale yellow, with medium solids.  Strong incoming flow. Rough seas 2-3 feet.  Winds 15-20mph.  Water temperatures below 10 degrees C. WARNING: TEMP exceeds QC limit of 10 to 35 Celsius",
FLAB25,FLAB,2/8/10,SAMP,MON,SA,G,,0.5,m,100,"CARBON, TOTAL ORGANIC",TORGC,3.7,I,,4,,1,1,4,1,mg/L,1,N,A,P47183-2,,1,3,,,,,,25.0837,81.080581,FWEC,E46077,WMD,WMD,WMD,2,BA,NO,2/9/10 12:49,21666002,2/11/10 14:14,SM5310B,,00680,"Sample clear, no visible solids.  Low flow.  Slight chop on water. Winds 5-10mph.",
FLAB25,FLAB,3/8/10,SAMP,MON,SA,G,,0.5,m,100,"CARBON, TOTAL ORGANIC",TORGC,4.7,,,5,,1,1,4,1,mg/L,1,N,A,P47472-2,,1,1,,,,,,25.0837,81.080581,FWEC,E46077,WMD,WMD,WMD,2,BA,NO,3/9/10 10:29,22046002,3/11/10 13:05,SM5310B,,00680,"Sample pale green with no visible solids. Calm conditions, with minimal chop.  Low flow.  FCEB taken at this station.",
FLAB25,FLAB,4/13/10,SAMP,MON,SA,G,,0.5,m,100,"CARBON, TOTAL ORGANIC",TORGC,3.1,I,,3,,1,1,4,1,mg/L,1,N,A,P47829-9,,1,1,,,,,,25.0837,81.080581,FWEC,E46077,WMD,WMD,WMD,2,BA,NO,4/15/10 9:04,22511009,4/20/10 15:26,SM5310B,,00680,"Sample pale green, low solids.  Moderate flow.  Water choppy, seas 1-2 feet.  Winds 10-12mph.",
FLAB25,FLAB,5/10/10,SAMP,MON,SA,G,,0.5,m,100,"CARBON, TOTAL ORGANIC",TORGC,2.9,I,,3,,1,1,4,1,mg/L,1,N,A,P48081-2,,1,1,,,,,,25.0837,81.080581,FWEC,E46077,WMD,WMD,WMD,2,BA,NO,5/11/10 10:36,22817002,5/12/10 16:26,SM5310B,,00680,"Sample clear, no visible solids.  Water very choppy, 2-3 foot seas.  Moderate flow.  Winds 15-18mph.",
FLAB25,FLAB,6/8/10,SAMP,MON,SA,G,,0.5,m,100,"CARBON, TOTAL ORGANIC",TORGC,2.5,I,,2,,1,1,4,1,mg/L,1,N,A,P48380-8,,1,2,,,,,,25.0837,81.080581,FWEC,E46077,WMD,WMD,WMD,2,BA,NO,6/9/10 12:12,23194008,6/15/10 15:42,SM5310B,,00680,Sample is light green with low suspended solids present. Strong flow with light chop up to 8 inch and constant winds up 6 mph.,
FLAB25,FLAB,7/20/10,SAMP,MON,SA,G,,0.5,m,100,"CARBON, TOTAL ORGANIC",TORGC,3.4,I,,3,,1,1,4,1,mg/L,1,N,A,P48679-2,,1,1,,,,,,25.0837,81.080581,FWEC,E46077,WMD,WMD,WMD,2,BA,NO,7/21/10 11:25,23536002,7/22/10 15:11,SM5310B,,00680,"Sample light green, low solids.  Seas choppy, 2-3 feet.  Winds 15-20mph.  Strong incoming flow.",
FLAB25,FLAB,8/16/10,SAMP,MON,SA,G,,0.5,m,100,"CARBON, TOTAL ORGANIC",TORGC,2.5,I,,2,,1,1,4,1,mg/L,1,N,A,P48893-2,,1,2,,,,,,25.0837,81.080581,FWEC,E46077,WMD,WMD,WMD,2,BA,NO,8/17/10 10:08,23830002,8/19/10 14:47,SM5310B,,00680,"Sample pale green, with medium solids.  Low flow.  Calm water, minimal chop. Winds 2-5mph.",
FLAB25,FLAB,9/22/10,SAMP,MON,SA,G,,0.5,m,100,"CARBON, TOTAL ORGANIC",TORGC,3.2,I,,3,,1,1,4,1,mg/L,1,N,A,P49172-8,,1,1,,,,,,25.0837,81.080581,FWEC,E46077,WMD,WMD,WMD,2,BA,NO,9/23/10 11:08,24186008,9/29/10 16:23,SM5310B,,00680,"Sample light green, low solids.  Minimal chop, 1 foot seas.  Moderate incoming flow.  Winds 5mph, with 8mph gusts.",
FLAB25,FLAB,10/19/10,SAMP,MON,SA,G,,0.5,m,100,"CARBON, TOTAL ORGANIC",TORGC,4.5,,,4,,1,1,4,1,mg/L,1,N,A,P49628-2,,1,1,,,,,,25.0837,81.080581,FWEC,E46077,WMD,WMD,WMD,2,BA,NO,10/20/10 11:05,24783002,10/27/10 11:18,SM5310B,,00680,"Sample light green, low solids.  Low flow.  Calm water, light chop.  Winds 0-2mph.",
FLAB25,FLAB,11/16/10,SAMP,MON,SA,G,,0.5,m,100,"CARBON, TOTAL ORGANIC",TORGC,5.1,,,5,,1,1,4,1,mg/L,1,N,A,P50070-2,,1,1,,,,,,25.0837,81.080581,FWEC,E46077,WMD,WMD,WMD,2,BA,NO,11/17/10 10:56,25358002,11/30/10 14:19,SM5310B,,00680,"Sample light green, low solids.  Low outgoing flow.  Calm water, minimal chop. Wind 1-2mph.",
FLAB25,FLAB,12/14/10,SAMP,MON,SA,G,,0.5,m,100,"CARBON, TOTAL ORGANIC",TORGC,5.3,,,5,,1,1,4,1,mg/L,1,N,A,P50474-2,,1,1,,,,,,25.0837,81.080581,FWEC,E46077,WMD,WMD,WMD,2,BA,NO,12/15/10 10:14,25855002,12/15/10 16:08,SM5310B,,00680,"Sample pale yellow, medium solids.  Choppy water, 3-4 foot swells.  Winds 10-12mph.  Moderate incoming flow.",
FLAB25,FLAB,1/4/11,SAMP,MON,SA,G,,0.5,m,100,"CARBON, TOTAL ORGANIC",TORGC,3.7,I,,4,,1,1,4,1,mg/L,1,N,A,P50635-2,,1,1,,,,,,25.0837,81.080581,FWEC,E46077,WMD,WMD,WMD,2,BA,NO,1/5/11 11:04,26109002,1/6/11 9:19,SM5310B,,00680,"Very low flow at station.  Very low to no chop.  No wind.  Sample light greenish yellow, moderate solids.",
FLAB25,FLAB,2/17/11,SAMP,MON,SA,G,,0.5,m,100,"CARBON, TOTAL ORGANIC",TORGC,3.5,I,,4,,1,1,4,1,mg/L,1,N,A,P50937-2,,0,3,,,,,,25.0837,81.080581,WMD,E46077,WMD,WMD,WMD,2,BA,NO,2/18/11 13:41,26504002,2/24/11 16:50,SM5310B,,00680,"Wind E 5-10, Lt chop",
FLAB25,FLAB,3/15/11,SAMP,MON,SA,G,,0.5,m,100,"CARBON, TOTAL ORGANIC",TORGC,3.5,I,,4,,1,1,4,1,mg/L,1,N,A,P51527-9,,1,3,,,,,,25.0837,81.080581,FWEC,E46077,WMD,WMD,WMD,2,BA,NO,3/16/11 10:05,27310009,3/18/11 13:53,SM5310B,,00680,"Sample palm green. Light chop on water, light incoming flow. Wind 0-5mph.",
FLAB25,FLAB,4/6/11,SAMP,MON,SA,G,,0.5,m,100,"CARBON, TOTAL ORGANIC",TORGC,3.2,I,,3,,1,1,4,1,mg/L,1,N,A,P52286-9,,1,2,,,,,,25.0837,81.080581,FWEC,E46077,WMD,WMD,WMD,2,BA,NO,4/7/11 11:30,28396009,4/12/11 15:20,SM5310B,,00680,"Sample light green, 10-15mph NE",
FLAB25,FLAB,5/4/11,SAMP,MON,SA,G,,0.5,m,100,"CARBON, TOTAL ORGANIC",TORGC,3.1,I,,3,,1,1,4,1,mg/L,1,N,A,P52287-9,,1,1,,,,,,25.0837,81.080581,FWEC,E46077,WMD,WMD,WMD,2,BA,NO,5/5/11 9:36,28398009,5/10/11 17:24,SM5310B,,00680,Sample pale green.  1 foot chop on water.  Winds 5-7 mph. Moderate incoming flow.,
FLAB25,FLAB,6/13/11,SAMP,MON,SA,G,,0.5,m,100,"CARBON, TOTAL ORGANIC",TORGC,3.6,I,,4,,1,1,4,1,mg/L,1,N,A,P52281-2,,1,1,,,,,,25.0837,81.080581,FWEC,E46077,WMD,WMD,WMD,2,BA,NO,6/14/11 10:08,28391002,6/16/11 11:41,SM5310B,,00680,Sample is pale green with low suspended sollids present. Moderate incoming tide with westerly winds from 2-6 mph.,
FLAB25,FLAB,7/12/11,SAMP,MON,SA,G,,0.5,m,100,"CARBON, TOTAL ORGANIC",TORGC,2.9,,,3,,1,1,2,1,mg/L,1,N,A,P52282-2,,1,1,,,,,,25.0837,81.080581,FWEC,E46077,WMD,WMD,WMD,2,BA,NO,7/13/11 13:07,28392002,7/14/11 14:53,SM5310B,,00680,Sample is clear with no visible suspended solids present.  Moderate to strong flow with chop up to 1.5 feet and swell up to 2 feet and winds from the southwest at 5 to 10 mph.  SECCHI ON BOTTOM,
FLAB25,FLAB,8/16/11,SAMP,MON,SA,G,,0.5,m,100,"CARBON, TOTAL ORGANIC",TORGC,2.4,,,2,,1,1,2,1,mg/L,1,N,A,P52283-2,,1,1,,,,,,25.0837,81.080581,FWEC,E46077,WMD,WMD,WMD,2,BA,NO,8/17/11 10:32,28393002,8/18/11 15:19,SM5310B,,00680,Sample is pale green with low suspended solids present. Strong flow with light chop up to 1.5 feet and light variable winds from southwest at 6 to 10 mph.,
FLAB25,FLAB,9/12/11,SAMP,MON,SA,G,,0.5,m,100,"CARBON, TOTAL ORGANIC",TORGC,2.2,,,2,,1,1,2,1,mg/L,1,N,A,P52284-2,,0,1,,,,,,25.0837,81.080581,FWEC,E46077,WMD,WMD,WMD,2,BA,NO,9/13/11 10:18,28394002,9/14/11 17:17,SM5310B,,00680,Sample is pale green with low suspended solids present. Light current with mid rising tide and chop up to 2 feet and 5 to 10 mph winds from the east southeast.,
FLAB25,FLAB,10/4/11,SAMP,MON,SA,G,,0.5,m,100,"CARBON, TOTAL ORGANIC",TORGC,2,,,2,,1,1,2,1,mg/L,1,N,A,P52285-2,,0,3,,,,,,25.0837,81.080581,WMD,E46077,WMD,WMD,WMD,2,BA,NO,10/5/11 10:35,28395002,10/7/11 12:11,SM5310B,,00680,"Overcast, wind NNE 15-20, seas 1-3",
FLAB25,FLAB,12/6/11,SAMP,MON,SA,G,,0.5,m,100,"CARBON, TOTAL ORGANIC",TORGC,3.9,,,4,,1,1,2,1,mg/L,1,N,A,P54071-2,,0,1,,,,,,25.0837,81.080581,WMD,E46077,WMD,WMD,WMD,2,BA,NO,12/7/11 12:15,30610002,12/8/11 12:54,SM5310B,,00680,"Clear skies,flood tide, wind E 5-10, lt chop",
FLAB25,FLAB,2/1/12,SAMP,MON,SA,G,,0.5,m,100,"CARBON, TOTAL ORGANIC",TORGC,3,,,3,,1,1,2,1,mg/L,1,N,A,P55306-1,,0,1,,,,,,25.0837,81.080581,WMD,E46077,WMD,WMD,WMD,2,BA,NO,2/2/12 10:08,32254001,2/8/12 15:53,SM5310B,,00680,"Wind NE 10-15, seas 1-2 ft, flood tide",
FLAB25,FLAB,4/11/12,SAMP,MON,SA,G,,0.5,m,100,"CARBON, TOTAL ORGANIC",TORGC,3.7,,,4,,1,1,2,1,mg/L,1,N,A,P55314-9,,0,2,,,,,,25.0837,81.080581,WMD,E46077,WMD,WMD,WMD,2,BA,NO,4/12/12 10:52,32262009,4/16/12 11:51,SM5310B,,00680,"Wind and seas calm, ebb tide",
FLAB25,FLAB,6/13/12,SAMP,MON,SA,G,,0.5,m,100,"CARBON, TOTAL ORGANIC",TORGC,2.4,,,2,+/- 1.0,1,1,2,1,mg/L,1,N,A,P55929-1,,0,2,,,,,,25.0837,81.080581,WMD,E46077,WMD,WMD,WMD,2,BA,NO,6/13/12 16:02,33112001,6/19/12 10:38,SM5310B,,00680,Calm conditions.  No chop.  Moderate flood tide.  No wind.,
FLAB25,FLAB,8/13/12,SAMP,MON,SA,G,,0.5,m,100,"CARBON, TOTAL ORGANIC",TORGC,2.5,,,2,+/- 1.0,1,1,2,1,mg/L,1,N,A,P56205-1,,0,3,,,,,,25.0837,81.080581,WMD,E46077,WMD,WMD,WMD,2,BA,NO,8/14/12 10:15,33464001,8/16/12 11:16,SM5310B,,00680,SE winds at 5-10 knots.  Light chop with 1-2 foor chop.  Flood tide.,
FLAB25,FLAB,10/11/12,SAMP,MON,SA,G,,0.5,m,100,"CARBON, TOTAL ORGANIC",TORGC,2.1,,,2,+/- 1.0,1,1,2,1,mg/L,1,N,A,P56209-1,,0,2,,,,,,25.0837,81.080581,WMD,E46077,WMD,WMD,WMD,2,BA,NO,10/11/12 15:43,33468001,10/15/12 11:15,SM5310B,,00680,NE breeze. 1-2 foot chop.  Flood tide.,
FLAB25,FLAB,12/10/12,SAMP,MON,SA,G,,0.5,m,100,"CARBON, TOTAL ORGANIC",TORGC,3.7,,,4,,1,1,2,1,mg/L,1,N,A,P56856-1,,0,2,,,,,,25.0837,81.080581,WMD,E46077,WMD,WMD,WMD,2,BA,NO,12/11/12 10:39,34311001,12/12/12 11:34,SM5310B,,00680,Wind out of the SE 5-7kts. Light wave action.,
FLAB25,FLAB,2/5/13,SAMP,MON,SA,G,,0.5,m,100,"CARBON, TOTAL ORGANIC",TORGC,3.3,,,3,+/- 1.0,1,1,2,1,mg/L,1,N,A,P61818-1,,0,1,,,,,,25.0837,81.080581,WMD,E46077,WMD,WMD,WMD,2,BA,NO,2/6/13 9:38,39392001,2/7/13 11:45,SM5310B,,00680,"Light wind out of the east, less than 5 kts. Less than 1 ft wave action.",
FLAB25,FLAB,4/18/13,SAMP,MON,SA,G,,0.5,m,100,"CARBON, TOTAL ORGANIC",TORGC,2.8,,,3,+/- 1.0,1,1,2,1,mg/L,1,N,A,P61819-1,,0,4,,,,,,25.0837,81.080581,WMD,E46077,WMD,WMD,WMD,2,PD,NO,4/18/13 15:12,39393001,4/24/13 11:13,SM5310B,,00680,ESE winds 10-15 kts. Waves 1.5-2 ft at 2 second period.,
FLAB25,FLAB,6/17/13,SAMP,MON,SA,G,,0.5,m,100,"CARBON, TOTAL ORGANIC",TORGC,2.8,,,3,+/- 1.0,1,1,2,1,mg/L,1,N,A,P63880-1,,0,2,,,,,,25.0837,81.080581,WMD,E46077,WMD,WMD,WMD,2,PD,NO,6/18/13 10:47,40691001,6/24/13 11:44,SM5310B,,00680,"1-2ft chop, wind southeast 10-15,",
FLAB25,FLAB,8/13/13,SAMP,MON,SA,G,,0.5,m,100,"CARBON, TOTAL ORGANIC",TORGC,2.8,,,3,+/- 1.0,1,1,2,1,mg/L,1,N,A,P63881-1,,0,3,,,,,,25.0837,81.080581,WMD,E46077,WMD,WMD,WMD,2,PD,NO,8/13/13 16:32,40692001,8/19/13 11:19,SM5310B,,00680,Light chop on surface. E wind 5-10 kt. Moderate current.,
FLAB25,FLAB,10/28/13,SAMP,MON,SA,G,,0.5,m,100,"CARBON, TOTAL ORGANIC",TORGC,1.9,I,,2,+/- 1.0,1,1,2,1,mg/L,1,N,A,P65941-1,,0,2,,,,,,25.0837,81.080581,WMD,E46077,WMD,WMD,WMD,2,PD,NO,10/29/13 7:37,42392001,10/30/13 10:56,SM5310B,,00680,Moderate chop. E wind approx 15 kt. Moderate current.,
FLAB25,FLAB,12/11/13,SAMP,MON,SA,G,,0.5,m,100,"CARBON, TOTAL ORGANIC",TORGC,4.3,,,4,+/- 1.0,1,1,2,1,mg/L,1,N,A,P68531-1,,0,2,,,,,,25.0837,81.080581,WMD,E46077,WMD,WMD,WMD,2,PD,NO,12/11/13 16:43,44202001,12/16/13 11:15,SM5310B,,00680,"Moderate chop, E wind 10-15.",
FLAB25,FLAB,2/26/14,SAMP,MON,SA,G,,0.5,m,100,"CARBON, TOTAL ORGANIC",TORGC,2.7,,,3,+/- 1.0,1,1,2,1,mg/L,1,N,A,P70123-1,,0,1,,,,,,25.0837,81.080581,WMD,E46077,WMD,WMD,WMD,2,PD,NO,2/26/14 15:34,45273001,3/5/14 11:04,SM5310B,,00680,"Glassy smooth water. No noticeable wind, slight incoming tide.",
FLAB25,FLAB,4/7/14,SAMP,MON,SA,G,,0.5,m,100,"CARBON, TOTAL ORGANIC",TORGC,4.3,,,4,+/- 1.0,1,1,2,1,mg/L,1,N,A,P70124-1,,0,1,,,,,,25.0837,81.080581,WMD,E46077,WMD,WMD,WMD,2,PD,NO,4/8/14 9:44,45274001,4/14/14 11:06,SM5310B,,00680,"Moderate chop, 1 to 3 ft due to 15kt SE winds. Sample area contained floating vegetation.",
FLAB25,FLAB,6/9/14,SAMP,MON,SA,G,,0.5,m,100,"CARBON, TOTAL ORGANIC",TORGC,2.6,,,3,+/- 1.0,1,1,2,1,mg/L,1,N,A,P71707-1,,0,2,,,,,,25.0837,81.080581,WMD,E46077,WMD,WMD,WMD,2,PD,NO,6/10/14 10:14,46555001,6/16/14 10:25,SM5310B,,680,"Wind 0-5 kts from the South, <1ft chop, incoming tide.",
FLAB25,FLAB,8/5/14,SAMP,MON,SA,G,,0.5,m,100,"CARBON, TOTAL ORGANIC",TORGC,3.1,,,3,+/- 1.0,1,1,2,1,mg/L,1,N,A,P72712-1,,0,2,,,,,,25.0837,81.080581,WMD,E46077,WMD,WMD,WMD,2,PD,NO,8/6/14 10:14,46928001,8/11/14 11:44,SM5310B,,00680,"Calm conditions, SW winds less than 5 kts. Small amount of single piece turtle and manatee grasses on surface. Water is visibly cloudy, milky. Incoming tide.",
FLAB25,FLAB,10/20/14,SAMP,MON,SA,G,,0.5,m,100,"CARBON, TOTAL ORGANIC",TORGC,3.2,,,3,+/- 1.0,1,1,2,1,mg/L,1,N,A,P74736-1,,0,4,,,,,,25.0837,81.080581,WMD,E46077,WMD,WMD,WMD,2,PD,NO,10/21/14 10:29,48700001,10/24/14 8:31,SM5310B,,00680,"Incoming tide, light chop",
FLAB25,FLAB,12/17/14,SAMP,MON,SA,G,,0.5,m,100,"CARBON, TOTAL ORGANIC",TORGC,4,,,4,+/- 1.0,1,1,2,1,mg/L,1,N,A,P74738-1,,0,1,,,,,,25.0837,81.080581,WMD,E46077,WMD,WMD,WMD,2,PD,NO,12/17/14 15:07,48702001,12/29/14 11:01,SM5310B,,00680,"Incoming tide, NE wind 5-10, seas 1-2 feet. Small amount of floating vegetation pieces visible on water surface.",
FLAB25,FLAB,2/16/15,SAMP,MON,SA,G,,0.5,m,100,"CARBON, TOTAL ORGANIC",TORGC,4.1,,,4.1,+/- 0.85,1,0.8,2,0.8,mg/L,1,N,A,P74737-1,,0,2,,,,,,25.0837,81.080581,WMD,E46077,WMD,WMD,WMD,2,PD,NO,2/17/15 16:26,48701001,2/20/15 10:21,SM5310B,,680,"Moderate chop, E wind 10-15",
FLAB25,FLAB,4/13/15,SAMP,MON,SA,G,,0.5,m,100,"CARBON, TOTAL ORGANIC",TORGC,2.6,,,2.6,+/- 0.82,1,0.8,2,0.8,mg/L,1,N,A,P75445-1,,0,2,,,,,,25.0837,81.080581,WMD,E46077,WMD,WMD,WMD,2,PD,NO,4/14/15 11:19,49159001,4/16/15 8:51,SM5310B,,680,"SE wind 15-20, 2-3 ft chop with white caps",
FLAB25,FLAB,6/9/15,SAMP,MON,SA,G,,0.5,m,100,"CARBON, TOTAL ORGANIC",TORGC,2.7,,,2.7,+/- 0.82,1,0.8,2,0.8,mg/L,1,N,A,P74739-1,,0,1,,,,,,25.0837,81.080581,WMD,E46077,WMD,WMD,WMD,2,PD,NO,6/10/15 10:00,48703001,6/19/15 9:12,SM5310B,,00680,,
FLAB25,FLAB,8/25/15,SAMP,MON,SA,G,,0.5,m,100,"CARBON, TOTAL ORGANIC",TORGC,2.9,,,2.9,+/- 0.83,1,0.8,2,0.8,mg/L,1,N,A,P78245-1,,0,2,,,,,,25.0837,81.080581,WMD,E46077,WMD,WMD,WMD,2,PD,NO,8/26/15 11:35,51480001,8/27/15 9:32,SM5310B,,00680,"Calm seas, winds 0-5mph. High tide.",
FLAB25,FLAB,10/7/15,SAMP,MON,SA,G,,0.5,m,100,"CARBON, TOTAL ORGANIC",TORGC,3.2,,,3.2,+/- 0.84,1,0.8,2,0.8,mg/L,1,N,A,P80870-1,,0,3,,,,,,25.0837,81.080581,WMD,E46077,WMD,WMD,WMD,2,PD,NO,10/7/15 14:57,53692001,10/9/15 10:19,SM5310B,,00680,"1-2 seas, light west winds, light amount of loose vegetation floating on surface. Incoming tide.",
FLAB25,FLAB,1/21/16,SAMP,MON,SA,G,,0.5,m,100,"CARBON, TOTAL ORGANIC",TORGC,4.4,,,4.4,+/- 0.86,1,0.8,2,0.8,mg/L,1,N,A,P82416-1,,0,2,,,,,,25.0837,81.080581,WMD,E46077,WMD,WMD,WMD,2,PD,NO,1/21/16 19:26,54965001,1/27/16 10:08,SM5310B,,00680,"Slight chop, 1 ft or less. Winds 10-15.",
FLAB25,FLAB,2/16/16,SAMP,MON,SA,G,,0.5,m,100,"CARBON, TOTAL ORGANIC",TORGC,4.4,,,4.4,+/- 0.86,1,0.8,2,0.8,mg/L,1,N,A,P82935-1,,0,4,,,,,,25.0837,81.080581,WMD,E46077,WMD,WMD,WMD,2,PD,NO,2/16/16 17:41,55400001,2/23/16 9:29,SM5310B,,00680,"Overcast, west winds 5-10kts, seas 1-2ft, sample area clear.",
FLAB25,FLAB,4/14/16,SAMP,MON,SA,G,,0.5,m,100,"CARBON, TOTAL ORGANIC",TORGC,2.7,,,2.7,+/- 0.82,1,0.8,2,0.8,mg/L,1,N,A,P83568-1,,0,1,,,,,,25.0837,81.080581,WMD,E46077,WMD,WMD,WMD,2,PD,NO,4/14/16 16:26,55991001,4/27/16 10:23,SM5310B,,00680,Light winds out of the SE. Small rolling waves.,
FLAB25,FLAB,6/29/16,SAMP,MON,SA,G,,0.5,m,100,"CARBON, TOTAL ORGANIC",TORGC,2.4,,,2.4,+/- 0.82,1,0.8,2,0.8,mg/L,1,N,A,P84316-1,,0,4,,,,,,25.0837,81.080581,WMD,E46077,WMD,WMD,WMD,2,PD,NO,6/29/16 15:53,56588001,7/5/16 11:30,SM5310B,,00680,"1foot chop observed, wind east 10-15, some floating vegetation on surface, sample collected clear area,",
FLAB25,FLAB,8/25/16,SAMP,MON,SA,G,,0.5,m,100,"CARBON, TOTAL ORGANIC",TORGC,2.4,,,2.4,+/- 0.82,1,0.8,2,0.8,mg/L,1,N,A,P84638-1,,0,3,,,,,,25.0837,81.080581,WMD,E46077,WMD,WMD,WMD,2,PD,NO,8/25/16 15:14,56878001,8/30/16 10:48,SM5310B,,00680,"High tide, E winds 10kts, light chop, sample area clear.",
FLAB25,FLAB,10/24/16,SAMP,MON,SA,G,,0.5,m,100,"CARBON, TOTAL ORGANIC",TORGC,4.6,,,4.6,+/- 0.87,1,0.8,2,0.8,mg/L,1,N,A,P86137-1,,0,3,,,,,,25.0837,81.080581,WMD,E46077,WMD,WMD,WMD,2,PD,NO,10/24/16 16:01,58226001,11/2/16 8:46,SM5310B,,680,"NE winds 15kt, moderate chop, sample area clear otherwise.",
FLAB25,FLAB,12/21/16,SAMP,MON,SA,G,,0.5,m,100,"CARBON, TOTAL ORGANIC",TORGC,3.4,,,3.4,+/- 0.84,1,0.8,2,0.8,mg/L,1,N,A,P86766-1,,0,1,,,,,,25.0837,81.080581,WMD,E46077,WMD,WMD,WMD,2,PD,NO,12/21/16 16:26,58611001,1/3/17 12:28,SM5310B,,00680,"NE winds 10-15 kts, moderate chop, sample area clear.",
FLAB25,FLAB,2/20/17,SAMP,MON,SA,G,,0.5,m,100,"CARBON, TOTAL ORGANIC",TORGC,3.3,,,3.3,+/- 0.84,1,0.8,2,0.8,mg/L,1,N,A,P87700-1,,0,2,,,,,,25.0837,81.080581,WMD,E46077,WMD,WMD,WMD,2,PD,NO,2/20/17 16:54,59456001,2/28/17 11:22,SM5310B,,00680,"NE winds 10-15 kts, waters moderate chop, light amount of loose sea grass on surface.",
FLAB25,FLAB,4/20/17,SAMP,MON,SA,G,,0.5,m,100,"CARBON, TOTAL ORGANIC",TORGC,3.6,,,3.6,+/- 0.84,1,0.8,2,0.8,mg/L,1,N,A,P87830-1,,0,5,,,,,,25.0837,81.080581,WMD,E46077,WMD,WMD,WMD,2,PD,NO,4/20/17 18:58,59588001,4/27/17 10:40,SM5310B,,680,"Had 2-4 foot seas, moderate amount of loose sea grass floating on the surface, light rain with 15-20 knot east winds.  Sample collected by DA.",
FLAB25,FLAB,8/1/17,SAMP,MON,SA,G,,0.5,m,100,"CARBON, TOTAL ORGANIC",TORGC,2.9,,,2.9,+/- 0.83,1,0.8,2,0.8,mg/L,1,N,A,P89179-1,,0,0,,,,,,25.0837,81.080581,WMD,E46077,WMD,WMD,WMD,2,PD,NO,8/1/17 16:07,60830001,8/17/17 10:19,SM5310B,,680,"Seas 2-4ft, moderate to heavy chop, heavy amount of loose sea grass and sargassum floating on surface, SW winds 10kts.",
FLAB25,FLAB,10/12/17,SAMP,MON,SA,G,,0.5,m,100,"CARBON, TOTAL ORGANIC",TORGC,3.6,,,3.6,+/- 0.84,1,0.8,2,0.8,mg/L,1,N,A,P88721-1,,0,0,,,,,,25.0837,81.080581,WMD,E46077,WMD,WMD,WMD,2,PD,NO,10/12/17 19:00,60388001,10/18/17 9:53,SM5310B,,00680,,
FLAB25,FLAB,12/13/17,SAMP,MON,SA,G,,0.5,m,100,"CARBON, TOTAL ORGANIC",TORGC,4.8,,,4.8,+/- 0.88,1,0.8,2,0.8,mg/L,1,N,A,P91159-1,,0,0,,,,,,25.0837,81.080581,WMD,E46077,WMD,WMD,WMD,2,PD,NO,12/13/17 16:37,62572001,1/4/18 12:02,SM5310B,,00680,2-4 ft seas. Murky brown water.,
FLAB25,FLAB,2/28/18,SAMP,MON,SA,G,,0.5,m,100,"CARBON, TOTAL ORGANIC",TORGC,5.2,,,5.2,+/- 0.89,1,0.8,2,0.8,mg/L,1,N,A,P92112-1,,0,0,,,,,,25.0837,81.080581,WMD,E46077,WMD,WMD,WMD,2,PD,NO,3/1/18 6:58,63445001,3/13/18 9:58,SM5310B,,680,Moderate chop. Cloudy water.,
FLAB25,FLAB,4/10/18,SAMP,MON,SA,G,,0.5,m,100,"CARBON, TOTAL ORGANIC",TORGC,2.9,,,2.9,+/- 0.83,1,0.8,2,0.8,mg/L,1,N,A,P92872-1,,0,0,,,,,,25.0837,81.080581,WMD,E46077,WMD,WMD,WMD,2,PD,NO,4/11/18 6:42,64061001,4/26/18 9:20,SM5310B,,00680,1- ft seas. Green water. Light dead floating vegetation in area. Avoided during collection,
FLAB25,FLAB,6/7/18,SAMP,MON,SA,G,,0.5,m,100,"CARBON, TOTAL ORGANIC",TORGC,2.6,,,2.6,+/- 0.82,1,0.8,2,0.8,mg/L,1,N,A,P93694-1,,0,0,,,,,,25.0837,81.080581,WMD,E46077,WMD,WMD,WMD,2,PD,NO,6/7/18 16:24,64892001,6/13/18 9:36,SM5310B,,00680,,
FLAB25,FLAB,8/6/18,SAMP,MON,SA,G,,0.5,m,100,"CARBON, TOTAL ORGANIC",TORGC,2.5,,,2.5,+/- 0.82,1,0.8,2,0.8,mg/L,1,N,A,P94931-1,,0,0,,,,,,25.0837,81.080581,WMD,E46077,WMD,WMD,WMD,2,PD,NO,8/6/18 16:31,65964001,8/8/18 16:42,SM5310B,,00680,Light chop.,
FLAB25,FLAB,10/3/18,SAMP,MON,SA,G,,0.5,m,100,"CARBON, TOTAL ORGANIC",TORGC,2.4,,,2.4,+/- 0.82,1,0.8,2,0.8,mg/L,1,N,A,P95251-1,,0,0,,,,,,25.0837,81.080581,WMD,E46077,WMD,WMD,WMD,2,PD,NO,10/3/18 16:28,66264001,10/5/18 13:44,SM5310B,,680,suspended solids in water column,
FLAB25,FLAB,12/17/18,SAMP,MON,SA,G,,0.5,m,100,"CARBON, TOTAL ORGANIC",TORGC,4.4,,,4.4,+/- 0.86,1,0.8,2,0.8,mg/L,1,N,A,P96720-1,,0,0,,,,,,25.0837,81.080581,WMD,E46077,WMD,WMD,WMD,2,BA,NO,12/18/18 8:19,67436001,1/9/19 0:13,SM5310B,,00680,Moderately choppy in water column.,
FLAB25,FLAB,2/26/19,SAMP,MON,SA,G,,0.5,m,100,"CARBON, TOTAL ORGANIC",TORGC,3.6,,,3.6,+/- 0.84,1,0.8,2,0.8,mg/L,1,N,A,P102448-2,,0,0,,,,,,25.0837,81.080581,WMD,E46077,WMD,WMD,WMD,2,BA,NO,2/27/19 8:00,69631002,2/28/19 16:56,SM5310B,,680,,
FLAB25,FLAB,4/15/19,SAMP,MON,SA,G,,0.5,m,100,"CARBON, TOTAL ORGANIC",TORGC,3.7,,,3.7,+/- 0.85,1,0.8,2,0.8,mg/L,1,N,A,P103834-2,,0,0,,,,,,25.0837,81.080581,WMD,E46077,WMD,WMD,WMD,2,BA,NO,4/15/19 17:17,70212002,4/25/19 17:22,SM5310B,,00680,,
FLAB25,FLAB,6/11/19,SAMP,MON,SA,G,,0.5,m,100,"CARBON, TOTAL ORGANIC",TORGC,3.8,,,3.8,+/- 0.85,1,0.8,2,0.8,mg/L,1,N,A,P106284-2,,0,0,,,,,,25.0837,81.080581,WMD,E46077,WMD,WMD,WMD,2,BA,NO,6/11/19 16:05,71256002,6/14/19 4:23,SM5310B,,00680,,
FLAB25,FLAB,8/8/19,SAMP,MON,SA,G,,0.5,m,100,"CARBON, TOTAL ORGANIC",TORGC,2.3,,,2.3,+/- 0.82,1,0.8,2,0.8,mg/L,1,N,A,P109207-2,,0,0,,,,,,25.0837,81.080581,WMD,E46077,WMD,WMD,WMD,2,BA,NO,8/9/19 8:38,72380002,8/16/19 9:41,SM5310B,,00680,"Heavy suspended solids visible in top layer of water column, but not present in sample.",
FLAB25,FLAB,10/8/19,SAMP,MON,SA,G,,0.5,m,100,"CARBON, TOTAL ORGANIC",TORGC,4.3,,,4.3,+/- 0.86,1,0.8,2,0.8,mg/L,1,N,A,P109898-2,,0,0,,,,,,25.0837,81.080581,WMD,E46077,WMD,WMD,WMD,2,BA,NO,10/8/19 16:32,72718002,10/10/19 14:46,SM5310B,,680,,
FLAB25,FLAB,12/5/19,SAMP,MON,SA,G,,0.5,m,100,"CARBON, TOTAL ORGANIC",TORGC,3.9,,,3.9,+/- 0.85,1,0.8,2,0.8,mg/L,1,N,A,P110697-2,,0,0,,,,,,25.0837,81.080581,WMD,E46077,WMD,WMD,WMD,2,BA,NO,12/6/19 9:11,73095002,12/18/19 5:48,SM5310B,,00680,,
FLAB25,FLAB,2/3/20,SAMP,MON,SA,G,,0.5,m,100,"CARBON, TOTAL ORGANIC",TORGC,3.7,,,3.7,+/- 0.85,1,0.8,2,0.8,mg/L,1,N,A,P110713-2,,0,0,,,,,,25.0837,81.080581,WMD,E46077,WMD,WMD,WMD,2,BA,NO,2/4/20 7:43,73108002,2/15/20 5:02,SM5310B,,680,,
FLAB25,FLAB,4/1/20,SAMP,MON,SA,G,,0.5,m,100,"CARBON, TOTAL ORGANIC",TORGC,4.4,,,4.4,+/- 0.86,1,0.8,2,0.8,mg/L,1,N,A,P110719-2,,0,0,,,,,,25.0837,81.080581,WMD,E46077,WMD,WMD,WMD,2,BA,NO,4/1/20 16:12,73114002,4/8/20 0:14,SM5310B,,00680,Murky brown water.,
FLAB25,FLAB,6/1/20,SAMP,MON,SA,G,,0.5,m,100,"CARBON, TOTAL ORGANIC",TORGC,2.2,,,2.2,+/- 0.82,1,0.8,2,0.8,mg/L,1,N,A,P111041-2,,0,0,,,,,,25.0837,81.080581,WMD,E46077,WMD,WMD,WMD,2,BA,NO,6/1/20 16:40,73264002,6/9/20 22:17,SM5310B,,00680,,
FLAB25,FLAB,8/13/20,SAMP,MON,SA,G,,0.5,m,100,"CARBON, TOTAL ORGANIC",TORGC,3.2,,,3.2,+/- 0.84,1,0.8,2,0.8,mg/L,1,N,A,P111104-2,,0,0,,,,,,25.0837,81.080581,WMD,E46077,WMD,WMD,WMD,2,BA,NO,8/14/20 8:30,73302002,9/3/20 21:07,SM5310B,,00680,,
FLAB25,FLAB,10/12/20,SAMP,MON,SA,G,,0.5,m,100,"CARBON, TOTAL ORGANIC",TORGC,6.6,,,6.6,+/- 0.94,1,0.8,2,0.8,mg/L,1,N,A,P118766-2,,0,0,,,,,,25.0837,81.080581,WMD,E46077,WMD,WMD,WMD,2,BA,NO,10/13/20 8:46,76829002,10/14/20 8:35,SM5310B,,00680,Vegetative debris present in sampling area.,
FLAB25,FLAB,12/9/20,SAMP,MON,SA,G,,0.5,m,100,"CARBON, TOTAL ORGANIC",TORGC,4.6,,,4.6,+/- 0.87,1,0.8,2,0.8,mg/L,1,N,A,P120347-2,,0,0,,,,,,25.0837,81.080581,WMD,E46077,WMD,WMD,WMD,2,BA,NO,12/10/20 8:58,77553002,12/29/20 22:34,SM5310B,,00680,"Sample area clear, but water was very rough.  Light solids in sample.  Sample collected by CL.",
FLAB25,FLAB,1/7/21,SAMP,MON,SA,G,,0.5,m,100,"CARBON, TOTAL ORGANIC",TORGC,3.4,,,3.4,+/- 0.84,1,0.8,2,0.8,mg/L,1,N,A,P121638-2,,0,0,,,,,,25.0837,81.080581,WMD,E46077,WMD,WMD,WMD,2,BA,NO,1/7/21 15:42,78139002,1/15/21 0:50,SM5310B,,00680,Secchi on bottom,
FLAB25,FLAB,3/17/21,SAMP,MON,SA,G,,0.5,m,100,"CARBON, TOTAL ORGANIC",TORGC,2.6,,,2.6,+/- 0.82,1,0.8,2,0.8,mg/L,1,N,A,P122507-2,,0,0,,,,,,25.0837,81.080581,WMD,E46077,WMD,WMD,WMD,2,BA,NO,3/18/21 7:15,78496002,4/7/21 1:44,SM5310B,,00680,,
FLAB25,FLAB,5/24/21,SAMP,MON,SA,G,,0.5,m,100,"CARBON, TOTAL ORGANIC",TORGC,7.4,,,7.4,+/- 0.97,1,0.8,2,0.8,mg/L,1,N,A,P122517-2,,0,0,,,,,,25.0837,81.080581,WMD,E46077,WMD,WMD,WMD,2,BA,NO,5/24/21 15:47,78500002,6/2/21 19:48,SM5310B,,00680,,
FLAB25,FLAB,7/1/21,SAMP,MON,SA,G,,0.5,m,100,"CARBON, TOTAL ORGANIC",TORGC,3,,,3,+/- 0.83,1,0.8,2,0.8,mg/L,1,N,A,P123928-2,,0,0,,,,,,25.0837,81.080581,WMD,E46077,WMD,WMD,WMD,2,BA,NO,7/2/21 8:46,79168002,7/15/21 22:10,SM5310B,,00680,,
FLAB25,FLAB,10/13/21,SAMP,MON,SA,G,,0.5,m,100,"CARBON, TOTAL ORGANIC",TORGC,2.5,,,2.5,+/- 0.82,1,0.8,2,0.8,mg/L,1,N,A,P125715-2,,0,0,,,,,,25.0837,81.080581,WMD,E46077,WMD,WMD,WMD,2,BA,NO,10/13/21 15:07,79972002,10/19/21 2:14,SM5310B,,00680,,
FLAB25,FLAB,12/27/21,SAMP,MON,SA,G,,0.5,m,100,"CARBON, TOTAL ORGANIC",TORGC,3.7,,,3.7,+/- 0.85,1,0.8,2,0.8,mg/L,1,N,A,P128145-2,,0,0,,,,,,25.0837,81.080581,WMD,E46077,WMD,WMD,WMD,2,BA,NO,12/28/21 8:06,81128002,1/4/22 6:59,SM5310B,,00680,Sampling area clear of debris.,
FLAB25,FLAB,2/8/22,SAMP,MON,SA,G,,0.5,m,100,"CARBON, TOTAL ORGANIC",TORGC,4.4,,,4.4,+/- 0.86,1,0.8,2,0.8,mg/L,1,N,A,P129938-2,,0,0,,,,,,25.0837,81.080581,WMD,E46077,WMD,WMD,WMD,2,BA,NO,2/9/22 8:51,81841002,2/16/22 0:27,SM5310B,,00680,,
FLAB25,FLAB,4/7/22,SAMP,MON,SA,G,,0.5,m,100,"CARBON, TOTAL ORGANIC",TORGC,2.6,,,2.6,+/- 0.82,1,0.8,2,0.8,mg/L,1,N,A,P132794-2,,0,0,,,,,,25.0837,81.080581,WMD,E46077,WMD,WMD,WMD,2,BA,NO,4/8/22 8:13,83110002,4/13/22 6:29,SM5310B,,00680,,
FLAB25,FLAB,6/22/22,SAMP,MON,SA,G,,0.5,m,100,"CARBON, TOTAL ORGANIC",TORGC,3,,,3,+/- 0.83,1,0.8,2,0.8,mg/L,1,N,A,P134124-2,,0,0,,,,,,25.0837,81.080581,WMD,E46077,WMD,WMD,WMD,2,BA,NO,6/23/22 9:09,83718002,6/29/22 13:06,SM5310B,,00680,,
FLAB25,FLAB,10/20/22,SAMP,MON,SA,G,,0.5,m,100,"CARBON, TOTAL ORGANIC",TORGC,3.3,,,3.3,+/- 0.84,1,0.8,2,0.8,mg/L,1,N,A,P136495-2,,0,0,,,,,,25.0837,81.080581,WMD,E46077,WMD,WMD,WMD,2,BA,NO,10/21/22 8:50,84867002,11/2/22 8:34,SM5310B,,00680,"Water in sampling area appears cloudy, visible detritus in water column.",
FLAB25,FLAB,12/19/22,SAMP,MON,SA,G,,0.5,m,100,"CARBON, TOTAL ORGANIC",TORGC,3.8,,,3.8,+/- 0.85,1,0.8,2,0.8,mg/L,1,N,A,P138520-2,,0,0,,,,,,25.0837,81.080581,WMD,E46077,WMD,WMD,WMD,2,BA,NO,12/20/22 8:22,85841002,12/28/22 13:11,SM5310B,,00680,,
FLAB25,FLAB,1/30/23,SAMP,MON,SA,G,,0.5,m,100,"CARBON, TOTAL ORGANIC",TORGC,2.7,,,2.7,+/- 0.82,1,0.8,2,0.8,mg/L,1,N,A,P139468-2,,0,0,,,,,,25.0837,81.080581,WMD,E46077,WMD,WMD,WMD,2,BA,NO,1/31/23 8:28,86300002,2/8/23 4:28,SM5310B,,00680,,
FLAB25,FLAB,3/14/23,SAMP,MON,SA,G,,0.5,m,100,"CARBON, TOTAL ORGANIC",TORGC,2.3,,,2.3,+/- 0.82,1,0.8,2,0.8,mg/L,1,N,A,P141269-2,,0,0,,,,,,25.0837,81.080581,WMD,E46077,WMD,WMD,WMD,2,BA,NO,3/15/23 8:13,87043002,3/17/23 0:14,SM5310B,,00680,,
FLAB25,FLAB,9/27/23,SAMP,MON,SA,G,,0.5,m,100,"CARBON, TOTAL ORGANIC",TORGC,2.9,,,2.9,+/- 0.83,1,0.8,2,0.8,mg/L,1,N,A,P146063-2,,0,0,,,,,,25.0837,81.080581,WMD,E46077,WMD,WMD,WMD,2,BA,NO,9/28/23 7:51,89093002,10/4/23 18:57,SM5310B,,00680,,
FLAB25,FLAB,11/13/23,SAMP,MON,SA,G,,0.5,m,100,"CARBON, TOTAL ORGANIC",TORGC,3.5,,,3.5,+/- 0.84,1,0.8,2,0.8,mg/L,1,N,A,P146064-2,,0,0,,,,,,25.0837,81.080581,WMD,E46077,WMD,WMD,WMD,2,BA,NO,11/14/23 8:28,89094002,11/16/23 5:35,SM5310B,,00680,,
FLAB25,FLAB,1/8/24,SAMP,MON,SA,G,,0.5,m,100,"CARBON, TOTAL ORGANIC",TORGC,4.6,,,4.6,+/- 0.87,1,0.8,2,0.8,mg/L,1,N,A,P148342-2,,0,0,,,,,,25.0837,81.080581,WMD,E46077,WMD,WMD,WMD,2,BA,NO,1/9/24 7:59,90199002,1/17/24 9:51,SM5310B,,00680,,
FLAB25,FLAB,3/4/24,SAMP,MON,SA,G,,0.5,m,100,"CARBON, TOTAL ORGANIC",TORGC,4.2,,,4.2,+/- 0.86,1,0.8,2,0.8,mg/L,1,N,A,P149299-2,,0,0,,,,,,25.0837,81.080581,WMD,E46077,WMD,WMD,WMD,2,BA,NO,3/5/24 7:49,90665002,3/12/24 3:49,SM 5310 B-2014,,680,,
FLAB25,FLAB,5/13/24,SAMP,MON,SA,G,,0.5,m,100,"CARBON, TOTAL ORGANIC",TORGC,5.5,,,5.5,+/- 0.90,1,0.8,2,0.8,mg/L,1,N,A,P150708-2,,0,0,,,,,,25.0837,81.080581,WMD,E46077,WMD,WMD,WMD,2,BA,NO,5/14/24 8:01,91357002,5/16/24 9:29,SM 5310 B-2014,,00680,,
FLAB25,FLAB,7/15/24,SAMP,MON,SA,G,,0.5,m,100,"CARBON, TOTAL ORGANIC",TORGC,2.8,,,2.8,+/- 0.83,1,0.8,2,0.8,mg/L,1,N,A,P152189-2,,0,0,,,,,,25.0837,81.080581,WMD,E46077,WMD,WMD,WMD,2,BA,NO,7/16/24 8:15,92109002,7/19/24 22:06,SM 5310 B-2014,,680,,
FLAB25,FLAB,9/12/24,SAMP,MON,SA,G,,0.5,m,100,"CARBON, TOTAL ORGANIC",TORGC,2.1,,,2.1,+/- 0.82,1,0.8,2,0.8,mg/L,1,N,A,P153175-2,,0,0,,,,,,25.0837,81.080581,WMD,E46077,WMD,WMD,WMD,2,BA,NO,9/13/24 8:11,92600002,9/19/24 12:12,SM 5310 B-2014,,00680,,
FLAB25,FLAB,12/9/24,SAMP,MON,SA,G,,0.5,m,100,"CARBON, TOTAL ORGANIC",TORGC,3.5,,,3.5,+/- 0.84,1,0.8,2,0.8,mg/L,1,N,A,P154028-2,,0,0,,,,,,25.0837,81.080581,WMD,E46077,WMD,WMD,WMD,2,BA,NO,12/10/24 8:14,93033002,12/17/24 17:02,SM 5310 B-2014,,00680,,
FLAB25,FLAB,2/5/25,SAMP,MON,SA,G,,0.5,m,100,"CARBON, TOTAL ORGANIC",TORGC,3.8,,,3.8,+/- 0.85,1,0.8,2,0.8,mg/L,1,N,A,P155969-2,,0,0,,,,,,25.0837,81.080581,WMD,E46077,WMD,WMD,WMD,2,BA,NO,2/6/25 8:46,93978002,2/18/25 21:15,SM 5310 B-2014,,00680,,
FLAB25,FLAB,6/18/25,SAMP,MON,SA,G,,0.5,m,100,"CARBON, TOTAL ORGANIC",TORGC,2.6,,,2.6,+/- 0.82,1,0.8,2,0.8,mg/L,1,N,A,P158028-2,,0,0,,,,,,25.0837,81.080581,WMD,E46077,WMD,WMD,WMD,2,BA,NO,6/19/25 8:34,95008002,7/2/25 14:33,SM 5310 B-2014,,00680,,
FLAB25,FLAB,8/18/25,SAMP,MON,SA,G,,0.5,m,100,"CARBON, TOTAL ORGANIC",TORGC,2.4,,,2.4,,1,0.8,2,0.8,mg/L,,N,P,P159659-2,,0,0,,,3.7,,,25.0837,-81.080581,,E46077,WMD,,,,BA,,8/19/25 8:35,95824002,8/26/25 4:59,SM 5310 B-2014,,00680,,
FLAB25,FLAB,10/19/10,SAMP,MON,SA,G,,0.5,m,179,CHLOROPHYLL-A(LC),CHLCA,4.8,,,4.8,,0.0222,0.067,0.266,0.067,ug/L,1,N,A,P49628-2,,1,1,,,,,,25.0837,81.080581,FWEC,E46077,WMD,WMD,WMD,2,BA,NO,10/20/10 11:05,24783002,11/16/10 12:10,EPA 447.0,,98011,"Sample light green, low solids.  Low flow.  Calm water, light chop.  Winds 0-2mph.",
FLAB25,FLAB,11/16/10,SAMP,MON,SA,G,,0.5,m,179,CHLOROPHYLL-A(LC),CHLCA,2.2,,,2.2,,0.0222,0.067,0.266,0.067,ug/L,1,N,A,P50070-2,,1,1,,,,,,25.0837,81.080581,FWEC,E46077,WMD,WMD,WMD,2,BA,NO,11/17/10 10:56,25358002,12/7/10 22:42,EPA 447.0,,98011,"Sample light green, low solids.  Low outgoing flow.  Calm water, minimal chop. Wind 1-2mph.",
FLAB25,FLAB,12/14/10,SAMP,MON,SA,G,,0.5,m,179,CHLOROPHYLL-A(LC),CHLCA,6.1,,,6.1,,0.0222,0.067,0.266,0.067,ug/L,1,N,A,P50474-2,,1,1,,,,,,25.0837,81.080581,FWEC,E46077,WMD,WMD,WMD,2,BA,NO,12/15/10 10:14,25855002,12/29/10 17:44,EPA 447.0,,98011,"Sample pale yellow, medium solids.  Choppy water, 3-4 foot swells.  Winds 10-12mph.  Moderate incoming flow.",
FLAB25,FLAB,1/4/11,SAMP,MON,SA,G,,0.5,m,179,CHLOROPHYLL-A(LC),CHLCA,2.2,,,2.2,,0.0222,0.067,0.266,0.067,ug/L,1,N,A,P50635-2,,1,1,,,,,,25.0837,81.080581,FWEC,E46077,WMD,WMD,WMD,2,BA,NO,1/5/11 11:04,26109002,1/19/11 19:28,EPA 447.0,,98011,"Very low flow at station.  Very low to no chop.  No wind.  Sample light greenish yellow, moderate solids.",
FLAB25,FLAB,2/17/11,SAMP,MON,SA,G,,0.5,m,179,CHLOROPHYLL-A(LC),CHLCA,1.3,,,1.3,,0.0222,0.067,0.266,0.067,ug/L,1,N,A,P50937-2,,0,3,,,,,,25.0837,81.080581,WMD,E46077,WMD,WMD,WMD,2,BA,NO,2/18/11 13:41,26504002,3/2/11 21:46,EPA 447.0,,98011,"Wind E 5-10, Lt chop",
FLAB25,FLAB,3/15/11,SAMP,MON,SA,G,,0.5,m,179,CHLOROPHYLL-A(LC),CHLCA,1.1,,,1.1,,0.0222,0.067,0.266,0.067,ug/L,1,N,A,P51527-9,,1,3,,,,,,25.0837,81.080581,FWEC,E46077,WMD,WMD,WMD,2,BA,NO,3/16/11 10:05,27310009,3/28/11 17:25,EPA 447.0,,98011,"Sample palm green. Light chop on water, light incoming flow. Wind 0-5mph.",
FLAB25,FLAB,4/6/11,SAMP,MON,SA,G,,0.5,m,179,CHLOROPHYLL-A(LC),CHLCA,3.3,,,3.3,,0.025,0.075,0.3,0.075,ug/L,1,N,A,P52286-9,,1,2,,,,,,25.0837,81.080581,FWEC,E46077,WMD,WMD,WMD,2,BA,NO,4/7/11 11:30,28396009,4/21/11 15:13,EPA 447.0,,98011,"Sample light green, 10-15mph NE",
FLAB25,FLAB,5/4/11,SAMP,MON,SA,G,,0.5,m,179,CHLOROPHYLL-A(LC),CHLCA,1.94,,,1.94,,1,0.075,0.3,0.075,ug/L,1,N,A,P52287-9,,1,1,,,,,,25.0837,81.080581,FWEC,E46077,WMD,WMD,WMD,2,BA,NO,5/5/11 9:36,28398009,5/23/11 20:05,EPA 447.0,,98011,Sample pale green.  1 foot chop on water.  Winds 5-7 mph. Moderate incoming flow.,
FLAB25,FLAB,6/13/11,SAMP,MON,SA,G,,0.5,m,179,CHLOROPHYLL-A(LC),CHLCA,3.51,,,3.51,,1,0.067,0.267,0.067,ug/L,1,N,A,P52281-2,,1,1,,,,,,25.0837,81.080581,FWEC,E46077,WMD,WMD,WMD,2,BA,NO,6/14/11 10:08,28391002,6/30/11 19:00,EPA 447.0,,98011,Sample is pale green with low suspended sollids present. Moderate incoming tide with westerly winds from 2-6 mph.,
FLAB25,FLAB,7/12/11,SAMP,MON,SA,G,,0.5,m,179,CHLOROPHYLL-A(LC),CHLCA,2.7,,,2.7,,1,0.067,0.267,0.067,ug/L,1,N,A,P52282-2,,1,1,,,,,,25.0837,81.080581,FWEC,E46077,WMD,WMD,WMD,2,BA,NO,7/13/11 13:07,28392002,7/27/11 20:46,EPA 447.0,,98011,Sample is clear with no visible suspended solids present.  Moderate to strong flow with chop up to 1.5 feet and swell up to 2 feet and winds from the southwest at 5 to 10 mph.  SECCHI ON BOTTOM,
FLAB25,FLAB,8/16/11,SAMP,MON,SA,G,,0.5,m,179,CHLOROPHYLL-A(LC),CHLCA,3.05,,,3.05,,1,0.067,0.267,0.067,ug/L,1,N,A,P52283-2,,1,1,,,,,,25.0837,81.080581,FWEC,E46077,WMD,WMD,WMD,2,BA,NO,8/17/11 10:32,28393002,8/30/11 17:36,EPA 447.0,,98011,Sample is pale green with low suspended solids present. Strong flow with light chop up to 1.5 feet and light variable winds from southwest at 6 to 10 mph.,
FLAB25,FLAB,9/12/11,SAMP,MON,SA,G,,0.5,m,179,CHLOROPHYLL-A(LC),CHLCA,4.53,,,4.53,,1,0.067,0.267,0.067,ug/L,1,N,A,P52284-2,,0,1,,,,,,25.0837,81.080581,FWEC,E46077,WMD,WMD,WMD,2,BA,NO,9/13/11 10:18,28394002,9/26/11 18:07,EPA 447.0,,98011,Sample is pale green with low suspended solids present. Light current with mid rising tide and chop up to 2 feet and 5 to 10 mph winds from the east southeast.,
FLAB25,FLAB,10/4/11,SAMP,MON,SA,G,,0.5,m,179,CHLOROPHYLL-A(LC),CHLCA,0.989,,,0.989,,1,0.067,0.267,0.067,ug/L,1,N,A,P52285-2,,0,3,,,,,,25.0837,81.080581,WMD,E46077,WMD,WMD,WMD,2,BA,NO,10/5/11 10:35,28395002,10/25/11 16:42,EPA 447.0,,98011,"Overcast, wind NNE 15-20, seas 1-3",
FLAB25,FLAB,12/6/11,SAMP,MON,SA,G,,0.5,m,179,CHLOROPHYLL-A(LC),CHLCA,1.19,,,1.19,,1,0.067,0.267,0.067,ug/L,1,N,A,P54071-2,,0,1,,,,,,25.0837,81.080581,WMD,E46077,WMD,WMD,WMD,2,BA,NO,12/7/11 12:15,30610002,12/8/11 17:13,EPA 447.0,,98011,"Clear skies,flood tide, wind E 5-10, lt chop",
FLAB25,FLAB,2/1/12,SAMP,MON,SA,G,,0.5,m,179,CHLOROPHYLL-A(LC),CHLCA,0.436,,,0.436,,1,0.067,0.267,0.067,ug/L,1,N,A,P55306-1,,0,1,,,,,,25.0837,81.080581,WMD,E46077,WMD,WMD,WMD,2,BA,NO,2/2/12 10:08,32254001,2/21/12 13:36,EPA 447.0,,98011,"Wind NE 10-15, seas 1-2 ft, flood tide",
FLAB25,FLAB,4/11/12,SAMP,MON,SA,G,,0.5,m,179,CHLOROPHYLL-A(LC),CHLCA,3.36,,,3.36,,1,0.067,0.267,0.067,ug/L,1,N,A,P55314-9,,0,2,,,,,,25.0837,81.080581,WMD,E46077,WMD,WMD,WMD,2,BA,NO,4/12/12 10:52,32262009,5/2/12 12:52,EPA 447.0,,98011,"Wind and seas calm, ebb tide",
FLAB25,FLAB,6/13/12,SAMP,MON,SA,G,,0.5,m,179,CHLOROPHYLL-A(LC),CHLCA,1.24,,,1.24,+/- 0.102,1,0.067,0.267,0.067,ug/L,1,N,A,P55929-1,,0,2,,,,,,25.0837,81.080581,WMD,E46077,WMD,WMD,WMD,2,BA,NO,6/13/12 16:02,33112001,6/18/12 23:21,EPA 447.0,,98011,Calm conditions.  No chop.  Moderate flood tide.  No wind.,
FLAB25,FLAB,8/13/12,SAMP,MON,SA,G,,0.5,m,179,CHLOROPHYLL-A(LC),CHLCA,0.773,,,0.773,+/- 0.082,1,0.067,0.267,0.067,ug/L,1,N,A,P56205-1,,0,3,,,,,,25.0837,81.080581,WMD,E46077,WMD,WMD,WMD,2,BA,NO,8/14/12 10:15,33464001,8/21/12 11:44,EPA 447.0,,98011,SE winds at 5-10 knots.  Light chop with 1-2 foor chop.  Flood tide.,
FLAB25,FLAB,10/11/12,SAMP,MON,SA,G,,0.5,m,179,CHLOROPHYLL-A(LC),CHLCA,1.1,,,1.1,+/- 0.096,1,0.067,0.267,0.067,ug/L,1,N,A,P56209-1,,0,2,,,,,,25.0837,81.080581,WMD,E46077,WMD,WMD,WMD,2,BA,NO,10/11/12 15:43,33468001,10/31/12 15:36,EPA 447.0,,98011,NE breeze. 1-2 foot chop.  Flood tide.,
FLAB25,FLAB,12/10/12,SAMP,MON,SA,G,,0.5,m,179,CHLOROPHYLL-A(LC),CHLCA,1.32,,,1.32,,1,0.067,0.267,0.067,ug/L,1,N,A,P56856-1,,0,2,,,,,,25.0837,81.080581,WMD,E46077,WMD,WMD,WMD,2,BA,NO,12/11/12 10:39,34311001,12/20/12 14:49,EPA 447.0,,98011,Wind out of the SE 5-7kts. Light wave action.,
FLAB25,FLAB,2/5/13,SAMP,MON,SA,G,,0.5,m,179,CHLOROPHYLL-A(LC),CHLCA,0.547,,,0.547,+/- 0.075,1,0.067,0.267,0.067,ug/L,1,N,A,P61818-1,,0,1,,,,,,25.0837,81.080581,WMD,E46077,WMD,WMD,WMD,2,BA,NO,2/6/13 9:38,39392001,2/12/13 12:46,EPA 447.0,,98011,"Light wind out of the east, less than 5 kts. Less than 1 ft wave action.",
FLAB25,FLAB,4/18/13,SAMP,MON,SA,G,,0.5,m,179,CHLOROPHYLL-A(LC),CHLCA,1.11,,,1.11,+/- 0.096,1,0.067,0.267,0.067,ug/L,1,N,A,P61819-1,,0,4,,,,,,25.0837,81.080581,WMD,E46077,WMD,WMD,WMD,2,PD,NO,4/18/13 15:12,39393001,4/24/13 12:19,EPA 447.0,,98011,ESE winds 10-15 kts. Waves 1.5-2 ft at 2 second period.,
FLAB25,FLAB,6/17/13,SAMP,MON,SA,G,,0.5,m,179,CHLOROPHYLL-A(LC),CHLCA,0.92,,,0.92,+/- 0.088,1,0.067,0.267,0.067,ug/L,1,N,A,P63880-1,,0,2,,,,,,25.0837,81.080581,WMD,E46077,WMD,WMD,WMD,2,PD,NO,6/18/13 10:47,40691001,6/20/13 12:16,EPA 447.0,,98011,"1-2ft chop, wind southeast 10-15,",
FLAB25,FLAB,8/13/13,SAMP,MON,SA,G,,0.5,m,179,CHLOROPHYLL-A(LC),CHLCA,1.89,,,1.89,+/- 0.135,1,0.067,0.267,0.067,ug/L,1,N,A,P63881-1,,0,3,,,,,,25.0837,81.080581,WMD,E46077,WMD,WMD,WMD,2,PD,NO,8/13/13 16:32,40692001,8/29/13 15:52,EPA 447.0,,98011,Light chop on surface. E wind 5-10 kt. Moderate current.,
FLAB25,FLAB,10/28/13,SAMP,MON,SA,G,,0.5,m,179,CHLOROPHYLL-A(LC),CHLCA,0.718,,,0.718,+/- 0.080,1,0.067,0.267,0.067,ug/L,1,N,A,P65941-1,,0,2,,,,,,25.0837,81.080581,WMD,E46077,WMD,WMD,WMD,2,PD,NO,10/29/13 7:37,42392001,11/14/13 16:30,EPA 447.0,,98011,Moderate chop. E wind approx 15 kt. Moderate current.,
FLAB25,FLAB,12/11/13,SAMP,MON,SA,G,,0.5,m,179,CHLOROPHYLL-A(LC),CHLCA,1.99,,,1.99,+/- 0.140,1,0.067,0.267,0.067,ug/L,1,N,A,P68531-1,,0,2,,,,,,25.0837,81.080581,WMD,E46077,WMD,WMD,WMD,2,PD,NO,12/11/13 16:43,44202001,12/30/13 19:54,EPA 447.0,,98011,"Moderate chop, E wind 10-15.",
FLAB25,FLAB,2/26/14,SAMP,MON,SA,G,,0.5,m,179,CHLOROPHYLL-A(LC),CHLCA,0.813,,,0.813,+/- 0.084,1,0.067,0.267,0.067,ug/L,1,N,A,P70123-1,,0,1,,,,,,25.0837,81.080581,WMD,E46077,WMD,WMD,WMD,2,PD,NO,2/26/14 15:34,45273001,3/12/14 14:20,EPA 447.0,,98011,"Glassy smooth water. No noticeable wind, slight incoming tide.",
FLAB25,FLAB,4/7/14,SAMP,MON,SA,G,,0.5,m,179,CHLOROPHYLL-A(LC),CHLCA,1.34,,,1.34,+/- 0.107,1,0.067,0.267,0.067,ug/L,1,N,A,P70124-1,,0,1,,,,,,25.0837,81.080581,WMD,E46077,WMD,WMD,WMD,2,PD,NO,4/8/14 9:44,45274001,4/11/14 13:04,EPA 447.0,,98011,"Moderate chop, 1 to 3 ft due to 15kt SE winds. Sample area contained floating vegetation.",
FLAB25,FLAB,6/9/14,SAMP,MON,SA,G,,0.5,m,179,CHLOROPHYLL-A(LC),CHLCA,0.74,,,0.74,UNK,1,0.044,0.178,0.044,ug/L,1,N,A,P71707-1,,0,2,,,,,,25.0837,81.080581,WMD,E46077,WMD,WMD,WMD,2,PD,NO,6/10/14 10:14,46555001,6/13/14 13:48,EPA 447.0,,98011,"Wind 0-5 kts from the South, <1ft chop, incoming tide.",
FLAB25,FLAB,8/5/14,SAMP,MON,SA,G,,0.5,m,179,CHLOROPHYLL-A(LC),CHLCA,4.53,,,4.53,UNK,1,0.044,0.178,0.044,ug/L,1,N,A,P72712-1,,0,2,,,,,,25.0837,81.080581,WMD,E46077,WMD,WMD,WMD,2,PD,NO,8/6/14 10:14,46928001,8/20/14 11:40,EPA 447.0,,98011,"Calm conditions, SW winds less than 5 kts. Small amount of single piece turtle and manatee grasses on surface. Water is visibly cloudy, milky. Incoming tide.",
FLAB25,FLAB,10/20/14,SAMP,MON,SA,G,,0.5,m,179,CHLOROPHYLL-A(LC),CHLCA,1.9,,,1.9,UNK,1,0.044,0.178,0.044,ug/L,1,N,A,P74736-1,,0,4,,,,,,25.0837,81.080581,WMD,E46077,WMD,WMD,WMD,2,PD,NO,10/21/14 10:29,48700001,10/27/14 15:04,EPA 447.0,,98011,"Incoming tide, light chop",
FLAB25,FLAB,12/17/14,SAMP,MON,SA,G,,0.5,m,179,CHLOROPHYLL-A(LC),CHLCA,1.35,,,1.35,UNK,1,0.044,0.178,0.044,ug/L,1,N,A,P74738-1,,0,1,,,,,,25.0837,81.080581,WMD,E46077,WMD,WMD,WMD,2,PD,NO,12/17/14 15:07,48702001,1/9/15 17:48,EPA 447.0,,98011,"Incoming tide, NE wind 5-10, seas 1-2 feet. Small amount of floating vegetation pieces visible on water surface.",
FLAB25,FLAB,2/16/15,SAMP,MON,SA,G,,0.5,m,179,CHLOROPHYLL-A(LC),CHLCA,1.8,,,1.8,UNK,1,0.044,0.178,0.044,ug/L,1,N,A,P74737-1,,0,2,,,,,,25.0837,81.080581,WMD,E46077,WMD,WMD,WMD,2,PD,NO,2/17/15 16:26,48701001,3/9/15 16:20,EPA 447.0,,98011,"Moderate chop, E wind 10-15",
FLAB25,FLAB,4/13/15,SAMP,MON,SA,G,,0.5,m,179,CHLOROPHYLL-A(LC),CHLCA,1.31,,,1.31,+/- 0.147,1,0.044,0.178,0.044,ug/L,1,N,A,P75445-1,,0,2,,,,,,25.0837,81.080581,WMD,E46077,WMD,WMD,WMD,2,PD,NO,4/14/15 11:19,49159001,5/5/15 13:16,EPA 447.0,,98011,"SE wind 15-20, 2-3 ft chop with white caps",
FLAB25,FLAB,6/9/15,SAMP,MON,SA,G,,0.5,m,179,CHLOROPHYLL-A(LC),CHLCA,1.37,,,1.37,+/- 0.151,1,0.036,0.142,0.036,ug/L,1,N,A,P74739-1,,0,1,,,,,,25.0837,81.080581,WMD,E46077,WMD,WMD,WMD,2,PD,NO,6/10/15 10:00,48703001,6/23/15 1:11,EPA 447.0,,98011,,
FLAB25,FLAB,8/25/15,SAMP,MON,SA,G,,0.5,m,179,CHLOROPHYLL-A(LC),CHLCA,3.81,,,3.81,+/- 0.409,1,0.036,0.142,0.036,ug/L,1,N,A,P78245-1,,0,2,,,,,,25.0837,81.080581,WMD,E46077,WMD,WMD,WMD,2,PD,NO,8/26/15 11:35,51480001,9/9/15 21:23,EPA 447.0,,98011,"Calm seas, winds 0-5mph. High tide.",
FLAB25,FLAB,10/7/15,SAMP,MON,SA,G,,0.5,m,179,CHLOROPHYLL-A(LC),CHLCA,6.04,,,6.04,+/- 0.647,1,0.036,0.142,0.036,ug/L,1,N,A,P80870-1,,0,3,,,,,,25.0837,81.080581,WMD,E46077,WMD,WMD,WMD,2,PD,NO,10/7/15 14:57,53692001,10/15/15 17:07,EPA 447.0,,98011,"1-2 seas, light west winds, light amount of loose vegetation floating on surface. Incoming tide.",
FLAB25,FLAB,1/21/16,SAMP,MON,SA,G,,0.5,m,179,CHLOROPHYLL-A(LC),CHLCA,4.63,,,4.63,+/- 0.497,1,0.036,0.142,0.036,ug/L,1,N,A,P82416-1,,0,2,,,,,,25.0837,81.080581,WMD,E46077,WMD,WMD,WMD,2,PD,NO,1/21/16 19:26,54965001,1/26/16 18:03,EPA 447.0,,98011,"Slight chop, 1 ft or less. Winds 10-15.",
FLAB25,FLAB,2/16/16,SAMP,MON,SA,G,,0.5,m,179,CHLOROPHYLL-A(LC),CHLCA,2.71,,,2.71,+/- 0.292,1,0.036,0.142,0.036,ug/L,1,N,A,P82935-1,,0,4,,,,,,25.0837,81.080581,WMD,E46077,WMD,WMD,WMD,2,PD,NO,2/16/16 17:41,55400001,2/25/16 11:22,EPA 447.0,,98011,"Overcast, west winds 5-10kts, seas 1-2ft, sample area clear.",
FLAB25,FLAB,4/14/16,SAMP,MON,SA,G,,0.5,m,179,CHLOROPHYLL-A(LC),CHLCA,0.916,,,0.916,+/- 0.104,1,0.036,0.142,0.036,ug/L,1,N,A,P83568-1,,0,1,,,,,,25.0837,81.080581,WMD,E46077,WMD,WMD,WMD,2,PD,NO,4/14/16 16:26,55991001,4/19/16 17:15,EPA 447.0,,98011,Light winds out of the SE. Small rolling waves.,
FLAB25,FLAB,6/29/16,SAMP,MON,SA,G,,0.5,m,179,CHLOROPHYLL-A(LC),CHLCA,1.12,,,1.12,+/- 0.125,1,0.036,0.142,0.036,ug/L,1,N,A,P84316-1,,0,4,,,,,,25.0837,81.080581,WMD,E46077,WMD,WMD,WMD,2,PD,NO,6/29/16 15:53,56588001,7/12/16 13:18,EPA 447.0,,98011,"1foot chop observed, wind east 10-15, some floating vegetation on surface, sample collected clear area,",
FLAB25,FLAB,8/25/16,SAMP,MON,SA,G,,0.5,m,179,CHLOROPHYLL-A(LC),CHLCA,6.33,,,6.33,+/- 0.678,1,0.036,0.142,0.036,ug/L,1,N,A,P84638-1,,0,3,,,,,,25.0837,81.080581,WMD,E46077,WMD,WMD,WMD,2,PD,NO,8/25/16 15:14,56878001,8/31/16 9:31,EPA 447.0,8/26/16 10:04,98011,"High tide, E winds 10kts, light chop, sample area clear.",
FLAB25,FLAB,10/24/16,SAMP,MON,SA,G,,0.5,m,179,CHLOROPHYLL-A(LC),CHLCA,3.1,,,3.1,+/- 0.334,1,0.036,0.142,0.036,ug/L,1,N,A,P86137-1,,0,3,,,,,,25.0837,81.080581,WMD,E46077,WMD,WMD,WMD,2,PD,NO,10/24/16 16:01,58226001,11/1/16 13:55,EPA 447.0,10/25/16 15:20,98011,"NE winds 15kt, moderate chop, sample area clear otherwise.",
FLAB25,FLAB,12/21/16,SAMP,MON,SA,G,,0.5,m,179,CHLOROPHYLL-A(LC),CHLCA,2.29,,,2.29,+/- 0.248,1,0.036,0.142,0.036,ug/L,1,N,A,P86766-1,,0,1,,,,,,25.0837,81.080581,WMD,E46077,WMD,WMD,WMD,2,PD,NO,12/21/16 16:26,58611001,12/23/16 12:28,EPA 447.0,12/22/16 9:50,98011,"NE winds 10-15 kts, moderate chop, sample area clear.",
FLAB25,FLAB,2/20/17,SAMP,MON,SA,G,,0.5,m,179,CHLOROPHYLL-A(LC),CHLCA,1.27,,,1.27,+/- 0.141,1,0.036,0.142,0.036,ug/L,1,N,A,P87700-1,,0,2,,,,,,25.0837,81.080581,WMD,E46077,WMD,WMD,WMD,2,PD,NO,2/20/17 16:54,59456001,3/3/17 15:52,EPA 447.0,2/21/17 14:53,98011,"NE winds 10-15 kts, waters moderate chop, light amount of loose sea grass on surface.",
FLAB25,FLAB,4/20/17,SAMP,MON,SA,G,,0.5,m,179,CHLOROPHYLL-A(LC),CHLCA,2.55,,,2.55,+/- 0.275,1,0.036,0.142,0.036,ug/L,1,N,A,P87830-1,,0,5,,,,,,25.0837,81.080581,WMD,E46077,WMD,WMD,WMD,2,PD,NO,4/20/17 18:58,59588001,5/3/17 3:16,EPA 447.0,4/21/17 10:21,98011,"Had 2-4 foot seas, moderate amount of loose sea grass floating on the surface, light rain with 15-20 knot east winds.  Sample collected by DA.",
FLAB25,FLAB,8/1/17,SAMP,MON,SA,G,,0.5,m,179,CHLOROPHYLL-A(LC),CHLCA,2.33,,,2.33,+/- 0.157,1,0.018,0.071,0.018,ug/L,1,N,A,P89179-1,,0,0,,,,,,25.0837,81.080581,WMD,E46077,WMD,WMD,WMD,2,PD,NO,8/1/17 16:07,60830001,8/28/17 15:59,EPA 447.0,8/2/17 10:16,98011,"Seas 2-4ft, moderate to heavy chop, heavy amount of loose sea grass and sargassum floating on surface, SW winds 10kts.",
FLAB25,FLAB,10/12/17,SAMP,MON,SA,G,,0.5,m,179,CHLOROPHYLL-A(LC),CHLCA,13.5,,,13.5,+/- 0.905,1,0.018,0.071,0.018,ug/L,1,N,A,P88721-1,,0,0,,,,,,25.0837,81.080581,WMD,E46077,WMD,WMD,WMD,2,PD,NO,10/12/17 19:00,60388001,11/1/17 3:57,EPA 447.0,10/13/17 9:31,98011,,
FLAB25,FLAB,12/13/17,SAMP,MON,SA,G,,0.5,m,179,CHLOROPHYLL-A(LC),CHLCA,11.7,,,11.7,+/- 0.784,1,0.018,0.071,0.018,ug/L,1,N,A,P91159-1,,0,0,,,,,,25.0837,81.080581,WMD,E46077,WMD,WMD,WMD,2,PD,NO,12/13/17 16:37,62572001,12/20/17 10:25,EPA 447.0,12/14/17 9:23,98011,2-4 ft seas. Murky brown water.,
FLAB25,FLAB,2/28/18,SAMP,MON,SA,G,,0.5,m,179,CHLOROPHYLL-A(LC),CHLCA,5.17,J,yes,5.17,+/- 0.347,1,0.018,0.071,0.018,ug/L,1,N,A,P92112-1,,0,0,,,,,,25.0837,81.080581,WMD,E46077,WMD,WMD,WMD,2,PD,NO,3/1/18 6:58,63445001,3/12/18 23:03,EPA 447.0,3/1/18 8:35,98011,Moderate chop. Cloudy water.,Precision or accuracy criteria not met
FLAB25,FLAB,4/10/18,SAMP,MON,SA,G,,0.5,m,179,CHLOROPHYLL-A(LC),CHLCA,2.19,,,2.19,+/- 0.148,1,0.018,0.071,0.018,ug/L,1,N,A,P92872-1,,0,0,,,,,,25.0837,81.080581,WMD,E46077,WMD,WMD,WMD,2,PD,NO,4/11/18 6:42,64061001,5/2/18 21:52,EPA 447.0,4/11/18 12:50,98011,1- ft seas. Green water. Light dead floating vegetation in area. Avoided during collection,
FLAB25,FLAB,6/7/18,SAMP,MON,SA,G,,0.5,m,179,CHLOROPHYLL-A(LC),CHLCA,1.58,,,1.58,+/- 0.107,1,0.018,0.071,0.018,ug/L,1,N,A,P93694-1,,0,0,,,,,,25.0837,81.080581,WMD,E46077,WMD,WMD,WMD,2,PD,NO,6/7/18 16:24,64892001,6/21/18 22:03,EPA 447.0,6/8/18 9:37,98011,,
FLAB25,FLAB,8/6/18,SAMP,MON,SA,G,,0.5,m,179,CHLOROPHYLL-A(LC),CHLCA,3.46,,,3.46,+/- 0.233,1,0.018,0.071,0.018,ug/L,1,N,A,P94931-1,,0,0,,,,,,25.0837,81.080581,WMD,E46077,WMD,WMD,WMD,2,PD,NO,8/6/18 16:31,65964001,8/20/18 14:08,EPA 447.0,8/7/18 13:22,98011,Light chop.,
FLAB25,FLAB,10/3/18,SAMP,MON,SA,G,,0.5,m,179,CHLOROPHYLL-A(LC),CHLCA,2.4,,,2.4,+/- 0.162,1,0.018,0.071,0.018,ug/L,1,N,A,P95251-1,,0,0,,,,,,25.0837,81.080581,WMD,E46077,WMD,WMD,WMD,2,PD,NO,10/3/18 16:28,66264001,10/9/18 14:23,EPA 447.0,10/4/18 9:12,98011,suspended solids in water column,
FLAB25,FLAB,12/17/18,SAMP,MON,SA,G,,0.5,m,179,CHLOROPHYLL-A(LC),CHLCA,1.71,,,1.71,+/- 0.116,1,0.018,0.071,0.018,ug/L,1,N,A,P96720-1,,0,0,,,,,,25.0837,81.080581,WMD,E46077,WMD,WMD,WMD,2,BA,NO,12/18/18 8:19,67436001,1/7/19 17:29,EPA 447.0,12/18/18 9:41,98011,Moderately choppy in water column.,
FLAB25,FLAB,2/26/19,SAMP,MON,SA,G,,0.5,m,179,CHLOROPHYLL-A(LC),CHLCA,1.77,,,1.77,+/- 0.120,1,0.018,0.071,0.018,ug/L,1,N,A,P102448-2,,0,0,,,,,,25.0837,81.080581,WMD,E46077,WMD,WMD,WMD,2,BA,NO,2/27/19 8:00,69631002,3/5/19 2:02,EPA 447.0,2/27/19 10:53,98011,,
FLAB25,FLAB,4/15/19,SAMP,MON,SA,G,,0.5,m,179,CHLOROPHYLL-A(LC),CHLCA,4.82,,,4.82,+/- 0.323,1,0.018,0.071,0.018,ug/L,1,N,A,P103834-2,,0,0,,,,,,25.0837,81.080581,WMD,E46077,WMD,WMD,WMD,2,BA,NO,4/15/19 17:17,70212002,4/22/19 19:44,EPA 447.0,4/16/19 10:28,98011,,
FLAB25,FLAB,6/11/19,SAMP,MON,SA,G,,0.5,m,179,CHLOROPHYLL-A(LC),CHLCA,1.46,J,yes,1.46,,1,0.018,0.071,0.018,ug/L,1,N,A,P106284-2,,0,0,,,,,,25.0837,81.080581,WMD,E46077,WMD,WMD,WMD,2,BA,NO,6/11/19 16:05,71256002,6/14/19 0:05,EPA 447.0,6/12/19 13:32,98011,,Precision or accuracy criteria not met
FLAB25,FLAB,8/8/19,SAMP,MON,SA,G,,0.5,m,179,CHLOROPHYLL-A(LC),CHLCA,1.68,,,1.68,+/- 0.114,1,0.018,0.071,0.018,ug/L,1,N,A,P109207-2,,0,0,,,,,,25.0837,81.080581,WMD,E46077,WMD,WMD,WMD,2,BA,NO,8/9/19 8:38,72380002,8/15/19 20:31,EPA 447.0,8/9/19 9:49,98011,"Heavy suspended solids visible in top layer of water column, but not present in sample.",
FLAB25,FLAB,10/8/19,SAMP,MON,SA,G,,0.5,m,179,CHLOROPHYLL-A(LC),CHLCA,8.07,,,8.07,+/- 0.541,1,0.018,0.071,0.018,ug/L,1,N,A,P109898-2,,0,0,,,,,,25.0837,81.080581,WMD,E46077,WMD,WMD,WMD,2,BA,NO,10/8/19 16:32,72718002,10/11/19 22:57,EPA 447.0,10/9/19 12:54,98011,,
FLAB25,FLAB,12/5/19,SAMP,MON,SA,G,,0.5,m,179,CHLOROPHYLL-A(LC),CHLCA,2.56,,,2.56,+/- 0.172,1,0.018,0.071,0.018,ug/L,1,N,A,P110697-2,,0,0,,,,,,25.0837,81.080581,WMD,E46077,WMD,WMD,WMD,2,BA,NO,12/6/19 9:11,73095002,12/12/19 18:31,EPA 447.0,12/6/19 10:06,98011,,
FLAB25,FLAB,2/3/20,SAMP,MON,SA,G,,0.5,m,179,CHLOROPHYLL-A(LC),CHLCA,1.64,,,1.64,+/- 0.111,1,0.018,0.071,0.018,ug/L,1,N,A,P110713-2,,0,0,,,,,,25.0837,81.080581,WMD,E46077,WMD,WMD,WMD,2,BA,NO,2/4/20 7:43,73108002,2/6/20 19:37,EPA 447.0,2/4/20 12:47,98011,,
FLAB25,FLAB,4/1/20,SAMP,MON,SA,G,,0.5,m,179,CHLOROPHYLL-A(LC),CHLCA,1.13,,,1.13,+/- 0.078,1,0.018,0.071,0.018,ug/L,1,N,A,P110719-2,,0,0,,,,,,25.0837,81.080581,WMD,E46077,WMD,WMD,WMD,2,BA,NO,4/1/20 16:12,73114002,4/7/20 15:43,EPA 447.0,4/2/20 15:44,98011,Murky brown water.,
FLAB25,FLAB,6/1/20,SAMP,MON,SA,G,,0.5,m,179,CHLOROPHYLL-A(LC),CHLCA,1.66,,,1.66,+/- 0.113,1,0.018,0.071,0.018,ug/L,1,N,A,P111041-2,,0,0,,,,,,25.0837,81.080581,WMD,E46077,WMD,WMD,WMD,2,BA,NO,6/1/20 16:40,73264002,6/4/20 20:13,EPA 447.0,6/2/20 12:44,98011,,
FLAB25,FLAB,8/13/20,SAMP,MON,SA,G,,0.5,m,179,CHLOROPHYLL-A(LC),CHLCA,2.76,,,2.76,+/- 0.186,1,0.018,0.071,0.018,ug/L,1,N,A,P111104-2,,0,0,,,,,,25.0837,81.080581,WMD,E46077,WMD,WMD,WMD,2,BA,NO,8/14/20 8:30,73302002,8/20/20 18:56,EPA 447.0,8/14/20 14:29,98011,,
FLAB25,FLAB,10/12/20,SAMP,MON,SA,G,,0.5,m,179,CHLOROPHYLL-A(LC),CHLCA,3.23,J,yes,3.23,,1,0.018,0.071,0.018,ug/L,1,N,A,P118766-2,,0,0,,,,,,25.0837,81.080581,WMD,E46077,WMD,WMD,WMD,2,BA,NO,10/13/20 8:46,76829002,10/16/20 1:37,EPA 447.0,10/13/20 13:44,98011,Vegetative debris present in sampling area.,"DUP 905055 fails Chl-a/b/Pheo, J3 added manually.  JWL 10/21/2020; Precision or accuracy criteria not met"
FLAB25,FLAB,12/9/20,SAMP,MON,SA,G,,0.5,m,179,CHLOROPHYLL-A(LC),CHLCA,2.14,,,2.14,+/- 0.144,1,0.018,0.071,0.018,ug/L,1,N,A,P120347-2,,0,0,,,,,,25.0837,81.080581,WMD,E46077,WMD,WMD,WMD,2,BA,NO,12/10/20 8:58,77553002,12/15/20 16:59,EPA 447.0,12/10/20 12:21,98011,"Sample area clear, but water was very rough.  Light solids in sample.  Sample collected by CL.",
FLAB25,FLAB,1/7/21,SAMP,MON,SA,G,,0.5,m,179,CHLOROPHYLL-A(LC),CHLCA,1.34,,,1.34,+/- 0.092,1,0.018,0.071,0.018,ug/L,1,N,A,P121638-2,,0,0,,,,,,25.0837,81.080581,WMD,E46077,WMD,WMD,WMD,2,BA,NO,1/7/21 15:42,78139002,1/13/21 0:11,EPA 447.0,1/8/21 13:51,98011,Secchi on bottom,
FLAB25,FLAB,3/17/21,SAMP,MON,SA,G,,0.5,m,179,CHLOROPHYLL-A(LC),CHLCA,1.87,,,1.87,+/- 0.126,1,0.018,0.071,0.018,ug/L,1,N,A,P122507-2,,0,0,,,,,,25.0837,81.080581,WMD,E46077,WMD,WMD,WMD,2,BA,NO,3/18/21 7:15,78496002,3/26/21 18:04,EPA 447.0,3/18/21 14:50,98011,,
FLAB25,FLAB,5/24/21,SAMP,MON,SA,G,,0.5,m,179,CHLOROPHYLL-A(LC),CHLCA,3.22,,,3.22,+/- 0.216,1,0.018,0.071,0.018,ug/L,1,N,A,P122517-2,,0,0,,,,,,25.0837,81.080581,WMD,E46077,WMD,WMD,WMD,2,BA,NO,5/24/21 15:47,78500002,5/28/21 18:02,EPA 447.0,5/25/21 8:37,98011,,
FLAB25,FLAB,7/1/21,SAMP,MON,SA,G,,0.5,m,179,CHLOROPHYLL-A(LC),CHLCA,1.23,,,1.23,+/- 0.084,1,0.018,0.071,0.018,ug/L,1,N,A,P123928-2,,0,0,,,,,,25.0837,81.080581,WMD,E46077,WMD,WMD,WMD,2,BA,NO,7/2/21 8:46,79168002,7/12/21 17:10,EPA 447.0,7/2/21 13:03,98011,,
FLAB25,FLAB,10/13/21,SAMP,MON,SA,G,,0.5,m,179,CHLOROPHYLL-A(LC),CHLCA,0.873,,,0.873,+/- 0.061,1,0.018,0.071,0.018,ug/L,1,N,A,P125715-2,,0,0,,,,,,25.0837,81.080581,WMD,E46077,WMD,WMD,WMD,2,BA,NO,10/13/21 15:07,79972002,10/18/21 19:02,EPA 447.0,10/14/21 13:28,98011,,
FLAB25,FLAB,12/27/21,SAMP,MON,SA,G,,0.5,m,179,CHLOROPHYLL-A(LC),CHLCA,3.16,,,3.16,+/- 0.212,1,0.018,0.071,0.018,ug/L,1,N,A,P128145-2,,0,0,,,,,,25.0837,81.080581,WMD,E46077,WMD,WMD,WMD,2,BA,NO,12/28/21 8:06,81128002,1/4/22 21:21,EPA 447.0,12/28/21 14:42,98011,Sampling area clear of debris.,
FLAB25,FLAB,2/8/22,SAMP,MON,SA,G,,0.5,m,179,CHLOROPHYLL-A(LC),CHLCA,0.967,,,0.967,+/- 0.067,1,0.018,0.071,0.018,ug/L,1,N,A,P129938-2,,0,0,,,,,,25.0837,81.080581,WMD,E46077,WMD,WMD,WMD,2,BA,NO,2/9/22 8:51,81841002,2/11/22 0:07,EPA 447.0,2/9/22 14:36,98011,,
FLAB25,FLAB,4/7/22,SAMP,MON,SA,G,,0.5,m,179,CHLOROPHYLL-A(LC),CHLCA,2.79,,,2.79,+/- 0.188,1,0.018,0.071,0.018,ug/L,1,N,A,P132794-2,,0,0,,,,,,25.0837,81.080581,WMD,E46077,WMD,WMD,WMD,2,BA,NO,4/8/22 8:13,83110002,4/12/22 23:08,EPA 447.0,4/8/22 15:13,98011,,
FLAB25,FLAB,6/22/22,SAMP,MON,SA,G,,0.5,m,179,CHLOROPHYLL-A(LC),CHLCA,1.11,,,1.11,+/- 0.076,1,0.018,0.071,0.018,ug/L,1,N,A,P134124-2,,0,0,,,,,,25.0837,81.080581,WMD,E46077,WMD,WMD,WMD,2,BA,NO,6/23/22 9:09,83718002,6/29/22 23:42,EPA 447.0,6/23/22 12:33,98011,,
FLAB25,FLAB,10/20/22,SAMP,MON,SA,G,,0.5,m,179,CHLOROPHYLL-A(LC),CHLCA,5.46,,,5.46,+/- 0.366,1,0.018,0.071,0.018,ug/L,1,N,A,P136495-2,,0,0,,,,,,25.0837,81.080581,WMD,E46077,WMD,WMD,WMD,2,BA,NO,10/21/22 8:50,84867002,10/26/22 0:10,EPA 447.0,10/21/22 13:15,98011,"Water in sampling area appears cloudy, visible detritus in water column.",
FLAB25,FLAB,12/19/22,SAMP,MON,SA,G,,0.5,m,179,CHLOROPHYLL-A(LC),CHLCA,1.92,,,1.92,+/- 0.130,1,0.02,0.08,0.02,ug/L,1,N,A,P138520-2,,0,0,,,,,,25.0837,81.080581,WMD,E46077,WMD,WMD,WMD,2,BA,NO,12/20/22 8:22,85841002,12/20/22 20:38,EPA 447.0,12/20/22 10:43,98011,,
FLAB25,FLAB,1/30/23,SAMP,MON,SA,G,,0.5,m,179,CHLOROPHYLL-A(LC),CHLCA,0.631,,,0.631,+/- 0.046,1,0.018,0.071,0.018,ug/L,1,N,A,P139468-2,,0,0,,,,,,25.0837,81.080581,WMD,E46077,WMD,WMD,WMD,2,BA,NO,1/31/23 8:28,86300002,2/2/23 12:59,EPA 447.0,1/31/23 14:15,98011,,
FLAB25,FLAB,3/14/23,SAMP,MON,SA,G,,0.5,m,179,CHLOROPHYLL-A(LC),CHLCA,0.8,,,0.8,+/- 0.057,1,0.02,0.08,0.02,ug/L,1,N,A,P141269-2,,0,0,,,,,,25.0837,81.080581,WMD,E46077,WMD,WMD,WMD,2,BA,NO,3/15/23 8:13,87043002,3/17/23 17:21,EPA 447.0,3/15/23 13:07,98011,,
FLAB25,FLAB,9/27/23,SAMP,MON,SA,G,,0.5,m,179,CHLOROPHYLL-A(LC),CHLCA,0.95,,,0.95,+/- 0.067,1,0.02,0.08,0.02,ug/L,1,N,A,P146063-2,,0,0,,,,,,25.0837,81.080581,WMD,E46077,WMD,WMD,WMD,2,BA,NO,9/28/23 7:51,89093002,10/2/23 20:58,EPA 447.0,9/28/23 9:09,98011,,
FLAB25,FLAB,11/13/23,SAMP,MON,SA,G,,0.5,m,179,CHLOROPHYLL-A(LC),CHLCA,1.22,,,1.22,+/- 0.084,1,0.02,0.08,0.02,ug/L,1,N,A,P146064-2,,0,0,,,,,,25.0837,81.080581,WMD,E46077,WMD,WMD,WMD,2,BA,NO,11/14/23 8:28,89094002,11/16/23 17:51,EPA 447.0,11/14/23 13:00,98011,,
FLAB25,FLAB,1/8/24,SAMP,MON,SA,G,,0.5,m,179,CHLOROPHYLL-A(LC),CHLCA,2.11,,,2.11,+/- 0.143,1,0.02,0.08,0.02,ug/L,1,N,A,P148342-2,,0,0,,,,,,25.0837,81.080581,WMD,E46077,WMD,WMD,WMD,2,BA,NO,1/9/24 7:59,90199002,1/11/24 18:53,EPA 447.0,1/9/24 13:23,98011,,
FLAB25,FLAB,3/4/24,SAMP,MON,SA,G,,0.5,m,179,CHLOROPHYLL-A(LC),CHLCA,1.03,,,1.03,+/- 0.071,1,0.018,0.071,0.018,ug/L,1,N,A,P149299-2,,0,0,,,,,,25.0837,81.080581,WMD,E46077,WMD,WMD,WMD,2,BA,NO,3/5/24 7:49,90665002,3/6/24 16:56,EPA 447.0,3/5/24 14:09,98011,,
FLAB25,FLAB,5/13/24,SAMP,MON,SA,G,,0.5,m,179,CHLOROPHYLL-A(LC),CHLCA,1.94,,,1.94,+/- 0.132,1,0.02,0.08,0.02,ug/L,1,N,A,P150708-2,,0,0,,,,,,25.0837,81.080581,WMD,E46077,WMD,WMD,WMD,2,BA,NO,5/14/24 8:01,91357002,5/21/24 15:53,EPA 447.0,5/14/24 10:42,98011,,
FLAB25,FLAB,7/15/24,SAMP,MON,SA,G,,0.5,m,179,CHLOROPHYLL-A(LC),CHLCA,1.75,,,1.75,+/- 0.119,1,0.02,0.08,0.02,ug/L,1,N,A,P152189-2,,0,0,,,,,,25.0837,81.080581,WMD,E46077,WMD,WMD,WMD,2,BA,NO,7/16/24 8:15,92109002,8/1/24 14:34,EPA 447.0,7/16/24 10:07,98011,,
FLAB25,FLAB,9/12/24,SAMP,MON,SA,G,,0.5,m,179,CHLOROPHYLL-A(LC),CHLCA,2.4,,,2.4,+/- 0.162,1,0.02,0.08,0.02,ug/L,1,N,A,P153175-2,,0,0,,,,,,25.0837,81.080581,WMD,E46077,WMD,WMD,WMD,2,BA,NO,9/13/24 8:11,92600002,9/17/24 23:24,EPA 447.0,9/13/24 10:02,98011,,
FLAB25,FLAB,12/9/24,SAMP,MON,SA,G,,0.5,m,179,CHLOROPHYLL-A(LC),CHLCA,2.05,,,2.05,+/- 0.138,1,0.016,0.064,0.016,ug/L,1,N,A,P154028-2,,0,0,,,,,,25.0837,81.080581,WMD,E46077,WMD,WMD,WMD,2,BA,NO,12/10/24 8:14,93033002,12/12/24 18:33,EPA 447.0,12/10/24 12:15,98011,,
FLAB25,FLAB,2/5/25,SAMP,MON,SA,G,,0.5,m,179,CHLOROPHYLL-A(LC),CHLCA,1.06,,,1.06,+/- 0.076,1,0.027,0.107,0.027,ug/L,1,N,A,P155969-2,,0,0,,,,,,25.0837,81.080581,WMD,E46077,WMD,WMD,WMD,2,BA,NO,2/6/25 8:46,93978002,2/11/25 21:37,EPA 447.0,2/6/25 12:07,98011,,
FLAB25,FLAB,6/18/25,SAMP,MON,SA,G,,0.5,m,179,CHLOROPHYLL-A(LC),CHLCA,0.656,,,0.656,+/- 0.052,1,0.027,0.107,0.027,ug/L,1,N,A,P158028-2,,0,0,,,,,,25.0837,81.080581,WMD,E46077,WMD,WMD,WMD,2,BA,NO,6/19/25 8:34,95008002,6/25/25 21:42,EPA 447.0,6/19/25 11:37,98011,,
FLAB25,FLAB,8/18/25,SAMP,MON,SA,G,,0.5,m,179,CHLOROPHYLL-A(LC),CHLCA,1.08,,,1.08,,1,0.027,0.107,0.027,ug/L,,N,P,P159659-2,,0,0,,,3.7,,,25.0837,-81.080581,,E46077,WMD,,,,BA,,8/19/25 8:35,95824002,8/25/25 21:01,EPA 447.0,8/19/25 12:55,98011,,