station,sampleID,testNumber,parameter,collectDate,value,units,remarkCode,project,sampleType,programType,matrix,collectMethod,dataType,mdl,bdl,qualityCode,depth,depthUnits,dcsMeters,source,discharge,latitude,longitude,totalDepth,upDownStream,samplingPurpose,owner,sampleComment
FLAB14,155014B,7,Temperature,1/21/2004,18.1,Degrees Celsius,D,FLAB,SAMP,MON,SA,FP,TEMP,,N,A,0.9,,,FIU,0,25.1504805,-80.8092194,,,,FIU,
FLAB14,156014B,7,Temperature,2/24/2004,25.3,Degrees Celsius,D,FLAB,SAMP,MON,SA,FP,TEMP,,N,A,0.9,,,FIU,0,25.1504805,-80.8092194,,,,FIU,
FLAB14,157014B,7,Temperature,3/23/2004,23.6,Degrees Celsius,D,FLAB,SAMP,MON,SA,FP,TEMP,,N,A,0.9,,,FIU,0,25.1504805,-80.8092194,,,,FIU,
FLAB14,158014SB,7,Temperature,4/21/2004,23.9,Degrees Celsius,D,FLAB,SAMP,MON,SA,FP,TEMP,,N,A,0.9,,,FIU,0,25.1504805,-80.8092194,,,,FIU,
FLAB14,159014B,7,Temperature,5/21/2004,27.1,Degrees Celsius,D,FLAB,SAMP,MON,SA,FP,TEMP,,N,A,0.9,,,FIU,0,25.1504805,-80.8092194,,,,FIU,
FLAB14,159014S,7,Temperature,5/21/2004,27.1,Degrees Celsius,D,FLAB,SAMP,MON,SA,FP,TEMP,,N,A,0.1,,,FIU,0,25.1504805,-80.8092194,,,,WMD,
FLAB14,160014S,7,Temperature,6/28/2004,30,Degrees Celsius,D,FLAB,SAMP,MON,SA,FP,TEMP,,N,A,0.1,,,FIU,0,25.1504805,-80.8092194,,,,WMD,
FLAB14,161014B,7,Temperature,7/27/2004,30.6,Degrees Celsius,D,FLAB,SAMP,MON,SA,FP,TEMP,,N,A,0.9,,,FIU,0,25.1504805,-80.8092194,,,,FIU,
FLAB14,161014S,7,Temperature,7/27/2004,30.7,Degrees Celsius,D,FLAB,SAMP,MON,SA,FP,TEMP,,N,A,0.1,,,FIU,0,25.1504805,-80.8092194,,,,FIU,
FLAB14,162014B,7,Temperature,8/24/2004,30.7,Degrees Celsius,D,FLAB,SAMP,MON,SA,FP,TEMP,,N,A,0.9,,,FIU,0,25.1504805,-80.8092194,,,,FIU,
FLAB14,162014S,7,Temperature,8/24/2004,30.3,Degrees Celsius,D,FLAB,SAMP,MON,SA,FP,TEMP,,N,A,0.1,,,FIU,0,25.1504805,-80.8092194,,,,FIU,
FLAB14,163014B,7,Temperature,9/28/2004,28.3,Degrees Celsius,D,FLAB,SAMP,MON,SA,FP,TEMP,,N,A,0.9,,,FIU,0,25.1504805,-80.8092194,,,,FIU,
FLAB14,163014S,7,Temperature,9/28/2004,28.5,Degrees Celsius,D,FLAB,SAMP,MON,SA,FP,TEMP,,N,A,0.1,,,FIU,0,25.1504805,-80.8092194,,,,FIU,
FLAB14,164014B,7,Temperature,10/26/2004,26.5,Degrees Celsius,D,FLAB,SAMP,MON,SA,FP,TEMP,,N,A,0.9,,,FIU,0,25.1504805,-80.8092194,,,,FIU,
FLAB14,164014S,7,Temperature,10/26/2004,26.5,Degrees Celsius,D,FLAB,SAMP,MON,SA,FP,TEMP,,N,A,0.1,,,FIU,0,25.1504805,-80.8092194,,,,FIU,
FLAB14,165014B,7,Temperature,11/29/2004,23.3,Degrees Celsius,D,FLAB,SAMP,MON,SA,FP,TEMP,,N,A,0.9,,,FIU,0,25.1504805,-80.8092194,,,,FIU,
FLAB14,165014S,7,Temperature,11/29/2004,23.3,Degrees Celsius,D,FLAB,SAMP,MON,SA,FP,TEMP,,N,A,0.1,,,FIU,0,25.1504805,-80.8092194,,,,FIU,
FLAB14,166014B,7,Temperature,12/14/2004,19.9,Degrees Celsius,D,FLAB,SAMP,MON,SA,FP,TEMP,,N,A,0.9,,,FIU,0,25.1504805,-80.8092194,,,,FIU,
FLAB14,166014S,7,Temperature,12/14/2004,19.8,Degrees Celsius,D,FLAB,SAMP,MON,SA,FP,TEMP,,N,A,0.1,,,FIU,0,25.1504805,-80.8092194,,,,FIU,
FLAB14,FIU14936,7,Temperature,4/15/1991,26.5,Degrees Celsius,,FLAB,SAMP,MON,SA,G,TEMP,,N,A,0,,,FIU,0,25.1504805,-80.8092194,,,,FIU,
FLAB14,FIU14939,7,Temperature,5/15/1991,25.8,Degrees Celsius,,FLAB,SAMP,MON,SA,G,TEMP,,N,A,0,,,FIU,0,25.1504805,-80.8092194,,,,FIU,
FLAB14,FIU14940,7,Temperature,6/15/1991,30.7,Degrees Celsius,,FLAB,SAMP,MON,SA,G,TEMP,,N,A,0,,,FIU,0,25.1504805,-80.8092194,,,,FIU,
FLAB14,FIU14942,7,Temperature,7/15/1991,30.9,Degrees Celsius,,FLAB,SAMP,MON,SA,G,TEMP,,N,A,0,,,FIU,0,25.1504805,-80.8092194,,,,FIU,
FLAB14,FIU14945,7,Temperature,8/15/1991,28.8,Degrees Celsius,,FLAB,SAMP,MON,SA,G,TEMP,,N,A,0,,,FIU,0,25.1504805,-80.8092194,,,,FIU,
FLAB14,FIU14946,7,Temperature,9/15/1991,28.4,Degrees Celsius,,FLAB,SAMP,MON,SA,G,TEMP,,N,A,0,,,FIU,0,25.1504805,-80.8092194,,,,FIU,
FLAB14,FIU14949,7,Temperature,10/15/1991,26.9,Degrees Celsius,,FLAB,SAMP,MON,SA,G,TEMP,,N,A,0,,,FIU,0,25.1504805,-80.8092194,,,,FIU,
FLAB14,FIU14950,7,Temperature,11/15/1991,24.6,Degrees Celsius,,FLAB,SAMP,MON,SA,G,TEMP,,N,A,0,,,FIU,0,25.1504805,-80.8092194,,,,FIU,
FLAB14,FIU14953,7,Temperature,12/15/1991,22.7,Degrees Celsius,,FLAB,SAMP,MON,SA,G,TEMP,,N,A,0,,,FIU,0,25.1504805,-80.8092194,,,,FIU,
FLAB14,FIU14954,7,Temperature,1/15/1992,20.9,Degrees Celsius,,FLAB,SAMP,MON,SA,G,TEMP,,N,A,0,,,FIU,0,25.1504805,-80.8092194,,,,FIU,
FLAB14,FIU14956,7,Temperature,2/15/1992,25.8,Degrees Celsius,,FLAB,SAMP,MON,SA,G,TEMP,,N,A,0,,,FIU,0,25.1504805,-80.8092194,,,,FIU,
FLAB14,FIU14959,7,Temperature,3/15/1992,25.6,Degrees Celsius,,FLAB,SAMP,MON,SA,G,TEMP,,N,A,0,,,FIU,0,25.1504805,-80.8092194,,,,FIU,
FLAB14,FIU14960,7,Temperature,4/15/1992,16.2,Degrees Celsius,,FLAB,SAMP,MON,SA,G,TEMP,,N,A,0,,,FIU,0,25.1504805,-80.8092194,,,,FIU,
FLAB14,FIU14962,7,Temperature,5/15/1992,25.2,Degrees Celsius,,FLAB,SAMP,MON,SA,G,TEMP,,N,A,0,,,FIU,0,25.1504805,-80.8092194,,,,FIU,
FLAB14,FIU14964,7,Temperature,6/15/1992,30.6,Degrees Celsius,,FLAB,SAMP,MON,SA,G,TEMP,,N,A,0,,,FIU,0,25.1504805,-80.8092194,,,,FIU,
FLAB14,FIU14966,7,Temperature,7/15/1992,28.2,Degrees Celsius,,FLAB,SAMP,MON,SA,G,TEMP,,N,A,0,,,FIU,0,25.1504805,-80.8092194,,,,FIU,
FLAB14,FIU14968,7,Temperature,8/15/1992,29.5,Degrees Celsius,,FLAB,SAMP,MON,SA,G,TEMP,,N,A,0,,,FIU,0,25.1504805,-80.8092194,,,,FIU,
FLAB14,FIU14971,7,Temperature,9/15/1992,27.2,Degrees Celsius,,FLAB,SAMP,MON,SA,G,TEMP,,N,A,0,,,FIU,0,25.1504805,-80.8092194,,,,FIU,
FLAB14,FIU14973,7,Temperature,10/15/1992,26.7,Degrees Celsius,,FLAB,SAMP,MON,SA,G,TEMP,,N,A,0,,,FIU,0,25.1504805,-80.8092194,,,,FIU,
FLAB14,FIU14975,7,Temperature,11/15/1992,24.6,Degrees Celsius,,FLAB,SAMP,MON,SA,G,TEMP,,N,A,0,,,FIU,0,25.1504805,-80.8092194,,,,FIU,
FLAB14,FIU14977,7,Temperature,12/15/1992,16.6,Degrees Celsius,,FLAB,SAMP,MON,SA,G,TEMP,,N,A,0,,,FIU,0,25.1504805,-80.8092194,,,,FIU,
FLAB14,FIU14978,7,Temperature,1/21/1993,21.7,Degrees Celsius,,FLAB,SAMP,MON,SA,G,TEMP,,N,A,0,,,FIU,0,25.1504805,-80.8092194,,,,FIU,
FLAB14,FIU14979,7,Temperature,2/10/1993,18.9,Degrees Celsius,,FLAB,SAMP,MON,SA,G,TEMP,,N,A,0,,,FIU,0,25.1504805,-80.8092194,,,,FIU,
FLAB14,FIU14980,7,Temperature,3/10/1993,20.8,Degrees Celsius,,FLAB,SAMP,MON,SA,G,TEMP,,N,A,0,,,FIU,0,25.1504805,-80.8092194,,,,FIU,
FLAB14,FIU14981,7,Temperature,4/7/1993,23.3,Degrees Celsius,,FLAB,SAMP,MON,SA,G,TEMP,,N,A,0,,,FIU,0,25.1504805,-80.8092194,,,,FIU,
FLAB14,FIU14982,7,Temperature,5/12/1993,24.6,Degrees Celsius,,FLAB,SAMP,MON,SA,G,TEMP,,N,A,0,,,FIU,0,25.1504805,-80.8092194,,,,FIU,
FLAB14,FIU14983,7,Temperature,6/3/1993,29.1,Degrees Celsius,,FLAB,SAMP,MON,SA,G,TEMP,,N,A,0,,,FIU,0,25.1504805,-80.8092194,,,,FIU,
FLAB14,FIU14984,7,Temperature,7/7/1993,32,Degrees Celsius,,FLAB,SAMP,MON,SA,G,TEMP,,N,A,0,,,FIU,0,25.1504805,-80.8092194,,,,FIU,
FLAB14,FIU14985,7,Temperature,8/4/1993,29.5,Degrees Celsius,,FLAB,SAMP,MON,SA,G,TEMP,,N,A,0,,,FIU,0,25.1504805,-80.8092194,,,,FIU,
FLAB14,FIU14986,7,Temperature,9/9/1993,30.7,Degrees Celsius,,FLAB,SAMP,MON,SA,G,TEMP,,N,A,0,,,FIU,0,25.1504805,-80.8092194,,,,FIU,
FLAB14,FIU14987,7,Temperature,10/6/1993,26.9,Degrees Celsius,,FLAB,SAMP,MON,SA,G,TEMP,,N,A,0,,,FIU,0,25.1504805,-80.8092194,,,,FIU,
FLAB14,FIU14988,7,Temperature,11/3/1993,20.2,Degrees Celsius,,FLAB,SAMP,MON,SA,G,TEMP,,N,A,0,,,FIU,0,25.1504805,-80.8092194,,,,FIU,
FLAB14,FIU14989,7,Temperature,12/2/1993,20.7,Degrees Celsius,,FLAB,SAMP,MON,SA,G,TEMP,,N,A,0,,,FIU,0,25.1504805,-80.8092194,,,,FIU,
FLAB14,FIU14990,7,Temperature,1/11/1994,20.2,Degrees Celsius,,FLAB,SAMP,MON,SA,G,TEMP,,N,A,0,,,FIU,0,25.1504805,-80.8092194,,,,FIU,
FLAB14,FIU14991,7,Temperature,2/2/1994,18.6,Degrees Celsius,,FLAB,SAMP,MON,SA,G,TEMP,,N,A,0,,,FIU,0,25.1504805,-80.8092194,,,,FIU,
FLAB14,FIU14992,7,Temperature,3/8/1994,22.9,Degrees Celsius,,FLAB,SAMP,MON,SA,G,TEMP,,N,A,0,,,FIU,0,25.1504805,-80.8092194,,,,FIU,
FLAB14,FIU14993,7,Temperature,4/6/1994,25.6,Degrees Celsius,D,FLAB,SAMP,MON,SA,G,TEMP,,N,A,0,,,FIU,0,25.1504805,-80.8092194,,,,FIU,
FLAB14,FIU14994,7,Temperature,4/6/1994,25.6,Degrees Celsius,D,FLAB,SAMP,MON,SA,G,TEMP,,N,A,0.8,,,FIU,0,25.1504805,-80.8092194,,,,FIU,
FLAB14,FIU14995,7,Temperature,5/4/1994,29,Degrees Celsius,D,FLAB,SAMP,MON,SA,G,TEMP,,N,A,0,,,FIU,0,25.1504805,-80.8092194,,,,FIU,
FLAB14,FIU14996,7,Temperature,5/4/1994,29,Degrees Celsius,D,FLAB,SAMP,MON,SA,G,TEMP,,N,A,0.8,,,FIU,0,25.1504805,-80.8092194,,,,FIU,
FLAB14,FIU14997,7,Temperature,6/8/1994,29.4,Degrees Celsius,D,FLAB,SAMP,MON,SA,G,TEMP,,N,A,0,,,FIU,0,25.1504805,-80.8092194,,,,FIU,
FLAB14,FIU14998,7,Temperature,6/8/1994,29.4,Degrees Celsius,D,FLAB,SAMP,MON,SA,G,TEMP,,N,A,0.8,,,FIU,0,25.1504805,-80.8092194,,,,FIU,
FLAB14,FIU14999,7,Temperature,7/7/1994,27.9,Degrees Celsius,D,FLAB,SAMP,MON,SA,G,TEMP,,N,A,0,,,FIU,0,25.1504805,-80.8092194,,,,FIU,
FLAB14,FIU15000,7,Temperature,7/7/1994,27.8,Degrees Celsius,D,FLAB,SAMP,MON,SA,G,TEMP,,N,A,0.8,,,FIU,0,25.1504805,-80.8092194,,,,FIU,
FLAB14,FIU15001,7,Temperature,8/4/1994,29.2,Degrees Celsius,D,FLAB,SAMP,MON,SA,G,TEMP,,N,A,0,,,FIU,0,25.1504805,-80.8092194,,,,FIU,
FLAB14,FIU15002,7,Temperature,8/4/1994,29.3,Degrees Celsius,D,FLAB,SAMP,MON,SA,G,TEMP,,N,A,0.9,,,FIU,0,25.1504805,-80.8092194,,,,FIU,
FLAB14,FIU15003,7,Temperature,9/14/1994,25.4,Degrees Celsius,D,FLAB,SAMP,MON,SA,G,TEMP,,N,A,0,,,FIU,0,25.1504805,-80.8092194,,,,FIU,
FLAB14,FIU15004,7,Temperature,9/14/1994,25.3,Degrees Celsius,D,FLAB,SAMP,MON,SA,G,TEMP,,N,A,0.9,,,FIU,0,25.1504805,-80.8092194,,,,FIU,
FLAB14,FIU15005,7,Temperature,10/5/1994,29,Degrees Celsius,D,FLAB,SAMP,MON,SA,G,TEMP,,N,A,0,,,FIU,0,25.1504805,-80.8092194,,,,FIU,
FLAB14,FIU15006,7,Temperature,10/5/1994,28.7,Degrees Celsius,D,FLAB,SAMP,MON,SA,G,TEMP,,N,A,0.9,,,FIU,0,25.1504805,-80.8092194,,,,FIU,
FLAB14,FIU15007,7,Temperature,11/2/1994,26,Degrees Celsius,D,FLAB,SAMP,MON,SA,G,TEMP,,N,A,0,,,FIU,0,25.1504805,-80.8092194,,,,FIU,
FLAB14,FIU15008,7,Temperature,11/2/1994,26,Degrees Celsius,D,FLAB,SAMP,MON,SA,G,TEMP,,N,A,0.9,,,FIU,0,25.1504805,-80.8092194,,,,FIU,
FLAB14,FIU15009,7,Temperature,11/22/1994,24.9,Degrees Celsius,D,FLAB,SAMP,MON,SA,G,TEMP,,N,A,0,,,FIU,0,25.1504805,-80.8092194,,,,FIU,
FLAB14,FIU15010,7,Temperature,11/22/1994,25.2,Degrees Celsius,D,FLAB,SAMP,MON,SA,G,TEMP,,N,A,0.9,,,FIU,0,25.1504805,-80.8092194,,,,FIU,
FLAB14,FIU15011,7,Temperature,12/1/1994,25.9,Degrees Celsius,D,FLAB,SAMP,MON,SA,G,TEMP,,N,A,0,,,FIU,0,25.1504805,-80.8092194,,,,FIU,
FLAB14,FIU15012,7,Temperature,12/1/1994,25.9,Degrees Celsius,D,FLAB,SAMP,MON,SA,G,TEMP,,N,A,0.9,,,FIU,0,25.1504805,-80.8092194,,,,FIU,
FLAB14,FIU15013,7,Temperature,1/5/1995,20.7,Degrees Celsius,,FLAB,SAMP,MON,SA,G,TEMP,,N,A,0,,,FIU,0,25.1504805,-80.8092194,,,,FIU,
FLAB14,FIU15014,7,Temperature,1/5/1995,20.7,Degrees Celsius,,FLAB,SAMP,MON,SA,G,TEMP,,N,A,0.9,,,FIU,0,25.1504805,-80.8092194,,,,FIU,
FLAB14,FIU15015,7,Temperature,2/2/1995,17.4,Degrees Celsius,D,FLAB,SAMP,MON,SA,G,TEMP,,N,A,0,,,FIU,0,25.1504805,-80.8092194,,,,FIU,
FLAB14,FIU15016,7,Temperature,2/2/1995,17.4,Degrees Celsius,D,FLAB,SAMP,MON,SA,G,TEMP,,N,A,0.9,,,FIU,0,25.1504805,-80.8092194,,,,FIU,
FLAB14,FIU15017,7,Temperature,3/1/1995,23.8,Degrees Celsius,D,FLAB,SAMP,MON,SA,G,TEMP,,N,A,0,,,FIU,0,25.1504805,-80.8092194,,,,FIU,
FLAB14,FIU15018,7,Temperature,3/1/1995,23.8,Degrees Celsius,D,FLAB,SAMP,MON,SA,G,TEMP,,N,A,0.9,,,FIU,0,25.1504805,-80.8092194,,,,FIU,
FLAB14,FIU15019,7,Temperature,4/19/1995,25.6,Degrees Celsius,D,FLAB,SAMP,MON,SA,G,TEMP,,N,A,0,,,FIU,0,25.1504805,-80.8092194,,,,FIU,
FLAB14,FIU15020,7,Temperature,4/19/1995,25.6,Degrees Celsius,D,FLAB,SAMP,MON,SA,G,TEMP,,N,A,0.9,,,FIU,0,25.1504805,-80.8092194,,,,FIU,
FLAB14,FIU15021,7,Temperature,5/24/1995,35.3,Degrees Celsius,D,FLAB,SAMP,MON,SA,G,TEMP,,N,A,0,,,FIU,0,25.1504805,-80.8092194,,,,FIU,
FLAB14,FIU15022,7,Temperature,5/24/1995,35.3,Degrees Celsius,D,FLAB,SAMP,MON,SA,G,TEMP,,N,A,0.9,,,FIU,0,25.1504805,-80.8092194,,,,FIU,
FLAB14,FIU15023,7,Temperature,6/21/1995,25.6,Degrees Celsius,D,FLAB,SAMP,MON,SA,G,TEMP,,N,A,0,,,FIU,0,25.1504805,-80.8092194,,,,FIU,
FLAB14,FIU15024,7,Temperature,6/21/1995,25.6,Degrees Celsius,D,FLAB,SAMP,MON,SA,G,TEMP,,N,A,0.9,,,FIU,0,25.1504805,-80.8092194,,,,FIU,
FLAB14,FIU15025,7,Temperature,7/12/1995,31.1,Degrees Celsius,D,FLAB,SAMP,MON,SA,G,TEMP,,N,A,0,,,FIU,0,25.1504805,-80.8092194,,,,FIU,
FLAB14,FIU15026,7,Temperature,7/12/1995,31.1,Degrees Celsius,D,FLAB,SAMP,MON,SA,G,TEMP,,N,A,0.9,,,FIU,0,25.1504805,-80.8092194,,,,FIU,
FLAB14,FIU15027,7,Temperature,8/11/1995,31.6,Degrees Celsius,D,FLAB,SAMP,MON,SA,G,TEMP,,N,A,0,,,FIU,0,25.1504805,-80.8092194,,,,FIU,
FLAB14,FIU15028,7,Temperature,8/11/1995,31.6,Degrees Celsius,D,FLAB,SAMP,MON,SA,G,TEMP,,N,A,0.9,,,FIU,0,25.1504805,-80.8092194,,,,FIU,
FLAB14,FIU15029,7,Temperature,9/6/1995,29,Degrees Celsius,D,FLAB,SAMP,MON,SA,G,TEMP,,N,A,0,,,FIU,0,25.1504805,-80.8092194,,,,FIU,
FLAB14,FIU15030,7,Temperature,9/6/1995,29.8,Degrees Celsius,D,FLAB,SAMP,MON,SA,G,TEMP,,N,A,0.9,,,FIU,0,25.1504805,-80.8092194,,,,FIU,
FLAB14,FIU15031,7,Temperature,10/22/1995,27.6,Degrees Celsius,D,FLAB,SAMP,MON,SA,G,TEMP,,N,A,0,,,FIU,0,25.1504805,-80.8092194,,,,FIU,
FLAB14,FIU15032,7,Temperature,10/22/1995,27.6,Degrees Celsius,D,FLAB,SAMP,MON,SA,G,TEMP,,N,A,0.9,,,FIU,0,25.1504805,-80.8092194,,,,FIU,
FLAB14,FIU15033,7,Temperature,11/17/1995,19.7,Degrees Celsius,D,FLAB,SAMP,MON,SA,G,TEMP,,N,A,0,,,FIU,0,25.1504805,-80.8092194,,,,FIU,
FLAB14,FIU15034,7,Temperature,11/17/1995,19.7,Degrees Celsius,D,FLAB,SAMP,MON,SA,G,TEMP,,N,A,0.9,,,FIU,0,25.1504805,-80.8092194,,,,FIU,
FLAB14,FIU15035,7,Temperature,12/14/1995,21.9,Degrees Celsius,D,FLAB,SAMP,MON,SA,G,TEMP,,N,A,0,,,FIU,0,25.1504805,-80.8092194,,,,FIU,
FLAB14,FIU15036,7,Temperature,12/14/1995,21.8,Degrees Celsius,D,FLAB,SAMP,MON,SA,G,TEMP,,N,A,0.9,,,FIU,0,25.1504805,-80.8092194,,,,FIU,
FLAB14,FIU15037,7,Temperature,1/23/1996,23.7,Degrees Celsius,D,FLAB,SAMP,MON,SA,G,TEMP,,N,A,0,,,FIU,0,25.1504805,-80.8092194,,,,FIU,
FLAB14,FIU15038,7,Temperature,1/23/1996,23.9,Degrees Celsius,D,FLAB,SAMP,MON,SA,G,TEMP,,N,A,0.9,,,FIU,0,25.1504805,-80.8092194,,,,FIU,
FLAB14,FIU15039,7,Temperature,2/12/1996,22.1,Degrees Celsius,D,FLAB,SAMP,MON,SA,G,TEMP,,N,A,0,,,FIU,0,25.1504805,-80.8092194,,,,FIU,
FLAB14,FIU15040,7,Temperature,2/12/1996,22.1,Degrees Celsius,D,FLAB,SAMP,MON,SA,G,TEMP,,N,A,0.9,,,FIU,0,25.1504805,-80.8092194,,,,FIU,
FLAB14,FIU15041,7,Temperature,3/22/1996,17.6,Degrees Celsius,D,FLAB,SAMP,MON,SA,G,TEMP,,N,A,0,,,FIU,0,25.1504805,-80.8092194,,,,FIU,
FLAB14,FIU15042,7,Temperature,3/22/1996,17.6,Degrees Celsius,D,FLAB,SAMP,MON,SA,G,TEMP,,N,A,0.9,,,FIU,0,25.1504805,-80.8092194,,,,FIU,
FLAB14,FIU15044,7,Temperature,4/25/1996,26.5,Degrees Celsius,D,FLAB,SAMP,MON,SA,G,TEMP,,N,A,0.9,,,FIU,0,25.1504805,-80.8092194,,,,FIU,
FLAB14,FIU15043,7,Temperature,4/25/1996,26.5,Degrees Celsius,D,FLAB,SAMP,MON,SA,G,TEMP,,N,A,0,,,FIU,0,25.1504805,-80.8092194,,,,FIU,
FLAB14,FIU15045,7,Temperature,5/10/1996,23.4,Degrees Celsius,D,FLAB,SAMP,MON,SA,G,TEMP,,N,A,0,,,FIU,0,25.1504805,-80.8092194,,,,FIU,
FLAB14,FIU15046,7,Temperature,5/10/1996,23.4,Degrees Celsius,D,FLAB,SAMP,MON,SA,G,TEMP,,N,A,0.9,,,FIU,0,25.1504805,-80.8092194,,,,FIU,
FLAB14,FIU15048,7,Temperature,6/6/1996,30.3,Degrees Celsius,D,FLAB,SAMP,MON,SA,G,TEMP,,N,A,0.9,,,FIU,0,25.1504805,-80.8092194,,,,FIU,
FLAB14,FIU15047,7,Temperature,6/6/1996,30.6,Degrees Celsius,D,FLAB,SAMP,MON,SA,G,TEMP,,N,A,0,,,FIU,0,25.1504805,-80.8092194,,,,FIU,
FLAB14,FIU15049,7,Temperature,7/4/1996,30.3,Degrees Celsius,D,FLAB,SAMP,MON,SA,G,TEMP,,N,A,0.1,,,FIU,0,25.1504805,-80.8092194,,,,FIU,
FLAB14,FIU15050,7,Temperature,7/4/1996,30.3,Degrees Celsius,D,FLAB,SAMP,MON,SA,G,TEMP,,N,A,0.9,,,FIU,0,25.1504805,-80.8092194,,,,FIU,
FLAB14,FIU15051,7,Temperature,8/22/1996,27.7,Degrees Celsius,D,FLAB,SAMP,MON,SA,G,TEMP,,N,A,0.1,,,FIU,0,25.1504805,-80.8092194,,,,FIU,
FLAB14,FIU15052,7,Temperature,8/22/1996,27.7,Degrees Celsius,D,FLAB,SAMP,MON,SA,G,TEMP,,N,A,0.9,,,FIU,0,25.1504805,-80.8092194,,,,FIU,
FLAB14,FIU15054,7,Temperature,9/14/1996,32.5,Degrees Celsius,D,FLAB,SAMP,MON,SA,G,TEMP,,N,A,0.9,,,FIU,0,25.1504805,-80.8092194,,,,FIU,
FLAB14,FIU15053,7,Temperature,9/14/1996,32.5,Degrees Celsius,D,FLAB,SAMP,MON,SA,G,TEMP,,N,A,0.1,,,FIU,0,25.1504805,-80.8092194,,,,FIU,
FLAB14,FIU15056,7,Temperature,10/15/1996,25,Degrees Celsius,D,FLAB,SAMP,MON,SA,G,TEMP,,N,A,0.9,,,FIU,0,25.1504805,-80.8092194,,,,FIU,
FLAB14,FIU15055,7,Temperature,10/15/1996,25,Degrees Celsius,D,FLAB,SAMP,MON,SA,G,TEMP,,N,A,0.1,,,FIU,0,25.1504805,-80.8092194,,,,FIU,
FLAB14,FIU15058,7,Temperature,11/7/1996,26.3,Degrees Celsius,D,FLAB,SAMP,MON,SA,G,TEMP,,N,A,0.9,,,FIU,0,25.1504805,-80.8092194,,,,FIU,
FLAB14,FIU15057,7,Temperature,11/7/1996,26.3,Degrees Celsius,D,FLAB,SAMP,MON,SA,G,TEMP,,N,A,0.1,,,FIU,0,25.1504805,-80.8092194,,,,FIU,
FLAB14,FIU15060,7,Temperature,12/6/1996,23.9,Degrees Celsius,D,FLAB,SAMP,MON,SA,G,TEMP,,N,A,0.9,,,FIU,0,25.1504805,-80.8092194,,,,FIU,
FLAB14,FIU15059,7,Temperature,12/6/1996,24.9,Degrees Celsius,D,FLAB,SAMP,MON,SA,G,TEMP,,N,A,0.1,,,FIU,0,25.1504805,-80.8092194,,,,FIU,
FLAB14,FIU15061,7,Temperature,1/8/1997,23.7,Degrees Celsius,D,FLAB,SAMP,MON,SA,G,TEMP,,N,A,0.1,,,FIU,0,25.1504805,-80.8092194,,,,FIU,
FLAB14,FIU15062,7,Temperature,1/8/1997,23.6,Degrees Celsius,D,FLAB,SAMP,MON,SA,G,TEMP,,N,A,0.9,,,FIU,0,25.1504805,-80.8092194,,,,FIU,
FLAB14,FIU15063,7,Temperature,2/15/1997,26.6,Degrees Celsius,D,FLAB,SAMP,MON,SA,G,TEMP,,N,A,0.1,,,FIU,0,25.1504805,-80.8092194,,,,FIU,
FLAB14,FIU15064,7,Temperature,2/15/1997,26.6,Degrees Celsius,D,FLAB,SAMP,MON,SA,G,TEMP,,N,A,0.9,,,FIU,0,25.1504805,-80.8092194,,,,FIU,
FLAB14,FIU15065,7,Temperature,3/12/1997,27.8,Degrees Celsius,D,FLAB,SAMP,MON,SA,G,TEMP,,N,A,0.1,,,FIU,0,25.1504805,-80.8092194,,,,FIU,
FLAB14,FIU15066,7,Temperature,3/12/1997,27.8,Degrees Celsius,D,FLAB,SAMP,MON,SA,G,TEMP,,N,A,0.9,,,FIU,0,25.1504805,-80.8092194,,,,FIU,
FLAB14,FIU15067,7,Temperature,4/16/1997,26.5,Degrees Celsius,D,FLAB,SAMP,MON,SA,G,TEMP,,N,A,0.1,,,FIU,0,25.1504805,-80.8092194,,,,FIU,
FLAB14,FIU15068,7,Temperature,4/16/1997,26.5,Degrees Celsius,D,FLAB,SAMP,MON,SA,G,TEMP,,N,A,0.9,,,FIU,0,25.1504805,-80.8092194,,,,FIU,
FLAB14,FIU15069,7,Temperature,5/22/1997,33.9,Degrees Celsius,D,FLAB,SAMP,MON,SA,G,TEMP,,N,A,0.1,,,FIU,0,25.1504805,-80.8092194,,,,FIU,
FLAB14,FIU15070,7,Temperature,5/22/1997,33.9,Degrees Celsius,D,FLAB,SAMP,MON,SA,G,TEMP,,N,A,0.9,,,FIU,0,25.1504805,-80.8092194,,,,FIU,
FLAB14,FIU15071,7,Temperature,6/12/1997,29.6,Degrees Celsius,D,FLAB,SAMP,MON,SA,G,TEMP,,N,A,0.1,,,FIU,0,25.1504805,-80.8092194,,,,FIU,
FLAB14,FIU15072,7,Temperature,6/12/1997,29.6,Degrees Celsius,D,FLAB,SAMP,MON,SA,G,TEMP,,N,A,0.9,,,FIU,0,25.1504805,-80.8092194,,,,FIU,
FLAB14,FIU15074,7,Temperature,8/20/1997,33.3,Degrees Celsius,D,FLAB,SAMP,MON,SA,G,TEMP,,N,A,0.1,,,FIU,0,25.1504805,-80.8092194,,,,FIU,
FLAB14,FIU15075,7,Temperature,8/20/1997,33.3,Degrees Celsius,D,FLAB,SAMP,MON,SA,G,TEMP,,N,A,0.9,,,FIU,0,25.1504805,-80.8092194,,,,FIU,
FLAB14,FIU15076,7,Temperature,9/10/1997,30.7,Degrees Celsius,D,FLAB,SAMP,MON,SA,G,TEMP,,N,A,0.1,,,FIU,0,25.1504805,-80.8092194,,,,FIU,
FLAB14,FIU15077,7,Temperature,9/10/1997,30.5,Degrees Celsius,D,FLAB,SAMP,MON,SA,G,TEMP,,N,A,0.9,,,FIU,0,25.1504805,-80.8092194,,,,FIU,
FLAB14,FIU15078,7,Temperature,10/21/1997,23.3,Degrees Celsius,D,FLAB,SAMP,MON,SA,G,TEMP,,N,A,0.1,,,FIU,0,25.1504805,-80.8092194,,,,FIU,
FLAB14,FIU15079,7,Temperature,10/21/1997,23.3,Degrees Celsius,D,FLAB,SAMP,MON,SA,G,TEMP,,N,A,0.9,,,FIU,0,25.1504805,-80.8092194,,,,FIU,
FLAB14,FIU15080,7,Temperature,11/25/1997,21.6,Degrees Celsius,D,FLAB,SAMP,MON,SA,G,TEMP,,N,A,0.1,,,FIU,0,25.1504805,-80.8092194,,,,FIU,
FLAB14,FIU15081,7,Temperature,11/25/1997,21.6,Degrees Celsius,D,FLAB,SAMP,MON,SA,G,TEMP,,N,A,0.9,,,FIU,0,25.1504805,-80.8092194,,,,FIU,
FLAB14,FIU15082,7,Temperature,12/12/1997,26.5,Degrees Celsius,D,FLAB,SAMP,MON,SA,G,TEMP,,N,A,0.1,,,FIU,0,25.1504805,-80.8092194,,,,FIU,
FLAB14,FIU15083,7,Temperature,12/12/1997,26.5,Degrees Celsius,D,FLAB,SAMP,MON,SA,G,TEMP,,N,A,0.9,,,FIU,0,25.1504805,-80.8092194,,,,FIU,
FLAB14,FIU15084,7,Temperature,1/21/1998,22.5,Degrees Celsius,D,FLAB,SAMP,MON,SA,G,TEMP,,N,A,0.1,,,FIU,0,25.1504805,-80.8092194,,,,FIU,
FLAB14,FIU15085,7,Temperature,1/21/1998,22.7,Degrees Celsius,D,FLAB,SAMP,MON,SA,G,TEMP,,N,A,0.9,,,FIU,0,25.1504805,-80.8092194,,,,FIU,
FLAB14,FIU15086,7,Temperature,2/18/1998,24.6,Degrees Celsius,D,FLAB,SAMP,MON,SA,G,TEMP,,N,A,0.1,,,FIU,0,25.1504805,-80.8092194,,,,FIU,
FLAB14,FIU15087,7,Temperature,2/18/1998,24.6,Degrees Celsius,D,FLAB,SAMP,MON,SA,G,TEMP,,N,A,0.9,,,FIU,0,25.1504805,-80.8092194,,,,FIU,
FLAB14,FIU15088,7,Temperature,3/20/1998,26.3,Degrees Celsius,D,FLAB,SAMP,MON,SA,G,TEMP,,N,A,0.1,,,FIU,0,25.1504805,-80.8092194,,,,FIU,
FLAB14,FIU15089,7,Temperature,3/20/1998,26.3,Degrees Celsius,D,FLAB,SAMP,MON,SA,G,TEMP,,N,A,0.9,,,FIU,0,25.1504805,-80.8092194,,,,FIU,
FLAB14,FIU15090,7,Temperature,4/15/1998,24.8,Degrees Celsius,D,FLAB,SAMP,MON,SA,G,TEMP,,N,A,0.1,,,FIU,0,25.1504805,-80.8092194,,,,FIU,
FLAB14,FIU15091,7,Temperature,4/15/1998,24.8,Degrees Celsius,D,FLAB,SAMP,MON,SA,G,TEMP,,N,A,0.9,,,FIU,0,25.1504805,-80.8092194,,,,FIU,
FLAB14,FIU15092,7,Temperature,5/14/1998,31,Degrees Celsius,D,FLAB,SAMP,MON,SA,G,TEMP,,N,A,0.1,,,FIU,0,25.1504805,-80.8092194,,,,FIU,
FLAB14,FIU15093,7,Temperature,5/14/1998,31,Degrees Celsius,D,FLAB,SAMP,MON,SA,G,TEMP,,N,A,0.9,,,FIU,0,25.1504805,-80.8092194,,,,FIU,
FLAB14,FIU15094,7,Temperature,6/10/1998,31.4,Degrees Celsius,D,FLAB,SAMP,MON,SA,G,TEMP,,N,A,0.1,,,FIU,0,25.1504805,-80.8092194,,,,FIU,
FLAB14,FIU15095,7,Temperature,6/10/1998,31.4,Degrees Celsius,D,FLAB,SAMP,MON,SA,G,TEMP,,N,A,0.9,,,FIU,0,25.1504805,-80.8092194,,,,FIU,
FLAB14,FIU15096,7,Temperature,7/14/1998,30.5,Degrees Celsius,D,FLAB,SAMP,MON,SA,G,TEMP,,N,A,0.1,,,FIU,0,25.1504805,-80.8092194,,,,FIU,
FLAB14,FIU15097,7,Temperature,7/14/1998,30.6,Degrees Celsius,D,FLAB,SAMP,MON,SA,G,TEMP,,N,A,0.9,,,FIU,0,25.1504805,-80.8092194,,,,FIU,
FLAB14,FIU15098,7,Temperature,8/19/1998,32,Degrees Celsius,D,FLAB,SAMP,MON,SA,G,TEMP,,N,A,0.1,,,FIU,0,25.1504805,-80.8092194,,,,FIU,
FLAB14,FIU15099,7,Temperature,8/19/1998,32,Degrees Celsius,D,FLAB,SAMP,MON,SA,G,TEMP,,N,A,0.9,,,FIU,0,25.1504805,-80.8092194,,,,FIU,
FLAB14,FIU15100,7,Temperature,9/17/1998,28.3,Degrees Celsius,D,FLAB,SAMP,MON,SA,G,TEMP,,N,A,0.1,,,FIU,0,25.1504805,-80.8092194,,,,FIU,
FLAB14,FIU15101,7,Temperature,9/17/1998,28.3,Degrees Celsius,D,FLAB,SAMP,MON,SA,G,TEMP,,N,A,0.9,,,FIU,0,25.1504805,-80.8092194,,,,FIU,
FLAB14,FIU15102,7,Temperature,9/30/1998,30.4,Degrees Celsius,D,FLAB,SAMP,MON,SA,G,TEMP,,N,A,0.1,,,FIU,0,25.1504805,-80.8092194,,,,FIU,
FLAB14,FIU15103,7,Temperature,9/30/1998,30.4,Degrees Celsius,D,FLAB,SAMP,MON,SA,G,TEMP,,N,A,0.9,,,FIU,0,25.1504805,-80.8092194,,,,FIU,
FLAB14,FIU15104,7,Temperature,11/3/1998,25.7,Degrees Celsius,D,FLAB,SAMP,MON,SA,G,TEMP,,N,A,0.1,,,FIU,0,25.1504805,-80.8092194,,,,FIU,
FLAB14,FIU15105,7,Temperature,11/3/1998,25.7,Degrees Celsius,D,FLAB,SAMP,MON,SA,G,TEMP,,N,A,0.9,,,FIU,0,25.1504805,-80.8092194,,,,FIU,
FLAB14,FIU15106,7,Temperature,12/1/1998,25.4,Degrees Celsius,D,FLAB,SAMP,MON,SA,G,TEMP,,N,A,0.1,,,FIU,0,25.1504805,-80.8092194,,,,FIU,
FLAB14,FIU15107,7,Temperature,12/1/1998,25.4,Degrees Celsius,D,FLAB,SAMP,MON,SA,G,TEMP,,N,A,0.9,,,FIU,0,25.1504805,-80.8092194,,,,FIU,
FLAB14,FIU15108,7,Temperature,1/14/1999,21.6,Degrees Celsius,D,FLAB,SAMP,MON,SA,G,TEMP,,N,A,0.1,,,FIU,0,25.1504805,-80.8092194,,,,FIU,
FLAB14,FIU15109,7,Temperature,1/14/1999,21.6,Degrees Celsius,D,FLAB,SAMP,MON,SA,G,TEMP,,N,A,0.9,,,FIU,0,25.1504805,-80.8092194,,,,FIU,
FLAB14,FIU15110,7,Temperature,2/10/1999,26.7,Degrees Celsius,D,FLAB,SAMP,MON,SA,G,TEMP,,N,A,0.1,,,FIU,0,25.1504805,-80.8092194,,,,FIU,
FLAB14,FIU15111,7,Temperature,2/10/1999,26.7,Degrees Celsius,D,FLAB,SAMP,MON,SA,G,TEMP,,N,A,0.9,,,FIU,0,25.1504805,-80.8092194,,,,FIU,
FLAB14,FIU15112,7,Temperature,3/23/1999,25.2,Degrees Celsius,D,FLAB,SAMP,MON,SA,G,TEMP,,N,A,0.1,,,FIU,0,25.1504805,-80.8092194,,,,FIU,
FLAB14,FIU15113,7,Temperature,3/23/1999,25.2,Degrees Celsius,D,FLAB,SAMP,MON,SA,G,TEMP,,N,A,0.9,,,FIU,0,25.1504805,-80.8092194,,,,FIU,
FLAB14,FIU15114,7,Temperature,4/29/1999,29.1,Degrees Celsius,D,FLAB,SAMP,MON,SA,G,TEMP,,N,A,0.1,,,FIU,0,25.1504805,-80.8092194,,,,FIU,
FLAB14,FIU15115,7,Temperature,4/29/1999,29.1,Degrees Celsius,D,FLAB,SAMP,MON,SA,G,TEMP,,N,A,0.9,,,FIU,0,25.1504805,-80.8092194,,,,FIU,
FLAB14,FIU15116,7,Temperature,5/28/1999,30.1,Degrees Celsius,D,FLAB,SAMP,MON,SA,G,TEMP,,N,A,0.1,,,FIU,0,25.1504805,-80.8092194,,,,FIU,
FLAB14,FIU15117,7,Temperature,5/28/1999,30.1,Degrees Celsius,D,FLAB,SAMP,MON,SA,G,TEMP,,N,A,0.9,,,FIU,0,25.1504805,-80.8092194,,,,FIU,
FLAB14,FIU15119,7,Temperature,6/17/1999,29.3,Degrees Celsius,D,FLAB,SAMP,MON,SA,G,TEMP,,N,A,0.9,,,FIU,0,25.1504805,-80.8092194,,,,FIU,
FLAB14,FIU15118,7,Temperature,6/17/1999,29.3,Degrees Celsius,D,FLAB,SAMP,MON,SA,G,TEMP,,N,A,0.1,,,FIU,0,25.1504805,-80.8092194,,,,FIU,
FLAB14,FIU15120,7,Temperature,7/6/1999,30.3,Degrees Celsius,D,FLAB,SAMP,MON,SA,G,TEMP,,N,A,0.1,,,FIU,0,25.1504805,-80.8092194,,,,FIU,
FLAB14,FIU15121,7,Temperature,7/6/1999,30.3,Degrees Celsius,D,FLAB,SAMP,MON,SA,G,TEMP,,N,A,0.9,,,FIU,0,25.1504805,-80.8092194,,,,FIU,
FLAB14,FIU15122,7,Temperature,8/24/1999,31.2,Degrees Celsius,D,FLAB,SAMP,MON,SA,G,TEMP,,N,A,0.1,,,FIU,0,25.1504805,-80.8092194,,,,FIU,
FLAB14,FIU15123,7,Temperature,8/24/1999,31.2,Degrees Celsius,D,FLAB,SAMP,MON,SA,G,TEMP,,N,A,0.9,,,FIU,0,25.1504805,-80.8092194,,,,FIU,
FLAB14,FIU15124,7,Temperature,9/23/1999,28.6,Degrees Celsius,D,FLAB,SAMP,MON,SA,G,TEMP,,N,A,0.1,,,FIU,0,25.1504805,-80.8092194,,,,FIU,
FLAB14,FIU15125,7,Temperature,9/23/1999,28.6,Degrees Celsius,D,FLAB,SAMP,MON,SA,G,TEMP,,N,A,0.9,,,FIU,0,25.1504805,-80.8092194,,,,FIU,
FLAB14,FIU15126,7,Temperature,10/26/1999,23.7,Degrees Celsius,D,FLAB,SAMP,MON,SA,G,TEMP,,N,A,0.1,,,FIU,0,25.1504805,-80.8092194,,,,FIU,
FLAB14,FIU15127,7,Temperature,10/26/1999,23.6,Degrees Celsius,D,FLAB,SAMP,MON,SA,G,TEMP,,N,A,0.9,,,FIU,0,25.1504805,-80.8092194,,,,FIU,
FLAB14,FIU15128,7,Temperature,11/12/1999,24,Degrees Celsius,D,FLAB,SAMP,MON,SA,G,TEMP,,N,A,0.1,,,FIU,0,25.1504805,-80.8092194,,,,FIU,
FLAB14,FIU15129,7,Temperature,11/12/1999,24,Degrees Celsius,D,FLAB,SAMP,MON,SA,G,TEMP,,N,A,0.9,,,FIU,0,25.1504805,-80.8092194,,,,FIU,
FLAB14,FIU15130,7,Temperature,12/3/1999,16.9,Degrees Celsius,D,FLAB,SAMP,MON,SA,G,TEMP,,N,A,0.1,,,FIU,0,25.1504805,-80.8092194,,,,FIU,
FLAB14,FIU15131,7,Temperature,12/3/1999,16.9,Degrees Celsius,D,FLAB,SAMP,MON,SA,G,TEMP,,N,A,0.9,,,FIU,0,25.1504805,-80.8092194,,,,FIU,
FLAB14,FIU15132,7,Temperature,1/25/2000,17.5,Degrees Celsius,D,FLAB,SAMP,MON,SA,G,TEMP,,N,A,0.1,,,FIU,0,25.1504805,-80.8092194,,,,FIU,
FLAB14,FIU15133,7,Temperature,1/25/2000,17.5,Degrees Celsius,D,FLAB,SAMP,MON,SA,G,TEMP,,N,A,0.9,,,FIU,0,25.1504805,-80.8092194,,,,FIU,
FLAB14,FIU15134,7,Temperature,2/28/2000,26.1,Degrees Celsius,D,FLAB,SAMP,MON,SA,G,TEMP,,N,A,0.1,,,FIU,0,25.1504805,-80.8092194,,,,FIU,
FLAB14,FIU15135,7,Temperature,2/28/2000,26.1,Degrees Celsius,D,FLAB,SAMP,MON,SA,G,TEMP,,N,A,0.9,,,FIU,0,25.1504805,-80.8092194,,,,FIU,
FLAB14,FIU15136,7,Temperature,3/21/2000,26.2,Degrees Celsius,D,FLAB,SAMP,MON,SA,G,TEMP,,N,A,0.1,,,FIU,0,25.1504805,-80.8092194,,,,FIU,
FLAB14,FIU15137,7,Temperature,3/21/2000,25.9,Degrees Celsius,D,FLAB,SAMP,MON,SA,G,TEMP,,N,A,0.9,,,FIU,0,25.1504805,-80.8092194,,,,FIU,
FLAB14,FIU15138,7,Temperature,4/13/2000,27.8,Degrees Celsius,,FLAB,SAMP,MON,SA,G,TEMP,,N,A,0.1,,,FIU,0,25.1504805,-80.8092194,,,,FIU,
FLAB14,FIU15139,7,Temperature,4/13/2000,27.8,Degrees Celsius,,FLAB,SAMP,MON,SA,G,TEMP,,N,A,0.9,,,FIU,0,25.1504805,-80.8092194,,,,FIU,
FLAB14,FIU15140,7,Temperature,5/30/2000,29.8,Degrees Celsius,,FLAB,SAMP,MON,SA,G,TEMP,,N,A,0.1,,,FIU,0,25.1504805,-80.8092194,,,,FIU,
FLAB14,FIU15141,7,Temperature,5/30/2000,29.7,Degrees Celsius,,FLAB,SAMP,MON,SA,G,TEMP,,N,A,0.9,,,FIU,0,25.1504805,-80.8092194,,,,FIU,
FLAB14,FIU15142,7,Temperature,6/20/2000,31.1,Degrees Celsius,D,FLAB,SAMP,MON,SA,G,TEMP,,N,A,0.1,,,FIU,0,25.1504805,-80.8092194,,,,FIU,
FLAB14,FIU15143,7,Temperature,6/20/2000,31.1,Degrees Celsius,D,FLAB,SAMP,MON,SA,G,TEMP,,N,A,0.9,,,FIU,0,25.1504805,-80.8092194,,,,FIU,
FLAB14,FIU15144,7,Temperature,7/20/2000,33.5,Degrees Celsius,D,FLAB,SAMP,MON,SA,G,TEMP,,N,A,0.1,,,FIU,0,25.1504805,-80.8092194,,,,FIU,
FLAB14,FIU15145,7,Temperature,7/20/2000,33.3,Degrees Celsius,D,FLAB,SAMP,MON,SA,G,TEMP,,N,A,0.9,,,FIU,0,25.1504805,-80.8092194,,,,FIU,
FLAB14,FIU15146,7,Temperature,8/29/2000,30.4,Degrees Celsius,D,FLAB,SAMP,MON,SA,G,TEMP,,N,A,0.1,,,FIU,0,25.1504805,-80.8092194,,,,FIU,
FLAB14,FIU15147,7,Temperature,8/29/2000,30.5,Degrees Celsius,D,FLAB,SAMP,MON,SA,G,TEMP,,N,A,0.9,,,FIU,0,25.1504805,-80.8092194,,,,FIU,
FLAB14,FIU15148,7,Temperature,9/29/2000,31.3,Degrees Celsius,D,FLAB,SAMP,MON,SA,G,TEMP,,N,A,0.1,,,FIU,0,25.1504805,-80.8092194,,,,FIU,
FLAB14,FIU15149,7,Temperature,9/29/2000,31.3,Degrees Celsius,D,FLAB,SAMP,MON,SA,G,TEMP,,N,A,0.9,,,FIU,0,25.1504805,-80.8092194,,,,FIU,
FLAB14,FIU15150,7,Temperature,10/26/2000,23.5,Degrees Celsius,D,FLAB,SAMP,MON,SA,G,TEMP,,N,A,0.1,,,FIU,0,25.1504805,-80.8092194,,,,FIU,
FLAB14,FIU15151,7,Temperature,10/26/2000,23.5,Degrees Celsius,D,FLAB,SAMP,MON,SA,G,TEMP,,N,A,0.9,,,FIU,0,25.1504805,-80.8092194,,,,FIU,
FLAB14,FIU15152,7,Temperature,11/30/2000,21.6,Degrees Celsius,D,FLAB,SAMP,MON,SA,G,TEMP,,N,A,0.1,,,FIU,0,25.1504805,-80.8092194,,,,FIU,
FLAB14,FIU15153,7,Temperature,11/30/2000,21.6,Degrees Celsius,D,FLAB,SAMP,MON,SA,G,TEMP,,N,A,0.9,,,FIU,0,25.1504805,-80.8092194,,,,FIU,
FLAB14,FIU15154,7,Temperature,12/11/2000,23.1,Degrees Celsius,D,FLAB,SAMP,MON,SA,G,TEMP,,N,A,0.1,,,FIU,0,25.1504805,-80.8092194,,,,FIU,
FLAB14,FIU15155,7,Temperature,12/11/2000,23.1,Degrees Celsius,D,FLAB,SAMP,MON,SA,G,TEMP,,N,A,0.9,,,FIU,0,25.1504805,-80.8092194,,,,FIU,
FLAB14,FIU15156,7,Temperature,1/25/2001,13.9,Degrees Celsius,D,FLAB,SAMP,MON,SA,G,TEMP,,N,A,0.1,,,FIU,0,25.1504805,-80.8092194,,,,FIU,
FLAB14,FIU15157,7,Temperature,1/25/2001,13.9,Degrees Celsius,D,FLAB,SAMP,MON,SA,G,TEMP,,N,A,0.9,,,FIU,0,25.1504805,-80.8092194,,,,FIU,
FLAB14,FIU15158,7,Temperature,2/21/2001,22.9,Degrees Celsius,D,FLAB,SAMP,MON,SA,G,TEMP,,N,A,0.1,,,FIU,0,25.1504805,-80.8092194,,,,FIU,
FLAB14,FIU15159,7,Temperature,2/21/2001,23,Degrees Celsius,D,FLAB,SAMP,MON,SA,G,TEMP,,N,A,0.9,,,FIU,0,25.1504805,-80.8092194,,,,FIU,
FLAB14,FIU15160,7,Temperature,3/6/2001,18.2,Degrees Celsius,D,FLAB,SAMP,MON,SA,G,TEMP,,N,A,0.1,,,FIU,0,25.1504805,-80.8092194,,,,FIU,
FLAB14,FIU15161,7,Temperature,3/6/2001,18.2,Degrees Celsius,D,FLAB,SAMP,MON,SA,G,TEMP,,N,A,0.9,,,FIU,0,25.1504805,-80.8092194,,,,FIU,
FLAB14,FIU15162,7,Temperature,4/3/2001,23.3,Degrees Celsius,D,FLAB,SAMP,MON,SA,G,TEMP,,N,A,0.1,,,FIU,0,25.1504805,-80.8092194,,,,FIU,
FLAB14,FIU15163,7,Temperature,4/3/2001,23.3,Degrees Celsius,D,FLAB,SAMP,MON,SA,G,TEMP,,N,A,0.9,,,FIU,0,25.1504805,-80.8092194,,,,FIU,
FLAB14,FIU15164,7,Temperature,5/2/2001,25.2,Degrees Celsius,D,FLAB,SAMP,MON,SA,G,TEMP,,N,A,0.1,,,FIU,0,25.1504805,-80.8092194,,,,FIU,
FLAB14,FIU15165,7,Temperature,5/2/2001,25.2,Degrees Celsius,D,FLAB,SAMP,MON,SA,G,TEMP,,N,A,0.9,,,FIU,0,25.1504805,-80.8092194,,,,FIU,
FLAB14,FIU110785,7,Temperature,6/5/2001,99,Degrees Celsius,D,FLAB,SAMP,MON,SA,G,TEMP,,Y,A,0.9,,,FIU,0,25.1504805,-80.8092194,,,,FIU,
FLAB14,FIU110784,7,Temperature,6/5/2001,99,Degrees Celsius,D,FLAB,SAMP,MON,SA,G,TEMP,,Y,A,0.1,,,FIU,0,25.1504805,-80.8092194,,,,FIU,
FLAB14,FIU15167,7,Temperature,7/12/2001,31.8,Degrees Celsius,D,FLAB,SAMP,MON,SA,G,TEMP,,N,A,0.9,,,FIU,0,25.1504805,-80.8092194,,,,FIU,
FLAB14,FIU15166,7,Temperature,7/12/2001,31.9,Degrees Celsius,D,FLAB,SAMP,MON,SA,G,TEMP,,N,A,0.1,,,FIU,0,25.1504805,-80.8092194,,,,FIU,
FLAB14,FIU15169,7,Temperature,8/14/2001,31.7,Degrees Celsius,D,FLAB,SAMP,MON,SA,G,TEMP,,N,A,0.9,,,FIU,0,25.1504805,-80.8092194,,,,FIU,
FLAB14,FIU15168,7,Temperature,8/14/2001,31.7,Degrees Celsius,D,FLAB,SAMP,MON,SA,G,TEMP,,N,A,0.1,,,FIU,0,25.1504805,-80.8092194,,,,FIU,
FLAB14,FIU15171,7,Temperature,9/5/2001,30.2,Degrees Celsius,D,FLAB,SAMP,MON,SA,G,TEMP,,N,A,0.9,,,FIU,0,25.1504805,-80.8092194,,,,FIU,
FLAB14,FIU15170,7,Temperature,9/5/2001,30.1,Degrees Celsius,D,FLAB,SAMP,MON,SA,G,TEMP,,N,A,0.1,,,FIU,0,25.1504805,-80.8092194,,,,FIU,
FLAB14,FIU110487,7,Temperature,10/23/2001,28.4,Degrees Celsius,D,FLAB,SAMP,MON,SA,G,TEMP,,N,A,0.9,,,FIU,0,25.1504805,-80.8092194,,,,FIU,
FLAB14,FIU110486,7,Temperature,10/23/2001,28.4,Degrees Celsius,D,FLAB,SAMP,MON,SA,G,TEMP,,N,A,0.1,,,FIU,0,25.1504805,-80.8092194,,,,FIU,
FLAB14,FIU110488,7,Temperature,11/8/2001,21.8,Degrees Celsius,D,FLAB,SAMP,MON,SA,G,TEMP,,N,A,0.1,,,FIU,0,25.1504805,-80.8092194,,,,FIU,
FLAB14,FIU110489,7,Temperature,11/8/2001,21.8,Degrees Celsius,D,FLAB,SAMP,MON,SA,G,TEMP,,N,A,0.9,,,FIU,0,25.1504805,-80.8092194,,,,FIU,
FLAB14,FIU110491,7,Temperature,12/3/2001,24.9,Degrees Celsius,D,FLAB,SAMP,MON,SA,G,TEMP,,N,A,0.9,,,FIU,0,25.1504805,-80.8092194,,,,FIU,
FLAB14,FIU110490,7,Temperature,12/3/2001,24.9,Degrees Celsius,D,FLAB,SAMP,MON,SA,G,TEMP,,N,A,0.1,,,FIU,0,25.1504805,-80.8092194,,,,FIU,
FLAB14,FIU113118,7,Temperature,1/29/2002,26.2,Degrees Celsius,D,FLAB,SAMP,MON,SA,G,TEMP,,N,A,0.1,,,FIU,0,25.1504805,-80.8092194,,,,FIU,
FLAB14,FIU113119,7,Temperature,1/29/2002,26.3,Degrees Celsius,D,FLAB,SAMP,MON,SA,G,TEMP,,N,A,0.9,,,FIU,0,25.1504805,-80.8092194,,,,FIU,
FLAB14,FIU113120,7,Temperature,2/20/2002,21.2,Degrees Celsius,D,FLAB,SAMP,MON,SA,G,TEMP,,N,A,0.1,,,FIU,0,25.1504805,-80.8092194,,,,FIU,
FLAB14,FIU113121,7,Temperature,2/20/2002,21.2,Degrees Celsius,D,FLAB,SAMP,MON,SA,G,TEMP,,N,A,0.9,,,FIU,0,25.1504805,-80.8092194,,,,FIU,
FLAB14,FIU113122,7,Temperature,3/19/2002,27.3,Degrees Celsius,D,FLAB,SAMP,MON,SA,G,TEMP,,N,A,0.1,,,FIU,0,25.1504805,-80.8092194,,,,FIU,
FLAB14,FIU113123,7,Temperature,3/19/2002,27.3,Degrees Celsius,D,FLAB,SAMP,MON,SA,G,TEMP,,N,A,0.9,,,FIU,0,25.1504805,-80.8092194,,,,FIU,
FLAB14,134014,7,Temperature,4/9/2002,25.4,Degrees Celsius,,FLAB,SAMP,MON,SA,G,TEMP,,N,A,0.1,,,FIU,0,25.1504805,-80.8092194,,,,FIU,
FLAB14,134014B,7,Temperature,4/9/2002,25.4,Degrees Celsius,,FLAB,SAMP,MON,SA,G,TEMP,,N,A,0.9,,,FIU,0,25.1504805,-80.8092194,,,,FIU,
FLAB14,135014B,7,Temperature,5/15/2002,31.1,Degrees Celsius,D,FLAB,SAMP,MON,SA,G,TEMP,,N,A,0.9,,,FIU,0,25.1504805,-80.8092194,,,,FIU,
FLAB14,135014,7,Temperature,5/15/2002,31.2,Degrees Celsius,D,FLAB,SAMP,MON,SA,G,TEMP,,N,A,0.1,,,FIU,0,25.1504805,-80.8092194,,,,FIU,
FLAB14,136014,7,Temperature,6/4/2002,30.7,Degrees Celsius,D,FLAB,SAMP,MON,SA,G,TEMP,,N,A,0.1,,,FIU,0,25.1504805,-80.8092194,,,,FIU,
FLAB14,136014B,7,Temperature,6/4/2002,30.7,Degrees Celsius,D,FLAB,SAMP,MON,SA,G,TEMP,,N,A,0.9,,,FIU,0,25.1504805,-80.8092194,,,,FIU,
FLAB14,137014,7,Temperature,7/11/2002,27.7,Degrees Celsius,D,FLAB,SAMP,MON,SA,G,TEMP,,N,A,0.1,,,FIU,0,25.1504805,-80.8092194,,,,FIU,
FLAB14,137014B,7,Temperature,7/11/2002,27.6,Degrees Celsius,D,FLAB,SAMP,MON,SA,G,TEMP,,N,A,0.9,,,FIU,0,25.1504805,-80.8092194,,,,FIU,
FLAB14,138014B,7,Temperature,8/19/2002,32.6,Degrees Celsius,D,FLAB,SAMP,MON,SA,G,TEMP,,N,A,0.9,,,FIU,0,25.1504805,-80.8092194,,,,FIU,
FLAB14,138014,7,Temperature,8/19/2002,32.6,Degrees Celsius,D,FLAB,SAMP,MON,SA,G,TEMP,,N,A,0.1,,,FIU,0,25.1504805,-80.8092194,,,,FIU,
FLAB14,139014B,7,Temperature,9/17/2002,30.4,Degrees Celsius,D,FLAB,SAMP,MON,SA,G,TEMP,,N,A,0.9,,,FIU,0,25.1504805,-80.8092194,,,,FIU,
FLAB14,139014,7,Temperature,9/17/2002,30.3,Degrees Celsius,D,FLAB,SAMP,MON,SA,G,TEMP,,N,A,0.1,,,FIU,0,25.1504805,-80.8092194,,,,FIU,
FLAB14,140014B,7,Temperature,10/17/2002,26.1,Degrees Celsius,D,FLAB,SAMP,MON,SA,G,TEMP,,N,A,0.9,,,FIU,0,25.1504805,-80.8092194,,,,FIU,
FLAB14,140014,7,Temperature,10/17/2002,26,Degrees Celsius,D,FLAB,SAMP,MON,SA,G,TEMP,,N,A,0.1,,,FIU,0,25.1504805,-80.8092194,,,,FIU,
FLAB14,141014,7,Temperature,11/14/2002,20.3,Degrees Celsius,D,FLAB,SAMP,MON,SA,G,TEMP,,N,A,0.1,,,FIU,0,25.1504805,-80.8092194,,,,FIU,
FLAB14,141014B,7,Temperature,11/14/2002,20.3,Degrees Celsius,D,FLAB,SAMP,MON,SA,G,TEMP,,N,A,0.9,,,FIU,0,25.1504805,-80.8092194,,,,FIU,
FLAB14,142014,7,Temperature,12/11/2002,24.9,Degrees Celsius,D,FLAB,SAMP,MON,SA,G,TEMP,,N,A,0.1,,,FIU,0,25.1504805,-80.8092194,,,,FIU,
FLAB14,142014B,7,Temperature,12/11/2002,24.9,Degrees Celsius,D,FLAB,SAMP,MON,SA,G,TEMP,,N,A,0.9,,,FIU,0,25.1504805,-80.8092194,,,,FIU,
FLAB14,143014,7,Temperature,1/28/2003,13.8,Degrees Celsius,D,FLAB,SAMP,MON,SA,G,TEMP,,N,A,0.1,,,FIU,0,25.1504805,-80.8092194,,,,FIU,
FLAB14,143014B,7,Temperature,1/28/2003,13.8,Degrees Celsius,D,FLAB,SAMP,MON,SA,G,TEMP,,N,A,0.9,,,FIU,0,25.1504805,-80.8092194,,,,FIU,
FLAB14,144014,7,Temperature,2/25/2003,25.2,Degrees Celsius,D,FLAB,SAMP,MON,SA,G,TEMP,,N,A,0.1,,,FIU,0,25.1504805,-80.8092194,,,,FIU,
FLAB14,144014B,7,Temperature,2/25/2003,25.3,Degrees Celsius,D,FLAB,SAMP,MON,SA,G,TEMP,,N,A,0.9,,,FIU,0,25.1504805,-80.8092194,,,,FIU,
FLAB14,145014,7,Temperature,3/13/2003,29.2,Degrees Celsius,D,FLAB,SAMP,MON,SA,G,TEMP,,N,A,0.1,,,FIU,0,25.1504805,-80.8092194,,,,FIU,
FLAB14,145014B,7,Temperature,3/13/2003,29.2,Degrees Celsius,D,FLAB,SAMP,MON,SA,G,TEMP,,N,A,0.9,,,FIU,0,25.1504805,-80.8092194,,,,FIU,
FLAB14,146014,7,Temperature,4/9/2003,26.5,Degrees Celsius,D,FLAB,SAMP,MON,SA,G,TEMP,,N,A,0.1,,,FIU,0,25.1504805,-80.8092194,,,,FIU,
FLAB14,146014B,7,Temperature,4/9/2003,26.5,Degrees Celsius,D,FLAB,SAMP,MON,SA,G,TEMP,,N,A,0.9,,,FIU,0,25.1504805,-80.8092194,,,,FIU,
FLAB14,147014,7,Temperature,5/8/2003,29.3,Degrees Celsius,D,FLAB,SAMP,MON,SA,G,TEMP,,N,A,0.1,,,FIU,0,25.1504805,-80.8092194,,,,FIU,
FLAB14,147014B,7,Temperature,5/8/2003,29.3,Degrees Celsius,D,FLAB,SAMP,MON,SA,G,TEMP,,N,A,0.9,,,FIU,0,25.1504805,-80.8092194,,,,FIU,
FLAB14,148014,7,Temperature,6/10/2003,30.6,Degrees Celsius,D,FLAB,SAMP,MON,SA,G,TEMP,,N,A,0.1,,,FIU,0,25.1504805,-80.8092194,,,,FIU,
FLAB14,148014B,7,Temperature,6/10/2003,30.6,Degrees Celsius,D,FLAB,SAMP,MON,SA,G,TEMP,,N,A,0.9,,,FIU,0,25.1504805,-80.8092194,,,,FIU,
FLAB14,149014,7,Temperature,7/1/2003,29.9,Degrees Celsius,D,FLAB,SAMP,MON,SA,G,TEMP,,N,A,0.1,,,FIU,0,25.1504805,-80.8092194,,,,FIU,
FLAB14,149014B,7,Temperature,7/1/2003,29.9,Degrees Celsius,D,FLAB,SAMP,MON,SA,G,TEMP,,N,A,0.9,,,FIU,0,25.1504805,-80.8092194,,,,FIU,
FLAB14,150014,7,Temperature,8/25/2003,31.6,Degrees Celsius,D,FLAB,SAMP,MON,SA,G,TEMP,,N,A,0.1,,,FIU,0,25.1504805,-80.8092194,,,,FIU,
FLAB14,150014B,7,Temperature,8/25/2003,31.6,Degrees Celsius,D,FLAB,SAMP,MON,SA,G,TEMP,,N,A,0.9,,,FIU,0,25.1504805,-80.8092194,,,,FIU,
FLAB14,151014,7,Temperature,9/9/2003,29.7,Degrees Celsius,D,FLAB,SAMP,MON,SA,G,TEMP,,N,A,0.1,,,FIU,0,25.1504805,-80.8092194,,,,FIU,
FLAB14,151014B,7,Temperature,9/9/2003,29.7,Degrees Celsius,D,FLAB,SAMP,MON,SA,G,TEMP,,N,A,0.9,,,FIU,0,25.1504805,-80.8092194,,,,FIU,
FLAB14,152014,7,Temperature,10/15/2003,29.8,Degrees Celsius,D,FLAB,SAMP,MON,SA,G,TEMP,,N,A,0.1,,,FIU,0,25.1504805,-80.8092194,,,,FIU,
FLAB14,152014B,7,Temperature,10/15/2003,29.8,Degrees Celsius,D,FLAB,SAMP,MON,SA,G,TEMP,,N,A,0.9,,,FIU,0,25.1504805,-80.8092194,,,,FIU,
FLAB14,153014,7,Temperature,11/7/2003,26.8,Degrees Celsius,D,FLAB,SAMP,MON,SA,G,TEMP,,N,A,0.1,,,FIU,0,25.1504805,-80.8092194,,,,FIU,
FLAB14,153014B,7,Temperature,11/7/2003,26.8,Degrees Celsius,D,FLAB,SAMP,MON,SA,G,TEMP,,N,A,0.9,,,FIU,0,25.1504805,-80.8092194,,,,FIU,
FLAB14,154014,7,Temperature,12/3/2003,20,Degrees Celsius,D,FLAB,SAMP,MON,SA,G,TEMP,,N,A,0.1,,,FIU,0,25.1504805,-80.8092194,,,,FIU,
FLAB14,154014B,7,Temperature,12/3/2003,20,Degrees Celsius,D,FLAB,SAMP,MON,SA,G,TEMP,,N,A,0.9,,,FIU,0,25.1504805,-80.8092194,,,,FIU,
FLAB14,155014,7,Temperature,1/21/2004,18.1,Degrees Celsius,D,FLAB,SAMP,MON,SA,G,TEMP,,N,A,0.1,,,FIU,0,25.1504805,-80.8092194,,,,FIU,
FLAB14,156014,7,Temperature,2/24/2004,25.3,Degrees Celsius,D,FLAB,SAMP,MON,SA,G,TEMP,,N,A,0.1,,,FIU,0,25.1504805,-80.8092194,,,,FIU,
FLAB14,157014,7,Temperature,3/23/2004,23.7,Degrees Celsius,D,FLAB,SAMP,MON,SA,G,TEMP,,N,A,0.1,,,FIU,0,25.1504805,-80.8092194,,,,FIU,
FLAB14,FB188FB014UA,7,Temperature,10/9/2006,28.01,Degrees Celsius,,FLAB,SAMP,MON,SA,G,TEMP,,N,A,0,,,FIU,0,25.1504805,-80.8092194,,,BA,WMD,
FLAB14,FB188FB014UAB,7,Temperature,10/9/2006,28.01,Degrees Celsius,,FLAB,SAMP,MON,SA,G,TEMP,,N,A,0,,,FIU,0,25.1504805,-80.8092194,,,BA,WMD,Measurements done close to the bottom.
FLAB14,FB189FB014UA,7,Temperature,11/7/2006,25.51,Degrees Celsius,,FLAB,SAMP,MON,SA,G,TEMP,,N,A,0,,,FIU,0,25.1504805,-80.8092194,,,BA,WMD,
FLAB14,FB189FB014UAB,7,Temperature,11/7/2006,25.5,Degrees Celsius,,FLAB,SAMP,MON,SA,G,TEMP,,N,A,0,,,FIU,0,25.1504805,-80.8092194,,,BA,WMD,Measurements done close to the bottom.
FLAB14,FB190FB014UA,7,Temperature,12/3/2006,26.77,Degrees Celsius,,FLAB,SAMP,MON,SA,G,TEMP,,N,A,0,,,FIU,0,25.1504805,-80.8092194,,,BA,WMD,
FLAB14,FB190FB014UAB,7,Temperature,12/3/2006,26.97,Degrees Celsius,,FLAB,SAMP,MON,SA,G,TEMP,,N,A,0,,,FIU,0,25.1504805,-80.8092194,,,BA,WMD,Measurements done close to the bottom.
FLAB14,FB191FB014UA,7,Temperature,1/11/2007,18.04,Degrees Celsius,,FLAB,SAMP,MON,SA,G,TEMP,,N,A,0,,,FIU,0,25.1504805,-80.8092194,,,BA,WMD,
FLAB14,FB191FB014UAB,7,Temperature,1/11/2007,18.01,Degrees Celsius,,FLAB,SAMP,MON,SA,G,TEMP,,N,A,0,,,FIU,0,25.1504805,-80.8092194,,,BA,WMD,Measurements done close to the bottom.
FLAB14,FB192FB014UA,7,Temperature,2/7/2007,19.8,Degrees Celsius,,FLAB,SAMP,MON,SA,G,TEMP,,N,A,0,,,FIU,0,25.1504805,-80.8092194,,,BA,WMD,
FLAB14,FB192FB014UAB,7,Temperature,2/7/2007,19.39,Degrees Celsius,,FLAB,SAMP,MON,SA,G,TEMP,,N,A,0,,,FIU,0,25.1504805,-80.8092194,,,BA,WMD,Measurements done close to the bottom.
FLAB14,FB193FB014UA,7,Temperature,3/12/2007,24.11,Degrees Celsius,,FLAB,SAMP,MON,SA,G,TEMP,,N,A,0,,,FIU,0,25.1504805,-80.8092194,,,BA,WMD,
FLAB14,FB193FB014UAB,7,Temperature,3/12/2007,24.11,Degrees Celsius,,FLAB,SAMP,MON,SA,G,TEMP,,N,A,0,,,FIU,0,25.1504805,-80.8092194,,,BA,WMD,Measurements done close to the bottom.
FLAB14,FB194FB014UA,7,Temperature,4/3/2007,24.83,Degrees Celsius,,FLAB,SAMP,MON,SA,G,TEMP,,N,A,0,,,FIU,0,25.1504805,-80.8092194,,,BA,WMD,
FLAB14,FB194FB014UAB,7,Temperature,4/3/2007,24.83,Degrees Celsius,,FLAB,SAMP,MON,SA,G,TEMP,,N,A,0,,,FIU,0,25.1504805,-80.8092194,,,BA,WMD,Measurements done close to the bottom.
FLAB14,FB195FB014UA,7,Temperature,5/1/2007,28.9,Degrees Celsius,,FLAB,SAMP,MON,SA,G,TEMP,,N,A,0,,,FIU,0,25.1504805,-80.8092194,,,BA,WMD,
FLAB14,FB195FB014UAB,7,Temperature,5/1/2007,28.92,Degrees Celsius,,FLAB,SAMP,MON,SA,G,TEMP,,N,A,0,,,FIU,0,25.1504805,-80.8092194,,,BA,WMD,Measurements done close to the bottom.
FLAB14,FB196FB014UA,7,Temperature,6/6/2007,29.45,Degrees Celsius,,FLAB,SAMP,MON,SA,G,TEMP,,N,A,0,,,FIU,0,25.1504805,-80.8092194,,,BA,WMD,
FLAB14,FB196FB014UAB,7,Temperature,6/6/2007,29.45,Degrees Celsius,,FLAB,SAMP,MON,SA,G,TEMP,,N,A,0,,,FIU,0,25.1504805,-80.8092194,,,BA,WMD,Measurements done close to the bottom.
FLAB14,FB197FB014UA,7,Temperature,7/3/2007,32.06,Degrees Celsius,A,FLAB,SAMP,MON,SA,G,TEMP,,N,A,0,,,FIU,0,25.1504805,-80.8092194,,,BA,WMD,
FLAB14,FB197FB014UAB,7,Temperature,7/3/2007,32.06,Degrees Celsius,A,FLAB,SAMP,MON,SA,G,TEMP,,N,A,0,,,FIU,0,25.1504805,-80.8092194,,,BA,WMD,Measurements done close to the bottom.
FLAB14,FB198FB014UA,7,Temperature,8/7/2007,30.73,Degrees Celsius,A,FLAB,SAMP,MON,SA,G,TEMP,,N,A,0,,,FIU,0,25.1504805,-80.8092194,,,BA,WMD,
FLAB14,FB198FB014UAB,7,Temperature,8/7/2007,30.87,Degrees Celsius,A,FLAB,SAMP,MON,SA,G,TEMP,,N,A,0,,,FIU,0,25.1504805,-80.8092194,,,BA,WMD,Measurements done close to the bottom.
FLAB14,FB199FB014UA,7,Temperature,9/5/2007,29.29,Degrees Celsius,A,FLAB,SAMP,MON,SA,G,TEMP,,N,A,0,,,FIU,0,25.1504805,-80.8092194,,,BA,WMD,
FLAB14,FB199FB014UAB,7,Temperature,9/5/2007,29.29,Degrees Celsius,A,FLAB,SAMP,MON,SA,G,TEMP,,N,A,0,,,FIU,0,25.1504805,-80.8092194,,,BA,WMD,Measurements done close to the bottom.
FLAB14,FB200FB014,7,Temperature,10/4/2007,27.83,Degrees Celsius,,FLAB,SAMP,MON,SA,G,TEMP,,N,A,0,,,FIU,0,25.1504805,-80.8092194,,,BA,WMD,
FLAB14,FB200FB014B,7,Temperature,10/4/2007,27.57,Degrees Celsius,,FLAB,FD,MON,SA,G,TEMP,,N,A,0,,,FIU,0,25.1504805,-80.8092194,,,BA,WMD,Measurements done close to the bottom.
FLAB14,FB201FB014,7,Temperature,11/7/2007,23.33,Degrees Celsius,,FLAB,SAMP,MON,SA,G,TEMP,,N,A,0,,,FIU,0,25.1504805,-80.8092194,,,BA,WMD,
FLAB14,FB201FB014B,7,Temperature,11/7/2007,23.32,Degrees Celsius,,FLAB,FD,MON,SA,G,TEMP,,N,A,0,,,FIU,0,25.1504805,-80.8092194,,,BA,WMD,Measurements done close to the bottom.
FLAB14,FB202FB014,7,Temperature,12/7/2007,25.37,Degrees Celsius,,FLAB,SAMP,MON,SA,G,TEMP,,N,A,0,,,FIU,0,25.1504805,-80.8092194,,,BA,WMD,
FLAB14,FB202FB014B,7,Temperature,12/7/2007,24.92,Degrees Celsius,,FLAB,FD,MON,SA,G,TEMP,,N,A,0,,,FIU,0,25.1504805,-80.8092194,,,BA,WMD,Measurements done close to the bottom.
FLAB14,FB203FB014,7,Temperature,1/9/2008,22.57,Degrees Celsius,,FLAB,SAMP,MON,SA,G,TEMP,,N,A,0,,,FIU,0,25.1504805,-80.8092194,,,BA,WMD,
FLAB14,FB203FB014B,7,Temperature,1/9/2008,22.28,Degrees Celsius,,FLAB,SAMP,MON,SA,G,TEMP,,N,A,0,,,FIU,0,25.1504805,-80.8092194,,,BA,WMD,Measurements done close to the bottom.
FLAB14,FB204FB014,7,Temperature,2/8/2008,27.61,Degrees Celsius,,FLAB,SAMP,MON,SA,G,TEMP,,N,A,0,,,FIU,0,25.1504805,-80.8092194,,,BA,WMD,
FLAB14,FB204FB014B,7,Temperature,2/8/2008,27.21,Degrees Celsius,,FLAB,SAMP,MON,SA,G,TEMP,,N,A,0,,,FIU,0,25.1504805,-80.8092194,,,BA,WMD,Measurements done close to the bottom.
FLAB14,FB205FB014,7,Temperature,3/5/2008,27.62,Degrees Celsius,,FLAB,SAMP,MON,SA,G,TEMP,,N,A,0,,,FIU,0,25.1504805,-80.8092194,,,BA,WMD,
FLAB14,FB205FB014B,7,Temperature,3/5/2008,27.62,Degrees Celsius,,FLAB,SAMP,MON,SA,G,TEMP,,N,A,0,,,FIU,0,25.1504805,-80.8092194,,,BA,WMD,Measurements done close to the bottom.
FLAB14,FB206FB014,7,Temperature,4/2/2008,27.55,Degrees Celsius,,FLAB,SAMP,MON,SA,G,TEMP,,N,A,0,,,FIU,0,25.1504805,-80.8092194,,,BA,WMD,
FLAB14,FB206FB014B,7,Temperature,4/2/2008,27.6,Degrees Celsius,,FLAB,SAMP,MON,SA,G,TEMP,,N,A,0,,,FIU,0,25.1504805,-80.8092194,,,BA,WMD,Measurements done close to the bottom.
FLAB14,FB207FB014,7,Temperature,5/7/2008,28.9,Degrees Celsius,,FLAB,SAMP,MON,SA,G,TEMP,,N,A,0,,,FIU,0,25.1504805,-80.8092194,,,BA,WMD,
FLAB14,FB207FB014B,7,Temperature,5/7/2008,28.87,Degrees Celsius,,FLAB,SAMP,MON,SA,G,TEMP,,N,A,0,,,FIU,0,25.1504805,-80.8092194,,,BA,WMD,Measurements done close to the bottom.
FLAB14,FB208FB014,7,Temperature,6/4/2008,29.56,Degrees Celsius,,FLAB,SAMP,MON,SA,G,TEMP,,N,A,0,,,FIU,0,25.1504805,-80.8092194,,,BA,WMD,
FLAB14,FB208FB014B,7,Temperature,6/4/2008,29.55,Degrees Celsius,,FLAB,SAMP,MON,SA,G,TEMP,,N,A,0,,,FIU,0,25.1504805,-80.8092194,,,BA,WMD,Measurements done close to the bottom.
FLAB14,P42963-5,7,Temperature,1/7/2009,24.9,Degrees Celsius,,FLAB,SAMP,MON,SA,G,TEMP,,N,A,0.5,,,WMD,1,25.1504805,-80.8092194,0.6,,BA,WMD,Strong incoming flow.  sample clear with no visable solids.  light chop with increasing South winds.  Station is in very shallow water.  may want to consider moving off to the South.
FLAB14,P42978-2,7,Temperature,2/12/2009,21.7,Degrees Celsius,,FLAB,SAMP,MON,SA,G,TEMP,,N,A,0.5,,,WMD,1,25.1504805,-80.8092194,0.8,,BA,WMD,Very clear warer and calm conditions.  Slight ripple.  Station in shallow water over seagrass beds.  Suggest moving it slightly to the South.
FLAB14,P43361-2,7,Temperature,3/16/2009,24.4,Degrees Celsius,,FLAB,SAMP,MON,SA,G,TEMP,,N,A,0.5,,,WMD,1,25.1504805,-80.8092194,1.1,,BA,WMD,Clear calm conditiond and light flow.  Sample clear.
FLAB14,P43542-2,7,Temperature,4/20/2009,25.5,Degrees Celsius,,FLAB,SAMP,MON,SA,G,TEMP,,N,A,0.5,,,WMD,1,25.1504805,-80.8092194,1.1,,BA,WMD,"Clear and calm.  RS done at station.  Extememy salty (out of calibration range). WARNING: CONDUCTIVITY exceeds CLOSING Control True Value range of 2000 to 58650,"
FLAB14,P43542-12,7,Temperature,4/20/2009,25.6,Degrees Celsius,,FLAB,RS,MON,SA,G,TEMP,,N,A,0.5,,,WMD,1,25.1504805,-80.8092194,1.1,,BA,WMD,"sample clear.  Salinity out of conductivity range. WARNING: CONDUCTIVITY exceeds CLOSING Control True Value range of 2000 to 58650,"
FLAB14,P43542-13,7,Temperature,4/20/2009,25.6,Degrees Celsius,,FLAB,RS,MON,SA,G,TEMP,,N,A,0.5,,,WMD,1,25.1504805,-80.8092194,1.1,,BA,WMD,"sample clear.  salinity out of conductivity range. WARNING: CONDUCTIVITY exceeds CLOSING Control True Value range of 2000 to 58650,"
FLAB14,P43936-2,7,Temperature,5/18/2009,27,Degrees Celsius,,FLAB,SAMP,MON,SA,G,TEMP,,N,A,0.5,,,WMD,1,25.1504805,-80.8092194,1.2,,BA,WMD,Breezy and light chop.  SAmple clear.   SECCHI ON BOTTOM.  Extremely salty
FLAB14,P43955-2,7,Temperature,6/11/2009,29.9,Degrees Celsius,,FLAB,SAMP,MON,SA,G,TEMP,,N,A,0.5,,,WMD,1,25.1504805,-80.8092194,1.1,,BA,WMD,Clear and calm.  Sample clear of solids.   SECCHI ON BOTTOM.  High salinity.
FLAB14,P44584-2,7,Temperature,7/20/2009,32.2,Degrees Celsius,,FLAB,SAMP,MON,SA,G,TEMP,,N,A,0.5,,,WMD,1,25.1504805,-80.8092194,0.92,,BA,WMD,"sample light yellow, low solids.  very calm conditions, clear water. SECCHI ON BOTTOM."
FLAB14,P44716-2,7,Temperature,8/17/2009,30.2,Degrees Celsius,,FLAB,SAMP,MON,SA,G,TEMP,,N,A,0.5,,,WMD,1,25.1504805,-80.8092194,0.9,,BA,WMD,"Sample clear, no visible solids.   SECCHI ON BOTTOM. Slight chop with a lot of foam on water surface.  Very windy (15-20 knots).  Mostly sunny with some cloud coverage, temperature low to mid 90's degrees F."
FLAB14,P45422-2,7,Temperature,9/14/2009,30.7,Degrees Celsius,,FLAB,SAMP,MON,SA,G,TEMP,,N,A,0.5,,,WMD,1,25.1504805,-80.8092194,1.2,,BA,WMD,"Comments too long, see field notes."
FLAB14,P45906-2,7,Temperature,10/12/2009,29.9,Degrees Celsius,,FLAB,SAMP,MON,SA,G,TEMP,,N,A,0.5,,,WMD,1,25.1504805,-80.8092194,1,,BA,WMD,Sample yellow with low solids. SECCHI ON BOTTOM. Low flow. Less than 0.5' chop with winds approx. 15-20 mph. FCEB taken at this station.
FLAB14,P46184-2,7,Temperature,11/11/2009,24.8,Degrees Celsius,,FLAB,SAMP,MON,SA,G,TEMP,,N,A,0.5,,,WMD,1,25.1504805,-80.8092194,1,,BA,WMD,"Sample light yellow, with no visible solids.  Moderate chop, low flow.  Winds 20-25 mph. Heavy storms in close proximity.   SECCHI ON BOTTOM."
FLAB14,P46552-2,7,Temperature,12/7/2009,22.9,Degrees Celsius,,FLAB,SAMP,MON,SA,G,TEMP,,N,A,0.5,m,,WMD,1,25.1504805,-80.8092194,,,BA,WMD,"Sample pale yellow, with no visible solids.  Low flow.  Winds 5-10 mph.  No chop, calm water.  DO has been  highter at this station.   SECCHI ON BOTTOM."
FLAB14,P46793-4,7,Temperature,1/11/2010,8,Degrees Celsius,,FLAB,SAMP,MON,SA,G,TEMP,,N,A,0.5,m,,WMD,1,25.1504805,-80.8092194,,,BA,WMD,Comments are too long. See field notes.
FLAB14,P47183-4,7,Temperature,2/8/2010,17.7,Degrees Celsius,,FLAB,SAMP,MON,SA,G,TEMP,,N,A,0.5,m,,WMD,1,25.1504805,-80.8092194,,,BA,WMD,"Sample light yellow, low solids.  Minimal chop.  Low flow.  Winds 5-15mph.   SECCHI ON BOTTOM."
FLAB14,P47472-4,7,Temperature,3/8/2010,19.1,Degrees Celsius,,FLAB,SAMP,MON,SA,G,TEMP,,N,A,0.5,m,,WMD,1,25.1504805,-80.8092194,,,BA,WMD,"Sample pale yellow with no visible solids. Calm conditions, minimal chop. SECCHI ON BOTTOM. Low flow."
FLAB14,P47828-4,7,Temperature,4/12/2010,25.2,Degrees Celsius,,FLAB,SAMP,MON,SA,G,TEMP,,N,A,0.5,m,,WMD,1,25.1504805,-80.8092194,,,BA,WMD,"Sample light yellow, no visible solids.  Low flow.  Moderate chop.  Winds 15-20mph.   SECCHI ON BOTTOM."
FLAB14,P48081-4,7,Temperature,5/10/2010,30.4,Degrees Celsius,,FLAB,SAMP,MON,SA,G,TEMP,,N,A,0.5,m,,WMD,1,25.1504805,-80.8092194,,,BA,WMD,"Sample light yellow, low solids.  Low flow.  Calm water, minimal chop.  Winds 15-18mph.   SECCHI ON BOTTOM."
FLAB14,P48379-4,7,Temperature,6/7/2010,34.3,Degrees Celsius,,FLAB,SAMP,MON,SA,G,TEMP,,N,A,0.5,m,,WMD,1,25.1504805,-80.8092194,,,BA,WMD,Sample is light green with low suspended solids present. Low flow with minimal chop ripple less than 3 inches and constant 12 mph winds. SECCHI ON BOTTOM.
FLAB14,P48679-4,7,Temperature,7/20/2010,29.3,Degrees Celsius,,FLAB,SAMP,MON,SA,G,TEMP,,N,A,0.5,m,,WMD,1,25.1504805,-80.8092194,,,BA,WMD,"Sample light green, low solids.  Moderate chop, 1-2 foot chop.  Low flow. Winds 15-20mph.   SECCHI ON BOTTOM."
FLAB14,P48893-4,7,Temperature,8/16/2010,33.1,Degrees Celsius,,FLAB,SAMP,MON,SA,G,TEMP,,N,A,0.5,m,,WMD,1,25.1504805,-80.8092194,,,BA,WMD,"Sample pale yellow, with low solids.  Low flow.  Calm water, no chop.  Winds 5-7mph. SECCHI ON BOTTOM."
FLAB14,P49171-4,7,Temperature,9/21/2010,28.1,Degrees Celsius,,FLAB,SAMP,MON,SA,G,TEMP,,N,A,0.5,m,,WMD,1,25.1504805,-80.8092194,,,BA,WMD,"Sample light green, low solids.  Light chop, .5-1.5 foot seas.  Winds 15mph, with 20mph gusts.  Low flow.   SECCHI ON BOTTOM."
FLAB14,P49628-4,7,Temperature,10/19/2010,26.7,Degrees Celsius,,FLAB,SAMP,MON,SA,G,TEMP,,N,A,0.5,m,,WMD,1,25.1504805,-80.8092194,,,BA,WMD,"Sample light yeloow, low solids.  Low flow.  Calm water, no chop.  Winds 2-5mph.   SECCHI ON BOTTOM."
FLAB14,P50070-4,7,Temperature,11/16/2010,24.6,Degrees Celsius,,FLAB,SAMP,MON,SA,G,TEMP,,N,A,0.5,m,,WMD,1,25.1504805,-80.8092194,,,BA,WMD,"Sample light yellow, low solids.  Calm water, minimal chop.  Low flow.  Wind 3-5mph. SECCHI ON BOTTOM."
FLAB14,P50474-4,7,Temperature,12/14/2010,11.4,Degrees Celsius,,FLAB,SAMP,MON,SA,G,TEMP,,N,A,0.35,m,,WMD,1,25.1504805,-80.8092194,,,BA,WMD,"Sample light yellow, low solids.  Calm water, minimal chop.  Wind 3-5mph.   SECCHI ON BOTTOM. water very shallow."
FLAB14,P50635-4,7,Temperature,1/4/2011,23.8,Degrees Celsius,,FLAB,SAMP,MON,SA,G,TEMP,,N,A,0.5,m,,WMD,1,25.1504805,-80.8092194,,,BA,WMD,"Very low flow at station.  Very low to no chop.  Wind 0-5 mph.   SECCHI ON BOTTOM.   Sample light yellow, low solids."
FLAB14,P50937-4,7,Temperature,2/17/2011,20.9,Degrees Celsius,,FLAB,SAMP,MON,SA,G,TEMP,,N,A,0.25,m,,FLD,0,25.1504805,-80.8092194,,,BA,WMD,Sample taken .4 miles from station due to shallow water.
FLAB14,P51526-4,7,Temperature,3/14/2011,21.8,Degrees Celsius,,FLAB,SAMP,MON,SA,G,TEMP,,N,A,0.5,m,,FLD,1,25.1504805,-80.8092194,,,BA,WMD,"Sample light yellow.  Calm water, minimal chop. Wind 8-12mph.   SECCHI ON BOTTOM."
FLAB14,P52279-4,7,Temperature,4/5/2011,27.6,Degrees Celsius,,FLAB,SAMP,MON,SA,G,TEMP,,N,A,0.5,m,,FLD,1,25.1504805,-80.8092194,,,BA,WMD,"Sample light green, wind 10-15mph sw."
FLAB14,P52280-4,7,Temperature,5/3/2011,27.1,Degrees Celsius,,FLAB,SAMP,MON,SA,G,TEMP,,N,A,0.3,m,,FLD,1,25.1504805,-80.8092194,,,BA,WMD,"Sample palm yellow, wind east 10-15mph,  SECCHI ON BOTTOM."
FLAB14,P52281-4,7,Temperature,6/13/2011,32.4,Degrees Celsius,,FLAB,SAMP,MON,SA,G,TEMP,,N,A,0.5,m,,FLD,1,25.1504805,-80.8092194,,,BA,WMD,Sample is clear with no visible sollids present. Moderate flow with variable westerly winds at 5-10 mph. SECCHI ON BOTTOM. Conductivity is out of range due to high salinity at this location.
FLAB14,P52282-4,7,Temperature,7/12/2011,33.4,Degrees Celsius,,FLAB,SAMP,MON,SA,G,TEMP,,N,A,0.5,m,,FLD,1,25.1504805,-80.8092194,,,BA,WMD,Sample is pale green with no visible suspended solids present.  Flow with light ripple chop up to 4 inches and winds from the southwest at 4 to 8 mph.  SECCHI ON BOTTOM
FLAB14,P52283-6,7,Temperature,8/16/2011,32.6,Degrees Celsius,,FLAB,SAMP,MON,SA,G,TEMP,,N,A,0.5,m,,FLD,1,25.1504805,-80.8092194,,,BA,WMD,Sample is pale green with no visible suspended solids present. Low flow with light chop up to 4 inches and light variable winds from southwest at 6 to 10 mph. SECCHI ON BOTTOM.
FLAB14,P52284-6,7,Temperature,9/12/2011,31.9,Degrees Celsius,,FLAB,SAMP,MON,SA,G,TEMP,,N,A,0.5,m,,FLD,0,25.1504805,-80.8092194,,,BA,WMD,Sample light yellow with no visible suspended solids present. Light current with rising tide just before high tide and glassy slight ripple conditions and light variable winds from the east southeast at 2 to 4 mph. SECCHI ON BOTTOM.
FLAB14,P52285-6,7,Temperature,10/4/2011,26.3,Degrees Celsius,,FLAB,SAMP,MON,SA,G,TEMP,,N,A,0.4,m,,FLD,0,25.1504805,-80.8092194,,,BA,WMD,"Wind, NE 10-15, lt chop, ebb tide,  SECCHI ON BOTTOM."
FLAB14,P54071-6,7,Temperature,12/6/2011,24,Degrees Celsius,,FLAB,SAMP,MON,SA,G,TEMP,,N,A,0.35,m,,FLD,0,25.1504805,-80.8092194,,,BA,WMD,"Wind ESE 10-12, lt chop, slack tide,  SECCHI ON BOTTOM, Sample taken .5 miles from station due to shallow depth"
FLAB14,P55306-4,7,Temperature,2/1/2012,22.5,Degrees Celsius,,FLAB,SAMP,MON,SA,G,TEMP,,N,A,0.35,m,,FLD,0,25.1504805,-80.8092194,,,BA,WMD,"Wind E 14-18, lt chop in lee of island, slack tide,  SECCHI ON BOTTOM, sample taken .38 mi from station due to shallow depth"
FLAB14,P55313-4,7,Temperature,4/12/2012,25.2,Degrees Celsius,,FLAB,SAMP,MON,SA,G,TEMP,,N,A,0.45,m,,FLD,0,25.1504805,-80.8092194,,,BA,WMD,"Wind N 8-10, rippled surface, slack tide,  SECCHI ON BOTTOM."
FLAB14,P55929-4,7,Temperature,6/13/2012,29.3,Degrees Celsius,,FLAB,SAMP,MON,SA,G,TEMP,,N,A,0.5,m,,FLD,0,25.1504805,-80.8092194,,,BA,WMD,Calm conditions.  Light ripple.  Slack tide.  Very light east wind.   SECCHI ON BOTTOM.
FLAB14,P56205-4,7,Temperature,8/13/2012,32.4,Degrees Celsius,,FLAB,SAMP,MON,SA,G,TEMP,,N,A,0.5,m,,FLD,0,25.1504805,-80.8092194,,,BA,WMD,Very light east wind.  Calm conditions with almost no ripple.  Slack tide.   SECCHI ON BOTTOM.
FLAB14,P56209-4,7,Temperature,10/11/2012,28.5,Degrees Celsius,,FLAB,SAMP,MON,SA,G,TEMP,,N,A,0.5,m,,FLD,0,25.1504805,-80.8092194,,,BA,WMD,Strong NE breeze.  Light chop.   SECCHI ON BOTTOM.
FLAB14,P56856-4,7,Temperature,12/10/2012,26.3,Degrees Celsius,,FLAB,SAMP,MON,SA,G,TEMP,,N,A,0.5,m,,FLD,0,25.1504805,-80.8092194,,,BA,WMD,SECCHI ON BOTTOM. Winds 10-15kts out of the SE. Light chop.
FLAB14,P61818-4,7,Temperature,2/5/2013,20.2,Degrees Celsius,,FLAB,SAMP,MON,SA,G,TEMP,,N,A,0.5,m,,FLD,0,25.1504805,-80.8092194,,,BA,WMD,SECCHI ON BOTTOM. Very light breeze 1-2kts. Calm water. No noticeable current.
FLAB14,P61819-4,7,Temperature,4/18/2013,26.7,Degrees Celsius,,FLAB,SAMP,MON,SA,G,TEMP,,N,A,0.3,m,,FLD,0,25.1504805,-80.8092194,,,PD,WMD,SECCHI ON BOTTOM. ESE winds 10-12 kts. Light ripple on the water.
FLAB14,P63880-4,7,Temperature,6/17/2013,30.4,Degrees Celsius,,FLAB,SAMP,MON,SA,G,TEMP,,N,A,0.4,m,,FLD,0,25.1504805,-80.8092194,,,PD,WMD,"slight ripple on surface, southeast wind 10-15, secchi on bottom, site collected short of coordinates due to shallow water less than 0.5m while approaching site"
FLAB14,P63881-4,7,Temperature,8/13/2013,29.6,Degrees Celsius,,FLAB,SAMP,MON,SA,G,TEMP,,N,A,0.35,m,,FLD,0,25.1504805,-80.8092194,,,PD,WMD,SECCHI ON BOTTOM. Ripples on surface. E wind 5-10 kt. No current observed. Station visted near high tide. Unable to reach location due to shallow water. Collected at 25-08'43.5 secN 080-48'34.4 secW
FLAB14,P65941-4,7,Temperature,10/28/2013,24.6,Degrees Celsius,,FLAB,SAMP,MON,SA,G,TEMP,,N,A,0.4,m,,FLD,0,25.1504805,-80.8092194,,,PD,WMD,SECCHI ON BOTTOM. Light chop. E wind approx 15 kt. Moderate wind driven current.
FLAB14,P68531-4,7,Temperature,12/11/2013,26.2,Degrees Celsius,,FLAB,SAMP,MON,SA,G,TEMP,,N,A,0.35,m,,FLD,0,25.1504805,-80.8092194,,,PD,WMD,"Light chop, E wind 10-15,  SECCHI ON BOTTOM."
FLAB14,P70123-4,7,Temperature,2/26/2014,26.6,Degrees Celsius,,FLAB,SAMP,MON,SA,G,TEMP,,N,A,0.5,m,,FLD,0,25.1504805,-80.8092194,,,PD,WMD,"SECCHI ON BOTTOM. Slight ripple on water surface. Slight wind out of the SW, 5kts. Slight incoming tide. Unable to get to actual FLAB14 site due to water level, sample taken at GPS position N2508.345 W08048.512."
FLAB14,P70124-4,7,Temperature,4/7/2014,26.9,Degrees Celsius,,FLAB,SAMP,MON,SA,G,TEMP,,N,A,0.5,m,,FLD,0,25.1504805,-80.8092194,,,PD,WMD,Moderate chop due to 15kt SE winds. Sample area clear. SECCHI ON BOTTOM.
FLAB14,P71707-4,7,Temperature,6/9/2014,31,Degrees Celsius,,FLAB,SAMP,MON,SA,G,TEMP,,N,A,0.5,m,,FLD,0,25.1504805,-80.8092194,,,PD,WMD,"SECCHI ON BOTTOM. Calm winds, calm waves, incoming tide."
FLAB14,P72712-4,7,Temperature,8/5/2014,28.9,Degrees Celsius,,FLAB,SAMP,MON,SA,G,TEMP,,N,A,0.5,m,,FLD,0,25.1504805,-80.8092194,,,PD,WMD,"Calm conditions, SW winds less than 5 kts. Small amount of single piece turtle and manatee grasses on surface. Incoming tide. SECCHI ON BOTTOM."
FLAB14,P74736-4,7,Temperature,10/20/2014,26.7,Degrees Celsius,,FLAB,SAMP,MON,SA,G,TEMP,,N,A,0.35,m,,FLD,0,25.1504805,-80.8092194,,,PD,WMD,"Calm,  SECCHI ON BOTTOM."
FLAB14,P74738-4,7,Temperature,12/17/2014,18.9,Degrees Celsius,,FLAB,SAMP,MON,SA,G,TEMP,,N,A,0.5,m,,FLD,0,25.1504805,-80.8092194,,,PD,WMD,"Incoming tide, NE winds 5kts, calm seas, small amout of floating vegetation pieces visible on water surface. SECCHI ON BOTTOM."
FLAB14,P74737-4,7,Temperature,2/16/2015,18.9,Degrees Celsius,,FLAB,SAMP,MON,SA,G,TEMP,,N,A,0.45,m,,FLD,0,25.1504805,-80.8092194,,,PD,WMD,"Calm, E wind 10-15. Sample collected 925 m due south of site because of water depth. SECCHI ON BOTTOM"
FLAB14,P75445-4,7,Temperature,4/13/2015,28.8,Degrees Celsius,,FLAB,SAMP,MON,SA,G,TEMP,,N,A,0.5,m,,FLD,0,25.1504805,-80.8092194,,,PD,WMD,Sample collected 1 km due south of site due to water depth. SOB
FLAB14,P74739-4,7,Temperature,6/9/2015,30,Degrees Celsius,,FLAB,SAMP,MON,SA,G,TEMP,,N,A,0.5,m,,FLD,0,25.1504805,-80.8092194,,,PD,WMD,SOB
FLAB14,P78245-4,7,Temperature,8/25/2015,32.8,Degrees Celsius,,FLAB,SAMP,MON,SA,G,TEMP,,N,A,0.5,m,,FLD,0,25.1504805,-80.8092194,,,PD,WMD,Secchi on bottom.
FLAB14,P80870-4,7,Temperature,10/7/2015,27.9,Degrees Celsius,,FLAB,SAMP,MON,SA,G,TEMP,,N,A,0.5,m,,FLD,0,25.1504805,-80.8092194,,,PD,WMD,"Calm seas, light amount of loose vegetation on surface, incoming tide, secchi on bottom."
FLAB14,P82416-4,7,Temperature,1/21/2016,16.6,Degrees Celsius,,FLAB,SAMP,MON,SA,G,TEMP,,N,A,0.5,m,,FLD,0,25.1504805,-80.8092194,,,PD,WMD,Secchi on bottom. Surface smooth. Winds ESE 10-15.
FLAB14,P82935-4,7,Temperature,2/16/2016,21.9,Degrees Celsius,,FLAB,SAMP,MON,SA,G,TEMP,,N,A,0.5,m,,FLD,0,25.1504805,-80.8092194,,,PD,WMD,"Calm wind and seas, sample area clear, Secchi on bottom."
FLAB14,P83568-4,7,Temperature,4/14/2016,27.4,Degrees Celsius,,FLAB,SAMP,MON,SA,G,TEMP,,N,A,0.35,m,,FLD,0,25.1504805,-80.8092194,,,PD,WMD,SOB. Light winds out of the SE around 7 kts. Glass smooth water.
FLAB14,P84316-4,7,Temperature,6/29/2016,30.7,Degrees Celsius,,FLAB,SAMP,MON,SA,G,TEMP,,N,A,0.5,m,,FLD,0,25.1504805,-80.8092194,,,PD,WMD,"slight ripple on surface, calm wind, some vegetation clippings on surface, off colored water observed, algae like appearance in water column, filter turned green in color during processing"
FLAB14,P84638-4,7,Temperature,8/25/2016,29.9,Degrees Celsius,,FLAB,SAMP,MON,SA,G,TEMP,,N,A,0.5,m,,FLD,0,25.1504805,-80.8092194,,,PD,WMD,"Light east winds, light surface chop, turbid water, light green brown in color, light amount of loose sea grass floating on surface. Light greenish yellow color visible in filter after use. Secchi on bottom."
FLAB14,P86137-4,7,Temperature,10/24/2016,23.2,Degrees Celsius,,FLAB,SAMP,MON,SA,G,TEMP,,N,A,0.5,m,,FLD,0,25.1504805,-80.8092194,,,PD,WMD,"NE winds 15kt, light chop, sample area clear otherwise. Secchi on bottom."
FLAB14,P86766-4,7,Temperature,12/21/2016,24.4,Degrees Celsius,,FLAB,SAMP,MON,SA,G,TEMP,,N,A,0.5,m,,FLD,0,25.1504805,-80.8092194,,,PD,WMD,"NE winds 10-15 kts, light chop, sample area clear. Secchi on bottom."
FLAB14,P87700-4,7,Temperature,2/20/2017,25.3,Degrees Celsius,,FLAB,SAMP,MON,SA,G,TEMP,,N,A,0.5,m,,FLD,0,25.1504805,-80.8092194,,,PD,WMD,"NE winds 10-15 kts, waters moderate chop, light amount of loose sea grass on surface. Secchi on bottom. Could not get within 300m of sample GPS point due to shallow water."
FLAB14,P87830-4,7,Temperature,4/20/2017,24.8,Degrees Celsius,,FLAB,SAMP,MON,SA,G,TEMP,,N,A,0.5,m,,FLD,0,25.1504805,-80.8092194,,,PD,WMD,"Could only get within 0.5 kilometers of site due to very shallow water.  Had less than 1 foot seas, sample area clear, with 10-15 knot east winds.  Sample collected by DA."
FLAB14,P89179-4,7,Temperature,8/1/2017,28.1,Degrees Celsius,,FLAB,SAMP,MON,SA,G,TEMP,,N,A,0.5,m,,FLD,0,25.1504805,-80.8092194,,,PD,WMD,"Light sw winds, calm seas, moderate amount of loose sea grasses floating on surface, secchi on bottom."
FLAB14,P88721-4,7,Temperature,10/12/2017,26.6,Degrees Celsius,,FLAB,SAMP,MON,SA,G,TEMP,,N,A,0.5,m,,FLD,0,25.1504805,-80.8092194,,,PD,WMD,Filter appeared to contaiin algae when processing sample.
FLAB14,P91159-4,7,Temperature,12/13/2017,15.6,Degrees Celsius,,FLAB,SAMP,MON,SA,G,TEMP,,N,A,0.5,m,,FLD,0,25.1504805,-80.8092194,,,PD,WMD,Light chop. Murky brown water
FLAB14,P92112-4,7,Temperature,2/28/2018,26.2,Degrees Celsius,,FLAB,SAMP,MON,SA,G,TEMP,,N,A,0.5,m,,FLD,0,25.1504805,-80.8092194,,,PD,WMD,Flat water. Green water. Filter turned green. Same problem with DO readings.
FLAB14,P92872-4,7,Temperature,4/10/2018,29.5,Degrees Celsius,,FLAB,SAMP,MON,SA,G,TEMP,,N,A,0.5,m,,FLD,0,25.1504805,-80.8092194,,,PD,WMD,Light chop.
FLAB14,P93694-4,7,Temperature,6/7/2018,29.2,Degrees Celsius,,FLAB,SAMP,MON,SA,G,TEMP,,N,A,0.5,m,,FLD,0,25.1504805,-80.8092194,,,PD,WMD,Floating vegetation present. Avoided during collection.
FLAB14,P94931-4,7,Temperature,8/6/2018,29.7,Degrees Celsius,,FLAB,SAMP,MON,SA,G,TEMP,,N,A,0.5,m,,FLD,0,25.1504805,-80.8092194,,,PD,WMD,
FLAB14,P95251-4,7,Temperature,10/3/2018,27.6,Degrees Celsius,,FLAB,SAMP,MON,SA,G,TEMP,,N,A,0.5,m,,FLD,0,25.1504805,-80.8092194,,,PD,WMD,heavy suspended solids
FLAB14,P96720-4,7,Temperature,12/17/2018,21.9,Degrees Celsius,,FLAB,SAMP,MON,SA,G,TEMP,,N,A,0.25,m,,FLD,0,25.1504805,-80.8092194,,,BA,WMD,Shallow sampling area. Sample depth taken half way from total depth of 0.5m.  Water looks stirred up within sample area.
FLAB14,P102448-5,7,Temperature,2/26/2019,25.3,Degrees Celsius,,FLAB,SAMP,MON,SA,G,TEMP,,N,A,0.5,m,,FLD,0,25.1504805,-80.8092194,,,BA,WMD,
FLAB14,P103834-5,7,Temperature,4/15/2019,28,Degrees Celsius,,FLAB,SAMP,MON,SA,G,TEMP,,N,A,0.5,m,,FLD,0,25.1504805,-80.8092194,,,BA,WMD,
FLAB14,P106284-5,7,Temperature,6/11/2019,30,Degrees Celsius,,FLAB,SAMP,MON,SA,G,TEMP,,N,A,0.4,m,,FLD,0,25.1504805,-80.8092194,,,BA,WMD,Secchi on bottom
FLAB14,P109207-5,7,Temperature,8/8/2019,31.7,Degrees Celsius,,FLAB,SAMP,MON,SA,G,TEMP,,N,A,0.5,m,,FLD,0,25.1504805,-80.8092194,,,BA,WMD,Large pieces of vegetative debris present on surface of water. Secchi on bottom.
FLAB14,P109898-5,7,Temperature,10/8/2019,26.5,Degrees Celsius,,FLAB,SAMP,MON,SA,G,TEMP,,N,A,0.5,m,,FLD,0,25.1504805,-80.8092194,,,BA,WMD,
FLAB14,P110697-5,7,Temperature,12/5/2019,19.8,Degrees Celsius,,FLAB,SAMP,MON,SA,G,TEMP,,N,A,0.5,m,,FLD,0,25.1504805,-80.8092194,,,BA,WMD,Secchi on bottom.
FLAB14,P110713-5,7,Temperature,2/3/2020,17.7,Degrees Celsius,,FLAB,SAMP,MON,SA,G,TEMP,,N,A,0.3,m,,FLD,0,25.1504805,-80.8092194,,,BA,WMD,"Secchi on bottom. Depth was less than 1m, sample was collected at half total depth."
FLAB14,P110719-5,7,Temperature,4/1/2020,26.8,Degrees Celsius,,FLAB,SAMP,MON,SA,G,TEMP,,N,A,0.4,m,,FLD,0,25.1504805,-80.8092194,,,BA,WMD,Secchi on bottom
FLAB14,P111041-5,7,Temperature,6/1/2020,30.4,Degrees Celsius,,FLAB,SAMP,MON,SA,G,TEMP,,N,A,0.3,m,,FLD,0,25.1504805,-80.8092194,,,BA,WMD,Secchi on bottom
FLAB14,P111104-5,7,Temperature,8/13/2020,31.3,Degrees Celsius,,FLAB,SAMP,MON,SA,G,TEMP,,N,A,0.35,m,,FLD,0,25.1504805,-80.8092194,,,BA,WMD,Secchi on bottom. Sample collected at half total depth.
FLAB14,P118766-5,7,Temperature,10/12/2020,30.7,Degrees Celsius,,FLAB,SAMP,MON,SA,G,TEMP,,N,A,0.4,m,,FLD,0,25.1504805,-80.8092194,,,BA,WMD,Secchi on bottom.
FLAB14,P120347-5,7,Temperature,12/9/2020,16.1,Degrees Celsius,,FLAB,SAMP,MON,SA,G,TEMP,,N,A,0.3,m,,FLD,0,25.1504805,-80.8092194,,,BA,WMD,"Sample area clear.  Total Depth was only 0.6 meters, so sampling depth was at 0.3 meters instead of 0.5 meters.  SOB, Secchi On Bottom.  Light solids in sample.  Sample collected by CL."
FLAB14,P121638-5,7,Temperature,1/7/2021,19.3,Degrees Celsius,,FLAB,SAMP,MON,SA,G,TEMP,,N,A,0.3,m,,FLD,0,25.1504805,-80.8092194,,,BA,WMD,Secchi on bottom
FLAB14,P122507-5,7,Temperature,3/17/2021,24.9,Degrees Celsius,,FLAB,SAMP,MON,SA,G,TEMP,,N,A,0.5,m,,FLD,0,25.1504805,-80.8092194,,,BA,WMD,Secchi on bottom.
FLAB14,P122517-5,7,Temperature,5/24/2021,25.6,Degrees Celsius,,FLAB,SAMP,MON,SA,G,TEMP,,N,A,0.2,m,,FLD,0,25.1504805,-80.8092194,,,BA,WMD,Secchi on bottom. Sampled approx. 100 m from site due to low water.
FLAB14,P123928-5,7,Temperature,7/1/2021,27.9,Degrees Celsius,,FLAB,SAMP,MON,SA,G,TEMP,,N,A,0.35,m,,FLD,0,25.1504805,-80.8092194,,,BA,WMD,Secchi on bottom.
FLAB14,P125715-5,7,Temperature,10/13/2021,28,Degrees Celsius,,FLAB,SAMP,MON,SA,G,TEMP,,N,A,0.4,m,,FLD,0,25.1504805,-80.8092194,,,BA,WMD,
FLAB14,P128145-5,7,Temperature,12/27/2021,23.6,Degrees Celsius,,FLAB,SAMP,MON,SA,G,TEMP,,N,A,0.3,m,,FLD,0,25.1504805,-80.8092194,,,BA,WMD,Sampling area clear of debris.
FLAB14,P129938-5,7,Temperature,2/8/2022,23.9,Degrees Celsius,,FLAB,SAMP,MON,SA,G,TEMP,,N,A,0.25,m,,FLD,0,25.1504805,-80.8092194,,,BA,WMD,Secchi on bottom
FLAB14,P132794-5,7,Temperature,4/7/2022,28.6,Degrees Celsius,,FLAB,SAMP,MON,SA,G,TEMP,,N,A,0.3,m,,FLD,0,25.1504805,-80.8092194,,,BA,WMD,
FLAB14,P134124-5,7,Temperature,6/22/2022,29.7,Degrees Celsius,,FLAB,SAMP,MON,SA,G,TEMP,,N,A,0.5,m,,FLD,0,25.1504805,-80.8092194,,,BA,WMD,
FLAB14,P135165-5,7,Temperature,8/18/2022,31.9,Degrees Celsius,,FLAB,SAMP,MON,SA,G,TEMP,,N,A,0.5,m,,FLD,0,25.1504805,-80.8092194,,,BA,WMD,"No visible solids, but water is very cloudy and difficult to filter. Used two filters to process."
FLAB14,P136495-5,7,Temperature,10/20/2022,23.3,Degrees Celsius,,FLAB,SAMP,MON,SA,G,TEMP,,N,A,0.4,m,,FLD,0,25.1504805,-80.8092194,,,BA,WMD,Sample collected at half total depth as per FSM. Water in sampling area has a greenish tint. Filter turned light green during processing.
FLAB14,P138520-5,7,Temperature,12/19/2022,22.8,Degrees Celsius,,FLAB,SAMP,MON,SA,G,TEMP,,N,A,0.3,m,,FLD,0,25.1504805,-80.8092194,,,BA,WMD,
FLAB14,P139468-5,7,Temperature,1/30/2023,25,Degrees Celsius,,FLAB,SAMP,MON,SA,G,TEMP,,N,A,0.5,m,,FLD,0,25.1504805,-80.8092194,,,BA,WMD,
FLAB14,P141269-5,7,Temperature,3/14/2023,27.2,Degrees Celsius,,FLAB,SAMP,MON,SA,G,TEMP,,N,A,0.5,m,,FLD,0,25.1504805,-80.8092194,,,BA,WMD,Secchi on bottom.
FLAB14,P143129-5,7,Temperature,5/11/2023,28.6,Degrees Celsius,,FLAB,SAMP,MON,SA,G,TEMP,,N,A,0.5,m,,FLD,0,25.1504805,-80.8092194,,,BA,WMD,Secchi on bottom
FLAB14,P144703-5,7,Temperature,7/27/2023,28.5,Degrees Celsius,,FLAB,SAMP,MON,SA,G,TEMP,,N,A,0.35,m,,FLD,0,25.1504805,-80.8092194,,,BA,WMD,
FLAB14,P146063-5,7,Temperature,9/27/2023,28.5,Degrees Celsius,,FLAB,SAMP,MON,SA,G,TEMP,,N,A,0.5,m,,FLD,0,25.1504805,-80.8092194,,,BA,WMD,"Water highly turbid, became difficult to filter during processing."
FLAB14,P146064-5,7,Temperature,11/13/2023,27,Degrees Celsius,,FLAB,SAMP,MON,SA,G,TEMP,,N,A,0.5,m,,FLD,0,25.1504805,-80.8092194,,,BA,WMD,"Filter became clogged during processing, no color, difficult to filter"
FLAB14,P148342-5,7,Temperature,1/8/2024,20.5,Degrees Celsius,,FLAB,SAMP,MON,SA,G,TEMP,,N,A,0.35,m,,FLD,0,25.1504805,-80.8092194,,,BA,WMD,collected sample approximately 600 feet SSW of site due to shallow depth
FLAB14,P149299-5,7,Temperature,3/4/2024,26.3,Degrees Celsius,,FLAB,SAMP,MON,SA,G,TEMP,,N,A,0.4,m,,FLD,0,25.1504805,-80.8092194,,,BA,WMD,Sample collected 800 m west of site due to shallow depth.
FLAB14,P150708-5,7,Temperature,5/13/2024,30.4,Degrees Celsius,,FLAB,SAMP,MON,SA,G,TEMP,,N,A,0.45,m,,FLD,0,25.1504805,-80.8092194,,,BA,WMD,Filter turned yellow during processing.
FLAB14,P152189-5,7,Temperature,7/15/2024,30.7,Degrees Celsius,,FLAB,SAMP,MON,SA,G,TEMP,,N,A,0.4,m,,FLD,0,25.1504805,-80.8092194,,,BA,WMD,Sample taken 550 m SW of station due to shallow depth. Filter turned green during processing; sample was difficult to push through filter.
FLAB14,P153175-5,7,Temperature,9/12/2024,31.1,Degrees Celsius,,FLAB,SAMP,MON,SA,G,TEMP,,N,A,0.5,m,,FLD,0,25.1504805,-80.8092194,,,BA,WMD,Filter turned green during processing.
FLAB14,P154028-5,7,Temperature,12/9/2024,20.9,Degrees Celsius,,FLAB,SAMP,MON,SA,G,TEMP,,N,A,0.45,m,,FLD,0,25.1504805,-80.8092194,,,BA,WMD,"Because of shallow depths, sample was collected approximately 580 meters to the southwest of the marked site coordinates."
FLAB14,P155969-5,7,Temperature,2/5/2025,24.7,Degrees Celsius,,FLAB,SAMP,MON,SA,G,TEMP,,N,A,0.5,m,,FLD,0,25.1504805,-80.8092194,,,BA,WMD,Secchi on bottom.
FLAB14,P158028-5,7,Temperature,6/18/2025,29.6,Deg C,,FLAB,SAMP,MON,SA,G,TEMP,,N,P,0.5,m,,WMD,0,25.1504805,-80.8092194,1,,,,Secchi on bottom.
FLAB14,P149559-5,7,Temperature,5/13/2024,30.4,Degrees Celsius,,GEMM,SAMP,MON,SA,G,TEMP,,N,A,0.45,m,,FLD,0,25.1504805,-80.8092194,,,WT,WMD,Turbidity = 12.1 NTUSecchi depth = 0.7 mTotal depth = 0.9 mFilter turned yellow during processing
FLAB14,155014B,8,DISSOLVED OXYGEN,1/21/2004,6.6,mg/L,D,FLAB,SAMP,MON,SA,FP,DO,,N,A,0.9,,,FIU,0,25.1504805,-80.8092194,,,,FIU,
FLAB14,156014B,8,DISSOLVED OXYGEN,2/24/2004,6.3,mg/L,D,FLAB,SAMP,MON,SA,FP,DO,,N,A,0.9,,,FIU,0,25.1504805,-80.8092194,,,,FIU,
FLAB14,157014B,8,DISSOLVED OXYGEN,3/23/2004,6.1,mg/L,D,FLAB,SAMP,MON,SA,FP,DO,,N,A,0.9,,,FIU,0,25.1504805,-80.8092194,,,,FIU,
FLAB14,158014S,8,DISSOLVED OXYGEN,4/21/2004,6.4,mg/L,D,FLAB,SAMP,MON,SA,FP,DO,,N,A,0.1,,,FIU,0,25.1504805,-80.8092194,,,,FIU,
FLAB14,158014SB,8,DISSOLVED OXYGEN,4/21/2004,6.7,mg/L,D,FLAB,SAMP,MON,SA,FP,DO,,N,A,0.9,,,FIU,0,25.1504805,-80.8092194,,,,FIU,
FLAB14,159014B,8,DISSOLVED OXYGEN,5/21/2004,6,mg/L,D,FLAB,SAMP,MON,SA,FP,DO,,N,A,0.9,,,FIU,0,25.1504805,-80.8092194,,,,FIU,
FLAB14,159014S,8,DISSOLVED OXYGEN,5/21/2004,5.6,mg/L,D,FLAB,SAMP,MON,SA,FP,DO,,N,A,0.1,,,FIU,0,25.1504805,-80.8092194,,,,WMD,
FLAB14,160014S,8,DISSOLVED OXYGEN,6/28/2004,5.3,mg/L,D,FLAB,SAMP,MON,SA,FP,DO,,N,A,0.1,,,FIU,0,25.1504805,-80.8092194,,,,WMD,
FLAB14,161014B,8,DISSOLVED OXYGEN,7/27/2004,6.7,mg/L,D,FLAB,SAMP,MON,SA,FP,DO,,N,A,0.9,,,FIU,0,25.1504805,-80.8092194,,,,FIU,
FLAB14,161014S,8,DISSOLVED OXYGEN,7/27/2004,5,mg/L,D,FLAB,SAMP,MON,SA,FP,DO,,N,A,0.1,,,FIU,0,25.1504805,-80.8092194,,,,FIU,
FLAB14,162014B,8,DISSOLVED OXYGEN,8/24/2004,5.6,mg/L,D,FLAB,SAMP,MON,SA,FP,DO,,N,A,0.9,,,FIU,0,25.1504805,-80.8092194,,,,FIU,
FLAB14,162014S,8,DISSOLVED OXYGEN,8/24/2004,4.8,mg/L,D,FLAB,SAMP,MON,SA,FP,DO,,N,A,0.1,,,FIU,0,25.1504805,-80.8092194,,,,FIU,
FLAB14,163014B,8,DISSOLVED OXYGEN,9/28/2004,5,mg/L,D,FLAB,SAMP,MON,SA,FP,DO,,N,A,0.9,,,FIU,0,25.1504805,-80.8092194,,,,FIU,
FLAB14,163014S,8,DISSOLVED OXYGEN,9/28/2004,4.9,mg/L,D,FLAB,SAMP,MON,SA,FP,DO,,N,A,0.1,,,FIU,0,25.1504805,-80.8092194,,,,FIU,
FLAB14,164014B,8,DISSOLVED OXYGEN,10/26/2004,5.6,mg/L,D,FLAB,SAMP,MON,SA,FP,DO,,N,A,0.9,,,FIU,0,25.1504805,-80.8092194,,,,FIU,
FLAB14,164014S,8,DISSOLVED OXYGEN,10/26/2004,5.4,mg/L,D,FLAB,SAMP,MON,SA,FP,DO,,N,A,0.1,,,FIU,0,25.1504805,-80.8092194,,,,FIU,
FLAB14,165014B,8,DISSOLVED OXYGEN,11/29/2004,6.7,mg/L,D,FLAB,SAMP,MON,SA,FP,DO,,N,A,0.9,,,FIU,0,25.1504805,-80.8092194,,,,FIU,
FLAB14,165014S,8,DISSOLVED OXYGEN,11/29/2004,6.6,mg/L,D,FLAB,SAMP,MON,SA,FP,DO,,N,A,0.1,,,FIU,0,25.1504805,-80.8092194,,,,FIU,
FLAB14,166014B,8,DISSOLVED OXYGEN,12/14/2004,6.1,mg/L,D,FLAB,SAMP,MON,SA,FP,DO,,N,A,0.9,,,FIU,0,25.1504805,-80.8092194,,,,FIU,
FLAB14,166014S,8,DISSOLVED OXYGEN,12/14/2004,5.9,mg/L,D,FLAB,SAMP,MON,SA,FP,DO,,N,A,0.1,,,FIU,0,25.1504805,-80.8092194,,,,FIU,
FLAB14,FIU14936,8,DISSOLVED OXYGEN,4/15/1991,7.55,mg/L,,FLAB,SAMP,MON,SA,G,DO,,N,A,0,,,FIU,0,25.1504805,-80.8092194,,,,FIU,
FLAB14,FIU14939,8,DISSOLVED OXYGEN,5/15/1991,5.5,mg/L,,FLAB,SAMP,MON,SA,G,DO,,N,A,0,,,FIU,0,25.1504805,-80.8092194,,,,FIU,
FLAB14,FIU14940,8,DISSOLVED OXYGEN,6/15/1991,6.4,mg/L,,FLAB,SAMP,MON,SA,G,DO,,N,A,0,,,FIU,0,25.1504805,-80.8092194,,,,FIU,
FLAB14,FIU14942,8,DISSOLVED OXYGEN,7/15/1991,3.75,mg/L,,FLAB,SAMP,MON,SA,G,DO,,N,A,0,,,FIU,0,25.1504805,-80.8092194,,,,FIU,
FLAB14,FIU14945,8,DISSOLVED OXYGEN,8/15/1991,3.3,mg/L,,FLAB,SAMP,MON,SA,G,DO,,N,A,0,,,FIU,0,25.1504805,-80.8092194,,,,FIU,
FLAB14,FIU14946,8,DISSOLVED OXYGEN,9/15/1991,3.2,mg/L,,FLAB,SAMP,MON,SA,G,DO,,N,A,0,,,FIU,0,25.1504805,-80.8092194,,,,FIU,
FLAB14,FIU14949,8,DISSOLVED OXYGEN,10/15/1991,3.9,mg/L,,FLAB,SAMP,MON,SA,G,DO,,N,A,0,,,FIU,0,25.1504805,-80.8092194,,,,FIU,
FLAB14,FIU14950,8,DISSOLVED OXYGEN,11/15/1991,4.3,mg/L,,FLAB,SAMP,MON,SA,G,DO,,N,A,0,,,FIU,0,25.1504805,-80.8092194,,,,FIU,
FLAB14,FIU14953,8,DISSOLVED OXYGEN,12/15/1991,6,mg/L,,FLAB,SAMP,MON,SA,G,DO,,N,A,0,,,FIU,0,25.1504805,-80.8092194,,,,FIU,
FLAB14,FIU14954,8,DISSOLVED OXYGEN,1/15/1992,5.5,mg/L,,FLAB,SAMP,MON,SA,G,DO,,N,A,0,,,FIU,0,25.1504805,-80.8092194,,,,FIU,
FLAB14,FIU14956,8,DISSOLVED OXYGEN,2/15/1992,5.1,mg/L,,FLAB,SAMP,MON,SA,G,DO,,N,A,0,,,FIU,0,25.1504805,-80.8092194,,,,FIU,
FLAB14,FIU14959,8,DISSOLVED OXYGEN,3/15/1992,6,mg/L,,FLAB,SAMP,MON,SA,G,DO,,N,A,0,,,FIU,0,25.1504805,-80.8092194,,,,FIU,
FLAB14,FIU14960,8,DISSOLVED OXYGEN,4/15/1992,6.1,mg/L,,FLAB,SAMP,MON,SA,G,DO,,N,A,0,,,FIU,0,25.1504805,-80.8092194,,,,FIU,
FLAB14,FIU14962,8,DISSOLVED OXYGEN,5/15/1992,4.35,mg/L,,FLAB,SAMP,MON,SA,G,DO,,N,A,0,,,FIU,0,25.1504805,-80.8092194,,,,FIU,
FLAB14,FIU14964,8,DISSOLVED OXYGEN,6/15/1992,7.2,mg/L,,FLAB,SAMP,MON,SA,G,DO,,N,A,0,,,FIU,0,25.1504805,-80.8092194,,,,FIU,
FLAB14,FIU14966,8,DISSOLVED OXYGEN,7/15/1992,5.8,mg/L,,FLAB,SAMP,MON,SA,G,DO,,N,A,0,,,FIU,0,25.1504805,-80.8092194,,,,FIU,
FLAB14,FIU14968,8,DISSOLVED OXYGEN,8/15/1992,7.3,mg/L,,FLAB,SAMP,MON,SA,G,DO,,N,A,0,,,FIU,0,25.1504805,-80.8092194,,,,FIU,
FLAB14,FIU14971,8,DISSOLVED OXYGEN,9/15/1992,2.8,mg/L,,FLAB,SAMP,MON,SA,G,DO,,N,A,0,,,FIU,0,25.1504805,-80.8092194,,,,FIU,
FLAB14,FIU14973,8,DISSOLVED OXYGEN,10/15/1992,4.1,mg/L,,FLAB,SAMP,MON,SA,G,DO,,N,A,0,,,FIU,0,25.1504805,-80.8092194,,,,FIU,
FLAB14,FIU14975,8,DISSOLVED OXYGEN,11/15/1992,5.2,mg/L,,FLAB,SAMP,MON,SA,G,DO,,N,A,0,,,FIU,0,25.1504805,-80.8092194,,,,FIU,
FLAB14,FIU14977,8,DISSOLVED OXYGEN,12/15/1992,8.5,mg/L,,FLAB,SAMP,MON,SA,G,DO,,N,A,0,,,FIU,0,25.1504805,-80.8092194,,,,FIU,
FLAB14,FIU14978,8,DISSOLVED OXYGEN,1/21/1993,99,mg/L,NOB,FLAB,SAMP,MON,SA,G,DO,,Y,A,0,,,FIU,0,25.1504805,-80.8092194,,,,FIU,
FLAB14,FIU14979,8,DISSOLVED OXYGEN,2/10/1993,4.8,mg/L,,FLAB,SAMP,MON,SA,G,DO,,N,A,0,,,FIU,0,25.1504805,-80.8092194,,,,FIU,
FLAB14,FIU14980,8,DISSOLVED OXYGEN,3/10/1993,4.1,mg/L,,FLAB,SAMP,MON,SA,G,DO,,N,A,0,,,FIU,0,25.1504805,-80.8092194,,,,FIU,
FLAB14,FIU14981,8,DISSOLVED OXYGEN,4/7/1993,4.6,mg/L,,FLAB,SAMP,MON,SA,G,DO,,N,A,0,,,FIU,0,25.1504805,-80.8092194,,,,FIU,
FLAB14,FIU14982,8,DISSOLVED OXYGEN,5/12/1993,4,mg/L,,FLAB,SAMP,MON,SA,G,DO,,N,A,0,,,FIU,0,25.1504805,-80.8092194,,,,FIU,
FLAB14,FIU14983,8,DISSOLVED OXYGEN,6/3/1993,3.5,mg/L,,FLAB,SAMP,MON,SA,G,DO,,N,A,0,,,FIU,0,25.1504805,-80.8092194,,,,FIU,
FLAB14,FIU14984,8,DISSOLVED OXYGEN,7/7/1993,6,mg/L,,FLAB,SAMP,MON,SA,G,DO,,N,A,0,,,FIU,0,25.1504805,-80.8092194,,,,FIU,
FLAB14,FIU14985,8,DISSOLVED OXYGEN,8/4/1993,3.5,mg/L,,FLAB,SAMP,MON,SA,G,DO,,N,A,0,,,FIU,0,25.1504805,-80.8092194,,,,FIU,
FLAB14,FIU14986,8,DISSOLVED OXYGEN,9/9/1993,5.4,mg/L,,FLAB,SAMP,MON,SA,G,DO,,N,A,0,,,FIU,0,25.1504805,-80.8092194,,,,FIU,
FLAB14,FIU14987,8,DISSOLVED OXYGEN,10/6/1993,5.4,mg/L,,FLAB,SAMP,MON,SA,G,DO,,N,A,0,,,FIU,0,25.1504805,-80.8092194,,,,FIU,
FLAB14,FIU14988,8,DISSOLVED OXYGEN,11/3/1993,6.6,mg/L,,FLAB,SAMP,MON,SA,G,DO,,N,A,0,,,FIU,0,25.1504805,-80.8092194,,,,FIU,
FLAB14,FIU14989,8,DISSOLVED OXYGEN,12/2/1993,5.3,mg/L,,FLAB,SAMP,MON,SA,G,DO,,N,A,0,,,FIU,0,25.1504805,-80.8092194,,,,FIU,
FLAB14,FIU14990,8,DISSOLVED OXYGEN,1/11/1994,5.9,mg/L,,FLAB,SAMP,MON,SA,G,DO,,N,A,0,,,FIU,0,25.1504805,-80.8092194,,,,FIU,
FLAB14,FIU14991,8,DISSOLVED OXYGEN,2/2/1994,6.3,mg/L,,FLAB,SAMP,MON,SA,G,DO,,N,A,0,,,FIU,0,25.1504805,-80.8092194,,,,FIU,
FLAB14,FIU14992,8,DISSOLVED OXYGEN,3/8/1994,5.4,mg/L,,FLAB,SAMP,MON,SA,G,DO,,N,A,0,,,FIU,0,25.1504805,-80.8092194,,,,FIU,
FLAB14,FIU14995,8,DISSOLVED OXYGEN,5/4/1994,5.1,mg/L,D,FLAB,SAMP,MON,SA,G,DO,,N,A,0,,,FIU,0,25.1504805,-80.8092194,,,,FIU,
FLAB14,FIU14996,8,DISSOLVED OXYGEN,5/4/1994,5.1,mg/L,D,FLAB,SAMP,MON,SA,G,DO,,N,A,0.8,,,FIU,0,25.1504805,-80.8092194,,,,FIU,
FLAB14,FIU14998,8,DISSOLVED OXYGEN,6/8/1994,5.3,mg/L,D,FLAB,SAMP,MON,SA,G,DO,,N,A,0.8,,,FIU,0,25.1504805,-80.8092194,,,,FIU,
FLAB14,FIU14997,8,DISSOLVED OXYGEN,6/8/1994,5.1,mg/L,D,FLAB,SAMP,MON,SA,G,DO,,N,A,0,,,FIU,0,25.1504805,-80.8092194,,,,FIU,
FLAB14,FIU14999,8,DISSOLVED OXYGEN,7/7/1994,4.8,mg/L,D,FLAB,SAMP,MON,SA,G,DO,,N,A,0,,,FIU,0,25.1504805,-80.8092194,,,,FIU,
FLAB14,FIU15000,8,DISSOLVED OXYGEN,7/7/1994,4.8,mg/L,D,FLAB,SAMP,MON,SA,G,DO,,N,A,0.8,,,FIU,0,25.1504805,-80.8092194,,,,FIU,
FLAB14,FIU15001,8,DISSOLVED OXYGEN,8/4/1994,4,mg/L,D,FLAB,SAMP,MON,SA,G,DO,,N,A,0,,,FIU,0,25.1504805,-80.8092194,,,,FIU,
FLAB14,FIU15002,8,DISSOLVED OXYGEN,8/4/1994,4,mg/L,D,FLAB,SAMP,MON,SA,G,DO,,N,A,0.9,,,FIU,0,25.1504805,-80.8092194,,,,FIU,
FLAB14,FIU15004,8,DISSOLVED OXYGEN,9/14/1994,5.9,mg/L,D,FLAB,SAMP,MON,SA,G,DO,,N,A,0.9,,,FIU,0,25.1504805,-80.8092194,,,,FIU,
FLAB14,FIU15003,8,DISSOLVED OXYGEN,9/14/1994,5.9,mg/L,D,FLAB,SAMP,MON,SA,G,DO,,N,A,0,,,FIU,0,25.1504805,-80.8092194,,,,FIU,
FLAB14,FIU15006,8,DISSOLVED OXYGEN,10/5/1994,4.2,mg/L,D,FLAB,SAMP,MON,SA,G,DO,,N,A,0.9,,,FIU,0,25.1504805,-80.8092194,,,,FIU,
FLAB14,FIU15005,8,DISSOLVED OXYGEN,10/5/1994,4.6,mg/L,D,FLAB,SAMP,MON,SA,G,DO,,N,A,0,,,FIU,0,25.1504805,-80.8092194,,,,FIU,
FLAB14,FIU15007,8,DISSOLVED OXYGEN,11/2/1994,6.9,mg/L,D,FLAB,SAMP,MON,SA,G,DO,,N,A,0,,,FIU,0,25.1504805,-80.8092194,,,,FIU,
FLAB14,FIU15008,8,DISSOLVED OXYGEN,11/2/1994,6,mg/L,D,FLAB,SAMP,MON,SA,G,DO,,N,A,0.9,,,FIU,0,25.1504805,-80.8092194,,,,FIU,
FLAB14,FIU15009,8,DISSOLVED OXYGEN,11/22/1994,7.5,mg/L,D,FLAB,SAMP,MON,SA,G,DO,,N,A,0,,,FIU,0,25.1504805,-80.8092194,,,,FIU,
FLAB14,FIU15010,8,DISSOLVED OXYGEN,11/22/1994,6.1,mg/L,D,FLAB,SAMP,MON,SA,G,DO,,N,A,0.9,,,FIU,0,25.1504805,-80.8092194,,,,FIU,
FLAB14,FIU15012,8,DISSOLVED OXYGEN,12/1/1994,6.4,mg/L,D,FLAB,SAMP,MON,SA,G,DO,,N,A,0.9,,,FIU,0,25.1504805,-80.8092194,,,,FIU,
FLAB14,FIU15011,8,DISSOLVED OXYGEN,12/1/1994,6.4,mg/L,D,FLAB,SAMP,MON,SA,G,DO,,N,A,0,,,FIU,0,25.1504805,-80.8092194,,,,FIU,
FLAB14,FIU15014,8,DISSOLVED OXYGEN,1/5/1995,6.7,mg/L,,FLAB,SAMP,MON,SA,G,DO,,N,A,0.9,,,FIU,0,25.1504805,-80.8092194,,,,FIU,
FLAB14,FIU15013,8,DISSOLVED OXYGEN,1/5/1995,6.7,mg/L,,FLAB,SAMP,MON,SA,G,DO,,N,A,0,,,FIU,0,25.1504805,-80.8092194,,,,FIU,
FLAB14,FIU15015,8,DISSOLVED OXYGEN,2/2/1995,7.3,mg/L,D,FLAB,SAMP,MON,SA,G,DO,,N,A,0,,,FIU,0,25.1504805,-80.8092194,,,,FIU,
FLAB14,FIU15016,8,DISSOLVED OXYGEN,2/2/1995,7.3,mg/L,D,FLAB,SAMP,MON,SA,G,DO,,N,A,0.9,,,FIU,0,25.1504805,-80.8092194,,,,FIU,
FLAB14,FIU15018,8,DISSOLVED OXYGEN,3/1/1995,5.9,mg/L,D,FLAB,SAMP,MON,SA,G,DO,,N,A,0.9,,,FIU,0,25.1504805,-80.8092194,,,,FIU,
FLAB14,FIU15017,8,DISSOLVED OXYGEN,3/1/1995,5.9,mg/L,D,FLAB,SAMP,MON,SA,G,DO,,N,A,0,,,FIU,0,25.1504805,-80.8092194,,,,FIU,
FLAB14,FIU15019,8,DISSOLVED OXYGEN,4/19/1995,6.2,mg/L,D,FLAB,SAMP,MON,SA,G,DO,,N,A,0,,,FIU,0,25.1504805,-80.8092194,,,,FIU,
FLAB14,FIU15020,8,DISSOLVED OXYGEN,4/19/1995,6.1,mg/L,D,FLAB,SAMP,MON,SA,G,DO,,N,A,0.9,,,FIU,0,25.1504805,-80.8092194,,,,FIU,
FLAB14,FIU15021,8,DISSOLVED OXYGEN,5/24/1995,6.5,mg/L,D,FLAB,SAMP,MON,SA,G,DO,,N,A,0,,,FIU,0,25.1504805,-80.8092194,,,,FIU,
FLAB14,FIU15022,8,DISSOLVED OXYGEN,5/24/1995,6.4,mg/L,D,FLAB,SAMP,MON,SA,G,DO,,N,A,0.9,,,FIU,0,25.1504805,-80.8092194,,,,FIU,
FLAB14,FIU15023,8,DISSOLVED OXYGEN,6/21/1995,4.5,mg/L,D,FLAB,SAMP,MON,SA,G,DO,,N,A,0,,,FIU,0,25.1504805,-80.8092194,,,,FIU,
FLAB14,FIU15024,8,DISSOLVED OXYGEN,6/21/1995,4.5,mg/L,D,FLAB,SAMP,MON,SA,G,DO,,N,A,0.9,,,FIU,0,25.1504805,-80.8092194,,,,FIU,
FLAB14,FIU15025,8,DISSOLVED OXYGEN,7/12/1995,6.3,mg/L,D,FLAB,SAMP,MON,SA,G,DO,,N,A,0,,,FIU,0,25.1504805,-80.8092194,,,,FIU,
FLAB14,FIU15026,8,DISSOLVED OXYGEN,7/12/1995,6.4,mg/L,D,FLAB,SAMP,MON,SA,G,DO,,N,A,0.9,,,FIU,0,25.1504805,-80.8092194,,,,FIU,
FLAB14,FIU15027,8,DISSOLVED OXYGEN,8/11/1995,4.7,mg/L,D,FLAB,SAMP,MON,SA,G,DO,,N,A,0,,,FIU,0,25.1504805,-80.8092194,,,,FIU,
FLAB14,FIU15028,8,DISSOLVED OXYGEN,8/11/1995,4.8,mg/L,D,FLAB,SAMP,MON,SA,G,DO,,N,A,0.9,,,FIU,0,25.1504805,-80.8092194,,,,FIU,
FLAB14,FIU15029,8,DISSOLVED OXYGEN,9/6/1995,4.6,mg/L,D,FLAB,SAMP,MON,SA,G,DO,,N,A,0,,,FIU,0,25.1504805,-80.8092194,,,,FIU,
FLAB14,FIU15030,8,DISSOLVED OXYGEN,9/6/1995,4.6,mg/L,D,FLAB,SAMP,MON,SA,G,DO,,N,A,0.9,,,FIU,0,25.1504805,-80.8092194,,,,FIU,
FLAB14,FIU15031,8,DISSOLVED OXYGEN,10/22/1995,6.2,mg/L,D,FLAB,SAMP,MON,SA,G,DO,,N,A,0,,,FIU,0,25.1504805,-80.8092194,,,,FIU,
FLAB14,FIU15032,8,DISSOLVED OXYGEN,10/22/1995,6.2,mg/L,D,FLAB,SAMP,MON,SA,G,DO,,N,A,0.9,,,FIU,0,25.1504805,-80.8092194,,,,FIU,
FLAB14,FIU15033,8,DISSOLVED OXYGEN,11/17/1995,9.7,mg/L,D,FLAB,SAMP,MON,SA,G,DO,,N,A,0,,,FIU,0,25.1504805,-80.8092194,,,,FIU,
FLAB14,FIU15034,8,DISSOLVED OXYGEN,11/17/1995,9.7,mg/L,D,FLAB,SAMP,MON,SA,G,DO,,N,A,0.9,,,FIU,0,25.1504805,-80.8092194,,,,FIU,
FLAB14,FIU15035,8,DISSOLVED OXYGEN,12/14/1995,5.2,mg/L,D,FLAB,SAMP,MON,SA,G,DO,,N,A,0,,,FIU,0,25.1504805,-80.8092194,,,,FIU,
FLAB14,FIU15036,8,DISSOLVED OXYGEN,12/14/1995,5.3,mg/L,D,FLAB,SAMP,MON,SA,G,DO,,N,A,0.9,,,FIU,0,25.1504805,-80.8092194,,,,FIU,
FLAB14,FIU15037,8,DISSOLVED OXYGEN,1/23/1996,7.8,mg/L,D,FLAB,SAMP,MON,SA,G,DO,,N,A,0,,,FIU,0,25.1504805,-80.8092194,,,,FIU,
FLAB14,FIU15038,8,DISSOLVED OXYGEN,1/23/1996,7.8,mg/L,D,FLAB,SAMP,MON,SA,G,DO,,N,A,0.9,,,FIU,0,25.1504805,-80.8092194,,,,FIU,
FLAB14,FIU15039,8,DISSOLVED OXYGEN,2/12/1996,7.5,mg/L,D,FLAB,SAMP,MON,SA,G,DO,,N,A,0,,,FIU,0,25.1504805,-80.8092194,,,,FIU,
FLAB14,FIU15040,8,DISSOLVED OXYGEN,2/12/1996,7.4,mg/L,D,FLAB,SAMP,MON,SA,G,DO,,N,A,0.9,,,FIU,0,25.1504805,-80.8092194,,,,FIU,
FLAB14,FIU15041,8,DISSOLVED OXYGEN,3/22/1996,7.4,mg/L,D,FLAB,SAMP,MON,SA,G,DO,,N,A,0,,,FIU,0,25.1504805,-80.8092194,,,,FIU,
FLAB14,FIU15042,8,DISSOLVED OXYGEN,3/22/1996,7.1,mg/L,D,FLAB,SAMP,MON,SA,G,DO,,N,A,0.9,,,FIU,0,25.1504805,-80.8092194,,,,FIU,
FLAB14,FIU15043,8,DISSOLVED OXYGEN,4/25/1996,5.8,mg/L,D,FLAB,SAMP,MON,SA,G,DO,,N,A,0,,,FIU,0,25.1504805,-80.8092194,,,,FIU,
FLAB14,FIU15044,8,DISSOLVED OXYGEN,4/25/1996,5.7,mg/L,D,FLAB,SAMP,MON,SA,G,DO,,N,A,0.9,,,FIU,0,25.1504805,-80.8092194,,,,FIU,
FLAB14,FIU15046,8,DISSOLVED OXYGEN,5/10/1996,6.3,mg/L,D,FLAB,SAMP,MON,SA,G,DO,,N,A,0.9,,,FIU,0,25.1504805,-80.8092194,,,,FIU,
FLAB14,FIU15045,8,DISSOLVED OXYGEN,5/10/1996,6.3,mg/L,D,FLAB,SAMP,MON,SA,G,DO,,N,A,0,,,FIU,0,25.1504805,-80.8092194,,,,FIU,
FLAB14,FIU15047,8,DISSOLVED OXYGEN,6/6/1996,9.8,mg/L,D,FLAB,SAMP,MON,SA,G,DO,,N,A,0,,,FIU,0,25.1504805,-80.8092194,,,,FIU,
FLAB14,FIU15048,8,DISSOLVED OXYGEN,6/6/1996,9.9,mg/L,D,FLAB,SAMP,MON,SA,G,DO,,N,A,0.9,,,FIU,0,25.1504805,-80.8092194,,,,FIU,
FLAB14,FIU15049,8,DISSOLVED OXYGEN,7/4/1996,6.4,mg/L,D,FLAB,SAMP,MON,SA,G,DO,,N,A,0.1,,,FIU,0,25.1504805,-80.8092194,,,,FIU,
FLAB14,FIU15050,8,DISSOLVED OXYGEN,7/4/1996,6.4,mg/L,D,FLAB,SAMP,MON,SA,G,DO,,N,A,0.9,,,FIU,0,25.1504805,-80.8092194,,,,FIU,
FLAB14,FIU15052,8,DISSOLVED OXYGEN,8/22/1996,5.4,mg/L,D,FLAB,SAMP,MON,SA,G,DO,,N,A,0.9,,,FIU,0,25.1504805,-80.8092194,,,,FIU,
FLAB14,FIU15051,8,DISSOLVED OXYGEN,8/22/1996,5.4,mg/L,D,FLAB,SAMP,MON,SA,G,DO,,N,A,0.1,,,FIU,0,25.1504805,-80.8092194,,,,FIU,
FLAB14,FIU15054,8,DISSOLVED OXYGEN,9/14/1996,6.9,mg/L,D,FLAB,SAMP,MON,SA,G,DO,,N,A,0.9,,,FIU,0,25.1504805,-80.8092194,,,,FIU,
FLAB14,FIU15053,8,DISSOLVED OXYGEN,9/14/1996,6.8,mg/L,D,FLAB,SAMP,MON,SA,G,DO,,N,A,0.1,,,FIU,0,25.1504805,-80.8092194,,,,FIU,
FLAB14,FIU15056,8,DISSOLVED OXYGEN,10/15/1996,7.2,mg/L,D,FLAB,SAMP,MON,SA,G,DO,,N,A,0.9,,,FIU,0,25.1504805,-80.8092194,,,,FIU,
FLAB14,FIU15055,8,DISSOLVED OXYGEN,10/15/1996,7.2,mg/L,D,FLAB,SAMP,MON,SA,G,DO,,N,A,0.1,,,FIU,0,25.1504805,-80.8092194,,,,FIU,
FLAB14,FIU15057,8,DISSOLVED OXYGEN,11/7/1996,6,mg/L,D,FLAB,SAMP,MON,SA,G,DO,,N,A,0.1,,,FIU,0,25.1504805,-80.8092194,,,,FIU,
FLAB14,FIU15058,8,DISSOLVED OXYGEN,11/7/1996,6,mg/L,D,FLAB,SAMP,MON,SA,G,DO,,N,A,0.9,,,FIU,0,25.1504805,-80.8092194,,,,FIU,
FLAB14,FIU15059,8,DISSOLVED OXYGEN,12/6/1996,7.7,mg/L,D,FLAB,SAMP,MON,SA,G,DO,,N,A,0.1,,,FIU,0,25.1504805,-80.8092194,,,,FIU,
FLAB14,FIU15060,8,DISSOLVED OXYGEN,12/6/1996,7.9,mg/L,D,FLAB,SAMP,MON,SA,G,DO,,N,A,0.9,,,FIU,0,25.1504805,-80.8092194,,,,FIU,
FLAB14,FIU15061,8,DISSOLVED OXYGEN,1/8/1997,4.7,mg/L,D,FLAB,SAMP,MON,SA,G,DO,,N,A,0.1,,,FIU,0,25.1504805,-80.8092194,,,,FIU,
FLAB14,FIU15062,8,DISSOLVED OXYGEN,1/8/1997,4.7,mg/L,D,FLAB,SAMP,MON,SA,G,DO,,N,A,0.9,,,FIU,0,25.1504805,-80.8092194,,,,FIU,
FLAB14,FIU15063,8,DISSOLVED OXYGEN,2/15/1997,6.6,mg/L,D,FLAB,SAMP,MON,SA,G,DO,,N,A,0.1,,,FIU,0,25.1504805,-80.8092194,,,,FIU,
FLAB14,FIU15064,8,DISSOLVED OXYGEN,2/15/1997,6.6,mg/L,D,FLAB,SAMP,MON,SA,G,DO,,N,A,0.9,,,FIU,0,25.1504805,-80.8092194,,,,FIU,
FLAB14,FIU15065,8,DISSOLVED OXYGEN,3/12/1997,7.8,mg/L,D,FLAB,SAMP,MON,SA,G,DO,,N,A,0.1,,,FIU,0,25.1504805,-80.8092194,,,,FIU,
FLAB14,FIU15066,8,DISSOLVED OXYGEN,3/12/1997,7.8,mg/L,D,FLAB,SAMP,MON,SA,G,DO,,N,A,0.9,,,FIU,0,25.1504805,-80.8092194,,,,FIU,
FLAB14,FIU15067,8,DISSOLVED OXYGEN,4/16/1997,6.3,mg/L,D,FLAB,SAMP,MON,SA,G,DO,,N,A,0.1,,,FIU,0,25.1504805,-80.8092194,,,,FIU,
FLAB14,FIU15068,8,DISSOLVED OXYGEN,4/16/1997,6.3,mg/L,D,FLAB,SAMP,MON,SA,G,DO,,N,A,0.9,,,FIU,0,25.1504805,-80.8092194,,,,FIU,
FLAB14,FIU15069,8,DISSOLVED OXYGEN,5/22/1997,8.8,mg/L,D,FLAB,SAMP,MON,SA,G,DO,,N,A,0.1,,,FIU,0,25.1504805,-80.8092194,,,,FIU,
FLAB14,FIU15070,8,DISSOLVED OXYGEN,5/22/1997,8.9,mg/L,D,FLAB,SAMP,MON,SA,G,DO,,N,A,0.9,,,FIU,0,25.1504805,-80.8092194,,,,FIU,
FLAB14,FIU15071,8,DISSOLVED OXYGEN,6/12/1997,6.8,mg/L,D,FLAB,SAMP,MON,SA,G,DO,,N,A,0.1,,,FIU,0,25.1504805,-80.8092194,,,,FIU,
FLAB14,FIU15072,8,DISSOLVED OXYGEN,6/12/1997,6.8,mg/L,D,FLAB,SAMP,MON,SA,G,DO,,N,A,0.9,,,FIU,0,25.1504805,-80.8092194,,,,FIU,
FLAB14,FIU15074,8,DISSOLVED OXYGEN,8/20/1997,7.6,mg/L,D,FLAB,SAMP,MON,SA,G,DO,,N,A,0.1,,,FIU,0,25.1504805,-80.8092194,,,,FIU,
FLAB14,FIU15075,8,DISSOLVED OXYGEN,8/20/1997,7.8,mg/L,D,FLAB,SAMP,MON,SA,G,DO,,N,A,0.9,,,FIU,0,25.1504805,-80.8092194,,,,FIU,
FLAB14,FIU15076,8,DISSOLVED OXYGEN,9/10/1997,7.9,mg/L,D,FLAB,SAMP,MON,SA,G,DO,,N,A,0.1,,,FIU,0,25.1504805,-80.8092194,,,,FIU,
FLAB14,FIU15077,8,DISSOLVED OXYGEN,9/10/1997,7.6,mg/L,D,FLAB,SAMP,MON,SA,G,DO,,N,A,0.9,,,FIU,0,25.1504805,-80.8092194,,,,FIU,
FLAB14,FIU15078,8,DISSOLVED OXYGEN,10/21/1997,6.6,mg/L,D,FLAB,SAMP,MON,SA,G,DO,,N,A,0.1,,,FIU,0,25.1504805,-80.8092194,,,,FIU,
FLAB14,FIU15079,8,DISSOLVED OXYGEN,10/21/1997,6.7,mg/L,D,FLAB,SAMP,MON,SA,G,DO,,N,A,0.9,,,FIU,0,25.1504805,-80.8092194,,,,FIU,
FLAB14,FIU15080,8,DISSOLVED OXYGEN,11/25/1997,5.9,mg/L,D,FLAB,SAMP,MON,SA,G,DO,,N,A,0.1,,,FIU,0,25.1504805,-80.8092194,,,,FIU,
FLAB14,FIU15081,8,DISSOLVED OXYGEN,11/25/1997,5.9,mg/L,D,FLAB,SAMP,MON,SA,G,DO,,N,A,0.9,,,FIU,0,25.1504805,-80.8092194,,,,FIU,
FLAB14,FIU15082,8,DISSOLVED OXYGEN,12/12/1997,6.9,mg/L,D,FLAB,SAMP,MON,SA,G,DO,,N,A,0.1,,,FIU,0,25.1504805,-80.8092194,,,,FIU,
FLAB14,FIU15083,8,DISSOLVED OXYGEN,12/12/1997,7,mg/L,D,FLAB,SAMP,MON,SA,G,DO,,N,A,0.9,,,FIU,0,25.1504805,-80.8092194,,,,FIU,
FLAB14,FIU15084,8,DISSOLVED OXYGEN,1/21/1998,6.4,mg/L,D,FLAB,SAMP,MON,SA,G,DO,,N,A,0.1,,,FIU,0,25.1504805,-80.8092194,,,,FIU,
FLAB14,FIU15085,8,DISSOLVED OXYGEN,1/21/1998,6.8,mg/L,D,FLAB,SAMP,MON,SA,G,DO,,N,A,0.9,,,FIU,0,25.1504805,-80.8092194,,,,FIU,
FLAB14,FIU15086,8,DISSOLVED OXYGEN,2/18/1998,6.1,mg/L,D,FLAB,SAMP,MON,SA,G,DO,,N,A,0.1,,,FIU,0,25.1504805,-80.8092194,,,,FIU,
FLAB14,FIU15087,8,DISSOLVED OXYGEN,2/18/1998,6.6,mg/L,D,FLAB,SAMP,MON,SA,G,DO,,N,A,0.9,,,FIU,0,25.1504805,-80.8092194,,,,FIU,
FLAB14,FIU15088,8,DISSOLVED OXYGEN,3/20/1998,6.1,mg/L,D,FLAB,SAMP,MON,SA,G,DO,,N,A,0.1,,,FIU,0,25.1504805,-80.8092194,,,,FIU,
FLAB14,FIU15089,8,DISSOLVED OXYGEN,3/20/1998,6.3,mg/L,D,FLAB,SAMP,MON,SA,G,DO,,N,A,0.9,,,FIU,0,25.1504805,-80.8092194,,,,FIU,
FLAB14,FIU15090,8,DISSOLVED OXYGEN,4/15/1998,6,mg/L,D,FLAB,SAMP,MON,SA,G,DO,,N,A,0.1,,,FIU,0,25.1504805,-80.8092194,,,,FIU,
FLAB14,FIU15091,8,DISSOLVED OXYGEN,4/15/1998,6.9,mg/L,D,FLAB,SAMP,MON,SA,G,DO,,N,A,0.9,,,FIU,0,25.1504805,-80.8092194,,,,FIU,
FLAB14,FIU15092,8,DISSOLVED OXYGEN,5/14/1998,7.7,mg/L,D,FLAB,SAMP,MON,SA,G,DO,,N,A,0.1,,,FIU,0,25.1504805,-80.8092194,,,,FIU,
FLAB14,FIU15093,8,DISSOLVED OXYGEN,5/14/1998,7.8,mg/L,D,FLAB,SAMP,MON,SA,G,DO,,N,A,0.9,,,FIU,0,25.1504805,-80.8092194,,,,FIU,
FLAB14,FIU15094,8,DISSOLVED OXYGEN,6/10/1998,6.7,mg/L,D,FLAB,SAMP,MON,SA,G,DO,,N,A,0.1,,,FIU,0,25.1504805,-80.8092194,,,,FIU,
FLAB14,FIU15095,8,DISSOLVED OXYGEN,6/10/1998,6.7,mg/L,D,FLAB,SAMP,MON,SA,G,DO,,N,A,0.9,,,FIU,0,25.1504805,-80.8092194,,,,FIU,
FLAB14,FIU15096,8,DISSOLVED OXYGEN,7/14/1998,7.8,mg/L,D,FLAB,SAMP,MON,SA,G,DO,,N,A,0.1,,,FIU,0,25.1504805,-80.8092194,,,,FIU,
FLAB14,FIU15097,8,DISSOLVED OXYGEN,7/14/1998,8,mg/L,D,FLAB,SAMP,MON,SA,G,DO,,N,A,0.9,,,FIU,0,25.1504805,-80.8092194,,,,FIU,
FLAB14,FIU15098,8,DISSOLVED OXYGEN,8/19/1998,8.3,mg/L,D,FLAB,SAMP,MON,SA,G,DO,,N,A,0.1,,,FIU,0,25.1504805,-80.8092194,,,,FIU,
FLAB14,FIU15099,8,DISSOLVED OXYGEN,8/19/1998,8.4,mg/L,D,FLAB,SAMP,MON,SA,G,DO,,N,A,0.9,,,FIU,0,25.1504805,-80.8092194,,,,FIU,
FLAB14,FIU15100,8,DISSOLVED OXYGEN,9/17/1998,8.5,mg/L,D,FLAB,SAMP,MON,SA,G,DO,,N,A,0.1,,,FIU,0,25.1504805,-80.8092194,,,,FIU,
FLAB14,FIU15101,8,DISSOLVED OXYGEN,9/17/1998,8.5,mg/L,D,FLAB,SAMP,MON,SA,G,DO,,N,A,0.9,,,FIU,0,25.1504805,-80.8092194,,,,FIU,
FLAB14,FIU15102,8,DISSOLVED OXYGEN,9/30/1998,8.5,mg/L,D,FLAB,SAMP,MON,SA,G,DO,,N,A,0.1,,,FIU,0,25.1504805,-80.8092194,,,,FIU,
FLAB14,FIU15103,8,DISSOLVED OXYGEN,9/30/1998,8.5,mg/L,D,FLAB,SAMP,MON,SA,G,DO,,N,A,0.9,,,FIU,0,25.1504805,-80.8092194,,,,FIU,
FLAB14,FIU15104,8,DISSOLVED OXYGEN,11/3/1998,7,mg/L,D,FLAB,SAMP,MON,SA,G,DO,,N,A,0.1,,,FIU,0,25.1504805,-80.8092194,,,,FIU,
FLAB14,FIU15105,8,DISSOLVED OXYGEN,11/3/1998,7.3,mg/L,D,FLAB,SAMP,MON,SA,G,DO,,N,A,0.9,,,FIU,0,25.1504805,-80.8092194,,,,FIU,
FLAB14,FIU15106,8,DISSOLVED OXYGEN,12/1/1998,9,mg/L,D,FLAB,SAMP,MON,SA,G,DO,,N,A,0.1,,,FIU,0,25.1504805,-80.8092194,,,,FIU,
FLAB14,FIU15107,8,DISSOLVED OXYGEN,12/1/1998,9,mg/L,D,FLAB,SAMP,MON,SA,G,DO,,N,A,0.9,,,FIU,0,25.1504805,-80.8092194,,,,FIU,
FLAB14,FIU15108,8,DISSOLVED OXYGEN,1/14/1999,8.8,mg/L,D,FLAB,SAMP,MON,SA,G,DO,,N,A,0.1,,,FIU,0,25.1504805,-80.8092194,,,,FIU,
FLAB14,FIU15109,8,DISSOLVED OXYGEN,1/14/1999,8.8,mg/L,D,FLAB,SAMP,MON,SA,G,DO,,N,A,0.9,,,FIU,0,25.1504805,-80.8092194,,,,FIU,
FLAB14,FIU15110,8,DISSOLVED OXYGEN,2/10/1999,8,mg/L,D,FLAB,SAMP,MON,SA,G,DO,,N,A,0.1,,,FIU,0,25.1504805,-80.8092194,,,,FIU,
FLAB14,FIU15111,8,DISSOLVED OXYGEN,2/10/1999,8,mg/L,D,FLAB,SAMP,MON,SA,G,DO,,N,A,0.9,,,FIU,0,25.1504805,-80.8092194,,,,FIU,
FLAB14,FIU15112,8,DISSOLVED OXYGEN,3/23/1999,9.5,mg/L,D,FLAB,SAMP,MON,SA,G,DO,,N,A,0.1,,,FIU,0,25.1504805,-80.8092194,,,,FIU,
FLAB14,FIU15113,8,DISSOLVED OXYGEN,3/23/1999,9.5,mg/L,D,FLAB,SAMP,MON,SA,G,DO,,N,A,0.9,,,FIU,0,25.1504805,-80.8092194,,,,FIU,
FLAB14,FIU15114,8,DISSOLVED OXYGEN,4/29/1999,5.7,mg/L,D,FLAB,SAMP,MON,SA,G,DO,,N,A,0.1,,,FIU,0,25.1504805,-80.8092194,,,,FIU,
FLAB14,FIU15115,8,DISSOLVED OXYGEN,4/29/1999,5.9,mg/L,D,FLAB,SAMP,MON,SA,G,DO,,N,A,0.9,,,FIU,0,25.1504805,-80.8092194,,,,FIU,
FLAB14,FIU15117,8,DISSOLVED OXYGEN,5/28/1999,4.9,mg/L,D,FLAB,SAMP,MON,SA,G,DO,,N,A,0.9,,,FIU,0,25.1504805,-80.8092194,,,,FIU,
FLAB14,FIU15116,8,DISSOLVED OXYGEN,5/28/1999,4.9,mg/L,D,FLAB,SAMP,MON,SA,G,DO,,N,A,0.1,,,FIU,0,25.1504805,-80.8092194,,,,FIU,
FLAB14,FIU15118,8,DISSOLVED OXYGEN,6/17/1999,4.8,mg/L,D,FLAB,SAMP,MON,SA,G,DO,,N,A,0.1,,,FIU,0,25.1504805,-80.8092194,,,,FIU,
FLAB14,FIU15119,8,DISSOLVED OXYGEN,6/17/1999,4.8,mg/L,D,FLAB,SAMP,MON,SA,G,DO,,N,A,0.9,,,FIU,0,25.1504805,-80.8092194,,,,FIU,
FLAB14,FIU15120,8,DISSOLVED OXYGEN,7/6/1999,8.7,mg/L,D,FLAB,SAMP,MON,SA,G,DO,,N,A,0.1,,,FIU,0,25.1504805,-80.8092194,,,,FIU,
FLAB14,FIU15121,8,DISSOLVED OXYGEN,7/6/1999,8.5,mg/L,D,FLAB,SAMP,MON,SA,G,DO,,N,A,0.9,,,FIU,0,25.1504805,-80.8092194,,,,FIU,
FLAB14,FIU15122,8,DISSOLVED OXYGEN,8/24/1999,8.2,mg/L,D,FLAB,SAMP,MON,SA,G,DO,,N,A,0.1,,,FIU,0,25.1504805,-80.8092194,,,,FIU,
FLAB14,FIU15123,8,DISSOLVED OXYGEN,8/24/1999,8.2,mg/L,D,FLAB,SAMP,MON,SA,G,DO,,N,A,0.9,,,FIU,0,25.1504805,-80.8092194,,,,FIU,
FLAB14,FIU15124,8,DISSOLVED OXYGEN,9/23/1999,5.6,mg/L,D,FLAB,SAMP,MON,SA,G,DO,,N,A,0.1,,,FIU,0,25.1504805,-80.8092194,,,,FIU,
FLAB14,FIU15125,8,DISSOLVED OXYGEN,9/23/1999,5.5,mg/L,D,FLAB,SAMP,MON,SA,G,DO,,N,A,0.9,,,FIU,0,25.1504805,-80.8092194,,,,FIU,
FLAB14,FIU15126,8,DISSOLVED OXYGEN,10/26/1999,8.5,mg/L,D,FLAB,SAMP,MON,SA,G,DO,,N,A,0.1,,,FIU,0,25.1504805,-80.8092194,,,,FIU,
FLAB14,FIU15127,8,DISSOLVED OXYGEN,10/26/1999,8.7,mg/L,D,FLAB,SAMP,MON,SA,G,DO,,N,A,0.9,,,FIU,0,25.1504805,-80.8092194,,,,FIU,
FLAB14,FIU15128,8,DISSOLVED OXYGEN,11/12/1999,8.5,mg/L,D,FLAB,SAMP,MON,SA,G,DO,,N,A,0.1,,,FIU,0,25.1504805,-80.8092194,,,,FIU,
FLAB14,FIU15129,8,DISSOLVED OXYGEN,11/12/1999,8.6,mg/L,D,FLAB,SAMP,MON,SA,G,DO,,N,A,0.9,,,FIU,0,25.1504805,-80.8092194,,,,FIU,
FLAB14,FIU15130,8,DISSOLVED OXYGEN,12/3/1999,8.4,mg/L,D,FLAB,SAMP,MON,SA,G,DO,,N,A,0.1,,,FIU,0,25.1504805,-80.8092194,,,,FIU,
FLAB14,FIU15131,8,DISSOLVED OXYGEN,12/3/1999,8.5,mg/L,D,FLAB,SAMP,MON,SA,G,DO,,N,A,0.9,,,FIU,0,25.1504805,-80.8092194,,,,FIU,
FLAB14,FIU15132,8,DISSOLVED OXYGEN,1/25/2000,7.1,mg/L,D,FLAB,SAMP,MON,SA,G,DO,,N,A,0.1,,,FIU,0,25.1504805,-80.8092194,,,,FIU,
FLAB14,FIU15133,8,DISSOLVED OXYGEN,1/25/2000,7.1,mg/L,D,FLAB,SAMP,MON,SA,G,DO,,N,A,0.9,,,FIU,0,25.1504805,-80.8092194,,,,FIU,
FLAB14,FIU15134,8,DISSOLVED OXYGEN,2/28/2000,8.4,mg/L,D,FLAB,SAMP,MON,SA,G,DO,,N,A,0.1,,,FIU,0,25.1504805,-80.8092194,,,,FIU,
FLAB14,FIU15135,8,DISSOLVED OXYGEN,2/28/2000,8.4,mg/L,D,FLAB,SAMP,MON,SA,G,DO,,N,A,0.9,,,FIU,0,25.1504805,-80.8092194,,,,FIU,
FLAB14,FIU15136,8,DISSOLVED OXYGEN,3/21/2000,7,mg/L,D,FLAB,SAMP,MON,SA,G,DO,,N,A,0.1,,,FIU,0,25.1504805,-80.8092194,,,,FIU,
FLAB14,FIU15137,8,DISSOLVED OXYGEN,3/21/2000,7.3,mg/L,D,FLAB,SAMP,MON,SA,G,DO,,N,A,0.9,,,FIU,0,25.1504805,-80.8092194,,,,FIU,
FLAB14,FIU15138,8,DISSOLVED OXYGEN,4/13/2000,7.8,mg/L,,FLAB,SAMP,MON,SA,G,DO,,N,A,0.1,,,FIU,0,25.1504805,-80.8092194,,,,FIU,
FLAB14,FIU15139,8,DISSOLVED OXYGEN,4/13/2000,7.7,mg/L,,FLAB,SAMP,MON,SA,G,DO,,N,A,0.9,,,FIU,0,25.1504805,-80.8092194,,,,FIU,
FLAB14,FIU15140,8,DISSOLVED OXYGEN,5/30/2000,4,mg/L,,FLAB,SAMP,MON,SA,G,DO,,N,A,0.1,,,FIU,0,25.1504805,-80.8092194,,,,FIU,
FLAB14,FIU15141,8,DISSOLVED OXYGEN,5/30/2000,4.2,mg/L,,FLAB,SAMP,MON,SA,G,DO,,N,A,0.9,,,FIU,0,25.1504805,-80.8092194,,,,FIU,
FLAB14,FIU15142,8,DISSOLVED OXYGEN,6/20/2000,7.3,mg/L,D,FLAB,SAMP,MON,SA,G,DO,,N,A,0.1,,,FIU,0,25.1504805,-80.8092194,,,,FIU,
FLAB14,FIU15143,8,DISSOLVED OXYGEN,6/20/2000,7.2,mg/L,D,FLAB,SAMP,MON,SA,G,DO,,N,A,0.9,,,FIU,0,25.1504805,-80.8092194,,,,FIU,
FLAB14,FIU15144,8,DISSOLVED OXYGEN,7/20/2000,5.7,mg/L,D,FLAB,SAMP,MON,SA,G,DO,,N,A,0.1,,,FIU,0,25.1504805,-80.8092194,,,,FIU,
FLAB14,FIU15145,8,DISSOLVED OXYGEN,7/20/2000,5.9,mg/L,D,FLAB,SAMP,MON,SA,G,DO,,N,A,0.9,,,FIU,0,25.1504805,-80.8092194,,,,FIU,
FLAB14,FIU15146,8,DISSOLVED OXYGEN,8/29/2000,9.6,mg/L,D,FLAB,SAMP,MON,SA,G,DO,,N,A,0.1,,,FIU,0,25.1504805,-80.8092194,,,,FIU,
FLAB14,FIU15147,8,DISSOLVED OXYGEN,8/29/2000,9.5,mg/L,D,FLAB,SAMP,MON,SA,G,DO,,N,A,0.9,,,FIU,0,25.1504805,-80.8092194,,,,FIU,
FLAB14,FIU15148,8,DISSOLVED OXYGEN,9/29/2000,5.8,mg/L,D,FLAB,SAMP,MON,SA,G,DO,,N,A,0.1,,,FIU,0,25.1504805,-80.8092194,,,,FIU,
FLAB14,FIU15149,8,DISSOLVED OXYGEN,9/29/2000,6.1,mg/L,D,FLAB,SAMP,MON,SA,G,DO,,N,A,0.9,,,FIU,0,25.1504805,-80.8092194,,,,FIU,
FLAB14,FIU15150,8,DISSOLVED OXYGEN,10/26/2000,5.9,mg/L,D,FLAB,SAMP,MON,SA,G,DO,,N,A,0.1,,,FIU,0,25.1504805,-80.8092194,,,,FIU,
FLAB14,FIU15151,8,DISSOLVED OXYGEN,10/26/2000,6,mg/L,D,FLAB,SAMP,MON,SA,G,DO,,N,A,0.9,,,FIU,0,25.1504805,-80.8092194,,,,FIU,
FLAB14,FIU15152,8,DISSOLVED OXYGEN,11/30/2000,7.5,mg/L,D,FLAB,SAMP,MON,SA,G,DO,,N,A,0.1,,,FIU,0,25.1504805,-80.8092194,,,,FIU,
FLAB14,FIU15153,8,DISSOLVED OXYGEN,11/30/2000,7.4,mg/L,D,FLAB,SAMP,MON,SA,G,DO,,N,A,0.9,,,FIU,0,25.1504805,-80.8092194,,,,FIU,
FLAB14,FIU15154,8,DISSOLVED OXYGEN,12/11/2000,6.5,mg/L,D,FLAB,SAMP,MON,SA,G,DO,,N,A,0.1,,,FIU,0,25.1504805,-80.8092194,,,,FIU,
FLAB14,FIU15155,8,DISSOLVED OXYGEN,12/11/2000,6.4,mg/L,D,FLAB,SAMP,MON,SA,G,DO,,N,A,0.9,,,FIU,0,25.1504805,-80.8092194,,,,FIU,
FLAB14,FIU15157,8,DISSOLVED OXYGEN,1/25/2001,8.2,mg/L,D,FLAB,SAMP,MON,SA,G,DO,,N,A,0.9,,,FIU,0,25.1504805,-80.8092194,,,,FIU,
FLAB14,FIU15156,8,DISSOLVED OXYGEN,1/25/2001,8.2,mg/L,D,FLAB,SAMP,MON,SA,G,DO,,N,A,0.1,,,FIU,0,25.1504805,-80.8092194,,,,FIU,
FLAB14,FIU15159,8,DISSOLVED OXYGEN,2/21/2001,6.8,mg/L,D,FLAB,SAMP,MON,SA,G,DO,,N,A,0.9,,,FIU,0,25.1504805,-80.8092194,,,,FIU,
FLAB14,FIU15158,8,DISSOLVED OXYGEN,2/21/2001,6.7,mg/L,D,FLAB,SAMP,MON,SA,G,DO,,N,A,0.1,,,FIU,0,25.1504805,-80.8092194,,,,FIU,
FLAB14,FIU15160,8,DISSOLVED OXYGEN,3/6/2001,6,mg/L,D,FLAB,SAMP,MON,SA,G,DO,,N,A,0.1,,,FIU,0,25.1504805,-80.8092194,,,,FIU,
FLAB14,FIU15161,8,DISSOLVED OXYGEN,3/6/2001,6,mg/L,D,FLAB,SAMP,MON,SA,G,DO,,N,A,0.9,,,FIU,0,25.1504805,-80.8092194,,,,FIU,
FLAB14,FIU15162,8,DISSOLVED OXYGEN,4/3/2001,6.3,mg/L,D,FLAB,SAMP,MON,SA,G,DO,,N,A,0.1,,,FIU,0,25.1504805,-80.8092194,,,,FIU,
FLAB14,FIU15163,8,DISSOLVED OXYGEN,4/3/2001,6.1,mg/L,D,FLAB,SAMP,MON,SA,G,DO,,N,A,0.9,,,FIU,0,25.1504805,-80.8092194,,,,FIU,
FLAB14,FIU15164,8,DISSOLVED OXYGEN,5/2/2001,5.8,mg/L,D,FLAB,SAMP,MON,SA,G,DO,,N,A,0.1,,,FIU,0,25.1504805,-80.8092194,,,,FIU,
FLAB14,FIU15165,8,DISSOLVED OXYGEN,5/2/2001,5.8,mg/L,D,FLAB,SAMP,MON,SA,G,DO,,N,A,0.9,,,FIU,0,25.1504805,-80.8092194,,,,FIU,
FLAB14,FIU110785,8,DISSOLVED OXYGEN,6/5/2001,99,mg/L,D,FLAB,SAMP,MON,SA,G,DO,,Y,A,0.9,,,FIU,0,25.1504805,-80.8092194,,,,FIU,
FLAB14,FIU110784,8,DISSOLVED OXYGEN,6/5/2001,99,mg/L,D,FLAB,SAMP,MON,SA,G,DO,,Y,A,0.1,,,FIU,0,25.1504805,-80.8092194,,,,FIU,
FLAB14,FIU15166,8,DISSOLVED OXYGEN,7/12/2001,8.3,mg/L,D,FLAB,SAMP,MON,SA,G,DO,,N,A,0.1,,,FIU,0,25.1504805,-80.8092194,,,,FIU,
FLAB14,FIU15167,8,DISSOLVED OXYGEN,7/12/2001,8.5,mg/L,D,FLAB,SAMP,MON,SA,G,DO,,N,A,0.9,,,FIU,0,25.1504805,-80.8092194,,,,FIU,
FLAB14,FIU15169,8,DISSOLVED OXYGEN,8/14/2001,2.5,mg/L,D,FLAB,SAMP,MON,SA,G,DO,,N,A,0.9,,,FIU,0,25.1504805,-80.8092194,,,,FIU,
FLAB14,FIU15168,8,DISSOLVED OXYGEN,8/14/2001,3.6,mg/L,D,FLAB,SAMP,MON,SA,G,DO,,N,A,0.1,,,FIU,0,25.1504805,-80.8092194,,,,FIU,
FLAB14,FIU15170,8,DISSOLVED OXYGEN,9/5/2001,4.8,mg/L,D,FLAB,SAMP,MON,SA,G,DO,,N,A,0.1,,,FIU,0,25.1504805,-80.8092194,,,,FIU,
FLAB14,FIU15171,8,DISSOLVED OXYGEN,9/5/2001,5,mg/L,D,FLAB,SAMP,MON,SA,G,DO,,N,A,0.9,,,FIU,0,25.1504805,-80.8092194,,,,FIU,
FLAB14,FIU110487,8,DISSOLVED OXYGEN,10/23/2001,8.6,mg/L,D,FLAB,SAMP,MON,SA,G,DO,,N,A,0.9,,,FIU,0,25.1504805,-80.8092194,,,,FIU,
FLAB14,FIU110486,8,DISSOLVED OXYGEN,10/23/2001,8.7,mg/L,D,FLAB,SAMP,MON,SA,G,DO,,N,A,0.1,,,FIU,0,25.1504805,-80.8092194,,,,FIU,
FLAB14,FIU110488,8,DISSOLVED OXYGEN,11/8/2001,8.4,mg/L,D,FLAB,SAMP,MON,SA,G,DO,,N,A,0.1,,,FIU,0,25.1504805,-80.8092194,,,,FIU,
FLAB14,FIU110489,8,DISSOLVED OXYGEN,11/8/2001,8.4,mg/L,D,FLAB,SAMP,MON,SA,G,DO,,N,A,0.9,,,FIU,0,25.1504805,-80.8092194,,,,FIU,
FLAB14,FIU110490,8,DISSOLVED OXYGEN,12/3/2001,9.3,mg/L,D,FLAB,SAMP,MON,SA,G,DO,,N,A,0.1,,,FIU,0,25.1504805,-80.8092194,,,,FIU,
FLAB14,FIU110491,8,DISSOLVED OXYGEN,12/3/2001,9.2,mg/L,D,FLAB,SAMP,MON,SA,G,DO,,N,A,0.9,,,FIU,0,25.1504805,-80.8092194,,,,FIU,
FLAB14,FIU113118,8,DISSOLVED OXYGEN,1/29/2002,8.4,mg/L,D,FLAB,SAMP,MON,SA,G,DO,,N,A,0.1,,,FIU,0,25.1504805,-80.8092194,,,,FIU,
FLAB14,FIU113119,8,DISSOLVED OXYGEN,1/29/2002,8.2,mg/L,D,FLAB,SAMP,MON,SA,G,DO,,N,A,0.9,,,FIU,0,25.1504805,-80.8092194,,,,FIU,
FLAB14,FIU113120,8,DISSOLVED OXYGEN,2/20/2002,8.6,mg/L,D,FLAB,SAMP,MON,SA,G,DO,,N,A,0.1,,,FIU,0,25.1504805,-80.8092194,,,,FIU,
FLAB14,FIU113121,8,DISSOLVED OXYGEN,2/20/2002,8.8,mg/L,D,FLAB,SAMP,MON,SA,G,DO,,N,A,0.9,,,FIU,0,25.1504805,-80.8092194,,,,FIU,
FLAB14,FIU113122,8,DISSOLVED OXYGEN,3/19/2002,7.5,mg/L,D,FLAB,SAMP,MON,SA,G,DO,,N,A,0.1,,,FIU,0,25.1504805,-80.8092194,,,,FIU,
FLAB14,FIU113123,8,DISSOLVED OXYGEN,3/19/2002,7.4,mg/L,D,FLAB,SAMP,MON,SA,G,DO,,N,A,0.9,,,FIU,0,25.1504805,-80.8092194,,,,FIU,
FLAB14,134014,8,DISSOLVED OXYGEN,4/9/2002,7.4,mg/L,,FLAB,SAMP,MON,SA,G,DO,,N,A,0.1,,,FIU,0,25.1504805,-80.8092194,,,,FIU,
FLAB14,134014B,8,DISSOLVED OXYGEN,4/9/2002,7.2,mg/L,,FLAB,SAMP,MON,SA,G,DO,,N,A,0.9,,,FIU,0,25.1504805,-80.8092194,,,,FIU,
FLAB14,135014,8,DISSOLVED OXYGEN,5/15/2002,6.3,mg/L,D,FLAB,SAMP,MON,SA,G,DO,,N,A,0.1,,,FIU,0,25.1504805,-80.8092194,,,,FIU,
FLAB14,135014B,8,DISSOLVED OXYGEN,5/15/2002,6.1,mg/L,D,FLAB,SAMP,MON,SA,G,DO,,N,A,0.9,,,FIU,0,25.1504805,-80.8092194,,,,FIU,
FLAB14,136014,8,DISSOLVED OXYGEN,6/4/2002,5.6,mg/L,D,FLAB,SAMP,MON,SA,G,DO,,N,A,0.1,,,FIU,0,25.1504805,-80.8092194,,,,FIU,
FLAB14,136014B,8,DISSOLVED OXYGEN,6/4/2002,6,mg/L,D,FLAB,SAMP,MON,SA,G,DO,,N,A,0.9,,,FIU,0,25.1504805,-80.8092194,,,,FIU,
FLAB14,137014,8,DISSOLVED OXYGEN,7/11/2002,6.5,mg/L,D,FLAB,SAMP,MON,SA,G,DO,,N,A,0.1,,,FIU,0,25.1504805,-80.8092194,,,,FIU,
FLAB14,137014B,8,DISSOLVED OXYGEN,7/11/2002,6.7,mg/L,D,FLAB,SAMP,MON,SA,G,DO,,N,A,0.9,,,FIU,0,25.1504805,-80.8092194,,,,FIU,
FLAB14,138014,8,DISSOLVED OXYGEN,8/19/2002,7,mg/L,D,FLAB,SAMP,MON,SA,G,DO,,N,A,0.1,,,FIU,0,25.1504805,-80.8092194,,,,FIU,
FLAB14,138014B,8,DISSOLVED OXYGEN,8/19/2002,7,mg/L,D,FLAB,SAMP,MON,SA,G,DO,,N,A,0.9,,,FIU,0,25.1504805,-80.8092194,,,,FIU,
FLAB14,139014,8,DISSOLVED OXYGEN,9/17/2002,5.3,mg/L,D,FLAB,SAMP,MON,SA,G,DO,,N,A,0.1,,,FIU,0,25.1504805,-80.8092194,,,,FIU,
FLAB14,139014B,8,DISSOLVED OXYGEN,9/17/2002,5.2,mg/L,D,FLAB,SAMP,MON,SA,G,DO,,N,A,0.9,,,FIU,0,25.1504805,-80.8092194,,,,FIU,
FLAB14,140014,8,DISSOLVED OXYGEN,10/17/2002,5.6,mg/L,D,FLAB,SAMP,MON,SA,G,DO,,N,A,0.1,,,FIU,0,25.1504805,-80.8092194,,,,FIU,
FLAB14,140014B,8,DISSOLVED OXYGEN,10/17/2002,5,mg/L,D,FLAB,SAMP,MON,SA,G,DO,,N,A,0.9,,,FIU,0,25.1504805,-80.8092194,,,,FIU,
FLAB14,141014,8,DISSOLVED OXYGEN,11/14/2002,6.5,mg/L,D,FLAB,SAMP,MON,SA,G,DO,,N,A,0.1,,,FIU,0,25.1504805,-80.8092194,,,,FIU,
FLAB14,141014B,8,DISSOLVED OXYGEN,11/14/2002,6.3,mg/L,D,FLAB,SAMP,MON,SA,G,DO,,N,A,0.9,,,FIU,0,25.1504805,-80.8092194,,,,FIU,
FLAB14,142014,8,DISSOLVED OXYGEN,12/11/2002,5.7,mg/L,D,FLAB,SAMP,MON,SA,G,DO,,N,A,0.1,,,FIU,0,25.1504805,-80.8092194,,,,FIU,
FLAB14,142014B,8,DISSOLVED OXYGEN,12/11/2002,5,mg/L,D,FLAB,SAMP,MON,SA,G,DO,,N,A,0.9,,,FIU,0,25.1504805,-80.8092194,,,,FIU,
FLAB14,143014,8,DISSOLVED OXYGEN,1/28/2003,7.7,mg/L,D,FLAB,SAMP,MON,SA,G,DO,,N,A,0.1,,,FIU,0,25.1504805,-80.8092194,,,,FIU,
FLAB14,143014B,8,DISSOLVED OXYGEN,1/28/2003,7.7,mg/L,D,FLAB,SAMP,MON,SA,G,DO,,N,A,0.9,,,FIU,0,25.1504805,-80.8092194,,,,FIU,
FLAB14,144014,8,DISSOLVED OXYGEN,2/25/2003,5.9,mg/L,D,FLAB,SAMP,MON,SA,G,DO,,N,A,0.1,,,FIU,0,25.1504805,-80.8092194,,,,FIU,
FLAB14,144014B,8,DISSOLVED OXYGEN,2/25/2003,5.9,mg/L,D,FLAB,SAMP,MON,SA,G,DO,,N,A,0.9,,,FIU,0,25.1504805,-80.8092194,,,,FIU,
FLAB14,145014,8,DISSOLVED OXYGEN,3/13/2003,5.8,mg/L,D,FLAB,SAMP,MON,SA,G,DO,,N,A,0.1,,,FIU,0,25.1504805,-80.8092194,,,,FIU,
FLAB14,145014B,8,DISSOLVED OXYGEN,3/13/2003,5.8,mg/L,D,FLAB,SAMP,MON,SA,G,DO,,N,A,0.9,,,FIU,0,25.1504805,-80.8092194,,,,FIU,
FLAB14,146014,8,DISSOLVED OXYGEN,4/9/2003,6.9,mg/L,D,FLAB,SAMP,MON,SA,G,DO,,N,A,0.1,,,FIU,0,25.1504805,-80.8092194,,,,FIU,
FLAB14,146014B,8,DISSOLVED OXYGEN,4/9/2003,7.1,mg/L,D,FLAB,SAMP,MON,SA,G,DO,,N,A,0.9,,,FIU,0,25.1504805,-80.8092194,,,,FIU,
FLAB14,147014,8,DISSOLVED OXYGEN,5/8/2003,7.2,mg/L,D,FLAB,SAMP,MON,SA,G,DO,,N,A,0.1,,,FIU,0,25.1504805,-80.8092194,,,,FIU,
FLAB14,147014B,8,DISSOLVED OXYGEN,5/8/2003,7.1,mg/L,D,FLAB,SAMP,MON,SA,G,DO,,N,A,0.9,,,FIU,0,25.1504805,-80.8092194,,,,FIU,
FLAB14,148014,8,DISSOLVED OXYGEN,6/10/2003,5.6,mg/L,D,FLAB,SAMP,MON,SA,G,DO,,N,A,0.1,,,FIU,0,25.1504805,-80.8092194,,,,FIU,
FLAB14,148014B,8,DISSOLVED OXYGEN,6/10/2003,5.6,mg/L,D,FLAB,SAMP,MON,SA,G,DO,,N,A,0.9,,,FIU,0,25.1504805,-80.8092194,,,,FIU,
FLAB14,149014,8,DISSOLVED OXYGEN,7/1/2003,5.5,mg/L,D,FLAB,SAMP,MON,SA,G,DO,,N,A,0.1,,,FIU,0,25.1504805,-80.8092194,,,,FIU,
FLAB14,149014B,8,DISSOLVED OXYGEN,7/1/2003,5.5,mg/L,D,FLAB,SAMP,MON,SA,G,DO,,N,A,0.9,,,FIU,0,25.1504805,-80.8092194,,,,FIU,
FLAB14,150014,8,DISSOLVED OXYGEN,8/25/2003,6.2,mg/L,D,FLAB,SAMP,MON,SA,G,DO,,N,A,0.1,,,FIU,0,25.1504805,-80.8092194,,,,FIU,
FLAB14,150014B,8,DISSOLVED OXYGEN,8/25/2003,6,mg/L,D,FLAB,SAMP,MON,SA,G,DO,,N,A,0.9,,,FIU,0,25.1504805,-80.8092194,,,,FIU,
FLAB14,151014,8,DISSOLVED OXYGEN,9/9/2003,4.2,mg/L,D,FLAB,SAMP,MON,SA,G,DO,,N,A,0.1,,,FIU,0,25.1504805,-80.8092194,,,,FIU,
FLAB14,151014B,8,DISSOLVED OXYGEN,9/9/2003,4.3,mg/L,D,FLAB,SAMP,MON,SA,G,DO,,N,A,0.9,,,FIU,0,25.1504805,-80.8092194,,,,FIU,
FLAB14,152014,8,DISSOLVED OXYGEN,10/15/2003,4.7,mg/L,D,FLAB,SAMP,MON,SA,G,DO,,N,A,0.1,,,FIU,0,25.1504805,-80.8092194,,,,FIU,
FLAB14,152014B,8,DISSOLVED OXYGEN,10/15/2003,4.7,mg/L,D,FLAB,SAMP,MON,SA,G,DO,,N,A,0.9,,,FIU,0,25.1504805,-80.8092194,,,,FIU,
FLAB14,153014,8,DISSOLVED OXYGEN,11/7/2003,6,mg/L,D,FLAB,SAMP,MON,SA,G,DO,,N,A,0.1,,,FIU,0,25.1504805,-80.8092194,,,,FIU,
FLAB14,153014B,8,DISSOLVED OXYGEN,11/7/2003,6.1,mg/L,D,FLAB,SAMP,MON,SA,G,DO,,N,A,0.9,,,FIU,0,25.1504805,-80.8092194,,,,FIU,
FLAB14,154014,8,DISSOLVED OXYGEN,12/3/2003,7.1,mg/L,D,FLAB,SAMP,MON,SA,G,DO,,N,A,0.1,,,FIU,0,25.1504805,-80.8092194,,,,FIU,
FLAB14,154014B,8,DISSOLVED OXYGEN,12/3/2003,7.2,mg/L,D,FLAB,SAMP,MON,SA,G,DO,,N,A,0.9,,,FIU,0,25.1504805,-80.8092194,,,,FIU,
FLAB14,155014,8,DISSOLVED OXYGEN,1/21/2004,6.9,mg/L,D,FLAB,SAMP,MON,SA,G,DO,,N,A,0.1,,,FIU,0,25.1504805,-80.8092194,,,,FIU,
FLAB14,156014,8,DISSOLVED OXYGEN,2/24/2004,6.5,mg/L,D,FLAB,SAMP,MON,SA,G,DO,,N,A,0.1,,,FIU,0,25.1504805,-80.8092194,,,,FIU,
FLAB14,157014,8,DISSOLVED OXYGEN,3/23/2004,6.4,mg/L,D,FLAB,SAMP,MON,SA,G,DO,,N,A,0.1,,,FIU,0,25.1504805,-80.8092194,,,,FIU,
FLAB14,FB188FB014UA,8,DISSOLVED OXYGEN,10/9/2006,6.9,mg/L,,FLAB,SAMP,MON,SA,G,DO,,N,A,0,,,FIU,0,25.1504805,-80.8092194,,,BA,WMD,
FLAB14,FB188FB014UAB,8,DISSOLVED OXYGEN,10/9/2006,6.68,mg/L,,FLAB,SAMP,MON,SA,G,DO,,N,A,0,,,FIU,0,25.1504805,-80.8092194,,,BA,WMD,Measurements done close to the bottom.
FLAB14,FB189FB014UA,8,DISSOLVED OXYGEN,11/7/2006,8.54,mg/L,,FLAB,SAMP,MON,SA,G,DO,,N,A,0,,,FIU,0,25.1504805,-80.8092194,,,BA,WMD,
FLAB14,FB189FB014UAB,8,DISSOLVED OXYGEN,11/7/2006,8.54,mg/L,,FLAB,SAMP,MON,SA,G,DO,,N,A,0,,,FIU,0,25.1504805,-80.8092194,,,BA,WMD,Measurements done close to the bottom.
FLAB14,FB190FB014UA,8,DISSOLVED OXYGEN,12/3/2006,10.1,mg/L,,FLAB,SAMP,MON,SA,G,DO,,N,A,0,,,FIU,0,25.1504805,-80.8092194,,,BA,WMD,
FLAB14,FB190FB014UAB,8,DISSOLVED OXYGEN,12/3/2006,9.59,mg/L,,FLAB,SAMP,MON,SA,G,DO,,N,A,0,,,FIU,0,25.1504805,-80.8092194,,,BA,WMD,Measurements done close to the bottom.
FLAB14,FB191FB014UA,8,DISSOLVED OXYGEN,1/11/2007,9.49,mg/L,,FLAB,SAMP,MON,SA,G,DO,,N,A,0,,,FIU,0,25.1504805,-80.8092194,,,BA,WMD,
FLAB14,FB191FB014UAB,8,DISSOLVED OXYGEN,1/11/2007,9.43,mg/L,,FLAB,SAMP,MON,SA,G,DO,,N,A,0,,,FIU,0,25.1504805,-80.8092194,,,BA,WMD,Measurements done close to the bottom.
FLAB14,FB192FB014UA,8,DISSOLVED OXYGEN,2/7/2007,7.99,mg/L,,FLAB,SAMP,MON,SA,G,DO,,N,A,0,,,FIU,0,25.1504805,-80.8092194,,,BA,WMD,
FLAB14,FB192FB014UAB,8,DISSOLVED OXYGEN,2/7/2007,8.12,mg/L,,FLAB,SAMP,MON,SA,G,DO,,N,A,0,,,FIU,0,25.1504805,-80.8092194,,,BA,WMD,Measurements done close to the bottom.
FLAB14,FB193FB014UA,8,DISSOLVED OXYGEN,3/12/2007,8.44,mg/L,,FLAB,SAMP,MON,SA,G,DO,,N,A,0,,,FIU,0,25.1504805,-80.8092194,,,BA,WMD,
FLAB14,FB193FB014UAB,8,DISSOLVED OXYGEN,3/12/2007,8.44,mg/L,,FLAB,SAMP,MON,SA,G,DO,,N,A,0,,,FIU,0,25.1504805,-80.8092194,,,BA,WMD,Measurements done close to the bottom.
FLAB14,FB194FB014UA,8,DISSOLVED OXYGEN,4/3/2007,7.93,mg/L,,FLAB,SAMP,MON,SA,G,DO,,N,A,0,,,FIU,0,25.1504805,-80.8092194,,,BA,WMD,
FLAB14,FB194FB014UAB,8,DISSOLVED OXYGEN,4/3/2007,7.99,mg/L,,FLAB,SAMP,MON,SA,G,DO,,N,A,0,,,FIU,0,25.1504805,-80.8092194,,,BA,WMD,Measurements done close to the bottom.
FLAB14,FB195FB014UA,8,DISSOLVED OXYGEN,5/1/2007,5.89,mg/L,,FLAB,SAMP,MON,SA,G,DO,,N,A,0,,,FIU,0,25.1504805,-80.8092194,,,BA,WMD,
FLAB14,FB195FB014UAB,8,DISSOLVED OXYGEN,5/1/2007,6.11,mg/L,,FLAB,SAMP,MON,SA,G,DO,,N,A,0,,,FIU,0,25.1504805,-80.8092194,,,BA,WMD,Measurements done close to the bottom.
FLAB14,FB196FB014UA,8,DISSOLVED OXYGEN,6/6/2007,4.78,mg/L,,FLAB,SAMP,MON,SA,G,DO,,N,A,0,,,FIU,0,25.1504805,-80.8092194,,,BA,WMD,
FLAB14,FB196FB014UAB,8,DISSOLVED OXYGEN,6/6/2007,4.57,mg/L,,FLAB,SAMP,MON,SA,G,DO,,N,A,0,,,FIU,0,25.1504805,-80.8092194,,,BA,WMD,Measurements done close to the bottom.
FLAB14,FB197FB014UA,8,DISSOLVED OXYGEN,7/3/2007,4.27,mg/L,A,FLAB,SAMP,MON,SA,G,DO,,N,A,0,,,FIU,0,25.1504805,-80.8092194,,,BA,WMD,
FLAB14,FB197FB014UAB,8,DISSOLVED OXYGEN,7/3/2007,4.44,mg/L,A,FLAB,SAMP,MON,SA,G,DO,,N,A,0,,,FIU,0,25.1504805,-80.8092194,,,BA,WMD,Measurements done close to the bottom.
FLAB14,FB198FB014UA,8,DISSOLVED OXYGEN,8/7/2007,3.38,mg/L,A,FLAB,SAMP,MON,SA,G,DO,,N,A,0,,,FIU,0,25.1504805,-80.8092194,,,BA,WMD,
FLAB14,FB198FB014UAB,8,DISSOLVED OXYGEN,8/7/2007,4.46,mg/L,A,FLAB,SAMP,MON,SA,G,DO,,N,A,0,,,FIU,0,25.1504805,-80.8092194,,,BA,WMD,Measurements done close to the bottom.
FLAB14,FB199FB014UA,8,DISSOLVED OXYGEN,9/5/2007,3.54,mg/L,A,FLAB,SAMP,MON,SA,G,DO,,N,A,0,,,FIU,0,25.1504805,-80.8092194,,,BA,WMD,
FLAB14,FB199FB014UAB,8,DISSOLVED OXYGEN,9/5/2007,3.69,mg/L,A,FLAB,SAMP,MON,SA,G,DO,,N,A,0,,,FIU,0,25.1504805,-80.8092194,,,BA,WMD,Measurements done close to the bottom.
FLAB14,FB200FB014,8,DISSOLVED OXYGEN,10/4/2007,8.1,mg/L,,FLAB,SAMP,MON,SA,G,DO,,N,A,0,,,FIU,0,25.1504805,-80.8092194,,,BA,WMD,
FLAB14,FB200FB014B,8,DISSOLVED OXYGEN,10/4/2007,8.12,mg/L,,FLAB,FD,MON,SA,G,DO,,N,A,0,,,FIU,0,25.1504805,-80.8092194,,,BA,WMD,Measurements done close to the bottom.
FLAB14,FB201FB014,8,DISSOLVED OXYGEN,11/7/2007,10.49,mg/L,,FLAB,SAMP,MON,SA,G,DO,,N,A,0,,,FIU,0,25.1504805,-80.8092194,,,BA,WMD,
FLAB14,FB201FB014B,8,DISSOLVED OXYGEN,11/7/2007,10.59,mg/L,,FLAB,FD,MON,SA,G,DO,,N,A,0,,,FIU,0,25.1504805,-80.8092194,,,BA,WMD,Measurements done close to the bottom.
FLAB14,FB202FB014,8,DISSOLVED OXYGEN,12/7/2007,7.9,mg/L,,FLAB,SAMP,MON,SA,G,DO,,N,A,0,,,FIU,0,25.1504805,-80.8092194,,,BA,WMD,
FLAB14,FB202FB014B,8,DISSOLVED OXYGEN,12/7/2007,8.21,mg/L,,FLAB,FD,MON,SA,G,DO,,N,A,0,,,FIU,0,25.1504805,-80.8092194,,,BA,WMD,Measurements done close to the bottom.
FLAB14,FB203FB014,8,DISSOLVED OXYGEN,1/9/2008,7.67,mg/L,,FLAB,SAMP,MON,SA,G,DO,,N,A,0,,,FIU,0,25.1504805,-80.8092194,,,BA,WMD,
FLAB14,FB203FB014B,8,DISSOLVED OXYGEN,1/9/2008,8.48,mg/L,,FLAB,SAMP,MON,SA,G,DO,,N,A,0,,,FIU,0,25.1504805,-80.8092194,,,BA,WMD,Measurements done close to the bottom.
FLAB14,FB204FB014,8,DISSOLVED OXYGEN,2/8/2008,9.01,mg/L,,FLAB,SAMP,MON,SA,G,DO,,N,A,0,,,FIU,0,25.1504805,-80.8092194,,,BA,WMD,
FLAB14,FB204FB014B,8,DISSOLVED OXYGEN,2/8/2008,9.54,mg/L,,FLAB,SAMP,MON,SA,G,DO,,N,A,0,,,FIU,0,25.1504805,-80.8092194,,,BA,WMD,Measurements done close to the bottom.
FLAB14,FB205FB014,8,DISSOLVED OXYGEN,3/5/2008,8.77,mg/L,,FLAB,SAMP,MON,SA,G,DO,,N,A,0,,,FIU,0,25.1504805,-80.8092194,,,BA,WMD,
FLAB14,FB205FB014B,8,DISSOLVED OXYGEN,3/5/2008,8.56,mg/L,,FLAB,SAMP,MON,SA,G,DO,,N,A,0,,,FIU,0,25.1504805,-80.8092194,,,BA,WMD,Measurements done close to the bottom.
FLAB14,FB206FB014,8,DISSOLVED OXYGEN,4/2/2008,7.23,mg/L,,FLAB,SAMP,MON,SA,G,DO,,N,A,0,,,FIU,0,25.1504805,-80.8092194,,,BA,WMD,
FLAB14,FB206FB014B,8,DISSOLVED OXYGEN,4/2/2008,7.5,mg/L,,FLAB,SAMP,MON,SA,G,DO,,N,A,0,,,FIU,0,25.1504805,-80.8092194,,,BA,WMD,Measurements done close to the bottom.
FLAB14,FB207FB014,8,DISSOLVED OXYGEN,5/7/2008,5.74,mg/L,,FLAB,SAMP,MON,SA,G,DO,,N,A,0,,,FIU,0,25.1504805,-80.8092194,,,BA,WMD,
FLAB14,FB207FB014B,8,DISSOLVED OXYGEN,5/7/2008,6.52,mg/L,,FLAB,SAMP,MON,SA,G,DO,,N,A,0,,,FIU,0,25.1504805,-80.8092194,,,BA,WMD,Measurements done close to the bottom.
FLAB14,FB208FB014,8,DISSOLVED OXYGEN,6/4/2008,5.31,mg/L,,FLAB,SAMP,MON,SA,G,DO,,N,A,0,,,FIU,0,25.1504805,-80.8092194,,,BA,WMD,
FLAB14,FB208FB014B,8,DISSOLVED OXYGEN,6/4/2008,4.88,mg/L,,FLAB,SAMP,MON,SA,G,DO,,N,A,0,,,FIU,0,25.1504805,-80.8092194,,,BA,WMD,Measurements done close to the bottom.
FLAB14,P42963-5,8,DISSOLVED OXYGEN,1/7/2009,7.93,mg/L,,FLAB,SAMP,MON,SA,G,DO,,N,A,0.5,,,WMD,1,25.1504805,-80.8092194,0.6,,BA,WMD,Strong incoming flow.  sample clear with no visable solids.  light chop with increasing South winds.  Station is in very shallow water.  may want to consider moving off to the South.
FLAB14,P42978-2,8,DISSOLVED OXYGEN,2/12/2009,5.04,mg/L,,FLAB,SAMP,MON,SA,G,DO,,N,A,0.5,,,WMD,1,25.1504805,-80.8092194,0.8,,BA,WMD,Very clear warer and calm conditions.  Slight ripple.  Station in shallow water over seagrass beds.  Suggest moving it slightly to the South.
FLAB14,P43361-2,8,DISSOLVED OXYGEN,3/16/2009,6.22,mg/L,,FLAB,SAMP,MON,SA,G,DO,,N,A,0.5,,,WMD,1,25.1504805,-80.8092194,1.1,,BA,WMD,Clear calm conditiond and light flow.  Sample clear.
FLAB14,P43542-2,8,DISSOLVED OXYGEN,4/20/2009,6.03,mg/L,,FLAB,SAMP,MON,SA,G,DO,,N,A,0.5,,,WMD,1,25.1504805,-80.8092194,1.1,,BA,WMD,"Clear and calm.  RS done at station.  Extememy salty (out of calibration range). WARNING: CONDUCTIVITY exceeds CLOSING Control True Value range of 2000 to 58650,"
FLAB14,P43542-12,8,DISSOLVED OXYGEN,4/20/2009,6.53,mg/L,,FLAB,RS,MON,SA,G,DO,,N,A,0.5,,,WMD,1,25.1504805,-80.8092194,1.1,,BA,WMD,"sample clear.  Salinity out of conductivity range. WARNING: CONDUCTIVITY exceeds CLOSING Control True Value range of 2000 to 58650,"
FLAB14,P43542-13,8,DISSOLVED OXYGEN,4/20/2009,6.56,mg/L,,FLAB,RS,MON,SA,G,DO,,N,A,0.5,,,WMD,1,25.1504805,-80.8092194,1.1,,BA,WMD,"sample clear.  salinity out of conductivity range. WARNING: CONDUCTIVITY exceeds CLOSING Control True Value range of 2000 to 58650,"
FLAB14,P43936-2,8,DISSOLVED OXYGEN,5/18/2009,5.78,mg/L,,FLAB,SAMP,MON,SA,G,DO,,N,A,0.5,,,WMD,1,25.1504805,-80.8092194,1.2,,BA,WMD,Breezy and light chop.  SAmple clear.   SECCHI ON BOTTOM.  Extremely salty
FLAB14,P43955-2,8,DISSOLVED OXYGEN,6/11/2009,5.42,mg/L,,FLAB,SAMP,MON,SA,G,DO,,N,A,0.5,,,WMD,1,25.1504805,-80.8092194,1.1,,BA,WMD,Clear and calm.  Sample clear of solids.   SECCHI ON BOTTOM.  High salinity.
FLAB14,P44584-2,8,DISSOLVED OXYGEN,7/20/2009,5.99,mg/L,,FLAB,SAMP,MON,SA,G,DO,,N,A,0.5,,,WMD,1,25.1504805,-80.8092194,0.92,,BA,WMD,"sample light yellow, low solids.  very calm conditions, clear water. SECCHI ON BOTTOM."
FLAB14,P44716-2,8,DISSOLVED OXYGEN,8/17/2009,8.33,mg/L,,FLAB,SAMP,MON,SA,G,DO,,N,A,0.5,,,WMD,1,25.1504805,-80.8092194,0.9,,BA,WMD,"Sample clear, no visible solids.   SECCHI ON BOTTOM. Slight chop with a lot of foam on water surface.  Very windy (15-20 knots).  Mostly sunny with some cloud coverage, temperature low to mid 90's degrees F."
FLAB14,P45422-2,8,DISSOLVED OXYGEN,9/14/2009,8.41,mg/L,,FLAB,SAMP,MON,SA,G,DO,,N,A,0.5,,,WMD,1,25.1504805,-80.8092194,1.2,,BA,WMD,"Comments too long, see field notes."
FLAB14,P45906-2,8,DISSOLVED OXYGEN,10/12/2009,8.14,mg/L,,FLAB,SAMP,MON,SA,G,DO,,N,A,0.5,,,WMD,1,25.1504805,-80.8092194,1,,BA,WMD,Sample yellow with low solids. SECCHI ON BOTTOM. Low flow. Less than 0.5' chop with winds approx. 15-20 mph. FCEB taken at this station.
FLAB14,P46184-2,8,DISSOLVED OXYGEN,11/11/2009,7.46,mg/L,,FLAB,SAMP,MON,SA,G,DO,,N,A,0.5,,,WMD,1,25.1504805,-80.8092194,1,,BA,WMD,"Sample light yellow, with no visible solids.  Moderate chop, low flow.  Winds 20-25 mph. Heavy storms in close proximity.   SECCHI ON BOTTOM."
FLAB14,P46552-2,8,DISSOLVED OXYGEN,12/7/2009,10.6,mg/L,,FLAB,SAMP,MON,SA,G,DO,,N,A,0.5,m,,WMD,1,25.1504805,-80.8092194,,,BA,WMD,"Sample pale yellow, with no visible solids.  Low flow.  Winds 5-10 mph.  No chop, calm water.  DO has been  highter at this station.   SECCHI ON BOTTOM."
FLAB14,P46793-4,8,DISSOLVED OXYGEN,1/11/2010,9.16,mg/L,,FLAB,SAMP,MON,SA,G,DO,,N,A,0.5,m,,WMD,1,25.1504805,-80.8092194,,,BA,WMD,Comments are too long. See field notes.
FLAB14,P47183-4,8,DISSOLVED OXYGEN,2/8/2010,9.36,mg/L,,FLAB,SAMP,MON,SA,G,DO,,N,A,0.5,m,,WMD,1,25.1504805,-80.8092194,,,BA,WMD,"Sample light yellow, low solids.  Minimal chop.  Low flow.  Winds 5-15mph.   SECCHI ON BOTTOM."
FLAB14,P47472-4,8,DISSOLVED OXYGEN,3/8/2010,9.7,mg/L,,FLAB,SAMP,MON,SA,G,DO,,N,A,0.5,m,,WMD,1,25.1504805,-80.8092194,,,BA,WMD,"Sample pale yellow with no visible solids. Calm conditions, minimal chop. SECCHI ON BOTTOM. Low flow."
FLAB14,P47828-4,8,DISSOLVED OXYGEN,4/12/2010,7.64,mg/L,,FLAB,SAMP,MON,SA,G,DO,,N,A,0.5,m,,WMD,1,25.1504805,-80.8092194,,,BA,WMD,"Sample light yellow, no visible solids.  Low flow.  Moderate chop.  Winds 15-20mph.   SECCHI ON BOTTOM."
FLAB14,P48081-4,8,DISSOLVED OXYGEN,5/10/2010,8.47,mg/L,,FLAB,SAMP,MON,SA,G,DO,,N,A,0.5,m,,WMD,1,25.1504805,-80.8092194,,,BA,WMD,"Sample light yellow, low solids.  Low flow.  Calm water, minimal chop.  Winds 15-18mph.   SECCHI ON BOTTOM."
FLAB14,P48379-4,8,DISSOLVED OXYGEN,6/7/2010,6.57,mg/L,,FLAB,SAMP,MON,SA,G,DO,,N,A,0.5,m,,WMD,1,25.1504805,-80.8092194,,,BA,WMD,Sample is light green with low suspended solids present. Low flow with minimal chop ripple less than 3 inches and constant 12 mph winds. SECCHI ON BOTTOM.
FLAB14,P48679-4,8,DISSOLVED OXYGEN,7/20/2010,8.11,mg/L,,FLAB,SAMP,MON,SA,G,DO,,N,A,0.5,m,,WMD,1,25.1504805,-80.8092194,,,BA,WMD,"Sample light green, low solids.  Moderate chop, 1-2 foot chop.  Low flow. Winds 15-20mph.   SECCHI ON BOTTOM."
FLAB14,P48893-4,8,DISSOLVED OXYGEN,8/16/2010,6.02,mg/L,,FLAB,SAMP,MON,SA,G,DO,,N,A,0.5,m,,WMD,1,25.1504805,-80.8092194,,,BA,WMD,"Sample pale yellow, with low solids.  Low flow.  Calm water, no chop.  Winds 5-7mph. SECCHI ON BOTTOM."
FLAB14,P49171-4,8,DISSOLVED OXYGEN,9/21/2010,6.83,mg/L,,FLAB,SAMP,MON,SA,G,DO,,N,A,0.5,m,,WMD,1,25.1504805,-80.8092194,,,BA,WMD,"Sample light green, low solids.  Light chop, .5-1.5 foot seas.  Winds 15mph, with 20mph gusts.  Low flow.   SECCHI ON BOTTOM."
FLAB14,P49628-4,8,DISSOLVED OXYGEN,10/19/2010,6.94,mg/L,,FLAB,SAMP,MON,SA,G,DO,,N,A,0.5,m,,WMD,1,25.1504805,-80.8092194,,,BA,WMD,"Sample light yeloow, low solids.  Low flow.  Calm water, no chop.  Winds 2-5mph.   SECCHI ON BOTTOM."
FLAB14,P50070-4,8,DISSOLVED OXYGEN,11/16/2010,8.01,mg/L,,FLAB,SAMP,MON,SA,G,DO,,N,A,0.5,m,,WMD,1,25.1504805,-80.8092194,,,BA,WMD,"Sample light yellow, low solids.  Calm water, minimal chop.  Low flow.  Wind 3-5mph. SECCHI ON BOTTOM."
FLAB14,P50474-4,8,DISSOLVED OXYGEN,12/14/2010,8.68,mg/L,,FLAB,SAMP,MON,SA,G,DO,,N,A,0.35,m,,WMD,1,25.1504805,-80.8092194,,,BA,WMD,"Sample light yellow, low solids.  Calm water, minimal chop.  Wind 3-5mph.   SECCHI ON BOTTOM. water very shallow."
FLAB14,P50635-4,8,DISSOLVED OXYGEN,1/4/2011,6.62,mg/L,,FLAB,SAMP,MON,SA,G,DO,,N,A,0.5,m,,WMD,1,25.1504805,-80.8092194,,,BA,WMD,"Very low flow at station.  Very low to no chop.  Wind 0-5 mph.   SECCHI ON BOTTOM.   Sample light yellow, low solids."
FLAB14,P50937-4,8,DISSOLVED OXYGEN,2/17/2011,8.16,mg/L,,FLAB,SAMP,MON,SA,G,DO,,N,A,0.25,m,,FLD,0,25.1504805,-80.8092194,,,BA,WMD,Sample taken .4 miles from station due to shallow water.
FLAB14,P51526-4,8,DISSOLVED OXYGEN,3/14/2011,9.04,mg/L,,FLAB,SAMP,MON,SA,G,DO,,N,A,0.5,m,,FLD,1,25.1504805,-80.8092194,,,BA,WMD,"Sample light yellow.  Calm water, minimal chop. Wind 8-12mph.   SECCHI ON BOTTOM."
FLAB14,P52279-4,8,DISSOLVED OXYGEN,4/5/2011,9.38,mg/L,,FLAB,SAMP,MON,SA,G,DO,,N,A,0.5,m,,FLD,1,25.1504805,-80.8092194,,,BA,WMD,"Sample light green, wind 10-15mph sw."
FLAB14,P52280-4,8,DISSOLVED OXYGEN,5/3/2011,7.46,mg/L,,FLAB,SAMP,MON,SA,G,DO,,N,A,0.3,m,,FLD,1,25.1504805,-80.8092194,,,BA,WMD,"Sample palm yellow, wind east 10-15mph,  SECCHI ON BOTTOM."
FLAB14,P52281-4,8,DISSOLVED OXYGEN,6/13/2011,6.07,mg/L,,FLAB,SAMP,MON,SA,G,DO,,N,A,0.5,m,,FLD,1,25.1504805,-80.8092194,,,BA,WMD,Sample is clear with no visible sollids present. Moderate flow with variable westerly winds at 5-10 mph. SECCHI ON BOTTOM. Conductivity is out of range due to high salinity at this location.
FLAB14,P52282-4,8,DISSOLVED OXYGEN,7/12/2011,5.04,mg/L,,FLAB,SAMP,MON,SA,G,DO,,N,A,0.5,m,,FLD,1,25.1504805,-80.8092194,,,BA,WMD,Sample is pale green with no visible suspended solids present.  Flow with light ripple chop up to 4 inches and winds from the southwest at 4 to 8 mph.  SECCHI ON BOTTOM
FLAB14,P52283-6,8,DISSOLVED OXYGEN,8/16/2011,7.08,mg/L,,FLAB,SAMP,MON,SA,G,DO,,N,A,0.5,m,,FLD,1,25.1504805,-80.8092194,,,BA,WMD,Sample is pale green with no visible suspended solids present. Low flow with light chop up to 4 inches and light variable winds from southwest at 6 to 10 mph. SECCHI ON BOTTOM.
FLAB14,P52284-6,8,DISSOLVED OXYGEN,9/12/2011,6.71,mg/L,,FLAB,SAMP,MON,SA,G,DO,,N,A,0.5,m,,FLD,0,25.1504805,-80.8092194,,,BA,WMD,Sample light yellow with no visible suspended solids present. Light current with rising tide just before high tide and glassy slight ripple conditions and light variable winds from the east southeast at 2 to 4 mph. SECCHI ON BOTTOM.
FLAB14,P52285-6,8,DISSOLVED OXYGEN,10/4/2011,4.62,mg/L,,FLAB,SAMP,MON,SA,G,DO,,N,A,0.4,m,,FLD,0,25.1504805,-80.8092194,,,BA,WMD,"Wind, NE 10-15, lt chop, ebb tide,  SECCHI ON BOTTOM."
FLAB14,P54071-6,8,DISSOLVED OXYGEN,12/6/2011,8.5,mg/L,,FLAB,SAMP,MON,SA,G,DO,,N,A,0.35,m,,FLD,0,25.1504805,-80.8092194,,,BA,WMD,"Wind ESE 10-12, lt chop, slack tide,  SECCHI ON BOTTOM, Sample taken .5 miles from station due to shallow depth"
FLAB14,P55306-4,8,DISSOLVED OXYGEN,2/1/2012,7.33,mg/L,,FLAB,SAMP,MON,SA,G,DO,,N,A,0.35,m,,FLD,0,25.1504805,-80.8092194,,,BA,WMD,"Wind E 14-18, lt chop in lee of island, slack tide,  SECCHI ON BOTTOM, sample taken .38 mi from station due to shallow depth"
FLAB14,P55313-4,8,DISSOLVED OXYGEN,4/12/2012,4.41,mg/L,,FLAB,SAMP,MON,SA,G,DO,,N,A,0.45,m,,FLD,0,25.1504805,-80.8092194,,,BA,WMD,"Wind N 8-10, rippled surface, slack tide,  SECCHI ON BOTTOM."
FLAB14,P55929-4,8,DISSOLVED OXYGEN,6/13/2012,4.81,mg/L,,FLAB,SAMP,MON,SA,G,DO,,N,A,0.5,m,,FLD,0,25.1504805,-80.8092194,,,BA,WMD,Calm conditions.  Light ripple.  Slack tide.  Very light east wind.   SECCHI ON BOTTOM.
FLAB14,P56205-4,8,DISSOLVED OXYGEN,8/13/2012,3.61,mg/L,,FLAB,SAMP,MON,SA,G,DO,,N,A,0.5,m,,FLD,0,25.1504805,-80.8092194,,,BA,WMD,Very light east wind.  Calm conditions with almost no ripple.  Slack tide.   SECCHI ON BOTTOM.
FLAB14,P56209-4,8,DISSOLVED OXYGEN,10/11/2012,3.47,mg/L,,FLAB,SAMP,MON,SA,G,DO,,N,A,0.5,m,,FLD,0,25.1504805,-80.8092194,,,BA,WMD,Strong NE breeze.  Light chop.   SECCHI ON BOTTOM.
FLAB14,P56856-4,8,DISSOLVED OXYGEN,12/10/2012,4.42,mg/L,,FLAB,SAMP,MON,SA,G,DO,,N,A,0.5,m,,FLD,0,25.1504805,-80.8092194,,,BA,WMD,SECCHI ON BOTTOM. Winds 10-15kts out of the SE. Light chop.
FLAB14,P61818-4,8,DISSOLVED OXYGEN,2/5/2013,7.61,mg/L,,FLAB,SAMP,MON,SA,G,DO,,N,A,0.5,m,,FLD,0,25.1504805,-80.8092194,,,BA,WMD,SECCHI ON BOTTOM. Very light breeze 1-2kts. Calm water. No noticeable current.
FLAB14,P61819-4,8,DISSOLVED OXYGEN,4/18/2013,3.8,mg/L,,FLAB,SAMP,MON,SA,G,DO,,N,A,0.3,m,,FLD,0,25.1504805,-80.8092194,,,PD,WMD,SECCHI ON BOTTOM. ESE winds 10-12 kts. Light ripple on the water.
FLAB14,P63880-4,8,DISSOLVED OXYGEN,6/17/2013,4.97,mg/L,J,FLAB,SAMP,MON,SA,G,DO,,N,A,0.4,m,,FLD,0,25.1504805,-80.8092194,,,PD,WMD,"slight ripple on surface, southeast wind 10-15, secchi on bottom, site collected short of coordinates due to shallow water less than 0.5m while approaching site"
FLAB14,P63881-4,8,DISSOLVED OXYGEN,8/13/2013,7.08,mg/L,,FLAB,SAMP,MON,SA,G,DO,,N,A,0.35,m,,FLD,0,25.1504805,-80.8092194,,,PD,WMD,SECCHI ON BOTTOM. Ripples on surface. E wind 5-10 kt. No current observed. Station visted near high tide. Unable to reach location due to shallow water. Collected at 25-08'43.5 secN 080-48'34.4 secW
FLAB14,P65941-4,8,DISSOLVED OXYGEN,10/28/2013,6.52,mg/L,,FLAB,SAMP,MON,SA,G,DO,,N,A,0.4,m,,FLD,0,25.1504805,-80.8092194,,,PD,WMD,SECCHI ON BOTTOM. Light chop. E wind approx 15 kt. Moderate wind driven current.
FLAB14,P68531-4,8,DISSOLVED OXYGEN,12/11/2013,6.55,mg/L,,FLAB,SAMP,MON,SA,G,DO,,N,A,0.35,m,,FLD,0,25.1504805,-80.8092194,,,PD,WMD,"Light chop, E wind 10-15,  SECCHI ON BOTTOM."
FLAB14,P70123-4,8,DISSOLVED OXYGEN,2/26/2014,5.22,mg/L,,FLAB,SAMP,MON,SA,G,DO,,N,A,0.5,m,,FLD,0,25.1504805,-80.8092194,,,PD,WMD,"SECCHI ON BOTTOM. Slight ripple on water surface. Slight wind out of the SW, 5kts. Slight incoming tide. Unable to get to actual FLAB14 site due to water level, sample taken at GPS position N2508.345 W08048.512."
FLAB14,P70124-4,8,DISSOLVED OXYGEN,4/7/2014,7.05,mg/L,,FLAB,SAMP,MON,SA,G,DO,,N,A,0.5,m,,FLD,0,25.1504805,-80.8092194,,,PD,WMD,Moderate chop due to 15kt SE winds. Sample area clear. SECCHI ON BOTTOM.
FLAB14,P71707-4,8,DISSOLVED OXYGEN,6/9/2014,5.25,mg/L,,FLAB,SAMP,MON,SA,G,DO,,N,A,0.5,m,,FLD,0,25.1504805,-80.8092194,,,PD,WMD,"SECCHI ON BOTTOM. Calm winds, calm waves, incoming tide."
FLAB14,P72712-4,8,DISSOLVED OXYGEN,8/5/2014,4.88,mg/L,,FLAB,SAMP,MON,SA,G,DO,,N,A,0.5,m,,FLD,0,25.1504805,-80.8092194,,,PD,WMD,"Calm conditions, SW winds less than 5 kts. Small amount of single piece turtle and manatee grasses on surface. Incoming tide. SECCHI ON BOTTOM."
FLAB14,P74736-4,8,DISSOLVED OXYGEN,10/20/2014,5.27,mg/L,,FLAB,SAMP,MON,SA,G,DO,,N,A,0.35,m,,FLD,0,25.1504805,-80.8092194,,,PD,WMD,"Calm,  SECCHI ON BOTTOM."
FLAB14,P74738-4,8,DISSOLVED OXYGEN,12/17/2014,6.41,mg/L,,FLAB,SAMP,MON,SA,G,DO,,N,A,0.5,m,,FLD,0,25.1504805,-80.8092194,,,PD,WMD,"Incoming tide, NE winds 5kts, calm seas, small amout of floating vegetation pieces visible on water surface. SECCHI ON BOTTOM."
FLAB14,P74737-4,8,DISSOLVED OXYGEN,2/16/2015,8.91,mg/L,,FLAB,SAMP,MON,SA,G,DO,,N,A,0.45,m,,FLD,0,25.1504805,-80.8092194,,,PD,WMD,"Calm, E wind 10-15. Sample collected 925 m due south of site because of water depth. SECCHI ON BOTTOM"
FLAB14,P75445-4,8,DISSOLVED OXYGEN,4/13/2015,7.51,mg/L,J,FLAB,SAMP,MON,SA,G,DO,,N,A,0.5,m,,FLD,0,25.1504805,-80.8092194,,,PD,WMD,Sample collected 1 km due south of site due to water depth. SOB
FLAB14,P74739-4,8,DISSOLVED OXYGEN,6/9/2015,7.44,mg/L,J,FLAB,SAMP,MON,SA,G,DO,,N,A,0.5,m,,FLD,0,25.1504805,-80.8092194,,,PD,WMD,SOB
FLAB14,P78245-4,8,DISSOLVED OXYGEN,8/25/2015,4.16,mg/L,,FLAB,SAMP,MON,SA,G,DO,,N,A,0.5,m,,FLD,0,25.1504805,-80.8092194,,,PD,WMD,Secchi on bottom.
FLAB14,P80870-4,8,DISSOLVED OXYGEN,10/7/2015,3.27,mg/L,,FLAB,SAMP,MON,SA,G,DO,,N,A,0.5,m,,FLD,0,25.1504805,-80.8092194,,,PD,WMD,"Calm seas, light amount of loose vegetation on surface, incoming tide, secchi on bottom."
FLAB14,P82416-4,8,DISSOLVED OXYGEN,1/21/2016,8.54,mg/L,,FLAB,SAMP,MON,SA,G,DO,,N,A,0.5,m,,FLD,0,25.1504805,-80.8092194,,,PD,WMD,Secchi on bottom. Surface smooth. Winds ESE 10-15.
FLAB14,P82935-4,8,DISSOLVED OXYGEN,2/16/2016,5.03,mg/L,,FLAB,SAMP,MON,SA,G,DO,,N,A,0.5,m,,FLD,0,25.1504805,-80.8092194,,,PD,WMD,"Calm wind and seas, sample area clear, Secchi on bottom."
FLAB14,P83568-4,8,DISSOLVED OXYGEN,4/14/2016,3.16,mg/L,,FLAB,SAMP,MON,SA,G,DO,,N,A,0.35,m,,FLD,0,25.1504805,-80.8092194,,,PD,WMD,SOB. Light winds out of the SE around 7 kts. Glass smooth water.
FLAB14,P84316-4,8,DISSOLVED OXYGEN,6/29/2016,4.65,mg/L,,FLAB,SAMP,MON,SA,G,DO,,N,A,0.5,m,,FLD,0,25.1504805,-80.8092194,,,PD,WMD,"slight ripple on surface, calm wind, some vegetation clippings on surface, off colored water observed, algae like appearance in water column, filter turned green in color during processing"
FLAB14,P84638-4,8,DISSOLVED OXYGEN,8/25/2016,3.01,mg/L,,FLAB,SAMP,MON,SA,G,DO,,N,A,0.5,m,,FLD,0,25.1504805,-80.8092194,,,PD,WMD,"Light east winds, light surface chop, turbid water, light green brown in color, light amount of loose sea grass floating on surface. Light greenish yellow color visible in filter after use. Secchi on bottom."
FLAB14,P86137-4,8,DISSOLVED OXYGEN,10/24/2016,6.34,mg/L,,FLAB,SAMP,MON,SA,G,DO,,N,A,0.5,m,,FLD,0,25.1504805,-80.8092194,,,PD,WMD,"NE winds 15kt, light chop, sample area clear otherwise. Secchi on bottom."
FLAB14,P86766-4,8,DISSOLVED OXYGEN,12/21/2016,4.33,mg/L,,FLAB,SAMP,MON,SA,G,DO,,N,A,0.5,m,,FLD,0,25.1504805,-80.8092194,,,PD,WMD,"NE winds 10-15 kts, light chop, sample area clear. Secchi on bottom."
FLAB14,P87700-4,8,DISSOLVED OXYGEN,2/20/2017,5.42,mg/L,,FLAB,SAMP,MON,SA,G,DO,,N,A,0.5,m,,FLD,0,25.1504805,-80.8092194,,,PD,WMD,"NE winds 10-15 kts, waters moderate chop, light amount of loose sea grass on surface. Secchi on bottom. Could not get within 300m of sample GPS point due to shallow water."
FLAB14,P87830-4,8,DISSOLVED OXYGEN,4/20/2017,7.17,mg/L,,FLAB,SAMP,MON,SA,G,DO,,N,A,0.5,m,,FLD,0,25.1504805,-80.8092194,,,PD,WMD,"Could only get within 0.5 kilometers of site due to very shallow water.  Had less than 1 foot seas, sample area clear, with 10-15 knot east winds.  Sample collected by DA."
FLAB14,P89179-4,8,DISSOLVED OXYGEN,8/1/2017,3.58,mg/L,,FLAB,SAMP,MON,SA,G,DO,,N,A,0.5,m,,FLD,0,25.1504805,-80.8092194,,,PD,WMD,"Light sw winds, calm seas, moderate amount of loose sea grasses floating on surface, secchi on bottom."
FLAB14,P88721-4,8,DISSOLVED OXYGEN,10/12/2017,3.54,mg/L,,FLAB,SAMP,MON,SA,G,DO,,N,A,0.5,m,,FLD,0,25.1504805,-80.8092194,,,PD,WMD,Filter appeared to contaiin algae when processing sample.
FLAB14,P91159-4,8,DISSOLVED OXYGEN,12/13/2017,7.54,mg/L,,FLAB,SAMP,MON,SA,G,DO,,N,A,0.5,m,,FLD,0,25.1504805,-80.8092194,,,PD,WMD,Light chop. Murky brown water
FLAB14,P92112-4,8,DISSOLVED OXYGEN,2/28/2018,8.82,mg/L,,FLAB,SAMP,MON,SA,G,DO,,N,A,0.5,m,,FLD,0,25.1504805,-80.8092194,,,PD,WMD,Flat water. Green water. Filter turned green. Same problem with DO readings.
FLAB14,P92872-4,8,DISSOLVED OXYGEN,4/10/2018,1.97,mg/L,,FLAB,SAMP,MON,SA,G,DO,,N,A,0.5,m,,FLD,0,25.1504805,-80.8092194,,,PD,WMD,Light chop.
FLAB14,P93694-4,8,DISSOLVED OXYGEN,6/7/2018,4.7,mg/L,,FLAB,SAMP,MON,SA,G,DO,,N,A,0.5,m,,FLD,0,25.1504805,-80.8092194,,,PD,WMD,Floating vegetation present. Avoided during collection.
FLAB14,P94931-4,8,DISSOLVED OXYGEN,8/6/2018,6.04,mg/L,,FLAB,SAMP,MON,SA,G,DO,,N,A,0.5,m,,FLD,0,25.1504805,-80.8092194,,,PD,WMD,
FLAB14,P95251-4,8,DISSOLVED OXYGEN,10/3/2018,5.25,mg/L,,FLAB,SAMP,MON,SA,G,DO,,N,A,0.5,m,,FLD,0,25.1504805,-80.8092194,,,PD,WMD,heavy suspended solids
FLAB14,P96720-4,8,DISSOLVED OXYGEN,12/17/2018,7.84,mg/L,,FLAB,SAMP,MON,SA,G,DO,,N,A,0.25,m,,FLD,0,25.1504805,-80.8092194,,,BA,WMD,Shallow sampling area. Sample depth taken half way from total depth of 0.5m.  Water looks stirred up within sample area.
FLAB14,P102448-5,8,DISSOLVED OXYGEN,2/26/2019,92.5,mg/L,?,FLAB,SAMP,MON,SA,G,DO,,N,A,0.5,m,,FLD,0,25.1504805,-80.8092194,,,BA,WMD,
FLAB14,P103834-5,8,DISSOLVED OXYGEN,4/15/2019,6.45,mg/L,,FLAB,SAMP,MON,SA,G,DO,,N,A,0.5,m,,FLD,0,25.1504805,-80.8092194,,,BA,WMD,
FLAB14,P106284-5,8,DISSOLVED OXYGEN,6/11/2019,7.3,mg/L,,FLAB,SAMP,MON,SA,G,DO,,N,A,0.4,m,,FLD,0,25.1504805,-80.8092194,,,BA,WMD,Secchi on bottom
FLAB14,P109207-5,8,DISSOLVED OXYGEN,8/8/2019,6.07,mg/L,,FLAB,SAMP,MON,SA,G,DO,,N,A,0.5,m,,FLD,0,25.1504805,-80.8092194,,,BA,WMD,Large pieces of vegetative debris present on surface of water. Secchi on bottom.
FLAB14,P109898-5,8,DISSOLVED OXYGEN,10/8/2019,5.63,mg/L,,FLAB,SAMP,MON,SA,G,DO,,N,A,0.5,m,,FLD,0,25.1504805,-80.8092194,,,BA,WMD,
FLAB14,P110697-5,8,DISSOLVED OXYGEN,12/5/2019,7.64,mg/L,,FLAB,SAMP,MON,SA,G,DO,,N,A,0.5,m,,FLD,0,25.1504805,-80.8092194,,,BA,WMD,Secchi on bottom.
FLAB14,P110713-5,8,DISSOLVED OXYGEN,2/3/2020,8.18,mg/L,,FLAB,SAMP,MON,SA,G,DO,,N,A,0.3,m,,FLD,0,25.1504805,-80.8092194,,,BA,WMD,"Secchi on bottom. Depth was less than 1m, sample was collected at half total depth."
FLAB14,P110719-5,8,DISSOLVED OXYGEN,4/1/2020,7.99,mg/L,,FLAB,SAMP,MON,SA,G,DO,,N,A,0.4,m,,FLD,0,25.1504805,-80.8092194,,,BA,WMD,Secchi on bottom
FLAB14,P111041-5,8,DISSOLVED OXYGEN,6/1/2020,4.3,mg/L,,FLAB,SAMP,MON,SA,G,DO,,N,A,0.3,m,,FLD,0,25.1504805,-80.8092194,,,BA,WMD,Secchi on bottom
FLAB14,P111104-5,8,DISSOLVED OXYGEN,8/13/2020,5.28,mg/L,,FLAB,SAMP,MON,SA,G,DO,,N,A,0.35,m,,FLD,0,25.1504805,-80.8092194,,,BA,WMD,Secchi on bottom. Sample collected at half total depth.
FLAB14,P118766-5,8,DISSOLVED OXYGEN,10/12/2020,5.17,mg/L,,FLAB,SAMP,MON,SA,G,DO,,N,A,0.4,m,,FLD,0,25.1504805,-80.8092194,,,BA,WMD,Secchi on bottom.
FLAB14,P120347-5,8,DISSOLVED OXYGEN,12/9/2020,8.31,mg/L,,FLAB,SAMP,MON,SA,G,DO,,N,A,0.3,m,,FLD,0,25.1504805,-80.8092194,,,BA,WMD,"Sample area clear.  Total Depth was only 0.6 meters, so sampling depth was at 0.3 meters instead of 0.5 meters.  SOB, Secchi On Bottom.  Light solids in sample.  Sample collected by CL."
FLAB14,P121638-5,8,DISSOLVED OXYGEN,1/7/2021,7.54,mg/L,,FLAB,SAMP,MON,SA,G,DO,,N,A,0.3,m,,FLD,0,25.1504805,-80.8092194,,,BA,WMD,Secchi on bottom
FLAB14,P122507-5,8,DISSOLVED OXYGEN,3/17/2021,6.71,mg/L,,FLAB,SAMP,MON,SA,G,DO,,N,A,0.5,m,,FLD,0,25.1504805,-80.8092194,,,BA,WMD,Secchi on bottom.
FLAB14,P122517-5,8,DISSOLVED OXYGEN,5/24/2021,6.08,mg/L,,FLAB,SAMP,MON,SA,G,DO,,N,A,0.2,m,,FLD,0,25.1504805,-80.8092194,,,BA,WMD,Secchi on bottom. Sampled approx. 100 m from site due to low water.
FLAB14,P123928-5,8,DISSOLVED OXYGEN,7/1/2021,5.15,mg/L,,FLAB,SAMP,MON,SA,G,DO,,N,A,0.35,m,,FLD,0,25.1504805,-80.8092194,,,BA,WMD,Secchi on bottom.
FLAB14,P125715-5,8,DISSOLVED OXYGEN,10/13/2021,4.88,mg/L,,FLAB,SAMP,MON,SA,G,DO,,N,A,0.4,m,,FLD,0,25.1504805,-80.8092194,,,BA,WMD,
FLAB14,P128145-5,8,DISSOLVED OXYGEN,12/27/2021,7.99,mg/L,,FLAB,SAMP,MON,SA,G,DO,,N,A,0.3,m,,FLD,0,25.1504805,-80.8092194,,,BA,WMD,Sampling area clear of debris.
FLAB14,P129938-5,8,DISSOLVED OXYGEN,2/8/2022,7.6,mg/L,,FLAB,SAMP,MON,SA,G,DO,,N,A,0.25,m,,FLD,0,25.1504805,-80.8092194,,,BA,WMD,Secchi on bottom
FLAB14,P132794-5,8,DISSOLVED OXYGEN,4/7/2022,6.42,mg/L,,FLAB,SAMP,MON,SA,G,DO,,N,A,0.3,m,,FLD,0,25.1504805,-80.8092194,,,BA,WMD,
FLAB14,P134124-5,8,DISSOLVED OXYGEN,6/22/2022,6.28,mg/L,,FLAB,SAMP,MON,SA,G,DO,,N,A,0.5,m,,FLD,0,25.1504805,-80.8092194,,,BA,WMD,
FLAB14,P135165-5,8,DISSOLVED OXYGEN,8/18/2022,4.85,mg/L,,FLAB,SAMP,MON,SA,G,DO,,N,A,0.5,m,,FLD,0,25.1504805,-80.8092194,,,BA,WMD,"No visible solids, but water is very cloudy and difficult to filter. Used two filters to process."
FLAB14,P136495-5,8,DISSOLVED OXYGEN,10/20/2022,7.06,mg/L,,FLAB,SAMP,MON,SA,G,DO,,N,A,0.4,m,,FLD,0,25.1504805,-80.8092194,,,BA,WMD,Sample collected at half total depth as per FSM. Water in sampling area has a greenish tint. Filter turned light green during processing.
FLAB14,P138520-5,8,DISSOLVED OXYGEN,12/19/2022,7.69,mg/L,,FLAB,SAMP,MON,SA,G,DO,,N,A,0.3,m,,FLD,0,25.1504805,-80.8092194,,,BA,WMD,
FLAB14,P139468-5,8,DISSOLVED OXYGEN,1/30/2023,7.69,mg/L,,FLAB,SAMP,MON,SA,G,DO,,N,A,0.5,m,,FLD,0,25.1504805,-80.8092194,,,BA,WMD,
FLAB14,P141269-5,8,DISSOLVED OXYGEN,3/14/2023,6.44,mg/L,,FLAB,SAMP,MON,SA,G,DO,,N,A,0.5,m,,FLD,0,25.1504805,-80.8092194,,,BA,WMD,Secchi on bottom.
FLAB14,P143129-5,8,DISSOLVED OXYGEN,5/11/2023,5.65,mg/L,,FLAB,SAMP,MON,SA,G,DO,,N,A,0.5,m,,FLD,0,25.1504805,-80.8092194,,,BA,WMD,Secchi on bottom
FLAB14,P144703-5,8,DISSOLVED OXYGEN,7/27/2023,5.62,mg/L,,FLAB,SAMP,MON,SA,G,DO,,N,A,0.35,m,,FLD,0,25.1504805,-80.8092194,,,BA,WMD,
FLAB14,P146063-5,8,DISSOLVED OXYGEN,9/27/2023,5.98,mg/L,,FLAB,SAMP,MON,SA,G,DO,,N,A,0.5,m,,FLD,0,25.1504805,-80.8092194,,,BA,WMD,"Water highly turbid, became difficult to filter during processing."
FLAB14,P146064-5,8,DISSOLVED OXYGEN,11/13/2023,6.98,mg/L,,FLAB,SAMP,MON,SA,G,DO,,N,A,0.5,m,,FLD,0,25.1504805,-80.8092194,,,BA,WMD,"Filter became clogged during processing, no color, difficult to filter"
FLAB14,P148342-5,8,DISSOLVED OXYGEN,1/8/2024,7.79,mg/L,,FLAB,SAMP,MON,SA,G,DO,,N,A,0.35,m,,FLD,0,25.1504805,-80.8092194,,,BA,WMD,collected sample approximately 600 feet SSW of site due to shallow depth
FLAB14,P149299-5,8,DISSOLVED OXYGEN,3/4/2024,7.42,mg/L,,FLAB,SAMP,MON,SA,G,DO,,N,A,0.4,m,,FLD,0,25.1504805,-80.8092194,,,BA,WMD,Sample collected 800 m west of site due to shallow depth.
FLAB14,P150708-5,8,DISSOLVED OXYGEN,5/13/2024,6.38,mg/L,,FLAB,SAMP,MON,SA,G,DO,,N,A,0.45,m,,FLD,0,25.1504805,-80.8092194,,,BA,WMD,Filter turned yellow during processing.
FLAB14,P152189-5,8,DISSOLVED OXYGEN,7/15/2024,6.18,mg/L,,FLAB,SAMP,MON,SA,G,DO,,N,A,0.4,m,,FLD,0,25.1504805,-80.8092194,,,BA,WMD,Sample taken 550 m SW of station due to shallow depth. Filter turned green during processing; sample was difficult to push through filter.
FLAB14,P153175-5,8,DISSOLVED OXYGEN,9/12/2024,5.77,mg/L,,FLAB,SAMP,MON,SA,G,DO,,N,A,0.5,m,,FLD,0,25.1504805,-80.8092194,,,BA,WMD,Filter turned green during processing.
FLAB14,P154028-5,8,DISSOLVED OXYGEN,12/9/2024,7.73,mg/L,,FLAB,SAMP,MON,SA,G,DO,,N,A,0.45,m,,FLD,0,25.1504805,-80.8092194,,,BA,WMD,"Because of shallow depths, sample was collected approximately 580 meters to the southwest of the marked site coordinates."
FLAB14,P155969-5,8,DISSOLVED OXYGEN,2/5/2025,6.72,mg/L,,FLAB,SAMP,MON,SA,G,DO,,N,A,0.5,m,,FLD,0,25.1504805,-80.8092194,,,BA,WMD,Secchi on bottom.
FLAB14,P158028-5,8,DISSOLVED OXYGEN,6/18/2025,5.42,mg/L,,FLAB,SAMP,MON,SA,G,DO,,N,P,0.5,m,,WMD,0,25.1504805,-80.8092194,1,,,,Secchi on bottom.
FLAB14,P42963-5,9,"SP CONDUCTIVITY, FIELD",1/7/2009,54576,uS/cm,,FLAB,SAMP,MON,SA,G,SCOND,,N,A,0.5,,,WMD,1,25.1504805,-80.8092194,0.6,,BA,WMD,Strong incoming flow.  sample clear with no visable solids.  light chop with increasing South winds.  Station is in very shallow water.  may want to consider moving off to the South.
FLAB14,P42978-2,9,"SP CONDUCTIVITY, FIELD",2/12/2009,56865,uS/cm,,FLAB,SAMP,MON,SA,G,SCOND,,N,A,0.5,,,WMD,1,25.1504805,-80.8092194,0.8,,BA,WMD,Very clear warer and calm conditions.  Slight ripple.  Station in shallow water over seagrass beds.  Suggest moving it slightly to the South.
FLAB14,P43361-2,9,"SP CONDUCTIVITY, FIELD",3/16/2009,58523,uS/cm,,FLAB,SAMP,MON,SA,G,SCOND,,N,A,0.5,,,WMD,1,25.1504805,-80.8092194,1.1,,BA,WMD,Clear calm conditiond and light flow.  Sample clear.
FLAB14,P43542-2,9,"SP CONDUCTIVITY, FIELD",4/20/2009,69923,uS/cm,J,FLAB,SAMP,MON,SA,G,SCOND,,N,A,0.5,,,WMD,1,25.1504805,-80.8092194,1.1,,BA,WMD,"Clear and calm.  RS done at station.  Extememy salty (out of calibration range). WARNING: CONDUCTIVITY exceeds CLOSING Control True Value range of 2000 to 58650,"
FLAB14,P43542-12,9,"SP CONDUCTIVITY, FIELD",4/20/2009,69815,uS/cm,J,FLAB,RS,MON,SA,G,SCOND,,N,A,0.5,,,WMD,1,25.1504805,-80.8092194,1.1,,BA,WMD,"sample clear.  Salinity out of conductivity range. WARNING: CONDUCTIVITY exceeds CLOSING Control True Value range of 2000 to 58650,"
FLAB14,P43542-13,9,"SP CONDUCTIVITY, FIELD",4/20/2009,69854,uS/cm,J,FLAB,RS,MON,SA,G,SCOND,,N,A,0.5,,,WMD,1,25.1504805,-80.8092194,1.1,,BA,WMD,"sample clear.  salinity out of conductivity range. WARNING: CONDUCTIVITY exceeds CLOSING Control True Value range of 2000 to 58650,"
FLAB14,P43936-2,9,"SP CONDUCTIVITY, FIELD",5/18/2009,74457,uS/cm,,FLAB,SAMP,MON,SA,G,SCOND,,N,A,0.5,,,WMD,1,25.1504805,-80.8092194,1.2,,BA,WMD,Breezy and light chop.  SAmple clear.   SECCHI ON BOTTOM.  Extremely salty
FLAB14,P43955-2,9,"SP CONDUCTIVITY, FIELD",6/11/2009,69609,uS/cm,,FLAB,SAMP,MON,SA,G,SCOND,,N,A,0.5,,,WMD,1,25.1504805,-80.8092194,1.1,,BA,WMD,Clear and calm.  Sample clear of solids.   SECCHI ON BOTTOM.  High salinity.
FLAB14,P44584-2,9,"SP CONDUCTIVITY, FIELD",7/20/2009,57882,uS/cm,,FLAB,SAMP,MON,SA,G,SCOND,,N,A,0.5,,,WMD,1,25.1504805,-80.8092194,0.92,,BA,WMD,"sample light yellow, low solids.  very calm conditions, clear water. SECCHI ON BOTTOM."
FLAB14,P44716-2,9,"SP CONDUCTIVITY, FIELD",8/17/2009,57763,uS/cm,,FLAB,SAMP,MON,SA,G,SCOND,,N,A,0.5,,,WMD,1,25.1504805,-80.8092194,0.9,,BA,WMD,"Sample clear, no visible solids.   SECCHI ON BOTTOM. Slight chop with a lot of foam on water surface.  Very windy (15-20 knots).  Mostly sunny with some cloud coverage, temperature low to mid 90's degrees F."
FLAB14,P45422-2,9,"SP CONDUCTIVITY, FIELD",9/14/2009,52394,uS/cm,,FLAB,SAMP,MON,SA,G,SCOND,,N,A,0.5,,,WMD,1,25.1504805,-80.8092194,1.2,,BA,WMD,"Comments too long, see field notes."
FLAB14,P45906-2,9,"SP CONDUCTIVITY, FIELD",10/12/2009,51369,uS/cm,,FLAB,SAMP,MON,SA,G,SCOND,,N,A,0.5,,,WMD,1,25.1504805,-80.8092194,1,,BA,WMD,Sample yellow with low solids. SECCHI ON BOTTOM. Low flow. Less than 0.5' chop with winds approx. 15-20 mph. FCEB taken at this station.
FLAB14,P46184-2,9,"SP CONDUCTIVITY, FIELD",11/11/2009,52170,uS/cm,,FLAB,SAMP,MON,SA,G,SCOND,,N,A,0.5,,,WMD,1,25.1504805,-80.8092194,1,,BA,WMD,"Sample light yellow, with no visible solids.  Moderate chop, low flow.  Winds 20-25 mph. Heavy storms in close proximity.   SECCHI ON BOTTOM."
FLAB14,P46552-2,9,"SP CONDUCTIVITY, FIELD",12/7/2009,54624,uS/cm,,FLAB,SAMP,MON,SA,G,SCOND,,N,A,0.5,m,,WMD,1,25.1504805,-80.8092194,,,BA,WMD,"Sample pale yellow, with no visible solids.  Low flow.  Winds 5-10 mph.  No chop, calm water.  DO has been  highter at this station.   SECCHI ON BOTTOM."
FLAB14,P46793-4,9,"SP CONDUCTIVITY, FIELD",1/11/2010,52826,uS/cm,,FLAB,SAMP,MON,SA,G,SCOND,,N,A,0.5,m,,WMD,1,25.1504805,-80.8092194,,,BA,WMD,Comments are too long. See field notes.
FLAB14,P47183-4,9,"SP CONDUCTIVITY, FIELD",2/8/2010,47622,uS/cm,,FLAB,SAMP,MON,SA,G,SCOND,,N,A,0.5,m,,WMD,1,25.1504805,-80.8092194,,,BA,WMD,"Sample light yellow, low solids.  Minimal chop.  Low flow.  Winds 5-15mph.   SECCHI ON BOTTOM."
FLAB14,P47472-4,9,"SP CONDUCTIVITY, FIELD",3/8/2010,49818,uS/cm,,FLAB,SAMP,MON,SA,G,SCOND,,N,A,0.5,m,,WMD,1,25.1504805,-80.8092194,,,BA,WMD,"Sample pale yellow with no visible solids. Calm conditions, minimal chop. SECCHI ON BOTTOM. Low flow."
FLAB14,P47828-4,9,"SP CONDUCTIVITY, FIELD",4/12/2010,58708,uS/cm,,FLAB,SAMP,MON,SA,G,SCOND,,N,A,0.5,m,,WMD,1,25.1504805,-80.8092194,,,BA,WMD,"Sample light yellow, no visible solids.  Low flow.  Moderate chop.  Winds 15-20mph.   SECCHI ON BOTTOM."
FLAB14,P48081-4,9,"SP CONDUCTIVITY, FIELD",5/10/2010,66367,uS/cm,,FLAB,SAMP,MON,SA,G,SCOND,,N,A,0.5,m,,WMD,1,25.1504805,-80.8092194,,,BA,WMD,"Sample light yellow, low solids.  Low flow.  Calm water, minimal chop.  Winds 15-18mph.   SECCHI ON BOTTOM."
FLAB14,P48379-4,9,"SP CONDUCTIVITY, FIELD",6/7/2010,63705,uS/cm,,FLAB,SAMP,MON,SA,G,SCOND,,N,A,0.5,m,,WMD,1,25.1504805,-80.8092194,,,BA,WMD,Sample is light green with low suspended solids present. Low flow with minimal chop ripple less than 3 inches and constant 12 mph winds. SECCHI ON BOTTOM.
FLAB14,P48679-4,9,"SP CONDUCTIVITY, FIELD",7/20/2010,63721,uS/cm,,FLAB,SAMP,MON,SA,G,SCOND,,N,A,0.5,m,,WMD,1,25.1504805,-80.8092194,,,BA,WMD,"Sample light green, low solids.  Moderate chop, 1-2 foot chop.  Low flow. Winds 15-20mph.   SECCHI ON BOTTOM."
FLAB14,P48893-4,9,"SP CONDUCTIVITY, FIELD",8/16/2010,54194,uS/cm,,FLAB,SAMP,MON,SA,G,SCOND,,N,A,0.5,m,,WMD,1,25.1504805,-80.8092194,,,BA,WMD,"Sample pale yellow, with low solids.  Low flow.  Calm water, no chop.  Winds 5-7mph. SECCHI ON BOTTOM."
FLAB14,P49171-4,9,"SP CONDUCTIVITY, FIELD",9/21/2010,54483,uS/cm,,FLAB,SAMP,MON,SA,G,SCOND,,N,A,0.5,m,,WMD,1,25.1504805,-80.8092194,,,BA,WMD,"Sample light green, low solids.  Light chop, .5-1.5 foot seas.  Winds 15mph, with 20mph gusts.  Low flow.   SECCHI ON BOTTOM."
FLAB14,P49628-4,9,"SP CONDUCTIVITY, FIELD",10/19/2010,39809,uS/cm,,FLAB,SAMP,MON,SA,G,SCOND,,N,A,0.5,m,,WMD,1,25.1504805,-80.8092194,,,BA,WMD,"Sample light yeloow, low solids.  Low flow.  Calm water, no chop.  Winds 2-5mph.   SECCHI ON BOTTOM."
FLAB14,P50070-4,9,"SP CONDUCTIVITY, FIELD",11/16/2010,43235,uS/cm,,FLAB,SAMP,MON,SA,G,SCOND,,N,A,0.5,m,,WMD,1,25.1504805,-80.8092194,,,BA,WMD,"Sample light yellow, low solids.  Calm water, minimal chop.  Low flow.  Wind 3-5mph. SECCHI ON BOTTOM."
FLAB14,P50474-4,9,"SP CONDUCTIVITY, FIELD",12/14/2010,52838,uS/cm,,FLAB,SAMP,MON,SA,G,SCOND,,N,A,0.35,m,,WMD,1,25.1504805,-80.8092194,,,BA,WMD,"Sample light yellow, low solids.  Calm water, minimal chop.  Wind 3-5mph.   SECCHI ON BOTTOM. water very shallow."
FLAB14,P50635-4,9,"SP CONDUCTIVITY, FIELD",1/4/2011,46464,uS/cm,,FLAB,SAMP,MON,SA,G,SCOND,,N,A,0.5,m,,WMD,1,25.1504805,-80.8092194,,,BA,WMD,"Very low flow at station.  Very low to no chop.  Wind 0-5 mph.   SECCHI ON BOTTOM.   Sample light yellow, low solids."
FLAB14,P50937-4,9,"SP CONDUCTIVITY, FIELD",2/17/2011,54449,uS/cm,,FLAB,SAMP,MON,SA,G,SCOND,,N,A,0.25,m,,FLD,0,25.1504805,-80.8092194,,,BA,WMD,Sample taken .4 miles from station due to shallow water.
FLAB14,P51526-4,9,"SP CONDUCTIVITY, FIELD",3/14/2011,58127,uS/cm,,FLAB,SAMP,MON,SA,G,SCOND,,N,A,0.5,m,,FLD,1,25.1504805,-80.8092194,,,BA,WMD,"Sample light yellow.  Calm water, minimal chop. Wind 8-12mph.   SECCHI ON BOTTOM."
FLAB14,P52279-4,9,"SP CONDUCTIVITY, FIELD",4/5/2011,61056,uS/cm,,FLAB,SAMP,MON,SA,G,SCOND,,N,A,0.5,m,,FLD,1,25.1504805,-80.8092194,,,BA,WMD,"Sample light green, wind 10-15mph sw."
FLAB14,P52280-4,9,"SP CONDUCTIVITY, FIELD",5/3/2011,71858,uS/cm,,FLAB,SAMP,MON,SA,G,SCOND,,N,A,0.3,m,,FLD,1,25.1504805,-80.8092194,,,BA,WMD,"Sample palm yellow, wind east 10-15mph,  SECCHI ON BOTTOM."
FLAB14,P52281-4,9,"SP CONDUCTIVITY, FIELD",6/13/2011,79623,uS/cm,J,FLAB,SAMP,MON,SA,G,SCOND,,N,A,0.5,m,,FLD,1,25.1504805,-80.8092194,,,BA,WMD,Sample is clear with no visible sollids present. Moderate flow with variable westerly winds at 5-10 mph. SECCHI ON BOTTOM. Conductivity is out of range due to high salinity at this location.
FLAB14,P52282-4,9,"SP CONDUCTIVITY, FIELD",7/12/2011,74939,uS/cm,,FLAB,SAMP,MON,SA,G,SCOND,,N,A,0.5,m,,FLD,1,25.1504805,-80.8092194,,,BA,WMD,Sample is pale green with no visible suspended solids present.  Flow with light ripple chop up to 4 inches and winds from the southwest at 4 to 8 mph.  SECCHI ON BOTTOM
FLAB14,P52283-6,9,"SP CONDUCTIVITY, FIELD",8/16/2011,58130,uS/cm,,FLAB,SAMP,MON,SA,G,SCOND,,N,A,0.5,m,,FLD,1,25.1504805,-80.8092194,,,BA,WMD,Sample is pale green with no visible suspended solids present. Low flow with light chop up to 4 inches and light variable winds from southwest at 6 to 10 mph. SECCHI ON BOTTOM.
FLAB14,P52284-6,9,"SP CONDUCTIVITY, FIELD",9/12/2011,58784,uS/cm,,FLAB,SAMP,MON,SA,G,SCOND,,N,A,0.5,m,,FLD,0,25.1504805,-80.8092194,,,BA,WMD,Sample light yellow with no visible suspended solids present. Light current with rising tide just before high tide and glassy slight ripple conditions and light variable winds from the east southeast at 2 to 4 mph. SECCHI ON BOTTOM.
FLAB14,P52285-6,9,"SP CONDUCTIVITY, FIELD",10/4/2011,44859,uS/cm,,FLAB,SAMP,MON,SA,G,SCOND,,N,A,0.4,m,,FLD,0,25.1504805,-80.8092194,,,BA,WMD,"Wind, NE 10-15, lt chop, ebb tide,  SECCHI ON BOTTOM."
FLAB14,P54071-6,9,"SP CONDUCTIVITY, FIELD",12/6/2011,48709,uS/cm,,FLAB,SAMP,MON,SA,G,SCOND,,N,A,0.35,m,,FLD,0,25.1504805,-80.8092194,,,BA,WMD,"Wind ESE 10-12, lt chop, slack tide,  SECCHI ON BOTTOM, Sample taken .5 miles from station due to shallow depth"
FLAB14,P55306-4,9,"SP CONDUCTIVITY, FIELD",2/1/2012,57256,uS/cm,,FLAB,SAMP,MON,SA,G,SCOND,,N,A,0.35,m,,FLD,0,25.1504805,-80.8092194,,,BA,WMD,"Wind E 14-18, lt chop in lee of island, slack tide,  SECCHI ON BOTTOM, sample taken .38 mi from station due to shallow depth"
FLAB14,P55313-4,9,"SP CONDUCTIVITY, FIELD",4/12/2012,66272,uS/cm,,FLAB,SAMP,MON,SA,G,SCOND,,N,A,0.45,m,,FLD,0,25.1504805,-80.8092194,,,BA,WMD,"Wind N 8-10, rippled surface, slack tide,  SECCHI ON BOTTOM."
FLAB14,P55929-4,9,"SP CONDUCTIVITY, FIELD",6/13/2012,53036,uS/cm,,FLAB,SAMP,MON,SA,G,SCOND,,N,A,0.5,m,,FLD,0,25.1504805,-80.8092194,,,BA,WMD,Calm conditions.  Light ripple.  Slack tide.  Very light east wind.   SECCHI ON BOTTOM.
FLAB14,P56205-4,9,"SP CONDUCTIVITY, FIELD",8/13/2012,53812,uS/cm,,FLAB,SAMP,MON,SA,G,SCOND,,N,A,0.5,m,,FLD,0,25.1504805,-80.8092194,,,BA,WMD,Very light east wind.  Calm conditions with almost no ripple.  Slack tide.   SECCHI ON BOTTOM.
FLAB14,P56209-4,9,"SP CONDUCTIVITY, FIELD",10/11/2012,48368,uS/cm,,FLAB,SAMP,MON,SA,G,SCOND,,N,A,0.5,m,,FLD,0,25.1504805,-80.8092194,,,BA,WMD,Strong NE breeze.  Light chop.   SECCHI ON BOTTOM.
FLAB14,P56856-4,9,"SP CONDUCTIVITY, FIELD",12/10/2012,49056,uS/cm,,FLAB,SAMP,MON,SA,G,SCOND,,N,A,0.5,m,,FLD,0,25.1504805,-80.8092194,,,BA,WMD,SECCHI ON BOTTOM. Winds 10-15kts out of the SE. Light chop.
FLAB14,P61818-4,9,"SP CONDUCTIVITY, FIELD",2/5/2013,52013,uS/cm,,FLAB,SAMP,MON,SA,G,SCOND,,N,A,0.5,m,,FLD,0,25.1504805,-80.8092194,,,BA,WMD,SECCHI ON BOTTOM. Very light breeze 1-2kts. Calm water. No noticeable current.
FLAB14,P61819-4,9,"SP CONDUCTIVITY, FIELD",4/18/2013,60632,uS/cm,,FLAB,SAMP,MON,SA,G,SCOND,,N,A,0.3,m,,FLD,0,25.1504805,-80.8092194,,,PD,WMD,SECCHI ON BOTTOM. ESE winds 10-12 kts. Light ripple on the water.
FLAB14,P63880-4,9,"SP CONDUCTIVITY, FIELD",6/17/2013,44544,uS/cm,,FLAB,SAMP,MON,SA,G,SCOND,,N,A,0.4,m,,FLD,0,25.1504805,-80.8092194,,,PD,WMD,"slight ripple on surface, southeast wind 10-15, secchi on bottom, site collected short of coordinates due to shallow water less than 0.5m while approaching site"
FLAB14,P63881-4,9,"SP CONDUCTIVITY, FIELD",8/13/2013,42039,uS/cm,,FLAB,SAMP,MON,SA,G,SCOND,,N,A,0.35,m,,FLD,0,25.1504805,-80.8092194,,,PD,WMD,SECCHI ON BOTTOM. Ripples on surface. E wind 5-10 kt. No current observed. Station visted near high tide. Unable to reach location due to shallow water. Collected at 25-08'43.5 secN 080-48'34.4 secW
FLAB14,P65941-4,9,"SP CONDUCTIVITY, FIELD",10/28/2013,51708,uS/cm,,FLAB,SAMP,MON,SA,G,SCOND,,N,A,0.4,m,,FLD,0,25.1504805,-80.8092194,,,PD,WMD,SECCHI ON BOTTOM. Light chop. E wind approx 15 kt. Moderate wind driven current.
FLAB14,P68531-4,9,"SP CONDUCTIVITY, FIELD",12/11/2013,41402,uS/cm,,FLAB,SAMP,MON,SA,G,SCOND,,N,A,0.35,m,,FLD,0,25.1504805,-80.8092194,,,PD,WMD,"Light chop, E wind 10-15,  SECCHI ON BOTTOM."
FLAB14,P70123-4,9,"SP CONDUCTIVITY, FIELD",2/26/2014,52741,uS/cm,,FLAB,SAMP,MON,SA,G,SCOND,,N,A,0.5,m,,FLD,0,25.1504805,-80.8092194,,,PD,WMD,"SECCHI ON BOTTOM. Slight ripple on water surface. Slight wind out of the SW, 5kts. Slight incoming tide. Unable to get to actual FLAB14 site due to water level, sample taken at GPS position N2508.345 W08048.512."
FLAB14,P70124-4,9,"SP CONDUCTIVITY, FIELD",4/7/2014,59863,uS/cm,,FLAB,SAMP,MON,SA,G,SCOND,,N,A,0.5,m,,FLD,0,25.1504805,-80.8092194,,,PD,WMD,Moderate chop due to 15kt SE winds. Sample area clear. SECCHI ON BOTTOM.
FLAB14,P71707-4,9,"SP CONDUCTIVITY, FIELD",6/9/2014,64938,uS/cm,,FLAB,SAMP,MON,SA,G,SCOND,,N,A,0.5,m,,FLD,0,25.1504805,-80.8092194,,,PD,WMD,"SECCHI ON BOTTOM. Calm winds, calm waves, incoming tide."
FLAB14,P72712-4,9,"SP CONDUCTIVITY, FIELD",8/5/2014,60342,uS/cm,,FLAB,SAMP,MON,SA,G,SCOND,,N,A,0.5,m,,FLD,0,25.1504805,-80.8092194,,,PD,WMD,"Calm conditions, SW winds less than 5 kts. Small amount of single piece turtle and manatee grasses on surface. Incoming tide. SECCHI ON BOTTOM."
FLAB14,P74736-4,9,"SP CONDUCTIVITY, FIELD",10/20/2014,57519,uS/cm,,FLAB,SAMP,MON,SA,G,SCOND,,N,A,0.35,m,,FLD,0,25.1504805,-80.8092194,,,PD,WMD,"Calm,  SECCHI ON BOTTOM."
FLAB14,P74738-4,9,"SP CONDUCTIVITY, FIELD",12/17/2014,54006,uS/cm,,FLAB,SAMP,MON,SA,G,SCOND,,N,A,0.5,m,,FLD,0,25.1504805,-80.8092194,,,PD,WMD,"Incoming tide, NE winds 5kts, calm seas, small amout of floating vegetation pieces visible on water surface. SECCHI ON BOTTOM."
FLAB14,P74737-4,9,"SP CONDUCTIVITY, FIELD",2/16/2015,55391,uS/cm,,FLAB,SAMP,MON,SA,G,SCOND,,N,A,0.45,m,,FLD,0,25.1504805,-80.8092194,,,PD,WMD,"Calm, E wind 10-15. Sample collected 925 m due south of site because of water depth. SECCHI ON BOTTOM"
FLAB14,P75445-4,9,"SP CONDUCTIVITY, FIELD",4/13/2015,72216,uS/cm,,FLAB,SAMP,MON,SA,G,SCOND,,N,A,0.5,m,,FLD,0,25.1504805,-80.8092194,,,PD,WMD,Sample collected 1 km due south of site due to water depth. SOB
FLAB14,P74739-4,9,"SP CONDUCTIVITY, FIELD",6/9/2015,80928,uS/cm,,FLAB,SAMP,MON,SA,G,SCOND,,N,A,0.5,m,,FLD,0,25.1504805,-80.8092194,,,PD,WMD,SOB
FLAB14,P78245-4,9,"SP CONDUCTIVITY, FIELD",8/25/2015,66768,uS/cm,,FLAB,SAMP,MON,SA,G,SCOND,,N,A,0.5,m,,FLD,0,25.1504805,-80.8092194,,,PD,WMD,Secchi on bottom.
FLAB14,P80870-4,9,"SP CONDUCTIVITY, FIELD",10/7/2015,58679,uS/cm,,FLAB,SAMP,MON,SA,G,SCOND,,N,A,0.5,m,,FLD,0,25.1504805,-80.8092194,,,PD,WMD,"Calm seas, light amount of loose vegetation on surface, incoming tide, secchi on bottom."
FLAB14,P82416-4,9,"SP CONDUCTIVITY, FIELD",1/21/2016,52511,uS/cm,,FLAB,SAMP,MON,SA,G,SCOND,,N,A,0.5,m,,FLD,0,25.1504805,-80.8092194,,,PD,WMD,Secchi on bottom. Surface smooth. Winds ESE 10-15.
FLAB14,P82935-4,9,"SP CONDUCTIVITY, FIELD",2/16/2016,46695,uS/cm,,FLAB,SAMP,MON,SA,G,SCOND,,N,A,0.5,m,,FLD,0,25.1504805,-80.8092194,,,PD,WMD,"Calm wind and seas, sample area clear, Secchi on bottom."
FLAB14,P83568-4,9,"SP CONDUCTIVITY, FIELD",4/14/2016,56465,uS/cm,,FLAB,SAMP,MON,SA,G,SCOND,,N,A,0.35,m,,FLD,0,25.1504805,-80.8092194,,,PD,WMD,SOB. Light winds out of the SE around 7 kts. Glass smooth water.
FLAB14,P84316-4,9,"SP CONDUCTIVITY, FIELD",6/29/2016,58029,uS/cm,,FLAB,SAMP,MON,SA,G,SCOND,,N,A,0.5,m,,FLD,0,25.1504805,-80.8092194,,,PD,WMD,"slight ripple on surface, calm wind, some vegetation clippings on surface, off colored water observed, algae like appearance in water column, filter turned green in color during processing"
FLAB14,P84638-4,9,"SP CONDUCTIVITY, FIELD",8/25/2016,56875,uS/cm,,FLAB,SAMP,MON,SA,G,SCOND,,N,A,0.5,m,,FLD,0,25.1504805,-80.8092194,,,PD,WMD,"Light east winds, light surface chop, turbid water, light green brown in color, light amount of loose sea grass floating on surface. Light greenish yellow color visible in filter after use. Secchi on bottom."
FLAB14,P86137-4,9,"SP CONDUCTIVITY, FIELD",10/24/2016,55025,uS/cm,,FLAB,SAMP,MON,SA,G,SCOND,,N,A,0.5,m,,FLD,0,25.1504805,-80.8092194,,,PD,WMD,"NE winds 15kt, light chop, sample area clear otherwise. Secchi on bottom."
FLAB14,P86766-4,9,"SP CONDUCTIVITY, FIELD",12/21/2016,43606,uS/cm,,FLAB,SAMP,MON,SA,G,SCOND,,N,A,0.5,m,,FLD,0,25.1504805,-80.8092194,,,PD,WMD,"NE winds 10-15 kts, light chop, sample area clear. Secchi on bottom."
FLAB14,P87700-4,9,"SP CONDUCTIVITY, FIELD",2/20/2017,56210,uS/cm,,FLAB,SAMP,MON,SA,G,SCOND,,N,A,0.5,m,,FLD,0,25.1504805,-80.8092194,,,PD,WMD,"NE winds 10-15 kts, waters moderate chop, light amount of loose sea grass on surface. Secchi on bottom. Could not get within 300m of sample GPS point due to shallow water."
FLAB14,P87830-4,9,"SP CONDUCTIVITY, FIELD",4/20/2017,59796,uS/cm,,FLAB,SAMP,MON,SA,G,SCOND,,N,A,0.5,m,,FLD,0,25.1504805,-80.8092194,,,PD,WMD,"Could only get within 0.5 kilometers of site due to very shallow water.  Had less than 1 foot seas, sample area clear, with 10-15 knot east winds.  Sample collected by DA."
FLAB14,P89179-4,9,"SP CONDUCTIVITY, FIELD",8/1/2017,63465,uS/cm,,FLAB,SAMP,MON,SA,G,SCOND,,N,A,0.5,m,,FLD,0,25.1504805,-80.8092194,,,PD,WMD,"Light sw winds, calm seas, moderate amount of loose sea grasses floating on surface, secchi on bottom."
FLAB14,P88721-4,9,"SP CONDUCTIVITY, FIELD",10/12/2017,34300,uS/cm,,FLAB,SAMP,MON,SA,G,SCOND,,N,A,0.5,m,,FLD,0,25.1504805,-80.8092194,,,PD,WMD,Filter appeared to contaiin algae when processing sample.
FLAB14,P91159-4,9,"SP CONDUCTIVITY, FIELD",12/13/2017,44764,uS/cm,,FLAB,SAMP,MON,SA,G,SCOND,,N,A,0.5,m,,FLD,0,25.1504805,-80.8092194,,,PD,WMD,Light chop. Murky brown water
FLAB14,P92112-4,9,"SP CONDUCTIVITY, FIELD",2/28/2018,45600,uS/cm,,FLAB,SAMP,MON,SA,G,SCOND,,N,A,0.5,m,,FLD,0,25.1504805,-80.8092194,,,PD,WMD,Flat water. Green water. Filter turned green. Same problem with DO readings.
FLAB14,P92872-4,9,"SP CONDUCTIVITY, FIELD",4/10/2018,61125,uS/cm,,FLAB,SAMP,MON,SA,G,SCOND,,N,A,0.5,m,,FLD,0,25.1504805,-80.8092194,,,PD,WMD,Light chop.
FLAB14,P93694-4,9,"SP CONDUCTIVITY, FIELD",6/7/2018,43656,uS/cm,,FLAB,SAMP,MON,SA,G,SCOND,,N,A,0.5,m,,FLD,0,25.1504805,-80.8092194,,,PD,WMD,Floating vegetation present. Avoided during collection.
FLAB14,P94931-4,9,"SP CONDUCTIVITY, FIELD",8/6/2018,47269,uS/cm,,FLAB,SAMP,MON,SA,G,SCOND,,N,A,0.5,m,,FLD,0,25.1504805,-80.8092194,,,PD,WMD,
FLAB14,P95251-4,9,"SP CONDUCTIVITY, FIELD",10/3/2018,56601,uS/cm,,FLAB,SAMP,MON,SA,G,SCOND,,N,A,0.5,m,,FLD,0,25.1504805,-80.8092194,,,PD,WMD,heavy suspended solids
FLAB14,P96720-4,9,"SP CONDUCTIVITY, FIELD",12/17/2018,54617,uS/cm,,FLAB,SAMP,MON,SA,G,SCOND,,N,A,0.25,m,,FLD,0,25.1504805,-80.8092194,,,BA,WMD,Shallow sampling area. Sample depth taken half way from total depth of 0.5m.  Water looks stirred up within sample area.
FLAB14,P102448-5,9,"SP CONDUCTIVITY, FIELD",2/26/2019,53426,uS/cm,,FLAB,SAMP,MON,SA,G,SCOND,,N,A,0.5,m,,FLD,0,25.1504805,-80.8092194,,,BA,WMD,
FLAB14,P103834-5,9,"SP CONDUCTIVITY, FIELD",4/15/2019,59861,uS/cm,,FLAB,SAMP,MON,SA,G,SCOND,,N,A,0.5,m,,FLD,0,25.1504805,-80.8092194,,,BA,WMD,
FLAB14,P106284-5,9,"SP CONDUCTIVITY, FIELD",6/11/2019,64450,uS/cm,,FLAB,SAMP,MON,SA,G,SCOND,,N,A,0.4,m,,FLD,0,25.1504805,-80.8092194,,,BA,WMD,Secchi on bottom
FLAB14,P109207-5,9,"SP CONDUCTIVITY, FIELD",8/8/2019,53176,uS/cm,,FLAB,SAMP,MON,SA,G,SCOND,,N,A,0.5,m,,FLD,0,25.1504805,-80.8092194,,,BA,WMD,Large pieces of vegetative debris present on surface of water. Secchi on bottom.
FLAB14,P109898-5,9,"SP CONDUCTIVITY, FIELD",10/8/2019,56564,uS/cm,,FLAB,SAMP,MON,SA,G,SCOND,,N,A,0.5,m,,FLD,0,25.1504805,-80.8092194,,,BA,WMD,
FLAB14,P110697-5,9,"SP CONDUCTIVITY, FIELD",12/5/2019,55662,uS/cm,,FLAB,SAMP,MON,SA,G,SCOND,,N,A,0.5,m,,FLD,0,25.1504805,-80.8092194,,,BA,WMD,Secchi on bottom.
FLAB14,P110713-5,9,"SP CONDUCTIVITY, FIELD",2/3/2020,52637,uS/cm,,FLAB,SAMP,MON,SA,G,SCOND,,N,A,0.3,m,,FLD,0,25.1504805,-80.8092194,,,BA,WMD,"Secchi on bottom. Depth was less than 1m, sample was collected at half total depth."
FLAB14,P110719-5,9,"SP CONDUCTIVITY, FIELD",4/1/2020,68328,uS/cm,,FLAB,SAMP,MON,SA,G,SCOND,,N,A,0.4,m,,FLD,0,25.1504805,-80.8092194,,,BA,WMD,Secchi on bottom
FLAB14,P111041-5,9,"SP CONDUCTIVITY, FIELD",6/1/2020,58445,uS/cm,,FLAB,SAMP,MON,SA,G,SCOND,,N,A,0.3,m,,FLD,0,25.1504805,-80.8092194,,,BA,WMD,Secchi on bottom
FLAB14,P111104-5,9,"SP CONDUCTIVITY, FIELD",8/13/2020,61501,uS/cm,,FLAB,SAMP,MON,SA,G,SCOND,,N,A,0.35,m,,FLD,0,25.1504805,-80.8092194,,,BA,WMD,Secchi on bottom. Sample collected at half total depth.
FLAB14,P118766-5,9,"SP CONDUCTIVITY, FIELD",10/12/2020,46565,uS/cm,,FLAB,SAMP,MON,SA,G,SCOND,,N,A,0.4,m,,FLD,0,25.1504805,-80.8092194,,,BA,WMD,Secchi on bottom.
FLAB14,P120347-5,9,"SP CONDUCTIVITY, FIELD",12/9/2020,45317,uS/cm,,FLAB,SAMP,MON,SA,G,SCOND,,N,A,0.3,m,,FLD,0,25.1504805,-80.8092194,,,BA,WMD,"Sample area clear.  Total Depth was only 0.6 meters, so sampling depth was at 0.3 meters instead of 0.5 meters.  SOB, Secchi On Bottom.  Light solids in sample.  Sample collected by CL."
FLAB14,P121638-5,9,"SP CONDUCTIVITY, FIELD",1/7/2021,41032,uS/cm,,FLAB,SAMP,MON,SA,G,SCOND,,N,A,0.3,m,,FLD,0,25.1504805,-80.8092194,,,BA,WMD,Secchi on bottom
FLAB14,P122507-5,9,"SP CONDUCTIVITY, FIELD",3/17/2021,47677,uS/cm,,FLAB,SAMP,MON,SA,G,SCOND,,N,A,0.5,m,,FLD,0,25.1504805,-80.8092194,,,BA,WMD,Secchi on bottom.
FLAB14,P122517-5,9,"SP CONDUCTIVITY, FIELD",5/24/2021,54641,uS/cm,,FLAB,SAMP,MON,SA,G,SCOND,,N,A,0.2,m,,FLD,0,25.1504805,-80.8092194,,,BA,WMD,Secchi on bottom. Sampled approx. 100 m from site due to low water.
FLAB14,P123928-5,9,"SP CONDUCTIVITY, FIELD",7/1/2021,55386,uS/cm,,FLAB,SAMP,MON,SA,G,SCOND,,N,A,0.35,m,,FLD,0,25.1504805,-80.8092194,,,BA,WMD,Secchi on bottom.
FLAB14,P125715-5,9,"SP CONDUCTIVITY, FIELD",10/13/2021,55539,uS/cm,,FLAB,SAMP,MON,SA,G,SCOND,,N,A,0.4,m,,FLD,0,25.1504805,-80.8092194,,,BA,WMD,
FLAB14,P128145-5,9,"SP CONDUCTIVITY, FIELD",12/27/2021,48305,uS/cm,,FLAB,SAMP,MON,SA,G,SCOND,,N,A,0.3,m,,FLD,0,25.1504805,-80.8092194,,,BA,WMD,Sampling area clear of debris.
FLAB14,P129938-5,9,"SP CONDUCTIVITY, FIELD",2/8/2022,52194,uS/cm,,FLAB,SAMP,MON,SA,G,SCOND,,N,A,0.25,m,,FLD,0,25.1504805,-80.8092194,,,BA,WMD,Secchi on bottom
FLAB14,P132794-5,9,"SP CONDUCTIVITY, FIELD",4/7/2022,61171,uS/cm,,FLAB,SAMP,MON,SA,G,SCOND,,N,A,0.3,m,,FLD,0,25.1504805,-80.8092194,,,BA,WMD,
FLAB14,P134124-5,9,"SP CONDUCTIVITY, FIELD",6/22/2022,49947,uS/cm,,FLAB,SAMP,MON,SA,G,SCOND,,N,A,0.5,m,,FLD,0,25.1504805,-80.8092194,,,BA,WMD,
FLAB14,P135165-5,9,"SP CONDUCTIVITY, FIELD",8/18/2022,60464,uS/cm,,FLAB,SAMP,MON,SA,G,SCOND,,N,A,0.5,m,,FLD,0,25.1504805,-80.8092194,,,BA,WMD,"No visible solids, but water is very cloudy and difficult to filter. Used two filters to process."
FLAB14,P136495-5,9,"SP CONDUCTIVITY, FIELD",10/20/2022,49350,uS/cm,,FLAB,SAMP,MON,SA,G,SCOND,,N,A,0.4,m,,FLD,0,25.1504805,-80.8092194,,,BA,WMD,Sample collected at half total depth as per FSM. Water in sampling area has a greenish tint. Filter turned light green during processing.
FLAB14,P138520-5,9,"SP CONDUCTIVITY, FIELD",12/19/2022,49082,uS/cm,,FLAB,SAMP,MON,SA,G,SCOND,,N,A,0.3,m,,FLD,0,25.1504805,-80.8092194,,,BA,WMD,
FLAB14,P139468-5,9,"SP CONDUCTIVITY, FIELD",1/30/2023,52205,uS/cm,,FLAB,SAMP,MON,SA,G,SCOND,,N,A,0.5,m,,FLD,0,25.1504805,-80.8092194,,,BA,WMD,
FLAB14,P141269-5,9,"SP CONDUCTIVITY, FIELD",3/14/2023,55575,uS/cm,,FLAB,SAMP,MON,SA,G,SCOND,,N,A,0.5,m,,FLD,0,25.1504805,-80.8092194,,,BA,WMD,Secchi on bottom.
FLAB14,P143129-5,9,"SP CONDUCTIVITY, FIELD",5/11/2023,64478,uS/cm,,FLAB,SAMP,MON,SA,G,SCOND,,N,A,0.5,m,,FLD,0,25.1504805,-80.8092194,,,BA,WMD,Secchi on bottom
FLAB14,P144703-5,9,"SP CONDUCTIVITY, FIELD",7/27/2023,54404,uS/cm,,FLAB,SAMP,MON,SA,G,SCOND,,N,A,0.35,m,,FLD,0,25.1504805,-80.8092194,,,BA,WMD,
FLAB14,P146063-5,9,"SP CONDUCTIVITY, FIELD",9/27/2023,49457,uS/cm,,FLAB,SAMP,MON,SA,G,SCOND,,N,A,0.5,m,,FLD,0,25.1504805,-80.8092194,,,BA,WMD,"Water highly turbid, became difficult to filter during processing."
FLAB14,P146064-5,9,"SP CONDUCTIVITY, FIELD",11/13/2023,54782,uS/cm,,FLAB,SAMP,MON,SA,G,SCOND,,N,A,0.5,m,,FLD,0,25.1504805,-80.8092194,,,BA,WMD,"Filter became clogged during processing, no color, difficult to filter"
FLAB14,P148342-5,9,"SP CONDUCTIVITY, FIELD",1/8/2024,34029,uS/cm,,FLAB,SAMP,MON,SA,G,SCOND,,N,A,0.35,m,,FLD,0,25.1504805,-80.8092194,,,BA,WMD,collected sample approximately 600 feet SSW of site due to shallow depth
FLAB14,P149299-5,9,"SP CONDUCTIVITY, FIELD",3/4/2024,45252,uS/cm,,FLAB,SAMP,MON,SA,G,SCOND,,N,A,0.4,m,,FLD,0,25.1504805,-80.8092194,,,BA,WMD,Sample collected 800 m west of site due to shallow depth.
FLAB14,P150708-5,9,"SP CONDUCTIVITY, FIELD",5/13/2024,49154,uS/cm,,FLAB,SAMP,MON,SA,G,SCOND,,N,A,0.45,m,,FLD,0,25.1504805,-80.8092194,,,BA,WMD,Filter turned yellow during processing.
FLAB14,P152189-5,9,"SP CONDUCTIVITY, FIELD",7/15/2024,56182,uS/cm,,FLAB,SAMP,MON,SA,G,SCOND,,N,A,0.4,m,,FLD,0,25.1504805,-80.8092194,,,BA,WMD,Sample taken 550 m SW of station due to shallow depth. Filter turned green during processing; sample was difficult to push through filter.
FLAB14,P153175-5,9,"SP CONDUCTIVITY, FIELD",9/12/2024,52597,uS/cm,,FLAB,SAMP,MON,SA,G,SCOND,,N,A,0.5,m,,FLD,0,25.1504805,-80.8092194,,,BA,WMD,Filter turned green during processing.
FLAB14,P154028-5,9,"SP CONDUCTIVITY, FIELD",12/9/2024,49379,uS/cm,,FLAB,SAMP,MON,SA,G,SCOND,,N,A,0.45,m,,FLD,0,25.1504805,-80.8092194,,,BA,WMD,"Because of shallow depths, sample was collected approximately 580 meters to the southwest of the marked site coordinates."
FLAB14,P155969-5,9,"SP CONDUCTIVITY, FIELD",2/5/2025,46974,uS/cm,,FLAB,SAMP,MON,SA,G,SCOND,,N,A,0.5,m,,FLD,0,25.1504805,-80.8092194,,,BA,WMD,Secchi on bottom.
FLAB14,P158028-5,9,"SP CONDUCTIVITY, FIELD",6/18/2025,57435,umhos/cm,,FLAB,SAMP,MON,SA,G,SCOND,,N,P,0.5,m,,WMD,0,25.1504805,-80.8092194,1,,,,Secchi on bottom.
FLAB14,P149559-5,9,"SP CONDUCTIVITY, FIELD",5/13/2024,49154,uS/cm,,GEMM,SAMP,MON,SA,G,SCOND,,N,A,0.45,m,,FLD,0,25.1504805,-80.8092194,,,WT,WMD,Turbidity = 12.1 NTUSecchi depth = 0.7 mTotal depth = 0.9 mFilter turned yellow during processing
FLAB14,158014S,10,"PH, FIELD",4/21/2004,8.1,None,D,FLAB,SAMP,MON,SA,FP,PH,,N,A,0.1,,,FIU,0,25.1504805,-80.8092194,,,,FIU,
FLAB14,159014S,10,"PH, FIELD",5/21/2004,8.2,None,D,FLAB,SAMP,MON,SA,FP,PH,,N,A,0.1,,,FIU,0,25.1504805,-80.8092194,,,,WMD,
FLAB14,160014S,10,"PH, FIELD",6/28/2004,8.1,None,D,FLAB,SAMP,MON,SA,FP,PH,,N,A,0.1,,,FIU,0,25.1504805,-80.8092194,,,,WMD,
FLAB14,161014S,10,"PH, FIELD",7/27/2004,8,None,D,FLAB,SAMP,MON,SA,FP,PH,,N,A,0.1,,,FIU,0,25.1504805,-80.8092194,,,,FIU,
FLAB14,162014S,10,"PH, FIELD",8/24/2004,8,None,D,FLAB,SAMP,MON,SA,FP,PH,,N,A,0.1,,,FIU,0,25.1504805,-80.8092194,,,,FIU,
FLAB14,163014S,10,"PH, FIELD",9/28/2004,7.8,None,D,FLAB,SAMP,MON,SA,FP,PH,,N,A,0.1,,,FIU,0,25.1504805,-80.8092194,,,,FIU,
FLAB14,164014S,10,"PH, FIELD",10/26/2004,8.1,None,D,FLAB,SAMP,MON,SA,FP,PH,,N,A,0.1,,,FIU,0,25.1504805,-80.8092194,,,,FIU,
FLAB14,165014S,10,"PH, FIELD",11/29/2004,8.3,None,D,FLAB,SAMP,MON,SA,FP,PH,,N,A,0.1,,,FIU,0,25.1504805,-80.8092194,,,,FIU,
FLAB14,166014S,10,"PH, FIELD",12/14/2004,8.2,None,D,FLAB,SAMP,MON,SA,FP,PH,,N,A,0.1,,,FIU,0,25.1504805,-80.8092194,,,,FIU,
FLAB14,135014,10,"PH, FIELD",5/15/2002,8.2,None,D,FLAB,SAMP,MON,SA,G,PH,,N,A,0.1,,,FIU,0,25.1504805,-80.8092194,,,,FIU,
FLAB14,136014,10,"PH, FIELD",6/4/2002,8.5,None,D,FLAB,SAMP,MON,SA,G,PH,,N,A,0.1,,,FIU,0,25.1504805,-80.8092194,,,,FIU,
FLAB14,137014,10,"PH, FIELD",7/11/2002,8.1,None,D,FLAB,SAMP,MON,SA,G,PH,,N,A,0.1,,,FIU,0,25.1504805,-80.8092194,,,,FIU,
FLAB14,138014,10,"PH, FIELD",8/19/2002,8.4,None,D,FLAB,SAMP,MON,SA,G,PH,,N,A,0.1,,,FIU,0,25.1504805,-80.8092194,,,,FIU,
FLAB14,139014,10,"PH, FIELD",9/17/2002,8.3,None,D,FLAB,SAMP,MON,SA,G,PH,,N,A,0.1,,,FIU,0,25.1504805,-80.8092194,,,,FIU,
FLAB14,140014,10,"PH, FIELD",10/17/2002,8.1,None,D,FLAB,SAMP,MON,SA,G,PH,,N,A,0.1,,,FIU,0,25.1504805,-80.8092194,,,,FIU,
FLAB14,141014,10,"PH, FIELD",11/14/2002,8.1,None,D,FLAB,SAMP,MON,SA,G,PH,,N,A,0.1,,,FIU,0,25.1504805,-80.8092194,,,,FIU,
FLAB14,142014,10,"PH, FIELD",12/11/2002,7.9,None,D,FLAB,SAMP,MON,SA,G,PH,,N,A,0.1,,,FIU,0,25.1504805,-80.8092194,,,,FIU,
FLAB14,143014,10,"PH, FIELD",1/28/2003,8.1,None,D,FLAB,SAMP,MON,SA,G,PH,,N,A,0.1,,,FIU,0,25.1504805,-80.8092194,,,,FIU,
FLAB14,144014,10,"PH, FIELD",2/25/2003,8.6,None,D,FLAB,SAMP,MON,SA,G,PH,,N,A,0.1,,,FIU,0,25.1504805,-80.8092194,,,,FIU,
FLAB14,145014,10,"PH, FIELD",3/13/2003,8.2,None,D,FLAB,SAMP,MON,SA,G,PH,,N,A,0.1,,,FIU,0,25.1504805,-80.8092194,,,,FIU,
FLAB14,146014,10,"PH, FIELD",4/9/2003,8.4,None,D,FLAB,SAMP,MON,SA,G,PH,,N,A,0.1,,,FIU,0,25.1504805,-80.8092194,,,,FIU,
FLAB14,147014,10,"PH, FIELD",5/8/2003,8.2,None,D,FLAB,SAMP,MON,SA,G,PH,,N,A,0.1,,,FIU,0,25.1504805,-80.8092194,,,,FIU,
FLAB14,148014,10,"PH, FIELD",6/10/2003,8,None,D,FLAB,SAMP,MON,SA,G,PH,,N,A,0.1,,,FIU,0,25.1504805,-80.8092194,,,,FIU,
FLAB14,149014,10,"PH, FIELD",7/1/2003,7.9,None,D,FLAB,SAMP,MON,SA,G,PH,,N,A,0.1,,,FIU,0,25.1504805,-80.8092194,,,,FIU,
FLAB14,150014,10,"PH, FIELD",8/25/2003,8.4,None,D,FLAB,SAMP,MON,SA,G,PH,,N,A,0.1,,,FIU,0,25.1504805,-80.8092194,,,,FIU,
FLAB14,151014,10,"PH, FIELD",9/9/2003,7.9,None,D,FLAB,SAMP,MON,SA,G,PH,,N,A,0.1,,,FIU,0,25.1504805,-80.8092194,,,,FIU,
FLAB14,152014,10,"PH, FIELD",10/15/2003,8.2,None,D,FLAB,SAMP,MON,SA,G,PH,,N,A,0.1,,,FIU,0,25.1504805,-80.8092194,,,,FIU,
FLAB14,153014,10,"PH, FIELD",11/7/2003,8.1,None,D,FLAB,SAMP,MON,SA,G,PH,,N,A,0.1,,,FIU,0,25.1504805,-80.8092194,,,,FIU,
FLAB14,154014,10,"PH, FIELD",12/3/2003,8.3,None,D,FLAB,SAMP,MON,SA,G,PH,,N,A,0.1,,,FIU,0,25.1504805,-80.8092194,,,,FIU,
FLAB14,155014,10,"PH, FIELD",1/21/2004,8,None,D,FLAB,SAMP,MON,SA,G,PH,,N,A,0.1,,,FIU,0,25.1504805,-80.8092194,,,,FIU,
FLAB14,156014,10,"PH, FIELD",2/24/2004,8.1,None,D,FLAB,SAMP,MON,SA,G,PH,,N,A,0.1,,,FIU,0,25.1504805,-80.8092194,,,,FIU,
FLAB14,157014,10,"PH, FIELD",3/23/2004,8.1,None,D,FLAB,SAMP,MON,SA,G,PH,,N,A,0.1,,,FIU,0,25.1504805,-80.8092194,,,,FIU,
FLAB14,FB188FB014UA,10,"PH, FIELD",10/9/2006,8.87,None,,FLAB,SAMP,MON,SA,G,PH,,N,A,0,,,FIU,0,25.1504805,-80.8092194,,,BA,WMD,
FLAB14,FB188FB014UAB,10,"PH, FIELD",10/9/2006,8.56,None,,FLAB,SAMP,MON,SA,G,PH,,N,A,0,,,FIU,0,25.1504805,-80.8092194,,,BA,WMD,Measurements done close to the bottom.
FLAB14,FB189FB014UA,10,"PH, FIELD",11/7/2006,8.61,None,,FLAB,SAMP,MON,SA,G,PH,,N,A,0,,,FIU,0,25.1504805,-80.8092194,,,BA,WMD,
FLAB14,FB189FB014UAB,10,"PH, FIELD",11/7/2006,8.61,None,,FLAB,SAMP,MON,SA,G,PH,,N,A,0,,,FIU,0,25.1504805,-80.8092194,,,BA,WMD,Measurements done close to the bottom.
FLAB14,FB190FB014UA,10,"PH, FIELD",12/3/2006,8.57,None,,FLAB,SAMP,MON,SA,G,PH,,N,A,0,,,FIU,0,25.1504805,-80.8092194,,,BA,WMD,
FLAB14,FB190FB014UAB,10,"PH, FIELD",12/3/2006,8.58,None,,FLAB,SAMP,MON,SA,G,PH,,N,A,0,,,FIU,0,25.1504805,-80.8092194,,,BA,WMD,Measurements done close to the bottom.
FLAB14,FB191FB014UA,10,"PH, FIELD",1/11/2007,8.53,None,,FLAB,SAMP,MON,SA,G,PH,,N,A,0,,,FIU,0,25.1504805,-80.8092194,,,BA,WMD,
FLAB14,FB191FB014UAB,10,"PH, FIELD",1/11/2007,8.58,None,,FLAB,SAMP,MON,SA,G,PH,,N,A,0,,,FIU,0,25.1504805,-80.8092194,,,BA,WMD,Measurements done close to the bottom.
FLAB14,FB192FB014UA,10,"PH, FIELD",2/7/2007,8.54,None,,FLAB,SAMP,MON,SA,G,PH,,N,A,0,,,FIU,0,25.1504805,-80.8092194,,,BA,WMD,
FLAB14,FB192FB014UAB,10,"PH, FIELD",2/7/2007,8.68,None,,FLAB,SAMP,MON,SA,G,PH,,N,A,0,,,FIU,0,25.1504805,-80.8092194,,,BA,WMD,Measurements done close to the bottom.
FLAB14,FB193FB014UA,10,"PH, FIELD",3/12/2007,8.91,None,,FLAB,SAMP,MON,SA,G,PH,,N,A,0,,,FIU,0,25.1504805,-80.8092194,,,BA,WMD,
FLAB14,FB193FB014UAB,10,"PH, FIELD",3/12/2007,8.91,None,,FLAB,SAMP,MON,SA,G,PH,,N,A,0,,,FIU,0,25.1504805,-80.8092194,,,BA,WMD,Measurements done close to the bottom.
FLAB14,FB194FB014UA,10,"PH, FIELD",4/3/2007,8.65,None,,FLAB,SAMP,MON,SA,G,PH,,N,A,0,,,FIU,0,25.1504805,-80.8092194,,,BA,WMD,
FLAB14,FB194FB014UAB,10,"PH, FIELD",4/3/2007,8.69,None,,FLAB,SAMP,MON,SA,G,PH,,N,A,0,,,FIU,0,25.1504805,-80.8092194,,,BA,WMD,Measurements done close to the bottom.
FLAB14,FB195FB014UA,10,"PH, FIELD",5/1/2007,8.84,None,,FLAB,SAMP,MON,SA,G,PH,,N,A,0,,,FIU,0,25.1504805,-80.8092194,,,BA,WMD,
FLAB14,FB195FB014UAB,10,"PH, FIELD",5/1/2007,8.87,None,,FLAB,SAMP,MON,SA,G,PH,,N,A,0,,,FIU,0,25.1504805,-80.8092194,,,BA,WMD,Measurements done close to the bottom.
FLAB14,FB196FB014UA,10,"PH, FIELD",6/6/2007,8.73,None,,FLAB,SAMP,MON,SA,G,PH,,N,A,0,,,FIU,0,25.1504805,-80.8092194,,,BA,WMD,
FLAB14,FB196FB014UAB,10,"PH, FIELD",6/6/2007,8.76,None,,FLAB,SAMP,MON,SA,G,PH,,N,A,0,,,FIU,0,25.1504805,-80.8092194,,,BA,WMD,Measurements done close to the bottom.
FLAB14,FB197FB014UA,10,"PH, FIELD",7/3/2007,8.84,None,A,FLAB,SAMP,MON,SA,G,PH,,N,A,0,,,FIU,0,25.1504805,-80.8092194,,,BA,WMD,
FLAB14,FB197FB014UAB,10,"PH, FIELD",7/3/2007,8.84,None,A,FLAB,SAMP,MON,SA,G,PH,,N,A,0,,,FIU,0,25.1504805,-80.8092194,,,BA,WMD,Measurements done close to the bottom.
FLAB14,FB198FB014UA,10,"PH, FIELD",8/7/2007,8.63,None,A,FLAB,SAMP,MON,SA,G,PH,,N,A,0,,,FIU,0,25.1504805,-80.8092194,,,BA,WMD,
FLAB14,FB198FB014UAB,10,"PH, FIELD",8/7/2007,8.67,None,A,FLAB,SAMP,MON,SA,G,PH,,N,A,0,,,FIU,0,25.1504805,-80.8092194,,,BA,WMD,Measurements done close to the bottom.
FLAB14,FB199FB014UA,10,"PH, FIELD",9/5/2007,8.62,None,A,FLAB,SAMP,MON,SA,G,PH,,N,A,0,,,FIU,0,25.1504805,-80.8092194,,,BA,WMD,
FLAB14,FB199FB014UAB,10,"PH, FIELD",9/5/2007,8.63,None,A,FLAB,SAMP,MON,SA,G,PH,,N,A,0,,,FIU,0,25.1504805,-80.8092194,,,BA,WMD,Measurements done close to the bottom.
FLAB14,FB200FB014,10,"PH, FIELD",10/4/2007,8.39,None,,FLAB,SAMP,MON,SA,G,PH,,N,A,0,,,FIU,0,25.1504805,-80.8092194,,,BA,WMD,
FLAB14,FB200FB014B,10,"PH, FIELD",10/4/2007,8.48,None,,FLAB,FD,MON,SA,G,PH,,N,A,0,,,FIU,0,25.1504805,-80.8092194,,,BA,WMD,Measurements done close to the bottom.
FLAB14,FB201FB014,10,"PH, FIELD",11/7/2007,8.75,None,,FLAB,SAMP,MON,SA,G,PH,,N,A,0,,,FIU,0,25.1504805,-80.8092194,,,BA,WMD,
FLAB14,FB201FB014B,10,"PH, FIELD",11/7/2007,8.77,None,,FLAB,FD,MON,SA,G,PH,,N,A,0,,,FIU,0,25.1504805,-80.8092194,,,BA,WMD,Measurements done close to the bottom.
FLAB14,FB202FB014,10,"PH, FIELD",12/7/2007,8.83,None,,FLAB,SAMP,MON,SA,G,PH,,N,A,0,,,FIU,0,25.1504805,-80.8092194,,,BA,WMD,
FLAB14,FB202FB014B,10,"PH, FIELD",12/7/2007,8.87,None,,FLAB,FD,MON,SA,G,PH,,N,A,0,,,FIU,0,25.1504805,-80.8092194,,,BA,WMD,Measurements done close to the bottom.
FLAB14,FB203FB014,10,"PH, FIELD",1/9/2008,8.47,None,,FLAB,SAMP,MON,SA,G,PH,,N,A,0,,,FIU,0,25.1504805,-80.8092194,,,BA,WMD,
FLAB14,FB203FB014B,10,"PH, FIELD",1/9/2008,8.54,None,,FLAB,SAMP,MON,SA,G,PH,,N,A,0,,,FIU,0,25.1504805,-80.8092194,,,BA,WMD,Measurements done close to the bottom.
FLAB14,FB204FB014,10,"PH, FIELD",2/8/2008,8.67,None,,FLAB,SAMP,MON,SA,G,PH,,N,A,0,,,FIU,0,25.1504805,-80.8092194,,,BA,WMD,
FLAB14,FB204FB014B,10,"PH, FIELD",2/8/2008,8.74,None,,FLAB,SAMP,MON,SA,G,PH,,N,A,0,,,FIU,0,25.1504805,-80.8092194,,,BA,WMD,Measurements done close to the bottom.
FLAB14,FB205FB014,10,"PH, FIELD",3/5/2008,8.84,None,,FLAB,SAMP,MON,SA,G,PH,,N,A,0,,,FIU,0,25.1504805,-80.8092194,,,BA,WMD,
FLAB14,FB205FB014B,10,"PH, FIELD",3/5/2008,8.84,None,,FLAB,SAMP,MON,SA,G,PH,,N,A,0,,,FIU,0,25.1504805,-80.8092194,,,BA,WMD,Measurements done close to the bottom.
FLAB14,FB206FB014,10,"PH, FIELD",4/2/2008,8.69,None,,FLAB,SAMP,MON,SA,G,PH,,N,A,0,,,FIU,0,25.1504805,-80.8092194,,,BA,WMD,
FLAB14,FB206FB014B,10,"PH, FIELD",4/2/2008,8.43,None,,FLAB,SAMP,MON,SA,G,PH,,N,A,0,,,FIU,0,25.1504805,-80.8092194,,,BA,WMD,Measurements done close to the bottom.
FLAB14,FB207FB014,10,"PH, FIELD",5/7/2008,8.57,None,,FLAB,SAMP,MON,SA,G,PH,,N,A,0,,,FIU,0,25.1504805,-80.8092194,,,BA,WMD,
FLAB14,FB207FB014B,10,"PH, FIELD",5/7/2008,8.66,None,,FLAB,SAMP,MON,SA,G,PH,,N,A,0,,,FIU,0,25.1504805,-80.8092194,,,BA,WMD,Measurements done close to the bottom.
FLAB14,FB208FB014,10,"PH, FIELD",6/4/2008,8.66,None,,FLAB,SAMP,MON,SA,G,PH,,N,A,0,,,FIU,0,25.1504805,-80.8092194,,,BA,WMD,
FLAB14,FB208FB014B,10,"PH, FIELD",6/4/2008,8.66,None,,FLAB,SAMP,MON,SA,G,PH,,N,A,0,,,FIU,0,25.1504805,-80.8092194,,,BA,WMD,Measurements done close to the bottom.
FLAB14,P42963-5,10,"PH, FIELD",1/7/2009,7.9,None,,FLAB,SAMP,MON,SA,G,PH,,N,A,0.5,,,WMD,1,25.1504805,-80.8092194,0.6,,BA,WMD,Strong incoming flow.  sample clear with no visable solids.  light chop with increasing South winds.  Station is in very shallow water.  may want to consider moving off to the South.
FLAB14,P42978-2,10,"PH, FIELD",2/12/2009,8.4,None,,FLAB,SAMP,MON,SA,G,PH,,N,A,0.5,,,WMD,1,25.1504805,-80.8092194,0.8,,BA,WMD,Very clear warer and calm conditions.  Slight ripple.  Station in shallow water over seagrass beds.  Suggest moving it slightly to the South.
FLAB14,P43361-2,10,"PH, FIELD",3/16/2009,8.5,None,,FLAB,SAMP,MON,SA,G,PH,,N,A,0.5,,,WMD,1,25.1504805,-80.8092194,1.1,,BA,WMD,Clear calm conditiond and light flow.  Sample clear.
FLAB14,P43542-2,10,"PH, FIELD",4/20/2009,8.7,None,,FLAB,SAMP,MON,SA,G,PH,,N,A,0.5,,,WMD,1,25.1504805,-80.8092194,1.1,,BA,WMD,"Clear and calm.  RS done at station.  Extememy salty (out of calibration range). WARNING: CONDUCTIVITY exceeds CLOSING Control True Value range of 2000 to 58650,"
FLAB14,P43542-12,10,"PH, FIELD",4/20/2009,8.7,None,,FLAB,RS,MON,SA,G,PH,,N,A,0.5,,,WMD,1,25.1504805,-80.8092194,1.1,,BA,WMD,"sample clear.  Salinity out of conductivity range. WARNING: CONDUCTIVITY exceeds CLOSING Control True Value range of 2000 to 58650,"
FLAB14,P43542-13,10,"PH, FIELD",4/20/2009,8.8,None,,FLAB,RS,MON,SA,G,PH,,N,A,0.5,,,WMD,1,25.1504805,-80.8092194,1.1,,BA,WMD,"sample clear.  salinity out of conductivity range. WARNING: CONDUCTIVITY exceeds CLOSING Control True Value range of 2000 to 58650,"
FLAB14,P43936-2,10,"PH, FIELD",5/18/2009,8.4,None,,FLAB,SAMP,MON,SA,G,PH,,N,A,0.5,,,WMD,1,25.1504805,-80.8092194,1.2,,BA,WMD,Breezy and light chop.  SAmple clear.   SECCHI ON BOTTOM.  Extremely salty
FLAB14,P43955-2,10,"PH, FIELD",6/11/2009,8.4,None,,FLAB,SAMP,MON,SA,G,PH,,N,A,0.5,,,WMD,1,25.1504805,-80.8092194,1.1,,BA,WMD,Clear and calm.  Sample clear of solids.   SECCHI ON BOTTOM.  High salinity.
FLAB14,P44584-2,10,"PH, FIELD",7/20/2009,8.8,None,,FLAB,SAMP,MON,SA,G,PH,,N,A,0.5,,,WMD,1,25.1504805,-80.8092194,0.92,,BA,WMD,"sample light yellow, low solids.  very calm conditions, clear water. SECCHI ON BOTTOM."
FLAB14,P44716-2,10,"PH, FIELD",8/17/2009,8.8,None,,FLAB,SAMP,MON,SA,G,PH,,N,A,0.5,,,WMD,1,25.1504805,-80.8092194,0.9,,BA,WMD,"Sample clear, no visible solids.   SECCHI ON BOTTOM. Slight chop with a lot of foam on water surface.  Very windy (15-20 knots).  Mostly sunny with some cloud coverage, temperature low to mid 90's degrees F."
FLAB14,P45422-2,10,"PH, FIELD",9/14/2009,8.3,None,,FLAB,SAMP,MON,SA,G,PH,,N,A,0.5,,,WMD,1,25.1504805,-80.8092194,1.2,,BA,WMD,"Comments too long, see field notes."
FLAB14,P45906-2,10,"PH, FIELD",10/12/2009,8.6,None,,FLAB,SAMP,MON,SA,G,PH,,N,A,0.5,,,WMD,1,25.1504805,-80.8092194,1,,BA,WMD,Sample yellow with low solids. SECCHI ON BOTTOM. Low flow. Less than 0.5' chop with winds approx. 15-20 mph. FCEB taken at this station.
FLAB14,P46184-2,10,"PH, FIELD",11/11/2009,8.2,None,,FLAB,SAMP,MON,SA,G,PH,,N,A,0.5,,,WMD,1,25.1504805,-80.8092194,1,,BA,WMD,"Sample light yellow, with no visible solids.  Moderate chop, low flow.  Winds 20-25 mph. Heavy storms in close proximity.   SECCHI ON BOTTOM."
FLAB14,P46552-2,10,"PH, FIELD",12/7/2009,8.1,None,,FLAB,SAMP,MON,SA,G,PH,,N,A,0.5,m,,WMD,1,25.1504805,-80.8092194,,,BA,WMD,"Sample pale yellow, with no visible solids.  Low flow.  Winds 5-10 mph.  No chop, calm water.  DO has been  highter at this station.   SECCHI ON BOTTOM."
FLAB14,P46793-4,10,"PH, FIELD",1/11/2010,8.5,None,,FLAB,SAMP,MON,SA,G,PH,,N,A,0.5,m,,WMD,1,25.1504805,-80.8092194,,,BA,WMD,Comments are too long. See field notes.
FLAB14,P47183-4,10,"PH, FIELD",2/8/2010,8.5,None,,FLAB,SAMP,MON,SA,G,PH,,N,A,0.5,m,,WMD,1,25.1504805,-80.8092194,,,BA,WMD,"Sample light yellow, low solids.  Minimal chop.  Low flow.  Winds 5-15mph.   SECCHI ON BOTTOM."
FLAB14,P47472-4,10,"PH, FIELD",3/8/2010,8.7,None,,FLAB,SAMP,MON,SA,G,PH,,N,A,0.5,m,,WMD,1,25.1504805,-80.8092194,,,BA,WMD,"Sample pale yellow with no visible solids. Calm conditions, minimal chop. SECCHI ON BOTTOM. Low flow."
FLAB14,P47828-4,10,"PH, FIELD",4/12/2010,8.7,None,,FLAB,SAMP,MON,SA,G,PH,,N,A,0.5,m,,WMD,1,25.1504805,-80.8092194,,,BA,WMD,"Sample light yellow, no visible solids.  Low flow.  Moderate chop.  Winds 15-20mph.   SECCHI ON BOTTOM."
FLAB14,P48081-4,10,"PH, FIELD",5/10/2010,8.8,None,,FLAB,SAMP,MON,SA,G,PH,,N,A,0.5,m,,WMD,1,25.1504805,-80.8092194,,,BA,WMD,"Sample light yellow, low solids.  Low flow.  Calm water, minimal chop.  Winds 15-18mph.   SECCHI ON BOTTOM."
FLAB14,P48379-4,10,"PH, FIELD",6/7/2010,9,None,,FLAB,SAMP,MON,SA,G,PH,,N,A,0.5,m,,WMD,1,25.1504805,-80.8092194,,,BA,WMD,Sample is light green with low suspended solids present. Low flow with minimal chop ripple less than 3 inches and constant 12 mph winds. SECCHI ON BOTTOM.
FLAB14,P48679-4,10,"PH, FIELD",7/20/2010,8.9,None,,FLAB,SAMP,MON,SA,G,PH,,N,A,0.5,m,,WMD,1,25.1504805,-80.8092194,,,BA,WMD,"Sample light green, low solids.  Moderate chop, 1-2 foot chop.  Low flow. Winds 15-20mph.   SECCHI ON BOTTOM."
FLAB14,P48893-4,10,"PH, FIELD",8/16/2010,9,None,,FLAB,SAMP,MON,SA,G,PH,,N,A,0.5,m,,WMD,1,25.1504805,-80.8092194,,,BA,WMD,"Sample pale yellow, with low solids.  Low flow.  Calm water, no chop.  Winds 5-7mph. SECCHI ON BOTTOM."
FLAB14,P49171-4,10,"PH, FIELD",9/21/2010,8.8,None,,FLAB,SAMP,MON,SA,G,PH,,N,A,0.5,m,,WMD,1,25.1504805,-80.8092194,,,BA,WMD,"Sample light green, low solids.  Light chop, .5-1.5 foot seas.  Winds 15mph, with 20mph gusts.  Low flow.   SECCHI ON BOTTOM."
FLAB14,P49628-4,10,"PH, FIELD",10/19/2010,8.7,None,,FLAB,SAMP,MON,SA,G,PH,,N,A,0.5,m,,WMD,1,25.1504805,-80.8092194,,,BA,WMD,"Sample light yeloow, low solids.  Low flow.  Calm water, no chop.  Winds 2-5mph.   SECCHI ON BOTTOM."
FLAB14,P50070-4,10,"PH, FIELD",11/16/2010,8.9,None,,FLAB,SAMP,MON,SA,G,PH,,N,A,0.5,m,,WMD,1,25.1504805,-80.8092194,,,BA,WMD,"Sample light yellow, low solids.  Calm water, minimal chop.  Low flow.  Wind 3-5mph. SECCHI ON BOTTOM."
FLAB14,P50474-4,10,"PH, FIELD",12/14/2010,8.6,None,,FLAB,SAMP,MON,SA,G,PH,,N,A,0.35,m,,WMD,1,25.1504805,-80.8092194,,,BA,WMD,"Sample light yellow, low solids.  Calm water, minimal chop.  Wind 3-5mph.   SECCHI ON BOTTOM. water very shallow."
FLAB14,P50635-4,10,"PH, FIELD",1/4/2011,8.5,None,,FLAB,SAMP,MON,SA,G,PH,,N,A,0.5,m,,WMD,1,25.1504805,-80.8092194,,,BA,WMD,"Very low flow at station.  Very low to no chop.  Wind 0-5 mph.   SECCHI ON BOTTOM.   Sample light yellow, low solids."
FLAB14,P50937-4,10,"PH, FIELD",2/17/2011,8.3,None,,FLAB,SAMP,MON,SA,G,PH,,N,A,0.25,m,,FLD,0,25.1504805,-80.8092194,,,BA,WMD,Sample taken .4 miles from station due to shallow water.
FLAB14,P51526-4,10,"PH, FIELD",3/14/2011,9,None,,FLAB,SAMP,MON,SA,G,PH,,N,A,0.5,m,,FLD,1,25.1504805,-80.8092194,,,BA,WMD,"Sample light yellow.  Calm water, minimal chop. Wind 8-12mph.   SECCHI ON BOTTOM."
FLAB14,P52279-4,10,"PH, FIELD",4/5/2011,8.7,None,,FLAB,SAMP,MON,SA,G,PH,,N,A,0.5,m,,FLD,1,25.1504805,-80.8092194,,,BA,WMD,"Sample light green, wind 10-15mph sw."
FLAB14,P52280-4,10,"PH, FIELD",5/3/2011,8.8,None,,FLAB,SAMP,MON,SA,G,PH,,N,A,0.3,m,,FLD,1,25.1504805,-80.8092194,,,BA,WMD,"Sample palm yellow, wind east 10-15mph,  SECCHI ON BOTTOM."
FLAB14,P52281-4,10,"PH, FIELD",6/13/2011,8.8,None,,FLAB,SAMP,MON,SA,G,PH,,N,A,0.5,m,,FLD,1,25.1504805,-80.8092194,,,BA,WMD,Sample is clear with no visible sollids present. Moderate flow with variable westerly winds at 5-10 mph. SECCHI ON BOTTOM. Conductivity is out of range due to high salinity at this location.
FLAB14,P52282-4,10,"PH, FIELD",7/12/2011,8.7,None,,FLAB,SAMP,MON,SA,G,PH,,N,A,0.5,m,,FLD,1,25.1504805,-80.8092194,,,BA,WMD,Sample is pale green with no visible suspended solids present.  Flow with light ripple chop up to 4 inches and winds from the southwest at 4 to 8 mph.  SECCHI ON BOTTOM
FLAB14,P52283-6,10,"PH, FIELD",8/16/2011,8.7,None,,FLAB,SAMP,MON,SA,G,PH,,N,A,0.5,m,,FLD,1,25.1504805,-80.8092194,,,BA,WMD,Sample is pale green with no visible suspended solids present. Low flow with light chop up to 4 inches and light variable winds from southwest at 6 to 10 mph. SECCHI ON BOTTOM.
FLAB14,P52284-6,10,"PH, FIELD",9/12/2011,8.9,None,,FLAB,SAMP,MON,SA,G,PH,,N,A,0.5,m,,FLD,0,25.1504805,-80.8092194,,,BA,WMD,Sample light yellow with no visible suspended solids present. Light current with rising tide just before high tide and glassy slight ripple conditions and light variable winds from the east southeast at 2 to 4 mph. SECCHI ON BOTTOM.
FLAB14,P52285-6,10,"PH, FIELD",10/4/2011,8.4,None,,FLAB,SAMP,MON,SA,G,PH,,N,A,0.4,m,,FLD,0,25.1504805,-80.8092194,,,BA,WMD,"Wind, NE 10-15, lt chop, ebb tide,  SECCHI ON BOTTOM."
FLAB14,P54071-6,10,"PH, FIELD",12/6/2011,8.3,None,,FLAB,SAMP,MON,SA,G,PH,,N,A,0.35,m,,FLD,0,25.1504805,-80.8092194,,,BA,WMD,"Wind ESE 10-12, lt chop, slack tide,  SECCHI ON BOTTOM, Sample taken .5 miles from station due to shallow depth"
FLAB14,P55306-4,10,"PH, FIELD",2/1/2012,8.2,None,,FLAB,SAMP,MON,SA,G,PH,,N,A,0.35,m,,FLD,0,25.1504805,-80.8092194,,,BA,WMD,"Wind E 14-18, lt chop in lee of island, slack tide,  SECCHI ON BOTTOM, sample taken .38 mi from station due to shallow depth"
FLAB14,P55313-4,10,"PH, FIELD",4/12/2012,9.1,None,,FLAB,SAMP,MON,SA,G,PH,,N,A,0.45,m,,FLD,0,25.1504805,-80.8092194,,,BA,WMD,"Wind N 8-10, rippled surface, slack tide,  SECCHI ON BOTTOM."
FLAB14,P55929-4,10,"PH, FIELD",6/13/2012,8.6,None,,FLAB,SAMP,MON,SA,G,PH,,N,A,0.5,m,,FLD,0,25.1504805,-80.8092194,,,BA,WMD,Calm conditions.  Light ripple.  Slack tide.  Very light east wind.   SECCHI ON BOTTOM.
FLAB14,P56205-4,10,"PH, FIELD",8/13/2012,8.5,None,,FLAB,SAMP,MON,SA,G,PH,,N,A,0.5,m,,FLD,0,25.1504805,-80.8092194,,,BA,WMD,Very light east wind.  Calm conditions with almost no ripple.  Slack tide.   SECCHI ON BOTTOM.
FLAB14,P56209-4,10,"PH, FIELD",10/11/2012,8.3,None,,FLAB,SAMP,MON,SA,G,PH,,N,A,0.5,m,,FLD,0,25.1504805,-80.8092194,,,BA,WMD,Strong NE breeze.  Light chop.   SECCHI ON BOTTOM.
FLAB14,P56856-4,10,"PH, FIELD",12/10/2012,8.1,None,,FLAB,SAMP,MON,SA,G,PH,,N,A,0.5,m,,FLD,0,25.1504805,-80.8092194,,,BA,WMD,SECCHI ON BOTTOM. Winds 10-15kts out of the SE. Light chop.
FLAB14,P61818-4,10,"PH, FIELD",2/5/2013,8.4,None,,FLAB,SAMP,MON,SA,G,PH,,N,A,0.5,m,,FLD,0,25.1504805,-80.8092194,,,BA,WMD,SECCHI ON BOTTOM. Very light breeze 1-2kts. Calm water. No noticeable current.
FLAB14,P61819-4,10,"PH, FIELD",4/18/2013,8.6,None,,FLAB,SAMP,MON,SA,G,PH,,N,A,0.3,m,,FLD,0,25.1504805,-80.8092194,,,PD,WMD,SECCHI ON BOTTOM. ESE winds 10-12 kts. Light ripple on the water.
FLAB14,P63880-4,10,"PH, FIELD",6/17/2013,8.6,None,,FLAB,SAMP,MON,SA,G,PH,,N,A,0.4,m,,FLD,0,25.1504805,-80.8092194,,,PD,WMD,"slight ripple on surface, southeast wind 10-15, secchi on bottom, site collected short of coordinates due to shallow water less than 0.5m while approaching site"
FLAB14,P63881-4,10,"PH, FIELD",8/13/2013,8.7,None,,FLAB,SAMP,MON,SA,G,PH,,N,A,0.35,m,,FLD,0,25.1504805,-80.8092194,,,PD,WMD,SECCHI ON BOTTOM. Ripples on surface. E wind 5-10 kt. No current observed. Station visted near high tide. Unable to reach location due to shallow water. Collected at 25-08'43.5 secN 080-48'34.4 secW
FLAB14,P65941-4,10,"PH, FIELD",10/28/2013,8.4,None,,FLAB,SAMP,MON,SA,G,PH,,N,A,0.4,m,,FLD,0,25.1504805,-80.8092194,,,PD,WMD,SECCHI ON BOTTOM. Light chop. E wind approx 15 kt. Moderate wind driven current.
FLAB14,P68531-4,10,"PH, FIELD",12/11/2013,8.5,None,,FLAB,SAMP,MON,SA,G,PH,,N,A,0.35,m,,FLD,0,25.1504805,-80.8092194,,,PD,WMD,"Light chop, E wind 10-15,  SECCHI ON BOTTOM."
FLAB14,P70123-4,10,"PH, FIELD",2/26/2014,8.4,None,,FLAB,SAMP,MON,SA,G,PH,,N,A,0.5,m,,FLD,0,25.1504805,-80.8092194,,,PD,WMD,"SECCHI ON BOTTOM. Slight ripple on water surface. Slight wind out of the SW, 5kts. Slight incoming tide. Unable to get to actual FLAB14 site due to water level, sample taken at GPS position N2508.345 W08048.512."
FLAB14,P70124-4,10,"PH, FIELD",4/7/2014,8.5,None,,FLAB,SAMP,MON,SA,G,PH,,N,A,0.5,m,,FLD,0,25.1504805,-80.8092194,,,PD,WMD,Moderate chop due to 15kt SE winds. Sample area clear. SECCHI ON BOTTOM.
FLAB14,P71707-4,10,"PH, FIELD",6/9/2014,8.5,None,,FLAB,SAMP,MON,SA,G,PH,,N,A,0.5,m,,FLD,0,25.1504805,-80.8092194,,,PD,WMD,"SECCHI ON BOTTOM. Calm winds, calm waves, incoming tide."
FLAB14,P72712-4,10,"PH, FIELD",8/5/2014,8.2,None,,FLAB,SAMP,MON,SA,G,PH,,N,A,0.5,m,,FLD,0,25.1504805,-80.8092194,,,PD,WMD,"Calm conditions, SW winds less than 5 kts. Small amount of single piece turtle and manatee grasses on surface. Incoming tide. SECCHI ON BOTTOM."
FLAB14,P74736-4,10,"PH, FIELD",10/20/2014,8.4,None,,FLAB,SAMP,MON,SA,G,PH,,N,A,0.35,m,,FLD,0,25.1504805,-80.8092194,,,PD,WMD,"Calm,  SECCHI ON BOTTOM."
FLAB14,P74738-4,10,"PH, FIELD",12/17/2014,8.3,None,,FLAB,SAMP,MON,SA,G,PH,,N,A,0.5,m,,FLD,0,25.1504805,-80.8092194,,,PD,WMD,"Incoming tide, NE winds 5kts, calm seas, small amout of floating vegetation pieces visible on water surface. SECCHI ON BOTTOM."
FLAB14,P74737-4,10,"PH, FIELD",2/16/2015,8.6,None,,FLAB,SAMP,MON,SA,G,PH,,N,A,0.45,m,,FLD,0,25.1504805,-80.8092194,,,PD,WMD,"Calm, E wind 10-15. Sample collected 925 m due south of site because of water depth. SECCHI ON BOTTOM"
FLAB14,P75445-4,10,"PH, FIELD",4/13/2015,8.6,None,,FLAB,SAMP,MON,SA,G,PH,,N,A,0.5,m,,FLD,0,25.1504805,-80.8092194,,,PD,WMD,Sample collected 1 km due south of site due to water depth. SOB
FLAB14,P74739-4,10,"PH, FIELD",6/9/2015,8.6,None,,FLAB,SAMP,MON,SA,G,PH,,N,A,0.5,m,,FLD,0,25.1504805,-80.8092194,,,PD,WMD,SOB
FLAB14,P78245-4,10,"PH, FIELD",8/25/2015,8.8,None,,FLAB,SAMP,MON,SA,G,PH,,N,A,0.5,m,,FLD,0,25.1504805,-80.8092194,,,PD,WMD,Secchi on bottom.
FLAB14,P80870-4,10,"PH, FIELD",10/7/2015,8.2,None,,FLAB,SAMP,MON,SA,G,PH,,N,A,0.5,m,,FLD,0,25.1504805,-80.8092194,,,PD,WMD,"Calm seas, light amount of loose vegetation on surface, incoming tide, secchi on bottom."
FLAB14,P82416-4,10,"PH, FIELD",1/21/2016,7.8,None,,FLAB,SAMP,MON,SA,G,PH,,N,A,0.5,m,,FLD,0,25.1504805,-80.8092194,,,PD,WMD,Secchi on bottom. Surface smooth. Winds ESE 10-15.
FLAB14,P82935-4,10,"PH, FIELD",2/16/2016,7.6,None,,FLAB,SAMP,MON,SA,G,PH,,N,A,0.5,m,,FLD,0,25.1504805,-80.8092194,,,PD,WMD,"Calm wind and seas, sample area clear, Secchi on bottom."
FLAB14,P83568-4,10,"PH, FIELD",4/14/2016,7.7,None,,FLAB,SAMP,MON,SA,G,PH,,N,A,0.35,m,,FLD,0,25.1504805,-80.8092194,,,PD,WMD,SOB. Light winds out of the SE around 7 kts. Glass smooth water.
FLAB14,P84316-4,10,"PH, FIELD",6/29/2016,8.2,None,,FLAB,SAMP,MON,SA,G,PH,,N,A,0.5,m,,FLD,0,25.1504805,-80.8092194,,,PD,WMD,"slight ripple on surface, calm wind, some vegetation clippings on surface, off colored water observed, algae like appearance in water column, filter turned green in color during processing"
FLAB14,P84638-4,10,"PH, FIELD",8/25/2016,7.9,None,,FLAB,SAMP,MON,SA,G,PH,,N,A,0.5,m,,FLD,0,25.1504805,-80.8092194,,,PD,WMD,"Light east winds, light surface chop, turbid water, light green brown in color, light amount of loose sea grass floating on surface. Light greenish yellow color visible in filter after use. Secchi on bottom."
FLAB14,P86137-4,10,"PH, FIELD",10/24/2016,8,None,,FLAB,SAMP,MON,SA,G,PH,,N,A,0.5,m,,FLD,0,25.1504805,-80.8092194,,,PD,WMD,"NE winds 15kt, light chop, sample area clear otherwise. Secchi on bottom."
FLAB14,P86766-4,10,"PH, FIELD",12/21/2016,7.9,None,,FLAB,SAMP,MON,SA,G,PH,,N,A,0.5,m,,FLD,0,25.1504805,-80.8092194,,,PD,WMD,"NE winds 10-15 kts, light chop, sample area clear. Secchi on bottom."
FLAB14,P87700-4,10,"PH, FIELD",2/20/2017,8,None,,FLAB,SAMP,MON,SA,G,PH,,N,A,0.5,m,,FLD,0,25.1504805,-80.8092194,,,PD,WMD,"NE winds 10-15 kts, waters moderate chop, light amount of loose sea grass on surface. Secchi on bottom. Could not get within 300m of sample GPS point due to shallow water."
FLAB14,P87830-4,10,"PH, FIELD",4/20/2017,8.4,None,,FLAB,SAMP,MON,SA,G,PH,,N,A,0.5,m,,FLD,0,25.1504805,-80.8092194,,,PD,WMD,"Could only get within 0.5 kilometers of site due to very shallow water.  Had less than 1 foot seas, sample area clear, with 10-15 knot east winds.  Sample collected by DA."
FLAB14,P89179-4,10,"PH, FIELD",8/1/2017,7.9,None,,FLAB,SAMP,MON,SA,G,PH,,N,A,0.5,m,,FLD,0,25.1504805,-80.8092194,,,PD,WMD,"Light sw winds, calm seas, moderate amount of loose sea grasses floating on surface, secchi on bottom."
FLAB14,P88721-4,10,"PH, FIELD",10/12/2017,7.8,None,,FLAB,SAMP,MON,SA,G,PH,,N,A,0.5,m,,FLD,0,25.1504805,-80.8092194,,,PD,WMD,Filter appeared to contaiin algae when processing sample.
FLAB14,P91159-4,10,"PH, FIELD",12/13/2017,7.6,None,,FLAB,SAMP,MON,SA,G,PH,,N,A,0.5,m,,FLD,0,25.1504805,-80.8092194,,,PD,WMD,Light chop. Murky brown water
FLAB14,P92112-4,10,"PH, FIELD",2/28/2018,8.2,None,,FLAB,SAMP,MON,SA,G,PH,,N,A,0.5,m,,FLD,0,25.1504805,-80.8092194,,,PD,WMD,Flat water. Green water. Filter turned green. Same problem with DO readings.
FLAB14,P92872-4,10,"PH, FIELD",4/10/2018,7.9,None,,FLAB,SAMP,MON,SA,G,PH,,N,A,0.5,m,,FLD,0,25.1504805,-80.8092194,,,PD,WMD,Light chop.
FLAB14,P93694-4,10,"PH, FIELD",6/7/2018,8.1,None,,FLAB,SAMP,MON,SA,G,PH,,N,A,0.5,m,,FLD,0,25.1504805,-80.8092194,,,PD,WMD,Floating vegetation present. Avoided during collection.
FLAB14,P94931-4,10,"PH, FIELD",8/6/2018,8.4,None,,FLAB,SAMP,MON,SA,G,PH,,N,A,0.5,m,,FLD,0,25.1504805,-80.8092194,,,PD,WMD,
FLAB14,P95251-4,10,"PH, FIELD",10/3/2018,8.3,None,,FLAB,SAMP,MON,SA,G,PH,,N,A,0.5,m,,FLD,0,25.1504805,-80.8092194,,,PD,WMD,heavy suspended solids
FLAB14,P96720-4,10,"PH, FIELD",12/17/2018,8.1,None,,FLAB,SAMP,MON,SA,G,PH,,N,A,0.25,m,,FLD,0,25.1504805,-80.8092194,,,BA,WMD,Shallow sampling area. Sample depth taken half way from total depth of 0.5m.  Water looks stirred up within sample area.
FLAB14,P102448-5,10,"PH, FIELD",2/26/2019,7.9,None,,FLAB,SAMP,MON,SA,G,PH,,N,A,0.5,m,,FLD,0,25.1504805,-80.8092194,,,BA,WMD,
FLAB14,P103834-5,10,"PH, FIELD",4/15/2019,8.2,None,,FLAB,SAMP,MON,SA,G,PH,,N,A,0.5,m,,FLD,0,25.1504805,-80.8092194,,,BA,WMD,
FLAB14,P106284-5,10,"PH, FIELD",6/11/2019,7.7,None,J,FLAB,SAMP,MON,SA,G,PH,,N,A,0.4,m,,FLD,0,25.1504805,-80.8092194,,,BA,WMD,Secchi on bottom
FLAB14,P109207-5,10,"PH, FIELD",8/8/2019,8.1,None,,FLAB,SAMP,MON,SA,G,PH,,N,A,0.5,m,,FLD,0,25.1504805,-80.8092194,,,BA,WMD,Large pieces of vegetative debris present on surface of water. Secchi on bottom.
FLAB14,P109898-5,10,"PH, FIELD",10/8/2019,7.8,None,,FLAB,SAMP,MON,SA,G,PH,,N,A,0.5,m,,FLD,0,25.1504805,-80.8092194,,,BA,WMD,
FLAB14,P110697-5,10,"PH, FIELD",12/5/2019,8.1,None,,FLAB,SAMP,MON,SA,G,PH,,N,A,0.5,m,,FLD,0,25.1504805,-80.8092194,,,BA,WMD,Secchi on bottom.
FLAB14,P110713-5,10,"PH, FIELD",2/3/2020,8,None,,FLAB,SAMP,MON,SA,G,PH,,N,A,0.3,m,,FLD,0,25.1504805,-80.8092194,,,BA,WMD,"Secchi on bottom. Depth was less than 1m, sample was collected at half total depth."
FLAB14,P110719-5,10,"PH, FIELD",4/1/2020,8.2,None,,FLAB,SAMP,MON,SA,G,PH,,N,A,0.4,m,,FLD,0,25.1504805,-80.8092194,,,BA,WMD,Secchi on bottom
FLAB14,P111041-5,10,"PH, FIELD",6/1/2020,8.6,None,J,FLAB,SAMP,MON,SA,G,PH,,N,A,0.3,m,,FLD,0,25.1504805,-80.8092194,,,BA,WMD,Secchi on bottom
FLAB14,P111104-5,10,"PH, FIELD",8/13/2020,8.1,None,,FLAB,SAMP,MON,SA,G,PH,,N,A,0.35,m,,FLD,0,25.1504805,-80.8092194,,,BA,WMD,Secchi on bottom. Sample collected at half total depth.
FLAB14,P118766-5,10,"PH, FIELD",10/12/2020,7.9,None,,FLAB,SAMP,MON,SA,G,PH,,N,A,0.4,m,,FLD,0,25.1504805,-80.8092194,,,BA,WMD,Secchi on bottom.
FLAB14,P120347-5,10,"PH, FIELD",12/9/2020,8.2,None,,FLAB,SAMP,MON,SA,G,PH,,N,A,0.3,m,,FLD,0,25.1504805,-80.8092194,,,BA,WMD,"Sample area clear.  Total Depth was only 0.6 meters, so sampling depth was at 0.3 meters instead of 0.5 meters.  SOB, Secchi On Bottom.  Light solids in sample.  Sample collected by CL."
FLAB14,P121638-5,10,"PH, FIELD",1/7/2021,8.2,None,,FLAB,SAMP,MON,SA,G,PH,,N,A,0.3,m,,FLD,0,25.1504805,-80.8092194,,,BA,WMD,Secchi on bottom
FLAB14,P122507-5,10,"PH, FIELD",3/17/2021,8.3,None,,FLAB,SAMP,MON,SA,G,PH,,N,A,0.5,m,,FLD,0,25.1504805,-80.8092194,,,BA,WMD,Secchi on bottom.
FLAB14,P122517-5,10,"PH, FIELD",5/24/2021,8.1,None,,FLAB,SAMP,MON,SA,G,PH,,N,A,0.2,m,,FLD,0,25.1504805,-80.8092194,,,BA,WMD,Secchi on bottom. Sampled approx. 100 m from site due to low water.
FLAB14,P123928-5,10,"PH, FIELD",7/1/2021,8,None,,FLAB,SAMP,MON,SA,G,PH,,N,A,0.35,m,,FLD,0,25.1504805,-80.8092194,,,BA,WMD,Secchi on bottom.
FLAB14,P125715-5,10,"PH, FIELD",10/13/2021,7.8,None,,FLAB,SAMP,MON,SA,G,PH,,N,A,0.4,m,,FLD,0,25.1504805,-80.8092194,,,BA,WMD,
FLAB14,P128145-5,10,"PH, FIELD",12/27/2021,8,None,,FLAB,SAMP,MON,SA,G,PH,,N,A,0.3,m,,FLD,0,25.1504805,-80.8092194,,,BA,WMD,Sampling area clear of debris.
FLAB14,P129938-5,10,"PH, FIELD",2/8/2022,8.2,None,,FLAB,SAMP,MON,SA,G,PH,,N,A,0.25,m,,FLD,0,25.1504805,-80.8092194,,,BA,WMD,Secchi on bottom
FLAB14,P132794-5,10,"PH, FIELD",4/7/2022,8.1,None,,FLAB,SAMP,MON,SA,G,PH,,N,A,0.3,m,,FLD,0,25.1504805,-80.8092194,,,BA,WMD,
FLAB14,P134124-5,10,"PH, FIELD",6/22/2022,8,None,,FLAB,SAMP,MON,SA,G,PH,,N,A,0.5,m,,FLD,0,25.1504805,-80.8092194,,,BA,WMD,
FLAB14,P135165-5,10,"PH, FIELD",8/18/2022,8.4,None,,FLAB,SAMP,MON,SA,G,PH,,N,A,0.5,m,,FLD,0,25.1504805,-80.8092194,,,BA,WMD,"No visible solids, but water is very cloudy and difficult to filter. Used two filters to process."
FLAB14,P136495-5,10,"PH, FIELD",10/20/2022,7.9,None,,FLAB,SAMP,MON,SA,G,PH,,N,A,0.4,m,,FLD,0,25.1504805,-80.8092194,,,BA,WMD,Sample collected at half total depth as per FSM. Water in sampling area has a greenish tint. Filter turned light green during processing.
FLAB14,P138520-5,10,"PH, FIELD",12/19/2022,8.2,None,,FLAB,SAMP,MON,SA,G,PH,,N,A,0.3,m,,FLD,0,25.1504805,-80.8092194,,,BA,WMD,
FLAB14,P139468-5,10,"PH, FIELD",1/30/2023,8.1,None,,FLAB,SAMP,MON,SA,G,PH,,N,A,0.5,m,,FLD,0,25.1504805,-80.8092194,,,BA,WMD,
FLAB14,P141269-5,10,"PH, FIELD",3/14/2023,8.6,None,,FLAB,SAMP,MON,SA,G,PH,,N,A,0.5,m,,FLD,0,25.1504805,-80.8092194,,,BA,WMD,Secchi on bottom.
FLAB14,P143129-5,10,"PH, FIELD",5/11/2023,8.2,None,,FLAB,SAMP,MON,SA,G,PH,,N,A,0.5,m,,FLD,0,25.1504805,-80.8092194,,,BA,WMD,Secchi on bottom
FLAB14,P144703-5,10,"PH, FIELD",7/27/2023,8.1,None,,FLAB,SAMP,MON,SA,G,PH,,N,A,0.35,m,,FLD,0,25.1504805,-80.8092194,,,BA,WMD,
FLAB14,P146063-5,10,"PH, FIELD",9/27/2023,8,None,,FLAB,SAMP,MON,SA,G,PH,,N,A,0.5,m,,FLD,0,25.1504805,-80.8092194,,,BA,WMD,"Water highly turbid, became difficult to filter during processing."
FLAB14,P146064-5,10,"PH, FIELD",11/13/2023,8.1,None,,FLAB,SAMP,MON,SA,G,PH,,N,A,0.5,m,,FLD,0,25.1504805,-80.8092194,,,BA,WMD,"Filter became clogged during processing, no color, difficult to filter"
FLAB14,P148342-5,10,"PH, FIELD",1/8/2024,8.4,None,,FLAB,SAMP,MON,SA,G,PH,,N,A,0.35,m,,FLD,0,25.1504805,-80.8092194,,,BA,WMD,collected sample approximately 600 feet SSW of site due to shallow depth
FLAB14,P149299-5,10,"PH, FIELD",3/4/2024,8.4,None,,FLAB,SAMP,MON,SA,G,PH,,N,A,0.4,m,,FLD,0,25.1504805,-80.8092194,,,BA,WMD,Sample collected 800 m west of site due to shallow depth.
FLAB14,P150708-5,10,"PH, FIELD",5/13/2024,8.5,None,,FLAB,SAMP,MON,SA,G,PH,,N,A,0.45,m,,FLD,0,25.1504805,-80.8092194,,,BA,WMD,Filter turned yellow during processing.
FLAB14,P152189-5,10,"PH, FIELD",7/15/2024,8.1,None,,FLAB,SAMP,MON,SA,G,PH,,N,A,0.4,m,,FLD,0,25.1504805,-80.8092194,,,BA,WMD,Sample taken 550 m SW of station due to shallow depth. Filter turned green during processing; sample was difficult to push through filter.
FLAB14,P153175-5,10,"PH, FIELD",9/12/2024,8.1,None,,FLAB,SAMP,MON,SA,G,PH,,N,A,0.5,m,,FLD,0,25.1504805,-80.8092194,,,BA,WMD,Filter turned green during processing.
FLAB14,P154028-5,10,"PH, FIELD",12/9/2024,8.3,None,,FLAB,SAMP,MON,SA,G,PH,,N,A,0.45,m,,FLD,0,25.1504805,-80.8092194,,,BA,WMD,"Because of shallow depths, sample was collected approximately 580 meters to the southwest of the marked site coordinates."
FLAB14,P155969-5,10,"PH, FIELD",2/5/2025,8.3,None,,FLAB,SAMP,MON,SA,G,PH,,N,A,0.5,m,,FLD,0,25.1504805,-80.8092194,,,BA,WMD,Secchi on bottom.
FLAB14,P158028-5,10,"PH, FIELD",6/18/2025,8,pH Units,,FLAB,SAMP,MON,SA,G,PH,,N,P,0.5,m,,WMD,0,25.1504805,-80.8092194,1,,,,Secchi on bottom.
FLAB14,P149559-5,10,"PH, FIELD",5/13/2024,8.5,None,,GEMM,SAMP,MON,SA,G,PH,,N,A,0.45,m,,FLD,0,25.1504805,-80.8092194,,,WT,WMD,Turbidity = 12.1 NTUSecchi depth = 0.7 mTotal depth = 0.9 mFilter turned yellow during processing
FLAB14,P42963-5,11,SECCHI DISK DEPTH,1/7/2009,0.6,meters,,FLAB,SAMP,MON,SA,G,SECCI,,N,A,0.5,,,WMD,1,25.1504805,-80.8092194,0.6,,BA,WMD,Strong incoming flow.  sample clear with no visable solids.  light chop with increasing South winds.  Station is in very shallow water.  may want to consider moving off to the South.
FLAB14,P42978-2,11,SECCHI DISK DEPTH,2/12/2009,0.8,meters,,FLAB,SAMP,MON,SA,G,SECCI,,N,A,0.5,,,WMD,1,25.1504805,-80.8092194,0.8,,BA,WMD,Very clear warer and calm conditions.  Slight ripple.  Station in shallow water over seagrass beds.  Suggest moving it slightly to the South.
FLAB14,P43361-2,11,SECCHI DISK DEPTH,3/16/2009,1.1,meters,,FLAB,SAMP,MON,SA,G,SECCI,,N,A,0.5,,,WMD,1,25.1504805,-80.8092194,1.1,,BA,WMD,Clear calm conditiond and light flow.  Sample clear.
FLAB14,P43542-2,11,SECCHI DISK DEPTH,4/20/2009,1.1,meters,,FLAB,SAMP,MON,SA,G,SECCI,,N,A,0.5,,,WMD,1,25.1504805,-80.8092194,1.1,,BA,WMD,"Clear and calm.  RS done at station.  Extememy salty (out of calibration range). WARNING: CONDUCTIVITY exceeds CLOSING Control True Value range of 2000 to 58650,"
FLAB14,P43542-12,11,SECCHI DISK DEPTH,4/20/2009,1.1,meters,,FLAB,RS,MON,SA,G,SECCI,,N,A,0.5,,,WMD,1,25.1504805,-80.8092194,1.1,,BA,WMD,"sample clear.  Salinity out of conductivity range. WARNING: CONDUCTIVITY exceeds CLOSING Control True Value range of 2000 to 58650,"
FLAB14,P43542-13,11,SECCHI DISK DEPTH,4/20/2009,1.1,meters,,FLAB,RS,MON,SA,G,SECCI,,N,A,0.5,,,WMD,1,25.1504805,-80.8092194,1.1,,BA,WMD,"sample clear.  salinity out of conductivity range. WARNING: CONDUCTIVITY exceeds CLOSING Control True Value range of 2000 to 58650,"
FLAB14,P43936-2,11,SECCHI DISK DEPTH,5/18/2009,1.2,meters,,FLAB,SAMP,MON,SA,G,SECCI,,N,A,0.5,,,WMD,1,25.1504805,-80.8092194,1.2,,BA,WMD,Breezy and light chop.  SAmple clear.   SECCHI ON BOTTOM.  Extremely salty
FLAB14,P43955-2,11,SECCHI DISK DEPTH,6/11/2009,1.1,meters,,FLAB,SAMP,MON,SA,G,SECCI,,N,A,0.5,,,WMD,1,25.1504805,-80.8092194,1.1,,BA,WMD,Clear and calm.  Sample clear of solids.   SECCHI ON BOTTOM.  High salinity.
FLAB14,P44584-2,11,SECCHI DISK DEPTH,7/20/2009,0.92,meters,,FLAB,SAMP,MON,SA,G,SECCI,,N,A,0.5,,,WMD,1,25.1504805,-80.8092194,0.92,,BA,WMD,"sample light yellow, low solids.  very calm conditions, clear water. SECCHI ON BOTTOM."
FLAB14,P44716-2,11,SECCHI DISK DEPTH,8/17/2009,0.9,meters,,FLAB,SAMP,MON,SA,G,SECCI,,N,A,0.5,,,WMD,1,25.1504805,-80.8092194,0.9,,BA,WMD,"Sample clear, no visible solids.   SECCHI ON BOTTOM. Slight chop with a lot of foam on water surface.  Very windy (15-20 knots).  Mostly sunny with some cloud coverage, temperature low to mid 90's degrees F."
FLAB14,P45422-2,11,SECCHI DISK DEPTH,9/14/2009,1.2,meters,,FLAB,SAMP,MON,SA,G,SECCI,,N,A,0.5,,,WMD,1,25.1504805,-80.8092194,1.2,,BA,WMD,"Comments too long, see field notes."
FLAB14,P45906-2,11,SECCHI DISK DEPTH,10/12/2009,1,meters,,FLAB,SAMP,MON,SA,G,SECCI,,N,A,0.5,,,WMD,1,25.1504805,-80.8092194,1,,BA,WMD,Sample yellow with low solids. SECCHI ON BOTTOM. Low flow. Less than 0.5' chop with winds approx. 15-20 mph. FCEB taken at this station.
FLAB14,P46184-2,11,SECCHI DISK DEPTH,11/11/2009,1,meters,,FLAB,SAMP,MON,SA,G,SECCI,,N,A,0.5,,,WMD,1,25.1504805,-80.8092194,1,,BA,WMD,"Sample light yellow, with no visible solids.  Moderate chop, low flow.  Winds 20-25 mph. Heavy storms in close proximity.   SECCHI ON BOTTOM."
FLAB14,P46552-2,11,SECCHI DISK DEPTH,12/7/2009,1,meters,,FLAB,SAMP,MON,SA,G,SECCI,,N,A,0.5,m,,WMD,1,25.1504805,-80.8092194,,,BA,WMD,"Sample pale yellow, with no visible solids.  Low flow.  Winds 5-10 mph.  No chop, calm water.  DO has been  highter at this station.   SECCHI ON BOTTOM."
FLAB14,P46793-4,11,SECCHI DISK DEPTH,1/11/2010,1,meters,,FLAB,SAMP,MON,SA,G,SECCI,,N,A,0.5,m,,WMD,1,25.1504805,-80.8092194,,,BA,WMD,Comments are too long. See field notes.
FLAB14,P47183-4,11,SECCHI DISK DEPTH,2/8/2010,1,meters,,FLAB,SAMP,MON,SA,G,SECCI,,N,A,0.5,m,,WMD,1,25.1504805,-80.8092194,,,BA,WMD,"Sample light yellow, low solids.  Minimal chop.  Low flow.  Winds 5-15mph.   SECCHI ON BOTTOM."
FLAB14,P47472-4,11,SECCHI DISK DEPTH,3/8/2010,1,meters,,FLAB,SAMP,MON,SA,G,SECCI,,N,A,0.5,m,,WMD,1,25.1504805,-80.8092194,,,BA,WMD,"Sample pale yellow with no visible solids. Calm conditions, minimal chop. SECCHI ON BOTTOM. Low flow."
FLAB14,P47828-4,11,SECCHI DISK DEPTH,4/12/2010,1,meters,,FLAB,SAMP,MON,SA,G,SECCI,,N,A,0.5,m,,WMD,1,25.1504805,-80.8092194,,,BA,WMD,"Sample light yellow, no visible solids.  Low flow.  Moderate chop.  Winds 15-20mph.   SECCHI ON BOTTOM."
FLAB14,P48081-4,11,SECCHI DISK DEPTH,5/10/2010,1,meters,,FLAB,SAMP,MON,SA,G,SECCI,,N,A,0.5,m,,WMD,1,25.1504805,-80.8092194,,,BA,WMD,"Sample light yellow, low solids.  Low flow.  Calm water, minimal chop.  Winds 15-18mph.   SECCHI ON BOTTOM."
FLAB14,P48379-4,11,SECCHI DISK DEPTH,6/7/2010,0.8,meters,,FLAB,SAMP,MON,SA,G,SECCI,,N,A,0.5,m,,WMD,1,25.1504805,-80.8092194,,,BA,WMD,Sample is light green with low suspended solids present. Low flow with minimal chop ripple less than 3 inches and constant 12 mph winds. SECCHI ON BOTTOM.
FLAB14,P48679-4,11,SECCHI DISK DEPTH,7/20/2010,1,meters,,FLAB,SAMP,MON,SA,G,SECCI,,N,A,0.5,m,,WMD,1,25.1504805,-80.8092194,,,BA,WMD,"Sample light green, low solids.  Moderate chop, 1-2 foot chop.  Low flow. Winds 15-20mph.   SECCHI ON BOTTOM."
FLAB14,P48893-4,11,SECCHI DISK DEPTH,8/16/2010,1,meters,,FLAB,SAMP,MON,SA,G,SECCI,,N,A,0.5,m,,WMD,1,25.1504805,-80.8092194,,,BA,WMD,"Sample pale yellow, with low solids.  Low flow.  Calm water, no chop.  Winds 5-7mph. SECCHI ON BOTTOM."
FLAB14,P49171-4,11,SECCHI DISK DEPTH,9/21/2010,1,meters,,FLAB,SAMP,MON,SA,G,SECCI,,N,A,0.5,m,,WMD,1,25.1504805,-80.8092194,,,BA,WMD,"Sample light green, low solids.  Light chop, .5-1.5 foot seas.  Winds 15mph, with 20mph gusts.  Low flow.   SECCHI ON BOTTOM."
FLAB14,P49628-4,11,SECCHI DISK DEPTH,10/19/2010,1,meters,,FLAB,SAMP,MON,SA,G,SECCI,,N,A,0.5,m,,WMD,1,25.1504805,-80.8092194,,,BA,WMD,"Sample light yeloow, low solids.  Low flow.  Calm water, no chop.  Winds 2-5mph.   SECCHI ON BOTTOM."
FLAB14,P50070-4,11,SECCHI DISK DEPTH,11/16/2010,0.9,meters,,FLAB,SAMP,MON,SA,G,SECCI,,N,A,0.5,m,,WMD,1,25.1504805,-80.8092194,,,BA,WMD,"Sample light yellow, low solids.  Calm water, minimal chop.  Low flow.  Wind 3-5mph. SECCHI ON BOTTOM."
FLAB14,P50474-4,11,SECCHI DISK DEPTH,12/14/2010,0.7,meters,,FLAB,SAMP,MON,SA,G,SECCI,,N,A,0.35,m,,WMD,1,25.1504805,-80.8092194,,,BA,WMD,"Sample light yellow, low solids.  Calm water, minimal chop.  Wind 3-5mph.   SECCHI ON BOTTOM. water very shallow."
FLAB14,P50635-4,11,SECCHI DISK DEPTH,1/4/2011,0.9,meters,,FLAB,SAMP,MON,SA,G,SECCI,,N,A,0.5,m,,WMD,1,25.1504805,-80.8092194,,,BA,WMD,"Very low flow at station.  Very low to no chop.  Wind 0-5 mph.   SECCHI ON BOTTOM.   Sample light yellow, low solids."
FLAB14,P50937-4,11,SECCHI DISK DEPTH,2/17/2011,0.55,meters,,FLAB,SAMP,MON,SA,G,SECCI,,N,A,0.25,m,,WMD,0,25.1504805,-80.8092194,,,BA,WMD,Sample taken .4 miles from station due to shallow water.
FLAB14,P51526-4,11,SECCHI DISK DEPTH,3/14/2011,0.7,meters,,FLAB,SAMP,MON,SA,G,SECCI,,N,A,0.5,m,,WMD,1,25.1504805,-80.8092194,,,BA,WMD,"Sample light yellow.  Calm water, minimal chop. Wind 8-12mph.   SECCHI ON BOTTOM."
FLAB14,P52279-4,11,SECCHI DISK DEPTH,4/5/2011,0.72,meters,,FLAB,SAMP,MON,SA,G,SECCI,,N,A,0.5,m,,WMD,1,25.1504805,-80.8092194,,,BA,WMD,"Sample light green, wind 10-15mph sw."
FLAB14,P52280-4,11,SECCHI DISK DEPTH,5/3/2011,0.6,meters,,FLAB,SAMP,MON,SA,G,SECCI,,N,A,0.3,m,,WMD,1,25.1504805,-80.8092194,,,BA,WMD,"Sample palm yellow, wind east 10-15mph,  SECCHI ON BOTTOM."
FLAB14,P52281-4,11,SECCHI DISK DEPTH,6/13/2011,0.9,meters,,FLAB,SAMP,MON,SA,G,SECCI,,N,A,0.5,m,,WMD,1,25.1504805,-80.8092194,,,BA,WMD,Sample is clear with no visible sollids present. Moderate flow with variable westerly winds at 5-10 mph. SECCHI ON BOTTOM. Conductivity is out of range due to high salinity at this location.
FLAB14,P52282-4,11,SECCHI DISK DEPTH,7/12/2011,1,meters,,FLAB,SAMP,MON,SA,G,SECCI,,N,A,0.5,m,,WMD,1,25.1504805,-80.8092194,,,BA,WMD,Sample is pale green with no visible suspended solids present.  Flow with light ripple chop up to 4 inches and winds from the southwest at 4 to 8 mph.  SECCHI ON BOTTOM
FLAB14,P52283-6,11,SECCHI DISK DEPTH,8/16/2011,1.1,meters,,FLAB,SAMP,MON,SA,G,SECCI,,N,A,0.5,m,,WMD,1,25.1504805,-80.8092194,,,BA,WMD,Sample is pale green with no visible suspended solids present. Low flow with light chop up to 4 inches and light variable winds from southwest at 6 to 10 mph. SECCHI ON BOTTOM.
FLAB14,P52284-6,11,SECCHI DISK DEPTH,9/12/2011,1.1,meters,,FLAB,SAMP,MON,SA,G,SECCI,,N,A,0.5,m,,WMD,0,25.1504805,-80.8092194,,,BA,WMD,Sample light yellow with no visible suspended solids present. Light current with rising tide just before high tide and glassy slight ripple conditions and light variable winds from the east southeast at 2 to 4 mph. SECCHI ON BOTTOM.
FLAB14,P52285-6,11,SECCHI DISK DEPTH,10/4/2011,0.8,meters,,FLAB,SAMP,MON,SA,G,SECCI,,N,A,0.4,m,,WMD,0,25.1504805,-80.8092194,,,BA,WMD,"Wind, NE 10-15, lt chop, ebb tide,  SECCHI ON BOTTOM."
FLAB14,P54071-6,11,SECCHI DISK DEPTH,12/6/2011,0.75,meters,,FLAB,SAMP,MON,SA,G,SECCI,,N,A,0.35,m,,WMD,0,25.1504805,-80.8092194,,,BA,WMD,"Wind ESE 10-12, lt chop, slack tide,  SECCHI ON BOTTOM, Sample taken .5 miles from station due to shallow depth"
FLAB14,P55306-4,11,SECCHI DISK DEPTH,2/1/2012,0.75,meters,,FLAB,SAMP,MON,SA,G,SECCI,,N,A,0.35,m,,WMD,0,25.1504805,-80.8092194,,,BA,WMD,"Wind E 14-18, lt chop in lee of island, slack tide,  SECCHI ON BOTTOM, sample taken .38 mi from station due to shallow depth"
FLAB14,P55313-4,11,SECCHI DISK DEPTH,4/12/2012,0.9,meters,,FLAB,SAMP,MON,SA,G,SECCI,,N,A,0.45,m,,WMD,0,25.1504805,-80.8092194,,,BA,WMD,"Wind N 8-10, rippled surface, slack tide,  SECCHI ON BOTTOM."
FLAB14,P55929-4,11,SECCHI DISK DEPTH,6/13/2012,1,meters,,FLAB,SAMP,MON,SA,G,SECCI,,N,A,0.5,m,,WMD,0,25.1504805,-80.8092194,,,BA,WMD,Calm conditions.  Light ripple.  Slack tide.  Very light east wind.   SECCHI ON BOTTOM.
FLAB14,P56205-4,11,SECCHI DISK DEPTH,8/13/2012,1,meters,,FLAB,SAMP,MON,SA,G,SECCI,,N,A,0.5,m,,WMD,0,25.1504805,-80.8092194,,,BA,WMD,Very light east wind.  Calm conditions with almost no ripple.  Slack tide.   SECCHI ON BOTTOM.
FLAB14,P56209-4,11,SECCHI DISK DEPTH,10/11/2012,0.8,meters,,FLAB,SAMP,MON,SA,G,SECCI,,N,A,0.5,m,,WMD,0,25.1504805,-80.8092194,,,BA,WMD,Strong NE breeze.  Light chop.   SECCHI ON BOTTOM.
FLAB14,P56856-4,11,SECCHI DISK DEPTH,12/10/2012,1,meters,,FLAB,SAMP,MON,SA,G,SECCI,,N,A,0.5,m,,WMD,0,25.1504805,-80.8092194,,,BA,WMD,SECCHI ON BOTTOM. Winds 10-15kts out of the SE. Light chop.
FLAB14,P61818-4,11,SECCHI DISK DEPTH,2/5/2013,0.8,meters,,FLAB,SAMP,MON,SA,G,SECCI,,N,A,0.5,m,,WMD,0,25.1504805,-80.8092194,,,BA,WMD,SECCHI ON BOTTOM. Very light breeze 1-2kts. Calm water. No noticeable current.
FLAB14,P61819-4,11,SECCHI DISK DEPTH,4/18/2013,0.6,meters,,FLAB,SAMP,MON,SA,G,SECCI,,N,A,0.3,m,,WMD,0,25.1504805,-80.8092194,,,PD,WMD,SECCHI ON BOTTOM. ESE winds 10-12 kts. Light ripple on the water.
FLAB14,P63880-4,11,SECCHI DISK DEPTH,6/17/2013,0.7,meters,,FLAB,SAMP,MON,SA,G,SECCI,,N,A,0.4,m,,WMD,0,25.1504805,-80.8092194,,,PD,WMD,"slight ripple on surface, southeast wind 10-15, secchi on bottom, site collected short of coordinates due to shallow water less than 0.5m while approaching site"
FLAB14,P63881-4,11,SECCHI DISK DEPTH,8/13/2013,0.7,meters,,FLAB,SAMP,MON,SA,G,SECCI,,N,A,0.35,m,,WMD,0,25.1504805,-80.8092194,,,PD,WMD,SECCHI ON BOTTOM. Ripples on surface. E wind 5-10 kt. No current observed. Station visted near high tide. Unable to reach location due to shallow water. Collected at 25-08'43.5 secN 080-48'34.4 secW
FLAB14,P65941-4,11,SECCHI DISK DEPTH,10/28/2013,0.8,meters,,FLAB,SAMP,MON,SA,G,SECCI,,N,A,0.4,m,,WMD,0,25.1504805,-80.8092194,,,PD,WMD,SECCHI ON BOTTOM. Light chop. E wind approx 15 kt. Moderate wind driven current.
FLAB14,P68531-4,11,SECCHI DISK DEPTH,12/11/2013,0.7,meters,,FLAB,SAMP,MON,SA,G,SECCI,,N,A,0.35,m,,WMD,0,25.1504805,-80.8092194,,,PD,WMD,"Light chop, E wind 10-15,  SECCHI ON BOTTOM."
FLAB14,P70123-4,11,SECCHI DISK DEPTH,2/26/2014,1,meters,,FLAB,SAMP,MON,SA,G,SECCI,,N,A,0.5,m,,WMD,0,25.1504805,-80.8092194,,,PD,WMD,"SECCHI ON BOTTOM. Slight ripple on water surface. Slight wind out of the SW, 5kts. Slight incoming tide. Unable to get to actual FLAB14 site due to water level, sample taken at GPS position N2508.345 W08048.512."
FLAB14,P70124-4,11,SECCHI DISK DEPTH,4/7/2014,1.1,meters,,FLAB,SAMP,MON,SA,G,SECCI,,N,A,0.5,m,,WMD,0,25.1504805,-80.8092194,,,PD,WMD,Moderate chop due to 15kt SE winds. Sample area clear. SECCHI ON BOTTOM.
FLAB14,P71707-4,11,SECCHI DISK DEPTH,6/9/2014,1.4,meters,,FLAB,SAMP,MON,SA,G,SECCI,,N,A,0.5,m,,WMD,0,25.1504805,-80.8092194,,,PD,WMD,"SECCHI ON BOTTOM. Calm winds, calm waves, incoming tide."
FLAB14,P72712-4,11,SECCHI DISK DEPTH,8/5/2014,1.2,meters,S,FLAB,SAMP,MON,SA,G,SECCI,,N,A,0.5,m,,FLD,0,25.1504805,-80.8092194,,,PD,WMD,"Calm conditions, SW winds less than 5 kts. Small amount of single piece turtle and manatee grasses on surface. Incoming tide. SECCHI ON BOTTOM."
FLAB14,P74736-4,11,SECCHI DISK DEPTH,10/20/2014,0.7,meters,S,FLAB,SAMP,MON,SA,G,SECCI,,N,A,0.35,m,,FLD,0,25.1504805,-80.8092194,,,PD,WMD,"Calm,  SECCHI ON BOTTOM."
FLAB14,P74738-4,11,SECCHI DISK DEPTH,12/17/2014,1,meters,S,FLAB,SAMP,MON,SA,G,SECCI,,N,A,0.5,m,,FLD,0,25.1504805,-80.8092194,,,PD,WMD,"Incoming tide, NE winds 5kts, calm seas, small amout of floating vegetation pieces visible on water surface. SECCHI ON BOTTOM."
FLAB14,P74737-4,11,SECCHI DISK DEPTH,2/16/2015,0.9,meters,S,FLAB,SAMP,MON,SA,G,SECCI,,N,A,0.45,m,,FLD,0,25.1504805,-80.8092194,,,PD,WMD,"Calm, E wind 10-15. Sample collected 925 m due south of site because of water depth. SECCHI ON BOTTOM"
FLAB14,P75445-4,11,SECCHI DISK DEPTH,4/13/2015,1,meters,S,FLAB,SAMP,MON,SA,G,SECCI,,N,A,0.5,m,,FLD,0,25.1504805,-80.8092194,,,PD,WMD,Sample collected 1 km due south of site due to water depth. SOB
FLAB14,P74739-4,11,SECCHI DISK DEPTH,6/9/2015,1.2,meters,S,FLAB,SAMP,MON,SA,G,SECCI,,N,A,0.5,m,,FLD,0,25.1504805,-80.8092194,,,PD,WMD,SOB
FLAB14,P78245-4,11,SECCHI DISK DEPTH,8/25/2015,1.1,meters,S,FLAB,SAMP,MON,SA,G,SECCI,,N,A,0.5,m,,FLD,0,25.1504805,-80.8092194,,,PD,WMD,Secchi on bottom.
FLAB14,P80870-4,11,SECCHI DISK DEPTH,10/7/2015,1.2,meters,S,FLAB,SAMP,MON,SA,G,SECCI,,N,A,0.5,m,,FLD,0,25.1504805,-80.8092194,,,PD,WMD,"Calm seas, light amount of loose vegetation on surface, incoming tide, secchi on bottom."
FLAB14,P82416-4,11,SECCHI DISK DEPTH,1/21/2016,1.3,meters,S,FLAB,SAMP,MON,SA,G,SECCI,,N,A,0.5,m,,FLD,0,25.1504805,-80.8092194,,,PD,WMD,Secchi on bottom. Surface smooth. Winds ESE 10-15.
FLAB14,P82935-4,11,SECCHI DISK DEPTH,2/16/2016,1.2,meters,S,FLAB,SAMP,MON,SA,G,SECCI,,N,A,0.5,m,,FLD,0,25.1504805,-80.8092194,,,PD,WMD,"Calm wind and seas, sample area clear, Secchi on bottom."
FLAB14,P83568-4,11,SECCHI DISK DEPTH,4/14/2016,0.7,meters,S,FLAB,SAMP,MON,SA,G,SECCI,,N,A,0.35,m,,FLD,0,25.1504805,-80.8092194,,,PD,WMD,SOB. Light winds out of the SE around 7 kts. Glass smooth water.
FLAB14,P84316-4,11,SECCHI DISK DEPTH,6/29/2016,0.6,meters,,FLAB,SAMP,MON,SA,G,SECCI,,N,A,0.5,m,,FLD,0,25.1504805,-80.8092194,,,PD,WMD,"slight ripple on surface, calm wind, some vegetation clippings on surface, off colored water observed, algae like appearance in water column, filter turned green in color during processing"
FLAB14,P84638-4,11,SECCHI DISK DEPTH,8/25/2016,0.7,meters,S,FLAB,SAMP,MON,SA,G,SECCI,,N,A,0.5,m,,FLD,0,25.1504805,-80.8092194,,,PD,WMD,"Light east winds, light surface chop, turbid water, light green brown in color, light amount of loose sea grass floating on surface. Light greenish yellow color visible in filter after use. Secchi on bottom."
FLAB14,P86137-4,11,SECCHI DISK DEPTH,10/24/2016,1,meters,S,FLAB,SAMP,MON,SA,G,SECCI,,N,A,0.5,m,,FLD,0,25.1504805,-80.8092194,,,PD,WMD,"NE winds 15kt, light chop, sample area clear otherwise. Secchi on bottom."
FLAB14,P86766-4,11,SECCHI DISK DEPTH,12/21/2016,1.3,meters,S,FLAB,SAMP,MON,SA,G,SECCI,,N,A,0.5,m,,FLD,0,25.1504805,-80.8092194,,,PD,WMD,"NE winds 10-15 kts, light chop, sample area clear. Secchi on bottom."
FLAB14,P87700-4,11,SECCHI DISK DEPTH,2/20/2017,1,meters,S,FLAB,SAMP,MON,SA,G,SECCI,,N,A,0.5,m,,FLD,0,25.1504805,-80.8092194,,,PD,WMD,"NE winds 10-15 kts, waters moderate chop, light amount of loose sea grass on surface. Secchi on bottom. Could not get within 300m of sample GPS point due to shallow water."
FLAB14,P87830-4,11,SECCHI DISK DEPTH,4/20/2017,1.1,meters,S,FLAB,SAMP,MON,SA,G,SECCI,,N,A,0.5,m,,FLD,0,25.1504805,-80.8092194,,,PD,WMD,"Could only get within 0.5 kilometers of site due to very shallow water.  Had less than 1 foot seas, sample area clear, with 10-15 knot east winds.  Sample collected by DA."
FLAB14,P89179-4,11,SECCHI DISK DEPTH,8/1/2017,1,meters,S,FLAB,SAMP,MON,SA,G,SECCI,,N,A,0.5,m,,FLD,0,25.1504805,-80.8092194,,,PD,WMD,"Light sw winds, calm seas, moderate amount of loose sea grasses floating on surface, secchi on bottom."
FLAB14,P88721-4,11,SECCHI DISK DEPTH,10/12/2017,0.4,meters,,FLAB,SAMP,MON,SA,G,SECCI,,N,A,0.5,m,,FLD,0,25.1504805,-80.8092194,,,PD,WMD,Filter appeared to contaiin algae when processing sample.
FLAB14,P91159-4,11,SECCHI DISK DEPTH,12/13/2017,0.2,meters,,FLAB,SAMP,MON,SA,G,SECCI,,N,A,0.5,m,,FLD,0,25.1504805,-80.8092194,,,PD,WMD,Light chop. Murky brown water
FLAB14,P92112-4,11,SECCHI DISK DEPTH,2/28/2018,0.3,meters,,FLAB,SAMP,MON,SA,G,SECCI,,N,A,0.5,m,,FLD,0,25.1504805,-80.8092194,,,PD,WMD,Flat water. Green water. Filter turned green. Same problem with DO readings.
FLAB14,P92872-4,11,SECCHI DISK DEPTH,4/10/2018,0.6,meters,,FLAB,SAMP,MON,SA,G,SECCI,,N,A,0.5,m,,FLD,0,25.1504805,-80.8092194,,,PD,WMD,Light chop.
FLAB14,P93694-4,11,SECCHI DISK DEPTH,6/7/2018,0.6,meters,,FLAB,SAMP,MON,SA,G,SECCI,,N,A,0.5,m,,FLD,0,25.1504805,-80.8092194,,,PD,WMD,Floating vegetation present. Avoided during collection.
FLAB14,P94931-4,11,SECCHI DISK DEPTH,8/6/2018,0.6,meters,,FLAB,SAMP,MON,SA,G,SECCI,,N,A,0.5,m,,FLD,0,25.1504805,-80.8092194,,,PD,WMD,
FLAB14,P95251-4,11,SECCHI DISK DEPTH,10/3/2018,0.3,meters,,FLAB,SAMP,MON,SA,G,SECCI,,N,A,0.5,m,,FLD,0,25.1504805,-80.8092194,,,PD,WMD,heavy suspended solids
FLAB14,P96720-4,11,SECCHI DISK DEPTH,12/17/2018,0.2,meters,,FLAB,SAMP,MON,SA,G,SECCI,,N,A,0.25,m,,FLD,0,25.1504805,-80.8092194,,,BA,WMD,Shallow sampling area. Sample depth taken half way from total depth of 0.5m.  Water looks stirred up within sample area.
FLAB14,P102448-5,11,SECCHI DISK DEPTH,2/26/2019,0.5,meters,,FLAB,SAMP,MON,SA,G,SECCI,,N,A,0.5,m,,FLD,0,25.1504805,-80.8092194,,,BA,WMD,
FLAB14,P103834-5,11,SECCHI DISK DEPTH,4/15/2019,0.25,meters,,FLAB,SAMP,MON,SA,G,SECCI,,N,A,0.5,m,,FLD,0,25.1504805,-80.8092194,,,BA,WMD,
FLAB14,P106284-5,11,SECCHI DISK DEPTH,6/11/2019,0.8,meters,S,FLAB,SAMP,MON,SA,G,SECCI,,N,A,0.4,m,,FLD,0,25.1504805,-80.8092194,,,BA,WMD,Secchi on bottom
FLAB14,P109207-5,11,SECCHI DISK DEPTH,8/8/2019,0.8,meters,S,FLAB,SAMP,MON,SA,G,SECCI,,N,A,0.5,m,,FLD,0,25.1504805,-80.8092194,,,BA,WMD,Large pieces of vegetative debris present on surface of water. Secchi on bottom.
FLAB14,P109898-5,11,SECCHI DISK DEPTH,10/8/2019,0.5,meters,,FLAB,SAMP,MON,SA,G,SECCI,,N,A,0.5,m,,FLD,0,25.1504805,-80.8092194,,,BA,WMD,
FLAB14,P110697-5,11,SECCHI DISK DEPTH,12/5/2019,0.8,meters,S,FLAB,SAMP,MON,SA,G,SECCI,,N,A,0.5,m,,FLD,0,25.1504805,-80.8092194,,,BA,WMD,Secchi on bottom.
FLAB14,P110713-5,11,SECCHI DISK DEPTH,2/3/2020,0.6,meters,S,FLAB,SAMP,MON,SA,G,SECCI,,N,A,0.3,m,,FLD,0,25.1504805,-80.8092194,,,BA,WMD,"Secchi on bottom. Depth was less than 1m, sample was collected at half total depth."
FLAB14,P110719-5,11,SECCHI DISK DEPTH,4/1/2020,0.8,meters,S,FLAB,SAMP,MON,SA,G,SECCI,,N,A,0.4,m,,FLD,0,25.1504805,-80.8092194,,,BA,WMD,Secchi on bottom
FLAB14,P111041-5,11,SECCHI DISK DEPTH,6/1/2020,0.6,meters,S,FLAB,SAMP,MON,SA,G,SECCI,,N,A,0.3,m,,FLD,0,25.1504805,-80.8092194,,,BA,WMD,Secchi on bottom
FLAB14,P111104-5,11,SECCHI DISK DEPTH,8/13/2020,0.7,meters,S,FLAB,SAMP,MON,SA,G,SECCI,,N,A,0.35,m,,FLD,0,25.1504805,-80.8092194,,,BA,WMD,Secchi on bottom. Sample collected at half total depth.
FLAB14,P118766-5,11,SECCHI DISK DEPTH,10/12/2020,0.8,meters,S,FLAB,SAMP,MON,SA,G,SECCI,,N,A,0.4,m,,FLD,0,25.1504805,-80.8092194,,,BA,WMD,Secchi on bottom.
FLAB14,P120347-5,11,SECCHI DISK DEPTH,12/9/2020,0.6,meters,S,FLAB,SAMP,MON,SA,G,SECCI,,N,A,0.3,m,,FLD,0,25.1504805,-80.8092194,,,BA,WMD,"Sample area clear.  Total Depth was only 0.6 meters, so sampling depth was at 0.3 meters instead of 0.5 meters.  SOB, Secchi On Bottom.  Light solids in sample.  Sample collected by CL."
FLAB14,P121638-5,11,SECCHI DISK DEPTH,1/7/2021,0.6,meters,S,FLAB,SAMP,MON,SA,G,SECCI,,N,A,0.3,m,,FLD,0,25.1504805,-80.8092194,,,BA,WMD,Secchi on bottom
FLAB14,P122507-5,11,SECCHI DISK DEPTH,3/17/2021,1.1,meters,S,FLAB,SAMP,MON,SA,G,SECCI,,N,A,0.5,m,,FLD,0,25.1504805,-80.8092194,,,BA,WMD,Secchi on bottom.
FLAB14,P122517-5,11,SECCHI DISK DEPTH,5/24/2021,0.4,meters,S,FLAB,SAMP,MON,SA,G,SECCI,,N,A,0.2,m,,FLD,0,25.1504805,-80.8092194,,,BA,WMD,Secchi on bottom. Sampled approx. 100 m from site due to low water.
FLAB14,P123928-5,11,SECCHI DISK DEPTH,7/1/2021,0.7,meters,S,FLAB,SAMP,MON,SA,G,SECCI,,N,A,0.35,m,,FLD,0,25.1504805,-80.8092194,,,BA,WMD,Secchi on bottom.
FLAB14,P125715-5,11,SECCHI DISK DEPTH,10/13/2021,0.7,meters,,FLAB,SAMP,MON,SA,G,SECCI,,N,A,0.4,m,,FLD,0,25.1504805,-80.8092194,,,BA,WMD,
FLAB14,P128145-5,11,SECCHI DISK DEPTH,12/27/2021,0.5,meters,,FLAB,SAMP,MON,SA,G,SECCI,,N,A,0.3,m,,FLD,0,25.1504805,-80.8092194,,,BA,WMD,Sampling area clear of debris.
FLAB14,P129938-5,11,SECCHI DISK DEPTH,2/8/2022,0.5,meters,S,FLAB,SAMP,MON,SA,G,SECCI,,N,A,0.25,m,,FLD,0,25.1504805,-80.8092194,,,BA,WMD,Secchi on bottom
FLAB14,P132794-5,11,SECCHI DISK DEPTH,4/7/2022,0.4,meters,,FLAB,SAMP,MON,SA,G,SECCI,,N,A,0.3,m,,FLD,0,25.1504805,-80.8092194,,,BA,WMD,
FLAB14,P134124-5,11,SECCHI DISK DEPTH,6/22/2022,0.6,meters,,FLAB,SAMP,MON,SA,G,SECCI,,N,A,0.5,m,,FLD,0,25.1504805,-80.8092194,,,BA,WMD,
FLAB14,P135165-5,11,SECCHI DISK DEPTH,8/18/2022,0.5,meters,,FLAB,SAMP,MON,SA,G,SECCI,,N,A,0.5,m,,FLD,0,25.1504805,-80.8092194,,,BA,WMD,"No visible solids, but water is very cloudy and difficult to filter. Used two filters to process."
FLAB14,P136495-5,11,SECCHI DISK DEPTH,10/20/2022,0.5,meters,,FLAB,SAMP,MON,SA,G,SECCI,,N,A,0.4,m,,FLD,0,25.1504805,-80.8092194,,,BA,WMD,Sample collected at half total depth as per FSM. Water in sampling area has a greenish tint. Filter turned light green during processing.
FLAB14,P138520-5,11,SECCHI DISK DEPTH,12/19/2022,0.4,meters,,FLAB,SAMP,MON,SA,G,SECCI,,N,A,0.3,m,,FLD,0,25.1504805,-80.8092194,,,BA,WMD,
FLAB14,P139468-5,11,SECCHI DISK DEPTH,1/30/2023,0.5,meters,,FLAB,SAMP,MON,SA,G,SECCI,,N,A,0.5,m,,FLD,0,25.1504805,-80.8092194,,,BA,WMD,
FLAB14,P141269-5,11,SECCHI DISK DEPTH,3/14/2023,1,meters,S,FLAB,SAMP,MON,SA,G,SECCI,,N,A,0.5,m,,FLD,0,25.1504805,-80.8092194,,,BA,WMD,Secchi on bottom.
FLAB14,P143129-5,11,SECCHI DISK DEPTH,5/11/2023,1,meters,S,FLAB,SAMP,MON,SA,G,SECCI,,N,A,0.5,m,,FLD,0,25.1504805,-80.8092194,,,BA,WMD,Secchi on bottom
FLAB14,P144703-5,11,SECCHI DISK DEPTH,7/27/2023,0.6,meters,,FLAB,SAMP,MON,SA,G,SECCI,,N,A,0.35,m,,FLD,0,25.1504805,-80.8092194,,,BA,WMD,
FLAB14,P146063-5,11,SECCHI DISK DEPTH,9/27/2023,0.6,meters,,FLAB,SAMP,MON,SA,G,SECCI,,N,A,0.5,m,,FLD,0,25.1504805,-80.8092194,,,BA,WMD,"Water highly turbid, became difficult to filter during processing."
FLAB14,P146064-5,11,SECCHI DISK DEPTH,11/13/2023,0.7,meters,,FLAB,SAMP,MON,SA,G,SECCI,,N,A,0.5,m,,FLD,0,25.1504805,-80.8092194,,,BA,WMD,"Filter became clogged during processing, no color, difficult to filter"
FLAB14,P148342-5,11,SECCHI DISK DEPTH,1/8/2024,0.4,meters,,FLAB,SAMP,MON,SA,G,SECCI,,N,A,0.35,m,,FLD,0,25.1504805,-80.8092194,,,BA,WMD,collected sample approximately 600 feet SSW of site due to shallow depth
FLAB14,P149299-5,11,SECCHI DISK DEPTH,3/4/2024,0.5,meters,,FLAB,SAMP,MON,SA,G,SECCI,,N,A,0.4,m,,FLD,0,25.1504805,-80.8092194,,,BA,WMD,Sample collected 800 m west of site due to shallow depth.
FLAB14,P150708-5,11,SECCHI DISK DEPTH,5/13/2024,0.7,meters,,FLAB,SAMP,MON,SA,G,SECCI,,N,A,0.45,m,,FLD,0,25.1504805,-80.8092194,,,BA,WMD,Filter turned yellow during processing.
FLAB14,P152189-5,11,SECCHI DISK DEPTH,7/15/2024,0.6,meters,,FLAB,SAMP,MON,SA,G,SECCI,,N,A,0.4,m,,FLD,0,25.1504805,-80.8092194,,,BA,WMD,Sample taken 550 m SW of station due to shallow depth. Filter turned green during processing; sample was difficult to push through filter.
FLAB14,P153175-5,11,SECCHI DISK DEPTH,9/12/2024,0.6,meters,,FLAB,SAMP,MON,SA,G,SECCI,,N,A,0.5,m,,FLD,0,25.1504805,-80.8092194,,,BA,WMD,Filter turned green during processing.
FLAB14,P154028-5,11,SECCHI DISK DEPTH,12/9/2024,0.7,meters,,FLAB,SAMP,MON,SA,G,SECCI,,N,A,0.45,m,,FLD,0,25.1504805,-80.8092194,,,BA,WMD,"Because of shallow depths, sample was collected approximately 580 meters to the southwest of the marked site coordinates."
FLAB14,P155969-5,11,SECCHI DISK DEPTH,2/5/2025,1,meters,S,FLAB,SAMP,MON,SA,G,SECCI,,N,A,0.5,m,,FLD,0,25.1504805,-80.8092194,,,BA,WMD,Secchi on bottom.
FLAB14,P50070-11,12,TURBIDITY,11/16/2010,0.1,NTU,U,FLAB,FCEB,MON,DI,G,TURBI,0.1,Y,A,0,,,WMD,0,25.1504805,-80.8092194,,,BA,WMD,"DI, niskin, bucket, syringe, filter, sample bottle.  FCEB taken at FLAB14."
FLAB14,P52279-7,12,TURBIDITY,4/5/2011,0.1,NTU,U,FLAB,FCEB,MON,DI,G,TURBI,0.1,Y,A,0,,,WMD,0,25.1504805,-80.8092194,,,BA,WMD,"FCEB. DI,NISKEN,BUCKET,SYRINGE,FILTER,SAMPLE BOTTLE. FCEB COLLECTED @ STATION FLAB 14"
FLAB14,P52280-7,12,TURBIDITY,5/3/2011,0.1,NTU,U,FLAB,FCEB,MON,DI,G,TURBI,0.1,Y,A,0,,,WMD,1,25.1504805,-80.8092194,,,BA,WMD,"FCEB. DI,Nisken,Bucket,Syringe,Filter,Sample Bottle. FCDE taken @ station FLAB14"
FLAB14,P55313-7,12,TURBIDITY,4/12/2012,0.1,NTU,U,FLAB,FCEB,MON,DI,G,TURBI,0.1,Y,A,,,,WMD,0,25.1504805,-80.8092194,,,BA,WMD,FCEB
FLAB14,P61818-7,12,TURBIDITY,2/5/2013,0.1,NTU,U,FLAB,FCEB,MON,DI,G,TURBI,0.1,Y,A,,,,WMD,0,25.1504805,-80.8092194,,,BA,WMD,FCEB.
FLAB14,P65941-7,12,TURBIDITY,10/28/2013,0.1,NTU,U,FLAB,FCEB,MON,DI,G,TURBI,0.1,Y,A,,,,WMD,0,25.1504805,-80.8092194,,,PD,WMD,
FLAB14,P86137-7,12,TURBIDITY,10/24/2016,0.1,NTU,U,FLAB,FCEB,MON,DI,G,TURBI,0.1,Y,A,,,,WMD,0,25.1504805,-80.8092194,,,PD,WMD,
FLAB14,P86766-7,12,TURBIDITY,12/21/2016,0.1,NTU,U,FLAB,FCEB,MON,DI,G,TURBI,0.1,Y,A,,,,WMD,0,25.1504805,-80.8092194,,,PD,WMD,
FLAB14,P87830-7,12,TURBIDITY,4/20/2017,0.1,NTU,U,FLAB,FCEB,MON,DI,G,TURBI,0.1,Y,A,,,,WMD,0,25.1504805,-80.8092194,,,PD,WMD,FCEB collected at FLAB14 site.  Sample collected by DA.
FLAB14,P88721-7,12,TURBIDITY,10/12/2017,0.1,NTU,U,FLAB,FCEB,MON,DI,G,TURBI,0.1,Y,A,,,,WMD,0,25.1504805,-80.8092194,,,PD,WMD,FCEB performed.
FLAB14,P91159-7,12,TURBIDITY,12/13/2017,0.1,NTU,U,FLAB,FCEB,MON,DI,G,TURBI,0.1,Y,A,,,,WMD,0,25.1504805,-80.8092194,,,PD,WMD,Performed by EW at FLAB14.
FLAB14,P92112-7,12,TURBIDITY,2/28/2018,0.1,NTU,U,FLAB,FCEB,MON,DI,G,TURBI,0.1,Y,A,,,,WMD,0,25.1504805,-80.8092194,,,PD,WMD,Performed by KJ at FLAB14 with DI 5886.
FLAB14,P92872-7,12,TURBIDITY,4/10/2018,0.1,NTU,U,FLAB,FCEB,MON,DI,G,TURBI,0.1,Y,A,,,,WMD,0,25.1504805,-80.8092194,,,PD,WMD,Performed by NP at FLAB14 with DI 5901.
FLAB14,P120347-8,12,TURBIDITY,12/9/2020,0.1,NTU,U,FLAB,FCEB,MON,DI,G,TURBI,0.1,Y,A,,,,WMD,0,25.1504805,-80.8092194,,,BA,WMD,FCEB collected at station FLAB14 by CL using DI#: 7014.
FLAB14,P129938-8,12,TURBIDITY,2/8/2022,0.1,NTU,U,FLAB,FCEB,MON,DI,G,TURBI,0.1,Y,A,,,,WMD,0,25.1504805,-80.8092194,,,BA,WMD,FCEB collected thru all sampling equipment 7492
FLAB14,P139468-8,12,TURBIDITY,1/30/2023,0.1,NTU,U,FLAB,FCEB,MON,DI,G,TURBI,0.1,Y,A,,,,WMD,0,25.1504805,-80.8092194,,,BA,WMD,FCEB collected thru all sampling equipment by TT at FLAB14 using DI 7688.
FLAB14,P143129-8,12,TURBIDITY,5/11/2023,0.1,NTU,U,FLAB,FCEB,MON,DI,G,TURBI,0.1,Y,A,,,,WMD,0,25.1504805,-80.8092194,,,BA,WMD,FCEB collected thru all sampling equipment by PF at FLAB14 using DI 7762
FLAB14,P146064-8,12,TURBIDITY,11/13/2023,0.1,NTU,U,FLAB,FCEB,MON,DI,G,TURBI,0.1,Y,A,,,,WMD,0,25.1504805,-80.8092194,,,BA,WMD,FCEB collected thru all sampling equipment by CL at FLAB14 using DI 7860
FLAB14,P148342-8,12,TURBIDITY,1/8/2024,0.1,NTU,U,FLAB,FCEB,MON,DI,G,TURBI,0.1,Y,A,,,,WMD,0,25.1504805,-80.8092194,,,BA,WMD,FCEB collected thru all sampling equipment by ST at FLAB14 using DI 7913
FLAB14,P152189-8,12,TURBIDITY,7/15/2024,0.1,NTU,I,FLAB,FCEB,MON,DI,G,TURBI,0.1,N,A,,,,WMD,0,25.1504805,-80.8092194,,,BA,WMD,FCEB collected thru all sampling equipment by RJC using DI 8031.
FLAB14,P153175-8,12,TURBIDITY,9/12/2024,0.1,NTU,U,FLAB,FCEB,MON,DI,G,TURBI,0.1,Y,A,,,,WMD,0,25.1504805,-80.8092194,,,BA,WMD,FCEB collected thru all sampling equipment using DI 8059.
FLAB14,FIU14936,12,TURBIDITY,4/15/1991,0.265,NTU,,FLAB,SAMP,MON,SA,G,TURBI,,N,A,0,,,FIU,0,25.1504805,-80.8092194,,,,FIU,
FLAB14,FIU14939,12,TURBIDITY,5/15/1991,0.325,NTU,,FLAB,SAMP,MON,SA,G,TURBI,,N,A,0,,,FIU,0,25.1504805,-80.8092194,,,,FIU,
FLAB14,FIU14940,12,TURBIDITY,6/15/1991,0.315,NTU,,FLAB,SAMP,MON,SA,G,TURBI,,N,A,0,,,FIU,0,25.1504805,-80.8092194,,,,FIU,
FLAB14,FIU14942,12,TURBIDITY,7/15/1991,0.32,NTU,,FLAB,SAMP,MON,SA,G,TURBI,,N,A,0,,,FIU,0,25.1504805,-80.8092194,,,,FIU,
FLAB14,FIU14945,12,TURBIDITY,8/15/1991,0.9,NTU,,FLAB,SAMP,MON,SA,G,TURBI,,N,A,0,,,FIU,0,25.1504805,-80.8092194,,,,FIU,
FLAB14,FIU14946,12,TURBIDITY,9/15/1991,7.69,NTU,,FLAB,SAMP,MON,SA,G,TURBI,,N,A,0,,,FIU,0,25.1504805,-80.8092194,,,,FIU,
FLAB14,FIU14949,12,TURBIDITY,10/15/1991,11.575,NTU,,FLAB,SAMP,MON,SA,G,TURBI,,N,A,0,,,FIU,0,25.1504805,-80.8092194,,,,FIU,
FLAB14,FIU14950,12,TURBIDITY,11/15/1991,7.075,NTU,,FLAB,SAMP,MON,SA,G,TURBI,,N,A,0,,,FIU,0,25.1504805,-80.8092194,,,,FIU,
FLAB14,FIU14953,12,TURBIDITY,12/15/1991,0.455,NTU,,FLAB,SAMP,MON,SA,G,TURBI,,N,A,0,,,FIU,0,25.1504805,-80.8092194,,,,FIU,
FLAB14,FIU14954,12,TURBIDITY,1/15/1992,0.705,NTU,,FLAB,SAMP,MON,SA,G,TURBI,,N,A,0,,,FIU,0,25.1504805,-80.8092194,,,,FIU,
FLAB14,FIU14956,12,TURBIDITY,2/15/1992,0.625,NTU,,FLAB,SAMP,MON,SA,G,TURBI,,N,A,0,,,FIU,0,25.1504805,-80.8092194,,,,FIU,
FLAB14,FIU14959,12,TURBIDITY,3/15/1992,1.445,NTU,,FLAB,SAMP,MON,SA,G,TURBI,,N,A,0,,,FIU,0,25.1504805,-80.8092194,,,,FIU,
FLAB14,FIU14960,12,TURBIDITY,4/15/1992,4.94,NTU,,FLAB,SAMP,MON,SA,G,TURBI,,N,A,0,,,FIU,0,25.1504805,-80.8092194,,,,FIU,
FLAB14,FIU14962,12,TURBIDITY,5/15/1992,0.925,NTU,,FLAB,SAMP,MON,SA,G,TURBI,,N,A,0,,,FIU,0,25.1504805,-80.8092194,,,,FIU,
FLAB14,FIU14964,12,TURBIDITY,6/15/1992,1.005,NTU,,FLAB,SAMP,MON,SA,G,TURBI,,N,A,0,,,FIU,0,25.1504805,-80.8092194,,,,FIU,
FLAB14,FIU14966,12,TURBIDITY,7/15/1992,1.77,NTU,,FLAB,SAMP,MON,SA,G,TURBI,,N,A,0,,,FIU,0,25.1504805,-80.8092194,,,,FIU,
FLAB14,FIU14968,12,TURBIDITY,8/15/1992,9.52,NTU,,FLAB,SAMP,MON,SA,G,TURBI,,N,A,0,,,FIU,0,25.1504805,-80.8092194,,,,FIU,
FLAB14,FIU14971,12,TURBIDITY,9/15/1992,28.71,NTU,,FLAB,SAMP,MON,SA,G,TURBI,,N,A,0,,,FIU,0,25.1504805,-80.8092194,,,,FIU,
FLAB14,FIU14973,12,TURBIDITY,10/15/1992,17.1,NTU,,FLAB,SAMP,MON,SA,G,TURBI,,N,A,0,,,FIU,0,25.1504805,-80.8092194,,,,FIU,
FLAB14,FIU14975,12,TURBIDITY,11/15/1992,13.5,NTU,,FLAB,SAMP,MON,SA,G,TURBI,,N,A,0,,,FIU,0,25.1504805,-80.8092194,,,,FIU,
FLAB14,FIU14977,12,TURBIDITY,12/15/1992,7.79,NTU,,FLAB,SAMP,MON,SA,G,TURBI,,N,A,0,,,FIU,0,25.1504805,-80.8092194,,,,FIU,
FLAB14,FIU14978,12,TURBIDITY,1/21/1993,6.37,NTU,,FLAB,SAMP,MON,SA,G,TURBI,,N,A,0,,,FIU,0,25.1504805,-80.8092194,,,,FIU,
FLAB14,FIU14979,12,TURBIDITY,2/10/1993,1.79,NTU,,FLAB,SAMP,MON,SA,G,TURBI,,N,A,0,,,FIU,0,25.1504805,-80.8092194,,,,FIU,
FLAB14,FIU14980,12,TURBIDITY,3/10/1993,0.97,NTU,,FLAB,SAMP,MON,SA,G,TURBI,,N,A,0,,,FIU,0,25.1504805,-80.8092194,,,,FIU,
FLAB14,FIU14981,12,TURBIDITY,4/7/1993,1.86,NTU,,FLAB,SAMP,MON,SA,G,TURBI,,N,A,0,,,FIU,0,25.1504805,-80.8092194,,,,FIU,
FLAB14,FIU14982,12,TURBIDITY,5/12/1993,18.66,NTU,,FLAB,SAMP,MON,SA,G,TURBI,,N,A,0,,,FIU,0,25.1504805,-80.8092194,,,,FIU,
FLAB14,FIU14983,12,TURBIDITY,6/3/1993,6.905,NTU,,FLAB,SAMP,MON,SA,G,TURBI,,N,A,0,,,FIU,0,25.1504805,-80.8092194,,,,FIU,
FLAB14,FIU14984,12,TURBIDITY,7/7/1993,12.045,NTU,,FLAB,SAMP,MON,SA,G,TURBI,,N,A,0,,,FIU,0,25.1504805,-80.8092194,,,,FIU,
FLAB14,FIU14985,12,TURBIDITY,8/4/1993,5.355,NTU,,FLAB,SAMP,MON,SA,G,TURBI,,N,A,0,,,FIU,0,25.1504805,-80.8092194,,,,FIU,
FLAB14,FIU14986,12,TURBIDITY,9/9/1993,3.535,NTU,,FLAB,SAMP,MON,SA,G,TURBI,,N,A,0,,,FIU,0,25.1504805,-80.8092194,,,,FIU,
FLAB14,FIU14987,12,TURBIDITY,10/6/1993,12.3,NTU,,FLAB,SAMP,MON,SA,G,TURBI,,N,A,0,,,FIU,0,25.1504805,-80.8092194,,,,FIU,
FLAB14,FIU14988,12,TURBIDITY,11/3/1993,40.885,NTU,,FLAB,SAMP,MON,SA,G,TURBI,,N,A,0,,,FIU,0,25.1504805,-80.8092194,,,,FIU,
FLAB14,FIU14989,12,TURBIDITY,12/2/1993,51.33,NTU,,FLAB,SAMP,MON,SA,G,TURBI,,N,A,0,,,FIU,0,25.1504805,-80.8092194,,,,FIU,
FLAB14,FIU14990,12,TURBIDITY,1/11/1994,27.65,NTU,,FLAB,SAMP,MON,SA,G,TURBI,,N,A,0,,,FIU,0,25.1504805,-80.8092194,,,,FIU,
FLAB14,FIU14991,12,TURBIDITY,2/2/1994,45.55,NTU,,FLAB,SAMP,MON,SA,G,TURBI,,N,A,0,,,FIU,0,25.1504805,-80.8092194,,,,FIU,
FLAB14,FIU14992,12,TURBIDITY,3/8/1994,2.55,NTU,,FLAB,SAMP,MON,SA,G,TURBI,,N,A,0,,,FIU,0,25.1504805,-80.8092194,,,,FIU,
FLAB14,FIU14993,12,TURBIDITY,4/6/1994,2.8,NTU,D,FLAB,SAMP,MON,SA,G,TURBI,,N,A,0,,,FIU,0,25.1504805,-80.8092194,,,,FIU,
FLAB14,FIU14995,12,TURBIDITY,5/4/1994,26,NTU,D,FLAB,SAMP,MON,SA,G,TURBI,,N,A,0,,,FIU,0,25.1504805,-80.8092194,,,,FIU,
FLAB14,FIU14997,12,TURBIDITY,6/8/1994,14.5,NTU,D,FLAB,SAMP,MON,SA,G,TURBI,,N,A,0,,,FIU,0,25.1504805,-80.8092194,,,,FIU,
FLAB14,FIU14999,12,TURBIDITY,7/7/1994,35.9,NTU,D,FLAB,SAMP,MON,SA,G,TURBI,,N,A,0,,,FIU,0,25.1504805,-80.8092194,,,,FIU,
FLAB14,FIU15001,12,TURBIDITY,8/4/1994,77.2,NTU,D,FLAB,SAMP,MON,SA,G,TURBI,,N,A,0,,,FIU,0,25.1504805,-80.8092194,,,,FIU,
FLAB14,FIU15003,12,TURBIDITY,9/14/1994,24.8,NTU,D,FLAB,SAMP,MON,SA,G,TURBI,,N,A,0,,,FIU,0,25.1504805,-80.8092194,,,,FIU,
FLAB14,FIU15005,12,TURBIDITY,10/5/1994,10.4,NTU,D,FLAB,SAMP,MON,SA,G,TURBI,,N,A,0,,,FIU,0,25.1504805,-80.8092194,,,,FIU,
FLAB14,FIU15007,12,TURBIDITY,11/2/1994,30.3,NTU,D,FLAB,SAMP,MON,SA,G,TURBI,,N,A,0,,,FIU,0,25.1504805,-80.8092194,,,,FIU,
FLAB14,FIU15009,12,TURBIDITY,11/22/1994,9.3,NTU,D,FLAB,SAMP,MON,SA,G,TURBI,,N,A,0,,,FIU,0,25.1504805,-80.8092194,,,,FIU,
FLAB14,FIU15011,12,TURBIDITY,12/1/1994,5.9,NTU,D,FLAB,SAMP,MON,SA,G,TURBI,,N,A,0,,,FIU,0,25.1504805,-80.8092194,,,,FIU,
FLAB14,FIU15013,12,TURBIDITY,1/5/1995,84.5,NTU,,FLAB,SAMP,MON,SA,G,TURBI,,N,A,0,,,FIU,0,25.1504805,-80.8092194,,,,FIU,
FLAB14,FIU15015,12,TURBIDITY,2/2/1995,8.1,NTU,D,FLAB,SAMP,MON,SA,G,TURBI,,N,A,0,,,FIU,0,25.1504805,-80.8092194,,,,FIU,
FLAB14,FIU15017,12,TURBIDITY,3/1/1995,42.2,NTU,D,FLAB,SAMP,MON,SA,G,TURBI,,N,A,0,,,FIU,0,25.1504805,-80.8092194,,,,FIU,
FLAB14,FIU15019,12,TURBIDITY,4/19/1995,49.7,NTU,D,FLAB,SAMP,MON,SA,G,TURBI,,N,A,0,,,FIU,0,25.1504805,-80.8092194,,,,FIU,
FLAB14,FIU15021,12,TURBIDITY,5/24/1995,7.1,NTU,D,FLAB,SAMP,MON,SA,G,TURBI,,N,A,0,,,FIU,0,25.1504805,-80.8092194,,,,FIU,
FLAB14,FIU15023,12,TURBIDITY,6/21/1995,41,NTU,D,FLAB,SAMP,MON,SA,G,TURBI,,N,A,0,,,FIU,0,25.1504805,-80.8092194,,,,FIU,
FLAB14,FIU15025,12,TURBIDITY,7/12/1995,2.2,NTU,D,FLAB,SAMP,MON,SA,G,TURBI,,N,A,0,,,FIU,0,25.1504805,-80.8092194,,,,FIU,
FLAB14,FIU15027,12,TURBIDITY,8/11/1995,12.6,NTU,D,FLAB,SAMP,MON,SA,G,TURBI,,N,A,0,,,FIU,0,25.1504805,-80.8092194,,,,FIU,
FLAB14,FIU15029,12,TURBIDITY,9/6/1995,14.2,NTU,D,FLAB,SAMP,MON,SA,G,TURBI,,N,A,0,,,FIU,0,25.1504805,-80.8092194,,,,FIU,
FLAB14,FIU15031,12,TURBIDITY,10/22/1995,17,NTU,D,FLAB,SAMP,MON,SA,G,TURBI,,N,A,0,,,FIU,0,25.1504805,-80.8092194,,,,FIU,
FLAB14,FIU15033,12,TURBIDITY,11/17/1995,34.8,NTU,D,FLAB,SAMP,MON,SA,G,TURBI,,N,A,0,,,FIU,0,25.1504805,-80.8092194,,,,FIU,
FLAB14,FIU15035,12,TURBIDITY,12/14/1995,65.6,NTU,D,FLAB,SAMP,MON,SA,G,TURBI,,N,A,0,,,FIU,0,25.1504805,-80.8092194,,,,FIU,
FLAB14,FIU15037,12,TURBIDITY,1/23/1996,34.3,NTU,D,FLAB,SAMP,MON,SA,G,TURBI,,N,A,0,,,FIU,0,25.1504805,-80.8092194,,,,FIU,
FLAB14,FIU15039,12,TURBIDITY,2/12/1996,38.6,NTU,D,FLAB,SAMP,MON,SA,G,TURBI,,N,A,0,,,FIU,0,25.1504805,-80.8092194,,,,FIU,
FLAB14,FIU15041,12,TURBIDITY,3/22/1996,22.9,NTU,D,FLAB,SAMP,MON,SA,G,TURBI,,N,A,0,,,FIU,0,25.1504805,-80.8092194,,,,FIU,
FLAB14,FIU15043,12,TURBIDITY,4/25/1996,15.6,NTU,D,FLAB,SAMP,MON,SA,G,TURBI,,N,A,0,,,FIU,0,25.1504805,-80.8092194,,,,FIU,
FLAB14,FIU15045,12,TURBIDITY,5/10/1996,125.6,NTU,D,FLAB,SAMP,MON,SA,G,TURBI,,N,A,0,,,FIU,0,25.1504805,-80.8092194,,,,FIU,
FLAB14,FIU15047,12,TURBIDITY,6/6/1996,15.3,NTU,D,FLAB,SAMP,MON,SA,G,TURBI,,N,A,0,,,FIU,0,25.1504805,-80.8092194,,,,FIU,
FLAB14,FIU15049,12,TURBIDITY,7/4/1996,5.3,NTU,,FLAB,SAMP,MON,SA,G,TURBI,,N,A,0.1,,,FIU,0,25.1504805,-80.8092194,,,,FIU,
FLAB14,FIU15051,12,TURBIDITY,8/22/1996,27.1,NTU,,FLAB,SAMP,MON,SA,G,TURBI,,N,A,0.1,,,FIU,0,25.1504805,-80.8092194,,,,FIU,
FLAB14,FIU15053,12,TURBIDITY,9/14/1996,6.4,NTU,,FLAB,SAMP,MON,SA,G,TURBI,,N,A,0.1,,,FIU,0,25.1504805,-80.8092194,,,,FIU,
FLAB14,FIU15055,12,TURBIDITY,10/15/1996,25.4,NTU,,FLAB,SAMP,MON,SA,G,TURBI,,N,A,0.1,,,FIU,0,25.1504805,-80.8092194,,,,FIU,
FLAB14,FIU15057,12,TURBIDITY,11/7/1996,33.9,NTU,,FLAB,SAMP,MON,SA,G,TURBI,,N,A,0.1,,,FIU,0,25.1504805,-80.8092194,,,,FIU,
FLAB14,FIU15059,12,TURBIDITY,12/6/1996,9.9,NTU,,FLAB,SAMP,MON,SA,G,TURBI,,N,A,0.1,,,FIU,0,25.1504805,-80.8092194,,,,FIU,
FLAB14,FIU15061,12,TURBIDITY,1/8/1997,11.9,NTU,,FLAB,SAMP,MON,SA,G,TURBI,,N,A,0.1,,,FIU,0,25.1504805,-80.8092194,,,,FIU,
FLAB14,FIU15063,12,TURBIDITY,2/15/1997,39.2,NTU,,FLAB,SAMP,MON,SA,G,TURBI,,N,A,0.1,,,FIU,0,25.1504805,-80.8092194,,,,FIU,
FLAB14,FIU15065,12,TURBIDITY,3/12/1997,5.1,NTU,,FLAB,SAMP,MON,SA,G,TURBI,,N,A,0.1,,,FIU,0,25.1504805,-80.8092194,,,,FIU,
FLAB14,FIU15067,12,TURBIDITY,4/16/1997,14.2,NTU,,FLAB,SAMP,MON,SA,G,TURBI,,N,A,0.1,,,FIU,0,25.1504805,-80.8092194,,,,FIU,
FLAB14,FIU15069,12,TURBIDITY,5/22/1997,5.6,NTU,,FLAB,SAMP,MON,SA,G,TURBI,,N,A,0.1,,,FIU,0,25.1504805,-80.8092194,,,,FIU,
FLAB14,FIU15071,12,TURBIDITY,6/12/1997,9.3,NTU,,FLAB,SAMP,MON,SA,G,TURBI,,N,A,0.1,,,FIU,0,25.1504805,-80.8092194,,,,FIU,
FLAB14,FIU15074,12,TURBIDITY,8/20/1997,17.7,NTU,,FLAB,SAMP,MON,SA,G,TURBI,,N,A,0.1,,,FIU,0,25.1504805,-80.8092194,,,,FIU,
FLAB14,FIU15076,12,TURBIDITY,9/10/1997,17.4,NTU,,FLAB,SAMP,MON,SA,G,TURBI,,N,A,0.1,,,FIU,0,25.1504805,-80.8092194,,,,FIU,
FLAB14,FIU15078,12,TURBIDITY,10/21/1997,9.4,NTU,,FLAB,SAMP,MON,SA,G,TURBI,,N,A,0.1,,,FIU,0,25.1504805,-80.8092194,,,,FIU,
FLAB14,FIU15080,12,TURBIDITY,11/25/1997,16.5,NTU,,FLAB,SAMP,MON,SA,G,TURBI,,N,A,0.1,,,FIU,0,25.1504805,-80.8092194,,,,FIU,
FLAB14,FIU15082,12,TURBIDITY,12/12/1997,7.7,NTU,,FLAB,SAMP,MON,SA,G,TURBI,,N,A,0.1,,,FIU,0,25.1504805,-80.8092194,,,,FIU,
FLAB14,FIU15084,12,TURBIDITY,1/21/1998,5.9,NTU,,FLAB,SAMP,MON,SA,G,TURBI,,N,A,0.1,,,FIU,0,25.1504805,-80.8092194,,,,FIU,
FLAB14,FIU15086,12,TURBIDITY,2/18/1998,21.7,NTU,,FLAB,SAMP,MON,SA,G,TURBI,,N,A,0.1,,,FIU,0,25.1504805,-80.8092194,,,,FIU,
FLAB14,FIU15088,12,TURBIDITY,3/20/1998,100.5,NTU,,FLAB,SAMP,MON,SA,G,TURBI,,N,A,0.1,,,FIU,0,25.1504805,-80.8092194,,,,FIU,
FLAB14,FIU15090,12,TURBIDITY,4/15/1998,19,NTU,,FLAB,SAMP,MON,SA,G,TURBI,,N,A,0.1,,,FIU,0,25.1504805,-80.8092194,,,,FIU,
FLAB14,FIU15092,12,TURBIDITY,5/14/1998,8.7,NTU,,FLAB,SAMP,MON,SA,G,TURBI,,N,A,0.1,,,FIU,0,25.1504805,-80.8092194,,,,FIU,
FLAB14,FIU15094,12,TURBIDITY,6/10/1998,20.3,NTU,,FLAB,SAMP,MON,SA,G,TURBI,,N,A,0.1,,,FIU,0,25.1504805,-80.8092194,,,,FIU,
FLAB14,FIU15096,12,TURBIDITY,7/14/1998,2.5,NTU,,FLAB,SAMP,MON,SA,G,TURBI,,N,A,0.1,,,FIU,0,25.1504805,-80.8092194,,,,FIU,
FLAB14,FIU15098,12,TURBIDITY,8/19/1998,7.4,NTU,,FLAB,SAMP,MON,SA,G,TURBI,,N,A,0.1,,,FIU,0,25.1504805,-80.8092194,,,,FIU,
FLAB14,FIU15100,12,TURBIDITY,9/17/1998,12.5,NTU,,FLAB,SAMP,MON,SA,G,TURBI,,N,A,0.1,,,FIU,0,25.1504805,-80.8092194,,,,FIU,
FLAB14,FIU15102,12,TURBIDITY,9/30/1998,27.1,NTU,,FLAB,SAMP,MON,SA,G,TURBI,,N,A,0.1,,,FIU,0,25.1504805,-80.8092194,,,,FIU,
FLAB14,FIU15104,12,TURBIDITY,11/3/1998,14,NTU,,FLAB,SAMP,MON,SA,G,TURBI,,N,A,0.1,,,FIU,0,25.1504805,-80.8092194,,,,FIU,
FLAB14,FIU15106,12,TURBIDITY,12/1/1998,25.3,NTU,,FLAB,SAMP,MON,SA,G,TURBI,,N,A,0.1,,,FIU,0,25.1504805,-80.8092194,,,,FIU,
FLAB14,FIU15108,12,TURBIDITY,1/14/1999,16.8,NTU,,FLAB,SAMP,MON,SA,G,TURBI,,N,A,0.1,,,FIU,0,25.1504805,-80.8092194,,,,FIU,
FLAB14,FIU15110,12,TURBIDITY,2/10/1999,21.5,NTU,,FLAB,SAMP,MON,SA,G,TURBI,,N,A,0.1,,,FIU,0,25.1504805,-80.8092194,,,,FIU,
FLAB14,FIU15112,12,TURBIDITY,3/23/1999,8.1,NTU,,FLAB,SAMP,MON,SA,G,TURBI,,N,A,0.1,,,FIU,0,25.1504805,-80.8092194,,,,FIU,
FLAB14,FIU15114,12,TURBIDITY,4/29/1999,8.2,NTU,,FLAB,SAMP,MON,SA,G,TURBI,,N,A,0.1,,,FIU,0,25.1504805,-80.8092194,,,,FIU,
FLAB14,FIU15116,12,TURBIDITY,5/28/1999,15.1,NTU,,FLAB,SAMP,MON,SA,G,TURBI,,N,A,0.1,,,FIU,0,25.1504805,-80.8092194,,,,FIU,
FLAB14,FIU15118,12,TURBIDITY,6/17/1999,16.1,NTU,,FLAB,SAMP,MON,SA,G,TURBI,,N,A,0.1,,,FIU,0,25.1504805,-80.8092194,,,,FIU,
FLAB14,FIU15120,12,TURBIDITY,7/6/1999,14.5,NTU,,FLAB,SAMP,MON,SA,G,TURBI,,N,A,0.1,,,FIU,0,25.1504805,-80.8092194,,,,FIU,
FLAB14,FIU15122,12,TURBIDITY,8/24/1999,17.2,NTU,,FLAB,SAMP,MON,SA,G,TURBI,,N,A,0.1,,,FIU,0,25.1504805,-80.8092194,,,,FIU,
FLAB14,FIU15124,12,TURBIDITY,9/23/1999,15.7,NTU,,FLAB,SAMP,MON,SA,G,TURBI,,N,A,0.1,,,FIU,0,25.1504805,-80.8092194,,,,FIU,
FLAB14,FIU15126,12,TURBIDITY,10/26/1999,29,NTU,,FLAB,SAMP,MON,SA,G,TURBI,,N,A,0.1,,,FIU,0,25.1504805,-80.8092194,,,,FIU,
FLAB14,FIU15128,12,TURBIDITY,11/12/1999,99.1,NTU,,FLAB,SAMP,MON,SA,G,TURBI,,N,A,0.1,,,FIU,0,25.1504805,-80.8092194,,,,FIU,
FLAB14,FIU15130,12,TURBIDITY,12/3/1999,25.8,NTU,,FLAB,SAMP,MON,SA,G,TURBI,,N,A,0.1,,,FIU,0,25.1504805,-80.8092194,,,,FIU,
FLAB14,FIU15132,12,TURBIDITY,1/25/2000,5.6,NTU,,FLAB,SAMP,MON,SA,G,TURBI,,N,A,0.1,,,FIU,0,25.1504805,-80.8092194,,,,FIU,
FLAB14,FIU15134,12,TURBIDITY,2/28/2000,19.2,NTU,,FLAB,SAMP,MON,SA,G,TURBI,,N,A,0.1,,,FIU,0,25.1504805,-80.8092194,,,,FIU,
FLAB14,FIU15136,12,TURBIDITY,3/21/2000,22.2,NTU,,FLAB,SAMP,MON,SA,G,TURBI,,N,A,0.1,,,FIU,0,25.1504805,-80.8092194,,,,FIU,
FLAB14,FIU15138,12,TURBIDITY,4/13/2000,13.5,NTU,,FLAB,SAMP,MON,SA,G,TURBI,,N,A,0.1,,,FIU,0,25.1504805,-80.8092194,,,,FIU,
FLAB14,FIU15140,12,TURBIDITY,5/30/2000,9.9,NTU,,FLAB,SAMP,MON,SA,G,TURBI,,N,A,0.1,,,FIU,0,25.1504805,-80.8092194,,,,FIU,
FLAB14,FIU15142,12,TURBIDITY,6/20/2000,9.1,NTU,,FLAB,SAMP,MON,SA,G,TURBI,,N,A,0.1,,,FIU,0,25.1504805,-80.8092194,,,,FIU,
FLAB14,FIU15144,12,TURBIDITY,7/20/2000,5.1,NTU,,FLAB,SAMP,MON,SA,G,TURBI,,N,A,0.1,,,FIU,0,25.1504805,-80.8092194,,,,FIU,
FLAB14,FIU15146,12,TURBIDITY,8/29/2000,8.4,NTU,,FLAB,SAMP,MON,SA,G,TURBI,,N,A,0.1,,,FIU,0,25.1504805,-80.8092194,,,,FIU,
FLAB14,FIU15148,12,TURBIDITY,9/29/2000,2.1,NTU,,FLAB,SAMP,MON,SA,G,TURBI,,N,A,0.1,,,FIU,0,25.1504805,-80.8092194,,,,FIU,
FLAB14,FIU15150,12,TURBIDITY,10/26/2000,16,NTU,,FLAB,SAMP,MON,SA,G,TURBI,,N,A,0.1,,,FIU,0,25.1504805,-80.8092194,,,,FIU,
FLAB14,FIU15152,12,TURBIDITY,11/30/2000,19,NTU,,FLAB,SAMP,MON,SA,G,TURBI,,N,A,0.1,,,FIU,0,25.1504805,-80.8092194,,,,FIU,
FLAB14,FIU15154,12,TURBIDITY,12/11/2000,11.6,NTU,,FLAB,SAMP,MON,SA,G,TURBI,,N,A,0.1,,,FIU,0,25.1504805,-80.8092194,,,,FIU,
FLAB14,FIU15156,12,TURBIDITY,1/25/2001,10.1,NTU,J5,FLAB,SAMP,MON,SA,G,TURBI,,N,A,0.1,,,FIU,0,25.1504805,-80.8092194,,,,FIU,
FLAB14,FIU15158,12,TURBIDITY,2/21/2001,9.2,NTU,,FLAB,SAMP,MON,SA,G,TURBI,,N,A,0.1,,,FIU,0,25.1504805,-80.8092194,,,,FIU,
FLAB14,FIU15160,12,TURBIDITY,3/6/2001,36.9,NTU,,FLAB,SAMP,MON,SA,G,TURBI,,N,A,0.1,,,FIU,0,25.1504805,-80.8092194,,,,FIU,
FLAB14,FIU15162,12,TURBIDITY,4/3/2001,19.2,NTU,,FLAB,SAMP,MON,SA,G,TURBI,,N,A,0.1,,,FIU,0,25.1504805,-80.8092194,,,,FIU,
FLAB14,FIU15164,12,TURBIDITY,5/2/2001,3,NTU,,FLAB,SAMP,MON,SA,G,TURBI,,N,A,0.1,,,FIU,0,25.1504805,-80.8092194,,,,FIU,
FLAB14,FIU110784,12,TURBIDITY,6/5/2001,3.2,NTU,,FLAB,SAMP,MON,SA,G,TURBI,,N,A,0.1,,,FIU,0,25.1504805,-80.8092194,,,,FIU,
FLAB14,FIU15166,12,TURBIDITY,7/12/2001,3.9,NTU,,FLAB,SAMP,MON,SA,G,TURBI,,N,A,0.1,,,FIU,0,25.1504805,-80.8092194,,,,FIU,
FLAB14,FIU15168,12,TURBIDITY,8/14/2001,5.9,NTU,,FLAB,SAMP,MON,SA,G,TURBI,,N,A,0.1,,,FIU,0,25.1504805,-80.8092194,,,,FIU,
FLAB14,FIU15170,12,TURBIDITY,9/5/2001,10.5,NTU,,FLAB,SAMP,MON,SA,G,TURBI,,N,A,0.1,,,FIU,0,25.1504805,-80.8092194,,,,FIU,
FLAB14,FIU110486,12,TURBIDITY,10/23/2001,10.5,NTU,,FLAB,SAMP,MON,SA,G,TURBI,,N,A,0.1,,,FIU,0,25.1504805,-80.8092194,,,,FIU,
FLAB14,FIU110488,12,TURBIDITY,11/8/2001,12.7,NTU,,FLAB,SAMP,MON,SA,G,TURBI,,N,A,0.1,,,FIU,0,25.1504805,-80.8092194,,,,FIU,
FLAB14,FIU110490,12,TURBIDITY,12/3/2001,12.4,NTU,,FLAB,SAMP,MON,SA,G,TURBI,,N,A,0.1,,,FIU,0,25.1504805,-80.8092194,,,,FIU,
FLAB14,FIU113118,12,TURBIDITY,1/29/2002,17.2,NTU,,FLAB,SAMP,MON,SA,G,TURBI,,N,A,0.1,,,FIU,0,25.1504805,-80.8092194,,,,FIU,
FLAB14,FIU113120,12,TURBIDITY,2/20/2002,14.4,NTU,,FLAB,SAMP,MON,SA,G,TURBI,,N,A,0.1,,,FIU,0,25.1504805,-80.8092194,,,,FIU,
FLAB14,FIU113122,12,TURBIDITY,3/19/2002,11.5,NTU,,FLAB,SAMP,MON,SA,G,TURBI,,N,A,0.1,,,FIU,0,25.1504805,-80.8092194,,,,FIU,
FLAB14,134014,12,TURBIDITY,4/9/2002,18.9,NTU,,FLAB,SAMP,MON,SA,G,TURBI,,N,A,0.1,,,FIU,0,25.1504805,-80.8092194,,,,FIU,
FLAB14,135014,12,TURBIDITY,5/15/2002,5.4,NTU,,FLAB,SAMP,MON,SA,G,TURBI,,N,A,0.1,,,FIU,0,25.1504805,-80.8092194,,,,FIU,
FLAB14,136014,12,TURBIDITY,6/4/2002,7.7,NTU,,FLAB,SAMP,MON,SA,G,TURBI,,N,A,0.1,,,FIU,0,25.1504805,-80.8092194,,,,FIU,
FLAB14,137014,12,TURBIDITY,7/11/2002,14.7,NTU,,FLAB,SAMP,MON,SA,G,TURBI,,N,A,0.1,,,FIU,0,25.1504805,-80.8092194,,,,FIU,
FLAB14,138014,12,TURBIDITY,8/19/2002,15,NTU,,FLAB,SAMP,MON,SA,G,TURBI,,N,A,0.1,,,FIU,0,25.1504805,-80.8092194,,,,FIU,
FLAB14,139014,12,TURBIDITY,9/17/2002,12.6,NTU,,FLAB,SAMP,MON,SA,G,TURBI,,N,A,0.1,,,FIU,0,25.1504805,-80.8092194,,,,FIU,
FLAB14,140014,12,TURBIDITY,10/17/2002,10.2,NTU,,FLAB,SAMP,MON,SA,G,TURBI,,N,A,0.1,,,FIU,0,25.1504805,-80.8092194,,,,FIU,
FLAB14,141014,12,TURBIDITY,11/14/2002,14.1,NTU,,FLAB,SAMP,MON,SA,G,TURBI,,N,A,0.1,,,FIU,0,25.1504805,-80.8092194,,,,FIU,
FLAB14,142014,12,TURBIDITY,12/11/2002,6.7,NTU,,FLAB,SAMP,MON,SA,G,TURBI,,N,A,0.1,,,FIU,0,25.1504805,-80.8092194,,,,FIU,
FLAB14,143014,12,TURBIDITY,1/28/2003,13.6,NTU,,FLAB,SAMP,MON,SA,G,TURBI,,N,A,0.1,,,FIU,0,25.1504805,-80.8092194,,,,FIU,
FLAB14,144014,12,TURBIDITY,2/25/2003,9.3,NTU,,FLAB,SAMP,MON,SA,G,TURBI,,N,A,0.1,,,FIU,0,25.1504805,-80.8092194,,,,FIU,
FLAB14,145014,12,TURBIDITY,3/13/2003,3.8,NTU,,FLAB,SAMP,MON,SA,G,TURBI,,N,A,0.1,,,FIU,0,25.1504805,-80.8092194,,,,FIU,
FLAB14,146014,12,TURBIDITY,4/9/2003,4.6,NTU,,FLAB,SAMP,MON,SA,G,TURBI,,N,A,0.1,,,FIU,0,25.1504805,-80.8092194,,,,FIU,
FLAB14,147014,12,TURBIDITY,5/8/2003,3.4,NTU,,FLAB,SAMP,MON,SA,G,TURBI,,N,A,0.1,,,FIU,0,25.1504805,-80.8092194,,,,FIU,
FLAB14,148014,12,TURBIDITY,6/10/2003,5.8,NTU,,FLAB,SAMP,MON,SA,G,TURBI,,N,A,0.1,,,FIU,0,25.1504805,-80.8092194,,,,FIU,
FLAB14,149014,12,TURBIDITY,7/1/2003,15.8,NTU,,FLAB,SAMP,MON,SA,G,TURBI,,N,A,0.1,,,FIU,0,25.1504805,-80.8092194,,,,FIU,
FLAB14,150014,12,TURBIDITY,8/25/2003,11.4,NTU,,FLAB,SAMP,MON,SA,G,TURBI,,N,A,0.1,,,FIU,0,25.1504805,-80.8092194,,,,FIU,
FLAB14,151014,12,TURBIDITY,9/9/2003,8.7,NTU,,FLAB,SAMP,MON,SA,G,TURBI,,N,A,0.1,,,FIU,0,25.1504805,-80.8092194,,,,FIU,
FLAB14,152014,12,TURBIDITY,10/15/2003,4.3,NTU,,FLAB,SAMP,MON,SA,G,TURBI,,N,A,0.1,,,FIU,0,25.1504805,-80.8092194,,,,FIU,
FLAB14,153014,12,TURBIDITY,11/7/2003,13.2,NTU,,FLAB,SAMP,MON,SA,G,TURBI,,N,A,0.1,,,FIU,0,25.1504805,-80.8092194,,,,FIU,
FLAB14,154014,12,TURBIDITY,12/3/2003,13,NTU,,FLAB,SAMP,MON,SA,G,TURBI,,N,A,0.1,,,FIU,0,25.1504805,-80.8092194,,,,FIU,
FLAB14,155014,12,TURBIDITY,1/21/2004,8.2,NTU,,FLAB,SAMP,MON,SA,G,TURBI,,N,A,0.1,,,FIU,0,25.1504805,-80.8092194,,,,FIU,
FLAB14,156014,12,TURBIDITY,2/24/2004,8.3,NTU,,FLAB,SAMP,MON,SA,G,TURBI,,N,A,0.1,,,FIU,0,25.1504805,-80.8092194,,,,FIU,
FLAB14,157014,12,TURBIDITY,3/23/2004,2,NTU,,FLAB,SAMP,MON,SA,G,TURBI,,N,A,0.1,,,FIU,0,25.1504805,-80.8092194,,,,FIU,
FLAB14,158014,12,TURBIDITY,4/21/2004,6.8,NTU,,FLAB,SAMP,MON,SA,G,TURBI,,N,A,0.1,,,FIU,0,25.1504805,-80.8092194,,,,WMD,
FLAB14,159014,12,TURBIDITY,5/21/2004,23.7,NTU,,FLAB,SAMP,MON,SA,G,TURBI,,N,A,0.1,,,FIU,0,25.1504805,-80.8092194,,,,FIU,
FLAB14,160014,12,TURBIDITY,6/28/2004,3.4,NTU,,FLAB,SAMP,MON,SA,G,TURBI,,N,A,0.1,,,FIU,0,25.1504805,-80.8092194,,,,FIU,
FLAB14,161014,12,TURBIDITY,7/27/2004,3,NTU,,FLAB,SAMP,MON,SA,G,TURBI,,N,A,0.1,,,FIU,0,25.1504805,-80.8092194,,,,FIU,
FLAB14,162014,12,TURBIDITY,8/24/2004,4.5,NTU,,FLAB,SAMP,MON,SA,G,TURBI,,N,A,0.1,,,FIU,0,25.1504805,-80.8092194,,,,FIU,
FLAB14,163014,12,TURBIDITY,9/28/2004,12.2,NTU,,FLAB,SAMP,MON,SA,G,TURBI,,N,A,0.1,,,FIU,0,25.1504805,-80.8092194,,,,FIU,
FLAB14,164014,12,TURBIDITY,10/26/2004,14,NTU,,FLAB,SAMP,MON,SA,G,TURBI,,N,A,0.1,,,FIU,0,25.1504805,-80.8092194,,,,FIU,
FLAB14,165014,12,TURBIDITY,11/29/2004,18.6,NTU,,FLAB,SAMP,MON,SA,G,TURBI,,N,A,0.1,,,FIU,0,25.1504805,-80.8092194,,,,FIU,
FLAB14,166014,12,TURBIDITY,12/14/2004,2.4,NTU,,FLAB,SAMP,MON,SA,G,TURBI,,N,A,0.1,,,FIU,0,25.1504805,-80.8092194,,,,FIU,
FLAB14,FB188FB014UA,12,TURBIDITY,10/9/2006,8.185,NTU,,FLAB,SAMP,MON,SA,G,TURBI,,N,A,0,,,FIU,0,25.1504805,-80.8092194,,,BA,WMD,
FLAB14,FB189FB014UA,12,TURBIDITY,11/7/2006,12.7,NTU,,FLAB,SAMP,MON,SA,G,TURBI,,N,A,0,,,FIU,0,25.1504805,-80.8092194,,,BA,WMD,
FLAB14,FB190FB014UA,12,TURBIDITY,12/3/2006,15.81,NTU,,FLAB,SAMP,MON,SA,G,TURBI,,N,A,0,,,FIU,0,25.1504805,-80.8092194,,,BA,WMD,
FLAB14,FB191FB014UA,12,TURBIDITY,1/11/2007,9.905,NTU,,FLAB,SAMP,MON,SA,G,TURBI,,N,A,0,,,FIU,0,25.1504805,-80.8092194,,,BA,WMD,
FLAB14,FB192FB014UA,12,TURBIDITY,2/7/2007,1.505,NTU,,FLAB,SAMP,MON,SA,G,TURBI,,N,A,0,,,FIU,0,25.1504805,-80.8092194,,,BA,WMD,
FLAB14,FB193FB014UA,12,TURBIDITY,3/12/2007,4.485,NTU,,FLAB,SAMP,MON,SA,G,TURBI,,N,A,0,,,FIU,0,25.1504805,-80.8092194,,,BA,WMD,
FLAB14,FB194FB014UA,12,TURBIDITY,4/3/2007,1.2,NTU,,FLAB,SAMP,MON,SA,G,TURBI,,N,A,0,,,FIU,0,25.1504805,-80.8092194,,,BA,WMD,
FLAB14,FB195FB014UA,12,TURBIDITY,5/1/2007,1.965,NTU,,FLAB,SAMP,MON,SA,G,TURBI,,N,A,0,,,FIU,0,25.1504805,-80.8092194,,,BA,WMD,
FLAB14,FB196FB014UA,12,TURBIDITY,6/6/2007,2.245,NTU,,FLAB,SAMP,MON,SA,G,TURBI,,N,A,0,,,FIU,0,25.1504805,-80.8092194,,,BA,WMD,
FLAB14,FB197FB014UA,12,TURBIDITY,7/3/2007,0.8,NTU,A,FLAB,SAMP,MON,SA,G,TURBI,,N,A,0,,,FIU,0,25.1504805,-80.8092194,,,BA,WMD,
FLAB14,FB198FB014UA,12,TURBIDITY,8/7/2007,0.6,NTU,A,FLAB,SAMP,MON,SA,G,TURBI,,N,A,0,,,FIU,0,25.1504805,-80.8092194,,,BA,WMD,
FLAB14,FB199FB014UA,12,TURBIDITY,9/5/2007,0.97,NTU,A,FLAB,SAMP,MON,SA,G,TURBI,,N,A,0,,,FIU,0,25.1504805,-80.8092194,,,BA,WMD,
FLAB14,FB200FB014,12,TURBIDITY,10/4/2007,3.66,NTU,,FLAB,SAMP,MON,SA,G,TURBI,,N,A,0,,,FIU,0,25.1504805,-80.8092194,,,BA,WMD,
FLAB14,FB201FB014,12,TURBIDITY,11/7/2007,0.765,NTU,,FLAB,SAMP,MON,SA,G,TURBI,,N,A,0,,,FIU,0,25.1504805,-80.8092194,,,BA,WMD,
FLAB14,FB202FB014,12,TURBIDITY,12/7/2007,6.35,NTU,,FLAB,SAMP,MON,SA,G,TURBI,,N,A,0,,,FIU,0,25.1504805,-80.8092194,,,BA,WMD,
FLAB14,FB203FB014,12,TURBIDITY,1/9/2008,5.25,NTU,,FLAB,SAMP,MON,SA,G,TURBI,,N,A,0,,,FIU,0,25.1504805,-80.8092194,,,BA,WMD,
FLAB14,FB203FB014B,12,TURBIDITY,1/9/2008,5.25,NTU,,FLAB,SAMP,MON,SA,G,TURBI,,N,A,0,,,FIU,0,25.1504805,-80.8092194,,,BA,WMD,Measurements done close to the bottom.
FLAB14,FB204FB014,12,TURBIDITY,2/8/2008,4.97,NTU,,FLAB,SAMP,MON,SA,G,TURBI,,N,A,0,,,FIU,0,25.1504805,-80.8092194,,,BA,WMD,
FLAB14,FB204FB014B,12,TURBIDITY,2/8/2008,4.97,NTU,,FLAB,SAMP,MON,SA,G,TURBI,,N,A,0,,,FIU,0,25.1504805,-80.8092194,,,BA,WMD,Measurements done close to the bottom.
FLAB14,FB205FB014,12,TURBIDITY,3/5/2008,4.32,NTU,,FLAB,SAMP,MON,SA,G,TURBI,,N,A,0,,,FIU,0,25.1504805,-80.8092194,,,BA,WMD,
FLAB14,FB205FB014B,12,TURBIDITY,3/5/2008,4.32,NTU,,FLAB,SAMP,MON,SA,G,TURBI,,N,A,0,,,FIU,0,25.1504805,-80.8092194,,,BA,WMD,Measurements done close to the bottom.
FLAB14,FB206FB014,12,TURBIDITY,4/2/2008,2.3,NTU,,FLAB,SAMP,MON,SA,G,TURBI,,N,A,0,,,FIU,0,25.1504805,-80.8092194,,,BA,WMD,
FLAB14,FB206FB014B,12,TURBIDITY,4/2/2008,2.3,NTU,,FLAB,SAMP,MON,SA,G,TURBI,,N,A,0,,,FIU,0,25.1504805,-80.8092194,,,BA,WMD,Measurements done close to the bottom.
FLAB14,FB207FB014,12,TURBIDITY,5/7/2008,0.67,NTU,,FLAB,SAMP,MON,SA,G,TURBI,,N,A,0,,,FIU,0,25.1504805,-80.8092194,,,BA,WMD,
FLAB14,FB207FB014B,12,TURBIDITY,5/7/2008,0.67,NTU,,FLAB,SAMP,MON,SA,G,TURBI,,N,A,0,,,FIU,0,25.1504805,-80.8092194,,,BA,WMD,Measurements done close to the bottom.
FLAB14,FB208FB014,12,TURBIDITY,6/4/2008,0.55,NTU,,FLAB,SAMP,MON,SA,G,TURBI,,N,A,0,,,FIU,0,25.1504805,-80.8092194,,,BA,WMD,
FLAB14,FB208FB014B,12,TURBIDITY,6/4/2008,0.55,NTU,,FLAB,SAMP,MON,SA,G,TURBI,,N,A,0,,,FIU,0,25.1504805,-80.8092194,,,BA,WMD,Measurements done close to the bottom.
FLAB14,P42963-5,12,TURBIDITY,1/7/2009,1.2,NTU,,FLAB,SAMP,MON,SA,G,TURBI,0.1,N,A,0.5,,,WMD,1,25.1504805,-80.8092194,0.6,,BA,WMD,Strong incoming flow.  sample clear with no visable solids.  light chop with increasing South winds.  Station is in very shallow water.  may want to consider moving off to the South.
FLAB14,P42978-2,12,TURBIDITY,2/12/2009,0.7,NTU,,FLAB,SAMP,MON,SA,G,TURBI,0.1,N,A,0.5,,,WMD,1,25.1504805,-80.8092194,0.8,,BA,WMD,Very clear warer and calm conditions.  Slight ripple.  Station in shallow water over seagrass beds.  Suggest moving it slightly to the South.
FLAB14,P43361-2,12,TURBIDITY,3/16/2009,1.1,NTU,,FLAB,SAMP,MON,SA,G,TURBI,0.1,N,A,0.5,,,WMD,1,25.1504805,-80.8092194,1.1,,BA,WMD,Clear calm conditiond and light flow.  Sample clear.
FLAB14,P43542-2,12,TURBIDITY,4/20/2009,2,NTU,,FLAB,SAMP,MON,SA,G,TURBI,0.1,N,A,0.5,,,WMD,1,25.1504805,-80.8092194,1.1,,BA,WMD,"Clear and calm.  RS done at station.  Extememy salty (out of calibration range). WARNING: CONDUCTIVITY exceeds CLOSING Control True Value range of 2000 to 58650,"
FLAB14,P43542-12,12,TURBIDITY,4/20/2009,2,NTU,,FLAB,RS,MON,SA,G,TURBI,0.1,N,A,0.5,,,WMD,1,25.1504805,-80.8092194,1.1,,BA,WMD,"sample clear.  Salinity out of conductivity range. WARNING: CONDUCTIVITY exceeds CLOSING Control True Value range of 2000 to 58650,"
FLAB14,P43542-13,12,TURBIDITY,4/20/2009,2,NTU,,FLAB,RS,MON,SA,G,TURBI,0.1,N,A,0.5,,,WMD,1,25.1504805,-80.8092194,1.1,,BA,WMD,"sample clear.  salinity out of conductivity range. WARNING: CONDUCTIVITY exceeds CLOSING Control True Value range of 2000 to 58650,"
FLAB14,P43936-2,12,TURBIDITY,5/18/2009,0.4,NTU,,FLAB,SAMP,MON,SA,G,TURBI,0.1,N,A,0.5,,,WMD,1,25.1504805,-80.8092194,1.2,,BA,WMD,Breezy and light chop.  SAmple clear.   SECCHI ON BOTTOM.  Extremely salty
FLAB14,P43955-2,12,TURBIDITY,6/11/2009,1.1,NTU,,FLAB,SAMP,MON,SA,G,TURBI,0.1,N,A,0.5,,,WMD,1,25.1504805,-80.8092194,1.1,,BA,WMD,Clear and calm.  Sample clear of solids.   SECCHI ON BOTTOM.  High salinity.
FLAB14,P44584-2,12,TURBIDITY,7/20/2009,2.5,NTU,,FLAB,SAMP,MON,SA,G,TURBI,0.1,N,A,0.5,,,WMD,1,25.1504805,-80.8092194,0.92,,BA,WMD,"sample light yellow, low solids.  very calm conditions, clear water. SECCHI ON BOTTOM."
FLAB14,P44716-2,12,TURBIDITY,8/17/2009,3.3,NTU,,FLAB,SAMP,MON,SA,G,TURBI,0.1,N,A,0.5,,,WMD,1,25.1504805,-80.8092194,0.9,,BA,WMD,"Sample clear, no visible solids.   SECCHI ON BOTTOM. Slight chop with a lot of foam on water surface.  Very windy (15-20 knots).  Mostly sunny with some cloud coverage, temperature low to mid 90's degrees F."
FLAB14,P45422-2,12,TURBIDITY,9/14/2009,2.4,NTU,,FLAB,SAMP,MON,SA,G,TURBI,0.1,N,A,0.5,,,WMD,1,25.1504805,-80.8092194,1.2,,BA,WMD,"Comments too long, see field notes."
FLAB14,P45906-2,12,TURBIDITY,10/12/2009,5.5,NTU,,FLAB,SAMP,MON,SA,G,TURBI,0.1,N,A,0.5,,,WMD,1,25.1504805,-80.8092194,1,,BA,WMD,Sample yellow with low solids. SECCHI ON BOTTOM. Low flow. Less than 0.5' chop with winds approx. 15-20 mph. FCEB taken at this station.
FLAB14,P45906-11,12,TURBIDITY,10/12/2009,0.1,NTU,U,FLAB,FCEB,MON,SA,G,TURBI,0.1,Y,A,0,,,WMD,1,25.1504805,-80.8092194,0,,BA,WMD,DI->Niskin->Bucket->Syringe->Filter->Bottle. FCEB taken at FLAB14.
FLAB14,P46184-2,12,TURBIDITY,11/11/2009,1.1,NTU,,FLAB,SAMP,MON,SA,G,TURBI,0.1,N,A,0.5,,,WMD,1,25.1504805,-80.8092194,1,,BA,WMD,"Sample light yellow, with no visible solids.  Moderate chop, low flow.  Winds 20-25 mph. Heavy storms in close proximity.   SECCHI ON BOTTOM."
FLAB14,P46552-2,12,TURBIDITY,12/7/2009,1.2,NTU,,FLAB,SAMP,MON,SA,G,TURBI,0.1,N,A,0.5,m,,WMD,1,25.1504805,-80.8092194,,,BA,WMD,"Sample pale yellow, with no visible solids.  Low flow.  Winds 5-10 mph.  No chop, calm water.  DO has been  highter at this station.   SECCHI ON BOTTOM."
FLAB14,P46793-4,12,TURBIDITY,1/11/2010,1.8,NTU,,FLAB,SAMP,MON,SA,G,TURBI,0.1,N,A,0.5,m,,WMD,1,25.1504805,-80.8092194,,,BA,WMD,Comments are too long. See field notes.
FLAB14,P47183-4,12,TURBIDITY,2/8/2010,1.4,NTU,,FLAB,SAMP,MON,SA,G,TURBI,0.1,N,A,0.5,m,,WMD,1,25.1504805,-80.8092194,,,BA,WMD,"Sample light yellow, low solids.  Minimal chop.  Low flow.  Winds 5-15mph.   SECCHI ON BOTTOM."
FLAB14,P47472-4,12,TURBIDITY,3/8/2010,1.5,NTU,,FLAB,SAMP,MON,SA,G,TURBI,0.1,N,A,0.5,m,,WMD,1,25.1504805,-80.8092194,,,BA,WMD,"Sample pale yellow with no visible solids. Calm conditions, minimal chop. SECCHI ON BOTTOM. Low flow."
FLAB14,P47828-4,12,TURBIDITY,4/12/2010,0.8,NTU,,FLAB,SAMP,MON,SA,G,TURBI,0.1,N,A,0.5,m,,WMD,1,25.1504805,-80.8092194,,,BA,WMD,"Sample light yellow, no visible solids.  Low flow.  Moderate chop.  Winds 15-20mph.   SECCHI ON BOTTOM."
FLAB14,P47828-11,12,TURBIDITY,4/12/2010,0.1,NTU,U,FLAB,FCEB,MON,SA,G,TURBI,0.1,Y,A,0,,,WMD,0,25.1504805,-80.8092194,,,BA,WMD,"DI, niskin, bucket, syringe, filter, sample bottle.  FCEB taken at FLAB14"
FLAB14,P48081-4,12,TURBIDITY,5/10/2010,1,NTU,,FLAB,SAMP,MON,SA,G,TURBI,0.1,N,A,0.5,m,,WMD,1,25.1504805,-80.8092194,,,BA,WMD,"Sample light yellow, low solids.  Low flow.  Calm water, minimal chop.  Winds 15-18mph.   SECCHI ON BOTTOM."
FLAB14,P48379-4,12,TURBIDITY,6/7/2010,2.1,NTU,,FLAB,SAMP,MON,SA,G,TURBI,0.1,N,A,0.5,m,,WMD,1,25.1504805,-80.8092194,,,BA,WMD,Sample is light green with low suspended solids present. Low flow with minimal chop ripple less than 3 inches and constant 12 mph winds. SECCHI ON BOTTOM.
FLAB14,P48379-11,12,TURBIDITY,6/7/2010,0.1,NTU,U,FLAB,FCEB,MON,SA,G,TURBI,0.1,Y,A,0,,,WMD,0,25.1504805,-80.8092194,,,BA,WMD,"DI, niskin, bucket, syringe, filter, sample bottle, FCEB taken @ FLAB14."
FLAB14,P48679-4,12,TURBIDITY,7/20/2010,1,NTU,,FLAB,SAMP,MON,SA,G,TURBI,0.1,N,A,0.5,m,,WMD,1,25.1504805,-80.8092194,,,BA,WMD,"Sample light green, low solids.  Moderate chop, 1-2 foot chop.  Low flow. Winds 15-20mph.   SECCHI ON BOTTOM."
FLAB14,P48893-4,12,TURBIDITY,8/16/2010,4.8,NTU,,FLAB,SAMP,MON,SA,G,TURBI,0.1,N,A,0.5,m,,WMD,1,25.1504805,-80.8092194,,,BA,WMD,"Sample pale yellow, with low solids.  Low flow.  Calm water, no chop.  Winds 5-7mph. SECCHI ON BOTTOM."
FLAB14,P49171-4,12,TURBIDITY,9/21/2010,1.4,NTU,,FLAB,SAMP,MON,SA,G,TURBI,0.1,N,A,0.5,m,,WMD,1,25.1504805,-80.8092194,,,BA,WMD,"Sample light green, low solids.  Light chop, .5-1.5 foot seas.  Winds 15mph, with 20mph gusts.  Low flow.   SECCHI ON BOTTOM."
FLAB14,P49628-4,12,TURBIDITY,10/19/2010,0.8,NTU,,FLAB,SAMP,MON,SA,G,TURBI,0.1,N,A,0.5,m,,WMD,1,25.1504805,-80.8092194,,,BA,WMD,"Sample light yeloow, low solids.  Low flow.  Calm water, no chop.  Winds 2-5mph.   SECCHI ON BOTTOM."
FLAB14,P50070-4,12,TURBIDITY,11/16/2010,0.7,NTU,,FLAB,SAMP,MON,SA,G,TURBI,0.1,N,A,0.5,m,,WMD,1,25.1504805,-80.8092194,,,BA,WMD,"Sample light yellow, low solids.  Calm water, minimal chop.  Low flow.  Wind 3-5mph. SECCHI ON BOTTOM."
FLAB14,P50474-4,12,TURBIDITY,12/14/2010,2,NTU,,FLAB,SAMP,MON,SA,G,TURBI,0.1,N,A,0.35,m,,WMD,1,25.1504805,-80.8092194,,,BA,WMD,"Sample light yellow, low solids.  Calm water, minimal chop.  Wind 3-5mph.   SECCHI ON BOTTOM. water very shallow."
FLAB14,P50635-4,12,TURBIDITY,1/4/2011,3.1,NTU,,FLAB,SAMP,MON,SA,G,TURBI,0.1,N,A,0.5,m,,WMD,1,25.1504805,-80.8092194,,,BA,WMD,"Very low flow at station.  Very low to no chop.  Wind 0-5 mph.   SECCHI ON BOTTOM.   Sample light yellow, low solids."
FLAB14,P50937-4,12,TURBIDITY,2/17/2011,1.3,NTU,,FLAB,SAMP,MON,SA,G,TURBI,0.1,N,A,0.25,m,,WMD,0,25.1504805,-80.8092194,,,BA,WMD,Sample taken .4 miles from station due to shallow water.
FLAB14,P51526-4,12,TURBIDITY,3/14/2011,0.6,NTU,,FLAB,SAMP,MON,SA,G,TURBI,0.1,N,A,0.5,m,,WMD,1,25.1504805,-80.8092194,,,BA,WMD,"Sample light yellow.  Calm water, minimal chop. Wind 8-12mph.   SECCHI ON BOTTOM."
FLAB14,P52279-4,12,TURBIDITY,4/5/2011,1.2,NTU,,FLAB,SAMP,MON,SA,G,TURBI,0.1,N,A,0.5,m,,WMD,1,25.1504805,-80.8092194,,,BA,WMD,"Sample light green, wind 10-15mph sw."
FLAB14,P52280-4,12,TURBIDITY,5/3/2011,1.2,NTU,,FLAB,SAMP,MON,SA,G,TURBI,0.1,N,A,0.3,m,,WMD,1,25.1504805,-80.8092194,,,BA,WMD,"Sample palm yellow, wind east 10-15mph,  SECCHI ON BOTTOM."
FLAB14,P52281-4,12,TURBIDITY,6/13/2011,0.9,NTU,,FLAB,SAMP,MON,SA,G,TURBI,0.1,N,A,0.5,m,,WMD,1,25.1504805,-80.8092194,,,BA,WMD,Sample is clear with no visible sollids present. Moderate flow with variable westerly winds at 5-10 mph. SECCHI ON BOTTOM. Conductivity is out of range due to high salinity at this location.
FLAB14,P52282-4,12,TURBIDITY,7/12/2011,1,NTU,,FLAB,SAMP,MON,SA,G,TURBI,0.1,N,A,0.5,m,,WMD,1,25.1504805,-80.8092194,,,BA,WMD,Sample is pale green with no visible suspended solids present.  Flow with light ripple chop up to 4 inches and winds from the southwest at 4 to 8 mph.  SECCHI ON BOTTOM
FLAB14,P52283-6,12,TURBIDITY,8/16/2011,1.5,NTU,,FLAB,SAMP,MON,SA,G,TURBI,0.1,N,A,0.5,m,,WMD,1,25.1504805,-80.8092194,,,BA,WMD,Sample is pale green with no visible suspended solids present. Low flow with light chop up to 4 inches and light variable winds from southwest at 6 to 10 mph. SECCHI ON BOTTOM.
FLAB14,P52284-6,12,TURBIDITY,9/12/2011,0.8,NTU,,FLAB,SAMP,MON,SA,G,TURBI,0.1,N,A,0.5,m,,WMD,0,25.1504805,-80.8092194,,,BA,WMD,Sample light yellow with no visible suspended solids present. Light current with rising tide just before high tide and glassy slight ripple conditions and light variable winds from the east southeast at 2 to 4 mph. SECCHI ON BOTTOM.
FLAB14,P52285-6,12,TURBIDITY,10/4/2011,2.4,NTU,,FLAB,SAMP,MON,SA,G,TURBI,0.1,N,A,0.4,m,,WMD,0,25.1504805,-80.8092194,,,BA,WMD,"Wind, NE 10-15, lt chop, ebb tide,  SECCHI ON BOTTOM."
FLAB14,P54071-6,12,TURBIDITY,12/6/2011,1.8,NTU,,FLAB,SAMP,MON,SA,G,TURBI,0.1,N,A,0.35,m,,WMD,0,25.1504805,-80.8092194,,,BA,WMD,"Wind ESE 10-12, lt chop, slack tide,  SECCHI ON BOTTOM, Sample taken .5 miles from station due to shallow depth"
FLAB14,P55306-4,12,TURBIDITY,2/1/2012,1,NTU,,FLAB,SAMP,MON,SA,G,TURBI,0.1,N,A,0.35,m,,WMD,0,25.1504805,-80.8092194,,,BA,WMD,"Wind E 14-18, lt chop in lee of island, slack tide,  SECCHI ON BOTTOM, sample taken .38 mi from station due to shallow depth"
FLAB14,P55313-4,12,TURBIDITY,4/12/2012,0.9,NTU,,FLAB,SAMP,MON,SA,G,TURBI,0.1,N,A,0.45,m,,WMD,0,25.1504805,-80.8092194,,,BA,WMD,"Wind N 8-10, rippled surface, slack tide,  SECCHI ON BOTTOM."
FLAB14,P55929-4,12,TURBIDITY,6/13/2012,1.6,NTU,,FLAB,SAMP,MON,SA,G,TURBI,0.1,N,A,0.5,m,,WMD,0,25.1504805,-80.8092194,,,BA,WMD,Calm conditions.  Light ripple.  Slack tide.  Very light east wind.   SECCHI ON BOTTOM.
FLAB14,P56205-4,12,TURBIDITY,8/13/2012,1.6,NTU,,FLAB,SAMP,MON,SA,G,TURBI,0.1,N,A,0.5,m,,WMD,0,25.1504805,-80.8092194,,,BA,WMD,Very light east wind.  Calm conditions with almost no ripple.  Slack tide.   SECCHI ON BOTTOM.
FLAB14,P56209-4,12,TURBIDITY,10/11/2012,3.4,NTU,,FLAB,SAMP,MON,SA,G,TURBI,0.1,N,A,0.5,m,,WMD,0,25.1504805,-80.8092194,,,BA,WMD,Strong NE breeze.  Light chop.   SECCHI ON BOTTOM.
FLAB14,P56856-4,12,TURBIDITY,12/10/2012,6.2,NTU,,FLAB,SAMP,MON,SA,G,TURBI,0.1,N,A,0.5,m,,WMD,0,25.1504805,-80.8092194,,,BA,WMD,SECCHI ON BOTTOM. Winds 10-15kts out of the SE. Light chop.
FLAB14,P61818-4,12,TURBIDITY,2/5/2013,3.5,NTU,,FLAB,SAMP,MON,SA,G,TURBI,0.1,N,A,0.5,m,,WMD,0,25.1504805,-80.8092194,,,BA,WMD,SECCHI ON BOTTOM. Very light breeze 1-2kts. Calm water. No noticeable current.
FLAB14,P61819-4,12,TURBIDITY,4/18/2013,1.2,NTU,,FLAB,SAMP,MON,SA,G,TURBI,0.1,N,A,0.3,m,,WMD,0,25.1504805,-80.8092194,,,PD,WMD,SECCHI ON BOTTOM. ESE winds 10-12 kts. Light ripple on the water.
FLAB14,P63880-4,12,TURBIDITY,6/17/2013,5.2,NTU,,FLAB,SAMP,MON,SA,G,TURBI,0.1,N,A,0.4,m,,WMD,0,25.1504805,-80.8092194,,,PD,WMD,"slight ripple on surface, southeast wind 10-15, secchi on bottom, site collected short of coordinates due to shallow water less than 0.5m while approaching site"
FLAB14,P63881-4,12,TURBIDITY,8/13/2013,1.4,NTU,,FLAB,SAMP,MON,SA,G,TURBI,0.1,N,A,0.35,m,,WMD,0,25.1504805,-80.8092194,,,PD,WMD,SECCHI ON BOTTOM. Ripples on surface. E wind 5-10 kt. No current observed. Station visted near high tide. Unable to reach location due to shallow water. Collected at 25-08'43.5 secN 080-48'34.4 secW
FLAB14,P65941-4,12,TURBIDITY,10/28/2013,1.7,NTU,,FLAB,SAMP,MON,SA,G,TURBI,0.1,N,A,0.4,m,,WMD,0,25.1504805,-80.8092194,,,PD,WMD,SECCHI ON BOTTOM. Light chop. E wind approx 15 kt. Moderate wind driven current.
FLAB14,P68531-4,12,TURBIDITY,12/11/2013,1.5,NTU,,FLAB,SAMP,MON,SA,G,TURBI,0.1,N,A,0.35,m,,WMD,0,25.1504805,-80.8092194,,,PD,WMD,"Light chop, E wind 10-15,  SECCHI ON BOTTOM."
FLAB14,P70123-4,12,TURBIDITY,2/26/2014,1.5,NTU,,FLAB,SAMP,MON,SA,G,TURBI,0.1,N,A,0.5,m,,WMD,0,25.1504805,-80.8092194,,,PD,WMD,"SECCHI ON BOTTOM. Slight ripple on water surface. Slight wind out of the SW, 5kts. Slight incoming tide. Unable to get to actual FLAB14 site due to water level, sample taken at GPS position N2508.345 W08048.512."
FLAB14,P70124-4,12,TURBIDITY,4/7/2014,1.7,NTU,,FLAB,SAMP,MON,SA,G,TURBI,0.1,N,A,0.5,m,,WMD,0,25.1504805,-80.8092194,,,PD,WMD,Moderate chop due to 15kt SE winds. Sample area clear. SECCHI ON BOTTOM.
FLAB14,P71707-4,12,TURBIDITY,6/9/2014,2.6,NTU,,FLAB,SAMP,MON,SA,G,TURBI,0.1,N,A,0.5,m,,WMD,0,25.1504805,-80.8092194,,,PD,WMD,"SECCHI ON BOTTOM. Calm winds, calm waves, incoming tide."
FLAB14,P72712-4,12,TURBIDITY,8/5/2014,3.3,NTU,,FLAB,SAMP,MON,SA,G,TURBI,0.1,N,A,0.5,m,,WMD,0,25.1504805,-80.8092194,,,PD,WMD,"Calm conditions, SW winds less than 5 kts. Small amount of single piece turtle and manatee grasses on surface. Incoming tide. SECCHI ON BOTTOM."
FLAB14,P74736-4,12,TURBIDITY,10/20/2014,3.4,NTU,,FLAB,SAMP,MON,SA,G,TURBI,0.1,N,A,0.35,m,,WMD,0,25.1504805,-80.8092194,,,PD,WMD,"Calm,  SECCHI ON BOTTOM."
FLAB14,P74738-4,12,TURBIDITY,12/17/2014,3.3,NTU,,FLAB,SAMP,MON,SA,G,TURBI,0.1,N,A,0.5,m,,WMD,0,25.1504805,-80.8092194,,,PD,WMD,"Incoming tide, NE winds 5kts, calm seas, small amout of floating vegetation pieces visible on water surface. SECCHI ON BOTTOM."
FLAB14,P74737-4,12,TURBIDITY,2/16/2015,2.1,NTU,,FLAB,SAMP,MON,SA,G,TURBI,0.1,N,A,0.45,m,,WMD,0,25.1504805,-80.8092194,,,PD,WMD,"Calm, E wind 10-15. Sample collected 925 m due south of site because of water depth. SECCHI ON BOTTOM"
FLAB14,P75445-4,12,TURBIDITY,4/13/2015,2.1,NTU,,FLAB,SAMP,MON,SA,G,TURBI,0.1,N,A,0.5,m,,WMD,0,25.1504805,-80.8092194,,,PD,WMD,Sample collected 1 km due south of site due to water depth. SOB
FLAB14,P74739-4,12,TURBIDITY,6/9/2015,1.3,NTU,,FLAB,SAMP,MON,SA,G,TURBI,0.1,N,A,0.5,m,,WMD,0,25.1504805,-80.8092194,,,PD,WMD,SOB
FLAB14,P78245-4,12,TURBIDITY,8/25/2015,3.2,NTU,,FLAB,SAMP,MON,SA,G,TURBI,0.1,N,A,0.5,m,,WMD,0,25.1504805,-80.8092194,,,PD,WMD,Secchi on bottom.
FLAB14,P80870-4,12,TURBIDITY,10/7/2015,0.9,NTU,,FLAB,SAMP,MON,SA,G,TURBI,0.1,N,A,0.5,m,,WMD,0,25.1504805,-80.8092194,,,PD,WMD,"Calm seas, light amount of loose vegetation on surface, incoming tide, secchi on bottom."
FLAB14,P82416-4,12,TURBIDITY,1/21/2016,2,NTU,,FLAB,SAMP,MON,SA,G,TURBI,0.1,N,A,0.5,m,,WMD,0,25.1504805,-80.8092194,,,PD,WMD,Secchi on bottom. Surface smooth. Winds ESE 10-15.
FLAB14,P82935-4,12,TURBIDITY,2/16/2016,2.7,NTU,,FLAB,SAMP,MON,SA,G,TURBI,0.1,N,A,0.5,m,,WMD,0,25.1504805,-80.8092194,,,PD,WMD,"Calm wind and seas, sample area clear, Secchi on bottom."
FLAB14,P83568-4,12,TURBIDITY,4/14/2016,1.3,NTU,,FLAB,SAMP,MON,SA,G,TURBI,0.1,N,A,0.35,m,,WMD,0,25.1504805,-80.8092194,,,PD,WMD,SOB. Light winds out of the SE around 7 kts. Glass smooth water.
FLAB14,P84316-4,12,TURBIDITY,6/29/2016,6.7,NTU,,FLAB,SAMP,MON,SA,G,TURBI,0.1,N,A,0.5,m,,WMD,0,25.1504805,-80.8092194,,,PD,WMD,"slight ripple on surface, calm wind, some vegetation clippings on surface, off colored water observed, algae like appearance in water column, filter turned green in color during processing"
FLAB14,P84638-4,12,TURBIDITY,8/25/2016,10.3,NTU,,FLAB,SAMP,MON,SA,G,TURBI,0.1,N,A,0.5,m,,WMD,0,25.1504805,-80.8092194,,,PD,WMD,"Light east winds, light surface chop, turbid water, light green brown in color, light amount of loose sea grass floating on surface. Light greenish yellow color visible in filter after use. Secchi on bottom."
FLAB14,P86137-4,12,TURBIDITY,10/24/2016,8,NTU,,FLAB,SAMP,MON,SA,G,TURBI,0.1,N,A,0.5,m,,WMD,0,25.1504805,-80.8092194,,,PD,WMD,"NE winds 15kt, light chop, sample area clear otherwise. Secchi on bottom."
FLAB14,P86766-4,12,TURBIDITY,12/21/2016,2.9,NTU,,FLAB,SAMP,MON,SA,G,TURBI,0.1,N,A,0.5,m,,WMD,0,25.1504805,-80.8092194,,,PD,WMD,"NE winds 10-15 kts, light chop, sample area clear. Secchi on bottom."
FLAB14,P87700-4,12,TURBIDITY,2/20/2017,4.2,NTU,,FLAB,SAMP,MON,SA,G,TURBI,0.1,N,A,0.5,m,,WMD,0,25.1504805,-80.8092194,,,PD,WMD,"NE winds 10-15 kts, waters moderate chop, light amount of loose sea grass on surface. Secchi on bottom. Could not get within 300m of sample GPS point due to shallow water."
FLAB14,P87830-4,12,TURBIDITY,4/20/2017,1.9,NTU,,FLAB,SAMP,MON,SA,G,TURBI,0.1,N,A,0.5,m,,WMD,0,25.1504805,-80.8092194,,,PD,WMD,"Could only get within 0.5 kilometers of site due to very shallow water.  Had less than 1 foot seas, sample area clear, with 10-15 knot east winds.  Sample collected by DA."
FLAB14,P89179-4,12,TURBIDITY,8/1/2017,1.6,NTU,,FLAB,SAMP,MON,SA,G,TURBI,0.1,N,A,0.5,m,,WMD,0,25.1504805,-80.8092194,,,PD,WMD,"Light sw winds, calm seas, moderate amount of loose sea grasses floating on surface, secchi on bottom."
FLAB14,P88721-4,12,TURBIDITY,10/12/2017,11.4,NTU,,FLAB,SAMP,MON,SA,G,TURBI,0.1,N,A,0.5,m,,WMD,0,25.1504805,-80.8092194,,,PD,WMD,Filter appeared to contaiin algae when processing sample.
FLAB14,P91159-4,12,TURBIDITY,12/13/2017,51.4,NTU,,FLAB,SAMP,MON,SA,G,TURBI,0.1,N,A,0.5,m,,WMD,0,25.1504805,-80.8092194,,,PD,WMD,Light chop. Murky brown water
FLAB14,P92112-4,12,TURBIDITY,2/28/2018,14.9,NTU,,FLAB,SAMP,MON,SA,G,TURBI,0.1,N,A,0.5,m,,WMD,0,25.1504805,-80.8092194,,,PD,WMD,Flat water. Green water. Filter turned green. Same problem with DO readings.
FLAB14,P92872-4,12,TURBIDITY,4/10/2018,8.4,NTU,,FLAB,SAMP,MON,SA,G,TURBI,0.1,N,A,0.5,m,,WMD,0,25.1504805,-80.8092194,,,PD,WMD,Light chop.
FLAB14,P93694-4,12,TURBIDITY,6/7/2018,8.5,NTU,,FLAB,SAMP,MON,SA,G,TURBI,0.1,N,A,0.5,m,,WMD,0,25.1504805,-80.8092194,,,PD,WMD,Floating vegetation present. Avoided during collection.
FLAB14,P94931-4,12,TURBIDITY,8/6/2018,7,NTU,,FLAB,SAMP,MON,SA,G,TURBI,0.1,N,A,0.5,m,,WMD,0,25.1504805,-80.8092194,,,PD,WMD,
FLAB14,P95251-4,12,TURBIDITY,10/3/2018,10.7,NTU,,FLAB,SAMP,MON,SA,G,TURBI,0.1,N,A,0.5,m,,WMD,0,25.1504805,-80.8092194,,,PD,WMD,heavy suspended solids
FLAB14,P96720-4,12,TURBIDITY,12/17/2018,14.8,NTU,,FLAB,SAMP,MON,SA,G,TURBI,0.1,N,A,0.25,m,,WMD,0,25.1504805,-80.8092194,,,BA,WMD,Shallow sampling area. Sample depth taken half way from total depth of 0.5m.  Water looks stirred up within sample area.
FLAB14,P102448-5,12,TURBIDITY,2/26/2019,11.9,NTU,,FLAB,SAMP,MON,SA,G,TURBI,0.1,N,A,0.5,m,,WMD,0,25.1504805,-80.8092194,,,BA,WMD,
FLAB14,P103834-5,12,TURBIDITY,4/15/2019,12.7,NTU,,FLAB,SAMP,MON,SA,G,TURBI,0.1,N,A,0.5,m,,WMD,0,25.1504805,-80.8092194,,,BA,WMD,
FLAB14,P106284-5,12,TURBIDITY,6/11/2019,6.6,NTU,,FLAB,SAMP,MON,SA,G,TURBI,0.1,N,A,0.4,m,,WMD,0,25.1504805,-80.8092194,,,BA,WMD,Secchi on bottom
FLAB14,P109207-5,12,TURBIDITY,8/8/2019,4.3,NTU,,FLAB,SAMP,MON,SA,G,TURBI,0.1,N,A,0.5,m,,WMD,0,25.1504805,-80.8092194,,,BA,WMD,Large pieces of vegetative debris present on surface of water. Secchi on bottom.
FLAB14,P109898-5,12,TURBIDITY,10/8/2019,12.4,NTU,,FLAB,SAMP,MON,SA,G,TURBI,0.1,N,A,0.5,m,,WMD,0,25.1504805,-80.8092194,,,BA,WMD,
FLAB14,P110697-5,12,TURBIDITY,12/5/2019,2.9,NTU,,FLAB,SAMP,MON,SA,G,TURBI,0.1,N,A,0.5,m,,WMD,0,25.1504805,-80.8092194,,,BA,WMD,Secchi on bottom.
FLAB14,P110713-5,12,TURBIDITY,2/3/2020,4.7,NTU,,FLAB,SAMP,MON,SA,G,TURBI,0.1,N,A,0.3,m,,WMD,0,25.1504805,-80.8092194,,,BA,WMD,"Secchi on bottom. Depth was less than 1m, sample was collected at half total depth."
FLAB14,P110719-5,12,TURBIDITY,4/1/2020,9.4,NTU,,FLAB,SAMP,MON,SA,G,TURBI,0.1,N,A,0.4,m,,WMD,0,25.1504805,-80.8092194,,,BA,WMD,Secchi on bottom
FLAB14,P111041-5,12,TURBIDITY,6/1/2020,1.2,NTU,,FLAB,SAMP,MON,SA,G,TURBI,0.1,N,A,0.3,m,,WMD,0,25.1504805,-80.8092194,,,BA,WMD,Secchi on bottom
FLAB14,P111104-5,12,TURBIDITY,8/13/2020,1.6,NTU,,FLAB,SAMP,MON,SA,G,TURBI,0.1,N,A,0.35,m,,WMD,0,25.1504805,-80.8092194,,,BA,WMD,Secchi on bottom. Sample collected at half total depth.
FLAB14,P118766-5,12,TURBIDITY,10/12/2020,2.5,NTU,,FLAB,SAMP,MON,SA,G,TURBI,0.1,N,A,0.4,m,,WMD,0,25.1504805,-80.8092194,,,BA,WMD,Secchi on bottom.
FLAB14,P120347-5,12,TURBIDITY,12/9/2020,4.6,NTU,,FLAB,SAMP,MON,SA,G,TURBI,0.1,N,A,0.3,m,,WMD,0,25.1504805,-80.8092194,,,BA,WMD,"Sample area clear.  Total Depth was only 0.6 meters, so sampling depth was at 0.3 meters instead of 0.5 meters.  SOB, Secchi On Bottom.  Light solids in sample.  Sample collected by CL."
FLAB14,P121638-5,12,TURBIDITY,1/7/2021,2,NTU,,FLAB,SAMP,MON,SA,G,TURBI,0.1,N,A,0.3,m,,WMD,0,25.1504805,-80.8092194,,,BA,WMD,Secchi on bottom
FLAB14,P122507-5,12,TURBIDITY,3/17/2021,1.4,NTU,,FLAB,SAMP,MON,SA,G,TURBI,0.1,N,A,0.5,m,,WMD,0,25.1504805,-80.8092194,,,BA,WMD,Secchi on bottom.
FLAB14,P122517-5,12,TURBIDITY,5/24/2021,4.4,NTU,,FLAB,SAMP,MON,SA,G,TURBI,0.1,N,A,0.2,m,,WMD,0,25.1504805,-80.8092194,,,BA,WMD,Secchi on bottom. Sampled approx. 100 m from site due to low water.
FLAB14,P123928-5,12,TURBIDITY,7/1/2021,2.3,NTU,,FLAB,SAMP,MON,SA,G,TURBI,0.1,N,A,0.35,m,,WMD,0,25.1504805,-80.8092194,,,BA,WMD,Secchi on bottom.
FLAB14,P125715-5,12,TURBIDITY,10/13/2021,7.2,NTU,,FLAB,SAMP,MON,SA,G,TURBI,0.1,N,A,0.4,m,,WMD,0,25.1504805,-80.8092194,,,BA,WMD,
FLAB14,P128145-5,12,TURBIDITY,12/27/2021,12.5,NTU,,FLAB,SAMP,MON,SA,G,TURBI,0.1,N,A,0.3,m,,WMD,0,25.1504805,-80.8092194,,,BA,WMD,Sampling area clear of debris.
FLAB14,P129938-5,12,TURBIDITY,2/8/2022,13.6,NTU,,FLAB,SAMP,MON,SA,G,TURBI,0.1,N,A,0.25,m,,WMD,0,25.1504805,-80.8092194,,,BA,WMD,Secchi on bottom
FLAB14,P132794-5,12,TURBIDITY,4/7/2022,19,NTU,,FLAB,SAMP,MON,SA,G,TURBI,0.1,N,A,0.3,m,,WMD,0,25.1504805,-80.8092194,,,BA,WMD,
FLAB14,P134124-5,12,TURBIDITY,6/22/2022,8.6,NTU,,FLAB,SAMP,MON,SA,G,TURBI,0.1,N,A,0.5,m,,WMD,0,25.1504805,-80.8092194,,,BA,WMD,
FLAB14,P135165-5,12,TURBIDITY,8/18/2022,10.5,NTU,,FLAB,SAMP,MON,SA,G,TURBI,0.1,N,A,0.5,m,,WMD,0,25.1504805,-80.8092194,,,BA,WMD,"No visible solids, but water is very cloudy and difficult to filter. Used two filters to process."
FLAB14,P136495-5,12,TURBIDITY,10/20/2022,10.7,NTU,,FLAB,SAMP,MON,SA,G,TURBI,0.1,N,A,0.4,m,,WMD,0,25.1504805,-80.8092194,,,BA,WMD,Sample collected at half total depth as per FSM. Water in sampling area has a greenish tint. Filter turned light green during processing.
FLAB14,P138520-5,12,TURBIDITY,12/19/2022,14.1,NTU,,FLAB,SAMP,MON,SA,G,TURBI,0.1,N,A,0.3,m,,WMD,0,25.1504805,-80.8092194,,,BA,WMD,
FLAB14,P139468-5,12,TURBIDITY,1/30/2023,10.9,NTU,,FLAB,SAMP,MON,SA,G,TURBI,0.1,N,A,0.5,m,,WMD,0,25.1504805,-80.8092194,,,BA,WMD,
FLAB14,P141269-5,12,TURBIDITY,3/14/2023,4.1,NTU,,FLAB,SAMP,MON,SA,G,TURBI,0.1,N,A,0.5,m,,WMD,0,25.1504805,-80.8092194,,,BA,WMD,Secchi on bottom.
FLAB14,P143129-5,12,TURBIDITY,5/11/2023,2.7,NTU,,FLAB,SAMP,MON,SA,G,TURBI,0.1,N,A,0.5,m,,WMD,0,25.1504805,-80.8092194,,,BA,WMD,Secchi on bottom
FLAB14,P144703-5,12,TURBIDITY,7/27/2023,8.6,NTU,,FLAB,SAMP,MON,SA,G,TURBI,0.1,N,A,0.35,m,,WMD,0,25.1504805,-80.8092194,,,BA,WMD,
FLAB14,P146063-5,12,TURBIDITY,9/27/2023,10.7,NTU,,FLAB,SAMP,MON,SA,G,TURBI,0.1,N,A,0.5,m,,WMD,0,25.1504805,-80.8092194,,,BA,WMD,"Water highly turbid, became difficult to filter during processing."
FLAB14,P146064-5,12,TURBIDITY,11/13/2023,8.9,NTU,,FLAB,SAMP,MON,SA,G,TURBI,0.1,N,A,0.5,m,,WMD,0,25.1504805,-80.8092194,,,BA,WMD,"Filter became clogged during processing, no color, difficult to filter"
FLAB14,P148342-5,12,TURBIDITY,1/8/2024,22.7,NTU,,FLAB,SAMP,MON,SA,G,TURBI,0.1,N,A,0.35,m,,WMD,0,25.1504805,-80.8092194,,,BA,WMD,collected sample approximately 600 feet SSW of site due to shallow depth
FLAB14,P149299-5,12,TURBIDITY,3/4/2024,15.6,NTU,,FLAB,SAMP,MON,SA,G,TURBI,0.1,N,A,0.4,m,,WMD,0,25.1504805,-80.8092194,,,BA,WMD,Sample collected 800 m west of site due to shallow depth.
FLAB14,P150708-5,12,TURBIDITY,5/13/2024,7.1,NTU,,FLAB,SAMP,MON,SA,G,TURBI,0.1,N,A,0.45,m,,WMD,0,25.1504805,-80.8092194,,,BA,WMD,Filter turned yellow during processing.
FLAB14,P152189-5,12,TURBIDITY,7/15/2024,11.6,NTU,,FLAB,SAMP,MON,SA,G,TURBI,0.1,N,A,0.4,m,,WMD,0,25.1504805,-80.8092194,,,BA,WMD,Sample taken 550 m SW of station due to shallow depth. Filter turned green during processing; sample was difficult to push through filter.
FLAB14,P153175-5,12,TURBIDITY,9/12/2024,7.6,NTU,,FLAB,SAMP,MON,SA,G,TURBI,0.1,N,A,0.5,m,,WMD,0,25.1504805,-80.8092194,,,BA,WMD,Filter turned green during processing.
FLAB14,P154028-5,12,TURBIDITY,12/9/2024,5.6,NTU,,FLAB,SAMP,MON,SA,G,TURBI,0.1,N,A,0.45,m,,WMD,0,25.1504805,-80.8092194,,,BA,WMD,"Because of shallow depths, sample was collected approximately 580 meters to the southwest of the marked site coordinates."
FLAB14,P155969-5,12,TURBIDITY,2/5/2025,6.5,NTU,,FLAB,SAMP,MON,SA,G,TURBI,0.1,N,A,0.5,m,,WMD,0,25.1504805,-80.8092194,,,BA,WMD,Secchi on bottom.
FLAB14,P158028-5,12,TURBIDITY,6/18/2025,4.4,NTU,,FLAB,SAMP,MON,SA,G,TURBI,0.1,N,P,0.5,m,,WMD,0,25.1504805,-80.8092194,1,,,,Secchi on bottom.
FLAB14,P50070-11,18,NITRATE+NITRITE-N,11/16/2010,0.005,mg/L,U,FLAB,FCEB,MON,DI,G,NOX,0.005,Y,A,0,,,WMD,0,25.1504805,-80.8092194,,,BA,WMD,"DI, niskin, bucket, syringe, filter, sample bottle.  FCEB taken at FLAB14."
FLAB14,P52279-7,18,NITRATE+NITRITE-N,4/5/2011,0.005,mg/L,U,FLAB,FCEB,MON,DI,G,NOX,0.005,Y,A,0,,,WMD,0,25.1504805,-80.8092194,,,BA,WMD,"FCEB. DI,NISKEN,BUCKET,SYRINGE,FILTER,SAMPLE BOTTLE. FCEB COLLECTED @ STATION FLAB 14"
FLAB14,P52280-7,18,NITRATE+NITRITE-N,5/3/2011,0.005,mg/L,U,FLAB,FCEB,MON,DI,G,NOX,0.005,Y,A,0,,,WMD,1,25.1504805,-80.8092194,,,BA,WMD,"FCEB. DI,Nisken,Bucket,Syringe,Filter,Sample Bottle. FCDE taken @ station FLAB14"
FLAB14,P55313-7,18,NITRATE+NITRITE-N,4/12/2012,0.006,mg/L,"I,J",FLAB,FCEB,MON,DI,G,NOX,0.005,N,A,,,,WMD,0,25.1504805,-80.8092194,,,BA,WMD,FCEB
FLAB14,P61818-7,18,NITRATE+NITRITE-N,2/5/2013,0.005,mg/L,U,FLAB,FCEB,MON,DI,G,NOX,0.005,Y,A,,,,WMD,0,25.1504805,-80.8092194,,,BA,WMD,FCEB.
FLAB14,P65941-7,18,NITRATE+NITRITE-N,10/28/2013,0.005,mg/L,U,FLAB,FCEB,MON,DI,G,NOX,0.005,Y,A,,,,WMD,0,25.1504805,-80.8092194,,,PD,WMD,
FLAB14,P86137-7,18,NITRATE+NITRITE-N,10/24/2016,0.005,mg/L,U,FLAB,FCEB,MON,DI,G,NOX,0.005,Y,A,,,,WMD,0,25.1504805,-80.8092194,,,PD,WMD,
FLAB14,P86766-7,18,NITRATE+NITRITE-N,12/21/2016,0.005,mg/L,U,FLAB,FCEB,MON,DI,G,NOX,0.005,Y,A,,,,WMD,0,25.1504805,-80.8092194,,,PD,WMD,
FLAB14,P87830-7,18,NITRATE+NITRITE-N,4/20/2017,0.005,mg/L,U,FLAB,FCEB,MON,DI,G,NOX,0.005,Y,A,,,,WMD,0,25.1504805,-80.8092194,,,PD,WMD,FCEB collected at FLAB14 site.  Sample collected by DA.
FLAB14,P88721-7,18,NITRATE+NITRITE-N,10/12/2017,0.005,mg/L,U,FLAB,FCEB,MON,DI,G,NOX,0.005,Y,A,,,,WMD,0,25.1504805,-80.8092194,,,PD,WMD,FCEB performed.
FLAB14,P91159-7,18,NITRATE+NITRITE-N,12/13/2017,0.005,mg/L,U,FLAB,FCEB,MON,DI,G,NOX,0.005,Y,A,,,,WMD,0,25.1504805,-80.8092194,,,PD,WMD,Performed by EW at FLAB14.
FLAB14,P92112-7,18,NITRATE+NITRITE-N,2/28/2018,0.005,mg/L,U,FLAB,FCEB,MON,DI,G,NOX,0.005,Y,A,,,,WMD,0,25.1504805,-80.8092194,,,PD,WMD,Performed by KJ at FLAB14 with DI 5886.
FLAB14,P92872-7,18,NITRATE+NITRITE-N,4/10/2018,0.005,mg/L,U,FLAB,FCEB,MON,DI,G,NOX,0.005,Y,A,,,,WMD,0,25.1504805,-80.8092194,,,PD,WMD,Performed by NP at FLAB14 with DI 5901.
FLAB14,P120347-8,18,NITRATE+NITRITE-N,12/9/2020,0.005,mg/L,U,FLAB,FCEB,MON,DI,G,NOX,0.005,Y,A,,,,WMD,0,25.1504805,-80.8092194,,,BA,WMD,FCEB collected at station FLAB14 by CL using DI#: 7014.
FLAB14,P129938-8,18,NITRATE+NITRITE-N,2/8/2022,0.005,mg/L,U,FLAB,FCEB,MON,DI,G,NOX,0.005,Y,A,,,,WMD,0,25.1504805,-80.8092194,,,BA,WMD,FCEB collected thru all sampling equipment 7492
FLAB14,P139468-8,18,NITRATE+NITRITE-N,1/30/2023,0.005,mg/L,U,FLAB,FCEB,MON,DI,G,NOX,0.005,Y,A,,,,WMD,0,25.1504805,-80.8092194,,,BA,WMD,FCEB collected thru all sampling equipment by TT at FLAB14 using DI 7688.
FLAB14,P143129-8,18,NITRATE+NITRITE-N,5/11/2023,0.005,mg/L,U,FLAB,FCEB,MON,DI,G,NOX,0.005,Y,A,,,,WMD,0,25.1504805,-80.8092194,,,BA,WMD,FCEB collected thru all sampling equipment by PF at FLAB14 using DI 7762
FLAB14,P146064-8,18,NITRATE+NITRITE-N,11/13/2023,0.005,mg/L,U,FLAB,FCEB,MON,DI,G,NOX,0.005,Y,A,,,,WMD,0,25.1504805,-80.8092194,,,BA,WMD,FCEB collected thru all sampling equipment by CL at FLAB14 using DI 7860
FLAB14,P148342-8,18,NITRATE+NITRITE-N,1/8/2024,0.005,mg/L,U,FLAB,FCEB,MON,DI,G,NOX,0.005,Y,A,,,,WMD,0,25.1504805,-80.8092194,,,BA,WMD,FCEB collected thru all sampling equipment by ST at FLAB14 using DI 7913
FLAB14,P152189-8,18,NITRATE+NITRITE-N,7/15/2024,0.005,mg/L,U,FLAB,FCEB,MON,DI,G,NOX,0.005,Y,A,,,,WMD,0,25.1504805,-80.8092194,,,BA,WMD,FCEB collected thru all sampling equipment by RJC using DI 8031.
FLAB14,P153175-8,18,NITRATE+NITRITE-N,9/12/2024,0.005,mg/L,U,FLAB,FCEB,MON,DI,G,NOX,0.005,Y,A,,,,WMD,0,25.1504805,-80.8092194,,,BA,WMD,FCEB collected thru all sampling equipment using DI 8059.
FLAB14,FIU14936,18,NITRATE+NITRITE-N,4/15/1991,0.003,mg/L,PMR,FLAB,SAMP,MON,SA,G,NOX,,N,A,0,,,FIU,0,25.1504805,-80.8092194,,,,FIU,
FLAB14,FIU14939,18,NITRATE+NITRITE-N,5/15/1991,0.004,mg/L,PMR,FLAB,SAMP,MON,SA,G,NOX,,N,A,0,,,FIU,0,25.1504805,-80.8092194,,,,FIU,
FLAB14,FIU14940,18,NITRATE+NITRITE-N,6/15/1991,0.002,mg/L,PMR,FLAB,SAMP,MON,SA,G,NOX,,N,A,0,,,FIU,0,25.1504805,-80.8092194,,,,FIU,
FLAB14,FIU14942,18,NITRATE+NITRITE-N,7/15/1991,0.002,mg/L,PMR,FLAB,SAMP,MON,SA,G,NOX,,N,A,0,,,FIU,0,25.1504805,-80.8092194,,,,FIU,
FLAB14,FIU14945,18,NITRATE+NITRITE-N,8/15/1991,0.002,mg/L,PMR,FLAB,SAMP,MON,SA,G,NOX,,N,A,0,,,FIU,0,25.1504805,-80.8092194,,,,FIU,
FLAB14,FIU14946,18,NITRATE+NITRITE-N,9/15/1991,0.006,mg/L,PMR,FLAB,SAMP,MON,SA,G,NOX,,N,A,0,,,FIU,0,25.1504805,-80.8092194,,,,FIU,
FLAB14,FIU14949,18,NITRATE+NITRITE-N,10/15/1991,0.011,mg/L,PMR,FLAB,SAMP,MON,SA,G,NOX,,N,A,0,,,FIU,0,25.1504805,-80.8092194,,,,FIU,
FLAB14,FIU14950,18,NITRATE+NITRITE-N,11/15/1991,0.004,mg/L,PMR,FLAB,SAMP,MON,SA,G,NOX,,N,A,0,,,FIU,0,25.1504805,-80.8092194,,,,FIU,
FLAB14,FIU14953,18,NITRATE+NITRITE-N,12/15/1991,0.012,mg/L,PMR,FLAB,SAMP,MON,SA,G,NOX,,N,A,0,,,FIU,0,25.1504805,-80.8092194,,,,FIU,
FLAB14,FIU14954,18,NITRATE+NITRITE-N,1/15/1992,0.003,mg/L,PMR,FLAB,SAMP,MON,SA,G,NOX,,N,A,0,,,FIU,0,25.1504805,-80.8092194,,,,FIU,
FLAB14,FIU14956,18,NITRATE+NITRITE-N,2/15/1992,0.005,mg/L,PMR,FLAB,SAMP,MON,SA,G,NOX,,N,A,0,,,FIU,0,25.1504805,-80.8092194,,,,FIU,
FLAB14,FIU14959,18,NITRATE+NITRITE-N,3/15/1992,0.002,mg/L,PMR,FLAB,SAMP,MON,SA,G,NOX,,N,A,0,,,FIU,0,25.1504805,-80.8092194,,,,FIU,
FLAB14,FIU14960,18,NITRATE+NITRITE-N,4/15/1992,0.001,mg/L,PMR,FLAB,SAMP,MON,SA,G,NOX,,N,A,0,,,FIU,0,25.1504805,-80.8092194,,,,FIU,
FLAB14,FIU14962,18,NITRATE+NITRITE-N,5/15/1992,0.002,mg/L,PMR,FLAB,SAMP,MON,SA,G,NOX,,N,A,0,,,FIU,0,25.1504805,-80.8092194,,,,FIU,
FLAB14,FIU14964,18,NITRATE+NITRITE-N,6/15/1992,0.003,mg/L,PMR,FLAB,SAMP,MON,SA,G,NOX,,N,A,0,,,FIU,0,25.1504805,-80.8092194,,,,FIU,
FLAB14,FIU14966,18,NITRATE+NITRITE-N,7/15/1992,0.001,mg/L,PMR,FLAB,SAMP,MON,SA,G,NOX,,N,A,0,,,FIU,0,25.1504805,-80.8092194,,,,FIU,
FLAB14,FIU14968,18,NITRATE+NITRITE-N,8/15/1992,0.003,mg/L,PMR,FLAB,SAMP,MON,SA,G,NOX,,N,A,0,,,FIU,0,25.1504805,-80.8092194,,,,FIU,
FLAB14,FIU14971,18,NITRATE+NITRITE-N,9/15/1992,0.009,mg/L,PMR,FLAB,SAMP,MON,SA,G,NOX,,N,A,0,,,FIU,0,25.1504805,-80.8092194,,,,FIU,
FLAB14,FIU14973,18,NITRATE+NITRITE-N,10/15/1992,0.003,mg/L,PMR,FLAB,SAMP,MON,SA,G,NOX,,N,A,0,,,FIU,0,25.1504805,-80.8092194,,,,FIU,
FLAB14,FIU14975,18,NITRATE+NITRITE-N,11/15/1992,0.004,mg/L,PMR,FLAB,SAMP,MON,SA,G,NOX,,N,A,0,,,FIU,0,25.1504805,-80.8092194,,,,FIU,
FLAB14,FIU14977,18,NITRATE+NITRITE-N,12/15/1992,0.003,mg/L,PMR,FLAB,SAMP,MON,SA,G,NOX,,N,A,0,,,FIU,0,25.1504805,-80.8092194,,,,FIU,
FLAB14,FIU14978,18,NITRATE+NITRITE-N,1/21/1993,0.004,mg/L,PMR,FLAB,SAMP,MON,SA,G,NOX,,N,A,0,,,FIU,0,25.1504805,-80.8092194,,,,FIU,
FLAB14,FIU14979,18,NITRATE+NITRITE-N,2/10/1993,0.006,mg/L,PMR,FLAB,SAMP,MON,SA,G,NOX,,N,A,0,,,FIU,0,25.1504805,-80.8092194,,,,FIU,
FLAB14,FIU14980,18,NITRATE+NITRITE-N,3/10/1993,0.004,mg/L,PMR,FLAB,SAMP,MON,SA,G,NOX,,N,A,0,,,FIU,0,25.1504805,-80.8092194,,,,FIU,
FLAB14,FIU14981,18,NITRATE+NITRITE-N,4/7/1993,0.003,mg/L,PMR,FLAB,SAMP,MON,SA,G,NOX,,N,A,0,,,FIU,0,25.1504805,-80.8092194,,,,FIU,
FLAB14,FIU14982,18,NITRATE+NITRITE-N,5/12/1993,0.002,mg/L,PMR,FLAB,SAMP,MON,SA,G,NOX,,N,A,0,,,FIU,0,25.1504805,-80.8092194,,,,FIU,
FLAB14,FIU14983,18,NITRATE+NITRITE-N,6/3/1993,0.003,mg/L,PMR,FLAB,SAMP,MON,SA,G,NOX,,N,A,0,,,FIU,0,25.1504805,-80.8092194,,,,FIU,
FLAB14,FIU14984,18,NITRATE+NITRITE-N,7/7/1993,0.002,mg/L,PMR,FLAB,SAMP,MON,SA,G,NOX,,N,A,0,,,FIU,0,25.1504805,-80.8092194,,,,FIU,
FLAB14,FIU14985,18,NITRATE+NITRITE-N,8/4/1993,0.001,mg/L,PMR,FLAB,SAMP,MON,SA,G,NOX,,N,A,0,,,FIU,0,25.1504805,-80.8092194,,,,FIU,
FLAB14,FIU14986,18,NITRATE+NITRITE-N,9/9/1993,0.003,mg/L,PMR,FLAB,SAMP,MON,SA,G,NOX,,N,A,0,,,FIU,0,25.1504805,-80.8092194,,,,FIU,
FLAB14,FIU14987,18,NITRATE+NITRITE-N,10/6/1993,0.005,mg/L,PMR,FLAB,SAMP,MON,SA,G,NOX,,N,A,0,,,FIU,0,25.1504805,-80.8092194,,,,FIU,
FLAB14,FIU14988,18,NITRATE+NITRITE-N,11/3/1993,0.006,mg/L,PMR,FLAB,SAMP,MON,SA,G,NOX,,N,A,0,,,FIU,0,25.1504805,-80.8092194,,,,FIU,
FLAB14,FIU14989,18,NITRATE+NITRITE-N,12/2/1993,0.008,mg/L,PMR,FLAB,SAMP,MON,SA,G,NOX,,N,A,0,,,FIU,0,25.1504805,-80.8092194,,,,FIU,
FLAB14,FIU14990,18,NITRATE+NITRITE-N,1/11/1994,0.01,mg/L,PMR,FLAB,SAMP,MON,SA,G,NOX,,N,A,0,,,FIU,0,25.1504805,-80.8092194,,,,FIU,
FLAB14,FIU14991,18,NITRATE+NITRITE-N,2/2/1994,0.003,mg/L,PMR,FLAB,SAMP,MON,SA,G,NOX,,N,A,0,,,FIU,0,25.1504805,-80.8092194,,,,FIU,
FLAB14,FIU14992,18,NITRATE+NITRITE-N,3/8/1994,0.013,mg/L,PMR,FLAB,SAMP,MON,SA,G,NOX,,N,A,0,,,FIU,0,25.1504805,-80.8092194,,,,FIU,
FLAB14,FIU14993,18,NITRATE+NITRITE-N,4/6/1994,0.003,mg/L,A,FLAB,SAMP,MON,SA,G,NOX,,N,A,0,,,FIU,0,25.1504805,-80.8092194,,,,FIU,
FLAB14,FIU14995,18,NITRATE+NITRITE-N,5/4/1994,0.0049,mg/L,A,FLAB,SAMP,MON,SA,G,NOX,,N,A,0,,,FIU,0,25.1504805,-80.8092194,,,,FIU,
FLAB14,FIU14997,18,NITRATE+NITRITE-N,6/8/1994,0.0023,mg/L,A,FLAB,SAMP,MON,SA,G,NOX,,N,A,0,,,FIU,0,25.1504805,-80.8092194,,,,FIU,
FLAB14,FIU14999,18,NITRATE+NITRITE-N,7/7/1994,0.0053,mg/L,A,FLAB,SAMP,MON,SA,G,NOX,,N,A,0,,,FIU,0,25.1504805,-80.8092194,,,,FIU,
FLAB14,FIU15001,18,NITRATE+NITRITE-N,8/4/1994,0.0021,mg/L,A,FLAB,SAMP,MON,SA,G,NOX,,N,A,0,,,FIU,0,25.1504805,-80.8092194,,,,FIU,
FLAB14,FIU15003,18,NITRATE+NITRITE-N,9/14/1994,0.0064,mg/L,A,FLAB,SAMP,MON,SA,G,NOX,,N,A,0,,,FIU,0,25.1504805,-80.8092194,,,,FIU,
FLAB14,FIU15005,18,NITRATE+NITRITE-N,10/5/1994,0.0083,mg/L,A,FLAB,SAMP,MON,SA,G,NOX,,N,A,0,,,FIU,0,25.1504805,-80.8092194,,,,FIU,
FLAB14,FIU15007,18,NITRATE+NITRITE-N,11/2/1994,0.0069,mg/L,A,FLAB,SAMP,MON,SA,G,NOX,,N,A,0,,,FIU,0,25.1504805,-80.8092194,,,,FIU,
FLAB14,FIU15009,18,NITRATE+NITRITE-N,11/22/1994,0.0019,mg/L,A,FLAB,SAMP,MON,SA,G,NOX,,N,A,0,,,FIU,0,25.1504805,-80.8092194,,,,FIU,
FLAB14,FIU15011,18,NITRATE+NITRITE-N,12/1/1994,0.0151,mg/L,A,FLAB,SAMP,MON,SA,G,NOX,,N,A,0,,,FIU,0,25.1504805,-80.8092194,,,,FIU,
FLAB14,FIU15013,18,NITRATE+NITRITE-N,1/5/1995,0.0059,mg/L,PMR,FLAB,SAMP,MON,SA,G,NOX,,N,A,0,,,FIU,0,25.1504805,-80.8092194,,,,FIU,
FLAB14,FIU15015,18,NITRATE+NITRITE-N,2/2/1995,0.0051,mg/L,PMR,FLAB,SAMP,MON,SA,G,NOX,,N,A,0,,,FIU,0,25.1504805,-80.8092194,,,,FIU,
FLAB14,FIU15017,18,NITRATE+NITRITE-N,3/1/1995,0.0049,mg/L,PMR,FLAB,SAMP,MON,SA,G,NOX,,N,A,0,,,FIU,0,25.1504805,-80.8092194,,,,FIU,
FLAB14,FIU15019,18,NITRATE+NITRITE-N,4/19/1995,0.0098,mg/L,PMR,FLAB,SAMP,MON,SA,G,NOX,,N,A,0,,,FIU,0,25.1504805,-80.8092194,,,,FIU,
FLAB14,FIU15021,18,NITRATE+NITRITE-N,5/24/1995,0.0068,mg/L,PMR,FLAB,SAMP,MON,SA,G,NOX,,N,A,0,,,FIU,0,25.1504805,-80.8092194,,,,FIU,
FLAB14,FIU15023,18,NITRATE+NITRITE-N,6/21/1995,0.0024,mg/L,PMR,FLAB,SAMP,MON,SA,G,NOX,,N,A,0,,,FIU,0,25.1504805,-80.8092194,,,,FIU,
FLAB14,FIU15025,18,NITRATE+NITRITE-N,7/12/1995,0.0049,mg/L,PMR,FLAB,SAMP,MON,SA,G,NOX,,N,A,0,,,FIU,0,25.1504805,-80.8092194,,,,FIU,
FLAB14,FIU15027,18,NITRATE+NITRITE-N,8/11/1995,0.0034,mg/L,PMR,FLAB,SAMP,MON,SA,G,NOX,,N,A,0,,,FIU,0,25.1504805,-80.8092194,,,,FIU,
FLAB14,FIU15029,18,NITRATE+NITRITE-N,9/6/1995,0.0058,mg/L,PMR,FLAB,SAMP,MON,SA,G,NOX,,N,A,0,,,FIU,0,25.1504805,-80.8092194,,,,FIU,
FLAB14,FIU15031,18,NITRATE+NITRITE-N,10/22/1995,0.0168,mg/L,PMR,FLAB,SAMP,MON,SA,G,NOX,,N,A,0,,,FIU,0,25.1504805,-80.8092194,,,,FIU,
FLAB14,FIU15033,18,NITRATE+NITRITE-N,11/17/1995,0.0036,mg/L,Q,FLAB,SAMP,MON,SA,G,NOX,,N,A,0,,,FIU,0,25.1504805,-80.8092194,,,,FIU,
FLAB14,FIU15035,18,NITRATE+NITRITE-N,12/14/1995,0.0104,mg/L,Q,FLAB,SAMP,MON,SA,G,NOX,,N,A,0,,,FIU,0,25.1504805,-80.8092194,,,,FIU,
FLAB14,FIU15037,18,NITRATE+NITRITE-N,1/23/1996,0.0198,mg/L,PMR,FLAB,SAMP,MON,SA,G,NOX,,N,A,0,,,FIU,0,25.1504805,-80.8092194,,,,FIU,
FLAB14,FIU15039,18,NITRATE+NITRITE-N,2/12/1996,0.003,mg/L,PMR,FLAB,SAMP,MON,SA,G,NOX,,N,A,0,,,FIU,0,25.1504805,-80.8092194,,,,FIU,
FLAB14,FIU15041,18,NITRATE+NITRITE-N,3/22/1996,0.0033,mg/L,PMR,FLAB,SAMP,MON,SA,G,NOX,,N,A,0,,,FIU,0,25.1504805,-80.8092194,,,,FIU,
FLAB14,FIU15043,18,NITRATE+NITRITE-N,4/25/1996,0.0446,mg/L,PMR,FLAB,SAMP,MON,SA,G,NOX,,N,A,0,,,FIU,0,25.1504805,-80.8092194,,,,FIU,
FLAB14,FIU15045,18,NITRATE+NITRITE-N,5/10/1996,0.0357,mg/L,PMR,FLAB,SAMP,MON,SA,G,NOX,,N,A,0,,,FIU,0,25.1504805,-80.8092194,,,,FIU,
FLAB14,FIU15047,18,NITRATE+NITRITE-N,6/6/1996,0.0055,mg/L,PMR,FLAB,SAMP,MON,SA,G,NOX,,N,A,0,,,FIU,0,25.1504805,-80.8092194,,,,FIU,
FLAB14,FIU15049,18,NITRATE+NITRITE-N,7/4/1996,0.0085,mg/L,PMR,FLAB,SAMP,MON,SA,G,NOX,,N,A,0.1,,,FIU,0,25.1504805,-80.8092194,,,,FIU,
FLAB14,FIU15051,18,NITRATE+NITRITE-N,8/22/1996,0.0056,mg/L,PMR,FLAB,SAMP,MON,SA,G,NOX,,N,A,0.1,,,FIU,0,25.1504805,-80.8092194,,,,FIU,
FLAB14,FIU15053,18,NITRATE+NITRITE-N,9/14/1996,0.0079,mg/L,PMR,FLAB,SAMP,MON,SA,G,NOX,,N,A,0.1,,,FIU,0,25.1504805,-80.8092194,,,,FIU,
FLAB14,FIU15055,18,NITRATE+NITRITE-N,10/15/1996,0.0124,mg/L,PMR,FLAB,SAMP,MON,SA,G,NOX,,N,A,0.1,,,FIU,0,25.1504805,-80.8092194,,,,FIU,
FLAB14,FIU15057,18,NITRATE+NITRITE-N,11/7/1996,0.0244,mg/L,PMR,FLAB,SAMP,MON,SA,G,NOX,,N,A,0.1,,,FIU,0,25.1504805,-80.8092194,,,,FIU,
FLAB14,FIU15059,18,NITRATE+NITRITE-N,12/6/1996,0.0452,mg/L,Q,FLAB,SAMP,MON,SA,G,NOX,,N,A,0.1,,,FIU,0,25.1504805,-80.8092194,,,,FIU,
FLAB14,FIU15061,18,NITRATE+NITRITE-N,1/8/1997,0.0015,mg/L,PMR,FLAB,SAMP,MON,SA,G,NOX,,N,A,0.1,,,FIU,0,25.1504805,-80.8092194,,,,FIU,
FLAB14,FIU15063,18,NITRATE+NITRITE-N,2/15/1997,0.0264,mg/L,PMR,FLAB,SAMP,MON,SA,G,NOX,,N,A,0.1,,,FIU,0,25.1504805,-80.8092194,,,,FIU,
FLAB14,FIU15065,18,NITRATE+NITRITE-N,3/12/1997,0.0319,mg/L,PMR,FLAB,SAMP,MON,SA,G,NOX,,N,A,0.1,,,FIU,0,25.1504805,-80.8092194,,,,FIU,
FLAB14,FIU15067,18,NITRATE+NITRITE-N,4/16/1997,0.0354,mg/L,PMR,FLAB,SAMP,MON,SA,G,NOX,,N,A,0.1,,,FIU,0,25.1504805,-80.8092194,,,,FIU,
FLAB14,FIU15069,18,NITRATE+NITRITE-N,5/22/1997,0.0081,mg/L,PMR,FLAB,SAMP,MON,SA,G,NOX,,N,A,0.1,,,FIU,0,25.1504805,-80.8092194,,,,FIU,
FLAB14,FIU15071,18,NITRATE+NITRITE-N,6/12/1997,0.0179,mg/L,PMR,FLAB,SAMP,MON,SA,G,NOX,,N,A,0.1,,,FIU,0,25.1504805,-80.8092194,,,,FIU,
FLAB14,FIU15073,18,NITRATE+NITRITE-N,7/10/1997,0.0116,mg/L,PMR,FLAB,SAMP,MON,SA,G,NOX,,N,A,0.1,,,FIU,0,25.1504805,-80.8092194,,,,FIU,
FLAB14,FIU15074,18,NITRATE+NITRITE-N,8/20/1997,0.0127,mg/L,PMR,FLAB,SAMP,MON,SA,G,NOX,,N,A,0.1,,,FIU,0,25.1504805,-80.8092194,,,,FIU,
FLAB14,FIU15076,18,NITRATE+NITRITE-N,9/10/1997,0.011,mg/L,PMR,FLAB,SAMP,MON,SA,G,NOX,,N,A,0.1,,,FIU,0,25.1504805,-80.8092194,,,,FIU,
FLAB14,FIU15078,18,NITRATE+NITRITE-N,10/21/1997,0.0072,mg/L,PMR,FLAB,SAMP,MON,SA,G,NOX,,N,A,0.1,,,FIU,0,25.1504805,-80.8092194,,,,FIU,
FLAB14,FIU15080,18,NITRATE+NITRITE-N,11/25/1997,0.0055,mg/L,PMR,FLAB,SAMP,MON,SA,G,NOX,,N,A,0.1,,,FIU,0,25.1504805,-80.8092194,,,,FIU,
FLAB14,FIU15082,18,NITRATE+NITRITE-N,12/12/1997,0.0156,mg/L,PMR,FLAB,SAMP,MON,SA,G,NOX,,N,A,0.1,,,FIU,0,25.1504805,-80.8092194,,,,FIU,
FLAB14,FIU15084,18,NITRATE+NITRITE-N,1/21/1998,0.0169,mg/L,PMR,FLAB,SAMP,MON,SA,G,NOX,,N,A,0.1,,,FIU,0,25.1504805,-80.8092194,,,,FIU,
FLAB14,FIU15086,18,NITRATE+NITRITE-N,2/18/1998,0.029,mg/L,PMR,FLAB,SAMP,MON,SA,G,NOX,,N,A,0.1,,,FIU,0,25.1504805,-80.8092194,,,,FIU,
FLAB14,FIU15088,18,NITRATE+NITRITE-N,3/20/1998,0.0811,mg/L,PMR,FLAB,SAMP,MON,SA,G,NOX,,N,A,0.1,,,FIU,0,25.1504805,-80.8092194,,,,FIU,
FLAB14,FIU15090,18,NITRATE+NITRITE-N,4/15/1998,0.1016,mg/L,PMR,FLAB,SAMP,MON,SA,G,NOX,,N,A,0.1,,,FIU,0,25.1504805,-80.8092194,,,,FIU,
FLAB14,FIU15092,18,NITRATE+NITRITE-N,5/14/1998,0.0042,mg/L,PMR,FLAB,SAMP,MON,SA,G,NOX,,N,A,0.1,,,FIU,0,25.1504805,-80.8092194,,,,FIU,
FLAB14,FIU15094,18,NITRATE+NITRITE-N,6/10/1998,0.004,mg/L,PMR,FLAB,SAMP,MON,SA,G,NOX,,N,A,0.1,,,FIU,0,25.1504805,-80.8092194,,,,FIU,
FLAB14,FIU15096,18,NITRATE+NITRITE-N,7/14/1998,0.0016,mg/L,PMR,FLAB,SAMP,MON,SA,G,NOX,,N,A,0.1,,,FIU,0,25.1504805,-80.8092194,,,,FIU,
FLAB14,FIU15098,18,NITRATE+NITRITE-N,8/19/1998,0.0005,mg/L,T,FLAB,SAMP,MON,SA,G,NOX,,N,A,0.1,,,FIU,0,25.1504805,-80.8092194,,,,FIU,
FLAB14,FIU15100,18,NITRATE+NITRITE-N,9/17/1998,0.0007,mg/L,T,FLAB,SAMP,MON,SA,G,NOX,,N,A,0.1,,,FIU,0,25.1504805,-80.8092194,,,,FIU,
FLAB14,FIU15102,18,NITRATE+NITRITE-N,9/30/1998,0.0103,mg/L,PMR,FLAB,SAMP,MON,SA,G,NOX,,N,A,0.1,,,FIU,0,25.1504805,-80.8092194,,,,FIU,
FLAB14,FIU15104,18,NITRATE+NITRITE-N,11/3/1998,0.0005,mg/L,T,FLAB,SAMP,MON,SA,G,NOX,,N,A,0.1,,,FIU,0,25.1504805,-80.8092194,,,,FIU,
FLAB14,FIU15106,18,NITRATE+NITRITE-N,12/1/1998,0.0098,mg/L,PMR,FLAB,SAMP,MON,SA,G,NOX,,N,A,0.1,,,FIU,0,25.1504805,-80.8092194,,,,FIU,
FLAB14,FIU15108,18,NITRATE+NITRITE-N,1/14/1999,0.0022,mg/L,PMR,FLAB,SAMP,MON,SA,G,NOX,,N,A,0.1,,,FIU,0,25.1504805,-80.8092194,,,,FIU,
FLAB14,FIU15110,18,NITRATE+NITRITE-N,2/10/1999,0.0039,mg/L,PMR,FLAB,SAMP,MON,SA,G,NOX,,N,A,0.1,,,FIU,0,25.1504805,-80.8092194,,,,FIU,
FLAB14,FIU15112,18,NITRATE+NITRITE-N,3/23/1999,0.008,mg/L,PMR,FLAB,SAMP,MON,SA,G,NOX,,N,A,0.1,,,FIU,0,25.1504805,-80.8092194,,,,FIU,
FLAB14,FIU15114,18,NITRATE+NITRITE-N,4/29/1999,0.0057,mg/L,PMR,FLAB,SAMP,MON,SA,G,NOX,,N,A,0.1,,,FIU,0,25.1504805,-80.8092194,,,,FIU,
FLAB14,FIU15116,18,NITRATE+NITRITE-N,5/28/1999,0.0124,mg/L,PMR,FLAB,SAMP,MON,SA,G,NOX,,N,A,0.1,,,FIU,0,25.1504805,-80.8092194,,,,FIU,
FLAB14,FIU15118,18,NITRATE+NITRITE-N,6/17/1999,0.0083,mg/L,PMR,FLAB,SAMP,MON,SA,G,NOX,,N,A,0.1,,,FIU,0,25.1504805,-80.8092194,,,,FIU,
FLAB14,FIU15120,18,NITRATE+NITRITE-N,7/6/1999,0.0089,mg/L,PMR,FLAB,SAMP,MON,SA,G,NOX,0.001,N,A,0.1,,,FIU,0,25.1504805,-80.8092194,,,,FIU,
FLAB14,FIU15122,18,NITRATE+NITRITE-N,8/24/1999,0.0014,mg/L,PMR,FLAB,SAMP,MON,SA,G,NOX,0.001,N,A,0.1,,,FIU,0,25.1504805,-80.8092194,,,,FIU,
FLAB14,FIU15124,18,NITRATE+NITRITE-N,9/23/1999,0.0017,mg/L,PMR,FLAB,SAMP,MON,SA,G,NOX,0.00098,N,A,0.1,,,FIU,0,25.1504805,-80.8092194,,,,FIU,
FLAB14,FIU15126,18,NITRATE+NITRITE-N,10/26/1999,0.0149,mg/L,PMR,FLAB,SAMP,MON,SA,G,NOX,0.00098,N,A,0.1,,,FIU,0,25.1504805,-80.8092194,,,,FIU,
FLAB14,FIU15128,18,NITRATE+NITRITE-N,11/12/1999,0.0284,mg/L,PMR,FLAB,SAMP,MON,SA,G,NOX,0.00098,N,A,0.1,,,FIU,0,25.1504805,-80.8092194,,,,FIU,
FLAB14,FIU15130,18,NITRATE+NITRITE-N,12/3/1999,0.0024,mg/L,PMR,FLAB,SAMP,MON,SA,G,NOX,0.00098,N,A,0.1,,,FIU,0,25.1504805,-80.8092194,,,,FIU,
FLAB14,FIU15132,18,NITRATE+NITRITE-N,1/25/2000,0.0053,mg/L,PMR,FLAB,SAMP,MON,SA,G,NOX,0.00098,N,A,0.1,,,FIU,0,25.1504805,-80.8092194,,,,FIU,
FLAB14,FIU15134,18,NITRATE+NITRITE-N,2/28/2000,0.0096,mg/L,PMR,FLAB,SAMP,MON,SA,G,NOX,0.00098,N,A,0.1,,,FIU,0,25.1504805,-80.8092194,,,,FIU,
FLAB14,FIU15136,18,NITRATE+NITRITE-N,3/21/2000,0.0087,mg/L,PMR,FLAB,SAMP,MON,SA,G,NOX,0.00098,N,A,0.1,,,FIU,0,25.1504805,-80.8092194,,,,FIU,
FLAB14,FIU15138,18,NITRATE+NITRITE-N,4/13/2000,0.0011,mg/L,PMR,FLAB,SAMP,MON,SA,G,NOX,0.00098,N,A,0.1,,,FIU,0,25.1504805,-80.8092194,,,,FIU,
FLAB14,FIU15140,18,NITRATE+NITRITE-N,5/30/2000,0.0018,mg/L,PMR,FLAB,SAMP,MON,SA,G,NOX,0.00098,N,A,0.1,,,FIU,0,25.1504805,-80.8092194,,,,FIU,
FLAB14,FIU15142,18,NITRATE+NITRITE-N,6/20/2000,0.007,mg/L,PMR,FLAB,SAMP,MON,SA,G,NOX,0.00098,N,A,0.1,,,FIU,0,25.1504805,-80.8092194,,,,FIU,
FLAB14,FIU15144,18,NITRATE+NITRITE-N,7/20/2000,0.0205,mg/L,PMR,FLAB,SAMP,MON,SA,G,NOX,0.001,N,A,0.1,,,FIU,0,25.1504805,-80.8092194,,,,FIU,
FLAB14,FIU15146,18,NITRATE+NITRITE-N,8/29/2000,0.0015,mg/L,PMR,FLAB,SAMP,MON,SA,G,NOX,0.001,N,A,0.1,,,FIU,0,25.1504805,-80.8092194,,,,FIU,
FLAB14,FIU15148,18,NITRATE+NITRITE-N,9/29/2000,0.0056,mg/L,PMR,FLAB,SAMP,MON,SA,G,NOX,0.001,N,A,0.1,,,FIU,0,25.1504805,-80.8092194,,,,FIU,
FLAB14,FIU15150,18,NITRATE+NITRITE-N,10/26/2000,0.0035,mg/L,PMR,FLAB,SAMP,MON,SA,G,NOX,0.001,N,A,0.1,,,FIU,0,25.1504805,-80.8092194,,,,FIU,
FLAB14,FIU15152,18,NITRATE+NITRITE-N,11/30/2000,0.0014,mg/L,PMR,FLAB,SAMP,MON,SA,G,NOX,0.001,N,A,0.1,,,FIU,0,25.1504805,-80.8092194,,,,FIU,
FLAB14,FIU15154,18,NITRATE+NITRITE-N,12/11/2000,0.0023,mg/L,PMR,FLAB,SAMP,MON,SA,G,NOX,0.001,N,A,0.1,,,FIU,0,25.1504805,-80.8092194,,,,FIU,
FLAB14,FIU15156,18,NITRATE+NITRITE-N,1/25/2001,0.0031,mg/L,PMR,FLAB,SAMP,MON,SA,G,NOX,0.0021,N,A,0.1,,,FIU,0,25.1504805,-80.8092194,,,,FIU,
FLAB14,FIU15158,18,NITRATE+NITRITE-N,2/21/2001,0.0113,mg/L,PMR,FLAB,SAMP,MON,SA,G,NOX,0.0021,N,A,0.1,,,FIU,0,25.1504805,-80.8092194,,,,FIU,
FLAB14,FIU15160,18,NITRATE+NITRITE-N,3/6/2001,0.006,mg/L,PMR,FLAB,SAMP,MON,SA,G,NOX,0.0021,N,A,0.1,,,FIU,0,25.1504805,-80.8092194,,,,FIU,
FLAB14,FIU15162,18,NITRATE+NITRITE-N,4/3/2001,0.0031,mg/L,PMR,FLAB,SAMP,MON,SA,G,NOX,0.0021,N,A,0.1,,,FIU,0,25.1504805,-80.8092194,,,,FIU,
FLAB14,FIU15164,18,NITRATE+NITRITE-N,5/2/2001,0.0058,mg/L,PMR,FLAB,SAMP,MON,SA,G,NOX,0.0021,N,A,0.1,,,FIU,0,25.1504805,-80.8092194,,,,FIU,
FLAB14,FIU110784,18,NITRATE+NITRITE-N,6/5/2001,0.002,mg/L,T,FLAB,SAMP,MON,SA,G,NOX,0.0021,N,A,0.1,,,FIU,0,25.1504805,-80.8092194,,,,FIU,
FLAB14,FIU15166,18,NITRATE+NITRITE-N,7/12/2001,0.0021,mg/L,T,FLAB,SAMP,MON,SA,G,NOX,0.0021,Y,A,0.1,,,FIU,0,25.1504805,-80.8092194,,,,FIU,
FLAB14,FIU15168,18,NITRATE+NITRITE-N,8/14/2001,0.0038,mg/L,PMR,FLAB,SAMP,MON,SA,G,NOX,0.0021,N,A,0.1,,,FIU,0,25.1504805,-80.8092194,,,,FIU,
FLAB14,FIU15170,18,NITRATE+NITRITE-N,9/5/2001,0.003,mg/L,PMR,FLAB,SAMP,MON,SA,G,NOX,0.0021,N,A,0.1,,,FIU,0,25.1504805,-80.8092194,,,,FIU,
FLAB14,FIU110486,18,NITRATE+NITRITE-N,10/23/2001,0.0055,mg/L,PMR,FLAB,SAMP,MON,SA,G,NOX,0.0021,N,A,0.1,,,FIU,0,25.1504805,-80.8092194,,,,FIU,
FLAB14,FIU110488,18,NITRATE+NITRITE-N,11/8/2001,0.0086,mg/L,PMR,FLAB,SAMP,MON,SA,G,NOX,0.0021,N,A,0.1,,,FIU,0,25.1504805,-80.8092194,,,,FIU,
FLAB14,FIU110490,18,NITRATE+NITRITE-N,12/3/2001,0.0021,mg/L,T,FLAB,SAMP,MON,SA,G,NOX,0.0021,Y,A,0.1,,,FIU,0,25.1504805,-80.8092194,,,,FIU,
FLAB14,FIU113118,18,NITRATE+NITRITE-N,1/29/2002,0.0021,mg/L,T,FLAB,SAMP,MON,SA,G,NOX,0.0021,Y,A,0.1,,,FIU,0,25.1504805,-80.8092194,,,,FIU,
FLAB14,FIU113120,18,NITRATE+NITRITE-N,2/20/2002,0.0021,mg/L,T,FLAB,SAMP,MON,SA,G,NOX,0.0021,Y,A,0.1,,,FIU,0,25.1504805,-80.8092194,,,,FIU,
FLAB14,FIU113122,18,NITRATE+NITRITE-N,3/19/2002,0.0058,mg/L,,FLAB,SAMP,MON,SA,G,NOX,0.0021,N,A,0.1,,,FIU,0,25.1504805,-80.8092194,,,,FIU,
FLAB14,134014,18,NITRATE+NITRITE-N,4/9/2002,0.0044,mg/L,,FLAB,SAMP,MON,SA,G,NOX,0.0021,N,A,0.1,,,FIU,0,25.1504805,-80.8092194,,,,FIU,
FLAB14,135014,18,NITRATE+NITRITE-N,5/15/2002,0.0032,mg/L,,FLAB,SAMP,MON,SA,G,NOX,0.0013,N,A,0.1,,,FIU,0,25.1504805,-80.8092194,,,,FIU,
FLAB14,136014,18,NITRATE+NITRITE-N,6/4/2002,0.0069,mg/L,,FLAB,SAMP,MON,SA,G,NOX,0.0013,N,A,0.1,,,FIU,0,25.1504805,-80.8092194,,,,FIU,
FLAB14,137014,18,NITRATE+NITRITE-N,7/11/2002,0.0206,mg/L,,FLAB,SAMP,MON,SA,G,NOX,0.0013,N,A,0.1,,,FIU,0,25.1504805,-80.8092194,,,,FIU,
FLAB14,138014,18,NITRATE+NITRITE-N,8/19/2002,0.0121,mg/L,,FLAB,SAMP,MON,SA,G,NOX,0.0013,N,A,0.1,,,FIU,0,25.1504805,-80.8092194,,,,FIU,
FLAB14,139014,18,NITRATE+NITRITE-N,9/17/2002,0.0095,mg/L,,FLAB,SAMP,MON,SA,G,NOX,0.0013,N,A,0.1,,,FIU,0,25.1504805,-80.8092194,,,,FIU,
FLAB14,140014,18,NITRATE+NITRITE-N,10/17/2002,0.0125,mg/L,,FLAB,SAMP,MON,SA,G,NOX,0.0013,N,A,0.1,,,FIU,0,25.1504805,-80.8092194,,,,FIU,
FLAB14,141014,18,NITRATE+NITRITE-N,11/14/2002,0.0133,mg/L,,FLAB,SAMP,MON,SA,G,NOX,0.0013,N,A,0.1,,,FIU,0,25.1504805,-80.8092194,,,,FIU,
FLAB14,142014,18,NITRATE+NITRITE-N,12/11/2002,0.0159,mg/L,,FLAB,SAMP,MON,SA,G,NOX,0.0013,N,A,0.1,,,FIU,0,25.1504805,-80.8092194,,,,FIU,
FLAB14,143014,18,NITRATE+NITRITE-N,1/28/2003,0.0073,mg/L,,FLAB,SAMP,MON,SA,G,NOX,0.0013,N,A,0.1,,,FIU,0,25.1504805,-80.8092194,,,,FIU,
FLAB14,144014,18,NITRATE+NITRITE-N,2/25/2003,0.008,mg/L,,FLAB,SAMP,MON,SA,G,NOX,0.0013,N,A,0.1,,,FIU,0,25.1504805,-80.8092194,,,,FIU,
FLAB14,145014,18,NITRATE+NITRITE-N,3/13/2003,0.0055,mg/L,I,FLAB,SAMP,MON,SA,G,NOX,0.0013,N,A,0.1,,,FIU,0,25.1504805,-80.8092194,,,,FIU,
FLAB14,146014,18,NITRATE+NITRITE-N,4/9/2003,0.0085,mg/L,,FLAB,SAMP,MON,SA,G,NOX,0.0013,N,A,0.1,,,FIU,0,25.1504805,-80.8092194,,,,FIU,
FLAB14,147014,18,NITRATE+NITRITE-N,5/8/2003,0.0172,mg/L,,FLAB,SAMP,MON,SA,G,NOX,0.0013,N,A,0.1,,,FIU,0,25.1504805,-80.8092194,,,,FIU,
FLAB14,148014,18,NITRATE+NITRITE-N,6/10/2003,0.0078,mg/L,,FLAB,SAMP,MON,SA,G,NOX,0.0013,N,A,0.1,,,FIU,0,25.1504805,-80.8092194,,,,FIU,
FLAB14,149014,18,NITRATE+NITRITE-N,7/1/2003,0.009,mg/L,,FLAB,SAMP,MON,SA,G,NOX,0.0013,N,A,0.1,,,FIU,0,25.1504805,-80.8092194,,,,FIU,
FLAB14,150014,18,NITRATE+NITRITE-N,8/25/2003,0.0013,mg/L,U,FLAB,SAMP,MON,SA,G,NOX,0.0013,Y,A,0.1,,,FIU,0,25.1504805,-80.8092194,,,,FIU,
FLAB14,151014,18,NITRATE+NITRITE-N,9/9/2003,0.0047,mg/L,I,FLAB,SAMP,MON,SA,G,NOX,0.0013,N,A,0.1,,,FIU,0,25.1504805,-80.8092194,,,,FIU,
FLAB14,152014,18,NITRATE+NITRITE-N,10/15/2003,0.0016,mg/L,I,FLAB,SAMP,MON,SA,G,NOX,0.0013,N,A,0.1,,,FIU,0,25.1504805,-80.8092194,,,,FIU,
FLAB14,153014,18,NITRATE+NITRITE-N,11/7/2003,0.0041,mg/L,I,FLAB,SAMP,MON,SA,G,NOX,0.0013,N,A,0.1,,,FIU,0,25.1504805,-80.8092194,,,,FIU,
FLAB14,154014,18,NITRATE+NITRITE-N,12/3/2003,0.004,mg/L,I,FLAB,SAMP,MON,SA,G,NOX,0.0013,N,A,0.1,,,FIU,0,25.1504805,-80.8092194,,,,FIU,
FLAB14,155014,18,NITRATE+NITRITE-N,1/21/2004,0.0275,mg/L,PMR,FLAB,SAMP,MON,SA,G,NOX,0.0017,N,A,0.1,,,FIU,0,25.1504805,-80.8092194,,,,FIU,
FLAB14,156014,18,NITRATE+NITRITE-N,2/24/2004,0.0365,mg/L,PMR,FLAB,SAMP,MON,SA,G,NOX,0.0017,N,A,0.1,,,FIU,0,25.1504805,-80.8092194,,,,FIU,
FLAB14,157014,18,NITRATE+NITRITE-N,3/23/2004,0.0603,mg/L,PMR,FLAB,SAMP,MON,SA,G,NOX,0.0017,N,A,0.1,,,FIU,0,25.1504805,-80.8092194,,,,FIU,
FLAB14,158014,18,NITRATE+NITRITE-N,4/21/2004,0.0159,mg/L,PMR,FLAB,SAMP,MON,SA,G,NOX,0.0017,N,A,0.1,,,FIU,0,25.1504805,-80.8092194,,,,WMD,
FLAB14,159014,18,NITRATE+NITRITE-N,5/21/2004,0.0062,mg/L,I,FLAB,SAMP,MON,SA,G,NOX,0.0017,N,A,0.1,,,FIU,0,25.1504805,-80.8092194,,,,FIU,
FLAB14,160014,18,NITRATE+NITRITE-N,6/28/2004,0.0097,mg/L,PMR,FLAB,SAMP,MON,SA,G,NOX,0.0017,N,A,0.1,,,FIU,0,25.1504805,-80.8092194,,,,FIU,
FLAB14,161014,18,NITRATE+NITRITE-N,7/27/2004,0.0091,mg/L,PMR,FLAB,SAMP,MON,SA,G,NOX,0.0017,N,A,0.1,,,FIU,0,25.1504805,-80.8092194,,,,FIU,
FLAB14,162014,18,NITRATE+NITRITE-N,8/24/2004,0.0035,mg/L,I,FLAB,SAMP,MON,SA,G,NOX,0.0017,N,A,0.1,,,FIU,0,25.1504805,-80.8092194,,,,FIU,
FLAB14,163014,18,NITRATE+NITRITE-N,9/28/2004,0.0062,mg/L,I,FLAB,SAMP,MON,SA,G,NOX,0.0017,N,A,0.1,,,FIU,0,25.1504805,-80.8092194,,,,FIU,
FLAB14,164014,18,NITRATE+NITRITE-N,10/26/2004,0.0056,mg/L,I,FLAB,SAMP,MON,SA,G,NOX,0.0017,N,A,0.1,,,FIU,0,25.1504805,-80.8092194,,,,FIU,
FLAB14,165014,18,NITRATE+NITRITE-N,11/29/2004,0.0021,mg/L,I,FLAB,SAMP,MON,SA,G,NOX,0.0017,N,A,0.1,,,FIU,0,25.1504805,-80.8092194,,,,FIU,
FLAB14,166014,18,NITRATE+NITRITE-N,12/14/2004,0.0054,mg/L,I,FLAB,SAMP,MON,SA,G,NOX,0.0017,N,A,0.1,,,FIU,0,25.1504805,-80.8092194,,,,FIU,
FLAB14,FB188FB014FA,18,NITRATE+NITRITE-N,10/9/2006,0.01225,mg/L,"I,J5,Y",FLAB,SAMP,MON,SA,G,NOX,0.00238,N,A,0,,,FIU,0,25.1504805,-80.8092194,,,BA,WMD,
FLAB14,FB188FB014FB,18,NITRATE+NITRITE-N,10/9/2006,0.01118,mg/L,"I,J5,Y",FLAB,SAMP,MON,SA,G,NOX,0.00238,N,A,0,,,FIU,0,25.1504805,-80.8092194,,,BA,WMD,
FLAB14,FB189FB014FA,18,NITRATE+NITRITE-N,11/7/2006,0.0039,mg/L,"I,J5,Y",FLAB,SAMP,MON,SA,G,NOX,0.00238,N,A,0,,,FIU,0,25.1504805,-80.8092194,,,BA,WMD,
FLAB14,FB189FB014FB,18,NITRATE+NITRITE-N,11/7/2006,0.00424,mg/L,"I,J5,Y",FLAB,SAMP,MON,SA,G,NOX,0.00238,N,A,0,,,FIU,0,25.1504805,-80.8092194,,,BA,WMD,
FLAB14,FB190FB014FA,18,NITRATE+NITRITE-N,12/3/2006,0.00854,mg/L,"I,J5,Y",FLAB,SAMP,MON,SA,G,NOX,0.00238,N,A,0,,,FIU,0,25.1504805,-80.8092194,,,BA,WMD,
FLAB14,FB190FB014FB,18,NITRATE+NITRITE-N,12/3/2006,0.00938,mg/L,"I,J5,Y",FLAB,SAMP,MON,SA,G,NOX,0.00238,N,A,0,,,FIU,0,25.1504805,-80.8092194,,,BA,WMD,
FLAB14,FB191FB014FA,18,NITRATE+NITRITE-N,1/11/2007,0.00412,mg/L,"I,V,J5,J,Y",FLAB,SAMP,MON,SA,G,NOX,0.00238,N,A,0,,,FIU,0,25.1504805,-80.8092194,,,BA,WMD,
FLAB14,FB191FB014FB,18,NITRATE+NITRITE-N,1/11/2007,0.0049,mg/L,"I,V,J5,J,Y",FLAB,SAMP,MON,SA,G,NOX,0.00238,N,A,0,,,FIU,0,25.1504805,-80.8092194,,,BA,WMD,
FLAB14,FB192FB014FA,18,NITRATE+NITRITE-N,2/7/2007,0.0047,mg/L,"I,J5,J,Y",FLAB,SAMP,MON,SA,G,NOX,0.00238,N,A,0,,,FIU,0,25.1504805,-80.8092194,,,BA,WMD,
FLAB14,FB192FB014FB,18,NITRATE+NITRITE-N,2/7/2007,0.00547,mg/L,"I,J5,J,Y",FLAB,SAMP,MON,SA,G,NOX,0.00238,N,A,0,,,FIU,0,25.1504805,-80.8092194,,,BA,WMD,
FLAB14,FB193FB014FA,18,NITRATE+NITRITE-N,3/12/2007,0.00496,mg/L,"I,J5,Y",FLAB,SAMP,MON,SA,G,NOX,0.00238,N,A,0,,,FIU,0,25.1504805,-80.8092194,,,BA,WMD,
FLAB14,FB193FB014FB,18,NITRATE+NITRITE-N,3/12/2007,0.00238,mg/L,"U,J5,Y",FLAB,SAMP,MON,SA,G,NOX,0.00238,Y,A,0,,,FIU,0,25.1504805,-80.8092194,,,BA,WMD,
FLAB14,FB194FB014FB,18,NITRATE+NITRITE-N,4/3/2007,0.0034,mg/L,"I,J5,Y",FLAB,SAMP,MON,SA,G,NOX,0.00238,N,A,0,,,FIU,0,25.1504805,-80.8092194,,,BA,WMD,
FLAB14,FB194FB014FA,18,NITRATE+NITRITE-N,4/3/2007,0.00238,mg/L,"U,J5,Y",FLAB,SAMP,MON,SA,G,NOX,0.00238,Y,A,0,,,FIU,0,25.1504805,-80.8092194,,,BA,WMD,
FLAB14,FB195FB014FB,18,NITRATE+NITRITE-N,5/1/2007,0.00549,mg/L,"I,J5,Y",FLAB,SAMP,MON,SA,G,NOX,0.00238,N,A,0,,,FIU,0,25.1504805,-80.8092194,,,BA,WMD,
FLAB14,FB195FB014FA,18,NITRATE+NITRITE-N,5/1/2007,0.00484,mg/L,"I,J5,Y",FLAB,SAMP,MON,SA,G,NOX,0.00238,N,A,0,,,FIU,0,25.1504805,-80.8092194,,,BA,WMD,
FLAB14,FB196FB014FA,18,NITRATE+NITRITE-N,6/6/2007,0.00238,mg/L,"U,J5,Y",FLAB,SAMP,MON,SA,G,NOX,0.00238,Y,A,0,,,FIU,0,25.1504805,-80.8092194,,,BA,WMD,
FLAB14,FB196FB014FB,18,NITRATE+NITRITE-N,6/6/2007,0.0038,mg/L,"I,V,J5,J,Y",FLAB,SAMP,MON,SA,G,NOX,0.00238,N,A,0,,,FIU,0,25.1504805,-80.8092194,,,BA,WMD,
FLAB14,FB197FB014FB,18,NITRATE+NITRITE-N,7/3/2007,0.00238,mg/L,"A,U,Y",FLAB,SAMP,MON,SA,G,NOX,0.00238,Y,A,0,,,FIU,0,25.1504805,-80.8092194,,,BA,WMD,
FLAB14,FB197FB014FA,18,NITRATE+NITRITE-N,7/3/2007,0.00238,mg/L,"A,U,Y",FLAB,SAMP,MON,SA,G,NOX,0.00238,Y,A,0,,,FIU,0,25.1504805,-80.8092194,,,BA,WMD,
FLAB14,FB198FB014FA,18,NITRATE+NITRITE-N,8/7/2007,0.00245,mg/L,"A,I,Y",FLAB,SAMP,MON,SA,G,NOX,0.00238,N,A,0,,,FIU,0,25.1504805,-80.8092194,,,BA,WMD,
FLAB14,FB198FB014FB,18,NITRATE+NITRITE-N,8/7/2007,0.00238,mg/L,"A,U,Y",FLAB,SAMP,MON,SA,G,NOX,0.00238,Y,A,0,,,FIU,0,25.1504805,-80.8092194,,,BA,WMD,
FLAB14,FB199FB014FA,18,NITRATE+NITRITE-N,9/5/2007,0.01,mg/L,"A,I,Y",FLAB,SAMP,MON,SA,G,NOX,0.00238,N,A,0,,,FIU,0,25.1504805,-80.8092194,,,BA,WMD,
FLAB14,FB199FB014FB,18,NITRATE+NITRITE-N,9/5/2007,0.01,mg/L,"A,Y",FLAB,SAMP,MON,SA,G,NOX,0.00238,N,A,0,,,FIU,0,25.1504805,-80.8092194,,,BA,WMD,
FLAB14,FB200FB014,18,NITRATE+NITRITE-N,10/4/2007,0.00442,mg/L,"A,I,J5,Y",FLAB,SAMP,MON,SA,G,NOX,0.00238,N,A,0,,,FIU,0,25.1504805,-80.8092194,,,BA,WMD,
FLAB14,FB201FB014,18,NITRATE+NITRITE-N,11/7/2007,0.01437,mg/L,"A,J5,Y",FLAB,SAMP,MON,SA,G,NOX,0.00238,N,A,0,,,FIU,0,25.1504805,-80.8092194,,,BA,WMD,
FLAB14,FB201FB014B,18,NITRATE+NITRITE-N,11/7/2007,0.01389,mg/L,"A,J5,Y",FLAB,FD,MON,SA,G,NOX,0.00238,N,A,0,,,FIU,0,25.1504805,-80.8092194,,,BA,WMD,Measurements done close to the bottom.
FLAB14,FB202FB014,18,NITRATE+NITRITE-N,12/7/2007,0.01492,mg/L,"A,J5,Y",FLAB,SAMP,MON,SA,G,NOX,0.00238,N,A,0,,,FIU,0,25.1504805,-80.8092194,,,BA,WMD,
FLAB14,FB203FB014,18,NITRATE+NITRITE-N,1/9/2008,0.00392,mg/L,"U,Y",FLAB,SAMP,MON,SA,G,NOX,0.00392,Y,A,0,,,FIU,0,25.1504805,-80.8092194,,,BA,WMD,
FLAB14,FB204FB014,18,NITRATE+NITRITE-N,2/8/2008,0.00392,mg/L,"U,J5,Y",FLAB,SAMP,MON,SA,G,NOX,0.00392,Y,A,0,,,FIU,0,25.1504805,-80.8092194,,,BA,WMD,
FLAB14,FB205FB014,18,NITRATE+NITRITE-N,3/5/2008,0.00392,mg/L,"U,Y",FLAB,SAMP,MON,SA,G,NOX,0.00392,Y,A,0,,,FIU,0,25.1504805,-80.8092194,,,BA,WMD,
FLAB14,FB206FB014,18,NITRATE+NITRITE-N,4/2/2008,0.00845,mg/L,"I,J5,Y",FLAB,SAMP,MON,SA,G,NOX,0.00392,N,A,0,,,FIU,0,25.1504805,-80.8092194,,,BA,WMD,
FLAB14,FB207FB014,18,NITRATE+NITRITE-N,5/7/2008,0.00823,mg/L,"I,J5,Y",FLAB,SAMP,MON,SA,G,NOX,0.00392,N,A,0,,,FIU,0,25.1504805,-80.8092194,,,BA,WMD,
FLAB14,FB208FB014,18,NITRATE+NITRITE-N,6/4/2008,0.01226,mg/L,"I,J5,Y",FLAB,SAMP,MON,SA,G,NOX,0.00392,N,A,0,,,FIU,0,25.1504805,-80.8092194,,,BA,WMD,
FLAB14,P42963-5,18,NITRATE+NITRITE-N,1/7/2009,0.005,mg/L,U,FLAB,SAMP,MON,SA,G,NOX,0.005,Y,A,0.5,,,WMD,1,25.1504805,-80.8092194,0.6,,BA,WMD,Strong incoming flow.  sample clear with no visable solids.  light chop with increasing South winds.  Station is in very shallow water.  may want to consider moving off to the South.
FLAB14,P42978-2,18,NITRATE+NITRITE-N,2/12/2009,0.005,mg/L,U,FLAB,SAMP,MON,SA,G,NOX,0.005,Y,A,0.5,,,WMD,1,25.1504805,-80.8092194,0.8,,BA,WMD,Very clear warer and calm conditions.  Slight ripple.  Station in shallow water over seagrass beds.  Suggest moving it slightly to the South.
FLAB14,P43361-2,18,NITRATE+NITRITE-N,3/16/2009,0.005,mg/L,U,FLAB,SAMP,MON,SA,G,NOX,0.005,Y,A,0.5,,,WMD,1,25.1504805,-80.8092194,1.1,,BA,WMD,Clear calm conditiond and light flow.  Sample clear.
FLAB14,P43542-2,18,NITRATE+NITRITE-N,4/20/2009,0.005,mg/L,U,FLAB,SAMP,MON,SA,G,NOX,0.005,Y,A,0.5,,,WMD,1,25.1504805,-80.8092194,1.1,,BA,WMD,"Clear and calm.  RS done at station.  Extememy salty (out of calibration range). WARNING: CONDUCTIVITY exceeds CLOSING Control True Value range of 2000 to 58650,"
FLAB14,P43542-12,18,NITRATE+NITRITE-N,4/20/2009,0.005,mg/L,U,FLAB,RS,MON,SA,G,NOX,0.005,Y,A,0.5,,,WMD,1,25.1504805,-80.8092194,1.1,,BA,WMD,"sample clear.  Salinity out of conductivity range. WARNING: CONDUCTIVITY exceeds CLOSING Control True Value range of 2000 to 58650,"
FLAB14,P43542-13,18,NITRATE+NITRITE-N,4/20/2009,0.005,mg/L,U,FLAB,RS,MON,SA,G,NOX,0.005,Y,A,0.5,,,WMD,1,25.1504805,-80.8092194,1.1,,BA,WMD,"sample clear.  salinity out of conductivity range. WARNING: CONDUCTIVITY exceeds CLOSING Control True Value range of 2000 to 58650,"
FLAB14,P43936-2,18,NITRATE+NITRITE-N,5/18/2009,0.005,mg/L,U,FLAB,SAMP,MON,SA,G,NOX,0.005,Y,A,0.5,,,WMD,1,25.1504805,-80.8092194,1.2,,BA,WMD,Breezy and light chop.  SAmple clear.   SECCHI ON BOTTOM.  Extremely salty
FLAB14,P43955-2,18,NITRATE+NITRITE-N,6/11/2009,0.005,mg/L,U,FLAB,SAMP,MON,SA,G,NOX,0.005,Y,A,0.5,,,WMD,1,25.1504805,-80.8092194,1.1,,BA,WMD,Clear and calm.  Sample clear of solids.   SECCHI ON BOTTOM.  High salinity.
FLAB14,P44584-2,18,NITRATE+NITRITE-N,7/20/2009,0.005,mg/L,U,FLAB,SAMP,MON,SA,G,NOX,0.005,Y,A,0.5,,,WMD,1,25.1504805,-80.8092194,0.92,,BA,WMD,"sample light yellow, low solids.  very calm conditions, clear water. SECCHI ON BOTTOM."
FLAB14,P44716-2,18,NITRATE+NITRITE-N,8/17/2009,0.005,mg/L,U,FLAB,SAMP,MON,SA,G,NOX,0.005,Y,A,0.5,,,WMD,1,25.1504805,-80.8092194,0.9,,BA,WMD,"Sample clear, no visible solids.   SECCHI ON BOTTOM. Slight chop with a lot of foam on water surface.  Very windy (15-20 knots).  Mostly sunny with some cloud coverage, temperature low to mid 90's degrees F."
FLAB14,P45422-2,18,NITRATE+NITRITE-N,9/14/2009,0.005,mg/L,U,FLAB,SAMP,MON,SA,G,NOX,0.005,Y,A,0.5,,,WMD,1,25.1504805,-80.8092194,1.2,,BA,WMD,"Comments too long, see field notes."
FLAB14,P45906-2,18,NITRATE+NITRITE-N,10/12/2009,0.005,mg/L,U,FLAB,SAMP,MON,SA,G,NOX,0.005,Y,A,0.5,,,WMD,1,25.1504805,-80.8092194,1,,BA,WMD,Sample yellow with low solids. SECCHI ON BOTTOM. Low flow. Less than 0.5' chop with winds approx. 15-20 mph. FCEB taken at this station.
FLAB14,P45906-11,18,NITRATE+NITRITE-N,10/12/2009,0.005,mg/L,U,FLAB,FCEB,MON,SA,G,NOX,0.005,Y,A,0,,,WMD,1,25.1504805,-80.8092194,0,,BA,WMD,DI->Niskin->Bucket->Syringe->Filter->Bottle. FCEB taken at FLAB14.
FLAB14,P46184-2,18,NITRATE+NITRITE-N,11/11/2009,0.005,mg/L,U,FLAB,SAMP,MON,SA,G,NOX,0.005,Y,A,0.5,,,WMD,1,25.1504805,-80.8092194,1,,BA,WMD,"Sample light yellow, with no visible solids.  Moderate chop, low flow.  Winds 20-25 mph. Heavy storms in close proximity.   SECCHI ON BOTTOM."
FLAB14,P46552-2,18,NITRATE+NITRITE-N,12/7/2009,0.005,mg/L,U,FLAB,SAMP,MON,SA,G,NOX,0.005,Y,A,0.5,m,,WMD,1,25.1504805,-80.8092194,,,BA,WMD,"Sample pale yellow, with no visible solids.  Low flow.  Winds 5-10 mph.  No chop, calm water.  DO has been  highter at this station.   SECCHI ON BOTTOM."
FLAB14,P46793-4,18,NITRATE+NITRITE-N,1/11/2010,0.009,mg/L,I,FLAB,SAMP,MON,SA,G,NOX,0.005,N,A,0.5,m,,WMD,1,25.1504805,-80.8092194,,,BA,WMD,Comments are too long. See field notes.
FLAB14,P47183-4,18,NITRATE+NITRITE-N,2/8/2010,0.005,mg/L,U,FLAB,SAMP,MON,SA,G,NOX,0.005,Y,A,0.5,m,,WMD,1,25.1504805,-80.8092194,,,BA,WMD,"Sample light yellow, low solids.  Minimal chop.  Low flow.  Winds 5-15mph.   SECCHI ON BOTTOM."
FLAB14,P47472-4,18,NITRATE+NITRITE-N,3/8/2010,0.005,mg/L,U,FLAB,SAMP,MON,SA,G,NOX,0.005,Y,A,0.5,m,,WMD,1,25.1504805,-80.8092194,,,BA,WMD,"Sample pale yellow with no visible solids. Calm conditions, minimal chop. SECCHI ON BOTTOM. Low flow."
FLAB14,P47828-4,18,NITRATE+NITRITE-N,4/12/2010,0.005,mg/L,U,FLAB,SAMP,MON,SA,G,NOX,0.005,Y,A,0.5,m,,WMD,1,25.1504805,-80.8092194,,,BA,WMD,"Sample light yellow, no visible solids.  Low flow.  Moderate chop.  Winds 15-20mph.   SECCHI ON BOTTOM."
FLAB14,P47828-11,18,NITRATE+NITRITE-N,4/12/2010,0.005,mg/L,U,FLAB,FCEB,MON,SA,G,NOX,0.005,Y,A,0,,,WMD,0,25.1504805,-80.8092194,,,BA,WMD,"DI, niskin, bucket, syringe, filter, sample bottle.  FCEB taken at FLAB14"
FLAB14,P48081-4,18,NITRATE+NITRITE-N,5/10/2010,0.005,mg/L,U,FLAB,SAMP,MON,SA,G,NOX,0.005,Y,A,0.5,m,,WMD,1,25.1504805,-80.8092194,,,BA,WMD,"Sample light yellow, low solids.  Low flow.  Calm water, minimal chop.  Winds 15-18mph.   SECCHI ON BOTTOM."
FLAB14,P48379-4,18,NITRATE+NITRITE-N,6/7/2010,0.005,mg/L,U,FLAB,SAMP,MON,SA,G,NOX,0.005,Y,A,0.5,m,,WMD,1,25.1504805,-80.8092194,,,BA,WMD,Sample is light green with low suspended solids present. Low flow with minimal chop ripple less than 3 inches and constant 12 mph winds. SECCHI ON BOTTOM.
FLAB14,P48379-11,18,NITRATE+NITRITE-N,6/7/2010,0.005,mg/L,U,FLAB,FCEB,MON,SA,G,NOX,0.005,Y,A,0,,,WMD,0,25.1504805,-80.8092194,,,BA,WMD,"DI, niskin, bucket, syringe, filter, sample bottle, FCEB taken @ FLAB14."
FLAB14,P48679-4,18,NITRATE+NITRITE-N,7/20/2010,0.005,mg/L,I,FLAB,SAMP,MON,SA,G,NOX,0.005,N,A,0.5,m,,WMD,1,25.1504805,-80.8092194,,,BA,WMD,"Sample light green, low solids.  Moderate chop, 1-2 foot chop.  Low flow. Winds 15-20mph.   SECCHI ON BOTTOM."
FLAB14,P48893-4,18,NITRATE+NITRITE-N,8/16/2010,0.005,mg/L,U,FLAB,SAMP,MON,SA,G,NOX,0.005,Y,A,0.5,m,,WMD,1,25.1504805,-80.8092194,,,BA,WMD,"Sample pale yellow, with low solids.  Low flow.  Calm water, no chop.  Winds 5-7mph. SECCHI ON BOTTOM."
FLAB14,P49171-4,18,NITRATE+NITRITE-N,9/21/2010,0.005,mg/L,U,FLAB,SAMP,MON,SA,G,NOX,0.005,Y,A,0.5,m,,WMD,1,25.1504805,-80.8092194,,,BA,WMD,"Sample light green, low solids.  Light chop, .5-1.5 foot seas.  Winds 15mph, with 20mph gusts.  Low flow.   SECCHI ON BOTTOM."
FLAB14,P49628-4,18,NITRATE+NITRITE-N,10/19/2010,0.005,mg/L,U,FLAB,SAMP,MON,SA,G,NOX,0.005,Y,A,0.5,m,,WMD,1,25.1504805,-80.8092194,,,BA,WMD,"Sample light yeloow, low solids.  Low flow.  Calm water, no chop.  Winds 2-5mph.   SECCHI ON BOTTOM."
FLAB14,P50070-4,18,NITRATE+NITRITE-N,11/16/2010,0.005,mg/L,U,FLAB,SAMP,MON,SA,G,NOX,0.005,Y,A,0.5,m,,WMD,1,25.1504805,-80.8092194,,,BA,WMD,"Sample light yellow, low solids.  Calm water, minimal chop.  Low flow.  Wind 3-5mph. SECCHI ON BOTTOM."
FLAB14,P50474-4,18,NITRATE+NITRITE-N,12/14/2010,0.005,mg/L,U,FLAB,SAMP,MON,SA,G,NOX,0.005,Y,A,0.35,m,,WMD,1,25.1504805,-80.8092194,,,BA,WMD,"Sample light yellow, low solids.  Calm water, minimal chop.  Wind 3-5mph.   SECCHI ON BOTTOM. water very shallow."
FLAB14,P50635-4,18,NITRATE+NITRITE-N,1/4/2011,0.005,mg/L,U,FLAB,SAMP,MON,SA,G,NOX,0.005,Y,A,0.5,m,,WMD,1,25.1504805,-80.8092194,,,BA,WMD,"Very low flow at station.  Very low to no chop.  Wind 0-5 mph.   SECCHI ON BOTTOM.   Sample light yellow, low solids."
FLAB14,P50937-4,18,NITRATE+NITRITE-N,2/17/2011,0.005,mg/L,U,FLAB,SAMP,MON,SA,G,NOX,0.005,Y,A,0.25,m,,WMD,0,25.1504805,-80.8092194,,,BA,WMD,Sample taken .4 miles from station due to shallow water.
FLAB14,P51526-4,18,NITRATE+NITRITE-N,3/14/2011,0.005,mg/L,U,FLAB,SAMP,MON,SA,G,NOX,0.005,Y,A,0.5,m,,WMD,1,25.1504805,-80.8092194,,,BA,WMD,"Sample light yellow.  Calm water, minimal chop. Wind 8-12mph.   SECCHI ON BOTTOM."
FLAB14,P52279-4,18,NITRATE+NITRITE-N,4/5/2011,0.005,mg/L,U,FLAB,SAMP,MON,SA,G,NOX,0.005,Y,A,0.5,m,,WMD,1,25.1504805,-80.8092194,,,BA,WMD,"Sample light green, wind 10-15mph sw."
FLAB14,P52280-4,18,NITRATE+NITRITE-N,5/3/2011,0.005,mg/L,U,FLAB,SAMP,MON,SA,G,NOX,0.005,Y,A,0.3,m,,WMD,1,25.1504805,-80.8092194,,,BA,WMD,"Sample palm yellow, wind east 10-15mph,  SECCHI ON BOTTOM."
FLAB14,P52281-4,18,NITRATE+NITRITE-N,6/13/2011,0.005,mg/L,U,FLAB,SAMP,MON,SA,G,NOX,0.005,Y,A,0.5,m,,WMD,1,25.1504805,-80.8092194,,,BA,WMD,Sample is clear with no visible sollids present. Moderate flow with variable westerly winds at 5-10 mph. SECCHI ON BOTTOM. Conductivity is out of range due to high salinity at this location.
FLAB14,P52282-4,18,NITRATE+NITRITE-N,7/12/2011,0.005,mg/L,U,FLAB,SAMP,MON,SA,G,NOX,0.005,Y,A,0.5,m,,WMD,1,25.1504805,-80.8092194,,,BA,WMD,Sample is pale green with no visible suspended solids present.  Flow with light ripple chop up to 4 inches and winds from the southwest at 4 to 8 mph.  SECCHI ON BOTTOM
FLAB14,P52283-6,18,NITRATE+NITRITE-N,8/16/2011,0.005,mg/L,U,FLAB,SAMP,MON,SA,G,NOX,0.005,Y,A,0.5,m,,WMD,1,25.1504805,-80.8092194,,,BA,WMD,Sample is pale green with no visible suspended solids present. Low flow with light chop up to 4 inches and light variable winds from southwest at 6 to 10 mph. SECCHI ON BOTTOM.
FLAB14,P52284-6,18,NITRATE+NITRITE-N,9/12/2011,0.005,mg/L,U,FLAB,SAMP,MON,SA,G,NOX,0.005,Y,A,0.5,m,,WMD,0,25.1504805,-80.8092194,,,BA,WMD,Sample light yellow with no visible suspended solids present. Light current with rising tide just before high tide and glassy slight ripple conditions and light variable winds from the east southeast at 2 to 4 mph. SECCHI ON BOTTOM.
FLAB14,P52285-6,18,NITRATE+NITRITE-N,10/4/2011,0.005,mg/L,U,FLAB,SAMP,MON,SA,G,NOX,0.005,Y,A,0.4,m,,WMD,0,25.1504805,-80.8092194,,,BA,WMD,"Wind, NE 10-15, lt chop, ebb tide,  SECCHI ON BOTTOM."
FLAB14,P54071-6,18,NITRATE+NITRITE-N,12/6/2011,0.005,mg/L,U,FLAB,SAMP,MON,SA,G,NOX,0.005,Y,A,0.35,m,,WMD,0,25.1504805,-80.8092194,,,BA,WMD,"Wind ESE 10-12, lt chop, slack tide,  SECCHI ON BOTTOM, Sample taken .5 miles from station due to shallow depth"
FLAB14,P55306-4,18,NITRATE+NITRITE-N,2/1/2012,0.005,mg/L,U,FLAB,SAMP,MON,SA,G,NOX,0.005,Y,A,0.35,m,,WMD,0,25.1504805,-80.8092194,,,BA,WMD,"Wind E 14-18, lt chop in lee of island, slack tide,  SECCHI ON BOTTOM, sample taken .38 mi from station due to shallow depth"
FLAB14,P55313-4,18,NITRATE+NITRITE-N,4/12/2012,0.005,mg/L,U,FLAB,SAMP,MON,SA,G,NOX,0.005,Y,A,0.45,m,,WMD,0,25.1504805,-80.8092194,,,BA,WMD,"Wind N 8-10, rippled surface, slack tide,  SECCHI ON BOTTOM."
FLAB14,P55929-4,18,NITRATE+NITRITE-N,6/13/2012,0.005,mg/L,U,FLAB,SAMP,MON,SA,G,NOX,0.005,Y,A,0.5,m,,WMD,0,25.1504805,-80.8092194,,,BA,WMD,Calm conditions.  Light ripple.  Slack tide.  Very light east wind.   SECCHI ON BOTTOM.
FLAB14,P56205-4,18,NITRATE+NITRITE-N,8/13/2012,0.005,mg/L,U,FLAB,SAMP,MON,SA,G,NOX,0.005,Y,A,0.5,m,,WMD,0,25.1504805,-80.8092194,,,BA,WMD,Very light east wind.  Calm conditions with almost no ripple.  Slack tide.   SECCHI ON BOTTOM.
FLAB14,P56209-4,18,NITRATE+NITRITE-N,10/11/2012,0.005,mg/L,U,FLAB,SAMP,MON,SA,G,NOX,0.005,Y,A,0.5,m,,WMD,0,25.1504805,-80.8092194,,,BA,WMD,Strong NE breeze.  Light chop.   SECCHI ON BOTTOM.
FLAB14,P56856-4,18,NITRATE+NITRITE-N,12/10/2012,0.005,mg/L,U,FLAB,SAMP,MON,SA,G,NOX,0.005,Y,A,0.5,m,,WMD,0,25.1504805,-80.8092194,,,BA,WMD,SECCHI ON BOTTOM. Winds 10-15kts out of the SE. Light chop.
FLAB14,P61818-4,18,NITRATE+NITRITE-N,2/5/2013,0.005,mg/L,U,FLAB,SAMP,MON,SA,G,NOX,0.005,Y,A,0.5,m,,WMD,0,25.1504805,-80.8092194,,,BA,WMD,SECCHI ON BOTTOM. Very light breeze 1-2kts. Calm water. No noticeable current.
FLAB14,P61819-4,18,NITRATE+NITRITE-N,4/18/2013,0.005,mg/L,U,FLAB,SAMP,MON,SA,G,NOX,0.005,Y,A,0.3,m,,WMD,0,25.1504805,-80.8092194,,,PD,WMD,SECCHI ON BOTTOM. ESE winds 10-12 kts. Light ripple on the water.
FLAB14,P63880-4,18,NITRATE+NITRITE-N,6/17/2013,0.005,mg/L,U,FLAB,SAMP,MON,SA,G,NOX,0.005,Y,A,0.4,m,,WMD,0,25.1504805,-80.8092194,,,PD,WMD,"slight ripple on surface, southeast wind 10-15, secchi on bottom, site collected short of coordinates due to shallow water less than 0.5m while approaching site"
FLAB14,P63881-4,18,NITRATE+NITRITE-N,8/13/2013,0.005,mg/L,U,FLAB,SAMP,MON,SA,G,NOX,0.005,Y,A,0.35,m,,WMD,0,25.1504805,-80.8092194,,,PD,WMD,SECCHI ON BOTTOM. Ripples on surface. E wind 5-10 kt. No current observed. Station visted near high tide. Unable to reach location due to shallow water. Collected at 25-08'43.5 secN 080-48'34.4 secW
FLAB14,P65941-4,18,NITRATE+NITRITE-N,10/28/2013,0.005,mg/L,U,FLAB,SAMP,MON,SA,G,NOX,0.005,Y,A,0.4,m,,WMD,0,25.1504805,-80.8092194,,,PD,WMD,SECCHI ON BOTTOM. Light chop. E wind approx 15 kt. Moderate wind driven current.
FLAB14,P68531-4,18,NITRATE+NITRITE-N,12/11/2013,0.005,mg/L,U,FLAB,SAMP,MON,SA,G,NOX,0.005,Y,A,0.35,m,,WMD,0,25.1504805,-80.8092194,,,PD,WMD,"Light chop, E wind 10-15,  SECCHI ON BOTTOM."
FLAB14,P70123-4,18,NITRATE+NITRITE-N,2/26/2014,0.005,mg/L,U,FLAB,SAMP,MON,SA,G,NOX,0.005,Y,A,0.5,m,,WMD,0,25.1504805,-80.8092194,,,PD,WMD,"SECCHI ON BOTTOM. Slight ripple on water surface. Slight wind out of the SW, 5kts. Slight incoming tide. Unable to get to actual FLAB14 site due to water level, sample taken at GPS position N2508.345 W08048.512."
FLAB14,P70124-4,18,NITRATE+NITRITE-N,4/7/2014,0.005,mg/L,U,FLAB,SAMP,MON,SA,G,NOX,0.005,Y,A,0.5,m,,WMD,0,25.1504805,-80.8092194,,,PD,WMD,Moderate chop due to 15kt SE winds. Sample area clear. SECCHI ON BOTTOM.
FLAB14,P71707-4,18,NITRATE+NITRITE-N,6/9/2014,0.005,mg/L,U,FLAB,SAMP,MON,SA,G,NOX,0.005,Y,A,0.5,m,,WMD,0,25.1504805,-80.8092194,,,PD,WMD,"SECCHI ON BOTTOM. Calm winds, calm waves, incoming tide."
FLAB14,P72712-4,18,NITRATE+NITRITE-N,8/5/2014,0.005,mg/L,U,FLAB,SAMP,MON,SA,G,NOX,0.005,Y,A,0.5,m,,WMD,0,25.1504805,-80.8092194,,,PD,WMD,"Calm conditions, SW winds less than 5 kts. Small amount of single piece turtle and manatee grasses on surface. Incoming tide. SECCHI ON BOTTOM."
FLAB14,P74736-4,18,NITRATE+NITRITE-N,10/20/2014,0.005,mg/L,U,FLAB,SAMP,MON,SA,G,NOX,0.005,Y,A,0.35,m,,WMD,0,25.1504805,-80.8092194,,,PD,WMD,"Calm,  SECCHI ON BOTTOM."
FLAB14,P74738-4,18,NITRATE+NITRITE-N,12/17/2014,0.005,mg/L,U,FLAB,SAMP,MON,SA,G,NOX,0.005,Y,A,0.5,m,,WMD,0,25.1504805,-80.8092194,,,PD,WMD,"Incoming tide, NE winds 5kts, calm seas, small amout of floating vegetation pieces visible on water surface. SECCHI ON BOTTOM."
FLAB14,P74737-4,18,NITRATE+NITRITE-N,2/16/2015,0.029,mg/L,,FLAB,SAMP,MON,SA,G,NOX,0.005,N,A,0.45,m,,WMD,0,25.1504805,-80.8092194,,,PD,WMD,"Calm, E wind 10-15. Sample collected 925 m due south of site because of water depth. SECCHI ON BOTTOM"
FLAB14,P75445-4,18,NITRATE+NITRITE-N,4/13/2015,0.008,mg/L,I,FLAB,SAMP,MON,SA,G,NOX,0.005,N,A,0.5,m,,WMD,0,25.1504805,-80.8092194,,,PD,WMD,Sample collected 1 km due south of site due to water depth. SOB
FLAB14,P74739-4,18,NITRATE+NITRITE-N,6/9/2015,0.005,mg/L,U,FLAB,SAMP,MON,SA,G,NOX,0.005,Y,A,0.5,m,,WMD,0,25.1504805,-80.8092194,,,PD,WMD,SOB
FLAB14,P78245-4,18,NITRATE+NITRITE-N,8/25/2015,0.005,mg/L,U,FLAB,SAMP,MON,SA,G,NOX,0.005,Y,A,0.5,m,,WMD,0,25.1504805,-80.8092194,,,PD,WMD,Secchi on bottom.
FLAB14,P80870-4,18,NITRATE+NITRITE-N,10/7/2015,0.012,mg/L,,FLAB,SAMP,MON,SA,G,NOX,0.005,N,A,0.5,m,,WMD,0,25.1504805,-80.8092194,,,PD,WMD,"Calm seas, light amount of loose vegetation on surface, incoming tide, secchi on bottom."
FLAB14,P82416-4,18,NITRATE+NITRITE-N,1/21/2016,0.005,mg/L,U,FLAB,SAMP,MON,SA,G,NOX,0.005,Y,A,0.5,m,,WMD,0,25.1504805,-80.8092194,,,PD,WMD,Secchi on bottom. Surface smooth. Winds ESE 10-15.
FLAB14,P82935-4,18,NITRATE+NITRITE-N,2/16/2016,0.005,mg/L,U,FLAB,SAMP,MON,SA,G,NOX,0.005,Y,A,0.5,m,,WMD,0,25.1504805,-80.8092194,,,PD,WMD,"Calm wind and seas, sample area clear, Secchi on bottom."
FLAB14,P83568-4,18,NITRATE+NITRITE-N,4/14/2016,0.005,mg/L,U,FLAB,SAMP,MON,SA,G,NOX,0.005,Y,A,0.35,m,,WMD,0,25.1504805,-80.8092194,,,PD,WMD,SOB. Light winds out of the SE around 7 kts. Glass smooth water.
FLAB14,P84316-4,18,NITRATE+NITRITE-N,6/29/2016,0.005,mg/L,U,FLAB,SAMP,MON,SA,G,NOX,0.005,Y,A,0.5,m,,WMD,0,25.1504805,-80.8092194,,,PD,WMD,"slight ripple on surface, calm wind, some vegetation clippings on surface, off colored water observed, algae like appearance in water column, filter turned green in color during processing"
FLAB14,P84638-4,18,NITRATE+NITRITE-N,8/25/2016,0.005,mg/L,U,FLAB,SAMP,MON,SA,G,NOX,0.005,Y,A,0.5,m,,WMD,0,25.1504805,-80.8092194,,,PD,WMD,"Light east winds, light surface chop, turbid water, light green brown in color, light amount of loose sea grass floating on surface. Light greenish yellow color visible in filter after use. Secchi on bottom."
FLAB14,P86137-4,18,NITRATE+NITRITE-N,10/24/2016,0.005,mg/L,U,FLAB,SAMP,MON,SA,G,NOX,0.005,Y,A,0.5,m,,WMD,0,25.1504805,-80.8092194,,,PD,WMD,"NE winds 15kt, light chop, sample area clear otherwise. Secchi on bottom."
FLAB14,P86766-4,18,NITRATE+NITRITE-N,12/21/2016,0.005,mg/L,U,FLAB,SAMP,MON,SA,G,NOX,0.005,Y,A,0.5,m,,WMD,0,25.1504805,-80.8092194,,,PD,WMD,"NE winds 10-15 kts, light chop, sample area clear. Secchi on bottom."
FLAB14,P87700-4,18,NITRATE+NITRITE-N,2/20/2017,0.005,mg/L,U,FLAB,SAMP,MON,SA,G,NOX,0.005,Y,A,0.5,m,,WMD,0,25.1504805,-80.8092194,,,PD,WMD,"NE winds 10-15 kts, waters moderate chop, light amount of loose sea grass on surface. Secchi on bottom. Could not get within 300m of sample GPS point due to shallow water."
FLAB14,P87830-4,18,NITRATE+NITRITE-N,4/20/2017,0.005,mg/L,U,FLAB,SAMP,MON,SA,G,NOX,0.005,Y,A,0.5,m,,WMD,0,25.1504805,-80.8092194,,,PD,WMD,"Could only get within 0.5 kilometers of site due to very shallow water.  Had less than 1 foot seas, sample area clear, with 10-15 knot east winds.  Sample collected by DA."
FLAB14,P89179-4,18,NITRATE+NITRITE-N,8/1/2017,0.005,mg/L,U,FLAB,SAMP,MON,SA,G,NOX,0.005,Y,A,0.5,m,,WMD,0,25.1504805,-80.8092194,,,PD,WMD,"Light sw winds, calm seas, moderate amount of loose sea grasses floating on surface, secchi on bottom."
FLAB14,P88721-4,18,NITRATE+NITRITE-N,10/12/2017,0.008,mg/L,I,FLAB,SAMP,MON,SA,G,NOX,0.005,N,A,0.5,m,,WMD,0,25.1504805,-80.8092194,,,PD,WMD,Filter appeared to contaiin algae when processing sample.
FLAB14,P91159-4,18,NITRATE+NITRITE-N,12/13/2017,0.005,mg/L,U,FLAB,SAMP,MON,SA,G,NOX,0.005,Y,A,0.5,m,,WMD,0,25.1504805,-80.8092194,,,PD,WMD,Light chop. Murky brown water
FLAB14,P92112-4,18,NITRATE+NITRITE-N,2/28/2018,0.005,mg/L,U,FLAB,SAMP,MON,SA,G,NOX,0.005,Y,A,0.5,m,,WMD,0,25.1504805,-80.8092194,,,PD,WMD,Flat water. Green water. Filter turned green. Same problem with DO readings.
FLAB14,P92872-4,18,NITRATE+NITRITE-N,4/10/2018,0.005,mg/L,U,FLAB,SAMP,MON,SA,G,NOX,0.005,Y,A,0.5,m,,WMD,0,25.1504805,-80.8092194,,,PD,WMD,Light chop.
FLAB14,P93694-4,18,NITRATE+NITRITE-N,6/7/2018,0.005,mg/L,U,FLAB,SAMP,MON,SA,G,NOX,0.005,Y,A,0.5,m,,WMD,0,25.1504805,-80.8092194,,,PD,WMD,Floating vegetation present. Avoided during collection.
FLAB14,P94931-4,18,NITRATE+NITRITE-N,8/6/2018,0.005,mg/L,U,FLAB,SAMP,MON,SA,G,NOX,0.005,Y,A,0.5,m,,WMD,0,25.1504805,-80.8092194,,,PD,WMD,
FLAB14,P95251-4,18,NITRATE+NITRITE-N,10/3/2018,0.005,mg/L,U,FLAB,SAMP,MON,SA,G,NOX,0.005,Y,A,0.5,m,,WMD,0,25.1504805,-80.8092194,,,PD,WMD,heavy suspended solids
FLAB14,P96720-4,18,NITRATE+NITRITE-N,12/17/2018,0.005,mg/L,U,FLAB,SAMP,MON,SA,G,NOX,0.005,Y,A,0.25,m,,WMD,0,25.1504805,-80.8092194,,,BA,WMD,Shallow sampling area. Sample depth taken half way from total depth of 0.5m.  Water looks stirred up within sample area.
FLAB14,P102448-5,18,NITRATE+NITRITE-N,2/26/2019,0.005,mg/L,U,FLAB,SAMP,MON,SA,G,NOX,0.005,Y,A,0.5,m,,WMD,0,25.1504805,-80.8092194,,,BA,WMD,
FLAB14,P103834-5,18,NITRATE+NITRITE-N,4/15/2019,0.005,mg/L,U,FLAB,SAMP,MON,SA,G,NOX,0.005,Y,A,0.5,m,,WMD,0,25.1504805,-80.8092194,,,BA,WMD,
FLAB14,P106284-5,18,NITRATE+NITRITE-N,6/11/2019,0.005,mg/L,U,FLAB,SAMP,MON,SA,G,NOX,0.005,Y,A,0.4,m,,WMD,0,25.1504805,-80.8092194,,,BA,WMD,Secchi on bottom
FLAB14,P109207-5,18,NITRATE+NITRITE-N,8/8/2019,0.005,mg/L,U,FLAB,SAMP,MON,SA,G,NOX,0.005,Y,A,0.5,m,,WMD,0,25.1504805,-80.8092194,,,BA,WMD,Large pieces of vegetative debris present on surface of water. Secchi on bottom.
FLAB14,P109898-5,18,NITRATE+NITRITE-N,10/8/2019,0.005,mg/L,U,FLAB,SAMP,MON,SA,G,NOX,0.005,Y,A,0.5,m,,WMD,0,25.1504805,-80.8092194,,,BA,WMD,
FLAB14,P110697-5,18,NITRATE+NITRITE-N,12/5/2019,0.005,mg/L,U,FLAB,SAMP,MON,SA,G,NOX,0.005,Y,A,0.5,m,,WMD,0,25.1504805,-80.8092194,,,BA,WMD,Secchi on bottom.
FLAB14,P110713-5,18,NITRATE+NITRITE-N,2/3/2020,0.005,mg/L,U,FLAB,SAMP,MON,SA,G,NOX,0.005,Y,A,0.3,m,,WMD,0,25.1504805,-80.8092194,,,BA,WMD,"Secchi on bottom. Depth was less than 1m, sample was collected at half total depth."
FLAB14,P110719-5,18,NITRATE+NITRITE-N,4/1/2020,0.005,mg/L,U,FLAB,SAMP,MON,SA,G,NOX,0.005,Y,A,0.4,m,,WMD,0,25.1504805,-80.8092194,,,BA,WMD,Secchi on bottom
FLAB14,P111041-5,18,NITRATE+NITRITE-N,6/1/2020,0.005,mg/L,U,FLAB,SAMP,MON,SA,G,NOX,0.005,Y,A,0.3,m,,WMD,0,25.1504805,-80.8092194,,,BA,WMD,Secchi on bottom
FLAB14,P111104-5,18,NITRATE+NITRITE-N,8/13/2020,0.005,mg/L,U,FLAB,SAMP,MON,SA,G,NOX,0.005,Y,A,0.35,m,,WMD,0,25.1504805,-80.8092194,,,BA,WMD,Secchi on bottom. Sample collected at half total depth.
FLAB14,P118766-5,18,NITRATE+NITRITE-N,10/12/2020,0.005,mg/L,U,FLAB,SAMP,MON,SA,G,NOX,0.005,Y,A,0.4,m,,WMD,0,25.1504805,-80.8092194,,,BA,WMD,Secchi on bottom.
FLAB14,P120347-5,18,NITRATE+NITRITE-N,12/9/2020,0.005,mg/L,U,FLAB,SAMP,MON,SA,G,NOX,0.005,Y,A,0.3,m,,WMD,0,25.1504805,-80.8092194,,,BA,WMD,"Sample area clear.  Total Depth was only 0.6 meters, so sampling depth was at 0.3 meters instead of 0.5 meters.  SOB, Secchi On Bottom.  Light solids in sample.  Sample collected by CL."
FLAB14,P121638-5,18,NITRATE+NITRITE-N,1/7/2021,0.005,mg/L,U,FLAB,SAMP,MON,SA,G,NOX,0.005,Y,A,0.3,m,,WMD,0,25.1504805,-80.8092194,,,BA,WMD,Secchi on bottom
FLAB14,P122507-5,18,NITRATE+NITRITE-N,3/17/2021,0.005,mg/L,U,FLAB,SAMP,MON,SA,G,NOX,0.005,Y,A,0.5,m,,WMD,0,25.1504805,-80.8092194,,,BA,WMD,Secchi on bottom.
FLAB14,P122517-5,18,NITRATE+NITRITE-N,5/24/2021,0.008,mg/L,I,FLAB,SAMP,MON,SA,G,NOX,0.005,N,A,0.2,m,,WMD,0,25.1504805,-80.8092194,,,BA,WMD,Secchi on bottom. Sampled approx. 100 m from site due to low water.
FLAB14,P123928-5,18,NITRATE+NITRITE-N,7/1/2021,0.005,mg/L,U,FLAB,SAMP,MON,SA,G,NOX,0.005,Y,A,0.35,m,,WMD,0,25.1504805,-80.8092194,,,BA,WMD,Secchi on bottom.
FLAB14,P125715-5,18,NITRATE+NITRITE-N,10/13/2021,0.005,mg/L,U,FLAB,SAMP,MON,SA,G,NOX,0.005,Y,A,0.4,m,,WMD,0,25.1504805,-80.8092194,,,BA,WMD,
FLAB14,P128145-5,18,NITRATE+NITRITE-N,12/27/2021,0.005,mg/L,U,FLAB,SAMP,MON,SA,G,NOX,0.005,Y,A,0.3,m,,WMD,0,25.1504805,-80.8092194,,,BA,WMD,Sampling area clear of debris.
FLAB14,P129938-5,18,NITRATE+NITRITE-N,2/8/2022,0.005,mg/L,U,FLAB,SAMP,MON,SA,G,NOX,0.005,Y,A,0.25,m,,WMD,0,25.1504805,-80.8092194,,,BA,WMD,Secchi on bottom
FLAB14,P132794-5,18,NITRATE+NITRITE-N,4/7/2022,0.005,mg/L,U,FLAB,SAMP,MON,SA,G,NOX,0.005,Y,A,0.3,m,,WMD,0,25.1504805,-80.8092194,,,BA,WMD,
FLAB14,P134124-5,18,NITRATE+NITRITE-N,6/22/2022,0.005,mg/L,U,FLAB,SAMP,MON,SA,G,NOX,0.005,Y,A,0.5,m,,WMD,0,25.1504805,-80.8092194,,,BA,WMD,
FLAB14,P135165-5,18,NITRATE+NITRITE-N,8/18/2022,0.005,mg/L,U,FLAB,SAMP,MON,SA,G,NOX,0.005,Y,A,0.5,m,,WMD,0,25.1504805,-80.8092194,,,BA,WMD,"No visible solids, but water is very cloudy and difficult to filter. Used two filters to process."
FLAB14,P136495-5,18,NITRATE+NITRITE-N,10/20/2022,0.005,mg/L,U,FLAB,SAMP,MON,SA,G,NOX,0.005,Y,A,0.4,m,,WMD,0,25.1504805,-80.8092194,,,BA,WMD,Sample collected at half total depth as per FSM. Water in sampling area has a greenish tint. Filter turned light green during processing.
FLAB14,P138520-5,18,NITRATE+NITRITE-N,12/19/2022,0.005,mg/L,U,FLAB,SAMP,MON,SA,G,NOX,0.005,Y,A,0.3,m,,WMD,0,25.1504805,-80.8092194,,,BA,WMD,
FLAB14,P139468-5,18,NITRATE+NITRITE-N,1/30/2023,0.005,mg/L,U,FLAB,SAMP,MON,SA,G,NOX,0.005,Y,A,0.5,m,,WMD,0,25.1504805,-80.8092194,,,BA,WMD,
FLAB14,P141269-5,18,NITRATE+NITRITE-N,3/14/2023,0.005,mg/L,U,FLAB,SAMP,MON,SA,G,NOX,0.005,Y,A,0.5,m,,WMD,0,25.1504805,-80.8092194,,,BA,WMD,Secchi on bottom.
FLAB14,P143129-5,18,NITRATE+NITRITE-N,5/11/2023,0.005,mg/L,U,FLAB,SAMP,MON,SA,G,NOX,0.005,Y,A,0.5,m,,WMD,0,25.1504805,-80.8092194,,,BA,WMD,Secchi on bottom
FLAB14,P144703-5,18,NITRATE+NITRITE-N,7/27/2023,0.005,mg/L,U,FLAB,SAMP,MON,SA,G,NOX,0.005,Y,A,0.35,m,,WMD,0,25.1504805,-80.8092194,,,BA,WMD,
FLAB14,P146063-5,18,NITRATE+NITRITE-N,9/27/2023,0.005,mg/L,U,FLAB,SAMP,MON,SA,G,NOX,0.005,Y,A,0.5,m,,WMD,0,25.1504805,-80.8092194,,,BA,WMD,"Water highly turbid, became difficult to filter during processing."
FLAB14,P146064-5,18,NITRATE+NITRITE-N,11/13/2023,0.005,mg/L,U,FLAB,SAMP,MON,SA,G,NOX,0.005,Y,A,0.5,m,,WMD,0,25.1504805,-80.8092194,,,BA,WMD,"Filter became clogged during processing, no color, difficult to filter"
FLAB14,P148342-5,18,NITRATE+NITRITE-N,1/8/2024,0.005,mg/L,U,FLAB,SAMP,MON,SA,G,NOX,0.005,Y,A,0.35,m,,WMD,0,25.1504805,-80.8092194,,,BA,WMD,collected sample approximately 600 feet SSW of site due to shallow depth
FLAB14,P149299-5,18,NITRATE+NITRITE-N,3/4/2024,0.005,mg/L,U,FLAB,SAMP,MON,SA,G,NOX,0.005,Y,A,0.4,m,,WMD,0,25.1504805,-80.8092194,,,BA,WMD,Sample collected 800 m west of site due to shallow depth.
FLAB14,P150708-5,18,NITRATE+NITRITE-N,5/13/2024,0.005,mg/L,U,FLAB,SAMP,MON,SA,G,NOX,0.005,Y,A,0.45,m,,WMD,0,25.1504805,-80.8092194,,,BA,WMD,Filter turned yellow during processing.
FLAB14,P152189-5,18,NITRATE+NITRITE-N,7/15/2024,0.005,mg/L,U,FLAB,SAMP,MON,SA,G,NOX,0.005,Y,A,0.4,m,,WMD,0,25.1504805,-80.8092194,,,BA,WMD,Sample taken 550 m SW of station due to shallow depth. Filter turned green during processing; sample was difficult to push through filter.
FLAB14,P153175-5,18,NITRATE+NITRITE-N,9/12/2024,0.005,mg/L,U,FLAB,SAMP,MON,SA,G,NOX,0.005,Y,A,0.5,m,,WMD,0,25.1504805,-80.8092194,,,BA,WMD,Filter turned green during processing.
FLAB14,P154028-5,18,NITRATE+NITRITE-N,12/9/2024,0.005,mg/L,U,FLAB,SAMP,MON,SA,G,NOX,0.005,Y,A,0.45,m,,WMD,0,25.1504805,-80.8092194,,,BA,WMD,"Because of shallow depths, sample was collected approximately 580 meters to the southwest of the marked site coordinates."
FLAB14,P155969-5,18,NITRATE+NITRITE-N,2/5/2025,0.005,mg/L,U,FLAB,SAMP,MON,SA,G,NOX,0.005,Y,A,0.5,m,,WMD,0,25.1504805,-80.8092194,,,BA,WMD,Secchi on bottom.
FLAB14,P50070-11,19,NITRITE-N,11/16/2010,0.002,mg/L,U,FLAB,FCEB,MON,DI,G,NO2,0.002,Y,A,0,,,WMD,0,25.1504805,-80.8092194,,,BA,WMD,"DI, niskin, bucket, syringe, filter, sample bottle.  FCEB taken at FLAB14."
FLAB14,P52279-7,19,NITRITE-N,4/5/2011,0.002,mg/L,U,FLAB,FCEB,MON,DI,G,NO2,0.002,Y,A,0,,,WMD,0,25.1504805,-80.8092194,,,BA,WMD,"FCEB. DI,NISKEN,BUCKET,SYRINGE,FILTER,SAMPLE BOTTLE. FCEB COLLECTED @ STATION FLAB 14"
FLAB14,P52280-7,19,NITRITE-N,5/3/2011,0.002,mg/L,U,FLAB,FCEB,MON,DI,G,NO2,0.002,Y,A,0,,,WMD,1,25.1504805,-80.8092194,,,BA,WMD,"FCEB. DI,Nisken,Bucket,Syringe,Filter,Sample Bottle. FCDE taken @ station FLAB14"
FLAB14,P55313-7,19,NITRITE-N,4/12/2012,0.002,mg/L,U,FLAB,FCEB,MON,DI,G,NO2,0.002,Y,A,,,,WMD,0,25.1504805,-80.8092194,,,BA,WMD,FCEB
FLAB14,P61818-7,19,NITRITE-N,2/5/2013,0.002,mg/L,U,FLAB,FCEB,MON,DI,G,NO2,0.002,Y,A,,,,WMD,0,25.1504805,-80.8092194,,,BA,WMD,FCEB.
FLAB14,P65941-7,19,NITRITE-N,10/28/2013,0.002,mg/L,U,FLAB,FCEB,MON,DI,G,NO2,0.002,Y,A,,,,WMD,0,25.1504805,-80.8092194,,,PD,WMD,
FLAB14,P86137-7,19,NITRITE-N,10/24/2016,0.002,mg/L,U,FLAB,FCEB,MON,DI,G,NO2,0.002,Y,A,,,,WMD,0,25.1504805,-80.8092194,,,PD,WMD,
FLAB14,P86766-7,19,NITRITE-N,12/21/2016,0.002,mg/L,U,FLAB,FCEB,MON,DI,G,NO2,0.002,Y,A,,,,WMD,0,25.1504805,-80.8092194,,,PD,WMD,
FLAB14,P87830-7,19,NITRITE-N,4/20/2017,0.002,mg/L,U,FLAB,FCEB,MON,DI,G,NO2,0.002,Y,A,,,,WMD,0,25.1504805,-80.8092194,,,PD,WMD,FCEB collected at FLAB14 site.  Sample collected by DA.
FLAB14,P88721-7,19,NITRITE-N,10/12/2017,0.002,mg/L,U,FLAB,FCEB,MON,DI,G,NO2,0.002,Y,A,,,,WMD,0,25.1504805,-80.8092194,,,PD,WMD,FCEB performed.
FLAB14,P91159-7,19,NITRITE-N,12/13/2017,0.002,mg/L,U,FLAB,FCEB,MON,DI,G,NO2,0.002,Y,A,,,,WMD,0,25.1504805,-80.8092194,,,PD,WMD,Performed by EW at FLAB14.
FLAB14,P92112-7,19,NITRITE-N,2/28/2018,0.002,mg/L,U,FLAB,FCEB,MON,DI,G,NO2,0.002,Y,A,,,,WMD,0,25.1504805,-80.8092194,,,PD,WMD,Performed by KJ at FLAB14 with DI 5886.
FLAB14,P92872-7,19,NITRITE-N,4/10/2018,0.002,mg/L,U,FLAB,FCEB,MON,DI,G,NO2,0.002,Y,A,,,,WMD,0,25.1504805,-80.8092194,,,PD,WMD,Performed by NP at FLAB14 with DI 5901.
FLAB14,P120347-8,19,NITRITE-N,12/9/2020,0.002,mg/L,U,FLAB,FCEB,MON,DI,G,NO2,0.002,Y,A,,,,WMD,0,25.1504805,-80.8092194,,,BA,WMD,FCEB collected at station FLAB14 by CL using DI#: 7014.
FLAB14,P129938-8,19,NITRITE-N,2/8/2022,0.002,mg/L,U,FLAB,FCEB,MON,DI,G,NO2,0.002,Y,A,,,,WMD,0,25.1504805,-80.8092194,,,BA,WMD,FCEB collected thru all sampling equipment 7492
FLAB14,P139468-8,19,NITRITE-N,1/30/2023,0.002,mg/L,U,FLAB,FCEB,MON,DI,G,NO2,0.002,Y,A,,,,WMD,0,25.1504805,-80.8092194,,,BA,WMD,FCEB collected thru all sampling equipment by TT at FLAB14 using DI 7688.
FLAB14,P143129-8,19,NITRITE-N,5/11/2023,0.002,mg/L,U,FLAB,FCEB,MON,DI,G,NO2,0.002,Y,A,,,,WMD,0,25.1504805,-80.8092194,,,BA,WMD,FCEB collected thru all sampling equipment by PF at FLAB14 using DI 7762
FLAB14,P146064-8,19,NITRITE-N,11/13/2023,0.002,mg/L,U,FLAB,FCEB,MON,DI,G,NO2,0.002,Y,A,,,,WMD,0,25.1504805,-80.8092194,,,BA,WMD,FCEB collected thru all sampling equipment by CL at FLAB14 using DI 7860
FLAB14,P148342-8,19,NITRITE-N,1/8/2024,0.002,mg/L,U,FLAB,FCEB,MON,DI,G,NO2,0.002,Y,A,,,,WMD,0,25.1504805,-80.8092194,,,BA,WMD,FCEB collected thru all sampling equipment by ST at FLAB14 using DI 7913
FLAB14,P152189-8,19,NITRITE-N,7/15/2024,0.002,mg/L,U,FLAB,FCEB,MON,DI,G,NO2,0.002,Y,A,,,,WMD,0,25.1504805,-80.8092194,,,BA,WMD,FCEB collected thru all sampling equipment by RJC using DI 8031.
FLAB14,P153175-8,19,NITRITE-N,9/12/2024,0.002,mg/L,U,FLAB,FCEB,MON,DI,G,NO2,0.002,Y,A,,,,WMD,0,25.1504805,-80.8092194,,,BA,WMD,FCEB collected thru all sampling equipment using DI 8059.
FLAB14,FIU14936,19,NITRITE-N,4/15/1991,0.001,mg/L,PMR,FLAB,SAMP,MON,SA,G,NO2,,N,A,0,,,FIU,0,25.1504805,-80.8092194,,,,FIU,
FLAB14,FIU14939,19,NITRITE-N,5/15/1991,0.001,mg/L,PMR,FLAB,SAMP,MON,SA,G,NO2,,N,A,0,,,FIU,0,25.1504805,-80.8092194,,,,FIU,
FLAB14,FIU14940,19,NITRITE-N,6/15/1991,0.001,mg/L,PMR,FLAB,SAMP,MON,SA,G,NO2,,N,A,0,,,FIU,0,25.1504805,-80.8092194,,,,FIU,
FLAB14,FIU14942,19,NITRITE-N,7/15/1991,0.001,mg/L,PMR,FLAB,SAMP,MON,SA,G,NO2,,N,A,0,,,FIU,0,25.1504805,-80.8092194,,,,FIU,
FLAB14,FIU14945,19,NITRITE-N,8/15/1991,0.001,mg/L,PMR,FLAB,SAMP,MON,SA,G,NO2,,N,A,0,,,FIU,0,25.1504805,-80.8092194,,,,FIU,
FLAB14,FIU14946,19,NITRITE-N,9/15/1991,0.003,mg/L,PMR,FLAB,SAMP,MON,SA,G,NO2,,N,A,0,,,FIU,0,25.1504805,-80.8092194,,,,FIU,
FLAB14,FIU14949,19,NITRITE-N,10/15/1991,0.004,mg/L,PMR,FLAB,SAMP,MON,SA,G,NO2,,N,A,0,,,FIU,0,25.1504805,-80.8092194,,,,FIU,
FLAB14,FIU14950,19,NITRITE-N,11/15/1991,0.001,mg/L,PMR,FLAB,SAMP,MON,SA,G,NO2,,N,A,0,,,FIU,0,25.1504805,-80.8092194,,,,FIU,
FLAB14,FIU14953,19,NITRITE-N,12/15/1991,0.005,mg/L,PMR,FLAB,SAMP,MON,SA,G,NO2,,N,A,0,,,FIU,0,25.1504805,-80.8092194,,,,FIU,
FLAB14,FIU14954,19,NITRITE-N,1/15/1992,0.001,mg/L,PMR,FLAB,SAMP,MON,SA,G,NO2,,N,A,0,,,FIU,0,25.1504805,-80.8092194,,,,FIU,
FLAB14,FIU14956,19,NITRITE-N,2/15/1992,0.002,mg/L,PMR,FLAB,SAMP,MON,SA,G,NO2,,N,A,0,,,FIU,0,25.1504805,-80.8092194,,,,FIU,
FLAB14,FIU14959,19,NITRITE-N,3/15/1992,0.001,mg/L,PMR,FLAB,SAMP,MON,SA,G,NO2,,N,A,0,,,FIU,0,25.1504805,-80.8092194,,,,FIU,
FLAB14,FIU14960,19,NITRITE-N,4/15/1992,0.001,mg/L,PMR,FLAB,SAMP,MON,SA,G,NO2,,N,A,0,,,FIU,0,25.1504805,-80.8092194,,,,FIU,
FLAB14,FIU14962,19,NITRITE-N,5/15/1992,0.002,mg/L,PMR,FLAB,SAMP,MON,SA,G,NO2,,N,A,0,,,FIU,0,25.1504805,-80.8092194,,,,FIU,
FLAB14,FIU14964,19,NITRITE-N,6/15/1992,0.003,mg/L,PMR,FLAB,SAMP,MON,SA,G,NO2,,N,A,0,,,FIU,0,25.1504805,-80.8092194,,,,FIU,
FLAB14,FIU14966,19,NITRITE-N,7/15/1992,0.001,mg/L,PMR,FLAB,SAMP,MON,SA,G,NO2,,N,A,0,,,FIU,0,25.1504805,-80.8092194,,,,FIU,
FLAB14,FIU14968,19,NITRITE-N,8/15/1992,0.003,mg/L,PMR,FLAB,SAMP,MON,SA,G,NO2,,N,A,0,,,FIU,0,25.1504805,-80.8092194,,,,FIU,
FLAB14,FIU14971,19,NITRITE-N,9/15/1992,0.005,mg/L,PMR,FLAB,SAMP,MON,SA,G,NO2,,N,A,0,,,FIU,0,25.1504805,-80.8092194,,,,FIU,
FLAB14,FIU14973,19,NITRITE-N,10/15/1992,0.003,mg/L,PMR,FLAB,SAMP,MON,SA,G,NO2,,N,A,0,,,FIU,0,25.1504805,-80.8092194,,,,FIU,
FLAB14,FIU14975,19,NITRITE-N,11/15/1992,0.003,mg/L,PMR,FLAB,SAMP,MON,SA,G,NO2,,N,A,0,,,FIU,0,25.1504805,-80.8092194,,,,FIU,
FLAB14,FIU14977,19,NITRITE-N,12/15/1992,0.003,mg/L,PMR,FLAB,SAMP,MON,SA,G,NO2,,N,A,0,,,FIU,0,25.1504805,-80.8092194,,,,FIU,
FLAB14,FIU14978,19,NITRITE-N,1/21/1993,0.002,mg/L,PMR,FLAB,SAMP,MON,SA,G,NO2,,N,A,0,,,FIU,0,25.1504805,-80.8092194,,,,FIU,
FLAB14,FIU14979,19,NITRITE-N,2/10/1993,0.001,mg/L,PMR,FLAB,SAMP,MON,SA,G,NO2,,N,A,0,,,FIU,0,25.1504805,-80.8092194,,,,FIU,
FLAB14,FIU14980,19,NITRITE-N,3/10/1993,0.002,mg/L,PMR,FLAB,SAMP,MON,SA,G,NO2,,N,A,0,,,FIU,0,25.1504805,-80.8092194,,,,FIU,
FLAB14,FIU14981,19,NITRITE-N,4/7/1993,0.002,mg/L,PMR,FLAB,SAMP,MON,SA,G,NO2,,N,A,0,,,FIU,0,25.1504805,-80.8092194,,,,FIU,
FLAB14,FIU14982,19,NITRITE-N,5/12/1993,0.001,mg/L,PMR,FLAB,SAMP,MON,SA,G,NO2,,N,A,0,,,FIU,0,25.1504805,-80.8092194,,,,FIU,
FLAB14,FIU14983,19,NITRITE-N,6/3/1993,0.001,mg/L,PMR,FLAB,SAMP,MON,SA,G,NO2,,N,A,0,,,FIU,0,25.1504805,-80.8092194,,,,FIU,
FLAB14,FIU14984,19,NITRITE-N,7/7/1993,0.001,mg/L,PMR,FLAB,SAMP,MON,SA,G,NO2,,N,A,0,,,FIU,0,25.1504805,-80.8092194,,,,FIU,
FLAB14,FIU14985,19,NITRITE-N,8/4/1993,0.001,mg/L,PMR,FLAB,SAMP,MON,SA,G,NO2,,N,A,0,,,FIU,0,25.1504805,-80.8092194,,,,FIU,
FLAB14,FIU14986,19,NITRITE-N,9/9/1993,0.003,mg/L,PMR,FLAB,SAMP,MON,SA,G,NO2,,N,A,0,,,FIU,0,25.1504805,-80.8092194,,,,FIU,
FLAB14,FIU14987,19,NITRITE-N,10/6/1993,0.001,mg/L,PMR,FLAB,SAMP,MON,SA,G,NO2,,N,A,0,,,FIU,0,25.1504805,-80.8092194,,,,FIU,
FLAB14,FIU14988,19,NITRITE-N,11/3/1993,0.005,mg/L,PMR,FLAB,SAMP,MON,SA,G,NO2,,N,A,0,,,FIU,0,25.1504805,-80.8092194,,,,FIU,
FLAB14,FIU14989,19,NITRITE-N,12/2/1993,0.003,mg/L,PMR,FLAB,SAMP,MON,SA,G,NO2,,N,A,0,,,FIU,0,25.1504805,-80.8092194,,,,FIU,
FLAB14,FIU14990,19,NITRITE-N,1/11/1994,0.006,mg/L,PMR,FLAB,SAMP,MON,SA,G,NO2,,N,A,0,,,FIU,0,25.1504805,-80.8092194,,,,FIU,
FLAB14,FIU14991,19,NITRITE-N,2/2/1994,0.001,mg/L,PMR,FLAB,SAMP,MON,SA,G,NO2,,N,A,0,,,FIU,0,25.1504805,-80.8092194,,,,FIU,
FLAB14,FIU14992,19,NITRITE-N,3/8/1994,0.004,mg/L,PMR,FLAB,SAMP,MON,SA,G,NO2,,N,A,0,,,FIU,0,25.1504805,-80.8092194,,,,FIU,
FLAB14,FIU14993,19,NITRITE-N,4/6/1994,0.0017,mg/L,A,FLAB,SAMP,MON,SA,G,NO2,,N,A,0,,,FIU,0,25.1504805,-80.8092194,,,,FIU,
FLAB14,FIU14995,19,NITRITE-N,5/4/1994,0.0023,mg/L,A,FLAB,SAMP,MON,SA,G,NO2,,N,A,0,,,FIU,0,25.1504805,-80.8092194,,,,FIU,
FLAB14,FIU14997,19,NITRITE-N,6/8/1994,0.0013,mg/L,A,FLAB,SAMP,MON,SA,G,NO2,,N,A,0,,,FIU,0,25.1504805,-80.8092194,,,,FIU,
FLAB14,FIU14999,19,NITRITE-N,7/7/1994,0.0024,mg/L,A,FLAB,SAMP,MON,SA,G,NO2,,N,A,0,,,FIU,0,25.1504805,-80.8092194,,,,FIU,
FLAB14,FIU15001,19,NITRITE-N,8/4/1994,0.0013,mg/L,A,FLAB,SAMP,MON,SA,G,NO2,,N,A,0,,,FIU,0,25.1504805,-80.8092194,,,,FIU,
FLAB14,FIU15003,19,NITRITE-N,9/14/1994,0.003,mg/L,A,FLAB,SAMP,MON,SA,G,NO2,,N,A,0,,,FIU,0,25.1504805,-80.8092194,,,,FIU,
FLAB14,FIU15005,19,NITRITE-N,10/5/1994,0.0028,mg/L,A,FLAB,SAMP,MON,SA,G,NO2,,N,A,0,,,FIU,0,25.1504805,-80.8092194,,,,FIU,
FLAB14,FIU15007,19,NITRITE-N,11/2/1994,0.0023,mg/L,A,FLAB,SAMP,MON,SA,G,NO2,,N,A,0,,,FIU,0,25.1504805,-80.8092194,,,,FIU,
FLAB14,FIU15009,19,NITRITE-N,11/22/1994,0.0015,mg/L,A,FLAB,SAMP,MON,SA,G,NO2,,N,A,0,,,FIU,0,25.1504805,-80.8092194,,,,FIU,
FLAB14,FIU15011,19,NITRITE-N,12/1/1994,0.0021,mg/L,A,FLAB,SAMP,MON,SA,G,NO2,,N,A,0,,,FIU,0,25.1504805,-80.8092194,,,,FIU,
FLAB14,FIU15013,19,NITRITE-N,1/5/1995,0.0016,mg/L,PMR,FLAB,SAMP,MON,SA,G,NO2,,N,A,0,,,FIU,0,25.1504805,-80.8092194,,,,FIU,
FLAB14,FIU15015,19,NITRITE-N,2/2/1995,0.0019,mg/L,PMR,FLAB,SAMP,MON,SA,G,NO2,,N,A,0,,,FIU,0,25.1504805,-80.8092194,,,,FIU,
FLAB14,FIU15017,19,NITRITE-N,3/1/1995,0.0026,mg/L,PMR,FLAB,SAMP,MON,SA,G,NO2,,N,A,0,,,FIU,0,25.1504805,-80.8092194,,,,FIU,
FLAB14,FIU15019,19,NITRITE-N,4/19/1995,0.0057,mg/L,PMR,FLAB,SAMP,MON,SA,G,NO2,,N,A,0,,,FIU,0,25.1504805,-80.8092194,,,,FIU,
FLAB14,FIU15021,19,NITRITE-N,5/24/1995,0.0026,mg/L,PMR,FLAB,SAMP,MON,SA,G,NO2,,N,A,0,,,FIU,0,25.1504805,-80.8092194,,,,FIU,
FLAB14,FIU15023,19,NITRITE-N,6/21/1995,0.0009,mg/L,PMR,FLAB,SAMP,MON,SA,G,NO2,,N,A,0,,,FIU,0,25.1504805,-80.8092194,,,,FIU,
FLAB14,FIU15025,19,NITRITE-N,7/12/1995,0.0011,mg/L,PMR,FLAB,SAMP,MON,SA,G,NO2,,N,A,0,,,FIU,0,25.1504805,-80.8092194,,,,FIU,
FLAB14,FIU15027,19,NITRITE-N,8/11/1995,0.0004,mg/L,PMR,FLAB,SAMP,MON,SA,G,NO2,,N,A,0,,,FIU,0,25.1504805,-80.8092194,,,,FIU,
FLAB14,FIU15029,19,NITRITE-N,9/6/1995,0.0013,mg/L,PMR,FLAB,SAMP,MON,SA,G,NO2,,N,A,0,,,FIU,0,25.1504805,-80.8092194,,,,FIU,
FLAB14,FIU15031,19,NITRITE-N,10/22/1995,0.006,mg/L,PMR,FLAB,SAMP,MON,SA,G,NO2,,N,A,0,,,FIU,0,25.1504805,-80.8092194,,,,FIU,
FLAB14,FIU15033,19,NITRITE-N,11/17/1995,0.0007,mg/L,Q,FLAB,SAMP,MON,SA,G,NO2,,N,A,0,,,FIU,0,25.1504805,-80.8092194,,,,FIU,
FLAB14,FIU15035,19,NITRITE-N,12/14/1995,0.0053,mg/L,Q,FLAB,SAMP,MON,SA,G,NO2,,N,A,0,,,FIU,0,25.1504805,-80.8092194,,,,FIU,
FLAB14,FIU15037,19,NITRITE-N,1/23/1996,0.0053,mg/L,PMR,FLAB,SAMP,MON,SA,G,NO2,,N,A,0,,,FIU,0,25.1504805,-80.8092194,,,,FIU,
FLAB14,FIU15039,19,NITRITE-N,2/12/1996,0.0017,mg/L,PMR,FLAB,SAMP,MON,SA,G,NO2,,N,A,0,,,FIU,0,25.1504805,-80.8092194,,,,FIU,
FLAB14,FIU15041,19,NITRITE-N,3/22/1996,0.0013,mg/L,PMR,FLAB,SAMP,MON,SA,G,NO2,,N,A,0,,,FIU,0,25.1504805,-80.8092194,,,,FIU,
FLAB14,FIU15043,19,NITRITE-N,4/25/1996,0.0206,mg/L,PMR,FLAB,SAMP,MON,SA,G,NO2,,N,A,0,,,FIU,0,25.1504805,-80.8092194,,,,FIU,
FLAB14,FIU15045,19,NITRITE-N,5/10/1996,0.0173,mg/L,PMR,FLAB,SAMP,MON,SA,G,NO2,,N,A,0,,,FIU,0,25.1504805,-80.8092194,,,,FIU,
FLAB14,FIU15047,19,NITRITE-N,6/6/1996,0.0038,mg/L,PMR,FLAB,SAMP,MON,SA,G,NO2,,N,A,0,,,FIU,0,25.1504805,-80.8092194,,,,FIU,
FLAB14,FIU15049,19,NITRITE-N,7/4/1996,0.0068,mg/L,PMR,FLAB,SAMP,MON,SA,G,NO2,,N,A,0.1,,,FIU,0,25.1504805,-80.8092194,,,,FIU,
FLAB14,FIU15051,19,NITRITE-N,8/22/1996,0.0026,mg/L,PMR,FLAB,SAMP,MON,SA,G,NO2,,N,A,0.1,,,FIU,0,25.1504805,-80.8092194,,,,FIU,
FLAB14,FIU15053,19,NITRITE-N,9/14/1996,0.0028,mg/L,PMR,FLAB,SAMP,MON,SA,G,NO2,,N,A,0.1,,,FIU,0,25.1504805,-80.8092194,,,,FIU,
FLAB14,FIU15055,19,NITRITE-N,10/15/1996,0.0062,mg/L,PMR,FLAB,SAMP,MON,SA,G,NO2,,N,A,0.1,,,FIU,0,25.1504805,-80.8092194,,,,FIU,
FLAB14,FIU15057,19,NITRITE-N,11/7/1996,0.0108,mg/L,PMR,FLAB,SAMP,MON,SA,G,NO2,,N,A,0.1,,,FIU,0,25.1504805,-80.8092194,,,,FIU,
FLAB14,FIU15059,19,NITRITE-N,12/6/1996,0.0232,mg/L,PMR,FLAB,SAMP,MON,SA,G,NO2,,N,A,0.1,,,FIU,0,25.1504805,-80.8092194,,,,FIU,
FLAB14,FIU15061,19,NITRITE-N,1/8/1997,0.0005,mg/L,PMR,FLAB,SAMP,MON,SA,G,NO2,,N,A,0.1,,,FIU,0,25.1504805,-80.8092194,,,,FIU,
FLAB14,FIU15063,19,NITRITE-N,2/15/1997,0.0145,mg/L,PMR,FLAB,SAMP,MON,SA,G,NO2,,N,A,0.1,,,FIU,0,25.1504805,-80.8092194,,,,FIU,
FLAB14,FIU15065,19,NITRITE-N,3/12/1997,0.0157,mg/L,PMR,FLAB,SAMP,MON,SA,G,NO2,,N,A,0.1,,,FIU,0,25.1504805,-80.8092194,,,,FIU,
FLAB14,FIU15067,19,NITRITE-N,4/16/1997,0.0187,mg/L,PMR,FLAB,SAMP,MON,SA,G,NO2,,N,A,0.1,,,FIU,0,25.1504805,-80.8092194,,,,FIU,
FLAB14,FIU15069,19,NITRITE-N,5/22/1997,0.0014,mg/L,PMR,FLAB,SAMP,MON,SA,G,NO2,,N,A,0.1,,,FIU,0,25.1504805,-80.8092194,,,,FIU,
FLAB14,FIU15071,19,NITRITE-N,6/12/1997,0.0025,mg/L,PMR,FLAB,SAMP,MON,SA,G,NO2,,N,A,0.1,,,FIU,0,25.1504805,-80.8092194,,,,FIU,
FLAB14,FIU15073,19,NITRITE-N,7/10/1997,0.0004,mg/L,PMR,FLAB,SAMP,MON,SA,G,NO2,,N,A,0.1,,,FIU,0,25.1504805,-80.8092194,,,,FIU,
FLAB14,FIU15074,19,NITRITE-N,8/20/1997,0.0013,mg/L,PMR,FLAB,SAMP,MON,SA,G,NO2,,N,A,0.1,,,FIU,0,25.1504805,-80.8092194,,,,FIU,
FLAB14,FIU15076,19,NITRITE-N,9/10/1997,0.0034,mg/L,PMR,FLAB,SAMP,MON,SA,G,NO2,,N,A,0.1,,,FIU,0,25.1504805,-80.8092194,,,,FIU,
FLAB14,FIU15078,19,NITRITE-N,10/21/1997,0.0007,mg/L,PMR,FLAB,SAMP,MON,SA,G,NO2,,N,A,0.1,,,FIU,0,25.1504805,-80.8092194,,,,FIU,
FLAB14,FIU15080,19,NITRITE-N,11/25/1997,0.0039,mg/L,PMR,FLAB,SAMP,MON,SA,G,NO2,,N,A,0.1,,,FIU,0,25.1504805,-80.8092194,,,,FIU,
FLAB14,FIU15082,19,NITRITE-N,12/12/1997,0.0072,mg/L,PMR,FLAB,SAMP,MON,SA,G,NO2,,N,A,0.1,,,FIU,0,25.1504805,-80.8092194,,,,FIU,
FLAB14,FIU15084,19,NITRITE-N,1/21/1998,0.0071,mg/L,PMR,FLAB,SAMP,MON,SA,G,NO2,,N,A,0.1,,,FIU,0,25.1504805,-80.8092194,,,,FIU,
FLAB14,FIU15086,19,NITRITE-N,2/18/1998,0.012,mg/L,PMR,FLAB,SAMP,MON,SA,G,NO2,,N,A,0.1,,,FIU,0,25.1504805,-80.8092194,,,,FIU,
FLAB14,FIU15088,19,NITRITE-N,3/20/1998,0.0389,mg/L,PMR,FLAB,SAMP,MON,SA,G,NO2,,N,A,0.1,,,FIU,0,25.1504805,-80.8092194,,,,FIU,
FLAB14,FIU15090,19,NITRITE-N,4/15/1998,0.0519,mg/L,PMR,FLAB,SAMP,MON,SA,G,NO2,,N,A,0.1,,,FIU,0,25.1504805,-80.8092194,,,,FIU,
FLAB14,FIU15092,19,NITRITE-N,5/14/1998,0.0021,mg/L,PMR,FLAB,SAMP,MON,SA,G,NO2,,N,A,0.1,,,FIU,0,25.1504805,-80.8092194,,,,FIU,
FLAB14,FIU15094,19,NITRITE-N,6/10/1998,0.0023,mg/L,PMR,FLAB,SAMP,MON,SA,G,NO2,,N,A,0.1,,,FIU,0,25.1504805,-80.8092194,,,,FIU,
FLAB14,FIU15096,19,NITRITE-N,7/14/1998,0.0006,mg/L,PMR,FLAB,SAMP,MON,SA,G,NO2,,N,A,0.1,,,FIU,0,25.1504805,-80.8092194,,,,FIU,
FLAB14,FIU15098,19,NITRITE-N,8/19/1998,0.0005,mg/L,PMR,FLAB,SAMP,MON,SA,G,NO2,,N,A,0.1,,,FIU,0,25.1504805,-80.8092194,,,,FIU,
FLAB14,FIU15100,19,NITRITE-N,9/17/1998,0.0007,mg/L,PMR,FLAB,SAMP,MON,SA,G,NO2,,N,A,0.1,,,FIU,0,25.1504805,-80.8092194,,,,FIU,
FLAB14,FIU15102,19,NITRITE-N,9/30/1998,0.0042,mg/L,PMR,FLAB,SAMP,MON,SA,G,NO2,,N,A,0.1,,,FIU,0,25.1504805,-80.8092194,,,,FIU,
FLAB14,FIU15104,19,NITRITE-N,11/3/1998,0.0005,mg/L,PMR,FLAB,SAMP,MON,SA,G,NO2,,N,A,0.1,,,FIU,0,25.1504805,-80.8092194,,,,FIU,
FLAB14,FIU15106,19,NITRITE-N,12/1/1998,0.0006,mg/L,PMR,FLAB,SAMP,MON,SA,G,NO2,,N,A,0.1,,,FIU,0,25.1504805,-80.8092194,,,,FIU,
FLAB14,FIU15108,19,NITRITE-N,1/14/1999,0.0007,mg/L,PMR,FLAB,SAMP,MON,SA,G,NO2,,N,A,0.1,,,FIU,0,25.1504805,-80.8092194,,,,FIU,
FLAB14,FIU15110,19,NITRITE-N,2/10/1999,0.0015,mg/L,PMR,FLAB,SAMP,MON,SA,G,NO2,,N,A,0.1,,,FIU,0,25.1504805,-80.8092194,,,,FIU,
FLAB14,FIU15112,19,NITRITE-N,3/23/1999,0.0051,mg/L,PMR,FLAB,SAMP,MON,SA,G,NO2,,N,A,0.1,,,FIU,0,25.1504805,-80.8092194,,,,FIU,
FLAB14,FIU15114,19,NITRITE-N,4/29/1999,0.0038,mg/L,PMR,FLAB,SAMP,MON,SA,G,NO2,,N,A,0.1,,,FIU,0,25.1504805,-80.8092194,,,,FIU,
FLAB14,FIU15116,19,NITRITE-N,5/28/1999,0.0081,mg/L,PMR,FLAB,SAMP,MON,SA,G,NO2,,N,A,0.1,,,FIU,0,25.1504805,-80.8092194,,,,FIU,
FLAB14,FIU15118,19,NITRITE-N,6/17/1999,0.0065,mg/L,PMR,FLAB,SAMP,MON,SA,G,NO2,,N,A,0.1,,,FIU,0,25.1504805,-80.8092194,,,,FIU,
FLAB14,FIU15120,19,NITRITE-N,7/6/1999,0.0089,mg/L,PMR,FLAB,SAMP,MON,SA,G,NO2,0.0003,N,A,0.1,,,FIU,0,25.1504805,-80.8092194,,,,FIU,
FLAB14,FIU15122,19,NITRITE-N,8/24/1999,0.0014,mg/L,PMR,FLAB,SAMP,MON,SA,G,NO2,0.0003,N,A,0.1,,,FIU,0,25.1504805,-80.8092194,,,,FIU,
FLAB14,FIU15124,19,NITRITE-N,9/23/1999,0.0017,mg/L,PMR,FLAB,SAMP,MON,SA,G,NO2,0.00028,N,A,0.1,,,FIU,0,25.1504805,-80.8092194,,,,FIU,
FLAB14,FIU15126,19,NITRITE-N,10/26/1999,0.0014,mg/L,PMR,FLAB,SAMP,MON,SA,G,NO2,0.00028,N,A,0.1,,,FIU,0,25.1504805,-80.8092194,,,,FIU,
FLAB14,FIU15128,19,NITRITE-N,11/12/1999,0.0091,mg/L,PMR,FLAB,SAMP,MON,SA,G,NO2,0.00028,N,A,0.1,,,FIU,0,25.1504805,-80.8092194,,,,FIU,
FLAB14,FIU15130,19,NITRITE-N,12/3/1999,0.001,mg/L,PMR,FLAB,SAMP,MON,SA,G,NO2,0.00028,N,A,0.1,,,FIU,0,25.1504805,-80.8092194,,,,FIU,
FLAB14,FIU15132,19,NITRITE-N,1/25/2000,0.0012,mg/L,PMR,FLAB,SAMP,MON,SA,G,NO2,0.00028,N,A,0.1,,,FIU,0,25.1504805,-80.8092194,,,,FIU,
FLAB14,FIU15134,19,NITRITE-N,2/28/2000,0.0003,mg/L,PMR,FLAB,SAMP,MON,SA,G,NO2,0.00028,N,A,0.1,,,FIU,0,25.1504805,-80.8092194,,,,FIU,
FLAB14,FIU15136,19,NITRITE-N,3/21/2000,0.0005,mg/L,PMR,FLAB,SAMP,MON,SA,G,NO2,0.00028,N,A,0.1,,,FIU,0,25.1504805,-80.8092194,,,,FIU,
FLAB14,FIU15138,19,NITRITE-N,4/13/2000,0.0011,mg/L,PMR,FLAB,SAMP,MON,SA,G,NO2,0.00028,N,A,0.1,,,FIU,0,25.1504805,-80.8092194,,,,FIU,
FLAB14,FIU15140,19,NITRITE-N,5/30/2000,0.00028,mg/L,U,FLAB,SAMP,MON,SA,G,NO2,0.00028,Y,A,0.1,,,FIU,0,25.1504805,-80.8092194,,,,FIU,
FLAB14,FIU15142,19,NITRITE-N,6/20/2000,0.0037,mg/L,PMR,FLAB,SAMP,MON,SA,G,NO2,0.00028,N,A,0.1,,,FIU,0,25.1504805,-80.8092194,,,,FIU,
FLAB14,FIU15144,19,NITRITE-N,7/20/2000,0.0005,mg/L,PMR,FLAB,SAMP,MON,SA,G,NO2,0.0003,N,A,0.1,,,FIU,0,25.1504805,-80.8092194,,,,FIU,
FLAB14,FIU15146,19,NITRITE-N,8/29/2000,0.0009,mg/L,PMR,FLAB,SAMP,MON,SA,G,NO2,0.0003,N,A,0.1,,,FIU,0,25.1504805,-80.8092194,,,,FIU,
FLAB14,FIU15148,19,NITRITE-N,9/29/2000,0.0009,mg/L,PMR,FLAB,SAMP,MON,SA,G,NO2,0.0003,N,A,0.1,,,FIU,0,25.1504805,-80.8092194,,,,FIU,
FLAB14,FIU15150,19,NITRITE-N,10/26/2000,0.0014,mg/L,PMR,FLAB,SAMP,MON,SA,G,NO2,0.0003,N,A,0.1,,,FIU,0,25.1504805,-80.8092194,,,,FIU,
FLAB14,FIU15152,19,NITRITE-N,11/30/2000,0.0007,mg/L,PMR,FLAB,SAMP,MON,SA,G,NO2,0.0003,N,A,0.1,,,FIU,0,25.1504805,-80.8092194,,,,FIU,
FLAB14,FIU15154,19,NITRITE-N,12/11/2000,0.0005,mg/L,PMR,FLAB,SAMP,MON,SA,G,NO2,0.0003,N,A,0.1,,,FIU,0,25.1504805,-80.8092194,,,,FIU,
FLAB14,FIU15156,19,NITRITE-N,1/25/2001,0.0011,mg/L,PMR,FLAB,SAMP,MON,SA,G,NO2,0.0001,N,A,0.1,,,FIU,0,25.1504805,-80.8092194,,,,FIU,
FLAB14,FIU15158,19,NITRITE-N,2/21/2001,0.0073,mg/L,PMR,FLAB,SAMP,MON,SA,G,NO2,0.0001,N,A,0.1,,,FIU,0,25.1504805,-80.8092194,,,,FIU,
FLAB14,FIU15160,19,NITRITE-N,3/6/2001,0.0024,mg/L,PMR,FLAB,SAMP,MON,SA,G,NO2,0.0001,N,A,0.1,,,FIU,0,25.1504805,-80.8092194,,,,FIU,
FLAB14,FIU15162,19,NITRITE-N,4/3/2001,0.002,mg/L,PMR,FLAB,SAMP,MON,SA,G,NO2,0.0001,N,A,0.1,,,FIU,0,25.1504805,-80.8092194,,,,FIU,
FLAB14,FIU15164,19,NITRITE-N,5/2/2001,0.0019,mg/L,PMR,FLAB,SAMP,MON,SA,G,NO2,0.0001,N,A,0.1,,,FIU,0,25.1504805,-80.8092194,,,,FIU,
FLAB14,FIU110784,19,NITRITE-N,6/5/2001,0.0011,mg/L,PMR,FLAB,SAMP,MON,SA,G,NO2,0.0001,N,A,0.1,,,FIU,0,25.1504805,-80.8092194,,,,FIU,
FLAB14,FIU15166,19,NITRITE-N,7/12/2001,0.0011,mg/L,PMR,FLAB,SAMP,MON,SA,G,NO2,0.0001,N,A,0.1,,,FIU,0,25.1504805,-80.8092194,,,,FIU,
FLAB14,FIU15168,19,NITRITE-N,8/14/2001,0.0019,mg/L,PMR,FLAB,SAMP,MON,SA,G,NO2,0.0001,N,A,0.1,,,FIU,0,25.1504805,-80.8092194,,,,FIU,
FLAB14,FIU15170,19,NITRITE-N,9/5/2001,0.0004,mg/L,PMR,FLAB,SAMP,MON,SA,G,NO2,0.0001,N,A,0.1,,,FIU,0,25.1504805,-80.8092194,,,,FIU,
FLAB14,FIU110486,19,NITRITE-N,10/23/2001,0.0027,mg/L,PMR,FLAB,SAMP,MON,SA,G,NO2,0.0001,N,A,0.1,,,FIU,0,25.1504805,-80.8092194,,,,FIU,
FLAB14,FIU110488,19,NITRITE-N,11/8/2001,0.0045,mg/L,PMR,FLAB,SAMP,MON,SA,G,NO2,0.0001,N,A,0.1,,,FIU,0,25.1504805,-80.8092194,,,,FIU,
FLAB14,FIU110490,19,NITRITE-N,12/3/2001,0.0005,mg/L,PMR,FLAB,SAMP,MON,SA,G,NO2,0.0001,N,A,0.1,,,FIU,0,25.1504805,-80.8092194,,,,FIU,
FLAB14,FIU113118,19,NITRITE-N,1/29/2002,0.0007,mg/L,,FLAB,SAMP,MON,SA,G,NO2,0.0001,N,A,0.1,,,FIU,0,25.1504805,-80.8092194,,,,FIU,
FLAB14,FIU113120,19,NITRITE-N,2/20/2002,0.0007,mg/L,,FLAB,SAMP,MON,SA,G,NO2,0.0001,N,A,0.1,,,FIU,0,25.1504805,-80.8092194,,,,FIU,
FLAB14,FIU113122,19,NITRITE-N,3/19/2002,0.0044,mg/L,,FLAB,SAMP,MON,SA,G,NO2,0.0001,N,A,0.1,,,FIU,0,25.1504805,-80.8092194,,,,FIU,
FLAB14,134014,19,NITRITE-N,4/9/2002,0.0031,mg/L,,FLAB,SAMP,MON,SA,G,NO2,0.0001,N,A,0.1,,,FIU,0,25.1504805,-80.8092194,,,,FIU,
FLAB14,135014,19,NITRITE-N,5/15/2002,0.0026,mg/L,,FLAB,SAMP,MON,SA,G,NO2,0.0003,N,A,0.1,,,FIU,0,25.1504805,-80.8092194,,,,FIU,
FLAB14,136014,19,NITRITE-N,6/4/2002,0.0063,mg/L,,FLAB,SAMP,MON,SA,G,NO2,0.0003,N,A,0.1,,,FIU,0,25.1504805,-80.8092194,,,,FIU,
FLAB14,137014,19,NITRITE-N,7/11/2002,0.0081,mg/L,,FLAB,SAMP,MON,SA,G,NO2,0.0003,N,A,0.1,,,FIU,0,25.1504805,-80.8092194,,,,FIU,
FLAB14,138014,19,NITRITE-N,8/19/2002,0.0006,mg/L,,FLAB,SAMP,MON,SA,G,NO2,0.0003,N,A,0.1,,,FIU,0,25.1504805,-80.8092194,,,,FIU,
FLAB14,139014,19,NITRITE-N,9/17/2002,0.003,mg/L,,FLAB,SAMP,MON,SA,G,NO2,0.0003,N,A,0.1,,,FIU,0,25.1504805,-80.8092194,,,,FIU,
FLAB14,140014,19,NITRITE-N,10/17/2002,0.0019,mg/L,,FLAB,SAMP,MON,SA,G,NO2,0.0003,N,A,0.1,,,FIU,0,25.1504805,-80.8092194,,,,FIU,
FLAB14,141014,19,NITRITE-N,11/14/2002,0.0017,mg/L,,FLAB,SAMP,MON,SA,G,NO2,0.0003,N,A,0.1,,,FIU,0,25.1504805,-80.8092194,,,,FIU,
FLAB14,142014,19,NITRITE-N,12/11/2002,0.0034,mg/L,,FLAB,SAMP,MON,SA,G,NO2,0.0003,N,A,0.1,,,FIU,0,25.1504805,-80.8092194,,,,FIU,
FLAB14,143014,19,NITRITE-N,1/28/2003,0.003,mg/L,,FLAB,SAMP,MON,SA,G,NO2,0.0003,N,A,0.1,,,FIU,0,25.1504805,-80.8092194,,,,FIU,
FLAB14,144014,19,NITRITE-N,2/25/2003,0.0042,mg/L,,FLAB,SAMP,MON,SA,G,NO2,0.0003,N,A,0.1,,,FIU,0,25.1504805,-80.8092194,,,,FIU,
FLAB14,145014,19,NITRITE-N,3/13/2003,0.0026,mg/L,,FLAB,SAMP,MON,SA,G,NO2,0.0003,N,A,0.1,,,FIU,0,25.1504805,-80.8092194,,,,FIU,
FLAB14,146014,19,NITRITE-N,4/9/2003,0.0013,mg/L,,FLAB,SAMP,MON,SA,G,NO2,0.0003,N,A,0.1,,,FIU,0,25.1504805,-80.8092194,,,,FIU,
FLAB14,147014,19,NITRITE-N,5/8/2003,0.0088,mg/L,,FLAB,SAMP,MON,SA,G,NO2,0.0003,N,A,0.1,,,FIU,0,25.1504805,-80.8092194,,,,FIU,
FLAB14,148014,19,NITRITE-N,6/10/2003,0.0034,mg/L,,FLAB,SAMP,MON,SA,G,NO2,0.0003,N,A,0.1,,,FIU,0,25.1504805,-80.8092194,,,,FIU,
FLAB14,149014,19,NITRITE-N,7/1/2003,0.0014,mg/L,,FLAB,SAMP,MON,SA,G,NO2,0.0003,N,A,0.1,,,FIU,0,25.1504805,-80.8092194,,,,FIU,
FLAB14,150014,19,NITRITE-N,8/25/2003,0.0003,mg/L,I,FLAB,SAMP,MON,SA,G,NO2,0.0003,N,A,0.1,,,FIU,0,25.1504805,-80.8092194,,,,FIU,
FLAB14,151014,19,NITRITE-N,9/9/2003,0.004,mg/L,,FLAB,SAMP,MON,SA,G,NO2,0.0003,N,A,0.1,,,FIU,0,25.1504805,-80.8092194,,,,FIU,
FLAB14,152014,19,NITRITE-N,10/15/2003,0.0014,mg/L,,FLAB,SAMP,MON,SA,G,NO2,0.0003,N,A,0.1,,,FIU,0,25.1504805,-80.8092194,,,,FIU,
FLAB14,153014,19,NITRITE-N,11/7/2003,0.0009,mg/L,I,FLAB,SAMP,MON,SA,G,NO2,0.0003,N,A,0.1,,,FIU,0,25.1504805,-80.8092194,,,,FIU,
FLAB14,154014,19,NITRITE-N,12/3/2003,0.0003,mg/L,U,FLAB,SAMP,MON,SA,G,NO2,0.0003,Y,A,0.1,,,FIU,0,25.1504805,-80.8092194,,,,FIU,
FLAB14,155014,19,NITRITE-N,1/21/2004,0.0102,mg/L,PMR,FLAB,SAMP,MON,SA,G,NO2,0.0003,N,A,0.1,,,FIU,0,25.1504805,-80.8092194,,,,FIU,
FLAB14,156014,19,NITRITE-N,2/24/2004,0.0139,mg/L,PMR,FLAB,SAMP,MON,SA,G,NO2,0.0003,N,A,0.1,,,FIU,0,25.1504805,-80.8092194,,,,FIU,
FLAB14,157014,19,NITRITE-N,3/23/2004,0.02,mg/L,PMR,FLAB,SAMP,MON,SA,G,NO2,0.0003,N,A,0.1,,,FIU,0,25.1504805,-80.8092194,,,,FIU,
FLAB14,158014,19,NITRITE-N,4/21/2004,0.0087,mg/L,PMR,FLAB,SAMP,MON,SA,G,NO2,0.0003,N,A,0.1,,,FIU,0,25.1504805,-80.8092194,,,,WMD,
FLAB14,159014,19,NITRITE-N,5/21/2004,0.0042,mg/L,PMR,FLAB,SAMP,MON,SA,G,NO2,0.0003,N,A,0.1,,,FIU,0,25.1504805,-80.8092194,,,,FIU,
FLAB14,160014,19,NITRITE-N,6/28/2004,0.0014,mg/L,I,FLAB,SAMP,MON,SA,G,NO2,0.0003,N,A,0.1,,,FIU,0,25.1504805,-80.8092194,,,,FIU,
FLAB14,161014,19,NITRITE-N,7/27/2004,0.0029,mg/L,PMR,FLAB,SAMP,MON,SA,G,NO2,0.0003,N,A,0.1,,,FIU,0,25.1504805,-80.8092194,,,,FIU,
FLAB14,162014,19,NITRITE-N,8/24/2004,0.0028,mg/L,PMR,FLAB,SAMP,MON,SA,G,NO2,0.0003,N,A,0.1,,,FIU,0,25.1504805,-80.8092194,,,,FIU,
FLAB14,163014,19,NITRITE-N,9/28/2004,0.0039,mg/L,PMR,FLAB,SAMP,MON,SA,G,NO2,0.0003,N,A,0.1,,,FIU,0,25.1504805,-80.8092194,,,,FIU,
FLAB14,164014,19,NITRITE-N,10/26/2004,0.0021,mg/L,PMR,FLAB,SAMP,MON,SA,G,NO2,0.0003,N,A,0.1,,,FIU,0,25.1504805,-80.8092194,,,,FIU,
FLAB14,165014,19,NITRITE-N,11/29/2004,0.0021,mg/L,PMR,FLAB,SAMP,MON,SA,G,NO2,0.0003,N,A,0.1,,,FIU,0,25.1504805,-80.8092194,,,,FIU,
FLAB14,166014,19,NITRITE-N,12/14/2004,0.0054,mg/L,PMR,FLAB,SAMP,MON,SA,G,NO2,0.0003,N,A,0.1,,,FIU,0,25.1504805,-80.8092194,,,,FIU,
FLAB14,FB188FB014FA,19,NITRITE-N,10/9/2006,0.0006725,mg/L,"Y,I,Q,V,J5,J",FLAB,SAMP,MON,SA,G,NO2,0.00028,N,A,0,,,FIU,0,25.1504805,-80.8092194,,,BA,WMD,
FLAB14,FB188FB014FB,19,NITRITE-N,10/9/2006,0.0007275,mg/L,"Y,I,Q,V,J5,J",FLAB,SAMP,MON,SA,G,NO2,0.00028,N,A,0,,,FIU,0,25.1504805,-80.8092194,,,BA,WMD,
FLAB14,FB189FB014FA,19,NITRITE-N,11/7/2006,0.00028,mg/L,"Y,U,Q,J5,?",FLAB,SAMP,MON,SA,G,NO2,0.00028,Y,A,0,,,FIU,0,25.1504805,-80.8092194,,,BA,WMD,
FLAB14,FB189FB014FB,19,NITRITE-N,11/7/2006,0.0003671,mg/L,"Y,I,Q,V,J5,J",FLAB,SAMP,MON,SA,G,NO2,0.00028,N,A,0,,,FIU,0,25.1504805,-80.8092194,,,BA,WMD,
FLAB14,FB190FB014FA,19,NITRITE-N,12/3/2006,0.00393,mg/L,"Y,Q,J5,J",FLAB,SAMP,MON,SA,G,NO2,0.00028,N,A,0,,,FIU,0,25.1504805,-80.8092194,,,BA,WMD,
FLAB14,FB190FB014FB,19,NITRITE-N,12/3/2006,0.00211,mg/L,"Y,I,Q,J5,J",FLAB,SAMP,MON,SA,G,NO2,0.00028,N,A,0,,,FIU,0,25.1504805,-80.8092194,,,BA,WMD,
FLAB14,FB191FB014FA,19,NITRITE-N,1/11/2007,0.0005894,mg/L,"A,Y,I,Q,V,J5,J",FLAB,SAMP,MON,SA,G,NO2,0.00028,N,A,0,,,FIU,0,25.1504805,-80.8092194,,,BA,WMD,
FLAB14,FB191FB014FB,19,NITRITE-N,1/11/2007,0.000778,mg/L,"A,Y,I,Q,V,J5,J",FLAB,SAMP,MON,SA,G,NO2,0.00028,N,A,0,,,FIU,0,25.1504805,-80.8092194,,,BA,WMD,
FLAB14,FB192FB014FA,19,NITRITE-N,2/7/2007,0.0007679,mg/L,"A,Y,I,V,J5,J",FLAB,SAMP,MON,SA,G,NO2,0.00028,N,A,0,,,FIU,0,25.1504805,-80.8092194,,,BA,WMD,
FLAB14,FB192FB014FB,19,NITRITE-N,2/7/2007,0.00104,mg/L,"A,Y,I,V,J5,J",FLAB,SAMP,MON,SA,G,NO2,0.00028,N,A,0,,,FIU,0,25.1504805,-80.8092194,,,BA,WMD,
FLAB14,FB193FB014FA,19,NITRITE-N,3/12/2007,0.00028,mg/L,"A,Y,U,J,J5,?",FLAB,SAMP,MON,SA,G,NO2,0.00028,Y,A,0,,,FIU,0,25.1504805,-80.8092194,,,BA,WMD,
FLAB14,FB193FB014FB,19,NITRITE-N,3/12/2007,0.0005678,mg/L,"A,Y,I,Q,V,J5,J",FLAB,SAMP,MON,SA,G,NO2,0.00028,N,A,0,,,FIU,0,25.1504805,-80.8092194,,,BA,WMD,
FLAB14,FB194FB014FB,19,NITRITE-N,4/3/2007,0.0003443,mg/L,"Y,I,Q,V,J5,J",FLAB,SAMP,MON,SA,G,NO2,0.00028,N,A,0,,,FIU,0,25.1504805,-80.8092194,,,BA,WMD,
FLAB14,FB194FB014FA,19,NITRITE-N,4/3/2007,0.0004324,mg/L,"Y,I,Q,V,J5,J",FLAB,SAMP,MON,SA,G,NO2,0.00028,N,A,0,,,FIU,0,25.1504805,-80.8092194,,,BA,WMD,
FLAB14,FB195FB014FB,19,NITRITE-N,5/1/2007,0.00122,mg/L,"Y,I,Q,V,J5,J",FLAB,SAMP,MON,SA,G,NO2,0.00028,N,A,0,,,FIU,0,25.1504805,-80.8092194,,,BA,WMD,
FLAB14,FB195FB014FA,19,NITRITE-N,5/1/2007,0.0008911,mg/L,"Y,I,Q,V,J5,J",FLAB,SAMP,MON,SA,G,NO2,0.00028,N,A,0,,,FIU,0,25.1504805,-80.8092194,,,BA,WMD,
FLAB14,FB196FB014FA,19,NITRITE-N,6/6/2007,0.00123,mg/L,"Y,I,Q,J5,J",FLAB,SAMP,MON,SA,G,NO2,0.00028,N,A,0,,,FIU,0,25.1504805,-80.8092194,,,BA,WMD,
FLAB14,FB196FB014FB,19,NITRITE-N,6/6/2007,0.00109,mg/L,"Y,I,Q,J5,J",FLAB,SAMP,MON,SA,G,NO2,0.00028,N,A,0,,,FIU,0,25.1504805,-80.8092194,,,BA,WMD,
FLAB14,FB197FB014FB,19,NITRITE-N,7/3/2007,0.00031,mg/L,"A,I,J,Y",FLAB,SAMP,MON,SA,G,NO2,0.00028,N,A,0,,,FIU,0,25.1504805,-80.8092194,,,BA,WMD,
FLAB14,FB197FB014FA,19,NITRITE-N,7/3/2007,0.00028,mg/L,"A,U,J,Y",FLAB,SAMP,MON,SA,G,NO2,0.00028,Y,A,0,,,FIU,0,25.1504805,-80.8092194,,,BA,WMD,
FLAB14,FB198FB014FA,19,NITRITE-N,8/7/2007,0.000641,mg/L,"A,I,J,Y",FLAB,SAMP,MON,SA,G,NO2,0.00028,N,A,0,,,FIU,0,25.1504805,-80.8092194,,,BA,WMD,
FLAB14,FB198FB014FB,19,NITRITE-N,8/7/2007,0.000674,mg/L,"A,I,J,Y",FLAB,SAMP,MON,SA,G,NO2,0.00028,N,A,0,,,FIU,0,25.1504805,-80.8092194,,,BA,WMD,
FLAB14,FB199FB014FA,19,NITRITE-N,9/5/2007,0.00141,mg/L,"A,I,J,Y",FLAB,SAMP,MON,SA,G,NO2,0.00028,N,A,0,,,FIU,0,25.1504805,-80.8092194,,,BA,WMD,
FLAB14,FB199FB014FB,19,NITRITE-N,9/5/2007,0.00154,mg/L,"A,I,J,Y",FLAB,SAMP,MON,SA,G,NO2,0.00028,N,A,0,,,FIU,0,25.1504805,-80.8092194,,,BA,WMD,
FLAB14,FB200FB014,19,NITRITE-N,10/4/2007,0.0008244,mg/L,"A,Y,I,Q,V,J5,J",FLAB,SAMP,MON,SA,G,NO2,0.00028,N,A,0,,,FIU,0,25.1504805,-80.8092194,,,BA,WMD,
FLAB14,FB201FB014,19,NITRITE-N,11/7/2007,0.0003946,mg/L,"A,Y,I,Q,V,J5,J",FLAB,SAMP,MON,SA,G,NO2,0.00028,N,A,0,,,FIU,0,25.1504805,-80.8092194,,,BA,WMD,
FLAB14,FB201FB014B,19,NITRITE-N,11/7/2007,0.0004232,mg/L,"A,Y,I,V,J5,J",FLAB,FD,MON,SA,G,NO2,0.00028,N,A,0,,,FIU,0,25.1504805,-80.8092194,,,BA,WMD,Measurements done close to the bottom.
FLAB14,FB202FB014,19,NITRITE-N,12/7/2007,0.0009617,mg/L,"A,Y,I,Q,V,J5,J",FLAB,SAMP,MON,SA,G,NO2,0.00028,N,A,0,,,FIU,0,25.1504805,-80.8092194,,,BA,WMD,
FLAB14,FB203FB014,19,NITRITE-N,1/9/2008,0.0006667,mg/L,"Y,I,Q,J5,J",FLAB,SAMP,MON,SA,G,NO2,0.00056,N,A,0,,,FIU,0,25.1504805,-80.8092194,,,BA,WMD,
FLAB14,FB204FB014,19,NITRITE-N,2/8/2008,0.00112,mg/L,"Y,I,Q,J5,J",FLAB,SAMP,MON,SA,G,NO2,0.00056,N,A,0,,,FIU,0,25.1504805,-80.8092194,,,BA,WMD,
FLAB14,FB205FB014,19,NITRITE-N,3/5/2008,0.00182,mg/L,"Y,I,Q,J",FLAB,SAMP,MON,SA,G,NO2,0.00056,N,A,0,,,FIU,0,25.1504805,-80.8092194,,,BA,WMD,
FLAB14,FB206FB014,19,NITRITE-N,4/2/2008,0.0015,mg/L,"I,Y",FLAB,SAMP,MON,SA,G,NO2,0.00056,N,A,0,,,FIU,0,25.1504805,-80.8092194,,,BA,WMD,
FLAB14,FB207FB014,19,NITRITE-N,5/7/2008,0.0008403,mg/L,"I,Y",FLAB,SAMP,MON,SA,G,NO2,0.00056,N,A,0,,,FIU,0,25.1504805,-80.8092194,,,BA,WMD,
FLAB14,FB208FB014,19,NITRITE-N,6/4/2008,0.0008083,mg/L,"I,Q,Y,J",FLAB,SAMP,MON,SA,G,NO2,0.00056,N,A,0,,,FIU,0,25.1504805,-80.8092194,,,BA,WMD,
FLAB14,P42963-5,19,NITRITE-N,1/7/2009,0.002,mg/L,U,FLAB,SAMP,MON,SA,G,NO2,0.002,Y,A,0.5,,,WMD,1,25.1504805,-80.8092194,0.6,,BA,WMD,Strong incoming flow.  sample clear with no visable solids.  light chop with increasing South winds.  Station is in very shallow water.  may want to consider moving off to the South.
FLAB14,P42978-2,19,NITRITE-N,2/12/2009,0.002,mg/L,U,FLAB,SAMP,MON,SA,G,NO2,0.002,Y,A,0.5,,,WMD,1,25.1504805,-80.8092194,0.8,,BA,WMD,Very clear warer and calm conditions.  Slight ripple.  Station in shallow water over seagrass beds.  Suggest moving it slightly to the South.
FLAB14,P43361-2,19,NITRITE-N,3/16/2009,0.002,mg/L,U,FLAB,SAMP,MON,SA,G,NO2,0.002,Y,A,0.5,,,WMD,1,25.1504805,-80.8092194,1.1,,BA,WMD,Clear calm conditiond and light flow.  Sample clear.
FLAB14,P43542-2,19,NITRITE-N,4/20/2009,0.002,mg/L,U,FLAB,SAMP,MON,SA,G,NO2,0.002,Y,A,0.5,,,WMD,1,25.1504805,-80.8092194,1.1,,BA,WMD,"Clear and calm.  RS done at station.  Extememy salty (out of calibration range). WARNING: CONDUCTIVITY exceeds CLOSING Control True Value range of 2000 to 58650,"
FLAB14,P43542-12,19,NITRITE-N,4/20/2009,0.002,mg/L,U,FLAB,RS,MON,SA,G,NO2,0.002,Y,A,0.5,,,WMD,1,25.1504805,-80.8092194,1.1,,BA,WMD,"sample clear.  Salinity out of conductivity range. WARNING: CONDUCTIVITY exceeds CLOSING Control True Value range of 2000 to 58650,"
FLAB14,P43542-13,19,NITRITE-N,4/20/2009,0.002,mg/L,U,FLAB,RS,MON,SA,G,NO2,0.002,Y,A,0.5,,,WMD,1,25.1504805,-80.8092194,1.1,,BA,WMD,"sample clear.  salinity out of conductivity range. WARNING: CONDUCTIVITY exceeds CLOSING Control True Value range of 2000 to 58650,"
FLAB14,P43936-2,19,NITRITE-N,5/18/2009,0.002,mg/L,U,FLAB,SAMP,MON,SA,G,NO2,0.002,Y,A,0.5,,,WMD,1,25.1504805,-80.8092194,1.2,,BA,WMD,Breezy and light chop.  SAmple clear.   SECCHI ON BOTTOM.  Extremely salty
FLAB14,P43955-2,19,NITRITE-N,6/11/2009,0.002,mg/L,U,FLAB,SAMP,MON,SA,G,NO2,0.002,Y,A,0.5,,,WMD,1,25.1504805,-80.8092194,1.1,,BA,WMD,Clear and calm.  Sample clear of solids.   SECCHI ON BOTTOM.  High salinity.
FLAB14,P44584-2,19,NITRITE-N,7/20/2009,0.002,mg/L,U,FLAB,SAMP,MON,SA,G,NO2,0.002,Y,A,0.5,,,WMD,1,25.1504805,-80.8092194,0.92,,BA,WMD,"sample light yellow, low solids.  very calm conditions, clear water. SECCHI ON BOTTOM."
FLAB14,P44716-2,19,NITRITE-N,8/17/2009,0.002,mg/L,U,FLAB,SAMP,MON,SA,G,NO2,0.002,Y,A,0.5,,,WMD,1,25.1504805,-80.8092194,0.9,,BA,WMD,"Sample clear, no visible solids.   SECCHI ON BOTTOM. Slight chop with a lot of foam on water surface.  Very windy (15-20 knots).  Mostly sunny with some cloud coverage, temperature low to mid 90's degrees F."
FLAB14,P45422-2,19,NITRITE-N,9/14/2009,0.002,mg/L,U,FLAB,SAMP,MON,SA,G,NO2,0.002,Y,A,0.5,,,WMD,1,25.1504805,-80.8092194,1.2,,BA,WMD,"Comments too long, see field notes."
FLAB14,P45906-2,19,NITRITE-N,10/12/2009,0.002,mg/L,I,FLAB,SAMP,MON,SA,G,NO2,0.002,N,A,0.5,,,WMD,1,25.1504805,-80.8092194,1,,BA,WMD,Sample yellow with low solids. SECCHI ON BOTTOM. Low flow. Less than 0.5' chop with winds approx. 15-20 mph. FCEB taken at this station.
FLAB14,P45906-11,19,NITRITE-N,10/12/2009,0.002,mg/L,U,FLAB,FCEB,MON,SA,G,NO2,0.002,Y,A,0,,,WMD,1,25.1504805,-80.8092194,0,,BA,WMD,DI->Niskin->Bucket->Syringe->Filter->Bottle. FCEB taken at FLAB14.
FLAB14,P46184-2,19,NITRITE-N,11/11/2009,0.002,mg/L,U,FLAB,SAMP,MON,SA,G,NO2,0.002,Y,A,0.5,,,WMD,1,25.1504805,-80.8092194,1,,BA,WMD,"Sample light yellow, with no visible solids.  Moderate chop, low flow.  Winds 20-25 mph. Heavy storms in close proximity.   SECCHI ON BOTTOM."
FLAB14,P46552-2,19,NITRITE-N,12/7/2009,0.003,mg/L,I,FLAB,SAMP,MON,SA,G,NO2,0.002,N,A,0.5,m,,WMD,1,25.1504805,-80.8092194,,,BA,WMD,"Sample pale yellow, with no visible solids.  Low flow.  Winds 5-10 mph.  No chop, calm water.  DO has been  highter at this station.   SECCHI ON BOTTOM."
FLAB14,P46793-4,19,NITRITE-N,1/11/2010,0.003,mg/L,I,FLAB,SAMP,MON,SA,G,NO2,0.002,N,A,0.5,m,,WMD,1,25.1504805,-80.8092194,,,BA,WMD,Comments are too long. See field notes.
FLAB14,P47183-4,19,NITRITE-N,2/8/2010,0.002,mg/L,I,FLAB,SAMP,MON,SA,G,NO2,0.002,N,A,0.5,m,,WMD,1,25.1504805,-80.8092194,,,BA,WMD,"Sample light yellow, low solids.  Minimal chop.  Low flow.  Winds 5-15mph.   SECCHI ON BOTTOM."
FLAB14,P47472-4,19,NITRITE-N,3/8/2010,0.002,mg/L,U,FLAB,SAMP,MON,SA,G,NO2,0.002,Y,A,0.5,m,,WMD,1,25.1504805,-80.8092194,,,BA,WMD,"Sample pale yellow with no visible solids. Calm conditions, minimal chop. SECCHI ON BOTTOM. Low flow."
FLAB14,P47828-4,19,NITRITE-N,4/12/2010,0.002,mg/L,U,FLAB,SAMP,MON,SA,G,NO2,0.002,Y,A,0.5,m,,WMD,1,25.1504805,-80.8092194,,,BA,WMD,"Sample light yellow, no visible solids.  Low flow.  Moderate chop.  Winds 15-20mph.   SECCHI ON BOTTOM."
FLAB14,P47828-11,19,NITRITE-N,4/12/2010,0.002,mg/L,U,FLAB,FCEB,MON,SA,G,NO2,0.002,Y,A,0,,,WMD,0,25.1504805,-80.8092194,,,BA,WMD,"DI, niskin, bucket, syringe, filter, sample bottle.  FCEB taken at FLAB14"
FLAB14,P48081-4,19,NITRITE-N,5/10/2010,0.002,mg/L,U,FLAB,SAMP,MON,SA,G,NO2,0.002,Y,A,0.5,m,,WMD,1,25.1504805,-80.8092194,,,BA,WMD,"Sample light yellow, low solids.  Low flow.  Calm water, minimal chop.  Winds 15-18mph.   SECCHI ON BOTTOM."
FLAB14,P48379-4,19,NITRITE-N,6/7/2010,0.002,mg/L,U,FLAB,SAMP,MON,SA,G,NO2,0.002,Y,A,0.5,m,,WMD,1,25.1504805,-80.8092194,,,BA,WMD,Sample is light green with low suspended solids present. Low flow with minimal chop ripple less than 3 inches and constant 12 mph winds. SECCHI ON BOTTOM.
FLAB14,P48379-11,19,NITRITE-N,6/7/2010,0.002,mg/L,U,FLAB,FCEB,MON,SA,G,NO2,0.002,Y,A,0,,,WMD,0,25.1504805,-80.8092194,,,BA,WMD,"DI, niskin, bucket, syringe, filter, sample bottle, FCEB taken @ FLAB14."
FLAB14,P48679-4,19,NITRITE-N,7/20/2010,0.002,mg/L,U,FLAB,SAMP,MON,SA,G,NO2,0.002,Y,A,0.5,m,,WMD,1,25.1504805,-80.8092194,,,BA,WMD,"Sample light green, low solids.  Moderate chop, 1-2 foot chop.  Low flow. Winds 15-20mph.   SECCHI ON BOTTOM."
FLAB14,P48893-4,19,NITRITE-N,8/16/2010,0.002,mg/L,U,FLAB,SAMP,MON,SA,G,NO2,0.002,Y,A,0.5,m,,WMD,1,25.1504805,-80.8092194,,,BA,WMD,"Sample pale yellow, with low solids.  Low flow.  Calm water, no chop.  Winds 5-7mph. SECCHI ON BOTTOM."
FLAB14,P49171-4,19,NITRITE-N,9/21/2010,0.002,mg/L,U,FLAB,SAMP,MON,SA,G,NO2,0.002,Y,A,0.5,m,,WMD,1,25.1504805,-80.8092194,,,BA,WMD,"Sample light green, low solids.  Light chop, .5-1.5 foot seas.  Winds 15mph, with 20mph gusts.  Low flow.   SECCHI ON BOTTOM."
FLAB14,P49628-4,19,NITRITE-N,10/19/2010,0.002,mg/L,U,FLAB,SAMP,MON,SA,G,NO2,0.002,Y,A,0.5,m,,WMD,1,25.1504805,-80.8092194,,,BA,WMD,"Sample light yeloow, low solids.  Low flow.  Calm water, no chop.  Winds 2-5mph.   SECCHI ON BOTTOM."
FLAB14,P50070-4,19,NITRITE-N,11/16/2010,0.002,mg/L,U,FLAB,SAMP,MON,SA,G,NO2,0.002,Y,A,0.5,m,,WMD,1,25.1504805,-80.8092194,,,BA,WMD,"Sample light yellow, low solids.  Calm water, minimal chop.  Low flow.  Wind 3-5mph. SECCHI ON BOTTOM."
FLAB14,P50474-4,19,NITRITE-N,12/14/2010,0.002,mg/L,U,FLAB,SAMP,MON,SA,G,NO2,0.002,Y,A,0.35,m,,WMD,1,25.1504805,-80.8092194,,,BA,WMD,"Sample light yellow, low solids.  Calm water, minimal chop.  Wind 3-5mph.   SECCHI ON BOTTOM. water very shallow."
FLAB14,P50635-4,19,NITRITE-N,1/4/2011,0.002,mg/L,U,FLAB,SAMP,MON,SA,G,NO2,0.002,Y,A,0.5,m,,WMD,1,25.1504805,-80.8092194,,,BA,WMD,"Very low flow at station.  Very low to no chop.  Wind 0-5 mph.   SECCHI ON BOTTOM.   Sample light yellow, low solids."
FLAB14,P50937-4,19,NITRITE-N,2/17/2011,0.002,mg/L,U,FLAB,SAMP,MON,SA,G,NO2,0.002,Y,A,0.25,m,,WMD,0,25.1504805,-80.8092194,,,BA,WMD,Sample taken .4 miles from station due to shallow water.
FLAB14,P51526-4,19,NITRITE-N,3/14/2011,0.002,mg/L,U,FLAB,SAMP,MON,SA,G,NO2,0.002,Y,A,0.5,m,,WMD,1,25.1504805,-80.8092194,,,BA,WMD,"Sample light yellow.  Calm water, minimal chop. Wind 8-12mph.   SECCHI ON BOTTOM."
FLAB14,P52279-4,19,NITRITE-N,4/5/2011,0.002,mg/L,I,FLAB,SAMP,MON,SA,G,NO2,0.002,N,A,0.5,m,,WMD,1,25.1504805,-80.8092194,,,BA,WMD,"Sample light green, wind 10-15mph sw."
FLAB14,P52280-4,19,NITRITE-N,5/3/2011,0.002,mg/L,U,FLAB,SAMP,MON,SA,G,NO2,0.002,Y,A,0.3,m,,WMD,1,25.1504805,-80.8092194,,,BA,WMD,"Sample palm yellow, wind east 10-15mph,  SECCHI ON BOTTOM."
FLAB14,P52281-4,19,NITRITE-N,6/13/2011,0.002,mg/L,U,FLAB,SAMP,MON,SA,G,NO2,0.002,Y,A,0.5,m,,WMD,1,25.1504805,-80.8092194,,,BA,WMD,Sample is clear with no visible sollids present. Moderate flow with variable westerly winds at 5-10 mph. SECCHI ON BOTTOM. Conductivity is out of range due to high salinity at this location.
FLAB14,P52282-4,19,NITRITE-N,7/12/2011,0.002,mg/L,U,FLAB,SAMP,MON,SA,G,NO2,0.002,Y,A,0.5,m,,WMD,1,25.1504805,-80.8092194,,,BA,WMD,Sample is pale green with no visible suspended solids present.  Flow with light ripple chop up to 4 inches and winds from the southwest at 4 to 8 mph.  SECCHI ON BOTTOM
FLAB14,P52283-6,19,NITRITE-N,8/16/2011,0.002,mg/L,U,FLAB,SAMP,MON,SA,G,NO2,0.002,Y,A,0.5,m,,WMD,1,25.1504805,-80.8092194,,,BA,WMD,Sample is pale green with no visible suspended solids present. Low flow with light chop up to 4 inches and light variable winds from southwest at 6 to 10 mph. SECCHI ON BOTTOM.
FLAB14,P52284-6,19,NITRITE-N,9/12/2011,0.002,mg/L,U,FLAB,SAMP,MON,SA,G,NO2,0.002,Y,A,0.5,m,,WMD,0,25.1504805,-80.8092194,,,BA,WMD,Sample light yellow with no visible suspended solids present. Light current with rising tide just before high tide and glassy slight ripple conditions and light variable winds from the east southeast at 2 to 4 mph. SECCHI ON BOTTOM.
FLAB14,P52285-6,19,NITRITE-N,10/4/2011,0.002,mg/L,U,FLAB,SAMP,MON,SA,G,NO2,0.002,Y,A,0.4,m,,WMD,0,25.1504805,-80.8092194,,,BA,WMD,"Wind, NE 10-15, lt chop, ebb tide,  SECCHI ON BOTTOM."
FLAB14,P54071-6,19,NITRITE-N,12/6/2011,0.002,mg/L,I,FLAB,SAMP,MON,SA,G,NO2,0.002,N,A,0.35,m,,WMD,0,25.1504805,-80.8092194,,,BA,WMD,"Wind ESE 10-12, lt chop, slack tide,  SECCHI ON BOTTOM, Sample taken .5 miles from station due to shallow depth"
FLAB14,P55306-4,19,NITRITE-N,2/1/2012,0.002,mg/L,U,FLAB,SAMP,MON,SA,G,NO2,0.002,Y,A,0.35,m,,WMD,0,25.1504805,-80.8092194,,,BA,WMD,"Wind E 14-18, lt chop in lee of island, slack tide,  SECCHI ON BOTTOM, sample taken .38 mi from station due to shallow depth"
FLAB14,P55313-4,19,NITRITE-N,4/12/2012,0.002,mg/L,U,FLAB,SAMP,MON,SA,G,NO2,0.002,Y,A,0.45,m,,WMD,0,25.1504805,-80.8092194,,,BA,WMD,"Wind N 8-10, rippled surface, slack tide,  SECCHI ON BOTTOM."
FLAB14,P55929-4,19,NITRITE-N,6/13/2012,0.002,mg/L,U,FLAB,SAMP,MON,SA,G,NO2,0.002,Y,A,0.5,m,,WMD,0,25.1504805,-80.8092194,,,BA,WMD,Calm conditions.  Light ripple.  Slack tide.  Very light east wind.   SECCHI ON BOTTOM.
FLAB14,P56205-4,19,NITRITE-N,8/13/2012,0.002,mg/L,U,FLAB,SAMP,MON,SA,G,NO2,0.002,Y,A,0.5,m,,WMD,0,25.1504805,-80.8092194,,,BA,WMD,Very light east wind.  Calm conditions with almost no ripple.  Slack tide.   SECCHI ON BOTTOM.
FLAB14,P56209-4,19,NITRITE-N,10/11/2012,0.002,mg/L,U,FLAB,SAMP,MON,SA,G,NO2,0.002,Y,A,0.5,m,,WMD,0,25.1504805,-80.8092194,,,BA,WMD,Strong NE breeze.  Light chop.   SECCHI ON BOTTOM.
FLAB14,P56856-4,19,NITRITE-N,12/10/2012,0.002,mg/L,U,FLAB,SAMP,MON,SA,G,NO2,0.002,Y,A,0.5,m,,WMD,0,25.1504805,-80.8092194,,,BA,WMD,SECCHI ON BOTTOM. Winds 10-15kts out of the SE. Light chop.
FLAB14,P61818-4,19,NITRITE-N,2/5/2013,0.002,mg/L,U,FLAB,SAMP,MON,SA,G,NO2,0.002,Y,A,0.5,m,,WMD,0,25.1504805,-80.8092194,,,BA,WMD,SECCHI ON BOTTOM. Very light breeze 1-2kts. Calm water. No noticeable current.
FLAB14,P61819-4,19,NITRITE-N,4/18/2013,0.002,mg/L,U,FLAB,SAMP,MON,SA,G,NO2,0.002,Y,A,0.3,m,,WMD,0,25.1504805,-80.8092194,,,PD,WMD,SECCHI ON BOTTOM. ESE winds 10-12 kts. Light ripple on the water.
FLAB14,P63880-4,19,NITRITE-N,6/17/2013,0.002,mg/L,U,FLAB,SAMP,MON,SA,G,NO2,0.002,Y,A,0.4,m,,WMD,0,25.1504805,-80.8092194,,,PD,WMD,"slight ripple on surface, southeast wind 10-15, secchi on bottom, site collected short of coordinates due to shallow water less than 0.5m while approaching site"
FLAB14,P63881-4,19,NITRITE-N,8/13/2013,0.002,mg/L,U,FLAB,SAMP,MON,SA,G,NO2,0.002,Y,A,0.35,m,,WMD,0,25.1504805,-80.8092194,,,PD,WMD,SECCHI ON BOTTOM. Ripples on surface. E wind 5-10 kt. No current observed. Station visted near high tide. Unable to reach location due to shallow water. Collected at 25-08'43.5 secN 080-48'34.4 secW
FLAB14,P65941-4,19,NITRITE-N,10/28/2013,0.002,mg/L,U,FLAB,SAMP,MON,SA,G,NO2,0.002,Y,A,0.4,m,,WMD,0,25.1504805,-80.8092194,,,PD,WMD,SECCHI ON BOTTOM. Light chop. E wind approx 15 kt. Moderate wind driven current.
FLAB14,P68531-4,19,NITRITE-N,12/11/2013,0.002,mg/L,U,FLAB,SAMP,MON,SA,G,NO2,0.002,Y,A,0.35,m,,WMD,0,25.1504805,-80.8092194,,,PD,WMD,"Light chop, E wind 10-15,  SECCHI ON BOTTOM."
FLAB14,P70123-4,19,NITRITE-N,2/26/2014,0.002,mg/L,U,FLAB,SAMP,MON,SA,G,NO2,0.002,Y,A,0.5,m,,WMD,0,25.1504805,-80.8092194,,,PD,WMD,"SECCHI ON BOTTOM. Slight ripple on water surface. Slight wind out of the SW, 5kts. Slight incoming tide. Unable to get to actual FLAB14 site due to water level, sample taken at GPS position N2508.345 W08048.512."
FLAB14,P70124-4,19,NITRITE-N,4/7/2014,0.002,mg/L,U,FLAB,SAMP,MON,SA,G,NO2,0.002,Y,A,0.5,m,,WMD,0,25.1504805,-80.8092194,,,PD,WMD,Moderate chop due to 15kt SE winds. Sample area clear. SECCHI ON BOTTOM.
FLAB14,P71707-4,19,NITRITE-N,6/9/2014,0.002,mg/L,U,FLAB,SAMP,MON,SA,G,NO2,0.002,Y,A,0.5,m,,WMD,0,25.1504805,-80.8092194,,,PD,WMD,"SECCHI ON BOTTOM. Calm winds, calm waves, incoming tide."
FLAB14,P72712-4,19,NITRITE-N,8/5/2014,0.002,mg/L,U,FLAB,SAMP,MON,SA,G,NO2,0.002,Y,A,0.5,m,,WMD,0,25.1504805,-80.8092194,,,PD,WMD,"Calm conditions, SW winds less than 5 kts. Small amount of single piece turtle and manatee grasses on surface. Incoming tide. SECCHI ON BOTTOM."
FLAB14,P74736-4,19,NITRITE-N,10/20/2014,0.002,mg/L,U,FLAB,SAMP,MON,SA,G,NO2,0.002,Y,A,0.35,m,,WMD,0,25.1504805,-80.8092194,,,PD,WMD,"Calm,  SECCHI ON BOTTOM."
FLAB14,P74738-4,19,NITRITE-N,12/17/2014,0.002,mg/L,U,FLAB,SAMP,MON,SA,G,NO2,0.002,Y,A,0.5,m,,WMD,0,25.1504805,-80.8092194,,,PD,WMD,"Incoming tide, NE winds 5kts, calm seas, small amout of floating vegetation pieces visible on water surface. SECCHI ON BOTTOM."
FLAB14,P74737-4,19,NITRITE-N,2/16/2015,0.002,mg/L,U,FLAB,SAMP,MON,SA,G,NO2,0.002,Y,A,0.45,m,,WMD,0,25.1504805,-80.8092194,,,PD,WMD,"Calm, E wind 10-15. Sample collected 925 m due south of site because of water depth. SECCHI ON BOTTOM"
FLAB14,P75445-4,19,NITRITE-N,4/13/2015,0.002,mg/L,U,FLAB,SAMP,MON,SA,G,NO2,0.002,Y,A,0.5,m,,WMD,0,25.1504805,-80.8092194,,,PD,WMD,Sample collected 1 km due south of site due to water depth. SOB
FLAB14,P74739-4,19,NITRITE-N,6/9/2015,0.002,mg/L,U,FLAB,SAMP,MON,SA,G,NO2,0.002,Y,A,0.5,m,,WMD,0,25.1504805,-80.8092194,,,PD,WMD,SOB
FLAB14,P78245-4,19,NITRITE-N,8/25/2015,0.002,mg/L,U,FLAB,SAMP,MON,SA,G,NO2,0.002,Y,A,0.5,m,,WMD,0,25.1504805,-80.8092194,,,PD,WMD,Secchi on bottom.
FLAB14,P80870-4,19,NITRITE-N,10/7/2015,0.002,mg/L,U,FLAB,SAMP,MON,SA,G,NO2,0.002,Y,A,0.5,m,,WMD,0,25.1504805,-80.8092194,,,PD,WMD,"Calm seas, light amount of loose vegetation on surface, incoming tide, secchi on bottom."
FLAB14,P82416-4,19,NITRITE-N,1/21/2016,0.002,mg/L,I,FLAB,SAMP,MON,SA,G,NO2,0.002,N,A,0.5,m,,WMD,0,25.1504805,-80.8092194,,,PD,WMD,Secchi on bottom. Surface smooth. Winds ESE 10-15.
FLAB14,P82935-4,19,NITRITE-N,2/16/2016,0.002,mg/L,U,FLAB,SAMP,MON,SA,G,NO2,0.002,Y,A,0.5,m,,WMD,0,25.1504805,-80.8092194,,,PD,WMD,"Calm wind and seas, sample area clear, Secchi on bottom."
FLAB14,P83568-4,19,NITRITE-N,4/14/2016,0.003,mg/L,I,FLAB,SAMP,MON,SA,G,NO2,0.002,N,A,0.35,m,,WMD,0,25.1504805,-80.8092194,,,PD,WMD,SOB. Light winds out of the SE around 7 kts. Glass smooth water.
FLAB14,P84316-4,19,NITRITE-N,6/29/2016,0.002,mg/L,U,FLAB,SAMP,MON,SA,G,NO2,0.002,Y,A,0.5,m,,WMD,0,25.1504805,-80.8092194,,,PD,WMD,"slight ripple on surface, calm wind, some vegetation clippings on surface, off colored water observed, algae like appearance in water column, filter turned green in color during processing"
FLAB14,P84638-4,19,NITRITE-N,8/25/2016,0.002,mg/L,U,FLAB,SAMP,MON,SA,G,NO2,0.002,Y,A,0.5,m,,WMD,0,25.1504805,-80.8092194,,,PD,WMD,"Light east winds, light surface chop, turbid water, light green brown in color, light amount of loose sea grass floating on surface. Light greenish yellow color visible in filter after use. Secchi on bottom."
FLAB14,P86137-4,19,NITRITE-N,10/24/2016,0.002,mg/L,U,FLAB,SAMP,MON,SA,G,NO2,0.002,Y,A,0.5,m,,WMD,0,25.1504805,-80.8092194,,,PD,WMD,"NE winds 15kt, light chop, sample area clear otherwise. Secchi on bottom."
FLAB14,P86766-4,19,NITRITE-N,12/21/2016,0.002,mg/L,U,FLAB,SAMP,MON,SA,G,NO2,0.002,Y,A,0.5,m,,WMD,0,25.1504805,-80.8092194,,,PD,WMD,"NE winds 10-15 kts, light chop, sample area clear. Secchi on bottom."
FLAB14,P87700-4,19,NITRITE-N,2/20/2017,0.002,mg/L,U,FLAB,SAMP,MON,SA,G,NO2,0.002,Y,A,0.5,m,,WMD,0,25.1504805,-80.8092194,,,PD,WMD,"NE winds 10-15 kts, waters moderate chop, light amount of loose sea grass on surface. Secchi on bottom. Could not get within 300m of sample GPS point due to shallow water."
FLAB14,P87830-4,19,NITRITE-N,4/20/2017,0.002,mg/L,U,FLAB,SAMP,MON,SA,G,NO2,0.002,Y,A,0.5,m,,WMD,0,25.1504805,-80.8092194,,,PD,WMD,"Could only get within 0.5 kilometers of site due to very shallow water.  Had less than 1 foot seas, sample area clear, with 10-15 knot east winds.  Sample collected by DA."
FLAB14,P89179-4,19,NITRITE-N,8/1/2017,0.002,mg/L,U,FLAB,SAMP,MON,SA,G,NO2,0.002,Y,A,0.5,m,,WMD,0,25.1504805,-80.8092194,,,PD,WMD,"Light sw winds, calm seas, moderate amount of loose sea grasses floating on surface, secchi on bottom."
FLAB14,P88721-4,19,NITRITE-N,10/12/2017,0.004,mg/L,,FLAB,SAMP,MON,SA,G,NO2,0.002,N,A,0.5,m,,WMD,0,25.1504805,-80.8092194,,,PD,WMD,Filter appeared to contaiin algae when processing sample.
FLAB14,P91159-4,19,NITRITE-N,12/13/2017,0.002,mg/L,U,FLAB,SAMP,MON,SA,G,NO2,0.002,Y,A,0.5,m,,WMD,0,25.1504805,-80.8092194,,,PD,WMD,Light chop. Murky brown water
FLAB14,P92112-4,19,NITRITE-N,2/28/2018,0.002,mg/L,U,FLAB,SAMP,MON,SA,G,NO2,0.002,Y,A,0.5,m,,WMD,0,25.1504805,-80.8092194,,,PD,WMD,Flat water. Green water. Filter turned green. Same problem with DO readings.
FLAB14,P92872-4,19,NITRITE-N,4/10/2018,0.002,mg/L,U,FLAB,SAMP,MON,SA,G,NO2,0.002,Y,A,0.5,m,,WMD,0,25.1504805,-80.8092194,,,PD,WMD,Light chop.
FLAB14,P93694-4,19,NITRITE-N,6/7/2018,0.002,mg/L,I,FLAB,SAMP,MON,SA,G,NO2,0.002,N,A,0.5,m,,WMD,0,25.1504805,-80.8092194,,,PD,WMD,Floating vegetation present. Avoided during collection.
FLAB14,P94931-4,19,NITRITE-N,8/6/2018,0.002,mg/L,U,FLAB,SAMP,MON,SA,G,NO2,0.002,Y,A,0.5,m,,WMD,0,25.1504805,-80.8092194,,,PD,WMD,
FLAB14,P95251-4,19,NITRITE-N,10/3/2018,0.002,mg/L,U,FLAB,SAMP,MON,SA,G,NO2,0.002,Y,A,0.5,m,,WMD,0,25.1504805,-80.8092194,,,PD,WMD,heavy suspended solids
FLAB14,P96720-4,19,NITRITE-N,12/17/2018,0.002,mg/L,U,FLAB,SAMP,MON,SA,G,NO2,0.002,Y,A,0.25,m,,WMD,0,25.1504805,-80.8092194,,,BA,WMD,Shallow sampling area. Sample depth taken half way from total depth of 0.5m.  Water looks stirred up within sample area.
FLAB14,P102448-5,19,NITRITE-N,2/26/2019,0.002,mg/L,I,FLAB,SAMP,MON,SA,G,NO2,0.002,N,A,0.5,m,,WMD,0,25.1504805,-80.8092194,,,BA,WMD,
FLAB14,P103834-5,19,NITRITE-N,4/15/2019,0.002,mg/L,U,FLAB,SAMP,MON,SA,G,NO2,0.002,Y,A,0.5,m,,WMD,0,25.1504805,-80.8092194,,,BA,WMD,
FLAB14,P106284-5,19,NITRITE-N,6/11/2019,0.002,mg/L,U,FLAB,SAMP,MON,SA,G,NO2,0.002,Y,A,0.4,m,,WMD,0,25.1504805,-80.8092194,,,BA,WMD,Secchi on bottom
FLAB14,P109207-5,19,NITRITE-N,8/8/2019,0.002,mg/L,U,FLAB,SAMP,MON,SA,G,NO2,0.002,Y,A,0.5,m,,WMD,0,25.1504805,-80.8092194,,,BA,WMD,Large pieces of vegetative debris present on surface of water. Secchi on bottom.
FLAB14,P109898-5,19,NITRITE-N,10/8/2019,0.002,mg/L,U,FLAB,SAMP,MON,SA,G,NO2,0.002,Y,A,0.5,m,,WMD,0,25.1504805,-80.8092194,,,BA,WMD,
FLAB14,P110697-5,19,NITRITE-N,12/5/2019,0.002,mg/L,U,FLAB,SAMP,MON,SA,G,NO2,0.002,Y,A,0.5,m,,WMD,0,25.1504805,-80.8092194,,,BA,WMD,Secchi on bottom.
FLAB14,P110713-5,19,NITRITE-N,2/3/2020,0.002,mg/L,U,FLAB,SAMP,MON,SA,G,NO2,0.002,Y,A,0.3,m,,WMD,0,25.1504805,-80.8092194,,,BA,WMD,"Secchi on bottom. Depth was less than 1m, sample was collected at half total depth."
FLAB14,P110719-5,19,NITRITE-N,4/1/2020,0.002,mg/L,U,FLAB,SAMP,MON,SA,G,NO2,0.002,Y,A,0.4,m,,WMD,0,25.1504805,-80.8092194,,,BA,WMD,Secchi on bottom
FLAB14,P111041-5,19,NITRITE-N,6/1/2020,0.002,mg/L,U,FLAB,SAMP,MON,SA,G,NO2,0.002,Y,A,0.3,m,,WMD,0,25.1504805,-80.8092194,,,BA,WMD,Secchi on bottom
FLAB14,P111104-5,19,NITRITE-N,8/13/2020,0.002,mg/L,U,FLAB,SAMP,MON,SA,G,NO2,0.002,Y,A,0.35,m,,WMD,0,25.1504805,-80.8092194,,,BA,WMD,Secchi on bottom. Sample collected at half total depth.
FLAB14,P118766-5,19,NITRITE-N,10/12/2020,0.002,mg/L,I,FLAB,SAMP,MON,SA,G,NO2,0.002,N,A,0.4,m,,WMD,0,25.1504805,-80.8092194,,,BA,WMD,Secchi on bottom.
FLAB14,P120347-5,19,NITRITE-N,12/9/2020,0.002,mg/L,U,FLAB,SAMP,MON,SA,G,NO2,0.002,Y,A,0.3,m,,WMD,0,25.1504805,-80.8092194,,,BA,WMD,"Sample area clear.  Total Depth was only 0.6 meters, so sampling depth was at 0.3 meters instead of 0.5 meters.  SOB, Secchi On Bottom.  Light solids in sample.  Sample collected by CL."
FLAB14,P121638-5,19,NITRITE-N,1/7/2021,0.002,mg/L,I,FLAB,SAMP,MON,SA,G,NO2,0.002,N,A,0.3,m,,WMD,0,25.1504805,-80.8092194,,,BA,WMD,Secchi on bottom
FLAB14,P122507-5,19,NITRITE-N,3/17/2021,0.002,mg/L,I,FLAB,SAMP,MON,SA,G,NO2,0.002,N,A,0.5,m,,WMD,0,25.1504805,-80.8092194,,,BA,WMD,Secchi on bottom.
FLAB14,P122517-5,19,NITRITE-N,5/24/2021,0.002,mg/L,U,FLAB,SAMP,MON,SA,G,NO2,0.002,Y,A,0.2,m,,WMD,0,25.1504805,-80.8092194,,,BA,WMD,Secchi on bottom. Sampled approx. 100 m from site due to low water.
FLAB14,P123928-5,19,NITRITE-N,7/1/2021,0.002,mg/L,U,FLAB,SAMP,MON,SA,G,NO2,0.002,Y,A,0.35,m,,WMD,0,25.1504805,-80.8092194,,,BA,WMD,Secchi on bottom.
FLAB14,P125715-5,19,NITRITE-N,10/13/2021,0.002,mg/L,I,FLAB,SAMP,MON,SA,G,NO2,0.002,N,A,0.4,m,,WMD,0,25.1504805,-80.8092194,,,BA,WMD,
FLAB14,P128145-5,19,NITRITE-N,12/27/2021,0.002,mg/L,U,FLAB,SAMP,MON,SA,G,NO2,0.002,Y,A,0.3,m,,WMD,0,25.1504805,-80.8092194,,,BA,WMD,Sampling area clear of debris.
FLAB14,P129938-5,19,NITRITE-N,2/8/2022,0.002,mg/L,U,FLAB,SAMP,MON,SA,G,NO2,0.002,Y,A,0.25,m,,WMD,0,25.1504805,-80.8092194,,,BA,WMD,Secchi on bottom
FLAB14,P132794-5,19,NITRITE-N,4/7/2022,0.002,mg/L,U,FLAB,SAMP,MON,SA,G,NO2,0.002,Y,A,0.3,m,,WMD,0,25.1504805,-80.8092194,,,BA,WMD,
FLAB14,P134124-5,19,NITRITE-N,6/22/2022,0.002,mg/L,U,FLAB,SAMP,MON,SA,G,NO2,0.002,Y,A,0.5,m,,WMD,0,25.1504805,-80.8092194,,,BA,WMD,
FLAB14,P135165-5,19,NITRITE-N,8/18/2022,0.002,mg/L,U,FLAB,SAMP,MON,SA,G,NO2,0.002,Y,A,0.5,m,,WMD,0,25.1504805,-80.8092194,,,BA,WMD,"No visible solids, but water is very cloudy and difficult to filter. Used two filters to process."
FLAB14,P136495-5,19,NITRITE-N,10/20/2022,0.002,mg/L,U,FLAB,SAMP,MON,SA,G,NO2,0.002,Y,A,0.4,m,,WMD,0,25.1504805,-80.8092194,,,BA,WMD,Sample collected at half total depth as per FSM. Water in sampling area has a greenish tint. Filter turned light green during processing.
FLAB14,P138520-5,19,NITRITE-N,12/19/2022,0.002,mg/L,U,FLAB,SAMP,MON,SA,G,NO2,0.002,Y,A,0.3,m,,WMD,0,25.1504805,-80.8092194,,,BA,WMD,
FLAB14,P139468-5,19,NITRITE-N,1/30/2023,0.002,mg/L,U,FLAB,SAMP,MON,SA,G,NO2,0.002,Y,A,0.5,m,,WMD,0,25.1504805,-80.8092194,,,BA,WMD,
FLAB14,P141269-5,19,NITRITE-N,3/14/2023,0.002,mg/L,U,FLAB,SAMP,MON,SA,G,NO2,0.002,Y,A,0.5,m,,WMD,0,25.1504805,-80.8092194,,,BA,WMD,Secchi on bottom.
FLAB14,P143129-5,19,NITRITE-N,5/11/2023,0.002,mg/L,U,FLAB,SAMP,MON,SA,G,NO2,0.002,Y,A,0.5,m,,WMD,0,25.1504805,-80.8092194,,,BA,WMD,Secchi on bottom
FLAB14,P144703-5,19,NITRITE-N,7/27/2023,0.002,mg/L,U,FLAB,SAMP,MON,SA,G,NO2,0.002,Y,A,0.35,m,,WMD,0,25.1504805,-80.8092194,,,BA,WMD,
FLAB14,P146063-5,19,NITRITE-N,9/27/2023,0.002,mg/L,U,FLAB,SAMP,MON,SA,G,NO2,0.002,Y,A,0.5,m,,WMD,0,25.1504805,-80.8092194,,,BA,WMD,"Water highly turbid, became difficult to filter during processing."
FLAB14,P146064-5,19,NITRITE-N,11/13/2023,0.002,mg/L,U,FLAB,SAMP,MON,SA,G,NO2,0.002,Y,A,0.5,m,,WMD,0,25.1504805,-80.8092194,,,BA,WMD,"Filter became clogged during processing, no color, difficult to filter"
FLAB14,P148342-5,19,NITRITE-N,1/8/2024,0.002,mg/L,U,FLAB,SAMP,MON,SA,G,NO2,0.002,Y,A,0.35,m,,WMD,0,25.1504805,-80.8092194,,,BA,WMD,collected sample approximately 600 feet SSW of site due to shallow depth
FLAB14,P149299-5,19,NITRITE-N,3/4/2024,0.002,mg/L,"I,G",FLAB,SAMP,MON,SA,G,NO2,0.002,N,A,0.4,m,,WMD,0,25.1504805,-80.8092194,,,BA,WMD,Sample collected 800 m west of site due to shallow depth.
FLAB14,P150708-5,19,NITRITE-N,5/13/2024,0.002,mg/L,U,FLAB,SAMP,MON,SA,G,NO2,0.002,Y,A,0.45,m,,WMD,0,25.1504805,-80.8092194,,,BA,WMD,Filter turned yellow during processing.
FLAB14,P152189-5,19,NITRITE-N,7/15/2024,0.002,mg/L,U,FLAB,SAMP,MON,SA,G,NO2,0.002,Y,A,0.4,m,,WMD,0,25.1504805,-80.8092194,,,BA,WMD,Sample taken 550 m SW of station due to shallow depth. Filter turned green during processing; sample was difficult to push through filter.
FLAB14,P153175-5,19,NITRITE-N,9/12/2024,0.002,mg/L,U,FLAB,SAMP,MON,SA,G,NO2,0.002,Y,A,0.5,m,,WMD,0,25.1504805,-80.8092194,,,BA,WMD,Filter turned green during processing.
FLAB14,P154028-5,19,NITRITE-N,12/9/2024,0.002,mg/L,U,FLAB,SAMP,MON,SA,G,NO2,0.002,Y,A,0.45,m,,WMD,0,25.1504805,-80.8092194,,,BA,WMD,"Because of shallow depths, sample was collected approximately 580 meters to the southwest of the marked site coordinates."
FLAB14,P155969-5,19,NITRITE-N,2/5/2025,0.002,mg/L,U,FLAB,SAMP,MON,SA,G,NO2,0.002,Y,A,0.5,m,,WMD,0,25.1504805,-80.8092194,,,BA,WMD,Secchi on bottom.
FLAB14,P158028-5,19,NITRITE-N,6/18/2025,0.006,mg/L,,FLAB,SAMP,MON,SA,G,NO2,0.002,N,P,0.5,m,,WMD,0,25.1504805,-80.8092194,1,,,,Secchi on bottom.
FLAB14,P50070-11,20,AMMONIA-N,11/16/2010,0.005,mg/L,"I,J",FLAB,FCEB,MON,DI,G,NH4,0.005,N,A,0,,,WMD,0,25.1504805,-80.8092194,,,BA,WMD,"DI, niskin, bucket, syringe, filter, sample bottle.  FCEB taken at FLAB14."
FLAB14,P52279-7,20,AMMONIA-N,4/5/2011,0.012,mg/L,"I,J",FLAB,FCEB,MON,DI,G,NH4,0.005,N,A,0,,,WMD,0,25.1504805,-80.8092194,,,BA,WMD,"FCEB. DI,NISKEN,BUCKET,SYRINGE,FILTER,SAMPLE BOTTLE. FCEB COLLECTED @ STATION FLAB 14"
FLAB14,P52280-7,20,AMMONIA-N,5/3/2011,0.005,mg/L,U,FLAB,FCEB,MON,DI,G,NH4,0.005,Y,A,0,,,WMD,1,25.1504805,-80.8092194,,,BA,WMD,"FCEB. DI,Nisken,Bucket,Syringe,Filter,Sample Bottle. FCDE taken @ station FLAB14"
FLAB14,P55313-7,20,AMMONIA-N,4/12/2012,0.005,mg/L,U,FLAB,FCEB,MON,DI,G,NH4,0.005,Y,A,,,,WMD,0,25.1504805,-80.8092194,,,BA,WMD,FCEB
FLAB14,P61818-7,20,AMMONIA-N,2/5/2013,0.005,mg/L,U,FLAB,FCEB,MON,DI,G,NH4,0.005,Y,A,,,,WMD,0,25.1504805,-80.8092194,,,BA,WMD,FCEB.
FLAB14,P65941-7,20,AMMONIA-N,10/28/2013,0.005,mg/L,U,FLAB,FCEB,MON,DI,G,NH4,0.005,Y,A,,,,WMD,0,25.1504805,-80.8092194,,,PD,WMD,
FLAB14,P86137-7,20,AMMONIA-N,10/24/2016,0.008,mg/L,I,FLAB,FCEB,MON,DI,G,NH4,0.005,N,A,,,,WMD,0,25.1504805,-80.8092194,,,PD,WMD,
FLAB14,P86766-7,20,AMMONIA-N,12/21/2016,0.005,mg/L,U,FLAB,FCEB,MON,DI,G,NH4,0.005,Y,A,,,,WMD,0,25.1504805,-80.8092194,,,PD,WMD,
FLAB14,P87830-7,20,AMMONIA-N,4/20/2017,0.01,mg/L,,FLAB,FCEB,MON,DI,G,NH4,0.005,N,A,,,,WMD,0,25.1504805,-80.8092194,,,PD,WMD,FCEB collected at FLAB14 site.  Sample collected by DA.
FLAB14,P88721-7,20,AMMONIA-N,10/12/2017,0.005,mg/L,U,FLAB,FCEB,MON,DI,G,NH4,0.005,Y,A,,,,WMD,0,25.1504805,-80.8092194,,,PD,WMD,FCEB performed.
FLAB14,P91159-7,20,AMMONIA-N,12/13/2017,0.005,mg/L,U,FLAB,FCEB,MON,DI,G,NH4,0.005,Y,A,,,,WMD,0,25.1504805,-80.8092194,,,PD,WMD,Performed by EW at FLAB14.
FLAB14,P92112-7,20,AMMONIA-N,2/28/2018,0.005,mg/L,U,FLAB,FCEB,MON,DI,G,NH4,0.005,Y,A,,,,WMD,0,25.1504805,-80.8092194,,,PD,WMD,Performed by KJ at FLAB14 with DI 5886.
FLAB14,P92872-7,20,AMMONIA-N,4/10/2018,0.005,mg/L,U,FLAB,FCEB,MON,DI,G,NH4,0.005,Y,A,,,,WMD,0,25.1504805,-80.8092194,,,PD,WMD,Performed by NP at FLAB14 with DI 5901.
FLAB14,P120347-8,20,AMMONIA-N,12/9/2020,0.005,mg/L,U,FLAB,FCEB,MON,DI,G,NH4,0.005,Y,A,,,,WMD,0,25.1504805,-80.8092194,,,BA,WMD,FCEB collected at station FLAB14 by CL using DI#: 7014.
FLAB14,P129938-8,20,AMMONIA-N,2/8/2022,0.005,mg/L,U,FLAB,FCEB,MON,DI,G,NH4,0.005,Y,A,,,,WMD,0,25.1504805,-80.8092194,,,BA,WMD,FCEB collected thru all sampling equipment 7492
FLAB14,P139468-8,20,AMMONIA-N,1/30/2023,0.005,mg/L,U,FLAB,FCEB,MON,DI,G,NH4,0.005,Y,A,,,,WMD,0,25.1504805,-80.8092194,,,BA,WMD,FCEB collected thru all sampling equipment by TT at FLAB14 using DI 7688.
FLAB14,P143129-8,20,AMMONIA-N,5/11/2023,0.005,mg/L,U,FLAB,FCEB,MON,DI,G,NH4,0.005,Y,A,,,,WMD,0,25.1504805,-80.8092194,,,BA,WMD,FCEB collected thru all sampling equipment by PF at FLAB14 using DI 7762
FLAB14,P146064-8,20,AMMONIA-N,11/13/2023,0.005,mg/L,U,FLAB,FCEB,MON,DI,G,NH4,0.005,Y,A,,,,WMD,0,25.1504805,-80.8092194,,,BA,WMD,FCEB collected thru all sampling equipment by CL at FLAB14 using DI 7860
FLAB14,P148342-8,20,AMMONIA-N,1/8/2024,0.005,mg/L,U,FLAB,FCEB,MON,DI,G,NH4,0.005,Y,A,,,,WMD,0,25.1504805,-80.8092194,,,BA,WMD,FCEB collected thru all sampling equipment by ST at FLAB14 using DI 7913
FLAB14,P152189-8,20,AMMONIA-N,7/15/2024,0.005,mg/L,U,FLAB,FCEB,MON,DI,G,NH4,0.005,Y,A,,,,WMD,0,25.1504805,-80.8092194,,,BA,WMD,FCEB collected thru all sampling equipment by RJC using DI 8031.
FLAB14,P153175-8,20,AMMONIA-N,9/12/2024,0.005,mg/L,U,FLAB,FCEB,MON,DI,G,NH4,0.005,Y,A,,,,WMD,0,25.1504805,-80.8092194,,,BA,WMD,FCEB collected thru all sampling equipment using DI 8059.
FLAB14,FIU14939,20,AMMONIA-N,5/15/1991,0.004,mg/L,PMR,FLAB,SAMP,MON,SA,G,NH4,,N,A,0,,,FIU,0,25.1504805,-80.8092194,,,,FIU,
FLAB14,FIU14940,20,AMMONIA-N,6/15/1991,0.008,mg/L,PMR,FLAB,SAMP,MON,SA,G,NH4,,N,A,0,,,FIU,0,25.1504805,-80.8092194,,,,FIU,
FLAB14,FIU14942,20,AMMONIA-N,7/15/1991,0.008,mg/L,PMR,FLAB,SAMP,MON,SA,G,NH4,,N,A,0,,,FIU,0,25.1504805,-80.8092194,,,,FIU,
FLAB14,FIU14945,20,AMMONIA-N,8/15/1991,0.003,mg/L,PMR,FLAB,SAMP,MON,SA,G,NH4,,N,A,0,,,FIU,0,25.1504805,-80.8092194,,,,FIU,
FLAB14,FIU14946,20,AMMONIA-N,9/15/1991,0.021,mg/L,PMR,FLAB,SAMP,MON,SA,G,NH4,,N,A,0,,,FIU,0,25.1504805,-80.8092194,,,,FIU,
FLAB14,FIU14949,20,AMMONIA-N,10/15/1991,0.076,mg/L,PMR,FLAB,SAMP,MON,SA,G,NH4,,N,A,0,,,FIU,0,25.1504805,-80.8092194,,,,FIU,
FLAB14,FIU14950,20,AMMONIA-N,11/15/1991,0.017,mg/L,PMR,FLAB,SAMP,MON,SA,G,NH4,,N,A,0,,,FIU,0,25.1504805,-80.8092194,,,,FIU,
FLAB14,FIU14953,20,AMMONIA-N,12/15/1991,0.115,mg/L,PMR,FLAB,SAMP,MON,SA,G,NH4,,N,A,0,,,FIU,0,25.1504805,-80.8092194,,,,FIU,
FLAB14,FIU14954,20,AMMONIA-N,1/15/1992,0.171,mg/L,PMR,FLAB,SAMP,MON,SA,G,NH4,,N,A,0,,,FIU,0,25.1504805,-80.8092194,,,,FIU,
FLAB14,FIU14956,20,AMMONIA-N,2/15/1992,0.41,mg/L,PMR,FLAB,SAMP,MON,SA,G,NH4,,N,A,0,,,FIU,0,25.1504805,-80.8092194,,,,FIU,
FLAB14,FIU14959,20,AMMONIA-N,3/15/1992,0.052,mg/L,PMR,FLAB,SAMP,MON,SA,G,NH4,,N,A,0,,,FIU,0,25.1504805,-80.8092194,,,,FIU,
FLAB14,FIU14960,20,AMMONIA-N,4/15/1992,0.021,mg/L,PMR,FLAB,SAMP,MON,SA,G,NH4,,N,A,0,,,FIU,0,25.1504805,-80.8092194,,,,FIU,
FLAB14,FIU14962,20,AMMONIA-N,5/15/1992,0.012,mg/L,PMR,FLAB,SAMP,MON,SA,G,NH4,,N,A,0,,,FIU,0,25.1504805,-80.8092194,,,,FIU,
FLAB14,FIU14964,20,AMMONIA-N,6/15/1992,0.09,mg/L,PMR,FLAB,SAMP,MON,SA,G,NH4,,N,A,0,,,FIU,0,25.1504805,-80.8092194,,,,FIU,
FLAB14,FIU14966,20,AMMONIA-N,7/15/1992,0.09,mg/L,PMR,FLAB,SAMP,MON,SA,G,NH4,,N,A,0,,,FIU,0,25.1504805,-80.8092194,,,,FIU,
FLAB14,FIU14968,20,AMMONIA-N,8/15/1992,0.037,mg/L,PMR,FLAB,SAMP,MON,SA,G,NH4,,N,A,0,,,FIU,0,25.1504805,-80.8092194,,,,FIU,
FLAB14,FIU14971,20,AMMONIA-N,9/15/1992,0.045,mg/L,PMR,FLAB,SAMP,MON,SA,G,NH4,,N,A,0,,,FIU,0,25.1504805,-80.8092194,,,,FIU,
FLAB14,FIU14973,20,AMMONIA-N,10/15/1992,0.021,mg/L,PMR,FLAB,SAMP,MON,SA,G,NH4,,N,A,0,,,FIU,0,25.1504805,-80.8092194,,,,FIU,
FLAB14,FIU14975,20,AMMONIA-N,11/15/1992,0.035,mg/L,PMR,FLAB,SAMP,MON,SA,G,NH4,,N,A,0,,,FIU,0,25.1504805,-80.8092194,,,,FIU,
FLAB14,FIU14977,20,AMMONIA-N,12/15/1992,0.018,mg/L,PMR,FLAB,SAMP,MON,SA,G,NH4,,N,A,0,,,FIU,0,25.1504805,-80.8092194,,,,FIU,
FLAB14,FIU14978,20,AMMONIA-N,1/21/1993,99,mg/L,PMR,FLAB,SAMP,MON,SA,G,NH4,,Y,A,0,,,FIU,0,25.1504805,-80.8092194,,,,FIU,
FLAB14,FIU14979,20,AMMONIA-N,2/10/1993,0.081,mg/L,PMR,FLAB,SAMP,MON,SA,G,NH4,,N,A,0,,,FIU,0,25.1504805,-80.8092194,,,,FIU,
FLAB14,FIU14980,20,AMMONIA-N,3/10/1993,0.325,mg/L,PMR,FLAB,SAMP,MON,SA,G,NH4,,N,A,0,,,FIU,0,25.1504805,-80.8092194,,,,FIU,
FLAB14,FIU14981,20,AMMONIA-N,4/7/1993,0.064,mg/L,PMR,FLAB,SAMP,MON,SA,G,NH4,,N,A,0,,,FIU,0,25.1504805,-80.8092194,,,,FIU,
FLAB14,FIU14982,20,AMMONIA-N,5/12/1993,0.008,mg/L,PMR,FLAB,SAMP,MON,SA,G,NH4,,N,A,0,,,FIU,0,25.1504805,-80.8092194,,,,FIU,
FLAB14,FIU14983,20,AMMONIA-N,6/3/1993,0.014,mg/L,PMR,FLAB,SAMP,MON,SA,G,NH4,,N,A,0,,,FIU,0,25.1504805,-80.8092194,,,,FIU,
FLAB14,FIU14984,20,AMMONIA-N,7/7/1993,0.007,mg/L,PMR,FLAB,SAMP,MON,SA,G,NH4,,N,A,0,,,FIU,0,25.1504805,-80.8092194,,,,FIU,
FLAB14,FIU14985,20,AMMONIA-N,8/4/1993,0.014,mg/L,PMR,FLAB,SAMP,MON,SA,G,NH4,,N,A,0,,,FIU,0,25.1504805,-80.8092194,,,,FIU,
FLAB14,FIU14986,20,AMMONIA-N,9/9/1993,0.045,mg/L,PMR,FLAB,SAMP,MON,SA,G,NH4,,N,A,0,,,FIU,0,25.1504805,-80.8092194,,,,FIU,
FLAB14,FIU14987,20,AMMONIA-N,10/6/1993,0.013,mg/L,PMR,FLAB,SAMP,MON,SA,G,NH4,,N,A,0,,,FIU,0,25.1504805,-80.8092194,,,,FIU,
FLAB14,FIU14988,20,AMMONIA-N,11/3/1993,0.028,mg/L,PMR,FLAB,SAMP,MON,SA,G,NH4,,N,A,0,,,FIU,0,25.1504805,-80.8092194,,,,FIU,
FLAB14,FIU14989,20,AMMONIA-N,12/2/1993,0.024,mg/L,PMR,FLAB,SAMP,MON,SA,G,NH4,,N,A,0,,,FIU,0,25.1504805,-80.8092194,,,,FIU,
FLAB14,FIU14990,20,AMMONIA-N,1/11/1994,0.17,mg/L,PMR,FLAB,SAMP,MON,SA,G,NH4,,N,A,0,,,FIU,0,25.1504805,-80.8092194,,,,FIU,
FLAB14,FIU14991,20,AMMONIA-N,2/2/1994,0.01,mg/L,PMR,FLAB,SAMP,MON,SA,G,NH4,,N,A,0,,,FIU,0,25.1504805,-80.8092194,,,,FIU,
FLAB14,FIU14992,20,AMMONIA-N,3/8/1994,0.425,mg/L,PMR,FLAB,SAMP,MON,SA,G,NH4,,N,A,0,,,FIU,0,25.1504805,-80.8092194,,,,FIU,
FLAB14,FIU14993,20,AMMONIA-N,4/6/1994,0.0474,mg/L,A,FLAB,SAMP,MON,SA,G,NH4,,N,A,0,,,FIU,0,25.1504805,-80.8092194,,,,FIU,
FLAB14,FIU14995,20,AMMONIA-N,5/4/1994,0.0225,mg/L,A,FLAB,SAMP,MON,SA,G,NH4,,N,A,0,,,FIU,0,25.1504805,-80.8092194,,,,FIU,
FLAB14,FIU14997,20,AMMONIA-N,6/8/1994,0.0097,mg/L,A,FLAB,SAMP,MON,SA,G,NH4,,N,A,0,,,FIU,0,25.1504805,-80.8092194,,,,FIU,
FLAB14,FIU14999,20,AMMONIA-N,7/7/1994,0.064,mg/L,A,FLAB,SAMP,MON,SA,G,NH4,,N,A,0,,,FIU,0,25.1504805,-80.8092194,,,,FIU,
FLAB14,FIU15001,20,AMMONIA-N,8/4/1994,0.0074,mg/L,A,FLAB,SAMP,MON,SA,G,NH4,,N,A,0,,,FIU,0,25.1504805,-80.8092194,,,,FIU,
FLAB14,FIU15003,20,AMMONIA-N,9/14/1994,0.0624,mg/L,A,FLAB,SAMP,MON,SA,G,NH4,,N,A,0,,,FIU,0,25.1504805,-80.8092194,,,,FIU,
FLAB14,FIU15005,20,AMMONIA-N,10/5/1994,0.0517,mg/L,A,FLAB,SAMP,MON,SA,G,NH4,,N,A,0,,,FIU,0,25.1504805,-80.8092194,,,,FIU,
FLAB14,FIU15007,20,AMMONIA-N,11/2/1994,0.0114,mg/L,A,FLAB,SAMP,MON,SA,G,NH4,,N,A,0,,,FIU,0,25.1504805,-80.8092194,,,,FIU,
FLAB14,FIU15009,20,AMMONIA-N,11/22/1994,0.0134,mg/L,A,FLAB,SAMP,MON,SA,G,NH4,,N,A,0,,,FIU,0,25.1504805,-80.8092194,,,,FIU,
FLAB14,FIU15011,20,AMMONIA-N,12/1/1994,0.364,mg/L,A,FLAB,SAMP,MON,SA,G,NH4,,N,A,0,,,FIU,0,25.1504805,-80.8092194,,,,FIU,
FLAB14,FIU15013,20,AMMONIA-N,1/5/1995,0.0604,mg/L,PMR,FLAB,SAMP,MON,SA,G,NH4,,N,A,0,,,FIU,0,25.1504805,-80.8092194,,,,FIU,
FLAB14,FIU15015,20,AMMONIA-N,2/2/1995,0.0427,mg/L,PMR,FLAB,SAMP,MON,SA,G,NH4,,N,A,0,,,FIU,0,25.1504805,-80.8092194,,,,FIU,
FLAB14,FIU15017,20,AMMONIA-N,3/1/1995,0.0151,mg/L,PMR,FLAB,SAMP,MON,SA,G,NH4,,N,A,0,,,FIU,0,25.1504805,-80.8092194,,,,FIU,
FLAB14,FIU15019,20,AMMONIA-N,4/19/1995,0.5035,mg/L,PMR,FLAB,SAMP,MON,SA,G,NH4,,N,A,0,,,FIU,0,25.1504805,-80.8092194,,,,FIU,
FLAB14,FIU15021,20,AMMONIA-N,5/24/1995,0.2952,mg/L,PMR,FLAB,SAMP,MON,SA,G,NH4,,N,A,0,,,FIU,0,25.1504805,-80.8092194,,,,FIU,
FLAB14,FIU15023,20,AMMONIA-N,6/21/1995,0.0028,mg/L,PMR,FLAB,SAMP,MON,SA,G,NH4,,N,A,0,,,FIU,0,25.1504805,-80.8092194,,,,FIU,
FLAB14,FIU15025,20,AMMONIA-N,7/12/1995,0.0895,mg/L,PMR,FLAB,SAMP,MON,SA,G,NH4,,N,A,0,,,FIU,0,25.1504805,-80.8092194,,,,FIU,
FLAB14,FIU15027,20,AMMONIA-N,8/11/1995,0.0039,mg/L,PMR,FLAB,SAMP,MON,SA,G,NH4,,N,A,0,,,FIU,0,25.1504805,-80.8092194,,,,FIU,
FLAB14,FIU15029,20,AMMONIA-N,9/6/1995,0.2577,mg/L,PMR,FLAB,SAMP,MON,SA,G,NH4,,N,A,0,,,FIU,0,25.1504805,-80.8092194,,,,FIU,
FLAB14,FIU15031,20,AMMONIA-N,10/22/1995,0.154,mg/L,PMR,FLAB,SAMP,MON,SA,G,NH4,,N,A,0,,,FIU,0,25.1504805,-80.8092194,,,,FIU,
FLAB14,FIU15033,20,AMMONIA-N,11/17/1995,0.006,mg/L,Q,FLAB,SAMP,MON,SA,G,NH4,,N,A,0,,,FIU,0,25.1504805,-80.8092194,,,,FIU,
FLAB14,FIU15035,20,AMMONIA-N,12/14/1995,0.133,mg/L,Q,FLAB,SAMP,MON,SA,G,NH4,,N,A,0,,,FIU,0,25.1504805,-80.8092194,,,,FIU,
FLAB14,FIU15037,20,AMMONIA-N,1/23/1996,0.1225,mg/L,PMR,FLAB,SAMP,MON,SA,G,NH4,,N,A,0,,,FIU,0,25.1504805,-80.8092194,,,,FIU,
FLAB14,FIU15039,20,AMMONIA-N,2/12/1996,0.051,mg/L,PMR,FLAB,SAMP,MON,SA,G,NH4,,N,A,0,,,FIU,0,25.1504805,-80.8092194,,,,FIU,
FLAB14,FIU15041,20,AMMONIA-N,3/22/1996,0.0743,mg/L,PMR,FLAB,SAMP,MON,SA,G,NH4,,N,A,0,,,FIU,0,25.1504805,-80.8092194,,,,FIU,
FLAB14,FIU15043,20,AMMONIA-N,4/25/1996,0.5263,mg/L,PMR,FLAB,SAMP,MON,SA,G,NH4,,N,A,0,,,FIU,0,25.1504805,-80.8092194,,,,FIU,
FLAB14,FIU15045,20,AMMONIA-N,5/10/1996,0.7025,mg/L,PMR,FLAB,SAMP,MON,SA,G,NH4,,N,A,0,,,FIU,0,25.1504805,-80.8092194,,,,FIU,
FLAB14,FIU15047,20,AMMONIA-N,6/6/1996,0.0533,mg/L,PMR,FLAB,SAMP,MON,SA,G,NH4,,N,A,0,,,FIU,0,25.1504805,-80.8092194,,,,FIU,
FLAB14,FIU15049,20,AMMONIA-N,7/4/1996,0.1145,mg/L,PMR,FLAB,SAMP,MON,SA,G,NH4,,N,A,0.1,,,FIU,0,25.1504805,-80.8092194,,,,FIU,
FLAB14,FIU15051,20,AMMONIA-N,8/22/1996,0.2833,mg/L,PMR,FLAB,SAMP,MON,SA,G,NH4,,N,A,0.1,,,FIU,0,25.1504805,-80.8092194,,,,FIU,
FLAB14,FIU15053,20,AMMONIA-N,9/14/1996,0.1469,mg/L,PMR,FLAB,SAMP,MON,SA,G,NH4,,N,A,0.1,,,FIU,0,25.1504805,-80.8092194,,,,FIU,
FLAB14,FIU15055,20,AMMONIA-N,10/15/1996,0.3935,mg/L,PMR,FLAB,SAMP,MON,SA,G,NH4,,N,A,0.1,,,FIU,0,25.1504805,-80.8092194,,,,FIU,
FLAB14,FIU15057,20,AMMONIA-N,11/7/1996,0.481,mg/L,PMR,FLAB,SAMP,MON,SA,G,NH4,,N,A,0.1,,,FIU,0,25.1504805,-80.8092194,,,,FIU,
FLAB14,FIU15059,20,AMMONIA-N,12/6/1996,0.3849,mg/L,Q,FLAB,SAMP,MON,SA,G,NH4,,N,A,0.1,,,FIU,0,25.1504805,-80.8092194,,,,FIU,
FLAB14,FIU15061,20,AMMONIA-N,1/8/1997,0.0067,mg/L,PMR,FLAB,SAMP,MON,SA,G,NH4,,N,A,0.1,,,FIU,0,25.1504805,-80.8092194,,,,FIU,
FLAB14,FIU15063,20,AMMONIA-N,2/15/1997,0.2787,mg/L,PMR,FLAB,SAMP,MON,SA,G,NH4,,N,A,0.1,,,FIU,0,25.1504805,-80.8092194,,,,FIU,
FLAB14,FIU15065,20,AMMONIA-N,3/12/1997,0.6511,mg/L,PMR,FLAB,SAMP,MON,SA,G,NH4,,N,A,0.1,,,FIU,0,25.1504805,-80.8092194,,,,FIU,
FLAB14,FIU15067,20,AMMONIA-N,4/16/1997,0.425,mg/L,PMR,FLAB,SAMP,MON,SA,G,NH4,,N,A,0.1,,,FIU,0,25.1504805,-80.8092194,,,,FIU,
FLAB14,FIU15069,20,AMMONIA-N,5/22/1997,0.0332,mg/L,PMR,FLAB,SAMP,MON,SA,G,NH4,,N,A,0.1,,,FIU,0,25.1504805,-80.8092194,,,,FIU,
FLAB14,FIU15071,20,AMMONIA-N,6/12/1997,0.153,mg/L,PMR,FLAB,SAMP,MON,SA,G,NH4,,N,A,0.1,,,FIU,0,25.1504805,-80.8092194,,,,FIU,
FLAB14,FIU15073,20,AMMONIA-N,7/10/1997,0.0034,mg/L,PMR,FLAB,SAMP,MON,SA,G,NH4,,N,A,0.1,,,FIU,0,25.1504805,-80.8092194,,,,FIU,
FLAB14,FIU15074,20,AMMONIA-N,8/20/1997,0.0081,mg/L,PMR,FLAB,SAMP,MON,SA,G,NH4,,N,A,0.1,,,FIU,0,25.1504805,-80.8092194,,,,FIU,
FLAB14,FIU15076,20,AMMONIA-N,9/10/1997,0.0108,mg/L,PMR,FLAB,SAMP,MON,SA,G,NH4,,N,A,0.1,,,FIU,0,25.1504805,-80.8092194,,,,FIU,
FLAB14,FIU15078,20,AMMONIA-N,10/21/1997,0.0094,mg/L,PMR,FLAB,SAMP,MON,SA,G,NH4,,N,A,0.1,,,FIU,0,25.1504805,-80.8092194,,,,FIU,
FLAB14,FIU15080,20,AMMONIA-N,11/25/1997,0.159,mg/L,PMR,FLAB,SAMP,MON,SA,G,NH4,,N,A,0.1,,,FIU,0,25.1504805,-80.8092194,,,,FIU,
FLAB14,FIU15082,20,AMMONIA-N,12/12/1997,0.0957,mg/L,PMR,FLAB,SAMP,MON,SA,G,NH4,,N,A,0.1,,,FIU,0,25.1504805,-80.8092194,,,,FIU,
FLAB14,FIU15084,20,AMMONIA-N,1/21/1998,0.2083,mg/L,PMR,FLAB,SAMP,MON,SA,G,NH4,,N,A,0.1,,,FIU,0,25.1504805,-80.8092194,,,,FIU,
FLAB14,FIU15086,20,AMMONIA-N,2/18/1998,0.3273,mg/L,PMR,FLAB,SAMP,MON,SA,G,NH4,,N,A,0.1,,,FIU,0,25.1504805,-80.8092194,,,,FIU,
FLAB14,FIU15088,20,AMMONIA-N,3/20/1998,0.5858,mg/L,PMR,FLAB,SAMP,MON,SA,G,NH4,,N,A,0.1,,,FIU,0,25.1504805,-80.8092194,,,,FIU,
FLAB14,FIU15090,20,AMMONIA-N,4/15/1998,0.6377,mg/L,PMR,FLAB,SAMP,MON,SA,G,NH4,,N,A,0.1,,,FIU,0,25.1504805,-80.8092194,,,,FIU,
FLAB14,FIU15092,20,AMMONIA-N,5/14/1998,0.0953,mg/L,PMR,FLAB,SAMP,MON,SA,G,NH4,,N,A,0.1,,,FIU,0,25.1504805,-80.8092194,,,,FIU,
FLAB14,FIU15094,20,AMMONIA-N,6/10/1998,0.1363,mg/L,PMR,FLAB,SAMP,MON,SA,G,NH4,,N,A,0.1,,,FIU,0,25.1504805,-80.8092194,,,,FIU,
FLAB14,FIU15096,20,AMMONIA-N,7/14/1998,0.0157,mg/L,PMR,FLAB,SAMP,MON,SA,G,NH4,,N,A,0.1,,,FIU,0,25.1504805,-80.8092194,,,,FIU,
FLAB14,FIU15098,20,AMMONIA-N,8/19/1998,0.0017,mg/L,PMR,FLAB,SAMP,MON,SA,G,NH4,,N,A,0.1,,,FIU,0,25.1504805,-80.8092194,,,,FIU,
FLAB14,FIU15100,20,AMMONIA-N,9/17/1998,0.0026,mg/L,PMR,FLAB,SAMP,MON,SA,G,NH4,,N,A,0.1,,,FIU,0,25.1504805,-80.8092194,,,,FIU,
FLAB14,FIU15102,20,AMMONIA-N,9/30/1998,0.0666,mg/L,PMR,FLAB,SAMP,MON,SA,G,NH4,,N,A,0.1,,,FIU,0,25.1504805,-80.8092194,,,,FIU,
FLAB14,FIU15104,20,AMMONIA-N,11/3/1998,0.0041,mg/L,PMR,FLAB,SAMP,MON,SA,G,NH4,,N,A,0.1,,,FIU,0,25.1504805,-80.8092194,,,,FIU,
FLAB14,FIU15106,20,AMMONIA-N,12/1/1998,0.0014,mg/L,PMR,FLAB,SAMP,MON,SA,G,NH4,,N,A,0.1,,,FIU,0,25.1504805,-80.8092194,,,,FIU,
FLAB14,FIU15108,20,AMMONIA-N,1/14/1999,0.0116,mg/L,PMR,FLAB,SAMP,MON,SA,G,NH4,,N,A,0.1,,,FIU,0,25.1504805,-80.8092194,,,,FIU,
FLAB14,FIU15110,20,AMMONIA-N,2/10/1999,0.0089,mg/L,PMR,FLAB,SAMP,MON,SA,G,NH4,,N,A,0.1,,,FIU,0,25.1504805,-80.8092194,,,,FIU,
FLAB14,FIU15112,20,AMMONIA-N,3/23/1999,0.1078,mg/L,PMR,FLAB,SAMP,MON,SA,G,NH4,,N,A,0.1,,,FIU,0,25.1504805,-80.8092194,,,,FIU,
FLAB14,FIU15114,20,AMMONIA-N,4/29/1999,0.0486,mg/L,PMR,FLAB,SAMP,MON,SA,G,NH4,,N,A,0.1,,,FIU,0,25.1504805,-80.8092194,,,,FIU,
FLAB14,FIU15116,20,AMMONIA-N,5/28/1999,0.6185,mg/L,PMR,FLAB,SAMP,MON,SA,G,NH4,,N,A,0.1,,,FIU,0,25.1504805,-80.8092194,,,,FIU,
FLAB14,FIU15118,20,AMMONIA-N,6/17/1999,0.0359,mg/L,PMR,FLAB,SAMP,MON,SA,G,NH4,,N,A,0.1,,,FIU,0,25.1504805,-80.8092194,,,,FIU,
FLAB14,FIU15120,20,AMMONIA-N,7/6/1999,0.1284,mg/L,PMR,FLAB,SAMP,MON,SA,G,NH4,0.00084,N,A,0.1,,,FIU,0,25.1504805,-80.8092194,,,,FIU,
FLAB14,FIU15122,20,AMMONIA-N,8/24/1999,0.0015,mg/L,PMR,FLAB,SAMP,MON,SA,G,NH4,0.00084,N,A,0.1,,,FIU,0,25.1504805,-80.8092194,,,,FIU,
FLAB14,FIU15124,20,AMMONIA-N,9/23/1999,0.0749,mg/L,PMR,FLAB,SAMP,MON,SA,G,NH4,0.00084,N,A,0.1,,,FIU,0,25.1504805,-80.8092194,,,,FIU,
FLAB14,FIU15126,20,AMMONIA-N,10/26/1999,0.0046,mg/L,PMR,FLAB,SAMP,MON,SA,G,NH4,0.00084,N,A,0.1,,,FIU,0,25.1504805,-80.8092194,,,,FIU,
FLAB14,FIU15128,20,AMMONIA-N,11/12/1999,0.1,mg/L,PMR,FLAB,SAMP,MON,SA,G,NH4,0.00084,N,A,0.1,,,FIU,0,25.1504805,-80.8092194,,,,FIU,
FLAB14,FIU15130,20,AMMONIA-N,12/3/1999,0.0144,mg/L,PMR,FLAB,SAMP,MON,SA,G,NH4,0.00084,N,A,0.1,,,FIU,0,25.1504805,-80.8092194,,,,FIU,
FLAB14,FIU15132,20,AMMONIA-N,1/25/2000,0.0116,mg/L,PMR,FLAB,SAMP,MON,SA,G,NH4,0.00084,N,A,0.1,,,FIU,0,25.1504805,-80.8092194,,,,FIU,
FLAB14,FIU15134,20,AMMONIA-N,2/28/2000,0.0024,mg/L,PMR,FLAB,SAMP,MON,SA,G,NH4,0.00084,N,A,0.1,,,FIU,0,25.1504805,-80.8092194,,,,FIU,
FLAB14,FIU15136,20,AMMONIA-N,3/21/2000,0.0068,mg/L,PMR,FLAB,SAMP,MON,SA,G,NH4,0.00084,N,A,0.1,,,FIU,0,25.1504805,-80.8092194,,,,FIU,
FLAB14,FIU15138,20,AMMONIA-N,4/13/2000,0.0046,mg/L,PMR,FLAB,SAMP,MON,SA,G,NH4,0.00084,N,A,0.1,,,FIU,0,25.1504805,-80.8092194,,,,FIU,
FLAB14,FIU15140,20,AMMONIA-N,5/30/2000,0.2,mg/L,PMR,FLAB,SAMP,MON,SA,G,NH4,0.00084,N,A,0.1,,,FIU,0,25.1504805,-80.8092194,,,,FIU,
FLAB14,FIU15142,20,AMMONIA-N,6/20/2000,0.0988,mg/L,PMR,FLAB,SAMP,MON,SA,G,NH4,0.00084,N,A,0.1,,,FIU,0,25.1504805,-80.8092194,,,,FIU,
FLAB14,FIU15144,20,AMMONIA-N,7/20/2000,0.037,mg/L,PMR,FLAB,SAMP,MON,SA,G,NH4,0.00084,N,A,0.1,,,FIU,0,25.1504805,-80.8092194,,,,FIU,
FLAB14,FIU15146,20,AMMONIA-N,8/29/2000,0.0085,mg/L,PMR,FLAB,SAMP,MON,SA,G,NH4,0.00084,N,A,0.1,,,FIU,0,25.1504805,-80.8092194,,,,FIU,
FLAB14,FIU15148,20,AMMONIA-N,9/29/2000,0.00084,mg/L,U,FLAB,SAMP,MON,SA,G,NH4,0.00084,Y,A,0.1,,,FIU,0,25.1504805,-80.8092194,,,,FIU,
FLAB14,FIU15150,20,AMMONIA-N,10/26/2000,0.015,mg/L,PMR,FLAB,SAMP,MON,SA,G,NH4,0.00084,N,A,0.1,,,FIU,0,25.1504805,-80.8092194,,,,FIU,
FLAB14,FIU15152,20,AMMONIA-N,11/30/2000,0.0072,mg/L,PMR,FLAB,SAMP,MON,SA,G,NH4,0.00084,N,A,0.1,,,FIU,0,25.1504805,-80.8092194,,,,FIU,
FLAB14,FIU15154,20,AMMONIA-N,12/11/2000,0.0019,mg/L,PMR,FLAB,SAMP,MON,SA,G,NH4,0.00084,N,A,0.1,,,FIU,0,25.1504805,-80.8092194,,,,FIU,
FLAB14,FIU15156,20,AMMONIA-N,1/25/2001,0.0134,mg/L,PMR,FLAB,SAMP,MON,SA,G,NH4,0.0014,N,A,0.1,,,FIU,0,25.1504805,-80.8092194,,,,FIU,
FLAB14,FIU15158,20,AMMONIA-N,2/21/2001,0.1005,mg/L,PMR,FLAB,SAMP,MON,SA,G,NH4,0.0014,N,A,0.1,,,FIU,0,25.1504805,-80.8092194,,,,FIU,
FLAB14,FIU15160,20,AMMONIA-N,3/6/2001,0.0634,mg/L,PMR,FLAB,SAMP,MON,SA,G,NH4,0.0014,N,A,0.1,,,FIU,0,25.1504805,-80.8092194,,,,FIU,
FLAB14,FIU15162,20,AMMONIA-N,4/3/2001,0.0146,mg/L,PMR,FLAB,SAMP,MON,SA,G,NH4,0.0014,N,A,0.1,,,FIU,0,25.1504805,-80.8092194,,,,FIU,
FLAB14,FIU15164,20,AMMONIA-N,5/2/2001,0.005,mg/L,PMR,FLAB,SAMP,MON,SA,G,NH4,0.0014,N,A,0.1,,,FIU,0,25.1504805,-80.8092194,,,,FIU,
FLAB14,FIU110784,20,AMMONIA-N,6/5/2001,0.0079,mg/L,PMR,FLAB,SAMP,MON,SA,G,NH4,0.0014,N,A,0.1,,,FIU,0,25.1504805,-80.8092194,,,,FIU,
FLAB14,FIU15166,20,AMMONIA-N,7/12/2001,0.0039,mg/L,PMR,FLAB,SAMP,MON,SA,G,NH4,0.0014,N,A,0.1,,,FIU,0,25.1504805,-80.8092194,,,,FIU,
FLAB14,FIU15168,20,AMMONIA-N,8/14/2001,0.1337,mg/L,PMR,FLAB,SAMP,MON,SA,G,NH4,0.0014,N,A,0.1,,,FIU,0,25.1504805,-80.8092194,,,,FIU,
FLAB14,FIU15170,20,AMMONIA-N,9/5/2001,0.0152,mg/L,PMR,FLAB,SAMP,MON,SA,G,NH4,0.0014,N,A,0.1,,,FIU,0,25.1504805,-80.8092194,,,,FIU,
FLAB14,FIU110486,20,AMMONIA-N,10/23/2001,0.0673,mg/L,PMR,FLAB,SAMP,MON,SA,G,NH4,0.0014,N,A,0.1,,,FIU,0,25.1504805,-80.8092194,,,,FIU,
FLAB14,FIU110488,20,AMMONIA-N,11/8/2001,0.1255,mg/L,PMR,FLAB,SAMP,MON,SA,G,NH4,0.0014,N,A,0.1,,,FIU,0,25.1504805,-80.8092194,,,,FIU,
FLAB14,FIU110490,20,AMMONIA-N,12/3/2001,0.0042,mg/L,PMR,FLAB,SAMP,MON,SA,G,NH4,0.0014,N,A,0.1,,,FIU,0,25.1504805,-80.8092194,,,,FIU,
FLAB14,FIU113118,20,AMMONIA-N,1/29/2002,0.0051,mg/L,,FLAB,SAMP,MON,SA,G,NH4,0.0014,N,A,0.1,,,FIU,0,25.1504805,-80.8092194,,,,FIU,
FLAB14,FIU113120,20,AMMONIA-N,2/20/2002,0.0047,mg/L,,FLAB,SAMP,MON,SA,G,NH4,0.0014,N,A,0.1,,,FIU,0,25.1504805,-80.8092194,,,,FIU,
FLAB14,FIU113122,20,AMMONIA-N,3/19/2002,0.0486,mg/L,,FLAB,SAMP,MON,SA,G,NH4,0.0014,N,A,0.1,,,FIU,0,25.1504805,-80.8092194,,,,FIU,
FLAB14,134014,20,AMMONIA-N,4/9/2002,0.0903,mg/L,,FLAB,SAMP,MON,SA,G,NH4,0.0014,N,A,0.1,,,FIU,0,25.1504805,-80.8092194,,,,FIU,
FLAB14,135014,20,AMMONIA-N,5/15/2002,0.0649,mg/L,,FLAB,SAMP,MON,SA,G,NH4,0.0018,N,A,0.1,,,FIU,0,25.1504805,-80.8092194,,,,FIU,
FLAB14,136014,20,AMMONIA-N,6/4/2002,0.18,mg/L,Q,FLAB,SAMP,MON,SA,G,NH4,0.0018,N,A,0.1,,,FIU,0,25.1504805,-80.8092194,,,,FIU,
FLAB14,138014,20,AMMONIA-N,8/19/2002,0.0092,mg/L,,FLAB,SAMP,MON,SA,G,NH4,0.0018,N,A,0.1,,,FIU,0,25.1504805,-80.8092194,,,,FIU,
FLAB14,139014,20,AMMONIA-N,9/17/2002,0.0971,mg/L,,FLAB,SAMP,MON,SA,G,NH4,0.0018,N,A,0.1,,,FIU,0,25.1504805,-80.8092194,,,,FIU,
FLAB14,140014,20,AMMONIA-N,10/17/2002,0.0277,mg/L,,FLAB,SAMP,MON,SA,G,NH4,0.0018,N,A,0.1,,,FIU,0,25.1504805,-80.8092194,,,,FIU,
FLAB14,141014,20,AMMONIA-N,11/14/2002,0.0208,mg/L,,FLAB,SAMP,MON,SA,G,NH4,0.0018,N,A,0.1,,,FIU,0,25.1504805,-80.8092194,,,,FIU,
FLAB14,142014,20,AMMONIA-N,12/11/2002,0.0414,mg/L,,FLAB,SAMP,MON,SA,G,NH4,0.0018,N,A,0.1,,,FIU,0,25.1504805,-80.8092194,,,,FIU,
FLAB14,143014,20,AMMONIA-N,1/28/2003,0.0373,mg/L,,FLAB,SAMP,MON,SA,G,NH4,0.0018,N,A,0.1,,,FIU,0,25.1504805,-80.8092194,,,,FIU,
FLAB14,144014,20,AMMONIA-N,2/25/2003,0.0546,mg/L,,FLAB,SAMP,MON,SA,G,NH4,0.0018,N,A,0.1,,,FIU,0,25.1504805,-80.8092194,,,,FIU,
FLAB14,145014,20,AMMONIA-N,3/13/2003,0.028,mg/L,,FLAB,SAMP,MON,SA,G,NH4,0.0018,N,A,0.1,,,FIU,0,25.1504805,-80.8092194,,,,FIU,
FLAB14,146014,20,AMMONIA-N,4/9/2003,0.0102,mg/L,,FLAB,SAMP,MON,SA,G,NH4,0.0018,N,A,0.1,,,FIU,0,25.1504805,-80.8092194,,,,FIU,
FLAB14,147014,20,AMMONIA-N,5/8/2003,0.0759,mg/L,,FLAB,SAMP,MON,SA,G,NH4,0.0018,N,A,0.1,,,FIU,0,25.1504805,-80.8092194,,,,FIU,
FLAB14,148014,20,AMMONIA-N,6/10/2003,0.0717,mg/L,,FLAB,SAMP,MON,SA,G,NH4,0.0018,N,A,0.1,,,FIU,0,25.1504805,-80.8092194,,,,FIU,
FLAB14,149014,20,AMMONIA-N,7/1/2003,0.0062,mg/L,,FLAB,SAMP,MON,SA,G,NH4,0.0018,N,A,0.1,,,FIU,0,25.1504805,-80.8092194,,,,FIU,
FLAB14,150014,20,AMMONIA-N,8/25/2003,0.0076,mg/L,I,FLAB,SAMP,MON,SA,G,NH4,0.0018,N,A,0.1,,,FIU,0,25.1504805,-80.8092194,,,,FIU,
FLAB14,151014,20,AMMONIA-N,9/9/2003,0.1541,mg/L,,FLAB,SAMP,MON,SA,G,NH4,0.0018,N,A,0.1,,,FIU,0,25.1504805,-80.8092194,,,,FIU,
FLAB14,152014,20,AMMONIA-N,10/15/2003,0.0438,mg/L,,FLAB,SAMP,MON,SA,G,NH4,0.0018,N,A,0.1,,,FIU,0,25.1504805,-80.8092194,,,,FIU,
FLAB14,153014,20,AMMONIA-N,11/7/2003,0.0459,mg/L,,FLAB,SAMP,MON,SA,G,NH4,0.0018,N,A,0.1,,,FIU,0,25.1504805,-80.8092194,,,,FIU,
FLAB14,154014,20,AMMONIA-N,12/3/2003,0.0058,mg/L,I,FLAB,SAMP,MON,SA,G,NH4,0.0018,N,A,0.1,,,FIU,0,25.1504805,-80.8092194,,,,FIU,
FLAB14,155014,20,AMMONIA-N,1/21/2004,0.1208,mg/L,PMR,FLAB,SAMP,MON,SA,G,NH4,0.0036,N,A,0.1,,,FIU,0,25.1504805,-80.8092194,,,,FIU,
FLAB14,156014,20,AMMONIA-N,2/24/2004,0.0851,mg/L,PMR,FLAB,SAMP,MON,SA,G,NH4,0.0036,N,A,0.1,,,FIU,0,25.1504805,-80.8092194,,,,FIU,
FLAB14,157014,20,AMMONIA-N,3/23/2004,0.1449,mg/L,PMR,FLAB,SAMP,MON,SA,G,NH4,0.0036,N,A,0.1,,,FIU,0,25.1504805,-80.8092194,,,,FIU,
FLAB14,158014,20,AMMONIA-N,4/21/2004,0.1126,mg/L,PMR,FLAB,SAMP,MON,SA,G,NH4,0.0036,N,A,0.1,,,FIU,0,25.1504805,-80.8092194,,,,WMD,
FLAB14,159014,20,AMMONIA-N,5/21/2004,0.1269,mg/L,PMR,FLAB,SAMP,MON,SA,G,NH4,0.0036,N,A,0.1,,,FIU,0,25.1504805,-80.8092194,,,,FIU,
FLAB14,160014,20,AMMONIA-N,6/28/2004,0.02,mg/L,PMR,FLAB,SAMP,MON,SA,G,NH4,0.0036,N,A,0.1,,,FIU,0,25.1504805,-80.8092194,,,,FIU,
FLAB14,161014,20,AMMONIA-N,7/27/2004,0.0751,mg/L,PMR,FLAB,SAMP,MON,SA,G,NH4,0.0036,N,A,0.1,,,FIU,0,25.1504805,-80.8092194,,,,FIU,
FLAB14,162014,20,AMMONIA-N,8/24/2004,0.0583,mg/L,PMR,FLAB,SAMP,MON,SA,G,NH4,0.0036,N,A,0.1,,,FIU,0,25.1504805,-80.8092194,,,,FIU,
FLAB14,163014,20,AMMONIA-N,9/28/2004,0.2069,mg/L,PMR,FLAB,SAMP,MON,SA,G,NH4,0.0036,N,A,0.1,,,FIU,0,25.1504805,-80.8092194,,,,FIU,
FLAB14,164014,20,AMMONIA-N,10/26/2004,0.0089,mg/L,I,FLAB,SAMP,MON,SA,G,NH4,0.0036,N,A,0.1,,,FIU,0,25.1504805,-80.8092194,,,,FIU,
FLAB14,165014,20,AMMONIA-N,11/29/2004,0.0407,mg/L,PMR,FLAB,SAMP,MON,SA,G,NH4,0.0036,N,A,0.1,,,FIU,0,25.1504805,-80.8092194,,,,FIU,
FLAB14,166014,20,AMMONIA-N,12/14/2004,0.0838,mg/L,PMR,FLAB,SAMP,MON,SA,G,NH4,0.0036,N,A,0.1,,,FIU,0,25.1504805,-80.8092194,,,,FIU,
FLAB14,FB188FB014FA,20,AMMONIA-N,10/9/2006,0.00792,mg/L,"Y,I,J5,J",FLAB,SAMP,MON,SA,G,NH4,0.00574,N,A,0,,,FIU,0,25.1504805,-80.8092194,,,BA,WMD,
FLAB14,FB188FB014FB,20,AMMONIA-N,10/9/2006,0.00968,mg/L,"Y,I,J5,J",FLAB,SAMP,MON,SA,G,NH4,0.00574,N,A,0,,,FIU,0,25.1504805,-80.8092194,,,BA,WMD,
FLAB14,FB189FB014FA,20,AMMONIA-N,11/7/2006,0.01056,mg/L,"Y,I,J5",FLAB,SAMP,MON,SA,G,NH4,0.00574,N,A,0,,,FIU,0,25.1504805,-80.8092194,,,BA,WMD,
FLAB14,FB189FB014FB,20,AMMONIA-N,11/7/2006,0.00574,mg/L,"Y,U,J5",FLAB,SAMP,MON,SA,G,NH4,0.00574,Y,A,0,,,FIU,0,25.1504805,-80.8092194,,,BA,WMD,
FLAB14,FB190FB014FA,20,AMMONIA-N,12/3/2006,0.02106,mg/L,"Y,J5,J",FLAB,SAMP,MON,SA,G,NH4,0.00574,N,A,0,,,FIU,0,25.1504805,-80.8092194,,,BA,WMD,
FLAB14,FB190FB014FB,20,AMMONIA-N,12/3/2006,0.0098,mg/L,"Y,I,J5,J",FLAB,SAMP,MON,SA,G,NH4,0.00574,N,A,0,,,FIU,0,25.1504805,-80.8092194,,,BA,WMD,
FLAB14,FB191FB014FA,20,AMMONIA-N,1/11/2007,0.00574,mg/L,"A,Y,U,J5",FLAB,SAMP,MON,SA,G,NH4,0.00574,Y,A,0,,,FIU,0,25.1504805,-80.8092194,,,BA,WMD,
FLAB14,FB191FB014FB,20,AMMONIA-N,1/11/2007,0.00574,mg/L,"A,Y,U,J5",FLAB,SAMP,MON,SA,G,NH4,0.00574,Y,A,0,,,FIU,0,25.1504805,-80.8092194,,,BA,WMD,
FLAB14,FB192FB014FA,20,AMMONIA-N,2/7/2007,0.00574,mg/L,"A,Y,U,J5",FLAB,SAMP,MON,SA,G,NH4,0.00574,Y,A,0,,,FIU,0,25.1504805,-80.8092194,,,BA,WMD,
FLAB14,FB192FB014FB,20,AMMONIA-N,2/7/2007,0.00574,mg/L,"A,Y,U,J5",FLAB,SAMP,MON,SA,G,NH4,0.00574,Y,A,0,,,FIU,0,25.1504805,-80.8092194,,,BA,WMD,
FLAB14,FB193FB014FA,20,AMMONIA-N,3/12/2007,0.01511,mg/L,"A,Y,J5",FLAB,SAMP,MON,SA,G,NH4,0.00574,N,A,0,,,FIU,0,25.1504805,-80.8092194,,,BA,WMD,
FLAB14,FB193FB014FB,20,AMMONIA-N,3/12/2007,0.00671,mg/L,"A,Y,I,J5",FLAB,SAMP,MON,SA,G,NH4,0.00574,N,A,0,,,FIU,0,25.1504805,-80.8092194,,,BA,WMD,
FLAB14,FB194FB014FB,20,AMMONIA-N,4/3/2007,0.01166,mg/L,"Y,I,J5",FLAB,SAMP,MON,SA,G,NH4,0.00574,N,A,0,,,FIU,0,25.1504805,-80.8092194,,,BA,WMD,
FLAB14,FB194FB014FA,20,AMMONIA-N,4/3/2007,0.01178,mg/L,"Y,I,J5",FLAB,SAMP,MON,SA,G,NH4,0.00574,N,A,0,,,FIU,0,25.1504805,-80.8092194,,,BA,WMD,
FLAB14,FB195FB014FB,20,AMMONIA-N,5/1/2007,0.01583,mg/L,"Y,J5",FLAB,SAMP,MON,SA,G,NH4,0.00574,N,A,0,,,FIU,0,25.1504805,-80.8092194,,,BA,WMD,
FLAB14,FB195FB014FA,20,AMMONIA-N,5/1/2007,0.01484,mg/L,"Y,J5",FLAB,SAMP,MON,SA,G,NH4,0.00574,N,A,0,,,FIU,0,25.1504805,-80.8092194,,,BA,WMD,
FLAB14,FB196FB014FA,20,AMMONIA-N,6/6/2007,0.0178,mg/L,"Y,J5",FLAB,SAMP,MON,SA,G,NH4,0.00574,N,A,0,,,FIU,0,25.1504805,-80.8092194,,,BA,WMD,
FLAB14,FB196FB014FB,20,AMMONIA-N,6/6/2007,0.01814,mg/L,"Y,J5",FLAB,SAMP,MON,SA,G,NH4,0.00574,N,A,0,,,FIU,0,25.1504805,-80.8092194,,,BA,WMD,
FLAB14,FB197FB014FB,20,AMMONIA-N,7/3/2007,0.01,mg/L,"A,Y",FLAB,SAMP,MON,SA,G,NH4,0.00574,N,A,0,,,FIU,0,25.1504805,-80.8092194,,,BA,WMD,
FLAB14,FB197FB014FA,20,AMMONIA-N,7/3/2007,0.01,mg/L,"A,Y",FLAB,SAMP,MON,SA,G,NH4,0.00574,N,A,0,,,FIU,0,25.1504805,-80.8092194,,,BA,WMD,
FLAB14,FB198FB014FA,20,AMMONIA-N,8/7/2007,0.01,mg/L,"A,I,J,Y",FLAB,SAMP,MON,SA,G,NH4,0.00574,N,A,0,,,FIU,0,25.1504805,-80.8092194,,,BA,WMD,
FLAB14,FB198FB014FB,20,AMMONIA-N,8/7/2007,0.00965,mg/L,"A,I,J,Y",FLAB,SAMP,MON,SA,G,NH4,0.00574,N,A,0,,,FIU,0,25.1504805,-80.8092194,,,BA,WMD,
FLAB14,FB199FB014FA,20,AMMONIA-N,9/5/2007,0.00721,mg/L,"A,I,Y",FLAB,SAMP,MON,SA,G,NH4,0.00574,N,A,0,,,FIU,0,25.1504805,-80.8092194,,,BA,WMD,
FLAB14,FB199FB014FB,20,AMMONIA-N,9/5/2007,0.0084,mg/L,"A,I,Y",FLAB,SAMP,MON,SA,G,NH4,0.00574,N,A,0,,,FIU,0,25.1504805,-80.8092194,,,BA,WMD,
FLAB14,FB200FB014,20,AMMONIA-N,10/4/2007,0.01064,mg/L,"A,Y,I,V,J5,J",FLAB,SAMP,MON,SA,G,NH4,0.00574,N,A,0,,,FIU,0,25.1504805,-80.8092194,,,BA,WMD,
FLAB14,FB201FB014,20,AMMONIA-N,11/7/2007,0.01128,mg/L,"A,Y,I,J5",FLAB,SAMP,MON,SA,G,NH4,0.00574,N,A,0,,,FIU,0,25.1504805,-80.8092194,,,BA,WMD,
FLAB14,FB201FB014B,20,AMMONIA-N,11/7/2007,0.0084,mg/L,"A,Y,I,J5",FLAB,FD,MON,SA,G,NH4,0.00574,N,A,0,,,FIU,0,25.1504805,-80.8092194,,,BA,WMD,Measurements done close to the bottom.
FLAB14,FB202FB014,20,AMMONIA-N,12/7/2007,0.00789,mg/L,"A,Y,I,J5",FLAB,SAMP,MON,SA,G,NH4,0.00574,N,A,0,,,FIU,0,25.1504805,-80.8092194,,,BA,WMD,
FLAB14,FB203FB014,20,AMMONIA-N,1/9/2008,0.00547,mg/L,"Y,I,J5",FLAB,SAMP,MON,SA,G,NH4,0.0049,N,A,0,,,FIU,0,25.1504805,-80.8092194,,,BA,WMD,
FLAB14,FB204FB014,20,AMMONIA-N,2/8/2008,0.00549,mg/L,"Y,I,J5,J",FLAB,SAMP,MON,SA,G,NH4,0.0049,N,A,0,,,FIU,0,25.1504805,-80.8092194,,,BA,WMD,
FLAB14,FB205FB014,20,AMMONIA-N,3/5/2008,0.00845,mg/L,"Y,I,J",FLAB,SAMP,MON,SA,G,NH4,0.0049,N,A,0,,,FIU,0,25.1504805,-80.8092194,,,BA,WMD,
FLAB14,FB206FB014,20,AMMONIA-N,4/2/2008,0.00605,mg/L,"I,Y,J5",FLAB,SAMP,MON,SA,G,NH4,0.0049,N,A,0,,,FIU,0,25.1504805,-80.8092194,,,BA,WMD,
FLAB14,FB207FB014,20,AMMONIA-N,5/7/2008,0.01268,mg/L,"I,Y,J5",FLAB,SAMP,MON,SA,G,NH4,0.0049,N,A,0,,,FIU,0,25.1504805,-80.8092194,,,BA,WMD,
FLAB14,FB208FB014,20,AMMONIA-N,6/4/2008,0.0049,mg/L,"U,Y,J5",FLAB,SAMP,MON,SA,G,NH4,0.0049,Y,A,0,,,FIU,0,25.1504805,-80.8092194,,,BA,WMD,
FLAB14,P42963-5,20,AMMONIA-N,1/7/2009,0.013,mg/L,I,FLAB,SAMP,MON,SA,G,NH4,0.005,N,A,0.5,,,WMD,1,25.1504805,-80.8092194,0.6,,BA,WMD,Strong incoming flow.  sample clear with no visable solids.  light chop with increasing South winds.  Station is in very shallow water.  may want to consider moving off to the South.
FLAB14,P42978-2,20,AMMONIA-N,2/12/2009,0.005,mg/L,U,FLAB,SAMP,MON,SA,G,NH4,0.005,Y,A,0.5,,,WMD,1,25.1504805,-80.8092194,0.8,,BA,WMD,Very clear warer and calm conditions.  Slight ripple.  Station in shallow water over seagrass beds.  Suggest moving it slightly to the South.
FLAB14,P43361-2,20,AMMONIA-N,3/16/2009,0.009,mg/L,I,FLAB,SAMP,MON,SA,G,NH4,0.005,N,A,0.5,,,WMD,1,25.1504805,-80.8092194,1.1,,BA,WMD,Clear calm conditiond and light flow.  Sample clear.
FLAB14,P43542-2,20,AMMONIA-N,4/20/2009,0.019,mg/L,I,FLAB,SAMP,MON,SA,G,NH4,0.005,N,A,0.5,,,WMD,1,25.1504805,-80.8092194,1.1,,BA,WMD,"Clear and calm.  RS done at station.  Extememy salty (out of calibration range). WARNING: CONDUCTIVITY exceeds CLOSING Control True Value range of 2000 to 58650,"
FLAB14,P43542-12,20,AMMONIA-N,4/20/2009,0.019,mg/L,I,FLAB,RS,MON,SA,G,NH4,0.005,N,A,0.5,,,WMD,1,25.1504805,-80.8092194,1.1,,BA,WMD,"sample clear.  Salinity out of conductivity range. WARNING: CONDUCTIVITY exceeds CLOSING Control True Value range of 2000 to 58650,"
FLAB14,P43542-13,20,AMMONIA-N,4/20/2009,0.017,mg/L,I,FLAB,RS,MON,SA,G,NH4,0.005,N,A,0.5,,,WMD,1,25.1504805,-80.8092194,1.1,,BA,WMD,"sample clear.  salinity out of conductivity range. WARNING: CONDUCTIVITY exceeds CLOSING Control True Value range of 2000 to 58650,"
FLAB14,P43936-2,20,AMMONIA-N,5/18/2009,0.029,mg/L,,FLAB,SAMP,MON,SA,G,NH4,0.005,N,A,0.5,,,WMD,1,25.1504805,-80.8092194,1.2,,BA,WMD,Breezy and light chop.  SAmple clear.   SECCHI ON BOTTOM.  Extremely salty
FLAB14,P43955-2,20,AMMONIA-N,6/11/2009,0.011,mg/L,I,FLAB,SAMP,MON,SA,G,NH4,0.005,N,A,0.5,,,WMD,1,25.1504805,-80.8092194,1.1,,BA,WMD,Clear and calm.  Sample clear of solids.   SECCHI ON BOTTOM.  High salinity.
FLAB14,P44584-2,20,AMMONIA-N,7/20/2009,0.021,mg/L,,FLAB,SAMP,MON,SA,G,NH4,0.005,N,A,0.5,,,WMD,1,25.1504805,-80.8092194,0.92,,BA,WMD,"sample light yellow, low solids.  very calm conditions, clear water. SECCHI ON BOTTOM."
FLAB14,P44716-2,20,AMMONIA-N,8/17/2009,0.013,mg/L,I,FLAB,SAMP,MON,SA,G,NH4,0.005,N,A,0.5,,,WMD,1,25.1504805,-80.8092194,0.9,,BA,WMD,"Sample clear, no visible solids.   SECCHI ON BOTTOM. Slight chop with a lot of foam on water surface.  Very windy (15-20 knots).  Mostly sunny with some cloud coverage, temperature low to mid 90's degrees F."
FLAB14,P45422-2,20,AMMONIA-N,9/14/2009,0.015,mg/L,I,FLAB,SAMP,MON,SA,G,NH4,0.005,N,A,0.5,,,WMD,1,25.1504805,-80.8092194,1.2,,BA,WMD,"Comments too long, see field notes."
FLAB14,P45906-2,20,AMMONIA-N,10/12/2009,0.014,mg/L,I,FLAB,SAMP,MON,SA,G,NH4,0.005,N,A,0.5,,,WMD,1,25.1504805,-80.8092194,1,,BA,WMD,Sample yellow with low solids. SECCHI ON BOTTOM. Low flow. Less than 0.5' chop with winds approx. 15-20 mph. FCEB taken at this station.
FLAB14,P45906-11,20,AMMONIA-N,10/12/2009,0.005,mg/L,U,FLAB,FCEB,MON,SA,G,NH4,0.005,Y,A,0,,,WMD,1,25.1504805,-80.8092194,0,,BA,WMD,DI->Niskin->Bucket->Syringe->Filter->Bottle. FCEB taken at FLAB14.
FLAB14,P46184-2,20,AMMONIA-N,11/11/2009,0.026,mg/L,,FLAB,SAMP,MON,SA,G,NH4,0.005,N,A,0.5,,,WMD,1,25.1504805,-80.8092194,1,,BA,WMD,"Sample light yellow, with no visible solids.  Moderate chop, low flow.  Winds 20-25 mph. Heavy storms in close proximity.   SECCHI ON BOTTOM."
FLAB14,P46552-2,20,AMMONIA-N,12/7/2009,0.583,mg/L,,FLAB,SAMP,MON,SA,G,NH4,0.005,N,A,0.5,m,,WMD,1,25.1504805,-80.8092194,,,BA,WMD,"Sample pale yellow, with no visible solids.  Low flow.  Winds 5-10 mph.  No chop, calm water.  DO has been  highter at this station.   SECCHI ON BOTTOM."
FLAB14,P46793-4,20,AMMONIA-N,1/11/2010,0.084,mg/L,,FLAB,SAMP,MON,SA,G,NH4,0.005,N,A,0.5,m,,WMD,1,25.1504805,-80.8092194,,,BA,WMD,Comments are too long. See field notes.
FLAB14,P47183-4,20,AMMONIA-N,2/8/2010,0.035,mg/L,,FLAB,SAMP,MON,SA,G,NH4,0.005,N,A,0.5,m,,WMD,1,25.1504805,-80.8092194,,,BA,WMD,"Sample light yellow, low solids.  Minimal chop.  Low flow.  Winds 5-15mph.   SECCHI ON BOTTOM."
FLAB14,P47472-4,20,AMMONIA-N,3/8/2010,0.01,mg/L,I,FLAB,SAMP,MON,SA,G,NH4,0.005,N,A,0.5,m,,WMD,1,25.1504805,-80.8092194,,,BA,WMD,"Sample pale yellow with no visible solids. Calm conditions, minimal chop. SECCHI ON BOTTOM. Low flow."
FLAB14,P47828-4,20,AMMONIA-N,4/12/2010,0.018,mg/L,I,FLAB,SAMP,MON,SA,G,NH4,0.005,N,A,0.5,m,,WMD,1,25.1504805,-80.8092194,,,BA,WMD,"Sample light yellow, no visible solids.  Low flow.  Moderate chop.  Winds 15-20mph.   SECCHI ON BOTTOM."
FLAB14,P47828-11,20,AMMONIA-N,4/12/2010,0.005,mg/L,U,FLAB,FCEB,MON,SA,G,NH4,0.005,Y,A,0,,,WMD,0,25.1504805,-80.8092194,,,BA,WMD,"DI, niskin, bucket, syringe, filter, sample bottle.  FCEB taken at FLAB14"
FLAB14,P48081-4,20,AMMONIA-N,5/10/2010,0.017,mg/L,I,FLAB,SAMP,MON,SA,G,NH4,0.005,N,A,0.5,m,,WMD,1,25.1504805,-80.8092194,,,BA,WMD,"Sample light yellow, low solids.  Low flow.  Calm water, minimal chop.  Winds 15-18mph.   SECCHI ON BOTTOM."
FLAB14,P48379-4,20,AMMONIA-N,6/7/2010,0.021,mg/L,,FLAB,SAMP,MON,SA,G,NH4,0.005,N,A,0.5,m,,WMD,1,25.1504805,-80.8092194,,,BA,WMD,Sample is light green with low suspended solids present. Low flow with minimal chop ripple less than 3 inches and constant 12 mph winds. SECCHI ON BOTTOM.
FLAB14,P48379-11,20,AMMONIA-N,6/7/2010,0.005,mg/L,U,FLAB,FCEB,MON,SA,G,NH4,0.005,Y,A,0,,,WMD,0,25.1504805,-80.8092194,,,BA,WMD,"DI, niskin, bucket, syringe, filter, sample bottle, FCEB taken @ FLAB14."
FLAB14,P48679-4,20,AMMONIA-N,7/20/2010,0.038,mg/L,,FLAB,SAMP,MON,SA,G,NH4,0.005,N,A,0.5,m,,WMD,1,25.1504805,-80.8092194,,,BA,WMD,"Sample light green, low solids.  Moderate chop, 1-2 foot chop.  Low flow. Winds 15-20mph.   SECCHI ON BOTTOM."
FLAB14,P48893-4,20,AMMONIA-N,8/16/2010,0.018,mg/L,I,FLAB,SAMP,MON,SA,G,NH4,0.005,N,A,0.5,m,,WMD,1,25.1504805,-80.8092194,,,BA,WMD,"Sample pale yellow, with low solids.  Low flow.  Calm water, no chop.  Winds 5-7mph. SECCHI ON BOTTOM."
FLAB14,P49171-4,20,AMMONIA-N,9/21/2010,0.022,mg/L,,FLAB,SAMP,MON,SA,G,NH4,0.005,N,A,0.5,m,,WMD,1,25.1504805,-80.8092194,,,BA,WMD,"Sample light green, low solids.  Light chop, .5-1.5 foot seas.  Winds 15mph, with 20mph gusts.  Low flow.   SECCHI ON BOTTOM."
FLAB14,P49628-4,20,AMMONIA-N,10/19/2010,0.03,mg/L,,FLAB,SAMP,MON,SA,G,NH4,0.005,N,A,0.5,m,,WMD,1,25.1504805,-80.8092194,,,BA,WMD,"Sample light yeloow, low solids.  Low flow.  Calm water, no chop.  Winds 2-5mph.   SECCHI ON BOTTOM."
FLAB14,P50070-4,20,AMMONIA-N,11/16/2010,0.025,mg/L,J,FLAB,SAMP,MON,SA,G,NH4,0.005,N,A,0.5,m,,WMD,1,25.1504805,-80.8092194,,,BA,WMD,"Sample light yellow, low solids.  Calm water, minimal chop.  Low flow.  Wind 3-5mph. SECCHI ON BOTTOM."
FLAB14,P50474-4,20,AMMONIA-N,12/14/2010,0.008,mg/L,I,FLAB,SAMP,MON,SA,G,NH4,0.005,N,A,0.35,m,,WMD,1,25.1504805,-80.8092194,,,BA,WMD,"Sample light yellow, low solids.  Calm water, minimal chop.  Wind 3-5mph.   SECCHI ON BOTTOM. water very shallow."
FLAB14,P50635-4,20,AMMONIA-N,1/4/2011,0.009,mg/L,I,FLAB,SAMP,MON,SA,G,NH4,0.005,N,A,0.5,m,,WMD,1,25.1504805,-80.8092194,,,BA,WMD,"Very low flow at station.  Very low to no chop.  Wind 0-5 mph.   SECCHI ON BOTTOM.   Sample light yellow, low solids."
FLAB14,P50937-4,20,AMMONIA-N,2/17/2011,0.017,mg/L,I,FLAB,SAMP,MON,SA,G,NH4,0.005,N,A,0.25,m,,WMD,0,25.1504805,-80.8092194,,,BA,WMD,Sample taken .4 miles from station due to shallow water.
FLAB14,P51526-4,20,AMMONIA-N,3/14/2011,0.017,mg/L,I,FLAB,SAMP,MON,SA,G,NH4,0.005,N,A,0.5,m,,WMD,1,25.1504805,-80.8092194,,,BA,WMD,"Sample light yellow.  Calm water, minimal chop. Wind 8-12mph.   SECCHI ON BOTTOM."
FLAB14,P52279-4,20,AMMONIA-N,4/5/2011,0.029,mg/L,J,FLAB,SAMP,MON,SA,G,NH4,0.005,N,A,0.5,m,,WMD,1,25.1504805,-80.8092194,,,BA,WMD,"Sample light green, wind 10-15mph sw."
FLAB14,P52280-4,20,AMMONIA-N,5/3/2011,0.016,mg/L,I,FLAB,SAMP,MON,SA,G,NH4,0.005,N,A,0.3,m,,WMD,1,25.1504805,-80.8092194,,,BA,WMD,"Sample palm yellow, wind east 10-15mph,  SECCHI ON BOTTOM."
FLAB14,P52281-4,20,AMMONIA-N,6/13/2011,0.031,mg/L,,FLAB,SAMP,MON,SA,G,NH4,0.005,N,A,0.5,m,,WMD,1,25.1504805,-80.8092194,,,BA,WMD,Sample is clear with no visible sollids present. Moderate flow with variable westerly winds at 5-10 mph. SECCHI ON BOTTOM. Conductivity is out of range due to high salinity at this location.
FLAB14,P52282-4,20,AMMONIA-N,7/12/2011,0.023,mg/L,,FLAB,SAMP,MON,SA,G,NH4,0.005,N,A,0.5,m,,WMD,1,25.1504805,-80.8092194,,,BA,WMD,Sample is pale green with no visible suspended solids present.  Flow with light ripple chop up to 4 inches and winds from the southwest at 4 to 8 mph.  SECCHI ON BOTTOM
FLAB14,P52283-6,20,AMMONIA-N,8/16/2011,0.014,mg/L,,FLAB,SAMP,MON,SA,G,NH4,0.005,N,A,0.5,m,,WMD,1,25.1504805,-80.8092194,,,BA,WMD,Sample is pale green with no visible suspended solids present. Low flow with light chop up to 4 inches and light variable winds from southwest at 6 to 10 mph. SECCHI ON BOTTOM.
FLAB14,P52284-6,20,AMMONIA-N,9/12/2011,0.023,mg/L,,FLAB,SAMP,MON,SA,G,NH4,0.005,N,A,0.5,m,,WMD,0,25.1504805,-80.8092194,,,BA,WMD,Sample light yellow with no visible suspended solids present. Light current with rising tide just before high tide and glassy slight ripple conditions and light variable winds from the east southeast at 2 to 4 mph. SECCHI ON BOTTOM.
FLAB14,P52285-6,20,AMMONIA-N,10/4/2011,0.014,mg/L,,FLAB,SAMP,MON,SA,G,NH4,0.005,N,A,0.4,m,,WMD,0,25.1504805,-80.8092194,,,BA,WMD,"Wind, NE 10-15, lt chop, ebb tide,  SECCHI ON BOTTOM."
FLAB14,P54071-6,20,AMMONIA-N,12/6/2011,0.024,mg/L,,FLAB,SAMP,MON,SA,G,NH4,0.005,N,A,0.35,m,,WMD,0,25.1504805,-80.8092194,,,BA,WMD,"Wind ESE 10-12, lt chop, slack tide,  SECCHI ON BOTTOM, Sample taken .5 miles from station due to shallow depth"
FLAB14,P55306-4,20,AMMONIA-N,2/1/2012,0.021,mg/L,,FLAB,SAMP,MON,SA,G,NH4,0.005,N,A,0.35,m,,WMD,0,25.1504805,-80.8092194,,,BA,WMD,"Wind E 14-18, lt chop in lee of island, slack tide,  SECCHI ON BOTTOM, sample taken .38 mi from station due to shallow depth"
FLAB14,P55313-4,20,AMMONIA-N,4/12/2012,0.014,mg/L,,FLAB,SAMP,MON,SA,G,NH4,0.005,N,A,0.45,m,,WMD,0,25.1504805,-80.8092194,,,BA,WMD,"Wind N 8-10, rippled surface, slack tide,  SECCHI ON BOTTOM."
FLAB14,P55929-4,20,AMMONIA-N,6/13/2012,0.027,mg/L,,FLAB,SAMP,MON,SA,G,NH4,0.005,N,A,0.5,m,,WMD,0,25.1504805,-80.8092194,,,BA,WMD,Calm conditions.  Light ripple.  Slack tide.  Very light east wind.   SECCHI ON BOTTOM.
FLAB14,P56205-4,20,AMMONIA-N,8/13/2012,0.024,mg/L,,FLAB,SAMP,MON,SA,G,NH4,0.005,N,A,0.5,m,,WMD,0,25.1504805,-80.8092194,,,BA,WMD,Very light east wind.  Calm conditions with almost no ripple.  Slack tide.   SECCHI ON BOTTOM.
FLAB14,P56209-4,20,AMMONIA-N,10/11/2012,0.022,mg/L,,FLAB,SAMP,MON,SA,G,NH4,0.005,N,A,0.5,m,,WMD,0,25.1504805,-80.8092194,,,BA,WMD,Strong NE breeze.  Light chop.   SECCHI ON BOTTOM.
FLAB14,P56856-4,20,AMMONIA-N,12/10/2012,0.087,mg/L,,FLAB,SAMP,MON,SA,G,NH4,0.005,N,A,0.5,m,,WMD,0,25.1504805,-80.8092194,,,BA,WMD,SECCHI ON BOTTOM. Winds 10-15kts out of the SE. Light chop.
FLAB14,P61818-4,20,AMMONIA-N,2/5/2013,0.015,mg/L,,FLAB,SAMP,MON,SA,G,NH4,0.005,N,A,0.5,m,,WMD,0,25.1504805,-80.8092194,,,BA,WMD,SECCHI ON BOTTOM. Very light breeze 1-2kts. Calm water. No noticeable current.
FLAB14,P61819-4,20,AMMONIA-N,4/18/2013,0.014,mg/L,,FLAB,SAMP,MON,SA,G,NH4,0.005,N,A,0.3,m,,WMD,0,25.1504805,-80.8092194,,,PD,WMD,SECCHI ON BOTTOM. ESE winds 10-12 kts. Light ripple on the water.
FLAB14,P63880-4,20,AMMONIA-N,6/17/2013,0.019,mg/L,,FLAB,SAMP,MON,SA,G,NH4,0.005,N,A,0.4,m,,WMD,0,25.1504805,-80.8092194,,,PD,WMD,"slight ripple on surface, southeast wind 10-15, secchi on bottom, site collected short of coordinates due to shallow water less than 0.5m while approaching site"
FLAB14,P63881-4,20,AMMONIA-N,8/13/2013,0.015,mg/L,,FLAB,SAMP,MON,SA,G,NH4,0.005,N,A,0.35,m,,WMD,0,25.1504805,-80.8092194,,,PD,WMD,SECCHI ON BOTTOM. Ripples on surface. E wind 5-10 kt. No current observed. Station visted near high tide. Unable to reach location due to shallow water. Collected at 25-08'43.5 secN 080-48'34.4 secW
FLAB14,P65941-4,20,AMMONIA-N,10/28/2013,0.024,mg/L,,FLAB,SAMP,MON,SA,G,NH4,0.005,N,A,0.4,m,,WMD,0,25.1504805,-80.8092194,,,PD,WMD,SECCHI ON BOTTOM. Light chop. E wind approx 15 kt. Moderate wind driven current.
FLAB14,P68531-4,20,AMMONIA-N,12/11/2013,0.055,mg/L,,FLAB,SAMP,MON,SA,G,NH4,0.005,N,A,0.35,m,,WMD,0,25.1504805,-80.8092194,,,PD,WMD,"Light chop, E wind 10-15,  SECCHI ON BOTTOM."
FLAB14,P70123-4,20,AMMONIA-N,2/26/2014,0.046,mg/L,,FLAB,SAMP,MON,SA,G,NH4,0.005,N,A,0.5,m,,WMD,0,25.1504805,-80.8092194,,,PD,WMD,"SECCHI ON BOTTOM. Slight ripple on water surface. Slight wind out of the SW, 5kts. Slight incoming tide. Unable to get to actual FLAB14 site due to water level, sample taken at GPS position N2508.345 W08048.512."
FLAB14,P70124-4,20,AMMONIA-N,4/7/2014,0.02,mg/L,,FLAB,SAMP,MON,SA,G,NH4,0.005,N,A,0.5,m,,WMD,0,25.1504805,-80.8092194,,,PD,WMD,Moderate chop due to 15kt SE winds. Sample area clear. SECCHI ON BOTTOM.
FLAB14,P71707-4,20,AMMONIA-N,6/9/2014,0.05,mg/L,,FLAB,SAMP,MON,SA,G,NH4,0.005,N,A,0.5,m,,WMD,0,25.1504805,-80.8092194,,,PD,WMD,"SECCHI ON BOTTOM. Calm winds, calm waves, incoming tide."
FLAB14,P72712-4,20,AMMONIA-N,8/5/2014,0.02,mg/L,,FLAB,SAMP,MON,SA,G,NH4,0.005,N,A,0.5,m,,WMD,0,25.1504805,-80.8092194,,,PD,WMD,"Calm conditions, SW winds less than 5 kts. Small amount of single piece turtle and manatee grasses on surface. Incoming tide. SECCHI ON BOTTOM."
FLAB14,P74736-4,20,AMMONIA-N,10/20/2014,0.032,mg/L,,FLAB,SAMP,MON,SA,G,NH4,0.005,N,A,0.35,m,,WMD,0,25.1504805,-80.8092194,,,PD,WMD,"Calm,  SECCHI ON BOTTOM."
FLAB14,P74738-4,20,AMMONIA-N,12/17/2014,0.041,mg/L,,FLAB,SAMP,MON,SA,G,NH4,0.005,N,A,0.5,m,,WMD,0,25.1504805,-80.8092194,,,PD,WMD,"Incoming tide, NE winds 5kts, calm seas, small amout of floating vegetation pieces visible on water surface. SECCHI ON BOTTOM."
FLAB14,P74737-4,20,AMMONIA-N,2/16/2015,0.02,mg/L,,FLAB,SAMP,MON,SA,G,NH4,0.005,N,A,0.45,m,,WMD,0,25.1504805,-80.8092194,,,PD,WMD,"Calm, E wind 10-15. Sample collected 925 m due south of site because of water depth. SECCHI ON BOTTOM"
FLAB14,P75445-4,20,AMMONIA-N,4/13/2015,0.024,mg/L,,FLAB,SAMP,MON,SA,G,NH4,0.005,N,A,0.5,m,,WMD,0,25.1504805,-80.8092194,,,PD,WMD,Sample collected 1 km due south of site due to water depth. SOB
FLAB14,P74739-4,20,AMMONIA-N,6/9/2015,0.028,mg/L,,FLAB,SAMP,MON,SA,G,NH4,0.005,N,A,0.5,m,,WMD,0,25.1504805,-80.8092194,,,PD,WMD,SOB
FLAB14,P78245-4,20,AMMONIA-N,8/25/2015,0.027,mg/L,,FLAB,SAMP,MON,SA,G,NH4,0.005,N,A,0.5,m,,WMD,0,25.1504805,-80.8092194,,,PD,WMD,Secchi on bottom.
FLAB14,P80870-4,20,AMMONIA-N,10/7/2015,0.03,mg/L,,FLAB,SAMP,MON,SA,G,NH4,0.005,N,A,0.5,m,,WMD,0,25.1504805,-80.8092194,,,PD,WMD,"Calm seas, light amount of loose vegetation on surface, incoming tide, secchi on bottom."
FLAB14,P82416-4,20,AMMONIA-N,1/21/2016,0.798,mg/L,,FLAB,SAMP,MON,SA,G,NH4,0.005,N,A,0.5,m,,WMD,0,25.1504805,-80.8092194,,,PD,WMD,Secchi on bottom. Surface smooth. Winds ESE 10-15.
FLAB14,P82935-4,20,AMMONIA-N,2/16/2016,1.122,mg/L,,FLAB,SAMP,MON,SA,G,NH4,0.01,N,A,0.5,m,,WMD,0,25.1504805,-80.8092194,,,PD,WMD,"Calm wind and seas, sample area clear, Secchi on bottom."
FLAB14,P83568-4,20,AMMONIA-N,4/14/2016,0.742,mg/L,,FLAB,SAMP,MON,SA,G,NH4,0.005,N,A,0.35,m,,WMD,0,25.1504805,-80.8092194,,,PD,WMD,SOB. Light winds out of the SE around 7 kts. Glass smooth water.
FLAB14,P84316-4,20,AMMONIA-N,6/29/2016,0.041,mg/L,,FLAB,SAMP,MON,SA,G,NH4,0.005,N,A,0.5,m,,WMD,0,25.1504805,-80.8092194,,,PD,WMD,"slight ripple on surface, calm wind, some vegetation clippings on surface, off colored water observed, algae like appearance in water column, filter turned green in color during processing"
FLAB14,P84638-4,20,AMMONIA-N,8/25/2016,0.021,mg/L,,FLAB,SAMP,MON,SA,G,NH4,0.005,N,A,0.5,m,,WMD,0,25.1504805,-80.8092194,,,PD,WMD,"Light east winds, light surface chop, turbid water, light green brown in color, light amount of loose sea grass floating on surface. Light greenish yellow color visible in filter after use. Secchi on bottom."
FLAB14,P86137-4,20,AMMONIA-N,10/24/2016,0.019,mg/L,G,FLAB,SAMP,MON,SA,G,NH4,0.005,N,A,0.5,m,,WMD,0,25.1504805,-80.8092194,,,PD,WMD,"NE winds 15kt, light chop, sample area clear otherwise. Secchi on bottom."
FLAB14,P86766-4,20,AMMONIA-N,12/21/2016,0.318,mg/L,,FLAB,SAMP,MON,SA,G,NH4,0.005,N,A,0.5,m,,WMD,0,25.1504805,-80.8092194,,,PD,WMD,"NE winds 10-15 kts, light chop, sample area clear. Secchi on bottom."
FLAB14,P87700-4,20,AMMONIA-N,2/20/2017,0.208,mg/L,,FLAB,SAMP,MON,SA,G,NH4,0.005,N,A,0.5,m,,WMD,0,25.1504805,-80.8092194,,,PD,WMD,"NE winds 10-15 kts, waters moderate chop, light amount of loose sea grass on surface. Secchi on bottom. Could not get within 300m of sample GPS point due to shallow water."
FLAB14,P87830-4,20,AMMONIA-N,4/20/2017,0.042,mg/L,G,FLAB,SAMP,MON,SA,G,NH4,0.005,N,A,0.5,m,,WMD,0,25.1504805,-80.8092194,,,PD,WMD,"Could only get within 0.5 kilometers of site due to very shallow water.  Had less than 1 foot seas, sample area clear, with 10-15 knot east winds.  Sample collected by DA."
FLAB14,P89179-4,20,AMMONIA-N,8/1/2017,0.071,mg/L,G,FLAB,SAMP,MON,SA,G,NH4,0.005,N,A,0.5,m,,WMD,0,25.1504805,-80.8092194,,,PD,WMD,"Light sw winds, calm seas, moderate amount of loose sea grasses floating on surface, secchi on bottom."
FLAB14,P88721-4,20,AMMONIA-N,10/12/2017,0.193,mg/L,,FLAB,SAMP,MON,SA,G,NH4,0.005,N,A,0.5,m,,WMD,0,25.1504805,-80.8092194,,,PD,WMD,Filter appeared to contaiin algae when processing sample.
FLAB14,P91159-4,20,AMMONIA-N,12/13/2017,0.627,mg/L,,FLAB,SAMP,MON,SA,G,NH4,0.005,N,A,0.5,m,,WMD,0,25.1504805,-80.8092194,,,PD,WMD,Light chop. Murky brown water
FLAB14,P92112-4,20,AMMONIA-N,2/28/2018,0.005,mg/L,U,FLAB,SAMP,MON,SA,G,NH4,0.005,Y,A,0.5,m,,WMD,0,25.1504805,-80.8092194,,,PD,WMD,Flat water. Green water. Filter turned green. Same problem with DO readings.
FLAB14,P92872-4,20,AMMONIA-N,4/10/2018,0.01,mg/L,,FLAB,SAMP,MON,SA,G,NH4,0.005,N,A,0.5,m,,WMD,0,25.1504805,-80.8092194,,,PD,WMD,Light chop.
FLAB14,P93694-4,20,AMMONIA-N,6/7/2018,0.477,mg/L,,FLAB,SAMP,MON,SA,G,NH4,0.005,N,A,0.5,m,,WMD,0,25.1504805,-80.8092194,,,PD,WMD,Floating vegetation present. Avoided during collection.
FLAB14,P94931-4,20,AMMONIA-N,8/6/2018,0.011,mg/L,,FLAB,SAMP,MON,SA,G,NH4,0.005,N,A,0.5,m,,WMD,0,25.1504805,-80.8092194,,,PD,WMD,
FLAB14,P95251-4,20,AMMONIA-N,10/3/2018,0.027,mg/L,G,FLAB,SAMP,MON,SA,G,NH4,0.005,N,A,0.5,m,,WMD,0,25.1504805,-80.8092194,,,PD,WMD,heavy suspended solids
FLAB14,P96720-4,20,AMMONIA-N,12/17/2018,0.013,mg/L,,FLAB,SAMP,MON,SA,G,NH4,0.005,N,A,0.25,m,,WMD,0,25.1504805,-80.8092194,,,BA,WMD,Shallow sampling area. Sample depth taken half way from total depth of 0.5m.  Water looks stirred up within sample area.
FLAB14,P102448-5,20,AMMONIA-N,2/26/2019,0.145,mg/L,,FLAB,SAMP,MON,SA,G,NH4,0.005,N,A,0.5,m,,WMD,0,25.1504805,-80.8092194,,,BA,WMD,
FLAB14,P103834-5,20,AMMONIA-N,4/15/2019,0.026,mg/L,,FLAB,SAMP,MON,SA,G,NH4,0.005,N,A,0.5,m,,WMD,0,25.1504805,-80.8092194,,,BA,WMD,
FLAB14,P106284-5,20,AMMONIA-N,6/11/2019,0.023,mg/L,,FLAB,SAMP,MON,SA,G,NH4,0.005,N,A,0.4,m,,WMD,0,25.1504805,-80.8092194,,,BA,WMD,Secchi on bottom
FLAB14,P109207-5,20,AMMONIA-N,8/8/2019,0.03,mg/L,,FLAB,SAMP,MON,SA,G,NH4,0.005,N,A,0.5,m,,WMD,0,25.1504805,-80.8092194,,,BA,WMD,Large pieces of vegetative debris present on surface of water. Secchi on bottom.
FLAB14,P109898-5,20,AMMONIA-N,10/8/2019,0.017,mg/L,G,FLAB,SAMP,MON,SA,G,NH4,0.005,N,A,0.5,m,,WMD,0,25.1504805,-80.8092194,,,BA,WMD,
FLAB14,P110697-5,20,AMMONIA-N,12/5/2019,0.046,mg/L,,FLAB,SAMP,MON,SA,G,NH4,0.005,N,A,0.5,m,,WMD,0,25.1504805,-80.8092194,,,BA,WMD,Secchi on bottom.
FLAB14,P110713-5,20,AMMONIA-N,2/3/2020,0.382,mg/L,,FLAB,SAMP,MON,SA,G,NH4,0.005,N,A,0.3,m,,WMD,0,25.1504805,-80.8092194,,,BA,WMD,"Secchi on bottom. Depth was less than 1m, sample was collected at half total depth."
FLAB14,P110719-5,20,AMMONIA-N,4/1/2020,0.011,mg/L,,FLAB,SAMP,MON,SA,G,NH4,0.005,N,A,0.4,m,,WMD,0,25.1504805,-80.8092194,,,BA,WMD,Secchi on bottom
FLAB14,P111041-5,20,AMMONIA-N,6/1/2020,0.066,mg/L,,FLAB,SAMP,MON,SA,G,NH4,0.005,N,A,0.3,m,,WMD,0,25.1504805,-80.8092194,,,BA,WMD,Secchi on bottom
FLAB14,P111104-5,20,AMMONIA-N,8/13/2020,0.05,mg/L,,FLAB,SAMP,MON,SA,G,NH4,0.005,N,A,0.35,m,,WMD,0,25.1504805,-80.8092194,,,BA,WMD,Secchi on bottom. Sample collected at half total depth.
FLAB14,P118766-5,20,AMMONIA-N,10/12/2020,0.212,mg/L,,FLAB,SAMP,MON,SA,G,NH4,0.005,N,A,0.4,m,,WMD,0,25.1504805,-80.8092194,,,BA,WMD,Secchi on bottom.
FLAB14,P120347-5,20,AMMONIA-N,12/9/2020,0.023,mg/L,,FLAB,SAMP,MON,SA,G,NH4,0.005,N,A,0.3,m,,WMD,0,25.1504805,-80.8092194,,,BA,WMD,"Sample area clear.  Total Depth was only 0.6 meters, so sampling depth was at 0.3 meters instead of 0.5 meters.  SOB, Secchi On Bottom.  Light solids in sample.  Sample collected by CL."
FLAB14,P121638-5,20,AMMONIA-N,1/7/2021,0.059,mg/L,,FLAB,SAMP,MON,SA,G,NH4,0.005,N,A,0.3,m,,WMD,0,25.1504805,-80.8092194,,,BA,WMD,Secchi on bottom
FLAB14,P122507-5,20,AMMONIA-N,3/17/2021,0.063,mg/L,,FLAB,SAMP,MON,SA,G,NH4,0.005,N,A,0.5,m,,WMD,0,25.1504805,-80.8092194,,,BA,WMD,Secchi on bottom.
FLAB14,P122517-5,20,AMMONIA-N,5/24/2021,0.057,mg/L,,FLAB,SAMP,MON,SA,G,NH4,0.005,N,A,0.2,m,,WMD,0,25.1504805,-80.8092194,,,BA,WMD,Secchi on bottom. Sampled approx. 100 m from site due to low water.
FLAB14,P123928-5,20,AMMONIA-N,7/1/2021,0.099,mg/L,,FLAB,SAMP,MON,SA,G,NH4,0.005,N,A,0.35,m,,WMD,0,25.1504805,-80.8092194,,,BA,WMD,Secchi on bottom.
FLAB14,P125715-5,20,AMMONIA-N,10/13/2021,0.099,mg/L,,FLAB,SAMP,MON,SA,G,NH4,0.005,N,A,0.4,m,,WMD,0,25.1504805,-80.8092194,,,BA,WMD,
FLAB14,P128145-5,20,AMMONIA-N,12/27/2021,0.03,mg/L,,FLAB,SAMP,MON,SA,G,NH4,0.005,N,A,0.3,m,,WMD,0,25.1504805,-80.8092194,,,BA,WMD,Sampling area clear of debris.
FLAB14,P129938-5,20,AMMONIA-N,2/8/2022,0.013,mg/L,,FLAB,SAMP,MON,SA,G,NH4,0.005,N,A,0.25,m,,WMD,0,25.1504805,-80.8092194,,,BA,WMD,Secchi on bottom
FLAB14,P132794-5,20,AMMONIA-N,4/7/2022,0.019,mg/L,,FLAB,SAMP,MON,SA,G,NH4,0.005,N,A,0.3,m,,WMD,0,25.1504805,-80.8092194,,,BA,WMD,
FLAB14,P134124-5,20,AMMONIA-N,6/22/2022,0.013,mg/L,,FLAB,SAMP,MON,SA,G,NH4,0.005,N,A,0.5,m,,WMD,0,25.1504805,-80.8092194,,,BA,WMD,
FLAB14,P135165-5,20,AMMONIA-N,8/18/2022,0.017,mg/L,,FLAB,SAMP,MON,SA,G,NH4,0.005,N,A,0.5,m,,WMD,0,25.1504805,-80.8092194,,,BA,WMD,"No visible solids, but water is very cloudy and difficult to filter. Used two filters to process."
FLAB14,P136495-5,20,AMMONIA-N,10/20/2022,0.019,mg/L,,FLAB,SAMP,MON,SA,G,NH4,0.005,N,A,0.4,m,,WMD,0,25.1504805,-80.8092194,,,BA,WMD,Sample collected at half total depth as per FSM. Water in sampling area has a greenish tint. Filter turned light green during processing.
FLAB14,P138520-5,20,AMMONIA-N,12/19/2022,0.008,mg/L,I,FLAB,SAMP,MON,SA,G,NH4,0.005,N,A,0.3,m,,WMD,0,25.1504805,-80.8092194,,,BA,WMD,
FLAB14,P139468-5,20,AMMONIA-N,1/30/2023,0.054,mg/L,,FLAB,SAMP,MON,SA,G,NH4,0.005,N,A,0.5,m,,WMD,0,25.1504805,-80.8092194,,,BA,WMD,
FLAB14,P141269-5,20,AMMONIA-N,3/14/2023,0.049,mg/L,,FLAB,SAMP,MON,SA,G,NH4,0.005,N,A,0.5,m,,WMD,0,25.1504805,-80.8092194,,,BA,WMD,Secchi on bottom.
FLAB14,P143129-5,20,AMMONIA-N,5/11/2023,0.058,mg/L,,FLAB,SAMP,MON,SA,G,NH4,0.005,N,A,0.5,m,,WMD,0,25.1504805,-80.8092194,,,BA,WMD,Secchi on bottom
FLAB14,P144703-5,20,AMMONIA-N,7/27/2023,0.092,mg/L,,FLAB,SAMP,MON,SA,G,NH4,0.005,N,A,0.35,m,,WMD,0,25.1504805,-80.8092194,,,BA,WMD,
FLAB14,P146063-5,20,AMMONIA-N,9/27/2023,0.025,mg/L,,FLAB,SAMP,MON,SA,G,NH4,0.005,N,A,0.5,m,,WMD,0,25.1504805,-80.8092194,,,BA,WMD,"Water highly turbid, became difficult to filter during processing."
FLAB14,P146064-5,20,AMMONIA-N,11/13/2023,0.01,mg/L,,FLAB,SAMP,MON,SA,G,NH4,0.005,N,A,0.5,m,,WMD,0,25.1504805,-80.8092194,,,BA,WMD,"Filter became clogged during processing, no color, difficult to filter"
FLAB14,P148342-5,20,AMMONIA-N,1/8/2024,0.008,mg/L,I,FLAB,SAMP,MON,SA,G,NH4,0.005,N,A,0.35,m,,WMD,0,25.1504805,-80.8092194,,,BA,WMD,collected sample approximately 600 feet SSW of site due to shallow depth
FLAB14,P149299-5,20,AMMONIA-N,3/4/2024,0.01,mg/L,,FLAB,SAMP,MON,SA,G,NH4,0.005,N,A,0.4,m,,WMD,0,25.1504805,-80.8092194,,,BA,WMD,Sample collected 800 m west of site due to shallow depth.
FLAB14,P150708-5,20,AMMONIA-N,5/13/2024,0.015,mg/L,,FLAB,SAMP,MON,SA,G,NH4,0.005,N,A,0.45,m,,WMD,0,25.1504805,-80.8092194,,,BA,WMD,Filter turned yellow during processing.
FLAB14,P152189-5,20,AMMONIA-N,7/15/2024,0.01,mg/L,,FLAB,SAMP,MON,SA,G,NH4,0.005,N,A,0.4,m,,WMD,0,25.1504805,-80.8092194,,,BA,WMD,Sample taken 550 m SW of station due to shallow depth. Filter turned green during processing; sample was difficult to push through filter.
FLAB14,P153175-5,20,AMMONIA-N,9/12/2024,0.015,mg/L,,FLAB,SAMP,MON,SA,G,NH4,0.005,N,A,0.5,m,,WMD,0,25.1504805,-80.8092194,,,BA,WMD,Filter turned green during processing.
FLAB14,P154028-5,20,AMMONIA-N,12/9/2024,0.01,mg/L,,FLAB,SAMP,MON,SA,G,NH4,0.005,N,A,0.45,m,,WMD,0,25.1504805,-80.8092194,,,BA,WMD,"Because of shallow depths, sample was collected approximately 580 meters to the southwest of the marked site coordinates."
FLAB14,P155969-5,20,AMMONIA-N,2/5/2025,0.035,mg/L,,FLAB,SAMP,MON,SA,G,NH4,0.005,N,A,0.5,m,,WMD,0,25.1504805,-80.8092194,,,BA,WMD,Secchi on bottom.
FLAB14,P50070-11,21,"KJELDAHL NITROGEN, TOTAL",11/16/2010,0.05,mg/L,U,FLAB,FCEB,MON,DI,G,TKN,0.05,Y,A,0,,,WMD,0,25.1504805,-80.8092194,,,BA,WMD,"DI, niskin, bucket, syringe, filter, sample bottle.  FCEB taken at FLAB14."
FLAB14,P52279-7,21,"KJELDAHL NITROGEN, TOTAL",4/5/2011,0.05,mg/L,U,FLAB,FCEB,MON,DI,G,TKN,0.05,Y,A,0,,,WMD,0,25.1504805,-80.8092194,,,BA,WMD,"FCEB. DI,NISKEN,BUCKET,SYRINGE,FILTER,SAMPLE BOTTLE. FCEB COLLECTED @ STATION FLAB 14"
FLAB14,P52280-7,21,"KJELDAHL NITROGEN, TOTAL",5/3/2011,0.05,mg/L,U,FLAB,FCEB,MON,DI,G,TKN,0.05,Y,A,0,,,WMD,1,25.1504805,-80.8092194,,,BA,WMD,"FCEB. DI,Nisken,Bucket,Syringe,Filter,Sample Bottle. FCDE taken @ station FLAB14"
FLAB14,P55313-7,21,"KJELDAHL NITROGEN, TOTAL",4/12/2012,0.05,mg/L,U,FLAB,FCEB,MON,DI,G,TKN,0.05,Y,A,,,,WMD,0,25.1504805,-80.8092194,,,BA,WMD,FCEB
FLAB14,P61818-7,21,"KJELDAHL NITROGEN, TOTAL",2/5/2013,0.05,mg/L,U,FLAB,FCEB,MON,DI,G,TKN,0.05,Y,A,,,,WMD,0,25.1504805,-80.8092194,,,BA,WMD,FCEB.
FLAB14,P65941-7,21,"KJELDAHL NITROGEN, TOTAL",10/28/2013,0.05,mg/L,U,FLAB,FCEB,MON,DI,G,TKN,0.05,Y,A,,,,WMD,0,25.1504805,-80.8092194,,,PD,WMD,
FLAB14,FIU14936,21,"KJELDAHL NITROGEN, TOTAL",4/15/1991,1.644,mg/L,,FLAB,SAMP,MON,SA,G,TKN,,N,A,0,,,FIU,0,25.1504805,-80.8092194,,,,FIU,
FLAB14,FIU14939,21,"KJELDAHL NITROGEN, TOTAL",5/15/1991,2.099,mg/L,,FLAB,SAMP,MON,SA,G,TKN,,N,A,0,,,FIU,0,25.1504805,-80.8092194,,,,FIU,
FLAB14,FIU14940,21,"KJELDAHL NITROGEN, TOTAL",6/15/1991,1.416,mg/L,,FLAB,SAMP,MON,SA,G,TKN,,N,A,0,,,FIU,0,25.1504805,-80.8092194,,,,FIU,
FLAB14,FIU14942,21,"KJELDAHL NITROGEN, TOTAL",7/15/1991,1.318,mg/L,,FLAB,SAMP,MON,SA,G,TKN,,N,A,0,,,FIU,0,25.1504805,-80.8092194,,,,FIU,
FLAB14,FIU14945,21,"KJELDAHL NITROGEN, TOTAL",8/15/1991,0.926,mg/L,,FLAB,SAMP,MON,SA,G,TKN,,N,A,0,,,FIU,0,25.1504805,-80.8092194,,,,FIU,
FLAB14,FIU14946,21,"KJELDAHL NITROGEN, TOTAL",9/15/1991,2.909,mg/L,,FLAB,SAMP,MON,SA,G,TKN,,N,A,0,,,FIU,0,25.1504805,-80.8092194,,,,FIU,
FLAB14,FIU14949,21,"KJELDAHL NITROGEN, TOTAL",10/15/1991,2.539,mg/L,,FLAB,SAMP,MON,SA,G,TKN,,N,A,0,,,FIU,0,25.1504805,-80.8092194,,,,FIU,
FLAB14,FIU14950,21,"KJELDAHL NITROGEN, TOTAL",11/15/1991,1.169,mg/L,,FLAB,SAMP,MON,SA,G,TKN,,N,A,0,,,FIU,0,25.1504805,-80.8092194,,,,FIU,
FLAB14,FIU14953,21,"KJELDAHL NITROGEN, TOTAL",12/15/1991,1.138,mg/L,,FLAB,SAMP,MON,SA,G,TKN,,N,A,0,,,FIU,0,25.1504805,-80.8092194,,,,FIU,
FLAB14,FIU14954,21,"KJELDAHL NITROGEN, TOTAL",1/15/1992,0.699,mg/L,,FLAB,SAMP,MON,SA,G,TKN,,N,A,0,,,FIU,0,25.1504805,-80.8092194,,,,FIU,
FLAB14,FIU14956,21,"KJELDAHL NITROGEN, TOTAL",2/15/1992,0.383,mg/L,,FLAB,SAMP,MON,SA,G,TKN,,N,A,0,,,FIU,0,25.1504805,-80.8092194,,,,FIU,
FLAB14,FIU14959,21,"KJELDAHL NITROGEN, TOTAL",3/15/1992,1.021,mg/L,,FLAB,SAMP,MON,SA,G,TKN,,N,A,0,,,FIU,0,25.1504805,-80.8092194,,,,FIU,
FLAB14,FIU14960,21,"KJELDAHL NITROGEN, TOTAL",4/15/1992,0.725,mg/L,,FLAB,SAMP,MON,SA,G,TKN,,N,A,0,,,FIU,0,25.1504805,-80.8092194,,,,FIU,
FLAB14,FIU14962,21,"KJELDAHL NITROGEN, TOTAL",5/15/1992,1.219,mg/L,,FLAB,SAMP,MON,SA,G,TKN,,N,A,0,,,FIU,0,25.1504805,-80.8092194,,,,FIU,
FLAB14,FIU14964,21,"KJELDAHL NITROGEN, TOTAL",6/15/1992,0.745,mg/L,,FLAB,SAMP,MON,SA,G,TKN,,N,A,0,,,FIU,0,25.1504805,-80.8092194,,,,FIU,
FLAB14,FIU14966,21,"KJELDAHL NITROGEN, TOTAL",7/15/1992,1.236,mg/L,,FLAB,SAMP,MON,SA,G,TKN,,N,A,0,,,FIU,0,25.1504805,-80.8092194,,,,FIU,
FLAB14,FIU14968,21,"KJELDAHL NITROGEN, TOTAL",8/15/1992,3.3,mg/L,,FLAB,SAMP,MON,SA,G,TKN,,N,A,0,,,FIU,0,25.1504805,-80.8092194,,,,FIU,
FLAB14,FIU14971,21,"KJELDAHL NITROGEN, TOTAL",9/15/1992,4.355,mg/L,,FLAB,SAMP,MON,SA,G,TKN,,N,A,0,,,FIU,0,25.1504805,-80.8092194,,,,FIU,
FLAB14,FIU14973,21,"KJELDAHL NITROGEN, TOTAL",10/15/1992,2.506,mg/L,,FLAB,SAMP,MON,SA,G,TKN,,N,A,0,,,FIU,0,25.1504805,-80.8092194,,,,FIU,
FLAB14,FIU14975,21,"KJELDAHL NITROGEN, TOTAL",11/15/1992,1.377,mg/L,,FLAB,SAMP,MON,SA,G,TKN,,N,A,0,,,FIU,0,25.1504805,-80.8092194,,,,FIU,
FLAB14,FIU14977,21,"KJELDAHL NITROGEN, TOTAL",12/15/1992,1.823,mg/L,,FLAB,SAMP,MON,SA,G,TKN,,N,A,0,,,FIU,0,25.1504805,-80.8092194,,,,FIU,
FLAB14,FIU14978,21,"KJELDAHL NITROGEN, TOTAL",1/21/1993,99,mg/L,NOB,FLAB,SAMP,MON,SA,G,TKN,,Y,A,0,,,FIU,0,25.1504805,-80.8092194,,,,FIU,
FLAB14,FIU14979,21,"KJELDAHL NITROGEN, TOTAL",2/10/1993,0.814,mg/L,,FLAB,SAMP,MON,SA,G,TKN,,N,A,0,,,FIU,0,25.1504805,-80.8092194,,,,FIU,
FLAB14,FIU14980,21,"KJELDAHL NITROGEN, TOTAL",3/10/1993,0.68,mg/L,,FLAB,SAMP,MON,SA,G,TKN,,N,A,0,,,FIU,0,25.1504805,-80.8092194,,,,FIU,
FLAB14,FIU14981,21,"KJELDAHL NITROGEN, TOTAL",4/7/1993,1.137,mg/L,,FLAB,SAMP,MON,SA,G,TKN,,N,A,0,,,FIU,0,25.1504805,-80.8092194,,,,FIU,
FLAB14,FIU14982,21,"KJELDAHL NITROGEN, TOTAL",5/12/1993,1.986,mg/L,,FLAB,SAMP,MON,SA,G,TKN,,N,A,0,,,FIU,0,25.1504805,-80.8092194,,,,FIU,
FLAB14,FIU14983,21,"KJELDAHL NITROGEN, TOTAL",6/3/1993,1.874,mg/L,,FLAB,SAMP,MON,SA,G,TKN,,N,A,0,,,FIU,0,25.1504805,-80.8092194,,,,FIU,
FLAB14,FIU14984,21,"KJELDAHL NITROGEN, TOTAL",7/7/1993,2.714,mg/L,,FLAB,SAMP,MON,SA,G,TKN,,N,A,0,,,FIU,0,25.1504805,-80.8092194,,,,FIU,
FLAB14,FIU14985,21,"KJELDAHL NITROGEN, TOTAL",8/4/1993,1.776,mg/L,,FLAB,SAMP,MON,SA,G,TKN,,N,A,0,,,FIU,0,25.1504805,-80.8092194,,,,FIU,
FLAB14,FIU14986,21,"KJELDAHL NITROGEN, TOTAL",9/9/1993,1.066,mg/L,,FLAB,SAMP,MON,SA,G,TKN,,N,A,0,,,FIU,0,25.1504805,-80.8092194,,,,FIU,
FLAB14,FIU14987,21,"KJELDAHL NITROGEN, TOTAL",10/6/1993,1.95,mg/L,,FLAB,SAMP,MON,SA,G,TKN,,N,A,0,,,FIU,0,25.1504805,-80.8092194,,,,FIU,
FLAB14,FIU14988,21,"KJELDAHL NITROGEN, TOTAL",11/3/1993,2.941,mg/L,,FLAB,SAMP,MON,SA,G,TKN,,N,A,0,,,FIU,0,25.1504805,-80.8092194,,,,FIU,
FLAB14,FIU14989,21,"KJELDAHL NITROGEN, TOTAL",12/2/1993,1.613,mg/L,,FLAB,SAMP,MON,SA,G,TKN,,N,A,0,,,FIU,0,25.1504805,-80.8092194,,,,FIU,
FLAB14,FIU14990,21,"KJELDAHL NITROGEN, TOTAL",1/11/1994,1.186,mg/L,,FLAB,SAMP,MON,SA,G,TKN,,N,A,0,,,FIU,0,25.1504805,-80.8092194,,,,FIU,
FLAB14,FIU14991,21,"KJELDAHL NITROGEN, TOTAL",2/2/1994,2.65,mg/L,,FLAB,SAMP,MON,SA,G,TKN,,N,A,0,,,FIU,0,25.1504805,-80.8092194,,,,FIU,
FLAB14,FIU14992,21,"KJELDAHL NITROGEN, TOTAL",3/8/1994,0.506,mg/L,,FLAB,SAMP,MON,SA,G,TKN,,N,A,0,,,FIU,0,25.1504805,-80.8092194,,,,FIU,
FLAB14,FIU14993,21,"KJELDAHL NITROGEN, TOTAL",4/6/1994,0.697,mg/L,,FLAB,SAMP,MON,SA,G,TKN,,N,A,0,,,FIU,0,25.1504805,-80.8092194,,,,FIU,
FLAB14,P42963-5,21,"KJELDAHL NITROGEN, TOTAL",1/7/2009,1.19,mg/L,,FLAB,SAMP,MON,SA,G,TKN,0.05,N,A,0.5,,,WMD,1,25.1504805,-80.8092194,0.6,,BA,WMD,Strong incoming flow.  sample clear with no visable solids.  light chop with increasing South winds.  Station is in very shallow water.  may want to consider moving off to the South.
FLAB14,P42978-2,21,"KJELDAHL NITROGEN, TOTAL",2/12/2009,0.7,mg/L,,FLAB,SAMP,MON,SA,G,TKN,0.05,N,A,0.5,,,WMD,1,25.1504805,-80.8092194,0.8,,BA,WMD,Very clear warer and calm conditions.  Slight ripple.  Station in shallow water over seagrass beds.  Suggest moving it slightly to the South.
FLAB14,P43361-2,21,"KJELDAHL NITROGEN, TOTAL",3/16/2009,1.36,mg/L,,FLAB,SAMP,MON,SA,G,TKN,0.05,N,A,0.5,,,WMD,1,25.1504805,-80.8092194,1.1,,BA,WMD,Clear calm conditiond and light flow.  Sample clear.
FLAB14,P43542-2,21,"KJELDAHL NITROGEN, TOTAL",4/20/2009,1.14,mg/L,,FLAB,SAMP,MON,SA,G,TKN,0.05,N,A,0.5,,,WMD,1,25.1504805,-80.8092194,1.1,,BA,WMD,"Clear and calm.  RS done at station.  Extememy salty (out of calibration range). WARNING: CONDUCTIVITY exceeds CLOSING Control True Value range of 2000 to 58650,"
FLAB14,P43542-12,21,"KJELDAHL NITROGEN, TOTAL",4/20/2009,1.16,mg/L,,FLAB,RS,MON,SA,G,TKN,0.05,N,A,0.5,,,WMD,1,25.1504805,-80.8092194,1.1,,BA,WMD,"sample clear.  Salinity out of conductivity range. WARNING: CONDUCTIVITY exceeds CLOSING Control True Value range of 2000 to 58650,"
FLAB14,P43542-13,21,"KJELDAHL NITROGEN, TOTAL",4/20/2009,1.15,mg/L,,FLAB,RS,MON,SA,G,TKN,0.05,N,A,0.5,,,WMD,1,25.1504805,-80.8092194,1.1,,BA,WMD,"sample clear.  salinity out of conductivity range. WARNING: CONDUCTIVITY exceeds CLOSING Control True Value range of 2000 to 58650,"
FLAB14,P43936-2,21,"KJELDAHL NITROGEN, TOTAL",5/18/2009,1.19,mg/L,,FLAB,SAMP,MON,SA,G,TKN,0.05,N,A,0.5,,,WMD,1,25.1504805,-80.8092194,1.2,,BA,WMD,Breezy and light chop.  SAmple clear.   SECCHI ON BOTTOM.  Extremely salty
FLAB14,P43955-2,21,"KJELDAHL NITROGEN, TOTAL",6/11/2009,1.12,mg/L,,FLAB,SAMP,MON,SA,G,TKN,0.05,N,A,0.5,,,WMD,1,25.1504805,-80.8092194,1.1,,BA,WMD,Clear and calm.  Sample clear of solids.   SECCHI ON BOTTOM.  High salinity.
FLAB14,P44584-2,21,"KJELDAHL NITROGEN, TOTAL",7/20/2009,1.28,mg/L,,FLAB,SAMP,MON,SA,G,TKN,0.05,N,A,0.5,,,WMD,1,25.1504805,-80.8092194,0.92,,BA,WMD,"sample light yellow, low solids.  very calm conditions, clear water. SECCHI ON BOTTOM."
FLAB14,P44716-2,21,"KJELDAHL NITROGEN, TOTAL",8/17/2009,1.69,mg/L,,FLAB,SAMP,MON,SA,G,TKN,0.05,N,A,0.5,,,WMD,1,25.1504805,-80.8092194,0.9,,BA,WMD,"Sample clear, no visible solids.   SECCHI ON BOTTOM. Slight chop with a lot of foam on water surface.  Very windy (15-20 knots).  Mostly sunny with some cloud coverage, temperature low to mid 90's degrees F."
FLAB14,P45422-2,21,"KJELDAHL NITROGEN, TOTAL",9/14/2009,1.42,mg/L,,FLAB,SAMP,MON,SA,G,TKN,0.05,N,A,0.5,,,WMD,1,25.1504805,-80.8092194,1.2,,BA,WMD,"Comments too long, see field notes."
FLAB14,P45906-2,21,"KJELDAHL NITROGEN, TOTAL",10/12/2009,2.03,mg/L,,FLAB,SAMP,MON,SA,G,TKN,0.05,N,A,0.5,,,WMD,1,25.1504805,-80.8092194,1,,BA,WMD,Sample yellow with low solids. SECCHI ON BOTTOM. Low flow. Less than 0.5' chop with winds approx. 15-20 mph. FCEB taken at this station.
FLAB14,P45906-11,21,"KJELDAHL NITROGEN, TOTAL",10/12/2009,0.05,mg/L,U,FLAB,FCEB,MON,SA,G,TKN,0.05,Y,A,0,,,WMD,1,25.1504805,-80.8092194,0,,BA,WMD,DI->Niskin->Bucket->Syringe->Filter->Bottle. FCEB taken at FLAB14.
FLAB14,P46184-2,21,"KJELDAHL NITROGEN, TOTAL",11/11/2009,1.46,mg/L,,FLAB,SAMP,MON,SA,G,TKN,0.05,N,A,0.5,,,WMD,1,25.1504805,-80.8092194,1,,BA,WMD,"Sample light yellow, with no visible solids.  Moderate chop, low flow.  Winds 20-25 mph. Heavy storms in close proximity.   SECCHI ON BOTTOM."
FLAB14,P46552-2,21,"KJELDAHL NITROGEN, TOTAL",12/7/2009,1.34,mg/L,,FLAB,SAMP,MON,SA,G,TKN,0.05,N,A,0.5,m,,WMD,1,25.1504805,-80.8092194,,,BA,WMD,"Sample pale yellow, with no visible solids.  Low flow.  Winds 5-10 mph.  No chop, calm water.  DO has been  highter at this station.   SECCHI ON BOTTOM."
FLAB14,P46793-4,21,"KJELDAHL NITROGEN, TOTAL",1/11/2010,0.75,mg/L,,FLAB,SAMP,MON,SA,G,TKN,0.05,N,A,0.5,m,,WMD,1,25.1504805,-80.8092194,,,BA,WMD,Comments are too long. See field notes.
FLAB14,P47183-4,21,"KJELDAHL NITROGEN, TOTAL",2/8/2010,0.95,mg/L,,FLAB,SAMP,MON,SA,G,TKN,0.05,N,A,0.5,m,,WMD,1,25.1504805,-80.8092194,,,BA,WMD,"Sample light yellow, low solids.  Minimal chop.  Low flow.  Winds 5-15mph.   SECCHI ON BOTTOM."
FLAB14,P47472-4,21,"KJELDAHL NITROGEN, TOTAL",3/8/2010,0.72,mg/L,,FLAB,SAMP,MON,SA,G,TKN,0.05,N,A,0.5,m,,WMD,1,25.1504805,-80.8092194,,,BA,WMD,"Sample pale yellow with no visible solids. Calm conditions, minimal chop. SECCHI ON BOTTOM. Low flow."
FLAB14,P47828-4,21,"KJELDAHL NITROGEN, TOTAL",4/12/2010,1.24,mg/L,,FLAB,SAMP,MON,SA,G,TKN,0.05,N,A,0.5,m,,WMD,1,25.1504805,-80.8092194,,,BA,WMD,"Sample light yellow, no visible solids.  Low flow.  Moderate chop.  Winds 15-20mph.   SECCHI ON BOTTOM."
FLAB14,P47828-11,21,"KJELDAHL NITROGEN, TOTAL",4/12/2010,0.05,mg/L,U,FLAB,FCEB,MON,SA,G,TKN,0.05,Y,A,0,,,WMD,0,25.1504805,-80.8092194,,,BA,WMD,"DI, niskin, bucket, syringe, filter, sample bottle.  FCEB taken at FLAB14"
FLAB14,P48081-4,21,"KJELDAHL NITROGEN, TOTAL",5/10/2010,1.63,mg/L,,FLAB,SAMP,MON,SA,G,TKN,0.05,N,A,0.5,m,,WMD,1,25.1504805,-80.8092194,,,BA,WMD,"Sample light yellow, low solids.  Low flow.  Calm water, minimal chop.  Winds 15-18mph.   SECCHI ON BOTTOM."
FLAB14,P48379-4,21,"KJELDAHL NITROGEN, TOTAL",6/7/2010,1.08,mg/L,,FLAB,SAMP,MON,SA,G,TKN,0.05,N,A,0.5,m,,WMD,1,25.1504805,-80.8092194,,,BA,WMD,Sample is light green with low suspended solids present. Low flow with minimal chop ripple less than 3 inches and constant 12 mph winds. SECCHI ON BOTTOM.
FLAB14,P48379-11,21,"KJELDAHL NITROGEN, TOTAL",6/7/2010,0.05,mg/L,U,FLAB,FCEB,MON,SA,G,TKN,0.05,Y,A,0,,,WMD,0,25.1504805,-80.8092194,,,BA,WMD,"DI, niskin, bucket, syringe, filter, sample bottle, FCEB taken @ FLAB14."
FLAB14,P48679-4,21,"KJELDAHL NITROGEN, TOTAL",7/20/2010,1.64,mg/L,,FLAB,SAMP,MON,SA,G,TKN,0.05,N,A,0.5,m,,WMD,1,25.1504805,-80.8092194,,,BA,WMD,"Sample light green, low solids.  Moderate chop, 1-2 foot chop.  Low flow. Winds 15-20mph.   SECCHI ON BOTTOM."
FLAB14,P48893-4,21,"KJELDAHL NITROGEN, TOTAL",8/16/2010,1.06,mg/L,,FLAB,SAMP,MON,SA,G,TKN,0.05,N,A,0.5,m,,WMD,1,25.1504805,-80.8092194,,,BA,WMD,"Sample pale yellow, with low solids.  Low flow.  Calm water, no chop.  Winds 5-7mph. SECCHI ON BOTTOM."
FLAB14,P49171-4,21,"KJELDAHL NITROGEN, TOTAL",9/21/2010,1.55,mg/L,,FLAB,SAMP,MON,SA,G,TKN,0.05,N,A,0.5,m,,WMD,1,25.1504805,-80.8092194,,,BA,WMD,"Sample light green, low solids.  Light chop, .5-1.5 foot seas.  Winds 15mph, with 20mph gusts.  Low flow.   SECCHI ON BOTTOM."
FLAB14,P49628-4,21,"KJELDAHL NITROGEN, TOTAL",10/19/2010,1.43,mg/L,,FLAB,SAMP,MON,SA,G,TKN,0.05,N,A,0.5,m,,WMD,1,25.1504805,-80.8092194,,,BA,WMD,"Sample light yeloow, low solids.  Low flow.  Calm water, no chop.  Winds 2-5mph.   SECCHI ON BOTTOM."
FLAB14,P50070-4,21,"KJELDAHL NITROGEN, TOTAL",11/16/2010,1.26,mg/L,,FLAB,SAMP,MON,SA,G,TKN,0.05,N,A,0.5,m,,WMD,1,25.1504805,-80.8092194,,,BA,WMD,"Sample light yellow, low solids.  Calm water, minimal chop.  Low flow.  Wind 3-5mph. SECCHI ON BOTTOM."
FLAB14,P50474-4,21,"KJELDAHL NITROGEN, TOTAL",12/14/2010,0.77,mg/L,,FLAB,SAMP,MON,SA,G,TKN,0.05,N,A,0.35,m,,WMD,1,25.1504805,-80.8092194,,,BA,WMD,"Sample light yellow, low solids.  Calm water, minimal chop.  Wind 3-5mph.   SECCHI ON BOTTOM. water very shallow."
FLAB14,P50635-4,21,"KJELDAHL NITROGEN, TOTAL",1/4/2011,1.11,mg/L,,FLAB,SAMP,MON,SA,G,TKN,0.05,N,A,0.5,m,,WMD,1,25.1504805,-80.8092194,,,BA,WMD,"Very low flow at station.  Very low to no chop.  Wind 0-5 mph.   SECCHI ON BOTTOM.   Sample light yellow, low solids."
FLAB14,P50937-4,21,"KJELDAHL NITROGEN, TOTAL",2/17/2011,0.99,mg/L,,FLAB,SAMP,MON,SA,G,TKN,0.05,N,A,0.25,m,,WMD,0,25.1504805,-80.8092194,,,BA,WMD,Sample taken .4 miles from station due to shallow water.
FLAB14,P51526-4,21,"KJELDAHL NITROGEN, TOTAL",3/14/2011,1.46,mg/L,,FLAB,SAMP,MON,SA,G,TKN,0.05,N,A,0.5,m,,WMD,1,25.1504805,-80.8092194,,,BA,WMD,"Sample light yellow.  Calm water, minimal chop. Wind 8-12mph.   SECCHI ON BOTTOM."
FLAB14,P52279-4,21,"KJELDAHL NITROGEN, TOTAL",4/5/2011,1.08,mg/L,,FLAB,SAMP,MON,SA,G,TKN,0.05,N,A,0.5,m,,WMD,1,25.1504805,-80.8092194,,,BA,WMD,"Sample light green, wind 10-15mph sw."
FLAB14,P52280-4,21,"KJELDAHL NITROGEN, TOTAL",5/3/2011,1.37,mg/L,,FLAB,SAMP,MON,SA,G,TKN,0.05,N,A,0.3,m,,WMD,1,25.1504805,-80.8092194,,,BA,WMD,"Sample palm yellow, wind east 10-15mph,  SECCHI ON BOTTOM."
FLAB14,P52281-4,21,"KJELDAHL NITROGEN, TOTAL",6/13/2011,1.34,mg/L,,FLAB,SAMP,MON,SA,G,TKN,0.05,N,A,0.5,m,,WMD,1,25.1504805,-80.8092194,,,BA,WMD,Sample is clear with no visible sollids present. Moderate flow with variable westerly winds at 5-10 mph. SECCHI ON BOTTOM. Conductivity is out of range due to high salinity at this location.
FLAB14,P52282-4,21,"KJELDAHL NITROGEN, TOTAL",7/12/2011,1.23,mg/L,,FLAB,SAMP,MON,SA,G,TKN,0.05,N,A,0.5,m,,WMD,1,25.1504805,-80.8092194,,,BA,WMD,Sample is pale green with no visible suspended solids present.  Flow with light ripple chop up to 4 inches and winds from the southwest at 4 to 8 mph.  SECCHI ON BOTTOM
FLAB14,P52283-6,21,"KJELDAHL NITROGEN, TOTAL",8/16/2011,0.86,mg/L,,FLAB,SAMP,MON,SA,G,TKN,0.05,N,A,0.5,m,,WMD,1,25.1504805,-80.8092194,,,BA,WMD,Sample is pale green with no visible suspended solids present. Low flow with light chop up to 4 inches and light variable winds from southwest at 6 to 10 mph. SECCHI ON BOTTOM.
FLAB14,P52284-6,21,"KJELDAHL NITROGEN, TOTAL",9/12/2011,1.1,mg/L,,FLAB,SAMP,MON,SA,G,TKN,0.05,N,A,0.5,m,,WMD,0,25.1504805,-80.8092194,,,BA,WMD,Sample light yellow with no visible suspended solids present. Light current with rising tide just before high tide and glassy slight ripple conditions and light variable winds from the east southeast at 2 to 4 mph. SECCHI ON BOTTOM.
FLAB14,P52285-6,21,"KJELDAHL NITROGEN, TOTAL",10/4/2011,1.39,mg/L,,FLAB,SAMP,MON,SA,G,TKN,0.05,N,A,0.4,m,,WMD,0,25.1504805,-80.8092194,,,BA,WMD,"Wind, NE 10-15, lt chop, ebb tide,  SECCHI ON BOTTOM."
FLAB14,P54071-6,21,"KJELDAHL NITROGEN, TOTAL",12/6/2011,1.63,mg/L,,FLAB,SAMP,MON,SA,G,TKN,0.05,N,A,0.35,m,,WMD,0,25.1504805,-80.8092194,,,BA,WMD,"Wind ESE 10-12, lt chop, slack tide,  SECCHI ON BOTTOM, Sample taken .5 miles from station due to shallow depth"
FLAB14,P55306-4,21,"KJELDAHL NITROGEN, TOTAL",2/1/2012,1.64,mg/L,,FLAB,SAMP,MON,SA,G,TKN,0.05,N,A,0.35,m,,WMD,0,25.1504805,-80.8092194,,,BA,WMD,"Wind E 14-18, lt chop in lee of island, slack tide,  SECCHI ON BOTTOM, sample taken .38 mi from station due to shallow depth"
FLAB14,P55313-4,21,"KJELDAHL NITROGEN, TOTAL",4/12/2012,0.99,mg/L,,FLAB,SAMP,MON,SA,G,TKN,0.05,N,A,0.45,m,,WMD,0,25.1504805,-80.8092194,,,BA,WMD,"Wind N 8-10, rippled surface, slack tide,  SECCHI ON BOTTOM."
FLAB14,P55929-4,21,"KJELDAHL NITROGEN, TOTAL",6/13/2012,0.98,mg/L,,FLAB,SAMP,MON,SA,G,TKN,0.05,N,A,0.5,m,,WMD,0,25.1504805,-80.8092194,,,BA,WMD,Calm conditions.  Light ripple.  Slack tide.  Very light east wind.   SECCHI ON BOTTOM.
FLAB14,P56205-4,21,"KJELDAHL NITROGEN, TOTAL",8/13/2012,1.39,mg/L,,FLAB,SAMP,MON,SA,G,TKN,0.05,N,A,0.5,m,,WMD,0,25.1504805,-80.8092194,,,BA,WMD,Very light east wind.  Calm conditions with almost no ripple.  Slack tide.   SECCHI ON BOTTOM.
FLAB14,P56209-4,21,"KJELDAHL NITROGEN, TOTAL",10/11/2012,1.25,mg/L,,FLAB,SAMP,MON,SA,G,TKN,0.05,N,A,0.5,m,,WMD,0,25.1504805,-80.8092194,,,BA,WMD,Strong NE breeze.  Light chop.   SECCHI ON BOTTOM.
FLAB14,P56856-4,21,"KJELDAHL NITROGEN, TOTAL",12/10/2012,1.51,mg/L,,FLAB,SAMP,MON,SA,G,TKN,0.05,N,A,0.5,m,,WMD,0,25.1504805,-80.8092194,,,BA,WMD,SECCHI ON BOTTOM. Winds 10-15kts out of the SE. Light chop.
FLAB14,P61818-4,21,"KJELDAHL NITROGEN, TOTAL",2/5/2013,1.63,mg/L,,FLAB,SAMP,MON,SA,G,TKN,0.05,N,A,0.5,m,,WMD,0,25.1504805,-80.8092194,,,BA,WMD,SECCHI ON BOTTOM. Very light breeze 1-2kts. Calm water. No noticeable current.
FLAB14,P61819-4,21,"KJELDAHL NITROGEN, TOTAL",4/18/2013,1.27,mg/L,,FLAB,SAMP,MON,SA,G,TKN,0.05,N,A,0.3,m,,WMD,0,25.1504805,-80.8092194,,,PD,WMD,SECCHI ON BOTTOM. ESE winds 10-12 kts. Light ripple on the water.
FLAB14,P63880-4,21,"KJELDAHL NITROGEN, TOTAL",6/17/2013,1.69,mg/L,,FLAB,SAMP,MON,SA,G,TKN,0.05,N,A,0.4,m,,WMD,0,25.1504805,-80.8092194,,,PD,WMD,"slight ripple on surface, southeast wind 10-15, secchi on bottom, site collected short of coordinates due to shallow water less than 0.5m while approaching site"
FLAB14,P63881-4,21,"KJELDAHL NITROGEN, TOTAL",8/13/2013,1.63,mg/L,,FLAB,SAMP,MON,SA,G,TKN,0.05,N,A,0.35,m,,WMD,0,25.1504805,-80.8092194,,,PD,WMD,SECCHI ON BOTTOM. Ripples on surface. E wind 5-10 kt. No current observed. Station visted near high tide. Unable to reach location due to shallow water. Collected at 25-08'43.5 secN 080-48'34.4 secW
FLAB14,P65941-4,21,"KJELDAHL NITROGEN, TOTAL",10/28/2013,1.23,mg/L,,FLAB,SAMP,MON,SA,G,TKN,0.05,N,A,0.4,m,,WMD,0,25.1504805,-80.8092194,,,PD,WMD,SECCHI ON BOTTOM. Light chop. E wind approx 15 kt. Moderate wind driven current.
FLAB14,P68531-4,21,"KJELDAHL NITROGEN, TOTAL",12/11/2013,1.13,mg/L,,FLAB,SAMP,MON,SA,G,TKN,0.05,N,A,0.35,m,,WMD,0,25.1504805,-80.8092194,,,PD,WMD,"Light chop, E wind 10-15,  SECCHI ON BOTTOM."
FLAB14,P70123-4,21,"KJELDAHL NITROGEN, TOTAL",2/26/2014,1.37,mg/L,,FLAB,SAMP,MON,SA,G,TKN,0.05,N,A,0.5,m,,WMD,0,25.1504805,-80.8092194,,,PD,WMD,"SECCHI ON BOTTOM. Slight ripple on water surface. Slight wind out of the SW, 5kts. Slight incoming tide. Unable to get to actual FLAB14 site due to water level, sample taken at GPS position N2508.345 W08048.512."
FLAB14,P70124-4,21,"KJELDAHL NITROGEN, TOTAL",4/7/2014,1.17,mg/L,,FLAB,SAMP,MON,SA,G,TKN,0.05,N,A,0.5,m,,WMD,0,25.1504805,-80.8092194,,,PD,WMD,Moderate chop due to 15kt SE winds. Sample area clear. SECCHI ON BOTTOM.
FLAB14,P71707-4,21,"KJELDAHL NITROGEN, TOTAL",6/9/2014,0.99,mg/L,,FLAB,SAMP,MON,SA,G,TKN,0.05,N,A,0.5,m,,WMD,0,25.1504805,-80.8092194,,,PD,WMD,"SECCHI ON BOTTOM. Calm winds, calm waves, incoming tide."
FLAB14,P50070-11,23,"PHOSPHATE, ORTHO AS P",11/16/2010,0.002,mg/L,U,FLAB,FCEB,MON,DI,G,OPO4,0.002,Y,A,0,,,WMD,0,25.1504805,-80.8092194,,,BA,WMD,"DI, niskin, bucket, syringe, filter, sample bottle.  FCEB taken at FLAB14."
FLAB14,P52279-7,23,"PHOSPHATE, ORTHO AS P",4/5/2011,0.002,mg/L,U,FLAB,FCEB,MON,DI,G,OPO4,0.002,Y,A,0,,,WMD,0,25.1504805,-80.8092194,,,BA,WMD,"FCEB. DI,NISKEN,BUCKET,SYRINGE,FILTER,SAMPLE BOTTLE. FCEB COLLECTED @ STATION FLAB 14"
FLAB14,P52280-7,23,"PHOSPHATE, ORTHO AS P",5/3/2011,0.002,mg/L,U,FLAB,FCEB,MON,DI,G,OPO4,0.002,Y,A,0,,,WMD,1,25.1504805,-80.8092194,,,BA,WMD,"FCEB. DI,Nisken,Bucket,Syringe,Filter,Sample Bottle. FCDE taken @ station FLAB14"
FLAB14,P55313-7,23,"PHOSPHATE, ORTHO AS P",4/12/2012,0.002,mg/L,U,FLAB,FCEB,MON,DI,G,OPO4,0.002,Y,A,,,,WMD,0,25.1504805,-80.8092194,,,BA,WMD,FCEB
FLAB14,P61818-7,23,"PHOSPHATE, ORTHO AS P",2/5/2013,0.002,mg/L,U,FLAB,FCEB,MON,DI,G,OPO4,0.002,Y,A,,,,WMD,0,25.1504805,-80.8092194,,,BA,WMD,FCEB.
FLAB14,P65941-7,23,"PHOSPHATE, ORTHO AS P",10/28/2013,0.002,mg/L,U,FLAB,FCEB,MON,DI,G,OPO4,0.002,Y,A,,,,WMD,0,25.1504805,-80.8092194,,,PD,WMD,
FLAB14,P86137-7,23,"PHOSPHATE, ORTHO AS P",10/24/2016,0.002,mg/L,U,FLAB,FCEB,MON,DI,G,OPO4,0.002,Y,A,,,,WMD,0,25.1504805,-80.8092194,,,PD,WMD,
FLAB14,P86766-7,23,"PHOSPHATE, ORTHO AS P",12/21/2016,0.002,mg/L,U,FLAB,FCEB,MON,DI,G,OPO4,0.002,Y,A,,,,WMD,0,25.1504805,-80.8092194,,,PD,WMD,
FLAB14,P87830-7,23,"PHOSPHATE, ORTHO AS P",4/20/2017,0.002,mg/L,U,FLAB,FCEB,MON,DI,G,OPO4,0.002,Y,A,,,,WMD,0,25.1504805,-80.8092194,,,PD,WMD,FCEB collected at FLAB14 site.  Sample collected by DA.
FLAB14,P88721-7,23,"PHOSPHATE, ORTHO AS P",10/12/2017,0.002,mg/L,U,FLAB,FCEB,MON,DI,G,OPO4,0.002,Y,A,,,,WMD,0,25.1504805,-80.8092194,,,PD,WMD,FCEB performed.
FLAB14,P91159-7,23,"PHOSPHATE, ORTHO AS P",12/13/2017,0.002,mg/L,U,FLAB,FCEB,MON,DI,G,OPO4,0.002,Y,A,,,,WMD,0,25.1504805,-80.8092194,,,PD,WMD,Performed by EW at FLAB14.
FLAB14,P92112-7,23,"PHOSPHATE, ORTHO AS P",2/28/2018,0.002,mg/L,U,FLAB,FCEB,MON,DI,G,OPO4,0.002,Y,A,,,,WMD,0,25.1504805,-80.8092194,,,PD,WMD,Performed by KJ at FLAB14 with DI 5886.
FLAB14,P92872-7,23,"PHOSPHATE, ORTHO AS P",4/10/2018,0.002,mg/L,U,FLAB,FCEB,MON,DI,G,OPO4,0.002,Y,A,,,,WMD,0,25.1504805,-80.8092194,,,PD,WMD,Performed by NP at FLAB14 with DI 5901.
FLAB14,P120347-8,23,"PHOSPHATE, ORTHO AS P",12/9/2020,0.002,mg/L,U,FLAB,FCEB,MON,DI,G,OPO4,0.002,Y,A,,,,WMD,0,25.1504805,-80.8092194,,,BA,WMD,FCEB collected at station FLAB14 by CL using DI#: 7014.
FLAB14,P129938-8,23,"PHOSPHATE, ORTHO AS P",2/8/2022,0.002,mg/L,U,FLAB,FCEB,MON,DI,G,OPO4,0.002,Y,A,,,,WMD,0,25.1504805,-80.8092194,,,BA,WMD,FCEB collected thru all sampling equipment 7492
FLAB14,P139468-8,23,"PHOSPHATE, ORTHO AS P",1/30/2023,0.002,mg/L,U,FLAB,FCEB,MON,DI,G,OPO4,0.002,Y,A,,,,WMD,0,25.1504805,-80.8092194,,,BA,WMD,FCEB collected thru all sampling equipment by TT at FLAB14 using DI 7688.
FLAB14,P143129-8,23,"PHOSPHATE, ORTHO AS P",5/11/2023,0.002,mg/L,U,FLAB,FCEB,MON,DI,G,OPO4,0.002,Y,A,,,,WMD,0,25.1504805,-80.8092194,,,BA,WMD,FCEB collected thru all sampling equipment by PF at FLAB14 using DI 7762
FLAB14,P146064-8,23,"PHOSPHATE, ORTHO AS P",11/13/2023,0.002,mg/L,U,FLAB,FCEB,MON,DI,G,OPO4,0.002,Y,A,,,,WMD,0,25.1504805,-80.8092194,,,BA,WMD,FCEB collected thru all sampling equipment by CL at FLAB14 using DI 7860
FLAB14,P148342-8,23,"PHOSPHATE, ORTHO AS P",1/8/2024,0.002,mg/L,U,FLAB,FCEB,MON,DI,G,OPO4,0.002,Y,A,,,,WMD,0,25.1504805,-80.8092194,,,BA,WMD,FCEB collected thru all sampling equipment by ST at FLAB14 using DI 7913
FLAB14,P152189-8,23,"PHOSPHATE, ORTHO AS P",7/15/2024,0.002,mg/L,U,FLAB,FCEB,MON,DI,G,OPO4,0.002,Y,A,,,,WMD,0,25.1504805,-80.8092194,,,BA,WMD,FCEB collected thru all sampling equipment by RJC using DI 8031.
FLAB14,P153175-8,23,"PHOSPHATE, ORTHO AS P",9/12/2024,0.002,mg/L,U,FLAB,FCEB,MON,DI,G,OPO4,0.002,Y,A,,,,WMD,0,25.1504805,-80.8092194,,,BA,WMD,FCEB collected thru all sampling equipment using DI 8059.
FLAB14,FIU14993,23,"PHOSPHATE, ORTHO AS P",4/6/1994,0.0021,mg/L,A,FLAB,SAMP,MON,SA,G,OPO4,,N,A,0,,,FIU,0,25.1504805,-80.8092194,,,,FIU,
FLAB14,FIU14995,23,"PHOSPHATE, ORTHO AS P",5/4/1994,0.0033,mg/L,A,FLAB,SAMP,MON,SA,G,OPO4,,N,A,0,,,FIU,0,25.1504805,-80.8092194,,,,FIU,
FLAB14,FIU14997,23,"PHOSPHATE, ORTHO AS P",6/8/1994,0.0029,mg/L,A,FLAB,SAMP,MON,SA,G,OPO4,,N,A,0,,,FIU,0,25.1504805,-80.8092194,,,,FIU,
FLAB14,FIU14999,23,"PHOSPHATE, ORTHO AS P",7/7/1994,0.0057,mg/L,A,FLAB,SAMP,MON,SA,G,OPO4,,N,A,0,,,FIU,0,25.1504805,-80.8092194,,,,FIU,
FLAB14,FIU15001,23,"PHOSPHATE, ORTHO AS P",8/4/1994,0.0002,mg/L,A,FLAB,SAMP,MON,SA,G,OPO4,,N,A,0,,,FIU,0,25.1504805,-80.8092194,,,,FIU,
FLAB14,FIU15003,23,"PHOSPHATE, ORTHO AS P",9/14/1994,0.0013,mg/L,A,FLAB,SAMP,MON,SA,G,OPO4,,N,A,0,,,FIU,0,25.1504805,-80.8092194,,,,FIU,
FLAB14,FIU15005,23,"PHOSPHATE, ORTHO AS P",10/5/1994,0.0005,mg/L,A,FLAB,SAMP,MON,SA,G,OPO4,,N,A,0,,,FIU,0,25.1504805,-80.8092194,,,,FIU,
FLAB14,FIU15007,23,"PHOSPHATE, ORTHO AS P",11/2/1994,0.0029,mg/L,A,FLAB,SAMP,MON,SA,G,OPO4,,N,A,0,,,FIU,0,25.1504805,-80.8092194,,,,FIU,
FLAB14,FIU15009,23,"PHOSPHATE, ORTHO AS P",11/22/1994,0.0014,mg/L,A,FLAB,SAMP,MON,SA,G,OPO4,,N,A,0,,,FIU,0,25.1504805,-80.8092194,,,,FIU,
FLAB14,FIU15011,23,"PHOSPHATE, ORTHO AS P",12/1/1994,0.005,mg/L,A,FLAB,SAMP,MON,SA,G,OPO4,,N,A,0,,,FIU,0,25.1504805,-80.8092194,,,,FIU,
FLAB14,FIU15013,23,"PHOSPHATE, ORTHO AS P",1/5/1995,0.0033,mg/L,PMR,FLAB,SAMP,MON,SA,G,OPO4,,N,A,0,,,FIU,0,25.1504805,-80.8092194,,,,FIU,
FLAB14,FIU15015,23,"PHOSPHATE, ORTHO AS P",2/2/1995,0.0006,mg/L,PMR,FLAB,SAMP,MON,SA,G,OPO4,,N,A,0,,,FIU,0,25.1504805,-80.8092194,,,,FIU,
FLAB14,FIU15017,23,"PHOSPHATE, ORTHO AS P",3/1/1995,0.0005,mg/L,PMR,FLAB,SAMP,MON,SA,G,OPO4,,N,A,0,,,FIU,0,25.1504805,-80.8092194,,,,FIU,
FLAB14,FIU15019,23,"PHOSPHATE, ORTHO AS P",4/19/1995,0.0002,mg/L,PMR,FLAB,SAMP,MON,SA,G,OPO4,,N,A,0,,,FIU,0,25.1504805,-80.8092194,,,,FIU,
FLAB14,FIU15021,23,"PHOSPHATE, ORTHO AS P",5/24/1995,0.0011,mg/L,PMR,FLAB,SAMP,MON,SA,G,OPO4,,N,A,0,,,FIU,0,25.1504805,-80.8092194,,,,FIU,
FLAB14,FIU15023,23,"PHOSPHATE, ORTHO AS P",6/21/1995,0.0018,mg/L,PMR,FLAB,SAMP,MON,SA,G,OPO4,,N,A,0,,,FIU,0,25.1504805,-80.8092194,,,,FIU,
FLAB14,FIU15025,23,"PHOSPHATE, ORTHO AS P",7/12/1995,0.0008,mg/L,PMR,FLAB,SAMP,MON,SA,G,OPO4,,N,A,0,,,FIU,0,25.1504805,-80.8092194,,,,FIU,
FLAB14,FIU15027,23,"PHOSPHATE, ORTHO AS P",8/11/1995,0.0016,mg/L,PMR,FLAB,SAMP,MON,SA,G,OPO4,,N,A,0,,,FIU,0,25.1504805,-80.8092194,,,,FIU,
FLAB14,FIU15029,23,"PHOSPHATE, ORTHO AS P",9/6/1995,0.0008,mg/L,PMR,FLAB,SAMP,MON,SA,G,OPO4,,N,A,0,,,FIU,0,25.1504805,-80.8092194,,,,FIU,
FLAB14,FIU15031,23,"PHOSPHATE, ORTHO AS P",10/22/1995,0.0017,mg/L,PMR,FLAB,SAMP,MON,SA,G,OPO4,,N,A,0,,,FIU,0,25.1504805,-80.8092194,,,,FIU,
FLAB14,FIU15033,23,"PHOSPHATE, ORTHO AS P",11/17/1995,0.0015,mg/L,Q,FLAB,SAMP,MON,SA,G,OPO4,,N,A,0,,,FIU,0,25.1504805,-80.8092194,,,,FIU,
FLAB14,FIU15035,23,"PHOSPHATE, ORTHO AS P",12/14/1995,0.0012,mg/L,Q,FLAB,SAMP,MON,SA,G,OPO4,,N,A,0,,,FIU,0,25.1504805,-80.8092194,,,,FIU,
FLAB14,FIU15037,23,"PHOSPHATE, ORTHO AS P",1/23/1996,0.0007,mg/L,PMR,FLAB,SAMP,MON,SA,G,OPO4,,N,A,0,,,FIU,0,25.1504805,-80.8092194,,,,FIU,
FLAB14,FIU15039,23,"PHOSPHATE, ORTHO AS P",2/12/1996,0.0016,mg/L,PMR,FLAB,SAMP,MON,SA,G,OPO4,,N,A,0,,,FIU,0,25.1504805,-80.8092194,,,,FIU,
FLAB14,FIU15041,23,"PHOSPHATE, ORTHO AS P",3/22/1996,0.0012,mg/L,PMR,FLAB,SAMP,MON,SA,G,OPO4,,N,A,0,,,FIU,0,25.1504805,-80.8092194,,,,FIU,
FLAB14,FIU15043,23,"PHOSPHATE, ORTHO AS P",4/25/1996,0.0042,mg/L,PMR,FLAB,SAMP,MON,SA,G,OPO4,,N,A,0,,,FIU,0,25.1504805,-80.8092194,,,,FIU,
FLAB14,FIU15045,23,"PHOSPHATE, ORTHO AS P",5/10/1996,0.0012,mg/L,PMR,FLAB,SAMP,MON,SA,G,OPO4,,N,A,0,,,FIU,0,25.1504805,-80.8092194,,,,FIU,
FLAB14,FIU15047,23,"PHOSPHATE, ORTHO AS P",6/6/1996,0.0012,mg/L,PMR,FLAB,SAMP,MON,SA,G,OPO4,,N,A,0,,,FIU,0,25.1504805,-80.8092194,,,,FIU,
FLAB14,FIU15049,23,"PHOSPHATE, ORTHO AS P",7/4/1996,0,mg/L,T,FLAB,SAMP,MON,SA,G,OPO4,,N,A,0.1,,,FIU,0,25.1504805,-80.8092194,,,,FIU,
FLAB14,FIU15051,23,"PHOSPHATE, ORTHO AS P",8/22/1996,0.0036,mg/L,PMR,FLAB,SAMP,MON,SA,G,OPO4,,N,A,0.1,,,FIU,0,25.1504805,-80.8092194,,,,FIU,
FLAB14,FIU15053,23,"PHOSPHATE, ORTHO AS P",9/14/1996,0.0003,mg/L,PMR,FLAB,SAMP,MON,SA,G,OPO4,,N,A,0.1,,,FIU,0,25.1504805,-80.8092194,,,,FIU,
FLAB14,FIU15055,23,"PHOSPHATE, ORTHO AS P",10/15/1996,0,mg/L,T,FLAB,SAMP,MON,SA,G,OPO4,,N,A,0.1,,,FIU,0,25.1504805,-80.8092194,,,,FIU,
FLAB14,FIU15057,23,"PHOSPHATE, ORTHO AS P",11/7/1996,0.0016,mg/L,PMR,FLAB,SAMP,MON,SA,G,OPO4,,N,A,0.1,,,FIU,0,25.1504805,-80.8092194,,,,FIU,
FLAB14,FIU15059,23,"PHOSPHATE, ORTHO AS P",12/6/1996,0.0002,mg/L,T,FLAB,SAMP,MON,SA,G,OPO4,,N,A,0.1,,,FIU,0,25.1504805,-80.8092194,,,,FIU,
FLAB14,FIU15061,23,"PHOSPHATE, ORTHO AS P",1/8/1997,0.0002,mg/L,T,FLAB,SAMP,MON,SA,G,OPO4,,N,A,0.1,,,FIU,0,25.1504805,-80.8092194,,,,FIU,
FLAB14,FIU15063,23,"PHOSPHATE, ORTHO AS P",2/15/1997,0.0004,mg/L,PMR,FLAB,SAMP,MON,SA,G,OPO4,,N,A,0.1,,,FIU,0,25.1504805,-80.8092194,,,,FIU,
FLAB14,FIU15065,23,"PHOSPHATE, ORTHO AS P",3/12/1997,0.0001,mg/L,T,FLAB,SAMP,MON,SA,G,OPO4,,N,A,0.1,,,FIU,0,25.1504805,-80.8092194,,,,FIU,
FLAB14,FIU15067,23,"PHOSPHATE, ORTHO AS P",4/16/1997,0,mg/L,T,FLAB,SAMP,MON,SA,G,OPO4,,N,A,0.1,,,FIU,0,25.1504805,-80.8092194,,,,FIU,
FLAB14,FIU15069,23,"PHOSPHATE, ORTHO AS P",5/22/1997,0.0002,mg/L,T,FLAB,SAMP,MON,SA,G,OPO4,,N,A,0.1,,,FIU,0,25.1504805,-80.8092194,,,,FIU,
FLAB14,FIU15071,23,"PHOSPHATE, ORTHO AS P",6/12/1997,0.0003,mg/L,PMR,FLAB,SAMP,MON,SA,G,OPO4,,N,A,0.1,,,FIU,0,25.1504805,-80.8092194,,,,FIU,
FLAB14,FIU15073,23,"PHOSPHATE, ORTHO AS P",7/10/1997,0.0007,mg/L,PMR,FLAB,SAMP,MON,SA,G,OPO4,,N,A,0.1,,,FIU,0,25.1504805,-80.8092194,,,,FIU,
FLAB14,FIU15074,23,"PHOSPHATE, ORTHO AS P",8/20/1997,0.0018,mg/L,PMR,FLAB,SAMP,MON,SA,G,OPO4,,N,A,0.1,,,FIU,0,25.1504805,-80.8092194,,,,FIU,
FLAB14,FIU15076,23,"PHOSPHATE, ORTHO AS P",9/10/1997,0.0004,mg/L,PMR,FLAB,SAMP,MON,SA,G,OPO4,,N,A,0.1,,,FIU,0,25.1504805,-80.8092194,,,,FIU,
FLAB14,FIU15078,23,"PHOSPHATE, ORTHO AS P",10/21/1997,0.0011,mg/L,PMR,FLAB,SAMP,MON,SA,G,OPO4,,N,A,0.1,,,FIU,0,25.1504805,-80.8092194,,,,FIU,
FLAB14,FIU15080,23,"PHOSPHATE, ORTHO AS P",11/25/1997,0.0006,mg/L,PMR,FLAB,SAMP,MON,SA,G,OPO4,,N,A,0.1,,,FIU,0,25.1504805,-80.8092194,,,,FIU,
FLAB14,FIU15082,23,"PHOSPHATE, ORTHO AS P",12/12/1997,0.0031,mg/L,PMR,FLAB,SAMP,MON,SA,G,OPO4,,N,A,0.1,,,FIU,0,25.1504805,-80.8092194,,,,FIU,
FLAB14,FIU15084,23,"PHOSPHATE, ORTHO AS P",1/21/1998,0.0003,mg/L,T,FLAB,SAMP,MON,SA,G,OPO4,,N,A,0.1,,,FIU,0,25.1504805,-80.8092194,,,,FIU,
FLAB14,FIU15086,23,"PHOSPHATE, ORTHO AS P",2/18/1998,0.001,mg/L,PMR,FLAB,SAMP,MON,SA,G,OPO4,,N,A,0.1,,,FIU,0,25.1504805,-80.8092194,,,,FIU,
FLAB14,FIU15088,23,"PHOSPHATE, ORTHO AS P",3/20/1998,0.0006,mg/L,PMR,FLAB,SAMP,MON,SA,G,OPO4,,N,A,0.1,,,FIU,0,25.1504805,-80.8092194,,,,FIU,
FLAB14,FIU15090,23,"PHOSPHATE, ORTHO AS P",4/15/1998,0.0012,mg/L,PMR,FLAB,SAMP,MON,SA,G,OPO4,,N,A,0.1,,,FIU,0,25.1504805,-80.8092194,,,,FIU,
FLAB14,FIU15092,23,"PHOSPHATE, ORTHO AS P",5/14/1998,0.0011,mg/L,PMR,FLAB,SAMP,MON,SA,G,OPO4,,N,A,0.1,,,FIU,0,25.1504805,-80.8092194,,,,FIU,
FLAB14,FIU15094,23,"PHOSPHATE, ORTHO AS P",6/10/1998,0.0004,mg/L,T,FLAB,SAMP,MON,SA,G,OPO4,,N,A,0.1,,,FIU,0,25.1504805,-80.8092194,,,,FIU,
FLAB14,FIU15096,23,"PHOSPHATE, ORTHO AS P",7/14/1998,0.0005,mg/L,T,FLAB,SAMP,MON,SA,G,OPO4,,N,A,0.1,,,FIU,0,25.1504805,-80.8092194,,,,FIU,
FLAB14,FIU15100,23,"PHOSPHATE, ORTHO AS P",9/17/1998,0.0011,mg/L,PMR,FLAB,SAMP,MON,SA,G,OPO4,,N,A,0.1,,,FIU,0,25.1504805,-80.8092194,,,,FIU,
FLAB14,FIU15102,23,"PHOSPHATE, ORTHO AS P",9/30/1998,0.0025,mg/L,PMR,FLAB,SAMP,MON,SA,G,OPO4,,N,A,0.1,,,FIU,0,25.1504805,-80.8092194,,,,FIU,
FLAB14,FIU15104,23,"PHOSPHATE, ORTHO AS P",11/3/1998,0.0059,mg/L,PMR,FLAB,SAMP,MON,SA,G,OPO4,,N,A,0.1,,,FIU,0,25.1504805,-80.8092194,,,,FIU,
FLAB14,FIU15106,23,"PHOSPHATE, ORTHO AS P",12/1/1998,0.0014,mg/L,PMR,FLAB,SAMP,MON,SA,G,OPO4,,N,A,0.1,,,FIU,0,25.1504805,-80.8092194,,,,FIU,
FLAB14,FIU15108,23,"PHOSPHATE, ORTHO AS P",1/14/1999,0.0012,mg/L,PMR,FLAB,SAMP,MON,SA,G,OPO4,,N,A,0.1,,,FIU,0,25.1504805,-80.8092194,,,,FIU,
FLAB14,FIU15110,23,"PHOSPHATE, ORTHO AS P",2/10/1999,0.0026,mg/L,PMR,FLAB,SAMP,MON,SA,G,OPO4,,N,A,0.1,,,FIU,0,25.1504805,-80.8092194,,,,FIU,
FLAB14,FIU15112,23,"PHOSPHATE, ORTHO AS P",3/23/1999,0.0016,mg/L,PMR,FLAB,SAMP,MON,SA,G,OPO4,,N,A,0.1,,,FIU,0,25.1504805,-80.8092194,,,,FIU,
FLAB14,FIU15114,23,"PHOSPHATE, ORTHO AS P",4/29/1999,0.0002,mg/L,T,FLAB,SAMP,MON,SA,G,OPO4,,N,A,0.1,,,FIU,0,25.1504805,-80.8092194,,,,FIU,
FLAB14,FIU15116,23,"PHOSPHATE, ORTHO AS P",5/28/1999,0.0006,mg/L,PMR,FLAB,SAMP,MON,SA,G,OPO4,,N,A,0.1,,,FIU,0,25.1504805,-80.8092194,,,,FIU,
FLAB14,FIU15118,23,"PHOSPHATE, ORTHO AS P",6/17/1999,0.0012,mg/L,PMR,FLAB,SAMP,MON,SA,G,OPO4,,N,A,0.1,,,FIU,0,25.1504805,-80.8092194,,,,FIU,
FLAB14,FIU15120,23,"PHOSPHATE, ORTHO AS P",7/6/1999,0.0001,mg/L,T,FLAB,SAMP,MON,SA,G,OPO4,0.0006,N,A,0.1,,,FIU,0,25.1504805,-80.8092194,,,,FIU,
FLAB14,FIU15122,23,"PHOSPHATE, ORTHO AS P",8/24/1999,0.0031,mg/L,PMR,FLAB,SAMP,MON,SA,G,OPO4,0.0006,N,A,0.1,,,FIU,0,25.1504805,-80.8092194,,,,FIU,
FLAB14,FIU15124,23,"PHOSPHATE, ORTHO AS P",9/23/1999,0.0013,mg/L,PMR,FLAB,SAMP,MON,SA,G,OPO4,0.00062,N,A,0.1,,,FIU,0,25.1504805,-80.8092194,,,,FIU,
FLAB14,FIU15126,23,"PHOSPHATE, ORTHO AS P",10/26/1999,0.00062,mg/L,U,FLAB,SAMP,MON,SA,G,OPO4,0.00062,Y,A,0.1,,,FIU,0,25.1504805,-80.8092194,,,,FIU,
FLAB14,FIU15128,23,"PHOSPHATE, ORTHO AS P",11/12/1999,0.011,mg/L,PMR,FLAB,SAMP,MON,SA,G,OPO4,0.00062,N,A,0.1,,,FIU,0,25.1504805,-80.8092194,,,,FIU,
FLAB14,FIU15130,23,"PHOSPHATE, ORTHO AS P",12/3/1999,0.0012,mg/L,PMR,FLAB,SAMP,MON,SA,G,OPO4,0.00062,N,A,0.1,,,FIU,0,25.1504805,-80.8092194,,,,FIU,
FLAB14,FIU15132,23,"PHOSPHATE, ORTHO AS P",1/25/2000,0.0015,mg/L,PMR,FLAB,SAMP,MON,SA,G,OPO4,0.00062,N,A,0.1,,,FIU,0,25.1504805,-80.8092194,,,,FIU,
FLAB14,FIU15134,23,"PHOSPHATE, ORTHO AS P",2/28/2000,0.0031,mg/L,PMR,FLAB,SAMP,MON,SA,G,OPO4,0.00062,N,A,0.1,,,FIU,0,25.1504805,-80.8092194,,,,FIU,
FLAB14,FIU15136,23,"PHOSPHATE, ORTHO AS P",3/21/2000,0.0017,mg/L,PMR,FLAB,SAMP,MON,SA,G,OPO4,0.00062,N,A,0.1,,,FIU,0,25.1504805,-80.8092194,,,,FIU,
FLAB14,FIU15138,23,"PHOSPHATE, ORTHO AS P",4/13/2000,0.0019,mg/L,PMR,FLAB,SAMP,MON,SA,G,OPO4,0.00062,N,A,0.1,,,FIU,0,25.1504805,-80.8092194,,,,FIU,
FLAB14,FIU15140,23,"PHOSPHATE, ORTHO AS P",5/30/2000,0.0017,mg/L,PMR,FLAB,SAMP,MON,SA,G,OPO4,0.00062,N,A,0.1,,,FIU,0,25.1504805,-80.8092194,,,,FIU,
FLAB14,FIU15142,23,"PHOSPHATE, ORTHO AS P",6/20/2000,0.0008,mg/L,PMR,FLAB,SAMP,MON,SA,G,OPO4,0.00062,N,A,0.1,,,FIU,0,25.1504805,-80.8092194,,,,FIU,
FLAB14,FIU15144,23,"PHOSPHATE, ORTHO AS P",7/20/2000,0.0038,mg/L,PMR,FLAB,SAMP,MON,SA,G,OPO4,0.0006,N,A,0.1,,,FIU,0,25.1504805,-80.8092194,,,,FIU,
FLAB14,FIU15146,23,"PHOSPHATE, ORTHO AS P",8/29/2000,0.001,mg/L,PMR,FLAB,SAMP,MON,SA,G,OPO4,0.0006,N,A,0.1,,,FIU,0,25.1504805,-80.8092194,,,,FIU,
FLAB14,FIU15148,23,"PHOSPHATE, ORTHO AS P",9/29/2000,0.0014,mg/L,PMR,FLAB,SAMP,MON,SA,G,OPO4,0.0006,N,A,0.1,,,FIU,0,25.1504805,-80.8092194,,,,FIU,
FLAB14,FIU15150,23,"PHOSPHATE, ORTHO AS P",10/26/2000,0.002,mg/L,PMR,FLAB,SAMP,MON,SA,G,OPO4,0.0006,N,A,0.1,,,FIU,0,25.1504805,-80.8092194,,,,FIU,
FLAB14,FIU15152,23,"PHOSPHATE, ORTHO AS P",11/30/2000,0.0003,mg/L,T,FLAB,SAMP,MON,SA,G,OPO4,0.0006,N,A,0.1,,,FIU,0,25.1504805,-80.8092194,,,,FIU,
FLAB14,FIU15154,23,"PHOSPHATE, ORTHO AS P",12/11/2000,0.0009,mg/L,PMR,FLAB,SAMP,MON,SA,G,OPO4,0.0006,N,A,0.1,,,FIU,0,25.1504805,-80.8092194,,,,FIU,
FLAB14,FIU15156,23,"PHOSPHATE, ORTHO AS P",1/25/2001,0.0009,mg/L,T,FLAB,SAMP,MON,SA,G,OPO4,0.0019,N,A,0.1,,,FIU,0,25.1504805,-80.8092194,,,,FIU,
FLAB14,FIU15158,23,"PHOSPHATE, ORTHO AS P",2/21/2001,0.0008,mg/L,T,FLAB,SAMP,MON,SA,G,OPO4,0.0019,N,A,0.1,,,FIU,0,25.1504805,-80.8092194,,,,FIU,
FLAB14,FIU15160,23,"PHOSPHATE, ORTHO AS P",3/6/2001,0.0002,mg/L,T,FLAB,SAMP,MON,SA,G,OPO4,0.0019,N,A,0.1,,,FIU,0,25.1504805,-80.8092194,,,,FIU,
FLAB14,FIU15162,23,"PHOSPHATE, ORTHO AS P",4/3/2001,0.0014,mg/L,T,FLAB,SAMP,MON,SA,G,OPO4,0.0019,N,A,0.1,,,FIU,0,25.1504805,-80.8092194,,,,FIU,
FLAB14,FIU15164,23,"PHOSPHATE, ORTHO AS P",5/2/2001,0.0023,mg/L,PMR,FLAB,SAMP,MON,SA,G,OPO4,0.0019,N,A,0.1,,,FIU,0,25.1504805,-80.8092194,,,,FIU,
FLAB14,FIU110784,23,"PHOSPHATE, ORTHO AS P",6/5/2001,0.0013,mg/L,T,FLAB,SAMP,MON,SA,G,OPO4,0.0019,N,A,0.1,,,FIU,0,25.1504805,-80.8092194,,,,FIU,
FLAB14,FIU15166,23,"PHOSPHATE, ORTHO AS P",7/12/2001,0.0007,mg/L,T,FLAB,SAMP,MON,SA,G,OPO4,0.0019,N,A,0.1,,,FIU,0,25.1504805,-80.8092194,,,,FIU,
FLAB14,FIU15168,23,"PHOSPHATE, ORTHO AS P",8/14/2001,0.0023,mg/L,PMR,FLAB,SAMP,MON,SA,G,OPO4,0.0019,N,A,0.1,,,FIU,0,25.1504805,-80.8092194,,,,FIU,
FLAB14,FIU15170,23,"PHOSPHATE, ORTHO AS P",9/5/2001,0,mg/L,T,FLAB,SAMP,MON,SA,G,OPO4,0.0019,N,A,0.1,,,FIU,0,25.1504805,-80.8092194,,,,FIU,
FLAB14,FIU110486,23,"PHOSPHATE, ORTHO AS P",10/23/2001,0.0019,mg/L,T,FLAB,SAMP,MON,SA,G,OPO4,0.0019,Y,A,0.1,,,FIU,0,25.1504805,-80.8092194,,,,FIU,
FLAB14,FIU110488,23,"PHOSPHATE, ORTHO AS P",11/8/2001,0.0025,mg/L,PMR,FLAB,SAMP,MON,SA,G,OPO4,0.0019,N,A,0.1,,,FIU,0,25.1504805,-80.8092194,,,,FIU,
FLAB14,FIU110490,23,"PHOSPHATE, ORTHO AS P",12/3/2001,0.0019,mg/L,T,FLAB,SAMP,MON,SA,G,OPO4,0.0019,Y,A,0.1,,,FIU,0,25.1504805,-80.8092194,,,,FIU,
FLAB14,FIU113118,23,"PHOSPHATE, ORTHO AS P",1/29/2002,0.0019,mg/L,T,FLAB,SAMP,MON,SA,G,OPO4,0.0019,Y,A,0.1,,,FIU,0,25.1504805,-80.8092194,,,,FIU,
FLAB14,FIU113120,23,"PHOSPHATE, ORTHO AS P",2/20/2002,0.0019,mg/L,T,FLAB,SAMP,MON,SA,G,OPO4,0.0019,Y,A,0.1,,,FIU,0,25.1504805,-80.8092194,,,,FIU,
FLAB14,FIU113122,23,"PHOSPHATE, ORTHO AS P",3/19/2002,0.0019,mg/L,T,FLAB,SAMP,MON,SA,G,OPO4,0.0019,Y,A,0.1,,,FIU,0,25.1504805,-80.8092194,,,,FIU,
FLAB14,134014,23,"PHOSPHATE, ORTHO AS P",4/9/2002,0.0019,mg/L,U,FLAB,SAMP,MON,SA,G,OPO4,0.0019,Y,A,0.1,,,FIU,0,25.1504805,-80.8092194,,,,FIU,
FLAB14,135014,23,"PHOSPHATE, ORTHO AS P",5/15/2002,0.0023,mg/L,,FLAB,SAMP,MON,SA,G,OPO4,0.0009,N,A,0.1,,,FIU,0,25.1504805,-80.8092194,,,,FIU,
FLAB14,136014,23,"PHOSPHATE, ORTHO AS P",6/4/2002,0.0009,mg/L,U,FLAB,SAMP,MON,SA,G,OPO4,0.0009,Y,A,0.1,,,FIU,0,25.1504805,-80.8092194,,,,FIU,
FLAB14,137014,23,"PHOSPHATE, ORTHO AS P",7/11/2002,0.0047,mg/L,,FLAB,SAMP,MON,SA,G,OPO4,0.0009,N,A,0.1,,,FIU,0,25.1504805,-80.8092194,,,,FIU,
FLAB14,138014,23,"PHOSPHATE, ORTHO AS P",8/19/2002,0.0011,mg/L,,FLAB,SAMP,MON,SA,G,OPO4,0.0009,N,A,0.1,,,FIU,0,25.1504805,-80.8092194,,,,FIU,
FLAB14,139014,23,"PHOSPHATE, ORTHO AS P",9/17/2002,0.004,mg/L,,FLAB,SAMP,MON,SA,G,OPO4,0.0009,N,A,0.1,,,FIU,0,25.1504805,-80.8092194,,,,FIU,
FLAB14,140014,23,"PHOSPHATE, ORTHO AS P",10/17/2002,0.003,mg/L,,FLAB,SAMP,MON,SA,G,OPO4,0.0009,N,A,0.1,,,FIU,0,25.1504805,-80.8092194,,,,FIU,
FLAB14,141014,23,"PHOSPHATE, ORTHO AS P",11/14/2002,0.0044,mg/L,,FLAB,SAMP,MON,SA,G,OPO4,0.0009,N,A,0.1,,,FIU,0,25.1504805,-80.8092194,,,,FIU,
FLAB14,142014,23,"PHOSPHATE, ORTHO AS P",12/11/2002,0.004,mg/L,,FLAB,SAMP,MON,SA,G,OPO4,0.0009,N,A,0.1,,,FIU,0,25.1504805,-80.8092194,,,,FIU,
FLAB14,143014,23,"PHOSPHATE, ORTHO AS P",1/28/2003,0.0009,mg/L,U,FLAB,SAMP,MON,SA,G,OPO4,0.0009,Y,A,0.1,,,FIU,0,25.1504805,-80.8092194,,,,FIU,
FLAB14,144014,23,"PHOSPHATE, ORTHO AS P",2/25/2003,0.0009,mg/L,U,FLAB,SAMP,MON,SA,G,OPO4,0.0009,Y,A,0.1,,,FIU,0,25.1504805,-80.8092194,,,,FIU,
FLAB14,145014,23,"PHOSPHATE, ORTHO AS P",3/13/2003,0.0009,mg/L,U,FLAB,SAMP,MON,SA,G,OPO4,0.0009,Y,A,0.1,,,FIU,0,25.1504805,-80.8092194,,,,FIU,
FLAB14,146014,23,"PHOSPHATE, ORTHO AS P",4/9/2003,0.0016,mg/L,I,FLAB,SAMP,MON,SA,G,OPO4,0.0009,N,A,0.1,,,FIU,0,25.1504805,-80.8092194,,,,FIU,
FLAB14,147014,23,"PHOSPHATE, ORTHO AS P",5/8/2003,0.0009,mg/L,U,FLAB,SAMP,MON,SA,G,OPO4,0.0009,Y,A,0.1,,,FIU,0,25.1504805,-80.8092194,,,,FIU,
FLAB14,148014,23,"PHOSPHATE, ORTHO AS P",6/10/2003,0.0014,mg/L,I,FLAB,SAMP,MON,SA,G,OPO4,0.0009,N,A,0.1,,,FIU,0,25.1504805,-80.8092194,,,,FIU,
FLAB14,149014,23,"PHOSPHATE, ORTHO AS P",7/1/2003,0.0022,mg/L,,FLAB,SAMP,MON,SA,G,OPO4,0.0009,N,A,0.1,,,FIU,0,25.1504805,-80.8092194,,,,FIU,
FLAB14,150014,23,"PHOSPHATE, ORTHO AS P",8/25/2003,0.0009,mg/L,U,FLAB,SAMP,MON,SA,G,OPO4,0.0009,Y,A,0.1,,,FIU,0,25.1504805,-80.8092194,,,,FIU,
FLAB14,151014,23,"PHOSPHATE, ORTHO AS P",9/9/2003,0.0009,mg/L,I,FLAB,SAMP,MON,SA,G,OPO4,0.0009,N,A,0.1,,,FIU,0,25.1504805,-80.8092194,,,,FIU,
FLAB14,152014,23,"PHOSPHATE, ORTHO AS P",10/15/2003,0.0013,mg/L,I,FLAB,SAMP,MON,SA,G,OPO4,0.0009,N,A,0.1,,,FIU,0,25.1504805,-80.8092194,,,,FIU,
FLAB14,153014,23,"PHOSPHATE, ORTHO AS P",11/7/2003,0.0044,mg/L,,FLAB,SAMP,MON,SA,G,OPO4,0.0009,N,A,0.1,,,FIU,0,25.1504805,-80.8092194,,,,FIU,
FLAB14,154014,23,"PHOSPHATE, ORTHO AS P",12/3/2003,0.0014,mg/L,I,FLAB,SAMP,MON,SA,G,OPO4,0.0009,N,A,0.1,,,FIU,0,25.1504805,-80.8092194,,,,FIU,
FLAB14,155014,23,"PHOSPHATE, ORTHO AS P",1/21/2004,0.0009,mg/L,U,FLAB,SAMP,MON,SA,G,OPO4,0.0009,Y,A,0.1,,,FIU,0,25.1504805,-80.8092194,,,,FIU,
FLAB14,156014,23,"PHOSPHATE, ORTHO AS P",2/24/2004,0.0016,mg/L,U,FLAB,SAMP,MON,SA,G,OPO4,0.0016,Y,A,0.1,,,FIU,0,25.1504805,-80.8092194,,,,FIU,
FLAB14,157014,23,"PHOSPHATE, ORTHO AS P",3/23/2004,0.0016,mg/L,U,FLAB,SAMP,MON,SA,G,OPO4,0.0016,Y,A,0.1,,,FIU,0,25.1504805,-80.8092194,,,,FIU,
FLAB14,158014,23,"PHOSPHATE, ORTHO AS P",4/21/2004,0.0016,mg/L,U,FLAB,SAMP,MON,SA,G,OPO4,0.0016,Y,A,0.1,,,FIU,0,25.1504805,-80.8092194,,,,WMD,
FLAB14,159014,23,"PHOSPHATE, ORTHO AS P",5/21/2004,0.0016,mg/L,U,FLAB,SAMP,MON,SA,G,OPO4,0.0016,Y,A,0.1,,,FIU,0,25.1504805,-80.8092194,,,,FIU,
FLAB14,160014,23,"PHOSPHATE, ORTHO AS P",6/28/2004,0.0019,mg/L,I,FLAB,SAMP,MON,SA,G,OPO4,0.0016,N,A,0.1,,,FIU,0,25.1504805,-80.8092194,,,,FIU,
FLAB14,161014,23,"PHOSPHATE, ORTHO AS P",7/27/2004,0.002,mg/L,I,FLAB,SAMP,MON,SA,G,OPO4,0.0016,N,A,0.1,,,FIU,0,25.1504805,-80.8092194,,,,FIU,
FLAB14,162014,23,"PHOSPHATE, ORTHO AS P",8/24/2004,0.0016,mg/L,U,FLAB,SAMP,MON,SA,G,OPO4,0.0016,Y,A,0.1,,,FIU,0,25.1504805,-80.8092194,,,,FIU,
FLAB14,163014,23,"PHOSPHATE, ORTHO AS P",9/28/2004,0.0016,mg/L,U,FLAB,SAMP,MON,SA,G,OPO4,0.0016,Y,A,0.1,,,FIU,0,25.1504805,-80.8092194,,,,FIU,
FLAB14,164014,23,"PHOSPHATE, ORTHO AS P",10/26/2004,0.0038,mg/L,I,FLAB,SAMP,MON,SA,G,OPO4,0.0016,N,A,0.1,,,FIU,0,25.1504805,-80.8092194,,,,FIU,
FLAB14,165014,23,"PHOSPHATE, ORTHO AS P",11/29/2004,0.002,mg/L,I,FLAB,SAMP,MON,SA,G,OPO4,0.0016,N,A,0.1,,,FIU,0,25.1504805,-80.8092194,,,,FIU,
FLAB14,166014,23,"PHOSPHATE, ORTHO AS P",12/14/2004,0.0016,mg/L,U,FLAB,SAMP,MON,SA,G,OPO4,0.0016,Y,A,0.1,,,FIU,0,25.1504805,-80.8092194,,,,FIU,
FLAB14,FB188FB014FA,23,"PHOSPHATE, ORTHO AS P",10/9/2006,0.00217,mg/L,"U,Q,J5,?",FLAB,SAMP,MON,SA,G,OPO4,0.00217,Y,A,0,,,FIU,0,25.1504805,-80.8092194,,,BA,WMD,
FLAB14,FB188FB014FB,23,"PHOSPHATE, ORTHO AS P",10/9/2006,0.00217,mg/L,"U,Q,J5,?",FLAB,SAMP,MON,SA,G,OPO4,0.00217,Y,A,0,,,FIU,0,25.1504805,-80.8092194,,,BA,WMD,
FLAB14,FB189FB014FA,23,"PHOSPHATE, ORTHO AS P",11/7/2006,0.00217,mg/L,"U,Q,J5,?",FLAB,SAMP,MON,SA,G,OPO4,0.00217,Y,A,0,,,FIU,0,25.1504805,-80.8092194,,,BA,WMD,
FLAB14,FB189FB014FB,23,"PHOSPHATE, ORTHO AS P",11/7/2006,0.00217,mg/L,"U,Q,J5,?",FLAB,SAMP,MON,SA,G,OPO4,0.00217,Y,A,0,,,FIU,0,25.1504805,-80.8092194,,,BA,WMD,
FLAB14,FB190FB014FA,23,"PHOSPHATE, ORTHO AS P",12/3/2006,0.00666,mg/L,"I,Q,J5",FLAB,SAMP,MON,SA,G,OPO4,0.00217,N,A,0,,,FIU,0,25.1504805,-80.8092194,,,BA,WMD,
FLAB14,FB190FB014FB,23,"PHOSPHATE, ORTHO AS P",12/3/2006,0.00217,mg/L,"U,J,Q,J5,?",FLAB,SAMP,MON,SA,G,OPO4,0.00217,Y,A,0,,,FIU,0,25.1504805,-80.8092194,,,BA,WMD,
FLAB14,FB191FB014FB,23,"PHOSPHATE, ORTHO AS P",1/11/2007,0.00217,mg/L,"A,U,J,Q,J5",FLAB,SAMP,MON,SA,G,OPO4,0.00217,Y,A,0,,,FIU,0,25.1504805,-80.8092194,,,BA,WMD,
FLAB14,FB191FB014FA,23,"PHOSPHATE, ORTHO AS P",1/11/2007,0.00217,mg/L,"A,U,J,Q,J5",FLAB,SAMP,MON,SA,G,OPO4,0.00217,Y,A,0,,,FIU,0,25.1504805,-80.8092194,,,BA,WMD,
FLAB14,FB192FB014FB,23,"PHOSPHATE, ORTHO AS P",2/7/2007,0.00232,mg/L,"A,I,J5,J",FLAB,SAMP,MON,SA,G,OPO4,0.00217,N,A,0,,,FIU,0,25.1504805,-80.8092194,,,BA,WMD,
FLAB14,FB192FB014FA,23,"PHOSPHATE, ORTHO AS P",2/7/2007,0.00217,mg/L,"A,U,J,J5",FLAB,SAMP,MON,SA,G,OPO4,0.00217,Y,A,0,,,FIU,0,25.1504805,-80.8092194,,,BA,WMD,
FLAB14,FB193FB014FA,23,"PHOSPHATE, ORTHO AS P",3/12/2007,0.00217,mg/L,"A,U,Q,J5,?",FLAB,SAMP,MON,SA,G,OPO4,0.00217,Y,A,0,,,FIU,0,25.1504805,-80.8092194,,,BA,WMD,
FLAB14,FB193FB014FB,23,"PHOSPHATE, ORTHO AS P",3/12/2007,0.00217,mg/L,"A,U,Q,J5,?",FLAB,SAMP,MON,SA,G,OPO4,0.00217,Y,A,0,,,FIU,0,25.1504805,-80.8092194,,,BA,WMD,
FLAB14,FB194FB014FA,23,"PHOSPHATE, ORTHO AS P",4/3/2007,0.00217,mg/L,"U,Q,J5,?",FLAB,SAMP,MON,SA,G,OPO4,0.00217,Y,A,0,,,FIU,0,25.1504805,-80.8092194,,,BA,WMD,
FLAB14,FB194FB014FB,23,"PHOSPHATE, ORTHO AS P",4/3/2007,0.00217,mg/L,"U,Q,J5,?",FLAB,SAMP,MON,SA,G,OPO4,0.00217,Y,A,0,,,FIU,0,25.1504805,-80.8092194,,,BA,WMD,
FLAB14,FB195FB014FA,23,"PHOSPHATE, ORTHO AS P",5/1/2007,0.00217,mg/L,"U,Q,J5,?",FLAB,SAMP,MON,SA,G,OPO4,0.00217,Y,A,0,,,FIU,0,25.1504805,-80.8092194,,,BA,WMD,
FLAB14,FB195FB014FB,23,"PHOSPHATE, ORTHO AS P",5/1/2007,0.00217,mg/L,"U,Q,J5,?",FLAB,SAMP,MON,SA,G,OPO4,0.00217,Y,A,0,,,FIU,0,25.1504805,-80.8092194,,,BA,WMD,
FLAB14,FB196FB014FA,23,"PHOSPHATE, ORTHO AS P",6/6/2007,0.00217,mg/L,"U,Q,J5,?",FLAB,SAMP,MON,SA,G,OPO4,0.00217,Y,A,0,,,FIU,0,25.1504805,-80.8092194,,,BA,WMD,
FLAB14,FB196FB014FB,23,"PHOSPHATE, ORTHO AS P",6/6/2007,0.00217,mg/L,"U,Q,J5,?",FLAB,SAMP,MON,SA,G,OPO4,0.00217,Y,A,0,,,FIU,0,25.1504805,-80.8092194,,,BA,WMD,
FLAB14,FB197FB014FA,23,"PHOSPHATE, ORTHO AS P",7/3/2007,0.00217,mg/L,"A,U,J",FLAB,SAMP,MON,SA,G,OPO4,0.00217,Y,A,0,,,FIU,0,25.1504805,-80.8092194,,,BA,WMD,
FLAB14,FB197FB014FB,23,"PHOSPHATE, ORTHO AS P",7/3/2007,0.00217,mg/L,"A,U,J",FLAB,SAMP,MON,SA,G,OPO4,0.00217,Y,A,0,,,FIU,0,25.1504805,-80.8092194,,,BA,WMD,
FLAB14,FB198FB014FB,23,"PHOSPHATE, ORTHO AS P",8/7/2007,0.00217,mg/L,"A,U,?",FLAB,SAMP,MON,SA,G,OPO4,0.00217,Y,A,0,,,FIU,0,25.1504805,-80.8092194,,,BA,WMD,
FLAB14,FB198FB014FA,23,"PHOSPHATE, ORTHO AS P",8/7/2007,0.00217,mg/L,"A,U,?",FLAB,SAMP,MON,SA,G,OPO4,0.00217,Y,A,0,,,FIU,0,25.1504805,-80.8092194,,,BA,WMD,
FLAB14,FB199FB014FA,23,"PHOSPHATE, ORTHO AS P",9/5/2007,0.00262,mg/L,"A,I,J",FLAB,SAMP,MON,SA,G,OPO4,0.00217,N,A,0,,,FIU,0,25.1504805,-80.8092194,,,BA,WMD,
FLAB14,FB199FB014FB,23,"PHOSPHATE, ORTHO AS P",9/5/2007,0.00282,mg/L,"A,I,J",FLAB,SAMP,MON,SA,G,OPO4,0.00217,N,A,0,,,FIU,0,25.1504805,-80.8092194,,,BA,WMD,
FLAB14,FB200FB014,23,"PHOSPHATE, ORTHO AS P",10/4/2007,0.00217,mg/L,"A,U,Q,J5,?",FLAB,SAMP,MON,SA,G,OPO4,0.00217,Y,A,0,,,FIU,0,25.1504805,-80.8092194,,,BA,WMD,
FLAB14,FB201FB014,23,"PHOSPHATE, ORTHO AS P",11/7/2007,0.00217,mg/L,"A,U,Q,J5,?",FLAB,SAMP,MON,SA,G,OPO4,0.00217,Y,A,0,,,FIU,0,25.1504805,-80.8092194,,,BA,WMD,
FLAB14,FB201FB014B,23,"PHOSPHATE, ORTHO AS P",11/7/2007,0.00217,mg/L,"A,U,J5,?",FLAB,FD,MON,SA,G,OPO4,0.00217,Y,A,0,,,FIU,0,25.1504805,-80.8092194,,,BA,WMD,Measurements done close to the bottom.
FLAB14,FB202FB014,23,"PHOSPHATE, ORTHO AS P",12/7/2007,0.00424,mg/L,"A,I,Q,J5,J",FLAB,SAMP,MON,SA,G,OPO4,0.00217,N,A,0,,,FIU,0,25.1504805,-80.8092194,,,BA,WMD,
FLAB14,FB203FB014,23,"PHOSPHATE, ORTHO AS P",1/9/2008,0.00201,mg/L,"I,Q,J5",FLAB,SAMP,MON,SA,G,OPO4,0.00155,N,A,0,,,FIU,0,25.1504805,-80.8092194,,,BA,WMD,
FLAB14,FB204FB014,23,"PHOSPHATE, ORTHO AS P",2/8/2008,0.00155,mg/L,"I,Q,J5",FLAB,SAMP,MON,SA,G,OPO4,0.00155,N,A,0,,,FIU,0,25.1504805,-80.8092194,,,BA,WMD,
FLAB14,FB205FB014,23,"PHOSPHATE, ORTHO AS P",3/5/2008,0.00155,mg/L,"U,Q,?",FLAB,SAMP,MON,SA,G,OPO4,0.00155,Y,A,0,,,FIU,0,25.1504805,-80.8092194,,,BA,WMD,
FLAB14,FB206FB014,23,"PHOSPHATE, ORTHO AS P",4/2/2008,0.00199,mg/L,"I,J5",FLAB,SAMP,MON,SA,G,OPO4,0.00155,N,A,0,,,FIU,0,25.1504805,-80.8092194,,,BA,WMD,
FLAB14,FB207FB014,23,"PHOSPHATE, ORTHO AS P",5/7/2008,0.0042,mg/L,"I,J5",FLAB,SAMP,MON,SA,G,OPO4,0.00155,N,A,0,,,FIU,0,25.1504805,-80.8092194,,,BA,WMD,
FLAB14,FB208FB014,23,"PHOSPHATE, ORTHO AS P",6/4/2008,0.00249,mg/L,"I,Q,J5,V,J",FLAB,SAMP,MON,SA,G,OPO4,0.00155,N,A,0,,,FIU,0,25.1504805,-80.8092194,,,BA,WMD,
FLAB14,P42963-5,23,"PHOSPHATE, ORTHO AS P",1/7/2009,0.002,mg/L,U,FLAB,SAMP,MON,SA,G,OPO4,0.002,Y,A,0.5,,,WMD,1,25.1504805,-80.8092194,0.6,,BA,WMD,Strong incoming flow.  sample clear with no visable solids.  light chop with increasing South winds.  Station is in very shallow water.  may want to consider moving off to the South.
FLAB14,P42978-2,23,"PHOSPHATE, ORTHO AS P",2/12/2009,0.002,mg/L,U,FLAB,SAMP,MON,SA,G,OPO4,0.002,Y,A,0.5,,,WMD,1,25.1504805,-80.8092194,0.8,,BA,WMD,Very clear warer and calm conditions.  Slight ripple.  Station in shallow water over seagrass beds.  Suggest moving it slightly to the South.
FLAB14,P43361-2,23,"PHOSPHATE, ORTHO AS P",3/16/2009,0.002,mg/L,U,FLAB,SAMP,MON,SA,G,OPO4,0.002,Y,A,0.5,,,WMD,1,25.1504805,-80.8092194,1.1,,BA,WMD,Clear calm conditiond and light flow.  Sample clear.
FLAB14,P43542-2,23,"PHOSPHATE, ORTHO AS P",4/20/2009,0.002,mg/L,U,FLAB,SAMP,MON,SA,G,OPO4,0.002,Y,A,0.5,,,WMD,1,25.1504805,-80.8092194,1.1,,BA,WMD,"Clear and calm.  RS done at station.  Extememy salty (out of calibration range). WARNING: CONDUCTIVITY exceeds CLOSING Control True Value range of 2000 to 58650,"
FLAB14,P43542-12,23,"PHOSPHATE, ORTHO AS P",4/20/2009,0.002,mg/L,U,FLAB,RS,MON,SA,G,OPO4,0.002,Y,A,0.5,,,WMD,1,25.1504805,-80.8092194,1.1,,BA,WMD,"sample clear.  Salinity out of conductivity range. WARNING: CONDUCTIVITY exceeds CLOSING Control True Value range of 2000 to 58650,"
FLAB14,P43542-13,23,"PHOSPHATE, ORTHO AS P",4/20/2009,0.002,mg/L,U,FLAB,RS,MON,SA,G,OPO4,0.002,Y,A,0.5,,,WMD,1,25.1504805,-80.8092194,1.1,,BA,WMD,"sample clear.  salinity out of conductivity range. WARNING: CONDUCTIVITY exceeds CLOSING Control True Value range of 2000 to 58650,"
FLAB14,P43936-2,23,"PHOSPHATE, ORTHO AS P",5/18/2009,0.002,mg/L,U,FLAB,SAMP,MON,SA,G,OPO4,0.002,Y,A,0.5,,,WMD,1,25.1504805,-80.8092194,1.2,,BA,WMD,Breezy and light chop.  SAmple clear.   SECCHI ON BOTTOM.  Extremely salty
FLAB14,P43955-2,23,"PHOSPHATE, ORTHO AS P",6/11/2009,0.002,mg/L,U,FLAB,SAMP,MON,SA,G,OPO4,0.002,Y,A,0.5,,,WMD,1,25.1504805,-80.8092194,1.1,,BA,WMD,Clear and calm.  Sample clear of solids.   SECCHI ON BOTTOM.  High salinity.
FLAB14,P44584-2,23,"PHOSPHATE, ORTHO AS P",7/20/2009,0.004,mg/L,I,FLAB,SAMP,MON,SA,G,OPO4,0.002,N,A,0.5,,,WMD,1,25.1504805,-80.8092194,0.92,,BA,WMD,"sample light yellow, low solids.  very calm conditions, clear water. SECCHI ON BOTTOM."
FLAB14,P44716-2,23,"PHOSPHATE, ORTHO AS P",8/17/2009,0.002,mg/L,U,FLAB,SAMP,MON,SA,G,OPO4,0.002,Y,A,0.5,,,WMD,1,25.1504805,-80.8092194,0.9,,BA,WMD,"Sample clear, no visible solids.   SECCHI ON BOTTOM. Slight chop with a lot of foam on water surface.  Very windy (15-20 knots).  Mostly sunny with some cloud coverage, temperature low to mid 90's degrees F."
FLAB14,P45422-2,23,"PHOSPHATE, ORTHO AS P",9/14/2009,0.002,mg/L,I,FLAB,SAMP,MON,SA,G,OPO4,0.002,N,A,0.5,,,WMD,1,25.1504805,-80.8092194,1.2,,BA,WMD,"Comments too long, see field notes."
FLAB14,P45906-2,23,"PHOSPHATE, ORTHO AS P",10/12/2009,0.002,mg/L,U,FLAB,SAMP,MON,SA,G,OPO4,0.002,Y,A,0.5,,,WMD,1,25.1504805,-80.8092194,1,,BA,WMD,Sample yellow with low solids. SECCHI ON BOTTOM. Low flow. Less than 0.5' chop with winds approx. 15-20 mph. FCEB taken at this station.
FLAB14,P45906-11,23,"PHOSPHATE, ORTHO AS P",10/12/2009,0.002,mg/L,U,FLAB,FCEB,MON,SA,G,OPO4,0.002,Y,A,0,,,WMD,1,25.1504805,-80.8092194,0,,BA,WMD,DI->Niskin->Bucket->Syringe->Filter->Bottle. FCEB taken at FLAB14.
FLAB14,P46184-2,23,"PHOSPHATE, ORTHO AS P",11/11/2009,0.002,mg/L,U,FLAB,SAMP,MON,SA,G,OPO4,0.002,Y,A,0.5,,,WMD,1,25.1504805,-80.8092194,1,,BA,WMD,"Sample light yellow, with no visible solids.  Moderate chop, low flow.  Winds 20-25 mph. Heavy storms in close proximity.   SECCHI ON BOTTOM."
FLAB14,P46552-2,23,"PHOSPHATE, ORTHO AS P",12/7/2009,0.002,mg/L,U,FLAB,SAMP,MON,SA,G,OPO4,0.002,Y,A,0.5,m,,WMD,1,25.1504805,-80.8092194,,,BA,WMD,"Sample pale yellow, with no visible solids.  Low flow.  Winds 5-10 mph.  No chop, calm water.  DO has been  highter at this station.   SECCHI ON BOTTOM."
FLAB14,P46793-4,23,"PHOSPHATE, ORTHO AS P",1/11/2010,0.002,mg/L,U,FLAB,SAMP,MON,SA,G,OPO4,0.002,Y,A,0.5,m,,WMD,1,25.1504805,-80.8092194,,,BA,WMD,Comments are too long. See field notes.
FLAB14,P47183-4,23,"PHOSPHATE, ORTHO AS P",2/8/2010,0.002,mg/L,U,FLAB,SAMP,MON,SA,G,OPO4,0.002,Y,A,0.5,m,,WMD,1,25.1504805,-80.8092194,,,BA,WMD,"Sample light yellow, low solids.  Minimal chop.  Low flow.  Winds 5-15mph.   SECCHI ON BOTTOM."
FLAB14,P47472-4,23,"PHOSPHATE, ORTHO AS P",3/8/2010,0.002,mg/L,I,FLAB,SAMP,MON,SA,G,OPO4,0.002,N,A,0.5,m,,WMD,1,25.1504805,-80.8092194,,,BA,WMD,"Sample pale yellow with no visible solids. Calm conditions, minimal chop. SECCHI ON BOTTOM. Low flow."
FLAB14,P47828-4,23,"PHOSPHATE, ORTHO AS P",4/12/2010,0.002,mg/L,I,FLAB,SAMP,MON,SA,G,OPO4,0.002,N,A,0.5,m,,WMD,1,25.1504805,-80.8092194,,,BA,WMD,"Sample light yellow, no visible solids.  Low flow.  Moderate chop.  Winds 15-20mph.   SECCHI ON BOTTOM."
FLAB14,P47828-11,23,"PHOSPHATE, ORTHO AS P",4/12/2010,0.002,mg/L,U,FLAB,FCEB,MON,SA,G,OPO4,0.002,Y,A,0,,,WMD,0,25.1504805,-80.8092194,,,BA,WMD,"DI, niskin, bucket, syringe, filter, sample bottle.  FCEB taken at FLAB14"
FLAB14,P48081-4,23,"PHOSPHATE, ORTHO AS P",5/10/2010,0.003,mg/L,I,FLAB,SAMP,MON,SA,G,OPO4,0.002,N,A,0.5,m,,WMD,1,25.1504805,-80.8092194,,,BA,WMD,"Sample light yellow, low solids.  Low flow.  Calm water, minimal chop.  Winds 15-18mph.   SECCHI ON BOTTOM."
FLAB14,P48379-4,23,"PHOSPHATE, ORTHO AS P",6/7/2010,0.002,mg/L,I,FLAB,SAMP,MON,SA,G,OPO4,0.002,N,A,0.5,m,,WMD,1,25.1504805,-80.8092194,,,BA,WMD,Sample is light green with low suspended solids present. Low flow with minimal chop ripple less than 3 inches and constant 12 mph winds. SECCHI ON BOTTOM.
FLAB14,P48379-11,23,"PHOSPHATE, ORTHO AS P",6/7/2010,0.002,mg/L,U,FLAB,FCEB,MON,SA,G,OPO4,0.002,Y,A,0,,,WMD,0,25.1504805,-80.8092194,,,BA,WMD,"DI, niskin, bucket, syringe, filter, sample bottle, FCEB taken @ FLAB14."
FLAB14,P48679-4,23,"PHOSPHATE, ORTHO AS P",7/20/2010,0.002,mg/L,U,FLAB,SAMP,MON,SA,G,OPO4,0.002,Y,A,0.5,m,,WMD,1,25.1504805,-80.8092194,,,BA,WMD,"Sample light green, low solids.  Moderate chop, 1-2 foot chop.  Low flow. Winds 15-20mph.   SECCHI ON BOTTOM."
FLAB14,P48893-4,23,"PHOSPHATE, ORTHO AS P",8/16/2010,0.002,mg/L,I,FLAB,SAMP,MON,SA,G,OPO4,0.002,N,A,0.5,m,,WMD,1,25.1504805,-80.8092194,,,BA,WMD,"Sample pale yellow, with low solids.  Low flow.  Calm water, no chop.  Winds 5-7mph. SECCHI ON BOTTOM."
FLAB14,P49171-4,23,"PHOSPHATE, ORTHO AS P",9/21/2010,0.003,mg/L,"I,J",FLAB,SAMP,MON,SA,G,OPO4,0.002,N,A,0.5,m,,WMD,1,25.1504805,-80.8092194,,,BA,WMD,"Sample light green, low solids.  Light chop, .5-1.5 foot seas.  Winds 15mph, with 20mph gusts.  Low flow.   SECCHI ON BOTTOM."
FLAB14,P49628-4,23,"PHOSPHATE, ORTHO AS P",10/19/2010,0.002,mg/L,U,FLAB,SAMP,MON,SA,G,OPO4,0.002,Y,A,0.5,m,,WMD,1,25.1504805,-80.8092194,,,BA,WMD,"Sample light yeloow, low solids.  Low flow.  Calm water, no chop.  Winds 2-5mph.   SECCHI ON BOTTOM."
FLAB14,P50070-4,23,"PHOSPHATE, ORTHO AS P",11/16/2010,0.002,mg/L,U,FLAB,SAMP,MON,SA,G,OPO4,0.002,Y,A,0.5,m,,WMD,1,25.1504805,-80.8092194,,,BA,WMD,"Sample light yellow, low solids.  Calm water, minimal chop.  Low flow.  Wind 3-5mph. SECCHI ON BOTTOM."
FLAB14,P50474-4,23,"PHOSPHATE, ORTHO AS P",12/14/2010,0.002,mg/L,U,FLAB,SAMP,MON,SA,G,OPO4,0.002,Y,A,0.35,m,,WMD,1,25.1504805,-80.8092194,,,BA,WMD,"Sample light yellow, low solids.  Calm water, minimal chop.  Wind 3-5mph.   SECCHI ON BOTTOM. water very shallow."
FLAB14,P50635-4,23,"PHOSPHATE, ORTHO AS P",1/4/2011,0.002,mg/L,U,FLAB,SAMP,MON,SA,G,OPO4,0.002,Y,A,0.5,m,,WMD,1,25.1504805,-80.8092194,,,BA,WMD,"Very low flow at station.  Very low to no chop.  Wind 0-5 mph.   SECCHI ON BOTTOM.   Sample light yellow, low solids."
FLAB14,P50937-4,23,"PHOSPHATE, ORTHO AS P",2/17/2011,0.002,mg/L,U,FLAB,SAMP,MON,SA,G,OPO4,0.002,Y,A,0.25,m,,WMD,0,25.1504805,-80.8092194,,,BA,WMD,Sample taken .4 miles from station due to shallow water.
FLAB14,P51526-4,23,"PHOSPHATE, ORTHO AS P",3/14/2011,0.002,mg/L,U,FLAB,SAMP,MON,SA,G,OPO4,0.002,Y,A,0.5,m,,WMD,1,25.1504805,-80.8092194,,,BA,WMD,"Sample light yellow.  Calm water, minimal chop. Wind 8-12mph.   SECCHI ON BOTTOM."
FLAB14,P52279-4,23,"PHOSPHATE, ORTHO AS P",4/5/2011,0.002,mg/L,I,FLAB,SAMP,MON,SA,G,OPO4,0.002,N,A,0.5,m,,WMD,1,25.1504805,-80.8092194,,,BA,WMD,"Sample light green, wind 10-15mph sw."
FLAB14,P52280-4,23,"PHOSPHATE, ORTHO AS P",5/3/2011,0.002,mg/L,U,FLAB,SAMP,MON,SA,G,OPO4,0.002,Y,A,0.3,m,,WMD,1,25.1504805,-80.8092194,,,BA,WMD,"Sample palm yellow, wind east 10-15mph,  SECCHI ON BOTTOM."
FLAB14,P52281-4,23,"PHOSPHATE, ORTHO AS P",6/13/2011,0.002,mg/L,I,FLAB,SAMP,MON,SA,G,OPO4,0.002,N,A,0.5,m,,WMD,1,25.1504805,-80.8092194,,,BA,WMD,Sample is clear with no visible sollids present. Moderate flow with variable westerly winds at 5-10 mph. SECCHI ON BOTTOM. Conductivity is out of range due to high salinity at this location.
FLAB14,P52282-4,23,"PHOSPHATE, ORTHO AS P",7/12/2011,0.002,mg/L,I,FLAB,SAMP,MON,SA,G,OPO4,0.002,N,A,0.5,m,,WMD,1,25.1504805,-80.8092194,,,BA,WMD,Sample is pale green with no visible suspended solids present.  Flow with light ripple chop up to 4 inches and winds from the southwest at 4 to 8 mph.  SECCHI ON BOTTOM
FLAB14,P52283-6,23,"PHOSPHATE, ORTHO AS P",8/16/2011,0.002,mg/L,U,FLAB,SAMP,MON,SA,G,OPO4,0.002,Y,A,0.5,m,,WMD,1,25.1504805,-80.8092194,,,BA,WMD,Sample is pale green with no visible suspended solids present. Low flow with light chop up to 4 inches and light variable winds from southwest at 6 to 10 mph. SECCHI ON BOTTOM.
FLAB14,P52284-6,23,"PHOSPHATE, ORTHO AS P",9/12/2011,0.002,mg/L,U,FLAB,SAMP,MON,SA,G,OPO4,0.002,Y,A,0.5,m,,WMD,0,25.1504805,-80.8092194,,,BA,WMD,Sample light yellow with no visible suspended solids present. Light current with rising tide just before high tide and glassy slight ripple conditions and light variable winds from the east southeast at 2 to 4 mph. SECCHI ON BOTTOM.
FLAB14,P52285-6,23,"PHOSPHATE, ORTHO AS P",10/4/2011,0.002,mg/L,U,FLAB,SAMP,MON,SA,G,OPO4,0.002,Y,A,0.4,m,,WMD,0,25.1504805,-80.8092194,,,BA,WMD,"Wind, NE 10-15, lt chop, ebb tide,  SECCHI ON BOTTOM."
FLAB14,P54071-6,23,"PHOSPHATE, ORTHO AS P",12/6/2011,0.002,mg/L,U,FLAB,SAMP,MON,SA,G,OPO4,0.002,Y,A,0.35,m,,WMD,0,25.1504805,-80.8092194,,,BA,WMD,"Wind ESE 10-12, lt chop, slack tide,  SECCHI ON BOTTOM, Sample taken .5 miles from station due to shallow depth"
FLAB14,P55306-4,23,"PHOSPHATE, ORTHO AS P",2/1/2012,0.002,mg/L,U,FLAB,SAMP,MON,SA,G,OPO4,0.002,Y,A,0.35,m,,WMD,0,25.1504805,-80.8092194,,,BA,WMD,"Wind E 14-18, lt chop in lee of island, slack tide,  SECCHI ON BOTTOM, sample taken .38 mi from station due to shallow depth"
FLAB14,P55313-4,23,"PHOSPHATE, ORTHO AS P",4/12/2012,0.002,mg/L,U,FLAB,SAMP,MON,SA,G,OPO4,0.002,Y,A,0.45,m,,WMD,0,25.1504805,-80.8092194,,,BA,WMD,"Wind N 8-10, rippled surface, slack tide,  SECCHI ON BOTTOM."
FLAB14,P55929-4,23,"PHOSPHATE, ORTHO AS P",6/13/2012,0.002,mg/L,U,FLAB,SAMP,MON,SA,G,OPO4,0.002,Y,A,0.5,m,,WMD,0,25.1504805,-80.8092194,,,BA,WMD,Calm conditions.  Light ripple.  Slack tide.  Very light east wind.   SECCHI ON BOTTOM.
FLAB14,P56205-4,23,"PHOSPHATE, ORTHO AS P",8/13/2012,0.002,mg/L,U,FLAB,SAMP,MON,SA,G,OPO4,0.002,Y,A,0.5,m,,WMD,0,25.1504805,-80.8092194,,,BA,WMD,Very light east wind.  Calm conditions with almost no ripple.  Slack tide.   SECCHI ON BOTTOM.
FLAB14,P56209-4,23,"PHOSPHATE, ORTHO AS P",10/11/2012,0.002,mg/L,U,FLAB,SAMP,MON,SA,G,OPO4,0.002,Y,A,0.5,m,,WMD,0,25.1504805,-80.8092194,,,BA,WMD,Strong NE breeze.  Light chop.   SECCHI ON BOTTOM.
FLAB14,P56856-4,23,"PHOSPHATE, ORTHO AS P",12/10/2012,0.002,mg/L,I,FLAB,SAMP,MON,SA,G,OPO4,0.002,N,A,0.5,m,,WMD,0,25.1504805,-80.8092194,,,BA,WMD,SECCHI ON BOTTOM. Winds 10-15kts out of the SE. Light chop.
FLAB14,P61818-4,23,"PHOSPHATE, ORTHO AS P",2/5/2013,0.003,mg/L,I,FLAB,SAMP,MON,SA,G,OPO4,0.002,N,A,0.5,m,,WMD,0,25.1504805,-80.8092194,,,BA,WMD,SECCHI ON BOTTOM. Very light breeze 1-2kts. Calm water. No noticeable current.
FLAB14,P61819-4,23,"PHOSPHATE, ORTHO AS P",4/18/2013,0.002,mg/L,U,FLAB,SAMP,MON,SA,G,OPO4,0.002,Y,A,0.3,m,,WMD,0,25.1504805,-80.8092194,,,PD,WMD,SECCHI ON BOTTOM. ESE winds 10-12 kts. Light ripple on the water.
FLAB14,P63880-4,23,"PHOSPHATE, ORTHO AS P",6/17/2013,0.002,mg/L,U,FLAB,SAMP,MON,SA,G,OPO4,0.002,Y,A,0.4,m,,WMD,0,25.1504805,-80.8092194,,,PD,WMD,"slight ripple on surface, southeast wind 10-15, secchi on bottom, site collected short of coordinates due to shallow water less than 0.5m while approaching site"
FLAB14,P63881-4,23,"PHOSPHATE, ORTHO AS P",8/13/2013,0.002,mg/L,U,FLAB,SAMP,MON,SA,G,OPO4,0.002,Y,A,0.35,m,,WMD,0,25.1504805,-80.8092194,,,PD,WMD,SECCHI ON BOTTOM. Ripples on surface. E wind 5-10 kt. No current observed. Station visted near high tide. Unable to reach location due to shallow water. Collected at 25-08'43.5 secN 080-48'34.4 secW
FLAB14,P65941-4,23,"PHOSPHATE, ORTHO AS P",10/28/2013,0.002,mg/L,U,FLAB,SAMP,MON,SA,G,OPO4,0.002,Y,A,0.4,m,,WMD,0,25.1504805,-80.8092194,,,PD,WMD,SECCHI ON BOTTOM. Light chop. E wind approx 15 kt. Moderate wind driven current.
FLAB14,P68531-4,23,"PHOSPHATE, ORTHO AS P",12/11/2013,0.002,mg/L,U,FLAB,SAMP,MON,SA,G,OPO4,0.002,Y,A,0.35,m,,WMD,0,25.1504805,-80.8092194,,,PD,WMD,"Light chop, E wind 10-15,  SECCHI ON BOTTOM."
FLAB14,P70123-4,23,"PHOSPHATE, ORTHO AS P",2/26/2014,0.002,mg/L,I,FLAB,SAMP,MON,SA,G,OPO4,0.002,N,A,0.5,m,,WMD,0,25.1504805,-80.8092194,,,PD,WMD,"SECCHI ON BOTTOM. Slight ripple on water surface. Slight wind out of the SW, 5kts. Slight incoming tide. Unable to get to actual FLAB14 site due to water level, sample taken at GPS position N2508.345 W08048.512."
FLAB14,P70124-4,23,"PHOSPHATE, ORTHO AS P",4/7/2014,0.002,mg/L,I,FLAB,SAMP,MON,SA,G,OPO4,0.002,N,A,0.5,m,,WMD,0,25.1504805,-80.8092194,,,PD,WMD,Moderate chop due to 15kt SE winds. Sample area clear. SECCHI ON BOTTOM.
FLAB14,P71707-4,23,"PHOSPHATE, ORTHO AS P",6/9/2014,0.002,mg/L,U,FLAB,SAMP,MON,SA,G,OPO4,0.002,Y,A,0.5,m,,WMD,0,25.1504805,-80.8092194,,,PD,WMD,"SECCHI ON BOTTOM. Calm winds, calm waves, incoming tide."
FLAB14,P72712-4,23,"PHOSPHATE, ORTHO AS P",8/5/2014,0.002,mg/L,U,FLAB,SAMP,MON,SA,G,OPO4,0.002,Y,A,0.5,m,,WMD,0,25.1504805,-80.8092194,,,PD,WMD,"Calm conditions, SW winds less than 5 kts. Small amount of single piece turtle and manatee grasses on surface. Incoming tide. SECCHI ON BOTTOM."
FLAB14,P74736-4,23,"PHOSPHATE, ORTHO AS P",10/20/2014,0.002,mg/L,U,FLAB,SAMP,MON,SA,G,OPO4,0.002,Y,A,0.35,m,,WMD,0,25.1504805,-80.8092194,,,PD,WMD,"Calm,  SECCHI ON BOTTOM."
FLAB14,P74738-4,23,"PHOSPHATE, ORTHO AS P",12/17/2014,0.002,mg/L,U,FLAB,SAMP,MON,SA,G,OPO4,0.002,Y,A,0.5,m,,WMD,0,25.1504805,-80.8092194,,,PD,WMD,"Incoming tide, NE winds 5kts, calm seas, small amout of floating vegetation pieces visible on water surface. SECCHI ON BOTTOM."
FLAB14,P74737-4,23,"PHOSPHATE, ORTHO AS P",2/16/2015,0.002,mg/L,U,FLAB,SAMP,MON,SA,G,OPO4,0.002,Y,A,0.45,m,,WMD,0,25.1504805,-80.8092194,,,PD,WMD,"Calm, E wind 10-15. Sample collected 925 m due south of site because of water depth. SECCHI ON BOTTOM"
FLAB14,P75445-4,23,"PHOSPHATE, ORTHO AS P",4/13/2015,0.002,mg/L,U,FLAB,SAMP,MON,SA,G,OPO4,0.002,Y,A,0.5,m,,WMD,0,25.1504805,-80.8092194,,,PD,WMD,Sample collected 1 km due south of site due to water depth. SOB
FLAB14,P74739-4,23,"PHOSPHATE, ORTHO AS P",6/9/2015,0.002,mg/L,U,FLAB,SAMP,MON,SA,G,OPO4,0.002,Y,A,0.5,m,,WMD,0,25.1504805,-80.8092194,,,PD,WMD,SOB
FLAB14,P78245-4,23,"PHOSPHATE, ORTHO AS P",8/25/2015,0.002,mg/L,U,FLAB,SAMP,MON,SA,G,OPO4,0.002,Y,A,0.5,m,,WMD,0,25.1504805,-80.8092194,,,PD,WMD,Secchi on bottom.
FLAB14,P80870-4,23,"PHOSPHATE, ORTHO AS P",10/7/2015,0.002,mg/L,U,FLAB,SAMP,MON,SA,G,OPO4,0.002,Y,A,0.5,m,,WMD,0,25.1504805,-80.8092194,,,PD,WMD,"Calm seas, light amount of loose vegetation on surface, incoming tide, secchi on bottom."
FLAB14,P82416-4,23,"PHOSPHATE, ORTHO AS P",1/21/2016,0.002,mg/L,I,FLAB,SAMP,MON,SA,G,OPO4,0.002,N,A,0.5,m,,WMD,0,25.1504805,-80.8092194,,,PD,WMD,Secchi on bottom. Surface smooth. Winds ESE 10-15.
FLAB14,P82935-4,23,"PHOSPHATE, ORTHO AS P",2/16/2016,0.002,mg/L,U,FLAB,SAMP,MON,SA,G,OPO4,0.002,Y,A,0.5,m,,WMD,0,25.1504805,-80.8092194,,,PD,WMD,"Calm wind and seas, sample area clear, Secchi on bottom."
FLAB14,P83568-4,23,"PHOSPHATE, ORTHO AS P",4/14/2016,0.002,mg/L,U,FLAB,SAMP,MON,SA,G,OPO4,0.002,Y,A,0.35,m,,WMD,0,25.1504805,-80.8092194,,,PD,WMD,SOB. Light winds out of the SE around 7 kts. Glass smooth water.
FLAB14,P84316-4,23,"PHOSPHATE, ORTHO AS P",6/29/2016,0.002,mg/L,U,FLAB,SAMP,MON,SA,G,OPO4,0.002,Y,A,0.5,m,,WMD,0,25.1504805,-80.8092194,,,PD,WMD,"slight ripple on surface, calm wind, some vegetation clippings on surface, off colored water observed, algae like appearance in water column, filter turned green in color during processing"
FLAB14,P84638-4,23,"PHOSPHATE, ORTHO AS P",8/25/2016,0.002,mg/L,U,FLAB,SAMP,MON,SA,G,OPO4,0.002,Y,A,0.5,m,,WMD,0,25.1504805,-80.8092194,,,PD,WMD,"Light east winds, light surface chop, turbid water, light green brown in color, light amount of loose sea grass floating on surface. Light greenish yellow color visible in filter after use. Secchi on bottom."
FLAB14,P86137-4,23,"PHOSPHATE, ORTHO AS P",10/24/2016,0.002,mg/L,U,FLAB,SAMP,MON,SA,G,OPO4,0.002,Y,A,0.5,m,,WMD,0,25.1504805,-80.8092194,,,PD,WMD,"NE winds 15kt, light chop, sample area clear otherwise. Secchi on bottom."
FLAB14,P86766-4,23,"PHOSPHATE, ORTHO AS P",12/21/2016,0.002,mg/L,U,FLAB,SAMP,MON,SA,G,OPO4,0.002,Y,A,0.5,m,,WMD,0,25.1504805,-80.8092194,,,PD,WMD,"NE winds 10-15 kts, light chop, sample area clear. Secchi on bottom."
FLAB14,P87700-4,23,"PHOSPHATE, ORTHO AS P",2/20/2017,0.002,mg/L,U,FLAB,SAMP,MON,SA,G,OPO4,0.002,Y,A,0.5,m,,WMD,0,25.1504805,-80.8092194,,,PD,WMD,"NE winds 10-15 kts, waters moderate chop, light amount of loose sea grass on surface. Secchi on bottom. Could not get within 300m of sample GPS point due to shallow water."
FLAB14,P87830-4,23,"PHOSPHATE, ORTHO AS P",4/20/2017,0.002,mg/L,U,FLAB,SAMP,MON,SA,G,OPO4,0.002,Y,A,0.5,m,,WMD,0,25.1504805,-80.8092194,,,PD,WMD,"Could only get within 0.5 kilometers of site due to very shallow water.  Had less than 1 foot seas, sample area clear, with 10-15 knot east winds.  Sample collected by DA."
FLAB14,P89179-4,23,"PHOSPHATE, ORTHO AS P",8/1/2017,0.002,mg/L,U,FLAB,SAMP,MON,SA,G,OPO4,0.002,Y,A,0.5,m,,WMD,0,25.1504805,-80.8092194,,,PD,WMD,"Light sw winds, calm seas, moderate amount of loose sea grasses floating on surface, secchi on bottom."
FLAB14,P88721-4,23,"PHOSPHATE, ORTHO AS P",10/12/2017,0.002,mg/L,U,FLAB,SAMP,MON,SA,G,OPO4,0.002,Y,A,0.5,m,,WMD,0,25.1504805,-80.8092194,,,PD,WMD,Filter appeared to contaiin algae when processing sample.
FLAB14,P91159-4,23,"PHOSPHATE, ORTHO AS P",12/13/2017,0.002,mg/L,U,FLAB,SAMP,MON,SA,G,OPO4,0.002,Y,A,0.5,m,,WMD,0,25.1504805,-80.8092194,,,PD,WMD,Light chop. Murky brown water
FLAB14,P92112-4,23,"PHOSPHATE, ORTHO AS P",2/28/2018,0.002,mg/L,U,FLAB,SAMP,MON,SA,G,OPO4,0.002,Y,A,0.5,m,,WMD,0,25.1504805,-80.8092194,,,PD,WMD,Flat water. Green water. Filter turned green. Same problem with DO readings.
FLAB14,P92872-4,23,"PHOSPHATE, ORTHO AS P",4/10/2018,0.002,mg/L,U,FLAB,SAMP,MON,SA,G,OPO4,0.002,Y,A,0.5,m,,WMD,0,25.1504805,-80.8092194,,,PD,WMD,Light chop.
FLAB14,P93694-4,23,"PHOSPHATE, ORTHO AS P",6/7/2018,0.002,mg/L,U,FLAB,SAMP,MON,SA,G,OPO4,0.002,Y,A,0.5,m,,WMD,0,25.1504805,-80.8092194,,,PD,WMD,Floating vegetation present. Avoided during collection.
FLAB14,P94931-4,23,"PHOSPHATE, ORTHO AS P",8/6/2018,0.002,mg/L,U,FLAB,SAMP,MON,SA,G,OPO4,0.002,Y,A,0.5,m,,WMD,0,25.1504805,-80.8092194,,,PD,WMD,
FLAB14,P95251-4,23,"PHOSPHATE, ORTHO AS P",10/3/2018,0.002,mg/L,U,FLAB,SAMP,MON,SA,G,OPO4,0.002,Y,A,0.5,m,,WMD,0,25.1504805,-80.8092194,,,PD,WMD,heavy suspended solids
FLAB14,P96720-4,23,"PHOSPHATE, ORTHO AS P",12/17/2018,0.002,mg/L,U,FLAB,SAMP,MON,SA,G,OPO4,0.002,Y,A,0.25,m,,WMD,0,25.1504805,-80.8092194,,,BA,WMD,Shallow sampling area. Sample depth taken half way from total depth of 0.5m.  Water looks stirred up within sample area.
FLAB14,P102448-5,23,"PHOSPHATE, ORTHO AS P",2/26/2019,0.002,mg/L,U,FLAB,SAMP,MON,SA,G,OPO4,0.002,Y,A,0.5,m,,WMD,0,25.1504805,-80.8092194,,,BA,WMD,
FLAB14,P103834-5,23,"PHOSPHATE, ORTHO AS P",4/15/2019,0.002,mg/L,U,FLAB,SAMP,MON,SA,G,OPO4,0.002,Y,A,0.5,m,,WMD,0,25.1504805,-80.8092194,,,BA,WMD,
FLAB14,P106284-5,23,"PHOSPHATE, ORTHO AS P",6/11/2019,0.002,mg/L,U,FLAB,SAMP,MON,SA,G,OPO4,0.002,Y,A,0.4,m,,WMD,0,25.1504805,-80.8092194,,,BA,WMD,Secchi on bottom
FLAB14,P109207-5,23,"PHOSPHATE, ORTHO AS P",8/8/2019,0.002,mg/L,U,FLAB,SAMP,MON,SA,G,OPO4,0.002,Y,A,0.5,m,,WMD,0,25.1504805,-80.8092194,,,BA,WMD,Large pieces of vegetative debris present on surface of water. Secchi on bottom.
FLAB14,P109898-5,23,"PHOSPHATE, ORTHO AS P",10/8/2019,0.002,mg/L,U,FLAB,SAMP,MON,SA,G,OPO4,0.002,Y,A,0.5,m,,WMD,0,25.1504805,-80.8092194,,,BA,WMD,
FLAB14,P110697-5,23,"PHOSPHATE, ORTHO AS P",12/5/2019,0.002,mg/L,U,FLAB,SAMP,MON,SA,G,OPO4,0.002,Y,A,0.5,m,,WMD,0,25.1504805,-80.8092194,,,BA,WMD,Secchi on bottom.
FLAB14,P110713-5,23,"PHOSPHATE, ORTHO AS P",2/3/2020,0.002,mg/L,U,FLAB,SAMP,MON,SA,G,OPO4,0.002,Y,A,0.3,m,,WMD,0,25.1504805,-80.8092194,,,BA,WMD,"Secchi on bottom. Depth was less than 1m, sample was collected at half total depth."
FLAB14,P110719-5,23,"PHOSPHATE, ORTHO AS P",4/1/2020,0.002,mg/L,U,FLAB,SAMP,MON,SA,G,OPO4,0.002,Y,A,0.4,m,,WMD,0,25.1504805,-80.8092194,,,BA,WMD,Secchi on bottom
FLAB14,P111041-5,23,"PHOSPHATE, ORTHO AS P",6/1/2020,0.002,mg/L,U,FLAB,SAMP,MON,SA,G,OPO4,0.002,Y,A,0.3,m,,WMD,0,25.1504805,-80.8092194,,,BA,WMD,Secchi on bottom
FLAB14,P111104-5,23,"PHOSPHATE, ORTHO AS P",8/13/2020,0.002,mg/L,U,FLAB,SAMP,MON,SA,G,OPO4,0.002,Y,A,0.35,m,,WMD,0,25.1504805,-80.8092194,,,BA,WMD,Secchi on bottom. Sample collected at half total depth.
FLAB14,P118766-5,23,"PHOSPHATE, ORTHO AS P",10/12/2020,0.002,mg/L,U,FLAB,SAMP,MON,SA,G,OPO4,0.002,Y,A,0.4,m,,WMD,0,25.1504805,-80.8092194,,,BA,WMD,Secchi on bottom.
FLAB14,P120347-5,23,"PHOSPHATE, ORTHO AS P",12/9/2020,0.002,mg/L,U,FLAB,SAMP,MON,SA,G,OPO4,0.002,Y,A,0.3,m,,WMD,0,25.1504805,-80.8092194,,,BA,WMD,"Sample area clear.  Total Depth was only 0.6 meters, so sampling depth was at 0.3 meters instead of 0.5 meters.  SOB, Secchi On Bottom.  Light solids in sample.  Sample collected by CL."
FLAB14,P121638-5,23,"PHOSPHATE, ORTHO AS P",1/7/2021,0.002,mg/L,U,FLAB,SAMP,MON,SA,G,OPO4,0.002,Y,A,0.3,m,,WMD,0,25.1504805,-80.8092194,,,BA,WMD,Secchi on bottom
FLAB14,P122507-5,23,"PHOSPHATE, ORTHO AS P",3/17/2021,0.002,mg/L,U,FLAB,SAMP,MON,SA,G,OPO4,0.002,Y,A,0.5,m,,WMD,0,25.1504805,-80.8092194,,,BA,WMD,Secchi on bottom.
FLAB14,P122517-5,23,"PHOSPHATE, ORTHO AS P",5/24/2021,0.002,mg/L,U,FLAB,SAMP,MON,SA,G,OPO4,0.002,Y,A,0.2,m,,WMD,0,25.1504805,-80.8092194,,,BA,WMD,Secchi on bottom. Sampled approx. 100 m from site due to low water.
FLAB14,P123928-5,23,"PHOSPHATE, ORTHO AS P",7/1/2021,0.002,mg/L,U,FLAB,SAMP,MON,SA,G,OPO4,0.002,Y,A,0.35,m,,WMD,0,25.1504805,-80.8092194,,,BA,WMD,Secchi on bottom.
FLAB14,P125715-5,23,"PHOSPHATE, ORTHO AS P",10/13/2021,0.002,mg/L,U,FLAB,SAMP,MON,SA,G,OPO4,0.002,Y,A,0.4,m,,WMD,0,25.1504805,-80.8092194,,,BA,WMD,
FLAB14,P128145-5,23,"PHOSPHATE, ORTHO AS P",12/27/2021,0.002,mg/L,U,FLAB,SAMP,MON,SA,G,OPO4,0.002,Y,A,0.3,m,,WMD,0,25.1504805,-80.8092194,,,BA,WMD,Sampling area clear of debris.
FLAB14,P129938-5,23,"PHOSPHATE, ORTHO AS P",2/8/2022,0.002,mg/L,U,FLAB,SAMP,MON,SA,G,OPO4,0.002,Y,A,0.25,m,,WMD,0,25.1504805,-80.8092194,,,BA,WMD,Secchi on bottom
FLAB14,P132794-5,23,"PHOSPHATE, ORTHO AS P",4/7/2022,0.002,mg/L,U,FLAB,SAMP,MON,SA,G,OPO4,0.002,Y,A,0.3,m,,WMD,0,25.1504805,-80.8092194,,,BA,WMD,
FLAB14,P134124-5,23,"PHOSPHATE, ORTHO AS P",6/22/2022,0.002,mg/L,U,FLAB,SAMP,MON,SA,G,OPO4,0.002,Y,A,0.5,m,,WMD,0,25.1504805,-80.8092194,,,BA,WMD,
FLAB14,P135165-5,23,"PHOSPHATE, ORTHO AS P",8/18/2022,0.002,mg/L,U,FLAB,SAMP,MON,SA,G,OPO4,0.002,Y,A,0.5,m,,WMD,0,25.1504805,-80.8092194,,,BA,WMD,"No visible solids, but water is very cloudy and difficult to filter. Used two filters to process."
FLAB14,P136495-5,23,"PHOSPHATE, ORTHO AS P",10/20/2022,0.002,mg/L,U,FLAB,SAMP,MON,SA,G,OPO4,0.002,Y,A,0.4,m,,WMD,0,25.1504805,-80.8092194,,,BA,WMD,Sample collected at half total depth as per FSM. Water in sampling area has a greenish tint. Filter turned light green during processing.
FLAB14,P138520-5,23,"PHOSPHATE, ORTHO AS P",12/19/2022,0.002,mg/L,U,FLAB,SAMP,MON,SA,G,OPO4,0.002,Y,A,0.3,m,,WMD,0,25.1504805,-80.8092194,,,BA,WMD,
FLAB14,P139468-5,23,"PHOSPHATE, ORTHO AS P",1/30/2023,0.002,mg/L,U,FLAB,SAMP,MON,SA,G,OPO4,0.002,Y,A,0.5,m,,WMD,0,25.1504805,-80.8092194,,,BA,WMD,
FLAB14,P141269-5,23,"PHOSPHATE, ORTHO AS P",3/14/2023,0.002,mg/L,U,FLAB,SAMP,MON,SA,G,OPO4,0.002,Y,A,0.5,m,,WMD,0,25.1504805,-80.8092194,,,BA,WMD,Secchi on bottom.
FLAB14,P143129-5,23,"PHOSPHATE, ORTHO AS P",5/11/2023,0.002,mg/L,U,FLAB,SAMP,MON,SA,G,OPO4,0.002,Y,A,0.5,m,,WMD,0,25.1504805,-80.8092194,,,BA,WMD,Secchi on bottom
FLAB14,P144703-5,23,"PHOSPHATE, ORTHO AS P",7/27/2023,0.002,mg/L,U,FLAB,SAMP,MON,SA,G,OPO4,0.002,Y,A,0.35,m,,WMD,0,25.1504805,-80.8092194,,,BA,WMD,
FLAB14,P146063-5,23,"PHOSPHATE, ORTHO AS P",9/27/2023,0.002,mg/L,U,FLAB,SAMP,MON,SA,G,OPO4,0.002,Y,A,0.5,m,,WMD,0,25.1504805,-80.8092194,,,BA,WMD,"Water highly turbid, became difficult to filter during processing."
FLAB14,P146064-5,23,"PHOSPHATE, ORTHO AS P",11/13/2023,0.002,mg/L,U,FLAB,SAMP,MON,SA,G,OPO4,0.002,Y,A,0.5,m,,WMD,0,25.1504805,-80.8092194,,,BA,WMD,"Filter became clogged during processing, no color, difficult to filter"
FLAB14,P148342-5,23,"PHOSPHATE, ORTHO AS P",1/8/2024,0.002,mg/L,U,FLAB,SAMP,MON,SA,G,OPO4,0.002,Y,A,0.35,m,,WMD,0,25.1504805,-80.8092194,,,BA,WMD,collected sample approximately 600 feet SSW of site due to shallow depth
FLAB14,P149299-5,23,"PHOSPHATE, ORTHO AS P",3/4/2024,0.002,mg/L,U,FLAB,SAMP,MON,SA,G,OPO4,0.002,Y,A,0.4,m,,WMD,0,25.1504805,-80.8092194,,,BA,WMD,Sample collected 800 m west of site due to shallow depth.
FLAB14,P150708-5,23,"PHOSPHATE, ORTHO AS P",5/13/2024,0.002,mg/L,U,FLAB,SAMP,MON,SA,G,OPO4,0.002,Y,A,0.45,m,,WMD,0,25.1504805,-80.8092194,,,BA,WMD,Filter turned yellow during processing.
FLAB14,P152189-5,23,"PHOSPHATE, ORTHO AS P",7/15/2024,0.002,mg/L,U,FLAB,SAMP,MON,SA,G,OPO4,0.002,Y,A,0.4,m,,WMD,0,25.1504805,-80.8092194,,,BA,WMD,Sample taken 550 m SW of station due to shallow depth. Filter turned green during processing; sample was difficult to push through filter.
FLAB14,P153175-5,23,"PHOSPHATE, ORTHO AS P",9/12/2024,0.002,mg/L,I,FLAB,SAMP,MON,SA,G,OPO4,0.002,N,A,0.5,m,,WMD,0,25.1504805,-80.8092194,,,BA,WMD,Filter turned green during processing.
FLAB14,P154028-5,23,"PHOSPHATE, ORTHO AS P",12/9/2024,0.002,mg/L,U,FLAB,SAMP,MON,SA,G,OPO4,0.002,Y,A,0.45,m,,WMD,0,25.1504805,-80.8092194,,,BA,WMD,"Because of shallow depths, sample was collected approximately 580 meters to the southwest of the marked site coordinates."
FLAB14,P155969-5,23,"PHOSPHATE, ORTHO AS P",2/5/2025,0.002,mg/L,U,FLAB,SAMP,MON,SA,G,OPO4,0.002,Y,A,0.5,m,,WMD,0,25.1504805,-80.8092194,,,BA,WMD,Secchi on bottom.
FLAB14,P158028-5,23,"PHOSPHATE, ORTHO AS P",6/18/2025,0.002,mg/L,U,FLAB,SAMP,MON,SA,G,OPO4,0.002,Y,P,0.5,m,,WMD,0,25.1504805,-80.8092194,1,,,,Secchi on bottom.
FLAB14,P50070-11,25,"PHOSPHATE, TOTAL AS P",11/16/2010,0.002,mg/L,U,FLAB,FCEB,MON,DI,G,TPO4,0.002,Y,A,0,,,WMD,0,25.1504805,-80.8092194,,,BA,WMD,"DI, niskin, bucket, syringe, filter, sample bottle.  FCEB taken at FLAB14."
FLAB14,P52279-7,25,"PHOSPHATE, TOTAL AS P",4/5/2011,0.002,mg/L,U,FLAB,FCEB,MON,DI,G,TPO4,0.002,Y,A,0,,,WMD,0,25.1504805,-80.8092194,,,BA,WMD,"FCEB. DI,NISKEN,BUCKET,SYRINGE,FILTER,SAMPLE BOTTLE. FCEB COLLECTED @ STATION FLAB 14"
FLAB14,P52280-7,25,"PHOSPHATE, TOTAL AS P",5/3/2011,0.002,mg/L,U,FLAB,FCEB,MON,DI,G,TPO4,0.002,Y,A,0,,,WMD,1,25.1504805,-80.8092194,,,BA,WMD,"FCEB. DI,Nisken,Bucket,Syringe,Filter,Sample Bottle. FCDE taken @ station FLAB14"
FLAB14,P55313-7,25,"PHOSPHATE, TOTAL AS P",4/12/2012,0.002,mg/L,U,FLAB,FCEB,MON,DI,G,TPO4,0.002,Y,A,,,,WMD,0,25.1504805,-80.8092194,,,BA,WMD,FCEB
FLAB14,P61818-7,25,"PHOSPHATE, TOTAL AS P",2/5/2013,0.002,mg/L,U,FLAB,FCEB,MON,DI,G,TPO4,0.002,Y,A,,,,WMD,0,25.1504805,-80.8092194,,,BA,WMD,FCEB.
FLAB14,P65941-7,25,"PHOSPHATE, TOTAL AS P",10/28/2013,0.002,mg/L,U,FLAB,FCEB,MON,DI,G,TPO4,0.002,Y,A,,,,WMD,0,25.1504805,-80.8092194,,,PD,WMD,
FLAB14,P86137-7,25,"PHOSPHATE, TOTAL AS P",10/24/2016,0.002,mg/L,U,FLAB,FCEB,MON,DI,G,TPO4,0.002,Y,A,,,,WMD,0,25.1504805,-80.8092194,,,PD,WMD,
FLAB14,P86766-7,25,"PHOSPHATE, TOTAL AS P",12/21/2016,0.002,mg/L,U,FLAB,FCEB,MON,DI,G,TPO4,0.002,Y,A,,,,WMD,0,25.1504805,-80.8092194,,,PD,WMD,
FLAB14,P87830-7,25,"PHOSPHATE, TOTAL AS P",4/20/2017,0.002,mg/L,U,FLAB,FCEB,MON,DI,G,TPO4,0.002,Y,A,,,,WMD,0,25.1504805,-80.8092194,,,PD,WMD,FCEB collected at FLAB14 site.  Sample collected by DA.
FLAB14,P88721-7,25,"PHOSPHATE, TOTAL AS P",10/12/2017,0.002,mg/L,U,FLAB,FCEB,MON,DI,G,TPO4,0.002,Y,A,,,,WMD,0,25.1504805,-80.8092194,,,PD,WMD,FCEB performed.
FLAB14,P91159-7,25,"PHOSPHATE, TOTAL AS P",12/13/2017,0.002,mg/L,U,FLAB,FCEB,MON,DI,G,TPO4,0.002,Y,A,,,,WMD,0,25.1504805,-80.8092194,,,PD,WMD,Performed by EW at FLAB14.
FLAB14,P92112-7,25,"PHOSPHATE, TOTAL AS P",2/28/2018,0.002,mg/L,I,FLAB,FCEB,MON,DI,G,TPO4,0.002,N,A,,,,WMD,0,25.1504805,-80.8092194,,,PD,WMD,Performed by KJ at FLAB14 with DI 5886.
FLAB14,P92872-7,25,"PHOSPHATE, TOTAL AS P",4/10/2018,0.002,mg/L,U,FLAB,FCEB,MON,DI,G,TPO4,0.002,Y,A,,,,WMD,0,25.1504805,-80.8092194,,,PD,WMD,Performed by NP at FLAB14 with DI 5901.
FLAB14,P120347-8,25,"PHOSPHATE, TOTAL AS P",12/9/2020,0.002,mg/L,U,FLAB,FCEB,MON,DI,G,TPO4,0.002,Y,A,,,,WMD,0,25.1504805,-80.8092194,,,BA,WMD,FCEB collected at station FLAB14 by CL using DI#: 7014.
FLAB14,P129938-8,25,"PHOSPHATE, TOTAL AS P",2/8/2022,0.002,mg/L,U,FLAB,FCEB,MON,DI,G,TPO4,0.002,Y,A,,,,WMD,0,25.1504805,-80.8092194,,,BA,WMD,FCEB collected thru all sampling equipment 7492
FLAB14,P139468-8,25,"PHOSPHATE, TOTAL AS P",1/30/2023,0.002,mg/L,U,FLAB,FCEB,MON,DI,G,TPO4,0.002,Y,A,,,,WMD,0,25.1504805,-80.8092194,,,BA,WMD,FCEB collected thru all sampling equipment by TT at FLAB14 using DI 7688.
FLAB14,P143129-8,25,"PHOSPHATE, TOTAL AS P",5/11/2023,0.002,mg/L,U,FLAB,FCEB,MON,DI,G,TPO4,0.002,Y,A,,,,WMD,0,25.1504805,-80.8092194,,,BA,WMD,FCEB collected thru all sampling equipment by PF at FLAB14 using DI 7762
FLAB14,P146064-8,25,"PHOSPHATE, TOTAL AS P",11/13/2023,0.002,mg/L,U,FLAB,FCEB,MON,DI,G,TPO4,0.002,Y,A,,,,WMD,0,25.1504805,-80.8092194,,,BA,WMD,FCEB collected thru all sampling equipment by CL at FLAB14 using DI 7860
FLAB14,P148342-8,25,"PHOSPHATE, TOTAL AS P",1/8/2024,0.002,mg/L,U,FLAB,FCEB,MON,DI,G,TPO4,0.002,Y,A,,,,WMD,0,25.1504805,-80.8092194,,,BA,WMD,FCEB collected thru all sampling equipment by ST at FLAB14 using DI 7913
FLAB14,P152189-8,25,"PHOSPHATE, TOTAL AS P",7/15/2024,0.002,mg/L,U,FLAB,FCEB,MON,DI,G,TPO4,0.002,Y,A,,,,WMD,0,25.1504805,-80.8092194,,,BA,WMD,FCEB collected thru all sampling equipment by RJC using DI 8031.
FLAB14,P153175-8,25,"PHOSPHATE, TOTAL AS P",9/12/2024,0.002,mg/L,U,FLAB,FCEB,MON,DI,G,TPO4,0.002,Y,A,,,,WMD,0,25.1504805,-80.8092194,,,BA,WMD,FCEB collected thru all sampling equipment using DI 8059.
FLAB14,FIU14936,25,"PHOSPHATE, TOTAL AS P",4/15/1991,0.03,mg/L,,FLAB,SAMP,MON,SA,G,TPO4,,N,A,0,,,FIU,0,25.1504805,-80.8092194,,,,FIU,
FLAB14,FIU14939,25,"PHOSPHATE, TOTAL AS P",5/15/1991,0.023,mg/L,,FLAB,SAMP,MON,SA,G,TPO4,,N,A,0,,,FIU,0,25.1504805,-80.8092194,,,,FIU,
FLAB14,FIU14940,25,"PHOSPHATE, TOTAL AS P",6/15/1991,0.031,mg/L,,FLAB,SAMP,MON,SA,G,TPO4,,N,A,0,,,FIU,0,25.1504805,-80.8092194,,,,FIU,
FLAB14,FIU14942,25,"PHOSPHATE, TOTAL AS P",7/15/1991,0.038,mg/L,,FLAB,SAMP,MON,SA,G,TPO4,,N,A,0,,,FIU,0,25.1504805,-80.8092194,,,,FIU,
FLAB14,FIU14945,25,"PHOSPHATE, TOTAL AS P",8/15/1991,0.053,mg/L,,FLAB,SAMP,MON,SA,G,TPO4,,N,A,0,,,FIU,0,25.1504805,-80.8092194,,,,FIU,
FLAB14,FIU14946,25,"PHOSPHATE, TOTAL AS P",9/15/1991,0.12,mg/L,,FLAB,SAMP,MON,SA,G,TPO4,,N,A,0,,,FIU,0,25.1504805,-80.8092194,,,,FIU,
FLAB14,FIU14949,25,"PHOSPHATE, TOTAL AS P",10/15/1991,0.13,mg/L,,FLAB,SAMP,MON,SA,G,TPO4,,N,A,0,,,FIU,0,25.1504805,-80.8092194,,,,FIU,
FLAB14,FIU14950,25,"PHOSPHATE, TOTAL AS P",11/15/1991,0.082,mg/L,,FLAB,SAMP,MON,SA,G,TPO4,,N,A,0,,,FIU,0,25.1504805,-80.8092194,,,,FIU,
FLAB14,FIU14953,25,"PHOSPHATE, TOTAL AS P",12/15/1991,0.02,mg/L,,FLAB,SAMP,MON,SA,G,TPO4,,N,A,0,,,FIU,0,25.1504805,-80.8092194,,,,FIU,
FLAB14,FIU14954,25,"PHOSPHATE, TOTAL AS P",1/15/1992,0.018,mg/L,,FLAB,SAMP,MON,SA,G,TPO4,,N,A,0,,,FIU,0,25.1504805,-80.8092194,,,,FIU,
FLAB14,FIU14956,25,"PHOSPHATE, TOTAL AS P",2/15/1992,0.021,mg/L,,FLAB,SAMP,MON,SA,G,TPO4,,N,A,0,,,FIU,0,25.1504805,-80.8092194,,,,FIU,
FLAB14,FIU14959,25,"PHOSPHATE, TOTAL AS P",3/15/1992,0.031,mg/L,,FLAB,SAMP,MON,SA,G,TPO4,,N,A,0,,,FIU,0,25.1504805,-80.8092194,,,,FIU,
FLAB14,FIU14960,25,"PHOSPHATE, TOTAL AS P",4/15/1992,0.018,mg/L,,FLAB,SAMP,MON,SA,G,TPO4,,N,A,0,,,FIU,0,25.1504805,-80.8092194,,,,FIU,
FLAB14,FIU14962,25,"PHOSPHATE, TOTAL AS P",5/15/1992,0.028,mg/L,,FLAB,SAMP,MON,SA,G,TPO4,,N,A,0,,,FIU,0,25.1504805,-80.8092194,,,,FIU,
FLAB14,FIU14964,25,"PHOSPHATE, TOTAL AS P",6/15/1992,0.026,mg/L,,FLAB,SAMP,MON,SA,G,TPO4,,N,A,0,,,FIU,0,25.1504805,-80.8092194,,,,FIU,
FLAB14,FIU14966,25,"PHOSPHATE, TOTAL AS P",7/15/1992,0.026,mg/L,,FLAB,SAMP,MON,SA,G,TPO4,,N,A,0,,,FIU,0,25.1504805,-80.8092194,,,,FIU,
FLAB14,FIU14968,25,"PHOSPHATE, TOTAL AS P",8/15/1992,0.067,mg/L,,FLAB,SAMP,MON,SA,G,TPO4,,N,A,0,,,FIU,0,25.1504805,-80.8092194,,,,FIU,
FLAB14,FIU14971,25,"PHOSPHATE, TOTAL AS P",9/15/1992,0.097,mg/L,,FLAB,SAMP,MON,SA,G,TPO4,,N,A,0,,,FIU,0,25.1504805,-80.8092194,,,,FIU,
FLAB14,FIU14973,25,"PHOSPHATE, TOTAL AS P",10/15/1992,0.024,mg/L,,FLAB,SAMP,MON,SA,G,TPO4,,N,A,0,,,FIU,0,25.1504805,-80.8092194,,,,FIU,
FLAB14,FIU14975,25,"PHOSPHATE, TOTAL AS P",11/15/1992,0.055,mg/L,,FLAB,SAMP,MON,SA,G,TPO4,,N,A,0,,,FIU,0,25.1504805,-80.8092194,,,,FIU,
FLAB14,FIU14977,25,"PHOSPHATE, TOTAL AS P",12/15/1992,0.045,mg/L,,FLAB,SAMP,MON,SA,G,TPO4,,N,A,0,,,FIU,0,25.1504805,-80.8092194,,,,FIU,
FLAB14,FIU14978,25,"PHOSPHATE, TOTAL AS P",1/21/1993,0.022,mg/L,,FLAB,SAMP,MON,SA,G,TPO4,,N,A,0,,,FIU,0,25.1504805,-80.8092194,,,,FIU,
FLAB14,FIU14979,25,"PHOSPHATE, TOTAL AS P",2/10/1993,0.018,mg/L,,FLAB,SAMP,MON,SA,G,TPO4,,N,A,0,,,FIU,0,25.1504805,-80.8092194,,,,FIU,
FLAB14,FIU14980,25,"PHOSPHATE, TOTAL AS P",3/10/1993,0.015,mg/L,,FLAB,SAMP,MON,SA,G,TPO4,,N,A,0,,,FIU,0,25.1504805,-80.8092194,,,,FIU,
FLAB14,FIU14981,25,"PHOSPHATE, TOTAL AS P",4/7/1993,0.018,mg/L,,FLAB,SAMP,MON,SA,G,TPO4,,N,A,0,,,FIU,0,25.1504805,-80.8092194,,,,FIU,
FLAB14,FIU14982,25,"PHOSPHATE, TOTAL AS P",5/12/1993,0.03,mg/L,,FLAB,SAMP,MON,SA,G,TPO4,,N,A,0,,,FIU,0,25.1504805,-80.8092194,,,,FIU,
FLAB14,FIU14983,25,"PHOSPHATE, TOTAL AS P",6/3/1993,0.051,mg/L,,FLAB,SAMP,MON,SA,G,TPO4,,N,A,0,,,FIU,0,25.1504805,-80.8092194,,,,FIU,
FLAB14,FIU14984,25,"PHOSPHATE, TOTAL AS P",7/7/1993,0.032,mg/L,,FLAB,SAMP,MON,SA,G,TPO4,,N,A,0,,,FIU,0,25.1504805,-80.8092194,,,,FIU,
FLAB14,FIU14985,25,"PHOSPHATE, TOTAL AS P",8/4/1993,0.012,mg/L,,FLAB,SAMP,MON,SA,G,TPO4,,N,A,0,,,FIU,0,25.1504805,-80.8092194,,,,FIU,
FLAB14,FIU14986,25,"PHOSPHATE, TOTAL AS P",9/9/1993,0.008,mg/L,,FLAB,SAMP,MON,SA,G,TPO4,,N,A,0,,,FIU,0,25.1504805,-80.8092194,,,,FIU,
FLAB14,FIU14987,25,"PHOSPHATE, TOTAL AS P",10/6/1993,0.047,mg/L,,FLAB,SAMP,MON,SA,G,TPO4,,N,A,0,,,FIU,0,25.1504805,-80.8092194,,,,FIU,
FLAB14,FIU14988,25,"PHOSPHATE, TOTAL AS P",11/3/1993,0.077,mg/L,,FLAB,SAMP,MON,SA,G,TPO4,,N,A,0,,,FIU,0,25.1504805,-80.8092194,,,,FIU,
FLAB14,FIU14989,25,"PHOSPHATE, TOTAL AS P",12/2/1993,0.067,mg/L,,FLAB,SAMP,MON,SA,G,TPO4,,N,A,0,,,FIU,0,25.1504805,-80.8092194,,,,FIU,
FLAB14,FIU14990,25,"PHOSPHATE, TOTAL AS P",1/11/1994,0.044,mg/L,,FLAB,SAMP,MON,SA,G,TPO4,,N,A,0,,,FIU,0,25.1504805,-80.8092194,,,,FIU,
FLAB14,FIU14991,25,"PHOSPHATE, TOTAL AS P",2/2/1994,0.072,mg/L,,FLAB,SAMP,MON,SA,G,TPO4,,N,A,0,,,FIU,0,25.1504805,-80.8092194,,,,FIU,
FLAB14,FIU14992,25,"PHOSPHATE, TOTAL AS P",3/8/1994,0.017,mg/L,,FLAB,SAMP,MON,SA,G,TPO4,,N,A,0,,,FIU,0,25.1504805,-80.8092194,,,,FIU,
FLAB14,FIU14993,25,"PHOSPHATE, TOTAL AS P",4/6/1994,0.0051,mg/L,A,FLAB,SAMP,MON,SA,G,TPO4,,N,A,0,,,FIU,0,25.1504805,-80.8092194,,,,FIU,
FLAB14,FIU14995,25,"PHOSPHATE, TOTAL AS P",5/4/1994,0.006,mg/L,A,FLAB,SAMP,MON,SA,G,TPO4,,N,A,0,,,FIU,0,25.1504805,-80.8092194,,,,FIU,
FLAB14,FIU14997,25,"PHOSPHATE, TOTAL AS P",6/8/1994,0.0138,mg/L,A,FLAB,SAMP,MON,SA,G,TPO4,,N,A,0,,,FIU,0,25.1504805,-80.8092194,,,,FIU,
FLAB14,FIU14999,25,"PHOSPHATE, TOTAL AS P",7/7/1994,0.0295,mg/L,A,FLAB,SAMP,MON,SA,G,TPO4,,N,A,0,,,FIU,0,25.1504805,-80.8092194,,,,FIU,
FLAB14,FIU15001,25,"PHOSPHATE, TOTAL AS P",8/4/1994,0.0476,mg/L,A,FLAB,SAMP,MON,SA,G,TPO4,,N,A,0,,,FIU,0,25.1504805,-80.8092194,,,,FIU,
FLAB14,FIU15003,25,"PHOSPHATE, TOTAL AS P",9/14/1994,0.0346,mg/L,A,FLAB,SAMP,MON,SA,G,TPO4,,N,A,0,,,FIU,0,25.1504805,-80.8092194,,,,FIU,
FLAB14,FIU15005,25,"PHOSPHATE, TOTAL AS P",10/5/1994,0.0705,mg/L,A,FLAB,SAMP,MON,SA,G,TPO4,,N,A,0,,,FIU,0,25.1504805,-80.8092194,,,,FIU,
FLAB14,FIU15007,25,"PHOSPHATE, TOTAL AS P",11/2/1994,0.0687,mg/L,A,FLAB,SAMP,MON,SA,G,TPO4,,N,A,0,,,FIU,0,25.1504805,-80.8092194,,,,FIU,
FLAB14,FIU15009,25,"PHOSPHATE, TOTAL AS P",11/22/1994,0.0484,mg/L,A,FLAB,SAMP,MON,SA,G,TPO4,,N,A,0,,,FIU,0,25.1504805,-80.8092194,,,,FIU,
FLAB14,FIU15011,25,"PHOSPHATE, TOTAL AS P",12/1/1994,0.0352,mg/L,A,FLAB,SAMP,MON,SA,G,TPO4,,N,A,0,,,FIU,0,25.1504805,-80.8092194,,,,FIU,
FLAB14,FIU15013,25,"PHOSPHATE, TOTAL AS P",1/5/1995,0.0306,mg/L,,FLAB,SAMP,MON,SA,G,TPO4,,N,A,0,,,FIU,0,25.1504805,-80.8092194,,,,FIU,
FLAB14,FIU15015,25,"PHOSPHATE, TOTAL AS P",2/2/1995,0.0191,mg/L,,FLAB,SAMP,MON,SA,G,TPO4,,N,A,0,,,FIU,0,25.1504805,-80.8092194,,,,FIU,
FLAB14,FIU15017,25,"PHOSPHATE, TOTAL AS P",3/1/1995,0.0808,mg/L,,FLAB,SAMP,MON,SA,G,TPO4,,N,A,0,,,FIU,0,25.1504805,-80.8092194,,,,FIU,
FLAB14,FIU15019,25,"PHOSPHATE, TOTAL AS P",4/19/1995,0.0285,mg/L,,FLAB,SAMP,MON,SA,G,TPO4,,N,A,0,,,FIU,0,25.1504805,-80.8092194,,,,FIU,
FLAB14,FIU15021,25,"PHOSPHATE, TOTAL AS P",5/24/1995,0.0109,mg/L,,FLAB,SAMP,MON,SA,G,TPO4,,N,A,0,,,FIU,0,25.1504805,-80.8092194,,,,FIU,
FLAB14,FIU15023,25,"PHOSPHATE, TOTAL AS P",6/21/1995,0.0636,mg/L,,FLAB,SAMP,MON,SA,G,TPO4,,N,A,0,,,FIU,0,25.1504805,-80.8092194,,,,FIU,
FLAB14,FIU15025,25,"PHOSPHATE, TOTAL AS P",7/12/1995,0.0158,mg/L,,FLAB,SAMP,MON,SA,G,TPO4,,N,A,0,,,FIU,0,25.1504805,-80.8092194,,,,FIU,
FLAB14,FIU15027,25,"PHOSPHATE, TOTAL AS P",8/11/1995,0.0479,mg/L,Q,FLAB,SAMP,MON,SA,G,TPO4,,N,A,0,,,FIU,0,25.1504805,-80.8092194,,,,FIU,
FLAB14,FIU15029,25,"PHOSPHATE, TOTAL AS P",9/6/1995,0.0236,mg/L,,FLAB,SAMP,MON,SA,G,TPO4,,N,A,0,,,FIU,0,25.1504805,-80.8092194,,,,FIU,
FLAB14,FIU15031,25,"PHOSPHATE, TOTAL AS P",10/22/1995,0.0199,mg/L,,FLAB,SAMP,MON,SA,G,TPO4,,N,A,0,,,FIU,0,25.1504805,-80.8092194,,,,FIU,
FLAB14,FIU15033,25,"PHOSPHATE, TOTAL AS P",11/17/1995,0.057,mg/L,,FLAB,SAMP,MON,SA,G,TPO4,,N,A,0,,,FIU,0,25.1504805,-80.8092194,,,,FIU,
FLAB14,FIU15035,25,"PHOSPHATE, TOTAL AS P",12/14/1995,0.0317,mg/L,,FLAB,SAMP,MON,SA,G,TPO4,,N,A,0,,,FIU,0,25.1504805,-80.8092194,,,,FIU,
FLAB14,FIU15037,25,"PHOSPHATE, TOTAL AS P",1/23/1996,0.0366,mg/L,,FLAB,SAMP,MON,SA,G,TPO4,,N,A,0,,,FIU,0,25.1504805,-80.8092194,,,,FIU,
FLAB14,FIU15039,25,"PHOSPHATE, TOTAL AS P",2/12/1996,0.022,mg/L,,FLAB,SAMP,MON,SA,G,TPO4,,N,A,0,,,FIU,0,25.1504805,-80.8092194,,,,FIU,
FLAB14,FIU15041,25,"PHOSPHATE, TOTAL AS P",3/22/1996,0.0177,mg/L,,FLAB,SAMP,MON,SA,G,TPO4,,N,A,0,,,FIU,0,25.1504805,-80.8092194,,,,FIU,
FLAB14,FIU15043,25,"PHOSPHATE, TOTAL AS P",4/25/1996,0.0211,mg/L,,FLAB,SAMP,MON,SA,G,TPO4,,N,A,0,,,FIU,0,25.1504805,-80.8092194,,,,FIU,
FLAB14,FIU15045,25,"PHOSPHATE, TOTAL AS P",5/10/1996,0.0823,mg/L,,FLAB,SAMP,MON,SA,G,TPO4,,N,A,0,,,FIU,0,25.1504805,-80.8092194,,,,FIU,
FLAB14,FIU15047,25,"PHOSPHATE, TOTAL AS P",6/6/1996,0.0392,mg/L,,FLAB,SAMP,MON,SA,G,TPO4,,N,A,0,,,FIU,0,25.1504805,-80.8092194,,,,FIU,
FLAB14,FIU15049,25,"PHOSPHATE, TOTAL AS P",7/4/1996,0.015,mg/L,,FLAB,SAMP,MON,SA,G,TPO4,,N,A,0.1,,,FIU,0,25.1504805,-80.8092194,,,,FIU,
FLAB14,FIU15051,25,"PHOSPHATE, TOTAL AS P",8/22/1996,0.0384,mg/L,,FLAB,SAMP,MON,SA,G,TPO4,,N,A,0.1,,,FIU,0,25.1504805,-80.8092194,,,,FIU,
FLAB14,FIU15053,25,"PHOSPHATE, TOTAL AS P",9/14/1996,0.0115,mg/L,,FLAB,SAMP,MON,SA,G,TPO4,,N,A,0.1,,,FIU,0,25.1504805,-80.8092194,,,,FIU,
FLAB14,FIU15055,25,"PHOSPHATE, TOTAL AS P",10/15/1996,0.0307,mg/L,,FLAB,SAMP,MON,SA,G,TPO4,,N,A,0.1,,,FIU,0,25.1504805,-80.8092194,,,,FIU,
FLAB14,FIU15057,25,"PHOSPHATE, TOTAL AS P",11/7/1996,0.0151,mg/L,,FLAB,SAMP,MON,SA,G,TPO4,,N,A,0.1,,,FIU,0,25.1504805,-80.8092194,,,,FIU,
FLAB14,FIU15059,25,"PHOSPHATE, TOTAL AS P",12/6/1996,0.0245,mg/L,,FLAB,SAMP,MON,SA,G,TPO4,,N,A,0.1,,,FIU,0,25.1504805,-80.8092194,,,,FIU,
FLAB14,FIU15061,25,"PHOSPHATE, TOTAL AS P",1/8/1997,0.0504,mg/L,,FLAB,SAMP,MON,SA,G,TPO4,,N,A,0.1,,,FIU,0,25.1504805,-80.8092194,,,,FIU,
FLAB14,FIU15063,25,"PHOSPHATE, TOTAL AS P",2/15/1997,0.0206,mg/L,,FLAB,SAMP,MON,SA,G,TPO4,,N,A,0.1,,,FIU,0,25.1504805,-80.8092194,,,,FIU,
FLAB14,FIU15065,25,"PHOSPHATE, TOTAL AS P",3/12/1997,0.0335,mg/L,,FLAB,SAMP,MON,SA,G,TPO4,,N,A,0.1,,,FIU,0,25.1504805,-80.8092194,,,,FIU,
FLAB14,FIU15067,25,"PHOSPHATE, TOTAL AS P",4/16/1997,0.015,mg/L,,FLAB,SAMP,MON,SA,G,TPO4,,N,A,0.1,,,FIU,0,25.1504805,-80.8092194,,,,FIU,
FLAB14,FIU15069,25,"PHOSPHATE, TOTAL AS P",5/22/1997,0.0146,mg/L,,FLAB,SAMP,MON,SA,G,TPO4,,N,A,0.1,,,FIU,0,25.1504805,-80.8092194,,,,FIU,
FLAB14,FIU15071,25,"PHOSPHATE, TOTAL AS P",6/12/1997,0.0113,mg/L,,FLAB,SAMP,MON,SA,G,TPO4,,N,A,0.1,,,FIU,0,25.1504805,-80.8092194,,,,FIU,
FLAB14,FIU15073,25,"PHOSPHATE, TOTAL AS P",7/10/1997,0.0229,mg/L,,FLAB,SAMP,MON,SA,G,TPO4,,N,A,0.1,,,FIU,0,25.1504805,-80.8092194,,,,FIU,
FLAB14,FIU15074,25,"PHOSPHATE, TOTAL AS P",8/20/1997,0.0363,mg/L,,FLAB,SAMP,MON,SA,G,TPO4,,N,A,0.1,,,FIU,0,25.1504805,-80.8092194,,,,FIU,
FLAB14,FIU15076,25,"PHOSPHATE, TOTAL AS P",9/10/1997,0.0255,mg/L,,FLAB,SAMP,MON,SA,G,TPO4,,N,A,0.1,,,FIU,0,25.1504805,-80.8092194,,,,FIU,
FLAB14,FIU15078,25,"PHOSPHATE, TOTAL AS P",10/21/1997,0.0377,mg/L,,FLAB,SAMP,MON,SA,G,TPO4,,N,A,0.1,,,FIU,0,25.1504805,-80.8092194,,,,FIU,
FLAB14,FIU15080,25,"PHOSPHATE, TOTAL AS P",11/25/1997,0.0264,mg/L,,FLAB,SAMP,MON,SA,G,TPO4,,N,A,0.1,,,FIU,0,25.1504805,-80.8092194,,,,FIU,
FLAB14,FIU15082,25,"PHOSPHATE, TOTAL AS P",12/12/1997,0.015,mg/L,,FLAB,SAMP,MON,SA,G,TPO4,,N,A,0.1,,,FIU,0,25.1504805,-80.8092194,,,,FIU,
FLAB14,FIU15084,25,"PHOSPHATE, TOTAL AS P",1/21/1998,0.0174,mg/L,,FLAB,SAMP,MON,SA,G,TPO4,,N,A,0.1,,,FIU,0,25.1504805,-80.8092194,,,,FIU,
FLAB14,FIU15086,25,"PHOSPHATE, TOTAL AS P",2/18/1998,0.0213,mg/L,,FLAB,SAMP,MON,SA,G,TPO4,,N,A,0.1,,,FIU,0,25.1504805,-80.8092194,,,,FIU,
FLAB14,FIU15088,25,"PHOSPHATE, TOTAL AS P",3/20/1998,0.0379,mg/L,,FLAB,SAMP,MON,SA,G,TPO4,,N,A,0.1,,,FIU,0,25.1504805,-80.8092194,,,,FIU,
FLAB14,FIU15090,25,"PHOSPHATE, TOTAL AS P",4/15/1998,0.0171,mg/L,,FLAB,SAMP,MON,SA,G,TPO4,,N,A,0.1,,,FIU,0,25.1504805,-80.8092194,,,,FIU,
FLAB14,FIU15092,25,"PHOSPHATE, TOTAL AS P",5/14/1998,0.0163,mg/L,,FLAB,SAMP,MON,SA,G,TPO4,,N,A,0.1,,,FIU,0,25.1504805,-80.8092194,,,,FIU,
FLAB14,FIU15094,25,"PHOSPHATE, TOTAL AS P",6/10/1998,0.0119,mg/L,,FLAB,SAMP,MON,SA,G,TPO4,,N,A,0.1,,,FIU,0,25.1504805,-80.8092194,,,,FIU,
FLAB14,FIU15096,25,"PHOSPHATE, TOTAL AS P",7/14/1998,0.0084,mg/L,,FLAB,SAMP,MON,SA,G,TPO4,,N,A,0.1,,,FIU,0,25.1504805,-80.8092194,,,,FIU,
FLAB14,FIU15098,25,"PHOSPHATE, TOTAL AS P",8/19/1998,0.0309,mg/L,,FLAB,SAMP,MON,SA,G,TPO4,,N,A,0.1,,,FIU,0,25.1504805,-80.8092194,,,,FIU,
FLAB14,FIU15100,25,"PHOSPHATE, TOTAL AS P",9/17/1998,0.0262,mg/L,,FLAB,SAMP,MON,SA,G,TPO4,,N,A,0.1,,,FIU,0,25.1504805,-80.8092194,,,,FIU,
FLAB14,FIU15102,25,"PHOSPHATE, TOTAL AS P",9/30/1998,0.0345,mg/L,,FLAB,SAMP,MON,SA,G,TPO4,,N,A,0.1,,,FIU,0,25.1504805,-80.8092194,,,,FIU,
FLAB14,FIU15104,25,"PHOSPHATE, TOTAL AS P",11/3/1998,0.0177,mg/L,,FLAB,SAMP,MON,SA,G,TPO4,,N,A,0.1,,,FIU,0,25.1504805,-80.8092194,,,,FIU,
FLAB14,FIU15106,25,"PHOSPHATE, TOTAL AS P",12/1/1998,0.0403,mg/L,,FLAB,SAMP,MON,SA,G,TPO4,,N,A,0.1,,,FIU,0,25.1504805,-80.8092194,,,,FIU,
FLAB14,FIU15108,25,"PHOSPHATE, TOTAL AS P",1/14/1999,0.0248,mg/L,,FLAB,SAMP,MON,SA,G,TPO4,,N,A,0.1,,,FIU,0,25.1504805,-80.8092194,,,,FIU,
FLAB14,FIU15110,25,"PHOSPHATE, TOTAL AS P",2/10/1999,0.0095,mg/L,J,FLAB,SAMP,MON,SA,G,TPO4,,N,A,0.1,,,FIU,0,25.1504805,-80.8092194,,,,FIU,
FLAB14,FIU15112,25,"PHOSPHATE, TOTAL AS P",3/23/1999,0.011,mg/L,,FLAB,SAMP,MON,SA,G,TPO4,,N,A,0.1,,,FIU,0,25.1504805,-80.8092194,,,,FIU,
FLAB14,FIU15114,25,"PHOSPHATE, TOTAL AS P",4/29/1999,0.0271,mg/L,,FLAB,SAMP,MON,SA,G,TPO4,,N,A,0.1,,,FIU,0,25.1504805,-80.8092194,,,,FIU,
FLAB14,FIU15116,25,"PHOSPHATE, TOTAL AS P",5/28/1999,0.016,mg/L,,FLAB,SAMP,MON,SA,G,TPO4,,N,A,0.1,,,FIU,0,25.1504805,-80.8092194,,,,FIU,
FLAB14,FIU15118,25,"PHOSPHATE, TOTAL AS P",6/17/1999,0.0183,mg/L,,FLAB,SAMP,MON,SA,G,TPO4,,N,A,0.1,,,FIU,0,25.1504805,-80.8092194,,,,FIU,
FLAB14,FIU15120,25,"PHOSPHATE, TOTAL AS P",7/6/1999,0.0289,mg/L,,FLAB,SAMP,MON,SA,G,TPO4,0.0003,N,A,0.1,,,FIU,0,25.1504805,-80.8092194,,,,FIU,
FLAB14,FIU15122,25,"PHOSPHATE, TOTAL AS P",8/24/1999,0.0281,mg/L,,FLAB,SAMP,MON,SA,G,TPO4,0.0003,N,A,0.1,,,FIU,0,25.1504805,-80.8092194,,,,FIU,
FLAB14,FIU15124,25,"PHOSPHATE, TOTAL AS P",9/23/1999,0.0231,mg/L,,FLAB,SAMP,MON,SA,G,TPO4,0.00031,N,A,0.1,,,FIU,0,25.1504805,-80.8092194,,,,FIU,
FLAB14,FIU15126,25,"PHOSPHATE, TOTAL AS P",10/26/1999,0.0349,mg/L,,FLAB,SAMP,MON,SA,G,TPO4,0.00031,N,A,0.1,,,FIU,0,25.1504805,-80.8092194,,,,FIU,
FLAB14,FIU15128,25,"PHOSPHATE, TOTAL AS P",11/12/1999,0.0703,mg/L,,FLAB,SAMP,MON,SA,G,TPO4,0.00031,N,A,0.1,,,FIU,0,25.1504805,-80.8092194,,,,FIU,
FLAB14,FIU15130,25,"PHOSPHATE, TOTAL AS P",12/3/1999,0.044,mg/L,,FLAB,SAMP,MON,SA,G,TPO4,0.00031,N,A,0.1,,,FIU,0,25.1504805,-80.8092194,,,,FIU,
FLAB14,FIU15132,25,"PHOSPHATE, TOTAL AS P",1/25/2000,0.0493,mg/L,,FLAB,SAMP,MON,SA,G,TPO4,0.00031,N,A,0.1,,,FIU,0,25.1504805,-80.8092194,,,,FIU,
FLAB14,FIU15134,25,"PHOSPHATE, TOTAL AS P",2/28/2000,0.0207,mg/L,,FLAB,SAMP,MON,SA,G,TPO4,0.00031,N,A,0.1,,,FIU,0,25.1504805,-80.8092194,,,,FIU,
FLAB14,FIU15136,25,"PHOSPHATE, TOTAL AS P",3/21/2000,0.0597,mg/L,,FLAB,SAMP,MON,SA,G,TPO4,0.00031,N,A,0.1,,,FIU,0,25.1504805,-80.8092194,,,,FIU,
FLAB14,FIU15138,25,"PHOSPHATE, TOTAL AS P",4/13/2000,0.0344,mg/L,,FLAB,SAMP,MON,SA,G,TPO4,0.00031,N,A,0.1,,,FIU,0,25.1504805,-80.8092194,,,,FIU,
FLAB14,FIU15140,25,"PHOSPHATE, TOTAL AS P",5/30/2000,0.0175,mg/L,,FLAB,SAMP,MON,SA,G,TPO4,0.00031,N,A,0.1,,,FIU,0,25.1504805,-80.8092194,,,,FIU,
FLAB14,FIU15142,25,"PHOSPHATE, TOTAL AS P",6/20/2000,0.0173,mg/L,,FLAB,SAMP,MON,SA,G,TPO4,0.00031,N,A,0.1,,,FIU,0,25.1504805,-80.8092194,,,,FIU,
FLAB14,FIU15144,25,"PHOSPHATE, TOTAL AS P",7/20/2000,0.0182,mg/L,,FLAB,SAMP,MON,SA,G,TPO4,0.0003,N,A,0.1,,,FIU,0,25.1504805,-80.8092194,,,,FIU,
FLAB14,FIU15146,25,"PHOSPHATE, TOTAL AS P",8/29/2000,0.0247,mg/L,,FLAB,SAMP,MON,SA,G,TPO4,0.0003,N,A,0.1,,,FIU,0,25.1504805,-80.8092194,,,,FIU,
FLAB14,FIU15148,25,"PHOSPHATE, TOTAL AS P",9/29/2000,0.0274,mg/L,,FLAB,SAMP,MON,SA,G,TPO4,0.0003,N,A,0.1,,,FIU,0,25.1504805,-80.8092194,,,,FIU,
FLAB14,FIU15150,25,"PHOSPHATE, TOTAL AS P",10/26/2000,0.0282,mg/L,,FLAB,SAMP,MON,SA,G,TPO4,0.0003,N,A,0.1,,,FIU,0,25.1504805,-80.8092194,,,,FIU,
FLAB14,FIU15152,25,"PHOSPHATE, TOTAL AS P",11/30/2000,0.0393,mg/L,,FLAB,SAMP,MON,SA,G,TPO4,0.0003,N,A,0.1,,,FIU,0,25.1504805,-80.8092194,,,,FIU,
FLAB14,FIU15154,25,"PHOSPHATE, TOTAL AS P",12/11/2000,0.0629,mg/L,,FLAB,SAMP,MON,SA,G,TPO4,0.0003,N,A,0.1,,,FIU,0,25.1504805,-80.8092194,,,,FIU,
FLAB14,FIU15156,25,"PHOSPHATE, TOTAL AS P",1/25/2001,0.0309,mg/L,,FLAB,SAMP,MON,SA,G,TPO4,0.0003,N,A,0.1,,,FIU,0,25.1504805,-80.8092194,,,,FIU,
FLAB14,FIU15158,25,"PHOSPHATE, TOTAL AS P",2/21/2001,0.0186,mg/L,,FLAB,SAMP,MON,SA,G,TPO4,0.0003,N,A,0.1,,,FIU,0,25.1504805,-80.8092194,,,,FIU,
FLAB14,FIU15160,25,"PHOSPHATE, TOTAL AS P",3/6/2001,0.0338,mg/L,,FLAB,SAMP,MON,SA,G,TPO4,0.0003,N,A,0.1,,,FIU,0,25.1504805,-80.8092194,,,,FIU,
FLAB14,FIU15162,25,"PHOSPHATE, TOTAL AS P",4/3/2001,0.0135,mg/L,,FLAB,SAMP,MON,SA,G,TPO4,0.0003,N,A,0.1,,,FIU,0,25.1504805,-80.8092194,,,,FIU,
FLAB14,FIU15164,25,"PHOSPHATE, TOTAL AS P",5/2/2001,0.0082,mg/L,,FLAB,SAMP,MON,SA,G,TPO4,0.0003,N,A,0.1,,,FIU,0,25.1504805,-80.8092194,,,,FIU,
FLAB14,FIU110784,25,"PHOSPHATE, TOTAL AS P",6/5/2001,0.0095,mg/L,,FLAB,SAMP,MON,SA,G,TPO4,0.0003,N,A,0.1,,,FIU,0,25.1504805,-80.8092194,,,,FIU,
FLAB14,FIU15166,25,"PHOSPHATE, TOTAL AS P",7/12/2001,0.0105,mg/L,,FLAB,SAMP,MON,SA,G,TPO4,0.0003,N,A,0.1,,,FIU,0,25.1504805,-80.8092194,,,,FIU,
FLAB14,FIU15168,25,"PHOSPHATE, TOTAL AS P",8/14/2001,0.0212,mg/L,,FLAB,SAMP,MON,SA,G,TPO4,0.0003,N,A,0.1,,,FIU,0,25.1504805,-80.8092194,,,,FIU,
FLAB14,FIU15170,25,"PHOSPHATE, TOTAL AS P",9/5/2001,0.0121,mg/L,,FLAB,SAMP,MON,SA,G,TPO4,0.0003,N,A,0.1,,,FIU,0,25.1504805,-80.8092194,,,,FIU,
FLAB14,FIU110486,25,"PHOSPHATE, TOTAL AS P",10/23/2001,0.0106,mg/L,,FLAB,SAMP,MON,SA,G,TPO4,0.0003,N,A,0.1,,,FIU,0,25.1504805,-80.8092194,,,,FIU,
FLAB14,FIU110488,25,"PHOSPHATE, TOTAL AS P",11/8/2001,0.0082,mg/L,,FLAB,SAMP,MON,SA,G,TPO4,0.0003,N,A,0.1,,,FIU,0,25.1504805,-80.8092194,,,,FIU,
FLAB14,FIU110490,25,"PHOSPHATE, TOTAL AS P",12/3/2001,0.018,mg/L,,FLAB,SAMP,MON,SA,G,TPO4,0.0003,N,A,0.1,,,FIU,0,25.1504805,-80.8092194,,,,FIU,
FLAB14,FIU113118,25,"PHOSPHATE, TOTAL AS P",1/29/2002,0.0172,mg/L,,FLAB,SAMP,MON,SA,G,TPO4,0.0003,N,A,0.1,,,FIU,0,25.1504805,-80.8092194,,,,FIU,
FLAB14,FIU113120,25,"PHOSPHATE, TOTAL AS P",2/20/2002,0.0143,mg/L,,FLAB,SAMP,MON,SA,G,TPO4,0.0003,N,A,0.1,,,FIU,0,25.1504805,-80.8092194,,,,FIU,
FLAB14,FIU113122,25,"PHOSPHATE, TOTAL AS P",3/19/2002,0.0127,mg/L,,FLAB,SAMP,MON,SA,G,TPO4,0.0003,N,A,0.1,,,FIU,0,25.1504805,-80.8092194,,,,FIU,
FLAB14,134014,25,"PHOSPHATE, TOTAL AS P",4/9/2002,0.0155,mg/L,,FLAB,SAMP,MON,SA,G,TPO4,0.0003,N,A,0.1,,,FIU,0,25.1504805,-80.8092194,,,,FIU,
FLAB14,135014,25,"PHOSPHATE, TOTAL AS P",5/15/2002,0.0178,mg/L,,FLAB,SAMP,MON,SA,G,TPO4,0.0003,N,A,0.1,,,FIU,0,25.1504805,-80.8092194,,,,FIU,
FLAB14,136014,25,"PHOSPHATE, TOTAL AS P",6/4/2002,0.0071,mg/L,,FLAB,SAMP,MON,SA,G,TPO4,0.0003,N,A,0.1,,,FIU,0,25.1504805,-80.8092194,,,,FIU,
FLAB14,137014,25,"PHOSPHATE, TOTAL AS P",7/11/2002,0.0334,mg/L,,FLAB,SAMP,MON,SA,G,TPO4,0.0003,N,A,0.1,,,FIU,0,25.1504805,-80.8092194,,,,FIU,
FLAB14,138014,25,"PHOSPHATE, TOTAL AS P",8/19/2002,0.0239,mg/L,,FLAB,SAMP,MON,SA,G,TPO4,0.0003,N,A,0.1,,,FIU,0,25.1504805,-80.8092194,,,,FIU,
FLAB14,139014,25,"PHOSPHATE, TOTAL AS P",9/17/2002,0.0356,mg/L,,FLAB,SAMP,MON,SA,G,TPO4,0.0003,N,A,0.1,,,FIU,0,25.1504805,-80.8092194,,,,FIU,
FLAB14,140014,25,"PHOSPHATE, TOTAL AS P",10/17/2002,0.0186,mg/L,,FLAB,SAMP,MON,SA,G,TPO4,0.0003,N,A,0.1,,,FIU,0,25.1504805,-80.8092194,,,,FIU,
FLAB14,141014,25,"PHOSPHATE, TOTAL AS P",11/14/2002,0.0279,mg/L,,FLAB,SAMP,MON,SA,G,TPO4,0.0003,N,A,0.1,,,FIU,0,25.1504805,-80.8092194,,,,FIU,
FLAB14,142014,25,"PHOSPHATE, TOTAL AS P",12/11/2002,0.0173,mg/L,,FLAB,SAMP,MON,SA,G,TPO4,0.0003,N,A,0.1,,,FIU,0,25.1504805,-80.8092194,,,,FIU,
FLAB14,143014,25,"PHOSPHATE, TOTAL AS P",1/28/2003,0.0084,mg/L,,FLAB,SAMP,MON,SA,G,TPO4,0.0003,N,A,0.1,,,FIU,0,25.1504805,-80.8092194,,,,FIU,
FLAB14,144014,25,"PHOSPHATE, TOTAL AS P",2/25/2003,0.0133,mg/L,,FLAB,SAMP,MON,SA,G,TPO4,0.0003,N,A,0.1,,,FIU,0,25.1504805,-80.8092194,,,,FIU,
FLAB14,145014,25,"PHOSPHATE, TOTAL AS P",3/13/2003,0.0074,mg/L,,FLAB,SAMP,MON,SA,G,TPO4,0.0003,N,A,0.1,,,FIU,0,25.1504805,-80.8092194,,,,FIU,
FLAB14,146014,25,"PHOSPHATE, TOTAL AS P",4/9/2003,0.0084,mg/L,,FLAB,SAMP,MON,SA,G,TPO4,0.0003,N,A,0.1,,,FIU,0,25.1504805,-80.8092194,,,,FIU,
FLAB14,147014,25,"PHOSPHATE, TOTAL AS P",5/8/2003,0.0071,mg/L,,FLAB,SAMP,MON,SA,G,TPO4,0.0003,N,A,0.1,,,FIU,0,25.1504805,-80.8092194,,,,FIU,
FLAB14,148014,25,"PHOSPHATE, TOTAL AS P",6/10/2003,0.0109,mg/L,,FLAB,SAMP,MON,SA,G,TPO4,0.0003,N,A,0.1,,,FIU,0,25.1504805,-80.8092194,,,,FIU,
FLAB14,149014,25,"PHOSPHATE, TOTAL AS P",7/1/2003,0.023,mg/L,,FLAB,SAMP,MON,SA,G,TPO4,0.0003,N,A,0.1,,,FIU,0,25.1504805,-80.8092194,,,,FIU,
FLAB14,150014,25,"PHOSPHATE, TOTAL AS P",8/25/2003,0.0224,mg/L,,FLAB,SAMP,MON,SA,G,TPO4,0.0003,N,A,0.1,,,FIU,0,25.1504805,-80.8092194,,,,FIU,
FLAB14,151014,25,"PHOSPHATE, TOTAL AS P",9/9/2003,0.0121,mg/L,,FLAB,SAMP,MON,SA,G,TPO4,0.0003,N,A,0.1,,,FIU,0,25.1504805,-80.8092194,,,,FIU,
FLAB14,152014,25,"PHOSPHATE, TOTAL AS P",10/15/2003,0.0078,mg/L,,FLAB,SAMP,MON,SA,G,TPO4,0.0003,N,A,0.1,,,FIU,0,25.1504805,-80.8092194,,,,FIU,
FLAB14,153014,25,"PHOSPHATE, TOTAL AS P",11/7/2003,0.0254,mg/L,,FLAB,SAMP,MON,SA,G,TPO4,0.0003,N,A,0.1,,,FIU,0,25.1504805,-80.8092194,,,,FIU,
FLAB14,154014,25,"PHOSPHATE, TOTAL AS P",12/3/2003,0.0207,mg/L,,FLAB,SAMP,MON,SA,G,TPO4,0.0003,N,A,0.1,,,FIU,0,25.1504805,-80.8092194,,,,FIU,
FLAB14,155014,25,"PHOSPHATE, TOTAL AS P",1/21/2004,0.0103,mg/L,,FLAB,SAMP,MON,SA,G,TPO4,0.0006,N,A,0.1,,,FIU,0,25.1504805,-80.8092194,,,,FIU,
FLAB14,156014,25,"PHOSPHATE, TOTAL AS P",2/24/2004,0.0075,mg/L,,FLAB,SAMP,MON,SA,G,TPO4,0.0006,N,A,0.1,,,FIU,0,25.1504805,-80.8092194,,,,FIU,
FLAB14,157014,25,"PHOSPHATE, TOTAL AS P",3/23/2004,0.0154,mg/L,,FLAB,SAMP,MON,SA,G,TPO4,0.0006,N,A,0.1,,,FIU,0,25.1504805,-80.8092194,,,,FIU,
FLAB14,158014,25,"PHOSPHATE, TOTAL AS P",4/21/2004,0.0078,mg/L,,FLAB,SAMP,MON,SA,G,TPO4,0.0006,N,A,0.1,,,FIU,0,25.1504805,-80.8092194,,,,WMD,
FLAB14,159014,25,"PHOSPHATE, TOTAL AS P",5/21/2004,0.0081,mg/L,,FLAB,SAMP,MON,SA,G,TPO4,0.0006,N,A,0.1,,,FIU,0,25.1504805,-80.8092194,,,,FIU,
FLAB14,160014,25,"PHOSPHATE, TOTAL AS P",6/28/2004,0.0059,mg/L,,FLAB,SAMP,MON,SA,G,TPO4,0.0006,N,A,0.1,,,FIU,0,25.1504805,-80.8092194,,,,FIU,
FLAB14,161014,25,"PHOSPHATE, TOTAL AS P",7/27/2004,0.0094,mg/L,,FLAB,SAMP,MON,SA,G,TPO4,0.0006,N,A,0.1,,,FIU,0,25.1504805,-80.8092194,,,,FIU,
FLAB14,162014,25,"PHOSPHATE, TOTAL AS P",8/24/2004,0.0072,mg/L,,FLAB,SAMP,MON,SA,G,TPO4,0.0006,N,A,0.1,,,FIU,0,25.1504805,-80.8092194,,,,FIU,
FLAB14,163014,25,"PHOSPHATE, TOTAL AS P",9/28/2004,0.0112,mg/L,,FLAB,SAMP,MON,SA,G,TPO4,0.0006,N,A,0.1,,,FIU,0,25.1504805,-80.8092194,,,,FIU,
FLAB14,164014,25,"PHOSPHATE, TOTAL AS P",10/26/2004,0.0262,mg/L,,FLAB,SAMP,MON,SA,G,TPO4,0.0006,N,A,0.1,,,FIU,0,25.1504805,-80.8092194,,,,FIU,
FLAB14,165014,25,"PHOSPHATE, TOTAL AS P",11/29/2004,0.039,mg/L,,FLAB,SAMP,MON,SA,G,TPO4,0.0006,N,A,0.1,,,FIU,0,25.1504805,-80.8092194,,,,FIU,
FLAB14,166014,25,"PHOSPHATE, TOTAL AS P",12/14/2004,0.0106,mg/L,,FLAB,SAMP,MON,SA,G,TPO4,0.0006,N,A,0.1,,,FIU,0,25.1504805,-80.8092194,,,,FIU,
FLAB14,FB188FB014UA,25,"PHOSPHATE, TOTAL AS P",10/9/2006,0.04836,mg/L,Y,FLAB,SAMP,MON,SA,G,TPO4,0.00124,N,A,0,,,FIU,0,25.1504805,-80.8092194,,,BA,WMD,
FLAB14,FB188FB014UB,25,"PHOSPHATE, TOTAL AS P",10/9/2006,0.04932,mg/L,Y,FLAB,SAMP,MON,SA,G,TPO4,0.00124,N,A,0,,,FIU,0,25.1504805,-80.8092194,,,BA,WMD,
FLAB14,FB189FB014UA,25,"PHOSPHATE, TOTAL AS P",11/7/2006,0.03428,mg/L,"J5,Y",FLAB,SAMP,MON,SA,G,TPO4,0.00124,N,A,0,,,FIU,0,25.1504805,-80.8092194,,,BA,WMD,
FLAB14,FB189FB014UB,25,"PHOSPHATE, TOTAL AS P",11/7/2006,0.03387,mg/L,"J5,Y",FLAB,SAMP,MON,SA,G,TPO4,0.00124,N,A,0,,,FIU,0,25.1504805,-80.8092194,,,BA,WMD,
FLAB14,FB190FB014UA,25,"PHOSPHATE, TOTAL AS P",12/3/2006,0.0341,mg/L,"J5,Y",FLAB,SAMP,MON,SA,G,TPO4,0.00124,N,A,0,,,FIU,0,25.1504805,-80.8092194,,,BA,WMD,
FLAB14,FB190FB014UB,25,"PHOSPHATE, TOTAL AS P",12/3/2006,0.04176,mg/L,"J5,Y",FLAB,SAMP,MON,SA,G,TPO4,0.00124,N,A,0,,,FIU,0,25.1504805,-80.8092194,,,BA,WMD,
FLAB14,FB191FB014UA,25,"PHOSPHATE, TOTAL AS P",1/11/2007,0.03229,mg/L,"A,Y",FLAB,SAMP,MON,SA,G,TPO4,0.00124,N,A,0,,,FIU,0,25.1504805,-80.8092194,,,BA,WMD,
FLAB14,FB191FB014UB,25,"PHOSPHATE, TOTAL AS P",1/11/2007,0.03438,mg/L,"A,Y",FLAB,SAMP,MON,SA,G,TPO4,0.00124,N,A,0,,,FIU,0,25.1504805,-80.8092194,,,BA,WMD,
FLAB14,FB192FB014UA,25,"PHOSPHATE, TOTAL AS P",2/7/2007,0.01639,mg/L,"A,J5,Y",FLAB,SAMP,MON,SA,G,TPO4,0.00124,N,A,0,,,FIU,0,25.1504805,-80.8092194,,,BA,WMD,
FLAB14,FB192FB014UB,25,"PHOSPHATE, TOTAL AS P",2/7/2007,0.01511,mg/L,"A,J5,Y",FLAB,SAMP,MON,SA,G,TPO4,0.00124,N,A,0,,,FIU,0,25.1504805,-80.8092194,,,BA,WMD,
FLAB14,FB193FB014UA,25,"PHOSPHATE, TOTAL AS P",3/12/2007,0.01914,mg/L,"A,J5,Y",FLAB,SAMP,MON,SA,G,TPO4,0.00124,N,A,0,,,FIU,0,25.1504805,-80.8092194,,,BA,WMD,
FLAB14,FB193FB014UB,25,"PHOSPHATE, TOTAL AS P",3/12/2007,0.01996,mg/L,"A,J5,Y",FLAB,SAMP,MON,SA,G,TPO4,0.00124,N,A,0,,,FIU,0,25.1504805,-80.8092194,,,BA,WMD,
FLAB14,FB194FB014UB,25,"PHOSPHATE, TOTAL AS P",4/3/2007,0.01123,mg/L,"J5,Y",FLAB,SAMP,MON,SA,G,TPO4,0.00124,N,A,0,,,FIU,0,25.1504805,-80.8092194,,,BA,WMD,
FLAB14,FB194FB014UA,25,"PHOSPHATE, TOTAL AS P",4/3/2007,0.01168,mg/L,"J5,Y",FLAB,SAMP,MON,SA,G,TPO4,0.00124,N,A,0,,,FIU,0,25.1504805,-80.8092194,,,BA,WMD,
FLAB14,FB195FB014UB,25,"PHOSPHATE, TOTAL AS P",5/1/2007,0.0193,mg/L,"J5,Y",FLAB,SAMP,MON,SA,G,TPO4,0.00124,N,A,0,,,FIU,0,25.1504805,-80.8092194,,,BA,WMD,
FLAB14,FB195FB014UA,25,"PHOSPHATE, TOTAL AS P",5/1/2007,0.01474,mg/L,"J5,Y",FLAB,SAMP,MON,SA,G,TPO4,0.00124,N,A,0,,,FIU,0,25.1504805,-80.8092194,,,BA,WMD,
FLAB14,FB196FB014UA,25,"PHOSPHATE, TOTAL AS P",6/6/2007,0.0128,mg/L,Y,FLAB,SAMP,MON,SA,G,TPO4,0.00124,N,A,0,,,FIU,0,25.1504805,-80.8092194,,,BA,WMD,
FLAB14,FB196FB014UB,25,"PHOSPHATE, TOTAL AS P",6/6/2007,0.01114,mg/L,Y,FLAB,SAMP,MON,SA,G,TPO4,0.00124,N,A,0,,,FIU,0,25.1504805,-80.8092194,,,BA,WMD,
FLAB14,FB197FB014UB,25,"PHOSPHATE, TOTAL AS P",7/3/2007,0.00931,mg/L,"A,Y",FLAB,SAMP,MON,SA,G,TPO4,0.00124,N,A,0,,,FIU,0,25.1504805,-80.8092194,,,BA,WMD,
FLAB14,FB197FB014UA,25,"PHOSPHATE, TOTAL AS P",7/3/2007,0.00963,mg/L,"A,Y",FLAB,SAMP,MON,SA,G,TPO4,0.00124,N,A,0,,,FIU,0,25.1504805,-80.8092194,,,BA,WMD,
FLAB14,FB198FB014UA,25,"PHOSPHATE, TOTAL AS P",8/7/2007,0.00975,mg/L,"A,Y",FLAB,SAMP,MON,SA,G,TPO4,0.00124,N,A,0,,,FIU,0,25.1504805,-80.8092194,,,BA,WMD,
FLAB14,FB198FB014UB,25,"PHOSPHATE, TOTAL AS P",8/7/2007,0.01,mg/L,"A,Y",FLAB,SAMP,MON,SA,G,TPO4,0.00124,N,A,0,,,FIU,0,25.1504805,-80.8092194,,,BA,WMD,
FLAB14,FB199FB014UA,25,"PHOSPHATE, TOTAL AS P",9/5/2007,0.00884,mg/L,"A,J,Y",FLAB,SAMP,MON,SA,G,TPO4,0.00124,N,A,0,,,FIU,0,25.1504805,-80.8092194,,,BA,WMD,
FLAB14,FB199FB014UB,25,"PHOSPHATE, TOTAL AS P",9/5/2007,0.00944,mg/L,"A,J,Y",FLAB,SAMP,MON,SA,G,TPO4,0.00124,N,A,0,,,FIU,0,25.1504805,-80.8092194,,,BA,WMD,
FLAB14,FB200FB014,25,"PHOSPHATE, TOTAL AS P",10/4/2007,0.01721,mg/L,"A,Y",FLAB,SAMP,MON,SA,G,TPO4,0.00124,N,A,0,,,FIU,0,25.1504805,-80.8092194,,,BA,WMD,
FLAB14,FB201FB014,25,"PHOSPHATE, TOTAL AS P",11/7/2007,0.00789,mg/L,"A,J,J5,Y",FLAB,SAMP,MON,SA,G,TPO4,0.00124,N,A,0,,,FIU,0,25.1504805,-80.8092194,,,BA,WMD,
FLAB14,FB201FB014B,25,"PHOSPHATE, TOTAL AS P",11/7/2007,0.01127,mg/L,"A,Y,J",FLAB,FD,MON,SA,G,TPO4,0.00124,N,A,0,,,FIU,0,25.1504805,-80.8092194,,,BA,WMD,
FLAB14,FB202FB014,25,"PHOSPHATE, TOTAL AS P",12/7/2007,0.03279,mg/L,"A,Y",FLAB,SAMP,MON,SA,G,TPO4,0.00124,N,A,0,,,FIU,0,25.1504805,-80.8092194,,,BA,WMD,
FLAB14,FB203FB014,25,"PHOSPHATE, TOTAL AS P",1/9/2008,0.02582,mg/L,Y,FLAB,SAMP,MON,SA,G,TPO4,0.00186,N,A,0,,,FIU,0,25.1504805,-80.8092194,,,BA,WMD,
FLAB14,FB204FB014,25,"PHOSPHATE, TOTAL AS P",2/8/2008,0.03257,mg/L,Y,FLAB,SAMP,MON,SA,G,TPO4,0.00186,N,A,0,,,FIU,0,25.1504805,-80.8092194,,,BA,WMD,
FLAB14,FB205FB014,25,"PHOSPHATE, TOTAL AS P",3/5/2008,0.02141,mg/L,Y,FLAB,SAMP,MON,SA,G,TPO4,0.00186,N,A,0,,,FIU,0,25.1504805,-80.8092194,,,BA,WMD,
FLAB14,FB206FB014,25,"PHOSPHATE, TOTAL AS P",4/2/2008,0.00907,mg/L,"J,Y",FLAB,SAMP,MON,SA,G,TPO4,0.00186,N,A,0,,,FIU,0,25.1504805,-80.8092194,,,BA,WMD,
FLAB14,FB207FB014,25,"PHOSPHATE, TOTAL AS P",5/7/2008,0.0126,mg/L,Y,FLAB,SAMP,MON,SA,G,TPO4,0.00186,N,A,0,,,FIU,0,25.1504805,-80.8092194,,,BA,WMD,
FLAB14,FB208FB014,25,"PHOSPHATE, TOTAL AS P",6/4/2008,0.01656,mg/L,Y,FLAB,SAMP,MON,SA,G,TPO4,0.00186,N,A,0,,,FIU,0,25.1504805,-80.8092194,,,BA,WMD,
FLAB14,P42963-5,25,"PHOSPHATE, TOTAL AS P",1/7/2009,0.015,mg/L,,FLAB,SAMP,MON,SA,G,TPO4,0.002,N,A,0.5,,,WMD,1,25.1504805,-80.8092194,0.6,,BA,WMD,Strong incoming flow.  sample clear with no visable solids.  light chop with increasing South winds.  Station is in very shallow water.  may want to consider moving off to the South.
FLAB14,P42978-2,25,"PHOSPHATE, TOTAL AS P",2/12/2009,0.005,mg/L,I,FLAB,SAMP,MON,SA,G,TPO4,0.002,N,A,0.5,,,WMD,1,25.1504805,-80.8092194,0.8,,BA,WMD,Very clear warer and calm conditions.  Slight ripple.  Station in shallow water over seagrass beds.  Suggest moving it slightly to the South.
FLAB14,P43361-2,25,"PHOSPHATE, TOTAL AS P",3/16/2009,0.011,mg/L,,FLAB,SAMP,MON,SA,G,TPO4,0.002,N,A,0.5,,,WMD,1,25.1504805,-80.8092194,1.1,,BA,WMD,Clear calm conditiond and light flow.  Sample clear.
FLAB14,P43542-2,25,"PHOSPHATE, TOTAL AS P",4/20/2009,0.01,mg/L,,FLAB,SAMP,MON,SA,G,TPO4,0.002,N,A,0.5,,,WMD,1,25.1504805,-80.8092194,1.1,,BA,WMD,"Clear and calm.  RS done at station.  Extememy salty (out of calibration range). WARNING: CONDUCTIVITY exceeds CLOSING Control True Value range of 2000 to 58650,"
FLAB14,P43542-12,25,"PHOSPHATE, TOTAL AS P",4/20/2009,0.01,mg/L,,FLAB,RS,MON,SA,G,TPO4,0.002,N,A,0.5,,,WMD,1,25.1504805,-80.8092194,1.1,,BA,WMD,"sample clear.  Salinity out of conductivity range. WARNING: CONDUCTIVITY exceeds CLOSING Control True Value range of 2000 to 58650,"
FLAB14,P43542-13,25,"PHOSPHATE, TOTAL AS P",4/20/2009,0.01,mg/L,,FLAB,RS,MON,SA,G,TPO4,0.002,N,A,0.5,,,WMD,1,25.1504805,-80.8092194,1.1,,BA,WMD,"sample clear.  salinity out of conductivity range. WARNING: CONDUCTIVITY exceeds CLOSING Control True Value range of 2000 to 58650,"
FLAB14,P43936-2,25,"PHOSPHATE, TOTAL AS P",5/18/2009,0.004,mg/L,I,FLAB,SAMP,MON,SA,G,TPO4,0.002,N,A,0.5,,,WMD,1,25.1504805,-80.8092194,1.2,,BA,WMD,Breezy and light chop.  SAmple clear.   SECCHI ON BOTTOM.  Extremely salty
FLAB14,P43955-2,25,"PHOSPHATE, TOTAL AS P",6/11/2009,0.012,mg/L,J,FLAB,SAMP,MON,SA,G,TPO4,0.002,N,A,0.5,,,WMD,1,25.1504805,-80.8092194,1.1,,BA,WMD,Clear and calm.  Sample clear of solids.   SECCHI ON BOTTOM.  High salinity.
FLAB14,P44584-2,25,"PHOSPHATE, TOTAL AS P",7/20/2009,0.013,mg/L,,FLAB,SAMP,MON,SA,G,TPO4,0.002,N,A,0.5,,,WMD,1,25.1504805,-80.8092194,0.92,,BA,WMD,"sample light yellow, low solids.  very calm conditions, clear water. SECCHI ON BOTTOM."
FLAB14,P44716-2,25,"PHOSPHATE, TOTAL AS P",8/17/2009,0.012,mg/L,,FLAB,SAMP,MON,SA,G,TPO4,0.002,N,A,0.5,,,WMD,1,25.1504805,-80.8092194,0.9,,BA,WMD,"Sample clear, no visible solids.   SECCHI ON BOTTOM. Slight chop with a lot of foam on water surface.  Very windy (15-20 knots).  Mostly sunny with some cloud coverage, temperature low to mid 90's degrees F."
FLAB14,P45422-2,25,"PHOSPHATE, TOTAL AS P",9/14/2009,0.019,mg/L,,FLAB,SAMP,MON,SA,G,TPO4,0.002,N,A,0.5,,,WMD,1,25.1504805,-80.8092194,1.2,,BA,WMD,"Comments too long, see field notes."
FLAB14,P45906-2,25,"PHOSPHATE, TOTAL AS P",10/12/2009,0.02,mg/L,,FLAB,SAMP,MON,SA,G,TPO4,0.002,N,A,0.5,,,WMD,1,25.1504805,-80.8092194,1,,BA,WMD,Sample yellow with low solids. SECCHI ON BOTTOM. Low flow. Less than 0.5' chop with winds approx. 15-20 mph. FCEB taken at this station.
FLAB14,P45906-11,25,"PHOSPHATE, TOTAL AS P",10/12/2009,0.002,mg/L,U,FLAB,FCEB,MON,SA,G,TPO4,0.002,Y,A,0,,,WMD,1,25.1504805,-80.8092194,0,,BA,WMD,DI->Niskin->Bucket->Syringe->Filter->Bottle. FCEB taken at FLAB14.
FLAB14,P46184-2,25,"PHOSPHATE, TOTAL AS P",11/11/2009,0.005,mg/L,I,FLAB,SAMP,MON,SA,G,TPO4,0.002,N,A,0.5,,,WMD,1,25.1504805,-80.8092194,1,,BA,WMD,"Sample light yellow, with no visible solids.  Moderate chop, low flow.  Winds 20-25 mph. Heavy storms in close proximity.   SECCHI ON BOTTOM."
FLAB14,P46552-2,25,"PHOSPHATE, TOTAL AS P",12/7/2009,0.014,mg/L,,FLAB,SAMP,MON,SA,G,TPO4,0.002,N,A,0.5,m,,WMD,1,25.1504805,-80.8092194,,,BA,WMD,"Sample pale yellow, with no visible solids.  Low flow.  Winds 5-10 mph.  No chop, calm water.  DO has been  highter at this station.   SECCHI ON BOTTOM."
FLAB14,P46793-4,25,"PHOSPHATE, TOTAL AS P",1/11/2010,0.009,mg/L,,FLAB,SAMP,MON,SA,G,TPO4,0.002,N,A,0.5,m,,WMD,1,25.1504805,-80.8092194,,,BA,WMD,Comments are too long. See field notes.
FLAB14,P47183-4,25,"PHOSPHATE, TOTAL AS P",2/8/2010,0.008,mg/L,,FLAB,SAMP,MON,SA,G,TPO4,0.002,N,A,0.5,m,,WMD,1,25.1504805,-80.8092194,,,BA,WMD,"Sample light yellow, low solids.  Minimal chop.  Low flow.  Winds 5-15mph.   SECCHI ON BOTTOM."
FLAB14,P47472-4,25,"PHOSPHATE, TOTAL AS P",3/8/2010,0.009,mg/L,,FLAB,SAMP,MON,SA,G,TPO4,0.002,N,A,0.5,m,,WMD,1,25.1504805,-80.8092194,,,BA,WMD,"Sample pale yellow with no visible solids. Calm conditions, minimal chop. SECCHI ON BOTTOM. Low flow."
FLAB14,P47828-4,25,"PHOSPHATE, TOTAL AS P",4/12/2010,0.01,mg/L,,FLAB,SAMP,MON,SA,G,TPO4,0.002,N,A,0.5,m,,WMD,1,25.1504805,-80.8092194,,,BA,WMD,"Sample light yellow, no visible solids.  Low flow.  Moderate chop.  Winds 15-20mph.   SECCHI ON BOTTOM."
FLAB14,P47828-11,25,"PHOSPHATE, TOTAL AS P",4/12/2010,0.002,mg/L,U,FLAB,FCEB,MON,SA,G,TPO4,0.002,Y,A,0,,,WMD,0,25.1504805,-80.8092194,,,BA,WMD,"DI, niskin, bucket, syringe, filter, sample bottle.  FCEB taken at FLAB14"
FLAB14,P48081-4,25,"PHOSPHATE, TOTAL AS P",5/10/2010,0.014,mg/L,,FLAB,SAMP,MON,SA,G,TPO4,0.002,N,A,0.5,m,,WMD,1,25.1504805,-80.8092194,,,BA,WMD,"Sample light yellow, low solids.  Low flow.  Calm water, minimal chop.  Winds 15-18mph.   SECCHI ON BOTTOM."
FLAB14,P48379-4,25,"PHOSPHATE, TOTAL AS P",6/7/2010,0.015,mg/L,,FLAB,SAMP,MON,SA,G,TPO4,0.002,N,A,0.5,m,,WMD,1,25.1504805,-80.8092194,,,BA,WMD,Sample is light green with low suspended solids present. Low flow with minimal chop ripple less than 3 inches and constant 12 mph winds. SECCHI ON BOTTOM.
FLAB14,P48379-11,25,"PHOSPHATE, TOTAL AS P",6/7/2010,0.002,mg/L,U,FLAB,FCEB,MON,SA,G,TPO4,0.002,Y,A,0,,,WMD,0,25.1504805,-80.8092194,,,BA,WMD,"DI, niskin, bucket, syringe, filter, sample bottle, FCEB taken @ FLAB14."
FLAB14,P48679-4,25,"PHOSPHATE, TOTAL AS P",7/20/2010,0.008,mg/L,,FLAB,SAMP,MON,SA,G,TPO4,0.002,N,A,0.5,m,,WMD,1,25.1504805,-80.8092194,,,BA,WMD,"Sample light green, low solids.  Moderate chop, 1-2 foot chop.  Low flow. Winds 15-20mph.   SECCHI ON BOTTOM."
FLAB14,P48893-4,25,"PHOSPHATE, TOTAL AS P",8/16/2010,0.011,mg/L,,FLAB,SAMP,MON,SA,G,TPO4,0.002,N,A,0.5,m,,WMD,1,25.1504805,-80.8092194,,,BA,WMD,"Sample pale yellow, with low solids.  Low flow.  Calm water, no chop.  Winds 5-7mph. SECCHI ON BOTTOM."
FLAB14,P49171-4,25,"PHOSPHATE, TOTAL AS P",9/21/2010,0.009,mg/L,,FLAB,SAMP,MON,SA,G,TPO4,0.002,N,A,0.5,m,,WMD,1,25.1504805,-80.8092194,,,BA,WMD,"Sample light green, low solids.  Light chop, .5-1.5 foot seas.  Winds 15mph, with 20mph gusts.  Low flow.   SECCHI ON BOTTOM."
FLAB14,P49628-4,25,"PHOSPHATE, TOTAL AS P",10/19/2010,0.01,mg/L,,FLAB,SAMP,MON,SA,G,TPO4,0.002,N,A,0.5,m,,WMD,1,25.1504805,-80.8092194,,,BA,WMD,"Sample light yeloow, low solids.  Low flow.  Calm water, no chop.  Winds 2-5mph.   SECCHI ON BOTTOM."
FLAB14,P50070-4,25,"PHOSPHATE, TOTAL AS P",11/16/2010,0.012,mg/L,,FLAB,SAMP,MON,SA,G,TPO4,0.002,N,A,0.5,m,,WMD,1,25.1504805,-80.8092194,,,BA,WMD,"Sample light yellow, low solids.  Calm water, minimal chop.  Low flow.  Wind 3-5mph. SECCHI ON BOTTOM."
FLAB14,P50474-4,25,"PHOSPHATE, TOTAL AS P",12/14/2010,0.007,mg/L,I,FLAB,SAMP,MON,SA,G,TPO4,0.002,N,A,0.35,m,,WMD,1,25.1504805,-80.8092194,,,BA,WMD,"Sample light yellow, low solids.  Calm water, minimal chop.  Wind 3-5mph.   SECCHI ON BOTTOM. water very shallow."
FLAB14,P50635-4,25,"PHOSPHATE, TOTAL AS P",1/4/2011,0.015,mg/L,J,FLAB,SAMP,MON,SA,G,TPO4,0.002,N,A,0.5,m,,WMD,1,25.1504805,-80.8092194,,,BA,WMD,"Very low flow at station.  Very low to no chop.  Wind 0-5 mph.   SECCHI ON BOTTOM.   Sample light yellow, low solids."
FLAB14,P50937-4,25,"PHOSPHATE, TOTAL AS P",2/17/2011,0.01,mg/L,,FLAB,SAMP,MON,SA,G,TPO4,0.002,N,A,0.25,m,,WMD,0,25.1504805,-80.8092194,,,BA,WMD,Sample taken .4 miles from station due to shallow water.
FLAB14,P51526-4,25,"PHOSPHATE, TOTAL AS P",3/14/2011,0.01,mg/L,,FLAB,SAMP,MON,SA,G,TPO4,0.002,N,A,0.5,m,,WMD,1,25.1504805,-80.8092194,,,BA,WMD,"Sample light yellow.  Calm water, minimal chop. Wind 8-12mph.   SECCHI ON BOTTOM."
FLAB14,P52279-4,25,"PHOSPHATE, TOTAL AS P",4/5/2011,0.013,mg/L,,FLAB,SAMP,MON,SA,G,TPO4,0.002,N,A,0.5,m,,WMD,1,25.1504805,-80.8092194,,,BA,WMD,"Sample light green, wind 10-15mph sw."
FLAB14,P52280-4,25,"PHOSPHATE, TOTAL AS P",5/3/2011,0.008,mg/L,,FLAB,SAMP,MON,SA,G,TPO4,0.002,N,A,0.3,m,,WMD,1,25.1504805,-80.8092194,,,BA,WMD,"Sample palm yellow, wind east 10-15mph,  SECCHI ON BOTTOM."
FLAB14,P52281-4,25,"PHOSPHATE, TOTAL AS P",6/13/2011,0.009,mg/L,,FLAB,SAMP,MON,SA,G,TPO4,0.002,N,A,0.5,m,,WMD,1,25.1504805,-80.8092194,,,BA,WMD,Sample is clear with no visible sollids present. Moderate flow with variable westerly winds at 5-10 mph. SECCHI ON BOTTOM. Conductivity is out of range due to high salinity at this location.
FLAB14,P52282-4,25,"PHOSPHATE, TOTAL AS P",7/12/2011,0.014,mg/L,,FLAB,SAMP,MON,SA,G,TPO4,0.002,N,A,0.5,m,,WMD,1,25.1504805,-80.8092194,,,BA,WMD,Sample is pale green with no visible suspended solids present.  Flow with light ripple chop up to 4 inches and winds from the southwest at 4 to 8 mph.  SECCHI ON BOTTOM
FLAB14,P52283-6,25,"PHOSPHATE, TOTAL AS P",8/16/2011,0.009,mg/L,,FLAB,SAMP,MON,SA,G,TPO4,0.002,N,A,0.5,m,,WMD,1,25.1504805,-80.8092194,,,BA,WMD,Sample is pale green with no visible suspended solids present. Low flow with light chop up to 4 inches and light variable winds from southwest at 6 to 10 mph. SECCHI ON BOTTOM.
FLAB14,P52284-6,25,"PHOSPHATE, TOTAL AS P",9/12/2011,0.013,mg/L,,FLAB,SAMP,MON,SA,G,TPO4,0.002,N,A,0.5,m,,WMD,0,25.1504805,-80.8092194,,,BA,WMD,Sample light yellow with no visible suspended solids present. Light current with rising tide just before high tide and glassy slight ripple conditions and light variable winds from the east southeast at 2 to 4 mph. SECCHI ON BOTTOM.
FLAB14,P52285-6,25,"PHOSPHATE, TOTAL AS P",10/4/2011,0.018,mg/L,,FLAB,SAMP,MON,SA,G,TPO4,0.002,N,A,0.4,m,,WMD,0,25.1504805,-80.8092194,,,BA,WMD,"Wind, NE 10-15, lt chop, ebb tide,  SECCHI ON BOTTOM."
FLAB14,P54071-6,25,"PHOSPHATE, TOTAL AS P",12/6/2011,0.013,mg/L,J,FLAB,SAMP,MON,SA,G,TPO4,0.002,N,A,0.35,m,,WMD,0,25.1504805,-80.8092194,,,BA,WMD,"Wind ESE 10-12, lt chop, slack tide,  SECCHI ON BOTTOM, Sample taken .5 miles from station due to shallow depth"
FLAB14,P55306-4,25,"PHOSPHATE, TOTAL AS P",2/1/2012,0.011,mg/L,,FLAB,SAMP,MON,SA,G,TPO4,0.002,N,A,0.35,m,,WMD,0,25.1504805,-80.8092194,,,BA,WMD,"Wind E 14-18, lt chop in lee of island, slack tide,  SECCHI ON BOTTOM, sample taken .38 mi from station due to shallow depth"
FLAB14,P55313-4,25,"PHOSPHATE, TOTAL AS P",4/12/2012,0.011,mg/L,,FLAB,SAMP,MON,SA,G,TPO4,0.002,N,A,0.45,m,,WMD,0,25.1504805,-80.8092194,,,BA,WMD,"Wind N 8-10, rippled surface, slack tide,  SECCHI ON BOTTOM."
FLAB14,P55929-4,25,"PHOSPHATE, TOTAL AS P",6/13/2012,0.015,mg/L,,FLAB,SAMP,MON,SA,G,TPO4,0.002,N,A,0.5,m,,WMD,0,25.1504805,-80.8092194,,,BA,WMD,Calm conditions.  Light ripple.  Slack tide.  Very light east wind.   SECCHI ON BOTTOM.
FLAB14,P56205-4,25,"PHOSPHATE, TOTAL AS P",8/13/2012,0.011,mg/L,,FLAB,SAMP,MON,SA,G,TPO4,0.002,N,A,0.5,m,,WMD,0,25.1504805,-80.8092194,,,BA,WMD,Very light east wind.  Calm conditions with almost no ripple.  Slack tide.   SECCHI ON BOTTOM.
FLAB14,P56209-4,25,"PHOSPHATE, TOTAL AS P",10/11/2012,0.021,mg/L,,FLAB,SAMP,MON,SA,G,TPO4,0.002,N,A,0.5,m,,WMD,0,25.1504805,-80.8092194,,,BA,WMD,Strong NE breeze.  Light chop.   SECCHI ON BOTTOM.
FLAB14,P56856-4,25,"PHOSPHATE, TOTAL AS P",12/10/2012,0.021,mg/L,,FLAB,SAMP,MON,SA,G,TPO4,0.002,N,A,0.5,m,,WMD,0,25.1504805,-80.8092194,,,BA,WMD,SECCHI ON BOTTOM. Winds 10-15kts out of the SE. Light chop.
FLAB14,P61818-4,25,"PHOSPHATE, TOTAL AS P",2/5/2013,0.02,mg/L,,FLAB,SAMP,MON,SA,G,TPO4,0.002,N,A,0.5,m,,WMD,0,25.1504805,-80.8092194,,,BA,WMD,SECCHI ON BOTTOM. Very light breeze 1-2kts. Calm water. No noticeable current.
FLAB14,P61819-4,25,"PHOSPHATE, TOTAL AS P",4/18/2013,0.01,mg/L,,FLAB,SAMP,MON,SA,G,TPO4,0.002,N,A,0.3,m,,WMD,0,25.1504805,-80.8092194,,,PD,WMD,SECCHI ON BOTTOM. ESE winds 10-12 kts. Light ripple on the water.
FLAB14,P63880-4,25,"PHOSPHATE, TOTAL AS P",6/17/2013,0.02,mg/L,,FLAB,SAMP,MON,SA,G,TPO4,0.002,N,A,0.4,m,,WMD,0,25.1504805,-80.8092194,,,PD,WMD,"slight ripple on surface, southeast wind 10-15, secchi on bottom, site collected short of coordinates due to shallow water less than 0.5m while approaching site"
FLAB14,P63881-4,25,"PHOSPHATE, TOTAL AS P",8/13/2013,0.012,mg/L,,FLAB,SAMP,MON,SA,G,TPO4,0.002,N,A,0.35,m,,WMD,0,25.1504805,-80.8092194,,,PD,WMD,SECCHI ON BOTTOM. Ripples on surface. E wind 5-10 kt. No current observed. Station visted near high tide. Unable to reach location due to shallow water. Collected at 25-08'43.5 secN 080-48'34.4 secW
FLAB14,P65941-4,25,"PHOSPHATE, TOTAL AS P",10/28/2013,0.017,mg/L,,FLAB,SAMP,MON,SA,G,TPO4,0.002,N,A,0.4,m,,WMD,0,25.1504805,-80.8092194,,,PD,WMD,SECCHI ON BOTTOM. Light chop. E wind approx 15 kt. Moderate wind driven current.
FLAB14,P68531-4,25,"PHOSPHATE, TOTAL AS P",12/11/2013,0.007,mg/L,,FLAB,SAMP,MON,SA,G,TPO4,0.002,N,A,0.35,m,,WMD,0,25.1504805,-80.8092194,,,PD,WMD,"Light chop, E wind 10-15,  SECCHI ON BOTTOM."
FLAB14,P70123-4,25,"PHOSPHATE, TOTAL AS P",2/26/2014,0.016,mg/L,,FLAB,SAMP,MON,SA,G,TPO4,0.002,N,A,0.5,m,,WMD,0,25.1504805,-80.8092194,,,PD,WMD,"SECCHI ON BOTTOM. Slight ripple on water surface. Slight wind out of the SW, 5kts. Slight incoming tide. Unable to get to actual FLAB14 site due to water level, sample taken at GPS position N2508.345 W08048.512."
FLAB14,P70124-4,25,"PHOSPHATE, TOTAL AS P",4/7/2014,0.01,mg/L,,FLAB,SAMP,MON,SA,G,TPO4,0.002,N,A,0.5,m,,WMD,0,25.1504805,-80.8092194,,,PD,WMD,Moderate chop due to 15kt SE winds. Sample area clear. SECCHI ON BOTTOM.
FLAB14,P71707-4,25,"PHOSPHATE, TOTAL AS P",6/9/2014,0.01,mg/L,,FLAB,SAMP,MON,SA,G,TPO4,0.002,N,A,0.5,m,,WMD,0,25.1504805,-80.8092194,,,PD,WMD,"SECCHI ON BOTTOM. Calm winds, calm waves, incoming tide."
FLAB14,P72712-4,25,"PHOSPHATE, TOTAL AS P",8/5/2014,0.009,mg/L,,FLAB,SAMP,MON,SA,G,TPO4,0.002,N,A,0.5,m,,WMD,0,25.1504805,-80.8092194,,,PD,WMD,"Calm conditions, SW winds less than 5 kts. Small amount of single piece turtle and manatee grasses on surface. Incoming tide. SECCHI ON BOTTOM."
FLAB14,P74736-4,25,"PHOSPHATE, TOTAL AS P",10/20/2014,0.012,mg/L,,FLAB,SAMP,MON,SA,G,TPO4,0.002,N,A,0.35,m,,WMD,0,25.1504805,-80.8092194,,,PD,WMD,"Calm,  SECCHI ON BOTTOM."
FLAB14,P74738-4,25,"PHOSPHATE, TOTAL AS P",12/17/2014,0.007,mg/L,,FLAB,SAMP,MON,SA,G,TPO4,0.002,N,A,0.5,m,,WMD,0,25.1504805,-80.8092194,,,PD,WMD,"Incoming tide, NE winds 5kts, calm seas, small amout of floating vegetation pieces visible on water surface. SECCHI ON BOTTOM."
FLAB14,P74737-4,25,"PHOSPHATE, TOTAL AS P",2/16/2015,0.007,mg/L,G,FLAB,SAMP,MON,SA,G,TPO4,0.002,N,A,0.45,m,,WMD,0,25.1504805,-80.8092194,,,PD,WMD,"Calm, E wind 10-15. Sample collected 925 m due south of site because of water depth. SECCHI ON BOTTOM"
FLAB14,P75445-4,25,"PHOSPHATE, TOTAL AS P",4/13/2015,0.008,mg/L,,FLAB,SAMP,MON,SA,G,TPO4,0.002,N,A,0.5,m,,WMD,0,25.1504805,-80.8092194,,,PD,WMD,Sample collected 1 km due south of site due to water depth. SOB
FLAB14,P74739-4,25,"PHOSPHATE, TOTAL AS P",6/9/2015,0.009,mg/L,,FLAB,SAMP,MON,SA,G,TPO4,0.002,N,A,0.5,m,,WMD,0,25.1504805,-80.8092194,,,PD,WMD,SOB
FLAB14,P78245-4,25,"PHOSPHATE, TOTAL AS P",8/25/2015,0.017,mg/L,,FLAB,SAMP,MON,SA,G,TPO4,0.002,N,A,0.5,m,,WMD,0,25.1504805,-80.8092194,,,PD,WMD,Secchi on bottom.
FLAB14,P80870-4,25,"PHOSPHATE, TOTAL AS P",10/7/2015,0.011,mg/L,,FLAB,SAMP,MON,SA,G,TPO4,0.002,N,A,0.5,m,,WMD,0,25.1504805,-80.8092194,,,PD,WMD,"Calm seas, light amount of loose vegetation on surface, incoming tide, secchi on bottom."
FLAB14,P82416-4,25,"PHOSPHATE, TOTAL AS P",1/21/2016,0.016,mg/L,,FLAB,SAMP,MON,SA,G,TPO4,0.002,N,A,0.5,m,,WMD,0,25.1504805,-80.8092194,,,PD,WMD,Secchi on bottom. Surface smooth. Winds ESE 10-15.
FLAB14,P82935-4,25,"PHOSPHATE, TOTAL AS P",2/16/2016,0.025,mg/L,,FLAB,SAMP,MON,SA,G,TPO4,0.002,N,A,0.5,m,,WMD,0,25.1504805,-80.8092194,,,PD,WMD,"Calm wind and seas, sample area clear, Secchi on bottom."
FLAB14,P83568-4,25,"PHOSPHATE, TOTAL AS P",4/14/2016,0.023,mg/L,,FLAB,SAMP,MON,SA,G,TPO4,0.002,N,A,0.35,m,,WMD,0,25.1504805,-80.8092194,,,PD,WMD,SOB. Light winds out of the SE around 7 kts. Glass smooth water.
FLAB14,P84316-4,25,"PHOSPHATE, TOTAL AS P",6/29/2016,0.038,mg/L,,FLAB,SAMP,MON,SA,G,TPO4,0.002,N,A,0.5,m,,WMD,0,25.1504805,-80.8092194,,,PD,WMD,"slight ripple on surface, calm wind, some vegetation clippings on surface, off colored water observed, algae like appearance in water column, filter turned green in color during processing"
FLAB14,P84638-4,25,"PHOSPHATE, TOTAL AS P",8/25/2016,0.033,mg/L,,FLAB,SAMP,MON,SA,G,TPO4,0.002,N,A,0.5,m,,WMD,0,25.1504805,-80.8092194,,,PD,WMD,"Light east winds, light surface chop, turbid water, light green brown in color, light amount of loose sea grass floating on surface. Light greenish yellow color visible in filter after use. Secchi on bottom."
FLAB14,P86137-4,25,"PHOSPHATE, TOTAL AS P",10/24/2016,0.046,mg/L,,FLAB,SAMP,MON,SA,G,TPO4,0.002,N,A,0.5,m,,WMD,0,25.1504805,-80.8092194,,,PD,WMD,"NE winds 15kt, light chop, sample area clear otherwise. Secchi on bottom."
FLAB14,P86766-4,25,"PHOSPHATE, TOTAL AS P",12/21/2016,0.015,mg/L,,FLAB,SAMP,MON,SA,G,TPO4,0.002,N,A,0.5,m,,WMD,0,25.1504805,-80.8092194,,,PD,WMD,"NE winds 10-15 kts, light chop, sample area clear. Secchi on bottom."
FLAB14,P87700-4,25,"PHOSPHATE, TOTAL AS P",2/20/2017,0.022,mg/L,,FLAB,SAMP,MON,SA,G,TPO4,0.002,N,A,0.5,m,,WMD,0,25.1504805,-80.8092194,,,PD,WMD,"NE winds 10-15 kts, waters moderate chop, light amount of loose sea grass on surface. Secchi on bottom. Could not get within 300m of sample GPS point due to shallow water."
FLAB14,P87830-4,25,"PHOSPHATE, TOTAL AS P",4/20/2017,0.009,mg/L,,FLAB,SAMP,MON,SA,G,TPO4,0.002,N,A,0.5,m,,WMD,0,25.1504805,-80.8092194,,,PD,WMD,"Could only get within 0.5 kilometers of site due to very shallow water.  Had less than 1 foot seas, sample area clear, with 10-15 knot east winds.  Sample collected by DA."
FLAB14,P89179-4,25,"PHOSPHATE, TOTAL AS P",8/1/2017,0.011,mg/L,,FLAB,SAMP,MON,SA,G,TPO4,0.002,N,A,0.5,m,,WMD,0,25.1504805,-80.8092194,,,PD,WMD,"Light sw winds, calm seas, moderate amount of loose sea grasses floating on surface, secchi on bottom."
FLAB14,P88721-4,25,"PHOSPHATE, TOTAL AS P",10/12/2017,0.062,mg/L,,FLAB,SAMP,MON,SA,G,TPO4,0.002,N,A,0.5,m,,WMD,0,25.1504805,-80.8092194,,,PD,WMD,Filter appeared to contaiin algae when processing sample.
FLAB14,P91159-4,25,"PHOSPHATE, TOTAL AS P",12/13/2017,0.08,mg/L,,FLAB,SAMP,MON,SA,G,TPO4,0.002,N,A,0.5,m,,WMD,0,25.1504805,-80.8092194,,,PD,WMD,Light chop. Murky brown water
FLAB14,P92112-4,25,"PHOSPHATE, TOTAL AS P",2/28/2018,0.054,mg/L,,FLAB,SAMP,MON,SA,G,TPO4,0.002,N,A,0.5,m,,WMD,0,25.1504805,-80.8092194,,,PD,WMD,Flat water. Green water. Filter turned green. Same problem with DO readings.
FLAB14,P92872-4,25,"PHOSPHATE, TOTAL AS P",4/10/2018,0.034,mg/L,,FLAB,SAMP,MON,SA,G,TPO4,0.002,N,A,0.5,m,,WMD,0,25.1504805,-80.8092194,,,PD,WMD,Light chop.
FLAB14,P93694-4,25,"PHOSPHATE, TOTAL AS P",6/7/2018,0.033,mg/L,,FLAB,SAMP,MON,SA,G,TPO4,0.002,N,A,0.5,m,,WMD,0,25.1504805,-80.8092194,,,PD,WMD,Floating vegetation present. Avoided during collection.
FLAB14,P94931-4,25,"PHOSPHATE, TOTAL AS P",8/6/2018,0.029,mg/L,,FLAB,SAMP,MON,SA,G,TPO4,0.002,N,A,0.5,m,,WMD,0,25.1504805,-80.8092194,,,PD,WMD,
FLAB14,P95251-4,25,"PHOSPHATE, TOTAL AS P",10/3/2018,0.046,mg/L,,FLAB,SAMP,MON,SA,G,TPO4,0.002,N,A,0.5,m,,WMD,0,25.1504805,-80.8092194,,,PD,WMD,heavy suspended solids
FLAB14,P96720-4,25,"PHOSPHATE, TOTAL AS P",12/17/2018,0.055,mg/L,,FLAB,SAMP,MON,SA,G,TPO4,0.002,N,A,0.25,m,,WMD,0,25.1504805,-80.8092194,,,BA,WMD,Shallow sampling area. Sample depth taken half way from total depth of 0.5m.  Water looks stirred up within sample area.
FLAB14,P102448-5,25,"PHOSPHATE, TOTAL AS P",2/26/2019,0.045,mg/L,,FLAB,SAMP,MON,SA,G,TPO4,0.002,N,A,0.5,m,,WMD,0,25.1504805,-80.8092194,,,BA,WMD,
FLAB14,P103834-5,25,"PHOSPHATE, TOTAL AS P",4/15/2019,0.041,mg/L,,FLAB,SAMP,MON,SA,G,TPO4,0.002,N,A,0.5,m,,WMD,0,25.1504805,-80.8092194,,,BA,WMD,
FLAB14,P106284-5,25,"PHOSPHATE, TOTAL AS P",6/11/2019,0.032,mg/L,,FLAB,SAMP,MON,SA,G,TPO4,0.002,N,A,0.4,m,,WMD,0,25.1504805,-80.8092194,,,BA,WMD,Secchi on bottom
FLAB14,P109207-5,25,"PHOSPHATE, TOTAL AS P",8/8/2019,0.022,mg/L,,FLAB,SAMP,MON,SA,G,TPO4,0.002,N,A,0.5,m,,WMD,0,25.1504805,-80.8092194,,,BA,WMD,Large pieces of vegetative debris present on surface of water. Secchi on bottom.
FLAB14,P109898-5,25,"PHOSPHATE, TOTAL AS P",10/8/2019,0.035,mg/L,,FLAB,SAMP,MON,SA,G,TPO4,0.002,N,A,0.5,m,,WMD,0,25.1504805,-80.8092194,,,BA,WMD,
FLAB14,P110697-5,25,"PHOSPHATE, TOTAL AS P",12/5/2019,0.012,mg/L,,FLAB,SAMP,MON,SA,G,TPO4,0.002,N,A,0.5,m,,WMD,0,25.1504805,-80.8092194,,,BA,WMD,Secchi on bottom.
FLAB14,P110713-5,25,"PHOSPHATE, TOTAL AS P",2/3/2020,0.018,mg/L,,FLAB,SAMP,MON,SA,G,TPO4,0.002,N,A,0.3,m,,WMD,0,25.1504805,-80.8092194,,,BA,WMD,"Secchi on bottom. Depth was less than 1m, sample was collected at half total depth."
FLAB14,P110719-5,25,"PHOSPHATE, TOTAL AS P",4/1/2020,0.036,mg/L,,FLAB,SAMP,MON,SA,G,TPO4,0.002,N,A,0.4,m,,WMD,0,25.1504805,-80.8092194,,,BA,WMD,Secchi on bottom
FLAB14,P111041-5,25,"PHOSPHATE, TOTAL AS P",6/1/2020,0.011,mg/L,,FLAB,SAMP,MON,SA,G,TPO4,0.002,N,A,0.3,m,,WMD,0,25.1504805,-80.8092194,,,BA,WMD,Secchi on bottom
FLAB14,P111104-5,25,"PHOSPHATE, TOTAL AS P",8/13/2020,0.012,mg/L,,FLAB,SAMP,MON,SA,G,TPO4,0.002,N,A,0.35,m,,WMD,0,25.1504805,-80.8092194,,,BA,WMD,Secchi on bottom. Sample collected at half total depth.
FLAB14,P118766-5,25,"PHOSPHATE, TOTAL AS P",10/12/2020,0.014,mg/L,,FLAB,SAMP,MON,SA,G,TPO4,0.002,N,A,0.4,m,,WMD,0,25.1504805,-80.8092194,,,BA,WMD,Secchi on bottom.
FLAB14,P120347-5,25,"PHOSPHATE, TOTAL AS P",12/9/2020,0.01,mg/L,,FLAB,SAMP,MON,SA,G,TPO4,0.002,N,A,0.3,m,,WMD,0,25.1504805,-80.8092194,,,BA,WMD,"Sample area clear.  Total Depth was only 0.6 meters, so sampling depth was at 0.3 meters instead of 0.5 meters.  SOB, Secchi On Bottom.  Light solids in sample.  Sample collected by CL."
FLAB14,P121638-5,25,"PHOSPHATE, TOTAL AS P",1/7/2021,0.014,mg/L,,FLAB,SAMP,MON,SA,G,TPO4,0.002,N,A,0.3,m,,WMD,0,25.1504805,-80.8092194,,,BA,WMD,Secchi on bottom
FLAB14,P122507-5,25,"PHOSPHATE, TOTAL AS P",3/17/2021,0.009,mg/L,,FLAB,SAMP,MON,SA,G,TPO4,0.002,N,A,0.5,m,,WMD,0,25.1504805,-80.8092194,,,BA,WMD,Secchi on bottom.
FLAB14,P122517-5,25,"PHOSPHATE, TOTAL AS P",5/24/2021,0.009,mg/L,,FLAB,SAMP,MON,SA,G,TPO4,0.002,N,A,0.2,m,,WMD,0,25.1504805,-80.8092194,,,BA,WMD,Secchi on bottom. Sampled approx. 100 m from site due to low water.
FLAB14,P123928-5,25,"PHOSPHATE, TOTAL AS P",7/1/2021,0.012,mg/L,,FLAB,SAMP,MON,SA,G,TPO4,0.002,N,A,0.35,m,,WMD,0,25.1504805,-80.8092194,,,BA,WMD,Secchi on bottom.
FLAB14,P125715-5,25,"PHOSPHATE, TOTAL AS P",10/13/2021,0.019,mg/L,,FLAB,SAMP,MON,SA,G,TPO4,0.002,N,A,0.4,m,,WMD,0,25.1504805,-80.8092194,,,BA,WMD,
FLAB14,P128145-5,25,"PHOSPHATE, TOTAL AS P",12/27/2021,0.037,mg/L,,FLAB,SAMP,MON,SA,G,TPO4,0.002,N,A,0.3,m,,WMD,0,25.1504805,-80.8092194,,,BA,WMD,Sampling area clear of debris.
FLAB14,P129938-5,25,"PHOSPHATE, TOTAL AS P",2/8/2022,0.037,mg/L,,FLAB,SAMP,MON,SA,G,TPO4,0.002,N,A,0.25,m,,WMD,0,25.1504805,-80.8092194,,,BA,WMD,Secchi on bottom
FLAB14,P132794-5,25,"PHOSPHATE, TOTAL AS P",4/7/2022,0.036,mg/L,,FLAB,SAMP,MON,SA,G,TPO4,0.002,N,A,0.3,m,,WMD,0,25.1504805,-80.8092194,,,BA,WMD,
FLAB14,P134124-5,25,"PHOSPHATE, TOTAL AS P",6/22/2022,0.028,mg/L,,FLAB,SAMP,MON,SA,G,TPO4,0.002,N,A,0.5,m,,WMD,0,25.1504805,-80.8092194,,,BA,WMD,
FLAB14,P135165-5,25,"PHOSPHATE, TOTAL AS P",8/18/2022,0.059,mg/L,,FLAB,SAMP,MON,SA,G,TPO4,0.002,N,A,0.5,m,,WMD,0,25.1504805,-80.8092194,,,BA,WMD,"No visible solids, but water is very cloudy and difficult to filter. Used two filters to process."
FLAB14,P136495-5,25,"PHOSPHATE, TOTAL AS P",10/20/2022,0.032,mg/L,,FLAB,SAMP,MON,SA,G,TPO4,0.002,N,A,0.4,m,,WMD,0,25.1504805,-80.8092194,,,BA,WMD,Sample collected at half total depth as per FSM. Water in sampling area has a greenish tint. Filter turned light green during processing.
FLAB14,P138520-5,25,"PHOSPHATE, TOTAL AS P",12/19/2022,0.034,mg/L,,FLAB,SAMP,MON,SA,G,TPO4,0.002,N,A,0.3,m,,WMD,0,25.1504805,-80.8092194,,,BA,WMD,
FLAB14,P139468-5,25,"PHOSPHATE, TOTAL AS P",1/30/2023,0.02,mg/L,,FLAB,SAMP,MON,SA,G,TPO4,0.002,N,A,0.5,m,,WMD,0,25.1504805,-80.8092194,,,BA,WMD,
FLAB14,P141269-5,25,"PHOSPHATE, TOTAL AS P",3/14/2023,0.01,mg/L,,FLAB,SAMP,MON,SA,G,TPO4,0.002,N,A,0.5,m,,WMD,0,25.1504805,-80.8092194,,,BA,WMD,Secchi on bottom.
FLAB14,P143129-5,25,"PHOSPHATE, TOTAL AS P",5/11/2023,0.019,mg/L,,FLAB,SAMP,MON,SA,G,TPO4,0.002,N,A,0.5,m,,WMD,0,25.1504805,-80.8092194,,,BA,WMD,Secchi on bottom
FLAB14,P144703-5,25,"PHOSPHATE, TOTAL AS P",7/27/2023,0.024,mg/L,,FLAB,SAMP,MON,SA,G,TPO4,0.002,N,A,0.35,m,,WMD,0,25.1504805,-80.8092194,,,BA,WMD,
FLAB14,P146063-5,25,"PHOSPHATE, TOTAL AS P",9/27/2023,0.024,mg/L,,FLAB,SAMP,MON,SA,G,TPO4,0.002,N,A,0.5,m,,WMD,0,25.1504805,-80.8092194,,,BA,WMD,"Water highly turbid, became difficult to filter during processing."
FLAB14,P146064-5,25,"PHOSPHATE, TOTAL AS P",11/13/2023,0.024,mg/L,,FLAB,SAMP,MON,SA,G,TPO4,0.002,N,A,0.5,m,,WMD,0,25.1504805,-80.8092194,,,BA,WMD,"Filter became clogged during processing, no color, difficult to filter"
FLAB14,P148342-5,25,"PHOSPHATE, TOTAL AS P",1/8/2024,0.031,mg/L,,FLAB,SAMP,MON,SA,G,TPO4,0.002,N,A,0.35,m,,WMD,0,25.1504805,-80.8092194,,,BA,WMD,collected sample approximately 600 feet SSW of site due to shallow depth
FLAB14,P149299-5,25,"PHOSPHATE, TOTAL AS P",3/4/2024,0.027,mg/L,,FLAB,SAMP,MON,SA,G,TPO4,0.002,N,A,0.4,m,,WMD,0,25.1504805,-80.8092194,,,BA,WMD,Sample collected 800 m west of site due to shallow depth.
FLAB14,P150708-5,25,"PHOSPHATE, TOTAL AS P",5/13/2024,0.024,mg/L,,FLAB,SAMP,MON,SA,G,TPO4,0.002,N,A,0.45,m,,WMD,0,25.1504805,-80.8092194,,,BA,WMD,Filter turned yellow during processing.
FLAB14,P152189-5,25,"PHOSPHATE, TOTAL AS P",7/15/2024,0.036,mg/L,,FLAB,SAMP,MON,SA,G,TPO4,0.002,N,A,0.4,m,,WMD,0,25.1504805,-80.8092194,,,BA,WMD,Sample taken 550 m SW of station due to shallow depth. Filter turned green during processing; sample was difficult to push through filter.
FLAB14,P153175-5,25,"PHOSPHATE, TOTAL AS P",9/12/2024,0.028,mg/L,,FLAB,SAMP,MON,SA,G,TPO4,0.002,N,A,0.5,m,,WMD,0,25.1504805,-80.8092194,,,BA,WMD,Filter turned green during processing.
FLAB14,P154028-5,25,"PHOSPHATE, TOTAL AS P",12/9/2024,0.015,mg/L,,FLAB,SAMP,MON,SA,G,TPO4,0.002,N,A,0.45,m,,WMD,0,25.1504805,-80.8092194,,,BA,WMD,"Because of shallow depths, sample was collected approximately 580 meters to the southwest of the marked site coordinates."
FLAB14,P155969-5,25,"PHOSPHATE, TOTAL AS P",2/5/2025,0.018,mg/L,,FLAB,SAMP,MON,SA,G,TPO4,0.002,N,A,0.5,m,,WMD,0,25.1504805,-80.8092194,,,BA,WMD,Secchi on bottom.
FLAB14,P158028-5,25,"PHOSPHATE, TOTAL AS P",6/18/2025,0.011,mg/L,,FLAB,SAMP,MON,SA,G,TPO4,0.002,N,P,0.5,m,,WMD,0,25.1504805,-80.8092194,1,,,,Secchi on bottom.
FLAB14,P149559-5,25,"PHOSPHATE, TOTAL AS P",5/13/2024,0.022,mg/L,,GEMM,SAMP,MON,SA,G,TPO4,0.002,N,A,0.45,m,,WMD,0,25.1504805,-80.8092194,,,WT,WMD,Turbidity = 12.1 NTUSecchi depth = 0.7 mTotal depth = 0.9 mFilter turned yellow during processing
FLAB14,FIU15049,27,SILICA,7/4/1996,1.673,mg/L,,FLAB,SAMP,MON,SA,G,SIO2,,N,A,0.1,,,FIU,0,25.1504805,-80.8092194,,,,FIU,
FLAB14,FIU15055,27,SILICA,10/15/1996,2.91,mg/L,,FLAB,SAMP,MON,SA,G,SIO2,,N,A,0.1,,,FIU,0,25.1504805,-80.8092194,,,,FIU,
FLAB14,FIU15065,27,SILICA,3/12/1997,1.342,mg/L,Q,FLAB,SAMP,MON,SA,G,SIO2,,N,A,0.1,,,FIU,0,25.1504805,-80.8092194,,,,FIU,
FLAB14,FIU15069,27,SILICA,5/22/1997,0.417,mg/L,,FLAB,SAMP,MON,SA,G,SIO2,,N,A,0.1,,,FIU,0,25.1504805,-80.8092194,,,,FIU,
FLAB14,FIU15073,27,SILICA,7/10/1997,3.048,mg/L,,FLAB,SAMP,MON,SA,G,SIO2,,N,A,0.1,,,FIU,0,25.1504805,-80.8092194,,,,FIU,
FLAB14,FIU15078,27,SILICA,10/21/1997,2.965,mg/L,,FLAB,SAMP,MON,SA,G,SIO2,,N,A,0.1,,,FIU,0,25.1504805,-80.8092194,,,,FIU,
FLAB14,FIU15084,27,SILICA,1/21/1998,0.58,mg/L,,FLAB,SAMP,MON,SA,G,SIO2,,N,A,0.1,,,FIU,0,25.1504805,-80.8092194,,,,FIU,
FLAB14,FIU15092,27,SILICA,5/14/1998,0.967,mg/L,,FLAB,SAMP,MON,SA,G,SIO2,,N,A,0.1,,,FIU,0,25.1504805,-80.8092194,,,,FIU,
FLAB14,FIU15096,27,SILICA,7/14/1998,1.656,mg/L,,FLAB,SAMP,MON,SA,G,SIO2,,N,A,0.1,,,FIU,0,25.1504805,-80.8092194,,,,FIU,
FLAB14,FIU15102,27,SILICA,9/30/1998,3.238,mg/L,,FLAB,SAMP,MON,SA,G,SIO2,,N,A,0.1,,,FIU,0,25.1504805,-80.8092194,,,,FIU,
FLAB14,FIU15108,27,SILICA,1/14/1999,0.772,mg/L,,FLAB,SAMP,MON,SA,G,SIO2,,N,A,0.1,,,FIU,0,25.1504805,-80.8092194,,,,FIU,
FLAB14,FIU15116,27,SILICA,5/28/1999,2.811,mg/L,,FLAB,SAMP,MON,SA,G,SIO2,,N,A,0.1,,,FIU,0,25.1504805,-80.8092194,,,,FIU,
FLAB14,FIU15120,27,SILICA,7/6/1999,3.99,mg/L,,FLAB,SAMP,MON,SA,G,SIO2,0.002,N,A,0.1,,,FIU,0,25.1504805,-80.8092194,,,,FIU,
FLAB14,FIU15128,27,SILICA,11/12/1999,1.916,mg/L,,FLAB,SAMP,MON,SA,G,SIO2,0.002,N,A,0.1,,,FIU,0,25.1504805,-80.8092194,,,,FIU,
FLAB14,FIU15132,27,SILICA,1/25/2000,0.167,mg/L,,FLAB,SAMP,MON,SA,G,SIO2,0.002,N,A,0.1,,,FIU,0,25.1504805,-80.8092194,,,,FIU,
FLAB14,FIU15138,27,SILICA,4/13/2000,1.186,mg/L,,FLAB,SAMP,MON,SA,G,SIO2,0.002,N,A,0.1,,,FIU,0,25.1504805,-80.8092194,,,,FIU,
FLAB14,FIU15144,27,SILICA,7/20/2000,1.453,mg/L,,FLAB,SAMP,MON,SA,G,SIO2,0.002,N,A,0.1,,,FIU,0,25.1504805,-80.8092194,,,,FIU,
FLAB14,FIU15150,27,SILICA,10/26/2000,1.888,mg/L,,FLAB,SAMP,MON,SA,G,SIO2,0.002,N,A,0.1,,,FIU,0,25.1504805,-80.8092194,,,,FIU,
FLAB14,FIU15156,27,SILICA,1/25/2001,0.417,mg/L,,FLAB,SAMP,MON,SA,G,SIO2,0.0011,N,A,0.1,,,FIU,0,25.1504805,-80.8092194,,,,FIU,
FLAB14,FIU15164,27,SILICA,5/2/2001,0,mg/L,T,FLAB,SAMP,MON,SA,G,SIO2,0.0011,N,A,0.1,,,FIU,0,25.1504805,-80.8092194,,,,FIU,
FLAB14,FIU15166,27,SILICA,7/12/2001,2.671,mg/L,,FLAB,SAMP,MON,SA,G,SIO2,0.0011,N,A,0.1,,,FIU,0,25.1504805,-80.8092194,,,,FIU,
FLAB14,FIU110488,27,SILICA,11/8/2001,0.568,mg/L,,FLAB,SAMP,MON,SA,G,SIO2,0.001,N,A,0.1,,,FIU,0,25.1504805,-80.8092194,,,,FIU,
FLAB14,FIU113118,27,SILICA,1/29/2002,1.165,mg/L,Q,FLAB,SAMP,MON,SA,G,SIO2,0.001,N,A,0.1,,,FIU,0,25.1504805,-80.8092194,,,,FIU,
FLAB14,134014,27,SILICA,4/9/2002,0.135,mg/L,Q,FLAB,SAMP,MON,SA,G,SIO2,0.0006,N,A,0.1,,,FIU,0,25.1504805,-80.8092194,,,,FIU,
FLAB14,138014,27,SILICA,8/19/2002,5.669,mg/L,,FLAB,SAMP,MON,SA,G,SIO2,0.0006,N,A,0.1,,,FIU,0,25.1504805,-80.8092194,,,,FIU,
FLAB14,140014,27,SILICA,10/17/2002,1.262,mg/L,,FLAB,SAMP,MON,SA,G,SIO2,0.0006,N,A,0.1,,,FIU,0,25.1504805,-80.8092194,,,,FIU,
FLAB14,143014,27,SILICA,1/28/2003,0.323,mg/L,,FLAB,SAMP,MON,SA,G,SIO2,0.0006,N,A,0.1,,,FIU,0,25.1504805,-80.8092194,,,,FIU,
FLAB14,146014,27,SILICA,4/9/2003,0.128,mg/L,,FLAB,SAMP,MON,SA,G,SIO2,0.0006,N,A,0.1,,,FIU,0,25.1504805,-80.8092194,,,,FIU,
FLAB14,149014,27,SILICA,7/1/2003,4.152,mg/L,,FLAB,SAMP,MON,SA,G,SIO2,0.0006,N,A,0.1,,,FIU,0,25.1504805,-80.8092194,,,,FIU,
FLAB14,152014,27,SILICA,10/15/2003,0.292,mg/L,,FLAB,SAMP,MON,SA,G,SIO2,0.0006,N,A,0.1,,,FIU,0,25.1504805,-80.8092194,,,,FIU,
FLAB14,155014,27,SILICA,1/21/2004,0.751,mg/L,Q,FLAB,SAMP,MON,SA,G,SIO2,0.0008,N,A,0.1,,,FIU,0,25.1504805,-80.8092194,,,,FIU,
FLAB14,158014,27,SILICA,4/21/2004,0.515,mg/L,,FLAB,SAMP,MON,SA,G,SIO2,0.0008,N,A,0.1,,,FIU,0,25.1504805,-80.8092194,,,,WMD,
FLAB14,161014,27,SILICA,7/27/2004,2.288,mg/L,,FLAB,SAMP,MON,SA,G,SIO2,0.0008,N,A,0.1,,,FIU,0,25.1504805,-80.8092194,,,,FIU,
FLAB14,164014,27,SILICA,10/26/2004,0.234,mg/L,,FLAB,SAMP,MON,SA,G,SIO2,0.0008,N,A,0.1,,,FIU,0,25.1504805,-80.8092194,,,,FIU,
FLAB14,FB188FB014UB,27,SILICA,10/9/2006,1.707,mg/L,J,FLAB,SAMP,MON,SA,G,SIO2,0.00084,N,A,0,,,FIU,0,25.1504805,-80.8092194,,,BA,WMD,
FLAB14,FB188FB014UA,27,SILICA,10/9/2006,1.781,mg/L,J,FLAB,SAMP,MON,SA,G,SIO2,0.00084,N,A,0,,,FIU,0,25.1504805,-80.8092194,,,BA,WMD,
FLAB14,FB191FB014UB,27,SILICA,1/11/2007,1.411,mg/L,A,FLAB,SAMP,MON,SA,G,SIO2,0.00084,N,A,0,,,FIU,0,25.1504805,-80.8092194,,,BA,WMD,
FLAB14,FB191FB014UA,27,SILICA,1/11/2007,1.322,mg/L,A,FLAB,SAMP,MON,SA,G,SIO2,0.00084,N,A,0,,,FIU,0,25.1504805,-80.8092194,,,BA,WMD,
FLAB14,FB194FB014UA,27,SILICA,4/3/2007,0.5623,mg/L,,FLAB,SAMP,MON,SA,G,SIO2,0.00084,N,A,0,,,FIU,0,25.1504805,-80.8092194,,,BA,WMD,
FLAB14,FB194FB014UB,27,SILICA,4/3/2007,0.5636,mg/L,,FLAB,SAMP,MON,SA,G,SIO2,0.00084,N,A,0,,,FIU,0,25.1504805,-80.8092194,,,BA,WMD,
FLAB14,FB197FB014UB,27,SILICA,7/3/2007,3.04,mg/L,A,FLAB,SAMP,MON,SA,G,SIO2,0.00084,N,A,0,,,FIU,0,25.1504805,-80.8092194,,,BA,WMD,
FLAB14,FB197FB014UA,27,SILICA,7/3/2007,3.05,mg/L,A,FLAB,SAMP,MON,SA,G,SIO2,0.00084,N,A,0,,,FIU,0,25.1504805,-80.8092194,,,BA,WMD,
FLAB14,P149559-5,28,SODIUM,5/13/2024,9625.3,mg/L,,GEMM,SAMP,MON,SA,G,NA,20,N,A,0.45,m,,WMD,0,25.1504805,-80.8092194,,,WT,WMD,Turbidity = 12.1 NTUSecchi depth = 0.7 mTotal depth = 0.9 mFilter turned yellow during processing
FLAB14,P149559-5,29,POTASSIUM,5/13/2024,356,mg/L,,GEMM,SAMP,MON,SA,G,K,5,N,A,0.45,m,,WMD,0,25.1504805,-80.8092194,,,WT,WMD,Turbidity = 12.1 NTUSecchi depth = 0.7 mTotal depth = 0.9 mFilter turned yellow during processing
FLAB14,P149559-5,30,CALCIUM,5/13/2024,372.9,mg/L,,GEMM,SAMP,MON,SA,G,CA,15,N,A,0.45,m,,WMD,0,25.1504805,-80.8092194,,,WT,WMD,Turbidity = 12.1 NTUSecchi depth = 0.7 mTotal depth = 0.9 mFilter turned yellow during processing
FLAB14,P149559-5,31,MAGNESIUM,5/13/2024,1183,mg/L,,GEMM,SAMP,MON,SA,G,MG,5,N,A,0.45,m,,WMD,0,25.1504805,-80.8092194,,,WT,WMD,Turbidity = 12.1 NTUSecchi depth = 0.7 mTotal depth = 0.9 mFilter turned yellow during processing
FLAB14,P149559-5,32,CHLORIDE,5/13/2024,17686,mg/L,,GEMM,SAMP,MON,SA,G,CL,50,N,A,0.45,m,,WMD,0,25.1504805,-80.8092194,,,WT,WMD,Turbidity = 12.1 NTUSecchi depth = 0.7 mTotal depth = 0.9 mFilter turned yellow during processing
FLAB14,P149559-5,33,SULFATE,5/13/2024,2485,mg/L,,GEMM,SAMP,MON,SA,G,SO4,5,N,A,0.45,m,,WMD,0,25.1504805,-80.8092194,,,WT,WMD,Turbidity = 12.1 NTUSecchi depth = 0.7 mTotal depth = 0.9 mFilter turned yellow during processing
FLAB14,P149559-5,35,HARDNESS AS CACO3,5/13/2024,5801.5,mg/L,,GEMM,SAMP,MON,SA,G,HARD,50,N,A,0.45,m,,WMD,0,25.1504805,-80.8092194,,,WT,WMD,Turbidity = 12.1 NTUSecchi depth = 0.7 mTotal depth = 0.9 mFilter turned yellow during processing
FLAB14,FIU14936,61,CHLOROPHYLL-A,4/15/1991,0.86,ug/L,,FLAB,SAMP,MON,SA,G,CHLA,,N,A,0,,,FIU,0,25.1504805,-80.8092194,,,,FIU,
FLAB14,FIU14937,61,CHLOROPHYLL-A,4/23/1991,1.12,ug/L,,FLAB,SAMP,MON,SA,G,CHLA,,N,A,0,,,FIU,0,25.1504805,-80.8092194,,,,FIU,
FLAB14,FIU14938,61,CHLOROPHYLL-A,5/8/1991,2.24,ug/L,,FLAB,SAMP,MON,SA,G,CHLA,,N,A,0,,,FIU,0,25.1504805,-80.8092194,,,,FIU,
FLAB14,FIU14939,61,CHLOROPHYLL-A,5/15/1991,1.72,ug/L,,FLAB,SAMP,MON,SA,G,CHLA,,N,A,0,,,FIU,0,25.1504805,-80.8092194,,,,FIU,
FLAB14,FIU14940,61,CHLOROPHYLL-A,6/15/1991,1.97,ug/L,,FLAB,SAMP,MON,SA,G,CHLA,,N,A,0,,,FIU,0,25.1504805,-80.8092194,,,,FIU,
FLAB14,FIU14941,61,CHLOROPHYLL-A,6/18/1991,2.56,ug/L,,FLAB,SAMP,MON,SA,G,CHLA,,N,A,0,,,FIU,0,25.1504805,-80.8092194,,,,FIU,
FLAB14,FIU14942,61,CHLOROPHYLL-A,7/15/1991,1,ug/L,,FLAB,SAMP,MON,SA,G,CHLA,,N,A,0,,,FIU,0,25.1504805,-80.8092194,,,,FIU,
FLAB14,FIU14943,61,CHLOROPHYLL-A,7/16/1991,1.3,ug/L,,FLAB,SAMP,MON,SA,G,CHLA,,N,A,0,,,FIU,0,25.1504805,-80.8092194,,,,FIU,
FLAB14,FIU14944,61,CHLOROPHYLL-A,7/30/1991,2.75,ug/L,,FLAB,SAMP,MON,SA,G,CHLA,,N,A,0,,,FIU,0,25.1504805,-80.8092194,,,,FIU,
FLAB14,FIU14945,61,CHLOROPHYLL-A,8/15/1991,2.12,ug/L,,FLAB,SAMP,MON,SA,G,CHLA,,N,A,0,,,FIU,0,25.1504805,-80.8092194,,,,FIU,
FLAB14,FIU14946,61,CHLOROPHYLL-A,9/15/1991,1.69,ug/L,,FLAB,SAMP,MON,SA,G,CHLA,,N,A,0,,,FIU,0,25.1504805,-80.8092194,,,,FIU,
FLAB14,FIU14947,61,CHLOROPHYLL-A,9/18/1991,2.2,ug/L,,FLAB,SAMP,MON,SA,G,CHLA,,N,A,0,,,FIU,0,25.1504805,-80.8092194,,,,FIU,
FLAB14,FIU14948,61,CHLOROPHYLL-A,10/9/1991,8.87,ug/L,,FLAB,SAMP,MON,SA,G,CHLA,,N,A,0,,,FIU,0,25.1504805,-80.8092194,,,,FIU,
FLAB14,FIU14949,61,CHLOROPHYLL-A,10/15/1991,6.82,ug/L,,FLAB,SAMP,MON,SA,G,CHLA,,N,A,0,,,FIU,0,25.1504805,-80.8092194,,,,FIU,
FLAB14,FIU14950,61,CHLOROPHYLL-A,11/15/1991,2.68,ug/L,,FLAB,SAMP,MON,SA,G,CHLA,,N,A,0,,,FIU,0,25.1504805,-80.8092194,,,,FIU,
FLAB14,FIU14951,61,CHLOROPHYLL-A,11/21/1991,3.49,ug/L,,FLAB,SAMP,MON,SA,G,CHLA,,N,A,0,,,FIU,0,25.1504805,-80.8092194,,,,FIU,
FLAB14,FIU14952,61,CHLOROPHYLL-A,12/10/1991,1.54,ug/L,,FLAB,SAMP,MON,SA,G,CHLA,,N,A,0,,,FIU,0,25.1504805,-80.8092194,,,,FIU,
FLAB14,FIU14953,61,CHLOROPHYLL-A,12/15/1991,1.18,ug/L,,FLAB,SAMP,MON,SA,G,CHLA,,N,A,0,,,FIU,0,25.1504805,-80.8092194,,,,FIU,
FLAB14,FIU14954,61,CHLOROPHYLL-A,1/15/1992,1.54,ug/L,,FLAB,SAMP,MON,SA,G,CHLA,,N,A,0,,,FIU,0,25.1504805,-80.8092194,,,,FIU,
FLAB14,FIU14955,61,CHLOROPHYLL-A,1/23/1992,2,ug/L,,FLAB,SAMP,MON,SA,G,CHLA,,N,A,0,,,FIU,0,25.1504805,-80.8092194,,,,FIU,
FLAB14,FIU14956,61,CHLOROPHYLL-A,2/15/1992,0.88,ug/L,,FLAB,SAMP,MON,SA,G,CHLA,,N,A,0,,,FIU,0,25.1504805,-80.8092194,,,,FIU,
FLAB14,FIU14957,61,CHLOROPHYLL-A,2/20/1992,1.15,ug/L,,FLAB,SAMP,MON,SA,G,CHLA,,N,A,0,,,FIU,0,25.1504805,-80.8092194,,,,FIU,
FLAB14,FIU14958,61,CHLOROPHYLL-A,3/10/1992,2.42,ug/L,,FLAB,SAMP,MON,SA,G,CHLA,,N,A,0,,,FIU,0,25.1504805,-80.8092194,,,,FIU,
FLAB14,FIU14959,61,CHLOROPHYLL-A,3/15/1992,1.86,ug/L,,FLAB,SAMP,MON,SA,G,CHLA,,N,A,0,,,FIU,0,25.1504805,-80.8092194,,,,FIU,
FLAB14,FIU14960,61,CHLOROPHYLL-A,4/15/1992,0.75,ug/L,,FLAB,SAMP,MON,SA,G,CHLA,,N,A,0,,,FIU,0,25.1504805,-80.8092194,,,,FIU,
FLAB14,FIU14961,61,CHLOROPHYLL-A,4/29/1992,0.98,ug/L,,FLAB,SAMP,MON,SA,G,CHLA,,N,A,0,,,FIU,0,25.1504805,-80.8092194,,,,FIU,
FLAB14,FIU14962,61,CHLOROPHYLL-A,5/15/1992,1.31,ug/L,,FLAB,SAMP,MON,SA,G,CHLA,,N,A,0,,,FIU,0,25.1504805,-80.8092194,,,,FIU,
FLAB14,FIU14963,61,CHLOROPHYLL-A,5/20/1992,1.7,ug/L,,FLAB,SAMP,MON,SA,G,CHLA,,N,A,0,,,FIU,0,25.1504805,-80.8092194,,,,FIU,
FLAB14,FIU14964,61,CHLOROPHYLL-A,6/15/1992,0.94,ug/L,,FLAB,SAMP,MON,SA,G,CHLA,,N,A,0,,,FIU,0,25.1504805,-80.8092194,,,,FIU,
FLAB14,FIU14965,61,CHLOROPHYLL-A,7/1/1992,1.23,ug/L,,FLAB,SAMP,MON,SA,G,CHLA,,N,A,0,,,FIU,0,25.1504805,-80.8092194,,,,FIU,
FLAB14,FIU14966,61,CHLOROPHYLL-A,7/15/1992,1.25,ug/L,,FLAB,SAMP,MON,SA,G,CHLA,,N,A,0,,,FIU,0,25.1504805,-80.8092194,,,,FIU,
FLAB14,FIU14967,61,CHLOROPHYLL-A,7/22/1992,1.63,ug/L,,FLAB,SAMP,MON,SA,G,CHLA,,N,A,0,,,FIU,0,25.1504805,-80.8092194,,,,FIU,
FLAB14,FIU14968,61,CHLOROPHYLL-A,8/15/1992,0.8,ug/L,,FLAB,SAMP,MON,SA,G,CHLA,,N,A,0,,,FIU,0,25.1504805,-80.8092194,,,,FIU,
FLAB14,FIU14969,61,CHLOROPHYLL-A,8/19/1992,1.04,ug/L,,FLAB,SAMP,MON,SA,G,CHLA,,N,A,0,,,FIU,0,25.1504805,-80.8092194,,,,FIU,
FLAB14,FIU14970,61,CHLOROPHYLL-A,9/9/1992,7.19,ug/L,,FLAB,SAMP,MON,SA,G,CHLA,,N,A,0,,,FIU,0,25.1504805,-80.8092194,,,,FIU,
FLAB14,FIU14971,61,CHLOROPHYLL-A,9/15/1992,5.53,ug/L,,FLAB,SAMP,MON,SA,G,CHLA,,N,A,0,,,FIU,0,25.1504805,-80.8092194,,,,FIU,
FLAB14,FIU14972,61,CHLOROPHYLL-A,10/14/1992,11.19,ug/L,,FLAB,SAMP,MON,SA,G,CHLA,,N,A,0,,,FIU,0,25.1504805,-80.8092194,,,,FIU,
FLAB14,FIU14973,61,CHLOROPHYLL-A,10/15/1992,8.61,ug/L,,FLAB,SAMP,MON,SA,G,CHLA,,N,A,0,,,FIU,0,25.1504805,-80.8092194,,,,FIU,
FLAB14,FIU14974,61,CHLOROPHYLL-A,11/11/1992,6.59,ug/L,,FLAB,SAMP,MON,SA,G,CHLA,,N,A,0,,,FIU,0,25.1504805,-80.8092194,,,,FIU,
FLAB14,FIU14975,61,CHLOROPHYLL-A,11/15/1992,5.07,ug/L,,FLAB,SAMP,MON,SA,G,CHLA,,N,A,0,,,FIU,0,25.1504805,-80.8092194,,,,FIU,
FLAB14,FIU14976,61,CHLOROPHYLL-A,12/1/1992,2.26,ug/L,,FLAB,SAMP,MON,SA,G,CHLA,,N,A,0,,,FIU,0,25.1504805,-80.8092194,,,,FIU,
FLAB14,FIU14977,61,CHLOROPHYLL-A,12/15/1992,1.74,ug/L,,FLAB,SAMP,MON,SA,G,CHLA,,N,A,0,,,FIU,0,25.1504805,-80.8092194,,,,FIU,
FLAB14,FIU14978,61,CHLOROPHYLL-A,1/21/1993,1.84,ug/L,,FLAB,SAMP,MON,SA,G,CHLA,,N,A,0,,,FIU,0,25.1504805,-80.8092194,,,,FIU,
FLAB14,FIU14979,61,CHLOROPHYLL-A,2/10/1993,2.89,ug/L,,FLAB,SAMP,MON,SA,G,CHLA,,N,A,0,,,FIU,0,25.1504805,-80.8092194,,,,FIU,
FLAB14,FIU14980,61,CHLOROPHYLL-A,3/10/1993,1.74,ug/L,,FLAB,SAMP,MON,SA,G,CHLA,,N,A,0,,,FIU,0,25.1504805,-80.8092194,,,,FIU,
FLAB14,FIU14981,61,CHLOROPHYLL-A,4/7/1993,1.37,ug/L,,FLAB,SAMP,MON,SA,G,CHLA,,N,A,0,,,FIU,0,25.1504805,-80.8092194,,,,FIU,
FLAB14,FIU14982,61,CHLOROPHYLL-A,5/12/1993,4,ug/L,,FLAB,SAMP,MON,SA,G,CHLA,,N,A,0,,,FIU,0,25.1504805,-80.8092194,,,,FIU,
FLAB14,FIU14983,61,CHLOROPHYLL-A,6/3/1993,2.75,ug/L,,FLAB,SAMP,MON,SA,G,CHLA,,N,A,0,,,FIU,0,25.1504805,-80.8092194,,,,FIU,
FLAB14,FIU14984,61,CHLOROPHYLL-A,7/7/1993,6.39,ug/L,,FLAB,SAMP,MON,SA,G,CHLA,,N,A,0,,,FIU,0,25.1504805,-80.8092194,,,,FIU,
FLAB14,FIU14985,61,CHLOROPHYLL-A,8/4/1993,4.37,ug/L,,FLAB,SAMP,MON,SA,G,CHLA,,N,A,0,,,FIU,0,25.1504805,-80.8092194,,,,FIU,
FLAB14,FIU14986,61,CHLOROPHYLL-A,9/9/1993,1.18,ug/L,,FLAB,SAMP,MON,SA,G,CHLA,,N,A,0,,,FIU,0,25.1504805,-80.8092194,,,,FIU,
FLAB14,FIU14987,61,CHLOROPHYLL-A,10/6/1993,6,ug/L,,FLAB,SAMP,MON,SA,G,CHLA,,N,A,0,,,FIU,0,25.1504805,-80.8092194,,,,FIU,
FLAB14,FIU14988,61,CHLOROPHYLL-A,11/3/1993,6.04,ug/L,,FLAB,SAMP,MON,SA,G,CHLA,,N,A,0,,,FIU,0,25.1504805,-80.8092194,,,,FIU,
FLAB14,FIU14989,61,CHLOROPHYLL-A,12/2/1993,10.5,ug/L,,FLAB,SAMP,MON,SA,G,CHLA,,N,A,0,,,FIU,0,25.1504805,-80.8092194,,,,FIU,
FLAB14,FIU14990,61,CHLOROPHYLL-A,1/11/1994,9.6,ug/L,,FLAB,SAMP,MON,SA,G,CHLA,,N,A,0,,,FIU,0,25.1504805,-80.8092194,,,,FIU,
FLAB14,FIU14991,61,CHLOROPHYLL-A,2/2/1994,9.41,ug/L,,FLAB,SAMP,MON,SA,G,CHLA,,N,A,0,,,FIU,0,25.1504805,-80.8092194,,,,FIU,
FLAB14,FIU14992,61,CHLOROPHYLL-A,3/8/1994,1.06,ug/L,,FLAB,SAMP,MON,SA,G,CHLA,,N,A,0,,,FIU,0,25.1504805,-80.8092194,,,,FIU,
FLAB14,FIU14993,61,CHLOROPHYLL-A,4/6/1994,1.486,ug/L,A,FLAB,SAMP,MON,SA,G,CHLA,,N,A,0,,,FIU,0,25.1504805,-80.8092194,,,,FIU,
FLAB14,FIU14995,61,CHLOROPHYLL-A,5/4/1994,10.308,ug/L,A,FLAB,SAMP,MON,SA,G,CHLA,,N,A,0,,,FIU,0,25.1504805,-80.8092194,,,,FIU,
FLAB14,FIU14997,61,CHLOROPHYLL-A,6/8/1994,4.623,ug/L,A,FLAB,SAMP,MON,SA,G,CHLA,,N,A,0,,,FIU,0,25.1504805,-80.8092194,,,,FIU,
FLAB14,FIU14999,61,CHLOROPHYLL-A,7/7/1994,5.886,ug/L,A,FLAB,SAMP,MON,SA,G,CHLA,,N,A,0,,,FIU,0,25.1504805,-80.8092194,,,,FIU,
FLAB14,FIU15001,61,CHLOROPHYLL-A,8/4/1994,8.4,ug/L,A,FLAB,SAMP,MON,SA,G,CHLA,,N,A,0,,,FIU,0,25.1504805,-80.8092194,,,,FIU,
FLAB14,FIU15003,61,CHLOROPHYLL-A,9/14/1994,3.6,ug/L,A,FLAB,SAMP,MON,SA,G,CHLA,,N,A,0,,,FIU,0,25.1504805,-80.8092194,,,,FIU,
FLAB14,FIU15005,61,CHLOROPHYLL-A,10/5/1994,10,ug/L,A,FLAB,SAMP,MON,SA,G,CHLA,,N,A,0,,,FIU,0,25.1504805,-80.8092194,,,,FIU,
FLAB14,FIU15007,61,CHLOROPHYLL-A,11/2/1994,7.5,ug/L,A,FLAB,SAMP,MON,SA,G,CHLA,,N,A,0,,,FIU,0,25.1504805,-80.8092194,,,,FIU,
FLAB14,FIU15009,61,CHLOROPHYLL-A,11/22/1994,3.9,ug/L,A,FLAB,SAMP,MON,SA,G,CHLA,,N,A,0,,,FIU,0,25.1504805,-80.8092194,,,,FIU,
FLAB14,FIU15011,61,CHLOROPHYLL-A,12/1/1994,4.6,ug/L,A,FLAB,SAMP,MON,SA,G,CHLA,,N,A,0,,,FIU,0,25.1504805,-80.8092194,,,,FIU,
FLAB14,FIU15013,61,CHLOROPHYLL-A,1/5/1995,3.6,ug/L,,FLAB,SAMP,MON,SA,G,CHLA,,N,A,0,,,FIU,0,25.1504805,-80.8092194,,,,FIU,
FLAB14,FIU15015,61,CHLOROPHYLL-A,2/2/1995,0.9,ug/L,,FLAB,SAMP,MON,SA,G,CHLA,,N,A,0,,,FIU,0,25.1504805,-80.8092194,,,,FIU,
FLAB14,FIU15017,61,CHLOROPHYLL-A,3/1/1995,2.3,ug/L,,FLAB,SAMP,MON,SA,G,CHLA,,N,A,0,,,FIU,0,25.1504805,-80.8092194,,,,FIU,
FLAB14,FIU15019,61,CHLOROPHYLL-A,4/19/1995,2.9,ug/L,,FLAB,SAMP,MON,SA,G,CHLA,,N,A,0,,,FIU,0,25.1504805,-80.8092194,,,,FIU,
FLAB14,FIU15021,61,CHLOROPHYLL-A,5/24/1995,0.2,ug/L,,FLAB,SAMP,MON,SA,G,CHLA,,N,A,0,,,FIU,0,25.1504805,-80.8092194,,,,FIU,
FLAB14,FIU15023,61,CHLOROPHYLL-A,6/21/1995,7.6,ug/L,,FLAB,SAMP,MON,SA,G,CHLA,,N,A,0,,,FIU,0,25.1504805,-80.8092194,,,,FIU,
FLAB14,FIU15025,61,CHLOROPHYLL-A,7/12/1995,0.5,ug/L,,FLAB,SAMP,MON,SA,G,CHLA,,N,A,0,,,FIU,0,25.1504805,-80.8092194,,,,FIU,
FLAB14,FIU15027,61,CHLOROPHYLL-A,8/11/1995,10.4,ug/L,,FLAB,SAMP,MON,SA,G,CHLA,,N,A,0,,,FIU,0,25.1504805,-80.8092194,,,,FIU,
FLAB14,FIU15029,61,CHLOROPHYLL-A,9/6/1995,99,ug/L,O,FLAB,SAMP,MON,SA,G,CHLA,,Y,A,0,,,FIU,0,25.1504805,-80.8092194,,,,FIU,
FLAB14,FIU15031,61,CHLOROPHYLL-A,10/22/1995,5,ug/L,,FLAB,SAMP,MON,SA,G,CHLA,,N,A,0,,,FIU,0,25.1504805,-80.8092194,,,,FIU,
FLAB14,FIU15033,61,CHLOROPHYLL-A,11/17/1995,6.6,ug/L,,FLAB,SAMP,MON,SA,G,CHLA,,N,A,0,,,FIU,0,25.1504805,-80.8092194,,,,FIU,
FLAB14,FIU15035,61,CHLOROPHYLL-A,12/14/1995,1.6,ug/L,,FLAB,SAMP,MON,SA,G,CHLA,,N,A,0,,,FIU,0,25.1504805,-80.8092194,,,,FIU,
FLAB14,FIU15037,61,CHLOROPHYLL-A,1/23/1996,3.7,ug/L,,FLAB,SAMP,MON,SA,G,CHLA,,N,A,0,,,FIU,0,25.1504805,-80.8092194,,,,FIU,
FLAB14,FIU15039,61,CHLOROPHYLL-A,2/12/1996,2.6,ug/L,,FLAB,SAMP,MON,SA,G,CHLA,,N,A,0,,,FIU,0,25.1504805,-80.8092194,,,,FIU,
FLAB14,FIU15041,61,CHLOROPHYLL-A,3/22/1996,1,ug/L,,FLAB,SAMP,MON,SA,G,CHLA,,N,A,0,,,FIU,0,25.1504805,-80.8092194,,,,FIU,
FLAB14,FIU15043,61,CHLOROPHYLL-A,4/25/1996,1.2,ug/L,,FLAB,SAMP,MON,SA,G,CHLA,,N,A,0,,,FIU,0,25.1504805,-80.8092194,,,,FIU,
FLAB14,FIU15045,61,CHLOROPHYLL-A,5/10/1996,3,ug/L,,FLAB,SAMP,MON,SA,G,CHLA,,N,A,0,,,FIU,0,25.1504805,-80.8092194,,,,FIU,
FLAB14,FIU15047,61,CHLOROPHYLL-A,6/6/1996,4.7,ug/L,,FLAB,SAMP,MON,SA,G,CHLA,,N,A,0,,,FIU,0,25.1504805,-80.8092194,,,,FIU,
FLAB14,FIU15049,61,CHLOROPHYLL-A,7/4/1996,1.4,ug/L,,FLAB,SAMP,MON,SA,G,CHLA,,N,A,0.1,,,FIU,0,25.1504805,-80.8092194,,,,FIU,
FLAB14,FIU15051,61,CHLOROPHYLL-A,8/22/1996,5.2,ug/L,,FLAB,SAMP,MON,SA,G,CHLA,,N,A,0.1,,,FIU,0,25.1504805,-80.8092194,,,,FIU,
FLAB14,FIU15053,61,CHLOROPHYLL-A,9/14/1996,1.1,ug/L,,FLAB,SAMP,MON,SA,G,CHLA,,N,A,0.1,,,FIU,0,25.1504805,-80.8092194,,,,FIU,
FLAB14,FIU15055,61,CHLOROPHYLL-A,10/15/1996,6.2,ug/L,,FLAB,SAMP,MON,SA,G,CHLA,,N,A,0.1,,,FIU,0,25.1504805,-80.8092194,,,,FIU,
FLAB14,FIU15057,61,CHLOROPHYLL-A,11/7/1996,1.7,ug/L,,FLAB,SAMP,MON,SA,G,CHLA,,N,A,0.1,,,FIU,0,25.1504805,-80.8092194,,,,FIU,
FLAB14,FIU15059,61,CHLOROPHYLL-A,12/6/1996,3,ug/L,,FLAB,SAMP,MON,SA,G,CHLA,,N,A,0.1,,,FIU,0,25.1504805,-80.8092194,,,,FIU,
FLAB14,FIU15061,61,CHLOROPHYLL-A,1/8/1997,10,ug/L,,FLAB,SAMP,MON,SA,G,CHLA,,N,A,0.1,,,FIU,0,25.1504805,-80.8092194,,,,FIU,
FLAB14,FIU15063,61,CHLOROPHYLL-A,2/15/1997,1.9,ug/L,,FLAB,SAMP,MON,SA,G,CHLA,,N,A,0.1,,,FIU,0,25.1504805,-80.8092194,,,,FIU,
FLAB14,FIU15065,61,CHLOROPHYLL-A,3/12/1997,0.7,ug/L,,FLAB,SAMP,MON,SA,G,CHLA,,N,A,0.1,,,FIU,0,25.1504805,-80.8092194,,,,FIU,
FLAB14,FIU15067,61,CHLOROPHYLL-A,4/16/1997,1.6,ug/L,,FLAB,SAMP,MON,SA,G,CHLA,,N,A,0.1,,,FIU,0,25.1504805,-80.8092194,,,,FIU,
FLAB14,FIU15069,61,CHLOROPHYLL-A,5/22/1997,2.3,ug/L,,FLAB,SAMP,MON,SA,G,CHLA,,N,A,0.1,,,FIU,0,25.1504805,-80.8092194,,,,FIU,
FLAB14,FIU15071,61,CHLOROPHYLL-A,6/12/1997,1,ug/L,,FLAB,SAMP,MON,SA,G,CHLA,,N,A,0.1,,,FIU,0,25.1504805,-80.8092194,,,,FIU,
FLAB14,FIU15073,61,CHLOROPHYLL-A,7/10/1997,4,ug/L,,FLAB,SAMP,MON,SA,G,CHLA,,N,A,0.1,,,FIU,0,25.1504805,-80.8092194,,,,FIU,
FLAB14,FIU15074,61,CHLOROPHYLL-A,8/20/1997,6.9,ug/L,,FLAB,SAMP,MON,SA,G,CHLA,,N,A,0.1,,,FIU,0,25.1504805,-80.8092194,,,,FIU,
FLAB14,FIU15076,61,CHLOROPHYLL-A,9/10/1997,5.8,ug/L,,FLAB,SAMP,MON,SA,G,CHLA,,N,A,0.1,,,FIU,0,25.1504805,-80.8092194,,,,FIU,
FLAB14,FIU15078,61,CHLOROPHYLL-A,10/21/1997,4,ug/L,,FLAB,SAMP,MON,SA,G,CHLA,,N,A,0.1,,,FIU,0,25.1504805,-80.8092194,,,,FIU,
FLAB14,FIU15080,61,CHLOROPHYLL-A,11/25/1997,1.6,ug/L,,FLAB,SAMP,MON,SA,G,CHLA,,N,A,0.1,,,FIU,0,25.1504805,-80.8092194,,,,FIU,
FLAB14,FIU15082,61,CHLOROPHYLL-A,12/12/1997,1.7,ug/L,,FLAB,SAMP,MON,SA,G,CHLA,,N,A,0.1,,,FIU,0,25.1504805,-80.8092194,,,,FIU,
FLAB14,FIU15084,61,CHLOROPHYLL-A,1/21/1998,0.8,ug/L,,FLAB,SAMP,MON,SA,G,CHLA,,N,A,0.1,,,FIU,0,25.1504805,-80.8092194,,,,FIU,
FLAB14,FIU15086,61,CHLOROPHYLL-A,2/18/1998,2.3,ug/L,,FLAB,SAMP,MON,SA,G,CHLA,,N,A,0.1,,,FIU,0,25.1504805,-80.8092194,,,,FIU,
FLAB14,FIU15088,61,CHLOROPHYLL-A,3/20/1998,3.5,ug/L,,FLAB,SAMP,MON,SA,G,CHLA,,N,A,0.1,,,FIU,0,25.1504805,-80.8092194,,,,FIU,
FLAB14,FIU15090,61,CHLOROPHYLL-A,4/15/1998,1.8,ug/L,,FLAB,SAMP,MON,SA,G,CHLA,,N,A,0.1,,,FIU,0,25.1504805,-80.8092194,,,,FIU,
FLAB14,FIU15092,61,CHLOROPHYLL-A,5/14/1998,1.3,ug/L,,FLAB,SAMP,MON,SA,G,CHLA,,N,A,0.1,,,FIU,0,25.1504805,-80.8092194,,,,FIU,
FLAB14,FIU15094,61,CHLOROPHYLL-A,6/10/1998,1.4,ug/L,,FLAB,SAMP,MON,SA,G,CHLA,,N,A,0.1,,,FIU,0,25.1504805,-80.8092194,,,,FIU,
FLAB14,FIU15096,61,CHLOROPHYLL-A,7/14/1998,0.6,ug/L,,FLAB,SAMP,MON,SA,G,CHLA,,N,A,0.1,,,FIU,0,25.1504805,-80.8092194,,,,FIU,
FLAB14,FIU15098,61,CHLOROPHYLL-A,8/19/1998,7.3,ug/L,,FLAB,SAMP,MON,SA,G,CHLA,,N,A,0.1,,,FIU,0,25.1504805,-80.8092194,,,,FIU,
FLAB14,FIU15100,61,CHLOROPHYLL-A,9/17/1998,6.2,ug/L,,FLAB,SAMP,MON,SA,G,CHLA,,N,A,0.1,,,FIU,0,25.1504805,-80.8092194,,,,FIU,
FLAB14,FIU15102,61,CHLOROPHYLL-A,9/30/1998,7.3,ug/L,,FLAB,SAMP,MON,SA,G,CHLA,,N,A,0.1,,,FIU,0,25.1504805,-80.8092194,,,,FIU,
FLAB14,FIU15104,61,CHLOROPHYLL-A,11/3/1998,6,ug/L,,FLAB,SAMP,MON,SA,G,CHLA,,N,A,0.1,,,FIU,0,25.1504805,-80.8092194,,,,FIU,
FLAB14,FIU15106,61,CHLOROPHYLL-A,12/1/1998,12.9,ug/L,,FLAB,SAMP,MON,SA,G,CHLA,,N,A,0.1,,,FIU,0,25.1504805,-80.8092194,,,,FIU,
FLAB14,FIU15108,61,CHLOROPHYLL-A,1/14/1999,6.8,ug/L,,FLAB,SAMP,MON,SA,G,CHLA,,N,A,0.1,,,FIU,0,25.1504805,-80.8092194,,,,FIU,
FLAB14,FIU15110,61,CHLOROPHYLL-A,2/10/1999,12.6,ug/L,,FLAB,SAMP,MON,SA,G,CHLA,,N,A,0.1,,,FIU,0,25.1504805,-80.8092194,,,,FIU,
FLAB14,FIU15112,61,CHLOROPHYLL-A,3/23/1999,0.7,ug/L,,FLAB,SAMP,MON,SA,G,CHLA,,N,A,0.1,,,FIU,0,25.1504805,-80.8092194,,,,FIU,
FLAB14,FIU15114,61,CHLOROPHYLL-A,4/29/1999,3,ug/L,,FLAB,SAMP,MON,SA,G,CHLA,,N,A,0.1,,,FIU,0,25.1504805,-80.8092194,,,,FIU,
FLAB14,FIU15116,61,CHLOROPHYLL-A,5/28/1999,4.5,ug/L,,FLAB,SAMP,MON,SA,G,CHLA,,N,A,0.1,,,FIU,0,25.1504805,-80.8092194,,,,FIU,
FLAB14,FIU15118,61,CHLOROPHYLL-A,6/17/1999,11.6,ug/L,,FLAB,SAMP,MON,SA,G,CHLA,,N,A,0.1,,,FIU,0,25.1504805,-80.8092194,,,,FIU,
FLAB14,FIU15120,61,CHLOROPHYLL-A,7/6/1999,6.4,ug/L,,FLAB,SAMP,MON,SA,G,CHLA,,N,A,0.1,,,FIU,0,25.1504805,-80.8092194,,,,FIU,
FLAB14,FIU15122,61,CHLOROPHYLL-A,8/24/1999,6.2,ug/L,,FLAB,SAMP,MON,SA,G,CHLA,,N,A,0.1,,,FIU,0,25.1504805,-80.8092194,,,,FIU,
FLAB14,FIU15124,61,CHLOROPHYLL-A,9/23/1999,2.1,ug/L,,FLAB,SAMP,MON,SA,G,CHLA,,N,A,0.1,,,FIU,0,25.1504805,-80.8092194,,,,FIU,
FLAB14,FIU15126,61,CHLOROPHYLL-A,10/26/1999,35.6,ug/L,,FLAB,SAMP,MON,SA,G,CHLA,0.1,N,A,0.1,,,FIU,0,25.1504805,-80.8092194,,,,FIU,
FLAB14,FIU15128,61,CHLOROPHYLL-A,11/12/1999,18.5,ug/L,,FLAB,SAMP,MON,SA,G,CHLA,0.1,N,A,0.1,,,FIU,0,25.1504805,-80.8092194,,,,FIU,
FLAB14,FIU15130,61,CHLOROPHYLL-A,12/3/1999,9.8,ug/L,,FLAB,SAMP,MON,SA,G,CHLA,0.1,N,A,0.1,,,FIU,0,25.1504805,-80.8092194,,,,FIU,
FLAB14,FIU15132,61,CHLOROPHYLL-A,1/25/2000,7.4,ug/L,,FLAB,SAMP,MON,SA,G,CHLA,,N,A,0.1,,,FIU,0,25.1504805,-80.8092194,,,,FIU,
FLAB14,FIU15134,61,CHLOROPHYLL-A,2/28/2000,6,ug/L,,FLAB,SAMP,MON,SA,G,CHLA,,N,A,0.1,,,FIU,0,25.1504805,-80.8092194,,,,FIU,
FLAB14,FIU15136,61,CHLOROPHYLL-A,3/21/2000,17.5,ug/L,,FLAB,SAMP,MON,SA,G,CHLA,,N,A,0.1,,,FIU,0,25.1504805,-80.8092194,,,,FIU,
FLAB14,FIU15138,61,CHLOROPHYLL-A,4/13/2000,5.5,ug/L,,FLAB,SAMP,MON,SA,G,CHLA,0.1,N,A,0.1,,,FIU,0,25.1504805,-80.8092194,,,,FIU,
FLAB14,FIU15140,61,CHLOROPHYLL-A,5/30/2000,0.8,ug/L,,FLAB,SAMP,MON,SA,G,CHLA,0.1,N,A,0.1,,,FIU,0,25.1504805,-80.8092194,,,,FIU,
FLAB14,FIU15142,61,CHLOROPHYLL-A,6/20/2000,1.2,ug/L,,FLAB,SAMP,MON,SA,G,CHLA,0.1,N,A,0.1,,,FIU,0,25.1504805,-80.8092194,,,,FIU,
FLAB14,FIU15144,61,CHLOROPHYLL-A,7/20/2000,0.8,ug/L,,FLAB,SAMP,MON,SA,G,CHLA,0.1,N,A,0.1,,,FIU,0,25.1504805,-80.8092194,,,,FIU,
FLAB14,FIU15146,61,CHLOROPHYLL-A,8/29/2000,2,ug/L,,FLAB,SAMP,MON,SA,G,CHLA,0.1,N,A,0.1,,,FIU,0,25.1504805,-80.8092194,,,,FIU,
FLAB14,FIU15148,61,CHLOROPHYLL-A,9/29/2000,7.5,ug/L,,FLAB,SAMP,MON,SA,G,CHLA,0.1,N,A,0.1,,,FIU,0,25.1504805,-80.8092194,,,,FIU,
FLAB14,FIU15150,61,CHLOROPHYLL-A,10/26/2000,4.4,ug/L,,FLAB,SAMP,MON,SA,G,CHLA,0.1,N,A,0.1,,,FIU,0,25.1504805,-80.8092194,,,,FIU,
FLAB14,FIU15152,61,CHLOROPHYLL-A,11/30/2000,0.9,ug/L,,FLAB,SAMP,MON,SA,G,CHLA,0.1,N,A,0.1,,,FIU,0,25.1504805,-80.8092194,,,,FIU,
FLAB14,FIU15154,61,CHLOROPHYLL-A,12/11/2000,5,ug/L,,FLAB,SAMP,MON,SA,G,CHLA,0.1,N,A,0.1,,,FIU,0,25.1504805,-80.8092194,,,,FIU,
FLAB14,FIU15156,61,CHLOROPHYLL-A,1/25/2001,0.5,ug/L,,FLAB,SAMP,MON,SA,G,CHLA,0.1,N,A,0.1,,,FIU,0,25.1504805,-80.8092194,,,,FIU,
FLAB14,FIU15158,61,CHLOROPHYLL-A,2/21/2001,0.5,ug/L,,FLAB,SAMP,MON,SA,G,CHLA,0.1,N,A,0.1,,,FIU,0,25.1504805,-80.8092194,,,,FIU,
FLAB14,FIU15160,61,CHLOROPHYLL-A,3/6/2001,0.7,ug/L,,FLAB,SAMP,MON,SA,G,CHLA,0.1,N,A,0.1,,,FIU,0,25.1504805,-80.8092194,,,,FIU,
FLAB14,FIU15162,61,CHLOROPHYLL-A,4/3/2001,0.7,ug/L,,FLAB,SAMP,MON,SA,G,CHLA,0.1,N,A,0.1,,,FIU,0,25.1504805,-80.8092194,,,,FIU,
FLAB14,FIU15164,61,CHLOROPHYLL-A,5/2/2001,0.3,ug/L,,FLAB,SAMP,MON,SA,G,CHLA,0.1,N,A,0.1,,,FIU,0,25.1504805,-80.8092194,,,,FIU,
FLAB14,FIU110784,61,CHLOROPHYLL-A,6/5/2001,0.8,ug/L,,FLAB,SAMP,MON,SA,G,CHLA,0.1,N,A,0.1,,,FIU,0,25.1504805,-80.8092194,,,,FIU,
FLAB14,FIU15166,61,CHLOROPHYLL-A,7/12/2001,1,ug/L,,FLAB,SAMP,MON,SA,G,CHLA,0.1,N,A,0.1,,,FIU,0,25.1504805,-80.8092194,,,,FIU,
FLAB14,FIU15168,61,CHLOROPHYLL-A,8/14/2001,2.3,ug/L,,FLAB,SAMP,MON,SA,G,CHLA,0.1,N,A,0.1,,,FIU,0,25.1504805,-80.8092194,,,,FIU,
FLAB14,FIU15170,61,CHLOROPHYLL-A,9/5/2001,2.6,ug/L,,FLAB,SAMP,MON,SA,G,CHLA,0.1,N,A,0.1,,,FIU,0,25.1504805,-80.8092194,,,,FIU,
FLAB14,FIU110486,61,CHLOROPHYLL-A,10/23/2001,2.6,ug/L,,FLAB,SAMP,MON,SA,G,CHLA,0.1,N,A,0.1,,,FIU,0,25.1504805,-80.8092194,,,,FIU,
FLAB14,FIU110488,61,CHLOROPHYLL-A,11/8/2001,0.8,ug/L,,FLAB,SAMP,MON,SA,G,CHLA,0.1,N,A,0.1,,,FIU,0,25.1504805,-80.8092194,,,,FIU,
FLAB14,FIU110490,61,CHLOROPHYLL-A,12/3/2001,6,ug/L,Q,FLAB,SAMP,MON,SA,G,CHLA,0.1,N,A,0.1,,,FIU,0,25.1504805,-80.8092194,,,,FIU,
FLAB14,FIU113118,61,CHLOROPHYLL-A,1/29/2002,5.2,ug/L,,FLAB,SAMP,MON,SA,G,CHLA,0.1,N,A,0.1,,,FIU,0,25.1504805,-80.8092194,,,,FIU,
FLAB14,FIU113120,61,CHLOROPHYLL-A,2/20/2002,3.4,ug/L,,FLAB,SAMP,MON,SA,G,CHLA,0.1,N,A,0.1,,,FIU,0,25.1504805,-80.8092194,,,,FIU,
FLAB14,FIU113122,61,CHLOROPHYLL-A,3/19/2002,0.6,ug/L,,FLAB,SAMP,MON,SA,G,CHLA,0.1,N,A,0.1,,,FIU,0,25.1504805,-80.8092194,,,,FIU,
FLAB14,134014,61,CHLOROPHYLL-A,4/9/2002,0.9,ug/L,,FLAB,SAMP,MON,SA,G,CHLA,0.1,N,A,0.1,,,FIU,0,25.1504805,-80.8092194,,,,FIU,
FLAB14,FIU114988,61,CHLOROPHYLL-A,4/9/2002,0.9,ug/L,,FLAB,SAMP,MON,SA,G,CHLA,0.1,N,A,0.1,,,FIU,0,25.1504805,-80.8092194,,,,FIU,
FLAB14,135014,61,CHLOROPHYLL-A,5/15/2002,0.5,ug/L,,FLAB,SAMP,MON,SA,G,CHLA,0.1,N,A,0.1,,,FIU,0,25.1504805,-80.8092194,,,,FIU,
FLAB14,FIU114990,61,CHLOROPHYLL-A,5/15/2002,0.5,ug/L,,FLAB,SAMP,MON,SA,G,CHLA,0.1,N,A,0.1,,,FIU,0,25.1504805,-80.8092194,,,,FIU,
FLAB14,136014,61,CHLOROPHYLL-A,6/4/2002,1,ug/L,,FLAB,SAMP,MON,SA,G,CHLA,0.1,N,A,0.1,,,FIU,0,25.1504805,-80.8092194,,,,FIU,
FLAB14,FIU114992,61,CHLOROPHYLL-A,6/4/2002,1,ug/L,,FLAB,SAMP,MON,SA,G,CHLA,0.1,N,A,0.1,,,FIU,0,25.1504805,-80.8092194,,,,FIU,
FLAB14,137014,61,CHLOROPHYLL-A,7/11/2002,12.3,ug/L,,FLAB,SAMP,MON,SA,G,CHLA,0.1,N,A,0.1,,,FIU,0,25.1504805,-80.8092194,,,,FIU,
FLAB14,138014,61,CHLOROPHYLL-A,8/19/2002,6.5,ug/L,,FLAB,SAMP,MON,SA,G,CHLA,0.1,N,A,0.1,,,FIU,0,25.1504805,-80.8092194,,,,FIU,
FLAB14,139014,61,CHLOROPHYLL-A,9/17/2002,5.5,ug/L,,FLAB,SAMP,MON,SA,G,CHLA,0.1,N,A,0.1,,,FIU,0,25.1504805,-80.8092194,,,,FIU,
FLAB14,140014,61,CHLOROPHYLL-A,10/17/2002,2.5,ug/L,,FLAB,SAMP,MON,SA,G,CHLA,0.1,N,A,0.1,,,FIU,0,25.1504805,-80.8092194,,,,FIU,
FLAB14,141014,61,CHLOROPHYLL-A,11/14/2002,3.4,ug/L,,FLAB,SAMP,MON,SA,G,CHLA,0.1,N,A,0.1,,,FIU,0,25.1504805,-80.8092194,,,,FIU,
FLAB14,142014,61,CHLOROPHYLL-A,12/11/2002,1.1,ug/L,,FLAB,SAMP,MON,SA,G,CHLA,0.1,N,A,0.1,,,FIU,0,25.1504805,-80.8092194,,,,FIU,
FLAB14,143014,61,CHLOROPHYLL-A,1/28/2003,0.5,ug/L,,FLAB,SAMP,MON,SA,G,CHLA,0.1,N,A,0.1,,,FIU,0,25.1504805,-80.8092194,,,,FIU,
FLAB14,144014,61,CHLOROPHYLL-A,2/25/2003,0.7,ug/L,,FLAB,SAMP,MON,SA,G,CHLA,0.1,N,A,0.1,,,FIU,0,25.1504805,-80.8092194,,,,FIU,
FLAB14,145014,61,CHLOROPHYLL-A,3/13/2003,0.5,ug/L,,FLAB,SAMP,MON,SA,G,CHLA,0.1,N,A,0.1,,,FIU,0,25.1504805,-80.8092194,,,,FIU,
FLAB14,146014,61,CHLOROPHYLL-A,4/9/2003,0.6,ug/L,,FLAB,SAMP,MON,SA,G,CHLA,0.1,N,A,0.1,,,FIU,0,25.1504805,-80.8092194,,,,FIU,
FLAB14,147014,61,CHLOROPHYLL-A,5/8/2003,1,ug/L,,FLAB,SAMP,MON,SA,G,CHLA,0.1,N,A,0.1,,,FIU,0,25.1504805,-80.8092194,,,,FIU,
FLAB14,148014,61,CHLOROPHYLL-A,6/10/2003,2,ug/L,,FLAB,SAMP,MON,SA,G,CHLA,0.1,N,A,0.1,,,FIU,0,25.1504805,-80.8092194,,,,FIU,
FLAB14,149014,61,CHLOROPHYLL-A,7/1/2003,5.9,ug/L,,FLAB,SAMP,MON,SA,G,CHLA,0.1,N,A,0.1,,,FIU,0,25.1504805,-80.8092194,,,,FIU,
FLAB14,150014,61,CHLOROPHYLL-A,8/25/2003,9.6,ug/L,,FLAB,SAMP,MON,SA,G,CHLA,0.1,N,A,0.1,,,FIU,0,25.1504805,-80.8092194,,,,FIU,
FLAB14,151014,61,CHLOROPHYLL-A,9/9/2003,1.7,ug/L,,FLAB,SAMP,MON,SA,G,CHLA,0.1,N,A,0.1,,,FIU,0,25.1504805,-80.8092194,,,,FIU,
FLAB14,152014,61,CHLOROPHYLL-A,10/15/2003,0.9,ug/L,,FLAB,SAMP,MON,SA,G,CHLA,0.1,N,A,0.1,,,FIU,0,25.1504805,-80.8092194,,,,FIU,
FLAB14,153014,61,CHLOROPHYLL-A,11/7/2003,9.8,ug/L,,FLAB,SAMP,MON,SA,G,CHLA,0.1,N,A,0.1,,,FIU,0,25.1504805,-80.8092194,,,,FIU,
FLAB14,154014,61,CHLOROPHYLL-A,12/3/2003,5.2,ug/L,,FLAB,SAMP,MON,SA,G,CHLA,0.1,N,A,0.1,,,FIU,0,25.1504805,-80.8092194,,,,FIU,
FLAB14,155014,61,CHLOROPHYLL-A,1/21/2004,0.7,ug/L,,FLAB,SAMP,MON,SA,G,CHLA,0.1,N,A,0.1,,,FIU,0,25.1504805,-80.8092194,,,,FIU,
FLAB14,156014,61,CHLOROPHYLL-A,2/24/2004,0.9,ug/L,,FLAB,SAMP,MON,SA,G,CHLA,0.1,N,A,0.1,,,FIU,0,25.1504805,-80.8092194,,,,FIU,
FLAB14,157014,61,CHLOROPHYLL-A,3/23/2004,2.6,ug/L,,FLAB,SAMP,MON,SA,G,CHLA,0.1,N,A,0.1,,,FIU,0,25.1504805,-80.8092194,,,,FIU,
FLAB14,158014,61,CHLOROPHYLL-A,4/21/2004,0.6,ug/L,,FLAB,SAMP,MON,SA,G,CHLA,0.1,N,A,0.1,,,FIU,0,25.1504805,-80.8092194,,,,WMD,
FLAB14,159014,61,CHLOROPHYLL-A,5/21/2004,0.7,ug/L,,FLAB,SAMP,MON,SA,G,CHLA,0.1,N,A,0.1,,,FIU,0,25.1504805,-80.8092194,,,,FIU,
FLAB14,160014,61,CHLOROPHYLL-A,6/28/2004,1.1,ug/L,,FLAB,SAMP,MON,SA,G,CHLA,0.1,N,A,0.1,,,FIU,0,25.1504805,-80.8092194,,,,FIU,
FLAB14,161014,61,CHLOROPHYLL-A,7/27/2004,3.5,ug/L,,FLAB,SAMP,MON,SA,G,CHLA,0.1,N,A,0.1,,,FIU,0,25.1504805,-80.8092194,,,,FIU,
FLAB14,162014,61,CHLOROPHYLL-A,8/24/2004,1.1,ug/L,,FLAB,SAMP,MON,SA,G,CHLA,0.1,N,A,0.1,,,FIU,0,25.1504805,-80.8092194,,,,FIU,
FLAB14,163014,61,CHLOROPHYLL-A,9/28/2004,1.6,ug/L,,FLAB,SAMP,MON,SA,G,CHLA,0.1,N,A,0.1,,,FIU,0,25.1504805,-80.8092194,,,,FIU,
FLAB14,164014,61,CHLOROPHYLL-A,10/26/2004,5,ug/L,,FLAB,SAMP,MON,SA,G,CHLA,0.1,N,A,0.1,,,FIU,0,25.1504805,-80.8092194,,,,FIU,
FLAB14,165014,61,CHLOROPHYLL-A,11/29/2004,9.8,ug/L,,FLAB,SAMP,MON,SA,G,CHLA,0.1,N,A,0.1,,,FIU,0,25.1504805,-80.8092194,,,,FIU,
FLAB14,166014,61,CHLOROPHYLL-A,12/14/2004,0.3,ug/L,,FLAB,SAMP,MON,SA,G,CHLA,0.1,N,A,0.1,,,FIU,0,25.1504805,-80.8092194,,,,FIU,
FLAB14,FB188FB014MA,61,CHLOROPHYLL-A,10/9/2006,4.641,ug/L,J5,FLAB,SAMP,MON,SA,G,CHLA,0.1,N,A,0,,,FIU,0,25.1504805,-80.8092194,,,BA,WMD,
FLAB14,FB188FB014MB,61,CHLOROPHYLL-A,10/9/2006,3.313,ug/L,J5,FLAB,SAMP,MON,SA,G,CHLA,0.1,N,A,0,,,FIU,0,25.1504805,-80.8092194,,,BA,WMD,
FLAB14,FB189FB014MA,61,CHLOROPHYLL-A,11/7/2006,13.248,ug/L,J5,FLAB,SAMP,MON,SA,G,CHLA,0.1,N,A,0,,,FIU,0,25.1504805,-80.8092194,,,BA,WMD,
FLAB14,FB190FB014MA,61,CHLOROPHYLL-A,12/3/2006,8.354,ug/L,J5,FLAB,SAMP,MON,SA,G,CHLA,0.1,N,A,0,,,FIU,0,25.1504805,-80.8092194,,,BA,WMD,
FLAB14,FB190FB014MB,61,CHLOROPHYLL-A,12/3/2006,9.144,ug/L,J5,FLAB,SAMP,MON,SA,G,CHLA,0.1,N,A,0,,,FIU,0,25.1504805,-80.8092194,,,BA,WMD,
FLAB14,FB191FB014MB,61,CHLOROPHYLL-A,1/11/2007,5.528,ug/L,"A,J5",FLAB,SAMP,MON,SA,G,CHLA,0.1,N,A,0,,,FIU,0,25.1504805,-80.8092194,,,BA,WMD,
FLAB14,FB191FB014MA,61,CHLOROPHYLL-A,1/11/2007,3.919,ug/L,"A,J5",FLAB,SAMP,MON,SA,G,CHLA,0.1,N,A,0,,,FIU,0,25.1504805,-80.8092194,,,BA,WMD,
FLAB14,FB192FB014MB,61,CHLOROPHYLL-A,2/7/2007,1.27,ug/L,"A,J5",FLAB,SAMP,MON,SA,G,CHLA,0.1,N,A,0,,,FIU,0,25.1504805,-80.8092194,,,BA,WMD,
FLAB14,FB192FB014MA,61,CHLOROPHYLL-A,2/7/2007,1.156,ug/L,"A,J5",FLAB,SAMP,MON,SA,G,CHLA,0.1,N,A,0,,,FIU,0,25.1504805,-80.8092194,,,BA,WMD,
FLAB14,FB193FB014MA,61,CHLOROPHYLL-A,3/12/2007,3.189,ug/L,"A,J5",FLAB,SAMP,MON,SA,G,CHLA,0.1,N,A,0,,,FIU,0,25.1504805,-80.8092194,,,BA,WMD,
FLAB14,FB193FB014MB,61,CHLOROPHYLL-A,3/12/2007,2.592,ug/L,"A,J5",FLAB,SAMP,MON,SA,G,CHLA,0.1,N,A,0,,,FIU,0,25.1504805,-80.8092194,,,BA,WMD,
FLAB14,FB194FB014MA,61,CHLOROPHYLL-A,4/3/2007,0.215,ug/L,J5,FLAB,SAMP,MON,SA,G,CHLA,0.1,N,A,0,,,FIU,0,25.1504805,-80.8092194,,,BA,WMD,
FLAB14,FB194FB014MB,61,CHLOROPHYLL-A,4/3/2007,0.238,ug/L,J5,FLAB,SAMP,MON,SA,G,CHLA,0.1,N,A,0,,,FIU,0,25.1504805,-80.8092194,,,BA,WMD,
FLAB14,FB195FB014MA,61,CHLOROPHYLL-A,5/1/2007,0.6987,ug/L,J5,FLAB,SAMP,MON,SA,G,CHLA,0.1,N,A,0,,,FIU,0,25.1504805,-80.8092194,,,BA,WMD,
FLAB14,FB195FB014MB,61,CHLOROPHYLL-A,5/1/2007,0.6526,ug/L,J5,FLAB,SAMP,MON,SA,G,CHLA,0.1,N,A,0,,,FIU,0,25.1504805,-80.8092194,,,BA,WMD,
FLAB14,FB196FB014MA,61,CHLOROPHYLL-A,6/6/2007,1.021,ug/L,J5,FLAB,SAMP,MON,SA,G,CHLA,0.1,N,A,0,,,FIU,0,25.1504805,-80.8092194,,,BA,WMD,
FLAB14,FB196FB014MB,61,CHLOROPHYLL-A,6/6/2007,1.152,ug/L,J5,FLAB,SAMP,MON,SA,G,CHLA,0.1,N,A,0,,,FIU,0,25.1504805,-80.8092194,,,BA,WMD,
FLAB14,FB197FB014MA,61,CHLOROPHYLL-A,7/3/2007,0.115,ug/L,A,FLAB,SAMP,MON,SA,G,CHLA,0.1,N,A,0,,,FIU,0,25.1504805,-80.8092194,,,BA,WMD,
FLAB14,FB197FB014MB,61,CHLOROPHYLL-A,7/3/2007,0.123,ug/L,A,FLAB,SAMP,MON,SA,G,CHLA,0.1,N,A,0,,,FIU,0,25.1504805,-80.8092194,,,BA,WMD,
FLAB14,FB198FB014MB,61,CHLOROPHYLL-A,8/7/2007,0.461,ug/L,A,FLAB,SAMP,MON,SA,G,CHLA,0.1,N,A,0,,,FIU,0,25.1504805,-80.8092194,,,BA,WMD,
FLAB14,FB198FB014MA,61,CHLOROPHYLL-A,8/7/2007,0.407,ug/L,A,FLAB,SAMP,MON,SA,G,CHLA,0.1,N,A,0,,,FIU,0,25.1504805,-80.8092194,,,BA,WMD,
FLAB14,FB199FB014MA,61,CHLOROPHYLL-A,9/5/2007,0.43,ug/L,A,FLAB,SAMP,MON,SA,G,CHLA,0.1,N,A,0,,,FIU,0,25.1504805,-80.8092194,,,BA,WMD,
FLAB14,FB199FB014MB,61,CHLOROPHYLL-A,9/5/2007,0.537,ug/L,A,FLAB,SAMP,MON,SA,G,CHLA,0.1,N,A,0,,,FIU,0,25.1504805,-80.8092194,,,BA,WMD,
FLAB14,FB200FB014,61,CHLOROPHYLL-A,10/4/2007,4.288,ug/L,J5,FLAB,SAMP,MON,SA,G,CHLA,0.1,N,A,0,,,FIU,0,25.1504805,-80.8092194,,,BA,WMD,
FLAB14,FB201FB014,61,CHLOROPHYLL-A,11/7/2007,0.2449,ug/L,J5,FLAB,SAMP,MON,SA,G,CHLA,0.1,N,A,0,,,FIU,0,25.1504805,-80.8092194,,,BA,WMD,
FLAB14,FB201FB014B,61,CHLOROPHYLL-A,11/7/2007,0.2653,ug/L,J5,FLAB,FD,MON,SA,G,CHLA,0.1,N,A,0,,,FIU,0,25.1504805,-80.8092194,,,BA,WMD,Measurements done close to the bottom.
FLAB14,FB202FB014,61,CHLOROPHYLL-A,12/7/2007,3.104,ug/L,J5,FLAB,SAMP,MON,SA,G,CHLA,0.1,N,A,0,,,FIU,0,25.1504805,-80.8092194,,,BA,WMD,
FLAB14,FB203FB014,61,CHLOROPHYLL-A,1/9/2008,4.364,ug/L,J5,FLAB,SAMP,MON,SA,G,CHLA,0.1,N,A,0,,,FIU,0,25.1504805,-80.8092194,,,BA,WMD,
FLAB14,FB204FB014,61,CHLOROPHYLL-A,2/8/2008,3.995,ug/L,J5,FLAB,SAMP,MON,SA,G,CHLA,0.1,N,A,0,,,FIU,0,25.1504805,-80.8092194,,,BA,WMD,
FLAB14,FB205FB014,61,CHLOROPHYLL-A,3/5/2008,3.749,ug/L,J5,FLAB,SAMP,MON,SA,G,CHLA,0.1,N,A,0,,,FIU,0,25.1504805,-80.8092194,,,BA,WMD,
FLAB14,FB206FB014,61,CHLOROPHYLL-A,4/2/2008,0.2766,ug/L,J5,FLAB,SAMP,MON,SA,G,CHLA,0.1,N,A,0,,,FIU,0,25.1504805,-80.8092194,,,BA,WMD,
FLAB14,FB207FB014,61,CHLOROPHYLL-A,5/7/2008,0.2971,ug/L,J5,FLAB,SAMP,MON,SA,G,CHLA,0.1,N,A,0,,,FIU,0,25.1504805,-80.8092194,,,BA,WMD,
FLAB14,FB208FB014,61,CHLOROPHYLL-A,6/4/2008,0.379,ug/L,J5,FLAB,SAMP,MON,SA,G,CHLA,0.1,N,A,0,,,FIU,0,25.1504805,-80.8092194,,,BA,WMD,
FLAB14,P42963-5,61,CHLOROPHYLL-A,1/7/2009,1,ug/L,I,FLAB,SAMP,MON,SA,G,CHLA,1,N,A,0.5,,,WMD,1,25.1504805,-80.8092194,0.6,,BA,WMD,Strong incoming flow.  sample clear with no visable solids.  light chop with increasing South winds.  Station is in very shallow water.  may want to consider moving off to the South.
FLAB14,P42978-2,61,CHLOROPHYLL-A,2/12/2009,1,ug/L,U,FLAB,SAMP,MON,SA,G,CHLA,1,Y,A,0.5,,,WMD,1,25.1504805,-80.8092194,0.8,,BA,WMD,Very clear warer and calm conditions.  Slight ripple.  Station in shallow water over seagrass beds.  Suggest moving it slightly to the South.
FLAB14,P43361-2,61,CHLOROPHYLL-A,3/16/2009,1,ug/L,U,FLAB,SAMP,MON,SA,G,CHLA,1,Y,A,0.5,,,WMD,1,25.1504805,-80.8092194,1.1,,BA,WMD,Clear calm conditiond and light flow.  Sample clear.
FLAB14,P43542-2,61,CHLOROPHYLL-A,4/20/2009,1,ug/L,U,FLAB,SAMP,MON,SA,G,CHLA,1,Y,A,0.5,,,WMD,1,25.1504805,-80.8092194,1.1,,BA,WMD,"Clear and calm.  RS done at station.  Extememy salty (out of calibration range). WARNING: CONDUCTIVITY exceeds CLOSING Control True Value range of 2000 to 58650,"
FLAB14,P43542-12,61,CHLOROPHYLL-A,4/20/2009,1,ug/L,U,FLAB,RS,MON,SA,G,CHLA,1,Y,A,0.5,,,WMD,1,25.1504805,-80.8092194,1.1,,BA,WMD,"sample clear.  Salinity out of conductivity range. WARNING: CONDUCTIVITY exceeds CLOSING Control True Value range of 2000 to 58650,"
FLAB14,P43542-13,61,CHLOROPHYLL-A,4/20/2009,1,ug/L,U,FLAB,RS,MON,SA,G,CHLA,1,Y,A,0.5,,,WMD,1,25.1504805,-80.8092194,1.1,,BA,WMD,"sample clear.  salinity out of conductivity range. WARNING: CONDUCTIVITY exceeds CLOSING Control True Value range of 2000 to 58650,"
FLAB14,P43936-2,61,CHLOROPHYLL-A,5/18/2009,1,ug/L,U,FLAB,SAMP,MON,SA,G,CHLA,1,Y,A,0.5,,,WMD,1,25.1504805,-80.8092194,1.2,,BA,WMD,Breezy and light chop.  SAmple clear.   SECCHI ON BOTTOM.  Extremely salty
FLAB14,P42963-5,62,CHLOROPHYLL-B,1/7/2009,1,ug/L,U,FLAB,SAMP,MON,SA,G,CHLB,1,Y,A,0.5,,,WMD,1,25.1504805,-80.8092194,0.6,,BA,WMD,Strong incoming flow.  sample clear with no visable solids.  light chop with increasing South winds.  Station is in very shallow water.  may want to consider moving off to the South.
FLAB14,P42978-2,62,CHLOROPHYLL-B,2/12/2009,1,ug/L,U,FLAB,SAMP,MON,SA,G,CHLB,1,Y,A,0.5,,,WMD,1,25.1504805,-80.8092194,0.8,,BA,WMD,Very clear warer and calm conditions.  Slight ripple.  Station in shallow water over seagrass beds.  Suggest moving it slightly to the South.
FLAB14,P43361-2,62,CHLOROPHYLL-B,3/16/2009,1,ug/L,U,FLAB,SAMP,MON,SA,G,CHLB,1,Y,A,0.5,,,WMD,1,25.1504805,-80.8092194,1.1,,BA,WMD,Clear calm conditiond and light flow.  Sample clear.
FLAB14,P43542-2,62,CHLOROPHYLL-B,4/20/2009,1,ug/L,U,FLAB,SAMP,MON,SA,G,CHLB,1,Y,A,0.5,,,WMD,1,25.1504805,-80.8092194,1.1,,BA,WMD,"Clear and calm.  RS done at station.  Extememy salty (out of calibration range). WARNING: CONDUCTIVITY exceeds CLOSING Control True Value range of 2000 to 58650,"
FLAB14,P43542-12,62,CHLOROPHYLL-B,4/20/2009,1,ug/L,U,FLAB,RS,MON,SA,G,CHLB,1,Y,A,0.5,,,WMD,1,25.1504805,-80.8092194,1.1,,BA,WMD,"sample clear.  Salinity out of conductivity range. WARNING: CONDUCTIVITY exceeds CLOSING Control True Value range of 2000 to 58650,"
FLAB14,P43542-13,62,CHLOROPHYLL-B,4/20/2009,1,ug/L,U,FLAB,RS,MON,SA,G,CHLB,1,Y,A,0.5,,,WMD,1,25.1504805,-80.8092194,1.1,,BA,WMD,"sample clear.  salinity out of conductivity range. WARNING: CONDUCTIVITY exceeds CLOSING Control True Value range of 2000 to 58650,"
FLAB14,P43936-2,62,CHLOROPHYLL-B,5/18/2009,1,ug/L,U,FLAB,SAMP,MON,SA,G,CHLB,1,Y,A,0.5,,,WMD,1,25.1504805,-80.8092194,1.2,,BA,WMD,Breezy and light chop.  SAmple clear.   SECCHI ON BOTTOM.  Extremely salty
FLAB14,P42963-5,63,CAROTENOIDS,1/7/2009,1,ug/L,U,FLAB,SAMP,MON,SA,G,CAROT,1,Y,A,0.5,,,WMD,1,25.1504805,-80.8092194,0.6,,BA,WMD,Strong incoming flow.  sample clear with no visable solids.  light chop with increasing South winds.  Station is in very shallow water.  may want to consider moving off to the South.
FLAB14,P42978-2,63,CAROTENOIDS,2/12/2009,1,ug/L,U,FLAB,SAMP,MON,SA,G,CAROT,1,Y,A,0.5,,,WMD,1,25.1504805,-80.8092194,0.8,,BA,WMD,Very clear warer and calm conditions.  Slight ripple.  Station in shallow water over seagrass beds.  Suggest moving it slightly to the South.
FLAB14,P43361-2,63,CAROTENOIDS,3/16/2009,1,ug/L,U,FLAB,SAMP,MON,SA,G,CAROT,1,Y,A,0.5,,,WMD,1,25.1504805,-80.8092194,1.1,,BA,WMD,Clear calm conditiond and light flow.  Sample clear.
FLAB14,P43542-2,63,CAROTENOIDS,4/20/2009,1,ug/L,U,FLAB,SAMP,MON,SA,G,CAROT,1,Y,A,0.5,,,WMD,1,25.1504805,-80.8092194,1.1,,BA,WMD,"Clear and calm.  RS done at station.  Extememy salty (out of calibration range). WARNING: CONDUCTIVITY exceeds CLOSING Control True Value range of 2000 to 58650,"
FLAB14,P43542-12,63,CAROTENOIDS,4/20/2009,1,ug/L,U,FLAB,RS,MON,SA,G,CAROT,1,Y,A,0.5,,,WMD,1,25.1504805,-80.8092194,1.1,,BA,WMD,"sample clear.  Salinity out of conductivity range. WARNING: CONDUCTIVITY exceeds CLOSING Control True Value range of 2000 to 58650,"
FLAB14,P43542-13,63,CAROTENOIDS,4/20/2009,1,ug/L,U,FLAB,RS,MON,SA,G,CAROT,1,Y,A,0.5,,,WMD,1,25.1504805,-80.8092194,1.1,,BA,WMD,"sample clear.  salinity out of conductivity range. WARNING: CONDUCTIVITY exceeds CLOSING Control True Value range of 2000 to 58650,"
FLAB14,P43936-2,63,CAROTENOIDS,5/18/2009,1,ug/L,U,FLAB,SAMP,MON,SA,G,CAROT,1,Y,A,0.5,,,WMD,1,25.1504805,-80.8092194,1.2,,BA,WMD,Breezy and light chop.  SAmple clear.   SECCHI ON BOTTOM.  Extremely salty
FLAB14,P42963-5,64,PHEOPHYTIN,1/7/2009,1,ug/L,U,FLAB,SAMP,MON,SA,G,PHAEO,1,Y,A,0.5,,,WMD,1,25.1504805,-80.8092194,0.6,,BA,WMD,Strong incoming flow.  sample clear with no visable solids.  light chop with increasing South winds.  Station is in very shallow water.  may want to consider moving off to the South.
FLAB14,P42978-2,64,PHEOPHYTIN,2/12/2009,1,ug/L,U,FLAB,SAMP,MON,SA,G,PHAEO,1,Y,A,0.5,,,WMD,1,25.1504805,-80.8092194,0.8,,BA,WMD,Very clear warer and calm conditions.  Slight ripple.  Station in shallow water over seagrass beds.  Suggest moving it slightly to the South.
FLAB14,P43361-2,64,PHEOPHYTIN,3/16/2009,1,ug/L,U,FLAB,SAMP,MON,SA,G,PHAEO,1,Y,A,0.5,,,WMD,1,25.1504805,-80.8092194,1.1,,BA,WMD,Clear calm conditiond and light flow.  Sample clear.
FLAB14,P43542-2,64,PHEOPHYTIN,4/20/2009,1,ug/L,U,FLAB,SAMP,MON,SA,G,PHAEO,1,Y,A,0.5,,,WMD,1,25.1504805,-80.8092194,1.1,,BA,WMD,"Clear and calm.  RS done at station.  Extememy salty (out of calibration range). WARNING: CONDUCTIVITY exceeds CLOSING Control True Value range of 2000 to 58650,"
FLAB14,P43542-12,64,PHEOPHYTIN,4/20/2009,1,ug/L,U,FLAB,RS,MON,SA,G,PHAEO,1,Y,A,0.5,,,WMD,1,25.1504805,-80.8092194,1.1,,BA,WMD,"sample clear.  Salinity out of conductivity range. WARNING: CONDUCTIVITY exceeds CLOSING Control True Value range of 2000 to 58650,"
FLAB14,P43542-13,64,PHEOPHYTIN,4/20/2009,1,ug/L,U,FLAB,RS,MON,SA,G,PHAEO,1,Y,A,0.5,,,WMD,1,25.1504805,-80.8092194,1.1,,BA,WMD,"sample clear.  salinity out of conductivity range. WARNING: CONDUCTIVITY exceeds CLOSING Control True Value range of 2000 to 58650,"
FLAB14,P43936-2,64,PHEOPHYTIN,5/18/2009,1,ug/L,U,FLAB,SAMP,MON,SA,G,PHAEO,1,Y,A,0.5,,,WMD,1,25.1504805,-80.8092194,1.2,,BA,WMD,Breezy and light chop.  SAmple clear.   SECCHI ON BOTTOM.  Extremely salty
FLAB14,P149559-5,67,"ALKALINITY, TOT, CACO3",5/13/2024,122,mg/L,,GEMM,SAMP,MON,SA,G,ALKA,1,N,A,0.45,m,,WMD,0,25.1504805,-80.8092194,,,WT,WMD,Turbidity = 12.1 NTUSecchi depth = 0.7 mTotal depth = 0.9 mFilter turned yellow during processing
FLAB14,P50070-11,78,NITRATE-N,11/16/2010,0.005,mg/L,U,FLAB,FCEB,MON,DI,G,NO3,0.005,Y,A,0,,,WMD,0,25.1504805,-80.8092194,,,BA,WMD,"DI, niskin, bucket, syringe, filter, sample bottle.  FCEB taken at FLAB14."
FLAB14,P52279-7,78,NITRATE-N,4/5/2011,0.005,mg/L,U,FLAB,FCEB,MON,DI,G,NO3,0.005,Y,A,0,,,WMD,0,25.1504805,-80.8092194,,,BA,WMD,"FCEB. DI,NISKEN,BUCKET,SYRINGE,FILTER,SAMPLE BOTTLE. FCEB COLLECTED @ STATION FLAB 14"
FLAB14,P52280-7,78,NITRATE-N,5/3/2011,0.005,mg/L,U,FLAB,FCEB,MON,DI,G,NO3,0.005,Y,A,0,,,WMD,1,25.1504805,-80.8092194,,,BA,WMD,"FCEB. DI,Nisken,Bucket,Syringe,Filter,Sample Bottle. FCDE taken @ station FLAB14"
FLAB14,P55313-7,78,NITRATE-N,4/12/2012,0.006,mg/L,"I,J",FLAB,FCEB,MON,DI,G,NO3,0.005,N,A,,,,WMD,0,25.1504805,-80.8092194,,,BA,WMD,FCEB
FLAB14,P61818-7,78,NITRATE-N,2/5/2013,0.005,mg/L,U,FLAB,FCEB,MON,DI,G,NO3,0.005,Y,A,,,,WMD,0,25.1504805,-80.8092194,,,BA,WMD,FCEB.
FLAB14,P65941-7,78,NITRATE-N,10/28/2013,0.005,mg/L,U,FLAB,FCEB,MON,DI,G,NO3,0.005,Y,A,,,,WMD,0,25.1504805,-80.8092194,,,PD,WMD,
FLAB14,P86766-7,78,NITRATE-N,12/21/2016,0.005,mg/L,U,FLAB,FCEB,MON,DI,G,NO3,0.005,Y,A,,,,WMD,0,25.1504805,-80.8092194,,,PD,WMD,
FLAB14,P88721-7,78,NITRATE-N,10/12/2017,0.005,mg/L,U,FLAB,FCEB,MON,DI,G,NO3,0.005,Y,A,,,,WMD,0,25.1504805,-80.8092194,,,PD,WMD,FCEB performed.
FLAB14,P91159-7,78,NITRATE-N,12/13/2017,0.005,mg/L,U,FLAB,FCEB,MON,DI,G,NO3,0.005,Y,A,,,,WMD,0,25.1504805,-80.8092194,,,PD,WMD,Performed by EW at FLAB14.
FLAB14,P92112-7,78,NITRATE-N,2/28/2018,0.005,mg/L,U,FLAB,FCEB,MON,DI,G,NO3,0.005,Y,A,,,,WMD,0,25.1504805,-80.8092194,,,PD,WMD,Performed by KJ at FLAB14 with DI 5886.
FLAB14,P92872-7,78,NITRATE-N,4/10/2018,0.005,mg/L,U,FLAB,FCEB,MON,DI,G,NO3,0.005,Y,A,,,,WMD,0,25.1504805,-80.8092194,,,PD,WMD,Performed by NP at FLAB14 with DI 5901.
FLAB14,FIU14936,78,NITRATE-N,4/15/1991,0.002,mg/L,,FLAB,SAMP,MON,SA,G,NO3,,N,A,0,,,FIU,0,25.1504805,-80.8092194,,,,FIU,
FLAB14,FIU14939,78,NITRATE-N,5/15/1991,0.002,mg/L,,FLAB,SAMP,MON,SA,G,NO3,,N,A,0,,,FIU,0,25.1504805,-80.8092194,,,,FIU,
FLAB14,FIU14940,78,NITRATE-N,6/15/1991,0.001,mg/L,,FLAB,SAMP,MON,SA,G,NO3,,N,A,0,,,FIU,0,25.1504805,-80.8092194,,,,FIU,
FLAB14,FIU14942,78,NITRATE-N,7/15/1991,0.001,mg/L,,FLAB,SAMP,MON,SA,G,NO3,,N,A,0,,,FIU,0,25.1504805,-80.8092194,,,,FIU,
FLAB14,FIU14945,78,NITRATE-N,8/15/1991,0.001,mg/L,,FLAB,SAMP,MON,SA,G,NO3,,N,A,0,,,FIU,0,25.1504805,-80.8092194,,,,FIU,
FLAB14,FIU14946,78,NITRATE-N,9/15/1991,0.003,mg/L,,FLAB,SAMP,MON,SA,G,NO3,,N,A,0,,,FIU,0,25.1504805,-80.8092194,,,,FIU,
FLAB14,FIU14949,78,NITRATE-N,10/15/1991,0.007,mg/L,,FLAB,SAMP,MON,SA,G,NO3,,N,A,0,,,FIU,0,25.1504805,-80.8092194,,,,FIU,
FLAB14,FIU14950,78,NITRATE-N,11/15/1991,0.002,mg/L,,FLAB,SAMP,MON,SA,G,NO3,,N,A,0,,,FIU,0,25.1504805,-80.8092194,,,,FIU,
FLAB14,FIU14953,78,NITRATE-N,12/15/1991,0.007,mg/L,,FLAB,SAMP,MON,SA,G,NO3,,N,A,0,,,FIU,0,25.1504805,-80.8092194,,,,FIU,
FLAB14,FIU14954,78,NITRATE-N,1/15/1992,0.002,mg/L,,FLAB,SAMP,MON,SA,G,NO3,,N,A,0,,,FIU,0,25.1504805,-80.8092194,,,,FIU,
FLAB14,FIU14956,78,NITRATE-N,2/15/1992,0.004,mg/L,,FLAB,SAMP,MON,SA,G,NO3,,N,A,0,,,FIU,0,25.1504805,-80.8092194,,,,FIU,
FLAB14,FIU14959,78,NITRATE-N,3/15/1992,0.001,mg/L,,FLAB,SAMP,MON,SA,G,NO3,,N,A,0,,,FIU,0,25.1504805,-80.8092194,,,,FIU,
FLAB14,FIU14971,78,NITRATE-N,9/15/1992,0.004,mg/L,,FLAB,SAMP,MON,SA,G,NO3,,N,A,0,,,FIU,0,25.1504805,-80.8092194,,,,FIU,
FLAB14,FIU14975,78,NITRATE-N,11/15/1992,0.001,mg/L,,FLAB,SAMP,MON,SA,G,NO3,,N,A,0,,,FIU,0,25.1504805,-80.8092194,,,,FIU,
FLAB14,FIU14978,78,NITRATE-N,1/21/1993,0.001,mg/L,,FLAB,SAMP,MON,SA,G,NO3,,N,A,0,,,FIU,0,25.1504805,-80.8092194,,,,FIU,
FLAB14,FIU14979,78,NITRATE-N,2/10/1993,0.005,mg/L,,FLAB,SAMP,MON,SA,G,NO3,,N,A,0,,,FIU,0,25.1504805,-80.8092194,,,,FIU,
FLAB14,FIU14980,78,NITRATE-N,3/10/1993,0.002,mg/L,,FLAB,SAMP,MON,SA,G,NO3,,N,A,0,,,FIU,0,25.1504805,-80.8092194,,,,FIU,
FLAB14,FIU14981,78,NITRATE-N,4/7/1993,0.002,mg/L,,FLAB,SAMP,MON,SA,G,NO3,,N,A,0,,,FIU,0,25.1504805,-80.8092194,,,,FIU,
FLAB14,FIU14982,78,NITRATE-N,5/12/1993,0.001,mg/L,,FLAB,SAMP,MON,SA,G,NO3,,N,A,0,,,FIU,0,25.1504805,-80.8092194,,,,FIU,
FLAB14,FIU14983,78,NITRATE-N,6/3/1993,0.002,mg/L,,FLAB,SAMP,MON,SA,G,NO3,,N,A,0,,,FIU,0,25.1504805,-80.8092194,,,,FIU,
FLAB14,FIU14984,78,NITRATE-N,7/7/1993,0.001,mg/L,,FLAB,SAMP,MON,SA,G,NO3,,N,A,0,,,FIU,0,25.1504805,-80.8092194,,,,FIU,
FLAB14,FIU14987,78,NITRATE-N,10/6/1993,0.005,mg/L,,FLAB,SAMP,MON,SA,G,NO3,,N,A,0,,,FIU,0,25.1504805,-80.8092194,,,,FIU,
FLAB14,FIU14988,78,NITRATE-N,11/3/1993,0.001,mg/L,,FLAB,SAMP,MON,SA,G,NO3,,N,A,0,,,FIU,0,25.1504805,-80.8092194,,,,FIU,
FLAB14,FIU14989,78,NITRATE-N,12/2/1993,0.005,mg/L,,FLAB,SAMP,MON,SA,G,NO3,,N,A,0,,,FIU,0,25.1504805,-80.8092194,,,,FIU,
FLAB14,FIU14993,78,NITRATE-N,4/6/1994,0.0013,mg/L,A,FLAB,SAMP,MON,SA,G,NO3,,N,A,0,,,FIU,0,25.1504805,-80.8092194,,,,FIU,
FLAB14,FIU14995,78,NITRATE-N,5/4/1994,0.0026,mg/L,A,FLAB,SAMP,MON,SA,G,NO3,,N,A,0,,,FIU,0,25.1504805,-80.8092194,,,,FIU,
FLAB14,FIU14997,78,NITRATE-N,6/8/1994,0.001,mg/L,A,FLAB,SAMP,MON,SA,G,NO3,,N,A,0,,,FIU,0,25.1504805,-80.8092194,,,,FIU,
FLAB14,FIU14999,78,NITRATE-N,7/7/1994,0.0029,mg/L,A,FLAB,SAMP,MON,SA,G,NO3,,N,A,0,,,FIU,0,25.1504805,-80.8092194,,,,FIU,
FLAB14,FIU15001,78,NITRATE-N,8/4/1994,0.0008,mg/L,A,FLAB,SAMP,MON,SA,G,NO3,,N,A,0,,,FIU,0,25.1504805,-80.8092194,,,,FIU,
FLAB14,FIU15003,78,NITRATE-N,9/14/1994,0.0034,mg/L,A,FLAB,SAMP,MON,SA,G,NO3,,N,A,0,,,FIU,0,25.1504805,-80.8092194,,,,FIU,
FLAB14,FIU15005,78,NITRATE-N,10/5/1994,0.0056,mg/L,A,FLAB,SAMP,MON,SA,G,NO3,,N,A,0,,,FIU,0,25.1504805,-80.8092194,,,,FIU,
FLAB14,FIU15007,78,NITRATE-N,11/2/1994,0.0046,mg/L,A,FLAB,SAMP,MON,SA,G,NO3,,N,A,0,,,FIU,0,25.1504805,-80.8092194,,,,FIU,
FLAB14,FIU15009,78,NITRATE-N,11/22/1994,0.0004,mg/L,A,FLAB,SAMP,MON,SA,G,NO3,,N,A,0,,,FIU,0,25.1504805,-80.8092194,,,,FIU,
FLAB14,FIU15011,78,NITRATE-N,12/1/1994,0.013,mg/L,A,FLAB,SAMP,MON,SA,G,NO3,,N,A,0,,,FIU,0,25.1504805,-80.8092194,,,,FIU,
FLAB14,FIU15013,78,NITRATE-N,1/5/1995,0.0043,mg/L,,FLAB,SAMP,MON,SA,G,NO3,,N,A,0,,,FIU,0,25.1504805,-80.8092194,,,,FIU,
FLAB14,FIU15015,78,NITRATE-N,2/2/1995,0.0033,mg/L,,FLAB,SAMP,MON,SA,G,NO3,,N,A,0,,,FIU,0,25.1504805,-80.8092194,,,,FIU,
FLAB14,FIU15017,78,NITRATE-N,3/1/1995,0.0023,mg/L,,FLAB,SAMP,MON,SA,G,NO3,,N,A,0,,,FIU,0,25.1504805,-80.8092194,,,,FIU,
FLAB14,FIU15019,78,NITRATE-N,4/19/1995,0.0041,mg/L,,FLAB,SAMP,MON,SA,G,NO3,,N,A,0,,,FIU,0,25.1504805,-80.8092194,,,,FIU,
FLAB14,FIU15021,78,NITRATE-N,5/24/1995,0.0041,mg/L,,FLAB,SAMP,MON,SA,G,NO3,,N,A,0,,,FIU,0,25.1504805,-80.8092194,,,,FIU,
FLAB14,FIU15023,78,NITRATE-N,6/21/1995,0.0015,mg/L,,FLAB,SAMP,MON,SA,G,NO3,,N,A,0,,,FIU,0,25.1504805,-80.8092194,,,,FIU,
FLAB14,FIU15025,78,NITRATE-N,7/12/1995,0.0038,mg/L,,FLAB,SAMP,MON,SA,G,NO3,,N,A,0,,,FIU,0,25.1504805,-80.8092194,,,,FIU,
FLAB14,FIU15027,78,NITRATE-N,8/11/1995,0.003,mg/L,,FLAB,SAMP,MON,SA,G,NO3,,N,A,0,,,FIU,0,25.1504805,-80.8092194,,,,FIU,
FLAB14,FIU15029,78,NITRATE-N,9/6/1995,0.0044,mg/L,,FLAB,SAMP,MON,SA,G,NO3,,N,A,0,,,FIU,0,25.1504805,-80.8092194,,,,FIU,
FLAB14,FIU15031,78,NITRATE-N,10/22/1995,0.0108,mg/L,,FLAB,SAMP,MON,SA,G,NO3,,N,A,0,,,FIU,0,25.1504805,-80.8092194,,,,FIU,
FLAB14,FIU15033,78,NITRATE-N,11/17/1995,0.0029,mg/L,Q,FLAB,SAMP,MON,SA,G,NO3,,N,A,0,,,FIU,0,25.1504805,-80.8092194,,,,FIU,
FLAB14,FIU15035,78,NITRATE-N,12/14/1995,0.0051,mg/L,Q,FLAB,SAMP,MON,SA,G,NO3,,N,A,0,,,FIU,0,25.1504805,-80.8092194,,,,FIU,
FLAB14,FIU15037,78,NITRATE-N,1/23/1996,0.0145,mg/L,,FLAB,SAMP,MON,SA,G,NO3,,N,A,0,,,FIU,0,25.1504805,-80.8092194,,,,FIU,
FLAB14,FIU15039,78,NITRATE-N,2/12/1996,0.0013,mg/L,,FLAB,SAMP,MON,SA,G,NO3,,N,A,0,,,FIU,0,25.1504805,-80.8092194,,,,FIU,
FLAB14,FIU15041,78,NITRATE-N,3/22/1996,0.0021,mg/L,,FLAB,SAMP,MON,SA,G,NO3,,N,A,0,,,FIU,0,25.1504805,-80.8092194,,,,FIU,
FLAB14,FIU15043,78,NITRATE-N,4/25/1996,0.024,mg/L,,FLAB,SAMP,MON,SA,G,NO3,,N,A,0,,,FIU,0,25.1504805,-80.8092194,,,,FIU,
FLAB14,FIU15045,78,NITRATE-N,5/10/1996,0.0185,mg/L,,FLAB,SAMP,MON,SA,G,NO3,,N,A,0,,,FIU,0,25.1504805,-80.8092194,,,,FIU,
FLAB14,FIU15047,78,NITRATE-N,6/6/1996,0.0017,mg/L,,FLAB,SAMP,MON,SA,G,NO3,,N,A,0,,,FIU,0,25.1504805,-80.8092194,,,,FIU,
FLAB14,FIU15049,78,NITRATE-N,7/4/1996,0.0018,mg/L,,FLAB,SAMP,MON,SA,G,NO3,,N,A,0.1,,,FIU,0,25.1504805,-80.8092194,,,,FIU,
FLAB14,FIU15051,78,NITRATE-N,8/22/1996,0.003,mg/L,,FLAB,SAMP,MON,SA,G,NO3,,N,A,0.1,,,FIU,0,25.1504805,-80.8092194,,,,FIU,
FLAB14,FIU15053,78,NITRATE-N,9/14/1996,0.0051,mg/L,,FLAB,SAMP,MON,SA,G,NO3,,N,A,0.1,,,FIU,0,25.1504805,-80.8092194,,,,FIU,
FLAB14,FIU15055,78,NITRATE-N,10/15/1996,0.0061,mg/L,,FLAB,SAMP,MON,SA,G,NO3,,N,A,0.1,,,FIU,0,25.1504805,-80.8092194,,,,FIU,
FLAB14,FIU15057,78,NITRATE-N,11/7/1996,0.0135,mg/L,,FLAB,SAMP,MON,SA,G,NO3,,N,A,0.1,,,FIU,0,25.1504805,-80.8092194,,,,FIU,
FLAB14,FIU15059,78,NITRATE-N,12/6/1996,0.022,mg/L,Q,FLAB,SAMP,MON,SA,G,NO3,,N,A,0.1,,,FIU,0,25.1504805,-80.8092194,,,,FIU,
FLAB14,FIU15061,78,NITRATE-N,1/8/1997,0.001,mg/L,,FLAB,SAMP,MON,SA,G,NO3,,N,A,0.1,,,FIU,0,25.1504805,-80.8092194,,,,FIU,
FLAB14,FIU15063,78,NITRATE-N,2/15/1997,0.0119,mg/L,,FLAB,SAMP,MON,SA,G,NO3,,N,A,0.1,,,FIU,0,25.1504805,-80.8092194,,,,FIU,
FLAB14,FIU15065,78,NITRATE-N,3/12/1997,0.0162,mg/L,,FLAB,SAMP,MON,SA,G,NO3,,N,A,0.1,,,FIU,0,25.1504805,-80.8092194,,,,FIU,
FLAB14,FIU15067,78,NITRATE-N,4/16/1997,0.0167,mg/L,,FLAB,SAMP,MON,SA,G,NO3,,N,A,0.1,,,FIU,0,25.1504805,-80.8092194,,,,FIU,
FLAB14,FIU15069,78,NITRATE-N,5/22/1997,0.0067,mg/L,,FLAB,SAMP,MON,SA,G,NO3,,N,A,0.1,,,FIU,0,25.1504805,-80.8092194,,,,FIU,
FLAB14,FIU15071,78,NITRATE-N,6/12/1997,0.0154,mg/L,,FLAB,SAMP,MON,SA,G,NO3,,N,A,0.1,,,FIU,0,25.1504805,-80.8092194,,,,FIU,
FLAB14,FIU15073,78,NITRATE-N,7/10/1997,0.0112,mg/L,,FLAB,SAMP,MON,SA,G,NO3,,N,A,0.1,,,FIU,0,25.1504805,-80.8092194,,,,FIU,
FLAB14,FIU15074,78,NITRATE-N,8/20/1997,0.0114,mg/L,,FLAB,SAMP,MON,SA,G,NO3,,N,A,0.1,,,FIU,0,25.1504805,-80.8092194,,,,FIU,
FLAB14,FIU15076,78,NITRATE-N,9/10/1997,0.0076,mg/L,,FLAB,SAMP,MON,SA,G,NO3,,N,A,0.1,,,FIU,0,25.1504805,-80.8092194,,,,FIU,
FLAB14,FIU15078,78,NITRATE-N,10/21/1997,0.0064,mg/L,,FLAB,SAMP,MON,SA,G,NO3,,N,A,0.1,,,FIU,0,25.1504805,-80.8092194,,,,FIU,
FLAB14,FIU15080,78,NITRATE-N,11/25/1997,0.0016,mg/L,,FLAB,SAMP,MON,SA,G,NO3,,N,A,0.1,,,FIU,0,25.1504805,-80.8092194,,,,FIU,
FLAB14,FIU15082,78,NITRATE-N,12/12/1997,0.0085,mg/L,,FLAB,SAMP,MON,SA,G,NO3,,N,A,0.1,,,FIU,0,25.1504805,-80.8092194,,,,FIU,
FLAB14,FIU15084,78,NITRATE-N,1/21/1998,0.0098,mg/L,,FLAB,SAMP,MON,SA,G,NO3,,N,A,0.1,,,FIU,0,25.1504805,-80.8092194,,,,FIU,
FLAB14,FIU15086,78,NITRATE-N,2/18/1998,0.017,mg/L,,FLAB,SAMP,MON,SA,G,NO3,,N,A,0.1,,,FIU,0,25.1504805,-80.8092194,,,,FIU,
FLAB14,FIU15088,78,NITRATE-N,3/20/1998,0.0422,mg/L,,FLAB,SAMP,MON,SA,G,NO3,,N,A,0.1,,,FIU,0,25.1504805,-80.8092194,,,,FIU,
FLAB14,FIU15090,78,NITRATE-N,4/15/1998,0.0498,mg/L,,FLAB,SAMP,MON,SA,G,NO3,,N,A,0.1,,,FIU,0,25.1504805,-80.8092194,,,,FIU,
FLAB14,FIU15092,78,NITRATE-N,5/14/1998,0.0021,mg/L,,FLAB,SAMP,MON,SA,G,NO3,,N,A,0.1,,,FIU,0,25.1504805,-80.8092194,,,,FIU,
FLAB14,FIU15094,78,NITRATE-N,6/10/1998,0.0018,mg/L,,FLAB,SAMP,MON,SA,G,NO3,,N,A,0.1,,,FIU,0,25.1504805,-80.8092194,,,,FIU,
FLAB14,FIU15096,78,NITRATE-N,7/14/1998,0.001,mg/L,,FLAB,SAMP,MON,SA,G,NO3,,N,A,0.1,,,FIU,0,25.1504805,-80.8092194,,,,FIU,
FLAB14,FIU15098,78,NITRATE-N,8/19/1998,0,mg/L,,FLAB,SAMP,MON,SA,G,NO3,,N,A,0.1,,,FIU,0,25.1504805,-80.8092194,,,,FIU,
FLAB14,FIU15102,78,NITRATE-N,9/30/1998,0.0061,mg/L,,FLAB,SAMP,MON,SA,G,NO3,,N,A,0.1,,,FIU,0,25.1504805,-80.8092194,,,,FIU,
FLAB14,FIU15104,78,NITRATE-N,11/3/1998,0,mg/L,,FLAB,SAMP,MON,SA,G,NO3,,N,A,0.1,,,FIU,0,25.1504805,-80.8092194,,,,FIU,
FLAB14,FIU15106,78,NITRATE-N,12/1/1998,0.0092,mg/L,,FLAB,SAMP,MON,SA,G,NO3,,N,A,0.1,,,FIU,0,25.1504805,-80.8092194,,,,FIU,
FLAB14,FIU15108,78,NITRATE-N,1/14/1999,0.0015,mg/L,,FLAB,SAMP,MON,SA,G,NO3,,N,A,0.1,,,FIU,0,25.1504805,-80.8092194,,,,FIU,
FLAB14,FIU15110,78,NITRATE-N,2/10/1999,0.0024,mg/L,,FLAB,SAMP,MON,SA,G,NO3,,N,A,0.1,,,FIU,0,25.1504805,-80.8092194,,,,FIU,
FLAB14,FIU15112,78,NITRATE-N,3/23/1999,0.0029,mg/L,,FLAB,SAMP,MON,SA,G,NO3,,N,A,0.1,,,FIU,0,25.1504805,-80.8092194,,,,FIU,
FLAB14,FIU15114,78,NITRATE-N,4/29/1999,0.002,mg/L,,FLAB,SAMP,MON,SA,G,NO3,,N,A,0.1,,,FIU,0,25.1504805,-80.8092194,,,,FIU,
FLAB14,FIU15116,78,NITRATE-N,5/28/1999,0.0043,mg/L,,FLAB,SAMP,MON,SA,G,NO3,,N,A,0.1,,,FIU,0,25.1504805,-80.8092194,,,,FIU,
FLAB14,FIU15118,78,NITRATE-N,6/17/1999,0.0018,mg/L,,FLAB,SAMP,MON,SA,G,NO3,,N,A,0.1,,,FIU,0,25.1504805,-80.8092194,,,,FIU,
FLAB14,FIU15120,78,NITRATE-N,7/6/1999,0,mg/L,,FLAB,SAMP,MON,SA,G,NO3,,N,A,0.1,,,FIU,0,25.1504805,-80.8092194,,,,FIU,
FLAB14,FIU15122,78,NITRATE-N,8/24/1999,0,mg/L,,FLAB,SAMP,MON,SA,G,NO3,,N,A,0.1,,,FIU,0,25.1504805,-80.8092194,,,,FIU,
FLAB14,FIU15124,78,NITRATE-N,9/23/1999,0,mg/L,,FLAB,SAMP,MON,SA,G,NO3,,N,A,0.1,,,FIU,0,25.1504805,-80.8092194,,,,FIU,
FLAB14,FIU15126,78,NITRATE-N,10/26/1999,0.0088,mg/L,,FLAB,SAMP,MON,SA,G,NO3,,N,A,0.1,,,FIU,0,25.1504805,-80.8092194,,,,FIU,
FLAB14,FIU15128,78,NITRATE-N,11/12/1999,0.0189,mg/L,,FLAB,SAMP,MON,SA,G,NO3,,N,A,0.1,,,FIU,0,25.1504805,-80.8092194,,,,FIU,
FLAB14,FIU15130,78,NITRATE-N,12/3/1999,0.0036,mg/L,,FLAB,SAMP,MON,SA,G,NO3,,N,A,0.1,,,FIU,0,25.1504805,-80.8092194,,,,FIU,
FLAB14,FIU15132,78,NITRATE-N,1/25/2000,0.0041,mg/L,V,FLAB,SAMP,MON,SA,G,NO3,,N,A,0.1,,,FIU,0,25.1504805,-80.8092194,,,,FIU,
FLAB14,FIU15134,78,NITRATE-N,2/28/2000,0.0093,mg/L,V,FLAB,SAMP,MON,SA,G,NO3,,N,A,0.1,,,FIU,0,25.1504805,-80.8092194,,,,FIU,
FLAB14,FIU15136,78,NITRATE-N,3/21/2000,0.0082,mg/L,,FLAB,SAMP,MON,SA,G,NO3,,N,A,0.1,,,FIU,0,25.1504805,-80.8092194,,,,FIU,
FLAB14,FIU15138,78,NITRATE-N,4/13/2000,0,mg/L,,FLAB,SAMP,MON,SA,G,NO3,,N,A,0.1,,,FIU,0,25.1504805,-80.8092194,,,,FIU,
FLAB14,FIU15140,78,NITRATE-N,5/30/2000,0,mg/L,,FLAB,SAMP,MON,SA,G,NO3,,N,A,0.1,,,FIU,0,25.1504805,-80.8092194,,,,FIU,
FLAB14,FIU15142,78,NITRATE-N,6/20/2000,0.0033,mg/L,,FLAB,SAMP,MON,SA,G,NO3,,N,A,0.1,,,FIU,0,25.1504805,-80.8092194,,,,FIU,
FLAB14,FIU15144,78,NITRATE-N,7/20/2000,0.02,mg/L,,FLAB,SAMP,MON,SA,G,NO3,,N,A,0.1,,,FIU,0,25.1504805,-80.8092194,,,,FIU,
FLAB14,FIU15146,78,NITRATE-N,8/29/2000,0.0006,mg/L,,FLAB,SAMP,MON,SA,G,NO3,,N,A,0.1,,,FIU,0,25.1504805,-80.8092194,,,,FIU,
FLAB14,FIU15148,78,NITRATE-N,9/29/2000,0.0047,mg/L,V,FLAB,SAMP,MON,SA,G,NO3,,N,A,0.1,,,FIU,0,25.1504805,-80.8092194,,,,FIU,
FLAB14,FIU15150,78,NITRATE-N,10/26/2000,0.0021,mg/L,,FLAB,SAMP,MON,SA,G,NO3,,N,A,0.1,,,FIU,0,25.1504805,-80.8092194,,,,FIU,
FLAB14,FIU15152,78,NITRATE-N,11/30/2000,0.0007,mg/L,,FLAB,SAMP,MON,SA,G,NO3,,N,A,0.1,,,FIU,0,25.1504805,-80.8092194,,,,FIU,
FLAB14,FIU15154,78,NITRATE-N,12/11/2000,0.0018,mg/L,,FLAB,SAMP,MON,SA,G,NO3,,N,A,0.1,,,FIU,0,25.1504805,-80.8092194,,,,FIU,
FLAB14,FIU15156,78,NITRATE-N,1/25/2001,0.002,mg/L,,FLAB,SAMP,MON,SA,G,NO3,,N,A,0.1,,,FIU,0,25.1504805,-80.8092194,,,,FIU,
FLAB14,FIU15158,78,NITRATE-N,2/21/2001,0.004,mg/L,,FLAB,SAMP,MON,SA,G,NO3,,N,A,0.1,,,FIU,0,25.1504805,-80.8092194,,,,FIU,
FLAB14,FIU15160,78,NITRATE-N,3/6/2001,0.0036,mg/L,,FLAB,SAMP,MON,SA,G,NO3,,N,A,0.1,,,FIU,0,25.1504805,-80.8092194,,,,FIU,
FLAB14,FIU15162,78,NITRATE-N,4/3/2001,0.0011,mg/L,,FLAB,SAMP,MON,SA,G,NO3,,N,A,0.1,,,FIU,0,25.1504805,-80.8092194,,,,FIU,
FLAB14,FIU15164,78,NITRATE-N,5/2/2001,0.0039,mg/L,,FLAB,SAMP,MON,SA,G,NO3,,N,A,0.1,,,FIU,0,25.1504805,-80.8092194,,,,FIU,
FLAB14,FIU110784,78,NITRATE-N,6/5/2001,0.0009,mg/L,,FLAB,SAMP,MON,SA,G,NO3,,N,A,0.1,,,FIU,0,25.1504805,-80.8092194,,,,FIU,
FLAB14,FIU15166,78,NITRATE-N,7/12/2001,0,mg/L,,FLAB,SAMP,MON,SA,G,NO3,,N,A,0.1,,,FIU,0,25.1504805,-80.8092194,,,,FIU,
FLAB14,FIU15168,78,NITRATE-N,8/14/2001,0.0019,mg/L,,FLAB,SAMP,MON,SA,G,NO3,,N,A,0.1,,,FIU,0,25.1504805,-80.8092194,,,,FIU,
FLAB14,FIU15170,78,NITRATE-N,9/5/2001,0.0027,mg/L,,FLAB,SAMP,MON,SA,G,NO3,,N,A,0.1,,,FIU,0,25.1504805,-80.8092194,,,,FIU,
FLAB14,FIU110486,78,NITRATE-N,10/23/2001,0.0028,mg/L,,FLAB,SAMP,MON,SA,G,NO3,,N,A,0.1,,,FIU,0,25.1504805,-80.8092194,,,,FIU,
FLAB14,FIU110488,78,NITRATE-N,11/8/2001,0.004,mg/L,,FLAB,SAMP,MON,SA,G,NO3,,N,A,0.1,,,FIU,0,25.1504805,-80.8092194,,,,FIU,
FLAB14,FIU110490,78,NITRATE-N,12/3/2001,0,mg/L,Q,FLAB,SAMP,MON,SA,G,NO3,,N,A,0.1,,,FIU,0,25.1504805,-80.8092194,,,,FIU,
FLAB14,FIU113118,78,NITRATE-N,1/29/2002,0,mg/L,,FLAB,SAMP,MON,SA,G,NO3,,N,A,0.1,,,FIU,0,25.1504805,-80.8092194,,,,FIU,
FLAB14,FIU113120,78,NITRATE-N,2/20/2002,0.0013,mg/L,,FLAB,SAMP,MON,SA,G,NO3,,N,A,0.1,,,FIU,0,25.1504805,-80.8092194,,,,FIU,
FLAB14,FIU113122,78,NITRATE-N,3/19/2002,0.0014,mg/L,,FLAB,SAMP,MON,SA,G,NO3,,N,A,0.1,,,FIU,0,25.1504805,-80.8092194,,,,FIU,
FLAB14,134014,78,NITRATE-N,4/9/2002,0.0013,mg/L,,FLAB,SAMP,MON,SA,G,NO3,,N,A,0.1,,,FIU,0,25.1504805,-80.8092194,,,,FIU,
FLAB14,135014,78,NITRATE-N,5/15/2002,0.0006,mg/L,,FLAB,SAMP,MON,SA,G,NO3,,N,A,0.1,,,FIU,0,25.1504805,-80.8092194,,,,FIU,
FLAB14,136014,78,NITRATE-N,6/4/2002,0.0007,mg/L,,FLAB,SAMP,MON,SA,G,NO3,,N,A,0.1,,,FIU,0,25.1504805,-80.8092194,,,,FIU,
FLAB14,137014,78,NITRATE-N,7/11/2002,0.0125,mg/L,,FLAB,SAMP,MON,SA,G,NO3,,N,A,0.1,,,FIU,0,25.1504805,-80.8092194,,,,FIU,
FLAB14,138014,78,NITRATE-N,8/19/2002,0.0115,mg/L,,FLAB,SAMP,MON,SA,G,NO3,,N,A,0.1,,,FIU,0,25.1504805,-80.8092194,,,,FIU,
FLAB14,139014,78,NITRATE-N,9/17/2002,0.0065,mg/L,,FLAB,SAMP,MON,SA,G,NO3,,N,A,0.1,,,FIU,0,25.1504805,-80.8092194,,,,FIU,
FLAB14,140014,78,NITRATE-N,10/17/2002,0.0106,mg/L,,FLAB,SAMP,MON,SA,G,NO3,,N,A,0.1,,,FIU,0,25.1504805,-80.8092194,,,,FIU,
FLAB14,141014,78,NITRATE-N,11/14/2002,0.0116,mg/L,,FLAB,SAMP,MON,SA,G,NO3,,N,A,0.1,,,FIU,0,25.1504805,-80.8092194,,,,FIU,
FLAB14,142014,78,NITRATE-N,12/11/2002,0.0125,mg/L,,FLAB,SAMP,MON,SA,G,NO3,,N,A,0.1,,,FIU,0,25.1504805,-80.8092194,,,,FIU,
FLAB14,143014,78,NITRATE-N,1/28/2003,0.0043,mg/L,,FLAB,SAMP,MON,SA,G,NO3,,N,A,0.1,,,FIU,0,25.1504805,-80.8092194,,,,FIU,
FLAB14,144014,78,NITRATE-N,2/25/2003,0.0038,mg/L,,FLAB,SAMP,MON,SA,G,NO3,,N,A,0.1,,,FIU,0,25.1504805,-80.8092194,,,,FIU,
FLAB14,145014,78,NITRATE-N,3/13/2003,0.0029,mg/L,,FLAB,SAMP,MON,SA,G,NO3,,N,A,0.1,,,FIU,0,25.1504805,-80.8092194,,,,FIU,
FLAB14,146014,78,NITRATE-N,4/9/2003,0.0072,mg/L,,FLAB,SAMP,MON,SA,G,NO3,,N,A,0.1,,,FIU,0,25.1504805,-80.8092194,,,,FIU,
FLAB14,147014,78,NITRATE-N,5/8/2003,0.0084,mg/L,,FLAB,SAMP,MON,SA,G,NO3,,N,A,0.1,,,FIU,0,25.1504805,-80.8092194,,,,FIU,
FLAB14,148014,78,NITRATE-N,6/10/2003,0.0044,mg/L,,FLAB,SAMP,MON,SA,G,NO3,,N,A,0.1,,,FIU,0,25.1504805,-80.8092194,,,,FIU,
FLAB14,149014,78,NITRATE-N,7/1/2003,0.0075,mg/L,,FLAB,SAMP,MON,SA,G,NO3,,N,A,0.1,,,FIU,0,25.1504805,-80.8092194,,,,FIU,
FLAB14,150014,78,NITRATE-N,8/25/2003,0.001,mg/L,,FLAB,SAMP,MON,SA,G,NO3,,N,A,0.1,,,FIU,0,25.1504805,-80.8092194,,,,FIU,
FLAB14,151014,78,NITRATE-N,9/9/2003,0.0007,mg/L,,FLAB,SAMP,MON,SA,G,NO3,,N,A,0.1,,,FIU,0,25.1504805,-80.8092194,,,,FIU,
FLAB14,152014,78,NITRATE-N,10/15/2003,0.0002,mg/L,,FLAB,SAMP,MON,SA,G,NO3,,N,A,0.1,,,FIU,0,25.1504805,-80.8092194,,,,FIU,
FLAB14,153014,78,NITRATE-N,11/7/2003,0.0032,mg/L,,FLAB,SAMP,MON,SA,G,NO3,,N,A,0.1,,,FIU,0,25.1504805,-80.8092194,,,,FIU,
FLAB14,154014,78,NITRATE-N,12/3/2003,0.0038,mg/L,,FLAB,SAMP,MON,SA,G,NO3,,N,A,0.1,,,FIU,0,25.1504805,-80.8092194,,,,FIU,
FLAB14,155014,78,NITRATE-N,1/21/2004,0.0172,mg/L,,FLAB,SAMP,MON,SA,G,NO3,,N,A,0.1,,,FIU,0,25.1504805,-80.8092194,,,,FIU,
FLAB14,156014,78,NITRATE-N,2/24/2004,0.0226,mg/L,,FLAB,SAMP,MON,SA,G,NO3,,N,A,0.1,,,FIU,0,25.1504805,-80.8092194,,,,FIU,
FLAB14,157014,78,NITRATE-N,3/23/2004,0.0403,mg/L,,FLAB,SAMP,MON,SA,G,NO3,,N,A,0.1,,,FIU,0,25.1504805,-80.8092194,,,,FIU,
FLAB14,158014,78,NITRATE-N,4/21/2004,0.0071,mg/L,,FLAB,SAMP,MON,SA,G,NO3,,N,A,0.1,,,FIU,0,25.1504805,-80.8092194,,,,WMD,
FLAB14,159014,78,NITRATE-N,5/21/2004,0.002,mg/L,,FLAB,SAMP,MON,SA,G,NO3,,N,A,0.1,,,FIU,0,25.1504805,-80.8092194,,,,FIU,
FLAB14,160014,78,NITRATE-N,6/28/2004,0.0083,mg/L,,FLAB,SAMP,MON,SA,G,NO3,,N,A,0.1,,,FIU,0,25.1504805,-80.8092194,,,,FIU,
FLAB14,161014,78,NITRATE-N,7/27/2004,0.0061,mg/L,,FLAB,SAMP,MON,SA,G,NO3,,N,A,0.1,,,FIU,0,25.1504805,-80.8092194,,,,FIU,
FLAB14,162014,78,NITRATE-N,8/24/2004,0.0007,mg/L,,FLAB,SAMP,MON,SA,G,NO3,,N,A,0.1,,,FIU,0,25.1504805,-80.8092194,,,,FIU,
FLAB14,163014,78,NITRATE-N,9/28/2004,0.0023,mg/L,,FLAB,SAMP,MON,SA,G,NO3,,N,A,0.1,,,FIU,0,25.1504805,-80.8092194,,,,FIU,
FLAB14,164014,78,NITRATE-N,10/26/2004,0.0035,mg/L,,FLAB,SAMP,MON,SA,G,NO3,,N,A,0.1,,,FIU,0,25.1504805,-80.8092194,,,,FIU,
FLAB14,165014,78,NITRATE-N,11/29/2004,0,mg/L,,FLAB,SAMP,MON,SA,G,NO3,,N,A,0.1,,,FIU,0,25.1504805,-80.8092194,,,,FIU,
FLAB14,166014,78,NITRATE-N,12/14/2004,0,mg/L,,FLAB,SAMP,MON,SA,G,NO3,,N,A,0.1,,,FIU,0,25.1504805,-80.8092194,,,,FIU,
FLAB14,P42963-5,78,NITRATE-N,1/7/2009,0.005,mg/L,U,FLAB,SAMP,MON,SA,G,NO3,0.005,Y,A,0.5,,,WMD,1,25.1504805,-80.8092194,0.6,,BA,WMD,Strong incoming flow.  sample clear with no visable solids.  light chop with increasing South winds.  Station is in very shallow water.  may want to consider moving off to the South.
FLAB14,P42978-2,78,NITRATE-N,2/12/2009,0.005,mg/L,U,FLAB,SAMP,MON,SA,G,NO3,0.005,Y,A,0.5,,,WMD,1,25.1504805,-80.8092194,0.8,,BA,WMD,Very clear warer and calm conditions.  Slight ripple.  Station in shallow water over seagrass beds.  Suggest moving it slightly to the South.
FLAB14,P43361-2,78,NITRATE-N,3/16/2009,0.005,mg/L,U,FLAB,SAMP,MON,SA,G,NO3,0.005,Y,A,0.5,,,WMD,1,25.1504805,-80.8092194,1.1,,BA,WMD,Clear calm conditiond and light flow.  Sample clear.
FLAB14,P43542-2,78,NITRATE-N,4/20/2009,0.005,mg/L,U,FLAB,SAMP,MON,SA,G,NO3,0.005,Y,A,0.5,,,WMD,1,25.1504805,-80.8092194,1.1,,BA,WMD,"Clear and calm.  RS done at station.  Extememy salty (out of calibration range). WARNING: CONDUCTIVITY exceeds CLOSING Control True Value range of 2000 to 58650,"
FLAB14,P43542-12,78,NITRATE-N,4/20/2009,0.005,mg/L,U,FLAB,RS,MON,SA,G,NO3,0.005,Y,A,0.5,,,WMD,1,25.1504805,-80.8092194,1.1,,BA,WMD,"sample clear.  Salinity out of conductivity range. WARNING: CONDUCTIVITY exceeds CLOSING Control True Value range of 2000 to 58650,"
FLAB14,P43542-13,78,NITRATE-N,4/20/2009,0.005,mg/L,U,FLAB,RS,MON,SA,G,NO3,0.005,Y,A,0.5,,,WMD,1,25.1504805,-80.8092194,1.1,,BA,WMD,"sample clear.  salinity out of conductivity range. WARNING: CONDUCTIVITY exceeds CLOSING Control True Value range of 2000 to 58650,"
FLAB14,P43936-2,78,NITRATE-N,5/18/2009,0.005,mg/L,U,FLAB,SAMP,MON,SA,G,NO3,0.005,Y,A,0.5,,,WMD,1,25.1504805,-80.8092194,1.2,,BA,WMD,Breezy and light chop.  SAmple clear.   SECCHI ON BOTTOM.  Extremely salty
FLAB14,P43955-2,78,NITRATE-N,6/11/2009,0.005,mg/L,U,FLAB,SAMP,MON,SA,G,NO3,0.005,Y,A,0.5,,,WMD,1,25.1504805,-80.8092194,1.1,,BA,WMD,Clear and calm.  Sample clear of solids.   SECCHI ON BOTTOM.  High salinity.
FLAB14,P44584-2,78,NITRATE-N,7/20/2009,0.005,mg/L,U,FLAB,SAMP,MON,SA,G,NO3,0.005,Y,A,0.5,,,WMD,1,25.1504805,-80.8092194,0.92,,BA,WMD,"sample light yellow, low solids.  very calm conditions, clear water. SECCHI ON BOTTOM."
FLAB14,P44716-2,78,NITRATE-N,8/17/2009,0.005,mg/L,U,FLAB,SAMP,MON,SA,G,NO3,0.005,Y,A,0.5,,,WMD,1,25.1504805,-80.8092194,0.9,,BA,WMD,"Sample clear, no visible solids.   SECCHI ON BOTTOM. Slight chop with a lot of foam on water surface.  Very windy (15-20 knots).  Mostly sunny with some cloud coverage, temperature low to mid 90's degrees F."
FLAB14,P45422-2,78,NITRATE-N,9/14/2009,0.005,mg/L,U,FLAB,SAMP,MON,SA,G,NO3,0.005,Y,A,0.5,,,WMD,1,25.1504805,-80.8092194,1.2,,BA,WMD,"Comments too long, see field notes."
FLAB14,P45906-2,78,NITRATE-N,10/12/2009,0.005,mg/L,U,FLAB,SAMP,MON,SA,G,NO3,0.005,Y,A,0.5,,,WMD,1,25.1504805,-80.8092194,1,,BA,WMD,Sample yellow with low solids. SECCHI ON BOTTOM. Low flow. Less than 0.5' chop with winds approx. 15-20 mph. FCEB taken at this station.
FLAB14,P45906-11,78,NITRATE-N,10/12/2009,0.005,mg/L,U,FLAB,FCEB,MON,SA,G,NO3,0.005,Y,A,0,,,WMD,1,25.1504805,-80.8092194,0,,BA,WMD,DI->Niskin->Bucket->Syringe->Filter->Bottle. FCEB taken at FLAB14.
FLAB14,P46184-2,78,NITRATE-N,11/11/2009,0.005,mg/L,U,FLAB,SAMP,MON,SA,G,NO3,0.005,Y,A,0.5,,,WMD,1,25.1504805,-80.8092194,1,,BA,WMD,"Sample light yellow, with no visible solids.  Moderate chop, low flow.  Winds 20-25 mph. Heavy storms in close proximity.   SECCHI ON BOTTOM."
FLAB14,P46552-2,78,NITRATE-N,12/7/2009,0.005,mg/L,U,FLAB,SAMP,MON,SA,G,NO3,0.005,Y,A,0.5,m,,WMD,1,25.1504805,-80.8092194,,,BA,WMD,"Sample pale yellow, with no visible solids.  Low flow.  Winds 5-10 mph.  No chop, calm water.  DO has been  highter at this station.   SECCHI ON BOTTOM."
FLAB14,P46793-4,78,NITRATE-N,1/11/2010,0.006,mg/L,I,FLAB,SAMP,MON,SA,G,NO3,0.005,N,A,0.5,m,,WMD,1,25.1504805,-80.8092194,,,BA,WMD,Comments are too long. See field notes.
FLAB14,P47183-4,78,NITRATE-N,2/8/2010,0.005,mg/L,U,FLAB,SAMP,MON,SA,G,NO3,0.005,Y,A,0.5,m,,WMD,1,25.1504805,-80.8092194,,,BA,WMD,"Sample light yellow, low solids.  Minimal chop.  Low flow.  Winds 5-15mph.   SECCHI ON BOTTOM."
FLAB14,P47472-4,78,NITRATE-N,3/8/2010,0.005,mg/L,U,FLAB,SAMP,MON,SA,G,NO3,0.005,Y,A,0.5,m,,WMD,1,25.1504805,-80.8092194,,,BA,WMD,"Sample pale yellow with no visible solids. Calm conditions, minimal chop. SECCHI ON BOTTOM. Low flow."
FLAB14,P47828-4,78,NITRATE-N,4/12/2010,0.005,mg/L,U,FLAB,SAMP,MON,SA,G,NO3,0.005,Y,A,0.5,m,,WMD,1,25.1504805,-80.8092194,,,BA,WMD,"Sample light yellow, no visible solids.  Low flow.  Moderate chop.  Winds 15-20mph.   SECCHI ON BOTTOM."
FLAB14,P47828-11,78,NITRATE-N,4/12/2010,0.005,mg/L,U,FLAB,FCEB,MON,SA,G,NO3,0.005,Y,A,0,,,WMD,0,25.1504805,-80.8092194,,,BA,WMD,"DI, niskin, bucket, syringe, filter, sample bottle.  FCEB taken at FLAB14"
FLAB14,P48081-4,78,NITRATE-N,5/10/2010,0.005,mg/L,U,FLAB,SAMP,MON,SA,G,NO3,0.005,Y,A,0.5,m,,WMD,1,25.1504805,-80.8092194,,,BA,WMD,"Sample light yellow, low solids.  Low flow.  Calm water, minimal chop.  Winds 15-18mph.   SECCHI ON BOTTOM."
FLAB14,P48379-4,78,NITRATE-N,6/7/2010,0.005,mg/L,U,FLAB,SAMP,MON,SA,G,NO3,0.005,Y,A,0.5,m,,WMD,1,25.1504805,-80.8092194,,,BA,WMD,Sample is light green with low suspended solids present. Low flow with minimal chop ripple less than 3 inches and constant 12 mph winds. SECCHI ON BOTTOM.
FLAB14,P48379-11,78,NITRATE-N,6/7/2010,0.005,mg/L,U,FLAB,FCEB,MON,SA,G,NO3,0.005,Y,A,0,,,WMD,0,25.1504805,-80.8092194,,,BA,WMD,"DI, niskin, bucket, syringe, filter, sample bottle, FCEB taken @ FLAB14."
FLAB14,P48679-4,78,NITRATE-N,7/20/2010,0.005,mg/L,I,FLAB,SAMP,MON,SA,G,NO3,0.005,N,A,0.5,m,,WMD,1,25.1504805,-80.8092194,,,BA,WMD,"Sample light green, low solids.  Moderate chop, 1-2 foot chop.  Low flow. Winds 15-20mph.   SECCHI ON BOTTOM."
FLAB14,P48893-4,78,NITRATE-N,8/16/2010,0.005,mg/L,U,FLAB,SAMP,MON,SA,G,NO3,0.005,Y,A,0.5,m,,WMD,1,25.1504805,-80.8092194,,,BA,WMD,"Sample pale yellow, with low solids.  Low flow.  Calm water, no chop.  Winds 5-7mph. SECCHI ON BOTTOM."
FLAB14,P49171-4,78,NITRATE-N,9/21/2010,0.005,mg/L,U,FLAB,SAMP,MON,SA,G,NO3,0.005,Y,A,0.5,m,,WMD,1,25.1504805,-80.8092194,,,BA,WMD,"Sample light green, low solids.  Light chop, .5-1.5 foot seas.  Winds 15mph, with 20mph gusts.  Low flow.   SECCHI ON BOTTOM."
FLAB14,P49628-4,78,NITRATE-N,10/19/2010,0.005,mg/L,U,FLAB,SAMP,MON,SA,G,NO3,0.005,Y,A,0.5,m,,WMD,1,25.1504805,-80.8092194,,,BA,WMD,"Sample light yeloow, low solids.  Low flow.  Calm water, no chop.  Winds 2-5mph.   SECCHI ON BOTTOM."
FLAB14,P50070-4,78,NITRATE-N,11/16/2010,0.005,mg/L,U,FLAB,SAMP,MON,SA,G,NO3,0.005,Y,A,0.5,m,,WMD,1,25.1504805,-80.8092194,,,BA,WMD,"Sample light yellow, low solids.  Calm water, minimal chop.  Low flow.  Wind 3-5mph. SECCHI ON BOTTOM."
FLAB14,P50474-4,78,NITRATE-N,12/14/2010,0.005,mg/L,U,FLAB,SAMP,MON,SA,G,NO3,0.005,Y,A,0.35,m,,WMD,1,25.1504805,-80.8092194,,,BA,WMD,"Sample light yellow, low solids.  Calm water, minimal chop.  Wind 3-5mph.   SECCHI ON BOTTOM. water very shallow."
FLAB14,P50635-4,78,NITRATE-N,1/4/2011,0.005,mg/L,U,FLAB,SAMP,MON,SA,G,NO3,0.005,Y,A,0.5,m,,WMD,1,25.1504805,-80.8092194,,,BA,WMD,"Very low flow at station.  Very low to no chop.  Wind 0-5 mph.   SECCHI ON BOTTOM.   Sample light yellow, low solids."
FLAB14,P50937-4,78,NITRATE-N,2/17/2011,0.005,mg/L,U,FLAB,SAMP,MON,SA,G,NO3,0.005,Y,A,0.25,m,,WMD,0,25.1504805,-80.8092194,,,BA,WMD,Sample taken .4 miles from station due to shallow water.
FLAB14,P51526-4,78,NITRATE-N,3/14/2011,0.005,mg/L,U,FLAB,SAMP,MON,SA,G,NO3,0.005,Y,A,0.5,m,,WMD,1,25.1504805,-80.8092194,,,BA,WMD,"Sample light yellow.  Calm water, minimal chop. Wind 8-12mph.   SECCHI ON BOTTOM."
FLAB14,P52279-4,78,NITRATE-N,4/5/2011,0.005,mg/L,U,FLAB,SAMP,MON,SA,G,NO3,0.005,Y,A,0.5,m,,WMD,1,25.1504805,-80.8092194,,,BA,WMD,"Sample light green, wind 10-15mph sw."
FLAB14,P52280-4,78,NITRATE-N,5/3/2011,0.005,mg/L,U,FLAB,SAMP,MON,SA,G,NO3,0.005,Y,A,0.3,m,,WMD,1,25.1504805,-80.8092194,,,BA,WMD,"Sample palm yellow, wind east 10-15mph,  SECCHI ON BOTTOM."
FLAB14,P52281-4,78,NITRATE-N,6/13/2011,0.005,mg/L,U,FLAB,SAMP,MON,SA,G,NO3,0.005,Y,A,0.5,m,,WMD,1,25.1504805,-80.8092194,,,BA,WMD,Sample is clear with no visible sollids present. Moderate flow with variable westerly winds at 5-10 mph. SECCHI ON BOTTOM. Conductivity is out of range due to high salinity at this location.
FLAB14,P52282-4,78,NITRATE-N,7/12/2011,0.005,mg/L,U,FLAB,SAMP,MON,SA,G,NO3,0.005,Y,A,0.5,m,,WMD,1,25.1504805,-80.8092194,,,BA,WMD,Sample is pale green with no visible suspended solids present.  Flow with light ripple chop up to 4 inches and winds from the southwest at 4 to 8 mph.  SECCHI ON BOTTOM
FLAB14,P52283-6,78,NITRATE-N,8/16/2011,0.005,mg/L,U,FLAB,SAMP,MON,SA,G,NO3,0.005,Y,A,0.5,m,,WMD,1,25.1504805,-80.8092194,,,BA,WMD,Sample is pale green with no visible suspended solids present. Low flow with light chop up to 4 inches and light variable winds from southwest at 6 to 10 mph. SECCHI ON BOTTOM.
FLAB14,P52284-6,78,NITRATE-N,9/12/2011,0.005,mg/L,U,FLAB,SAMP,MON,SA,G,NO3,0.005,Y,A,0.5,m,,WMD,0,25.1504805,-80.8092194,,,BA,WMD,Sample light yellow with no visible suspended solids present. Light current with rising tide just before high tide and glassy slight ripple conditions and light variable winds from the east southeast at 2 to 4 mph. SECCHI ON BOTTOM.
FLAB14,P52285-6,78,NITRATE-N,10/4/2011,0.005,mg/L,U,FLAB,SAMP,MON,SA,G,NO3,0.005,Y,A,0.4,m,,WMD,0,25.1504805,-80.8092194,,,BA,WMD,"Wind, NE 10-15, lt chop, ebb tide,  SECCHI ON BOTTOM."
FLAB14,P54071-6,78,NITRATE-N,12/6/2011,0.005,mg/L,U,FLAB,SAMP,MON,SA,G,NO3,0.005,Y,A,0.35,m,,WMD,0,25.1504805,-80.8092194,,,BA,WMD,"Wind ESE 10-12, lt chop, slack tide,  SECCHI ON BOTTOM, Sample taken .5 miles from station due to shallow depth"
FLAB14,P55306-4,78,NITRATE-N,2/1/2012,0.005,mg/L,U,FLAB,SAMP,MON,SA,G,NO3,0.005,Y,A,0.35,m,,WMD,0,25.1504805,-80.8092194,,,BA,WMD,"Wind E 14-18, lt chop in lee of island, slack tide,  SECCHI ON BOTTOM, sample taken .38 mi from station due to shallow depth"
FLAB14,P55313-4,78,NITRATE-N,4/12/2012,0.005,mg/L,U,FLAB,SAMP,MON,SA,G,NO3,0.005,Y,A,0.45,m,,WMD,0,25.1504805,-80.8092194,,,BA,WMD,"Wind N 8-10, rippled surface, slack tide,  SECCHI ON BOTTOM."
FLAB14,P55929-4,78,NITRATE-N,6/13/2012,0.005,mg/L,U,FLAB,SAMP,MON,SA,G,NO3,0.005,Y,A,0.5,m,,WMD,0,25.1504805,-80.8092194,,,BA,WMD,Calm conditions.  Light ripple.  Slack tide.  Very light east wind.   SECCHI ON BOTTOM.
FLAB14,P56205-4,78,NITRATE-N,8/13/2012,0.005,mg/L,U,FLAB,SAMP,MON,SA,G,NO3,0.005,Y,A,0.5,m,,WMD,0,25.1504805,-80.8092194,,,BA,WMD,Very light east wind.  Calm conditions with almost no ripple.  Slack tide.   SECCHI ON BOTTOM.
FLAB14,P56209-4,78,NITRATE-N,10/11/2012,0.005,mg/L,U,FLAB,SAMP,MON,SA,G,NO3,0.005,Y,A,0.5,m,,WMD,0,25.1504805,-80.8092194,,,BA,WMD,Strong NE breeze.  Light chop.   SECCHI ON BOTTOM.
FLAB14,P56856-4,78,NITRATE-N,12/10/2012,0.005,mg/L,U,FLAB,SAMP,MON,SA,G,NO3,0.005,Y,A,0.5,m,,WMD,0,25.1504805,-80.8092194,,,BA,WMD,SECCHI ON BOTTOM. Winds 10-15kts out of the SE. Light chop.
FLAB14,P61818-4,78,NITRATE-N,2/5/2013,0.005,mg/L,U,FLAB,SAMP,MON,SA,G,NO3,0.005,Y,A,0.5,m,,WMD,0,25.1504805,-80.8092194,,,BA,WMD,SECCHI ON BOTTOM. Very light breeze 1-2kts. Calm water. No noticeable current.
FLAB14,P61819-4,78,NITRATE-N,4/18/2013,0.005,mg/L,U,FLAB,SAMP,MON,SA,G,NO3,0.005,Y,A,0.3,m,,WMD,0,25.1504805,-80.8092194,,,PD,WMD,SECCHI ON BOTTOM. ESE winds 10-12 kts. Light ripple on the water.
FLAB14,P63880-4,78,NITRATE-N,6/17/2013,0.005,mg/L,U,FLAB,SAMP,MON,SA,G,NO3,0.005,Y,A,0.4,m,,WMD,0,25.1504805,-80.8092194,,,PD,WMD,"slight ripple on surface, southeast wind 10-15, secchi on bottom, site collected short of coordinates due to shallow water less than 0.5m while approaching site"
FLAB14,P63881-4,78,NITRATE-N,8/13/2013,0.005,mg/L,U,FLAB,SAMP,MON,SA,G,NO3,0.005,Y,A,0.35,m,,WMD,0,25.1504805,-80.8092194,,,PD,WMD,SECCHI ON BOTTOM. Ripples on surface. E wind 5-10 kt. No current observed. Station visted near high tide. Unable to reach location due to shallow water. Collected at 25-08'43.5 secN 080-48'34.4 secW
FLAB14,P65941-4,78,NITRATE-N,10/28/2013,0.005,mg/L,U,FLAB,SAMP,MON,SA,G,NO3,0.005,Y,A,0.4,m,,WMD,0,25.1504805,-80.8092194,,,PD,WMD,SECCHI ON BOTTOM. Light chop. E wind approx 15 kt. Moderate wind driven current.
FLAB14,P68531-4,78,NITRATE-N,12/11/2013,0.005,mg/L,U,FLAB,SAMP,MON,SA,G,NO3,0.005,Y,A,0.35,m,,WMD,0,25.1504805,-80.8092194,,,PD,WMD,"Light chop, E wind 10-15,  SECCHI ON BOTTOM."
FLAB14,P70123-4,78,NITRATE-N,2/26/2014,0.005,mg/L,U,FLAB,SAMP,MON,SA,G,NO3,0.005,Y,A,0.5,m,,WMD,0,25.1504805,-80.8092194,,,PD,WMD,"SECCHI ON BOTTOM. Slight ripple on water surface. Slight wind out of the SW, 5kts. Slight incoming tide. Unable to get to actual FLAB14 site due to water level, sample taken at GPS position N2508.345 W08048.512."
FLAB14,P70124-4,78,NITRATE-N,4/7/2014,0.005,mg/L,U,FLAB,SAMP,MON,SA,G,NO3,0.005,Y,A,0.5,m,,WMD,0,25.1504805,-80.8092194,,,PD,WMD,Moderate chop due to 15kt SE winds. Sample area clear. SECCHI ON BOTTOM.
FLAB14,P71707-4,78,NITRATE-N,6/9/2014,0.005,mg/L,U,FLAB,SAMP,MON,SA,G,NO3,0.005,Y,A,0.5,m,,WMD,0,25.1504805,-80.8092194,,,PD,WMD,"SECCHI ON BOTTOM. Calm winds, calm waves, incoming tide."
FLAB14,P72712-4,78,NITRATE-N,8/5/2014,0.005,mg/L,U,FLAB,SAMP,MON,SA,G,NO3,0.005,Y,A,0.5,m,,WMD,0,25.1504805,-80.8092194,,,PD,WMD,"Calm conditions, SW winds less than 5 kts. Small amount of single piece turtle and manatee grasses on surface. Incoming tide. SECCHI ON BOTTOM."
FLAB14,P74736-4,78,NITRATE-N,10/20/2014,0.005,mg/L,U,FLAB,SAMP,MON,SA,G,NO3,0.005,Y,A,0.35,m,,WMD,0,25.1504805,-80.8092194,,,PD,WMD,"Calm,  SECCHI ON BOTTOM."
FLAB14,P74738-4,78,NITRATE-N,12/17/2014,0.005,mg/L,U,FLAB,SAMP,MON,SA,G,NO3,0.005,Y,A,0.5,m,,WMD,0,25.1504805,-80.8092194,,,PD,WMD,"Incoming tide, NE winds 5kts, calm seas, small amout of floating vegetation pieces visible on water surface. SECCHI ON BOTTOM."
FLAB14,P74737-4,78,NITRATE-N,2/16/2015,0.029,mg/L,,FLAB,SAMP,MON,SA,G,NO3,0.005,N,A,0.45,m,,WMD,0,25.1504805,-80.8092194,,,PD,WMD,"Calm, E wind 10-15. Sample collected 925 m due south of site because of water depth. SECCHI ON BOTTOM"
FLAB14,P75445-4,78,NITRATE-N,4/13/2015,0.008,mg/L,I,FLAB,SAMP,MON,SA,G,NO3,0.005,N,A,0.5,m,,WMD,0,25.1504805,-80.8092194,,,PD,WMD,Sample collected 1 km due south of site due to water depth. SOB
FLAB14,P74739-4,78,NITRATE-N,6/9/2015,0.005,mg/L,U,FLAB,SAMP,MON,SA,G,NO3,0.005,Y,A,0.5,m,,WMD,0,25.1504805,-80.8092194,,,PD,WMD,SOB
FLAB14,P78245-4,78,NITRATE-N,8/25/2015,0.005,mg/L,U,FLAB,SAMP,MON,SA,G,NO3,0.005,Y,A,0.5,m,,WMD,0,25.1504805,-80.8092194,,,PD,WMD,Secchi on bottom.
FLAB14,P80870-4,78,NITRATE-N,10/7/2015,0.012,mg/L,,FLAB,SAMP,MON,SA,G,NO3,0.005,N,A,0.5,m,,WMD,0,25.1504805,-80.8092194,,,PD,WMD,"Calm seas, light amount of loose vegetation on surface, incoming tide, secchi on bottom."
FLAB14,P82416-4,78,NITRATE-N,1/21/2016,0.005,mg/L,U,FLAB,SAMP,MON,SA,G,NO3,0.005,Y,A,0.5,m,,WMD,0,25.1504805,-80.8092194,,,PD,WMD,Secchi on bottom. Surface smooth. Winds ESE 10-15.
FLAB14,P82935-4,78,NITRATE-N,2/16/2016,0.005,mg/L,U,FLAB,SAMP,MON,SA,G,NO3,0.005,Y,A,0.5,m,,WMD,0,25.1504805,-80.8092194,,,PD,WMD,"Calm wind and seas, sample area clear, Secchi on bottom."
FLAB14,P83568-4,78,NITRATE-N,4/14/2016,0.005,mg/L,U,FLAB,SAMP,MON,SA,G,NO3,0.005,Y,A,0.35,m,,WMD,0,25.1504805,-80.8092194,,,PD,WMD,SOB. Light winds out of the SE around 7 kts. Glass smooth water.
FLAB14,P84316-4,78,NITRATE-N,6/29/2016,0.005,mg/L,U,FLAB,SAMP,MON,SA,G,NO3,0.005,Y,A,0.5,m,,WMD,0,25.1504805,-80.8092194,,,PD,WMD,"slight ripple on surface, calm wind, some vegetation clippings on surface, off colored water observed, algae like appearance in water column, filter turned green in color during processing"
FLAB14,P84638-4,78,NITRATE-N,8/25/2016,0.005,mg/L,U,FLAB,SAMP,MON,SA,G,NO3,0.005,Y,A,0.5,m,,WMD,0,25.1504805,-80.8092194,,,PD,WMD,"Light east winds, light surface chop, turbid water, light green brown in color, light amount of loose sea grass floating on surface. Light greenish yellow color visible in filter after use. Secchi on bottom."
FLAB14,P86137-4,78,NITRATE-N,10/24/2016,0.005,mg/L,U,FLAB,SAMP,MON,SA,G,NO3,0.005,Y,A,0.5,m,,WMD,0,25.1504805,-80.8092194,,,PD,WMD,"NE winds 15kt, light chop, sample area clear otherwise. Secchi on bottom."
FLAB14,P86766-4,78,NITRATE-N,12/21/2016,0.005,mg/L,U,FLAB,SAMP,MON,SA,G,NO3,0.005,Y,A,0.5,m,,WMD,0,25.1504805,-80.8092194,,,PD,WMD,"NE winds 10-15 kts, light chop, sample area clear. Secchi on bottom."
FLAB14,P87700-4,78,NITRATE-N,2/20/2017,0.005,mg/L,U,FLAB,SAMP,MON,SA,G,NO3,0.005,Y,A,0.5,m,,WMD,0,25.1504805,-80.8092194,,,PD,WMD,"NE winds 10-15 kts, waters moderate chop, light amount of loose sea grass on surface. Secchi on bottom. Could not get within 300m of sample GPS point due to shallow water."
FLAB14,P87830-4,78,NITRATE-N,4/20/2017,0.005,mg/L,U,FLAB,SAMP,MON,SA,G,NO3,0.005,Y,A,0.5,m,,WMD,0,25.1504805,-80.8092194,,,PD,WMD,"Could only get within 0.5 kilometers of site due to very shallow water.  Had less than 1 foot seas, sample area clear, with 10-15 knot east winds.  Sample collected by DA."
FLAB14,P89179-4,78,NITRATE-N,8/1/2017,0.005,mg/L,U,FLAB,SAMP,MON,SA,G,NO3,0.005,Y,A,0.5,m,,WMD,0,25.1504805,-80.8092194,,,PD,WMD,"Light sw winds, calm seas, moderate amount of loose sea grasses floating on surface, secchi on bottom."
FLAB14,P88721-4,78,NITRATE-N,10/12/2017,0.005,mg/L,U,FLAB,SAMP,MON,SA,G,NO3,0.005,Y,A,0.5,m,,WMD,0,25.1504805,-80.8092194,,,PD,WMD,Filter appeared to contaiin algae when processing sample.
FLAB14,P91159-4,78,NITRATE-N,12/13/2017,0.005,mg/L,U,FLAB,SAMP,MON,SA,G,NO3,0.005,Y,A,0.5,m,,WMD,0,25.1504805,-80.8092194,,,PD,WMD,Light chop. Murky brown water
FLAB14,P92112-4,78,NITRATE-N,2/28/2018,0.005,mg/L,U,FLAB,SAMP,MON,SA,G,NO3,0.005,Y,A,0.5,m,,WMD,0,25.1504805,-80.8092194,,,PD,WMD,Flat water. Green water. Filter turned green. Same problem with DO readings.
FLAB14,P92872-4,78,NITRATE-N,4/10/2018,0.005,mg/L,U,FLAB,SAMP,MON,SA,G,NO3,0.005,Y,A,0.5,m,,WMD,0,25.1504805,-80.8092194,,,PD,WMD,Light chop.
FLAB14,P93694-4,78,NITRATE-N,6/7/2018,0.005,mg/L,U,FLAB,SAMP,MON,SA,G,NO3,0.005,Y,A,0.5,m,,WMD,0,25.1504805,-80.8092194,,,PD,WMD,Floating vegetation present. Avoided during collection.
FLAB14,P94931-4,78,NITRATE-N,8/6/2018,0.005,mg/L,U,FLAB,SAMP,MON,SA,G,NO3,0.005,Y,A,0.5,m,,WMD,0,25.1504805,-80.8092194,,,PD,WMD,
FLAB14,P95251-4,78,NITRATE-N,10/3/2018,0.005,mg/L,U,FLAB,SAMP,MON,SA,G,NO3,0.005,Y,A,0.5,m,,WMD,0,25.1504805,-80.8092194,,,PD,WMD,heavy suspended solids
FLAB14,P96720-4,78,NITRATE-N,12/17/2018,0.005,mg/L,U,FLAB,SAMP,MON,SA,G,NO3,0.005,Y,A,0.25,m,,WMD,0,25.1504805,-80.8092194,,,BA,WMD,Shallow sampling area. Sample depth taken half way from total depth of 0.5m.  Water looks stirred up within sample area.
FLAB14,P102448-5,78,NITRATE-N,2/26/2019,0.005,mg/L,U,FLAB,SAMP,MON,SA,G,NO3,0.005,Y,A,0.5,m,,WMD,0,25.1504805,-80.8092194,,,BA,WMD,
FLAB14,P103834-5,78,NITRATE-N,4/15/2019,0.005,mg/L,U,FLAB,SAMP,MON,SA,G,NO3,0.005,Y,A,0.5,m,,WMD,0,25.1504805,-80.8092194,,,BA,WMD,
FLAB14,P106284-5,78,NITRATE-N,6/11/2019,0.005,mg/L,U,FLAB,SAMP,MON,SA,G,NO3,0.005,Y,A,0.4,m,,WMD,0,25.1504805,-80.8092194,,,BA,WMD,Secchi on bottom
FLAB14,P109207-5,78,NITRATE-N,8/8/2019,0.005,mg/L,U,FLAB,SAMP,MON,SA,G,NO3,0.005,Y,A,0.5,m,,WMD,0,25.1504805,-80.8092194,,,BA,WMD,Large pieces of vegetative debris present on surface of water. Secchi on bottom.
FLAB14,P109898-5,78,NITRATE-N,10/8/2019,0.005,mg/L,U,FLAB,SAMP,MON,SA,G,NO3,0.005,Y,A,0.5,m,,WMD,0,25.1504805,-80.8092194,,,BA,WMD,
FLAB14,P86137-7,80,TOTAL NITROGEN,10/24/2016,0.02,mg/L,U,FLAB,FCEB,MON,DI,G,TOTN,0.02,Y,A,,,,WMD,0,25.1504805,-80.8092194,,,PD,WMD,
FLAB14,P86766-7,80,TOTAL NITROGEN,12/21/2016,0.02,mg/L,U,FLAB,FCEB,MON,DI,G,TOTN,0.02,Y,A,,,,WMD,0,25.1504805,-80.8092194,,,PD,WMD,
FLAB14,P87830-7,80,TOTAL NITROGEN,4/20/2017,0.02,mg/L,U,FLAB,FCEB,MON,DI,G,TOTN,0.02,Y,A,,,,WMD,0,25.1504805,-80.8092194,,,PD,WMD,FCEB collected at FLAB14 site.  Sample collected by DA.
FLAB14,P88721-7,80,TOTAL NITROGEN,10/12/2017,0.02,mg/L,U,FLAB,FCEB,MON,DI,G,TOTN,0.02,Y,A,,,,WMD,0,25.1504805,-80.8092194,,,PD,WMD,FCEB performed.
FLAB14,P91159-7,80,TOTAL NITROGEN,12/13/2017,0.02,mg/L,U,FLAB,FCEB,MON,DI,G,TOTN,0.02,Y,A,,,,WMD,0,25.1504805,-80.8092194,,,PD,WMD,Performed by EW at FLAB14.
FLAB14,P92112-7,80,TOTAL NITROGEN,2/28/2018,0.02,mg/L,U,FLAB,FCEB,MON,DI,G,TOTN,0.02,Y,A,,,,WMD,0,25.1504805,-80.8092194,,,PD,WMD,Performed by KJ at FLAB14 with DI 5886.
FLAB14,P92872-7,80,TOTAL NITROGEN,4/10/2018,0.02,mg/L,U,FLAB,FCEB,MON,DI,G,TOTN,0.02,Y,A,,,,WMD,0,25.1504805,-80.8092194,,,PD,WMD,Performed by NP at FLAB14 with DI 5901.
FLAB14,P120347-8,80,TOTAL NITROGEN,12/9/2020,0.05,mg/L,U,FLAB,FCEB,MON,DI,G,TOTN,0.05,Y,A,,,,WMD,0,25.1504805,-80.8092194,,,BA,WMD,FCEB collected at station FLAB14 by CL using DI#: 7014.
FLAB14,P129938-8,80,TOTAL NITROGEN,2/8/2022,0.05,mg/L,U,FLAB,FCEB,MON,DI,G,TOTN,0.05,Y,A,,,,WMD,0,25.1504805,-80.8092194,,,BA,WMD,FCEB collected thru all sampling equipment 7492
FLAB14,P139468-8,80,TOTAL NITROGEN,1/30/2023,0.05,mg/L,U,FLAB,FCEB,MON,DI,G,TOTN,0.05,Y,A,,,,WMD,0,25.1504805,-80.8092194,,,BA,WMD,FCEB collected thru all sampling equipment by TT at FLAB14 using DI 7688.
FLAB14,P143129-8,80,TOTAL NITROGEN,5/11/2023,0.05,mg/L,U,FLAB,FCEB,MON,DI,G,TOTN,0.05,Y,A,,,,WMD,0,25.1504805,-80.8092194,,,BA,WMD,FCEB collected thru all sampling equipment by PF at FLAB14 using DI 7762
FLAB14,P146064-8,80,TOTAL NITROGEN,11/13/2023,0.05,mg/L,U,FLAB,FCEB,MON,DI,G,TOTN,0.05,Y,A,,,,WMD,0,25.1504805,-80.8092194,,,BA,WMD,FCEB collected thru all sampling equipment by CL at FLAB14 using DI 7860
FLAB14,P148342-8,80,TOTAL NITROGEN,1/8/2024,0.05,mg/L,U,FLAB,FCEB,MON,DI,G,TOTN,0.05,Y,A,,,,WMD,0,25.1504805,-80.8092194,,,BA,WMD,FCEB collected thru all sampling equipment by ST at FLAB14 using DI 7913
FLAB14,P152189-8,80,TOTAL NITROGEN,7/15/2024,0.05,mg/L,U,FLAB,FCEB,MON,DI,G,TOTN,0.05,Y,A,,,,WMD,0,25.1504805,-80.8092194,,,BA,WMD,FCEB collected thru all sampling equipment by RJC using DI 8031.
FLAB14,P153175-8,80,TOTAL NITROGEN,9/12/2024,0.05,mg/L,U,FLAB,FCEB,MON,DI,G,TOTN,0.05,Y,A,,,,WMD,0,25.1504805,-80.8092194,,,BA,WMD,FCEB collected thru all sampling equipment using DI 8059.
FLAB14,FIU15156,80,TOTAL NITROGEN,1/25/2001,0.53,mg/L,,FLAB,SAMP,MON,SA,G,TOTN,0.03,N,A,0.1,,,FIU,0,25.1504805,-80.8092194,,,,FIU,
FLAB14,FIU15158,80,TOTAL NITROGEN,2/21/2001,0.98,mg/L,,FLAB,SAMP,MON,SA,G,TOTN,0.03,N,A,0.1,,,FIU,0,25.1504805,-80.8092194,,,,FIU,
FLAB14,FIU15160,80,TOTAL NITROGEN,3/6/2001,0.71,mg/L,,FLAB,SAMP,MON,SA,G,TOTN,0.03,N,A,0.1,,,FIU,0,25.1504805,-80.8092194,,,,FIU,
FLAB14,FIU15162,80,TOTAL NITROGEN,4/3/2001,0.46,mg/L,,FLAB,SAMP,MON,SA,G,TOTN,0.03,N,A,0.1,,,FIU,0,25.1504805,-80.8092194,,,,FIU,
FLAB14,FIU15164,80,TOTAL NITROGEN,5/2/2001,0.48,mg/L,,FLAB,SAMP,MON,SA,G,TOTN,0.03,N,A,0.1,,,FIU,0,25.1504805,-80.8092194,,,,FIU,
FLAB14,FIU110784,80,TOTAL NITROGEN,6/5/2001,0.35,mg/L,,FLAB,SAMP,MON,SA,G,TOTN,0.03,N,A,0.1,,,FIU,0,25.1504805,-80.8092194,,,,FIU,
FLAB14,FIU15166,80,TOTAL NITROGEN,7/12/2001,0.68,mg/L,,FLAB,SAMP,MON,SA,G,TOTN,0.03,N,A,0.1,,,FIU,0,25.1504805,-80.8092194,,,,FIU,
FLAB14,FIU15168,80,TOTAL NITROGEN,8/14/2001,0.58,mg/L,,FLAB,SAMP,MON,SA,G,TOTN,0.03,N,A,0.1,,,FIU,0,25.1504805,-80.8092194,,,,FIU,
FLAB14,FIU15170,80,TOTAL NITROGEN,9/5/2001,0.39,mg/L,,FLAB,SAMP,MON,SA,G,TOTN,0.03,N,A,0.1,,,FIU,0,25.1504805,-80.8092194,,,,FIU,
FLAB14,FIU110486,80,TOTAL NITROGEN,10/23/2001,0.43,mg/L,,FLAB,SAMP,MON,SA,G,TOTN,0.05,N,A,0.1,,,FIU,0,25.1504805,-80.8092194,,,,FIU,
FLAB14,FIU110488,80,TOTAL NITROGEN,11/8/2001,0.34,mg/L,,FLAB,SAMP,MON,SA,G,TOTN,0.05,N,A,0.1,,,FIU,0,25.1504805,-80.8092194,,,,FIU,
FLAB14,FIU110490,80,TOTAL NITROGEN,12/3/2001,0.71,mg/L,,FLAB,SAMP,MON,SA,G,TOTN,0.05,N,A,0.1,,,FIU,0,25.1504805,-80.8092194,,,,FIU,
FLAB14,FIU113118,80,TOTAL NITROGEN,1/29/2002,0.48,mg/L,,FLAB,SAMP,MON,SA,G,TOTN,0.05,N,A,0.1,,,FIU,0,25.1504805,-80.8092194,,,,FIU,
FLAB14,FIU113120,80,TOTAL NITROGEN,2/20/2002,0.45,mg/L,Q,FLAB,SAMP,MON,SA,G,TOTN,0.05,N,A,0.1,,,FIU,0,25.1504805,-80.8092194,,,,FIU,
FLAB14,FIU113122,80,TOTAL NITROGEN,3/19/2002,0.36,mg/L,Q,FLAB,SAMP,MON,SA,G,TOTN,0.05,N,A,0.1,,,FIU,0,25.1504805,-80.8092194,,,,FIU,
FLAB14,134014,80,TOTAL NITROGEN,4/9/2002,0.4,mg/L,Q,FLAB,SAMP,MON,SA,G,TOTN,0.05,N,A,0.1,,,FIU,0,25.1504805,-80.8092194,,,,FIU,
FLAB14,135014,80,TOTAL NITROGEN,5/15/2002,0.8,mg/L,Q,FLAB,SAMP,MON,SA,G,TOTN,0.05,N,A,0.1,,,FIU,0,25.1504805,-80.8092194,,,,FIU,
FLAB14,136014,80,TOTAL NITROGEN,6/4/2002,0.78,mg/L,Q,FLAB,SAMP,MON,SA,G,TOTN,0.05,N,A,0.1,,,FIU,0,25.1504805,-80.8092194,,,,FIU,
FLAB14,137014,80,TOTAL NITROGEN,7/11/2002,0.36,mg/L,Q,FLAB,SAMP,MON,SA,G,TOTN,0.05,N,A,0.1,,,FIU,0,25.1504805,-80.8092194,,,,FIU,
FLAB14,138014,80,TOTAL NITROGEN,8/19/2002,1.8,mg/L,,FLAB,SAMP,MON,SA,G,TOTN,0.05,N,A,0.1,,,FIU,0,25.1504805,-80.8092194,,,,FIU,
FLAB14,139014,80,TOTAL NITROGEN,9/17/2002,1.08,mg/L,,FLAB,SAMP,MON,SA,G,TOTN,0.05,N,A,0.1,,,FIU,0,25.1504805,-80.8092194,,,,FIU,
FLAB14,140014,80,TOTAL NITROGEN,10/17/2002,0.54,mg/L,Q,FLAB,SAMP,MON,SA,G,TOTN,0.05,N,A,0.1,,,FIU,0,25.1504805,-80.8092194,,,,FIU,
FLAB14,141014,80,TOTAL NITROGEN,11/14/2002,1.19,mg/L,Q,FLAB,SAMP,MON,SA,G,TOTN,0.05,N,A,0.1,,,FIU,0,25.1504805,-80.8092194,,,,FIU,
FLAB14,142014,80,TOTAL NITROGEN,12/11/2002,0.4,mg/L,Q,FLAB,SAMP,MON,SA,G,TOTN,0.05,N,A,0.1,,,FIU,0,25.1504805,-80.8092194,,,,FIU,
FLAB14,143014,80,TOTAL NITROGEN,1/28/2003,0.23,mg/L,Q,FLAB,SAMP,MON,SA,G,TOTN,0.05,N,A,0.1,,,FIU,0,25.1504805,-80.8092194,,,,FIU,
FLAB14,144014,80,TOTAL NITROGEN,2/25/2003,0.86,mg/L,Q,FLAB,SAMP,MON,SA,G,TOTN,0.05,N,A,0.1,,,FIU,0,25.1504805,-80.8092194,,,,FIU,
FLAB14,145014,80,TOTAL NITROGEN,3/13/2003,0.45,mg/L,Q,FLAB,SAMP,MON,SA,G,TOTN,0.05,N,A,0.1,,,FIU,0,25.1504805,-80.8092194,,,,FIU,
FLAB14,146014,80,TOTAL NITROGEN,4/9/2003,0.34,mg/L,Q,FLAB,SAMP,MON,SA,G,TOTN,0.05,N,A,0.1,,,FIU,0,25.1504805,-80.8092194,,,,FIU,
FLAB14,147014,80,TOTAL NITROGEN,5/8/2003,0.51,mg/L,Q,FLAB,SAMP,MON,SA,G,TOTN,0.05,N,A,0.1,,,FIU,0,25.1504805,-80.8092194,,,,FIU,
FLAB14,148014,80,TOTAL NITROGEN,6/10/2003,0.55,mg/L,Q,FLAB,SAMP,MON,SA,G,TOTN,0.05,N,A,0.1,,,FIU,0,25.1504805,-80.8092194,,,,FIU,
FLAB14,149014,80,TOTAL NITROGEN,7/1/2003,0.63,mg/L,,FLAB,SAMP,MON,SA,G,TOTN,0.05,N,A,0.1,,,FIU,0,25.1504805,-80.8092194,,,,FIU,
FLAB14,150014,80,TOTAL NITROGEN,8/25/2003,0.9,mg/L,,FLAB,SAMP,MON,SA,G,TOTN,0.05,N,A,0.1,,,FIU,0,25.1504805,-80.8092194,,,,FIU,
FLAB14,151014,80,TOTAL NITROGEN,9/9/2003,0.78,mg/L,,FLAB,SAMP,MON,SA,G,TOTN,0.05,N,A,0.1,,,FIU,0,25.1504805,-80.8092194,,,,FIU,
FLAB14,152014,80,TOTAL NITROGEN,10/15/2003,0.43,mg/L,,FLAB,SAMP,MON,SA,G,TOTN,0.05,N,A,0.1,,,FIU,0,25.1504805,-80.8092194,,,,FIU,
FLAB14,153014,80,TOTAL NITROGEN,11/7/2003,0.83,mg/L,,FLAB,SAMP,MON,SA,G,TOTN,0.05,N,A,0.1,,,FIU,0,25.1504805,-80.8092194,,,,FIU,
FLAB14,154014,80,TOTAL NITROGEN,12/3/2003,0.7,mg/L,,FLAB,SAMP,MON,SA,G,TOTN,0.05,N,A,0.1,,,FIU,0,25.1504805,-80.8092194,,,,FIU,
FLAB14,155014,80,TOTAL NITROGEN,1/21/2004,0.5,mg/L,,FLAB,SAMP,MON,SA,G,TOTN,0.05,N,A,0.1,,,FIU,0,25.1504805,-80.8092194,,,,FIU,
FLAB14,156014,80,TOTAL NITROGEN,2/24/2004,0.82,mg/L,,FLAB,SAMP,MON,SA,G,TOTN,0.05,N,A,0.1,,,FIU,0,25.1504805,-80.8092194,,,,FIU,
FLAB14,157014,80,TOTAL NITROGEN,3/23/2004,1.3,mg/L,,FLAB,SAMP,MON,SA,G,TOTN,0.05,N,A,0.1,,,FIU,0,25.1504805,-80.8092194,,,,FIU,
FLAB14,158014,80,TOTAL NITROGEN,4/21/2004,1.08,mg/L,,FLAB,SAMP,MON,SA,G,TOTN,0.05,N,A,0.1,,,FIU,0,25.1504805,-80.8092194,,,,WMD,
FLAB14,159014,80,TOTAL NITROGEN,5/21/2004,0.83,mg/L,,FLAB,SAMP,MON,SA,G,TOTN,0.05,N,A,0.1,,,FIU,0,25.1504805,-80.8092194,,,,FIU,
FLAB14,160014,80,TOTAL NITROGEN,6/28/2004,0.59,mg/L,,FLAB,SAMP,MON,SA,G,TOTN,0.05,N,A,0.1,,,FIU,0,25.1504805,-80.8092194,,,,FIU,
FLAB14,161014,80,TOTAL NITROGEN,7/27/2004,0.45,mg/L,,FLAB,SAMP,MON,SA,G,TOTN,0.05,N,A,0.1,,,FIU,0,25.1504805,-80.8092194,,,,FIU,
FLAB14,162014,80,TOTAL NITROGEN,8/24/2004,0.75,mg/L,,FLAB,SAMP,MON,SA,G,TOTN,0.05,N,A,0.1,,,FIU,0,25.1504805,-80.8092194,,,,FIU,
FLAB14,163014,80,TOTAL NITROGEN,9/28/2004,0.55,mg/L,,FLAB,SAMP,MON,SA,G,TOTN,0.05,N,A,0.1,,,FIU,0,25.1504805,-80.8092194,,,,FIU,
FLAB14,164014,80,TOTAL NITROGEN,10/26/2004,0.77,mg/L,,FLAB,SAMP,MON,SA,G,TOTN,0.02,N,A,0.1,,,FIU,0,25.1504805,-80.8092194,,,,FIU,
FLAB14,165014,80,TOTAL NITROGEN,11/29/2004,0.81,mg/L,,FLAB,SAMP,MON,SA,G,TOTN,0.05,N,A,0.1,,,FIU,0,25.1504805,-80.8092194,,,,FIU,
FLAB14,166014,80,TOTAL NITROGEN,12/14/2004,0.27,mg/L,,FLAB,SAMP,MON,SA,G,TOTN,0.05,N,A,0.1,,,FIU,0,25.1504805,-80.8092194,,,,FIU,
FLAB14,FB188FB014UA,80,TOTAL NITROGEN,10/9/2006,0.6725,mg/L,,FLAB,SAMP,MON,SA,G,TOTN,0.02996,N,A,0,,,FIU,0,25.1504805,-80.8092194,,,BA,WMD,
FLAB14,FB188FB014UB,80,TOTAL NITROGEN,10/9/2006,0.6864,mg/L,,FLAB,SAMP,MON,SA,G,TOTN,0.02996,N,A,0,,,FIU,0,25.1504805,-80.8092194,,,BA,WMD,
FLAB14,FB189FB014UA,80,TOTAL NITROGEN,11/7/2006,0.8004,mg/L,J,FLAB,SAMP,MON,SA,G,TOTN,0.02996,N,A,0,,,FIU,0,25.1504805,-80.8092194,,,BA,WMD,
FLAB14,FB189FB014UB,80,TOTAL NITROGEN,11/7/2006,0.8514,mg/L,J,FLAB,SAMP,MON,SA,G,TOTN,0.02996,N,A,0,,,FIU,0,25.1504805,-80.8092194,,,BA,WMD,
FLAB14,FB190FB014UA,80,TOTAL NITROGEN,12/3/2006,0.8816,mg/L,,FLAB,SAMP,MON,SA,G,TOTN,0.02996,N,A,0,,,FIU,0,25.1504805,-80.8092194,,,BA,WMD,
FLAB14,FB190FB014UB,80,TOTAL NITROGEN,12/3/2006,0.9866,mg/L,,FLAB,SAMP,MON,SA,G,TOTN,0.02996,N,A,0,,,FIU,0,25.1504805,-80.8092194,,,BA,WMD,
FLAB14,FB191FB014UA,80,TOTAL NITROGEN,1/11/2007,0.6786,mg/L,A,FLAB,SAMP,MON,SA,G,TOTN,0.02996,N,A,0,,,FIU,0,25.1504805,-80.8092194,,,BA,WMD,
FLAB14,FB191FB014UB,80,TOTAL NITROGEN,1/11/2007,0.8061,mg/L,A,FLAB,SAMP,MON,SA,G,TOTN,0.02996,N,A,0,,,FIU,0,25.1504805,-80.8092194,,,BA,WMD,
FLAB14,FB192FB014UA,80,TOTAL NITROGEN,2/7/2007,0.533,mg/L,A,FLAB,SAMP,MON,SA,G,TOTN,0.02996,N,A,0,,,FIU,0,25.1504805,-80.8092194,,,BA,WMD,
FLAB14,FB192FB014UB,80,TOTAL NITROGEN,2/7/2007,0.4784,mg/L,A,FLAB,SAMP,MON,SA,G,TOTN,0.02996,N,A,0,,,FIU,0,25.1504805,-80.8092194,,,BA,WMD,
FLAB14,FB193FB014UA,80,TOTAL NITROGEN,3/12/2007,0.9914,mg/L,A,FLAB,SAMP,MON,SA,G,TOTN,0.02996,N,A,0,,,FIU,0,25.1504805,-80.8092194,,,BA,WMD,
FLAB14,FB193FB014UB,80,TOTAL NITROGEN,3/12/2007,0.9727,mg/L,A,FLAB,SAMP,MON,SA,G,TOTN,0.02996,N,A,0,,,FIU,0,25.1504805,-80.8092194,,,BA,WMD,
FLAB14,FB194FB014UB,80,TOTAL NITROGEN,4/3/2007,1.059,mg/L,J,FLAB,SAMP,MON,SA,G,TOTN,0.02996,N,A,0,,,FIU,0,25.1504805,-80.8092194,,,BA,WMD,
FLAB14,FB194FB014UA,80,TOTAL NITROGEN,4/3/2007,1.064,mg/L,J,FLAB,SAMP,MON,SA,G,TOTN,0.02996,N,A,0,,,FIU,0,25.1504805,-80.8092194,,,BA,WMD,
FLAB14,FB195FB014UB,80,TOTAL NITROGEN,5/1/2007,0.6168,mg/L,,FLAB,SAMP,MON,SA,G,TOTN,0.02996,N,A,0,,,FIU,0,25.1504805,-80.8092194,,,BA,WMD,
FLAB14,FB195FB014UA,80,TOTAL NITROGEN,5/1/2007,0.5901,mg/L,,FLAB,SAMP,MON,SA,G,TOTN,0.02996,N,A,0,,,FIU,0,25.1504805,-80.8092194,,,BA,WMD,
FLAB14,FB196FB014UA,80,TOTAL NITROGEN,6/6/2007,0.5044,mg/L,"J5,J",FLAB,SAMP,MON,SA,G,TOTN,0.02996,N,A,0,,,FIU,0,25.1504805,-80.8092194,,,BA,WMD,
FLAB14,FB196FB014UB,80,TOTAL NITROGEN,6/6/2007,0.4581,mg/L,"J5,J",FLAB,SAMP,MON,SA,G,TOTN,0.02996,N,A,0,,,FIU,0,25.1504805,-80.8092194,,,BA,WMD,
FLAB14,FB197FB014UB,80,TOTAL NITROGEN,7/3/2007,0.32,mg/L,,FLAB,SAMP,MON,SA,G,TOTN,0.03,N,A,0,,,FIU,0,25.1504805,-80.8092194,,,BA,WMD,
FLAB14,FB197FB014UA,80,TOTAL NITROGEN,7/3/2007,0.43,mg/L,,FLAB,SAMP,MON,SA,G,TOTN,0.03,N,A,0,,,FIU,0,25.1504805,-80.8092194,,,BA,WMD,
FLAB14,FB198FB014UA,80,TOTAL NITROGEN,8/7/2007,0.56,mg/L,,FLAB,SAMP,MON,SA,G,TOTN,0.03,N,A,0,,,FIU,0,25.1504805,-80.8092194,,,BA,WMD,
FLAB14,FB198FB014UB,80,TOTAL NITROGEN,8/7/2007,0.46,mg/L,,FLAB,SAMP,MON,SA,G,TOTN,0.03,N,A,0,,,FIU,0,25.1504805,-80.8092194,,,BA,WMD,
FLAB14,FB199FB014UA,80,TOTAL NITROGEN,9/5/2007,0.37,mg/L,,FLAB,SAMP,MON,SA,G,TOTN,0.03,N,A,0,,,FIU,0,25.1504805,-80.8092194,,,BA,WMD,
FLAB14,FB199FB014UB,80,TOTAL NITROGEN,9/5/2007,0.35,mg/L,,FLAB,SAMP,MON,SA,G,TOTN,0.03,N,A,0,,,FIU,0,25.1504805,-80.8092194,,,BA,WMD,
FLAB14,FB200FB014,80,TOTAL NITROGEN,10/4/2007,1.013,mg/L,"A,Y",FLAB,SAMP,MON,SA,G,TOTN,0.02996,N,A,0,,,FIU,0,25.1504805,-80.8092194,,,BA,WMD,
FLAB14,FB201FB014,80,TOTAL NITROGEN,11/7/2007,0.5379,mg/L,"A,Y",FLAB,SAMP,MON,SA,G,TOTN,0.02996,N,A,0,,,FIU,0,25.1504805,-80.8092194,,,BA,WMD,
FLAB14,FB201FB014B,80,TOTAL NITROGEN,11/7/2007,0.5484,mg/L,"A,Y",FLAB,FD,MON,SA,G,TOTN,0.02996,N,A,0,,,FIU,0,25.1504805,-80.8092194,,,BA,WMD,Measurements done close to the bottom.
FLAB14,FB202FB014,80,TOTAL NITROGEN,12/7/2007,0.6401,mg/L,"A,Y",FLAB,SAMP,MON,SA,G,TOTN,0.02996,N,A,0,,,FIU,0,25.1504805,-80.8092194,,,BA,WMD,
FLAB14,FB203FB014,80,TOTAL NITROGEN,1/9/2008,0.5598,mg/L,J,FLAB,SAMP,MON,SA,G,TOTN,0.04998,N,A,0,,,FIU,0,25.1504805,-80.8092194,,,BA,WMD,
FLAB14,FB204FB014,80,TOTAL NITROGEN,2/8/2008,1.018,mg/L,,FLAB,SAMP,MON,SA,G,TOTN,0.04998,N,A,0,,,FIU,0,25.1504805,-80.8092194,,,BA,WMD,
FLAB14,FB205FB014,80,TOTAL NITROGEN,3/5/2008,0.9101,mg/L,,FLAB,SAMP,MON,SA,G,TOTN,0.04998,N,A,0,,,FIU,0,25.1504805,-80.8092194,,,BA,WMD,
FLAB14,FB206FB014,80,TOTAL NITROGEN,4/2/2008,0.7763,mg/L,,FLAB,SAMP,MON,SA,G,TOTN,0.04998,N,A,0,,,FIU,0,25.1504805,-80.8092194,,,BA,WMD,
FLAB14,FB207FB014,80,TOTAL NITROGEN,5/7/2008,0.9963,mg/L,,FLAB,SAMP,MON,SA,G,TOTN,0.04998,N,A,0,,,FIU,0,25.1504805,-80.8092194,,,BA,WMD,
FLAB14,FB208FB014,80,TOTAL NITROGEN,6/4/2008,0.411,mg/L,,FLAB,SAMP,MON,SA,G,TOTN,0.04998,N,A,0,,,FIU,0,25.1504805,-80.8092194,,,BA,WMD,
FLAB14,P72712-4,80,TOTAL NITROGEN,8/5/2014,1.13,mg/L,,FLAB,SAMP,MON,SA,G,TOTN,0.02,N,A,0.5,m,,WMD,0,25.1504805,-80.8092194,,,PD,WMD,"Calm conditions, SW winds less than 5 kts. Small amount of single piece turtle and manatee grasses on surface. Incoming tide. SECCHI ON BOTTOM."
FLAB14,P74736-4,80,TOTAL NITROGEN,10/20/2014,1.72,mg/L,,FLAB,SAMP,MON,SA,G,TOTN,0.02,N,A,0.35,m,,WMD,0,25.1504805,-80.8092194,,,PD,WMD,"Calm,  SECCHI ON BOTTOM."
FLAB14,P74738-4,80,TOTAL NITROGEN,12/17/2014,1.01,mg/L,,FLAB,SAMP,MON,SA,G,TOTN,0.02,N,A,0.5,m,,WMD,0,25.1504805,-80.8092194,,,PD,WMD,"Incoming tide, NE winds 5kts, calm seas, small amout of floating vegetation pieces visible on water surface. SECCHI ON BOTTOM."
FLAB14,P74737-4,80,TOTAL NITROGEN,2/16/2015,0.723,mg/L,,FLAB,SAMP,MON,SA,G,TOTN,0.02,N,A,0.45,m,,WMD,0,25.1504805,-80.8092194,,,PD,WMD,"Calm, E wind 10-15. Sample collected 925 m due south of site because of water depth. SECCHI ON BOTTOM"
FLAB14,P75445-4,80,TOTAL NITROGEN,4/13/2015,1.64,mg/L,,FLAB,SAMP,MON,SA,G,TOTN,0.02,N,A,0.5,m,,WMD,0,25.1504805,-80.8092194,,,PD,WMD,Sample collected 1 km due south of site due to water depth. SOB
FLAB14,P74739-4,80,TOTAL NITROGEN,6/9/2015,1.78,mg/L,,FLAB,SAMP,MON,SA,G,TOTN,0.02,N,A,0.5,m,,WMD,0,25.1504805,-80.8092194,,,PD,WMD,SOB
FLAB14,P78245-4,80,TOTAL NITROGEN,8/25/2015,1.5,mg/L,,FLAB,SAMP,MON,SA,G,TOTN,0.02,N,A,0.5,m,,WMD,0,25.1504805,-80.8092194,,,PD,WMD,Secchi on bottom.
FLAB14,P80870-4,80,TOTAL NITROGEN,10/7/2015,0.808,mg/L,,FLAB,SAMP,MON,SA,G,TOTN,0.02,N,A,0.5,m,,WMD,0,25.1504805,-80.8092194,,,PD,WMD,"Calm seas, light amount of loose vegetation on surface, incoming tide, secchi on bottom."
FLAB14,P82416-4,80,TOTAL NITROGEN,1/21/2016,1.9,mg/L,,FLAB,SAMP,MON,SA,G,TOTN,0.02,N,A,0.5,m,,WMD,0,25.1504805,-80.8092194,,,PD,WMD,Secchi on bottom. Surface smooth. Winds ESE 10-15.
FLAB14,P82935-4,80,TOTAL NITROGEN,2/16/2016,2.51,mg/L,,FLAB,SAMP,MON,SA,G,TOTN,0.02,N,A,0.5,m,,WMD,0,25.1504805,-80.8092194,,,PD,WMD,"Calm wind and seas, sample area clear, Secchi on bottom."
FLAB14,P83568-4,80,TOTAL NITROGEN,4/14/2016,2.44,mg/L,J,FLAB,SAMP,MON,SA,G,TOTN,0.02,N,A,0.35,m,,WMD,0,25.1504805,-80.8092194,,,PD,WMD,SOB. Light winds out of the SE around 7 kts. Glass smooth water.
FLAB14,P84316-4,80,TOTAL NITROGEN,6/29/2016,1.72,mg/L,,FLAB,SAMP,MON,SA,G,TOTN,0.02,N,A,0.5,m,,WMD,0,25.1504805,-80.8092194,,,PD,WMD,"slight ripple on surface, calm wind, some vegetation clippings on surface, off colored water observed, algae like appearance in water column, filter turned green in color during processing"
FLAB14,P84638-4,80,TOTAL NITROGEN,8/25/2016,1.91,mg/L,,FLAB,SAMP,MON,SA,G,TOTN,0.02,N,A,0.5,m,,WMD,0,25.1504805,-80.8092194,,,PD,WMD,"Light east winds, light surface chop, turbid water, light green brown in color, light amount of loose sea grass floating on surface. Light greenish yellow color visible in filter after use. Secchi on bottom."
FLAB14,P86137-4,80,TOTAL NITROGEN,10/24/2016,2.39,mg/L,,FLAB,SAMP,MON,SA,G,TOTN,0.02,N,A,0.5,m,,WMD,0,25.1504805,-80.8092194,,,PD,WMD,"NE winds 15kt, light chop, sample area clear otherwise. Secchi on bottom."
FLAB14,P86766-4,80,TOTAL NITROGEN,12/21/2016,1.44,mg/L,,FLAB,SAMP,MON,SA,G,TOTN,0.02,N,A,0.5,m,,WMD,0,25.1504805,-80.8092194,,,PD,WMD,"NE winds 10-15 kts, light chop, sample area clear. Secchi on bottom."
FLAB14,P87700-4,80,TOTAL NITROGEN,2/20/2017,0.989,mg/L,,FLAB,SAMP,MON,SA,G,TOTN,0.02,N,A,0.5,m,,WMD,0,25.1504805,-80.8092194,,,PD,WMD,"NE winds 10-15 kts, waters moderate chop, light amount of loose sea grass on surface. Secchi on bottom. Could not get within 300m of sample GPS point due to shallow water."
FLAB14,P87830-4,80,TOTAL NITROGEN,4/20/2017,1.27,mg/L,,FLAB,SAMP,MON,SA,G,TOTN,0.02,N,A,0.5,m,,WMD,0,25.1504805,-80.8092194,,,PD,WMD,"Could only get within 0.5 kilometers of site due to very shallow water.  Had less than 1 foot seas, sample area clear, with 10-15 knot east winds.  Sample collected by DA."
FLAB14,P89179-4,80,TOTAL NITROGEN,8/1/2017,0.919,mg/L,,FLAB,SAMP,MON,SA,G,TOTN,0.02,N,A,0.5,m,,WMD,0,25.1504805,-80.8092194,,,PD,WMD,"Light sw winds, calm seas, moderate amount of loose sea grasses floating on surface, secchi on bottom."
FLAB14,P88721-4,80,TOTAL NITROGEN,10/12/2017,2.66,mg/L,,FLAB,SAMP,MON,SA,G,TOTN,0.02,N,A,0.5,m,,WMD,0,25.1504805,-80.8092194,,,PD,WMD,Filter appeared to contaiin algae when processing sample.
FLAB14,P91159-4,80,TOTAL NITROGEN,12/13/2017,2.31,mg/L,,FLAB,SAMP,MON,SA,G,TOTN,0.02,N,A,0.5,m,,WMD,0,25.1504805,-80.8092194,,,PD,WMD,Light chop. Murky brown water
FLAB14,P92112-4,80,TOTAL NITROGEN,2/28/2018,2.67,mg/L,,FLAB,SAMP,MON,SA,G,TOTN,0.02,N,A,0.5,m,,WMD,0,25.1504805,-80.8092194,,,PD,WMD,Flat water. Green water. Filter turned green. Same problem with DO readings.
FLAB14,P92872-4,80,TOTAL NITROGEN,4/10/2018,1.82,mg/L,,FLAB,SAMP,MON,SA,G,TOTN,0.02,N,A,0.5,m,,WMD,0,25.1504805,-80.8092194,,,PD,WMD,Light chop.
FLAB14,P93694-4,80,TOTAL NITROGEN,6/7/2018,1.88,mg/L,,FLAB,SAMP,MON,SA,G,TOTN,0.02,N,A,0.5,m,,WMD,0,25.1504805,-80.8092194,,,PD,WMD,Floating vegetation present. Avoided during collection.
FLAB14,P94931-4,80,TOTAL NITROGEN,8/6/2018,2.02,mg/L,,FLAB,SAMP,MON,SA,G,TOTN,0.02,N,A,0.5,m,,WMD,0,25.1504805,-80.8092194,,,PD,WMD,
FLAB14,P95251-4,80,TOTAL NITROGEN,10/3/2018,2.96,mg/L,,FLAB,SAMP,MON,SA,G,TOTN,0.02,N,A,0.5,m,,WMD,0,25.1504805,-80.8092194,,,PD,WMD,heavy suspended solids
FLAB14,P96720-4,80,TOTAL NITROGEN,12/17/2018,2.31,mg/L,,FLAB,SAMP,MON,SA,G,TOTN,0.02,N,A,0.25,m,,WMD,0,25.1504805,-80.8092194,,,BA,WMD,Shallow sampling area. Sample depth taken half way from total depth of 0.5m.  Water looks stirred up within sample area.
FLAB14,P102448-5,80,TOTAL NITROGEN,2/26/2019,2.04,mg/L,,FLAB,SAMP,MON,SA,G,TOTN,0.02,N,A,0.5,m,,WMD,0,25.1504805,-80.8092194,,,BA,WMD,
FLAB14,P103834-5,80,TOTAL NITROGEN,4/15/2019,2.14,mg/L,,FLAB,SAMP,MON,SA,G,TOTN,0.02,N,A,0.5,m,,WMD,0,25.1504805,-80.8092194,,,BA,WMD,
FLAB14,P106284-5,80,TOTAL NITROGEN,6/11/2019,1.57,mg/L,,FLAB,SAMP,MON,SA,G,TOTN,0.05,N,A,0.4,m,,WMD,0,25.1504805,-80.8092194,,,BA,WMD,Secchi on bottom
FLAB14,P109207-5,80,TOTAL NITROGEN,8/8/2019,1.39,mg/L,,FLAB,SAMP,MON,SA,G,TOTN,0.05,N,A,0.5,m,,WMD,0,25.1504805,-80.8092194,,,BA,WMD,Large pieces of vegetative debris present on surface of water. Secchi on bottom.
FLAB14,P109898-5,80,TOTAL NITROGEN,10/8/2019,2.09,mg/L,,FLAB,SAMP,MON,SA,G,TOTN,0.05,N,A,0.5,m,,WMD,0,25.1504805,-80.8092194,,,BA,WMD,
FLAB14,P110697-5,80,TOTAL NITROGEN,12/5/2019,0.763,mg/L,,FLAB,SAMP,MON,SA,G,TOTN,0.05,N,A,0.5,m,,WMD,0,25.1504805,-80.8092194,,,BA,WMD,Secchi on bottom.
FLAB14,P110713-5,80,TOTAL NITROGEN,2/3/2020,1.34,mg/L,,FLAB,SAMP,MON,SA,G,TOTN,0.05,N,A,0.3,m,,WMD,0,25.1504805,-80.8092194,,,BA,WMD,"Secchi on bottom. Depth was less than 1m, sample was collected at half total depth."
FLAB14,P110719-5,80,TOTAL NITROGEN,4/1/2020,1.9,mg/L,,FLAB,SAMP,MON,SA,G,TOTN,0.05,N,A,0.4,m,,WMD,0,25.1504805,-80.8092194,,,BA,WMD,Secchi on bottom
FLAB14,P111041-5,80,TOTAL NITROGEN,6/1/2020,1.18,mg/L,,FLAB,SAMP,MON,SA,G,TOTN,0.05,N,A,0.3,m,,WMD,0,25.1504805,-80.8092194,,,BA,WMD,Secchi on bottom
FLAB14,P111104-5,80,TOTAL NITROGEN,8/13/2020,1.57,mg/L,,FLAB,SAMP,MON,SA,G,TOTN,0.05,N,A,0.35,m,,WMD,0,25.1504805,-80.8092194,,,BA,WMD,Secchi on bottom. Sample collected at half total depth.
FLAB14,P118766-5,80,TOTAL NITROGEN,10/12/2020,1.61,mg/L,,FLAB,SAMP,MON,SA,G,TOTN,0.05,N,A,0.4,m,,WMD,0,25.1504805,-80.8092194,,,BA,WMD,Secchi on bottom.
FLAB14,P120347-5,80,TOTAL NITROGEN,12/9/2020,0.64,mg/L,,FLAB,SAMP,MON,SA,G,TOTN,0.05,N,A,0.3,m,,WMD,0,25.1504805,-80.8092194,,,BA,WMD,"Sample area clear.  Total Depth was only 0.6 meters, so sampling depth was at 0.3 meters instead of 0.5 meters.  SOB, Secchi On Bottom.  Light solids in sample.  Sample collected by CL."
FLAB14,P121638-5,80,TOTAL NITROGEN,1/7/2021,1.02,mg/L,,FLAB,SAMP,MON,SA,G,TOTN,0.05,N,A,0.3,m,,WMD,0,25.1504805,-80.8092194,,,BA,WMD,Secchi on bottom
FLAB14,P122507-5,80,TOTAL NITROGEN,3/17/2021,1.12,mg/L,,FLAB,SAMP,MON,SA,G,TOTN,0.05,N,A,0.5,m,,WMD,0,25.1504805,-80.8092194,,,BA,WMD,Secchi on bottom.
FLAB14,P122517-5,80,TOTAL NITROGEN,5/24/2021,1.18,mg/L,,FLAB,SAMP,MON,SA,G,TOTN,0.05,N,A,0.2,m,,WMD,0,25.1504805,-80.8092194,,,BA,WMD,Secchi on bottom. Sampled approx. 100 m from site due to low water.
FLAB14,P123928-5,80,TOTAL NITROGEN,7/1/2021,1.2,mg/L,,FLAB,SAMP,MON,SA,G,TOTN,0.05,N,A,0.35,m,,WMD,0,25.1504805,-80.8092194,,,BA,WMD,Secchi on bottom.
FLAB14,P125715-5,80,TOTAL NITROGEN,10/13/2021,1.53,mg/L,,FLAB,SAMP,MON,SA,G,TOTN,0.05,N,A,0.4,m,,WMD,0,25.1504805,-80.8092194,,,BA,WMD,
FLAB14,P128145-5,80,TOTAL NITROGEN,12/27/2021,1.69,mg/L,,FLAB,SAMP,MON,SA,G,TOTN,0.05,N,A,0.3,m,,WMD,0,25.1504805,-80.8092194,,,BA,WMD,Sampling area clear of debris.
FLAB14,P129938-5,80,TOTAL NITROGEN,2/8/2022,1.78,mg/L,,FLAB,SAMP,MON,SA,G,TOTN,0.05,N,A,0.25,m,,WMD,0,25.1504805,-80.8092194,,,BA,WMD,Secchi on bottom
FLAB14,P132794-5,80,TOTAL NITROGEN,4/7/2022,1.93,mg/L,,FLAB,SAMP,MON,SA,G,TOTN,0.05,N,A,0.3,m,,WMD,0,25.1504805,-80.8092194,,,BA,WMD,
FLAB14,P134124-5,80,TOTAL NITROGEN,6/22/2022,1.61,mg/L,,FLAB,SAMP,MON,SA,G,TOTN,0.05,N,A,0.5,m,,WMD,0,25.1504805,-80.8092194,,,BA,WMD,
FLAB14,P135165-5,80,TOTAL NITROGEN,8/18/2022,2.55,mg/L,,FLAB,SAMP,MON,SA,G,TOTN,0.05,N,A,0.5,m,,WMD,0,25.1504805,-80.8092194,,,BA,WMD,"No visible solids, but water is very cloudy and difficult to filter. Used two filters to process."
FLAB14,P136495-5,80,TOTAL NITROGEN,10/20/2022,1.82,mg/L,,FLAB,SAMP,MON,SA,G,TOTN,0.05,N,A,0.4,m,,WMD,0,25.1504805,-80.8092194,,,BA,WMD,Sample collected at half total depth as per FSM. Water in sampling area has a greenish tint. Filter turned light green during processing.
FLAB14,P138520-5,80,TOTAL NITROGEN,12/19/2022,1.69,mg/L,,FLAB,SAMP,MON,SA,G,TOTN,0.05,N,A,0.3,m,,WMD,0,25.1504805,-80.8092194,,,BA,WMD,
FLAB14,P139468-5,80,TOTAL NITROGEN,1/30/2023,1.49,mg/L,,FLAB,SAMP,MON,SA,G,TOTN,0.05,N,A,0.5,m,,WMD,0,25.1504805,-80.8092194,,,BA,WMD,
FLAB14,P141269-5,80,TOTAL NITROGEN,3/14/2023,0.639,mg/L,,FLAB,SAMP,MON,SA,G,TOTN,0.05,N,A,0.5,m,,WMD,0,25.1504805,-80.8092194,,,BA,WMD,Secchi on bottom.
FLAB14,P143129-5,80,TOTAL NITROGEN,5/11/2023,0.979,mg/L,,FLAB,SAMP,MON,SA,G,TOTN,0.05,N,A,0.5,m,,WMD,0,25.1504805,-80.8092194,,,BA,WMD,Secchi on bottom
FLAB14,P144703-5,80,TOTAL NITROGEN,7/27/2023,1.28,mg/L,,FLAB,SAMP,MON,SA,G,TOTN,0.05,N,A,0.35,m,,WMD,0,25.1504805,-80.8092194,,,BA,WMD,
FLAB14,P146063-5,80,TOTAL NITROGEN,9/27/2023,1.58,mg/L,,FLAB,SAMP,MON,SA,G,TOTN,0.05,N,A,0.5,m,,WMD,0,25.1504805,-80.8092194,,,BA,WMD,"Water highly turbid, became difficult to filter during processing."
FLAB14,P146064-5,80,TOTAL NITROGEN,11/13/2023,1.74,mg/L,,FLAB,SAMP,MON,SA,G,TOTN,0.05,N,A,0.5,m,,WMD,0,25.1504805,-80.8092194,,,BA,WMD,"Filter became clogged during processing, no color, difficult to filter"
FLAB14,P148342-5,80,TOTAL NITROGEN,1/8/2024,1.23,mg/L,,FLAB,SAMP,MON,SA,G,TOTN,0.05,N,A,0.35,m,,WMD,0,25.1504805,-80.8092194,,,BA,WMD,collected sample approximately 600 feet SSW of site due to shallow depth
FLAB14,P149299-5,80,TOTAL NITROGEN,3/4/2024,1.38,mg/L,,FLAB,SAMP,MON,SA,G,TOTN,0.05,N,A,0.4,m,,WMD,0,25.1504805,-80.8092194,,,BA,WMD,Sample collected 800 m west of site due to shallow depth.
FLAB14,P150708-5,80,TOTAL NITROGEN,5/13/2024,1.67,mg/L,,FLAB,SAMP,MON,SA,G,TOTN,0.05,N,A,0.45,m,,WMD,0,25.1504805,-80.8092194,,,BA,WMD,Filter turned yellow during processing.
FLAB14,P152189-5,80,TOTAL NITROGEN,7/15/2024,2.32,mg/L,,FLAB,SAMP,MON,SA,G,TOTN,0.05,N,A,0.4,m,,WMD,0,25.1504805,-80.8092194,,,BA,WMD,Sample taken 550 m SW of station due to shallow depth. Filter turned green during processing; sample was difficult to push through filter.
FLAB14,P153175-5,80,TOTAL NITROGEN,9/12/2024,2.09,mg/L,,FLAB,SAMP,MON,SA,G,TOTN,0.05,N,A,0.5,m,,WMD,0,25.1504805,-80.8092194,,,BA,WMD,Filter turned green during processing.
FLAB14,P154028-5,80,TOTAL NITROGEN,12/9/2024,1.22,mg/L,,FLAB,SAMP,MON,SA,G,TOTN,0.05,N,A,0.45,m,,WMD,0,25.1504805,-80.8092194,,,BA,WMD,"Because of shallow depths, sample was collected approximately 580 meters to the southwest of the marked site coordinates."
FLAB14,P155969-5,80,TOTAL NITROGEN,2/5/2025,0.984,mg/L,,FLAB,SAMP,MON,SA,G,TOTN,0.05,N,A,0.5,m,,WMD,0,25.1504805,-80.8092194,,,BA,WMD,Secchi on bottom.
FLAB14,P158028-5,80,TOTAL NITROGEN,6/18/2025,1.61,mg/L,,FLAB,SAMP,MON,SA,G,TOTN,0.05,N,P,0.5,m,,WMD,0,25.1504805,-80.8092194,1,,,,Secchi on bottom.
FLAB14,P149559-5,80,TOTAL NITROGEN,5/13/2024,1.62,mg/L,,GEMM,SAMP,MON,SA,G,TOTN,0.05,N,A,0.45,m,,WMD,0,25.1504805,-80.8092194,,,WT,WMD,Turbidity = 12.1 NTUSecchi depth = 0.7 mTotal depth = 0.9 mFilter turned yellow during processing
FLAB14,P149559-5,97,TOTAL DISSOLVED SOLIDS,5/13/2024,31994,mg/L,,GEMM,SAMP,MON,SA,G,TDS,25,N,A,0.45,m,,WMD,0,25.1504805,-80.8092194,,,WT,WMD,Turbidity = 12.1 NTUSecchi depth = 0.7 mTotal depth = 0.9 mFilter turned yellow during processing
FLAB14,155014B,98,SALINITY,1/21/2004,32.5,PSU,D,FLAB,SAMP,MON,SA,FP,SALIN,,N,A,0.9,,,FIU,0,25.1504805,-80.8092194,,,,FIU,
FLAB14,156014B,98,SALINITY,2/24/2004,33.1,PSU,D,FLAB,SAMP,MON,SA,FP,SALIN,,N,A,0.9,,,FIU,0,25.1504805,-80.8092194,,,,FIU,
FLAB14,157014B,98,SALINITY,3/23/2004,34.8,PSU,D,FLAB,SAMP,MON,SA,FP,SALIN,,N,A,0.9,,,FIU,0,25.1504805,-80.8092194,,,,FIU,
FLAB14,158014SB,98,SALINITY,4/21/2004,37.2,PSU,D,FLAB,SAMP,MON,SA,FP,SALIN,,N,A,0.9,,,FIU,0,25.1504805,-80.8092194,,,,FIU,
FLAB14,158014S,98,SALINITY,4/21/2004,37.5,PSU,D,FLAB,SAMP,MON,SA,FP,SALIN,,N,A,0.1,,,FIU,0,25.1504805,-80.8092194,,,,FIU,
FLAB14,159014S,98,SALINITY,5/21/2004,38.1,PSU,D,FLAB,SAMP,MON,SA,FP,SALIN,,N,A,0.1,,,FIU,0,25.1504805,-80.8092194,,,,WMD,
FLAB14,159014B,98,SALINITY,5/21/2004,38.2,PSU,D,FLAB,SAMP,MON,SA,FP,SALIN,,N,A,0.9,,,FIU,0,25.1504805,-80.8092194,,,,FIU,
FLAB14,160014S,98,SALINITY,6/28/2004,47.3,PSU,D,FLAB,SAMP,MON,SA,FP,SALIN,,N,A,0.9,,,FIU,0,25.1504805,-80.8092194,,,,FIU,
FLAB14,161014B,98,SALINITY,7/27/2004,42.1,PSU,D,FLAB,SAMP,MON,SA,FP,SALIN,,N,A,0.9,,,FIU,0,25.1504805,-80.8092194,,,,FIU,
FLAB14,161014S,98,SALINITY,7/27/2004,41.7,PSU,D,FLAB,SAMP,MON,SA,FP,SALIN,,N,A,0.1,,,FIU,0,25.1504805,-80.8092194,,,,FIU,
FLAB14,162014S,98,SALINITY,8/24/2004,37.3,PSU,D,FLAB,SAMP,MON,SA,FP,SALIN,,N,A,0.1,,,FIU,0,25.1504805,-80.8092194,,,,FIU,
FLAB14,162014B,98,SALINITY,8/24/2004,37.3,PSU,D,FLAB,SAMP,MON,SA,FP,SALIN,,N,A,0.9,,,FIU,0,25.1504805,-80.8092194,,,,FIU,
FLAB14,163014S,98,SALINITY,9/28/2004,33.8,PSU,D,FLAB,SAMP,MON,SA,FP,SALIN,,N,A,0.1,,,FIU,0,25.1504805,-80.8092194,,,,FIU,
FLAB14,163014B,98,SALINITY,9/28/2004,33.8,PSU,D,FLAB,SAMP,MON,SA,FP,SALIN,,N,A,0.9,,,FIU,0,25.1504805,-80.8092194,,,,FIU,
FLAB14,164014S,98,SALINITY,10/26/2004,31,PSU,D,FLAB,SAMP,MON,SA,FP,SALIN,,N,A,0.1,,,FIU,0,25.1504805,-80.8092194,,,,FIU,
FLAB14,164014B,98,SALINITY,10/26/2004,31,PSU,D,FLAB,SAMP,MON,SA,FP,SALIN,,N,A,0.9,,,FIU,0,25.1504805,-80.8092194,,,,FIU,
FLAB14,165014B,98,SALINITY,11/29/2004,37.8,PSU,D,FLAB,SAMP,MON,SA,FP,SALIN,,N,A,0.9,,,FIU,0,25.1504805,-80.8092194,,,,FIU,
FLAB14,165014S,98,SALINITY,11/29/2004,37.8,PSU,D,FLAB,SAMP,MON,SA,FP,SALIN,,N,A,0.1,,,FIU,0,25.1504805,-80.8092194,,,,FIU,
FLAB14,166014S,98,SALINITY,12/14/2004,39.1,PSU,D,FLAB,SAMP,MON,SA,FP,SALIN,,N,A,0.1,,,FIU,0,25.1504805,-80.8092194,,,,FIU,
FLAB14,166014B,98,SALINITY,12/14/2004,40.8,PSU,D,FLAB,SAMP,MON,SA,FP,SALIN,,N,A,0.9,,,FIU,0,25.1504805,-80.8092194,,,,FIU,
FLAB14,FIU14936,98,SALINITY,4/15/1991,54,PSU,,FLAB,SAMP,MON,SA,G,SALIN,,N,A,0,,,FIU,0,25.1504805,-80.8092194,,,,FIU,
FLAB14,FIU14939,98,SALINITY,5/15/1991,63,PSU,,FLAB,SAMP,MON,SA,G,SALIN,,N,A,0,,,FIU,0,25.1504805,-80.8092194,,,,FIU,
FLAB14,FIU14940,98,SALINITY,6/15/1991,50.6,PSU,,FLAB,SAMP,MON,SA,G,SALIN,,N,A,0,,,FIU,0,25.1504805,-80.8092194,,,,FIU,
FLAB14,FIU14942,98,SALINITY,7/15/1991,42.5,PSU,,FLAB,SAMP,MON,SA,G,SALIN,,N,A,0,,,FIU,0,25.1504805,-80.8092194,,,,FIU,
FLAB14,FIU14945,98,SALINITY,8/15/1991,40.4,PSU,,FLAB,SAMP,MON,SA,G,SALIN,,N,A,0,,,FIU,0,25.1504805,-80.8092194,,,,FIU,
FLAB14,FIU14946,98,SALINITY,9/15/1991,31.5,PSU,,FLAB,SAMP,MON,SA,G,SALIN,,N,A,0,,,FIU,0,25.1504805,-80.8092194,,,,FIU,
FLAB14,FIU14949,98,SALINITY,10/15/1991,31.3,PSU,,FLAB,SAMP,MON,SA,G,SALIN,,N,A,0,,,FIU,0,25.1504805,-80.8092194,,,,FIU,
FLAB14,FIU14950,98,SALINITY,11/15/1991,34.1,PSU,,FLAB,SAMP,MON,SA,G,SALIN,,N,A,0,,,FIU,0,25.1504805,-80.8092194,,,,FIU,
FLAB14,FIU14953,98,SALINITY,12/15/1991,34.4,PSU,,FLAB,SAMP,MON,SA,G,SALIN,,N,A,0,,,FIU,0,25.1504805,-80.8092194,,,,FIU,
FLAB14,FIU14954,98,SALINITY,1/15/1992,36.6,PSU,,FLAB,SAMP,MON,SA,G,SALIN,,N,A,0,,,FIU,0,25.1504805,-80.8092194,,,,FIU,
FLAB14,FIU14956,98,SALINITY,2/15/1992,36.1,PSU,,FLAB,SAMP,MON,SA,G,SALIN,,N,A,0,,,FIU,0,25.1504805,-80.8092194,,,,FIU,
FLAB14,FIU14959,98,SALINITY,3/15/1992,41.5,PSU,,FLAB,SAMP,MON,SA,G,SALIN,,N,A,0,,,FIU,0,25.1504805,-80.8092194,,,,FIU,
FLAB14,FIU14960,98,SALINITY,4/15/1992,35.8,PSU,,FLAB,SAMP,MON,SA,G,SALIN,,N,A,0,,,FIU,0,25.1504805,-80.8092194,,,,FIU,
FLAB14,FIU14962,98,SALINITY,5/15/1992,53.6,PSU,,FLAB,SAMP,MON,SA,G,SALIN,,N,A,0,,,FIU,0,25.1504805,-80.8092194,,,,FIU,
FLAB14,FIU14964,98,SALINITY,6/15/1992,13.7,PSU,,FLAB,SAMP,MON,SA,G,SALIN,,N,A,0,,,FIU,0,25.1504805,-80.8092194,,,,FIU,
FLAB14,FIU14966,98,SALINITY,7/15/1992,23.8,PSU,,FLAB,SAMP,MON,SA,G,SALIN,,N,A,0,,,FIU,0,25.1504805,-80.8092194,,,,FIU,
FLAB14,FIU14968,98,SALINITY,8/15/1992,24,PSU,,FLAB,SAMP,MON,SA,G,SALIN,,N,A,0,,,FIU,0,25.1504805,-80.8092194,,,,FIU,
FLAB14,FIU14971,98,SALINITY,9/15/1992,23.6,PSU,,FLAB,SAMP,MON,SA,G,SALIN,,N,A,0,,,FIU,0,25.1504805,-80.8092194,,,,FIU,
FLAB14,FIU14973,98,SALINITY,10/15/1992,23,PSU,,FLAB,SAMP,MON,SA,G,SALIN,,N,A,0,,,FIU,0,25.1504805,-80.8092194,,,,FIU,
FLAB14,FIU14975,98,SALINITY,11/15/1992,22.1,PSU,,FLAB,SAMP,MON,SA,G,SALIN,,N,A,0,,,FIU,0,25.1504805,-80.8092194,,,,FIU,
FLAB14,FIU14977,98,SALINITY,12/15/1992,21.3,PSU,,FLAB,SAMP,MON,SA,G,SALIN,,N,A,0,,,FIU,0,25.1504805,-80.8092194,,,,FIU,
FLAB14,FIU14978,98,SALINITY,1/21/1993,24.2,PSU,,FLAB,SAMP,MON,SA,G,SALIN,,N,A,0,,,FIU,0,25.1504805,-80.8092194,,,,FIU,
FLAB14,FIU14979,98,SALINITY,2/10/1993,31.5,PSU,,FLAB,SAMP,MON,SA,G,SALIN,,N,A,0,,,FIU,0,25.1504805,-80.8092194,,,,FIU,
FLAB14,FIU14980,98,SALINITY,3/10/1993,33.4,PSU,,FLAB,SAMP,MON,SA,G,SALIN,,N,A,0,,,FIU,0,25.1504805,-80.8092194,,,,FIU,
FLAB14,FIU14981,98,SALINITY,4/7/1993,37.2,PSU,,FLAB,SAMP,MON,SA,G,SALIN,,N,A,0,,,FIU,0,25.1504805,-80.8092194,,,,FIU,
FLAB14,FIU14982,98,SALINITY,5/12/1993,39.4,PSU,,FLAB,SAMP,MON,SA,G,SALIN,,N,A,0,,,FIU,0,25.1504805,-80.8092194,,,,FIU,
FLAB14,FIU14983,98,SALINITY,6/3/1993,38.9,PSU,,FLAB,SAMP,MON,SA,G,SALIN,,N,A,0,,,FIU,0,25.1504805,-80.8092194,,,,FIU,
FLAB14,FIU14984,98,SALINITY,7/7/1993,42.5,PSU,,FLAB,SAMP,MON,SA,G,SALIN,,N,A,0,,,FIU,0,25.1504805,-80.8092194,,,,FIU,
FLAB14,FIU14985,98,SALINITY,8/4/1993,40.8,PSU,,FLAB,SAMP,MON,SA,G,SALIN,,N,A,0,,,FIU,0,25.1504805,-80.8092194,,,,FIU,
FLAB14,FIU14986,98,SALINITY,9/9/1993,40.4,PSU,,FLAB,SAMP,MON,SA,G,SALIN,,N,A,0,,,FIU,0,25.1504805,-80.8092194,,,,FIU,
FLAB14,FIU14987,98,SALINITY,10/6/1993,40.6,PSU,,FLAB,SAMP,MON,SA,G,SALIN,,N,A,0,,,FIU,0,25.1504805,-80.8092194,,,,FIU,
FLAB14,FIU14988,98,SALINITY,11/3/1993,32.7,PSU,,FLAB,SAMP,MON,SA,G,SALIN,,N,A,0,,,FIU,0,25.1504805,-80.8092194,,,,FIU,
FLAB14,FIU14989,98,SALINITY,12/2/1993,40.3,PSU,,FLAB,SAMP,MON,SA,G,SALIN,,N,A,0,,,FIU,0,25.1504805,-80.8092194,,,,FIU,
FLAB14,FIU14990,98,SALINITY,1/11/1994,34.8,PSU,,FLAB,SAMP,MON,SA,G,SALIN,,N,A,0,,,FIU,0,25.1504805,-80.8092194,,,,FIU,
FLAB14,FIU14991,98,SALINITY,2/2/1994,35.1,PSU,,FLAB,SAMP,MON,SA,G,SALIN,,N,A,0,,,FIU,0,25.1504805,-80.8092194,,,,FIU,
FLAB14,FIU14992,98,SALINITY,3/8/1994,34.8,PSU,,FLAB,SAMP,MON,SA,G,SALIN,,N,A,0,,,FIU,0,25.1504805,-80.8092194,,,,FIU,
FLAB14,FIU14993,98,SALINITY,4/6/1994,41.3,PSU,D,FLAB,SAMP,MON,SA,G,SALIN,,N,A,0,,,FIU,0,25.1504805,-80.8092194,,,,FIU,
FLAB14,FIU14994,98,SALINITY,4/6/1994,41.2,PSU,D,FLAB,SAMP,MON,SA,G,SALIN,,N,A,0.8,,,FIU,0,25.1504805,-80.8092194,,,,FIU,
FLAB14,FIU14995,98,SALINITY,5/4/1994,45.2,PSU,D,FLAB,SAMP,MON,SA,G,SALIN,,N,A,0,,,FIU,0,25.1504805,-80.8092194,,,,FIU,
FLAB14,FIU14996,98,SALINITY,5/4/1994,45.3,PSU,D,FLAB,SAMP,MON,SA,G,SALIN,,N,A,0.8,,,FIU,0,25.1504805,-80.8092194,,,,FIU,
FLAB14,FIU14997,98,SALINITY,6/8/1994,41.8,PSU,D,FLAB,SAMP,MON,SA,G,SALIN,,N,A,0,,,FIU,0,25.1504805,-80.8092194,,,,FIU,
FLAB14,FIU14998,98,SALINITY,6/8/1994,42,PSU,D,FLAB,SAMP,MON,SA,G,SALIN,,N,A,0.8,,,FIU,0,25.1504805,-80.8092194,,,,FIU,
FLAB14,FIU14999,98,SALINITY,7/7/1994,46.7,PSU,D,FLAB,SAMP,MON,SA,G,SALIN,,N,A,0,,,FIU,0,25.1504805,-80.8092194,,,,FIU,
FLAB14,FIU15000,98,SALINITY,7/7/1994,46.2,PSU,D,FLAB,SAMP,MON,SA,G,SALIN,,N,A,0.8,,,FIU,0,25.1504805,-80.8092194,,,,FIU,
FLAB14,FIU15001,98,SALINITY,8/4/1994,50.6,PSU,D,FLAB,SAMP,MON,SA,G,SALIN,,N,A,0,,,FIU,0,25.1504805,-80.8092194,,,,FIU,
FLAB14,FIU15002,98,SALINITY,8/4/1994,49.9,PSU,D,FLAB,SAMP,MON,SA,G,SALIN,,N,A,0.9,,,FIU,0,25.1504805,-80.8092194,,,,FIU,
FLAB14,FIU15003,98,SALINITY,9/14/1994,32.4,PSU,D,FLAB,SAMP,MON,SA,G,SALIN,,N,A,0,,,FIU,0,25.1504805,-80.8092194,,,,FIU,
FLAB14,FIU15004,98,SALINITY,9/14/1994,32.9,PSU,D,FLAB,SAMP,MON,SA,G,SALIN,,N,A,0.9,,,FIU,0,25.1504805,-80.8092194,,,,FIU,
FLAB14,FIU15005,98,SALINITY,10/5/1994,13.6,PSU,D,FLAB,SAMP,MON,SA,G,SALIN,,N,A,0,,,FIU,0,25.1504805,-80.8092194,,,,FIU,
FLAB14,FIU15006,98,SALINITY,10/5/1994,23,PSU,D,FLAB,SAMP,MON,SA,G,SALIN,,N,A,0.9,,,FIU,0,25.1504805,-80.8092194,,,,FIU,
FLAB14,FIU15007,98,SALINITY,11/2/1994,17.4,PSU,D,FLAB,SAMP,MON,SA,G,SALIN,,N,A,0,,,FIU,0,25.1504805,-80.8092194,,,,FIU,
FLAB14,FIU15008,98,SALINITY,11/2/1994,17.3,PSU,D,FLAB,SAMP,MON,SA,G,SALIN,,N,A,0.9,,,FIU,0,25.1504805,-80.8092194,,,,FIU,
FLAB14,FIU15009,98,SALINITY,11/22/1994,17.3,PSU,D,FLAB,SAMP,MON,SA,G,SALIN,,N,A,0,,,FIU,0,25.1504805,-80.8092194,,,,FIU,
FLAB14,FIU15010,98,SALINITY,11/22/1994,21.6,PSU,D,FLAB,SAMP,MON,SA,G,SALIN,,N,A,0.9,,,FIU,0,25.1504805,-80.8092194,,,,FIU,
FLAB14,FIU15011,98,SALINITY,12/1/1994,17,PSU,D,FLAB,SAMP,MON,SA,G,SALIN,,N,A,0,,,FIU,0,25.1504805,-80.8092194,,,,FIU,
FLAB14,FIU15012,98,SALINITY,12/1/1994,18.2,PSU,D,FLAB,SAMP,MON,SA,G,SALIN,,N,A,0.9,,,FIU,0,25.1504805,-80.8092194,,,,FIU,
FLAB14,FIU15013,98,SALINITY,1/5/1995,28.2,PSU,,FLAB,SAMP,MON,SA,G,SALIN,,N,A,0,,,FIU,0,25.1504805,-80.8092194,,,,FIU,
FLAB14,FIU15014,98,SALINITY,1/5/1995,28.2,PSU,,FLAB,SAMP,MON,SA,G,SALIN,,N,A,0.9,,,FIU,0,25.1504805,-80.8092194,,,,FIU,
FLAB14,FIU15016,98,SALINITY,2/2/1995,27,PSU,D,FLAB,SAMP,MON,SA,G,SALIN,,N,A,0.9,,,FIU,0,25.1504805,-80.8092194,,,,FIU,
FLAB14,FIU15015,98,SALINITY,2/2/1995,26.6,PSU,D,FLAB,SAMP,MON,SA,G,SALIN,,N,A,0,,,FIU,0,25.1504805,-80.8092194,,,,FIU,
FLAB14,FIU15017,98,SALINITY,3/1/1995,28.3,PSU,D,FLAB,SAMP,MON,SA,G,SALIN,,N,A,0,,,FIU,0,25.1504805,-80.8092194,,,,FIU,
FLAB14,FIU15018,98,SALINITY,3/1/1995,28.3,PSU,D,FLAB,SAMP,MON,SA,G,SALIN,,N,A,0.9,,,FIU,0,25.1504805,-80.8092194,,,,FIU,
FLAB14,FIU15020,98,SALINITY,4/19/1995,31.5,PSU,D,FLAB,SAMP,MON,SA,G,SALIN,,N,A,0.9,,,FIU,0,25.1504805,-80.8092194,,,,FIU,
FLAB14,FIU15019,98,SALINITY,4/19/1995,31.5,PSU,D,FLAB,SAMP,MON,SA,G,SALIN,,N,A,0,,,FIU,0,25.1504805,-80.8092194,,,,FIU,
FLAB14,FIU15022,98,SALINITY,5/24/1995,30.7,PSU,D,FLAB,SAMP,MON,SA,G,SALIN,,N,A,0.9,,,FIU,0,25.1504805,-80.8092194,,,,FIU,
FLAB14,FIU15021,98,SALINITY,5/24/1995,30.7,PSU,D,FLAB,SAMP,MON,SA,G,SALIN,,N,A,0,,,FIU,0,25.1504805,-80.8092194,,,,FIU,
FLAB14,FIU15023,98,SALINITY,6/21/1995,30.6,PSU,D,FLAB,SAMP,MON,SA,G,SALIN,,N,A,0,,,FIU,0,25.1504805,-80.8092194,,,,FIU,
FLAB14,FIU15024,98,SALINITY,6/21/1995,30.6,PSU,D,FLAB,SAMP,MON,SA,G,SALIN,,N,A,0.9,,,FIU,0,25.1504805,-80.8092194,,,,FIU,
FLAB14,FIU15026,98,SALINITY,7/12/1995,31.8,PSU,D,FLAB,SAMP,MON,SA,G,SALIN,,N,A,0.9,,,FIU,0,25.1504805,-80.8092194,,,,FIU,
FLAB14,FIU15025,98,SALINITY,7/12/1995,31.8,PSU,D,FLAB,SAMP,MON,SA,G,SALIN,,N,A,0,,,FIU,0,25.1504805,-80.8092194,,,,FIU,
FLAB14,FIU15028,98,SALINITY,8/11/1995,22.9,PSU,D,FLAB,SAMP,MON,SA,G,SALIN,,N,A,0.9,,,FIU,0,25.1504805,-80.8092194,,,,FIU,
FLAB14,FIU15027,98,SALINITY,8/11/1995,22.9,PSU,D,FLAB,SAMP,MON,SA,G,SALIN,,N,A,0,,,FIU,0,25.1504805,-80.8092194,,,,FIU,
FLAB14,FIU15030,98,SALINITY,9/6/1995,26.8,PSU,D,FLAB,SAMP,MON,SA,G,SALIN,,N,A,0.9,,,FIU,0,25.1504805,-80.8092194,,,,FIU,
FLAB14,FIU15029,98,SALINITY,9/6/1995,26.8,PSU,D,FLAB,SAMP,MON,SA,G,SALIN,,N,A,0,,,FIU,0,25.1504805,-80.8092194,,,,FIU,
FLAB14,FIU15032,98,SALINITY,10/22/1995,18.5,PSU,D,FLAB,SAMP,MON,SA,G,SALIN,,N,A,0.9,,,FIU,0,25.1504805,-80.8092194,,,,FIU,
FLAB14,FIU15031,98,SALINITY,10/22/1995,18.5,PSU,D,FLAB,SAMP,MON,SA,G,SALIN,,N,A,0,,,FIU,0,25.1504805,-80.8092194,,,,FIU,
FLAB14,FIU15033,98,SALINITY,11/17/1995,22.1,PSU,D,FLAB,SAMP,MON,SA,G,SALIN,,N,A,0,,,FIU,0,25.1504805,-80.8092194,,,,FIU,
FLAB14,FIU15034,98,SALINITY,11/17/1995,22,PSU,D,FLAB,SAMP,MON,SA,G,SALIN,,N,A,0.9,,,FIU,0,25.1504805,-80.8092194,,,,FIU,
FLAB14,FIU15036,98,SALINITY,12/14/1995,19.1,PSU,D,FLAB,SAMP,MON,SA,G,SALIN,,N,A,0.9,,,FIU,0,25.1504805,-80.8092194,,,,FIU,
FLAB14,FIU15035,98,SALINITY,12/14/1995,24.3,PSU,D,FLAB,SAMP,MON,SA,G,SALIN,,N,A,0,,,FIU,0,25.1504805,-80.8092194,,,,FIU,
FLAB14,FIU15037,98,SALINITY,1/23/1996,27,PSU,D,FLAB,SAMP,MON,SA,G,SALIN,,N,A,0,,,FIU,0,25.1504805,-80.8092194,,,,FIU,
FLAB14,FIU15038,98,SALINITY,1/23/1996,27.1,PSU,D,FLAB,SAMP,MON,SA,G,SALIN,,N,A,0.9,,,FIU,0,25.1504805,-80.8092194,,,,FIU,
FLAB14,FIU15040,98,SALINITY,2/12/1996,31,PSU,D,FLAB,SAMP,MON,SA,G,SALIN,,N,A,0.9,,,FIU,0,25.1504805,-80.8092194,,,,FIU,
FLAB14,FIU15039,98,SALINITY,2/12/1996,31,PSU,D,FLAB,SAMP,MON,SA,G,SALIN,,N,A,0,,,FIU,0,25.1504805,-80.8092194,,,,FIU,
FLAB14,FIU15042,98,SALINITY,3/22/1996,32.6,PSU,D,FLAB,SAMP,MON,SA,G,SALIN,,N,A,0.9,,,FIU,0,25.1504805,-80.8092194,,,,FIU,
FLAB14,FIU15041,98,SALINITY,3/22/1996,32.6,PSU,D,FLAB,SAMP,MON,SA,G,SALIN,,N,A,0,,,FIU,0,25.1504805,-80.8092194,,,,FIU,
FLAB14,FIU15044,98,SALINITY,4/25/1996,34,PSU,D,FLAB,SAMP,MON,SA,G,SALIN,,N,A,0.9,,,FIU,0,25.1504805,-80.8092194,,,,FIU,
FLAB14,FIU15043,98,SALINITY,4/25/1996,34,PSU,D,FLAB,SAMP,MON,SA,G,SALIN,,N,A,0,,,FIU,0,25.1504805,-80.8092194,,,,FIU,
FLAB14,FIU15045,98,SALINITY,5/10/1996,31,PSU,D,FLAB,SAMP,MON,SA,G,SALIN,,N,A,0,,,FIU,0,25.1504805,-80.8092194,,,,FIU,
FLAB14,FIU15046,98,SALINITY,5/10/1996,30.5,PSU,D,FLAB,SAMP,MON,SA,G,SALIN,,N,A,0.9,,,FIU,0,25.1504805,-80.8092194,,,,FIU,
FLAB14,FIU15047,98,SALINITY,6/6/1996,37,PSU,D,FLAB,SAMP,MON,SA,G,SALIN,,N,A,0,,,FIU,0,25.1504805,-80.8092194,,,,FIU,
FLAB14,FIU15048,98,SALINITY,6/6/1996,37,PSU,D,FLAB,SAMP,MON,SA,G,SALIN,,N,A,0.9,,,FIU,0,25.1504805,-80.8092194,,,,FIU,
FLAB14,FIU15049,98,SALINITY,7/4/1996,37.3,PSU,D,FLAB,SAMP,MON,SA,G,SALIN,,N,A,0.1,,,FIU,0,25.1504805,-80.8092194,,,,FIU,
FLAB14,FIU15050,98,SALINITY,7/4/1996,37.3,PSU,D,FLAB,SAMP,MON,SA,G,SALIN,,N,A,0.9,,,FIU,0,25.1504805,-80.8092194,,,,FIU,
FLAB14,FIU15051,98,SALINITY,8/22/1996,31,PSU,D,FLAB,SAMP,MON,SA,G,SALIN,,N,A,0.1,,,FIU,0,25.1504805,-80.8092194,,,,FIU,
FLAB14,FIU15052,98,SALINITY,8/22/1996,31,PSU,D,FLAB,SAMP,MON,SA,G,SALIN,,N,A,0.9,,,FIU,0,25.1504805,-80.8092194,,,,FIU,
FLAB14,FIU15053,98,SALINITY,9/14/1996,32.2,PSU,D,FLAB,SAMP,MON,SA,G,SALIN,,N,A,0.1,,,FIU,0,25.1504805,-80.8092194,,,,FIU,
FLAB14,FIU15054,98,SALINITY,9/14/1996,32.2,PSU,D,FLAB,SAMP,MON,SA,G,SALIN,,N,A,0.9,,,FIU,0,25.1504805,-80.8092194,,,,FIU,
FLAB14,FIU15055,98,SALINITY,10/15/1996,28.8,PSU,D,FLAB,SAMP,MON,SA,G,SALIN,,N,A,0.1,,,FIU,0,25.1504805,-80.8092194,,,,FIU,
FLAB14,FIU15056,98,SALINITY,10/15/1996,28.8,PSU,D,FLAB,SAMP,MON,SA,G,SALIN,,N,A,0.9,,,FIU,0,25.1504805,-80.8092194,,,,FIU,
FLAB14,FIU15057,98,SALINITY,11/7/1996,19.8,PSU,D,FLAB,SAMP,MON,SA,G,SALIN,,N,A,0.1,,,FIU,0,25.1504805,-80.8092194,,,,FIU,
FLAB14,FIU15058,98,SALINITY,11/7/1996,19.8,PSU,D,FLAB,SAMP,MON,SA,G,SALIN,,N,A,0.9,,,FIU,0,25.1504805,-80.8092194,,,,FIU,
FLAB14,FIU15059,98,SALINITY,12/6/1996,25.4,PSU,D,FLAB,SAMP,MON,SA,G,SALIN,,N,A,0.1,,,FIU,0,25.1504805,-80.8092194,,,,FIU,
FLAB14,FIU15060,98,SALINITY,12/6/1996,26.8,PSU,D,FLAB,SAMP,MON,SA,G,SALIN,,N,A,0.9,,,FIU,0,25.1504805,-80.8092194,,,,FIU,
FLAB14,FIU15061,98,SALINITY,1/8/1997,33.9,PSU,D,FLAB,SAMP,MON,SA,G,SALIN,,N,A,0.1,,,FIU,0,25.1504805,-80.8092194,,,,FIU,
FLAB14,FIU15062,98,SALINITY,1/8/1997,34.1,PSU,D,FLAB,SAMP,MON,SA,G,SALIN,,N,A,0.9,,,FIU,0,25.1504805,-80.8092194,,,,FIU,
FLAB14,FIU15063,98,SALINITY,2/15/1997,34.9,PSU,D,FLAB,SAMP,MON,SA,G,SALIN,,N,A,0.1,,,FIU,0,25.1504805,-80.8092194,,,,FIU,
FLAB14,FIU15064,98,SALINITY,2/15/1997,34.7,PSU,D,FLAB,SAMP,MON,SA,G,SALIN,,N,A,0.9,,,FIU,0,25.1504805,-80.8092194,,,,FIU,
FLAB14,FIU15065,98,SALINITY,3/12/1997,28.7,PSU,D,FLAB,SAMP,MON,SA,G,SALIN,,N,A,0.1,,,FIU,0,25.1504805,-80.8092194,,,,FIU,
FLAB14,FIU15066,98,SALINITY,3/12/1997,28.6,PSU,D,FLAB,SAMP,MON,SA,G,SALIN,,N,A,0.9,,,FIU,0,25.1504805,-80.8092194,,,,FIU,
FLAB14,FIU15067,98,SALINITY,4/16/1997,34.4,PSU,D,FLAB,SAMP,MON,SA,G,SALIN,,N,A,0.1,,,FIU,0,25.1504805,-80.8092194,,,,FIU,
FLAB14,FIU15068,98,SALINITY,4/16/1997,34.4,PSU,D,FLAB,SAMP,MON,SA,G,SALIN,,N,A,0.9,,,FIU,0,25.1504805,-80.8092194,,,,FIU,
FLAB14,FIU15070,98,SALINITY,5/22/1997,42.3,PSU,D,FLAB,SAMP,MON,SA,G,SALIN,,N,A,0.9,,,FIU,0,25.1504805,-80.8092194,,,,FIU,
FLAB14,FIU15069,98,SALINITY,5/22/1997,42.2,PSU,D,FLAB,SAMP,MON,SA,G,SALIN,,N,A,0.1,,,FIU,0,25.1504805,-80.8092194,,,,FIU,
FLAB14,FIU15071,98,SALINITY,6/12/1997,24.1,PSU,D,FLAB,SAMP,MON,SA,G,SALIN,,N,A,0.1,,,FIU,0,25.1504805,-80.8092194,,,,FIU,
FLAB14,FIU15072,98,SALINITY,6/12/1997,24.1,PSU,D,FLAB,SAMP,MON,SA,G,SALIN,,N,A,0.9,,,FIU,0,25.1504805,-80.8092194,,,,FIU,
FLAB14,FIU15074,98,SALINITY,8/20/1997,21.5,PSU,D,FLAB,SAMP,MON,SA,G,SALIN,,N,A,0.1,,,FIU,0,25.1504805,-80.8092194,,,,FIU,
FLAB14,FIU15075,98,SALINITY,8/20/1997,21.5,PSU,D,FLAB,SAMP,MON,SA,G,SALIN,,N,A,0.9,,,FIU,0,25.1504805,-80.8092194,,,,FIU,
FLAB14,FIU15076,98,SALINITY,9/10/1997,27.1,PSU,D,FLAB,SAMP,MON,SA,G,SALIN,,N,A,0.1,,,FIU,0,25.1504805,-80.8092194,,,,FIU,
FLAB14,FIU15077,98,SALINITY,9/10/1997,27,PSU,D,FLAB,SAMP,MON,SA,G,SALIN,,N,A,0.9,,,FIU,0,25.1504805,-80.8092194,,,,FIU,
FLAB14,FIU15078,98,SALINITY,10/21/1997,24.3,PSU,D,FLAB,SAMP,MON,SA,G,SALIN,,N,A,0.1,,,FIU,0,25.1504805,-80.8092194,,,,FIU,
FLAB14,FIU15079,98,SALINITY,10/21/1997,24.3,PSU,D,FLAB,SAMP,MON,SA,G,SALIN,,N,A,0.9,,,FIU,0,25.1504805,-80.8092194,,,,FIU,
FLAB14,FIU15080,98,SALINITY,11/25/1997,31.5,PSU,D,FLAB,SAMP,MON,SA,G,SALIN,,N,A,0.1,,,FIU,0,25.1504805,-80.8092194,,,,FIU,
FLAB14,FIU15081,98,SALINITY,11/25/1997,31.5,PSU,D,FLAB,SAMP,MON,SA,G,SALIN,,N,A,0.9,,,FIU,0,25.1504805,-80.8092194,,,,FIU,
FLAB14,FIU15082,98,SALINITY,12/12/1997,26.7,PSU,D,FLAB,SAMP,MON,SA,G,SALIN,,N,A,0.1,,,FIU,0,25.1504805,-80.8092194,,,,FIU,
FLAB14,FIU15083,98,SALINITY,12/12/1997,26.7,PSU,D,FLAB,SAMP,MON,SA,G,SALIN,,N,A,0.9,,,FIU,0,25.1504805,-80.8092194,,,,FIU,
FLAB14,FIU15084,98,SALINITY,1/21/1998,30.5,PSU,D,FLAB,SAMP,MON,SA,G,SALIN,,N,A,0.1,,,FIU,0,25.1504805,-80.8092194,,,,FIU,
FLAB14,FIU15085,98,SALINITY,1/21/1998,30.6,PSU,D,FLAB,SAMP,MON,SA,G,SALIN,,N,A,0.9,,,FIU,0,25.1504805,-80.8092194,,,,FIU,
FLAB14,FIU15086,98,SALINITY,2/18/1998,25.2,PSU,D,FLAB,SAMP,MON,SA,G,SALIN,,N,A,0.1,,,FIU,0,25.1504805,-80.8092194,,,,FIU,
FLAB14,FIU15087,98,SALINITY,2/18/1998,25.2,PSU,D,FLAB,SAMP,MON,SA,G,SALIN,,N,A,0.9,,,FIU,0,25.1504805,-80.8092194,,,,FIU,
FLAB14,FIU15088,98,SALINITY,3/20/1998,28.8,PSU,D,FLAB,SAMP,MON,SA,G,SALIN,,N,A,0.1,,,FIU,0,25.1504805,-80.8092194,,,,FIU,
FLAB14,FIU15089,98,SALINITY,3/20/1998,28.8,PSU,D,FLAB,SAMP,MON,SA,G,SALIN,,N,A,0.9,,,FIU,0,25.1504805,-80.8092194,,,,FIU,
FLAB14,FIU15090,98,SALINITY,4/15/1998,33.1,PSU,D,FLAB,SAMP,MON,SA,G,SALIN,,N,A,0.1,,,FIU,0,25.1504805,-80.8092194,,,,FIU,
FLAB14,FIU15091,98,SALINITY,4/15/1998,33.1,PSU,D,FLAB,SAMP,MON,SA,G,SALIN,,N,A,0.9,,,FIU,0,25.1504805,-80.8092194,,,,FIU,
FLAB14,FIU15092,98,SALINITY,5/14/1998,37.1,PSU,D,FLAB,SAMP,MON,SA,G,SALIN,,N,A,0.1,,,FIU,0,25.1504805,-80.8092194,,,,FIU,
FLAB14,FIU15093,98,SALINITY,5/14/1998,37.1,PSU,D,FLAB,SAMP,MON,SA,G,SALIN,,N,A,0.9,,,FIU,0,25.1504805,-80.8092194,,,,FIU,
FLAB14,FIU15094,98,SALINITY,6/10/1998,42.7,PSU,D,FLAB,SAMP,MON,SA,G,SALIN,,N,A,0.1,,,FIU,0,25.1504805,-80.8092194,,,,FIU,
FLAB14,FIU15095,98,SALINITY,6/10/1998,42.7,PSU,D,FLAB,SAMP,MON,SA,G,SALIN,,N,A,0.9,,,FIU,0,25.1504805,-80.8092194,,,,FIU,
FLAB14,FIU15096,98,SALINITY,7/14/1998,33.6,PSU,D,FLAB,SAMP,MON,SA,G,SALIN,,N,A,0.1,,,FIU,0,25.1504805,-80.8092194,,,,FIU,
FLAB14,FIU15097,98,SALINITY,7/14/1998,33.1,PSU,D,FLAB,SAMP,MON,SA,G,SALIN,,N,A,0.9,,,FIU,0,25.1504805,-80.8092194,,,,FIU,
FLAB14,FIU15098,98,SALINITY,8/19/1998,34.5,PSU,D,FLAB,SAMP,MON,SA,G,SALIN,,N,A,0.1,,,FIU,0,25.1504805,-80.8092194,,,,FIU,
FLAB14,FIU15099,98,SALINITY,8/19/1998,34.5,PSU,D,FLAB,SAMP,MON,SA,G,SALIN,,N,A,0.9,,,FIU,0,25.1504805,-80.8092194,,,,FIU,
FLAB14,FIU15100,98,SALINITY,9/17/1998,32.2,PSU,D,FLAB,SAMP,MON,SA,G,SALIN,,N,A,0.1,,,FIU,0,25.1504805,-80.8092194,,,,FIU,
FLAB14,FIU15101,98,SALINITY,9/17/1998,32.2,PSU,D,FLAB,SAMP,MON,SA,G,SALIN,,N,A,0.9,,,FIU,0,25.1504805,-80.8092194,,,,FIU,
FLAB14,FIU15102,98,SALINITY,9/30/1998,26.6,PSU,D,FLAB,SAMP,MON,SA,G,SALIN,,N,A,0.1,,,FIU,0,25.1504805,-80.8092194,,,,FIU,
FLAB14,FIU15103,98,SALINITY,9/30/1998,26.6,PSU,D,FLAB,SAMP,MON,SA,G,SALIN,,N,A,0.9,,,FIU,0,25.1504805,-80.8092194,,,,FIU,
FLAB14,FIU15104,98,SALINITY,11/3/1998,25.9,PSU,D,FLAB,SAMP,MON,SA,G,SALIN,,N,A,0.1,,,FIU,0,25.1504805,-80.8092194,,,,FIU,
FLAB14,FIU15105,98,SALINITY,11/3/1998,25.9,PSU,D,FLAB,SAMP,MON,SA,G,SALIN,,N,A,0.9,,,FIU,0,25.1504805,-80.8092194,,,,FIU,
FLAB14,FIU15106,98,SALINITY,12/1/1998,26.6,PSU,D,FLAB,SAMP,MON,SA,G,SALIN,,N,A,0.1,,,FIU,0,25.1504805,-80.8092194,,,,FIU,
FLAB14,FIU15107,98,SALINITY,12/1/1998,26.5,PSU,D,FLAB,SAMP,MON,SA,G,SALIN,,N,A,0.9,,,FIU,0,25.1504805,-80.8092194,,,,FIU,
FLAB14,FIU15109,98,SALINITY,1/14/1999,30.5,PSU,D,FLAB,SAMP,MON,SA,G,SALIN,,N,A,0.9,,,FIU,0,25.1504805,-80.8092194,,,,FIU,
FLAB14,FIU15108,98,SALINITY,1/14/1999,30.5,PSU,D,FLAB,SAMP,MON,SA,G,SALIN,,N,A,0.1,,,FIU,0,25.1504805,-80.8092194,,,,FIU,
FLAB14,FIU15110,98,SALINITY,2/10/1999,32.2,PSU,D,FLAB,SAMP,MON,SA,G,SALIN,,N,A,0.1,,,FIU,0,25.1504805,-80.8092194,,,,FIU,
FLAB14,FIU15111,98,SALINITY,2/10/1999,32.2,PSU,D,FLAB,SAMP,MON,SA,G,SALIN,,N,A,0.9,,,FIU,0,25.1504805,-80.8092194,,,,FIU,
FLAB14,FIU15113,98,SALINITY,3/23/1999,35,PSU,D,FLAB,SAMP,MON,SA,G,SALIN,,N,A,0.9,,,FIU,0,25.1504805,-80.8092194,,,,FIU,
FLAB14,FIU15112,98,SALINITY,3/23/1999,34.9,PSU,D,FLAB,SAMP,MON,SA,G,SALIN,,N,A,0.1,,,FIU,0,25.1504805,-80.8092194,,,,FIU,
FLAB14,FIU15115,98,SALINITY,4/29/1999,40.4,PSU,D,FLAB,SAMP,MON,SA,G,SALIN,,N,A,0.9,,,FIU,0,25.1504805,-80.8092194,,,,FIU,
FLAB14,FIU15114,98,SALINITY,4/29/1999,40.1,PSU,D,FLAB,SAMP,MON,SA,G,SALIN,,N,A,0.1,,,FIU,0,25.1504805,-80.8092194,,,,FIU,
FLAB14,FIU15116,98,SALINITY,5/28/1999,41.5,PSU,D,FLAB,SAMP,MON,SA,G,SALIN,,N,A,0.1,,,FIU,0,25.1504805,-80.8092194,,,,FIU,
FLAB14,FIU15117,98,SALINITY,5/28/1999,41.5,PSU,D,FLAB,SAMP,MON,SA,G,SALIN,,N,A,0.9,,,FIU,0,25.1504805,-80.8092194,,,,FIU,
FLAB14,FIU15119,98,SALINITY,6/17/1999,36.6,PSU,D,FLAB,SAMP,MON,SA,G,SALIN,,N,A,0.9,,,FIU,0,25.1504805,-80.8092194,,,,FIU,
FLAB14,FIU15118,98,SALINITY,6/17/1999,36.6,PSU,D,FLAB,SAMP,MON,SA,G,SALIN,,N,A,0.1,,,FIU,0,25.1504805,-80.8092194,,,,FIU,
FLAB14,FIU15121,98,SALINITY,7/6/1999,33.5,PSU,D,FLAB,SAMP,MON,SA,G,SALIN,,N,A,0.9,,,FIU,0,25.1504805,-80.8092194,,,,FIU,
FLAB14,FIU15120,98,SALINITY,7/6/1999,34.4,PSU,D,FLAB,SAMP,MON,SA,G,SALIN,,N,A,0.1,,,FIU,0,25.1504805,-80.8092194,,,,FIU,
FLAB14,FIU15123,98,SALINITY,8/24/1999,34.8,PSU,D,FLAB,SAMP,MON,SA,G,SALIN,,N,A,0.9,,,FIU,0,25.1504805,-80.8092194,,,,FIU,
FLAB14,FIU15122,98,SALINITY,8/24/1999,34.8,PSU,D,FLAB,SAMP,MON,SA,G,SALIN,,N,A,0.1,,,FIU,0,25.1504805,-80.8092194,,,,FIU,
FLAB14,FIU15125,98,SALINITY,9/23/1999,29.8,PSU,D,FLAB,SAMP,MON,SA,G,SALIN,,N,A,0.9,,,FIU,0,25.1504805,-80.8092194,,,,FIU,
FLAB14,FIU15124,98,SALINITY,9/23/1999,29.7,PSU,D,FLAB,SAMP,MON,SA,G,SALIN,,N,A,0.1,,,FIU,0,25.1504805,-80.8092194,,,,FIU,
FLAB14,FIU15127,98,SALINITY,10/26/1999,11.9,PSU,D,FLAB,SAMP,MON,SA,G,SALIN,,N,A,0.9,,,FIU,0,25.1504805,-80.8092194,,,,FIU,
FLAB14,FIU15126,98,SALINITY,10/26/1999,12,PSU,D,FLAB,SAMP,MON,SA,G,SALIN,,N,A,0.1,,,FIU,0,25.1504805,-80.8092194,,,,FIU,
FLAB14,FIU15129,98,SALINITY,11/12/1999,18.1,PSU,D,FLAB,SAMP,MON,SA,G,SALIN,,N,A,0.9,,,FIU,0,25.1504805,-80.8092194,,,,FIU,
FLAB14,FIU15128,98,SALINITY,11/12/1999,18.1,PSU,D,FLAB,SAMP,MON,SA,G,SALIN,,N,A,0.1,,,FIU,0,25.1504805,-80.8092194,,,,FIU,
FLAB14,FIU15130,98,SALINITY,12/3/1999,22.4,PSU,D,FLAB,SAMP,MON,SA,G,SALIN,,N,A,0.1,,,FIU,0,25.1504805,-80.8092194,,,,FIU,
FLAB14,FIU15131,98,SALINITY,12/3/1999,22.3,PSU,D,FLAB,SAMP,MON,SA,G,SALIN,,N,A,0.9,,,FIU,0,25.1504805,-80.8092194,,,,FIU,
FLAB14,FIU15132,98,SALINITY,1/25/2000,30.9,PSU,D,FLAB,SAMP,MON,SA,G,SALIN,,N,A,0.1,,,FIU,0,25.1504805,-80.8092194,,,,FIU,
FLAB14,FIU15133,98,SALINITY,1/25/2000,31,PSU,D,FLAB,SAMP,MON,SA,G,SALIN,,N,A,0.9,,,FIU,0,25.1504805,-80.8092194,,,,FIU,
FLAB14,FIU15135,98,SALINITY,2/28/2000,29.3,PSU,D,FLAB,SAMP,MON,SA,G,SALIN,,N,A,0.9,,,FIU,0,25.1504805,-80.8092194,,,,FIU,
FLAB14,FIU15134,98,SALINITY,2/28/2000,29.3,PSU,D,FLAB,SAMP,MON,SA,G,SALIN,,N,A,0.1,,,FIU,0,25.1504805,-80.8092194,,,,FIU,
FLAB14,FIU15137,98,SALINITY,3/21/2000,33.6,PSU,D,FLAB,SAMP,MON,SA,G,SALIN,,N,A,0.9,,,FIU,0,25.1504805,-80.8092194,,,,FIU,
FLAB14,FIU15136,98,SALINITY,3/21/2000,33.5,PSU,D,FLAB,SAMP,MON,SA,G,SALIN,,N,A,0.1,,,FIU,0,25.1504805,-80.8092194,,,,FIU,
FLAB14,FIU15138,98,SALINITY,4/13/2000,38,PSU,D,FLAB,SAMP,MON,SA,G,SALIN,,N,A,0.1,,,FIU,0,25.1504805,-80.8092194,,,,FIU,
FLAB14,FIU15139,98,SALINITY,4/13/2000,38.2,PSU,D,FLAB,SAMP,MON,SA,G,SALIN,,N,A,0.9,,,FIU,0,25.1504805,-80.8092194,,,,FIU,
FLAB14,FIU15141,98,SALINITY,5/30/2000,43,PSU,D,FLAB,SAMP,MON,SA,G,SALIN,,N,A,0.9,,,FIU,0,25.1504805,-80.8092194,,,,FIU,
FLAB14,FIU15140,98,SALINITY,5/30/2000,42.9,PSU,D,FLAB,SAMP,MON,SA,G,SALIN,,N,A,0.1,,,FIU,0,25.1504805,-80.8092194,,,,FIU,
FLAB14,FIU15142,98,SALINITY,6/20/2000,40.7,PSU,D,FLAB,SAMP,MON,SA,G,SALIN,,N,A,0.1,,,FIU,0,25.1504805,-80.8092194,,,,FIU,
FLAB14,FIU15143,98,SALINITY,6/20/2000,40.6,PSU,D,FLAB,SAMP,MON,SA,G,SALIN,,N,A,0.9,,,FIU,0,25.1504805,-80.8092194,,,,FIU,
FLAB14,FIU15144,98,SALINITY,7/20/2000,39.1,PSU,D,FLAB,SAMP,MON,SA,G,SALIN,,N,A,0.1,,,FIU,0,25.1504805,-80.8092194,,,,FIU,
FLAB14,FIU15145,98,SALINITY,7/20/2000,39.1,PSU,D,FLAB,SAMP,MON,SA,G,SALIN,,N,A,0.9,,,FIU,0,25.1504805,-80.8092194,,,,FIU,
FLAB14,FIU15146,98,SALINITY,8/29/2000,43.2,PSU,D,FLAB,SAMP,MON,SA,G,SALIN,,N,A,0.1,,,FIU,0,25.1504805,-80.8092194,,,,FIU,
FLAB14,FIU15147,98,SALINITY,8/29/2000,43.1,PSU,D,FLAB,SAMP,MON,SA,G,SALIN,,N,A,0.9,,,FIU,0,25.1504805,-80.8092194,,,,FIU,
FLAB14,FIU15148,98,SALINITY,9/29/2000,45.6,PSU,D,FLAB,SAMP,MON,SA,G,SALIN,,N,A,0.1,,,FIU,0,25.1504805,-80.8092194,,,,FIU,
FLAB14,FIU15149,98,SALINITY,9/29/2000,45.7,PSU,D,FLAB,SAMP,MON,SA,G,SALIN,,N,A,0.9,,,FIU,0,25.1504805,-80.8092194,,,,FIU,
FLAB14,FIU15151,98,SALINITY,10/26/2000,32.5,PSU,D,FLAB,SAMP,MON,SA,G,SALIN,,N,A,0.9,,,FIU,0,25.1504805,-80.8092194,,,,FIU,
FLAB14,FIU15150,98,SALINITY,10/26/2000,32.4,PSU,D,FLAB,SAMP,MON,SA,G,SALIN,,N,A,0.1,,,FIU,0,25.1504805,-80.8092194,,,,FIU,
FLAB14,FIU15152,98,SALINITY,11/30/2000,35.6,PSU,D,FLAB,SAMP,MON,SA,G,SALIN,,N,A,0.1,,,FIU,0,25.1504805,-80.8092194,,,,FIU,
FLAB14,FIU15153,98,SALINITY,11/30/2000,35.6,PSU,D,FLAB,SAMP,MON,SA,G,SALIN,,N,A,0.9,,,FIU,0,25.1504805,-80.8092194,,,,FIU,
FLAB14,FIU15154,98,SALINITY,12/11/2000,35.5,PSU,D,FLAB,SAMP,MON,SA,G,SALIN,,N,A,0.1,,,FIU,0,25.1504805,-80.8092194,,,,FIU,
FLAB14,FIU15155,98,SALINITY,12/11/2000,35.6,PSU,D,FLAB,SAMP,MON,SA,G,SALIN,,N,A,0.9,,,FIU,0,25.1504805,-80.8092194,,,,FIU,
FLAB14,FIU15156,98,SALINITY,1/25/2001,36.6,PSU,D,FLAB,SAMP,MON,SA,G,SALIN,,N,A,0.1,,,FIU,0,25.1504805,-80.8092194,,,,FIU,
FLAB14,FIU15157,98,SALINITY,1/25/2001,36.6,PSU,D,FLAB,SAMP,MON,SA,G,SALIN,,N,A,0.9,,,FIU,0,25.1504805,-80.8092194,,,,FIU,
FLAB14,FIU15158,98,SALINITY,2/21/2001,37.6,PSU,D,FLAB,SAMP,MON,SA,G,SALIN,,N,A,0.1,,,FIU,0,25.1504805,-80.8092194,,,,FIU,
FLAB14,FIU15159,98,SALINITY,2/21/2001,38.7,PSU,D,FLAB,SAMP,MON,SA,G,SALIN,,N,A,0.9,,,FIU,0,25.1504805,-80.8092194,,,,FIU,
FLAB14,FIU15160,98,SALINITY,3/6/2001,38,PSU,D,FLAB,SAMP,MON,SA,G,SALIN,,N,A,0.1,,,FIU,0,25.1504805,-80.8092194,,,,FIU,
FLAB14,FIU15161,98,SALINITY,3/6/2001,38,PSU,D,FLAB,SAMP,MON,SA,G,SALIN,,N,A,0.9,,,FIU,0,25.1504805,-80.8092194,,,,FIU,
FLAB14,FIU15162,98,SALINITY,4/3/2001,43.4,PSU,D,FLAB,SAMP,MON,SA,G,SALIN,,N,A,0.1,,,FIU,0,25.1504805,-80.8092194,,,,FIU,
FLAB14,FIU15163,98,SALINITY,4/3/2001,43.4,PSU,D,FLAB,SAMP,MON,SA,G,SALIN,,N,A,0.9,,,FIU,0,25.1504805,-80.8092194,,,,FIU,
FLAB14,FIU15164,98,SALINITY,5/2/2001,51,PSU,D,FLAB,SAMP,MON,SA,G,SALIN,,N,A,0.1,,,FIU,0,25.1504805,-80.8092194,,,,FIU,
FLAB14,FIU15165,98,SALINITY,5/2/2001,51,PSU,D,FLAB,SAMP,MON,SA,G,SALIN,,N,A,0.9,,,FIU,0,25.1504805,-80.8092194,,,,FIU,
FLAB14,FIU110785,98,SALINITY,6/5/2001,99,PSU,D,FLAB,SAMP,MON,SA,G,SALIN,,Y,A,0.9,,,FIU,0,25.1504805,-80.8092194,,,,FIU,
FLAB14,FIU110784,98,SALINITY,6/5/2001,42.6,PSU,D,FLAB,SAMP,MON,SA,G,SALIN,,N,A,0.1,,,FIU,0,25.1504805,-80.8092194,,,,FIU,
FLAB14,FIU15167,98,SALINITY,7/12/2001,44.3,PSU,D,FLAB,SAMP,MON,SA,G,SALIN,,N,A,0.9,,,FIU,0,25.1504805,-80.8092194,,,,FIU,
FLAB14,FIU15166,98,SALINITY,7/12/2001,44.3,PSU,D,FLAB,SAMP,MON,SA,G,SALIN,,N,A,0.1,,,FIU,0,25.1504805,-80.8092194,,,,FIU,
FLAB14,FIU15169,98,SALINITY,8/14/2001,32.6,PSU,D,FLAB,SAMP,MON,SA,G,SALIN,,N,A,0.9,,,FIU,0,25.1504805,-80.8092194,,,,FIU,
FLAB14,FIU15168,98,SALINITY,8/14/2001,30.8,PSU,D,FLAB,SAMP,MON,SA,G,SALIN,,N,A,0.1,,,FIU,0,25.1504805,-80.8092194,,,,FIU,
FLAB14,FIU15171,98,SALINITY,9/5/2001,32.4,PSU,D,FLAB,SAMP,MON,SA,G,SALIN,,N,A,0.9,,,FIU,0,25.1504805,-80.8092194,,,,FIU,
FLAB14,FIU15170,98,SALINITY,9/5/2001,32.4,PSU,D,FLAB,SAMP,MON,SA,G,SALIN,,N,A,0.1,,,FIU,0,25.1504805,-80.8092194,,,,FIU,
FLAB14,FIU110487,98,SALINITY,10/23/2001,22,PSU,D,FLAB,SAMP,MON,SA,G,SALIN,,N,A,0.9,,,FIU,0,25.1504805,-80.8092194,,,,FIU,
FLAB14,FIU110486,98,SALINITY,10/23/2001,22,PSU,D,FLAB,SAMP,MON,SA,G,SALIN,,N,A,0.1,,,FIU,0,25.1504805,-80.8092194,,,,FIU,
FLAB14,FIU110489,98,SALINITY,11/8/2001,19,PSU,D,FLAB,SAMP,MON,SA,G,SALIN,,N,A,0.9,,,FIU,0,25.1504805,-80.8092194,,,,FIU,
FLAB14,FIU110488,98,SALINITY,11/8/2001,19,PSU,D,FLAB,SAMP,MON,SA,G,SALIN,,N,A,0.1,,,FIU,0,25.1504805,-80.8092194,,,,FIU,
FLAB14,FIU110490,98,SALINITY,12/3/2001,20.9,PSU,D,FLAB,SAMP,MON,SA,G,SALIN,,N,A,0.1,,,FIU,0,25.1504805,-80.8092194,,,,FIU,
FLAB14,FIU110491,98,SALINITY,12/3/2001,20.9,PSU,D,FLAB,SAMP,MON,SA,G,SALIN,,N,A,0.9,,,FIU,0,25.1504805,-80.8092194,,,,FIU,
FLAB14,FIU113119,98,SALINITY,1/29/2002,28.9,PSU,D,FLAB,SAMP,MON,SA,G,SALIN,,N,A,0.9,,,FIU,0,25.1504805,-80.8092194,,,,FIU,
FLAB14,FIU113118,98,SALINITY,1/29/2002,28.9,PSU,D,FLAB,SAMP,MON,SA,G,SALIN,,N,A,0.1,,,FIU,0,25.1504805,-80.8092194,,,,FIU,
FLAB14,FIU113121,98,SALINITY,2/20/2002,28.7,PSU,D,FLAB,SAMP,MON,SA,G,SALIN,,N,A,0.9,,,FIU,0,25.1504805,-80.8092194,,,,FIU,
FLAB14,FIU113120,98,SALINITY,2/20/2002,22.6,PSU,D,FLAB,SAMP,MON,SA,G,SALIN,,N,A,0.1,,,FIU,0,25.1504805,-80.8092194,,,,FIU,
FLAB14,FIU113123,98,SALINITY,3/19/2002,28.6,PSU,D,FLAB,SAMP,MON,SA,G,SALIN,,N,A,0.9,,,FIU,0,25.1504805,-80.8092194,,,,FIU,
FLAB14,FIU113122,98,SALINITY,3/19/2002,28.5,PSU,D,FLAB,SAMP,MON,SA,G,SALIN,,N,A,0.1,,,FIU,0,25.1504805,-80.8092194,,,,FIU,
FLAB14,FIU114989,98,SALINITY,4/9/2002,32.3,PSU,D,FLAB,SAMP,MON,SA,G,SALIN,,N,A,0.9,,,FIU,0,25.1504805,-80.8092194,,,,FIU,
FLAB14,134014B,98,SALINITY,4/9/2002,32.3,PSU,,FLAB,SAMP,MON,SA,G,SALIN,,N,A,0.9,,,FIU,0,25.1504805,-80.8092194,,,,FIU,
FLAB14,FIU114988,98,SALINITY,4/9/2002,32.1,PSU,D,FLAB,SAMP,MON,SA,G,SALIN,,N,A,0.1,,,FIU,0,25.1504805,-80.8092194,,,,FIU,
FLAB14,134014,98,SALINITY,4/9/2002,32.1,PSU,,FLAB,SAMP,MON,SA,G,SALIN,,N,A,0.1,,,FIU,0,25.1504805,-80.8092194,,,,FIU,
FLAB14,FIU114991,98,SALINITY,5/15/2002,36,PSU,D,FLAB,SAMP,MON,SA,G,SALIN,,N,A,0.9,,,FIU,0,25.1504805,-80.8092194,,,,FIU,
FLAB14,135014B,98,SALINITY,5/15/2002,36,PSU,D,FLAB,SAMP,MON,SA,G,SALIN,,N,A,0.9,,,FIU,0,25.1504805,-80.8092194,,,,FIU,
FLAB14,FIU114990,98,SALINITY,5/15/2002,36,PSU,D,FLAB,SAMP,MON,SA,G,SALIN,,N,A,0.1,,,FIU,0,25.1504805,-80.8092194,,,,FIU,
FLAB14,135014,98,SALINITY,5/15/2002,36,PSU,D,FLAB,SAMP,MON,SA,G,SALIN,,N,A,0.1,,,FIU,0,25.1504805,-80.8092194,,,,FIU,
FLAB14,FIU114993,98,SALINITY,6/4/2002,30,PSU,D,FLAB,SAMP,MON,SA,G,SALIN,,N,A,0.9,,,FIU,0,25.1504805,-80.8092194,,,,FIU,
FLAB14,FIU114992,98,SALINITY,6/4/2002,30.1,PSU,D,FLAB,SAMP,MON,SA,G,SALIN,,N,A,0.1,,,FIU,0,25.1504805,-80.8092194,,,,FIU,
FLAB14,136014B,98,SALINITY,6/4/2002,30,PSU,D,FLAB,SAMP,MON,SA,G,SALIN,,N,A,0.9,,,FIU,0,25.1504805,-80.8092194,,,,FIU,
FLAB14,136014,98,SALINITY,6/4/2002,30.1,PSU,D,FLAB,SAMP,MON,SA,G,SALIN,,N,A,0.1,,,FIU,0,25.1504805,-80.8092194,,,,FIU,
FLAB14,137014,98,SALINITY,7/11/2002,16.8,PSU,D,FLAB,SAMP,MON,SA,G,SALIN,,N,A,0.1,,,FIU,0,25.1504805,-80.8092194,,,,FIU,
FLAB14,137014B,98,SALINITY,7/11/2002,16.9,PSU,D,FLAB,SAMP,MON,SA,G,SALIN,,N,A,0.9,,,FIU,0,25.1504805,-80.8092194,,,,FIU,
FLAB14,138014B,98,SALINITY,8/19/2002,21.1,PSU,D,FLAB,SAMP,MON,SA,G,SALIN,,N,A,0.9,,,FIU,0,25.1504805,-80.8092194,,,,FIU,
FLAB14,138014,98,SALINITY,8/19/2002,21.1,PSU,D,FLAB,SAMP,MON,SA,G,SALIN,,N,A,0.1,,,FIU,0,25.1504805,-80.8092194,,,,FIU,
FLAB14,139014B,98,SALINITY,9/17/2002,22.2,PSU,D,FLAB,SAMP,MON,SA,G,SALIN,,N,A,0.9,,,FIU,0,25.1504805,-80.8092194,,,,FIU,
FLAB14,139014,98,SALINITY,9/17/2002,22.2,PSU,D,FLAB,SAMP,MON,SA,G,SALIN,,N,A,0.1,,,FIU,0,25.1504805,-80.8092194,,,,FIU,
FLAB14,140014B,98,SALINITY,10/17/2002,22.3,PSU,D,FLAB,SAMP,MON,SA,G,SALIN,,N,A,0.9,,,FIU,0,25.1504805,-80.8092194,,,,FIU,
FLAB14,140014,98,SALINITY,10/17/2002,20.8,PSU,D,FLAB,SAMP,MON,SA,G,SALIN,,N,A,0.1,,,FIU,0,25.1504805,-80.8092194,,,,FIU,
FLAB14,141014B,98,SALINITY,11/14/2002,28,PSU,D,FLAB,SAMP,MON,SA,G,SALIN,,N,A,0.9,,,FIU,0,25.1504805,-80.8092194,,,,FIU,
FLAB14,141014,98,SALINITY,11/14/2002,27.9,PSU,D,FLAB,SAMP,MON,SA,G,SALIN,,N,A,0.1,,,FIU,0,25.1504805,-80.8092194,,,,FIU,
FLAB14,142014,98,SALINITY,12/11/2002,32.3,PSU,D,FLAB,SAMP,MON,SA,G,SALIN,,N,A,0.1,,,FIU,0,25.1504805,-80.8092194,,,,FIU,
FLAB14,142014B,98,SALINITY,12/11/2002,32.3,PSU,D,FLAB,SAMP,MON,SA,G,SALIN,,N,A,0.9,,,FIU,0,25.1504805,-80.8092194,,,,FIU,
FLAB14,143014,98,SALINITY,1/28/2003,32.4,PSU,D,FLAB,SAMP,MON,SA,G,SALIN,,N,A,0.1,,,FIU,0,25.1504805,-80.8092194,,,,FIU,
FLAB14,143014B,98,SALINITY,1/28/2003,32.4,PSU,D,FLAB,SAMP,MON,SA,G,SALIN,,N,A,0.9,,,FIU,0,25.1504805,-80.8092194,,,,FIU,
FLAB14,144014,98,SALINITY,2/25/2003,32.3,PSU,D,FLAB,SAMP,MON,SA,G,SALIN,,N,A,0.1,,,FIU,0,25.1504805,-80.8092194,,,,FIU,
FLAB14,144014B,98,SALINITY,2/25/2003,32.3,PSU,D,FLAB,SAMP,MON,SA,G,SALIN,,N,A,0.9,,,FIU,0,25.1504805,-80.8092194,,,,FIU,
FLAB14,145014,98,SALINITY,3/13/2003,34.4,PSU,D,FLAB,SAMP,MON,SA,G,SALIN,,N,A,0.1,,,FIU,0,25.1504805,-80.8092194,,,,FIU,
FLAB14,145014B,98,SALINITY,3/13/2003,34.4,PSU,D,FLAB,SAMP,MON,SA,G,SALIN,,N,A,0.9,,,FIU,0,25.1504805,-80.8092194,,,,FIU,
FLAB14,146014,98,SALINITY,4/9/2003,33.4,PSU,D,FLAB,SAMP,MON,SA,G,SALIN,,N,A,0.1,,,FIU,0,25.1504805,-80.8092194,,,,FIU,
FLAB14,146014B,98,SALINITY,4/9/2003,33.4,PSU,D,FLAB,SAMP,MON,SA,G,SALIN,,N,A,0.9,,,FIU,0,25.1504805,-80.8092194,,,,FIU,
FLAB14,147014,98,SALINITY,5/8/2003,34.9,PSU,D,FLAB,SAMP,MON,SA,G,SALIN,,N,A,0.1,,,FIU,0,25.1504805,-80.8092194,,,,FIU,
FLAB14,147014B,98,SALINITY,5/8/2003,34.9,PSU,D,FLAB,SAMP,MON,SA,G,SALIN,,N,A,0.9,,,FIU,0,25.1504805,-80.8092194,,,,FIU,
FLAB14,148014,98,SALINITY,6/10/2003,32.3,PSU,D,FLAB,SAMP,MON,SA,G,SALIN,,N,A,0.1,,,FIU,0,25.1504805,-80.8092194,,,,FIU,
FLAB14,148014B,98,SALINITY,6/10/2003,32.3,PSU,D,FLAB,SAMP,MON,SA,G,SALIN,,N,A,0.9,,,FIU,0,25.1504805,-80.8092194,,,,FIU,
FLAB14,149014,98,SALINITY,7/1/2003,31.9,PSU,D,FLAB,SAMP,MON,SA,G,SALIN,,N,A,0.1,,,FIU,0,25.1504805,-80.8092194,,,,FIU,
FLAB14,149014B,98,SALINITY,7/1/2003,31.9,PSU,D,FLAB,SAMP,MON,SA,G,SALIN,,N,A,0.9,,,FIU,0,25.1504805,-80.8092194,,,,FIU,
FLAB14,150014,98,SALINITY,8/25/2003,35.8,PSU,D,FLAB,SAMP,MON,SA,G,SALIN,,N,A,0.1,,,FIU,0,25.1504805,-80.8092194,,,,FIU,
FLAB14,150014B,98,SALINITY,8/25/2003,35.8,PSU,D,FLAB,SAMP,MON,SA,G,SALIN,,N,A,0.9,,,FIU,0,25.1504805,-80.8092194,,,,FIU,
FLAB14,151014,98,SALINITY,9/9/2003,35,PSU,D,FLAB,SAMP,MON,SA,G,SALIN,,N,A,0.1,,,FIU,0,25.1504805,-80.8092194,,,,FIU,
FLAB14,151014B,98,SALINITY,9/9/2003,35.1,PSU,D,FLAB,SAMP,MON,SA,G,SALIN,,N,A,0.9,,,FIU,0,25.1504805,-80.8092194,,,,FIU,
FLAB14,152014,98,SALINITY,10/15/2003,36.7,PSU,D,FLAB,SAMP,MON,SA,G,SALIN,,N,A,0.1,,,FIU,0,25.1504805,-80.8092194,,,,FIU,
FLAB14,152014B,98,SALINITY,10/15/2003,36.7,PSU,D,FLAB,SAMP,MON,SA,G,SALIN,,N,A,0.9,,,FIU,0,25.1504805,-80.8092194,,,,FIU,
FLAB14,153014,98,SALINITY,11/7/2003,26.7,PSU,D,FLAB,SAMP,MON,SA,G,SALIN,,N,A,0.1,,,FIU,0,25.1504805,-80.8092194,,,,FIU,
FLAB14,153014B,98,SALINITY,11/7/2003,26.8,PSU,D,FLAB,SAMP,MON,SA,G,SALIN,,N,A,0.9,,,FIU,0,25.1504805,-80.8092194,,,,FIU,
FLAB14,154014,98,SALINITY,12/3/2003,27.2,PSU,D,FLAB,SAMP,MON,SA,G,SALIN,,N,A,0.1,,,FIU,0,25.1504805,-80.8092194,,,,FIU,
FLAB14,154014B,98,SALINITY,12/3/2003,27.3,PSU,D,FLAB,SAMP,MON,SA,G,SALIN,,N,A,0.9,,,FIU,0,25.1504805,-80.8092194,,,,FIU,
FLAB14,155014,98,SALINITY,1/21/2004,32.4,PSU,D,FLAB,SAMP,MON,SA,G,SALIN,,N,A,0.1,,,FIU,0,25.1504805,-80.8092194,,,,FIU,
FLAB14,156014,98,SALINITY,2/24/2004,33,PSU,D,FLAB,SAMP,MON,SA,G,SALIN,,N,A,0.1,,,FIU,0,25.1504805,-80.8092194,,,,FIU,
FLAB14,157014,98,SALINITY,3/23/2004,34.6,PSU,D,FLAB,SAMP,MON,SA,G,SALIN,,N,A,0.1,,,FIU,0,25.1504805,-80.8092194,,,,FIU,
FLAB14,FB188FB014UA,98,SALINITY,10/9/2006,27.03,PSU,,FLAB,SAMP,MON,SA,G,SALIN,,N,A,0,,,FIU,0,25.1504805,-80.8092194,,,BA,WMD,
FLAB14,FB188FB014UAB,98,SALINITY,10/9/2006,27.01,PSU,,FLAB,SAMP,MON,SA,G,SALIN,,N,A,0,,,FIU,0,25.1504805,-80.8092194,,,BA,WMD,Measurements done close to the bottom.
FLAB14,FB189FB014UA,98,SALINITY,11/7/2006,30.25,PSU,,FLAB,SAMP,MON,SA,G,SALIN,,N,A,0,,,FIU,0,25.1504805,-80.8092194,,,BA,WMD,
FLAB14,FB189FB014UAB,98,SALINITY,11/7/2006,30.25,PSU,,FLAB,SAMP,MON,SA,G,SALIN,,N,A,0,,,FIU,0,25.1504805,-80.8092194,,,BA,WMD,Measurements done close to the bottom.
FLAB14,FB190FB014UA,98,SALINITY,12/3/2006,33.92,PSU,,FLAB,SAMP,MON,SA,G,SALIN,,N,A,0,,,FIU,0,25.1504805,-80.8092194,,,BA,WMD,
FLAB14,FB190FB014UAB,98,SALINITY,12/3/2006,33.95,PSU,,FLAB,SAMP,MON,SA,G,SALIN,,N,A,0,,,FIU,0,25.1504805,-80.8092194,,,BA,WMD,Measurements done close to the bottom.
FLAB14,FB191FB014UA,98,SALINITY,1/11/2007,33.55,PSU,,FLAB,SAMP,MON,SA,G,SALIN,,N,A,0,,,FIU,0,25.1504805,-80.8092194,,,BA,WMD,
FLAB14,FB191FB014UAB,98,SALINITY,1/11/2007,33.6,PSU,,FLAB,SAMP,MON,SA,G,SALIN,,N,A,0,,,FIU,0,25.1504805,-80.8092194,,,BA,WMD,Measurements done close to the bottom.
FLAB14,FB192FB014UA,98,SALINITY,2/7/2007,40.04,PSU,,FLAB,SAMP,MON,SA,G,SALIN,,N,A,0,,,FIU,0,25.1504805,-80.8092194,,,BA,WMD,
FLAB14,FB192FB014UAB,98,SALINITY,2/7/2007,40.63,PSU,,FLAB,SAMP,MON,SA,G,SALIN,,N,A,0,,,FIU,0,25.1504805,-80.8092194,,,BA,WMD,Measurements done close to the bottom.
FLAB14,FB193FB014UA,98,SALINITY,3/12/2007,41.1,PSU,,FLAB,SAMP,MON,SA,G,SALIN,,N,A,0,,,FIU,0,25.1504805,-80.8092194,,,BA,WMD,
FLAB14,FB193FB014UAB,98,SALINITY,3/12/2007,41.1,PSU,,FLAB,SAMP,MON,SA,G,SALIN,,N,A,0,,,FIU,0,25.1504805,-80.8092194,,,BA,WMD,Measurements done close to the bottom.
FLAB14,FB194FB014UA,98,SALINITY,4/3/2007,39.37,PSU,,FLAB,SAMP,MON,SA,G,SALIN,,N,A,0,,,FIU,0,25.1504805,-80.8092194,,,BA,WMD,
FLAB14,FB194FB014UAB,98,SALINITY,4/3/2007,39.4,PSU,,FLAB,SAMP,MON,SA,G,SALIN,,N,A,0,,,FIU,0,25.1504805,-80.8092194,,,BA,WMD,Measurements done close to the bottom.
FLAB14,FB195FB014UA,98,SALINITY,5/1/2007,42.55,PSU,,FLAB,SAMP,MON,SA,G,SALIN,,N,A,0,,,FIU,0,25.1504805,-80.8092194,,,BA,WMD,
FLAB14,FB195FB014UAB,98,SALINITY,5/1/2007,42.6,PSU,,FLAB,SAMP,MON,SA,G,SALIN,,N,A,0,,,FIU,0,25.1504805,-80.8092194,,,BA,WMD,Measurements done close to the bottom.
FLAB14,FB196FB014UA,98,SALINITY,6/6/2007,39.75,PSU,,FLAB,SAMP,MON,SA,G,SALIN,,N,A,0,,,FIU,0,25.1504805,-80.8092194,,,BA,WMD,
FLAB14,FB196FB014UAB,98,SALINITY,6/6/2007,39.93,PSU,,FLAB,SAMP,MON,SA,G,SALIN,,N,A,0,,,FIU,0,25.1504805,-80.8092194,,,BA,WMD,Measurements done close to the bottom.
FLAB14,FB197FB014UA,98,SALINITY,7/3/2007,37.09,PSU,A,FLAB,SAMP,MON,SA,G,SALIN,,N,A,0,,,FIU,0,25.1504805,-80.8092194,,,BA,WMD,
FLAB14,FB197FB014UAB,98,SALINITY,7/3/2007,37.09,PSU,A,FLAB,SAMP,MON,SA,G,SALIN,,N,A,0,,,FIU,0,25.1504805,-80.8092194,,,BA,WMD,Measurements done close to the bottom.
FLAB14,FB198FB014UA,98,SALINITY,8/7/2007,39.69,PSU,A,FLAB,SAMP,MON,SA,G,SALIN,,N,A,0,,,FIU,0,25.1504805,-80.8092194,,,BA,WMD,
FLAB14,FB198FB014UAB,98,SALINITY,8/7/2007,39.9,PSU,A,FLAB,SAMP,MON,SA,G,SALIN,,N,A,0,,,FIU,0,25.1504805,-80.8092194,,,BA,WMD,Measurements done close to the bottom.
FLAB14,FB199FB014UA,98,SALINITY,9/5/2007,46.98,PSU,A,FLAB,SAMP,MON,SA,G,SALIN,,N,A,0,,,FIU,0,25.1504805,-80.8092194,,,BA,WMD,
FLAB14,FB199FB014UAB,98,SALINITY,9/5/2007,46.99,PSU,A,FLAB,SAMP,MON,SA,G,SALIN,,N,A,0,,,FIU,0,25.1504805,-80.8092194,,,BA,WMD,Measurements done close to the bottom.
FLAB14,FB200FB014,98,SALINITY,10/4/2007,31.43,PSU,,FLAB,SAMP,MON,SA,G,SALIN,,N,A,0,,,FIU,0,25.1504805,-80.8092194,,,BA,WMD,
FLAB14,FB200FB014B,98,SALINITY,10/4/2007,31.53,PSU,,FLAB,FD,MON,SA,G,SALIN,,N,A,0,,,FIU,0,25.1504805,-80.8092194,,,BA,WMD,Measurements done close to the bottom.
FLAB14,FB201FB014,98,SALINITY,11/7/2007,23.77,PSU,,FLAB,SAMP,MON,SA,G,SALIN,,N,A,0,,,FIU,0,25.1504805,-80.8092194,,,BA,WMD,
FLAB14,FB201FB014B,98,SALINITY,11/7/2007,23.91,PSU,,FLAB,FD,MON,SA,G,SALIN,,N,A,0,,,FIU,0,25.1504805,-80.8092194,,,BA,WMD,Measurements done close to the bottom.
FLAB14,FB202FB014,98,SALINITY,12/7/2007,30.24,PSU,,FLAB,SAMP,MON,SA,G,SALIN,,N,A,0,,,FIU,0,25.1504805,-80.8092194,,,BA,WMD,
FLAB14,FB202FB014B,98,SALINITY,12/7/2007,34.37,PSU,,FLAB,FD,MON,SA,G,SALIN,,N,A,0,,,FIU,0,25.1504805,-80.8092194,,,BA,WMD,Measurements done close to the bottom.
FLAB14,FB203FB014,98,SALINITY,1/9/2008,33.96,PSU,,FLAB,SAMP,MON,SA,G,SALIN,,N,A,0,,,FIU,0,25.1504805,-80.8092194,,,BA,WMD,
FLAB14,FB203FB014B,98,SALINITY,1/9/2008,34.06,PSU,,FLAB,SAMP,MON,SA,G,SALIN,,N,A,0,,,FIU,0,25.1504805,-80.8092194,,,BA,WMD,Measurements done close to the bottom.
FLAB14,FB204FB014,98,SALINITY,2/8/2008,40.94,PSU,,FLAB,SAMP,MON,SA,G,SALIN,,N,A,0,,,FIU,0,25.1504805,-80.8092194,,,BA,WMD,
FLAB14,FB204FB014B,98,SALINITY,2/8/2008,42.2,PSU,,FLAB,SAMP,MON,SA,G,SALIN,,N,A,0,,,FIU,0,25.1504805,-80.8092194,,,BA,WMD,Measurements done close to the bottom.
FLAB14,FB205FB014,98,SALINITY,3/5/2008,39.95,PSU,,FLAB,SAMP,MON,SA,G,SALIN,,N,A,0,,,FIU,0,25.1504805,-80.8092194,,,BA,WMD,
FLAB14,FB205FB014B,98,SALINITY,3/5/2008,39.9,PSU,,FLAB,SAMP,MON,SA,G,SALIN,,N,A,0,,,FIU,0,25.1504805,-80.8092194,,,BA,WMD,Measurements done close to the bottom.
FLAB14,FB206FB014,98,SALINITY,4/2/2008,45.42,PSU,,FLAB,SAMP,MON,SA,G,SALIN,,N,A,0,,,FIU,0,25.1504805,-80.8092194,,,BA,WMD,
FLAB14,FB206FB014B,98,SALINITY,4/2/2008,45.36,PSU,,FLAB,SAMP,MON,SA,G,SALIN,,N,A,0,,,FIU,0,25.1504805,-80.8092194,,,BA,WMD,Measurements done close to the bottom.
FLAB14,FB207FB014,98,SALINITY,5/7/2008,46.36,PSU,,FLAB,SAMP,MON,SA,G,SALIN,,N,A,0,,,FIU,0,25.1504805,-80.8092194,,,BA,WMD,
FLAB14,FB207FB014B,98,SALINITY,5/7/2008,49.1,PSU,,FLAB,SAMP,MON,SA,G,SALIN,,N,A,0,,,FIU,0,25.1504805,-80.8092194,,,BA,WMD,Measurements done close to the bottom.
FLAB14,FB208FB014,98,SALINITY,6/4/2008,51.96,PSU,,FLAB,SAMP,MON,SA,G,SALIN,,N,A,0,,,FIU,0,25.1504805,-80.8092194,,,BA,WMD,
FLAB14,FB208FB014B,98,SALINITY,6/4/2008,51.95,PSU,,FLAB,SAMP,MON,SA,G,SALIN,,N,A,0,,,FIU,0,25.1504805,-80.8092194,,,BA,WMD,Measurements done close to the bottom.
FLAB14,P42963-5,98,SALINITY,1/7/2009,36.1,PSU,,FLAB,SAMP,MON,SA,G,SALIN,,N,A,0.5,,,WMD,1,25.1504805,-80.8092194,0.6,,BA,WMD,Strong incoming flow.  sample clear with no visable solids.  light chop with increasing South winds.  Station is in very shallow water.  may want to consider moving off to the South.
FLAB14,P42978-2,98,SALINITY,2/12/2009,37.9,PSU,,FLAB,SAMP,MON,SA,G,SALIN,,N,A,0.5,,,WMD,1,25.1504805,-80.8092194,0.8,,BA,WMD,Very clear warer and calm conditions.  Slight ripple.  Station in shallow water over seagrass beds.  Suggest moving it slightly to the South.
FLAB14,P43361-2,98,SALINITY,3/16/2009,39.4,PSU,,FLAB,SAMP,MON,SA,G,SALIN,,N,A,0.5,,,WMD,1,25.1504805,-80.8092194,1.1,,BA,WMD,Clear calm conditiond and light flow.  Sample clear.
FLAB14,P43542-2,98,SALINITY,4/20/2009,47.9,PSU,J,FLAB,SAMP,MON,SA,G,SALIN,,N,A,0.5,,,WMD,1,25.1504805,-80.8092194,1.1,,BA,WMD,"Clear and calm.  RS done at station.  Extememy salty (out of calibration range). WARNING: CONDUCTIVITY exceeds CLOSING Control True Value range of 2000 to 58650,"
FLAB14,P43542-12,98,SALINITY,4/20/2009,47.4,PSU,J,FLAB,RS,MON,SA,G,SALIN,,N,A,0.5,,,WMD,1,25.1504805,-80.8092194,1.1,,BA,WMD,"sample clear.  Salinity out of conductivity range. WARNING: CONDUCTIVITY exceeds CLOSING Control True Value range of 2000 to 58650,"
FLAB14,P43542-13,98,SALINITY,4/20/2009,47.5,PSU,J,FLAB,RS,MON,SA,G,SALIN,,N,A,0.5,,,WMD,1,25.1504805,-80.8092194,1.1,,BA,WMD,"sample clear.  salinity out of conductivity range. WARNING: CONDUCTIVITY exceeds CLOSING Control True Value range of 2000 to 58650,"
FLAB14,P43936-2,98,SALINITY,5/18/2009,51.9,PSU,,FLAB,SAMP,MON,SA,G,SALIN,,N,A,0.5,,,WMD,1,25.1504805,-80.8092194,1.2,,BA,WMD,Breezy and light chop.  SAmple clear.   SECCHI ON BOTTOM.  Extremely salty
FLAB14,P43955-2,98,SALINITY,6/11/2009,47.4,PSU,,FLAB,SAMP,MON,SA,G,SALIN,,N,A,0.5,,,WMD,1,25.1504805,-80.8092194,1.1,,BA,WMD,Clear and calm.  Sample clear of solids.   SECCHI ON BOTTOM.  High salinity.
FLAB14,P44584-2,98,SALINITY,7/20/2009,38.4,PSU,,FLAB,SAMP,MON,SA,G,SALIN,,N,A,0.5,,,WMD,1,25.1504805,-80.8092194,0.92,,BA,WMD,"sample light yellow, low solids.  very calm conditions, clear water. SECCHI ON BOTTOM."
FLAB14,P44716-2,98,SALINITY,8/17/2009,38.4,PSU,,FLAB,SAMP,MON,SA,G,SALIN,,N,A,0.5,,,WMD,1,25.1504805,-80.8092194,0.9,,BA,WMD,"Sample clear, no visible solids.   SECCHI ON BOTTOM. Slight chop with a lot of foam on water surface.  Very windy (15-20 knots).  Mostly sunny with some cloud coverage, temperature low to mid 90's degrees F."
FLAB14,P45422-2,98,SALINITY,9/14/2009,34.3,PSU,,FLAB,SAMP,MON,SA,G,SALIN,,N,A,0.5,,,WMD,1,25.1504805,-80.8092194,1.2,,BA,WMD,"Comments too long, see field notes."
FLAB14,P45906-2,98,SALINITY,10/12/2009,33.6,PSU,,FLAB,SAMP,MON,SA,G,SALIN,,N,A,0.5,,,WMD,1,25.1504805,-80.8092194,1,,BA,WMD,Sample yellow with low solids. SECCHI ON BOTTOM. Low flow. Less than 0.5' chop with winds approx. 15-20 mph. FCEB taken at this station.
FLAB14,P46184-2,98,SALINITY,11/11/2009,34.3,PSU,,FLAB,SAMP,MON,SA,G,SALIN,,N,A,0.5,,,WMD,1,25.1504805,-80.8092194,1,,BA,WMD,"Sample light yellow, with no visible solids.  Moderate chop, low flow.  Winds 20-25 mph. Heavy storms in close proximity.   SECCHI ON BOTTOM."
FLAB14,P46552-2,98,SALINITY,12/7/2009,36.2,PSU,,FLAB,SAMP,MON,SA,G,SALIN,,N,A,0.5,m,,WMD,1,25.1504805,-80.8092194,,,BA,WMD,"Sample pale yellow, with no visible solids.  Low flow.  Winds 5-10 mph.  No chop, calm water.  DO has been  highter at this station.   SECCHI ON BOTTOM."
FLAB14,P46793-4,98,SALINITY,1/11/2010,34.4,PSU,,FLAB,SAMP,MON,SA,G,SALIN,,N,A,0.5,m,,WMD,1,25.1504805,-80.8092194,,,BA,WMD,Comments are too long. See field notes.
FLAB14,P47183-4,98,SALINITY,2/8/2010,31.1,PSU,,FLAB,SAMP,MON,SA,G,SALIN,,N,A,0.5,m,,WMD,1,25.1504805,-80.8092194,,,BA,WMD,"Sample light yellow, low solids.  Minimal chop.  Low flow.  Winds 5-15mph.   SECCHI ON BOTTOM."
FLAB14,P47472-4,98,SALINITY,3/8/2010,32.7,PSU,,FLAB,SAMP,MON,SA,G,SALIN,,N,A,0.5,m,,WMD,1,25.1504805,-80.8092194,,,BA,WMD,"Sample pale yellow with no visible solids. Calm conditions, minimal chop. SECCHI ON BOTTOM. Low flow."
FLAB14,P47828-4,98,SALINITY,4/12/2010,39.2,PSU,,FLAB,SAMP,MON,SA,G,SALIN,,N,A,0.5,m,,WMD,1,25.1504805,-80.8092194,,,BA,WMD,"Sample light yellow, no visible solids.  Low flow.  Moderate chop.  Winds 15-20mph.   SECCHI ON BOTTOM."
FLAB14,P48081-4,98,SALINITY,5/10/2010,44.9,PSU,,FLAB,SAMP,MON,SA,G,SALIN,,N,A,0.5,m,,WMD,1,25.1504805,-80.8092194,,,BA,WMD,"Sample light yellow, low solids.  Low flow.  Calm water, minimal chop.  Winds 15-18mph.   SECCHI ON BOTTOM."
FLAB14,P48379-4,98,SALINITY,6/7/2010,42.7,PSU,,FLAB,SAMP,MON,SA,G,SALIN,,N,A,0.5,m,,WMD,1,25.1504805,-80.8092194,,,BA,WMD,Sample is light green with low suspended solids present. Low flow with minimal chop ripple less than 3 inches and constant 12 mph winds. SECCHI ON BOTTOM.
FLAB14,P48679-4,98,SALINITY,7/20/2010,42.9,PSU,,FLAB,SAMP,MON,SA,G,SALIN,,N,A,0.5,m,,WMD,1,25.1504805,-80.8092194,,,BA,WMD,"Sample light green, low solids.  Moderate chop, 1-2 foot chop.  Low flow. Winds 15-20mph.   SECCHI ON BOTTOM."
FLAB14,P48893-4,98,SALINITY,8/16/2010,35.6,PSU,,FLAB,SAMP,MON,SA,G,SALIN,,N,A,0.5,m,,WMD,1,25.1504805,-80.8092194,,,BA,WMD,"Sample pale yellow, with low solids.  Low flow.  Calm water, no chop.  Winds 5-7mph. SECCHI ON BOTTOM."
FLAB14,P49171-4,98,SALINITY,9/21/2010,36,PSU,,FLAB,SAMP,MON,SA,G,SALIN,,N,A,0.5,m,,WMD,1,25.1504805,-80.8092194,,,BA,WMD,"Sample light green, low solids.  Light chop, .5-1.5 foot seas.  Winds 15mph, with 20mph gusts.  Low flow.   SECCHI ON BOTTOM."
FLAB14,P49628-4,98,SALINITY,10/19/2010,25.4,PSU,,FLAB,SAMP,MON,SA,G,SALIN,,N,A,0.5,m,,WMD,1,25.1504805,-80.8092194,,,BA,WMD,"Sample light yeloow, low solids.  Low flow.  Calm water, no chop.  Winds 2-5mph.   SECCHI ON BOTTOM."
FLAB14,P50070-4,98,SALINITY,11/16/2010,27.9,PSU,,FLAB,SAMP,MON,SA,G,SALIN,,N,A,0.5,m,,WMD,1,25.1504805,-80.8092194,,,BA,WMD,"Sample light yellow, low solids.  Calm water, minimal chop.  Low flow.  Wind 3-5mph. SECCHI ON BOTTOM."
FLAB14,P50474-4,98,SALINITY,12/14/2010,34.7,PSU,,FLAB,SAMP,MON,SA,G,SALIN,,N,A,0.35,m,,WMD,1,25.1504805,-80.8092194,,,BA,WMD,"Sample light yellow, low solids.  Calm water, minimal chop.  Wind 3-5mph.   SECCHI ON BOTTOM. water very shallow."
FLAB14,P50635-4,98,SALINITY,1/4/2011,30.2,PSU,,FLAB,SAMP,MON,SA,G,SALIN,,N,A,0.5,m,,WMD,1,25.1504805,-80.8092194,,,BA,WMD,"Very low flow at station.  Very low to no chop.  Wind 0-5 mph.   SECCHI ON BOTTOM.   Sample light yellow, low solids."
FLAB14,P50937-4,98,SALINITY,2/17/2011,36.1,PSU,,FLAB,SAMP,MON,SA,G,SALIN,,N,A,0.25,m,,FLD,0,25.1504805,-80.8092194,,,BA,WMD,Sample taken .4 miles from station due to shallow water.
FLAB14,P51526-4,98,SALINITY,3/14/2011,38.8,PSU,,FLAB,SAMP,MON,SA,G,SALIN,,N,A,0.5,m,,FLD,1,25.1504805,-80.8092194,,,BA,WMD,"Sample light yellow.  Calm water, minimal chop. Wind 8-12mph.   SECCHI ON BOTTOM."
FLAB14,P52279-4,98,SALINITY,4/5/2011,40.9,PSU,,FLAB,SAMP,MON,SA,G,SALIN,,N,A,0.5,m,,FLD,1,25.1504805,-80.8092194,,,BA,WMD,"Sample light green, wind 10-15mph sw."
FLAB14,P52280-4,98,SALINITY,5/3/2011,49,PSU,,FLAB,SAMP,MON,SA,G,SALIN,,N,A,0.3,m,,FLD,1,25.1504805,-80.8092194,,,BA,WMD,"Sample palm yellow, wind east 10-15mph,  SECCHI ON BOTTOM."
FLAB14,P52281-4,98,SALINITY,6/13/2011,55.3,PSU,J,FLAB,SAMP,MON,SA,G,SALIN,,N,A,0.5,m,,FLD,1,25.1504805,-80.8092194,,,BA,WMD,Sample is clear with no visible sollids present. Moderate flow with variable westerly winds at 5-10 mph. SECCHI ON BOTTOM. Conductivity is out of range due to high salinity at this location.
FLAB14,P52282-4,98,SALINITY,7/12/2011,51.4,PSU,,FLAB,SAMP,MON,SA,G,SALIN,,N,A,0.5,m,,FLD,1,25.1504805,-80.8092194,,,BA,WMD,Sample is pale green with no visible suspended solids present.  Flow with light ripple chop up to 4 inches and winds from the southwest at 4 to 8 mph.  SECCHI ON BOTTOM
FLAB14,P52283-6,98,SALINITY,8/16/2011,38.5,PSU,,FLAB,SAMP,MON,SA,G,SALIN,,N,A,0.5,m,,FLD,1,25.1504805,-80.8092194,,,BA,WMD,Sample is pale green with no visible suspended solids present. Low flow with light chop up to 4 inches and light variable winds from southwest at 6 to 10 mph. SECCHI ON BOTTOM.
FLAB14,P52284-6,98,SALINITY,9/12/2011,39.1,PSU,,FLAB,SAMP,MON,SA,G,SALIN,,N,A,0.5,m,,FLD,0,25.1504805,-80.8092194,,,BA,WMD,Sample light yellow with no visible suspended solids present. Light current with rising tide just before high tide and glassy slight ripple conditions and light variable winds from the east southeast at 2 to 4 mph. SECCHI ON BOTTOM.
FLAB14,P52285-6,98,SALINITY,10/4/2011,29,PSU,,FLAB,SAMP,MON,SA,G,SALIN,,N,A,0.4,m,,FLD,0,25.1504805,-80.8092194,,,BA,WMD,"Wind, NE 10-15, lt chop, ebb tide,  SECCHI ON BOTTOM."
FLAB14,P54071-6,98,SALINITY,12/6/2011,31.8,PSU,,FLAB,SAMP,MON,SA,G,SALIN,,N,A,0.35,m,,FLD,0,25.1504805,-80.8092194,,,BA,WMD,"Wind ESE 10-12, lt chop, slack tide,  SECCHI ON BOTTOM, Sample taken .5 miles from station due to shallow depth"
FLAB14,P55306-4,98,SALINITY,2/1/2012,38.2,PSU,,FLAB,SAMP,MON,SA,G,SALIN,,N,A,0.35,m,,FLD,0,25.1504805,-80.8092194,,,BA,WMD,"Wind E 14-18, lt chop in lee of island, slack tide,  SECCHI ON BOTTOM, sample taken .38 mi from station due to shallow depth"
FLAB14,P55313-4,98,SALINITY,4/12/2012,45,PSU,,FLAB,SAMP,MON,SA,G,SALIN,,N,A,0.45,m,,FLD,0,25.1504805,-80.8092194,,,BA,WMD,"Wind N 8-10, rippled surface, slack tide,  SECCHI ON BOTTOM."
FLAB14,P55929-4,98,SALINITY,6/13/2012,34.9,PSU,,FLAB,SAMP,MON,SA,G,SALIN,,N,A,0.5,m,,FLD,0,25.1504805,-80.8092194,,,BA,WMD,Calm conditions.  Light ripple.  Slack tide.  Very light east wind.   SECCHI ON BOTTOM.
FLAB14,P56205-4,98,SALINITY,8/13/2012,35.3,PSU,,FLAB,SAMP,MON,SA,G,SALIN,,N,A,0.5,m,,FLD,0,25.1504805,-80.8092194,,,BA,WMD,Very light east wind.  Calm conditions with almost no ripple.  Slack tide.   SECCHI ON BOTTOM.
FLAB14,P56209-4,98,SALINITY,10/11/2012,31.5,PSU,,FLAB,SAMP,MON,SA,G,SALIN,,N,A,0.5,m,,FLD,0,25.1504805,-80.8092194,,,BA,WMD,Strong NE breeze.  Light chop.   SECCHI ON BOTTOM.
FLAB14,P56856-4,98,SALINITY,12/10/2012,32,PSU,,FLAB,SAMP,MON,SA,G,SALIN,,N,A,0.5,m,,FLD,0,25.1504805,-80.8092194,,,BA,WMD,SECCHI ON BOTTOM. Winds 10-15kts out of the SE. Light chop.
FLAB14,P61818-4,98,SALINITY,2/5/2013,34.3,PSU,,FLAB,SAMP,MON,SA,G,SALIN,,N,A,0.5,m,,FLD,0,25.1504805,-80.8092194,,,BA,WMD,SECCHI ON BOTTOM. Very light breeze 1-2kts. Calm water. No noticeable current.
FLAB14,P61819-4,98,SALINITY,4/18/2013,40.6,PSU,,FLAB,SAMP,MON,SA,G,SALIN,,N,A,0.3,m,,FLD,0,25.1504805,-80.8092194,,,PD,WMD,SECCHI ON BOTTOM. ESE winds 10-12 kts. Light ripple on the water.
FLAB14,P63880-4,98,SALINITY,6/17/2013,28.6,PSU,,FLAB,SAMP,MON,SA,G,SALIN,,N,A,0.4,m,,FLD,0,25.1504805,-80.8092194,,,PD,WMD,"slight ripple on surface, southeast wind 10-15, secchi on bottom, site collected short of coordinates due to shallow water less than 0.5m while approaching site"
FLAB14,P63881-4,98,SALINITY,8/13/2013,26.9,PSU,,FLAB,SAMP,MON,SA,G,SALIN,,N,A,0.35,m,,FLD,0,25.1504805,-80.8092194,,,PD,WMD,SECCHI ON BOTTOM. Ripples on surface. E wind 5-10 kt. No current observed. Station visted near high tide. Unable to reach location due to shallow water. Collected at 25-08'43.5 secN 080-48'34.4 secW
FLAB14,P65941-4,98,SALINITY,10/28/2013,34,PSU,,FLAB,SAMP,MON,SA,G,SALIN,,N,A,0.4,m,,FLD,0,25.1504805,-80.8092194,,,PD,WMD,SECCHI ON BOTTOM. Light chop. E wind approx 15 kt. Moderate wind driven current.
FLAB14,P68531-4,98,SALINITY,12/11/2013,26.5,PSU,,FLAB,SAMP,MON,SA,G,SALIN,,N,A,0.35,m,,FLD,0,25.1504805,-80.8092194,,,PD,WMD,"Light chop, E wind 10-15,  SECCHI ON BOTTOM."
FLAB14,P70123-4,98,SALINITY,2/26/2014,34.7,PSU,,FLAB,SAMP,MON,SA,G,SALIN,,N,A,0.5,m,,FLD,0,25.1504805,-80.8092194,,,PD,WMD,"SECCHI ON BOTTOM. Slight ripple on water surface. Slight wind out of the SW, 5kts. Slight incoming tide. Unable to get to actual FLAB14 site due to water level, sample taken at GPS position N2508.345 W08048.512."
FLAB14,P70124-4,98,SALINITY,4/7/2014,40.1,PSU,,FLAB,SAMP,MON,SA,G,SALIN,,N,A,0.5,m,,FLD,0,25.1504805,-80.8092194,,,PD,WMD,Moderate chop due to 15kt SE winds. Sample area clear. SECCHI ON BOTTOM.
FLAB14,P71707-4,98,SALINITY,6/9/2014,43.8,PSU,,FLAB,SAMP,MON,SA,G,SALIN,,N,A,0.5,m,,FLD,0,25.1504805,-80.8092194,,,PD,WMD,"SECCHI ON BOTTOM. Calm winds, calm waves, incoming tide."
FLAB14,P72712-4,98,SALINITY,8/5/2014,40.4,PSU,,FLAB,SAMP,MON,SA,G,SALIN,,N,A,0.5,m,,FLD,0,25.1504805,-80.8092194,,,PD,WMD,"Calm conditions, SW winds less than 5 kts. Small amount of single piece turtle and manatee grasses on surface. Incoming tide. SECCHI ON BOTTOM."
FLAB14,P74736-4,98,SALINITY,10/20/2014,38.4,PSU,,FLAB,SAMP,MON,SA,G,SALIN,,N,A,0.35,m,,FLD,0,25.1504805,-80.8092194,,,PD,WMD,"Calm,  SECCHI ON BOTTOM."
FLAB14,P74738-4,98,SALINITY,12/17/2014,35.8,PSU,,FLAB,SAMP,MON,SA,G,SALIN,,N,A,0.5,m,,FLD,0,25.1504805,-80.8092194,,,PD,WMD,"Incoming tide, NE winds 5kts, calm seas, small amout of floating vegetation pieces visible on water surface. SECCHI ON BOTTOM."
FLAB14,P74737-4,98,SALINITY,2/16/2015,36.8,PSU,,FLAB,SAMP,MON,SA,G,SALIN,,N,A,0.45,m,,FLD,0,25.1504805,-80.8092194,,,PD,WMD,"Calm, E wind 10-15. Sample collected 925 m due south of site because of water depth. SECCHI ON BOTTOM"
FLAB14,P75445-4,98,SALINITY,4/13/2015,49.6,PSU,,FLAB,SAMP,MON,SA,G,SALIN,,N,A,0.5,m,,FLD,0,25.1504805,-80.8092194,,,PD,WMD,Sample collected 1 km due south of site due to water depth. SOB
FLAB14,P74739-4,98,SALINITY,6/9/2015,56.5,PSU,,FLAB,SAMP,MON,SA,G,SALIN,,N,A,0.5,m,,FLD,0,25.1504805,-80.8092194,,,PD,WMD,SOB
FLAB14,P78245-4,98,SALINITY,8/25/2015,45.1,PSU,,FLAB,SAMP,MON,SA,G,SALIN,,N,A,0.5,m,,FLD,0,25.1504805,-80.8092194,,,PD,WMD,Secchi on bottom.
FLAB14,P80870-4,98,SALINITY,10/7/2015,39.1,PSU,,FLAB,SAMP,MON,SA,G,SALIN,,N,A,0.5,m,,FLD,0,25.1504805,-80.8092194,,,PD,WMD,"Calm seas, light amount of loose vegetation on surface, incoming tide, secchi on bottom."
FLAB14,P82416-4,98,SALINITY,1/21/2016,34.6,PSU,,FLAB,SAMP,MON,SA,G,SALIN,,N,A,0.5,m,,FLD,0,25.1504805,-80.8092194,,,PD,WMD,Secchi on bottom. Surface smooth. Winds ESE 10-15.
FLAB14,P82935-4,98,SALINITY,2/16/2016,30.4,PSU,,FLAB,SAMP,MON,SA,G,SALIN,,N,A,0.5,m,,FLD,0,25.1504805,-80.8092194,,,PD,WMD,"Calm wind and seas, sample area clear, Secchi on bottom."
FLAB14,P83568-4,98,SALINITY,4/14/2016,37.5,PSU,,FLAB,SAMP,MON,SA,G,SALIN,,N,A,0.35,m,,FLD,0,25.1504805,-80.8092194,,,PD,WMD,SOB. Light winds out of the SE around 7 kts. Glass smooth water.
FLAB14,P84316-4,98,SALINITY,6/29/2016,38.5,PSU,,FLAB,SAMP,MON,SA,G,SALIN,,N,A,0.5,m,,FLD,0,25.1504805,-80.8092194,,,PD,WMD,"slight ripple on surface, calm wind, some vegetation clippings on surface, off colored water observed, algae like appearance in water column, filter turned green in color during processing"
FLAB14,P84638-4,98,SALINITY,8/25/2016,37.7,PSU,,FLAB,SAMP,MON,SA,G,SALIN,,N,A,0.5,m,,FLD,0,25.1504805,-80.8092194,,,PD,WMD,"Light east winds, light surface chop, turbid water, light green brown in color, light amount of loose sea grass floating on surface. Light greenish yellow color visible in filter after use. Secchi on bottom."
FLAB14,P86137-4,98,SALINITY,10/24/2016,36.5,PSU,,FLAB,SAMP,MON,SA,G,SALIN,,N,A,0.5,m,,FLD,0,25.1504805,-80.8092194,,,PD,WMD,"NE winds 15kt, light chop, sample area clear otherwise. Secchi on bottom."
FLAB14,P86766-4,98,SALINITY,12/21/2016,28.1,PSU,,FLAB,SAMP,MON,SA,G,SALIN,,N,A,0.5,m,,FLD,0,25.1504805,-80.8092194,,,PD,WMD,"NE winds 10-15 kts, light chop, sample area clear. Secchi on bottom."
FLAB14,P87700-4,98,SALINITY,2/20/2017,37.3,PSU,,FLAB,SAMP,MON,SA,G,SALIN,,N,A,0.5,m,,FLD,0,25.1504805,-80.8092194,,,PD,WMD,"NE winds 10-15 kts, waters moderate chop, light amount of loose sea grass on surface. Secchi on bottom. Could not get within 300m of sample GPS point due to shallow water."
FLAB14,P87830-4,98,SALINITY,4/20/2017,40.1,PSU,,FLAB,SAMP,MON,SA,G,SALIN,,N,A,0.5,m,,FLD,0,25.1504805,-80.8092194,,,PD,WMD,"Could only get within 0.5 kilometers of site due to very shallow water.  Had less than 1 foot seas, sample area clear, with 10-15 knot east winds.  Sample collected by DA."
FLAB14,P89179-4,98,SALINITY,8/1/2017,42.8,PSU,,FLAB,SAMP,MON,SA,G,SALIN,,N,A,0.5,m,,FLD,0,25.1504805,-80.8092194,,,PD,WMD,"Light sw winds, calm seas, moderate amount of loose sea grasses floating on surface, secchi on bottom."
FLAB14,P88721-4,98,SALINITY,10/12/2017,21.5,PSU,,FLAB,SAMP,MON,SA,G,SALIN,,N,A,0.5,m,,FLD,0,25.1504805,-80.8092194,,,PD,WMD,Filter appeared to contaiin algae when processing sample.
FLAB14,P91159-4,98,SALINITY,12/13/2017,29,PSU,,FLAB,SAMP,MON,SA,G,SALIN,,N,A,0.5,m,,FLD,0,25.1504805,-80.8092194,,,PD,WMD,Light chop. Murky brown water
FLAB14,P92112-4,98,SALINITY,2/28/2018,29.5,PSU,,FLAB,SAMP,MON,SA,G,SALIN,,N,A,0.5,m,,FLD,0,25.1504805,-80.8092194,,,PD,WMD,Flat water. Green water. Filter turned green. Same problem with DO readings.
FLAB14,P92872-4,98,SALINITY,4/10/2018,40.9,PSU,,FLAB,SAMP,MON,SA,G,SALIN,,N,A,0.5,m,,FLD,0,25.1504805,-80.8092194,,,PD,WMD,Light chop.
FLAB14,P93694-4,98,SALINITY,6/7/2018,28.1,PSU,,FLAB,SAMP,MON,SA,G,SALIN,,N,A,0.5,m,,FLD,0,25.1504805,-80.8092194,,,PD,WMD,Floating vegetation present. Avoided during collection.
FLAB14,P94931-4,98,SALINITY,8/6/2018,30.6,PSU,,FLAB,SAMP,MON,SA,G,SALIN,,N,A,0.5,m,,FLD,0,25.1504805,-80.8092194,,,PD,WMD,
FLAB14,P95251-4,98,SALINITY,10/3/2018,37.6,PSU,,FLAB,SAMP,MON,SA,G,SALIN,,N,A,0.5,m,,FLD,0,25.1504805,-80.8092194,,,PD,WMD,heavy suspended solids
FLAB14,P96720-4,98,SALINITY,12/17/2018,36.2,PSU,,FLAB,SAMP,MON,SA,G,SALIN,,N,A,0.25,m,,FLD,0,25.1504805,-80.8092194,,,BA,WMD,Shallow sampling area. Sample depth taken half way from total depth of 0.5m.  Water looks stirred up within sample area.
FLAB14,P102448-5,98,SALINITY,2/26/2019,35.3,PSU,,FLAB,SAMP,MON,SA,G,SALIN,,N,A,0.5,m,,FLD,0,25.1504805,-80.8092194,,,BA,WMD,
FLAB14,P103834-5,98,SALINITY,4/15/2019,40,PSU,,FLAB,SAMP,MON,SA,G,SALIN,,N,A,0.5,m,,FLD,0,25.1504805,-80.8092194,,,BA,WMD,
FLAB14,P106284-5,98,SALINITY,6/11/2019,43.4,PSU,,FLAB,SAMP,MON,SA,G,SALIN,,N,A,0.4,m,,FLD,0,25.1504805,-80.8092194,,,BA,WMD,Secchi on bottom
FLAB14,P109207-5,98,SALINITY,8/8/2019,34.9,PSU,,FLAB,SAMP,MON,SA,G,SALIN,,N,A,0.5,m,,FLD,0,25.1504805,-80.8092194,,,BA,WMD,Large pieces of vegetative debris present on surface of water. Secchi on bottom.
FLAB14,P109898-5,98,SALINITY,10/8/2019,37.7,PSU,,FLAB,SAMP,MON,SA,G,SALIN,,N,A,0.5,m,,FLD,0,25.1504805,-80.8092194,,,BA,WMD,
FLAB14,P110697-5,98,SALINITY,12/5/2019,37,PSU,,FLAB,SAMP,MON,SA,G,SALIN,,N,A,0.5,m,,FLD,0,25.1504805,-80.8092194,,,BA,WMD,Secchi on bottom.
FLAB14,P110713-5,98,SALINITY,2/3/2020,34.8,PSU,,FLAB,SAMP,MON,SA,G,SALIN,,N,A,0.3,m,,FLD,0,25.1504805,-80.8092194,,,BA,WMD,"Secchi on bottom. Depth was less than 1m, sample was collected at half total depth."
FLAB14,P110719-5,98,SALINITY,4/1/2020,46.6,PSU,,FLAB,SAMP,MON,SA,G,SALIN,,N,A,0.4,m,,FLD,0,25.1504805,-80.8092194,,,BA,WMD,Secchi on bottom
FLAB14,P111041-5,98,SALINITY,6/1/2020,38.8,PSU,,FLAB,SAMP,MON,SA,G,SALIN,,N,A,0.3,m,,FLD,0,25.1504805,-80.8092194,,,BA,WMD,Secchi on bottom
FLAB14,P111104-5,98,SALINITY,8/13/2020,41.1,PSU,,FLAB,SAMP,MON,SA,G,SALIN,,N,A,0.35,m,,FLD,0,25.1504805,-80.8092194,,,BA,WMD,Secchi on bottom. Sample collected at half total depth.
FLAB14,P118766-5,98,SALINITY,10/12/2020,30.1,PSU,,FLAB,SAMP,MON,SA,G,SALIN,,N,A,0.4,m,,FLD,0,25.1504805,-80.8092194,,,BA,WMD,Secchi on bottom.
FLAB14,P120347-5,98,SALINITY,12/9/2020,29.4,PSU,,FLAB,SAMP,MON,SA,G,SALIN,,N,A,0.3,m,,FLD,0,25.1504805,-80.8092194,,,BA,WMD,"Sample area clear.  Total Depth was only 0.6 meters, so sampling depth was at 0.3 meters instead of 0.5 meters.  SOB, Secchi On Bottom.  Light solids in sample.  Sample collected by CL."
FLAB14,P121638-5,98,SALINITY,1/7/2021,26.3,PSU,,FLAB,SAMP,MON,SA,G,SALIN,,N,A,0.3,m,,FLD,0,25.1504805,-80.8092194,,,BA,WMD,Secchi on bottom
FLAB14,P122507-5,98,SALINITY,3/17/2021,31,PSU,,FLAB,SAMP,MON,SA,G,SALIN,,N,A,0.5,m,,FLD,0,25.1504805,-80.8092194,,,BA,WMD,Secchi on bottom.
FLAB14,P122517-5,98,SALINITY,5/24/2021,36.2,PSU,,FLAB,SAMP,MON,SA,G,SALIN,,N,A,0.2,m,,FLD,0,25.1504805,-80.8092194,,,BA,WMD,Secchi on bottom. Sampled approx. 100 m from site due to low water.
FLAB14,P123928-5,98,SALINITY,7/1/2021,36.6,PSU,,FLAB,SAMP,MON,SA,G,SALIN,,N,A,0.35,m,,FLD,0,25.1504805,-80.8092194,,,BA,WMD,Secchi on bottom.
FLAB14,P125715-5,98,SALINITY,10/13/2021,36.8,PSU,,FLAB,SAMP,MON,SA,G,SALIN,,N,A,0.4,m,,FLD,0,25.1504805,-80.8092194,,,BA,WMD,
FLAB14,P128145-5,98,SALINITY,12/27/2021,31.5,PSU,,FLAB,SAMP,MON,SA,G,SALIN,,N,A,0.3,m,,FLD,0,25.1504805,-80.8092194,,,BA,WMD,Sampling area clear of debris.
FLAB14,P129938-5,98,SALINITY,2/8/2022,34.4,PSU,,FLAB,SAMP,MON,SA,G,SALIN,,N,A,0.25,m,,FLD,0,25.1504805,-80.8092194,,,BA,WMD,Secchi on bottom
FLAB14,P132794-5,98,SALINITY,4/7/2022,41,PSU,,FLAB,SAMP,MON,SA,G,SALIN,,N,A,0.3,m,,FLD,0,25.1504805,-80.8092194,,,BA,WMD,
FLAB14,P134124-5,98,SALINITY,6/22/2022,32.6,PSU,,FLAB,SAMP,MON,SA,G,SALIN,,N,A,0.5,m,,FLD,0,25.1504805,-80.8092194,,,BA,WMD,
FLAB14,P135165-5,98,SALINITY,8/18/2022,40.3,PSU,,FLAB,SAMP,MON,SA,G,SALIN,,N,A,0.5,m,,FLD,0,25.1504805,-80.8092194,,,BA,WMD,"No visible solids, but water is very cloudy and difficult to filter. Used two filters to process."
FLAB14,P136495-5,98,SALINITY,10/20/2022,32.3,PSU,,FLAB,SAMP,MON,SA,G,SALIN,,N,A,0.4,m,,FLD,0,25.1504805,-80.8092194,,,BA,WMD,Sample collected at half total depth as per FSM. Water in sampling area has a greenish tint. Filter turned light green during processing.
FLAB14,P138520-5,98,SALINITY,12/19/2022,32.1,PSU,,FLAB,SAMP,MON,SA,G,SALIN,,N,A,0.3,m,,FLD,0,25.1504805,-80.8092194,,,BA,WMD,
FLAB14,P139468-5,98,SALINITY,1/30/2023,34.4,PSU,,FLAB,SAMP,MON,SA,G,SALIN,,N,A,0.5,m,,FLD,0,25.1504805,-80.8092194,,,BA,WMD,
FLAB14,P141269-5,98,SALINITY,3/14/2023,36.8,PSU,,FLAB,SAMP,MON,SA,G,SALIN,,N,A,0.5,m,,FLD,0,25.1504805,-80.8092194,,,BA,WMD,Secchi on bottom.
FLAB14,P143129-5,98,SALINITY,5/11/2023,43.5,PSU,,FLAB,SAMP,MON,SA,G,SALIN,,N,A,0.5,m,,FLD,0,25.1504805,-80.8092194,,,BA,WMD,Secchi on bottom
FLAB14,P144703-5,98,SALINITY,7/27/2023,35.9,PSU,,FLAB,SAMP,MON,SA,G,SALIN,,N,A,0.35,m,,FLD,0,25.1504805,-80.8092194,,,BA,WMD,
FLAB14,P146063-5,98,SALINITY,9/27/2023,32.2,PSU,,FLAB,SAMP,MON,SA,G,SALIN,,N,A,0.5,m,,FLD,0,25.1504805,-80.8092194,,,BA,WMD,"Water highly turbid, became difficult to filter during processing."
FLAB14,P146064-5,98,SALINITY,11/13/2023,36.2,PSU,,FLAB,SAMP,MON,SA,G,SALIN,,N,A,0.5,m,,FLD,0,25.1504805,-80.8092194,,,BA,WMD,"Filter became clogged during processing, no color, difficult to filter"
FLAB14,P148342-5,98,SALINITY,1/8/2024,21.4,PSU,,FLAB,SAMP,MON,SA,G,SALIN,,N,A,0.35,m,,FLD,0,25.1504805,-80.8092194,,,BA,WMD,collected sample approximately 600 feet SSW of site due to shallow depth
FLAB14,P149299-5,98,SALINITY,3/4/2024,29.2,PSU,,FLAB,SAMP,MON,SA,G,SALIN,,N,A,0.4,m,,FLD,0,25.1504805,-80.8092194,,,BA,WMD,Sample collected 800 m west of site due to shallow depth.
FLAB14,P150708-5,98,SALINITY,5/13/2024,32,PSU,,FLAB,SAMP,MON,SA,G,SALIN,,N,A,0.45,m,,FLD,0,25.1504805,-80.8092194,,,BA,WMD,Filter turned yellow during processing.
FLAB14,P152189-5,98,SALINITY,7/15/2024,37.2,PSU,,FLAB,SAMP,MON,SA,G,SALIN,,N,A,0.4,m,,FLD,0,25.1504805,-80.8092194,,,BA,WMD,Sample taken 550 m SW of station due to shallow depth. Filter turned green during processing; sample was difficult to push through filter.
FLAB14,P153175-5,98,SALINITY,9/12/2024,34.5,PSU,,FLAB,SAMP,MON,SA,G,SALIN,,N,A,0.5,m,,FLD,0,25.1504805,-80.8092194,,,BA,WMD,Filter turned green during processing.
FLAB14,P154028-5,98,SALINITY,12/9/2024,32.4,PSU,,FLAB,SAMP,MON,SA,G,SALIN,,N,A,0.45,m,,FLD,0,25.1504805,-80.8092194,,,BA,WMD,"Because of shallow depths, sample was collected approximately 580 meters to the southwest of the marked site coordinates."
FLAB14,P155969-5,98,SALINITY,2/5/2025,30.5,PSU,,FLAB,SAMP,MON,SA,G,SALIN,,N,A,0.5,m,,FLD,0,25.1504805,-80.8092194,,,BA,WMD,Secchi on bottom.
FLAB14,P158028-5,98,SALINITY,6/18/2025,38.1,ppt,,FLAB,SAMP,MON,SA,G,SALIN,,N,P,0.5,m,,WMD,0,25.1504805,-80.8092194,1,,,,Secchi on bottom.
FLAB14,P44584-2,99,"DEPTH, TOTAL",7/20/2009,0.92,SDU,,FLAB,SAMP,MON,SA,G,DEPTH,,N,A,0.5,m,,WMD,1,25.1504805,-80.8092194,,,BA,WMD,"sample light yellow, low solids.  very calm conditions, clear water. SECCHI ON BOTTOM."
FLAB14,P44716-2,99,"DEPTH, TOTAL",8/17/2009,0.9,SDU,,FLAB,SAMP,MON,SA,G,DEPTH,,N,A,0.5,m,,WMD,1,25.1504805,-80.8092194,,,BA,WMD,"Sample clear, no visible solids.   SECCHI ON BOTTOM. Slight chop with a lot of foam on water surface.  Very windy (15-20 knots).  Mostly sunny with some cloud coverage, temperature low to mid 90's degrees F."
FLAB14,P45422-2,99,"DEPTH, TOTAL",9/14/2009,1.2,SDU,,FLAB,SAMP,MON,SA,G,DEPTH,,N,A,0.5,m,,WMD,1,25.1504805,-80.8092194,,,BA,WMD,"Comments too long, see field notes."
FLAB14,P45906-2,99,"DEPTH, TOTAL",10/12/2009,1,SDU,,FLAB,SAMP,MON,SA,G,DEPTH,,N,A,0.5,m,,WMD,1,25.1504805,-80.8092194,,,BA,WMD,Sample yellow with low solids. SECCHI ON BOTTOM. Low flow. Less than 0.5' chop with winds approx. 15-20 mph. FCEB taken at this station.
FLAB14,P46184-2,99,"DEPTH, TOTAL",11/11/2009,1,SDU,,FLAB,SAMP,MON,SA,G,DEPTH,,N,A,0.5,m,,WMD,1,25.1504805,-80.8092194,,,BA,WMD,"Sample light yellow, with no visible solids.  Moderate chop, low flow.  Winds 20-25 mph. Heavy storms in close proximity.   SECCHI ON BOTTOM."
FLAB14,P46552-2,99,"DEPTH, TOTAL",12/7/2009,1,SDU,,FLAB,SAMP,MON,SA,G,DEPTH,,N,A,0.5,m,,WMD,1,25.1504805,-80.8092194,,,BA,WMD,"Sample pale yellow, with no visible solids.  Low flow.  Winds 5-10 mph.  No chop, calm water.  DO has been  highter at this station.   SECCHI ON BOTTOM."
FLAB14,P46793-4,99,"DEPTH, TOTAL",1/11/2010,1,SDU,,FLAB,SAMP,MON,SA,G,DEPTH,,N,A,0.5,m,,WMD,1,25.1504805,-80.8092194,,,BA,WMD,Comments are too long. See field notes.
FLAB14,P47183-4,99,"DEPTH, TOTAL",2/8/2010,1,SDU,,FLAB,SAMP,MON,SA,G,DEPTH,,N,A,0.5,m,,WMD,1,25.1504805,-80.8092194,,,BA,WMD,"Sample light yellow, low solids.  Minimal chop.  Low flow.  Winds 5-15mph.   SECCHI ON BOTTOM."
FLAB14,P47472-4,99,"DEPTH, TOTAL",3/8/2010,1,SDU,,FLAB,SAMP,MON,SA,G,DEPTH,,N,A,0.5,m,,WMD,1,25.1504805,-80.8092194,,,BA,WMD,"Sample pale yellow with no visible solids. Calm conditions, minimal chop. SECCHI ON BOTTOM. Low flow."
FLAB14,P47828-4,99,"DEPTH, TOTAL",4/12/2010,1,SDU,,FLAB,SAMP,MON,SA,G,DEPTH,,N,A,0.5,m,,WMD,1,25.1504805,-80.8092194,,,BA,WMD,"Sample light yellow, no visible solids.  Low flow.  Moderate chop.  Winds 15-20mph.   SECCHI ON BOTTOM."
FLAB14,P48081-4,99,"DEPTH, TOTAL",5/10/2010,1,SDU,,FLAB,SAMP,MON,SA,G,DEPTH,,N,A,0.5,m,,WMD,1,25.1504805,-80.8092194,,,BA,WMD,"Sample light yellow, low solids.  Low flow.  Calm water, minimal chop.  Winds 15-18mph.   SECCHI ON BOTTOM."
FLAB14,P48379-4,99,"DEPTH, TOTAL",6/7/2010,0.8,SDU,,FLAB,SAMP,MON,SA,G,DEPTH,,N,A,0.5,m,,WMD,1,25.1504805,-80.8092194,,,BA,WMD,Sample is light green with low suspended solids present. Low flow with minimal chop ripple less than 3 inches and constant 12 mph winds. SECCHI ON BOTTOM.
FLAB14,P48679-4,99,"DEPTH, TOTAL",7/20/2010,1,SDU,,FLAB,SAMP,MON,SA,G,DEPTH,,N,A,0.5,m,,WMD,1,25.1504805,-80.8092194,,,BA,WMD,"Sample light green, low solids.  Moderate chop, 1-2 foot chop.  Low flow. Winds 15-20mph.   SECCHI ON BOTTOM."
FLAB14,P48893-4,99,"DEPTH, TOTAL",8/16/2010,1,SDU,,FLAB,SAMP,MON,SA,G,DEPTH,,N,A,0.5,m,,WMD,1,25.1504805,-80.8092194,,,BA,WMD,"Sample pale yellow, with low solids.  Low flow.  Calm water, no chop.  Winds 5-7mph. SECCHI ON BOTTOM."
FLAB14,P49171-4,99,"DEPTH, TOTAL",9/21/2010,1,SDU,,FLAB,SAMP,MON,SA,G,DEPTH,,N,A,0.5,m,,WMD,1,25.1504805,-80.8092194,,,BA,WMD,"Sample light green, low solids.  Light chop, .5-1.5 foot seas.  Winds 15mph, with 20mph gusts.  Low flow.   SECCHI ON BOTTOM."
FLAB14,P49628-4,99,"DEPTH, TOTAL",10/19/2010,1,SDU,,FLAB,SAMP,MON,SA,G,DEPTH,,N,A,0.5,m,,WMD,1,25.1504805,-80.8092194,,,BA,WMD,"Sample light yeloow, low solids.  Low flow.  Calm water, no chop.  Winds 2-5mph.   SECCHI ON BOTTOM."
FLAB14,P50070-4,99,"DEPTH, TOTAL",11/16/2010,0.9,SDU,,FLAB,SAMP,MON,SA,G,DEPTH,,N,A,0.5,m,,WMD,1,25.1504805,-80.8092194,,,BA,WMD,"Sample light yellow, low solids.  Calm water, minimal chop.  Low flow.  Wind 3-5mph. SECCHI ON BOTTOM."
FLAB14,P50474-4,99,"DEPTH, TOTAL",12/14/2010,0.7,SDU,,FLAB,SAMP,MON,SA,G,DEPTH,,N,A,0.35,m,,WMD,1,25.1504805,-80.8092194,,,BA,WMD,"Sample light yellow, low solids.  Calm water, minimal chop.  Wind 3-5mph.   SECCHI ON BOTTOM. water very shallow."
FLAB14,P50635-4,99,"DEPTH, TOTAL",1/4/2011,0.9,SDU,,FLAB,SAMP,MON,SA,G,DEPTH,,N,A,0.5,m,,WMD,1,25.1504805,-80.8092194,,,BA,WMD,"Very low flow at station.  Very low to no chop.  Wind 0-5 mph.   SECCHI ON BOTTOM.   Sample light yellow, low solids."
FLAB14,P50937-4,99,"DEPTH, TOTAL",2/17/2011,0.55,SDU,,FLAB,SAMP,MON,SA,G,DEPTH,,N,A,0.25,m,,WMD,0,25.1504805,-80.8092194,,,BA,WMD,Sample taken .4 miles from station due to shallow water.
FLAB14,P51526-4,99,"DEPTH, TOTAL",3/14/2011,0.7,SDU,,FLAB,SAMP,MON,SA,G,DEPTH,,N,A,0.5,m,,WMD,1,25.1504805,-80.8092194,,,BA,WMD,"Sample light yellow.  Calm water, minimal chop. Wind 8-12mph.   SECCHI ON BOTTOM."
FLAB14,P52279-4,99,"DEPTH, TOTAL",4/5/2011,0.72,SDU,,FLAB,SAMP,MON,SA,G,DEPTH,,N,A,0.5,m,,WMD,1,25.1504805,-80.8092194,,,BA,WMD,"Sample light green, wind 10-15mph sw."
FLAB14,P52280-4,99,"DEPTH, TOTAL",5/3/2011,0.6,SDU,,FLAB,SAMP,MON,SA,G,DEPTH,,N,A,0.3,m,,WMD,1,25.1504805,-80.8092194,,,BA,WMD,"Sample palm yellow, wind east 10-15mph,  SECCHI ON BOTTOM."
FLAB14,P52281-4,99,"DEPTH, TOTAL",6/13/2011,0.9,SDU,,FLAB,SAMP,MON,SA,G,DEPTH,,N,A,0.5,m,,WMD,1,25.1504805,-80.8092194,,,BA,WMD,Sample is clear with no visible sollids present. Moderate flow with variable westerly winds at 5-10 mph. SECCHI ON BOTTOM. Conductivity is out of range due to high salinity at this location.
FLAB14,P52282-4,99,"DEPTH, TOTAL",7/12/2011,1,SDU,,FLAB,SAMP,MON,SA,G,DEPTH,,N,A,0.5,m,,WMD,1,25.1504805,-80.8092194,,,BA,WMD,Sample is pale green with no visible suspended solids present.  Flow with light ripple chop up to 4 inches and winds from the southwest at 4 to 8 mph.  SECCHI ON BOTTOM
FLAB14,P52283-6,99,"DEPTH, TOTAL",8/16/2011,1.1,SDU,,FLAB,SAMP,MON,SA,G,DEPTH,,N,A,0.5,m,,WMD,1,25.1504805,-80.8092194,,,BA,WMD,Sample is pale green with no visible suspended solids present. Low flow with light chop up to 4 inches and light variable winds from southwest at 6 to 10 mph. SECCHI ON BOTTOM.
FLAB14,P52284-6,99,"DEPTH, TOTAL",9/12/2011,1.1,SDU,,FLAB,SAMP,MON,SA,G,DEPTH,,N,A,0.5,m,,WMD,0,25.1504805,-80.8092194,,,BA,WMD,Sample light yellow with no visible suspended solids present. Light current with rising tide just before high tide and glassy slight ripple conditions and light variable winds from the east southeast at 2 to 4 mph. SECCHI ON BOTTOM.
FLAB14,P52285-6,99,"DEPTH, TOTAL",10/4/2011,0.8,SDU,,FLAB,SAMP,MON,SA,G,DEPTH,,N,A,0.4,m,,WMD,0,25.1504805,-80.8092194,,,BA,WMD,"Wind, NE 10-15, lt chop, ebb tide,  SECCHI ON BOTTOM."
FLAB14,P54071-6,99,"DEPTH, TOTAL",12/6/2011,0.75,SDU,,FLAB,SAMP,MON,SA,G,DEPTH,,N,A,0.35,m,,WMD,0,25.1504805,-80.8092194,,,BA,WMD,"Wind ESE 10-12, lt chop, slack tide,  SECCHI ON BOTTOM, Sample taken .5 miles from station due to shallow depth"
FLAB14,P55306-4,99,"DEPTH, TOTAL",2/1/2012,0.75,SDU,,FLAB,SAMP,MON,SA,G,DEPTH,,N,A,0.35,m,,WMD,0,25.1504805,-80.8092194,,,BA,WMD,"Wind E 14-18, lt chop in lee of island, slack tide,  SECCHI ON BOTTOM, sample taken .38 mi from station due to shallow depth"
FLAB14,P55313-4,99,"DEPTH, TOTAL",4/12/2012,0.9,SDU,,FLAB,SAMP,MON,SA,G,DEPTH,,N,A,0.45,m,,WMD,0,25.1504805,-80.8092194,,,BA,WMD,"Wind N 8-10, rippled surface, slack tide,  SECCHI ON BOTTOM."
FLAB14,P55929-4,99,"DEPTH, TOTAL",6/13/2012,1,SDU,,FLAB,SAMP,MON,SA,G,DEPTH,,N,A,0.5,m,,WMD,0,25.1504805,-80.8092194,,,BA,WMD,Calm conditions.  Light ripple.  Slack tide.  Very light east wind.   SECCHI ON BOTTOM.
FLAB14,P56205-4,99,"DEPTH, TOTAL",8/13/2012,1,SDU,,FLAB,SAMP,MON,SA,G,DEPTH,,N,A,0.5,m,,WMD,0,25.1504805,-80.8092194,,,BA,WMD,Very light east wind.  Calm conditions with almost no ripple.  Slack tide.   SECCHI ON BOTTOM.
FLAB14,P56209-4,99,"DEPTH, TOTAL",10/11/2012,0.8,SDU,,FLAB,SAMP,MON,SA,G,DEPTH,,N,A,0.5,m,,WMD,0,25.1504805,-80.8092194,,,BA,WMD,Strong NE breeze.  Light chop.   SECCHI ON BOTTOM.
FLAB14,P56856-4,99,"DEPTH, TOTAL",12/10/2012,1,SDU,,FLAB,SAMP,MON,SA,G,DEPTH,,N,A,0.5,m,,WMD,0,25.1504805,-80.8092194,,,BA,WMD,SECCHI ON BOTTOM. Winds 10-15kts out of the SE. Light chop.
FLAB14,P61818-4,99,"DEPTH, TOTAL",2/5/2013,0.8,SDU,,FLAB,SAMP,MON,SA,G,DEPTH,,N,A,0.5,m,,WMD,0,25.1504805,-80.8092194,,,BA,WMD,SECCHI ON BOTTOM. Very light breeze 1-2kts. Calm water. No noticeable current.
FLAB14,P61819-4,99,"DEPTH, TOTAL",4/18/2013,0.6,SDU,,FLAB,SAMP,MON,SA,G,DEPTH,,N,A,0.3,m,,WMD,0,25.1504805,-80.8092194,,,PD,WMD,SECCHI ON BOTTOM. ESE winds 10-12 kts. Light ripple on the water.
FLAB14,P63880-4,99,"DEPTH, TOTAL",6/17/2013,0.7,SDU,,FLAB,SAMP,MON,SA,G,DEPTH,,N,A,0.4,m,,WMD,0,25.1504805,-80.8092194,,,PD,WMD,"slight ripple on surface, southeast wind 10-15, secchi on bottom, site collected short of coordinates due to shallow water less than 0.5m while approaching site"
FLAB14,P63881-4,99,"DEPTH, TOTAL",8/13/2013,0.7,SDU,,FLAB,SAMP,MON,SA,G,DEPTH,,N,A,0.35,m,,WMD,0,25.1504805,-80.8092194,,,PD,WMD,SECCHI ON BOTTOM. Ripples on surface. E wind 5-10 kt. No current observed. Station visted near high tide. Unable to reach location due to shallow water. Collected at 25-08'43.5 secN 080-48'34.4 secW
FLAB14,P65941-4,99,"DEPTH, TOTAL",10/28/2013,0.8,SDU,,FLAB,SAMP,MON,SA,G,DEPTH,,N,A,0.4,m,,WMD,0,25.1504805,-80.8092194,,,PD,WMD,SECCHI ON BOTTOM. Light chop. E wind approx 15 kt. Moderate wind driven current.
FLAB14,P68531-4,99,"DEPTH, TOTAL",12/11/2013,0.7,SDU,,FLAB,SAMP,MON,SA,G,DEPTH,,N,A,0.35,m,,WMD,0,25.1504805,-80.8092194,,,PD,WMD,"Light chop, E wind 10-15,  SECCHI ON BOTTOM."
FLAB14,P70123-4,99,"DEPTH, TOTAL",2/26/2014,1,SDU,,FLAB,SAMP,MON,SA,G,DEPTH,,N,A,0.5,m,,WMD,0,25.1504805,-80.8092194,,,PD,WMD,"SECCHI ON BOTTOM. Slight ripple on water surface. Slight wind out of the SW, 5kts. Slight incoming tide. Unable to get to actual FLAB14 site due to water level, sample taken at GPS position N2508.345 W08048.512."
FLAB14,P70124-4,99,"DEPTH, TOTAL",4/7/2014,1.1,SDU,,FLAB,SAMP,MON,SA,G,DEPTH,,N,A,0.5,m,,WMD,0,25.1504805,-80.8092194,,,PD,WMD,Moderate chop due to 15kt SE winds. Sample area clear. SECCHI ON BOTTOM.
FLAB14,P71707-4,99,"DEPTH, TOTAL",6/9/2014,1.4,SDU,,FLAB,SAMP,MON,SA,G,DEPTH,,N,A,0.5,m,,WMD,0,25.1504805,-80.8092194,,,PD,WMD,"SECCHI ON BOTTOM. Calm winds, calm waves, incoming tide."
FLAB14,P72712-4,99,"DEPTH, TOTAL",8/5/2014,1.2,SDU,,FLAB,SAMP,MON,SA,G,DEPTH,,N,A,0.5,m,,FLD,0,25.1504805,-80.8092194,,,PD,WMD,"Calm conditions, SW winds less than 5 kts. Small amount of single piece turtle and manatee grasses on surface. Incoming tide. SECCHI ON BOTTOM."
FLAB14,P74736-4,99,"DEPTH, TOTAL",10/20/2014,0.7,SDU,,FLAB,SAMP,MON,SA,G,DEPTH,,N,A,0.35,m,,FLD,0,25.1504805,-80.8092194,,,PD,WMD,"Calm,  SECCHI ON BOTTOM."
FLAB14,P74738-4,99,"DEPTH, TOTAL",12/17/2014,1,SDU,,FLAB,SAMP,MON,SA,G,DEPTH,,N,A,0.5,m,,FLD,0,25.1504805,-80.8092194,,,PD,WMD,"Incoming tide, NE winds 5kts, calm seas, small amout of floating vegetation pieces visible on water surface. SECCHI ON BOTTOM."
FLAB14,P74737-4,99,"DEPTH, TOTAL",2/16/2015,0.9,SDU,,FLAB,SAMP,MON,SA,G,DEPTH,,N,A,0.45,m,,FLD,0,25.1504805,-80.8092194,,,PD,WMD,"Calm, E wind 10-15. Sample collected 925 m due south of site because of water depth. SECCHI ON BOTTOM"
FLAB14,P75445-4,99,"DEPTH, TOTAL",4/13/2015,1,SDU,,FLAB,SAMP,MON,SA,G,DEPTH,,N,A,0.5,m,,FLD,0,25.1504805,-80.8092194,,,PD,WMD,Sample collected 1 km due south of site due to water depth. SOB
FLAB14,P74739-4,99,"DEPTH, TOTAL",6/9/2015,1.2,SDU,,FLAB,SAMP,MON,SA,G,DEPTH,,N,A,0.5,m,,FLD,0,25.1504805,-80.8092194,,,PD,WMD,SOB
FLAB14,P78245-4,99,"DEPTH, TOTAL",8/25/2015,1.1,SDU,,FLAB,SAMP,MON,SA,G,DEPTH,,N,A,0.5,m,,FLD,0,25.1504805,-80.8092194,,,PD,WMD,Secchi on bottom.
FLAB14,P80870-4,99,"DEPTH, TOTAL",10/7/2015,1.2,SDU,,FLAB,SAMP,MON,SA,G,DEPTH,,N,A,0.5,m,,FLD,0,25.1504805,-80.8092194,,,PD,WMD,"Calm seas, light amount of loose vegetation on surface, incoming tide, secchi on bottom."
FLAB14,P82416-4,99,"DEPTH, TOTAL",1/21/2016,1.3,SDU,,FLAB,SAMP,MON,SA,G,DEPTH,,N,A,0.5,m,,FLD,0,25.1504805,-80.8092194,,,PD,WMD,Secchi on bottom. Surface smooth. Winds ESE 10-15.
FLAB14,P82935-4,99,"DEPTH, TOTAL",2/16/2016,1.2,SDU,,FLAB,SAMP,MON,SA,G,DEPTH,,N,A,0.5,m,,FLD,0,25.1504805,-80.8092194,,,PD,WMD,"Calm wind and seas, sample area clear, Secchi on bottom."
FLAB14,P83568-4,99,"DEPTH, TOTAL",4/14/2016,0.7,SDU,,FLAB,SAMP,MON,SA,G,DEPTH,,N,A,0.35,m,,FLD,0,25.1504805,-80.8092194,,,PD,WMD,SOB. Light winds out of the SE around 7 kts. Glass smooth water.
FLAB14,P84316-4,99,"DEPTH, TOTAL",6/29/2016,1.2,SDU,,FLAB,SAMP,MON,SA,G,DEPTH,,N,A,0.5,m,,FLD,0,25.1504805,-80.8092194,,,PD,WMD,"slight ripple on surface, calm wind, some vegetation clippings on surface, off colored water observed, algae like appearance in water column, filter turned green in color during processing"
FLAB14,P84638-4,99,"DEPTH, TOTAL",8/25/2016,0.7,SDU,,FLAB,SAMP,MON,SA,G,DEPTH,,N,A,0.5,m,,FLD,0,25.1504805,-80.8092194,,,PD,WMD,"Light east winds, light surface chop, turbid water, light green brown in color, light amount of loose sea grass floating on surface. Light greenish yellow color visible in filter after use. Secchi on bottom."
FLAB14,P86137-4,99,"DEPTH, TOTAL",10/24/2016,1,SDU,,FLAB,SAMP,MON,SA,G,DEPTH,,N,A,0.5,m,,FLD,0,25.1504805,-80.8092194,,,PD,WMD,"NE winds 15kt, light chop, sample area clear otherwise. Secchi on bottom."
FLAB14,P86766-4,99,"DEPTH, TOTAL",12/21/2016,1.3,SDU,,FLAB,SAMP,MON,SA,G,DEPTH,,N,A,0.5,m,,FLD,0,25.1504805,-80.8092194,,,PD,WMD,"NE winds 10-15 kts, light chop, sample area clear. Secchi on bottom."
FLAB14,P87700-4,99,"DEPTH, TOTAL",2/20/2017,1,SDU,,FLAB,SAMP,MON,SA,G,DEPTH,,N,A,0.5,m,,FLD,0,25.1504805,-80.8092194,,,PD,WMD,"NE winds 10-15 kts, waters moderate chop, light amount of loose sea grass on surface. Secchi on bottom. Could not get within 300m of sample GPS point due to shallow water."
FLAB14,P87830-4,99,"DEPTH, TOTAL",4/20/2017,1.1,SDU,,FLAB,SAMP,MON,SA,G,DEPTH,,N,A,0.5,m,,FLD,0,25.1504805,-80.8092194,,,PD,WMD,"Could only get within 0.5 kilometers of site due to very shallow water.  Had less than 1 foot seas, sample area clear, with 10-15 knot east winds.  Sample collected by DA."
FLAB14,P89179-4,99,"DEPTH, TOTAL",8/1/2017,1,SDU,,FLAB,SAMP,MON,SA,G,DEPTH,,N,A,0.5,m,,FLD,0,25.1504805,-80.8092194,,,PD,WMD,"Light sw winds, calm seas, moderate amount of loose sea grasses floating on surface, secchi on bottom."
FLAB14,P88721-4,99,"DEPTH, TOTAL",10/12/2017,0.83,SDU,,FLAB,SAMP,MON,SA,G,DEPTH,,N,A,0.5,m,,FLD,0,25.1504805,-80.8092194,,,PD,WMD,Filter appeared to contaiin algae when processing sample.
FLAB14,P91159-4,99,"DEPTH, TOTAL",12/13/2017,1,SDU,,FLAB,SAMP,MON,SA,G,DEPTH,,N,A,0.5,m,,FLD,0,25.1504805,-80.8092194,,,PD,WMD,Light chop. Murky brown water
FLAB14,P92112-4,99,"DEPTH, TOTAL",2/28/2018,1,SDU,,FLAB,SAMP,MON,SA,G,DEPTH,,N,A,0.5,m,,FLD,0,25.1504805,-80.8092194,,,PD,WMD,Flat water. Green water. Filter turned green. Same problem with DO readings.
FLAB14,P92872-4,99,"DEPTH, TOTAL",4/10/2018,1,SDU,,FLAB,SAMP,MON,SA,G,DEPTH,,N,A,0.5,m,,FLD,0,25.1504805,-80.8092194,,,PD,WMD,Light chop.
FLAB14,P93694-4,99,"DEPTH, TOTAL",6/7/2018,1,SDU,,FLAB,SAMP,MON,SA,G,DEPTH,,N,A,0.5,m,,FLD,0,25.1504805,-80.8092194,,,PD,WMD,Floating vegetation present. Avoided during collection.
FLAB14,P94931-4,99,"DEPTH, TOTAL",8/6/2018,1,SDU,,FLAB,SAMP,MON,SA,G,DEPTH,,N,A,0.5,m,,FLD,0,25.1504805,-80.8092194,,,PD,WMD,
FLAB14,P95251-4,99,"DEPTH, TOTAL",10/3/2018,1,SDU,,FLAB,SAMP,MON,SA,G,DEPTH,,N,A,0.5,m,,FLD,0,25.1504805,-80.8092194,,,PD,WMD,heavy suspended solids
FLAB14,P96720-4,99,"DEPTH, TOTAL",12/17/2018,0.5,SDU,,FLAB,SAMP,MON,SA,G,DEPTH,,N,A,0.25,m,,FLD,0,25.1504805,-80.8092194,,,BA,WMD,Shallow sampling area. Sample depth taken half way from total depth of 0.5m.  Water looks stirred up within sample area.
FLAB14,P102448-5,99,"DEPTH, TOTAL",2/26/2019,0.8,SDU,,FLAB,SAMP,MON,SA,G,DEPTH,,N,A,0.5,m,,FLD,0,25.1504805,-80.8092194,,,BA,WMD,
FLAB14,P103834-5,99,"DEPTH, TOTAL",4/15/2019,1,SDU,,FLAB,SAMP,MON,SA,G,DEPTH,,N,A,0.5,m,,FLD,0,25.1504805,-80.8092194,,,BA,WMD,
FLAB14,P106284-5,99,"DEPTH, TOTAL",6/11/2019,0.8,SDU,,FLAB,SAMP,MON,SA,G,DEPTH,,N,A,0.4,m,,FLD,0,25.1504805,-80.8092194,,,BA,WMD,Secchi on bottom
FLAB14,P109207-5,99,"DEPTH, TOTAL",8/8/2019,0.8,SDU,,FLAB,SAMP,MON,SA,G,DEPTH,,N,A,0.5,m,,FLD,0,25.1504805,-80.8092194,,,BA,WMD,Large pieces of vegetative debris present on surface of water. Secchi on bottom.
FLAB14,P109898-5,99,"DEPTH, TOTAL",10/8/2019,1.3,SDU,,FLAB,SAMP,MON,SA,G,DEPTH,,N,A,0.5,m,,FLD,0,25.1504805,-80.8092194,,,BA,WMD,
FLAB14,P110697-5,99,"DEPTH, TOTAL",12/5/2019,0.8,SDU,,FLAB,SAMP,MON,SA,G,DEPTH,,N,A,0.5,m,,FLD,0,25.1504805,-80.8092194,,,BA,WMD,Secchi on bottom.
FLAB14,P110713-5,99,"DEPTH, TOTAL",2/3/2020,0.6,SDU,,FLAB,SAMP,MON,SA,G,DEPTH,,N,A,0.3,m,,FLD,0,25.1504805,-80.8092194,,,BA,WMD,"Secchi on bottom. Depth was less than 1m, sample was collected at half total depth."
FLAB14,P110719-5,99,"DEPTH, TOTAL",4/1/2020,0.8,SDU,,FLAB,SAMP,MON,SA,G,DEPTH,,N,A,0.4,m,,FLD,0,25.1504805,-80.8092194,,,BA,WMD,Secchi on bottom
FLAB14,P111041-5,99,"DEPTH, TOTAL",6/1/2020,0.6,SDU,,FLAB,SAMP,MON,SA,G,DEPTH,,N,A,0.3,m,,FLD,0,25.1504805,-80.8092194,,,BA,WMD,Secchi on bottom
FLAB14,P111104-5,99,"DEPTH, TOTAL",8/13/2020,0.7,SDU,,FLAB,SAMP,MON,SA,G,DEPTH,,N,A,0.35,m,,FLD,0,25.1504805,-80.8092194,,,BA,WMD,Secchi on bottom. Sample collected at half total depth.
FLAB14,P118766-5,99,"DEPTH, TOTAL",10/12/2020,0.8,SDU,,FLAB,SAMP,MON,SA,G,DEPTH,,N,A,0.4,m,,FLD,0,25.1504805,-80.8092194,,,BA,WMD,Secchi on bottom.
FLAB14,P120347-5,99,"DEPTH, TOTAL",12/9/2020,0.6,SDU,,FLAB,SAMP,MON,SA,G,DEPTH,,N,A,0.3,m,,FLD,0,25.1504805,-80.8092194,,,BA,WMD,"Sample area clear.  Total Depth was only 0.6 meters, so sampling depth was at 0.3 meters instead of 0.5 meters.  SOB, Secchi On Bottom.  Light solids in sample.  Sample collected by CL."
FLAB14,P121638-5,99,"DEPTH, TOTAL",1/7/2021,0.6,SDU,,FLAB,SAMP,MON,SA,G,DEPTH,,N,A,0.3,m,,FLD,0,25.1504805,-80.8092194,,,BA,WMD,Secchi on bottom
FLAB14,P122507-5,99,"DEPTH, TOTAL",3/17/2021,1.1,SDU,,FLAB,SAMP,MON,SA,G,DEPTH,,N,A,0.5,m,,FLD,0,25.1504805,-80.8092194,,,BA,WMD,Secchi on bottom.
FLAB14,P122517-5,99,"DEPTH, TOTAL",5/24/2021,0.4,SDU,,FLAB,SAMP,MON,SA,G,DEPTH,,N,A,0.2,m,,FLD,0,25.1504805,-80.8092194,,,BA,WMD,Secchi on bottom. Sampled approx. 100 m from site due to low water.
FLAB14,P123928-5,99,"DEPTH, TOTAL",7/1/2021,0.7,SDU,,FLAB,SAMP,MON,SA,G,DEPTH,,N,A,0.35,m,,FLD,0,25.1504805,-80.8092194,,,BA,WMD,Secchi on bottom.
FLAB14,P125715-5,99,"DEPTH, TOTAL",10/13/2021,0.8,SDU,,FLAB,SAMP,MON,SA,G,DEPTH,,N,A,0.4,m,,FLD,0,25.1504805,-80.8092194,,,BA,WMD,
FLAB14,P128145-5,99,"DEPTH, TOTAL",12/27/2021,0.6,SDU,,FLAB,SAMP,MON,SA,G,DEPTH,,N,A,0.3,m,,FLD,0,25.1504805,-80.8092194,,,BA,WMD,Sampling area clear of debris.
FLAB14,P129938-5,99,"DEPTH, TOTAL",2/8/2022,0.5,SDU,,FLAB,SAMP,MON,SA,G,DEPTH,,N,A,0.25,m,,FLD,0,25.1504805,-80.8092194,,,BA,WMD,Secchi on bottom
FLAB14,P132794-5,99,"DEPTH, TOTAL",4/7/2022,0.6,SDU,,FLAB,SAMP,MON,SA,G,DEPTH,,N,A,0.3,m,,FLD,0,25.1504805,-80.8092194,,,BA,WMD,
FLAB14,P134124-5,99,"DEPTH, TOTAL",6/22/2022,1,SDU,,FLAB,SAMP,MON,SA,G,DEPTH,,N,A,0.5,m,,FLD,0,25.1504805,-80.8092194,,,BA,WMD,
FLAB14,P135165-5,99,"DEPTH, TOTAL",8/18/2022,1,SDU,,FLAB,SAMP,MON,SA,G,DEPTH,,N,A,0.5,m,,FLD,0,25.1504805,-80.8092194,,,BA,WMD,"No visible solids, but water is very cloudy and difficult to filter. Used two filters to process."
FLAB14,P136495-5,99,"DEPTH, TOTAL",10/20/2022,0.8,SDU,,FLAB,SAMP,MON,SA,G,DEPTH,,N,A,0.4,m,,FLD,0,25.1504805,-80.8092194,,,BA,WMD,Sample collected at half total depth as per FSM. Water in sampling area has a greenish tint. Filter turned light green during processing.
FLAB14,P138520-5,99,"DEPTH, TOTAL",12/19/2022,0.6,SDU,,FLAB,SAMP,MON,SA,G,DEPTH,,N,A,0.3,m,,FLD,0,25.1504805,-80.8092194,,,BA,WMD,
FLAB14,P139468-5,99,"DEPTH, TOTAL",1/30/2023,1,SDU,,FLAB,SAMP,MON,SA,G,DEPTH,,N,A,0.5,m,,FLD,0,25.1504805,-80.8092194,,,BA,WMD,
FLAB14,P141269-5,99,"DEPTH, TOTAL",3/14/2023,1,SDU,,FLAB,SAMP,MON,SA,G,DEPTH,,N,A,0.5,m,,FLD,0,25.1504805,-80.8092194,,,BA,WMD,Secchi on bottom.
FLAB14,P143129-5,99,"DEPTH, TOTAL",5/11/2023,1,SDU,,FLAB,SAMP,MON,SA,G,DEPTH,,N,A,0.5,m,,FLD,0,25.1504805,-80.8092194,,,BA,WMD,Secchi on bottom
FLAB14,P144703-5,99,"DEPTH, TOTAL",7/27/2023,0.7,SDU,,FLAB,SAMP,MON,SA,G,DEPTH,,N,A,0.35,m,,FLD,0,25.1504805,-80.8092194,,,BA,WMD,
FLAB14,P146063-5,99,"DEPTH, TOTAL",9/27/2023,0.9,SDU,,FLAB,SAMP,MON,SA,G,DEPTH,,N,A,0.5,m,,FLD,0,25.1504805,-80.8092194,,,BA,WMD,"Water highly turbid, became difficult to filter during processing."
FLAB14,P146064-5,99,"DEPTH, TOTAL",11/13/2023,1,SDU,,FLAB,SAMP,MON,SA,G,DEPTH,,N,A,0.5,m,,FLD,0,25.1504805,-80.8092194,,,BA,WMD,"Filter became clogged during processing, no color, difficult to filter"
FLAB14,P148342-5,99,"DEPTH, TOTAL",1/8/2024,0.7,SDU,,FLAB,SAMP,MON,SA,G,DEPTH,,N,A,0.35,m,,FLD,0,25.1504805,-80.8092194,,,BA,WMD,collected sample approximately 600 feet SSW of site due to shallow depth
FLAB14,P149299-5,99,"DEPTH, TOTAL",3/4/2024,0.8,SDU,,FLAB,SAMP,MON,SA,G,DEPTH,,N,A,0.4,m,,FLD,0,25.1504805,-80.8092194,,,BA,WMD,Sample collected 800 m west of site due to shallow depth.
FLAB14,P150708-5,99,"DEPTH, TOTAL",5/13/2024,0.9,SDU,,FLAB,SAMP,MON,SA,G,DEPTH,,N,A,0.45,m,,FLD,0,25.1504805,-80.8092194,,,BA,WMD,Filter turned yellow during processing.
FLAB14,P152189-5,99,"DEPTH, TOTAL",7/15/2024,0.8,SDU,,FLAB,SAMP,MON,SA,G,DEPTH,,N,A,0.4,m,,FLD,0,25.1504805,-80.8092194,,,BA,WMD,Sample taken 550 m SW of station due to shallow depth. Filter turned green during processing; sample was difficult to push through filter.
FLAB14,P153175-5,99,"DEPTH, TOTAL",9/12/2024,1.1,SDU,,FLAB,SAMP,MON,SA,G,DEPTH,,N,A,0.5,m,,FLD,0,25.1504805,-80.8092194,,,BA,WMD,Filter turned green during processing.
FLAB14,P154028-5,99,"DEPTH, TOTAL",12/9/2024,0.9,SDU,,FLAB,SAMP,MON,SA,G,DEPTH,,N,A,0.45,m,,FLD,0,25.1504805,-80.8092194,,,BA,WMD,"Because of shallow depths, sample was collected approximately 580 meters to the southwest of the marked site coordinates."
FLAB14,P155969-5,99,"DEPTH, TOTAL",2/5/2025,1,SDU,,FLAB,SAMP,MON,SA,G,DEPTH,,N,A,0.5,m,,FLD,0,25.1504805,-80.8092194,,,BA,WMD,Secchi on bottom.
FLAB14,P50070-11,100,"CARBON, TOTAL ORGANIC",11/16/2010,1,mg/L,U,FLAB,FCEB,MON,DI,G,TORGC,1,Y,A,0,,,WMD,0,25.1504805,-80.8092194,,,BA,WMD,"DI, niskin, bucket, syringe, filter, sample bottle.  FCEB taken at FLAB14."
FLAB14,P52279-7,100,"CARBON, TOTAL ORGANIC",4/5/2011,1,mg/L,U,FLAB,FCEB,MON,DI,G,TORGC,1,Y,A,0,,,WMD,0,25.1504805,-80.8092194,,,BA,WMD,"FCEB. DI,NISKEN,BUCKET,SYRINGE,FILTER,SAMPLE BOTTLE. FCEB COLLECTED @ STATION FLAB 14"
FLAB14,P52280-7,100,"CARBON, TOTAL ORGANIC",5/3/2011,1,mg/L,U,FLAB,FCEB,MON,DI,G,TORGC,1,Y,A,0,,,WMD,1,25.1504805,-80.8092194,,,BA,WMD,"FCEB. DI,Nisken,Bucket,Syringe,Filter,Sample Bottle. FCDE taken @ station FLAB14"
FLAB14,P55313-7,100,"CARBON, TOTAL ORGANIC",4/12/2012,1,mg/L,U,FLAB,FCEB,MON,DI,G,TORGC,1,Y,A,,,,WMD,0,25.1504805,-80.8092194,,,BA,WMD,FCEB
FLAB14,P61818-7,100,"CARBON, TOTAL ORGANIC",2/5/2013,1,mg/L,U,FLAB,FCEB,MON,DI,G,TORGC,1,Y,A,,,,WMD,0,25.1504805,-80.8092194,,,BA,WMD,FCEB.
FLAB14,P65941-7,100,"CARBON, TOTAL ORGANIC",10/28/2013,1,mg/L,U,FLAB,FCEB,MON,DI,G,TORGC,1,Y,A,,,,WMD,0,25.1504805,-80.8092194,,,PD,WMD,
FLAB14,P86137-7,100,"CARBON, TOTAL ORGANIC",10/24/2016,0.8,mg/L,U,FLAB,FCEB,MON,DI,G,TORGC,0.8,Y,A,,,,WMD,0,25.1504805,-80.8092194,,,PD,WMD,
FLAB14,P86766-7,100,"CARBON, TOTAL ORGANIC",12/21/2016,0.8,mg/L,U,FLAB,FCEB,MON,DI,G,TORGC,0.8,Y,A,,,,WMD,0,25.1504805,-80.8092194,,,PD,WMD,
FLAB14,P87830-7,100,"CARBON, TOTAL ORGANIC",4/20/2017,0.8,mg/L,U,FLAB,FCEB,MON,DI,G,TORGC,0.8,Y,A,,,,WMD,0,25.1504805,-80.8092194,,,PD,WMD,FCEB collected at FLAB14 site.  Sample collected by DA.
FLAB14,P88721-7,100,"CARBON, TOTAL ORGANIC",10/12/2017,0.8,mg/L,U,FLAB,FCEB,MON,DI,G,TORGC,0.8,Y,A,,,,WMD,0,25.1504805,-80.8092194,,,PD,WMD,FCEB performed.
FLAB14,P91159-7,100,"CARBON, TOTAL ORGANIC",12/13/2017,0.8,mg/L,U,FLAB,FCEB,MON,DI,G,TORGC,0.8,Y,A,,,,WMD,0,25.1504805,-80.8092194,,,PD,WMD,Performed by EW at FLAB14.
FLAB14,P92112-7,100,"CARBON, TOTAL ORGANIC",2/28/2018,0.8,mg/L,U,FLAB,FCEB,MON,DI,G,TORGC,0.8,Y,A,,,,WMD,0,25.1504805,-80.8092194,,,PD,WMD,Performed by KJ at FLAB14 with DI 5886.
FLAB14,P92872-7,100,"CARBON, TOTAL ORGANIC",4/10/2018,0.8,mg/L,U,FLAB,FCEB,MON,DI,G,TORGC,0.8,Y,A,,,,WMD,0,25.1504805,-80.8092194,,,PD,WMD,Performed by NP at FLAB14 with DI 5901.
FLAB14,P120347-8,100,"CARBON, TOTAL ORGANIC",12/9/2020,0.8,mg/L,U,FLAB,FCEB,MON,DI,G,TORGC,0.8,Y,A,,,,WMD,0,25.1504805,-80.8092194,,,BA,WMD,FCEB collected at station FLAB14 by CL using DI#: 7014.
FLAB14,P129938-8,100,"CARBON, TOTAL ORGANIC",2/8/2022,0.8,mg/L,U,FLAB,FCEB,MON,DI,G,TORGC,0.8,Y,A,,,,WMD,0,25.1504805,-80.8092194,,,BA,WMD,FCEB collected thru all sampling equipment 7492
FLAB14,P139468-8,100,"CARBON, TOTAL ORGANIC",1/30/2023,0.8,mg/L,U,FLAB,FCEB,MON,DI,G,TORGC,0.8,Y,A,,,,WMD,0,25.1504805,-80.8092194,,,BA,WMD,FCEB collected thru all sampling equipment by TT at FLAB14 using DI 7688.
FLAB14,P143129-8,100,"CARBON, TOTAL ORGANIC",5/11/2023,0.8,mg/L,U,FLAB,FCEB,MON,DI,G,TORGC,0.8,Y,A,,,,WMD,0,25.1504805,-80.8092194,,,BA,WMD,FCEB collected thru all sampling equipment by PF at FLAB14 using DI 7762
FLAB14,P146064-8,100,"CARBON, TOTAL ORGANIC",11/13/2023,0.8,mg/L,U,FLAB,FCEB,MON,DI,G,TORGC,0.8,Y,A,,,,WMD,0,25.1504805,-80.8092194,,,BA,WMD,FCEB collected thru all sampling equipment by CL at FLAB14 using DI 7860
FLAB14,P148342-8,100,"CARBON, TOTAL ORGANIC",1/8/2024,0.8,mg/L,U,FLAB,FCEB,MON,DI,G,TORGC,0.8,Y,A,,,,WMD,0,25.1504805,-80.8092194,,,BA,WMD,FCEB collected thru all sampling equipment by ST at FLAB14 using DI 7913
FLAB14,P152189-8,100,"CARBON, TOTAL ORGANIC",7/15/2024,0.8,mg/L,U,FLAB,FCEB,MON,DI,G,TORGC,0.8,Y,A,,,,WMD,0,25.1504805,-80.8092194,,,BA,WMD,FCEB collected thru all sampling equipment by RJC using DI 8031.
FLAB14,P153175-8,100,"CARBON, TOTAL ORGANIC",9/12/2024,0.8,mg/L,U,FLAB,FCEB,MON,DI,G,TORGC,0.8,Y,A,,,,WMD,0,25.1504805,-80.8092194,,,BA,WMD,FCEB collected thru all sampling equipment using DI 8059.
FLAB14,FIU14936,100,"CARBON, TOTAL ORGANIC",4/15/1991,16.303,mg/L,,FLAB,SAMP,MON,SA,G,TORGC,,N,A,0,,,FIU,0,25.1504805,-80.8092194,,,,FIU,
FLAB14,FIU14939,100,"CARBON, TOTAL ORGANIC",5/15/1991,20.785,mg/L,,FLAB,SAMP,MON,SA,G,TORGC,,N,A,0,,,FIU,0,25.1504805,-80.8092194,,,,FIU,
FLAB14,FIU14940,100,"CARBON, TOTAL ORGANIC",6/15/1991,21.108,mg/L,,FLAB,SAMP,MON,SA,G,TORGC,,N,A,0,,,FIU,0,25.1504805,-80.8092194,,,,FIU,
FLAB14,FIU14942,100,"CARBON, TOTAL ORGANIC",7/15/1991,22.268,mg/L,,FLAB,SAMP,MON,SA,G,TORGC,,N,A,0,,,FIU,0,25.1504805,-80.8092194,,,,FIU,
FLAB14,FIU14945,100,"CARBON, TOTAL ORGANIC",8/15/1991,42.873,mg/L,,FLAB,SAMP,MON,SA,G,TORGC,,N,A,0,,,FIU,0,25.1504805,-80.8092194,,,,FIU,
FLAB14,FIU14946,100,"CARBON, TOTAL ORGANIC",9/15/1991,33.08,mg/L,,FLAB,SAMP,MON,SA,G,TORGC,,N,A,0,,,FIU,0,25.1504805,-80.8092194,,,,FIU,
FLAB14,FIU14949,100,"CARBON, TOTAL ORGANIC",10/15/1991,31.38,mg/L,,FLAB,SAMP,MON,SA,G,TORGC,,N,A,0,,,FIU,0,25.1504805,-80.8092194,,,,FIU,
FLAB14,FIU14950,100,"CARBON, TOTAL ORGANIC",11/15/1991,25.155,mg/L,,FLAB,SAMP,MON,SA,G,TORGC,,N,A,0,,,FIU,0,25.1504805,-80.8092194,,,,FIU,
FLAB14,FIU14953,100,"CARBON, TOTAL ORGANIC",12/15/1991,18.385,mg/L,,FLAB,SAMP,MON,SA,G,TORGC,,N,A,0,,,FIU,0,25.1504805,-80.8092194,,,,FIU,
FLAB14,FIU14954,100,"CARBON, TOTAL ORGANIC",1/15/1992,12.1,mg/L,,FLAB,SAMP,MON,SA,G,TORGC,,N,A,0,,,FIU,0,25.1504805,-80.8092194,,,,FIU,
FLAB14,FIU14956,100,"CARBON, TOTAL ORGANIC",2/15/1992,9.58,mg/L,,FLAB,SAMP,MON,SA,G,TORGC,,N,A,0,,,FIU,0,25.1504805,-80.8092194,,,,FIU,
FLAB14,FIU14959,100,"CARBON, TOTAL ORGANIC",3/15/1992,16.043,mg/L,,FLAB,SAMP,MON,SA,G,TORGC,,N,A,0,,,FIU,0,25.1504805,-80.8092194,,,,FIU,
FLAB14,FIU14960,100,"CARBON, TOTAL ORGANIC",4/15/1992,13.905,mg/L,,FLAB,SAMP,MON,SA,G,TORGC,,N,A,0,,,FIU,0,25.1504805,-80.8092194,,,,FIU,
FLAB14,FIU14962,100,"CARBON, TOTAL ORGANIC",5/15/1992,18.005,mg/L,,FLAB,SAMP,MON,SA,G,TORGC,,N,A,0,,,FIU,0,25.1504805,-80.8092194,,,,FIU,
FLAB14,FIU14964,100,"CARBON, TOTAL ORGANIC",6/15/1992,19.04,mg/L,,FLAB,SAMP,MON,SA,G,TORGC,,N,A,0,,,FIU,0,25.1504805,-80.8092194,,,,FIU,
FLAB14,FIU14966,100,"CARBON, TOTAL ORGANIC",7/15/1992,22.675,mg/L,,FLAB,SAMP,MON,SA,G,TORGC,,N,A,0,,,FIU,0,25.1504805,-80.8092194,,,,FIU,
FLAB14,FIU14968,100,"CARBON, TOTAL ORGANIC",8/15/1992,40.332,mg/L,,FLAB,SAMP,MON,SA,G,TORGC,,N,A,0,,,FIU,0,25.1504805,-80.8092194,,,,FIU,
FLAB14,FIU14971,100,"CARBON, TOTAL ORGANIC",9/15/1992,26.976,mg/L,,FLAB,SAMP,MON,SA,G,TORGC,,N,A,0,,,FIU,0,25.1504805,-80.8092194,,,,FIU,
FLAB14,FIU14973,100,"CARBON, TOTAL ORGANIC",10/15/1992,29.318,mg/L,,FLAB,SAMP,MON,SA,G,TORGC,,N,A,0,,,FIU,0,25.1504805,-80.8092194,,,,FIU,
FLAB14,FIU14975,100,"CARBON, TOTAL ORGANIC",11/15/1992,22.575,mg/L,,FLAB,SAMP,MON,SA,G,TORGC,,N,A,0,,,FIU,0,25.1504805,-80.8092194,,,,FIU,
FLAB14,FIU14977,100,"CARBON, TOTAL ORGANIC",12/15/1992,27.158,mg/L,,FLAB,SAMP,MON,SA,G,TORGC,,N,A,0,,,FIU,0,25.1504805,-80.8092194,,,,FIU,
FLAB14,FIU14978,100,"CARBON, TOTAL ORGANIC",1/21/1993,12.97,mg/L,,FLAB,SAMP,MON,SA,G,TORGC,,N,A,0,,,FIU,0,25.1504805,-80.8092194,,,,FIU,
FLAB14,FIU14979,100,"CARBON, TOTAL ORGANIC",2/10/1993,8.44,mg/L,,FLAB,SAMP,MON,SA,G,TORGC,,N,A,0,,,FIU,0,25.1504805,-80.8092194,,,,FIU,
FLAB14,FIU14980,100,"CARBON, TOTAL ORGANIC",3/10/1993,10.14,mg/L,,FLAB,SAMP,MON,SA,G,TORGC,,N,A,0,,,FIU,0,25.1504805,-80.8092194,,,,FIU,
FLAB14,FIU14981,100,"CARBON, TOTAL ORGANIC",4/7/1993,16.65,mg/L,,FLAB,SAMP,MON,SA,G,TORGC,,N,A,0,,,FIU,0,25.1504805,-80.8092194,,,,FIU,
FLAB14,FIU14982,100,"CARBON, TOTAL ORGANIC",5/12/1993,17.9,mg/L,,FLAB,SAMP,MON,SA,G,TORGC,,N,A,0,,,FIU,0,25.1504805,-80.8092194,,,,FIU,
FLAB14,FIU14983,100,"CARBON, TOTAL ORGANIC",6/3/1993,27.47,mg/L,,FLAB,SAMP,MON,SA,G,TORGC,,N,A,0,,,FIU,0,25.1504805,-80.8092194,,,,FIU,
FLAB14,FIU14984,100,"CARBON, TOTAL ORGANIC",7/7/1993,22.89,mg/L,,FLAB,SAMP,MON,SA,G,TORGC,,N,A,0,,,FIU,0,25.1504805,-80.8092194,,,,FIU,
FLAB14,FIU14985,100,"CARBON, TOTAL ORGANIC",8/4/1993,30.72,mg/L,,FLAB,SAMP,MON,SA,G,TORGC,,N,A,0,,,FIU,0,25.1504805,-80.8092194,,,,FIU,
FLAB14,FIU14986,100,"CARBON, TOTAL ORGANIC",9/9/1993,11.7,mg/L,,FLAB,SAMP,MON,SA,G,TORGC,,N,A,0,,,FIU,0,25.1504805,-80.8092194,,,,FIU,
FLAB14,FIU14987,100,"CARBON, TOTAL ORGANIC",10/6/1993,27.17,mg/L,,FLAB,SAMP,MON,SA,G,TORGC,,N,A,0,,,FIU,0,25.1504805,-80.8092194,,,,FIU,
FLAB14,FIU14988,100,"CARBON, TOTAL ORGANIC",11/3/1993,32.44,mg/L,,FLAB,SAMP,MON,SA,G,TORGC,,N,A,0,,,FIU,0,25.1504805,-80.8092194,,,,FIU,
FLAB14,FIU14989,100,"CARBON, TOTAL ORGANIC",12/2/1993,17.57,mg/L,,FLAB,SAMP,MON,SA,G,TORGC,,N,A,0,,,FIU,0,25.1504805,-80.8092194,,,,FIU,
FLAB14,FIU14993,100,"CARBON, TOTAL ORGANIC",4/6/1994,8.31,mg/L,A,FLAB,SAMP,MON,SA,G,TORGC,,N,A,0,,,FIU,0,25.1504805,-80.8092194,,,,FIU,
FLAB14,FIU14995,100,"CARBON, TOTAL ORGANIC",5/4/1994,33.72,mg/L,A,FLAB,SAMP,MON,SA,G,TORGC,,N,A,0,,,FIU,0,25.1504805,-80.8092194,,,,FIU,
FLAB14,FIU14997,100,"CARBON, TOTAL ORGANIC",6/8/1994,27.94,mg/L,O,FLAB,SAMP,MON,SA,G,TORGC,,N,A,0,,,FIU,0,25.1504805,-80.8092194,,,,FIU,
FLAB14,FIU14999,100,"CARBON, TOTAL ORGANIC",7/7/1994,19.06,mg/L,A,FLAB,SAMP,MON,SA,G,TORGC,,N,A,0,,,FIU,0,25.1504805,-80.8092194,,,,FIU,
FLAB14,FIU15001,100,"CARBON, TOTAL ORGANIC",8/4/1994,20.15,mg/L,A,FLAB,SAMP,MON,SA,G,TORGC,,N,A,0,,,FIU,0,25.1504805,-80.8092194,,,,FIU,
FLAB14,FIU15003,100,"CARBON, TOTAL ORGANIC",9/14/1994,16.53,mg/L,A,FLAB,SAMP,MON,SA,G,TORGC,,N,A,0,,,FIU,0,25.1504805,-80.8092194,,,,FIU,
FLAB14,FIU15005,100,"CARBON, TOTAL ORGANIC",10/5/1994,20.4,mg/L,A,FLAB,SAMP,MON,SA,G,TORGC,,N,A,0,,,FIU,0,25.1504805,-80.8092194,,,,FIU,
FLAB14,FIU15007,100,"CARBON, TOTAL ORGANIC",11/2/1994,28.72,mg/L,A,FLAB,SAMP,MON,SA,G,TORGC,,N,A,0,,,FIU,0,25.1504805,-80.8092194,,,,FIU,
FLAB14,FIU15009,100,"CARBON, TOTAL ORGANIC",11/22/1994,19.19,mg/L,A,FLAB,SAMP,MON,SA,G,TORGC,,N,A,0,,,FIU,0,25.1504805,-80.8092194,,,,FIU,
FLAB14,FIU15011,100,"CARBON, TOTAL ORGANIC",12/1/1994,17.61,mg/L,A,FLAB,SAMP,MON,SA,G,TORGC,,N,A,0,,,FIU,0,25.1504805,-80.8092194,,,,FIU,
FLAB14,FIU15013,100,"CARBON, TOTAL ORGANIC",1/5/1995,11.74,mg/L,,FLAB,SAMP,MON,SA,G,TORGC,,N,A,0,,,FIU,0,25.1504805,-80.8092194,,,,FIU,
FLAB14,FIU15015,100,"CARBON, TOTAL ORGANIC",2/2/1995,8.64,mg/L,,FLAB,SAMP,MON,SA,G,TORGC,,N,A,0,,,FIU,0,25.1504805,-80.8092194,,,,FIU,
FLAB14,FIU15017,100,"CARBON, TOTAL ORGANIC",3/1/1995,20.56,mg/L,,FLAB,SAMP,MON,SA,G,TORGC,,N,A,0,,,FIU,0,25.1504805,-80.8092194,,,,FIU,
FLAB14,FIU15019,100,"CARBON, TOTAL ORGANIC",4/19/1995,18.94,mg/L,,FLAB,SAMP,MON,SA,G,TORGC,,N,A,0,,,FIU,0,25.1504805,-80.8092194,,,,FIU,
FLAB14,FIU15021,100,"CARBON, TOTAL ORGANIC",5/24/1995,9.74,mg/L,,FLAB,SAMP,MON,SA,G,TORGC,,N,A,0,,,FIU,0,25.1504805,-80.8092194,,,,FIU,
FLAB14,FIU15023,100,"CARBON, TOTAL ORGANIC",6/21/1995,23.25,mg/L,,FLAB,SAMP,MON,SA,G,TORGC,,N,A,0,,,FIU,0,25.1504805,-80.8092194,,,,FIU,
FLAB14,FIU15025,100,"CARBON, TOTAL ORGANIC",7/12/1995,10.4,mg/L,,FLAB,SAMP,MON,SA,G,TORGC,,N,A,0,,,FIU,0,25.1504805,-80.8092194,,,,FIU,
FLAB14,FIU15027,100,"CARBON, TOTAL ORGANIC",8/11/1995,24.96,mg/L,,FLAB,SAMP,MON,SA,G,TORGC,,N,A,0,,,FIU,0,25.1504805,-80.8092194,,,,FIU,
FLAB14,FIU15029,100,"CARBON, TOTAL ORGANIC",9/6/1995,10.18,mg/L,,FLAB,SAMP,MON,SA,G,TORGC,,N,A,0,,,FIU,0,25.1504805,-80.8092194,,,,FIU,
FLAB14,FIU15031,100,"CARBON, TOTAL ORGANIC",10/22/1995,17.91,mg/L,,FLAB,SAMP,MON,SA,G,TORGC,,N,A,0,,,FIU,0,25.1504805,-80.8092194,,,,FIU,
FLAB14,FIU15033,100,"CARBON, TOTAL ORGANIC",11/17/1995,21.35,mg/L,,FLAB,SAMP,MON,SA,G,TORGC,,N,A,0,,,FIU,0,25.1504805,-80.8092194,,,,FIU,
FLAB14,FIU15035,100,"CARBON, TOTAL ORGANIC",12/14/1995,11.77,mg/L,,FLAB,SAMP,MON,SA,G,TORGC,,N,A,0,,,FIU,0,25.1504805,-80.8092194,,,,FIU,
FLAB14,FIU15037,100,"CARBON, TOTAL ORGANIC",1/23/1996,12.53,mg/L,,FLAB,SAMP,MON,SA,G,TORGC,,N,A,0,,,FIU,0,25.1504805,-80.8092194,,,,FIU,
FLAB14,FIU15039,100,"CARBON, TOTAL ORGANIC",2/12/1996,9.85,mg/L,,FLAB,SAMP,MON,SA,G,TORGC,,N,A,0,,,FIU,0,25.1504805,-80.8092194,,,,FIU,
FLAB14,FIU15041,100,"CARBON, TOTAL ORGANIC",3/22/1996,5.98,mg/L,,FLAB,SAMP,MON,SA,G,TORGC,,N,A,0,,,FIU,0,25.1504805,-80.8092194,,,,FIU,
FLAB14,FIU15043,100,"CARBON, TOTAL ORGANIC",4/25/1996,10.07,mg/L,,FLAB,SAMP,MON,SA,G,TORGC,,N,A,0,,,FIU,0,25.1504805,-80.8092194,,,,FIU,
FLAB14,FIU15045,100,"CARBON, TOTAL ORGANIC",5/10/1996,13.55,mg/L,,FLAB,SAMP,MON,SA,G,TORGC,,N,A,0,,,FIU,0,25.1504805,-80.8092194,,,,FIU,
FLAB14,FIU15047,100,"CARBON, TOTAL ORGANIC",6/6/1996,18.41,mg/L,,FLAB,SAMP,MON,SA,G,TORGC,,N,A,0,,,FIU,0,25.1504805,-80.8092194,,,,FIU,
FLAB14,FIU15049,100,"CARBON, TOTAL ORGANIC",7/4/1996,10.31,mg/L,,FLAB,SAMP,MON,SA,G,TORGC,,N,A,0.1,,,FIU,0,25.1504805,-80.8092194,,,,FIU,
FLAB14,FIU15051,100,"CARBON, TOTAL ORGANIC",8/22/1996,19.94,mg/L,,FLAB,SAMP,MON,SA,G,TORGC,,N,A,0.1,,,FIU,0,25.1504805,-80.8092194,,,,FIU,
FLAB14,FIU15053,100,"CARBON, TOTAL ORGANIC",9/14/1996,9.16,mg/L,,FLAB,SAMP,MON,SA,G,TORGC,,N,A,0.1,,,FIU,0,25.1504805,-80.8092194,,,,FIU,
FLAB14,FIU15055,100,"CARBON, TOTAL ORGANIC",10/15/1996,13.87,mg/L,,FLAB,SAMP,MON,SA,G,TORGC,,N,A,0.1,,,FIU,0,25.1504805,-80.8092194,,,,FIU,
FLAB14,FIU15057,100,"CARBON, TOTAL ORGANIC",11/7/1996,14.31,mg/L,,FLAB,SAMP,MON,SA,G,TORGC,,N,A,0.1,,,FIU,0,25.1504805,-80.8092194,,,,FIU,
FLAB14,FIU15059,100,"CARBON, TOTAL ORGANIC",12/6/1996,13.46,mg/L,,FLAB,SAMP,MON,SA,G,TORGC,,N,A,0.1,,,FIU,0,25.1504805,-80.8092194,,,,FIU,
FLAB14,FIU15061,100,"CARBON, TOTAL ORGANIC",1/8/1997,18.02,mg/L,,FLAB,SAMP,MON,SA,G,TORGC,,N,A,0.1,,,FIU,0,25.1504805,-80.8092194,,,,FIU,
FLAB14,FIU15063,100,"CARBON, TOTAL ORGANIC",2/15/1997,15.65,mg/L,,FLAB,SAMP,MON,SA,G,TORGC,,N,A,0.1,,,FIU,0,25.1504805,-80.8092194,,,,FIU,
FLAB14,FIU15065,100,"CARBON, TOTAL ORGANIC",3/12/1997,12.92,mg/L,,FLAB,SAMP,MON,SA,G,TORGC,,N,A,0.1,,,FIU,0,25.1504805,-80.8092194,,,,FIU,
FLAB14,FIU15067,100,"CARBON, TOTAL ORGANIC",4/16/1997,12.43,mg/L,,FLAB,SAMP,MON,SA,G,TORGC,,N,A,0.1,,,FIU,0,25.1504805,-80.8092194,,,,FIU,
FLAB14,FIU15069,100,"CARBON, TOTAL ORGANIC",5/22/1997,13.45,mg/L,,FLAB,SAMP,MON,SA,G,TORGC,,N,A,0.1,,,FIU,0,25.1504805,-80.8092194,,,,FIU,
FLAB14,FIU15071,100,"CARBON, TOTAL ORGANIC",6/12/1997,7.08,mg/L,,FLAB,SAMP,MON,SA,G,TORGC,,N,A,0.1,,,FIU,0,25.1504805,-80.8092194,,,,FIU,
FLAB14,FIU15073,100,"CARBON, TOTAL ORGANIC",7/10/1997,14.65,mg/L,,FLAB,SAMP,MON,SA,G,TORGC,,N,A,0.1,,,FIU,0,25.1504805,-80.8092194,,,,FIU,
FLAB14,FIU15074,100,"CARBON, TOTAL ORGANIC",8/20/1997,20.38,mg/L,,FLAB,SAMP,MON,SA,G,TORGC,,N,A,0.1,,,FIU,0,25.1504805,-80.8092194,,,,FIU,
FLAB14,FIU15076,100,"CARBON, TOTAL ORGANIC",9/10/1997,16.46,mg/L,,FLAB,SAMP,MON,SA,G,TORGC,,N,A,0.1,,,FIU,0,25.1504805,-80.8092194,,,,FIU,
FLAB14,FIU15078,100,"CARBON, TOTAL ORGANIC",10/21/1997,17.36,mg/L,,FLAB,SAMP,MON,SA,G,TORGC,,N,A,0.1,,,FIU,0,25.1504805,-80.8092194,,,,FIU,
FLAB14,FIU15080,100,"CARBON, TOTAL ORGANIC",11/25/1997,10.67,mg/L,,FLAB,SAMP,MON,SA,G,TORGC,,N,A,0.1,,,FIU,0,25.1504805,-80.8092194,,,,FIU,
FLAB14,FIU15082,100,"CARBON, TOTAL ORGANIC",12/12/1997,9.32,mg/L,,FLAB,SAMP,MON,SA,G,TORGC,,N,A,0.1,,,FIU,0,25.1504805,-80.8092194,,,,FIU,
FLAB14,FIU15084,100,"CARBON, TOTAL ORGANIC",1/21/1998,8.85,mg/L,,FLAB,SAMP,MON,SA,G,TORGC,,N,A,0.1,,,FIU,0,25.1504805,-80.8092194,,,,FIU,
FLAB14,FIU15086,100,"CARBON, TOTAL ORGANIC",2/18/1998,9.84,mg/L,,FLAB,SAMP,MON,SA,G,TORGC,,N,A,0.1,,,FIU,0,25.1504805,-80.8092194,,,,FIU,
FLAB14,FIU15088,100,"CARBON, TOTAL ORGANIC",3/20/1998,10.76,mg/L,,FLAB,SAMP,MON,SA,G,TORGC,,N,A,0.1,,,FIU,0,25.1504805,-80.8092194,,,,FIU,
FLAB14,FIU15090,100,"CARBON, TOTAL ORGANIC",4/15/1998,12.23,mg/L,,FLAB,SAMP,MON,SA,G,TORGC,,N,A,0.1,,,FIU,0,25.1504805,-80.8092194,,,,FIU,
FLAB14,FIU15092,100,"CARBON, TOTAL ORGANIC",5/14/1998,8.67,mg/L,,FLAB,SAMP,MON,SA,G,TORGC,,N,A,0.1,,,FIU,0,25.1504805,-80.8092194,,,,FIU,
FLAB14,FIU15094,100,"CARBON, TOTAL ORGANIC",6/10/1998,12.07,mg/L,,FLAB,SAMP,MON,SA,G,TORGC,,N,A,0.1,,,FIU,0,25.1504805,-80.8092194,,,,FIU,
FLAB14,FIU15096,100,"CARBON, TOTAL ORGANIC",7/14/1998,6.33,mg/L,,FLAB,SAMP,MON,SA,G,TORGC,,N,A,0.1,,,FIU,0,25.1504805,-80.8092194,,,,FIU,
FLAB14,FIU15098,100,"CARBON, TOTAL ORGANIC",8/19/1998,14.55,mg/L,,FLAB,SAMP,MON,SA,G,TORGC,,N,A,0.1,,,FIU,0,25.1504805,-80.8092194,,,,FIU,
FLAB14,FIU15100,100,"CARBON, TOTAL ORGANIC",9/17/1998,14.84,mg/L,,FLAB,SAMP,MON,SA,G,TORGC,,N,A,0.1,,,FIU,0,25.1504805,-80.8092194,,,,FIU,
FLAB14,FIU15102,100,"CARBON, TOTAL ORGANIC",9/30/1998,15.45,mg/L,,FLAB,SAMP,MON,SA,G,TORGC,,N,A,0.1,,,FIU,0,25.1504805,-80.8092194,,,,FIU,
FLAB14,FIU15104,100,"CARBON, TOTAL ORGANIC",11/3/1998,14.8,mg/L,,FLAB,SAMP,MON,SA,G,TORGC,,N,A,0.1,,,FIU,0,25.1504805,-80.8092194,,,,FIU,
FLAB14,FIU15106,100,"CARBON, TOTAL ORGANIC",12/1/1998,19.15,mg/L,,FLAB,SAMP,MON,SA,G,TORGC,,N,A,0.1,,,FIU,0,25.1504805,-80.8092194,,,,FIU,
FLAB14,FIU15108,100,"CARBON, TOTAL ORGANIC",1/14/1999,14.54,mg/L,,FLAB,SAMP,MON,SA,G,TORGC,,N,A,0.1,,,FIU,0,25.1504805,-80.8092194,,,,FIU,
FLAB14,FIU15110,100,"CARBON, TOTAL ORGANIC",2/10/1999,99,mg/L,O,FLAB,SAMP,MON,SA,G,TORGC,,Y,A,0.1,,,FIU,0,25.1504805,-80.8092194,,,,FIU,
FLAB14,FIU15112,100,"CARBON, TOTAL ORGANIC",3/23/1999,7.54,mg/L,,FLAB,SAMP,MON,SA,G,TORGC,,N,A,0.1,,,FIU,0,25.1504805,-80.8092194,,,,FIU,
FLAB14,FIU15114,100,"CARBON, TOTAL ORGANIC",4/29/1999,12.05,mg/L,,FLAB,SAMP,MON,SA,G,TORGC,,N,A,0.1,,,FIU,0,25.1504805,-80.8092194,,,,FIU,
FLAB14,FIU15116,100,"CARBON, TOTAL ORGANIC",5/28/1999,10.83,mg/L,,FLAB,SAMP,MON,SA,G,TORGC,,N,A,0.1,,,FIU,0,25.1504805,-80.8092194,,,,FIU,
FLAB14,FIU15118,100,"CARBON, TOTAL ORGANIC",6/17/1999,17.41,mg/L,,FLAB,SAMP,MON,SA,G,TORGC,,N,A,0.1,,,FIU,0,25.1504805,-80.8092194,,,,FIU,
FLAB14,FIU15120,100,"CARBON, TOTAL ORGANIC",7/6/1999,14.68,mg/L,,FLAB,SAMP,MON,SA,G,TORGC,0.12,N,A,0.1,,,FIU,0,25.1504805,-80.8092194,,,,FIU,
FLAB14,FIU15122,100,"CARBON, TOTAL ORGANIC",8/24/1999,15.71,mg/L,,FLAB,SAMP,MON,SA,G,TORGC,0.12,N,A,0.1,,,FIU,0,25.1504805,-80.8092194,,,,FIU,
FLAB14,FIU15124,100,"CARBON, TOTAL ORGANIC",9/23/1999,8.46,mg/L,,FLAB,SAMP,MON,SA,G,TORGC,0.12,N,A,0.1,,,FIU,0,25.1504805,-80.8092194,,,,FIU,
FLAB14,FIU15126,100,"CARBON, TOTAL ORGANIC",10/26/1999,18.46,mg/L,,FLAB,SAMP,MON,SA,G,TORGC,0.12,N,A,0.1,,,FIU,0,25.1504805,-80.8092194,,,,FIU,
FLAB14,FIU15128,100,"CARBON, TOTAL ORGANIC",11/12/1999,15.09,mg/L,,FLAB,SAMP,MON,SA,G,TORGC,0.12,N,A,0.1,,,FIU,0,25.1504805,-80.8092194,,,,FIU,
FLAB14,FIU15130,100,"CARBON, TOTAL ORGANIC",12/3/1999,14.03,mg/L,,FLAB,SAMP,MON,SA,G,TORGC,0.12,N,A,0.1,,,FIU,0,25.1504805,-80.8092194,,,,FIU,
FLAB14,FIU15132,100,"CARBON, TOTAL ORGANIC",1/25/2000,10.09,mg/L,,FLAB,SAMP,MON,SA,G,TORGC,0.12,N,A,0.1,,,FIU,0,25.1504805,-80.8092194,,,,FIU,
FLAB14,FIU15134,100,"CARBON, TOTAL ORGANIC",2/28/2000,13.49,mg/L,,FLAB,SAMP,MON,SA,G,TORGC,0.12,N,A,0.1,,,FIU,0,25.1504805,-80.8092194,,,,FIU,
FLAB14,FIU15136,100,"CARBON, TOTAL ORGANIC",3/21/2000,19.47,mg/L,,FLAB,SAMP,MON,SA,G,TORGC,0.12,N,A,0.1,,,FIU,0,25.1504805,-80.8092194,,,,FIU,
FLAB14,FIU15138,100,"CARBON, TOTAL ORGANIC",4/13/2000,13.1,mg/L,,FLAB,SAMP,MON,SA,G,TORGC,0.12,N,A,0.1,,,FIU,0,25.1504805,-80.8092194,,,,FIU,
FLAB14,FIU15140,100,"CARBON, TOTAL ORGANIC",5/30/2000,9.18,mg/L,,FLAB,SAMP,MON,SA,G,TORGC,0.12,N,A,0.1,,,FIU,0,25.1504805,-80.8092194,,,,FIU,
FLAB14,FIU15142,100,"CARBON, TOTAL ORGANIC",6/20/2000,12.82,mg/L,,FLAB,SAMP,MON,SA,G,TORGC,0.12,N,A,0.1,,,FIU,0,25.1504805,-80.8092194,,,,FIU,
FLAB14,FIU15144,100,"CARBON, TOTAL ORGANIC",7/20/2000,8.07,mg/L,,FLAB,SAMP,MON,SA,G,TORGC,0.12,N,A,0.1,,,FIU,0,25.1504805,-80.8092194,,,,FIU,
FLAB14,FIU15146,100,"CARBON, TOTAL ORGANIC",8/29/2000,13.33,mg/L,,FLAB,SAMP,MON,SA,G,TORGC,0.12,N,A,0.1,,,FIU,0,25.1504805,-80.8092194,,,,FIU,
FLAB14,FIU15148,100,"CARBON, TOTAL ORGANIC",9/29/2000,15.37,mg/L,,FLAB,SAMP,MON,SA,G,TORGC,0.12,N,A,0.1,,,FIU,0,25.1504805,-80.8092194,,,,FIU,
FLAB14,FIU15150,100,"CARBON, TOTAL ORGANIC",10/26/2000,19.36,mg/L,,FLAB,SAMP,MON,SA,G,TORGC,0.12,N,A,0.1,,,FIU,0,25.1504805,-80.8092194,,,,FIU,
FLAB14,FIU15152,100,"CARBON, TOTAL ORGANIC",11/30/2000,21.55,mg/L,,FLAB,SAMP,MON,SA,G,TORGC,0.12,N,A,0.1,,,FIU,0,25.1504805,-80.8092194,,,,FIU,
FLAB14,FIU15154,100,"CARBON, TOTAL ORGANIC",12/11/2000,16.06,mg/L,,FLAB,SAMP,MON,SA,G,TORGC,0.12,N,A,0.1,,,FIU,0,25.1504805,-80.8092194,,,,FIU,
FLAB14,FIU15156,100,"CARBON, TOTAL ORGANIC",1/25/2001,8.27,mg/L,,FLAB,SAMP,MON,SA,G,TORGC,0.05,N,A,0.1,,,FIU,0,25.1504805,-80.8092194,,,,FIU,
FLAB14,FIU15158,100,"CARBON, TOTAL ORGANIC",2/21/2001,15.55,mg/L,,FLAB,SAMP,MON,SA,G,TORGC,0.05,N,A,0.1,,,FIU,0,25.1504805,-80.8092194,,,,FIU,
FLAB14,FIU15160,100,"CARBON, TOTAL ORGANIC",3/6/2001,10.09,mg/L,,FLAB,SAMP,MON,SA,G,TORGC,0.05,N,A,0.1,,,FIU,0,25.1504805,-80.8092194,,,,FIU,
FLAB14,FIU15162,100,"CARBON, TOTAL ORGANIC",4/3/2001,9.86,mg/L,,FLAB,SAMP,MON,SA,G,TORGC,0.05,N,A,0.1,,,FIU,0,25.1504805,-80.8092194,,,,FIU,
FLAB14,FIU15164,100,"CARBON, TOTAL ORGANIC",5/2/2001,11.61,mg/L,,FLAB,SAMP,MON,SA,G,TORGC,0.05,N,A,0.1,,,FIU,0,25.1504805,-80.8092194,,,,FIU,
FLAB14,FIU110784,100,"CARBON, TOTAL ORGANIC",6/5/2001,10.22,mg/L,,FLAB,SAMP,MON,SA,G,TORGC,0.05,N,A,0.1,,,FIU,0,25.1504805,-80.8092194,,,,FIU,
FLAB14,FIU15166,100,"CARBON, TOTAL ORGANIC",7/12/2001,11.55,mg/L,,FLAB,SAMP,MON,SA,G,TORGC,0.05,N,A,0.1,,,FIU,0,25.1504805,-80.8092194,,,,FIU,
FLAB14,FIU15168,100,"CARBON, TOTAL ORGANIC",8/14/2001,17.73,mg/L,,FLAB,SAMP,MON,SA,G,TORGC,0.05,N,A,0.1,,,FIU,0,25.1504805,-80.8092194,,,,FIU,
FLAB14,FIU15170,100,"CARBON, TOTAL ORGANIC",9/5/2001,16.61,mg/L,,FLAB,SAMP,MON,SA,G,TORGC,0.05,N,A,0.1,,,FIU,0,25.1504805,-80.8092194,,,,FIU,
FLAB14,FIU110486,100,"CARBON, TOTAL ORGANIC",10/23/2001,12.52,mg/L,,FLAB,SAMP,MON,SA,G,TORGC,0.05,N,A,0.1,,,FIU,0,25.1504805,-80.8092194,,,,FIU,
FLAB14,FIU110488,100,"CARBON, TOTAL ORGANIC",11/8/2001,10.03,mg/L,,FLAB,SAMP,MON,SA,G,TORGC,0.05,N,A,0.1,,,FIU,0,25.1504805,-80.8092194,,,,FIU,
FLAB14,FIU110490,100,"CARBON, TOTAL ORGANIC",12/3/2001,14.13,mg/L,Q,FLAB,SAMP,MON,SA,G,TORGC,0.05,N,A,0.1,,,FIU,0,25.1504805,-80.8092194,,,,FIU,
FLAB14,FIU113118,100,"CARBON, TOTAL ORGANIC",1/29/2002,10.72,mg/L,,FLAB,SAMP,MON,SA,G,TORGC,0.05,N,A,0.1,,,FIU,0,25.1504805,-80.8092194,,,,FIU,
FLAB14,FIU113120,100,"CARBON, TOTAL ORGANIC",2/20/2002,12.4,mg/L,,FLAB,SAMP,MON,SA,G,TORGC,0.05,N,A,0.1,,,FIU,0,25.1504805,-80.8092194,,,,FIU,
FLAB14,FIU113122,100,"CARBON, TOTAL ORGANIC",3/19/2002,11.11,mg/L,,FLAB,SAMP,MON,SA,G,TORGC,0.05,N,A,0.1,,,FIU,0,25.1504805,-80.8092194,,,,FIU,
FLAB14,134014,100,"CARBON, TOTAL ORGANIC",4/9/2002,13.25,mg/L,,FLAB,SAMP,MON,SA,G,TORGC,0.06,N,A,0.1,,,FIU,0,25.1504805,-80.8092194,,,,FIU,
FLAB14,135014,100,"CARBON, TOTAL ORGANIC",5/15/2002,12.84,mg/L,Q,FLAB,SAMP,MON,SA,G,TORGC,0.06,N,A,0.1,,,FIU,0,25.1504805,-80.8092194,,,,FIU,
FLAB14,136014,100,"CARBON, TOTAL ORGANIC",6/4/2002,10.47,mg/L,,FLAB,SAMP,MON,SA,G,TORGC,0.06,N,A,0.1,,,FIU,0,25.1504805,-80.8092194,,,,FIU,
FLAB14,137014,100,"CARBON, TOTAL ORGANIC",7/11/2002,18.25,mg/L,,FLAB,SAMP,MON,SA,G,TORGC,0.06,N,A,0.1,,,FIU,0,25.1504805,-80.8092194,,,,FIU,
FLAB14,138014,100,"CARBON, TOTAL ORGANIC",8/19/2002,20.73,mg/L,,FLAB,SAMP,MON,SA,G,TORGC,0.06,N,A,0.1,,,FIU,0,25.1504805,-80.8092194,,,,FIU,
FLAB14,139014,100,"CARBON, TOTAL ORGANIC",9/17/2002,14.88,mg/L,,FLAB,SAMP,MON,SA,G,TORGC,0.06,N,A,0.1,,,FIU,0,25.1504805,-80.8092194,,,,FIU,
FLAB14,140014,100,"CARBON, TOTAL ORGANIC",10/17/2002,13.44,mg/L,Q,FLAB,SAMP,MON,SA,G,TORGC,0.06,N,A,0.1,,,FIU,0,25.1504805,-80.8092194,,,,FIU,
FLAB14,141014,100,"CARBON, TOTAL ORGANIC",11/14/2002,13.57,mg/L,,FLAB,SAMP,MON,SA,G,TORGC,0.06,N,A,0.1,,,FIU,0,25.1504805,-80.8092194,,,,FIU,
FLAB14,142014,100,"CARBON, TOTAL ORGANIC",12/11/2002,9.59,mg/L,Q,FLAB,SAMP,MON,SA,G,TORGC,0.06,N,A,0.1,,,FIU,0,25.1504805,-80.8092194,,,,FIU,
FLAB14,143014,100,"CARBON, TOTAL ORGANIC",1/28/2003,6.45,mg/L,,FLAB,SAMP,MON,SA,G,TORGC,0.06,N,A,0.1,,,FIU,0,25.1504805,-80.8092194,,,,FIU,
FLAB14,144014,100,"CARBON, TOTAL ORGANIC",2/25/2003,10.69,mg/L,,FLAB,SAMP,MON,SA,G,TORGC,0.06,N,A,0.1,,,FIU,0,25.1504805,-80.8092194,,,,FIU,
FLAB14,145014,100,"CARBON, TOTAL ORGANIC",3/13/2003,5.54,mg/L,,FLAB,SAMP,MON,SA,G,TORGC,0.06,N,A,0.1,,,FIU,0,25.1504805,-80.8092194,,,,FIU,
FLAB14,146014,100,"CARBON, TOTAL ORGANIC",4/9/2003,6.12,mg/L,Q,FLAB,SAMP,MON,SA,G,TORGC,0.06,N,A,0.1,,,FIU,0,25.1504805,-80.8092194,,,,FIU,
FLAB14,147014,100,"CARBON, TOTAL ORGANIC",5/8/2003,6.21,mg/L,,FLAB,SAMP,MON,SA,G,TORGC,0.06,N,A,0.1,,,FIU,0,25.1504805,-80.8092194,,,,FIU,
FLAB14,148014,100,"CARBON, TOTAL ORGANIC",6/10/2003,8.98,mg/L,Q,FLAB,SAMP,MON,SA,G,TORGC,0.06,N,A,0.1,,,FIU,0,25.1504805,-80.8092194,,,,FIU,
FLAB14,149014,100,"CARBON, TOTAL ORGANIC",7/1/2003,12.06,mg/L,Q,FLAB,SAMP,MON,SA,G,TORGC,0.06,N,A,0.1,,,FIU,0,25.1504805,-80.8092194,,,,FIU,
FLAB14,150014,100,"CARBON, TOTAL ORGANIC",8/25/2003,14.64,mg/L,,FLAB,SAMP,MON,SA,G,TORGC,0.06,N,A,0.1,,,FIU,0,25.1504805,-80.8092194,,,,FIU,
FLAB14,151014,100,"CARBON, TOTAL ORGANIC",9/9/2003,8.65,mg/L,,FLAB,SAMP,MON,SA,G,TORGC,0.06,N,A,0.1,,,FIU,0,25.1504805,-80.8092194,,,,FIU,
FLAB14,152014,100,"CARBON, TOTAL ORGANIC",10/15/2003,4.84,mg/L,,FLAB,SAMP,MON,SA,G,TORGC,0.06,N,A,0.1,,,FIU,0,25.1504805,-80.8092194,,,,FIU,
FLAB14,153014,100,"CARBON, TOTAL ORGANIC",11/7/2003,11.9,mg/L,,FLAB,SAMP,MON,SA,G,TORGC,0.06,N,A,0.1,,,FIU,0,25.1504805,-80.8092194,,,,FIU,
FLAB14,154014,100,"CARBON, TOTAL ORGANIC",12/3/2003,10.68,mg/L,,FLAB,SAMP,MON,SA,G,TORGC,0.06,N,A,0.1,,,FIU,0,25.1504805,-80.8092194,,,,FIU,
FLAB14,155014,100,"CARBON, TOTAL ORGANIC",1/21/2004,6.49,mg/L,,FLAB,SAMP,MON,SA,G,TORGC,0.16,N,A,0.1,,,FIU,0,25.1504805,-80.8092194,,,,FIU,
FLAB14,156014,100,"CARBON, TOTAL ORGANIC",2/24/2004,7.26,mg/L,J5,FLAB,SAMP,MON,SA,G,TORGC,0.16,N,A,0.1,,,FIU,0,25.1504805,-80.8092194,,,,FIU,
FLAB14,157014,100,"CARBON, TOTAL ORGANIC",3/23/2004,10.88,mg/L,,FLAB,SAMP,MON,SA,G,TORGC,0.16,N,A,0.1,,,FIU,0,25.1504805,-80.8092194,,,,FIU,
FLAB14,158014,100,"CARBON, TOTAL ORGANIC",4/21/2004,7.88,mg/L,,FLAB,SAMP,MON,SA,G,TORGC,0.16,N,A,0.1,,,FIU,0,25.1504805,-80.8092194,,,,WMD,
FLAB14,159014,100,"CARBON, TOTAL ORGANIC",5/21/2004,10.86,mg/L,,FLAB,SAMP,MON,SA,G,TORGC,0.06,N,A,0.1,,,FIU,0,25.1504805,-80.8092194,,,,FIU,
FLAB14,160014,100,"CARBON, TOTAL ORGANIC",6/28/2004,14.05,mg/L,,FLAB,SAMP,MON,SA,G,TORGC,0.06,N,A,0.1,,,FIU,0,25.1504805,-80.8092194,,,,FIU,
FLAB14,161014,100,"CARBON, TOTAL ORGANIC",7/27/2004,7.19,mg/L,,FLAB,SAMP,MON,SA,G,TORGC,0.06,N,A,0.1,,,FIU,0,25.1504805,-80.8092194,,,,FIU,
FLAB14,162014,100,"CARBON, TOTAL ORGANIC",8/24/2004,9.42,mg/L,,FLAB,SAMP,MON,SA,G,TORGC,0.06,N,A,0.1,,,FIU,0,25.1504805,-80.8092194,,,,FIU,
FLAB14,163014,100,"CARBON, TOTAL ORGANIC",9/28/2004,6.73,mg/L,,FLAB,SAMP,MON,SA,G,TORGC,0.06,N,A,0.1,,,FIU,0,25.1504805,-80.8092194,,,,FIU,
FLAB14,164014,100,"CARBON, TOTAL ORGANIC",10/26/2004,14.84,mg/L,,FLAB,SAMP,MON,SA,G,TORGC,0.16,N,A,0.1,,,FIU,0,25.1504805,-80.8092194,,,,FIU,
FLAB14,165014,100,"CARBON, TOTAL ORGANIC",11/29/2004,16.46,mg/L,,FLAB,SAMP,MON,SA,G,TORGC,0.06,N,A,0.1,,,FIU,0,25.1504805,-80.8092194,,,,FIU,
FLAB14,166014,100,"CARBON, TOTAL ORGANIC",12/14/2004,8.32,mg/L,,FLAB,SAMP,MON,SA,G,TORGC,0.16,N,A,0.1,,,FIU,0,25.1504805,-80.8092194,,,,FIU,
FLAB14,FB188FB014UA,100,"CARBON, TOTAL ORGANIC",10/9/2006,17.465,mg/L,"Y,J5",FLAB,SAMP,MON,SA,G,TORGC,0.16,N,A,0,,,FIU,0,25.1504805,-80.8092194,,,BA,WMD,
FLAB14,FB188FB014UB,100,"CARBON, TOTAL ORGANIC",10/9/2006,17.595,mg/L,"Y,J5",FLAB,SAMP,MON,SA,G,TORGC,0.16,N,A,0,,,FIU,0,25.1504805,-80.8092194,,,BA,WMD,
FLAB14,FB189FB014UA,100,"CARBON, TOTAL ORGANIC",11/7/2006,17.925,mg/L,"Y,J5",FLAB,SAMP,MON,SA,G,TORGC,0.16,N,A,0,,,FIU,0,25.1504805,-80.8092194,,,BA,WMD,
FLAB14,FB189FB014UB,100,"CARBON, TOTAL ORGANIC",11/7/2006,18.015,mg/L,"Y,J5",FLAB,SAMP,MON,SA,G,TORGC,0.16,N,A,0,,,FIU,0,25.1504805,-80.8092194,,,BA,WMD,
FLAB14,FB190FB014UA,100,"CARBON, TOTAL ORGANIC",12/3/2006,19.295,mg/L,Y,FLAB,SAMP,MON,SA,G,TORGC,0.16,N,A,0,,,FIU,0,25.1504805,-80.8092194,,,BA,WMD,
FLAB14,FB190FB014UB,100,"CARBON, TOTAL ORGANIC",12/3/2006,19.62,mg/L,Y,FLAB,SAMP,MON,SA,G,TORGC,0.16,N,A,0,,,FIU,0,25.1504805,-80.8092194,,,BA,WMD,
FLAB14,FB191FB014UA,100,"CARBON, TOTAL ORGANIC",1/11/2007,13.645,mg/L,"A,Y",FLAB,SAMP,MON,SA,G,TORGC,0.16,N,A,0,,,FIU,0,25.1504805,-80.8092194,,,BA,WMD,
FLAB14,FB191FB014UB,100,"CARBON, TOTAL ORGANIC",1/11/2007,13.335,mg/L,"A,Y",FLAB,SAMP,MON,SA,G,TORGC,0.16,N,A,0,,,FIU,0,25.1504805,-80.8092194,,,BA,WMD,
FLAB14,FB192FB014UA,100,"CARBON, TOTAL ORGANIC",2/7/2007,11.07,mg/L,"A,Y",FLAB,SAMP,MON,SA,G,TORGC,0.16,N,A,0,,,FIU,0,25.1504805,-80.8092194,,,BA,WMD,
FLAB14,FB192FB014UB,100,"CARBON, TOTAL ORGANIC",2/7/2007,11.085,mg/L,"A,Y",FLAB,SAMP,MON,SA,G,TORGC,0.16,N,A,0,,,FIU,0,25.1504805,-80.8092194,,,BA,WMD,
FLAB14,FB193FB014UA,100,"CARBON, TOTAL ORGANIC",3/12/2007,11.38,mg/L,"A,Y,J5",FLAB,SAMP,MON,SA,G,TORGC,0.16,N,A,0,,,FIU,0,25.1504805,-80.8092194,,,BA,WMD,
FLAB14,FB193FB014UB,100,"CARBON, TOTAL ORGANIC",3/12/2007,12.07,mg/L,"A,Y,J5",FLAB,SAMP,MON,SA,G,TORGC,0.16,N,A,0,,,FIU,0,25.1504805,-80.8092194,,,BA,WMD,
FLAB14,FB194FB014UA,100,"CARBON, TOTAL ORGANIC",4/3/2007,14.49,mg/L,Y,FLAB,SAMP,MON,SA,G,TORGC,0.16,N,A,0,,,FIU,0,25.1504805,-80.8092194,,,BA,WMD,
FLAB14,FB194FB014UB,100,"CARBON, TOTAL ORGANIC",4/3/2007,14.705,mg/L,Y,FLAB,SAMP,MON,SA,G,TORGC,0.16,N,A,0,,,FIU,0,25.1504805,-80.8092194,,,BA,WMD,
FLAB14,FB195FB014UA,100,"CARBON, TOTAL ORGANIC",5/1/2007,17.215,mg/L,Y,FLAB,SAMP,MON,SA,G,TORGC,0.16,N,A,0,,,FIU,0,25.1504805,-80.8092194,,,BA,WMD,
FLAB14,FB195FB014UB,100,"CARBON, TOTAL ORGANIC",5/1/2007,17.53,mg/L,Y,FLAB,SAMP,MON,SA,G,TORGC,0.16,N,A,0,,,FIU,0,25.1504805,-80.8092194,,,BA,WMD,
FLAB14,FB196FB014UA,100,"CARBON, TOTAL ORGANIC",6/6/2007,14.16,mg/L,"Y,J5",FLAB,SAMP,MON,SA,G,TORGC,0.16,N,A,0,,,FIU,0,25.1504805,-80.8092194,,,BA,WMD,
FLAB14,FB196FB014UB,100,"CARBON, TOTAL ORGANIC",6/6/2007,14.54,mg/L,"Y,J5",FLAB,SAMP,MON,SA,G,TORGC,0.16,N,A,0,,,FIU,0,25.1504805,-80.8092194,,,BA,WMD,
FLAB14,FB197FB014UA,100,"CARBON, TOTAL ORGANIC",7/3/2007,840,mg/L,"A,Y",FLAB,SAMP,MON,SA,G,TORGC,0.16,N,A,0,,,FIU,0,25.1504805,-80.8092194,,,BA,WMD,
FLAB14,FB197FB014UB,100,"CARBON, TOTAL ORGANIC",7/3/2007,832.33,mg/L,"A,Y",FLAB,SAMP,MON,SA,G,TORGC,0.16,N,A,0,,,FIU,0,25.1504805,-80.8092194,,,BA,WMD,
FLAB14,FB198FB014UA,100,"CARBON, TOTAL ORGANIC",8/7/2007,858.75,mg/L,"A,Y",FLAB,SAMP,MON,SA,G,TORGC,0.16,N,A,0,,,FIU,0,25.1504805,-80.8092194,,,BA,WMD,
FLAB14,FB198FB014UB,100,"CARBON, TOTAL ORGANIC",8/7/2007,831.2,mg/L,"A,Y",FLAB,SAMP,MON,SA,G,TORGC,0.16,N,A,0,,,FIU,0,25.1504805,-80.8092194,,,BA,WMD,
FLAB14,FB199FB014UA,100,"CARBON, TOTAL ORGANIC",9/5/2007,792,mg/L,"A,Y",FLAB,SAMP,MON,SA,G,TORGC,0.16,N,A,0,,,FIU,0,25.1504805,-80.8092194,,,BA,WMD,
FLAB14,FB199FB014UB,100,"CARBON, TOTAL ORGANIC",9/5/2007,821.37,mg/L,"A,Y",FLAB,SAMP,MON,SA,G,TORGC,0.16,N,A,0,,,FIU,0,25.1504805,-80.8092194,,,BA,WMD,
FLAB14,FB200FB014,100,"CARBON, TOTAL ORGANIC",10/4/2007,16.545,mg/L,"A,Y",FLAB,SAMP,MON,SA,G,TORGC,0.16,N,A,0,,,FIU,0,25.1504805,-80.8092194,,,BA,WMD,
FLAB14,FB201FB014,100,"CARBON, TOTAL ORGANIC",11/7/2007,12.66,mg/L,"A,Y",FLAB,SAMP,MON,SA,G,TORGC,0.16,N,A,0,,,FIU,0,25.1504805,-80.8092194,,,BA,WMD,
FLAB14,FB201FB014B,100,"CARBON, TOTAL ORGANIC",11/7/2007,12.79,mg/L,"A,Y",FLAB,FD,MON,SA,G,TORGC,0.16,N,A,0,,,FIU,0,25.1504805,-80.8092194,,,BA,WMD,Measurements done close to the bottom.
FLAB14,FB202FB014,100,"CARBON, TOTAL ORGANIC",12/7/2007,17.665,mg/L,"A,Y",FLAB,SAMP,MON,SA,G,TORGC,0.16,N,A,0,,,FIU,0,25.1504805,-80.8092194,,,BA,WMD,
FLAB14,FB203FB014,100,"CARBON, TOTAL ORGANIC",1/9/2008,14.315,mg/L,Y,FLAB,SAMP,MON,SA,G,TORGC,0.16,N,A,0,,,FIU,0,25.1504805,-80.8092194,,,BA,WMD,
FLAB14,FB204FB014,100,"CARBON, TOTAL ORGANIC",2/8/2008,14.715,mg/L,Y,FLAB,SAMP,MON,SA,G,TORGC,0.16,N,A,0,,,FIU,0,25.1504805,-80.8092194,,,BA,WMD,
FLAB14,FB205FB014,100,"CARBON, TOTAL ORGANIC",3/5/2008,11.615,mg/L,Y,FLAB,SAMP,MON,SA,G,TORGC,0.16,N,A,0,,,FIU,0,25.1504805,-80.8092194,,,BA,WMD,
FLAB14,FB206FB014,100,"CARBON, TOTAL ORGANIC",4/2/2008,11.995,mg/L,Y,FLAB,SAMP,MON,SA,G,TORGC,0.16,N,A,0,,,FIU,0,25.1504805,-80.8092194,,,BA,WMD,
FLAB14,FB207FB014,100,"CARBON, TOTAL ORGANIC",5/7/2008,14.705,mg/L,Y,FLAB,SAMP,MON,SA,G,TORGC,0.16,N,A,0,,,FIU,0,25.1504805,-80.8092194,,,BA,WMD,
FLAB14,FB208FB014,100,"CARBON, TOTAL ORGANIC",6/4/2008,9.505,mg/L,Y,FLAB,SAMP,MON,SA,G,TORGC,0.16,N,A,0,,,FIU,0,25.1504805,-80.8092194,,,BA,WMD,
FLAB14,P42963-5,100,"CARBON, TOTAL ORGANIC",1/7/2009,13.9,mg/L,,FLAB,SAMP,MON,SA,G,TORGC,1,N,A,0.5,,,WMD,1,25.1504805,-80.8092194,0.6,,BA,WMD,Strong incoming flow.  sample clear with no visable solids.  light chop with increasing South winds.  Station is in very shallow water.  may want to consider moving off to the South.
FLAB14,P42978-2,100,"CARBON, TOTAL ORGANIC",2/12/2009,8.1,mg/L,,FLAB,SAMP,MON,SA,G,TORGC,1,N,A,0.5,,,WMD,1,25.1504805,-80.8092194,0.8,,BA,WMD,Very clear warer and calm conditions.  Slight ripple.  Station in shallow water over seagrass beds.  Suggest moving it slightly to the South.
FLAB14,P43361-2,100,"CARBON, TOTAL ORGANIC",3/16/2009,16.7,mg/L,,FLAB,SAMP,MON,SA,G,TORGC,1,N,A,0.5,,,WMD,1,25.1504805,-80.8092194,1.1,,BA,WMD,Clear calm conditiond and light flow.  Sample clear.
FLAB14,P43542-2,100,"CARBON, TOTAL ORGANIC",4/20/2009,14.5,mg/L,,FLAB,SAMP,MON,SA,G,TORGC,1,N,A,0.5,,,WMD,1,25.1504805,-80.8092194,1.1,,BA,WMD,"Clear and calm.  RS done at station.  Extememy salty (out of calibration range). WARNING: CONDUCTIVITY exceeds CLOSING Control True Value range of 2000 to 58650,"
FLAB14,P43542-12,100,"CARBON, TOTAL ORGANIC",4/20/2009,13.1,mg/L,,FLAB,RS,MON,SA,G,TORGC,1,N,A,0.5,,,WMD,1,25.1504805,-80.8092194,1.1,,BA,WMD,"sample clear.  Salinity out of conductivity range. WARNING: CONDUCTIVITY exceeds CLOSING Control True Value range of 2000 to 58650,"
FLAB14,P43542-13,100,"CARBON, TOTAL ORGANIC",4/20/2009,13.2,mg/L,,FLAB,RS,MON,SA,G,TORGC,1,N,A,0.5,,,WMD,1,25.1504805,-80.8092194,1.1,,BA,WMD,"sample clear.  salinity out of conductivity range. WARNING: CONDUCTIVITY exceeds CLOSING Control True Value range of 2000 to 58650,"
FLAB14,P43936-2,100,"CARBON, TOTAL ORGANIC",5/18/2009,15.7,mg/L,,FLAB,SAMP,MON,SA,G,TORGC,1,N,A,0.5,,,WMD,1,25.1504805,-80.8092194,1.2,,BA,WMD,Breezy and light chop.  SAmple clear.   SECCHI ON BOTTOM.  Extremely salty
FLAB14,P43955-2,100,"CARBON, TOTAL ORGANIC",6/11/2009,14.2,mg/L,,FLAB,SAMP,MON,SA,G,TORGC,1,N,A,0.5,,,WMD,1,25.1504805,-80.8092194,1.1,,BA,WMD,Clear and calm.  Sample clear of solids.   SECCHI ON BOTTOM.  High salinity.
FLAB14,P44584-2,100,"CARBON, TOTAL ORGANIC",7/20/2009,14.1,mg/L,,FLAB,SAMP,MON,SA,G,TORGC,1,N,A,0.5,,,WMD,1,25.1504805,-80.8092194,0.92,,BA,WMD,"sample light yellow, low solids.  very calm conditions, clear water. SECCHI ON BOTTOM."
FLAB14,P44716-2,100,"CARBON, TOTAL ORGANIC",8/17/2009,16.3,mg/L,,FLAB,SAMP,MON,SA,G,TORGC,1,N,A,0.5,,,WMD,1,25.1504805,-80.8092194,0.9,,BA,WMD,"Sample clear, no visible solids.   SECCHI ON BOTTOM. Slight chop with a lot of foam on water surface.  Very windy (15-20 knots).  Mostly sunny with some cloud coverage, temperature low to mid 90's degrees F."
FLAB14,P45422-2,100,"CARBON, TOTAL ORGANIC",9/14/2009,13.4,mg/L,,FLAB,SAMP,MON,SA,G,TORGC,1,N,A,0.5,,,WMD,1,25.1504805,-80.8092194,1.2,,BA,WMD,"Comments too long, see field notes."
FLAB14,P45906-2,100,"CARBON, TOTAL ORGANIC",10/12/2009,18.1,mg/L,,FLAB,SAMP,MON,SA,G,TORGC,1,N,A,0.5,,,WMD,1,25.1504805,-80.8092194,1,,BA,WMD,Sample yellow with low solids. SECCHI ON BOTTOM. Low flow. Less than 0.5' chop with winds approx. 15-20 mph. FCEB taken at this station.
FLAB14,P45906-11,100,"CARBON, TOTAL ORGANIC",10/12/2009,1,mg/L,U,FLAB,FCEB,MON,SA,G,TORGC,1,Y,A,0,,,WMD,1,25.1504805,-80.8092194,0,,BA,WMD,DI->Niskin->Bucket->Syringe->Filter->Bottle. FCEB taken at FLAB14.
FLAB14,P46184-2,100,"CARBON, TOTAL ORGANIC",11/11/2009,16.6,mg/L,,FLAB,SAMP,MON,SA,G,TORGC,1,N,A,0.5,,,WMD,1,25.1504805,-80.8092194,1,,BA,WMD,"Sample light yellow, with no visible solids.  Moderate chop, low flow.  Winds 20-25 mph. Heavy storms in close proximity.   SECCHI ON BOTTOM."
FLAB14,P46552-2,100,"CARBON, TOTAL ORGANIC",12/7/2009,8,mg/L,,FLAB,SAMP,MON,SA,G,TORGC,1,N,A,0.5,m,,WMD,1,25.1504805,-80.8092194,,,BA,WMD,"Sample pale yellow, with no visible solids.  Low flow.  Winds 5-10 mph.  No chop, calm water.  DO has been  highter at this station.   SECCHI ON BOTTOM."
FLAB14,P46793-4,100,"CARBON, TOTAL ORGANIC",1/11/2010,7.5,mg/L,,FLAB,SAMP,MON,SA,G,TORGC,1,N,A,0.5,m,,WMD,1,25.1504805,-80.8092194,,,BA,WMD,Comments are too long. See field notes.
FLAB14,P47183-4,100,"CARBON, TOTAL ORGANIC",2/8/2010,9.7,mg/L,,FLAB,SAMP,MON,SA,G,TORGC,1,N,A,0.5,m,,WMD,1,25.1504805,-80.8092194,,,BA,WMD,"Sample light yellow, low solids.  Minimal chop.  Low flow.  Winds 5-15mph.   SECCHI ON BOTTOM."
FLAB14,P47472-4,100,"CARBON, TOTAL ORGANIC",3/8/2010,8.7,mg/L,,FLAB,SAMP,MON,SA,G,TORGC,1,N,A,0.5,m,,WMD,1,25.1504805,-80.8092194,,,BA,WMD,"Sample pale yellow with no visible solids. Calm conditions, minimal chop. SECCHI ON BOTTOM. Low flow."
FLAB14,P47828-4,100,"CARBON, TOTAL ORGANIC",4/12/2010,14.7,mg/L,,FLAB,SAMP,MON,SA,G,TORGC,1,N,A,0.5,m,,WMD,1,25.1504805,-80.8092194,,,BA,WMD,"Sample light yellow, no visible solids.  Low flow.  Moderate chop.  Winds 15-20mph.   SECCHI ON BOTTOM."
FLAB14,P47828-11,100,"CARBON, TOTAL ORGANIC",4/12/2010,1.2,mg/L,"I,J",FLAB,FCEB,MON,SA,G,TORGC,1,N,A,0,,,WMD,0,25.1504805,-80.8092194,,,BA,WMD,"DI, niskin, bucket, syringe, filter, sample bottle.  FCEB taken at FLAB14"
FLAB14,P48081-4,100,"CARBON, TOTAL ORGANIC",5/10/2010,16.2,mg/L,,FLAB,SAMP,MON,SA,G,TORGC,1,N,A,0.5,m,,WMD,1,25.1504805,-80.8092194,,,BA,WMD,"Sample light yellow, low solids.  Low flow.  Calm water, minimal chop.  Winds 15-18mph.   SECCHI ON BOTTOM."
FLAB14,P48379-4,100,"CARBON, TOTAL ORGANIC",6/7/2010,11,mg/L,,FLAB,SAMP,MON,SA,G,TORGC,1,N,A,0.5,m,,WMD,1,25.1504805,-80.8092194,,,BA,WMD,Sample is light green with low suspended solids present. Low flow with minimal chop ripple less than 3 inches and constant 12 mph winds. SECCHI ON BOTTOM.
FLAB14,P48379-11,100,"CARBON, TOTAL ORGANIC",6/7/2010,1,mg/L,U,FLAB,FCEB,MON,SA,G,TORGC,1,Y,A,0,,,WMD,0,25.1504805,-80.8092194,,,BA,WMD,"DI, niskin, bucket, syringe, filter, sample bottle, FCEB taken @ FLAB14."
FLAB14,P48679-4,100,"CARBON, TOTAL ORGANIC",7/20/2010,10.9,mg/L,,FLAB,SAMP,MON,SA,G,TORGC,1,N,A,0.5,m,,WMD,1,25.1504805,-80.8092194,,,BA,WMD,"Sample light green, low solids.  Moderate chop, 1-2 foot chop.  Low flow. Winds 15-20mph.   SECCHI ON BOTTOM."
FLAB14,P48893-4,100,"CARBON, TOTAL ORGANIC",8/16/2010,10.2,mg/L,,FLAB,SAMP,MON,SA,G,TORGC,1,N,A,0.5,m,,WMD,1,25.1504805,-80.8092194,,,BA,WMD,"Sample pale yellow, with low solids.  Low flow.  Calm water, no chop.  Winds 5-7mph. SECCHI ON BOTTOM."
FLAB14,P49171-4,100,"CARBON, TOTAL ORGANIC",9/21/2010,14.6,mg/L,,FLAB,SAMP,MON,SA,G,TORGC,1,N,A,0.5,m,,WMD,1,25.1504805,-80.8092194,,,BA,WMD,"Sample light green, low solids.  Light chop, .5-1.5 foot seas.  Winds 15mph, with 20mph gusts.  Low flow.   SECCHI ON BOTTOM."
FLAB14,P49628-4,100,"CARBON, TOTAL ORGANIC",10/19/2010,15.7,mg/L,,FLAB,SAMP,MON,SA,G,TORGC,1,N,A,0.5,m,,WMD,1,25.1504805,-80.8092194,,,BA,WMD,"Sample light yeloow, low solids.  Low flow.  Calm water, no chop.  Winds 2-5mph.   SECCHI ON BOTTOM."
FLAB14,P50070-4,100,"CARBON, TOTAL ORGANIC",11/16/2010,14.2,mg/L,,FLAB,SAMP,MON,SA,G,TORGC,1,N,A,0.5,m,,WMD,1,25.1504805,-80.8092194,,,BA,WMD,"Sample light yellow, low solids.  Calm water, minimal chop.  Low flow.  Wind 3-5mph. SECCHI ON BOTTOM."
FLAB14,P50474-4,100,"CARBON, TOTAL ORGANIC",12/14/2010,9.7,mg/L,,FLAB,SAMP,MON,SA,G,TORGC,1,N,A,0.35,m,,WMD,1,25.1504805,-80.8092194,,,BA,WMD,"Sample light yellow, low solids.  Calm water, minimal chop.  Wind 3-5mph.   SECCHI ON BOTTOM. water very shallow."
FLAB14,P50635-4,100,"CARBON, TOTAL ORGANIC",1/4/2011,13,mg/L,,FLAB,SAMP,MON,SA,G,TORGC,1,N,A,0.5,m,,WMD,1,25.1504805,-80.8092194,,,BA,WMD,"Very low flow at station.  Very low to no chop.  Wind 0-5 mph.   SECCHI ON BOTTOM.   Sample light yellow, low solids."
FLAB14,P50937-4,100,"CARBON, TOTAL ORGANIC",2/17/2011,9.8,mg/L,,FLAB,SAMP,MON,SA,G,TORGC,1,N,A,0.25,m,,WMD,0,25.1504805,-80.8092194,,,BA,WMD,Sample taken .4 miles from station due to shallow water.
FLAB14,P51526-4,100,"CARBON, TOTAL ORGANIC",3/14/2011,14.9,mg/L,,FLAB,SAMP,MON,SA,G,TORGC,1,N,A,0.5,m,,WMD,1,25.1504805,-80.8092194,,,BA,WMD,"Sample light yellow.  Calm water, minimal chop. Wind 8-12mph.   SECCHI ON BOTTOM."
FLAB14,P52279-4,100,"CARBON, TOTAL ORGANIC",4/5/2011,10.8,mg/L,,FLAB,SAMP,MON,SA,G,TORGC,1,N,A,0.5,m,,WMD,1,25.1504805,-80.8092194,,,BA,WMD,"Sample light green, wind 10-15mph sw."
FLAB14,P52280-4,100,"CARBON, TOTAL ORGANIC",5/3/2011,15.4,mg/L,,FLAB,SAMP,MON,SA,G,TORGC,1,N,A,0.3,m,,WMD,1,25.1504805,-80.8092194,,,BA,WMD,"Sample palm yellow, wind east 10-15mph,  SECCHI ON BOTTOM."
FLAB14,P52281-4,100,"CARBON, TOTAL ORGANIC",6/13/2011,16.5,mg/L,,FLAB,SAMP,MON,SA,G,TORGC,1,N,A,0.5,m,,WMD,1,25.1504805,-80.8092194,,,BA,WMD,Sample is clear with no visible sollids present. Moderate flow with variable westerly winds at 5-10 mph. SECCHI ON BOTTOM. Conductivity is out of range due to high salinity at this location.
FLAB14,P52282-4,100,"CARBON, TOTAL ORGANIC",7/12/2011,14,mg/L,,FLAB,SAMP,MON,SA,G,TORGC,1,N,A,0.5,m,,WMD,1,25.1504805,-80.8092194,,,BA,WMD,Sample is pale green with no visible suspended solids present.  Flow with light ripple chop up to 4 inches and winds from the southwest at 4 to 8 mph.  SECCHI ON BOTTOM
FLAB14,P52283-6,100,"CARBON, TOTAL ORGANIC",8/16/2011,8.3,mg/L,,FLAB,SAMP,MON,SA,G,TORGC,1,N,A,0.5,m,,WMD,1,25.1504805,-80.8092194,,,BA,WMD,Sample is pale green with no visible suspended solids present. Low flow with light chop up to 4 inches and light variable winds from southwest at 6 to 10 mph. SECCHI ON BOTTOM.
FLAB14,P52284-6,100,"CARBON, TOTAL ORGANIC",9/12/2011,9.1,mg/L,,FLAB,SAMP,MON,SA,G,TORGC,1,N,A,0.5,m,,WMD,0,25.1504805,-80.8092194,,,BA,WMD,Sample light yellow with no visible suspended solids present. Light current with rising tide just before high tide and glassy slight ripple conditions and light variable winds from the east southeast at 2 to 4 mph. SECCHI ON BOTTOM.
FLAB14,P52285-6,100,"CARBON, TOTAL ORGANIC",10/4/2011,16.7,mg/L,,FLAB,SAMP,MON,SA,G,TORGC,1,N,A,0.4,m,,WMD,0,25.1504805,-80.8092194,,,BA,WMD,"Wind, NE 10-15, lt chop, ebb tide,  SECCHI ON BOTTOM."
FLAB14,P54071-6,100,"CARBON, TOTAL ORGANIC",12/6/2011,18.3,mg/L,,FLAB,SAMP,MON,SA,G,TORGC,1,N,A,0.35,m,,WMD,0,25.1504805,-80.8092194,,,BA,WMD,"Wind ESE 10-12, lt chop, slack tide,  SECCHI ON BOTTOM, Sample taken .5 miles from station due to shallow depth"
FLAB14,P55306-4,100,"CARBON, TOTAL ORGANIC",2/1/2012,16.1,mg/L,,FLAB,SAMP,MON,SA,G,TORGC,1,N,A,0.35,m,,WMD,0,25.1504805,-80.8092194,,,BA,WMD,"Wind E 14-18, lt chop in lee of island, slack tide,  SECCHI ON BOTTOM, sample taken .38 mi from station due to shallow depth"
FLAB14,P55313-4,100,"CARBON, TOTAL ORGANIC",4/12/2012,11,mg/L,,FLAB,SAMP,MON,SA,G,TORGC,1,N,A,0.45,m,,WMD,0,25.1504805,-80.8092194,,,BA,WMD,"Wind N 8-10, rippled surface, slack tide,  SECCHI ON BOTTOM."
FLAB14,P55929-4,100,"CARBON, TOTAL ORGANIC",6/13/2012,9.2,mg/L,,FLAB,SAMP,MON,SA,G,TORGC,1,N,A,0.5,m,,WMD,0,25.1504805,-80.8092194,,,BA,WMD,Calm conditions.  Light ripple.  Slack tide.  Very light east wind.   SECCHI ON BOTTOM.
FLAB14,P56205-4,100,"CARBON, TOTAL ORGANIC",8/13/2012,14,mg/L,,FLAB,SAMP,MON,SA,G,TORGC,1,N,A,0.5,m,,WMD,0,25.1504805,-80.8092194,,,BA,WMD,Very light east wind.  Calm conditions with almost no ripple.  Slack tide.   SECCHI ON BOTTOM.
FLAB14,P56209-4,100,"CARBON, TOTAL ORGANIC",10/11/2012,12.8,mg/L,,FLAB,SAMP,MON,SA,G,TORGC,1,N,A,0.5,m,,WMD,0,25.1504805,-80.8092194,,,BA,WMD,Strong NE breeze.  Light chop.   SECCHI ON BOTTOM.
FLAB14,P56856-4,100,"CARBON, TOTAL ORGANIC",12/10/2012,13,mg/L,,FLAB,SAMP,MON,SA,G,TORGC,1,N,A,0.5,m,,WMD,0,25.1504805,-80.8092194,,,BA,WMD,SECCHI ON BOTTOM. Winds 10-15kts out of the SE. Light chop.
FLAB14,P61818-4,100,"CARBON, TOTAL ORGANIC",2/5/2013,15.6,mg/L,,FLAB,SAMP,MON,SA,G,TORGC,1,N,A,0.5,m,,WMD,0,25.1504805,-80.8092194,,,BA,WMD,SECCHI ON BOTTOM. Very light breeze 1-2kts. Calm water. No noticeable current.
FLAB14,P61819-4,100,"CARBON, TOTAL ORGANIC",4/18/2013,15.1,mg/L,,FLAB,SAMP,MON,SA,G,TORGC,1,N,A,0.3,m,,WMD,0,25.1504805,-80.8092194,,,PD,WMD,SECCHI ON BOTTOM. ESE winds 10-12 kts. Light ripple on the water.
FLAB14,P63880-4,100,"CARBON, TOTAL ORGANIC",6/17/2013,16.4,mg/L,,FLAB,SAMP,MON,SA,G,TORGC,1,N,A,0.4,m,,WMD,0,25.1504805,-80.8092194,,,PD,WMD,"slight ripple on surface, southeast wind 10-15, secchi on bottom, site collected short of coordinates due to shallow water less than 0.5m while approaching site"
FLAB14,P63881-4,100,"CARBON, TOTAL ORGANIC",8/13/2013,19.6,mg/L,,FLAB,SAMP,MON,SA,G,TORGC,1,N,A,0.35,m,,WMD,0,25.1504805,-80.8092194,,,PD,WMD,SECCHI ON BOTTOM. Ripples on surface. E wind 5-10 kt. No current observed. Station visted near high tide. Unable to reach location due to shallow water. Collected at 25-08'43.5 secN 080-48'34.4 secW
FLAB14,P65941-4,100,"CARBON, TOTAL ORGANIC",10/28/2013,12.6,mg/L,,FLAB,SAMP,MON,SA,G,TORGC,1,N,A,0.4,m,,WMD,0,25.1504805,-80.8092194,,,PD,WMD,SECCHI ON BOTTOM. Light chop. E wind approx 15 kt. Moderate wind driven current.
FLAB14,P68531-4,100,"CARBON, TOTAL ORGANIC",12/11/2013,11.6,mg/L,,FLAB,SAMP,MON,SA,G,TORGC,1,N,A,0.35,m,,WMD,0,25.1504805,-80.8092194,,,PD,WMD,"Light chop, E wind 10-15,  SECCHI ON BOTTOM."
FLAB14,P70123-4,100,"CARBON, TOTAL ORGANIC",2/26/2014,13.4,mg/L,,FLAB,SAMP,MON,SA,G,TORGC,1,N,A,0.5,m,,WMD,0,25.1504805,-80.8092194,,,PD,WMD,"SECCHI ON BOTTOM. Slight ripple on water surface. Slight wind out of the SW, 5kts. Slight incoming tide. Unable to get to actual FLAB14 site due to water level, sample taken at GPS position N2508.345 W08048.512."
FLAB14,P70124-4,100,"CARBON, TOTAL ORGANIC",4/7/2014,12.3,mg/L,,FLAB,SAMP,MON,SA,G,TORGC,1,N,A,0.5,m,,WMD,0,25.1504805,-80.8092194,,,PD,WMD,Moderate chop due to 15kt SE winds. Sample area clear. SECCHI ON BOTTOM.
FLAB14,P71707-4,100,"CARBON, TOTAL ORGANIC",6/9/2014,14.8,mg/L,,FLAB,SAMP,MON,SA,G,TORGC,1,N,A,0.5,m,,WMD,0,25.1504805,-80.8092194,,,PD,WMD,"SECCHI ON BOTTOM. Calm winds, calm waves, incoming tide."
FLAB14,P72712-4,100,"CARBON, TOTAL ORGANIC",8/5/2014,11.5,mg/L,,FLAB,SAMP,MON,SA,G,TORGC,1,N,A,0.5,m,,WMD,0,25.1504805,-80.8092194,,,PD,WMD,"Calm conditions, SW winds less than 5 kts. Small amount of single piece turtle and manatee grasses on surface. Incoming tide. SECCHI ON BOTTOM."
FLAB14,P74736-4,100,"CARBON, TOTAL ORGANIC",10/20/2014,17.8,mg/L,,FLAB,SAMP,MON,SA,G,TORGC,1,N,A,0.35,m,,WMD,0,25.1504805,-80.8092194,,,PD,WMD,"Calm,  SECCHI ON BOTTOM."
FLAB14,P74738-4,100,"CARBON, TOTAL ORGANIC",12/17/2014,9.7,mg/L,,FLAB,SAMP,MON,SA,G,TORGC,1,N,A,0.5,m,,WMD,0,25.1504805,-80.8092194,,,PD,WMD,"Incoming tide, NE winds 5kts, calm seas, small amout of floating vegetation pieces visible on water surface. SECCHI ON BOTTOM."
FLAB14,P74737-4,100,"CARBON, TOTAL ORGANIC",2/16/2015,7.2,mg/L,,FLAB,SAMP,MON,SA,G,TORGC,0.8,N,A,0.45,m,,WMD,0,25.1504805,-80.8092194,,,PD,WMD,"Calm, E wind 10-15. Sample collected 925 m due south of site because of water depth. SECCHI ON BOTTOM"
FLAB14,P75445-4,100,"CARBON, TOTAL ORGANIC",4/13/2015,16.1,mg/L,,FLAB,SAMP,MON,SA,G,TORGC,0.8,N,A,0.5,m,,WMD,0,25.1504805,-80.8092194,,,PD,WMD,Sample collected 1 km due south of site due to water depth. SOB
FLAB14,P74739-4,100,"CARBON, TOTAL ORGANIC",6/9/2015,15.9,mg/L,,FLAB,SAMP,MON,SA,G,TORGC,0.8,N,A,0.5,m,,WMD,0,25.1504805,-80.8092194,,,PD,WMD,SOB
FLAB14,P78245-4,100,"CARBON, TOTAL ORGANIC",8/25/2015,12.7,mg/L,,FLAB,SAMP,MON,SA,G,TORGC,0.8,N,A,0.5,m,,WMD,0,25.1504805,-80.8092194,,,PD,WMD,Secchi on bottom.
FLAB14,P80870-4,100,"CARBON, TOTAL ORGANIC",10/7/2015,5.8,mg/L,,FLAB,SAMP,MON,SA,G,TORGC,0.8,N,A,0.5,m,,WMD,0,25.1504805,-80.8092194,,,PD,WMD,"Calm seas, light amount of loose vegetation on surface, incoming tide, secchi on bottom."
FLAB14,P82416-4,100,"CARBON, TOTAL ORGANIC",1/21/2016,8.6,mg/L,,FLAB,SAMP,MON,SA,G,TORGC,0.8,N,A,0.5,m,,WMD,0,25.1504805,-80.8092194,,,PD,WMD,Secchi on bottom. Surface smooth. Winds ESE 10-15.
FLAB14,P82935-4,100,"CARBON, TOTAL ORGANIC",2/16/2016,11.2,mg/L,,FLAB,SAMP,MON,SA,G,TORGC,0.8,N,A,0.5,m,,WMD,0,25.1504805,-80.8092194,,,PD,WMD,"Calm wind and seas, sample area clear, Secchi on bottom."
FLAB14,P83568-4,100,"CARBON, TOTAL ORGANIC",4/14/2016,15.9,mg/L,,FLAB,SAMP,MON,SA,G,TORGC,0.8,N,A,0.35,m,,WMD,0,25.1504805,-80.8092194,,,PD,WMD,SOB. Light winds out of the SE around 7 kts. Glass smooth water.
FLAB14,P84316-4,100,"CARBON, TOTAL ORGANIC",6/29/2016,10.8,mg/L,,FLAB,SAMP,MON,SA,G,TORGC,0.8,N,A,0.5,m,,WMD,0,25.1504805,-80.8092194,,,PD,WMD,"slight ripple on surface, calm wind, some vegetation clippings on surface, off colored water observed, algae like appearance in water column, filter turned green in color during processing"
FLAB14,P84638-4,100,"CARBON, TOTAL ORGANIC",8/25/2016,13.9,mg/L,,FLAB,SAMP,MON,SA,G,TORGC,0.8,N,A,0.5,m,,WMD,0,25.1504805,-80.8092194,,,PD,WMD,"Light east winds, light surface chop, turbid water, light green brown in color, light amount of loose sea grass floating on surface. Light greenish yellow color visible in filter after use. Secchi on bottom."
FLAB14,P86137-4,100,"CARBON, TOTAL ORGANIC",10/24/2016,17.3,mg/L,,FLAB,SAMP,MON,SA,G,TORGC,0.8,N,A,0.5,m,,WMD,0,25.1504805,-80.8092194,,,PD,WMD,"NE winds 15kt, light chop, sample area clear otherwise. Secchi on bottom."
FLAB14,P86766-4,100,"CARBON, TOTAL ORGANIC",12/21/2016,13.9,mg/L,,FLAB,SAMP,MON,SA,G,TORGC,0.8,N,A,0.5,m,,WMD,0,25.1504805,-80.8092194,,,PD,WMD,"NE winds 10-15 kts, light chop, sample area clear. Secchi on bottom."
FLAB14,P87700-4,100,"CARBON, TOTAL ORGANIC",2/20/2017,6.8,mg/L,,FLAB,SAMP,MON,SA,G,TORGC,0.8,N,A,0.5,m,,WMD,0,25.1504805,-80.8092194,,,PD,WMD,"NE winds 10-15 kts, waters moderate chop, light amount of loose sea grass on surface. Secchi on bottom. Could not get within 300m of sample GPS point due to shallow water."
FLAB14,P87830-4,100,"CARBON, TOTAL ORGANIC",4/20/2017,12.6,mg/L,,FLAB,SAMP,MON,SA,G,TORGC,0.8,N,A,0.5,m,,WMD,0,25.1504805,-80.8092194,,,PD,WMD,"Could only get within 0.5 kilometers of site due to very shallow water.  Had less than 1 foot seas, sample area clear, with 10-15 knot east winds.  Sample collected by DA."
FLAB14,P89179-4,100,"CARBON, TOTAL ORGANIC",8/1/2017,8,mg/L,,FLAB,SAMP,MON,SA,G,TORGC,0.8,N,A,0.5,m,,WMD,0,25.1504805,-80.8092194,,,PD,WMD,"Light sw winds, calm seas, moderate amount of loose sea grasses floating on surface, secchi on bottom."
FLAB14,P88721-4,100,"CARBON, TOTAL ORGANIC",10/12/2017,22.1,mg/L,,FLAB,SAMP,MON,SA,G,TORGC,0.8,N,A,0.5,m,,WMD,0,25.1504805,-80.8092194,,,PD,WMD,Filter appeared to contaiin algae when processing sample.
FLAB14,P91159-4,100,"CARBON, TOTAL ORGANIC",12/13/2017,12.4,mg/L,,FLAB,SAMP,MON,SA,G,TORGC,0.8,N,A,0.5,m,,WMD,0,25.1504805,-80.8092194,,,PD,WMD,Light chop. Murky brown water
FLAB14,P92112-4,100,"CARBON, TOTAL ORGANIC",2/28/2018,18,mg/L,,FLAB,SAMP,MON,SA,G,TORGC,0.8,N,A,0.5,m,,WMD,0,25.1504805,-80.8092194,,,PD,WMD,Flat water. Green water. Filter turned green. Same problem with DO readings.
FLAB14,P92872-4,100,"CARBON, TOTAL ORGANIC",4/10/2018,13.1,mg/L,,FLAB,SAMP,MON,SA,G,TORGC,0.8,N,A,0.5,m,,WMD,0,25.1504805,-80.8092194,,,PD,WMD,Light chop.
FLAB14,P93694-4,100,"CARBON, TOTAL ORGANIC",6/7/2018,12.2,mg/L,,FLAB,SAMP,MON,SA,G,TORGC,0.8,N,A,0.5,m,,WMD,0,25.1504805,-80.8092194,,,PD,WMD,Floating vegetation present. Avoided during collection.
FLAB14,P94931-4,100,"CARBON, TOTAL ORGANIC",8/6/2018,16.9,mg/L,,FLAB,SAMP,MON,SA,G,TORGC,0.8,N,A,0.5,m,,WMD,0,25.1504805,-80.8092194,,,PD,WMD,
FLAB14,P95251-4,100,"CARBON, TOTAL ORGANIC",10/3/2018,21.3,mg/L,,FLAB,SAMP,MON,SA,G,TORGC,0.8,N,A,0.5,m,,WMD,0,25.1504805,-80.8092194,,,PD,WMD,heavy suspended solids
FLAB14,P96720-4,100,"CARBON, TOTAL ORGANIC",12/17/2018,17.6,mg/L,,FLAB,SAMP,MON,SA,G,TORGC,0.8,N,A,0.25,m,,WMD,0,25.1504805,-80.8092194,,,BA,WMD,Shallow sampling area. Sample depth taken half way from total depth of 0.5m.  Water looks stirred up within sample area.
FLAB14,P102448-5,100,"CARBON, TOTAL ORGANIC",2/26/2019,13.8,mg/L,,FLAB,SAMP,MON,SA,G,TORGC,0.8,N,A,0.5,m,,WMD,0,25.1504805,-80.8092194,,,BA,WMD,
FLAB14,P103834-5,100,"CARBON, TOTAL ORGANIC",4/15/2019,17.8,mg/L,,FLAB,SAMP,MON,SA,G,TORGC,0.8,N,A,0.5,m,,WMD,0,25.1504805,-80.8092194,,,BA,WMD,
FLAB14,P106284-5,100,"CARBON, TOTAL ORGANIC",6/11/2019,12.7,mg/L,,FLAB,SAMP,MON,SA,G,TORGC,0.8,N,A,0.4,m,,WMD,0,25.1504805,-80.8092194,,,BA,WMD,Secchi on bottom
FLAB14,P109207-5,100,"CARBON, TOTAL ORGANIC",8/8/2019,10.5,mg/L,,FLAB,SAMP,MON,SA,G,TORGC,0.8,N,A,0.5,m,,WMD,0,25.1504805,-80.8092194,,,BA,WMD,Large pieces of vegetative debris present on surface of water. Secchi on bottom.
FLAB14,P109898-5,100,"CARBON, TOTAL ORGANIC",10/8/2019,14.6,mg/L,,FLAB,SAMP,MON,SA,G,TORGC,0.8,N,A,0.5,m,,WMD,0,25.1504805,-80.8092194,,,BA,WMD,
FLAB14,P110697-5,100,"CARBON, TOTAL ORGANIC",12/5/2019,8,mg/L,,FLAB,SAMP,MON,SA,G,TORGC,0.8,N,A,0.5,m,,WMD,0,25.1504805,-80.8092194,,,BA,WMD,Secchi on bottom.
FLAB14,P110713-5,100,"CARBON, TOTAL ORGANIC",2/3/2020,10.2,mg/L,,FLAB,SAMP,MON,SA,G,TORGC,0.8,N,A,0.3,m,,WMD,0,25.1504805,-80.8092194,,,BA,WMD,"Secchi on bottom. Depth was less than 1m, sample was collected at half total depth."
FLAB14,P110719-5,100,"CARBON, TOTAL ORGANIC",4/1/2020,17.5,mg/L,,FLAB,SAMP,MON,SA,G,TORGC,0.8,N,A,0.4,m,,WMD,0,25.1504805,-80.8092194,,,BA,WMD,Secchi on bottom
FLAB14,P111041-5,100,"CARBON, TOTAL ORGANIC",6/1/2020,11.6,mg/L,,FLAB,SAMP,MON,SA,G,TORGC,0.8,N,A,0.3,m,,WMD,0,25.1504805,-80.8092194,,,BA,WMD,Secchi on bottom
FLAB14,P111104-5,100,"CARBON, TOTAL ORGANIC",8/13/2020,13.2,mg/L,,FLAB,SAMP,MON,SA,G,TORGC,0.8,N,A,0.35,m,,WMD,0,25.1504805,-80.8092194,,,BA,WMD,Secchi on bottom. Sample collected at half total depth.
FLAB14,P118766-5,100,"CARBON, TOTAL ORGANIC",10/12/2020,18.5,mg/L,,FLAB,SAMP,MON,SA,G,TORGC,0.8,N,A,0.4,m,,WMD,0,25.1504805,-80.8092194,,,BA,WMD,Secchi on bottom.
FLAB14,P120347-5,100,"CARBON, TOTAL ORGANIC",12/9/2020,6.9,mg/L,,FLAB,SAMP,MON,SA,G,TORGC,0.8,N,A,0.3,m,,WMD,0,25.1504805,-80.8092194,,,BA,WMD,"Sample area clear.  Total Depth was only 0.6 meters, so sampling depth was at 0.3 meters instead of 0.5 meters.  SOB, Secchi On Bottom.  Light solids in sample.  Sample collected by CL."
FLAB14,P121638-5,100,"CARBON, TOTAL ORGANIC",1/7/2021,10.7,mg/L,,FLAB,SAMP,MON,SA,G,TORGC,0.8,N,A,0.3,m,,WMD,0,25.1504805,-80.8092194,,,BA,WMD,Secchi on bottom
FLAB14,P122507-5,100,"CARBON, TOTAL ORGANIC",3/17/2021,11.9,mg/L,,FLAB,SAMP,MON,SA,G,TORGC,0.8,N,A,0.5,m,,WMD,0,25.1504805,-80.8092194,,,BA,WMD,Secchi on bottom.
FLAB14,P122517-5,100,"CARBON, TOTAL ORGANIC",5/24/2021,12.6,mg/L,,FLAB,SAMP,MON,SA,G,TORGC,0.8,N,A,0.2,m,,WMD,0,25.1504805,-80.8092194,,,BA,WMD,Secchi on bottom. Sampled approx. 100 m from site due to low water.
FLAB14,P123928-5,100,"CARBON, TOTAL ORGANIC",7/1/2021,12.7,mg/L,,FLAB,SAMP,MON,SA,G,TORGC,0.8,N,A,0.35,m,,WMD,0,25.1504805,-80.8092194,,,BA,WMD,Secchi on bottom.
FLAB14,P125715-5,100,"CARBON, TOTAL ORGANIC",10/13/2021,14.5,mg/L,,FLAB,SAMP,MON,SA,G,TORGC,0.8,N,A,0.4,m,,WMD,0,25.1504805,-80.8092194,,,BA,WMD,
FLAB14,P128145-5,100,"CARBON, TOTAL ORGANIC",12/27/2021,14.7,mg/L,,FLAB,SAMP,MON,SA,G,TORGC,0.8,N,A,0.3,m,,WMD,0,25.1504805,-80.8092194,,,BA,WMD,Sampling area clear of debris.
FLAB14,P129938-5,100,"CARBON, TOTAL ORGANIC",2/8/2022,14.9,mg/L,,FLAB,SAMP,MON,SA,G,TORGC,0.8,N,A,0.25,m,,WMD,0,25.1504805,-80.8092194,,,BA,WMD,Secchi on bottom
FLAB14,P132794-5,100,"CARBON, TOTAL ORGANIC",4/7/2022,15.9,mg/L,,FLAB,SAMP,MON,SA,G,TORGC,0.8,N,A,0.3,m,,WMD,0,25.1504805,-80.8092194,,,BA,WMD,
FLAB14,P134124-5,100,"CARBON, TOTAL ORGANIC",6/22/2022,13.2,mg/L,,FLAB,SAMP,MON,SA,G,TORGC,0.8,N,A,0.5,m,,WMD,0,25.1504805,-80.8092194,,,BA,WMD,
FLAB14,P135165-5,100,"CARBON, TOTAL ORGANIC",8/18/2022,21.9,mg/L,,FLAB,SAMP,MON,SA,G,TORGC,0.8,N,A,0.5,m,,WMD,0,25.1504805,-80.8092194,,,BA,WMD,"No visible solids, but water is very cloudy and difficult to filter. Used two filters to process."
FLAB14,P136495-5,100,"CARBON, TOTAL ORGANIC",10/20/2022,17.1,mg/L,,FLAB,SAMP,MON,SA,G,TORGC,0.8,N,A,0.4,m,,WMD,0,25.1504805,-80.8092194,,,BA,WMD,Sample collected at half total depth as per FSM. Water in sampling area has a greenish tint. Filter turned light green during processing.
FLAB14,P138520-5,100,"CARBON, TOTAL ORGANIC",12/19/2022,15.2,mg/L,,FLAB,SAMP,MON,SA,G,TORGC,0.8,N,A,0.3,m,,WMD,0,25.1504805,-80.8092194,,,BA,WMD,
FLAB14,P139468-5,100,"CARBON, TOTAL ORGANIC",1/30/2023,13.5,mg/L,,FLAB,SAMP,MON,SA,G,TORGC,0.8,N,A,0.5,m,,WMD,0,25.1504805,-80.8092194,,,BA,WMD,
FLAB14,P141269-5,100,"CARBON, TOTAL ORGANIC",3/14/2023,6.8,mg/L,,FLAB,SAMP,MON,SA,G,TORGC,0.8,N,A,0.5,m,,WMD,0,25.1504805,-80.8092194,,,BA,WMD,Secchi on bottom.
FLAB14,P143129-5,100,"CARBON, TOTAL ORGANIC",5/11/2023,10.4,mg/L,,FLAB,SAMP,MON,SA,G,TORGC,0.8,N,A,0.5,m,,WMD,0,25.1504805,-80.8092194,,,BA,WMD,Secchi on bottom
FLAB14,P144703-5,100,"CARBON, TOTAL ORGANIC",7/27/2023,12.2,mg/L,,FLAB,SAMP,MON,SA,G,TORGC,0.8,N,A,0.35,m,,WMD,0,25.1504805,-80.8092194,,,BA,WMD,
FLAB14,P146063-5,100,"CARBON, TOTAL ORGANIC",9/27/2023,12.1,mg/L,,FLAB,SAMP,MON,SA,G,TORGC,0.8,N,A,0.5,m,,WMD,0,25.1504805,-80.8092194,,,BA,WMD,"Water highly turbid, became difficult to filter during processing."
FLAB14,P146064-5,100,"CARBON, TOTAL ORGANIC",11/13/2023,15.4,mg/L,,FLAB,SAMP,MON,SA,G,TORGC,0.8,N,A,0.5,m,,WMD,0,25.1504805,-80.8092194,,,BA,WMD,"Filter became clogged during processing, no color, difficult to filter"
FLAB14,P148342-5,100,"CARBON, TOTAL ORGANIC",1/8/2024,12,mg/L,,FLAB,SAMP,MON,SA,G,TORGC,0.8,N,A,0.35,m,,WMD,0,25.1504805,-80.8092194,,,BA,WMD,collected sample approximately 600 feet SSW of site due to shallow depth
FLAB14,P149299-5,100,"CARBON, TOTAL ORGANIC",3/4/2024,12.9,mg/L,,FLAB,SAMP,MON,SA,G,TORGC,0.8,N,A,0.4,m,,WMD,0,25.1504805,-80.8092194,,,BA,WMD,Sample collected 800 m west of site due to shallow depth.
FLAB14,P150708-5,100,"CARBON, TOTAL ORGANIC",5/13/2024,16.9,mg/L,,FLAB,SAMP,MON,SA,G,TORGC,0.8,N,A,0.45,m,,WMD,0,25.1504805,-80.8092194,,,BA,WMD,Filter turned yellow during processing.
FLAB14,P152189-5,100,"CARBON, TOTAL ORGANIC",7/15/2024,19.4,mg/L,,FLAB,SAMP,MON,SA,G,TORGC,0.8,N,A,0.4,m,,WMD,0,25.1504805,-80.8092194,,,BA,WMD,Sample taken 550 m SW of station due to shallow depth. Filter turned green during processing; sample was difficult to push through filter.
FLAB14,P153175-5,100,"CARBON, TOTAL ORGANIC",9/12/2024,16.2,mg/L,,FLAB,SAMP,MON,SA,G,TORGC,0.8,N,A,0.5,m,,WMD,0,25.1504805,-80.8092194,,,BA,WMD,Filter turned green during processing.
FLAB14,P154028-5,100,"CARBON, TOTAL ORGANIC",12/9/2024,12,mg/L,,FLAB,SAMP,MON,SA,G,TORGC,0.8,N,A,0.45,m,,WMD,0,25.1504805,-80.8092194,,,BA,WMD,"Because of shallow depths, sample was collected approximately 580 meters to the southwest of the marked site coordinates."
FLAB14,P155969-5,100,"CARBON, TOTAL ORGANIC",2/5/2025,9.4,mg/L,,FLAB,SAMP,MON,SA,G,TORGC,0.8,N,A,0.5,m,,WMD,0,25.1504805,-80.8092194,,,BA,WMD,Secchi on bottom.
FLAB14,P42963-5,112,"CHLOROPHYLL-A, CORRECTED",1/7/2009,1,ug/L,U,FLAB,SAMP,MON,SA,G,CHLA2,1,Y,A,0.5,,,WMD,1,25.1504805,-80.8092194,0.6,,BA,WMD,Strong incoming flow.  sample clear with no visable solids.  light chop with increasing South winds.  Station is in very shallow water.  may want to consider moving off to the South.
FLAB14,P42978-2,112,"CHLOROPHYLL-A, CORRECTED",2/12/2009,1,ug/L,U,FLAB,SAMP,MON,SA,G,CHLA2,1,Y,A,0.5,,,WMD,1,25.1504805,-80.8092194,0.8,,BA,WMD,Very clear warer and calm conditions.  Slight ripple.  Station in shallow water over seagrass beds.  Suggest moving it slightly to the South.
FLAB14,P43361-2,112,"CHLOROPHYLL-A, CORRECTED",3/16/2009,1,ug/L,U,FLAB,SAMP,MON,SA,G,CHLA2,1,Y,A,0.5,,,WMD,1,25.1504805,-80.8092194,1.1,,BA,WMD,Clear calm conditiond and light flow.  Sample clear.
FLAB14,P43542-2,112,"CHLOROPHYLL-A, CORRECTED",4/20/2009,1,ug/L,U,FLAB,SAMP,MON,SA,G,CHLA2,1,Y,A,0.5,,,WMD,1,25.1504805,-80.8092194,1.1,,BA,WMD,"Clear and calm.  RS done at station.  Extememy salty (out of calibration range). WARNING: CONDUCTIVITY exceeds CLOSING Control True Value range of 2000 to 58650,"
FLAB14,P43542-12,112,"CHLOROPHYLL-A, CORRECTED",4/20/2009,1,ug/L,U,FLAB,RS,MON,SA,G,CHLA2,1,Y,A,0.5,,,WMD,1,25.1504805,-80.8092194,1.1,,BA,WMD,"sample clear.  Salinity out of conductivity range. WARNING: CONDUCTIVITY exceeds CLOSING Control True Value range of 2000 to 58650,"
FLAB14,P43542-13,112,"CHLOROPHYLL-A, CORRECTED",4/20/2009,1,ug/L,U,FLAB,RS,MON,SA,G,CHLA2,1,Y,A,0.5,,,WMD,1,25.1504805,-80.8092194,1.1,,BA,WMD,"sample clear.  salinity out of conductivity range. WARNING: CONDUCTIVITY exceeds CLOSING Control True Value range of 2000 to 58650,"
FLAB14,P43936-2,112,"CHLOROPHYLL-A, CORRECTED",5/18/2009,1,ug/L,U,FLAB,SAMP,MON,SA,G,CHLA2,1,Y,A,0.5,,,WMD,1,25.1504805,-80.8092194,1.2,,BA,WMD,Breezy and light chop.  SAmple clear.   SECCHI ON BOTTOM.  Extremely salty
FLAB14,P42963-5,113,CHLOROPHYLL-C,1/7/2009,1,ug/L,U,FLAB,SAMP,MON,SA,G,CHLC,1,Y,A,0.5,,,WMD,1,25.1504805,-80.8092194,0.6,,BA,WMD,Strong incoming flow.  sample clear with no visable solids.  light chop with increasing South winds.  Station is in very shallow water.  may want to consider moving off to the South.
FLAB14,P42978-2,113,CHLOROPHYLL-C,2/12/2009,1,ug/L,U,FLAB,SAMP,MON,SA,G,CHLC,1,Y,A,0.5,,,WMD,1,25.1504805,-80.8092194,0.8,,BA,WMD,Very clear warer and calm conditions.  Slight ripple.  Station in shallow water over seagrass beds.  Suggest moving it slightly to the South.
FLAB14,P43361-2,113,CHLOROPHYLL-C,3/16/2009,1,ug/L,U,FLAB,SAMP,MON,SA,G,CHLC,1,Y,A,0.5,,,WMD,1,25.1504805,-80.8092194,1.1,,BA,WMD,Clear calm conditiond and light flow.  Sample clear.
FLAB14,P43542-2,113,CHLOROPHYLL-C,4/20/2009,1,ug/L,U,FLAB,SAMP,MON,SA,G,CHLC,1,Y,A,0.5,,,WMD,1,25.1504805,-80.8092194,1.1,,BA,WMD,"Clear and calm.  RS done at station.  Extememy salty (out of calibration range). WARNING: CONDUCTIVITY exceeds CLOSING Control True Value range of 2000 to 58650,"
FLAB14,P43542-12,113,CHLOROPHYLL-C,4/20/2009,1,ug/L,U,FLAB,RS,MON,SA,G,CHLC,1,Y,A,0.5,,,WMD,1,25.1504805,-80.8092194,1.1,,BA,WMD,"sample clear.  Salinity out of conductivity range. WARNING: CONDUCTIVITY exceeds CLOSING Control True Value range of 2000 to 58650,"
FLAB14,P43542-13,113,CHLOROPHYLL-C,4/20/2009,1,ug/L,U,FLAB,RS,MON,SA,G,CHLC,1,Y,A,0.5,,,WMD,1,25.1504805,-80.8092194,1.1,,BA,WMD,"sample clear.  salinity out of conductivity range. WARNING: CONDUCTIVITY exceeds CLOSING Control True Value range of 2000 to 58650,"
FLAB14,P43936-2,113,CHLOROPHYLL-C,5/18/2009,1,ug/L,U,FLAB,SAMP,MON,SA,G,CHLC,1,Y,A,0.5,,,WMD,1,25.1504805,-80.8092194,1.2,,BA,WMD,Breezy and light chop.  SAmple clear.   SECCHI ON BOTTOM.  Extremely salty
FLAB14,FIU14993,168,ALKALINE PHOSPHATASE,4/6/1994,1.19,nM/minmL,A,FLAB,SAMP,MON,SA,G,APA,,N,A,0,,,FIU,0,25.1504805,-80.8092194,,,,FIU,
FLAB14,FIU14995,168,ALKALINE PHOSPHATASE,5/4/1994,5.09,nM/minmL,A,FLAB,SAMP,MON,SA,G,APA,,N,A,0,,,FIU,0,25.1504805,-80.8092194,,,,FIU,
FLAB14,FIU14997,168,ALKALINE PHOSPHATASE,6/8/1994,4.12,nM/minmL,A,FLAB,SAMP,MON,SA,G,APA,,N,A,0,,,FIU,0,25.1504805,-80.8092194,,,,FIU,
FLAB14,FIU14999,168,ALKALINE PHOSPHATASE,7/7/1994,3.95,nM/minmL,A,FLAB,SAMP,MON,SA,G,APA,,N,A,0,,,FIU,0,25.1504805,-80.8092194,,,,FIU,
FLAB14,FIU15001,168,ALKALINE PHOSPHATASE,8/4/1994,3.71,nM/minmL,A,FLAB,SAMP,MON,SA,G,APA,,N,A,0,,,FIU,0,25.1504805,-80.8092194,,,,FIU,
FLAB14,FIU15003,168,ALKALINE PHOSPHATASE,9/14/1994,4,nM/minmL,A,FLAB,SAMP,MON,SA,G,APA,,N,A,0,,,FIU,0,25.1504805,-80.8092194,,,,FIU,
FLAB14,FIU15005,168,ALKALINE PHOSPHATASE,10/5/1994,3.24,nM/minmL,A,FLAB,SAMP,MON,SA,G,APA,,N,A,0,,,FIU,0,25.1504805,-80.8092194,,,,FIU,
FLAB14,FIU15007,168,ALKALINE PHOSPHATASE,11/2/1994,4.15,nM/minmL,A,FLAB,SAMP,MON,SA,G,APA,,N,A,0,,,FIU,0,25.1504805,-80.8092194,,,,FIU,
FLAB14,FIU15009,168,ALKALINE PHOSPHATASE,11/22/1994,3.56,nM/minmL,A,FLAB,SAMP,MON,SA,G,APA,,N,A,0,,,FIU,0,25.1504805,-80.8092194,,,,FIU,
FLAB14,FIU15011,168,ALKALINE PHOSPHATASE,12/1/1994,4.18,nM/minmL,A,FLAB,SAMP,MON,SA,G,APA,,N,A,0,,,FIU,0,25.1504805,-80.8092194,,,,FIU,
FLAB14,FIU15013,168,ALKALINE PHOSPHATASE,1/5/1995,2.56,nM/minmL,,FLAB,SAMP,MON,SA,G,APA,,N,A,0,,,FIU,0,25.1504805,-80.8092194,,,,FIU,
FLAB14,FIU15015,168,ALKALINE PHOSPHATASE,2/2/1995,0.55,nM/minmL,,FLAB,SAMP,MON,SA,G,APA,,N,A,0,,,FIU,0,25.1504805,-80.8092194,,,,FIU,
FLAB14,FIU15017,168,ALKALINE PHOSPHATASE,3/1/1995,3.72,nM/minmL,,FLAB,SAMP,MON,SA,G,APA,,N,A,0,,,FIU,0,25.1504805,-80.8092194,,,,FIU,
FLAB14,FIU15019,168,ALKALINE PHOSPHATASE,4/19/1995,2.64,nM/minmL,,FLAB,SAMP,MON,SA,G,APA,,N,A,0,,,FIU,0,25.1504805,-80.8092194,,,,FIU,
FLAB14,FIU15021,168,ALKALINE PHOSPHATASE,5/24/1995,0.17,nM/minmL,,FLAB,SAMP,MON,SA,G,APA,,N,A,0,,,FIU,0,25.1504805,-80.8092194,,,,FIU,
FLAB14,FIU15023,168,ALKALINE PHOSPHATASE,6/21/1995,3.24,nM/minmL,,FLAB,SAMP,MON,SA,G,APA,,N,A,0,,,FIU,0,25.1504805,-80.8092194,,,,FIU,
FLAB14,FIU15025,168,ALKALINE PHOSPHATASE,7/12/1995,0.4,nM/minmL,,FLAB,SAMP,MON,SA,G,APA,,N,A,0,,,FIU,0,25.1504805,-80.8092194,,,,FIU,
FLAB14,FIU15027,168,ALKALINE PHOSPHATASE,8/11/1995,3.01,nM/minmL,,FLAB,SAMP,MON,SA,G,APA,,N,A,0,,,FIU,0,25.1504805,-80.8092194,,,,FIU,
FLAB14,FIU15029,168,ALKALINE PHOSPHATASE,9/6/1995,1.12,nM/minmL,,FLAB,SAMP,MON,SA,G,APA,,N,A,0,,,FIU,0,25.1504805,-80.8092194,,,,FIU,
FLAB14,FIU15031,168,ALKALINE PHOSPHATASE,10/22/1995,4.14,nM/minmL,,FLAB,SAMP,MON,SA,G,APA,,N,A,0,,,FIU,0,25.1504805,-80.8092194,,,,FIU,
FLAB14,FIU15033,168,ALKALINE PHOSPHATASE,11/17/1995,4,nM/minmL,,FLAB,SAMP,MON,SA,G,APA,,N,A,0,,,FIU,0,25.1504805,-80.8092194,,,,FIU,
FLAB14,FIU15035,168,ALKALINE PHOSPHATASE,12/14/1995,2.29,nM/minmL,,FLAB,SAMP,MON,SA,G,APA,,N,A,0,,,FIU,0,25.1504805,-80.8092194,,,,FIU,
FLAB14,FIU15037,168,ALKALINE PHOSPHATASE,1/23/1996,2.03,nM/minmL,,FLAB,SAMP,MON,SA,G,APA,,N,A,0,,,FIU,0,25.1504805,-80.8092194,,,,FIU,
FLAB14,FIU15039,168,ALKALINE PHOSPHATASE,2/12/1996,0.46,nM/minmL,,FLAB,SAMP,MON,SA,G,APA,,N,A,0,,,FIU,0,25.1504805,-80.8092194,,,,FIU,
FLAB14,FIU15041,168,ALKALINE PHOSPHATASE,3/22/1996,99,nM/minmL,NOB,FLAB,SAMP,MON,SA,G,APA,,Y,A,0,,,FIU,0,25.1504805,-80.8092194,,,,FIU,
FLAB14,FIU15043,168,ALKALINE PHOSPHATASE,4/25/1996,0.61,nM/minmL,,FLAB,SAMP,MON,SA,G,APA,,N,A,0,,,FIU,0,25.1504805,-80.8092194,,,,FIU,
FLAB14,FIU15045,168,ALKALINE PHOSPHATASE,5/10/1996,0.49,nM/minmL,,FLAB,SAMP,MON,SA,G,APA,,N,A,0,,,FIU,0,25.1504805,-80.8092194,,,,FIU,
FLAB14,FIU15047,168,ALKALINE PHOSPHATASE,6/6/1996,2.6,nM/minmL,,FLAB,SAMP,MON,SA,G,APA,,N,A,0,,,FIU,0,25.1504805,-80.8092194,,,,FIU,
FLAB14,FIU15049,168,ALKALINE PHOSPHATASE,7/4/1996,0.61,nM/minmL,,FLAB,SAMP,MON,SA,G,APA,,N,A,0.1,,,FIU,0,25.1504805,-80.8092194,,,,FIU,
FLAB14,FIU15051,168,ALKALINE PHOSPHATASE,8/22/1996,1.85,nM/minmL,,FLAB,SAMP,MON,SA,G,APA,,N,A,0.1,,,FIU,0,25.1504805,-80.8092194,,,,FIU,
FLAB14,FIU15053,168,ALKALINE PHOSPHATASE,9/14/1996,0.37,nM/minmL,,FLAB,SAMP,MON,SA,G,APA,,N,A,0.1,,,FIU,0,25.1504805,-80.8092194,,,,FIU,
FLAB14,FIU15055,168,ALKALINE PHOSPHATASE,10/15/1996,1.64,nM/minmL,,FLAB,SAMP,MON,SA,G,APA,,N,A,0.1,,,FIU,0,25.1504805,-80.8092194,,,,FIU,
FLAB14,FIU15057,168,ALKALINE PHOSPHATASE,11/7/1996,0.65,nM/minmL,,FLAB,SAMP,MON,SA,G,APA,,N,A,0.1,,,FIU,0,25.1504805,-80.8092194,,,,FIU,
FLAB14,FIU15059,168,ALKALINE PHOSPHATASE,12/6/1996,2,nM/minmL,,FLAB,SAMP,MON,SA,G,APA,,N,A,0.1,,,FIU,0,25.1504805,-80.8092194,,,,FIU,
FLAB14,FIU15061,168,ALKALINE PHOSPHATASE,1/8/1997,2.25,nM/minmL,L,FLAB,SAMP,MON,SA,G,APA,,N,A,0.1,,,FIU,0,25.1504805,-80.8092194,,,,FIU,
FLAB14,FIU15063,168,ALKALINE PHOSPHATASE,2/15/1997,0.78,nM/minmL,,FLAB,SAMP,MON,SA,G,APA,,N,A,0.1,,,FIU,0,25.1504805,-80.8092194,,,,FIU,
FLAB14,FIU15065,168,ALKALINE PHOSPHATASE,3/12/1997,0.21,nM/minmL,,FLAB,SAMP,MON,SA,G,APA,,N,A,0.1,,,FIU,0,25.1504805,-80.8092194,,,,FIU,
FLAB14,FIU15067,168,ALKALINE PHOSPHATASE,4/16/1997,0.53,nM/minmL,,FLAB,SAMP,MON,SA,G,APA,,N,A,0.1,,,FIU,0,25.1504805,-80.8092194,,,,FIU,
FLAB14,FIU15069,168,ALKALINE PHOSPHATASE,5/22/1997,2.27,nM/minmL,,FLAB,SAMP,MON,SA,G,APA,,N,A,0.1,,,FIU,0,25.1504805,-80.8092194,,,,FIU,
FLAB14,FIU15071,168,ALKALINE PHOSPHATASE,6/12/1997,0.83,nM/minmL,,FLAB,SAMP,MON,SA,G,APA,,N,A,0.1,,,FIU,0,25.1504805,-80.8092194,,,,FIU,
FLAB14,FIU15073,168,ALKALINE PHOSPHATASE,7/10/1997,1.79,nM/minmL,L,FLAB,SAMP,MON,SA,G,APA,,N,A,0.1,,,FIU,0,25.1504805,-80.8092194,,,,FIU,
FLAB14,FIU15074,168,ALKALINE PHOSPHATASE,8/20/1997,1.81,nM/minmL,L,FLAB,SAMP,MON,SA,G,APA,,N,A,0.1,,,FIU,0,25.1504805,-80.8092194,,,,FIU,
FLAB14,FIU15076,168,ALKALINE PHOSPHATASE,9/10/1997,2.79,nM/minmL,,FLAB,SAMP,MON,SA,G,APA,,N,A,0.1,,,FIU,0,25.1504805,-80.8092194,,,,FIU,
FLAB14,FIU15078,168,ALKALINE PHOSPHATASE,10/21/1997,3.71,nM/minmL,,FLAB,SAMP,MON,SA,G,APA,,N,A,0.1,,,FIU,0,25.1504805,-80.8092194,,,,FIU,
FLAB14,FIU15080,168,ALKALINE PHOSPHATASE,11/25/1997,0.36,nM/minmL,,FLAB,SAMP,MON,SA,G,APA,,N,A,0.1,,,FIU,0,25.1504805,-80.8092194,,,,FIU,
FLAB14,FIU15082,168,ALKALINE PHOSPHATASE,12/12/1997,0.47,nM/minmL,,FLAB,SAMP,MON,SA,G,APA,,N,A,0.1,,,FIU,0,25.1504805,-80.8092194,,,,FIU,
FLAB14,FIU15084,168,ALKALINE PHOSPHATASE,1/21/1998,0.2,nM/minmL,,FLAB,SAMP,MON,SA,G,APA,,N,A,0.1,,,FIU,0,25.1504805,-80.8092194,,,,FIU,
FLAB14,FIU15086,168,ALKALINE PHOSPHATASE,2/18/1998,0.42,nM/minmL,,FLAB,SAMP,MON,SA,G,APA,,N,A,0.1,,,FIU,0,25.1504805,-80.8092194,,,,FIU,
FLAB14,FIU15088,168,ALKALINE PHOSPHATASE,3/20/1998,0.33,nM/minmL,,FLAB,SAMP,MON,SA,G,APA,,N,A,0.1,,,FIU,0,25.1504805,-80.8092194,,,,FIU,
FLAB14,FIU15090,168,ALKALINE PHOSPHATASE,4/15/1998,0.26,nM/minmL,,FLAB,SAMP,MON,SA,G,APA,,N,A,0.1,,,FIU,0,25.1504805,-80.8092194,,,,FIU,
FLAB14,FIU15092,168,ALKALINE PHOSPHATASE,5/14/1998,0.34,nM/minmL,,FLAB,SAMP,MON,SA,G,APA,,N,A,0.1,,,FIU,0,25.1504805,-80.8092194,,,,FIU,
FLAB14,FIU15094,168,ALKALINE PHOSPHATASE,6/10/1998,0.49,nM/minmL,,FLAB,SAMP,MON,SA,G,APA,,N,A,0.1,,,FIU,0,25.1504805,-80.8092194,,,,FIU,
FLAB14,FIU15096,168,ALKALINE PHOSPHATASE,7/14/1998,0.32,nM/minmL,,FLAB,SAMP,MON,SA,G,APA,,N,A,0.1,,,FIU,0,25.1504805,-80.8092194,,,,FIU,
FLAB14,FIU15100,168,ALKALINE PHOSPHATASE,9/17/1998,1.38,nM/minmL,,FLAB,SAMP,MON,SA,G,APA,,N,A,0.1,,,FIU,0,25.1504805,-80.8092194,,,,FIU,
FLAB14,FIU15102,168,ALKALINE PHOSPHATASE,9/30/1998,2.01,nM/minmL,,FLAB,SAMP,MON,SA,G,APA,,N,A,0.1,,,FIU,0,25.1504805,-80.8092194,,,,FIU,
FLAB14,FIU15104,168,ALKALINE PHOSPHATASE,11/3/1998,1.83,nM/minmL,,FLAB,SAMP,MON,SA,G,APA,,N,A,0.1,,,FIU,0,25.1504805,-80.8092194,,,,FIU,
FLAB14,FIU15106,168,ALKALINE PHOSPHATASE,12/1/1998,2.42,nM/minmL,,FLAB,SAMP,MON,SA,G,APA,,N,A,0.1,,,FIU,0,25.1504805,-80.8092194,,,,FIU,
FLAB14,FIU15108,168,ALKALINE PHOSPHATASE,1/14/1999,2.94,nM/minmL,,FLAB,SAMP,MON,SA,G,APA,,N,A,0.1,,,FIU,0,25.1504805,-80.8092194,,,,FIU,
FLAB14,FIU15110,168,ALKALINE PHOSPHATASE,2/10/1999,3.05,nM/minmL,,FLAB,SAMP,MON,SA,G,APA,,N,A,0.1,,,FIU,0,25.1504805,-80.8092194,,,,FIU,
FLAB14,FIU15112,168,ALKALINE PHOSPHATASE,3/23/1999,0.36,nM/minmL,,FLAB,SAMP,MON,SA,G,APA,,N,A,0.1,,,FIU,0,25.1504805,-80.8092194,,,,FIU,
FLAB14,FIU15114,168,ALKALINE PHOSPHATASE,4/29/1999,2.63,nM/minmL,,FLAB,SAMP,MON,SA,G,APA,,N,A,0.1,,,FIU,0,25.1504805,-80.8092194,,,,FIU,
FLAB14,FIU15116,168,ALKALINE PHOSPHATASE,5/28/1999,2.17,nM/minmL,,FLAB,SAMP,MON,SA,G,APA,,N,A,0.1,,,FIU,0,25.1504805,-80.8092194,,,,FIU,
FLAB14,FIU15118,168,ALKALINE PHOSPHATASE,6/17/1999,0.59,nM/minmL,,FLAB,SAMP,MON,SA,G,APA,,N,A,0.1,,,FIU,0,25.1504805,-80.8092194,,,,FIU,
FLAB14,FIU15120,168,ALKALINE PHOSPHATASE,7/6/1999,2.18,nM/minmL,,FLAB,SAMP,MON,SA,G,APA,,N,A,0.1,,,FIU,0,25.1504805,-80.8092194,,,,FIU,
FLAB14,FIU15122,168,ALKALINE PHOSPHATASE,8/24/1999,1.26,nM/minmL,,FLAB,SAMP,MON,SA,G,APA,,N,A,0.1,,,FIU,0,25.1504805,-80.8092194,,,,FIU,
FLAB14,FIU15124,168,ALKALINE PHOSPHATASE,9/23/1999,2.02,nM/minmL,,FLAB,SAMP,MON,SA,G,APA,,N,A,0.1,,,FIU,0,25.1504805,-80.8092194,,,,FIU,
FLAB14,FIU15126,168,ALKALINE PHOSPHATASE,10/26/1999,2.67,nM/minmL,,FLAB,SAMP,MON,SA,G,APA,,N,A,0.1,,,FIU,0,25.1504805,-80.8092194,,,,FIU,
FLAB14,FIU15128,168,ALKALINE PHOSPHATASE,11/12/1999,2.46,nM/minmL,,FLAB,SAMP,MON,SA,G,APA,,N,A,0.1,,,FIU,0,25.1504805,-80.8092194,,,,FIU,
FLAB14,FIU15130,168,ALKALINE PHOSPHATASE,12/3/1999,1.71,nM/minmL,,FLAB,SAMP,MON,SA,G,APA,,N,A,0.1,,,FIU,0,25.1504805,-80.8092194,,,,FIU,
FLAB14,FIU15132,168,ALKALINE PHOSPHATASE,1/25/2000,1.25,nM/minmL,,FLAB,SAMP,MON,SA,G,APA,,N,A,0.1,,,FIU,0,25.1504805,-80.8092194,,,,FIU,
FLAB14,FIU15134,168,ALKALINE PHOSPHATASE,2/28/2000,2.12,nM/minmL,,FLAB,SAMP,MON,SA,G,APA,,N,A,0.1,,,FIU,0,25.1504805,-80.8092194,,,,FIU,
FLAB14,FIU15136,168,ALKALINE PHOSPHATASE,3/21/2000,1.03,nM/minmL,,FLAB,SAMP,MON,SA,G,APA,,N,A,0.1,,,FIU,0,25.1504805,-80.8092194,,,,FIU,
FLAB14,FIU15138,168,ALKALINE PHOSPHATASE,4/13/2000,1.7,nM/minmL,,FLAB,SAMP,MON,SA,G,APA,,N,A,0.1,,,FIU,0,25.1504805,-80.8092194,,,,FIU,
FLAB14,FIU15140,168,ALKALINE PHOSPHATASE,5/30/2000,0.66,nM/minmL,,FLAB,SAMP,MON,SA,G,APA,,N,A,0.1,,,FIU,0,25.1504805,-80.8092194,,,,FIU,
FLAB14,FIU15142,168,ALKALINE PHOSPHATASE,6/20/2000,0.42,nM/minmL,,FLAB,SAMP,MON,SA,G,APA,,N,A,0.1,,,FIU,0,25.1504805,-80.8092194,,,,FIU,
FLAB14,FIU15144,168,ALKALINE PHOSPHATASE,7/20/2000,0.66,nM/minmL,,FLAB,SAMP,MON,SA,G,APA,,N,A,0.1,,,FIU,0,25.1504805,-80.8092194,,,,FIU,
FLAB14,FIU15146,168,ALKALINE PHOSPHATASE,8/29/2000,1.57,nM/minmL,,FLAB,SAMP,MON,SA,G,APA,,N,A,0.1,,,FIU,0,25.1504805,-80.8092194,,,,FIU,
FLAB14,FIU15148,168,ALKALINE PHOSPHATASE,9/29/2000,2.62,nM/minmL,,FLAB,SAMP,MON,SA,G,APA,,N,A,0.1,,,FIU,0,25.1504805,-80.8092194,,,,FIU,
FLAB14,FIU15150,168,ALKALINE PHOSPHATASE,10/26/2000,2.67,nM/minmL,,FLAB,SAMP,MON,SA,G,APA,,N,A,0.1,,,FIU,0,25.1504805,-80.8092194,,,,FIU,
FLAB14,FIU15152,168,ALKALINE PHOSPHATASE,11/30/2000,0.67,nM/minmL,,FLAB,SAMP,MON,SA,G,APA,,N,A,0.1,,,FIU,0,25.1504805,-80.8092194,,,,FIU,
FLAB14,FIU15154,168,ALKALINE PHOSPHATASE,12/11/2000,2.5,nM/minmL,,FLAB,SAMP,MON,SA,G,APA,,N,A,0.1,,,FIU,0,25.1504805,-80.8092194,,,,FIU,
FLAB14,FIU15156,168,ALKALINE PHOSPHATASE,1/25/2001,0.17,nM/minmL,,FLAB,SAMP,MON,SA,G,APA,,N,A,0.1,,,FIU,0,25.1504805,-80.8092194,,,,FIU,
FLAB14,FIU15158,168,ALKALINE PHOSPHATASE,2/21/2001,0.27,nM/minmL,,FLAB,SAMP,MON,SA,G,APA,,N,A,0.1,,,FIU,0,25.1504805,-80.8092194,,,,FIU,
FLAB14,FIU15160,168,ALKALINE PHOSPHATASE,3/6/2001,0.27,nM/minmL,,FLAB,SAMP,MON,SA,G,APA,,N,A,0.1,,,FIU,0,25.1504805,-80.8092194,,,,FIU,
FLAB14,FIU15162,168,ALKALINE PHOSPHATASE,4/3/2001,0.39,nM/minmL,,FLAB,SAMP,MON,SA,G,APA,,N,A,0.1,,,FIU,0,25.1504805,-80.8092194,,,,FIU,
FLAB14,FIU15164,168,ALKALINE PHOSPHATASE,5/2/2001,0.2,nM/minmL,,FLAB,SAMP,MON,SA,G,APA,,N,A,0.1,,,FIU,0,25.1504805,-80.8092194,,,,FIU,
FLAB14,FIU110784,168,ALKALINE PHOSPHATASE,6/5/2001,99,nM/minmL,U,FLAB,SAMP,MON,SA,G,APA,,Y,A,0.1,,,FIU,0,25.1504805,-80.8092194,,,,FIU,
FLAB14,FIU15166,168,ALKALINE PHOSPHATASE,7/12/2001,0.91,nM/minmL,,FLAB,SAMP,MON,SA,G,APA,,N,A,0.1,,,FIU,0,25.1504805,-80.8092194,,,,FIU,
FLAB14,FIU15168,168,ALKALINE PHOSPHATASE,8/14/2001,1.64,nM/minmL,,FLAB,SAMP,MON,SA,G,APA,,N,A,0.1,,,FIU,0,25.1504805,-80.8092194,,,,FIU,
FLAB14,FIU15170,168,ALKALINE PHOSPHATASE,9/5/2001,1.27,nM/minmL,,FLAB,SAMP,MON,SA,G,APA,,N,A,0.1,,,FIU,0,25.1504805,-80.8092194,,,,FIU,
FLAB14,FIU110486,168,ALKALINE PHOSPHATASE,10/23/2001,1.42,nM/minmL,,FLAB,SAMP,MON,SA,G,APA,,N,A,0.1,,,FIU,0,25.1504805,-80.8092194,,,,FIU,
FLAB14,FIU110488,168,ALKALINE PHOSPHATASE,11/8/2001,0.22,nM/minmL,,FLAB,SAMP,MON,SA,G,APA,,N,A,0.1,,,FIU,0,25.1504805,-80.8092194,,,,FIU,
FLAB14,FIU110490,168,ALKALINE PHOSPHATASE,12/3/2001,2.35,nM/minmL,,FLAB,SAMP,MON,SA,G,APA,,N,A,0.1,,,FIU,0,25.1504805,-80.8092194,,,,FIU,
FLAB14,FIU113118,168,ALKALINE PHOSPHATASE,1/29/2002,1.64,nM/minmL,,FLAB,SAMP,MON,SA,G,APA,,N,A,0.1,,,FIU,0,25.1504805,-80.8092194,,,,FIU,
FLAB14,FIU113122,168,ALKALINE PHOSPHATASE,3/19/2002,0.34,nM/minmL,,FLAB,SAMP,MON,SA,G,APA,,N,A,0.1,,,FIU,0,25.1504805,-80.8092194,,,,FIU,
FLAB14,134014,168,ALKALINE PHOSPHATASE,4/9/2002,0.63,nM/minmL,Q,FLAB,SAMP,MON,SA,G,APA,,N,A,0.1,,,FIU,0,25.1504805,-80.8092194,,,,FIU,
FLAB14,135014,168,ALKALINE PHOSPHATASE,5/15/2002,0.3,nM/minmL,,FLAB,SAMP,MON,SA,G,APA,,N,A,0.1,,,FIU,0,25.1504805,-80.8092194,,,,FIU,
FLAB14,136014,168,ALKALINE PHOSPHATASE,6/4/2002,0.44,nM/minmL,,FLAB,SAMP,MON,SA,G,APA,,N,A,0.1,,,FIU,0,25.1504805,-80.8092194,,,,FIU,
FLAB14,137014,168,ALKALINE PHOSPHATASE,7/11/2002,0.94,nM/minmL,,FLAB,SAMP,MON,SA,G,APA,,N,A,0.1,,,FIU,0,25.1504805,-80.8092194,,,,FIU,
FLAB14,138014,168,ALKALINE PHOSPHATASE,8/19/2002,1.15,nM/minmL,,FLAB,SAMP,MON,SA,G,APA,,N,A,0.1,,,FIU,0,25.1504805,-80.8092194,,,,FIU,
FLAB14,139014,168,ALKALINE PHOSPHATASE,9/17/2002,2.27,nM/minmL,,FLAB,SAMP,MON,SA,G,APA,,N,A,0.1,,,FIU,0,25.1504805,-80.8092194,,,,FIU,
FLAB14,140014,168,ALKALINE PHOSPHATASE,10/17/2002,1.14,nM/minmL,,FLAB,SAMP,MON,SA,G,APA,,N,A,0.1,,,FIU,0,25.1504805,-80.8092194,,,,FIU,
FLAB14,141014,168,ALKALINE PHOSPHATASE,11/14/2002,1.78,nM/minmL,,FLAB,SAMP,MON,SA,G,APA,,N,A,0.1,,,FIU,0,25.1504805,-80.8092194,,,,FIU,
FLAB14,142014,168,ALKALINE PHOSPHATASE,12/11/2002,1.05,nM/minmL,,FLAB,SAMP,MON,SA,G,APA,,N,A,0.1,,,FIU,0,25.1504805,-80.8092194,,,,FIU,
FLAB14,143014,168,ALKALINE PHOSPHATASE,1/28/2003,0.11,nM/minmL,,FLAB,SAMP,MON,SA,G,APA,,N,A,0.1,,,FIU,0,25.1504805,-80.8092194,,,,FIU,
FLAB14,144014,168,ALKALINE PHOSPHATASE,2/25/2003,0.25,nM/minmL,,FLAB,SAMP,MON,SA,G,APA,,N,A,0.1,,,FIU,0,25.1504805,-80.8092194,,,,FIU,
FLAB14,145014,168,ALKALINE PHOSPHATASE,3/13/2003,0.23,nM/minmL,,FLAB,SAMP,MON,SA,G,APA,,N,A,0.1,,,FIU,0,25.1504805,-80.8092194,,,,FIU,
FLAB14,146014,168,ALKALINE PHOSPHATASE,4/9/2003,0.16,nM/minmL,,FLAB,SAMP,MON,SA,G,APA,,N,A,0.1,,,FIU,0,25.1504805,-80.8092194,,,,FIU,
FLAB14,147014,168,ALKALINE PHOSPHATASE,5/8/2003,0.67,nM/minmL,,FLAB,SAMP,MON,SA,G,APA,,N,A,0.1,,,FIU,0,25.1504805,-80.8092194,,,,FIU,
FLAB14,148014,168,ALKALINE PHOSPHATASE,6/10/2003,0.98,nM/minmL,,FLAB,SAMP,MON,SA,G,APA,,N,A,0.1,,,FIU,0,25.1504805,-80.8092194,,,,FIU,
FLAB14,149014,168,ALKALINE PHOSPHATASE,7/1/2003,1.16,nM/minmL,,FLAB,SAMP,MON,SA,G,APA,,N,A,0.1,,,FIU,0,25.1504805,-80.8092194,,,,FIU,
FLAB14,150014,168,ALKALINE PHOSPHATASE,8/25/2003,1.15,nM/minmL,,FLAB,SAMP,MON,SA,G,APA,,N,A,0.1,,,FIU,0,25.1504805,-80.8092194,,,,FIU,
FLAB14,151014,168,ALKALINE PHOSPHATASE,9/9/2003,0.5,nM/minmL,,FLAB,SAMP,MON,SA,G,APA,,N,A,0.1,,,FIU,0,25.1504805,-80.8092194,,,,FIU,
FLAB14,152014,168,ALKALINE PHOSPHATASE,10/15/2003,0.35,nM/minmL,,FLAB,SAMP,MON,SA,G,APA,,N,A,0.1,,,FIU,0,25.1504805,-80.8092194,,,,FIU,
FLAB14,153014,168,ALKALINE PHOSPHATASE,11/7/2003,2.34,nM/minmL,,FLAB,SAMP,MON,SA,G,APA,,N,A,0.1,,,FIU,0,25.1504805,-80.8092194,,,,FIU,
FLAB14,154014,168,ALKALINE PHOSPHATASE,12/3/2003,1.33,nM/minmL,,FLAB,SAMP,MON,SA,G,APA,,N,A,0.1,,,FIU,0,25.1504805,-80.8092194,,,,FIU,
FLAB14,155014,168,ALKALINE PHOSPHATASE,1/21/2004,0.1,nM/minmL,,FLAB,SAMP,MON,SA,G,APA,,N,A,0.1,,,FIU,0,25.1504805,-80.8092194,,,,FIU,
FLAB14,156014,168,ALKALINE PHOSPHATASE,2/24/2004,0.26,nM/minmL,,FLAB,SAMP,MON,SA,G,APA,,N,A,0.1,,,FIU,0,25.1504805,-80.8092194,,,,FIU,
FLAB14,157014,168,ALKALINE PHOSPHATASE,3/23/2004,0.53,nM/minmL,,FLAB,SAMP,MON,SA,G,APA,,N,A,0.1,,,FIU,0,25.1504805,-80.8092194,,,,FIU,
FLAB14,158014,168,ALKALINE PHOSPHATASE,4/21/2004,0.23,nM/minmL,,FLAB,SAMP,MON,SA,G,APA,,N,A,0.1,,,FIU,0,25.1504805,-80.8092194,,,,WMD,
FLAB14,159014,168,ALKALINE PHOSPHATASE,5/21/2004,0.21,nM/minmL,,FLAB,SAMP,MON,SA,G,APA,,N,A,0.1,,,FIU,0,25.1504805,-80.8092194,,,,FIU,
FLAB14,160014,168,ALKALINE PHOSPHATASE,6/28/2004,0.29,nM/minmL,,FLAB,SAMP,MON,SA,G,APA,,N,A,0.1,,,FIU,0,25.1504805,-80.8092194,,,,FIU,
FLAB14,161014,168,ALKALINE PHOSPHATASE,7/27/2004,0.88,nM/minmL,,FLAB,SAMP,MON,SA,G,APA,,N,A,0.1,,,FIU,0,25.1504805,-80.8092194,,,,FIU,
FLAB14,162014,168,ALKALINE PHOSPHATASE,8/24/2004,0.67,nM/minmL,,FLAB,SAMP,MON,SA,G,APA,,N,A,0.1,,,FIU,0,25.1504805,-80.8092194,,,,FIU,
FLAB14,163014,168,ALKALINE PHOSPHATASE,9/28/2004,0.53,nM/minmL,,FLAB,SAMP,MON,SA,G,APA,,N,A,0.1,,,FIU,0,25.1504805,-80.8092194,,,,FIU,
FLAB14,164014,168,ALKALINE PHOSPHATASE,10/26/2004,2.91,nM/minmL,,FLAB,SAMP,MON,SA,G,APA,,N,A,0.1,,,FIU,0,25.1504805,-80.8092194,,,,FIU,
FLAB14,165014,168,ALKALINE PHOSPHATASE,11/29/2004,1.97,nM/minmL,,FLAB,SAMP,MON,SA,G,APA,,N,A,0.1,,,FIU,0,25.1504805,-80.8092194,,,,FIU,
FLAB14,166014,168,ALKALINE PHOSPHATASE,12/14/2004,0.19,nM/minmL,,FLAB,SAMP,MON,SA,G,APA,,N,A,0.1,,,FIU,0,25.1504805,-80.8092194,,,,FIU,
FLAB14,P50070-11,178,"CHLOROPHYLL-A, SALINE",11/16/2010,0.004,ug/L,U,FLAB,FCEB,MON,DI,G,CHLAS,0.004,Y,A,0,,,WMD,0,25.1504805,-80.8092194,,,BA,WMD,"DI, niskin, bucket, syringe, filter, sample bottle.  FCEB taken at FLAB14."
FLAB14,P52279-7,178,"CHLOROPHYLL-A, SALINE",4/5/2011,0.004,ug/L,U,FLAB,FCEB,MON,DI,G,CHLAS,0.004,Y,A,0,,,WMD,0,25.1504805,-80.8092194,,,BA,WMD,"FCEB. DI,NISKEN,BUCKET,SYRINGE,FILTER,SAMPLE BOTTLE. FCEB COLLECTED @ STATION FLAB 14"
FLAB14,P52280-7,178,"CHLOROPHYLL-A, SALINE",5/3/2011,0.004,ug/L,U,FLAB,FCEB,MON,DI,G,CHLAS,0.004,Y,A,0,,,WMD,1,25.1504805,-80.8092194,,,BA,WMD,"FCEB. DI,Nisken,Bucket,Syringe,Filter,Sample Bottle. FCDE taken @ station FLAB14"
FLAB14,P55313-7,178,"CHLOROPHYLL-A, SALINE",4/12/2012,0.004,ug/L,U,FLAB,FCEB,MON,DI,G,CHLAS,0.004,Y,A,,,,WMD,0,25.1504805,-80.8092194,,,BA,WMD,FCEB
FLAB14,P61818-7,178,"CHLOROPHYLL-A, SALINE",2/5/2013,0.004,ug/L,"I,J",FLAB,FCEB,MON,DI,G,CHLAS,0.004,N,A,,,,WMD,0,25.1504805,-80.8092194,,,BA,WMD,FCEB.
FLAB14,P65941-7,178,"CHLOROPHYLL-A, SALINE",10/28/2013,0.004,ug/L,U,FLAB,FCEB,MON,DI,G,CHLAS,0.004,Y,A,,,,WMD,0,25.1504805,-80.8092194,,,PD,WMD,
FLAB14,P42963-5,178,"CHLOROPHYLL-A, SALINE",1/7/2009,0.3265,ug/L,J,FLAB,SAMP,MON,SA,G,CHLAS,0.0056,N,A,0.5,,,WMD,1,25.1504805,-80.8092194,,,BA,WMD,Strong incoming flow.  sample clear with no visable solids.  light chop with increasing South winds.  Station is in very shallow water.  may want to consider moving off to the South.
FLAB14,P42978-2,178,"CHLOROPHYLL-A, SALINE",2/12/2009,0.2177,ug/L,J,FLAB,SAMP,MON,SA,G,CHLAS,0.0062,N,A,0.5,,,WMD,1,25.1504805,-80.8092194,,,BA,WMD,Very clear warer and calm conditions.  Slight ripple.  Station in shallow water over seagrass beds.  Suggest moving it slightly to the South.
FLAB14,P43361-2,178,"CHLOROPHYLL-A, SALINE",3/16/2009,0.1646,ug/L,J,FLAB,SAMP,MON,SA,G,CHLAS,0.0062,N,A,0.5,,,WMD,1,25.1504805,-80.8092194,,,BA,WMD,Clear calm conditiond and light flow.  Sample clear.
FLAB14,P43542-2,178,"CHLOROPHYLL-A, SALINE",4/20/2009,0.2443,ug/L,J,FLAB,SAMP,MON,SA,G,CHLAS,0.0062,N,A,0.5,,,WMD,1,25.1504805,-80.8092194,,,BA,WMD,"Clear and calm.  RS done at station.  Extememy salty (out of calibration range). WARNING: CONDUCTIVITY exceeds CLOSING Control True Value range of 2000 to 58650,"
FLAB14,P43542-12,178,"CHLOROPHYLL-A, SALINE",4/20/2009,0.2306,ug/L,J,FLAB,RS,MON,SA,G,CHLAS,0.0062,N,A,0.5,,,WMD,1,25.1504805,-80.8092194,,,BA,WMD,"sample clear.  Salinity out of conductivity range. WARNING: CONDUCTIVITY exceeds CLOSING Control True Value range of 2000 to 58650,"
FLAB14,P43542-13,178,"CHLOROPHYLL-A, SALINE",4/20/2009,0.1968,ug/L,J,FLAB,RS,MON,SA,G,CHLAS,0.0062,N,A,0.5,,,WMD,1,25.1504805,-80.8092194,,,BA,WMD,"sample clear.  salinity out of conductivity range. WARNING: CONDUCTIVITY exceeds CLOSING Control True Value range of 2000 to 58650,"
FLAB14,P43936-2,178,"CHLOROPHYLL-A, SALINE",5/18/2009,0.3,ug/L,,FLAB,SAMP,MON,SA,G,CHLAS,0.03,N,A,0.5,,,WMD,1,25.1504805,-80.8092194,1.2,,BA,WMD,Breezy and light chop.  SAmple clear.   SECCHI ON BOTTOM.  Extremely salty
FLAB14,P43955-2,178,"CHLOROPHYLL-A, SALINE",6/11/2009,1.32,ug/L,,FLAB,SAMP,MON,SA,G,CHLAS,0.03,N,A,0.5,,,WMD,1,25.1504805,-80.8092194,1.1,,BA,WMD,Clear and calm.  Sample clear of solids.   SECCHI ON BOTTOM.  High salinity.
FLAB14,P44584-2,178,"CHLOROPHYLL-A, SALINE",7/20/2009,0.756,ug/L,,FLAB,SAMP,MON,SA,G,CHLAS,0.006,N,A,0.5,m,,WMD,1,25.1504805,-80.8092194,,,BA,WMD,"sample light yellow, low solids.  very calm conditions, clear water. SECCHI ON BOTTOM."
FLAB14,P44716-2,178,"CHLOROPHYLL-A, SALINE",8/17/2009,1.73,ug/L,,FLAB,SAMP,MON,SA,G,CHLAS,0.006,N,A,0.5,m,,WMD,1,25.1504805,-80.8092194,,,BA,WMD,"Sample clear, no visible solids.   SECCHI ON BOTTOM. Slight chop with a lot of foam on water surface.  Very windy (15-20 knots).  Mostly sunny with some cloud coverage, temperature low to mid 90's degrees F."
FLAB14,P45422-2,178,"CHLOROPHYLL-A, SALINE",9/14/2009,3.82,ug/L,,FLAB,SAMP,MON,SA,G,CHLAS,0.004,N,A,0.5,m,,WMD,1,25.1504805,-80.8092194,,,BA,WMD,"Comments too long, see field notes."
FLAB14,P45906-2,178,"CHLOROPHYLL-A, SALINE",10/12/2009,7.64,ug/L,,FLAB,SAMP,MON,SA,G,CHLAS,0.01,N,A,0.5,m,,WMD,1,25.1504805,-80.8092194,,,BA,WMD,Sample yellow with low solids. SECCHI ON BOTTOM. Low flow. Less than 0.5' chop with winds approx. 15-20 mph. FCEB taken at this station.
FLAB14,P45906-11,178,"CHLOROPHYLL-A, SALINE",10/12/2009,0.018,ug/L,J,FLAB,FCEB,MON,SA,G,CHLAS,0.004,N,A,,,,WMD,1,25.1504805,-80.8092194,,,BA,WMD,DI->Niskin->Bucket->Syringe->Filter->Bottle. FCEB taken at FLAB14.
FLAB14,P46184-2,178,"CHLOROPHYLL-A, SALINE",11/11/2009,1.12,ug/L,,FLAB,SAMP,MON,SA,G,CHLAS,0.004,N,A,0.5,m,,WMD,1,25.1504805,-80.8092194,,,BA,WMD,"Sample light yellow, with no visible solids.  Moderate chop, low flow.  Winds 20-25 mph. Heavy storms in close proximity.   SECCHI ON BOTTOM."
FLAB14,P46552-2,178,"CHLOROPHYLL-A, SALINE",12/7/2009,1.13,ug/L,,FLAB,SAMP,MON,SA,G,CHLAS,0.004,N,A,0.5,m,,WMD,1,25.1504805,-80.8092194,,,BA,WMD,"Sample pale yellow, with no visible solids.  Low flow.  Winds 5-10 mph.  No chop, calm water.  DO has been  highter at this station.   SECCHI ON BOTTOM."
FLAB14,P46793-4,178,"CHLOROPHYLL-A, SALINE",1/11/2010,0.311,ug/L,,FLAB,SAMP,MON,SA,G,CHLAS,0.004,N,A,0.5,m,,WMD,1,25.1504805,-80.8092194,,,BA,WMD,Comments are too long. See field notes.
FLAB14,P47183-4,178,"CHLOROPHYLL-A, SALINE",2/8/2010,0.433,ug/L,,FLAB,SAMP,MON,SA,G,CHLAS,0.004,N,A,0.5,m,,WMD,1,25.1504805,-80.8092194,,,BA,WMD,"Sample light yellow, low solids.  Minimal chop.  Low flow.  Winds 5-15mph.   SECCHI ON BOTTOM."
FLAB14,P47472-4,178,"CHLOROPHYLL-A, SALINE",3/8/2010,1.1,ug/L,,FLAB,SAMP,MON,SA,G,CHLAS,0.004,N,A,0.5,m,,WMD,1,25.1504805,-80.8092194,,,BA,WMD,"Sample pale yellow with no visible solids. Calm conditions, minimal chop. SECCHI ON BOTTOM. Low flow."
FLAB14,P47828-4,178,"CHLOROPHYLL-A, SALINE",4/12/2010,0.349,ug/L,,FLAB,SAMP,MON,SA,G,CHLAS,0.004,N,A,0.5,m,,WMD,1,25.1504805,-80.8092194,,,BA,WMD,"Sample light yellow, no visible solids.  Low flow.  Moderate chop.  Winds 15-20mph.   SECCHI ON BOTTOM."
FLAB14,P47828-11,178,"CHLOROPHYLL-A, SALINE",4/12/2010,0.01,ug/L,"I,J",FLAB,FCEB,MON,SA,G,CHLAS,0.004,N,A,0,,,WMD,0,25.1504805,-80.8092194,,,BA,WMD,"DI, niskin, bucket, syringe, filter, sample bottle.  FCEB taken at FLAB14"
FLAB14,P48081-4,178,"CHLOROPHYLL-A, SALINE",5/10/2010,0.544,ug/L,,FLAB,SAMP,MON,SA,G,CHLAS,0.004,N,A,0.5,m,,WMD,1,25.1504805,-80.8092194,,,BA,WMD,"Sample light yellow, low solids.  Low flow.  Calm water, minimal chop.  Winds 15-18mph.   SECCHI ON BOTTOM."
FLAB14,P48379-4,178,"CHLOROPHYLL-A, SALINE",6/7/2010,2.24,ug/L,,FLAB,SAMP,MON,SA,G,CHLAS,0.004,N,A,0.5,m,,WMD,1,25.1504805,-80.8092194,,,BA,WMD,Sample is light green with low suspended solids present. Low flow with minimal chop ripple less than 3 inches and constant 12 mph winds. SECCHI ON BOTTOM.
FLAB14,P48379-11,178,"CHLOROPHYLL-A, SALINE",6/7/2010,0.004,ug/L,U,FLAB,FCEB,MON,SA,G,CHLAS,0.004,Y,A,0,,,WMD,0,25.1504805,-80.8092194,,,BA,WMD,"DI, niskin, bucket, syringe, filter, sample bottle, FCEB taken @ FLAB14."
FLAB14,P48679-4,178,"CHLOROPHYLL-A, SALINE",7/20/2010,0.836,ug/L,,FLAB,SAMP,MON,SA,G,CHLAS,0.004,N,A,0.5,m,,WMD,1,25.1504805,-80.8092194,,,BA,WMD,"Sample light green, low solids.  Moderate chop, 1-2 foot chop.  Low flow. Winds 15-20mph.   SECCHI ON BOTTOM."
FLAB14,P48893-4,178,"CHLOROPHYLL-A, SALINE",8/16/2010,1.12,ug/L,,FLAB,SAMP,MON,SA,G,CHLAS,0.004,N,A,0.5,m,,WMD,1,25.1504805,-80.8092194,,,BA,WMD,"Sample pale yellow, with low solids.  Low flow.  Calm water, no chop.  Winds 5-7mph. SECCHI ON BOTTOM."
FLAB14,P49171-4,178,"CHLOROPHYLL-A, SALINE",9/21/2010,0.97,ug/L,,FLAB,SAMP,MON,SA,G,CHLAS,0.01,N,A,0.5,m,,WMD,1,25.1504805,-80.8092194,,,BA,WMD,"Sample light green, low solids.  Light chop, .5-1.5 foot seas.  Winds 15mph, with 20mph gusts.  Low flow.   SECCHI ON BOTTOM."
FLAB14,P49628-4,178,"CHLOROPHYLL-A, SALINE",10/19/2010,1.24,ug/L,,FLAB,SAMP,MON,SA,G,CHLAS,0.004,N,A,0.5,m,,WMD,1,25.1504805,-80.8092194,,,BA,WMD,"Sample light yeloow, low solids.  Low flow.  Calm water, no chop.  Winds 2-5mph.   SECCHI ON BOTTOM."
FLAB14,P50070-4,178,"CHLOROPHYLL-A, SALINE",11/16/2010,0.747,ug/L,,FLAB,SAMP,MON,SA,G,CHLAS,0.004,N,A,0.5,m,,WMD,1,25.1504805,-80.8092194,,,BA,WMD,"Sample light yellow, low solids.  Calm water, minimal chop.  Low flow.  Wind 3-5mph. SECCHI ON BOTTOM."
FLAB14,P50474-4,178,"CHLOROPHYLL-A, SALINE",12/14/2010,0.487,ug/L,,FLAB,SAMP,MON,SA,G,CHLAS,0.004,N,A,0.35,m,,WMD,1,25.1504805,-80.8092194,,,BA,WMD,"Sample light yellow, low solids.  Calm water, minimal chop.  Wind 3-5mph.   SECCHI ON BOTTOM. water very shallow."
FLAB14,P50635-4,178,"CHLOROPHYLL-A, SALINE",1/4/2011,3.07,ug/L,,FLAB,SAMP,MON,SA,G,CHLAS,0.01,N,A,0.5,m,,WMD,1,25.1504805,-80.8092194,,,BA,WMD,"Very low flow at station.  Very low to no chop.  Wind 0-5 mph.   SECCHI ON BOTTOM.   Sample light yellow, low solids."
FLAB14,P50937-4,178,"CHLOROPHYLL-A, SALINE",2/17/2011,1.36,ug/L,,FLAB,SAMP,MON,SA,G,CHLAS,0.004,N,A,0.25,m,,WMD,0,25.1504805,-80.8092194,,,BA,WMD,Sample taken .4 miles from station due to shallow water.
FLAB14,P51526-4,178,"CHLOROPHYLL-A, SALINE",3/14/2011,0.551,ug/L,,FLAB,SAMP,MON,SA,G,CHLAS,0.004,N,A,0.5,m,,WMD,1,25.1504805,-80.8092194,,,BA,WMD,"Sample light yellow.  Calm water, minimal chop. Wind 8-12mph.   SECCHI ON BOTTOM."
FLAB14,P52279-4,178,"CHLOROPHYLL-A, SALINE",4/5/2011,0.273,ug/L,,FLAB,SAMP,MON,SA,G,CHLAS,0.004,N,A,0.5,m,,WMD,1,25.1504805,-80.8092194,,,BA,WMD,"Sample light green, wind 10-15mph sw."
FLAB14,P52280-4,178,"CHLOROPHYLL-A, SALINE",5/3/2011,0.273,ug/L,,FLAB,SAMP,MON,SA,G,CHLAS,0.007,N,A,0.3,m,,WMD,1,25.1504805,-80.8092194,,,BA,WMD,"Sample palm yellow, wind east 10-15mph,  SECCHI ON BOTTOM."
FLAB14,P52281-4,178,"CHLOROPHYLL-A, SALINE",6/13/2011,1.11,ug/L,J,FLAB,SAMP,MON,SA,G,CHLAS,0.004,N,A,0.5,m,,WMD,1,25.1504805,-80.8092194,,,BA,WMD,Sample is clear with no visible sollids present. Moderate flow with variable westerly winds at 5-10 mph. SECCHI ON BOTTOM. Conductivity is out of range due to high salinity at this location.
FLAB14,P52282-4,178,"CHLOROPHYLL-A, SALINE",7/12/2011,2.4,ug/L,,FLAB,SAMP,MON,SA,G,CHLAS,0.009,N,A,0.5,m,,WMD,1,25.1504805,-80.8092194,,,BA,WMD,Sample is pale green with no visible suspended solids present.  Flow with light ripple chop up to 4 inches and winds from the southwest at 4 to 8 mph.  SECCHI ON BOTTOM
FLAB14,P52283-6,178,"CHLOROPHYLL-A, SALINE",8/16/2011,0.958,ug/L,,FLAB,SAMP,MON,SA,G,CHLAS,0.004,N,A,0.5,m,,WMD,1,25.1504805,-80.8092194,,,BA,WMD,Sample is pale green with no visible suspended solids present. Low flow with light chop up to 4 inches and light variable winds from southwest at 6 to 10 mph. SECCHI ON BOTTOM.
FLAB14,P52284-6,178,"CHLOROPHYLL-A, SALINE",9/12/2011,1.08,ug/L,,FLAB,SAMP,MON,SA,G,CHLAS,0.004,N,A,0.5,m,,WMD,0,25.1504805,-80.8092194,,,BA,WMD,Sample light yellow with no visible suspended solids present. Light current with rising tide just before high tide and glassy slight ripple conditions and light variable winds from the east southeast at 2 to 4 mph. SECCHI ON BOTTOM.
FLAB14,P52285-6,178,"CHLOROPHYLL-A, SALINE",10/4/2011,4.26,ug/L,,FLAB,SAMP,MON,SA,G,CHLAS,0.009,N,A,0.4,m,,WMD,0,25.1504805,-80.8092194,,,BA,WMD,"Wind, NE 10-15, lt chop, ebb tide,  SECCHI ON BOTTOM."
FLAB14,P54071-6,178,"CHLOROPHYLL-A, SALINE",12/6/2011,0.756,ug/L,,FLAB,SAMP,MON,SA,G,CHLAS,0.004,N,A,0.35,m,,WMD,0,25.1504805,-80.8092194,,,BA,WMD,"Wind ESE 10-12, lt chop, slack tide,  SECCHI ON BOTTOM, Sample taken .5 miles from station due to shallow depth"
FLAB14,P55306-4,178,"CHLOROPHYLL-A, SALINE",2/1/2012,0.607,ug/L,,FLAB,SAMP,MON,SA,G,CHLAS,0.004,N,A,0.35,m,,WMD,0,25.1504805,-80.8092194,,,BA,WMD,"Wind E 14-18, lt chop in lee of island, slack tide,  SECCHI ON BOTTOM, sample taken .38 mi from station due to shallow depth"
FLAB14,P55313-4,178,"CHLOROPHYLL-A, SALINE",4/12/2012,0.336,ug/L,,FLAB,SAMP,MON,SA,G,CHLAS,0.004,N,A,0.45,m,,WMD,0,25.1504805,-80.8092194,,,BA,WMD,"Wind N 8-10, rippled surface, slack tide,  SECCHI ON BOTTOM."
FLAB14,P55929-4,178,"CHLOROPHYLL-A, SALINE",6/13/2012,1.26,ug/L,,FLAB,SAMP,MON,SA,G,CHLAS,0.004,N,A,0.5,m,,WMD,0,25.1504805,-80.8092194,,,BA,WMD,Calm conditions.  Light ripple.  Slack tide.  Very light east wind.   SECCHI ON BOTTOM.
FLAB14,P56205-4,178,"CHLOROPHYLL-A, SALINE",8/13/2012,1.38,ug/L,,FLAB,SAMP,MON,SA,G,CHLAS,0.004,N,A,0.5,m,,WMD,0,25.1504805,-80.8092194,,,BA,WMD,Very light east wind.  Calm conditions with almost no ripple.  Slack tide.   SECCHI ON BOTTOM.
FLAB14,P56209-4,178,"CHLOROPHYLL-A, SALINE",10/11/2012,4.05,ug/L,,FLAB,SAMP,MON,SA,G,CHLAS,0.009,N,A,0.5,m,,WMD,0,25.1504805,-80.8092194,,,BA,WMD,Strong NE breeze.  Light chop.   SECCHI ON BOTTOM.
FLAB14,P56856-4,178,"CHLOROPHYLL-A, SALINE",12/10/2012,4.64,ug/L,,FLAB,SAMP,MON,SA,G,CHLAS,0.009,N,A,0.5,m,,WMD,0,25.1504805,-80.8092194,,,BA,WMD,SECCHI ON BOTTOM. Winds 10-15kts out of the SE. Light chop.
FLAB14,P61818-4,178,"CHLOROPHYLL-A, SALINE",2/5/2013,6.12,ug/L,,FLAB,SAMP,MON,SA,G,CHLAS,0.022,N,A,0.5,m,,WMD,0,25.1504805,-80.8092194,,,BA,WMD,SECCHI ON BOTTOM. Very light breeze 1-2kts. Calm water. No noticeable current.
FLAB14,P61819-4,178,"CHLOROPHYLL-A, SALINE",4/18/2013,0.727,ug/L,,FLAB,SAMP,MON,SA,G,CHLAS,0.004,N,A,0.3,m,,WMD,0,25.1504805,-80.8092194,,,PD,WMD,SECCHI ON BOTTOM. ESE winds 10-12 kts. Light ripple on the water.
FLAB14,P63880-4,178,"CHLOROPHYLL-A, SALINE",6/17/2013,7.47,ug/L,,FLAB,SAMP,MON,SA,G,CHLAS,0.045,N,A,0.4,m,,WMD,0,25.1504805,-80.8092194,,,PD,WMD,"slight ripple on surface, southeast wind 10-15, secchi on bottom, site collected short of coordinates due to shallow water less than 0.5m while approaching site"
FLAB14,P63881-4,178,"CHLOROPHYLL-A, SALINE",8/13/2013,1.78,ug/L,,FLAB,SAMP,MON,SA,G,CHLAS,0.004,N,A,0.35,m,,WMD,0,25.1504805,-80.8092194,,,PD,WMD,SECCHI ON BOTTOM. Ripples on surface. E wind 5-10 kt. No current observed. Station visted near high tide. Unable to reach location due to shallow water. Collected at 25-08'43.5 secN 080-48'34.4 secW
FLAB14,P65941-4,178,"CHLOROPHYLL-A, SALINE",10/28/2013,0.629,ug/L,,FLAB,SAMP,MON,SA,G,CHLAS,0.004,N,A,0.4,m,,WMD,0,25.1504805,-80.8092194,,,PD,WMD,SECCHI ON BOTTOM. Light chop. E wind approx 15 kt. Moderate wind driven current.
FLAB14,P68531-4,178,"CHLOROPHYLL-A, SALINE",12/11/2013,0.833,ug/L,,FLAB,SAMP,MON,SA,G,CHLAS,0.004,N,A,0.35,m,,WMD,0,25.1504805,-80.8092194,,,PD,WMD,"Light chop, E wind 10-15,  SECCHI ON BOTTOM."
FLAB14,P70123-4,178,"CHLOROPHYLL-A, SALINE",2/26/2014,0.904,ug/L,,FLAB,SAMP,MON,SA,G,CHLAS,0.004,N,A,0.5,m,,WMD,0,25.1504805,-80.8092194,,,PD,WMD,"SECCHI ON BOTTOM. Slight ripple on water surface. Slight wind out of the SW, 5kts. Slight incoming tide. Unable to get to actual FLAB14 site due to water level, sample taken at GPS position N2508.345 W08048.512."
FLAB14,P70124-4,178,"CHLOROPHYLL-A, SALINE",4/7/2014,0.382,ug/L,,FLAB,SAMP,MON,SA,G,CHLAS,0.004,N,A,0.5,m,,WMD,0,25.1504805,-80.8092194,,,PD,WMD,Moderate chop due to 15kt SE winds. Sample area clear. SECCHI ON BOTTOM.
FLAB14,P71707-4,178,"CHLOROPHYLL-A, SALINE",6/9/2014,0.353,ug/L,,FLAB,SAMP,MON,SA,G,CHLAS,0.004,N,A,0.5,m,,WMD,0,25.1504805,-80.8092194,,,PD,WMD,"SECCHI ON BOTTOM. Calm winds, calm waves, incoming tide."
FLAB14,P72712-4,178,"CHLOROPHYLL-A, SALINE",8/5/2014,1.38,ug/L,,FLAB,SAMP,MON,SA,G,CHLAS,0.01,N,A,0.5,m,,WMD,0,25.1504805,-80.8092194,,,PD,WMD,"Calm conditions, SW winds less than 5 kts. Small amount of single piece turtle and manatee grasses on surface. Incoming tide. SECCHI ON BOTTOM."
FLAB14,P74736-4,178,"CHLOROPHYLL-A, SALINE",10/20/2014,1.5,ug/L,,FLAB,SAMP,MON,SA,G,CHLAS,0.01,N,A,0.35,m,,WMD,0,25.1504805,-80.8092194,,,PD,WMD,"Calm,  SECCHI ON BOTTOM."
FLAB14,P74738-4,178,"CHLOROPHYLL-A, SALINE",12/17/2014,0.427,ug/L,,FLAB,SAMP,MON,SA,G,CHLAS,0.004,N,A,0.5,m,,WMD,0,25.1504805,-80.8092194,,,PD,WMD,"Incoming tide, NE winds 5kts, calm seas, small amout of floating vegetation pieces visible on water surface. SECCHI ON BOTTOM."
FLAB14,P74737-4,178,"CHLOROPHYLL-A, SALINE",2/16/2015,0.202,ug/L,,FLAB,SAMP,MON,SA,G,CHLAS,0.004,N,A,0.45,m,,WMD,0,25.1504805,-80.8092194,,,PD,WMD,"Calm, E wind 10-15. Sample collected 925 m due south of site because of water depth. SECCHI ON BOTTOM"
FLAB14,P75445-4,178,"CHLOROPHYLL-A, SALINE",4/13/2015,0.456,ug/L,,FLAB,SAMP,MON,SA,G,CHLAS,0.004,N,A,0.5,m,,WMD,0,25.1504805,-80.8092194,,,PD,WMD,Sample collected 1 km due south of site due to water depth. SOB
FLAB14,P50070-11,179,CHLOROPHYLL-A(LC),11/16/2010,0.06,ug/L,U,FLAB,FCEB,MON,DI,G,CHLCA,0.06,Y,A,0,,,WMD,0,25.1504805,-80.8092194,,,BA,WMD,"DI, niskin, bucket, syringe, filter, sample bottle.  FCEB taken at FLAB14."
FLAB14,P52279-7,179,CHLOROPHYLL-A(LC),4/5/2011,0.06,ug/L,U,FLAB,FCEB,MON,DI,G,CHLCA,0.06,Y,A,0,,,WMD,0,25.1504805,-80.8092194,,,BA,WMD,"FCEB. DI,NISKEN,BUCKET,SYRINGE,FILTER,SAMPLE BOTTLE. FCEB COLLECTED @ STATION FLAB 14"
FLAB14,P52280-7,179,CHLOROPHYLL-A(LC),5/3/2011,0.06,ug/L,U,FLAB,FCEB,MON,DI,G,CHLCA,0.06,Y,A,0,,,WMD,1,25.1504805,-80.8092194,,,BA,WMD,"FCEB. DI,Nisken,Bucket,Syringe,Filter,Sample Bottle. FCDE taken @ station FLAB14"
FLAB14,P55313-7,179,CHLOROPHYLL-A(LC),4/12/2012,0.06,ug/L,U,FLAB,FCEB,MON,DI,G,CHLCA,0.06,Y,A,,,,WMD,0,25.1504805,-80.8092194,,,BA,WMD,FCEB
FLAB14,P61818-7,179,CHLOROPHYLL-A(LC),2/5/2013,0.06,ug/L,U,FLAB,FCEB,MON,DI,G,CHLCA,0.06,Y,A,,,,WMD,0,25.1504805,-80.8092194,,,BA,WMD,FCEB.
FLAB14,P65941-7,179,CHLOROPHYLL-A(LC),10/28/2013,0.06,ug/L,U,FLAB,FCEB,MON,DI,G,CHLCA,0.06,Y,A,,,,WMD,0,25.1504805,-80.8092194,,,PD,WMD,
FLAB14,P86137-7,179,CHLOROPHYLL-A(LC),10/24/2016,0.032,ug/L,U,FLAB,FCEB,MON,DI,G,CHLCA,0.032,Y,A,,,,WMD,0,25.1504805,-80.8092194,,,PD,WMD,
FLAB14,P86766-7,179,CHLOROPHYLL-A(LC),12/21/2016,0.032,ug/L,U,FLAB,FCEB,MON,DI,G,CHLCA,0.032,Y,A,,,,WMD,0,25.1504805,-80.8092194,,,PD,WMD,
FLAB14,P87830-7,179,CHLOROPHYLL-A(LC),4/20/2017,0.032,ug/L,U,FLAB,FCEB,MON,DI,G,CHLCA,0.032,Y,A,,,,WMD,0,25.1504805,-80.8092194,,,PD,WMD,FCEB collected at FLAB14 site.  Sample collected by DA.
FLAB14,P88721-7,179,CHLOROPHYLL-A(LC),10/12/2017,0.016,ug/L,U,FLAB,FCEB,MON,DI,G,CHLCA,0.016,Y,A,,,,WMD,0,25.1504805,-80.8092194,,,PD,WMD,FCEB performed.
FLAB14,P91159-7,179,CHLOROPHYLL-A(LC),12/13/2017,0.016,ug/L,U,FLAB,FCEB,MON,DI,G,CHLCA,0.016,Y,A,,,,WMD,0,25.1504805,-80.8092194,,,PD,WMD,Performed by EW at FLAB14.
FLAB14,P92112-7,179,CHLOROPHYLL-A(LC),2/28/2018,0.016,ug/L,"U,J",FLAB,FCEB,MON,DI,G,CHLCA,0.016,Y,A,,,,WMD,0,25.1504805,-80.8092194,,,PD,WMD,Performed by KJ at FLAB14 with DI 5886.
FLAB14,P92872-7,179,CHLOROPHYLL-A(LC),4/10/2018,0.016,ug/L,U,FLAB,FCEB,MON,DI,G,CHLCA,0.016,Y,A,,,,WMD,0,25.1504805,-80.8092194,,,PD,WMD,Performed by NP at FLAB14 with DI 5901.
FLAB14,P120347-8,179,CHLOROPHYLL-A(LC),12/9/2020,0.016,ug/L,U,FLAB,FCEB,MON,DI,G,CHLCA,0.016,Y,A,,,,WMD,0,25.1504805,-80.8092194,,,BA,WMD,FCEB collected at station FLAB14 by CL using DI#: 7014.
FLAB14,P129938-8,179,CHLOROPHYLL-A(LC),2/8/2022,0.016,ug/L,U,FLAB,FCEB,MON,DI,G,CHLCA,0.016,Y,A,,,,WMD,0,25.1504805,-80.8092194,,,BA,WMD,FCEB collected thru all sampling equipment 7492
FLAB14,P139468-8,179,CHLOROPHYLL-A(LC),1/30/2023,0.016,ug/L,U,FLAB,FCEB,MON,DI,G,CHLCA,0.016,Y,A,,,,WMD,0,25.1504805,-80.8092194,,,BA,WMD,FCEB collected thru all sampling equipment by TT at FLAB14 using DI 7688.
FLAB14,P143129-8,179,CHLOROPHYLL-A(LC),5/11/2023,0.016,ug/L,U,FLAB,FCEB,MON,DI,G,CHLCA,0.016,Y,A,,,,WMD,0,25.1504805,-80.8092194,,,BA,WMD,FCEB collected thru all sampling equipment by PF at FLAB14 using DI 7762
FLAB14,P146064-8,179,CHLOROPHYLL-A(LC),11/13/2023,0.016,ug/L,U,FLAB,FCEB,MON,DI,G,CHLCA,0.016,Y,A,,,,WMD,0,25.1504805,-80.8092194,,,BA,WMD,FCEB collected thru all sampling equipment by CL at FLAB14 using DI 7860
FLAB14,P148342-8,179,CHLOROPHYLL-A(LC),1/8/2024,0.016,ug/L,U,FLAB,FCEB,MON,DI,G,CHLCA,0.016,Y,A,,,,WMD,0,25.1504805,-80.8092194,,,BA,WMD,FCEB collected thru all sampling equipment by ST at FLAB14 using DI 7913
FLAB14,P152189-8,179,CHLOROPHYLL-A(LC),7/15/2024,0.016,ug/L,U,FLAB,FCEB,MON,DI,G,CHLCA,0.016,Y,A,,,,WMD,0,25.1504805,-80.8092194,,,BA,WMD,FCEB collected thru all sampling equipment by RJC using DI 8031.
FLAB14,P153175-8,179,CHLOROPHYLL-A(LC),9/12/2024,0.016,ug/L,U,FLAB,FCEB,MON,DI,G,CHLCA,0.016,Y,A,,,,WMD,0,25.1504805,-80.8092194,,,BA,WMD,FCEB collected thru all sampling equipment using DI 8059.
FLAB14,P49628-4,179,CHLOROPHYLL-A(LC),10/19/2010,1.1,ug/L,,FLAB,SAMP,MON,SA,G,CHLCA,0.067,N,A,0.5,m,,WMD,1,25.1504805,-80.8092194,,,BA,WMD,"Sample light yeloow, low solids.  Low flow.  Calm water, no chop.  Winds 2-5mph.   SECCHI ON BOTTOM."
FLAB14,P50070-4,179,CHLOROPHYLL-A(LC),11/16/2010,0.7,ug/L,,FLAB,SAMP,MON,SA,G,CHLCA,0.067,N,A,0.5,m,,WMD,1,25.1504805,-80.8092194,,,BA,WMD,"Sample light yellow, low solids.  Calm water, minimal chop.  Low flow.  Wind 3-5mph. SECCHI ON BOTTOM."
FLAB14,P50474-4,179,CHLOROPHYLL-A(LC),12/14/2010,0.3,ug/L,,FLAB,SAMP,MON,SA,G,CHLCA,0.067,N,A,0.35,m,,WMD,1,25.1504805,-80.8092194,,,BA,WMD,"Sample light yellow, low solids.  Calm water, minimal chop.  Wind 3-5mph.   SECCHI ON BOTTOM. water very shallow."
FLAB14,P50635-4,179,CHLOROPHYLL-A(LC),1/4/2011,2.7,ug/L,,FLAB,SAMP,MON,SA,G,CHLCA,0.15,N,A,0.5,m,,WMD,1,25.1504805,-80.8092194,,,BA,WMD,"Very low flow at station.  Very low to no chop.  Wind 0-5 mph.   SECCHI ON BOTTOM.   Sample light yellow, low solids."
FLAB14,P50937-4,179,CHLOROPHYLL-A(LC),2/17/2011,1.2,ug/L,,FLAB,SAMP,MON,SA,G,CHLCA,0.067,N,A,0.25,m,,WMD,0,25.1504805,-80.8092194,,,BA,WMD,Sample taken .4 miles from station due to shallow water.
FLAB14,P51526-4,179,CHLOROPHYLL-A(LC),3/14/2011,0.4,ug/L,,FLAB,SAMP,MON,SA,G,CHLCA,0.067,N,A,0.5,m,,WMD,1,25.1504805,-80.8092194,,,BA,WMD,"Sample light yellow.  Calm water, minimal chop. Wind 8-12mph.   SECCHI ON BOTTOM."
FLAB14,P52279-4,179,CHLOROPHYLL-A(LC),4/5/2011,0.2,ug/L,I,FLAB,SAMP,MON,SA,G,CHLCA,0.067,N,A,0.5,m,,WMD,1,25.1504805,-80.8092194,,,BA,WMD,"Sample light green, wind 10-15mph sw."
FLAB14,P52280-4,179,CHLOROPHYLL-A(LC),5/3/2011,0.23,ug/L,I,FLAB,SAMP,MON,SA,G,CHLCA,0.1,N,A,0.3,m,,WMD,1,25.1504805,-80.8092194,,,BA,WMD,"Sample palm yellow, wind east 10-15mph,  SECCHI ON BOTTOM."
FLAB14,P52281-4,179,CHLOROPHYLL-A(LC),6/13/2011,0.984,ug/L,,FLAB,SAMP,MON,SA,G,CHLCA,0.067,N,A,0.5,m,,WMD,1,25.1504805,-80.8092194,,,BA,WMD,Sample is clear with no visible sollids present. Moderate flow with variable westerly winds at 5-10 mph. SECCHI ON BOTTOM. Conductivity is out of range due to high salinity at this location.
FLAB14,P52282-4,179,CHLOROPHYLL-A(LC),7/12/2011,2.18,ug/L,,FLAB,SAMP,MON,SA,G,CHLCA,0.067,N,A,0.5,m,,WMD,1,25.1504805,-80.8092194,,,BA,WMD,Sample is pale green with no visible suspended solids present.  Flow with light ripple chop up to 4 inches and winds from the southwest at 4 to 8 mph.  SECCHI ON BOTTOM
FLAB14,P52283-6,179,CHLOROPHYLL-A(LC),8/16/2011,0.707,ug/L,,FLAB,SAMP,MON,SA,G,CHLCA,0.067,N,A,0.5,m,,WMD,1,25.1504805,-80.8092194,,,BA,WMD,Sample is pale green with no visible suspended solids present. Low flow with light chop up to 4 inches and light variable winds from southwest at 6 to 10 mph. SECCHI ON BOTTOM.
FLAB14,P52284-6,179,CHLOROPHYLL-A(LC),9/12/2011,0.878,ug/L,,FLAB,SAMP,MON,SA,G,CHLCA,0.067,N,A,0.5,m,,WMD,0,25.1504805,-80.8092194,,,BA,WMD,Sample light yellow with no visible suspended solids present. Light current with rising tide just before high tide and glassy slight ripple conditions and light variable winds from the east southeast at 2 to 4 mph. SECCHI ON BOTTOM.
FLAB14,P52285-6,179,CHLOROPHYLL-A(LC),10/4/2011,3.6,ug/L,,FLAB,SAMP,MON,SA,G,CHLCA,0.067,N,A,0.4,m,,WMD,0,25.1504805,-80.8092194,,,BA,WMD,"Wind, NE 10-15, lt chop, ebb tide,  SECCHI ON BOTTOM."
FLAB14,P54071-6,179,CHLOROPHYLL-A(LC),12/6/2011,0.424,ug/L,,FLAB,SAMP,MON,SA,G,CHLCA,0.067,N,A,0.35,m,,WMD,0,25.1504805,-80.8092194,,,BA,WMD,"Wind ESE 10-12, lt chop, slack tide,  SECCHI ON BOTTOM, Sample taken .5 miles from station due to shallow depth"
FLAB14,P55306-4,179,CHLOROPHYLL-A(LC),2/1/2012,0.307,ug/L,,FLAB,SAMP,MON,SA,G,CHLCA,0.067,N,A,0.35,m,,WMD,0,25.1504805,-80.8092194,,,BA,WMD,"Wind E 14-18, lt chop in lee of island, slack tide,  SECCHI ON BOTTOM, sample taken .38 mi from station due to shallow depth"
FLAB14,P55313-4,179,CHLOROPHYLL-A(LC),4/12/2012,0.067,ug/L,U,FLAB,SAMP,MON,SA,G,CHLCA,0.067,Y,A,0.45,m,,WMD,0,25.1504805,-80.8092194,,,BA,WMD,"Wind N 8-10, rippled surface, slack tide,  SECCHI ON BOTTOM."
FLAB14,P55929-4,179,CHLOROPHYLL-A(LC),6/13/2012,0.764,ug/L,,FLAB,SAMP,MON,SA,G,CHLCA,0.067,N,A,0.5,m,,WMD,0,25.1504805,-80.8092194,,,BA,WMD,Calm conditions.  Light ripple.  Slack tide.  Very light east wind.   SECCHI ON BOTTOM.
FLAB14,P56205-4,179,CHLOROPHYLL-A(LC),8/13/2012,0.967,ug/L,,FLAB,SAMP,MON,SA,G,CHLCA,0.067,N,A,0.5,m,,WMD,0,25.1504805,-80.8092194,,,BA,WMD,Very light east wind.  Calm conditions with almost no ripple.  Slack tide.   SECCHI ON BOTTOM.
FLAB14,P56209-4,179,CHLOROPHYLL-A(LC),10/11/2012,3.68,ug/L,,FLAB,SAMP,MON,SA,G,CHLCA,0.067,N,A,0.5,m,,WMD,0,25.1504805,-80.8092194,,,BA,WMD,Strong NE breeze.  Light chop.   SECCHI ON BOTTOM.
FLAB14,P56856-4,179,CHLOROPHYLL-A(LC),12/10/2012,4.66,ug/L,,FLAB,SAMP,MON,SA,G,CHLCA,0.067,N,A,0.5,m,,WMD,0,25.1504805,-80.8092194,,,BA,WMD,SECCHI ON BOTTOM. Winds 10-15kts out of the SE. Light chop.
FLAB14,P61818-4,179,CHLOROPHYLL-A(LC),2/5/2013,5.79,ug/L,,FLAB,SAMP,MON,SA,G,CHLCA,0.15,N,A,0.5,m,,WMD,0,25.1504805,-80.8092194,,,BA,WMD,SECCHI ON BOTTOM. Very light breeze 1-2kts. Calm water. No noticeable current.
FLAB14,P61819-4,179,CHLOROPHYLL-A(LC),4/18/2013,0.611,ug/L,,FLAB,SAMP,MON,SA,G,CHLCA,0.067,N,A,0.3,m,,WMD,0,25.1504805,-80.8092194,,,PD,WMD,SECCHI ON BOTTOM. ESE winds 10-12 kts. Light ripple on the water.
FLAB14,P63880-4,179,CHLOROPHYLL-A(LC),6/17/2013,7.28,ug/L,,FLAB,SAMP,MON,SA,G,CHLCA,0.15,N,A,0.4,m,,WMD,0,25.1504805,-80.8092194,,,PD,WMD,"slight ripple on surface, southeast wind 10-15, secchi on bottom, site collected short of coordinates due to shallow water less than 0.5m while approaching site"
FLAB14,P63881-4,179,CHLOROPHYLL-A(LC),8/13/2013,1.69,ug/L,,FLAB,SAMP,MON,SA,G,CHLCA,0.067,N,A,0.35,m,,WMD,0,25.1504805,-80.8092194,,,PD,WMD,SECCHI ON BOTTOM. Ripples on surface. E wind 5-10 kt. No current observed. Station visted near high tide. Unable to reach location due to shallow water. Collected at 25-08'43.5 secN 080-48'34.4 secW
FLAB14,P65941-4,179,CHLOROPHYLL-A(LC),10/28/2013,0.527,ug/L,,FLAB,SAMP,MON,SA,G,CHLCA,0.067,N,A,0.4,m,,WMD,0,25.1504805,-80.8092194,,,PD,WMD,SECCHI ON BOTTOM. Light chop. E wind approx 15 kt. Moderate wind driven current.
FLAB14,P68531-4,179,CHLOROPHYLL-A(LC),12/11/2013,0.72,ug/L,,FLAB,SAMP,MON,SA,G,CHLCA,0.067,N,A,0.35,m,,WMD,0,25.1504805,-80.8092194,,,PD,WMD,"Light chop, E wind 10-15,  SECCHI ON BOTTOM."
FLAB14,P70123-4,179,CHLOROPHYLL-A(LC),2/26/2014,0.858,ug/L,,FLAB,SAMP,MON,SA,G,CHLCA,0.067,N,A,0.5,m,,WMD,0,25.1504805,-80.8092194,,,PD,WMD,"SECCHI ON BOTTOM. Slight ripple on water surface. Slight wind out of the SW, 5kts. Slight incoming tide. Unable to get to actual FLAB14 site due to water level, sample taken at GPS position N2508.345 W08048.512."
FLAB14,P70124-4,179,CHLOROPHYLL-A(LC),4/7/2014,0.336,ug/L,,FLAB,SAMP,MON,SA,G,CHLCA,0.067,N,A,0.5,m,,WMD,0,25.1504805,-80.8092194,,,PD,WMD,Moderate chop due to 15kt SE winds. Sample area clear. SECCHI ON BOTTOM.
FLAB14,P71707-4,179,CHLOROPHYLL-A(LC),6/9/2014,0.604,ug/L,,FLAB,SAMP,MON,SA,G,CHLCA,0.044,N,A,0.5,m,,WMD,0,25.1504805,-80.8092194,,,PD,WMD,"SECCHI ON BOTTOM. Calm winds, calm waves, incoming tide."
FLAB14,P72712-4,179,CHLOROPHYLL-A(LC),8/5/2014,1.23,ug/L,,FLAB,SAMP,MON,SA,G,CHLCA,0.1,N,A,0.5,m,,WMD,0,25.1504805,-80.8092194,,,PD,WMD,"Calm conditions, SW winds less than 5 kts. Small amount of single piece turtle and manatee grasses on surface. Incoming tide. SECCHI ON BOTTOM."
FLAB14,P74736-4,179,CHLOROPHYLL-A(LC),10/20/2014,1.32,ug/L,,FLAB,SAMP,MON,SA,G,CHLCA,0.1,N,A,0.35,m,,WMD,0,25.1504805,-80.8092194,,,PD,WMD,"Calm,  SECCHI ON BOTTOM."
FLAB14,P74738-4,179,CHLOROPHYLL-A(LC),12/17/2014,0.342,ug/L,,FLAB,SAMP,MON,SA,G,CHLCA,0.044,N,A,0.5,m,,WMD,0,25.1504805,-80.8092194,,,PD,WMD,"Incoming tide, NE winds 5kts, calm seas, small amout of floating vegetation pieces visible on water surface. SECCHI ON BOTTOM."
FLAB14,P74737-4,179,CHLOROPHYLL-A(LC),2/16/2015,0.176,ug/L,I,FLAB,SAMP,MON,SA,G,CHLCA,0.044,N,A,0.45,m,,WMD,0,25.1504805,-80.8092194,,,PD,WMD,"Calm, E wind 10-15. Sample collected 925 m due south of site because of water depth. SECCHI ON BOTTOM"
FLAB14,P75445-4,179,CHLOROPHYLL-A(LC),4/13/2015,0.431,ug/L,,FLAB,SAMP,MON,SA,G,CHLCA,0.044,N,A,0.5,m,,WMD,0,25.1504805,-80.8092194,,,PD,WMD,Sample collected 1 km due south of site due to water depth. SOB
FLAB14,P74739-4,179,CHLOROPHYLL-A(LC),6/9/2015,0.768,ug/L,,FLAB,SAMP,MON,SA,G,CHLCA,0.08,N,A,0.5,m,,WMD,0,25.1504805,-80.8092194,,,PD,WMD,SOB
FLAB14,P78245-4,179,CHLOROPHYLL-A(LC),8/25/2015,2.28,ug/L,,FLAB,SAMP,MON,SA,G,CHLCA,0.08,N,A,0.5,m,,WMD,0,25.1504805,-80.8092194,,,PD,WMD,Secchi on bottom.
FLAB14,P80870-4,179,CHLOROPHYLL-A(LC),10/7/2015,2,ug/L,,FLAB,SAMP,MON,SA,G,CHLCA,0.036,N,A,0.5,m,,WMD,0,25.1504805,-80.8092194,,,PD,WMD,"Calm seas, light amount of loose vegetation on surface, incoming tide, secchi on bottom."
FLAB14,P82416-4,179,CHLOROPHYLL-A(LC),1/21/2016,1.63,ug/L,,FLAB,SAMP,MON,SA,G,CHLCA,0.036,N,A,0.5,m,,WMD,0,25.1504805,-80.8092194,,,PD,WMD,Secchi on bottom. Surface smooth. Winds ESE 10-15.
FLAB14,P82935-4,179,CHLOROPHYLL-A(LC),2/16/2016,2.07,ug/L,,FLAB,SAMP,MON,SA,G,CHLCA,0.036,N,A,0.5,m,,WMD,0,25.1504805,-80.8092194,,,PD,WMD,"Calm wind and seas, sample area clear, Secchi on bottom."
FLAB14,P83568-4,179,CHLOROPHYLL-A(LC),4/14/2016,2.07,ug/L,,FLAB,SAMP,MON,SA,G,CHLCA,0.036,N,A,0.35,m,,WMD,0,25.1504805,-80.8092194,,,PD,WMD,SOB. Light winds out of the SE around 7 kts. Glass smooth water.
FLAB14,P84316-4,179,CHLOROPHYLL-A(LC),6/29/2016,12.5,ug/L,,FLAB,SAMP,MON,SA,G,CHLCA,0.08,N,A,0.5,m,,WMD,0,25.1504805,-80.8092194,,,PD,WMD,"slight ripple on surface, calm wind, some vegetation clippings on surface, off colored water observed, algae like appearance in water column, filter turned green in color during processing"
FLAB14,P84638-4,179,CHLOROPHYLL-A(LC),8/25/2016,15.5,ug/L,,FLAB,SAMP,MON,SA,G,CHLCA,0.08,N,A,0.5,m,,WMD,0,25.1504805,-80.8092194,,,PD,WMD,"Light east winds, light surface chop, turbid water, light green brown in color, light amount of loose sea grass floating on surface. Light greenish yellow color visible in filter after use. Secchi on bottom."
FLAB14,P86137-4,179,CHLOROPHYLL-A(LC),10/24/2016,25.1,ug/L,,FLAB,SAMP,MON,SA,G,CHLCA,0.16,N,A,0.5,m,,WMD,0,25.1504805,-80.8092194,,,PD,WMD,"NE winds 15kt, light chop, sample area clear otherwise. Secchi on bottom."
FLAB14,P86766-4,179,CHLOROPHYLL-A(LC),12/21/2016,1.57,ug/L,,FLAB,SAMP,MON,SA,G,CHLCA,0.036,N,A,0.5,m,,WMD,0,25.1504805,-80.8092194,,,PD,WMD,"NE winds 10-15 kts, light chop, sample area clear. Secchi on bottom."
FLAB14,P87700-4,179,CHLOROPHYLL-A(LC),2/20/2017,14.7,ug/L,,FLAB,SAMP,MON,SA,G,CHLCA,0.036,N,A,0.5,m,,WMD,0,25.1504805,-80.8092194,,,PD,WMD,"NE winds 10-15 kts, waters moderate chop, light amount of loose sea grass on surface. Secchi on bottom. Could not get within 300m of sample GPS point due to shallow water."
FLAB14,P87830-4,179,CHLOROPHYLL-A(LC),4/20/2017,0.583,ug/L,,FLAB,SAMP,MON,SA,G,CHLCA,0.036,N,A,0.5,m,,WMD,0,25.1504805,-80.8092194,,,PD,WMD,"Could only get within 0.5 kilometers of site due to very shallow water.  Had less than 1 foot seas, sample area clear, with 10-15 knot east winds.  Sample collected by DA."
FLAB14,P89179-4,179,CHLOROPHYLL-A(LC),8/1/2017,0.436,ug/L,,FLAB,SAMP,MON,SA,G,CHLCA,0.018,N,A,0.5,m,,WMD,0,25.1504805,-80.8092194,,,PD,WMD,"Light sw winds, calm seas, moderate amount of loose sea grasses floating on surface, secchi on bottom."
FLAB14,P88721-4,179,CHLOROPHYLL-A(LC),10/12/2017,17.6,ug/L,,FLAB,SAMP,MON,SA,G,CHLCA,0.04,N,A,0.5,m,,WMD,0,25.1504805,-80.8092194,,,PD,WMD,Filter appeared to contaiin algae when processing sample.
FLAB14,P91159-4,179,CHLOROPHYLL-A(LC),12/13/2017,18.5,ug/L,,FLAB,SAMP,MON,SA,G,CHLCA,0.053,N,A,0.5,m,,WMD,0,25.1504805,-80.8092194,,,PD,WMD,Light chop. Murky brown water
FLAB14,P92112-4,179,CHLOROPHYLL-A(LC),2/28/2018,31.1,ug/L,J,FLAB,SAMP,MON,SA,G,CHLCA,0.08,N,A,0.5,m,,WMD,0,25.1504805,-80.8092194,,,PD,WMD,Flat water. Green water. Filter turned green. Same problem with DO readings.
FLAB14,P92872-4,179,CHLOROPHYLL-A(LC),4/10/2018,20.8,ug/L,,FLAB,SAMP,MON,SA,G,CHLCA,0.08,N,A,0.5,m,,WMD,0,25.1504805,-80.8092194,,,PD,WMD,Light chop.
FLAB14,P93694-4,179,CHLOROPHYLL-A(LC),6/7/2018,11.9,ug/L,,FLAB,SAMP,MON,SA,G,CHLCA,0.032,N,A,0.5,m,,WMD,0,25.1504805,-80.8092194,,,PD,WMD,Floating vegetation present. Avoided during collection.
FLAB14,P94931-4,179,CHLOROPHYLL-A(LC),8/6/2018,9.26,ug/L,,FLAB,SAMP,MON,SA,G,CHLCA,0.04,N,A,0.5,m,,WMD,0,25.1504805,-80.8092194,,,PD,WMD,
FLAB14,P95251-4,179,CHLOROPHYLL-A(LC),10/3/2018,15.9,ug/L,,FLAB,SAMP,MON,SA,G,CHLCA,0.08,N,A,0.5,m,,WMD,0,25.1504805,-80.8092194,,,PD,WMD,heavy suspended solids
FLAB14,P96720-4,179,CHLOROPHYLL-A(LC),12/17/2018,25,ug/L,,FLAB,SAMP,MON,SA,G,CHLCA,0.08,N,A,0.25,m,,WMD,0,25.1504805,-80.8092194,,,BA,WMD,Shallow sampling area. Sample depth taken half way from total depth of 0.5m.  Water looks stirred up within sample area.
FLAB14,P102448-5,179,CHLOROPHYLL-A(LC),2/26/2019,17.6,ug/L,,FLAB,SAMP,MON,SA,G,CHLCA,0.053,N,A,0.5,m,,WMD,0,25.1504805,-80.8092194,,,BA,WMD,
FLAB14,P103834-5,179,CHLOROPHYLL-A(LC),4/15/2019,19.5,ug/L,,FLAB,SAMP,MON,SA,G,CHLCA,0.04,N,A,0.5,m,,WMD,0,25.1504805,-80.8092194,,,BA,WMD,
FLAB14,P106284-5,179,CHLOROPHYLL-A(LC),6/11/2019,11.3,ug/L,J,FLAB,SAMP,MON,SA,G,CHLCA,0.027,N,A,0.4,m,,WMD,0,25.1504805,-80.8092194,,,BA,WMD,Secchi on bottom
FLAB14,P109207-5,179,CHLOROPHYLL-A(LC),8/8/2019,8.33,ug/L,,FLAB,SAMP,MON,SA,G,CHLCA,0.04,N,A,0.5,m,,WMD,0,25.1504805,-80.8092194,,,BA,WMD,Large pieces of vegetative debris present on surface of water. Secchi on bottom.
FLAB14,P109898-5,179,CHLOROPHYLL-A(LC),10/8/2019,28.6,ug/L,,FLAB,SAMP,MON,SA,G,CHLCA,0.08,N,A,0.5,m,,WMD,0,25.1504805,-80.8092194,,,BA,WMD,
FLAB14,P110697-5,179,CHLOROPHYLL-A(LC),12/5/2019,1.94,ug/L,,FLAB,SAMP,MON,SA,G,CHLCA,0.018,N,A,0.5,m,,WMD,0,25.1504805,-80.8092194,,,BA,WMD,Secchi on bottom.
FLAB14,P110713-5,179,CHLOROPHYLL-A(LC),2/3/2020,3.04,ug/L,,FLAB,SAMP,MON,SA,G,CHLCA,0.018,N,A,0.3,m,,WMD,0,25.1504805,-80.8092194,,,BA,WMD,"Secchi on bottom. Depth was less than 1m, sample was collected at half total depth."
FLAB14,P110719-5,179,CHLOROPHYLL-A(LC),4/1/2020,8.86,ug/L,,FLAB,SAMP,MON,SA,G,CHLCA,0.053,N,A,0.4,m,,WMD,0,25.1504805,-80.8092194,,,BA,WMD,Secchi on bottom
FLAB14,P111041-5,179,CHLOROPHYLL-A(LC),6/1/2020,1.03,ug/L,,FLAB,SAMP,MON,SA,G,CHLCA,0.018,N,A,0.3,m,,WMD,0,25.1504805,-80.8092194,,,BA,WMD,Secchi on bottom
FLAB14,P111104-5,179,CHLOROPHYLL-A(LC),8/13/2020,2.94,ug/L,,FLAB,SAMP,MON,SA,G,CHLCA,0.018,N,A,0.35,m,,WMD,0,25.1504805,-80.8092194,,,BA,WMD,Secchi on bottom. Sample collected at half total depth.
FLAB14,P118766-5,179,CHLOROPHYLL-A(LC),10/12/2020,2.01,ug/L,,FLAB,SAMP,MON,SA,G,CHLCA,0.018,N,A,0.4,m,,WMD,0,25.1504805,-80.8092194,,,BA,WMD,Secchi on bottom.
FLAB14,P120347-5,179,CHLOROPHYLL-A(LC),12/9/2020,0.617,ug/L,,FLAB,SAMP,MON,SA,G,CHLCA,0.018,N,A,0.3,m,,WMD,0,25.1504805,-80.8092194,,,BA,WMD,"Sample area clear.  Total Depth was only 0.6 meters, so sampling depth was at 0.3 meters instead of 0.5 meters.  SOB, Secchi On Bottom.  Light solids in sample.  Sample collected by CL."
FLAB14,P121638-5,179,CHLOROPHYLL-A(LC),1/7/2021,2.4,ug/L,,FLAB,SAMP,MON,SA,G,CHLCA,0.018,N,A,0.3,m,,WMD,0,25.1504805,-80.8092194,,,BA,WMD,Secchi on bottom
FLAB14,P122507-5,179,CHLOROPHYLL-A(LC),3/17/2021,0.471,ug/L,,FLAB,SAMP,MON,SA,G,CHLCA,0.018,N,A,0.5,m,,WMD,0,25.1504805,-80.8092194,,,BA,WMD,Secchi on bottom.
FLAB14,P122517-5,179,CHLOROPHYLL-A(LC),5/24/2021,0.809,ug/L,,FLAB,SAMP,MON,SA,G,CHLCA,0.018,N,A,0.2,m,,WMD,0,25.1504805,-80.8092194,,,BA,WMD,Secchi on bottom. Sampled approx. 100 m from site due to low water.
FLAB14,P123928-5,179,CHLOROPHYLL-A(LC),7/1/2021,0.805,ug/L,,FLAB,SAMP,MON,SA,G,CHLCA,0.018,N,A,0.35,m,,WMD,0,25.1504805,-80.8092194,,,BA,WMD,Secchi on bottom.
FLAB14,P125715-5,179,CHLOROPHYLL-A(LC),10/13/2021,2.67,ug/L,,FLAB,SAMP,MON,SA,G,CHLCA,0.018,N,A,0.4,m,,WMD,0,25.1504805,-80.8092194,,,BA,WMD,
FLAB14,P128145-5,179,CHLOROPHYLL-A(LC),12/27/2021,18.1,ug/L,,FLAB,SAMP,MON,SA,G,CHLCA,0.08,N,A,0.3,m,,WMD,0,25.1504805,-80.8092194,,,BA,WMD,Sampling area clear of debris.
FLAB14,P129938-5,179,CHLOROPHYLL-A(LC),2/8/2022,6.93,ug/L,,FLAB,SAMP,MON,SA,G,CHLCA,0.04,N,A,0.25,m,,WMD,0,25.1504805,-80.8092194,,,BA,WMD,Secchi on bottom
FLAB14,P132794-5,179,CHLOROPHYLL-A(LC),4/7/2022,15.4,ug/L,,FLAB,SAMP,MON,SA,G,CHLCA,0.053,N,A,0.3,m,,WMD,0,25.1504805,-80.8092194,,,BA,WMD,
FLAB14,P134124-5,179,CHLOROPHYLL-A(LC),6/22/2022,24.6,ug/L,,FLAB,SAMP,MON,SA,G,CHLCA,0.08,N,A,0.5,m,,WMD,0,25.1504805,-80.8092194,,,BA,WMD,
FLAB14,P135165-5,179,CHLOROPHYLL-A(LC),8/18/2022,17.2,ug/L,,FLAB,SAMP,MON,SA,G,CHLCA,0.053,N,A,0.5,m,,WMD,0,25.1504805,-80.8092194,,,BA,WMD,"No visible solids, but water is very cloudy and difficult to filter. Used two filters to process."
FLAB14,P136495-5,179,CHLOROPHYLL-A(LC),10/20/2022,21.9,ug/L,,FLAB,SAMP,MON,SA,G,CHLCA,0.04,N,A,0.4,m,,WMD,0,25.1504805,-80.8092194,,,BA,WMD,Sample collected at half total depth as per FSM. Water in sampling area has a greenish tint. Filter turned light green during processing.
FLAB14,P138520-5,179,CHLOROPHYLL-A(LC),12/19/2022,15.9,ug/L,,FLAB,SAMP,MON,SA,G,CHLCA,0.053,N,A,0.3,m,,WMD,0,25.1504805,-80.8092194,,,BA,WMD,
FLAB14,P139468-5,179,CHLOROPHYLL-A(LC),1/30/2023,4.36,ug/L,,FLAB,SAMP,MON,SA,G,CHLCA,0.027,N,A,0.5,m,,WMD,0,25.1504805,-80.8092194,,,BA,WMD,
FLAB14,P141269-5,179,CHLOROPHYLL-A(LC),3/14/2023,0.462,ug/L,,FLAB,SAMP,MON,SA,G,CHLCA,0.016,N,A,0.5,m,,WMD,0,25.1504805,-80.8092194,,,BA,WMD,Secchi on bottom.
FLAB14,P143129-5,179,CHLOROPHYLL-A(LC),5/11/2023,1.56,ug/L,,FLAB,SAMP,MON,SA,G,CHLCA,0.016,N,A,0.5,m,,WMD,0,25.1504805,-80.8092194,,,BA,WMD,Secchi on bottom
FLAB14,P144703-5,179,CHLOROPHYLL-A(LC),7/27/2023,12.8,ug/L,,FLAB,SAMP,MON,SA,G,CHLCA,0.053,N,A,0.35,m,,WMD,0,25.1504805,-80.8092194,,,BA,WMD,
FLAB14,P146063-5,179,CHLOROPHYLL-A(LC),9/27/2023,14.7,ug/L,,FLAB,SAMP,MON,SA,G,CHLCA,0.032,N,A,0.5,m,,WMD,0,25.1504805,-80.8092194,,,BA,WMD,"Water highly turbid, became difficult to filter during processing."
FLAB14,P146064-5,179,CHLOROPHYLL-A(LC),11/13/2023,16.3,ug/L,,FLAB,SAMP,MON,SA,G,CHLCA,0.08,N,A,0.5,m,,WMD,0,25.1504805,-80.8092194,,,BA,WMD,"Filter became clogged during processing, no color, difficult to filter"
FLAB14,P148342-5,179,CHLOROPHYLL-A(LC),1/8/2024,16.9,ug/L,,FLAB,SAMP,MON,SA,G,CHLCA,0.08,N,A,0.35,m,,WMD,0,25.1504805,-80.8092194,,,BA,WMD,collected sample approximately 600 feet SSW of site due to shallow depth
FLAB14,P149299-5,179,CHLOROPHYLL-A(LC),3/4/2024,4.32,ug/L,,FLAB,SAMP,MON,SA,G,CHLCA,0.04,N,A,0.4,m,,WMD,0,25.1504805,-80.8092194,,,BA,WMD,Sample collected 800 m west of site due to shallow depth.
FLAB14,P150708-5,179,CHLOROPHYLL-A(LC),5/13/2024,12.6,ug/L,,FLAB,SAMP,MON,SA,G,CHLCA,0.08,N,A,0.45,m,,WMD,0,25.1504805,-80.8092194,,,BA,WMD,Filter turned yellow during processing.
FLAB14,P152189-5,179,CHLOROPHYLL-A(LC),7/15/2024,32.8,ug/L,,FLAB,SAMP,MON,SA,G,CHLCA,0.107,N,A,0.4,m,,WMD,0,25.1504805,-80.8092194,,,BA,WMD,Sample taken 550 m SW of station due to shallow depth. Filter turned green during processing; sample was difficult to push through filter.
FLAB14,P153175-5,179,CHLOROPHYLL-A(LC),9/12/2024,23.8,ug/L,,FLAB,SAMP,MON,SA,G,CHLCA,0.08,N,A,0.5,m,,WMD,0,25.1504805,-80.8092194,,,BA,WMD,Filter turned green during processing.
FLAB14,P154028-5,179,CHLOROPHYLL-A(LC),12/9/2024,4.39,ug/L,,FLAB,SAMP,MON,SA,G,CHLCA,0.032,N,A,0.45,m,,WMD,0,25.1504805,-80.8092194,,,BA,WMD,"Because of shallow depths, sample was collected approximately 580 meters to the southwest of the marked site coordinates."
FLAB14,P155969-5,179,CHLOROPHYLL-A(LC),2/5/2025,6.64,ug/L,,FLAB,SAMP,MON,SA,G,CHLCA,0.027,N,A,0.5,m,,WMD,0,25.1504805,-80.8092194,,,BA,WMD,Secchi on bottom.
FLAB14,P158028-5,179,CHLOROPHYLL-A(LC),6/18/2025,0.541,ug/L,,FLAB,SAMP,MON,SA,G,CHLCA,0.027,N,P,0.5,m,,WMD,0,25.1504805,-80.8092194,1,,,,Secchi on bottom.
FLAB14,P50070-11,180,CHLOROPHYLL-B (LC),11/16/2010,0.1,ug/L,U,FLAB,FCEB,MON,DI,G,CHLCB,0.1,Y,A,0,,,WMD,0,25.1504805,-80.8092194,,,BA,WMD,"DI, niskin, bucket, syringe, filter, sample bottle.  FCEB taken at FLAB14."
FLAB14,P52279-7,180,CHLOROPHYLL-B (LC),4/5/2011,0.1,ug/L,U,FLAB,FCEB,MON,DI,G,CHLCB,0.1,Y,A,0,,,WMD,0,25.1504805,-80.8092194,,,BA,WMD,"FCEB. DI,NISKEN,BUCKET,SYRINGE,FILTER,SAMPLE BOTTLE. FCEB COLLECTED @ STATION FLAB 14"
FLAB14,P52280-7,180,CHLOROPHYLL-B (LC),5/3/2011,0.1,ug/L,U,FLAB,FCEB,MON,DI,G,CHLCB,0.1,Y,A,0,,,WMD,1,25.1504805,-80.8092194,,,BA,WMD,"FCEB. DI,Nisken,Bucket,Syringe,Filter,Sample Bottle. FCDE taken @ station FLAB14"
FLAB14,P55313-7,180,CHLOROPHYLL-B (LC),4/12/2012,0.1,ug/L,U,FLAB,FCEB,MON,DI,G,CHLCB,0.1,Y,A,,,,WMD,0,25.1504805,-80.8092194,,,BA,WMD,FCEB
FLAB14,P61818-7,180,CHLOROPHYLL-B (LC),2/5/2013,0.1,ug/L,U,FLAB,FCEB,MON,DI,G,CHLCB,0.1,Y,A,,,,WMD,0,25.1504805,-80.8092194,,,BA,WMD,FCEB.
FLAB14,P65941-7,180,CHLOROPHYLL-B (LC),10/28/2013,0.1,ug/L,U,FLAB,FCEB,MON,DI,G,CHLCB,0.1,Y,A,,,,WMD,0,25.1504805,-80.8092194,,,PD,WMD,
FLAB14,P120347-8,180,CHLOROPHYLL-B (LC),12/9/2020,0.016,ug/L,U,FLAB,FCEB,MON,DI,G,CHLCB,0.016,Y,A,,,,WMD,0,25.1504805,-80.8092194,,,BA,WMD,FCEB collected at station FLAB14 by CL using DI#: 7014.
FLAB14,P129938-8,180,CHLOROPHYLL-B (LC),2/8/2022,0.016,ug/L,U,FLAB,FCEB,MON,DI,G,CHLCB,0.016,Y,A,,,,WMD,0,25.1504805,-80.8092194,,,BA,WMD,FCEB collected thru all sampling equipment 7492
FLAB14,P139468-8,180,CHLOROPHYLL-B (LC),1/30/2023,0.016,ug/L,U,FLAB,FCEB,MON,DI,G,CHLCB,0.016,Y,A,,,,WMD,0,25.1504805,-80.8092194,,,BA,WMD,FCEB collected thru all sampling equipment by TT at FLAB14 using DI 7688.
FLAB14,P143129-8,180,CHLOROPHYLL-B (LC),5/11/2023,0.016,ug/L,U,FLAB,FCEB,MON,DI,G,CHLCB,0.016,Y,A,,,,WMD,0,25.1504805,-80.8092194,,,BA,WMD,FCEB collected thru all sampling equipment by PF at FLAB14 using DI 7762
FLAB14,P146064-8,180,CHLOROPHYLL-B (LC),11/13/2023,0.016,ug/L,U,FLAB,FCEB,MON,DI,G,CHLCB,0.016,Y,A,,,,WMD,0,25.1504805,-80.8092194,,,BA,WMD,FCEB collected thru all sampling equipment by CL at FLAB14 using DI 7860
FLAB14,P148342-8,180,CHLOROPHYLL-B (LC),1/8/2024,0.016,ug/L,U,FLAB,FCEB,MON,DI,G,CHLCB,0.016,Y,A,,,,WMD,0,25.1504805,-80.8092194,,,BA,WMD,FCEB collected thru all sampling equipment by ST at FLAB14 using DI 7913
FLAB14,P152189-8,180,CHLOROPHYLL-B (LC),7/15/2024,0.016,ug/L,U,FLAB,FCEB,MON,DI,G,CHLCB,0.016,Y,A,,,,WMD,0,25.1504805,-80.8092194,,,BA,WMD,FCEB collected thru all sampling equipment by RJC using DI 8031.
FLAB14,P153175-8,180,CHLOROPHYLL-B (LC),9/12/2024,0.016,ug/L,U,FLAB,FCEB,MON,DI,G,CHLCB,0.016,Y,A,,,,WMD,0,25.1504805,-80.8092194,,,BA,WMD,FCEB collected thru all sampling equipment using DI 8059.
FLAB14,P49628-4,180,CHLOROPHYLL-B (LC),10/19/2010,0.111,ug/L,U,FLAB,SAMP,MON,SA,G,CHLCB,0.111,Y,A,0.5,m,,WMD,1,25.1504805,-80.8092194,,,BA,WMD,"Sample light yeloow, low solids.  Low flow.  Calm water, no chop.  Winds 2-5mph.   SECCHI ON BOTTOM."
FLAB14,P50070-4,180,CHLOROPHYLL-B (LC),11/16/2010,0.111,ug/L,U,FLAB,SAMP,MON,SA,G,CHLCB,0.111,Y,A,0.5,m,,WMD,1,25.1504805,-80.8092194,,,BA,WMD,"Sample light yellow, low solids.  Calm water, minimal chop.  Low flow.  Wind 3-5mph. SECCHI ON BOTTOM."
FLAB14,P50474-4,180,CHLOROPHYLL-B (LC),12/14/2010,0.111,ug/L,U,FLAB,SAMP,MON,SA,G,CHLCB,0.111,Y,A,0.35,m,,WMD,1,25.1504805,-80.8092194,,,BA,WMD,"Sample light yellow, low solids.  Calm water, minimal chop.  Wind 3-5mph.   SECCHI ON BOTTOM. water very shallow."
FLAB14,P50635-4,180,CHLOROPHYLL-B (LC),1/4/2011,0.25,ug/L,U,FLAB,SAMP,MON,SA,G,CHLCB,0.25,Y,A,0.5,m,,WMD,1,25.1504805,-80.8092194,,,BA,WMD,"Very low flow at station.  Very low to no chop.  Wind 0-5 mph.   SECCHI ON BOTTOM.   Sample light yellow, low solids."
FLAB14,P50937-4,180,CHLOROPHYLL-B (LC),2/17/2011,0.111,ug/L,U,FLAB,SAMP,MON,SA,G,CHLCB,0.111,Y,A,0.25,m,,WMD,0,25.1504805,-80.8092194,,,BA,WMD,Sample taken .4 miles from station due to shallow water.
FLAB14,P51526-4,180,CHLOROPHYLL-B (LC),3/14/2011,0.111,ug/L,U,FLAB,SAMP,MON,SA,G,CHLCB,0.111,Y,A,0.5,m,,WMD,1,25.1504805,-80.8092194,,,BA,WMD,"Sample light yellow.  Calm water, minimal chop. Wind 8-12mph.   SECCHI ON BOTTOM."
FLAB14,P52279-4,180,CHLOROPHYLL-B (LC),4/5/2011,0.111,ug/L,U,FLAB,SAMP,MON,SA,G,CHLCB,0.111,Y,A,0.5,m,,WMD,1,25.1504805,-80.8092194,,,BA,WMD,"Sample light green, wind 10-15mph sw."
FLAB14,P52280-4,180,CHLOROPHYLL-B (LC),5/3/2011,0.167,ug/L,U,FLAB,SAMP,MON,SA,G,CHLCB,0.167,Y,A,0.3,m,,WMD,1,25.1504805,-80.8092194,,,BA,WMD,"Sample palm yellow, wind east 10-15mph,  SECCHI ON BOTTOM."
FLAB14,P52281-4,180,CHLOROPHYLL-B (LC),6/13/2011,0.111,ug/L,U,FLAB,SAMP,MON,SA,G,CHLCB,0.111,Y,A,0.5,m,,WMD,1,25.1504805,-80.8092194,,,BA,WMD,Sample is clear with no visible sollids present. Moderate flow with variable westerly winds at 5-10 mph. SECCHI ON BOTTOM. Conductivity is out of range due to high salinity at this location.
FLAB14,P52282-4,180,CHLOROPHYLL-B (LC),7/12/2011,0.111,ug/L,U,FLAB,SAMP,MON,SA,G,CHLCB,0.111,Y,A,0.5,m,,WMD,1,25.1504805,-80.8092194,,,BA,WMD,Sample is pale green with no visible suspended solids present.  Flow with light ripple chop up to 4 inches and winds from the southwest at 4 to 8 mph.  SECCHI ON BOTTOM
FLAB14,P52283-6,180,CHLOROPHYLL-B (LC),8/16/2011,0.111,ug/L,U,FLAB,SAMP,MON,SA,G,CHLCB,0.111,Y,A,0.5,m,,WMD,1,25.1504805,-80.8092194,,,BA,WMD,Sample is pale green with no visible suspended solids present. Low flow with light chop up to 4 inches and light variable winds from southwest at 6 to 10 mph. SECCHI ON BOTTOM.
FLAB14,P52284-6,180,CHLOROPHYLL-B (LC),9/12/2011,0.111,ug/L,U,FLAB,SAMP,MON,SA,G,CHLCB,0.111,Y,A,0.5,m,,WMD,0,25.1504805,-80.8092194,,,BA,WMD,Sample light yellow with no visible suspended solids present. Light current with rising tide just before high tide and glassy slight ripple conditions and light variable winds from the east southeast at 2 to 4 mph. SECCHI ON BOTTOM.
FLAB14,P52285-6,180,CHLOROPHYLL-B (LC),10/4/2011,0.111,ug/L,U,FLAB,SAMP,MON,SA,G,CHLCB,0.111,Y,A,0.4,m,,WMD,0,25.1504805,-80.8092194,,,BA,WMD,"Wind, NE 10-15, lt chop, ebb tide,  SECCHI ON BOTTOM."
FLAB14,P54071-6,180,CHLOROPHYLL-B (LC),12/6/2011,0.111,ug/L,U,FLAB,SAMP,MON,SA,G,CHLCB,0.111,Y,A,0.35,m,,WMD,0,25.1504805,-80.8092194,,,BA,WMD,"Wind ESE 10-12, lt chop, slack tide,  SECCHI ON BOTTOM, Sample taken .5 miles from station due to shallow depth"
FLAB14,P55306-4,180,CHLOROPHYLL-B (LC),2/1/2012,0.111,ug/L,U,FLAB,SAMP,MON,SA,G,CHLCB,0.111,Y,A,0.35,m,,WMD,0,25.1504805,-80.8092194,,,BA,WMD,"Wind E 14-18, lt chop in lee of island, slack tide,  SECCHI ON BOTTOM, sample taken .38 mi from station due to shallow depth"
FLAB14,P55313-4,180,CHLOROPHYLL-B (LC),4/12/2012,0.111,ug/L,U,FLAB,SAMP,MON,SA,G,CHLCB,0.111,Y,A,0.45,m,,WMD,0,25.1504805,-80.8092194,,,BA,WMD,"Wind N 8-10, rippled surface, slack tide,  SECCHI ON BOTTOM."
FLAB14,P55929-4,180,CHLOROPHYLL-B (LC),6/13/2012,0.111,ug/L,U,FLAB,SAMP,MON,SA,G,CHLCB,0.111,Y,A,0.5,m,,WMD,0,25.1504805,-80.8092194,,,BA,WMD,Calm conditions.  Light ripple.  Slack tide.  Very light east wind.   SECCHI ON BOTTOM.
FLAB14,P56205-4,180,CHLOROPHYLL-B (LC),8/13/2012,0.111,ug/L,U,FLAB,SAMP,MON,SA,G,CHLCB,0.111,Y,A,0.5,m,,WMD,0,25.1504805,-80.8092194,,,BA,WMD,Very light east wind.  Calm conditions with almost no ripple.  Slack tide.   SECCHI ON BOTTOM.
FLAB14,P56209-4,180,CHLOROPHYLL-B (LC),10/11/2012,0.111,ug/L,U,FLAB,SAMP,MON,SA,G,CHLCB,0.111,Y,A,0.5,m,,WMD,0,25.1504805,-80.8092194,,,BA,WMD,Strong NE breeze.  Light chop.   SECCHI ON BOTTOM.
FLAB14,P56856-4,180,CHLOROPHYLL-B (LC),12/10/2012,0.111,ug/L,U,FLAB,SAMP,MON,SA,G,CHLCB,0.111,Y,A,0.5,m,,WMD,0,25.1504805,-80.8092194,,,BA,WMD,SECCHI ON BOTTOM. Winds 10-15kts out of the SE. Light chop.
FLAB14,P61818-4,180,CHLOROPHYLL-B (LC),2/5/2013,0.25,ug/L,U,FLAB,SAMP,MON,SA,G,CHLCB,0.25,Y,A,0.5,m,,WMD,0,25.1504805,-80.8092194,,,BA,WMD,SECCHI ON BOTTOM. Very light breeze 1-2kts. Calm water. No noticeable current.
FLAB14,P61819-4,180,CHLOROPHYLL-B (LC),4/18/2013,0.111,ug/L,U,FLAB,SAMP,MON,SA,G,CHLCB,0.111,Y,A,0.3,m,,WMD,0,25.1504805,-80.8092194,,,PD,WMD,SECCHI ON BOTTOM. ESE winds 10-12 kts. Light ripple on the water.
FLAB14,P63880-4,180,CHLOROPHYLL-B (LC),6/17/2013,0.25,ug/L,U,FLAB,SAMP,MON,SA,G,CHLCB,0.25,Y,A,0.4,m,,WMD,0,25.1504805,-80.8092194,,,PD,WMD,"slight ripple on surface, southeast wind 10-15, secchi on bottom, site collected short of coordinates due to shallow water less than 0.5m while approaching site"
FLAB14,P63881-4,180,CHLOROPHYLL-B (LC),8/13/2013,0.111,ug/L,U,FLAB,SAMP,MON,SA,G,CHLCB,0.111,Y,A,0.35,m,,WMD,0,25.1504805,-80.8092194,,,PD,WMD,SECCHI ON BOTTOM. Ripples on surface. E wind 5-10 kt. No current observed. Station visted near high tide. Unable to reach location due to shallow water. Collected at 25-08'43.5 secN 080-48'34.4 secW
FLAB14,P65941-4,180,CHLOROPHYLL-B (LC),10/28/2013,0.111,ug/L,U,FLAB,SAMP,MON,SA,G,CHLCB,0.111,Y,A,0.4,m,,WMD,0,25.1504805,-80.8092194,,,PD,WMD,SECCHI ON BOTTOM. Light chop. E wind approx 15 kt. Moderate wind driven current.
FLAB14,P68531-4,180,CHLOROPHYLL-B (LC),12/11/2013,0.111,ug/L,U,FLAB,SAMP,MON,SA,G,CHLCB,0.111,Y,A,0.35,m,,WMD,0,25.1504805,-80.8092194,,,PD,WMD,"Light chop, E wind 10-15,  SECCHI ON BOTTOM."
FLAB14,P70123-4,180,CHLOROPHYLL-B (LC),2/26/2014,0.111,ug/L,U,FLAB,SAMP,MON,SA,G,CHLCB,0.111,Y,A,0.5,m,,WMD,0,25.1504805,-80.8092194,,,PD,WMD,"SECCHI ON BOTTOM. Slight ripple on water surface. Slight wind out of the SW, 5kts. Slight incoming tide. Unable to get to actual FLAB14 site due to water level, sample taken at GPS position N2508.345 W08048.512."
FLAB14,P70124-4,180,CHLOROPHYLL-B (LC),4/7/2014,0.111,ug/L,U,FLAB,SAMP,MON,SA,G,CHLCB,0.111,Y,A,0.5,m,,WMD,0,25.1504805,-80.8092194,,,PD,WMD,Moderate chop due to 15kt SE winds. Sample area clear. SECCHI ON BOTTOM.
FLAB14,P71707-4,180,CHLOROPHYLL-B (LC),6/9/2014,0.089,ug/L,U,FLAB,SAMP,MON,SA,G,CHLCB,0.089,Y,A,0.5,m,,WMD,0,25.1504805,-80.8092194,,,PD,WMD,"SECCHI ON BOTTOM. Calm winds, calm waves, incoming tide."
FLAB14,P72712-4,180,CHLOROPHYLL-B (LC),8/5/2014,0.2,ug/L,U,FLAB,SAMP,MON,SA,G,CHLCB,0.2,Y,A,0.5,m,,WMD,0,25.1504805,-80.8092194,,,PD,WMD,"Calm conditions, SW winds less than 5 kts. Small amount of single piece turtle and manatee grasses on surface. Incoming tide. SECCHI ON BOTTOM."
FLAB14,P74736-4,180,CHLOROPHYLL-B (LC),10/20/2014,0.2,ug/L,U,FLAB,SAMP,MON,SA,G,CHLCB,0.2,Y,A,0.35,m,,WMD,0,25.1504805,-80.8092194,,,PD,WMD,"Calm,  SECCHI ON BOTTOM."
FLAB14,P74738-4,180,CHLOROPHYLL-B (LC),12/17/2014,0.089,ug/L,U,FLAB,SAMP,MON,SA,G,CHLCB,0.089,Y,A,0.5,m,,WMD,0,25.1504805,-80.8092194,,,PD,WMD,"Incoming tide, NE winds 5kts, calm seas, small amout of floating vegetation pieces visible on water surface. SECCHI ON BOTTOM."
FLAB14,P74737-4,180,CHLOROPHYLL-B (LC),2/16/2015,0.089,ug/L,U,FLAB,SAMP,MON,SA,G,CHLCB,0.089,Y,A,0.45,m,,WMD,0,25.1504805,-80.8092194,,,PD,WMD,"Calm, E wind 10-15. Sample collected 925 m due south of site because of water depth. SECCHI ON BOTTOM"
FLAB14,P75445-4,180,CHLOROPHYLL-B (LC),4/13/2015,0.089,ug/L,U,FLAB,SAMP,MON,SA,G,CHLCB,0.089,Y,A,0.5,m,,WMD,0,25.1504805,-80.8092194,,,PD,WMD,Sample collected 1 km due south of site due to water depth. SOB
FLAB14,P74739-4,180,CHLOROPHYLL-B (LC),6/9/2015,0.16,ug/L,U,FLAB,SAMP,MON,SA,G,CHLCB,0.16,Y,A,0.5,m,,WMD,0,25.1504805,-80.8092194,,,PD,WMD,SOB
FLAB14,P78245-4,180,CHLOROPHYLL-B (LC),8/25/2015,0.16,ug/L,U,FLAB,SAMP,MON,SA,G,CHLCB,0.16,Y,A,0.5,m,,WMD,0,25.1504805,-80.8092194,,,PD,WMD,Secchi on bottom.
FLAB14,P80870-4,180,CHLOROPHYLL-B (LC),10/7/2015,0.158,ug/L,I,FLAB,SAMP,MON,SA,G,CHLCB,0.071,N,A,0.5,m,,WMD,0,25.1504805,-80.8092194,,,PD,WMD,"Calm seas, light amount of loose vegetation on surface, incoming tide, secchi on bottom."
FLAB14,P82416-4,180,CHLOROPHYLL-B (LC),1/21/2016,0.247,ug/L,I,FLAB,SAMP,MON,SA,G,CHLCB,0.071,N,A,0.5,m,,WMD,0,25.1504805,-80.8092194,,,PD,WMD,Secchi on bottom. Surface smooth. Winds ESE 10-15.
FLAB14,P82935-4,180,CHLOROPHYLL-B (LC),2/16/2016,0.313,ug/L,,FLAB,SAMP,MON,SA,G,CHLCB,0.071,N,A,0.5,m,,WMD,0,25.1504805,-80.8092194,,,PD,WMD,"Calm wind and seas, sample area clear, Secchi on bottom."
FLAB14,P83568-4,180,CHLOROPHYLL-B (LC),4/14/2016,0.071,ug/L,U,FLAB,SAMP,MON,SA,G,CHLCB,0.071,Y,A,0.35,m,,WMD,0,25.1504805,-80.8092194,,,PD,WMD,SOB. Light winds out of the SE around 7 kts. Glass smooth water.
FLAB14,P111104-5,180,CHLOROPHYLL-B (LC),8/13/2020,0.018,ug/L,"U,J",FLAB,SAMP,MON,SA,G,CHLCB,0.018,Y,A,0.35,m,,WMD,0,25.1504805,-80.8092194,,,BA,WMD,Secchi on bottom. Sample collected at half total depth.
FLAB14,P118766-5,180,CHLOROPHYLL-B (LC),10/12/2020,0.048,ug/L,I,FLAB,SAMP,MON,SA,G,CHLCB,0.018,N,A,0.4,m,,WMD,0,25.1504805,-80.8092194,,,BA,WMD,Secchi on bottom.
FLAB14,P120347-5,180,CHLOROPHYLL-B (LC),12/9/2020,0.018,ug/L,U,FLAB,SAMP,MON,SA,G,CHLCB,0.018,Y,A,0.3,m,,WMD,0,25.1504805,-80.8092194,,,BA,WMD,"Sample area clear.  Total Depth was only 0.6 meters, so sampling depth was at 0.3 meters instead of 0.5 meters.  SOB, Secchi On Bottom.  Light solids in sample.  Sample collected by CL."
FLAB14,P121638-5,180,CHLOROPHYLL-B (LC),1/7/2021,0.041,ug/L,I,FLAB,SAMP,MON,SA,G,CHLCB,0.018,N,A,0.3,m,,WMD,0,25.1504805,-80.8092194,,,BA,WMD,Secchi on bottom
FLAB14,P122507-5,180,CHLOROPHYLL-B (LC),3/17/2021,0.018,ug/L,U,FLAB,SAMP,MON,SA,G,CHLCB,0.018,Y,A,0.5,m,,WMD,0,25.1504805,-80.8092194,,,BA,WMD,Secchi on bottom.
FLAB14,P122517-5,180,CHLOROPHYLL-B (LC),5/24/2021,0.018,ug/L,U,FLAB,SAMP,MON,SA,G,CHLCB,0.018,Y,A,0.2,m,,WMD,0,25.1504805,-80.8092194,,,BA,WMD,Secchi on bottom. Sampled approx. 100 m from site due to low water.
FLAB14,P123928-5,180,CHLOROPHYLL-B (LC),7/1/2021,0.041,ug/L,I,FLAB,SAMP,MON,SA,G,CHLCB,0.018,N,A,0.35,m,,WMD,0,25.1504805,-80.8092194,,,BA,WMD,Secchi on bottom.
FLAB14,P125715-5,180,CHLOROPHYLL-B (LC),10/13/2021,0.156,ug/L,,FLAB,SAMP,MON,SA,G,CHLCB,0.018,N,A,0.4,m,,WMD,0,25.1504805,-80.8092194,,,BA,WMD,
FLAB14,P128145-5,180,CHLOROPHYLL-B (LC),12/27/2021,0.208,ug/L,I,FLAB,SAMP,MON,SA,G,CHLCB,0.08,N,A,0.3,m,,WMD,0,25.1504805,-80.8092194,,,BA,WMD,Sampling area clear of debris.
FLAB14,P129938-5,180,CHLOROPHYLL-B (LC),2/8/2022,0.136,ug/L,I,FLAB,SAMP,MON,SA,G,CHLCB,0.04,N,A,0.25,m,,WMD,0,25.1504805,-80.8092194,,,BA,WMD,Secchi on bottom
FLAB14,P132794-5,180,CHLOROPHYLL-B (LC),4/7/2022,0.053,ug/L,U,FLAB,SAMP,MON,SA,G,CHLCB,0.053,Y,A,0.3,m,,WMD,0,25.1504805,-80.8092194,,,BA,WMD,
FLAB14,P134124-5,180,CHLOROPHYLL-B (LC),6/22/2022,0.08,ug/L,U,FLAB,SAMP,MON,SA,G,CHLCB,0.08,Y,A,0.5,m,,WMD,0,25.1504805,-80.8092194,,,BA,WMD,
FLAB14,P135165-5,180,CHLOROPHYLL-B (LC),8/18/2022,0.416,ug/L,,FLAB,SAMP,MON,SA,G,CHLCB,0.053,N,A,0.5,m,,WMD,0,25.1504805,-80.8092194,,,BA,WMD,"No visible solids, but water is very cloudy and difficult to filter. Used two filters to process."
FLAB14,P136495-5,180,CHLOROPHYLL-B (LC),10/20/2022,0.292,ug/L,,FLAB,SAMP,MON,SA,G,CHLCB,0.04,N,A,0.4,m,,WMD,0,25.1504805,-80.8092194,,,BA,WMD,Sample collected at half total depth as per FSM. Water in sampling area has a greenish tint. Filter turned light green during processing.
FLAB14,P138520-5,180,CHLOROPHYLL-B (LC),12/19/2022,0.293,ug/L,,FLAB,SAMP,MON,SA,G,CHLCB,0.053,N,A,0.3,m,,WMD,0,25.1504805,-80.8092194,,,BA,WMD,
FLAB14,P139468-5,180,CHLOROPHYLL-B (LC),1/30/2023,0.067,ug/L,I,FLAB,SAMP,MON,SA,G,CHLCB,0.027,N,A,0.5,m,,WMD,0,25.1504805,-80.8092194,,,BA,WMD,
FLAB14,P141269-5,180,CHLOROPHYLL-B (LC),3/14/2023,0.016,ug/L,U,FLAB,SAMP,MON,SA,G,CHLCB,0.016,Y,A,0.5,m,,WMD,0,25.1504805,-80.8092194,,,BA,WMD,Secchi on bottom.
FLAB14,P143129-5,180,CHLOROPHYLL-B (LC),5/11/2023,0.037,ug/L,I,FLAB,SAMP,MON,SA,G,CHLCB,0.016,N,A,0.5,m,,WMD,0,25.1504805,-80.8092194,,,BA,WMD,Secchi on bottom
FLAB14,P144703-5,180,CHLOROPHYLL-B (LC),7/27/2023,0.053,ug/L,U,FLAB,SAMP,MON,SA,G,CHLCB,0.053,Y,A,0.35,m,,WMD,0,25.1504805,-80.8092194,,,BA,WMD,
FLAB14,P146063-5,180,CHLOROPHYLL-B (LC),9/27/2023,0.186,ug/L,,FLAB,SAMP,MON,SA,G,CHLCB,0.032,N,A,0.5,m,,WMD,0,25.1504805,-80.8092194,,,BA,WMD,"Water highly turbid, became difficult to filter during processing."
FLAB14,P146064-5,180,CHLOROPHYLL-B (LC),11/13/2023,0.08,ug/L,U,FLAB,SAMP,MON,SA,G,CHLCB,0.08,Y,A,0.5,m,,WMD,0,25.1504805,-80.8092194,,,BA,WMD,"Filter became clogged during processing, no color, difficult to filter"
FLAB14,P148342-5,180,CHLOROPHYLL-B (LC),1/8/2024,0.08,ug/L,U,FLAB,SAMP,MON,SA,G,CHLCB,0.08,Y,A,0.35,m,,WMD,0,25.1504805,-80.8092194,,,BA,WMD,collected sample approximately 600 feet SSW of site due to shallow depth
FLAB14,P149299-5,180,CHLOROPHYLL-B (LC),3/4/2024,0.04,ug/L,U,FLAB,SAMP,MON,SA,G,CHLCB,0.04,Y,A,0.4,m,,WMD,0,25.1504805,-80.8092194,,,BA,WMD,Sample collected 800 m west of site due to shallow depth.
FLAB14,P150708-5,180,CHLOROPHYLL-B (LC),5/13/2024,0.08,ug/L,U,FLAB,SAMP,MON,SA,G,CHLCB,0.08,Y,A,0.45,m,,WMD,0,25.1504805,-80.8092194,,,BA,WMD,Filter turned yellow during processing.
FLAB14,P152189-5,180,CHLOROPHYLL-B (LC),7/15/2024,0.107,ug/L,U,FLAB,SAMP,MON,SA,G,CHLCB,0.107,Y,A,0.4,m,,WMD,0,25.1504805,-80.8092194,,,BA,WMD,Sample taken 550 m SW of station due to shallow depth. Filter turned green during processing; sample was difficult to push through filter.
FLAB14,P153175-5,180,CHLOROPHYLL-B (LC),9/12/2024,0.616,ug/L,,FLAB,SAMP,MON,SA,G,CHLCB,0.08,N,A,0.5,m,,WMD,0,25.1504805,-80.8092194,,,BA,WMD,Filter turned green during processing.
FLAB14,P154028-5,180,CHLOROPHYLL-B (LC),12/9/2024,0.032,ug/L,U,FLAB,SAMP,MON,SA,G,CHLCB,0.032,Y,A,0.45,m,,WMD,0,25.1504805,-80.8092194,,,BA,WMD,"Because of shallow depths, sample was collected approximately 580 meters to the southwest of the marked site coordinates."
FLAB14,P155969-5,180,CHLOROPHYLL-B (LC),2/5/2025,0.072,ug/L,I,FLAB,SAMP,MON,SA,G,CHLCB,0.027,N,A,0.5,m,,WMD,0,25.1504805,-80.8092194,,,BA,WMD,Secchi on bottom.
FLAB14,P158028-5,180,CHLOROPHYLL-B (LC),6/18/2025,0.027,ug/L,U,FLAB,SAMP,MON,SA,G,CHLCB,0.027,Y,P,0.5,m,,WMD,0,25.1504805,-80.8092194,1,,,,Secchi on bottom.
FLAB14,P50070-11,181,PHEOPHYTIN-A(LC),11/16/2010,0.18,ug/L,U,FLAB,FCEB,MON,DI,G,PHELC,0.18,Y,A,0,,,WMD,0,25.1504805,-80.8092194,,,BA,WMD,"DI, niskin, bucket, syringe, filter, sample bottle.  FCEB taken at FLAB14."
FLAB14,P52279-7,181,PHEOPHYTIN-A(LC),4/5/2011,0.18,ug/L,U,FLAB,FCEB,MON,DI,G,PHELC,0.18,Y,A,0,,,WMD,0,25.1504805,-80.8092194,,,BA,WMD,"FCEB. DI,NISKEN,BUCKET,SYRINGE,FILTER,SAMPLE BOTTLE. FCEB COLLECTED @ STATION FLAB 14"
FLAB14,P52280-7,181,PHEOPHYTIN-A(LC),5/3/2011,0.18,ug/L,U,FLAB,FCEB,MON,DI,G,PHELC,0.18,Y,A,0,,,WMD,1,25.1504805,-80.8092194,,,BA,WMD,"FCEB. DI,Nisken,Bucket,Syringe,Filter,Sample Bottle. FCDE taken @ station FLAB14"
FLAB14,P55313-7,181,PHEOPHYTIN-A(LC),4/12/2012,0.18,ug/L,U,FLAB,FCEB,MON,DI,G,PHELC,0.18,Y,A,,,,WMD,0,25.1504805,-80.8092194,,,BA,WMD,FCEB
FLAB14,P61818-7,181,PHEOPHYTIN-A(LC),2/5/2013,0.18,ug/L,U,FLAB,FCEB,MON,DI,G,PHELC,0.18,Y,A,,,,WMD,0,25.1504805,-80.8092194,,,BA,WMD,FCEB.
FLAB14,P65941-7,181,PHEOPHYTIN-A(LC),10/28/2013,0.18,ug/L,U,FLAB,FCEB,MON,DI,G,PHELC,0.18,Y,A,,,,WMD,0,25.1504805,-80.8092194,,,PD,WMD,
FLAB14,P86137-7,181,PHEOPHYTIN-A(LC),10/24/2016,0.032,ug/L,U,FLAB,FCEB,MON,DI,G,PHELC,0.032,Y,A,,,,WMD,0,25.1504805,-80.8092194,,,PD,WMD,
FLAB14,P86766-7,181,PHEOPHYTIN-A(LC),12/21/2016,0.032,ug/L,U,FLAB,FCEB,MON,DI,G,PHELC,0.032,Y,A,,,,WMD,0,25.1504805,-80.8092194,,,PD,WMD,
FLAB14,P87830-7,181,PHEOPHYTIN-A(LC),4/20/2017,0.032,ug/L,U,FLAB,FCEB,MON,DI,G,PHELC,0.032,Y,A,,,,WMD,0,25.1504805,-80.8092194,,,PD,WMD,FCEB collected at FLAB14 site.  Sample collected by DA.
FLAB14,P88721-7,181,PHEOPHYTIN-A(LC),10/12/2017,0.008,ug/L,U,FLAB,FCEB,MON,DI,G,PHELC,0.008,Y,A,,,,WMD,0,25.1504805,-80.8092194,,,PD,WMD,FCEB performed.
FLAB14,P91159-7,181,PHEOPHYTIN-A(LC),12/13/2017,0.008,ug/L,U,FLAB,FCEB,MON,DI,G,PHELC,0.008,Y,A,,,,WMD,0,25.1504805,-80.8092194,,,PD,WMD,Performed by EW at FLAB14.
FLAB14,P92112-7,181,PHEOPHYTIN-A(LC),2/28/2018,0.008,ug/L,U,FLAB,FCEB,MON,DI,G,PHELC,0.008,Y,A,,,,WMD,0,25.1504805,-80.8092194,,,PD,WMD,Performed by KJ at FLAB14 with DI 5886.
FLAB14,P92872-7,181,PHEOPHYTIN-A(LC),4/10/2018,0.008,ug/L,"U,V",FLAB,FCEB,MON,DI,G,PHELC,0.008,Y,A,,,,WMD,0,25.1504805,-80.8092194,,,PD,WMD,Performed by NP at FLAB14 with DI 5901.
FLAB14,P120347-8,181,PHEOPHYTIN-A(LC),12/9/2020,0.008,ug/L,U,FLAB,FCEB,MON,DI,G,PHELC,0.008,Y,A,,,,WMD,0,25.1504805,-80.8092194,,,BA,WMD,FCEB collected at station FLAB14 by CL using DI#: 7014.
FLAB14,P129938-8,181,PHEOPHYTIN-A(LC),2/8/2022,0.008,ug/L,U,FLAB,FCEB,MON,DI,G,PHELC,0.008,Y,A,,,,WMD,0,25.1504805,-80.8092194,,,BA,WMD,FCEB collected thru all sampling equipment 7492
FLAB14,P139468-8,181,PHEOPHYTIN-A(LC),1/30/2023,0.008,ug/L,U,FLAB,FCEB,MON,DI,G,PHELC,0.008,Y,A,,,,WMD,0,25.1504805,-80.8092194,,,BA,WMD,FCEB collected thru all sampling equipment by TT at FLAB14 using DI 7688.
FLAB14,P143129-8,181,PHEOPHYTIN-A(LC),5/11/2023,0.008,ug/L,U,FLAB,FCEB,MON,DI,G,PHELC,0.008,Y,A,,,,WMD,0,25.1504805,-80.8092194,,,BA,WMD,FCEB collected thru all sampling equipment by PF at FLAB14 using DI 7762
FLAB14,P146064-8,181,PHEOPHYTIN-A(LC),11/13/2023,0.008,ug/L,U,FLAB,FCEB,MON,DI,G,PHELC,0.008,Y,A,,,,WMD,0,25.1504805,-80.8092194,,,BA,WMD,FCEB collected thru all sampling equipment by CL at FLAB14 using DI 7860
FLAB14,P148342-8,181,PHEOPHYTIN-A(LC),1/8/2024,0.008,ug/L,U,FLAB,FCEB,MON,DI,G,PHELC,0.008,Y,A,,,,WMD,0,25.1504805,-80.8092194,,,BA,WMD,FCEB collected thru all sampling equipment by ST at FLAB14 using DI 7913
FLAB14,P152189-8,181,PHEOPHYTIN-A(LC),7/15/2024,0.008,ug/L,U,FLAB,FCEB,MON,DI,G,PHELC,0.008,Y,A,,,,WMD,0,25.1504805,-80.8092194,,,BA,WMD,FCEB collected thru all sampling equipment by RJC using DI 8031.
FLAB14,P153175-8,181,PHEOPHYTIN-A(LC),9/12/2024,0.008,ug/L,"U,J",FLAB,FCEB,MON,DI,G,PHELC,0.008,Y,A,,,,WMD,0,25.1504805,-80.8092194,,,BA,WMD,FCEB collected thru all sampling equipment using DI 8059.
FLAB14,P49628-4,181,PHEOPHYTIN-A(LC),10/19/2010,0.2,ug/L,U,FLAB,SAMP,MON,SA,G,PHELC,0.2,Y,A,0.5,m,,WMD,1,25.1504805,-80.8092194,,,BA,WMD,"Sample light yeloow, low solids.  Low flow.  Calm water, no chop.  Winds 2-5mph.   SECCHI ON BOTTOM."
FLAB14,P50070-4,181,PHEOPHYTIN-A(LC),11/16/2010,0.2,ug/L,U,FLAB,SAMP,MON,SA,G,PHELC,0.2,Y,A,0.5,m,,WMD,1,25.1504805,-80.8092194,,,BA,WMD,"Sample light yellow, low solids.  Calm water, minimal chop.  Low flow.  Wind 3-5mph. SECCHI ON BOTTOM."
FLAB14,P50474-4,181,PHEOPHYTIN-A(LC),12/14/2010,0.2,ug/L,U,FLAB,SAMP,MON,SA,G,PHELC,0.2,Y,A,0.35,m,,WMD,1,25.1504805,-80.8092194,,,BA,WMD,"Sample light yellow, low solids.  Calm water, minimal chop.  Wind 3-5mph.   SECCHI ON BOTTOM. water very shallow."
FLAB14,P50635-4,181,PHEOPHYTIN-A(LC),1/4/2011,0.45,ug/L,U,FLAB,SAMP,MON,SA,G,PHELC,0.45,Y,A,0.5,m,,WMD,1,25.1504805,-80.8092194,,,BA,WMD,"Very low flow at station.  Very low to no chop.  Wind 0-5 mph.   SECCHI ON BOTTOM.   Sample light yellow, low solids."
FLAB14,P50937-4,181,PHEOPHYTIN-A(LC),2/17/2011,0.2,ug/L,U,FLAB,SAMP,MON,SA,G,PHELC,0.2,Y,A,0.25,m,,WMD,0,25.1504805,-80.8092194,,,BA,WMD,Sample taken .4 miles from station due to shallow water.
FLAB14,P51526-4,181,PHEOPHYTIN-A(LC),3/14/2011,0.2,ug/L,U,FLAB,SAMP,MON,SA,G,PHELC,0.2,Y,A,0.5,m,,WMD,1,25.1504805,-80.8092194,,,BA,WMD,"Sample light yellow.  Calm water, minimal chop. Wind 8-12mph.   SECCHI ON BOTTOM."
FLAB14,P52279-4,181,PHEOPHYTIN-A(LC),4/5/2011,0.2,ug/L,U,FLAB,SAMP,MON,SA,G,PHELC,0.2,Y,A,0.5,m,,WMD,1,25.1504805,-80.8092194,,,BA,WMD,"Sample light green, wind 10-15mph sw."
FLAB14,P52280-4,181,PHEOPHYTIN-A(LC),5/3/2011,0.3,ug/L,U,FLAB,SAMP,MON,SA,G,PHELC,0.3,Y,A,0.3,m,,WMD,1,25.1504805,-80.8092194,,,BA,WMD,"Sample palm yellow, wind east 10-15mph,  SECCHI ON BOTTOM."
FLAB14,P52281-4,181,PHEOPHYTIN-A(LC),6/13/2011,0.2,ug/L,U,FLAB,SAMP,MON,SA,G,PHELC,0.2,Y,A,0.5,m,,WMD,1,25.1504805,-80.8092194,,,BA,WMD,Sample is clear with no visible sollids present. Moderate flow with variable westerly winds at 5-10 mph. SECCHI ON BOTTOM. Conductivity is out of range due to high salinity at this location.
FLAB14,P52282-4,181,PHEOPHYTIN-A(LC),7/12/2011,0.2,ug/L,U,FLAB,SAMP,MON,SA,G,PHELC,0.2,Y,A,0.5,m,,WMD,1,25.1504805,-80.8092194,,,BA,WMD,Sample is pale green with no visible suspended solids present.  Flow with light ripple chop up to 4 inches and winds from the southwest at 4 to 8 mph.  SECCHI ON BOTTOM
FLAB14,P52283-6,181,PHEOPHYTIN-A(LC),8/16/2011,0.2,ug/L,U,FLAB,SAMP,MON,SA,G,PHELC,0.2,Y,A,0.5,m,,WMD,1,25.1504805,-80.8092194,,,BA,WMD,Sample is pale green with no visible suspended solids present. Low flow with light chop up to 4 inches and light variable winds from southwest at 6 to 10 mph. SECCHI ON BOTTOM.
FLAB14,P52284-6,181,PHEOPHYTIN-A(LC),9/12/2011,0.2,ug/L,U,FLAB,SAMP,MON,SA,G,PHELC,0.2,Y,A,0.5,m,,WMD,0,25.1504805,-80.8092194,,,BA,WMD,Sample light yellow with no visible suspended solids present. Light current with rising tide just before high tide and glassy slight ripple conditions and light variable winds from the east southeast at 2 to 4 mph. SECCHI ON BOTTOM.
FLAB14,P52285-6,181,PHEOPHYTIN-A(LC),10/4/2011,0.2,ug/L,U,FLAB,SAMP,MON,SA,G,PHELC,0.2,Y,A,0.4,m,,WMD,0,25.1504805,-80.8092194,,,BA,WMD,"Wind, NE 10-15, lt chop, ebb tide,  SECCHI ON BOTTOM."
FLAB14,P54071-6,181,PHEOPHYTIN-A(LC),12/6/2011,0.2,ug/L,U,FLAB,SAMP,MON,SA,G,PHELC,0.2,Y,A,0.35,m,,WMD,0,25.1504805,-80.8092194,,,BA,WMD,"Wind ESE 10-12, lt chop, slack tide,  SECCHI ON BOTTOM, Sample taken .5 miles from station due to shallow depth"
FLAB14,P55306-4,181,PHEOPHYTIN-A(LC),2/1/2012,0.2,ug/L,U,FLAB,SAMP,MON,SA,G,PHELC,0.2,Y,A,0.35,m,,WMD,0,25.1504805,-80.8092194,,,BA,WMD,"Wind E 14-18, lt chop in lee of island, slack tide,  SECCHI ON BOTTOM, sample taken .38 mi from station due to shallow depth"
FLAB14,P55313-4,181,PHEOPHYTIN-A(LC),4/12/2012,0.2,ug/L,U,FLAB,SAMP,MON,SA,G,PHELC,0.2,Y,A,0.45,m,,WMD,0,25.1504805,-80.8092194,,,BA,WMD,"Wind N 8-10, rippled surface, slack tide,  SECCHI ON BOTTOM."
FLAB14,P55929-4,181,PHEOPHYTIN-A(LC),6/13/2012,0.2,ug/L,U,FLAB,SAMP,MON,SA,G,PHELC,0.2,Y,A,0.5,m,,WMD,0,25.1504805,-80.8092194,,,BA,WMD,Calm conditions.  Light ripple.  Slack tide.  Very light east wind.   SECCHI ON BOTTOM.
FLAB14,P56205-4,181,PHEOPHYTIN-A(LC),8/13/2012,0.2,ug/L,U,FLAB,SAMP,MON,SA,G,PHELC,0.2,Y,A,0.5,m,,WMD,0,25.1504805,-80.8092194,,,BA,WMD,Very light east wind.  Calm conditions with almost no ripple.  Slack tide.   SECCHI ON BOTTOM.
FLAB14,P56209-4,181,PHEOPHYTIN-A(LC),10/11/2012,0.2,ug/L,U,FLAB,SAMP,MON,SA,G,PHELC,0.2,Y,A,0.5,m,,WMD,0,25.1504805,-80.8092194,,,BA,WMD,Strong NE breeze.  Light chop.   SECCHI ON BOTTOM.
FLAB14,P56856-4,181,PHEOPHYTIN-A(LC),12/10/2012,0.2,ug/L,U,FLAB,SAMP,MON,SA,G,PHELC,0.2,Y,A,0.5,m,,WMD,0,25.1504805,-80.8092194,,,BA,WMD,SECCHI ON BOTTOM. Winds 10-15kts out of the SE. Light chop.
FLAB14,P61818-4,181,PHEOPHYTIN-A(LC),2/5/2013,0.45,ug/L,U,FLAB,SAMP,MON,SA,G,PHELC,0.45,Y,A,0.5,m,,WMD,0,25.1504805,-80.8092194,,,BA,WMD,SECCHI ON BOTTOM. Very light breeze 1-2kts. Calm water. No noticeable current.
FLAB14,P61819-4,181,PHEOPHYTIN-A(LC),4/18/2013,0.2,ug/L,U,FLAB,SAMP,MON,SA,G,PHELC,0.2,Y,A,0.3,m,,WMD,0,25.1504805,-80.8092194,,,PD,WMD,SECCHI ON BOTTOM. ESE winds 10-12 kts. Light ripple on the water.
FLAB14,P63880-4,181,PHEOPHYTIN-A(LC),6/17/2013,0.45,ug/L,U,FLAB,SAMP,MON,SA,G,PHELC,0.45,Y,A,0.4,m,,WMD,0,25.1504805,-80.8092194,,,PD,WMD,"slight ripple on surface, southeast wind 10-15, secchi on bottom, site collected short of coordinates due to shallow water less than 0.5m while approaching site"
FLAB14,P63881-4,181,PHEOPHYTIN-A(LC),8/13/2013,0.2,ug/L,U,FLAB,SAMP,MON,SA,G,PHELC,0.2,Y,A,0.35,m,,WMD,0,25.1504805,-80.8092194,,,PD,WMD,SECCHI ON BOTTOM. Ripples on surface. E wind 5-10 kt. No current observed. Station visted near high tide. Unable to reach location due to shallow water. Collected at 25-08'43.5 secN 080-48'34.4 secW
FLAB14,P65941-4,181,PHEOPHYTIN-A(LC),10/28/2013,0.2,ug/L,U,FLAB,SAMP,MON,SA,G,PHELC,0.2,Y,A,0.4,m,,WMD,0,25.1504805,-80.8092194,,,PD,WMD,SECCHI ON BOTTOM. Light chop. E wind approx 15 kt. Moderate wind driven current.
FLAB14,P68531-4,181,PHEOPHYTIN-A(LC),12/11/2013,0.2,ug/L,U,FLAB,SAMP,MON,SA,G,PHELC,0.2,Y,A,0.35,m,,WMD,0,25.1504805,-80.8092194,,,PD,WMD,"Light chop, E wind 10-15,  SECCHI ON BOTTOM."
FLAB14,P70123-4,181,PHEOPHYTIN-A(LC),2/26/2014,0.2,ug/L,U,FLAB,SAMP,MON,SA,G,PHELC,0.2,Y,A,0.5,m,,WMD,0,25.1504805,-80.8092194,,,PD,WMD,"SECCHI ON BOTTOM. Slight ripple on water surface. Slight wind out of the SW, 5kts. Slight incoming tide. Unable to get to actual FLAB14 site due to water level, sample taken at GPS position N2508.345 W08048.512."
FLAB14,P70124-4,181,PHEOPHYTIN-A(LC),4/7/2014,0.2,ug/L,U,FLAB,SAMP,MON,SA,G,PHELC,0.2,Y,A,0.5,m,,WMD,0,25.1504805,-80.8092194,,,PD,WMD,Moderate chop due to 15kt SE winds. Sample area clear. SECCHI ON BOTTOM.
FLAB14,P71707-4,181,PHEOPHYTIN-A(LC),6/9/2014,0.044,ug/L,U,FLAB,SAMP,MON,SA,G,PHELC,0.044,Y,A,0.5,m,,WMD,0,25.1504805,-80.8092194,,,PD,WMD,"SECCHI ON BOTTOM. Calm winds, calm waves, incoming tide."
FLAB14,P72712-4,181,PHEOPHYTIN-A(LC),8/5/2014,0.1,ug/L,U,FLAB,SAMP,MON,SA,G,PHELC,0.1,Y,A,0.5,m,,WMD,0,25.1504805,-80.8092194,,,PD,WMD,"Calm conditions, SW winds less than 5 kts. Small amount of single piece turtle and manatee grasses on surface. Incoming tide. SECCHI ON BOTTOM."
FLAB14,P74736-4,181,PHEOPHYTIN-A(LC),10/20/2014,0.1,ug/L,U,FLAB,SAMP,MON,SA,G,PHELC,0.1,Y,A,0.35,m,,WMD,0,25.1504805,-80.8092194,,,PD,WMD,"Calm,  SECCHI ON BOTTOM."
FLAB14,P74738-4,181,PHEOPHYTIN-A(LC),12/17/2014,0.044,ug/L,U,FLAB,SAMP,MON,SA,G,PHELC,0.044,Y,A,0.5,m,,WMD,0,25.1504805,-80.8092194,,,PD,WMD,"Incoming tide, NE winds 5kts, calm seas, small amout of floating vegetation pieces visible on water surface. SECCHI ON BOTTOM."
FLAB14,P74737-4,181,PHEOPHYTIN-A(LC),2/16/2015,0.044,ug/L,U,FLAB,SAMP,MON,SA,G,PHELC,0.044,Y,A,0.45,m,,WMD,0,25.1504805,-80.8092194,,,PD,WMD,"Calm, E wind 10-15. Sample collected 925 m due south of site because of water depth. SECCHI ON BOTTOM"
FLAB14,P75445-4,181,PHEOPHYTIN-A(LC),4/13/2015,0.044,ug/L,U,FLAB,SAMP,MON,SA,G,PHELC,0.044,Y,A,0.5,m,,WMD,0,25.1504805,-80.8092194,,,PD,WMD,Sample collected 1 km due south of site due to water depth. SOB
FLAB14,P74739-4,181,PHEOPHYTIN-A(LC),6/9/2015,0.08,ug/L,U,FLAB,SAMP,MON,SA,G,PHELC,0.08,Y,A,0.5,m,,WMD,0,25.1504805,-80.8092194,,,PD,WMD,SOB
FLAB14,P78245-4,181,PHEOPHYTIN-A(LC),8/25/2015,0.08,ug/L,U,FLAB,SAMP,MON,SA,G,PHELC,0.08,Y,A,0.5,m,,WMD,0,25.1504805,-80.8092194,,,PD,WMD,Secchi on bottom.
FLAB14,P80870-4,181,PHEOPHYTIN-A(LC),10/7/2015,0.133,ug/L,I,FLAB,SAMP,MON,SA,G,PHELC,0.036,N,A,0.5,m,,WMD,0,25.1504805,-80.8092194,,,PD,WMD,"Calm seas, light amount of loose vegetation on surface, incoming tide, secchi on bottom."
FLAB14,P82416-4,181,PHEOPHYTIN-A(LC),1/21/2016,0.036,ug/L,I,FLAB,SAMP,MON,SA,G,PHELC,0.036,N,A,0.5,m,,WMD,0,25.1504805,-80.8092194,,,PD,WMD,Secchi on bottom. Surface smooth. Winds ESE 10-15.
FLAB14,P82935-4,181,PHEOPHYTIN-A(LC),2/16/2016,0.071,ug/L,I,FLAB,SAMP,MON,SA,G,PHELC,0.036,N,A,0.5,m,,WMD,0,25.1504805,-80.8092194,,,PD,WMD,"Calm wind and seas, sample area clear, Secchi on bottom."
FLAB14,P83568-4,181,PHEOPHYTIN-A(LC),4/14/2016,0.052,ug/L,I,FLAB,SAMP,MON,SA,G,PHELC,0.036,N,A,0.35,m,,WMD,0,25.1504805,-80.8092194,,,PD,WMD,SOB. Light winds out of the SE around 7 kts. Glass smooth water.
FLAB14,P84316-4,181,PHEOPHYTIN-A(LC),6/29/2016,0.236,ug/L,I,FLAB,SAMP,MON,SA,G,PHELC,0.08,N,A,0.5,m,,WMD,0,25.1504805,-80.8092194,,,PD,WMD,"slight ripple on surface, calm wind, some vegetation clippings on surface, off colored water observed, algae like appearance in water column, filter turned green in color during processing"
FLAB14,P84638-4,181,PHEOPHYTIN-A(LC),8/25/2016,0.476,ug/L,,FLAB,SAMP,MON,SA,G,PHELC,0.08,N,A,0.5,m,,WMD,0,25.1504805,-80.8092194,,,PD,WMD,"Light east winds, light surface chop, turbid water, light green brown in color, light amount of loose sea grass floating on surface. Light greenish yellow color visible in filter after use. Secchi on bottom."
FLAB14,P86137-4,181,PHEOPHYTIN-A(LC),10/24/2016,0.4,ug/L,I,FLAB,SAMP,MON,SA,G,PHELC,0.16,N,A,0.5,m,,WMD,0,25.1504805,-80.8092194,,,PD,WMD,"NE winds 15kt, light chop, sample area clear otherwise. Secchi on bottom."
FLAB14,P86766-4,181,PHEOPHYTIN-A(LC),12/21/2016,0.185,ug/L,,FLAB,SAMP,MON,SA,G,PHELC,0.036,N,A,0.5,m,,WMD,0,25.1504805,-80.8092194,,,PD,WMD,"NE winds 10-15 kts, light chop, sample area clear. Secchi on bottom."
FLAB14,P87700-4,181,PHEOPHYTIN-A(LC),2/20/2017,0.172,ug/L,,FLAB,SAMP,MON,SA,G,PHELC,0.036,N,A,0.5,m,,WMD,0,25.1504805,-80.8092194,,,PD,WMD,"NE winds 10-15 kts, waters moderate chop, light amount of loose sea grass on surface. Secchi on bottom. Could not get within 300m of sample GPS point due to shallow water."
FLAB14,P87830-4,181,PHEOPHYTIN-A(LC),4/20/2017,0.036,ug/L,U,FLAB,SAMP,MON,SA,G,PHELC,0.036,Y,A,0.5,m,,WMD,0,25.1504805,-80.8092194,,,PD,WMD,"Could only get within 0.5 kilometers of site due to very shallow water.  Had less than 1 foot seas, sample area clear, with 10-15 knot east winds.  Sample collected by DA."
FLAB14,P89179-4,181,PHEOPHYTIN-A(LC),8/1/2017,0.052,ug/L,,FLAB,SAMP,MON,SA,G,PHELC,0.009,N,A,0.5,m,,WMD,0,25.1504805,-80.8092194,,,PD,WMD,"Light sw winds, calm seas, moderate amount of loose sea grasses floating on surface, secchi on bottom."
FLAB14,P88721-4,181,PHEOPHYTIN-A(LC),10/12/2017,0.84,ug/L,,FLAB,SAMP,MON,SA,G,PHELC,0.02,N,A,0.5,m,,WMD,0,25.1504805,-80.8092194,,,PD,WMD,Filter appeared to contaiin algae when processing sample.
FLAB14,P91159-4,181,PHEOPHYTIN-A(LC),12/13/2017,0.955,ug/L,,FLAB,SAMP,MON,SA,G,PHELC,0.027,N,A,0.5,m,,WMD,0,25.1504805,-80.8092194,,,PD,WMD,Light chop. Murky brown water
FLAB14,P92112-4,181,PHEOPHYTIN-A(LC),2/28/2018,0.4,ug/L,,FLAB,SAMP,MON,SA,G,PHELC,0.04,N,A,0.5,m,,WMD,0,25.1504805,-80.8092194,,,PD,WMD,Flat water. Green water. Filter turned green. Same problem with DO readings.
FLAB14,P92872-4,181,PHEOPHYTIN-A(LC),4/10/2018,0.208,ug/L,V,FLAB,SAMP,MON,SA,G,PHELC,0.04,N,A,0.5,m,,WMD,0,25.1504805,-80.8092194,,,PD,WMD,Light chop.
FLAB14,P93694-4,181,PHEOPHYTIN-A(LC),6/7/2018,0.362,ug/L,,FLAB,SAMP,MON,SA,G,PHELC,0.016,N,A,0.5,m,,WMD,0,25.1504805,-80.8092194,,,PD,WMD,Floating vegetation present. Avoided during collection.
FLAB14,P94931-4,181,PHEOPHYTIN-A(LC),8/6/2018,0.124,ug/L,,FLAB,SAMP,MON,SA,G,PHELC,0.02,N,A,0.5,m,,WMD,0,25.1504805,-80.8092194,,,PD,WMD,
FLAB14,P95251-4,181,PHEOPHYTIN-A(LC),10/3/2018,0.2,ug/L,J,FLAB,SAMP,MON,SA,G,PHELC,0.04,N,A,0.5,m,,WMD,0,25.1504805,-80.8092194,,,PD,WMD,heavy suspended solids
FLAB14,P96720-4,181,PHEOPHYTIN-A(LC),12/17/2018,0.248,ug/L,,FLAB,SAMP,MON,SA,G,PHELC,0.04,N,A,0.25,m,,WMD,0,25.1504805,-80.8092194,,,BA,WMD,Shallow sampling area. Sample depth taken half way from total depth of 0.5m.  Water looks stirred up within sample area.
FLAB14,P102448-5,181,PHEOPHYTIN-A(LC),2/26/2019,0.331,ug/L,,FLAB,SAMP,MON,SA,G,PHELC,0.027,N,A,0.5,m,,WMD,0,25.1504805,-80.8092194,,,BA,WMD,
FLAB14,P103834-5,181,PHEOPHYTIN-A(LC),4/15/2019,0.372,ug/L,,FLAB,SAMP,MON,SA,G,PHELC,0.02,N,A,0.5,m,,WMD,0,25.1504805,-80.8092194,,,BA,WMD,
FLAB14,P106284-5,181,PHEOPHYTIN-A(LC),6/11/2019,0.123,ug/L,,FLAB,SAMP,MON,SA,G,PHELC,0.013,N,A,0.4,m,,WMD,0,25.1504805,-80.8092194,,,BA,WMD,Secchi on bottom
FLAB14,P109207-5,181,PHEOPHYTIN-A(LC),8/8/2019,0.096,ug/L,,FLAB,SAMP,MON,SA,G,PHELC,0.02,N,A,0.5,m,,WMD,0,25.1504805,-80.8092194,,,BA,WMD,Large pieces of vegetative debris present on surface of water. Secchi on bottom.
FLAB14,P109898-5,181,PHEOPHYTIN-A(LC),10/8/2019,0.408,ug/L,,FLAB,SAMP,MON,SA,G,PHELC,0.04,N,A,0.5,m,,WMD,0,25.1504805,-80.8092194,,,BA,WMD,
FLAB14,P110697-5,181,PHEOPHYTIN-A(LC),12/5/2019,0.034,ug/L,I,FLAB,SAMP,MON,SA,G,PHELC,0.009,N,A,0.5,m,,WMD,0,25.1504805,-80.8092194,,,BA,WMD,Secchi on bottom.
FLAB14,P110713-5,181,PHEOPHYTIN-A(LC),2/3/2020,0.059,ug/L,,FLAB,SAMP,MON,SA,G,PHELC,0.009,N,A,0.3,m,,WMD,0,25.1504805,-80.8092194,,,BA,WMD,"Secchi on bottom. Depth was less than 1m, sample was collected at half total depth."
FLAB14,P110719-5,181,PHEOPHYTIN-A(LC),4/1/2020,0.32,ug/L,,FLAB,SAMP,MON,SA,G,PHELC,0.027,N,A,0.4,m,,WMD,0,25.1504805,-80.8092194,,,BA,WMD,Secchi on bottom
FLAB14,P111041-5,181,PHEOPHYTIN-A(LC),6/1/2020,0.043,ug/L,,FLAB,SAMP,MON,SA,G,PHELC,0.009,N,A,0.3,m,,WMD,0,25.1504805,-80.8092194,,,BA,WMD,Secchi on bottom
FLAB14,P111104-5,181,PHEOPHYTIN-A(LC),8/13/2020,0.044,ug/L,,FLAB,SAMP,MON,SA,G,PHELC,0.009,N,A,0.35,m,,WMD,0,25.1504805,-80.8092194,,,BA,WMD,Secchi on bottom. Sample collected at half total depth.
FLAB14,P118766-5,181,PHEOPHYTIN-A(LC),10/12/2020,0.048,ug/L,,FLAB,SAMP,MON,SA,G,PHELC,0.009,N,A,0.4,m,,WMD,0,25.1504805,-80.8092194,,,BA,WMD,Secchi on bottom.
FLAB14,P120347-5,181,PHEOPHYTIN-A(LC),12/9/2020,0.044,ug/L,,FLAB,SAMP,MON,SA,G,PHELC,0.009,N,A,0.3,m,,WMD,0,25.1504805,-80.8092194,,,BA,WMD,"Sample area clear.  Total Depth was only 0.6 meters, so sampling depth was at 0.3 meters instead of 0.5 meters.  SOB, Secchi On Bottom.  Light solids in sample.  Sample collected by CL."
FLAB14,P121638-5,181,PHEOPHYTIN-A(LC),1/7/2021,0.039,ug/L,,FLAB,SAMP,MON,SA,G,PHELC,0.009,N,A,0.3,m,,WMD,0,25.1504805,-80.8092194,,,BA,WMD,Secchi on bottom
FLAB14,P122507-5,181,PHEOPHYTIN-A(LC),3/17/2021,0.02,ug/L,I,FLAB,SAMP,MON,SA,G,PHELC,0.009,N,A,0.5,m,,WMD,0,25.1504805,-80.8092194,,,BA,WMD,Secchi on bottom.
FLAB14,P122517-5,181,PHEOPHYTIN-A(LC),5/24/2021,0.043,ug/L,,FLAB,SAMP,MON,SA,G,PHELC,0.009,N,A,0.2,m,,WMD,0,25.1504805,-80.8092194,,,BA,WMD,Secchi on bottom. Sampled approx. 100 m from site due to low water.
FLAB14,P123928-5,181,PHEOPHYTIN-A(LC),7/1/2021,0.028,ug/L,"I,J",FLAB,SAMP,MON,SA,G,PHELC,0.009,N,A,0.35,m,,WMD,0,25.1504805,-80.8092194,,,BA,WMD,Secchi on bottom.
FLAB14,P125715-5,181,PHEOPHYTIN-A(LC),10/13/2021,0.084,ug/L,,FLAB,SAMP,MON,SA,G,PHELC,0.009,N,A,0.4,m,,WMD,0,25.1504805,-80.8092194,,,BA,WMD,
FLAB14,P128145-5,181,PHEOPHYTIN-A(LC),12/27/2021,0.2,ug/L,,FLAB,SAMP,MON,SA,G,PHELC,0.04,N,A,0.3,m,,WMD,0,25.1504805,-80.8092194,,,BA,WMD,Sampling area clear of debris.
FLAB14,P129938-5,181,PHEOPHYTIN-A(LC),2/8/2022,0.16,ug/L,,FLAB,SAMP,MON,SA,G,PHELC,0.02,N,A,0.25,m,,WMD,0,25.1504805,-80.8092194,,,BA,WMD,Secchi on bottom
FLAB14,P132794-5,181,PHEOPHYTIN-A(LC),4/7/2022,0.192,ug/L,,FLAB,SAMP,MON,SA,G,PHELC,0.027,N,A,0.3,m,,WMD,0,25.1504805,-80.8092194,,,BA,WMD,
FLAB14,P134124-5,181,PHEOPHYTIN-A(LC),6/22/2022,0.168,ug/L,,FLAB,SAMP,MON,SA,G,PHELC,0.04,N,A,0.5,m,,WMD,0,25.1504805,-80.8092194,,,BA,WMD,
FLAB14,P135165-5,181,PHEOPHYTIN-A(LC),8/18/2022,0.16,ug/L,,FLAB,SAMP,MON,SA,G,PHELC,0.027,N,A,0.5,m,,WMD,0,25.1504805,-80.8092194,,,BA,WMD,"No visible solids, but water is very cloudy and difficult to filter. Used two filters to process."
FLAB14,P136495-5,181,PHEOPHYTIN-A(LC),10/20/2022,0.292,ug/L,,FLAB,SAMP,MON,SA,G,PHELC,0.02,N,A,0.4,m,,WMD,0,25.1504805,-80.8092194,,,BA,WMD,Sample collected at half total depth as per FSM. Water in sampling area has a greenish tint. Filter turned light green during processing.
FLAB14,P138520-5,181,PHEOPHYTIN-A(LC),12/19/2022,0.171,ug/L,,FLAB,SAMP,MON,SA,G,PHELC,0.027,N,A,0.3,m,,WMD,0,25.1504805,-80.8092194,,,BA,WMD,
FLAB14,P139468-5,181,PHEOPHYTIN-A(LC),1/30/2023,0.056,ug/L,,FLAB,SAMP,MON,SA,G,PHELC,0.013,N,A,0.5,m,,WMD,0,25.1504805,-80.8092194,,,BA,WMD,
FLAB14,P141269-5,181,PHEOPHYTIN-A(LC),3/14/2023,0.011,ug/L,I,FLAB,SAMP,MON,SA,G,PHELC,0.008,N,A,0.5,m,,WMD,0,25.1504805,-80.8092194,,,BA,WMD,Secchi on bottom.
FLAB14,P143129-5,181,PHEOPHYTIN-A(LC),5/11/2023,0.029,ug/L,I,FLAB,SAMP,MON,SA,G,PHELC,0.008,N,A,0.5,m,,WMD,0,25.1504805,-80.8092194,,,BA,WMD,Secchi on bottom
FLAB14,P144703-5,181,PHEOPHYTIN-A(LC),7/27/2023,0.133,ug/L,,FLAB,SAMP,MON,SA,G,PHELC,0.027,N,A,0.35,m,,WMD,0,25.1504805,-80.8092194,,,BA,WMD,
FLAB14,P146063-5,181,PHEOPHYTIN-A(LC),9/27/2023,0.182,ug/L,,FLAB,SAMP,MON,SA,G,PHELC,0.016,N,A,0.5,m,,WMD,0,25.1504805,-80.8092194,,,BA,WMD,"Water highly turbid, became difficult to filter during processing."
FLAB14,P146064-5,181,PHEOPHYTIN-A(LC),11/13/2023,0.12,ug/L,I,FLAB,SAMP,MON,SA,G,PHELC,0.04,N,A,0.5,m,,WMD,0,25.1504805,-80.8092194,,,BA,WMD,"Filter became clogged during processing, no color, difficult to filter"
FLAB14,P148342-5,181,PHEOPHYTIN-A(LC),1/8/2024,0.28,ug/L,,FLAB,SAMP,MON,SA,G,PHELC,0.04,N,A,0.35,m,,WMD,0,25.1504805,-80.8092194,,,BA,WMD,collected sample approximately 600 feet SSW of site due to shallow depth
FLAB14,P149299-5,181,PHEOPHYTIN-A(LC),3/4/2024,0.06,ug/L,I,FLAB,SAMP,MON,SA,G,PHELC,0.02,N,A,0.4,m,,WMD,0,25.1504805,-80.8092194,,,BA,WMD,Sample collected 800 m west of site due to shallow depth.
FLAB14,P150708-5,181,PHEOPHYTIN-A(LC),5/13/2024,0.112,ug/L,I,FLAB,SAMP,MON,SA,G,PHELC,0.04,N,A,0.45,m,,WMD,0,25.1504805,-80.8092194,,,BA,WMD,Filter turned yellow during processing.
FLAB14,P152189-5,181,PHEOPHYTIN-A(LC),7/15/2024,0.192,ug/L,I,FLAB,SAMP,MON,SA,G,PHELC,0.053,N,A,0.4,m,,WMD,0,25.1504805,-80.8092194,,,BA,WMD,Sample taken 550 m SW of station due to shallow depth. Filter turned green during processing; sample was difficult to push through filter.
FLAB14,P153175-5,181,PHEOPHYTIN-A(LC),9/12/2024,0.232,ug/L,J,FLAB,SAMP,MON,SA,G,PHELC,0.04,N,A,0.5,m,,WMD,0,25.1504805,-80.8092194,,,BA,WMD,Filter turned green during processing.
FLAB14,P154028-5,181,PHEOPHYTIN-A(LC),12/9/2024,0.083,ug/L,,FLAB,SAMP,MON,SA,G,PHELC,0.016,N,A,0.45,m,,WMD,0,25.1504805,-80.8092194,,,BA,WMD,"Because of shallow depths, sample was collected approximately 580 meters to the southwest of the marked site coordinates."
FLAB14,P155969-5,181,PHEOPHYTIN-A(LC),2/5/2025,0.12,ug/L,,FLAB,SAMP,MON,SA,G,PHELC,0.013,N,A,0.5,m,,WMD,0,25.1504805,-80.8092194,,,BA,WMD,Secchi on bottom.
FLAB14,P158028-5,181,PHEOPHYTIN-A(LC),6/18/2025,0.035,ug/L,I,FLAB,SAMP,MON,SA,G,PHELC,0.013,N,P,0.5,m,,WMD,0,25.1504805,-80.8092194,1,,,,Secchi on bottom.
FLAB14,P157084-5,225,NO BOTTLE SAMPLE,4/21/2025,0,Units,,FLAB,SAMP,MON,SA,G,NOB,,N,A,,m,,WMD,0,25.1504805,-80.8092194,,,BA,WMD,"Trip cancelled due to unsafe weather conditions, station not visited."
