WQ_ID,Site_Name,Collection_Date,Collection Year,Collection Month,Collection_Time,Latitude,Longitude,Depth,Secchi,Turbidity,Chlorophyll_Rep_A,Chlorophyll_Rep_B,CDOM_Rep_A,CDOM_Rep_B,Light_Attenuation,Surface_Temp,Surface_DO_%,Surface_DO_Con,Surface_SPC,Surface_Sal,Surface_pH,Bottom_Temp,Bottom_DO_%,Bottom_DO_Con,Bottom_SPC,Bottom_Sal,Bottom_pH,Field,Entry,Validation,Comments,Photos,Chlorophyll Average,CDOM Average
20170816CAT01,CAT01,8/16/2017,2017,8,1/0/1900,25.088,-80.913,1.4,140,3.61,0.69,0.67,63.56,73.8,0.6219,33.48,99,5.69,59.98,39.7,8.22,33.46,109.8,6.27,60.06,39.91,8.26,,,AJP,,,0.68,68.68
20170816CAT02,CAT02,8/16/2017,2017,8,1/0/1900,25.09855,-80.87157,1.18,63,16,3.17,3.07,87.91,79.57,1.75,32.77,66.3,3.85,60.11,40.03,8,32.77,66.4,3.86,60.13,40.04,8,ZWF,VMA,AJP,,,3.12,83.74
20170816COR01,COR01,8/16/2017,2017,8,1/0/1900,25.02792,-80.76847,1.58,158,0.95,0.22,0.58,77.19,79.25,0.5,33.31,100.1,5.59,67.91,45.9,8.27,33.36,102.4,5.73,68.11,46.14,8.28,ZWF,VMA,AJP,,,0.4,78.22
20170816END02,END02,8/16/2017,2017,8,1/0/1900,25.1267,-80.71822,1.46,146,0.96,0.31,0.38,75.6,74.58,0.7362,32.92,88.8,5.08,63.63,42.7,8.19,32.95,89.5,5.1,63.65,42.7,8.19,ZWF,VMA,AJP,,,0.345,75.09
20170816JOHN01,JOHN01,8/16/2017,2017,8,1/0/1900,25.06408,-80.90102,0.76,76,1.45,0.84,0.93,87.29,72.91,0.518,33.99,69.3,3.94,62.08,41.49,8.11,,,,,,,ZWF,VMA,AJP,,,0.885,80.1
20170816NWHIP02,NWHIP02,8/16/2017,2017,8,1/0/1900,25.124613,-80.764974,0.975,98,1.09,1.05,0.92,118.38,103.98,0.701,32.92,59.6,3.34,68.66,46.59,8.24,32.94,63.2,3.54,68.7,46.61,8.26,ZWF,VMA,AJP,,,0.985,111.18
20170816PEL02,PEL02,8/16/2017,2017,8,1/0/1900,25.09185,-80.822,0.762,76,0.68,0.48,0.46,74.3,107.62,0.72,33.26,90.5,5.16,64.88,43.63,8.03,,,,,,,ZWF,VMA,AJP,,,0.47,90.96
20170816PEL03,PEL03,8/16/2017,2017,8,1/0/1900,25.06141,-80.85186,0.76,76,0.82,0.77,0.74,109.55,117.42,0.727,33.38,79.9,4.48,66.49,44.88,8.27,,,,,,,ZWF,VMA,AJP,,P8160005.JPG,0.755,113.485
20170816RANKL01,RANKL01,8/16/2017,2017,8,1/0/1900,25.12264,-80.81396,1.12,112,1.68,0.33,0.49,115.42,85.52,0.475,33.86,68.8,3.87,63.99,42.93,7.82,33.85,77.8,4.38,64.38,43.23,7.88,ZWF,VMA,AJP,,,0.41,100.47
20170816RANKL03,RANKL03,8/16/2017,2017,8,1/0/1900,25.16369,-80.80313,0.61,61,1.35,1.66,2.88,135.76,126.25,0.815,34.59,165,8.8,73.14,50.1,8.7,,,,,,,ZWF,VMA,AJP,,,2.27,131.005
20170816SID02,SID02,8/16/2017,2017,8,1/0/1900,25.0325,-80.80642,0.88,88,0.75,0.41,0.59,99.29,91.72,0.58,33.45,66.7,3.69,70.04,47.64,8.18,,,,,,,ZWF,VMA,AJP,,,0.5,95.505
20170816TB01,TB01,8/16/2017,2017,8,1/0/1900,25.15723,-80.72464,0.45,45,2.45,2.9,3.26,120.27,128.9,0.924,32.91,69.8,4.19,55.11,36.27,8.33,,,,,,,ZWF,VMA,AJP,,,3.08,124.585
20170816WHIP02,WHIP02,8/16/2017,2017,8,1/0/1900,25.07159,-80.7645,1.67,167,2.95,0.46,1.19,100.79,109.73,0.752,33.12,72.5,4.07,66.94,45.24,8.23,33.08,77.1,4.34,66.96,45.26,8.26,ZWF,VMA,AJP,,,0.825,105.26
20170817BLUE02,BLUE02,8/17/2017,2017,8,1/0/1900,24.9948,-80.92728,1.64,164,0.69,0.76,2.57,53.57,45.28,0.5738,32.49,71.5,4.21,57.77,38.27,8.12,32.47,77.2,4.34,57.79,38.3,8.14,ZWF,VMA,AJP,,,1.665,49.425
20170817CAL01,CAL01,8/17/2017,2017,8,1/0/1900,25.05924,-80.71133,1.74,174,1.27,0.33,0.3,68.83,59.63,,32.95,99,5.61,65.59,44.2,8.28,32.95,79.5,4.5,65.9,44.45,8.22,ZWF,VMA,AJP,,,0.315,64.23
20170817CON01,CON01,8/17/2017,2017,8,1/0/1900,25.118267,-80.93965,2.87,150,6.82,1.8,1.99,49.11,52.1,0.6276,32.35,100.5,5.92,58.46,38.8,8.16,32.28,101.6,5.98,58.52,38.84,8.17,ZWF,VMA,AJP,,,1.895,50.605
20170817CROC01,CROC01,8/17/2017,2017,8,1/0/1900,25.12843,-80.67538,1,100,1.96,0.53,0.28,80.57,67.47,,32.21,86.3,5.03,61.39,41,7.95,32.23,87.9,5.12,61.42,41.05,7.96,ZWF,VMA,AJP,,,0.405,74.02
20170817JOE01,JOE01,8/17/2017,2017,8,1/0/1900,25.21488,-80.53354,1.15,92,7.91,0.99,1.12,114.06,122.92,1.476,31.6,72.8,4.99,21.77,12.9,8.1,31.66,73,5,22,13.11,8.09,ZWF,VMA,AJP,,,1.055,118.49
20170817JOHN03,JOHN03,8/17/2017,2017,8,1/0/1900,25.039719,-80.915036,1.77,177,1.68,1,0.74,61.12,61.23,0.351,32.66,71.9,4.18,60.34,40.2,8.02,32.67,75.6,4.41,60.34,40.2,8.09,ZWF,VMA,AJP,,,0.87,61.175
20170817LIG01,LIG01,8/17/2017,2017,8,1/0/1900,24.93435,-80.70993,2.49,249,1.17,0.48,0.29,45.82,54.16,,32.54,99.9,5.79,61.77,41.29,8.16,32.73,104.6,6.02,62.47,41.8,8.18,ZWF,VMA,AJP,,,0.385,49.99
20170817LIG02,LIG02,8/17/2017,2017,8,1/0/1900,24.96453,-80.69438,2.28,228,1.31,0.78,0.75,46.07,56.04,0.453,32.74,91.4,5.26,62.31,41.7,8.19,32.79,92.1,5.3,62.4,41.75,8.19,ZWF,VMA,AJP,,,0.765,51.055
20170817LMAD01,LMAD01,8/17/2017,2017,8,1/0/1900,25.18429,-80.63436,1,100,2.58,0.59,0.81,115.92,108.6,0.9604,32,85.1,5.42,39.77,25.14,8.06,32.93,60,3.74,41.88,26.62,7.94,ZWF,VMA,AJP,,,0.7,112.26
20170817RAB01,RAB01,8/17/2017,2017,8,1/0/1900,25.01989,-80.88974,1.03,103,1.18,1.53,1,71.94,73.85,0.5537,32.88,76,4.35,62.85,42.1,8.21,32.9,77.6,4.5,62.86,42.1,8.22,ZWF,VMA,AJP,,,1.265,72.895
20170817RAB02,RAB02,8/17/2017,2017,8,1/0/1900,24.97298,-80.87065,0.67,67,0.82,1.34,1.08,81.83,87.66,0.3002,31.92,59,3.42,63.21,42.42,8.21,,,,,,,ZWF,VMA,AJP,,,1.21,84.745
20170817RAB03,RAB03,8/17/2017,2017,8,1/0/1900,25.001,-80.857,2.16,216,0.9,1.81,2.11,77.78,66.28,,32.8,67.1,3.86,62.78,42.06,8.03,32.8,62.7,,62.78,42.06,8.03,ZWF,VMA,AJP,,,1.96,72.03
20170817RAB04,RAB04,8/17/2017,2017,8,1/0/1900,24.968,-80.84,2.19,219,0.65,1.07,0.9,61.5,66.77,0.4531,32.64,95.9,5.52,62.67,41.97,8.22,32.63,98.5,5.68,62.66,41.97,8.23,ZWF,VMA,AJP,,,0.985,64.135
20170817SPY01,SPY01,8/17/2017,2017,8,1/0/1900,25.0259,-80.72056,2.04,204,1.29,0.49,0.72,52.05,63.96,,32.79,98.7,5.61,65.26,43.96,8.32,32.8,98.2,5.57,65.34,44.02,8.32,ZWF,VMA,AJP,,,0.605,58.005
20170817TWIN02,TWIN02,8/17/2017,2017,8,1/0/1900,24.98329,-80.80891,2.04,204,1.04,1.35,1.14,93.99,88.87,0.5715,32.51,75.7,4.28,67.9,46.01,8.14,32.51,76.5,4.32,67.9,46.01,8.15,ZWF,VMA,AJP,,,1.245,91.43
20170817TWIN03,TWIN03,8/17/2017,2017,8,1/0/1900,25.00332,-80.75404,1.92,192,1.43,1.22,1.94,64.02,62.89,0.5313,32.77,83.8,4.73,66.45,44.88,8.23,32.77,85.8,4.86,66.46,44.88,8.24,ZWF,VMA,AJP,,,1.58,63.455
20170818BLUE01,BLUE01,8/18/2017,2017,8,1/0/1900,25.0229,-80.92718,1.03,103,0.95,1.05,0.99,82.31,64.68,,32.19,82,4.8,60.57,40.39,,,,,,,,MEP,VMA,AJP,,,1.02,73.495
20170818CAP01,CAP01,8/18/2017,2017,8,,25.007,-80.64706,2.04,204,1.44,0.49,1.07,64.16,58.36,,32.1,96.1,5.62,60.72,40.51,,32.05,96.7,5.67,60.7,40.5,,MEP,VMA,AJP,,,0.78,61.26
20170818END01,END01,8/18/2017,2017,8,1/0/1900,25.1016,-80.7192,1.49,149,1.04,0.85,0.94,84.51,78.88,0.4438,32.02,101.7,5.83,66.28,44.78,8.4,32.05,106.6,6.17,66.31,44.8,8.42,ZWF,VMA,AJP,,,0.895,81.695
20170818FNB01,FNB01,8/18/2017,2017,8,1/0/1900,25.058,-81.019,3.68,,5.87,1.59,1.28,71.89,82.25,,32.2,103.6,5.97,57.33,37.94,,32.19,113.7,6.74,57.62,38.17,,MEP,VMA,AJP,,,1.435,77.07
20170818FNB02,FNB02,8/18/2017,2017,8,1/0/1900,25.056,-80.98,1.37,137,1.89,0.88,0.85,61.35,88.33,,31.89,103.3,6.13,58.64,38.94,,,,,,,,MEP,VMA,AJP,,,0.865,74.84
20170818JOHN02,JOHN02,8/18/2017,2017,8,1/0/1900,25.056515,-80.930839,1.49,60,13.6,1.85,3.07,70.58,95.82,,31.28,71.2,4.23,59.95,39.97,,31.26,71.4,4.26,59.96,39.97,,MEP,VMA,AJP,,,2.46,83.2
20170818LIG03,LIG03,8/18/2017,2017,8,1/0/1900,24.96571,-80.72694,2.04,204,0.82,0.89,0.83,66.82,75.47,,32.01,89.9,5.2,64,43.02,,32.06,92.1,5.32,64.01,43.02,,MEP,VMA,AJP,,,0.86,71.145
20170818LONG01,LONG01,8/18/2017,2017,8,1/0/1900,24.899,-80.766,2.32,232,1.44,1.01,1.01,75.88,55.6,,32.19,97.7,5.68,61.94,41.43,,32.22,101.1,5.88,61.9,41.41,,MEP,VMA,AJP,,,1.01,65.74
20170818LONG02,LONG02,8/18/2017,2017,8,1/0/1900,24.876,-80.83,2.59,185,3.87,0.65,0.49,69.19,65.57,,32.19,87.9,5.12,61.27,40.92,,32.2,88.4,5.16,61.25,40.91,,MEP,VMA,AJP,,,0.57,67.38
20170818NMB01,NMB01,8/18/2017,2017,8,1/0/1900,25,-80.979,1.83,180,3.75,1.21,0.91,55.9,82.14,,32.06,99.4,5.95,56.08,37.02,,32.02,102.9,6.17,56.13,37.06,,MEP,VMA,AJP,,,1.06,69.02
20170818NMB02,NMB02,8/18/2017,2017,8,1/0/1900,24.947,-80.929,2.77,277,0.93,0.61,0.56,36.91,49.36,,31.28,108.8,6.46,56.54,37.36,,32.27,109.2,6.5,56.52,37.34,,MEP,VMA,AJP,,,0.585,43.135
20170818NMB03,NMB03,8/18/2017,2017,8,1/0/1900,24.906,-80.882,1.89,189,0.86,0.55,0.5,82.14,100.84,,32.01,96.8,5.73,58.87,39.1,,32.1,97.7,5.77,58.78,39.04,,MEP,VMA,AJP,,,0.525,91.49
20170818NWHIP01,NWHIP01,8/18/2017,2017,8,1/0/1900,25.124613,-80.74063,1.25,125,0.82,1.65,1.6,89.02,99.04,0.5818,32.14,80.6,4.62,65.58,44.24,8.29,32.14,83.1,4.77,65.64,44.28,8.31,ZWF,VMA,AJP,,,1.625,94.03
20170818PEL01,PEL01,8/18/2017,2017,8,1/0/1900,25.06926,-80.82337,1.04,104,1.1,3.14,3.38,82.92,93.04,,32.25,85.7,4.9,65.86,44.44,8.17,32.25,91.7,5.26,65.85,44.44,8.18,ZWF,VMA,AJP,,,3.26,87.98
20170818PORP01,PORP01,8/18/2017,2017,8,1/0/1900,25.01003,-80.69005,2.13,213,1.65,1.03,1.04,64.36,76.15,,32,88.1,5.13,62.66,41.99,,32.36,96.5,5.57,63.35,42.47,,ZWF,VMA,AJP,,,1.035,70.255
20170818RANKB01,RANKB01,8/18/2017,2017,8,1/0/1900,25.14792,-80.77611,0.365,37,1.24,1.89,2.2,87.84,89.2,,31.44,53.4,3.02,71.73,49.06,8.47,,,,,,,ZWF,VMA,AJP,,,2.045,88.52
20170818RANKL02,RANKL02,8/18/2017,2017,8,1/0/1900,25.14232,-80.81821,0.73,73,1.93,1.83,1.86,82.25,88.2,0.5769,32.66,85.1,4.79,68.38,46.38,8.11,,,,,,,ZWF,VMA,AJP,,,1.845,85.225
20170818RUS01,RUS01,8/18/2017,2017,8,1/0/1900,25.04887,-80.66555,2.13,213,2.13,1.23,1,62.57,77.86,,31.89,88.7,5.17,63.13,42.4,,31.99,90.7,5.26,63.13,42.35,,MEP,VMA,ZWF,,,1.115,70.215
20170818RUS02,RUS02,8/18/2017,2017,8,1/0/1900,25.0836,-80.68208,1.79,179,2.1,0.55,0.69,86.68,55.71,,31.91,97.5,5.62,63.84,42.9,,32.1,97.8,5.65,63.73,42.8,,MEP,VMA,ZWF,,,0.62,71.195
20170818SID01,SID01,8/18/2017,2017,8,1/0/1900,25.01879,-80.78642,1.03,103,1.06,1.27,1.21,66.67,79.71,0.4477,31.11,90.7,5.28,65.79,44.45,8.25,31.17,100,5.8,66.1,44.68,8.27,ZWF,VMA,ZWF,,,1.24,73.19
20170818SNB01,SNB01,8/18/2017,2017,8,1/0/1900,25.140813,-80.893516,1.98,62,14.3,5.51,6.16,62.46,70.47,1.404,31.87,73.5,4.3,61.88,41.42,8.08,31.88,74.9,4.38,61.96,41.49,8.09,ZWF,VMA,ZWF,,,5.835,66.465
20170818SNB02,SNB02,8/18/2017,2017,8,1/0/1900,25.135,-80.854,0.67,67,10.2,2.21,2.4,62.7,80.93,0.9521,31.71,62,3.61,63.61,42.72,8.02,,,,,,,ZWF,VMA,ZWF,,,2.305,71.815
20170818TWIN01,TWIN01,8/18/2017,2017,8,1/0/1900,24.95848,-80.78084,2.4,240,1.6,2.61,2.3,92.5,98.51,,31.97,83.5,4.77,66.39,44.86,,32.12,86.9,4.97,66.37,44.84,,MEP,VMA,ZWF,,,2.455,95.505
20170818WHIP01,WHIP01,8/18/2017,2017,8,1/0/1900,25.09703,-80.75912,1.37,137,0.71,1.18,1.21,83.5,88.39,,32.55,88.1,4.99,67.16,45.43,8.36,32.52,91.4,5.17,67.14,45.41,8.37,ZWF,VMA,ZWF,,,1.195,85.945
20170818WHIP03,WHIP03,8/18/2017,2017,8,1/0/1900,25.04943,-80.76859,1.77,177,0.91,1.22,1.17,91.98,89.32,,32.28,74.7,4.25,67.1,45.41,8.17,32.28,81.6,4.64,67.39,45.66,8.17,ZWF,VMA,ZWF,,,1.195,90.65
20170926BLUE02,BLUE02,9/26/2017,2017,9,1/0/1900,24.9948,-80.92728,1.58,158,1.4,1.11,1.11,55.84,,,31.18,96.2,5.92,51.67,33.78,8.13,31.17,96.7,5.96,51.66,33.78,8.12,ZWF,VMA,ZWF,,,1.11,
20170926CAL01,CAL01,9/26/2017,2017,9,1/0/1900,25.05924,-80.71133,2.1,91,6.23,11.71,10.77,98.97,75.35,,30.47,86.6,5.41,51.056,33.36,8,30.46,87,5.43,51.026,33.33,7.99,ZWF,VMA,ZWF,,P9260036.JPG;P9260037.JPG,11.24,87.16
20170926CON01,CON01,9/26/2017,2017,9,1/0/1900,25.118267,-80.93965,2.49,35,54.3,27.33,38.27,76.18,61.2,3.613,30.616,74.3,4.61,52.457,34.38,7.68,30.65,69.9,4.32,52.44,34.37,7.65,ZWF,VMA,ZWF,,P9260076.JPG,32.8,68.69
20170926CROC01,CROC01,9/26/2017,2017,9,1/0/1900,25.12843,-80.67538,1.37,47,15.8,14.14,17.57,123.31,147.32,,29.915,79.9,5.18,44.38,28.52,7.93,29.905,79.3,5.13,44.37,28.52,7.93,ZWF,VMA,ZWF,,P9260033.JPG,15.855,135.315
20170926JOE01,JOE01,9/26/2017,2017,9,1/0/1900,25.21488,-80.53354,1.43,90,6.89,3.45,3.45,114.63,113.19,,28.75,64.8,4.8,13.35,7.64,7.85,29.88,65.8,4.58,26.12,15.85,7.89,ZWF,VMA,ZWF,,P9260028.JPG,3.45,113.91
20170926JOHN03,JOHN03,9/26/2017,2017,9,1/0/1900,25.039719,-80.915036,1.58,158,2.51,1.7,1.54,49.33,62.9,,31.058,85,5.25,51.95,33.99,7.83,31.079,90.3,5.57,51.957,34,7.85,ZWF,VMA,ZWF,,,1.62,56.115
20170926LIG02,LIG02,9/26/2017,2017,9,1/0/1900,24.96453,-80.69438,2.59,338,2.34,1.09,0.87,70.02,56.75,0.3676,30.78,82,5.05,53.41,35.08,7.93,30.78,81.8,5.04,53.42,35.09,7.94,ZWF,VMA,ZWF,,P9260046.JPG,0.98,63.385
20170926LMAD01,LMAD01,9/26/2017,2017,9,1/0/1900,25.18429,-80.63436,1.31,77,4.95,8.39,7.16,158.76,164.63,,29.234,83.5,5.9,24.45,14.77,7.94,30.617,63.5,4.22,33.7,20.99,7.87,ZWF,VMA,ZWF,,P9260031.JPG;P9260032.JPG,7.775,161.695
20170926RAB01,RAB01,9/26/2017,2017,9,1/0/1900,25.01989,-80.88974,1.21,121,1.49,0.48,0.56,59.39,,0.5442,31.063,92.8,5.74,51.47,33.64,8.02,31.035,93.8,5.79,51.45,33.63,8.01,ZWF,VMA,ZWF,,,0.52,
20170926RAB02,RAB02,9/26/2017,2017,9,1/0/1900,24.97298,-80.87065,1.21,121,1.39,0.95,0.9,58.71,47.3,0.5099,31.64,83.6,5.07,53.94,35.44,8.18,31.58,81.7,4.99,53.93,35.44,8.16,ZWF,VMA,ZWF,,P9260062.JPG;P9260064.JPG,0.925,53.005
20170926SPY01,SPY01,9/26/2017,2017,9,1/0/1900,25.0259,-80.72056,2.22,150,4.09,5.39,4.83,60.2,76.49,,30.59,90,5.58,52.25,34.23,8.04,30.59,88.7,5.5,52.21,34.19,8.02,ZWF,VMA,ZWF,,P9260042.JPG;P9260043.JPG,5.11,68.345
20170926TWIN02,TWIN02,9/26/2017,2017,9,1/0/1900,24.98329,-80.80891,2.28,228,1.06,0.95,1.22,91.3,69.25,0.4477,30.99,75.5,4.62,53.895,35.43,8.03,30.963,75.9,4.65,53.901,35.44,8.03,ZWF,VMA,ZWF,,P9260052.JPG;P9260055.JPG;P9260056.JPG;P9260057.JPG,1.085,80.275
20170926TWIN03,TWIN03,9/26/2017,2017,9,1/0/1900,25.00332,-80.75404,2.19,219,2,1.03,1.26,63.34,71.34,,30.69,73.8,4.53,54.68,36.08,8.07,30.68,74.5,4.57,54.676,36.02,8.06,ZWF,VMA,ZWF,,P9260047.JPG;P9260048.JPG,1.145,67.34
20170927CAT02,CAT02,9/27/2017,2017,9,1/0/1900,25.09855,-80.87157,1.34,130,7.6,4.66,4.95,69.91,70.23,,30.08,41.6,2.61,51.45,33.65,7.73,29.99,41.9,2.64,51.27,33.52,7.77,ZWF,VMA,ZWF,,P9270114.JPG,4.805,70.07
20170927COR01,COR01,9/27/2017,2017,9,1/0/1900,25.02792,-80.76847,1.8,180,1.66,1.17,1.46,76.65,76.82,,30.1,77.1,4.78,54.48,35.91,8.09,30.11,77.3,4.79,54.49,35.91,8.1,ZWF,VMA,ZWF,,P9270103.JPG,1.315,76.735
20170927END02,END02,9/27/2017,2017,9,1/0/1900,25.1267,-80.71822,1.76,62,11.4,35.93,37.32,144.44,185.4,,29.87,10.1,0.65,44.8,28.83,7.4,30.01,0.9,0.05,46.15,29.8,7.37,ZWF,VMA,ZWF,,P9270090.JPG,36.625,164.92
20170927JOHN01,JOHN01,9/27/2017,2017,9,1/0/1900,25.06408,-80.90102,0.88,88,7.64,2.4,2.65,54.67,65.59,,30.08,,,51.45,33.66,7.8,,,,,,,ZWF,VMA,ZWF,,P9270116.JPG,2.525,60.13
20170927NWHIP02,NWHIP02,9/27/2017,2017,9,1/0/1900,25.124613,-80.764974,1.31,54,9.11,32.56,35.7,158.6,146.48,,29.05,31.5,2.04,47.05,30.48,7.57,29.83,26.1,1.65,50.49,32.96,7.65,ZWF,VMA,ZWF,,P9270094.JPG;P9270096.JPG,34.13,152.54
20170927PEL02,PEL02,9/27/2017,2017,9,1/0/1900,25.09185,-80.822,1.09,109,5.59,2.67,2.24,67.09,85.32,,29.37,55.6,3.54,50.12,32.71,7.78,29.37,55.1,3.52,50.12,32.71,7.78,ZWF,ZWF,AJP,,P9270113.JPG,2.455,76.205
20170927PEL03,PEL03,9/27/2017,2017,9,1/0/1900,25.06141,-80.85186,0.975,98,2.04,0.5,0.45,75.65,60.74,,29.69,76.1,4.8,51.87,33.98,8.19,29.7,76.9,4.85,51.86,33.98,8.19,ZWF,ZWF,AJP,,P9270109.JPG,0.475,68.195
20170927RANKB01,RANKB01,9/27/2017,2017,9,1/0/1900,25.14958,-80.77919,0.7,47,18,17.77,,124.6,,,29.24,25.2,1.63,46.75,30.26,7.63,,,,,,,ZWF,VMA,ZWF,,,,
20170927RANKL01,RANKL01,9/27/2017,2017,9,1/0/1900,25.12264,-80.81396,1.4,58,13.9,20.73,18.06,120.28,96.96,,29.34,34,2.17,49.76,32.44,7.58,29.27,33.6,2.15,49.75,32.45,7.58,ZWF,VMA,ZWF,,P9270118.JPG,19.395,108.62
20170927RANKL03,RANKL03,9/27/2017,2017,9,1/0/1900,25.16369,-80.80313,0.762,18,58.6,216.91,219.17,267.56,254.14,,29.97,2.1,0.13,41.22,26.27,7.62,,,,,,,ZWF,VMA,ZWF,After hurricane and amount of organic matter and suspended solids in the water most likely led to the high CHL values. Independent outside laboratory analysis yeilded similar results.,P9270119.JPG,218.04,260.85
20170927SID02,SID02,9/27/2017,2017,9,1/0/1900,25.0325,-80.80642,1.21,121,1.04,0.85,0.41,91.54,72.96,,30.07,73.8,4.58,53.99,35.54,8.13,30.09,74.4,4.62,54,35.54,8.14,ZWF,VMA,ZWF,,P9270105.JPG,0.63,82.25
20170927TB01,TB01,9/27/2017,2017,9,1/0/1900,25.15723,-80.72464,0.822,32,19.9,163.9,207.56,272.37,259.76,,30.04,1.2,0.08,24.3,14.66,7.42,,,,,,,ZWF,VMA,ZWF,After hurricane and amount of organic matter and suspended solids in the water most likely led to the high CHL values. Independent outside laboratory analysis yeilded similar results.,P9270091.JPG;P9270092.JPG,185.73,266.065
20170927WHIP02,WHIP02,9/27/2017,2017,9,1/0/1900,25.07159,-80.7645,1.98,173,3.49,3.01,2.74,89.16,75.17,,29.98,65.7,4.09,53.95,35.51,8,29.99,64.1,3.99,53.95,35.52,8,ZWF,VMA,ZWF,,P9270100.JPG,2.875,82.165
20170928CAT01,CAT01,9/28/2017,2017,9,1/0/1900,25.088,-80.913,1.61,125,6.77,3.57,4.04,56.99,55.84,0.8634,30.35,37.9,2.35,52.78,34.63,7.65,30.12,40.8,2.54,52.78,34.64,7.64,AJP,ZWF,AJP,,P9280136.JPG,3.805,56.415
20170928END01,END01,9/28/2017,2017,9,1/0/1900,25.1016,-80.7192,1.76,70,6.74,18.52,17.49,129.94,132.07,1.598,29.58,9.6,0.61,48.34,31.4,7.43,30.15,1.6,0.1,49.66,32.34,7.53,AJP,ZWF,AJP,,,18.005,131.005
20170928NWHIP01,NWHIP01,9/28/2017,2017,9,1/0/1900,25.124613,-80.74063,1.61,38,9.81,145.07,165.89,229.31,227.95,2.175,29.32,2.3,0.14,42.4,27.92,7.39,30.11,1.1,0.07,48.77,31.71,7.42,AJP,ZWF,AJP,After hurricane and amount of organic matter and suspended solids in the water most likely led to the high CHL values. Independent outside laboratory analysis yeilded similar results.,,155.48,228.63
20170928PEL01,PEL01,9/28/2017,2017,9,1/0/1900,25.06926,-80.82337,1.43,143,1.55,2.65,2.63,78.41,83.76,0.5113,30.58,90,5.61,50.94,33.26,8.07,30.48,94.2,5.89,51.05,33.36,8.09,AJP,ZWF,AJP,,P9280135.JPG,2.64,81.085
20170928RAB03,RAB03,9/28/2017,2017,9,1/0/1900,25.001,-80.857,2.37,237,2.06,3.42,2.94,72.9,72.92,0.5919,30.76,58.5,3.59,53.77,35.35,7.88,30.6,58.1,3.58,53.83,35.4,7.9,AJP,ZWF,AJP,,,3.18,72.91
20170928RAB04,RAB04,9/28/2017,2017,9,1/0/1900,24.968,-80.84,2.34,234,0.7,2.48,2.43,72.65,59.71,0.6469,30.74,65.9,4.04,54.28,35.73,8.1,30.77,66,4.05,54.28,35.73,8.11,AJP,VMA,AJP,,,2.455,66.18
20170928RANKL02,RANKL02,9/28/2017,2017,9,1/0/1900,25.14232,-80.81821,1,29,17.9,28,32.38,88.48,95.46,1.936,30.43,75.4,4.79,47.2,30.54,7.93,30.17,77,4.91,47.2,30.55,7.93,AJP,ZWF,AJP,,P9280139.JPG;P9280141.JPG,30.19,91.97
20170928RUS01,RUS01,9/28/2017,2017,9,1/0/1900,25.04887,-80.66555,2.34,85,4.81,8.93,9.01,63.67,58.29,0.9954,29.76,103.2,6.56,49.37,32.15,8.06,29.77,96.5,6.16,49.38,32.15,8.04,AJP,ZWF,AJP,,,8.97,60.98
20170928RUS02,RUS02,9/28/2017,2017,9,1/0/1900,25.0836,-80.68208,2.1,52,14.1,13.94,13.52,101.31,85.89,1.3824,30.14,76.6,4.85,49.03,31.88,7.94,30.11,72.6,4.59,48.94,31.88,7.94,AJP,ZWF,AJP,,,13.73,93.6
20170928SID01,SID01,9/28/2017,2017,9,1/0/1900,25.01879,-80.78642,1.18,118,1.54,2.49,2.99,89.82,101.2,0.5002,30.04,80.1,4.97,54.23,35.72,8.15,30.04,79.6,4.94,54.24,35.73,8.15,AJP,ZWF,AJP,,,2.74,95.51
20170928SNB01,SNB01,9/28/2017,2017,9,1/0/1900,25.140813,-80.893516,1.61,28,21.3,27.26,21.27,97.88,104.66,2.153,31.15,83.7,5.19,50.29,32.77,7.84,31.09,79,4.92,50.29,32.76,7.86,AJP,ZWF,AJP,,,24.265,101.27
20170928SNB02,SNB02,9/28/2017,2017,9,1/0/1900,25.135,-80.854,0.975,30,29.2,19.83,19.36,85.56,74.57,2.549,31.33,56,3.44,51.44,33.61,7.68,30.43,41,2.56,51.37,33.59,7.61,AJP,ZWF,AJP,,P9280138.JPG,19.595,80.065
20170928TWIN01,TWIN01,9/28/2017,2017,9,1/0/1900,24.95848,-80.78084,2.68,268,1.84,2.81,2.85,56.15,66.57,0.4868,30.32,69,4.27,53.48,35.16,7.99,30.32,69,4.27,53.5,35.17,8,AJP,ZWF,AJP,,,2.83,61.36
20170928WHIP01,WHIP01,9/28/2017,2017,9,1/0/1900,25.10081,-80.75969,1.67,45,6.71,26.66,21.09,111.76,101.82,1.757,30.07,73.6,4.61,51.38,33.62,7.87,29.97,68.4,4.3,51.42,33.64,7.86,AJP,ZWF,AJP,,,23.875,106.79
20170928WHIP03,WHIP03,9/28/2017,2017,9,1/0/1900,25.04943,-80.76859,2.07,150,3.24,6.69,7.28,96.31,90.02,,29.98,72.3,4.49,53.99,35.54,8.01,29.91,72.1,4.49,53.99,35.55,8.01,AJP,ZWF,AJP,,,6.985,93.165
20170929BLUE01,BLUE01,9/29/2017,2017,9,1/0/1900,25.0229,-80.92718,1.58,158,8.61,2.81,3.01,55.44,63.26,,30.29,66.5,4.15,51.93,34.01,7.84,30.3,67.9,4.24,51.95,34.02,7.85,AJP,ZWF,AJP,,,2.91,59.35
20170929CAP01,CAP01,9/29/2017,2017,9,1/0/1900,25.007,-80.64706,2.31,100,8.76,3.39,3.8,42.67,44.5,,29.63,74.2,4.69,51.6,33.78,7.87,29.62,73.9,4.66,51.57,33.77,7.89,AJP,ZWF,AJP,,,3.595,43.585
20170929FNB01,FNB01,9/29/2017,2017,9,1/0/1900,25.058,-81.019,3.38,60,20.9,12.01,14.04,46.7,50.2,,30.06,86.5,5.41,51.98,34.05,7.84,29.93,76.9,4.83,52.2,34.22,7.81,AJP,ZWF,AJP,,,13.025,48.45
20170929FNB02,FNB02,9/29/2017,2017,9,1/0/1900,25.056,-80.98,1.19,119,8.14,4.91,4.85,53.03,49.28,,30.02,64.3,4.03,51.46,33.67,7.72,30.05,72.3,4.52,51.55,33.74,7.76,AJP,ZWF,AJP,,,4.88,51.155
20170929JOHN02,JOHN02,9/29/2017,2017,9,1/0/1900,25.056515,-80.930839,1.58,170,4.93,3.49,4.39,55.54,55.38,,29.4,66.6,4.22,51.39,33.64,7.76,29.4,74.9,4.23,51.75,33.91,7.8,AJP,ZWF,AJP,,,3.94,55.46
20170929LIG01,LIG01,9/29/2017,2017,9,1/0/1900,24.93435,-80.70993,2.8,90,11.3,3.46,4.13,52.63,46.03,,29.65,77.3,4.86,52.2,34.23,7.87,29.68,76.3,4.81,52.2,34.23,7.88,AJP,ZWF,AJP,,,3.795,49.33
20170929LIG03,LIG03,9/29/2017,2017,9,1/0/1900,24.96571,-80.72694,2.28,228,2.59,3.03,3.67,53.49,63.96,,29.96,86.9,5.4,54.11,35.63,8.02,29.97,86.5,5.35,54.12,35.64,8.03,AJP,ZWF,AJP,,,3.35,58.725
20170929LONG01,LONG01,9/29/2017,2017,9,1/0/1900,24.899,-80.766,2.77,240,3.09,2.91,2.95,42.52,41.38,,29.91,87.9,5.51,52.27,34.28,8.01,29.92,88.3,5.54,52.29,34.28,8.02,AJP,ZWF,AJP,,,2.93,41.95
20170929LONG02,LONG02,9/29/2017,2017,9,1/0/1900,24.876,-80.83,2.59,259,3.62,3.15,3.54,44.39,,,30.13,86.1,5.37,52.63,34.53,8.2,30.14,86.1,5.37,52.62,34.53,8.21,AJP,ZWF,AJP,,,3.345,
20170929NMB01,NMB01,9/29/2017,2017,9,1/0/1900,25,-80.979,2.43,95,10.4,10.12,12.2,46.69,45.17,,30.38,78.6,4.87,52.96,34.76,7.88,30.33,78.7,4.84,53.05,34.83,7.93,AJP,ZWF,AJP,,,11.16,45.93
20170929NMB02,NMB02,9/29/2017,2017,9,1/0/1900,24.947,-80.929,3.51,351,2.89,2.64,2.97,48.35,45.61,,30.53,93.8,5.81,52.7,34.56,8.19,30.52,95.4,5.01,52.7,34.56,8.19,AJP,ZWF,AJP,,,2.805,46.98
20170929NMB03,NMB03,9/29/2017,2017,9,1/0/1900,24.906,-80.882,2.19,219,1.74,2.29,2.52,41.34,41.71,,30.48,101.1,6.27,52.83,34.66,8.23,30.49,102.1,6.33,52.83,34.66,8.24,AJP,ZWF,AJP,,,2.405,41.525
20170929PORP01,PORP01,9/29/2017,2017,9,1/0/1900,25.01003,-80.69005,2.4,60,21.6,5.3,5.96,59.91,49.53,,29.77,86.8,5.47,51.47,33.69,8.05,29.8,86.5,5.45,51.51,33.72,8.05,AJP,ZWF,AJP,,,5.63,54.72
20171113BLUE02,BLUE02,11/13/2017,2017,11,1/0/1900,24.9948,-80.92728,2.53,95,6.74,11.69,11.12,64.17,74.95,,25.89,92.2,6.39,44.12,28.45,8.08,25.85,91.5,6.34,44.13,28.46,8.08,AJP,ZWF,AJP,,,11.405,69.56
20171113CAL01,CAL01,11/13/2017,2017,11,1/0/1900,25.05924,-80.71133,1.83,100,7.11,3.76,4.16,76.94,66.53,,25.56,88.2,6.27,39.28,25.01,8.13,25.52,87.6,6.21,39.69,25.3,8.16,AJP,ZWF,AJP,,,3.96,71.735
20171113CON01,CON01,11/13/2017,2017,11,1/0/1900,25.11827,-80.93965,2.98,55,22.1,21.49,25.66,68.48,77.61,,25.71,97.5,6.83,41.58,26.63,8.04,25.67,94.1,6.61,41.59,26.64,8.01,AJP,ZWF,AJP,,,23.575,73.045
20171113CROC01,CROC01,11/13/2017,2017,11,1/0/1900,25.12843,-80.67538,1.04,104,6.85,2.5,2.63,75.36,65.19,,25.25,88.4,6.45,33.85,21.22,8.15,25.3,88.2,6.42,34.19,21.45,8.16,AJP,VMA,AJP,,,2.565,70.275
20171113JOE01,JOE01,11/13/2017,2017,11,1/0/1900,25.21488,-80.53354,1.09,75,10.2,1.59,1.61,102.99,96.29,,25.5,60.2,4.71,13.57,8.2,7.88,26.02,39.3,2.82,34.38,21.57,7.81,AJP,VMA,AJP,,,1.6,99.64
20171113JOHN03,JOHN03,11/13/2017,2017,11,1/0/1900,25.03972,-80.91504,1.92,100,8.01,9.71,9.71,76.33,71.13,,25.66,87.3,6.09,43.47,27.98,8.01,25.65,86.9,6.06,43.29,27.99,8.01,AJP,VMA,AJP,,,9.71,73.73
20171113LIG02,LIG02,11/13/2017,2017,11,1/0/1900,24.96453,-80.69438,2.44,140,4.37,0.73,0.6,39.8,36.3,,25.73,94.2,6.35,51.16,33.57,8.05,25.78,94.3,6.35,51.51,33.77,8.05,AJP,VMA,AJP,,,0.665,38.05
20171113LMAD01,LMAD01,11/13/2017,2017,11,1/0/1900,25.18429,-80.63436,0.975,80,13,2.51,3.14,116.87,112,,25.22,81.7,6.45,12.6,7.23,8.02,25.22,82,6.32,20.88,12.51,8.16,AJP,VMA,AJP,,,2.825,114.435
20171113RAB01,RAB01,11/13/2017,2017,11,1/0/1900,25.01989,-80.88974,1.25,125,0.75,0.59,0.48,74.89,75.62,,25.79,89.7,6.19,45.22,29.24,8.2,25.8,90.6,6.25,42.23,29.25,8.2,AJP,VMA,AJP,,,0.535,75.255
20171113RAB02,RAB02,11/13/2017,2017,11,1/0/1900,24.97298,-80.87065,1.34,95,4.07,9.61,8.76,79.65,106.54,0.89,26.01,87.8,5.99,47.35,30.78,7.99,26.01,88.1,6.01,47.36,30.78,8,AJP,VMA,AJP,,,9.185,93.095
20171113SPY01,SPY01,11/13/2017,2017,11,1/0/1900,25.0259,-80.72056,2.13,213,4.56,1.06,1.28,63.54,57.57,,25.96,100.7,7.07,40.32,25.73,8.23,25.93,102.5,7.2,40.58,25.92,8.25,AJP,VMA,AJP,,,1.17,60.555
20171113TWIN02,TWIN02,11/13/2017,2017,11,1/0/1900,24.98329,-80.80891,2.26,70,10.9,13.08,13.89,92.79,86.86,1.2,25.98,92.2,6.3,47.02,30.53,8.08,25.89,87.6,6,47,30.5,8.07,AJP,VMA,AJP,,,13.485,89.825
20171113TWIN03,TWIN03,11/13/2017,2017,11,1/0/1900,25.00332,-80.75404,2.13,70,8.82,8.12,8.56,64.35,84.1,1.3,25.86,96.1,6.68,43.33,27.89,8.15,25.78,87.5,6.05,44.89,29.03,8.13,AJP,VMA,AJP,,,8.34,74.225
20171120BBK01,BBK01,11/20/2017,2017,11,1/0/1900,25.159,-80.625,1.74,160,5.43,1.18,1.54,67.86,73.05,,23.92,106.1,8.06,29.52,18.26,8.22,24.44,111.3,8.25,33.93,21.3,8.18,ZWF,VMA,ZWF,,,1.36,70.455
20171120BBK02,BBK02,11/20/2017,2017,11,1/0/1900,25.123,-80.59,1.61,161,1.82,0.38,0.32,71.73,59.53,,23.45,107.1,8.06,33.84,21.24,8.17,23.45,107,8.06,33.86,21.25,8.17,ZWF,VMA,ZWF,,,0.35,65.63
20171120BLAS01,BLAS01,11/20/2017,2017,11,1/0/1900,25.17,-80.417,2.62,170,3,3.12,3.29,94.08,85.58,,23.68,103,7.67,35.52,22.4,8.07,23.67,102.8,7.65,35.5,22.39,8.1,ZWF,VMA,ZWF,,,3.205,89.83
20171120BNUT01,BNUT01,11/20/2017,2017,11,1/0/1900,25.074,-80.53,2.44,,7.85,1.65,1.78,59.39,62.31,,23.71,101.2,7.44,38.68,24.62,8.1,23.71,101.1,7.43,38.67,24.61,8.1,ZWF,VMA,ZWF,,,1.715,60.85
20171120BUTT01,BUTT01,11/20/2017,2017,11,1/0/1900,25.11,-80.456,2.28,180,2.92,4.02,3.23,90.96,85.74,,23.54,103.6,7.66,38.04,24.17,8.12,23.57,103.3,7.63,38.11,24.2,8.13,ZWF,VMA,ZWF,,,3.625,88.35
20171120COTT01,COTT01,11/20/2017,2017,11,1/0/1900,24.996,-80.579,2.22,155,2.92,0.73,0.8,61.5,54.87,,23.74,99,7.02,47.31,30.8,8.04,23.74,98.9,7.01,47.33,30.82,8.04,ZWF,VMA,ZWF,,,0.765,58.185
20171120COTT02,COTT02,11/20/2017,2017,11,1/0/1900,24.98,-80.625,2.13,160,7.68,0.65,0.64,53.96,50.29,,23.87,98.9,6.92,49.76,32.59,8.03,23.88,98.7,6.91,49.77,32.6,8.05,ZWF,VMA,ZWF,,,0.645,52.125
20171120DEER01,DEER01,11/20/2017,2017,11,1/0/1900,25.185,-80.515,1.43,130,8.27,1.58,2.54,83.96,76.22,,23.6,99,7.4,34.91,21.97,8.11,23.61,98.8,7.38,34.91,21.97,8.13,ZWF,VMA,ZWF,,,2.06,80.09
20171120DUCK01,DUCK01,11/20/2017,2017,11,1/0/1900,25.19,-80.474,1.46,210,4.07,1.71,1.59,73.74,103.09,,23.42,100.5,7.54,34.83,21.93,8.14,23.41,100.5,7.54,34.84,21.93,8.15,ZWF,VMA,ZWF,,,1.65,88.415
20171120DUCK02,DUCK02,11/20/2017,2017,11,1/0/1900,25.155,-80.484,1.2,180,8.35,2.24,2.11,87.4,100.28,,23.41,99.9,7.43,36.8,23.3,8.1,23.45,99.4,7.39,36.86,23.34,8.1,ZWF,VMA,ZWF,,,2.175,93.84
20171120EAGLE01,EAGLE01,11/20/2017,2017,11,1/0/1900,25.178,-80.573,1.58,140,7.44,1.2,1.6,73.3,81.15,,23.4,100.9,7.7,30.62,19.03,8.14,23.41,100.9,7.7,30.68,19,8.16,ZWF,VMA,ZWF,,,1.4,77.225
20171120JIM01,JIM01,11/20/2017,2017,11,1/0/1900,25.04,-80.616,2.41,160,6.76,1.13,0.86,57.78,70.03,,23.79,100.5,7.3,41.23,26.43,8.09,23.79,100.5,7.3,41.26,26.44,8.09,ZWF,VMA,ZWF,,,0.995,63.905
20171120LBS01,LBS01,11/20/2017,2017,11,1/0/1900,25.212,-80.443,1.61,165,4.56,2.33,1.51,111.06,113.07,,23.81,97,7.45,26.91,16.5,8.1,24.52,82.5,6.21,30.24,18.78,8.02,ZWF,VMA,ZWF,,,1.92,112.065
20171120LBUT01,LBUT01,11/20/2017,2017,11,1/0/1900,25.137,-80.448,2.04,130,3.36,3.38,5.35,85.78,92.75,,23.51,100.3,7.5,35.13,22.13,8.05,23.52,78.8,5.81,35.16,22.16,8.03,ZWF,VMA,ZWF,,,4.365,89.265
20171120LONS01,LONS01,11/20/2017,2017,11,1/0/1900,25.23,-80.457,1.52,130,6.32,1,0.82,106.5,116.9,,23.76,96.9,7.4,28.58,17.63,8.07,24.82,68.8,5.09,32.53,20.31,7.93,ZWF,VMA,ZWF,,,0.91,111.7
20171120MANK01,MANK01,11/20/2017,2017,11,1/0/1900,25.084,-80.604,2.25,140,5.58,1.13,1.14,62.49,62.64,,23.39,99.5,7.44,35.61,22.47,8.11,23.38,99.4,7.44,35.64,22.49,8.12,ZWF,VMA,ZWF,,,1.135,62.565
20171120NEST01,NEST01,11/20/2017,2017,11,1/0/1900,25.162,-80.533,1.37,100,15.2,1.18,1.36,99.79,102.28,,23.34,98.1,7.47,31.4,19.56,8.14,23.35,98.1,7.47,31.43,9.58,8.15,ZWF,VMA,ZWF,,,1.27,101.035
20171120NEST02,NEST02,11/20/2017,2017,11,1/0/1900,25.127,-80.542,1.73,95,15.5,1.56,1.06,87.89,92.21,,23.44,99.9,7.48,35.47,22.37,8.09,23.44,99.9,7.48,35.47,22.37,8.09,ZWF,VMA,ZWF,,,1.31,90.05
20171120SWA01,SWA01,11/20/2017,2017,11,1/0/1900,25.109,-80.496,1.92,90,12,1.45,2.17,65.79,71.07,,23.59,101.3,7.53,36.39,23.01,8.11,23.59,101.7,7.56,36.42,23.02,8.11,ZWF,VMA,ZWF,,,1.81,68.43
20171120TAV01,TAV01,11/20/2017,2017,11,1/0/1900,25.019,-80.567,2.41,280,3.13,1.13,1.02,56.21,64.76,,23.71,102.7,7.35,45.25,29.31,8.07,23.72,102.5,7.33,45.27,29.32,8.08,ZWF,VMA,ZWF,,,1.075,60.485
20171120UCB01,UCB01,11/20/2017,2017,11,1/0/1900,25.043,-80.554,2.01,200,4.39,1.53,1.26,48.26,53.08,,23.83,104.1,7.49,43.02,27.7,8.1,23.84,104.1,7.5,43.01,27.69,8.1,ZWF,VMA,ZWF,,,1.395,50.67
20171121BLUE02,BLUE02,11/21/2017,2017,11,1/0/1900,24.9948,-80.92728,1.95,195,3.88,9.02,8.7,76.88,73.13,,23.94,96.2,6.93,42.53,27.35,8.11,23.93,96.5,6.96,42.53,27.35,8.11,ZWF,VMA,ZWF,,,8.86,75.005
20171121CAL01,CAL01,11/21/2017,2017,11,1/0/1900,25.05924,-80.71133,1.83,105,6.29,4.79,5.14,79.91,88.05,,23.49,93.6,6.87,39.74,25.37,8.14,23.57,92.2,6.76,39.97,25.54,8.13,ZWF,VMA,ZWF,,,4.965,83.98
20171121CAT02,CAT02,11/21/2017,2017,11,1/0/1900,25.09852,-80.87163,1.06,55,17.3,7.73,8.71,98.12,99.52,1.779,24.18,91.7,6.61,41.52,26.62,7.92,24.17,91.5,6.59,41.54,26.64,7.93,VMA,VMA,ZWF,,,8.22,98.82
20171121CON01,CON01,11/21/2017,2017,11,1/0/1900,25.11827,-80.93965,2.13,45,25.4,8.53,9.61,74.59,81.65,,23.51,79.6,5.79,41.77,26.81,7.94,23.52,79.1,5.76,41.74,26.79,7.92,ZWF,VMA,ZWF,,,9.07,78.12
20171121COR01,COR01,11/21/2017,2017,11,1/0/1900,25.02787,-80.76849,1.68,70,6.11,14.37,12.55,112.87,105.64,2.034,23.78,96.7,6.95,43.5,28.05,8.06,23.47,99.7,7.2,44.09,28.48,8.08,VMA,VMA,ZWF,,,13.46,109.255
20171121CROC01,CROC01,11/21/2017,2017,11,1/0/1900,25.12843,-80.67538,1.22,50,18.7,6.07,6.25,80.74,89.54,,23.38,91.9,6.91,34.5,21.7,8.21,23.36,90.8,6.82,34.62,21.78,8.2,ZWF,VMA,ZWF,,,6.16,85.14
20171121END02,END02,11/21/2017,2017,11,1/0/1900,25.12663,-80.71825,1.68,50,13.2,16.96,,102.88,103.15,2.25,23.45,99.4,7.39,36.88,23.35,8.04,23.4,94.9,6.98,37.36,23.69,8.06,VMA,VMA,ZWF,,,,103.015
20171121JOE01,JOE01,11/21/2017,2017,11,1/0/1900,25.21488,-80.53354,1.28,95,9.38,3.05,3.25,103.28,115.98,,23.14,90.5,7.58,6.86,3.77,8.29,23.12,91.01,7.6,7.57,4.2,8.22,ZWF,VMA,ZWF,,,3.15,109.63
20171121JOHN01,JOHN01,11/21/2017,2017,11,1/0/1900,25.06408,-80.90102,0.52,52,2.54,1.58,1.39,71.94,76.99,,24.88,114.6,8.13,42.47,27.29,8.25,,,,,,,ZWF,VMA,ZWF,,,1.485,74.465
20171121JOHN03,JOHN03,11/21/2017,2017,11,1/0/1900,25.03972,-80.91504,1.28,160,5.45,7.32,9.12,86.11,60.49,,24.28,99.5,7.13,42.48,27.31,8.15,24.3,99.9,7.13,42.49,27.31,8.17,ZWF,VMA,ZWF,,,8.22,73.3
20171121LIG02,LIG02,11/21/2017,2017,11,1/0/1900,24.96453,-80.69438,2.5,210,3.94,0.58,0.56,57.09,57.92,,23.71,93.4,6.62,47.49,30.93,8.06,23.72,87.9,6.17,49.61,32.49,8.02,ZWF,VMA,ZWF,,,0.57,57.505
20171121LMAD01,LMAD01,11/21/2017,2017,11,1/0/1900,25.18429,-80.63436,1.06,85,8.91,2.69,2.35,122.98,110.1,,23.59,82.1,6.55,17.81,10.49,8.09,24.27,80.3,6.1,28.04,17.26,8.1,ZWF,VMA,ZWF,,,2.52,116.54
20171121NWHIP02,NWHIP02,11/21/2017,2017,11,1/0/1900,25.12456,-80.76498,1.18,33,21.4,46.32,33.1,123.01,133.98,2.379,23.71,80.9,5.88,40.77,26.1,7.93,23.73,69.8,5.02,43.69,28.18,7.91,VMA,VMA,ZWF,,,39.71,128.495
20171121PEL01,PEL01,11/21/2017,2017,11,1/0/1900,25.06927,-80.82343,1.16,116,2.13,0.94,0.76,86.88,97.43,0.5428,23.86,84.8,6.13,41.63,26.71,7.99,23.84,86.1,6.24,41.63,26.71,8,VMA,VMA,ZWF,,,0.85,92.155
20171121PEL02,PEL02,11/21/2017,2017,11,1/0/1900,25.09181,-80.82201,0.94,94,3.09,1.33,1.01,95.88,95.23,0.7894,24.2,86.2,6.2,41.73,26.77,7.94,24.13,90.3,6.53,41.72,26.76,7.96,VMA,VMA,ZWF,,,1.17,95.555
20171121PEL03,PEL03,11/21/2017,2017,11,1/0/1900,25.06153,-80.85195,0.945,94,1.65,0.65,1.33,91.02,98.95,0.9889,23.85,80.1,5.79,41.83,26.85,7.95,23.85,80.8,5.86,41.78,26.81,7.96,VMA,VMA,ZWF,,,0.99,94.985
20171121RAB01,RAB01,11/21/2017,2017,11,1/0/1900,25.01989,-80.88974,0.944,94,1.45,1.54,1.39,77.78,81.51,,23.85,89.5,6.47,42.05,27,8.23,23.85,89.7,6.5,42.06,27.02,8.23,ZWF,VMA,ZWF,,,1.465,79.645
20171121RAB02,RAB02,11/21/2017,2017,11,1/0/1900,24.97298,-80.87065,1.04,104,2.3,5.93,5.73,80.35,68.98,,24.37,96.2,6.83,44.22,28.55,8.24,24.31,94.4,6.71,44.23,28.56,8.24,ZWF,VMA,ZWF,,,5.83,74.665
20171121RANKL01,RANKL01,11/21/2017,2017,11,1/0/1900,25.12259,-80.81402,1.21,40,25,9.79,8.85,105.39,102.1,2.301,25.39,79.6,5.6,41.99,26.93,7.88,23.49,72,5.24,42.3,27.19,7.88,VMA,VMA,ZWF,,,9.32,103.745
20171121RANKL03,RANKL03,11/21/2017,2017,11,1/0/1900,25.16371,-80.80338,0.975,30,28.6,49.1,42.45,163.13,172.6,3.375,24.51,107.6,7.63,44.81,28.93,8.07,23.76,113.1,8.18,44.92,29.07,8.11,VMA,VMA,ZWF,,,45.775,167.865
20171121SID02,SID02,11/21/2017,2017,11,1/0/1900,25.03259,-80.80628,1,100,1.68,0.45,0.29,96.59,96.8,0.5368,24.05,92.5,6.66,41.82,26.85,8.06,24.02,92.8,6.7,41.89,26.89,8.07,VMA,VMA,ZWF,,,0.37,96.695
20171121SNB02,SNB02,11/21/2017,2017,11,1/0/1900,25.12514,-80.855,0.79,35,36.2,18.45,16.7,116.08,110.75,2.725,24.66,90.5,6.46,41.61,26.68,7.87,24.65,90.2,6.44,41.61,26.68,7.87,VMA,VMA,ZWF,,,17.575,113.415
20171121SPY01,SPY01,11/21/2017,2017,11,1/0/1900,25.0259,-80.72056,2.14,125,3.3,3.32,3.62,70.94,76.64,,23.6,94.2,6.87,41.1,26.33,8.14,23.6,95,6.91,41.75,26.79,8.13,ZWF,VMA,ZWF,,,3.47,73.79
20171121TB01,TB01,11/21/2017,2017,11,1/0/1900,25.15718,-80.7247,0.732,40,15.5,28.22,24.49,140.83,152.24,3.042,23.8,41.2,3.17,28.06,17.23,7.78,24.47,17.7,1.32,30.39,18.85,7.72,VMA,VMA,ZWF,,,26.355,146.535
20171121TWIN02,TWIN02,11/21/2017,2017,11,1/0/1900,24.98329,-80.80891,2.16,205,2.73,5.78,5.63,82.1,83.27,,24.23,96,6.86,43.23,27.84,8.32,24.03,94.1,6.75,43.46,28.02,8.33,ZWF,VMA,ZWF,,,5.705,82.685
20171121TWIN03,TWIN03,11/21/2017,2017,11,1/0/1900,25.00332,-80.75404,2.13,75,5.66,11.56,11.47,84.88,82.5,,23.7,93,6.7,43.5,28.04,8.08,23.53,93.2,6.74,43.62,28.18,8.1,ZWF,VMA,ZWF,,,11.515,83.69
20171121WHIP02,WHIP02,11/21/2017,2017,11,1/0/1900,25.07154,-80.76453,1.86,45,12.5,30.85,23.6,123.68,113.34,2.016,23.63,85.7,6.14,44.59,28.83,7.96,23.55,82.9,5.97,44.59,28.84,7.97,VMA,VMA,ZWF,,,27.225,118.51
20171122BLUE01,BLUE01,11/22/2017,2017,11,1/0/1900,25.0229,-80.92718,0.7,100,17.8,7.3,7.48,74.07,70.34,,25.84,108.1,7.55,42.18,27.05,8.05,25.69,107.6,7.54,42.15,27.04,8.06,ERS,VMA,ZWF,,,7.39,72.205
20171122CAP01,CAP01,11/22/2017,2017,11,1/0/1900,25.007,-80.64706,2.16,205,4.12,0.94,0.88,59.84,47.05,,24.35,97.6,6.99,42.39,27.24,8.08,24.76,100.6,7.02,46.66,30.31,8.08,ERS,VMA,ZWF,,,0.91,53.445
20171122CAT01,CAT01,11/22/2017,2017,11,1/0/1900,25.088,-80.913,1.25,120,11.2,6.73,6.94,88.03,102.59,0.9,25.11,94.1,6.66,42.05,26.89,8.03,25.13,91.6,6.58,41.95,26.82,8.08,ZWF,VMA,ZWF,,,6.835,95.31
20171122CON02,CON02,11/22/2017,2017,11,1/0/1900,25.102,-81.021,2.86,55,24.3,14.81,14.59,74.83,80.07,,25.19,98.9,7.01,41.77,26.77,8.05,25.03,97.9,6.94,41.79,26.8,8.05,ERS,VMA,ZWF,,,14.7,77.45
20171122END01,END01,11/22/2017,2017,11,1/0/1900,25.1016,-80.7192,1.67,35,15.9,30.48,32.03,117.33,117.68,1.75,24.49,98.3,7.13,38.63,24.58,8.11,24.6,91.4,6.55,40.07,25.58,8.12,ZWF,VMA,ZWF,,,31.255,117.505
20171122FNB01,FNB01,11/22/2017,2017,11,1/0/1900,25.058,-81.019,3.47,95,19.7,5.96,6.31,70.81,74.12,,24.95,81.4,5.75,43.03,27.68,7.98,24.93,80.7,5.71,43.03,27.69,7.98,ERS,VMA,ZWF,,,6.135,72.465
20171122FNB02,FNB02,11/22/2017,2017,11,1/0/1900,25.056,-80.98,0.91,91,13.1,10.89,10.11,66,76.29,,26.82,161.7,11.07,43.13,27.71,8.26,26.83,162.6,11.13,43.12,27.7,8.27,ERS,VMA,ZWF,,,10.5,71.145
20171122JOHN02,JOHN02,11/22/2017,2017,11,1/0/1900,25.05652,-80.93084,1.06,106,9.76,5.49,4.72,75.42,78.76,,25.49,86.2,6.07,41.76,26.76,7.9,25.46,92.6,6.47,41.5,26.64,7.89,ERS,VMA,ZWF,,,5.105,77.09
20171122LIG01,LIG01,11/22/2017,2017,11,1/0/1900,24.93435,-80.70993,2.77,155,5.19,2.42,2.47,60.99,58.86,,24.74,102.4,7.12,47.83,31.19,8.07,24.53,102.5,7.11,49.85,32.65,8.06,ERS,VMA,ZWF,,,2.445,59.925
20171122LIG03,LIG03,11/22/2017,2017,11,1/0/1900,24.96571,-80.72694,2.31,60,9.93,11.44,13.78,79.48,86.69,,24.96,92,6.43,45.58,29.52,8.02,24.47,80.7,5.63,47.35,30.8,8,ERS,VMA,ZWF,,,12.61,83.085
20171122LONG01,LONG01,11/22/2017,2017,11,1/0/1900,24.899,-80.766,2.68,95,6.83,4.22,4.58,61.95,52.57,,25.01,101.1,6.95,49.29,32.23,8.05,24.59,102.8,7.1,50.09,32.75,8.07,ERS,VMA,ZWF,,,4.4,57.26
20171122LONG02,LONG02,11/22/2017,2017,11,1/0/1900,24.876,-80.83,2.8,60,15.9,11.81,12.03,84.31,81.81,,24.644,104.5,7.28,47.73,31.09,8.12,24.59,104.6,7.29,47.75,31.1,8.13,ERS,VMA,ZWF,,,11.92,83.06
20171122MAD01,MAD01,11/22/2017,2017,11,1/0/1900,25.151,-80.682,1.21,42,16.7,16.06,14.32,126.49,118.96,1.905,26.13,111.4,8.05,32.41,20.21,8.33,24.7,120.2,8.8,33.47,20.96,8.34,ZWF,VMA,ZWF,,,15.19,122.725
20171122NMB01,NMB01,11/22/2017,2017,11,1/0/1900,25,-80.979,1.74,130,8.76,5.06,5.16,67.7,64.4,,24.78,95.3,6.75,43.14,27.77,8,24.73,97.61,6.93,43.14,27.77,8.01,ERS,VMA,ZWF,,,5.11,66.05
20171122NMB02,NMB02,11/22/2017,2017,11,1/0/1900,24.947,-80.929,2.83,210,4.09,5.41,5.52,65.62,75.49,,24.56,110.3,7.82,44.02,28.4,8.15,24.57,111.5,7.9,43.97,28.37,8.16,ERS,VMA,ZWF,,,5.465,70.555
20171122NMB03,NMB03,11/22/2017,2017,11,1/0/1900,24.906,-80.882,1.86,195,4.14,4,4.14,73.87,76.17,,24.82,101.8,7.18,44.14,28.49,8.09,24.8,102.5,7.23,44.13,28.48,8.1,ERS,VMA,ZWF,,,4.07,75.02
20171122NWHIP01,NWHIP01,11/22/2017,2017,11,1/0/1900,25.12461,-80.74063,1.52,32,17.3,31.46,35.74,108.04,121.61,2.329,24.56,102.3,7.46,37.55,23.81,8.15,24.63,65.8,4.69,41.61,26.68,7.99,ZWF,VMA,ZWF,,,33.6,114.825
20171122PORP01,PORP01,11/22/2017,2017,11,1/0/1900,25.01003,-80.69005,2.43,243,2.62,0.81,0.88,66.18,55.06,,24.7,98,6.96,42.42,27.26,8.14,24.65,99.2,6.93,46.65,30.3,8.08,ERS,VMA,ZWF,,,0.845,60.62
20171122RAB03,RAB03,11/22/2017,2017,11,1/0/1900,25.001,-80.857,2.04,201,1.31,1.45,1.35,95.72,91.26,0.49,24.65,94.9,6.73,43.64,28.12,8.28,24.65,94.9,6.72,43.66,28.14,8.26,ZWF,VMA,ZWF,,,1.4,93.49
20171122RAB04,RAB04,11/22/2017,2017,11,1/0/1900,24.968,-80.84,2.13,213,2.32,3.82,3.83,68.52,72.87,0.67,24.73,94.2,6.67,43.33,27.9,8.15,24.71,95.2,6.75,43.33,27.9,8.15,ZWF,VMA,ZWF,,,3.825,70.695
20171122RANKB01,RANKB01,11/22/2017,2017,11,1/0/1900,25.14958,-80.77919,0.7,20,39.5,45.09,45.97,134.37,125.08,3.825,24.55,87.3,6.23,42.98,27.66,8.17,,,,,,,ZWF,VMA,ZWF,,,45.53,129.725
20171122RANKL02,RANKL02,11/22/2017,2017,11,1/0/1900,25.14232,-80.81821,0.82,64,12.3,12.03,10.72,120.75,123.77,1.811,26.17,98.6,6.86,42.47,27.26,8.11,,,,,,,ZWF,VMA,ZWF,,,11.375,122.26
20171122RUS01,RUS01,11/22/2017,2017,11,1/0/1900,25.04887,-80.66555,2.31,231,2.74,1.16,1.2,64.86,67.29,0.45,24.12,106.6,7.71,40.05,25.58,8.17,24.43,94.9,6.81,41.4,26.53,8.13,ZWF,VMA,ZWF,,,1.18,66.075
20171122RUS02,RUS02,11/22/2017,2017,11,1/0/1900,25.0836,-80.68208,2.01,201,3.02,1.91,2.12,72.61,64.51,0.442,24.45,102.7,7.4,38.85,24.72,8.21,24.52,98.5,7.13,39.51,25.19,8.17,ZWF,VMA,ZWF,,,2.015,68.56
20171122SID01,SID01,11/22/2017,2017,11,1/0/1900,25.01879,-80.78642,1.13,113,3.76,1.07,1.1,100.66,91.22,0.7,25.22,82.1,5.76,43.59,28.08,8.05,25.18,82.3,5.78,43.61,28.1,8.04,ZWF,VMA,ZWF,,,1.085,95.94
20171122SNB01,SNB01,11/22/2017,2017,11,1/0/1900,25.14081,-80.89352,1.31,20,79.2,28.43,27.84,141.89,115.65,4.615,26.78,119.1,8.21,41.87,26.82,8.12,26.47,105.7,7.32,41.93,26.87,8.08,ZWF,VMA,ZWF,,,28.135,128.77
20171122TWIN01,TWIN01,11/22/2017,2017,11,1/0/1900,24.95848,-80.78084,2.62,250,2.2,2.3,2.36,94.28,93.16,0.7509,24.93,84.6,5.94,44.63,28.84,8.13,24.9,96.4,6.79,45.43,29.42,8.14,ZWF,VMA,ZWF,,,2.33,93.72
20171122WHIP01,WHIP01,11/22/2017,2017,11,1/0/1900,25.1008,-80.75969,1.34,37,12.9,29.08,28.47,127.28,125.43,1.948,25.44,86.1,6.02,43.61,28.09,8.04,24.7,94.1,6.65,43.87,28.29,8.07,ZWF,VMA,ZWF,,,28.775,126.355
20171122WHIP03,WHIP03,11/22/2017,2017,11,1/0/1900,25.04943,-80.76859,2.01,67,5.54,14.83,15.19,108.83,119.58,1.16,25.1,89.7,6.3,43.95,28.35,8.07,24.79,77.4,5.45,44.28,28.59,8.01,ZWF,VMA,ZWF,,,15.01,114.205
20180123BLUE02,BLUE02,1/23/2018,2018,1,1/0/1900,24.99489,-80.92773,1.95,195,2.58,0.26,,62.57,63.81,,20.24,118.2,8.97,46.09,29.96,8.25,20.22,118.2,8.98,46.09,29.96,8.25,ZWF,VMA,ZWF,,,,63.19
20180123CAL01,CAL01,1/23/2018,2018,1,1/0/1900,25.05924,-80.71133,1.73,118,5.7,5.11,4.72,76.63,73.47,,19.82,111,8.54,44.3,28.67,8.18,19.47,108.4,8.39,44.11,28.53,8.17,ZWF,VMA,ZWF,,,4.915,75.05
20180123CAT02,CAT02,1/23/2018,2018,1,1/0/1900,25.09855,-80.87157,1.03,60,28.1,6.56,7.23,116.54,116.49,1.565,22.72,86.6,6.29,46.33,30.1,8.02,22.72,88.1,6.38,46.32,30.09,8.03,VMA,VMA,ZWF,,,6.895,116.515
20180123CON01,CON01,1/23/2018,2018,1,1/0/1900,25.11835,-80.93974,2.13,45,23.5,7.24,7.56,70.5,63.52,,20.25,92.1,7.01,45.5,29.52,7.91,20.24,91.2,6.94,45.53,29.55,7.92,ZWF,VMA,ZWF,,,7.4,67.01
20180123COR01,COR01,1/23/2018,2018,1,1/0/1900,25.02792,-80.76847,1.61,161,2.6,0.29,0.34,80.26,90.78,0.3955,21.19,107.7,8.04,46.01,29.95,8.2,20.741,104.5,7.85,46.09,29.95,8.2,VMA,VMA,ZWF,,,0.315,85.52
20180123CROC01,CROC01,1/23/2018,2018,1,1/0/1900,25.12843,-80.67538,1.03,57,19.3,5.45,4.39,63.48,65.25,,20.53,107.4,8.31,39.53,25.29,8.23,20.61,104.3,8.13,39.54,25.26,8.19,ZWF,VMA,ZWF,,,4.92,64.365
20180123END02,END02,1/23/2018,2018,1,1/0/1900,25.1267,-80.71822,1.52,40,17.3,26.9,23.33,112.6,123.01,,20.636,112.4,8.53,44.2,28.61,8.11,20.06,104.9,8.02,44.5,28.8,8.09,VMA,VMA,ZWF,10.93/15.4 FIU CHL,,25.115,117.805
20180123JOE01,JOE01,1/23/2018,2018,1,1/0/1900,25.21508,-80.53371,1.21,68,16.7,3.95,3.71,59.94,60.08,,21.63,86.2,6.65,36.16,22.88,8.13,21.58,86.9,6.7,36.25,22.95,8.13,ZWF,VMA,ZWF,,,3.83,60.01
20180123JOHN01,JOHN01,1/23/2018,2018,1,1/0/1900,25.06349,-80.90233,0.7,70,2.91,0.31,0.27,59.83,62.06,,23.31,122.3,8.8,46.17,29.98,8.27,,,,,,,ZWF,VMA,ZWF,,,0.29,60.945
20180123JOHN03,JOHN03,1/23/2018,2018,1,1/0/1900,25.03981,-80.91528,1.31,131,2.71,0.78,0.79,62.94,55.26,,22.44,104.3,7.61,46.56,30.28,8.14,22.31,105.2,7.68,46.55,30.27,8.15,ZWF,VMA,ZWF,,,0.785,59.1
20180123LIG02,LIG02,1/23/2018,2018,1,1/0/1900,24.96428,-80.69465,2.28,170,4.43,1.54,1.61,60.32,59.73,,19.96,103.3,7.91,45.06,29.22,8.14,19.18,103.8,8.06,44.8,29.02,8.16,ZWF,VMA,ZWF,,,1.575,60.025
20180123LMAD01,LMAD01,1/23/2018,2018,1,1/0/1900,25.18422,-80.63436,1.1,110,10.6,0.27,0.23,70.55,72.7,,21.25,94.4,7.74,21.6,12.96,8.22,21.38,87.4,6.93,30.07,18.67,8.17,ZWF,VMA,ZWF,,,0.25,71.625
20180123MAD01,MAD01,1/23/2018,2018,1,1/0/1900,25.15081,-80.68237,1.03,35,23.4,15.06,15.61,72.89,65.33,,20.79,105.2,8.13,39.2,25.02,8.22,20.47,100.7,7.83,39.26,25.07,8.2,ZWF,VMA,ZWF,,,15.335,69.11
20180123NWHIP02,NWHIP02,1/23/2018,2018,1,1/0/1900,25.12461,-80.76497,1.04,30,14.7,40.28,40.63,123.45,131.48,,21.33,116.7,8.72,45.31,29.38,8.15,20.87,110.4,8.27,45.76,29.7,8.15,VMA,VMA,ZWF,21.97/17.19 FIU CHL,,40.455,127.465
20180123PEL01,PEL01,1/23/2018,2018,1,1/0/1900,25.06926,-80.82337,1.06,106,1.6,0.2,0.17,88.03,92,0.4638,21.72,103.5,7.68,45.74,29.7,8.13,21.62,106.9,7.91,45.75,29.7,8.14,VMA,VMA,ZWF,,,0.185,90.015
20180123PEL02,PEL02,1/23/2018,2018,1,1/0/1900,25.09185,-80.822,0.79,79,14.3,0.72,0.69,92.66,97.71,0.7467,22.51,101.1,7.38,45.52,29.53,8.22,22.54,104.1,7.63,45.53,29.53,8.22,VMA,VMA,ZWF,,,0.705,95.185
20180123PEL03,PEL03,1/23/2018,2018,1,1/0/1900,25.06141,-80.85186,0.79,79,2.81,0.25,0.23,82.92,89.95,0.353,22.87,75.9,5.48,45.66,29.62,8.21,22.89,78.6,5.7,45.66,29.62,8.22,VMA,VMA,ZWF,,,0.24,86.435
20180123RAB01,RAB01,1/23/2018,2018,1,1/0/1900,25.01995,-80.88972,0.823,82,0.93,0.15,0.09,60.81,64.63,,22.81,106,7.68,45.54,29.53,8.28,,,,,,,ZWF,VMA,ZWF,,,0.12,62.72
20180123RAB02,RAB02,1/23/2018,2018,1,1/0/1900,24.97335,-80.87053,1.06,106,1.22,0.23,0.13,56.09,50.77,,21.31,116.2,8.62,46.41,30.17,8.24,20.88,111.6,8.35,46.39,30.17,8.22,ZWF,VMA,ZWF,,,0.18,53.43
20180123RANKL01,RANKL01,1/23/2018,2018,1,1/0/1900,25.12264,-80.81396,1.12,100,10.9,2.19,1.92,114.03,111.76,1.018,23.47,57.8,4.88,45.75,29.67,7.89,22.73,71.9,5.22,45.77,29.69,7.93,VMA,VMA,ZWF,2.29/2.03 FIU CHL,,2.055,112.895
20180123RANKL03,RANKL03,1/23/2018,2018,1,1/0/1900,25.16367,-80.80341,0.945,60,14.1,9.6,10.58,119.53,115.19,1.435,24.61,102.2,7.14,47.1,30.63,8.04,24.63,102.5,7.14,47.1,30.63,8.04,VMA,VMA,ZWF,8.83/7.76 FIU CHL,,10.09,117.36
20180123SID02,SID02,1/23/2018,2018,1,1/0/1900,25.0325,-80.80642,1.03,103,3.85,0.12,0.1,100.08,98.19,0.3696,21.72,97.1,7.21,45.25,29.32,8.22,21.5,101.7,7.57,45.3,29.37,8.24,VMA,VMA,ZWF,0.22/0.22 FIU CHL,,0.11,99.135
20180123SNB02,SNB02,1/23/2018,2018,1,1/0/1900,25.135,-80.854,0.64,50,25,14,10.02,121.09,123.22,1.811,21.97,97.1,7.14,45.93,29.82,7.96,21.93,97.2,7.16,45.87,29.78,7.95,VMA,VMA,ZWF,,,12.01,122.155
20180123SPY01,SPY01,1/23/2018,2018,1,1/0/1900,25.02571,-80.72063,2.04,118,5.54,2.57,2.79,63.92,67.34,,19.96,111.3,8.56,43.77,28.29,8.21,19.33,109.8,8.51,44.14,28.54,8.18,ZWF,VMA,ZWF,,,2.68,65.63
20180123TB01,TB01,1/23/2018,2018,1,1/0/1900,25.15723,-80.72464,0.54,30,34.3,25.27,22.03,153.56,153.12,,22.02,82.6,6.27,38.08,23.87,8.07,22.05,77.8,5.81,41.33,26.38,7.99,VMA,VMA,ZWF,12.65/13.87 FIU CHL,,23.65,153.34
20180123TWIN02,TWIN02,1/23/2018,2018,1,1/0/1900,24.98317,-80.80913,2.1,210,1.1,0.2,0.19,65.4,65.3,,20.57,104.3,7.86,45.64,29.6,8.27,19.37,104,8.01,45.93,29.84,8.26,ZWF,VMA,ZWF,,,0.195,65.35
20180123TWIN03,TWIN03,1/23/2018,2018,1,1/0/1900,25.00332,-80.75404,1.98,198,2.34,0.67,0.57,59.64,64.3,,20.66,106.3,8.01,45.87,29.78,8.2,19.388,102.6,7.93,45.99,29.89,8.2,ZWF,VMA,ZWF,,,0.62,61.97
20180123WHIP02,WHIP02,1/23/2018,2018,1,1/0/1900,25.07159,-80.7645,1.73,173,3.99,0.15,0.16,89.2,86.47,0.4018,20.33,101.4,7.68,46.19,30.02,8.12,20.04,98.6,7.5,46.23,30.06,8.11,VMA,VMA,ZWF,0.28/0.22 FIU CHL,,0.155,87.835
20180124BLUE01,BLUE01,1/24/2018,2018,1,1/0/1900,25.02245,-80.92714,1.49,162,10.3,1.75,1.82,58.64,62.02,,23.61,79.7,5.68,46.67,30.34,8.05,23.64,79,5.58,46.66,30.33,7.61,ZWF,VMA,ZWF,,,1.785,60.33
20180124CAP01,CAP01,1/24/2018,2018,1,1/0/1900,25.00644,-80.64751,2.01,130,6.51,1.64,,46.98,49.91,,20.95,106.1,8.03,42.51,27.37,8.17,21.18,109.8,8.34,43.41,28.14,8.17,ZWF,VMA,ZWF,,,,48.445
20180124CAT01,CAT01,1/24/2018,2018,1,1/0/1900,25.08797,-80.91307,1.12,35,3.29,6.09,3.93,65.54,67.91,,23.66,76.4,5.43,46.26,30.04,7.87,23.65,75.5,5.42,46.26,30.04,7.87,VMA,VMA,ZWF,,,5.01,66.725
20180124CON02,CON02,1/24/2018,2018,1,1/0/1900,25.10204,-81.02122,2.28,60,34.1,6.63,6.76,54.67,54.56,,20.51,92.9,7.01,46.36,30.15,8,20.49,92.4,6.98,46.31,30.05,8.01,ZWF,VMA,ZWF,,,6.695,54.615
20180124END01,END01,1/24/2018,2018,1,1/0/1900,25.10156,-80.71938,1.4,45,8.37,21.28,13.27,112.37,109.85,1.35,22.57,104.6,7.65,44.99,29.14,8.08,22.55,105.3,7.7,45.09,29.14,8.09,VMA,VMA,ZWF,,,17.275,111.11
20180124FNB01,FNB01,1/24/2018,2018,1,1/0/1900,25.057788,-81.01929,2.95,65,17.8,2.26,2.15,58.53,66.03,,22.7,89.5,6.4,47.3,30.81,7.97,22.62,85.5,6.18,47.32,30.81,7.94,ZWF,VMA,ZWF,,,2.205,62.28
20180124FNB02,FNB02,1/24/2018,2018,1,1/0/1900,25.05616,-80.98003,0.91,91,7.8,3.8,4,53.68,55.67,,22.72,98,7.11,46.69,30.36,7.97,,,,,,,ZWF,VMA,ZWF,,,3.9,54.675
20180124JOHN02,JOHN02,1/24/2018,2018,1,1/0/1900,25.05651,-80.93103,1.21,60,24.7,4.66,4.73,65.99,57.75,,23.3,71.6,5.13,46.55,30.26,7.91,23.29,71.1,5.09,46.56,30.26,7.92,ZWF,VMA,ZWF,,,4.695,61.87
20180124LIG01,LIG01,1/24/2018,2018,1,1/0/1900,24.93383,-80.71052,2.46,280,3.12,1.55,1.49,53.96,53.78,,20.68,104,7.8,46.66,30.39,8.15,20.69,99.6,7.43,49.66,31.87,8.11,ZWF,VMA,ZWF,,,1.52,53.87
20180124LIG03,LIG03,1/24/2018,2018,1,1/0/1900,24.96367,-80.72724,1.98,248,2.89,0.8,0.81,62.47,54.55,,21.07,101.1,7.57,45.71,29.67,8.15,21.06,100.7,7.54,45.72,29.68,8.14,ZWF,VMA,ZWF,,,0.805,58.51
20180124LONG01,LONG01,1/24/2018,2018,1,1/0/1900,24.89849,-80.76645,2.31,231,2.25,0.38,0.38,55.32,63.99,,21.07,103.3,7.72,46.09,29.95,8.16,21.04,102.4,7.67,46.11,29.96,8.15,ZWF,VMA,ZWF,,,0.38,59.655
20180124LONG02,LONG02,1/24/2018,2018,1,1/0/1900,24.8762,-80.83037,2.59,259,1.39,0.11,0.17,48.11,56.45,,20.34,104.7,7.92,46.91,30.55,8.24,20.35,105.7,7.98,46.92,30.55,8.25,ZWF,VMA,ZWF,,,0.14,52.28
20180124NMB01,NMB01,1/24/2018,2018,1,1/0/1900,25.00011,-80.97961,1.85,130,7.33,2.08,1.96,45.5,48.78,,19.7,93.5,7.11,48.12,31.43,7.94,19.68,95.8,7.28,48.11,31.42,7.95,ZWF,VMA,ZWF,,,2.02,47.14
20180124NMB02,NMB02,1/24/2018,2018,1,1/0/1900,24.94711,-80.9298,2.86,286,0.58,0.36,0.36,50.9,55.92,,20.26,113.7,8.63,46.1,29.97,8.14,20.25,114.5,8.68,46.12,29.98,8.14,ZWF,VMA,ZWF,,,0.36,53.41
20180124NMB03,NMB03,1/24/2018,2018,1,1/0/1900,24.9061,-80.88219,1.64,164,1.2,0.21,0.17,56.8,56.97,,19.68,110.3,8.48,45.47,29.51,8.16,19.66,111.2,8.55,45.48,29.51,8.19,ZWF,VMA,ZWF,,,0.19,56.885
20180124NWHIP01,NWHIP01,1/24/2018,2018,1,1/0/1900,25.12453,-80.74059,1.28,40,11.9,28.39,25.83,107.4,116.11,1.66,22.1,106.1,7.83,44.9,29.09,8.11,22.05,102.3,7.54,44.9,29.13,8.08,VMA,VMA,ZWF,,,27.11,111.755
20180124PORP01,PORP01,1/24/2018,2018,1,1/0/1900,25.00882,-80.69136,2.16,112,8.37,2.61,2.77,65.45,65.95,,21.33,109.6,8.24,43.5,28.07,8.19,20.66,107.4,8.2,44,28.44,8.18,ZWF,VMA,ZWF,,,2.69,65.7
20180124RAB03,RAB03,1/24/2018,2018,1,1/0/1900,25.001,-80.857,2.01,201,0.74,0.4,0.3,73.22,76.21,,21.45,115.2,8.58,45.3,29.38,8.25,21.44,116.2,8.65,45.3,29.38,8.25,VMA,VMA,ZWF,,,0.35,74.715
20180124RAB04,RAB04,1/24/2018,2018,1,1/0/1900,24.96799,-80.84012,1.95,195,1.16,0.22,0.2,75.96,74.38,,21.08,112.4,8.4,45.94,29.84,8.22,21.05,117.7,8.79,45.95,29.85,8.24,VMA,VMA,ZWF,,,0.21,75.17
20180124RANKB01,RANKB01,1/24/2018,2018,1,1/0/1900,25.14022,-80.77892,0.39,25,42.2,55.95,,114.44,116.03,,24.06,108.2,7.67,46.2,29.9,8.06,,,,,,,VMA,VMA,ZWF,,,,115.235
20180124RANKL02,RANKL02,1/24/2018,2018,1,1/0/1900,25.14229,-80.81823,0.54,50,9.55,11.27,12.53,93.82,91,,,,,,,,,,,,,,VMA,VMA,ZWF,METER DIED NO READINGS,,11.9,92.41
20180124RUS01,RUS01,1/24/2018,2018,1,1/0/1900,25.04886,-80.6555,2.13,85,6.61,2.72,2.76,74.67,66.16,,20.91,104.4,8.04,39.96,25.56,8.16,20.24,101.9,7.88,41.61,26.74,8.16,VMA,VMA,ZWF,,,2.74,70.415
20180124RUS02,RUS02,1/24/2018,2018,1,1/0/1900,25.08361,-80.68218,1.79,80,6.17,2.99,4.52,82.98,83.02,,21.34,108.7,8.29,39.96,25.55,8.17,21.4,94.8,7.12,42.67,27.49,8.1,VMA,VMA,ZWF,,,3.755,83
20180124SID01,SID01,1/24/2018,2018,1,1/0/1900,25.01876,-80.78638,1,100,1.54,0.35,0.33,69.17,83.63,0.6719,23.67,90.1,6.44,45.86,29.75,8.16,23.67,90.9,6.48,45.87,29.75,8.17,VMA,VMA,ZWF,,,0.34,76.4
20180124SNB01,SNB01,1/24/2018,2018,1,1/0/1900,25.14094,-80.8938,1.31,20,61.3,13.69,13.75,87.15,85.82,,25.83,80.1,5.55,45.88,29.73,7.86,24.86,71.7,5.01,45.97,29.81,7.83,VMA,VMA,ZWF,,,13.72,86.485
20180124TWIN01,TWIN01,1/24/2018,2018,1,1/0/1900,24.95847,-80.78088,2.46,246,1.17,0.32,0.3,81.77,71.32,,20.59,100.5,7.57,46.31,30.11,8.18,19.92,118.2,8.41,46.35,30.15,8.18,VMA,VMA,ZWF,,,0.31,76.545
20180124WHIP01,WHIP01,1/24/2018,2018,1,1/0/1900,25.10078,-80.75972,0.88,88,3.14,5.21,4.67,98.91,95.58,1.072,22.45,95.9,6.99,46.07,29.92,8.03,22.45,96.2,7.01,46.06,29.91,8.03,VMA,VMA,ZWF,,,4.94,97.245
20180124WHIP03,WHIP03,1/24/2018,2018,1,1/0/1900,25.04941,-80.76867,1.79,179,0.73,0.37,0.33,72.93,78.86,0.4474,22.21,97.2,7.12,46.1,29.94,8.11,22.18,98.4,7.22,46.09,29.94,8.12,VMA,VMA,ZWF,,,0.35,75.895
20180314BBK01,BBK01,3/14/2018,2018,3,1/0/1900,25.15853,-80.62469,1.6,120,10.8,,,,,,19.41,98,7.78,37.76,24.03,8.16,19.44,96.7,7.71,37.84,24.06,8.19,ZWF,AJP,ZWF,CDOM fluorometry not reliable,,,
20180314BBK02,BBK02,3/14/2018,2018,3,1/0/1900,25.12274,-80.59,1.4,20,113,,,,,,18.98,95.5,7.62,38.82,24.77,8.1,18.99,94.2,7.54,38.89,24.81,8.13,ZWF,AJP,ZWF,CDOM fluorometry not reliable,,,
20180314BLAS01,BLAS01,3/14/2018,2018,3,1/0/1900,25.17019,-80.4166,2.5,170,4.94,1.09,0.96,,,,20.68,93.2,6.98,46.86,30.53,7.97,20.7,92.7,6.94,46.98,30.6,8.02,ZWF,AJP,ZWF,CDOM fluorometry not reliable,,1.025,
20180314BNUT01,BNUT01,3/14/2018,2018,3,1/0/1900,25.07366,-80.52917,2.3,100,7.45,,,,,,20.36,97.9,7.5,43.33,27.97,8.17,20.37,97.8,7.48,43.38,27.99,8.2,ZWF,AJP,ZWF,CDOM fluorometry not reliable,,,
20180314BUTT01,BUTT01,3/14/2018,2018,3,1/0/1900,25.10977,-80.45561,2.1,210,3.56,,,,,,20.44,96.3,7.36,43.45,28.05,8.12,20.46,96.5,7.36,43.49,28.08,8.14,ZWF,AJP,ZWF,CDOM fluorometry not reliable,,,
20180314COTT01,COTT01,3/14/2018,2018,3,1/0/1900,24.99569,-80.5781,2.1,210,5.56,,,,,,20.35,99.3,7.32,51.9,34.22,8.12,20.41,99.8,7.35,52.06,34.33,8.14,ZWF,AJP,ZWF,CDOM fluorometry not reliable,,,
20180314COTT02,COTT02,3/14/2018,2018,3,1/0/1900,24.98065,-80.62446,2,130,7.95,,,,,,20.19,101.7,7.51,52.34,34.53,8.13,20.22,101.8,7.52,52.39,34.56,8.14,ZWF,AJP,ZWF,CDOM fluorometry not reliable,,,
20180314DEER01,DEER01,3/14/2018,2018,3,1/0/1900,25.18542,-80.51517,1.3,80,19.6,0.46,0.36,,,,19.16,96.2,7.52,43.58,28.16,8.13,19.19,95.8,7.49,43.67,28.22,8.16,ZWF,AJP,ZWF,CDOM fluorometry not reliable,,0.41,
20180314DUCK01,DUCK01,3/14/2018,2018,3,1/0/1900,25.19005,-80.47342,1.3,80,13.7,0.38,0.31,,,,19.5,95.7,7.41,44.03,28.48,8.15,19.55,95.1,7.37,44.01,28.4,8.19,ZWF,AJP,ZWF,CDOM fluorometry not reliable,,0.345,
20180314DUCK02,DUCK02,3/14/2018,2018,3,1/0/1900,25.15523,-80.48323,1.2,65,21.5,,,,,,19.4,96.9,7.57,42.54,27.39,8.14,19.41,96.9,7.58,42.57,27.42,8.16,ZWF,AJP,ZWF,CDOM fluorometry not reliable,,,
20180314EAGLE01,EAGLE01,3/14/2018,2018,3,1/0/1900,25.17773,-80.57242,1.5,45,43.8,,,,,,19.45,95.8,7.57,39.85,25.52,8.13,19.47,95.3,7.52,39.93,25.54,8.15,ZWF,AJP,ZWF,CDOM fluorometry not reliable,,,
20180314JIM01,JIM01,3/14/2018,2018,3,1/0/1900,25.03987,-80.61571,2.2,110,7.95,,,,,,20.43,102.9,7.76,46.93,30.58,8.17,20.43,103.2,7.79,46.99,30.59,8.18,ZWF,AJP,ZWF,CDOM fluorometry not reliable,,,
20180314LBS01,LBS01,3/14/2018,2018,3,1/0/1900,25.21165,-80.44263,1.4,150,9.09,3.44,3.05,,,,19.82,97.4,7.55,42.35,27.28,8.2,19.83,96.4,7.43,41.95,26.93,8.17,ZWF,AJP,ZWF,CDOM fluorometry not reliable,,3.245,
20180314LBUT01,LBUT01,3/14/2018,2018,3,1/0/1900,25.1369,-80.44705,2,160,3.33,2.84,3.34,,,,20.41,95.2,7.24,44.73,28.97,8.12,20.42,94.3,7.17,44.65,28.92,8.03,ZWF,AJP,ZWF,CDOM fluorometry not reliable,,3.09,
20180314LONS01,LONS01,3/14/2018,2018,3,1/0/1900,25.23022,-80.45644,1.3,150,5.65,2.8,2.51,,,,19.98,96.7,7.44,43.76,28.29,8.14,20.02,96.6,7.43,43.88,28.35,8.17,ZWF,AJP,ZWF,CDOM fluorometry not reliable,,2.655,
20180314MANK01,MANK01,3/14/2018,2018,3,1/0/1900,25.0839,-80.60366,2,60,25.7,,,,,,19.55,95.4,7.45,41.84,26.92,8.11,19.58,94.9,7.42,41.94,26.98,8.14,ZWF,AJP,ZWF,CDOM fluorometry not reliable,,,
20180314NEST01,NEST01,3/14/2018,2018,3,1/0/1900,25.16222,-80.53237,1.4,60,23.1,0.75,,,,,18.85,95.2,7.57,40.87,26.22,8.12,18.87,94.7,7.54,40.94,26.25,8.14,ZWF,AJP,ZWF,CDOM fluorometry not reliable,,,
20180314NEST02,NEST02,3/14/2018,2018,3,1/0/1900,25.12786,-80.54128,1.6,35,62.4,,,,,,19.25,96.1,7.6,40.37,25.86,8.12,19.25,95.7,7.58,40.43,25.9,8.14,ZWF,AJP,ZWF,CDOM fluorometry not reliable,,,
20180314SWA01,SWA01,3/14/2018,2018,3,1/0/1900,25.10831,-80.49532,1.9,17,106,,,,,,19.63,93,7.28,41.09,26.37,8.09,19.7,92.3,7.22,41.21,26.45,8.1,ZWF,AJP,ZWF,CDOM fluorometry not reliable,,,
20180314TAV01,TAV01,3/14/2018,2018,3,1/0/1900,25.01901,-80.56624,2.3,90,9.35,,,,,,20.19,100.5,7.52,49.36,32.36,8.16,20.22,101.2,7.56,49.5,32.45,8.17,ZWF,AJP,ZWF,CDOM fluorometry not reliable,,,
20180314UCB01,UCB01,3/14/2018,2018,3,1/0/1900,25.04261,-80.5529,1.9,122,7.53,,,,,,20.14,99.2,7.53,40.08,29.98,8.18,20.17,99.9,7.59,46.28,30.1,8.2,ZWF,AJP,ZWF,CDOM fluorometry not reliable,,,
20180315BLUE01,BLUE01,3/15/2018,2018,3,1/0/1900,25.02262,-80.92778,0.8,40,46.8,,,,,,17.31,94.4,7.34,52.98,34.94,7.96,17.3,93.9,7.3,52.99,35.01,7.96,ZWF,AJP,ZWF,CDOM fluorometry not reliable,,,
20180315CAP01,CAP01,3/15/2018,2018,3,1/0/1900,25.007,-80.64706,2,110,10.6,,,,,,18.56,96,7.14,49.51,32.45,8.07,18.57,95.8,7.38,49.53,32.46,8.09,ZWF,AJP,ZWF,CDOM fluorometry not reliable,,,
20180315CON02,CON02,3/15/2018,2018,3,1/0/1900,25.10252,-81.02108,2.8,30,71.7,,,,,,19.23,94.2,7.11,51.04,33.57,7.91,19.2,92.8,7.02,51.08,33.6,7.91,ZWF,AJP,ZWF,CDOM fluorometry not reliable,,,
20180315FNB01,FNB01,3/15/2018,2018,3,1/0/1900,25.05885,-81.018,3.3,25,79.2,,,,,,16.84,91.2,7.18,51.71,34.06,7.9,16.75,88.6,6.96,51.79,34.11,7.9,ZWF,AJP,ZWF,CDOM fluorometry not reliable,,,
20180315FNB02,FNB02,3/15/2018,2018,3,1/0/1900,25.05636,-80.97993,0.7,70,14.6,,,,,,17.94,154,11.98,53.02,35.03,8.14,,,,,,,ZWF,AJP,ZWF,CDOM fluorometry not reliable,,,
20180315JOHN02,JOHN02,3/15/2018,2018,3,1/0/1900,25.05719,-80.93162,0.8,30,54.2,,,,,,17.11,96.4,7.53,52.58,34.7,7.98,,,,,,,ZWF,AJP,ZWF,CDOM fluorometry not reliable,,,
20180315LIG01,LIG01,3/15/2018,2018,3,1/0/1900,24.9342,-80.70972,2.6,110,7.23,,0.4,,,,18.75,97.2,7.41,51.23,33.7,8.29,18.76,97.1,7.4,51.23,33.71,8.29,ZWF,ZWF,ZWF,CDOM fluorometry not reliable,,,
20180315LIG03,LIG03,3/15/2018,2018,3,1/0/1900,24.96524,-80.72722,2.1,80,11.4,,,,,,18.28,96,7.35,51.73,34.09,8.44,18.31,95.8,7.35,51.79,34.12,8.46,ZWF,AJP,ZWF,CDOM fluorometry not reliable,,,
20180315LONG01,LONG01,3/15/2018,2018,3,1/0/1900,24.8987,-80.76633,2.5,60,12.2,,,,,,18.15,96.1,7.4,51.77,34.11,8.36,18.06,95.6,7.37,51.79,34.13,8.38,ZWF,AJP,ZWF,CDOM fluorometry not reliable,,,
20180315LONG02,LONG02,3/15/2018,2018,3,1/0/1900,24.87568,-80.83065,2.5,250,3.48,,,,,,18.28,97.8,7.49,52.31,34.51,8.18,18.28,97.7,7.48,52.36,34.54,8.19,ZWF,AJP,ZWF,CDOM fluorometry not reliable,,,
20180315NMB01,NMB01,3/15/2018,2018,3,1/0/1900,25.00032,-80.97935,1.2,55,23.2,,,,,,18.12,95.9,7.37,52,34.28,7.94,18.12,96.2,7.41,52.03,34.3,7.96,ZWF,AJP,ZWF,CDOM fluorometry not reliable,,,
20180315NMB02,NMB02,3/15/2018,2018,3,1/0/1900,24.94709,-80.92983,2.4,240,3.37,,,,,,18.1,100.7,7.78,53.17,35.15,8.05,18.11,101.7,7.78,53.19,35.16,8.06,ZWF,AJP,ZWF,CDOM fluorometry not reliable,,,
20180315NMB03,NMB03,3/15/2018,2018,3,1/0/1900,24.90623,-80.88293,2.1,210,3.06,,,,,,18.21,98.7,7.52,53.5,35.4,8.04,18.23,98.6,7.52,53.55,35.43,8.05,ZWF,AJP,ZWF,CDOM fluorometry not reliable,,,
20180315PORP01,PORP01,3/15/2018,2018,3,1/0/1900,25.01,-80.69003,2.2,90,8.36,,,,,,18.01,98.1,7.68,48.54,31.74,8.23,18.02,98.3,7.68,38.63,31.83,8.26,ZWF,AJP,ZWF,CDOM fluorometry not reliable,,,
20180316BLUE02,BLUE02,3/16/2018,2018,3,1/0/1900,24.99467,-80.92748,1.9,190,2.41,0.67,0.65,,,,18.85,115.9,8.76,52.9,34.95,8.23,18.8,120.4,9.16,52.91,34.95,8.25,ZWF,AJP,ZWF,CDOM fluorometry not reliable,,0.66,
20180316CAL01,CAL01,3/16/2018,2018,3,1/0/1900,25.0591,-80.71217,1.8,59,9.84,14.72,13.98,,,,18.78,99.9,7.68,49.98,32.79,8.29,18.76,100.6,7.71,49.97,32.79,8.26,ZWF,AJP,ZWF,CDOM fluorometry not reliable,,14.35,
20180316CON01,CON01,3/16/2018,2018,3,1/0/1900,25.1184,-80.93894,2.6,31,57.1,11.67,12.16,,,,19.56,92.2,6.96,51.53,33.94,7.93,19.46,88.9,7,42.91,27.71,7.74,ZWF,AJP,ZWF,CDOM fluorometry not reliable,,11.915,
20180316CROC01,CROC01,3/16/2018,2018,3,1/0/1900,25.1278,-80.67572,1,74,11.3,6.18,6.43,,,,18.41,103.3,8.15,45.12,29.26,8.2,18.45,104.3,8.22,45.14,29.27,8.2,ZWF,AJP,ZWF,CDOM fluorometry not reliable,,6.305,
20180316JOE01,JOE01,3/16/2018,2018,3,1/0/1900,25.21532,-80.53391,1.2,97,12.7,,,,,,18.63,90.6,7.57,32.01,19.23,8.22,18.55,89.4,7.44,31.95,19.96,8.15,ZWF,AJP,ZWF,CDOM fluorometry not reliable,,,
20180316JOHN01,JOHN01,3/16/2018,2018,3,1/0/1900,25.0644,-80.90464,0.7,70,2.71,,,,,,19.12,119.6,8.99,53.17,35.15,8,,,,,,,ZWF,AJP,ZWF,CDOM fluorometry not reliable,,,
20180316JOHN03,JOHN03,3/16/2018,2018,3,1/0/1900,25.04012,-80.9153,1.2,120,4.79,1.73,1.18,,,,18.9,118.2,8.99,52.62,34.74,8.1,18.91,133.3,9.8,52.64,34.75,8.12,ZWF,AJP,ZWF,CDOM fluorometry not reliable,,1.455,
20180316LIG02,LIG02,3/16/2018,2018,3,1/0/1900,24.96453,-80.69438,2.4,200,4.6,,,,,,19.53,96.9,7.27,51.88,34.19,8.16,19.53,97.6,7.32,51.88,34.19,8.16,ZWF,AJP,ZWF,CDOM fluorometry not reliable,,,
20180316LMAD01,LMAD01,3/16/2018,2018,3,1/0/1900,25.18413,-80.6347,1,107,9.69,,,,,,19.05,87.7,7.24,31.21,19.47,8.16,19.16,87.1,7.23,31.24,19.49,8.16,ZWF,AJP,ZWF,CDOM fluorometry not reliable,,,
20180316MAD01,MAD01,3/16/2018,2018,3,1/0/1900,25.15101,-80.68255,1.1,45,21.7,,,,,,18.54,97.2,7.72,43.55,28.13,8.28,18.57,101.3,8.04,43.56,28.13,8.29,ZWF,AJP,ZWF,CDOM fluorometry not reliable,,,
20180316RAB01,RAB01,3/16/2018,2018,3,1/0/1900,25.02005,-80.88988,0.8,80,0.98,0.32,0.3,,,,18.73,123.9,9.41,53.28,35.23,8.17,,,,,,,ZWF,AJP,ZWF,CDOM fluorometry not reliable,,0.31,
20180316RAB02,RAB02,3/16/2018,2018,3,1/0/1900,24.97333,-80.87054,1,100,1.36,0.3,0.27,,,,19.2,119.4,8.97,5.42,35.34,8.26,,,,,,,ZWF,AJP,ZWF,CDOM fluorometry not reliable,,0.285,
20180316RAB04,RAB04,3/16/2018,2018,3,1/0/1900,24.96786,-80.84074,2,200,1.38,0.25,0.3,,,,19.21,108.5,8.19,52.49,34.65,8.23,19.26,113.6,8.53,52.52,34.67,8.24,ZWF,AJP,ZWF,CDOM fluorometry not reliable,,0.275,
20180316SPY01,SPY01,3/16/2018,2018,3,1/0/1900,25.02552,-80.72044,2.1,60,9.54,,,,,,19.13,104.2,7.92,50.6,33.25,8.37,19.51,96,7.2,51.39,33.84,8.34,ZWF,AJP,ZWF,CDOM fluorometry not reliable,,,
20180316STWIN03,TWIN03,3/16/2018,2018,3,1/0/1900,25.00347,-80.7547,2,200,1.99,0.47,0.48,,,,18.6,99.1,7.56,52.03,34.31,8.33,18.62,100.4,7.65,52.06,34.32,8.34,ZWF,AJP,ZWF,CDOM fluorometry not reliable,,0.475,
20180316TWIN02,TWIN02,3/16/2018,2018,3,1/0/1900,24.98286,-80.80981,2.2,220,1.74,0.28,0.29,,,,18.97,108.4,8.2,51.95,34.24,8.41,18.93,109.7,8.37,51.96,34.25,8.41,ZWF,AJP,ZWF,CDOM fluorometry not reliable,,0.285,
20180318END02,END02,3/18/2018,2018,3,1/0/1900,25.12617,-80.71847,1.5,50,12.5,12.36,11.26,,,1.636,22.9,104.5,7.49,49.85,32.68,8.22,22.84,101.9,7.25,50.52,33.11,8.2,ZWF,AJP,ZWF,CDOM fluorometry not reliable,,11.81,
20180318NWHIP01,NWHIP01,3/18/2018,2018,3,1/0/1900,25.12446,-80.74065,1.4,55,11.3,12.79,12.32,,,1.511,23.26,111.4,7.89,49.86,32.67,8.21,23.08,76.5,5.38,51.85,34.14,8.09,ZWF,AJP,ZWF,CDOM fluorometry not reliable,,12.555,
20180318NWHIP02,NWHIP02,3/18/2018,2018,3,1/0/1900,25.12453,-80.76505,1,113,6.41,5.09,4.86,,,1.26,24.16,89.2,6.12,53.18,35.11,8.08,24.09,89.8,6.18,53.18,35.11,8.11,ZWF,AJP,ZWF,CDOM fluorometry not reliable,,4.975,
20180318RAB03,RAB03,3/18/2018,2018,3,1/0/1900,25.00077,-80.85709,2,200,2.06,0.27,0.22,,,0.3945,22.79,164.8,11.6,53.15,35.1,8.37,22.73,167.5,11.79,53.15,35.11,8.37,ZWF,AJP,ZWF,CDOM fluorometry not reliable,,0.245,
20180318RANK01,RANKL01,3/18/2018,2018,3,1/0/1900,25.12254,-80.8139,1.2,117,8.42,1.44,1.41,,,1.178,23.36,43.5,3,51.72,34.02,7.76,23.06,62.5,4.43,51.63,33.98,7.83,ZWF,AJP,ZWF,CDOM fluorometry not reliable,,1.425,
20180318RANKB01,RANKB01,3/18/2018,2018,3,1/0/1900,25.14714,-80.77635,0.4,30,29.6,41.32,43.92,,,2.82,23.85,81.3,5.66,51.58,33.93,8.21,,,,,,,ZWF,AJP,ZWF,CDOM fluorometry not reliable,,42.62,
20180318RANKL02,RANKL02,3/18/2018,2018,3,1/0/1900,25.14203,-80.81822,0.8,80,6.76,1.1,1.13,,,0.7271,24.15,54.1,3.74,52.05,34.28,7.91,,,,,,,ZWF,AJP,ZWF,CDOM fluorometry not reliable,P3180019.JPG,1.115,
20180318RANKL03,RANKL03,3/18/2018,2018,3,1/0/1900,25.16378,-80.80338,0.7,40,19.1,29.42,27.91,,,2.473,24.43,76.4,5.21,54.66,36.2,8,,,,,,,ZWF,AJP,ZWF,CDOM fluorometry not reliable,,28.665,
20180318RUS01,RUS01,3/18/2018,2018,3,1/0/1900,25.04887,-80.66544,2.2,108,6.83,4.11,3.41,,,6.829,23.8,109.3,7.81,46.14,29.95,8.23,22.21,121.8,8.89,47.09,30.66,8.26,ZWF,AJP,ZWF,CDOM fluorometry not reliable,,3.76,
20180318SNB01,SNB01,3/18/2018,2018,3,1/0/1900,25.14064,-80.89364,1.6,25,97.9,22.42,20.28,,,4.933,23.62,87.6,6.11,51.62,33.96,7.94,23.9,93.4,6.49,51.69,34.01,7.96,ZWF,AJP,ZWF,CDOM fluorometry not reliable,,21.35,
20180318SNB02,SNB02,3/18/2018,2018,3,1/0/1900,25.13469,-80.85427,0.7,70,6.35,1.57,1.34,,,0.5884,24.5,31.2,2.13,52.06,34.27,7.83,,,,,,,ZWF,AJP,ZWF,CDOM fluorometry not reliable,,1.455,
20180318TB01,TB01,3/18/2018,2018,3,1/0/1900,25.15731,-80.72475,0.6,50,21,11.5,9.25,,,1.838,23.49,97.3,7.1,42.52,27.7,8.11,,,,,,,ZWF,AJP,ZWF,CDOM fluorometry not reliable,,10.375,
20180318TWIN01,TWIN01,3/18/2018,2018,3,1/0/1900,24.95837,-80.78104,2.6,260,2.3,0.58,0.52,,,0.3507,22.49,114.4,8.14,51.93,34.21,8.35,22.27,117.5,8.39,51.88,34.18,8.35,ZWF,AJP,ZWF,CDOM fluorometry not reliable,,0.55,
20180319CAT01,CAT01,3/19/2018,2018,3,1/0/1900,25.08777,-80.91293,1.3,55,27.4,10.11,10.86,,,2.175,23.12,82.8,5.85,50.71,33.3,7.89,23.12,83,5.87,50.67,33.29,7.87,ZWF,AJP,ZWF,CDOM fluorometry not reliable,,10.485,
20180319CAT02,CAT02,3/19/2018,2018,3,1/0/1900,25.0988,-80.8711,1.1,60,19.1,3.29,3.32,,,1.382,25.58,68.7,4.64,51.63,33.93,7.87,25.66,70.1,4.73,51.6,33.91,7.9,ZWF,AJP,ZWF,CDOM fluorometry not reliable,,3.305,
20180319COR01,COR01,3/19/2018,2018,3,1/0/1900,25.02849,-80.76809,1.5,150,2.45,0.35,0.32,,,0.4871,25.81,122.1,8.15,53.44,35.27,8.35,25.82,124,8.28,53.45,35.27,8.36,ZWF,AJP,ZWF,CDOM fluorometry not reliable,,0.335,
20180319END01,END01,3/19/2018,2018,3,1/0/1900,25.10177,-80.71902,1.6,160,5.47,1.9,2.12,,,0.3951,25.3,103.9,7.03,52.39,34.5,8.17,25.27,104.4,7.06,52.39,34.5,8.16,ZWF,AJP,ZWF,CDOM fluorometry not reliable,,2.01,
20180319PEL01,PEL01,3/19/2018,2018,3,1/0/1900,25.06915,-80.8235,1.2,120,3.35,0.44,0.53,,,0.4385,25.95,115.9,7.76,52.55,34.6,8.24,,,,,,,ZWF,AJP,ZWF,CDOM fluorometry not reliable,,0.485,
20180319PEL02,PEL02,3/19/2018,2018,3,1/0/1900,25.09195,-80.82216,0.9,90,6.55,1.25,1.59,,,0.7029,25.46,51.6,3.48,51.94,34.16,7.82,,,,,,,ZWF,AJP,ZWF,CDOM fluorometry not reliable,,1.42,
20180319PEL03,PEL03,3/19/2018,2018,3,1/0/1900,25.06155,-80.85138,0.8,80,1.3,0.27,0.19,,,0.45,24.75,82.2,5.62,52,34.22,8.03,,,,,,,ZWF,AJP,ZWF,CDOM fluorometry not reliable,,0.23,
20180319RUS02,RUS02,3/19/2018,2018,3,1/0/1900,25.08376,-80.68188,2,55,10,6.55,6.48,,,0.7962,25.29,113.6,7.86,46.89,30.46,8.26,26.09,132,8.87,50.77,33.28,8.3,ZWF,AJP,ZWF,CDOM fluorometry not reliable,,6.515,
20180319SDI01,SID01,3/19/2018,2018,3,1/0/1900,25.01906,-80.78629,1.1,110,3.86,0.39,0.42,,,0.4557,25.77,127,8.47,53.73,35.48,8.44,25.8,129.8,8.65,53.72,35.47,8.45,ZWF,AJP,ZWF,CDOM fluorometry not reliable,,0.405,
20180319SID02,SID02,3/19/2018,2018,3,1/0/1900,25.0326,-80.80655,1,100,1.72,0.34,0.3,,,0.3016,26.09,114.6,7.64,54.02,35.69,8.46,,,,,,,ZWF,AJP,ZWF,CDOM fluorometry not reliable,,0.32,
20180319WHIP01,WHIP01,3/19/2018,2018,3,1/0/1900,25.10125,-80.75941,1.4,140,3.62,0.48,0.41,,,0.5243,25.52,125.7,8.46,52.58,34.63,8.25,25.53,127.9,8.61,52.56,34.62,8.26,ZWF,AJP,ZWF,CDOM fluorometry not reliable,,0.445,
20180319WHIP02,WHIP02,3/19/2018,2018,3,1/0/1900,25.07249,-80.76424,1.8,180,3.21,0.38,0.31,,,0.3817,25.76,123.7,8.28,53.21,35.09,8.32,25.74,126.4,8.47,53.22,35.1,8.32,ZWF,AJP,ZWF,CDOM fluorometry not reliable,,0.345,
20180319WHIP03,WHIP03,3/19/2018,2018,3,1/0/1900,25.04948,-80.76858,1.9,190,3.73,0.45,0.48,,,0.438,25.68,127.7,8.55,53.3,35.16,8.35,25.67,130.2,8.72,53.3,35.16,8.35,ZWF,AJP,ZWF,CDOM fluorometry not reliable,,0.465,
20180507CAT02,CAT02,5/7/2018,2018,5,1/0/1900,25.09859,-80.87181,1.1,75,19.7,1.63,1.95,24.37,20.25,1.451,28.867,83.9,5.25,57.388,38.12,8,28.871,78.3,4.9,57.044,37.87,8.02,ZWF,ZWF,ZWF,,,1.79,22.31
20180507COR01,COR01,5/7/2018,2018,5,1/0/1900,25.02789,-80.76864,1.4,140,2.55,1.89,1.96,16.15,20.53,0.7665,27.938,99.5,6.33,56.427,37.43,8.34,27.842,100.2,6.38,56.522,37.5,8.36,ZWF,ZWF,ZWF,,,1.925,18.34
20180507END02,END02,5/7/2018,2018,5,1/0/1900,25.12634,-80.71956,1.3,125,7.97,0.76,0.87,31.6,32.9,0.9123,27.826,88.5,5.61,57.76,38.44,8.17,28.59,108.8,6.79,58.76,39.18,8.3,ZWF,ZWF,ZWF,,,0.815,32.25
20180507MAD01,MAD01,5/7/2018,2018,5,1/0/1900,25.151,-80.6822,0.9,65,13.4,1.79,1.74,26.07,35.44,0.9987,29.241,108.6,6.87,52.212,34.26,8.3,28.824,117.5,7.5,52.483,34.47,8.31,ZWF,ZWF,ZWF,,,1.765,30.755
20180507NWHIP02,NWHIP02,5/7/2018,2018,5,1/0/1900,25.12468,-80.76505,0.9,90,4.52,1.74,1.49,37.73,40.87,0.8229,28.53,82.3,5.05,62.686,42.14,8.27,28.77,88.8,5.42,63.028,42.39,8.3,ZWF,ZWF,ZWF,,,1.615,39.3
20180507PEL02,PEL02,5/7/2018,2018,5,1/0/1900,25.09187,-80.82182,0.5,50,4.06,0.18,0.2,32.2,30.68,,29.493,88.8,5.44,60.254,40.26,8.4,,,,,,,ZWF,ZWF,ZWF,LOTS OF LORENCIA,,0.19,31.44
20180507PEL03,PEL03,5/7/2018,2018,5,1/0/1900,25.0615,-80.85163,0.5,50,1.46,0.25,0.26,25.38,26.54,,29.68,89.6,5.49,59.035,39.33,8.4,,,,,,,ZWF,ZWF,ZWF,LOTS OF LORENCIA,,0.255,25.96
20180507RANKL01,RANKL01,5/7/2018,2018,5,1/0/1900,25.12236,-80.8139,1,100,6.63,2.15,2.03,34.15,33.53,0.9498,30.668,113.7,6.8,60.992,40.78,8.14,30.2,137.8,8.29,61.002,40.8,8.17,ZWF,ZWF,ZWF,,,2.09,33.84
20180507RANKL03,RANKL03,5/7/2018,2018,5,1/0/1900,25.16377,-80.80331,0.4,40,17.6,9.06,8.89,47.51,41.62,,30.43,89.3,5.24,66.55,45.06,8.23,,,,,,,ZWF,ZWF,ZWF,,,8.975,44.565
20180507SID02,SID02,5/7/2018,2018,5,1/0/1900,25.03225,-80.80674,0.8,80,1.51,0.37,0.4,21.87,32.61,0.5184,28.281,62.5,3.91,59.022,39.37,8.37,28.136,84.6,5.3,59.158,39.47,8.45,ZWF,ZWF,ZWF,,,0.385,27.24
20180507SNB02,SNB02,5/7/2018,2018,5,1/0/1900,25.13493,-80.85397,0.6,50,22.4,2.65,3.04,30.12,26.09,1.459,28.564,66.6,4.17,57.668,38.36,7.88,,,,,,,ZWF,ZWF,ZWF,,,2.845,28.105
20180507TB01,TB01,5/7/2018,2018,5,1/0/1900,25.15718,-80.72491,0.4,50,15.7,7.41,6.97,33.14,29.04,,28.5,83.5,5.32,53.83,35.5,8.13,,,,,,,ZWF,ZWF,ZWF,,,7.19,31.09
20180507WHIP02,WHIP02,5/7/2018,2018,5,1/0/1900,25.07146,-80.7644,1.6,160,1.94,0.55,0.69,31.23,30.57,0.3872,28.147,111.9,7.03,58.87,39.27,8.43,28.065,115,7.22,58.915,39.3,8.45,ZWF,ZWF,ZWF,,,0.62,30.9
20180508BLUE02,BLUE02,5/8/2018,2018,5,1/0/1900,24.99376,-80.92838,1.8,180,1.33,0.44,0.42,6.02,7.55,0.3704,28.642,106.3,6.65,57.817,38.45,8.25,28.644,107.2,6.71,57.807,38.45,8.25,ZWF,ZWF,ZWF,,,0.43,6.785
20180508CAL01,CAL01,5/8/2018,2018,5,1/0/1900,25.05895,-80.71141,1.4,150,5.73,0.83,0.81,14.44,16.31,0.3114,28.195,90,5.7,56.477,37.46,8.27,28.19,91.1,5.78,56.502,37.48,8.29,ZWF,ZWF,ZWF,,,0.82,15.375
20180508CON01,CON01,5/8/2018,2018,5,1/0/1900,25.11927,-80.94086,2.4,100,11.8,3.56,3.99,19.28,16.34,1.124,28.41,82.8,5.23,56.093,37.16,7.92,28.301,79.4,5.08,56.187,37.23,7.9,ZWF,ZWF,ZWF,,,3.775,17.81
20180508CROC01,CROC01,5/8/2018,2018,5,1/0/1900,25.12784,-80.67513,1,100,3.53,0.28,0.22,16.64,15.01,0.6093,28.67,85.5,5.41,54.954,36.31,8.17,28.659,86.5,5.48,55.087,36.4,8.19,ZWF,ZWF,ZWF,,,0.25,15.825
20180508JOE01,JOE01,5/8/2018,2018,5,1/0/1900,25.21524,-80.53394,1.1,110,6.19,0.29,0.25,18.85,22.27,1.463,27.865,69.1,4.61,45.208,29.16,8.15,28.258,79.2,5.22,46.699,30.24,8.23,ZWF,ZWF,ZWF,,,0.27,20.56
20180508JOHN01,JOHN01,5/8/2018,2018,5,1/0/1900,25.06301,-80.90485,0.8,80,4.08,0.65,0.74,26.39,23.29,0.4677,29.17,111.1,6.82,59.922,40.04,8.16,29.195,113.5,6.97,59.992,40.2,8.17,ZWF,ZWF,ZWF,,,0.695,24.84
20180508JOHN03,JOHN03,5/8/2018,2018,5,1/0/1900,25.04007,-80.91586,1.2,140,5.06,0.89,0.64,12.66,14.85,1.509,28.673,116.2,7.25,58.09,38.65,8.22,28.654,131.3,8.14,58.067,38.64,8.26,ZWF,ZWF,ZWF,,,0.765,13.755
20180508LIG02,LIG02,5/8/2018,2018,5,1/0/1900,24.96329,-80.69449,2.1,210,1.77,0.24,0.2,0,0,0.3881,27.801,94.2,6.01,56.609,37.57,8.2,27.813,95.7,6.1,56.626,37.58,8.2,ZWF,ZWF,ZWF,,,0.22,0
20180508LMAD01,LMAD01,5/8/2018,2018,5,1/0/1900,25.18434,-80.63466,1,100,5.13,0.12,0.12,9.92,11.17,0.4214,28.405,89.5,5.99,42.474,27.2,8.36,28.429,90.5,6.04,42.421,27.16,8.37,ZWF,ZWF,ZWF,,,0.12,10.545
20180508RAB01,RAB01,5/8/2018,2018,5,1/0/1900,25.02002,-80.88947,0.7,70,1.65,0.6,0.66,19.2,18.89,0.3803,28.291,91.6,5.76,58.66,39.1,8.29,28.297,98.1,6.14,58.664,39.1,8.29,ZWF,ZWF,ZWF,,,0.63,19.045
20180508RAB02,RAB02,5/8/2018,2018,5,1/0/1900,24.97309,-80.8709,0.9,90,1.29,0.24,0.23,13.74,11.07,0.4071,28.455,97.1,6.09,57.996,38.6,8.45,28.498,99.7,6.23,58.01,38.6,8.46,ZWF,ZWF,ZWF,,,0.235,12.405
20180508SPY01,SPY01,5/8/2018,2018,5,1/0/1900,25.02481,-80.72108,1.9,180,3.66,1.4,1.5,13.17,14.82,0.4164,28.405,107.4,6.83,55.106,36.43,8.37,28.418,108.3,6.89,55.117,36.43,8.38,ZWF,ZWF,ZWF,,,1.45,13.995
20180508TWIN02,TWIN02,5/8/2018,2018,5,1/0/1900,24.98257,-80.81028,1.9,190,1.35,0.53,0.52,20.36,19.64,0.1016,28.55,105.1,6.57,58.572,39.02,8.59,28.549,105.9,6.6,58.587,39.04,8.58,ZWF,ZWF,ZWF,,,0.525,20
20180508TWIN03,TWIN03,5/8/2018,2018,5,1/0/1900,25.00379,-80.75444,1.8,180,2.61,2.32,2.35,9.4,12.19,0.6257,28.138,108.6,6.89,56.764,37.68,8.44,28.137,111.1,7.07,56.821,37.72,8.45,ZWF,ZWF,ZWF,,,2.335,10.795
20180707CAT02,CAT02,7/7/2018,2018,7,1/0/1900,25.09853,-80.87154,1.3,88,12.1,6.09,7.41,27.63,18.89,0.95,30.4,80.5,4.97,54.16,35.66,7.92,30.39,80.8,4.99,54.16,35.65,7.93,ZWF,ZWF,ZWF,,,6.75,23.26
20180707COR01,COR01,7/7/2018,2018,7,1/0/1900,25.02794,-80.76877,1.6,160,2.34,0.81,0.81,31.49,48.18,0.32,30.47,89.8,5.55,53.3,35.02,8.17,30.2,79.5,4.94,53.51,35.18,8.18,ZWF,ZWF,ZWF,"0.62,0.61 SFWMD chlA ug/L",,0.81,39.835
20180707END02,END02,7/7/2018,2018,7,1/0/1900,25.12649,-80.71861,1.5,68,10.9,7.59,7,51.77,46.34,1.346,30.25,87.8,5.55,49.14,31.96,8.21,30.25,87.2,5.49,49.19,32,8.31,ZWF,ZWF,ZWF,"6.44,5.76 SFWMD chlA ug/L",,7.295,49.055
20180707NWHIP02,NWHIP02,7/7/2018,2018,7,1/0/1900,25.12451,-80.76524,1.1,110,4.75,9.1,8.49,54.65,56.27,1.16,30.28,98.2,6.29,45.87,29.58,8.52,30.28,99.1,6.35,45.87,29.59,8.54,ZWF,ZWF,ZWF,"8.21,7.56 SFWMD chlA ug/L",,8.795,55.46
20180707PEL02,PEL02,7/7/2018,2018,7,1/0/1900,25.09193,-80.82213,0.8,80,1.69,1.65,1.71,32.83,31.45,0.68,30.51,83.5,5.22,50.34,32.84,8.08,,,,,,,ZWF,ZWF,ZWF,,,1.68,32.14
20180707PEL03,PEL03,7/7/2018,2018,7,1/0/1900,25.06154,-80.85209,0.8,80,1.56,1.02,1.08,27.43,24.16,0.33,30.59,87.4,5.42,52.6,34.49,8.19,,,,,,,ZWF,ZWF,ZWF,"0.82,0.87 SFWMD chlA ug/L",,1.05,25.795
20180707RANKL01,RANKL01,7/7/2018,2018,7,1/0/1900,25.12253,-80.81384,1.1,82,8.47,12.11,13.06,51.46,43.91,1.996,31.11,118.7,7.39,49.75,32.38,8.16,30.98,120.7,7.51,49.84,32.45,8.16,ZWF,ZWF,ZWF,"10.91,10.34 SFWMD chlA ug/L",,12.585,47.685
20180707RANKL03,RANKL03,7/7/2018,2018,7,1/0/1900,25.16398,-80.80331,0.4,35,24.1,23.33,24.82,88.69,97.15,,31.38,102.1,6.54,41.03,26.08,8.18,,,,,,,ZWF,ZWF,ZWF,"17.36,19.16 SFWMD chlA ug/L",,24.075,92.92
20180707SID02,SID02,7/7/2018,2018,7,1/0/1900,25.03263,-80.8063,0.9,90,2.38,0.83,0.73,30.47,36.31,0.54,30.97,117.8,7.22,53.07,34.83,8.35,,,,,,,ZWF,ZWF,ZWF,"0.75,0.67 SFWMD chlA ug/L",,0.78,33.39
20180707SNB02,SNB02,7/7/2018,2018,7,1/0/1900,25.13515,-80.85403,0.7,71,26.9,2.44,2.35,37.21,31.79,1.854,30.6,79.6,4.9,52.68,34.55,7.9,,,,,,,ZWF,ZWF,ZWF,"1.85,1.65 SFWMD chlA ug/L",,2.395,34.5
20180707TB01,TB01,7/7/2018,2018,7,1/0/1900,25.15732,-80.7248,0.6,31,31.2,18.49,20.37,78.34,77.49,2.42,31.2,87.3,5.84,34.36,21.46,8.35,,,,,,,ZWF,ZWF,ZWF,"19.85,20.40 SFWMD chlA ug/L",,19.43,77.915
20180707WHIP02,WHIP02,7/7/2018,2018,7,1/0/1900,25.07163,-80.76481,1.8,180,2.02,0.86,0.78,35.2,29.79,0.42,30.47,84.2,5.25,51.09,33.38,8.24,30.46,83.8,5.24,51.12,30.4,8.25,ZWF,ZWF,ZWF,"0.64,0.69 SFWMD chlA ug/L",,0.82,32.495
20180708BLUE02,BLUE02,7/8/2018,2018,7,1/0/1900,24.99477,-80.92733,2,200,1.72,0.66,0.63,13.32,16.95,0.2493,30.5,84.4,5.21,53.69,35.3,8.12,30.5,84.3,5.21,53.68,35.3,8.12,ZWF,ZWF,ZWF,,,0.645,15.135
20180708CAL01,CAL01,7/8/2018,2018,7,1/0/1900,25.05908,-80.71185,1.8,180,2.1,0.88,0.91,32.75,36.31,0.6178,31.15,95.6,5.89,52.05,34.07,8.22,31.16,97.3,6,52.06,34.07,8.25,ZWF,ZWF,ZWF,,,0.895,34.53
20180708CON01,CON01,7/8/2018,2018,7,1/0/1900,25.11864,-80.93964,2.9,115,11.1,3.9,4.06,8.44,5.52,0.9807,30.66,87,5.34,54.73,36.07,7.97,30.67,86.5,5.31,54.72,36.06,7.97,ZWF,ZWF,ZWF,,,3.98,6.98
20180708CROC01,CROC01,7/8/2018,2018,7,1/0/1900,25.12794,-80.67546,1.1,110,3.68,2.14,2.06,31.08,33.14,,30.15,80.3,5.04,51.39,33.62,8.02,30.15,80.1,5.02,51.4,33.63,8.04,ZWF,ZWF,ZWF,"1.95,1.88 SFWMD chlA ug/L",,2.1,32.11
20180708JOE01,JOE01,7/8/2018,2018,7,1/0/1900,25.21557,-80.53387,1.2,100,9.99,1.39,1.47,73.58,74.58,,29.61,73.6,5.49,8.662,4.8,8.18,29.63,76.7,5.68,9.45,5.26,8.21,ZWF,ZWF,ZWF,,,1.43,74.08
20180708JOHN01,JOHN01,7/8/2018,2018,7,1/0/1900,25.06431,-80.90221,1.1,110,2.46,1.34,1.29,30.92,22.71,0.3884,30.77,80.1,4.92,53.72,35.31,8.03,30.77,80.3,4.69,53.73,35.32,8.04,ZWF,ZWF,ZWF,,,1.315,26.815
20180708JOHN03,JOHN03,7/8/2018,2018,7,1/0/1900,25.03979,-80.91522,1.4,140,2.68,1.01,0.94,17.35,15.56,0.2987,30.66,87.9,5.42,53.86,35.43,8.14,30.66,88.8,5.49,53.87,35.43,8.15,ZWF,ZWF,ZWF,,,0.975,16.455
20180708LIG02,LIG02,7/8/2018,2018,7,1/0/1900,24.96393,-80.69444,2.4,240,2.12,0.91,0.87,33.56,25.74,0.3921,30.68,89.3,5.52,52.87,34.69,8.25,30.69,89.3,5.52,52.86,34.68,8.26,ZWF,ZWF,ZWF,,,0.89,29.65
20180708LMAD01,LMAD01,7/8/2018,2018,7,1/0/1900,25.18507,-80.63444,1,108,9.12,0.77,0.67,57.42,52.31,,29.69,93.5,6.53,25.32,15.35,8.22,32.54,45.1,2.87,37.74,23.7,7.99,ZWF,ZWF,ZWF,,,0.72,54.865
20180708RAB01,RAB01,7/8/2018,2018,7,1/0/1900,25.02009,-80.88972,1,100,1.33,0.8,0.76,34.21,28.43,0.1654,30.64,95.1,5.84,54.78,36.11,8.37,30.65,109.1,6.74,54.92,36.2,8.39,ZWF,ZWF,ZWF,,,0.78,31.32
20180708RAB02,RAB02,7/8/2018,2018,7,1/0/1900,24.97326,-80.87065,1.2,120,2.45,0.76,0.69,11.99,11.69,0.2687,30.66,106.8,6.57,54.39,35.82,8.41,30.67,108.6,6.69,54.38,35.81,8.42,ZWF,ZWF,ZWF,,,0.725,11.84
20180708SPY01,SPY01,7/8/2018,2018,7,1/0/1900,25.02557,-80.72077,2.1,210,3.39,2.07,2.18,41.48,38.13,0.6363,30.49,91.4,5.67,52.69,34.57,8.22,30.49,91,5.64,52.7,34.57,8.23,ZWF,ZWF,ZWF,"2.02,1.91 SFWMD chlA ug/L",,2.125,39.805
20180708TWIN02,TWIN02,7/8/2018,2018,7,1/0/1900,24.98379,-80.80905,2.1,210,1.79,0.56,0.53,31.22,28.82,0.3088,30.53,93.3,5.78,52.78,34.63,8.37,30.54,92.8,5.74,52.79,34.64,8.37,ZWF,ZWF,ZWF,,,0.545,30.02
20180708TWIN03,TWIN03,7/8/2018,2018,7,1/0/1900,25.00409,-80.75515,2,200,1.54,1.59,1.59,28.32,32.41,0.1707,30.58,97.3,6,53.76,35.35,8.35,30.59,97.8,6.04,53.77,35.35,8.36,ZWF,ZWF,ZWF,,,1.59,30.365
20180709BLUE01,BLUE01,7/9/2018,2018,7,1/0/1900,25.02336,-80.92693,1.5,150,3,1.06,0.95,18.68,17.39,,30.37,76.9,4.76,53.77,35.37,8.12,30.37,77.5,4.8,53.81,35.4,8.12,ZWF,ZWF,ZWF,,,1.005,18.035
20180709CAP01,CAP01,7/9/2018,2018,7,1/0/1900,25.00694,-80.64882,2.3,223,3.72,1,0.99,10.68,14.38,,30.52,89.8,5.51,55.2,36.43,8.12,30.52,89.8,5.51,55.19,36.42,8.14,ZWF,ZWF,ZWF,,,0.995,12.53
20180709CON02,CON02,7/9/2018,2018,7,1/0/1900,25.10261,-81.02135,3.1,195,5.78,1.84,1.77,7.82,5.82,,30.79,94.2,5.78,54.43,35.84,8.11,30.74,94.7,5.81,54.42,35.84,8.1,ZWF,ZWF,ZWF,,,1.805,6.82
20180709FNB01,FNB01,7/9/2018,2018,7,1/0/1900,25.0578,-81.01912,3.8,92,13,1.35,1.38,18.46,10.56,,30.65,86.1,5.3,54.03,35.54,8.21,30.58,84.8,5.21,54.03,35.55,8.2,ZWF,ZWF,ZWF,,,1.365,14.51
20180709FNB02,FNB02,7/9/2018,2018,7,1/0/1900,25.05609,-80.98008,1.2,44,32.2,3.7,3.76,10.45,19.91,,30.42,86.9,5.39,53.63,35.26,8.11,30.4,83.4,5.15,53.38,35.08,7.92,ZWF,ZWF,ZWF,,,3.73,15.18
20180709JOHN02,JOHN02,7/9/2018,2018,7,1/0/1900,25.0568,-80.93098,1.3,92,12.4,2.06,1.89,14,18.86,,30.06,82.3,5.12,53.78,35.38,8.2,30.04,83.4,5.16,53.77,35.38,8.19,ZWF,ZWF,ZWF,,,1.975,16.43
20180709LIG01,LIG01,7/9/2018,2018,7,1/0/1900,24.93418,-80.71033,2.7,270,2.33,0.66,0.62,19.79,17.84,,30.44,92.8,5.78,53.17,34.92,8.2,30.44,93.6,5.8,53.19,34.93,8.21,ZWF,ZWF,ZWF,,,0.64,18.815
20180709LIG03,LIG03,7/9/2018,2018,7,1/0/1900,24.96555,-80.72701,2.2,220,2.38,0.71,0.58,24.87,21.96,,30.4,90.6,5.6,54.12,35.61,8.27,30.4,91.5,5.66,54.11,35.62,8.29,ZWF,ZWF,ZWF,,,0.645,23.415
20180709LONG01,LONG01,7/9/2018,2018,7,1/0/1900,24.89891,-80.7663,2.6,260,2.77,0.62,0.61,29.24,23.22,,30.61,94.7,5.87,52.96,34.76,8.25,30.61,95.9,5.94,52.96,34.76,8.26,ZWF,ZWF,ZWF,,,0.615,26.23
20180709LONG02,LONG02,7/9/2018,2018,7,1/0/1900,24.87601,-80.83008,2.6,260,3,0.51,0.53,17.89,19.62,,30.49,90.9,5.57,55.68,36.78,8.22,30.5,91,5.58,55.68,36.78,8.22,ZWF,ZWF,ZWF,,,0.52,18.755
20180709NMB01,NMB01,7/9/2018,2018,7,1/0/1900,25.00141,-80.97929,1.8,190,6.41,0.87,0.81,6.97,6.91,,30.5,93.7,5.79,54.03,35.55,8.21,30.5,97.2,6,54.03,35.55,8.23,ZWF,ZWF,ZWF,,,0.84,6.94
20180709NMB02,NMB02,7/9/2018,2018,7,1/0/1900,24.94757,-80.92912,3.2,320,2.77,0.59,0.58,12.73,10.8,,30.59,92.9,5.74,54.1,35.6,8.3,30.59,93.9,5.79,54.1,35.61,8.3,ZWF,ZWF,ZWF,,,0.585,11.765
20180709NMB03,NMB03,7/9/2018,2018,7,1/0/1900,24.90639,-80.88221,2,200,2.41,0.41,0.37,14.81,16.74,,30.55,84.8,5.21,54.85,36.16,8.25,30.55,85.8,5.28,54.86,36.17,8.26,ZWF,ZWF,ZWF,,,0.39,15.775
20180709PORP01,PORP01,7/9/2018,2018,7,1/0/1900,25.01031,-80.69051,2.3,230,2.83,0.99,1.01,24.9,27.91,,30.53,87.9,5.45,53.26,34.98,8.21,30.55,88.5,5.47,53.24,34.96,8.22,ZWF,ZWF,ZWF,,,1,26.405
20180710CAT01,CAT01,7/10/2018,2018,7,1/0/1900,25.08788,-80.91291,1.3,64,12.4,3.5,3.25,15.69,18.32,1.098,31.56,87,5.26,55.03,36.26,8.17,31.53,90.3,5.46,54.55,35.9,7.6,ZWF,ZWF,ZWF,,,3.375,17.005
20180710END01,END01,7/10/2018,2018,7,1/0/1900,25.10139,-80.7193,1.5,150,3.96,2.22,1.83,36.73,41.73,0.6268,31.2,88,5.42,51.89,33.95,8.24,31.18,86,5.29,51.93,33.97,8.25,ZWF,ZWF,ZWF,,,2.025,39.23
20180710MAD01,MAD01,7/10/2018,2018,7,1/0/1900,25.15085,-80.68201,1.1,72,7.65,8.56,8.31,32.22,30.34,0.6138,32.06,91.9,5.6,51.29,33.47,8.24,31.6,99.3,6.1,51.23,33.44,8.28,ZWF,ZWF,ZWF,,,8.435,31.28
20180710NWHIP01,NWHIP01,7/10/2018,2018,7,1/0/1900,25.12437,-80.74084,1.4,82,4.76,7.29,7.39,42.84,46.04,0.8003,30.85,95.2,5.97,48.78,31.68,8.32,30.85,94,5.89,48.82,31.7,8.34,ZWF,ZWF,ZWF,,,7.34,44.44
20180710RAB03,RAB03,7/10/2018,2018,7,1/0/1900,25.00109,-80.85738,2.1,210,1.68,0.5,0.53,20.49,16.5,0.4407,31.61,105.1,6.36,54.26,35.68,8.33,31.31,115.5,7.03,54.23,35.68,8.37,ZWF,ZWF,ZWF,,,0.515,18.495
20180710RAB04,RAB04,7/10/2018,2018,7,1/0/1900,24.96803,-80.83996,2.1,210,1.08,0.64,0.61,16.45,13.29,0.4459,31.4,99.2,6.01,55.1,36.32,8.31,31.36,106.2,6.43,55.09,36.32,8.34,ZWF,ZWF,ZWF,,,0.625,14.87
20180710RANKB01,RANKB01,7/10/2018,2018,7,1/0/1900,25.14747,-80.77624,0.5,48,19.1,18.61,18.1,59.15,62.4,,30.3,57.3,3.72,43.16,27.64,8.4,,,,,,,ZWF,ZWF,ZWF,,,18.355,60.775
20180710RANKL02,RANKL02,7/10/2018,2018,7,1/0/1900,25.14229,-80.81804,0.7,38,16,12.64,13.41,104.05,100.58,1.692,31.44,66.9,4.28,41.25,26.27,8.1,,,,,,,ZWF,ZWF,ZWF,,,13.025,102.315
20180710RUS01,RUS01,7/10/2018,2018,7,1/0/1900,25.04898,-80.66562,2.1,108,5.37,3.66,4.03,19.4,21.95,0.7805,30.92,98.9,6.09,53.31,35,8.15,31.35,81,4.93,53.89,35.42,8.14,ZWF,ZWF,ZWF,,,3.845,20.675
20180710RUS02,RUS02,7/10/2018,2018,7,1/0/1900,25.08383,-80.6822,1.9,123,5.85,2.49,2.45,17.76,17.95,0.7256,31.17,91.1,5.59,53.16,34.88,8.1,31.19,91.7,5.61,53.15,34.87,8.12,ZWF,ZWF,ZWF,,,2.47,17.855
20180710SID01,SID01,7/10/2018,2018,7,1/0/1900,25.01869,-80.78646,1.1,110,1.94,0.52,0.43,26.66,23.32,0.3696,31.17,79.1,4.83,53.84,35.39,8.28,31.23,86,5.25,53.9,35.43,8.3,ZWF,ZWF,ZWF,,,0.475,24.99
20180710SNB01,SNB01,7/10/2018,2018,7,1/0/1900,25.14094,-80.89358,1.5,33,34.9,14.68,14.56,38.89,38.39,2.54,30.68,65.5,4.03,53.9,35.45,7.99,30.68,63.7,3.92,53.94,35.49,7.98,ZWF,ZWF,ZWF,,,14.62,38.64
20180710WHIP01,WHIP01,7/10/2018,2018,7,1/0/1900,25.10078,-80.75973,1,100,1.42,0.87,0.9,36.9,34.85,0.4823,31.32,106.7,6.56,51.76,33.85,8.42,,,,,,,ZWF,ZWF,ZWF,,,0.885,35.875
20180710WHIP03,WHIP03,7/10/2018,2018,7,1/0/1900,25.04908,-80.76852,1.8,180,1.87,1.28,1.35,30.86,29.6,0.4172,31.13,82.3,5.02,53.79,35.36,8.15,30.99,80.1,4.91,53.81,35.38,8.15,ZWF,ZWF,ZWF,,,1.315,30.23
20180711BBK01,BBK01,7/11/2018,2018,7,1/0/1900,25.15858,-80.62664,1.5,150,3.52,0.45,0.4,15.3,11.93,,30.38,93,6.07,40.32,25.63,8.22,30.67,99.5,6.4,42.44,27.11,8.23,ZWF,ZWF,ZWF,,,0.425,13.615
20180711BBK02,BBK02,7/11/2018,2018,7,1/0/1900,25.12315,-80.59039,1.4,140,2.94,0.56,0.46,10.79,8.64,,30.65,94.9,6.01,46.74,30.2,8.14,30.64,95,6.04,46.73,30.2,8.15,ZWF,ZWF,ZWF,,,0.51,9.715
20180711BLAS01,BLAS01,7/11/2018,2018,7,1/0/1900,25.17002,-80.41676,2.5,238,2.52,1.61,1.48,17.11,19.35,,30.63,92.2,5.76,50.13,32.67,8.12,32.05,66.4,4.02,52.78,34.57,7.92,ZWF,ZWF,ZWF,,,1.545,18.23
20180711BNUT01,BNUT01,7/11/2018,2018,7,1/0/1900,25.07413,-80.52951,2.3,230,2.7,0.55,0.47,5.66,11.15,,31.16,104.3,6.46,50.58,32.99,8.21,31.19,105,6.49,50.6,33,8.22,ZWF,ZWF,ZWF,,,0.51,8.405
20180711BUTT01,BUTT01,7/11/2018,2018,7,1/0/1900,25.11054,-80.45619,2.1,210,1.3,0.68,0.54,16.28,19.58,,31.13,81.5,5.04,51.32,33.53,8.25,31.16,80.7,4.98,51.32,33.53,8.27,ZWF,ZWF,ZWF,,,0.61,17.93
20180711COTT01,COTT01,7/11/2018,2018,7,1/0/1900,24.99599,-80.57914,2.2,220,1.63,0.66,0.64,3.3,7.25,,30.6,91.9,5.64,54.93,36.22,8.12,31.34,79,4.77,56.3,37.21,8.08,ZWF,ZWF,ZWF,,,0.65,5.275
20180711COTT02,COTT02,7/11/2018,2018,7,1/0/1900,24.97996,-80.62521,2.1,210,2.07,0.38,0.41,1.21,6.91,,31.07,86.1,5.2,57.18,37.89,8.06,31.08,88.6,5.35,57.2,37.9,8.08,ZWF,ZWF,ZWF,,,0.395,4.06
20180711DEER01,DEER01,7/11/2018,2018,7,1/0/1900,25.1856,-80.51509,1.3,130,2.21,0.34,0.37,9.3,13.16,,30.5,94.8,6.06,45.23,29.12,8.25,30.52,95.6,6.1,45.27,29.14,8.25,ZWF,ZWF,ZWF,,,0.355,11.23
20180711DUCK01,DUCK01,7/11/2018,2018,7,1/0/1900,25.19007,-80.47406,1.4,140,1.65,0.4,0.32,7.78,14.16,,30.62,86.8,5.49,47.38,30.67,8.23,30.65,88.1,5.57,47.39,30.68,8.25,ZWF,ZWF,ZWF,,,0.36,10.97
20180711DUCK02,DUCK02,7/11/2018,2018,7,1/0/1900,25.15575,-80.48399,1.2,120,1.36,0.32,0.36,4.06,7.64,,31.02,101.2,6.3,49.87,32.47,8.19,31.04,102.1,6.36,49.87,32.47,8.2,ZWF,ZWF,ZWF,"Batophera, Calurpa paspaloides, Acetabularia, Thalassia, Siderastrea radians",,0.34,5.85
20180711EAGLE01,EAGLE01,7/11/2018,2018,7,1/0/1900,25.17865,-80.57343,1.4,140,3.23,0.71,0.67,22.06,17.93,,30.12,100.4,6.75,33.69,20.99,8.31,30.8,98.6,6.53,35.21,22.03,8.3,ZWF,ZWF,ZWF,,,0.69,19.995
20180711JIM01,JIM01,7/11/2018,2018,7,1/0/1900,25.04013,-80.61614,2.3,230,2.09,0.39,0.42,10.82,14.82,,31.23,96.2,5.88,53.54,35.17,8.18,31.35,98.5,6.01,53.63,35.23,8.19,ZWF,ZWF,ZWF,,,0.405,12.82
20180711LBS01,LBS01,7/11/2018,2018,7,1/0/1900,25.21225,-80.4431,1.4,140,2.47,0.5,0.51,28.58,35.27,,30.41,98.2,6.58,33.35,20.75,8.33,33.43,55.6,3.42,41.71,26.46,8.08,ZWF,ZWF,ZWF,,,0.505,31.925
20180711LBUT01,LBUT01,7/11/2018,2018,7,1/0/1900,25.13686,-80.44753,1.9,103,3.96,5.89,5.68,28.14,30.72,,31.06,80.8,5.02,49.99,32.56,8.27,31.11,80.3,4.99,50.06,32.6,8.3,ZWF,ZWF,ZWF,,,5.785,29.43
20180711LONS01,LONS01,7/11/2018,2018,7,1/0/1900,25.23004,-80.45665,1.4,92,8.27,0.55,0.57,44.52,43.48,,30.29,94.9,6.58,24.95,15.08,8.3,32.64,51.2,3.29,34.7,21.63,8.08,ZWF,ZWF,ZWF,,,0.56,44
20180711MANK01,MANK01,7/11/2018,2018,7,1/0/1900,25.08494,-80.60345,2.1,210,1.74,0.46,0.37,12.18,7.39,,30.85,104.1,6.54,48.02,31.13,8.2,31.33,98,6.1,48.99,31.81,8.16,ZWF,ZWF,ZWF,,,0.415,9.785
20180711NEST01,NEST01,7/11/2018,2018,7,1/0/1900,25.16209,-80.53304,1.3,130,4.62,0.42,0.47,10.65,12.97,,30.33,94.2,6.12,41.82,26.69,8.23,32.28,78.1,4.83,46.36,29.88,8.13,ZWF,ZWF,ZWF,,,0.445,11.81
20180711NEST02,NEST02,7/11/2018,2018,7,1/0/1900,25.12744,-80.54179,1.6,160,1.97,0.6,0.59,4.33,10.31,,30.41,99.4,6.35,45.77,29.51,8.21,32.28,132.6,8.12,48.49,31.42,8.19,ZWF,ZWF,ZWF,,,0.595,7.32
20180711SWA01,SWA01,7/11/2018,2018,7,1/0/1900,25.10911,-80.49593,1.8,180,3.51,0.64,0.6,2.16,10.02,,30.84,93.8,5.86,49.56,32.25,8.14,30.85,97.4,6.06,49.6,32.28,8.15,ZWF,ZWF,ZWF,,,0.62,6.09
20180711TAV01,TAV01,7/11/2018,2018,7,1/0/1900,25.01899,-80.56693,2.3,230,2.56,0.48,0.49,8.81,11.69,,31.19,84.1,5.13,54.25,35.69,8.11,31.2,85.1,5.19,54.26,35.7,8.12,ZWF,ZWF,ZWF,,,0.485,10.25
20180718UCB01,UCB01,7/11/2018,2018,7,1/0/1900,25.04362,-80.5537,1.9,190,4.05,0.9,0.86,10.74,10.64,,31.23,91.7,5.61,53.3,34.99,8.18,31.25,91.7,5.61,53.33,35.01,8.19,ZWF,ZWF,ZWF,,,0.88,10.69
20180910CON02,CON02,9/10/2018,2018,9,1/0/1900,25.10246,-81.02103,2.6,40,36.7,18.73,16.98,20.6,18.85,,29.379,83.1,5.17,56.064,37.11,8.01,29.354,81.3,5.06,56.011,37.06,8.1,TAP,TAP,ZWF,,,17.855,19.725
20180910COTT01,COTT01,9/10/2018,2018,9,1/0/1900,24.99578,-80.57914,2.3,230,2.01,0.29,0.26,3.74,0.22,,29.458,87.8,5.48,54.853,36.2,8.64,29.471,87.6,5.48,54.833,36.18,8.62,TAP,TAP,ZWF,,,0.275,1.98
20180910COTT02,COTT02,9/10/2018,2018,9,1/0/1900,24.98027,-80.62483,2.2,220,1.94,0.41,0.34,3,7.55,,29.635,101.1,6.31,54.522,35.95,8.46,29.644,101.6,6.33,54.523,35.95,8.5,TAP,TAP,ZWF,,,0.375,5.275
20180910END01,END01,9/10/2018,2018,9,1/0/1900,25.10241,-80.71947,1.7,180,2.73,2.92,2.89,28.07,23.39,,30.119,106.5,6.72,49.711,32.37,8.38,30.949,113.9,7.03,52.331,34.26,8.38,TAP,TAP,ZWF,,,2.905,25.73
20180910END02,END02,9/10/2018,2018,9,1/0/1900,25.12666,-80.71843,1.7,170,2.01,2.23,1.71,33.57,34.17,,30.552,101.1,6.4,47.416,30.7,8.4,31.199,106.9,6.62,49.61,32.27,8.18,TAP,TAP,ZWF,,,1.97,33.87
20180910FMB01,FNB01,9/10/2018,2018,9,1/0/1900,25.05889,-81.01852,3.1,53,28.1,8.98,6.66,11.75,17.21,,29.209,63.4,3.95,55.754,36.88,8.04,29.215,62.5,3.91,55.637,36.79,8.1,TAP,TAP,ZWF,,,7.82,14.48
20180910FNB02,FNB02,9/10/2018,2018,9,1/0/1900,25.06088,-80.98293,0.7,36,32.5,13.12,13.22,23.7,18,,29.022,68,4.27,55.002,36.32,8.01,,,,,,,TAP,TAP,ZWF,,,13.17,20.85
20180910JOHN01,JOHN01,9/10/2018,2018,9,1/0/1900,25.06182,-80.9032,1,80,7.78,13.8,14.01,26.94,23.6,,29.116,45.7,2.85,56.064,37.12,7.99,29.13,45.6,2.86,56.047,37.1,7.91,TAP,TAP,ZWF,,,13.905,25.27
20180910JOHN02,JOHN02,9/10/2018,2018,9,1/0/1900,25.05705,-80.93069,1.2,47,20.1,17.5,15.52,20.93,25.33,,29.29,73.1,4.57,55.32,36.55,8.08,29.276,59.3,3.98,54.141,35.71,7.58,TAP,TAP,ZWF,,,16.51,23.13
20180910LONG01,LONG01,9/10/2018,2018,9,1/0/1900,24.89927,-80.76618,2.8,280,1.51,0.42,0.36,6.38,13.61,,29.868,98.8,6.13,55.157,36.41,8.35,29.9,98.3,6.09,55.182,36.42,8.45,TAP,TAP,ZWF,,,0.39,9.995
20180910LONG02,LONG02,9/10/2018,2018,9,1/0/1900,24.87623,-80.82948,2.9,290,1.5,0.51,0.48,6.51,4.07,,29.825,87.1,5.39,55.953,37,8.32,29.829,86.9,5.38,55.97,37.02,8.34,TAP,TAP,ZWF,,,0.495,5.29
20180910NMB01,NMB01,9/10/2018,2018,9,1/0/1900,24.99919,-80.97957,1.7,242,4.57,1.76,1.68,29.02,18.49,,29.342,61.3,3.81,56.456,37.4,8.01,29.329,57.3,3.52,56.314,37.29,8.05,TAP,TAP,ZWF,,,1.72,23.755
20180910NMB02,NMB02,9/10/2018,2018,9,1/0/1900,24.94683,-80.92966,2.9,290,1.43,0.69,0.93,25.51,28.08,,29.628,73.3,4.53,57.105,37.88,8.25,29.637,73.7,4.55,57.095,37.87,8.2,TAP,TAP,ZWF,,,0.81,26.795
20180910NMB03,NMB03,9/10/2018,2018,9,1/0/1900,24.90598,-80.88206,1.8,180,1.15,0.64,0.69,23.17,23.86,,29.47,65.7,4.08,56.523,37.45,8.23,29.471,64.8,4.02,56.538,37.46,8.26,TAP,TAP,ZWF,,,0.665,23.515
20180911CAL01,CAL01,9/11/2018,2018,9,1/0/1900,25.05957,-80.71178,2,125,5.61,3.24,3.25,34.4,34.29,,29.86,82.5,5.17,52.77,34.64,8.18,29.88,82.8,5.18,52.79,34.66,8.2,ZWF,TAP,ZWF,,,3.245,34.345
20180911CON01,CON01,9/11/2018,2018,9,1/0/1900,25.11794,-80.94006,2.2,30,63.2,23.83,21.56,12.05,21.72,,28.89,74.6,4.68,56.15,37.19,7.97,28.81,75.3,4.73,56.16,37.2,7.96,ZWF,TAP,ZWF,,,22.695,16.885
20180911CROC01,CROC01,9/11/2018,2018,9,1/0/1900,25.12962,-80.67383,1.2,130,6.42,2.53,2.52,30.53,29.15,,29.53,85.5,5.59,43.38,27.83,8.24,29.62,81.6,5.33,43.55,27.93,8.28,ZWF,TAP,ZWF,,,2.525,29.84
20180911LMAD01,LMAD01,9/11/2018,2018,9,1/0/1900,25.18486,-80.63537,1.3,130,5.04,0.81,0.75,55.66,56.15,,30.04,92.1,6.48,21.46,12.79,8.45,31.4,55.1,3.64,33.05,20.53,8.21,ZWF,TAP,ZWF,,,0.78,55.905
20180911MAD01,MAD01,9/11/2018,2018,9,1/0/1900,25.15025,-80.68199,1.3,65,14,6.35,6.65,26.52,35.37,,29.29,88.8,5.82,43.94,28.23,8.28,29.28,89,5.83,43.93,28.22,8.34,ZWF,TAP,ZWF,,,6.5,30.945
20180911RANKL01,RANKL01,9/11/2018,2018,9,1/0/1900,25.1226,-80.81361,1.3,38,18,24.23,24.26,47.45,38.14,,29.22,72.7,4.57,54.26,35.77,8.06,29.17,71.7,4.51,54.32,35.82,8.06,ZWF,TAP,ZWF,,,24.245,42.795
20180911RUS01,RUS01,9/11/2018,2018,9,1/0/1900,25.05055,-80.66628,2.3,153,5.17,0.67,0.68,24.35,17.6,,29.59,85.1,5.4,50.76,33.17,8.2,29.62,85.3,5.41,50.8,33.21,8.24,ZWF,TAP,ZWF,,,0.675,20.975
20180911RUS02,RUS02,9/11/2018,2018,9,1/0/1900,25.08381,-80.68178,2,200,3.52,0.87,0.88,21.31,29.13,,29.77,94.7,6.04,49.28,32.08,8.28,29.76,95.7,6.09,49.31,32.11,8.3,ZWF,TAP,ZWF,,,0.875,25.22
20180911SNB01,SNB01,9/11/2018,2018,9,1/0/1900,25.14088,-80.89363,1.5,45,31.6,18.27,19.17,21.58,30.25,,28.88,87.7,5.52,55.52,36.72,8.08,28.88,87.2,5.49,55.51,36.71,8.08,ZWF,TAP,ZWF,,,18.72,25.915
20180911SPY01,SPY01,9/11/2018,2018,9,1/0/1900,25.02624,-80.72098,2.2,220,2.21,1.16,1.24,21.14,17.21,,29.76,88.3,5.49,55.09,36.37,8.27,29.79,88,5.46,55.23,36.48,8.32,ZWF,TAP,ZWF,,,1.2,19.175
20180911TB01,TB01,9/11/2018,2018,9,1/0/1900,25.15741,-80.72485,0.8,68,13.1,11.12,10.12,70.28,73.21,,29.74,66.2,4.37,40.05,25.47,8,,,,,,,ZWF,TAP,ZWF,,,10.62,71.745
20180911WHIP01,WHIP01,9/11/2018,2018,9,1/0/1900,25.09371,-80.76589,1.8,45,10.8,28.28,30.03,44.27,50.58,,29.63,62,3.9,52.1,34.16,8.09,29.61,61.1,3.81,52.12,34.17,8.09,ZWF,TAP,ZWF,,,29.155,47.425
20180911WHIP02,WHIP02,9/11/2018,2018,9,1/0/1900,25.07414,-80.76359,1.8,60,6.32,14.38,14.27,43.57,51.02,,29.91,82.3,5.15,52.89,34.73,8.3,29.91,81.5,5.1,52.9,34.74,8.31,ZWF,TAP,ZWF,,,14.325,47.295
20180911WHIP03,WHIP03,9/11/2018,2018,9,1/0/1900,25.04913,-80.76656,2,85,5.48,8.58,9.05,33.24,38.41,,29.71,73.4,4.56,54.72,36.1,8.11,29.72,72.3,4.51,54.76,36.12,8.13,ZWF,TAP,ZWF,,,8.815,35.825
20180912CAT01,CAT01,9/12/2018,2018,9,1/0/1900,25.08794,-80.91323,1.3,45,34.4,3.17,3,26.05,27.23,,29.07,76.9,4.81,56.13,37.17,7.99,29.07,76.2,4.76,56.13,37.17,7.99,ZWF,TAP,ZWF,,,3.085,26.64
20180912CAT02,CAT02,9/12/2018,2018,9,1/0/1900,25.09865,-80.87182,1.1,50,30.1,2.41,2.67,23.58,32.22,,29.69,67.8,4.2,56.14,37.16,8.06,29.72,67.5,4.18,56.16,37.17,8.08,ZWF,TAP,ZWF,,,2.54,27.9
20180912COR01,COR01,9/12/2018,2018,9,1/0/1900,25.02779,-80.76828,1.8,113,5.75,5.17,5.73,29.56,32.54,,30.1,84,5.18,55.55,36.7,8.22,30.02,84.9,5.24,55.63,36.75,8.23,ZWF,TAP,ZWF,,,5.45,31.05
20180912NWHIP01,NWHIP01,9/12/2018,2018,9,1/0/1900,25.12461,-80.74086,1.6,95,4.95,7.33,6.07,36.93,34.72,,29.57,89.1,5.71,48.27,31.37,8.32,29.94,79.6,5.04,49.72,32.39,8.39,ZWF,TAP,ZWF,,,6.7,35.825
20180912NWHIP02,NWHIP02,9/12/2018,2018,9,1/0/1900,25.12466,-80.76525,1.3,50,9.91,22.34,22.21,48.68,50.09,,29.73,56.7,3.6,49.9,32.54,8.16,29.74,55.7,3.53,49.92,32.59,8.23,ZWF,TAP,ZWF,,,22.275,49.385
20180912PEL01,PEL01,9/12/2018,2018,9,1/0/1900,25.06902,-80.82343,1.3,68,6.94,15.42,17.93,30.28,38.93,,29.66,66.4,4.12,55.83,36.93,7.96,29.65,66.9,4.15,55.83,36.92,7.97,ZWF,TAP,ZWF,,,16.675,34.605
20180912PEL02,PEL02,9/12/2018,2018,9,1/0/1900,25.09202,-80.82228,1,60,13.1,14.36,12.51,42.32,34.06,,29.78,72.3,4.47,55.92,36.99,7.97,29.79,73.6,4.56,55.91,36.98,7.99,ZWF,TAP,ZWF,,,13.435,38.19
20180912PEL03,PEL03,9/12/2018,2018,9,1/0/1900,25.06138,-80.85206,1.1,82,7.01,11.53,12.84,27.23,35.79,,29.53,59.4,3.69,56.17,37.18,7.93,29.54,59.3,3.68,56.16,37.17,7.94,ZWF,TAP,ZWF,,,12.185,31.51
20180912RANKB01,RANKB01,9/12/2018,2018,9,1/0/1900,25.14947,-80.77936,0.6,50,14.4,18.05,17.84,54.08,51.86,,29.5,62.7,4.02,48.22,31.32,8.39,,,,,,,ZWF,TAP,ZWF,,,17.945,52.97
20180912RANKL02,RANKL02,9/12/2018,2018,9,1/0/1900,25.14201,-80.81831,1,35,19.7,32.66,36.03,59.69,55.23,,29.68,51.2,3.2,53.44,35.15,8.12,29.67,49.8,3.11,53.5,35.21,8.15,ZWF,TAP,ZWF,,,34.345,57.46
20180912RANKL03,RANKL03,9/12/2018,2018,9,1/0/1900,25.16354,-80.8034,0.7,35,17.1,22,21.91,66.16,68.99,,29.55,66.3,4.27,46.61,30.15,8.24,,,,,,,ZWF,TAP,ZWF,,,21.955,67.575
20180912SID01,SID01,9/12/2018,2018,9,1/0/1900,25.01877,-80.78677,1.2,63,9.79,14.47,13.24,38.35,35.05,,29.9,55.3,3.43,55.39,36.59,8.04,29.85,59.1,3.67,55.41,36.61,8.06,ZWF,ZWF,ZWF,,,13.855,36.7
20180912SID02,SID02,9/12/2018,2018,9,1/0/1900,25.03226,-80.80627,1.2,50,10.7,22.84,25.02,45.55,45.26,,30,53.7,3.32,54.82,36.16,7.95,29.94,52.7,3.27,54.81,36.16,7.96,ZWF,TAP,ZWF,,,23.93,45.405
20180912SNB02,SNB02,9/12/2018,2018,9,1/0/1900,25.13475,-80.85416,1,62,14.2,5.04,5.33,36.33,28.03,,29.28,36.6,2.29,56.15,37.17,7.19,29.26,35.3,2.19,56.14,37.17,7.9,ZWF,TAP,ZWF,,,5.185,32.18
20180913BLUE01,BLUE01,9/13/2018,2018,9,1/0/1900,25.02312,-80.92757,1.7,100,11,5.18,5.43,27.62,33.05,,30.399,70.2,4.3,56.063,37.07,7.97,30.461,70.2,4.3,56.069,37.07,7.98,TAP,TAP,ZWF,,,5.305,30.335
20180913BLUE02,BLUE02,9/13/2018,2018,9,1/0/1900,24.99418,-80.92714,1.6,140,3.65,9.93,9.4,35.31,29.99,,30.185,70.2,4.32,55.928,36.98,8.08,30.181,70.4,4.34,55.93,36.98,8.07,TAP,TAP,ZWF,,,9.665,32.65
20180913CAP01,CAP01,9/13/2018,2018,9,1/0/1900,25.0068,-80.64721,2.2,220,2.15,0.52,0.35,3.2,9.67,,29.922,104.1,6.46,55.065,36.33,8.31,30.182,95.6,5.91,54.192,35.71,8.35,TAP,TAP,ZWF,,,0.435,6.435
20180913JOHN03,JOHN03,9/13/2018,2018,9,1/0/1900,25.03948,-80.9153,1.5,76,10.4,9.12,8.17,22.19,26.73,,30.554,78.6,4.81,56.033,37.04,8.05,30.547,79,4.83,56.048,37.05,8.06,TAP,TAP,ZWF,,,8.645,24.46
20180913LIG01,LIG01,9/13/2018,2018,9,1/0/1900,24.93368,-80.70988,2.7,270,1.23,0.36,0.29,3.22,3.93,,30.015,97.2,6,55.844,36.92,8.25,30.017,98.3,6.07,55.883,36.95,8.27,TAP,TAP,ZWF,,,0.325,3.575
20180913LIG02,LIG02,9/13/2018,2018,9,1/0/1900,24.96389,-80.69431,2.5,250,1.57,0.46,0.44,16.8,12.48,,30.241,94.7,5.81,56.3,37.25,8.27,30.246,95.1,5.84,56.303,37.26,8.29,TAP,TAP,ZWF,,,0.45,14.64
20180913LIG03,LIG03,9/13/2018,2018,9,1/0/1900,24.96576,-80.72733,2.2,220,1.67,0.43,0.49,29.12,21.59,,30.153,82.9,5.1,56.329,37.28,8.19,30.167,83.3,5.12,56.344,37.29,8.21,TAP,TAP,ZWF,,,0.46,25.355
20180913PORP01,PORP01,9/13/2018,2018,9,1/0/1900,25.01003,-80.68956,2.3,230,2.39,0.55,0.51,20.33,19.79,,29.966,107.4,6.73,54.036,35.58,8.25,30.32,90.8,5.59,55.31,36.51,8.25,TAP,TAP,ZWF,,,0.53,20.06
20180913RAB01,RAB01,9/13/2018,2018,9,1/0/1900,25.02011,-80.88973,1,95,4.41,11.21,12.69,23.07,20.78,,30.586,52.8,3.21,55.983,37,8.05,30.577,56.2,3.41,55.965,36.99,8.06,TAP,TAP,ZWF,,,11.95,21.925
20180913RAB02,RAB02,9/13/2018,2018,9,1/0/1900,24.97298,-80.87065,1.7,118,3.53,8.35,9.2,25.8,23.45,,30.418,83.2,5.08,57.006,37.78,8.1,30.436,85,5.19,57.003,37.77,8.1,TAP,TAP,ZWF,,,8.775,24.625
20180913RAB03,RAB03,9/13/2018,2018,9,1/0/1900,25.00101,-80.85744,2.1,108,3.41,11.52,9.31,37.12,38.24,,30.459,63.5,3.88,56.346,37.28,8.11,30.37,60.5,3.71,56.387,37.31,8.09,TAP,TAP,ZWF,,,10.415,37.68
20180913RAB04,RAB04,9/13/2018,2018,9,1/0/1900,24.96725,-80.84052,2.2,104,3.12,9.5,9.42,29.12,35.38,,30.229,64.3,3.92,57.077,37.84,7.98,30.215,56,3.4,57.123,37.87,7.97,TAP,TAP,ZWF,,,9.46,32.25
20180913TWIN01,TWIN01,9/13/2018,2018,9,1/0/1900,24.96039,-80.78067,2.6,260,2.21,0.8,0.58,25.35,29.64,,30.285,66.1,4.05,56.636,37.5,8.19,30.284,65.8,4.03,56.65,37.52,8.2,TAP,TAP,ZWF,,,0.69,27.495
20180913TWIN02,TWIN02,9/13/2018,2018,9,1/0/1900,24.98335,-80.80921,2.2,170,2.62,5.06,4.29,34.86,38.73,,30.467,86.1,5.26,56.132,37.12,8.26,30.461,86.8,5.31,56.152,37.14,8.28,TAP,TAP,ZWF,,,4.675,36.795
20180913TWIN03,TWIN03,9/13/2018,2018,9,1/0/1900,25.00361,-80.75431,2.1,210,2.53,2.26,1.92,46.8,45.16,,30.226,77.2,4.75,55.718,36.82,8.22,30.244,77.1,4.74,55.747,36.83,8.25,TAP,TAP,ZWF,,,2.09,45.98
20180914BBK01,BBK01,9/14/2018,2018,9,1/0/1900,25.15922,-80.62538,1.7,170,2.79,0.71,0.7,27.22,26.17,,30.44,96.8,6.56,30.233,18.53,8.02,32.06,94.8,6.04,39.7,25.13,8,TAP,ZWF,ZWF,,,0.705,26.695
20180914BBK02,BBK02,9/14/2018,2018,9,1/0/1900,25.12315,-80.5899,1.6,160,1.4,0.47,0.41,7.81,6.7,,30.671,105.9,6.88,40.526,25.76,8.01,32.615,102.5,6.31,45.905,29.53,7.97,TAP,TAP,ZWF,,,0.44,7.255
20180914BLAS01,BLAS01,9/14/2018,2018,9,1/0/1900,25.17027,-80.41749,2.6,260,1.54,0.8,0.71,28.49,26.4,,30.44,95,6.04,47.595,30.83,7.78,31.55,57.1,3.5,51.459,33.61,7.59,TAP,TAP,ZWF,,,0.755,27.445
20180914BNUT01,BNUT01,9/14/2018,2018,9,1/0/1900,25.07434,-80.52995,2.4,240,1.51,0.55,0.48,7.81,10.03,,31.461,92.7,5.72,50.488,32.9,7.87,31.425,95,5.86,50.509,32.92,7.93,TAP,TAP,ZWF,,,0.515,8.92
20180914BUTT01,BUTT01,9/14/2018,2018,9,1/0/1900,25.11024,-80.45645,2.3,230,1.13,0.33,0.39,19.84,27.88,,30.932,90.7,5.59,52.791,34.62,7.74,30.961,86.1,5.31,52.788,34.61,7.8,TAP,TAP,ZWF,,,0.36,23.86
20180914DEER01,DEER01,9/14/2018,2018,9,1/0/1900,25.18588,-80.51369,1.5,150,2.76,0.63,0.74,24.45,19.74,,30.66,100.5,6.47,42.999,27.59,7.94,31.074,90.5,5.68,45.833,29.56,7.95,TAP,TAP,ZWF,,,0.685,22.095
20180914DUCK01,DUCK01,9/14/2018,2018,9,1/0/1900,25.18929,-80.47358,1.5,150,1.88,0.54,0.43,24.87,17.12,,31.079,95.5,6.01,48.033,31.12,7.86,31.104,97.1,6.08,48.062,31.14,7.97,TAP,TAP,ZWF,,,0.485,20.995
20180914DUCK02,DUCK02,9/14/2018,2018,9,1/0/1900,25.15524,-80.48331,1.4,140,1.5,0.44,0.3,7.17,3.95,,31.317,124.2,7.69,50.172,32.68,8,31.33,126,7.78,50.175,32.68,8.04,TAP,TAP,ZWF,,,0.37,5.56
20180914EAGLE01,EAGLE01,9/14/2018,2018,9,1/0/1900,25.17776,-80.57283,1.6,160,4.22,0.68,0.64,29.16,28.89,,30.59,93.9,6.24,34.658,21.68,7.93,32.199,62.3,3.9,40.981,25.9,7.86,TAP,TAP,ZWF,,,0.66,29.025
20180914JIM01,JIM01,9/14/2018,2018,9,1/0/1900,25.04016,-80.61572,2.4,240,1.92,0.41,0.24,3.68,9.12,,30.747,103.5,6.46,50.222,32.76,7.93,31.72,104,6.32,53.358,35.02,7.97,TAP,TAP,ZWF,,,0.325,6.4
20180914JOE01,JOE01,9/14/2018,2018,9,1/0/1900,25.21563,-80.53387,1.5,60,23.2,3.17,3.1,53,54.01,,30.196,82.1,6.05,7.001,3.79,8.23,30.097,79.8,5.89,7.364,3.99,8.17,TAP,TAP,ZWF,,,3.135,53.505
20180914LBS01,LBS01,9/14/2018,2018,9,1/0/1900,25.21222,-80.44322,1.6,160,1.88,0.55,0.58,50.31,47.92,,30.279,94.3,6.49,26.656,16.22,7.99,32.769,60.4,3.73,43.313,27.69,7.76,TAP,TAP,ZWF,,,0.565,49.115
20180914LBUT01,LBUT01,9/14/2018,2018,9,1/0/1900,25.13706,-80.44794,2.1,215,2.1,1.74,1.5,27.98,28,,31.261,88.7,5.45,51.893,33.95,7.81,31.302,88.1,5.41,51.903,33.95,7.84,TAP,TAP,ZWF,,,1.62,27.99
20180914LONS01,LONS01,9/14/2018,2018,9,1/0/1900,25.23079,-80.45679,1.5,150,2.32,0.76,0.69,46.54,48.53,,30.467,93.4,6.55,20.465,12.14,8.03,33.961,87.8,5.63,32.529,20.41,7.67,TAP,TAP,ZWF,,,0.725,47.535
20180914MANK01,MANK01,9/14/2018,2018,9,1/0/1900,25.08402,-80.60403,2.2,220,1.5,0.46,0.36,18.76,10.77,,30.229,97.7,6.3,43.991,28.23,7.96,32.47,101.2,6.17,49.396,32.07,7.94,TAP,TAP,ZWF,,,0.41,14.765
20180914NEST01,NEST01,9/14/2018,2018,9,1/0/1900,25.1623,-80.53324,1.4,140,2.9,0.49,0.36,16.43,14.97,,30.58,97.1,6.44,37.34,23.58,7.95,31.772,104.4,6.55,44.502,28.54,7.98,TAP,TAP,ZWF,,,0.425,15.7
20180914NEST02,NEST02,9/14/2018,2018,9,1/0/1900,25.12665,-80.54212,1.8,180,1.66,0.44,0.46,19.57,11.64,,30.351,100.5,6.5,43.033,27.57,7.96,30.864,105.7,6.7,45.435,29.25,7.99,TAP,TAP,ZWF,,,0.45,15.605
20180914SWA01,SWA01,9/14/2018,2018,9,1/0/1900,25.1101,-80.49538,2,200,2.89,0.83,0.84,17.74,21.59,,31.25,90.9,5.62,50.469,32.89,7.86,31.175,92.5,5.73,50.421,32.86,7.89,TAP,TAP,ZWF,,,0.835,19.665
20180914TAV01,TAV01,9/14/2018,2018,9,1/0/1900,25.01876,-80.5671,2.4,240,2.36,1.11,0.91,7.52,8.86,,31.101,103,6.29,55.371,36.53,7.89,31.109,104.9,6.37,55.398,36.54,7.95,TAP,TAP,ZWF,,,1.01,8.19
20180914UCB01,UCB01,9/14/2018,2018,9,1/0/1900,25.04333,-80.55344,2.1,210,2.82,0.32,0.29,8.25,4.8,,31.199,97.5,5.97,53.255,34.96,7.91,31.15,105.5,6.46,53.547,35.17,7.95,TAP,TAP,ZWF,,,0.305,6.525
20190219CAL01,CAL01,2/19/2019,2019,2,1/0/1900,25.05926,-80.71152,1.7,90,7.72,0.83,0.59,36.05,24.64,,25.88,104.3,6.93,54.1,35.75,8.13,25.87,104.3,6.93,54.12,35.77,8.13,ZWF,ZWF,ZWF,,,0.71,30.345
20190219CON01,CON01,2/19/2019,2019,2,1/0/1900,25.11877,-80.93942,2.5,20,58.3,10.43,6.67,15.18,25.73,,25.7,81.8,5.47,50.76,33.29,7.76,25.62,80,5.42,50.73,33.26,7.76,ZWF,ZWF,ZWF,,,8.55,20.455
20190219CON02,CON02,2/19/2019,2019,2,1/0/1900,25.10303,-81.01759,2.9,20,83.1,8.52,7.53,33.35,32.71,,25.47,102.1,6.9,51.74,34.01,7.92,25.44,101.4,6.86,51.72,34,7.93,ZWF,ZWF,ZWF,,,8.025,33.03
20190219CROC01,CROC01,2/19/2019,2019,2,1/0/1900,25.12865,-80.67532,1.1,110,6.21,0.88,1.01,34.92,31.13,,26.37,94.5,6.31,50.69,33.21,7.98,26.37,94,6.29,50.67,33.2,8,ZWF,ZWF,ZWF,,,0.945,33.025
20190219END02,END02,2/19/2019,2019,2,1/0/1900,25.1267,-80.71822,1.6,160,2.52,4.53,4.66,43.24,64.01,,25.99,102.5,6.84,52.65,34.67,7.94,26,102.1,6.81,52.66,34.68,7.95,VMA,ZWF,ZWF,,,4.595,53.625
20190219JOE01,JOE01,2/19/2019,2019,2,1/0/1900,25.21546,-80.53393,1.2,60,14.9,1.07,1.26,21.16,26.38,,26.08,82.9,5.61,48.85,31.87,7.96,25.93,81.8,5.55,49.05,32.02,7.98,ZWF,ZWF,ZWF,,,1.165,23.77
20190219JOHN03,JOHN03,2/19/2019,2019,2,1/0/1900,25.04019,-80.91513,1.1,40,22.7,5.26,3.86,28.16,26.72,,26.52,98.3,6.54,50.91,33.4,7.92,26.53,98.1,6.54,50.91,33.37,7.92,ZWF,ZWF,ZWF,,,4.56,27.44
20190219LIG03,LIG03,2/19/2019,2019,2,1/0/1900,24.96685,-80.72683,2.1,230,3.54,0.69,0.48,24.26,24.2,,25.97,99.3,6.6,53.47,35.28,8.1,25.96,99.2,6.68,53.48,35.29,8.1,ZWF,ZWF,ZWF,,,0.585,24.23
20190219LMAD01,LMAD01,2/19/2019,2019,2,1/0/1900,25.1846,-80.63456,1.1,110,7.33,0.56,0.43,28.48,22.46,,26.37,102,7.23,36.06,22.73,8.16,26.54,98.2,6.93,36.45,22.98,8.14,ZWF,ZWF,ZWF,,,0.495,25.47
20190219LONG01,LONG01,2/19/2019,2019,2,1/0/1900,24.89897,-80.76617,2.4,,2.94,0.49,0.56,17.14,16.62,,25.74,101.9,6.77,54.82,36.29,8.06,25.73,102,6.78,54.83,36.3,8.07,ZWF,ZWF,ZWF,,,0.525,16.88
20190219MAD01,MAD01,2/19/2019,2019,2,1/0/1900,25.15096,-80.68188,1.1,110,2.78,0.65,0.65,18.54,24.43,,25.91,96.1,6.46,50.95,33.42,7.98,25.91,95.9,6.46,50.99,33.45,8,ZWF,ZWF,ZWF,,,0.65,21.485
20190219NWHIP01,NWHIP01,2/19/2019,2019,2,1/0/1900,25.124613,-80.740633,0.8,80,2.29,1.88,1.99,47.82,45.39,,26.23,99.4,6.6,52.9,34.85,7.98,26.21,98.6,6.54,52.93,34.88,7.99,VMA,ZWF,ZWF,,,1.935,46.605
20190219NWHIP02,NWHIP02,2/19/2019,2019,2,1/0/1900,25.124613,-80.764974,1,100,1.77,1.88,1.22,47.77,50.78,,26.69,100,6.59,53.07,34.95,8.02,26.69,100.7,6.63,53.03,34.93,8.03,VMA,ZWF,ZWF,,,1.55,49.275
20190219PORP01,PORP01,2/19/2019,2019,2,1/0/1900,25.01033,-80.6899,2.2,220,2.86,0.42,0.5,26.48,30.17,,25.56,103.5,6.91,54.27,35.88,8.04,25.56,103.3,6.89,54.26,35.88,8.04,ZWF,ZWF,ZWF,,,0.46,28.325
20190219RANKB01,RANKB01,2/19/2019,2019,2,1/0/1900,25.14958,-80.77919,0.6,50,15.2,20.78,19.59,50.66,44.19,,26.92,96.9,6.29,52.26,36.59,7.96,26.92,96.7,6.29,55.27,36.6,7.96,VMA,ZWF,ZWF,,,20.185,47.425
20190219RANKL01,RANKL01,2/19/2019,2019,2,1/0/1900,25.12264,-80.81396,1.2,50,25.9,2.89,2.89,44.22,41.82,,26.92,97.1,6.44,50.5,33.06,8.09,26.93,97.3,6.47,50.51,33.07,8.1,VMA,ZWF,ZWF,,,2.89,43.02
20190219RANKL02,RANKL02,2/19/2019,2019,2,1/0/1900,25.14232,-80.81821,0.8,30,57.2,10.08,12.77,45.51,42.71,,26.91,95.2,6.38,47.9,31.16,8.02,26.9,93.6,6.28,47.86,31.12,8.02,VMA,ZWF,ZWF,,,11.425,44.11
20190219RANKL03,RANKL03,2/19/2019,2019,2,1/0/1900,25.16367,-80.803411,0.5,40,24.2,34.17,32.49,56.98,54.49,,27.23,101,6.7,49.09,32.02,8.01,27.23,100.4,6.65,49.07,32.01,8.02,VMA,ZWF,ZWF,,,33.33,55.735
20190219RUS01,RUS01,2/19/2019,2019,2,1/0/1900,25.04926,-80.66548,2.1,210,3.57,0.39,0.41,29.1,29.05,,25.38,99.2,6.68,53.02,34.97,8.02,25.37,99.4,6.69,53.04,34.97,8.02,ZWF,ZWF,ZWF,,,0.4,29.075
20190219RUS02,RUS02,2/19/2019,2019,2,1/0/1900,25.08424,-80.68118,1.9,190,2.89,0.39,0.36,24.79,22.97,,25.65,93.4,6.28,52.36,34.47,7.98,25.66,93.2,6.26,52.38,34.48,7.98,ZWF,ZWF,ZWF,,,0.375,23.88
20190219SPY01,SPY01,2/19/2019,2019,2,1/0/1900,25.02657,-80.7203,2,200,2.9,0.55,0.63,30.2,33.58,,25.79,104.2,6.94,54.02,35.69,8.12,25.77,104.3,6.95,54.04,35.71,8.13,ZWF,ZWF,ZWF,,,0.59,31.89
20190219TB01,TB01,2/19/2019,2019,2,1/0/1900,25.157229,-80.724641,0.6,60,4.82,3.23,3.37,69.23,54.45,,27.34,83.9,5.52,50.41,33,7.81,27.38,83.7,5.51,50.76,33.24,7.83,VMA,ZWF,ZWF,,,3.3,61.84
20190219WHIP01,WHIP01,2/19/2019,2019,2,1/0/1900,25.1008,-80.75969,1.8,180,2.4,0.53,0.45,35.37,40.87,,26.79,105.1,6.9,53.29,35.13,8.13,26.76,104.8,6.88,53.35,35.17,8.13,VMA,ZWF,ZWF,,,0.49,38.12
20190219WHIP02,WHIP02,2/19/2019,2019,2,1/0/1900,25.07159,-80.7645,1.8,130,2.94,1.9,1.69,51.26,46.54,,26.51,105.6,7,52.35,34.43,8.12,26.51,106.8,7.1,52.36,34.44,8.13,VMA,ZWF,ZWF,,,1.795,48.9
20190219WHIP03,WHIP03,2/19/2019,2019,2,1/0/1900,25.04943,-80.76859,2,130,7.76,0.78,0.67,36.48,37.08,,26.8,111.3,7.29,54.04,35.68,8.15,26.79,111.2,7.29,54.03,35.67,8.16,VMA,ZWF,ZWF,,,0.725,36.78
20190222BLUE01,BLUE01,2/22/2019,2019,2,1/0/1900,25.02268,-80.93011,1,40,4.36,12.28,11.59,66.2,45.93,,25.701,94.5,6.11,51.758,34.01,7.88,25.636,86.6,5.84,51.712,33.98,7.87,ZWF,ZWF,ZWF,,,11.935,56.065
20190222BLUE02,BLUE02,2/22/2019,2019,2,1/0/1900,24.99562,-80.92805,1.7,130,7.44,2.71,2.62,41.41,42.72,,25.848,94.5,6.36,51.182,33.59,8.09,25.841,94.8,6.39,51.192,33.59,8.09,ZWF,ZWF,ZWF,,,2.665,42.065
20190222CAP01,CAP01,2/22/2019,2019,2,1/0/1900,25.00738,-80.64713,1.2,170,5.86,0.39,0.33,7.74,8.01,,25.318,95.6,6.36,55.912,37.11,8,25.321,96.1,6.4,55.936,37.13,8.01,ZWF,ZWF,ZWF,,,0.36,7.875
20190222LIG01,LIG01,2/22/2019,2019,2,1/0/1900,24.93551,-80.71136,2.5,250,1.69,0.32,0.28,6.7,12.66,,25.53,95,6.3,55.691,36.94,8.04,25.541,95.1,6.31,55.7,36.95,8.05,ZWF,ZWF,ZWF,,,0.3,9.68
20190222LIG02,LIG02,2/22/2019,2019,2,1/0/1900,24.96618,-80.69489,2.3,230,1.4,0.35,0.48,14.14,23.48,,25.338,95.5,6.36,55.78,37.01,8.05,25.34,95.4,6.36,55.75,36.99,8.05,ZWF,ZWF,ZWF,,,0.415,18.81
20190222LONG02,LONG02,2/22/2019,2019,2,1/0/1900,24.87669,-80.83041,2.7,270,3.3,0.19,0.26,25.64,31.45,,,,,,,,,,,,,,ZWF,ZWF,ZWF,,,0.225,28.545
20190222NMB01,NMB01,2/22/2019,2019,2,1/0/1900,25.00075,-80.98135,1,86,11.5,4.98,4.89,38.04,34.6,,25.867,107.1,7.23,52.031,34.21,7.95,25.85,109,7.31,52.037,34.22,7.96,ZWF,ZWF,ZWF,,,4.935,36.32
20190222NMB02,NMB02,2/22/2019,2019,2,1/0/1900,24.94868,-80.93053,2.7,270,3.34,1,0.9,43.55,39.44,,25.831,104.9,7.02,52.615,34.64,8.19,25.827,105.7,7.07,52.612,34.65,8.19,ZWF,ZWF,ZWF,,,0.95,41.495
20190222NMB03,NMB03,2/22/2019,2019,2,1/0/1900,24.90668,-80.88275,1.8,180,1.87,0.27,0.36,41.46,40.85,,26.07,110.3,7.33,53.406,35.22,8.28,26.064,111.1,7.38,53.404,35.23,8.28,ZWF,ZWF,ZWF,,,0.315,41.155
20190222RAB01,RAB01,2/22/2019,2019,2,1/0/1900,25.02057,-80.89088,0.8,80,4.36,0.72,0.64,50.18,61.48,,25.785,97.7,6.58,51.617,33.91,8.23,,,,,,,ZWF,ZWF,ZWF,,,0.68,55.83
20190222RAB02,RAB02,2/22/2019,2019,2,1/0/1900,24.97368,-80.87131,1.2,120,2.17,0.49,0.44,49.75,54.82,,25.384,82,5.52,52.818,34.81,8.34,25.341,81.1,5.47,52.808,34.8,8.33,ZWF,ZWF,ZWF,,,0.465,52.285
20190222RAB03,RAB03,2/22/2019,2019,2,1/0/1900,25.00297,-80.85858,1.9,190,1.88,0.75,0.59,49.32,65.71,,25.665,94.5,6.35,52.372,34.47,8.19,25.659,94.6,6.35,52.389,34.48,8.19,ZWF,ZWF,ZWF,,,0.67,57.515
20190222RAB04,RAB04,2/22/2019,2019,2,1/0/1900,24.96828,-80.84148,2,200,1.69,0.46,0.55,26.25,31.09,,25.716,95.7,6.42,52.338,34.45,8.28,25.716,95.9,6.44,52.347,34.45,8.28,ZWF,ZWF,ZWF,,,0.505,28.67
20190222TWIN01,TWIN01,2/22/2019,2019,2,1/0/1900,24.9597,-80.78185,2.4,145,5.13,0.45,0.39,37.34,48.38,,25.469,86.6,5.85,52.078,34.26,8.07,25.456,86.7,5.85,52.083,34.26,8.07,ZWF,ZWF,ZWF,,,0.42,42.86
20190222TWIN02,TWIN02,2/22/2019,2019,2,1/0/1900,24.98433,-80.811,2.1,220,3.5,0.57,0.55,41.19,44.3,,25.584,89.9,6.06,52.142,34.3,8.1,25.586,89.9,6.05,52.102,34.27,8.1,ZWF,ZWF,ZWF,,,0.56,42.745
20190222TWIN03,TWIN03,2/22/2019,2019,2,1/0/1900,25.00499,-80.75502,1.9,130,6.54,1.22,1.13,39.96,32.19,,25.426,92,6.18,53.267,35.14,8.14,25.42,92,6.18,53.253,35.13,8.15,ZWF,ZWF,ZWF,,,1.175,36.075
20190224CAT01,CAT01,2/24/2019,2019,2,1/0/1900,25.08851,-80.91306,1.3,,44.9,13.16,11.82,27.23,34.04,,26.36,95.9,6.37,52.07,34.23,7.8,,,,,,,ZWF,ZWF,ZWF,,,12.49,30.635
20190224CAT02,CAT02,2/24/2019,2019,2,1/0/1900,25.09874,-80.8715,1.2,38,35.4,4.64,4.54,29.95,29.54,,26.39,92.4,6.16,51.43,33.75,7.79,,,,,,,ZWF,ZWF,ZWF,,,4.59,29.745
20190224COR01,COR01,2/24/2019,2019,2,1/0/1900,25.02871,-80.76833,1.6,160,1.94,0.44,0.52,18.77,21.51,,26.44,96.8,6.33,55.47,36.76,8,26.43,96.4,6.32,55.48,36.77,8.01,ZWF,ZWF,ZWF,,,0.48,20.14
20190224END01,END01,2/24/2019,2019,2,1/0/1900,25.10201,-80.7191,1.6,160,3.07,0.38,0.38,18.23,17.6,,27.17,101.8,6.63,53.76,35.46,7.97,,,,,,,ZWF,ZWF,ZWF,,,0.38,17.915
20190224JOHN01,JOHN01,2/24/2019,2019,2,1/0/1900,25.06522,-80.90672,0.8,,14.4,4.17,4.28,31.61,28.14,,26.56,93.5,6.18,52.706,34.7,7.96,,,,,,,ZWF,ZWF,ZWF,,,4.225,29.875
20190224JOHN02,JOHN02,2/24/2019,2019,2,1/0/1900,25.05687,-80.92963,1,,90.8,15.46,15.83,31.14,28.03,,26.7,92.7,6.11,52.3,34.4,7.82,,,,,,,ZWF,ZWF,ZWF,,,15.645,29.585
20190224PEL01,PEL01,2/24/2019,2019,2,1/0/1900,25.0697,-80.82344,1.2,120,1.66,0.39,0.42,27.1,25.87,,26.16,82.4,5.44,54.42,35.98,8.05,26.21,86.4,5.73,54.43,35.98,8.08,ZWF,ZWF,ZWF,,,0.405,26.485
20190224PEL02,PEL02,2/24/2019,2019,2,1/0/1900,25.09208,-80.82132,0.9,90,6.39,0.71,0.58,32.32,24.36,,25.96,91.6,6.09,53.49,35.3,8.05,,,,,,,ZWF,ZWF,ZWF,,,0.645,28.34
20190224PEL03,PEL03,2/24/2019,2019,2,1/0/1900,25.06221,-80.85143,0.8,80,1.94,0.72,0.71,27.56,37.86,,26.05,70,4.7,53.67,35.41,7.95,,,,,,,ZWF,ZWF,ZWF,,,0.715,32.71
20190224SID01,SID01,2/24/2019,2019,2,1/0/1900,25.01872,-80.7866,1,100,1.29,0.99,0.99,13.01,20.1,,25.84,86.4,5.73,54.35,35.94,8.02,,,,,,,ZWF,ZWF,ZWF,,,0.99,16.555
20190224SID02,SID02,2/24/2019,2019,2,1/0/1900,25.03227,-80.80614,1.1,110,1.14,0.32,0.26,20.46,22.41,,26.17,88.6,5.84,55.1,36.49,8.06,26.25,95.4,6.27,55.18,33.55,8.11,ZWF,ZWF,ZWF,,,0.29,21.435
20190224SNB01,SNB01,2/24/2019,2019,2,1/0/1900,25.14113,-80.8932,1.2,,84.2,8.21,7.69,45.06,42.55,,28.01,108.6,7.05,51.69,33.9,7.85,,,,,,,ZWF,ZWF,ZWF,,,7.95,43.805
20190224SNB02,SNB02,2/24/2019,2019,2,1/0/1900,25.13475,-80.85339,0.8,,52.1,4.55,4.17,34.23,34.56,,27.05,106.6,7.01,51.7,33.94,7.93,,,,,,,ZWF,ZWF,ZWF,,,4.36,34.395
20190225BBK01,BBK01,2/25/2019,2019,2,1/0/1900,25.15916,-80.62523,1.5,120,7.71,0.49,0.44,18.02,13.16,,26.12,98.8,6.81,43.26,27.82,8.01,26.28,96.9,6.69,43.47,27.97,8.01,ZWF,ZWF,ZWF,,,0.465,15.59
20190225BBK02,BBK02,2/25/2019,2019,2,1/0/1900,25.12308,-80.5896,1.4,155,5.29,0.51,0.43,4.75,7.32,,26.5,97.7,6.58,48.59,31.68,7.96,26.49,97.6,6.57,48.61,31.68,7.96,ZWF,ZWF,ZWF,,,0.47,6.035
20190225BLAS01,BLAS01,2/25/2019,2019,2,1/0/1900,25.17038,-80.41711,2.5,250,1.89,0.42,0.43,12.34,15.98,,26.27,104.2,6.9,53.44,35.25,7.95,26.8,89.8,5.87,54.07,35.7,7.89,ZWF,ZWF,ZWF,,,0.425,14.16
20190225BNUT01,BNUT01,2/25/2019,2019,2,1/0/1900,25.07435,-80.52944,2.2,110,9.01,0.64,0.51,6.76,6.71,,26.48,100,6.7,49.65,32.45,7.93,26.39,100.7,6.75,49.68,32.48,7.94,ZWF,ZWF,ZWF,,,0.575,6.735
20190225BUTT01,BUTT01,2/25/2019,2019,2,1/0/1900,25.11073,-80.45609,2.2,220,2.19,0.47,0.44,12.77,8.25,,26.34,112.7,7.49,52.23,34.35,8.05,27.07,86,5.61,53.86,35.54,7.91,ZWF,ZWF,ZWF,,,0.455,10.51
20190225COTT01,COTT01,2/25/2019,2019,2,1/0/1900,24.99661,-80.57866,2.1,210,1.69,0.33,0.3,1.88,4.4,,26.74,107,6.95,56.08,37.21,7.96,26.74,106.9,6.95,56.1,37.22,7.97,ZWF,ZWF,ZWF,,,0.315,3.14
20190225COTT02,COTT02,2/25/2019,2019,2,1/0/1900,24.98015,-80.62535,1.9,190,2.1,0.31,0.29,1.88,0,,26.53,96.8,6.29,56.73,37.71,7.94,26.54,96.8,6.29,56.74,37.71,7.94,ZWF,ZWF,ZWF,,,0.3,0.94
20190225DEER01,DEER01,2/25/2019,2019,2,1/0/1900,25.18542,-80.51502,1.3,115,8.69,0.59,0.61,12.78,11.62,,26.25,94,6.28,51.44,33.77,7.93,26.23,94.8,6.34,51.41,33.75,7.95,ZWF,ZWF,ZWF,,,0.6,12.2
20190225DUCK01,DUCK01,2/25/2019,2019,2,1/0/1900,25.18999,-80.4738,1.3,130,5.46,0.46,0.44,13.11,11.79,,26.19,99.7,6.63,52.65,34.67,7.98,26.18,99.6,6.63,52.66,34.67,7.98,ZWF,ZWF,ZWF,,,0.45,12.45
20190225DUCK02,DUCK02,2/25/2019,2019,2,1/0/1900,25.15482,-80.48379,1.3,137,7.03,0.62,0.59,15.65,8.59,,26.24,98.5,6.57,51.65,33.93,7.98,26.25,98.5,6.58,51.68,33.94,7.98,ZWF,ZWF,ZWF,,,0.605,12.12
20190225EAGLE01,EAGLE01,2/25/2019,2019,2,1/0/1900,25.1789,-80.57378,1.4,80,12.1,0.69,0.63,18.01,9.61,,26.12,100,6.81,47.26,30.71,8,26.17,99.1,6.74,47.39,30.81,8,ZWF,ZWF,ZWF,,,0.66,13.81
20190225JIM01,JIM01,2/25/2019,2019,2,1/0/1900,25.0399,-80.61607,2.3,195,3.62,0.34,0.31,5.59,9.66,,26.64,94.5,6.23,53.21,35.07,7.92,26.65,94.5,6.22,53.23,35.09,7.92,ZWF,ZWF,ZWF,,,0.325,7.625
20190225LBS01,LBS01,2/25/2019,2019,2,1/0/1900,25.2127,-80.44325,1.4,140,5.2,0.35,0.34,20.44,22.72,,26.48,97.1,6.49,50.24,32.88,8.01,26.49,96.8,6.47,50.26,32.9,8.01,ZWF,ZWF,ZWF,,,0.345,21.58
20190225LBUT01,LBUT01,2/25/2019,2019,2,1/0/1900,25.13732,-80.44788,1.9,190,2.37,0.43,0.4,16.45,16.85,,26.67,98.4,6.46,54.01,35.67,7.99,26.67,98.5,6.46,54.02,35.67,8,ZWF,ZWF,ZWF,,,0.415,16.65
20190225LONS01,LONS01,2/25/2019,2019,2,1/0/1900,25.2303,-80.45737,1.3,130,2.6,0.33,0.26,24.46,20.89,,26.33,98.9,6.68,48.31,31.47,8.01,26.38,98.5,6.63,48.37,31.51,8.02,ZWF,ZWF,ZWF,,,0.295,22.675
20190225MANK01,MANK01,2/25/2019,2019,2,1/0/1900,25.0842,-80.60415,2,120,7.78,0.42,0.34,7.24,15.19,,26.35,100.8,6.81,48.36,31.51,7.96,26.36,100.8,6.81,48.42,31.55,7.96,ZWF,ZWF,ZWF,,,0.38,11.215
20190225NEST01,NEST01,2/25/2019,2019,2,1/0/1900,25.16025,-80.53295,1.3,120,8.21,0.47,0.41,6.15,16.67,,26.25,93.9,6.28,50.89,33.36,7.91,26.25,93.6,6.27,50.88,33.36,7.91,ZWF,ZWF,ZWF,,,0.44,11.41
20190225NEST02,NEST02,2/25/2019,2019,2,1/0/1900,25.12724,-80.5414,1.6,65,17.4,0.83,0.63,11.26,7.61,,26.51,98.5,6.58,50.25,32.89,7.9,26.49,98.3,6.57,50.25,32.88,7.9,ZWF,ZWF,ZWF,,,0.73,9.435
20190225SWA01,SWA01,2/25/2019,2019,2,1/0/1900,25.10963,-80.49592,1.8,180,5.82,0.43,0.47,8.65,11.58,,26.93,105.4,6.97,51.03,33.45,7.98,26.93,105.5,6.97,51.04,33.46,7.98,ZWF,ZWF,ZWF,,,0.45,10.115
20190225TAV01,TAV01,2/25/2019,2019,2,1/0/1900,25.01948,-80.56685,2.2,220,2.12,0.38,0.36,3.31,0.54,,26.64,100.8,6.6,54.57,36.08,7.95,26.64,101.4,6.64,54.6,36.11,7.96,ZWF,ZWF,ZWF,,,0.37,1.925
20190225UCB01,UCB01,2/25/2019,2019,2,1/0/1900,25.04362,-80.55387,1.9,190,3.7,0.34,0.37,4.11,5.33,,26.83,102.3,6.73,52.68,34.67,7.99,26.84,100.8,6.63,52.73,34.71,7.99,ZWF,ZWF,ZWF,,,0.355,4.72
20190603BLUE02,BLUE02,6/3/2019,2019,6,1/0/1900,24.99524,-80.92712,1.85,185,2.46,1.8,1.83,33.4,34.86,,31.09,76,4.53,59.54,39.67,8.01,30.98,80.9,4.88,59.74,39.82,8.05,ZWF,ZWF,ZWF,,,1.815,34.13
20190603CAL01,CAL01,6/3/2019,2019,6,1/0/1900,25.05966,-80.71114,1.95,195,3,3.03,3.55,17.83,17.61,,30.8,97.9,5.77,64.06,43.13,8.29,30.82,98.6,5.81,64.1,43.15,8.13,ZWF,ZWF,ZWF,,,3.29,17.72
20190603CON01,CON01,6/3/2019,2019,6,1/0/1900,25.11878,-80.93912,2.83,70,24.6,6.09,5.73,21.7,21.75,,30.7,86.5,5.25,57.08,37.82,7.91,30.65,85.6,5.2,57.08,30.65,7.91,ZWF,ZWF,ZWF,,,5.91,21.725
20190603CROC01,CROC01,6/3/2019,2019,6,1/0/1900,25.12846,-80.67537,1.21,121,3.01,0.45,0.47,24.73,25.04,,31.12,94.9,5.56,64.28,43.28,8.13,31.12,95,5.57,64.29,43.28,8.15,ZWF,ZWF,ZWF,,,0.46,24.885
20190603JOE01,JOE01,6/3/2019,2019,6,1/0/1900,25.21576,-80.5339,1.31,131,4.76,0.67,0.59,23.09,22.34,,30.3,78.5,4.72,61.2,40.96,8.08,30.32,78.2,4.7,61.25,40.99,8.09,ZWF,ZWF,ZWF,,,0.63,22.715
20190603JOHN01,JOHN01,6/3/2019,2019,6,1/0/1900,25.06438,-80.90254,0.82,82,4.02,2.85,2.92,36.74,36.64,,31.72,75.2,4.43,60.35,40.25,8.02,,,,,,,ZWF,ZWF,ZWF,,,2.885,36.69
20190603JOHN03,JOHN03,6/3/2019,2019,6,1/0/1900,25.04032,-80.91494,1.31,85,11.9,2.44,3.05,27.62,27.31,,31.2,81.4,4.86,59.11,39.33,8.04,31.2,82.1,4.93,59.15,39.36,8.06,ZWF,ZWF,ZWF,,,2.745,27.465
20190603LIG02,LIG02,6/3/2019,2019,6,1/0/1900,24.96456,-80.69422,2.68,268,1.84,0.36,0.35,6.57,6.33,,30.38,95.4,5.82,57.45,38.12,8.17,30.38,95.5,5.82,57.47,38.13,8.18,ZWF,ZWF,ZWF,,,0.355,6.45
20190603LMAD01,LMAD01,6/3/2019,2019,6,1/0/1900,25.18464,-80.63454,1.15,115,6.76,0.34,0.29,24.55,24.56,,30.58,98.1,5.95,57.77,38.35,8.17,30.8,86.7,5.21,59.33,39.53,8.09,ZWF,ZWF,ZWF,,,0.315,24.555
20190603RAB01,RAB01,6/3/2019,2019,6,1/0/1900,25.02033,-80.88961,1.06,106,1.21,1.15,1.32,44.38,43.41,,31.49,75.4,4.4,62.97,42.27,8.1,31.56,75.4,4.41,63.02,42.29,8.11,ZWF,ZWF,ZWF,,,1.235,43.895
20190603RAB02,RAB02,6/3/2019,2019,6,1/0/1900,24.97329,-80.87035,1.15,115,1.51,0.62,0.63,31.78,32.75,,30.26,55.5,3.3,63.24,42.51,8.09,30.22,53.1,3.17,63.24,42.51,8.12,ZWF,ZWF,ZWF,,,0.625,32.265
20190603SPY01,SPY01,6/3/2019,2019,6,1/0/1900,25.02593,-80.72023,2.19,219,2.19,2.17,1.89,14.86,14.8,,31.15,120.5,7.11,62.48,41.75,8.34,31.16,122.9,7.26,62.34,41.79,8.36,ZWF,ZWF,ZWF,,,2.03,14.83
20190603TWIN02,TWIN02,6/3/2019,2019,6,1/0/1900,24.98357,-80.80907,2.25,225,1.6,0.87,0.97,32.69,33.09,,31.41,95.1,5.58,62.8,42.13,8.37,31.23,97,5.74,63.1,42.37,8.39,ZWF,ZWF,ZWF,,,0.92,32.89
20190603TWIN03,TWIN03,6/3/2019,2019,6,1/0/1900,25.00389,-80.75462,2.04,204,0.91,0.45,0.45,15.54,15.23,,30.87,97,5.78,61.25,40.97,8.24,30.88,98,5.86,61.26,40.98,8.25,ZWF,ZWF,ZWF,,,0.45,15.385
20190604CAT02,CAT02,6/4/2019,2019,6,1/0/1900,25.09848,-80.87181,1.1,72,16.2,2.42,2.29,32.12,32.36,,31.77,71.8,4.24,59.71,39.76,8.1,31.77,71.6,4.23,59.7,39.76,8.1,ZWF,ZWF,ZWF,,,2.355,32.24
20190604COR01,COR01,6/4/2019,2019,6,1/0/1900,25.02776,-80.76851,1.7,170,1.85,0.48,0.45,22.03,21.74,,31.77,88.5,5.14,63.82,42.89,8.3,31.83,91.2,5.29,63.94,42.99,8.3,ZWF,ZWF,ZWF,,,0.465,21.885
20190604END02,END02,6/4/2019,2019,6,1/0/1900,25.12681,-80.71838,1.6,160,2.62,0.42,0.49,29.92,28.8,,31.79,89.1,5.13,65.87,44.48,8.1,31.82,89.1,5.14,65.1,43.75,8.08,ZWF,ZWF,ZWF,,,0.455,29.36
20190604NWHIP02,NWHIP02,6/4/2019,2019,6,1/0/1900,25.12466,-80.76521,1.2,120,1.47,0.36,0.4,48.17,48.61,,32.49,108.1,6.11,67.88,46,8.16,32.52,109.5,6.19,67.86,45.98,8.17,ZWF,ZWF,ZWF,,,0.38,48.39
20190604PEL02,PEL02,6/4/2019,2019,6,1/0/1900,25.09195,-80.82203,0.8,80,4.91,1.9,1.59,40.53,40.1,,32.36,81.9,4.76,62.87,42.14,8.18,,,,,,,ZWF,ZWF,ZWF,,,1.745,40.315
20190604PEL03,PEL03,6/4/2019,2019,6,1/0/1900,25.06119,-80.85213,0.8,80,1.93,1.81,1.93,52.75,53.16,,31.27,18.2,1.07,63.11,42.37,7.54,,,,,,,ZWF,ZWF,ZWF,Low DO and high CDOM levels,,1.87,52.955
20190604RANKL01,RANKL01,6/4/2019,2019,6,1/0/1900,25.12299,-80.81343,1.2,120,3.71,1.13,1.15,41.8,42.83,,32.94,103.8,5.92,64.03,43,8.24,32.01,109.9,6.26,64.29,43.2,8.25,ZWF,ZWF,ZWF,,,1.14,42.315
20190604RANKL03,RANKL03,6/4/2019,2019,6,1/0/1900,25.16374,-80.8034,0.6,60,12.12,12.27,10.8,48.76,49.4,,32.12,61.6,3.46,71.1,48.55,7.97,,,,,,,ZWF,ZWF,ZWF,,,11.535,49.08
20190604SID01,SID01,6/4/2019,2019,6,1/0/1900,25.01884,-80.78617,1,100,1.47,0.6,0.56,28.07,28.18,,31.77,69.5,4.03,63.96,43.01,8.24,,,,,,,ZWF,ZWF,ZWF,,,0.58,28.125
20190604SNB02,SNB02,6/4/2019,2019,6,1/0/1900,25.13479,-80.85397,0.7,70,6.02,1.05,0.93,40.27,40.51,,31.41,63.3,3.75,60.18,40.14,8.04,,,,,,,ZWF,ZWF,ZWF,,,0.99,40.39
20190604TB01,TB01,6/4/2019,2019,6,1/0/1900,25.15734,-80.72471,0.7,30,37.8,2.71,2.6,36.86,37.01,,31.11,49.3,2.87,65.97,44.58,7.86,,,,,,,ZWF,ZWF,ZWF,,,2.655,36.935
20190604WHIP02,WHIP02,6/4/2019,2019,6,1/0/1900,25.07183,-80.76422,1.9,190,1.62,0.51,0.48,35.42,36.06,,32.25,75.1,4.28,66.63,45.04,8.18,32.27,76.1,4.34,66.66,45.06,8.19,ZWF,ZWF,ZWF,,,0.495,35.74
20190605CAT01,CAT01,6/5/2019,2019,6,1/0/1900,25.08795,-80.91312,1.1,30,39.3,5.81,5.71,55.98,45.81,,31.66,70.1,4.17,58.29,38.7,7.97,31.65,69.6,4.14,58.3,38.7,7.97,ZWF,ZWF,ZWF,,,5.76,50.895
20190605END02,END01,6/5/2019,2019,6,1/0/1900,25.10156,-80.71957,1.5,150,3.73,0.33,0.23,42.07,42.3,,31.59,79.3,4.56,66.93,45.3,8.22,31.61,79.4,4.57,66.93,45.3,8.21,ZWF,ZWF,ZWF,,,0.28,42.185
20190605MAD01,MAD01,6/5/2019,2019,6,1/0/1900,25.15079,-80.68213,1.2,120,1.88,0.46,0.42,43.21,47.68,,31.96,98,5.63,66,44.56,8.04,31.97,98.9,5.68,65.99,44.56,8.05,ZWF,ZWF,ZWF,,,0.44,45.445
20190605NWHIP01,NWHIP01,6/5/2019,2019,6,1/0/1900,25.12464,-80.74098,1.4,140,2.11,0.34,0.39,44.4,44.28,,31.55,88.7,5.07,68.46,46.5,8.17,31.56,89.4,5.11,68.49,46.52,8.18,ZWF,ZWF,ZWF,,,0.365,44.34
20190605PEL01,PEL01,6/5/2019,2019,6,1/0/1900,25.06983,-80.82346,1.2,120,4.09,5.97,4.77,40.93,44.13,,32.02,50.7,2.96,61.59,41.18,7.84,32.05,59.1,3.44,61.78,41.29,7.87,ZWF,ZWF,ZWF,,,5.37,42.53
20190605RAB03,RAB03,6/5/2019,2019,6,1/0/1900,25.00166,-80.85727,2.1,210,0.95,1.2,1.2,43.67,41.03,,32.28,76.8,4.45,62.43,41.82,8.12,32.27,77.6,4.5,62.43,41.81,8.13,ZWF,ZWF,ZWF,,,1.2,42.35
20190605RAB04,RAB04,6/5/2019,2019,6,1/0/1900,24.96784,-80.84036,2,200,1.04,0.87,0.82,34.79,33.12,,31.73,87.6,5.16,60.59,40.43,8.15,31.74,93.7,5.52,60.69,40.51,8.19,ZWF,ZWF,ZWF,,,0.845,33.955
20190605RANKB01,RANKB01,6/5/2019,2019,6,1/0/1900,25.14967,-80.77903,0.5,62,8.81,9,10.16,48.83,49.04,,30.49,74.7,4.29,71.22,48.7,8.09,,,,,,,ZWF,ZWF,ZWF,,,9.58,48.935
20190605RANKL02,RANKL02,6/5/2019,2019,6,1/0/1900,25.14242,-80.81801,0.8,80,3.35,2.46,2.58,87.77,81.35,,31.84,75.2,4.3,66.93,45.29,8.06,,,,,,,ZWF,ZWF,ZWF,,,2.52,84.56
20190605RUS01,RUS01,6/5/2019,2019,6,1/0/1900,25.04859,-80.66593,2.1,210,2.97,1.3,1.3,18.44,18.36,,31.33,83.9,4.91,63.99,43.05,8.21,31.33,83.9,4.9,64,43.05,8.2,ZWF,ZWF,ZWF,,,1.3,18.4
20190605RUS02,RUS02,6/5/2019,2019,6,1/0/1900,25.0837,-80.68239,1.9,190,3.16,0.34,0.34,25.15,24.87,,31.44,89.4,5.23,63.52,42.68,8.16,31.52,89.1,5.2,63.69,42.81,8.15,ZWF,ZWF,ZWF,,,0.34,25.01
20190605SID02,SID02,6/5/2019,2019,6,1/0/1900,25.03273,-80.80655,1,100,0.97,0.56,0.64,42.4,41.68,,30.96,33.8,1.97,66.92,45.32,8.02,,,,,,,ZWF,ZWF,ZWF,,,0.6,42.04
20190605SNB01,SNB01,6/5/2019,2019,6,1/0/1900,25.14077,-80.89347,1.6,40,36.5,2.47,1.95,65.83,68.7,,31.33,101.8,6.08,58.93,39.19,8.01,31.45,102.9,6.12,58.9,39.14,8,ZWF,ZWF,ZWF,,,2.21,67.265
20190605TWIN01,TWIN01,6/5/2019,2019,6,1/0/1900,24.95823,-80.78072,2.5,250,1.67,1.16,1.12,35.26,35.47,,32.063,86.8,5.04,62.66,41.99,8.29,32.07,87.4,5.08,62.66,41.99,8.3,ZWF,ZWF,ZWF,,,1.14,35.365
20190605WHIP01,WHIP01,6/5/2019,2019,6,1/0/1900,25.09861,-80.75956,1,100,1.57,0.85,0.84,48.64,48.97,,31.6,56.1,3.22,67.86,46.02,7.99,,,,,,,ZWF,ZWF,ZWF,,,0.845,48.805
20190605WHIP03,WHIP03,6/5/2019,2019,6,1/0/1900,25.04913,-80.76857,1.9,190,1.4,0.39,0.36,34.27,33.77,,31.84,65.6,3.77,66.19,44.72,8.13,31.84,67.8,3.93,66.25,44.77,8.14,ZWF,ZWF,ZWF,,,0.375,34.02
20190606BLUE01,BLUE01,6/6/2019,2019,6,1/0/1900,25.02331,-80.92755,1.8,90,12.1,2.26,2.07,45.41,49.16,,30.57,63.2,3.82,58.35,38.78,7.98,30.56,64.1,3.88,58.35,38.78,7.98,ZWF,ZWF,ZWF,,,2.165,47.285
20190606CAP01,CAP01,6/6/2019,2019,6,1/0/1900,25.0076,-80.64714,2.1,210,3.27,0.52,0.51,46.64,36.17,,30.61,87.9,5.25,61.46,41.14,8.19,30.62,87.6,5.23,61.46,41.14,8.19,ZWF,ZWF,ZWF,,,0.515,41.405
20190606CON02,CON02,6/6/2019,2019,6,1/0/1900,25.10314,-81.02119,2.5,,13.6,5.21,4.08,46.65,47.74,,31.16,85.2,5.15,57.15,37.87,7.97,31.07,83.1,5.02,57.22,37.91,7.96,ZWF,ZWF,ZWF,,,4.645,47.195
20190606FNB01,FNB01,6/6/2019,2019,6,1/0/1900,25.05797,-81.01891,3.2,,17.3,1.96,1.65,35.31,37.46,,30.7,90.7,5.59,56.56,37.43,8.06,30.14,79.5,4.88,56.63,37.51,8.02,ZWF,ZWF,ZWF,,,1.805,36.385
20190606FNB02,FNB02,6/6/2019,2019,6,1/0/1900,25.05685,-80.98021,0.6,31,39.9,3.87,3.91,45.47,41.94,,30.62,80.4,4.89,57.03,37.79,8.01,,,,,,,ZWF,ZWF,ZWF,,,3.89,43.705
20190606JOHN02,JOHN02,6/6/2019,2019,6,1/0/1900,25.05703,-80.93096,1.1,50,25.8,3.96,3.44,62.21,55.46,,30.2,85.2,5.2,57.89,38.45,8.09,30.18,86.4,5.27,57.89,38.46,8.09,ZWF,ZWF,ZWF,,,3.7,58.835
20190606LIG01,LIG01,6/6/2019,2019,6,1/0/1900,24.93492,-80.70932,2.5,250,2.15,0.56,0.54,29.85,35.77,,30.41,83.6,5.08,58.14,38.63,8.15,30.42,83.3,5.06,58.14,38.63,8.15,ZWF,ZWF,ZWF,,,0.55,32.81
20190606LIG03,LIG03,6/6/2019,2019,6,1/0/1900,24.96611,-80.72705,2.2,220,3.91,0.77,0.78,47.22,49.86,,30.96,95.3,5.67,61.9,41.46,8.32,30.99,96.2,5.7,61.92,41.48,8.32,ZWF,ZWF,ZWF,,,0.775,48.54
20190606LONG01,LONG01,6/6/2019,2019,6,1/0/1900,24.89877,-80.76618,2.5,250,1.93,0.44,0.3,36.43,45.61,,30.95,89.2,5.34,59.72,39.81,8.2,30.98,89.5,5.35,59.79,39.86,8.2,ZWF,ZWF,ZWF,,,0.37,41.02
20190606LONG02,LONG02,6/6/2019,2019,6,1/0/1900,24.87657,-80.83042,2.7,270,5.62,0.65,0.59,47.21,45.07,,30.83,77.8,4.63,61.52,41.17,8.22,30.79,78,4.65,61.59,41.23,8.22,ZWF,ZWF,ZWF,,,0.62,46.14
20190606NMB01,NMB01,6/6/2019,2019,6,1/0/1900,25.00101,-80.97918,1.5,128,9.04,1.73,1.32,30.93,29.62,,30.58,95.9,5.89,55.61,36.73,8.06,30.58,97.2,5.96,55.61,36.72,8.07,ZWF,ZWF,ZWF,,,1.525,30.275
20190606NMB02,NMB02,6/6/2019,2019,6,1/0/1900,24.9477,-80.92919,2.9,290,3.17,1.09,1.08,39.34,41.15,,31.23,85.2,5.11,57.93,38.45,8.16,31.24,85.3,5.15,57.86,38.4,8.17,ZWF,ZWF,ZWF,,,1.085,40.245
20190606NMB03,NMB03,6/6/2019,2019,6,1/0/1900,24.90705,-80.8818,2.4,240,1.68,0.65,0.5,50.16,46.42,,30.94,85.4,5.13,58.84,39.14,8.22,30.96,87.2,5.25,58.82,39.13,8.23,ZWF,ZWF,ZWF,,,0.575,48.29
20190606PORP01,PORP01,6/6/2019,2019,6,1/0/1900,25.01019,-80.6907,2.2,220,2.73,1.07,0.99,48.32,41.49,,30.84,83.1,4.92,62.77,42.12,8.24,30.84,83.7,4.96,62.8,42.15,8.24,ZWF,ZWF,ZWF,,,1.03,44.905
20190607BBK01,BBK01,6/7/2019,2019,6,1/0/1900,25.15905,-80.62547,1.7,170,2.51,0.31,0.34,40.95,37.2,,30.4,95.6,5.79,58.98,39.27,8.11,30.4,95.4,5.78,59,39.28,8.1,ZWF,ZWF,ZWF,,,0.325,39.075
20190607BBK02,BBK02,6/7/2019,2019,6,1/0/1900,25.12296,-80.58923,1.5,150,3.76,0.39,0.43,31.71,32.44,,30.37,91,5.46,61.5,41.19,8.04,30.4,91.6,5.49,61.54,41.21,8.04,ZWF,ZWF,ZWF,,,0.41,32.075
20190607BLAS01,BLAS01,6/7/2019,2019,6,1/0/1900,25.17056,-80.41692,2.5,250,2.37,0.96,0.93,44.53,43.75,,30.31,81.9,4.92,61.59,41.25,8.04,30.36,82.3,4.93,61.6,41.26,8.03,ZWF,ZWF,ZWF,,,0.945,44.14
20190607BNUT01,BNUT01,6/7/2019,2019,6,1/0/1900,25.07521,-80.52979,2.3,230,4.14,0.73,0.67,35.88,33.11,,30.95,97.8,5.81,61.63,41.26,8.14,30.96,98.7,5.87,61.65,41.27,8.14,ZWF,ZWF,ZWF,,,0.7,34.495
20190607BUTT01,BUTT01,6/7/2019,2019,6,1/0/1900,25.11019,-80.45575,2.2,220,1.23,0.48,0.48,47.07,45.87,,31.32,102.3,6.06,61.06,40.81,8.1,31.34,104.2,6.15,61.08,40.82,8.1,ZWF,ZWF,ZWF,,,0.48,46.47
20190607COTT01,COTT01,6/7/2019,2019,6,1/0/1900,24.99731,-80.57819,2.4,240,1.93,0.69,0.59,42.7,34.75,,30.84,97.8,5.87,59.88,39.93,8.17,30.84,98.5,5.92,59.89,39.93,8.17,ZWF,ZWF,ZWF,,,0.64,38.725
20190607COTT02,COTT02,6/7/2019,2019,6,1/0/1900,24.98113,-80.62493,2.1,210,1.72,0.64,0.64,32.38,35.5,,30.63,95.7,5.74,59.9,39.96,8.13,30.63,95.9,5.77,59.94,39.98,8.13,ZWF,ZWF,ZWF,,,0.64,33.94
20190607DEER01,DEER01,6/7/2019,2019,6,1/0/1900,25.18572,-80.51498,1.3,130,3.19,0.38,0.33,32.97,34.45,,30.13,88.7,5.33,61.71,41.35,8.01,30.14,89.1,5.34,61.78,41.35,8.02,ZWF,ZWF,ZWF,,,0.355,33.71
20190607DUCK01,DUCK01,6/7/2019,2019,6,1/0/1900,25.18999,-80.47356,1.4,140,1.74,0.51,0.38,51.42,42.39,,30.28,89.3,5.35,61.85,41.45,8.13,30.3,90.2,5.41,61.84,41.44,8.14,ZWF,ZWF,ZWF,,,0.445,46.905
20190607DUCK02,DUCK02,6/7/2019,2019,6,1/0/1900,25.15606,-80.48373,1.4,140,2.83,0.69,0.54,44.63,37.18,,30.95,107.9,6.42,61.2,40.92,8.1,30.95,107.1,6.37,61.21,40.94,8.1,ZWF,ZWF,ZWF,,,0.615,40.905
20190607EAGLE01,EAGLE01,6/7/2019,2019,6,1/0/1900,25.17856,-80.57343,1.5,150,1.78,0.49,0.29,45.78,39.59,,30.21,92.9,5.62,59.88,39.96,8.09,30.21,93.1,5.63,59.9,39.97,8.09,ZWF,ZWF,ZWF,,,0.39,42.685
20190607JIM01,JIM01,6/7/2019,2019,6,1/0/1900,25.04098,-80.6154,2.3,230,2.5,0.67,0.54,40.13,36.14,,30.87,89,5.26,63.02,42.33,8.11,30.87,89.2,5.27,63.04,42.34,8.12,ZWF,ZWF,ZWF,,,0.605,38.135
20190607LBS01,LBS01,6/7/2019,2019,6,1/0/1900,25.21283,-80.44323,1.4,140,2.4,0.39,0.37,48.66,49.63,,30.27,85.7,5.15,61.71,41.35,8.04,30.3,86.2,5.17,61.2,40.82,8.04,ZWF,ZWF,ZWF,,,0.38,49.145
20190607LBUT01,LBUT01,6/7/2019,2019,6,1/0/1900,25.13862,-80.44728,2.1,210,3.53,0.61,0.64,49.25,55.37,,30.62,79.9,4.77,61.6,41.25,8.09,30.65,78.4,4.67,61.62,41.26,8.07,ZWF,ZWF,ZWF,,,0.625,52.31
20190607LONS01,LONS01,6/7/2019,2019,6,1/0/1900,25.23074,-80.45693,1.4,140,2.3,0.35,0.38,56.06,52.62,,30.22,61.84,,61.84,41.44,8.05,30.28,88.9,5.35,61.83,41.43,8.05,ZWF,ZWF,ZWF,,,0.365,54.34
20190607MANK01,MANK01,6/7/2019,2019,6,1/0/1900,25.08409,-80.60423,2.1,210,2.08,0.5,0.38,36.67,31.93,,30.56,94.8,5.68,61.34,41.05,8.06,30.58,96,5.75,61.37,41.07,8.07,ZWF,ZWF,ZWF,,,0.44,34.3
20190607NEST01,NEST01,6/7/2019,2019,6,1/0/1900,25.16258,-80.5331,1.3,130,3.45,0.45,0.39,41.97,34.42,,30.08,90.7,5.47,61.32,41.05,8.03,31.1,92.1,5.56,61.31,41.05,8.04,ZWF,ZWF,ZWF,,,0.42,38.195
20190607NEST02,NEST02,6/7/2019,2019,6,1/0/1900,25.12687,-80.54162,1.6,90,9.26,0.82,0.84,33.16,33.25,,30.59,92.9,5.56,61.14,40.89,7.97,30.57,92.3,5.51,61.11,40.87,7.95,ZWF,ZWF,ZWF,,,0.83,33.205
20190607SWA01,SWA01,6/7/2019,2019,6,1/0/1900,25.10954,-80.49552,1.8,180,4.39,0.57,0.45,38.61,36.35,,31.14,95.9,5.73,60.96,40.74,8.05,31.14,98,5.82,60.97,40.74,8.05,ZWF,ZWF,ZWF,,,0.51,37.48
20190607TAV01,TAV01,6/7/2019,2019,6,1/0/1900,25.0195,-80.56723,2.2,220,2.65,0.55,0.61,33.23,30.79,,30.82,98.8,5.9,60.83,40.66,8.13,30.8,,5.95,60.85,40.66,8.13,ZWF,ZWF,ZWF,,,0.58,32.01
20190607UCB01,UCB01,6/7/2019,2019,6,1/0/1900,25.04368,-80.55317,2,200,3.13,0.77,0.65,38.17,35.12,,30.85,95.7,5.71,60.98,40.76,8.17,30.86,96.1,5.73,60.98,40.76,8.17,ZWF,ZWF,ZWF,,,0.71,36.645
20190819CAT02,CAT02,8/19/2019,2019,8,1/0/1900,25.09843,-80.87216,1.1,88,12.9,1.65,1.73,21.16,21.12,,30.7,85.8,5.23,55.76,36.83,,30.7,84.7,5.16,55.76,36.83,,ZWF,ZWF,LMH,,,1.69,21.14
20190819COR01,COR01,8/19/2019,2019,8,1/0/1900,25.02754,-80.76893,1.6,160,0.47,0.89,0.92,33.01,33.85,,30.88,91.2,5.55,56.09,37.08,,30.88,91.9,5.59,56.09,37.08,,ZWF,ZWF,LMH,,,0.905,33.43
20190819END02,END02,8/19/2019,2019,8,1/0/1900,25.12666,-80.71942,1.6,160,3.2,1.53,1.64,47.67,47.63,,30.73,88.5,5.37,56.86,37.65,,30.73,88,5.35,56.8,37.61,,ZWF,ZWF,LMH,,,1.585,47.65
20190819NWHIP02,NWHIP02,8/19/2019,2019,8,1/0/1900,25.12449,-80.76523,1.1,110,0.83,0.47,0.4,40.51,39.57,,30.51,69.3,4.3,53.89,35.45,,30.55,70.7,4.36,53.93,35.48,,ZWF,ZWF,LMH,,,0.435,40.04
20190819PEL01,PEL01,8/19/2019,2019,8,1/0/1900,25.06951,-80.82377,1.1,110,0.96,1.23,1.17,26.91,26.8,,30.52,83.4,5.07,56.66,37.52,,30.53,83.4,5.09,56.66,37.51,,ZWF,ZWF,LMH,,,1.2,26.855
20190819PEL02,PEL02,8/19/2019,2019,8,1/0/1900,25.0922,-80.8223,0.9,90,1.89,0.47,0.46,29.67,30.16,,30.46,,5.23,56.05,37.06,,,,,,,,ZWF,ZWF,LMH,,,0.465,29.915
20190819PEL03,PEL03,8/19/2019,2019,8,1/0/1900,25.06118,-80.85197,0.8,80,1.67,0.99,1.03,29.32,29.08,,30.5,63.4,3.87,57.25,37.96,,,,,,,,ZWF,ZWF,LMH,,,1.01,29.2
20190819RANKL01,RANKL01,8/19/2019,2019,8,1/0/1900,25.1227,-80.81477,1.2,120,2.04,0.51,0.46,33.56,30.21,,31.26,102.9,6.23,55.64,36.73,,31.25,103.5,6.27,55.65,36.74,,ZWF,ZWF,LMH,,,0.485,31.885
20190819RANKL03,RANKL03,8/19/2019,2019,8,1/0/1900,25.16371,-80.80345,0.7,42,20,33.25,38.71,161.84,160.72,,32.11,131.7,8.23,44.44,28.5,,,,,,,,ZWF,ZWF,LMH,,,35.98,161.28
20190819SID02,SID02,8/19/2019,2019,8,1/0/1900,25.03262,-80.80611,1,100,0.63,0.79,0.96,33.43,34.57,,30.16,67.6,4.17,55.08,36.35,,30.14,67,4.14,55.07,36.35,,ZWF,ZWF,LMH,,,0.875,34
20190819SNB02,SNB02,8/19/2019,2019,8,1/0/1900,25.1351,-80.85413,0.8,80,3.62,0.71,0.67,35.67,36.22,,31.48,109.4,6.65,54.13,35.59,,,,,,,,ZWF,ZWF,LMH,,,0.69,35.945
20190819TB01,TB01,8/19/2019,2019,8,1/0/1900,25.15731,-80.72479,0.6,,42,34.45,39.66,149.72,147.84,,30.5,49.4,3.13,47.18,30.52,,,,,,,,ZWF,ZWF,LMH,,,37.055,148.78
20190819WHIP02,WHIP02,8/19/2019,2019,8,1/0/1900,25.07192,-80.76449,1.8,180,1.22,0.68,0.78,36.16,35.52,,30.77,81.6,5.01,54.17,35.65,,30.79,82.2,5.04,54.17,35.65,,ZWF,ZWF,LMH,,,0.73,35.84
20190820BLUE02,BLUE02,8/20/2019,2019,8,1/0/1900,24.99509,-80.92725,1.6,160,1.28,0.58,0.68,20.56,20.55,,30.123,90.2,5.54,56.43,37.36,,30.12,90.1,5.54,56.43,37.36,,ZWF,ZWF,LMH,,,0.63,20.555
20190820CAL01,CAL01,8/20/2019,2019,8,1/0/1900,25.05918,-80.71159,1.7,170,2.11,0.93,0.85,36.83,36.79,,29.86,84.5,5.13,60.47,40.42,,29.69,78.8,4.79,60.82,40.69,,ZWF,ZWF,LMH,,,0.89,36.81
20190820CON01,CON01,8/20/2019,2019,8,1/0/1900,25.11825,-80.93966,2.4,90,17.3,6.76,7.13,18.18,18.4,,30.2,90.2,5.56,55.47,36.64,,30.17,90.1,5.56,55.45,36.62,,ZWF,ZWF,LMH,,,6.945,18.29
20190820CROC01,CROC01,8/20/2019,2019,8,1/0/1900,25.12844,-80.67513,1,100,3.4,0.6,0.65,32.13,32.17,,29.41,88.9,5.37,62.95,42.32,,29.41,88.8,5.37,62.93,42.31,,ZWF,ZWF,LMH,,,0.625,32.15
20190820JOE01,JOE01,8/20/2019,2019,8,1/0/1900,25.21533,-80.53392,1.2,140,5.46,1.32,1.19,72.45,71.48,,29.29,75,5.35,21.55,12.86,,30.12,70.2,4.93,22.73,13.73,,ZWF,ZWF,LMH,,,1.255,71.965
20190820JOHN01,JOHN01,8/20/2019,2019,8,1/0/1900,25.0639,-80.90456,1,100,2.54,0.91,0.97,27.99,28.46,,29.8,67,4.15,55.95,37.01,,,,,,,,ZWF,ZWF,LMH,,,0.94,28.225
20190820JOHN03,JOHN03,8/20/2019,2019,8,1/0/1900,25.04035,-80.91467,1.5,60,,6.72,6.37,17.31,17.59,,30.19,89.4,5.48,56.66,37.53,,30.18,89,5.46,56.67,37.54,,ZWF,ZWF,LMH,,,6.545,17.45
20190820LIG02,LIG02,8/20/2019,2019,8,1/0/1900,24.96524,-80.6941,2.4,,2.06,2.21,2.24,25.05,25.13,,30.68,95.6,5.65,64.03,43.1,,30.68,96.6,5.69,64.05,43.12,,ZWF,ZWF,LMH,,,2.225,25.09
20190820LMAD01,LMAD01,8/20/2019,2019,8,1/0/1900,25.1845,-80.6345,1.2,80,12.4,6.13,5.56,86.9,85.94,,29.49,75.8,4.99,41.44,26.44,,29.51,74.7,4.91,41.41,26.42,,ZWF,ZWF,LMH,,,5.845,86.42
20190820RAB01,RAB01,8/20/2019,2019,8,1/0/1900,25.01424,-80.89321,1.6,160,0.94,0.72,0.58,29.02,28.81,,29.91,69.3,4.27,56.29,37.27,,29.91,69.5,4.3,56.29,37.26,,ZWF,ZWF,LMH,,,0.65,28.915
20190820RAB02,RAB02,8/20/2019,2019,8,1/0/1900,24.97722,-80.86971,1.9,190,0.72,0.49,0.47,22.45,21.67,,30.21,88,5.41,55.8,36.88,,30.21,89.7,5.47,55.77,36.86,,ZWF,ZWF,LMH,,,0.48,22.06
20190820SPY01,SPY01,8/20/2019,2019,8,1/0/1900,25.02523,-80.72044,2,,2.49,1.72,1.99,35.71,34.96,,30.42,91.4,5.49,60.52,40.43,,30.42,91,5.47,60.52,40.43,,ZWF,ZWF,LMH,,,1.855,35.335
20190820TWIN02,TWIN02,8/20/2019,2019,8,1/0/1900,24.98304,-80.80913,2.1,210,1.9,0.81,0.75,32.36,31.96,,30.39,87.5,5.36,56.11,37.11,,30.39,87.6,5.37,56.11,37.11,,ZWF,ZWF,LMH,,,0.78,32.16
20190820TWIN03,TWIN03,8/20/2019,2019,8,1/0/1900,25.00352,-80.75452,2,200,1.46,0.94,1,33.1,33.07,,30.48,91.9,5.56,58.93,39.23,,30.48,91.7,5.55,58.95,39.24,,ZWF,ZWF,LMH,,,0.97,33.085
20190821BLUE01,BLUE01,8/21/2019,2019,8,1/0/1900,25.02251,-80.92728,1.2,120,4.72,1.31,1.42,21.55,21,,29.84,74.8,4.61,56.62,37.51,,29.85,75.1,4.65,56.62,37.51,,ZWF,CJK,LMH,,,1.365,21.275
20190821CAP01,CAP01,8/21/2019,2019,8,1/0/1900,25.0073,-80.64734,2,200,1.64,0.86,0.89,19.12,20.38,,30.03,91.3,5.44,64.01,43.12,,30.04,91.7,5.46,64.02,43.12,,ZWF,ZWF,LMH,,,0.875,19.75
20190821CON02,CON02,8/21/2019,2019,8,1/0/1900,25.10271,-81.02065,2.2,,8.36,5.23,4.83,9.49,9.45,,30.5,99.5,6.09,55.89,36.94,,30.49,99.9,6.12,55.89,36.94,,ZWF,CJK,LMH,,,5.03,9.47
20190821FNB01,FNB01,8/21/2019,2019,8,1/0/1900,25.05802,-81.01912,2.7,,20.9,2.52,2.73,11.86,11.91,,31.06,138.2,8.34,57.2,37.91,,31.05,137.8,8.32,57.23,37.93,,ZWF,CJK,LMH,,,2.625,11.885
20190821JOHN02,JOHN02,8/21/2019,2019,8,1/0/1900,25.05703,-80.93102,1.2,85,9.29,2.26,2.62,19.03,18.76,,29.64,88.2,5.44,57.1,37.87,,29.64,88.3,5.48,57.14,37.91,,ZWF,CJK,LMH,,,2.44,18.895
20190821LIG01,LIG01,8/21/2019,2019,8,1/0/1900,24.93424,-80.71026,2.6,260,1.09,0.81,0.72,16.51,17.42,,30.1,89.4,5.41,60.53,40.45,,30.55,76.4,4.57,61.26,40.98,,ZWF,ZWF,LMH,,,0.765,16.965
20190821LIG03,LIG03,8/21/2019,2019,8,1/0/1900,24.96696,-80.72618,2.1,210,1.55,1.34,1.28,33.7,33.28,,30.19,91.6,5.48,62.48,41.94,,30.2,91.5,5.47,62.54,41.98,,ZWF,ZWF,LMH,,,1.31,33.49
20190821LONG01,LONG01,8/21/2019,2019,8,1/0/1900,24.8991,-80.7663,2.5,250,1.17,0.86,0.87,27.76,27.73,,30.18,89.2,5.38,60.79,40.65,,30.18,89.8,5.42,60.8,40.6,,ZWF,ZWF,LMH,,,0.865,27.745
20190821LONG02,LONG02,8/21/2019,2019,8,1/0/1900,24.87645,-80.8298,2.5,250,1.44,0.54,0.52,27.18,27.23,,30.14,84.9,5.15,59.27,39.5,,30.14,86.2,5.25,59.27,39.49,,ZWF,ZWF,LMH,,,0.53,27.205
20190821NMB01,NMB01,8/21/2019,2019,8,1/0/1900,25.00096,-80.97968,1.3,165,3.73,0.73,0.83,8.17,8.48,,30.02,94.1,5.79,56.82,37.66,,30.02,96.3,5.92,56.81,37.65,,ZWF,CJK,LMH,,,0.78,8.325
20190821NMB02,NMB02,8/21/2019,2019,8,1/0/1900,24.94744,-80.92898,2.5,250,1.19,0.61,0.53,17.59,17.65,,30.36,96,5.89,56.24,37.22,,30.36,96.4,5.94,56.26,37.22,,ZWF,CJK,LMH,,,0.57,17.62
20190821NMB03,NMB03,8/21/2019,2019,8,1/0/1900,24.9069,-80.88168,2.2,220,1.18,0.43,0.46,16.76,16.92,,30.11,91.1,5.63,55.77,36.86,,30.1,91.9,5.66,55.78,36.86,,ZWF,CJK,LMH,,,0.445,16.84
20190821PORP01,PORP01,8/21/2019,2019,8,1/0/1900,25.00998,-80.69029,2.2,150,3.65,2.08,2.8,29.54,29.19,,30.25,88.7,5.29,63.28,42.54,,30.27,88.9,5.3,63.27,42.53,,ZWF,ZWF,LMH,,,2.44,29.365
20190822CAT01,CAT01,8/22/2019,2019,8,1/0/1900,25.08816,-80.91277,1.3,92,19.4,2.1,2.09,17.96,18.2,,29.86,79.4,4.89,56.72,37.58,,29.81,81.8,5.04,56.72,37.59,,ZWF,LMH,TAP,,,2.095,18.08
20190822END01,END01,8/22/2019,2019,8,1/0/1900,25.10176,-80.71965,1.6,160,2.79,1.62,1.77,38.44,37.25,,29.82,90.1,5.48,60.25,40.25,,29.81,90.6,5.51,60.25,40.25,,ZWF,CJK,LMH,,,1.695,37.845
20190822MAD01,MAD01,8/22/2019,2019,8,1/0/1900,25.15087,-80.68198,1.1,110,3.04,0.86,0.84,44.66,44.09,,31.24,92.9,5.53,60.06,40,,30.51,101.1,6.08,60.34,40.29,,ZWF,LMH,TAP,,,0.85,44.375
20190822NWHIP01,NWHIP01,8/22/2019,2019,8,1/0/1900,25.12491,-80.74074,1.3,90,4.17,7.19,6.85,56.55,56.61,,29.68,90,5.56,56.87,37.7,,29.67,90,5.56,56.4,37.73,,ZWF,CJK,LMH,,,7.02,56.58
20190822RAB03,RAB03,8/22/2019,2019,8,1/0/1900,25.00173,-80.85717,2.2,220,0.73,0.5,0.33,25.3,25.02,,30.13,87.3,5.4,54.93,36.24,,30.1,88.1,5.45,54.93,36.23,,ZWF,LMH,TAP,,,0.415,25.16
20190822RAB04,RAB04,8/22/2019,2019,8,1/0/1900,24.96809,-80.84045,2.2,220,0.71,0.69,0.67,26.48,26.33,,30.23,88.4,5.43,55.88,36.95,,30.22,88.6,5.48,55.9,36.96,,ZWF,LMH,TAP,,,0.68,26.405
20190822RANKB01,RANKB01,8/22/2019,2019,8,1/0/1900,25.14926,-80.77872,0.6,30,19.7,16.36,16.87,51.04,50.61,,29.26,66.8,4.12,58.24,38.75,,,,,,,,ZWF,CJK,LMH,Actual depth measured/not GPS depth.,,16.615,50.825
20190822RANKL02,RANKL02,8/22/2019,2019,8,1/0/1900,25.14217,-80.81831,0.8,80,3.48,2.23,2.22,73.02,72.6,,30.92,66.2,4.12,49.75,32.38,,,,,,,,ZWF,LMH,TAP,,,2.225,72.81
20190822RUS01,RUS01,8/22/2019,2019,8,1/0/1900,25.04858,-80.66543,2.1,210,2.48,1.16,1.11,24.22,24.34,,30.22,94.9,5.64,64.33,43.35,,30.22,95.2,5.65,64.34,43.36,,ZWF,CJK,LMH,,,1.135,24.28
20190822RUS02,RUS02,8/22/2019,2019,8,1/0/1900,25.08387,-80.68215,1.9,190,2.28,0.66,0.77,28.19,28.39,,30.04,88.6,5.3,63.42,42.66,,30.05,88.5,5.29,63.42,42.66,,ZWF,CJK,LMH,,,0.715,28.29
20190822SID01,SID01,8/22/2019,2019,8,1/0/1900,25.01888,-80.78664,1.1,110,1.59,0.77,0.74,32.74,32.91,,29.87,91.9,5.58,60.77,40.64,,29.87,94.2,5.71,60.77,40.64,,ZWF,CJK,LMH,,,0.755,32.825
20190822SNB01,SNB01,8/22/2019,2019,8,1/0/1900,25.14071,-80.89355,1.8,57,17.6,1.77,1.74,32.38,32.25,,30.87,92.9,5.67,55.45,36.6,,30.84,92.4,5.63,55.47,36.61,,ZWF,LMH,TAP,,,1.755,32.315
20190822TWIN01,TWIN01,8/22/2019,2019,8,1/0/1900,24.95823,-80.78065,2.5,250,1.21,0.71,0.68,27.14,27.15,,30.32,95.3,5.81,57.5,38.15,,30.3,95.6,5.83,57.49,38.15,,ZWF,CJK,LMH,,,0.695,27.145
20190822WHIP01,WHIP01,8/22/2019,2019,8,1/0/1900,25.09418,-80.75983,1.7,170,1.1,0.47,0.42,36,36.71,,30.13,90,5.51,57.49,38.16,,30.31,107.8,6.55,59.05,39.33,,ZWF,CJK,LMH,,,0.445,36.355
20190822WHIP03,WHIP03,8/22/2019,2019,8,1/0/1900,25.04914,-80.76849,1.9,190,1.13,0.73,0.71,33.03,33.85,,30.01,101.7,6.24,57.27,37.99,,30.01,102.1,6.27,57.27,38.01,,ZWF,CJK,LMH,,,0.72,33.44
20190823BBK01,BBK01,8/23/2019,2019,8,1/0/1900,25.15914,-80.62534,1.6,160,2.2,1.04,1.13,42.26,43.72,,29.65,93.2,5.9,51.18,33.49,,30.42,92.5,5.6,58.73,39.08,,ZWF,LMH,TAP,,,1.085,42.99
20190823BBK02,BBK02,8/23/2019,2019,8,1/0/1900,25.12327,-80.58991,1.4,140,2.13,0.31,0.32,12.89,12.92,,29.47,93,5.65,61.63,41.31,,29.48,93.5,5.67,61.63,41.31,,ZWF,LMH,TAP,,,0.315,12.905
20190823BLAS01,BLAS01,8/23/2019,2019,8,1/0/1900,25.17085,-80.41678,2.5,250,1.21,0.34,0.39,25.97,26.4,,29.87,84.3,5.06,63.39,42.64,,29.87,84.4,5.06,63.4,42.65,,ZWF,LMH,TAP,,,0.365,26.185
20190823BNUT01,BNUT01,8/23/2019,2019,8,1/0/1900,25.07475,-80.52953,2.3,230,2.01,0.55,0.45,12.04,12.13,,29.83,98.7,5.87,65.27,44.09,,29.83,98.4,5.86,65.27,44.09,,ZWF,LMH,TAP,,,0.5,12.085
20190823BUTT01,BUTT01,8/23/2019,2019,8,1/0/1900,25.11041,-80.45593,2.1,210,1,0.27,0.31,24.79,24.41,,29.98,73.7,4.41,63.3,42.57,,29.98,74,4.43,74.1,42.57,,ZWF,LMH,TAP,,,0.29,24.6
20190823COTT01,COTT01,8/23/2019,2019,8,1/0/1900,24.99638,-80.57864,2.1,210,0.93,0.62,0.64,16.84,16.73,,30.01,87,5.24,62.1,41.65,,30.02,89.5,5.36,62.09,41.65,,ZWF,LMH,TAP,,,0.63,16.785
20190823COTT02,COTT02,8/23/2019,2019,8,1/0/1900,24.98056,-80.62477,1.9,190,0.96,0.41,0.52,12.37,12.4,,29.73,97.6,5.96,59.22,39.47,,29.81,99.9,6.1,59.24,39.48,,ZWF,LMH,TAP,,,0.465,12.385
20190823DEER01,DEER01,8/23/2019,2019,8,1/0/1900,25.18522,-80.51519,1.2,120,2.33,0.53,0.59,36.29,36.08,,28.86,93.9,6.14,46.32,29.98,,29.52,89,5.47,59,39.32,,ZWF,LMH,TAP,,,0.56,36.185
20190823DUCK01,DUCK01,8/23/2019,2019,8,1/0/1900,25.19001,-80.4733,1.3,130,1.07,0.38,0.41,17.54,17.8,,29.25,89.3,5.46,61.13,40.93,,29.26,89.8,5.48,61.09,40.91,,ZWF,LMH,TAP,,,0.395,17.67
20190823DUCK02,DUCK02,8/23/2019,2019,8,1/0/1900,25.15555,-80.48386,,,1.52,0.32,0.33,14.6,14.06,,29.13,87,5.29,62.8,42.22,,29.14,87,5.29,62.81,42.23,,ZWF,LMH,TAP,,,0.325,14.33
20190823EAGL01,EAGLE01,8/23/2019,2019,8,1/0/1900,25.17877,-80.57312,1.5,150,2.78,0.71,0.68,37.01,36.7,,29.08,95.5,6.24,45.7,29.5,,30.26,84.5,5.24,53.66,35.29,,ZWF,LMH,TAP,,,0.695,36.855
20190823JIM01,JIM01,8/23/2019,2019,8,1/0/1900,25.04082,-80.61539,2.3,230,2.31,0.54,0.5,16.18,16.27,,29.95,95.3,5.67,64.68,43.63,,29.95,95,5.65,64.67,43.63,,ZWF,LMH,TAP,,,0.52,16.225
20190823LBS01,LBS01,8/23/2019,2019,8,1/0/1900,25.21252,-80.44312,1.4,140,2.09,0.4,0.43,46.13,44.28,,29.29,89.8,5.7,51.55,33.77,,29.99,77.2,4.73,57.01,37.8,,ZWF,LMH,TAP,,,0.415,45.205
20190823LBUT01,LBUT01,8/23/2019,2019,8,1/0/1900,25.13798,-80.44785,1.9,190,1.29,0.52,0.54,25.56,25.7,,29.67,80.7,4.85,64.03,43.15,,29.69,80.7,4.84,64.07,43.17,,ZWF,LMH,TAP,,,0.53,25.63
20190823LONS01,LONS01,8/23/2019,2019,8,1/0/1900,25.2308,-80.45681,1.4,140,1.64,0.47,0.47,62.87,62.36,,29.61,97.6,6.36,43.84,28.15,,29.62,97.9,6.38,43.82,28.13,,ZWF,LMH,TAP,,,0.47,62.615
20190823MANK01,MANK01,8/23/2019,2019,8,1/0/1900,25.08453,-80.60361,2.1,210,2.57,0.5,0.48,10.92,11.55,,29.77,95.9,5.75,63.81,42.97,,29.78,96.04,5.75,63.81,42.97,,ZWF,LMH,TAP,,,0.49,11.235
20190823NEST01,NEST01,8/23/2019,2019,8,1/0/1900,25.16212,-80.53304,1.3,130,1.86,0.6,0.64,27.01,27.7,,28.84,97.8,6.3,49.97,32.62,,30.11,71.6,4.31,59.81,39.84,,ZWF,LMH,TAP,,,0.62,27.355
20190823NEST02,NEST02,8/23/2019,2019,8,1/0/1900,25.12728,-80.54175,1.6,160,2.26,0.45,0.42,17.25,17.35,,29.38,99.5,6.16,57.33,38.06,,30.05,111.5,6.69,62.62,42.05,,ZWF,LMH,TAP,,,0.435,17.3
20190823SWA01,SWA01,8/23/2019,2019,8,1/0/1900,25.10892,-80.49506,1.8,180,2.54,,,,,,29.65,98.9,5.9,65.17,44.02,,29.65,99,5.92,65.17,44.02,,ZWF,LMH,TAP,,,,
20190823TAV01,TAV01,8/23/2019,2019,8,1/0/1900,25.0196,-80.56679,2.2,220,1.4,0.51,0.61,15.71,15.87,,29.73,95.2,5.74,62.38,41.87,,29.73,106.8,6.44,62.51,41.98,,ZWF,LMH,TAP,,,0.56,15.79
20190823UCB01,UCB01,8/23/2019,2019,8,1/0/1900,25.04329,-80.55322,2,200,2.02,0.3,0.35,16.51,16.61,,29.81,90.8,5.44,63.76,42.93,,29.82,90.7,5.43,63.76,42.93,,ZWF,LMH,TAP,,,0.325,16.56
20190924BLUE02,BLUE02,9/24/2019,2019,9,1/0/1900,24.99525,-80.92715,2.7,260,3.16,0.34,0.41,30.05,29.4,,26.56,82.8,5.34,58.3,38.88,8.3,26.56,82.8,5.35,58.33,38.91,8.04,ZWF,LMH,TAP,,,0.375,29.725
20190924CAL01,CAL01,9/24/2019,2019,9,1/0/1900,25.05888,-80.71113,1.9,130,6.05,0.95,0.92,21.39,21.84,,26.43,90.7,5.78,61.59,41.39,8.2,26.43,90.4,5.76,61.61,41.4,8.2,ZWF,LMH,TAP,,,0.935,21.615
20190924CON01,CON01,9/24/2019,2019,9,1/0/1900,25.11855,-80.93906,3.2,92,9.83,11.61,10.72,31.58,31.75,,27.54,101.2,6.6,52.23,34.32,8.01,27.38,100.2,6.55,52.22,34.32,8.01,ZWF,LMH,TAP,,,11.165,31.665
20190924CROC01,CROC01,9/24/2019,2019,9,1/0/1900,25.12792,-80.67453,1.3,145,3.86,1.48,1.69,28.11,28.14,,26.31,86.3,5.59,58.69,39.19,8.19,26.34,86.8,5.61,58.75,39.23,8.21,ZWF,LMH,TAP,,,1.585,28.125
20190924JOE01,JOE01,9/24/2019,2019,9,1/0/1900,25.2157,-80.53391,1.4,100,6.97,1.04,1.01,65.79,65.01,,25.43,85.6,6.63,17.2,10.11,8.09,27.19,49,3.26,47.56,30.91,7.88,ZWF,LMH,TAP,,,1.025,65.4
20190924JOHN01,JOHN01,9/24/2019,2019,9,1/0/1900,25.06336,-80.90612,1.6,160,3.7,1.42,1.27,34.55,34.93,,26.45,88.7,5.82,54.92,36.35,7.95,26.44,88.9,5.84,54.94,36.36,7.95,ZWF,LMH,TAP,,,1.345,34.74
20190924JOHN03,JOHN03,9/24/2019,2019,9,1/0/1900,25.04004,-80.91444,2,60,14.7,1.69,1.82,30.58,31.06,,26.47,78.5,5.13,55.67,36.91,8.02,26.48,78.5,5.13,55.71,36.94,8.02,ZWF,LMH,TAP,,,1.755,30.82
20190924LIG02,LIG02,9/24/2019,2019,9,1/0/1900,24.96464,-80.69408,2.7,270,1.18,0.33,0.31,6.36,6.64,,26.59,93.3,6.11,54.58,36.09,8.02,26.66,93.3,6.11,54.59,36.09,8.03,ZWF,LMH,TAP,,,0.32,6.5
20190924LMAD01,LMAD01,9/24/2019,2019,9,1/0/1900,25.18487,-80.63426,1.2,120,2.69,0.42,0.41,82.97,84.69,,26.14,97,6.95,34.74,21.82,8.14,26.88,79,5.25,50.1,32.77,8.09,ZWF,LMH,TAP,,,0.415,83.83
20190924RAB01,RAB01,9/24/2019,2019,9,1/0/1900,25.01829,-80.8937,1.8,180,1.2,0.54,0.61,35.09,35.27,,26.57,77.1,5.01,56.51,37.54,8.17,26.56,77,5.01,56.52,37.54,8.17,ZWF,LMH,TAP,,,0.575,35.18
20190924RAB02,RAB02,9/24/2019,2019,9,1/0/1900,24.97571,-80.87026,2.3,230,0.89,0.69,0.66,25.45,25.51,,26.56,90.7,5.87,57.64,38.39,8.06,26.57,90.9,5.88,57.65,38.39,8.06,ZWF,LMH,TAP,,,0.675,25.48
20190924SPY01,SPY01,9/24/2019,2019,9,1/0/1900,25.02526,-80.72044,2.3,230,2,0.39,0.41,13.98,13.48,,26.19,89.3,5.8,58.3,38.89,8.07,26.01,89.4,5.8,59.05,39.47,8.11,ZWF,LMH,TAP,,,0.4,13.73
20190924TWIN02,TWIN02,9/24/2019,2019,9,1/0/1900,24.98367,-80.80846,2.4,240,2.47,0.62,0.66,18.12,18.38,,26.73,83.8,5.34,60.55,40.58,8.11,26.73,83.6,5.33,60.54,40.57,8.1,ZWF,LMH,TAP,,,0.64,18.25
20190924TWIN03,TWIN03,9/24/2019,2019,9,1/0/1900,25.00378,-80.75393,2.2,220,1.31,0.33,0.35,13.14,12.8,,26.69,97.05,6.29,58.07,38.7,8.15,27.09,91.5,5.8,61.45,41.27,8.22,ZWF,LMH,TAP,,,0.34,12.97
20190925CAT02,CAT02,9/25/2019,2019,9,1/0/1900,25.09856,-80.87197,1.5,90,10.4,3.99,3.01,35.74,35.69,,27.65,102,6.6,53.97,35.61,8.15,27.65,103.8,6.7,53,35.62,8.15,ZWF,LMH,TAP,,,3.5,35.715
20190925COR01,COR01,9/25/2019,2019,9,1/0/1900,25.02748,-80.76851,1.9,190,1.92,0.84,0.84,21.31,21.89,,26.83,84.3,5.33,62.15,41.8,8.21,26.82,85.3,5.4,62.15,41.8,8.22,ZWF,LMH,TAP,,,0.84,21.6
20190925END02,END02,9/25/2019,2019,9,1/0/1900,25.12649,-80.71803,1.8,167,3.93,1.27,1.26,27.08,27.74,,26.89,85.3,5.44,60,40.16,8.13,26.88,85.7,5.46,60.01,40.17,8.13,ZWF,LMH,TAP,,,1.265,27.41
20190925NWHIP02,NWHIP02,9/25/2019,2019,9,1/0/1900,25.12425,-80.76532,1.3,105,4.53,4.61,4.73,41.14,43.66,,26.67,92.7,6.01,56.67,37.66,8.12,27.02,79.3,5.11,56.75,37.69,8.11,ZWF,LMH,TAP,,,4.67,42.4
20190925PEL01,PEL01,9/25/2019,2019,9,1/0/1900,25.06968,-80.82407,1.3,130,1.36,0.84,0.88,35.32,35.73,,26.87,74.2,4.81,55.77,36.97,7.93,26.86,74.5,4.88,55.77,36.97,7.94,ZWF,LMH,TAP,,,0.86,35.525
20190925PEL02,PEL02,9/25/2019,2019,9,1/0/1900,25.09179,-80.82185,1,100,2.22,0.94,0.96,38.35,39.51,,27.17,81.7,5.29,55.35,36.65,7.96,,,,,,,ZWF,LMH,TAP,,,0.95,38.93
20190925PEL03,PEL03,9/25/2019,2019,9,1/0/1900,25.06139,-80.85195,1.3,130,1.08,0.57,0.57,39.65,38.93,,27.26,61.9,3.99,55.96,37.1,7.82,27.26,64.1,4.13,55.95,37.09,7.84,ZWF,LMH,TAP,,,0.57,39.29
20190925RANKL01,RANKL01,9/25/2019,2019,9,1/0/1900,25.12205,-80.81383,1.4,60,8.31,6.25,6.47,49.24,48.81,,27.97,102.6,6.57,54.83,36.24,7.98,27.5,115.8,7.47,54.77,36.21,8.03,ZWF,LMH,TAP,,,6.36,49.025
20190925RANKL03,RANKL03,9/25/2019,2019,9,1/0/1900,25.16382,-80.80323,0.8,48,12.2,11.46,12.71,89.3,90.39,,28.18,115.9,7.53,50.5,33.02,8.22,,,,,,,ZWF,LMH,TAP,,,12.085,89.845
20190925SID02,SID02,9/25/2019,2019,9,1/0/1900,25.03226,-80.80629,1.3,130,2.4,2.42,2.45,28.02,28.42,,27.61,106.1,6.68,60.3,40.37,8.35,27.63,109.9,6.89,60.33,40.39,8.36,ZWF,LMH,TAP,,,2.435,28.22
20190925SNB02,SNB02,9/25/2019,2019,9,1/0/1900,25.13531,-80.85374,0.7,90,9.11,6.44,6.96,44.19,44.65,,27.48,71.8,4.65,54.019,35.64,8.06,,,,,,,ZWF,LMH,TAP,,,6.7,44.42
20190925TB01,TB01,9/25/2019,2019,9,1/0/1900,25.15727,-80.72475,0.8,40,13,22.6,18.01,137.89,137.23,,25.98,92.9,6.41,44.84,28.98,8.13,27.13,66.6,4.25,55.45,36.88,8.05,ZWF,LMH,TAP,,,20.305,137.56
20190925WHIP02,WHIP02,9/25/2019,2019,9,1/0/1900,25.07138,-80.76464,1.8,136,4.56,2.4,2.3,29.02,28.76,,26.54,81.6,5.24,59.34,39.67,8.13,26.85,76.1,4.84,60.35,40.42,8.16,ZWF,LMH,TAP,,,2.35,28.89
20190926CAT01,CAT01,9/26/2019,2019,9,1/0/1900,25.0882,-80.9129,1.5,56,18.3,7.12,6.69,32.26,32.47,,27.64,92.9,6.02,53.02,34.9,8.13,27.62,93.2,6.04,53.05,34.92,8.13,ZWF,LMH,TAP,,,6.905,32.365
20190926END01,END01,9/26/2019,2019,9,1/0/1900,25.10168,-80.7196,1.8,176,3.96,1.56,1.48,27.6,27.51,,26.99,84,5.33,60.32,40.4,8.11,27.01,82.6,5.24,60.33,40.41,8.12,ZWF,LMH,TAP,,,1.52,27.555
20190926MAD01,MAD01,9/26/2019,2019,9,1/0/1900,25.1512,-80.68205,1.3,62,8.08,4.42,4.07,52.45,51.72,,27.65,91.9,5.86,56.36,37.84,8.04,27.42,97.4,6.23,56.97,37.86,8.1,ZWF,LMH,TAP,,,4.245,52.085
20190926NWHIP01,NWHIP01,9/26/2019,2019,9,1/0/1900,25.12524,-80.74067,1.6,90,4.54,3.98,4.31,44.26,44.17,,26.86,92.3,5.94,57.61,38.36,8.19,27.04,86.1,5.52,58.12,38.73,8.19,ZWF,LMH,TAP,,,4.145,44.215
20190926RAB03,RAB03,9/26/2019,2019,9,1/0/1900,25.00152,-80.85751,2.3,230,1.18,1.68,1.47,30.36,30.18,,27.66,90.9,5.76,58.46,38.97,8.31,27.68,90.4,5.73,58.48,38.99,8.31,ZWF,LMH,TAP,,,1.575,30.27
20190926RAB04,RAB04,9/26/2019,2019,9,1/0/1900,24.96761,-80.8399,2.3,200,2.16,3.38,3.2,28.94,28.51,,27.39,69.3,4.36,60.82,40.77,8.16,27.39,69,4.35,60.85,40.79,8.18,ZWF,LMH,TAP,,,3.29,28.725
20190926RANKB01,RANKB01,9/26/2019,2019,9,1/0/1900,25.14923,-80.77912,0.7,51,10.5,10.64,8.05,67.8,66.75,,26.9,78.6,5.14,53.9,35.57,8.18,,,,,,,ZWF,LMH,TAP,,,9.345,67.275
20190926RANKL02,RANKL02,9/26/2019,2019,9,1/0/1900,25.142,-80.8184,0.9,30,18.1,19.65,26.51,75.12,75.82,,27.62,88.3,5.72,53.19,35.03,8.08,,,,,,,ZWF,LMH,TAP,,,23.08,75.47
20190926RUS01,RUS01,9/26/2019,2019,9,1/0/1900,25.04871,-80.6657,2.3,230,2.38,0.4,0.35,16.78,16.72,,27.1,90.6,5.68,63.02,42.46,8.16,27.1,90.4,5.66,63.04,42.47,8.17,ZWF,LMH,TAP,,,0.375,16.75
20190926RUS02,RUS02,9/26/2019,2019,9,1/0/1900,25.08407,-80.68221,2.1,210,2.36,0.41,0.46,18.66,18.28,,27.1,90.5,5.69,62.52,42.08,8.16,27.1,90.4,5.68,62.53,42.08,8.17,ZWF,LMH,TAP,,,0.435,18.47
20190926SID01,SID01,9/26/2019,2019,9,1/0/1900,25.01887,-80.78639,1.3,130,2.92,1.93,2.25,28.4,28.54,,26.97,85.5,5.4,60.75,40.72,8.21,26.97,84.5,5.37,60.72,40.7,8.21,ZWF,LMH,TAP,,,2.09,28.47
20190926SNB01,SNB01,9/26/2019,2019,9,1/0/1900,25.14092,-80.89358,1.7,60,16.5,14.48,12.7,46.69,46.15,,26.96,68.5,4.49,53.01,34.91,8.07,26.94,67.9,4.38,53.02,34.92,8.07,ZWF,LMH,TAP,,,13.59,46.42
20190926TWIN01,TWIN01,9/26/2019,2019,9,1/0/1900,24.9588,-80.78085,2.7,270,0.78,0.44,0.43,13.27,13.45,,27.12,96.1,6.16,57.8,38.49,8.18,27,95.5,6.12,57.85,38.53,8.19,ZWF,LMH,TAP,,,0.435,13.36
20190926WHIP01,WHIP01,9/26/2019,2019,9,1/0/1900,25.0939,-80.76086,1.8,146,3.97,3.01,3.13,30.72,31.46,,27.23,93.9,6,58.26,38.83,8.23,27.22,93.9,6,58.26,38.83,8.23,ZWF,LMH,TAP,,,3.07,31.09
20190926WHIP03,WHIP03,9/26/2019,2019,9,1/0/1900,25.049,-80.76868,2,177,3.08,1.9,1.88,26.35,26.47,,27.02,95.1,6.04,60.39,40.46,8.22,27.11,97.2,6.16,60.84,40.79,8.25,ZWF,LMH,TAP,,,1.89,26.41
20190927BLUE01,BLUE01,9/27/2019,2019,9,1/0/1900,25.02338,-80.92724,2,,8.49,3.45,3.25,30.05,29.79,,27.23,78.7,5.1,54.9,36.31,8.05,27.22,80.9,5.26,54.84,36.27,8.06,ZWF,LMH,TAP,,,3.35,29.92
20190927CAP01,CAP01,9/27/2019,2019,9,1/0/1900,25.00821,-80.64806,2.3,,3.24,0.26,0.3,14.31,14.22,,27.27,94.5,6.02,58.8,39.25,8.15,27.39,94.5,6,59.1,39.47,8.17,ZWF,LMH,TAP,,,0.28,14.265
20190927CON02,CON02,9/27/2019,2019,9,1/0/1900,25.10302,-81.01922,3.2,,13.1,7.82,8.9,23.58,23.61,,28.06,98.4,6.38,52.09,34.19,8.08,,,,,,,ZWF,LMH,TAP,,,8.36,23.595
20190927FNB01,FNB01,9/27/2019,2019,9,1/0/1900,25.05764,-81.01879,3.9,,11.3,3.11,3.03,18.29,18.67,,27.99,92,5.84,56.34,37.34,8.1,28,92.8,5.9,56.51,37.45,8.11,ZWF,LMH,TAP,,,3.07,18.48
20190927FNB02,FNB02,9/27/2019,2019,9,1/0/1900,25.05779,-80.98029,1.4,,15.7,8.19,7.38,20.19,20.48,,28.04,97.1,6.23,53.83,35.49,8.12,,,,,,,ZWF,LMH,TAP,,,7.785,20.335
20190927JOHN02,JOHN02,9/27/2019,2019,9,1/0/1900,25.05729,-80.93126,1.1,,13.6,7.15,7.27,29.05,29.84,,27.08,84.5,5.51,53.73,35.45,8.04,27.06,84.6,5.53,53.73,35.45,8.04,ZWF,LMH,TAP,,,7.21,29.445
20190927LIG01,LIG01,9/27/2019,2019,9,1/0/1900,24.93484,-80.70982,3.1,310,1,0.35,0.35,6.78,6.65,,27.48,98,6.33,54.79,36.22,8.15,27.48,98,6.33,54.78,36.22,8.15,ZWF,LMH,TAP,,,0.35,6.715
20190927LIG03,LIG03,9/27/2019,2019,9,1/0/1900,24.96662,-80.72683,2.5,250,0.64,0.19,0.2,9.41,9.48,,27.35,93.4,6.01,55.82,36.99,8.14,27.35,93.4,6.01,55.82,37,8.14,ZWF,LMH,TAP,,,0.195,9.445
20190927LONG01,LONG01,9/27/2019,2019,9,1/0/1900,24.89926,-80.76614,2.9,290,1.4,0.42,0.48,7.3,7.62,,27.79,97.7,6.26,55.15,36.48,8.15,27.94,97.6,6.26,55.15,36.48,8.15,ZWF,LMH,TAP,,,0.45,7.46
20190927LONG02,LONG02,9/27/2019,2019,9,1/0/1900,24.87691,-80.82964,2.8,280,1.7,0.32,0.31,7.39,7.13,,27.61,93.7,6.02,55.1,36.44,8.09,27.61,93.5,6.01,55.1,36.45,8.09,ZWF,LMH,TAP,,,0.315,7.26
20190927NMB01,NMB01,9/27/2019,2019,9,1/0/1900,25.00056,-80.97829,1.6,,5.4,2.16,2.29,19.69,19.89,,27.43,86.6,5.53,56.44,37.46,8.11,27.41,86.6,5.56,56.38,37.41,8.11,ZWF,LMH,TAP,,,2.225,19.79
20190927NMB02,NMB02,9/27/2019,2019,9,1/0/1900,24.94773,-80.92875,3.2,,1.36,1.16,1.01,23.68,23.42,,27.56,89,5.64,58.97,39.35,8.17,27.56,88.9,5.63,58.97,39.36,8.18,ZWF,LMH,TAP,,,1.085,23.55
20190927NMB03,NMB03,9/27/2019,2019,9,1/0/1900,24.90659,-80.882,2.1,210,1.24,0.5,0.41,10.87,11.05,,27.45,88.5,5.68,56.21,37.28,8.14,27.45,88.1,5.65,56.22,37.29,8.14,ZWF,LMH,TAP,,,0.455,10.96
20190927PORP01,PORP01,9/27/2019,2019,9,1/0/1900,25.01004,-80.69044,2.5,250,1.14,0.3,0.31,12.53,12.33,,27.57,91.1,5.8,57.7,38.39,8.15,27.57,91,5.79,57.75,38.44,8.15,ZWF,LMH,TAP,,,0.305,12.43
20191004BBK01,BBK01,10/4/2019,2019,10,1/0/1900,25.16038,-80.6247,1.7,170,4.92,0.44,0.44,29.74,30,,27.82,92.1,6.08,47.46,30.81,8.16,27.88,94,6.2,48.45,31.55,8.15,ZWF,LMH,TAP,,,0.44,29.87
20191004BBK02,BBK02,10/4/2019,2019,10,1/0/1900,25.12487,-80.59013,1.7,170,8.59,0.45,0.37,24.44,24.58,,27.66,95.3,6.11,55.25,36.55,8.1,28.25,86,5.4,57.88,38.51,8.04,ZWF,LMH,TAP,,,0.41,24.51
20191004BLAS01,BLAS01,10/4/2019,2019,10,1/0/1900,25.17121,-80.41663,2.8,280,2.45,0.61,0.62,28.13,27.76,,27.7,88.5,5.67,55.72,36.91,7.99,27.71,88.2,5.64,55.72,36.91,7.99,ZWF,LMH,TAP,,,0.615,27.945
20191004BNUT01,BNUT01,10/4/2019,2019,10,1/0/1900,25.0744,-80.52977,2.6,,6.78,0.55,0.61,18.09,17.89,,27.92,91.3,5.77,57.85,38.5,8.01,27.92,91.1,5.76,57.84,38.5,8.01,ZWF,LMH,TAP,,,0.58,17.99
20191004BUTT01,BUTT01,10/4/2019,2019,10,1/0/1900,25.11063,-80.45589,2.5,250,0.75,0.34,0.39,31.32,30.34,,28,90.4,5.7,58.4,38.91,8.01,28,90.4,5.71,58.41,38.91,8.01,ZWF,LMH,TAP,,,0.365,30.83
20191004COTT01,COTT01,10/4/2019,2019,10,1/0/1900,24.99601,-80.57894,2.3,230,1.09,0.43,0.51,13.28,13.01,,28.14,97.6,6.23,54.62,36.07,8.1,28.14,98.6,6.32,54.61,36.06,8.11,ZWF,LMH,TAP,,,0.47,13.145
20191004COTT02,COTT02,10/4/2019,2019,10,1/0/1900,24.97992,-80.62519,2.2,220,1.13,0.35,0.34,10.98,10.93,,28.09,96.9,6.19,54.62,36.08,8.09,28.09,96.5,6.17,54.62,36.07,8.09,ZWF,LMH,TAP,,,0.345,10.955
20191004DEER01,DEER01,10/4/2019,2019,10,1/0/1900,25.186,-80.51507,1.5,150,2.85,0.3,0.28,31.59,31.58,,27.52,89.6,5.73,56.62,37.59,8,27.52,89.2,5.71,56.66,37.57,8,ZWF,LMH,TAP,,,0.29,31.585
20191004DUCK01,DUCK01,10/4/2019,2019,10,1/0/1900,25.18984,-80.47359,1.6,160,1.77,0.34,0.36,28.74,29.08,,27.7,93.6,5.98,56.3,37.34,8.07,27.71,94.4,6.05,56.28,37.33,8.08,ZWF,LMH,TAP,,,0.35,28.91
20191004DUCK02,DUCK02,10/4/2019,2019,10,1/0/1900,25.15488,-80.48392,1.5,150,1.74,0.4,0.43,26.95,31.96,,27.63,92.4,5.85,58.89,39.7,8.06,27.63,92.6,5.86,58.88,39.29,8.06,ZWF,LMH,TAP,,,0.415,29.455
20191004EAGLE01,EAGLE01,10/4/2019,2019,10,1/0/1900,25.17897,-80.57341,1.7,170,2.57,0.25,0.23,35.7,36.02,,27.63,92.7,6.1,49.22,32.09,8.13,27.64,92.8,6.1,49.46,32.26,8.13,ZWF,LMH,TAP,,,0.24,35.86
20191004JIM01,JIM01,10/4/2019,2019,10,1/0/1900,25.04094,-80.61578,2.5,250,2.14,0.27,0.26,14.84,14.69,,27.81,89.3,5.62,59.59,39.82,8.13,27.8,89.5,5.63,59.57,39.81,8.14,ZWF,LMH,TAP,,,0.265,14.765
20191004LBS01,LBS01,10/4/2019,2019,10,1/0/1900,25.21267,-80.4434,1.7,170,1.59,0.4,0.39,35.61,35.5,,27.59,88.5,5.69,55.04,36.41,8.06,27.6,88.6,5.7,55.1,36.45,8.06,ZWF,LMH,TAP,,,0.395,35.555
20191004LBUT01,LBUT01,10/4/2019,2019,10,1/0/1900,25.13794,-80.44787,2.1,210,0.87,0.31,0.3,34.58,34.56,,28.16,84.1,5.31,57.59,38.3,7.88,28.16,83.9,5.28,57.59,38.3,7.88,ZWF,LMH,TAP,,,0.305,34.57
20191004LONS01,LONS01,10/4/2019,2019,10,1/0/1900,25.23101,-80.45694,1.6,160,1.48,0.41,0.36,34.14,33.85,,27.75,91.2,5.87,54.49,35.99,8.04,27.7,92.1,5.92,54.49,35.99,8.04,ZWF,LMH,TAP,,,0.385,33.995
20191004MAK01,MANK01,10/4/2019,2019,10,1/0/1900,25.08657,-80.60365,2.2,,13.9,0.41,0.49,22.14,21.6,,27.73,93.9,6.01,55.76,36.94,8.11,27.73,93.7,5.99,55.8,36.97,8.11,ZWF,LMH,TAP,,,0.45,21.87
20191004NEST01,NEST01,10/4/2019,2019,10,1/0/1900,25.16429,-80.5324,1.5,150,3.46,0.27,0.29,27.4,26.68,,27.6,90,5.71,58.48,38.98,8.01,27.6,89.9,5.69,58.48,38.99,8.01,ZWF,LMH,TAP,,,0.28,27.04
20191004NEST02,NEST02,10/4/2019,2019,10,1/0/1900,25.1279,-80.54216,1.9,190,3.14,0.34,0.31,21.34,21,,27.97,94.6,5.94,59.75,39.94,8.04,27.98,94.7,5.94,59.78,39.97,8.04,ZWF,LMH,TAP,,,0.325,21.17
20191004SWA01,SWA01,10/4/2019,2019,10,1/0/1900,25.1097,-80.49555,2,,7.14,0.46,0.43,16.42,16.35,,28.08,96.2,6.03,59.29,39.58,8.04,28.07,96,6.02,59.29,39.59,8.04,ZWF,LMH,TAP,,,0.445,16.385
20191004TAV01,TAV01,10/4/2019,2019,10,1/0/1900,25.01958,-80.56664,2.5,250,1.08,0.24,0.24,13.42,13.4,,28.05,92.7,5.89,55.93,37.06,8.14,28.03,92.3,5.87,55.96,37.08,8.14,ZWF,LMH,TAP,,,0.24,13.41
20191004UCB01,UCB01,10/4/2019,2019,10,1/0/1900,25.04355,-80.55341,2.2,220,3.67,0.51,0.55,17.36,17.47,,27.93,96.3,6.08,58.37,38.9,8.1,27.93,96.4,6.08,58.4,38.92,8.09,ZWF,LMH,TAP,,,0.53,17.415
20191112CAT02,CAT02,11/12/2019,2019,11,1/0/1900,25.09839,-80.87165,1.2,50,14.8,8.19,8.44,41.4,41.33,,25.17,111.3,7.42,56.15,37.3,8.32,25.14,111.3,7.42,56.17,37.31,8.31,ZWF,LMH,TAP,,,8.315,41.365
20191112COR01,COR01,11/12/2019,2019,11,1/0/1900,25.02769,-80.76847,1.9,190,1.18,0.44,0.4,15.43,15.64,,25.41,98.7,6.49,58.08,38.75,8.28,25.38,100.7,6.65,58.11,38.77,8.25,ZWF,LMH,TAP,,,0.42,15.535
20191112END02,END02,11/12/2019,2019,11,1/0/1900,25.1265,-80.71877,1.8,180,2.8,0.45,0.51,27.98,28.65,,24.55,97.2,6.56,55.77,37.02,8.17,25.08,85.4,5.67,50.07,32.77,7.86,ZWF,LMH,TAP,,,0.48,28.315
20191112NWHIP02,NWHIP02,11/12/2019,2019,11,1/0/1900,25.12462,-80.76506,1.4,140,1.53,0.78,0.82,35.64,37.81,,24.82,90,6,57.3,38.17,8.14,25.04,98.7,6.55,58.13,38.8,8.17,ZWF,LMH,TAP,,,0.8,36.725
20191112PEL01,PEL01,11/12/2019,2019,11,1/0/1900,25.06928,-80.82359,1.3,60,5.84,15.79,15.4,39.05,38.62,,25.08,109,7.14,60.48,40.57,8.25,25.07,109.3,7.17,60.48,40.57,8.26,ZWF,LMH,TAP,,,15.595,38.835
20191112PEL02,PEL02,11/12/2019,2019,11,1/0/1900,25.09232,-80.82217,1.1,110,2.89,2.87,2.67,42.67,43.9,,25.36,102.8,6.75,58.8,39.29,8.1,25.36,103.7,6.83,58.82,39.31,8.1,ZWF,LMH,TAP,,,2.77,43.285
20191112PEL03,PEL03,11/12/2019,2019,11,1/0/1900,25.06113,-80.85206,0.9,52,8.21,21.62,20.44,45.37,45.18,,25.41,106.4,6.97,59.29,39.66,8.25,,,,,,,ZWF,LMH,TAP,,,21.03,45.275
20191112RANKB01,RANKB01,11/12/2019,2019,11,1/0/1900,25.14975,-80.77928,0.7,70,4.52,8.67,8.39,69.89,68.41,,24.57,96.4,6.45,57.57,38.38,8.26,,,,,,,ZWF,LMH,TAP,,,8.53,69.15
20191112RANKL01,RANKL01,11/12/2019,2019,11,1/0/1900,25.12264,-80.81437,1.3,66,6.28,6.15,6.76,49.03,53.16,,26.02,110.3,7.23,57.63,38.38,8.14,24.83,120.7,8.03,58.65,39.2,8.3,ZWF,LMH,TAP,,,6.455,51.095
20191112RANKL03,RANKL03,11/12/2019,2019,11,1/0/1900,25.16378,-80.80342,0.8,28,17.9,35.58,36.24,149.57,150.08,,27.18,136,8.83,54.12,35.77,8.26,,,,,,,ZWF,LMH,TAP,,,35.91,149.825
20191112SID02,SID02,11/12/2019,2019,11,1/0/1900,25.03233,-80.80628,1.3,130,1.18,0.51,0.55,20.01,20.14,,25.4,97.1,6.34,60.22,40.37,8.34,25.22,105.5,6.91,60.34,40.46,8.37,ZWF,LMH,TAP,,,0.53,20.075
20191112SNB02,SNB02,11/12/2019,2019,11,1/0/1900,25.13497,-80.85403,0.7,35,17.4,20.24,22.72,60.3,60.23,,25.49,121.3,8.01,57.4,38.23,8.35,,,,,,,ZWF,LMH,TAP,,,21.48,60.265
20191112TB01,TB01,11/12/2019,2019,11,1/0/1900,25.15746,-80.72463,0.9,40,11.3,24.69,25.97,141.15,139.08,,24.33,53.7,3.66,48.78,31.99,7.86,,,,,,,ZWF,LMH,TAP,,,25.33,140.115
20191112WHIP02,WHIP02,11/12/2019,2019,11,1/0/1900,25.07144,-80.76456,2,200,1.51,0.48,0.41,20.81,21.32,,25.41,96.7,6.31,60.23,40.38,8.25,25.18,98.4,6.43,60.53,40.61,8.28,ZWF,LMH,TAP,,,0.445,21.065
20191113BLUE01,BLUE01,11/13/2019,2019,11,1/0/1900,25.02364,-80.9272,1.9,,14.7,,,,,,25.52,109.7,7.23,57.72,38.47,8.22,25.53,110.1,7.25,57.68,38.45,8.23,ZWF,LMH,TAP,,,,
20191113BLUE02,BLUE02,11/13/2019,2019,11,1/0/1900,24.99595,-80.92583,2.1,,7.91,20.01,21.99,40.3,39.69,,25.47,92.4,6.09,57.44,38.26,8.15,25.45,91.4,6.03,57.43,38.26,8.15,ZWF,LMH,TAP,,,21,39.995
20191113CAP01,CAP01,11/13/2019,2019,11,1/0/1900,25.00766,-80.64716,2.4,240,2.85,0.17,0.22,10.32,10.15,,25.19,93.1,6.2,56.44,37.52,8.17,25.19,93.1,6.2,56.44,37.1,8.17,ZWF,LMH,TAP,,,0.195,10.235
20191113LIG01,LIG01,11/13/2019,2019,11,1/0/1900,24.93466,-80.70991,3,300,1.08,0.25,0.36,3.74,3.72,,25.51,97.5,6.48,55.26,36.63,8.25,25.54,97.7,6.5,55.27,36.63,8.25,ZWF,LMH,TAP,,,0.305,3.73
20191113LIG02,LIG02,11/13/2019,2019,11,1/0/1900,24.96481,-80.6943,2.8,280,1.19,0.19,0.22,4.52,4.59,,25.36,98.9,6.59,55.49,36.8,8.19,25.38,98.8,6.58,55.49,36.8,8.19,ZWF,LMH,TAP,,,0.205,4.555
20191113LIG03,LIG03,11/13/2019,2019,11,1/0/1900,24.96637,-80.72639,2.6,260,1.67,0.23,0.22,5.75,6.07,,25.77,95.9,6.34,55.66,36.92,8.21,25.77,95.8,6.34,55.66,36.92,8.22,ZWF,LMH,TAP,,,0.225,5.91
20191113PORP01,PORP01,11/13/2019,2019,11,1/0/1900,25.01,-80.69042,2.5,250,1.37,0.23,0.24,7.7,7.88,,25.72,98.2,6.48,56.37,37.45,8.23,25.72,98,6.46,56.38,37.46,8.23,ZWF,LMH,TAP,,,0.235,7.79
20191113RAB01,RAB01,11/13/2019,2019,11,1/0/1900,25.01657,-80.89436,1.7,,10.1,24.58,27.12,42.68,41.47,,25.48,88.1,5.77,58.98,39.43,8.25,25.48,88.2,5.77,59.02,39.46,8.26,ZWF,LMH,TAP,,,25.85,42.075
20191113RAB02,RAB02,11/13/2019,2019,11,1/0/1900,24.9766,-80.86987,2,200,6.3,22.24,20.55,33.35,33.29,,25.85,92.8,5.95,62.33,41.97,8.19,25.84,92.6,5.94,62.34,41.97,8.2,ZWF,LMH,TAP,,,21.395,33.32
20191113RAB03,RAB03,11/13/2019,2019,11,1/0/1900,25.00115,-80.85679,2.1,,3.77,7,6.53,28.11,28.32,,25.25,90.7,5.88,62.09,41.79,8.25,25.25,90.8,5.89,62.08,41.79,8.25,ZWF,LMH,TAP,,,6.765,28.215
20191113RAB04,RAB04,11/13/2019,2019,11,1/0/1900,24.96785,-80.83969,2.2,,2.5,3.32,3.33,22.5,22.72,,25.48,91.9,5.97,60.89,40.88,8.19,25.49,91.9,5.97,60.95,40.92,8.19,ZWF,LMH,TAP,,,3.325,22.61
20191113TWIN01,TWIN01,11/13/2019,2019,11,1/0/1900,24.95972,-80.77901,2.8,280,1.49,0.34,0.39,8.72,8.56,,25.36,93.4,6.19,56.53,37.58,8.23,25.36,93.5,6.2,56.53,37.58,8.23,ZWF,LMH,TAP,,,0.365,8.64
20191113TWIN02,TWIN02,11/13/2019,2019,11,1/0/1900,24.98398,-80.80842,2.4,240,1.22,0.81,0.79,19.66,19.97,,26,96.6,6.25,59.86,40.08,8.26,26.02,96.4,6.24,59.87,40.08,8.26,ZWF,LMH,TAP,,,0.8,19.815
20191113TWIN03,TWIN03,11/13/2019,2019,11,1/0/1900,25.00377,-80.75471,2.3,230,1.14,0.38,0.47,12.94,12.78,,25.52,93,6.13,57.25,38.12,8.19,25.51,92.9,6.13,57.26,38.12,8.19,ZWF,LMH,TAP,,,0.425,12.86
20191114BLUE01,BLUE01,11/14/2019,2019,11,1/0/1900,25.02325,-80.92715,1.5,,19.5,6.75,7.67,32.06,31.69,,25.53,97.8,6.45,57.56,38.31,8.24,25.53,97.8,6.45,57.49,38.3,8.24,ZWF,LMH,TAP,,,7.21,31.875
20191114CAT01,CAT01,11/14/2019,2019,11,1/0/1900,25.08817,-80.91271,1.1,,48.7,9.48,8.68,29.08,29.17,,25.13,89.7,5.95,57.53,38.34,8.18,,,,,,,ZWF,LMH,TAP,,,9.08,29.125
20191114CON01,CON01,11/14/2019,2019,11,1/0/1900,25.11885,-80.93919,,,20.6,5.72,4.94,34.36,34.64,,25.33,89.3,5.91,57.14,38.04,8.15,25.27,85.1,5.63,57.18,38.07,8.16,ZWF,LMH,TAP,,,5.33,34.5
20191114CON02,CON02,11/14/2019,2019,11,1/0/1900,25.10199,-81.02142,2.4,,19.9,9.76,8.63,26.58,26.52,,25.44,94.5,6.24,57.24,38.11,8.06,25.43,94.3,6.22,57.24,38.12,8.06,ZWF,LMH,TAP,,,9.195,26.55
20191114FNB01,FNB01,11/14/2019,2019,11,1/0/1900,25.05803,-81.01872,3,,61.2,7.48,8.15,27.28,27.1,,24.99,90.6,5.99,57.95,38.66,8.06,24.95,89.4,5.93,57.95,38.66,8.05,ZWF,LMH,TAP,,,7.815,27.19
20191114FNB02,FNB02,11/14/2019,2019,11,1/0/1900,25.05617,-80.9797,,,87.7,8.68,9.11,26.57,26.37,,25.38,95.9,6.31,58,38.69,8.07,,,,,,,ZWF,LMH,TAP,,,8.895,26.47
20191114JOHN01,JOHN01,11/14/2019,2019,11,1/0/1900,25.06384,-80.90585,1,,11.8,3.04,2.84,30.66,30.75,,24.72,81.7,5.45,57.65,38.44,8.03,,,,,,,ZWF,LMH,TAP,,,2.94,30.705
20191114JOHN02,JOHN02,11/14/2019,2019,11,1/0/1900,25.0565,-80.93121,1.1,,22.9,4.64,4.78,32.51,32.83,,25.42,92.6,6.07,57.49,38.3,8.23,,,,,,,ZWF,LMH,TAP,,,4.71,32.67
20191114JOHN03,JOHN03,11/14/2019,2019,11,1/0/1900,25.04029,-80.91451,1.4,,16,19.85,22.95,40.07,40.38,,25.44,94.1,6.22,57.15,38.05,8.14,25.44,94.1,6.22,57.14,38.04,8.14,ZWF,LMH,TAP,,,21.4,40.225
20191114LONG01,LONG01,11/14/2019,2019,11,1/0/1900,24.89957,-80.76576,2.8,,2.27,0.4,0.41,6.8,5.98,,25.46,91,6.05,55.64,36.91,8.19,25.48,90.7,6.02,55.64,36.91,8.2,ZWF,LMH,TAP,,,0.405,6.39
20191114LONG02,LONG02,11/14/2019,2019,11,1/0/1900,24.87654,-80.82999,2.9,,1.53,0.21,0.27,4.95,4.69,,25.76,93.7,6.21,55.25,36.61,8.23,25.76,93.7,6.21,55.25,36.61,8.24,ZWF,LMH,TAP,,,0.24,4.82
20191114NMB01,NMB01,11/14/2019,2019,11,1/0/1900,25.00034,-80.97972,1.1,,13.4,9.88,8.53,29.81,29.56,,25.33,82.6,5.45,57.77,38.51,8.02,25.33,82.5,5.44,57.76,38.51,8.02,ZWF,LMH,TAP,,,9.205,29.685
20191114NMB02,NMB02,11/14/2019,2019,11,1/0/1900,24.94792,-80.92813,2.8,,2.78,6.04,4.92,23.25,23.19,,25.54,88.4,5.77,59.82,40.06,8.22,25.54,88.4,5.77,59.81,40.05,8.22,ZWF,LMH,TAP,,,5.48,23.22
20191114NMB03,NMB03,11/14/2019,2019,11,1/0/1900,24.90703,-80.88194,2.4,,1.19,0.46,0.45,11.35,10.97,,25.55,96,6.34,56.86,37.82,8.28,25.55,96,6.33,56.9,37.86,8.28,ZWF,LMH,TAP,,,0.455,11.16
20191114SNB01,SNB01,11/14/2019,2019,11,1/0/1900,25.14105,-80.89362,,,67.7,18.06,19.64,50.87,46.04,,25.62,127.9,8.45,56.57,37.6,8.23,,,,,,,ZWF,LMH,TAP,,,18.85,48.455
20191115CAL01,CAL01,11/15/2019,2019,11,1/0/1900,25.05912,-80.71156,2,200,1.97,0.31,0.37,17.44,17.31,,25.62,98.8,6.47,58.5,39.06,8.31,25.76,95.9,6.26,58.66,39.17,8.31,ZWF,LMH,TAP,,,0.34,17.375
20191115CROC01,CROC01,11/15/2019,2019,11,1/0/1900,25.12827,-80.67538,1.4,140,2.34,0.43,0.36,28.27,28.2,,25.44,89.8,6.01,53.85,35.57,8.21,25.48,89.7,6.02,52.73,34.74,8.21,ZWF,LMH,TAP,,,0.395,28.235
20191115END01,END01,11/15/2019,2019,11,1/0/1900,25.10157,-80.71912,1.8,180,1.65,0.56,0.51,25.81,25.18,,25.87,86.7,5.64,59.32,39.67,8.22,25.91,88.4,5.74,59.31,39.66,8.23,ZWF,LMH,TAP,,,0.535,25.495
20191115LMAD01,LMAD01,11/15/2019,2019,11,1/0/1900,25.18487,-80.63426,,,,0.39,0.39,,,,,,,,,,,,,,,,ZWF,LMH,TAP,,,0.39,
20191115MAD01,MAD01,11/15/2019,2019,11,1/0/1900,25.15117,-80.68226,1.4,146,5.13,1.74,1.6,37.48,37.38,,25.16,94.4,6.4,52.12,34.3,8.23,25.54,87.6,5.88,52.77,34.77,8.25,ZWF,LMH,TAP,,,1.67,37.43
20191115NWHIP01,NWHIP01,11/15/2019,2019,11,1/0/1900,25.12453,-80.74102,1.7,170,1.87,0.9,0.91,35.47,35.19,,25.63,82.9,5.47,56.93,37.87,8.14,25.6,89.7,5.9,57.65,38.42,8.18,ZWF,LMH,TAP,,,0.905,35.33
20191115RANKL02,RANKL02,11/15/2019,2019,11,1/0/1900,25.14241,-80.81855,1.1,22,24.9,45.5,46.13,121.84,121.22,,25.82,79.5,5.22,57.38,38.21,8.15,,,,,,,ZWF,LMH,TAP,,,45.815,121.53
20191115RUS01,RUS01,11/15/2019,2019,11,1/0/1900,25.04903,-80.66531,2.4,240,1.97,0.41,0.34,16.3,16.77,,25.4,97.8,6.47,57.02,37.95,8.26,25.68,86.1,5.65,57.61,38.39,8.22,ZWF,LMH,TAP,,,0.375,16.535
20191115RUS02,RUS02,11/15/2019,2019,11,1/0/1900,25.08357,-80.68199,2.2,220,1.46,0.25,0.29,19.7,20.15,,25.69,91.5,6.03,56.92,37.86,8.23,25.69,91.9,6.05,56.92,37.86,8.23,ZWF,LMH,TAP,,,0.27,19.925
20191115SID01,SID01,11/15/2019,2019,11,1/0/1900,25.0189,-80.78629,1.3,130,1.08,0.49,0.49,21.73,22.26,,25.72,71,4.61,60.08,40.26,8.2,25.72,71.4,4.65,60.08,40.25,8.2,ZWF,LMH,TAP,,PB150066.JPG,0.49,21.995
20191115SPY01,SPY01,11/15/2019,2019,11,1/0/1900,25.0253,-80.7206,2.4,240,1.31,0.36,0.39,13.23,13.35,,25.69,97.5,6.41,57.46,38.27,8.32,25.66,99.5,6.55,57.45,38.26,8.33,ZWF,LMH,TAP,,,0.375,13.29
20191115WHIP01,WHIP01,11/15/2019,2019,11,1/0/1900,25.09439,-80.7618,1.9,138,2.87,6.67,5.92,27.14,26.69,,25.73,79.4,5.13,60.98,40.93,8.16,25.65,82.5,5.34,60.99,40.95,8.17,ZWF,LMH,TAP,,,6.295,26.915
20191115WHIP03,WHIP03,11/15/2019,2019,11,1/0/1900,25.04965,-80.76888,2.1,210,1.41,0.43,0.42,19.25,19.65,,25.78,90.2,5.87,59.44,39.77,8.31,25.6,70.6,4.58,60.44,40.53,8.21,ZWF,LMH,TAP,,,0.425,19.45
20200127BLUE02,BLUE02,1/27/2020,2020,1,1/0/1900,24.99505,-80.92757,1.9,190,4.26,1.23,1.07,31.05,25.62,,19.91,109.6,8.13,52.67,34.78,8.17,19.92,110.4,8.19,52.67,34.78,8.17,ZWF,TAP,LMH,"25 subtracted from CDOM, JLS did QA/QC",,1.15,28.335
20200127CAL01,CAL01,1/27/2020,2020,1,1/0/1900,25.05903,-80.7118,1.7,170,2.38,0.32,0.36,38.81,30.64,,19.1,101.3,7.39,59.91,40.2,8.1,19.1,101.9,7.43,59.91,40.2,8.11,ZWF,TAP,LMH,"25 subtracted from CDOM, JLS did QA/QC",,0.34,34.725
20200127CON01,CON01,1/27/2020,2020,1,1/0/1900,25.11847,-80.93966,2.2,70,17.1,3.27,2.96,33.29,34.42,,18.46,86.4,6.59,51.57,33.97,7.96,18.32,83.7,6.43,51.62,34,7.95,ZWF,TAP,LMH,"25 subtracted from CDOM, JLS did QA/QC",,3.115,33.855
20200127CROC01,CROC01,1/27/2020,2020,1,1/0/1900,25.12845,-80.6753,1.1,110,2.2,0.21,0.21,25.93,31.77,,18.75,95.2,7.09,57.12,38.1,8,,,,,,,ZWF,TAP,LMH,"25 subtracted from CDOM, JLS did QA/QC",,0.21,28.85
20200127JOE01,JOE01,1/27/2020,2020,1,1/0/1900,25.21568,-80.53389,1.3,130,3.7,0.35,0.37,48.69,48.24,,19.3,93.2,6.87,56.12,37.38,7.96,19.18,93.6,6.92,56.69,37.78,7.99,ZWF,TAP,LMH,"25 subtracted from CDOM, JLS did QA/QC",,0.36,48.465
20200127JOHN01,JOHN01,1/27/2020,2020,1,1/0/1900,25.06372,-80.90622,0.7,70,5.22,1.36,1.3,33.69,38.05,,18.53,107.9,8.25,52.28,34.49,8.1,,,,,,,ZWF,TAP,LMH,"25 subtracted from CDOM, JLS did QA/QC",,1.33,35.87
20200127JOHN03,JOHN03,1/27/2020,2020,1,1/0/1900,25.04036,-80.91449,1.3,88,10.5,1.76,1.68,31.17,28.53,,19.75,96.1,7.16,52.37,34.56,8.09,19.77,96.2,7.17,52.38,34.57,8.09,ZWF,TAP,LMH,"25 subtracted from CDOM, JLS did QA/QC",,1.72,29.85
20200127LIG02,LIG02,1/27/2020,2020,1,1/0/1900,24.96415,-80.69437,2.5,250,1.69,0.32,0.28,19.11,15.37,,18.83,101.1,7.47,58.19,38.9,8.05,18.81,102.7,7.59,58.2,38.91,8.07,ZWF,TAP,LMH,"25 subtracted from CDOM, JLS did QA/QC",,0.3,17.24
20200127LMAD01,LMAD01,1/27/2020,2020,1,1/0/1900,25.18444,-80.63435,1.1,110,2.22,0.21,0.21,42.66,37.09,,19.02,97,7.42,49.25,32.26,8.01,,,,,,,ZWF,TAP,LMH,"25 subtracted from CDOM, JLS did QA/QC",,0.21,39.875
20200127RAB01,RAB01,1/27/2020,2020,1,1/0/1900,25.01705,-80.89417,1.4,140,2.9,0.67,0.59,25.36,32.82,,18.96,103.2,7.78,53.27,35.22,8.17,18.9,103.6,7.8,53.26,33.22,8.16,ZWF,TAP,LMH,"25 subtracted from CDOM, JLS did QA/QC",,0.63,29.09
20200127RAB02,RAB02,1/27/2020,2020,1,1/0/1900,24.97475,-80.87087,1.8,180,1.07,0.47,0.41,26.61,24.19,,18.9,121.8,9.38,53.58,35.46,8.27,18.93,125.9,9.48,53.58,35.45,8.28,ZWF,TAP,LMH,"25 subtracted from CDOM, JLS did QA/QC",,0.44,25.4
20200127SPY01,SPY01,1/27/2020,2020,1,1/0/1900,25.02589,-80.72054,2.1,210,1.44,0.3,0.28,27.71,33.86,,18.91,104.2,7.63,60,40.27,8.14,18.89,104.9,7.68,60.01,40.28,8.14,ZWF,TAP,LMH,"25 subtracted from CDOM, JLS did QA/QC",,0.29,30.785
20200127TWIN02,TWIN02,1/27/2020,2020,1,1/0/1900,24.98329,-80.80907,2.1,210,1.3,0.89,0.79,39.95,36.49,,18.77,102,7.63,55.76,37.08,8.21,18.76,102.5,7.67,55.77,37.08,8.21,ZWF,TAP,LMH,"25 subtracted from CDOM, JLS did QA/QC",,0.84,38.22
20200127TWIN03,TWIN03,1/27/2020,2020,1,1/0/1900,25.00346,-80.7548,2,200,1.43,0.46,0.41,35.81,41.97,,19.14,99.8,7.31,59.02,39.53,8.15,19.08,104.2,7.63,59.13,39.61,8.17,ZWF,TAP,LMH,"25 subtracted from CDOM, JLS did QA/QC",,0.435,38.89
20200128CAT02,CAT02,1/28/2020,2020,1,1/0/1900,25.09846,-80.87167,1,110,8.3,1.26,1.31,35.05,33.12,,20.53,110.4,8.12,52.12,34.37,8.12,,,,,,,ZWF,TAP,LMH,25 subtracted from CDOM,,1.285,34.085
20200128COR01,COR01,1/28/2020,2020,1,1/0/1900,25.02766,-80.76864,1.7,170,1.67,0.29,0.24,39.28,41.22,,19.92,108.3,7.88,57.19,38.15,8.18,20.54,109.9,7.87,58.3,38.99,8.2,ZWF,TAP,LMH,25 subtracted from CDOM,,0.265,40.25
20200128END02,END02,1/28/2020,2020,1,1/0/1900,25.12661,-80.71835,1.6,160,1.24,0.52,0.54,29.99,35.38,,19.29,98.1,7.17,58.9,39.44,8.01,19.36,93.3,6.8,59.11,39.6,7.99,ZWF,TAP,LMH,25 subtracted from CDOM,,0.53,32.685
20200128NWHIP02,NWHIP02,1/28/2020,2020,1,1/0/1900,25.12441,-80.76482,1.1,110,2.66,4.48,4.88,64.61,66.38,,19.78,107.2,7.8,57.82,38.63,8.12,,,,,,,ZWF,TAP,LMH,25 subtracted from CDOM,,4.68,65.495
20200128PEL01,PEL01,1/28/2020,2020,1,1/0/1900,25.06924,-80.82355,1.2,120,3.38,0.46,0.49,29.69,29.47,,20.4,107,7.84,53.46,35.36,8.2,20.39,107.5,7.88,53.46,35.36,8.21,ZWF,TAP,LMH,25 subtracted from CDOM,,0.475,29.58
20200128PEL02,PEL02,1/28/2020,2020,1,1/0/1900,25.09191,-80.82182,0.9,90,2.19,0.38,0.35,31.44,32.56,,20.51,116.5,8.52,53.41,35.32,8.26,,,,,,,ZWF,TAP,LMH,25 subtracted from CDOM,,0.365,32
20200128PEL03,PEL03,1/28/2020,2020,1,1/0/1900,25.06149,-80.85172,0.9,90,5.44,1.05,0.88,30.17,35.4,,20.1,88.1,6.51,52.71,34.81,8.05,,,,,,,ZWF,TAP,LMH,25 subtracted from CDOM,,0.965,32.785
20200128RANKL01,RANKL01,1/28/2020,2020,1,1/0/1900,25.12277,-80.814,1.2,120,2.61,0.39,0.31,41.75,40.2,,20.66,114.6,8.34,53.78,35.6,8.26,20.6,116.8,8.53,53.67,35.52,8.26,ZWF,TAP,LMH,25 subtracted from CDOM,,0.35,40.975
20200128RANKL03,RANKL03,1/28/2020,2020,1,1/0/1900,25.16362,-80.80341,0.8,33,17.8,18.26,18.89,84.44,80.39,,21.16,106.2,7.64,55.21,36.65,8.15,,,,,,,ZWF,TAP,LMH,25 subtracted from CDOM,,18.575,82.415
20200128SID02,SID02,1/28/2020,2020,1,1/0/1900,25.03241,-80.80634,1.1,110,0.83,0.22,0.19,28.91,25.05,,20.08,102.3,7.52,54.21,35.92,8.23,,,,,,,ZWF,TAP,LMH,25 subtracted from CDOM,P1280076.JPG,0.205,26.98
20200128SNB02,SNB02,1/28/2020,2020,1,1/0/1900,25.13497,-80.85394,0.6,60,4.41,0.96,1.12,41.46,41.58,,19.92,83.9,6.24,52.1,34.35,7.97,,,,,,,ZWF,TAP,LMH,25 subtracted from CDOM,,1.04,41.52
20200128TB01,TB01,1/28/2020,2020,1,1/0/1900,25.15723,-80.72468,0.7,41,15,9.55,9.25,59.23,61,,19.74,93,6.89,53.41,35.3,8.02,,,,,,,ZWF,TAP,LMH,25 subtracted from CDOM,,9.4,60.115
20200128WHIP02,WHIP02,1/28/2020,2020,1,1/0/1900,25.07162,-80.76449,1.9,190,1.05,0.26,0.23,38.16,45.47,,19.44,112.5,8.3,56,37.27,8.16,19.55,101,7.34,58.61,39.22,8.1,ZWF,TAP,LMH,25 subtracted from CDOM,,0.245,41.815
20200129CAT01,CAT01,1/29/2020,2020,1,1/0/1900,25.08812,-80.91292,1.1,66,15,3.76,3.39,34.87,40.8,,20.89,101.1,7.42,51.09,33.61,8.02,,,,,,,ZWF,TAP,LMH,"25 subtracted from CDOM, JLS did QA/QC",,3.575,37.835
20200129END01,END01,1/29/2020,2020,1,1/0/1900,25.10182,-80.71962,1.7,170,1.09,0.27,0.29,45.25,44.94,,20.68,104,7.38,59.62,39.99,8.1,20.69,104.3,7.4,59.63,39.99,8.1,ZWF,TAP,LMH,"25 subtracted from CDOM, JLS did QA/QC",,0.28,45.095
20200129MAD01,MAD01,1/29/2020,2020,1,1/0/1900,25.15087,-80.68219,1.2,120,1.68,0.41,0.38,38.43,40.83,,21.34,95.8,6.78,57.44,38.34,7.99,21.03,97.9,6.97,57.47,38.36,8.01,ZWF,TAP,LMH,"25 subtracted from CDOM, JLS did QA/QC",,0.395,39.63
20200129NWHIP01,NWHIP01,1/29/2020,2020,1,1/0/1900,25.12465,-80.74059,1.4,140,1.78,0.73,0.74,55.54,50.7,,20.47,96.3,6.86,59.44,39.85,8.04,20.5,97.3,6.93,59.41,39.81,8.04,ZWF,TAP,LMH,"25 subtracted from CDOM, JLS did QA/QC",,0.735,53.12
20200129RAB03,RAB03,1/29/2020,2020,1,1/0/1900,25.00121,-80.85727,2,200,0.65,0.17,0.14,22.47,26.41,,20.98,123.3,8.95,53.45,35.35,8.31,20.96,127.4,9.26,53.43,35.34,8.33,ZWF,TAP,LMH,"25 subtracted from CDOM, JLS did QA/QC",,0.155,24.44
20200129RAB04,RAB04,1/29/2020,2020,1,1/0/1900,24.96786,-80.84018,2.1,210,0.79,0.16,0.14,26.25,27.71,,20.31,124.1,9.1,53.63,35.49,8.29,20.27,126.8,9.31,53.61,35.48,8.31,ZWF,TAP,LMH,"25 subtracted from CDOM, JLS did QA/QC, clean healthy thich grass",,0.15,26.98
20200129RANKB01,RANKB01,1/29/2020,2020,1,1/0/1900,25.14952,-80.77921,0.5,60,8.36,7.23,9.35,68.73,67.32,,20.65,93.3,6.61,60.01,40.28,8.13,,,,,,,ZWF,TAP,LMH,"25 subtracted from CDOM, JLS did QA/QC",,8.29,68.025
20200129RANKL02,RANKL02,1/29/2020,2020,1,1/0/1900,25.14248,-80.81808,0.8,80,3.62,0.29,0.27,46.74,43.26,,21.96,112.4,7.99,54.24,35.93,8.2,,,,,,,ZWF,TAP,LMH,"25 subtracted from CDOM, JLS did QA/QC",,0.28,45
20200129RUS01,RUS01,1/29/2020,2020,1,1/0/1900,25.04848,-80.6657,2.2,220,3.02,0.23,0.23,20.09,20.83,,20.13,98.2,7.07,58.52,39.16,8.02,20.13,98.8,7.11,58.53,39.16,8.03,ZWF,TAP,LMH,"25 subtracted from CDOM, JLS did QA/QC",,0.23,20.46
20200129RUS02,RUS02,1/29/2020,2020,1,1/0/1900,25.08363,-80.68221,1.9,190,1.68,0.23,0.24,25.63,24.75,,20.39,97.2,6.96,58.83,39.39,8.04,20.39,97.5,6.98,58.84,39.4,8.04,ZWF,TAP,LMH,"25 subtracted from CDOM, JLS did QA/QC",,0.235,25.19
20200129SID01,SID01,1/29/2020,2020,1,1/0/1900,25.01872,-80.78639,1.1,110,1.12,0.37,0.28,40.34,39.55,,21.18,96.7,6.92,55.46,36.85,8.18,,,,,,,ZWF,TAP,LMH,"25 subtracted from CDOM, JLS did QA/QC, grass thick with epiphytes and silt",P1290080.JPG,0.325,39.945
20200129SNB01,SNB01,1/29/2020,2020,1,1/0/1900,25.1409,-80.8935,1.7,36,33.6,5.27,4.77,50.65,44.71,,20.73,93.6,6.88,51.89,34.2,7.88,20.82,94,6.89,51.88,34.19,7.88,ZWF,TAP,LMH,"25 subtracted from CDOM, JLS did QA/QC",,5.02,47.68
20200129TWIN01,TWIN01,1/29/2020,2020,1,1/0/1900,24.95857,-80.78072,2.6,260,0.87,0.45,0.42,30.68,31.09,,20.64,104.2,7.52,56.02,37.27,8.22,20.22,105,7.62,56.36,37.53,8.22,ZWF,TAP,LMH,"25 subtracted from CDOM, JLS did QA/QC",,0.435,30.885
20200129WHIP01,WHIP01,1/29/2020,2020,1,1/0/1900,25.0938,-80.76157,1.7,170,1.57,1.25,1.1,55.8,51.37,,20.56,103.7,7.44,57.74,38.57,8.11,21.07,100,7.07,58.96,39.49,8.08,ZWF,TAP,LMH,"25 subtracted from CDOM, JLS did QA/QC",,1.175,53.585
20200129WHIP03,WHIP03,1/29/2020,2020,1,1/0/1900,25.04912,-80.76853,1.9,190,0.9,0.41,0.3,39.46,34.11,,20.89,103.8,7.45,56.13,37.36,8.16,21.09,97.3,6.94,57.28,38.21,8.14,ZWF,TAP,LMH,"25 subtracted from CDOM, JLS did QA/QC, Dead seagrass laying down",P1290078.JPG,0.355,36.785
20200130BBK01,BBK01,1/30/2020,2020,1,1/0/1900,25.15913,-80.62456,1.6,160,2.29,0.25,0.28,24.89,27.12,,21.16,97.7,7.11,51.73,34.07,8.02,21.28,97.5,7.07,51.95,34.25,8.01,ZWF,TAP,LMH,"25 subtracted from CDOM, JLS did data entry",,0.265,26.005
20200130BBK02,BBK02,1/30/2020,2020,1,1/0/1900,25.12409,-80.59013,1.4,140,5.89,0.29,0.26,23.78,20.34,,21.22,98.6,7.11,53.9,35.68,8,21.22,98.9,7.13,53.9,35.68,8,ZWF,TAP,LMH,"25 subtracted from CDOM, JLS did data entry",,0.275,22.06
20200130BLAS01,BLAS01,1/30/2020,2020,1,1/0/1900,25.17049,-80.4171,3.1,310,0.72,0.31,0.34,27.11,31.28,,21.19,106.7,7.63,55.62,36.97,8.04,21.19,106.8,7.64,55.62,36.97,8.04,ZWF,TAP,LMH,"25 subtracted from CDOM, JLS did data entry",,0.325,29.195
20200130BNUT01,BNUT01,1/30/2020,2020,1,1/0/1900,25.07368,-80.53062,2.3,,5.96,0.2,0.19,20.23,22.58,,21.4,104.2,7.37,57.46,38.34,8.04,21.39,104.5,7.4,57.46,38.34,8.04,ZWF,TAP,LMH,"25 subtracted from CDOM, JLS did data entry, Too windy for secchi",,0.195,21.405
20200130BUTT01,BUTT01,1/30/2020,2020,1,1/0/1900,25.11092,-80.45536,2.3,230,0.76,0.31,0.31,25.59,23,,21.55,106.5,7.5,57.82,38.61,8.05,21.56,106.4,7.49,57.81,38.61,8.05,ZWF,TAP,LMH,"25 subtracted from CDOM, JLS did data entry",,0.31,24.295
20200130COTT01,COTT01,1/30/2020,2020,1,1/0/1900,24.99589,-80.57909,2.2,220,1.24,0.21,0.22,29.17,35.81,,21.6,114.9,8.09,57.73,38.54,8.01,21.6,115.1,8.11,57.73,38.54,8.1,ZWF,TAP,LMH,"25 subtracted from CDOM, JLS did data entry",,0.215,32.49
20200130COTT02,COTT02,1/30/2020,2020,1,1/0/1900,24.9788,-80.62466,1.9,,7.25,0.34,0.28,4.61,10.73,,21.61,106.3,7.49,57.75,38.57,8.05,21.61,107.2,7.54,57.75,38.56,8.05,ZWF,TAP,LMH,"25 subtracted from CDOM, JLS did data entry, Too windy for secchi",,0.31,7.67
20200130DEER01,DEER01,1/30/2020,2020,1,1/0/1900,25.18523,-80.51401,1.3,130,3.83,0.22,0.25,23.74,21.85,,21.5,92.3,6.52,57.59,38.44,7.98,21.48,92.6,6.54,57.58,38.44,7.98,ZWF,TAP,LMH,"25 subtracted from CDOM, JLS did data entry",,0.235,22.795
20200130DUCK01,DUCK01,1/30/2020,2020,1,1/0/1900,25.18978,-80.47343,1.4,140,5.14,0.37,0.36,23.9,26.01,,21.6,103.7,7.29,58.04,38.79,8.04,21.59,103.8,7.3,58.06,38.8,8.04,ZWF,TAP,LMH,"25 subtracted from CDOM, JLS did data entry",,0.365,24.955
20200130DUCK02,DUCK02,1/30/2020,2020,1,1/0/1900,25.15509,-80.4838,1.2,120,4.63,0.32,0.33,19.83,20.77,,21.17,98.1,6.95,58.03,38.77,7.98,21.17,98.2,6.95,58.03,38.78,7.98,ZWF,TAP,LMH,"25 subtracted from CDOM, JLS did data entry",,0.325,20.3
20200130EAGLE01,EAGLE01,1/30/2020,2020,1,1/0/1900,25.17804,-80.57283,1.4,140,3.63,0.2,0.19,27.25,27.27,,21.27,99.4,7.15,54.24,35.93,8.01,21.26,99.5,7.16,54.24,35.93,8.01,ZWF,TAP,LMH,"25 subtracted from CDOM, JLS did data entry",,0.195,27.26
20200130JIM01,JIM01,1/30/2020,2020,1,1/0/1900,25.04011,-80.61565,2.3,,2.72,0.26,0.23,20.54,16.24,,21.39,103.1,7.3,57.33,38.25,8.04,21.38,103.3,7.31,57.33,28.25,8.04,ZWF,TAP,LMH,"25 subtracted from CDOM, JLS did data entry, Too windy for secchi",,0.245,18.39
20200130LBS01,LBS01,1/30/2020,2020,1,1/0/1900,25.21265,-80.44299,1.5,150,1.46,0.28,0.29,31.5,29.21,,21.74,100,7.17,53.15,35.12,8.07,21.74,99.9,7.15,53.16,35.13,8.07,ZWF,TAP,LMH,"25 subtracted from CDOM, JLS did data entry",,0.285,30.355
20200130LBUT01,LBUT01,1/30/2020,2020,1,1/0/1900,25.13773,-80.44755,2,200,0.76,0.29,0.33,37.25,36.2,,21.82,104.6,7.33,57.7,38.52,8.07,21.83,104.6,7.33,57.7,38.52,8.07,ZWF,TAP,LMH,"25 subtracted from CDOM, JLS did data entry",,0.31,36.725
20200130LONS01,LONS01,1/30/2020,2020,1,1/0/1900,25.23078,-80.45724,1.31,131,1.91,0.33,0.28,36.58,34.41,,21.86,97.9,7.03,52.13,34.36,8.03,21.86,97.8,7.02,52.12,34.35,8.03,ZWF,TAP,LMH,"25 subtracted from CDOM, JLS did data entry",,0.305,35.495
20200130MANK01,MANK01,1/30/2020,2020,1,1/0/1900,25.08437,-80.60423,2,,6.3,0.31,0.37,17.28,19.44,,20.96,100.6,7.23,55.67,37.01,8.01,20.96,100.8,7.24,55.68,37.01,8.01,ZWF,TAP,LMH,"25 subtracted from CDOM, JLS did data entry, Too windy for secchi",,0.34,18.36
20200130NEST01,NEST01,1/30/2020,2020,1,1/0/1900,25.1624,-80.53238,1.3,130,5.37,0.27,0.35,25.1,28.01,,21.35,97.6,6.96,55.97,37.24,7.99,21.35,97.7,6.96,55.98,37.24,7.99,ZWF,TAP,LMH,"25 subtracted from CDOM, JLS did data entry",,0.31,26.555
20200130NEST02,NEST02,1/30/2020,2020,1,1/0/1900,25.126557,-80.54161,1.6,,12.2,0.22,0.17,19.21,19.18,,21.58,99.7,7.08,55.82,37.11,8,21.57,99.9,7.09,55.82,37.08,7.99,ZWF,TAP,LMH,"25 subtracted from CDOM, JLS did data entry, Too windy for secchi",,0.195,19.195
20200130SWA01,SWA01,1/30/2020,2020,1,1/0/1900,25.10923,-80.49642,1.8,,13.1,0.21,0.19,40.6,32.41,,21.51,104,7.34,57.71,38.54,8,21.49,104.5,7.37,57.72,38.54,8,ZWF,TAP,LMH,"25 subtracted from CDOM, JLS did data entry, Too windy for secchi",,0.2,36.505
20200130TAV01,TAV01,1/30/2020,2020,1,1/0/1900,25.01904,-80.56651,2.3,230,2.13,0.14,0.27,32.99,34.28,,21.77,108.7,7.63,57.86,38.64,8.08,21.78,109.9,7.72,57.85,38.63,8.08,ZWF,TAP,LMH,"25 subtracted from CDOM, JLS did data entry",,0.205,33.635
20200130UCB01,UCB01,1/30/2020,2020,1,1/0/1900,25.04297,-80.5531,2.1,,3.24,0.18,0.2,22.99,21.86,,21.75,107.7,7.57,57.59,38.44,8.08,21.76,108.8,7.65,57.57,38.42,8.08,ZWF,TAP,LMH,"25 subtracted from CDOM, JLS did data entry, Too windy for secchi",,0.19,22.425
20200131BLUE01,BLUE01,1/31/2020,2020,1,1/0/1900,25.02269,-80.92751,1.1,130,6.94,1.02,1.09,42.4,43.67,,22.31,90,6.43,51.6,33.97,7.98,,,,,,,ZWF,TAP,LMH,"25 subtracted from CDOM, JLS did data entry",,1.055,43.035
20200131CAP01,CAP01,1/31/2020,2020,1,1/0/1900,25.00746,-80.64691,2,200,2.52,0.23,0.23,22.64,20.06,,21.57,98.6,6.94,58.68,39.27,8.04,21.57,99.7,7,58.69,39.27,8.04,ZWF,TAP,LMH,"25 subtracted from CDOM, JLS did data entry",,0.23,21.35
20200131CON02,CON02,1/31/2020,2020,1,1/0/1900,25.10172,-81.02087,2.3,110,9.32,1.64,1.62,41.02,43.41,,21.07,94.3,6.9,51.01,33.54,7.97,21.06,94.3,6.9,51,33.54,7.97,ZWF,TAP,LMH,"25 subtracted from CDOM, JLS did data entry",,1.63,42.215
20200131FNB01,FNB01,1/31/2020,2020,1,1/0/1900,25.0584,-81.01895,2.7,70,13.7,1.16,1.36,36.2,35.49,,22.21,103.4,7.39,51.85,34.15,8.03,22.04,101.9,7.3,51.94,34.21,8.01,ZWF,TAP,LMH,"25 subtracted from CDOM, JLS did data entry",,1.26,35.845
20200131FNB02,FNB02,1/31/2020,2020,1,1/0/1900,25.057,-80.98072,1,80,9.16,1.64,1.84,38.72,37.71,,21.93,93.7,6.72,52.34,34.52,7.96,,,,,,,ZWF,TAP,LMH,"25 subtracted from CDOM, JLS did data entry",,1.74,38.215
20200131JOHN02,JOHN02,1/31/2020,2020,1,1/0/1900,25.05648,-80.93094,1.1,70,15.5,1.76,1.71,39.05,40.61,,22.41,94.3,6.72,51.51,33.9,8.07,22.36,95.2,6.79,51.48,33.88,8.07,ZWF,TAP,LMH,"25 subtracted from CDOM, JLS did data entry",,1.735,39.83
20200131LIG01,LIG01,1/31/2020,2020,1,1/0/1900,24.93431,-80.70985,2.6,260,0.95,0.26,0.3,32.58,30.2,,21.96,95,6.64,58.44,39.08,8.06,21.9,97.8,6.83,58.46,39.1,8.06,ZWF,TAP,LMH,"25 subtracted from CDOM, JLS did data entry",,0.28,31.39
20200131LIG03,LIG03,1/31/2020,2020,1,1/0/1900,24.965563,-80.72718,2,200,2.34,0.45,0.6,47.61,47.81,,22.26,98.5,6.85,58.31,38.97,8.14,22.26,100.6,6.99,58.33,38.99,8.14,ZWF,TAP,LMH,"25 subtracted from CDOM, JLS did data entry",,0.525,47.71
20200131LONG01,LONG01,1/31/2020,2020,1,1/0/1900,24.8991,-80.76595,2.3,,2.31,0.4,0.46,41.59,40.02,,22.46,102.7,7.15,57.02,38,8.19,22.39,105.4,7.33,57.02,38,8.19,ZWF,TAP,LMH,"25 subtracted from CDOM, JLS did data entry",,0.43,40.805
20200131LONG02,LONG02,1/31/2020,2020,1,1/0/1900,24.87625,-80.82944,2.4,240,1.35,0.27,0.3,30.91,32.67,,21.69,102.8,7.35,53.89,35.67,8.16,21.65,104.5,7.48,53.89,35.67,8.16,ZWF,TAP,LMH,"25 subtracted from CDOM, JLS did data entry",,0.285,31.79
20200131NMB01,NMB01,1/31/2020,2020,1,1/0/1900,25.00006,-80.9789,1.2,160,4.43,0.8,0.76,41.03,42.42,,20.93,93.6,6.86,51.27,33.74,7.97,20.92,95.9,7.04,51.28,33.74,7.98,ZWF,TAP,LMH,"25 subtracted from CDOM, JLS did data entry",,0.78,41.725
20200131NMB02,NMB02,1/31/2020,2020,1,1/0/1900,24.94726,-80.92939,2.8,280,1.12,0.23,0.22,43.78,42.77,,21.63,116.6,8.38,52.98,35,8.23,21.64,119.5,8.59,52.96,34.98,8.24,ZWF,TAP,LMH,"25 subtracted from CDOM, JLS did data entry",,0.225,43.275
20200131NMB03,NMB03,1/31/2020,2020,1,1/0/1900,24.90557,-80.88216,1.7,170,0.97,0.25,0.33,34.76,32.72,,21.27,114.5,8.27,53.32,35.25,8.26,21.26,115.7,8.36,53.32,35.25,8.26,ZWF,TAP,LMH,"25 subtracted from CDOM, JLS did data entry",,0.29,33.74
20200131PORP01,PORP01,1/31/2020,2020,1,1/0/1900,25.01015,-80.6905,2.2,220,1.3,0.25,0.3,34.67,36.27,,21.95,101.3,7.02,60.11,40.35,8.12,21.95,101.9,7.05,60.11,40.35,8.12,ZWF,TAP,LMH,"25 subtracted from CDOM, JLS did data entry",,0.275,35.47
20200316BBK01,BBK01,3/16/2020,2020,3,1/0/1900,25.15945,-80.62455,1.5,,3.69,0.22,0.19,17.59,17.4,,24.88,96.9,6.57,53.3,35.18,8.1,25.17,98.1,6.61,53.78,35.52,8.11,TAP,LMH,TAP,,,0.205,17.495
20200316BBK02,BBK02,3/16/2020,2020,3,1/0/1900,25.12407,-80.59044,1.3,,3.68,0.39,0.34,16.06,16.04,,20.97,98.2,6.55,57,37.94,8.08,24.98,98.6,6.57,56.98,37.92,8.09,TAP,LMH,TAP,,,0.365,16.05
20200316BLAS01,BLAS01,3/16/2020,2020,3,1/0/1900,25.16958,-80.41682,2.4,240,0.93,0.34,0.38,23.91,23.97,,24.54,100.7,6.74,57.57,38.38,8.1,24.54,101.1,6.77,57.59,38.39,8.11,TAP,LMH,TAP,,,0.36,23.94
20200316BNUT01,BNUT01,3/16/2020,2020,3,1/0/1900,25.07424,-80.53107,2.1,,6.15,0.48,0.58,13.66,13.68,,25.06,103.9,6.86,58.72,39.24,8.06,25.05,103.9,6.87,58.73,39.25,8.07,TAP,LMH,TAP,,,0.53,13.67
20200316BUTT01,BUTT01,3/16/2020,2020,3,1/0/1900,25.11018,-80.45614,2,200,0.78,0.19,0.23,24.96,24.45,,25.03,95.8,6.32,58.89,39.36,7.94,25.04,95.6,6.31,58.88,39.36,8.02,TAP,LMH,TAP,,,0.21,24.705
20200316CAT01,CAT01,3/16/2020,2020,3,1/0/1900,25.08797,-80.91357,1.3,48,30.4,1.24,,29.09,,,25.221,84.9,5.7,54.199,35.84,7.98,25.201,83.9,5.7,50.513,32.71,7.95,ZWF,LMH,TAP,,,,
20200316COTT01,COTT01,3/16/2020,2020,3,1/0/1900,24.9958,-80.57983,2,200,1.08,0.3,0.32,9.13,9.5,,25.06,104.1,6.86,59.26,39.64,8.15,25.06,105.2,6.94,59.26,39.64,8.16,TAP,LMH,TAP,,,0.31,9.315
20200316COTT02,COTT02,3/16/2020,2020,3,1/0/1900,24.98039,-80.62489,2.2,220,1.32,0.28,0.28,6.47,6.41,,24.95,100.5,6.65,58.88,39.36,8.1,24.94,101,6.68,58.89,39.36,8.11,TAP,LMH,TAP,,,0.28,6.44
20200316DEER01,DEER01,3/16/2020,2020,3,1/0/1900,25.18448,-80.51478,1.1,110,3.97,0.28,0.3,19.73,19.54,,24.93,93.4,6.16,59.34,39.75,8.14,24.93,93.5,6.17,59.4,39.76,8.14,TAP,LMH,TAP,,,0.29,19.635
20200316DUCK01,DUCK01,3/16/2020,2020,3,1/0/1900,25.18997,-80.47388,1.2,120,1.16,0.15,0.19,22.29,21.96,,24.84,99.1,6.57,58.58,39.13,8.16,24.85,98.2,6.51,58.58,39.14,8.17,TAP,LMH,TAP,,,0.17,22.125
20200316DUCK02,DUCK02,3/16/2020,2020,3,1/0/1900,25.15515,-80.48408,1.1,110,1.71,0.38,0.35,17.44,17.62,,24.25,97.3,6.49,59.51,39.86,8.15,24.26,97.4,6.5,59.52,39.86,8.16,TAP,LMH,TAP,,,0.365,17.53
20200316EAGLE01,EAGLE01,3/16/2020,2020,3,1/0/1900,25.17758,-80.57259,1.3,130,3.49,0.24,0.24,20.65,20.92,,25,94.5,6.33,55.67,36.94,8.09,25.6,92.3,6.07,57.14,38.03,8.08,TAP,LMH,TAP,,,0.24,20.785
20200316END01,END01,3/16/2020,2020,3,1/0/1900,25.10092,-80.71954,1.5,150,1.42,0.12,,23.4,,,25.485,98,6.41,59.362,39.71,8.18,25.52,99.6,6.51,59.336,39.69,8.2,ZWF,LMH,TAP,,,,
20200316JIM01,JIM01,3/16/2020,2020,3,1/0/1900,25.04062,-80.61574,2,,2.86,0.44,0.44,13.92,13.77,,24.85,99.9,6.62,58.82,39.31,8.12,24.85,100.2,6.64,58.82,39.32,8.12,TAP,LMH,TAP,,,0.44,13.845
20200316LBS01,LBS01,3/16/2020,2020,3,1/0/1900,25.21172,-80.44348,1,100,2.44,0.2,0.19,26.4,26.6,,24.54,93.9,6.34,55.49,36.82,8.11,24.56,93.9,6.35,55.52,36.84,8.12,TAP,LMH,TAP,,,0.195,26.5
20200316LBUT01,LBUT01,3/16/2020,2020,3,1/0/1900,25.1359,-80.44843,1.8,180,1.04,0.26,0.3,23.72,23.6,,24.92,97.3,6.42,59.47,39.81,8.15,24.91,97.3,6.42,59.5,39.83,8.18,TAP,LMH,TAP,,,0.28,23.66
20200316LONS01,LONS01,3/16/2020,2020,3,1/0/1900,25.22958,-80.45752,1.2,120,2.36,0.37,0.32,29.22,29.16,,25.13,91.9,6.14,55.62,36.9,8.08,25.13,91.4,6.11,55.59,36.88,8.08,TAP,LMH,TAP,,,0.345,29.19
20200316MAD01,MAD01,3/16/2020,2020,3,1/0/1900,25.1507,-80.68244,1,100,5.28,0.64,,24.41,,,25.994,99.8,6.43,60.78,40.77,8.04,,,,,,,ZWF,LMH,TAP,,,,
20200316MANK01,MANK01,3/16/2020,2020,3,1/0/1900,25.08467,-80.60365,1.3,,6.68,0.39,0.41,13.83,14.33,,24.98,97.6,6.48,57.87,38.55,8.06,24.98,97.9,6.5,57.84,38.57,8.07,TAP,LMH,TAP,,,0.4,14.08
20200316NEST01,NEST01,3/16/2020,2020,3,1/0/1900,25.16284,-80.53277,1.1,110,2.61,0.47,0.59,15.34,15.54,,24.83,95.5,6.3,59.75,40.02,8.08,24.83,95.8,6.32,59.75,40.02,8.09,TAP,LMH,TAP,,,0.53,15.44
20200316NEST02,NEST02,3/16/2020,2020,3,1/0/1900,25.12624,-80.54196,1.4,140,4.86,0.42,0.45,14.25,14.06,,25.42,99.6,6.5,60.11,40.28,8.08,25.42,99.8,6.51,60.14,40.31,8.08,TAP,LMH,TAP,,,0.435,14.155
20200316NWHIP01,NWHIP01,3/16/2020,2020,3,1/0/1900,25.12453,-80.74091,1.4,140,1.51,0.4,,34.43,,,25.185,85.3,5.6,59.477,39.81,8.09,25.222,87.8,5.77,56.24,33.41,7.96,ZWF,LMH,TAP,,,,
20200316RAB03,RAB03,3/16/2020,2020,3,1/0/1900,25.00104,-80.8574,2.1,210,0.59,0.17,,32.61,,,25.642,95.1,6.3,55.716,36.96,8.4,25.626,96.7,6.41,55.704,36.95,8.41,ZWF,LMH,TAP,,,,
20200316RAB04,RAB04,3/16/2020,2020,3,1/0/1900,24.96852,-80.84004,2.2,220,0.67,0.22,,32.65,,,25.314,91,6.08,55.146,36.54,8.39,25.349,92.3,6.17,55.128,36.53,8.41,ZWF,LMH,TAP,,,,
20200316RANKB01,RANKB01,3/16/2020,2020,3,1/0/1900,25.14691,-80.77613,0.5,50,6.25,0.6,,49.12,,,24.975,52.4,3.39,65.284,44.26,7.96,,,,,,,ZWF,LMH,TAP,,,,
20200316RANKL02,RANKL02,3/16/2020,2020,3,1/0/1900,25.14205,-80.81829,0.7,47,20.2,8.3,,65.66,,,26.225,112.3,7.23,60.462,40.53,8.17,,,,,,,ZWF,LMH,TAP,,,,
20200316RUS01,RUS01,3/16/2020,2020,3,1/0/1900,25.04937,-80.66576,2.1,,2.47,0.37,,16.84,,,24.844,96.7,6.4,59.03,39.47,8.07,24.876,95.9,6.34,59.202,39.6,8.09,ZWF,LMH,TAP,,,,
20200316RUS02,RUS02,3/16/2020,2020,3,1/0/1900,25.08258,-80.68214,1.8,180,1.48,0.24,,17.13,,,24.884,93.8,6.22,58.49,39.07,8.08,24.911,94.4,6.26,58.234,38.89,8.08,ZWF,LMH,TAP,,,,
20200316SID01,SID01,3/16/2020,2020,3,1/0/1900,25.01859,-80.78671,0.9,90,1.31,0.3,,28.24,,,25.449,95.5,6.23,60.035,40.22,8.31,,,,,,,ZWF,LMH,TAP,,,,
20200316SNB01,SNB01,3/16/2020,2020,3,1/0/1900,25.14168,-80.89384,2.3,50,24.5,1.16,,40.55,,,24.99,57.6,3.87,55.37,36.72,7.89,25.02,62.2,4.16,55.651,36.92,7.86,ZWF,LMH,TAP,,,,
20200316SWA01,SWA01,3/16/2020,2020,3,1/0/1900,25.10922,-80.49693,1.7,170,3.51,0.57,0.67,13.89,14.02,,25.13,105.4,6.96,58.51,39.08,8.11,25.15,106.7,7.05,58.59,39.13,8.12,TAP,LMH,TAP,,,0.62,13.955
20200316TAV01,TAV01,3/16/2020,2020,3,1/0/1900,25.01876,-80.5668,2,200,1.26,0.28,0.3,12.12,12.36,,24.89,102.8,6.78,59.85,40.1,8.2,24.89,102.8,6.78,59.85,40.1,8.2,TAP,LMH,TAP,,,0.29,12.24
20200316TWIN01,TWIN01,3/16/2020,2020,3,1/0/1900,24.95889,-80.78112,2.5,250,1.15,0.38,,31,,,25.062,98.9,6.64,54.686,36.21,8.31,25.072,100.8,6.77,54.683,36.2,8.31,ZWF,LMH,TAP,,,,
20200316UCB01,UCB01,3/16/2020,2020,3,1/0/1900,25.0432,-80.5528,1.9,190,3.04,0.51,0.5,13.71,13.63,,25.09,105.7,6.95,59.55,39.86,8.16,25.09,105.7,6.96,59.55,39.86,8.17,TAP,LMH,TAP,,,0.505,13.67
20200316WHIP01,WHIP01,3/16/2020,2020,3,1/0/1900,25.09452,-80.76214,1.6,160,1.12,0.2,,34.65,,,25.538,92.3,6.02,59.804,40.04,8.26,25.451,93,6.07,59.795,40.04,8.27,ZWF,LMH,TAP,,,,
20200316WHIP03,WHIP03,3/16/2020,2020,3,1/0/1900,25.04976,-80.7691,1.8,180,1.23,0.38,,31.55,,,25.188,94.5,6.22,59.001,39.45,8.23,25.189,95.1,6.26,58.99,39.44,8.24,ZWF,LMH,TAP,,,,
20200317BLUE02,BLUE02,3/17/2020,2020,3,1/0/1900,24.99521,-80.92686,2.1,210,1.36,0.25,0.29,27.36,27,,25.105,96.1,6.38,57.002,37.94,8.28,25.104,97.8,6.53,57.012,37.95,8.28,JLS,LMH,TAP,sample to FWC for ID,,0.27,27.18
20200317CAL01,CAL01,3/17/2020,2020,3,1/0/1900,25.05939,-80.71098,0.9,90,1.68,0.22,0.16,19.96,20.23,,24.028,86,5.74,60.761,40.82,8.07,,,,,,,JLS,LMH,TAP,sample to FWC for ID,,0.19,20.095
20200317CAT02,CAT02,3/17/2020,2020,3,1/0/1900,25.0985,-80.87222,1,100,6.12,0.59,0.55,48.93,47.32,,24.15,70.3,4.7,59.29,39.7,8.2,,,,,,,ZWF,LMH,TAP,,,0.57,48.125
20200317CON01,CON01,3/17/2020,2020,3,1/0/1900,25.11824,-80.94649,2.6,60,16.9,2.96,3.23,30.82,30.49,,25.256,93.8,6.29,54.479,36.04,7.96,25.132,92.1,6.19,54.494,36.06,7.96,JLS,LMH,TAP,,,3.095,30.655
20200317COR01,COR01,3/17/2020,2020,3,1/0/1900,25.02775,-80.76881,1.4,140,1.39,0.37,0.36,20.48,20.97,,25.18,92.8,6.07,60.42,40.52,8.25,25.16,92.9,6.1,60.42,40.52,8.25,ZWF,LMH,TAP,,,0.365,20.725
20200317CROC01,CROC01,3/17/2020,2020,3,1/0/1900,25.12851,-80.67532,1,100,2.4,0.12,0.07,21.28,21.62,,24.307,94.4,6.29,59.594,39.91,8.13,24.28,93.2,6.22,59.667,39.96,8.12,JLS,LMH,TAP,,,0.095,21.45
20200317END02,END02,3/17/2020,2020,3,1/0/1900,25.12678,-80.71906,1.3,130,1.72,0.43,0.35,29.48,28.72,,24.87,88.8,5.84,60.44,40.55,8.11,24.86,88.8,5.84,60.43,40.54,8.11,ZWF,LMH,TAP,sample to FWC for ID,,0.39,29.1
20200317JOE01,JOE01,3/17/2020,2020,3,1/0/1900,25.21369,-80.5333,1.1,110,8.01,0.54,0.41,43.28,42.02,,24.31,71.2,5.05,45.212,29.26,8,24.34,70.6,4.98,45.02,29.24,7.97,JLS,LMH,TAP,sample to FWC for ID,,0.475,42.65
20200317JOHN01,JOHN01,3/17/2020,2020,3,1/0/1900,25.06404,-80.90199,1.1,110,5.62,0.39,0.39,37.73,38.18,,24.59,90.7,6.05,58.258,38.9,8.18,24.604,91,6.08,58.283,38.91,8.19,JLS,LMH,TAP,,,0.39,37.955
20200317JOHN03,JOHN03,3/17/2020,2020,3,1/0/1900,25.03927,-80.91576,1.6,130,7.97,0.59,0.6,29.85,29.42,,25.085,95.2,6.32,57.38,38.22,8.25,25.065,99.1,6.57,57.359,38.21,8.25,JLS,LMH,TAP,sample to FWC for ID,,0.595,29.635
20200317LIG02,LIG02,3/17/2020,2020,3,1/0/1900,24.96538,-80.69403,2.2,220,1.22,0.23,0.2,8.02,7.89,,24.728,94.8,6.28,59.462,39.81,8.14,24.727,94.3,6.25,59.443,39.79,8.14,JLS,LMH,TAP,sample to FWC for ID,,0.215,7.955
20200317LMAD01,LMAD01,3/17/2020,2020,3,1/0/1900,25.18421,-80.6348,1,100,3.66,0.18,0.16,34.6,34.74,,24.552,83.7,5.9,45.238,29.28,8.16,24.548,84.2,5.93,45.276,29.3,8.16,JLS,LMH,TAP,,,0.17,34.67
20200317NWHIP02,NWHIP02,3/17/2020,2020,3,1/0/1900,25.12421,-80.76534,1,100,1.42,0.61,0.6,37.25,37.45,,24.4,78.7,5.21,60.79,40.83,8.09,,,,,,,ZWF,LMH,TAP,sample to FWC for ID,,0.605,37.35
20200317PEL01,PEL01,3/17/2020,2020,3,1/0/1900,25.06974,-80.82377,0.8,80,1.51,0.38,0.38,47.59,51.01,,25.3,98.9,6.55,57.47,38.29,8.46,,,,,,,ZWF,LMH,TAP,,,0.38,49.3
20200317PEL02,PEL02,3/17/2020,2020,3,1/0/1900,25.09223,-80.82162,0.8,80,1.88,0.42,0.49,47.11,47.49,,24.43,85.7,5.7,59.26,39.67,8.22,,,,,,,ZWF,LMH,TAP,,,0.455,47.3
20200317PEL03,PEL03,3/17/2020,2020,3,1/0/1900,25.0609,-80.85194,0.7,70,2.1,0.56,0.54,39.52,39.69,,24.28,84.4,5.69,56.8,37.81,8.34,,,,,,,ZWF,LMH,TAP,,,0.55,39.605
20200317RAB01,RAB01,3/17/2020,2020,3,1/0/1900,25.01943,-80.89008,1.4,140,0.8,0.24,0.31,38.1,38.19,,24.974,92.1,6.1,58.278,38.9,8.39,24.968,94.9,6.26,58.268,38.89,8.39,JLS,LMH,TAP,,,0.275,38.145
20200317RAB02,RAB02,3/17/2020,2020,3,1/0/1900,24.97444,-80.87155,1.4,140,0.44,0.15,0.17,27.63,27.11,,24.899,97.7,6.54,56.506,37.57,8.45,24.761,96.9,6.5,56.395,37.51,8.44,JLS,LMH,TAP,,,0.16,27.37
20200317RANKL01,RANKL01,3/17/2020,2020,3,1/0/1900,25.12258,-80.81409,1,100,3.68,0.64,0.55,44.06,42.78,,25.59,114.7,7.57,57.07,37.98,8.27,,,,,,,ZWF,LMH,TAP,sample to FWC for ID,,0.595,43.42
20200317RANKL03,RANKL03,3/17/2020,2020,3,1/0/1900,25.16722,-80.80135,0.5,18,70.5,18.25,21.84,76.45,76.9,,25.35,94,6.07,62.49,42.25,8.04,,,,,,,ZWF,LMH,TAP,sample to FWC for ID,,20.045,76.675
20200317SID02,SID02,3/17/2020,2020,3,1/0/1900,25.03257,-80.8064,0.9,90,1.1,0.28,0.27,29.44,29.48,,23.32,86.5,5.75,59.95,40.19,8.28,,,,,,,ZWF,LMH,TAP,DEAD GRASS; sample to FWC for ID,,0.275,29.46
20200317SNB02,SNB02,3/17/2020,2020,3,1/0/1900,25.13468,-80.85397,,,6.21,5.8,4.35,58.15,58.3,,24.92,74,4.87,59.74,40.01,8.31,,,,,,,ZWF,LMH,TAP,,,5.075,58.225
20200317SPY01,SPY01,3/17/2020,2020,3,1/0/1900,25.02646,-80.72034,1.9,190,1.36,0.22,0.19,16.45,16.66,,25.393,97.7,6.35,61.148,41.08,8.24,25.41,97.6,6.35,61.092,41.04,8.23,JLS,LMH,TAP,,,0.205,16.555
20200317TB01,TB01,3/17/2020,2020,3,1/0/1900,25.15728,-80.72475,0.5,51,14.1,8.45,8.91,57.43,56.59,,24.53,78,5.26,55.86,37.1,8.09,,,,,,,ZWF,LMH,TAP,sample to FWC for ID,,8.68,57.01
20200317TWIN02,TWIN02,3/17/2020,2020,3,1/0/1900,24.98376,-80.80829,1.9,190,1.05,0.28,0.37,25.97,25.89,,25.006,95.9,6.34,58.688,39.21,8.25,25.007,95.1,6.3,58.634,39.19,8.24,JLS,LMH,TAP,,,0.325,25.93
20200317TWIN03,TWIN03,3/17/2020,2020,3,1/0/1900,25.00318,-80.75419,1.8,180,1.89,0.36,0.32,14.22,14.06,,24.939,100.6,6.6,60.651,40.7,8.19,24.935,99.9,6.56,60.648,40.7,8.18,JLS,LMH,TAP,,,0.34,14.14
20200317WHIP02,WHIP02,3/17/2020,2020,3,1/0/1900,25.07138,-80.76493,1.6,160,1.32,0.72,0.72,41.42,41.08,,24.9,92.8,6.21,56.37,37.47,8.25,24.91,92.8,6.21,56.19,37.27,8.25,ZWF,LMH,TAP,,,0.72,41.25
20200318BLUE01,BLUE01,3/18/2020,2020,3,1/0/1900,25.0229,-80.928,1.1,103,8.96,0.32,0.38,34.41,33.81,,24.803,85.8,5.75,56.957,37.91,8.26,,,,,,,LMH,LMH,TAP,,,0.35,34.11
20200318CAP01,CAP01,3/18/2020,2020,3,1/0/1900,25.00723,-80.6475,1.9,190,1.96,0.33,0.26,11,10.1,,24.877,94.6,6.27,58.652,39.19,8.08,24.885,94.7,6.28,58.64,39.18,8.09,LMH,LMH,TAP,,,0.295,10.55
20200318CON02,CON02,3/18/2020,2020,3,1/0/1900,25.10163,-81.02086,2.9,,13,2.5,2,18.46,18.54,,25.686,96.4,6.42,54.194,35.82,8,25.505,95.9,6.41,54.283,35.89,8,LMH,LMH,TAP,TOO WINDY FOR SECCHI,,2.25,18.5
20200318FNB01,FNB01,3/18/2020,2020,3,1/0/1900,25.05758,-81.01792,2.2,,15.2,1,1.22,17.22,16.88,,25.038,92,6.18,54.651,36.18,8.02,25.013,89.9,6.04,54.726,36.23,8.04,LMH,LMH,TAP,TOO WINDY FOR SECCHI,,1.11,17.05
20200318FNB02,FNB02,3/18/2020,2020,3,1/0/1900,25.05594,-80.98047,1.1,40,26.8,1.93,1.6,25.86,25.2,,24.901,91,6.12,54.934,36.39,8.05,,,,,,,LMH,LMH,TAP,,,1.765,25.53
20200318JOHN02,JOHN02,3/18/2020,2020,3,1/0/1900,25.0568,-80.93085,1.2,40,24.1,0.88,1.08,27.79,27.86,,24.805,95.6,6.41,56.241,37.37,8.08,,,,,,,LMH,LMH,TAP,,,0.98,27.825
20200318LIG01,LIG01,3/18/2020,2020,3,1/0/1900,24.93482,-80.71052,2.6,260,2.16,0.32,0.27,6.25,5.92,,24.95,95.6,6.37,57.142,38.05,8.07,24.955,96.2,6.41,57.138,38.04,8.08,LMH,LMH,TAP,,,0.295,6.085
20200318LIG03,LIG03,3/18/2020,2020,3,1/0/1900,24.96625,-80.72702,2.2,220,1.09,0.22,0.17,8.12,8.27,,24.844,96.2,6.39,58.249,38.89,8.11,24.848,96.3,6.4,58.251,38.89,8.11,LMH,LMH,TAP,,,0.195,8.195
20200318LONG01,LONG01,3/18/2020,2020,3,1/0/1900,24.89967,-80.76578,2.4,240,1.59,0.27,0.25,5.73,5.93,,24.916,95.4,6.36,57.072,38,8.08,24.921,96.5,6.43,57.036,37.91,8.09,LMH,LMH,TAP,,,0.26,5.83
20200318LONGO2,LONG02,3/18/2020,2020,3,1/0/1900,24.87633,-80.82961,2.5,250,1.35,0.11,0.12,5.12,4.88,,24.956,95.7,6.39,56.773,37.77,8.12,24.961,96.2,6.42,56.777,37.77,8.12,LMH,LMH,TAP,,,0.115,5
20200318NMB01,NMB01,3/18/2020,2020,3,1/0/1900,25.00007,-80.97891,1.5,122,7.75,0.29,0.27,23.41,23.35,,24.89,95.7,6.44,55.092,36.51,8.21,24.891,94.6,6.38,54.997,36.46,8.2,LMH,LMH,TAP,,,0.28,23.38
20200318NMB02,NMB02,3/18/2020,2020,3,1/0/1900,24.94739,-80.92899,2.9,290,1.24,0.14,0.13,26.84,27.39,,25.078,95.3,6.38,55.657,39.93,8.32,25.077,96.7,6.46,55.653,36.93,8.33,LMH,LMH,TAP,,,0.135,27.115
20200318NMB03,NMB03,3/18/2020,2020,3,1/0/1900,24.90606,-80.88194,1.6,160,1.45,0.07,0.13,8.06,8.19,,24.894,91.4,6.09,57.472,38.3,8.11,24.904,92.4,6.14,57.471,38.3,8.12,LMH,LMH,TAP,,,0.1,8.125
20200318PORP01,PORP01,3/18/2020,2020,3,1/0/1900,25.0104,-80.68999,2.1,210,2.13,0.32,0.26,13.25,13.43,,24.3,95.4,6.29,59.344,39.71,8.14,25.008,95.5,6.3,59.3,39.67,8.14,LMH,LMH,TAP,,,0.29,13.34
20200504BLUE02,BLUE02,5/4/2020,2020,5,1/0/1900,24.99477,-80.92659,2.1,210,1.88,0.45,0.53,16.89,17.08,,26.64,113.2,7.36,56.48,37.51,8.17,26.61,114.2,7.42,56.34,37.4,8.16,ZWF,ZWF,TAP,,,0.49,16.985
20200504CAL01,CAL01,5/4/2020,2020,5,1/0/1900,25.05949,-80.7117,1.7,170,1.85,0.42,0.38,34.01,33.58,,25.93,94.9,6.03,64.33,43.5,8.28,25.95,95.7,6.08,64.34,43.51,8.3,ZWF,ZWF,TAP,,,0.4,33.795
20200504CON01,CON01,5/4/2020,2020,5,1/0/1900,25.1182,-80.93958,2.9,40,51.9,2.37,2.14,13.33,13.21,,26.51,93.8,6.12,55.98,37.14,7.93,26.48,93.1,6.08,55.98,37.14,7.93,ZWF,ZWF,TAP,,,2.255,13.27
20200504CROC01,CROC01,5/4/2020,2020,5,1/0/1900,25.12855,-80.6756,1,100,1.97,0.33,0.35,30.54,30.88,,25.49,97.6,6.1,69.72,47.7,8.09,25.52,97.6,6.09,69.73,47.71,8.12,ZWF,ZWF,TAP,,,0.34,30.71
20200504JOE01,JOE01,5/4/2020,2020,5,1/0/1900,25.21561,-80.53403,1.1,110,6.58,0.42,0.38,29.49,29.34,,25.25,73.1,4.7,62.11,41.81,7.88,25.17,67.5,4.38,62.33,41.98,7.94,ZWF,ZWF,TAP,,,0.4,29.415
20200504JOHN01,JOHN01,5/4/2020,2020,5,1/0/1900,25.06416,-80.90596,1,100,4.89,0.64,0.63,24.66,24.67,,27.13,121.7,7.78,58.3,38.87,8.22,,,,,,,ZWF,ZWF,TAP,,,0.635,24.665
20200504JOHN03,JOHN03,5/4/2020,2020,5,1/0/1900,25.03962,-80.91504,1.6,160,5.75,0.62,0.9,19.33,19.48,,26.82,111.7,7.21,57.14,38,8.2,26.83,118.5,7.79,53.95,35.6,8.13,ZWF,ZWF,TAP,,,0.76,19.405
20200504LIG02,LIG02,5/4/2020,2020,5,1/0/1900,24.96455,-80.69433,2.4,240,2.58,0.55,0.51,18.35,17.66,,26.78,100,6.35,61.24,41.1,8.17,26.48,105.5,6.73,61.43,41.26,8.21,ZWF,ZWF,TAP,,,0.53,18.005
20200504LMAD01,LMAD01,5/4/2020,2020,5,1/0/1900,25.18454,-80.63423,1.5,150,4.7,0.19,0.16,26.97,27.25,,25.27,81.3,5.32,59.99,40.2,8.02,25.29,81.3,5.32,59.94,40.15,8.04,ZWF,ZWF,TAP,,,0.175,27.11
20200504RAB01,RAB01,5/4/2020,2020,5,1/0/1900,25.01978,-80.88957,2.2,220,1.14,0.22,0.22,24.15,24.17,,26.97,86.9,5.57,58.5,39,8.29,26.85,106.7,6.78,58.91,39.33,8.38,ZWF,ZWF,TAP,,,0.22,24.16
20200504RAB02,RAB02,5/4/2020,2020,5,1/0/1900,24.9735,-80.86967,1.2,120,0.76,0.19,0.16,17.14,17.11,,26.9,112.3,7.25,56.96,37.86,8.55,,,,,,,ZWF,ZWF,TAP,,,0.175,17.125
20200504SPY01,SPY01,5/4/2020,2020,5,1/0/1900,25.02556,-80.72078,2,200,1.48,0.58,0.67,33.58,33.58,,26.18,103.1,6.54,64.1,43.31,8.36,26.16,104.9,6.66,64.05,43.27,8.38,ZWF,ZWF,TAP,,,0.625,33.58
20200504TWIN02,TWIN02,5/4/2020,2020,5,1/0/1900,24.98346,-80.8087,2,200,1.29,0.27,0.19,23.99,23.97,,26.54,103.5,6.68,58.37,38.94,8.42,26.53,104,6.74,58.38,38.94,8.43,ZWF,ZWF,TAP,,,0.23,23.98
20200504TWIN03,TWIN03,5/4/2020,2020,5,1/0/1900,25.00336,-80.75372,1.8,180,2.58,0.34,0.43,24.64,24.82,,26.54,109.1,7.01,59.48,39.77,8.38,26.51,125.4,8.07,58.59,39.15,8.44,ZWF,ZWF,TAP,,,0.385,24.73
20200505BLUE01,BLUE01,5/5/2020,2020,5,1/0/1900,25.02277,-80.92728,1,100,5.72,0.74,0.72,7.73,7.77,,27.24,82.9,5.33,57.67,38.39,8.12,,,,,,,TAP,TAP,LMH,,,0.73,7.75
20200505CAP01,CAP01,5/5/2020,2020,5,1/0/1900,25.00666,-80.64691,2.2,220,1.83,0.4,0.55,22.52,22.08,,26.98,96.6,6.04,64.21,43.38,8.25,27.02,96,5.99,64.19,43.37,8.27,TAP,TAP,LMH,,,0.475,22.3
20200505CAT02,CAT02,5/5/2020,2020,5,1/0/1900,25.09851,-80.87173,0.9,90,9.12,1.08,1.16,22.98,22.91,,26.83,89.3,5.77,57.11,37.97,8.09,,,,,,,ZWF,ZWF,TAP,,,1.12,22.945
20200505CON02,CON02,5/5/2020,2020,5,1/0/1900,25.10225,-81.02077,3,40,25.2,3.97,3.89,9.95,10.17,,26.84,91.3,5.92,56.13,37.24,8.13,26.8,91.3,5.92,56.24,37.32,8.04,LMH,TAP,LMH,,,3.93,10.06
20200505COR01,COR01,5/5/2020,2020,5,1/0/1900,25.02791,-80.76772,1.5,150,1.58,0.67,0.67,29.93,30.64,,27.35,115.8,7.31,60.48,40.5,8.45,27.36,116.3,7.35,60.51,40.53,8.46,ZWF,ZWF,TAP,,,0.67,30.285
20200505END02,END02,5/5/2020,2020,5,1/0/1900,25.12635,-80.71948,1.6,160,1.72,0.45,0.38,34.24,35.31,,26.86,90,5.67,63.82,43.08,8.08,27.42,78.8,5.05,63.93,43.14,8.08,ZWF,ZWF,TAP,,,0.415,34.775
20200505FNB01,FNB01,5/5/2020,2020,5,1/0/1900,25.05856,-81.01854,3.5,90,10.8,0.89,0.65,10.6,10.71,,27.05,79.2,5.12,56.31,37.37,8.09,27.02,78.9,5.1,56.3,37.38,8.09,TAP,TAP,LMH,,,0.77,10.655
20200505FNB02,FNB02,5/5/2020,2020,5,1/0/1900,25.05606,-80.9799,1.2,80,14.8,0.94,0.94,19.79,17.82,,27.23,83.8,5.38,56.71,37.66,8.02,27.23,84,5.4,56.73,37.67,8.03,TAP,TAP,LMH,,,0.94,18.805
20200505JOHN02,JOHN02,5/5/2020,2020,5,1/0/1900,25.05634,-80.93039,1.2,100,8.83,0.66,0.61,20.53,20.12,,27.35,105.3,6.73,57.84,38.5,8.34,27.35,105.4,6.74,57.81,38.49,8.34,LMH,TAP,LMH,,,0.635,20.325
20200505LIG01,LIG01,5/5/2020,2020,5,1/0/1900,24.93478,-80.70947,2.6,260,1.21,0.38,0.35,13.63,13.76,,26.75,111.7,7.17,58.88,39.31,8.31,27.46,89.4,5.62,60.65,40.63,8.27,TAP,TAP,LMH,,,0.365,13.695
20200505LIG03,LIG03,5/5/2020,2020,5,1/0/1900,24.96558,-80.72697,2.7,270,1.26,0.47,0.46,23.54,23,,26.98,98.8,6.24,61.8,41.51,8.36,27.1,98.2,6.17,62.49,42.04,8.36,TAP,TAP,LMH,,,0.465,23.27
20200505LONG01,LONG01,5/5/2020,2020,5,1/0/1900,24.89898,-80.76614,2.6,260,0.99,0.71,0.87,21.94,22.11,,26.85,99.1,6.34,59.64,39.88,8.33,26.84,100.2,6.4,59.64,39.88,8.33,TAP,TAP,LMH,,,0.79,22.025
20200505LONG02,LONG02,5/5/2020,2020,5,1/0/1900,24.87615,-80.83132,2.6,260,1.3,0.46,0.46,16,15.81,,26.95,96.6,6.21,57.8,38.49,8.29,26.96,96.9,6.23,57.81,38.49,8.3,TAP,TAP,LMH,,,0.46,15.905
20200505NMB01,NMB01,5/5/2020,2020,5,1/0/1900,25.00023,-80.9791,2,200,2.77,0.38,0.39,15.38,15.2,,27.07,114.8,7.44,55.98,37.12,8.28,27.05,118.5,7.67,55.92,37.07,8.29,LMH,TAP,LMH,,,0.385,15.29
20200505NMB02,NMB02,5/5/2020,2020,5,1/0/1900,24.94696,-80.92899,2.9,290,1.03,0.3,0.32,12.73,12.99,,26.87,99.9,6.46,56.62,37.61,8.31,26.85,101.6,6.57,56.61,37.6,8.33,LMH,TAP,LMH,,,0.31,12.86
20200505NMB03,NMB03,5/5/2020,2020,5,1/0/1900,24.90571,-80.88223,2.4,240,1.3,0.38,0.35,12.48,12.68,,27,98.1,6.34,56.32,37.38,8.23,26.99,98.5,6.37,56.33,37.38,8.33,LMH,TAP,LMH,,,0.365,12.58
20200505NWHIP02,NWHIP02,5/5/2020,2020,5,1/0/1900,25.12425,-80.7643,1,100,0.8,0.36,0.37,44.57,44.49,,27.09,94.2,5.9,63.42,42.76,8.2,,,,,,,ZWF,ZWF,TAP,,,0.365,44.53
20200505PEL01,PEL01,5/5/2020,2020,5,1/0/1900,25.06889,-80.8242,1.1,110,1.15,0.25,0.22,30.61,29.46,,27.4,78,4.96,58.37,38.91,8.23,27.42,79.5,5.05,58.39,38.93,8.25,ZWF,ZWF,TAP,,,0.235,30.035
20200505PEL02,PEL02,5/5/2020,2020,5,1/0/1900,25.09158,-80.82204,0.8,80,1.74,0.74,0.66,37.53,37.87,,25.58,51.9,3.25,60.29,40.36,8.15,,,,,,,ZWF,ZWF,TAP,,,0.7,37.7
20200505PEL03,PEL03,5/5/2020,2020,5,1/0/1900,25.06159,-80.85155,0.8,80,1.17,0.43,0.42,30.04,30.96,,27.42,34.7,2.24,58.19,38.78,7.96,,,,,,,ZWF,ZWF,TAP,,,0.425,30.5
20200505PORP01,PORP01,5/5/2020,2020,5,1/0/1900,25.0106,-80.68874,2.2,220,2.22,0.77,0.87,26.35,26.3,,27.09,102.5,6.4,64.57,43.65,8.36,27.17,101,6.28,64.72,43.76,8.36,TAP,TAP,LMH,,,0.82,26.325
20200505RANKL01,RANKL01,5/5/2020,2020,5,1/0/1900,25.12266,-80.81397,1.2,120,1.67,0.29,0.29,31.11,31.59,,27.89,103.9,6.54,59.11,39.45,8.41,27.92,112,7.08,59.17,39.5,8.45,ZWF,ZWF,TAP,,,0.29,31.35
20200505RANKL03,RANKL03,5/5/2020,2020,5,1/0/1900,25.16729,-80.80126,0.4,40,10.8,7.01,7.28,57.05,57.22,,28.29,117.6,7.09,67.16,45.61,8.2,,,,,,,ZWF,ZWF,TAP,,,7.145,57.135
20200505SID02,SID02,5/5/2020,2020,5,1/0/1900,25.03237,-80.80692,1.1,110,0.8,0.45,0.41,36.67,37.4,,27.33,98.2,6.2,60.56,40.57,8.46,27.33,99.8,6.31,60.57,40.58,8.47,ZWF,ZWF,TAP,,,0.43,37.035
20200505SNB02,SNB02,5/5/2020,2020,5,1/0/1900,25.13437,-80.85392,0.5,50,2.62,0.59,0.54,35.23,35.17,,27.67,56.1,3.54,58.81,39.23,8.22,,,,,,,ZWF,ZWF,TAP,,,0.565,35.2
20200505TB01,TB01,5/5/2020,2020,5,1/0/1900,25.15724,-80.72459,0.6,60,9.72,10.18,11.77,51.66,52.21,,27.99,80.7,4.97,64.63,43.66,8.07,,,,,,,ZWF,ZWF,TAP,,,10.975,51.935
20200505WHIP02,WHIP02,5/5/2020,2020,5,1/0/1900,25.07201,-80.76427,1.8,180,0.98,0.12,0.15,33.57,33.34,,27.28,105.4,6.67,60.19,40.3,8.39,27.29,102.8,6.5,60.39,40.44,8.38,ZWF,ZWF,TAP,,,0.135,33.455
20200506BBK01,BBK01,5/6/2020,2020,5,1/0/1900,25.15964,-80.62424,1.6,160,1.25,0.09,0.09,14.76,14.61,,28.03,102.3,6.31,63.43,42.74,8.12,28.06,103.5,6.38,63.44,42.75,8.12,LMH,TAP,LMH,,,0.09,14.685
20200506BBK02,BBK02,5/6/2020,2020,5,1/0/1900,25.12417,-80.59217,1.5,150,2.32,0.14,0.13,10.91,10.93,,28.01,97.9,6.04,63.43,42.74,8.09,28.03,98.3,6.06,63.44,42.75,8.1,TAP,TAP,LMH,,,0.135,10.92
20200506BLAS01,BLAS01,5/6/2020,2020,5,1/0/1900,25.17059,-80.4167,2.4,240,0.58,0.28,0.25,20.37,21.01,,27.92,92.3,5.75,61.59,41.34,8.16,27.93,93.1,5.79,61.61,41.35,8.16,LMH,TAP,LMH,,,0.265,20.69
20200506BNUT01,BNUT01,5/6/2020,2020,5,1/0/1900,25.07406,-80.52984,2.3,230,2.34,0.21,0.26,10.54,10.49,,28.47,109.2,6.72,62.53,42.03,8.27,28.42,115.7,7.13,62.61,42.1,8.27,LMH,TAP,LMH,,,0.235,10.515
20200506BUTT01,BUTT01,5/6/2020,2020,5,1/0/1900,25.1103,-80.45599,2.1,210,0.83,0.18,0.14,20.35,21,,27.95,100.9,6.26,62.59,42.11,8.31,27.98,100.9,6.24,62.63,42.12,8.32,LMH,TAP,LMH,,,0.16,20.675
20200506CAT01,CAT01,5/6/2020,2020,5,1/0/1900,25.08846,-80.91342,1.3,60,15.4,1.71,1.92,15.06,15.55,,28.74,89.2,5.6,56.66,37.58,8.05,28.64,91.4,5.75,56.65,37.57,8.06,ZWF,TAP,LMH,,,1.815,15.305
20200506COTT01,COTT01,5/6/2020,2020,5,1/0/1900,24.99668,-80.57835,2.3,230,0.91,0.27,0.22,10.28,10.27,,28.46,103.5,6.43,60.15,40.22,8.24,28.53,119.2,7.39,61.22,41.03,8.31,TAP,TAP,LMH,,,0.245,10.275
20200506COTT02,COTT02,5/6/2020,2020,5,1/0/1900,24.98073,-80.62403,2.1,210,1.15,0.29,0.25,10.49,10.03,,28.55,99.1,6.1,62.09,41.7,8.22,28.55,99.6,6.14,62.1,41.7,8.22,LMH,TAP,LMH,,,0.27,10.26
20200506DEER01,DEER01,5/6/2020,2020,5,1/0/1900,25.1854,-80.51521,1.3,130,2.51,0.17,0.12,10.9,11.21,,27.78,94.9,5.88,63.59,42.88,8.1,27.77,95.3,5.89,63.63,42.9,8.1,TAP,TAP,LMH,,,0.145,11.055
20200506DUCK01,DUCK01,5/6/2020,2020,5,1/0/1900,25.18987,-80.47364,1.4,140,0.97,0.12,0.11,13.5,13.24,,28.01,93.9,5.78,63.93,43.13,8.18,28.01,96.7,5.96,63.95,43.14,8.2,TAP,TAP,LMH,,,0.115,13.37
20200506DUCK02,DUCK02,5/6/2020,2020,5,1/0/1900,25.15499,-80.48426,1.4,140,1.3,0.13,0.14,14.19,14.19,,27.94,97.5,6.08,61.29,41.1,8.22,27.93,97.6,6.08,61.29,41.11,8.22,LMH,TAP,LMH,,,0.135,14.19
20200506EAGLE01,EAGLE01,5/6/2020,2020,5,1/0/1900,25.1777,-80.57262,1.6,160,1.49,0.13,0.13,12.13,11.96,,28.05,101,6.18,65.29,44.17,8.09,28.04,101.6,6.21,65.29,44.17,8.09,TAP,TAP,LMH,,,0.13,12.045
20200506END01,END01,5/6/2020,2020,5,1/0/1900,25.10121,-80.71896,1.6,160,1.99,0.22,0.29,37.24,36.67,,27.99,99.6,6.16,63.22,42.58,8.21,27.97,101.2,6.26,63.22,42.58,8.22,ZWF,TAP,LMH,,,0.255,36.955
20200506JIM01,JIM01,5/6/2020,2020,5,1/0/1900,25.03995,-80.61562,2.3,230,1.86,0.22,0.19,18.09,17.58,,28.28,98.2,5.99,65.18,44.07,8.22,28.26,99,6.04,65.17,44.07,8.23,TAP,TAP,LMH,,,0.205,17.835
20200506LBS01,LBS01,5/6/2020,2020,5,1/0/1900,25.2119,-80.44261,1.3,130,1.72,0.16,0.12,18.82,18.78,,27.91,96.2,5.98,62.13,41.75,8.17,27.89,97.1,6.03,62.15,41.76,8.17,TAP,TAP,LMH,,,0.14,18.8
20200506LBUT01,LBUT01,5/6/2020,2020,5,1/0/1900,25.13705,-80.448,2,200,0.91,0.16,0.15,22.73,22.59,,28.17,95,5.89,61.79,41.48,8.27,28.17,95.9,5.94,61.79,41.48,8.28,TAP,TAP,LMH,,,0.155,22.66
20200506LONS01,LONS01,5/6/2020,2020,5,1/0/1900,25.23026,-80.45689,1.3,130,1.39,0.1,0.11,26.5,26.4,,27.99,93.9,5.82,62.54,42.06,8.13,27.98,95.2,5.91,62.55,42.07,8.14,LMH,TAP,LMH,,,0.105,26.45
20200506MAD01,MAD01,5/6/2020,2020,5,1/0/1900,25.15041,-80.68128,1.1,110,2.93,0.24,0.18,26.59,26,,29.37,104,6.08,70.89,48.49,8.06,29.38,104.3,6.1,70.9,48.5,8.06,ZWF,TAP,LMH,,,0.21,26.295
20200506MANK01,MANK01,5/6/2020,2020,5,1/0/1900,25.08391,-80.60381,2,200,2.6,0.31,0.26,12.92,12.59,,28.09,103.6,6.39,63.41,42.72,8.13,28.06,105.1,6.48,63.41,42.72,8.13,LMH,TAP,LMH,,,0.285,12.755
20200506NEST01,NEST01,5/6/2020,2020,5,1/0/1900,25.16215,-80.53331,1.3,75,12.1,0.23,0.18,10.17,10.06,,27.67,90.8,5.66,62.21,41.82,8.06,27.6,91.2,5.69,62.2,41.81,8.06,LMH,TAP,LMH,,,0.205,10.115
20200506NEST02,NEST02,5/6/2020,2020,5,1/0/1900,25.1277,-80.54166,2.5,250,2.27,0.14,0.16,9.8,9.6,,28.59,104.7,6.47,61.02,40.88,8.1,28.61,105.8,6.53,60.98,40.85,8.1,TAP,TAP,LMH,,,0.15,9.7
20200506NWHIP01,NWHIP01,5/6/2020,2020,5,1/0/1900,25.12419,-80.74052,1.4,140,1.62,0.17,0.12,41.44,42.3,,28.61,126.3,7.75,62.69,42.15,8.28,28.57,88.1,5.27,63.73,42.95,8.09,ZWF,TAP,LMH,,,0.145,41.87
20200506RAB03,RAB03,5/6/2020,2020,5,1/0/1900,25.00047,-80.85701,2.1,210,0.77,0.28,0.28,24.24,23.57,,28.25,115.6,7.27,58.02,38.62,8.26,28.24,116.4,7.33,58.02,38.62,8.26,ZWF,TAP,LMH,,,0.28,23.905
20200506RAB04,RAB04,5/6/2020,2020,5,1/0/1900,24.96828,-80.83949,2.2,220,1.45,0.25,0.27,18.49,18.58,,28.09,123.9,7.83,57.51,38.24,8.41,28.08,125.2,7.91,57.51,38.24,8.41,ZWF,TAP,LMH,,,0.26,18.535
20200506RANKB01,RANKB01,5/6/2020,2020,5,1/0/1900,25.1497,-80.77908,0.6,60,1.7,0.23,0.34,50.62,51.72,,28.5,48.1,2.9,67.19,45.63,8.14,,,,,,,ZWF,TAP,LMH,,,0.285,51.17
20200506RANKL02,RANKL02,5/6/2020,2020,5,1/0/1900,25.14177,-80.81793,0.8,80,2.35,0.34,0.37,41.13,40.73,,30.07,91.3,5.55,60.29,40.27,8.27,,,,,,,ZWF,TAP,LMH,,,0.355,40.93
20200506RUS01,RUS01,5/6/2020,2020,5,1/0/1900,25.04897,-80.66504,2.1,210,1.82,0.44,0.41,28.44,28.87,,27.95,112.8,6.88,66.47,45.09,8.24,27.96,112.8,6.87,66.48,45.09,8.25,ZWF,TAP,LMH,,,0.425,28.655
20200506RUS02,RUS02,5/6/2020,2020,5,1/0/1900,25.08316,-80.68136,1.9,190,1.67,0.31,0.32,31.28,31.04,,27.98,102.7,6.27,65.92,44.66,8.23,28.88,87.4,5.2,67.29,45.69,8.11,ZWF,TAP,LMH,,,0.315,31.16
20200506SID01,SID01,5/6/2020,2020,5,1/0/1900,25.01888,-80.78601,0.9,90,1.27,0.43,0.32,34.19,33.99,,29.26,98.5,6.02,61.14,40.94,8.37,,,,,,,ZWF,TAP,LMH,Dead seagrass,,0.375,34.09
20200506SNB01,SNB01,5/6/2020,2020,5,1/0/1900,25.14072,-80.89366,1.7,55,20.1,1.2,1.42,31.88,32.34,,28.53,76.9,4.82,58.03,38.63,7.93,28.52,75.6,4.73,58.14,38.7,7.93,ZWF,TAP,LMH,,,1.31,32.11
20200506SWA01,SWA01,5/6/2020,2020,5,1/0/1900,25.10914,-80.49541,1.8,180,2.13,0.23,0.13,14.59,14.7,,29.02,115.04,7.07,61.46,41.2,8.32,29.04,116.1,7.11,61.47,41.21,8.33,LMH,TAP,LMH,,,0.18,14.645
20200506TAV01,TAV01,5/6/2020,2020,5,1/0/1900,25.01926,-80.56645,2.3,230,1.41,0.24,0.34,11.65,10.79,,28.59,106.6,6.58,61.24,41.05,8.28,28.71,119.2,7.31,62.48,41.99,8.37,LMH,TAP,LMH,,,0.29,11.22
20200506TWIN01,TWIN01,5/6/2020,2020,5,1/0/1900,24.95877,-80.78015,2.6,260,0.79,0.21,0.23,21.89,21.2,,27.91,103.9,6.57,58.05,38.65,8.41,27.91,104.9,6.64,58.12,38.7,8.4,ZWF,TAP,LMH,,,0.22,21.545
20200506UCB01,UCB01,5/6/2020,2020,5,1/0/1900,25.04355,-80.55289,2,200,2.01,0.21,0.22,12.3,12.06,,28.78,111.1,6.8,62.34,41.88,8.37,28.75,111.5,6.83,62.33,41.87,8.37,TAP,TAP,LMH,,,0.215,12.18
20200506WHIP01,WHIP01,5/6/2020,2020,5,1/0/1900,25.09418,-80.76143,1.7,170,0.92,0.2,0.16,37.3,37.5,,28.81,92.8,5.73,60.45,40.43,8.21,28.79,93.7,5.79,60.44,40.42,8.22,ZWF,TAP,LMH,,,0.18,37.4
20200506WHIP03,WHIP03,5/6/2020,2020,5,1/0/1900,25.04981,-80.76775,1.9,190,1.05,0.45,0.39,32.93,32.39,,28.48,104.8,6.49,61.32,41.11,8.44,28.46,105.8,6.55,61.33,41.12,8.45,ZWF,TAP,LMH,Dead seagrass,,0.42,32.66
20200713BLUE02,BLUE02,7/13/2020,2020,7,1/0/1900,24.99501,-80.92673,1.8,180,1.23,0.61,0.48,12.52,13.29,,30.12,102.5,6.31,56.08,37.1,8.13,30.11,104.6,6.42,56.09,37.1,8.14,ZWF,JLS,LMH,,,0.545,12.905
20200713CAL01,CAL01,7/13/2020,2020,7,1/0/1900,25.05989,-80.71065,1.8,,4.29,8.89,7.49,41.54,42.08,,30.19,84.4,5.08,61.1,40.88,8.17,30.19,84.5,5.09,61.12,40.89,8.17,ZWF,JLS,LMH,"Forgot to secchi, not CTB",,8.19,41.81
20200713CON01,CON01,7/13/2020,2020,7,1/0/1900,25.11853,-80.93969,2.7,100,10.3,6.47,6.18,13.24,13.41,,30,106.9,6.6,55.88,36.94,8.02,29.97,103.8,6.41,55.89,36.96,8,ZWF,JLS,LMH,,,6.325,13.325
20200713CROC01,CROC01,7/13/2020,2020,7,1/0/1900,25.12867,-80.67464,1.2,120,2.08,0.66,0.57,30.11,29.44,,29.63,87.4,5.28,62.53,41.99,8.09,29.65,88,5.31,62.54,42,8.11,ZWF,JLS,LMH,,,0.615,29.775
20200713JOE01,JOE01,7/13/2020,2020,7,1/0/1900,25.21573,-80.53394,1.3,130,3.13,1.1,0.95,33.38,33.22,,29.58,59.3,3.77,50.42,32.85,7.91,29.57,58.9,3.74,50.75,33.16,7.95,ZWF,JLS,LMH,,,1.025,33.3
20200713JOHN01,JOHN01,7/13/2020,2020,7,1/0/1900,25.06354,-80.90628,1.1,100,9.89,6.64,9.56,18.71,19.36,,28.81,108.1,6.69,55.94,37,8.12,,,,,,,ZWF,JLS,LMH,,,8.1,19.035
20200713JOHN03,JOHN03,7/13/2020,2020,7,1/0/1900,25.0396,-80.91537,1.5,70,15.3,10.81,10.47,16.9,17.36,,28.89,68.2,4.32,53.94,35.54,7.74,28.78,75,4.76,53.98,35.58,7.78,ZWF,JLS,LMH,,,10.64,17.13
20200713LIG02,LIG02,7/13/2020,2020,7,1/0/1900,24.96433,-80.69377,2.4,170,2.72,3.24,2.96,35.68,35.14,,30.79,97.4,5.79,62.7,41.58,8.1,30.8,97.4,5.79,62.11,41.63,8.13,ZWF,JLS,LMH,,,3.1,35.41
20200713LMAD01,LMAD01,7/13/2020,2020,7,1/0/1900,25.18395,-80.63411,1.1,110,4.28,1.1,1.08,53.21,54.05,,29.48,86.2,5.57,46.78,30.27,7.91,29.49,84.4,5.51,46.75,30.25,7.95,ZWF,JLS,LMH,,,1.09,53.63
20200713RAB01,RAB01,7/13/2020,2020,7,1/0/1900,25.01695,-80.89395,1.7,170,2.32,2.73,2.43,22.19,22.22,,29.69,80.6,4.98,56.41,37.36,7.96,29.65,83.1,5.14,56.49,37.39,7.99,ZWF,JLS,LMH,,,2.58,22.205
20200713RAB02,RAB02,7/13/2020,2020,7,1/0/1900,24.97256,-80.87032,0.6,60,0.82,1.77,2.02,26.2,26.41,,29.78,98.2,6.05,57.2,37.95,8.12,,,,,,,ZWF,JLS,LMH,,,1.895,26.305
20200713SPY01,SPY01,7/13/2020,2020,7,1/0/1900,25.02568,-80.71989,2,170,2.16,2.22,2.11,40.11,40.25,,30.42,96,5.75,61.64,41.29,8.18,30.46,59.9,5.74,61.65,41.3,8.2,ZWF,JLS,LMH,,,2.165,40.18
20200713TWIN02,TWIN02,7/13/2020,2020,7,1/0/1900,24.98359,-80.80849,2.1,210,1.02,0.75,0.76,35.27,35.55,,30.42,95.7,5.79,59.04,39.31,8.09,30.4,96.1,5.81,59.09,39.35,8.11,ZWF,JLS,LMH,,,0.755,35.41
20200713TWIN03,TWIN03,7/13/2020,2020,7,1/0/1900,25.0015,-80.7533,2.1,210,1.61,1.01,0.95,41.29,41.88,,30.38,97.7,5.91,59.35,39.54,8.12,30.39,98.1,5.92,59.35,39.54,8.13,ZWF,JLS,LMH,,,0.98,41.585
20200714BLUE01,BLUE01,7/14/2020,2020,7,1/0/1900,25.02227,-80.92754,1.6,120,5.93,6.37,6.48,19.26,19.46,,29.78,80.4,5.01,54.61,36.01,7.94,29.78,81.8,5.1,54.61,36.01,7.95,JLS,JLS,LMH,,,6.425,19.36
20200714CAP01,CAP01,7/14/2020,2020,7,1/0/1900,25.00735,-80.647,2.1,210,2.03,1.22,1.14,21.02,21.32,,30.92,95.6,5.76,58.54,38.92,8.24,31.09,84.6,5.07,59.17,39.38,8.22,JLS,JLS,LMH,,,1.18,21.17
20200714CAT02,CAT02,7/14/2020,2020,7,1/0/1900,25.0986,-80.8717,1,59,17.9,7.73,8.4,21.05,19.91,,30.36,99,6.06,56.83,37.64,8.17,,,,,,,ZWF,JLS,LMH,"Single sample, no duplicate",,8.065,20.48
20200714CON02,CON02,7/14/2020,2020,7,1/0/1900,25.10141,-81.02115,2.9,120,8.86,2.59,2.48,10.67,10.7,,30.31,93.6,5.77,55.12,36.37,8.06,30.19,93.3,5.76,55.15,36.39,8.06,JLS,JLS,LMH,,,2.535,10.685
20200714COR01,COR01,7/14/2020,2020,7,1/0/1900,25.02766,-80.76839,1.6,160,1.43,0.52,0.54,35.57,36.53,,30.79,106.1,6.38,58.97,39.25,8.18,30.7,106.9,6.43,59.01,39.27,8.18,ZWF,JLS,LMH,Some dead seagrass and lots of Bat,,0.53,36.05
20200714END02,END02,7/14/2020,2020,7,1/0/1900,25.12654,-80.71774,1.5,87,5.42,8.13,8.56,53.67,53,,30.6,106.9,6.4,61.26,40.99,8.07,30.63,88.7,5.26,62.57,41.98,8.06,ZWF,JLS,LMH,,,8.345,53.335
20200714FNB01,FNB01,7/14/2020,2020,7,1/0/1900,25.05839,-81.01937,2.5,60,12.5,2.79,2.49,11.91,11.19,,30.26,77.1,4.76,54.76,36.1,7.99,30.27,77.5,4.79,54.739,36.08,8,JLS,JLS,LMH,,,2.64,11.55
20200714FNB02,FNB02,7/14/2020,2020,7,1/0/1900,25.05688,-80.98075,1.3,110,5.99,1.54,1.49,12.31,12.36,,29.57,81.9,5.14,53.87,35.47,8.05,29.71,84.6,5.32,54.12,35.65,8.1,JLS,JLS,LMH,,,1.515,12.335
20200714JOHN02,JOHN02,7/14/2020,2020,7,1/0/1900,25.05597,-80.92994,1.5,90,11.6,0.78,0.67,15.55,15.83,,29.78,63.5,3.94,55.41,36.61,7.99,29.78,60.8,3.77,55.35,36.42,7.99,JLS,JLS,LMH,,,0.725,15.69
20200714LIG01,LIG01,7/14/2020,2020,7,1/0/1900,24.93494,-80.71019,2.6,260,1.71,1.45,1.56,37.78,36.85,,31.12,102.6,6.1,61.11,40.85,8.16,31.13,103.8,6.16,61.19,40.91,8.17,JLS,JLS,LMH,,,1.505,37.315
20200714LIG03,LIG03,7/14/2020,2020,7,1/0/1900,24.96611,-80.72643,2.2,220,1.4,1.05,0.91,43.15,42.67,,30.91,95.7,5.68,61.84,41.41,8.15,30.88,94.2,5.6,61.86,41.43,8.15,JLS,JLS,LMH,,,0.98,42.91
20200714LONG01,LONG01,7/14/2020,2020,7,1/0/1900,24.89954,-80.76549,2.5,250,1.59,1.63,1.57,25.55,24.87,,30.51,112.6,6.86,57.1,37.85,8.31,31.39,105.7,6.29,59.61,39.7,8.25,JLS,JLS,LMH,,,1.6,25.21
20200714LONG02,LONG02,7/14/2020,2020,7,1/0/1900,24.87639,-80.82888,2.5,250,1.46,0.45,0.46,14.69,14.21,,30.82,92.1,5.6,56.34,37.26,8.26,30.82,93.1,5.67,56.32,37.25,8.27,JLS,JLS,LMH,,,0.455,14.45
20200714NMB01,NMB01,7/14/2020,2020,7,1/0/1900,24.99918,-80.97864,1.6,200,3.38,0.62,0.61,8.08,7.91,,30.67,88.2,5.4,55.24,36.44,8.16,30.67,89,5.44,55.23,36.44,8.16,JLS,JLS,LMH,,,0.615,7.995
20200714NMB02,NMB02,7/14/2020,2020,7,1/0/1900,24.94665,-80.92815,2.9,290,1.3,0.81,0.38,10.89,10.89,,30.64,105.2,6.42,56.14,37.12,8.23,30.65,107.6,6.57,56.15,37.12,8.24,JLS,JLS,LMH,,,0.595,10.89
20200714NMB03,NMB03,7/14/2020,2020,7,1/0/1900,24.90588,-80.881,1.7,170,1.1,0.36,0.4,12.35,11.82,,31.1,97.3,5.89,56.43,37.32,8.31,31.1,97.8,5.92,56.44,37.32,8.31,JLS,JLS,LMH,,,0.38,12.085
20200714NWHIP02,NWHIP02,7/14/2020,2020,7,1/0/1900,25.1242,-80.76435,0.9,90,0.88,0.74,0.57,41.71,42.12,,30.49,117.3,7.1,59.04,39.31,8.15,,,,,,,ZWF,JLS,LMH,,,0.655,41.915
20200714PEL01,PEL01,7/14/2020,2020,7,1/0/1900,25.06763,-80.82397,1.1,105,4.3,6.18,5.71,22.56,22.35,,30.51,88,5.38,56.88,37.68,8.08,30.32,88,5.38,56.86,37.69,8.09,ZWF,JLS,LMH,,,5.945,22.455
20200714PEL02,PEL02,7/14/2020,2020,7,1/0/1900,25.09168,-80.82248,0.8,80,2.28,0.6,0.53,26.28,26.29,,30.5,68.2,4.15,57.14,37.88,8.01,,,,,,,ZWF,JLS,LMH,,,0.565,26.285
20200714PEL03,PEL03,7/14/2020,2020,7,1/0/1900,25.0612,-80.85153,0.6,60,1.89,1.4,1.56,25.44,26.28,,30.47,65.8,4.01,57.26,37.97,7.94,,,,,,,ZWF,JLS,LMH,,,1.48,25.86
20200714PORP01,PORP01,7/14/2020,2020,7,1/0/1900,25.01044,-80.68931,2.2,150,3.37,3.65,4.05,31.84,32.37,,30.87,103.4,6.18,60.74,40.58,8.35,30.89,104.4,6.23,60.76,40.59,8.35,JLS,JLS,LMH,,,3.85,32.105
20200714RANKL01,RANKL01,7/14/2020,2020,7,1/0/1900,25.1226,-80.81308,1.2,120,2.7,0.85,0.6,24.55,24.77,,31.39,77.8,4.68,56.92,37.68,7.95,31.04,93,5.62,56.78,37.58,7.99,ZWF,JLS,LMH,,,0.725,24.66
20200714RANKL03,RANKL03,7/14/2020,2020,7,1/0/1900,25.16714,-80.80144,0.4,35,18,14.24,14.22,68.96,68.33,,31.26,129.9,7.78,60.63,40.48,8.43,,,,,,,ZWF,JLS,LMH,,,14.23,68.645
20200714SID02,SID02,7/14/2020,2020,7,1/0/1900,25.03215,-80.80592,0.9,90,1,0.49,0.44,36.05,35.97,,30.99,113.3,6.83,58.15,38.62,8.27,,,,,,,ZWF,JLS,LMH,Dead seagrass,,0.465,36.01
20200714SNB02,SNB02,7/14/2020,2020,7,1/0/1900,25.13469,-80.85416,0.7,70,4.83,1.05,0.95,26.29,27.35,,31.17,76.8,4.63,57,37.75,8.16,,,,,,,ZWF,JLS,LMH,,,1,26.82
20200714TB01,TB01,7/14/2020,2020,7,1/0/1900,25.15726,-80.72479,0.6,74,6.24,4.81,4.83,61.81,62.46,,30.49,99,5.95,58.83,39.14,8.14,,,,,,,ZWF,JLS,LMH,,,4.82,62.135
20200714WHIP02,WHIP02,7/14/2020,2020,7,1/0/1900,25.07185,-80.76435,1.8,180,2.63,1.74,2.06,41.08,40.87,,30.52,92.7,5.6,59.31,39.51,8.03,30.68,89.1,5.35,59.92,39.96,8.04,ZWF,JLS,LMH,,,1.9,40.975
20200715BBK01,BBK01,7/15/2020,2020,7,1/0/1900,25.15934,-80.62444,1.5,150,1.01,0.26,0.15,22.94,22.45,,30.91,112.5,6.92,53.1,34.85,8.24,31.17,110.2,6.74,53.49,35.12,8.22,JLS,JLS,LMH,,,0.205,22.695
20200715BBK02,BBK02,7/15/2020,2020,7,1/0/1900,25.12325,-80.58961,1.4,140,1.68,0.38,0.33,12.6,12.14,,30.56,100,6.14,55.26,36.47,8.13,31.84,95.2,5.64,58.6,38.93,8.1,JLS,JLS,LMH,,,0.355,12.37
20200715BLAS01,BLAS01,7/15/2020,2020,7,1/0/1900,25.17015,-80.41684,2.4,240,1.4,0.46,0.37,27.52,27.86,,31.13,105.4,6.37,57.08,37.8,8.15,31.63,77.3,4.6,57.95,38.44,8.05,JLS,JLS,LMH,,,0.415,27.69
20200715BNUT01,BNUT01,7/15/2020,2020,7,1/0/1900,25.07412,-80.53017,2.2,220,1.82,0.32,0.35,12.24,12.37,,31.97,106.9,6.33,58.69,38.99,8.22,31.74,110.6,6.56,58.81,39.08,8.2,JLS,JLS,LMH,,,0.335,12.305
20200715BUTT01,BUTT01,7/15/2020,2020,7,1/0/1900,25.10987,-80.45584,2.2,220,0.81,0.28,0.45,20.45,19.62,,31.53,84.3,5,60.11,40.07,8.06,31.52,83.5,4.94,60.1,40.07,8.06,JLS,JLS,LMH,,,0.365,20.035
20200715CAT01,CAT01,7/15/2020,2020,7,1/0/1900,25.08792,-80.9135,1.3,66,28.7,1.56,1.08,14.81,14.73,,31.38,67.9,4.1,55.75,36.8,8.04,31.39,67.6,4.08,55.75,36.8,8.04,ZWF,JLS,LMH,,,1.32,14.77
20200715COTT01,COTT01,7/15/2020,2020,7,1/0/1900,24.99597,-80.57864,2,200,1.17,0.48,0.37,15.41,16.21,,32.05,121.4,7.23,57.33,37.96,8.34,31.88,129.1,7.69,57.33,37.96,8.37,JLS,JLS,LMH,,,0.425,15.81
20200715COTT02,COTT02,7/15/2020,2020,7,1/0/1900,24.98048,-80.62464,1.9,190,1.26,0.45,0.46,14.94,14.25,,31.97,109.9,6.56,56.8,37.56,8.24,31.86,113,6.74,56.89,37.64,8.25,JLS,JLS,LMH,,,0.455,14.595
20200715DEER01,DEER01,7/15/2020,2020,7,1/0/1900,25.18511,-80.51478,1.3,130,1.42,0.19,0.19,17.16,17.77,,30.62,94,5.82,52.7,34.56,8.14,30.75,92.9,5.73,52.99,34.78,8.12,JLS,JLS,LMH,,,0.19,17.465
20200715DUCK01,DUCK01,7/15/2020,2020,7,1/0/1900,25.19046,-80.47421,1.3,130,1.22,0.17,0.16,16.85,16.32,,30.92,99,6.02,55.49,36.62,8.13,31.03,94.8,5.77,55.65,36.74,8.13,JLS,JLS,LMH,,,0.165,16.585
20200715DUCK02,DUCK02,7/15/2020,2020,7,1/0/1900,25.15475,-80.484,1.3,130,1.25,0.17,0.17,13.98,14.5,,31.09,98,5.93,56.74,37.55,8.09,31.12,98.7,5.98,56.75,37.55,8.1,JLS,JLS,LMH,,,0.17,14.24
20200715EAGLE01,EAGLE01,7/15/2020,2020,7,1/0/1900,25.17802,-80.57326,1.4,140,1.11,0.35,0.32,19.36,19.4,,30.65,109.5,6.81,51.39,33.6,8.21,31.78,98.1,5.94,53.46,35.08,8.1,JLS,JLS,LMH,,,0.335,19.38
20200715END01,END01,7/15/2020,2020,7,1/0/1900,25.10121,-80.7193,1.5,95,3.97,5.29,5.52,42.16,42.73,,30.93,97.6,5.82,60.92,40.71,8.09,30.94,97.3,5.8,60.92,40.71,8.08,ZWF,JLS,LMH,,,5.405,42.445
20200715JIM01,JIM01,7/15/2020,2020,7,1/0/1900,25.03996,-80.61585,2.2,220,1.63,0.5,0.51,15,14.73,,31.71,101.9,6.07,58.19,38.62,8.2,31.71,103.2,6.15,58.19,38.62,8.21,JLS,JLS,LMH,,,0.505,14.865
20200715LBS01,LBS01,7/15/2020,2020,7,1/0/1900,25.21217,-80.44319,1.3,130,1.48,0.54,0.37,35.24,35.17,,30.34,122.8,7.85,46.36,29.93,8.36,30.6,124.7,7.91,46.8,30.27,8.35,JLS,JLS,LMH,,,0.455,35.205
20200715LBUT01,LBUT01,7/15/2020,2020,7,1/0/1900,25.1369,-80.44811,2,200,0.78,0.47,0.36,24.51,24.07,,31.14,86.1,5.15,58.78,39.09,8.1,31.14,86.1,5.16,58.81,39.11,8.1,JLS,JLS,LMH,,,0.415,24.29
20200715LONS01,LONS01,7/15/2020,2020,7,1/0/1900,25.22972,-80.45687,1.3,130,3.81,2.4,2.06,57.81,56.58,,30.51,100.3,6.62,38.3,24.17,8.26,32.08,59,3.64,45.67,29.35,8.13,JLS,JLS,LMH,,,2.23,57.195
20200715MAD01,MAD01,7/15/2020,2020,7,1/0/1900,25.15067,-80.68205,1,100,2.95,0.46,0.5,34.6,34.82,,31.88,115.9,6.74,63.38,42.55,8.06,,,,,,,ZWF,JLS,LMH,,,0.48,34.71
20200715MANK01,MANK01,7/15/2020,2020,7,1/0/1900,25.08414,-80.60397,2,200,1.5,0.29,0.33,11.97,12.46,,31.51,101.2,6.03,58.76,39.06,8.17,31.51,102.1,6.08,58.76,39.06,8.18,JLS,JLS,LMH,,,0.31,12.215
20200715NEST01,NEST01,7/15/2020,2020,7,1/0/1900,25.1625,-80.53259,1.2,120,1.46,0.23,0.17,12.91,13.81,,30.84,95.9,5.85,55.54,36.67,8.1,31.1,92.8,5.6,56.23,37.17,8.09,JLS,JLS,LMH,,,0.2,13.36
20200715NEST02,NEST02,7/15/2020,2020,7,1/0/1900,25.12667,-80.54214,1.5,150,2.16,0.26,0.21,9.94,9.99,,31.94,103.4,6.11,58.19,38.62,8.1,31.44,105.8,6.31,58.48,38.84,8.1,JLS,JLS,LMH,,,0.235,9.965
20200715NWHIP01,NWHIP01,7/15/2020,2020,7,1/0/1900,25.1231,-80.74096,1.4,140,1.19,0.39,0.36,46.06,45.57,,30.65,102.6,6.13,61.65,41.28,8.04,31.64,56.9,3.34,63.1,42.34,7.88,ZWF,JLS,LMH,,,0.375,45.815
20200715RAB03,RAB03,7/15/2020,2020,7,1/0/1900,25.00091,-80.85735,2.2,220,0.83,0.71,0.56,21.39,21.37,,31.56,106.9,6.38,57.44,38.05,8.04,34.45,110.9,6.63,57.42,38.04,8.06,ZWF,JLS,LMH,,,0.635,21.38
20200715RAB04,RAB04,7/15/2020,2020,7,1/0/1900,24.96767,-80.84014,2.1,210,0.77,0.65,0.66,20.28,20.34,,31.83,103.9,6.19,57.18,37.85,8.22,31.73,101.6,6.07,57.37,38,8.22,ZWF,JLS,LMH,,,0.655,20.31
20200715RANKB01,RANKB01,7/15/2020,2020,7,1/0/1900,25.14808,-80.77849,0.5,50,5.01,6.32,6.09,59.6,59.14,,30.68,35.2,2.1,64.18,43.22,7.96,,,,,,,ZWF,JLS,LMH,,,6.205,59.37
20200715RANKL02,RANKL02,7/15/2020,2020,7,1/0/1900,25.14164,-80.81845,0.7,70,2.48,0.82,0.87,32.76,33.95,,32.3,83.4,4.9,57.44,38.03,8,,,,,,,ZWF,JLS,LMH,,,0.845,33.355
20200715RUS01,RUS01,7/15/2020,2020,7,1/0/1900,25.0491,-80.6653,2.1,210,1.98,0.68,0.76,22.96,23.3,,31.64,91.1,5.37,60.49,40.36,8.15,31.67,89.8,5.3,60.5,40.37,8.15,ZWF,JLS,LMH,,,0.72,23.13
20200715RUS02,RUS02,7/15/2020,2020,7,1/0/1900,25.08223,-80.68205,1.9,190,1.91,1.41,1.23,25.82,26,,31.2,103.6,6.15,61.24,40.94,8.19,31.83,111.4,6.52,61.99,41.49,8.25,ZWF,JLS,LMH,,,1.32,25.91
20200715SID01,SID01,7/15/2020,2020,7,1/0/1900,25.01842,-80.78645,0.9,90,0.99,0.81,0.8,35.94,35.03,,31.66,99.6,5.94,58.21,38.63,8.18,,,,,,,ZWF,JLS,LMH,,,0.805,35.485
20200715SNB01,SNB01,7/15/2020,2020,7,1/0/1900,25.14125,-80.89326,1.8,69,17.6,1.48,1.48,20.24,20.52,,31.65,75.9,4.53,57.56,38.15,7.95,31.67,74.8,4.46,57.57,38.15,7.96,ZWF,JLS,LMH,,,1.48,20.38
20200715SWA01,SWA01,7/15/2020,2020,7,1/0/1900,25.10948,-80.49605,1.7,170,1.94,0.39,0.24,10.55,10.68,,31.97,108.4,6.4,60.17,40.12,8.15,31.83,112.2,6.62,60.12,40.07,8.15,JLS,JLS,LMH,,,0.315,10.615
20200715TAV01,TAV01,7/15/2020,2020,7,1/0/1900,25.0191,-80.56695,2.1,210,1.12,0.26,0.24,11.92,12.37,,32.23,119.8,7.11,57.84,38.33,8.37,32.08,124.2,7.36,57.82,38.32,8.37,JLS,JLS,LMH,,,0.25,12.145
20200715TWIN01,TWIN01,7/15/2020,2020,7,1/0/1900,24.95848,-80.7812,2.5,250,0.69,0.61,0.61,29.4,28.84,,31.72,101.7,6.03,58.88,39.13,8.11,32.15,87.5,5.15,59.76,39.78,8.1,ZWF,JLS,LMH,,,0.61,29.12
20200715UCB01,UCB01,7/15/2020,2020,7,1/0/1900,25.04316,-80.55291,1.9,190,2.38,0.29,0.26,13.85,14.49,,32.19,110.4,6.55,57.72,38.25,8.29,31.89,117,6.96,57.64,38.2,8.32,JLS,JLS,LMH,,,0.275,14.17
20200715WHIP01,WHIP01,7/15/2020,2020,7,1/0/1900,25.09445,-80.76127,1.6,160,0.72,0.53,0.46,38.27,37.41,,31.63,119.2,7.1,58.23,38.7,8.14,31.62,121,7.21,58.31,38.71,8.15,ZWF,JLS,LMH,,,0.495,37.84
20200715WHIP03,WHIP03,7/15/2020,2020,7,1/0/1900,25.05104,-80.76907,1.8,180,1.23,0.6,0.54,40.76,40.58,,31.7,133.1,7.9,58.96,39.19,8.25,31.7,133.4,7.92,58.97,39.2,8.25,ZWF,JLS,LMH,Dead seagrass,,0.57,40.67
20200810COR01,COR01,8/10/2020,2020,8,1/0/1900,25.02803,-80.7686,1.6,62,5.64,10.31,10.62,39.99,39.83,,31.77,86.5,5.06,62.03,41.52,8.19,31.77,87.2,5.1,62.03,41.52,8.2,ZWF,ZWF,LMH,,,10.465,39.91
20200810NWHIP02,NWHIP02,8/10/2020,2020,8,1/0/1900,25.12542,-80.76494,1.1,110,3.07,6.86,5.8,49.88,50.75,,31.2,63.2,3.72,62.22,41.69,8.01,31.22,64.9,3.79,62.22,41.7,8.02,ZWF,ZWF,LMH,,,6.33,50.315
20200810SID02,SID02,8/10/2020,2020,8,1/0/1900,25.03292,-80.80635,1,80,4.64,9.32,9.62,44.98,44.68,,30.99,71.8,4.27,60.76,40.59,7.99,,,,,,,ZWF,ZWF,LMH,,,9.47,44.83
20200810TWIN01,TWIN01,8/10/2020,2020,8,1/0/1900,24.95932,-80.78095,2.5,160,2.27,2.24,2.16,40.06,40.01,,31.87,88.6,5.22,59.89,39.9,8.22,31.85,89.4,5.27,59.88,39.89,8.22,ZWF,ZWF,LMH,,,2.2,40.035
20200810TWIN02,TWIN02,8/10/2020,2020,8,1/0/1900,24.98344,-80.80892,2.1,130,2.12,4.22,4.15,45.7,46.18,,31.86,87.7,5.18,59.43,39.55,8.19,31.8,95.8,5.66,59.52,39.6,8.22,ZWF,ZWF,LMH,,,4.185,45.94
20200810TWIN03,TWIN03,8/10/2020,2020,8,1/0/1900,25.00352,-80.75393,2,120,3.26,4.03,4.43,30.92,31.02,,32.03,96.6,5.64,61.52,41.13,8.23,32.03,105.2,6.15,61.52,41.13,8.25,ZWF,ZWF,LMH,,,4.23,30.97
20200810WHIP01,WHIP01,8/10/2020,2020,8,1/0/1900,25.09337,-80.76529,1.6,50,4.26,9.32,8.13,42.9,43.16,,31.63,91.3,5.37,61.56,41.18,8.12,31.62,91.5,5.37,61.58,41.18,8.13,ZWF,ZWF,LMH,,,8.725,43.03
20200810WHIP02,WHIP02,8/10/2020,2020,8,1/0/1900,25.07434,-80.76354,1.7,50,4.99,7.58,7.56,45.55,45.68,,31.64,89.7,5.28,61.14,40.86,8.04,31.65,89.5,5.27,61.14,40.86,8.04,ZWF,ZWF,LMH,,,7.57,45.615
20200810WHIP03,WHIP03,8/10/2020,2020,8,1/0/1900,25.04955,-80.76672,1.8,52,5.8,10.06,11.18,41.04,40.87,,31.71,96.3,5.64,62.01,41.51,8.15,31.71,96.5,5.67,62.01,41.51,8.15,ZWF,ZWF,LMH,,,10.62,40.955
20200914BLUE02,BLUE02,9/14/2020,2020,9,1/0/1900,24.99477,-80.92754,2.2,80,6.36,18.79,18.13,37.76,37.46,,28.01,82.4,5.2,57.95,38.57,7.91,27.97,81.3,5.13,57.97,38.59,7.91,ZWF,LMH,JLS,,,18.46,37.61
20200914CAL01,CAL01,9/14/2020,2020,9,1/0/1900,25.05888,-80.71129,1.9,200,3.29,0.53,0.58,19.68,19.13,,27.68,78.4,5.01,55.84,37,8.14,27.69,77.6,4.96,55.95,37.08,8.16,ZWF,LMH,JLS,,,0.555,19.405
20200914CON01,CON01,9/14/2020,2020,9,1/0/1900,25.1193,-80.93915,3,35,29.2,4.79,4.55,29.32,29.22,,27.51,75.6,4.9,53.42,35.2,7.83,27.43,74.6,4.81,53.4,35.18,7.82,ZWF,LMH,JLS,,,4.67,29.27
20200914CROC01,CROC01,9/14/2020,2020,9,1/0/1900,25.1286,-80.67545,1.3,160,5.68,0.28,0.19,26.14,26.05,,27.86,74.5,4.84,52.28,34.35,8.03,27.8,74.7,4.85,52.3,34.37,8.04,ZWF,LMH,JLS,,,0.235,26.095
20200914JOE01,JOE01,9/14/2020,2020,9,1/0/1900,25.21569,-80.5339,1.5,105,7.91,1.42,1.48,59.96,58.89,,26.97,80.5,5.97,21.73,13.01,8.1,26.99,79.8,5.91,21.89,13.12,8.1,ZWF,LMH,JLS,,,1.45,59.425
20200914JOHN01,JOHN01,9/14/2020,2020,9,1/0/1900,25.06385,-80.90573,1.3,45,13.5,34.61,32.49,40.55,40.88,,28.09,106.1,6.76,55.85,37,7.92,28.02,105.9,6.74,55.92,37.05,7.92,ZWF,LMH,JLS,,,33.55,40.715
20200914JOHN03,JOHN03,9/14/2020,2020,9,1/0/1900,25.04038,-80.91464,1.8,50,16.8,16.16,14.15,38.2,37.01,,28,81.1,5.16,56.42,37.42,7.87,27.93,80.8,5.14,56.4,37.41,7.87,ZWF,LMH,JLS,,,15.155,37.605
20200914LIG02,LIG02,9/14/2020,2020,9,1/0/1900,24.96535,-80.69395,2.5,220,3.21,0.2,0.23,8.74,8.56,,27.58,92.6,6.06,50.81,33.27,8.12,27.63,90.5,5.91,51.17,33.53,8.12,ZWF,LMH,JLS,,,0.215,8.65
20200914LMAD01,LMAD01,9/14/2020,2020,9,1/0/1900,25.18483,-80.63431,0.9,90,8.63,0.23,0.23,50.62,49.2,,27.33,85.2,5.96,34.87,21.83,8.04,28.06,30.2,2.03,41.94,26.85,7.9,ZWF,LMH,JLS,,,0.23,49.91
20200914RAB01,RAB01,9/14/2020,2020,9,1/0/1900,25.01697,-80.8944,1.8,70,5.07,17.85,17.39,40.45,40.88,,27.95,78.8,4.9,61.54,41.3,7.99,27.91,77.9,4.85,61.53,41.29,7.99,ZWF,LMH,JLS,,,17.62,40.665
20200914RAB02,RAB02,9/14/2020,2020,9,1/0/1900,24.97292,-80.87084,0.8,80,2.97,5.83,7.19,36.85,36.47,,27.96,74.5,4.69,59.43,39.69,7.95,,,,,,,ZWF,LMH,JLS,,,6.51,36.66
20200914SPY01,SPY01,9/14/2020,2020,9,1/0/1900,25.02612,-80.72089,2.2,200,2.71,0.31,0.3,15.7,15.7,,27.58,80.8,5.2,54.94,36.33,8.18,27.74,80.2,5.14,55.34,36.63,8.19,ZWF,LMH,JLS,,,0.305,15.7
20200914TWIN02,TWIN02,9/14/2020,2020,9,1/0/1900,24.98324,-80.80959,2.2,180,2.3,2.42,2.92,27.33,27.62,,28.03,79.1,4.93,60.59,40.6,8.1,28.01,78.8,,60.77,40.71,8.13,ZWF,LMH,JLS,,,2.67,27.475
20200914TWIN03,TWIN03,9/14/2020,2020,9,1/0/1900,25.00397,-80.75462,2.1,220,2.32,0.42,0.41,17.48,17.2,,27.7,89,5.7,55.73,36.92,8.16,27.97,72.8,4.61,56.17,37.22,8.13,ZWF,LMH,JLS,,,0.415,17.34
20200915BLUE01,BLUE01,9/15/2020,2020,9,1/0/1900,25.02332,-80.92853,1.3,55,14.9,22.05,25.45,40.6,39.95,,29.33,95.4,5.86,59.42,39.63,7.92,29.3,89.1,5.66,56.11,39.44,7.91,TAP,LMH,JLS,Green water. Turbid.,,23.75,40.275
20200915CAP01,CAP01,9/15/2020,2020,9,1/0/1900,25.00789,-80.64599,2.3,250,2.54,0.42,0.26,11.72,11.12,,28.47,81.3,5.19,53.78,35.44,8.08,28.47,81.6,5.2,53.77,35.43,8.08,TAP,LMH,JLS,,,0.34,11.42
20200915CAT02,CAT02,9/15/2020,2020,9,1/0/1900,25.09875,-80.87233,1.1,40,14.4,22.56,22.66,39.01,39.03,,29.32,105.1,6.55,57.21,37.98,8.05,29.18,100.8,6.28,57.18,37.95,8.05,ZWF,LMH,JLS,,,22.61,39.02
20200915CON02,CON02,9/15/2020,2020,9,1/0/1900,25.09938,-81.01994,3.2,,26.2,2.15,1.91,15.75,16.01,,28.69,84.9,5.39,54.04,35.62,7.93,28.67,84.3,5.36,54,35.6,7.92,TAP,LMH,JLS,"Turbid, strong wind (ESE), choppy.",,2.03,15.88
20200915COR01,COR01,9/15/2020,2020,9,1/0/1900,25.0277,-80.769,1.8,164,3.01,3.14,3.41,26.31,26.59,,28.34,70.2,4.41,57.98,38.59,8.08,28.53,59.24,4.61,59.24,39.54,8.08,ZWF,LMH,JLS,,,3.275,26.45
20200915END02,END02,9/15/2020,2020,9,1/0/1900,25.12667,-80.719,1.6,160,2.81,0.42,0.41,25.3,25.83,,28.52,87.2,5.52,55.5,36.72,8.12,28.53,87.9,5.57,55.29,36.57,8.12,ZWF,LMH,JLS,,,0.415,25.565
20200915FNB01,FNB01,9/15/2020,2020,9,1/0/1900,25.05849,-81.01938,2.7,66,16.4,3.16,3.09,18.66,18.75,,29.36,98.5,6.14,55.76,36.88,8.07,29.37,99.3,6.27,52.88,34.68,8.07,TAP,LMH,JLS,Turbid.,,3.125,18.705
20200915FNB02,FNB02,9/15/2020,2020,9,1/0/1900,25.05674,-80.97997,1.4,45,24.6,6.12,6.67,21.32,20.85,,29.09,93.1,5.88,53.83,35.46,7.93,29.06,90.9,5.79,53.83,35.45,7.93,TAP,LMH,JLS,"More turbid, less green.",,6.395,21.085
20200915JOHN02,JOHN02,9/15/2020,2020,9,1/0/1900,25.05703,-80.93135,1.3,42,16.2,15.21,14.44,33.23,33.05,,28.89,101.3,6.39,55.22,36.5,7.9,28.81,101.3,6.39,55.17,36.46,7.9,TAP,LMH,JLS,Very green and turbid.,,14.825,33.14
20200915LIG01,LIG01,9/15/2020,2020,9,1/0/1900,24.93508,-80.71001,2.8,280,1.4,0.2,0.22,7.97,7.76,,28.31,95.4,6.18,50.81,33.25,8.06,28.39,92.9,5.99,51.43,33.69,8.07,TAP,LMH,JLS,Choppy no secchi. Spilled some lugal sample (dye only),,0.21,7.865
20200915LIG03,LIG03,9/15/2020,2020,9,1/0/1900,24.96666,-80.72708,2.4,,1.66,0.2,0.18,11.76,11.92,,28.41,84.2,5.38,53.86,35.5,8.08,28.46,83,5.27,54.24,35.77,8.08,TAP,LMH,JLS,Choppy no secchi.,,0.19,11.84
20200915LONG01,LONG01,9/15/2020,2020,9,1/0/1900,24.89948,-80.76555,2.7,270,1.44,0.4,0.38,7.93,7.95,,28.41,95.9,6.18,51.99,34.12,8.08,28.39,97.1,6.25,52.02,34.13,8.1,TAP,LMH,JLS,,,0.39,7.94
20200915LONG02,LONG02,9/15/2020,2020,9,1/0/1900,24.87608,-80.82983,2.8,280,1.48,0.21,0.15,7.52,7.34,,28.55,89.1,5.68,53.79,35.44,8.03,28.54,89.8,5.72,53.81,35.46,8.03,TAP,LMH,JLS,,,0.18,7.43
20200915NMB01,NMB01,9/15/2020,2020,9,1/0/1900,25.00027,-80.97922,1.9,150,4.25,1.58,1.68,23.59,23.16,,28.81,85.6,5.37,56.82,37.69,7.94,28.76,86.7,5.44,56.82,37.7,7.94,TAP,LMH,JLS,Green water.,,1.63,23.375
20200915NMB02,NMB02,9/15/2020,2020,9,1/0/1900,24.94666,-80.92776,3.2,320,0.86,0.48,0.49,16.76,16.63,,28.81,83.5,5.22,57.34,38.08,8.14,28.79,83.7,5.23,57.35,39.09,8.14,TAP,LMH,JLS,,,0.485,16.695
20200915NMB03,NMB03,9/15/2020,2020,9,1/0/1900,24.90645,-80.88165,2.3,230,2.01,0.71,0.21,15.58,15.67,,28.72,79.6,5,56.93,37.78,7.97,28.72,80.5,5.05,56.94,37.79,7.98,TAP,LMH,JLS,,,0.46,15.625
20200915NWHIP02,NWHIP02,9/15/2020,2020,9,1/0/1900,25.12442,-80.76583,1.3,130,1.13,0.36,0.33,34.87,32.79,,28.4,74.9,4.77,54.93,36.29,7.9,28.68,55.2,3.44,55.25,36.54,7.83,ZWF,LMH,JLS,,,0.345,33.83
20200915PEL01,PEL01,9/15/2020,2020,9,1/0/1900,25.06973,-80.82391,1.2,52,9.47,19.47,20.87,38.91,39.13,,28.5,92.7,5.76,59.84,39.99,7.95,28.51,92.2,5.74,59.64,39.8,7.94,ZWF,LMH,JLS,,,20.17,39.02
20200915PEL02,PEL02,9/15/2020,2020,9,1/0/1900,25.09245,-80.82179,1,48,9.41,16.36,18.73,39.16,38.71,,29,99.4,6.13,59.75,39.9,7.96,,,,,,,ZWF,LMH,JLS,,,17.545,38.935
20200915PEL03,PEL03,9/15/2020,2020,9,1/0/1900,25.06125,-80.85181,1,38,11.7,34.23,29.4,43.68,43.24,,28.86,80.9,4.99,60.44,40.43,7.88,,,,,,,ZWF,LMH,JLS,,,31.815,43.46
20200915PORP01,PORP01,9/15/2020,2020,9,1/0/1900,25.01005,-80.69037,2.4,290,2.72,0.21,0.16,12.13,12.24,,28.61,93.6,5.94,54.36,35.86,8.15,28.63,94.1,5.97,54.38,35.88,8.16,TAP,LMH,JLS,,,0.185,12.185
20200915RANKL01,RANKL01,9/15/2020,2020,9,1/0/1900,25.1228,-80.81386,1.2,40,14.1,19.8,23.19,45.89,46.3,,29.54,116.7,7.22,57.33,38.06,8.05,29.52,116.9,7.22,57.3,37.98,8.02,ZWF,LMH,JLS,,,21.495,46.095
20200915RANKL03,RANKL03,9/15/2020,2020,9,1/0/1900,25.16722,-80.80135,0.7,35,19.5,30.17,31.84,120.46,120.81,,31.61,104.3,6.75,37.53,23.65,8.07,,,,,,,ZWF,LMH,JLS,,,31.005,120.635
20200915SID02,SID02,9/15/2020,2020,9,1/0/1900,25.03272,-80.8062,1.1,110,2.25,3.53,3.64,26.39,26.44,,29.22,101.9,6.26,59.78,39.92,8.15,29.25,106.4,6.55,59.78,39.92,8.17,ZWF,LMH,JLS,,,3.585,26.415
20200915SNB02,SNB02,9/15/2020,2020,9,1/0/1900,25.1357,-80.85409,0.9,51,14.2,19.79,19.73,45.04,45.95,,29.47,117.2,7.42,51.58,33.77,8.06,,,,,,,ZWF,LMH,JLS,,,19.76,45.495
20200915TB01,TB01,9/15/2020,2020,9,1/0/1900,25.15729,-80.72469,0.7,90,6.51,10.38,11.02,112.56,112.44,,29.43,44.2,2.84,46.29,30.41,7.65,,,,,,,ZWF,LMH,JLS,,,10.7,112.5
20200915WHIP02,WHIP02,9/15/2020,2020,9,1/0/1900,25.07128,-80.76449,1.9,190,3.08,2.23,2.49,33.54,33.18,,28.27,91.2,5.7,59.31,39.6,8.03,28.23,90.4,5.65,59.37,39.64,8.02,ZWF,LMH,JLS,,,2.36,33.36
20200916BBK01,BBK01,9/16/2020,2020,9,1/0/1900,25.15947,-80.62458,1.7,135,5.16,0.41,0.43,20.43,20.49,,29.09,97.3,6.34,46.01,29.72,8.13,29.58,86.2,5.55,47.54,30.81,8.09,TAP,LMH,JLS,,,0.42,20.46
20200916BBK02,BBK02,9/16/2020,2020,9,1/0/1900,25.12372,-80.59038,1.6,120,5.56,0.56,0.58,15.12,14.76,,29.05,101.1,6.49,49.35,32.29,8.18,29.09,100.5,6.46,49.55,32.31,8.17,TAP,LMH,JLS,,,0.57,14.94
20200916BLAS01,BLAS01,9/16/2020,2020,9,1/0/1900,25.17061,-80.41713,2.6,260,1.32,0.41,0.46,25.1,25.37,,29.28,89.5,5.67,52.61,34.54,8.05,29.28,90.6,5.74,52.61,34.54,8.06,TAP,LMH,JLS,,,0.435,25.235
20200916BNUT01,BNUT01,9/16/2020,2020,9,1/0/1900,25.07415,-80.53146,2.4,120,6.07,0.36,0.24,10.99,11.26,,29.25,94.4,5.94,54.05,35.61,8.07,29.23,94.7,5.96,54.05,35.61,8.07,TAP,LMH,JLS,,,0.3,11.125
20200916BUTT01,BUTT01,9/16/2020,2020,9,1/0/1900,25.1106,-80.45619,2.3,230,0.69,0.38,0.34,23.96,23.31,,29.27,91.9,5.73,56.56,37.48,8.03,29.28,92.5,5.76,56.56,37.48,8.04,TAP,LMH,JLS,,,0.36,23.635
20200916CAT01,CAT01,9/16/2020,2020,9,1/0/1900,25.08789,-80.91237,1.2,60,18.2,4.52,4.21,30.45,29.14,,29.4,91.1,5.71,54.08,35.63,7.92,29.37,86,5.38,54.05,35.61,7.9,ZWF,LMH,JLS,,,4.365,29.795
20200916COTT01,COTT01,9/16/2020,2020,9,1/0/1900,24.9964,-80.57863,2.3,230,0.65,0.39,0.38,11.42,11.36,,29.4,101.4,6.45,50.69,33.13,8.12,29.39,109.9,6.99,50.95,33.31,8.15,TAP,LMH,JLS,,,0.385,11.39
20200916COTT02,COTT02,9/16/2020,2020,9,1/0/1900,24.98067,-80.6246,2.2,220,1.19,0.22,0.23,7.71,7.56,,29.34,102,6.5,50.34,32.87,8.1,29.34,102.9,6.57,50.37,32.89,8.1,TAP,LMH,JLS,FWC vial COTT02A slightly less than 2mL (1 droplet),,0.225,7.635
20200916DEER01,DEER01,9/16/2020,2020,9,1/0/1900,25.18568,-80.51534,1.4,140,2.58,0.51,0.5,15.49,15.74,,29.37,97.9,6.22,51.59,33.78,8.18,29.48,99.2,6.29,51.57,33.77,8.18,TAP,LMH,JLS,,,0.505,15.615
20200916DUCK01,DUCK01,9/16/2020,2020,9,1/0/1900,25.19025,-80.47414,1.5,,1.37,0.33,0.27,16.2,15.89,,29.22,98.9,6.21,54.98,36.3,8.13,29.22,99.5,6.23,54.98,36.3,8.1,TAP,LMH,JLS,Choppy.,,0.3,16.045
20200916DUCK02,DUCK02,9/16/2020,2020,9,1/0/1900,25.15493,-80.48379,1.4,140,2.29,0.47,0.52,15,15.16,,29.38,96.2,6,55.74,36.86,8.13,29.38,96.8,6.03,55.79,36.9,8.13,TAP,LMH,JLS,,,0.495,15.08
20200916EAGLE01,EAGLE01,9/16/2020,2020,9,1/0/1900,25.17832,-80.573,1.5,150,3.05,0.55,0.55,23.88,26.35,,29.42,85.6,5.61,43.27,27.74,8.09,29.72,99.3,6.42,45.88,29.61,8.16,TAP,LMH,JLS,"CDOM redo 23.94, 25.90",,0.55,25.115
20200916END01,END01,9/16/2020,2020,9,1/0/1900,25.10174,-80.71979,1.7,170,2.14,0.37,0.22,21.74,21.72,,29.12,81.3,5.05,57.39,38.12,8.13,29.13,81.7,5.08,57.43,38.15,8.14,ZWF,LMH,JLS,,,0.295,21.73
20200916JIM01,JIM01,9/16/2020,2020,9,1/0/1900,25.03992,-80.61604,2.5,,3.04,0.47,0.38,11.72,11.73,,29.13,96,6.04,54.51,35.96,8.15,29.12,96.9,6.1,54.52,35.96,8.16,TAP,LMH,JLS,,,0.425,11.725
20200916LBS01,LBS01,9/16/2020,2020,9,1/0/1900,25.21226,-80.44323,1.6,170,1.18,0.55,0.66,38.16,38.39,,29.16,97.4,6.49,39.92,25.36,8.19,29.22,97.4,6.49,39.94,25.44,8.12,TAP,LMH,JLS,Put down antenna.,,0.605,38.275
20200916LBUT01,LBUT01,9/16/2020,2020,9,1/0/1900,25.13764,-80.44797,2,200,0.87,0.36,0.24,27.24,26.94,,29.34,87.9,5.55,55.81,36.92,7.97,29.39,90.9,5.67,55.81,36.92,7.98,TAP,LMH,JLS,,,0.3,27.09
20200916LONS01,LONS01,9/16/2020,2020,9,1/0/1900,25.23047,-80.45731,1.5,140,3.44,0.91,0.9,59.3,58.21,,29.14,88.5,6.27,24.39,14.8,8.07,29.14,88.7,6.29,24.29,14.67,8.09,TAP,LMH,JLS,Tannic.,,0.905,58.755
20200916MAD01,MAD01,9/16/2020,2020,9,1/0/1900,25.15146,-80.6821,1.3,130,3.21,0.38,0.45,25.94,24.48,,30.08,105.3,6.53,54.3,35.77,8.14,30.09,107.4,6.66,54.31,35.78,8.15,ZWF,LMH,JLS,,,0.415,25.21
20200916MANK01,MANK01,9/16/2020,2020,9,1/0/1900,25.08459,-80.60409,2.3,105,6.35,0.3,0.35,14.37,14.27,,29.04,92.2,5.91,50.52,33.01,8.13,29.02,93.1,5.97,50.54,33.03,8.13,TAP,LMH,JLS,,,0.325,14.32
20200916NEST01,NEST01,9/16/2020,2020,9,1/0/1900,25.16191,-80.53354,1.4,140,4.24,0.42,0.4,10.55,10.32,,29.26,99.1,6.23,54.77,36.15,8.14,29.26,100.6,6.31,54.8,36.17,8.14,TAP,LMH,JLS,,,0.41,10.435
20200916NEST02,NEST02,9/16/2020,2020,9,1/0/1900,25.12678,-80.54203,1.8,140,4.46,0.22,0.2,9.96,10.05,,29.84,103.1,6.41,54.66,36.04,8.1,29.82,103.9,6.45,54.67,36.01,8.11,TAP,LMH,JLS,Nest 1 & 2 mixed up for cell count etc.,,0.21,10.005
20200916NWHIP01,NWHIP01,9/16/2020,2020,9,1/0/1900,25.12527,-80.74085,1.7,170,1.67,0.36,0.23,32.85,33.44,,29.23,76,4.77,54.58,36.01,7.94,29.25,76.2,4.79,54.56,35.99,7.95,ZWF,LMH,JLS,,,0.295,33.145
20200916RAB03,RAB03,9/16/2020,2020,9,1/0/1900,25.00184,-80.85788,2.2,70,3.77,14.33,13.86,37.73,37.56,,29.41,99.5,6.08,60.53,40.48,8.1,29.38,100.1,6.12,60.5,40.46,8.1,ZWF,LMH,JLS,,,14.095,37.645
20200916RAB04,RAB04,9/16/2020,2020,9,1/0/1900,24.96774,-80.8406,2.1,140,1.75,5.33,5.1,35.04,31.83,,29.37,94.7,5.8,60.22,40.24,8.13,29.35,95.1,5.83,60.22,40.25,8.13,ZWF,LMH,JLS,,,5.215,33.435
20200916RANKB01,RANKB01,9/16/2020,2020,9,1/0/1900,25.1498,-80.77927,0.6,60,4.33,1.18,1.01,45.29,45.92,,28.98,69,4.29,57.62,38.3,7.88,29.44,96.8,5.98,57.67,38.31,8.15,ZWF,LMH,JLS,,,1.095,45.605
20200916RANKL02,RANKL02,9/16/2020,2020,9,1/0/1900,25.14241,-80.81826,1,40,17.3,35.82,37.8,56.4,57.14,,30.02,106.7,6.62,54.41,35.84,8.09,,,,,,,ZWF,LMH,JLS,,,36.81,56.77
20200916RUS01,RUS01,9/16/2020,2020,9,1/0/1900,25.04926,-80.66605,2.3,230,2.59,0.37,0.33,15.06,15.12,,29.05,85.8,5.37,56.27,37.28,8.08,29.05,85.7,5.36,56.29,37.29,8.08,ZWF,LMH,JLS,,,0.35,15.09
20200916RUS02,RUS02,9/16/2020,2020,9,1/0/1900,25.08374,-80.68353,2,200,2.16,0.2,0.15,16.08,16.05,,29.2,88.1,5.54,54.47,35.93,8.1,29.2,88.4,5.56,54.47,35.93,8.1,ZWF,LMH,JLS,,,0.175,16.065
20200916SID01,SID01,9/16/2020,2020,9,1/0/1900,25.01886,-80.7867,1.3,130,1.85,1.2,1.08,21.5,21.24,,29.44,90.9,5.65,56.46,37.43,8.29,29.46,93.8,5.87,56.49,37.43,8.3,ZWF,LMH,JLS,,,1.14,21.37
20200916SNB01,SNB01,9/16/2020,2020,9,1/0/1900,25.14158,-80.89332,1.3,33,26.3,4.25,4.4,46.81,47.4,,28.94,61.9,4,48.63,31.64,7.91,28.94,62.1,4.01,48.66,31.65,7.91,ZWF,LMH,JLS,,,4.325,47.105
20200916SWA01,SWA01,9/16/2020,2020,9,1/0/1900,25.1094,-80.49625,1.9,190,3.97,0.42,0.3,13.92,14.54,,30.11,105.5,6.55,54.13,35.64,8.13,30.09,106.5,6.6,54.13,35.64,8.13,TAP,LMH,JLS,,,0.36,14.23
20200916TAV01,TAV01,9/16/2020,2020,9,1/0/1900,25.01973,-80.56707,2.3,230,1.27,0.45,0.35,13.47,13.12,,29.65,104.2,6.55,52.72,34.61,8.17,29.63,104.8,6.6,52.75,34.63,8.17,TAP,LMH,JLS,,,0.4,13.295
20200916TWIN01,TWIN01,9/16/2020,2020,9,1/0/1900,24.95823,-80.78099,2.8,200,2.21,2.62,2.45,25.36,25.23,,29.14,96.2,5.93,59.32,39.57,8.15,29.22,90.2,5.54,59.75,39.9,8.12,ZWF,LMH,JLS,,,2.535,25.295
20200916UCB01,UCB01,9/16/2020,2020,9,1/0/1900,25.04332,-80.55312,2.1,210,3.01,0.49,0.34,13.01,13.2,,29.43,99.8,6.29,52.78,34.66,8.17,29.43,100.1,6.31,52.78,34.66,8.17,TAP,LMH,JLS,,,0.415,13.105
20200916WHIP01,WHIP01,9/16/2020,2020,9,1/0/1900,25.09409,-80.76206,1.8,180,1.59,1.11,1.07,28.43,28.58,,29.43,96,5.94,57.66,38.31,8.14,,,,,,,ZWF,LMH,JLS,,,1.09,28.505
20200916WHIP03,WHIP03,9/16/2020,2020,9,1/0/1900,25.04903,-80.76886,2,100,3.21,5.57,4.88,28.44,28.48,,29.18,106.3,6.56,59.13,39.43,8.2,29.19,106.9,6.61,59.18,39.47,8.2,ZWF,LMH,JLS,,,5.225,28.46
20201123BBK01,BBK01,11/23/2020,2020,11,1/0/1900,25.15876,-80.62575,1.5,70,14.3,0.8,0.71,33.54,33.62,,24.464,93.3,7.13,25.001,15.17,8.21,24.2,95.2,7.27,26.764,16.4,8.23,TAP,LMH,ZWF,,,0.755,33.58
20201123BBK02,BBK02,11/23/2020,2020,11,1/0/1900,25.12258,-80.58962,1.4,60,21.3,0.86,0.74,27.66,27.96,,24.554,95.4,7.13,30.684,19.05,8.19,24.525,82.5,5.8,28.166,17.15,7.85,TAP,LMH,ZWF,,,0.8,27.81
20201123BLAS01,BLAS01,11/23/2020,2020,11,1/0/1900,25.17063,-80.41695,2.5,250,1.27,0.78,0.73,35.79,35.49,,24.4,94.1,6.96,34.33,21.56,8.14,24.415,96,7.09,34.226,21.51,8.14,ZWF,ZWF,LMH,,,0.755,35.64
20201123BLUE01,BLUE01,11/23/2020,2020,11,1/0/1900,25.02328,-80.92752,1.6,150,6,1.56,1.42,26.18,26.97,,24.34,99.3,7.24,38.51,24.49,8.24,24.36,99.6,7.27,38.51,24.49,8.23,ZWF,ZWF,LMH,,,1.49,26.575
20201123BNUT01,BNUT01,11/23/2020,2020,11,1/0/1900,25.07324,-80.5299,2.2,50,14.3,0.73,0.72,26.46,26.51,,24.604,97.8,7.18,34.854,21.92,8.19,24.66,96,6.89,40.479,25.87,8.19,TAP,LMH,ZWF,,,0.725,26.485
20201123BUTT01,BUTT01,11/23/2020,2020,11,1/0/1900,25.1098,-80.45611,2.1,210,1.11,0.68,0.61,33.48,32.65,,24.36,98.8,7.19,38.41,24.41,8.09,24.976,84.2,6,41.03,26.25,8.06,ZWF,ZWF,LMH,,,0.645,33.065
20201123CAP01,CAP01,11/23/2020,2020,11,1/0/1900,25.00677,-80.64745,2.1,140,5.92,0.88,0.92,16.95,17.18,,23.96,98.4,7.09,42.45,27.29,8.04,24.47,79.2,5.57,46.07,29.87,7.97,ZWF,ZWF,LMH,,,0.9,17.065
20201123CON02,CON02,11/23/2020,2020,11,1/0/1900,25.10216,-81.01913,2.6,90,14.2,6.34,6.08,24.78,24.8,,24.67,97.6,6.82,46.85,30.45,7.99,24.65,97.3,6.8,46.9,30.49,7.99,ZWF,ZWF,LMH,,,6.21,24.79
20201123COTT01,COTT01,11/23/2020,2020,11,1/0/1900,24.99623,-80.57888,2,200,1.65,0.61,0.57,9.86,9.57,,24.598,101.5,7.03,49.797,32.58,8.13,24.554,105,7.29,49.767,32.58,8.15,TAP,LMH,ZWF,,,0.59,9.715
20201123COTT02,COTT02,11/23/2020,2020,11,1/0/1900,24.97939,-80.62487,1.9,,2.57,0.66,0.64,10.14,9.69,,24.443,100.1,6.95,49.533,32.4,8.14,24.495,110.2,7.67,50.122,32.83,8.17,TAP,LMH,ZWF,Too windy to secchi,,0.65,9.915
20201123DEER01,DEER01,11/23/2020,2020,11,1/0/1900,25.18397,-80.51405,1.3,,5.12,0.61,0.57,32.27,33.23,,24.217,96.9,7.15,35.625,22.47,8.21,24.56,90.6,6.56,38.107,24.2,8.17,TAP,LMH,ZWF,Too windy to secchi,,0.59,32.75
20201123DUCK01,DUCK01,11/23/2020,2020,11,1/0/1900,25.18995,-80.4735,1.3,130,2.08,0.63,0.6,33.82,33.52,,24.337,96.2,7.13,34.165,21.45,8.19,24.83,88.4,6.42,36.497,23.06,8.16,ZWF,ZWF,LMH,,,0.615,33.67
20201123DUCK02,DUCK02,11/23/2020,2020,11,1/0/1900,25.1546,-80.48403,1.3,130,1.43,0.69,0.67,32.22,32.76,,24.34,96.9,7.14,35.837,22.64,8.19,24.505,97.9,7.08,39.024,24.84,8.17,TAP,LMH,ZWF,,,0.68,32.49
20201123EAGLE01,EAGLE01,11/23/2020,2020,11,1/0/1900,25.17766,-80.57398,1.4,70,14.9,0.72,0.66,35.82,36.05,,24.263,97.8,7.67,19.348,11.5,8.29,24.29,94.6,7.37,21.35,12.8,8.25,TAP,LMH,ZWF,,,0.69,35.935
20201123FNB01,FNB01,11/23/2020,2020,11,1/0/1900,25.05756,-81.01926,3,80,10.3,6.39,4.71,17.73,17.28,,25.48,121,8.31,47.42,30.84,8.19,25.22,114,7.87,47.54,30.94,8.19,ZWF,ZWF,LMH,,,5.55,17.505
20201123FNB02,FNB02,11/23/2020,2020,11,1/0/1900,25.05624,-80.9798,0.7,60,16.2,4.75,4.01,19.44,19.64,,25.82,121.8,8.35,46.86,30.43,8.14,,,,,,,ZWF,ZWF,LMH,,,4.38,19.54
20201123JIM01,JIM01,11/23/2020,2020,11,1/0/1900,25.0399,-80.61594,2.2,95,9.02,0.74,0.65,21.33,20.95,,24.458,98.9,7.24,36.505,23.07,8.18,24.742,83.5,5.89,43.307,27.89,8.12,TAP,LMH,ZWF,,,0.695,21.14
20201123JOHN02,JOHN02,11/23/2020,2020,11,1/0/1900,25.0573,-80.93082,1.3,105,6.83,2.45,2.19,24.03,24.29,,24.44,96.5,6.9,42.26,27.15,8.11,24.4,99,7.07,42.53,27.33,8.11,ZWF,ZWF,LMH,,,2.32,24.16
20201123LBS01,LBS01,11/23/2020,2020,11,1/0/1900,25.21224,-80.44375,1.4,200,3.34,0.61,0.52,46.99,47.55,,24.27,94.8,7.36,22.447,13.53,8.27,24.268,95.8,7.44,22.46,13.53,8.27,ZWF,ZWF,LMH,,,0.565,47.27
20201123LBUT01,LBUT01,11/23/2020,2020,11,1/0/1900,25.13704,-80.44844,1.9,190,1.34,0.51,0.4,33.77,34.08,,24.64,96.1,6.99,37.6,23.84,8.16,24.75,85,6.96,37.569,23.81,8.16,ZWF,ZWF,LMH,,,0.455,33.925
20201123LIG01,LIG01,11/23/2020,2020,11,1/0/1900,24.93492,-80.70989,2.7,270,2.29,1.1,1.03,6.75,7.36,,24.15,97.3,6.72,51.62,33.97,8,24.16,97.7,6.76,51.62,33.94,8,ZWF,ZWF,LMH,,,1.065,7.055
20201123LIG03,LIG03,11/23/2020,2020,11,1/0/1900,24.96604,-80.72707,2.2,220,2.36,0.73,0.57,12.73,13.06,,23.92,96.1,6.77,48.09,31.36,8.02,24.27,86.6,5.96,51.66,33.98,7.97,ZWF,ZWF,LMH,,,0.65,12.895
20201123LONG01,LONG01,11/23/2020,2020,11,1/0/1900,24.89897,-80.76595,2.4,240,2.13,0.96,0.99,6.02,6.03,,24.21,99.2,6.8,52.88,34.88,8.02,24.22,100,6.87,52.89,34.89,8.03,ZWF,ZWF,LMH,,,0.975,6.025
20201123LONG02,LONG02,11/23/2020,2020,11,1/0/1900,24.87703,-80.82855,2.6,260,1.45,0.4,0.38,6.06,6.41,,24.44,98.1,6.71,53.15,35.08,8.02,24.43,98.1,6.71,53.15,35.08,8.02,ZWF,ZWF,LMH,,,0.39,6.235
20201123LONS01,LONS01,11/23/2020,2020,11,1/0/1900,25.23031,-80.45738,1.4,150,3.46,0.55,0.48,52.71,53.64,,24.335,90.4,7.03,21.788,13.09,8.16,24.477,90.7,7.01,22.657,13.65,8.15,ZWF,ZWF,LMH,,,0.515,53.175
20201123MANK01,MANK01,11/23/2020,2020,11,1/0/1900,25.08286,-80.60403,2,65,16.9,1.15,1.11,34.68,34.74,,24.592,98.6,7.58,23.43,14.2,8.27,24.408,87.5,6.41,35.197,22.17,8.15,TAP,LMH,ZWF,,,1.13,34.71
20201123NEST01,NEST01,11/23/2020,2020,11,1/0/1900,25.16172,-80.53289,1.3,120,8.47,0.58,0.48,34.69,34.26,,24.342,92.4,6.96,29.708,18.38,8.18,24.869,81.8,5.85,40.196,25.64,8.08,TAP,LMH,ZWF,,,0.53,34.475
20201123NEST02,NEST02,11/23/2020,2020,11,1/0/1900,25.12624,-80.54146,1.6,100,10.6,0.6,0.54,30.7,31.23,,24.849,98,7.26,31.427,19.57,8.21,24.616,95.5,6.97,36.232,22.87,8.17,TAP,LMH,ZWF,,,0.57,30.965
20201123NMB01,NMB01,11/23/2020,2020,11,1/0/1900,25.00023,-80.97881,2.1,170,5.86,4.42,3.58,14.33,13.87,,24.56,104.7,7.24,50.06,32.79,8.12,24.55,105.5,7.34,50.02,32.77,8.13,ZWF,ZWF,LMH,,,4,14.1
20201123NMB02,NMB02,11/23/2020,2020,11,1/0/1900,24.9472,-80.92815,2.7,270,1.2,1.27,1.1,19.94,19.25,,24.4,105.2,7.38,47.09,30.63,8.28,24.41,105.9,7.43,47.12,30.64,8.28,ZWF,ZWF,LMH,,,1.185,19.595
20201123NMB03,NMB03,11/23/2020,2020,11,1/0/1900,24.90616,-80.88181,2.4,240,0.9,0.51,0.42,12.58,12.71,,24.56,102,7.1,48.19,31.42,8.12,24.55,102,7.12,48.16,31.4,8.13,ZWF,ZWF,LMH,,,0.465,12.645
20201123PORP01,PORP01,11/23/2020,2020,11,1/0/1900,25.00996,-80.69061,2.3,210,3.37,0.64,0.63,16.09,16.02,,24.07,98,7,43.98,28.39,8.08,24.18,92.3,6.43,48.52,31.67,8.01,ZWF,ZWF,LMH,,,0.635,16.055
20201123SWA01,SWA01,11/23/2020,2020,11,1/0/1900,25.1094,-80.49639,1.8,65,14.1,0.77,0.8,25.72,24.89,,24.538,96.2,7.07,35.526,22.39,8.17,24.552,96.1,6.92,39.94,25.48,8.17,TAP,LMH,ZWF,,,0.785,25.305
20201123TAV01,TAV01,11/23/2020,2020,11,1/0/1900,25.01836,-80.5672,2.2,220,1.93,0.58,0.5,14.57,14.61,,24.578,99.4,7,45.518,29.48,8.19,24.567,102.2,7.12,48.928,31.96,8.14,TAP,LMH,ZWF,,,0.54,14.59
20201123UCB01,UCB01,11/23/2020,2020,11,1/0/1900,25.04247,-80.5541,1.9,150,5.86,0.62,0.56,20.01,20.22,,24.646,100.1,7.25,38.416,24.41,8.22,24.88,90.9,6.35,44.817,28.97,8.15,TAP,LMH,ZWF,,,0.59,20.115
20201127CAT02,CAT02,11/27/2020,2020,11,1/0/1900,25.09764,-80.87112,1,60,9.8,11.64,11.28,66.11,66.67,,24.417,102.8,7.76,29.441,18.2,8.3,,,,,,,ZWF,LMH,ZWF,,,11.46,66.39
20201127COR01,COR01,11/27/2020,2020,11,1/0/1900,25.02945,-80.768,1.6,160,1.09,0.21,0.26,20.92,19.44,,24.1,90.9,6.64,41.115,26.32,8.16,24.261,105.8,7.73,41.731,26.77,8.24,ZWF,LMH,ZWF,,,0.235,20.18
20201127END02,END02,11/27/2020,2020,11,1/0/1900,25.12625,-80.71835,1.6,160,2.1,0.59,0.6,30.52,30.51,,23.903,101.5,7.68,30.556,18.97,8.31,24.296,92.3,6.97,26.012,16.08,8.11,ZWF,LMH,ZWF,,,0.595,30.515
20201127NWHIP02,NWHIP02,11/27/2020,2020,11,1/0/1900,25.12505,-80.76307,0.9,90,1.19,0.38,0.51,42.61,43.08,,24.143,89.6,6.83,29.167,18.02,8.11,,,,,,,ZWF,LMH,ZWF,,,0.445,42.845
20201127PEL01,PEL01,11/27/2020,2020,11,1/0/1900,25.06734,-80.82356,1.2,120,1.51,0.78,0.8,42.6,42.1,,24.365,98.3,7.38,30.775,19.11,8.33,24.371,99.9,7.65,30.012,,,ZWF,LMH,ZWF,,,0.79,42.35
20201127PEL02,PEL02,11/27/2020,2020,11,1/0/1900,25.09208,-80.82297,0.8,80,2.03,0.6,0.56,46.23,46.63,,24.546,97,7.29,29.079,17.95,8.24,,,,,,,ZWF,LMH,ZWF,,,0.58,46.43
20201127PEL03,PEL03,11/27/2020,2020,11,1/0/1900,25.06101,-80.85137,0.8,80,2.18,1.12,1.09,50.08,49.23,,24.418,96.3,7.35,27.388,16.81,8.36,24.47,106.3,7.61,27.403,16.82,8.36,ZWF,LMH,ZWF,,,1.105,49.655
20201127RANKL01,RANKL01,11/27/2020,2020,11,1/0/1900,25.12361,-80.81272,1.2,120,4.15,2.7,2.17,57.51,55.21,,25.031,99.6,7.56,25.717,15.69,8.25,24.975,110.8,8.42,25.952,15.84,8.29,ZWF,LMH,ZWF,,,2.435,56.36
20201127RANKL03,RANKL03,11/27/2020,2020,11,1/0/1900,25.16722,-80.80148,0.4,30,16.6,13.09,11.97,131.26,130.25,,25.6,102.7,8.03,13.882,8.03,8.36,,,,,,,ZWF,LMH,ZWF,,,12.53,130.755
20201127SID02,SID02,11/27/2020,2020,11,1/0/1900,25.03315,-80.8075,1.2,120,0.97,0.14,0.19,22.82,22.44,,23.92,74.8,5.47,40.038,25.57,8.09,24.512,95.1,6.9,41.494,26.6,8.18,ZWF,LMH,ZWF,,,0.165,22.63
20201127SNB02,SNB02,11/27/2020,2020,11,1/0/1900,25.13509,-80.85358,0.8,50,12.3,14.94,14.48,94.15,94.44,,25.132,116.7,8.9,23.348,14.1,8.48,,,,,,,ZWF,LMH,ZWF,,,14.71,94.295
20201127TB01,TB01,11/27/2020,2020,11,1/0/1900,25.15737,-80.72488,0.7,40,9.52,7.39,5.89,104.33,105.47,,24.294,82.7,6.83,4.757,2.49,8.17,,,,,,,ZWF,LMH,ZWF,,,6.64,104.9
20201127WHIP02,WHIP02,11/27/2020,2020,11,1/0/1900,25.07281,-80.76389,1.8,180,0.62,0.23,0.25,29,29.28,,24.165,99.4,7.37,35.579,22.45,8.26,24.304,89.6,6.51,36.371,22.91,8.21,ZWF,LMH,ZWF,,,0.24,29.14
20201128CAT01,CAT01,11/28/2020,2020,11,1/0/1900,25.08788,-80.91418,1,60,17.5,7.94,6.67,35.71,34.82,,25.088,101.7,7.13,44.359,28.63,8.09,,,,,,,ZWF,LMH,ZWF,,,7.305,35.265
20201128END01,END01,11/28/2020,2020,11,1/0/1900,25.10097,-80.71864,1.6,160,1.41,0.5,0.46,31.64,31.58,,24.25,100,7.49,31.619,19.69,8.25,24.467,96.8,7.2,32.674,20.41,8.23,ZWF,LMH,ZWF,,,0.48,31.61
20201128MAD01,MAD01,11/28/2020,2020,11,1/0/1900,25.14972,-80.68353,1.2,100,7.33,1.93,1.73,61.48,61.51,,25.276,106.4,8.11,22.184,13.35,8.29,25.386,106.4,8.06,24.421,14.81,8.31,ZWF,LMH,ZWF,,,1.83,61.495
20201128NWHIP01,NWHIP01,11/28/2020,2020,11,1/0/1900,25.12362,-80.74056,1.5,150,1.81,0.69,0.65,44.08,43.9,,24.571,98.7,7.45,28.01,17.23,8.24,25.292,87,6.4,32.133,20.03,8.18,ZWF,LMH,ZWF,,,0.67,43.99
20201128RAB03,RAB03,11/28/2020,2020,11,1/0/1900,24.99997,-80.85631,2.1,210,0.55,0.52,0.59,27.6,25.94,,24.643,98.5,7.13,38.68,24.6,8.3,24.586,101.1,7.35,38.674,24.6,8.31,ZWF,LMH,ZWF,,,0.555,26.77
20201128RAB04,RAB04,11/28/2020,2020,11,1/0/1900,24.96537,-80.8387,2.2,220,0.53,0.39,0.35,18.73,19.63,,24.519,83,5.86,44.428,28.7,8.08,24.489,83.1,5.89,44.385,28.65,8.08,ZWF,LMH,ZWF,,,0.37,19.18
20201128RANKB01,RANKB01,11/28/2020,2020,11,1/0/1900,25.14606,-80.77826,0.4,40,1.31,1.07,1.08,63.68,64.17,,24.88,89.9,6.84,24.426,14.83,8.33,,,,,,,ZWF,LMH,ZWF,,,1.075,63.925
20201128RANKL02,RANKL02,11/28/2020,2020,11,1/0/1900,25.14204,-80.81966,0.7,70,2.56,2.34,2.19,72.23,71.78,,25.733,117.3,8.81,24.291,,,,,,,,,ZWF,LMH,ZWF,,,2.265,72.005
20201128RUS01,RUS01,11/28/2020,2020,11,1/0/1900,25.04913,-80.66407,2.2,180,4.84,0.57,0.47,25.64,25.14,,24.2,99.7,7.43,33.105,20.71,8.12,24.957,95.3,6.85,38.494,24.46,8.09,ZWF,LMH,ZWF,,,0.52,25.39
20201128RUS02,RUS02,11/28/2020,2020,11,1/0/1900,25.08169,-80.68192,2,200,1.55,0.29,0.28,24.22,24.37,,24.467,99.7,7.4,33.172,20.76,8.13,24.638,95.6,7.06,33.834,21.21,8.11,ZWF,LMH,ZWF,,,0.285,24.295
20201128SID01,SID01,11/28/2020,2020,11,1/0/1900,25.01855,-80.78622,1,100,0.81,0.18,0.13,20.51,20.05,,24.78,86.7,6.17,41.29,26.46,8.17,,,,,,,ZWF,LMH,ZWF,,,0.155,20.28
20201128SNB01,SNB01,11/28/2020,2020,11,1/0/1900,25.14069,-80.89364,1.8,40,27.1,9.34,7.88,53.61,54.34,,24.519,72.8,5.22,41.081,26.29,8.04,24.512,72.2,5.18,41.042,26.27,8.04,ZWF,LMH,ZWF,,,8.61,53.975
20201128TWIN01,TWIN01,11/28/2020,2020,11,1/0/1900,24.95917,-80.7815,2.6,260,0.79,0.33,0.29,13.2,13.01,,24.664,98.1,6.82,48.184,31.38,8.07,24.634,99.1,6.86,49.09,32.07,8.07,ZWF,LMH,ZWF,,,0.31,13.105
20201128WHIP01,WHIP01,11/28/2020,2020,11,1/0/1900,25.09536,-80.76162,1.7,170,0.76,0.31,0.45,31.95,31.84,,24.763,93.6,6.89,33.186,20.76,8.21,25.055,96.5,7.01,36.086,22.77,8.23,ZWF,LMH,ZWF,,,0.38,31.895
20201128WHIP03,WHIP03,11/28/2020,2020,11,1/0/1900,25.04965,-80.76827,1.9,190,0.75,0.17,0.19,26.19,25.61,,24.522,97.8,7.13,37.19,23.53,8.24,25.096,97.9,7,40.044,25.55,8.2,ZWF,LMH,ZWF,,,0.18,25.9
20201129BLUE02,BLUE02,11/29/2020,2020,11,1/0/1900,24.99494,-80.92709,2.2,220,2.87,1.43,1.23,30.4,30.36,,25.78,110.7,7.82,41.17,26.34,8.23,25.757,114.2,8.03,41.182,26.35,8.25,ZWF,LMH,ZWF,,,1.33,30.38
20201129CAL01,CAL01,11/29/2020,2020,11,1/0/1900,25.05913,-80.71078,1.7,170,0.89,0.24,0.26,24.23,23.38,,25.581,103.6,7.47,35.373,22.26,8.23,26.02,105.9,7.46,39.465,25.12,8.17,ZWF,LMH,ZWF,,,0.25,23.805
20201129CON01,CON01,11/29/2020,2020,11,1/0/1900,25.11805,-80.9381,2.7,50,39,13.28,10.04,24.83,24.71,,25.53,102.3,7.03,47.523,30.91,8.01,25.51,101.7,6.99,47.493,30.89,8.01,ZWF,LMH,ZWF,,,11.66,24.77
20201129CROC01,CROC01,11/29/2020,2020,11,1/0/1900,25.12857,-80.67474,1.1,110,5.51,0.62,0.71,37.82,37.2,,25.365,95.2,7.2,25.749,15.7,8.21,25.806,83.7,6.15,28.82,17.8,8.14,ZWF,LMH,ZWF,,,0.665,37.51
20201129JOE01,JOE01,11/29/2020,2020,11,1/0/1900,25.21571,-80.53388,1.1,100,8.24,0.85,0.65,45.85,44.97,,24.631,87.1,7.39,15.36,0.74,8.39,24.75,88.7,7.3,2.875,1.53,8.24,ZWF,LMH,ZWF,,,0.75,45.41
20201129JOHN01,JOHN01,11/29/2020,2020,11,1/0/1900,25.06347,-80.90072,0.5,50,4.73,4.21,3.76,39.22,38.89,,26.871,124.1,8.59,41.22,26.35,8.24,,,,,,,ZWF,LMH,ZWF,,,3.985,39.055
20201129JOHN03,JOHN03,11/29/2020,2020,11,1/0/1900,25.04051,-80.91552,1.4,55,15.2,12.82,10.91,32.94,32.84,,26.782,141.7,9.78,43.446,27.95,8.28,26.558,142.5,9.78,43.388,27.91,8.28,ZWF,LMH,ZWF,,,11.865,32.89
20201129LIG02,LIG02,11/29/2020,2020,11,1/0/1900,24.96433,-80.69522,2.4,240,1.53,0.32,0.35,13.54,13.47,,25.297,100.1,6.95,46.25,30,8.08,25.468,99.1,6.72,50.812,33.32,8.04,ZWF,LMH,ZWF,,,0.335,13.505
20201129LMAD01,LMAD01,11/29/2020,2020,11,1/0/1900,25.1852,-80.63322,0.9,90,9.57,3.1,2.57,74.43,72.7,,25.097,85.8,6.97,6.242,3.39,8.08,,,,,,,ZWF,LMH,ZWF,,,2.835,73.565
20201129RAB01,RAB01,11/29/2020,2020,11,1/0/1900,25.02163,-80.88979,0.5,50,1.96,1.18,1.04,35.72,34.87,,26.54,102.7,7.24,36.958,23.35,8.3,,,,,,,ZWF,LMH,ZWF,,,1.11,35.295
20201129RAB02,RAB02,11/29/2020,2020,11,1/0/1900,24.97354,-80.87026,1,100,1.51,0.59,0.57,27.51,26.55,,26.064,116.7,8.25,38.348,24.33,8.43,26.046,123.1,8.67,38.381,24.35,8.45,ZWF,LMH,ZWF,,,0.58,27.03
20201129SPY01,SPY01,11/29/2020,2020,11,1/0/1900,25.02537,-80.72,2,200,1.31,0.42,0.28,19.53,20.51,,25.42,103.4,7.36,39.201,24.95,8.19,25.804,109.4,7.65,42.238,27.1,8.18,ZWF,LMH,ZWF,,,0.35,20.02
20201129TWIN02,TWIN02,11/29/2020,2020,11,1/0/1900,24.98328,-80.809,2.1,210,0.93,0.48,0.37,24.95,23.06,,25.795,95.9,6.74,40.892,26.13,8.23,25.819,93.8,6.45,45.872,29.71,8.09,ZWF,LMH,ZWF,,,0.425,24.005
20201129TWIN03,TWIN03,11/29/2020,2020,11,1/0/1900,25.00394,-80.75381,1.9,190,1.28,0.28,0.23,15.41,15.66,,25.42,94,6.54,45.684,29.58,8.1,25.568,99.5,6.83,47.18,30.66,8.08,ZWF,LMH,ZWF,,,0.255,15.535
20210111BBK01,BBK01,1/11/2021,2021,1,1/0/1900,25.15889,-80.62526,1.4,140,2.25,0.26,0.21,26.34,26.01,,18.77,104.4,8.93,23.86,14.51,8.33,19.45,102.1,8.52,25.94,15.8,8.28,ZWF,ZWF,ZWF,,,0.235,26.175
20210111BBK02,BBK02,1/11/2021,2021,1,1/0/1900,25.12302,-80.58904,1.3,130,1.61,0.2,0.18,20.79,20.57,,18.68,99,8.33,28.32,17.5,8.24,18.51,99.7,8.41,28.32,17.51,8.24,ZWF,ZWF,ZWF,,,0.19,20.68
20210111BLAS01,BLAS01,1/11/2021,2021,1,1/0/1900,25.17065,-80.417,2.4,240,0.83,0.3,0.29,25.66,26.87,,19.11,97.8,7.86,37.5,23.85,8.1,19.24,97.9,7.84,37.86,24.09,8.09,ZWF,ZWF,ZWF,,,0.295,26.265
20210111BNUT01,BNUT01,1/11/2021,2021,1,1/0/1900,25.07449,-80.52958,2.2,170,4.93,0.16,0.19,18.03,17.89,,19.16,102.7,8.33,34.82,21.96,8.22,18.89,100.2,8.15,35.22,22.24,8.2,ZWF,ZWF,ZWF,,,0.175,17.96
20210111BUTT01,BUTT01,1/11/2021,2021,1,1/0/1900,25.11084,-80.45642,1.9,190,0.72,0.18,0.15,23.98,23.94,,18.8,96.5,7.78,37.83,24.07,8.17,18.81,96.3,7.77,37.83,24.07,8.17,ZWF,ZWF,ZWF,,,0.165,23.96
20210111COTT01,COTT01,1/11/2021,2021,1,1/0/1900,24.99633,-80.57877,2,200,0.96,0.2,0.2,12.3,12.25,,18.98,100.5,7.8,46,29.89,8.09,18.92,102.2,7.97,46.04,29.92,8.11,ZWF,ZWF,ZWF,,,0.2,12.275
20210111COTT02,COTT02,1/11/2021,2021,1,1/0/1900,24.98035,-80.62511,1.9,190,2.16,0.17,0.17,11.36,11.61,,18.95,98.8,7.66,46.65,30.37,8.06,18.72,100.9,7.87,47,30.62,8.07,ZWF,ZWF,ZWF,,,0.17,11.485
20210111DEER01,DEER01,1/11/2021,2021,1,1/0/1900,25.18558,-80.51525,1.2,120,1.88,0.17,0.16,25.13,24.65,,18.2,98.1,8.29,29.83,18.53,8.18,18.07,98.7,8.35,29.83,18.53,8.18,ZWF,ZWF,ZWF,,,0.165,24.89
20210111DUCK01,DUCK01,1/11/2021,2021,1,1/0/1900,25.19059,-80.47389,1.2,120,1.19,0.09,0.1,21.33,21.58,,18.23,97.5,8.03,35.48,22.42,8.14,18.23,97.6,8.05,35.47,22.42,8.15,ZWF,ZWF,ZWF,,,0.095,21.455
20210111DUCK02,DUCK02,1/11/2021,2021,1,1/0/1900,25.15543,-80.48386,1.1,110,1.68,0.1,0.13,21.25,21.2,,18.08,96.8,8.07,33.37,20.38,8.14,18.08,96.8,8.07,33.38,20.97,8.14,ZWF,ZWF,ZWF,,,0.115,21.225
20210111EAGLE01,EAGLE01,1/11/2021,2021,1,1/0/1900,25.17913,-80.57323,1.3,130,3.85,0.23,0.22,24.64,24.63,,18.41,98.7,8.44,25.57,15.65,8.25,18.87,93.2,7.81,28.06,17.33,8.19,ZWF,ZWF,ZWF,,,0.225,24.635
20210111JIM01,JIM01,1/11/2021,2021,1,1/0/1900,25.04016,-80.61582,2.1,235,3.48,0.18,0.16,16,15.88,,18.99,99.3,7.96,38.65,24.65,8.15,18.72,99.7,8.02,38.8,24.75,8.15,ZWF,ZWF,ZWF,,,0.17,15.94
20210111LBS01,LBS01,1/11/2021,2021,1,1/0/1900,25.21258,-80.4426,1.4,140,2.64,0.24,0.19,30.49,30.11,,18.75,92.7,7.78,28.76,17.8,8.13,18.72,93.4,7.84,28.73,17.78,8.13,ZWF,ZWF,ZWF,,,0.215,30.3
20210111LBUT01,LBUT01,1/11/2021,2021,1,1/0/1900,25.13757,-80.44789,1.8,180,0.91,0.19,0.18,26.8,27.43,,18.66,94.1,7.64,37.64,23.94,8.13,18.64,95,7.69,37.64,23.93,8.13,ZWF,ZWF,ZWF,,,0.185,27.115
20210111LONS01,LONS01,1/11/2021,2021,1,1/0/1900,25.23054,-80.45703,1.2,120,3.01,0.44,0.38,38.92,38.1,,18.76,93.2,7.94,24.94,15.23,8.14,18.76,93.4,7.96,24.94,15.23,8.13,ZWF,ZWF,ZWF,,,0.41,38.51
20210111MANK01,MANK01,1/11/2021,2021,1,1/0/1900,25.08497,-80.60415,2,215,3.87,0.25,0.21,18.87,18.42,,19.06,101.4,8.34,32.11,20.09,8.21,18.8,102.6,8.48,32.09,20.08,8.21,ZWF,ZWF,ZWF,,,0.23,18.645
20210111NEST01,NEST01,1/11/2021,2021,1,1/0/1900,25.1628,-80.53252,1.1,110,1.42,0.14,0.09,22.71,22.36,,18.31,98.8,8.36,28.58,17.68,8.2,18.19,99.2,8.42,28.57,17.68,8.2,ZWF,ZWF,ZWF,,,0.115,22.535
20210111NEST02,NEST02,1/11/2021,2021,1,1/0/1900,25.12737,-80.54232,1.5,150,3.12,0.17,0.13,19.56,19.22,,19.35,101.1,8.32,30.58,19,8.21,18.83,102.7,8.51,31.23,19.49,8.23,ZWF,ZWF,ZWF,,,0.15,19.39
20210111SWA01,SWA01,1/11/2021,2021,1,1/0/1900,25.10942,-80.49547,1.7,150,4.14,0.22,0.18,18.7,18.89,,19.22,101,8.26,32.65,20.45,8.2,18.86,104.9,8.61,33.79,21.25,8.19,ZWF,ZWF,ZWF,,,0.2,18.795
20210111TAV01,TAV01,1/11/2021,2021,1,1/0/1900,25.01965,-80.56667,2.2,220,1.61,0.18,0.15,14.52,14.65,,19.05,101.6,8,42.74,27.55,8.16,18.93,104,8.25,42.83,27.62,8.17,ZWF,ZWF,ZWF,,,0.165,14.585
20210111UCB01,UCB01,1/11/2021,2021,1,1/0/1900,25.0438,-80.55515,1.8,140,6.7,0.22,0.19,17.78,17.31,,19.04,99.6,8.01,37.43,23.79,8.2,19.38,106.2,8.44,39.14,24.99,8.22,ZWF,ZWF,ZWF,,,0.205,17.545
20210112CAT02,CAT02,1/12/2021,2021,1,1/0/1900,25.09812,-80.87225,0.8,80,7.41,0.99,1.08,26.22,26.87,,20.34,110.7,8.44,45.21,29.32,8.08,,,,,,,ZWF,ZWF,ZWF,,,1.035,26.545
20210112COR01,COR01,1/12/2021,2021,1,1/0/1900,25.02724,-80.76857,1.6,160,1.31,0.18,0.18,36.9,37.68,,19.55,94.8,7.31,45.48,29.52,8.14,19.47,98.3,7.58,45.54,29.56,8.16,ZWF,ZWF,ZWF,,,0.18,37.29
20210112END02,END02,1/12/2021,2021,1,1/0/1900,25.12633,-80.71831,1.5,150,1.37,0.24,0.22,40.04,39.42,,19.52,99.3,7.99,35.61,22.51,8.15,19.44,94.9,7.59,36.61,23.21,8.13,ZWF,ZWF,ZWF,,,0.23,39.73
20210112NWHIP02,NWHIP02,1/12/2021,2021,1,1/0/1900,25.12432,-80.76473,1,100,1.11,0.4,0.45,55.19,54.76,,19.66,105.3,8.27,40.49,25.94,8.17,,,,,,,ZWF,ZWF,ZWF,,,0.425,54.975
20210112PEL01,PEL01,1/12/2021,2021,1,1/0/1900,25.06906,-80.82435,1.1,110,1.26,0.36,0.32,28.13,27.58,,19.63,112.2,8.66,45.18,29.29,8.12,19.65,114.9,8.86,45.16,29.29,8.13,ZWF,ZWF,ZWF,,,0.34,27.855
20210112PEL02,PEL02,1/12/2021,2021,1,1/0/1900,25.09183,-80.82196,0.8,80,1.53,0.29,0.24,31.79,32.02,,20.26,105.9,8.07,45.24,29.34,8.16,,,,,,,ZWF,ZWF,ZWF,,,0.265,31.905
20210112PEL03,PEL03,1/12/2021,2021,1,1/0/1900,25.06094,-80.85194,0.7,70,1.34,0.6,0.55,27.15,27.04,,20.48,102.6,7.76,45.75,29.71,8.09,,,,,,,ZWF,ZWF,ZWF,,,0.575,27.095
20210112RANKL01,RANKL01,1/12/2021,2021,1,1/0/1900,25.12242,-80.81368,1,100,3.23,0.74,0.76,39.57,39.71,,20.58,113,8.56,45.01,29.17,8.12,,,,,,,ZWF,ZWF,ZWF,,,0.75,39.64
20210112RANKL03,RANKL03,1/12/2021,2021,1,1/0/1900,25.16719,-80.80132,0.5,40,18.3,13.75,13.94,76.54,75.16,,21.6,151.8,11.41,42.56,27.41,8.38,,,,,,,ZWF,ZWF,ZWF,,,13.845,75.85
20210112SID02,SID02,1/12/2021,2021,1,1/0/1900,25.03154,-80.80597,1.1,110,0.77,0.23,0.2,36.31,35.93,,19.11,95.8,7.42,45.98,29.88,8.21,19.11,97.7,7.57,45.97,29.88,8.22,ZWF,ZWF,ZWF,,,0.215,36.12
20210112SNB02,SNB02,1/12/2021,2021,1,1/0/1900,25.1344,-80.85432,0.7,70,13.4,1.85,2.23,40.22,40.85,,21.6,101.2,7.52,45.05,29.19,8.12,,,,,,,ZWF,ZWF,ZWF,,,2.04,40.535
20210112TB01,TB01,1/12/2021,2021,1,1/0/1900,25.15747,-80.72457,0.6,50,14.5,6.73,6.36,63.35,63.11,,20.3,84.2,7.03,22.39,13.73,7.96,,,,,,,ZWF,ZWF,ZWF,,,6.545,63.23
20210112WHIP02,WHIP02,1/12/2021,2021,1,1/0/1900,25.07079,-80.76484,1.8,180,0.83,0.39,0.33,41.01,40.51,,19.98,100.8,7.78,43.27,27.93,8.16,19.28,97.1,,44.47,28.78,8.15,ZWF,ZWF,ZWF,,,0.36,40.76
20210113CAT01,CAT01,1/13/2021,2021,1,1/0/1900,25.08842,-80.91251,1,25,87.5,8.17,7.28,24.69,24.06,,20.38,89.1,6.76,45.45,29.49,7.92,,,,,,,ZWF,ZWF,ZWF,,,7.725,24.375
20210113END01,END01,1/13/2021,2021,1,1/0/1900,25.10201,-80.7198,1.4,140,1.78,0.45,0.39,46.06,45.03,,20.06,95,7.54,36.24,22.95,8.11,20.06,95.1,7.54,36.22,22.93,8.11,ZWF,ZWF,ZWF,,,0.42,45.545
20210113MAD01,MAD01,1/13/2021,2021,1,1/0/1900,25.15145,-80.68204,1.1,95,12.2,0.64,0.46,36.64,35.66,,20.76,104,8.37,29.26,18.13,8.27,20.75,104,8.39,29.26,18.13,8.27,ZWF,ZWF,ZWF,,,0.55,36.15
20210113NWHIP01,NWHIP01,1/13/2021,2021,1,1/0/1900,25.125,-80.74072,1.3,130,0.92,0.42,0.34,47.1,46.52,,19.86,97.5,7.76,36.44,23.09,8.11,19.86,97.6,7.7,36.66,23.22,8.11,ZWF,ZWF,ZWF,,,0.38,46.81
20210113RAB03,RAB03,1/13/2021,2021,1,1/0/1900,25.00133,-80.85733,2,200,0.56,0.26,0.19,28.57,27.92,,19.65,118.9,9.09,45.64,29.64,8.27,19.66,118.7,9.13,45.65,29.64,8.27,ZWF,ZWF,ZWF,,,0.225,28.245
20210113RAB04,RAB04,1/13/2021,2021,1,1/0/1900,24.96804,-80.84039,1.9,190,0.51,0.33,0.27,27.58,27.42,,19.89,102.7,7.85,45.73,29.7,8.25,19.89,103,7.88,45.74,29.71,8.25,ZWF,ZWF,ZWF,,,0.3,27.5
20210113RANKB01,RANKB01,1/13/2021,2021,1,1/0/1900,25.14944,-80.77908,0.6,60,3.62,0.7,0.67,57.79,56.37,,20.07,73.5,5.8,37.25,23.66,7.85,,,,,,,ZWF,ZWF,ZWF,,,0.685,57.08
20210113RANKL02,RANKL02,1/13/2021,2021,1,1/0/1900,25.14254,-80.81813,0.6,60,4.59,1.13,0.87,43.9,43.69,,21.1,105.7,7.9,45.66,29.64,8.13,,,,,,,ZWF,ZWF,ZWF,,,1,43.795
20210113RUS01,RUS01,1/13/2021,2021,1,1/0/1900,25.04851,-80.66574,2.1,210,2.09,0.21,0.17,20.89,20.11,,19.83,100.3,7.97,36.8,23.34,8.13,19.83,100.4,7.98,36.8,23.34,8.14,ZWF,ZWF,ZWF,,,0.19,20.5
20210113RUS02,RUS02,1/13/2021,2021,1,1/0/1900,25.08384,-80.68212,1.9,190,1.93,0.2,0.17,26.86,26.38,,19.96,97.3,7.74,35.95,22.75,8.16,19.96,97.3,7.74,35.96,22.75,8.16,ZWF,ZWF,ZWF,,,0.185,26.62
20210113SID01,SID01,1/13/2021,2021,1,1/0/1900,25.01875,-80.78664,1,100,1.69,0.27,0.2,36.36,36.78,,20.15,97.4,7.41,45.79,29.74,8.18,,,,,,,ZWF,ZWF,ZWF,,,0.235,36.57
20210113SNB01,SNB01,1/13/2021,2021,1,1/0/1900,25.14051,-80.89347,1,38,33.5,3.3,2.82,37.36,37.85,,20.99,126,9.5,44.5,28.8,8.05,,,,,,,ZWF,ZWF,ZWF,,,3.06,37.605
20210113TWIN01,TWIN01,1/13/2021,2021,1,1/0/1900,24.95852,-80.78091,2.5,250,0.8,0.72,0.57,31.37,30.56,,20.1,96.8,7.34,46.71,30.41,8.21,20.08,96.8,7.34,46.72,30.41,8.21,ZWF,ZWF,ZWF,,,0.645,30.965
20210113WHIP01,WHIP01,1/13/2021,2021,1,1/0/1900,25.09408,-80.76164,1.6,160,0.83,0.6,0.48,50.15,49.14,,19.45,96.1,7.46,43.92,28.39,8.09,19.45,96.1,7.46,43.92,28.4,8.09,ZWF,ZWF,ZWF,,,0.54,49.645
20210113WHIP03,WHIP03,1/13/2021,2021,1,1/0/1900,25.04909,-80.76853,1.8,180,0.83,0.45,0.37,40.16,40.01,,20.11,99.9,7.66,44.2,28.59,8.17,20.08,100.9,7.74,44.3,28.71,8.17,ZWF,ZWF,ZWF,,,0.41,40.085
20210114BLUE02,BLUE02,1/14/2021,2021,1,1/0/1900,24.99483,-80.92758,1.9,190,1.82,0.6,0.46,24.41,24.18,,20.42,102.5,7.77,45.63,29.62,8.05,20.43,105,7.95,45.61,29.63,8.06,ZWF,ZWF,ZWF,,,0.53,24.295
20210114CAL01,CAL01,1/14/2021,2021,1,1/0/1900,25.06007,-80.7116,1.7,170,2.56,0.45,0.39,36.76,35.72,,20.13,98.1,7.69,39.04,24.91,8.18,20.13,98.3,7.7,39.03,24.9,8.18,ZWF,ZWF,ZWF,,,0.42,36.24
20210114CON01,CON01,1/14/2021,2021,1,1/0/1900,25.11766,-80.93882,2.3,110,9.98,1.57,1.48,25.29,25.82,,20.24,99.9,7.62,44.78,29.01,7.92,20.23,100,7.63,44.73,28.99,7.92,ZWF,ZWF,ZWF,,,1.525,25.555
20210114CROC01,CROC01,1/14/2021,2021,1,1/0/1900,25.12842,-80.6757,0.9,90,3.32,0.42,0.37,25.55,26.35,,20.15,94.3,7.6,31.98,19.99,8.14,,,,,,,ZWF,ZWF,ZWF,,,0.395,25.95
20210114JOE01,JOE01,1/14/2021,2021,1,1/0/1900,25.21557,-80.53376,1,70,7.9,1.06,0.95,47.32,46.68,,20,92.9,8.32,4.96,2.69,8.25,,,,,,,ZWF,ZWF,ZWF,,,1.005,47
20210114JOHN01,JOHN01,1/14/2021,2021,1,1/0/1900,25.06071,-80.90923,0.8,80,6.95,1.37,1.55,25.75,25.58,,20.33,104.5,7.92,45.02,29.18,7.98,,,,,,,ZWF,ZWF,ZWF,,,1.46,25.665
20210114JOHN03,JOHN03,1/14/2021,2021,1,1/0/1900,25.04176,-80.91505,1.1,70,14.2,1.55,1.29,23.74,23.66,,20.57,95.5,7.22,45.41,29.46,7.98,20.58,95.5,7.25,44.44,27.11,7.54,ZWF,ZWF,ZWF,,,1.42,23.7
20210114LIG02,LIG02,1/14/2021,2021,1,1/0/1900,24.96499,-80.69421,2.2,220,1.98,0.34,0.43,19.16,19.19,,20.2,96.3,7.37,43.95,28.41,8.07,20.21,96.3,7.37,43.96,28.42,8.07,ZWF,ZWF,ZWF,,,0.385,19.175
20210114LMAD01,LMAD01,1/14/2021,2021,1,1/0/1900,25.18519,-80.63516,0.8,80,4.81,0.79,0.7,40.42,40.46,,20.62,92.4,7.93,15.21,9.34,8.21,,,,,,,ZWF,ZWF,ZWF,,,0.745,40.44
20210114RAB01,RAB01,1/14/2021,2021,1,1/0/1900,25.02025,-80.89072,0.6,60,1.86,0.41,0.38,25.03,24.96,,19.72,108.1,8.3,45.52,29.55,8.09,,,,,,,ZWF,ZWF,ZWF,,,0.395,24.995
20210114RAB02,RAB02,1/14/2021,2021,1,1/0/1900,24.97491,-80.86965,1.4,140,6.09,0.56,0.33,24.58,24.36,,20.31,107.6,8.17,45.82,29.76,8.26,20.35,108.6,8.23,45.78,29.73,8.27,ZWF,ZWF,ZWF,,,0.445,24.47
20210114SPY01,SPY01,1/14/2021,2021,1,1/0/1900,25.0249,-80.7203,2,200,1.09,0.17,0.18,33.03,33.88,,20.2,94.7,7.36,40.49,25.94,8.16,20.21,94.7,7.36,40.51,25.95,8.17,ZWF,ZWF,ZWF,,,0.175,33.455
20210114TWIN02,TWIN02,1/14/2021,2021,1,1/0/1900,24.98291,-80.80879,2.1,210,0.72,0.3,0.29,32.33,32.99,,20.02,97.7,7.45,45.89,29.82,8.19,20.01,97.6,7.44,45.92,29.83,8.19,ZWF,ZWF,ZWF,,,0.295,32.66
20210114TWIN03,TWIN03,1/14/2021,2021,1,1/0/1900,25.00343,-80.75386,1.9,190,1.19,0.58,0.69,35.93,36.01,,20.09,95.2,7.25,45.73,29.69,8.11,20.08,95.1,7.25,45.73,29.69,8.11,ZWF,ZWF,ZWF,,,0.635,35.97
20210115BLUE01,BLUE01,1/15/2021,2021,1,1/0/1900,25.02243,-80.92733,0.9,120,7.61,1.58,1.42,22.89,22.61,,19.63,89,6.85,45.43,29.48,7.93,,,,,,,ZWF,ZWF,ZWF,,,1.5,22.75
20210115CAP01,CAP01,1/15/2021,2021,1,1/0/1900,25.00761,-80.64706,2.1,210,1.6,0.12,0.17,15.44,15.25,,20.63,100.3,7.72,41.12,26.38,8.17,20.63,109.6,8.38,42.81,27.59,8.16,ZWF,ZWF,ZWF,,,0.145,15.345
20210115CON02,CON02,1/15/2021,2021,1,1/0/1900,25.10197,-81.02216,2.1,96,10.1,1.74,1.72,25.54,25.87,,19.65,89.6,6.9,45.25,29.35,7.86,19.64,89.5,6.89,45.25,29.35,7.86,ZWF,ZWF,ZWF,,,1.73,25.705
20210115FNB01,FNB01,1/15/2021,2021,1,1/0/1900,25.05766,-81.02007,1.4,70,12.8,2.41,2.74,19.9,19.83,,19.45,98.1,7.56,46.19,30.03,7.95,19.43,98.4,7.57,46.16,30,7.97,ZWF,ZWF,ZWF,,,2.575,19.865
20210115FNB02,FNB02,1/15/2021,2021,1,1/0/1900,25.05658,-80.98046,0.4,62,13.9,4.42,3.78,21.23,21.23,,19.31,84,6.49,45.79,29.74,7.87,,,,,,,ZWF,ZWF,ZWF,,,4.1,21.23
20210115JOHN02,JOHN02,1/15/2021,2021,1,1/0/1900,25.05668,-80.93111,1,112,6.72,1.56,1.33,22.63,22.38,,19.45,71,5.48,45.53,29.55,7.79,,,,,,,ZWF,ZWF,ZWF,,,1.445,22.505
20210115LIG01,LIG01,1/15/2021,2021,1,1/0/1900,24.93505,-80.71002,2.7,270,1.4,0.45,0.4,16.9,16.82,,20.41,94.9,7.18,45.79,29.73,8.07,20.44,96.6,7.26,47.46,30.95,8.06,ZWF,ZWF,ZWF,,,0.425,16.86
20210115LIG03,LIG03,1/15/2021,2021,1,1/0/1900,24.966,-80.72668,2.2,220,1.39,0.76,0.83,28.25,28.38,,20.82,94.9,7.14,45.65,29.63,8.08,20.32,97,7.36,45.72,29.69,8.1,ZWF,ZWF,ZWF,,,0.795,28.315
20210115LONG01,LONG01,1/15/2021,2021,1,1/0/1900,24.89963,-80.76527,2.5,250,1.2,0.41,0.25,21.85,22.11,,20.41,96.5,7.29,46.56,30.29,8.06,20.34,96.8,7.33,46.58,30.31,8.06,ZWF,ZWF,ZWF,,,0.33,21.98
20210115LONG02,LONG02,1/15/2021,2021,1,1/0/1900,24.87637,-80.82945,2.6,260,1.39,0.25,0.25,26.02,25.44,,20.25,94.1,7.09,47.74,31.15,8.14,20.2,94.3,7.11,47.74,31.16,8.15,ZWF,ZWF,ZWF,,,0.25,25.73
20210115NMB01,NMB01,1/15/2021,2021,1,1/0/1900,25.00002,-80.97897,0.9,90,4.7,1.17,1.01,17.63,17.3,,19.8,94,7.17,46.76,30.45,7.93,,,,,,,ZWF,ZWF,ZWF,,,1.09,17.465
20210115NMB02,NMB02,1/15/2021,2021,1,1/0/1900,24.94775,-80.92936,2.7,270,0.82,0.33,0.3,23.54,23.8,,19.83,98.9,7.59,46.12,29.98,8.19,19.82,100,7.64,46.12,29.98,8.19,ZWF,ZWF,ZWF,,,0.315,23.67
20210115NMB03,NMB03,1/15/2021,2021,1,1/0/1900,24.90574,-80.88172,1.5,150,0.81,0.3,0.31,19.88,19.7,,20,98.8,7.53,46.01,29.9,8.19,20,99,7.56,46.01,29.9,8.19,ZWF,ZWF,ZWF,,,0.305,19.79
20210115PORP01,PORP01,1/15/2021,2021,1,1/0/1900,25.01044,-80.68047,2.2,220,1.25,0.28,0.26,24.94,25.12,,20.19,98.8,7.66,41.32,26.53,8.19,20.29,109,8.41,41.89,26.94,8.19,ZWF,ZWF,ZWF,,,0.27,25.03
20210315CAT02,CAT02,3/15/2021,2021,3,1/0/1900,25.09872,-80.8729,0.9,70,14.3,2.05,2.14,28.12,28.38,,24.81,101.3,6.95,50.85,33.37,8.07,,,,,,,ZWF,CJK,ZWF,,,2.095,28.25
20210315COR01,COR01,3/15/2021,2021,3,1/0/1900,25.0284,-80.76949,1.7,170,1.48,0.32,0.29,22.26,20.7,,23.87,94.8,6.75,46.08,29.9,8.32,24,105.2,7.45,46.72,30.36,,ZWF,CJK,ZWF,,,0.305,21.48
20210315END02,END02,3/15/2021,2021,3,1/0/1900,25.12681,-80.71873,1.6,160,1.83,0.39,0.39,26.35,27.01,,23.76,94.2,6.77,43.84,28.3,8.22,23.79,93.9,6.72,44.76,28.95,8.23,ZWF,CJK,ZWF,,,0.39,26.68
20210315NWHIP02,NWHIP02,3/15/2021,2021,3,1/0/1900,25.12444,-80.76468,1.1,110,2.15,0.54,0.47,36.5,37.06,,23.99,87.7,6.25,45.27,29.31,8.29,24.19,94.6,7.1,46.25,30.03,8.35,ZWF,CJK,ZWF,,,0.505,36.78
20210315PEL01,PEL01,3/15/2021,2021,3,1/0/1900,25.06938,-80.82375,1.2,120,2.77,1.12,1.26,37.3,36.15,,23.99,93.1,6.47,50.96,33.43,8.43,24,93.2,6.48,50.92,33.44,8.43,ZWF,CJK,ZWF,,,1.19,36.725
20210315PEL02,PEL02,3/15/2021,2021,3,1/0/1900,25.09159,-80.82224,0.8,80,2.08,0.62,0.65,43.26,43.26,,24.48,83,5.75,49.58,32.44,8.36,,,,,,,ZWF,CJK,ZWF,,,0.635,43.26
20210315PEL03,PEL03,3/15/2021,2021,3,1/0/1900,25.06133,-80.852,0.9,90,2.11,0.74,0.63,38.35,37.49,,24.29,67.9,4.67,51.56,33.9,8.29,,,,,,,ZWF,CJK,ZWF,,,0.685,37.92
20210315RANKL01,RANKL01,3/15/2021,2021,3,1/0/1900,25.12207,-80.81448,1.1,110,5.39,0.84,0.81,44.86,44.45,,25.15,106.6,7.26,51.16,33.6,8.28,24.96,131.1,8.93,51.9,34.13,8.35,ZWF,CJK,ZWF,,,0.825,44.655
20210315RANKL03,RANKL03,3/15/2021,2021,3,1/0/1900,25.16722,-80.80136,0.4,40,11.4,1.13,1.09,45.7,46,,25.57,73.2,5.04,46.92,30.48,8.22,,,,,,,ZWF,CJK,ZWF,,,1.11,45.85
20210315SID02,SID02,3/15/2021,2021,3,1/0/1900,25.03199,-80.80624,1.1,110,0.88,0.32,0.31,25.7,25.81,,24.48,95.8,6.72,46.62,30.28,8.45,24.54,98.7,6.94,46.64,30.3,8.46,ZFW,CJK,ZWF,,,0.315,25.755
20210315SNB02,SNB02,3/15/2021,2021,3,1/0/1900,25.13519,-80.8539,0.8,78,13.2,1.45,1.43,39.86,40.83,,24.35,86.5,5.96,51.36,33.76,7.98,,,,,,,ZWF,CJK,ZWF,,,1.44,40.345
20210315TB01,TB01,3/15/2021,2021,3,1/0/1900,25.15728,-80.72466,0.6,72,11.9,2.42,2.25,39.9,39.71,,24.19,87.8,6.4,38.67,24.6,8.21,,,,,,,ZWF,CJK,ZWF,,,2.335,39.805
20210315WHIP02,WHIP02,3/15/2021,2021,3,1/0/1900,25.07176,-80.76454,1.8,180,1.47,0.45,0.3,28.13,27.65,,23.81,94.4,6.71,46.61,30.29,8.33,23.81,95.1,6.76,46.73,30.38,8.34,ZWF,CJK,ZWF,,,0.375,27.89
20210316BLUE02,BLUE02,3/16/2021,2021,3,1/0/1900,24.99503,-80.9278,1.7,170,1.18,0.25,0.26,28.28,27.2,,24.47,106.6,7.36,51.07,33.54,8.33,24.48,107.6,,51.08,33.54,8.33,ZWF,CJK,ZWF,,,0.255,27.74
20210316CAL01,CAL01,3/16/2021,2021,3,1/0/1900,25.05948,-80.71237,1.8,180,1.45,0.11,0.14,20.83,21.44,,24.39,99.6,7.1,44.06,28.44,8.32,24.42,99.2,7.04,44.07,28.44,8.32,ZWF,CJK,ZWF,,,0.125,21.135
20210316CON01,CON01,3/16/2021,2021,3,1/0/1900,25.11905,-80.93955,2.4,45,29.7,5.39,5.01,25.9,25.94,,24.26,89.3,6.18,50.95,33.46,7.91,24.2,89.2,6.22,50.91,33.42,7.91,ZWF,CJK,ZWF,,,5.2,25.92
20210316CROC01,CROC01,3/16/2021,2021,3,1/0/1900,25.12832,-80.67567,1,100,3.03,0.29,0.33,20.75,21.02,,24.3,93.3,6.77,39.38,25.1,8.24,,,,,,,ZWF,CJK,ZWF,,,0.31,20.885
20210316JOE01,JOE01,3/16/2021,2021,3,1/0/1900,25.21576,-80.53392,1.2,112,11.9,0.57,0.65,21.7,21.68,,28.86,85.3,6.38,33.46,20.96,8.17,23.92,84.3,6.35,33.49,20.97,8.17,ZWF,CJK,ZWF,,,0.61,21.69
20210316JOHN01,JOHN01,3/16/2021,2021,3,1/0/1900,25.0641,-80.90642,0.8,80,4.13,0.27,0.31,34.88,34.11,,24.9,117,7.99,52.11,34,8.51,,,,,,,ZWF,CJK,ZWF,,,0.29,34.495
20210316JOHN03,JOHN03,3/16/2021,2021,3,1/0/1900,25.04014,-80.91583,1.1,150,5.07,0.62,0.58,28.97,28.41,,24.88,112.7,7.73,50.87,33.39,8.26,24.88,117.8,8.06,50.86,33.38,8.28,ZWF,CJK,ZWF,,,0.6,28.69
20210316LIG02,LIG02,3/16/2021,2021,3,1/0/1900,24.96529,-80.69424,2.4,240,1.25,0.23,0.2,5.61,5.65,,24,99.6,6.8,55.15,36.58,8.23,23.98,99.8,6.82,55.08,36.52,8.22,ZWF,CJK,ZWF,,,0.215,5.63
20210316LMAD01,LMAD01,3/16/2021,2021,3,1/0/1900,25.1855,-80.63446,1,100,10.2,0.49,0.42,25.27,25.47,,24.54,91.4,7.04,22.92,13.83,8.3,,,,,,,ZWF,CJK,ZWF,,,0.455,25.37
20210316RAB01,RAB01,3/16/2021,2021,3,1/0/1900,25.0172,-80.89418,1.4,140,1.16,0.32,0.31,34.94,35.31,,24.54,92.5,6.37,50.86,33.38,8.45,24.53,93,6.39,50.85,33.37,8.44,ZWF,CJK,ZWF,,,0.315,35.125
20210316RAB02,RAB02,3/16/2021,2021,3,1/0/1900,24.97311,-80.8709,0.9,90,0.89,0.18,0.23,32.24,32.07,,24.17,99,6.87,50.63,33.22,8.44,,,,,,,ZWF,CJK,ZWF,,,0.205,32.155
20210316SPY01,SPY01,3/16/2021,2021,3,1/0/1900,25.02643,-80.72089,2,200,1.07,0.009,0.1,16.03,15.8,,24.05,99.2,7.01,46.65,30.32,8.32,24.05,98.7,6.98,46.64,30.3,8.32,ZWF,CJK,ZWF,,,0.0545,15.915
20210316TWIN02,TWIN02,3/16/2021,2021,3,1/0/1900,24.9847,-80.80888,2.1,210,0.77,0.56,0.53,27.96,28.42,,24.56,99.1,6.9,48.37,31.56,8.47,24.57,99.5,6.93,48.39,31.57,8.47,ZWF,CJK,ZWF,,,0.545,28.19
20210316TWIN03,TWIN03,3/16/2021,2021,3,1/0/1900,25.00437,-80.75438,2,200,1.16,0.3,0.3,13.58,14.32,,24.25,98.2,6.84,49.2,32.17,8.24,24.25,98,6.83,49.16,32.13,8.24,ZWF,CJK,ZWF,,,0.3,13.95
20210317BBK01,BBK01,3/17/2021,2021,3,1/0/1900,25.15926,-80.62568,1.6,,5.64,0.3,0.29,16.36,16.59,,24.38,97.3,7.38,28.7,17.7,8.31,24.38,97.9,7.44,28.69,17.69,8.3,ZWF,CJK,ZWF,Too windy for secchi,,0.295,16.475
20210317BBK02,BBK02,3/17/2021,2021,3,1/0/1900,25.12358,-80.58974,1.5,,17.6,0.33,0.36,13.53,13.26,,24.02,96,7.18,33.08,20.7,8.21,24.05,95.9,7.17,33.09,20.71,8.21,ZWF,CJK,ZWF,Too windy for secchi,,0.345,13.395
20210317BLAS01,BLAS01,3/17/2021,2021,3,1/0/1900,25.17111,-80.41715,2.4,240,1.57,0.46,0.35,21.47,21.37,,24.23,93,6.72,41.42,26.55,8.17,24.23,93.4,6.72,41.42,26.55,8.17,ZWF,CJK,ZWF,,,0.405,21.42
20210317BNUT01,BNUT01,3/17/2021,2021,3,1/0/1900,25.07422,-80.5301,2.3,,5.32,0.21,0.21,12.37,12.36,,24.46,105.4,7.67,38,24.12,8.26,,,,,,,ZWF,CJK,ZWF,No bottom YSI. Battery power failure.,,0.21,12.365
20210317BUTT01,BUTT01,3/17/2021,2021,3,1/0/1900,25.11102,-80.45631,2,200,1.34,0.22,0.22,20.97,20.57,,24.28,96.3,6.91,42.23,27.12,8.3,24.27,96.1,6.9,42.2,27.1,8.3,ZWF,CJK,ZWF,,,0.22,20.77
20210317COTT01,COTT01,3/17/2021,2021,3,1/0/1900,24.99653,-80.57834,2.3,230,2.32,0.26,0.22,7.63,7.45,,24.36,99.1,6.73,55.17,36.59,8.19,24.36,99.1,6.73,55.2,36.61,8.19,ZWF,CJK,ZWF,,,0.24,7.54
20210317COTT02,COTT02,3/17/2021,2021,3,1/0/1900,24.98073,-80.62548,2.1,210,1.74,0.14,0.12,7.63,7.75,,24.43,98.8,6.7,54.92,36.4,8.21,24.49,99,6.71,54.92,36.4,8.21,ZWF,CJK,ZWF,,,0.13,7.69
20210317DEER01,DEER01,3/17/2021,2021,3,1/0/1900,25.18591,-80.51463,1.2,,10.8,0.32,0.34,14.21,14.63,,24.17,94.3,6.83,40.3,25.75,8.18,24.18,94.4,6.83,40.34,25.78,8.19,ZWF,CJK,ZWF,Too windy for secchi,,0.33,14.42
20210317DUCK01,DUCK01,3/17/2021,2021,3,1/0/1900,25.18999,-80.47353,1.4,140,3.17,0.2,0.19,17.43,18.01,,23.72,93.5,6.83,40.4,25.83,8.22,23.72,94,6.86,40.35,25.79,8.22,ZWF,CJK,ZWF,,,0.195,17.72
20210317DUCK02,DUCK02,3/17/2021,2021,3,1/0/1900,25.15557,-80.48434,1.2,,6.86,0.34,0.26,13.56,13.48,,24.03,91.6,6.7,38.4,24.41,8.15,24.03,91.4,6.69,38.36,24.37,8.14,ZWF,CJK,ZWF,Too windy for secchi,,0.3,13.52
20210317EAGLE01,EAGLE01,3/17/2021,2021,3,1/0/1900,25.17871,-80.57345,1.4,,10,0.5,0.42,20.06,20.17,,24.24,95.8,7.24,29.13,17.93,8.26,24.59,95.7,7.15,30.74,19.04,8.26,ZWF,CJK,ZWF,Too windy for secchi,,0.46,20.115
20210317JIM01,JIM01,3/17/2021,2021,3,1/0/1900,25.04063,-80.61597,2.3,,4.76,0.36,0.3,12.83,13.14,,24.45,95.8,6.81,44.17,28.51,8.24,24.45,96.3,6.82,44.17,28.52,8.25,ZWF,CJK,ZWF,Too windy for secchi,,0.33,12.985
20210317LBS01,LBS01,3/17/2021,2021,3,1/0/1900,25.21276,-80.44311,1.4,140,2.26,0.56,0.38,25.61,25.88,,24.16,92.2,6.82,35.52,22.39,8.22,24.15,92.5,6.83,35.51,22.39,8.22,ZWF,CJK,ZWF,,,0.47,25.745
20210317LBUT01,LBUT01,3/17/2021,2021,3,1/0/1900,25.13776,-80.44792,1.9,190,1.38,0.15,0.17,21.04,20.93,,24.28,95.9,6.91,41.39,26.52,8.28,24.29,96.2,6.92,41.38,26.52,8.28,ZWF,CJK,ZWF,,,0.16,20.985
20210317LONS01,LONS01,3/17/2021,2021,3,1/0/1900,25.23088,-80.45722,1.3,130,2.11,0.56,0.55,27.52,27.74,,24.17,92,6.77,36.27,22.92,8.22,24.18,92,6.77,36.27,22.92,8.22,ZWF,CJK,ZWF,,,0.555,27.63
20210317MANK01,MANK01,3/17/2021,2021,3,1/0/1900,25.0847,-80.60303,2,,25.7,0.3,0.27,14.68,14.52,,24.17,95.7,7.12,33.5,20.98,8.23,24.15,95.5,7.1,33.44,20.96,8.23,ZWF,CJK,ZWF,Too windy for secchi,,0.285,14.6
20210317NEST01,NEST01,3/17/2021,2021,3,1/0/1900,25.16265,-80.53299,1.3,,9.45,0.32,0.36,12.71,12.25,,24.02,94.8,6.93,38.68,24.63,8.15,24.02,94.7,6.92,38.72,24.64,8.15,ZWF,CJK,ZWF,Too windy for secchi,,0.34,12.48
20210317NEST02,NEST02,3/17/2021,2021,3,1/0/1900,25.12746,-80.54195,1.6,,13.7,0.29,0.26,12.23,12.18,,24.71,99.8,7.23,37.96,24.07,8.17,,,,,,,ZWF,CJK,ZWF,No bottom YSI. Battery power failure.,,0.275,12.205
20210317SWA01,SWA01,3/17/2021,2021,3,1/0/1900,25.10923,-80.49538,1.8,,4.16,0.21,0.19,12.8,12.6,,24.72,102.9,7.44,38.52,24.48,8.27,,,,,,,ZWF,CJK,ZWF,No bottom YSI. Battery power failure.,,0.2,12.7
20210317TAV01,TAV01,3/17/2021,2021,3,1/0/1900,25.02032,-80.56606,2.2,220,1.51,0.32,0.24,10.51,10.41,,24.54,101.5,7.04,49.2,32.18,8.25,,,,,,,ZWF,CJK,ZWF,No bottom YSI. Battery power failure.,,0.28,10.46
20210317UCB01,UCB01,3/17/2021,2021,3,1/0/1900,25.04371,-80.55354,2,200,2.33,0.17,0.17,11.94,12.25,,24.57,103.1,7.35,42.6,27.39,8.33,,,,,,,ZWF,CJK,ZWF,No bottom YSI. Battery power failure.,,0.17,12.095
20210318BLUE01,BLUE01,3/18/2021,2021,3,1/0/1900,25.02321,-80.92681,1,100,7.17,1.05,0.91,32.6,31.86,,25.55,106.5,7.2,51.61,33.91,8.46,,,,,,,ZWF,CJK,ZWF,,,0.98,32.23
20210318CAP01,CAP01,3/18/2021,2021,3,1/0/1900,25.00756,-80.64719,2,200,1.46,0.28,0.31,10.25,9.74,,24.58,96.7,6.63,51.94,34.18,8.19,24.6,95.3,6.52,52.16,34.35,8.19,ZWF,CJK,ZWF,,,0.295,9.995
20210318CON02,CON02,3/18/2021,2021,3,1/0/1900,25.10314,-81.02173,2.3,,48.6,9.85,8.59,20.4,20.96,,24.92,96.6,6.6,51.23,33.65,8.04,24.9,96.6,6.61,51.23,33.65,8.04,ZWF,CJK,ZWF,,,9.22,20.68
20210318FNB01,FNB01,3/18/2021,2021,3,1/0/1900,25.05754,-81.01801,0.8,38,31.6,1.53,1.54,19.53,19.36,,25.53,104.6,7.06,51.93,34.15,8.1,,,,,,,ZWF,CJK,ZWF,,,1.535,19.445
20210318FNB02,FNB02,3/18/2021,2021,3,1/0/1900,25.05719,-80.98209,0.7,55,16.8,2.03,1.92,19.82,20.09,,25.11,93.5,6.36,51.76,34.04,7.99,,,,,,,ZWF,CJK,ZWF,,,1.975,19.955
20210318JOHN02,JOHN02,3/18/2021,2021,3,1/0/1900,25.0573,-80.9309,1,38,32.7,3.35,2.91,26.5,26.69,,25.45,88.7,6.01,51.35,33.72,8.19,,,,,,,ZWF,CJK,ZWF,,,3.13,26.595
20210318LIG01,LIG01,3/18/2021,2021,3,1/0/1900,24.93458,-80.7093,2.6,260,1.59,0.22,0.24,3.59,3.85,,24.67,95.3,6.43,55.25,36.64,8.18,24.65,95.3,6.43,55.25,36.64,8.18,ZWF,CJK,ZWF,,,0.23,3.72
20210318LIG03,LIG03,3/18/2021,2021,3,1/0/1900,24.96619,-80.7268,2.1,210,1.9,0.22,0.23,5.33,5.1,,24.44,93.2,6.33,55.28,36.67,8.17,24.44,94.1,6.37,55.25,36.65,8.17,ZWF,CJK,ZWF,,,0.225,5.215
20210318LONG01,LONG01,3/18/2021,2021,3,1/0/1900,24.89963,-80.76604,2.4,240,1.53,0.21,0.17,4.34,4.51,,24.73,94.2,6.37,55.35,36.71,8.22,24.72,94.9,6.4,55.35,36.71,8.22,ZWF,CJK,ZWF,,,0.19,4.425
20210318LONG02,LONG02,3/18/2021,2021,3,1/0/1900,24.8774,-80.82997,2.6,,2.29,0.21,0.16,7.63,7.48,,24.86,93.1,6.28,54.53,36.1,8.27,24.84,94.2,6.36,54.56,36.12,8.27,ZWF,CJK,ZWF,Too windy for Secchi.,,0.185,7.555
20210318NMB01,NMB01,3/18/2021,2021,3,1/0/1900,25.00109,-80.97952,1.5,150,3.65,0.5,0.43,15.7,15.47,,24.78,96.7,6.63,51.26,33.67,8.31,24.77,97.5,6.71,51.26,33.67,8.32,ZWF,CJK,ZWF,,,0.465,15.585
20210318NMB02,NMB02,3/18/2021,2021,3,1/0/1900,24.94796,-80.92959,2.8,280,1.3,0.3,0.3,26.16,25.39,,24.9,95.1,6.55,49.78,32.58,8.53,24.88,95.8,6.59,49.8,32.59,8.53,ZWF,CJK,ZWF,,,0.3,25.775
20210318NMB03,NMB03,3/18/2021,2021,3,1/0/1900,24.90696,-80.88184,2.4,240,0.97,0.18,0.15,14.72,14.75,,24.62,94.9,6.56,49.9,32.68,8.42,24.62,95.9,6.68,49.9,32.67,8.43,ZWF,CJK,ZWF,,,0.165,14.735
20210318PORP01,PORP01,3/18/2021,2021,3,1/0/1900,25.01033,-80.69132,2.2,220,1.57,0.34,0.33,10.76,10.33,,24.72,95.6,6.55,51.4,33.77,8.22,24.72,95.3,6.5,51.5,33.86,8.21,ZWF,CJK,ZWF,,,0.335,10.545
20210319CAT01,CAT01,3/19/2021,2021,3,1/0/1900,25.08827,-80.9125,1.4,35,20.3,3.62,2.95,26.62,26.74,,25.85,81.9,5.5,51.61,33.91,7.92,25.81,81.6,5.49,51.61,33.91,7.92,ZWF,CJK,ZWF,,,3.285,26.68
20210319END01,END01,3/19/2021,2021,3,1/0/1900,25.10183,-80.71964,1.6,160,1.66,0.39,0.43,28.42,28.36,,25.72,93.6,6.44,46.21,29.96,8.31,25.73,93.2,6.42,46.2,29.95,8.31,ZWF,CJK,ZWF,,,0.41,28.39
20210319MAD01,MAD01,3/19/2021,2021,3,1/0/1900,25.1517,-80.68182,1.2,120,6.95,0.46,0.35,28.18,27.56,,25.83,96.6,6.81,39.63,25.25,8.32,25.83,96.8,6.83,39.62,25.24,8.32,ZWF,CJK,ZWF,,,0.405,27.87
20210319NWHIP01,NWHIP01,3/19/2021,2021,3,1/0/1900,25.125,-80.74056,1.4,140,5.32,0.53,0.59,32.19,32.03,,25.76,83.7,5.77,45.87,29.67,8.18,25.76,82.4,5.68,45.68,29.56,8.17,ZWF,CJK,ZWF,,,0.56,32.11
20210319RAB03,RAB03,3/19/2021,2021,3,1/0/1900,25.00135,-80.85722,2.2,220,0.57,0.22,0.14,33.19,32.84,,25.81,96.3,6.5,50.54,33.12,8.48,25.81,96.3,6.5,50.55,33.12,8.48,ZWF,CJK,ZWF,,,0.18,33.015
20210319RAB04,RAB04,3/19/2021,2021,3,1/0/1900,24.96805,-80.84005,2.2,220,0.62,0.28,0.28,31,30.84,,25.92,95.4,6.43,50.62,33.18,8.48,25.9,95.7,6.45,50.64,33.19,8.49,ZWF,CJK,ZWF,,,0.28,30.92
20210319RANKB01,RANKB01,3/19/2021,2021,3,1/0/1900,25.1495,-80.77919,0.5,50,6.55,0.79,0.93,45.14,45.33,,25.35,75.2,5.23,45.71,29.6,8.16,,,,,,,ZWF,CJK,ZWF,,,0.86,45.235
20210319RANKL02,RANKL02,3/19/2021,2021,3,1/0/1900,25.14292,-80.81801,0.8,80,3.84,0.59,0.64,51.61,50.51,,26.11,83.3,5.55,52.49,34.55,8.18,,,,,,,ZWF,CJK,ZWF,,,0.615,51.06
20210319RUS01,RUS01,3/19/2021,2021,3,1/0/1900,25.04921,-80.66534,2.1,210,2.99,0.18,0.2,15.07,15.14,,25.62,94.8,6.58,44.62,28.81,8.23,25.62,94.2,6.53,44.62,28.81,8.23,ZWF,CJK,ZWF,,,0.19,15.105
20210319RUS02,RUS02,3/19/2021,2021,3,1/0/1900,25.08354,-80.68187,2,200,3.42,0.26,0.24,18.36,19,,25.68,92.1,6.48,41,26.22,8.22,25.7,92.1,6.47,41,26.22,8.22,ZWF,CJK,ZWF,,,0.25,18.68
20210319SID01,SID01,3/19/2021,2021,3,1/0/1900,25.01876,-80.78674,1,100,2.26,0.26,0.35,18.82,18.58,,25.8,84.8,5.76,48.86,31.89,8.24,,,,,,,ZWF,CJK,ZWF,,,0.305,18.7
20210319SNB01,SNB01,3/19/2021,2021,3,1/0/1900,25.14097,-80.89364,1.6,43,34.7,5.75,5.81,37.82,38.13,,25.42,76.9,5.2,51.8,34.06,7.81,25.41,76.4,5.16,51.82,34.07,7.8,ZWF,CJK,ZWF,,,5.78,37.975
20210319TWIN01,TWIN01,3/19/2021,2021,3,1/0/1900,24.95878,-80.78157,2.5,250,1.04,0.79,0.79,25.29,25.18,,25.45,103.3,7.07,48.88,31.91,8.32,25.45,103.7,7.08,51.51,33.76,8.22,ZWF,CJK,ZWF,,,0.79,25.235
20210319WHIP01,WHIP01,3/19/2021,2021,3,1/0/1900,25.09427,-80.76157,1.7,170,2.67,0.42,0.41,32.58,32.96,,25.69,75.7,5.19,47.39,30.81,8.31,25.68,75,5.14,47.39,30.81,8.31,ZWF,CJK,ZWF,,,0.415,32.77
20210319WHIP03,WHIP03,3/19/2021,2021,3,1/0/1900,25.04932,-80.76858,1.8,180,1.26,0.35,0.36,27.87,27.11,,25.88,92.5,6.34,46.81,30.4,8.28,25.87,92.6,6.35,46.83,30.41,8.29,ZWF,CJK,ZWF,,,0.355,27.49
20210510BBK01,BBK01,5/10/2021,2021,5,1/0/1900,25.15922,-80.62559,1.9,190,3.28,0.34,0.25,13.5,13.56,,28.15,97.1,6.66,36.74,23.16,8.34,28.16,97.5,6.72,36.73,23.15,8.34,ZWF,ZWF,ZWF,,,0.295,13.53
20210510BBK02,BBK02,5/10/2021,2021,5,1/0/1900,25.12303,-80.58983,1.9,60,12.7,0.45,0.41,10.68,10.77,,27.93,97.8,6.58,42.34,27.11,8.19,27.94,97.6,6.58,42.32,27.1,8.2,ZWF,ZWF,ZWF,,,0.43,10.725
20210510BLAS01,BLAS01,5/10/2021,2021,5,1/0/1900,25.17112,-80.41705,2.9,290,1.6,0.65,0.67,23.93,23.41,,28.34,83.7,5.43,50.02,32.66,8.11,28.34,84,5.45,50.03,32.67,8.12,ZWF,ZWF,ZWF,,,0.66,23.67
20210510BNUT01,BNUT01,5/10/2021,2021,5,1/0/1900,25.0745,-80.52969,2.6,150,6.11,0.43,0.56,9.72,9.79,,28.83,100.8,6.58,46.77,30.28,8.21,28.86,108.3,7.05,47.04,30.49,8.24,ZWF,ZWF,ZWF,,,0.495,9.755
20210510BUTT01,BUTT01,5/10/2021,2021,5,1/0/1900,25.11138,-80.45623,2.6,260,0.89,0.41,0.47,20.95,21.11,,28.44,90,5.87,47.71,30.97,8.3,28.5,88.7,5.78,47.75,30.99,8.31,ZWF,ZWF,ZWF,Start Depth offset Method. +0.3m (Mav) and +0.4m (Whaler) for transducer depth,,0.44,21.03
20210510COTT01,COTT01,5/10/2021,2021,5,1/0/1900,24.99679,-80.57888,2.5,250,1.71,0.49,0.48,9.6,9.33,,28.84,98.4,6.14,57.66,38.33,8.28,28.85,98.6,6.16,57.67,38.33,8.28,ZWF,ZWF,ZWF,,,0.485,9.465
20210510COTT02,COTT02,5/10/2021,2021,5,1/0/1900,24.98038,-80.62547,2.4,240,1.55,0.37,0.34,7.21,6.91,,28.66,100,6.26,57.56,38.25,8.18,28.67,100.9,6.31,57.57,38.26,8.19,ZWF,ZWF,ZWF,,,0.355,7.06
20210510DEER01,DEER01,5/10/2021,2021,5,1/0/1900,25.18537,-80.515,1.6,160,6.8,0.38,0.38,9.85,9.73,,27.71,93.8,6.29,44.46,28.64,8.17,27.73,94.6,6.48,37.08,23.37,8.17,ZWF,ZWF,ZWF,,,0.38,9.79
20210510DUCK01,DUCK01,5/10/2021,2021,5,1/0/1900,25.19022,-80.47367,1.8,180,3.65,0.48,0.46,11.51,11.51,,27.71,91.2,6.12,44.91,28.96,8.15,27.71,91.5,6.13,44.92,28.97,8.16,ZWF,ZWF,ZWF,,,0.47,11.51
20210510DUCK02,DUCK02,5/10/2021,2021,5,1/0/1900,25.15498,-80.48423,1.6,160,2.07,0.59,0.64,12.64,12.71,,27.68,91.1,6.09,45.78,29.59,8.16,27.67,91.5,6.12,45.78,29.6,8.16,ZWF,ZWF,ZWF,,,0.615,12.675
20210510EAGLE01,EAGLE01,5/10/2021,2021,5,1/0/1900,25.17814,-80.57249,1.8,180,1.93,0.25,0.17,13.85,13.72,,28.02,95.1,6.47,39.91,25.39,8.31,28.02,98.4,6.67,39.98,25.44,8.31,ZWF,ZWF,ZWF,,,0.21,13.785
20210510JIM01,JIM01,5/10/2021,2021,5,1/0/1900,25.04062,-80.61628,2.6,160,5.09,0.72,0.65,10.66,9.98,,28.71,96.7,6.16,53.07,34.9,8.24,28.69,96.5,6.15,53.07,34.9,8.25,ZWF,ZWF,ZWF,,,0.685,10.32
20210510LBS01,LBS01,5/10/2021,2021,5,1/0/1900,25.21215,-80.44285,1.8,180,2.54,0.26,0.32,19.94,19.94,,27.75,90.4,6.03,45.86,29.65,8.17,27.74,90.8,6.06,45.85,29.65,8.18,ZWF,ZWF,ZWF,,,0.29,19.94
20210510LBUT01,LBUT01,5/10/2021,2021,5,1/0/1900,25.13745,-80.44836,2.3,230,1.68,0.54,0.52,21.89,21.66,,23.38,89.4,5.86,48.08,31.24,8.27,28.36,91.3,5.99,48.05,31.22,8.28,ZWF,ZWF,ZWF,,,0.53,21.775
20210510LONS01,LONS01,5/10/2021,2021,5,1/0/1900,25.23057,-80.45718,1.7,170,1.58,0.31,0.25,26.02,26.17,,27.78,87.5,5.89,43.51,27.96,8.23,27.76,87.6,5.9,43.52,27.96,8.23,ZWF,ZWF,ZWF,,,0.28,26.095
20210510MANK01,MANK01,5/10/2021,2021,5,1/0/1900,25.08454,-80.60403,2.4,80,9.79,0.44,0.43,10.96,10.77,,28.34,92.9,6.24,41.32,26.38,8.21,28.39,95.8,6.4,42.07,26.9,8.22,ZWF,ZWF,ZWF,,,0.435,10.865
20210510NEST01,NEST01,5/10/2021,2021,5,1/0/1900,25.16211,-80.53327,1.6,160,4.66,0.3,0.3,9.14,9.03,,27.77,96.5,6.46,44.78,28.87,8.16,27.84,97.6,6.55,44.76,28.86,8.16,ZWF,ZWF,ZWF,,,0.3,9.085
20210510NEST02,NEST02,5/10/2021,2021,5,1/0/1900,25.12783,-80.54185,1.9,90,13.4,0.41,0.41,9.09,9.1,,28.65,102.7,6.77,44.96,28.98,8.19,28.64,106.7,7.05,45.03,29.03,8.19,ZWF,ZWF,ZWF,,,0.41,9.095
20210510SWA01,SWA01,5/10/2021,2021,5,1/0/1900,25.10946,-80.49573,2.1,210,4.18,0.39,0.42,10.38,10.4,,29.15,103.6,6.76,46.47,30.05,8.21,29.08,105.7,6.88,46.42,30.02,8.21,ZWF,ZWF,ZWF,,,0.405,10.39
20210510TAV01,TAV01,5/10/2021,2021,5,1/0/1900,25.02055,-80.56657,2.5,250,1.7,0.44,0.49,10.99,10.28,,29.09,108,6.77,55.35,36.57,8.39,29.17,113.4,7.09,55.31,36.54,8.4,ZWF,ZWF,ZWF,,,0.465,10.635
20210510UCB01,UCB01,5/10/2021,2021,5,1/0/1900,25.04345,-80.55277,2.4,240,2.82,0.92,0.75,10.45,10.41,,28.93,104.2,6.65,52.2,34.25,8.39,28.92,104.9,6.69,52.19,34.24,8.4,ZWF,ZWF,ZWF,,,0.835,10.43
20210511BLUE02,BLUE02,5/11/2021,2021,5,1/0/1900,24.99496,-80.92721,2,200,1,0.56,0.51,29.71,29.83,,29.65,113.3,7.04,56.15,37.16,8.39,29.64,115.5,7.17,56.16,37.17,8.4,ZWF,ZWF,ZWF,,,0.535,29.77
20210511CAL01,CAL01,5/11/2021,2021,5,1/0/1900,25.05952,-80.71172,2.1,210,1.51,0.39,0.26,24.26,23.72,,29.03,90.3,5.74,53.34,35.09,8.32,29.27,95.4,6.01,53.63,35.29,8.34,ZWF,ZWF,ZWF,,,0.325,23.99
20210511CON01,CON01,5/11/2021,2021,5,1/0/1900,25.11924,-80.93906,3.2,25,44.3,10.04,9.43,25.95,25.78,,29.5,91.7,5.75,54.19,35.7,8,29.46,91.5,5.73,54.17,35.69,8,ZWF,ZWF,ZWF,,,9.735,25.865
20210511CROC01,CROC01,5/11/2021,2021,5,1/0/1900,25.12861,-80.67558,1.4,140,3.27,0.42,0.41,20.73,20.6,,28.5,87.7,5.83,44.08,28.35,8.31,28.64,92.7,6.13,44.47,28.63,8.33,ZWF,ZWF,ZWF,,,0.415,20.665
20210511JOE01,JOE01,5/11/2021,2021,5,1/0/1900,25.21571,-80.53389,1.6,60,14.1,3.67,3.79,33.59,34,,28.46,71.8,4.95,34.3,21.47,8.14,28.47,73.2,5.04,34.5,21.61,8.14,ZWF,ZWF,ZWF,,,3.73,33.795
20210511JOHN01,JOHN01,5/11/2021,2021,5,1/0/1900,25.06372,-80.90605,1.1,110,2.51,0.81,0.76,40.58,40.74,,30.57,116.9,7.06,59.24,39.45,8.25,30.55,123.5,7.43,59.24,39.45,8.26,ZWF,ZWF,ZWF,,,0.785,40.66
20210511JOHN03,JOHN03,5/11/2021,2021,5,1/0/1900,25.04038,-80.91438,1.5,150,2.91,0.69,0.58,28.7,29.48,,30.06,118.5,7.31,56.26,37.24,8.39,30.03,122.7,7.55,56.3,37.26,8.4,ZWF,ZWF,ZWF,,,0.635,29.09
20210511LIG02,LIG02,5/11/2021,2021,5,1/0/1900,24.96458,-80.69469,3.1,310,1.34,0.3,0.26,9.92,9.91,,29.17,97.4,6.06,57.21,37.97,8.31,29.17,103.1,6.4,57.21,37.98,8.32,ZWF,ZWF,ZWF,,,0.28,9.915
20210511LMAD01,LMAD01,5/11/2021,2021,5,1/0/1900,25.18459,-80.6346,1.4,140,4.92,0.57,0.5,24.09,24,,28.67,92.6,6.44,31.22,19.33,8.31,28.68,93.9,6.52,31.26,19.36,8.32,ZWF,ZWF,ZWF,,,0.535,24.045
20210511RAB01,RAB01,5/11/2021,2021,5,1/0/1900,25.01673,-80.89446,1.8,180,0.96,0.5,0.6,37.94,37.33,,29.94,87.3,5.33,58.78,39.13,8.38,29.81,95.1,5.78,59.03,39.32,8.41,ZWF,ZWF,ZWF,,,0.55,37.635
20210511RAB02,RAB02,5/11/2021,2021,5,1/0/1900,24.97369,-80.87061,1.6,160,0.86,0.31,0.27,30.82,30.83,,29.49,106.2,6.59,56.23,37.52,8.49,29.42,114.8,7.14,56.62,37.52,8.51,ZWF,ZWF,ZWF,,,0.29,30.825
20210511SPY01,SPY01,5/11/2021,2021,5,1/0/1900,25.02579,-80.72044,2.4,240,1.27,0.36,0.28,19.41,18.76,,29.18,99.9,6.3,54.06,35.62,8.43,29.22,109,6.85,54.56,35.99,8.45,ZWF,ZWF,ZWF,,,0.32,19.085
20210511TWIN02,TWIN02,5/11/2021,2021,5,1/0/1900,24.98357,-80.80907,2.4,240,0.68,0.61,0.65,29.11,28.6,,29.58,94.7,5.86,56.86,37.7,8.44,29.35,104.8,6.51,57.05,37.85,8.48,ZWF,ZWF,ZWF,,,0.63,28.855
20210511TWIN03,TWIN03,5/11/2021,2021,5,1/0/1900,25.00373,-80.75556,2.4,240,0.93,0.53,0.44,23.45,24.2,,29.22,96.1,5.97,57.43,38.14,8.36,29.13,97.9,6.09,57.42,38.13,8.37,ZWF,ZWF,ZWF,,,0.485,23.825
20210512BLUE01,BLUE01,5/12/2021,2021,5,1/0/1900,25.02289,-80.92712,1.1,110,4.12,0.97,1.05,30.4,29.74,,29.25,73.1,4.54,56.13,37.16,8.26,29.26,74.8,4.66,56.14,37.16,8.26,ZWF,ZWF,ZWF,,,1.01,30.07
20210512CAP01,CAP01,5/12/2021,2021,5,1/0/1900,25.00804,-80.6464,2.4,240,1.38,0.48,0.39,8.57,8.6,,30.12,101.8,6.23,57.13,37.88,8.25,30.05,105.1,6.46,,37.86,8.26,ZWF,ZWF,ZWF,,,0.435,8.585
20210512CON02,CON02,5/12/2021,2021,5,1/0/1900,25.10241,-81.0221,2.7,80,20,4.03,3.87,18.72,18.56,,29.09,88.2,5.55,54.86,36.22,8.1,29.07,87.8,5.52,54.84,36.21,8.1,ZWF,ZWF,ZWF,,,3.95,18.64
20210512FNB01,FNB01,5/12/2021,2021,5,1/0/1900,25.05761,-81.01888,3.3,88,9.61,1.32,1.59,16.07,15.89,,28.87,90.4,5.67,55.44,36.67,8.26,28.1,73.6,4.68,55.65,36.84,8.22,ZWF,ZWF,ZWF,,,1.455,15.98
20210512FNB02,FNB02,5/12/2021,2021,5,1/0/1900,25.05651,-80.97955,1,100,9.58,0.96,1,23.1,22.54,,28.71,79.7,5.03,55.16,36.46,8.14,28.72,78.8,4.97,55.17,36.46,8.14,ZWF,ZWF,ZWF,,,0.98,22.82
20210512JOHN02,JOHN02,5/12/2021,2021,5,1/0/1900,25.0568,-80.93046,1.5,80,12.5,1.63,2.07,28.51,28.62,,29.33,88.6,5.51,55.77,36.89,8.31,29.35,89.1,5.67,51.9,33.73,8.16,ZWF,ZWF,ZWF,,,1.85,28.565
20210512LIG01,LIG01,5/12/2021,2021,5,1/0/1900,24.93502,-80.70959,3,300,2.17,0.43,0.43,6.22,6.31,,29.8,95.9,5.91,56.78,37.63,8.16,29.59,98.4,6.08,56.8,37.65,8.17,ZWF,ZWF,ZWF,,,0.43,6.265
20210512LIG03,LIG03,5/12/2021,2021,5,1/0/1900,24.9669,-80.72744,2.6,260,1.52,0.34,0.33,11.63,11.63,,30.02,100.5,6.17,57.06,37.83,8.27,29.87,102.5,6.31,57.04,37.82,8.28,ZWF,ZWF,ZWF,,,0.335,11.63
20210512LONG01,LONG01,5/12/2021,2021,5,1/0/1900,24.90014,-80.76532,2.9,290,1.55,0.46,0.5,9.97,10.19,,29.85,98.3,6.05,57.23,37.97,8.21,29.78,100,6.17,57.26,37.99,8.22,ZWF,ZWF,ZWF,,,0.48,10.08
20210512LONG02,LONG02,5/12/2021,2021,5,1/0/1900,24.87738,-80.82986,3,300,1.57,0.41,0.5,14.96,15.25,,29.91,100.4,6.16,57.92,38.48,8.25,29.89,102,6.26,57.93,38.49,8.26,ZWF,ZWF,ZWF,,,0.455,15.105
20210512NMB01,NMB01,5/12/2021,2021,5,1/0/1900,24.99984,-80.97935,1.8,180,3.51,0.62,0.59,16.8,16.37,,29.36,102.4,6.43,55.28,36.52,8.34,29.36,103.9,6.5,55.28,36.52,8.35,ZWF,ZWF,ZWF,,,0.605,16.585
20210512NMB02,NMB02,5/12/2021,2021,5,1/0/1900,24.94741,-80.92872,2.8,280,1.03,0.42,0.48,25.27,25.53,,29.45,93.3,5.8,56.09,37.12,8.37,29.44,93.9,5.85,56.13,37.15,8.37,ZWF,ZWF,ZWF,,,0.45,25.4
20210512NMB03,NMB03,5/12/2021,2021,5,1/0/1900,24.90612,-80.88141,2.1,210,1.49,0.4,0.5,23.14,23.09,,29.45,95.8,5.97,55.76,36.87,8.32,29.45,96.6,6.02,55.75,36.87,8.32,ZWF,ZWF,ZWF,,,0.45,23.115
20210512PORP01,PORP01,5/12/2021,2021,5,1/0/1900,25.01077,-80.68932,2.6,260,1.99,0.7,0.61,12.67,12.73,,30.2,113.1,6.99,54.9,36.21,8.42,30.1,116.9,7.24,54.89,36.21,8.43,ZWF,ZWF,ZWF,,,0.655,12.7
20210513CAT01,CAT01,5/13/2021,2021,5,1/0/1900,25.08807,-80.91235,1.3,63,18.2,3,2.44,27.2,26.87,,30.45,80.2,4.93,55.18,36.41,8.06,30.45,81.6,5.02,55.17,36.41,8.07,ZWF,ZWF,ZWF,,,2.72,27.035
20210513END01,END01,5/13/2021,2021,5,1/0/1900,25.10183,-80.71964,1.8,180,1.89,0.34,0.33,32.07,31.55,,30.74,114.8,7.04,55.02,36.28,8.37,30.76,115.7,7.1,55.02,36.28,8.38,ZWF,ZWF,ZWF,,,0.335,31.81
20210513MAD01,MAD01,5/13/2021,2021,5,1/0/1900,25.15138,-80.68198,1.4,140,2.94,0.28,0.33,22.07,21.34,,31.7,111.7,6.99,45.41,29.21,8.35,31.78,114,7.14,45.42,29.21,8.36,ZWF,ZWF,ZWF,,,0.305,21.705
20210513NWHIP01,NWHIP01,5/13/2021,2021,5,1/0/1900,25.12473,-80.74107,1.6,160,2.2,1.08,0.7,31.06,31.16,,30.15,94.9,5.91,52.86,34.7,8.11,31.12,65.1,3.94,54.63,35.97,8.11,ZWF,ZWF,ZWF,,,0.89,31.11
20210513RAB03,RAB03,5/13/2021,2021,5,1/0/1900,25.00131,-80.85686,2.3,230,0.96,0.92,0.55,32.92,34.17,,30.56,95.7,5.81,57.55,38.18,8.3,30.5,104.8,6.36,57.64,38.25,8.33,ZWF,ZWF,ZWF,,,0.735,33.545
20210513RAB04,RAB04,5/13/2021,2021,5,1/0/1900,24.96778,-80.84023,2.3,230,0.96,0.57,0.49,28.73,29.39,,30.31,100.7,6.15,56.77,37.6,8.47,30.32,105.5,6.46,56.74,37.58,8.48,ZWF,ZWF,ZWF,,,0.53,29.06
20210513RANKB01,RANKB01,5/13/2021,2021,5,1/0/1900,25.14929,-80.77891,0.5,50,4.49,1.51,1.27,49.26,48.96,,30.26,65,3.85,64.89,43.78,8.14,,,,,,,ZWF,ZWF,ZWF,,,1.39,49.11
20210513RANKL02,RANKL02,5/13/2021,2021,5,1/0/1900,25.1424,-80.81821,0.9,90,9.74,1.35,1.6,46.84,46.76,,23.67,109.2,6.34,60.66,40.45,8.19,,,,,,,ZWF,ZWF,ZWF,,,1.475,46.8
20210513RUS01,RUS01,5/13/2021,2021,5,1/0/1900,25.04837,-80.66566,2.4,240,1.57,0.38,0.48,14.55,14.93,,29.47,99.9,6.35,51,33.36,8.25,30.78,79,4.87,52.79,34.63,8.22,ZWF,ZWF,ZWF,,,0.43,14.74
20210513RUS02,RUS02,5/13/2021,2021,5,1/0/1900,25.08398,-80.68231,2.1,210,2.33,0.29,0.23,14.59,14.89,,30.08,92.8,5.9,48.79,31.71,8.19,30.1,93.2,5.91,48.82,31.73,8.19,ZWF,ZWF,ZWF,,,0.26,14.74
20210513SID01,SID01,5/13/2021,2021,5,1/0/1900,25.01859,-80.78689,1.3,130,1.85,0.89,0.8,27.02,27.2,,31.05,106.3,6.42,57.15,37.87,8.38,31.1,109.4,6.61,57.18,37.88,8.35,ZWF,ZWF,ZWF,,,0.845,27.11
20210513SNB01,SNB01,5/13/2021,2021,5,1/0/1900,25.14067,-80.89349,1.8,52,26.05,3.13,2.6,38.04,37.45,,31.12,115.8,7.03,55.89,36.92,8.17,31.11,116.7,7.07,55.89,36.92,8.17,ZWF,ZWF,ZWF,,,2.865,37.745
20210513TWIN01,TWIN01,5/13/2021,2021,5,1/0/1900,24.95812,-80.78037,2.7,270,1.07,0.98,0.84,29.92,29.7,,30.48,99.4,6.06,56.92,37.71,8.43,30.49,101.3,6.32,56.87,37.67,8.45,ZWF,ZWF,ZWF,,,0.91,29.81
20210513WHIP01,WHIP01,5/13/2021,2021,5,1/0/1900,25.09428,-80.76181,1.9,190,1.4,0.48,0.43,42.77,39.33,,30.59,104.7,6.33,58.65,39.01,8.35,30.59,105.5,6.39,58.64,39,8.36,ZWF,ZWF,ZWF,,,0.455,41.05
20210513WHIP03,WHIP03,5/13/2021,2021,5,1/0/1900,25.04912,-80.76856,2.1,210,1.1,0.68,0.82,31.93,32.76,,30.63,94.6,5.74,57.71,38.3,8.3,30.64,95.7,5.8,57.72,38.3,8.34,ZWF,ZWF,ZWF,,,0.75,32.345
20210514CAT02,CAT02,5/14/2021,2021,5,1/0/1900,25.09828,-80.87231,1,85,12.7,2.26,2.21,35.01,35.73,,28.05,85.9,5.47,55.93,37.05,7.95,,,,,,,ZWF,ZWF,ZWF,,,2.235,35.37
20210514COR01,COR01,5/14/2021,2021,5,1/0/1900,25.02752,-80.76963,1.8,180,1.63,1,1,30.59,30.56,,29.44,86.6,5.37,57.47,38.16,8.3,29.49,87.6,5.44,57.46,38.15,8.31,ZWF,ZWF,ZWF,,,1,30.575
20210514END02,END02,5/14/2021,2021,5,1/0/1900,25.12595,-80.71868,1.7,170,4.02,0.71,0.78,28.19,27.54,,29.6,79.5,5,52.53,34.47,8.16,29.59,79.6,5.01,52.53,34.47,8.16,ZWF,ZWF,ZWF,,,0.745,27.865
20210514NWHIP02,NWHIP02,5/14/2021,2021,5,1/0/1900,25.12375,-80.76573,1.3,130,2.05,0.57,0.57,46.97,46.72,,29.32,67.5,4.14,60.02,40.1,8.2,29.32,68.1,4.19,59.99,40.07,8.21,ZWF,ZWF,ZWF,,,0.57,46.845
20210514PEL01,PEL01,5/14/2021,2021,5,1/0/1900,25.06922,-80.82382,1.2,120,2.73,0.89,0.88,44.9,43.73,,29.73,89.3,5.44,59.67,39.82,8.27,29.75,90.3,5.52,59.67,39.81,8.27,ZWF,ZWF,ZWF,,,0.885,44.315
20210514PEL02,PEL02,5/14/2021,2021,5,1/0/1900,25.09165,-80.82202,1,100,2.9,0.78,1.06,48.72,49.54,,29.09,84.5,5.18,60.73,40.64,8.11,,,,,,,ZWF,ZWF,ZWF,,,0.92,49.13
20210514PEL03,PEL03,5/14/2021,2021,5,1/0/1900,25.06105,-80.85149,0.9,90,1.83,0.72,0.61,43.19,43.86,,29.11,92.4,5.72,58.25,38.77,8.25,,,,,,,ZWF,ZWF,ZWF,,,0.665,43.525
20210514RANKL01,RANKL01,5/14/2021,2021,5,1/0/1900,25.12263,-80.8133,1.3,130,3.33,0.88,0.66,47.94,47.4,,30.1,108.2,6.53,60.71,40.58,8.27,30.11,113.7,6.86,60.6,40.53,8.26,ZWF,ZWF,ZWF,,,0.77,47.67
20210514RANKL03,RANKL03,5/14/2021,2021,5,1/0/1900,25.16178,-80.80139,0.4,40,2.7,0.88,0.88,57.21,57.21,,29.24,148.2,8.69,70.84,48.45,8.47,,,,,,,ZWF,ZWF,ZWF,,,0.88,57.21
20210514SID02,SID02,5/14/2021,2021,5,1/0/1900,25.03174,-80.80592,1.3,130,1.41,0.29,0.4,41.95,41.21,,27.94,63.8,4.02,58.62,39.08,8.19,27.99,66.2,4.13,58.63,39.09,8.21,ZWF,ZWF,ZWF,,,0.345,41.58
20210514SNB02,SNB02,5/14/2021,2021,5,1/0/1900,25.13317,-80.85014,0.8,80,7.99,1.3,1.26,38.2,38.02,,29.09,137.5,8.6,56.38,37.36,8.25,,,,,,,ZWF,ZWF,ZWF,,,1.28,38.11
20210514TB01,TB01,5/14/2021,2021,5,1/0/1900,25.15725,-80.72464,0.6,60,3.42,0.92,0.86,38.36,37.69,,28.7,82.6,5.36,48,31.63,8.43,,,,,,,ZWF,ZWF,ZWF,,,0.89,38.025
20210514WHIP02,WHIP02,5/14/2021,2021,5,1/0/1900,25.07088,-80.76435,1.9,190,1.75,1.01,0.91,37.78,37.09,,29.6,90.3,5.52,59.36,39.58,8.37,29.6,90.1,5.51,59.35,39.58,8.37,ZWF,ZWF,ZWF,,,0.96,37.435
20210719BBK01,BBK01,7/19/2021,2021,7,1/0/1900,25.15893,-80.62576,2,200,2.82,0.31,0.29,12.19,12.09,,29.87,106.7,6.75,48.14,31.22,8.32,29.89,107.4,6.85,48,31.14,8.33,ZWF,ZWF,ZWF,,,0.3,12.14
20210719BBK02,BBK02,7/19/2021,2021,7,1/0/1900,25.12345,-80.59039,1.8,180,2.49,0.36,0.41,10.12,9.97,,29.87,108.2,6.83,50.51,32.98,8.19,29.88,109.8,6.92,50.64,33.08,8.19,ZWF,ZWF,ZWF,,,0.385,10.045
20210719BLAS01,BLAS01,7/19/2021,2021,7,1/0/1900,25.17082,-80.41744,2.8,280,1.6,0.47,0.45,24.28,25.12,,29.84,94.4,5.91,53.16,34.93,8.09,29.84,94.6,5.92,53.17,34.94,8.09,ZWF,ZWF,ZWF,,,0.46,24.7
20210719BNUT01,BNUT01,7/19/2021,2021,7,1/0/1900,25.07488,-80.52983,2.7,270,3.4,0.27,0.26,9.47,9.53,,30.2,103.9,6.54,50.5,32.96,8.22,30.21,104.5,6.57,50.49,32.95,8.22,ZWF,ZWF,ZWF,,,0.265,9.5
20210719BUTT01,BUTT01,7/19/2021,2021,7,1/0/1900,25.1116,-80.45728,2.5,250,0.65,0.27,0.31,26.7,26.44,,30.09,94.9,5.9,53.74,35.35,8.1,30.09,95.3,5.92,53.74,35.36,8.13,ZWF,ZWF,ZWF,Depth offset calculated on data sheet for July,,0.29,26.57
20210719COTT01,COTT01,7/19/2021,2021,7,1/0/1900,24.99653,-80.57964,2.3,230,2.81,0.6,0.6,8.93,8.94,,30.31,107.3,6.57,57.2,37.93,8.2,30.34,110.4,6.74,57.16,37.9,8.21,ZWF,ZWF,ZWF,,,0.6,8.935
20210719COTT02,COTT02,7/19/2021,2021,7,1/0/1900,24.98048,-80.62521,2.3,230,1.61,0.29,0.26,6.68,6.6,,29.86,101.8,6.29,56.41,37.35,8.15,29.86,103,6.36,56.43,37.37,8.16,ZWF,ZWF,ZWF,,,0.275,6.64
20210719DEER01,DEER01,7/19/2021,2021,7,1/0/1900,25.18559,-80.51534,1.7,170,3.73,0.5,0.43,11.48,11.38,,29.63,94.5,5.97,51.74,33.89,8.19,29.64,95.1,6,51.6,33.8,8.19,ZWF,ZWF,ZWF,,,0.465,11.43
20210719DUCK01,DUCK01,7/19/2021,2021,7,1/0/1900,25.18971,-80.47381,1.7,170,2.72,0.34,0.35,13.37,13.55,,29.65,95.7,6.06,50.86,33.24,8.18,29.65,95.3,6.04,50.84,33.22,8.18,ZWF,ZWF,ZWF,,,0.345,13.46
20210719DUCK02,DUCK02,7/19/2021,2021,7,1/0/1900,25.15539,-80.48414,1.6,160,1.41,0.5,0.47,13.82,14.61,,29.57,94.9,5.99,52.1,34.16,8.19,29.59,95.9,6.06,52.1,34.16,8.19,ZWF,ZWF,ZWF,,,0.485,14.215
20210719EAGLE01,EAGLE01,7/19/2021,2021,7,1/0/1900,25.17894,-80.57418,1.8,180,4.41,0.38,0.43,14.34,14.8,,29.69,98.4,6.28,49.22,32.04,8.23,29.7,99.6,6.34,49.24,32.06,8.23,ZWF,ZWF,ZWF,,,0.405,14.57
20210719JIM01,JIM01,7/19/2021,2021,7,1/0/1900,25.04079,-80.61634,2.6,260,2.63,0.6,0.54,11.49,11.37,,30.15,97.3,5.96,57.24,37.96,8.23,30.15,98.8,6.08,57.26,37.97,8.24,ZWF,ZWF,ZWF,,,0.57,11.43
20210719LBS01,LBS01,7/19/2021,2021,7,1/0/1900,25.21324,-80.44339,1.8,180,3.75,0.35,0.39,18.23,18.16,,29.64,89.5,5.64,52.26,34.28,8.11,29.63,89.8,5.66,52.27,34.28,8.12,ZWF,ZWF,ZWF,,,0.37,18.195
20210719LBUT01,LBUT01,7/19/2021,2021,7,1/0/1900,25.13798,-80.44805,2.3,230,1.48,0.27,0.3,24.16,22.57,,30.04,93.3,5.87,52.83,34.68,8.24,30.05,95,5.94,52.84,34.69,8.24,ZWF,ZWF,ZWF,,,0.285,23.365
20210719LONS01,LONS01,7/19/2021,2021,7,1/0/1900,25.23109,-80.45785,1.7,170,2.15,0.58,0.66,35.36,35.67,,29.86,93.4,5.91,50.58,33.02,8.18,29.86,94.4,5.97,50.57,33.02,8.18,ZWF,ZWF,ZWF,,,0.62,35.515
20210719MANK01,MANK01,7/19/2021,2021,7,1/0/1900,25.08395,-80.60413,2.4,195,3.24,0.28,0.28,9.14,9.27,,29.92,98.1,6.25,48.7,31.65,8.21,29.94,99.7,6.35,48.71,31.65,8.21,ZWF,ZWF,ZWF,,,0.28,9.205
20210719NEST01,NEST01,7/19/2021,2021,7,1/0/1900,25.1623,-80.53319,1.6,160,3.35,0.19,0.22,8.9,9.09,,29.68,95.5,6.05,50.81,33.2,8.11,29.7,96.2,6.08,50.7,33,8.12,ZWF,ZWF,ZWF,,,0.205,8.995
20210719NEST02,NEST02,7/19/2021,2021,7,1/0/1900,25.12766,-80.54209,2,,4,0.24,0.22,10.6,10.44,,30.36,100.4,6.27,50.99,33.31,8.19,30.35,100.7,6.31,50.99,33.31,8.11,ZWF,ZWF,ZWF,,,0.23,10.52
20210719SWA01,SWA01,7/19/2021,2021,7,1/0/1900,25.10951,-80.49568,2.1,210,3.98,0.27,0.32,10.42,10.4,,30.51,100.7,6.29,51.45,33.64,8.19,30.52,101.5,6.32,51.44,33.64,8.19,ZWF,ZWF,ZWF,,,0.295,10.41
20210719TAV01,TAV01,7/19/2021,2021,7,1/0/1900,25.01991,-80.56685,2.5,250,1.72,0.63,0.63,12.16,11.78,,30.03,100.2,6.1,58.58,38.98,8.22,30.1,112.7,6.88,58.77,39.12,8.26,ZWF,ZWF,ZWF,,,0.63,11.97
20210719UCB01,UCB01,7/19/2021,2021,7,1/0/1900,25.04333,-80.55265,2.3,230,2.9,0.96,0.92,11.89,12.13,,30.13,104.3,6.43,55.83,36.91,8.31,30.13,104.8,6.46,55.85,36.92,8.31,ZWF,ZWF,ZWF,,,0.94,12.01
20210720BLUE02,BLUE02,7/20/2021,2021,7,1/0/1900,24.99541,-80.92747,2.9,290,1.31,0.77,0.75,34.72,34.93,,30.2,88.2,5.4,57.34,38.03,8.24,30.16,89.5,5.48,57.34,38.04,8.25,ZWF,ZWF,ZWF,,,0.76,34.825
20210720CAL01,CAL01,7/20/2021,2021,7,1/0/1900,25.05961,-80.71143,2.2,220,1.22,0.74,0.7,15.86,15.89,,30.39,107,6.52,58.77,39.11,8.42,30.39,107.1,6.46,58.78,39.12,8.42,ZWF,ZWF,ZWF,,,0.72,15.875
20210720CON01,CON01,7/20/2021,2021,7,1/0/1900,25.1186,-80.93951,3.3,85,13.2,4.67,4.03,20.26,19.84,,30.25,92,5.64,56.63,37.51,8.04,30.12,89.8,5.52,56.61,37.49,8.04,ZWF,ZWF,ZWF,,,4.35,20.05
20210720CROC01,CROC01,7/20/2021,2021,7,1/0/1900,25.12915,-80.67661,1.5,150,2.31,0.36,0.46,14.44,15.13,,29.98,90.3,5.69,50.66,33.08,8.23,30.03,94.7,5.97,51.09,33.4,8.24,ZWF,ZWF,ZWF,,,0.41,14.785
20210720JOE01,JOE01,7/20/2021,2021,7,1/0/1900,25.21578,-80.5339,1.4,105,8.11,0.51,0.5,35.78,34.57,,29.69,68.8,4.46,44.72,28.78,8.11,29.94,68.5,4.41,45.43,29.28,8.09,ZWF,ZWF,ZWF,,,0.505,35.175
20210720JOHN01,JOHN01,7/20/2021,2021,7,1/0/1900,25.06393,-80.90618,1.7,170,2.17,1.44,1.33,51.11,51,,30.69,81.7,4.9,60.14,40.13,8.08,30.72,94.4,5.63,60.15,40.14,8.11,ZWF,ZWF,ZWF,,,1.385,51.055
20210720JOHN03,JOHN03,7/20/2021,2021,7,1/0/1900,25.04047,-80.91421,1.9,,3.51,1.16,1.55,42.28,42.13,,30.21,72,4.39,58.16,38.65,8.15,30.18,76.8,4.68,58.16,38.65,8.17,ZWF,ZWF,ZWF,,,1.355,42.205
20210720LIG02,LIG02,7/20/2021,2021,7,1/0/1900,24.96544,-80.69436,2.8,280,1.3,0.34,0.36,6.64,6.81,,30.14,97,5.96,56.5,37.43,8.19,30.14,97.3,5.97,56.55,37.45,8.19,ZWF,ZWF,ZWF,,,0.35,6.725
20210720LMAD01,LMAD01,7/20/2021,2021,7,1/0/1900,25.18451,-80.63439,1.3,130,5.7,0.79,0.94,27.74,27.42,,30.15,75.9,4.93,41.92,26.73,8.3,30.2,79.7,5.18,42.4,27.08,8.33,ZWF,ZWF,ZWF,,,0.865,27.58
20210720RAB01,RAB01,7/20/2021,2021,7,1/0/1900,25.01718,-80.89441,2.2,220,0.87,0.6,0.72,47.83,49.13,,30.28,57.2,3.44,60.6,40.5,8.16,30.29,57.3,3.54,60.7,40.57,8.19,ZWF,ZWF,ZWF,,,0.66,48.48
20210720RAB02,RAB02,7/20/2021,2021,7,1/0/1900,24.97448,-80.87054,2.2,220,0.59,0.62,0.61,36.71,36.04,,30.34,66.4,3.98,62.57,41.99,8.39,30.37,70.9,4.24,62.55,41.99,8.4,ZWF,ZWF,ZWF,,,0.615,36.375
20210720SPY01,SPY01,7/20/2021,2021,7,1/0/1900,25.02735,-80.71992,2.5,250,1.46,0.73,0.68,14.04,14.17,,30.35,98.9,5.98,59.98,40.03,8.37,30.36,100.5,6.06,60,40.04,8.39,ZWF,ZWF,ZWF,,,0.705,14.105
20210720TWIN02,TWIN02,7/20/2021,2021,7,1/0/1900,24.98407,-80.80913,2.5,250,1.03,0.94,0.98,28.26,28.47,,30.27,94,5.7,59.33,39.54,8.24,30.34,98.1,5.92,59.81,39.9,8.25,ZWF,ZWF,ZWF,,,0.96,28.365
20210720TWIN03,TWIN03,7/20/2021,2021,7,1/0/1900,25.00411,-80.75389,2.3,230,1.11,0.93,0.96,21.4,20.66,,30.52,101.1,6.05,61.44,41.13,8.3,30.52,102.1,6.11,61.44,41.12,8.31,ZWF,ZWF,ZWF,,,0.945,21.03
20210721BLUE01,BLUE01,7/21/2021,2021,7,1/0/1900,25.02332,-80.92709,1.4,140,2.81,0.44,0.43,43.31,42.47,,30.29,76.4,4.64,58.36,38.8,8.15,30.3,79,7.78,58.38,38.82,8.16,ZWF,ZWF,ZWF,,,0.435,42.89
20210721CAP01,CAP01,7/21/2021,2021,7,1/0/1900,25.00771,-80.64781,2.6,260,1.5,0.3,0.29,9.64,9.92,,30.4,90.1,5.48,57.92,38.47,8.17,30.43,91.2,5.54,57.94,38.49,8.18,ZWF,ZWF,ZWF,,,0.295,9.78
20210721CON02,CON02,7/21/2021,2021,7,1/0/1900,25.10282,-81.02077,3.5,81,14.6,2.21,1.46,17.22,16.86,,30,85,5.24,56.27,37.24,8.17,29.97,84.9,5.23,56.27,37.24,8.17,ZWF,ZWF,ZWF,,,1.835,17.04
20210721FNB01,FNB01,7/21/2021,2021,7,1/0/1900,25.058,-81.0192,4.2,105,8.61,0.94,0.95,14.8,15.21,,30.28,97.1,5.97,56.04,37.06,8.3,30.22,97.8,6.01,56.05,37.07,8.3,ZWF,ZWF,ZWF,,,0.945,15.005
20210721FNB02,FNB02,7/21/2021,2021,7,1/0/1900,25.05631,-80.97936,1.8,95,12.2,0.56,0.57,22.68,22.48,,30.18,86.4,5.28,57.44,38.11,8.24,30.17,85.8,5.24,57.46,38.13,8.24,ZWF,ZWF,ZWF,,,0.565,22.58
20210721JOHN02,JOHN02,7/21/2021,2021,7,1/0/1900,25.0569,-80.93109,1.8,83,13,0.56,0.7,32.72,32.18,,29.82,84.8,5.18,59.25,39.5,8.26,29.8,84.7,5.16,59.21,39.46,8.26,ZWF,ZWF,ZWF,,,0.63,32.45
20210721LIG01,LIG01,7/21/2021,2021,7,1/0/1900,24.93501,-80.70969,3.2,320,2.63,0.15,0.15,4.9,4.98,,30.31,91.9,5.65,55.7,36.8,8.15,30.32,93.1,5.72,55.72,36.82,8.16,ZWF,ZWF,ZWF,,,0.15,4.94
20210721LIG03,LIG03,7/21/2021,2021,7,1/0/1900,24.96636,-80.72716,2.6,260,1.1,0.29,0.31,7.61,7.77,,30.29,90.6,5.55,56.92,37.72,8.16,30.31,92.4,5.65,56.98,37.76,8.16,ZWF,ZWF,ZWF,,,0.3,7.69
20210721LONG01,LONG01,7/21/2021,2021,7,1/0/1900,24.89958,-80.76606,3,300,1.39,0.19,0.22,5.13,5.16,,30.32,94.9,5.84,55.33,36.53,8.16,30.32,94.9,5.85,55.35,36.54,8.17,ZWF,ZWF,ZWF,,,0.205,5.145
20210721LONG02,LONG02,7/21/2021,2021,7,1/0/1900,24.87669,-80.83009,3.1,310,1.51,0.15,0.19,5.08,5.22,,30.01,88.3,5.45,55.66,36.79,8.11,30.01,88.6,5.47,55.67,36.79,8.11,ZWF,ZWF,ZWF,,,0.17,5.15
20210721NMB01,NMB01,7/21/2021,2021,7,1/0/1900,25.00039,-80.97907,2.2,220,2.65,0.39,0.34,18.57,18.6,,30.21,96.2,5.91,56.38,37.32,8.4,30.19,97.5,6,56.39,37.32,8.42,ZWF,ZWF,ZWF,,,0.365,18.585
20210721NMB02,NMB02,7/21/2021,2021,7,1/0/1900,24.9473,-80.92921,3.5,350,1,0.82,0.32,19.17,19.14,,30.26,91.5,5.52,60.27,40.25,8.26,30.22,92.1,5.56,60.28,40.26,8.26,ZWF,ZWF,ZWF,,,0.57,19.155
20210721NMB03,NMB03,7/21/2021,2021,7,1/0/1900,24.90687,-80.88192,2.1,210,0.98,0.15,0.16,11.93,11.9,,30.38,85.8,5.22,58.19,38.68,8.16,30.37,86.7,5.27,58.22,38.7,8.18,ZWF,ZWF,ZWF,,,0.155,11.915
20210721PORP01,PORP01,7/21/2021,2021,7,1/0/1900,25.01004,-80.69066,2.7,270,1.09,0.56,0.54,10.92,10.85,,30.48,98.3,5.95,58.85,39.16,8.27,30.49,100.6,6.09,58.85,39.17,8.28,ZWF,ZWF,ZWF,,,0.55,10.885
20210722CAT02,CAT02,7/22/2021,2021,7,1/0/1900,25.09855,-80.87192,1.5,100,9.35,1.61,1.93,42.8,42.97,,32.32,74.7,4.39,59.12,39.29,8.09,32.31,57.6,3.42,58.95,39.17,7.84,ZWF,ZWF,ZWF,,,1.77,42.885
20210722COR01,COR01,7/22/2021,2021,7,1/0/1900,25.02778,-80.76865,2,200,2.24,1,1.11,20.45,20.41,,31.34,83.8,4.95,61.01,40.77,8.24,31.37,89.3,5.3,61,40.76,8.26,ZWF,ZWF,ZWF,,,1.055,20.43
20210722END02,END02,7/22/2021,2021,7,1/0/1900,25.1265,-80.71893,1.8,180,1.77,1,0.84,20.51,20.16,,31.39,95.4,5.86,51.9,33.95,8.23,32.24,54.2,3.26,53.63,35.19,8.08,ZWF,ZWF,ZWF,,,0.92,20.335
20210722NWHIP02,NWHIP02,7/22/2021,2021,7,1/0/1900,25.12427,-80.76509,1.4,140,1.7,0.76,0.69,31.46,30.61,,32.19,83.6,5.04,53.04,34.76,8.15,32.64,85.4,5.03,53.86,35.86,8.15,ZWF,ZWF,ZWF,,,0.725,31.035
20210722PEL01,PEL01,7/22/2021,2021,7,1/0/1900,25.06895,-80.8234,1.4,140,2.79,2.27,1.79,45.89,45.3,,32.23,73.3,4.28,60.92,40.66,7.96,32.23,73.9,4.32,60.94,40.68,7.96,ZWF,ZWF,ZWF,,,2.03,45.595
20210722PEL02,PEL02,7/22/2021,2021,7,1/0/1900,25.09075,-80.82274,1,100,2.32,1.27,1.03,48.25,48.02,,32.42,57.4,3.38,58.02,38.46,7.82,,,,,,,ZWF,ZWF,ZWF,,,1.15,48.135
20210722PEL03,PEL03,7/22/2021,2021,7,1/0/1900,25.0612,-80.8519,1.3,130,1.6,0.94,0.95,54.06,54.27,,32.52,49,2.84,61.37,40.99,7.83,,,,,,,ZWF,ZWF,ZWF,,,0.945,54.165
20210722RANKL01,RANKL01,7/22/2021,2021,7,1/0/1900,25.12255,-80.814,1.5,150,3.84,1.31,1.27,42.99,42.13,,32.95,107.3,6.31,56.53,37.32,8.01,33,107,6.32,56.54,37.33,8.02,ZWF,ZWF,ZWF,,,1.29,42.56
20210722RANKL03,RANKL03,7/22/2021,2021,7,1/0/1900,25.16721,-80.80137,0.9,90,1.36,0.67,0.73,42.08,42.05,,33.6,133,7.75,56.41,37.2,8.52,,,,,,,ZWF,ZWF,ZWF,,,0.7,42.065
20210722SID02,SID02,7/22/2021,2021,7,1/0/1900,25.03255,-80.80634,1.4,140,1.16,0.9,0.71,28.75,28.65,,32.96,115.1,6.62,62.11,40.53,8.28,32.98,116.4,6.7,62.03,41.47,8.29,ZWF,ZWF,ZWF,,,0.805,28.7
20210722SNB02,SNB02,7/22/2021,2021,7,1/0/1900,25.13486,-80.85398,0.9,90,4.05,0.96,0.83,51.07,50.17,,33.1,74.2,4.3,59.37,39.45,7.99,,,,,,,ZWF,ZWF,ZWF,,,0.895,50.62
20210722TB01,TB01,7/22/2021,2021,7,1/0/1900,25.15737,-80.72472,0.9,90,4.62,2.83,2.49,40.85,40.72,,32.2,49.8,3.05,49.07,31.84,8.09,,,,,,,ZWF,ZWF,ZWF,,,2.66,40.785
20210722WHIP02,WHIP02,7/22/2021,2021,7,1/0/1900,25.07215,-80.76423,2.1,210,1.46,0.74,0.72,33.45,33.75,,31.48,85.9,5.11,59.09,39.31,8.15,31.47,86.3,5.14,59.09,39.31,8.16,ZWF,ZWF,ZWF,,,0.73,33.6
20210723CAT01,CAT01,7/23/2021,2021,7,1/0/1900,25.08826,-80.91209,1.8,62,16.8,4.14,4.04,27.8,28.93,,32.7,105.2,6.16,58.58,38.87,8.18,32.64,103.4,6.06,58.61,38.89,8.18,ZWF,ZWF,ZWF,,,4.09,28.365
20210723END01,END01,7/23/2021,2021,7,1/0/1900,25.10176,-80.71956,1.9,190,1.45,0.69,0.82,23.16,23.09,,32.17,83.4,4.97,56.41,37.26,8.18,32.89,48.8,2.83,57.55,38.09,8.09,ZWF,ZWF,ZWF,,,0.755,23.125
20210723MAD01,MAD01,7/23/2021,2021,7,1/0/1900,25.15131,-80.68192,1.4,140,2.73,0.34,0.33,22,21.88,,33.16,93.4,5.64,48.66,31.51,8.12,33.22,95.4,5.77,48.8,31.61,8.11,ZWF,ZWF,ZWF,,,0.335,21.94
20210723NWHIP01,NWHIP01,7/23/2021,2021,7,1/0/1900,25.12516,-80.74089,1.8,180,2.76,0.85,0.83,24.26,24.01,,32.08,72.3,4.36,53.68,35.24,8.03,32.07,71.9,4.33,53.35,35.26,8.03,ZWF,ZWF,ZWF,,,0.84,24.135
20210723RAB03,RAB03,7/23/2021,2021,7,1/0/1900,25.00155,-80.85741,2.4,240,0.65,0.73,0.75,36.05,35.99,,32.3,85.4,5.02,58.73,39,8.05,32.19,119.3,7.02,59.17,39.33,8.16,ZWF,ZWF,ZWF,,,0.74,36.02
20210723RAB04,RAB04,7/23/2021,2021,7,1/0/1900,24.96771,-80.84029,2.5,250,1.07,1.37,0.66,35.38,35.56,,32.28,93.6,5.45,61.2,40.88,8.2,32.19,100,5.82,61.2,40.88,8.22,ZWF,ZWF,ZWF,,,1.015,35.47
20210723RANKB01,RANKB01,7/23/2021,2021,7,1/0/1900,25.14989,-80.77914,0.9,90,4.57,0.79,0.77,42.27,43.65,,31.5,57.8,3.48,56.52,37.37,7.88,,,,,,,ZWF,ZWF,ZWF,,,0.78,42.96
20210723RANKL02,RANKL02,7/23/2021,2021,7,1/0/1900,25.14284,-80.81818,1.1,110,8.47,1.59,1.6,56.82,56.2,,33.24,79.8,4.61,59.26,39.36,7.82,,,,,,,ZWF,ZWF,ZWF,,,1.595,56.51
20210723RUS01,RUS01,7/23/2021,2021,7,1/0/1900,25.04897,-80.66586,2.5,250,1.94,0.71,0.79,12.89,12.64,,31.48,99.4,5.97,57.78,38.32,8.23,32,91.3,5.39,59.01,39.23,8.21,ZWF,ZWF,ZWF,,,0.75,12.765
20210723RUS02,RUS02,7/23/2021,2021,7,1/0/1900,25.08417,-80.6825,2.2,220,1.97,0.65,0.7,14.1,13.99,,32.07,97.3,5.84,55.43,36.53,8.22,32.05,97.6,5.84,55.41,36.52,8.22,ZWF,ZWF,ZWF,,,0.675,14.045
20210723SID01,SID01,7/23/2021,2021,7,1/0/1900,25.01864,-80.78681,1.4,140,1.11,0.65,0.59,26.69,26.84,,32.21,62.7,3.65,62.05,41.52,8.07,32.26,65.5,,62.06,41.53,8.07,ZWF,ZWF,ZWF,,,0.62,26.765
20210723SNB01,SNB01,7/23/2021,2021,7,1/0/1900,25.14098,-80.89355,2,73,17,3.73,3.34,42.89,42.3,,32.25,71.3,4.19,59.34,39.46,8.15,32.23,70.7,4.15,59.33,39.45,8.15,ZWF,ZWF,ZWF,,,3.535,42.595
20210723TWIN01,TWIN01,7/23/2021,2021,7,1/0/1900,24.95816,-80.7802,3.1,310,1.27,1.05,1.03,23.87,22.64,,32.13,89.5,5.25,,40.25,8.13,32.06,87.1,5.1,60.66,40.48,8.12,ZWF,ZWF,ZWF,,,1.04,23.255
20210723WHIP01,WHIP01,7/23/2021,2021,7,1/0/1900,25.09386,-80.76086,2,200,1.17,0.62,0.54,33.43,33.94,,32.72,95.4,5.62,57.16,37.81,8.19,32.78,85.9,5.06,57.62,38.15,8.21,ZWF,ZWF,ZWF,,,0.58,33.685
20210723WHIP03,WHIP03,7/23/2021,2021,7,1/0/1900,25.04925,-80.76836,2.2,220,1.17,0.73,0.69,27.88,28.12,,32.63,86.4,5.02,60.55,40.37,8.2,32.61,87.6,5.1,60.54,40.36,8.21,ZWF,ZWF,ZWF,,,0.71,28
20210906CAT01,CAT01,9/6/2021,2021,9,1/0/1900,25.08832,-80.9128,1.5,63,14.8,2.42,2.37,26.98,27.18,,31.77,69.7,4.19,56.86,37.62,8.01,31.32,69.8,4.2,56.82,37.61,8.01,ZWF,ZWF,ZWF,,,2.395,27.08
20210906END01,END01,9/6/2021,2021,9,1/0/1900,25.10176,-80.71995,1.7,170,1.96,0.6,0.71,29.87,29.72,,31.89,81,4.85,55.55,36.63,8.15,31.89,80.3,4.83,55.6,36.67,8.16,ZWF,ZWF,ZWF,,,0.655,29.795
20210906MAD01,MAD01,9/6/2021,2021,9,1/0/1900,25.15121,-80.68202,1.4,140,4.37,0.38,0.36,23.7,23.47,,32.24,91,5.66,45.12,28.98,8.08,32.24,91.1,5.68,45.11,28.97,8.09,ZWF,ZWF,ZWF,,,0.37,23.585
20210906NWHIP01,NWHIP01,9/6/2021,2021,9,1/0/1900,25.12507,-80.74068,1.7,170,2.68,0.76,0.76,33.05,33.5,,31.68,68.8,4.2,52.54,34.41,8.03,31.73,72.5,4.42,52.59,34.44,8.05,ZWF,ZWF,ZWF,,,0.76,33.275
20210906RAB03,RAB03,9/6/2021,2021,9,1/0/1900,25.00092,-80.85747,2.3,230,0.86,1.24,1.34,41.84,42.17,,31.93,62,3.61,60.41,40.28,8.2,31.85,64.4,3.79,60.38,40.27,8.07,ZWF,ZWF,ZWF,,,1.29,42.005
20210906RAB04,RAB04,9/6/2021,2021,9,1/0/1900,24.96793,-80.84033,2.3,230,0.63,0.97,0.85,39.65,40.17,,31.72,65.3,3.87,59.23,39.4,8.06,31.69,65.9,3.92,59.22,39.39,8.06,ZWF,ZWF,ZWF,,,0.91,39.91
20210906RANKB01,RANKB01,9/6/2021,2021,9,1/0/1900,25.14942,-80.77912,0.9,90,5.37,0.82,0.67,41.12,41.92,,30.63,55.7,3.45,52.26,34.24,7.87,,,,,,,ZWF,ZWF,ZWF,,,0.745,41.52
20210906RANKL02,RANKL02,9/6/2021,2021,9,1/0/1900,25.14159,-80.81832,1,100,3.17,0.68,0.65,53.46,53.75,,32.77,82.6,4.85,57.37,37.96,8.01,,,,,,,ZWF,ZWF,ZWF,,,0.665,53.605
20210906RUS01,RUS01,9/6/2021,2021,9,1/0/1900,25.04907,-80.66589,2.4,240,1.63,0.48,0.44,13.36,12.72,,31.08,85.7,5.25,53.39,35.06,8.1,31,86.1,5.28,53.39,35.06,8.14,ZWF,ZWF,ZWF,Depth offset programed into the GPS/Transducer from here on.,,0.46,13.04
20210906RUS02,RUS02,9/6/2021,2021,9,1/0/1900,25.08425,-80.68234,2.2,220,1.85,0.53,0.51,16.3,15.96,,31.72,86.8,5.27,53.18,34.88,8.16,31.72,86.7,5.27,53.18,34.88,8.16,ZWF,ZWF,ZWF,,,0.52,16.13
20210906SID01,SID01,9/6/2021,2021,9,1/0/1900,25.01874,-80.7868,1.4,140,1.32,0.66,0.68,36.97,37.26,,31.48,51,3.04,58.7,39.01,7.97,31.49,52,3.1,58.79,39.08,7.98,ZWF,ZWF,ZWF,,,0.67,37.115
20210906SNB01,SNB01,9/6/2021,2021,9,1/0/1900,25.14066,-80.89375,1.8,84,13.2,2.13,2.07,41.71,41.78,,30.83,52,3.14,57.25,37.95,8.03,30.82,51.2,3.1,57.22,37.93,8.04,ZWF,ZWF,ZWF,,,2.1,41.745
20210906TWIN01,TWIN01,9/6/2021,2021,9,1/0/1900,24.95882,-80.78093,2.8,280,1.27,2.36,2.77,29.16,29.55,,31.8,65.2,3.86,59.36,39.49,8.04,31.7,66.6,3.96,59.38,39.52,8.04,ZWF,ZWF,ZWF,,,2.565,29.355
20210906WHIP01,WHIP01,9/6/2021,2021,9,1/0/1900,25.09385,-80.76134,1.9,190,2.36,1.41,0.85,37.02,36.76,,32.03,60.1,3.61,54.64,35.95,7.84,32,62,3.72,54.65,35.95,7.84,ZWF,ZWF,ZWF,,,1.13,36.89
20210906WHIP03,WHIP03,9/6/2021,2021,9,1/0/1900,25.04953,-80.76814,2.1,210,1.07,1.21,0.85,39.61,39.81,,32.27,84.7,5,58.01,38.46,8.14,32.22,85.6,5.06,57.99,38.45,8.15,ZWF,ZWF,ZWF,,,1.03,39.71
20210907CAT02,CAT02,9/7/2021,2021,9,1/0/1900,25.09864,-80.87203,1.1,80,11.1,3.18,3.79,31.77,30.87,,31.16,76.6,4.63,56.73,37.54,8.01,31.17,75.2,4.13,56.42,37.38,8,ZWF,ZWF,ZWF,,,3.485,31.32
20210907COR01,COR01,9/7/2021,2021,9,1/0/1900,25.02765,-80.76894,1.9,190,2.06,0.97,0.88,36.22,36.12,,32.29,78.9,4.66,58.48,38.82,8.07,32.29,84.7,5.23,58.49,38.82,8.09,ZWF,ZWF,ZWF,,,0.925,36.17
20210907END02,END02,9/7/2021,2021,9,1/0/1900,25.12657,-80.71877,1.8,180,2.39,0.6,0.68,25.52,25.73,,31.76,69.5,4.24,51.94,33.96,7.99,31.2,68.3,4.16,52.04,34.04,7.98,ZWF,ZWF,ZWF,,,0.64,25.625
20210907NWHIP02,NWHIP02,9/7/2021,2021,9,1/0/1900,25.12395,-80.76564,1.4,140,2.52,0.49,0.93,46.42,45.95,,31.71,55.5,3.39,51.99,34,7.97,31.71,56.7,3.47,52,34.01,7.98,ZWF,ZWF,ZWF,,,0.71,46.185
20210907PEL01,PEL01,9/7/2021,2021,9,1/0/1900,25.0699,-80.82375,1.3,130,2.04,1.1,0.93,45.76,46.38,,31.99,55.6,3.28,57.94,38.42,7.96,32.01,56.1,3.32,57.94,38.42,7.96,ZWF,ZWF,ZWF,,,1.015,46.07
20210907PEL02,PEL02,9/7/2021,2021,9,1/0/1900,25.09226,-80.8222,0.9,90,2.68,0.68,0.56,42.5,44.04,,32.07,60.3,3.58,57.66,38.21,7.9,,,,,,,ZWF,ZWF,ZWF,,,0.62,43.27
20210907PEL03,PEL03,9/7/2021,2021,9,1/0/1900,25.06129,-80.85206,1.1,110,1.1,1.22,1.11,40.1,40.8,,31.8,31.3,1.89,57.8,38.32,7.89,31.44,45.1,2.71,57.85,38.37,7.92,ZWF,ZWF,ZWF,,,1.165,40.45
20210907RANKL01,RANKL01,9/7/2021,2021,9,1/0/1900,25.12249,-80.81385,1.4,140,3.75,0.97,1.04,40.69,40.46,,32.25,79.7,4.79,56.28,37.16,8.02,32.28,81.1,4.83,56.25,37.14,8.02,ZWF,ZWF,ZWF,,,1.005,40.575
20210907RANKL03,RANKL03,9/7/2021,2021,9,1/0/1900,25.16713,-80.80139,0.6,60,3.39,5.3,6.51,87.47,86.76,,32.5,116.8,7.19,47.56,30.74,8.8,,,,,,,ZWF,ZWF,ZWF,,,5.905,87.115
20210907SID02,SID02,9/7/2021,2021,9,1/0/1900,25.0323,-80.80611,1.3,130,1.18,0.91,1.05,51.62,51.46,,32.13,54.5,3.19,60.36,40.24,7.88,32.04,57,3.35,60.33,40.22,7.89,ZWF,ZWF,ZWF,,,0.98,51.54
20210907SNB02,SNB02,9/7/2021,2021,9,1/0/1900,25.13546,-80.8543,0.8,80,6.99,2.04,1.91,40.26,40.72,,31.17,78.6,4.73,57.21,37.9,8.03,,,,,,,ZWF,ZWF,ZWF,,,1.975,40.49
20210907TB01,TB01,9/7/2021,2021,9,1/0/1900,25.15728,-80.72463,0.8,80,6.32,2.25,2.35,69.14,68.31,,30.56,88,5.78,37.88,23.9,8.19,,,,,,,ZWF,ZWF,ZWF,,,2.3,68.725
20210907WHIP02,WHIP02,9/7/2021,2021,9,1/0/1900,25.07199,-80.76434,2.1,172,9.02,0.31,0.37,41.89,41.64,,32.07,68.2,4.07,56.06,37.01,7.98,32.05,68.4,4.09,56.13,37.06,7.99,ZWF,ZWF,ZWF,,,0.34,41.765
20210908BLUE02,BLUE02,9/8/2021,2021,9,1/0/1900,24.99533,-80.92772,1.8,180,1.02,1.05,0.83,30.63,30.75,,32.09,81.8,4.85,57.86,38.35,8.09,32.07,83.3,4.93,57.86,38.35,8.1,ZWF,ZWF,ZWF,,,0.94,30.69
20210908CAL01,CAL01,9/8/2021,2021,9,1/0/1900,25.05929,-80.71196,2.1,210,2.51,0.73,0.64,24.04,24.22,,32,81.2,4.86,55.68,36.73,8.19,32.05,83,4.97,55.75,36.78,8.2,ZWF,ZWF,ZWF,,,0.685,24.13
20210908CON01,CON01,9/8/2021,2021,9,1/0/1900,25.11889,-80.93903,2.7,76,13.2,3.05,2.14,25.22,25.1,,31.13,63.4,3.84,56.25,37.19,7.92,30.96,61.4,3.73,56.19,37.15,7.92,ZWF,ZWF,ZWF,,,2.595,25.16
20210908CROC01,CROC01,9/8/2021,2021,9,1/0/1900,25.1282,-80.67531,1.5,150,2.51,0.57,0.48,22.74,22.68,,31.22,71.8,4.47,49.06,31.87,8.1,31.61,69.6,4.3,49.55,32.21,8.09,ZWF,ZWF,ZWF,,,0.525,22.71
20210908JOE01,JOE01,9/8/2021,2021,9,1/0/1900,25.21568,-80.53391,1.6,100,9.2,2.11,1.69,62.3,61.24,,30.27,76.3,5.5,13.85,7.96,8.17,31.51,60.7,4,32.57,20.22,7.98,ZWF,ZWF,ZWF,,,1.9,61.77
20210908JOHN01,JOHN01,9/8/2021,2021,9,1/0/1900,25.06309,-80.90664,1.2,120,4.11,2.74,2.05,33.84,33.48,,31.33,58.4,3.51,57,37.74,7.95,31.3,59.1,3.57,57,37.74,7.94,ZWF,ZWF,ZWF,,,2.395,33.66
20210908JOHN03,JOHN03,9/8/2021,2021,9,1/0/1900,25.04067,-80.91419,1.7,170,3.51,1.66,1.54,29.89,30.32,,31.87,86.3,5.16,57.24,37.9,8.12,31.85,90.7,5.44,57.22,37.89,8.15,ZWF,ZWF,ZWF,,,1.6,30.105
20210908LIG02,LIG02,9/8/2021,2021,9,1/0/1900,24.96443,-80.6944,2.9,290,1.15,2,1.84,15.74,15.84,,31.7,90.1,5.39,57.34,37.98,8.15,31.71,93.5,5.58,57.41,38.03,8.17,ZWF,ZWF,ZWF,,,1.92,15.79
20210908LMAD01,LMAD01,9/8/2021,2021,9,1/0/1900,25.1847,-80.63499,1.3,130,9.01,0.75,0.75,46.91,46.48,,30.03,90.1,6.17,29.01,17.81,8.21,32.92,52.2,3.27,40.14,25.42,8,ZWF,ZWF,ZWF,,,0.75,46.695
20210908RAB01,RAB01,9/8/2021,2021,9,1/0/1900,25.01674,-80.89453,1.9,190,0.95,1.36,0.95,33.03,33.11,,31.59,39.7,2.37,57.48,38.09,8.01,31.32,41.6,2.5,57.45,38.08,8,ZWF,ZWF,ZWF,,,1.155,33.07
20210908RAB02,RAB02,9/8/2021,2021,9,1/0/1900,24.97351,-80.87113,1.5,150,0.61,1.37,1.56,35.62,35.96,,31.94,71.3,4.21,58.9,39.14,8.14,31.94,71.7,4.24,58.88,39.14,8.14,ZWF,ZWF,ZWF,,,1.465,35.79
20210908SPY01,SPY01,9/8/2021,2021,9,1/0/1900,25.02554,-80.7201,2.4,240,1.24,0.9,0.91,25.22,24.95,,32.37,78,4.61,57.49,38.07,8.15,32.34,81.4,4.82,57.49,38.07,8.17,ZWF,ZWF,ZWF,,,0.905,25.085
20210908TWIN02,TWIN02,9/8/2021,2021,9,1/0/1900,24.98377,-80.80891,2.5,250,0.79,0.84,0.76,41.17,40.58,,32.57,85.8,4.99,60.76,40.53,8.08,32.54,89.5,5.21,60.77,40.54,8.1,ZWF,ZWF,ZWF,,,0.8,40.875
20210908TWIN03,TWIN03,9/8/2021,2021,9,1/0/1900,25.00403,-80.75421,2.3,230,1.29,0.91,0.78,30.1,29.49,,32.33,69.5,4.09,58.8,39.06,8.04,32.33,69.5,4.09,58.8,39.05,8.04,ZWF,ZWF,ZWF,,,0.845,29.795
20210909BBK01,BBK01,9/9/2021,2021,9,1/0/1900,25.15897,-80.62519,1.9,190,1.53,0.33,0.31,20.37,20.42,,31.81,90.2,5.68,43.401,27.76,8.13,31.82,92.1,5.8,43.406,27.77,8.14,ZWF,ZWF,ZWF,,,0.32,20.395
20210909BBK02,BBK02,9/9/2021,2021,9,1/0/1900,25.12306,-80.58921,1.9,190,1.88,0.6,0.5,11.9,12.07,,31.765,110.4,6.82,48.489,31.43,8.2,31.751,109.2,8.78,48.493,31.43,8.2,ZWF,ZWF,ZWF,,,0.55,11.985
20210909BLAS01,BLAS01,9/9/2021,2021,9,1/0/1900,25.1704,-80.4165,2.9,290,0.78,0.48,0.42,21.78,21.66,,31.14,93.6,5.75,53.12,34.85,8.06,31.58,92.1,5.47,55.285,36.44,7.99,ZWF,ZWF,ZWF,,,0.45,21.72
20210909BNUT01,BNUT01,9/9/2021,2021,9,1/0/1900,25.07423,-80.52905,2.7,270,2.99,0.41,0.36,11.31,11.35,,32.207,96.9,5.84,53.221,34.89,8.11,32.233,98.9,5.96,53.236,34.9,8.11,ZWF,ZWF,ZWF,,,0.385,11.33
20210909BUTT01,BUTT01,9/9/2021,2021,9,1/0/1900,25.11023,-80.45669,2.4,240,0.96,0.53,0.7,22.7,21.91,,31.737,81.1,4.89,54.73,36.02,8.07,31.7,82.8,4.99,54.72,36.02,8.08,ZWF,ZWF,ZWF,,,0.615,22.305
20210909COTT01,COTT01,9/9/2021,2021,9,1/0/1900,24.99597,-80.5789,2.5,250,0.99,0.42,0.45,10.3,10.1,,32.108,114.9,6.89,54.932,36.16,8.24,32.122,117,7.04,54.923,36.15,8.25,ZWF,ZWF,ZWF,,,0.435,10.2
20210909COTT02,COTT02,9/9/2021,2021,9,1/0/1900,24.98058,-80.62519,2.4,240,1.31,0.29,0.23,7.53,7.72,,31.927,97.4,5.89,53.721,35.27,8.1,31.918,97.4,5.88,53.713,35.26,8.09,ZWF,ZWF,ZWF,,,0.26,7.625
20210909DEER01,DEER01,9/9/2021,2021,9,1/0/1900,25.18534,-80.51499,1.7,170,1.65,0.54,0.62,19.37,19.2,,31.819,96.2,5.99,46.138,29.72,8.13,31.827,96.6,6.01,46.156,29.74,8.13,ZWF,ZWF,ZWF,,,0.58,19.285
20210909DUCK01,DUCK01,9/9/2021,2021,9,1/0/1900,25.18966,-80.47353,1.7,170,1.66,0.53,0.42,18.23,18.15,,31.706,97.4,5.98,49.886,32.45,8.14,31.693,93.7,5.81,49.864,32.44,8.13,ZWF,ZWF,ZWF,,,0.475,18.19
20210909DUCK02,DUCK02,9/9/2021,2021,9,1/0/1900,25.15502,-80.48328,1.5,150,1.54,0.65,0.54,16.05,15.83,,31.687,88.5,5.42,51.016,33.29,8.07,31.684,88.8,5.46,51.01,33.28,8.07,ZWF,ZWF,ZWF,,,0.595,15.94
20210909EAGLE01,EAGLE01,9/9/2021,2021,9,1/0/1900,25.17847,-80.57313,1.8,180,1.8,0.64,0.46,20.9,22.57,,31.681,81.6,5.15,44.574,28.61,8.07,31.678,83.2,5.24,44.545,28.58,8.07,ZWF,ZWF,ZWF,,,0.55,21.735
20210909JIM01,JIM01,9/9/2021,2021,9,1/0/1900,25.0398,-80.61571,2.6,260,1.66,0.39,0.49,12.66,12.5,,32.151,94.4,5.65,54.712,36,8.18,32.169,97.7,5.88,54.706,35.99,8.19,ZWF,ZWF,ZWF,,,0.44,12.58
20210909LBS01,LBS01,9/9/2021,2021,9,1/0/1900,25.212,-80.443,1.7,170,1.76,0.45,0.56,36.16,36.52,,31.522,88.2,5.39,45.989,29.86,7.99,33.22,59.2,3.6,50.42,32.79,7.92,ZWF,ZWF,ZWF,,,0.505,36.34
20210909LBUT01,LBUT01,9/9/2021,2021,9,1/0/1900,25.13762,-80.44817,2.3,230,0.92,0.54,0.54,26.87,27.12,,32.021,87.4,5.24,55.11,36.3,8.06,31.97,90.1,5.39,55.049,36.29,8.06,ZWF,ZWF,ZWF,,,0.54,26.995
20210909LONS01,LONS01,9/9/2021,2021,9,1/0/1900,25.23,-80.45589,1.7,170,1.7,0.65,0.63,53.24,53.47,,31.704,90.5,5.9,35.275,22.05,8.14,33.129,50.9,3.2,41.343,26.25,7.93,ZWF,ZWF,ZWF,,,0.64,53.355
20210909MANK01,MANK01,9/9/2021,2021,9,1/0/1900,25.08383,-80.60365,2.4,240,2.57,0.24,0.23,10.56,10.54,,31.794,94.2,5.75,51.805,33.86,8.11,31.84,96.8,5.89,51.827,33.87,8.11,ZWF,ZWF,ZWF,,,0.235,10.55
20210909NEST01,NEST01,9/9/2021,2021,9,1/0/1900,25.16234,-80.53295,1.6,160,2.01,0.42,0.41,15.17,15.01,,31.54,102.9,6.38,48.276,31.28,8.15,31.544,104.3,6.44,48.275,31.28,8.15,ZWF,ZWF,ZWF,,,0.415,15.09
20210909NEST02,NEST02,9/9/2021,2021,9,1/0/1900,25.12707,-80.54206,1.9,190,4.51,0.5,0.49,11.58,11.67,,32.199,115,6.99,50.637,32.99,8.15,32.221,120.3,7.32,50.262,32.83,8.16,ZWF,ZWF,ZWF,,,0.495,11.625
20210909SWA01,SWA01,9/9/2021,2021,9,1/0/1900,25.10884,-80.49611,2.2,230,5.48,0.37,0.37,10.6,10.64,,32.417,95,5.66,54.1,35.53,8.03,32.65,138.7,8.54,49.693,32.25,7.72,ZWF,ZWF,ZWF,,,0.37,10.62
20210909TAV01,TAV01,9/9/2021,2021,9,1/0/1900,25.01928,-80.56667,2.6,260,1.14,0.49,0.47,11.59,11.73,,32.321,101.8,6.06,55.299,36.43,8.16,32.312,102.1,6.1,55.289,36.42,8.16,ZWF,ZWF,ZWF,,,0.48,11.66
20210909UCB01,UCB01,9/9/2021,2021,9,1/0/1900,25.04322,-80.55342,2.4,240,1.78,0.54,0.38,13.17,12.98,,32.35,98.7,5.87,56,36.95,8.18,32.347,99.2,5.9,56.005,36.95,8.18,ZWF,ZWF,ZWF,,,0.46,13.075
20210910BLUE01,BLUE01,9/10/2021,2021,9,1/0/1900,25.02274,-80.92709,1.6,152,5.08,9.9,7.27,28.65,28.67,,32.34,80.1,4.73,57.76,38.27,8.14,32.32,77.7,4.59,57.79,38.29,8.14,ZWF,ZWF,ZWF,,,8.585,28.66
20210910CAP01,CAP01,9/10/2021,2021,9,1/0/1900,25.00738,-80.64641,2.5,250,1.46,0.7,0.6,12.94,13.19,,31.41,85.6,5.19,55.01,36.25,8.18,31.79,82.9,4.98,55.88,36.89,8.18,ZWF,ZWF,ZWF,,,0.65,13.065
20210910CON02,CON02,9/10/2021,2021,9,1/0/1900,25.10245,-81.02126,3,80,20.1,1.59,3.52,18.98,18.57,,31.02,85.3,5.17,56.27,37.2,7.99,31.02,85.5,5.18,56.27,37.2,8,ZWF,ZWF,ZWF,,,2.555,18.775
20210910FNB01,FNB01,9/10/2021,2021,9,1/0/1900,25.05773,-81.01923,3.5,90,11.4,2.92,2.3,14.6,14.31,,30.72,72.4,4.43,55.51,36.35,8,30.81,74.2,4.52,55.53,36.66,8,ZWF,ZWF,ZWF,,,2.61,14.455
20210910FNB02,FNB02,9/10/2021,2021,9,1/0/1900,25.05639,-80.97962,1.3,110,7.31,3.59,3.09,20.74,21.01,,30.87,76.5,4.64,56.82,37.62,8.12,30.89,76,4.61,56.84,37.64,8.12,ZWF,ZWF,ZWF,,,3.34,20.875
20210910JOHN02,JOHN02,9/10/2021,2021,9,1/0/1900,25.05657,-80.93077,1.7,100,11.8,8.72,7.88,24.41,24.39,,31.24,70.5,4.24,57.16,37.86,8.1,31.24,70.4,4.24,57.18,37.88,8.1,ZWF,ZWF,ZWF,,,8.3,24.4
20210910LIG01,LIG01,9/10/2021,2021,9,1/0/1900,24.93481,-80.70934,3,300,1.99,0.63,0.47,14.69,14.81,,31.55,82.2,4.93,57.01,37.74,8.09,31.56,82.3,4.93,57.03,37.75,8.1,ZWF,ZWF,ZWF,,,0.55,14.75
20210910LIG03,LIG03,9/10/2021,2021,9,1/0/1900,24.96635,-80.72735,2.6,260,1.53,0.91,0.77,25.53,25.11,,31.4,76.8,4.57,59.08,39.3,8.02,31.5,75.8,4.51,59.23,39.41,8.02,ZWF,ZWF,ZWF,,,0.84,25.32
20210910LONG01,LONG01,9/10/2021,2021,9,1/0/1900,24.89936,-80.76569,2.8,280,2.3,0.64,0.43,17.99,17.73,,31.86,88.3,5.28,56.7,37.49,8.09,31.86,88.8,5.31,56.68,37.48,8.09,ZWF,ZWF,ZWF,,,0.535,17.86
20210910LONG02,LONG02,9/10/2021,2021,9,1/0/1900,24.87628,-80.8297,2.9,290,2.14,1.29,1.3,27.42,27.07,,31.85,77.3,4.58,59.18,39.36,8.14,31.88,77.7,4.59,59.21,39.38,8.14,ZWF,ZWF,ZWF,,,1.295,27.245
20210910NMB01,NMB01,9/10/2021,2021,9,1/0/1900,25.00036,-80.97911,1.6,170,4.6,1.73,1.39,9.86,9.44,,31.11,76,4.62,55.22,36.42,8.02,31.12,77.6,4.73,55.21,36.41,8.03,ZWF,ZWF,ZWF,,,1.56,9.65
20210910NMB02,NMB02,9/10/2021,2021,9,1/0/1900,24.94727,-80.92887,2.8,280,1.82,3.23,2.52,17.55,17.45,,31.81,101.5,6.09,56.07,37.02,8.24,31.82,102.2,6.13,56.06,37.01,8.24,ZWF,ZWF,ZWF,,,2.875,17.5
20210910NMB03,NMB03,9/10/2021,2021,9,1/0/1900,24.90673,-80.88129,1.9,190,1.27,5.21,4.9,27.29,27.24,,31.76,87.5,5.2,58.27,38.68,8.22,31.77,87.8,5.22,58.26,38.67,8.22,ZWF,ZWF,ZWF,,,5.055,27.265
20210910PORP01,PORP01,9/10/2021,2021,9,1/0/1900,25.0106,-80.68936,2.6,260,1.83,1.32,1.19,19.12,19.14,,31.91,90.7,5.4,57.53,38.11,8.21,32.03,92.2,5.48,57.72,38.25,8.21,ZWF,ZWF,ZWF,,,1.255,19.13
20211110BLUE01,BLUE01,11/10/2021,2021,11,1/0/1900,25.0231,-80.92773,2,120,6.57,4.52,4.68,21.73,21.71,,23.12,110.8,7.78,52.33,34.5,8.28,23.11,112.3,7.88,52.33,34.5,8.28,ZWF,ZWF,ZWF,,,4.6,21.72
20211110CAL01,CAL01,11/10/2021,2021,11,1/0/1900,25.05929,-80.71198,2.3,230,1.18,0.36,0.3,21.81,21.79,,22.01,98.5,6.97,55.84,37.13,8.11,21.92,102,7.19,55.86,37.14,8.14,ZWF,ZWF,ZWF,,,0.33,21.8
20211110CON01,CON01,11/10/2021,2021,11,1/0/1900,25.11885,-80.93958,2.6,50,39.4,5.72,6.11,31.96,32.19,,22.97,89,6.31,50.54,33.17,7.95,22.95,89,6.31,50.51,33.16,7.95,ZWF,ZWF,ZWF,,,5.915,32.075
20211110CROC01,CROC01,11/10/2021,2021,11,1/0/1900,25.1285,-80.67582,1.6,110,4.88,4.63,4.26,35.14,35.75,,21.86,99.5,7.19,50.65,33.27,8.15,21.9,100.5,7.22,51.72,34.06,8.12,ZWF,ZWF,ZWF,,,4.445,35.445
20211110JOE01,JOE01,11/10/2021,2021,11,1/0/1900,25.21573,-80.53392,1.7,170,4.49,0.7,0.62,28.53,29.05,,22.47,90,6.73,40.11,25.66,8.03,22.45,90.8,6.77,40.74,26.09,8.11,ZWF,ZWF,ZWF,,,0.66,28.79
20211110JOHN01,JOHN01,11/10/2021,2021,11,1/0/1900,25.06374,-80.90592,1.3,130,4.05,3.25,3.03,22.27,22.54,,23,128.9,9.11,51.9,34.18,8.26,22.96,131.3,9.26,51.9,34.18,8.26,ZWF,ZWF,ZWF,,,3.14,22.405
20211110JOHN03,JOHN03,11/10/2021,2021,11,1/0/1900,25.04003,-80.91631,1.8,140,4.29,5.65,5.65,20.81,20.87,,22.68,111.7,7.91,52.34,34.51,8.25,22.65,112.9,7.99,52.34,34.51,8.26,ZWF,ZWF,ZWF,,,5.65,20.84
20211110LIG02,LIG02,11/10/2021,2021,11,1/0/1900,24.96347,-80.69493,2.8,280,1.91,1.04,1.06,33.09,32.9,,22.75,96.3,6.67,56.86,37.88,8.05,22.68,95.9,6.65,56.86,37.89,8.05,ZWF,ZWF,ZWF,,,1.05,32.995
20211110LMAD01,LMAD01,11/10/2021,2021,11,1/0/1900,25.1846,-80.63453,1.6,144,6.43,0.47,0.48,58.92,59.03,,22.09,94.1,7.41,28.95,17.9,8.11,22.62,105,7.78,41.38,26.55,8.22,ZWF,ZWF,ZWF,,,0.475,58.975
20211110RAB01,RAB01,11/10/2021,2021,11,1/0/1900,25.01659,-80.89472,1.9,190,1.16,0.58,0.47,23.18,23.23,,22.91,96.2,6.78,52.19,34.4,8.24,22.9,96.8,6.82,52.22,34.42,8.25,ZWF,ZWF,ZWF,,,0.525,23.205
20211110RAB02,RAB02,11/10/2021,2021,11,1/0/1900,24.97335,-80.87073,1.5,150,1.02,3.12,3.15,19.27,19.58,,23.59,119.9,8.43,51.62,33.97,8.34,23.61,126.6,8.84,51.65,33.99,8.37,ZWF,ZWF,ZWF,,,3.135,19.425
20211110SPY01,SPY01,11/10/2021,2021,11,1/0/1900,25.02514,-80.72034,2.6,260,1.03,0.36,0.37,21.58,21.65,,22.35,103.6,7.26,55.83,37.11,8.15,22.26,104.8,7.35,55.83,37.11,8.15,ZWF,ZWF,ZWF,,,0.365,21.615
20211110TWIN02,TWIN02,11/10/2021,2021,11,1/0/1900,24.98307,-80.80955,2.56,260,0.55,0.39,0.4,24.42,24.53,,21.99,96,6.84,53.45,35.34,8.08,21.89,97,6.91,53.45,35.34,8.09,ZWF,ZWF,ZWF,,,0.395,24.475
20211110TWIN03,TWIN03,11/10/2021,2021,11,1/0/1900,25.00372,-80.75458,2.5,250,1.04,0.32,0.26,21.38,21.38,,22.41,99.1,6.93,55.89,37.16,8.03,22.38,102.8,7.27,55.92,37.18,8.05,ZWF,ZWF,ZWF,,,0.29,21.38
20211111BLUE02,BLUE02,11/11/2021,2021,11,1/0/1900,24.9949,-80.92698,2.4,240,1.16,1.89,2.55,20.35,19.81,,23.27,109.9,7.69,52.22,34.41,8.23,23.27,109.9,7.69,52.26,34.44,8.23,ZWF,ZWF,ZWF,,,2.22,20.08
20211111CAP01,CAP01,11/11/2021,2021,11,1/0/1900,25.00728,-80.64649,2.6,260,2.42,0.92,1.02,22.11,22.37,,23.5,104.2,7.2,54.41,36.03,8.17,23.29,104.5,7.23,55.12,36.57,8.15,ZWF,ZWF,ZWF,,,0.97,22.24
20211111CON02,CON02,11/11/2021,2021,11,1/0/1900,25.10216,-81.02115,3.6,100,10.4,8.65,10.48,46.21,45.71,,22.95,97.6,7.03,46.86,30.48,7.94,22.91,97.1,6.98,47.45,30.92,7.97,ZWF,ZWF,ZWF,,,9.565,45.96
20211111FNB01,FNB01,11/11/2021,2021,11,1/0/1900,25.05812,-81.019,4,130,5.51,3.8,4.13,27.25,26.7,,22.81,93.8,6.69,50.17,32.9,8.04,22.76,89.4,6.36,50.41,33.07,8.04,ZWF,ZWF,ZWF,,,3.965,26.975
20211111FNB02,FNB02,11/11/2021,2021,11,1/0/1900,25.05644,-80.97933,1.8,115,8.14,3.58,4.21,28.4,28.52,,22.77,93.3,6.65,50.13,32.89,8.05,22.77,93.2,6.64,50.15,32.89,8.05,ZWF,ZWF,ZWF,,,3.895,28.46
20211111JOHN02,JOHN02,11/11/2021,2021,11,1/0/1900,25.05686,-80.93078,2,105,9.15,2.58,2.84,26.18,26.2,,24.14,95.7,6.63,51.3,33.72,8.21,24.09,96,6.65,51.31,33.72,8.21,ZWF,ZWF,ZWF,,,2.71,26.19
20211111LIG01,LIG01,11/11/2021,2021,11,1/0/1900,24.93452,-80.70975,3.2,320,1.67,0.55,0.68,15.79,15.94,,23.67,99.1,6.8,55.38,36.76,8.05,23.55,100.4,6.89,56.04,37.26,8.05,ZWF,ZWF,ZWF,,,0.615,15.865
20211111LIG03,LIG03,11/11/2021,2021,11,1/0/1900,24.96625,-80.72719,2.7,270,1.19,0.41,0.55,18.08,18.69,,23.23,99.7,6.89,55.22,36.64,8.09,23.19,100.7,6.97,55.23,36.65,8.09,ZWF,ZWF,ZWF,,,0.48,18.385
20211111LONG01,LONG01,11/11/2021,2021,11,1/0/1900,24.89956,-80.76587,3.1,310,1.2,0.42,0.5,18.35,18.29,,23.48,97,6.67,55.58,36.91,8.08,23.46,97.2,6.69,55.58,36.91,8.08,ZWF,ZWF,ZWF,,,0.46,18.32
20211111LONG02,LONG02,11/11/2021,2021,11,1/0/1900,24.87622,-80.8297,3.2,320,1.41,0.28,0.4,16.56,16.88,,22.95,92.8,6.46,54.83,36.36,8.09,22.95,92.9,6.48,54.84,36.36,8.09,ZWF,ZWF,ZWF,,,0.34,16.72
20211111NMB01,NMB01,11/11/2021,2021,11,1/0/1900,24.99999,-80.97939,2,110,8.85,3.95,5.31,23.95,23.85,,23.14,101.2,7.15,50.65,33.26,8.1,23.13,101,7.13,50.65,33.25,8.1,ZWF,ZWF,ZWF,,,4.63,23.9
20211111NMB02,NMB02,11/11/2021,2021,11,1/0/1900,24.94663,-80.92897,3.6,360,1.06,2.92,3.29,17.09,17.1,,23.06,100.9,7.09,52.36,34.52,8.18,23,100.7,7.08,52.42,34.56,8.18,ZWF,ZWF,ZWF,,,3.105,17.095
20211111NMB03,NMB03,11/11/2021,2021,11,1/0/1900,24.90625,-80.88147,2.8,280,0.87,1.11,1.11,16.28,15.83,,23.38,100.9,7,53.74,35.54,8.15,23.37,101.1,7.03,53.74,35.54,8.16,ZWF,ZWF,ZWF,,,1.11,16.055
20211111PORP01,PORP01,11/11/2021,2021,11,1/0/1900,25.01058,-80.68908,2.7,270,1.22,1.04,0.95,25.66,25.39,,23.38,107.2,7.39,55.47,36.83,8.153,23.37,111.9,7.72,55.52,36.86,8.16,ZWF,ZWF,ZWF,,,0.995,25.525
20211112BBK01,BBK01,11/12/2021,2021,11,1/0/1900,25.15934,-80.62494,2.2,220,2.7,0.35,0.35,20.96,21.17,,23.67,101.4,7.39,41.09,26.33,8.19,23.92,101,7.26,43.1,27.75,8.19,ZWF,ZWF,ZWF,,,0.35,21.065
20211112BBK02,BBK02,11/12/2021,2021,11,1/0/1900,25.12321,-80.58982,2.1,210,3.72,0.43,0.4,17.95,17.74,,23.69,101.6,7.37,42.2,27.12,8.18,23.82,102.6,7.26,47.39,30.86,8.14,ZWF,ZWF,ZWF,,,0.415,17.845
20211112BLAS01,BLAS01,11/12/2021,2021,11,1/0/1900,25.17072,-80.41662,3.2,320,1.31,0.71,0.68,30.75,30.85,,23.77,93.7,6.63,47.6,31.02,7.99,23.85,91.4,6.44,47.92,31.24,7.98,ZWF,ZWF,ZWF,,,0.695,30.8
20211112BNUT01,BNUT01,11/12/2021,2021,11,1/0/1900,25.0743,-80.52973,2.9,290,3.09,0.3,0.32,13.6,13.77,,23.96,101.7,7.17,47.73,31.1,8.13,23.7,95.4,6.71,49.12,32.12,8.11,ZWF,ZWF,ZWF,,,0.31,13.685
20211112BUTT01,BUTT01,11/12/2021,2021,11,1/0/1900,25.11056,-80.45608,2.8,280,0.75,0.48,0.63,26.36,26.06,,23.88,98.5,6.9,49.38,32.3,8.07,24,80.4,5.61,50.24,32.93,7.99,ZWF,ZWF,ZWF,,,0.555,26.21
20211112COTT01,COTT01,11/12/2021,2021,11,1/0/1900,24.99621,-80.57859,2.7,270,1.15,0.46,0.44,11.37,11.31,,23.91,98.8,6.81,53.33,35.23,8.04,23.86,99.1,6.82,53.71,35.51,8.04,ZWF,ZWF,ZWF,,,0.45,11.34
20211112COTT02,COTT02,11/12/2021,2021,11,1/0/1900,24.98074,-80.6245,2.5,250,1.55,0.54,0.43,14.53,14.31,,23.78,94.5,6.52,53.62,35.44,8.11,23.78,95.5,6.57,54.18,35.86,8.07,ZWF,ZWF,ZWF,,,0.485,14.42
20211112DEER01,DEER01,11/12/2021,2021,11,1/0/1900,25.18521,-80.515,1.9,190,1.78,0.36,0.36,22.61,22.88,,23.76,102.9,7.51,40.34,25.79,8.2,24.07,109.4,7.81,44.44,28.71,8.18,ZWF,ZWF,ZWF,,,0.36,22.745
20211112DUCK01,DUCK01,11/12/2021,2021,11,1/0/1900,25.1899,-80.47392,2,200,1.83,0.44,0.36,27.86,27.83,,23.8,99,7.07,45.86,29.74,8.07,23.83,96.2,6.8,47.85,31.19,8.09,ZWF,ZWF,ZWF,,,0.4,27.845
20211112DUCK02,DUCK02,11/12/2021,2021,11,1/0/1900,25.1553,-80.48377,1.8,180,1.74,0.46,0.46,17.64,17.82,,23.63,103.4,7.37,46.56,30.26,8.15,23.93,94.6,6.63,48.49,31.66,8.11,ZWF,ZWF,ZWF,,,0.46,17.73
20211112EAGLE01,EAGLE01,11/12/2021,2021,11,1/0/1900,25.1783,-80.57339,2.1,210,2.05,0.38,0.41,25.06,24.82,,23.72,104.6,7.73,37.27,23.62,8.22,23.87,93,6.81,37.98,24.12,8.17,ZWF,ZWF,ZWF,,,0.395,24.94
20211112JIM01,JIM01,11/12/2021,2021,11,1/0/1900,25.0399,-80.61582,3,300,2.05,0.71,0.7,17.14,16.86,,23.59,102.5,7.16,51.54,33.9,8.15,23.68,94.4,6.53,53.25,35.17,8.11,ZWF,ZWF,ZWF,,,0.705,17
20211112LBS01,LBS01,11/12/2021,2021,11,1/0/1900,25.21301,-80.4434,2.1,210,1.8,0.38,0.44,40.03,40.09,,23.81,97.5,7.24,36.1,22.8,8.11,24.31,77.3,5.45,45.32,29.35,8,ZWF,ZWF,ZWF,,,0.41,40.06
20211112LBUT01,LBUT01,11/12/2021,2021,11,1/0/1900,25.13747,-80.44781,2.6,260,0.92,0.53,0.63,29.26,29.18,,23.9,89.2,6.3,47.59,31,7.89,23.9,86.6,6.06,48.76,31.85,7.93,ZWF,ZWF,ZWF,,,0.58,29.22
20211112LONS01,LONS01,11/12/2021,2021,11,1/0/1900,25.23055,-80.45695,2,200,2,0.55,0.69,43.74,42.93,,24.11,96.9,7.21,33.89,21.26,8.09,24.51,71.4,5.05,44.15,28.5,7.89,ZWF,ZWF,ZWF,,,0.62,43.335
20211112MANK01,MANK01,11/12/2021,2021,11,1/0/1900,25.08397,-80.60397,2.7,270,2.28,0.45,0.43,19.38,19.81,,23.53,100.1,7.22,44.13,28.5,8.17,23.8,90.1,6.3,50.26,32.95,8.08,ZWF,ZWF,ZWF,,,0.44,19.595
20211112NEST01,NEST01,11/12/2021,2021,11,1/0/1900,25.1623,-80.53282,1.9,190,2.19,0.48,0.47,23.9,23.52,,23.63,102.6,7.56,38.45,24.45,8.2,23.9,104.5,7.52,42.91,27.62,8.19,ZWF,ZWF,ZWF,,,0.475,23.71
20211112NEST02,NEST02,11/12/2021,2021,11,1/0/1900,25.1272,-80.54191,2.3,230,2.37,0.27,0.31,20.19,19.9,,24.29,107.9,7.76,41.64,26.7,8.21,23.93,100.1,7.09,46.53,30.23,8.13,ZWF,ZWF,ZWF,,,0.29,20.045
20211112SWA01,SWA01,11/12/2021,2021,11,1/0/1900,25.1093,-80.49565,2.5,250,2.81,0.37,0.39,15.3,15.08,,24.19,101.2,7.15,46.22,30,8.15,24,103.3,7.26,48.39,31.58,8.13,ZWF,ZWF,ZWF,,,0.38,15.19
20211112TAV01,TAV01,11/12/2021,2021,11,1/0/1900,25.01961,-80.56681,2.8,280,1.94,0.4,0.46,13.35,13.15,,23.91,100.4,6.96,51.92,34.18,8.22,24.05,100.1,6.89,53.35,35.24,8.19,ZWF,ZWF,ZWF,,,0.43,13.25
20211112UCB01,UCB01,11/12/2021,2021,11,1/0/1900,25.04359,-80.55229,2.6,260,2.49,0.24,0.32,12.87,13.06,,23.97,103.2,7.22,49.81,32.62,8.2,23.94,102.6,7.12,51.8,34.09,8.2,ZWF,ZWF,ZWF,,,0.28,12.965
20211113CAT01,CAT01,11/13/2021,2021,11,1/0/1900,25.08779,-80.91257,1.8,78,13.3,3.79,4.11,35.71,31.06,,24.5,85.8,5.95,49.51,32.39,8,24.49,85.4,5.93,49.51,32.39,8,ZWF,ZWF,ZWF,,,3.95,33.385
20211113END01,END01,11/13/2021,2021,11,1/0/1900,25.10175,-80.71963,2,200,2.52,1.83,2.17,38.29,38.16,,23.94,82.3,5.64,54.15,35.83,7.94,23.98,76.7,5.27,53.91,35.66,7.93,ZWF,ZWF,ZWF,,,2,38.225
20211113MAD01,MAD01,11/13/2021,2021,11,1/0/1900,25.15091,-80.682,1.6,137,3.21,3.2,3.54,41.26,42.78,,24.78,99.8,6.97,47.06,30.6,8.14,24.93,91.5,6.28,50.37,32.77,8.1,ZWF,ZWF,ZWF,,,3.37,42.02
20211113NWHIP01,NWHIP01,11/13/2021,2021,11,1/0/1900,25.12449,-80.74075,1.9,168,4.55,4.07,4.23,44.69,45.48,,23.89,94.2,6.51,52.95,34.94,7.98,24.22,62.3,4.22,54.63,36.18,7.91,ZWF,ZWF,ZWF,,,4.15,45.085
20211113RAB03,RAB03,11/13/2021,2021,11,1/0/1900,25.00122,-80.85696,2.6,260,0.36,0.55,0.45,25.64,26,,24.2,82.4,5.68,51.77,34.06,8.18,24.19,82.4,5.69,51.77,34.06,8.18,ZWF,ZWF,ZWF,,,0.5,25.82
20211113RAB04,RAB04,11/13/2021,2021,11,1/0/1900,24.96766,-80.84014,2.6,260,0.29,0.83,0.73,21.94,21.98,,24.3,86.7,5.98,51.57,33.92,8.12,24.31,87.3,6.02,51.62,33.94,8.13,ZWF,ZWF,ZWF,,,0.78,21.96
20211113RANKB01,RANKB01,11/13/2021,2021,11,1/0/1900,25.1497,-80.77907,0.9,64,12.5,6.26,5.75,47.76,47.29,,24.34,77.9,5.34,52.84,34.85,7.96,,,,,,,ZWF,ZWF,ZWF,,,6.005,47.525
20211113RANKL02,RANKL02,11/13/2021,2021,11,1/0/1900,25.14225,-80.81811,1.3,130,3.66,1.25,1.19,42.1,41.95,,24.83,67.7,4.64,51.01,33.49,7.96,24.81,68.1,4.68,51.08,33.54,7.97,ZWF,ZWF,ZWF,,,1.22,42.025
20211113RUS01,RUS01,11/13/2021,2021,11,1/0/1900,25.04865,-80.66573,2.6,215,2.74,1.68,1.78,24.45,24.22,,23.68,102.1,7.14,50.98,33.49,8.13,24.17,82.7,5.63,55.26,36.66,8.07,ZWF,ZWF,ZWF,,,1.73,24.335
20211113RUS02,RUS02,11/13/2021,2021,11,1/0/1900,25.08343,-80.68208,2.3,223,2.86,2.93,2.34,29.63,29.67,,24.08,97.8,6.74,52.53,34.62,8.09,24.2,75.5,5.1,54.97,36.45,8.02,ZWF,ZWF,ZWF,,,2.635,29.65
20211113SID01,SID01,11/13/2021,2021,11,1/0/1900,25.01872,-80.78658,1.5,150,1.51,0.47,0.57,26.48,26.92,,24.7,80.1,5.46,52.9,34.89,8.01,24.45,70.1,4.8,53.09,35.03,7.97,ZWF,ZWF,ZWF,,,0.52,26.7
20211113SNB01,SNB01,11/13/2021,2021,11,1/0/1900,25.1405,-80.89367,2.5,76,18.6,3.97,4.39,45.63,45.09,,24.57,81.9,5.67,49.49,32.37,7.94,24.56,81.3,5.63,49.48,32.37,7.94,ZWF,ZWF,ZWF,,,4.18,45.36
20211113TWIN01,TWIN01,11/13/2021,2021,11,1/0/1900,24.95853,-80.78088,3,300,0.7,0.27,0.35,22.25,21.93,,24.15,92.6,6.34,53.95,35.68,8.03,24.51,88.6,6,54.94,36.41,8.09,ZWF,ZWF,ZWF,,,0.31,22.09
20211113WHIP01,WHIP01,11/13/2021,2021,11,1/0/1900,25.09405,-80.76215,1.9,190,2.15,0.98,0.85,32.8,32.64,,24.09,87.2,5.96,54.7,36.24,7.95,24.16,69.9,4.68,55.3,36.69,7.9,ZWF,ZWF,ZWF,,,0.915,32.72
20211113WHIP03,WHIP03,11/13/2021,2021,11,1/0/1900,25.04961,-80.76863,2.3,230,1.49,0.39,0.37,29.32,29.8,,23.98,80.4,5.56,52.48,34.59,7.92,24.35,85.4,5.8,55.23,36.63,8.05,ZWF,ZWF,ZWF,,,0.38,29.56
20211114CAT02,CAT02,11/14/2021,2021,11,1/0/1900,25.09866,-80.8721,1.4,78,16,2.06,2.77,34.54,34.89,,24.71,97,6.7,49.48,32.36,8,24.71,97.3,6.73,49.48,32.36,8,ZWF,ZWF,ZWF,,,2.415,34.715
20211114COR01,COR01,11/14/2021,2021,11,1/0/1900,25.02728,-80.76878,2,200,1.71,0.78,0.85,30.05,29.42,,24.45,80.9,5.52,53.04,34.99,7.92,24.43,80.8,5.52,52.99,34.96,7.91,ZWF,ZWF,ZWF,,,0.815,29.735
20211114END02,END02,11/14/2021,2021,11,1/0/1900,25.12657,-80.71879,1.9,146,4.01,3.13,3.08,46.71,46.37,,24.5,83.1,5.67,53.23,35.14,7.94,24.74,82,5.59,53.28,35.17,7.95,ZWF,ZWF,ZWF,,,3.105,46.54
20211114NWHIP02,NWHIP02,11/14/2021,2021,11,1/0/1900,25.1243,-80.7655,1.4,140,4.06,1.06,0.87,44.35,45.44,,24.95,72.8,4.94,52.73,34.76,7.84,24.96,72.5,4.92,52.74,34.76,7.85,ZWF,ZWF,ZWF,,,0.965,44.895
20211114PEL01,PEL01,11/14/2021,2021,11,1/0/1900,25.06974,-80.8237,1.4,140,3.12,0.69,0.96,27.88,28.53,,24.99,77.4,5.28,51.29,33.69,7.91,24.99,77.2,5.27,51.29,33.69,7.91,ZWF,ZWF,ZWF,,,0.825,28.205
20211114PEL02,PEL02,11/14/2021,2021,11,1/0/1900,25.092,-80.82177,1.2,120,4.62,0.59,0.68,34.96,34.64,,25.06,83.6,5.72,50.55,33.15,7.88,25.07,83.1,5.68,50.52,33.12,7.87,ZWF,ZWF,ZWF,,,0.635,34.8
20211114PEL03,PEL03,11/14/2021,2021,11,1/0/1900,25.0611,-80.85208,1.1,110,2.67,0.91,0.72,29.12,29.46,,24.93,73.6,5.02,51.87,34.12,7.99,24.94,73.9,5.04,51.87,34.12,7.99,ZWF,ZWF,ZWF,,,0.815,29.29
20211114RANKL01,RANKL01,11/14/2021,2021,11,1/0/1900,25.12246,-80.81387,1.5,120,7.51,0.92,0.81,37.43,36.75,,25.45,84.8,5.75,51.27,33.67,7.98,25.45,85.6,5.79,51.27,33.67,7.98,ZWF,ZWF,ZWF,,,0.865,37.09
20211114RANKL03,RANKL03,11/14/2021,2021,11,1/0/1900,25.16735,-80.80135,0.6,55,11,16.58,15.27,103.43,104.54,,25.81,117.8,8.14,45.01,29.09,8.11,,,,,,,ZWF,ZWF,ZWF,,,15.925,103.985
20211114SANT01,SANT01,11/14/2021,2021,11,1/0/1900,25.15354,-80.76074,0.8,80,8.51,3.49,3.78,42.36,43.01,,24.53,63,4.29,53.68,35.47,7.77,,,,,,,ZWF,ZWF,ZWF,,,3.635,42.685
20211114SID02,SID02,11/14/2021,2021,11,1/0/1900,25.03241,-80.80591,1.3,130,0.92,0.62,0.66,27.54,27.89,,24.27,73.3,5.06,51.69,34,7.85,24.24,73.2,5.06,51.69,34,7.85,ZWF,ZWF,ZWF,,,0.64,27.715
20211114SNB02,SNB02,11/14/2021,2021,11,1/0/1900,25.13529,-80.85397,0.9,80,14,2.09,2.75,43.35,43.37,,25.08,87.8,6.02,49.78,32.58,7.91,,,,,,,ZWF,ZWF,ZWF,,,2.42,43.36
20211114TB01,TB01,11/14/2021,2021,11,1/0/1900,25.15724,-80.72471,0.9,50,8.56,16,15.43,119.29,115.6,,24.13,64.8,4.7,40.05,25.58,7.7,,,,,,,ZWF,ZWF,ZWF,,,15.715,117.445
20211114WHIP02,WHIP02,11/14/2021,2021,11,1/0/1900,25.07138,-80.76457,2.1,210,3.87,0.4,0.52,31.45,31.31,,24.32,86.9,5.94,53.35,35.23,7.95,24.33,86.7,5.93,53.34,35.22,7.95,ZWF,ZWF,ZWF,,,0.46,31.38
20211119CON01,CON01,11/19/2024,2024,11,1/0/1900,25.11839,80.93968,2.8,40,28.1,10.18,10.07,33.43,33.87,,24.1,83.1,5.83,48.42,31.6,7.98,24.1,83.4,5.85,48.43,31.61,7.98,ZWF,ZWF,ZWF,,,10.125,33.65
20211120SANT01,SANT01,11/20/2024,2024,11,1/0/1900,25.15374,-80.76095,1,55,9.41,11.62,11.44,36.13,35.89,,24.14,91,6.73,35.05,22.07,8.27,,,,,,,ZWF,ZWF,ZWF,,,11.53,36.01
20220118BBK01,BBK01,1/18/2022,2022,1,1/0/1900,25.15873,-80.62444,2,,4.74,0.26,0.23,20.11,20.6,,19.43,93.3,7.51,25.54,22.46,8.19,19.44,93.3,7.51,35.57,22.49,8.2,ZWF,ZWF,ZWF,,,0.245,20.355
20220118BBK02,BBK02,1/18/2022,2022,1,1/0/1900,25.12331,-80.5897,1.8,,11,0.26,0.27,16.02,15.64,,19.42,96,7.61,39.24,25.06,8.15,19.42,96.2,7.63,39.25,25.07,8.15,ZWF,ZWF,ZWF,,,0.265,15.83
20220118BLAS01,BLAS01,1/18/2022,2022,1,1/0/1900,25.17121,-80.41749,2.8,280,1.41,0.55,0.39,25.85,25.24,,20.04,91.6,6.99,46.35,30.15,8.05,20.05,92.9,7.07,46.36,30.15,8.06,ZWF,ZWF,ZWF,,,0.47,25.545
20220118BNUT01,BNUT01,1/18/2022,2022,1,1/0/1900,25.07404,-80.52953,2.7,,21.1,0.53,0.52,14.73,14.78,,20.11,95.6,7.3,45.17,29.29,8.12,20.01,95.4,7.3,45.21,29.33,8.13,ZWF,ZWF,ZWF,,,0.525,14.755
20220118BUTT01,BUTT01,1/18/2022,2022,1,1/0/1900,25.11082,-80.45603,2.6,260,1.85,0.52,0.41,22.07,21.19,,19.97,91.7,6.99,46.28,30.1,8.17,19.98,92.4,7.04,46.3,30.11,8.17,ZWF,ZWF,ZWF,,,0.465,21.63
20220118COTT01,COTT01,1/18/2022,2022,1,1/0/1900,24.99631,-80.57851,2.5,250,2.21,0.43,0.31,10.72,10.9,,19.83,100.5,7.48,52.15,34.4,8.14,19.83,100.5,7.49,52.17,34.41,8.15,ZWF,ZWF,ZWF,,,0.37,10.81
20220118COTT02,COTT02,1/18/2022,2022,1,1/0/1900,24.9808,-80.62454,2.3,,4.2,0.38,0.31,11.3,11.32,,19.77,97.5,7.28,51.87,34.19,8.11,19.77,97.5,7.27,51.92,34.23,7.28,ZWF,ZWF,ZWF,,,0.345,11.31
20220118DEER01,DEER01,1/18/2022,2022,1,1/0/1900,25.18529,-80.5145,1.7,,4.85,0.35,0.3,21.2,21.09,,18.92,91.9,7.38,38.79,24.74,8.11,20.07,103.1,8.03,40.92,26.24,8.15,ZWF,ZWF,ZWF,,,0.325,21.145
20220118DUCK01,DUCK01,1/18/2022,2022,1,1/0/1900,25.19016,-80.47435,1.7,155,4.65,0.36,0.31,19.22,19.8,,19.3,90.3,7.04,43.72,28.25,8.08,19.28,91.5,7.14,43.66,28.2,8.09,ZWF,ZWF,ZWF,,,0.335,19.51
20220118DUCK02,DUCK02,1/18/2022,2022,1,1/0/1900,25.156,-80.48355,1.6,,5.95,0.35,0.32,19.63,19.32,,19.25,91.4,7.13,43.85,28.35,8.09,19.24,91.7,7.16,43.86,28.36,8.1,ZWF,ZWF,ZWF,,,0.335,19.475
20220118EAGLE01,EAGLE01,1/18/2022,2022,1,1/0/1900,25.17811,-80.57179,1.8,180,4.69,0.26,0.28,21.27,21.02,,19.28,94.4,7.67,34.27,21.58,8.19,20.04,100.9,8.06,35.37,22.34,8.22,ZWF,ZWF,ZWF,,,0.27,21.145
20220118JIM01,JIM01,1/18/2022,2022,1,1/0/1900,25.04053,-80.61628,2.7,,7.53,0.47,0.52,15.15,15.33,,19.87,95,7.25,46.35,30.15,8.13,19.87,95,7.25,46.43,30.21,8.13,ZWF,ZWF,ZWF,,,0.495,15.24
20220118LBS01,LBS01,1/18/2022,2022,1,1/0/1900,25.21297,-80.44313,1.8,180,3.61,0.29,0.28,29.55,29.23,,19.39,90.8,7.17,40.31,25.82,8.09,19.39,91.2,7.2,40.3,25.81,8.1,ZWF,ZWF,ZWF,,,0.285,29.39
20220118LBUT01,LBUT01,1/18/2022,2022,1,1/0/1900,25.13758,-80.44796,2.3,230,1.42,0.51,0.46,25.82,25.35,,19.74,89.8,6.87,46.7,30.4,8.13,19.76,90.6,6.92,46.7,30.4,8.14,ZWF,ZWF,ZWF,,,0.485,25.585
20220118LONS01,LONS01,1/18/2022,2022,1,1/0/1900,25.23004,-80.45736,1.7,170,2.6,0.43,0.34,34.42,34.26,,18.99,92.9,7.51,36.46,23.11,8.1,19.2,93,7.47,36.97,23.47,8.1,ZWF,ZWF,ZWF,,,0.385,34.34
20220118MANK01,MANK01,1/18/2022,2022,1,1/0/1900,25.08446,-80.60345,2.4,,12.4,0.44,0.39,15.43,15.73,,19.68,96,7.45,43.4,28.02,8.14,19.68,96.2,7.45,43.44,28.05,8.14,ZWF,ZWF,ZWF,,,0.415,15.58
20220118NEST01,NEST01,1/18/2022,2022,1,1/0/1900,25.16282,-80.53236,1.6,,5.27,0.27,0.24,19.5,19.92,,19.07,92.6,7.41,38.53,24.56,8.12,19.1,92.9,7.44,38.52,24.55,8.13,ZWF,ZWF,ZWF,,,0.255,19.71
20220118NEST02,NEST02,1/18/2022,2022,1,1/0/1900,25.12777,-80.54141,2,,4.67,0.2,0.21,16.75,16.19,,19.85,98.1,7.69,40.17,25.72,8.16,19.88,98.2,7.7,40.21,25.74,8.16,ZWF,ZWF,ZWF,,,0.205,16.47
20220118SWA01,SWA01,1/18/2022,2022,1,1/0/1900,25.1091,-80.49597,2.2,,10.5,0.36,0.3,14.81,14.63,,20,98.6,7.59,43.48,28.08,8.12,19.9,100.8,7.8,43.61,28.17,8.13,ZWF,ZWF,ZWF,,,0.33,14.72
20220118TAV01,TAV01,1/18/2022,2022,1,1/0/1900,25.01941,-80.56683,2.5,,3.85,0.37,0.3,13.29,13.1,,19.8,99.5,7.49,49.73,32.61,8.17,19.81,99.7,7.5,49.8,32.67,8.17,ZWF,ZWF,ZWF,,,0.335,13.195
20220118UCB01,UCB01,1/18/2022,2022,1,1/0/1900,25.0437,-80.55248,2.3,,8.08,0.35,0.33,14.06,13.64,,19.86,99,7.49,48.22,31.5,8.16,19.88,104,7.87,48.41,31.65,8.19,ZWF,ZWF,ZWF,,,0.34,13.85
20220119BLUE01,BLUE01,1/19/2022,2022,1,1/0/1900,25.0229,-80.92727,0.8,80,8.19,1.77,1.7,18.26,18.19,,18.61,98.1,7.5,51.32,33.78,8.06,,,,,,,ZWF,ZWF,ZWF,,,1.735,18.225
20220119CAP01,CAP01,1/19/2022,2022,1,1/0/1900,25.00726,-80.64651,2.4,240,2.91,0.38,0.33,16.42,15.95,,19.87,99.3,7.5,48.7,31.86,8.23,19.54,103.1,7.79,49.62,32.53,8.22,ZWF,ZWF,ZWF,,,0.355,16.185
20220119CON02,CON02,1/19/2022,2022,1,1/0/1900,25.10216,-81.02377,2.5,78,26.2,7.35,6.16,23.07,22.84,,19.23,93.2,7.08,50.05,32.85,7.98,19.23,93.4,7.1,50.05,32.85,7.98,ZWF,ZWF,ZWF,,,6.755,22.955
20220119FNB01,FNB01,1/19/2022,2022,1,1/0/1900,25.05761,-81.01913,2.9,27,63.5,5.02,4.57,18.51,18.73,,17.37,90.1,7.07,50.84,33.41,7.96,17.38,90.2,7.07,50.87,33.45,7.96,ZWF,ZWF,ZWF,,,4.795,18.62
20220119FNB02,FNB02,1/19/2022,2022,1,1/0/1900,25.05614,-80.98065,0.8,33,39.4,7.61,6.19,16.85,16.33,,16.92,90.6,7.16,51.41,33.83,7.94,,,,,,,ZWF,ZWF,ZWF,,,6.9,16.59
20220119JOHN02,JOHN02,1/19/2022,2022,1,1/0/1900,25.05666,-80.93053,1.1,90,10.7,1.21,1.21,18.97,18.69,,17.99,92.3,7.14,51.38,33.83,8.04,17.96,92.8,7.18,51.35,33.81,8.04,ZWF,ZWF,ZWF,,,1.21,18.83
20220119LIG01,LIG01,1/19/2022,2022,1,1/0/1900,24.93435,-80.70937,3.1,310,2.13,0.5,0.4,12.69,12.74,,19.81,97.9,7.29,52.25,34.47,8.13,19.75,98.9,7.37,52.29,34.5,8.14,ZWF,ZWF,ZWF,,,0.45,12.715
20220119LIG03,LIG03,1/19/2022,2022,1,1/0/1900,24.96659,-80.72696,2.5,60,7.63,11.02,10.22,34.83,34.73,,19.54,98.3,7.42,50.07,32.86,8.15,19.17,99.9,7.61,50.03,32.83,8.16,ZWF,ZWF,ZWF,,,10.62,34.78
20220119LONG01,LONG01,1/19/2022,2022,1,1/0/1900,24.89967,-80.76553,2.8,280,2.11,0.74,0.71,32.78,32.29,,19.87,101.4,7.63,49.73,32.61,8.17,19.78,102.2,7.73,49.75,32.62,8.19,ZWF,ZWF,ZWF,,,0.725,32.535
20220119LONG02,LONG02,1/19/2022,2022,1,1/0/1900,24.87607,-80.82954,2.9,290,1.47,0.4,0.31,29.69,30.21,,19.79,100.8,7.57,50.28,33.02,8.2,19.77,101.2,7.61,50.33,33.05,8.21,ZWF,ZWF,ZWF,,,0.355,29.95
20220119NMB01,NMB01,1/19/2022,2022,1,1/0/1900,24.99994,-80.97916,1.3,116,9.26,1.69,1.87,15.67,15.25,,18.66,97.5,7.45,51.18,33.68,7.98,18.67,98.1,7.5,51.18,33.68,7.97,ZWF,ZWF,ZWF,,,1.78,15.46
20220119NMB02,NMB02,1/19/2022,2022,1,1/0/1900,24.94742,-80.92871,3.1,310,5.7,0.43,0.4,15.43,15.92,,19.32,104.6,7.88,51.48,33.91,8.14,19.32,105.6,7.96,51.5,33.91,8.14,ZWF,ZWF,ZWF,,,0.415,15.675
20220119NMB03,NMB03,1/19/2022,2022,1,1/0/1900,24.90651,-80.88166,2.4,240,1.39,0.36,0.27,17.16,17.13,,19.55,105.7,7.93,51.5,33.91,8.25,19.55,106.2,7.97,51.51,33.92,8.26,ZWF,ZWF,ZWF,,,0.315,17.145
20220119PORP,PORP01,1/19/2022,2022,1,1/0/1900,25.01024,-80.68921,2.6,150,5.31,1.49,1.49,21.97,22.13,,19.93,106.1,8.01,48.38,31.63,8.27,19.33,112.5,8.59,48.46,31.68,8.31,ZWF,ZWF,ZWF,,,1.49,22.05
20220120BLUE02,BLUE02,1/20/2022,2022,1,1/0/1900,24.99507,-80.92719,1.9,190,1.56,0.55,0.4,18.28,18.26,,20,110.3,8.23,51.29,33.76,8.23,19.98,112.6,8.39,51.29,33.76,8.23,ZWF,ZWF,ZWF,,,0.475,18.27
20220120CAL01,CAL01,1/20/2022,2022,1,1/0/1900,25.06004,-80.71094,2.1,78,5.7,10.57,9.2,36.99,37.13,,20.53,110,8.22,48.75,31.89,8.21,19.83,115.6,8.73,49.27,32.27,8.24,ZWF,ZWF,ZWF,,,9.885,37.06
20220120CON01,CON01,1/20/2022,2022,1,1/0/1900,25.11826,-80.94127,2.5,90,12.8,8.1,8.4,22.79,22.53,,20.03,102.1,7.64,50.2,32.96,8.04,20.01,102.4,7.67,50.21,32.97,8.04,ZWF,ZWF,ZWF,,,8.25,22.66
20220120CROC01,CROC01,1/20/2022,2022,1,1/0/1900,25.12943,-80.67605,1.4,140,2.78,0.45,0.37,26.1,26.23,,20.85,109.2,8.22,45.38,29.44,8.19,20.6,122.1,9.2,46.28,30.09,8.21,ZWF,ZWF,ZWF,,,0.41,26.165
20220120JOE01,JOE01,1/20/2022,2022,1,1/0/1900,25.21575,-80.53392,1.4,140,4.75,0.68,0.63,38.45,37.91,,21.91,104.3,8.49,21.21,12.74,8.16,21.16,98.7,8.11,22.16,13.38,8.07,ZWF,ZWF,ZWF,,,0.655,38.18
20220120JOHN01,JOHN01,1/20/2022,2022,1,1/0/1900,25.06304,-80.90635,1.3,130,3.96,1.03,0.77,19.41,19.9,,20.36,111.6,8.27,51,33.54,8.15,20.37,112.1,8.32,51,33.54,8.16,ZWF,ZWF,ZWF,,,0.9,19.655
20220120JOHN03,JOHN03,1/20/2022,2022,1,1/0/1900,25.039,-80.91544,1.6,160,4.2,0.76,0.63,18.36,18.7,,19.96,107.5,8.03,51.32,33.78,8.16,19.96,108.8,8.11,51.33,33.79,8.17,ZWF,ZWF,ZWF,,,0.695,18.53
20220120LIG02,LIG02,1/20/2022,2022,1,1/0/1900,24.96496,-80.69399,2.7,,4.14,3.05,2.84,21.8,22.09,,20.47,98.9,7.36,49.93,32.76,8.21,20.43,99.1,7.35,50.6,33.24,8.2,ZWF,ZWF,ZWF,,,2.945,21.945
20220120LMAD01,LMAD01,1/20/2022,2022,1,1/0/1900,25.18492,-80.63431,1.4,90,6.43,0.5,0.51,34.44,34.17,,21.72,99.9,8,26.26,16.09,8.21,22.13,117.2,8.98,36.89,23.38,8.31,ZWF,ZWF,ZWF,,,0.505,34.305
20220120RAB01,RAB01,1/20/2022,2022,1,1/0/1900,25.01687,-80.89426,1.7,170,1.04,0.58,0.47,20.22,20.08,,20.12,102.8,7.67,51.01,33.55,8.17,20.09,104.1,7.76,51,33.54,8.17,ZWF,ZWF,ZWF,,,0.525,20.15
20220120RAB02,RAB02,1/20/2022,2022,1,1/0/1900,24.97342,-80.87073,1.4,140,0.66,0.32,0.26,18.53,18.65,,20.88,106.1,7.81,51.51,33.92,8.35,20.82,108.7,7.97,51.53,33.93,8.35,ZWF,ZWF,ZWF,,,0.29,18.59
20220120SPY01,SPY01,1/20/2022,2022,1,1/0/1900,25.02612,-80.72117,2.4,82,4.89,9.4,9.92,35.55,35.6,,20.34,110.4,8.32,49.12,32.16,8.26,20.11,114.2,8.53,49.11,32.16,8.29,ZWF,ZWF,ZWF,,,9.66,35.575
20220120TWIN02,TWIN02,1/20/2022,2022,1,1/0/1900,24.98477,-80.80883,2.5,250,1.03,0.28,0.58,25.13,25.44,,20.12,99.7,7.46,50.99,33.54,8.26,19.95,104.7,7.82,51,33.55,8.27,ZWF,ZWF,ZWF,,,0.43,25.285
20220120TWIN03,TWIN03,1/20/2022,2022,1,1/0/1900,25.00407,-80.75421,2.3,200,3.37,2.45,2.22,34.43,34.58,,20.11,100.1,7.48,50.37,33.08,8.2,,,,,,,ZWF,ZWF,ZWF,,,2.335,34.505
20220121CAT02,CAT02,1/21/2022,2022,1,1/0/1900,25.09862,-80.87179,1.3,70,14.2,3.79,2.99,23.14,23.57,,22.66,107.7,7.67,50.61,33.23,8.2,22.7,109,7.77,50.61,33.23,8.2,ZWF,ZWF,ZWF,,,3.39,23.355
20220121COR01,COR01,1/21/2022,2022,1,1/0/1900,25.02774,-80.76801,1.8,180,1.95,0.92,0.94,30.01,31.33,,21.78,107,7.78,49.8,32.65,8.2,21.61,114.3,8.34,49.9,32.72,8.23,ZWF,ZWF,ZWF,,,0.93,30.67
20220121END02,END02,1/21/2022,2022,1,1/0/1900,25.12661,-80.71861,1.8,180,2.51,2.15,2.15,40.29,40.77,,22.99,101.7,7.27,48.52,31.69,8.05,21.87,112,8.17,48.65,31.8,8.09,ZWF,ZWF,ZWF,,,2.15,40.53
20220121NWHIP02,NWHIP02,1/21/2022,2022,1,1/0/1900,25.12435,-80.765,1.3,105,4.81,6.42,6.01,48.4,48.9,,22.18,100,7.2,50.16,32.93,8.03,21.97,100.8,7.29,50.13,32.89,8.04,ZWF,ZWF,ZWF,,,6.215,48.65
20220121PEL01,PEL01,1/21/2022,2022,1,1/0/1900,25.0692,-80.82343,1.4,140,2.69,0.4,0.39,24.22,24.2,,21.84,112,8.11,50.5,33.16,8.22,21.8,113.2,8.19,50.5,33.16,8.22,ZWF,ZWF,ZWF,,,0.395,24.21
20220121PEL02,PEL02,1/21/2022,2022,1,1/0/1900,25.09187,-80.82195,1.1,110,6.09,0.56,0.43,29.84,29.7,,22.3,96.8,6.94,50.5,33.16,8.17,22.29,104.3,7.42,50.5,33.16,8.18,ZWF,ZWF,ZWF,,,0.495,29.77
20220121PEL03,PEL03,1/21/2022,2022,1,1/0/1900,25.06133,-80.85197,1,100,3.62,0.7,0.5,23.44,23.02,,22.53,105.3,7.52,50.54,33.19,8.26,22.51,107.3,7.67,50.55,33.19,8.26,ZWF,ZWF,ZWF,,,0.6,23.23
20220121RANKL01,RANKL01,1/21/2022,2022,1,1/0/1900,25.12258,-80.81392,1.4,88,11,0.96,1.26,33.6,33.76,,22.16,95.4,6.86,50.48,33.14,8.19,22.12,95.3,6.86,50.48,33.14,8.19,ZWF,ZWF,ZWF,,,1.11,33.68
20220121RANKL03,RANKL03,1/21/2022,2022,1,1/0/1900,25.16722,-80.80135,0.6,36,18.8,32.61,33.85,82.58,81.98,,22.45,85.2,6.22,45.73,29.67,8.13,,,,,,,ZWF,ZWF,ZWF,,,33.23,82.28
20220121SID02,SID02,1/21/2022,2022,1,1/0/1900,25.03204,-80.80568,1.3,130,1.22,0.38,0.3,24.43,23.76,,22.62,105.5,7.53,50.37,33.06,8.19,22.58,106.1,7.58,50.37,33.06,8.2,ZWF,ZWF,ZWF,,,0.34,24.095
20220121SNB02,SNB02,1/21/2022,2022,1,1/0/1900,25.13497,-80.854,1,68,14.7,5.11,4.97,29.2,29.15,,22.09,84.5,6.09,50.37,33.06,8.02,22.08,85.1,6.15,50.37,33.07,8.03,ZWF,ZWF,ZWF,,,5.04,29.175
20220121TB01,TB01,1/21/2022,2022,1,1/0/1900,25.15728,-80.72473,0.8,72,11.1,6.15,6.17,69.93,69.73,,23.58,114.9,8.41,40.48,25.9,8.14,,,,,,,ZWF,ZWF,ZWF,,,6.16,69.83
20220121WHIP02,WHIP02,1/21/2022,2022,1,1/0/1900,25.07145,-80.76464,2,200,1.77,0.56,0.67,28.31,29.21,,21.59,99.4,7.24,49.89,32.71,8.08,21.42,100.6,7.35,49.88,32.71,8.08,ZWF,ZWF,ZWF,,,0.615,28.76
20220122CAT01,CAT01,1/22/2022,2022,1,1/0/1900,25.08771,-80.91342,1.3,90,11.2,2.54,2.62,20.74,21.11,,22.45,98,7.02,50.23,32.96,8.03,22.45,97.9,7.01,50.21,32.94,8.03,ZWF,ZWF,ZWF,,,2.58,20.925
20220122END01,END01,1/22/2022,2022,1,1/0/1900,25.10122,-80.71863,1.8,130,3.81,6.47,6.04,46.44,46.27,,23.21,108.8,7.74,49.13,32.14,8.1,23.15,110.1,7.83,49.18,32.17,8.1,ZWF,ZWF,ZWF,,,6.255,46.355
20220122MAD01,MAD01,1/22/2022,2022,1,1/0/1900,25.151,-80.68246,1.3,130,3.78,0.29,0.3,27.23,26.85,,23.08,105.2,7.59,45.73,29.66,8.17,23.08,105.3,7.6,45.73,29.66,8.17,ZWF,ZWF,ZWF,,,0.295,27.04
20220122NWHIP01,NWHIP01,1/22/2022,2022,1,1/0/1900,25.12445,-80.74047,1.6,132,3.81,5.15,5.02,45.63,46.24,,23.26,106.2,7.55,48.44,31.64,8.05,22.94,100.3,7.13,49.69,32.55,8.05,ZWF,ZWF,ZWF,,,5.085,45.935
20220122RAB03,RAB03,1/22/2022,2022,1,1/0/1900,25.00083,-80.85673,2.3,230,0.47,0.35,0.29,20.81,20.38,,22.5,128.4,9.16,51.1,33.59,8.31,22.49,128.9,9.2,51.09,33.59,8.31,ZWF,ZWF,ZWF,,,0.32,20.595
20220122RAB04,RAB04,1/22/2022,2022,1,1/0/1900,24.96759,-80.83971,2.1,210,0.56,0.3,0.25,19.77,19.82,,22.49,117.1,8.38,50.76,33.35,8.27,22.51,120.2,8.59,50.77,33.35,8.28,ZWF,ZWF,ZWF,,,0.275,19.795
20220122RANKB01,RANKB01,1/22/2022,2022,1,1/0/1900,25.14972,-80.7794,0.7,30,24.5,33.16,31.76,53.68,52.63,,24.09,113,7.82,51.6,33.94,8.17,,,,,,,ZWF,ZWF,ZWF,,,32.46,53.155
20220122RANKL02,RANKL02,1/22/2022,2022,1,1/0/1900,25.14202,-80.81802,0.9,90,8.87,0.87,0.82,40.61,40.29,,23.89,98.4,6.86,50.44,33.09,8.17,,,,,,,ZWF,ZWF,ZWF,,,0.845,40.45
20220122RUS01,RUS01,1/22/2022,2022,1,1/0/1900,25.04869,-80.66521,2.4,190,3.43,2.15,1.92,23.13,22.64,,22.54,109.2,7.94,46.4,30.16,8.18,22.4,124.4,9.04,47.34,30.85,8.24,ZWF,ZWF,ZWF,,,2.035,22.885
20220122RUS02,RUS02,1/22/2022,2022,1,1/0/1900,25.08361,-80.6815,2.1,205,3.42,1.19,1.25,23.37,23.44,,22.89,105.3,7.61,46.3,30.08,8.15,22.74,103.2,7.48,46.31,30.09,8.14,ZWF,ZWF,ZWF,,,1.22,23.405
20220122SID01,SID01,1/22/2022,2022,1,1/0/1900,25.01894,-80.78619,1.2,120,2.5,0.67,0.63,26.49,26.41,,23.93,96.3,6.71,50.42,33.08,8.13,23.94,96.2,6.71,50.43,33.08,8.13,ZWF,ZWF,ZWF,,,0.65,26.45
20220122SNB01,SNB01,1/22/2022,2022,1,1/0/1900,25.14104,-80.89372,1.5,36,29.4,5.51,5.05,36.99,37.01,,22.91,83.7,5.94,50.07,32.83,7.97,22.88,82.8,5.89,50.07,32.83,7.97,ZWF,ZWF,ZWF,,,5.28,37
20220122TWIN01,TWIN01,1/22/2022,2022,1,1/0/1900,24.95818,-80.78086,2.7,270,0.86,0.67,0.55,27.73,27.73,,22.05,107.3,7.74,50.68,33.3,8.26,22.05,108.4,7.81,50.69,33.3,8.26,ZWF,ZWF,ZWF,,,0.61,27.73
20220122WHIP01,WHIP01,1/22/2022,2022,1,1/0/1900,25.09496,-80.76204,1.9,190,2.21,0.88,0.67,37.82,37.32,,22.79,96.1,6.85,49.79,32.63,8.05,22.81,96.7,6.9,49.78,32.62,8.06,ZWF,ZWF,ZWF,,,0.775,37.57
20220122WHIP03,WHIP03,1/22/2022,2022,1,1/0/1900,25.04968,-80.76888,2.1,210,2.28,1.64,1.44,34.57,33.86,,23.33,99.5,7.03,50.05,32.81,8.11,23.33,99.9,7.05,50.05,32.81,8.11,ZWF,ZWF,ZWF,,,1.54,34.215
20220317CAT01,CAT01,3/17/2022,2022,3,1/0/1900,25.08795,-80.91363,1.2,56,19.9,5.17,3.72,33.04,33.3,,25.68,83.8,5.6,53.69,35.45,8.08,25.68,83.6,5.58,53.7,35.46,8.083,ZWF,ZWF,ZWF,,,4.445,33.17
20220317CAT02,CAT02,3/17/2022,2022,3,1/0/1900,25.09801,-80.87234,1.1,36,26,20.57,19.85,46.08,45.76,,27.28,92.7,5.99,55.5,36.76,8.15,27.26,92.7,5.99,55.52,36.77,8.15,ZWF,ZWF,ZWF,,,20.21,45.92
20220317NWHIP01,NWHIP01,3/17/2022,2022,3,1/0/1900,25.1245,-80.74077,1.5,150,3.1,0.7,0.48,30.92,30.86,,25.91,101.3,6.77,52.72,34.72,8.19,26.42,106.5,7.03,53.36,35.19,8.25,ZWF,ZWF,ZWF,,,0.59,30.89
20220317NWHIP02,NWHIP02,3/17/2022,2022,3,1/0/1900,25.12449,-80.76515,1.3,130,3.86,1.17,0.93,40.98,40.42,,27.25,94.4,6.11,54.68,36.15,8.22,27.25,93.5,6.06,54.7,36.16,8.22,ZWF,ZWF,ZWF,,,1.05,40.7
20220317PEL01,PEL01,3/17/2022,2022,3,1/0/1900,25.06923,-80.82315,1.3,130,3.25,0.69,0.76,36.75,36.85,,27.46,113.8,7.33,55.3,36.6,8.42,27.45,114.1,7.36,55.32,36.62,8.42,ZWF,ZWF,ZWF,,,0.725,36.8
20220317PEL02,PEL02,3/17/2022,2022,3,1/0/1900,25.09215,-80.82145,1.1,110,4.45,0.97,0.73,41.92,41.58,,26.9,90.6,5.87,56,37.14,8.26,26.9,90.9,5.9,56.03,37.16,8.26,ZWF,ZWF,ZWF,,,0.85,41.75
20220317PEL03,PEL03,3/17/2022,2022,3,1/0/1900,25.06105,-80.85183,1,100,2.81,1.31,1.27,44.27,44.04,,27.14,75.1,4.83,56.97,37.86,8.37,,,,,,,ZWF,ZWF,ZWF,,,1.29,44.155
20220317RANKB01,RANKB01,3/17/2022,2022,3,1/0/1900,25.14991,-80.77925,0.7,70,9.92,0.74,0.76,36.86,37.03,,26.51,78.1,5.13,54.01,35.67,8.16,,,,,,,ZWF,ZWF,ZWF,,,0.75,36.945
20220317RANKL02,RANKL02,3/17/2022,2022,3,1/0/1900,25.1421,-80.81867,1,33,21.4,31.26,29.01,54.03,54.19,,26.9,95,6.12,57.22,38.06,8.48,,,,,,,ZWF,ZWF,ZWF,,,30.135,54.11
20220317RANKL03,RANKL03,3/17/2022,2022,3,1/0/1900,25.16714,-80.80149,0.6,60,6.31,5.09,5.06,51.57,50.58,,26.51,67.8,4.44,54.96,36.38,8.09,,,,,,,ZWF,ZWF,ZWF,,,5.075,51.075
20220317SID01,SID01,3/17/2022,2022,3,1/0/1900,25.01901,-80.78664,1.2,120,1.92,0.67,0.54,21.19,21.12,,26.48,100,6.6,53.15,35.03,8.25,26.47,99.8,6.59,53.16,35.03,8.25,ZWF,ZWF,ZWF,,,0.605,21.155
20220317SID02,SID02,3/17/2022,2022,3,1/0/1900,25.03245,-80.80589,1.2,120,1.84,0.99,0.9,25.4,25.28,,26.35,98,6.48,53.24,35.09,8.34,26.36,98.1,6.49,53.22,35.08,8.34,ZWF,ZWF,ZWF,,,0.945,25.34
20220317SNB02,SNB02,3/17/2022,2022,3,1/0/1900,25.1356,-80.85381,0.9,35,25,10.01,9.2,44.61,44.56,,25.353,66.6,4.46,54.04,35.72,7.92,,,,,,,ZWF,ZWF,ZWF,,,9.605,44.585
20220317TB01,TB01,3/17/2022,2022,3,1/0/1900,25.15725,-80.72466,0.8,80,7.8,6.26,5.61,47.3,47.33,,26.99,89.3,6.05,44.97,29.03,8.11,,,,,,,ZWF,ZWF,ZWF,,,5.935,47.315
20220318BLUE01,BLUE01,3/18/2022,2022,3,1/0/1900,25.02361,-80.9276,0.6,60,6.22,0.77,0.68,33.28,33.22,,28.03,118.8,7.59,54.433,35.93,8.34,,,,,,,ZWF,ZWF,ZWF,,,0.725,33.25
20220318BLUE02,BLUE02,3/18/2022,2022,3,1/0/1900,24.99539,-80.92817,1.6,160,1.25,0.42,0.53,29.73,29.4,,27.116,122.9,7.99,54.55,36.05,8.51,27.15,129.6,8.42,54.55,36.05,8.52,ZWF,ZWF,ZWF,,,0.475,29.565
20220318COTT01,COTT01,3/18/2022,2022,3,1/0/1900,24.99654,-80.57973,2.4,240,1.01,0.36,0.37,10.27,10.2,,26.11,109.4,7.25,53.98,35.65,8.23,26.13,110.4,7.31,53.64,35.64,8.25,ZWF,ZWF,ZWF,,,0.365,10.235
20220318COTT02,COTT02,3/18/2022,2022,3,1/0/1900,24.98096,-80.62454,2.2,220,1.28,0.25,0.27,8.1,7.92,,26.26,102,6.72,54.53,36.06,8.23,26.27,102.2,6.73,54.53,36.06,8.23,ZWF,ZWF,ZWF,,,0.26,8.01
20220318LIG01,LIG01,3/18/2022,2022,3,1/0/1900,24.93662,-80.71037,2.8,280,1.29,0.4,0.35,6.54,6.47,,26.015,102.5,6.78,54.81,36.28,8.22,26.01,103,6.81,54.81,36.28,8.23,ZWF,ZWF,ZWF,,,0.375,6.505
20220318LIG02,LIG02,3/18/2022,2022,3,1/0/1900,24.96505,-80.69495,2.6,260,1.06,0.29,0.28,7.74,7.7,,25.87,104.5,6.92,55.03,36.45,8.25,25.87,104.8,6.94,55.01,36.43,8.25,ZWF,ZWF,ZWF,,,0.285,7.72
20220318LIG03,LIG03,3/18/2022,2022,3,1/0/1900,24.96704,-80.72794,2.5,170,3.05,0.41,0.4,10.56,10.39,,26.53,97.1,6.36,55.05,36.44,8.24,26.57,97,6.34,55.05,36.44,8.24,ZWF,ZWF,ZWF,,,0.405,10.475
20220318RAB01,RAB01,3/18/2022,2022,3,1/0/1900,25.01674,-80.8947,1.7,170,0.86,0.44,0.41,34.66,35.38,,27.46,97.7,6.3,55.4,36.67,8.51,27.49,103,6.63,55.332,36.62,8.51,ZWF,ZWF,ZWF,,,0.425,35.02
20220318RAB02,RAB02,3/18/2022,2022,3,1/0/1900,24.97346,-80.87093,1.3,130,0.73,0.44,0.46,18.12,18.21,,27.119,104.3,6.74,55.55,36.8,8.45,27.03,116.7,7.65,55.41,36.7,8.47,ZWF,ZWF,ZWF,,,0.45,18.165
20220318RAB03,RAB03,3/18/2022,2022,3,1/0/1900,25.00195,-80.85766,2.2,220,0.55,0.36,0.34,32.82,33.12,,26.65,106.1,6.94,54.72,36.19,8.49,26.67,109.1,7.23,54.77,36.23,8.5,ZWF,ZWF,ZWF,,,0.35,32.97
20220318RAB04,RAB04,3/18/2022,2022,3,1/0/1900,24.96866,-80.84076,2.2,220,0.54,0.35,0.35,24.19,24.27,,26.86,106.7,6.97,54.5,36.03,8.54,26.9,108.6,7.1,54.55,36.05,8.55,ZWF,ZWF,ZWF,,,0.35,24.23
20220318TWIN01,TWIN01,3/18/2022,2022,3,1/0/1900,24.95884,-80.78204,2.7,270,1.11,0.59,0.52,23.92,23.58,,26.132,97.4,6.45,53.98,35.66,8.35,26.13,97.9,6.48,53.99,35.66,8.35,ZWF,ZWF,ZWF,,,0.555,23.75
20220318TWIN02,TWIN02,3/18/2022,2022,3,1/0/1900,24.98335,-80.80936,2.5,250,1.05,0.52,0.53,35.18,33.93,,27.25,104.3,6.77,54.72,36.18,8.48,27.26,104.3,6.74,54.71,36.17,8.47,ZWF,ZWF,ZWF,,,0.525,34.555
20220318TWIN03,TWIN03,3/18/2022,2022,3,1/0/1900,25.00371,-80.75435,2.2,220,1.43,0.55,0.58,20.25,19.64,,26.27,101,6.75,53.5,35.29,8.27,26.311,106.1,7.05,53.44,35.26,8.27,ZWF,ZWF,ZWF,,,0.565,19.945
20220319CAL01,CAL01,3/19/2022,2022,3,1/0/1900,25.06004,-80.71084,2.1,210,1.66,0.29,0.28,19.04,18.71,,27,94.7,6.24,51.32,33.66,8.31,27.01,97.2,6.48,51.3,33.64,8.32,ZWF,ZWF,ZWF,,,0.285,18.875
20220319CAP01,CAP01,3/19/2022,2022,3,1/0/1900,25.00692,-80.64744,2.3,230,1.34,0.3,0.26,10.21,10.11,,26.8,101.1,6.62,53.94,35.6,8.28,26.81,101.8,6.69,53.92,35.59,8.28,ZWF,ZWF,ZWF,,,0.28,10.16
20220319COR01,COR01,3/19/2022,2022,3,1/0/1900,25.02761,-80.76891,1.8,180,1.85,0.35,0.33,17.15,16.67,,27.18,91.2,5.94,53.55,35.3,8.26,27.24,93.1,6.07,53.48,35.26,8.26,ZWF,ZWF,ZWF,,,0.34,16.91
20220319CROC01,CROC01,3/19/2022,2022,3,1/0/1900,25.12884,-80.67563,1.3,130,1.93,0.35,0.3,20.21,20.68,,27,92.8,6.2,48.36,31.49,8.26,27.03,91.8,6.11,48.24,31.23,8.25,ZWF,ZWF,ZWF,,,0.325,20.445
20220319END01,END01,3/19/2022,2022,3,1/0/1900,25.10237,-80.71992,1.8,180,1.67,0.35,0.26,30.1,30.46,,27.52,91,5.9,53.59,35.33,8.24,27.55,94.2,6.12,53.59,35.32,8.25,ZWF,ZWF,ZWF,,,0.305,30.28
20220319END02,END02,3/19/2022,2022,3,1/0/1900,25.1278,-80.7183,1.8,180,1.85,0.37,0.32,27.36,27.96,,27.3,94,6.16,51.8,34,8.2,27.33,97.4,6.39,51.72,33.94,8.21,ZWF,ZWF,ZWF,,,0.345,27.66
20220319MAD01,MAD01,3/19/2022,2022,3,1/0/1900,25.15206,-80.68237,1.3,130,2.79,0.17,0.23,22.86,22.39,,27.05,89.7,5.94,50.16,32.81,8.21,27.15,89.7,6.09,45.14,28.69,8.21,ZWF,ZWF,ZWF,,,0.2,22.625
20220319PORP01,PORP01,3/19/2022,2022,3,1/0/1900,25.0104,-80.69044,2.5,250,2.02,0.49,0.42,10.95,10.81,,27.08,104.4,6.8,53.95,35.61,8.33,27.1,106.9,6.97,53.94,35.6,8.33,ZWF,ZWF,ZWF,,,0.455,10.88
20220319RUS01,RUS01,3/19/2022,2022,3,1/0/1900,25.04886,-80.66555,2.3,230,2.09,0.31,0.25,14.16,14.18,,26.66,100.9,6.74,49.66,32.46,8.29,27.02,88.7,5.88,50.39,32.92,8.26,ZWF,ZWF,ZWF,,,0.28,14.17
20220319RUS02,RUS02,3/19/2022,2022,3,1/0/1900,25.08402,-80.68226,2.1,210,1.68,0.35,0.29,19.02,19.07,,26.81,92.2,6.14,49.72,32.49,8.23,26.82,92.3,6.15,49.72,32.49,8.23,ZWF,ZWF,ZWF,,,0.32,19.045
20220319SPY01,SPY01,3/19/2022,2022,3,1/0/1900,25.02654,-80.72122,2.3,230,1.27,0.33,0.3,17,16.96,,27.34,101.6,6.63,52.79,34.74,8.36,27.35,102.6,6.7,52.82,34.76,8.36,ZWF,ZWF,ZWF,,,0.315,16.98
20220319WHIP01,WHIP01,3/19/2022,2022,3,1/0/1900,25.0936,-80.76503,1.9,190,2.59,0.72,0.65,38.19,38.02,,27.75,99.5,6.41,54.41,35.93,8.18,27.79,104.9,6.76,54.4,35.91,8.19,ZWF,ZWF,ZWF,,,0.685,38.105
20220319WHIP02,WHIP02,3/19/2022,2022,3,1/0/1900,25.07429,-80.76362,1.9,190,1.93,0.53,0.45,29.99,29.88,,27.76,93.8,6.06,53.46,35.22,8.34,27.77,94.7,6.12,53.46,35.22,8.35,ZWF,ZWF,ZWF,,,0.49,29.935
20220319WHIP03,WHIP03,3/19/2022,2022,3,1/0/1900,25.049,-80.76661,2,200,1.99,0.38,0.33,21.5,21.35,,27.63,100.7,6.52,53.55,35.3,8.35,27.68,103.5,6.7,53.54,35.29,8.36,ZWF,ZWF,ZWF,,,0.355,21.425
20220324BBK01,BBK01,3/24/2022,2022,3,1/0/1900,25.15919,-80.62514,1.9,,16.5,0.61,0.51,17.63,17.41,,26.35,96.3,6.76,38.93,24.74,8.28,26.35,96.3,6.75,38.92,24.73,8.29,ZWF,ZWF,ZWF,,,0.56,17.52
20220324BBK02,BBK02,3/24/2022,2022,3,1/0/1900,25.12304,-80.58987,1.9,,5.32,0.26,0.23,13.45,13.24,,26.24,98.7,6.76,45.45,29.4,8.18,26.24,98.5,6.74,45.45,29.4,8.18,ZWF,ZWF,ZWF,,,0.245,13.345
20220324BLAS01,BLAS01,3/24/2022,2022,3,1/0/1900,25.17019,-80.41655,2.7,270,1.42,0.32,0.22,22.78,22.78,,25.97,94.5,6.43,47.91,31.19,8.24,25.96,94.4,6.42,47.9,31.18,8.25,ZWF,ZWF,ZWF,,,0.27,22.78
20220324BNUT01,BNUT01,3/24/2022,2022,3,1/0/1900,25.07431,-80.52957,2.6,,11.5,0.57,0.54,12.39,12.87,,25.81,97.7,6.71,46.41,30.1,8.2,25.81,97.7,6.71,46.41,30.1,8.2,ZWF,ZWF,ZWF,,,0.555,12.63
20220324BUTT01,BUTT01,3/24/2022,2022,3,1/0/1900,25.11128,-80.45597,2.6,260,0.84,0.29,0.25,23.84,24.33,,26.34,95.7,6.45,48.73,31.82,8.28,26.34,95.6,6.44,48.81,31.84,8.28,ZWF,ZWF,ZWF,,,0.27,24.085
20220324DEER01,DEER01,3/24/2022,2022,3,1/0/1900,25.1859,-80.51556,1.7,,22.6,0.66,0.55,14.54,14.38,,26.67,99.3,6.67,48.35,31.5,8.17,26.66,99.4,6.67,48.37,31.51,8.17,ZWF,ZWF,ZWF,,,0.605,14.46
20220324DUCK01,DUCK01,3/24/2022,2022,3,1/0/1900,25.1904,-80.47398,1.7,,6.35,0.43,0.45,15.27,15.24,,25.82,94.2,6.42,48.2,31.4,8.19,25.83,94,6.4,48.2,31.4,8.19,ZWF,ZWF,ZWF,,,0.44,15.255
20220324DUCK02,DUCK02,3/24/2022,2022,3,1/0/1900,25.15515,-80.48402,1.6,,5.58,0.4,0.7,15.45,15.38,,25.83,92.9,6.34,47.72,31.05,8.16,25.84,92.8,6.33,47.69,31.03,8.16,ZWF,ZWF,ZWF,,,0.55,15.415
20220324EAGLE01,EAGLE01,3/24/2022,2022,3,1/0/1900,25.17835,-80.57262,1.8,,11.4,0.3,0.28,17.36,18.35,,26.32,97.9,6.77,42.52,27.29,8.21,26.31,98,6.78,42.45,27.24,8.21,ZWF,ZWF,ZWF,,,0.29,17.855
20220324JIM01,JIM01,3/24/2022,2022,3,1/0/1900,25.04011,-80.6159,2.6,,4.09,0.4,0.36,11.93,11.87,,26.25,99.1,6.63,50.54,33.1,8.29,26.27,98.5,6.61,50.43,33.02,8.28,ZWF,ZWF,ZWF,,,0.38,11.9
20220324JOE01,JOE01,3/24/2022,2022,3,1/0/1900,25.21575,-80.53389,1.4,,15.2,0.45,0.56,22.12,22.02,,27.11,102,6.89,45.27,29.24,8.19,27.08,101.1,6.82,45.6,29.52,8.19,ZWF,ZWF,ZWF,,,0.505,22.07
20220324LBS01,LBS01,3/24/2022,2022,3,1/0/1900,25.21289,-80.44384,1.8,180,5.14,0.25,0.2,21.38,21.63,,25.79,93.8,6.49,44.51,28.73,8.19,25.79,93.7,6.49,44.51,28.73,8.19,ZWF,ZWF,ZWF,,,0.225,21.505
20220324LBUT01,LBUT01,3/24/2022,2022,3,1/0/1900,25.13883,-80.4485,2.3,230,1.49,0.37,0.33,24.92,24.44,,26.08,94.3,6.38,48.72,31.78,8.31,26.09,93.9,6.36,48.76,31.8,8.31,ZWF,ZWF,ZWF,,,0.35,24.68
20220324LMAD01,LMAD01,3/24/2022,2022,3,1/0/1900,25.18495,-80.63465,1.4,,14.3,0.64,0.58,26.1,26.21,,26.41,95.7,6.85,33.66,21.063,8.17,26.4,95.5,6.83,33.73,21.11,8.17,ZWF,ZWF,ZWF,,,0.61,26.155
20220324LONS01,LONS01,3/24/2022,2022,3,1/0/1900,25.23061,-80.45712,1.7,170,2.9,0.35,0.28,26.3,25.94,,25.93,88.4,6.06,46.5,30.16,8.13,25.93,88.4,6.05,46.51,30.17,8.13,ZWF,ZWF,ZWF,,,0.315,26.12
20220324MANK01,MANK01,3/24/2022,2022,3,1/0/1900,25.08418,-80.60414,2.3,,7.77,0.34,0.35,12.89,12.96,,26.19,99.3,6.86,43.31,27.86,8.25,26.18,99.3,6.86,43.33,27.9,8.25,ZWF,ZWF,ZWF,,,0.345,12.925
20220324NEST01,NEST01,3/24/2022,2022,3,1/0/1900,25.16218,-80.53301,1.7,,7.79,0.32,0.29,13.98,13.49,,26.72,99.9,6.72,47.74,31.04,8.14,26.72,99.9,6.72,47.73,31.04,8.14,ZWF,ZWF,ZWF,,,0.305,13.735
20220324NEST02,NEST02,3/24/2022,2022,3,1/0/1900,25.12691,-80.54202,1.9,,11.6,0.31,0.3,12.65,12.74,,26.65,99.4,6.73,46.63,30.24,8.16,26.62,99.4,6.73,46.68,30.28,8.16,ZWF,ZWF,ZWF,,,0.305,12.695
20220324SWA01,SWA01,3/24/2022,2022,3,1/0/1900,25.10978,-80.49557,2.1,210,3.5,0.3,0.29,14.57,15.75,,26.16,100,6.84,46.02,29.81,8.31,26.16,100.2,6.85,46.05,29.83,8.32,ZWF,ZWF,ZWF,,,0.295,15.16
20220324TAV01,TAV01,3/24/2022,2022,3,1/0/1900,25.0191,-80.56694,2.5,250,2.09,0.47,0.44,11.45,11.28,,26.39,101,6.68,53.14,35,8.33,26.39,101,6.68,53.11,35,8.34,ZWF,ZWF,ZWF,,,0.455,11.365
20220324UCB01,UCB01,3/24/2022,2022,3,1/0/1900,25.04398,-80.55223,2.2,,4.43,0.51,0.45,12.35,12.4,,26.12,100,6.76,48.98,31.97,8.33,26.12,99.9,6.75,49,31.98,8.34,ZWF,ZWF,ZWF,,,0.48,12.375
20220328CON01,CON01,3/28/2022,2022,3,1/0/1900,25.11833,-80.93903,2.9,38,41.2,9.35,7.39,21.72,21.81,,23.24,91.2,6.36,53.27,35.19,8.13,23.2,90.4,6.31,53.28,35.19,8.13,ZWF,ZWF,ZWF,,,8.37,21.765
20220328CON02,CON02,3/28/2022,2022,3,1/0/1900,25.10214,-81.02037,3.1,70,23,2.08,1.91,18.11,18.3,,23.69,92.2,6.38,53.05,35.02,8.14,23.68,92.1,6.38,53.05,35.02,8.15,ZWF,ZWF,ZWF,,,1.995,18.205
20220328FNB01,FNB01,3/28/2022,2022,3,1/0/1900,25.05804,-81.01905,3.7,90,14.9,1.23,1.08,17.89,16.31,,22.37,100.3,7.09,53.58,35.43,8.26,22.3,94.2,6.67,53.55,35.41,8.23,ZWF,ZWF,ZWF,,,1.155,17.1
20220328FNB02,FNB02,3/28/2022,2022,3,1/0/1900,25.05636,-80.97942,1.4,70,19.2,1.77,1.08,21.5,21.66,,22.32,89.8,6.35,53.91,35.68,8.16,22.31,89.7,6.34,53.91,35.68,8.16,ZWF,ZWF,ZWF,,,1.425,21.58
20220328JOHN01,JOHN01,3/28/2022,2022,3,1/0/1900,25.06335,-80.90611,1,100,3.04,0.71,0.62,32.13,32.09,,21.72,107.8,7.66,55.12,36.59,8.37,,,,,,,ZWF,ZWF,ZWF,,,0.665,32.11
20220328JOHN02,JOHN02,3/28/2022,2022,3,1/0/1900,25.05657,-80.93074,1.1,110,5.67,0.6,0.5,25.7,25.75,,22.32,115.4,8.14,54.35,36,8.39,22.36,119.7,8.44,54.34,36,8.4,ZWF,ZWF,ZWF,,,0.55,25.725
20220328JOHN03,JOHN03,3/28/2022,2022,3,1/0/1900,25.03982,-80.91467,1.5,150,3.5,0.53,0.52,28.09,27.96,,22.16,106.9,7.55,54.74,36.3,8.4,22.19,108.6,7.67,54.75,36.3,8.41,ZWF,ZWF,ZWF,,,0.525,28.025
20220328LONG01,LONG01,3/28/2022,2022,3,1/0/1900,24.89963,-80.76577,2.9,290,1.25,0.29,0.22,7.14,7.37,,23.03,98.4,6.82,55.52,36.87,8.23,23.04,98.7,6.84,55.51,36.86,8.25,ZWF,ZWF,ZWF,,,0.255,7.255
20220328LONG02,LONG02,3/28/2022,2022,3,1/0/1900,24.8771,-80.82912,2.8,280,1.48,0.22,0.21,10.07,10.01,,22.97,98.7,6.85,55.63,36.96,8.28,22.99,98.9,6.86,55.65,36.97,8.28,ZWF,ZWF,ZWF,,,0.215,10.04
20220328NMB01,NMB01,3/28/2022,2022,3,1/0/1900,25.00023,-80.97902,1.4,140,3.52,1.04,0.8,18.1,18.43,,23.06,113,7.89,53.33,35.24,8.39,23.07,113.6,7.95,53.34,35.25,8.39,ZWF,ZWF,ZWF,,,0.92,18.265
20220328NMB02,NMB02,3/28/2022,2022,3,1/0/1900,24.94703,-80.92879,3,300,0.9,0.35,0.25,25.83,25.35,,23.01,99.8,6.95,54.47,36.09,8.42,23.03,99.9,6.95,54.47,36.08,8.43,ZWF,ZWF,ZWF,,,0.3,25.59
20220328NMB03,NMB03,3/28/2022,2022,3,1/0/1900,24.90608,-80.88201,2.5,250,1.25,0.29,0.22,17.33,17.31,,23.15,99.3,6.86,55.73,37.03,8.35,23.16,99.5,6.87,55.74,37.03,8.363,ZWF,ZWF,ZWF,,,0.255,17.32
20220328RANKL01,RANKL01,3/28/2022,2022,3,1/0/1900,25.12313,-80.81345,1.3,38,17.8,16,18.29,49.26,48.69,,23.7,122.3,8.27,58.51,39.11,8.42,23.12,125.2,8.63,58.53,39.13,8.44,ZWF,ZWF,ZWF,,,17.145,48.975
20220328SNB01,SNB01,3/28/2022,2022,3,1/0/1900,25.14087,-80.89358,1.9,30,53.3,13.46,16.83,36.99,37.62,,22.13,83.8,5.92,55,36.49,8.07,22.1,83.4,5.89,55.01,36.5,8.07,ZWF,ZWF,ZWF,,,15.145,37.305
20220527CON01,CON01,5/27/2022,2022,5,1/0/1900,25.11903,-80.93884,3.2,,43.1,14.65,10.61,35.86,35.65,,28.53,100.1,6.174,62.68,42.14,8.3,28.49,99,6.07,62.67,42.14,8.3,ZWF,ZWF,ZWF,,,12.63,35.755
20220527CON02,CON02,5/27/2022,2022,5,1/0/1900,25.10246,-81.02088,3.3,,9.75,1.92,1.84,23.63,23.79,,28.24,98.1,6.13,59.47,39.72,8.28,28.21,97.6,6.1,59.48,39.72,8.28,ZWF,ZWF,ZWF,,,1.88,23.71
20220527FNB01,FNB01,5/27/2022,2022,5,1/0/1900,25.05778,-81.01894,4,,15.3,1.15,1.09,27.35,26.92,,28.52,100.7,6.22,61.39,41.17,8.4,28.45,99,6.11,61.4,41.17,8.4,ZWF,ZWF,ZWF,,,1.12,27.135
20220527FNB02,FNB02,5/27/2022,2022,5,1/0/1900,25.05594,-80.98008,1.7,170,6.12,0.86,0.74,27.55,27.16,,28.42,100.2,6.21,60.77,40.7,8.42,28.41,100.3,6.22,60.79,40.71,8.42,ZWF,ZWF,ZWF,,,0.8,27.355
20220527JOHN01,JOHN01,5/27/2022,2022,5,1/0/1900,25.06383,-80.90587,1.1,80,7.25,8.31,7.67,33.78,33.15,,28.48,93.9,5.74,64.08,43.23,8.33,28.47,94.9,5.82,64.07,43.22,8.32,ZWF,ZWF,ZWF,,,7.99,33.465
20220527JOHN02,JOHN02,5/27/2022,2022,5,1/0/1900,25.05714,-80.93082,1.5,115,5.3,3.09,2.97,36.86,35.88,,28.13,92.4,5.7,63.06,42.46,8.34,28.13,92.2,5.69,63.06,42.45,8.34,ZWF,ZWF,ZWF,,,3.03,36.37
20220527JOHN03,JOHN03,5/27/2022,2022,5,1/0/1900,25.04015,-80.91464,1.7,50,8.72,14.15,14.94,37.44,38.09,,28.07,83.6,5.14,63.83,43.04,8.42,28.08,83.6,5.14,63.83,43.05,8.42,ZWF,ZWF,ZWF,,,14.545,37.765
20220527LONG01,LONG01,5/27/2022,2022,5,1/0/1900,24.8994,-80.76646,3,300,1.03,0.47,0.41,5.74,6.48,,28.2,96.2,6.08,57.14,37.96,8.15,28.21,95.9,6.05,57.15,37.96,8.21,ZWF,ZWF,ZWF,,,0.44,6.11
20220527LONG02,LONG02,5/27/2022,2022,5,1/0/1900,24.8767,-80.8297,2.9,290,2.01,0.32,0.34,5.59,5.35,,28.19,92.8,5.87,56.59,37.55,8.18,28.9,92.6,5.86,56.6,37.55,8.18,ZWF,ZWF,ZWF,,,0.33,5.47
20220527NMB01,NMB01,5/27/2022,2022,5,1/0/1900,25.00048,-80.9795,2.2,220,2.52,0.99,0.9,28.17,28.06,,28.01,94.3,5.85,61.98,41.63,8.39,28,93.9,5.87,62.01,41.65,8.39,ZWF,ZWF,ZWF,,,0.945,28.115
20220527NMB02,NMB02,5/27/2022,2022,5,1/0/1900,24.94769,-80.92811,3.3,330,0.85,0.43,0.39,12.57,12.26,,28.21,96.4,6.01,60.21,40.27,8.24,28.2,96.7,6.03,60.24,40.3,8.25,ZWF,ZWF,ZWF,,,0.41,12.415
20220527NMB03,NMB03,5/27/2022,2022,5,1/0/1900,24.9066,-80.8817,2.7,270,1.59,0.4,0.3,7.43,7.15,,28.06,90.4,5.72,57.06,37.91,8.22,28.06,90.7,5.74,57.03,37.91,8.23,ZWF,ZWF,ZWF,,,0.35,7.29
20220527SNB01,SNB01,5/27/2022,2022,5,1/0/1900,25.14109,-80.89349,2.1,,79,21.29,20.73,42.51,42.2,,28.35,97,5.97,66.63,45.2,8.2,28.31,96.3,5.84,66.66,45.23,8.26,ZWF,ZWF,ZWF,,,21.01,42.355
20220528CAT01,CAT01,5/28/2022,2022,5,1/0/1900,25.08785,-80.91284,1.3,52,12.6,6.08,5.18,35.49,36.52,,29.15,95.2,5.79,62.67,42.12,8.32,29.15,96.6,5.91,61.5,41.2,8.32,ZWF,ZWF,ZWF,,,5.63,36.005
20220528CAT02,CAT02,5/28/2022,2022,5,1/0/1900,25.09857,-80.87138,1,47,16.6,13.88,12.68,37.46,37.35,,29.36,103.5,6.22,64.66,43.64,8.32,,,,,,,ZWF,ZWF,ZWF,,,13.28,37.405
20220528NWHIP01,NWHIP01,5/28/2022,2022,5,1/0/1900,25.12441,-80.74071,1.6,160,2.91,0.82,0.6,24.5,24.96,,28.62,92,5.75,58.81,39.21,8.15,28.57,95.2,5.92,59.01,39.35,8.16,ZWF,ZWF,ZWF,,,0.71,24.73
20220528NWHIP02,NWHIP02,5/28/2022,2022,5,1/0/1900,25.12457,-80.76546,1.3,130,2.86,0.84,0.69,30.22,29.95,,29.89,89.8,5.45,60.29,40.27,8.11,29.97,92.5,5.59,60.84,40.69,8.12,ZWF,ZWF,ZWF,,,0.765,30.085
20220528PEL01,PEL01,5/28/2022,2022,5,1/0/1900,25.06924,-80.82394,1.4,113,4.88,5.23,5.27,31.17,31.21,,29.62,90.3,5.41,64.17,43.25,8.23,29.63,92.3,5.55,64.16,43.25,8.24,ZWF,ZWF,ZWF,,,5.25,31.19
20220528PEL02,PEL02,5/28/2022,2022,5,1/0/1900,25.09203,-80.82184,1.1,110,4.32,3.99,3.53,32.97,32.78,,29.96,88.6,5.28,64,43.11,8.22,29.41,108.5,6.53,64.44,43.47,8.27,ZWF,ZWF,ZWF,,,3.76,32.875
20220528PEL03,PEL03,5/28/2022,2022,5,1/0/1900,25.06133,-80.852,1.1,110,1.59,0.5,0.52,30.14,29.68,,30.23,67,3.97,64.43,43.43,8.07,29.77,78.2,4.67,64.6,43.58,8.13,ZWF,ZWF,ZWF,,,0.51,29.91
20220528RANKB01,RANKB01,5/28/2022,2022,5,1/0/1900,25.14966,-80.77927,0.7,70,7.92,5.01,4.92,40.72,39.99,,28.6,74.1,4.48,65.06,43.99,8.04,,,,,,,ZWF,ZWF,ZWF,,,4.965,40.355
20220528RANKL01,RANKL01,5/28/2022,2022,5,1/0/1900,25.12295,-80.81411,1.4,,12.7,7.05,6.77,32.9,32.41,,30.27,121,7.2,63.82,42.96,8.39,29.73,122.9,7.37,63.89,43.04,8.4,ZWF,ZWF,ZWF,,,6.91,32.655
20220528RANKL02,RANKL02,5/28/2022,2022,5,1/0/1900,25.14221,-80.81836,1,58,11.3,11.23,10.54,36.39,37.96,,29.21,106.9,6.48,63.18,42.51,8.23,,,,,,,ZWF,ZWF,ZWF,,,10.885,37.175
20220528RANKL03,RANKL03,5/28/2022,2022,5,1/0/1900,25.16719,-80.80138,0.8,80,7.91,19.36,22.16,65.78,65.33,,28.98,64.8,3.79,72.16,49.51,8.11,,,,,,,ZWF,ZWF,ZWF,,,20.76,65.555
20220528SID01,SID01,5/28/2022,2022,5,1/0/1900,25.01859,-80.78645,1.3,130,1.73,0.62,0.54,16.49,16.07,,30.12,87.6,5.26,62.09,41.64,8.22,30.39,101.2,6.12,58.41,38.86,8.23,ZWF,ZWF,ZWF,,,0.58,16.28
20220528SID02,SID02,5/28/2022,2022,5,1/0/1900,25.03284,-80.80648,1.2,120,0.98,1.02,0.86,20.55,19.39,,30.66,132.4,7.84,63.06,42.36,8.42,30.68,134.7,7.99,63.04,42.34,8.43,ZWF,ZWF,ZWF,,,0.94,19.97
20220528SNB02,SNB02,5/28/2022,2022,5,1/0/1900,25.13492,-80.85407,0.8,28,28.3,21.05,20.5,41.89,42.83,,29.15,88.8,5.32,66.07,44.75,8.26,,,,,,,ZWF,ZWF,ZWF,,,20.775,42.36
20220528TB01,TB01,5/28/2022,2022,5,1/0/1900,25.15729,-80.72465,0.7,57,13.8,10.37,10.59,55.07,56.24,,28.93,67.7,4.25,56.04,37.11,7.95,,,,,,,ZWF,ZWF,ZWF,,,10.48,55.655
20220529BLUE01,BLUE01,5/29/2022,2022,5,1/0/1900,25.02285,-80.92718,1.7,170,2.83,2.29,2.22,36.91,37.36,,29.9,81,4.85,63.24,42.53,8.34,29.89,81.2,4.87,63.23,42.52,8.35,ZWF,ZWF,ZWF,,,2.255,37.135
20220529BLUE02,BLUE02,5/29/2022,2022,5,1/0/1900,24.99511,-80.92738,1.9,160,2.86,4.93,4.7,37.25,34.52,,29.65,86.1,5.17,63.61,42.82,8.32,29.62,82.7,4.99,63.61,42.82,8.31,ZWF,ZWF,ZWF,,,4.815,35.885
20220529COTT01,COTT01,5/29/2022,2022,5,1/0/1900,24.99653,-80.57962,2.5,250,0.92,0.38,0.36,10.82,9.11,,29.59,109.1,6.69,59.05,39.35,8.26,29.59,109.5,6.71,59.06,39.35,8.26,ZWF,ZWF,ZWF,,,0.37,9.965
20220529COTT02,COTT02,5/29/2022,2022,5,1/0/1900,24.98003,-80.62514,2.4,240,1.08,0.27,0.37,7.36,7.13,,24.48,100.1,6.17,58.03,38.59,8.2,29.5,100.5,6.2,58.04,38.59,8.2,ZWF,ZWF,ZWF,,,0.32,7.245
20220529LIG01,LIG01,5/29/2022,2022,5,1/0/1900,24.9341,-80.70993,3,300,1.46,0.6,0.54,5.24,5.32,,29.4,96.5,5.98,56.93,37.76,8.21,29.44,96.8,6,56.98,37.79,8.213,ZWF,ZWF,ZWF,,,0.57,5.28
20220529LIG02,LIG02,5/29/2022,2022,5,1/0/1900,24.96463,-80.69498,2.8,280,1.18,0.47,0.47,7.85,7.9,,29.1,100.7,6.24,58.37,38.86,8.22,29.15,100.6,6.22,58.54,38.98,8.22,ZWF,ZWF,ZWF,,,0.47,7.875
20220529LIG03,LIG03,5/29/2022,2022,5,1/0/1900,24.96674,-80.72697,2.6,260,1.63,0.5,0.43,9.07,8.76,,29.45,98.9,6.09,58.28,38.77,8.23,29.45,98.4,6.06,58.31,38.79,8.23,ZWF,ZWF,ZWF,,,0.465,8.915
20220529RAB01,RAB01,5/29/2022,2022,5,1/0/1900,25.0168,-80.8943,1.9,87,5.2,12.72,12.57,36.62,37.25,,30.01,75,4.47,64.12,43.2,8.35,30.01,72,4.29,64.12,43.2,8.35,ZWF,ZWF,ZWF,,,12.645,36.935
20220529RAB02,RAB02,5/29/2022,2022,5,1/0/1900,24.9743,-80.87032,1.9,190,1.02,3.06,2.93,28.99,28.51,,29.14,70.1,4.25,63.2,42.53,8.28,29.2,70.5,4.27,63.21,42.53,8.29,ZWF,ZWF,ZWF,,,2.995,28.75
20220529RAB03,RAB03,5/29/2022,2022,5,1/0/1900,25.00176,-80.85655,2.5,120,2.62,7.42,7.91,34.91,34.99,,29.34,104.1,6.26,64.3,43.36,8.37,29.35,103.9,6.25,64.3,43.36,8.37,ZWF,ZWF,ZWF,,,7.665,34.95
20220529TWIN01,TWIN01,5/29/2022,2022,5,1/0/1900,24.96035,-80.77996,2.9,170,2.37,3.69,4.03,20.31,20.39,,29.48,101.4,6.15,62.07,41.65,8.27,29.48,97.2,5.89,62.23,41.77,8.26,ZWF,ZWF,ZWF,,,3.86,20.35
20220529TWIN02,TWIN02,5/29/2022,2022,5,1/0/1900,24.98412,-80.80879,2.5,156,2.76,4.77,4.59,29.72,29.46,,29.85,114.8,6.84,64.9,43.8,8.37,29.93,115.3,6.86,64.97,43.86,8.37,ZWF,ZWF,ZWF,,,4.68,29.59
20220529TWIN03,TWIN03,5/29/2022,2022,5,1/0/1900,25.0041,-80.75446,,,1.08,0.67,0.66,13.95,13.49,,29.82,94.5,5.71,61.4,41.13,8.31,29.85,94,5.68,61.42,41.14,8.31,ZWF,ZWF,ZWF,,,0.665,13.72
20220530CAL01,CAL01,5/30/2022,2022,5,1/0/1900,25.05995,-80.71125,2.1,210,1.64,0.72,0.71,23.1,23.19,,28.97,91.9,5.64,61.07,40.91,8.29,28.99,93,5.72,61.09,40.92,8.27,ZWF,ZWF,ZWF,,,0.715,23.145
20220530CAP01,CAP01,5/30/2022,2022,5,1/0/1900,25.00707,-80.64695,2.4,240,1.24,0.37,0.35,9.35,10.07,,28.44,93,5.79,59.65,39.85,8.29,28.45,93,5.79,59.65,39.65,8.3,ZWF,ZWF,ZWF,,,0.36,9.71
20220530COR01,COR01,5/30/2022,2022,5,1/0/1900,25.02789,-80.76851,1.9,190,0.96,0.55,0.69,22.36,22.62,,28.32,81.2,5.01,62.34,41.9,8.22,23.34,81.7,5.04,62.34,41.9,8.23,ZWF,ZWF,ZWF,,,0.62,22.49
20220530CROC01,CROC01,5/30/2022,2022,5,1/0/1900,25.12837,-80.67535,1.4,140,2.96,0.62,0.45,22.33,22.13,,28.3,80.6,5.13,55.03,36.38,8.13,28.67,75,4.72,56.1,37.16,8.13,ZWF,ZWF,ZWF,,,0.535,22.23
20220530END01,END01,5/30/2022,2022,5,1/0/1900,25.10233,-80.71965,1.7,170,2.16,0.96,0.77,23.95,24,,28.58,85.1,5.27,60.62,40.58,8.18,28.72,88.3,5.47,61.13,40.92,8.2,ZWF,ZWF,ZWF,,,0.865,23.975
20220530END02,END02,5/30/2022,2022,5,1/0/1900,25.1276,-80.71843,1.8,180,2.84,0.58,0.46,23.65,23.63,,28.49,78.2,4.9,57.76,38.41,8.1,28.56,81.9,5.13,57.78,38.42,8.11,ZWF,ZWF,ZWF,,,0.52,23.64
20220530MAD01,MAD01,5/30/2022,2022,5,1/0/1900,25.1516,-80.68206,1.4,140,4.6,0.62,0.44,24.06,24.53,,28.17,75.9,4.81,56.39,37.39,8.03,28.18,75.5,4.78,56.38,37.39,8.03,ZWF,ZWF,ZWF,,,0.53,24.295
20220530PORP01,PORP01,5/30/2022,2022,5,1/0/1900,25.00964,-80.69084,2.6,260,1.85,0.65,0.65,11.48,11.28,,28.88,88.5,5.44,60.79,40.69,8.34,28.9,88.4,5.44,60.79,40.69,8.34,ZWF,ZWF,ZWF,,,0.65,11.38
20220530RUS01,RUS01,5/30/2022,2022,5,1/0/1900,25.04918,-80.6654,2.4,240,2.33,0.74,0.67,12.85,12.62,,28.35,91.8,5.74,59.1,39.43,8.2,28.36,92.3,5.77,59.11,39.44,8.21,ZWF,ZWF,ZWF,,,0.705,12.735
20220530RUS02,RUS02,5/30/2022,2022,5,1/0/1900,25.0836,-80.68237,2.1,210,2.1,0.57,0.54,14.34,14.37,,28.57,86.3,5.39,58.34,38.85,8.17,28.57,86.3,5.39,58.37,38.87,8.17,ZWF,ZWF,ZWF,,,0.555,14.355
20220530SPY01,SPY01,5/30/2022,2022,5,1/0/1900,25.02618,-80.7211,2.4,240,1.24,0.68,0.65,14.83,14.69,,28.61,82.7,5.1,61.36,41.13,8.32,28.61,82.9,5.11,61.36,41.14,8.32,ZWF,ZWF,ZWF,,,0.665,14.76
20220530WHIP01,WHIP01,5/30/2022,2022,5,1/0/1900,25.09387,-80.76558,2,130,3.45,6.21,5.92,33.55,34.45,,28.61,82.9,5.09,62.61,42.09,8.19,28.59,84.7,5.2,62.61,42.09,8.2,ZWF,ZWF,ZWF,,,6.065,34
20220530WHIP02,WHIP02,5/30/2022,2022,5,1/0/1900,25.07425,-80.76353,2,137,4.3,4.8,4.81,31.13,31.36,,28.91,94.9,5.78,63.09,42.45,8.3,28.91,94.3,5.74,62.87,42.28,8.3,ZWF,ZWF,ZWF,,,4.805,31.245
20220530WHIP03,WHIP03,5/30/2022,2022,5,1/0/1900,25.04905,-80.76656,2.1,130,2.65,5.68,5.67,28.85,28.65,,28.6,92.8,5.68,62.83,42.26,8.3,28.61,94.4,5.79,62.83,42.27,8.31,ZWF,ZWF,ZWF,,,5.675,28.75
20220531BBK01,BBK01,5/31/2022,2022,5,1/0/1900,25.15984,-80.6254,1.9,190,2.91,0.15,0.14,18.9,17.88,,27.93,92.2,6.04,49.3,32.15,8.19,28.14,97,6.31,50.46,33,8.21,ZWF,ZWF,ZWF,,,0.145,18.39
20220531BBK02,BBK02,5/31/2022,2022,5,1/0/1900,25.1235,-80.59,1.7,170,2.49,0.2,0.27,11.71,11.55,,28.1,96.9,6.16,55.21,36.52,8.16,28.11,96.1,6.13,55.21,36.51,8.16,ZWF,ZWF,ZWF,,,0.235,11.63
20220531BLAS01,BLAS01,5/31/2022,2022,5,1/0/1900,25.1708,-80.41722,2.7,270,0.86,0.33,0.38,22.31,22.39,,28.39,87.2,5.53,55.6,36.8,8.18,28.38,88.4,5.61,55.58,36.77,8.19,ZWF,ZWF,ZWF,,,0.355,22.35
20220531BNUT01,BNUT01,5/31/2022,2022,5,1/0/1900,25.0737,-80.53001,2.6,176,5.47,0.4,0.24,10.71,10.84,,28.27,87,5.54,54.85,36.24,8.1,28.27,87.1,5.55,54.85,36.24,8.11,ZWF,ZWF,ZWF,,,0.32,10.775
20220531BUTT01,BUTT01,5/31/2022,2022,5,1/0/1900,25.11058,-80.45615,2.3,230,0.65,0.45,0.35,25.39,25.03,,28.65,85.8,5.38,56.65,37.57,8.2,28.69,83.3,5.24,56.63,37.55,8.2,ZWF,ZWF,ZWF,,,0.4,25.21
20220531DEER01,DEER01,5/31/2022,2022,5,1/0/1900,25.18477,-80.51462,1.6,160,2.34,0.24,0.21,11.64,11.82,,28.24,91.3,5.81,55.22,36.52,8.09,28.24,91.5,5.82,55.21,36.51,8.09,ZWF,ZWF,ZWF,,,0.225,11.73
20220531DUCK01,DUCK01,5/31/2022,2022,5,1/0/1900,25.19019,-80.47342,1.6,160,2.48,0.32,0.2,14.52,14.57,,28.17,87,5.22,56.54,37.51,8.12,28.18,87.4,5.54,56.54,37.51,8.12,ZWF,ZWF,ZWF,,,0.26,14.545
20220531DUCK02,DUCK02,5/31/2022,2022,5,1/0/1900,25.15475,-80.48399,1.6,160,2.81,0.39,0.33,12.69,12.26,,28.17,86.5,5.49,56.21,37.26,8,28.18,86.2,5.46,56.2,37.25,8.09,ZWF,ZWF,ZWF,,,0.36,12.475
20220531EAGLE01,EAGLE01,5/31/2022,2022,5,1/0/1900,25.1782,-80.57276,1.7,170,1.99,0.36,0.36,15.11,15.16,,28.27,92.1,5.9,53.65,35.35,8.15,28.27,92.2,5.9,53.64,35.34,8.15,ZWF,ZWF,ZWF,,,0.36,15.135
20220531JIM01,JIM01,5/31/2022,2022,5,1/0/1900,25.0402,-80.61613,2.6,260,2.24,0.4,0.3,11.07,11.07,,28.37,88.2,5.51,59.03,39.42,8.22,28.59,96.6,6,59.82,39.97,8.27,ZWF,ZWF,ZWF,,,0.35,11.07
20220531JOE01,JOE01,5/31/2022,2022,5,1/0/1900,25.21551,-80.53391,1.5,150,4.15,0.71,0.7,48.33,47.76,,28.66,104.2,6.78,48.34,31.43,8.1,28.61,104.8,6.8,48.9,31.84,8.11,ZWF,ZWF,ZWF,,,0.705,48.045
20220531LBS01,LBS01,5/31/2022,2022,5,1/0/1900,25.21282,-80.44363,1.7,170,3.15,0.24,0.21,20.16,20.16,,28.05,86.1,5.56,52.73,34.67,8.13,28.07,87,5.61,52.74,34.68,8.13,ZWF,ZWF,ZWF,,,0.225,20.16
20220531LBUT01,LBUT01,5/31/2022,2022,5,1/0/1900,25.13761,-80.44794,2.2,220,0.98,0.56,0.48,28.72,28.45,,28.71,77.5,4.85,57.2,37.98,8.18,28.71,76.4,4.78,57.2,37.98,8.17,ZWF,ZWF,ZWF,,,0.52,28.585
20220531LMAD01,LMAD01,5/31/2022,2022,5,1/0/1900,25.18496,-80.63441,1.3,89,10.5,0.46,0.36,31.98,31.48,,27.97,77.6,5.17,44.5,28.67,8,27.97,87.1,5.78,45.95,29.71,8.1,ZWF,ZWF,ZWF,,,0.41,31.73
20220531LONS01,LONS01,5/31/2022,2022,5,1/0/1900,25.23061,-80.45706,1.6,160,2.8,0.31,0.28,37.44,37.74,,27.81,83.4,5.42,51.56,33.81,8.08,28.14,79.7,5.14,51.96,34.1,8.1,ZWF,ZWF,ZWF,,,0.295,37.59
20220531MANK01,MANK01,5/31/2022,2022,5,1/0/1900,25.08437,-80.60381,2.3,230,3.7,0.25,0.24,11.19,11.2,,28.23,95.1,6.09,53.49,35.23,8.16,28.25,95.8,6.14,53.49,35.49,8.16,ZWF,ZWF,ZWF,,,0.245,11.195
20220531NEST01,NEST01,5/31/2022,2022,5,1/0/1900,25.16257,-80.53288,1.5,150,2.81,0.3,0.15,11.22,11.38,,28.37,89.9,5.72,55.05,36.38,8.07,28.77,89.6,5.69,55.04,36.38,8.07,ZWF,ZWF,ZWF,,,0.225,11.3
20220531NEST02,NEST02,5/31/2022,2022,5,1/0/1900,25.12676,-80.54211,1.9,190,3.99,0.44,0.36,11.54,11.62,,28.31,92.9,5.91,55.17,36.48,8.11,28.31,92.9,5.9,55.16,36.47,8.1,ZWF,ZWF,ZWF,,,0.4,11.58
20220531SWA01,SWA01,5/31/2022,2022,5,1/0/1900,25.10883,-80.49622,2,200,4.25,0.32,0.39,14.24,13.96,,28.52,88.8,5.62,55.52,36.73,8.19,28.68,88.6,5.61,55.53,36.74,8.19,ZWF,ZWF,ZWF,,,0.355,14.1
20220531TAV01,TAV01,5/31/2022,2022,5,1/0/1900,25.0192,-80.56664,2.5,250,1.07,0.69,0.26,11.93,12.02,,28.52,93.6,5.82,59.93,40.05,8.29,28.53,94.6,5.88,59.99,40.12,8.32,ZWF,ZWF,ZWF,,,0.475,11.975
20220531UCB01,UCB01,5/31/2022,2022,5,1/0/1900,25.0433,-80.55238,2.3,230,2,0.78,0.69,12.47,12.73,,28.29,92.8,5.82,58.35,38.87,8.36,28.29,93.1,5.85,58.35,38.87,8.36,ZWF,ZWF,ZWF,,,0.735,12.6
20220711CON01,CON01,7/11/2022,2022,7,1/0/1900,25.11876,-80.9392,3.3,81,14.6,3.29,3.02,19.62,19.65,,31.12,93.1,5.63,56.67,37.5,8.13,31.12,93,5.61,56.67,37.5,8.13,ZWF,ZWF,ZWF,,,3.155,19.635
20220711CON02,CON02,7/11/2022,2022,7,1/0/1900,25.10206,-81.02124,3.4,154,5.81,1.19,1.09,15.55,15.87,,31.25,89.1,5.38,56.55,37.41,8.23,31.25,88.8,5.36,56.56,37.42,8.23,ZWF,ZWF,ZWF,,,1.14,15.71
20220711FNB01,FNB01,7/11/2022,2022,7,1/0/1900,25.05791,-81.01867,4,115,9.62,1.68,1.59,9.8,9.83,,31.15,101,6.12,56.02,37.01,8.23,31.14,100.8,6.1,56.02,37.02,8.23,ZWF,ZWF,ZWF,,,1.635,9.815
20220711FNB02,FNB02,7/11/2022,2022,7,1/0/1900,25.05597,-80.97961,1.6,160,4.09,1.04,0.89,18.56,18.32,,31.56,98.9,5.93,56.96,37.7,8.33,31.57,99.4,5.97,56.96,37.7,8.32,ZWF,ZWF,ZWF,,,0.965,18.44
20220711JOHN01,JOHN01,7/11/2022,2022,7,1/0/1900,25.06491,-80.906,1.1,110,2.98,1.66,1.24,40.43,40.54,,31.32,62.6,3.71,60.47,40.36,8.2,31.33,62.9,3.75,60.49,40.37,8.21,ZWF,ZWF,ZWF,,,1.45,40.485
20220711JOHN02,JOHN02,7/11/2022,2022,7,1/0/1900,25.05672,-80.93103,1.3,130,4.26,0.93,0.72,25.64,25.52,,31.05,84,5.06,56.92,37.69,8.41,31.05,83.9,5.08,56.95,37.71,8.42,ZWF,ZWF,ZWF,,,0.825,25.58
20220711JOHN03,JOHN03,7/11/2022,2022,7,1/0/1900,25.0399,-80.91462,1.8,180,1.92,1.32,1.24,33.12,32.89,,31.04,84.2,5.05,58.81,39.12,8.28,31.05,86,5.16,58.87,39.16,8.29,ZWF,ZWF,ZWF,,,1.28,33.005
20220711LONG01,LONG01,7/11/2022,2022,7,1/0/1900,24.89929,-80.76591,3,300,1.34,0.68,0.47,13.85,13.9,,31.1,100,6.04,56.9,37.67,8.01,31.11,100,6.04,56.9,37.67,8.09,ZWF,ZWF,ZWF,,,0.575,13.875
20220711LONG02,LONG02,7/11/2022,2022,7,1/0/1900,24.87653,-80.8305,2.9,105,6.29,7.22,6.78,22.34,22.07,,31.14,90.6,5.46,57.4,38.05,8.02,31.14,90.1,5.42,57.43,38.07,8.03,ZWF,ZWF,ZWF,,,7,22.205
20220711NMB01,NMB01,7/11/2022,2022,7,1/0/1900,25.00027,-80.97913,2.4,240,2.96,1.15,0.99,11.76,12.05,,31.33,117.1,7.06,56.35,37.26,8.39,31.33,117.9,7.11,56.36,37.26,8.4,ZWF,ZWF,ZWF,,,1.07,11.905
20220711NMB02,NMB02,7/11/2022,2022,7,1/0/1900,24.94765,-80.92932,3.1,310,1.37,0.97,0.85,29.73,29.49,,31.23,91.8,5.51,58.08,38.56,8.2,31.23,91.7,5.5,58.09,38.56,8.2,ZWF,ZWF,ZWF,,,0.91,29.61
20220711NMB03,NMB03,7/11/2022,2022,7,1/0/1900,24.9064,-80.88209,2,200,1.78,0.92,0.72,23.4,23.47,,31.34,90.1,5.41,57.54,38.14,8.26,31.35,90.7,5.44,57.54,38.14,8.26,ZWF,ZWF,ZWF,,,0.82,23.435
20220711SNB01,SNB01,7/11/2022,2022,7,1/0/1900,25.14111,-80.8934,2.2,33,34.5,14.77,14.59,40.1,39.96,,32.18,101.4,6.01,57.5,38.08,8.35,32.18,101.6,6.02,57.5,38.08,8.35,ZWF,ZWF,ZWF,Tide incoming,,14.68,40.03
20220712BLUE01,BLUE01,7/12/2022,2022,7,1/0/1900,25.02295,-80.92707,1.3,130,1.91,0.84,0.76,30.51,30.16,,31.42,67.6,4.05,57.7,38.26,8.22,31.42,67.9,4.08,57.71,38.27,8.22,ZWF,ZWF,ZWF,,,0.8,30.335
20220712BLUE02,BLUE02,7/12/2022,2022,7,1/0/1900,24.99509,-80.92724,2.5,250,0.7,0.62,0.55,30.28,30.03,,31.67,95.4,5.68,58.46,38.83,8.33,31.67,96.3,5.73,58.48,38.84,8.33,ZWF,ZWF,ZWF,,,0.585,30.155
20220712COTT01,COTT01,7/12/2022,2022,7,1/0/1900,24.99621,-80.57907,2.5,250,1.8,0.62,0.53,10.56,10.12,,31.61,119.2,7.11,57.85,38.37,8.24,31.65,118.9,7.1,57.86,38.38,8.24,ZWF,ZWF,ZWF,,,0.575,10.34
20220712COTT02,COTT02,7/12/2022,2022,7,1/0/1900,24.98016,-80.62509,2.4,240,1.41,0.36,0.31,9.49,9.34,,31.57,101.5,6.06,57.83,38.35,8.08,31.58,101.6,6.07,57.84,38.36,8.08,ZWF,ZWF,ZWF,,,0.335,9.415
20220712LIG01,LIG01,7/12/2022,2022,7,1/0/1900,24.93407,-80.71013,3.1,310,1.54,0.58,0.37,8.8,8.9,,31.55,104.9,6.29,57.02,37.75,8.16,31.57,105.4,6.32,57.03,37.75,8.17,ZWF,ZWF,ZWF,,,0.475,8.85
20220712LIG02,LIG02,7/12/2022,2022,7,1/0/1900,24.96501,-80.69421,2.8,66,6.06,14.82,14.05,25.22,24.49,,31.64,86.8,5.19,57.52,38.11,8.16,31.67,89,5.31,57.51,38.11,8.16,ZWF,ZWF,ZWF,,,14.435,24.855
20220712LIG03,LIG03,7/12/2022,2022,7,1/0/1900,24.96621,-80.72697,2.6,260,6.68,14.09,14.28,27.12,27.09,,31.76,92.4,5.51,57.49,38.09,8.22,31.76,92.4,5.5,57.5,38.1,8.22,ZWF,ZWF,ZWF,,,14.185,27.105
20220712RAB01,RAB01,7/12/2022,2022,7,1/0/1900,25.01661,-80.89427,1.7,170,1.03,1.34,1.17,37.7,37.66,,31.94,82.4,4.85,60.11,40.05,8.22,31.92,82.8,4.87,60.09,40.04,8.22,ZWF,ZWF,ZWF,,,1.255,37.68
20220712RAB02,RAB02,7/12/2022,2022,7,1/0/1900,24.97377,-80.87034,1.6,160,1.14,1.87,1.88,39.93,38.88,,30.74,42.2,2.54,58.73,39.07,8.06,30.73,44.2,2.67,58.7,39.05,8.07,ZWF,ZWF,ZWF,,,1.875,39.405
20220712RAB03,RAB03,7/12/2022,2022,7,1/0/1900,25.00135,-80.85673,2.3,230,0.46,0.98,0.87,32.25,32.71,,31.7,94.6,5.62,58.77,39.06,8.25,31.68,95.5,5.68,58.79,39.08,8.26,ZWF,ZWF,ZWF,,,0.925,32.48
20220712RAB04,RAB04,7/12/2022,2022,7,1/0/1900,24.96836,-80.84002,2.3,230,0.59,1.05,1.04,33.65,34.09,,31.83,80.3,4.78,57.48,38.08,8.15,31.82,80.2,4.78,57.51,38.1,8.15,ZWF,ZWF,ZWF,,,1.045,33.87
20220712TWIN01,TWIN01,7/12/2022,2022,7,1/0/1900,24.95876,-80.7806,2.8,55,6.09,19.74,19.88,34.29,34.4,,31.83,96.3,5.73,58.04,38.5,8.23,31.82,96,5.71,58.09,38.54,8.24,ZWF,ZWF,ZWF,,,19.81,34.345
20220712TWIN02,TWIN02,7/12/2022,2022,7,1/0/1900,24.98408,-80.80898,2.4,148,2.11,6.31,5.94,40.89,40.61,,32.08,105.9,6.27,58.22,38.63,8.41,32.17,101.4,5.98,58.44,38.79,8.39,ZWF,ZWF,ZWF,Floating Dead Stinker Sponges,,6.125,40.75
20220712TWIN03,TWIN03,7/12/2022,2022,7,1/0/1900,25.00369,-80.754,2.3,58,7.55,20.36,20.66,29.42,29.45,,32.3,94.9,5.61,57.74,38.25,8.2,32.35,95.4,5.63,57.76,38.27,8.21,ZWF,ZWF,ZWF,,,20.51,29.435
20220713CAT01,CAT01,7/13/2022,2022,7,1/0/1900,25.08802,-80.91283,1.3,117,7.41,1.04,0.99,23.59,23.6,,31.84,90,5.35,57.81,38.33,8.26,31.82,90.8,5.42,57.73,38.27,8.26,ZWF,ZWF,ZWF,,,1.015,23.595
20220713CAT02,CAT02,7/13/2022,2022,7,1/0/1900,25.09921,-80.87151,1.3,130,4.54,0.99,0.87,28.24,28.6,,31.85,113.1,6.73,58.05,38.51,8.33,31.85,118.8,7.06,58.01,38.48,8.34,ZWF,ZWF,ZWF,,,0.93,28.42
20220713NWHIP01,NWHIP01,7/13/2022,2022,7,1/0/1900,25.12441,-80.74107,1.6,64,8.03,12.31,12.1,46.62,46.67,,31.78,102.1,6.2,53,34.74,8.19,31.78,102.5,6.22,53,34.74,8.2,ZWF,ZWF,ZWF,,,12.205,46.645
20220713NWHIP02,NWHIP02,7/13/2022,2022,7,1/0/1900,25.12469,-80.76565,1.3,52,7.86,22.55,22.653,56.23,56.46,,32.07,85.1,5.12,54.49,35.84,8.12,32.08,85.9,5.17,54.47,35.82,8.13,ZWF,ZWF,ZWF,,,22.6015,56.345
20220713PEL01,PEL01,7/13/2022,2022,7,1/0/1900,25.06949,-80.82304,1.4,140,1.96,1.48,1.35,44.59,43.67,,33.22,99.4,5.7,61.65,41.17,8.12,33.22,99.7,5.72,61.65,41.17,8.12,ZWF,ZWF,ZWF,,,1.415,44.13
20220713PEL02,PEL02,7/13/2022,2022,7,1/0/1900,25.09241,-80.82207,1.1,40,10.2,22.34,22.55,46.86,45.47,,32.94,106.3,6.123,61.71,41.23,8.13,32.93,106.3,6.1,61.63,41.18,8.12,ZWF,ZWF,ZWF,,,22.445,46.165
20220713PEL03,PEL03,7/13/2022,2022,7,1/0/1900,25.06127,-80.85171,1,100,2.98,2.94,2.77,50.05,49.98,,33.09,54.9,3.13,63.29,42.43,7.8,,,,,,,ZWF,ZWF,ZWF,,,2.855,50.015
20220713RANKB01,RANKB01,7/13/2022,2022,7,1/0/1900,25.14991,-80.7793,0.6,42,15,18.38,18.37,51.84,51.72,,31.08,71,4.33,54.55,35.92,8.03,,,,,,,ZWF,ZWF,ZWF,,,18.375,51.78
20220713RANKL01,RANKL01,7/13/2022,2022,7,1/0/1900,25.12251,-80.81421,1.3,50,9.6,17.24,17.35,52.2,51.91,,32.14,99.5,5.85,59.45,39.55,8.4,32.13,98.2,5.77,59.41,39.52,8.2,ZWF,ZWF,ZWF,,,17.295,52.055
20220713RANKL02,RANKL02,7/13/2022,2022,7,1/0/1900,25.14197,-80.8185,1.1,52,14,17.41,17.59,52.84,57.26,,31.69,84.8,5.03,58.94,39.24,8.27,31.69,85,5.06,59.06,39.27,8.28,ZWF,ZWF,ZWF,,,17.5,55.05
20220713RANKL03,RANKL03,7/13/2022,2022,7,1/0/1900,25.16706,-80.8014,0.6,52,11,15.68,16.86,150.76,149.42,,32.28,75.5,4.75,41.42,26.41,8.38,,,,,,,ZWF,ZWF,ZWF,,,16.27,150.09
20220713SID01,SID01,7/13/2022,2022,7,1/0/1900,25.01949,-80.7863,1.3,,10.1,21.49,23.49,30.14,30.81,,33.04,112,6.53,58.32,38.67,8.22,32.9,112.3,6.56,58.41,38.75,8.22,ZWF,ZWF,ZWF,,,22.49,30.475
20220713SID02,SID02,7/13/2022,2022,7,1/0/1900,25.0324,-80.80591,1.2,60,5.79,17.39,18.64,33.2,32.95,,33.55,131.1,7.57,58.82,39.02,8.35,33.63,137.2,7.9,58.9,39.08,8.37,ZWF,ZWF,ZWF,,,18.015,33.075
20220713SNB02,SNB02,7/13/2022,2022,7,1/0/1900,25.13517,-80.854023,0.7,70,5.39,3.22,2.95,37.26,37.81,,32.08,111,6.54,58.77,39.05,8.41,,,,,,,ZWF,ZWF,ZWF,,,3.085,37.535
20220713TB01,TB01,7/13/2022,2022,7,1/0/1900,25.15725,-80.72478,0.8,80,6.88,10.42,9.81,110.08,109.57,,33.34,76,4.74,39.16,24.73,7.99,,,,,,,ZWF,ZWF,ZWF,,,10.115,109.825
20220714CROC01,CROC01,7/14/2022,2022,7,1/0/1900,25.12817,-80.67594,1.3,130,3.23,0.8,0.67,28.42,28.51,,31.3,86.7,5.35,50.9,33.21,8.1,31.68,79.8,4.9,50.93,33.24,8.08,ZWF,ZWF,ZWF,,,0.735,28.465
20220714MAD01,MAD01,7/14/2022,2022,7,1/0/1900,25.15165,-80.68222,1.4,140,5.66,1.5,1.23,31.49,31.25,,31.13,84.7,5.28,49.35,32.09,8.04,31.14,84.6,5.26,49.34,32.08,8.04,ZWF,ZWF,ZWF,,,1.365,31.37
20220714RUS02,RUS02,7/14/2022,2022,7,1/0/1900,25.08515,-80.68161,2.1,210,2.28,1.06,0.99,18.84,19.34,,31.58,91.1,5.63,54.61,35.95,8.12,31.64,92.1,5.57,,,,ZWF,ZWF,ZWF,,,1.025,19.09
20220715CAL01,CAL01,7/15/2022,2022,7,1/0/1900,25.05968,-80.71152,2,200,2.15,2.27,2.27,30.72,30.77,,31.16,90.1,5.45,56.23,37.17,8.243,31.16,90.2,5.46,56.24,37.18,8.24,ZWF,ZWF,ZWF,,,2.27,30.745
20220715CAP01,CAP01,7/15/2022,2022,7,1/0/1900,25.00652,-80.6476,2.3,230,1.02,0.56,0.53,12.22,12.3,,31.31,91.7,5.5,58.06,38.54,8.19,31.34,91.7,5.49,58.07,38.54,8.19,ZWF,ZWF,ZWF,,,0.545,12.26
20220715COR01,COR01,7/15/2022,2022,7,1/0/1900,25.02753,-80.76875,1.8,70,4.64,16.52,18.39,36.43,36.72,,30.56,78.8,4.77,58.3,38.75,8.21,30.54,77.9,4.71,58.32,38.77,8.21,ZWF,ZWF,ZWF,,,17.455,36.575
20220715END01,END01,7/15/2022,2022,7,1/0/1900,25.10187,-80.71943,1.7,62,6.15,15.7,16.82,37.4,37.06,,30.85,96.7,5.88,56.4,37.31,8.26,30.85,97.1,5.91,56.41,37.31,8.26,ZWF,ZWF,ZWF,,,16.26,37.23
20220715END02,END02,7/15/2022,2022,7,1/0/1900,25.12715,-80.71833,1.7,107,3.67,7.03,7.35,37.56,37.8,,30.97,96.2,5.91,53.18,34.91,8.22,31.01,99.5,6.11,53.77,35.04,8.24,ZWF,ZWF,ZWF,,,7.19,37.68
20220715PORP01,PORP01,7/15/2022,2022,7,1/0/1900,25.00997,-80.69043,2.4,230,2.46,2.43,2.5,21.1,21.13,,31.63,93.2,5.56,58.02,38.5,8.26,31.65,93.5,5.57,58.04,38.51,8.26,ZWF,ZWF,ZWF,,,2.465,21.115
20220715RUS01,RUS01,7/15/2022,2022,7,1/0/1900,25.04834,-80.66599,2.3,230,2.3,0.89,0.88,16.64,16.61,,31.25,86,5.19,56.4,37.3,8.1,31.28,85.5,5.16,56.42,37.31,8.09,ZWF,ZWF,ZWF,,,0.885,16.625
20220715SPY01,SPY01,7/15/2022,2022,7,1/0/1900,25.02563,-80.72101,2.2,129,3.17,7.91,8.15,31.26,31.2,,31.45,90,5.38,58.04,38.51,8.26,31.54,85.7,5.14,58.15,38.58,8.25,ZWF,ZWF,ZWF,,,8.03,31.23
20220715WHIP01,WHIP01,7/15/2022,2022,7,1/0/1900,25.09375,-80.76154,1.8,62,7.23,16.87,18.76,54.9,54.4,,30.75,84.4,5.15,55.63,36.74,8.2,30.75,84.5,5.16,55.65,36.75,8.2,ZWF,ZWF,ZWF,,,17.815,54.65
20220715WHIP02,WHIP02,7/15/2022,2022,7,1/0/1900,25.07129,-80.76443,1.9,56,7.47,22,22.41,42.21,43.26,,31.22,96.2,5.77,58.38,38.78,8.25,31.22,96.3,5.77,58.39,38.79,8.25,ZWF,ZWF,ZWF,,,22.205,42.735
20220715WHIP03,WHIP03,7/15/2022,2022,7,1/0/1900,25.0488,-80.76864,2,79,5.7,13.32,13.68,39.57,39.72,,30.82,82.8,5.01,57.4,38.06,8.2,30.83,82.6,5,57.41,38.06,8.2,ZWF,ZWF,ZWF,,,13.5,39.645
20220718BBK01,BBK01,7/18/2022,2022,7,1/0/1900,25.15916,-80.62498,1.9,190,2.14,0.51,0.4,21.43,21.52,,30.13,103.4,6.81,38.95,24.65,8.3,30.12,103.9,6.88,38.91,24.63,8.3,ZWF,ZWF,ZWF,,,0.455,21.475
20220718BBK02,BBK02,7/18/2022,2022,7,1/0/1900,25.12317,-80.59016,1.7,170,2.06,0.41,0.39,11.39,11.31,,30.06,94,6.03,46.18,29.81,8.13,30.06,94.1,6.03,46.16,29.8,8.13,ZWF,ZWF,ZWF,,,0.4,11.35
20220718BLAS01,BLAS01,7/18/2022,2022,7,1/0/1900,25.1701,-80.41696,2.8,280,0.64,0.54,0.49,24.47,24.38,,30.33,85.8,5.31,53.64,35.27,8.1,30.35,84.8,5.25,53.61,35.25,8.1,ZWF,ZWF,ZWF,,,0.515,24.425
20220718BNUT01,BNUT01,7/18/2022,2022,7,1/0/1900,25.07488,-80.52886,2.5,250,4.25,0.43,0.45,12.77,12.41,,29.92,88.1,5.47,54.87,36.2,8.09,29.92,88.1,5.47,54.86,36.19,8.09,ZWF,ZWF,ZWF,,,0.44,12.59
20220718BUTT01,BUTT01,7/18/2022,2022,7,1/0/1900,25.11036,-80.45624,2.5,250,1.24,0.6,0.58,20.02,19.52,,30.15,85.8,5.31,54.73,36.09,8.09,30.15,85.2,5.27,54.75,36.1,8.09,ZWF,ZWF,ZWF,,,0.59,19.77
20220718DEER01,DEER01,7/18/2022,2022,7,1/0/1900,25.18559,-80.51507,1.6,160,2.36,0.43,0.38,10.38,10.43,,30.42,103.6,6.48,50.9,33.24,8.06,30.42,103.9,6.5,50.88,33.23,8.06,ZWF,ZWF,ZWF,,,0.405,10.405
20220718DUCK01,DUCK01,7/18/2022,2022,7,1/0/1900,25.19074,-80.47487,1.7,170,2.6,2.32,2.01,12.24,12.4,,29.66,93.7,5.95,50,32.62,8.11,29.67,93.6,5.95,50.03,32.63,8.11,ZWF,ZWF,ZWF,,,2.165,12.32
20220718DUCK02,DUCK02,7/18/2022,2022,7,1/0/1900,25.15483,-80.48419,1.6,160,1.91,0.48,0.38,10.66,10.7,,29.58,91.3,8.73,53.47,33.17,8.04,29.59,91.4,5.73,53.47,35.17,8.04,ZWF,ZWF,ZWF,,,0.43,10.68
20220718EAGLE01,EAGLE01,7/18/2022,2022,7,1/0/1900,25.17804,-80.57295,1.8,180,1.77,0.41,0.36,16.81,16.13,,30.18,111.5,7.25,42.19,26.96,8.24,30.25,119,7.72,42.27,27.01,8.25,ZWF,ZWF,ZWF,,,0.385,16.47
20220718JIM01,JIM01,7/18/2022,2022,7,1/0/1900,25.03993,-80.61641,2.6,260,2.42,0.73,0.73,14.36,14.52,,30.25,89.7,5.48,57.09,37.85,8.17,30.25,90.5,5.53,57.1,37.85,8.18,ZWF,ZWF,ZWF,,,0.73,14.44
20220718JOE01,JOE01,7/18/2022,2022,7,1/0/1900,25.21562,-80.5339,1.5,150,4.39,0.72,0.64,20.97,20.6,,30.79,102.7,6.58,44.43,28.53,8.14,30.77,109,6.95,45.33,29.18,8.16,ZWF,ZWF,ZWF,,,0.68,20.785
20220718LBS01,LBS01,7/18/2022,2022,7,1/0/1900,25.21223,-80.44325,1.7,170,2.64,0.58,0.42,23.55,24.01,,29.78,88.6,5.69,46.98,30.41,8.11,29.79,88.3,5.67,47.01,30.43,8.11,ZWF,ZWF,ZWF,,,0.5,23.78
20220718LBUT01,LBUT01,7/18/2022,2022,7,1/0/1900,25.13722,-80.44804,2.2,220,1.13,0.59,0.49,25.08,25.02,,30.08,87.5,5.42,54.48,35.9,8.16,30.1,87.7,5.43,54.51,35.92,8.16,ZWF,ZWF,ZWF,,,0.54,25.05
20220718LMAD01,LMAD01,7/18/2022,2022,7,1/0/1900,25.18455,-80.63474,1.3,130,7.99,0.86,0.79,51.03,51.23,,30.16,93.6,6.49,25.46,15.42,8.21,30.14,93.4,6.46,26.9,16.39,8.22,ZWF,ZWF,ZWF,,,0.825,51.13
20220718LONS01,LONS01,7/18/2022,2022,7,1/0/1900,25.2305,-80.45712,1.7,170,1.99,0.45,0.38,32.97,33.17,,29.79,92.5,6.13,38.91,24.64,8.2,29.8,92.8,6.15,38.88,24.62,8.21,ZWF,ZWF,ZWF,,,0.415,33.07
20220718MANK01,MANK01,7/18/2022,2022,7,1/0/1900,25.08423,-80.60371,2.3,230,2.71,0.68,0.63,13.09,12.97,,29.97,95.8,6.13,47.42,30.72,8.16,30.66,91.6,5.76,49.34,32.12,8.11,ZWF,ZWF,ZWF,,,0.655,13.03
20220718NEST01,NEST01,7/18/2022,2022,7,1/0/1900,25.16362,-80.532,1.5,150,3.08,0.34,0.33,8.72,8.2,,30.43,98.4,6.12,52.38,34.33,7.99,30.45,99,6.15,52.42,34.36,7.99,ZWF,ZWF,ZWF,,,0.335,8.46
20220718NEST02,NEST02,7/18/2022,2022,7,1/0/1900,25.12766,-80.54171,1.9,190,4.98,0.45,0.45,7.95,8.09,,30.46,100.9,6.26,52.85,34.68,8.02,30.47,101.5,6.3,52.86,34.69,8.02,ZWF,ZWF,ZWF,,,0.45,8.02
20220718SWA01,SWA01,7/18/2022,2022,7,1/0/1900,25.10851,-80.49627,2.1,210,3.6,0.84,0.61,13.35,13.51,,29.93,91.3,5.69,53.73,35.35,8.06,29.93,91.6,5.71,53.72,35.35,8.06,ZWF,ZWF,ZWF,,,0.725,13.43
20220718TAV01,TAV01,7/18/2022,2022,7,1/0/1900,25.01896,-80.56725,2.5,250,0.83,0.47,0.38,12.13,11.81,,30.11,97.9,5.97,58.19,38.68,8.25,30.13,99.5,6.17,58.19,38.66,8.26,ZWF,ZWF,ZWF,,,0.425,11.97
20220718UCB01,UCB01,7/18/2022,2022,7,1/0/1900,25.04254,-80.55396,2.2,220,1.79,0.73,0.63,13.43,13.48,,29.92,94.7,5.83,56.48,37.41,8.26,29.92,94.7,5.83,56.43,37.35,8.29,ZWF,ZWF,ZWF,,,0.68,13.455
20220912CON01,CON01,9/12/2022,2022,9,1/0/1900,25.11827,-80.94053,2.8,120,10.3,1.76,1.52,15.9,16.07,,30.5,80.9,4.88,59.46,39.62,8.02,30.51,80,4.83,59.48,39.64,8.06,ZWF,ZWF,ZWF,,,1.64,15.985
20220912CON02,CON02,9/12/2022,2022,9,1/0/1900,25.10256,-81.02164,2.6,92,14.8,4.84,4.76,12.94,12.81,,30.43,89.8,5.43,58.95,39.24,8.17,30.42,89.2,5.4,58.98,39.26,8.17,ZWF,ZWF,ZWF,,,4.8,12.875
20220912FNB01,FNB01,9/12/2022,2022,9,1/0/1900,25.05772,-81.01909,3.1,,4.23,0.88,0.71,13.42,13.43,,30,76.2,4.63,58.91,39.23,8.15,30.05,76.2,4.64,58.92,39.23,8.18,ZWF,ZWF,ZWF,,,0.795,13.425
20220912FNB02,FNB02,9/12/2022,2022,9,1/0/1900,25.05579,-80.97958,1,100,6.82,3,2.4,17.03,17.02,,29.69,67.2,4.1,,39.51,8.14,,,,,,,ZWF,ZWF,ZWF,,,2.7,17.025
20220912JOHN01,JOHN01,9/12/2022,2022,9,1/0/1900,25.06353,-80.90584,1.3,130,5.5,12.21,12.8,23.51,23.7,,31.11,103.1,6.14,60.29,40.24,8.38,31.11,103.9,6.18,60.32,40.25,8.38,ZWF,ZWF,ZWF,,,12.505,23.605
20220912JOHN02,JOHN02,9/12/2022,2022,9,1/0/1900,25.05679,-80.93067,1.5,150,6.12,2.55,2.323,21.15,20.52,,30.97,83.8,5.01,60.18,40.15,8.3,30.98,84.9,5.07,60.2,40.17,8.31,ZWF,ZWF,ZWF,,,2.4365,20.835
20220912JOHN03,JOHN03,9/12/2022,2022,9,1/0/1900,25.03956,-80.91513,1.8,180,3.99,6.64,5.73,24.03,24.19,,31.26,108.8,6.47,60.03,40.03,8.42,31.26,109.9,6.53,60.06,40.05,8.47,ZWF,ZWF,ZWF,,,6.185,24.11
20220912LONG01,LONG01,9/12/2022,2022,9,1/0/1900,24.89965,-80.76576,3,,2.92,3.35,3.19,16.06,15.38,,32.11,99.7,5.89,58.36,38.74,8.09,31.76,107.1,6.38,59.3,39.46,8.11,ZWF,ZWF,ZWF,,,3.27,15.72
20220912LONG02,LONG02,9/12/2022,2022,9,1/0/1900,24.87657,-80.82981,3.1,60,7.61,20.33,20.1,27.19,27.11,,31.99,96.7,5.66,61.35,41,7.93,31.94,96.6,5.65,61.35,41.01,7.93,ZWF,ZWF,ZWF,,,20.215,27.15
20220912NMB01,NMB01,9/12/2022,2022,9,1/0/1900,24.99983,-80.97955,1.4,140,2.17,1.1,0.83,13.44,13.26,,30.97,95.9,5.76,58.85,39.15,8.26,30.96,95.9,5.75,58.85,39.15,8.25,ZWF,ZWF,ZWF,,,0.965,13.35
20220912NMB02,NMB02,9/12/2022,2022,9,1/0/1900,24.94705,-80.9287,3.2,74,5.14,20.7,19.14,35.08,34.76,,31.77,78.4,4.58,61.87,41.4,8.01,31.76,77.4,4.53,61.88,41.41,8.01,ZWF,ZWF,ZWF,,,19.92,34.92
20220912NMB03,NMB03,9/12/2022,2022,9,1/0/1900,24.90583,-80.88162,2.5,,6.41,22.95,22.73,30.84,31.44,,31.54,85.8,5.05,61.35,41.02,7.88,31.53,85,5.01,61.38,41.04,7.88,ZWF,ZWF,ZWF,,,22.84,31.14
20220912SNB01,SNB01,9/12/2022,2022,9,1/0/1900,25.14063,-80.89398,2,,15.5,10.12,10.13,31.07,30.81,,30.2,75.2,4.53,60.51,40.63,8.11,30.42,76.5,4.59,60.97,40.77,8.14,ZWF,ZWF,ZWF,,,10.125,30.94
20220913BLUE01,BLUE01,9/13/2022,2022,9,1/0/1900,25.02314,-80.92727,1,100,3.25,3.8,3.65,21.63,21.24,,32.02,123.6,7.27,60.37,40.26,8.4,,,,,,,ZWF,ZWF,ZWF,,,3.725,21.435
20220913BLUE02,BLUE02,9/13/2022,2022,9,1/0/1900,24.99491,-80.92771,2.4,240,1.22,3.57,2.35,24.26,24.21,,31.97,124.2,7.31,60.17,40.1,8.41,31.95,125.6,7.39,60.17,40.11,8.41,ZWF,ZWF,ZWF,,,2.96,24.235
20220913COTT01,COTT01,9/13/2022,2022,9,1/0/1900,24.99605,-80.57924,2.5,250,0.79,0.56,0.44,10.23,10.41,,31.78,101.7,6.05,57.87,38.38,8.16,31.78,101.3,6.03,57.87,38.38,8.16,ZWF,ZWF,ZWF,,,0.5,10.32
20220913COTT02,COTT02,9/13/2022,2022,9,1/0/1900,24.98007,-80.62539,2.4,240,1.2,1.42,0.73,8.06,8.16,,31.56,97.9,5.86,57.69,38.27,8.08,31.57,98.9,5.91,57.77,38.31,8.09,ZWF,ZWF,ZWF,,,1.075,8.11
20220913LIG01,LIG01,9/13/2022,2022,9,1/0/1900,24.9341,-80.71009,3,300,2.42,2.26,2.03,17.2,17.23,,31.54,89.8,5.33,59.59,39.7,8.12,31.56,90.1,5.34,59.73,39.78,8.13,ZWF,ZWF,ZWF,,,2.145,17.215
20220913LIG02,LIG02,9/13/2022,2022,9,1/0/1900,24.9647,-80.96469,2.8,280,2.24,4.75,4.59,22.93,22.97,,32.05,89.1,5.21,61.55,41.15,8.13,32.06,88.8,5.18,61.57,41.17,8.14,ZWF,ZWF,ZWF,,,4.67,22.95
20220913LIG03,LIG03,9/13/2022,2022,9,1/0/1900,24.96641,-80.7267,2.6,86,4.7,13,13.16,31.91,31.2,,31.51,81.4,4.76,63,42.28,8.06,31.52,81.9,4.79,63.03,42.3,8.07,ZWF,ZWF,ZWF,,,13.08,31.555
20220913RAB01,RAB01,9/13/2022,2022,9,1/0/1900,25.01665,-80.8943,1.8,180,1.78,3.73,3.78,27.18,27.88,,31.67,69.8,4.12,60.57,40.42,8.33,31.26,74.3,4.39,61.07,40.82,8.36,ZWF,ZWF,ZWF,,,3.755,27.53
20220913RAB02,RAB02,9/13/2022,2022,9,1/0/1900,24.9731,-80.8707,1.3,75,5.06,17.59,16.8,34.37,34.18,,32.65,123.9,7.16,62.5,41.85,8.32,32.52,134.8,7.83,62.5,41.85,8.36,+,ZWF,ZWF,,,17.195,34.275
20220913RAB03,RAB03,9/13/2022,2022,9,1/0/1900,25.00166,-80.85696,2.3,116,2.76,12.82,12.82,41.43,40.76,,32.22,84.5,4.87,63.97,42.99,8.22,31.95,84.2,4.88,63.88,42.93,8.23,ZWF,ZWF,ZWF,,,12.82,41.095
20220913RAB04,RAB04,9/13/2022,2022,9,1/0/1900,24.96796,-80.84041,2.4,73,4.99,19.35,19.33,37.69,38.32,,32.18,83.6,4.85,62.86,42.14,8.14,31.64,76.5,4.45,62.76,42.08,8.1,ZWF,ZWF,ZWF,,,19.34,38.005
20220913TWIN01,TWIN01,9/13/2022,2022,9,1/0/1900,24.9585,-80.78098,2.9,70,5.45,25.31,24.5,45.36,44.13,,31.84,87.7,5.09,63.75,42.84,8.02,31.67,84.1,4.89,63.77,42.86,8.01,ZWF,ZWF,ZWF,,,24.905,44.745
20220913TWIN02,TWIN02,9/13/2022,2022,9,1/0/1900,24.98368,-80.80919,2.5,52,5.91,28.82,30.05,50.72,50.18,,32.55,92,5.25,65.45,44.11,8.01,32.13,87.3,5.01,65.29,44.01,8,ZWF,ZWF,ZWF,,,29.435,50.45
20220913TWIN03,TWIN03,9/13/2022,2022,9,1/0/1900,25.00379,-80.75413,2.4,112,3.28,8.24,8.61,31.78,31.77,,31.55,86.5,5.06,62.96,42.24,8.1,31.51,87.1,5.09,62.93,42.23,8.1,ZWF,ZWF,ZWF,,,8.425,31.775
20220914CAT01,CAT01,9/14/2022,2022,9,1/0/1900,25.08815,-80.91296,1.5,142,8.89,1.47,1.45,15.81,15.9,,30.95,97.1,5.82,59.25,39.45,8.2,30.95,96.6,5.79,59.25,39.45,8.2,ZWF,ZWF,ZWF,,,1.46,15.855
20220914CAT02,CAT02,9/14/2022,2022,9,1/0/1900,25.09871,-80.87141,1.1,110,2.5,0.82,0.87,20.33,20.52,,31.26,103.8,6.17,60.09,40.07,8.28,31.28,105.9,6.3,60.09,40.07,8.29,ZWF,ZWF,ZWF,,,0.845,20.425
20220914NWHIP01,NWHIP01,9/14/2022,2022,9,1/0/1900,25.12412,-80.74065,1.8,60,6.85,16.6,17.42,44.17,44.93,,30.9,82.4,4.9,61.27,40.98,8.03,30.9,81.9,4.87,61.29,41,8.03,ZWF,ZWF,ZWF,,,17.01,44.55
20220914NWHIP02,NWHIP02,9/14/2022,2022,9,1/0/1900,25.12461,-80.76492,1.4,53,8.01,23.62,21.34,50.34,49.34,,30.77,64.8,3.83,63.15,42.43,7.99,30.78,64.4,3.8,63.15,42.42,7.99,ZWF,ZWF,ZWF,,,22.48,49.84
20220914PEL01,PEL01,9/14/2022,2022,9,1/0/1900,25.06941,-80.82295,1.5,150,4.09,4.28,4.17,32.16,31.98,,31.01,76.4,4.55,60.65,40.51,8.24,31,77.7,4.64,60.65,40.51,8.25,ZWF,ZWF,ZWF,,,4.225,32.07
20220914PEL02,PEL02,9/14/2022,2022,9,1/0/1900,25.09211,-80.82168,1.2,120,2.44,0.87,0.63,33.35,33.61,,30.71,67.2,4.01,61.39,41.08,8.19,30.73,71.1,4.24,61.39,41.08,8.21,ZWF,ZWF,ZWF,,,0.75,33.48
20220914PEL03,PEL03,9/14/2022,2022,9,1/0/1900,25.06118,-80.85204,1.1,110,4.03,5.21,5.01,29.24,28.74,,30.67,70.8,4.26,59.17,39.4,8.26,30.69,75,4.52,58.97,39.28,8.27,ZWF,ZWF,ZWF,,,5.11,28.99
20220914RANKB01,RANKB01,9/14/2022,2022,9,1/0/1900,25.14972,-80.77924,0.9,38,14.5,23.23,22.49,51.74,51.51,,29.83,67.9,4.09,62.5,41.96,8.01,,,,,,,ZWF,ZWF,ZWF,,,22.86,51.625
20220914RANKL01,RANKL01,9/14/2022,2022,9,1/0/1900,25.12249,-80.81419,1.6,160,2.02,1.04,0.94,31.94,31.75,,30.65,84.1,5.03,60.78,40.63,8.34,30.66,84.8,5.08,60.79,40.63,8.34,ZWF,ZWF,ZWF,,,0.99,31.845
20220914RANKL02,RANKL02,9/14/2022,2022,9,1/0/1900,25.14241,-80.81845,1.2,105,8,7.44,7.13,36.01,35.6,,30.66,84,5.01,61.72,41.34,8.27,30.67,85.3,5.08,61.71,41.32,8.27,ZWF,ZWF,ZWF,,,7.285,35.805
20220914RANKL03,RANKL03,9/14/2022,2022,9,1/0/1900,25.16719,-80.80136,1,31,19.2,39.91,38.81,60.88,60.28,,30.58,50.7,3.01,62.92,42.25,8.11,,,,,,,ZWF,ZWF,ZWF,,,39.36,60.58
20220914SANT01,SANT01,9/14/2022,2022,9,1/0/1900,25.1534,-80.7612,0.9,90,4.08,3.05,2.69,49.42,50.13,,30.1,50.6,3.07,59.34,39.55,7.73,,,,,,,ZWF,ZWF,ZWF,,,2.87,49.775
20220914SID01,SID01,9/14/2022,2022,9,1/0/1900,25.01899,-80.78616,1.4,60,5.75,17.46,19.97,42.05,41.57,,30.93,91.3,5.37,63.7,42.84,8.06,30.92,97.5,5.74,63.81,42.92,8.07,ZWF,ZWF,ZWF,,,18.715,41.81
20220914SID02,SID02,9/14/2022,2022,9,1/0/1900,25.03231,-80.8061,1.3,130,2.87,9.1,9.14,42.1,42.86,,30.83,81,4.79,63.34,42.57,8.03,30.84,91.6,5.41,63.52,42.71,8.05,ZWF,ZWF,ZWF,,,9.12,42.48
20220914SNB02,SNB02,9/14/2022,2022,9,1/0/1900,25.13523,-80.8541,1.3,130,2.08,0.73,0.68,25.13,25.33,,29.8,50.4,3.06,60.43,40.39,8.02,29.81,50.6,3.08,60.4,40.36,8.02,ZWF,ZWF,ZWF,,,0.705,25.23
20220914TB01,TB01,9/14/2022,2022,9,1/0/1900,25.1572,-80.7247,1,100,10.1,2.36,2.32,57.01,57.35,,30.42,45.6,2.81,57.11,37.86,7.7,,,,,,,ZWF,ZWF,ZWF,,,2.34,57.18
20220915CAL01,CAL01,9/15/2022,2022,9,1/0/1900,25.06007,-80.71113,2.3,190,2.23,5.4,5.52,38.86,38.85,,30.84,85.3,5.1,60.25,40.21,8.16,30.85,86.2,5.15,60.25,40.21,8.17,ZWF,ZWF,ZWF,,,5.46,38.855
20220915CAP01,CAP01,9/15/2022,2022,9,1/0/1900,25.00647,-80.64717,2.6,260,1.36,0.5,0.52,12.88,12.75,,31.09,92.8,5.54,60,40.01,8.24,31.08,92.2,5.5,60.02,40.02,8.24,ZWF,ZWF,ZWF,,,0.51,12.815
20220915COR01,COR01,9/15/2022,2022,9,1/0/1900,25.02817,-80.76826,2,76,3.85,13.1,13.7,37.81,37.22,,30.87,92.5,5.5,61.78,41.37,8.16,30.81,94,5.6,61.76,41.36,8.16,ZWF,ZWF,ZWF,,,13.4,37.515
20220915CROC01,CROC01,9/15/2022,2022,9,1/0/1900,25.1288,-80.67533,1.6,160,2.18,0.71,0.73,25.12,24.6,,30.22,90.3,5.52,57.13,37.87,8.09,30.23,90,5.49,57.11,37.86,8.08,ZWF,ZWF,ZWF,,,0.72,24.86
20220915END01,END01,9/15/2022,2022,9,1/0/1900,25.10205,-80.71913,2.1,60,6.41,16.33,16.7,44.73,43.38,,30.39,83.5,5,61.74,41.36,8.1,30.36,83.8,5.02,61.75,41.37,8.1,ZWF,ZWF,ZWF,,,16.515,44.055
20220915END02,END02,9/15/2022,2022,9,1/0/1900,25.12714,-80.71821,2,150,3.11,6.4,6.54,32.86,33.41,,30.35,92.3,5.59,58.97,39.26,8.08,30.35,92,5.57,58.99,39.27,8.08,ZWF,ZWF,ZWF,,,6.47,33.135
20220915MAD01,MAD01,9/15/2022,2022,9,1/0/1900,25.15154,-80.68235,1.6,160,2.37,0.29,0.27,27.23,26.21,,29.56,94.1,5.89,53.87,35.47,8.11,30.57,61,3.72,56.09,37.09,7.94,ZWF,ZWF,ZWF,,,0.28,26.72
20220915PORP01,PORP01,9/15/2022,2022,9,1/0/1900,25.01037,-80.69037,2.6,200,2.27,2.81,3.01,21.69,21.69,,31.18,97.6,5.77,61.82,41.39,8.22,31.17,97.7,5.78,61.82,41.4,8.22,ZWF,ZWF,ZWF,,,2.91,21.69
20220915RUS01,RUS01,9/15/2022,2022,9,1/0/1900,25.04903,-80.66509,2.5,250,2.04,0.54,0.53,17.33,17.59,,30.61,90.8,5.47,59.33,39.53,8.07,30.64,90.5,5.46,59.36,39.55,8.07,ZWF,ZWF,ZWF,,,0.535,17.46
20220915RUS02,RUS02,9/15/2022,2022,9,1/0/1900,25.08348,-80.68294,2.3,230,1.76,0.45,0.53,23.3,22.73,,30.78,79.4,4.77,59.38,39.55,8.05,30.79,79.5,4.77,,,,ZWF,ZWF,ZWF,,,0.49,23.015
20220915SPY01,SPY01,9/15/2022,2022,9,1/0/1900,25.02622,-80.72062,2.5,200,2.26,3.81,3.81,29.38,30,,31.17,88.8,5.25,61.79,41.37,8.2,31.2,89.7,5.29,61.81,41.38,8.2,ZWF,ZWF,ZWF,,,3.81,29.69
20220915WHIP01,WHIP01,9/15/2022,2022,9,1/0/1900,25.09392,-80.76506,2.1,88,4.54,13.71,14.74,46.33,44.42,,30.5,84.9,5.04,63.11,42.4,8.15,30.47,85.5,5.08,63.11,42.4,8.15,ZWF,ZWF,ZWF,,,14.225,45.375
20220915WHIP02,WHIP02,9/15/2022,2022,9,1/0/1900,25.07173,-80.76396,2.2,180,2.17,3.12,2.89,46.08,45.56,,30.93,76.8,4.52,63.44,42.64,7.97,30.93,76.8,4.53,63.48,42.67,7.97,ZWF,ZWF,ZWF,,,3.005,45.82
20220915WHIP03,WHIP03,9/15/2022,2022,9,1/0/1900,25.04937,-80.76781,2.3,70,4.63,13.87,16,41.76,41.67,,30.97,86.6,5.13,62.04,41.57,8.09,30.8,88.8,5.31,62.05,41.58,8.11,ZWF,ZWF,ZWF,,,14.935,41.715
20220916BBK01,BBK01,9/16/2022,2022,9,1/0/1900,25.15965,-80.62488,2,200,1.04,0.51,0.53,15.96,15.79,,30.33,103.9,6.47,52.31,34.29,8.25,30.35,105.1,6.55,,,,ZWF,ZWF,ZWF,,,0.52,15.875
20220916BBK02,BBK02,9/16/2022,2022,9,1/0/1900,25.1238,-80.58997,1.9,190,2.36,0.38,0.41,10.39,10.11,,30.22,95.7,5.93,54.65,36.03,8.09,30.23,95.9,5.92,54.63,36.01,8.09,ZWF,ZWF,ZWF,,,0.395,10.25
20220916BLAS01,BLAS01,9/16/2022,2022,9,1/0/1900,25.17074,-80.41687,2.9,290,0.72,0.49,0.48,25.97,25.82,,30.4,86.3,5.28,56.78,37.61,8.02,30.42,87.1,5.32,56.79,37.62,8.02,ZWF,ZWF,ZWF,,,0.485,25.895
20220916BNUT01,BNUT01,9/16/2022,2022,9,1/0/1900,25.0745,-80.52999,2.7,270,3.44,0.51,0.53,11.19,11.02,,30.48,90.2,5.44,59.4,39.58,8.03,30.48,90.2,5.45,59.39,39.58,8.03,ZWF,ZWF,ZWF,,,0.52,11.105
20220916BUTT01,BUTT01,9/16/2022,2022,9,1/0/1900,25.11069,-80.45622,2.4,240,0.51,0.13,0.13,19.51,19.19,,30.65,82,4.99,57.17,37.87,8,30.67,82,4.98,57.18,37.9,8,ZWF,ZWF,ZWF,,,0.13,19.35
20220916DEER01,DEER01,9/16/2022,2022,9,1/0/1900,25.18465,-80.51472,1.7,170,2.46,0.82,0.77,11.63,11.38,,30.5,95,5.82,55.68,36.78,8.03,30.51,94.8,5.8,55.71,36.8,8.02,ZWF,ZWF,ZWF,,,0.795,11.505
20220916DUCK01,DUCK01,9/16/2022,2022,9,1/0/1900,25.18989,-80.47391,1.8,180,1.68,0.52,0.57,10.77,11.09,,30.123,84.1,5.13,57.76,38.36,8,30.16,85.6,5.23,57.53,38.19,8,ZWF,ZWF,ZWF,,,0.545,10.93
20220916DUCK02,DUCK02,9/16/2022,2022,9,1/0/1900,25.15538,-80.48375,1.7,170,2.45,0.47,0.5,10.84,10.81,,29.96,85.7,5.26,57.23,37.97,8.02,29.99,87.1,5.36,57.21,37.95,8.03,ZWF,ZWF,ZWF,,,0.485,10.825
20220916EAGLE01,EAGLE01,9/16/2022,2022,9,1/0/1900,25.17876,-80.57259,1.9,190,1.29,0.41,0.45,14.79,14.75,,30.68,109.4,6.73,54.53,35.92,8.23,30.69,111.1,6.83,54.51,35.9,8.23,ZWF,ZWF,ZWF,,,0.43,14.77
20220916JIM01,JIM01,9/16/2022,2022,9,1/0/1900,25.04047,-80.61578,2.7,270,2.07,0.48,0.54,13,12.96,,30.92,80.3,4.78,60.8,40.62,7.98,30.92,80,4.77,60.79,40.62,7.98,ZWF,ZWF,ZWF,,,0.51,12.98
20220916JOE01,JOE01,9/16/2022,2022,9,1/0/1900,25.21548,-80.53389,1.7,,11.9,6.56,7.65,40.95,41.04,,31.02,77.4,4.94,41.93,26.74,7.94,30.51,80.6,5.2,42.94,27.47,7.96,ZWF,ZWF,ZWF,,,7.105,40.995
20220916LBS01,LBS01,9/16/2022,2022,9,1/0/1900,25.2125,-80.44331,,,2.55,0.2,0.2,25.52,25.44,,30.16,86.1,5.36,53.37,35.08,8.01,30.18,86.4,5.37,53.36,35.07,8.01,ZWF,ZWF,ZWF,,,0.2,25.48
20220916LBUT01,LBUT01,9/16/2022,2022,9,1/0/1900,25.13739,-80.44792,2.4,240,0.77,0.45,0.45,23.81,23.98,,30.64,83.8,5.07,57.53,38.16,7.99,30.66,83,5.04,57.54,38.17,7.99,ZWF,ZWF,ZWF,,,0.45,23.895
20220916LMAD01,LMAD01,9/16/2022,2022,9,1/0/1900,25.18512,-80.6346,1.5,150,1.04,0.57,0.61,31.82,31.61,,30.19,75.2,4.78,46.16,29.8,7.95,30.07,81.6,5.23,46.46,30.02,8,ZWF,ZWF,ZWF,,,0.59,31.715
20220916LONS01,LONS01,9/16/2022,2022,9,1/0/1900,25.2308,-80.45702,1.8,180,1.96,0.9,0.77,44.45,43.52,,30.26,79.6,5.04,48.06,31.17,7.98,30.3,79.3,5.03,48.05,31.17,7.98,ZWF,ZWF,ZWF,,,0.835,43.985
20220916MANK01,MANK01,9/16/2022,2022,9,1/0/1900,25.08492,-80.60417,2.4,240,2.05,0.39,0.38,12.96,11.71,,30.64,93,5.63,57.86,38.41,8.06,30.64,92.9,5.63,57.84,38.4,8.06,ZWF,ZWF,ZWF,,,0.385,12.335
20220916NEST01,NEST01,9/16/2022,2022,9,1/0/1900,25.16272,-80.53283,1.7,170,2.23,0.59,0.58,9.2,9.3,,30.45,93.3,5.71,56.18,37.16,7.96,30.5,94,5.75,56.13,37.11,7.96,ZWF,ZWF,ZWF,,,0.585,9.25
20220916NEST02,NEST02,9/16/2022,2022,9,1/0/1900,25.12744,-80.54212,2.1,210,3.28,0.52,0.47,9.24,9.49,,30.47,96.6,5.89,57.1,37.85,8,30.48,97.3,5.93,57.13,37.87,8,ZWF,ZWF,ZWF,,,0.495,9.365
20220916SWA01,SWA01,9/16/2022,2022,9,1/0/1900,25.10885,-80.49604,2.2,220,3.28,0.41,0.38,12.73,12.88,,30.35,88.7,5.39,58.11,38.61,7.99,30.35,88.7,5.39,58.11,38.61,7.99,ZWF,ZWF,ZWF,,,0.395,12.805
20220916TAV01,TAV01,9/16/2022,2022,9,1/0/1900,25.01935,-80.56698,2.6,260,1.09,0.42,0.45,10.13,9.96,,31.03,91.8,5.5,59.29,39.48,8.14,31.03,93.4,5.59,59.3,39.48,8.15,ZWF,ZWF,ZWF,,,0.435,10.045
20220916UCB01,UCB01,9/16/2022,2022,9,1/0/1900,25.0433,-80.55418,2.3,230,1.86,0.57,0.59,11.56,11.67,,30.61,95.1,5.72,59.75,39.84,8.2,30.62,97.4,5.85,59.74,39.83,8.21,ZWF,ZWF,ZWF,,,0.58,11.615
202220529RAB04,RAB04,5/29/2022,2022,5,1/0/1900,24.96825,-80.83994,2.5,100,3.6,10.57,9.82,31.42,32.66,,29.33,87.9,5.3,63.79,42.97,8.3,29.35,87,5.25,63.8,42.97,8.3,ZWF,ZWF,ZWF,,,10.195,32.04
202230713RUS02,RUS02,7/13/2023,2023,7,1/0/1900,25.08354,-80.68244,2.2,220,1.06,0.76,0.64,30.32,30.38,,33.46,80.4,4.66,58.19,38.55,8.08,33.5,80.8,4.68,58.19,38.54,8.09,ZWF,LAB,ZWF,,,0.7,30.35
20230613DEAO01,DC01,6/13/2023,2023,6,1/0/1900,25.17328,-80.81726,1.8,52,8.86,40.45,43.01,211.42,211.24,,29.64,,0.6,,29.69,8.19,,,,,,,ZWF,ZWF,,Estimated 20cm/second water velocity,,41.73,211.33
20230704RAB03,RAB03,7/14/2023,2023,7,1/0/1900,25.00171,-80.85701,2.4,240,0.45,0.65,0.63,22.57,22.32,,33,74.9,4.38,56.94,37.63,8.27,33.73,77.5,4.59,56.93,37.63,8.29,ZWF,LAB,ZWF,,,0.64,22.445
20230710CAT01,CAT01,7/10/2023,2023,7,1/0/1900,25.08855,-80.91287,2.1,210,3.59,1.08,0.99,13.6,13.56,,32.31,86.8,5.15,56.75,37.52,8.3,32.31,86.8,5.15,56.76,37.52,8.3,ZWF,LAB,ZWF,,,1.035,13.58
20230710CON01,CON01,7/10/2023,2023,7,1/0/1900,25.11836,-80.93994,3.3,160,5.42,1.37,1.33,11.73,11.55,,32.18,96,5.72,56.25,37.14,8.17,32.19,66.3,5.74,56.25,37.15,8.18,ZWF,LAB,ZWF,,,1.35,11.64
20230710CON02,CON02,7/10/2023,2023,7,1/0/1900,25.10246,-81.02092,3.4,200,5.54,1.52,1.26,9.76,9.94,,32.45,94.4,5.6,56.3,37.17,8.19,32.45,94.5,5.6,56.3,37.17,8.19,ZWF,LAB,ZWF,,,1.39,9.85
20230710FNB01,FNB01,7/10/2023,2023,7,1/0/1900,25.05798,-81.01912,3.9,260,3.67,0.94,0.84,13.26,13.03,,32.46,87.9,5.2,56.88,37.61,8.29,32.43,80.9,4.78,57.02,37.71,8.33,ZWF,LAB,ZWF,,,0.89,13.145
20230710FNB02,FNB02,7/10/2023,2023,7,1/0/1900,25.05576,-80.97989,1.6,150,4.86,1.72,1.74,16.68,16.36,,32.57,91.7,5.41,57.16,37.81,8.36,32.57,96,5.65,57.14,37.8,8.36,ZWF,LAB,ZWF,,,1.73,16.52
20230710JOHN01,JOHN01,7/10/2023,2023,7,1/0/1900,25.06342,-80.90621,1.4,140,0.92,0.98,0.75,21.64,21.76,,32.85,109.7,6.44,57.39,37.97,8.47,32.86,113.2,6.61,57.41,37.98,8.47,ZWF,LAB,ZWF,,,0.865,21.7
20230710JOHN02,JOHN02,7/10/2023,2023,7,1/0/1900,25.05647,-80.93056,1.4,140,0.83,0.5,0.45,16.84,16.93,,32.69,91.7,5.4,57.16,37.81,8.44,32.69,94.4,5.56,57.16,37.81,8.45,ZWF,LAB,ZWF,,,0.475,16.885
20230710JOHN03,JOHN03,7/10/2023,2023,7,1/0/1900,25.03961,-80.91504,1.7,170,0.64,0.65,0.45,17.77,17.58,,32.85,108.9,6.4,57.08,37.74,8.45,32.85,111.2,6.54,57.08,37.74,8.45,ZWF,LAB,ZWF,,,0.55,17.675
20230710LONG01,LONG01,7/10/2023,2023,7,1/0/1900,24.89956,-80.76578,2.7,270,11.4,0.59,0.52,21.7,22.16,,33.28,93.3,5.41,58.79,39,8.27,33.28,93.9,5.45,58.79,39,8.28,ZWF,LAB,ZWF,,,0.555,21.93
20230710LONG02,LONG02,7/10/2023,2023,7,1/0/1900,24.87641,-80.82948,2.8,280,1.48,0.46,0.37,11.05,11.59,,33.42,106.9,6.22,57.44,37.98,8.43,33.42,107.2,6.24,57.44,37.99,8.43,ZWF,LAB,ZWF,,,0.415,11.32
20230710NMB01,NMB01,7/10/2023,2023,7,1/0/1900,24.99985,-80.97952,1.8,180,1.69,0.94,0.9,6.55,6.43,,32.85,108.8,6.4,56.87,37.58,8.31,32.86,112.5,6.61,56.88,37.59,8.32,ZWF,LAB,ZWF,,,0.92,6.49
20230710NMB02,NMB02,7/10/2023,2023,7,1/0/1900,24.94701,-80.9289,3.2,320,0.74,0.53,0.56,8.58,8.22,,32.96,125.1,7.34,57.03,37.7,8.41,32.96,126.3,7.41,57.03,37.7,8.41,ZWF,LAB,ZWF,,,0.545,8.4
20230710NMB03,NMB03,7/10/2023,2023,7,1/0/1900,24.90603,-80.88183,2.5,250,0.86,0.55,0.5,9.7,9.7,,33.3,122,7.13,57.07,37.71,8.46,33.31,123.2,7.19,57.07,37.71,8.47,ZWF,LAB,ZWF,,,0.525,9.7
20230710RANKL01,RANKL01,7/10/2023,2023,7,1/0/1900,25.12276,-80.81423,1.4,140,1.3,0.81,0.78,31.45,31.6,,32.42,81.2,4.81,56.99,37.46,8.33,32.43,82,4.87,56.7,37.47,8.34,ZWF,LAB,ZWF,,,0.795,31.525
20230710SNB01,SNB01,7/10/2023,2023,7,1/0/1900,25.14096,-80.89347,2.3,108,9.27,1.6,1.52,36.9,36.97,,32.07,62.2,3.72,55.76,36.78,8.08,32.07,62.2,3.71,55.78,36.8,8.08,ZWF,LAB,ZWF,incoming tide,,1.56,36.935
20230711AC01,AC01,7/11/2023,2023,7,1/0/1900,25.17613,-80.79432,0.7,32,19.4,32.75,28.8,176.52,174.96,,31.97,14.1,0.92,32.61,20.21,7.71,,,,,,,ZWF,LAB,ZWF,,,30.775,175.74
20230711CAT02,CAT02,7/11/2023,2023,7,1/0/1900,25.09855,-80.8714,1.4,140,2.63,0.63,0.63,18.72,18.91,,33.47,125.2,7.28,57.29,37.87,8.34,33.47,127.3,7.42,57.29,37.87,8.35,ZWF,LAB,ZWF,,,0.63,18.815
20230711DC01,DC01,7/11/2023,2023,7,1/0/1900,25.17389,-80.81648,0.6,22,78.9,38.76,41.98,283.2,285.49,,32.81,3,0.19,33.6,20.88,8.1,,,,,,,ZWF,LAB,ZWF,"Do not access site if stage is lower than -0.2. Water was poo brown / pink, not normal tannic brown.  Sample taken and identified as Thiocapsa sp. By Tom Frankovich (a sulfur reducing anaerobic bacteria)",,40.37,284.345
20230711PEL01,PEL01,7/11/2023,2023,7,1/0/1900,25.07049,-80.82245,1.6,160,1.2,0.21,0.18,25.96,25.33,,34.05,95.8,5.53,56.7,37.4,8.35,33.79,106.1,6.14,56.85,37.52,8.38,ZWF,LAB,ZWF,,,0.195,25.645
20230711PEL02,PEL02,7/11/2023,2023,7,1/0/1900,25.0922,-80.82193,1.1,110,1.5,0.19,0.19,27.45,26.9,,33.95,107.7,6.2,57.48,37.99,8.3,33.96,108.2,6.26,57.47,37.98,8.31,ZWF,LAB,ZWF,,,0.19,27.175
20230711PEL03,PEL03,7/11/2023,2023,7,1/0/1900,25.06129,-80.85183,1.2,120,1.21,0.64,0.67,26.19,26.04,,34.01,136.3,7.85,57.75,38.19,8.4,33.99,143.4,8.26,57.73,38.18,8.42,ZWF,LAB,ZWF,,,0.655,26.115
20230711RANKB01,RANKB01,7/11/2023,2023,7,1/0/1900,25.14995,-80.77931,0.7,49,10.3,11.23,10.22,67.96,66.55,,31.91,71.2,4.28,54.89,36.13,8.07,,,,,,,ZWF,LAB,ZWF,,,10.725,67.255
20230711RANKL02,RANKL02,7/11/2023,2023,7,1/0/1900,25.14227,-80.81825,0.9,90,2.33,0.55,0.31,39.17,39.3,,33.14,85.4,5.01,56.76,37.48,8.3,,,,,,,ZWF,LAB,ZWF,,,0.43,39.235
20230711RANKL03,RANKL03,7/11/2023,2023,7,1/0/1900,25.16721,-80.80134,0.9,40,12.5,12.53,12.08,176.2,179.2,,33.01,84.5,5.28,40.41,25.6,8.38,,,,,,,ZWF,LAB,ZWF,,,12.305,177.7
20230711SANT01,SANT01,7/11/2023,2023,7,1/0/1900,25.15361,-80.76058,0.7,62,10.3,7.07,7.41,46.47,49.24,,31.8,53.2,3.21,54.38,35.77,7.94,,,,,,,ZWF,LAB,ZWF,,,7.24,47.855
20230711SID01,SID01,7/11/2023,2023,7,1/0/1900,25.01926,-80.78634,1.3,130,0.8,0.47,0.23,31.77,31.96,,34.64,146.3,8.3,59.1,39.18,8.32,34.48,151.1,8.65,,39.13,8.33,ZWF,LAB,ZWF,,,0.35,31.865
20230711SID02,SID02,7/11/2023,2023,7,1/0/1900,25.03183,-80.80658,1.4,140,0.75,0.2,0.26,31.11,31.18,,34.76,139.7,7.94,57.37,37.87,8.4,34.77,147.2,8.39,57.26,37.79,8.42,ZWF,LAB,ZWF,,,0.23,31.145
20230711SNB02,SNB02,7/11/2023,2023,7,1/0/1900,25.13535,-80.85395,0.9,90,0.9,0.16,0.14,28.66,29.13,,33.04,97.6,5.72,57.13,37.77,8.26,,,,,,,ZWF,LAB,ZWF,,,0.15,28.895
20230711TB01,TB01,7/11/2023,2023,7,1/0/1900,25.15724,-80.7247,0.7,48,15.2,19.06,19.3,119.7,119.78,,32.63,35.9,2.26,40.14,25.42,7.86,,,,,,,ZWF,LAB,ZWF,,,19.18,119.74
20230711TB02,TB02,7/11/2023,2023,7,1/0/1900,25.15559,-80.71704,0.8,58,4.99,6.54,9.34,187.97,202.47,,32.5,38.7,2.41,43.22,27.64,7.83,,,,,,,ZWF,LAB,ZWF,"Both CDOM reps were calculated from an average of two values each, thus four total readings were taken.",,7.94,195.22
20230713CAL01,CAL01,7/13/2023,2023,7,1/0/1900,25.05955,-80.71181,2,200,1.48,0.69,0.63,31.5,31.59,,33.78,89.1,5.17,57.12,37.73,8.16,33.77,89.7,5.22,57.1,37.7,8.17,ZWF,LAB,ZWF,,,0.66,31.545
20230713COR01,COR01,7/13/2023,2023,7,1/0/1900,25.02776,-80.76877,1.9,190,1.05,0.66,0.66,34.51,32.95,,34.15,83.8,4.81,58.14,38.48,8.17,33.31,60.9,3.58,58.12,38.5,8.1,ZWF,LAB,ZWF,,,0.66,33.73
20230713CROC01,CROC01,7/13/2023,2023,7,1/0/1900,25.12831,-80.6753,1.4,140,3.43,0.71,0.65,35.16,35.28,,33.4,83.3,4.93,53.61,35.13,8.06,33.39,83.9,4.96,53.61,35.13,8.06,ZWF,LAB,ZWF,,,0.68,35.22
20230713END01,END01,7/13/2023,2023,7,1/0/1900,25.10375,-80.71927,1.51,150,1.08,0.54,0.64,37.09,36.92,,33.5,88.6,5.17,56.52,37.29,8.15,33.52,90.5,5.28,56.53,37.3,8.15,ZWF,LAB,ZWF,,,0.59,37.005
20230713END02,END02,7/13/2023,2023,7,1/0/1900,25.1273,-80.71813,1.8,180,2.62,5.03,5.19,47.53,47.52,,33.34,92.3,5.43,54.88,36.08,8.16,33.36,93.4,5.49,54.89,36.08,8.16,ZWF,LAB,ZWF,,,5.11,47.525
20230713MAD01,MAD01,7/13/2023,2023,7,1/0/1900,25.15204,-80.68259,1.3,130,3.06,0.42,0.5,36.14,36.41,,32.7,80.2,4.81,52.05,34.01,8.04,32.78,80.8,4.85,52.04,33.99,8.04,ZWF,LAB,ZWF,,,0.46,36.275
20230713NWHIP01,NWHIP01,7/13/2023,2023,7,1/0/1900,25.12521,-80.74075,1.7,135,3.71,7.5,6.56,53.03,52.16,,33.39,89.5,5.23,56.3,37.13,8.09,33.4,89.8,5.24,56.32,37.15,8.09,ZWF,LAB,ZWF,,,7.03,52.595
20230713NWHIP02,NWHIP02,7/13/2023,2023,7,1/0/1900,25.12464,-80.76521,1.3,130,1.29,0.67,0.49,53.98,53.42,,33.52,59.2,3.42,56.1,36.99,7.98,33.56,56.1,3.27,56.1,36.98,7.98,ZWF,LAB,ZWF,,,0.58,53.7
20230713RUS01,RUS01,7/13/2023,2023,7,1/0/1900,25.04896,-80.66531,2.4,240,1.86,0.61,0.54,21.23,21.8,,33.66,91.9,5.29,59.94,39.86,8.1,33.7,92.8,5.33,59.95,39.86,8.1,ZWF,LAB,ZWF,,,0.575,21.515
20230713SPY01,SPY01,7/13/2023,2023,7,1/0/1900,25.02569,-80.72041,2.4,240,1.67,1.04,1.03,32.99,32.3,,33.4,92.2,5.41,56.87,37.56,8.22,33.42,94,5.48,56.89,37.57,8.22,ZWF,LAB,ZWF,,,1.035,32.645
20230713WHIP01,WHIP01,7/13/2023,2023,7,1/0/1900,25.09358,-80.76517,1.9,190,1.44,0.34,0.32,35.73,35.95,,33.7,84.2,4.86,57.44,37.97,8.27,33.72,84.1,4.88,57.44,37.97,8.27,ZWF,LAB,ZWF,,,0.33,35.84
20230713WHIP02,WHIP02,7/13/2023,2023,7,1/0/1900,25.07143,-80.76423,2,200,1.39,0.4,0.36,34.89,34.44,,33.53,82.2,4.75,57.67,38.15,8.15,33.56,84.3,4.91,57.71,38.18,8.17,ZWF,LAB,ZWF,,,0.38,34.665
20230713WHIP03,WHIP03,7/13/2023,2023,7,1/0/1900,25.04903,-80.76852,2.1,210,1.08,0.48,0.45,33.59,33.8,,33.27,63.5,3.7,57.53,38.06,8.13,33.24,64.9,3.8,57.69,38.18,8.14,ZWF,LAB,ZWF,,,0.465,33.695
20230714BLUE01,BLUE01,7/14/2023,2023,7,1/0/1900,25.02306,-80.92734,1.3,130,0.72,0.67,0.56,22.05,21.85,,32.81,82.6,4.85,57.17,37.81,8.38,32.78,81.9,4.82,57.16,37.81,8.38,ZWF,LAB,ZWF,,,0.615,21.95
20230714BLUE02,BLUE02,7/14/2023,2023,7,1/0/1900,24.99471,-80.92801,2.3,230,0.6,0.81,1.05,16.42,16.72,,32.76,70.7,4.16,56.99,37.67,8.31,32.76,71.1,4.19,56.98,37.67,8.31,ZWF,LAB,ZWF,"bottles labeled as BLUE2 site, but may have been RAB1. If discrepancy occurs with Chl, will have to adjust accordingly",,0.93,16.57
20230714CAP01,CAP01,7/14/2023,2023,7,1/0/1900,25.0073,-80.6475,2.5,250,1.36,0.95,0.89,22.51,22.1,,32.99,74.4,4.28,61.76,41.27,8.18,32.99,75.4,4.34,61.77,41.27,8.18,ZWF,LAB,ZWF,,,0.92,22.305
20230714COTT01,COTT01,7/14/2023,2023,7,1/0/1900,24.99638,-80.57931,2.6,260,1.03,1.28,1.23,14.78,14.91,,32.75,76.2,4.45,58.95,39.15,8.15,32.82,76,4.44,59.04,39.21,8.16,ZWF,LAB,ZWF,,,1.255,14.845
20230714COTT02,COTT02,7/14/2023,2023,7,1/0/1900,24.98027,-80.62531,2.5,250,1.92,1.52,1.43,14.43,14.27,,32.5,72.5,4.24,59.25,39.38,8.06,32.55,73.1,4.29,59.24,39.38,8.06,ZWF,LAB,ZWF,,,1.475,14.35
20230714LIG01,LIG01,7/14/2023,2023,7,1/0/1900,24.9341,-80.70947,3.1,310,1.9,1.2,1.12,18.12,18.23,,32.87,83.6,4.87,58.92,39.12,8.07,32.85,84.2,4.91,59,39.18,8.07,ZWF,LAB,ZWF,,,1.16,18.175
20230714LIG02,LIG02,7/14/2023,2023,7,1/0/1900,24.96446,-80.69436,2.9,290,1.95,1.16,1.08,25.62,25.53,,32.93,59.2,3.42,61.11,40.78,8.02,32.95,60,3.45,61.13,40.79,8.03,ZWF,LAB,ZWF,,,1.12,25.575
20230714LIG03,LIG03,7/14/2023,2023,7,1/0/1900,24.9664,-80.72706,2.6,260,1.83,0.7,0.79,28.49,28.06,,32.96,85.3,4.94,60.22,40.1,8.18,32.96,84.3,4.88,60.22,40.1,8.18,ZWF,LAB,ZWF,"Missing Surface Cond Salinity readings from field sheet. Since water is well mixed, used bottom readings instead",,0.745,28.275
20230714PORP01,PORP01,7/14/2023,2023,7,1/0/1900,25.0105,-80.69023,2.7,270,1.33,0.93,0.89,27.54,27.82,,32.64,73.9,4.32,59.06,39.24,8.23,32.65,73.9,4.31,59.07,39.25,8.23,ZWF,LAB,ZWF,,,0.91,27.68
20230714RAB01,RAB01,7/14/2023,2023,7,1/0/1900,25.01702,-80.89423,1.9,190,0.56,0.83,0.86,25.37,24.9,,32.93,66.6,3.89,57.45,38.01,8.34,32.89,68.2,4,57.44,38.01,8.35,ZWF,LAB,ZWF,"bottles labeled as BLUE2 site. If discrepancy occurs with Chl, will have to adjust accordingly",,0.845,25.135
20230714RAB02,RAB02,7/14/2023,2023,7,1/0/1900,24.97347,-80.87027,1.6,160,1.02,0.77,0.73,26.35,25.9,,30.43,44.9,2.74,56.61,37.49,8.11,30.3,38.8,2.37,56.72,37.56,8.08,ZWF,LAB,ZWF,,,0.75,26.125
20230714RAB04,RAB04,7/14/2023,2023,7,1/0/1900,24.96808,-80.84015,2.5,250,0.85,0.85,0.81,22.98,23.26,,32.85,73.1,4.28,57.37,37.95,8.32,32.65,73.1,4.32,57.38,37.97,8.33,ZWF,LAB,ZWF,,,0.83,23.12
20230714TWIN01,TWIN01,7/14/2023,2023,7,1/0/1900,24.95937,-80.78091,2.9,290,0.89,1.51,1.57,25.62,25.93,,32.05,97.2,5.69,57.82,38.29,8.35,32.93,101.3,5.95,57.82,38.29,8.36,ZWF,LAB,ZWF,,,1.54,25.775
20230714TWIN02,TWIN02,7/14/2023,2023,7,1/0/1900,24.98366,-80.80917,2.5,250,0.68,1.13,1.06,29.4,29.25,,33.26,83.2,4.85,57.44,38,8.24,33.11,84.2,4.99,57.44,38,8.25,ZWF,LAB,ZWF,,,1.095,29.325
20230714TWIN03,TWIN03,7/14/2023,2023,7,1/0/1900,25.00352,-80.75443,2.4,240,1.27,2.75,2.6,29.85,29.99,,32.98,91.9,5.38,57.39,37.96,8.25,32.94,93.4,5.47,57.37,37.95,8.26,ZWF,LAB,ZWF,,,2.675,29.92
20230717BBK01,BBK01,7/17/2023,2023,7,1/0/1900,25.15977,-80.62545,1.9,190,1.41,0.4,0.35,20.74,21.33,,32.56,103.1,6.5,41.02,26.04,8.19,32.59,106.3,6.7,41.04,26.06,8.2,ZWF,LAB,ZWF,,,0.375,21.035
20230717BBK02,BBK02,7/17/2023,2023,7,1/0/1900,25.12355,-80.58986,1.8,180,3.48,0.14,0.12,12.28,12.17,,32.52,91.7,5.6,48.42,31.35,8.02,32.52,91.3,5.58,48.4,31.34,8.02,ZWF,LAB,ZWF,,,0.13,12.225
20230717BLAS01,BLAS01,7/17/2023,2023,7,1/0/1900,25.17062,-80.41699,2.7,270,0.99,0.28,0.27,24.17,23.81,,32.93,100.5,6.05,51.29,33.44,8.2,32.94,101.6,6.1,51.31,33.46,8.2,ZWF,LAB,ZWF,,,0.275,23.99
20230717BNUT01,BNUT01,7/17/2023,2023,7,1/0/1900,25.07401,-80.52997,2.6,260,3.38,0.23,0.2,11.84,12.21,,32.82,91.7,5.42,55.36,36.46,8.05,32.82,91.3,5.41,55.36,36.45,8.05,ZWF,LAB,ZWF,,,0.215,12.025
20230717BUTT01,BUTT01,7/17/2023,2023,7,1/0/1900,25.111,-80.45642,2.4,240,0.61,0.77,0.78,22.31,22.85,,33.1,79.9,4.76,53.12,34.78,8.11,33.12,79.3,4.72,53.11,34.77,8.11,ZWF,LAB,ZWF,,,0.775,22.58
20230717DEER01,DEER01,7/17/2023,2023,7,1/0/1900,25.18533,-80.51435,1.6,160,3.23,0.59,0.57,14.09,13.29,,32.72,111.4,6.96,42.85,27.34,8.23,32.74,113.3,7.06,42.84,27.33,8.24,ZWF,LAB,ZWF,,,0.58,13.69
20230717DUCK01,DUCK01,7/17/2023,2023,7,1/0/1900,25.18979,-80.47321,1.7,170,1.18,0.38,0.35,14.95,15.32,,32.27,100.1,6.29,42.25,26.93,8.19,32.28,100.1,6.29,42.24,26.92,8.19,ZWF,LAB,ZWF,,,0.365,15.135
20230717DUCK02,DUCK02,7/17/2023,2023,7,1/0/1900,25.15571,-80.48427,1.6,160,1.46,0.2,0.21,12.72,12.51,,32.4,89.5,5.51,47.1,30.41,8.08,32.42,89.6,5.52,47.15,30.44,8.08,ZWF,LAB,ZWF,,,0.205,12.615
20230717EAGLE01,EAGLE01,7/17/2023,2023,7,1/0/1900,25.1785,-80.57267,1.8,180,4.53,1.49,1.29,22.17,22.57,,32.99,128.3,8.15,36.82,23.08,8.36,32.98,130.9,8.31,36.82,23.09,8.36,ZWF,LAB,ZWF,,,1.39,22.37
20230717JIM01,JIM01,7/17/2023,2023,7,1/0/1900,25.04038,-80.6162,2.6,260,2.25,0.21,0.21,22,21.7,,33.23,80.8,4.67,59.97,39.9,8.07,33.22,80.3,4.64,59.97,39.9,8.07,ZWF,LAB,ZWF,,,0.21,21.85
20230717JOE01,JOE01,7/17/2023,2023,7,1/0/1900,25.21541,-80.53393,1.5,100,6.76,2.19,2.11,40.84,40.56,,32.24,92.3,6.4,14.68,8.4,8.23,33.01,92.6,5.98,32.09,19.83,8.13,ZWF,LAB,ZWF,stratified,,2.15,40.7
20230717LBS01,LBS01,7/17/2023,2023,7,1/0/1900,25.21256,-80.44345,1.7,170,2.19,3.26,3.02,36.05,36.36,,32.17,101.5,6.42,41.74,26.57,8.28,33.39,81.8,5,44.2,28.31,8.16,ZWF,LAB,ZWF,stratified,,3.14,36.205
20230717LBUT01,LBUT01,7/17/2023,2023,7,1/0/1900,25.1374,-80.44822,,,0.89,0.58,0.53,23.72,23.86,,32.97,85.9,5.16,51.14,33.33,8.13,32.97,87,5.23,51.16,33.34,8.13,ZWF,LAB,ZWF,,,0.555,23.79
20230717LMAD01,LMAD01,7/17/2023,2023,7,1/0/1900,25.18501,-80.63451,1.3,130,7.81,0.87,0.79,57.69,59.04,,32.54,85.8,5.69,26.6,16.13,8.1,34.33,52,3.24,34.82,21.61,7.93,ZWF,LAB,ZWF,stratified,,0.83,58.365
20230717LONS01,LONS01,7/17/2023,2023,7,1/0/1900,25.23094,-80.45731,1.6,160,3,2.46,2.4,48.86,48.95,,31.7,105.9,6.98,32.15,19.9,8.3,32.77,71.9,4.57,35.43,22.14,8.08,ZWF,LAB,ZWF,stratified,,2.43,48.905
20230717MANK01,MANK01,7/17/2023,2023,7,1/0/1900,25.08445,-80.6038,2.4,240,3.5,0.41,0.37,15.91,16.14,,32.83,96.3,5.75,52.93,34.65,8.09,34.05,106,6.18,54.87,36.04,8.05,ZWF,LAB,ZWF,,,0.39,16.025
20230717NEST01,NEST01,7/17/2023,2023,7,1/0/1900,25.16208,-80.53318,1.7,170,3.97,0.46,0.44,12.42,12.48,,32.69,100.2,6.18,45.7,29.38,8.15,32.71,100.9,6.22,45.69,29.38,8.15,ZWF,LAB,ZWF,,,0.45,12.45
20230717NEST02,NEST02,7/17/2023,2023,7,1/0/1900,25.12712,-80.54193,2,200,2.94,0.23,0.19,9.33,9.28,,32.75,98.8,5.94,51.49,33.59,8.01,32.71,99,5.97,51.54,33.63,8.01,ZWF,LAB,ZWF,,,0.21,9.305
20230717SWA01,SWA01,7/17/2023,2023,7,1/0/1900,25.10869,-80.49593,2.1,210,3.1,0.13,0.13,12.65,12.59,,32.6,89.8,5.29,54.33,35.7,8,32.65,88.4,5.27,54.38,35.7,8,ZWF,LAB,ZWF,,,0.13,12.62
20230717TAV01,TAV01,7/17/2023,2023,7,1/0/1900,25.01923,-80.56654,2.5,250,1.29,0.32,0.28,17.75,17.7,,33.47,87.5,5.01,60.48,40.27,8.18,33.48,86.2,4.96,60.48,40.28,8.18,ZWF,LAB,ZWF,"Surface pH not recorded, but since well mixed, used bottom pH reading.",,0.3,17.725
20230717UCB01,UCB01,7/17/2023,2023,7,1/0/1900,25.04318,-80.55347,2.3,230,2.27,0.3,0.26,15.56,15.61,,33.14,102.8,5.96,59.64,39.65,8.24,33.16,105.6,6.12,59.67,39.67,8.25,ZWF,LAB,ZWF,,,0.28,15.585
20230831CAT01,CAT01,8/31/2023,2023,9,1/0/1900,25.08865,-80.91266,1.8,,3.57,0.82,0.85,21.5,21.53,,29.38,81.7,5.09,55.77,36.9,8.12,29.36,81.6,5.09,55.79,36.91,8.12,ZWF,LAB,ZWF,,,0.835,21.515
20230831CON01,CON01,8/31/2023,2023,9,1/0/1900,25.11827,-80.94026,2.7,62,35.1,3.43,3.17,24.44,24.19,,29.54,88.6,5.53,55.03,36.33,8.2,29.55,88.5,5.52,55.04,36.34,8.21,ZWF,LAB,ZWF,,,3.3,24.315
20230831CON02,CON02,8/31/2023,2023,9,1/0/1900,25.10257,-81.02088,2.6,41,56.3,4.4,4.72,16.4,16.22,,29.64,86.5,5.36,56.15,37.17,8.1,29.64,86.1,5.34,56.15,37.17,8.1,ZWF,LAB,ZWF,,,4.56,16.31
20230831FNB01,FNB01,8/31/2023,2023,9,1/0/1900,25.05757,-81.019,3.2,230,5.2,1.39,1.35,19.41,19.42,,28.84,53.7,3.37,56.73,37.62,7.95,29.07,58.6,3.66,56.9,37.75,8,ZWF,LAB,ZWF,,,1.37,19.415
20230831FNB02,FNB02,8/31/2023,2023,9,1/0/1900,25.05615,-80.97955,1,100,2.37,0.74,0.73,19.91,20.05,,29.49,82.3,5.1,56.54,37.47,8.26,,,,,,,ZWF,LAB,ZWF,,,0.735,19.98
20230831JOHN01,JOHN01,8/31/2023,2023,9,1/0/1900,25.06332,-80.9061,1,100,0.85,1.08,1.21,24.49,24.4,,29.9,89.3,5.53,55.31,36.53,8.26,,,,,,,ZWF,LAB,ZWF,,,1.145,24.445
20230831JOHN02,JOHN02,8/31/2023,2023,9,1/0/1900,25.05665,-80.93052,1.4,140,1.07,0.82,1.09,19.52,19.6,,29.56,86,5.32,56.58,37.49,8.18,29.57,88.8,5.53,56.58,37.49,8.2,ZWF,LAB,ZWF,,,0.955,19.56
20230831JOHN03,JOHN03,8/31/2023,2023,9,1/0/1900,25.03959,-80.91494,1.7,170,1.71,0.97,0.91,28.16,28.14,,29.62,89.3,5.57,54.57,35.99,8.14,29.58,99.3,6.19,54.59,36.01,8.2,ZWF,LAB,ZWF,,,0.94,28.15
20230831LONG01,LONG01,8/31/2023,2023,9,1/0/1900,24.90037,-80.76539,3,200,4.54,0.56,0.64,6.98,6.96,,30.1,97.1,6.03,53.94,35.51,8.12,30.03,99.8,6.21,53.98,35.53,8.15,ZWF,LAB,ZWF,,,0.6,6.97
20230831LONG02,LONG02,8/31/2023,2023,9,1/0/1900,24.87749,-80.82977,3.1,310,3.09,0.43,0.45,8.76,8.23,,29.98,94.4,5.86,54.52,35.94,8.06,29.97,94.4,5.86,54.52,35.94,8.07,ZWF,LAB,ZWF,,,0.44,8.495
20230831NMB01,NMB01,8/31/2023,2023,9,1/0/1900,25.00071,-80.97846,1.5,,2.63,1.33,1.49,21.27,21.111,,29.95,88.7,5.45,57.17,37.92,8.2,29.95,90.1,5.56,57.16,37.91,8.21,ZWF,ZWF,LAB,,,1.41,21.1905
20230831NMB02,NMB02,8/31/2023,2023,9,1/0/1900,24.94787,-80.92849,3.2,320,1.43,1.05,1.11,26.09,25.97,,30.21,91.5,5.58,58,38.54,8.3,30.21,91.4,5.57,58.01,38.54,8.31,ZWF,LAB,ZWF,,,1.08,26.03
20230831NMB03,NMB03,8/31/2023,2023,9,1/0/1900,24.90587,-80.8819,1.9,190,1.05,0.49,0.46,17.47,17.23,,30.08,97.5,5.98,57.22,37.95,8.23,30.07,97.9,6,57.27,37.99,8.24,ZWF,LAB,ZWF,,,0.475,17.35
20230831RANKL01,RANKL01,8/31/2023,2023,9,1/0/1900,25.12274,-80.81409,1.4,140,2.32,0.54,0.61,36.7,37.32,,29.8,82.2,5.12,54.24,35.74,8.34,29.81,82,5.11,54.24,35.73,8.35,ZWF,LAB,ZWF,,,0.575,37.01
20230831SNB01,SNB01,8/31/2023,2023,9,1/0/1900,25.14083,-80.89389,2.1,50,27.3,3.14,2.92,33.71,33.31,,29.24,79.2,4.97,54.31,35.81,7.97,29.22,77.5,4.87,54.33,35.82,7.96,ZWF,LAB,ZWF,,,3.03,33.51
20230901AC01,AC01,9/1/2023,2023,9,1/0/1900,25.17614,-80.79424,0.6,39,22.8,26.21,29.34,88,88.38,,30.84,11.9,0.75,50.64,30.04,7.64,,,,,,,ZWF,LAB,ZWF,,,27.775,88.19
20230901CAT02,CAT02,9/1/2023,2023,9,1/0/1900,25.09837,-80.87172,1,100,0.55,0.75,0.67,25.12,24.88,,30.73,66.9,4.09,55.29,36.48,8.12,,,,,,,ZWF,LAB,ZWF,,,0.71,25
20230901DC01,DC01,9/1/2023,2023,9,1/0/1900,25.17398,-80.81619,0.7,28,42.8,43.62,46,163.48,160.58,,30.38,3.6,0.22,45.88,29.59,7.84,,,,,,,ZWF,LAB,ZWF,Good flow,,44.81,162.03
20230901PEL01,PEL01,9/1/2023,2023,9,1/0/1900,25.06908,-80.82341,1.5,150,1.83,1.97,2.21,35.59,35.37,,31.83,90.7,5.42,56.8,37.58,8.25,31.74,91.9,5.5,56.75,37.54,8.26,ZWF,LAB,ZWF,,,2.09,35.48
20230901PEL02,PEL02,9/1/2023,2023,9,1/0/1900,25.09216,-80.8218,1.2,120,1.78,0.68,0.74,33.73,33.97,,31.73,119.8,7.21,55.81,36.83,8.47,31.72,123,7.4,55.81,36.83,8.48,ZWF,LAB,ZWF,,,0.71,33.85
20230901PEL03,PEL03,9/1/2023,2023,9,1/0/1900,25.06139,-80.85188,1.1,110,1.25,1.61,1.99,35.67,35.78,,31.75,70.4,4.23,55.98,36.96,8.27,31.71,76.5,4.58,55.98,36.96,8.29,ZWF,LAB,ZWF,,,1.8,35.725
20230901RANKB01,RANKB01,9/1/2023,2023,9,1/0/1900,25.14974,-80.7793,0.8,45,21.9,14.88,14.51,60.57,60.98,,30.38,85.5,5.36,50.73,33.12,7.97,,,,,,,ZWF,LAB,ZWF,,,14.695,60.775
20230901RANKL02,RANKL02,9/1/2023,2023,9,1/0/1900,25.14268,-80.81825,1.1,110,6.33,1.75,1.35,33.67,33.52,,31.1,75.3,4.59,54.34,35.76,8.26,31.07,75.5,4.62,54.33,35.76,8.27,ZWF,LAB,ZWF,,,1.55,33.595
20230901RANKL03,RANKL03,9/1/2023,2023,9,1/0/1900,25.1672,-80.80127,0.6,50,17.5,14.54,12.22,54.54,55.32,,30.8,99.8,6.27,48.32,31.35,8.17,,,,,,,ZWF,LAB,ZWF,,,13.38,54.93
20230901SANT01,SANT01,9/1/2023,2023,9,1/0/1900,25.15354,-80.76064,0.8,47,18.3,25.49,19.77,73.7,74.44,,30.51,85.6,5.34,51.35,33.58,7.97,,,,,,,ZWF,LAB,ZWF,,,22.63,74.07
20230901SID01,SID01,9/1/2023,2023,9,1/0/1900,25.01942,-80.78599,1.3,130,1.38,0.67,0.65,32.32,32.19,,31.8,116.1,6.9,58.64,38.95,8.33,31.77,120,7.18,58.66,38.97,8.34,ZWF,LAB,ZWF,,,0.66,32.255
20230901SID02,SID02,9/1/2023,2023,9,1/0/1900,25.03282,-80.80592,1.1,110,1.36,1,1.1,36.95,36.98,,31.84,95.2,5.65,58.56,38.89,8.23,31.82,97.2,5.76,58.55,38.89,8.27,ZWF,LAB,ZWF,,,1.05,36.965
20230901SNB02,SNB02,9/1/2023,2023,9,1/0/1900,25.13486,-80.85382,0.9,90,0.54,0.5,0.53,27.13,27.21,,30.67,54,3.31,55.24,36.45,8.12,,,,,,,ZWF,LAB,ZWF,,,0.515,27.17
20230901TB01,TB01,9/1/2023,2023,9,1/0/1900,25.15723,-80.72471,0.9,64,8,13.92,13.08,100.28,98.96,,30.53,37.1,2.39,44.93,28.93,7.51,,,,,,,ZWF,LAB,ZWF,,,13.5,99.62
20230901TB02,TB02,9/1/2023,2023,9,1/0/1900,25.15508,-80.71715,0.8,62,9.96,15.85,18.44,93.21,94.69,,30,3,0.18,51.69,33.84,7.25,,,,,,,ZWF,LAB,ZWF,,,17.145,93.95
20230902CAL01,CAL01,9/2/2023,2023,9,1/0/1900,25.05958,-80.71103,2.1,210,2.66,3.32,3.7,32.66,32.56,,31.18,101.4,6.1,57.31,37.98,8.25,31.17,101.1,6.09,57.31,37.98,8.25,ZWF,LAB,ZWF,,,3.51,32.61
20230902COR01,COR01,9/2/2023,2023,9,1/0/1900,25.02759,-80.76867,1.9,190,2.8,0.89,0.92,35.01,34.76,,31.05,67.1,4.01,59.47,39.62,8.09,31,66.7,3.99,59.5,39.64,8.09,ZWF,LAB,ZWF,,,0.905,34.885
20230902CROC01,CROC01,9/2/2023,2023,9,1/0/1900,25.12798,-80.67539,1.5,122,4.5,4.25,4.54,35.43,35.14,,31.27,88.8,5.47,51.61,33.74,8.1,31.26,88.8,5.46,51.61,33.74,8.1,ZWF,LAB,ZWF,,,4.395,35.285
20230902END01,END01,9/2/2023,2023,9,1/0/1900,25.10186,-80.71945,1.9,72,6.21,9.72,9.71,43.3,42.59,,31.01,92.4,5.64,54.88,36.17,8.1,31.03,92.8,5.65,54.9,36.18,8.1,ZWF,LAB,ZWF,,,9.715,42.945
20230902END02,END02,9/2/2023,2023,9,1/0/1900,25.12727,-80.71826,1.8,70,6.97,13.89,14.25,55.1,54.06,,31.29,95.5,5.85,52.53,34.42,8.04,31.42,92.1,5.62,53,34.75,8.04,ZWF,LAB,ZWF,,,14.07,54.58
20230902MAD01,MAD01,9/2/2023,2023,9,1/0/1900,25.15118,-80.68217,1.5,150,2.97,1.42,1.2,36.13,36.41,,31.38,99.2,6.13,49.97,32.53,8.15,31.4,98.9,6.11,49.97,32.53,8.15,ZWF,LAB,ZWF,,,1.31,36.27
20230902NWHIP01,NWHIP01,9/2/2023,2023,9,1/0/1900,25.12539,-80.7408,1.7,86,6.52,10.68,10.44,53.13,53.96,,31.16,94.2,5.8,51.96,34,8.08,31.17,94.6,5.79,51.97,34,8.08,ZWF,LAB,ZWF,,,10.56,53.545
20230902NWHIP02,NWHIP02,9/2/2023,2023,9,1/0/1900,25.12496,-80.76487,1.4,140,3.66,2.62,2.53,47.61,47.03,,31.18,72.7,4.48,51.47,33.63,7.97,31.18,72.6,4.48,51.46,33.63,7.97,ZWF,LAB,ZWF,,,2.575,47.32
20230902RUS01,RUS01,9/2/2023,2023,9,1/0/1900,25.04925,-80.66536,2.5,250,2.88,1.5,1.56,24.89,24.81,,31.09,84.6,5.12,56.18,37.13,8.15,31.1,84.2,5.1,56.18,37.14,8.15,ZWF,LAB,ZWF,,,1.53,24.85
20230902RUS02,RUS02,9/2/2023,2023,9,1/0/1900,25.08359,-80.68235,2.2,220,2.95,1.88,1.69,28.05,28.13,,31.21,87.7,5.32,55.22,36.42,8.11,31.21,87.5,5.31,55.23,36.42,8.1,ZWF,LAB,ZWF,,,1.785,28.09
20230902SPY01,SPY01,9/2/2023,2023,9,1/0/1900,25.026,-80.72041,2.4,240,2.03,1.85,1.75,33.27,32.85,,31.66,96.2,5.73,58.43,38.8,8.23,31.67,96.6,5.75,58.43,38.8,8.24,ZWF,LAB,ZWF,,,1.8,33.06
20230902WHIP01,WHIP01,9/2/2023,2023,9,1/0/1900,25.09401,-80.76544,2,200,2.36,1.7,1.64,43.9,43.73,,31.31,84.6,5.15,54.07,35.55,8.18,31.31,84.6,5.15,54.24,35.68,8.18,ZWF,LAB,ZWF,,,1.67,43.815
20230902WHIP02,WHIP02,9/2/2023,2023,9,1/0/1900,25.07145,-80.76451,2.1,210,2.4,1.77,1.57,38.27,37.99,,31.34,99.4,5.97,57.22,37.91,8.17,31.35,99.4,5.97,57.24,37.92,8.17,ZWF,LAB,ZWF,,,1.67,38.13
20230902WHIP03,WHIP03,9/2/2023,2023,9,1/0/1900,25.04911,-80.76834,2.2,220,2.02,1.14,1.16,36,35.71,,31.4,94,5.62,58.36,38.76,8.09,31.46,94,5.62,58.39,38.79,8.09,ZWF,LAB,ZWF,,,1.15,35.855
20230904CAP01,CAP01,9/4/2023,2023,9,1/0/1900,25.00746,-80.6475,2.3,230,1.99,0.96,0.95,16.88,16.91,,28.44,87.6,5.57,54.51,35.99,8.28,28.46,87.7,5.58,54.56,36.02,8.28,ZWF,LAB,ZWF,,,0.955,16.895
20230904COTT01,COTT01,9/4/2023,2023,9,1/0/1900,24.99606,-80.57956,2.4,240,0.86,0.59,0.57,15.65,16,,28.69,82.7,5.23,55.08,36.4,8.09,28.7,82.3,5.2,55.07,36.39,8.07,ZWF,LAB,ZWF,,,0.58,15.825
20230904COTT02,COTT02,9/4/2023,2023,9,1/0/1900,24.97997,-80.62542,2.3,230,2.03,0.68,0.6,9.48,9.49,,28.3,82.7,5.29,53.68,35.37,8.15,28.3,82.9,5.3,53.68,35.37,8.15,ZWF,LAB,ZWF,,,0.64,9.485
20230904LIG02,LIG02,9/4/2023,2023,9,1/0/1900,24.96469,-80.69438,2.7,270,2.09,0.8,0.81,14.3,14.16,,28.96,88.7,5.6,54.48,35.94,8.3,28.97,88.6,5.59,54.49,35.95,8.3,ZWF,LAB,ZWF,,,0.805,14.23
20230904PORP01,PORP01,9/4/2023,2023,9,1/0/1900,25.01,-80.69036,2.4,240,2.03,1.66,1.61,21.96,22.08,,28.58,88.1,5.55,56.3,37.31,8.31,28.6,87.9,5.53,56.3,37.32,8.31,ZWF,LAB,ZWF,,,1.635,22.02
20230905BLUE01,BLUE01,9/5/2023,2023,9,1/0/1900,25.02367,-80.92715,2.3,230,0.7,0.55,0.45,24.85,24.46,,23.31,75,4.78,54.07,35.65,8.37,28.32,74.5,4.75,54.08,35.67,8.37,ZWF,LAB,ZWF,,,0.5,24.655
20230905BLUE02,BLUE02,9/5/2023,2023,9,1/0/1900,24.99483,-80.92791,2.5,250,0.62,1.04,1.04,26.57,27.02,,28.69,86.2,5.44,55.33,36.59,8.27,28.69,87.1,5.49,55.34,36.59,8.27,ZWF,LAB,ZWF,,,1.04,26.795
20230905JIM01,JIM01,9/5/2023,2023,9,1/0/1900,25.04031,-80.61567,2.6,260,2.35,0.68,0.73,14.42,14.85,,28.87,97.2,6.2,52.32,34.35,8.21,28.88,98.6,6.28,52.33,34.35,8.22,ZWF,LAB,ZWF,,,0.705,14.635
20230905LIG01,LIG01,9/5/2023,2023,9,1/0/1900,24.93503,-80.71085,2.9,290,3.06,0.65,0.57,9.69,9.61,,28.74,88.2,5.6,53.67,35.35,8.15,28.75,88,5.59,53.65,35.33,8.15,ZWF,LAB,ZWF,,,0.61,9.65
20230905LIG03,LIG03,9/5/2023,2023,9,1/0/1900,24.9662,-80.72638,2.5,250,2.56,1.09,1.01,18.16,18.1,,28.66,88.4,5.57,56.01,37.1,8.32,28.66,88.4,5.57,56.02,37.1,8.32,ZWF,LAB,ZWF,,,1.05,18.13
20230905RAB01,RAB01,9/5/2023,2023,9,1/0/1900,25.017,-80.8948,1.8,180,0.58,0.57,0.59,31.59,31.6,,27.92,63.8,4.11,53.5,35.24,8.23,27.89,60.5,3.89,53.49,35.24,8.23,ZWF,LAB,ZWF,,,0.58,31.595
20230905RAB02,RAB02,9/5/2023,2023,9,1/0/1900,24.97311,-80.87087,1,100,0.69,0.94,0.95,27.78,27.87,,28.59,103.8,6.52,57.03,37.86,8.59,,,,,,,ZWF,LAB,ZWF,,,0.945,27.825
20230905RAB03,RAB03,9/5/2023,2023,9,1/0/1900,25.00184,-80.8568,2.4,240,0.58,0.63,0.64,34.69,35.73,,28.47,80.7,5.07,57.11,37.93,8.27,28.48,83.9,5.28,57.15,37.96,8.29,ZWF,LAB,ZWF,,,0.635,35.21
20230905RAB04,RAB04,9/5/2023,2023,9,1/0/1900,24.96817,-80.84063,2.4,240,0.66,0.84,0.8,32.93,33.04,,28.33,87.2,5.49,57.47,38.21,8.33,28.32,87.2,5.49,57.47,38.21,8.33,ZWF,LAB,ZWF,,,0.82,32.985
20230905TAV01,TAV01,9/5/2023,2023,9,1/0/1900,25.01971,-80.56633,2.4,240,0.75,0.33,0.29,14.22,14.02,,28.87,100.1,6.3,55.35,36.6,8.25,28.86,100.2,6.31,55.36,36.6,8.25,ZWF,LAB,ZWF,,,0.31,14.12
20230905TWIN01,TWIN01,9/5/2023,2023,9,1/0/1900,24.95976,-80.78038,2.8,280,0.83,0.76,0.72,30.25,29.55,,28.76,100.4,6.27,57.73,38.38,8.33,28.77,100.5,6.27,57.73,38.38,8.33,ZWF,LAB,ZWF,,,0.74,29.9
20230905TWIN02,TWIN02,9/5/2023,2023,9,1/0/1900,24.98351,-80.80947,2.5,250,1.37,0.9,0.98,32.64,32.51,,28.62,89.2,5.59,57.5,38.22,8.27,28.62,89.1,5.58,57.5,38.21,8.28,ZWF,LAB,ZWF,,,0.94,32.575
20230905TWIN03,TWIN03,9/5/2023,2023,9,1/0/1900,25.0038,-80.7544,2.3,230,2.02,0.88,0.91,26.58,26.99,,28.56,95.7,6.02,56.8,37.69,8.34,28.57,95.7,6.02,56.8,37.69,8.34,ZWF,LAB,ZWF,,,0.895,26.785
20230905UCB01,UCB01,9/5/2023,2023,9,1/0/1900,25.04338,-80.55413,2.2,220,2.56,0.58,0.54,13.89,13.68,,28.75,104.3,6.61,54.38,35.88,8.27,28.79,111.2,7.04,54.47,35.95,8.29,ZWF,LAB,ZWF,,,0.56,13.785
20230906BBK01,BBK01,9/6/2023,2023,9,1/0/1900,25.15963,-80.62527,1.9,190,2.65,0.72,0.77,27.71,27.43,,28.78,97.4,6.57,38.71,24.53,8.21,29.38,99.6,6.56,41.96,26.8,8.22,ZWF,LAB,ZWF,,,0.745,27.57
20230906BBK02,BBK02,9/6/2023,2023,9,1/0/1900,25.12435,-80.58969,,,4.27,0.48,0.43,13.78,13.73,,28.77,98.5,6.49,44.61,28.72,8.2,29.04,111.7,7.27,46.02,29.74,8.24,ZWF,LAB,ZWF,,,0.455,13.755
20230906BLAS01,BLAS01,9/6/2023,2023,9,1/0/1900,25.17036,-80.41663,2.7,270,0.88,0.61,0.57,28.54,28.2,,29.04,97,6.27,48.25,31.35,8.07,29.04,96.9,6.26,48.25,31.35,8.07,ZWF,LAB,ZWF,,,0.59,28.37
20230906BNUT01,BNUT01,9/6/2023,2023,9,1/0/1900,25.07397,-80.53009,2.6,260,,0.49,0.53,13.56,13.48,,28.71,104.4,6.69,51.99,34.1,8.17,28.91,101.4,6.45,52.62,34.56,8.17,ZWF,LAB,ZWF,,,0.51,13.52
20230906BUTT01,BUTT01,9/6/2023,2023,9,1/0/1900,25.11074,-80.4563,2.5,250,0.53,0.45,0.43,22.55,22.03,,29.05,110.2,7,52.42,34.41,8.15,29.85,60.4,3.75,54.61,36.01,7.96,ZWF,LAB,ZWF,,,0.44,22.29
20230906DEER01,DEER01,9/6/2023,2023,9,1/0/1900,25.18573,-80.5149,1.7,170,1.86,0.91,0.81,18.9,18.73,,29.02,105,6.92,43.63,28.02,8.22,29.69,122.9,7.91,46.75,30.24,8.27,ZWF,LAB,ZWF,,,0.86,18.815
20230906DUCK01,DUCK01,9/6/2023,2023,9,1/0/1900,25.19069,-80.47314,1.7,170,1.74,0.52,0.44,13.63,14.25,,28.67,92.2,5.99,48.74,31.72,8.16,28.68,92.5,6.01,48.73,31.71,8.16,ZWF,LAB,ZWF,,,0.48,13.94
20230906DUCK02,DUCK02,9/6/2023,2023,9,1/0/1900,25.15469,-80.48403,1.7,170,1.65,0.44,0.49,13.02,12.98,,28.79,87.2,5.56,52.62,34.57,8.08,28.79,86.9,5.54,52.64,34.58,8.08,ZWF,LAB,ZWF,,,0.465,13
20230906EAGLE01,EAGLE01,9/6/2023,2023,9,1/0/1900,25.17824,-80.57254,1.8,180,4.3,0.98,0.93,29.52,28.94,,28.87,102.4,7.11,30.79,19.04,8.3,29.06,104,7.07,35.16,22.04,8.31,ZWF,LAB,ZWF,,,0.955,29.23
20230906JOE01,JOE01,9/6/2023,2023,9,1/0/1900,25.21551,-80.53393,1.6,160,5.65,1.97,1.89,48.86,49.35,,29.46,92.2,6.75,12.89,7.36,8.19,29.26,93.6,6.87,13.52,7.75,8.17,ZWF,LAB,ZWF,,,1.93,49.105
20230906LBS01,LBS01,9/6/2023,2023,9,1/0/1900,25.21266,-80.44345,1.8,180,1.49,0.87,0.83,38.93,38.63,,28.1,102,7.06,34.5,21.6,8.19,29.64,86.4,5.74,38.92,24.65,8.12,ZWF,LAB,ZWF,,,0.85,38.78
20230906LBUT01,LBUT01,9/6/2023,2023,9,1/0/1900,25.13773,-80.44834,2.2,220,0.49,0.49,0.55,22.83,22.61,,28.63,97.7,6.28,51.52,33.76,8.11,29.46,75.4,4.71,52.76,34.65,8.02,ZWF,LAB,ZWF,,,0.52,22.72
20230906LMAD01,LMAD01,9/6/2023,2023,9,1/0/1900,25.18481,-80.63477,1.3,130,5.4,1.35,1.36,64.66,64.7,,29.06,90.8,6.37,26.93,16.43,8.08,29.26,70.6,4.9,28.57,17.51,8,ZWF,LAB,ZWF,,,1.355,64.68
20230906LONS01,LONS01,9/6/2023,2023,9,1/0/1900,25.23086,-80.45721,1.7,170,2.77,1.32,1.24,53.99,53.37,,28.72,94.9,6.76,24.65,14.91,8.15,29.73,95.9,6.62,28.39,17.39,8.15,ZWF,LAB,ZWF,,,1.28,53.68
20230906MANK01,MANK01,9/6/2023,2023,9,1/0/1900,25.08433,-80.60422,2.4,240,2.83,0.46,0.45,16.03,15.86,,28.88,95.6,6.21,47.65,30.91,8.19,28.94,92.6,5.99,48.43,31.49,8.14,ZWF,LAB,ZWF,,,0.455,15.945
20230906NEST01,NEST01,9/6/2023,2023,9,1/0/1900,25.16358,-80.53252,1.5,150,2.14,0.7,0.62,20.83,20.83,,28.8,103.5,6.95,39.84,25.32,8.28,29.36,123.9,8.14,43.08,27.61,8.33,ZWF,LAB,ZWF,,,0.66,20.83
20230906NEST02,NEST02,9/6/2023,2023,9,1/0/1900,25.12805,-80.54148,2,200,2.81,0.55,0.55,13.94,13.9,,29.07,99.2,6.49,45.16,29.11,8.19,28.97,99.6,6.52,45.24,29.18,8.19,ZWF,LAB,ZWF,,,0.55,13.92
20230906SWA01,SWA01,9/6/2023,2023,9,1/0/1900,25.10915,-80.49582,2.1,210,2.83,0.53,0.39,12.77,12.89,,28.79,101.3,6.47,52.59,34.55,8.17,29.08,98.9,6.23,53.96,35.55,8.15,ZWF,LAB,ZWF,,,0.46,12.83
20231107BBK01,BBK01,11/7/2023,2023,11,1/0/1900,25.15909,-80.62548,1.7,80,18.1,0.77,0.64,23.07,24.87,,24.76,96.6,6.89,41.31,26.46,7.96,24.205,97.5,7.03,40.76,25.71,7.98,LAB,LAB,ZWF,,,0.705,23.97
20231107BBK02,BBK02,11/7/2023,2023,11,1/0/1900,25.12321,-80.59005,1.7,50,30.7,0.87,0.78,18.33,18.91,,24.656,93.7,6.64,43.362,27.93,7.94,23.953,92.1,6.71,38.109,25.46,7.93,LAB,LAB,ZWF,,,0.825,18.62
20231107BLAS01,BLAS01,11/7/2023,2023,11,1/0/1900,25.17006,-80.41716,2.7,270,0.77,0.5,0.53,28.34,28.03,,24.221,93,6.56,46.453,30.16,7.85,24.16,96.2,6.8,46.471,30.18,7.87,LAB,LAB,ZWF,,,0.515,28.185
20231107BNUT01,BNUT01,11/7/2023,2023,11,1/0/1900,25.07389,-80.53024,2.5,180,7.01,0.55,0.61,17.75,17.24,,24.32,101.7,7.12,47.791,31.14,7.98,24.137,108.4,7.59,48.669,31.78,8.01,LAB,LAB,ZWF,,,0.58,17.495
20231107BUTT01,BUTT01,11/7/2023,2023,11,1/0/1900,25.10993,-80.45594,2.5,250,0.6,0.62,0.54,31.05,29.94,,24.013,94.5,6.67,47.454,30.9,7.78,24.435,68.5,4.74,49.04,32.01,7.71,LAB,LAB,ZWF,,,0.58,30.495
20231107CAT01,CAT01,11/7/2023,2023,11,1/0/1900,25.0882,-80.91226,2.1,126,8.89,3.62,3.93,20.43,18.65,,24,105.4,7.09,58.55,39.13,8.31,23.98,105.7,7.12,58.52,39.11,8.31,ZWF,LAB,ZWF,,,3.775,19.54
20231107CON01,CON01,11/7/2023,2023,11,1/0/1900,25.11873,-80.93894,3.3,100,8.07,2.45,1.97,22.55,22.47,,24.78,98.2,6.59,56.19,37.34,8.09,24.32,97.1,6.56,56.31,37.44,8.1,ZWF,LAB,ZWF,,,2.21,22.51
20231107CON02,CON02,11/7/2023,2023,11,1/0/1900,25.1029,-81.02148,3.3,152,4.38,1.83,1.8,23.16,23.32,,24.7,98.9,6.68,54.87,36.35,8.09,24.27,98.2,6.68,54.99,36.45,8.09,ZWF,LAB,ZWF,,,1.815,23.24
20231107DEER01,DEER01,11/7/2023,2023,11,1/0/1900,25.18486,-80.51492,1.5,150,1.54,0.26,0.21,27.11,26.39,,25.003,112.5,7.84,46.142,29.92,8,25.01,113.4,7.94,46.153,29.93,8,LAB,LAB,ZWF,,,0.235,26.75
20231107DUCK01,DUCK01,11/7/2023,2023,11,1/0/1900,25.18998,-80.47418,1.6,160,1.29,0.53,0.51,29.63,29.41,,24.169,102.3,7.22,45.089,29.18,7.95,24.225,105.6,7.51,45.266,29.31,7.97,LAB,LAB,ZWF,,,0.52,29.52
20231107DUCK02,DUCK02,11/7/2023,2023,11,1/0/1900,25.15481,-80.48397,1.5,150,1.82,0.41,0.46,26.49,26.07,,24.359,98.6,6.88,47.334,30.8,7.93,24.265,101.6,7.17,47.636,31.02,7.93,LAB,LAB,ZWF,,,0.435,26.28
20231107EAGLE01,EAGLE01,11/7/2023,2023,11,1/0/1900,25.17821,-80.57324,1.6,160,3.58,0.49,0.48,28.86,27.15,,24.895,107,7.66,38.765,24.65,8.04,24.782,126.4,9.15,38.478,24.63,8.12,LAB,LAB,ZWF,,,0.485,28.005
20231107FNB01,FNB01,11/7/2023,2023,11,1/0/1900,25.05799,-81.0191,4,200,3.15,0.53,0.45,16.39,16.5,,23.94,91,6.13,58.48,39.08,8.3,23.53,91,6.15,59.47,39.83,8.3,ZWF,LAB,ZWF,,,0.49,16.445
20231107FNB02,FNB02,11/7/2023,2023,11,1/0/1900,25.05603,-80.98019,1.7,170,4.01,1.52,1.66,14.84,14.88,,23.94,104.6,7.04,58.5,39.1,8.15,23.92,112.3,7.57,58.52,39.11,8.18,ZWF,LAB,ZWF,,,1.59,14.86
20231107JIM01,JIM01,11/7/2023,2023,11,1/0/1900,25.03993,-80.61662,2.5,100,11.5,0.43,0.6,14.64,14.74,,24.667,98.7,6.79,50.614,33.2,7.98,24.196,110.3,7.65,51.399,33.78,8.06,LAB,LAB,ZWF,,,0.515,14.69
20231107JOE01,JOE01,11/7/2023,2023,11,1/0/1900,25.2147,-80.53349,1.7,170,2.41,0.31,0.51,29.16,30.24,,25.943,112.8,7.84,42.322,27.13,8.01,25.81,111.7,7.8,43.731,28.16,8.01,LAB,LAB,ZWF,,,0.41,29.7
20231107JOHN01,JOHN01,11/7/2023,2023,11,1/0/1900,25.06369,-80.90628,1.6,160,1.48,2.93,3.21,17.39,17.39,,23.8,104.6,7.01,60.22,40.41,8.48,23.78,108.4,7.24,60.22,40.41,8.49,ZWF,LAB,ZWF,,,3.07,17.39
20231107JOHN02,JOHN02,11/7/2023,2023,11,1/0/1900,25.05682,-80.93105,2,200,1.05,1.9,1.65,16.08,15.88,,23.91,110.4,7.4,59.64,39.96,8.43,23.9,111.6,7.52,59.65,39.97,8.44,ZWF,LAB,ZWF,,,1.775,15.98
20231107JOHN03,JOHN03,11/7/2023,2023,11,1/0/1900,25.04025,-80.91439,2,200,0.62,1.15,1.29,20.27,20.24,,23.96,106.2,7.1,60.3,40.46,8.45,23.94,107.3,7.17,60.3,40.46,8.45,ZWF,LAB,ZWF,,,1.22,20.255
20231107LBS01,LBS01,11/7/2023,2023,11,1/0/1900,25.21154,-80.44323,1.7,170,0.55,0.34,0.24,32.02,33.13,,24.101,101.2,7.21,42.934,27.63,7.96,24.034,105.1,7.56,42.964,27.65,7.99,LAB,LAB,ZWF,,,0.29,32.575
20231107LBUT01,LBUT01,11/7/2023,2023,11,1/0/1900,25.13731,-80.44805,2.1,210,1.1,0.67,0.63,30.51,30.21,,24.139,96.3,6.8,46.657,30.32,7.85,24.134,96.4,6.8,46.721,30.36,7.85,LAB,LAB,ZWF,,,0.65,30.36
20231107LMAD01,LMAD01,11/7/2023,2023,11,1/0/1900,25.18412,-80.63451,1.2,120,8.51,0.89,0.85,38.13,42.38,,24.951,99.9,7.22,36.488,23.06,7.99,24.444,107.2,7.79,38.06,24.17,8.01,LAB,LAB,ZWF,,,0.87,40.255
20231107LONG01,LONG01,11/7/2023,2023,11,1/0/1900,24.89857,-80.76646,3,300,1.65,0.43,0.35,4.95,5.22,,24.33,98.5,6.71,54.31,35.94,8.11,24.34,99,6.74,54.31,35.95,8.11,ZWF,LAB,ZWF,,,0.39,5.085
20231107LONG02,LONG02,11/7/2023,2023,11,1/0/1900,24.87678,-80.83011,3.2,320,1.29,0.27,0.32,4.52,4.31,,24.45,96.9,6.58,54.57,36.14,8.11,24.45,97.2,6.6,54.58,36.14,8.11,ZWF,LAB,ZWF,,,0.295,4.415
20231107LONS01,LONS01,11/7/2023,2023,11,1/0/1900,25.23018,-80.45735,1.6,160,3.19,0.47,0.4,29.7,28.62,,24.126,93.6,6.63,45.463,29.45,7.87,24.086,99.3,7.04,45.524,29.49,7.89,LAB,LAB,ZWF,,,0.435,29.16
20231107MANK01,MANK01,11/7/2023,2023,11,1/0/1900,25.08384,-80.60424,2.3,110,11.6,0.38,0.44,15.84,16.28,,24.73,97,6.77,46.428,30.15,7.95,24.423,106.8,7.53,47.24,30.74,8.01,LAB,LAB,ZWF,,,0.41,16.06
20231107NEST01,NEST01,11/7/2023,2023,11,1/0/1900,25.16168,-80.53357,1.4,140,3.32,0.3,0.42,26.22,26.22,,25.113,106.2,7.48,42.58,27.36,8.02,25.255,130,8.02,37.494,23.75,8.02,LAB,LAB,ZWF,,,0.36,26.22
20231107NEST02,NEST02,11/7/2023,2023,11,1/0/1900,25.12665,-80.54285,1.7,80,5.6,0.43,0.32,24.34,24.1,,24.889,103.1,7.26,43.555,28.06,7.98,24.735,122.9,8.71,44.519,28.76,8.04,LAB,LAB,ZWF,,,0.375,24.22
20231107NMB01,NMB01,11/7/2023,2023,11,1/0/1900,25.00088,-80.9786,2.1,190,4.82,,,,,,24.1,97.6,6.51,60.01,40.24,8.32,24.14,97.6,6.51,60.01,40.24,8.32,ZWF,LAB,ZWF,"GRAB SAMPLE NOT COLLECTED, NO Chl or Turb",,,
20231107NMB02,NMB02,11/7/2023,2023,11,1/0/1900,24.94723,-80.92906,3.7,370,1.04,0.92,0.92,23.02,22.57,,24.19,95.5,6.43,57.68,38.47,8.21,24.19,95.5,6.43,57.68,38.47,8.22,ZWF,LAB,ZWF,,,0.92,22.795
20231107NMB03,NMB03,11/7/2023,2023,11,1/0/1900,24.90631,-80.88189,2.5,250,1.32,0.39,0.22,6.59,6.49,,24.15,95.5,6.58,54.11,35.8,8.09,24.15,99.3,6.8,54.14,35.82,8.1,ZWF,LAB,ZWF,,,0.305,6.54
20231107SNB01,SNB01,11/7/2023,2023,11,1/0/1900,25.14045,-80.89359,2.3,100,9.28,1.88,1.57,32.73,33,,24.48,96.1,6.42,58.56,39.12,8.14,24.45,96.6,6.44,58.38,38.95,8.15,ZWF,LAB,ZWF,,,1.725,32.865
20231107SWA01,SWA01,11/7/2023,2023,11,1/0/1900,25.10874,-80.49596,2,110,9.73,0.48,0.49,19.52,18.9,,24.147,96.3,6.77,47.371,30.83,7.95,23.785,100.5,7.13,47.323,30.8,7.97,LAB,LAB,ZWF,,,0.485,19.21
20231107TAV01,TAV01,11/7/2023,2023,11,1/0/1900,25.01903,-80.56717,2.4,105,11,0.61,0.57,14.35,14.05,,25.103,98.8,6.69,52.573,34.63,7.94,24.116,109.2,7.6,50.246,33.08,7.99,LAB,LAB,ZWF,,,0.59,14.2
20231107UCB01,UCB01,11/7/2023,2023,11,1/0/1900,25.04272,-80.55378,2.2,220,4.18,0.52,0.43,15.74,15.83,,24.431,104.7,7.25,49.885,32.66,8.03,24.609,126.7,8.73,50.834,33.36,8.09,LAB,LAB,ZWF,,,0.475,15.785
20231108AC01,AC01,11/8/2023,2023,11,1/0/1900,25.17622,-80.79414,0.8,38,18.5,28.82,25.39,88.28,86.63,,24.57,54,3.66,53.68,35.47,7.96,,,,,,,ZWF,LAB,ZWF,,,27.105,87.455
20231108BLUE01,BLUE01,11/8/2023,2023,11,1/0/1900,25.02295,-80.92772,1.8,180,0.68,0.86,0.88,20.78,19.22,,25.092,114.2,7.48,60.118,40.3,8.34,25.088,116.6,7.68,60.083,40.27,8.36,LAB,LAB,ZWF,,,0.87,20
20231108BLUE02,BLUE02,11/8/2023,2023,11,1/0/1900,24.99472,-80.92757,2.4,240,0.72,0.8,0.83,28.98,25.86,,25.055,105.6,6.92,60.735,40.77,8.22,25.025,106,6.96,60.725,40.76,8.22,LAB,LAB,ZWF,,,0.815,27.42
20231108CAP01,CAP01,11/8/2023,2023,11,1/0/1900,25.007,-80.64737,2.3,110,11.9,0.52,0.5,11.7,12.43,,24.78,92.6,6.29,53.307,35.18,7.96,24.753,91.1,6.21,53.314,35.19,7.95,LAB,LAB,ZWF,,,0.51,12.065
20231108CAT02,CAT02,11/8/2023,2023,11,1/0/1900,25.09826,-80.87151,1.5,150,1.83,0.69,0.6,26.96,27.01,,25.09,102.5,6.73,60.02,40.22,8.42,25.04,103.5,6.8,60.05,40.25,8.42,ZWF,LAB,ZWF,,,0.645,26.985
20231108COTT01,COTT01,11/8/2023,2023,11,1/0/1900,24.99565,-80.57903,2.4,240,1.21,0.42,0.36,10.85,10.53,,24.587,99,6.74,53.193,35.1,7.93,24.584,98.2,6.71,53.178,35.09,7.93,LAB,LAB,ZWF,,,0.39,10.69
20231108COTT02,COTT02,11/8/2023,2023,11,1/0/1900,24.97996,-80.62511,2.2,220,1.21,0.26,0.22,9.04,8.74,,24.95,98.8,6.69,53.352,35.21,7.95,24.939,97.8,6.64,53.337,35.2,7.95,LAB,LAB,ZWF,,,0.24,8.89
20231108DC01,DC01,11/8/2023,2023,11,1/0/1900,25.17395,-80.81623,0.8,32,22.3,36.16,32.38,121.31,119.37,,23.82,23.1,1.59,53.71,35.51,7.86,,,,,,,ZWF,LAB,ZWF,,,34.27,120.34
20231108LIG01,LIG01,11/8/2023,2023,11,1/0/1900,24.93417,-80.7103,2.7,270,1.41,0.36,0.35,7.38,7.25,,24.783,101,6.85,53.545,35.36,7.93,24.777,101.1,6.86,53.539,35.36,7.93,LAB,LAB,ZWF,,,0.355,7.315
20231108LIG02,LIG02,11/8/2023,2023,11,1/0/1900,24.96237,-80.69503,2.6,260,0.93,0.32,0.29,8.12,8,,24.845,99.7,6.76,53.321,35.19,7.94,24.848,99.5,6.75,53.297,35.18,7.94,LAB,LAB,ZWF,,,0.305,8.06
20231108LIG03,LIG03,11/8/2023,2023,11,1/0/1900,24.96579,-80.72717,2.3,230,2.51,0.28,0.24,6.54,6.55,,24.833,98.9,6.7,53.742,35.51,7.98,24.847,99.5,6.77,52.171,34.63,7.98,LAB,LAB,ZWF,,,0.26,6.545
20231108PEL01,PEL01,11/8/2023,2023,11,1/0/1900,25.06926,-80.8235,1.7,130,4.53,10.68,10.03,45.71,44.91,,25.36,105.2,6.97,57.06,37.98,8.23,25.12,108.5,7.24,57.06,37.99,8.25,ZWF,LAB,ZWF,,,10.355,45.31
20231108PEL02,PEL02,11/8/2023,2023,11,1/0/1900,25.09194,-80.82171,1.4,85,7.27,13.47,13.85,50.13,52.24,,25.17,104.2,6.97,55.73,36.99,8.26,25.03,107.8,7.23,55.73,36.99,8.27,ZWF,LAB,ZWF,,,13.66,51.185
20231108PEL03,PEL03,11/8/2023,2023,11,1/0/1900,25.06144,-80.85205,1.4,65,7.1,16.05,16.49,45.53,45.92,,25.4,103,6.8,57.81,38.55,8.24,25.31,105.5,6.97,57.79,38.53,8.25,ZWF,LAB,ZWF,,,16.27,45.725
20231108PORP01,PORP01,11/8/2023,2023,11,1/0/1900,25.01005,-80.69002,2.4,240,0.68,0.34,0.29,8.01,7.88,,24.692,109,7.4,53.593,35.4,8.04,24.681,108.2,7.37,53.57,35.38,8.05,LAB,LAB,ZWF,,,0.315,7.945
20231108RAB01,RAB01,11/8/2023,2023,11,1/0/1900,25.01635,-80.89458,1.8,180,1.65,5.59,6.23,38.04,39.27,,25.372,115.8,7.56,60.197,40.37,8.19,25.399,115.1,7.53,60.084,40.25,8.19,LAB,LAB,ZWF,,,5.91,38.655
20231108RAB02,RAB02,11/8/2023,2023,11,1/0/1900,24.97308,-80.87059,1.3,130,1.41,3.83,3.32,28.07,30.72,,25.123,100.5,6.61,58.737,39.25,8.11,25.122,99.8,6.65,58.693,39.21,8.12,LAB,LAB,ZWF,,,3.575,29.395
20231108RAB03,RAB03,11/8/2023,2023,11,1/0/1900,25.00085,-80.85744,2.3,230,1.69,5.28,5.09,32.78,33.81,,25.455,129.7,8.51,58.427,39,8.23,25.282,134.5,8.87,58.461,39.03,8.25,LAB,LAB,ZWF,,,5.185,33.295
20231108RAB04,RAB04,11/8/2023,2023,11,1/0/1900,24.96821,-80.84011,2.3,230,1.06,1.41,1.57,18.52,20.42,,25.655,116.3,7.69,56.432,37.5,8.19,25.644,115.7,7.65,56.382,37.46,8.19,LAB,LAB,ZWF,,,1.49,19.47
20231108RANKB01,RANKB01,11/8/2023,2023,11,1/0/1900,25.14956,-80.77974,0.9,72,10.5,12.35,11.74,51.71,51.11,,24.34,100.6,6.91,52.4,34.52,8.16,,,,,,,ZWF,LAB,ZWF,,,12.045,51.41
20231108RANKL01,RANKL01,11/8/2023,2023,11,1/0/1900,25.12236,-80.81415,1.5,150,4.55,10.84,9.58,41.67,45.12,,24.67,108.3,7.33,54.96,36.42,8.27,24.67,108.8,7.35,54.97,36.43,8.27,ZWF,LAB,ZWF,,,10.21,43.395
20231108RANKL02,RANKL02,11/8/2023,2023,11,1/0/1900,25.14198,-80.81834,1.2,71,11.5,14.61,14.28,42.58,42.44,,24.68,106.1,7.19,54.3,35.99,8.23,24.69,106.5,7.21,54.37,35.9,8.23,ZWF,LAB,ZWF,,,14.445,42.51
20231108RANKL03,RANKL03,11/8/2023,2023,11,1/0/1900,25.16725,-80.80137,0.7,38,16.4,22.84,23.07,82.29,84.19,,24.44,95.4,6.51,53.56,35.38,8.16,,,,,,,ZWF,LAB,ZWF,,,22.955,83.24
20231108SANT01,SANT01,11/8/2023,2023,11,1/0/1900,25.1534,-80.76083,0.9,90,5.59,4.63,4.07,32.79,32.27,,24.74,95,6.47,52.78,34.79,8.16,,,,,,,ZWF,LAB,ZWF,,,4.35,32.53
20231108SID01,SID01,11/8/2023,2023,11,1/0/1900,25.01903,-80.78607,1.4,140,1.71,0.77,0.68,17.39,17.3,,25.46,118,7.87,55.18,36.57,8.25,25.45,119.4,7.96,55.16,36.55,8.25,ZWF,LAB,ZWF,,,0.725,17.345
20231108SID02,SID02,11/8/2023,2023,11,1/0/1900,25.03271,-80.80648,1.4,140,1.43,1.85,2.07,30.72,31,,25.39,97.8,6.46,57.5,38.31,8.22,25.4,109.5,7.21,57.65,38.42,8.28,ZWF,LAB,ZWF,,,1.96,30.86
20231108SNB02,SNB02,11/8/2023,2023,11,1/0/1900,25.1351,-80.8542,0.9,97,3.8,8.53,8.58,52.12,52.88,,24.94,96,6.28,61.44,41.31,8.44,,,,,,,ZWF,LAB,ZWF,,,8.555,52.5
20231108TB01,TB01,11/8/2023,2023,11,1/0/1900,25.15731,-80.72468,1.1,88,8.3,6.84,6.98,55.53,54.96,,24.31,90.8,6.33,49.16,32.14,8.1,24.17,81.7,5.68,49.29,32.24,8.03,ZWF,LAB,ZWF,,,6.91,55.245
20231108TB02,TB02,11/8/2023,2023,11,1/0/1900,25.15523,-80.71711,0.9,90,9.77,3.23,2.18,37.69,37.95,,24.95,71.4,4.88,51.12,33.57,7.98,,,,,,,ZWF,LAB,ZWF,,,2.705,37.82
20231108TWIN01,TWIN01,11/8/2023,2023,11,1/0/1900,24.95856,-80.78141,2.7,270,0.58,0.34,0.31,11.05,8.05,,24.944,117,7.9,53.893,35.59,8.1,24.946,117.5,7.97,53.884,35.61,8.1,LAB,LAB,ZWF,,,0.325,9.55
20231108TWIN02,TWIN02,11/8/2023,2023,11,1/0/1900,24.9832,-80.8091,2.3,230,1.15,0.65,0.62,12.27,14.15,,24.922,105.2,7.06,55.207,36.6,8.12,24.949,108,7.28,55.25,36.67,8.13,LAB,LAB,ZWF,,,0.635,13.21
20231108TWIN03,TWIN03,11/8/2023,2023,11,1/0/1900,25.00313,-80.75416,2.1,210,2.79,0.78,0.81,15.35,15.25,,25.025,117.1,7.9,54.153,35.81,8.13,25.021,117.7,7.96,54.104,35.77,8.15,LAB,LAB,ZWF,,,0.795,15.3
20231109CAL01,CAL01,11/9/2023,2023,11,1/0/1900,25.05957,-80.71126,2.4,240,2.55,0.43,0.35,16.71,16.78,,25.07,97.7,6.64,51.72,34.01,8.18,25.35,93.1,6.25,52.71,34.73,8.17,ZWF,LAB,ZWF,,,0.39,16.745
20231109COR01,COR01,11/9/2023,2023,11,1/0/1900,25.02763,-80.7687,2.1,210,2.96,0.66,0.67,18.45,18.31,,25.57,96.1,6.41,54.45,36.02,8.23,25.48,97.4,6.51,54.5,36.05,8.24,ZWF,LAB,ZWF,,,0.665,18.38
20231109CROC01,CROC01,11/9/2023,2023,11,1/0/1900,25.12826,-80.67508,1.7,170,3.52,0.51,0.46,24.03,24.52,,24.94,94.1,6.56,46.4,30.11,8.13,25.12,89,6.17,46.81,30.4,8.11,ZWF,LAB,ZWF,,,0.485,24.275
20231109END01,END01,11/9/2023,2023,11,1/0/1900,25.10226,-80.71998,2.1,210,1.55,0.42,0.39,18.98,18.77,,25.29,94.1,6.37,51.92,34.15,8.2,25.32,94.1,6.37,52.08,34.26,8.2,ZWF,LAB,ZWF,,,0.405,18.875
20231109END02,END02,11/9/2023,2023,11,1/0/1900,25.12741,-80.71824,,,1.47,0.53,0.55,24.6,24.68,,25.16,91.8,6.25,51.01,33.48,8.17,25.25,89.3,6.05,51.69,33.98,8.16,ZWF,LAB,ZWF,,,0.54,24.64
20231109MAD01,MAD01,11/9/2023,2023,11,1/0/1900,25.15107,-80.68188,1.6,160,2.51,0.78,0.66,47.72,47.56,,24.98,92,6.33,49.66,32.49,8.18,24.98,92.2,6.33,49.65,32.49,8.18,ZWF,LAB,ZWF,,,0.72,47.64
20231109NWHIP01,NWHIP01,11/9/2023,2023,11,1/0/1900,25.12547,-80.74072,1.9,190,2.15,1.12,0.96,24.96,25.21,,25.08,92.5,6.28,52.15,34.33,8.16,25.04,95.5,6.48,52.37,34.5,8.18,ZWF,LAB,ZWF,,,1.04,25.085
20231109NWHIP02,NWHIP02,11/9/2023,2023,11,1/0/1900,25.12463,-80.76541,1.6,160,4.21,3.86,3.86,32.58,32.96,,25.24,95.4,6.43,53.58,35.38,8.22,25.24,95.9,6.45,53.58,35.38,8.22,ZWF,LAB,ZWF,,,3.86,32.77
20231109RUS01,RUS01,11/9/2023,2023,11,1/0/1900,25.04873,-80.66509,2.7,270,4.64,0.56,0.49,14.68,14.87,,24.87,99.9,6.88,49.75,32.56,8.19,24.84,100.4,6.91,49.91,32.67,8.19,ZWF,LAB,ZWF,,,0.525,14.775
20231109RUS02,RUS02,11/9/2023,2023,11,1/0/1900,25.08403,-80.68196,2.4,240,2.17,0.4,0.4,15.33,15.63,,24.89,89.9,6.17,50.26,32.89,8.12,24.9,90,6.18,50.21,32.9,8.13,ZWF,LAB,ZWF,,,0.4,15.48
20231109SPY01,SPY01,11/9/2023,2023,11,1/0/1900,25.026,-80.72108,,80,9.8,0.96,0.83,12.76,12.47,,25.02,91.7,6.18,54.04,35.73,8.16,25.01,91.6,6.17,54.05,35.74,8.16,ZWF,LAB,ZWF,,,0.895,12.615
20231109WHIP01,WHIP01,11/9/2023,2023,11,1/0/1900,25.09374,-80.76524,2.2,220,3.17,1.82,1.56,31.55,27.77,,25.06,95.3,6.38,55.73,36.99,8.22,25.04,96,6.43,55.74,37,8.22,ZWF,LAB,ZWF,,,1.69,29.66
20231109WHIP02,WHIP02,11/9/2023,2023,11,1/0/1900,25.07208,-80.76427,2.3,230,2.58,1.09,1.04,24.18,23.86,,25.22,100.5,6.72,55.28,36.65,8.24,25.21,100.6,6.73,55.29,36.66,8.24,ZWF,LAB,ZWF,,,1.065,24.02
20231109WHIP03,WHIP03,11/9/2023,2023,11,1/0/1900,25.04884,-80.76828,2.3,230,2.22,0.73,0.71,19.58,19.71,,25.48,106.5,7.11,54.81,36.29,8.27,25.26,107.8,7.21,35.34,36.69,8.28,ZWF,LAB,ZWF,,,0.72,19.645
20240116CAT01,CAT01,1/16/2024,2024,1,1/0/1900,25.0882,-80.91314,1.7,107,10.3,1.53,1.35,29.28,28.48,,23.89,91.1,6.45,46.97,30.55,8.21,23.89,91.2,6.46,46.98,30.55,8.21,ZWF,LAB,ZWF,,,1.44,28.88
20240116CON01,CON01,1/16/2024,2024,1,1/0/1900,25.11856,-80.93986,,90,15,3.72,3.31,26.64,26.99,,23.37,92.4,6.61,46.89,30.5,8.1,23.37,93.2,6.67,46.88,30.49,8.11,ZWF,LAB,ZWF,,,3.515,26.815
20240116CON02,CON02,1/16/2024,2024,1,1/0/1900,25.1023,-81.0214,3.1,136,8.84,3.16,2.97,25.34,24.38,,23.11,92.1,6.61,47.17,30.71,8.06,23.11,92.4,6.63,47.17,30.71,8.06,ZWF,LAB,ZWF,,,3.065,24.86
20240116FNB01,FNB01,1/16/2024,2024,1,1/0/1900,25.05737,-81.01855,3.4,158,4.03,1.17,1.02,24.07,23.68,,23.23,78.8,5.6,48.03,31.34,8.05,23.21,79.3,5.66,48.03,31.33,8.06,ZWF,LAB,ZWF,,,1.095,23.875
20240116FNB02,FNB02,1/16/2024,2024,1,1/0/1900,25.0559,-80.97989,1.3,130,2.64,0.52,0.46,24.84,25.09,,23.84,94.7,6.7,47.33,30.81,8.12,23.83,94.7,6.2,47.32,30.8,8.12,ZWF,LAB,ZWF,,,0.49,24.965
20240116JOHN01,JOHN01,1/16/2024,2024,1,1/0/1900,25.06312,-80.90583,1.2,120,0.51,0.53,0.5,30.05,30.44,,24.57,100.4,7.03,47.03,30.58,8.51,24.55,104.1,7.23,47.03,30.58,8.51,ZWF,LAB,ZWF,,,0.515,30.245
20240116JOHN02,JOHN02,1/16/2024,2024,1,1/0/1900,25.05637,-80.93096,1.3,130,1.38,0.33,0.28,28.29,28.56,,24.76,102.4,7.14,47.24,30.73,8.43,24.76,102.8,7.17,47.24,30.73,8.43,ZWF,LAB,ZWF,,,0.305,28.425
20240116JOHN03,JOHN03,1/16/2024,2024,1,1/0/1900,25.0398,-80.91517,1.3,130,0.34,0.34,0.32,29.69,29.81,,24.65,105,7.34,47.05,30.59,8.53,24.62,105.4,7.37,47.06,30.6,8.54,ZWF,LAB,ZWF,,,0.33,29.75
20240116LONG01,LONG01,1/16/2024,2024,1,1/0/1900,24.89978,-80.7658,3,300,1.82,0.35,0.33,10.62,10.63,,24.62,94,6.61,45.56,29.52,8.12,24.55,94.1,6.63,45.85,29.72,8.12,ZWF,LAB,ZWF,,,0.34,10.625
20240116LONG02,LONG02,1/16/2024,2024,1,1/0/1900,24.87615,-80.82973,3,300,2.45,0.47,0.4,11.76,11.89,,24.68,99.5,6.98,45.97,29.81,8.2,24.67,99.4,6.97,45.97,29.8,8.2,ZWF,LAB,ZWF,,,0.435,11.825
20240116NMB01,NMB01,1/16/2024,2024,1,1/0/1900,25.00004,-80.97961,1.4,140,3.64,0.68,0.8,22.34,22.23,,23.71,91.8,6.47,48.93,31.98,8.13,23.69,92.7,6.55,48.94,31.99,8.14,ZWF,LAB,ZWF,,,0.74,22.285
20240116NMB02,NMB02,1/16/2024,2024,1,1/0/1900,24.94755,-80.92878,3.1,310,1.18,1.83,1.66,28.51,28.25,,24.15,95.4,6.75,46.36,30.1,8.36,24.14,95.5,6.75,46.39,30.12,8.37,ZWF,LAB,ZWF,,,1.745,28.38
20240116NMB03,NMB03,1/16/2024,2024,1,1/0/1900,24.90603,-80.88163,2.3,230,1.34,0.55,0.55,20.95,20.52,,24.46,100.3,7.11,44.5,28.76,8.26,24.45,100.6,7.13,44.52,28.76,8.26,ZWF,LAB,ZWF,,,0.55,20.735
20240116SNB01,SNB01,1/16/2024,2024,1,1/0/1900,25.14009,-80.89372,2.2,70,20.4,3.49,3.26,41.2,40.79,,23.81,88,6.3,45.08,29.18,8.07,23.83,88.1,6.29,45.09,29.19,8.08,ZWF,LAB,ZWF,,,3.375,40.995
20240117BLUE01,BLUE01,1/17/2024,2024,1,1/0/1900,25.02329,-80.927,2,200,0.82,0.44,0.36,30.59,29.9,,24.06,90.7,6.4,47.29,30.78,8.42,24.08,91.4,6.45,47.3,30.79,8.43,ZWF,LAB,ZWF,,,0.4,30.245
20240117BLUE02,BLUE02,1/17/2024,2024,1,1/0/1900,24.9949,-80.9265,2.2,220,0.9,0.34,0.32,30.48,30.6,,23.99,91.5,6.45,47.25,30.75,8.49,24.01,91.4,6.45,47.26,30.76,8.49,ZWF,LAB,ZWF,,,0.33,30.54
20240117CAP01,CAP01,1/17/2024,2024,1,1/0/1900,25.00751,-80.64702,2.4,,20.7,1.5,1.5,12.73,11.9,,24.25,92.6,6.68,40.72,26.05,8.21,24.25,92.4,6.67,40.75,26.08,8.21,ZWF,LAB,ZWF,too windy for secchi,,1.5,12.315
20240117COTT01,COTT01,1/17/2024,2024,1,1/0/1900,24.99572,-80.57892,2.5,250,1.85,0.4,0.41,11.24,11.61,,24.25,91.5,6.55,42.85,27.57,8.17,24.35,91.4,6.51,43.77,28.29,8.16,ZWF,LAB,ZWF,,,0.405,11.425
20240117COTT02,COTT02,1/17/2024,2024,1,1/0/1900,24.98076,-80.62466,2.3,230,3.22,0.38,0.32,10.06,10.15,,24.28,90.4,6.4,45.21,29.27,8.14,24.75,72.4,5,46.44,30.1,8.1,ZWF,LAB,ZWF,,,0.35,10.105
20240117LIG01,LIG01,1/17/2024,2024,1,1/0/1900,24.93501,-80.70992,2.9,290,2.11,0.55,0.49,10.39,10.52,,24.09,92.7,6.6,44.95,29.09,8.16,21.12,92.7,6.59,45,29.11,8.16,ZWF,LAB,ZWF,,,0.52,10.455
20240117LIG02,LIG02,1/17/2024,2024,1,1/0/1900,24.966,-80.69354,2.7,270,1.65,0.35,0.32,12.02,12.4,,24,96.8,6.96,42.82,27.56,8.23,24,96.8,6.96,42.84,27.57,8.23,ZWF,LAB,ZWF,,,0.335,12.21
20240117LIG03,LIG03,1/17/2024,2024,1,1/0/1900,24.96619,-80.72651,2.5,,6.94,2.82,2.79,22.06,21.46,,24.08,87.4,6.33,40.72,26.05,8.25,24.1,87.4,6.32,40.75,26.07,8.25,ZWF,LAB,ZWF,too windy for secchi,,2.805,21.76
20240117PORP01,PORP01,1/17/2024,2024,1,1/0/1900,25.01051,-80.68951,2.5,250,2.26,0.49,0.41,16.07,16.07,,24.22,96.7,7.06,38.25,34.31,8.34,24.22,96.7,7.05,38.33,34.37,8.34,ZWF,LAB,ZWF,,,0.45,16.07
20240117RAB01,RAB01,1/17/2024,2024,1,1/0/1900,25.01707,-80.894,1.7,170,0.67,0.44,0.41,30.89,32.03,,23.51,82.2,5.56,46.98,30.57,8.45,23.55,82.5,5.88,47,30.58,8.46,ZWF,LAB,ZWF,,,0.425,31.46
20240117RAB02,RAB02,1/17/2024,2024,1,1/0/1900,24.97321,-80.87054,0.8,80,3.26,1.55,1.48,28.77,29.05,,23.97,92.3,6.51,47.26,30.76,8.44,,,,,,,ZWF,LAB,ZWF,,,1.515,28.91
20240117RAB03,RAB03,1/17/2024,2024,1,1/0/1900,25.00208,-80.85686,2.3,230,0.47,0.58,0.44,32.43,32.75,,23.99,87.1,6.13,47.88,31.21,8.36,23.99,87.1,6.13,47.89,31.22,8.36,ZWF,LAB,ZWF,,,0.51,32.59
20240117RAB04,RAB04,1/17/2024,2024,1,1/0/1900,24.96846,-80.8395,2.4,240,0.99,0.52,0.46,28.37,27.73,,24.088,88.8,6.25,47.73,31.1,8.38,24.09,88.7,6.23,47.74,31.1,8.38,ZWF,LAB,ZWF,,,0.49,28.05
20240117TWIN01,TWIN01,1/17/2024,2024,1,1/0/1900,24.95891,-80.77989,2.9,290,2.68,2.81,2.57,34.41,34.22,,24,91.3,6.54,43.06,27.72,8.26,24.02,91.2,6.54,43.06,27.72,8.26,ZWF,LAB,ZWF,,,2.69,34.315
20240117TWIN02,TWIN02,1/17/2024,2024,1,1/0/1900,24.9837,-80.80867,2.4,240,1.43,0.68,0.64,33.31,33.85,,24.21,85.9,6.13,43.97,28.38,8.24,24.21,85.9,6.13,43.99,28.39,8.24,ZWF,LAB,ZWF,,,0.66,33.58
20240117TWIN03,TWIN03,1/17/2024,2024,1,1/0/1900,25.00382,-80.75377,2.3,230,2.14,1.15,1.26,23.64,22.89,,24.23,86.7,6.3,39.24,25,8.28,24.24,86.5,6.28,39.26,25.02,8.28,ZWF,LAB,ZWF,,,1.205,23.265
20240119AC01,AC01,1/19/2024,2024,1,1/0/1900,25.17614,-80.79425,0.7,37,22.4,28.68,25.27,132.38,132.3,,24.7,77.8,6.21,12.05,6.89,8.15,,,,,,,ZWF,LAB,ZWF,,,26.975,132.34
20240119CAL01,CAL01,1/19/2024,2024,1,1/0/1900,25.05942,-80.71141,1.6,160,3.65,0.49,0.38,25.39,25.66,,24.979,105.1,7.67,33.958,21.29,8.13,24.754,106.1,7.83,34.967,22,8.14,LAB,LAB,ZWF,,,0.435,25.525
20240119CAT02,CAT02,1/19/2024,2024,1,1/0/1900,25.0984,-80.87152,1.1,110,1.66,0.48,0.42,34.91,35.81,,24.49,105.8,7.44,46.22,30,8.31,24.97,110.5,7.77,46.22,29.99,8.34,ZWF,LAB,ZWF,,,0.45,35.36
20240119COR01,COR01,1/19/2024,2024,1,1/0/1900,25.02765,-80.7684,1.4,120,1.64,2.85,3.17,29.73,29.61,,25.542,117.7,8.44,36.689,23.18,8.22,25.534,116.4,8.4,36.732,23.21,8.22,LAB,LAB,ZWF,,,3.01,29.67
20240119CROC01,CROC01,1/19/2024,2024,1,1/0/1900,25.12833,-80.67505,1,100,10.5,0.53,0.48,24.95,25.47,,24.961,103.6,7.74,28.22,17.37,8.1,25.129,106.6,7.93,31.168,19.36,8.1,LAB,LAB,ZWF,,,0.505,25.21
20240119END01,END01,1/19/2024,2024,1,1/0/1900,25.10149,-80.71905,1.4,140,1.62,1.05,0.97,33.4,33.68,,25.117,105.4,7.79,31.597,19.66,8.16,24.96,112.9,8.34,33.086,20.69,8.19,LAB,LAB,ZWF,,,1.01,33.54
20240119END02,END02,1/19/2024,2024,1,1/0/1900,25.1266,-80.71817,1.4,110,5.5,4.12,4.55,45.5,41.97,,24.907,112.1,8.31,30.978,19.27,8.2,24.947,110.2,8.17,31.692,19.73,8.2,LAB,LAB,ZWF,,,4.335,43.735
20240119MAD01,MAD01,1/19/2024,2024,1,1/0/1900,25.15102,-80.68175,1,90,13.2,0.55,0.5,36.08,34.88,,24.574,104.3,7.89,27.968,17.21,8.08,24.745,104.4,7.85,28.416,17.5,8.07,LAB,LAB,ZWF,,,0.525,35.48
20240119NWHIP01,NWHIP01,1/19/2024,2024,1,1/0/1900,25.12455,-80.74062,1.2,130,5.08,2.65,2.76,41.87,40.69,,25.067,108.6,8.03,29.288,18.04,8.1,25.148,118.3,8.75,31.545,19.63,8.19,LAB,LAB,ZWF,,,2.705,41.28
20240119NWHIP02,NWHIP02,1/19/2024,2024,1,1/0/1900,25.12469,-80.76496,0.9,80,4.8,3.41,3.1,41.25,40.7,,25.271,124.1,9.2,33.328,20.86,8.26,,,,,,,LAB,LAB,ZWF,,,3.255,40.975
20240119PEL01,PEL01,1/19/2024,2024,1,1/0/1900,25.06944,-80.82317,1.4,107,4.06,10.26,12.07,41.44,42.29,,25.49,110.8,7.77,42.46,27.27,8.42,24.92,109.9,7.74,44.51,28.75,8.42,ZWF,LAB,ZWF,,,11.165,41.865
20240119PEL02,PEL02,1/19/2024,2024,1,1/0/1900,25.09186,-80.82177,0.9,90,3.34,5.43,5.52,40.63,40.94,,25.44,109.4,7.64,43.94,28.33,8.42,,,,,,,ZWF,LAB,ZWF,,,5.475,40.785
20240119PEL03,PEL03,1/19/2024,2024,1,1/0/1900,25.06136,-80.85181,1,100,0.75,0.53,0.34,35.63,35.72,,25.63,114.3,7.87,46.58,30.23,8.53,25.6,117.5,8.09,46.57,30.22,8.55,ZWF,LAB,ZWF,,,0.435,35.675
20240119RANKB01,RANKB01,1/19/2024,2024,1,1/0/1900,25.14953,-80.77912,0.7,42,19.7,12.7,12.45,36.83,35.48,,24.78,104,7.7,32,19.94,8.34,,,,,,,ZWF,LAB,ZWF,,,12.575,36.155
20240119RANKL01,RANKL01,1/19/2024,2024,1,1/0/1900,25.12261,-80.81392,1.2,95,8.77,11.15,9.84,54.94,55.35,,24.84,113.5,8.16,39.34,25.06,8.44,24.82,113.9,8,45.45,29.43,8.47,ZWF,LAB,ZWF,,,10.495,55.145
20240119RANKL02,RANKL02,1/19/2024,2024,1,1/0/1900,25.14235,-80.81823,0.9,55,15.9,23.62,24.74,92.32,93.08,,24.68,113.8,8.27,37.25,23.58,8.49,,,,,,,ZWF,LAB,ZWF,,,24.18,92.7
20240119RANKL03,RANKL03,1/19/2024,2024,1,1/0/1900,25.16709,-80.80132,0.5,32,22.2,31.46,30.46,119.63,120.29,,25.35,89.4,6.76,24.17,14.66,,,,,,,,ZWF,LAB,ZWF,,,30.96,119.96
20240119RUS01,RUS01,1/19/2024,2024,1,1/0/1900,25.04873,-80.66525,2,130,12.6,0.55,0.4,17.28,17.58,,24.614,102.2,7.54,33.01,20.64,8.04,24.784,107.3,7.87,34.794,21.87,8.13,LAB,LAB,ZWF,,,0.475,17.43
20240119RUS02,RUS02,1/19/2024,2024,1,1/0/1900,25.0832,-80.68209,1.7,150,9.01,0.46,0.45,16.05,15.65,,24.754,99.3,7.34,32.655,20.39,8.04,24.964,99.1,7.26,34.315,21.54,8.07,LAB,LAB,ZWF,,,0.455,15.85
20240119SANT01,SANT01,1/19/2024,2024,1,1/0/1900,25.15346,-80.76033,0.6,60,14,5.43,5.15,43.49,44.32,,25.03,90.7,6.75,29.65,18.33,8.24,,,,,,,ZWF,LAB,ZWF,,,5.29,43.905
20240119SID01,SID01,1/19/2024,2024,1,1/0/1900,25.018954,-80.78603,1.1,110,1.14,1.33,1.09,34.48,34.45,,25.99,118.4,8.4,37.76,23.92,8.37,26,123.6,8.77,37.75,23.92,8.38,ZWF,LAB,ZWF,,,1.21,34.465
20240119SID02,SID02,1/19/2024,2024,1,1/0/1900,25.03292,-80.80601,0.8,80,1.57,3.63,3.34,45.84,44.01,,25.62,113.8,8.05,39.92,25.45,8.38,,,,,,,ZWF,LAB,ZWF,,,3.485,44.925
20240119SNB02,SNB02,1/19/2024,2024,1,1/0/1900,25.13505,-80.85386,0.7,70,0.9,0.47,0.36,40.43,40.91,,25.37,110.8,7.68,46.06,29.86,8.52,,,,,,,ZWF,LAB,ZWF,,,0.415,40.67
20240119SPY01,SPY01,1/19/2024,2024,1,1/0/1900,25.0258,-80.72049,2,200,5.41,0.36,0.33,18.48,18,,24.94,106.9,7.78,36.128,22.8,8.17,25.194,103.8,7.48,37.549,23.79,8.14,LAB,LAB,ZWF,,,0.345,18.24
20240119TB01,TB01,1/19/2024,2024,1,1/0/1900,25.15731,-80.72468,0.8,65,7,22.87,20.97,94.35,93.53,,24.77,104.5,8.32,12.59,7.21,8.53,,,,,,,ZWF,LAB,ZWF,,,21.92,93.94
20240119TB02,TB02,1/19/2024,2024,1,1/0/1900,25.15509,-80.7172,0.6,60,9.3,7.96,7.91,109.41,119.1,,25.99,76.9,5.66,28.28,17.4,8.1,,,,,,,ZWF,LAB,ZWF,,,7.935,114.255
20240119WHIP01,WHIP01,1/19/2024,2024,1,1/0/1900,25.09377,-80.76501,1.5,110,3.51,8.46,8.34,42.41,42.88,,25.123,120.3,8.77,34.91,21.89,8.22,25.079,113.6,8.23,37.556,23.8,8.21,LAB,LAB,ZWF,,,8.4,42.645
20240119WHIP02,WHIP02,1/19/2024,2024,1,1/0/1900,25.07193,-80.76429,1.7,110,3.8,10.35,11.03,41.74,41.85,,25.272,117.9,8.52,35.365,22.27,8.23,24.795,118.5,8.67,37.264,23.55,8.25,LAB,LAB,ZWF,,,10.69,41.795
20240119WHIP03,WHIP03,1/19/2024,2024,1,1/0/1900,25.0491,-80.76826,1.7,120,3.21,6.77,6.63,34.43,34.56,,25.389,113.8,8.21,36.117,22.78,8.22,25.352,113.8,8.22,36.123,22.79,8.22,LAB,LAB,ZWF,,,6.7,34.495
20240120BBK01,BBK01,1/20/2024,2024,1,1/0/1900,25.15988,-80.62551,1.8,,15.5,1.48,1.29,30.74,31.27,,23.3,97.2,7.74,20.26,12.11,8.3,23.3,97.2,7.73,20.29,12.13,8.3,ZWF,LAB,ZWF,,,1.385,31.005
20240120BBK02,BBK02,1/20/2024,2024,1,1/0/1900,25.124,-80.59032,1.6,,27.2,1.63,1.49,19.11,18.42,,23.21,97.7,7.59,27.09,16.63,8.27,23.23,98,7.61,27.1,16.64,8.27,ZWF,LAB,ZWF,,,1.56,18.765
20240120BLAS01,BLAS01,1/20/2024,2024,1,1/0/1900,25.17217,-80.41701,2.7,270,0.67,0.42,0.29,22.04,21.95,,23.87,99.6,7.4,35.25,22.21,8.24,23.88,99.9,7.42,35.26,22.22,8.25,ZWF,LAB,ZWF,,,0.355,21.995
20240120BNUT01,BNUT01,1/20/2024,2024,1,1/0/1900,25.07492,-80.52952,2.5,,35.4,1.54,1.49,18.78,18.85,,23.5,96.8,7.35,31.64,19.72,8.24,23.51,97.3,7.38,31.66,19.73,8.24,ZWF,LAB,ZWF,,,1.515,18.815
20240120BUTT01,BUTT01,1/20/2024,2024,1,1/0/1900,25.11044,-80.45604,2.8,280,0.94,0.41,0.36,20.9,20.29,,24.17,92.2,6.85,34.09,21.4,8.25,24.17,92.5,6.86,34.09,21.4,8.25,ZWF,LAB,ZWF,,,0.385,20.595
20240120DEER01,DEER01,1/20/2024,2024,1,1/0/1900,25.18588,-80.51521,,,12.7,0.74,0.73,22.6,21.04,,23.54,98.6,7.56,29.09,17.98,8.26,23.55,99.3,7.6,29.15,18.02,8.26,ZWF,LAB,ZWF,"transducer not working, no depth",,0.735,21.82
20240120DUCK01,DUCK01,1/20/2024,2024,1,1/0/1900,25.18941,-80.47355,1.5,150,2.72,0.46,0.47,20.7,21.15,,23.54,94.9,7.19,31.95,19.93,8.23,23.53,95,7.2,31.94,19.95,8.24,ZWF,LAB,ZWF,,,0.465,20.925
20240120DUCK02,DUCK02,1/20/2024,2024,1,1/0/1900,25.15581,-80.48414,1.5,150,5.46,0.46,0.32,22.6,22.8,,23.38,92.7,7.02,32.56,20.35,8.21,23.38,92.6,7.01,32.56,20.35,8.21,ZWF,LAB,ZWF,,,0.39,22.7
20240120EAGLE01,EAGLE01,1/20/2024,2024,1,1/0/1900,25.17868,-80.57263,1.6,,18.8,1.21,1.08,27.14,27.15,,23.35,97.9,7.83,18.59,11.02,8.33,23.34,98.2,7.86,18.5,10.97,8.33,ZWF,LAB,ZWF,,,1.145,27.145
20240120JIM01,JIM01,1/20/2024,2024,1,1/0/1900,25.04057,-80.61579,2.6,,12.4,,,,,,23.69,98.2,7.31,35.24,22.21,8.24,23.7,98.1,7.31,35.23,22.2,8.25,ZWF,LAB,ZWF,,,,
20240120JOE01,JOE01,1/20/2024,2024,1,1/0/1900,25.21571,-80.53388,1.3,,7.64,1.7,1.59,46.1,45.86,,23.82,97.2,8.14,2.983,1.55,8.45,23.83,97.2,8.14,2.98,1.55,8.43,ZWF,LAB,ZWF,,,1.645,45.98
20240120LBS01,LBS01,1/20/2024,2024,1,1/0/1900,25.21284,-80.44345,,,2.5,0.52,0.5,27.38,26.46,,23.68,90.2,6.93,27.47,16.88,8.2,23.7,90.6,6.96,27.44,16.86,8.2,ZWF,LAB,ZWF,,,0.51,26.92
20240120LBUT01,LBUT01,1/20/2024,2024,1,1/0/1900,25.13794,-80.44827,2.1,210,0.66,0.38,0.38,23.19,23.52,,24.04,94,6.95,35.86,22.63,8.27,24.05,94.4,6.97,35.85,22.63,8.27,ZWF,LAB,ZWF,,,0.38,23.355
20240120LMAD01,LMAD01,1/20/2024,2024,1,1/0/1900,25.18437,-80.63444,1.2,,13.1,1.51,1.28,52.07,52.21,,23.57,88.5,7.22,11.58,6.6,8.14,23.61,87.9,7.17,11.52,6.56,8.13,ZWF,LAB,ZWF,,,1.395,52.14
20240120LONS01,LONS01,1/20/2024,2024,1,1/0/1900,25.2313,-80.45704,1.5,,4.82,0.53,0.49,32.16,31.44,,25.53,91.9,7.21,22.91,13.82,8.2,23.5,92.1,7.23,22.82,13.78,8.22,ZWF,LAB,ZWF,,,0.51,31.8
20240120MANK01,MANK01,1/20/2024,2024,1,1/0/1900,25.08629,-80.60416,2.2,,33.1,1.31,1.23,18.83,18.63,,23.39,96.8,7.4,29.66,18.37,8.24,23.41,96.7,7.4,29.69,18.39,8.24,ZWF,LAB,ZWF,,,1.27,18.73
20240120NEST01,NEST01,1/20/2024,2024,1,1/0/1900,25.1619,-80.5327,,,21.6,0.85,0.71,22.22,21.57,,23.49,99,7.73,24.02,14.57,8.29,23.5,99,7.74,24.15,14.67,8.28,ZWF,LAB,ZWF,"transducer not working, no depth",,0.78,21.895
20240120NEST02,NEST02,1/20/2024,2024,1,1/0/1900,25.1275,-80.54178,2,,35.1,1.25,1.06,20.76,21,,23.5,95,7.36,26.28,16.09,8.22,23.5,94.9,7.35,26.3,16.1,8.22,ZWF,LAB,ZWF,,,1.155,20.88
20240120SWA01,SWA01,1/20/2024,2024,1,1/0/1900,25.11159,-80.49588,2,,30.7,1.32,0.95,19.26,18.97,,23.45,95.6,7.26,31.35,19.52,8.2,23.47,95.6,7.26,31.36,19.53,8.21,ZWF,LAB,ZWF,,,1.135,19.115
20240120TAV01,TAV01,1/20/2024,2024,1,1/0/1900,25.02123,-80.56631,2.4,240,1.62,0.41,0.39,16.19,15.94,,23.67,99.8,7.34,38.61,24.57,8.26,23.69,99.9,7.35,38.64,24.6,8.26,ZWF,LAB,ZWF,,,0.4,16.065
20240120UCB01,UCB01,1/20/2024,2024,1,1/0/1900,25.0445,-80.55293,2.2,220,3.18,0.63,0.5,17.94,18.17,,23.75,98.8,7.37,35.28,22.23,8.29,23.8,99.4,7.4,35.28,22.23,8.29,ZWF,LAB,ZWF,,,0.565,18.055
20240313CAT01,CAT01,3/13/2024,2024,3,1/0/1900,25.08809,-80.91332,1.5,132,6.9,0.97,0.95,26.22,26.29,,24.37,88,6.14,48.74,31.83,8.18,24.37,87.9,6.13,48.74,31.83,8.18,ZWF,LAB,ZWF,,,0.96,26.255
20240313CON01,CON01,3/13/2024,2024,3,1/0/1900,25.11845,-80.93993,2.9,100,12.5,2.57,2.07,23.88,23.71,,24.71,86,5.97,48.34,31.53,8.03,24.71,86,5.97,48.35,31.54,8.04,ZWF,LAB,ZWF,,,2.32,23.795
20240313CON02,CON02,3/13/2024,2024,3,1/0/1900,25.10256,-81.02136,2.7,91,16,3.38,2.81,22.13,22.31,,25,95.3,6.59,48.21,31.43,8.06,25,95.4,6.59,48.21,31.43,8.06,ZWF,LAB,ZWF,,,3.095,22.22
20240313FNB01,FNB01,3/13/2024,2024,3,1/0/1900,25.05766,-81.0193,3.3,230,5.56,0.53,0.46,22.15,21.83,,24.17,91.4,6.35,49.47,32.37,8.21,24.13,90.2,6.29,49.5,32.39,8.24,ZWF,LAB,ZWF,,,0.495,21.99
20240313FNB02,FNB02,3/13/2024,2024,3,1/0/1900,25.05579,-80.98031,1,100,1.86,0.29,0.31,23.19,23.04,,24.23,90.9,6.35,49.32,32.26,8.16,,,,,,,ZWF,LAB,ZWF,,,0.3,23.115
20240313JOHN01,JOHN01,3/13/2024,2024,3,1/0/1900,25.06336,-80.906,0.9,90,0.49,0.2,0.21,30.08,29.51,,24.51,93.2,6.47,49.17,32.14,8.68,,,,,,,ZWF,LAB,ZWF,,,0.205,29.795
20240313JOHN02,JOHN02,3/13/2024,2024,3,1/0/1900,25.05685,-80.93063,1.2,120,0.99,0.23,0.17,26.07,26.18,,24.79,95.5,6.6,49.28,32.22,8.47,24.79,96.5,6.67,49.29,32.22,8.47,ZWF,LAB,ZWF,,,0.2,26.125
20240313JOHN03,JOHN03,3/13/2024,2024,3,1/0/1900,25.0397,-80.91524,1.5,150,0.45,0.16,0.15,26.55,26.64,,24.63,113.5,7.87,49.05,32.05,8.51,24.62,115.4,8,49.05,32.05,8.51,ZWF,LAB,ZWF,,,0.155,26.595
20240313LONG01,LONG01,3/13/2024,2024,3,1/0/1900,24.89995,-80.76582,2.8,280,1.5,0.28,0.35,23.08,23.12,,25.64,99.6,6.79,49.06,32.03,8.32,25.61,100.2,6.83,49.04,32.03,8.32,ZWF,LAB,ZWF,,,0.315,23.1
20240313LONG02,LONG02,3/13/2024,2024,3,1/0/1900,24.87663,-80.82954,2.9,290,2.28,0.36,0.29,19.74,19.86,,25.36,102.7,7.03,49.02,32.02,8.42,25.36,102.9,7.05,49.03,32.02,8.42,ZWF,LAB,ZWF,,,0.325,19.8
20240313NMB01,NMB01,3/13/2024,2024,3,1/0/1900,25.00025,-80.97921,1.2,120,2.96,0.78,0.65,14.24,14.34,,24.89,105,7.2,50.63,33.21,8.08,24.89,105.5,7.23,50.67,33.24,8.08,ZWF,LAB,ZWF,,,0.715,14.29
20240313NMB02,NMB02,3/13/2024,2024,3,1/0/1900,24.94727,-80.9288,2.6,260,0.65,0.2,0.17,20.05,20.11,,24.97,111.7,7.68,49.57,32.43,8.46,24.97,111.9,7.69,49.58,32.43,8.46,ZWF,LAB,ZWF,,,0.185,20.08
20240313NMB03,NMB03,3/13/2024,2024,3,1/0/1900,24.90602,-80.88187,2.5,250,1.14,0.17,0.15,19.62,19.37,,25.29,108.8,7.44,49.45,32.33,8.43,25.28,109,7.47,49.46,32.33,8.43,ZWF,LAB,ZWF,,,0.16,19.495
20240313SNB01,SNB01,3/13/2024,2024,3,1/0/1900,25.14084,-80.89349,2.1,76,15.1,2.72,2.11,44.22,45.49,,24.38,81.4,5.69,48.07,31.3,8.02,24.39,81.3,5.68,48.01,31.3,8.03,ZWF,LAB,ZWF,,,2.415,44.855
20240314CAT02,CAT02,3/14/2024,2024,3,1/0/1900,25.09857,-80.87161,0.8,80,1.47,0.56,0.48,27.53,27.35,,25.43,82.8,5.67,48.68,31.76,8.17,,,,,,,ZWF,LAB,ZWF,,,0.52,27.44
20240314PEL01,PEL01,3/14/2024,2024,3,1/0/1900,25.0691,-80.82325,1.3,130,0.85,0.31,0.27,33.43,33.54,,26.14,117.8,7.97,48.67,31.74,8.64,26.13,118.7,8.03,48.67,31.74,8.64,ZWF,LAB,ZWF,,,0.29,33.485
20240314PEL02,PEL02,3/14/2024,2024,3,1/0/1900,25.09244,-80.8218,1,100,1.65,0.42,0.34,41.3,41.64,,25.9,98.1,6.61,50.55,33.12,8.57,,,,,,,ZWF,LAB,ZWF,,,0.38,41.47
20240314PEL03,PEL03,3/14/2024,2024,3,1/0/1900,25.06136,-80.85198,1,100,0.82,0.33,0.35,33.7,33.5,,26.44,101,6.77,49.62,32.42,8.73,,,,,,,ZWF,LAB,ZWF,,,0.34,33.6
20240314RANKB01,RANKB01,3/14/2024,2024,3,1/0/1900,25.15001,-80.77945,0.5,42,18.3,14.45,13.73,41.11,41.08,,24.91,83.5,5.86,44.83,28.98,8.18,,,,,,,ZWF,LAB,ZWF,,,14.09,41.095
20240314RANKL01,RANKL01,3/14/2024,2024,3,1/0/1900,25.12249,-80.81362,1.2,120,1.85,0.4,0.38,38.31,38.63,,25.42,94.6,6.48,48.73,31.8,8.6,25.42,94.7,6.49,48.73,31.8,8.61,ZWF,LAB,ZWF,,,0.39,38.47
20240314RANKL02,RANKL02,3/14/2024,2024,3,1/0/1900,25.14222,-80.81819,0.9,90,5.56,0.52,0.51,42.69,43.46,,25.4,88.9,6.08,49.33,32.24,8.54,,,,,,,ZWF,LAB,ZWF,,,0.515,43.075
20240314RANKL03,RANKL03,3/14/2024,2024,3,1/0/1900,25.16714,-80.80122,0.5,36,31.4,18.15,18.17,69.78,68.29,,26.15,79,5.34,48.7,31.76,8.31,,,,,,,ZWF,LAB,ZWF,,,18.16,69.035
20240314SANT01,SANT01,3/14/2024,2024,3,1/0/1900,25.1536,-80.76077,0.5,50,12,6.76,6.8,42.11,42.33,,24.96,81.7,5.79,42.49,27.3,8.19,,,,,,,ZWF,LAB,ZWF,,,6.78,42.22
20240314SID01,SID01,3/14/2024,2024,3,1/0/1900,25.01937,-80.78606,1.1,110,0.89,0.82,1.04,32.99,32.81,,26.49,130.7,8.84,47.52,30.89,8.46,26.5,132.7,8.97,47.53,30.9,8.47,ZWF,LAB,ZWF,,,0.93,32.9
20240314SID02,SID02,3/14/2024,2024,3,1/0/1900,25.03272,-80.80618,0.9,90,0.7,0.37,0.27,35.03,35.52,,26.33,107,7.19,49.65,32.45,8.48,,,,,,,ZWF,LAB,ZWF,,,0.32,35.275
20240314SNB02,SNB02,3/14/2024,2024,3,1/0/1900,25.13546,-80.85394,1,100,1.45,0.33,0.38,36.27,36.17,,25.88,68.6,4.65,48.81,31.84,8.35,,,,,,,ZWF,LAB,ZWF,,,0.355,36.22
20240314TB01,TB01,3/14/2024,2024,3,1/0/1900,25.15726,-80.72472,0.7,32,26.7,28.26,29.86,58.04,57.38,,26.28,70.2,5.16,27.15,16.62,8.18,,,,,,,ZWF,LAB,ZWF,,,29.06,57.71
20240314TB02,TB02,3/14/2024,2024,3,1/0/1900,25.15546,-80.71707,0.5,50,17.3,12.6,12.5,47.04,47.14,,25.63,62.5,4.5,35.65,22.46,8.19,,,,,,,ZWF,LAB,ZWF,,,12.55,47.09
20240315CAL01,CAL01,3/15/2024,2024,3,1/0/1900,25.05966,-80.71163,1.9,190,2,1.55,1.26,28.55,28.8,,25.1,94.8,6.7,42.44,27.26,8.35,25.11,94.8,6.69,42.64,27.4,8.35,ZWF,LAB,ZWF,,,1.405,28.675
20240315COR01,COR01,3/15/2024,2024,3,1/0/1900,25.02773,-80.76877,1.7,170,0.88,0.72,0.68,32.21,32.11,,25.51,102.8,7.06,47.38,30.82,8.46,25.52,103.7,7.14,47.38,30.82,8.46,ZWF,LAB,ZWF,,,0.7,32.16
20240315CROC01,CROC01,3/15/2024,2024,3,1/0/1900,25.12846,-80.67511,1.3,130,7.58,0.68,0.68,23.98,23.42,,24.64,91.5,6.66,36.92,23.36,8.3,24.64,91.8,6.69,36.89,23.34,8.3,ZWF,LAB,ZWF,,,0.68,23.7
20240315END01,END01,3/15/2024,2024,3,1/0/1900,25.1019,-80.7198,1.6,160,2.1,1.69,1.22,32.78,32.86,,25.46,91,6.38,42.84,27.54,8.35,25.46,90.9,6.37,42.88,27.57,8.35,ZWF,LAB,ZWF,,,1.455,32.82
20240315END02,END02,3/15/2024,2024,3,1/0/1900,25.12754,-80.71803,1.6,160,2.55,2.07,1.79,34.11,33.96,,25.19,97,6.88,40.95,26.2,8.28,25.19,97.4,6.92,40.95,26.2,8.28,ZWF,LAB,ZWF,,,1.93,34.035
20240315MAD01,MAD01,3/15/2024,2024,3,1/0/1900,25.15156,-80.6822,1.3,130,3.48,0.3,0.26,25.57,24.69,,24.71,91.6,6.7,35.23,22.18,8.37,24.71,91.5,6.7,35.21,22.17,8.36,ZWF,LAB,ZWF,,,0.28,25.13
20240315NWHIP01,NWHIP01,3/15/2024,2024,3,1/0/1900,25.12476,-80.74063,1.5,150,3.96,3.53,3.14,42.19,41.83,,25.14,94.3,6.63,43.35,27.91,8.23,25.14,94.3,6.64,43.35,27.91,8.23,ZWF,LAB,ZWF,,,3.335,42.01
20240315NWHIP02,NWHIP02,3/15/2024,2024,3,1/0/1900,25.12478,-80.76519,1.2,120,5.67,3.56,3.12,43.37,43.04,,24.77,90.7,6.44,42.29,27.16,8.2,24.77,90.1,6.41,42.28,27.15,8.2,ZWF,LAB,ZWF,,,3.34,43.205
20240315RUS01,RUS01,3/15/2024,2024,3,1/0/1900,25.04848,-80.66559,2.3,230,2.59,0.78,0.6,19.37,19.57,,25.14,97.8,7.01,38.89,24.74,8.33,25.14,97.6,6.99,38.89,24.74,8.33,ZWF,LAB,ZWF,,,0.69,19.47
20240315RUS02,RUS02,3/15/2024,2024,3,1/0/1900,25.08407,-80.68181,2,200,2.52,0.68,0.63,19.19,19.48,,25.02,94,6.79,37.29,23.61,8.28,25.02,94.5,6.83,37.29,23.61,8.28,ZWF,LAB,ZWF,,,0.655,19.335
20240315SPY01,SPY01,3/15/2024,2024,3,1/0/1900,25.02588,-80.7207,2.2,220,2.14,1.24,1.18,28.24,28.07,,25.11,96.2,6.77,43.26,27.84,8.4,25.28,99.2,6.94,43.94,28.34,8.4,ZWF,LAB,ZWF,,,1.21,28.155
20240315WHIP01,WHIP01,3/15/2024,2024,3,1/0/1900,25.09348,-80.76581,1.7,170,1.59,1.12,0.94,43.38,43.63,,25.53,97,6.65,47.84,31.15,8.43,25.52,96.6,6.62,47.85,31.15,8.43,ZWF,LAB,ZWF,,,1.03,43.505
20240315WHIP02,WHIP02,3/15/2024,2024,3,1/0/1900,25.07166,-80.76458,1.8,180,0.82,0.45,0.49,37.97,38.14,,25.42,98,6.69,49.42,32.29,8.43,25.42,98.1,6.7,49.4,32.29,8.43,ZWF,LAB,ZWF,,,0.47,38.055
20240315WHIP03,WHIP03,3/15/2024,2024,3,1/0/1900,25.04909,-80.76861,1.9,190,0.68,1.12,1.17,36.74,36.94,,25.47,99.9,6.85,48.02,31.28,8.43,25.47,99.9,6.85,48.04,31.29,8.44,ZWF,LAB,ZWF,,,1.145,36.84
20240318BLUE01,BLUE01,3/18/2024,2024,3,1/0/1900,25.02328,-80.92707,1,100,0.61,0.32,0.29,27.87,28.62,,28.22,109.7,7.12,50.19,32.8,8.74,,,,,,,ZWF,LAB,ZWF,,,0.305,28.245
20240318BLUE02,BLUE02,3/18/2024,2024,3,1/0/1900,24.99538,-80.9274,2,200,1.3,0.26,0.24,24.3,24.22,,27.32,105.1,6.93,50.22,32.55,8.63,27.32,105.4,6.95,50.22,32.85,8.63,ZWF,LAB,ZWF,,,0.25,24.26
20240318CAP01,CAP01,3/18/2024,2024,3,1/0/1900,25.00734,-80.64753,2.3,230,1.21,0.5,0.42,14.23,14,,27.16,102.8,7,43.62,28.06,8.33,27.13,105.2,7.15,43.59,28.04,8.34,ZWF,LAB,ZWF,,,0.46,14.115
20240318COTT01,COTT01,3/18/2024,2024,3,1/0/1900,24.99725,-80.57996,2.3,230,0.7,0.35,0.31,11.36,10.58,,27.01,103.1,6.92,47.41,30.8,8.25,27.02,103.3,6.92,47.43,30.81,8.25,ZWF,LAB,ZWF,,,0.33,10.97
20240318COTT02,COTT02,3/18/2024,2024,3,1/0/1900,24.98069,-80.62541,2.8,280,0.91,0.32,0.31,9.35,9.27,,27.01,98.1,6.53,49.05,31.99,8.18,27,97.9,6.51,49.05,31.99,8.18,ZWF,LAB,ZWF,,,0.315,9.31
20240318LIG01,LIG01,3/18/2024,2024,3,1/0/1900,24.93418,-80.71021,1.63,,2.2,0.66,0.63,18.37,18.1,,26.72,98.2,6.61,47.61,30.95,8.26,26.73,97.7,6.57,47.59,30.94,8.26,ZWF,LAB,ZWF,,,0.645,18.235
20240318LIG02,LIG02,3/18/2024,2024,3,1/0/1900,24.96435,-80.69468,2.6,,3.86,0.76,0.72,22.12,21.98,,26.94,93.5,6.3,46.53,30.16,8.26,26.94,93.8,6.32,46.55,30.18,8.26,ZWF,LAB,ZWF,,,0.74,22.05
20240318LIG03,LIG03,3/18/2024,2024,3,1/0/1900,24.96633,-80.72757,2.4,240,1.22,0.4,0.4,26.82,26.26,,27,93.9,6.26,48.58,31.65,8.38,27,93.7,6.25,48.59,31.66,8.37,ZWF,LAB,ZWF,,,0.4,26.54
20240318PORP01,PORP01,3/18/2024,2024,3,1/0/1900,25.01032,-80.69025,2.4,240,2.42,0.88,0.79,21.31,21.08,,27.03,113.1,7.72,42.73,27.42,8.42,27.02,113.3,7.74,42.72,27.41,8.42,ZWF,LAB,ZWF,,,0.835,21.195
20240318RAB01,RAB01,3/18/2024,2024,3,1/0/1900,25.01613,-80.89427,1.6,160,0.78,0.26,0.24,30.53,30.41,,27.85,92.7,6.06,50.19,32.81,8.69,27.84,92.7,6.07,50.19,32.81,8.69,ZWF,LAB,ZWF,,,0.25,30.47
20240318RAB02,RAB02,3/18/2024,2024,3,1/0/1900,24.97289,-80.87074,0.8,80,0.97,0.59,0.56,31.39,30.77,,27.4,58.6,3.85,51.01,33.43,8.53,,,,,,,ZWF,LAB,ZWF,,,0.575,31.08
20240318RAB03,RAB03,3/18/2024,2024,3,1/0/1900,25.00117,-80.85766,2.3,230,0.35,0.5,0.46,30.22,29.87,,27.28,102.7,6.81,49.72,32.48,8.61,27.28,104.2,6.89,49.73,32.49,8.61,ZWF,LAB,ZWF,,,0.48,30.045
20240318RAB04,RAB04,3/18/2024,2024,3,1/0/1900,24.96799,-80.84044,2.2,220,1.07,0.41,0.41,26.88,27.19,,27.26,93.9,6.21,49.85,32.57,8.53,27.25,94,6.22,49.85,32.57,8.54,ZWF,LAB,ZWF,,,0.41,27.035
20240318TWIN01,TWIN01,3/18/2024,2024,3,1/0/1900,24.95894,-80.78098,2.6,260,0.42,0.4,0.37,27.22,27.18,,27.25,102.5,6.78,49.69,32.46,8.58,27.25,102.2,6.76,49.69,32.46,8.58,ZWF,LAB,ZWF,,,0.385,27.2
20240318TWIN02,TWIN02,3/18/2024,2024,3,1/0/1900,24.984,-80.80915,2.2,220,0.39,0.5,0.41,33.75,33.47,,27.18,103.7,6.85,50.36,32.95,8.54,27.18,103.7,6.85,50.35,32.94,8.54,ZWF,LAB,ZWF,,,0.455,33.61
20240318TWIN03,TWIN03,3/18/2024,2024,3,1/0/1900,25.00384,-80.75414,2.1,210,0.76,0.71,0.71,29.39,29.71,,27.21,100.9,6.7,48.95,31.92,8.46,27.21,100.7,6.68,48.95,31.91,8.46,ZWF,LAB,ZWF,,,0.71,29.55
20240321BBK01,BBK01,3/21/2024,2024,3,1/0/1900,25.15959,-80.62482,1.7,60,13,0.47,0.44,12.96,13.36,,24.93,97.3,7.36,25.8,15.74,8.4,25.19,107.2,8.03,26.04,15.9,8.42,ZWF,LAB,ZWF,,,0.455,13.16
20240321BBK02,BBK02,3/21/2024,2024,3,1/0/1900,25.12366,-80.59,1.6,50,20.1,0.56,0.57,11.38,11.65,,24.66,99.6,7.48,29.01,17.91,8.31,24.66,99.5,7.47,28.95,17.86,8.29,ZWF,LAB,ZWF,,,0.565,11.515
20240321BLAS01,BLAS01,3/21/2024,2024,3,1/0/1900,25.17044,-80.41701,2.7,270,0.97,0.39,0.32,18.16,18.1,,25.08,95.9,6.83,40.81,26.09,8.29,25.49,94,6.63,41.22,26.38,8.28,ZWF,LAB,ZWF,,,0.355,18.13
20240321BNUT01,BNUT01,3/21/2024,2024,3,1/0/1900,25.07428,-80.53019,2.5,160,5.35,0.33,0.26,27.1,25.91,,25.24,97.8,7.11,34.56,21.71,8.3,25.24,99.7,7.24,34.55,21.7,8.3,ZWF,LAB,ZWF,,,0.295,26.505
20240321BUTT01,BUTT01,3/21/2024,2024,3,1/0/1900,25.1109,-80.45616,2.3,230,0.57,0.27,0.22,20.42,21.25,,25.47,92.8,6.62,38.55,24.49,8.37,25.58,94.3,6.69,38.87,24.72,8.37,ZWF,LAB,ZWF,,,0.245,20.835
20240321DEER01,DEER01,3/21/2024,2024,3,1/0/1900,25.1851,-80.51429,1.5,35,19.8,0.49,0.32,12.08,12.97,,24.92,99.9,7.37,32.35,20.18,8.26,24.93,103,7.4,32.4,20.22,8.26,ZWF,LAB,ZWF,,,0.405,12.525
20240321DUCK01,DUCK01,3/21/2024,2024,3,1/0/1900,25.18978,-80.47376,1.6,160,1.83,0.26,0.21,13.49,13.47,,24.42,93.4,6.88,35.24,22.19,8.26,24.39,94.1,6.93,35.19,22.16,8.26,ZWF,LAB,ZWF,,,0.235,13.48
20240321DUCK02,DUCK02,3/21/2024,2024,3,1/0/1900,25.15511,-80.48391,1.4,140,3.31,0.24,0.27,33.69,33.95,,24.53,92.7,6.83,34.33,21.63,8.21,24.54,93.1,6.86,34.39,21.6,8.2,ZWF,LAB,ZWF,,,0.255,33.82
20240321EAGLE01,EAGLE01,3/21/2024,2024,3,1/0/1900,25.17837,-80.57293,1.7,170,5.51,0.36,0.36,12.1,12.35,,24.89,99.6,7.52,26.61,16.28,8.32,24.99,97,7.31,26.43,16.15,8.22,ZWF,LAB,ZWF,,,0.36,12.225
20240321JIM01,JIM01,3/21/2024,2024,3,1/0/1900,25.04033,-80.61671,2.6,260,2.39,0.33,0.31,13.89,13.89,,25.4,98.8,7.07,37.95,24.07,8.27,25.75,99.4,7.04,38.89,24.71,8.3,ZWF,LAB,ZWF,,,0.32,13.89
20240321JOE01,JOE01,3/21/2024,2024,3,1/0/1900,25.21573,-80.53387,1.3,53,19.8,2.11,2.14,10.84,11.05,,26.17,106,7.99,21.13,12.68,8.33,26.13,105.6,7.39,21.97,13.21,8.32,ZWF,LAB,ZWF,,,2.125,10.945
20240321LBS01,LBS01,3/21/2024,2024,3,1/0/1900,25.21237,-80.4432,1.7,132,5.59,0.34,0.23,20.87,20.46,,24.75,87.8,6.47,34.66,21.79,8.25,24.59,74.3,5.48,34.05,21.68,8.11,ZWF,LAB,ZWF,,,0.285,20.665
20240321LBUT01,LBUT01,3/21/2024,2024,3,1/0/1900,25.13745,-80.44846,2.1,210,1,0.22,0.24,19.19,19.21,,25.03,92.2,6.64,37.948,24.07,8.38,25.03,93.2,6.72,37.95,44.08,8.39,ZWF,LAB,ZWF,,,0.23,19.2
20240321LMAD01,LMAD01,3/21/2024,2024,3,1/0/1900,25.18455,-80.63455,1.2,50,17.3,1.29,1.33,12.81,12.71,,24.65,92.6,7.33,14.86,8.64,8.28,24.65,93.3,7.83,15,8.72,8.26,ZWF,LAB,ZWF,,,1.31,12.76
20240321LONS01,LONS01,3/21/2024,2024,3,1/0/1900,25.23025,-80.45745,1.6,160,2.91,0.53,0.4,29.6,28.75,,24.54,89.2,6.67,30.28,18.77,8.21,25.34,75,5.46,31.71,19.76,8.17,ZWF,LAB,ZWF,,,0.465,29.175
20240321MANK01,MANK01,3/21/2024,2024,3,1/0/1900,25.08442,-80.60369,2.3,110,7.44,0.36,0.4,12.75,11.56,,25.13,94.1,6.98,29.92,18.52,8.26,25.11,104.1,7.71,30.46,18.89,8.3,ZWF,LAB,ZWF,,,0.38,12.155
20240321NEST01,NEST01,3/21/2024,2024,3,1/0/1900,25.16204,-80.53324,1.5,52,21.1,0.45,0.36,11.09,11.33,,25.11,100.1,7.37,31.93,19.89,8.24,25.13,100.5,7.47,31.43,19.49,8.24,ZWF,LAB,ZWF,,,0.405,11.21
20240321NEST02,NEST02,3/21/2024,2024,3,1/0/1900,25.12704,-80.54237,1.9,42,28.3,0.61,0.55,11.01,10.81,,24.87,98.5,7.25,33.35,20.87,8.23,24.86,98.9,7.27,33.36,20.88,8.23,ZWF,LAB,ZWF,,,0.58,10.91
20240321SWA01,SWA01,3/21/2024,2024,3,1/0/1900,25.10914,-80.49606,2,178,4.96,0.27,0.26,12.92,12.91,,25.11,97.6,7.1,34.8,21.85,8.28,25.1,98,7.14,34.85,21.91,8.28,ZWF,LAB,ZWF,,,0.265,12.915
20240321TAV01,TAV01,3/21/2024,2024,3,1/0/1900,25.0188,-80.56703,2.4,240,2.75,0.39,0.4,11.05,10.85,,25.63,99.6,6.93,43.84,28.25,8.32,25.74,111.6,7.72,43.54,28.06,8.34,ZWF,LAB,ZWF,,,0.395,10.95
20240321UCB01,UCB01,3/21/2024,2024,3,1/0/1900,25.042557,-80.55368,2.1,210,2.17,0.2,0.22,10.99,10.86,,25.214,106.7,7.64,38.89,24.74,8.42,25.28,112.1,8.01,38.92,24.76,8.44,ZWF,LAB,ZWF,,,0.21,10.925
20240327AC01,AC01,3/27/2024,2024,3,1/0/1900,25.17616,-80.79409,1,27,34.6,44.28,42.38,100.85,98.76,,24.77,59.2,4.53,23.1,13.92,8.33,,,,,,,ZWF,LAB,ZWF,,,43.33,99.805
20240327DC01,DC01,3/27/2024,2024,3,1/0/1900,25.17391,-80.81637,0.7,30,20.3,42.98,40.33,186.19,184.42,,24.67,22,1.72,21,,7.98,,,,,,,ZWF,LAB,ZWF,,,41.655,185.305
20240509CAT01,CAT01,5/9/2024,2024,5,1/0/1900,25.05825,-80.91273,1.6,78,9.84,6.75,7.26,38.93,38.55,,28.02,82.8,5.36,51.77,33.97,8.44,28,82.2,5.32,51.76,33.96,8.44,ZWF,LAB,ZWF,,,7.005,38.74
20240509CON01,CON01,5/9/2024,2024,5,1/0/1900,25.11839,-80.94019,2.8,52,22.2,6.77,5.78,35.09,34.81,,28.09,85.3,5.49,53.09,34.93,8.28,28.06,84,5.4,53.22,35.04,8.28,ZWF,LAB,ZWF,,,6.275,34.95
20240509CON02,CON02,5/9/2024,2024,5,1/0/1900,25.10264,-81.02148,2.7,55,26.8,4.54,3.87,32.02,31.61,,27.96,90.2,5.78,54.59,36.04,8.38,27.95,90,5.77,54.58,36.05,8.39,ZWF,LAB,ZWF,,,4.205,31.815
20240509FNB01,FNB01,5/9/2024,2024,5,1/0/1900,25.05772,-81.01917,3.4,130,6.4,3.7,3.07,27.47,27.73,,27.77,76.8,4.96,53.98,35.61,8.5,27.28,57.2,3.71,54.21,35.79,8.44,ZWF,LAB,ZWF,,,3.385,27.6
20240509FNB02,FNB02,5/9/2024,2024,5,1/0/1900,25.0558,-80.97945,0.5,50,4.75,5.14,5,33.81,33.78,,27.31,72.2,4.67,54.81,36.24,8.36,,,,,,,ZWF,LAB,ZWF,,,5.07,33.795
20240509JOHN01,JOHN01,5/9/2024,2024,5,1/0/1900,25.06343,-80.90586,1,100,0.83,0.59,0.39,31.67,32.09,,28.03,87.2,5.67,50.75,33.21,8.73,,,,,,,ZWF,LAB,ZWF,,,0.49,31.88
20240509JOHN02,JOHN02,5/9/2024,2024,5,1/0/1900,25.05625,-80.93081,1.1,70,4.53,14.02,14.9,39.56,39.24,,28.17,93,6,52.11,34.21,8.59,28.16,93.3,6.03,52.12,34.22,8.6,ZWF,LAB,ZWF,,,14.46,39.4
20240509JOHN03,JOHN03,5/9/2024,2024,5,1/0/1900,25.03975,-80.9151,1.3,130,0.56,0.42,0.37,31.69,31.37,,28.34,86.8,5.62,50.6,33.1,8.7,28.34,86.8,5.63,50.61,33.1,8.71,ZWF,LAB,ZWF,,,0.395,31.53
20240509LONG01,LONG01,5/9/2024,2024,5,1/0/1900,24.89499,-80.76542,2.9,290,1.08,0.21,0.24,4.04,4.21,,28.48,99.5,6.28,56.25,37.28,8.22,28.47,99.6,6.29,55.26,37.29,8.22,ZWF,LAB,ZWF,,,0.225,4.125
20240509LONG02,LONG02,5/9/2024,2024,5,1/0/1900,24.87637,-80.82959,2.9,290,0.96,0.13,0.13,3.78,3.72,,28.37,101.2,6.41,55.98,37.08,8.23,28.37,101.1,6.4,55.99,37.09,8.23,ZWF,LAB,ZWF,,,0.13,3.75
20240509NMB01,NMB01,5/9/2024,2024,5,1/0/1900,25.00005,-80.97913,2.2,108,4.08,7.86,8.39,31.97,31.7,,28.26,91.9,5.94,51.52,33.78,8.64,28.23,94.9,6.13,51.68,33.84,8.64,ZWF,LAB,ZWF,,,8.125,31.835
20240509NMB02,NMB02,5/9/2024,2024,5,1/0/1900,24.94746,-80.92911,3,300,1.28,0.39,0.31,9.65,10.03,,28.3,99.3,6.3,55.78,36.94,8.42,28.3,99.3,6.3,55.78,36.93,8.42,ZWF,LAB,ZWF,,,0.35,9.84
20240509NMB03,NMB03,5/9/2024,2024,5,1/0/1900,24.90595,-80.88203,2.7,270,1.2,0.21,0.24,5.99,6.1,,28.26,96.8,6.13,56.34,37.36,8.28,28.26,97,6.14,56.35,37.36,8.28,ZWF,LAB,ZWF,,,0.225,6.045
20240509SNB01,SNB01,5/9/2024,2024,5,1/0/1900,25.14087,-80.89354,2.1,45,20.9,13.97,12.19,45.1,44.67,,27.66,78.3,5.14,49.78,32.51,8.48,27.67,78,5.12,49.79,32.52,8.51,ZWF,LAB,ZWF,,,13.08,44.885
20240510AC01,AC01,5/10/2024,2024,5,1/0/1900,25.17617,-80.79422,0.9,23,33.7,28.48,29.14,57.03,56.36,,28.32,64.4,4.25,46.34,29.99,8.26,,,,,,,ZWF,LAB,ZWF,,,28.81,56.695
20240510CAT02,CAT02,5/10/2024,2024,5,1/0/1900,25.09844,-80.8745,0.7,70,2.25,4.48,4.71,39.47,39.04,,28.58,98.4,6.38,49.43,32.23,8.47,,,,,,,ZWF,LAB,ZWF,,,4.595,39.255
20240510DC01,DC01,5/10/2024,2024,5,1/0/1900,25.17384,-80.81659,0.6,25,28.2,28.6,26.77,58.58,58.02,,28.22,52.7,3.49,46.75,30.26,8.07,,,,,,,ZWF,LAB,ZWF,,,27.685,58.3
20240510PEL01,PEL01,5/10/2024,2024,5,1/0/1900,25.06932,-80.82325,1.3,130,1.19,0.33,0.33,23.76,23.14,,29.4,111.4,7.09,50.85,33.24,8.49,29.42,112.8,7.17,50.85,33.24,8.49,ZWF,LAB,ZWF,,,0.33,23.45
20240510PEL02,PEL02,5/10/2024,2024,5,1/0/1900,25.09179,-80.82174,1.1,110,1.79,0.44,0.42,31.51,31.3,,29.35,107.1,6.83,50.41,32.92,8.41,29.35,107.6,6.87,50.39,32.91,8.42,ZWF,LAB,ZWF,,,0.43,31.405
20240510PEL03,PEL03,5/10/2024,2024,5,1/0/1900,25.06192,-80.8514,0.9,90,1.52,0.34,0.29,25.16,25.94,,29.29,114.1,7.24,51.93,34.04,8.52,,,,,,,ZWF,LAB,ZWF,,,0.315,25.55
20240510RANKB01,RANKB01,5/10/2024,2024,5,1/0/1900,25.14983,-80.77929,0.8,55,13.3,10.52,11.03,30.67,30.31,,27.78,90.7,6.04,45.98,29.74,8.13,,,,,,,ZWF,LAB,ZWF,,,10.775,30.49
20240510RANKL01,RANKL01,5/10/2024,2024,5,1/0/1900,25.12238,-80.81407,1.4,140,1.41,0.36,0.29,28.9,28.66,,29.07,104.4,6.82,45.3,29.22,8.48,29.08,104.2,6.81,45.33,29.23,8.49,ZWF,LAB,ZWF,,,0.325,28.78
20240510RANKL02,RANKL02,5/10/2024,2024,5,1/0/1900,25.1421,-80.8184,0.9,90,3.2,0.63,0.6,35.02,34.68,,28.93,97.9,6.39,46.07,29.77,8.42,,,,,,,ZWF,LAB,ZWF,,,0.615,34.85
20240510RANKL03,RANKL03,5/10/2024,2024,5,1/0/1900,25.16715,-80.80114,0.6,28,27,10.25,9.72,36.99,38.1,,28.38,94.5,6.27,44.46,28.62,8.25,,,,,,,ZWF,LAB,ZWF,,,9.985,37.545
20240510SANT01,SANT01,5/10/2024,2024,5,1/0/1900,25.15377,-80.76112,0.7,70,11.19,2.46,2.49,27.86,27.68,,27.82,87.7,5.9,43.18,27.73,8.08,,,,,,,ZWF,LAB,ZWF,,,2.475,27.77
20240510SID01,SID01,5/10/2024,2024,5,1/0/1900,25.01871,-80.78629,1.2,120,2.99,0.29,0.25,10.2,9.91,,29.49,123.7,7.67,57.29,38.03,8.37,29.5,125.3,7.75,57.29,38.02,8.37,ZWF,LAB,ZWF,,,0.27,10.055
20240510SID02,SID02,5/10/2024,2024,5,1/0/1900,25.03255,-80.80593,1.2,120,0.83,0.26,0.29,15.43,15.23,,29.61,114.8,7.14,55.74,36.86,8.42,29.66,118.6,7.36,55.74,36.86,8.43,ZWF,LAB,ZWF,,,0.275,15.33
20240510SNB02,SNB02,5/10/2024,2024,5,1/0/1900,25.13528,-80.85384,0.8,80,2.37,3.06,3.11,43.06,42.97,,29.56,108.8,6.96,48.32,31.39,8.68,,,,,,,ZWF,LAB,ZWF,,,3.085,43.015
20240510TB01,TB01,5/10/2024,2024,5,1/0/1900,25.15722,-80.72469,0.8,30,31.3,9.83,10.08,41.7,40.7,,28.53,80.1,5.49,35.69,22.42,8.42,,,,,,,ZWF,LAB,ZWF,,,9.955,41.2
20240510TB02,TB02,5/10/2024,2024,5,1/0/1900,25.15489,-80.71731,0.7,70,9.89,1.17,0.86,21.67,22.77,,27.94,82.2,5.69,35.31,22.17,8.14,,,,,,,ZWF,LAB,ZWF,,,1.015,22.22
20240513CAL01,CAL01,5/13/2024,2024,5,1/0/1900,25.05942,-80.71185,2,200,1.22,0.82,0.72,15.51,14.92,,30.12,102.9,6.54,48.63,31.6,8.31,30.13,104,6.6,48.65,31.61,8.31,ZWF,LAB,ZWF,,,0.77,15.215
20240513COR01,COR01,5/13/2024,2024,5,1/0/1900,25.02763,-80.76883,1.9,190,0.84,0.94,0.82,16.92,17.28,,30.78,121.5,7.46,54.13,35.62,8.4,30.79,122.2,7.49,54.16,35.64,8.4,ZWF,LAB,ZWF,,,0.88,17.1
20240513CROC01,CROC01,5/13/2024,2024,5,1/0/1900,25.12844,-80.675214,1.4,140,2.63,0.33,0.31,17.25,17.47,,29.58,94.18,6.28,40.02,25.43,8.27,29.58,95.5,6.33,40.03,25.44,8.27,ZWF,LAB,ZWF,,,0.32,17.36
20240513END01,END01,5/13/2024,2024,5,1/0/1900,25.10178,-80.71979,1.8,180,2.92,0.76,0.71,18.89,19.15,,29.89,88.6,5.69,46.23,29.86,8.25,29.92,89.6,5.75,46.25,29.87,8.25,ZWF,LAB,ZWF,,,0.735,19.02
20240513END02,END02,5/13/2024,2024,5,1/0/1900,25.12731,-80.71826,1.8,180,1.13,0.74,0.69,18.61,18.45,,30.07,91.9,5.98,42.23,26.98,8.2,30.08,91.9,5.98,42.21,26.97,8.2,ZWF,LAB,ZWF,,,0.715,18.53
20240513MAD01,MAD01,5/13/2024,2024,5,1/0/1900,25.15114,-80.68257,1.3,130,2.29,0.36,0.33,21.27,20.49,,29.57,97.7,6.49,39.05,24.74,8.35,29.58,97.5,6.48,39.04,24.74,8.35,ZWF,LAB,ZWF,,,0.345,20.88
20240513NWHIP01,NWHIP01,5/13/2024,2024,5,1/0/1900,25.12534,-80.74068,1.6,160,4.11,0.72,0.82,24.96,24.92,,30.1,91.1,5.87,44.73,28.77,8.18,30.11,91.2,5.88,44.73,28.77,8.18,ZWF,LAB,ZWF,,,0.77,24.94
20240513NWHIP02,NWHIP02,5/13/2024,2024,5,1/0/1900,25.12503,-80.76494,1.3,130,2.73,0.6,0.57,27.45,27.31,,30.01,80.9,5.26,43.79,28.1,8.17,30.02,82.4,5.34,43.75,28.07,8.17,ZWF,LAB,ZWF,,,0.585,27.38
20240513RUS01,RUS01,5/13/2024,2024,5,1/0/1900,25.04891,-80.66586,2.4,240,1.39,0.39,0.36,9.93,10.14,,29.91,99.9,6.36,48.56,31.54,8.23,29.91,100,6.37,48.52,31.52,8.23,ZWF,LAB,ZWF,,,0.375,10.035
20240513RUS02,RUS02,5/13/2024,2024,5,1/0/1900,25.08361,-80.68258,2.1,210,2.52,0.29,0.26,11.09,11.67,,29.65,93.4,6.09,43.94,28.23,8.23,29.65,93.9,6.11,44,28.26,8.23,ZWF,LAB,ZWF,,,0.275,11.38
20240513SPY01,SPY01,5/13/2024,2024,5,1/0/1900,25.02585,-80.72104,2.3,230,1.25,0.5,0.45,12.18,12.18,,30.01,100.9,6.28,53.88,35.46,8.32,30.01,101.2,6.29,53.9,35.47,8.32,ZWF,LAB,ZWF,,,0.475,12.18
20240513WHIP01,WHIP01,5/13/2024,2024,5,1/0/1900,25.09377,-80.76566,1.9,190,1.16,0.44,0.36,27.89,27.82,,30.1,87.6,5.59,47.16,30.53,8.31,30.1,87.7,5.59,47.15,30.52,8.31,ZWF,LAB,ZWF,,,0.4,27.855
20240513WHIP02,WHIP02,5/13/2024,2024,5,1/0/1900,25.0713,-80.76472,2,200,1.23,0.51,0.43,21.19,21.36,,30.4,97.1,6.08,50.87,33.22,8.36,30.4,97.8,6.13,50.87,33.22,8.37,ZWF,LAB,ZWF,,,0.47,21.275
20240513WHIP03,WHIP03,5/13/2024,2024,5,1/0/1900,25.04951,-80.76885,2.1,210,1.29,0.4,0.34,20.4,20.6,,30.77,105.5,6.53,52.29,34.26,8.4,30.78,106.1,6.56,52.29,34.26,8.4,ZWF,LAB,ZWF,,,0.37,20.5
20240516BBK01,BBK01,5/16/2024,2024,5,1/0/1900,25.15942,-80.62505,2,200,10.4,0.55,0.54,12.62,12.69,,29.87,94.8,6.45,31.6,19.56,8.21,29.87,94.8,6.45,31.57,19.55,8.21,ZWF,LAB,ZWF,,,0.545,12.655
20240516BBK02,BBK02,5/16/2024,2024,5,1/0/1900,25.12289,-80.5906,1.9,190,22.6,0.73,0.65,9.04,9.13,,29.69,94.5,6.31,37.15,23.41,8.17,29.64,94.5,6.31,37.14,23.4,8.17,ZWF,LAB,ZWF,,,0.69,9.085
20240516BLAS01,BLAS01,5/16/2024,2024,5,1/0/1900,25.17056,-80.41697,2.8,280,0.92,0.52,0.41,18.66,18.51,,29.86,86.5,5.54,47.43,30.73,8.19,29.85,87.1,5.58,47.42,30.72,8.19,ZWF,LAB,ZWF,,,0.465,18.585
20240516BNUT01,BNUT01,5/16/2024,2024,5,1/0/1900,25.07455,-80.53012,2.6,260,3.09,0.49,0.47,10.85,10.87,,29.88,98.8,6.44,42.86,27.44,8.24,29.88,98.8,6.43,42.88,27.45,8.24,ZWF,LAB,ZWF,,,0.48,10.86
20240516BUTT01,BUTT01,5/16/2024,2024,5,1/0/1900,25.11062,-80.45594,2.5,250,0.78,0.44,0.38,16.91,17.52,,29.84,95.8,6.22,43.93,28.2,8.28,29.85,95.9,6.22,43.9,28.18,8.28,ZWF,LAB,ZWF,,,0.41,17.215
20240516DEER01,DEER01,5/16/2024,2024,5,1/0/1900,25.18674,-80.51437,1.7,170,19.4,0.51,0.48,9.43,9.65,,29.89,96.7,6.41,38.41,24.29,8.16,29.89,96.8,6.41,38.43,24.3,8.16,ZWF,LAB,ZWF,,,0.495,9.54
20240516DUCK01,DUCK01,5/16/2024,2024,5,1/0/1900,25.19018,-80.47786,1.8,180,2.77,0.39,0.27,11.9,11.94,,29.69,92.2,6.02,43.17,27.67,8.13,29.69,92.6,6.05,43.2,27.69,8.13,ZWF,LAB,ZWF,,,0.33,11.92
20240516DUCK02,DUCK02,5/16/2024,2024,5,1/0/1900,25.15509,-80.484,1.6,160,4.22,0.41,0.34,10.64,10.76,,29.59,91.5,6.05,40.14,25.51,8.16,29.59,91.5,6.05,40.14,25.51,8.16,ZWF,LAB,ZWF,,,0.375,10.7
20240516EAGLE01,EAGLE01,5/16/2024,2024,5,1/0/1900,25.17863,-80.57323,1.8,180,7.75,0.94,0.87,13.12,13.19,,29.92,96.8,6.44,37.36,23.51,8.18,29.92,96.9,6.44,37.4,23.57,8.18,ZWF,LAB,ZWF,,,0.905,13.155
20240516JIM01,JIM01,5/16/2024,2024,5,1/0/1900,25.04049,-80.61588,2.5,250,2.87,0.47,0.38,9.51,9.59,,29.99,95,5.96,51.58,33.76,8.21,30.01,94.7,5.95,51.53,33.72,8.21,ZWF,LAB,ZWF,,,0.425,9.55
20240516JOE01,JOE01,5/16/2024,2024,5,1/0/1900,25.21574,-80.53392,1.5,105,8.73,0.94,0.8,16.63,16.11,,30.26,99.6,6.51,40.23,25.56,8.2,30.21,97.6,6.35,40.31,25.62,8.19,ZWF,LAB,ZWF,,,0.87,16.37
20240516LBS01,LBS01,5/16/2024,2024,5,1/0/1900,25.21305,-80.44297,1.7,170,2.35,1.49,1.08,21.66,21.41,,29.69,91.1,6.03,39.68,25.19,8.22,29.69,91.3,6.04,39.66,25.17,8.22,ZWF,LAB,ZWF,,,1.285,21.535
20240516LBUT01,LBUT01,5/16/2024,2024,5,1/0/1900,25.13778,-80.44825,2.2,220,1.02,0.56,0.61,20.78,20.86,,29.85,90.8,5.86,45.46,29.31,8.25,29.86,90.9,5.86,45.46,29.31,8.25,ZWF,LAB,ZWF,,,0.585,20.82
20240516LMAD01,LMAD01,5/16/2024,2024,5,1/0/1900,25.18521,-80.63464,1.4,140,20.5,1.08,0.99,20.57,21.69,,29.87,91.7,6.4,24.51,14.8,8.19,29.86,91.9,6.42,24.52,14.82,8.2,ZWF,LAB,ZWF,,,1.035,21.13
20240516LONS01,LONS01,5/16/2024,2024,5,1/0/1900,25.23064,-80.45722,1.6,160,3.21,1.04,0.91,27.62,27.11,,29.67,84.9,5.68,37.08,23.37,8.13,29.67,85.1,5.69,37.1,23.37,8.13,ZWF,LAB,ZWF,,,0.975,27.365
20240516MANK01,MANK01,5/16/2024,2024,5,1/0/1900,25.08473,-80.60365,2.4,240,8.92,0.44,0.4,9.89,9.72,,29.79,97.1,6.37,41.26,26.3,8.2,29.79,97.1,6.37,41.27,26.31,8.2,ZWF,LAB,ZWF,,,0.42,9.805
20240516NEST01,NEST01,5/16/2024,2024,5,1/0/1900,25.16249,-80.53272,1.7,170,10.8,0.35,0.33,9.42,9.25,,29.91,98.7,6.53,38.79,24.55,8.19,29.92,99.1,6.55,38.77,25.54,8.19,ZWF,LAB,ZWF,,,0.34,9.335
20240516NEST02,NEST02,5/16/2024,2024,5,1/0/1900,25.12745,-80.54131,2,200,13,0.51,0.43,9.19,9.21,,29.92,98,6.54,36.61,23.02,8.17,29.91,98.4,6.56,36.61,23.3,8.17,ZWF,LAB,ZWF,,,0.47,9.2
20240516SWA01,SWA01,5/16/2024,2024,5,1/0/1900,25.10988,-80.49578,2.2,220,4.77,0.4,0.35,11.99,11.76,,29.74,95.2,6.27,40.54,25.77,8.18,29.75,95.1,6.26,40.5,25.76,8.18,ZWF,LAB,ZWF,,,0.375,11.875
20240516TAV01,TAV01,5/16/2024,2024,5,1/0/1900,25.01945,-80.56673,2.5,250,1.28,0.53,0.5,9.79,9.67,,30.15,99.9,6.17,55.27,36.49,8.29,30.15,100,6.17,55.27,36.49,8.29,ZWF,LAB,ZWF,,,0.515,9.73
20240516UCB01,UCB01,5/16/2024,2024,5,1/0/1900,25.04407,-80.55371,2.3,230,2.28,0.49,0.42,10.54,10.86,,30.04,95.5,6.03,50.25,32.78,8.25,30.04,95.7,6.04,50.24,32.77,8.25,ZWF,LAB,ZWF,,,0.455,10.7
20240517BLUE01,BLUE01,5/17/2024,2024,5,1/0/1900,25.02344,-80.92734,2.5,103,3.58,12.33,12.71,38.59,39.03,,31.28,120.2,7.3,55.1,36.32,8.72,31.27,122.5,7.43,55.09,36.32,8.73,ZWF,LAB,ZWF,,,12.52,38.81
20240517BLUE02,BLUE02,5/17/2024,2024,5,1/0/1900,24.99576,-80.92738,2.2,220,2.39,5.8,4.9,30.37,30.08,,30.63,102.9,6.34,54.08,35.59,8.59,30.6,104.5,6.44,54.09,35.6,8.6,ZWF,LAB,ZWF,,,5.35,30.225
20240517CAP01,CAP01,5/17/2024,2024,5,1/0/1900,25.0076,-80.64747,2.4,240,1.41,0.43,0.48,8.63,9.02,,30.15,93.2,5.7,57.27,37.99,8.23,30.15,93,5.69,57.27,37.99,8.23,ZWF,LAB,ZWF,,,0.455,8.825
20240517COTT01,COTT01,5/17/2024,2024,5,1/0/1900,24.99685,-80.57916,2.5,250,2.03,0.37,0.33,7,6.98,,30.08,96.3,5.9,57.32,38.03,8.14,30.09,96.4,5.9,57.32,38.02,8.14,ZWF,LAB,ZWF,,,0.35,6.99
20240517COTT02,COTT02,5/17/2024,2024,5,1/0/1900,24.9803,-80.62506,2.3,230,1.43,0.28,0.28,6.64,6.77,,30.06,90.8,5.56,57.75,38.35,8.19,30.07,91.7,5.61,57.73,38.37,8.2,ZWF,LAB,ZWF,,,0.28,6.705
20240517LIG01,LIG01,5/17/2024,2024,5,1/0/1900,24.93423,-80.71037,2.9,290,2.02,0.53,0.59,6.43,6.66,,30.22,94.6,5.79,57.48,38.14,8.18,30.23,95,5.8,57.49,38.15,8.19,ZWF,LAB,ZWF,,,0.56,6.545
20240517LIG02,LIG02,5/17/2024,2024,5,1/0/1900,24.96473,-80.69431,2.7,270,2.26,0.35,0.33,5.17,5.48,,30.06,93.4,5.73,57.23,37.96,8.14,30.08,94.6,5.81,57.26,37.98,8.15,ZWF,LAB,ZWF,,,0.34,5.325
20240517LIG03,LIG03,5/17/2024,2024,5,1/0/1900,24.96622,-80.72723,2.5,250,2.57,0.55,0.51,12.15,12.07,,30.27,95,5.8,57.91,38.47,8.23,30.26,96.1,5.85,57.95,38.5,8.23,ZWF,LAB,ZWF,,,0.53,12.11
20240517PORP01,PORP01,5/17/2024,2024,5,1/0/1900,25.0102,-80.69053,2.5,250,1.65,0.61,0.67,10.07,10.32,,30.35,97.5,5.95,57.32,38.02,8.33,30.35,97.7,5.96,57.33,38.02,8.32,ZWF,LAB,ZWF,,,0.64,10.195
20240517RAB01,RAB01,5/17/2024,2024,5,1/0/1900,25.01771,-80.89329,1.8,110,2.27,8.53,8.49,35.62,35.91,,30.94,108.1,6.6,53.07,34.83,8.64,,110.6,6.81,53.08,34.84,8.64,ZWF,LAB,ZWF,,,8.51,35.765
20240517RAB02,RAB02,5/17/2024,2024,5,1/0/1900,24.9732,-80.87066,1.4,140,1.59,0.35,0.43,17.52,17.71,,29.94,76.1,4.68,57.08,37.86,8.34,29.92,78.1,4.8,57.11,37.88,8.34,ZWF,LAB,ZWF,,,0.39,17.615
20240517RAB03,RAB03,5/17/2024,2024,5,1/0/1900,25.00096,-80.85736,2.4,240,0.52,1.01,1.25,26.47,26.88,,30.53,98.8,6.12,53.02,34.8,8.45,30.5,99.9,6.21,53.01,34.79,8.45,ZWF,LAB,ZWF,,,1.13,26.675
20240517RAB04,RAB04,5/17/2024,2024,5,1/0/1900,24.9681,-80.84026,2.3,230,1.64,0.45,1.01,24.18,22.77,,30.4,87.6,5.33,57.81,38.38,8.38,30.37,89.2,5.47,57.8,38.37,8.38,ZWF,LAB,ZWF,,,0.73,23.475
20240517TWIN01,TWIN01,5/17/2024,2024,5,1/0/1900,24.95828,-80.78102,2.7,270,1.24,0.68,0.65,17.04,17.41,,30.38,87.5,5.35,56.77,37.6,8.33,30.36,87.4,5.35,56.76,37.6,8.34,ZWF,LAB,ZWF,,,0.665,17.225
20240517TWIN02,TWIN02,5/17/2024,2024,5,1/0/1900,24.98342,-80.80916,2.4,240,1.16,0.42,0.45,22.68,22.71,,30.49,91.3,5.59,56.06,37.07,8.45,30.49,92.2,5.67,56.4,37.1,8.46,ZWF,LAB,ZWF,,,0.435,22.695
20240517TWIN03,TWIN03,5/17/2024,2024,5,1/0/1900,25.00367,-80.75413,2.2,220,1.68,0.71,0.78,12.77,12.81,,30.6,105.9,6.43,57.93,38.47,8.4,30.65,107.2,6.49,57.93,38.47,8.4,ZWF,LAB,ZWF,,,0.745,12.79
20240708AC01,AC01,7/8/2024,2024,7,1/0/1900,25.17612,-80.79424,0.8,22,32.7,29.64,30.47,81.09,80.83,,30.83,64.3,3.94,54.2,35.67,8.11,,,,,,,ZWF,ZWF,LAB,,,30.055,80.96
20240708CAT02,CAT02,7/8/2024,2024,7,1/0/1900,25.09862,-80.87152,1.2,120,0.95,0.94,0.95,28.85,29.57,,31.38,66,3.99,55.77,36.81,8.06,31.39,66.6,4.02,55.79,36.84,8.07,ZWF,ZWF,LAB,,,0.945,29.21
20240708DC01,DC01,7/8/2024,2024,7,1/0/1900,25.1739,-80.8163,0.7,21,45.5,46.04,48.37,99.1,96.97,,31,53,3.2,57.85,38.4,8.25,,,,,,,ZWF,ZWF,LAB,,,47.205,98.035
20240708PEL01,PEL01,7/8/2024,2024,7,1/0/1900,25.06904,-80.82342,1.4,140,1.13,1.49,1.42,47.21,46.91,,31.89,92.4,5.48,58.18,38.6,8.34,31.86,92,5.46,58.16,38.59,8.34,ZWF,ZWF,LAB,,,1.455,47.06
20240708PEL02,PEL02,7/8/2024,2024,7,1/0/1900,25.09202,-80.82196,1.1,110,3,4.11,4.33,49.9,49.88,,31.73,97.5,5.79,58.78,39.07,8.42,31.72,97.2,5.77,58.78,39.06,8.42,ZWF,ZWF,LAB,,,4.22,49.89
20240708PEL03,PEL03,7/8/2024,2024,7,1/0/1900,25.06147,-80.85192,1.1,110,1.29,0.63,0.59,45.53,44.37,,31.62,75.5,4.52,57.22,37.9,8.25,31.61,76,4.55,57.22,37.9,8.25,ZWF,ZWF,LAB,,,0.61,44.95
20240708RANKB01,RANKB01,7/8/2024,2024,7,1/0/1900,25.14961,-80.77946,0.8,36,19.1,23.21,22.19,40.05,39.63,,30.63,85.1,5.21,55.14,36.37,8.06,,,,,,,ZWF,ZWF,LAB,,,22.7,39.84
20240708RANKL01,RANKL01,7/8/2024,2024,7,1/0/1900,25.12264,-80.81405,1.4,140,1.89,2.48,2.04,48.27,47.94,,31.6,91.4,5.47,57.34,37.98,8.54,31.6,91.3,5.46,57.34,37.99,8.54,ZWF,ZWF,LAB,,,2.26,48.105
20240708RANKL02,RANKL02,7/8/2024,2024,7,1/0/1900,25.14239,-80.81824,1.1,110,3.02,0.77,0.6,51.28,50.71,,31.73,93.4,5.52,59.87,39.89,8.36,31.73,93.4,5.53,59.89,39.9,8.37,ZWF,ZWF,LAB,,,0.685,50.995
20240708RANKL03,RANKL03,7/8/2024,2024,7,1/0/1900,25.16718,-80.80129,0.7,30,29.3,32.88,29.98,56.75,60.02,,30.72,71.3,4.34,56.55,37.43,8.04,,,,,,,ZWF,ZWF,LAB,,,31.43,58.385
20240708SANT01,SANT01,7/8/2024,2024,7,1/0/1900,25.15382,-80.76092,0.7,42,18.1,21.15,20.95,37.5,37.45,,30.76,78,4.83,52.18,34.18,7.98,,,,,,,ZWF,ZWF,LAB,,,21.05,37.475
20240708SID01,SID01,7/8/2024,2024,7,1/0/1900,25.01873,-80.78621,1.3,130,2.02,1.25,1.26,24.95,24.73,,31.68,108.1,6.54,54.33,35.73,8.22,31.67,108.4,6.56,54.32,35.73,8.22,ZWF,ZWF,LAB,,,1.255,24.84
20240708SID02,SID02,7/8/2024,2024,7,1/0/1900,25.03315,-80.8065,0.9,90,1.68,5.43,5.34,37.59,37.11,,31.44,73.1,4.42,55.05,36.28,8.07,,,,,,,ZWF,ZWF,LAB,,,5.385,37.35
20240708SNB02,SNB02,7/8/2024,2024,7,1/0/1900,25.13507,-80.85393,1.2,120,1.92,1,0.95,37.68,38.17,,32.06,101.5,6.04,57.09,37.78,8.39,32.1,106.2,6.3,57.12,37.8,8.4,ZWF,ZWF,LAB,,,0.975,37.925
20240708TB01,TB01,7/8/2024,2024,7,1/0/1900,25.15724,-80.72467,0.8,60,13.8,11.38,11.24,46.79,46.38,,32.03,76.2,4.84,40.42,25.64,8.11,,,,,,,ZWF,ZWF,LAB,,,11.31,46.585
20240708TB02,TB02,7/8/2024,2024,7,1/0/1900,25.15502,-80.71714,0.7,70,8.86,3.6,3.26,35,35.06,,31.02,55.3,3.49,45.53,29.32,7.79,,,,,,,ZWF,ZWF,LAB,,,3.43,35.03
20240709CAL01,CAL01,7/9/2024,2024,7,1/0/1900,25.05971,-80.71127,2.1,210,2.82,2.43,2.5,24.8,25.04,,31.83,93.4,5.72,50.52,32.91,8.19,31.84,93.4,5.72,50.5,32.9,8.19,ZWF,ZWF,LAB,,,2.465,24.92
20240709COR01,COR01,7/9/2024,2024,7,1/0/1900,25.02789,-80.76868,1.9,120,3.01,8.51,8.1,32.65,31.74,,31.58,99.9,6.06,54.11,35.57,8.21,31.59,100.1,6.07,54.11,35.58,8.21,ZWF,ZWF,LAB,,,8.305,32.195
20240709CROC01,CROC01,7/9/2024,2024,7,1/0/1900,25.12833,-80.67554,1.4,140,2.19,0.52,0.5,19.68,19.71,,31.24,90.9,5.81,42.24,26.96,8.13,31.4,84.7,5.37,43.52,27.87,8.09,ZWF,ZWF,LAB,,,0.51,19.695
20240709END01,END01,7/9/2024,2024,7,1/0/1900,25.10218,-80.71961,1.7,140,2.94,4.61,4.41,29.25,29,,31.72,99.4,6.09,50.82,33.14,8.15,31.73,99.5,6.1,50.85,33.16,8.15,ZWF,ZWF,LAB,,,4.51,29.125
20240709END02,END02,7/9/2024,2024,7,1/0/1900,25.12721,-80.71825,1.8,114,4.25,7.56,7.27,27.23,27.94,,31.49,88,5.48,47.73,30.89,8.04,31.56,84.1,5.22,47.76,30.91,8.04,ZWF,ZWF,LAB,,,7.415,27.585
20240709MAD01,MAD01,7/9/2024,2024,7,1/0/1900,25.15118,-80.68197,1.4,140,1.7,0.61,0.57,20.39,20.19,,31.46,95.7,6.1,41.83,26.66,8.22,31.47,96.1,6.13,41.83,26.65,8.22,ZWF,ZWF,LAB,,,0.59,20.29
20240709NWHIP01,NWHIP01,7/9/2024,2024,7,1/0/1900,25.12489,-80.74083,1.6,76,6.03,14.34,13.42,35.18,34.14,,31.65,106.7,6.63,48.05,31.12,8.17,31.67,102.7,6.38,48.14,31.18,8.16,ZWF,ZWF,LAB,,,13.88,34.66
20240709NWHIP02,NWHIP02,7/9/2024,2024,7,1/0/1900,25.12483,-80.76491,1.3,55,12.2,24.62,22.71,41.31,39.75,,31.57,81.3,4.92,54.5,35.86,8.1,31.57,80.7,4.89,54.61,35.96,8.1,ZWF,ZWF,LAB,,,23.665,40.53
20240709RUS01,RUS01,7/9/2024,2024,7,1/0/1900,25.04932,-80.66534,2.5,250,1.58,1.33,1.27,12.42,12.11,,31.73,109.5,6.77,48.7,31.59,8.23,31.74,109.3,6.75,48.7,31.59,8.23,ZWF,ZWF,LAB,,,1.3,12.265
20240709RUS02,RUS02,7/9/2024,2024,7,1/0/1900,25.08374,-80.68227,2.2,220,1.38,0.7,0.64,18.02,17.99,,31.84,97.2,6.02,47.51,30.72,8.16,31.89,94.9,5.87,47.57,30.76,8.15,ZWF,ZWF,LAB,,,0.67,18.005
20240709SPY01,SPY01,7/9/2024,2024,7,1/0/1900,25.0261,-80.72086,2.4,240,1.39,1.17,1.03,22.27,21.43,,31.91,103.7,6.3,52.32,34.24,8.27,31.9,103.7,6.3,52.35,34.26,8.26,ZWF,ZWF,LAB,,,1.1,21.85
20240709WHIP01,WHIP01,7/9/2024,2024,7,1/0/1900,25.09392,-80.76557,1.9,74,5,19.77,17.37,41.68,41.84,,31.45,74.4,4.51,54.74,36.05,8.11,31.43,74,4.48,54.73,36.04,8.11,ZWF,ZWF,LAB,,,18.57,41.76
20240709WHIP02,WHIP02,7/9/2024,2024,7,1/0/1900,25.07213,-80.76429,2,73,4.25,14.67,14.33,43.22,42.99,,31.74,92.2,5.54,55.65,36.71,8.21,31.75,92,5.53,55.66,36.72,8.21,ZWF,ZWF,LAB,,,14.5,43.105
20240709WHIP03,WHIP03,7/9/2024,2024,7,1/0/1900,25.04939,-80.76876,2.1,88,4.64,14.34,13.61,38.01,37.57,,31.51,96,5.82,54.34,35.75,8.18,31.53,96.1,5.83,54.36,35.76,8.18,ZWF,ZWF,LAB,,,13.975,37.79
20240710BLUE01,BLUE01,7/10/2024,2024,7,1/0/1900,25.02292,-80.92715,0.6,60,0.42,0.51,0.46,32.55,32.64,,31.53,73.8,4.43,56.5,37.35,8.28,,,,,,,ZWF,ZWF,LAB,,,0.485,32.595
20240710BLUE02,BLUE02,7/10/2024,2024,7,1/0/1900,24.99492,-80.92744,2.4,240,1.11,0.54,0.49,33.3,33.77,,31.54,86.8,5.21,56.58,37.42,8.26,31.54,86.9,5.22,55.59,37.42,8.26,ZWF,ZWF,LAB,,,0.515,33.535
20240710CAP01,CAP01,7/10/2024,2024,7,1/0/1900,25.00735,-80.64731,2.3,230,1.57,0.99,1,12.88,12.37,,31.58,91.3,5.53,54.54,35.89,8.16,31.58,91.2,5.52,54.53,35.89,8.16,ZWF,ZWF,LAB,,,0.995,12.625
20240710COTT01,COTT01,7/10/2024,2024,7,1/0/1900,24.99645,-80.57924,2.4,240,0.92,0.82,0.71,13.99,13.71,,31.7,103.9,6.29,53.95,35.45,8.18,31.73,103.8,6.28,53.96,35.45,8.18,ZWF,ZWF,LAB,,,0.765,13.85
20240710COTT02,COTT02,7/10/2024,2024,7,1/0/1900,24.981,-80.62538,2.3,230,0.93,0.49,0.45,10.12,9.97,,31.32,97.7,5.93,55.01,36.26,8.04,31.33,98,5.95,55.01,36.25,8.04,ZWF,ZWF,LAB,,,0.47,10.045
20240710LIG01,LIG01,7/10/2024,2024,7,1/0/1900,24.93456,-80.71,2.8,280,1.69,0.5,0.35,9.02,9.31,,31.44,85.9,5.18,55.81,36.85,7.92,31.44,85.8,5.18,55.83,36.86,7.93,ZWF,ZWF,LAB,,,0.425,9.165
20240710LIG02,LIG02,7/10/2024,2024,7,1/0/1900,24.96461,-80.69455,2.6,260,1.81,1.31,0.46,16.74,16.51,,31.65,94.2,5.68,55.16,36.35,8.2,31.65,94.3,5.69,55.16,36.35,8.2,ZWF,ZWF,LAB,,,0.885,16.625
20240710LIG03,LIG03,7/10/2024,2024,7,1/0/1900,24.96621,-80.72718,2.4,105,4.4,9.11,8.24,29.88,29.18,,31.54,96.4,5.79,56.4,37.28,8.11,31.54,95.9,5.76,56.41,37.29,8.1,ZWF,ZWF,LAB,,,8.675,29.53
20240710PORP01,PORP01,7/10/2024,2024,7,1/0/1900,25.01038,-80.6902,2.5,250,1.31,1.13,1.02,15.54,15.38,,31.84,107.2,6.52,52.25,34.19,8.29,31.86,107,6.49,52.39,34.29,8.28,ZWF,ZWF,LAB,,,1.075,15.46
20240710RAB01,RAB01,7/10/2024,2024,7,1/0/1900,25.01652,-80.89421,1.6,160,0.33,0.63,0.53,39.46,39.1,,31.52,97.4,5.82,57.67,38.24,8.34,31.52,97.7,5.86,57.67,38.24,8.35,ZWF,ZWF,LAB,,,0.58,39.28
20240710RAB02,RAB02,7/10/2024,2024,7,1/0/1900,24.97333,-80.8706,1.5,150,2.01,7.21,7.13,39.34,38.85,,30.33,65.6,3.96,59.68,39.8,8.17,30.38,71.3,4.31,59.75,39.85,8.19,ZWF,ZWF,LAB,,,7.17,39.095
20240710RAB03,RAB03,7/10/2024,2024,7,1/0/1900,25.00132,-80.85653,2.3,206,1.55,7.75,7.04,41.12,40.82,,31.32,94.9,5.7,57.19,37.88,8.31,31.25,95.4,5.75,57.2,37.9,8.31,ZWF,ZWF,LAB,,,7.395,40.97
20240710RAB04,RAB04,7/10/2024,2024,7,1/0/1900,24.96836,-80.83984,2.5,250,1.15,4.72,4.93,38.96,39.08,,31.25,87.1,5.23,57.59,38.19,8.14,31.22,86.8,5.22,57.64,38.22,8.14,ZWF,ZWF,LAB,,,4.825,39.02
20240710TWIN01,TWIN01,7/10/2024,2024,7,1/0/1900,24.95923,-80.78058,2.7,143,3.35,7.24,6.96,34.49,34.76,,31.53,85,5.09,57.08,37.8,8.12,31.52,84.5,5.07,57.09,37.8,8.12,ZWF,ZWF,LAB,,,7.1,34.625
20240710TWIN02,TWIN02,7/10/2024,2024,7,1/0/1900,24.98365,-80.80924,2.4,109,2.4,11.05,11.53,42.22,42.85,,31.51,100.4,6.04,56.18,37.12,8.29,31.5,100.3,6.03,56.18,37.12,8.29,ZWF,ZWF,LAB,,,11.29,42.535
20240710TWIN03,TWIN03,7/10/2024,2024,7,1/0/1900,25.00338,-80.75401,2.3,230,1.29,1.65,1.41,20.51,20.43,,31.38,105.6,6.4,55.1,36.32,8.2,31.38,105.9,6.43,55.1,36.32,8.2,ZWF,ZWF,LAB,,,1.53,20.47
20240712CAT01,CAT01,7/12/2024,2024,7,1/0/1900,25.08823,-80.91293,1.9,190,4.22,1.4,1.15,28.3,28.6,,29.81,65.9,4.06,57.01,37.81,8.09,29.81,65.6,4.04,57.02,37.81,8.09,ZWF,ZWF,LAB,,,1.275,28.45
20240712CON01,CON01,7/12/2024,2024,7,1/0/1900,25.11834,-80.93971,3.3,126,8.08,1.46,1.24,20.37,20.15,,29.92,84.8,5.23,56.67,37.55,8.11,29.94,85,5.23,56.66,37.54,8.1,ZWF,ZWF,LAB,,,1.35,20.26
20240712CON02,CON02,7/12/2024,2024,7,1/0/1900,25.1022,-81.02119,3.3,157,6.15,1.35,1.31,14.46,14.24,,30.31,92.8,5.67,56.97,37.76,8.23,30.31,93,5.68,56.97,37.76,8.22,ZWF,ZWF,LAB,,,1.33,14.35
20240712FNB01,FNB01,7/12/2024,2024,7,1/0/1900,25.05775,-81.01912,3.9,159,6.21,1.47,1.17,12.01,12.24,,30.12,83.7,5.11,57.76,38.36,8.07,29.43,57.3,3.55,57.88,38.47,8.04,ZWF,ZWF,LAB,,,1.32,12.125
20240712FNB02,FNB02,7/12/2024,2024,7,1/0/1900,25.05597,-80.97954,1.5,150,3.14,2.36,2.42,23.3,23.41,,29.44,65.6,4.06,57.41,38.12,8.15,29.45,65.4,4.04,57.44,38.14,8.15,ZWF,ZWF,LAB,,,2.39,23.355
20240712JOHN01,JOHN01,7/12/2024,2024,7,1/0/1900,25.0634,-80.90626,1.9,190,0.6,0.77,0.78,36.44,36.48,,29.05,63.4,3.94,57.45,38.16,8.38,29.06,64.7,4.02,57.48,38.18,8.38,ZWF,ZWF,LAB,,,0.775,36.46
20240712JOHN02,JOHN02,7/12/2024,2024,7,1/0/1900,25.05657,-80.93072,1.6,160,0.79,0.96,0.89,31.28,31.52,,29.15,43.3,2.68,57.31,38.06,8.05,29.15,42.7,2.66,57.32,38.06,8.05,ZWF,ZWF,LAB,,,0.925,31.4
20240712JOHN03,JOHN03,7/12/2024,2024,7,1/0/1900,25.03971,-80.91499,1.7,170,0.53,0.82,0.8,33.51,33.23,,29.6,53.6,3.31,56.99,37.8,8.17,29.59,53.4,3.3,56.99,37.8,8.18,ZWF,ZWF,LAB,,,0.81,33.37
20240712LONG01,LONG01,7/12/2024,2024,7,1/0/1900,24.8993,-80.76538,2.8,280,1.97,1.26,1.38,16.35,15.4,,30.32,92.7,5.67,56.59,37.47,8.03,30.32,93.3,5.73,56.59,37.47,8.03,ZWF,ZWF,LAB,,,1.32,15.875
20240712LONG02,LONG02,7/12/2024,2024,7,1/0/1900,24.87628,-80.82984,2.8,280,2.41,0.6,0.49,18.08,18.34,,30.32,86.2,5.26,57.35,38.05,7.97,30.32,86.3,5.27,57.35,38.04,7.98,ZWF,LAB,LAB,,,0.545,18.21
20240712NMB01,NMB01,7/12/2024,2024,7,1/0/1900,25.00022,-80.979,1.2,,5.28,5.93,5.38,9.9,10.09,,30.37,86.1,5.24,58.01,38.54,8.03,30.37,87,5.29,58.02,38.54,8.03,ZWF,ZWF,LAB,,,5.655,9.995
20240712NMB02,NMB02,7/12/2024,2024,7,1/0/1900,24.94745,-80.92875,3.3,330,0.56,0.89,0.67,29.05,28.74,,30.52,84.5,5.15,56.64,37.5,8.2,30.53,84.4,5.15,56.63,37.5,8.2,ZWF,ZWF,LAB,,,0.78,28.895
20240712NMB03,NMB03,7/12/2024,2024,7,1/0/1900,24.9059,-80.88192,1.8,180,0.66,0.81,0.71,28.91,29.21,,30.39,80.7,4.92,57.28,37.98,8.08,30.393,80.8,4.93,57.27,37.98,8.08,ZWF,ZWF,LAB,,,0.76,29.06
20240712SNB01,SNB01,7/12/2024,2024,7,1/0/1900,25.14098,-80.89336,2.4,178,6.36,1.23,1.06,40.15,40.12,,28.85,53.7,3.36,56.69,37.6,8.05,28.85,53.8,3.37,56.69,37.6,8.05,ZWF,ZWF,LAB,,,1.145,40.135
20240715BBK01,BBK01,7/15/2024,2024,7,1/0/1900,25.15956,-80.62505,1.8,180,2.35,0.61,0.51,16.9,16.22,,30.04,100,6.74,33.5,20.87,8.22,30.1,102.7,6.91,33.7,21,8.22,ZWF,LAB,LAB,,,0.56,16.56
20240715BBK02,BBK02,7/15/2024,2024,7,1/0/1900,25.12323,-80.58976,1.7,170,1.7,0.33,0.28,8.48,8.71,,29.92,110.2,7.29,38.69,24.48,8.25,29.93,110.7,7.33,38.69,24.48,8.25,ZWF,LAB,LAB,,,0.305,8.595
20240715BLAS01,BLAS01,7/15/2024,2024,7,1/0/1900,25.17036,-80.41688,2.7,270,0.5,0.6,0.67,23.39,23.35,,30.3,98.3,6.34,43.96,28.21,8.08,30.31,99.4,6.4,43.98,28.23,8.08,ZWF,LAB,LAB,,,0.635,23.37
20240715BNUT01,BNUT01,7/15/2024,2024,7,1/0/1900,25.0739,-80.53004,2.4,240,2.85,0.64,0.59,10.65,10.71,,30.09,97.8,6.32,43.98,28.23,,30.09,97.9,6.33,43.98,28.23,8.12,ZWF,LAB,LAB,,,0.615,10.68
20240715BUTT01,BUTT01,7/15/2024,2024,7,1/0/1900,25.11016,-80.45612,2.3,230,0.46,0.44,0.39,23.88,24.14,,30.38,80,5.12,45.46,29.29,8,30.41,79.3,5.07,45.45,29.28,7.98,ZWF,LAB,LAB,,,0.415,24.01
20240715DEER01,DEER01,7/15/2024,2024,7,1/0/1900,25.18478,-80.51475,1.6,160,3.2,0.32,0.27,12.73,11.63,,30.1,104,6.83,40.15,25.51,8.19,30.1,104.1,6.83,40.15,25.51,8.19,ZWF,LAB,LAB,,,0.295,12.18
20240715DUCK01,DUCK01,7/15/2024,2024,7,1/0/1900,25.18983,-80.47386,1.6,160,1.16,0.75,0.57,16.07,16.81,,29.58,96.3,6.35,41.13,26.21,8.24,29.73,95.6,6.27,41.64,26.56,8.23,ZWF,LAB,LAB,,,0.66,16.44
20240715DUCK02,DUCK02,7/15/2024,2024,7,1/0/1900,25.15509,-80.48404,1.5,150,1.48,0.55,0.55,14.71,14.58,,29.77,89,5.79,43.59,27.96,8.14,29.78,88.9,5.78,43.68,28.03,8.14,ZWF,LAB,LAB,,,0.55,14.645
20240715EAGLE01,EAGLE01,7/15/2024,2024,7,1/0/1900,25.17816,-80.57283,1.7,170,2.22,0.92,0.74,17.57,16.87,,29.96,101.2,6.86,32.37,20.09,8.25,29.95,101.3,6.86,32.4,20.12,8.25,ZWF,LAB,LAB,,,0.83,17.22
20240715JIM01,JIM01,7/15/2024,2024,7,1/0/1900,25.04412,-80.61628,2.5,203,3.29,0.79,0.81,12.3,11.99,,30.14,84.4,5.36,48.28,31.34,8.06,30.11,89.6,5.69,48.35,31.39,8.1,ZWF,LAB,LAB,,,0.8,12.145
20240715JOE01,JOE01,7/15/2024,2024,7,1/0/1900,25.21557,-80.53392,1.4,94,7.32,3.09,3.03,53.59,53.5,,30.33,97.9,7.13,9.95,5.56,8.26,30.16,96,7.01,9.97,5.59,8.26,ZWF,LAB,LAB,,,3.06,53.545
20240715LBS01,LBS01,7/15/2024,2024,7,1/0/1900,25.21223,-80.44313,1.7,170,2.63,1.42,1.22,30.48,30.3,,30.01,98.5,6.72,30.47,18.79,8.27,30.06,97.2,6.62,30.53,18.84,8.25,ZWF,LAB,LAB,,,1.32,30.39
20240715LBUT01,LBUT01,7/15/2024,2024,7,1/0/1900,25.13717,-80.44804,2.1,210,0.71,0.61,0.4,23.56,23.82,,30.32,96.3,6.19,44.47,28.58,8.2,30.33,97.1,6.24,44.48,28.59,8.2,ZWF,LAB,LAB,,,0.505,23.69
20240715LMAD01,LMAD01,7/15/2024,2024,7,1/0/1900,25.18463,-80.63443,2,102,8.37,0.8,0.82,38.51,39.51,,29.89,90.5,6.37,22.16,13.25,8.12,29.87,89.1,6.26,22.08,13.2,8.12,ZWF,LAB,LAB,,,0.81,39.01
20240715LONS01,LONS01,7/15/2024,2024,7,1/0/1900,25.23031,-80.45699,1.6,160,3.4,1.77,1.54,47.45,46.69,,29.82,106,7.65,15.92,9.26,8.36,30.68,80.8,5.65,20.99,12.48,8.28,ZWF,LAB,LAB,,,1.655,47.07
20240715MANK01,MANK01,7/15/2024,2024,7,1/0/1900,25.08419,-80.60386,2.3,230,3.35,0.61,0.54,10.01,10.2,,30.08,106,6.9,42.44,27.13,8.17,30.06,106.5,6.95,42.52,27.13,8.17,ZWF,LAB,LAB,,,0.575,10.105
20240715NEST01,NEST01,7/15/2024,2024,7,1/0/1900,25.16176,-80.5331,1.5,150,1.95,0.39,0.35,14.88,14.83,,30.19,106,7.02,37.36,23.54,8.23,30.21,108.2,7.16,37.32,23.51,8.24,ZWF,LAB,LAB,,,0.37,14.855
20240715NEST02,NEST02,7/15/2024,2024,7,1/0/1900,25.12748,-80.5418,1.9,190,2.98,0.36,0.38,13.89,13.85,,30.11,105.1,6.96,37.6,23.71,8.21,30.11,105.1,6.96,37.62,23.73,8.21,ZWF,LAB,LAB,,,0.37,13.87
20240715SWA01,SWA01,7/15/2024,2024,7,1/0/1900,25.10887,-80.49609,2.1,210,2.39,0.59,0.5,9.94,10.08,,29.98,99.5,6.48,42.59,27.24,8.13,29.98,99.8,6.5,42.59,27.24,8.13,ZWF,LAB,LAB,,,0.545,10.01
20240715TAV01,TAV01,7/15/2024,2024,7,1/0/1900,25.01909,-80.56688,2.5,250,1.86,0.74,0.77,14.31,14.23,,30.17,103.5,6.54,49.17,31.99,8.15,30.1,103.9,6.56,50.02,32.61,8.21,ZWF,LAB,LAB,,,0.755,14.27
20240715UCB01,UCB01,7/15/2024,2024,7,1/0/1900,25.04277,-80.554,2.2,220,2.57,0.8,0.62,12.91,13.44,,30.21,103.7,6.61,47.17,30.53,8.31,30.08,102.7,6.53,47.91,31.07,8.29,ZWF,LAB,LAB,,,0.71,13.175
20240911CAT01,CAT01,9/11/2024,2024,9,1/0/1900,25.08814,-80.91263,2,134,5.87,1.05,0.95,27.73,27.64,,31.61,71,4.23,58.11,38.56,8.03,31.58,71.7,4.28,58.12,38.57,8.04,ZWF,ZWF,ZWF,,,1,27.685
20240911CON01,CON01,9/11/2024,2024,9,1/0/1900,25.11827,-80.93981,3.3,170,5.02,1.95,2.03,18.32,18.35,,31.56,93.1,5.56,57.81,38.34,8.06,31.53,92.7,5.54,57.83,38.35,8.09,ZWF,ZWF,ZWF,,,1.99,18.335
20240911CON02,CON02,9/11/2024,2024,9,1/0/1900,25.10212,-81.02134,3.3,211,3.24,1.03,0.98,13.48,13.52,,30.96,86,5.23,55.84,36.9,8,31.48,90.5,5.43,57.12,37.82,8.06,ZWF,ZWF,ZWF,,,1.005,13.5
20240911FNB01,FNB01,9/11/2024,2024,9,1/0/1900,25.05788,-81.01908,3.8,214,3.57,0.81,0.65,19.87,19.21,,30.97,68,4.13,55.43,36.58,7.94,31.08,69,4.19,55.82,36.87,7.96,ZWF,ZWF,ZWF,,,0.73,19.54
20240911FNB02,FNB02,9/11/2024,2024,9,1/0/1900,25.05598,-80.97697,1.4,140,3.72,0.61,0.57,23.24,23.12,,31.55,82.9,4.95,57.97,38.46,8.13,31.54,82.6,4.94,57.98,38.47,8.14,ZWF,ZWF,ZWF,,,0.59,23.18
20240911JOHN01,JOHN01,9/11/2024,2024,9,1/0/1900,25.06324,-80.90559,1.3,130,1.69,4.65,4.62,44.52,44.84,,31.91,63.1,3.76,57.2,37.86,8.35,31.88,63.6,3.77,57.23,37.89,8.36,ZWF,ZWF,ZWF,,,4.635,44.68
20240911JOHN02,JOHN02,9/11/2024,2024,9,1/0/1900,25.0565,-80.93091,1.7,170,0.85,0.93,0.88,31.68,31.79,,31.74,52.6,3.11,59.11,39.31,8.17,31.74,52.8,3.13,59.11,39.31,8.18,ZWF,ZWF,ZWF,,,0.905,31.735
20240911JOHN03,JOHN03,9/11/2024,2024,9,1/0/1900,25.03972,-80.91525,1.9,190,0.88,1.96,2.05,41.1,41.43,,31.87,61.6,3.67,57.29,37.94,8.19,31.86,61.5,3.66,57.32,37.96,8.19,ZWF,ZWF,ZWF,,,2.005,41.265
20240911LONG01,LONG01,9/11/2024,2024,9,1/0/1900,24.89963,-80.76557,2.8,280,1.71,0.57,0.42,7.39,7.37,,31.49,87.1,5.26,55.25,36.43,7.97,31.44,87.9,5.32,55.25,36.43,7.98,ZWF,ZWF,ZWF,,,0.495,7.38
20240911LONG02,LONG02,9/11/2024,2024,9,1/0/1900,24.87658,-80.82929,2.8,280,2.09,0.48,0.39,11.38,10.88,,31.56,95.6,5.78,55,36.23,8.04,31.55,96.1,5.81,55,36.23,8.04,ZWF,ZWF,ZWF,,,0.435,11.13
20240911NMB01,NMB01,9/11/2024,2024,9,1/0/1900,25.00044,-80.97935,1.5,150,2.14,1.87,1.47,19.95,20.01,,31.6,89.9,5.41,56.07,37.03,8.06,31.61,90.6,5.45,56.07,37.03,8.06,ZWF,ZWF,ZWF,,,1.67,19.98
20240911NMB02,NMB02,9/11/2024,2024,9,1/0/1900,24.94732,-80.92874,3.3,330,1.62,0.95,0.83,29.83,30.52,,31.76,99.1,5.94,55.95,36.94,8.14,31.76,99.1,5.95,55.95,36.94,8.15,ZWF,ZWF,ZWF,,,0.89,30.175
20240911NMB03,NMB03,9/11/2024,2024,9,1/0/1900,24.90577,-80.88221,2.4,240,0.71,0.75,0.67,23.82,23.66,,32.04,100.6,6.03,55.33,36.46,8.19,32.03,101.1,6.07,55.33,36.47,8.19,ZWF,ZWF,ZWF,,,0.71,23.74
20240911SNB01,SNB01,9/11/2024,2024,9,1/0/1900,25.14099,-80.89336,2.5,153,7.26,1.51,1.5,37.08,36.76,,31.36,74,4.46,56.27,37.19,7.88,31.36,73.6,4.44,56.27,37.19,7.88,ZWF,ZWF,ZWF,,,1.505,36.92
20240912AC01,AC01,9/12/2024,2024,9,1/0/1900,25.17616,-80.79416,1.3,26,34.9,31.83,29.81,86.06,84.76,,30.39,61.8,3.91,47.72,30.91,8.03,30.34,54.6,3.45,48.57,31.54,7.96,ZWF,ZWF,ZWF,REVERSE FLOW,,30.82,85.41
20240912CAT02,CAT02,9/12/2024,2024,9,1/0/1900,25.09856,-80.8717,1.6,160,1.54,1.11,0.94,39.05,38.56,,31.79,63.7,3.81,56.94,37.68,8.11,31.8,65.5,3.91,56.96,37.69,8.11,ZWF,ZWF,ZWF,,,1.025,38.805
20240912DC01,DC01,9/12/2024,2024,9,1/0/1900,25.174,-80.81627,0.6,28,34.6,38.17,35.34,86.99,87.01,,30.36,36.3,2.3,47.8,30.98,7.92,,,,,,,ZWF,ZWF,ZWF,REVERSE FLOW,,36.755,87
20240912PEL01,PEL01,9/12/2024,2024,9,1/0/1900,25.06928,-80.82354,1.7,58,7.35,18.91,18.03,42.55,42.58,,31.19,81.9,4.98,55.12,36.34,8.14,31.1,81.3,4.95,55.13,36.35,8.14,ZWF,ZWF,ZWF,,,18.47,42.565
20240912PEL02,PEL02,9/12/2024,2024,9,1/0/1900,25.09226,-80.82195,1.4,42,7.65,18.19,19.28,44.81,44.46,,31.01,92.2,5.58,57.02,37.76,8.26,31,92.3,5.58,57.01,37.76,8.26,ZWF,ZWF,ZWF,,,18.735,44.635
20240912PEL03,PEL03,9/12/2024,2024,9,1/0/1900,25.06144,-80.85178,1.3,48,7.36,27.16,27.35,45.17,44.65,,30.72,65,3.96,56.29,37.24,7.97,30.68,65,3.96,56.36,37.29,7.97,ZWF,ZWF,ZWF,,,27.255,44.91
20240912RANKB01,RANKB01,9/12/2024,2024,9,1/0/1900,25.14956,-80.77909,1,47,13.2,18.14,15.47,42.9,42.14,,30.44,81,5.05,51.88,33.96,8.07,,,,,,,ZWF,ZWF,ZWF,,,16.805,42.52
20240912RANKL01,RANKL01,9/12/2024,2024,9,1/0/1900,25.1227,-80.81371,1.6,88,5.83,14.43,14.55,42.52,42.97,,30.7,76.7,4.7,55.17,36.39,8.29,30.71,76.7,4.7,55.19,36.41,8.29,ZWF,ZWF,ZWF,,,14.49,42.745
20240912RANKL02,RANKL02,9/12/2024,2024,9,1/0/1900,25.1421,-80.81863,1.3,56,9.55,19.03,18.47,50.16,50.24,,30.74,77.8,4.79,53.4,35.08,8.17,30.74,77.8,4.79,53.4,35.08,8.17,ZWF,ZWF,ZWF,,,18.75,50.2
20240912RANKL03,RANKL03,9/12/2024,2024,9,1/0/1900,25.16729,-80.80138,0.8,36,17.4,22.98,22.47,49.26,51.67,,30.64,72.6,4.5,52.52,34.43,8.07,,,,,,,ZWF,ZWF,ZWF,,,22.725,50.465
20240912SANT01,SANT01,9/12/2024,2024,9,1/0/1900,25.15396,-80.76091,1,47,14.9,21.01,20.29,39.36,39.18,,30.57,68.9,4.3,50.89,33.23,8.02,,,,,,,ZWF,ZWF,ZWF,,,20.65,39.27
20240912SID01,SID01,9/12/2024,2024,9,1/0/1900,25.01903,-80.78603,1.4,140,1.85,1.23,0.98,30.1,29.57,,31.95,108.1,6.5,54.79,36.06,8.15,31.96,110.8,6.67,54.79,36.06,8.16,ZWF,ZWF,ZWF,,,1.105,29.835
20240912SID02,SID02,9/12/2024,2024,9,1/0/1900,25.03262,-80.80602,1.4,140,1.31,2.7,2.75,35.39,33.91,,31.86,91.2,5.54,52.57,34.43,8.15,31.86,92.6,5.64,57.58,34.43,8.16,ZWF,ZWF,ZWF,,,2.725,34.65
20240912SNB02,SNB02,9/12/2024,2024,9,1/0/1900,25.13529,-80.85395,1,100,1.51,0.83,0.65,42.62,42.86,,30.69,37.8,2.3,56.8,37.62,8.01,,,,,,,ZWF,ZWF,ZWF,,,0.74,42.74
20240912TB01,TB01,9/12/2024,2024,9,1/0/1900,25.15727,-80.72473,1,76,8.59,12.42,10.92,56.1,55.76,,30.72,61.8,3.97,43.12,27.59,7.91,,,,,,,ZWF,ZWF,ZWF,,,11.67,55.93
20240913CAL01,CAL01,9/13/2024,2024,9,1/0/1900,25.05976,-80.71132,2.3,230,1.64,1.35,1.15,16.58,16.75,,32.01,86.4,5.27,50.88,33.18,8.17,31.9,89.8,5.49,50.87,33.17,8.19,ZWF,ZWF,ZWF,,,1.25,16.665
20240913COR01,COR01,9/13/2024,2024,9,1/0/1900,25.02789,-80.76836,2.1,210,1.86,2.81,2.76,27.93,29.05,,32.29,57.6,3.46,52.94,34.68,8,32.23,102.6,6.18,54.43,35.78,8.13,ZWF,ZWF,ZWF,,,2.785,28.49
20240913CROC01,CROC01,9/13/2024,2024,9,1/0/1900,25.12818,-80.675,1.7,170,2.37,0.43,0.36,22.25,22.19,,30.18,87,5.48,43.53,27.86,8.02,31.79,87.2,5.5,43.53,27.86,8.02,ZWF,ZWF,ZWF,,,0.395,22.22
20240913END01,END01,9/13/2024,2024,9,1/0/1900,25.10161,-80.71947,2.1,76,8.6,8.04,7.45,26.69,26.28,,31.65,94.3,5.8,50.32,32.78,8.05,32,49.2,2.97,52.56,34.4,7.9,ZWF,ZWF,ZWF,,,7.745,26.485
20240913END02,END02,9/13/2024,2024,9,1/0/1900,25.12667,-80.71828,2.1,122,3.58,6.77,6.22,25.34,25.58,,31.62,87.2,5.42,43.8,30.94,7.99,31.5,91,5.66,48.05,31.13,8.02,ZWF,ZWF,ZWF,,,6.495,25.46
20240913MAD01,MAD01,9/13/2024,2024,9,1/0/1900,25.1509,-80.68191,1.6,160,1.37,0.46,0.39,23.37,23.52,,31.33,89.5,5.69,43.21,27.65,8.1,31.32,89.5,5.69,43.22,27.65,8.1,ZWF,ZWF,ZWF,,,0.425,23.445
20240913NWHIP01,NWHIP01,9/13/2024,2024,9,1/0/1900,25.12457,-80.74067,1.9,57,6.69,14.15,13.64,29.8,30.11,,32.02,98.4,6.04,49.49,32.15,8.1,31.55,96,5.92,49.73,32.35,8.08,ZWF,ZWF,ZWF,,,13.895,29.955
20240913NWHIP02,NWHIP02,9/13/2024,2024,9,1/0/1900,25.12454,-80.76479,1.6,52,6.8,17.73,16.07,37.73,38.29,,32.43,96.4,5.81,52.34,34.23,8.16,31.81,97.6,5.95,52.1,34.07,8.17,ZWF,ZWF,ZWF,,,16.9,38.01
20240913RUS01,RUS01,9/13/2024,2024,9,1/0/1900,25.04884,-80.6652,2.6,260,1.56,0.53,0.55,13.04,13.2,,31.71,102.7,6.32,50.1,32.62,8.12,31.68,99.4,6.1,50.55,32.94,8.12,ZWF,ZWF,ZWF,,,0.54,13.12
20240913RUS02,RUS02,9/13/2024,2024,9,1/0/1900,25.08364,-80.68171,2.4,240,1.68,0.71,0.65,15.36,15.07,,31.51,89.1,5.52,48.49,31.44,8.02,31.46,88.2,5.47,48.73,31.63,8.01,ZWF,ZWF,ZWF,,,0.68,15.215
20240913SPY01,SPY01,9/13/2024,2024,9,1/0/1900,25.0259,-80.7205,2.6,260,2.4,1.13,1.1,17.18,16.89,,31.87,102,6.2,52.38,34.29,8.21,31.73,107,6.52,52.37,34.28,8.23,ZWF,ZWF,ZWF,,,1.115,17.035
20240913WHIP01,WHIP01,9/13/2024,2024,9,1/0/1900,25.09369,-80.76541,2.2,56,5.28,17.06,17.37,37.83,37.55,,32.4,100.7,6.03,54.08,35.52,8.15,31.79,99.6,6.02,54.12,35.57,8.15,ZWF,ZWF,ZWF,,,17.215,37.69
20240913WHIP02,WHIP02,9/13/2024,2024,9,1/0/1900,25.07146,-80.76462,2.3,68,4.38,15.37,14.92,34.36,33.83,,32.47,76.7,4.59,53.98,35.44,8.02,31.4,83.3,5.08,54.19,35.64,8.1,ZWF,ZWF,ZWF,,,15.145,34.095
20240913WHIP03,WHIP03,9/13/2024,2024,9,1/0/1900,25.04915,-80.76857,2.3,95,2.98,8.43,8.26,29.9,29.16,,32.31,71.1,4.29,52.12,34.08,8.05,31.55,72.2,4.44,52.25,34.2,8.04,ZWF,ZWF,ZWF,,,8.345,29.53
20240916BLUE01,BLUE01,9/16/2024,2024,9,1/0/1900,25.02335,-80.92716,1.6,160,0.69,1.82,1.92,38.73,38.45,,32.42,74.4,4.38,58.48,38.81,8.15,32.4,74,4.35,58.49,38.81,8.15,ZWF,ZWF,ZWF,,,1.87,38.59
20240916BLUE02,BLUE02,9/16/2024,2024,9,1/0/1900,24.99475,-80.92718,2.7,270,0.58,1.28,1.24,38.27,38.27,,32.32,67.2,3.98,57.02,37.71,8.06,32.32,67.1,3.98,57.01,37.71,8.07,ZWF,ZWF,ZWF,,,1.26,38.27
20240916CAP01,CAP01,9/16/2024,2024,9,1/0/1900,25.00769,-80.64745,2.7,270,1.46,0.79,0.71,11.95,11.49,,31.56,86.2,5.23,54.18,35.62,8.08,31.57,86.2,5.23,54.18,35.63,8.08,ZWF,ZWF,ZWF,,,0.75,11.72
20240916COTT01,COTT01,9/16/2024,2024,9,1/0/1900,24.99635,-80.57908,2.7,270,0.82,0.71,0.53,9.48,9.82,,31.55,97.4,5.91,54.1,35.56,8.11,31.54,97.8,5.93,54.1,35.56,8.11,ZWF,ZWF,ZWF,,,0.62,9.65
20240916COTT02,COTT02,9/16/2024,2024,9,1/0/1900,24.98036,-80.62512,2.6,260,1.43,0.53,0.52,9,9.02,,31.56,85.6,5.19,53.98,35.48,7.99,31.57,85.7,5.2,54,35.49,7.98,ZWF,ZWF,ZWF,,,0.525,9.01
20240916LIG01,LIG01,9/16/2024,2024,9,1/0/1900,24.93471,-80.7101,3.3,330,2.07,0.49,0.5,5.65,5.92,,31.74,92.8,5.59,55.24,36.41,8,31.75,92.2,5.55,55.24,36.41,8,ZWF,ZWF,ZWF,,,0.495,5.785
20240916LIG02,LIG02,9/16/2024,2024,9,1/0/1900,24.96489,-80.69392,3,300,2.69,0.6,0.52,11.07,11,,31.58,82,4.96,54.94,36.19,7.96,31.57,82,4.96,54.95,36.19,7.96,ZWF,ZWF,ZWF,,,0.56,11.035
20240916LIG03,LIG03,9/16/2024,2024,9,1/0/1900,24.96638,-80.72703,2.8,280,2.48,0.61,0.67,21.13,20.91,,31.81,83.8,5.05,54.62,35.95,7.98,31.81,83.8,5.05,54.63,35.95,7.98,ZWF,ZWF,ZWF,,,0.64,21.02
20240916PORP01,PORP01,9/16/2024,2024,9,1/0/1900,25.01017,-80.69015,2.8,280,1.3,0.98,0.84,14.21,14.49,,32.1,109.4,6.61,53.26,34.92,8.27,32.09,109.5,6.61,53.26,34.92,8.27,ZWF,ZWF,ZWF,,,0.91,14.35
20240916RAB01,RAB01,9/16/2024,2024,9,1/0/1900,25.01677,-80.89385,2,200,0.45,0.68,0.61,43.07,42.86,,32.24,64.9,3.86,56.37,37.23,8.04,32.24,64.8,3.85,56.39,37.25,8.04,ZWF,ZWF,ZWF,,,0.645,42.965
20240916RAB02,RAB02,9/16/2024,2024,9,1/0/1900,24.97293,-80.87061,1.2,120,0.59,0.65,0.68,31.35,30.66,,31.02,46.3,2.8,56.37,37.28,7.94,31.01,45.8,2.78,56.36,37.27,7.95,ZWF,ZWF,ZWF,,,0.665,31.005
20240916RAB03,RAB03,9/16/2024,2024,9,1/0/1900,25.00075,-80.857,2.6,260,0.39,0.93,0.83,34.87,34.95,,31.99,75.3,4.51,55.88,36.88,7.98,32,74.89,4.48,55.89,36.88,7.98,ZWF,ZWF,ZWF,,,0.88,34.91
20240916RAB04,RAB04,9/16/2024,2024,9,1/0/1900,24.96765,-80.83994,2.6,260,0.6,0.95,0.55,40.49,40.33,,32.07,44.1,2.61,57.44,38.04,8.01,32.06,43.6,2.55,57.44,38.04,8.01,ZWF,ZWF,ZWF,,,0.75,40.41
20240916TWIN01,TWIN01,9/16/2024,2024,9,1/0/1900,24.95847,-80.78111,3.1,310,0.8,0.95,0.97,30.8,30.25,,31.88,72.7,4.37,55.14,36.33,7.97,31.88,72.5,4.36,55.14,36.32,7.97,ZWF,ZWF,ZWF,,,0.96,30.525
20240916TWIN02,TWIN02,9/16/2024,2024,9,1/0/1900,24.98351,-80.80928,2.7,270,0.91,0.77,0.76,41.12,40.48,,32.03,74.8,4.49,54.97,36.19,8,31.99,74.5,4.48,54.95,36.18,8,ZWF,ZWF,ZWF,,,0.765,40.8
20240916TWIN03,TWIN03,9/16/2024,2024,9,1/0/1900,25.00378,-80.75431,2.6,260,0.89,1.17,1.04,28.38,28.15,,32.13,102.5,6.14,55.13,36.31,8.14,32.13,102.6,6.14,55.13,36.31,8.14,ZWF,ZWF,ZWF,,,1.105,28.265
20241118CAL01,CAL01,11/18/2024,2024,11,1/0/1900,25.05924,-80.71148,2.2,220,1.9,0.39,0.32,14.68,14.45,,24.18,97.2,6.9,45.28,29.32,8.16,24.2,97.5,6.91,45.73,29.67,8.15,ZWF,ZWF,ZWF,,,0.355,14.565
20241118COR01,COR01,11/18/2024,2024,11,1/0/1900,25.02795,-80.7686,2.1,210,1.17,0.31,0.27,14.92,14.51,,23.65,87.7,6.16,50.01,32.78,8.09,23.64,87.7,6.16,50.14,32.86,8.09,ZWF,ZWF,ZWF,,,0.29,14.715
20241118CROC01,CROC01,11/18/2024,2024,11,1/0/1900,25.12841,-80.67513,1.6,160,6.51,0.88,0.75,22.89,23.22,,23.65,90,6.78,32.74,20.47,8.14,23.8,89.3,6.69,33.57,21.05,8.14,ZWF,ZWF,ZWF,,,0.815,23.055
20241118END01,END01,11/18/2024,2024,11,1/0/1900,25.1018,-80.7195,,,1.65,0.75,0.52,18.64,20.21,,23.99,99.7,7.27,39.53,25.21,8.25,23.99,99.3,7.24,39.53,25.21,8.25,ZWF,ZWF,ZWF,,,0.635,19.425
20241118END02,END02,11/18/2024,2024,11,1/0/1900,25.1271,-80.71794,2,200,4.79,1.22,1.08,21.69,21.08,,24.09,96.9,7.16,35.85,22.62,8.21,24.09,97,7.16,35.88,22.64,8.2,ZWF,ZWF,ZWF,,,1.15,21.385
20241118MAD01,MAD01,11/18/2024,2024,11,1/0/1900,25.15156,-80.6823,1.6,140,4.91,3.69,3.78,41.24,41.31,,23.79,92,7.01,29.35,18.16,8.28,23.79,92.5,7.04,29.35,18.16,8.28,ZWF,ZWF,ZWF,,,3.735,41.275
20241118NWHIP01,NWHIP01,11/18/2024,2024,11,1/0/1900,25.12495,-80.74054,1.9,190,3.98,1.6,1.39,22.23,21.78,,24.06,96.9,7.17,35.52,22.4,8.22,24.07,97,7.18,35.54,22.41,8.22,ZWF,ZWF,ZWF,,,1.495,22.005
20241118NWHIP02,NWHIP02,11/18/2024,2024,11,1/0/1900,25.12453,-80.76505,1.5,150,3.25,2.26,1.72,22.29,22.19,,23.91,101.4,7.53,35.3,22.24,8.34,23.93,103.8,7.71,35.31,22.25,8.35,ZWF,ZWF,ZWF,,,1.99,22.24
20241118RUS01,RUS01,11/18/2024,2024,11,1/0/1900,25.0488,-80.66559,2.6,260,2.95,0.41,0.38,16.98,14.56,,24.11,94.5,6.76,43.5,28.04,8.08,24.14,94.4,6.75,43.53,28.06,8.07,ZWF,ZWF,ZWF,,,0.395,15.77
20241118RUS02,RUS02,11/18/2024,2024,11,1/0/1900,25.08374,-80.68222,2.3,230,2.2,0.37,0.36,15.05,15.09,,24.06,91.9,6.62,42.36,27.22,8.05,24.06,92.2,6.63,42.41,27.26,8.06,ZWF,ZWF,ZWF,,,0.365,15.07
20241118SPY01,SPY01,11/18/2024,2024,11,1/0/1900,25.02567,-80.72076,2.6,260,2.33,0.36,0.34,12.75,12.46,,24.04,94.7,6.65,48.42,31.6,8.11,24.04,94.9,6.67,48.45,31.63,8.12,ZWF,ZWF,ZWF,,,0.35,12.605
20241118WHIP01,WHIP01,11/18/2024,2024,11,1/0/1900,25.09383,-80.76547,2.1,210,1.32,0.94,0.66,18.84,19.25,,23.87,88.1,6.38,41.68,26.75,8.16,23.86,87.3,6.31,41.76,26.79,8.15,ZWF,ZWF,ZWF,,,0.8,19.045
20241118WHIP02,WHIP02,11/18/2024,2024,11,1/0/1900,25.07182,-80.7642,2.3,230,2.1,1.53,1.18,17.69,17.8,,24.03,95.1,6.82,43.43,27.99,8.16,24.07,93.4,6.65,44.31,28.62,8.15,ZWF,ZWF,ZWF,,,1.355,17.745
20241118WHIP03,WHIP03,11/18/2024,2024,11,1/0/1900,25.04924,-80.76886,2.3,230,0.82,0.33,0.27,15.5,15.7,,23.9,91.6,6.46,47.82,31.17,8.11,23.9,92.6,6.53,48.15,31.41,8.1,ZWF,ZWF,ZWF,,,0.3,15.6
20241119CAT01,CAT01,11/19/2024,2024,11,1/0/1900,25.08824,-80.91275,1.7,55,15.4,8.74,6.34,42.29,42.03,,23.8,88,6.23,47.3,30.79,8.13,23.8,88,6.23,47.28,30.77,8.14,ZWF,ZWF,ZWF,,,7.54,42.16
20241119CON02,CON02,11/19/2024,2024,11,1/0/1900,25.10251,-81.02107,2.7,53,24.8,11.74,11.26,27.22,27.53,,24.06,88.5,6.21,48.54,31.69,8.03,24.06,88.6,6.21,48.54,31.69,8.04,ZWF,ZWF,ZWF,,,11.5,27.375
20241119FNB01,FNB01,11/19/2024,2024,11,1/0/1900,25.05802,-81.01914,3.2,74,11.5,12.71,,35.13,34.22,,23.25,85.7,6.12,47.73,31.12,8.06,23.19,85.8,6.13,47.82,31.18,8.07,ZWF,ZWF,ZWF,,,,34.675
20241119FNB02,FNB02,11/19/2024,2024,11,1/0/1900,25.05602,-80.97978,1,65,9.92,13.51,12.62,39.74,39.82,,23.31,85.1,6.1,46.54,30.24,8.02,,,,,,,ZWF,ZWF,ZWF,,,13.065,39.78
20241119JOHN01,JOHN01,11/19/2024,2024,11,1/0/1900,25.06357,-80.90589,1.2,120,2.9,11.34,11.92,39.25,39.39,,23.72,94.6,6.84,42.69,27.47,8.37,23.7,94.8,6.86,42.68,27.46,8.38,ZWF,ZWF,ZWF,,,11.63,39.32
20241119JOHN02,JOHN02,11/19/2024,2024,11,1/0/1900,25.05633,-80.93092,1.5,76,6.14,11.23,11.38,41.69,41.82,,23.78,88.4,6.28,46.44,30.17,8.22,23.77,88.7,6.31,46.45,30.18,8.22,ZWF,ZWF,ZWF,,,11.305,41.755
20241119JOHN03,JOHN03,11/19/2024,2024,11,1/0/1900,25.03968,-80.9151,1.7,78,4.24,14.58,15.42,33.78,33.38,,23.93,86.9,6.23,43.62,28.12,8.23,23.92,86.7,6.22,43.6,28.12,8.23,ZWF,ZWF,ZWF,,,15,33.58
20241119LONG01,LONG01,11/19/2024,2024,11,1/0/1900,24.89878,-80.76605,3,300,1.24,0.29,0.27,4.02,4.06,,24.09,98.9,6.75,54.78,36.3,8.07,24.09,99.2,6.77,54.78,36.3,8.07,ZWF,ZWF,ZWF,,,0.28,4.04
20241119LONG02,LONG02,11/19/2024,2024,11,1/0/1900,24.87734,-80.82953,3,300,1.2,0.16,0.15,4.24,4.03,,24,38.4,6.73,54.77,36.29,8.04,23.99,98.5,6.74,54.78,36.3,8.04,ZWF,ZWF,ZWF,,,0.155,4.135
20241119NMB01,NMB01,11/19/2024,2024,11,1/0/1900,25.00076,-80.9791,1.3,80,7.43,12.49,12.23,35.92,35.34,,24.04,87.9,6.21,46.7,30.35,8.15,24.05,88,6.22,46.72,30.36,8.15,ZWF,ZWF,ZWF,,,12.36,35.63
20241119NMB02,NMB02,11/19/2024,2024,11,1/0/1900,24.94755,-80.9289,3.3,330,0.76,0.7,0.49,12.27,12.32,,24.19,99.3,6.8,53.61,35.43,8.12,24.19,99.4,6.81,53.61,35.42,8.12,ZWF,ZWF,ZWF,,,0.595,12.295
20241119NMB03,NMB03,11/19/2024,2024,11,1/0/1900,24.9058,-80.8819,2.5,250,0.97,0.21,0.28,5.66,6.02,,24.16,101.9,6.97,55.32,36.7,8.08,21.15,103.5,7.05,55.33,36.71,8.09,ZWF,ZWF,ZWF,,,0.245,5.84
20241119SNB01,SNB01,11/19/2024,2024,11,1/0/1900,25.14077,-80.89353,2.2,42,24.9,10.8,10.12,52.2,53.38,,23.58,78.1,5.55,47.33,30.81,7.93,23.56,77.3,5.5,47.3,30.8,7.92,ZWF,ZWF,ZWF,,,10.46,52.79
20241120AC01,AC01,11/20/2024,2024,11,1/0/1900,25.17611,-80.79423,1,48,14.1,13.57,13.55,40.51,41.06,,24.56,88.8,6.52,34.8,21.88,8.32,,,,,,,ZWF,ZWF,ZWF,,,13.56,40.785
20241120CAT02,CAT02,11/20/2024,2024,11,1/0/1900,25.09842,-80.87146,1.4,100,5.94,4.66,3.94,48.46,48.79,,24.7,85.8,6,46.45,30.16,8.08,24.7,86.3,6.05,30.19,30.2,8.09,ZWF,ZWF,ZWF,,,4.3,48.625
20241120DC01,DC01,11/20/2024,2024,11,1/0/1900,25.17384,-80.81658,0.9,46,14.3,17.47,17.94,45.53,45.02,,24.37,81.8,6.03,34.74,21.85,8.32,,,,,,,ZWF,ZWF,ZWF,,,17.705,45.275
20241120PEL01,PEL01,11/20/2024,2024,11,1/0/1900,25.06914,-80.82313,1.6,160,0.59,0.73,0.81,23.09,23.15,,24.73,98,7.04,40.06,25.57,8.29,24.63,100.4,7.21,40.11,25.62,8.3,ZWF,ZWF,ZWF,,,0.77,23.12
20241120PEL02,PEL02,11/20/2024,2024,11,1/0/1900,25.09227,-80.82189,1.3,130,0.74,0.58,0.68,25.61,24.5,,24.77,95.4,6.92,37.26,23.6,8.26,24.76,96.8,7.04,37.27,23.6,8.273,ZWF,ZWF,ZWF,,,0.63,25.055
20241120PEL03,PEL03,11/20/2024,2024,11,1/0/1900,25.06175,-80.85156,1.2,120,1.02,0.74,0.64,27.93,28.81,,24.92,94.9,6.78,40.43,25.83,8.32,24.93,95.2,6.82,40.44,25.84,8.32,ZWF,ZWF,ZWF,,,0.69,28.37
20241120RANKB01,RANKB01,11/20/2024,2024,11,1/0/1900,25.14975,-80.77906,1.1,48,14.5,13.21,12.3,37.7,37.31,,24.21,95.8,7.1,34.32,21.56,8.26,24.2,95.6,7.08,34.37,21.59,8.26,ZWF,ZWF,ZWF,,,12.755,37.505
20241120RANKL01,RANKL01,11/20/2024,2024,11,1/0/1900,25.12232,-80.81374,1.6,160,2.15,2.83,2.4,30.11,30.01,,24.31,90.7,6.63,37.29,23.62,8.34,24.31,90.9,6.65,37.26,23.61,8.34,ZWF,ZWF,ZWF,,,2.615,30.06
20241120RANKL02,RANKL02,11/20/2024,2024,11,1/0/1900,25.14223,-80.81842,1.3,72,10.8,8.58,7.7,37.16,37.02,,24.43,91.7,6.74,35.72,22.52,8.35,24.43,91.9,6.75,35.7,22.51,8.35,ZWF,ZWF,ZWF,,,8.14,37.09
20241120RANKL03,RANKL03,11/20/2024,2024,11,1/0/1900,25.16729,-80.80129,0.9,66,12.2,11.35,10.28,32.9,32.73,,24.57,104.1,7.68,33.89,21.25,8.33,,,,,,,ZWF,ZWF,ZWF,,,10.815,32.815
20241120SID01,SID01,11/20/2024,2024,11,1/0/1900,25.01925,-80.78598,1.4,140,1.11,0.44,0.32,13.95,14.04,,24.93,106.5,7.26,51.69,33.99,8.12,24.94,107.2,7.32,51.71,34,8.13,ZWF,ZWF,ZWF,,,0.38,13.995
20241120SID02,SID02,11/20/2024,2024,11,1/0/1900,25.03257,-80.80615,1.4,140,0.75,0.47,0.43,18.23,18.13,,25.01,111.1,7.67,48.39,31.56,8.21,25.01,111.9,7.73,48.37,31.55,8.21,ZWF,ZWF,ZWF,,,0.45,18.18
20241120SNB02,SNB02,11/20/2024,2024,11,1/0/1900,25.13525,-80.85399,1.2,98,9.04,2.93,2.75,49.65,49.37,,24.68,79.2,5.59,44.3,28.6,8.16,24.61,80.7,5.7,44.47,28.73,8.17,ZWF,ZWF,ZWF,,,2.84,49.51
20241120TB01,TB01,11/20/2024,2024,11,1/0/1900,25.15723,-80.72468,1,67,15.4,9.74,9.02,44.08,43.66,,24.63,83,6.15,32.56,20.33,8.06,,,,,,,ZWF,ZWF,ZWF,,,9.38,43.87
20241126BLUE01,BLUE01,11/26/2024,2024,11,1/0/1900,25.02326,-80.92704,2.1,210,1.81,1.88,1.74,32.46,32.43,,21.6,106.9,7.82,48.86,31.96,8.26,21.59,109.7,8.03,48.85,31.96,8.27,ZWF,ZWF,ZWF,,,1.81,32.445
20241126BLUE02,BLUE02,11/26/2024,2024,11,1/0/1900,24.99485,-80.92714,2.6,142,2.63,6.02,6.27,33.21,33,,21.26,105.2,7.76,48.36,31.6,8.32,21.22,105.6,7.81,48.35,31.59,8.33,ZWF,ZWF,ZWF,,,6.145,33.105
20241126CAP01,CAP01,11/26/2024,2024,11,1/0/1900,25.0073,-80.64725,2.5,250,3.9,0.32,0.33,11.71,11.63,,21.04,99.3,7.43,46.23,30.05,8.13,21.23,97.5,7.24,46.76,30.45,8.11,ZWF,ZWF,ZWF,,,0.325,11.67
20241126COTT01,COTT01,11/26/2024,2024,11,1/0/1900,24.9962,-80.57918,2.5,250,1.2,0.33,0.3,12.8,13.25,,21.24,100.9,7.48,47.19,30.75,8.12,21.9,103.1,7.38,52.57,34.69,8.03,ZWF,ZWF,ZWF,,,0.315,13.025
20241126COTT02,COTT02,11/26/2024,2024,11,1/0/1900,24.9798,-80.62532,2.3,230,1.71,0.28,0.25,10.93,10.84,,21.09,102.3,7.55,48.78,31.91,8.12,21.39,100.9,7.38,49.4,32.31,8.07,ZWF,ZWF,ZWF,,,0.265,10.885
20241126LIG01,LIG01,11/26/2024,2024,11,1/0/1900,24.93437,-80.71006,2.9,290,1.53,0.2,0.2,7.25,7.51,,21.44,99.7,7.16,53.78,35.54,8.06,21.42,100.2,7.2,53.88,35.67,8.06,ZWF,ZWF,ZWF,,,0.2,7.38
20241126LIG02,LIG02,11/26/2024,2024,11,1/0/1900,24.96446,-80.69448,2.7,270,1.98,0.28,0.34,9.66,9.59,,21.29,98.4,7.16,51.53,33.93,8.09,21.27,99.7,7.26,51.53,33.93,8.09,ZWF,ZWF,ZWF,,,0.31,9.625
20241126LIG03,LIG03,11/26/2024,2024,11,1/0/1900,24.96616,-80.72689,2.5,250,1.09,0.17,0.2,11.25,11.05,,21.21,99.3,7.26,50.6,33.24,8.14,21.58,101.3,7.31,52.17,34.4,8.12,ZWF,ZWF,ZWF,,,0.185,11.15
20241126PORP01,PORP01,11/26/2024,2024,11,1/0/1900,25.01014,-80.69026,2.6,260,2.01,0.3,0.28,12.5,12.59,,21.15,107.6,8.01,46.63,30.34,8.22,21.8,101.1,7.38,48.3,31.55,8.14,ZWF,ZWF,ZWF,,,0.29,12.545
20241126RAB01,RAB01,11/26/2024,2024,11,1/0/1900,25.01655,-80.89426,1.8,180,1.5,5.3,5.35,38.05,37.62,,21.72,107.2,7.92,46.05,29.92,8.45,21.42,110.9,8.24,46.06,29.92,8.47,ZWF,ZWF,ZWF,,,5.325,37.835
20241126RAB02,RAB02,11/26/2024,2024,11,1/0/1900,24.97318,-80.87052,0.8,80,1.34,0.96,1.04,24.61,24.49,,21.93,108.6,7.95,47.36,30.87,8.26,,,,,,,ZWF,ZWF,ZWF,,,1,24.55
20241126RAB03,RAB03,11/26/2024,2024,11,1/0/1900,25.00116,-80.85663,2.4,240,0.71,1.28,1.22,33.75,33.97,,21.79,95.2,7.05,45.12,29.24,8.41,21.52,108.4,8.31,46.82,30.47,8.4,ZWF,ZWF,ZWF,,,1.25,33.86
20241126RAB04,RAB04,11/26/2024,2024,11,1/0/1900,24.96795,-80.84011,2.3,230,1.22,0.45,0.43,20.34,20.43,,21.7,96.8,7.09,48.44,31.65,8.3,21.64,98.6,7.22,48.58,31.76,8.313,ZWF,ZWF,ZWF,,,0.44,20.385
20241126TWIN01,TWIN01,11/26/2024,2024,11,1/0/1900,24.95863,-80.78095,2.8,280,0.62,0.39,0.37,16.07,15.62,,21.45,104.9,7.65,50.1,32.87,8.19,21.73,106.1,7.65,51.64,33.99,8.16,ZWF,ZWF,ZWF,,,0.38,15.845
20241126TWIN02,TWIN02,11/26/2024,2024,11,1/0/1900,24.98383,-80.80905,2.4,240,0.87,0.4,0.37,20.59,20.61,,21.21,104.6,7.8,45.93,29.84,8.29,21.15,106.3,7.93,45.96,29.86,8.3,ZWF,ZWF,ZWF,,,0.385,20.6
20241126TWIN03,TWIN03,11/26/2024,2024,11,1/0/1900,25.00365,-80.75424,2.3,230,1.41,0.42,0.46,14.33,14.07,,21.37,95.4,6.99,49.3,32.29,8.16,21.35,99.3,7.28,49.5,32.43,8.17,ZWF,ZWF,ZWF,,,0.44,14.2
20241127BBK01,BBK01,11/27/2024,2024,11,1/0/1900,25.15933,-80.62483,1.9,120,7.89,0.82,0.73,19.48,19.16,,22.48,104.2,8,33.38,20.93,8.22,22.46,104.9,8.06,33.43,20.97,8.22,ZWF,ZWF,ZWF,,,0.775,19.32
20241127BBK02,BBK02,11/27/2024,2024,11,1/0/1900,25.12348,-80.58984,1.8,180,3.93,0.78,0.74,18.38,18.35,,22.08,102.9,7.93,34.44,21.67,8.2,22.38,105.7,8.05,35.91,22.69,8.18,ZWF,ZWF,ZWF,,,0.76,18.365
20241127BLAS01,BLAS01,11/27/2024,2024,11,1/0/1900,25.17,-80.41715,2.7,270,0.71,0.22,0.24,24.55,23.97,,21.99,107.7,8.2,37.72,24,8.19,22.64,105.4,7.85,39.54,25.24,8.11,ZWF,ZWF,ZWF,,,0.23,24.26
20241127BNUT01,BNUT01,11/27/2024,2024,11,1/0/1900,25.07396,-80.53015,2.6,260,4.07,0.45,0.39,17.31,17,,21.79,105.7,8.09,37.15,23.57,8.21,21.8,105.9,8.09,38.11,24.26,8.21,ZWF,ZWF,ZWF,,,0.42,17.155
20241127BUTT01,BUTT01,11/27/2024,2024,11,1/0/1900,25.11034,-80.45567,2.7,270,0.49,0.33,0.27,25.8,26,,22.33,102.4,7.69,39.6,25.28,8.16,22.32,103.4,7.76,39.6,25.28,8.16,ZWF,ZWF,ZWF,,,0.3,25.9
20241127DEER01,DEER01,11/27/2024,2024,11,1/0/1900,25.18463,-80.51469,1.6,160,2.1,0.21,0.16,21.19,21.03,,22.79,106.3,7.99,37.14,23.55,8.2,22.79,106.4,8,37.14,23.55,8.2,ZWF,ZWF,ZWF,,,0.185,21.11
20241127DUCK01,DUCK01,11/27/2024,2024,11,1/0/1900,25.1897,-80.47387,1.7,170,1.75,0.25,0.21,22.24,22.69,,22,102.8,7.82,37.9,24.09,8.21,22.04,104.7,7.95,38,24.16,8.22,ZWF,ZWF,ZWF,,,0.23,22.465
20241127DUCK02,DUCK02,11/27/2024,2024,11,1/0/1900,25.15502,-80.48401,1.6,160,1.95,0.23,0.18,24.43,24.03,,22.52,94,7.05,39.13,24.95,8.1,22.52,94.4,7.08,39.13,24.95,8.11,ZWF,ZWF,ZWF,,,0.205,24.23
20241127EAGLE01,EAGLE01,11/27/2024,2024,11,1/0/1900,25.17831,-80.57285,1.8,180,3.23,0.45,0.33,24.21,24.18,,22.59,105.1,8.14,30.57,19,8.25,22.59,105.3,8.15,30.57,19,8.25,ZWF,ZWF,ZWF,,,0.39,24.195
20241127JIM01,JIM01,11/27/2024,2024,11,1/0/1900,25.04013,-80.61598,2.6,260,2.66,0.37,0.34,14.83,14.51,,22.11,102.6,7.7,40.57,25.98,8.15,22.15,102.8,7.64,42.1,27.07,8.14,ZWF,ZWF,ZWF,,,0.355,14.67
20241127JOE01,JOE01,11/27/2024,2024,11,1/0/1900,25.21553,-80.53387,1.5,102,7.09,0.69,0.59,37.93,38.34,,24.07,99.7,7.69,24.96,15.2,8.2,23.97,102.9,7.7,33.66,21.11,8.2,ZWF,ZWF,ZWF,,,0.64,38.135
20241127LBS01,LBS01,11/27/2024,2024,11,1/0/1900,25.21223,-80.44314,1.7,170,1.68,0.33,0.27,30.8,30.62,,22.22,102.7,7.98,31.55,19.67,8.24,22.25,102.4,7.92,31.75,19.81,8.22,ZWF,ZWF,ZWF,,,0.3,30.71
20241127LBUT01,LBUT01,11/27/2024,2024,11,1/0/1900,25.13722,-80.44797,2.2,220,0.7,0.3,0.32,25.8,26.67,,22.44,108.1,8.13,38.88,24.78,8.18,22.44,109.4,8.22,38.88,24.78,8.18,ZWF,ZWF,ZWF,,,0.31,26.235
20241127LMAD01,LMAD01,11/27/2024,2024,11,1/0/1900,25.18486,-80.63418,1.3,,12.2,1.19,1.06,49.67,49.75,,23.24,96.1,7.78,15.79,9.23,8.15,23.32,91.4,6.95,31.02,19.29,8.16,ZWF,ZWF,ZWF,,,1.125,49.71
20241127LONS01,LONS01,11/27/2024,2024,11,1/0/1900,25.23017,-80.45726,1.6,160,1.89,0.38,0.32,34.97,35.2,,22.4,110.6,8.62,29.95,18.58,8.27,22.95,106.7,8.19,30.86,19.19,8.25,ZWF,ZWF,ZWF,,,0.35,35.085
20241127MANK01,MANK01,11/27/2024,2024,11,1/0/1900,25.08408,-80.60393,2.4,240,3.9,0.73,0.71,18.92,18.51,,22.14,103.3,7.95,34.36,21.61,8.21,21.86,103.8,7.99,35.34,22.3,8.2,ZWF,ZWF,ZWF,,,0.72,18.715
20241127NEST01,NEST01,11/27/2024,2024,11,1/0/1900,25.16219,-80.53295,1.6,160,2.61,0.39,0.34,23.8,23.48,,22.79,104.2,7.98,32.57,20.37,8.21,22.63,104.5,8.03,32.57,20.37,8.22,ZWF,ZWF,ZWF,,,0.365,23.64
20241127NEST02,NEST02,11/27/2024,2024,11,1/0/1900,25.1268,-80.54212,1.9,190,2.78,0.33,0.25,22.4,22.58,,22.58,106.2,8.14,33.25,20.84,8.22,22.72,112.3,8.56,34.35,21.64,8.2,ZWF,ZWF,ZWF,,,0.29,22.49
20241127SWA01,SWA01,11/27/2024,2024,11,1/0/1900,25.10958,-80.49564,2.1,210,4.3,0.45,0.41,16.34,16.46,,21.79,105.3,8.06,37.27,23.65,8.19,21.8,105.8,8.09,37.38,23.73,8.19,ZWF,ZWF,ZWF,,,0.43,16.4
20241127TAV01,TAV01,11/27/2024,2024,11,1/0/1900,25.01917,-80.56672,2.5,250,1.27,0.42,0.36,13.75,14.18,,22.32,106.8,7.86,44.51,28.8,8.18,22.29,107.1,7.88,44.56,28.83,8.18,ZWF,ZWF,ZWF,,,0.39,13.965
20241127UCB01,UCB01,11/27/2024,2024,11,1/0/1900,25.04282,-80.55404,2.2,220,3.4,0.51,0.46,14.13,14.23,,22.34,112.5,8.36,42,26.99,8.22,22.33,113.5,8.45,42.06,27.03,8.22,ZWF,ZWF,ZWF,,,0.485,14.18
