station,project,collectDate,sampleType,programType,matrix,collectMethod,firstTriggerDate,depth,depthUnits,testNumber,parameter,dataType,value,remarkCode,flag,sigFigValue,uncertainty,dilution,mdl,pql,rdl,units,nDec,bdl,qualityCode,sampleID,upDownStream,discharge,weatherCode,collectionSpan,dcsMeters,totalDepth,upperDepth,lowerDepth,latitude,longitude,collectionAgency,workLab,source,owner,validator,validationLevel,samplingPurpose,dataInvestigation,receiveDate,LIMSNumber,measureDate,method,filtrationDate,storetCode,sampleComment,resultComment
FLAB17,FLAB,3/15/91,SAMP,MON,SA,G,,0,,8,DISSOLVED OXYGEN,DO,10.9,,,10.9,,,,,,mg/L,2,N,A,FIU15661,,0,0,,,,,,25.042469,80.914819,,,FIU,FIU,,,,,,,,,,,,
FLAB17,FLAB,4/15/91,SAMP,MON,SA,G,,0,,8,DISSOLVED OXYGEN,DO,7.85,,,7.85,,,,,,mg/L,2,N,A,FIU15662,,0,0,,,,,,25.042469,80.914819,,,FIU,FIU,,,,,,,,,,,,
FLAB17,FLAB,5/15/91,SAMP,MON,SA,G,,0,,8,DISSOLVED OXYGEN,DO,5.75,,,5.75,,,,,,mg/L,2,N,A,FIU15665,,0,0,,,,,,25.042469,80.914819,,,FIU,FIU,,,,,,,,,,,,
FLAB17,FLAB,6/15/91,SAMP,MON,SA,G,,0,,8,DISSOLVED OXYGEN,DO,3.85,,,3.85,,,,,,mg/L,2,N,A,FIU15666,,0,0,,,,,,25.042469,80.914819,,,FIU,FIU,,,,,,,,,,,,
FLAB17,FLAB,7/15/91,SAMP,MON,SA,G,,0,,8,DISSOLVED OXYGEN,DO,4.7,,,4.7,,,,,,mg/L,2,N,A,FIU15668,,0,0,,,,,,25.042469,80.914819,,,FIU,FIU,,,,,,,,,,,,
FLAB17,FLAB,8/15/91,SAMP,MON,SA,G,,0,,8,DISSOLVED OXYGEN,DO,4.6,,,4.6,,,,,,mg/L,2,N,A,FIU15671,,0,0,,,,,,25.042469,80.914819,,,FIU,FIU,,,,,,,,,,,,
FLAB17,FLAB,9/15/91,SAMP,MON,SA,G,,0,,8,DISSOLVED OXYGEN,DO,3.45,,,3.45,,,,,,mg/L,2,N,A,FIU15672,,0,0,,,,,,25.042469,80.914819,,,FIU,FIU,,,,,,,,,,,,
FLAB17,FLAB,10/15/91,SAMP,MON,SA,G,,0,,8,DISSOLVED OXYGEN,DO,4.2,,,4.2,,,,,,mg/L,2,N,A,FIU15675,,0,0,,,,,,25.042469,80.914819,,,FIU,FIU,,,,,,,,,,,,
FLAB17,FLAB,11/15/91,SAMP,MON,SA,G,,0,,8,DISSOLVED OXYGEN,DO,5.25,,,5.25,,,,,,mg/L,2,N,A,FIU15676,,0,0,,,,,,25.042469,80.914819,,,FIU,FIU,,,,,,,,,,,,
FLAB17,FLAB,12/15/91,SAMP,MON,SA,G,,0,,8,DISSOLVED OXYGEN,DO,6,,,6,,,,,,mg/L,2,N,A,FIU15679,,0,0,,,,,,25.042469,80.914819,,,FIU,FIU,,,,,,,,,,,,
FLAB17,FLAB,1/15/92,SAMP,MON,SA,G,,0,,8,DISSOLVED OXYGEN,DO,6.7,,,6.7,,,,,,mg/L,2,N,A,FIU15680,,0,0,,,,,,25.042469,80.914819,,,FIU,FIU,,,,,,,,,,,,
FLAB17,FLAB,2/15/92,SAMP,MON,SA,G,,0,,8,DISSOLVED OXYGEN,DO,4.9,,,4.9,,,,,,mg/L,2,N,A,FIU15682,,0,0,,,,,,25.042469,80.914819,,,FIU,FIU,,,,,,,,,,,,
FLAB17,FLAB,3/15/92,SAMP,MON,SA,G,,0,,8,DISSOLVED OXYGEN,DO,5.9,,,5.9,,,,,,mg/L,2,N,A,FIU15685,,0,0,,,,,,25.042469,80.914819,,,FIU,FIU,,,,,,,,,,,,
FLAB17,FLAB,4/15/92,SAMP,MON,SA,G,,0,,8,DISSOLVED OXYGEN,DO,7.1,,,7.1,,,,,,mg/L,2,N,A,FIU15686,,0,0,,,,,,25.042469,80.914819,,,FIU,FIU,,,,,,,,,,,,
FLAB17,FLAB,5/15/92,SAMP,MON,SA,G,,0,,8,DISSOLVED OXYGEN,DO,5.6,,,5.6,,,,,,mg/L,2,N,A,FIU15688,,0,0,,,,,,25.042469,80.914819,,,FIU,FIU,,,,,,,,,,,,
FLAB17,FLAB,6/15/92,SAMP,MON,SA,G,,0,,8,DISSOLVED OXYGEN,DO,4.6,,,4.6,,,,,,mg/L,2,N,A,FIU15690,,0,0,,,,,,25.042469,80.914819,,,FIU,FIU,,,,,,,,,,,,
FLAB17,FLAB,7/15/92,SAMP,MON,SA,G,,0,,8,DISSOLVED OXYGEN,DO,4.9,,,4.9,,,,,,mg/L,2,N,A,FIU15692,,0,0,,,,,,25.042469,80.914819,,,FIU,FIU,,,,,,,,,,,,
FLAB17,FLAB,8/15/92,SAMP,MON,SA,G,,0,,8,DISSOLVED OXYGEN,DO,6.3,,,6.3,,,,,,mg/L,2,N,A,FIU15694,,0,0,,,,,,25.042469,80.914819,,,FIU,FIU,,,,,,,,,,,,
FLAB17,FLAB,9/15/92,SAMP,MON,SA,G,,0,,8,DISSOLVED OXYGEN,DO,3.7,,,3.7,,,,,,mg/L,2,N,A,FIU15697,,0,0,,,,,,25.042469,80.914819,,,FIU,FIU,,,,,,,,,,,,
FLAB17,FLAB,10/15/92,SAMP,MON,SA,G,,0,,8,DISSOLVED OXYGEN,DO,6.6,,,6.6,,,,,,mg/L,2,N,A,FIU15699,,0,0,,,,,,25.042469,80.914819,,,FIU,FIU,,,,,,,,,,,,
FLAB17,FLAB,11/15/92,SAMP,MON,SA,G,,0,,8,DISSOLVED OXYGEN,DO,6.2,,,6.2,,,,,,mg/L,2,N,A,FIU15701,,0,0,,,,,,25.042469,80.914819,,,FIU,FIU,,,,,,,,,,,,
FLAB17,FLAB,12/15/92,SAMP,MON,SA,G,,0,,8,DISSOLVED OXYGEN,DO,8.1,,,8.1,,,,,,mg/L,2,N,A,FIU15703,,0,0,,,,,,25.042469,80.914819,,,FIU,FIU,,,,,,,,,,,,
FLAB17,FLAB,1/21/93,SAMP,MON,SA,G,,0,,8,DISSOLVED OXYGEN,DO,99,NOB,NOB,-99,,,,,,mg/L,2,Y,A,FIU15704,,0,0,,,,,,25.042469,80.914819,,,FIU,FIU,,,,CA,,,,,,,,
FLAB17,FLAB,2/10/93,SAMP,MON,SA,G,,0,,8,DISSOLVED OXYGEN,DO,6.4,,,6.4,,,,,,mg/L,2,N,A,FIU15705,,0,0,,,,,,25.042469,80.914819,,,FIU,FIU,,,,,,,,,,,,
FLAB17,FLAB,3/10/93,SAMP,MON,SA,G,,0,,8,DISSOLVED OXYGEN,DO,5.7,,,5.7,,,,,,mg/L,2,N,A,FIU15706,,0,0,,,,,,25.042469,80.914819,,,FIU,FIU,,,,,,,,,,,,
FLAB17,FLAB,4/7/93,SAMP,MON,SA,G,,0,,8,DISSOLVED OXYGEN,DO,5.5,,,5.5,,,,,,mg/L,2,N,A,FIU15707,,0,0,,,,,,25.042469,80.914819,,,FIU,FIU,,,,,,,,,,,,
FLAB17,FLAB,5/12/93,SAMP,MON,SA,G,,0,,8,DISSOLVED OXYGEN,DO,5.4,,,5.4,,,,,,mg/L,2,N,A,FIU15708,,0,0,,,,,,25.042469,80.914819,,,FIU,FIU,,,,,,,,,,,,
FLAB17,FLAB,6/3/93,SAMP,MON,SA,G,,0,,8,DISSOLVED OXYGEN,DO,4.8,,,4.8,,,,,,mg/L,2,N,A,FIU15709,,0,0,,,,,,25.042469,80.914819,,,FIU,FIU,,,,,,,,,,,,
FLAB17,FLAB,7/7/93,SAMP,MON,SA,G,,0,,8,DISSOLVED OXYGEN,DO,5.1,,,5.1,,,,,,mg/L,2,N,A,FIU15710,,0,0,,,,,,25.042469,80.914819,,,FIU,FIU,,,,,,,,,,,,
FLAB17,FLAB,8/4/93,SAMP,MON,SA,G,,0,,8,DISSOLVED OXYGEN,DO,5,,,5,,,,,,mg/L,2,N,A,FIU15711,,0,0,,,,,,25.042469,80.914819,,,FIU,FIU,,,,,,,,,,,,
FLAB17,FLAB,9/9/93,SAMP,MON,SA,G,,0,,8,DISSOLVED OXYGEN,DO,4.2,,,4.2,,,,,,mg/L,2,N,A,FIU15712,,0,0,,,,,,25.042469,80.914819,,,FIU,FIU,,,,,,,,,,,,
FLAB17,FLAB,10/6/93,SAMP,MON,SA,G,,0,,8,DISSOLVED OXYGEN,DO,5.7,,,5.7,,,,,,mg/L,2,N,A,FIU15713,,0,0,,,,,,25.042469,80.914819,,,FIU,FIU,,,,,,,,,,,,
FLAB17,FLAB,11/3/93,SAMP,MON,SA,G,,0,,8,DISSOLVED OXYGEN,DO,6.5,,,6.5,,,,,,mg/L,2,N,A,FIU15714,,0,0,,,,,,25.042469,80.914819,,,FIU,FIU,,,,,,,,,,,,
FLAB17,FLAB,12/2/93,SAMP,MON,SA,G,,0,,8,DISSOLVED OXYGEN,DO,6.4,,,6.4,,,,,,mg/L,2,N,A,FIU15715,,0,0,,,,,,25.042469,80.914819,,,FIU,FIU,,,,,,,,,,,,
FLAB17,FLAB,1/11/94,SAMP,MON,SA,G,,0,,8,DISSOLVED OXYGEN,DO,6.8,,,6.8,,,,,,mg/L,2,N,A,FIU15716,,0,0,,,,,,25.042469,80.914819,,,FIU,FIU,,,,,,,,,,,,
FLAB17,FLAB,2/2/94,SAMP,MON,SA,G,,0,,8,DISSOLVED OXYGEN,DO,6.5,,,6.5,,,,,,mg/L,2,N,A,FIU15717,,0,0,,,,,,25.042469,80.914819,,,FIU,FIU,,,,,,,,,,,,
FLAB17,FLAB,3/8/94,SAMP,MON,SA,G,,0,,8,DISSOLVED OXYGEN,DO,6.8,,,6.8,,,,,,mg/L,2,N,A,FIU15718,,0,0,,,,,,25.042469,80.914819,,,FIU,FIU,,,,,,,,,,,,
FLAB17,FLAB,4/6/94,SAMP,MON,SA,G,,0,,8,DISSOLVED OXYGEN,DO,6.1,D,,6.1,,,,,,mg/L,2,N,A,FIU15719,,0,0,,,,,,25.042469,80.914819,,,FIU,FIU,,,,,,,,,,,,
FLAB17,FLAB,4/6/94,SAMP,MON,SA,G,,1.8,,8,DISSOLVED OXYGEN,DO,5.8,D,,5.8,,,,,,mg/L,2,N,A,FIU15720,,0,0,,,,,,25.042469,80.914819,,,FIU,FIU,,,,,,,,,,,,
FLAB17,FLAB,5/4/94,SAMP,MON,SA,G,,1.8,,8,DISSOLVED OXYGEN,DO,4.8,D,,4.8,,,,,,mg/L,2,N,A,FIU15722,,0,0,,,,,,25.042469,80.914819,,,FIU,FIU,,,,,,,,,,,,
FLAB17,FLAB,5/4/94,SAMP,MON,SA,G,,0,,8,DISSOLVED OXYGEN,DO,4.8,D,,4.8,,,,,,mg/L,2,N,A,FIU15721,,0,0,,,,,,25.042469,80.914819,,,FIU,FIU,,,,,,,,,,,,
FLAB17,FLAB,6/8/94,SAMP,MON,SA,G,,1.8,,8,DISSOLVED OXYGEN,DO,6.4,D,,6.4,,,,,,mg/L,2,N,A,FIU15724,,0,0,,,,,,25.042469,80.914819,,,FIU,FIU,,,,,,,,,,,,
FLAB17,FLAB,6/8/94,SAMP,MON,SA,G,,0,,8,DISSOLVED OXYGEN,DO,6.2,D,,6.2,,,,,,mg/L,2,N,A,FIU15723,,0,0,,,,,,25.042469,80.914819,,,FIU,FIU,,,,,,,,,,,,
FLAB17,FLAB,7/7/94,SAMP,MON,SA,G,,1.8,,8,DISSOLVED OXYGEN,DO,5.4,D,,5.4,,,,,,mg/L,2,N,A,FIU15726,,0,0,,,,,,25.042469,80.914819,,,FIU,FIU,,,,,,,,,,,,
FLAB17,FLAB,7/7/94,SAMP,MON,SA,G,,0,,8,DISSOLVED OXYGEN,DO,5.4,D,,5.4,,,,,,mg/L,2,N,A,FIU15725,,0,0,,,,,,25.042469,80.914819,,,FIU,FIU,,,,,,,,,,,,
FLAB17,FLAB,8/4/94,SAMP,MON,SA,G,,0,,8,DISSOLVED OXYGEN,DO,5,D,,5,,,,,,mg/L,2,N,A,FIU15727,,0,0,,,,,,25.042469,80.914819,,,FIU,FIU,,,,,,,,,,,,
FLAB17,FLAB,8/4/94,SAMP,MON,SA,G,,1.8,,8,DISSOLVED OXYGEN,DO,4.8,D,,4.8,,,,,,mg/L,2,N,A,FIU15728,,0,0,,,,,,25.042469,80.914819,,,FIU,FIU,,,,,,,,,,,,
FLAB17,FLAB,9/14/94,SAMP,MON,SA,G,,1.8,,8,DISSOLVED OXYGEN,DO,5.4,D,,5.4,,,,,,mg/L,2,N,A,FIU15730,,0,0,,,,,,25.042469,80.914819,,,FIU,FIU,,,,,,,,,,,,
FLAB17,FLAB,9/14/94,SAMP,MON,SA,G,,0,,8,DISSOLVED OXYGEN,DO,5.1,D,,5.1,,,,,,mg/L,2,N,A,FIU15729,,0,0,,,,,,25.042469,80.914819,,,FIU,FIU,,,,,,,,,,,,
FLAB17,FLAB,10/5/94,SAMP,MON,SA,G,,0,,8,DISSOLVED OXYGEN,DO,5.2,D,,5.2,,,,,,mg/L,2,N,A,FIU15731,,0,0,,,,,,25.042469,80.914819,,,FIU,FIU,,,,,,,,,,,,
FLAB17,FLAB,10/5/94,SAMP,MON,SA,G,,1.8,,8,DISSOLVED OXYGEN,DO,5.1,D,,5.1,,,,,,mg/L,2,N,A,FIU15732,,0,0,,,,,,25.042469,80.914819,,,FIU,FIU,,,,,,,,,,,,
FLAB17,FLAB,11/2/94,SAMP,MON,SA,G,,0,,8,DISSOLVED OXYGEN,DO,6.2,D,,6.2,,,,,,mg/L,2,N,A,FIU15733,,0,0,,,,,,25.042469,80.914819,,,FIU,FIU,,,,,,,,,,,,
FLAB17,FLAB,11/2/94,SAMP,MON,SA,G,,1.8,,8,DISSOLVED OXYGEN,DO,5.3,D,,5.3,,,,,,mg/L,2,N,A,FIU15734,,0,0,,,,,,25.042469,80.914819,,,FIU,FIU,,,,,,,,,,,,
FLAB17,FLAB,11/22/94,SAMP,MON,SA,G,,1.8,,8,DISSOLVED OXYGEN,DO,7.2,D,,7.2,,,,,,mg/L,2,N,A,FIU15736,,0,0,,,,,,25.042469,80.914819,,,FIU,FIU,,,,,,,,,,,,
FLAB17,FLAB,11/22/94,SAMP,MON,SA,G,,0,,8,DISSOLVED OXYGEN,DO,7.7,D,,7.7,,,,,,mg/L,2,N,A,FIU15735,,0,0,,,,,,25.042469,80.914819,,,FIU,FIU,,,,,,,,,,,,
FLAB17,FLAB,12/1/94,SAMP,MON,SA,G,,1.8,,8,DISSOLVED OXYGEN,DO,6.2,D,,6.2,,,,,,mg/L,2,N,A,FIU15738,,0,0,,,,,,25.042469,80.914819,,,FIU,FIU,,,,,,,,,,,,
FLAB17,FLAB,12/1/94,SAMP,MON,SA,G,,0,,8,DISSOLVED OXYGEN,DO,6.2,D,,6.2,,,,,,mg/L,2,N,A,FIU15737,,0,0,,,,,,25.042469,80.914819,,,FIU,FIU,,,,,,,,,,,,
FLAB17,FLAB,1/5/95,SAMP,MON,SA,G,,1.8,,8,DISSOLVED OXYGEN,DO,6.8,,,6.8,,,,,,mg/L,2,N,A,FIU15740,,0,0,,,,,,25.042469,80.914819,,,FIU,FIU,,,,,,,,,,,,
FLAB17,FLAB,1/5/95,SAMP,MON,SA,G,,0,,8,DISSOLVED OXYGEN,DO,6.9,,,6.9,,,,,,mg/L,2,N,A,FIU15739,,0,0,,,,,,25.042469,80.914819,,,FIU,FIU,,,,,,,,,,,,
FLAB17,FLAB,2/2/95,SAMP,MON,SA,G,,0,,8,DISSOLVED OXYGEN,DO,8.6,D,,8.6,,,,,,mg/L,2,N,A,FIU15741,,0,0,,,,,,25.042469,80.914819,,,FIU,FIU,,,,,,,,,,,,
FLAB17,FLAB,2/2/95,SAMP,MON,SA,G,,1.8,,8,DISSOLVED OXYGEN,DO,9,D,,9,,,,,,mg/L,2,N,A,FIU15742,,0,0,,,,,,25.042469,80.914819,,,FIU,FIU,,,,,,,,,,,,
FLAB17,FLAB,3/1/95,SAMP,MON,SA,G,,0,,8,DISSOLVED OXYGEN,DO,6.2,D,,6.2,,,,,,mg/L,2,N,A,FIU15743,,0,0,,,,,,25.042469,80.914819,,,FIU,FIU,,,,,,,,,,,,
FLAB17,FLAB,3/1/95,SAMP,MON,SA,G,,1.8,,8,DISSOLVED OXYGEN,DO,6.1,D,,6.1,,,,,,mg/L,2,N,A,FIU15744,,0,0,,,,,,25.042469,80.914819,,,FIU,FIU,,,,,,,,,,,,
FLAB17,FLAB,4/19/95,SAMP,MON,SA,G,,1.8,,8,DISSOLVED OXYGEN,DO,6,D,,6,,,,,,mg/L,2,N,A,FIU15746,,0,0,,,,,,25.042469,80.914819,,,FIU,FIU,,,,,,,,,,,,
FLAB17,FLAB,4/19/95,SAMP,MON,SA,G,,0,,8,DISSOLVED OXYGEN,DO,6,D,,6,,,,,,mg/L,2,N,A,FIU15745,,0,0,,,,,,25.042469,80.914819,,,FIU,FIU,,,,,,,,,,,,
FLAB17,FLAB,5/24/95,SAMP,MON,SA,G,,1.8,,8,DISSOLVED OXYGEN,DO,6.5,D,,6.5,,,,,,mg/L,2,N,A,FIU15748,,0,0,,,,,,25.042469,80.914819,,,FIU,FIU,,,,,,,,,,,,
FLAB17,FLAB,5/24/95,SAMP,MON,SA,G,,0,,8,DISSOLVED OXYGEN,DO,6.6,D,,6.6,,,,,,mg/L,2,N,A,FIU15747,,0,0,,,,,,25.042469,80.914819,,,FIU,FIU,,,,,,,,,,,,
FLAB17,FLAB,6/21/95,SAMP,MON,SA,G,,0,,8,DISSOLVED OXYGEN,DO,6.1,D,,6.1,,,,,,mg/L,2,N,A,FIU15749,,0,0,,,,,,25.042469,80.914819,,,FIU,FIU,,,,,,,,,,,,
FLAB17,FLAB,6/21/95,SAMP,MON,SA,G,,1.8,,8,DISSOLVED OXYGEN,DO,6.1,D,,6.1,,,,,,mg/L,2,N,A,FIU15750,,0,0,,,,,,25.042469,80.914819,,,FIU,FIU,,,,,,,,,,,,
FLAB17,FLAB,7/12/95,SAMP,MON,SA,G,,0,,8,DISSOLVED OXYGEN,DO,5.4,D,,5.4,,,,,,mg/L,2,N,A,FIU15751,,0,0,,,,,,25.042469,80.914819,,,FIU,FIU,,,,,,,,,,,,
FLAB17,FLAB,7/12/95,SAMP,MON,SA,G,,1.8,,8,DISSOLVED OXYGEN,DO,5.3,D,,5.3,,,,,,mg/L,2,N,A,FIU15752,,0,0,,,,,,25.042469,80.914819,,,FIU,FIU,,,,,,,,,,,,
FLAB17,FLAB,8/11/95,SAMP,MON,SA,G,,0,,8,DISSOLVED OXYGEN,DO,5,D,,5,,,,,,mg/L,2,N,A,FIU15753,,0,0,,,,,,25.042469,80.914819,,,FIU,FIU,,,,,,,,,,,,
FLAB17,FLAB,8/11/95,SAMP,MON,SA,G,,1.8,,8,DISSOLVED OXYGEN,DO,5,D,,5,,,,,,mg/L,2,N,A,FIU15754,,0,0,,,,,,25.042469,80.914819,,,FIU,FIU,,,,,,,,,,,,
FLAB17,FLAB,9/6/95,SAMP,MON,SA,G,,1.8,,8,DISSOLVED OXYGEN,DO,5.1,D,,5.1,,,,,,mg/L,2,N,A,FIU15756,,0,0,,,,,,25.042469,80.914819,,,FIU,FIU,,,,,,,,,,,,
FLAB17,FLAB,9/6/95,SAMP,MON,SA,G,,0,,8,DISSOLVED OXYGEN,DO,5.1,D,,5.1,,,,,,mg/L,2,N,A,FIU15755,,0,0,,,,,,25.042469,80.914819,,,FIU,FIU,,,,,,,,,,,,
FLAB17,FLAB,10/22/95,SAMP,MON,SA,G,,0,,8,DISSOLVED OXYGEN,DO,6,D,,6,,,,,,mg/L,2,N,A,FIU15757,,0,0,,,,,,25.042469,80.914819,,,FIU,FIU,,,,,,,,,,,,
FLAB17,FLAB,10/22/95,SAMP,MON,SA,G,,1.8,,8,DISSOLVED OXYGEN,DO,6,D,,6,,,,,,mg/L,2,N,A,FIU15758,,0,0,,,,,,25.042469,80.914819,,,FIU,FIU,,,,,,,,,,,,
FLAB17,FLAB,11/17/95,SAMP,MON,SA,G,,0,,8,DISSOLVED OXYGEN,DO,9.3,D,,9.3,,,,,,mg/L,2,N,A,FIU15759,,0,0,,,,,,25.042469,80.914819,,,FIU,FIU,,,,,,,,,,,,
FLAB17,FLAB,11/17/95,SAMP,MON,SA,G,,1.8,,8,DISSOLVED OXYGEN,DO,9.6,D,,9.6,,,,,,mg/L,2,N,A,FIU15760,,0,0,,,,,,25.042469,80.914819,,,FIU,FIU,,,,,,,,,,,,
FLAB17,FLAB,12/14/95,SAMP,MON,SA,G,,1.8,,8,DISSOLVED OXYGEN,DO,6.1,D,,6.1,,,,,,mg/L,2,N,A,FIU15762,,0,0,,,,,,25.042469,80.914819,,,FIU,FIU,,,,,,,,,,,,
FLAB17,FLAB,12/14/95,SAMP,MON,SA,G,,0,,8,DISSOLVED OXYGEN,DO,5.9,D,,5.9,,,,,,mg/L,2,N,A,FIU15761,,0,0,,,,,,25.042469,80.914819,,,FIU,FIU,,,,,,,,,,,,
FLAB17,FLAB,1/23/96,SAMP,MON,SA,G,,0,,8,DISSOLVED OXYGEN,DO,7.2,D,,7.2,,,,,,mg/L,2,N,A,FIU15763,,0,0,,,,,,25.042469,80.914819,,,FIU,FIU,,,,,,,,,,,,
FLAB17,FLAB,1/23/96,SAMP,MON,SA,G,,1.8,,8,DISSOLVED OXYGEN,DO,7.1,D,,7.1,,,,,,mg/L,2,N,A,FIU15764,,0,0,,,,,,25.042469,80.914819,,,FIU,FIU,,,,,,,,,,,,
FLAB17,FLAB,2/12/96,SAMP,MON,SA,G,,0,,8,DISSOLVED OXYGEN,DO,7.4,D,,7.4,,,,,,mg/L,2,N,A,FIU15765,,0,0,,,,,,25.042469,80.914819,,,FIU,FIU,,,,,,,,,,,,
FLAB17,FLAB,2/12/96,SAMP,MON,SA,G,,1.8,,8,DISSOLVED OXYGEN,DO,7.3,D,,7.3,,,,,,mg/L,2,N,A,FIU15766,,0,0,,,,,,25.042469,80.914819,,,FIU,FIU,,,,,,,,,,,,
FLAB17,FLAB,3/22/96,SAMP,MON,SA,G,,1.8,,8,DISSOLVED OXYGEN,DO,8.6,D,,8.6,,,,,,mg/L,2,N,A,FIU15768,,0,0,,,,,,25.042469,80.914819,,,FIU,FIU,,,,,,,,,,,,
FLAB17,FLAB,3/22/96,SAMP,MON,SA,G,,0,,8,DISSOLVED OXYGEN,DO,8.3,D,,8.3,,,,,,mg/L,2,N,A,FIU15767,,0,0,,,,,,25.042469,80.914819,,,FIU,FIU,,,,,,,,,,,,
FLAB17,FLAB,4/25/96,SAMP,MON,SA,G,,1.8,,8,DISSOLVED OXYGEN,DO,5.4,D,,5.4,,,,,,mg/L,2,N,A,FIU15770,,0,0,,,,,,25.042469,80.914819,,,FIU,FIU,,,,,,,,,,,,
FLAB17,FLAB,4/25/96,SAMP,MON,SA,G,,0,,8,DISSOLVED OXYGEN,DO,5.3,D,,5.3,,,,,,mg/L,2,N,A,FIU15769,,0,0,,,,,,25.042469,80.914819,,,FIU,FIU,,,,,,,,,,,,
FLAB17,FLAB,5/10/96,SAMP,MON,SA,G,,0,,8,DISSOLVED OXYGEN,DO,6,D,,6,,,,,,mg/L,2,N,A,FIU15771,,0,0,,,,,,25.042469,80.914819,,,FIU,FIU,,,,,,,,,,,,
FLAB17,FLAB,5/10/96,SAMP,MON,SA,G,,1.8,,8,DISSOLVED OXYGEN,DO,6,D,,6,,,,,,mg/L,2,N,A,FIU15772,,0,0,,,,,,25.042469,80.914819,,,FIU,FIU,,,,,,,,,,,,
FLAB17,FLAB,6/6/96,SAMP,MON,SA,G,,0,,8,DISSOLVED OXYGEN,DO,6.4,D,,6.4,,,,,,mg/L,2,N,A,FIU15773,,0,0,,,,,,25.042469,80.914819,,,FIU,FIU,,,,,,,,,,,,
FLAB17,FLAB,6/6/96,SAMP,MON,SA,G,,1.8,,8,DISSOLVED OXYGEN,DO,6.5,D,,6.5,,,,,,mg/L,2,N,A,FIU15774,,0,0,,,,,,25.042469,80.914819,,,FIU,FIU,,,,,,,,,,,,
FLAB17,FLAB,7/5/96,SAMP,MON,SA,G,,1.8,,8,DISSOLVED OXYGEN,DO,5.3,D,,5.3,,,,,,mg/L,2,N,A,FIU15776,,0,0,,,,,,25.042469,80.914819,,,FIU,FIU,,,,,,,,,,,,
FLAB17,FLAB,7/5/96,SAMP,MON,SA,G,,0.1,,8,DISSOLVED OXYGEN,DO,5.4,D,,5.4,,,,,,mg/L,2,N,A,FIU15775,,0,0,,,,,,25.042469,80.914819,,,FIU,FIU,,,,,,,,,,,,
FLAB17,FLAB,8/22/96,SAMP,MON,SA,G,,0.1,,8,DISSOLVED OXYGEN,DO,5,D,,5,,,,,,mg/L,2,N,A,FIU15777,,0,0,,,,,,25.042469,80.914819,,,FIU,FIU,,,,,,,,,,,,
FLAB17,FLAB,8/22/96,SAMP,MON,SA,G,,1.8,,8,DISSOLVED OXYGEN,DO,4.9,D,,4.9,,,,,,mg/L,2,N,A,FIU15778,,0,0,,,,,,25.042469,80.914819,,,FIU,FIU,,,,,,,,,,,,
FLAB17,FLAB,9/14/96,SAMP,MON,SA,G,,1.8,,8,DISSOLVED OXYGEN,DO,5.3,D,,5.3,,,,,,mg/L,2,N,A,FIU15780,,0,0,,,,,,25.042469,80.914819,,,FIU,FIU,,,,,,,,,,,,
FLAB17,FLAB,9/14/96,SAMP,MON,SA,G,,0.1,,8,DISSOLVED OXYGEN,DO,5.2,D,,5.2,,,,,,mg/L,2,N,A,FIU15779,,0,0,,,,,,25.042469,80.914819,,,FIU,FIU,,,,,,,,,,,,
FLAB17,FLAB,10/15/96,SAMP,MON,SA,G,,0.1,,8,DISSOLVED OXYGEN,DO,6.3,D,,6.3,,,,,,mg/L,2,N,A,FIU15781,,0,0,,,,,,25.042469,80.914819,,,FIU,FIU,,,,,,,,,,,,
FLAB17,FLAB,10/15/96,SAMP,MON,SA,G,,1.8,,8,DISSOLVED OXYGEN,DO,6.3,D,,6.3,,,,,,mg/L,2,N,A,FIU15782,,0,0,,,,,,25.042469,80.914819,,,FIU,FIU,,,,,,,,,,,,
FLAB17,FLAB,11/7/96,SAMP,MON,SA,G,,1.8,,8,DISSOLVED OXYGEN,DO,6.6,D,,6.6,,,,,,mg/L,2,N,A,FIU15784,,0,0,,,,,,25.042469,80.914819,,,FIU,FIU,,,,,,,,,,,,
FLAB17,FLAB,11/7/96,SAMP,MON,SA,G,,0.1,,8,DISSOLVED OXYGEN,DO,6.6,D,,6.6,,,,,,mg/L,2,N,A,FIU15783,,0,0,,,,,,25.042469,80.914819,,,FIU,FIU,,,,,,,,,,,,
FLAB17,FLAB,12/6/96,SAMP,MON,SA,G,,0.1,,8,DISSOLVED OXYGEN,DO,6.6,D,,6.6,,,,,,mg/L,2,N,A,FIU15785,,0,0,,,,,,25.042469,80.914819,,,FIU,FIU,,,,,,,,,,,,
FLAB17,FLAB,12/6/96,SAMP,MON,SA,G,,1.8,,8,DISSOLVED OXYGEN,DO,6.5,D,,6.5,,,,,,mg/L,2,N,A,FIU15786,,0,0,,,,,,25.042469,80.914819,,,FIU,FIU,,,,,,,,,,,,
FLAB17,FLAB,1/8/97,SAMP,MON,SA,G,,1.8,,8,DISSOLVED OXYGEN,DO,6.8,D,,6.8,,,,,,mg/L,2,N,A,FIU15788,,0,0,,,,,,25.042469,80.914819,,,FIU,FIU,,,,,,,,,,,,
FLAB17,FLAB,1/8/97,SAMP,MON,SA,G,,0.1,,8,DISSOLVED OXYGEN,DO,6.8,D,,6.8,,,,,,mg/L,2,N,A,FIU15787,,0,0,,,,,,25.042469,80.914819,,,FIU,FIU,,,,,,,,,,,,
FLAB17,FLAB,2/15/97,SAMP,MON,SA,G,,1.8,,8,DISSOLVED OXYGEN,DO,6.9,D,,6.9,,,,,,mg/L,2,N,A,FIU15790,,0,0,,,,,,25.042469,80.914819,,,FIU,FIU,,,,,,,,,,,,
FLAB17,FLAB,2/15/97,SAMP,MON,SA,G,,0.1,,8,DISSOLVED OXYGEN,DO,6.9,D,,6.9,,,,,,mg/L,2,N,A,FIU15789,,0,0,,,,,,25.042469,80.914819,,,FIU,FIU,,,,,,,,,,,,
FLAB17,FLAB,3/12/97,SAMP,MON,SA,G,,0.1,,8,DISSOLVED OXYGEN,DO,6.1,D,,6.1,,,,,,mg/L,2,N,A,FIU15791,,0,0,,,,,,25.042469,80.914819,,,FIU,FIU,,,,,,,,,,,,
FLAB17,FLAB,3/12/97,SAMP,MON,SA,G,,1.8,,8,DISSOLVED OXYGEN,DO,6.3,D,,6.3,,,,,,mg/L,2,N,A,FIU15792,,0,0,,,,,,25.042469,80.914819,,,FIU,FIU,,,,,,,,,,,,
FLAB17,FLAB,4/16/97,SAMP,MON,SA,G,,0.1,,8,DISSOLVED OXYGEN,DO,5.2,D,,5.2,,,,,,mg/L,2,N,A,FIU15793,,0,0,,,,,,25.042469,80.914819,,,FIU,FIU,,,,,,,,,,,,
FLAB17,FLAB,4/16/97,SAMP,MON,SA,G,,1.8,,8,DISSOLVED OXYGEN,DO,5.2,D,,5.2,,,,,,mg/L,2,N,A,FIU15794,,0,0,,,,,,25.042469,80.914819,,,FIU,FIU,,,,,,,,,,,,
FLAB17,FLAB,5/22/97,SAMP,MON,SA,G,,1.8,,8,DISSOLVED OXYGEN,DO,6.4,D,,6.4,,,,,,mg/L,2,N,A,FIU15796,,0,0,,,,,,25.042469,80.914819,,,FIU,FIU,,,,,,,,,,,,
FLAB17,FLAB,5/22/97,SAMP,MON,SA,G,,0.1,,8,DISSOLVED OXYGEN,DO,6.5,D,,6.5,,,,,,mg/L,2,N,A,FIU15795,,0,0,,,,,,25.042469,80.914819,,,FIU,FIU,,,,,,,,,,,,
FLAB17,FLAB,6/12/97,SAMP,MON,SA,G,,1.8,,8,DISSOLVED OXYGEN,DO,5.3,D,,5.3,,,,,,mg/L,2,N,A,FIU15798,,0,0,,,,,,25.042469,80.914819,,,FIU,FIU,,,,,,,,,,,,
FLAB17,FLAB,6/12/97,SAMP,MON,SA,G,,0.1,,8,DISSOLVED OXYGEN,DO,5.3,D,,5.3,,,,,,mg/L,2,N,A,FIU15797,,0,0,,,,,,25.042469,80.914819,,,FIU,FIU,,,,,,,,,,,,
FLAB17,FLAB,8/19/97,SAMP,MON,SA,G,,0.1,,8,DISSOLVED OXYGEN,DO,4.9,D,,4.9,,,,,,mg/L,2,N,A,FIU15800,,0,0,,,,,,25.042469,80.914819,,,FIU,FIU,,,,,,,,,,,,
FLAB17,FLAB,8/19/97,SAMP,MON,SA,G,,1.8,,8,DISSOLVED OXYGEN,DO,4.9,D,,4.9,,,,,,mg/L,2,N,A,FIU15801,,0,0,,,,,,25.042469,80.914819,,,FIU,FIU,,,,,,,,,,,,
FLAB17,FLAB,9/10/97,SAMP,MON,SA,G,,0.1,,8,DISSOLVED OXYGEN,DO,5.7,D,,5.7,,,,,,mg/L,2,N,A,FIU15802,,0,0,,,,,,25.042469,80.914819,,,FIU,FIU,,,,,,,,,,,,
FLAB17,FLAB,9/10/97,SAMP,MON,SA,G,,1.8,,8,DISSOLVED OXYGEN,DO,5.7,D,,5.7,,,,,,mg/L,2,N,A,FIU15803,,0,0,,,,,,25.042469,80.914819,,,FIU,FIU,,,,,,,,,,,,
FLAB17,FLAB,10/21/97,SAMP,MON,SA,G,,1.8,,8,DISSOLVED OXYGEN,DO,7,D,,7,,,,,,mg/L,2,N,A,FIU15805,,0,0,,,,,,25.042469,80.914819,,,FIU,FIU,,,,,,,,,,,,
FLAB17,FLAB,10/21/97,SAMP,MON,SA,G,,0.1,,8,DISSOLVED OXYGEN,DO,6.8,D,,6.8,,,,,,mg/L,2,N,A,FIU15804,,0,0,,,,,,25.042469,80.914819,,,FIU,FIU,,,,,,,,,,,,
FLAB17,FLAB,11/25/97,SAMP,MON,SA,G,,0.1,,8,DISSOLVED OXYGEN,DO,6.7,D,,6.7,,,,,,mg/L,2,N,A,FIU15806,,0,0,,,,,,25.042469,80.914819,,,FIU,FIU,,,,,,,,,,,,
FLAB17,FLAB,11/25/97,SAMP,MON,SA,G,,1.8,,8,DISSOLVED OXYGEN,DO,6.7,D,,6.7,,,,,,mg/L,2,N,A,FIU15807,,0,0,,,,,,25.042469,80.914819,,,FIU,FIU,,,,,,,,,,,,
FLAB17,FLAB,12/12/97,SAMP,MON,SA,G,,1.8,,8,DISSOLVED OXYGEN,DO,9.7,D,,9.7,,,,,,mg/L,2,N,A,FIU15809,,0,0,,,,,,25.042469,80.914819,,,FIU,FIU,,,,,,,,,,,,
FLAB17,FLAB,12/12/97,SAMP,MON,SA,G,,0.1,,8,DISSOLVED OXYGEN,DO,9.6,D,,9.6,,,,,,mg/L,2,N,A,FIU15808,,0,0,,,,,,25.042469,80.914819,,,FIU,FIU,,,,,,,,,,,,
FLAB17,FLAB,1/21/98,SAMP,MON,SA,G,,1.8,,8,DISSOLVED OXYGEN,DO,7.9,D,,7.9,,,,,,mg/L,2,N,A,FIU15811,,0,0,,,,,,25.042469,80.914819,,,FIU,FIU,,,,,,,,,,,,
FLAB17,FLAB,1/21/98,SAMP,MON,SA,G,,0.1,,8,DISSOLVED OXYGEN,DO,7.5,D,,7.5,,,,,,mg/L,2,N,A,FIU15810,,0,0,,,,,,25.042469,80.914819,,,FIU,FIU,,,,,,,,,,,,
FLAB17,FLAB,2/18/98,SAMP,MON,SA,G,,1.8,,8,DISSOLVED OXYGEN,DO,7.1,D,,7.1,,,,,,mg/L,2,N,A,FIU15813,,0,0,,,,,,25.042469,80.914819,,,FIU,FIU,,,,,,,,,,,,
FLAB17,FLAB,2/18/98,SAMP,MON,SA,G,,0.1,,8,DISSOLVED OXYGEN,DO,6.9,D,,6.9,,,,,,mg/L,2,N,A,FIU15812,,0,0,,,,,,25.042469,80.914819,,,FIU,FIU,,,,,,,,,,,,
FLAB17,FLAB,3/20/98,SAMP,MON,SA,G,,1.8,,8,DISSOLVED OXYGEN,DO,5.5,D,,5.5,,,,,,mg/L,2,N,A,FIU15815,,0,0,,,,,,25.042469,80.914819,,,FIU,FIU,,,,,,,,,,,,
FLAB17,FLAB,3/20/98,SAMP,MON,SA,G,,0.1,,8,DISSOLVED OXYGEN,DO,5.6,D,,5.6,,,,,,mg/L,2,N,A,FIU15814,,0,0,,,,,,25.042469,80.914819,,,FIU,FIU,,,,,,,,,,,,
FLAB17,FLAB,4/15/98,SAMP,MON,SA,G,,1.8,,8,DISSOLVED OXYGEN,DO,7,D,,7,,,,,,mg/L,2,N,A,FIU15817,,0,0,,,,,,25.042469,80.914819,,,FIU,FIU,,,,,,,,,,,,
FLAB17,FLAB,4/15/98,SAMP,MON,SA,G,,0.1,,8,DISSOLVED OXYGEN,DO,6.9,D,,6.9,,,,,,mg/L,2,N,A,FIU15816,,0,0,,,,,,25.042469,80.914819,,,FIU,FIU,,,,,,,,,,,,
FLAB17,FLAB,5/14/98,SAMP,MON,SA,G,,1.8,,8,DISSOLVED OXYGEN,DO,7.6,D,,7.6,,,,,,mg/L,2,N,A,FIU15819,,0,0,,,,,,25.042469,80.914819,,,FIU,FIU,,,,,,,,,,,,
FLAB17,FLAB,5/14/98,SAMP,MON,SA,G,,0.1,,8,DISSOLVED OXYGEN,DO,7.1,D,,7.1,,,,,,mg/L,2,N,A,FIU15818,,0,0,,,,,,25.042469,80.914819,,,FIU,FIU,,,,,,,,,,,,
FLAB17,FLAB,6/10/98,SAMP,MON,SA,G,,1.8,,8,DISSOLVED OXYGEN,DO,7,D,,7,,,,,,mg/L,2,N,A,FIU15821,,0,0,,,,,,25.042469,80.914819,,,FIU,FIU,,,,,,,,,,,,
FLAB17,FLAB,6/10/98,SAMP,MON,SA,G,,0.1,,8,DISSOLVED OXYGEN,DO,6.9,D,,6.9,,,,,,mg/L,2,N,A,FIU15820,,0,0,,,,,,25.042469,80.914819,,,FIU,FIU,,,,,,,,,,,,
FLAB17,FLAB,7/14/98,SAMP,MON,SA,G,,0.1,,8,DISSOLVED OXYGEN,DO,6.1,D,,6.1,,,,,,mg/L,2,N,A,FIU15822,,0,0,,,,,,25.042469,80.914819,,,FIU,FIU,,,,,,,,,,,,
FLAB17,FLAB,7/14/98,SAMP,MON,SA,G,,1.8,,8,DISSOLVED OXYGEN,DO,6.2,D,,6.2,,,,,,mg/L,2,N,A,FIU15823,,0,0,,,,,,25.042469,80.914819,,,FIU,FIU,,,,,,,,,,,,
FLAB17,FLAB,8/19/98,SAMP,MON,SA,G,,0.1,,8,DISSOLVED OXYGEN,DO,6,D,,6,,,,,,mg/L,2,N,A,FIU15824,,0,0,,,,,,25.042469,80.914819,,,FIU,FIU,,,,,,,,,,,,
FLAB17,FLAB,8/19/98,SAMP,MON,SA,G,,1.8,,8,DISSOLVED OXYGEN,DO,6,D,,6,,,,,,mg/L,2,N,A,FIU15825,,0,0,,,,,,25.042469,80.914819,,,FIU,FIU,,,,,,,,,,,,
FLAB17,FLAB,9/17/98,SAMP,MON,SA,G,,0.1,,8,DISSOLVED OXYGEN,DO,5.2,D,,5.2,,,,,,mg/L,2,N,A,FIU15826,,0,0,,,,,,25.042469,80.914819,,,FIU,FIU,,,,,,,,,,,,
FLAB17,FLAB,9/17/98,SAMP,MON,SA,G,,1.8,,8,DISSOLVED OXYGEN,DO,5.2,D,,5.2,,,,,,mg/L,2,N,A,FIU15827,,0,0,,,,,,25.042469,80.914819,,,FIU,FIU,,,,,,,,,,,,
FLAB17,FLAB,9/30/98,SAMP,MON,SA,G,,1.8,,8,DISSOLVED OXYGEN,DO,4.8,D,,4.8,,,,,,mg/L,2,N,A,FIU15829,,0,0,,,,,,25.042469,80.914819,,,FIU,FIU,,,,,,,,,,,,
FLAB17,FLAB,9/30/98,SAMP,MON,SA,G,,0.1,,8,DISSOLVED OXYGEN,DO,4.8,D,,4.8,,,,,,mg/L,2,N,A,FIU15828,,0,0,,,,,,25.042469,80.914819,,,FIU,FIU,,,,,,,,,,,,
FLAB17,FLAB,11/3/98,SAMP,MON,SA,G,,1.8,,8,DISSOLVED OXYGEN,DO,6.8,D,,6.8,,,,,,mg/L,2,N,A,FIU15831,,0,0,,,,,,25.042469,80.914819,,,FIU,FIU,,,,,,,,,,,,
FLAB17,FLAB,11/3/98,SAMP,MON,SA,G,,0.1,,8,DISSOLVED OXYGEN,DO,6.8,D,,6.8,,,,,,mg/L,2,N,A,FIU15830,,0,0,,,,,,25.042469,80.914819,,,FIU,FIU,,,,,,,,,,,,
FLAB17,FLAB,12/1/98,SAMP,MON,SA,G,,0.1,,8,DISSOLVED OXYGEN,DO,6.2,D,,6.2,,,,,,mg/L,2,N,A,FIU15832,,0,0,,,,,,25.042469,80.914819,,,FIU,FIU,,,,,,,,,,,,
FLAB17,FLAB,12/1/98,SAMP,MON,SA,G,,1.8,,8,DISSOLVED OXYGEN,DO,6.2,D,,6.2,,,,,,mg/L,2,N,A,FIU15833,,0,0,,,,,,25.042469,80.914819,,,FIU,FIU,,,,,,,,,,,,
FLAB17,FLAB,1/14/99,SAMP,MON,SA,G,,1.8,,8,DISSOLVED OXYGEN,DO,8.7,D,,8.7,,,,,,mg/L,2,N,A,FIU15835,,0,0,,,,,,25.042469,80.914819,,,FIU,FIU,,,,,,,,,,,,
FLAB17,FLAB,1/14/99,SAMP,MON,SA,G,,0.1,,8,DISSOLVED OXYGEN,DO,8.5,D,,8.5,,,,,,mg/L,2,N,A,FIU15834,,0,0,,,,,,25.042469,80.914819,,,FIU,FIU,,,,,,,,,,,,
FLAB17,FLAB,2/10/99,SAMP,MON,SA,G,,1.8,,8,DISSOLVED OXYGEN,DO,6.4,D,,6.4,,,,,,mg/L,2,N,A,FIU15837,,0,0,,,,,,25.042469,80.914819,,,FIU,FIU,,,,,,,,,,,,
FLAB17,FLAB,2/10/99,SAMP,MON,SA,G,,0.1,,8,DISSOLVED OXYGEN,DO,6.5,D,,6.5,,,,,,mg/L,2,N,A,FIU15836,,0,0,,,,,,25.042469,80.914819,,,FIU,FIU,,,,,,,,,,,,
FLAB17,FLAB,3/23/99,SAMP,MON,SA,G,,1.8,,8,DISSOLVED OXYGEN,DO,9.4,D,,9.4,,,,,,mg/L,2,N,A,FIU15839,,0,0,,,,,,25.042469,80.914819,,,FIU,FIU,,,,,,,,,,,,
FLAB17,FLAB,3/23/99,SAMP,MON,SA,G,,0.1,,8,DISSOLVED OXYGEN,DO,9.4,D,,9.4,,,,,,mg/L,2,N,A,FIU15838,,0,0,,,,,,25.042469,80.914819,,,FIU,FIU,,,,,,,,,,,,
FLAB17,FLAB,4/29/99,SAMP,MON,SA,G,,1.8,,8,DISSOLVED OXYGEN,DO,4.9,D,,4.9,,,,,,mg/L,2,N,A,FIU15841,,0,0,,,,,,25.042469,80.914819,,,FIU,FIU,,,,,,,,,,,,
FLAB17,FLAB,4/29/99,SAMP,MON,SA,G,,0.1,,8,DISSOLVED OXYGEN,DO,4.8,D,,4.8,,,,,,mg/L,2,N,A,FIU15840,,0,0,,,,,,25.042469,80.914819,,,FIU,FIU,,,,,,,,,,,,
FLAB17,FLAB,5/28/99,SAMP,MON,SA,G,,0.1,,8,DISSOLVED OXYGEN,DO,5.9,D,,5.9,,,,,,mg/L,2,N,A,FIU15842,,0,0,,,,,,25.042469,80.914819,,,FIU,FIU,,,,,,,,,,,,
FLAB17,FLAB,5/28/99,SAMP,MON,SA,G,,1.8,,8,DISSOLVED OXYGEN,DO,6,D,,6,,,,,,mg/L,2,N,A,FIU15843,,0,0,,,,,,25.042469,80.914819,,,FIU,FIU,,,,,,,,,,,,
FLAB17,FLAB,6/17/99,SAMP,MON,SA,G,,0.1,,8,DISSOLVED OXYGEN,DO,5.4,D,,5.4,,,,,,mg/L,2,N,A,FIU15844,,0,0,,,,,,25.042469,80.914819,,,FIU,FIU,,,,,,,,,,,,
FLAB17,FLAB,6/17/99,SAMP,MON,SA,G,,1.8,,8,DISSOLVED OXYGEN,DO,5.4,D,,5.4,,,,,,mg/L,2,N,A,FIU15846,,0,0,,,,,,25.042469,80.914819,,,FIU,FIU,,,,,,,,,,,,
FLAB17,FLAB,6/17/99,SAMP,MON,SA,G,,1.1,,8,DISSOLVED OXYGEN,DO,6.07,D,,6.07,,,,,,mg/L,2,N,A,FIU15845,,0,0,,,,,,25.042469,80.914819,,,FIU,FIU,,,,,,,,,,,,
FLAB17,FLAB,7/6/99,SAMP,MON,SA,G,,1.8,,8,DISSOLVED OXYGEN,DO,5.6,D,,5.6,,,,,,mg/L,2,N,A,FIU15848,,0,0,,,,,,25.042469,80.914819,,,FIU,FIU,,,,,,,,EPA360.2,,00299,,
FLAB17,FLAB,7/6/99,SAMP,MON,SA,G,,0.1,,8,DISSOLVED OXYGEN,DO,5.6,D,,5.6,,,,,,mg/L,2,N,A,FIU15847,,0,0,,,,,,25.042469,80.914819,,,FIU,FIU,,,,,,,,EPA360.2,,00299,,
FLAB17,FLAB,8/24/99,SAMP,MON,SA,G,,1.8,,8,DISSOLVED OXYGEN,DO,5.8,D,,5.8,,,,,,mg/L,2,N,A,FIU15850,,0,0,,,,,,25.042469,80.914819,,,FIU,FIU,,,,,,,,EPA360.2,,00299,,
FLAB17,FLAB,8/24/99,SAMP,MON,SA,G,,0.1,,8,DISSOLVED OXYGEN,DO,5.4,D,,5.4,,,,,,mg/L,2,N,A,FIU15849,,0,0,,,,,,25.042469,80.914819,,,FIU,FIU,,,,,,,,EPA360.2,,00299,,
FLAB17,FLAB,9/23/99,SAMP,MON,SA,G,,1.8,,8,DISSOLVED OXYGEN,DO,5.3,D,,5.3,,,,,,mg/L,2,N,A,FIU15852,,0,0,,,,,,25.042469,80.914819,,,FIU,FIU,,,,,,,,EPA360.2,,00299,,
FLAB17,FLAB,9/23/99,SAMP,MON,SA,G,,0.1,,8,DISSOLVED OXYGEN,DO,5.3,D,,5.3,,,,,,mg/L,2,N,A,FIU15851,,0,0,,,,,,25.042469,80.914819,,,FIU,FIU,,,,,,,,EPA360.2,,00299,,
FLAB17,FLAB,10/26/99,SAMP,MON,SA,G,,1.8,,8,DISSOLVED OXYGEN,DO,7.2,D,,7.2,,,,,,mg/L,2,N,A,FIU15855,,0,0,,,,,,25.042469,80.914819,,,FIU,FIU,,,,,,,,EPA360.2,,00299,,
FLAB17,FLAB,10/26/99,SAMP,MON,SA,G,,0.1,,8,DISSOLVED OXYGEN,DO,7.3,D,,7.3,,,,,,mg/L,2,N,A,FIU15853,,0,0,,,,,,25.042469,80.914819,,,FIU,FIU,,,,,,,,EPA360.2,,00299,,
FLAB17,FLAB,11/12/99,SAMP,MON,SA,G,,1.8,,8,DISSOLVED OXYGEN,DO,7.7,D,,7.7,,,,,,mg/L,2,N,A,FIU15858,,0,0,,,,,,25.042469,80.914819,,,FIU,FIU,,,,,,,,EPA360.2,,00299,,
FLAB17,FLAB,11/12/99,SAMP,MON,SA,G,,0.1,,8,DISSOLVED OXYGEN,DO,7.7,D,,7.7,,,,,,mg/L,2,N,A,FIU15856,,0,0,,,,,,25.042469,80.914819,,,FIU,FIU,,,,,,,,EPA360.2,,00299,,
FLAB17,FLAB,12/3/99,SAMP,MON,SA,G,,0.1,,8,DISSOLVED OXYGEN,DO,8.3,D,,8.3,,,,,,mg/L,2,N,A,FIU15859,,0,0,,,,,,25.042469,80.914819,,,FIU,FIU,,,,,,,,EPA360.2,,00299,,
FLAB17,FLAB,12/3/99,SAMP,MON,SA,G,,1.8,,8,DISSOLVED OXYGEN,DO,8.5,D,,8.5,,,,,,mg/L,2,N,A,FIU15861,,0,0,,,,,,25.042469,80.914819,,,FIU,FIU,,,,,,,,EPA360.2,,00299,,
FLAB17,FLAB,1/25/00,SAMP,MON,SA,G,,1.8,,8,DISSOLVED OXYGEN,DO,7.6,D,,7.6,,,,,,mg/L,2,N,A,FIU15864,,0,0,,,,,,25.042469,80.914819,,,FIU,FIU,,,,,,,,EPA360.2,,00299,,
FLAB17,FLAB,1/25/00,SAMP,MON,SA,G,,0.1,,8,DISSOLVED OXYGEN,DO,7.7,D,,7.7,,,,,,mg/L,2,N,A,FIU15862,,0,0,,,,,,25.042469,80.914819,,,FIU,FIU,,,,,,,,EPA360.2,,00299,,
FLAB17,FLAB,2/28/00,SAMP,MON,SA,G,,0.1,,8,DISSOLVED OXYGEN,DO,6.5,D,,6.5,,,,,,mg/L,2,N,A,FIU15865,,0,0,,,,,,25.042469,80.914819,,,FIU,FIU,,,,,,,,EPA360.2,,00299,,
FLAB17,FLAB,2/28/00,SAMP,MON,SA,G,,1.8,,8,DISSOLVED OXYGEN,DO,6.8,D,,6.8,,,,,,mg/L,2,N,A,FIU15867,,0,0,,,,,,25.042469,80.914819,,,FIU,FIU,,,,,,,,EPA360.2,,00299,,
FLAB17,FLAB,3/21/00,SAMP,MON,SA,G,,0.1,,8,DISSOLVED OXYGEN,DO,8.1,D,,8.1,,,,,,mg/L,2,N,A,FIU15868,,0,0,,,,,,25.042469,80.914819,,,FIU,FIU,,,,,,,,EPA360.2,,00299,,
FLAB17,FLAB,3/21/00,SAMP,MON,SA,G,,1.8,,8,DISSOLVED OXYGEN,DO,8.1,D,,8.1,,,,,,mg/L,2,N,A,FIU15870,,0,0,,,,,,25.042469,80.914819,,,FIU,FIU,,,,,,,,EPA360.2,,00299,,
FLAB17,FLAB,4/13/00,SAMP,MON,SA,G,,1.8,,8,DISSOLVED OXYGEN,DO,6.3,,,6.3,,,,,,mg/L,2,N,A,FIU15872,,0,0,,,,,,25.042469,80.914819,,,FIU,FIU,,,,,,,,EPA360.2,,00299,,
FLAB17,FLAB,4/13/00,SAMP,MON,SA,G,,0.1,,8,DISSOLVED OXYGEN,DO,6.2,,,6.2,,,,,,mg/L,2,N,A,FIU15871,,0,0,,,,,,25.042469,80.914819,,,FIU,FIU,,,,,,,,EPA360.2,,00299,,
FLAB17,FLAB,5/30/00,SAMP,MON,SA,G,,0.1,,8,DISSOLVED OXYGEN,DO,6,,,6,,,,,,mg/L,2,N,A,FIU15873,,0,0,,,,,,25.042469,80.914819,,,FIU,FIU,,,,,,,,EPA360.2,,00299,,
FLAB17,FLAB,5/30/00,SAMP,MON,SA,G,,1.8,,8,DISSOLVED OXYGEN,DO,6.3,,,6.3,,,,,,mg/L,2,N,A,FIU15874,,0,0,,,,,,25.042469,80.914819,,,FIU,FIU,,,,,,,,EPA360.2,,00299,,
FLAB17,FLAB,6/20/00,SAMP,MON,SA,G,,0.1,,8,DISSOLVED OXYGEN,DO,6.3,D,,6.3,,,,,,mg/L,2,N,A,FIU15875,,0,0,,,,,,25.042469,80.914819,,,FIU,FIU,,,,,,,,EPA360.2,,00299,,
FLAB17,FLAB,6/20/00,SAMP,MON,SA,G,,1.8,,8,DISSOLVED OXYGEN,DO,6.5,D,,6.5,,,,,,mg/L,2,N,A,FIU15876,,0,0,,,,,,25.042469,80.914819,,,FIU,FIU,,,,,,,,EPA360.2,,00299,,
FLAB17,FLAB,7/20/00,SAMP,MON,SA,G,,1.8,,8,DISSOLVED OXYGEN,DO,7.7,D,,7.7,,,,,,mg/L,2,N,A,FIU15878,,0,0,,,,,,25.042469,80.914819,,,FIU,FIU,,,,,,,,EPA360.2,,00299,,
FLAB17,FLAB,7/20/00,SAMP,MON,SA,G,,0.1,,8,DISSOLVED OXYGEN,DO,7.6,D,,7.6,,,,,,mg/L,2,N,A,FIU15877,,0,0,,,,,,25.042469,80.914819,,,FIU,FIU,,,,,,,,EPA360.2,,00299,,
FLAB17,FLAB,8/29/00,SAMP,MON,SA,G,,1.8,,8,DISSOLVED OXYGEN,DO,6.7,D,,6.7,,,,,,mg/L,2,N,A,FIU15880,,0,0,,,,,,25.042469,80.914819,,,FIU,FIU,,,,,,,,EPA360.2,,00299,,
FLAB17,FLAB,8/29/00,SAMP,MON,SA,G,,0.1,,8,DISSOLVED OXYGEN,DO,6.5,D,,6.5,,,,,,mg/L,2,N,A,FIU15879,,0,0,,,,,,25.042469,80.914819,,,FIU,FIU,,,,,,,,EPA360.2,,00299,,
FLAB17,FLAB,9/28/00,SAMP,MON,SA,G,,0.1,,8,DISSOLVED OXYGEN,DO,6.2,D,,6.2,,,,,,mg/L,2,N,A,FIU15881,,0,0,,,,,,25.042469,80.914819,,,FIU,FIU,,,,,,,,EPA360.2,,00299,,
FLAB17,FLAB,9/28/00,SAMP,MON,SA,G,,1.8,,8,DISSOLVED OXYGEN,DO,6.4,D,,6.4,,,,,,mg/L,2,N,A,FIU15882,,0,0,,,,,,25.042469,80.914819,,,FIU,FIU,,,,,,,,EPA360.2,,00299,,
FLAB17,FLAB,10/26/00,SAMP,MON,SA,G,,0.1,,8,DISSOLVED OXYGEN,DO,7.5,D,,7.5,,,,,,mg/L,2,N,A,FIU15883,,0,0,,,,,,25.042469,80.914819,,,FIU,FIU,,,,,,,,EPA360.2,,00299,,
FLAB17,FLAB,10/26/00,SAMP,MON,SA,G,,1.8,,8,DISSOLVED OXYGEN,DO,7.6,D,,7.6,,,,,,mg/L,2,N,A,FIU15884,,0,0,,,,,,25.042469,80.914819,,,FIU,FIU,,,,,,,,EPA360.2,,00299,,
FLAB17,FLAB,11/30/00,SAMP,MON,SA,G,,1.8,,8,DISSOLVED OXYGEN,DO,8,D,,8,,,,,,mg/L,2,N,A,FIU15886,,0,0,,,,,,25.042469,80.914819,,,FIU,FIU,,,,,,,,EPA360.2,,00299,,
FLAB17,FLAB,11/30/00,SAMP,MON,SA,G,,0.1,,8,DISSOLVED OXYGEN,DO,7.9,D,,7.9,,,,,,mg/L,2,N,A,FIU15885,,0,0,,,,,,25.042469,80.914819,,,FIU,FIU,,,,,,,,EPA360.2,,00299,,
FLAB17,FLAB,12/11/00,SAMP,MON,SA,G,,0.1,,8,DISSOLVED OXYGEN,DO,6.9,D,,6.9,,,,,,mg/L,2,N,A,FIU15887,,0,0,,,,,,25.042469,80.914819,,,FIU,FIU,,,,,,,,EPA360.2,,00299,,
FLAB17,FLAB,12/11/00,SAMP,MON,SA,G,,1.8,,8,DISSOLVED OXYGEN,DO,6.9,D,,6.9,,,,,,mg/L,2,N,A,FIU15888,,0,0,,,,,,25.042469,80.914819,,,FIU,FIU,,,,,,,,EPA360.2,,00299,,
FLAB17,FLAB,1/25/01,SAMP,MON,SA,G,,1.8,,8,DISSOLVED OXYGEN,DO,9.5,D,,9.5,,,,,,mg/L,2,N,A,FIU15890,,0,0,,,,,,25.042469,80.914819,,,FIU,FIU,,,,,,,,EPA360.2,,00299,,
FLAB17,FLAB,1/25/01,SAMP,MON,SA,G,,0.1,,8,DISSOLVED OXYGEN,DO,9.6,D,,9.6,,,,,,mg/L,2,N,A,FIU15889,,0,0,,,,,,25.042469,80.914819,,,FIU,FIU,,,,,,,,EPA360.2,,00299,,
FLAB17,FLAB,2/21/01,SAMP,MON,SA,G,,0.1,,8,DISSOLVED OXYGEN,DO,7.9,D,,7.9,,,,,,mg/L,2,N,A,FIU15891,,0,0,,,,,,25.042469,80.914819,,,FIU,FIU,,,,,,,,EPA360.2,,00299,,
FLAB17,FLAB,2/21/01,SAMP,MON,SA,G,,1.8,,8,DISSOLVED OXYGEN,DO,7.9,D,,7.9,,,,,,mg/L,2,N,A,FIU15892,,0,0,,,,,,25.042469,80.914819,,,FIU,FIU,,,,,,,,EPA360.2,,00299,,
FLAB17,FLAB,3/6/01,SAMP,MON,SA,G,,1.8,,8,DISSOLVED OXYGEN,DO,7.5,D,,7.5,,,,,,mg/L,2,N,A,FIU15894,,0,0,,,,,,25.042469,80.914819,,,FIU,FIU,,,,,,,,EPA360.2,,00299,,
FLAB17,FLAB,3/6/01,SAMP,MON,SA,G,,0.1,,8,DISSOLVED OXYGEN,DO,7.4,D,,7.4,,,,,,mg/L,2,N,A,FIU15893,,0,0,,,,,,25.042469,80.914819,,,FIU,FIU,,,,,,,,EPA360.2,,00299,,
FLAB17,FLAB,4/3/01,SAMP,MON,SA,G,,0.1,,8,DISSOLVED OXYGEN,DO,7.8,D,,7.8,,,,,,mg/L,2,N,A,FIU15895,,0,0,,,,,,25.042469,80.914819,,,FIU,FIU,,,,,,,,EPA360.2,,00299,,
FLAB17,FLAB,4/3/01,SAMP,MON,SA,G,,1.8,,8,DISSOLVED OXYGEN,DO,7.9,D,,7.9,,,,,,mg/L,2,N,A,FIU15896,,0,0,,,,,,25.042469,80.914819,,,FIU,FIU,,,,,,,,EPA360.2,,00299,,
FLAB17,FLAB,5/2/01,SAMP,MON,SA,G,,1.8,,8,DISSOLVED OXYGEN,DO,5.7,D,,5.7,,,,,,mg/L,2,N,A,FIU15898,,0,0,,,,,,25.042469,80.914819,,,FIU,FIU,,,,,,,,EPA360.2,,00299,,
FLAB17,FLAB,5/2/01,SAMP,MON,SA,G,,0.1,,8,DISSOLVED OXYGEN,DO,6,D,,6,,,,,,mg/L,2,N,A,FIU15897,,0,0,,,,,,25.042469,80.914819,,,FIU,FIU,,,,,,,,EPA360.2,,00299,,
FLAB17,FLAB,6/5/01,SAMP,MON,SA,G,,0.1,,8,DISSOLVED OXYGEN,DO,99,D,O,-99,,,,,,mg/L,2,Y,A,FIU110790,,0,0,,,,,,25.042469,80.914819,,,FIU,FIU,,,,,,,,EPA360.2,,00299,,DATA LOST FROM LABORATORY.
FLAB17,FLAB,6/5/01,SAMP,MON,SA,G,,1.8,,8,DISSOLVED OXYGEN,DO,99,D,O,-99,,,,,,mg/L,2,Y,A,FIU110791,,0,0,,,,,,25.042469,80.914819,,,FIU,FIU,,,,,,,,EPA360.2,,00299,,DATA LOST FROM LABORATORY.
FLAB17,FLAB,7/12/01,SAMP,MON,SA,G,,1.8,,8,DISSOLVED OXYGEN,DO,6.9,D,,6.9,,,,,,mg/L,2,N,A,FIU15900,,0,0,,,,,,25.042469,80.914819,,,FIU,FIU,,,,,,,,EPA360.2,,00299,,
FLAB17,FLAB,7/12/01,SAMP,MON,SA,G,,0.1,,8,DISSOLVED OXYGEN,DO,6.8,D,,6.8,,,,,,mg/L,2,N,A,FIU15899,,0,0,,,,,,25.042469,80.914819,,,FIU,FIU,,,,,,,,EPA360.2,,00299,,
FLAB17,FLAB,8/14/01,SAMP,MON,SA,G,,1.8,,8,DISSOLVED OXYGEN,DO,5.7,D,,5.7,,,,,,mg/L,2,N,A,FIU15902,,0,0,,,,,,25.042469,80.914819,,,FIU,FIU,,,,,,,,EPA360.2,,00299,,
FLAB17,FLAB,8/14/01,SAMP,MON,SA,G,,0.1,,8,DISSOLVED OXYGEN,DO,5.5,D,,5.5,,,,,,mg/L,2,N,A,FIU15901,,0,0,,,,,,25.042469,80.914819,,,FIU,FIU,,,,,,,,EPA360.2,,00299,,
FLAB17,FLAB,9/5/01,SAMP,MON,SA,G,,0.1,,8,DISSOLVED OXYGEN,DO,6.3,D,,6.3,,,,,,mg/L,2,N,A,FIU15903,,0,0,,,,,,25.042469,80.914819,,,FIU,FIU,,,,,,,,EPA360.2,,00299,,
FLAB17,FLAB,9/5/01,SAMP,MON,SA,G,,1.8,,8,DISSOLVED OXYGEN,DO,6.7,D,,6.7,,,,,,mg/L,2,N,A,FIU15904,,0,0,,,,,,25.042469,80.914819,,,FIU,FIU,,,,,,,,EPA360.2,,00299,,
FLAB17,FLAB,10/23/01,SAMP,MON,SA,G,,1.8,,8,DISSOLVED OXYGEN,DO,7.2,D,,7.2,,,,,,mg/L,2,N,A,FIU110505,,0,0,,,,,,25.042469,80.914819,,,FIU,FIU,,,,,,128017,,EPA360.2,,00299,,
FLAB17,FLAB,10/23/01,SAMP,MON,SA,G,,0.1,,8,DISSOLVED OXYGEN,DO,6.8,D,,6.8,,,,,,mg/L,2,N,A,FIU110504,,0,0,,,,,,25.042469,80.914819,,,FIU,FIU,,,,,,128017,,EPA360.2,,00299,,
FLAB17,FLAB,11/8/01,SAMP,MON,SA,G,,1.8,,8,DISSOLVED OXYGEN,DO,9.5,D,,9.5,,,,,,mg/L,2,N,A,FIU110507,,0,0,,,,,,25.042469,80.914819,,,FIU,FIU,,,,,,129017,,EPA360.2,,00299,,
FLAB17,FLAB,11/8/01,SAMP,MON,SA,G,,0.1,,8,DISSOLVED OXYGEN,DO,9.4,D,,9.4,,,,,,mg/L,2,N,A,FIU110506,,0,0,,,,,,25.042469,80.914819,,,FIU,FIU,,,,,,129017,,EPA360.2,,00299,,
FLAB17,FLAB,12/3/01,SAMP,MON,SA,G,,1.8,,8,DISSOLVED OXYGEN,DO,7.9,D,,7.9,,,,,,mg/L,2,N,A,FIU110509,,0,0,,,,,,25.042469,80.914819,,,FIU,FIU,,,,,,130017,,EPA360.2,,00299,,
FLAB17,FLAB,12/3/01,SAMP,MON,SA,G,,0.1,,8,DISSOLVED OXYGEN,DO,8.1,D,,8.1,,,,,,mg/L,2,N,A,FIU110508,,0,0,,,,,,25.042469,80.914819,,,FIU,FIU,,,,,,130017,,EPA360.2,,00299,,
FLAB17,FLAB,1/29/02,SAMP,MON,SA,G,,0.1,,8,DISSOLVED OXYGEN,DO,8.5,D,,8.5,,,,,,mg/L,2,N,A,FIU113136,,0,0,,,,,,25.042469,80.914819,,,FIU,FIU,,,,,,131017,,EPA360.2,,00299,,
FLAB17,FLAB,1/29/02,SAMP,MON,SA,G,,1.8,,8,DISSOLVED OXYGEN,DO,8.5,D,,8.5,,,,,,mg/L,2,N,A,FIU113137,,0,0,,,,,,25.042469,80.914819,,,FIU,FIU,,,,,,131017,,EPA360.2,,00299,,
FLAB17,FLAB,2/20/02,SAMP,MON,SA,G,,0.1,,8,DISSOLVED OXYGEN,DO,8.4,D,,8.4,,,,,,mg/L,2,N,A,FIU113138,,0,0,,,,,,25.042469,80.914819,,,FIU,FIU,,,,,,132017,,EPA360.2,,00299,,
FLAB17,FLAB,2/20/02,SAMP,MON,SA,G,,1.8,,8,DISSOLVED OXYGEN,DO,8.5,D,,8.5,,,,,,mg/L,2,N,A,FIU113139,,0,0,,,,,,25.042469,80.914819,,,FIU,FIU,,,,,,132017,,EPA360.2,,00299,,
FLAB17,FLAB,3/19/02,SAMP,MON,SA,G,,0.1,,8,DISSOLVED OXYGEN,DO,7,D,,7,,,,,,mg/L,2,N,A,FIU113140,,0,0,,,,,,25.042469,80.914819,,,FIU,FIU,,,,,,133017,,EPA360.2,,00299,,
FLAB17,FLAB,3/19/02,SAMP,MON,SA,G,,1.8,,8,DISSOLVED OXYGEN,DO,7.1,D,,7.1,,,,,,mg/L,2,N,A,FIU113141,,0,0,,,,,,25.042469,80.914819,,,FIU,FIU,,,,,,133017,,EPA360.2,,00299,,
FLAB17,FLAB,4/9/02,SAMP,MON,SA,G,,0.1,,8,DISSOLVED OXYGEN,DO,6.9,,,6.9,,,,,,mg/L,2,N,A,134017,,0,0,,,,,,25.042469,80.914819,,,FIU,FIU,,,,,,134017,,EPA360.2,,299,,
FLAB17,FLAB,4/9/02,SAMP,MON,SA,G,,1.8,,8,DISSOLVED OXYGEN,DO,6.8,,,6.8,,,,,,mg/L,2,N,A,134017B,,0,0,,,,,,25.042469,80.914819,,,FIU,FIU,,,,,,134017,,EPA360.2,,299,,
FLAB17,FLAB,5/15/02,SAMP,MON,SA,G,,0.1,,8,DISSOLVED OXYGEN,DO,5.5,D,,5.5,,,,,,mg/L,2,N,A,135017,,0,0,,,,,,25.042469,80.914819,,,FIU,FIU,,,,,,135017,,EPA360.2,,299,,
FLAB17,FLAB,5/15/02,SAMP,MON,SA,G,,1.8,,8,DISSOLVED OXYGEN,DO,5.5,D,,5.5,,,,,,mg/L,2,N,A,135017B,,0,0,,,,,,25.042469,80.914819,,,FIU,FIU,,,,,,135017,,EPA360.2,,299,,
FLAB17,FLAB,6/4/02,SAMP,MON,SA,G,,0.1,,8,DISSOLVED OXYGEN,DO,3.9,D,,3.9,,,,,,mg/L,2,N,A,136017,,0,0,,,,,,25.042469,80.914819,,,FIU,FIU,,,,,,136017,,EPA360.2,,299,,
FLAB17,FLAB,6/4/02,SAMP,MON,SA,G,,1.8,,8,DISSOLVED OXYGEN,DO,3.9,D,,3.9,,,,,,mg/L,2,N,A,136017B,,0,0,,,,,,25.042469,80.914819,,,FIU,FIU,,,,,,136017,,EPA360.2,,299,,
FLAB17,FLAB,7/11/02,SAMP,MON,SA,G,,1.8,,8,DISSOLVED OXYGEN,DO,4.6,D,,4.6,,,,,,mg/L,2,N,A,137017B,,0,0,,,,,,25.042469,80.914819,,,FIU,FIU,,,,,,137017B,,EPA360.2,,299,,
FLAB17,FLAB,7/11/02,SAMP,MON,SA,G,,0.1,,8,DISSOLVED OXYGEN,DO,4.5,D,,4.5,,,,,,mg/L,2,N,A,137017,,0,0,,,,,,25.042469,80.914819,,,FIU,FIU,,,,,,137017,,EPA360.2,,299,,
FLAB17,FLAB,8/19/02,SAMP,MON,SA,G,,0.1,,8,DISSOLVED OXYGEN,DO,5.2,D,,5.2,,,,,,mg/L,2,N,A,138017,,0,0,,,,,,25.042469,80.914819,,,FIU,FIU,,,,,,138017,,EPA360.2,,00299,,
FLAB17,FLAB,8/19/02,SAMP,MON,SA,G,,1.8,,8,DISSOLVED OXYGEN,DO,5.2,D,,5.2,,,,,,mg/L,2,N,A,138017B,,0,0,,,,,,25.042469,80.914819,,,FIU,FIU,,,,,,138017B,,EPA360.2,,00299,,
FLAB17,FLAB,9/17/02,SAMP,MON,SA,G,,0.1,,8,DISSOLVED OXYGEN,DO,5.2,D,,5.2,,,,,,mg/L,2,N,A,139017,,0,0,,,,,,25.042469,80.914819,,,FIU,FIU,,,,,,139017,,EPA360.2,,00299,,
FLAB17,FLAB,9/17/02,SAMP,MON,SA,G,,1.8,,8,DISSOLVED OXYGEN,DO,5.3,D,,5.3,,,,,,mg/L,2,N,A,139017B,,0,0,,,,,,25.042469,80.914819,,,FIU,FIU,,,,,,139017B,,EPA360.2,,00299,,
FLAB17,FLAB,10/17/02,SAMP,MON,SA,G,,1.8,,8,DISSOLVED OXYGEN,DO,5.8,D,,5.8,,,,,,mg/L,2,N,A,140017B,,0,0,,,,,,25.042469,80.914819,,,FIU,FIU,,,,,,140017B,,EPA360.2,,00299,,
FLAB17,FLAB,10/17/02,SAMP,MON,SA,G,,0.1,,8,DISSOLVED OXYGEN,DO,5.7,D,,5.7,,,,,,mg/L,2,N,A,140017,,0,0,,,,,,25.042469,80.914819,,,FIU,FIU,,,,,,140017,,EPA360.2,,00299,,
FLAB17,FLAB,11/14/02,SAMP,MON,SA,G,,1.8,,8,DISSOLVED OXYGEN,DO,6.8,D,,6.8,,,,,,mg/L,2,N,A,141017B,,0,0,,,,,,25.042469,80.914819,,,FIU,FIU,,,,,,141017B,,EPA360.2,,00299,,
FLAB17,FLAB,11/14/02,SAMP,MON,SA,G,,0.1,,8,DISSOLVED OXYGEN,DO,6.7,D,,6.7,,,,,,mg/L,2,N,A,141017,,0,0,,,,,,25.042469,80.914819,,,FIU,FIU,,,,,,141017,,EPA360.2,,00299,,
FLAB17,FLAB,12/11/02,SAMP,MON,SA,G,,0.1,,8,DISSOLVED OXYGEN,DO,7.1,D,,7.1,,,,,,mg/L,2,N,A,142017,,0,0,,,,,,25.042469,80.914819,,,FIU,FIU,,,,,,142017,,EPA360.2,,00299,,
FLAB17,FLAB,12/11/02,SAMP,MON,SA,G,,1.8,,8,DISSOLVED OXYGEN,DO,6.7,D,,6.7,,,,,,mg/L,2,N,A,142017B,,0,0,,,,,,25.042469,80.914819,,,FIU,FIU,,,,,,142017B,,EPA360.2,,00299,,
FLAB17,FLAB,1/28/03,SAMP,MON,SA,G,,1.8,,8,DISSOLVED OXYGEN,DO,8.4,D,,8.4,,,,,,mg/L,2,N,A,143017B,,0,0,,,,,,25.042469,80.914819,,,FIU,FIU,,,,,,143017B,,EPA360.2,,00299,,
FLAB17,FLAB,1/28/03,SAMP,MON,SA,G,,0.1,,8,DISSOLVED OXYGEN,DO,8.5,D,,8.5,,,,,,mg/L,2,N,A,143017,,0,0,,,,,,25.042469,80.914819,,,FIU,FIU,,,,,,143017,,EPA360.2,,00299,,
FLAB17,FLAB,2/25/03,SAMP,MON,SA,G,,1.8,,8,DISSOLVED OXYGEN,DO,6.3,D,,6.3,,,,,,mg/L,2,N,A,144017B,,0,0,,,,,,25.042469,80.914819,,,FIU,FIU,,,,,,144017B,,EPA360.2,,00299,,
FLAB17,FLAB,2/25/03,SAMP,MON,SA,G,,0.1,,8,DISSOLVED OXYGEN,DO,6.3,D,,6.3,,,,,,mg/L,2,N,A,144017,,0,0,,,,,,25.042469,80.914819,,,FIU,FIU,,,,,,144017,,EPA360.2,,00299,,
FLAB17,FLAB,3/13/03,SAMP,MON,SA,G,,0.1,,8,DISSOLVED OXYGEN,DO,6.8,D,,6.8,,,,,,mg/L,2,N,A,145017,,0,0,,,,,,25.042469,80.914819,,,FIU,FIU,,,,,,145017,,EPA360.2,,00299,,
FLAB17,FLAB,3/13/03,SAMP,MON,SA,G,,1.8,,8,DISSOLVED OXYGEN,DO,6.9,D,,6.9,,,,,,mg/L,2,N,A,145017B,,0,0,,,,,,25.042469,80.914819,,,FIU,FIU,,,,,,145017B,,EPA360.2,,00299,,
FLAB17,FLAB,4/9/03,SAMP,MON,SA,G,,0.1,,8,DISSOLVED OXYGEN,DO,5.7,D,,5.7,,,,,,mg/L,2,N,A,146017,,0,0,,,,,,25.042469,80.914819,,,FIU,FIU,,,,,,146017,,EPA360.2,,299,,
FLAB17,FLAB,4/9/03,SAMP,MON,SA,G,,1.8,,8,DISSOLVED OXYGEN,DO,5.8,D,,5.8,,,,,,mg/L,2,N,A,146017B,,0,0,,,,,,25.042469,80.914819,,,FIU,FIU,,,,,,146017B,,EPA360.2,,299,,
FLAB17,FLAB,5/8/03,SAMP,MON,SA,G,,1.8,,8,DISSOLVED OXYGEN,DO,5.7,D,,5.7,,,,,,mg/L,2,N,A,147017B,,0,0,,,,,,25.042469,80.914819,,,FIU,FIU,,,,,,147017B,,EPA360.2,,299,,
FLAB17,FLAB,5/8/03,SAMP,MON,SA,G,,0.1,,8,DISSOLVED OXYGEN,DO,5.7,D,,5.7,,,,,,mg/L,2,N,A,147017,,0,0,,,,,,25.042469,80.914819,,,FIU,FIU,,,,,,147017,,EPA360.2,,299,,
FLAB17,FLAB,6/10/03,SAMP,MON,SA,G,,1.8,,8,DISSOLVED OXYGEN,DO,5.2,D,,5.2,,,,,,mg/L,2,N,A,148017B,,0,0,,,,,,25.042469,80.914819,,,FIU,FIU,,,,,,148017B,,EPA360.2,,299,,
FLAB17,FLAB,6/10/03,SAMP,MON,SA,G,,0.1,,8,DISSOLVED OXYGEN,DO,5.2,D,,5.2,,,,,,mg/L,2,N,A,148017,,0,0,,,,,,25.042469,80.914819,,,FIU,FIU,,,,,,148017,,EPA360.2,,299,,
FLAB17,FLAB,7/1/03,SAMP,MON,SA,G,,1.8,,8,DISSOLVED OXYGEN,DO,5.7,D,,5.7,,,,,,mg/L,2,N,A,149017B,,0,0,,,,,,25.042469,80.914819,,,FIU,FIU,,,,,,149017B,,EPA360.2,,299,,
FLAB17,FLAB,7/1/03,SAMP,MON,SA,G,,0.1,,8,DISSOLVED OXYGEN,DO,5.6,D,,5.6,,,,,,mg/L,2,N,A,149017,,0,0,,,,,,25.042469,80.914819,,,FIU,FIU,,,,,,149017,,EPA360.2,,299,,
FLAB17,FLAB,8/25/03,SAMP,MON,SA,G,,0.1,,8,DISSOLVED OXYGEN,DO,5.4,D,,5.4,,,,,,mg/L,2,N,A,150017,,0,0,,,,,,25.042469,80.914819,,,FIU,FIU,,,,,,150017,,EPA360.2,,299,,
FLAB17,FLAB,8/25/03,SAMP,MON,SA,G,,1.8,,8,DISSOLVED OXYGEN,DO,5.3,D,,5.3,,,,,,mg/L,2,N,A,150017B,,0,0,,,,,,25.042469,80.914819,,,FIU,FIU,,,,,,150017B,,EPA360.2,,299,,
FLAB17,FLAB,9/9/03,SAMP,MON,SA,G,,1.8,,8,DISSOLVED OXYGEN,DO,5.9,D,,5.9,,,,,,mg/L,2,N,A,151017B,,0,0,,,,,,25.042469,80.914819,,,FIU,FIU,,,,,,151017B,,EPA360.2,,299,,
FLAB17,FLAB,9/9/03,SAMP,MON,SA,G,,0.1,,8,DISSOLVED OXYGEN,DO,6,D,,6,,,,,,mg/L,2,N,A,151017,,0,0,,,,,,25.042469,80.914819,,,FIU,FIU,,,,,,151017,,EPA360.2,,299,,
FLAB17,FLAB,10/15/03,SAMP,MON,SA,G,,0.1,,8,DISSOLVED OXYGEN,DO,5,D,,5,,,,,,mg/L,2,N,A,152017,,0,0,,,,,,25.042469,80.914819,,,FIU,FIU,,,,,,152017,,EPA360.2,,299,,
FLAB17,FLAB,10/15/03,SAMP,MON,SA,G,,1.8,,8,DISSOLVED OXYGEN,DO,5,D,,5,,,,,,mg/L,2,N,A,152017B,,0,0,,,,,,25.042469,80.914819,,,FIU,FIU,,,,,,152017B,,EPA360.2,,299,,
FLAB17,FLAB,11/7/03,SAMP,MON,SA,G,,0.1,,8,DISSOLVED OXYGEN,DO,5.9,D,,5.9,,,,,,mg/L,2,N,A,153017,,0,0,,,,,,25.042469,80.914819,,,FIU,FIU,,,,,,153017,,EPA360.2,,299,,
FLAB17,FLAB,11/7/03,SAMP,MON,SA,G,,1.8,,8,DISSOLVED OXYGEN,DO,5.8,D,,5.8,,,,,,mg/L,2,N,A,153017B,,0,0,,,,,,25.042469,80.914819,,,FIU,FIU,,,,,,153017B,,EPA360.2,,299,,
FLAB17,FLAB,12/3/03,SAMP,MON,SA,G,,1.8,,8,DISSOLVED OXYGEN,DO,7.2,D,,7.2,,,,,,mg/L,2,N,A,154017B,,0,0,,,,,,25.042469,80.914819,,,FIU,FIU,,,,,,154017B,,EPA360.2,,299,,
FLAB17,FLAB,12/3/03,SAMP,MON,SA,G,,0.1,,8,DISSOLVED OXYGEN,DO,7.1,D,,7.1,,,,,,mg/L,2,N,A,154017,,0,0,,,,,,25.042469,80.914819,,,FIU,FIU,,,,,,154017,,EPA360.2,,299,,
FLAB17,FLAB,1/21/04,SAMP,MON,SA,G,,0.1,,8,DISSOLVED OXYGEN,DO,8.1,D,,8.1,,,,,,mg/L,2,N,A,155017,,0,0,,,,,,25.042469,80.914819,,,FIU,FIU,,,,,,155017,,EPA360.2,,299,,
FLAB17,FLAB,2/24/04,SAMP,MON,SA,G,,0.1,,8,DISSOLVED OXYGEN,DO,7.3,D,,7.3,,,,,,mg/L,2,N,A,156017,,0,0,,,,,,25.042469,80.914819,,,FIU,FIU,,,,,,156017,,EPA360.2,,299,,
FLAB17,FLAB,3/23/04,SAMP,MON,SA,G,,0.1,,8,DISSOLVED OXYGEN,DO,7.4,D,,7.4,,,,,,mg/L,2,N,A,157017,,0,0,,,,,,25.042469,80.914819,,,FIU,FIU,,,,,,157017,,EPA360.2,,299,,
FLAB17,FLAB,10/9/06,SAMP,MON,SA,G,,0,,8,DISSOLVED OXYGEN,DO,7.48,,,7.48,,1,,,,mg/L,2,N,A,FB188FB017UA,,0,0,,,,,,25.042469,80.914819,FIU,E76930,FIU,WMD,WMD,2,BA,CA,,AB64795,10/9/06 13:28,EPA 360.2,,299,,
FLAB17,FLAB,10/9/06,SAMP,MON,SA,G,,0,,8,DISSOLVED OXYGEN,DO,7.47,,,7.47,,1,,,,mg/L,2,N,A,FB188FB017UAB,,0,0,,,,,,25.042469,80.914819,FIU,E76930,FIU,WMD,WMD,2,BA,CA,,AB64795_B,,EPA 360.2,,299,Measurements done close to the bottom.,
FLAB17,FLAB,11/7/06,SAMP,MON,SA,G,,0,,8,DISSOLVED OXYGEN,DO,7.24,,,7.24,,1,,,,mg/L,2,N,A,FB189FB017UA,,0,0,,,,,,25.042469,80.914819,FIU,E76930,FIU,WMD,WMD,2,BA,CA,,AB70876,11/7/06 11:45,EPA 360.2,,299,,
FLAB17,FLAB,11/7/06,SAMP,MON,SA,G,,0,,8,DISSOLVED OXYGEN,DO,7.34,,,7.34,,1,,,,mg/L,2,N,A,FB189FB017UAB,,0,0,,,,,,25.042469,80.914819,FIU,E76930,FIU,WMD,WMD,2,BA,CA,,AB70876_B,,EPA 360.2,,299,Measurements done close to the bottom.,
FLAB17,FLAB,12/3/06,SAMP,MON,SA,G,,0,,8,DISSOLVED OXYGEN,DO,7.98,,,7.98,,1,,,,mg/L,2,N,A,FB190FB017UA,,0,0,,,,,,25.042469,80.914819,FIU,E76930,FIU,WMD,WMD,2,BA,CA,,AB72196,12/3/06 11:13,EPA 360.2,,299,,
FLAB17,FLAB,12/3/06,SAMP,MON,SA,G,,0,,8,DISSOLVED OXYGEN,DO,7.49,,,7.49,,1,,,,mg/L,2,N,A,FB190FB017UAB,,0,0,,,,,,25.042469,80.914819,FIU,E76930,FIU,WMD,WMD,2,BA,CA,,AB72196_B,,EPA 360.2,,299,Measurements done close to the bottom.,
FLAB17,FLAB,1/11/07,SAMP,MON,SA,G,,0,,8,DISSOLVED OXYGEN,DO,8.49,,,8.49,,1,,,,mg/L,2,N,A,FB191FB017UA,,0,0,,,,,,25.042469,80.914819,FIU,E76930,FIU,WMD,WMD,2,BA,CA,,AB74852,1/11/07 8:34,EPA 360.2,,299,,
FLAB17,FLAB,1/11/07,SAMP,MON,SA,G,,0,,8,DISSOLVED OXYGEN,DO,8.4,,,8.4,,1,,,,mg/L,2,N,A,FB191FB017UAB,,0,0,,,,,,25.042469,80.914819,FIU,E76930,FIU,WMD,WMD,2,BA,CA,,AB74852_B,,EPA 360.2,,299,Measurements done close to the bottom.,
FLAB17,FLAB,2/7/07,SAMP,MON,SA,G,,0,,8,DISSOLVED OXYGEN,DO,9.11,,,9.11,,1,,,,mg/L,2,N,A,FB192FB017UA,,0,0,,,,,,25.042469,80.914819,FIU,E76930,FIU,WMD,WMD,2,BA,CA,,AB76750,2/7/07 11:44,EPA 360.2,,299,,
FLAB17,FLAB,2/7/07,SAMP,MON,SA,G,,0,,8,DISSOLVED OXYGEN,DO,9.01,,,9.01,,1,,,,mg/L,2,N,A,FB192FB017UAB,,0,0,,,,,,25.042469,80.914819,FIU,E76930,FIU,WMD,WMD,2,BA,CA,,AB76750_B,,EPA 360.2,,299,Measurements done close to the bottom.,
FLAB17,FLAB,3/12/07,SAMP,MON,SA,G,,0,,8,DISSOLVED OXYGEN,DO,7.6,,,7.6,,1,,,,mg/L,2,N,A,FB193FB017UA,,0,0,,,,,,25.042469,80.914819,FIU,E76930,FIU,WMD,WMD,2,BA,CA,,AB78000,3/12/07 12:50,EPA 360.2,,299,,
FLAB17,FLAB,3/12/07,SAMP,MON,SA,G,,0,,8,DISSOLVED OXYGEN,DO,7.6,,,7.6,,1,,,,mg/L,2,N,A,FB193FB017UAB,,0,0,,,,,,25.042469,80.914819,FIU,E76930,FIU,WMD,WMD,2,BA,CA,,AB78000_B,,EPA 360.2,,299,Measurements done close to the bottom.,
FLAB17,FLAB,4/3/07,SAMP,MON,SA,G,,0,,8,DISSOLVED OXYGEN,DO,6.28,,,6.28,,1,,,,mg/L,2,N,A,FB194FB017UA,,0,0,,,,,,25.042469,80.914819,FIU,E76930,FIU,WMD,WMD,2,BA,CA,,AB79025,4/3/07 10:44,EPA 360.2,,299,,
FLAB17,FLAB,4/3/07,SAMP,MON,SA,G,,0,,8,DISSOLVED OXYGEN,DO,6.16,,,6.16,,1,,,,mg/L,2,N,A,FB194FB017UAB,,0,0,,,,,,25.042469,80.914819,FIU,E76930,FIU,WMD,WMD,2,BA,CA,,AB79025_B,,EPA 360.2,,299,Measurements done close to the bottom.,
FLAB17,FLAB,5/1/07,SAMP,MON,SA,G,,0,,8,DISSOLVED OXYGEN,DO,5.22,,,5.22,,1,,,,mg/L,2,N,A,FB195FB017UA,,0,0,,,,,,25.042469,80.914819,FIU,E76930,FIU,WMD,WMD,2,BA,CA,,AB82086,5/1/07 13:07,EPA 360.2,,299,,
FLAB17,FLAB,5/1/07,SAMP,MON,SA,G,,0,,8,DISSOLVED OXYGEN,DO,5.63,,,5.63,,1,,,,mg/L,2,N,A,FB195FB017UAB,,0,0,,,,,,25.042469,80.914819,FIU,E76930,FIU,WMD,WMD,2,BA,CA,,AB82086_B,,EPA 360.2,,299,Measurements done close to the bottom.,
FLAB17,FLAB,6/6/07,SAMP,MON,SA,G,,0,,8,DISSOLVED OXYGEN,DO,5.02,,,5.02,,1,,,,mg/L,2,N,A,FB196FB017UA,,0,0,,,,,,25.042469,80.914819,FIU,E76930,FIU,WMD,WMD,2,BA,CA,,AB83985,6/6/07 13:32,EPA 360.2,,299,,
FLAB17,FLAB,6/6/07,SAMP,MON,SA,G,,0,,8,DISSOLVED OXYGEN,DO,4.43,,,4.43,,1,,,,mg/L,2,N,A,FB196FB017UAB,,0,0,,,,,,25.042469,80.914819,FIU,E76930,FIU,WMD,WMD,2,BA,CA,,AB83985_B,,EPA 360.2,,299,Measurements done close to the bottom.,
FLAB17,FLAB,7/3/07,SAMP,MON,SA,G,,0,,8,DISSOLVED OXYGEN,DO,4.88,A,,4.88,,1,,,,mg/L,2,N,A,FB197FB017UA,,0,0,,,,,,25.042469,80.914819,FIU,E76930,FIU,WMD,WMD,2,BA,CA,,AB85564,7/3/07 11:17,EPA 360.2,,299,,
FLAB17,FLAB,7/3/07,SAMP,MON,SA,G,,0,,8,DISSOLVED OXYGEN,DO,5.07,A,,5.07,,1,,,,mg/L,2,N,A,FB197FB017UAB,,0,0,,,,,,25.042469,80.914819,FIU,E76930,FIU,WMD,WMD,2,BA,CA,,AB85564_B,,EPA 360.2,,299,Measurements done close to the bottom.,
FLAB17,FLAB,8/7/07,SAMP,MON,SA,G,,0,,8,DISSOLVED OXYGEN,DO,4.87,A,,4.87,,1,,,,mg/L,2,N,A,FB198FB017UA,,0,0,,,,,,25.042469,80.914819,FIU,E76930,FIU,WMD,WMD,2,BA,CA,,AB89021,8/7/07 12:09,EPA 360.2,,299,,
FLAB17,FLAB,8/7/07,SAMP,MON,SA,G,,0,,8,DISSOLVED OXYGEN,DO,4.98,A,,4.98,,1,,,,mg/L,2,N,A,FB198FB017UAB,,0,0,,,,,,25.042469,80.914819,FIU,E76930,FIU,WMD,WMD,2,BA,CA,,AB89021_B,,EPA 360.2,,299,Measurements done close to the bottom.,
FLAB17,FLAB,9/5/07,SAMP,MON,SA,G,,0,,8,DISSOLVED OXYGEN,DO,5.52,A,,5.52,,1,,,,mg/L,2,N,A,FB199FB017UA,,0,0,,,,,,25.042469,80.914819,FIU,E76930,FIU,WMD,WMD,2,BA,CA,,AB90692,9/5/07 12:27,EPA 360.2,,299,,
FLAB17,FLAB,9/5/07,SAMP,MON,SA,G,,0,,8,DISSOLVED OXYGEN,DO,5.27,A,,5.27,,1,,,,mg/L,2,N,A,FB199FB017UAB,,0,0,,,,,,25.042469,80.914819,FIU,E76930,FIU,WMD,WMD,2,BA,CA,,AB90692_B,,EPA 360.2,,299,Measurements done close to the bottom.,
FLAB17,FLAB,10/4/07,SAMP,MON,SA,G,,0,,8,DISSOLVED OXYGEN,DO,6.91,,,6.91,,1,,,,mg/L,2,N,A,FB200FB017,,0,0,,,,,,25.042469,80.914819,FIU,E76930,FIU,WMD,WMD,2,BA,CA,,AB92293,10/4/07 13:42,EPA 360.2,,299,,
FLAB17,FLAB,11/6/07,SAMP,MON,SA,G,,0,,8,DISSOLVED OXYGEN,DO,7.68,,,7.68,,1,,,,mg/L,2,N,A,FB201FB017,,0,0,,,,,,25.042469,80.914819,FIU,E76930,FIU,WMD,WMD,2,BA,CA,,AB93887,11/6/07 10:55,EPA 360.2,,299,,
FLAB17,FLAB,12/7/07,SAMP,MON,SA,G,,0,,8,DISSOLVED OXYGEN,DO,6.82,,,6.82,,1,,,,mg/L,2,N,A,FB202FB017,,0,0,,,,,,25.042469,80.914819,FIU,E76930,FIU,WMD,WMD,2,BA,CA,,AB94305,12/7/07 9:58,EPA 360.2,,299,,
FLAB17,FLAB,1/9/08,SAMP,MON,SA,G,,0,,8,DISSOLVED OXYGEN,DO,6.61,,,6.61,,1,,,,mg/L,2,N,A,FB203FB017,,0,0,,,,,,25.042469,80.914819,FIU,E76930,FIU,WMD,WMD,2,BA,CA,,AB95216,1/9/08 9:50,EPA 360.2,,299,,
FLAB17,FLAB,1/9/08,SAMP,MON,SA,G,,0,,8,DISSOLVED OXYGEN,DO,6.68,,,6.68,,1,,,,mg/L,2,N,A,FB203FB017B,,0,0,,,,,,25.042469,80.914819,FIU,E76930,FIU,WMD,WMD,2,BA,CA,,AB95216_B,,EPA 360.2,,299,Measurements done close to the bottom.,
FLAB17,FLAB,2/8/08,SAMP,MON,SA,G,,0,,8,DISSOLVED OXYGEN,DO,8.44,,,8.44,,1,,,,mg/L,2,N,A,FB204FB017,,0,0,,,,,,25.042469,80.914819,FIU,E76930,FIU,WMD,WMD,2,BA,CA,,AB95732,2/8/08 11:15,EPA 360.2,,299,,
FLAB17,FLAB,2/8/08,SAMP,MON,SA,G,,0,,8,DISSOLVED OXYGEN,DO,7.22,,,7.22,,1,,,,mg/L,2,N,A,FB204FB017B,,0,0,,,,,,25.042469,80.914819,FIU,E76930,FIU,WMD,WMD,2,BA,CA,,AB95732_B,,EPA 360.2,,299,Measurements done close to the bottom.,
FLAB17,FLAB,3/5/08,SAMP,MON,SA,G,,0,,8,DISSOLVED OXYGEN,DO,4.53,,,4.53,,1,,,,mg/L,2,N,A,FB205FB017,,0,0,,,,,,25.042469,80.914819,FIU,E76930,FIU,WMD,WMD,2,BA,CA,,AB95979,3/5/08 10:36,EPA 360.2,,299,,
FLAB17,FLAB,3/5/08,SAMP,MON,SA,G,,0,,8,DISSOLVED OXYGEN,DO,4.45,,,4.45,,1,,,,mg/L,2,N,A,FB205FB017B,,0,0,,,,,,25.042469,80.914819,FIU,E76930,FIU,WMD,WMD,2,BA,CA,,AB95979_B,,EPA 360.2,,299,Measurements done close to the bottom.,
FLAB17,FLAB,4/2/08,SAMP,MON,SA,G,,0,,8,DISSOLVED OXYGEN,DO,6.07,,,6.07,,1,,,,mg/L,2,N,A,FB206FB017,,0,0,,,,,,25.042469,80.914819,FIU,E76930,FIU,WMD,WMD,2,BA,CA,4/2/08 11:20,AB96549,4/2/08 11:20,EPA 360.2,,299,,
FLAB17,FLAB,4/2/08,SAMP,MON,SA,G,,0,,8,DISSOLVED OXYGEN,DO,6.02,,,6.02,,1,,,,mg/L,2,N,A,FB206FB017B,,0,0,,,,,,25.042469,80.914819,FIU,E76930,FIU,WMD,WMD,2,BA,CA,4/2/08 11:22,AB96549_B,4/2/08 11:22,EPA 360.2,,299,Measurements done close to the bottom.,
FLAB17,FLAB,5/7/08,SAMP,MON,SA,G,,0,,8,DISSOLVED OXYGEN,DO,7.12,,,7.12,,1,,,,mg/L,2,N,A,FB207FB017,,0,0,,,,,,25.042469,80.914819,FIU,E76930,FIU,WMD,WMD,2,BA,CA,5/7/08 11:43,AB97312,5/7/08 11:43,EPA 360.2,,299,,
FLAB17,FLAB,5/7/08,SAMP,MON,SA,G,,0,,8,DISSOLVED OXYGEN,DO,7.38,,,7.38,,1,,,,mg/L,2,N,A,FB207FB017B,,0,0,,,,,,25.042469,80.914819,FIU,E76930,FIU,WMD,WMD,2,BA,CA,5/7/08 11:45,AB97312_B,5/7/08 11:45,EPA 360.2,,299,Measurements done close to the bottom.,
FLAB17,FLAB,6/4/08,SAMP,MON,SA,G,,0,,8,DISSOLVED OXYGEN,DO,5.97,,,5.97,,1,,,,mg/L,2,N,A,FB208FB017,,0,0,,,,,,25.042469,80.914819,FIU,E76930,FIU,WMD,WMD,2,BA,CA,6/4/08 13:21,AB97876,6/4/08 13:21,EPA 360.2,,299,,
FLAB17,FLAB,6/4/08,SAMP,MON,SA,G,,0,,8,DISSOLVED OXYGEN,DO,5.99,,,5.99,,1,,,,mg/L,2,N,A,FB208FB017B,,0,0,,,,,,25.042469,80.914819,FIU,E76930,FIU,WMD,WMD,2,BA,CA,6/4/08 13:23,AB97876_B,6/4/08 13:23,EPA 360.2,,299,Measurements done close to the bottom.,
FLAB17,FLAB,1/6/09,SAMP,MON,SA,G,,0.5,,8,DISSOLVED OXYGEN,DO,7.3,,,7.3,,1,,,,mg/L,2,N,A,P42962-9,,1,2,,,1.6,,,25.042469,80.914819,FWEC,E46077,WMD,WMD,WMD,2,BA,NO,1/7/09 10:35,16141009,1/6/09 11:46,,,00299,Clear calm waters.  Little to no chop and very light winds.  Sample clear with no visable solids.,
FLAB17,FLAB,2/10/09,SAMP,MON,SA,G,,0.5,,8,DISSOLVED OXYGEN,DO,8.23,,,8.23,,1,,,,mg/L,2,N,A,P42977-6,,1,1,,,1.3,,,25.042469,80.914819,FWEC,E46077,WMD,WMD,WMD,2,BA,NO,2/11/09 10:38,16156006,2/10/09 11:35,,,00299,Calming windsc and light chop.  Sample clear.,
FLAB17,FLAB,3/10/09,SAMP,MON,SA,G,,0.5,,8,DISSOLVED OXYGEN,DO,6.78,,,6.78,,1,,,,mg/L,2,N,A,P43360-6,,1,2,,,1.4,,,25.042469,80.914819,FWEC,E46077,WMD,WMD,WMD,2,BA,NO,3/11/09 11:10,16637006,3/10/09 11:12,,,00299,Calming winds and a light chop.  Sample clear.,
FLAB17,FLAB,4/14/09,SAMP,MON,SA,G,,0.5,,8,DISSOLVED OXYGEN,DO,5.42,,,5.42,,1,,,,mg/L,2,N,A,P43537-6,,1,3,,,1.7,,,25.042469,80.914819,FWEC,E46077,WMD,WMD,WMD,2,BA,NO,4/15/09 9:58,16858006,4/14/09 10:52,,,00299,calm seas and calm conditions.  Sample clear.,
FLAB17,FLAB,5/12/09,SAMP,MON,SA,G,,0.5,,8,DISSOLVED OXYGEN,DO,5.41,,,5.41,,1,,,,mg/L,2,N,A,P43934-6,,1,3,,,1.9,,,25.042469,80.914819,FWEC,E46077,WMD,WMD,WMD,2,BA,NO,5/13/09 9:57,17325006,5/12/09 11:12,,,00299,Calm and clear.  Extremely salty with salinity near 50 ppt.,
FLAB17,FLAB,6/9/09,SAMP,MON,SA,G,,0.5,,8,DISSOLVED OXYGEN,DO,4.74,,,4.74,,1,,,,mg/L,2,N,A,P43949-6,,1,2,,,1.9,,,25.042469,80.914819,FWEC,E46077,WMD,WMD,WMD,2,BA,NO,6/10/09 9:57,17342006,6/9/09 10:53,,,00299,Clear and very calm.  Sample clear of solids.  Good deal of plant matter (broken seagrass) observed floating on water column.,
FLAB17,FLAB,7/8/09,SAMP,MON,SA,G,,0.5,,8,DISSOLVED OXYGEN,DO,6.63,,,6.63,,1,,,,mg/L,2,N,A,P44581-6,,1,1,,,1.5,,,25.042469,80.914819,FWEC,E46077,WMD,WMD,WMD,2,BA,NO,7/9/09 9:52,18188020,7/8/09 11:56,,,00299,"Sample clear with no visible solids.   SECCHI ON BOTTOM.  Calm conditions, clear skies, sunny.",
FLAB17,FLAB,8/11/09,SAMP,MON,SA,G,,0.5,,8,DISSOLVED OXYGEN,DO,4.94,,,4.94,,1,,,,mg/L,2,N,A,P44608-6,,1,3,,,1.7,,,25.042469,80.914819,FWEC,E46077,WMD,WMD,WMD,2,BA,NO,8/12/09 10:59,18222020,8/11/09 11:26,,,00299,"Samole very light yellow, with low solids.   SECCHI ON BOTTOM.  Water calm, seagrass floating in water. Overcast, temperature high 80's degrees F.",
FLAB17,FLAB,9/9/09,SAMP,MON,SA,G,,0.5,,8,DISSOLVED OXYGEN,DO,5.82,,,5.82,,1,,,,mg/L,2,N,A,P45420-6,,1,1,,,1.7,,,25.042469,80.914819,FWEC,E46077,WMD,WMD,WMD,2,BA,NO,9/10/09 12:15,19265006,9/9/09 12:22,,,00299,"Sample pale yellow with no visible solids. Light outgoing flow. SECCHI ON BOTTOM. Less than 0.5' chop, with winds 5-10 mph. Seagrass observed floating on water's surface.",
FLAB17,FLAB,10/6/09,SAMP,MON,SA,G,,0.5,,8,DISSOLVED OXYGEN,DO,5.78,,,5.78,,1,,,,mg/L,2,N,A,P45904-6,,1,3,,,1.6,,,25.042469,80.914819,FWEC,E46077,WMD,WMD,WMD,2,BA,NO,10/7/09 13:03,19876006,10/6/09 12:20,,,00299,"Sample clear, no visible solids.  Low flow, light chop.   SECCHI ON BOTTOM. Some seagrass floating on water surface.",
FLAB17,FLAB,11/3/09,SAMP,MON,SA,G,,0.5,,8,DISSOLVED OXYGEN,DO,5.86,,,5.86,,1,,,,mg/L,2,N,A,P46182-6,,1,1,,,1.5,,,25.042469,80.914819,FWEC,E46077,WMD,WMD,WMD,2,BA,NO,11/4/09 12:09,20231006,11/3/09 11:46,,,00299,"Sample pale yellow with no visible solids. SECCHI ON BOTTOM. Low flow. Calm conditions, no chop.",
FLAB17,FLAB,12/2/09,SAMP,MON,SA,G,,0.5,m,8,DISSOLVED OXYGEN,DO,7.98,,,7.98,,1,,,,mg/L,2,N,A,P46550-6,,1,3,,,,,,25.042469,80.914819,FWEC,E46077,WMD,WMD,WMD,2,BA,NO,12/3/09 10:22,20734006,12/2/09 11:56,,,00299,Sample pale yellow with no visible solids. Low flow. SECCHI ON BOTTOM. 1' chop with winds approx. 20 mph. FCEB taken at this station.,
FLAB17,FLAB,1/6/10,SAMP,MON,SA,G,,0.5,m,8,DISSOLVED OXYGEN,DO,9.79,,,9.79,,1,,,,mg/L,2,N,A,P46791-7,,1,1,,,,,,25.042469,80.914819,FWEC,E46077,WMD,WMD,WMD,2,BA,NO,1/7/10 10:50,21029007,1/6/10 13:04,,,00299,"Sample clear, no visible solids.  Calm water, minimal chop.  Low flow.  Winds 10-15mph.   SECCHI ON BOTTOM.",
FLAB17,FLAB,2/3/10,SAMP,MON,SA,G,,0.5,m,8,DISSOLVED OXYGEN,DO,7.01,,,7.01,,1,,,,mg/L,2,N,A,P47181-6,,1,1,,,,,,25.042469,80.914819,FWEC,E46077,WMD,WMD,WMD,2,BA,NO,2/4/10 9:49,21663006,2/3/10 12:25,,,00299,"Sample pale yellow, with low solids.  Low flow, light chop.  Winds 5-10mph.   SECCHI ON BOTTOM.",
FLAB17,FLAB,3/2/10,SAMP,MON,SA,G,,0.5,m,8,DISSOLVED OXYGEN,DO,9.78,,,9.78,,1,,,,mg/L,2,N,A,P47470-6,,1,6,,,,,,25.042469,80.914819,FWEC,E46077,WMD,WMD,WMD,2,BA,NO,3/3/10 10:29,22044006,3/2/10 13:00,,,00299,"Sample pale green, with low solids.  Low flow.  2-3 foot seas, choppy.  Winds 20-30mph.  Heavy rain.   SECCHI ON BOTTOM.",
FLAB17,FLAB,4/7/10,SAMP,MON,SA,G,,0.5,m,8,DISSOLVED OXYGEN,DO,7.02,,,7.02,,1,,,,mg/L,2,N,A,P47826-6,,1,1,,,,,,25.042469,80.914819,FWEC,E46077,WMD,WMD,WMD,2,BA,NO,4/8/10 11:08,22508006,4/7/10 12:38,,,00299,Sample pale yellow with low suspended solids. Low flow with slight chop up to 1' and 15 mph winds. SECCHI ON BOTTOM.,
FLAB17,FLAB,5/5/10,SAMP,MON,SA,G,,0.5,m,8,DISSOLVED OXYGEN,DO,5.95,,,5.95,,1,,,,mg/L,2,N,A,P48079-6,,1,2,,,,,,25.042469,80.914819,FWEC,E46077,WMD,WMD,WMD,2,BA,NO,5/6/10 9:54,22815006,5/5/10 12:39,,,00299,Sample if pale yellow with no visible soilds present. Low flow with minimal chop less than 1' and variable winds of 4-7 mph. SECCHI ON BOTTOM.,
FLAB17,FLAB,6/2/10,SAMP,MON,SA,G,,0.5,m,8,DISSOLVED OXYGEN,DO,6.34,,,6.34,,1,,,,mg/L,2,N,A,P48377-8,,1,1,,,,,,25.042469,80.914819,FWEC,E46077,WMD,WMD,WMD,2,BA,NO,6/3/10 10:48,23191008,6/2/10 12:33,,,00299,comments too long see field notes,
FLAB17,FLAB,7/7/10,SAMP,MON,SA,G,,0.5,m,8,DISSOLVED OXYGEN,DO,5.43,,,5.43,,1,,,,mg/L,2,N,A,P48677-8,,1,1,,,,,,25.042469,80.914819,FWEC,E46077,WMD,WMD,WMD,2,BA,NO,7/8/10 12:00,23534008,7/7/10 12:14,,,00299,Sample is light yellow with low suspended solids present. Low flow with light chop up to 6 inches and light variable winds from 3 to 5 mph. SECCHI ON BOTTOM.,
FLAB17,FLAB,8/4/10,SAMP,MON,SA,G,,0.5,m,8,DISSOLVED OXYGEN,DO,4.42,,,4.42,,1,,,,mg/L,2,N,A,P48891-8,,1,3,,,,,,25.042469,80.914819,FWEC,E46077,WMD,WMD,WMD,2,BA,NO,8/5/10 9:58,23828008,8/4/10 12:32,,,00299,Sample is light yellow with low suspended solids present. Low flow with variable 8 to 11 mph winds from the east north east. SECCHI ON BOTTOM.,
FLAB17,FLAB,9/8/10,SAMP,MON,SA,G,,0.5,m,8,DISSOLVED OXYGEN,DO,6.1,,,6.1,,1,,,,mg/L,2,N,A,P49169-8,,1,1,,,,,,25.042469,80.914819,FWEC,E46077,WMD,WMD,WMD,2,BA,NO,9/9/10 11:06,24183008,9/8/10 12:53,,,00299,Sample is pale yellow with low suspended solids present. Low flow with chop and swell up to 2.5 feet with gusty variable winds from the east at 12 to 20 mph with gusts to 25 mph. SECCHI ON BOTTOM.,
FLAB17,FLAB,10/6/10,SAMP,MON,SA,G,,0.5,m,8,DISSOLVED OXYGEN,DO,6.1,,,6.1,,1,,,,mg/L,2,N,A,P49626-8,,1,1,,,,,,25.042469,80.914819,FWEC,E46077,WMD,WMD,WMD,2,BA,NO,10/7/10 10:30,24781008,10/6/10 10:58,,,00299,Sample is pale yellow with low suspended solids present. Low flow with chop up to 2 feet with swells up to 2.5 feet and very strong gusty winds from the north north east at 12 to 25 mph with gusts to 30 mph. SECCHI ON BOTTOM.,
FLAB17,FLAB,11/4/10,SAMP,MON,SA,G,,0.5,m,8,DISSOLVED OXYGEN,DO,5.51,,,5.51,,1,,,,mg/L,2,N,A,P50068-8,,1,2,,,,,,25.042469,80.914819,FWEC,E46077,WMD,WMD,WMD,2,BA,NO,11/5/10 8:08,25356008,11/4/10 13:08,,,00299,Sample is pale yellow with no visible suspended solids present. Low flow with chop up to 6 inches with variable winds from the southwest at 4 to 8 mph. SECCHI ON BOTTOM.,
FLAB17,FLAB,12/8/10,SAMP,MON,SA,G,,0.5,m,8,DISSOLVED OXYGEN,DO,9.06,,,9.06,,1,,,,mg/L,2,N,A,P50472-8,,1,1,,,,,,25.042469,80.914819,FWEC,E46077,WMD,WMD,WMD,2,BA,NO,12/9/10 9:57,25853008,12/8/10 10:57,,,00299,Sample is pale green with low suspended solids present. Low flow with chop and swell up to 1.5 feet with constant winds from the north north west at 7 to 8 mph. Very cold air temp with clear sunny skies. SECCHI ON BOTTOM.,
FLAB17,FLAB,2/16/11,SAMP,MON,SA,G,,0.5,m,8,DISSOLVED OXYGEN,DO,9.52,,,9.52,,1,,,,mg/L,2,N,A,P50935-8,,0,2,,,,,,25.042469,80.914819,WMD,FIELD,FLD,WMD,WMD,2,BA,NO,2/17/11 10:03,26502008,2/16/11 12:18,,,00299,,
FLAB17,FLAB,3/22/11,SAMP,MON,SA,G,,0.5,m,8,DISSOLVED OXYGEN,DO,6.83,,,6.83,,1,,,,mg/L,2,N,A,P51525-8,,1,1,,,,,,25.042469,80.914819,FWEC,FIELD,FLD,WMD,WMD,2,BA,NO,3/23/11 10:39,27308008,3/22/11 13:01,,,00299,Sample is pale green with low suspended solids present. Low flow with chop up to 1.5 feet and variable  east winds at 8 to 13 mph. SECCHI ON BOTTOM,
FLAB17,FLAB,4/12/11,SAMP,MON,SA,G,,0.5,m,8,DISSOLVED OXYGEN,DO,4.99,,,4.99,,1,,,,mg/L,2,N,A,P52303-8,,1,2,,,,,,25.042469,80.914819,FWEC,FIELD,FLD,WMD,WMD,2,BA,NO,4/13/11 11:39,28413008,4/12/11 10:42,,,00299,"Sample light green, low flow, wind 5-10mph SE,  SECCHI ON BOTTOM.",
FLAB17,FLAB,5/10/11,SAMP,MON,SA,G,,0.5,m,8,DISSOLVED OXYGEN,DO,5.71,,,5.71,,1,,,,mg/L,2,N,A,P52304-8,,1,1,,,,,,25.042469,80.914819,FWEC,FIELD,FLD,WMD,WMD,2,BA,NO,5/11/11 10:10,28414008,5/10/11 10:27,,,00299,"Sample pale green.  Low flow.  Calm water, no chop.  Wind 3-5mph.   SECCHI ON BOTTOM.",
FLAB17,FLAB,6/8/11,SAMP,MON,SA,G,,0.5,m,8,DISSOLVED OXYGEN,DO,4.48,,,4.48,,1,,,,mg/L,2,N,A,P52305-8,,1,3,,,,,,25.042469,80.914819,FWEC,FIELD,FLD,WMD,WMD,2,BA,NO,6/9/11 9:58,28415008,6/8/11 10:39,,,00299,WARNING: Time exceeds +/- 1 Hour(s).,
FLAB17,FLAB,7/6/11,SAMP,MON,SA,G,,0.5,m,8,DISSOLVED OXYGEN,DO,5.37,,,5.37,,1,,,,mg/L,2,N,A,P52306-8,,1,6,,,,,,25.042469,80.914819,FWEC,FIELD,FLD,WMD,WMD,2,BA,NO,7/7/11 10:24,28416008,7/6/11 13:02,,,00299,Sample is pale green with low suspended solids. Low flow with light chop up to 12 inches and winds from the north at 8 to 15 mph with rain and very overcast. SECCHI ON BOTTOM.,
FLAB17,FLAB,8/9/11,SAMP,MON,SA,G,,0.5,m,8,DISSOLVED OXYGEN,DO,2.77,,,2.77,,1,,,,mg/L,2,N,A,P53437-7,,1,3,,,,,,25.042469,80.914819,FWEC,FIELD,FLD,WMD,WMD,2,BA,NO,8/10/11 10:17,29868007,,,,00299,Sample is clear with no visible solids present. Low to moderate flow with chop up to 1.5 feet and 5 to 8 mph winds from the southwest. SECCHI ON BOTTOM,
FLAB17,FLAB,9/7/11,SAMP,MON,SA,G,,0.5,m,8,DISSOLVED OXYGEN,DO,4.58,,,4.58,,1,,,,mg/L,2,N,A,P53438-7,,0,1,,,,,,25.042469,80.914819,FWEC,FIELD,FLD,WMD,WMD,2,BA,NO,9/8/11 10:29,29869007,9/7/11 13:20,,,00299,Sample is pale green with no visible suspended solids present. Low current with light chop up to 6 inches and variable winds from the south south east at 6 to 10 mph. SECCHI ON BOTTOM.,
FLAB17,FLAB,10/11/11,SAMP,MON,SA,G,,0.5,m,8,DISSOLVED OXYGEN,DO,4.84,,,4.84,,1,,,,mg/L,2,N,A,P53439-7,,0,2,,,,,,25.042469,80.914819,WMD,FIELD,FLD,WMD,WMD,2,BA,NO,10/12/11 10:23,29870007,10/11/11 10:46,,,00299,"Wind and seas calm, flood tide,  SECCHI ON BOTTOM.",
FLAB17,FLAB,12/13/11,SAMP,MON,SA,G,,0.5,m,8,DISSOLVED OXYGEN,DO,6.37,,,6.37,,1,,,,mg/L,2,N,A,P54066-5,,0,3,,,,,,25.042469,80.914819,WMD,FIELD,FLD,WMD,WMD,2,BA,NO,12/14/11 10:48,30605005,12/13/11 10:29,,,00299,"Wind N 18-20, seas 1 ft,  SECCHI ON BOTTOM, slack tide",
FLAB17,FLAB,2/7/12,SAMP,MON,SA,G,,0.5,m,8,DISSOLVED OXYGEN,DO,6.74,,,6.74,,1,,,,mg/L,2,N,A,P55307-5,,0,3,,,,,,25.042469,80.914819,WMD,FIELD,FLD,WMD,WMD,2,BA,NO,2/8/12 11:46,32255005,2/7/12 10:43,,,00299,"Wind and seas calm, ebb tide,  SECCHI ON BOTTOM.",
FLAB17,FLAB,4/11/12,SAMP,MON,SA,G,,0.5,m,8,DISSOLVED OXYGEN,DO,6.78,,,6.78,,1,,,,mg/L,2,N,A,P55314-5,,0,2,,,,,,25.042469,80.914819,WMD,FIELD,FLD,WMD,WMD,2,BA,NO,4/12/12 10:52,32262005,4/11/12 10:29,,,00299,"Wind and seas calm, ebb tide,  SECCHI ON BOTTOM.",
FLAB17,FLAB,6/6/12,SAMP,MON,SA,G,,0.5,m,8,DISSOLVED OXYGEN,DO,5.63,,,5.63,,1,,,,mg/L,2,N,A,P55930-5,,0,4,,,,,,25.042469,80.914819,WMD,FIELD,FLD,WMD,WMD,2,BA,NO,6/6/12 16:39,33113005,6/6/12 10:57,,,00299,"SECCHI ON BOTTOM. Light winds, less than 5kts out of the S. Light chop on the water.",
FLAB17,FLAB,8/20/12,SAMP,MON,SA,G,,0.5,m,8,DISSOLVED OXYGEN,DO,5.72,,,5.72,,1,,,,mg/L,2,N,A,P56206-5,,0,2,,,,,,25.042469,80.914819,WMD,FIELD,FLD,WMD,WMD,2,PD,NO,8/21/12 9:01,33465005,8/20/12 11:47,,,00299,Calm conditions with almost no breeze.  Slack tide.  Flat calm conditions.   SECCHI ON BOTTOM.  Good amount of dead grass floating on surface.,
FLAB17,FLAB,10/15/12,SAMP,MON,SA,G,,0.5,m,8,DISSOLVED OXYGEN,DO,5.37,,,5.37,,1,,,,mg/L,2,N,A,P56210-5,,0,2,,,,,,25.042469,80.914819,WMD,FIELD,FLD,WMD,WMD,2,BA,NO,10/16/12 7:44,33469005,10/15/12 11:50,,,00299,Calm conditions.  Slight flood tide.   SECCHI ON BOTTOM.,
FLAB17,FLAB,12/13/12,SAMP,MON,SA,G,,0.5,m,8,DISSOLVED OXYGEN,DO,5.06,,,5.06,,1,,,,mg/L,2,N,A,P56855-5,,0,1,,,,,,25.042469,80.914819,WMD,FIELD,FLD,WMD,WMD,2,BA,NO,12/13/12 15:05,34310005,12/13/12 9:32,,,00299,"Calm wind, calm seas, very low current.   SECCHI ON BOTTOM.",
FLAB17,FLAB,2/12/13,SAMP,MON,SA,G,,0.5,m,8,DISSOLVED OXYGEN,DO,6.77,,,6.77,,1,,,,mg/L,2,N,A,P61815-8,,0,1,,,,,,25.042469,80.914819,WMD,FIELD,FLD,WMD,WMD,2,PD,NO,2/12/13 16:39,39394008,2/12/13 10:47,,,00299,SECCHI ON BOTTOM. S wind approx 10 kt. Light chop on surface. Weak current.,
FLAB17,FLAB,4/22/13,SAMP,MON,SA,G,,0.5,m,8,DISSOLVED OXYGEN,DO,4.85,,,4.85,,1,,,,mg/L,2,N,A,P61816-8,,0,4,,,,,,25.042469,80.914819,WMD,FIELD,FLD,WMD,WMD,2,PD,NO,4/23/13 10:11,39395008,4/22/13 11:46,,,00299,"SE winds 10-15 kts, seas less than 1 ft. SECCHI ON BOTTOM",
FLAB17,FLAB,6/11/13,SAMP,MON,SA,G,,0.5,m,8,DISSOLVED OXYGEN,DO,4.73,,,4.73,,1,,,,mg/L,2,N,A,P63878-8,,0,6,,,,,,25.042469,80.914819,WMD,FIELD,FLD,WMD,WMD,2,PD,NO,6/11/13 16:12,40693008,6/11/13 9:46,,,299,"rain, sample processed in protected area, southeast winds 5-10, slight ripple, secchi on bottom",
FLAB17,FLAB,8/6/13,SAMP,MON,SA,G,,0.5,m,8,DISSOLVED OXYGEN,DO,3.86,,,3.86,,1,,,,mg/L,2,N,A,P63879-8,,0,3,,,,,,25.042469,80.914819,WMD,FIELD,FLD,WMD,WMD,2,PD,NO,8/6/13 16:02,40694008,8/6/13 9:18,,,00299,SECCHI ON BOTTOM. Nearly calm wind. Ripples on surface. No current observed. Patches of grass on surface.,
FLAB17,FLAB,11/21/13,SAMP,MON,SA,G,,0.5,m,8,DISSOLVED OXYGEN,DO,5.57,J,yes,5.57,,1,,,,mg/L,2,N,A,P67402-5,,0,2,,,,,,25.042469,80.914819,WMD,FIELD,FLD,WMD,WMD,2,PD,NO,11/21/13 15:12,43581005,11/21/13 9:21,,,00299,"Rippled surface, NE wind 5-10. SECCHI ON BOTTOM",CCV oF D.O. FAILED. Precision or accuracy criteria not met
FLAB17,FLAB,12/16/13,SAMP,MON,SA,G,,0.5,m,8,DISSOLVED OXYGEN,DO,7.84,,,7.84,,1,,,,mg/L,2,N,A,P67403-5,,0,4,,,,,,25.042469,80.914819,WMD,FIELD,FLD,WMD,WMD,2,PD,NO,12/17/13 10:57,43582005,12/16/13 12:32,,,299,"moderate chop on surface, 0.5ft, SAV clippings floating on surface near sampling area, secchi on bottom",
FLAB17,FLAB,2/18/14,SAMP,MON,SA,G,,0.5,m,8,DISSOLVED OXYGEN,DO,7.57,,,7.57,,1,,,,mg/L,2,N,A,P70121-5,,0,2,,,,,,25.042469,80.914819,WMD,FIELD,FLD,WMD,WMD,2,PD,NO,2/18/14 15:33,45275005,2/18/14 9:12,,,00299,,
FLAB17,FLAB,4/15/14,SAMP,MON,SA,G,,0.5,m,8,DISSOLVED OXYGEN,DO,6.17,,,6.17,,1,,,,mg/L,2,N,A,P70122-5,,0,1,,,,,,25.042469,80.914819,WMD,FIELD,FLD,WMD,WMD,2,PD,NO,4/15/14 15:40,45276005,4/15/14 10:15,,,299,Winds out of the SSE 15 kts. Slight chop. SECCHI ON BOTTOM,
FLAB17,FLAB,6/25/14,SAMP,MON,SA,G,,0.5,m,8,DISSOLVED OXYGEN,DO,4.2,,,4.2,,1,,,,mg/L,2,N,A,P71698-5,,0,1,,,,,,25.042469,80.914819,WMD,FIELD,FLD,WMD,WMD,2,PD,NO,6/25/14 15:10,46558005,6/25/14 9:04,,,00299,"Calm, N wind 5-10. SECCHI ON BOTTOM",
FLAB17,FLAB,8/21/14,SAMP,MON,SA,G,,0.5,m,8,DISSOLVED OXYGEN,DO,3.71,,,3.71,,1,,,,mg/L,2,N,A,P72711-5,,0,2,,,,,,25.042469,80.914819,WMD,FIELD,FLD,WMD,WMD,2,PD,NO,8/21/14 16:21,46929005,8/21/14 9:58,,,299,SECCHI ON BOTTOM,
FLAB17,FLAB,10/28/14,SAMP,MON,SA,G,,0.9,m,8,DISSOLVED OXYGEN,DO,6.77,,,6.77,,1,,,,mg/L,2,N,A,P74732-5,,0,1,,,,,,25.042469,80.914819,WMD,FIELD,FLD,WMD,WMD,2,PD,NO,10/28/14 16:11,48704005,10/28/14 9:26,,,00299,Light wave action. Winds out of the ESE 12-17kts. SECCHI ON BOTTOM,
FLAB17,FLAB,12/9/14,SAMP,MON,SA,G,,0.5,m,8,DISSOLVED OXYGEN,DO,7.23,,,7.23,,1,,,,mg/L,2,N,A,P74734-5,,0,4,,,,,,25.042469,80.914819,WMD,FIELD,FLD,WMD,WMD,2,PD,NO,12/9/14 16:50,48706005,12/9/14 10:08,,,00299,"Winds out of the N, 7-10kts. 0.5ft wave action. SECCHI ON BOTTOM",
FLAB17,FLAB,2/4/15,SAMP,MON,SA,G,,0.5,m,8,DISSOLVED OXYGEN,DO,6.33,,,6.33,,1,,,,mg/L,2,N,A,P74733-5,,0,2,,,,,,25.042469,80.914819,WMD,FIELD,FLD,WMD,WMD,2,PD,NO,2/4/15 14:25,48705005,2/4/15 8:43,,,00299,"NE winds 10kts, light chop, scattered sea grass floating on surface,  SECCHI ON BOTTOM.",
FLAB17,FLAB,4/1/15,SAMP,MON,SA,G,,0.5,m,8,DISSOLVED OXYGEN,DO,9.87,,,9.87,,1,,,,mg/L,2,N,A,P74735-5,,0,1,,,,,,25.042469,80.914819,WMD,FIELD,FLD,WMD,WMD,2,PD,NO,4/2/15 9:51,48707005,4/1/15 12:58,SFWMD-FSQM,,299,SOB. Light winds out of the SE 5 kts. Water very clear.,
FLAB17,FLAB,6/2/15,SAMP,MON,SA,G,,0.5,m,8,DISSOLVED OXYGEN,DO,4.4,,,4.4,,1,,,,mg/L,2,N,A,P75564-5,,0,4,,,,,,25.042469,80.914819,WMD,FIELD,FLD,WMD,WMD,2,PD,NO,6/2/15 15:50,49262005,6/2/15 9:11,SFWMD-FSQM,,00299,"Incoming tide, light east winds, very overcast. Small amount of loose seagrass on surface. Secchi on bottom.",
FLAB17,FLAB,8/11/15,SAMP,MON,SA,G,,0.5,m,8,DISSOLVED OXYGEN,DO,4.48,,,4.48,,1,,,,mg/L,2,N,A,P78616-5,,0,2,,,,,,25.042469,80.914819,WMD,FIELD,FLD,WMD,WMD,2,PD,NO,8/12/15 8:03,51802005,8/11/15 11:33,SFWMD-FSQM,,00299,"Light winds from the South, minor surface chop. Moderate amount of floating loose sea grass. Secchi on bottom. Slack tide.",
FLAB17,FLAB,10/12/15,SAMP,MON,SA,G,,0.5,m,8,DISSOLVED OXYGEN,DO,3,,,3,,1,,,,mg/L,2,N,A,P80850-5,,0,2,,,,,,25.042469,80.914819,WMD,FIELD,FLD,WMD,WMD,2,PD,NO,10/13/15 8:50,53673005,10/12/15 10:50,SFWMD-FSQM,,00299,"Slack tide, seas less than 1ft, light west wind, light amount of loose floating vegetation, secchi on bottom.",
FLAB17,FLAB,1/26/16,SAMP,MON,SA,G,,0.5,m,8,DISSOLVED OXYGEN,DO,9.35,,,9.35,,1,,,,mg/L,2,N,A,P82417-5,,0,1,,,,,,25.042469,80.914819,WMD,FIELD,FLD,WMD,WMD,2,PD,NO,1/26/16 18:05,54966005,1/26/16 11:25,SFWMD-FSQM,,299,Slight chop on surface. Winds SE 15-20.,
FLAB17,FLAB,2/23/16,SAMP,MON,SA,G,,0.5,m,8,DISSOLVED OXYGEN,DO,6.81,,,6.81,,1,,,,mg/L,2,N,A,P82933-5,,0,2,,,,,,25.042469,80.914819,WMD,FIELD,FLD,WMD,WMD,2,PD,NO,2/23/16 16:54,55401005,2/23/16 11:23,SFWMD-FSQM,,299,SOB. Winds out of the SSE 7 to 10 kts. Light wave action.,
FLAB17,FLAB,4/6/16,SAMP,MON,SA,G,,0.5,m,8,DISSOLVED OXYGEN,DO,5.24,,,5.24,,1,,,,mg/L,2,N,A,P83566-5,,0,3,,,,,,25.042469,80.914819,WMD,FIELD,FLD,WMD,WMD,2,PD,NO,4/6/16 16:44,55992005,4/6/16 10:25,SFWMD-FSQM,,299,SOB. Winds out of the E 15 to 17 kts. Light wave action.,
FLAB17,FLAB,6/29/16,SAMP,MON,SA,G,,0.5,m,8,DISSOLVED OXYGEN,DO,3.7,,,3.7,,1,,,,mg/L,2,N,A,P84316-8,,0,2,,,,,,25.042469,80.914819,WMD,FIELD,FLD,WMD,WMD,2,PD,NO,6/29/16 15:54,56588008,6/29/16 9:15,SFWMD-FSQM,,00299,"slight ripple, east wind 5-10, some vegetation on surface, secchi on bottom, no flow observed",
FLAB17,FLAB,9/14/16,SAMP,MON,SA,G,,0.5,m,8,DISSOLVED OXYGEN,DO,3.71,,,3.71,,1,,,,mg/L,2,N,A,P84637-5,,0,1,,,,,,25.042469,80.914819,WMD,FIELD,FLD,WMD,WMD,2,PD,NO,9/14/16 16:16,56879005,9/14/16 10:21,SFWMD-FSQM,,299,"calm water surface, some floating vegetation on surface, sample collected in a clear area, calm winds, secchi on bottom",
FLAB17,FLAB,11/15/16,SAMP,MON,SA,G,,0.5,m,8,DISSOLVED OXYGEN,DO,5.4,,,5.4,,1,,,,mg/L,2,N,A,P86135-5,,0,2,,,,,,25.042469,80.914819,WMD,FIELD,FLD,WMD,WMD,2,PD,NO,11/15/16 16:36,58227005,11/15/16 10:41,SFWMD-FSQM,,299,"North winds 10-15kts, moderate chop, light amount of loose sea grass on surface. Secchi on bottom.",
FLAB17,FLAB,12/14/16,SAMP,MON,SA,G,,0.5,m,8,DISSOLVED OXYGEN,DO,5.94,,,5.94,,1,,,,mg/L,2,N,A,P86764-5,,0,1,,,,,,25.042469,80.914819,WMD,FIELD,FLD,WMD,WMD,2,PD,NO,12/14/16 17:13,58612005,12/14/16 11:11,SFWMD-FSQM,,299,"calm wind, calm water, some SAV floating on surface in sampling area, secchi on bottom, no current observed",
FLAB17,FLAB,2/9/17,SAMP,MON,SA,G,,0.5,m,8,DISSOLVED OXYGEN,DO,7.44,,,7.44,,1,,,,mg/L,2,N,A,P87698-5,,0,1,,,,,,25.042469,80.914819,WMD,FIELD,FLD,WMD,WMD,2,PD,NO,2/9/17 18:47,59451005,2/9/17 12:34,SFWMD-FSQM,,00299,Wind 10 - 15 MPH. Moderate amount of sea grass on the surface. Light chop. Secchi on bottom.,
FLAB17,FLAB,4/24/17,SAMP,MON,SA,G,,0.5,m,8,DISSOLVED OXYGEN,DO,5.2,,,5.2,,1,,,,mg/L,2,N,A,P87828-5,,0,1,,,,,,25.042469,80.914819,WMD,FIELD,FLD,WMD,WMD,2,PD,NO,4/24/17 15:27,59589005,4/24/17 9:58,SFWMD-FSQM,,299,"seaweed floating on surface of water, light winds",
FLAB17,FLAB,7/26/17,SAMP,MON,SA,G,,0.5,m,8,DISSOLVED OXYGEN,DO,4.58,,,4.58,,1,,,,mg/L,2,N,A,P88719-5,,0,0,,,,,,25.042469,80.914819,WMD,FIELD,FLD,WMD,WMD,2,PD,NO,7/26/17 16:55,60389005,7/26/17 10:47,SFWMD-FSQM,,00299,"East winds 10kts, seas less than 1ft, moderate amount of loose grass and seaweed floating on surface, secchi on bottom.",
FLAB17,FLAB,8/22/17,SAMP,MON,SA,G,,0.5,m,8,DISSOLVED OXYGEN,DO,5.19,,,5.19,,1,,,,mg/L,2,N,A,P89177-5,,0,0,,,,,,25.042469,80.914819,WMD,FIELD,FLD,WMD,WMD,2,PD,NO,8/22/17 15:45,60817005,8/22/17 10:05,SFWMD-FSQM,,00299,"Light winds, seas less than 1 ft, light amount of loose sea grass and sargassum floating on surface. Secchi on bottom.",
FLAB17,FLAB,10/16/17,SAMP,MON,SA,G,,0.5,m,8,DISSOLVED OXYGEN,DO,4.19,,,4.19,,1,,,,mg/L,2,N,A,P90590-5,,0,0,,,,,,25.042469,80.914819,WMD,FIELD,FLD,WMD,WMD,2,PD,NO,10/16/17 17:31,62122005,10/16/17 10:43,SFWMD-FSQM,,00299,"Sample area clear.  Water was a little cloudy, but bottom still visible.  Secchi on bottom.  Sample collected by NH.",
FLAB17,FLAB,12/19/17,SAMP,MON,SA,G,,0.5,m,8,DISSOLVED OXYGEN,DO,6.65,,,6.65,,1,,,,mg/L,2,N,A,P91157-5,,0,0,,,,,,25.042469,80.914819,WMD,FIELD,FLD,WMD,WMD,2,PD,NO,12/19/17 19:25,62573005,12/19/17 10:45,SFWMD-FSQM,,299,Secchi is VOB,
FLAB17,FLAB,2/15/18,SAMP,MON,SA,G,,0.5,m,8,DISSOLVED OXYGEN,DO,5.06,,,5.06,,1,,,,mg/L,2,N,A,P92110-5,,0,0,,,,,,25.042469,80.914819,WMD,FIELD,FLD,WMD,WMD,2,PD,NO,2/15/18 22:01,63446005,2/15/18 10:30,SFWMD-FSQM,,299,,
FLAB17,FLAB,4/12/18,SAMP,MON,SA,G,,0.5,m,8,DISSOLVED OXYGEN,DO,4.62,,,4.62,,1,,,,mg/L,2,N,A,P92870-5,,0,0,,,,,,25.042469,80.914819,WMD,FIELD,FLD,WMD,WMD,2,PD,NO,4/13/18 7:36,64062005,4/12/18 9:49,SFWMD-FSQM,,00299,Out going tide observed.,
FLAB17,FLAB,6/12/18,SAMP,MON,SA,G,,0.5,m,8,DISSOLVED OXYGEN,DO,4.95,,,4.95,,1,,,,mg/L,2,N,A,P93692-5,,0,0,,,,,,25.042469,80.914819,WMD,FIELD,FLD,WMD,WMD,2,PD,NO,6/12/18 17:52,64893005,6/12/18 11:40,SFWMD-FSQM,,00299,SOB.,
FLAB17,FLAB,8/9/18,SAMP,MON,SA,G,,0.5,m,8,DISSOLVED OXYGEN,DO,4.98,,,4.98,,1,,,,mg/L,2,N,A,P94933-5,,0,0,,,,,,25.042469,80.914819,WMD,FIELD,FLD,WMD,WMD,2,PD,NO,8/10/18 6:52,65965005,8/9/18 11:01,SFWMD-FSQM,,00299,Secchi on bottom. Lots of dead veg floating in water. Avoided during collection.,
FLAB17,FLAB,10/22/18,SAMP,MON,SA,G,,0.5,m,8,DISSOLVED OXYGEN,DO,4.96,,,4.96,,1,,,,mg/L,2,N,A,P95253-5,,0,0,,,,,,25.042469,80.914819,WMD,FIELD,FLD,WMD,WMD,2,PD,NO,10/23/18 8:12,66265005,10/22/18 11:02,SFWMD-FSQM,,299,Sample area clear.  Non-Visible solids.  Sample collected by EW.,
FLAB17,FLAB,12/17/18,SAMP,MON,SA,G,,0.5,m,8,DISSOLVED OXYGEN,DO,6.77,,,6.77,,1,,,,mg/L,2,N,A,P96720-9,,0,0,,,,,,25.042469,80.914819,WMD,FIELD,FLD,WMD,WMD,2,BA,NO,12/18/18 8:19,67436009,12/17/18 11:31,SFWMD-FSQM,,00299,,
FLAB17,FLAB,2/18/19,SAMP,MON,SA,G,,0.5,m,8,DISSOLVED OXYGEN,DO,6.38,,,6.38,,1,,,,mg/L,2,N,A,P103094-6,,0,0,,,,,,25.042469,80.914819,WMD,FIELD,FLD,WMD,WMD,2,BA,NO,2/19/19 9:40,69909006,2/18/19 11:35,SFWMD-FSQM,,299,Sample area clear.  Secchi Depth was 0.5m.  Light solids in sample.  Sample collected by EW.,
FLAB17,FLAB,4/3/19,SAMP,MON,SA,G,,0.5,m,8,DISSOLVED OXYGEN,DO,5.58,,,5.58,,1,,,,mg/L,2,N,A,P103838-6,,0,0,,,,,,25.042469,80.914819,WMD,FIELD,FLD,WMD,WMD,2,BA,NO,4/3/19 15:29,70216006,4/3/19 9:36,SFWMD-FSQM,,299,Secchi on bottom,
FLAB17,FLAB,7/15/19,SAMP,MON,SA,G,,0.5,m,8,DISSOLVED OXYGEN,DO,5.42,,,5.42,,1,,,,mg/L,2,N,A,P106399-6,,0,0,,,,,,25.042469,80.914819,WMD,FIELD,FLD,WMD,WMD,2,BA,NO,7/15/19 16:09,71313006,7/15/19 10:24,SFWMD-FSQM,,00299,,
FLAB17,FLAB,8/12/19,SAMP,MON,SA,G,,0.5,m,8,DISSOLVED OXYGEN,DO,3.69,,,3.69,,1,,,,mg/L,2,N,A,P109218-6,,0,0,,,,,,25.042469,80.914819,WMD,FIELD,FLD,WMD,WMD,2,BA,NO,8/13/19 9:55,72387006,8/12/19 11:50,SFWMD-FSQM,,00299,,
FLAB17,FLAB,10/9/19,SAMP,MON,SA,G,,0.5,m,8,DISSOLVED OXYGEN,DO,5.56,,,5.56,,1,,,,mg/L,2,N,A,P109906-6,,0,0,,,,,,25.042469,80.914819,WMD,FIELD,FLD,WMD,WMD,2,BA,NO,10/10/19 10:16,72728006,10/9/19 11:04,SFWMD-FSQM,,299,,
FLAB17,FLAB,1/28/20,SAMP,MON,SA,G,,0.5,m,8,DISSOLVED OXYGEN,DO,7.93,,,7.93,,1,,,,mg/L,2,N,A,P110695-6,,0,0,,,,,,25.042469,80.914819,WMD,FIELD,FLD,WMD,WMD,2,BA,NO,1/28/20 16:21,73093006,1/28/20 10:57,SFWMD-FSQM,,00299,,
FLAB17,FLAB,2/5/20,SAMP,MON,SA,G,,0.5,m,8,DISSOLVED OXYGEN,DO,8.57,,,8.57,,1,,,,mg/L,2,N,A,P110717-6,,0,0,,,,,,25.042469,80.914819,WMD,FIELD,FLD,WMD,WMD,2,BA,NO,2/6/20 11:55,73112006,2/5/20 11:51,SFWMD-FSQM,,299,Secchi on bottom.,
FLAB17,FLAB,4/7/20,SAMP,MON,SA,G,,0.5,m,8,DISSOLVED OXYGEN,DO,6.14,,,6.14,,1,,,,mg/L,2,N,A,P110711-6,,0,0,,,,,,25.042469,80.914819,WMD,FIELD,FLD,WMD,WMD,2,BA,NO,4/7/20 16:09,73106006,4/7/20 10:51,SFWMD-FSQM,,00299,Sample area clear.  Solids were Non Visible.  Secchi on bottom.  Sample collected by EW.,
FLAB17,FLAB,6/17/20,SAMP,MON,SA,G,,0.5,m,8,DISSOLVED OXYGEN,DO,5.37,,,5.37,,1,,,,mg/L,2,N,A,P110907-6,,0,0,,,,,,25.042469,80.914819,WMD,FIELD,FLD,WMD,WMD,2,BA,NO,6/17/20 15:56,73193006,6/17/20 10:45,SFWMD-FSQM,,00299,Secchi on bottom,
FLAB17,FLAB,8/18/20,SAMP,MON,SA,G,,0.5,m,8,DISSOLVED OXYGEN,DO,5.6,,,5.6,,1,,,,mg/L,2,N,A,P111061-6,,0,0,,,,,,25.042469,80.914819,WMD,FIELD,FLD,WMD,WMD,2,BA,NO,8/18/20 15:40,73276006,8/18/20 10:40,SFWMD-FSQM,,00299,Vegetative debris present on surface of water.,
FLAB17,FLAB,10/13/20,SAMP,MON,SA,G,,0.5,m,8,DISSOLVED OXYGEN,DO,5.21,,,5.21,,1,,,,mg/L,2,N,A,P118764-6,,0,0,,,,,,25.042469,80.914819,WMD,FIELD,FLD,WMD,WMD,2,BA,NO,10/14/20 8:55,76830006,10/13/20 10:49,SFWMD-FSQM,,00299,Filtration difficult at this location. Notable algae bloom with very fine particulates.,
FLAB17,FLAB,2/9/21,SAMP,MON,SA,G,,0.5,m,8,DISSOLVED OXYGEN,DO,6.98,,,6.98,,1,,,,mg/L,2,N,A,P120349-6,,0,0,,,,,,25.042469,80.914819,WMD,FIELD,FLD,WMD,WMD,2,BA,NO,2/10/21 8:11,77554006,2/9/21 11:10,SFWMD-FSQM,,00299,Secchi on bottom.,
FLAB17,FLAB,3/24/21,SAMP,MON,SA,G,,0.5,m,8,DISSOLVED OXYGEN,DO,8.45,,,8.45,,1,,,,mg/L,2,N,A,P122509-6,,0,0,,,,,,25.042469,80.914819,WMD,FIELD,FLD,WMD,WMD,2,BA,NO,3/25/21 6:59,78497006,3/24/21 11:25,SFWMD-FSQM,,00299,secchi on bottom,
FLAB17,FLAB,6/7/21,SAMP,MON,SA,G,,0.5,m,8,DISSOLVED OXYGEN,DO,5.75,,,5.75,,1,,,,mg/L,2,N,A,P121640-6,,0,0,,,,,,25.042469,80.914819,WMD,FIELD,FLD,WMD,WMD,2,BA,NO,6/7/21 16:26,78140006,6/7/21 10:25,SFWMD-FSQM,,00299,Secchi on bottom,
FLAB17,FLAB,8/5/21,SAMP,MON,SA,G,,0.5,m,8,DISSOLVED OXYGEN,DO,3.99,,,3.99,,1,,,,mg/L,2,N,A,P123926-6,,0,0,,,,,,25.042469,80.914819,WMD,FIELD,FLD,WMD,WMD,2,BA,NO,8/5/21 15:12,79169006,8/5/21 9:25,SFWMD-FSQM,,00299,Secchi on bottom,
FLAB17,FLAB,10/20/21,SAMP,MON,SA,G,,0.5,m,8,DISSOLVED OXYGEN,DO,6.39,,,6.39,,1,,,,mg/L,2,N,A,P125707-6,,0,0,,,,,,25.042469,80.914819,WMD,FIELD,FLD,WMD,WMD,2,BA,NO,10/21/21 8:34,79970006,10/20/21 12:04,SFWMD-FSM,,00299,Secchi on bottom.,
FLAB17,FLAB,12/15/21,SAMP,MON,SA,G,,0.5,m,8,DISSOLVED OXYGEN,DO,7.29,,,7.29,,1,,,,mg/L,2,N,A,P129834-6,,0,0,,,,,,25.042469,80.914819,WMD,FIELD,FLD,WMD,WMD,2,BA,NO,12/16/21 8:25,81789006,12/15/21 12:32,SFWMD-FSM,,299,,
FLAB17,FLAB,1/27/22,SAMP,MON,SA,G,,0.5,m,8,DISSOLVED OXYGEN,DO,8.14,,,8.14,,1,,,,mg/L,2,N,A,P129835-6,,0,0,,,,,,25.042469,80.914819,WMD,FIELD,FLD,WMD,WMD,2,BA,NO,1/27/22 15:46,81790006,1/27/22 10:08,SFWMD-FSM,,00299,Secchi on bottom,
FLAB17,FLAB,4/12/22,SAMP,MON,SA,G,,0.5,m,8,DISSOLVED OXYGEN,DO,6.69,,,6.69,,1,,,,mg/L,2,N,A,P132792-6,,0,0,,,,,,25.042469,80.914819,WMD,FIELD,FLD,WMD,WMD,2,BA,NO,4/13/22 8:06,83111006,4/12/22 10:40,SFWMD-FSM,,00299,Secchi on bottom,
FLAB17,FLAB,6/27/22,SAMP,MON,SA,G,,0.5,m,8,DISSOLVED OXYGEN,DO,4.33,,,4.33,,1,,,,mg/L,2,N,A,P134130-6,,0,0,,,,,,25.042469,80.914819,WMD,FIELD,FLD,WMD,WMD,2,BA,NO,6/28/22 8:30,83719006,6/27/22 11:31,SFWMD-FSM,,00299,Secchi on bottom,
FLAB17,FLAB,7/11/22,SAMP,MON,SA,G,,0.5,m,8,DISSOLVED OXYGEN,DO,5.63,,,5.63,,1,,,,mg/L,2,N,A,P135169-6,,0,0,,,,,,25.042469,80.914819,WMD,FIELD,FLD,WMD,WMD,2,BA,NO,7/12/22 8:09,84232006,7/11/22 11:19,SFWMD-FSM,,299,Secchi on bottom.,
FLAB17,FLAB,9/21/22,SAMP,MON,SA,G,,0.5,m,8,DISSOLVED OXYGEN,DO,6.34,,,6.34,,1,,,,mg/L,2,N,A,P136493-6,,0,0,,,,,,25.042469,80.914819,WMD,FIELD,FLD,WMD,WMD,2,BA,NO,9/22/22 8:07,84868006,9/21/22 12:36,SFWMD-FSM,,299,"Secchi on bottom. Vegetative debris present in water column, avoided during sampling.",
FLAB17,FLAB,1/19/23,SAMP,MON,SA,G,,0.5,m,8,DISSOLVED OXYGEN,DO,10.1,,,10.1,,1,,,,mg/L,2,N,A,P139466-6,,0,0,,,,,,25.042469,80.914819,WMD,FIELD,FLD,WMD,WMD,2,BA,NO,1/20/23 8:12,86301006,1/19/23 10:48,SFWMD-FSM,,00299,Secchi on bottom,
FLAB17,FLAB,3/6/23,SAMP,MON,SA,G,,0.5,m,8,DISSOLVED OXYGEN,DO,7.96,,,7.96,,1,,,,mg/L,2,N,A,P141267-6,,0,0,,,,,,25.042469,80.914819,WMD,FIELD,FLD,WMD,WMD,2,BA,NO,3/7/23 8:44,87044006,3/6/23 11:07,SFWMD-FSM,,00299,SOB.,
FLAB17,FLAB,5/16/23,SAMP,MON,SA,G,,0.5,m,8,DISSOLVED OXYGEN,DO,4.93,,,4.93,,1,,,,mg/L,2,N,A,P143738-6,,0,0,,,,,,25.042469,80.914819,WMD,FIELD,FLD,WMD,WMD,2,BA,NO,5/16/23 15:24,87932006,5/16/23 10:26,SFWMD-FSM,,00299,Secchi on bottom,
FLAB17,FLAB,7/17/23,SAMP,MON,SA,G,,0.5,m,8,DISSOLVED OXYGEN,DO,5.49,,,5.49,,1,,,,mg/L,2,N,A,P144701-6,,0,0,,,,,,25.042469,80.914819,WMD,FIELD,FLD,WMD,WMD,2,BA,NO,7/18/23 8:37,88406006,7/17/23 11:38,SFWMD-FSM,,299,secchi on bottom,
FLAB17,FLAB,9/26/23,SAMP,MON,SA,G,,0.5,m,8,DISSOLVED OXYGEN,DO,5.08,,,5.08,,1,,,,mg/L,2,N,A,P146059-6,,0,0,,,,,,25.042469,80.914819,WMD,FIELD,FLD,WMD,WMD,2,BA,NO,9/28/23 7:49,89095006,9/26/23 11:48,SFWMD-FSM,,299,secchi on bottom,
FLAB17,FLAB,11/27/23,SAMP,MON,SA,G,,0.5,m,8,DISSOLVED OXYGEN,DO,7.01,,,7.01,,1,,,,mg/L,2,N,A,P146060-6,,0,0,,,,,,25.042469,80.914819,WMD,FIELD,FLD,WMD,WMD,2,BA,NO,11/28/23 8:48,89096006,11/27/23 11:36,SFWMD-FSM,,00299,Secchi on bottom.,
FLAB17,FLAB,2/21/24,SAMP,MON,SA,G,,0.5,m,8,DISSOLVED OXYGEN,DO,9.71,,,9.71,,1,,,,mg/L,2,N,A,P148340-6,,0,0,,,,,,25.042469,80.914819,WMD,FIELD,FLD,WMD,WMD,2,BA,NO,2/22/24 8:09,90200006,2/21/24 12:14,SFWMD-FSM,,299,Secchi on bottom.,
FLAB17,FLAB,4/18/24,SAMP,MON,SA,G,,0.5,m,8,DISSOLVED OXYGEN,DO,7.16,,,7.16,,1,,,,mg/L,2,N,A,P149303-6,,0,0,,,,,,25.042469,80.914819,WMD,FIELD,FLD,WMD,WMD,2,BA,NO,4/19/24 8:21,90666006,4/18/24 11:33,SFWMD-FSM,,00299,secchi on bottom,
FLAB17,FLAB,7/31/24,SAMP,MON,SA,G,,0.5,m,8,DISSOLVED OXYGEN,DO,2.66,,,2.66,,1,,,,mg/L,2,N,A,P152197-6,,0,0,,,,,,25.042469,80.914819,WMD,FIELD,FLD,WMD,WMD,2,BA,NO,8/1/24 8:01,92110006,7/31/24 10:43,SFWMD-FSM,,00299,SOB.,
FLAB17,FLAB,9/30/24,SAMP,MON,SA,G,,0.5,m,8,DISSOLVED OXYGEN,DO,6.64,,,6.64,,1,,,,mg/L,2,N,A,P153173-6,,0,0,,,,,,25.042469,80.914819,WMD,FIELD,FLD,WMD,WMD,2,BA,NO,10/1/24 8:31,92601006,9/30/24 13:08,SFWMD-FSM,,00299,Secchi on bottom.,
FLAB17,FLAB,11/19/24,SAMP,MON,SA,G,,0.5,m,8,DISSOLVED OXYGEN,DO,7.07,,,7.07,,1,,,,mg/L,2,N,A,P154026-6,,0,0,,,,,,25.042469,80.914819,WMD,FIELD,FLD,WMD,WMD,2,BA,NO,11/20/24 8:23,93034006,11/19/24 12:27,SFWMD-FSM,,00299,,
FLAB17,FLAB,2/13/25,SAMP,MON,SA,G,,0.5,m,8,DISSOLVED OXYGEN,DO,8.02,,,8.02,,1,,,,mg/L,2,N,A,P155967-6,,0,0,,,,,,25.042469,80.914819,WMD,FIELD,FLD,WMD,WMD,2,BA,NO,2/14/25 8:47,93979006,2/13/25 13:10,SFWMD-FSM,,00299,Secchi on bottom.,
FLAB17,FLAB,3/25/25,SAMP,MON,SA,G,,0.5,m,8,DISSOLVED OXYGEN,DO,8.01,,,8.01,,1,,,,mg/L,2,N,A,P157082-6,,0,0,,,,,,25.042469,80.914819,WMD,FIELD,FLD,WMD,WMD,2,BA,NO,3/26/25 8:54,94540006,3/25/25 11:16,SFWMD-FSM,,00299,Secchi on bottom.,
FLAB17,FLAB,5/7/25,SAMP,MON,SA,G,,0.5,m,8,DISSOLVED OXYGEN,DO,6.12,,,6.12,,1,,,,mg/L,2,N,A,P158026-3,,0,0,,,,,,25.042469,80.914819,WMD,FIELD,FLD,WMD,WMD,2,BA,NO,5/8/25 8:31,95009003,5/7/25 11:02,SFWMD-FSM,,00299,Secchi on bottom,
FLAB17,FLAB,7/10/25,SAMP,MON,SA,G,,0.5,m,8,DISSOLVED OXYGEN,DO,5.92,,,5.92,,1,,,,mg/L,2,N,A,P159507-3,,0,0,,,,,,25.042469,80.914819,WMD,FIELD,FLD,WMD,WMD,2,BA,NO,7/11/25 9:57,95742003,7/10/25 11:00,SFWMD-FSM,,00299,Secchi visible on bottom,
FLAB17,FLAB,9/9/25,SAMP,MON,SA,G,,0.5,m,8,DISSOLVED OXYGEN,DO,8.12,,,8.12,,1,,,,mg/L,,N,P,P160871-3,,0,0,,,1.7,,,25.042469,-80.914819,,FIELD,WMD,,,,BA,,9/10/25 8:53,96441003,9/9/25 11:51,SFWMD-FSM,,00299,secchi on bottom. sea grass on water surface avoided during sample collection,
FLAB17,FLAB,6/17/99,SAMP,MON,SA,G,,1.1,,10,"PH, FIELD",PH,8.05,D,,8.05,,,,,,None,2,N,A,FIU15845,,0,0,,,,,,25.042469,80.914819,,,FIU,FIU,,,,,,,,,,,,
FLAB17,FLAB,5/15/02,SAMP,MON,SA,G,,0.1,,10,"PH, FIELD",PH,8.3,D,,8.3,,,,,,None,2,N,A,135017,,0,0,,,,,,25.042469,80.914819,,,FIU,FIU,,,,,,135017,,EPA150.1,,400,,
FLAB17,FLAB,6/4/02,SAMP,MON,SA,G,,0.1,,10,"PH, FIELD",PH,8.5,D,,8.5,,,,,,None,2,N,A,136017,,0,0,,,,,,25.042469,80.914819,,,FIU,FIU,,,,,,136017,,EPA150.1,,400,,
FLAB17,FLAB,7/11/02,SAMP,MON,SA,G,,0.1,,10,"PH, FIELD",PH,8.2,D,,8.2,,,,,,None,2,N,A,137017,,0,0,,,,,,25.042469,80.914819,,,FIU,FIU,,,,,,137017,,EPA150.1,,400,,
FLAB17,FLAB,8/19/02,SAMP,MON,SA,G,,0.1,,10,"PH, FIELD",PH,8.3,D,,8.3,,,,,,None,2,N,A,138017,,0,0,,,,,,25.042469,80.914819,,,FIU,FIU,,,,,,138017,,EPA150.1,,00400,,
FLAB17,FLAB,9/17/02,SAMP,MON,SA,G,,0.1,,10,"PH, FIELD",PH,8.4,D,,8.4,,,,,,None,2,N,A,139017,,0,0,,,,,,25.042469,80.914819,,,FIU,FIU,,,,,,139017,,EPA150.1,,00400,,
FLAB17,FLAB,10/17/02,SAMP,MON,SA,G,,0.1,,10,"PH, FIELD",PH,8.4,D,,8.4,,,,,,None,2,N,A,140017,,0,0,,,,,,25.042469,80.914819,,,FIU,FIU,,,,,,140017,,EPA150.1,,00400,,
FLAB17,FLAB,11/14/02,SAMP,MON,SA,G,,0.1,,10,"PH, FIELD",PH,8.3,D,,8.3,,,,,,None,2,N,A,141017,,0,0,,,,,,25.042469,80.914819,,,FIU,FIU,,,,,,141017,,EPA150.1,,00400,,
FLAB17,FLAB,12/11/02,SAMP,MON,SA,G,,0.1,,10,"PH, FIELD",PH,8.1,D,,8.1,,,,,,None,2,N,A,142017,,0,0,,,,,,25.042469,80.914819,,,FIU,FIU,,,,,,142017,,EPA150.1,,00400,,
FLAB17,FLAB,1/28/03,SAMP,MON,SA,G,,0.1,,10,"PH, FIELD",PH,8.2,D,,8.2,,,,,,None,2,N,A,143017,,0,0,,,,,,25.042469,80.914819,,,FIU,FIU,,,,,,143017,,EPA150.1,,00400,,
FLAB17,FLAB,2/25/03,SAMP,MON,SA,G,,0.1,,10,"PH, FIELD",PH,8.8,D,,8.8,,,,,,None,2,N,A,144017,,0,0,,,,,,25.042469,80.914819,,,FIU,FIU,,,,,,144017,,EPA150.1,,00400,,
FLAB17,FLAB,3/13/03,SAMP,MON,SA,G,,0.1,,10,"PH, FIELD",PH,8.5,D,,8.5,,,,,,None,2,N,A,145017,,0,0,,,,,,25.042469,80.914819,,,FIU,FIU,,,,,,145017,,EPA150.1,,00400,,
FLAB17,FLAB,4/9/03,SAMP,MON,SA,G,,0.1,,10,"PH, FIELD",PH,8.5,D,,8.5,,,,,,None,2,N,A,146017,,0,0,,,,,,25.042469,80.914819,,,FIU,FIU,,,,,,146017,,EPA150.1,,400,,
FLAB17,FLAB,5/8/03,SAMP,MON,SA,G,,0.1,,10,"PH, FIELD",PH,8.4,D,,8.4,,,,,,None,2,N,A,147017,,0,0,,,,,,25.042469,80.914819,,,FIU,FIU,,,,,,147017,,EPA150.1,,400,,
FLAB17,FLAB,6/10/03,SAMP,MON,SA,G,,0.1,,10,"PH, FIELD",PH,8.4,D,,8.4,,,,,,None,2,N,A,148017,,0,0,,,,,,25.042469,80.914819,,,FIU,FIU,,,,,,148017,,EPA150.1,,400,,
FLAB17,FLAB,7/1/03,SAMP,MON,SA,G,,0.1,,10,"PH, FIELD",PH,8.3,D,,8.3,,,,,,None,2,N,A,149017,,0,0,,,,,,25.042469,80.914819,,,FIU,FIU,,,,,,149017,,EPA150.1,,400,,
FLAB17,FLAB,8/25/03,SAMP,MON,SA,G,,0.1,,10,"PH, FIELD",PH,8.5,D,,8.5,,,,,,None,2,N,A,150017,,0,0,,,,,,25.042469,80.914819,,,FIU,FIU,,,,,,150017,,EPA150.1,,400,,
FLAB17,FLAB,9/9/03,SAMP,MON,SA,G,,0.1,,10,"PH, FIELD",PH,8.1,D,,8.1,,,,,,None,2,N,A,151017,,0,0,,,,,,25.042469,80.914819,,,FIU,FIU,,,,,,151017,,EPA150.1,,400,,
FLAB17,FLAB,10/15/03,SAMP,MON,SA,G,,0.1,,10,"PH, FIELD",PH,8.3,D,,8.3,,,,,,None,2,N,A,152017,,0,0,,,,,,25.042469,80.914819,,,FIU,FIU,,,,,,152017,,EPA150.1,,400,,
FLAB17,FLAB,11/7/03,SAMP,MON,SA,G,,0.1,,10,"PH, FIELD",PH,8.4,D,,8.4,,,,,,None,2,N,A,153017,,0,0,,,,,,25.042469,80.914819,,,FIU,FIU,,,,,,153017,,EPA150.1,,400,,
FLAB17,FLAB,12/3/03,SAMP,MON,SA,G,,0.1,,10,"PH, FIELD",PH,8.5,D,,8.5,,,,,,None,2,N,A,154017,,0,0,,,,,,25.042469,80.914819,,,FIU,FIU,,,,,,154017,,EPA150.1,,400,,
FLAB17,FLAB,1/21/04,SAMP,MON,SA,G,,0.1,,10,"PH, FIELD",PH,8.2,D,,8.2,,,,,,None,2,N,A,155017,,0,0,,,,,,25.042469,80.914819,,,FIU,FIU,,,,,,155017,,EPA150.1,,400,,
FLAB17,FLAB,2/24/04,SAMP,MON,SA,G,,0.1,,10,"PH, FIELD",PH,8.4,D,,8.4,,,,,,None,2,N,A,156017,,0,0,,,,,,25.042469,80.914819,,,FIU,FIU,,,,,,156017,,EPA150.1,,400,,
FLAB17,FLAB,3/23/04,SAMP,MON,SA,G,,0.1,,10,"PH, FIELD",PH,8.4,D,,8.4,,,,,,None,2,N,A,157017,,0,0,,,,,,25.042469,80.914819,,,FIU,FIU,,,,,,157017,,EPA150.1,,400,,
FLAB17,FLAB,10/9/06,SAMP,MON,SA,G,,0,,10,"PH, FIELD",PH,8.22,,,8.22,,1,,,,None,2,N,A,FB188FB017UA,,0,0,,,,,,25.042469,80.914819,FIU,E76930,FIU,WMD,WMD,2,BA,CA,,AB64795,10/9/06 13:28,EPA 150.1,,406,,
FLAB17,FLAB,10/9/06,SAMP,MON,SA,G,,0,,10,"PH, FIELD",PH,8.22,,,8.22,,1,,,,None,2,N,A,FB188FB017UAB,,0,0,,,,,,25.042469,80.914819,FIU,E76930,FIU,WMD,WMD,2,BA,CA,,AB64795_B,,EPA 150.1,,406,Measurements done close to the bottom.,
FLAB17,FLAB,11/7/06,SAMP,MON,SA,G,,0,,10,"PH, FIELD",PH,8.27,,,8.27,,1,,,,None,2,N,A,FB189FB017UA,,0,0,,,,,,25.042469,80.914819,FIU,E76930,FIU,WMD,WMD,2,BA,CA,,AB70876,11/7/06 11:45,EPA 150.1,,406,,
FLAB17,FLAB,11/7/06,SAMP,MON,SA,G,,0,,10,"PH, FIELD",PH,8.3,,,8.3,,1,,,,None,2,N,A,FB189FB017UAB,,0,0,,,,,,25.042469,80.914819,FIU,E76930,FIU,WMD,WMD,2,BA,CA,,AB70876_B,,EPA 150.1,,406,Measurements done close to the bottom.,
FLAB17,FLAB,12/3/06,SAMP,MON,SA,G,,0,,10,"PH, FIELD",PH,8.26,,,8.26,,1,,,,None,2,N,A,FB190FB017UA,,0,0,,,,,,25.042469,80.914819,FIU,E76930,FIU,WMD,WMD,2,BA,CA,,AB72196,12/3/06 11:13,EPA 150.1,,406,,
FLAB17,FLAB,12/3/06,SAMP,MON,SA,G,,0,,10,"PH, FIELD",PH,8.27,,,8.27,,1,,,,None,2,N,A,FB190FB017UAB,,0,0,,,,,,25.042469,80.914819,FIU,E76930,FIU,WMD,WMD,2,BA,CA,,AB72196_B,,EPA 150.1,,406,Measurements done close to the bottom.,
FLAB17,FLAB,1/11/07,SAMP,MON,SA,G,,0,,10,"PH, FIELD",PH,8.31,,,8.31,,1,,,,None,2,N,A,FB191FB017UA,,0,0,,,,,,25.042469,80.914819,FIU,E76930,FIU,WMD,WMD,2,BA,CA,,AB74852,1/11/07 8:34,EPA 150.1,,406,,
FLAB17,FLAB,1/11/07,SAMP,MON,SA,G,,0,,10,"PH, FIELD",PH,8.33,,,8.33,,1,,,,None,2,N,A,FB191FB017UAB,,0,0,,,,,,25.042469,80.914819,FIU,E76930,FIU,WMD,WMD,2,BA,CA,,AB74852_B,,EPA 150.1,,406,Measurements done close to the bottom.,
FLAB17,FLAB,2/7/07,SAMP,MON,SA,G,,0,,10,"PH, FIELD",PH,8.26,,,8.26,,1,,,,None,2,N,A,FB192FB017UA,,0,0,,,,,,25.042469,80.914819,FIU,E76930,FIU,WMD,WMD,2,BA,CA,,AB76750,2/7/07 11:44,EPA 150.1,,406,,
FLAB17,FLAB,2/7/07,SAMP,MON,SA,G,,0,,10,"PH, FIELD",PH,8.25,,,8.25,,1,,,,None,2,N,A,FB192FB017UAB,,0,0,,,,,,25.042469,80.914819,FIU,E76930,FIU,WMD,WMD,2,BA,CA,,AB76750_B,,EPA 150.1,,406,Measurements done close to the bottom.,
FLAB17,FLAB,3/12/07,SAMP,MON,SA,G,,0,,10,"PH, FIELD",PH,8.84,,,8.84,,1,,,,None,2,N,A,FB193FB017UA,,0,0,,,,,,25.042469,80.914819,FIU,E76930,FIU,WMD,WMD,2,BA,CA,,AB78000,3/12/07 12:50,EPA 150.1,,406,,
FLAB17,FLAB,3/12/07,SAMP,MON,SA,G,,0,,10,"PH, FIELD",PH,8.84,,,8.84,,1,,,,None,2,N,A,FB193FB017UAB,,0,0,,,,,,25.042469,80.914819,FIU,E76930,FIU,WMD,WMD,2,BA,CA,,AB78000_B,,EPA 150.1,,406,Measurements done close to the bottom.,
FLAB17,FLAB,4/3/07,SAMP,MON,SA,G,,0,,10,"PH, FIELD",PH,8.76,,,8.76,,1,,,,None,2,N,A,FB194FB017UA,,0,0,,,,,,25.042469,80.914819,FIU,E76930,FIU,WMD,WMD,2,BA,CA,,AB79025,4/3/07 10:44,EPA 150.1,,406,,
FLAB17,FLAB,4/3/07,SAMP,MON,SA,G,,0,,10,"PH, FIELD",PH,8.77,,,8.77,,1,,,,None,2,N,A,FB194FB017UAB,,0,0,,,,,,25.042469,80.914819,FIU,E76930,FIU,WMD,WMD,2,BA,CA,,AB79025_B,,EPA 150.1,,406,Measurements done close to the bottom.,
FLAB17,FLAB,5/1/07,SAMP,MON,SA,G,,0,,10,"PH, FIELD",PH,8.53,,,8.53,,1,,,,None,2,N,A,FB195FB017UA,,0,0,,,,,,25.042469,80.914819,FIU,E76930,FIU,WMD,WMD,2,BA,CA,,AB82086,5/1/07 13:07,EPA 150.1,,406,,
FLAB17,FLAB,5/1/07,SAMP,MON,SA,G,,0,,10,"PH, FIELD",PH,8.58,,,8.58,,1,,,,None,2,N,A,FB195FB017UAB,,0,0,,,,,,25.042469,80.914819,FIU,E76930,FIU,WMD,WMD,2,BA,CA,,AB82086_B,,EPA 150.1,,406,Measurements done close to the bottom.,
FLAB17,FLAB,6/6/07,SAMP,MON,SA,G,,0,,10,"PH, FIELD",PH,8.37,,,8.37,,1,,,,None,2,N,A,FB196FB017UA,,0,0,,,,,,25.042469,80.914819,FIU,E76930,FIU,WMD,WMD,2,BA,CA,,AB83985,6/6/07 13:32,EPA 150.1,,406,,
FLAB17,FLAB,6/6/07,SAMP,MON,SA,G,,0,,10,"PH, FIELD",PH,8.37,,,8.37,,1,,,,None,2,N,A,FB196FB017UAB,,0,0,,,,,,25.042469,80.914819,FIU,E76930,FIU,WMD,WMD,2,BA,CA,,AB83985_B,,EPA 150.1,,406,Measurements done close to the bottom.,
FLAB17,FLAB,7/3/07,SAMP,MON,SA,G,,0,,10,"PH, FIELD",PH,8.58,A,,8.58,,1,,,,None,2,N,A,FB197FB017UA,,0,0,,,,,,25.042469,80.914819,FIU,E76930,FIU,WMD,WMD,2,BA,CA,,AB85564,7/3/07 11:17,EPA 150.1,,406,,
FLAB17,FLAB,7/3/07,SAMP,MON,SA,G,,0,,10,"PH, FIELD",PH,8.69,A,,8.69,,1,,,,None,2,N,A,FB197FB017UAB,,0,0,,,,,,25.042469,80.914819,FIU,E76930,FIU,WMD,WMD,2,BA,CA,,AB85564_B,,EPA 150.1,,406,Measurements done close to the bottom.,
FLAB17,FLAB,8/7/07,SAMP,MON,SA,G,,0,,10,"PH, FIELD",PH,8.29,A,,8.29,,1,,,,None,2,N,A,FB198FB017UA,,0,0,,,,,,25.042469,80.914819,FIU,E76930,FIU,WMD,WMD,2,BA,CA,,AB89021,8/7/07 12:09,EPA 150.1,,406,,
FLAB17,FLAB,8/7/07,SAMP,MON,SA,G,,0,,10,"PH, FIELD",PH,8.3,A,,8.3,,1,,,,None,2,N,A,FB198FB017UAB,,0,0,,,,,,25.042469,80.914819,FIU,E76930,FIU,WMD,WMD,2,BA,CA,,AB89021_B,,EPA 150.1,,406,Measurements done close to the bottom.,
FLAB17,FLAB,9/5/07,SAMP,MON,SA,G,,0,,10,"PH, FIELD",PH,8.27,A,,8.27,,1,,,,None,2,N,A,FB199FB017UA,,0,0,,,,,,25.042469,80.914819,FIU,E76930,FIU,WMD,WMD,2,BA,CA,,AB90692,9/5/07 12:27,EPA 150.1,,406,,
FLAB17,FLAB,9/5/07,SAMP,MON,SA,G,,0,,10,"PH, FIELD",PH,8.27,A,,8.27,,1,,,,None,2,N,A,FB199FB017UAB,,0,0,,,,,,25.042469,80.914819,FIU,E76930,FIU,WMD,WMD,2,BA,CA,,AB90692_B,,EPA 150.1,,406,Measurements done close to the bottom.,
FLAB17,FLAB,10/4/07,SAMP,MON,SA,G,,0,,10,"PH, FIELD",PH,8.21,,,8.21,,1,,,,None,2,N,A,FB200FB017,,0,0,,,,,,25.042469,80.914819,FIU,E76930,FIU,WMD,WMD,2,BA,CA,,AB92293,10/4/07 13:42,EPA 150.1,,406,,
FLAB17,FLAB,11/6/07,SAMP,MON,SA,G,,0,,10,"PH, FIELD",PH,8.28,,,8.28,,1,,,,None,2,N,A,FB201FB017,,0,0,,,,,,25.042469,80.914819,FIU,E76930,FIU,WMD,WMD,2,BA,CA,,AB93887,11/6/07 10:55,EPA 150.1,,406,,
FLAB17,FLAB,12/7/07,SAMP,MON,SA,G,,0,,10,"PH, FIELD",PH,8.39,,,8.39,,1,,,,None,2,N,A,FB202FB017,,0,0,,,,,,25.042469,80.914819,FIU,E76930,FIU,WMD,WMD,2,BA,CA,,AB94305,12/7/07 9:58,EPA 150.1,,406,,
FLAB17,FLAB,1/9/08,SAMP,MON,SA,G,,0,,10,"PH, FIELD",PH,8.27,,,8.27,,1,,,,None,2,N,A,FB203FB017,,0,0,,,,,,25.042469,80.914819,FIU,E76930,FIU,WMD,WMD,2,BA,CA,,AB95216,1/9/08 9:50,EPA 150.1,,406,,
FLAB17,FLAB,1/9/08,SAMP,MON,SA,G,,0,,10,"PH, FIELD",PH,8.28,,,8.28,,1,,,,None,2,N,A,FB203FB017B,,0,0,,,,,,25.042469,80.914819,FIU,E76930,FIU,WMD,WMD,2,BA,CA,,AB95216_B,,EPA 150.1,,406,Measurements done close to the bottom.,
FLAB17,FLAB,2/8/08,SAMP,MON,SA,G,,0,,10,"PH, FIELD",PH,8.4,,,8.4,,1,,,,None,2,N,A,FB204FB017,,0,0,,,,,,25.042469,80.914819,FIU,E76930,FIU,WMD,WMD,2,BA,CA,,AB95732,2/8/08 11:15,EPA 150.1,,406,,
FLAB17,FLAB,2/8/08,SAMP,MON,SA,G,,0,,10,"PH, FIELD",PH,8.4,,,8.4,,1,,,,None,2,N,A,FB204FB017B,,0,0,,,,,,25.042469,80.914819,FIU,E76930,FIU,WMD,WMD,2,BA,CA,,AB95732_B,,EPA 150.1,,406,Measurements done close to the bottom.,
FLAB17,FLAB,3/5/08,SAMP,MON,SA,G,,0,,10,"PH, FIELD",PH,8.5,,,8.5,,1,,,,None,2,N,A,FB205FB017,,0,0,,,,,,25.042469,80.914819,FIU,E76930,FIU,WMD,WMD,2,BA,CA,,AB95979,3/5/08 10:36,EPA 150.1,,406,,
FLAB17,FLAB,3/5/08,SAMP,MON,SA,G,,0,,10,"PH, FIELD",PH,8.51,,,8.51,,1,,,,None,2,N,A,FB205FB017B,,0,0,,,,,,25.042469,80.914819,FIU,E76930,FIU,WMD,WMD,2,BA,CA,,AB95979_B,,EPA 150.1,,406,Measurements done close to the bottom.,
FLAB17,FLAB,4/2/08,SAMP,MON,SA,G,,0,,10,"PH, FIELD",PH,8.59,,,8.59,,1,,,,None,2,N,A,FB206FB017,,0,0,,,,,,25.042469,80.914819,FIU,E76930,FIU,WMD,WMD,2,BA,CA,4/2/08 11:20,AB96549,4/2/08 11:20,EPA 150.1,,406,,
FLAB17,FLAB,4/2/08,SAMP,MON,SA,G,,0,,10,"PH, FIELD",PH,8.58,,,8.58,,1,,,,None,2,N,A,FB206FB017B,,0,0,,,,,,25.042469,80.914819,FIU,E76930,FIU,WMD,WMD,2,BA,CA,4/2/08 11:22,AB96549_B,4/2/08 11:22,EPA 150.1,,406,Measurements done close to the bottom.,
FLAB17,FLAB,5/7/08,SAMP,MON,SA,G,,0,,10,"PH, FIELD",PH,8.43,,,8.43,,1,,,,None,2,N,A,FB207FB017,,0,0,,,,,,25.042469,80.914819,FIU,E76930,FIU,WMD,WMD,2,BA,CA,5/7/08 11:43,AB97312,5/7/08 11:43,EPA 150.1,,406,,
FLAB17,FLAB,5/7/08,SAMP,MON,SA,G,,0,,10,"PH, FIELD",PH,8.44,,,8.44,,1,,,,None,2,N,A,FB207FB017B,,0,0,,,,,,25.042469,80.914819,FIU,E76930,FIU,WMD,WMD,2,BA,CA,5/7/08 11:45,AB97312_B,5/7/08 11:45,EPA 150.1,,406,Measurements done close to the bottom.,
FLAB17,FLAB,6/4/08,SAMP,MON,SA,G,,0,,10,"PH, FIELD",PH,8.48,,,8.48,,1,,,,None,2,N,A,FB208FB017,,0,0,,,,,,25.042469,80.914819,FIU,E76930,FIU,WMD,WMD,2,BA,CA,6/4/08 13:21,AB97876,6/4/08 13:21,EPA 150.1,,406,,
FLAB17,FLAB,6/4/08,SAMP,MON,SA,G,,0,,10,"PH, FIELD",PH,8.5,,,8.5,,1,,,,None,2,N,A,FB208FB017B,,0,0,,,,,,25.042469,80.914819,FIU,E76930,FIU,WMD,WMD,2,BA,CA,6/4/08 13:23,AB97876_B,6/4/08 13:23,EPA 150.1,,406,Measurements done close to the bottom.,
FLAB17,FLAB,1/6/09,SAMP,MON,SA,G,,0.5,,10,"PH, FIELD",PH,8.3,,,8.3,,1,,,,None,2,N,A,P42962-9,,1,2,,,1.6,,,25.042469,80.914819,FWEC,E46077,WMD,WMD,WMD,2,BA,NO,1/7/09 10:35,16141009,1/6/09 11:46,,,00400,Clear calm waters.  Little to no chop and very light winds.  Sample clear with no visable solids.,
FLAB17,FLAB,2/10/09,SAMP,MON,SA,G,,0.5,,10,"PH, FIELD",PH,8.3,,,8.3,,1,,,,None,2,N,A,P42977-6,,1,1,,,1.3,,,25.042469,80.914819,FWEC,E46077,WMD,WMD,WMD,2,BA,NO,2/11/09 10:38,16156006,2/10/09 11:35,,,00400,Calming windsc and light chop.  Sample clear.,
FLAB17,FLAB,3/10/09,SAMP,MON,SA,G,,0.5,,10,"PH, FIELD",PH,8.5,,,8.5,,1,,,,None,2,N,A,P43360-6,,1,2,,,1.4,,,25.042469,80.914819,FWEC,E46077,WMD,WMD,WMD,2,BA,NO,3/11/09 11:10,16637006,3/10/09 11:12,,,00400,Calming winds and a light chop.  Sample clear.,
FLAB17,FLAB,4/14/09,SAMP,MON,SA,G,,0.5,,10,"PH, FIELD",PH,8.4,,,8.4,,1,,,,None,2,N,A,P43537-6,,1,3,,,1.7,,,25.042469,80.914819,FWEC,E46077,WMD,WMD,WMD,2,BA,NO,4/15/09 9:58,16858006,4/14/09 10:52,,,00400,calm seas and calm conditions.  Sample clear.,
FLAB17,FLAB,5/12/09,SAMP,MON,SA,G,,0.5,,10,"PH, FIELD",PH,8.5,,,8.5,,1,,,,None,2,N,A,P43934-6,,1,3,,,1.9,,,25.042469,80.914819,FWEC,E46077,WMD,WMD,WMD,2,BA,NO,5/13/09 9:57,17325006,5/12/09 11:12,,,00400,Calm and clear.  Extremely salty with salinity near 50 ppt.,
FLAB17,FLAB,6/9/09,SAMP,MON,SA,G,,0.5,,10,"PH, FIELD",PH,8.3,,,8.3,,1,,,,None,2,N,A,P43949-6,,1,2,,,1.9,,,25.042469,80.914819,FWEC,E46077,WMD,WMD,WMD,2,BA,NO,6/10/09 9:57,17342006,6/9/09 10:53,,,00400,Clear and very calm.  Sample clear of solids.  Good deal of plant matter (broken seagrass) observed floating on water column.,
FLAB17,FLAB,7/8/09,SAMP,MON,SA,G,,0.5,,10,"PH, FIELD",PH,8.6,,,8.6,,1,,,,None,2,N,A,P44581-6,,1,1,,,1.5,,,25.042469,80.914819,FWEC,E46077,WMD,WMD,WMD,2,BA,NO,7/9/09 9:52,18188020,7/8/09 11:56,,,00400,"Sample clear with no visible solids.   SECCHI ON BOTTOM.  Calm conditions, clear skies, sunny.",
FLAB17,FLAB,8/11/09,SAMP,MON,SA,G,,0.5,,10,"PH, FIELD",PH,8.6,,,8.6,,1,,,,None,2,N,A,P44608-6,,1,3,,,1.7,,,25.042469,80.914819,FWEC,E46077,WMD,WMD,WMD,2,BA,NO,8/12/09 10:59,18222020,8/11/09 11:26,,,00400,"Samole very light yellow, with low solids.   SECCHI ON BOTTOM.  Water calm, seagrass floating in water. Overcast, temperature high 80's degrees F.",
FLAB17,FLAB,9/9/09,SAMP,MON,SA,G,,0.5,,10,"PH, FIELD",PH,8.4,,,8.4,,1,,,,None,2,N,A,P45420-6,,1,1,,,1.7,,,25.042469,80.914819,FWEC,E46077,WMD,WMD,WMD,2,BA,NO,9/10/09 12:15,19265006,9/9/09 12:22,,,00400,"Sample pale yellow with no visible solids. Light outgoing flow. SECCHI ON BOTTOM. Less than 0.5' chop, with winds 5-10 mph. Seagrass observed floating on water's surface.",
FLAB17,FLAB,10/6/09,SAMP,MON,SA,G,,0.5,,10,"PH, FIELD",PH,8.3,,,8.3,,1,,,,None,2,N,A,P45904-6,,1,3,,,1.6,,,25.042469,80.914819,FWEC,E46077,WMD,WMD,WMD,2,BA,NO,10/7/09 13:03,19876006,10/6/09 12:20,,,00400,"Sample clear, no visible solids.  Low flow, light chop.   SECCHI ON BOTTOM. Some seagrass floating on water surface.",
FLAB17,FLAB,11/3/09,SAMP,MON,SA,G,,0.5,,10,"PH, FIELD",PH,8.1,,,8.1,,1,,,,None,2,N,A,P46182-6,,1,1,,,1.5,,,25.042469,80.914819,FWEC,E46077,WMD,WMD,WMD,2,BA,NO,11/4/09 12:09,20231006,11/3/09 11:46,,,00400,"Sample pale yellow with no visible solids. SECCHI ON BOTTOM. Low flow. Calm conditions, no chop.",
FLAB17,FLAB,12/2/09,SAMP,MON,SA,G,,0.5,m,10,"PH, FIELD",PH,8.3,,,8.3,,1,,,,None,2,N,A,P46550-6,,1,3,,,,,,25.042469,80.914819,FWEC,E46077,WMD,WMD,WMD,2,BA,NO,12/3/09 10:22,20734006,12/2/09 11:56,,,00400,Sample pale yellow with no visible solids. Low flow. SECCHI ON BOTTOM. 1' chop with winds approx. 20 mph. FCEB taken at this station.,
FLAB17,FLAB,1/6/10,SAMP,MON,SA,G,,0.5,m,10,"PH, FIELD",PH,8.4,,,8.4,,1,,,,None,2,N,A,P46791-7,,1,1,,,,,,25.042469,80.914819,FWEC,E46077,WMD,WMD,WMD,2,BA,NO,1/7/10 10:50,21029007,1/6/10 13:04,,,00400,"Sample clear, no visible solids.  Calm water, minimal chop.  Low flow.  Winds 10-15mph.   SECCHI ON BOTTOM.",
FLAB17,FLAB,2/3/10,SAMP,MON,SA,G,,0.5,m,10,"PH, FIELD",PH,8,,,8,,1,,,,None,2,N,A,P47181-6,,1,1,,,,,,25.042469,80.914819,FWEC,E46077,WMD,WMD,WMD,2,BA,NO,2/4/10 9:49,21663006,2/3/10 12:25,,,00400,"Sample pale yellow, with low solids.  Low flow, light chop.  Winds 5-10mph.   SECCHI ON BOTTOM.",
FLAB17,FLAB,3/2/10,SAMP,MON,SA,G,,0.5,m,10,"PH, FIELD",PH,8.3,,,8.3,,1,,,,None,2,N,A,P47470-6,,1,6,,,,,,25.042469,80.914819,FWEC,E46077,WMD,WMD,WMD,2,BA,NO,3/3/10 10:29,22044006,3/2/10 13:00,,,00400,"Sample pale green, with low solids.  Low flow.  2-3 foot seas, choppy.  Winds 20-30mph.  Heavy rain.   SECCHI ON BOTTOM.",
FLAB17,FLAB,4/7/10,SAMP,MON,SA,G,,0.5,m,10,"PH, FIELD",PH,8.4,,,8.4,,1,,,,None,2,N,A,P47826-6,,1,1,,,,,,25.042469,80.914819,FWEC,E46077,WMD,WMD,WMD,2,BA,NO,4/8/10 11:08,22508006,4/7/10 12:38,,,00400,Sample pale yellow with low suspended solids. Low flow with slight chop up to 1' and 15 mph winds. SECCHI ON BOTTOM.,
FLAB17,FLAB,5/5/10,SAMP,MON,SA,G,,0.5,m,10,"PH, FIELD",PH,8.6,,,8.6,,1,,,,None,2,N,A,P48079-6,,1,2,,,,,,25.042469,80.914819,FWEC,E46077,WMD,WMD,WMD,2,BA,NO,5/6/10 9:54,22815006,5/5/10 12:39,,,00400,Sample if pale yellow with no visible soilds present. Low flow with minimal chop less than 1' and variable winds of 4-7 mph. SECCHI ON BOTTOM.,
FLAB17,FLAB,6/2/10,SAMP,MON,SA,G,,0.5,m,10,"PH, FIELD",PH,8.6,,,8.6,,1,,,,None,2,N,A,P48377-8,,1,1,,,,,,25.042469,80.914819,FWEC,E46077,WMD,WMD,WMD,2,BA,NO,6/3/10 10:48,23191008,6/2/10 12:33,,,00400,comments too long see field notes,
FLAB17,FLAB,7/7/10,SAMP,MON,SA,G,,0.5,m,10,"PH, FIELD",PH,8.4,,,8.4,,1,,,,None,2,N,A,P48677-8,,1,1,,,,,,25.042469,80.914819,FWEC,E46077,WMD,WMD,WMD,2,BA,NO,7/8/10 12:00,23534008,7/7/10 12:14,,,00400,Sample is light yellow with low suspended solids present. Low flow with light chop up to 6 inches and light variable winds from 3 to 5 mph. SECCHI ON BOTTOM.,
FLAB17,FLAB,8/4/10,SAMP,MON,SA,G,,0.5,m,10,"PH, FIELD",PH,8.3,,,8.3,,1,,,,None,2,N,A,P48891-8,,1,3,,,,,,25.042469,80.914819,FWEC,E46077,WMD,WMD,WMD,2,BA,NO,8/5/10 9:58,23828008,8/4/10 12:32,,,00400,Sample is light yellow with low suspended solids present. Low flow with variable 8 to 11 mph winds from the east north east. SECCHI ON BOTTOM.,
FLAB17,FLAB,9/8/10,SAMP,MON,SA,G,,0.5,m,10,"PH, FIELD",PH,8.5,,,8.5,,1,,,,None,2,N,A,P49169-8,,1,1,,,,,,25.042469,80.914819,FWEC,E46077,WMD,WMD,WMD,2,BA,NO,9/9/10 11:06,24183008,9/8/10 12:53,,,00400,Sample is pale yellow with low suspended solids present. Low flow with chop and swell up to 2.5 feet with gusty variable winds from the east at 12 to 20 mph with gusts to 25 mph. SECCHI ON BOTTOM.,
FLAB17,FLAB,10/6/10,SAMP,MON,SA,G,,0.5,m,10,"PH, FIELD",PH,8.4,,,8.4,,1,,,,None,2,N,A,P49626-8,,1,1,,,,,,25.042469,80.914819,FWEC,E46077,WMD,WMD,WMD,2,BA,NO,10/7/10 10:30,24781008,10/6/10 10:58,,,00400,Sample is pale yellow with low suspended solids present. Low flow with chop up to 2 feet with swells up to 2.5 feet and very strong gusty winds from the north north east at 12 to 25 mph with gusts to 30 mph. SECCHI ON BOTTOM.,
FLAB17,FLAB,11/4/10,SAMP,MON,SA,G,,0.5,m,10,"PH, FIELD",PH,8.3,,,8.3,,1,,,,None,2,N,A,P50068-8,,1,2,,,,,,25.042469,80.914819,FWEC,E46077,WMD,WMD,WMD,2,BA,NO,11/5/10 8:08,25356008,11/4/10 13:08,,,00400,Sample is pale yellow with no visible suspended solids present. Low flow with chop up to 6 inches with variable winds from the southwest at 4 to 8 mph. SECCHI ON BOTTOM.,
FLAB17,FLAB,12/8/10,SAMP,MON,SA,G,,0.5,m,10,"PH, FIELD",PH,8.2,,,8.2,,1,,,,None,2,N,A,P50472-8,,1,1,,,,,,25.042469,80.914819,FWEC,E46077,WMD,WMD,WMD,2,BA,NO,12/9/10 9:57,25853008,12/8/10 10:57,,,00400,Sample is pale green with low suspended solids present. Low flow with chop and swell up to 1.5 feet with constant winds from the north north west at 7 to 8 mph. Very cold air temp with clear sunny skies. SECCHI ON BOTTOM.,
FLAB17,FLAB,2/16/11,SAMP,MON,SA,G,,0.5,m,10,"PH, FIELD",PH,8.2,,,8.2,,1,,,,None,2,N,A,P50935-8,,0,2,,,,,,25.042469,80.914819,WMD,FIELD,FLD,WMD,WMD,2,BA,NO,2/17/11 10:03,26502008,2/16/11 12:18,,,00400,,
FLAB17,FLAB,3/22/11,SAMP,MON,SA,G,,0.5,m,10,"PH, FIELD",PH,8.6,,,8.6,,1,,,,None,2,N,A,P51525-8,,1,1,,,,,,25.042469,80.914819,FWEC,FIELD,FLD,WMD,WMD,2,BA,NO,3/23/11 10:39,27308008,3/22/11 13:01,,,00400,Sample is pale green with low suspended solids present. Low flow with chop up to 1.5 feet and variable  east winds at 8 to 13 mph. SECCHI ON BOTTOM,
FLAB17,FLAB,4/12/11,SAMP,MON,SA,G,,0.5,m,10,"PH, FIELD",PH,8.4,,,8.4,,1,,,,None,2,N,A,P52303-8,,1,2,,,,,,25.042469,80.914819,FWEC,FIELD,FLD,WMD,WMD,2,BA,NO,4/13/11 11:39,28413008,4/12/11 10:42,,,00400,"Sample light green, low flow, wind 5-10mph SE,  SECCHI ON BOTTOM.",
FLAB17,FLAB,5/10/11,SAMP,MON,SA,G,,0.5,m,10,"PH, FIELD",PH,8.2,,,8.2,,1,,,,None,2,N,A,P52304-8,,1,1,,,,,,25.042469,80.914819,FWEC,FIELD,FLD,WMD,WMD,2,BA,NO,5/11/11 10:10,28414008,5/10/11 10:27,,,00400,"Sample pale green.  Low flow.  Calm water, no chop.  Wind 3-5mph.   SECCHI ON BOTTOM.",
FLAB17,FLAB,6/8/11,SAMP,MON,SA,G,,0.5,m,10,"PH, FIELD",PH,8.5,,,8.5,,1,,,,None,2,N,A,P52305-8,,1,3,,,,,,25.042469,80.914819,FWEC,FIELD,FLD,WMD,WMD,2,BA,NO,6/9/11 9:58,28415008,6/8/11 10:39,,,00400,WARNING: Time exceeds +/- 1 Hour(s).,
FLAB17,FLAB,7/6/11,SAMP,MON,SA,G,,0.5,m,10,"PH, FIELD",PH,8.3,,,8.3,,1,,,,None,2,N,A,P52306-8,,1,6,,,,,,25.042469,80.914819,FWEC,FIELD,FLD,WMD,WMD,2,BA,NO,7/7/11 10:24,28416008,7/6/11 13:02,,,00400,Sample is pale green with low suspended solids. Low flow with light chop up to 12 inches and winds from the north at 8 to 15 mph with rain and very overcast. SECCHI ON BOTTOM.,
FLAB17,FLAB,8/9/11,SAMP,MON,SA,G,,0.5,m,10,"PH, FIELD",PH,8,,,8,,1,,,,None,2,N,A,P53437-7,,1,3,,,,,,25.042469,80.914819,FWEC,FIELD,FLD,WMD,WMD,2,BA,NO,8/10/11 10:17,29868007,,,,00400,Sample is clear with no visible solids present. Low to moderate flow with chop up to 1.5 feet and 5 to 8 mph winds from the southwest. SECCHI ON BOTTOM,
FLAB17,FLAB,9/7/11,SAMP,MON,SA,G,,0.5,m,10,"PH, FIELD",PH,8.2,,,8.2,,1,,,,None,2,N,A,P53438-7,,0,1,,,,,,25.042469,80.914819,FWEC,FIELD,FLD,WMD,WMD,2,BA,NO,9/8/11 10:29,29869007,9/7/11 13:20,,,00400,Sample is pale green with no visible suspended solids present. Low current with light chop up to 6 inches and variable winds from the south south east at 6 to 10 mph. SECCHI ON BOTTOM.,
FLAB17,FLAB,10/11/11,SAMP,MON,SA,G,,0.5,m,10,"PH, FIELD",PH,8.1,,,8.1,,1,,,,None,2,N,A,P53439-7,,0,2,,,,,,25.042469,80.914819,WMD,FIELD,FLD,WMD,WMD,2,BA,NO,10/12/11 10:23,29870007,10/11/11 10:46,,,00400,"Wind and seas calm, flood tide,  SECCHI ON BOTTOM.",
FLAB17,FLAB,12/13/11,SAMP,MON,SA,G,,0.5,m,10,"PH, FIELD",PH,8.2,,,8.2,,1,,,,None,2,N,A,P54066-5,,0,3,,,,,,25.042469,80.914819,WMD,FIELD,FLD,WMD,WMD,2,BA,NO,12/14/11 10:48,30605005,12/13/11 10:29,,,00400,"Wind N 18-20, seas 1 ft,  SECCHI ON BOTTOM, slack tide",
FLAB17,FLAB,2/7/12,SAMP,MON,SA,G,,0.5,m,10,"PH, FIELD",PH,8.3,,,8.3,,1,,,,None,2,N,A,P55307-5,,0,3,,,,,,25.042469,80.914819,WMD,FIELD,FLD,WMD,WMD,2,BA,NO,2/8/12 11:46,32255005,2/7/12 10:43,,,00400,"Wind and seas calm, ebb tide,  SECCHI ON BOTTOM.",
FLAB17,FLAB,4/11/12,SAMP,MON,SA,G,,0.5,m,10,"PH, FIELD",PH,8.4,,,8.4,,1,,,,None,2,N,A,P55314-5,,0,2,,,,,,25.042469,80.914819,WMD,FIELD,FLD,WMD,WMD,2,BA,NO,4/12/12 10:52,32262005,4/11/12 10:29,,,00400,"Wind and seas calm, ebb tide,  SECCHI ON BOTTOM.",
FLAB17,FLAB,6/6/12,SAMP,MON,SA,G,,0.5,m,10,"PH, FIELD",PH,8.2,,,8.2,,1,,,,None,2,N,A,P55930-5,,0,4,,,,,,25.042469,80.914819,WMD,FIELD,FLD,WMD,WMD,2,BA,NO,6/6/12 16:39,33113005,6/6/12 10:57,,,00400,"SECCHI ON BOTTOM. Light winds, less than 5kts out of the S. Light chop on the water.",
FLAB17,FLAB,8/20/12,SAMP,MON,SA,G,,0.5,m,10,"PH, FIELD",PH,8.2,,,8.2,,1,,,,None,2,N,A,P56206-5,,0,2,,,,,,25.042469,80.914819,WMD,FIELD,FLD,WMD,WMD,2,PD,NO,8/21/12 9:01,33465005,8/20/12 11:47,,,00400,Calm conditions with almost no breeze.  Slack tide.  Flat calm conditions.   SECCHI ON BOTTOM.  Good amount of dead grass floating on surface.,
FLAB17,FLAB,10/15/12,SAMP,MON,SA,G,,0.5,m,10,"PH, FIELD",PH,8.2,,,8.2,,1,,,,None,2,N,A,P56210-5,,0,2,,,,,,25.042469,80.914819,WMD,FIELD,FLD,WMD,WMD,2,BA,NO,10/16/12 7:44,33469005,10/15/12 11:50,,,00400,Calm conditions.  Slight flood tide.   SECCHI ON BOTTOM.,
FLAB17,FLAB,12/13/12,SAMP,MON,SA,G,,0.5,m,10,"PH, FIELD",PH,7.9,,,7.9,,1,,,,None,2,N,A,P56855-5,,0,1,,,,,,25.042469,80.914819,WMD,FIELD,FLD,WMD,WMD,2,BA,NO,12/13/12 15:05,34310005,12/13/12 9:32,,,00400,"Calm wind, calm seas, very low current.   SECCHI ON BOTTOM.",
FLAB17,FLAB,2/12/13,SAMP,MON,SA,G,,0.5,m,10,"PH, FIELD",PH,8.4,,,8.4,,1,,,,None,2,N,A,P61815-8,,0,1,,,,,,25.042469,80.914819,WMD,FIELD,FLD,WMD,WMD,2,PD,NO,2/12/13 16:39,39394008,2/12/13 10:47,,,00400,SECCHI ON BOTTOM. S wind approx 10 kt. Light chop on surface. Weak current.,
FLAB17,FLAB,4/22/13,SAMP,MON,SA,G,,0.5,m,10,"PH, FIELD",PH,8.3,,,8.3,,1,,,,None,2,N,A,P61816-8,,0,4,,,,,,25.042469,80.914819,WMD,FIELD,FLD,WMD,WMD,2,PD,NO,4/23/13 10:11,39395008,4/22/13 11:46,,,00400,"SE winds 10-15 kts, seas less than 1 ft. SECCHI ON BOTTOM",
FLAB17,FLAB,6/11/13,SAMP,MON,SA,G,,0.5,m,10,"PH, FIELD",PH,8.1,,,8.1,,1,,,,None,2,N,A,P63878-8,,0,6,,,,,,25.042469,80.914819,WMD,FIELD,FLD,WMD,WMD,2,PD,NO,6/11/13 16:12,40693008,6/11/13 9:46,,,400,"rain, sample processed in protected area, southeast winds 5-10, slight ripple, secchi on bottom",
FLAB17,FLAB,8/6/13,SAMP,MON,SA,G,,0.5,m,10,"PH, FIELD",PH,8.1,,,8.1,,1,,,,None,2,N,A,P63879-8,,0,3,,,,,,25.042469,80.914819,WMD,FIELD,FLD,WMD,WMD,2,PD,NO,8/6/13 16:02,40694008,8/6/13 9:18,,,00400,SECCHI ON BOTTOM. Nearly calm wind. Ripples on surface. No current observed. Patches of grass on surface.,
FLAB17,FLAB,11/21/13,SAMP,MON,SA,G,,0.5,m,10,"PH, FIELD",PH,7.8,,,7.8,,1,,,,None,2,N,A,P67402-5,,0,2,,,,,,25.042469,80.914819,WMD,FIELD,FLD,WMD,WMD,2,PD,NO,11/21/13 15:12,43581005,11/21/13 9:21,,,00400,"Rippled surface, NE wind 5-10. SECCHI ON BOTTOM",
FLAB17,FLAB,12/16/13,SAMP,MON,SA,G,,0.5,m,10,"PH, FIELD",PH,8.2,,,8.2,,1,,,,None,2,N,A,P67403-5,,0,4,,,,,,25.042469,80.914819,WMD,FIELD,FLD,WMD,WMD,2,PD,NO,12/17/13 10:57,43582005,12/16/13 12:32,,,400,"moderate chop on surface, 0.5ft, SAV clippings floating on surface near sampling area, secchi on bottom",
FLAB17,FLAB,2/18/14,SAMP,MON,SA,G,,0.5,m,10,"PH, FIELD",PH,8.2,,,8.2,,1,,,,None,2,N,A,P70121-5,,0,2,,,,,,25.042469,80.914819,WMD,FIELD,FLD,WMD,WMD,2,PD,NO,2/18/14 15:33,45275005,2/18/14 9:12,,,00400,,
FLAB17,FLAB,4/15/14,SAMP,MON,SA,G,,0.5,m,10,"PH, FIELD",PH,8.4,,,8.4,,1,,,,None,2,N,A,P70122-5,,0,1,,,,,,25.042469,80.914819,WMD,FIELD,FLD,WMD,WMD,2,PD,NO,4/15/14 15:40,45276005,4/15/14 10:15,,,400,Winds out of the SSE 15 kts. Slight chop. SECCHI ON BOTTOM,
FLAB17,FLAB,6/25/14,SAMP,MON,SA,G,,0.5,m,10,"PH, FIELD",PH,8.3,,,8.3,,1,,,,None,2,N,A,P71698-5,,0,1,,,,,,25.042469,80.914819,WMD,FIELD,FLD,WMD,WMD,2,PD,NO,6/25/14 15:10,46558005,6/25/14 9:04,,,00400,"Calm, N wind 5-10. SECCHI ON BOTTOM",
FLAB17,FLAB,8/21/14,SAMP,MON,SA,G,,0.5,m,10,"PH, FIELD",PH,8.3,,,8.3,,1,,,,None,2,N,A,P72711-5,,0,2,,,,,,25.042469,80.914819,WMD,FIELD,FLD,WMD,WMD,2,PD,NO,8/21/14 16:21,46929005,8/21/14 9:58,,,400,SECCHI ON BOTTOM,
FLAB17,FLAB,10/28/14,SAMP,MON,SA,G,,0.9,m,10,"PH, FIELD",PH,8.2,,,8.2,,1,,,,None,2,N,A,P74732-5,,0,1,,,,,,25.042469,80.914819,WMD,FIELD,FLD,WMD,WMD,2,PD,NO,10/28/14 16:11,48704005,10/28/14 9:26,,,00400,Light wave action. Winds out of the ESE 12-17kts. SECCHI ON BOTTOM,
FLAB17,FLAB,12/9/14,SAMP,MON,SA,G,,0.5,m,10,"PH, FIELD",PH,8.2,,,8.2,,1,,,,None,2,N,A,P74734-5,,0,4,,,,,,25.042469,80.914819,WMD,FIELD,FLD,WMD,WMD,2,PD,NO,12/9/14 16:50,48706005,12/9/14 10:08,,,00400,"Winds out of the N, 7-10kts. 0.5ft wave action. SECCHI ON BOTTOM",
FLAB17,FLAB,2/4/15,SAMP,MON,SA,G,,0.5,m,10,"PH, FIELD",PH,8.2,,,8.2,,1,,,,None,2,N,A,P74733-5,,0,2,,,,,,25.042469,80.914819,WMD,FIELD,FLD,WMD,WMD,2,PD,NO,2/4/15 14:25,48705005,2/4/15 8:43,,,00400,"NE winds 10kts, light chop, scattered sea grass floating on surface,  SECCHI ON BOTTOM.",
FLAB17,FLAB,4/1/15,SAMP,MON,SA,G,,0.5,m,10,"PH, FIELD",PH,8.6,,,8.6,,1,,,,None,2,N,A,P74735-5,,0,1,,,,,,25.042469,80.914819,WMD,FIELD,FLD,WMD,WMD,2,PD,NO,4/2/15 9:51,48707005,4/1/15 12:58,SFWMD-FSQM,,400,SOB. Light winds out of the SE 5 kts. Water very clear.,
FLAB17,FLAB,6/2/15,SAMP,MON,SA,G,,0.5,m,10,"PH, FIELD",PH,8.4,,,8.4,,1,,,,None,2,N,A,P75564-5,,0,4,,,,,,25.042469,80.914819,WMD,FIELD,FLD,WMD,WMD,2,PD,NO,6/2/15 15:50,49262005,6/2/15 9:11,SFWMD-FSQM,,00400,"Incoming tide, light east winds, very overcast. Small amount of loose seagrass on surface. Secchi on bottom.",
FLAB17,FLAB,8/11/15,SAMP,MON,SA,G,,0.5,m,10,"PH, FIELD",PH,8.1,,,8.1,,1,,,,None,2,N,A,P78616-5,,0,2,,,,,,25.042469,80.914819,WMD,FIELD,FLD,WMD,WMD,2,PD,NO,8/12/15 8:03,51802005,8/11/15 11:33,SFWMD-FSQM,,00400,"Light winds from the South, minor surface chop. Moderate amount of floating loose sea grass. Secchi on bottom. Slack tide.",
FLAB17,FLAB,10/12/15,SAMP,MON,SA,G,,0.5,m,10,"PH, FIELD",PH,7.8,,,7.8,,1,,,,None,2,N,A,P80850-5,,0,2,,,,,,25.042469,80.914819,WMD,FIELD,FLD,WMD,WMD,2,PD,NO,10/13/15 8:50,53673005,10/12/15 10:50,SFWMD-FSQM,,00400,"Slack tide, seas less than 1ft, light west wind, light amount of loose floating vegetation, secchi on bottom.",
FLAB17,FLAB,1/26/16,SAMP,MON,SA,G,,0.5,m,10,"PH, FIELD",PH,7.9,,,7.9,,1,,,,None,2,N,A,P82417-5,,0,1,,,,,,25.042469,80.914819,WMD,FIELD,FLD,WMD,WMD,2,PD,NO,1/26/16 18:05,54966005,1/26/16 11:25,SFWMD-FSQM,,400,Slight chop on surface. Winds SE 15-20.,
FLAB17,FLAB,2/23/16,SAMP,MON,SA,G,,0.5,m,10,"PH, FIELD",PH,7.9,,,7.9,,1,,,,None,2,N,A,P82933-5,,0,2,,,,,,25.042469,80.914819,WMD,FIELD,FLD,WMD,WMD,2,PD,NO,2/23/16 16:54,55401005,2/23/16 11:23,SFWMD-FSQM,,400,SOB. Winds out of the SSE 7 to 10 kts. Light wave action.,
FLAB17,FLAB,4/6/16,SAMP,MON,SA,G,,0.5,m,10,"PH, FIELD",PH,8,,,8,,1,,,,None,2,N,A,P83566-5,,0,3,,,,,,25.042469,80.914819,WMD,FIELD,FLD,WMD,WMD,2,PD,NO,4/6/16 16:44,55992005,4/6/16 10:25,SFWMD-FSQM,,400,SOB. Winds out of the E 15 to 17 kts. Light wave action.,
FLAB17,FLAB,6/29/16,SAMP,MON,SA,G,,0.5,m,10,"PH, FIELD",PH,7.9,,,7.9,,1,,,,None,2,N,A,P84316-8,,0,2,,,,,,25.042469,80.914819,WMD,FIELD,FLD,WMD,WMD,2,PD,NO,6/29/16 15:54,56588008,6/29/16 9:15,SFWMD-FSQM,,00400,"slight ripple, east wind 5-10, some vegetation on surface, secchi on bottom, no flow observed",
FLAB17,FLAB,9/14/16,SAMP,MON,SA,G,,0.5,m,10,"PH, FIELD",PH,7.7,,,7.7,,1,,,,None,2,N,A,P84637-5,,0,1,,,,,,25.042469,80.914819,WMD,FIELD,FLD,WMD,WMD,2,PD,NO,9/14/16 16:16,56879005,9/14/16 10:21,SFWMD-FSQM,,400,"calm water surface, some floating vegetation on surface, sample collected in a clear area, calm winds, secchi on bottom",
FLAB17,FLAB,11/15/16,SAMP,MON,SA,G,,0.5,m,10,"PH, FIELD",PH,7.9,,,7.9,,1,,,,None,2,N,A,P86135-5,,0,2,,,,,,25.042469,80.914819,WMD,FIELD,FLD,WMD,WMD,2,PD,NO,11/15/16 16:36,58227005,11/15/16 10:41,SFWMD-FSQM,,400,"North winds 10-15kts, moderate chop, light amount of loose sea grass on surface. Secchi on bottom.",
FLAB17,FLAB,12/14/16,SAMP,MON,SA,G,,0.5,m,10,"PH, FIELD",PH,7.8,,,7.8,,1,,,,None,2,N,A,P86764-5,,0,1,,,,,,25.042469,80.914819,WMD,FIELD,FLD,WMD,WMD,2,PD,NO,12/14/16 17:13,58612005,12/14/16 11:11,SFWMD-FSQM,,400,"calm wind, calm water, some SAV floating on surface in sampling area, secchi on bottom, no current observed",
FLAB17,FLAB,2/9/17,SAMP,MON,SA,G,,0.5,m,10,"PH, FIELD",PH,8,,,8,,1,,,,None,2,N,A,P87698-5,,0,1,,,,,,25.042469,80.914819,WMD,FIELD,FLD,WMD,WMD,2,PD,NO,2/9/17 18:47,59451005,2/9/17 12:34,SFWMD-FSQM,,00400,Wind 10 - 15 MPH. Moderate amount of sea grass on the surface. Light chop. Secchi on bottom.,
FLAB17,FLAB,4/24/17,SAMP,MON,SA,G,,0.5,m,10,"PH, FIELD",PH,8.1,,,8.1,,1,,,,None,2,N,A,P87828-5,,0,1,,,,,,25.042469,80.914819,WMD,FIELD,FLD,WMD,WMD,2,PD,NO,4/24/17 15:27,59589005,4/24/17 9:58,SFWMD-FSQM,,400,"seaweed floating on surface of water, light winds",
FLAB17,FLAB,7/26/17,SAMP,MON,SA,G,,0.5,m,10,"PH, FIELD",PH,8.1,,,8.1,,1,,,,None,2,N,A,P88719-5,,0,0,,,,,,25.042469,80.914819,WMD,FIELD,FLD,WMD,WMD,2,PD,NO,7/26/17 16:55,60389005,7/26/17 10:47,SFWMD-FSQM,,00400,"East winds 10kts, seas less than 1ft, moderate amount of loose grass and seaweed floating on surface, secchi on bottom.",
FLAB17,FLAB,8/22/17,SAMP,MON,SA,G,,0.5,m,10,"PH, FIELD",PH,8.1,,,8.1,,1,,,,None,2,N,A,P89177-5,,0,0,,,,,,25.042469,80.914819,WMD,FIELD,FLD,WMD,WMD,2,PD,NO,8/22/17 15:45,60817005,8/22/17 10:05,SFWMD-FSQM,,00400,"Light winds, seas less than 1 ft, light amount of loose sea grass and sargassum floating on surface. Secchi on bottom.",
FLAB17,FLAB,10/16/17,SAMP,MON,SA,G,,0.5,m,10,"PH, FIELD",PH,8,,,8,,1,,,,None,2,N,A,P90590-5,,0,0,,,,,,25.042469,80.914819,WMD,FIELD,FLD,WMD,WMD,2,PD,NO,10/16/17 17:31,62122005,10/16/17 10:43,SFWMD-FSQM,,00400,"Sample area clear.  Water was a little cloudy, but bottom still visible.  Secchi on bottom.  Sample collected by NH.",
FLAB17,FLAB,12/19/17,SAMP,MON,SA,G,,0.5,m,10,"PH, FIELD",PH,8.1,,,8.1,,1,,,,None,2,N,A,P91157-5,,0,0,,,,,,25.042469,80.914819,WMD,FIELD,FLD,WMD,WMD,2,PD,NO,12/19/17 19:25,62573005,12/19/17 10:45,SFWMD-FSQM,,400,Secchi is VOB,
FLAB17,FLAB,2/15/18,SAMP,MON,SA,G,,0.5,m,10,"PH, FIELD",PH,7.8,,,7.8,,1,,,,None,2,N,A,P92110-5,,0,0,,,,,,25.042469,80.914819,WMD,FIELD,FLD,WMD,WMD,2,PD,NO,2/15/18 22:01,63446005,2/15/18 10:30,SFWMD-FSQM,,400,,
FLAB17,FLAB,4/12/18,SAMP,MON,SA,G,,0.5,m,10,"PH, FIELD",PH,7.9,,,7.9,,1,,,,None,2,N,A,P92870-5,,0,0,,,,,,25.042469,80.914819,WMD,FIELD,FLD,WMD,WMD,2,PD,NO,4/13/18 7:36,64062005,4/12/18 9:49,SFWMD-FSQM,,00400,Out going tide observed.,
FLAB17,FLAB,6/12/18,SAMP,MON,SA,G,,0.5,m,10,"PH, FIELD",PH,8.2,,,8.2,,1,,,,None,2,N,A,P93692-5,,0,0,,,,,,25.042469,80.914819,WMD,FIELD,FLD,WMD,WMD,2,PD,NO,6/12/18 17:52,64893005,6/12/18 11:40,SFWMD-FSQM,,00400,SOB.,
FLAB17,FLAB,8/9/18,SAMP,MON,SA,G,,0.5,m,10,"PH, FIELD",PH,7.9,,,7.9,,1,,,,None,2,N,A,P94933-5,,0,0,,,,,,25.042469,80.914819,WMD,FIELD,FLD,WMD,WMD,2,PD,NO,8/10/18 6:52,65965005,8/9/18 11:01,SFWMD-FSQM,,00400,Secchi on bottom. Lots of dead veg floating in water. Avoided during collection.,
FLAB17,FLAB,10/22/18,SAMP,MON,SA,G,,0.5,m,10,"PH, FIELD",PH,7.9,,,7.9,,1,,,,None,2,N,A,P95253-5,,0,0,,,,,,25.042469,80.914819,WMD,FIELD,FLD,WMD,WMD,2,PD,NO,10/23/18 8:12,66265005,10/22/18 11:02,SFWMD-FSQM,,400,Sample area clear.  Non-Visible solids.  Sample collected by EW.,
FLAB17,FLAB,12/17/18,SAMP,MON,SA,G,,0.5,m,10,"PH, FIELD",PH,8,,,8,,1,,,,None,2,N,A,P96720-9,,0,0,,,,,,25.042469,80.914819,WMD,FIELD,FLD,WMD,WMD,2,BA,NO,12/18/18 8:19,67436009,12/17/18 11:31,SFWMD-FSQM,,00400,,
FLAB17,FLAB,2/18/19,SAMP,MON,SA,G,,0.5,m,10,"PH, FIELD",PH,7.9,,,7.9,,1,,,,None,2,N,A,P103094-6,,0,0,,,,,,25.042469,80.914819,WMD,FIELD,FLD,WMD,WMD,2,BA,NO,2/19/19 9:40,69909006,2/18/19 11:35,SFWMD-FSQM,,400,Sample area clear.  Secchi Depth was 0.5m.  Light solids in sample.  Sample collected by EW.,
FLAB17,FLAB,4/3/19,SAMP,MON,SA,G,,0.5,m,10,"PH, FIELD",PH,7.6,,,7.6,,1,,,,None,2,N,A,P103838-6,,0,0,,,,,,25.042469,80.914819,WMD,FIELD,FLD,WMD,WMD,2,BA,NO,4/3/19 15:29,70216006,4/3/19 9:36,SFWMD-FSQM,,400,Secchi on bottom,
FLAB17,FLAB,7/15/19,SAMP,MON,SA,G,,0.5,m,10,"PH, FIELD",PH,7.6,,,7.6,,1,,,,None,2,N,A,P106399-6,,0,0,,,,,,25.042469,80.914819,WMD,FIELD,FLD,WMD,WMD,2,BA,NO,7/15/19 16:09,71313006,7/15/19 10:24,SFWMD-FSQM,,00400,,
FLAB17,FLAB,8/12/19,SAMP,MON,SA,G,,0.5,m,10,"PH, FIELD",PH,7.8,,,7.8,,1,,,,None,2,N,A,P109218-6,,0,0,,,,,,25.042469,80.914819,WMD,FIELD,FLD,WMD,WMD,2,BA,NO,8/13/19 9:55,72387006,8/12/19 11:50,SFWMD-FSQM,,00400,,
FLAB17,FLAB,10/9/19,SAMP,MON,SA,G,,0.5,m,10,"PH, FIELD",PH,7.9,,,7.9,,1,,,,None,2,N,A,P109906-6,,0,0,,,,,,25.042469,80.914819,WMD,FIELD,FLD,WMD,WMD,2,BA,NO,10/10/19 10:16,72728006,10/9/19 11:04,SFWMD-FSQM,,400,,
FLAB17,FLAB,1/28/20,SAMP,MON,SA,G,,0.5,m,10,"PH, FIELD",PH,7.5,,,7.5,,1,,,,None,2,N,A,P110695-6,,0,0,,,,,,25.042469,80.914819,WMD,FIELD,FLD,WMD,WMD,2,BA,NO,1/28/20 16:21,73093006,1/28/20 10:57,SFWMD-FSQM,,00400,,
FLAB17,FLAB,2/5/20,SAMP,MON,SA,G,,0.5,m,10,"PH, FIELD",PH,8.1,,,8.1,,1,,,,None,2,N,A,P110717-6,,0,0,,,,,,25.042469,80.914819,WMD,FIELD,FLD,WMD,WMD,2,BA,NO,2/6/20 11:55,73112006,2/5/20 11:51,SFWMD-FSQM,,400,Secchi on bottom.,
FLAB17,FLAB,4/7/20,SAMP,MON,SA,G,,0.5,m,10,"PH, FIELD",PH,8.1,,,8.1,,1,,,,None,2,N,A,P110711-6,,0,0,,,,,,25.042469,80.914819,WMD,FIELD,FLD,WMD,WMD,2,BA,NO,4/7/20 16:09,73106006,4/7/20 10:51,SFWMD-FSQM,,00400,Sample area clear.  Solids were Non Visible.  Secchi on bottom.  Sample collected by EW.,
FLAB17,FLAB,6/17/20,SAMP,MON,SA,G,,0.5,m,10,"PH, FIELD",PH,8.2,,,8.2,,1,,,,None,2,N,A,P110907-6,,0,0,,,,,,25.042469,80.914819,WMD,FIELD,FLD,WMD,WMD,2,BA,NO,6/17/20 15:56,73193006,6/17/20 10:45,SFWMD-FSQM,,00400,Secchi on bottom,
FLAB17,FLAB,8/18/20,SAMP,MON,SA,G,,0.5,m,10,"PH, FIELD",PH,8.1,,,8.1,,1,,,,None,2,N,A,P111061-6,,0,0,,,,,,25.042469,80.914819,WMD,FIELD,FLD,WMD,WMD,2,BA,NO,8/18/20 15:40,73276006,8/18/20 10:40,SFWMD-FSQM,,00400,Vegetative debris present on surface of water.,
FLAB17,FLAB,10/13/20,SAMP,MON,SA,G,,0.5,m,10,"PH, FIELD",PH,8.3,,,8.3,,1,,,,None,2,N,A,P118764-6,,0,0,,,,,,25.042469,80.914819,WMD,FIELD,FLD,WMD,WMD,2,BA,NO,10/14/20 8:55,76830006,10/13/20 10:49,SFWMD-FSQM,,00400,Filtration difficult at this location. Notable algae bloom with very fine particulates.,
FLAB17,FLAB,2/9/21,SAMP,MON,SA,G,,0.5,m,10,"PH, FIELD",PH,8.2,,,8.2,,1,,,,None,2,N,A,P120349-6,,0,0,,,,,,25.042469,80.914819,WMD,FIELD,FLD,WMD,WMD,2,BA,NO,2/10/21 8:11,77554006,2/9/21 11:10,SFWMD-FSQM,,00400,Secchi on bottom.,
FLAB17,FLAB,3/24/21,SAMP,MON,SA,G,,0.5,m,10,"PH, FIELD",PH,8.1,,,8.1,,1,,,,None,2,N,A,P122509-6,,0,0,,,,,,25.042469,80.914819,WMD,FIELD,FLD,WMD,WMD,2,BA,NO,3/25/21 6:59,78497006,3/24/21 11:25,SFWMD-FSQM,,00400,secchi on bottom,
FLAB17,FLAB,6/7/21,SAMP,MON,SA,G,,0.5,m,10,"PH, FIELD",PH,8.2,,,8.2,,1,,,,None,2,N,A,P121640-6,,0,0,,,,,,25.042469,80.914819,WMD,FIELD,FLD,WMD,WMD,2,BA,NO,6/7/21 16:26,78140006,6/7/21 10:25,SFWMD-FSQM,,00400,Secchi on bottom,
FLAB17,FLAB,8/5/21,SAMP,MON,SA,G,,0.5,m,10,"PH, FIELD",PH,8,,,8,,1,,,,None,2,N,A,P123926-6,,0,0,,,,,,25.042469,80.914819,WMD,FIELD,FLD,WMD,WMD,2,BA,NO,8/5/21 15:12,79169006,8/5/21 9:25,SFWMD-FSQM,,00400,Secchi on bottom,
FLAB17,FLAB,10/20/21,SAMP,MON,SA,G,,0.5,m,10,"PH, FIELD",PH,7.9,,,7.9,,1,,,,None,2,N,A,P125707-6,,0,0,,,,,,25.042469,80.914819,WMD,FIELD,FLD,WMD,WMD,2,BA,NO,10/21/21 8:34,79970006,10/20/21 12:04,SFWMD-FSM,,00400,Secchi on bottom.,
FLAB17,FLAB,12/15/21,SAMP,MON,SA,G,,0.5,m,10,"PH, FIELD",PH,8.2,,,8.2,,1,,,,None,2,N,A,P129834-6,,0,0,,,,,,25.042469,80.914819,WMD,FIELD,FLD,WMD,WMD,2,BA,NO,12/16/21 8:25,81789006,12/15/21 12:32,SFWMD-FSM,,400,,
FLAB17,FLAB,1/27/22,SAMP,MON,SA,G,,0.5,m,10,"PH, FIELD",PH,8.1,,,8.1,,1,,,,None,2,N,A,P129835-6,,0,0,,,,,,25.042469,80.914819,WMD,FIELD,FLD,WMD,WMD,2,BA,NO,1/27/22 15:46,81790006,1/27/22 10:08,SFWMD-FSM,,00400,Secchi on bottom,
FLAB17,FLAB,4/12/22,SAMP,MON,SA,G,,0.5,m,10,"PH, FIELD",PH,8.3,,,8.3,,1,,,,None,2,N,A,P132792-6,,0,0,,,,,,25.042469,80.914819,WMD,FIELD,FLD,WMD,WMD,2,BA,NO,4/13/22 8:06,83111006,4/12/22 10:40,SFWMD-FSM,,00400,Secchi on bottom,
FLAB17,FLAB,6/27/22,SAMP,MON,SA,G,,0.5,m,10,"PH, FIELD",PH,8.2,,,8.2,,1,,,,None,2,N,A,P134130-6,,0,0,,,,,,25.042469,80.914819,WMD,FIELD,FLD,WMD,WMD,2,BA,NO,6/28/22 8:30,83719006,6/27/22 11:31,SFWMD-FSM,,00400,Secchi on bottom,
FLAB17,FLAB,7/11/22,SAMP,MON,SA,G,,0.5,m,10,"PH, FIELD",PH,8.2,J,yes,8.2,,1,,,,None,2,N,A,P135169-6,,0,0,,,,,,25.042469,80.914819,WMD,FIELD,FLD,WMD,WMD,2,BA,NO,7/12/22 8:09,84232006,7/11/22 11:19,SFWMD-FSM,,400,Secchi on bottom.,CCV for pH failed; Precision or accuracy criteria not met
FLAB17,FLAB,9/21/22,SAMP,MON,SA,G,,0.5,m,10,"PH, FIELD",PH,8.3,,,8.3,,1,,,,None,2,N,A,P136493-6,,0,0,,,,,,25.042469,80.914819,WMD,FIELD,FLD,WMD,WMD,2,BA,NO,9/22/22 8:07,84868006,9/21/22 12:36,SFWMD-FSM,,400,"Secchi on bottom. Vegetative debris present in water column, avoided during sampling.",
FLAB17,FLAB,1/19/23,SAMP,MON,SA,G,,0.5,m,10,"PH, FIELD",PH,8.3,,,8.3,,1,,,,None,2,N,A,P139466-6,,0,0,,,,,,25.042469,80.914819,WMD,FIELD,FLD,WMD,WMD,2,BA,NO,1/20/23 8:12,86301006,1/19/23 10:48,SFWMD-FSM,,00400,Secchi on bottom,
FLAB17,FLAB,3/6/23,SAMP,MON,SA,G,,0.5,m,10,"PH, FIELD",PH,8.3,,,8.3,,1,,,,None,2,N,A,P141267-6,,0,0,,,,,,25.042469,80.914819,WMD,FIELD,FLD,WMD,WMD,2,BA,NO,3/7/23 8:44,87044006,3/6/23 11:07,SFWMD-FSM,,00400,SOB.,
FLAB17,FLAB,5/16/23,SAMP,MON,SA,G,,0.5,m,10,"PH, FIELD",PH,8.2,,,8.2,,1,,,,None,2,N,A,P143738-6,,0,0,,,,,,25.042469,80.914819,WMD,FIELD,FLD,WMD,WMD,2,BA,NO,5/16/23 15:24,87932006,5/16/23 10:26,SFWMD-FSM,,00400,Secchi on bottom,
FLAB17,FLAB,7/17/23,SAMP,MON,SA,G,,0.5,m,10,"PH, FIELD",PH,8.2,,,8.2,,1,,,,None,2,N,A,P144701-6,,0,0,,,,,,25.042469,80.914819,WMD,FIELD,FLD,WMD,WMD,2,BA,NO,7/18/23 8:37,88406006,7/17/23 11:38,SFWMD-FSM,,400,secchi on bottom,
FLAB17,FLAB,9/26/23,SAMP,MON,SA,G,,0.5,m,10,"PH, FIELD",PH,8.4,,,8.4,,1,,,,None,2,N,A,P146059-6,,0,0,,,,,,25.042469,80.914819,WMD,FIELD,FLD,WMD,WMD,2,BA,NO,9/28/23 7:49,89095006,9/26/23 11:48,SFWMD-FSM,,400,secchi on bottom,
FLAB17,FLAB,11/27/23,SAMP,MON,SA,G,,0.5,m,10,"PH, FIELD",PH,8.2,,,8.2,,1,,,,None,2,N,A,P146060-6,,0,0,,,,,,25.042469,80.914819,WMD,FIELD,FLD,WMD,WMD,2,BA,NO,11/28/23 8:48,89096006,11/27/23 11:36,SFWMD-FSM,,00400,Secchi on bottom.,
FLAB17,FLAB,2/21/24,SAMP,MON,SA,G,,0.5,m,10,"PH, FIELD",PH,8.5,,,8.5,,1,,,,None,2,N,A,P148340-6,,0,0,,,,,,25.042469,80.914819,WMD,FIELD,FLD,WMD,WMD,2,BA,NO,2/22/24 8:09,90200006,2/21/24 12:14,SFWMD-FSM,,400,Secchi on bottom.,
FLAB17,FLAB,4/18/24,SAMP,MON,SA,G,,0.5,m,10,"PH, FIELD",PH,8.7,,,8.7,,1,,,,None,2,N,A,P149303-6,,0,0,,,,,,25.042469,80.914819,WMD,FIELD,FLD,WMD,WMD,2,BA,NO,4/19/24 8:21,90666006,4/18/24 11:33,SFWMD-FSM,,00400,secchi on bottom,
FLAB17,FLAB,7/31/24,SAMP,MON,SA,G,,0.5,m,10,"PH, FIELD",PH,8,,,8,,1,,,,None,2,N,A,P152197-6,,0,0,,,,,,25.042469,80.914819,WMD,FIELD,FLD,WMD,WMD,2,BA,NO,8/1/24 8:01,92110006,7/31/24 10:43,SFWMD-FSM,,00400,SOB.,
FLAB17,FLAB,9/30/24,SAMP,MON,SA,G,,0.5,m,10,"PH, FIELD",PH,8,,,8,,1,,,,None,2,N,A,P153173-6,,0,0,,,,,,25.042469,80.914819,WMD,FIELD,FLD,WMD,WMD,2,BA,NO,10/1/24 8:31,92601006,9/30/24 13:08,SFWMD-FSM,,00400,Secchi on bottom.,
FLAB17,FLAB,11/19/24,SAMP,MON,SA,G,,0.5,m,10,"PH, FIELD",PH,8.2,,,8.2,,1,,,,None,2,N,A,P154026-6,,0,0,,,,,,25.042469,80.914819,WMD,FIELD,FLD,WMD,WMD,2,BA,NO,11/20/24 8:23,93034006,11/19/24 12:27,SFWMD-FSM,,00400,,
FLAB17,FLAB,2/13/25,SAMP,MON,SA,G,,0.5,m,10,"PH, FIELD",PH,8.4,,,8.4,,1,,,,None,2,N,A,P155967-6,,0,0,,,,,,25.042469,80.914819,WMD,FIELD,FLD,WMD,WMD,2,BA,NO,2/14/25 8:47,93979006,2/13/25 13:10,SFWMD-FSM,,00400,Secchi on bottom.,
FLAB17,FLAB,3/25/25,SAMP,MON,SA,G,,0.5,m,10,"PH, FIELD",PH,8.4,,,8.4,,1,,,,None,2,N,A,P157082-6,,0,0,,,,,,25.042469,80.914819,WMD,FIELD,FLD,WMD,WMD,2,BA,NO,3/26/25 8:54,94540006,3/25/25 11:16,SFWMD-FSM,,00400,Secchi on bottom.,
FLAB17,FLAB,5/7/25,SAMP,MON,SA,G,,0.5,m,10,"PH, FIELD",PH,8.4,,,8.4,,1,,,,None,2,N,A,P158026-3,,0,0,,,,,,25.042469,80.914819,WMD,FIELD,FLD,WMD,WMD,2,BA,NO,5/8/25 8:31,95009003,5/7/25 11:02,SFWMD-FSM,,00400,Secchi on bottom,
FLAB17,FLAB,7/10/25,SAMP,MON,SA,G,,0.5,m,10,"PH, FIELD",PH,8.3,,,8.3,,1,,,,None,2,N,A,P159507-3,,0,0,,,,,,25.042469,80.914819,WMD,FIELD,FLD,WMD,WMD,2,BA,NO,7/11/25 9:57,95742003,7/10/25 11:00,SFWMD-FSM,,00400,Secchi visible on bottom,
FLAB17,FLAB,9/9/25,SAMP,MON,SA,G,,0.5,m,10,"PH, FIELD",PH,8.1,,,8.1,,1,,,,pH Units,,N,P,P160871-3,,0,0,,,1.7,,,25.042469,-80.914819,,FIELD,WMD,,,,BA,,9/10/25 8:53,96441003,9/9/25 11:51,SFWMD-FSM,,00400,secchi on bottom. sea grass on water surface avoided during sample collection,
FLAB17,FLAB,3/15/91,SAMP,MON,SA,G,,0,,12,TURBIDITY,TURBI,0.1,,,0.1,,,,,,NTU,1,N,A,FIU15661,,0,0,,,,,,25.042469,80.914819,,,FIU,FIU,,,,,,,,,,,,
FLAB17,FLAB,4/15/91,SAMP,MON,SA,G,,0,,12,TURBIDITY,TURBI,0.175,,,0.2,,,,,,NTU,1,N,A,FIU15662,,0,0,,,,,,25.042469,80.914819,,,FIU,FIU,,,,,,,,,,,,
FLAB17,FLAB,5/15/91,SAMP,MON,SA,G,,0,,12,TURBIDITY,TURBI,0.075,,,0.1,,,,,,NTU,1,N,A,FIU15665,,0,0,,,,,,25.042469,80.914819,,,FIU,FIU,,,,,,,,,,,,
FLAB17,FLAB,6/15/91,SAMP,MON,SA,G,,0,,12,TURBIDITY,TURBI,0.2,,,0.2,,,,,,NTU,1,N,A,FIU15666,,0,0,,,,,,25.042469,80.914819,,,FIU,FIU,,,,,,,,,,,,
FLAB17,FLAB,7/15/91,SAMP,MON,SA,G,,0,,12,TURBIDITY,TURBI,0.11,,,0.1,,,,,,NTU,1,N,A,FIU15668,,0,0,,,,,,25.042469,80.914819,,,FIU,FIU,,,,,,,,,,,,
FLAB17,FLAB,8/15/91,SAMP,MON,SA,G,,0,,12,TURBIDITY,TURBI,0.5,,,0.5,,,,,,NTU,1,N,A,FIU15671,,0,0,,,,,,25.042469,80.914819,,,FIU,FIU,,,,,,,,,,,,
FLAB17,FLAB,9/15/91,SAMP,MON,SA,G,,0,,12,TURBIDITY,TURBI,0.4,,,0.4,,,,,,NTU,1,N,A,FIU15672,,0,0,,,,,,25.042469,80.914819,,,FIU,FIU,,,,,,,,,,,,
FLAB17,FLAB,10/15/91,SAMP,MON,SA,G,,0,,12,TURBIDITY,TURBI,0.075,,,0.1,,,,,,NTU,1,N,A,FIU15675,,0,0,,,,,,25.042469,80.914819,,,FIU,FIU,,,,,,,,,,,,
FLAB17,FLAB,11/15/91,SAMP,MON,SA,G,,0,,12,TURBIDITY,TURBI,0.24,,,0.2,,,,,,NTU,1,N,A,FIU15676,,0,0,,,,,,25.042469,80.914819,,,FIU,FIU,,,,,,,,,,,,
FLAB17,FLAB,12/15/91,SAMP,MON,SA,G,,0,,12,TURBIDITY,TURBI,1.655,,,1.7,,,,,,NTU,1,N,A,FIU15679,,0,0,,,,,,25.042469,80.914819,,,FIU,FIU,,,,,,,,,,,,
FLAB17,FLAB,1/15/92,SAMP,MON,SA,G,,0,,12,TURBIDITY,TURBI,0.9,,,0.9,,,,,,NTU,1,N,A,FIU15680,,0,0,,,,,,25.042469,80.914819,,,FIU,FIU,,,,,,,,,,,,
FLAB17,FLAB,2/15/92,SAMP,MON,SA,G,,0,,12,TURBIDITY,TURBI,3.02,,,3,,,,,,NTU,1,N,A,FIU15682,,0,0,,,,,,25.042469,80.914819,,,FIU,FIU,,,,,,,,,,,,
FLAB17,FLAB,3/15/92,SAMP,MON,SA,G,,0,,12,TURBIDITY,TURBI,1.635,,,1.6,,,,,,NTU,1,N,A,FIU15685,,0,0,,,,,,25.042469,80.914819,,,FIU,FIU,,,,,,,,,,,,
FLAB17,FLAB,4/15/92,SAMP,MON,SA,G,,0,,12,TURBIDITY,TURBI,4.94,,,4.9,,,,,,NTU,1,N,A,FIU15686,,0,0,,,,,,25.042469,80.914819,,,FIU,FIU,,,,,,,,,,,,
FLAB17,FLAB,5/15/92,SAMP,MON,SA,G,,0,,12,TURBIDITY,TURBI,2.015,,,2,,,,,,NTU,1,N,A,FIU15688,,0,0,,,,,,25.042469,80.914819,,,FIU,FIU,,,,,,,,,,,,
FLAB17,FLAB,6/15/92,SAMP,MON,SA,G,,0,,12,TURBIDITY,TURBI,2.065,,,2.1,,,,,,NTU,1,N,A,FIU15690,,0,0,,,,,,25.042469,80.914819,,,FIU,FIU,,,,,,,,,,,,
FLAB17,FLAB,7/15/92,SAMP,MON,SA,G,,0,,12,TURBIDITY,TURBI,2.83,,,2.8,,,,,,NTU,1,N,A,FIU15692,,0,0,,,,,,25.042469,80.914819,,,FIU,FIU,,,,,,,,,,,,
FLAB17,FLAB,8/15/92,SAMP,MON,SA,G,,0,,12,TURBIDITY,TURBI,4.865,,,4.9,,,,,,NTU,1,N,A,FIU15694,,0,0,,,,,,25.042469,80.914819,,,FIU,FIU,,,,,,,,,,,,
FLAB17,FLAB,9/15/92,SAMP,MON,SA,G,,0,,12,TURBIDITY,TURBI,4.555,,,4.6,,,,,,NTU,1,N,A,FIU15697,,0,0,,,,,,25.042469,80.914819,,,FIU,FIU,,,,,,,,,,,,
FLAB17,FLAB,10/15/92,SAMP,MON,SA,G,,0,,12,TURBIDITY,TURBI,4.785,,,4.8,,,,,,NTU,1,N,A,FIU15699,,0,0,,,,,,25.042469,80.914819,,,FIU,FIU,,,,,,,,,,,,
FLAB17,FLAB,11/15/92,SAMP,MON,SA,G,,0,,12,TURBIDITY,TURBI,2.12,,,2.1,,,,,,NTU,1,N,A,FIU15701,,0,0,,,,,,25.042469,80.914819,,,FIU,FIU,,,,,,,,,,,,
FLAB17,FLAB,12/15/92,SAMP,MON,SA,G,,0,,12,TURBIDITY,TURBI,33.015,,,33,,,,,,NTU,1,N,A,FIU15703,,0,0,,,,,,25.042469,80.914819,,,FIU,FIU,,,,,,,,,,,,
FLAB17,FLAB,1/21/93,SAMP,MON,SA,G,,0,,12,TURBIDITY,TURBI,16.895,,,16.9,,,,,,NTU,1,N,A,FIU15704,,0,0,,,,,,25.042469,80.914819,,,FIU,FIU,,,,,,,,,,,,
FLAB17,FLAB,2/10/93,SAMP,MON,SA,G,,0,,12,TURBIDITY,TURBI,9.82,,,9.8,,,,,,NTU,1,N,A,FIU15705,,0,0,,,,,,25.042469,80.914819,,,FIU,FIU,,,,,,,,,,,,
FLAB17,FLAB,3/10/93,SAMP,MON,SA,G,,0,,12,TURBIDITY,TURBI,8.675,,,8.7,,,,,,NTU,1,N,A,FIU15706,,0,0,,,,,,25.042469,80.914819,,,FIU,FIU,,,,,,,,,,,,
FLAB17,FLAB,4/7/93,SAMP,MON,SA,G,,0,,12,TURBIDITY,TURBI,39.85,,,39.8,,,,,,NTU,1,N,A,FIU15707,,0,0,,,,,,25.042469,80.914819,,,FIU,FIU,,,,,,,,,,,,
FLAB17,FLAB,5/12/93,SAMP,MON,SA,G,,0,,12,TURBIDITY,TURBI,19.7,,,19.7,,,,,,NTU,1,N,A,FIU15708,,0,0,,,,,,25.042469,80.914819,,,FIU,FIU,,,,,,,,,,,,
FLAB17,FLAB,6/3/93,SAMP,MON,SA,G,,0,,12,TURBIDITY,TURBI,1.525,,,1.5,,,,,,NTU,1,N,A,FIU15709,,0,0,,,,,,25.042469,80.914819,,,FIU,FIU,,,,,,,,,,,,
FLAB17,FLAB,7/7/93,SAMP,MON,SA,G,,0,,12,TURBIDITY,TURBI,7.355,,,7.4,,,,,,NTU,1,N,A,FIU15710,,0,0,,,,,,25.042469,80.914819,,,FIU,FIU,,,,,,,,,,,,
FLAB17,FLAB,8/4/93,SAMP,MON,SA,G,,0,,12,TURBIDITY,TURBI,21.68,,,21.7,,,,,,NTU,1,N,A,FIU15711,,0,0,,,,,,25.042469,80.914819,,,FIU,FIU,,,,,,,,,,,,
FLAB17,FLAB,9/9/93,SAMP,MON,SA,G,,0,,12,TURBIDITY,TURBI,7.275,,,7.3,,,,,,NTU,1,N,A,FIU15712,,0,0,,,,,,25.042469,80.914819,,,FIU,FIU,,,,,,,,,,,,
FLAB17,FLAB,10/6/93,SAMP,MON,SA,G,,0,,12,TURBIDITY,TURBI,7.05,,,7,,,,,,NTU,1,N,A,FIU15713,,0,0,,,,,,25.042469,80.914819,,,FIU,FIU,,,,,,,,,,,,
FLAB17,FLAB,11/3/93,SAMP,MON,SA,G,,0,,12,TURBIDITY,TURBI,15.89,,,15.9,,,,,,NTU,1,N,A,FIU15714,,0,0,,,,,,25.042469,80.914819,,,FIU,FIU,,,,,,,,,,,,
FLAB17,FLAB,12/2/93,SAMP,MON,SA,G,,0,,12,TURBIDITY,TURBI,27.62,,,27.6,,,,,,NTU,1,N,A,FIU15715,,0,0,,,,,,25.042469,80.914819,,,FIU,FIU,,,,,,,,,,,,
FLAB17,FLAB,1/11/94,SAMP,MON,SA,G,,0,,12,TURBIDITY,TURBI,8.65,,,8.6,,,,,,NTU,1,N,A,FIU15716,,0,0,,,,,,25.042469,80.914819,,,FIU,FIU,,,,,,,,,,,,
FLAB17,FLAB,2/2/94,SAMP,MON,SA,G,,0,,12,TURBIDITY,TURBI,178.55,,,178.6,,,,,,NTU,1,N,A,FIU15717,,0,0,,,,,,25.042469,80.914819,,,FIU,FIU,,,,,,,,,,,,
FLAB17,FLAB,3/8/94,SAMP,MON,SA,G,,0,,12,TURBIDITY,TURBI,9.55,,,9.6,,,,,,NTU,1,N,A,FIU15718,,0,0,,,,,,25.042469,80.914819,,,FIU,FIU,,,,,,,,,,,,
FLAB17,FLAB,4/6/94,SAMP,MON,SA,G,,0,,12,TURBIDITY,TURBI,52.65,D,,52.6,,,,,,NTU,1,N,A,FIU15719,,0,0,,,,,,25.042469,80.914819,,,FIU,FIU,,,,,,,,,,,,
FLAB17,FLAB,5/4/94,SAMP,MON,SA,G,,0,,12,TURBIDITY,TURBI,16.9,D,,16.9,,,,,,NTU,1,N,A,FIU15721,,0,0,,,,,,25.042469,80.914819,,,FIU,FIU,,,,,,,,,,,,
FLAB17,FLAB,6/8/94,SAMP,MON,SA,G,,0,,12,TURBIDITY,TURBI,4.4,D,,4.4,,,,,,NTU,1,N,A,FIU15723,,0,0,,,,,,25.042469,80.914819,,,FIU,FIU,,,,,,,,,,,,
FLAB17,FLAB,7/7/94,SAMP,MON,SA,G,,0,,12,TURBIDITY,TURBI,30.7,D,,30.7,,,,,,NTU,1,N,A,FIU15725,,0,0,,,,,,25.042469,80.914819,,,FIU,FIU,,,,,,,,,,,,
FLAB17,FLAB,8/4/94,SAMP,MON,SA,G,,0,,12,TURBIDITY,TURBI,12.9,D,,12.9,,,,,,NTU,1,N,A,FIU15727,,0,0,,,,,,25.042469,80.914819,,,FIU,FIU,,,,,,,,,,,,
FLAB17,FLAB,9/14/94,SAMP,MON,SA,G,,0,,12,TURBIDITY,TURBI,7.7,D,,7.7,,,,,,NTU,1,N,A,FIU15729,,0,0,,,,,,25.042469,80.914819,,,FIU,FIU,,,,,,,,,,,,
FLAB17,FLAB,10/5/94,SAMP,MON,SA,G,,0,,12,TURBIDITY,TURBI,6.8,D,,6.8,,,,,,NTU,1,N,A,FIU15731,,0,0,,,,,,25.042469,80.914819,,,FIU,FIU,,,,,,,,,,,,
FLAB17,FLAB,11/2/94,SAMP,MON,SA,G,,0,,12,TURBIDITY,TURBI,21.9,D,,21.9,,,,,,NTU,1,N,A,FIU15733,,0,0,,,,,,25.042469,80.914819,,,FIU,FIU,,,,,,,,,,,,
FLAB17,FLAB,11/22/94,SAMP,MON,SA,G,,0,,12,TURBIDITY,TURBI,11.6,D,,11.6,,,,,,NTU,1,N,A,FIU15735,,0,0,,,,,,25.042469,80.914819,,,FIU,FIU,,,,,,,,,,,,
FLAB17,FLAB,12/1/94,SAMP,MON,SA,G,,0,,12,TURBIDITY,TURBI,7.1,D,,7.1,,,,,,NTU,1,N,A,FIU15737,,0,0,,,,,,25.042469,80.914819,,,FIU,FIU,,,,,,,,,,,,
FLAB17,FLAB,1/5/95,SAMP,MON,SA,G,,0,,12,TURBIDITY,TURBI,112.1,,,112.1,,,,,,NTU,1,N,A,FIU15739,,0,0,,,,,,25.042469,80.914819,,,FIU,FIU,,,,,,,,,,,,
FLAB17,FLAB,2/2/95,SAMP,MON,SA,G,,0,,12,TURBIDITY,TURBI,7.7,D,,7.7,,,,,,NTU,1,N,A,FIU15741,,0,0,,,,,,25.042469,80.914819,,,FIU,FIU,,,,,,,,,,,,
FLAB17,FLAB,3/1/95,SAMP,MON,SA,G,,0,,12,TURBIDITY,TURBI,18.6,D,,18.6,,,,,,NTU,1,N,A,FIU15743,,0,0,,,,,,25.042469,80.914819,,,FIU,FIU,,,,,,,,,,,,
FLAB17,FLAB,4/19/95,SAMP,MON,SA,G,,0,,12,TURBIDITY,TURBI,21,D,,21,,,,,,NTU,1,N,A,FIU15745,,0,0,,,,,,25.042469,80.914819,,,FIU,FIU,,,,,,,,,,,,
FLAB17,FLAB,5/24/95,SAMP,MON,SA,G,,0,,12,TURBIDITY,TURBI,10.4,D,,10.4,,,,,,NTU,1,N,A,FIU15747,,0,0,,,,,,25.042469,80.914819,,,FIU,FIU,,,,,,,,,,,,
FLAB17,FLAB,6/21/95,SAMP,MON,SA,G,,0,,12,TURBIDITY,TURBI,79.2,D,,79.2,,,,,,NTU,1,N,A,FIU15749,,0,0,,,,,,25.042469,80.914819,,,FIU,FIU,,,,,,,,,,,,
FLAB17,FLAB,7/12/95,SAMP,MON,SA,G,,0,,12,TURBIDITY,TURBI,6.2,D,,6.2,,,,,,NTU,1,N,A,FIU15751,,0,0,,,,,,25.042469,80.914819,,,FIU,FIU,,,,,,,,,,,,
FLAB17,FLAB,8/11/95,SAMP,MON,SA,G,,0,,12,TURBIDITY,TURBI,5.5,D,,5.5,,,,,,NTU,1,N,A,FIU15753,,0,0,,,,,,25.042469,80.914819,,,FIU,FIU,,,,,,,,,,,,
FLAB17,FLAB,9/6/95,SAMP,MON,SA,G,,0,,12,TURBIDITY,TURBI,7.1,D,,7.1,,,,,,NTU,1,N,A,FIU15755,,0,0,,,,,,25.042469,80.914819,,,FIU,FIU,,,,,,,,,,,,
FLAB17,FLAB,10/22/95,SAMP,MON,SA,G,,0,,12,TURBIDITY,TURBI,25.2,D,,25.2,,,,,,NTU,1,N,A,FIU15757,,0,0,,,,,,25.042469,80.914819,,,FIU,FIU,,,,,,,,,,,,
FLAB17,FLAB,11/17/95,SAMP,MON,SA,G,,0,,12,TURBIDITY,TURBI,10.3,D,,10.3,,,,,,NTU,1,N,A,FIU15759,,0,0,,,,,,25.042469,80.914819,,,FIU,FIU,,,,,,,,,,,,
FLAB17,FLAB,12/14/95,SAMP,MON,SA,G,,0,,12,TURBIDITY,TURBI,15.7,D,,15.7,,,,,,NTU,1,N,A,FIU15761,,0,0,,,,,,25.042469,80.914819,,,FIU,FIU,,,,,,,,,,,,
FLAB17,FLAB,1/23/96,SAMP,MON,SA,G,,0,,12,TURBIDITY,TURBI,12.5,D,,12.5,,,,,,NTU,1,N,A,FIU15763,,0,0,,,,,,25.042469,80.914819,,,FIU,FIU,,,,,,,,,,,,
FLAB17,FLAB,2/12/96,SAMP,MON,SA,G,,0,,12,TURBIDITY,TURBI,41.3,D,,41.3,,,,,,NTU,1,N,A,FIU15765,,0,0,,,,,,25.042469,80.914819,,,FIU,FIU,,,,,,,,,,,,
FLAB17,FLAB,3/22/96,SAMP,MON,SA,G,,0,,12,TURBIDITY,TURBI,12.3,D,,12.3,,,,,,NTU,1,N,A,FIU15767,,0,0,,,,,,25.042469,80.914819,,,FIU,FIU,,,,,,,,,,,,
FLAB17,FLAB,4/25/96,SAMP,MON,SA,G,,0,,12,TURBIDITY,TURBI,14.2,D,,14.2,,,,,,NTU,1,N,A,FIU15769,,0,0,,,,,,25.042469,80.914819,,,FIU,FIU,,,,,,,,,,,,
FLAB17,FLAB,5/10/96,SAMP,MON,SA,G,,0,,12,TURBIDITY,TURBI,42.1,D,,42.1,,,,,,NTU,1,N,A,FIU15771,,0,0,,,,,,25.042469,80.914819,,,FIU,FIU,,,,,,,,,,,,
FLAB17,FLAB,6/6/96,SAMP,MON,SA,G,,0,,12,TURBIDITY,TURBI,16.5,D,,16.5,,,,,,NTU,1,N,A,FIU15773,,0,0,,,,,,25.042469,80.914819,,,FIU,FIU,,,,,,,,,,,,
FLAB17,FLAB,7/5/96,SAMP,MON,SA,G,,0.1,,12,TURBIDITY,TURBI,25.3,,,25.3,,,,,,NTU,1,N,A,FIU15775,,0,0,,,,,,25.042469,80.914819,,,FIU,FIU,,,,,,,,,,,,
FLAB17,FLAB,8/22/96,SAMP,MON,SA,G,,0.1,,12,TURBIDITY,TURBI,9.5,,,9.5,,,,,,NTU,1,N,A,FIU15777,,0,0,,,,,,25.042469,80.914819,,,FIU,FIU,,,,,,,,,,,,
FLAB17,FLAB,9/14/96,SAMP,MON,SA,G,,0.1,,12,TURBIDITY,TURBI,5.7,,,5.7,,,,,,NTU,1,N,A,FIU15779,,0,0,,,,,,25.042469,80.914819,,,FIU,FIU,,,,,,,,,,,,
FLAB17,FLAB,10/15/96,SAMP,MON,SA,G,,0.1,,12,TURBIDITY,TURBI,34.9,,,34.9,,,,,,NTU,1,N,A,FIU15781,,0,0,,,,,,25.042469,80.914819,,,FIU,FIU,,,,,,,,,,,,
FLAB17,FLAB,11/7/96,SAMP,MON,SA,G,,0.1,,12,TURBIDITY,TURBI,22.3,,,22.3,,,,,,NTU,1,N,A,FIU15783,,0,0,,,,,,25.042469,80.914819,,,FIU,FIU,,,,,,,,,,,,
FLAB17,FLAB,12/6/96,SAMP,MON,SA,G,,0.1,,12,TURBIDITY,TURBI,11.8,,,11.8,,,,,,NTU,1,N,A,FIU15785,,0,0,,,,,,25.042469,80.914819,,,FIU,FIU,,,,,,,,,,,,
FLAB17,FLAB,1/8/97,SAMP,MON,SA,G,,0.1,,12,TURBIDITY,TURBI,21.2,,,21.2,,,,,,NTU,1,N,A,FIU15787,,0,0,,,,,,25.042469,80.914819,,,FIU,FIU,,,,,,,,,,,,
FLAB17,FLAB,2/15/97,SAMP,MON,SA,G,,0.1,,12,TURBIDITY,TURBI,19.9,,,19.9,,,,,,NTU,1,N,A,FIU15789,,0,0,,,,,,25.042469,80.914819,,,FIU,FIU,,,,,,,,,,,,
FLAB17,FLAB,3/12/97,SAMP,MON,SA,G,,0.1,,12,TURBIDITY,TURBI,4.6,,,4.6,,,,,,NTU,1,N,A,FIU15791,,0,0,,,,,,25.042469,80.914819,,,FIU,FIU,,,,,,,,,,,,
FLAB17,FLAB,4/16/97,SAMP,MON,SA,G,,0.1,,12,TURBIDITY,TURBI,17.3,,,17.3,,,,,,NTU,1,N,A,FIU15793,,0,0,,,,,,25.042469,80.914819,,,FIU,FIU,,,,,,,,,,,,
FLAB17,FLAB,5/22/97,SAMP,MON,SA,G,,0.1,,12,TURBIDITY,TURBI,9.4,,,9.4,,,,,,NTU,1,N,A,FIU15795,,0,0,,,,,,25.042469,80.914819,,,FIU,FIU,,,,,,,,,,,,
FLAB17,FLAB,6/12/97,SAMP,MON,SA,G,,0.1,,12,TURBIDITY,TURBI,10.2,,,10.2,,,,,,NTU,1,N,A,FIU15797,,0,0,,,,,,25.042469,80.914819,,,FIU,FIU,,,,,,,,,,,,
FLAB17,FLAB,8/19/97,SAMP,MON,SA,G,,0.1,,12,TURBIDITY,TURBI,15.6,,,15.6,,,,,,NTU,1,N,A,FIU15800,,0,0,,,,,,25.042469,80.914819,,,FIU,FIU,,,,,,,,,,,,
FLAB17,FLAB,9/10/97,SAMP,MON,SA,G,,0.1,,12,TURBIDITY,TURBI,2.8,,,2.8,,,,,,NTU,1,N,A,FIU15802,,0,0,,,,,,25.042469,80.914819,,,FIU,FIU,,,,,,,,,,,,
FLAB17,FLAB,10/21/97,SAMP,MON,SA,G,,0.1,,12,TURBIDITY,TURBI,5.8,,,5.8,,,,,,NTU,1,N,A,FIU15804,,0,0,,,,,,25.042469,80.914819,,,FIU,FIU,,,,,,,,,,,,
FLAB17,FLAB,11/25/97,SAMP,MON,SA,G,,0.1,,12,TURBIDITY,TURBI,11.3,,,11.3,,,,,,NTU,1,N,A,FIU15806,,0,0,,,,,,25.042469,80.914819,,,FIU,FIU,,,,,,,,,,,,
FLAB17,FLAB,12/12/97,SAMP,MON,SA,G,,0.1,,12,TURBIDITY,TURBI,1.4,,,1.4,,,,,,NTU,1,N,A,FIU15808,,0,0,,,,,,25.042469,80.914819,,,FIU,FIU,,,,,,,,,,,,
FLAB17,FLAB,1/21/98,SAMP,MON,SA,G,,0.1,,12,TURBIDITY,TURBI,12.3,,,12.3,,,,,,NTU,1,N,A,FIU15810,,0,0,,,,,,25.042469,80.914819,,,FIU,FIU,,,,,,,,,,,,
FLAB17,FLAB,2/18/98,SAMP,MON,SA,G,,0.1,,12,TURBIDITY,TURBI,8.3,,,8.3,,,,,,NTU,1,N,A,FIU15812,,0,0,,,,,,25.042469,80.914819,,,FIU,FIU,,,,,,,,,,,,
FLAB17,FLAB,3/20/98,SAMP,MON,SA,G,,0.1,,12,TURBIDITY,TURBI,26.9,,,26.9,,,,,,NTU,1,N,A,FIU15814,,0,0,,,,,,25.042469,80.914819,,,FIU,FIU,,,,,,,,,,,,
FLAB17,FLAB,4/15/98,SAMP,MON,SA,G,,0.1,,12,TURBIDITY,TURBI,5.5,,,5.5,,,,,,NTU,1,N,A,FIU15816,,0,0,,,,,,25.042469,80.914819,,,FIU,FIU,,,,,,,,,,,,
FLAB17,FLAB,5/14/98,SAMP,MON,SA,G,,0.1,,12,TURBIDITY,TURBI,5.6,,,5.6,,,,,,NTU,1,N,A,FIU15818,,0,0,,,,,,25.042469,80.914819,,,FIU,FIU,,,,,,,,,,,,
FLAB17,FLAB,6/10/98,SAMP,MON,SA,G,,0.1,,12,TURBIDITY,TURBI,1.7,,,1.7,,,,,,NTU,1,N,A,FIU15820,,0,0,,,,,,25.042469,80.914819,,,FIU,FIU,,,,,,,,,,,,
FLAB17,FLAB,7/14/98,SAMP,MON,SA,G,,0.1,,12,TURBIDITY,TURBI,12,,,12,,,,,,NTU,1,N,A,FIU15822,,0,0,,,,,,25.042469,80.914819,,,FIU,FIU,,,,,,,,,,,,
FLAB17,FLAB,8/19/98,SAMP,MON,SA,G,,0.1,,12,TURBIDITY,TURBI,2.6,,,2.6,,,,,,NTU,1,N,A,FIU15824,,0,0,,,,,,25.042469,80.914819,,,FIU,FIU,,,,,,,,,,,,
FLAB17,FLAB,9/17/98,SAMP,MON,SA,G,,0.1,,12,TURBIDITY,TURBI,6.6,,,6.6,,,,,,NTU,1,N,A,FIU15826,,0,0,,,,,,25.042469,80.914819,,,FIU,FIU,,,,,,,,,,,,
FLAB17,FLAB,9/30/98,SAMP,MON,SA,G,,0.1,,12,TURBIDITY,TURBI,7.2,,,7.2,,,,,,NTU,1,N,A,FIU15828,,0,0,,,,,,25.042469,80.914819,,,FIU,FIU,,,,,,,,,,,,
FLAB17,FLAB,11/3/98,SAMP,MON,SA,G,,0.1,,12,TURBIDITY,TURBI,0.8,,,0.8,,,,,,NTU,1,N,A,FIU15830,,0,0,,,,,,25.042469,80.914819,,,FIU,FIU,,,,,,,,,,,,
FLAB17,FLAB,12/1/98,SAMP,MON,SA,G,,0.1,,12,TURBIDITY,TURBI,3.8,,,3.8,,,,,,NTU,1,N,A,FIU15832,,0,0,,,,,,25.042469,80.914819,,,FIU,FIU,,,,,,,,,,,,
FLAB17,FLAB,1/14/99,SAMP,MON,SA,G,,0.1,,12,TURBIDITY,TURBI,2.3,,,2.3,,,,,,NTU,1,N,A,FIU15834,,0,0,,,,,,25.042469,80.914819,,,FIU,FIU,,,,,,,,,,,,
FLAB17,FLAB,2/10/99,SAMP,MON,SA,G,,0.1,,12,TURBIDITY,TURBI,4.2,,,4.2,,,,,,NTU,1,N,A,FIU15836,,0,0,,,,,,25.042469,80.914819,,,FIU,FIU,,,,,,,,,,,,
FLAB17,FLAB,3/23/99,SAMP,MON,SA,G,,0.1,,12,TURBIDITY,TURBI,3.5,,,3.5,,,,,,NTU,1,N,A,FIU15838,,0,0,,,,,,25.042469,80.914819,,,FIU,FIU,,,,,,,,,,,,
FLAB17,FLAB,4/29/99,SAMP,MON,SA,G,,0.1,,12,TURBIDITY,TURBI,2,,,2,,,,,,NTU,1,N,A,FIU15840,,0,0,,,,,,25.042469,80.914819,,,FIU,FIU,,,,,,,,,,,,
FLAB17,FLAB,5/28/99,SAMP,MON,SA,G,,0.1,,12,TURBIDITY,TURBI,5.1,,,5.1,,,,,,NTU,1,N,A,FIU15842,,0,0,,,,,,25.042469,80.914819,,,FIU,FIU,,,,,,,,,,,,
FLAB17,FLAB,6/17/99,SAMP,MON,SA,G,,0.1,,12,TURBIDITY,TURBI,3.3,,,3.3,,,,,,NTU,1,N,A,FIU15844,,0,0,,,,,,25.042469,80.914819,,,FIU,FIU,,,,,,,,,,,,
FLAB17,FLAB,7/6/99,SAMP,MON,SA,G,,0.1,,12,TURBIDITY,TURBI,2.6,,,2.6,,,,,,NTU,1,N,A,FIU15847,,0,0,,,,,,25.042469,80.914819,,,FIU,FIU,,,,,,,,EPA180.1,,00076,,
FLAB17,FLAB,8/24/99,SAMP,MON,SA,G,,0.1,,12,TURBIDITY,TURBI,2.6,,,2.6,,,,,,NTU,1,N,A,FIU15849,,0,0,,,,,,25.042469,80.914819,,,FIU,FIU,,,,,,,,EPA180.1,,00076,,
FLAB17,FLAB,9/23/99,SAMP,MON,SA,G,,0.1,,12,TURBIDITY,TURBI,2.3,,,2.3,,,,,,NTU,1,N,A,FIU15851,,0,0,,,,,,25.042469,80.914819,,,FIU,FIU,,,,,,,,EPA180.1,,00076,,
FLAB17,FLAB,10/26/99,SAMP,MON,SA,G,,0.1,,12,TURBIDITY,TURBI,10.7,,,10.7,,,,,,NTU,1,N,A,FIU15853,,0,0,,,,,,25.042469,80.914819,,,FIU,FIU,,,,,,,,EPA180.1,,00076,,
FLAB17,FLAB,11/12/99,SAMP,MON,SA,G,,0.1,,12,TURBIDITY,TURBI,28.7,,,28.7,,,,,,NTU,1,N,A,FIU15856,,0,0,,,,,,25.042469,80.914819,,,FIU,FIU,,,,,,,,EPA180.1,,00076,,
FLAB17,FLAB,12/3/99,SAMP,MON,SA,G,,0.1,,12,TURBIDITY,TURBI,5.2,,,5.2,,,,,,NTU,1,N,A,FIU15859,,0,0,,,,,,25.042469,80.914819,,,FIU,FIU,,,,,,,,EPA180.1,,00076,,
FLAB17,FLAB,1/25/00,SAMP,MON,SA,G,,0.1,,12,TURBIDITY,TURBI,1.3,,,1.3,,,,,,NTU,1,N,A,FIU15862,,0,0,,,,,,25.042469,80.914819,,,FIU,FIU,,,,,,,,EPA180.1,,00076,,
FLAB17,FLAB,2/28/00,SAMP,MON,SA,G,,0.1,,12,TURBIDITY,TURBI,3.5,,,3.5,,,,,,NTU,1,N,A,FIU15865,,0,0,,,,,,25.042469,80.914819,,,FIU,FIU,,,,,,,,EPA180.1,,00076,,
FLAB17,FLAB,3/21/00,SAMP,MON,SA,G,,0.1,,12,TURBIDITY,TURBI,2.4,,,2.4,,,,,,NTU,1,N,A,FIU15868,,0,0,,,,,,25.042469,80.914819,,,FIU,FIU,,,,,,,,EPA180.1,,00076,,
FLAB17,FLAB,4/13/00,SAMP,MON,SA,G,,0.1,,12,TURBIDITY,TURBI,1.1,,,1.1,,,,,,NTU,1,N,A,FIU15871,,0,0,,,,,,25.042469,80.914819,,,FIU,FIU,,,,,,,,EPA180.1,,00076,,
FLAB17,FLAB,5/30/00,SAMP,MON,SA,G,,0.1,,12,TURBIDITY,TURBI,2.4,,,2.4,,,,,,NTU,1,N,A,FIU15873,,0,0,,,,,,25.042469,80.914819,,,FIU,FIU,,,,,,,,EPA180.1,,00076,,
FLAB17,FLAB,6/20/00,SAMP,MON,SA,G,,0.1,,12,TURBIDITY,TURBI,1.8,,,1.8,,,,,,NTU,1,N,A,FIU15875,,0,0,,,,,,25.042469,80.914819,,,FIU,FIU,,,,,,,,EPA180.1,,00076,,
FLAB17,FLAB,7/20/00,SAMP,MON,SA,G,,0.1,,12,TURBIDITY,TURBI,1.1,,,1.1,,,,,,NTU,1,N,A,FIU15877,,0,0,,,,,,25.042469,80.914819,,,FIU,FIU,,,,,,,,EPA180.1,,00076,,
FLAB17,FLAB,8/29/00,SAMP,MON,SA,G,,0.1,,12,TURBIDITY,TURBI,1.9,,,1.9,,,,,,NTU,1,N,A,FIU15879,,0,0,,,,,,25.042469,80.914819,,,FIU,FIU,,,,,,,,EPA180.1,,00076,,
FLAB17,FLAB,9/28/00,SAMP,MON,SA,G,,0.1,,12,TURBIDITY,TURBI,1.8,,,1.8,,,,,,NTU,1,N,A,FIU15881,,0,0,,,,,,25.042469,80.914819,,,FIU,FIU,,,,,,,,EPA180.1,,00076,,
FLAB17,FLAB,10/26/00,SAMP,MON,SA,G,,0.1,,12,TURBIDITY,TURBI,1.7,,,1.7,,,,,,NTU,1,N,A,FIU15883,,0,0,,,,,,25.042469,80.914819,,,FIU,FIU,,,,,,,,EPA180.1,,00076,,
FLAB17,FLAB,11/30/00,SAMP,MON,SA,G,,0.1,,12,TURBIDITY,TURBI,1.4,,,1.4,,,,,,NTU,1,N,A,FIU15885,,0,0,,,,,,25.042469,80.914819,,,FIU,FIU,,,,,,,,EPA180.1,,00076,,
FLAB17,FLAB,12/11/00,SAMP,MON,SA,G,,0.1,,12,TURBIDITY,TURBI,1.1,,,1.1,,,,,,NTU,1,N,A,FIU15887,,0,0,,,,,,25.042469,80.914819,,,FIU,FIU,,,,,,,,EPA180.1,,00076,,
FLAB17,FLAB,1/25/01,SAMP,MON,SA,G,,0.1,,12,TURBIDITY,TURBI,5.9,J5,yes,5.9,,,,,,NTU,1,N,A,FIU15889,,0,0,,,,,,25.042469,80.914819,,,FIU,FIU,,,,CA,,,,EPA180.1,,00076,,EB VALUE UNAVAILABLE.
FLAB17,FLAB,2/21/01,SAMP,MON,SA,G,,0.1,,12,TURBIDITY,TURBI,6.4,,,6.4,,,,,,NTU,1,N,A,FIU15891,,0,0,,,,,,25.042469,80.914819,,,FIU,FIU,,,,,,,,EPA180.1,,00076,,
FLAB17,FLAB,3/6/01,SAMP,MON,SA,G,,0.1,,12,TURBIDITY,TURBI,11.7,,,11.7,,,,,,NTU,1,N,A,FIU15893,,0,0,,,,,,25.042469,80.914819,,,FIU,FIU,,,,,,,,EPA180.1,,00076,,
FLAB17,FLAB,4/3/01,SAMP,MON,SA,G,,0.1,,12,TURBIDITY,TURBI,2.9,,,2.9,,,,,,NTU,1,N,A,FIU15895,,0,0,,,,,,25.042469,80.914819,,,FIU,FIU,,,,,,,,EPA180.1,,00076,,
FLAB17,FLAB,5/2/01,SAMP,MON,SA,G,,0.1,,12,TURBIDITY,TURBI,2.3,,,2.3,,,,,,NTU,1,N,A,FIU15897,,0,0,,,,,,25.042469,80.914819,,,FIU,FIU,,,,,,,,EPA180.1,,00076,,
FLAB17,FLAB,6/5/01,SAMP,MON,SA,G,,0.1,,12,TURBIDITY,TURBI,1.4,,,1.4,,,,,,NTU,1,N,A,FIU110790,,0,0,,,,,,25.042469,80.914819,,,FIU,FIU,,,,,,,,EPA180.1,,00076,,
FLAB17,FLAB,7/12/01,SAMP,MON,SA,G,,0.1,,12,TURBIDITY,TURBI,1.9,,,1.9,,,,,,NTU,1,N,A,FIU15899,,0,0,,,,,,25.042469,80.914819,,,FIU,FIU,,,,,,,,EPA180.1,,00076,,
FLAB17,FLAB,8/14/01,SAMP,MON,SA,G,,0.1,,12,TURBIDITY,TURBI,0.7,,,0.7,,,,,,NTU,1,N,A,FIU15901,,0,0,,,,,,25.042469,80.914819,,,FIU,FIU,,,,,,,,EPA180.1,,00076,,
FLAB17,FLAB,9/5/01,SAMP,MON,SA,G,,0.1,,12,TURBIDITY,TURBI,0.9,,,0.9,,,,,,NTU,1,N,A,FIU15903,,0,0,,,,,,25.042469,80.914819,,,FIU,FIU,,,,,,,,EPA180.1,,00076,,
FLAB17,FLAB,10/23/01,SAMP,MON,SA,G,,0.1,,12,TURBIDITY,TURBI,1,,,1,,,,,,NTU,1,N,A,FIU110504,,0,0,,,,,,25.042469,80.914819,,,FIU,FIU,,,,,,128017,10/23/01 23:09,EPA180.1,,00076,,
FLAB17,FLAB,11/8/01,SAMP,MON,SA,G,,0.1,,12,TURBIDITY,TURBI,4.5,,,4.5,,,,,,NTU,1,N,A,FIU110506,,0,0,,,,,,25.042469,80.914819,,,FIU,FIU,,,,,,129017,11/8/01 23:09,EPA180.1,,00076,,
FLAB17,FLAB,12/3/01,SAMP,MON,SA,G,,0.1,,12,TURBIDITY,TURBI,0.8,,,0.8,,,,,,NTU,1,N,A,FIU110508,,0,0,,,,,,25.042469,80.914819,,,FIU,FIU,,,,,,130017,12/3/01 23:09,EPA180.1,,00076,,
FLAB17,FLAB,1/29/02,SAMP,MON,SA,G,,0.1,,12,TURBIDITY,TURBI,0.4,,,0.4,,,,,,NTU,1,N,A,FIU113136,,0,0,,,,,,25.042469,80.914819,,,FIU,FIU,,,,,,131017,1/29/02 0:00,EPA180.1,,00076,,
FLAB17,FLAB,2/20/02,SAMP,MON,SA,G,,0.1,,12,TURBIDITY,TURBI,1.4,,,1.4,,,,,,NTU,1,N,A,FIU113138,,0,0,,,,,,25.042469,80.914819,,,FIU,FIU,,,,,,132017,2/20/02 0:00,EPA180.1,,00076,,
FLAB17,FLAB,3/19/02,SAMP,MON,SA,G,,0.1,,12,TURBIDITY,TURBI,2.3,,,2.3,,,,,,NTU,1,N,A,FIU113140,,0,0,,,,,,25.042469,80.914819,,,FIU,FIU,,,,,,133017,3/19/02 0:00,EPA180.1,,00076,,
FLAB17,FLAB,4/9/02,SAMP,MON,SA,G,,0.1,,12,TURBIDITY,TURBI,3.7,,,3.7,,,,,,NTU,1,N,A,134017,,0,0,,,,,,25.042469,80.914819,,,FIU,FIU,,,,,,134017,4/11/02 0:00,EPA180.1,,76,,
FLAB17,FLAB,5/15/02,SAMP,MON,SA,G,,0.1,,12,TURBIDITY,TURBI,0.9,,,0.9,,,,,,NTU,1,N,A,135017,,0,0,,,,,,25.042469,80.914819,,,FIU,FIU,,,,,,135017,5/15/02 18:00,EPA180.1,,76,,
FLAB17,FLAB,6/4/02,SAMP,MON,SA,G,,0.1,,12,TURBIDITY,TURBI,1.5,,,1.5,,,,,,NTU,1,N,A,136017,,0,0,,,,,,25.042469,80.914819,,,FIU,FIU,,,,,,136017,6/4/02 16:00,EPA180.1,,76,,
FLAB17,FLAB,7/11/02,SAMP,MON,SA,G,,0.1,,12,TURBIDITY,TURBI,1.5,,,1.5,,,,,,NTU,1,N,A,137017,,0,0,,,,,,25.042469,80.914819,,,FIU,FIU,,,,,,137017,7/11/02 19:53,EPA180.1,,76,,
FLAB17,FLAB,8/19/02,SAMP,MON,SA,G,,0.1,,12,TURBIDITY,TURBI,1.1,,,1.1,,,,,,NTU,1,N,A,138017,,0,0,,,,,,25.042469,80.914819,,,FIU,FIU,,,,,,138017,8/19/02 19:50,EPA180.1,,00076,,
FLAB17,FLAB,9/17/02,SAMP,MON,SA,G,,0.1,,12,TURBIDITY,TURBI,1.5,,,1.5,,,,,,NTU,1,N,A,139017,,0,0,,,,,,25.042469,80.914819,,,FIU,FIU,,,,,,139017,9/17/02 19:55,EPA180.1,,00076,,
FLAB17,FLAB,10/17/02,SAMP,MON,SA,G,,0.1,,12,TURBIDITY,TURBI,2.7,,,2.7,,,,,,NTU,1,N,A,140017,,0,0,,,,,,25.042469,80.914819,,,FIU,FIU,,,,,,140017,10/17/02 19:06,EPA180.1,,00076,,
FLAB17,FLAB,11/14/02,SAMP,MON,SA,G,,0.1,,12,TURBIDITY,TURBI,2.5,,,2.5,,,,,,NTU,1,N,A,141017,,0,0,,,,,,25.042469,80.914819,,,FIU,FIU,,,,,,141017,11/14/02 17:33,EPA180.1,,00076,,
FLAB17,FLAB,12/11/02,SAMP,MON,SA,G,,0.1,,12,TURBIDITY,TURBI,0.6,,,0.6,,,,,,NTU,1,N,A,142017,,0,0,,,,,,25.042469,80.914819,,,FIU,FIU,,,,,,142017,12/11/02 19:58,EPA180.1,,00076,,
FLAB17,FLAB,1/28/03,SAMP,MON,SA,G,,0.1,,12,TURBIDITY,TURBI,2.8,,,2.8,,,,,,NTU,1,N,A,143017,,0,0,,,,,,25.042469,80.914819,,,FIU,FIU,,,,,,143017,1/28/03 19:00,EPA180.1,,00076,,
FLAB17,FLAB,2/25/03,SAMP,MON,SA,G,,0.1,,12,TURBIDITY,TURBI,1.1,,,1.1,,,,,,NTU,1,N,A,144017,,0,0,,,,,,25.042469,80.914819,,,FIU,FIU,,,,,,144017,2/25/03 20:00,EPA180.1,,00076,,
FLAB17,FLAB,3/13/03,SAMP,MON,SA,G,,0.1,,12,TURBIDITY,TURBI,1.5,,,1.5,,,,,,NTU,1,N,A,145017,,0,0,,,,,,25.042469,80.914819,,,FIU,FIU,,,,,,145017,3/13/03 19:00,EPA180.1,,00076,,
FLAB17,FLAB,4/9/03,SAMP,MON,SA,G,,0.1,,12,TURBIDITY,TURBI,1.4,,,1.4,,,,,,NTU,1,N,A,146017,,0,0,,,,,,25.042469,80.914819,,,FIU,FIU,,,,,,146017,4/9/03 17:06,EPA180.1,,76,,
FLAB17,FLAB,5/8/03,SAMP,MON,SA,G,,0.1,,12,TURBIDITY,TURBI,2.1,,,2.1,,,,,,NTU,1,N,A,147017,,0,0,,,,,,25.042469,80.914819,,,FIU,FIU,,,,,,147017,5/8/03 16:30,EPA180.1,,76,,
FLAB17,FLAB,6/10/03,SAMP,MON,SA,G,,0.1,,12,TURBIDITY,TURBI,1.4,,,1.4,,,,,,NTU,1,N,A,148017,,0,0,,,,,,25.042469,80.914819,,,FIU,FIU,,,,,,148017,6/10/03 16:00,EPA180.1,,76,,
FLAB17,FLAB,7/1/03,SAMP,MON,SA,G,,0.1,,12,TURBIDITY,TURBI,1.5,,,1.5,,,,,,NTU,1,N,A,149017,,0,0,,,,,,25.042469,80.914819,,,FIU,FIU,,,,,,149017,7/1/03 16:50,EPA180.1,,76,,
FLAB17,FLAB,8/25/03,SAMP,MON,SA,G,,0.1,,12,TURBIDITY,TURBI,0.7,,,0.7,,,,,,NTU,1,N,A,150017,,0,0,,,,,,25.042469,80.914819,,,FIU,FIU,,,,,,150017,8/25/03 17:00,EPA180.1,,76,,
FLAB17,FLAB,9/9/03,SAMP,MON,SA,G,,0.1,,12,TURBIDITY,TURBI,0.8,,,0.8,,,,,,NTU,1,N,A,151017,,0,0,,,,,,25.042469,80.914819,,,FIU,FIU,,,,,,151017,9/9/03 20:30,EPA180.1,,76,,
FLAB17,FLAB,10/15/03,SAMP,MON,SA,G,,0.1,,12,TURBIDITY,TURBI,1.1,,,1.1,,,,,,NTU,1,N,A,152017,,0,0,,,,,,25.042469,80.914819,,,FIU,FIU,,,,,,152017,10/15/03 17:33,EPA180.1,,76,,
FLAB17,FLAB,11/7/03,SAMP,MON,SA,G,,0.1,,12,TURBIDITY,TURBI,1.1,,,1.1,,,,,,NTU,1,N,A,153017,,0,0,,,,,,25.042469,80.914819,,,FIU,FIU,,,,,,153017,11/7/03 18:00,EPA180.1,,76,,
FLAB17,FLAB,12/3/03,SAMP,MON,SA,G,,0.1,,12,TURBIDITY,TURBI,1.7,,,1.7,,,,,,NTU,1,N,A,154017,,0,0,,,,,,25.042469,80.914819,,,FIU,FIU,,,,,,154017,12/3/03 17:00,EPA180.1,,76,,
FLAB17,FLAB,1/21/04,SAMP,MON,SA,G,,0.1,,12,TURBIDITY,TURBI,1,,,1,,,,,,NTU,1,N,A,155017,,0,0,,,,,,25.042469,80.914819,,,FIU,FIU,,,,,,155017,1/21/04 17:42,EPA180.1,,76,,
FLAB17,FLAB,2/24/04,SAMP,MON,SA,G,,0.1,,12,TURBIDITY,TURBI,0.4,,,0.4,,,,,,NTU,1,N,A,156017,,0,0,,,,,,25.042469,80.914819,,,FIU,FIU,,,,,,156017,2/24/04 20:00,EPA180.1,,76,,
FLAB17,FLAB,3/23/04,SAMP,MON,SA,G,,0.1,,12,TURBIDITY,TURBI,1.2,,,1.2,,,,,,NTU,1,N,A,157017,,0,0,,,,,,25.042469,80.914819,,,FIU,FIU,,,,,,157017,3/23/04 22:10,EPA180.1,,76,,
FLAB17,FLAB,4/21/04,SAMP,MON,SA,G,,0.1,,12,TURBIDITY,TURBI,1,,,1,,,,,,NTU,1,N,A,158017,,0,0,,,,,,25.042469,80.914819,,,FIU,FIU,,,,,,158017,4/21/04 20:20,EPA180.1,,76,,
FLAB17,FLAB,5/21/04,SAMP,MON,SA,G,,0.1,,12,TURBIDITY,TURBI,1.9,,,1.9,,,,,,NTU,1,N,A,159017,,0,0,,,,,,25.042469,80.914819,,,FIU,FIU,,,,,,159017,5/21/04 20:15,EPA180.1,,76,,
FLAB17,FLAB,6/28/04,SAMP,MON,SA,G,,0.1,,12,TURBIDITY,TURBI,0.9,,,0.9,,,,,,NTU,1,N,A,160017,,0,0,,,,,,25.042469,80.914819,,,FIU,FIU,,,,,,160017,6/28/04 19:50,EPA180.1,,76,,
FLAB17,FLAB,7/27/04,SAMP,MON,SA,G,,0.1,,12,TURBIDITY,TURBI,0.4,,,0.4,,,,,,NTU,1,N,A,161017,,0,0,,,,,,25.042469,80.914819,,,FIU,FIU,,,,,,161017,7/27/04 19:10,EPA180.1,,76,,
FLAB17,FLAB,8/24/04,SAMP,MON,SA,G,,0.1,,12,TURBIDITY,TURBI,0.6,,,0.6,,,,,,NTU,1,N,A,162017,,0,0,,,,,,25.042469,80.914819,,,FIU,FIU,,,,,,162017,8/24/04 18:30,EPA180.1,,76,,
FLAB17,FLAB,9/28/04,SAMP,MON,SA,G,,0.1,,12,TURBIDITY,TURBI,1,,,1,,,,,,NTU,1,N,A,163017,,0,0,,,,,,25.042469,80.914819,,,FIU,FIU,,,,,,163017,9/28/04 19:10,EPA180.1,,76,,
FLAB17,FLAB,10/26/04,SAMP,MON,SA,G,,0.1,,12,TURBIDITY,TURBI,0.9,,,0.9,,,,,,NTU,1,N,A,164017,,0,0,,,,,,25.042469,80.914819,,,FIU,FIU,,,,,,164017,10/26/04 19:20,EPA180.1,,76,,
FLAB17,FLAB,11/29/04,SAMP,MON,SA,G,,0.1,,12,TURBIDITY,TURBI,0.5,,,0.5,,,,,,NTU,1,N,A,165017,,0,0,,,,,,25.042469,80.914819,,,FIU,FIU,,,,,,165017,11/29/04 18:40,EPA180.1,,76,,
FLAB17,FLAB,12/14/04,SAMP,MON,SA,G,,0.1,,12,TURBIDITY,TURBI,0.4,,,0.4,,,,,,NTU,1,N,A,166017,,0,0,,,,,,25.042469,80.914819,,,FIU,FIU,,,,,,166017,12/14/04 16:40,EPA180.1,,76,,
FLAB17,FLAB,10/9/06,SAMP,MON,SA,G,,0,,12,TURBIDITY,TURBI,1.205,,,1.2,,1,,,,NTU,1,N,A,FB188FB017UA,,0,0,,,,,,25.042469,80.914819,FIU,E76930,FIU,WMD,WMD,2,BA,CA,,AB64795,10/11/06 6:00,EPA 180.1,,82079,,
FLAB17,FLAB,11/7/06,SAMP,MON,SA,G,,0,,12,TURBIDITY,TURBI,1.545,,,1.5,,1,,,,NTU,1,N,A,FB189FB017UA,,0,0,,,,,,25.042469,80.914819,FIU,E76930,FIU,WMD,WMD,2,BA,CA,,AB70876,11/7/06 20:00,EPA 180.1,,82079,,
FLAB17,FLAB,12/3/06,SAMP,MON,SA,G,,0,,12,TURBIDITY,TURBI,0.22,J,yes,0.2,,1,,,,NTU,1,N,A,FB190FB017UA,,0,0,,,,,,25.042469,80.914819,FIU,E76930,FIU,WMD,WMD,2,BA,CA,,AB72196,12/3/06 18:00,EPA 180.1,,82079,,Target analyte was found in EB;
FLAB17,FLAB,1/11/07,SAMP,MON,SA,G,,0,,12,TURBIDITY,TURBI,0.555,,,0.6,,1,,,,NTU,1,N,A,FB191FB017UA,,0,0,,,,,,25.042469,80.914819,FIU,E76930,FIU,WMD,WMD,2,BA,CA,,AB74852,1/11/07 15:00,EPA 180.1,,82079,,
FLAB17,FLAB,2/7/07,SAMP,MON,SA,G,,0,,12,TURBIDITY,TURBI,0.33,,,0.3,,1,,,,NTU,1,N,A,FB192FB017UA,,0,0,,,,,,25.042469,80.914819,FIU,E76930,FIU,WMD,WMD,2,BA,CA,,AB76750,2/7/07 16:00,EPA 180.1,,82079,,
FLAB17,FLAB,3/12/07,SAMP,MON,SA,G,,0,,12,TURBIDITY,TURBI,4.11,,,4.1,,1,,,,NTU,1,N,A,FB193FB017UA,,0,0,,,,,,25.042469,80.914819,FIU,E76930,FIU,WMD,WMD,2,BA,CA,,AB78000,3/14/07 16:30,EPA 180.1,,82079,,
FLAB17,FLAB,4/3/07,SAMP,MON,SA,G,,0,,12,TURBIDITY,TURBI,2.6,,,2.6,,1,,,,NTU,1,N,A,FB194FB017UA,,0,0,,,,,,25.042469,80.914819,FIU,E76930,FIU,WMD,WMD,2,BA,CA,,AB79025,4/3/07 17:00,EPA 180.1,,82079,,
FLAB17,FLAB,5/1/07,SAMP,MON,SA,G,,0,,12,TURBIDITY,TURBI,1.17,,,1.2,,1,,,,NTU,1,N,A,FB195FB017UA,,0,0,,,,,,25.042469,80.914819,FIU,E76930,FIU,WMD,WMD,2,BA,CA,,AB82086,5/1/07 17:30,EPA 180.1,,82079,,
FLAB17,FLAB,6/6/07,SAMP,MON,SA,G,,0,,12,TURBIDITY,TURBI,5.44,,,5.4,,1,,,,NTU,1,N,A,FB196FB017UA,,0,0,,,,,,25.042469,80.914819,FIU,E76930,FIU,WMD,WMD,2,BA,CA,,AB83985,6/6/07 19:30,EPA 180.1,,82079,,
FLAB17,FLAB,7/3/07,SAMP,MON,SA,G,,0,,12,TURBIDITY,TURBI,0.08,A,,0.1,,1,,,,NTU,1,N,A,FB197FB017UA,,0,0,,,,,,25.042469,80.914819,FIU,E76930,FIU,WMD,WMD,2,BA,CA,,AB85564,7/3/07 18:15,EPA 180.1,,82079,,
FLAB17,FLAB,8/7/07,SAMP,MON,SA,G,,0,,12,TURBIDITY,TURBI,1.3,A,,1.3,,1,,,,NTU,1,N,A,FB198FB017UA,,0,0,,,,,,25.042469,80.914819,FIU,E76930,FIU,WMD,WMD,2,BA,CA,,AB89021,8/7/07 12:09,EPA 180.1,,82079,,
FLAB17,FLAB,9/5/07,SAMP,MON,SA,G,,0,,12,TURBIDITY,TURBI,0.83,A,,0.8,,1,,,,NTU,1,N,A,FB199FB017UA,,0,0,,,,,,25.042469,80.914819,FIU,E76930,FIU,WMD,WMD,2,BA,CA,,AB90692,9/5/07 12:27,EPA 180.1,,82079,,
FLAB17,FLAB,10/4/07,SAMP,MON,SA,G,,0,,12,TURBIDITY,TURBI,0.78,,,0.8,,1,,,,NTU,1,N,A,FB200FB017,,0,0,,,,,,25.042469,80.914819,FIU,E76930,FIU,WMD,WMD,2,BA,CA,,AB92293,10/4/07 18:30,EPA 180.1,,82079,,
FLAB17,FLAB,11/6/07,SAMP,MON,SA,G,,0,,12,TURBIDITY,TURBI,0.06,,,0.1,,1,,,,NTU,1,N,A,FB201FB017,,0,0,,,,,,25.042469,80.914819,FIU,E76930,FIU,WMD,WMD,2,BA,CA,,AB93887,11/6/07 15:32,EPA 180.1,,82079,,
FLAB17,FLAB,12/7/07,SAMP,MON,SA,G,,0,,12,TURBIDITY,TURBI,0.105,,,0.1,,1,,,,NTU,1,N,A,FB202FB017,,0,0,,,,,,25.042469,80.914819,FIU,E76930,FIU,WMD,WMD,2,BA,CA,,AB94305,12/7/07 15:03,EPA 180.1,,82079,,
FLAB17,FLAB,1/9/08,SAMP,MON,SA,G,,0,,12,TURBIDITY,TURBI,0.485,,,0.5,,1,,,,NTU,1,N,A,FB203FB017,,0,0,,,,,,25.042469,80.914819,FIU,E76930,FIU,WMD,WMD,2,BA,CA,,AB95216,1/9/08 15:41,EPA 180.1,,82079,,
FLAB17,FLAB,1/9/08,SAMP,MON,SA,G,,0,,12,TURBIDITY,TURBI,0.485,,,0.5,,1,,,,NTU,1,N,A,FB203FB017B,,0,0,,,,,,25.042469,80.914819,FIU,E76930,FIU,WMD,WMD,2,BA,CA,,AB95216_B,1/9/08 15:41,EPA 180.1,,82079,Measurements done close to the bottom.,
FLAB17,FLAB,2/8/08,SAMP,MON,SA,G,,0,,12,TURBIDITY,TURBI,0.5,,,0.5,,1,,,,NTU,1,N,A,FB204FB017,,0,0,,,,,,25.042469,80.914819,FIU,E76930,FIU,WMD,WMD,2,BA,CA,,AB95732,2/8/08 16:20,EPA 180.1,,82079,,
FLAB17,FLAB,2/8/08,SAMP,MON,SA,G,,0,,12,TURBIDITY,TURBI,0.5,,,0.5,,1,,,,NTU,1,N,A,FB204FB017B,,0,0,,,,,,25.042469,80.914819,FIU,E76930,FIU,WMD,WMD,2,BA,CA,,AB95732_B,2/8/08 16:20,EPA 180.1,,82079,Measurements done close to the bottom.,
FLAB17,FLAB,4/2/08,SAMP,MON,SA,G,,0,,12,TURBIDITY,TURBI,0.985,,,1,,1,,,,NTU,1,N,A,FB206FB017,,0,0,,,,,,25.042469,80.914819,FIU,E76930,FIU,WMD,WMD,2,BA,CA,4/2/08 11:20,AB96549,4/2/08 11:20,EPA 180.1,,82079,,
FLAB17,FLAB,4/2/08,SAMP,MON,SA,G,,0,,12,TURBIDITY,TURBI,0.985,,,1,,1,,,,NTU,1,N,A,FB206FB017B,,0,0,,,,,,25.042469,80.914819,FIU,E76930,FIU,WMD,WMD,2,BA,CA,4/2/08 11:22,AB96549_B,4/2/08 11:22,EPA 180.1,,82079,Measurements done close to the bottom.,
FLAB17,FLAB,5/7/08,SAMP,MON,SA,G,,0,,12,TURBIDITY,TURBI,0.25,,,0.2,,1,,,,NTU,1,N,A,FB207FB017,,0,0,,,,,,25.042469,80.914819,FIU,E76930,FIU,WMD,WMD,2,BA,CA,5/7/08 11:43,AB97312,5/7/08 11:43,EPA 180.1,,82079,,
FLAB17,FLAB,5/7/08,SAMP,MON,SA,G,,0,,12,TURBIDITY,TURBI,0.25,,,0.2,,1,,,,NTU,1,N,A,FB207FB017B,,0,0,,,,,,25.042469,80.914819,FIU,E76930,FIU,WMD,WMD,2,BA,CA,5/7/08 11:45,AB97312_B,5/7/08 11:45,EPA 180.1,,82079,Measurements done close to the bottom.,
FLAB17,FLAB,6/4/08,SAMP,MON,SA,G,,0,,12,TURBIDITY,TURBI,0.685,,,0.7,,1,,,,NTU,1,N,A,FB208FB017,,0,0,,,,,,25.042469,80.914819,FIU,E76930,FIU,WMD,WMD,2,BA,CA,6/4/08 13:21,AB97876,6/4/08 13:21,EPA 180.1,,82079,,
FLAB17,FLAB,6/4/08,SAMP,MON,SA,G,,0,,12,TURBIDITY,TURBI,0.685,,,0.7,,1,,,,NTU,1,N,A,FB208FB017B,,0,0,,,,,,25.042469,80.914819,FIU,E76930,FIU,WMD,WMD,2,BA,CA,6/4/08 13:23,AB97876_B,6/4/08 13:23,EPA 180.1,,82079,Measurements done close to the bottom.,
FLAB17,FLAB,1/6/09,SAMP,MON,SA,G,,0.5,,12,TURBIDITY,TURBI,0.3,I,,0.3,,1,0.1,0.4,0.1,NTU,1,N,A,P42962-9,,1,2,,,1.6,,,25.042469,80.914819,FWEC,E46077,WMD,WMD,WMD,2,BA,NO,1/7/09 10:35,16141009,1/7/09 14:18,SM2130B,,82079,Clear calm waters.  Little to no chop and very light winds.  Sample clear with no visable solids.,
FLAB17,FLAB,2/10/09,SAMP,MON,SA,G,,0.5,,12,TURBIDITY,TURBI,0.9,,,0.9,,1,0.1,0.4,0.1,NTU,1,N,A,P42977-6,,1,1,,,1.3,,,25.042469,80.914819,FWEC,E46077,WMD,WMD,WMD,2,BA,NO,2/11/09 10:38,16156006,2/12/09 8:24,SM2130B,,82079,Calming windsc and light chop.  Sample clear.,
FLAB17,FLAB,3/10/09,SAMP,MON,SA,G,,0.5,,12,TURBIDITY,TURBI,0.7,,,0.7,,1,0.1,0.4,0.1,NTU,1,N,A,P43360-6,,1,2,,,1.4,,,25.042469,80.914819,FWEC,E46077,WMD,WMD,WMD,2,BA,NO,3/11/09 11:10,16637006,3/11/09 14:26,SM2130B,,82079,Calming winds and a light chop.  Sample clear.,
FLAB17,FLAB,4/14/09,SAMP,MON,SA,G,,0.5,,12,TURBIDITY,TURBI,1.1,,,1.1,,1,0.1,0.4,0.1,NTU,1,N,A,P43537-6,,1,3,,,1.7,,,25.042469,80.914819,FWEC,E46077,WMD,WMD,WMD,2,BA,NO,4/15/09 9:58,16858006,4/16/09 6:29,SM2130B,,82079,calm seas and calm conditions.  Sample clear.,
FLAB17,FLAB,5/12/09,SAMP,MON,SA,G,,0.5,,12,TURBIDITY,TURBI,1,,,1,,1,0.1,0.4,0.1,NTU,1,N,A,P43934-6,,1,3,,,1.9,,,25.042469,80.914819,FWEC,E46077,WMD,WMD,WMD,2,BA,NO,5/13/09 9:57,17325006,5/13/09 14:47,SM2130B,,82079,Calm and clear.  Extremely salty with salinity near 50 ppt.,
FLAB17,FLAB,6/9/09,SAMP,MON,SA,G,,0.5,,12,TURBIDITY,TURBI,1.1,,,1.1,,1,0.1,0.4,0.1,NTU,1,N,A,P43949-6,,1,2,,,1.9,,,25.042469,80.914819,FWEC,E46077,WMD,WMD,WMD,2,BA,NO,6/10/09 9:57,17342006,6/10/09 12:45,SM2130B,,82079,Clear and very calm.  Sample clear of solids.  Good deal of plant matter (broken seagrass) observed floating on water column.,
FLAB17,FLAB,7/8/09,SAMP,MON,SA,G,,0.5,,12,TURBIDITY,TURBI,0.5,,,0.5,,1,0.1,0.4,0.1,NTU,1,N,A,P44581-6,,1,1,,,1.5,,,25.042469,80.914819,FWEC,E46077,WMD,WMD,WMD,2,BA,NO,7/9/09 9:52,18188020,7/9/09 14:46,SM2130B,,82079,"Sample clear with no visible solids.   SECCHI ON BOTTOM.  Calm conditions, clear skies, sunny.",
FLAB17,FLAB,8/11/09,SAMP,MON,SA,G,,0.5,,12,TURBIDITY,TURBI,1.1,,,1.1,,1,0.1,0.4,0.1,NTU,1,N,A,P44608-6,,1,3,,,1.7,,,25.042469,80.914819,FWEC,E46077,WMD,WMD,WMD,2,BA,NO,8/12/09 10:59,18222020,8/12/09 13:28,SM2130B,,82079,"Samole very light yellow, with low solids.   SECCHI ON BOTTOM.  Water calm, seagrass floating in water. Overcast, temperature high 80's degrees F.",
FLAB17,FLAB,9/9/09,SAMP,MON,SA,G,,0.5,,12,TURBIDITY,TURBI,1.5,,,1.5,,1,0.1,0.4,0.1,NTU,1,N,A,P45420-6,,1,1,,,1.7,,,25.042469,80.914819,FWEC,E46077,WMD,WMD,WMD,2,BA,NO,9/10/09 12:15,19265006,9/10/09 14:22,SM2130B,,82079,"Sample pale yellow with no visible solids. Light outgoing flow. SECCHI ON BOTTOM. Less than 0.5' chop, with winds 5-10 mph. Seagrass observed floating on water's surface.",
FLAB17,FLAB,10/6/09,SAMP,MON,SA,G,,0.5,,12,TURBIDITY,TURBI,0.6,,,0.6,,1,0.1,0.4,0.1,NTU,1,N,A,P45904-6,,1,3,,,1.6,,,25.042469,80.914819,FWEC,E46077,WMD,WMD,WMD,2,BA,NO,10/7/09 13:03,19876006,10/8/09 7:34,SM2130B,,82079,"Sample clear, no visible solids.  Low flow, light chop.   SECCHI ON BOTTOM. Some seagrass floating on water surface.",
FLAB17,FLAB,11/3/09,SAMP,MON,SA,G,,0.5,,12,TURBIDITY,TURBI,0.9,,,0.9,,1,0.1,0.4,0.1,NTU,1,N,A,P46182-6,,1,1,,,1.5,,,25.042469,80.914819,FWEC,E46077,WMD,WMD,WMD,2,BA,NO,11/4/09 12:09,20231006,11/5/09 8:58,SM2130B,,82079,"Sample pale yellow with no visible solids. SECCHI ON BOTTOM. Low flow. Calm conditions, no chop.",
FLAB17,FLAB,12/2/09,SAMP,MON,SA,G,,0.5,m,12,TURBIDITY,TURBI,0.6,,,0.6,,1,0.1,0.4,0.1,NTU,1,N,A,P46550-6,,1,3,,,,,,25.042469,80.914819,FWEC,E46077,WMD,WMD,WMD,2,BA,NO,12/3/09 10:22,20734006,12/3/09 13:24,SM2130B,,82079,Sample pale yellow with no visible solids. Low flow. SECCHI ON BOTTOM. 1' chop with winds approx. 20 mph. FCEB taken at this station.,
FLAB17,FLAB,1/6/10,SAMP,MON,SA,G,,0.5,m,12,TURBIDITY,TURBI,1,,,1,,1,0.1,0.4,0.1,NTU,1,N,A,P46791-7,,1,1,,,,,,25.042469,80.914819,FWEC,E46077,WMD,WMD,WMD,2,BA,NO,1/7/10 10:50,21029007,1/7/10 13:58,SM2130B,,82079,"Sample clear, no visible solids.  Calm water, minimal chop.  Low flow.  Winds 10-15mph.   SECCHI ON BOTTOM.",
FLAB17,FLAB,2/3/10,SAMP,MON,SA,G,,0.5,m,12,TURBIDITY,TURBI,1.8,,,1.8,,1,0.1,0.4,0.1,NTU,1,N,A,P47181-6,,1,1,,,,,,25.042469,80.914819,FWEC,E46077,WMD,WMD,WMD,2,BA,NO,2/4/10 9:49,21663006,2/4/10 10:32,SM2130B,,82079,"Sample pale yellow, with low solids.  Low flow, light chop.  Winds 5-10mph.   SECCHI ON BOTTOM.",
FLAB17,FLAB,3/2/10,SAMP,MON,SA,G,,0.5,m,12,TURBIDITY,TURBI,2.5,,,2.5,,1,0.1,0.4,0.1,NTU,1,N,A,P47470-6,,1,6,,,,,,25.042469,80.914819,FWEC,E46077,WMD,WMD,WMD,2,BA,NO,3/3/10 10:29,22044006,3/3/10 12:12,SM2130B,,82079,"Sample pale green, with low solids.  Low flow.  2-3 foot seas, choppy.  Winds 20-30mph.  Heavy rain.   SECCHI ON BOTTOM.",
FLAB17,FLAB,4/7/10,SAMP,MON,SA,G,,0.5,m,12,TURBIDITY,TURBI,1.5,,,1.5,,1,0.1,0.4,0.1,NTU,1,N,A,P47826-6,,1,1,,,,,,25.042469,80.914819,FWEC,E46077,WMD,WMD,WMD,2,BA,NO,4/8/10 11:08,22508006,4/8/10 13:21,SM2130B,,82079,Sample pale yellow with low suspended solids. Low flow with slight chop up to 1' and 15 mph winds. SECCHI ON BOTTOM.,
FLAB17,FLAB,5/5/10,SAMP,MON,SA,G,,0.5,m,12,TURBIDITY,TURBI,0.6,,,0.6,,1,0.1,0.4,0.1,NTU,1,N,A,P48079-6,,1,2,,,,,,25.042469,80.914819,FWEC,E46077,WMD,WMD,WMD,2,BA,NO,5/6/10 9:54,22815006,5/6/10 10:46,SM2130B,,82079,Sample if pale yellow with no visible soilds present. Low flow with minimal chop less than 1' and variable winds of 4-7 mph. SECCHI ON BOTTOM.,
FLAB17,FLAB,6/2/10,SAMP,MON,SA,G,,0.5,m,12,TURBIDITY,TURBI,1.1,,,1.1,,1,0.1,0.4,0.1,NTU,1,N,A,P48377-8,,1,1,,,,,,25.042469,80.914819,FWEC,E46077,WMD,WMD,WMD,2,BA,NO,6/3/10 10:48,23191008,6/3/10 12:53,SM2130B,,82079,comments too long see field notes,
FLAB17,FLAB,7/7/10,SAMP,MON,SA,G,,0.5,m,12,TURBIDITY,TURBI,1.7,,,1.7,,1,0.1,0.4,0.1,NTU,1,N,A,P48677-8,,1,1,,,,,,25.042469,80.914819,FWEC,E46077,WMD,WMD,WMD,2,BA,NO,7/8/10 12:00,23534008,7/8/10 13:30,SM2130B,,82079,Sample is light yellow with low suspended solids present. Low flow with light chop up to 6 inches and light variable winds from 3 to 5 mph. SECCHI ON BOTTOM.,
FLAB17,FLAB,8/4/10,SAMP,MON,SA,G,,0.5,m,12,TURBIDITY,TURBI,0.4,,,0.4,,1,0.1,0.4,0.1,NTU,1,N,A,P48891-8,,1,3,,,,,,25.042469,80.914819,FWEC,E46077,WMD,WMD,WMD,2,BA,NO,8/5/10 9:58,23828008,8/5/10 13:49,SM2130B,,82079,Sample is light yellow with low suspended solids present. Low flow with variable 8 to 11 mph winds from the east north east. SECCHI ON BOTTOM.,
FLAB17,FLAB,9/8/10,SAMP,MON,SA,G,,0.5,m,12,TURBIDITY,TURBI,2,,,2,,1,0.1,0.4,0.1,NTU,1,N,A,P49169-8,,1,1,,,,,,25.042469,80.914819,FWEC,E46077,WMD,WMD,WMD,2,BA,NO,9/9/10 11:06,24183008,9/9/10 12:48,SM2130B,,82079,Sample is pale yellow with low suspended solids present. Low flow with chop and swell up to 2.5 feet with gusty variable winds from the east at 12 to 20 mph with gusts to 25 mph. SECCHI ON BOTTOM.,
FLAB17,FLAB,10/6/10,SAMP,MON,SA,G,,0.5,m,12,TURBIDITY,TURBI,0.7,,,0.7,,1,0.1,0.4,0.1,NTU,1,N,A,P49626-8,,1,1,,,,,,25.042469,80.914819,FWEC,E46077,WMD,WMD,WMD,2,BA,NO,10/7/10 10:30,24781008,10/7/10 13:10,SM2130B,,82079,Sample is pale yellow with low suspended solids present. Low flow with chop up to 2 feet with swells up to 2.5 feet and very strong gusty winds from the north north east at 12 to 25 mph with gusts to 30 mph. SECCHI ON BOTTOM.,
FLAB17,FLAB,11/4/10,SAMP,MON,SA,G,,0.5,m,12,TURBIDITY,TURBI,1.1,,,1.1,,1,0.1,0.4,0.1,NTU,1,N,A,P50068-8,,1,2,,,,,,25.042469,80.914819,FWEC,E46077,WMD,WMD,WMD,2,BA,NO,11/5/10 8:08,25356008,11/5/10 9:49,SM2130B,,82079,Sample is pale yellow with no visible suspended solids present. Low flow with chop up to 6 inches with variable winds from the southwest at 4 to 8 mph. SECCHI ON BOTTOM.,
FLAB17,FLAB,12/8/10,SAMP,MON,SA,G,,0.5,m,12,TURBIDITY,TURBI,3.6,,,3.6,,1,0.1,0.4,0.1,NTU,1,N,A,P50472-8,,1,1,,,,,,25.042469,80.914819,FWEC,E46077,WMD,WMD,WMD,2,BA,NO,12/9/10 9:57,25853008,12/9/10 12:17,SM2130B,,82079,Sample is pale green with low suspended solids present. Low flow with chop and swell up to 1.5 feet with constant winds from the north north west at 7 to 8 mph. Very cold air temp with clear sunny skies. SECCHI ON BOTTOM.,
FLAB17,FLAB,2/16/11,SAMP,MON,SA,G,,0.5,m,12,TURBIDITY,TURBI,0.5,,,0.5,,1,0.1,0.4,0.1,NTU,1,N,A,P50935-8,,0,2,,,,,,25.042469,80.914819,WMD,E46077,WMD,WMD,WMD,2,BA,NO,2/17/11 10:03,26502008,2/17/11 15:50,SM2130B,,82079,,
FLAB17,FLAB,3/22/11,SAMP,MON,SA,G,,0.5,m,12,TURBIDITY,TURBI,0.4,,,0.4,,1,0.1,0.4,0.1,NTU,1,N,A,P51525-8,,1,1,,,,,,25.042469,80.914819,FWEC,E46077,WMD,WMD,WMD,2,BA,NO,3/23/11 10:39,27308008,3/23/11 16:26,SM2130B,,82079,Sample is pale green with low suspended solids present. Low flow with chop up to 1.5 feet and variable  east winds at 8 to 13 mph. SECCHI ON BOTTOM,
FLAB17,FLAB,4/12/11,SAMP,MON,SA,G,,0.5,m,12,TURBIDITY,TURBI,0.6,,,0.6,,1,0.1,0.4,0.1,NTU,1,N,A,P52303-8,,1,2,,,,,,25.042469,80.914819,FWEC,E46077,WMD,WMD,WMD,2,BA,NO,4/13/11 11:39,28413008,4/14/11 9:28,SM2130B,,82079,"Sample light green, low flow, wind 5-10mph SE,  SECCHI ON BOTTOM.",
FLAB17,FLAB,5/10/11,SAMP,MON,SA,G,,0.5,m,12,TURBIDITY,TURBI,0.7,,,0.7,,1,0.1,0.4,0.1,NTU,1,N,A,P52304-8,,1,1,,,,,,25.042469,80.914819,FWEC,E46077,WMD,WMD,WMD,2,BA,NO,5/11/11 10:10,28414008,5/12/11 8:38,SM2130B,,82079,"Sample pale green.  Low flow.  Calm water, no chop.  Wind 3-5mph.   SECCHI ON BOTTOM.",
FLAB17,FLAB,6/8/11,SAMP,MON,SA,G,,0.5,m,12,TURBIDITY,TURBI,1.1,,,1.1,,1,0.1,0.4,0.1,NTU,1,N,A,P52305-8,,1,3,,,,,,25.042469,80.914819,FWEC,E46077,WMD,WMD,WMD,2,BA,NO,6/9/11 9:58,28415008,6/9/11 11:57,SM2130B,,82079,WARNING: Time exceeds +/- 1 Hour(s).,
FLAB17,FLAB,7/6/11,SAMP,MON,SA,G,,0.5,m,12,TURBIDITY,TURBI,1.5,,,1.5,,1,0.1,0.4,0.1,NTU,1,N,A,P52306-8,,1,6,,,,,,25.042469,80.914819,FWEC,E46077,WMD,WMD,WMD,2,BA,NO,7/7/11 10:24,28416008,7/7/11 12:00,SM2130B,,82079,Sample is pale green with low suspended solids. Low flow with light chop up to 12 inches and winds from the north at 8 to 15 mph with rain and very overcast. SECCHI ON BOTTOM.,
FLAB17,FLAB,8/9/11,SAMP,MON,SA,G,,0.5,m,12,TURBIDITY,TURBI,0.7,,,0.7,,1,0.1,0.4,0.1,NTU,1,N,A,P53437-7,,1,3,,,,,,25.042469,80.914819,FWEC,E46077,WMD,WMD,WMD,2,BA,NO,8/10/11 10:17,29868007,8/11/11 9:01,SM2130B,,82079,Sample is clear with no visible solids present. Low to moderate flow with chop up to 1.5 feet and 5 to 8 mph winds from the southwest. SECCHI ON BOTTOM,
FLAB17,FLAB,9/7/11,SAMP,MON,SA,G,,0.5,m,12,TURBIDITY,TURBI,0.3,I,,0.3,,1,0.1,0.4,0.1,NTU,1,N,A,P53438-7,,0,1,,,,,,25.042469,80.914819,FWEC,E46077,WMD,WMD,WMD,2,BA,NO,9/8/11 10:29,29869007,9/8/11 15:30,SM2130B,,82079,Sample is pale green with no visible suspended solids present. Low current with light chop up to 6 inches and variable winds from the south south east at 6 to 10 mph. SECCHI ON BOTTOM.,
FLAB17,FLAB,10/11/11,SAMP,MON,SA,G,,0.5,m,12,TURBIDITY,TURBI,1.9,,,1.9,,1,0.1,0.4,0.1,NTU,1,N,A,P53439-7,,0,2,,,,,,25.042469,80.914819,WMD,E46077,WMD,WMD,WMD,2,BA,NO,10/12/11 10:23,29870007,10/12/11 13:06,SM2130B,,82079,"Wind and seas calm, flood tide,  SECCHI ON BOTTOM.",
FLAB17,FLAB,12/13/11,SAMP,MON,SA,G,,0.5,m,12,TURBIDITY,TURBI,0.4,,,0.4,,1,0.1,0.4,0.1,NTU,1,N,A,P54066-5,,0,3,,,,,,25.042469,80.914819,WMD,E46077,WMD,WMD,WMD,2,BA,NO,12/14/11 10:48,30605005,12/15/11 9:24,SM2130B,,82079,"Wind N 18-20, seas 1 ft,  SECCHI ON BOTTOM, slack tide",
FLAB17,FLAB,2/7/12,SAMP,MON,SA,G,,0.5,m,12,TURBIDITY,TURBI,0.4,,,0.4,,1,0.1,0.4,0.1,NTU,1,N,A,P55307-5,,0,3,,,,,,25.042469,80.914819,WMD,E46077,WMD,WMD,WMD,2,BA,NO,2/8/12 11:46,32255005,2/9/12 8:24,SM2130B,,82079,"Wind and seas calm, ebb tide,  SECCHI ON BOTTOM.",
FLAB17,FLAB,4/11/12,SAMP,MON,SA,G,,0.5,m,12,TURBIDITY,TURBI,0.6,,,0.6,,1,0.1,0.4,0.1,NTU,1,N,A,P55314-5,,0,2,,,,,,25.042469,80.914819,WMD,E46077,WMD,WMD,WMD,2,BA,NO,4/12/12 10:52,32262005,4/13/12 8:28,SM2130B,,82079,"Wind and seas calm, ebb tide,  SECCHI ON BOTTOM.",
FLAB17,FLAB,6/6/12,SAMP,MON,SA,G,,0.5,m,12,TURBIDITY,TURBI,0.8,,,0.8,,1,0.1,0.4,0.1,NTU,1,N,A,P55930-5,,0,4,,,,,,25.042469,80.914819,WMD,E46077,WMD,WMD,WMD,2,BA,NO,6/6/12 16:39,33113005,6/7/12 8:22,SM2130B,,82079,"SECCHI ON BOTTOM. Light winds, less than 5kts out of the S. Light chop on the water.",
FLAB17,FLAB,8/20/12,SAMP,MON,SA,G,,0.5,m,12,TURBIDITY,TURBI,0.9,,,0.9,+/- 0.1,1,0.1,0.4,0.1,NTU,1,N,A,P56206-5,,0,2,,,,,,25.042469,80.914819,WMD,E46077,WMD,WMD,WMD,2,PD,NO,8/21/12 9:01,33465005,8/22/12 8:53,SM2130B,,82079,Calm conditions with almost no breeze.  Slack tide.  Flat calm conditions.   SECCHI ON BOTTOM.  Good amount of dead grass floating on surface.,
FLAB17,FLAB,10/15/12,SAMP,MON,SA,G,,0.5,m,12,TURBIDITY,TURBI,0.6,,,0.6,+/- 0.1,1,0.1,0.4,0.1,NTU,1,N,A,P56210-5,,0,2,,,,,,25.042469,80.914819,WMD,E46077,WMD,WMD,WMD,2,BA,NO,10/16/12 7:44,33469005,10/17/12 8:30,SM2130B,,82079,Calm conditions.  Slight flood tide.   SECCHI ON BOTTOM.,
FLAB17,FLAB,12/13/12,SAMP,MON,SA,G,,0.5,m,12,TURBIDITY,TURBI,0.8,,,0.8,,1,0.1,0.4,0.1,NTU,1,N,A,P56855-5,,0,1,,,,,,25.042469,80.914819,WMD,E46077,WMD,WMD,WMD,2,BA,NO,12/13/12 15:05,34310005,12/14/12 8:02,SM2130B,,82079,"Calm wind, calm seas, very low current.   SECCHI ON BOTTOM.",
FLAB17,FLAB,2/12/13,SAMP,MON,SA,G,,0.5,m,12,TURBIDITY,TURBI,1.1,,,1.1,+/- 0.1,1,0.1,0.4,0.1,NTU,1,N,A,P61815-8,,0,1,,,,,,25.042469,80.914819,WMD,E46077,WMD,WMD,WMD,2,PD,NO,2/12/13 16:39,39394008,2/13/13 9:17,SM2130B,,82079,SECCHI ON BOTTOM. S wind approx 10 kt. Light chop on surface. Weak current.,
FLAB17,FLAB,4/22/13,SAMP,MON,SA,G,,0.5,m,12,TURBIDITY,TURBI,0.7,,,0.7,+/- 0.1,1,0.1,0.4,0.1,NTU,1,N,A,P61816-8,,0,4,,,,,,25.042469,80.914819,WMD,E46077,WMD,WMD,WMD,2,PD,NO,4/23/13 10:11,39395008,4/24/13 9:10,SM2130B,,82079,"SE winds 10-15 kts, seas less than 1 ft. SECCHI ON BOTTOM",
FLAB17,FLAB,6/11/13,SAMP,MON,SA,G,,0.5,m,12,TURBIDITY,TURBI,1.5,,,1.5,+/- 0.2,1,0.1,0.4,0.1,NTU,1,N,A,P63878-8,,0,6,,,,,,25.042469,80.914819,WMD,E46077,WMD,WMD,WMD,2,PD,NO,6/11/13 16:12,40693008,6/12/13 9:21,SM2130B,,82079,"rain, sample processed in protected area, southeast winds 5-10, slight ripple, secchi on bottom",
FLAB17,FLAB,8/6/13,SAMP,MON,SA,G,,0.5,m,12,TURBIDITY,TURBI,2.9,,,2.9,+/- 0.3,1,0.1,0.4,0.1,NTU,1,N,A,P63879-8,,0,3,,,,,,25.042469,80.914819,WMD,E46077,WMD,WMD,WMD,2,PD,NO,8/6/13 16:02,40694008,8/7/13 10:29,SM2130B,,82079,SECCHI ON BOTTOM. Nearly calm wind. Ripples on surface. No current observed. Patches of grass on surface.,
FLAB17,FLAB,11/21/13,SAMP,MON,SA,G,,0.5,m,12,TURBIDITY,TURBI,1.8,,,1.8,+/- 0.2,1,0.1,0.4,0.1,NTU,1,N,A,P67402-5,,0,2,,,,,,25.042469,80.914819,WMD,E46077,WMD,WMD,WMD,2,PD,NO,11/21/13 15:12,43581005,11/22/13 9:57,SM2130B,,82079,"Rippled surface, NE wind 5-10. SECCHI ON BOTTOM",
FLAB17,FLAB,12/16/13,SAMP,MON,SA,G,,0.5,m,12,TURBIDITY,TURBI,0.5,,,0.5,+/- 0.1,1,0.1,0.4,0.1,NTU,1,N,A,P67403-5,,0,4,,,,,,25.042469,80.914819,WMD,E46077,WMD,WMD,WMD,2,PD,NO,12/17/13 10:57,43582005,12/18/13 8:45,SM2130B,,82079,"moderate chop on surface, 0.5ft, SAV clippings floating on surface near sampling area, secchi on bottom",
FLAB17,FLAB,2/18/14,SAMP,MON,SA,G,,0.5,m,12,TURBIDITY,TURBI,1,,,1,+/- 0.1,1,0.1,0.4,0.1,NTU,1,N,A,P70121-5,,0,2,,,,,,25.042469,80.914819,WMD,E46077,WMD,WMD,WMD,2,PD,NO,2/18/14 15:33,45275005,2/19/14 7:38,SM2130B,,82079,,
FLAB17,FLAB,4/15/14,SAMP,MON,SA,G,,0.5,m,12,TURBIDITY,TURBI,0.4,,,0.4,+/- 0.1,1,0.1,0.4,0.1,NTU,1,N,A,P70122-5,,0,1,,,,,,25.042469,80.914819,WMD,E46077,WMD,WMD,WMD,2,PD,NO,4/15/14 15:40,45276005,4/16/14 8:26,SM2130B,,82079,Winds out of the SSE 15 kts. Slight chop. SECCHI ON BOTTOM,
FLAB17,FLAB,6/25/14,SAMP,MON,SA,G,,0.5,m,12,TURBIDITY,TURBI,1.1,,,1.1,+/- 0.1,1,0.1,0.4,0.1,NTU,1,N,A,P71698-5,,0,1,,,,,,25.042469,80.914819,WMD,E46077,WMD,WMD,WMD,2,PD,NO,6/25/14 15:10,46558005,6/26/14 8:55,SM2130B,,82079,"Calm, N wind 5-10. SECCHI ON BOTTOM",
FLAB17,FLAB,8/21/14,SAMP,MON,SA,G,,0.5,m,12,TURBIDITY,TURBI,2.2,,,2.2,+/- 0.2,1,0.1,0.4,0.1,NTU,1,N,A,P72711-5,,0,2,,,,,,25.042469,80.914819,WMD,E46077,WMD,WMD,WMD,2,PD,NO,8/21/14 16:21,46929005,8/22/14 8:37,SM2130B,,82079,SECCHI ON BOTTOM,
FLAB17,FLAB,10/28/14,SAMP,MON,SA,G,,0.9,m,12,TURBIDITY,TURBI,1.8,,,1.8,+/- 0.2,1,0.1,0.4,0.1,NTU,1,N,A,P74732-5,,0,1,,,,,,25.042469,80.914819,WMD,E46077,WMD,WMD,WMD,2,PD,NO,10/28/14 16:11,48704005,10/29/14 11:25,SM2130B,,82079,Light wave action. Winds out of the ESE 12-17kts. SECCHI ON BOTTOM,
FLAB17,FLAB,12/9/14,SAMP,MON,SA,G,,0.5,m,12,TURBIDITY,TURBI,1.4,,,1.4,+/- 0.1,1,0.1,0.4,0.1,NTU,1,N,A,P74734-5,,0,4,,,,,,25.042469,80.914819,WMD,E46077,WMD,WMD,WMD,2,PD,NO,12/9/14 16:50,48706005,12/11/14 7:59,SM2130B,,82079,"Winds out of the N, 7-10kts. 0.5ft wave action. SECCHI ON BOTTOM",
FLAB17,FLAB,2/4/15,SAMP,MON,SA,G,,0.5,m,12,TURBIDITY,TURBI,1,,,1,+/- 0.1,1,0.1,0.4,0.1,NTU,1,N,A,P74733-5,,0,2,,,,,,25.042469,80.914819,WMD,E46077,WMD,WMD,WMD,2,PD,NO,2/4/15 14:25,48705005,2/5/15 7:46,SM2130B,,82079,"NE winds 10kts, light chop, scattered sea grass floating on surface,  SECCHI ON BOTTOM.",
FLAB17,FLAB,4/1/15,SAMP,MON,SA,G,,0.5,m,12,TURBIDITY,TURBI,1.4,,,1.4,+/- 0.1,1,0.1,0.4,0.1,NTU,1,N,A,P74735-5,,0,1,,,,,,25.042469,80.914819,WMD,E46077,WMD,WMD,WMD,2,PD,NO,4/2/15 9:51,48707005,4/2/15 11:42,SM2130B,,82079,SOB. Light winds out of the SE 5 kts. Water very clear.,
FLAB17,FLAB,6/2/15,SAMP,MON,SA,G,,0.5,m,12,TURBIDITY,TURBI,0.6,,,0.6,+/- 0.1,1,0.1,0.4,0.1,NTU,1,N,A,P75564-5,,0,4,,,,,,25.042469,80.914819,WMD,E46077,WMD,WMD,WMD,2,PD,NO,6/2/15 15:50,49262005,6/3/15 9:59,SM2130B,,82079,"Incoming tide, light east winds, very overcast. Small amount of loose seagrass on surface. Secchi on bottom.",
FLAB17,FLAB,8/11/15,SAMP,MON,SA,G,,0.5,m,12,TURBIDITY,TURBI,1.2,,,1.2,+/- 0.1,1,0.1,0.4,0.1,NTU,1,N,A,P78616-5,,0,2,,,,,,25.042469,80.914819,WMD,E46077,WMD,WMD,WMD,2,PD,NO,8/12/15 8:03,51802005,8/13/15 9:12,SM2130B,,82079,"Light winds from the South, minor surface chop. Moderate amount of floating loose sea grass. Secchi on bottom. Slack tide.",
FLAB17,FLAB,10/12/15,SAMP,MON,SA,G,,0.5,m,12,TURBIDITY,TURBI,2.4,,,2.4,+/- 0.2,1,0.1,0.4,0.1,NTU,1,N,A,P80850-5,,0,2,,,,,,25.042469,80.914819,WMD,E46077,WMD,WMD,WMD,2,PD,NO,10/13/15 8:50,53673005,10/14/15 10:48,SM2130B,,82079,"Slack tide, seas less than 1ft, light west wind, light amount of loose floating vegetation, secchi on bottom.",
FLAB17,FLAB,1/26/16,SAMP,MON,SA,G,,0.5,m,12,TURBIDITY,TURBI,4.5,,,4.5,+/- 0.3,1,0.1,0.4,0.1,NTU,1,N,A,P82417-5,,0,1,,,,,,25.042469,80.914819,WMD,E46077,WMD,WMD,WMD,2,PD,NO,1/26/16 18:05,54966005,1/27/16 9:38,SM2130B,,82079,Slight chop on surface. Winds SE 15-20.,
FLAB17,FLAB,2/23/16,SAMP,MON,SA,G,,0.5,m,12,TURBIDITY,TURBI,0.6,G,yes,0.6,+/- 0.1,1,0.1,0.4,0.1,NTU,1,N,A,P82933-5,,0,2,,,,,,25.042469,80.914819,WMD,E46077,WMD,WMD,WMD,2,PD,NO,2/23/16 16:54,55401005,2/24/16 14:47,SM2130B,,82079,SOB. Winds out of the SSE 7 to 10 kts. Light wave action.,"Analyte was detected at or above the method detection limit in both the sample and the associated field blank, equipment blank, or trip blank, and the blank value was greater than 10% of the associated sample value"
FLAB17,FLAB,4/6/16,SAMP,MON,SA,G,,0.5,m,12,TURBIDITY,TURBI,1.6,,,1.6,+/- 0.1,1,0.1,0.4,0.1,NTU,1,N,A,P83566-5,,0,3,,,,,,25.042469,80.914819,WMD,E46077,WMD,WMD,WMD,2,PD,NO,4/6/16 16:44,55992005,4/7/16 8:36,SM2130B,,82079,SOB. Winds out of the E 15 to 17 kts. Light wave action.,
FLAB17,FLAB,6/29/16,SAMP,MON,SA,G,,0.5,m,12,TURBIDITY,TURBI,1,,,1,+/- 0.1,1,0.1,0.4,0.1,NTU,1,N,A,P84316-8,,0,2,,,,,,25.042469,80.914819,WMD,E46077,WMD,WMD,WMD,2,PD,NO,6/29/16 15:54,56588008,6/30/16 8:36,SM2130B,,82079,"slight ripple, east wind 5-10, some vegetation on surface, secchi on bottom, no flow observed",
FLAB17,FLAB,9/14/16,SAMP,MON,SA,G,,0.5,m,12,TURBIDITY,TURBI,1.8,,,1.8,+/- 0.2,1,0.1,0.4,0.1,NTU,1,N,A,P84637-5,,0,1,,,,,,25.042469,80.914819,WMD,E46077,WMD,WMD,WMD,2,PD,NO,9/14/16 16:16,56879005,9/15/16 9:23,SM2130B,,82079,"calm water surface, some floating vegetation on surface, sample collected in a clear area, calm winds, secchi on bottom",
FLAB17,FLAB,11/15/16,SAMP,MON,SA,G,,0.5,m,12,TURBIDITY,TURBI,2.4,,,2.4,+/- 0.2,1,0.1,0.4,0.1,NTU,1,N,A,P86135-5,,0,2,,,,,,25.042469,80.914819,WMD,E46077,WMD,WMD,WMD,2,PD,NO,11/15/16 16:36,58227005,11/16/16 10:57,SM2130B,,82079,"North winds 10-15kts, moderate chop, light amount of loose sea grass on surface. Secchi on bottom.",
FLAB17,FLAB,12/14/16,SAMP,MON,SA,G,,0.5,m,12,TURBIDITY,TURBI,1.7,,,1.7,+/- 0.1,1,0.1,0.4,0.1,NTU,1,N,A,P86764-5,,0,1,,,,,,25.042469,80.914819,WMD,E46077,WMD,WMD,WMD,2,PD,NO,12/14/16 17:13,58612005,12/16/16 6:47,SM2130B,,82079,"calm wind, calm water, some SAV floating on surface in sampling area, secchi on bottom, no current observed",
FLAB17,FLAB,2/9/17,SAMP,MON,SA,G,,0.5,m,12,TURBIDITY,TURBI,3.6,,,3.6,+/- 0.2,1,0.1,0.4,0.1,NTU,1,N,A,P87698-5,,0,1,,,,,,25.042469,80.914819,WMD,E46077,WMD,WMD,WMD,2,PD,NO,2/9/17 18:47,59451005,2/10/17 9:51,SM2130B,,82079,Wind 10 - 15 MPH. Moderate amount of sea grass on the surface. Light chop. Secchi on bottom.,
FLAB17,FLAB,4/24/17,SAMP,MON,SA,G,,0.5,m,12,TURBIDITY,TURBI,4,,,4,+/- 0.3,1,0.1,0.4,0.1,NTU,1,N,A,P87828-5,,0,1,,,,,,25.042469,80.914819,WMD,E46077,WMD,WMD,WMD,2,PD,NO,4/24/17 15:27,59589005,4/25/17 9:44,SM2130B,,82079,"seaweed floating on surface of water, light winds",
FLAB17,FLAB,7/26/17,SAMP,MON,SA,G,,0.5,m,12,TURBIDITY,TURBI,3.3,,,3.3,+/- 0.1,1,0.1,0.4,0.1,NTU,1,N,A,P88719-5,,0,0,,,,,,25.042469,80.914819,WMD,E46077,WMD,WMD,WMD,2,PD,NO,7/26/17 16:55,60389005,7/27/17 9:15,SM2130B,,82079,"East winds 10kts, seas less than 1ft, moderate amount of loose grass and seaweed floating on surface, secchi on bottom.",
FLAB17,FLAB,8/22/17,SAMP,MON,SA,G,,0.5,m,12,TURBIDITY,TURBI,1.8,,,1.8,+/- 0.1,1,0.1,0.4,0.1,NTU,1,N,A,P89177-5,,0,0,,,,,,25.042469,80.914819,WMD,E46077,WMD,WMD,WMD,2,PD,NO,8/22/17 15:45,60817005,8/23/17 8:36,SM2130B,,82079,"Light winds, seas less than 1 ft, light amount of loose sea grass and sargassum floating on surface. Secchi on bottom.",
FLAB17,FLAB,10/16/17,SAMP,MON,SA,G,,0.5,m,12,TURBIDITY,TURBI,7.1,,,7.1,+/- 0.2,1,0.1,0.4,0.1,NTU,1,N,A,P90590-5,,0,0,,,,,,25.042469,80.914819,WMD,E46077,WMD,WMD,WMD,2,PD,NO,10/16/17 17:31,62122005,10/18/17 8:08,SM2130B,,82079,"Sample area clear.  Water was a little cloudy, but bottom still visible.  Secchi on bottom.  Sample collected by NH.",
FLAB17,FLAB,12/19/17,SAMP,MON,SA,G,,0.5,m,12,TURBIDITY,TURBI,1.9,,,1.9,+/- 0.1,1,0.1,0.4,0.1,NTU,1,N,A,P91157-5,,0,0,,,,,,25.042469,80.914819,WMD,E46077,WMD,WMD,WMD,2,PD,NO,12/19/17 19:25,62573005,12/20/17 13:33,SM2130B,,82079,Secchi is VOB,
FLAB17,FLAB,2/15/18,SAMP,MON,SA,G,,0.5,m,12,TURBIDITY,TURBI,7.4,,,7.4,+/- 0.2,1,0.1,0.4,0.1,NTU,1,N,A,P92110-5,,0,0,,,,,,25.042469,80.914819,WMD,E46077,WMD,WMD,WMD,2,PD,NO,2/15/18 22:01,63446005,2/16/18 9:41,SM2130B,,82079,,
FLAB17,FLAB,4/12/18,SAMP,MON,SA,G,,0.5,m,12,TURBIDITY,TURBI,6.9,,,6.9,+/- 0.2,1,0.1,0.4,0.1,NTU,1,N,A,P92870-5,,0,0,,,,,,25.042469,80.914819,WMD,E46077,WMD,WMD,WMD,2,PD,NO,4/13/18 7:36,64062005,4/13/18 9:23,SM2130B,,82079,Out going tide observed.,
FLAB17,FLAB,6/12/18,SAMP,MON,SA,G,,0.5,m,12,TURBIDITY,TURBI,3.8,,,3.8,+/- 0.1,1,0.1,0.4,0.1,NTU,1,N,A,P93692-5,,0,0,,,,,,25.042469,80.914819,WMD,E46077,WMD,WMD,WMD,2,PD,NO,6/12/18 17:52,64893005,6/13/18 13:45,SM2130B,,82079,SOB.,
FLAB17,FLAB,8/9/18,SAMP,MON,SA,G,,0.5,m,12,TURBIDITY,TURBI,4.3,,,4.3,+/- 0.1,1,0.1,0.4,0.1,NTU,1,N,A,P94933-5,,0,0,,,,,,25.042469,80.914819,WMD,E46077,WMD,WMD,WMD,2,PD,NO,8/10/18 6:52,65965005,8/10/18 13:37,SM2130B,,82079,Secchi on bottom. Lots of dead veg floating in water. Avoided during collection.,
FLAB17,FLAB,10/22/18,SAMP,MON,SA,G,,0.5,m,12,TURBIDITY,TURBI,13.2,,,13.2,+/- 0.3,1,0.1,0.4,0.1,NTU,1,N,A,P95253-5,,0,0,,,,,,25.042469,80.914819,WMD,E46077,WMD,WMD,WMD,2,PD,NO,10/23/18 8:12,66265005,10/23/18 14:33,SM2130B,,82079,Sample area clear.  Non-Visible solids.  Sample collected by EW.,
FLAB17,FLAB,12/17/18,SAMP,MON,SA,G,,0.5,m,12,TURBIDITY,TURBI,10.9,,,10.9,+/- 0.2,1,0.1,0.4,0.1,NTU,1,N,A,P96720-9,,0,0,,,,,,25.042469,80.914819,WMD,E46077,WMD,WMD,WMD,2,BA,NO,12/18/18 8:19,67436009,12/18/18 14:49,SM2130B,,82079,,
FLAB17,FLAB,2/18/19,SAMP,MON,SA,G,,0.5,m,12,TURBIDITY,TURBI,5.2,,,5.2,+/- 0.2,1,0.1,0.4,0.1,NTU,1,N,A,P103094-6,,0,0,,,,,,25.042469,80.914819,WMD,E46077,WMD,WMD,WMD,2,BA,NO,2/19/19 9:40,69909006,2/20/19 8:33,SM2130B,,82079,Sample area clear.  Secchi Depth was 0.5m.  Light solids in sample.  Sample collected by EW.,
FLAB17,FLAB,4/3/19,SAMP,MON,SA,G,,0.5,m,12,TURBIDITY,TURBI,5,,,5,+/- 0.1,1,0.1,0.4,0.1,NTU,1,N,A,P103838-6,,0,0,,,,,,25.042469,80.914819,WMD,E46077,WMD,WMD,WMD,2,BA,NO,4/3/19 15:29,70216006,4/4/19 14:32,SM2130B,,82079,Secchi on bottom,
FLAB17,FLAB,7/15/19,SAMP,MON,SA,G,,0.5,m,12,TURBIDITY,TURBI,6.6,,,6.6,+/- 0.2,1,0.1,0.4,0.1,NTU,1,N,A,P106399-6,,0,0,,,,,,25.042469,80.914819,WMD,E46077,WMD,WMD,WMD,2,BA,NO,7/15/19 16:09,71313006,7/16/19 12:54,SM2130B,,82079,,
FLAB17,FLAB,8/12/19,SAMP,MON,SA,G,,0.5,m,12,TURBIDITY,TURBI,5.3,,,5.3,+/- 0.2,1,0.1,0.4,0.1,NTU,1,N,A,P109218-6,,0,0,,,,,,25.042469,80.914819,WMD,E46077,WMD,WMD,WMD,2,BA,NO,8/13/19 9:55,72387006,8/14/19 11:04,SM2130B,,82079,,
FLAB17,FLAB,10/9/19,SAMP,MON,SA,G,,0.5,m,12,TURBIDITY,TURBI,8.8,,,8.8,+/- 0.2,1,0.1,0.4,0.1,NTU,1,N,A,P109906-6,,0,0,,,,,,25.042469,80.914819,WMD,E46077,WMD,WMD,WMD,2,BA,NO,10/10/19 10:16,72728006,10/10/19 15:34,SM2130B,,82079,,
FLAB17,FLAB,1/28/20,SAMP,MON,SA,G,,0.5,m,12,TURBIDITY,TURBI,4.8,,,4.8,+/- 0.1,1,0.1,0.4,0.1,NTU,1,N,A,P110695-6,,0,0,,,,,,25.042469,80.914819,WMD,E46077,WMD,WMD,WMD,2,BA,NO,1/28/20 16:21,73093006,1/29/20 12:41,SM2130B,,82079,,
FLAB17,FLAB,2/5/20,SAMP,MON,SA,G,,0.5,m,12,TURBIDITY,TURBI,3.2,,,3.2,+/- 0.1,1,0.1,0.4,0.1,NTU,1,N,A,P110717-6,,0,0,,,,,,25.042469,80.914819,WMD,E46077,WMD,WMD,WMD,2,BA,NO,2/6/20 11:55,73112006,2/6/20 15:36,SM2130B,,82079,Secchi on bottom.,
FLAB17,FLAB,4/7/20,SAMP,MON,SA,G,,0.5,m,12,TURBIDITY,TURBI,5,,,5,+/- 0.1,1,0.1,0.4,0.1,NTU,1,N,A,P110711-6,,0,0,,,,,,25.042469,80.914819,WMD,E46077,WMD,WMD,WMD,2,BA,NO,4/7/20 16:09,73106006,4/8/20 14:52,SM2130B,,82079,Sample area clear.  Solids were Non Visible.  Secchi on bottom.  Sample collected by EW.,
FLAB17,FLAB,6/17/20,SAMP,MON,SA,G,,0.5,m,12,TURBIDITY,TURBI,4.2,,,4.2,+/- 0.1,1,0.1,0.4,0.1,NTU,1,N,A,P110907-6,,0,0,,,,,,25.042469,80.914819,WMD,E46077,WMD,WMD,WMD,2,BA,NO,6/17/20 15:56,73193006,6/18/20 12:47,SM2130B,,82079,Secchi on bottom,
FLAB17,FLAB,8/18/20,SAMP,MON,SA,G,,0.5,m,12,TURBIDITY,TURBI,3.5,,,3.5,+/- 0.1,1,0.1,0.4,0.1,NTU,1,N,A,P111061-6,,0,0,,,,,,25.042469,80.914819,WMD,E46077,WMD,WMD,WMD,2,BA,NO,8/18/20 15:40,73276006,8/19/20 16:00,SM2130B,,82079,Vegetative debris present on surface of water.,
FLAB17,FLAB,10/13/20,SAMP,MON,SA,G,,0.5,m,12,TURBIDITY,TURBI,10.8,,,10.8,+/- 0.2,1,0.1,0.4,0.1,NTU,1,N,A,P118764-6,,0,0,,,,,,25.042469,80.914819,WMD,E46077,WMD,WMD,WMD,2,BA,NO,10/14/20 8:55,76830006,10/14/20 13:19,SM2130B,,82079,Filtration difficult at this location. Notable algae bloom with very fine particulates.,
FLAB17,FLAB,2/9/21,SAMP,MON,SA,G,,0.5,m,12,TURBIDITY,TURBI,2.3,,,2.3,+/- 0.1,1,0.1,0.4,0.1,NTU,1,N,A,P120349-6,,0,0,,,,,,25.042469,80.914819,WMD,E46077,WMD,WMD,WMD,2,BA,NO,2/10/21 8:11,77554006,2/10/21 13:52,SM2130B,,82079,Secchi on bottom.,
FLAB17,FLAB,3/24/21,SAMP,MON,SA,G,,0.5,m,12,TURBIDITY,TURBI,2.2,,,2.2,+/- 0.1,1,0.1,0.4,0.1,NTU,1,N,A,P122509-6,,0,0,,,,,,25.042469,80.914819,WMD,E46077,WMD,WMD,WMD,2,BA,NO,3/25/21 6:59,78497006,3/25/21 12:55,SM2130B,,82079,secchi on bottom,
FLAB17,FLAB,6/7/21,SAMP,MON,SA,G,,0.5,m,12,TURBIDITY,TURBI,1.6,,,1.6,+/- 0.1,1,0.1,0.4,0.1,NTU,1,N,A,P121640-6,,0,0,,,,,,25.042469,80.914819,WMD,E46077,WMD,WMD,WMD,2,BA,NO,6/7/21 16:26,78140006,6/8/21 14:45,SM2130B,,82079,Secchi on bottom,
FLAB17,FLAB,8/5/21,SAMP,MON,SA,G,,0.5,m,12,TURBIDITY,TURBI,1.4,,,1.4,+/- 0.1,1,0.1,0.4,0.1,NTU,1,N,A,P123926-6,,0,0,,,,,,25.042469,80.914819,WMD,E46077,WMD,WMD,WMD,2,BA,NO,8/5/21 15:12,79169006,8/6/21 13:35,SM2130B,,82079,Secchi on bottom,
FLAB17,FLAB,10/20/21,SAMP,MON,SA,G,,0.5,m,12,TURBIDITY,TURBI,2.4,,,2.4,+/- 0.1,1,0.1,0.4,0.1,NTU,1,N,A,P125707-6,,0,0,,,,,,25.042469,80.914819,WMD,E46077,WMD,WMD,WMD,2,BA,NO,10/21/21 8:34,79970006,10/21/21 14:32,SM2130B,,82079,Secchi on bottom.,
FLAB17,FLAB,12/15/21,SAMP,MON,SA,G,,0.5,m,12,TURBIDITY,TURBI,2.8,,,2.8,+/- 0.1,1,0.1,0.4,0.1,NTU,1,N,A,P129834-6,,0,0,,,,,,25.042469,80.914819,WMD,E46077,WMD,WMD,WMD,2,BA,NO,12/16/21 8:25,81789006,12/16/21 13:16,SM2130B,,82079,,
FLAB17,FLAB,1/27/22,SAMP,MON,SA,G,,0.5,m,12,TURBIDITY,TURBI,1.7,,,1.7,+/- 0.1,1,0.1,0.4,0.1,NTU,1,N,A,P129835-6,,0,0,,,,,,25.042469,80.914819,WMD,E46077,WMD,WMD,WMD,2,BA,NO,1/27/22 15:46,81790006,1/28/22 14:17,SM2130B,,82079,Secchi on bottom,
FLAB17,FLAB,4/12/22,SAMP,MON,SA,G,,0.5,m,12,TURBIDITY,TURBI,2.1,,,2.1,+/- 0.1,1,0.1,0.4,0.1,NTU,1,N,A,P132792-6,,0,0,,,,,,25.042469,80.914819,WMD,E46077,WMD,WMD,WMD,2,BA,NO,4/13/22 8:06,83111006,4/13/22 13:02,SM2130B,,82079,Secchi on bottom,
FLAB17,FLAB,6/27/22,SAMP,MON,SA,G,,0.5,m,12,TURBIDITY,TURBI,0.9,,,0.9,+/- 0.1,1,0.1,0.4,0.1,NTU,1,N,A,P134130-6,,0,0,,,,,,25.042469,80.914819,WMD,E46077,WMD,WMD,WMD,2,BA,NO,6/28/22 8:30,83719006,6/28/22 14:12,SM2130B,,82079,Secchi on bottom,
FLAB17,FLAB,7/11/22,SAMP,MON,SA,G,,0.5,m,12,TURBIDITY,TURBI,1,,,1,+/- 0.1,1,0.1,0.4,0.1,NTU,1,N,A,P135169-6,,0,0,,,,,,25.042469,80.914819,WMD,E46077,WMD,WMD,WMD,2,BA,NO,7/12/22 8:09,84232006,7/12/22 13:33,SM2130B,,82079,Secchi on bottom.,
FLAB17,FLAB,9/21/22,SAMP,MON,SA,G,,0.5,m,12,TURBIDITY,TURBI,0.8,G,yes,0.8,+/- 0.1,1,0.1,0.4,0.1,NTU,1,N,A,P136493-6,,0,0,,,,,,25.042469,80.914819,WMD,E46077,WMD,WMD,WMD,2,BA,NO,9/22/22 8:07,84868006,9/22/22 15:07,SM2130B,,82079,"Secchi on bottom. Vegetative debris present in water column, avoided during sampling.","Analyte was detected at or above the method detection limit in both the sample and the associated field blank, equipment blank, or trip blank, and the blank value was greater than 10% of the associated sample value"
FLAB17,FLAB,1/19/23,SAMP,MON,SA,G,,0.5,m,12,TURBIDITY,TURBI,0.5,,,0.5,+/- 0.1,1,0.1,0.4,0.1,NTU,1,N,A,P139466-6,,0,0,,,,,,25.042469,80.914819,WMD,E46077,WMD,WMD,WMD,2,BA,NO,1/20/23 8:12,86301006,1/20/23 14:02,SM2130B,,82079,Secchi on bottom,
FLAB17,FLAB,3/6/23,SAMP,MON,SA,G,,0.5,m,12,TURBIDITY,TURBI,1.1,,,1.1,+/- 0.1,1,0.1,0.4,0.1,NTU,1,N,A,P141267-6,,0,0,,,,,,25.042469,80.914819,WMD,E46077,WMD,WMD,WMD,2,BA,NO,3/7/23 8:44,87044006,3/7/23 14:15,SM2130B,,82079,SOB.,
FLAB17,FLAB,5/16/23,SAMP,MON,SA,G,,0.5,m,12,TURBIDITY,TURBI,1.3,,,1.3,+/- 0.1,1,0.1,0.4,0.1,NTU,1,N,A,P143738-6,,0,0,,,,,,25.042469,80.914819,WMD,E46077,WMD,WMD,WMD,2,BA,NO,5/16/23 15:24,87932006,5/17/23 14:13,SM2130B,,82079,Secchi on bottom,
FLAB17,FLAB,7/17/23,SAMP,MON,SA,G,,0.5,m,12,TURBIDITY,TURBI,0.6,G,yes,0.6,+/- 0.1,1,0.1,0.4,0.1,NTU,1,N,A,P144701-6,,0,0,,,,,,25.042469,80.914819,WMD,E46077,WMD,WMD,WMD,2,BA,NO,7/18/23 8:37,88406006,7/18/23 15:25,SM2130B,,82079,secchi on bottom,"Analyte was detected at or above the method detection limit in both the sample and the associated field blank, equipment blank, or trip blank, and the blank value was greater than 10% of the associated sample value"
FLAB17,FLAB,9/26/23,SAMP,MON,SA,G,,0.5,m,12,TURBIDITY,TURBI,0.5,,,0.5,+/- 0.1,1,0.1,0.4,0.1,NTU,1,N,A,P146059-6,,0,0,,,,,,25.042469,80.914819,WMD,E46077,WMD,WMD,WMD,2,BA,NO,9/28/23 7:49,89095006,9/28/23 9:48,SM2130B,,82079,secchi on bottom,
FLAB17,FLAB,11/27/23,SAMP,MON,SA,G,,0.5,m,12,TURBIDITY,TURBI,0.8,,,0.8,+/- 0.1,1,0.1,0.4,0.1,NTU,1,N,A,P146060-6,,0,0,,,,,,25.042469,80.914819,WMD,E46077,WMD,WMD,WMD,2,BA,NO,11/28/23 8:48,89096006,11/28/23 13:52,SM2130B,,82079,Secchi on bottom.,
FLAB17,FLAB,2/21/24,SAMP,MON,SA,G,,0.5,m,12,TURBIDITY,TURBI,0.3,I,,0.3,+/- 0.1,1,0.1,0.4,0.1,NTU,1,N,A,P148340-6,,0,0,,,,,,25.042469,80.914819,WMD,E46077,WMD,WMD,WMD,2,BA,NO,2/22/24 8:09,90200006,2/22/24 15:14,SM 2130 B-2011,,82079,Secchi on bottom.,
FLAB17,FLAB,4/18/24,SAMP,MON,SA,G,,0.5,m,12,TURBIDITY,TURBI,0.4,,,0.4,+/- 0.1,1,0.1,0.4,0.1,NTU,1,N,A,P149303-6,,0,0,,,,,,25.042469,80.914819,WMD,E46077,WMD,WMD,WMD,2,BA,NO,4/19/24 8:21,90666006,4/19/24 10:47,SM 2130 B-2011,,82079,secchi on bottom,
FLAB17,FLAB,7/31/24,SAMP,MON,SA,G,,0.5,m,12,TURBIDITY,TURBI,0.3,I,,0.3,+/- 0.1,1,0.1,0.4,0.1,NTU,1,N,A,P152197-6,,0,0,,,,,,25.042469,80.914819,WMD,E46077,WMD,WMD,WMD,2,BA,NO,8/1/24 8:01,92110006,8/1/24 13:06,SM 2130 B-2011,,82079,SOB.,
FLAB17,FLAB,9/30/24,SAMP,MON,SA,G,,0.5,m,12,TURBIDITY,TURBI,0.5,,,0.5,+/- 0.1,1,0.1,0.4,0.1,NTU,1,N,A,P153173-6,,0,0,,,,,,25.042469,80.914819,WMD,E46077,WMD,WMD,WMD,2,BA,NO,10/1/24 8:31,92601006,10/1/24 12:33,SM 2130 B-2011,,82079,Secchi on bottom.,
FLAB17,FLAB,11/19/24,SAMP,MON,SA,G,,0.5,m,12,TURBIDITY,TURBI,0.3,I,,0.3,+/- 0.1,1,0.1,0.4,0.1,NTU,1,N,A,P154026-6,,0,0,,,,,,25.042469,80.914819,WMD,E46077,WMD,WMD,WMD,2,BA,NO,11/20/24 8:23,93034006,11/20/24 13:22,SM 2130 B-2011,,82079,,
FLAB17,FLAB,2/13/25,SAMP,MON,SA,G,,0.5,m,12,TURBIDITY,TURBI,0.6,,,0.6,+/- 0.1,1,0.1,0.4,0.1,NTU,1,N,A,P155967-6,,0,0,,,,,,25.042469,80.914819,WMD,E46077,WMD,WMD,WMD,2,BA,NO,2/14/25 8:47,93979006,2/14/25 13:43,SM 2130 B-2011,,82079,Secchi on bottom.,
FLAB17,FLAB,3/25/25,SAMP,MON,SA,G,,0.5,m,12,TURBIDITY,TURBI,0.4,,,0.4,+/- 0.1,1,0.1,0.4,0.1,NTU,1,N,A,P157082-6,,0,0,,,,,,25.042469,80.914819,WMD,E46077,WMD,WMD,WMD,2,BA,NO,3/26/25 8:54,94540006,3/26/25 13:14,SM 2130 B-2011,,82079,Secchi on bottom.,
FLAB17,FLAB,5/7/25,SAMP,MON,SA,G,,0.5,m,12,TURBIDITY,TURBI,0.4,,,0.4,+/- 0.1,1,0.1,0.4,0.1,NTU,1,N,A,P158026-3,,0,0,,,,,,25.042469,80.914819,WMD,E46077,WMD,WMD,WMD,2,BA,NO,5/8/25 8:31,95009003,5/8/25 13:03,SM 2130 B-2011,,82079,Secchi on bottom,
FLAB17,FLAB,7/10/25,SAMP,MON,SA,G,,0.5,m,12,TURBIDITY,TURBI,0.5,,,0.5,+/- 0.1,1,0.1,0.4,0.1,NTU,1,N,A,P159507-3,,0,0,,,,,,25.042469,80.914819,WMD,E46077,WMD,WMD,WMD,2,BA,NO,7/11/25 9:57,95742003,7/11/25 14:02,SM 2130 B-2011,,82079,Secchi visible on bottom,
FLAB17,FLAB,9/9/25,SAMP,MON,SA,G,,0.5,m,12,TURBIDITY,TURBI,1,,,1,,1,0.1,0.4,0.1,NTU,,N,P,P160871-3,,0,0,,,1.7,,,25.042469,-80.914819,,E46077,WMD,,,,BA,,9/10/25 8:53,96441003,9/10/25 13:32,SM 2130 B-2011,,82079,secchi on bottom. sea grass on water surface avoided during sample collection,
FLAB17,FLAB,3/15/91,SAMP,MON,SA,G,,0,,18,NITRATE+NITRITE-N,NOX,0.001,PMR,,0.001,,,,,,mg/L,3,N,A,FIU15661,,0,0,,,,,,25.042469,80.914819,,,FIU,FIU,,,,,,,,,,,,Sample Filtered with 0.7 glass fiber filter.
FLAB17,FLAB,4/15/91,SAMP,MON,SA,G,,0,,18,NITRATE+NITRITE-N,NOX,0.001,PMR,,0.001,,,,,,mg/L,3,N,A,FIU15662,,0,0,,,,,,25.042469,80.914819,,,FIU,FIU,,,,,,,,,,,,Sample Filtered with 0.7 glass fiber filter.
FLAB17,FLAB,5/15/91,SAMP,MON,SA,G,,0,,18,NITRATE+NITRITE-N,NOX,0.001,PMR,,0.001,,,,,,mg/L,3,N,A,FIU15665,,0,0,,,,,,25.042469,80.914819,,,FIU,FIU,,,,,,,,,,,,Sample Filtered with 0.7 glass fiber filter.
FLAB17,FLAB,6/15/91,SAMP,MON,SA,G,,0,,18,NITRATE+NITRITE-N,NOX,0.005,PMR,,0.005,,,,,,mg/L,3,N,A,FIU15666,,0,0,,,,,,25.042469,80.914819,,,FIU,FIU,,,,,,,,,,,,Sample Filtered with 0.7 glass fiber filter.
FLAB17,FLAB,7/15/91,SAMP,MON,SA,G,,0,,18,NITRATE+NITRITE-N,NOX,0.001,PMR,,0.001,,,,,,mg/L,3,N,A,FIU15668,,0,0,,,,,,25.042469,80.914819,,,FIU,FIU,,,,,,,,,,,,Sample Filtered with 0.7 glass fiber filter.
FLAB17,FLAB,8/15/91,SAMP,MON,SA,G,,0,,18,NITRATE+NITRITE-N,NOX,0.003,PMR,,0.003,,,,,,mg/L,3,N,A,FIU15671,,0,0,,,,,,25.042469,80.914819,,,FIU,FIU,,,,,,,,,,,,Sample Filtered with 0.7 glass fiber filter.
FLAB17,FLAB,9/15/91,SAMP,MON,SA,G,,0,,18,NITRATE+NITRITE-N,NOX,0.002,PMR,,0.002,,,,,,mg/L,3,N,A,FIU15672,,0,0,,,,,,25.042469,80.914819,,,FIU,FIU,,,,,,,,,,,,Sample Filtered with 0.7 glass fiber filter.
FLAB17,FLAB,10/15/91,SAMP,MON,SA,G,,0,,18,NITRATE+NITRITE-N,NOX,0.006,PMR,,0.006,,,,,,mg/L,3,N,A,FIU15675,,0,0,,,,,,25.042469,80.914819,,,FIU,FIU,,,,,,,,,,,,Sample Filtered with 0.7 glass fiber filter.
FLAB17,FLAB,11/15/91,SAMP,MON,SA,G,,0,,18,NITRATE+NITRITE-N,NOX,0.002,PMR,,0.002,,,,,,mg/L,3,N,A,FIU15676,,0,0,,,,,,25.042469,80.914819,,,FIU,FIU,,,,,,,,,,,,Sample Filtered with 0.7 glass fiber filter.
FLAB17,FLAB,12/15/91,SAMP,MON,SA,G,,0,,18,NITRATE+NITRITE-N,NOX,0.004,PMR,,0.004,,,,,,mg/L,3,N,A,FIU15679,,0,0,,,,,,25.042469,80.914819,,,FIU,FIU,,,,,,,,,,,,Sample Filtered with 0.7 glass fiber filter.
FLAB17,FLAB,1/15/92,SAMP,MON,SA,G,,0,,18,NITRATE+NITRITE-N,NOX,0.001,PMR,,0.001,,,,,,mg/L,3,N,A,FIU15680,,0,0,,,,,,25.042469,80.914819,,,FIU,FIU,,,,,,,,,,,,Sample Filtered with 0.7 glass fiber filter.
FLAB17,FLAB,2/15/92,SAMP,MON,SA,G,,0,,18,NITRATE+NITRITE-N,NOX,0.002,PMR,,0.002,,,,,,mg/L,3,N,A,FIU15682,,0,0,,,,,,25.042469,80.914819,,,FIU,FIU,,,,,,,,,,,,Sample Filtered with 0.7 glass fiber filter.
FLAB17,FLAB,3/15/92,SAMP,MON,SA,G,,0,,18,NITRATE+NITRITE-N,NOX,0.002,PMR,,0.002,,,,,,mg/L,3,N,A,FIU15685,,0,0,,,,,,25.042469,80.914819,,,FIU,FIU,,,,,,,,,,,,Sample Filtered with 0.7 glass fiber filter.
FLAB17,FLAB,4/15/92,SAMP,MON,SA,G,,0,,18,NITRATE+NITRITE-N,NOX,0.001,PMR,,0.001,,,,,,mg/L,3,N,A,FIU15686,,0,0,,,,,,25.042469,80.914819,,,FIU,FIU,,,,,,,,,,,,Sample Filtered with 0.7 glass fiber filter.
FLAB17,FLAB,5/15/92,SAMP,MON,SA,G,,0,,18,NITRATE+NITRITE-N,NOX,0.001,PMR,,0.001,,,,,,mg/L,3,N,A,FIU15688,,0,0,,,,,,25.042469,80.914819,,,FIU,FIU,,,,,,,,,,,,Sample Filtered with 0.7 glass fiber filter.
FLAB17,FLAB,6/15/92,SAMP,MON,SA,G,,0,,18,NITRATE+NITRITE-N,NOX,0.005,PMR,,0.005,,,,,,mg/L,3,N,A,FIU15690,,0,0,,,,,,25.042469,80.914819,,,FIU,FIU,,,,,,,,,,,,Sample Filtered with 0.7 glass fiber filter.
FLAB17,FLAB,7/15/92,SAMP,MON,SA,G,,0,,18,NITRATE+NITRITE-N,NOX,0.001,PMR,,0.001,,,,,,mg/L,3,N,A,FIU15692,,0,0,,,,,,25.042469,80.914819,,,FIU,FIU,,,,,,,,,,,,Sample Filtered with 0.7 glass fiber filter.
FLAB17,FLAB,8/15/92,SAMP,MON,SA,G,,0,,18,NITRATE+NITRITE-N,NOX,0.001,PMR,,0.001,,,,,,mg/L,3,N,A,FIU15694,,0,0,,,,,,25.042469,80.914819,,,FIU,FIU,,,,,,,,,,,,Sample Filtered with 0.7 glass fiber filter.
FLAB17,FLAB,9/15/92,SAMP,MON,SA,G,,0,,18,NITRATE+NITRITE-N,NOX,0.002,PMR,,0.002,,,,,,mg/L,3,N,A,FIU15697,,0,0,,,,,,25.042469,80.914819,,,FIU,FIU,,,,,,,,,,,,Sample Filtered with 0.7 glass fiber filter.
FLAB17,FLAB,10/15/92,SAMP,MON,SA,G,,0,,18,NITRATE+NITRITE-N,NOX,0.002,PMR,,0.002,,,,,,mg/L,3,N,A,FIU15699,,0,0,,,,,,25.042469,80.914819,,,FIU,FIU,,,,,,,,,,,,Sample Filtered with 0.7 glass fiber filter.
FLAB17,FLAB,11/15/92,SAMP,MON,SA,G,,0,,18,NITRATE+NITRITE-N,NOX,0.002,PMR,,0.002,,,,,,mg/L,3,N,A,FIU15701,,0,0,,,,,,25.042469,80.914819,,,FIU,FIU,,,,,,,,,,,,Sample Filtered with 0.7 glass fiber filter.
FLAB17,FLAB,12/15/92,SAMP,MON,SA,G,,0,,18,NITRATE+NITRITE-N,NOX,0.003,PMR,,0.003,,,,,,mg/L,3,N,A,FIU15703,,0,0,,,,,,25.042469,80.914819,,,FIU,FIU,,,,,,,,,,,,Sample Filtered with 0.7 glass fiber filter.
FLAB17,FLAB,1/21/93,SAMP,MON,SA,G,,0,,18,NITRATE+NITRITE-N,NOX,0.004,PMR,,0.004,,,,,,mg/L,3,N,A,FIU15704,,0,0,,,,,,25.042469,80.914819,,,FIU,FIU,,,,,,,,,,,,Sample Filtered with 0.7 glass fiber filter.
FLAB17,FLAB,2/10/93,SAMP,MON,SA,G,,0,,18,NITRATE+NITRITE-N,NOX,0.004,PMR,,0.004,,,,,,mg/L,3,N,A,FIU15705,,0,0,,,,,,25.042469,80.914819,,,FIU,FIU,,,,,,,,,,,,Sample Filtered with 0.7 glass fiber filter.
FLAB17,FLAB,3/10/93,SAMP,MON,SA,G,,0,,18,NITRATE+NITRITE-N,NOX,0.005,PMR,,0.005,,,,,,mg/L,3,N,A,FIU15706,,0,0,,,,,,25.042469,80.914819,,,FIU,FIU,,,,,,,,,,,,Sample Filtered with 0.7 glass fiber filter.
FLAB17,FLAB,4/7/93,SAMP,MON,SA,G,,0,,18,NITRATE+NITRITE-N,NOX,0.008,PMR,,0.008,,,,,,mg/L,3,N,A,FIU15707,,0,0,,,,,,25.042469,80.914819,,,FIU,FIU,,,,,,,,,,,,Sample Filtered with 0.7 glass fiber filter.
FLAB17,FLAB,5/12/93,SAMP,MON,SA,G,,0,,18,NITRATE+NITRITE-N,NOX,0.004,PMR,,0.004,,,,,,mg/L,3,N,A,FIU15708,,0,0,,,,,,25.042469,80.914819,,,FIU,FIU,,,,,,,,,,,,Sample Filtered with 0.7 glass fiber filter.
FLAB17,FLAB,6/3/93,SAMP,MON,SA,G,,0,,18,NITRATE+NITRITE-N,NOX,0.009,PMR,,0.009,,,,,,mg/L,3,N,A,FIU15709,,0,0,,,,,,25.042469,80.914819,,,FIU,FIU,,,,,,,,,,,,Sample Filtered with 0.7 glass fiber filter.
FLAB17,FLAB,7/7/93,SAMP,MON,SA,G,,0,,18,NITRATE+NITRITE-N,NOX,0.001,PMR,,0.001,,,,,,mg/L,3,N,A,FIU15710,,0,0,,,,,,25.042469,80.914819,,,FIU,FIU,,,,,,,,,,,,Sample Filtered with 0.7 glass fiber filter.
FLAB17,FLAB,8/4/93,SAMP,MON,SA,G,,0,,18,NITRATE+NITRITE-N,NOX,0.001,PMR,,0.001,,,,,,mg/L,3,N,A,FIU15711,,0,0,,,,,,25.042469,80.914819,,,FIU,FIU,,,,,,,,,,,,Sample Filtered with 0.7 glass fiber filter.
FLAB17,FLAB,9/9/93,SAMP,MON,SA,G,,0,,18,NITRATE+NITRITE-N,NOX,0.003,PMR,,0.003,,,,,,mg/L,3,N,A,FIU15712,,0,0,,,,,,25.042469,80.914819,,,FIU,FIU,,,,,,,,,,,,Sample Filtered with 0.7 glass fiber filter.
FLAB17,FLAB,10/6/93,SAMP,MON,SA,G,,0,,18,NITRATE+NITRITE-N,NOX,0.001,PMR,,0.001,,,,,,mg/L,3,N,A,FIU15713,,0,0,,,,,,25.042469,80.914819,,,FIU,FIU,,,,,,,,,,,,Sample Filtered with 0.7 glass fiber filter.
FLAB17,FLAB,11/3/93,SAMP,MON,SA,G,,0,,18,NITRATE+NITRITE-N,NOX,0.007,PMR,,0.007,,,,,,mg/L,3,N,A,FIU15714,,0,0,,,,,,25.042469,80.914819,,,FIU,FIU,,,,,,,,,,,,Sample Filtered with 0.7 glass fiber filter.
FLAB17,FLAB,12/2/93,SAMP,MON,SA,G,,0,,18,NITRATE+NITRITE-N,NOX,0.011,PMR,,0.011,,,,,,mg/L,3,N,A,FIU15715,,0,0,,,,,,25.042469,80.914819,,,FIU,FIU,,,,,,,,,,,,Sample Filtered with 0.7 glass fiber filter.
FLAB17,FLAB,1/11/94,SAMP,MON,SA,G,,0,,18,NITRATE+NITRITE-N,NOX,0.012,PMR,,0.012,,,,,,mg/L,3,N,A,FIU15716,,0,0,,,,,,25.042469,80.914819,,,FIU,FIU,,,,,,,,,,,,Sample Filtered with 0.7 glass fiber filter.
FLAB17,FLAB,2/2/94,SAMP,MON,SA,G,,0,,18,NITRATE+NITRITE-N,NOX,0.009,PMR,,0.009,,,,,,mg/L,3,N,A,FIU15717,,0,0,,,,,,25.042469,80.914819,,,FIU,FIU,,,,,,,,,,,,Sample Filtered with 0.7 glass fiber filter.
FLAB17,FLAB,3/8/94,SAMP,MON,SA,G,,0,,18,NITRATE+NITRITE-N,NOX,0.057,PMR,,0.057,,,,,,mg/L,3,N,A,FIU15718,,0,0,,,,,,25.042469,80.914819,,,FIU,FIU,,,,,,,,,,,,Sample Filtered with 0.7 glass fiber filter.
FLAB17,FLAB,4/6/94,SAMP,MON,SA,G,,0,,18,NITRATE+NITRITE-N,NOX,0.0153,A,,0.015,,,,,,mg/L,3,N,A,FIU15719,,0,0,,,,,,25.042469,80.914819,,,FIU,FIU,,,,,,,,,,,,Sample Filtered with 0.7 glass fiber filter.
FLAB17,FLAB,5/4/94,SAMP,MON,SA,G,,0,,18,NITRATE+NITRITE-N,NOX,0.0048,A,,0.005,,,,,,mg/L,3,N,A,FIU15721,,0,0,,,,,,25.042469,80.914819,,,FIU,FIU,,,,,,,,,,,,Sample Filtered with 0.7 glass fiber filter.
FLAB17,FLAB,6/8/94,SAMP,MON,SA,G,,0,,18,NITRATE+NITRITE-N,NOX,0.0041,A,,0.004,,,,,,mg/L,3,N,A,FIU15723,,0,0,,,,,,25.042469,80.914819,,,FIU,FIU,,,,,,,,,,,,Sample Filtered with 0.7 glass fiber filter.
FLAB17,FLAB,7/7/94,SAMP,MON,SA,G,,0,,18,NITRATE+NITRITE-N,NOX,0.0023,A,,0.002,,,,,,mg/L,3,N,A,FIU15725,,0,0,,,,,,25.042469,80.914819,,,FIU,FIU,,,,,,,,,,,,Sample Filtered with 0.7 glass fiber filter.
FLAB17,FLAB,8/4/94,SAMP,MON,SA,G,,0,,18,NITRATE+NITRITE-N,NOX,0.0026,A,,0.003,,,,,,mg/L,3,N,A,FIU15727,,0,0,,,,,,25.042469,80.914819,,,FIU,FIU,,,,,,,,,,,,Sample Filtered with 0.7 glass fiber filter.
FLAB17,FLAB,9/14/94,SAMP,MON,SA,G,,0,,18,NITRATE+NITRITE-N,NOX,0.0076,A,,0.008,,,,,,mg/L,3,N,A,FIU15729,,0,0,,,,,,25.042469,80.914819,,,FIU,FIU,,,,,,,,,,,,Sample Filtered with 0.7 glass fiber filter.
FLAB17,FLAB,10/5/94,SAMP,MON,SA,G,,0,,18,NITRATE+NITRITE-N,NOX,0.0125,A,,0.012,,,,,,mg/L,3,N,A,FIU15731,,0,0,,,,,,25.042469,80.914819,,,FIU,FIU,,,,,,,,,,,,Sample Filtered with 0.7 glass fiber filter.
FLAB17,FLAB,11/2/94,SAMP,MON,SA,G,,0,,18,NITRATE+NITRITE-N,NOX,0.0032,A,,0.003,,,,,,mg/L,3,N,A,FIU15733,,0,0,,,,,,25.042469,80.914819,,,FIU,FIU,,,,,,,,,,,,Sample Filtered with 0.7 glass fiber filter.
FLAB17,FLAB,11/22/94,SAMP,MON,SA,G,,0,,18,NITRATE+NITRITE-N,NOX,0.0011,A,,0.001,,,,,,mg/L,3,N,A,FIU15735,,0,0,,,,,,25.042469,80.914819,,,FIU,FIU,,,,,,,,,,,,Sample Filtered with 0.7 glass fiber filter.
FLAB17,FLAB,12/1/94,SAMP,MON,SA,G,,0,,18,NITRATE+NITRITE-N,NOX,0.0027,A,,0.003,,,,,,mg/L,3,N,A,FIU15737,,0,0,,,,,,25.042469,80.914819,,,FIU,FIU,,,,,,,,,,,,Sample Filtered with 0.7 glass fiber filter.
FLAB17,FLAB,1/5/95,SAMP,MON,SA,G,,0,,18,NITRATE+NITRITE-N,NOX,0.0025,PMR,,0.002,,,,,,mg/L,3,N,A,FIU15739,,0,0,,,,,,25.042469,80.914819,,,FIU,FIU,,,,,,,,,,,,Sample Filtered with 0.7 glass fiber filter.
FLAB17,FLAB,2/2/95,SAMP,MON,SA,G,,0,,18,NITRATE+NITRITE-N,NOX,0.0038,PMR,,0.004,,,,,,mg/L,3,N,A,FIU15741,,0,0,,,,,,25.042469,80.914819,,,FIU,FIU,,,,,,,,,,,,Sample Filtered with 0.7 glass fiber filter.
FLAB17,FLAB,3/1/95,SAMP,MON,SA,G,,0,,18,NITRATE+NITRITE-N,NOX,0.0039,PMR,,0.004,,,,,,mg/L,3,N,A,FIU15743,,0,0,,,,,,25.042469,80.914819,,,FIU,FIU,,,,,,,,,,,,Sample Filtered with 0.7 glass fiber filter.
FLAB17,FLAB,4/19/95,SAMP,MON,SA,G,,0,,18,NITRATE+NITRITE-N,NOX,0.007,PMR,,0.007,,,,,,mg/L,3,N,A,FIU15745,,0,0,,,,,,25.042469,80.914819,,,FIU,FIU,,,,,,,,,,,,Sample Filtered with 0.7 glass fiber filter.
FLAB17,FLAB,5/24/95,SAMP,MON,SA,G,,0,,18,NITRATE+NITRITE-N,NOX,0.0125,PMR,,0.012,,,,,,mg/L,3,N,A,FIU15747,,0,0,,,,,,25.042469,80.914819,,,FIU,FIU,,,,,,,,,,,,Sample Filtered with 0.7 glass fiber filter.
FLAB17,FLAB,6/21/95,SAMP,MON,SA,G,,0,,18,NITRATE+NITRITE-N,NOX,0.0057,PMR,,0.006,,,,,,mg/L,3,N,A,FIU15749,,0,0,,,,,,25.042469,80.914819,,,FIU,FIU,,,,,,,,,,,,Sample Filtered with 0.7 glass fiber filter.
FLAB17,FLAB,7/12/95,SAMP,MON,SA,G,,0,,18,NITRATE+NITRITE-N,NOX,0.0023,PMR,,0.002,,,,,,mg/L,3,N,A,FIU15751,,0,0,,,,,,25.042469,80.914819,,,FIU,FIU,,,,,,,,,,,,Sample Filtered with 0.7 glass fiber filter.
FLAB17,FLAB,8/11/95,SAMP,MON,SA,G,,0,,18,NITRATE+NITRITE-N,NOX,0.0026,PMR,,0.003,,,,,,mg/L,3,N,A,FIU15753,,0,0,,,,,,25.042469,80.914819,,,FIU,FIU,,,,,,,,,,,,Sample Filtered with 0.7 glass fiber filter.
FLAB17,FLAB,9/6/95,SAMP,MON,SA,G,,0,,18,NITRATE+NITRITE-N,NOX,0.0033,PMR,,0.003,,,,,,mg/L,3,N,A,FIU15755,,0,0,,,,,,25.042469,80.914819,,,FIU,FIU,,,,,,,,,,,,Sample Filtered with 0.7 glass fiber filter.
FLAB17,FLAB,10/22/95,SAMP,MON,SA,G,,0,,18,NITRATE+NITRITE-N,NOX,0.0089,PMR,,0.009,,,,,,mg/L,3,N,A,FIU15757,,0,0,,,,,,25.042469,80.914819,,,FIU,FIU,,,,,,,,,,,,Sample Filtered with 0.7 glass fiber filter.
FLAB17,FLAB,11/17/95,SAMP,MON,SA,G,,0,,18,NITRATE+NITRITE-N,NOX,0.0048,Q,Q,0.005,,,,,,mg/L,3,N,A,FIU15759,,0,0,,,,,,25.042469,80.914819,,,FIU,FIU,,,,,,,,,,,,Sample Filtered with 0.7 glass fiber filter.
FLAB17,FLAB,12/14/95,SAMP,MON,SA,G,,0,,18,NITRATE+NITRITE-N,NOX,0.0061,Q,Q,0.006,,,,,,mg/L,3,N,A,FIU15761,,0,0,,,,,,25.042469,80.914819,,,FIU,FIU,,,,,,,,,,,,Sample Filtered with 0.7 glass fiber filter.
FLAB17,FLAB,1/23/96,SAMP,MON,SA,G,,0,,18,NITRATE+NITRITE-N,NOX,0.0043,PMR,,0.004,,,,,,mg/L,3,N,A,FIU15763,,0,0,,,,,,25.042469,80.914819,,,FIU,FIU,,,,,,,,,,,,Sample Filtered with 0.7 glass fiber filter.
FLAB17,FLAB,2/12/96,SAMP,MON,SA,G,,0,,18,NITRATE+NITRITE-N,NOX,0.0008,PMR,,0.001,,,,,,mg/L,3,N,A,FIU15765,,0,0,,,,,,25.042469,80.914819,,,FIU,FIU,,,,,,,,,,,,Sample Filtered with 0.7 glass fiber filter.
FLAB17,FLAB,3/22/96,SAMP,MON,SA,G,,0,,18,NITRATE+NITRITE-N,NOX,0.0039,PMR,,0.004,,,,,,mg/L,3,N,A,FIU15767,,0,0,,,,,,25.042469,80.914819,,,FIU,FIU,,,,,,,,,,,,Sample Filtered with 0.7 glass fiber filter.
FLAB17,FLAB,4/25/96,SAMP,MON,SA,G,,0,,18,NITRATE+NITRITE-N,NOX,0.0249,PMR,,0.025,,,,,,mg/L,3,N,A,FIU15769,,0,0,,,,,,25.042469,80.914819,,,FIU,FIU,,,,,,,,,,,,Sample Filtered with 0.7 glass fiber filter.
FLAB17,FLAB,5/10/96,SAMP,MON,SA,G,,0,,18,NITRATE+NITRITE-N,NOX,0.006,PMR,,0.006,,,,,,mg/L,3,N,A,FIU15771,,0,0,,,,,,25.042469,80.914819,,,FIU,FIU,,,,,,,,,,,,Sample Filtered with 0.7 glass fiber filter.
FLAB17,FLAB,6/6/96,SAMP,MON,SA,G,,0,,18,NITRATE+NITRITE-N,NOX,0.0029,PMR,,0.003,,,,,,mg/L,3,N,A,FIU15773,,0,0,,,,,,25.042469,80.914819,,,FIU,FIU,,,,,,,,,,,,Sample Filtered with 0.7 glass fiber filter.
FLAB17,FLAB,7/5/96,SAMP,MON,SA,G,,0.1,,18,NITRATE+NITRITE-N,NOX,0.0019,PMR,,0.002,,,,,,mg/L,3,N,A,FIU15775,,0,0,,,,,,25.042469,80.914819,,,FIU,FIU,,,,,,,,,,,,Sample Filtered with 0.7 glass fiber filter.
FLAB17,FLAB,8/22/96,SAMP,MON,SA,G,,0.1,,18,NITRATE+NITRITE-N,NOX,0.0046,PMR,,0.005,,,,,,mg/L,3,N,A,FIU15777,,0,0,,,,,,25.042469,80.914819,,,FIU,FIU,,,,,,,,,,,,Sample Filtered with 0.7 glass fiber filter.
FLAB17,FLAB,9/14/96,SAMP,MON,SA,G,,0.1,,18,NITRATE+NITRITE-N,NOX,0.0035,PMR,,0.004,,,,,,mg/L,3,N,A,FIU15779,,0,0,,,,,,25.042469,80.914819,,,FIU,FIU,,,,,,,,,,,,Sample Filtered with 0.7 glass fiber filter.
FLAB17,FLAB,10/15/96,SAMP,MON,SA,G,,0.1,,18,NITRATE+NITRITE-N,NOX,0.0135,PMR,,0.014,,,,,,mg/L,3,N,A,FIU15781,,0,0,,,,,,25.042469,80.914819,,,FIU,FIU,,,,,,,,,,,,Sample Filtered with 0.7 glass fiber filter.
FLAB17,FLAB,11/7/96,SAMP,MON,SA,G,,0.1,,18,NITRATE+NITRITE-N,NOX,0.0026,PMR,,0.003,,,,,,mg/L,3,N,A,FIU15783,,0,0,,,,,,25.042469,80.914819,,,FIU,FIU,,,,,,,,,,,,Sample Filtered with 0.7 glass fiber filter.
FLAB17,FLAB,12/6/96,SAMP,MON,SA,G,,0.1,,18,NITRATE+NITRITE-N,NOX,0.0071,PMR,,0.007,,,,,,mg/L,3,N,A,FIU15785,,0,0,,,,,,25.042469,80.914819,,,FIU,FIU,,,,,,,,,,,,Sample Filtered with 0.7 glass fiber filter.
FLAB17,FLAB,1/8/97,SAMP,MON,SA,G,,0.1,,18,NITRATE+NITRITE-N,NOX,0.0023,PMR,,0.002,,,,,,mg/L,3,N,A,FIU15787,,0,0,,,,,,25.042469,80.914819,,,FIU,FIU,,,,,,,,,,,,Sample Filtered with 0.7 glass fiber filter.
FLAB17,FLAB,2/15/97,SAMP,MON,SA,G,,0.1,,18,NITRATE+NITRITE-N,NOX,0.004,PMR,,0.004,,,,,,mg/L,3,N,A,FIU15789,,0,0,,,,,,25.042469,80.914819,,,FIU,FIU,,,,,,,,,,,,Sample Filtered with 0.7 glass fiber filter.
FLAB17,FLAB,3/12/97,SAMP,MON,SA,G,,0.1,,18,NITRATE+NITRITE-N,NOX,0.0085,PMR,,0.008,,,,,,mg/L,3,N,A,FIU15791,,0,0,,,,,,25.042469,80.914819,,,FIU,FIU,,,,,,,,,,,,Sample Filtered with 0.7 glass fiber filter.
FLAB17,FLAB,4/16/97,SAMP,MON,SA,G,,0.1,,18,NITRATE+NITRITE-N,NOX,0.008,PMR,,0.008,,,,,,mg/L,3,N,A,FIU15793,,0,0,,,,,,25.042469,80.914819,,,FIU,FIU,,,,,,,,,,,,Sample Filtered with 0.7 glass fiber filter.
FLAB17,FLAB,5/22/97,SAMP,MON,SA,G,,0.1,,18,NITRATE+NITRITE-N,NOX,0.0061,PMR,,0.006,,,,,,mg/L,3,N,A,FIU15795,,0,0,,,,,,25.042469,80.914819,,,FIU,FIU,,,,,,,,,,,,Sample Filtered with 0.7 glass fiber filter.
FLAB17,FLAB,6/12/97,SAMP,MON,SA,G,,0.1,,18,NITRATE+NITRITE-N,NOX,0.0142,PMR,,0.014,,,,,,mg/L,3,N,A,FIU15797,,0,0,,,,,,25.042469,80.914819,,,FIU,FIU,,,,,,,,,,,,Sample Filtered with 0.7 glass fiber filter.
FLAB17,FLAB,7/10/97,SAMP,MON,SA,G,,0.1,,18,NITRATE+NITRITE-N,NOX,0.0022,PMR,,0.002,,,,,,mg/L,3,N,A,FIU15799,,0,0,,,,,,25.042469,80.914819,,,FIU,FIU,,,,,,,,,,,,Sample Filtered with 0.7 glass fiber filter.
FLAB17,FLAB,8/19/97,SAMP,MON,SA,G,,0.1,,18,NITRATE+NITRITE-N,NOX,0.0101,PMR,,0.01,,,,,,mg/L,3,N,A,FIU15800,,0,0,,,,,,25.042469,80.914819,,,FIU,FIU,,,,,,,,,,,,Sample Filtered with 0.7 glass fiber filter.
FLAB17,FLAB,9/10/97,SAMP,MON,SA,G,,0.1,,18,NITRATE+NITRITE-N,NOX,0.0119,PMR,,0.012,,,,,,mg/L,3,N,A,FIU15802,,0,0,,,,,,25.042469,80.914819,,,FIU,FIU,,,,,,,,,,,,Sample Filtered with 0.7 glass fiber filter.
FLAB17,FLAB,10/21/97,SAMP,MON,SA,G,,0.1,,18,NITRATE+NITRITE-N,NOX,0.0024,PMR,,0.002,,,,,,mg/L,3,N,A,FIU15804,,0,0,,,,,,25.042469,80.914819,,,FIU,FIU,,,,,,,,,,,,Sample Filtered with 0.7 glass fiber filter.
FLAB17,FLAB,11/25/97,SAMP,MON,SA,G,,0.1,,18,NITRATE+NITRITE-N,NOX,0.004,PMR,,0.004,,,,,,mg/L,3,N,A,FIU15806,,0,0,,,,,,25.042469,80.914819,,,FIU,FIU,,,,,,,,,,,,Sample Filtered with 0.7 glass fiber filter.
FLAB17,FLAB,12/12/97,SAMP,MON,SA,G,,0.1,,18,NITRATE+NITRITE-N,NOX,0.0021,PMR,,0.002,,,,,,mg/L,3,N,A,FIU15808,,0,0,,,,,,25.042469,80.914819,,,FIU,FIU,,,,,,,,,,,,Sample Filtered with 0.7 glass fiber filter.
FLAB17,FLAB,1/21/98,SAMP,MON,SA,G,,0.1,,18,NITRATE+NITRITE-N,NOX,0.0006,T,,0.001,,,,,,mg/L,3,N,A,FIU15810,,0,0,,,,,,25.042469,80.914819,,,FIU,FIU,,,,,,,,,,,,Sample Filtered with 0.7 glass fiber filter.
FLAB17,FLAB,2/18/98,SAMP,MON,SA,G,,0.1,,18,NITRATE+NITRITE-N,NOX,0.0087,PMR,,0.009,,,,,,mg/L,3,N,A,FIU15812,,0,0,,,,,,25.042469,80.914819,,,FIU,FIU,,,,,,,,,,,,Sample Filtered with 0.7 glass fiber filter.
FLAB17,FLAB,3/20/98,SAMP,MON,SA,G,,0.1,,18,NITRATE+NITRITE-N,NOX,0.0048,PMR,,0.005,,,,,,mg/L,3,N,A,FIU15814,,0,0,,,,,,25.042469,80.914819,,,FIU,FIU,,,,,,,,,,,,Sample Filtered with 0.7 glass fiber filter.
FLAB17,FLAB,4/15/98,SAMP,MON,SA,G,,0.1,,18,NITRATE+NITRITE-N,NOX,0.002,PMR,,0.002,,,,,,mg/L,3,N,A,FIU15816,,0,0,,,,,,25.042469,80.914819,,,FIU,FIU,,,,,,,,,,,,Sample Filtered with 0.7 glass fiber filter.
FLAB17,FLAB,5/14/98,SAMP,MON,SA,G,,0.1,,18,NITRATE+NITRITE-N,NOX,0.0024,PMR,,0.002,,,,,,mg/L,3,N,A,FIU15818,,0,0,,,,,,25.042469,80.914819,,,FIU,FIU,,,,,,,,,,,,Sample Filtered with 0.7 glass fiber filter.
FLAB17,FLAB,6/10/98,SAMP,MON,SA,G,,0.1,,18,NITRATE+NITRITE-N,NOX,0.0007,T,,0.001,,,,,,mg/L,3,N,A,FIU15820,,0,0,,,,,,25.042469,80.914819,,,FIU,FIU,,,,,,,,,,,,Sample Filtered with 0.7 glass fiber filter.
FLAB17,FLAB,7/14/98,SAMP,MON,SA,G,,0.1,,18,NITRATE+NITRITE-N,NOX,0.0009,T,,0.001,,,,,,mg/L,3,N,A,FIU15822,,0,0,,,,,,25.042469,80.914819,,,FIU,FIU,,,,,,,,,,,,Sample Filtered with 0.7 glass fiber filter.
FLAB17,FLAB,8/19/98,SAMP,MON,SA,G,,0.1,,18,NITRATE+NITRITE-N,NOX,0.0012,PMR,,0.001,,,,,,mg/L,3,N,A,FIU15824,,0,0,,,,,,25.042469,80.914819,,,FIU,FIU,,,,,,,,,,,,Sample Filtered with 0.7 glass fiber filter.
FLAB17,FLAB,9/17/98,SAMP,MON,SA,G,,0.1,,18,NITRATE+NITRITE-N,NOX,0.0047,PMR,,0.005,,,,,,mg/L,3,N,A,FIU15826,,0,0,,,,,,25.042469,80.914819,,,FIU,FIU,,,,,,,,,,,,Sample Filtered with 0.7 glass fiber filter.
FLAB17,FLAB,9/30/98,SAMP,MON,SA,G,,0.1,,18,NITRATE+NITRITE-N,NOX,0.0088,PMR,,0.009,,,,,,mg/L,3,N,A,FIU15828,,0,0,,,,,,25.042469,80.914819,,,FIU,FIU,,,,,,,,,,,,Sample Filtered with 0.7 glass fiber filter.
FLAB17,FLAB,11/3/98,SAMP,MON,SA,G,,0.1,,18,NITRATE+NITRITE-N,NOX,0.0005,T,,0,,,,,,mg/L,3,N,A,FIU15830,,0,0,,,,,,25.042469,80.914819,,,FIU,FIU,,,,,,,,,,,,Sample Filtered with 0.7 glass fiber filter.
FLAB17,FLAB,12/1/98,SAMP,MON,SA,G,,0.1,,18,NITRATE+NITRITE-N,NOX,0.0011,PMR,,0.001,,,,,,mg/L,3,N,A,FIU15832,,0,0,,,,,,25.042469,80.914819,,,FIU,FIU,,,,,,,,,,,,Sample Filtered with 0.7 glass fiber filter.
FLAB17,FLAB,1/14/99,SAMP,MON,SA,G,,0.1,,18,NITRATE+NITRITE-N,NOX,0.0034,PMR,,0.003,,,,,,mg/L,3,N,A,FIU15834,,0,0,,,,,,25.042469,80.914819,,,FIU,FIU,,,,,,,,,,,,Sample Filtered with 0.7 glass fiber filter.
FLAB17,FLAB,2/10/99,SAMP,MON,SA,G,,0.1,,18,NITRATE+NITRITE-N,NOX,0.0034,PMR,,0.003,,,,,,mg/L,3,N,A,FIU15836,,0,0,,,,,,25.042469,80.914819,,,FIU,FIU,,,,,,,,,,,,Sample Filtered with 0.7 glass fiber filter.
FLAB17,FLAB,3/23/99,SAMP,MON,SA,G,,0.1,,18,NITRATE+NITRITE-N,NOX,0.0032,PMR,,0.003,,,,,,mg/L,3,N,A,FIU15838,,0,0,,,,,,25.042469,80.914819,,,FIU,FIU,,,,,,,,,,,,Sample Filtered with 0.7 glass fiber filter.
FLAB17,FLAB,4/29/99,SAMP,MON,SA,G,,0.1,,18,NITRATE+NITRITE-N,NOX,0.0013,PMR,,0.001,,,,,,mg/L,3,N,A,FIU15840,,0,0,,,,,,25.042469,80.914819,,,FIU,FIU,,,,,,,,,,,,Sample Filtered with 0.7 glass fiber filter.
FLAB17,FLAB,5/28/99,SAMP,MON,SA,G,,0.1,,18,NITRATE+NITRITE-N,NOX,0.0056,PMR,,0.006,,,,,,mg/L,3,N,A,FIU15842,,0,0,,,,,,25.042469,80.914819,,,FIU,FIU,,,,,,,,,,,,Sample Filtered with 0.7 glass fiber filter.
FLAB17,FLAB,6/17/99,SAMP,MON,SA,G,,0.1,,18,NITRATE+NITRITE-N,NOX,0.0024,PMR,,0.002,,,,,,mg/L,3,N,A,FIU15844,,0,0,,,,,,25.042469,80.914819,,,FIU,FIU,,,,,,,,,,,,Sample Filtered with 0.7 glass fiber filter.
FLAB17,FLAB,7/6/99,SAMP,MON,SA,G,,0.1,,18,NITRATE+NITRITE-N,NOX,0.0022,PMR,,0.002,,,0.001,,,mg/L,3,N,A,FIU15847,,0,0,,,,,,25.042469,80.914819,,,FIU,FIU,,,,,,,,EPA353.2,,00630,,Sample Filtered with 0.7 glass fiber filter.
FLAB17,FLAB,8/24/99,SAMP,MON,SA,G,,0.1,,18,NITRATE+NITRITE-N,NOX,0.0018,PMR,,0.002,,,0.001,,,mg/L,3,N,A,FIU15849,,0,0,,,,,,25.042469,80.914819,,,FIU,FIU,,,,,,,,EPA353.2,,00630,,Sample Filtered with 0.7 glass fiber filter.
FLAB17,FLAB,9/23/99,SAMP,MON,SA,G,,0.1,,18,NITRATE+NITRITE-N,NOX,0.0019,PMR,,0.0019,,,0.00098,,,mg/L,3,N,A,FIU15851,,0,0,,,,,,25.042469,80.914819,,,FIU,FIU,,,,,,,,EPA353.2,,00630,,Sample Filtered with 0.7 glass fiber filter.
FLAB17,FLAB,10/26/99,SAMP,MON,SA,G,,0.1,,18,NITRATE+NITRITE-N,NOX,0.0067,PMR,,0.0067,,,0.00098,,,mg/L,3,N,A,FIU15853,,0,0,,,,,,25.042469,80.914819,,,FIU,FIU,,,,,,,,EPA353.2,,00630,,Sample Filtered with 0.7 glass fiber filter.
FLAB17,FLAB,11/12/99,SAMP,MON,SA,G,,0.1,,18,NITRATE+NITRITE-N,NOX,0.0119,PMR,,0.0119,,,0.00098,,,mg/L,3,N,A,FIU15856,,0,0,,,,,,25.042469,80.914819,,,FIU,FIU,,,,,,,,EPA353.2,,00630,,Sample Filtered with 0.7 glass fiber filter.
FLAB17,FLAB,12/3/99,SAMP,MON,SA,G,,0.1,,18,NITRATE+NITRITE-N,NOX,0.011,PMR,,0.011,,,0.00098,,,mg/L,3,N,A,FIU15859,,0,0,,,,,,25.042469,80.914819,,,FIU,FIU,,,,,,,,EPA353.2,,00630,,Sample Filtered with 0.7 glass fiber filter.
FLAB17,FLAB,1/25/00,SAMP,MON,SA,G,,0.1,,18,NITRATE+NITRITE-N,NOX,0.0074,PMR,V,0.0074,,,0.00098,,,mg/L,3,N,A,FIU15862,,0,0,,,,,,25.042469,80.914819,,,FIU,FIU,,,,,,,,EPA353.2,,00630,,SAMPLE ASSOCIATED WITH POSITIVE EB.  Sample Filtered with 0.7 glass fiber filter.
FLAB17,FLAB,2/28/00,SAMP,MON,SA,G,,0.1,,18,NITRATE+NITRITE-N,NOX,0.0092,PMR,V,0.0092,,,0.00098,,,mg/L,3,N,A,FIU15865,,0,0,,,,,,25.042469,80.914819,,,FIU,FIU,,,,,,,,EPA353.2,,00630,,SAMPLE ASSOCIATED WITH POSITIVE EB.  Sample Filtered with 0.7 glass fiber filter.
FLAB17,FLAB,3/21/00,SAMP,MON,SA,G,,0.1,,18,NITRATE+NITRITE-N,NOX,0.0097,PMR,,0.0097,,,0.00098,,,mg/L,3,N,A,FIU15868,,0,0,,,,,,25.042469,80.914819,,,FIU,FIU,,,,,,,,EPA353.2,,00630,,Sample Filtered with 0.7 glass fiber filter.
FLAB17,FLAB,4/13/00,SAMP,MON,SA,G,,0.1,,18,NITRATE+NITRITE-N,NOX,0.0002,T,,0.0002,,,0.00098,,,mg/L,3,N,A,FIU15871,,0,0,,,,,,25.042469,80.914819,,,FIU,FIU,,,,,,,,EPA353.2,,00630,,Sample Filtered with 0.7 glass fiber filter.
FLAB17,FLAB,5/30/00,SAMP,MON,SA,G,,0.1,,18,NITRATE+NITRITE-N,NOX,0.0014,PMR,,0.0014,,,0.00098,,,mg/L,3,N,A,FIU15873,,0,0,,,,,,25.042469,80.914819,,,FIU,FIU,,,,,,,,EPA353.2,,00630,,Sample Filtered with 0.7 glass fiber filter.
FLAB17,FLAB,6/20/00,SAMP,MON,SA,G,,0.1,,18,NITRATE+NITRITE-N,NOX,0.0022,PMR,,0.0022,,,0.00098,,,mg/L,3,N,A,FIU15875,,0,0,,,,,,25.042469,80.914819,,,FIU,FIU,,,,,,,,EPA353.2,,00630,,Sample Filtered with 0.7 glass fiber filter.
FLAB17,FLAB,7/20/00,SAMP,MON,SA,G,,0.1,,18,NITRATE+NITRITE-N,NOX,0.0188,PMR,,0.019,,,0.001,,,mg/L,3,N,A,FIU15877,,0,0,,,,,,25.042469,80.914819,,,FIU,FIU,,,,,,,,EPA353.2,,00630,,Sample Filtered with 0.7 glass fiber filter.
FLAB17,FLAB,8/29/00,SAMP,MON,SA,G,,0.1,,18,NITRATE+NITRITE-N,NOX,0.0032,PMR,,0.003,,,0.001,,,mg/L,3,N,A,FIU15879,,0,0,,,,,,25.042469,80.914819,,,FIU,FIU,,,,,,,,EPA353.2,,00630,,Sample Filtered with 0.7 glass fiber filter.
FLAB17,FLAB,9/28/00,SAMP,MON,SA,G,,0.1,,18,NITRATE+NITRITE-N,NOX,0.0039,PMR,,0.004,,,0.001,,,mg/L,3,N,A,FIU15881,,0,0,,,,,,25.042469,80.914819,,,FIU,FIU,,,,,,,,EPA353.2,,00630,,Sample Filtered with 0.7 glass fiber filter.
FLAB17,FLAB,10/26/00,SAMP,MON,SA,G,,0.1,,18,NITRATE+NITRITE-N,NOX,0.0011,PMR,,0.001,,,0.001,,,mg/L,3,N,A,FIU15883,,0,0,,,,,,25.042469,80.914819,,,FIU,FIU,,,,,,,,EPA353.2,,00630,,Sample Filtered with 0.7 glass fiber filter.
FLAB17,FLAB,11/30/00,SAMP,MON,SA,G,,0.1,,18,NITRATE+NITRITE-N,NOX,0.0015,PMR,,0.002,,,0.001,,,mg/L,3,N,A,FIU15885,,0,0,,,,,,25.042469,80.914819,,,FIU,FIU,,,,,,,,EPA353.2,,00630,,Sample Filtered with 0.7 glass fiber filter.
FLAB17,FLAB,12/11/00,SAMP,MON,SA,G,,0.1,,18,NITRATE+NITRITE-N,NOX,0.0018,PMR,,0.002,,,0.001,,,mg/L,3,N,A,FIU15887,,0,0,,,,,,25.042469,80.914819,,,FIU,FIU,,,,,,,,EPA353.2,,00630,,Sample Filtered with 0.7 glass fiber filter.
FLAB17,FLAB,1/25/01,SAMP,MON,SA,G,,0.1,,18,NITRATE+NITRITE-N,NOX,0.0005,T,T,0.0005,,,0.0021,,,mg/L,3,N,A,FIU15889,,0,0,,,,,,25.042469,80.914819,,,FIU,FIU,,,,,,,,EPA353.2,,00630,,Sample Filtered with 0.7 glass fiber filter.
FLAB17,FLAB,2/21/01,SAMP,MON,SA,G,,0.1,,18,NITRATE+NITRITE-N,NOX,0.001,T,T,0.001,,,0.0021,,,mg/L,3,N,A,FIU15891,,0,0,,,,,,25.042469,80.914819,,,FIU,FIU,,,,,,,,EPA353.2,,00630,,Sample Filtered with 0.7 glass fiber filter.
FLAB17,FLAB,3/6/01,SAMP,MON,SA,G,,0.1,,18,NITRATE+NITRITE-N,NOX,0.004,PMR,,0.004,,,0.0021,,,mg/L,3,N,A,FIU15893,,0,0,,,,,,25.042469,80.914819,,,FIU,FIU,,,,,,,,EPA353.2,,00630,,Sample Filtered with 0.7 glass fiber filter.
FLAB17,FLAB,4/3/01,SAMP,MON,SA,G,,0.1,,18,NITRATE+NITRITE-N,NOX,0.0012,T,T,0.0012,,,0.0021,,,mg/L,3,N,A,FIU15895,,0,0,,,,,,25.042469,80.914819,,,FIU,FIU,,,,,,,,EPA353.2,,00630,,Sample Filtered with 0.7 glass fiber filter.
FLAB17,FLAB,5/2/01,SAMP,MON,SA,G,,0.1,,18,NITRATE+NITRITE-N,NOX,0.0039,PMR,,0.0039,,,0.0021,,,mg/L,3,N,A,FIU15897,,0,0,,,,,,25.042469,80.914819,,,FIU,FIU,,,,,,,,EPA353.2,,00630,,Sample Filtered with 0.7 glass fiber filter.
FLAB17,FLAB,6/5/01,SAMP,MON,SA,G,,0.1,,18,NITRATE+NITRITE-N,NOX,0.0025,PMR,,0.0025,,,0.0021,,,mg/L,3,N,A,FIU110790,,0,0,,,,,,25.042469,80.914819,,,FIU,FIU,,,,,,,,EPA353.2,,00630,,Sample Filtered with 0.7 glass fiber filter.
FLAB17,FLAB,7/12/01,SAMP,MON,SA,G,,0.1,,18,NITRATE+NITRITE-N,NOX,0.0021,T,T,-0.0011,,,0.0021,,,mg/L,3,Y,A,FIU15899,,0,0,,,,,,25.042469,80.914819,,,FIU,FIU,,,,,,,,EPA353.2,,00630,,Sample Filtered with 0.7 glass fiber filter.
FLAB17,FLAB,8/14/01,SAMP,MON,SA,G,,0.1,,18,NITRATE+NITRITE-N,NOX,0.0021,T,T,-0.001,,,0.0021,,,mg/L,3,Y,A,FIU15901,,0,0,,,,,,25.042469,80.914819,,,FIU,FIU,,,,,,,,EPA353.2,,00630,,Sample Filtered with 0.7 glass fiber filter.
FLAB17,FLAB,9/5/01,SAMP,MON,SA,G,,0.1,,18,NITRATE+NITRITE-N,NOX,0.0021,T,T,-0.0009,,,0.0021,,,mg/L,3,Y,A,FIU15903,,0,0,,,,,,25.042469,80.914819,,,FIU,FIU,,,,,,,,EPA353.2,,00630,,Sample Filtered with 0.7 glass fiber filter.
FLAB17,FLAB,10/23/01,SAMP,MON,SA,G,,0.1,,18,NITRATE+NITRITE-N,NOX,0.0036,PMR,,0.0036,,,0.0021,,,mg/L,3,N,A,FIU110504,,0,0,,,,,,25.042469,80.914819,,,FIU,FIU,,,,,,128017,11/2/01 0:00,EPA353.2,,00630,,Sample Filtered with 0.7 glass fiber filter.
FLAB17,FLAB,11/8/01,SAMP,MON,SA,G,,0.1,,18,NITRATE+NITRITE-N,NOX,0.0044,PMR,,0.0044,,,0.0021,,,mg/L,3,N,A,FIU110506,,0,0,,,,,,25.042469,80.914819,,,FIU,FIU,,,,,,129017,11/21/01 0:00,EPA353.2,,00630,,Sample Filtered with 0.7 glass fiber filter.
FLAB17,FLAB,12/3/01,SAMP,MON,SA,G,,0.1,,18,NITRATE+NITRITE-N,NOX,0.0021,T,Q,-0.0021,,,0.0021,,,mg/L,3,Y,A,FIU110508,,0,0,,,,,,25.042469,80.914819,,,FIU,FIU,,,,,,130017,2/4/02 0:00,EPA353.2,,00630,,OUT OF HOLDING TIME.  Sample Filtered with 0.7 glass fiber filter.
FLAB17,FLAB,1/29/02,SAMP,MON,SA,G,,0.1,,18,NITRATE+NITRITE-N,NOX,0.0021,T,T,-0.0021,,,0.0021,,,mg/L,3,Y,A,FIU113136,,0,0,,,,,,25.042469,80.914819,,,FIU,FIU,,,,,,131017,2/22/02 0:00,EPA353.2,,00630,,
FLAB17,FLAB,2/20/02,SAMP,MON,SA,G,,0.1,,18,NITRATE+NITRITE-N,NOX,0.0021,T,T,-0.0021,,,0.0021,,,mg/L,3,Y,A,FIU113138,,0,0,,,,,,25.042469,80.914819,,,FIU,FIU,,,,,,132017,3/26/02 0:00,EPA353.2,,00630,,
FLAB17,FLAB,3/19/02,SAMP,MON,SA,G,,0.1,,18,NITRATE+NITRITE-N,NOX,0.0021,T,T,-0.0021,,,0.0021,,,mg/L,3,Y,A,FIU113140,,0,0,,,,,,25.042469,80.914819,,,FIU,FIU,,,,,,133017,4/2/02 0:00,EPA353.2,,00630,,
FLAB17,FLAB,4/9/02,SAMP,MON,SA,G,,0.1,,18,NITRATE+NITRITE-N,NOX,0.0021,U,,-0.0021,,,0.0021,,,mg/L,3,Y,A,134017,,0,0,,,,,,25.042469,80.914819,,,FIU,FIU,,,,,,134017,4/22/02 0:00,EPA353.2,,630,,
FLAB17,FLAB,5/15/02,SAMP,MON,SA,G,,0.1,,18,NITRATE+NITRITE-N,NOX,0.0013,U,,-0.0013,,,0.0013,,,mg/L,3,Y,A,135017,,0,0,,,,,,25.042469,80.914819,,,FIU,FIU,,,,,,135017,5/30/02 10:54,EPA353.2,,630,,
FLAB17,FLAB,6/4/02,SAMP,MON,SA,G,,0.1,,18,NITRATE+NITRITE-N,NOX,0.0046,,,0.0046,,,0.0013,,,mg/L,3,N,A,136017,,0,0,,,,,,25.042469,80.914819,,,FIU,FIU,,,,,,136017,6/10/02 11:20,EPA353.2,,630,,
FLAB17,FLAB,7/11/02,SAMP,MON,SA,G,,0.1,,18,NITRATE+NITRITE-N,NOX,0.0039,,,0.0039,,,0.0013,0.0056,,mg/L,3,N,A,137017,,0,0,,,,,,25.042469,80.914819,,,FIU,FIU,,,,,,137017,7/18/02 10:26,EPA353.2,,630,,
FLAB17,FLAB,8/19/02,SAMP,MON,SA,G,,0.1,,18,NITRATE+NITRITE-N,NOX,0.0028,,,0.0028,,,0.0013,0.0056,,mg/L,3,N,A,138017,,0,0,,,,,,25.042469,80.914819,,,FIU,FIU,,,,,,138017,8/21/02 13:59,EPA353.2,,00630,,
FLAB17,FLAB,9/17/02,SAMP,MON,SA,G,,0.1,,18,NITRATE+NITRITE-N,NOX,0.004,,,0.004,,,0.0013,0.0056,,mg/L,3,N,A,139017,,0,0,,,,,,25.042469,80.914819,,,FIU,FIU,,,,,,139017,9/26/02 8:10,EPA353.2,,00630,,
FLAB17,FLAB,10/17/02,SAMP,MON,SA,G,,0.1,,18,NITRATE+NITRITE-N,NOX,0.0016,,,0.0016,,,0.0013,0.0056,,mg/L,3,N,A,140017,,0,0,,,,,,25.042469,80.914819,,,FIU,FIU,,,,,,140017,10/23/02 12:27,EPA353.2,,00630,,
FLAB17,FLAB,11/14/02,SAMP,MON,SA,G,,0.1,,18,NITRATE+NITRITE-N,NOX,0.0031,,,0.0031,,,0.0013,0.0056,,mg/L,3,N,A,141017,,0,0,,,,,,25.042469,80.914819,,,FIU,FIU,,,,,,141017,11/20/02 12:00,EPA353.2,,00630,,
FLAB17,FLAB,12/11/02,SAMP,MON,SA,G,,0.1,,18,NITRATE+NITRITE-N,NOX,0.0039,,,0.0039,,,0.0013,0.0056,,mg/L,3,N,A,142017,,0,0,,,,,,25.042469,80.914819,,,FIU,FIU,,,,,,142017,12/16/02 13:57,EPA353.2,,00630,,
FLAB17,FLAB,1/28/03,SAMP,MON,SA,G,,0.1,,18,NITRATE+NITRITE-N,NOX,0.0041,I,I,0.0041,,,0.0013,0.0056,,mg/L,3,N,A,143017,,0,0,,,,,,25.042469,80.914819,,,FIU,FIU,,,,CA,,143017,1/30/03 14:34,EPA353.2,,00630,,
FLAB17,FLAB,2/25/03,SAMP,MON,SA,G,,0.1,,18,NITRATE+NITRITE-N,NOX,0.0048,I,I,0.0048,,,0.0013,0.0056,,mg/L,3,N,A,144017,,0,0,,,,,,25.042469,80.914819,,,FIU,FIU,,,,CA,,144017,2/27/03 13:25,EPA353.2,,00630,,
FLAB17,FLAB,3/13/03,SAMP,MON,SA,G,,0.1,,18,NITRATE+NITRITE-N,NOX,0.0025,I,I,0.0025,,,0.0013,0.0056,,mg/L,3,N,A,145017,,0,0,,,,,,25.042469,80.914819,,,FIU,FIU,,,,CA,,145017,3/19/03 13:44,EPA353.2,,00630,,
FLAB17,FLAB,4/9/03,SAMP,MON,SA,G,,0.1,,18,NITRATE+NITRITE-N,NOX,0.0056,I,,0.0056,,,0.0013,0.0056,,mg/L,3,N,A,146017,,0,0,,,,,,25.042469,80.914819,,,FIU,FIU,,,,,,146017,4/14/03 8:31,EPA353.2,,630,,
FLAB17,FLAB,5/8/03,SAMP,MON,SA,G,,0.1,,18,NITRATE+NITRITE-N,NOX,0.0027,I,,0.0027,,,0.0013,0.0056,,mg/L,3,N,A,147017,,0,0,,,,,,25.042469,80.914819,,,FIU,FIU,,,,,,147017,5/14/03 13:09,EPA353.2,,630,,
FLAB17,FLAB,6/10/03,SAMP,MON,SA,G,,0.1,,18,NITRATE+NITRITE-N,NOX,0.0074,,,0.0074,,,0.0013,0.0056,,mg/L,3,N,A,148017,,0,0,,,,,,25.042469,80.914819,,,FIU,FIU,,,,,,148017,6/13/03 12:13,EPA353.2,,630,,
FLAB17,FLAB,7/1/03,SAMP,MON,SA,G,,0.1,,18,NITRATE+NITRITE-N,NOX,0.0039,,,0.0039,,,0.0013,0.0056,,mg/L,3,N,A,149017,,0,0,,,,,,25.042469,80.914819,,,FIU,FIU,,,,,,149017,7/8/03 10:36,EPA353.2,,630,,
FLAB17,FLAB,8/25/03,SAMP,MON,SA,G,,0.1,,18,NITRATE+NITRITE-N,NOX,0.0014,I,,0.0014,,,0.0013,0.0056,,mg/L,3,N,A,150017,,0,0,,,,,,25.042469,80.914819,,,FIU,FIU,,,,,,150017,9/17/03 15:53,EPA353.2,,630,,
FLAB17,FLAB,9/9/03,SAMP,MON,SA,G,,0.1,,18,NITRATE+NITRITE-N,NOX,0.0013,U,,-0.0013,,,0.0013,0.0056,,mg/L,3,Y,A,151017,,0,0,,,,,,25.042469,80.914819,,,FIU,FIU,,,,,,151017,9/26/03 10:28,EPA353.2,,630,,
FLAB17,FLAB,10/15/03,SAMP,MON,SA,G,,0.1,,18,NITRATE+NITRITE-N,NOX,0.0019,I,,0.0019,,,0.0013,0.0056,,mg/L,3,N,A,152017,,0,0,,,,,,25.042469,80.914819,,,FIU,FIU,,,,,,152017,11/3/03 11:21,EPA353.2,,630,,
FLAB17,FLAB,11/7/03,SAMP,MON,SA,G,,0.1,,18,NITRATE+NITRITE-N,NOX,0.0013,U,,-0.0013,,,0.0013,0.0056,,mg/L,3,Y,A,153017,,0,0,,,,,,25.042469,80.914819,,,FIU,FIU,,,,,,153017,11/17/03 13:20,EPA353.2,,630,,
FLAB17,FLAB,12/3/03,SAMP,MON,SA,G,,0.1,,18,NITRATE+NITRITE-N,NOX,0.0032,I,,0.0032,,,0.0013,0.0056,,mg/L,3,N,A,154017,,0,0,,,,,,25.042469,80.914819,,,FIU,FIU,,,,,,154017,12/8/03 15:45,EPA353.2,,630,,
FLAB17,FLAB,1/21/04,SAMP,MON,SA,G,,0.1,,18,NITRATE+NITRITE-N,NOX,0.0017,U,,-0.0017,,,0.0017,0.0073,,mg/L,3,Y,A,155017,,0,0,,,,,,25.042469,80.914819,,,FIU,FIU,,,,,,155017,1/28/04 8:43,EPA353.2,,630,,SAMPLE FILTERED WITH 0.7 GLASS FIBER FILTER.
FLAB17,FLAB,2/24/04,SAMP,MON,SA,G,,0.1,,18,NITRATE+NITRITE-N,NOX,0.0019,I,,0.0019,,,0.0017,0.0073,,mg/L,3,N,A,156017,,0,0,,,,,,25.042469,80.914819,,,FIU,FIU,,,,,,156017,3/2/04 13:05,EPA353.2,,630,,SAMPLE FILTERED WITH 0.7 GLASS FIBER FILTER.
FLAB17,FLAB,3/23/04,SAMP,MON,SA,G,,0.1,,18,NITRATE+NITRITE-N,NOX,0.0017,U,,-0.0017,,,0.0017,0.0073,,mg/L,3,Y,A,157017,,0,0,,,,,,25.042469,80.914819,,,FIU,FIU,,,,,,157017,4/2/04 9:25,EPA353.2,,630,,SAMPLE FILTERED WITH 0.7 GLASS FIBER FILTER.
FLAB17,FLAB,4/21/04,SAMP,MON,SA,G,,0.1,,18,NITRATE+NITRITE-N,NOX,0.0019,I,PMR,0.0019,,,0.0017,0.0073,,mg/L,3,N,A,158017,,0,0,,,,,,25.042469,80.914819,,,FIU,FIU,,,,,,158017,4/27/04 11:57,EPA353.2,,630,,SAMPLE FILTERED WITH 0.7 GLASS FIBER FILTER.
FLAB17,FLAB,5/21/04,SAMP,MON,SA,G,,0.1,,18,NITRATE+NITRITE-N,NOX,0.0029,I,PMR,0.0029,,,0.0017,0.0073,,mg/L,3,N,A,159017,,0,0,,,,,,25.042469,80.914819,,,FIU,FIU,,,,,,159017,5/26/04 10:26,EPA353.2,,630,,SAMPLE FILTERED WITH 0.7 GLASS FIBER FILTER.
FLAB17,FLAB,6/28/04,SAMP,MON,SA,G,,0.1,,18,NITRATE+NITRITE-N,NOX,0.0081,PMR,PMR,0.0081,,,0.0017,0.0073,,mg/L,3,N,A,160017,,0,0,,,,,,25.042469,80.914819,,,FIU,FIU,,,,,,160017,7/2/04 8:28,EPA353.2,,630,,SAMPLE FILTERED WITH 0.7 GLASS FIBER FILTER.
FLAB17,FLAB,7/27/04,SAMP,MON,SA,G,,0.1,,18,NITRATE+NITRITE-N,NOX,0.0017,U,PMR,-0.0017,,,0.0017,0.0073,,mg/L,3,Y,A,161017,,0,0,,,,,,25.042469,80.914819,,,FIU,FIU,,,,,,161017,8/4/04 10:25,EPA353.2,,630,,SAMPLE FILTERED WITH 0.7 GLASS FIBER FILTER.
FLAB17,FLAB,8/24/04,SAMP,MON,SA,G,,0.1,,18,NITRATE+NITRITE-N,NOX,0.0024,I,PMR,0.0024,,,0.0017,0.0073,,mg/L,3,N,A,162017,,0,0,,,,,,25.042469,80.914819,,,FIU,FIU,,,,,,162017,8/31/04 14:41,EPA353.2,,630,,SAMPLE FILTERED WITH 0.7 GLASS FIBER FILTER.
FLAB17,FLAB,9/28/04,SAMP,MON,SA,G,,0.1,,18,NITRATE+NITRITE-N,NOX,0.0022,I,PMR,0.0022,,,0.0017,0.0073,,mg/L,3,N,A,163017,,0,0,,,,,,25.042469,80.914819,,,FIU,FIU,,,,,,163017,10/4/04 10:11,EPA353.2,,630,,SAMPLE FILTERED WITH 0.7 GLASS FIBER FILTER.
FLAB17,FLAB,10/26/04,SAMP,MON,SA,G,,0.1,,18,NITRATE+NITRITE-N,NOX,0.0017,U,PMR,-0.0017,,,0.0017,0.0073,,mg/L,3,Y,A,164017,,0,0,,,,,,25.042469,80.914819,,,FIU,FIU,,,,,,164017,11/1/04 14:22,EPA353.2,,630,,SAMPLE FILTERED WITH 0.7 GLASS FIBER FILTER.
FLAB17,FLAB,11/29/04,SAMP,MON,SA,G,,0.1,,18,NITRATE+NITRITE-N,NOX,0.0017,U,PMR,-0.0017,,,0.0017,0.0073,,mg/L,3,Y,A,165017,,0,0,,,,,,25.042469,80.914819,,,FIU,FIU,,,,,,165017,12/8/04 14:24,EPA353.2,,630,,SAMPLE FILTERED WITH 0.7 GLASS FIBER FILTER.
FLAB17,FLAB,12/14/04,SAMP,MON,SA,G,,0.1,,18,NITRATE+NITRITE-N,NOX,0.0017,U,PMR,-0.0017,,,0.0017,0.0073,,mg/L,3,Y,A,166017,,0,0,,,,,,25.042469,80.914819,,,FIU,FIU,,,,,,166017,12/20/04 12:50,EPA353.2,,630,,SAMPLE FILTERED WITH 0.7 GLASS FIBER FILTER.
FLAB17,FLAB,10/9/06,SAMP,MON,SA,G,,0,,18,NITRATE+NITRITE-N,NOX,0.00791,"I,J5,Y",yes,0.00791,,1,0.00238,0.01344,,mg/L,3,N,A,FB188FB017FA,,0,0,,,,,,25.042469,80.914819,FIU,E76930,FIU,WMD,WMD,2,BA,CA,,AB64793,10/11/06 10:21,EPA 353.3,,631,,Exceded Batch Size
FLAB17,FLAB,10/9/06,SAMP,MON,SA,G,,0,,18,NITRATE+NITRITE-N,NOX,0.01546,"J5,Y",yes,0.01546,,1,0.00238,0.01344,,mg/L,3,N,A,FB188FB017FB,,0,0,,,,,,25.042469,80.914819,FIU,E76930,FIU,WMD,WMD,2,BA,CA,,AB64794,10/11/06 10:21,EPA 353.3,,631,,Exceded Batch Size
FLAB17,FLAB,11/7/06,SAMP,MON,SA,G,,0,,18,NITRATE+NITRITE-N,NOX,0.00238,"U,J5,Y",yes,-0.00238,,1,0.00238,0.01344,,mg/L,3,Y,A,FB189FB017FA,,0,0,,,,,,25.042469,80.914819,FIU,E76930,FIU,WMD,WMD,2,BA,CA,,AB70874,11/15/06 10:11,EPA 353.3,,631,,Exceded Batch Size Exceded Batch Size
FLAB17,FLAB,11/7/06,SAMP,MON,SA,G,,0,,18,NITRATE+NITRITE-N,NOX,0.00238,"U,J5,Y",yes,-0.00238,,1,0.00238,0.01344,,mg/L,3,Y,A,FB189FB017FB,,0,0,,,,,,25.042469,80.914819,FIU,E76930,FIU,WMD,WMD,2,BA,CA,,AB70875,11/15/06 10:11,EPA 353.3,,631,,Exceded Batch Size Exceded Batch Size
FLAB17,FLAB,12/3/06,SAMP,MON,SA,G,,0,,18,NITRATE+NITRITE-N,NOX,0.00325,"I,J5,Y",yes,0.00325,,1,0.00238,0.01344,,mg/L,3,N,A,FB190FB017FA,,0,0,,,,,,25.042469,80.914819,FIU,E76930,FIU,WMD,WMD,2,BA,CA,,ab72194,12/18/06 10:25,EPA 353.3,,631,,Exceded Batch Size Exceded Batch Size
FLAB17,FLAB,12/3/06,SAMP,MON,SA,G,,0,,18,NITRATE+NITRITE-N,NOX,0.00238,"U,J5,Y",yes,-0.00238,,1,0.00238,0.01344,,mg/L,3,Y,A,FB190FB017FB,,0,0,,,,,,25.042469,80.914819,FIU,E76930,FIU,WMD,WMD,2,BA,CA,,ab72195,12/18/06 10:25,EPA 353.3,,631,,Exceded Batch Size Exceded Batch Size
FLAB17,FLAB,1/11/07,SAMP,MON,SA,G,,0,,18,NITRATE+NITRITE-N,NOX,0.00346,"I,V,J5,J,Y",yes,0.00346,,1,0.00238,0.01344,,mg/L,3,N,A,FB191FB017FB,,0,0,,,,,,25.042469,80.914819,FIU,E76930,FIU,WMD,WMD,2,BA,CA,,ab74851,1/13/07 13:24,EPA 353.3,,631,,V;Exceded Batch Size Exceded Batch Size
FLAB17,FLAB,1/11/07,SAMP,MON,SA,G,,0,,18,NITRATE+NITRITE-N,NOX,0.00238,"U,J5,Y",yes,-0.00238,,1,0.00238,0.01344,,mg/L,3,Y,A,FB191FB017FA,,0,0,,,,,,25.042469,80.914819,FIU,E76930,FIU,WMD,WMD,2,BA,CA,,ab74850,1/13/07 13:24,EPA 353.3,,631,,Exceded Batch Size Exceded Batch Size
FLAB17,FLAB,2/7/07,SAMP,MON,SA,G,,0,,18,NITRATE+NITRITE-N,NOX,0.00238,"U,J5,J,Y",yes,-0.00238,,1,0.00238,0.01344,,mg/L,3,Y,A,FB192FB017FA,,0,0,,,,,,25.042469,80.914819,FIU,E76930,FIU,WMD,WMD,2,BA,CA,,AB76748,2/9/07 9:18,EPA 353.3,,631,,Matrix Spike Recovery Outside of Control Limits.; Exceded Batch Size Exceded Batch Size %R Failure
FLAB17,FLAB,2/7/07,SAMP,MON,SA,G,,0,,18,NITRATE+NITRITE-N,NOX,0.00238,"U,J5,J,Y",yes,-0.00238,,1,0.00238,0.01344,,mg/L,3,Y,A,FB192FB017FB,,0,0,,,,,,25.042469,80.914819,FIU,E76930,FIU,WMD,WMD,2,BA,CA,,AB76749,2/9/07 9:18,EPA 353.3,,631,,Matrix Spike Recovery Outside of Control Limits.; Exceded Batch Size Exceded Batch Size %R Failure
FLAB17,FLAB,3/12/07,SAMP,MON,SA,G,,0,,18,NITRATE+NITRITE-N,NOX,0.01765,"J5,Y",yes,0.01765,,1,0.00238,0.01344,,mg/L,3,N,A,FB193FB017FB,,0,0,,,,,,25.042469,80.914819,FIU,E76930,FIU,WMD,WMD,2,BA,CA,,AB77999,3/19/07 11:06,EPA 353.3,,631,,Exceded Batch Size
FLAB17,FLAB,3/12/07,SAMP,MON,SA,G,,0,,18,NITRATE+NITRITE-N,NOX,0.0171,"J5,Y",yes,0.0171,,1,0.00238,0.01344,,mg/L,3,N,A,FB193FB017FA,,0,0,,,,,,25.042469,80.914819,FIU,E76930,FIU,WMD,WMD,2,BA,CA,,AB77998,3/19/07 11:06,EPA 353.3,,631,,Exceded Batch Size
FLAB17,FLAB,4/3/07,SAMP,MON,SA,G,,0,,18,NITRATE+NITRITE-N,NOX,0.0063,"I,J5,Y",yes,0.0063,,1,0.00238,0.01344,,mg/L,3,N,A,FB194FB017FA,,0,0,,,,,,25.042469,80.914819,FIU,E76930,FIU,WMD,WMD,2,BA,CA,,AB79023,4/10/07 10:25,EPA 353.3,,631,,Exceded Batch Size
FLAB17,FLAB,4/3/07,SAMP,MON,SA,G,,0,,18,NITRATE+NITRITE-N,NOX,0.0062,"I,J5,Y",yes,0.0062,,1,0.00238,0.01344,,mg/L,3,N,A,FB194FB017FB,,0,0,,,,,,25.042469,80.914819,FIU,E76930,FIU,WMD,WMD,2,BA,CA,,AB79024,4/10/07 10:25,EPA 353.3,,631,,Exceded Batch Size
FLAB17,FLAB,5/1/07,SAMP,MON,SA,G,,0,,18,NITRATE+NITRITE-N,NOX,0.00238,"U,J5,Y",yes,-0.00238,,1,0.00238,0.01344,,mg/L,3,Y,A,FB195FB017FB,,0,0,,,,,,25.042469,80.914819,FIU,E76930,FIU,WMD,WMD,2,BA,CA,,AB82085,5/9/07 10:18,EPA 353.3,,631,,Exceded Batch Size Exceded Batch Size
FLAB17,FLAB,5/1/07,SAMP,MON,SA,G,,0,,18,NITRATE+NITRITE-N,NOX,0.00269,"I,J5,Y",yes,0.00269,,1,0.00238,0.01344,,mg/L,3,N,A,FB195FB017FA,,0,0,,,,,,25.042469,80.914819,FIU,E76930,FIU,WMD,WMD,2,BA,CA,,AB82084,5/9/07 10:18,EPA 353.3,,631,,Exceded Batch Size Exceded Batch Size
FLAB17,FLAB,6/6/07,SAMP,MON,SA,G,,0,,18,NITRATE+NITRITE-N,NOX,0.00238,"U,Q,J5,J,Y",yes,-0.00238,,1,0.00238,0.01344,,mg/L,3,Y,A,FB196FB017FA,,0,0,,,,,,25.042469,80.914819,FIU,E76930,FIU,WMD,WMD,2,BA,CA,,AB83983,7/6/07 13:26,EPA 353.3,,631,,Sampling to Analysis Holding Time Exceeded. Exceded Batch Size Exceded Batch Size Re-Run & HT Over 30 d
FLAB17,FLAB,6/6/07,SAMP,MON,SA,G,,0,,18,NITRATE+NITRITE-N,NOX,0.00238,"U,Q,J5,J,Y",yes,-0.00238,,1,0.00238,0.01344,,mg/L,3,Y,A,FB196FB017FB,,0,0,,,,,,25.042469,80.914819,FIU,E76930,FIU,WMD,WMD,2,BA,CA,,AB83984,7/6/07 13:26,EPA 353.3,,631,,Sampling to Analysis Holding Time Exceeded. Exceded Batch Size Exceded Batch Size Re-Run & HT Over 30 d
FLAB17,FLAB,7/3/07,SAMP,MON,SA,G,,0,,18,NITRATE+NITRITE-N,NOX,0.00238,"A,U,Y",yes,-0.00238,,1,0.00238,0.01,,mg/L,3,Y,A,FB197FB017FA,,0,0,,,,,,25.042469,80.914819,FIU,E76930,FIU,WMD,WMD,2,BA,CA,,AB85562,7/9/07 8:41,EPA 353.3,,631,,
FLAB17,FLAB,7/3/07,SAMP,MON,SA,G,,0,,18,NITRATE+NITRITE-N,NOX,0.00238,"A,U,Y",yes,-0.00238,,1,0.00238,0.01,,mg/L,3,Y,A,FB197FB017FB,,0,0,,,,,,25.042469,80.914819,FIU,E76930,FIU,WMD,WMD,2,BA,CA,,AB85563,7/9/07 8:41,EPA 353.3,,631,,
FLAB17,FLAB,8/7/07,SAMP,MON,SA,G,,0,,18,NITRATE+NITRITE-N,NOX,0.00238,"A,U,Y",yes,-0.00238,,1,0.00238,0.01,,mg/L,3,Y,A,FB198FB017FB,,0,0,,,,,,25.042469,80.914819,FIU,E76930,FIU,WMD,WMD,2,BA,CA,,AB89020,8/14/07 11:54,EPA 353.3,,631,,
FLAB17,FLAB,8/7/07,SAMP,MON,SA,G,,0,,18,NITRATE+NITRITE-N,NOX,0.00238,"A,U,Y",yes,-0.00238,,1,0.00238,0.01,,mg/L,3,Y,A,FB198FB017FA,,0,0,,,,,,25.042469,80.914819,FIU,E76930,FIU,WMD,WMD,2,BA,CA,,AB89019,8/14/07 11:54,EPA 353.3,,631,,
FLAB17,FLAB,9/5/07,SAMP,MON,SA,G,,0,,18,NITRATE+NITRITE-N,NOX,0.00426,"A,I,Y",yes,0.00426,,1,0.00238,0.01,,mg/L,3,N,A,FB199FB017FB,,0,0,,,,,,25.042469,80.914819,FIU,E76930,FIU,WMD,WMD,2,BA,CA,,AB90691,9/18/07 10:06,EPA 353.3,,631,,
FLAB17,FLAB,9/5/07,SAMP,MON,SA,G,,0,,18,NITRATE+NITRITE-N,NOX,0.00468,"A,I,Y",yes,0.00468,,1,0.00238,0.01,,mg/L,3,N,A,FB199FB017FA,,0,0,,,,,,25.042469,80.914819,FIU,E76930,FIU,WMD,WMD,2,BA,CA,,AB90690,9/18/07 10:06,EPA 353.3,,631,,
FLAB17,FLAB,10/4/07,SAMP,MON,SA,G,,0,,18,NITRATE+NITRITE-N,NOX,0.00238,"A,U,J5,Y",yes,-0.00238,,1,0.00238,0.01344,,mg/L,3,Y,A,FB200FB017,,0,0,,,,,,25.042469,80.914819,FIU,E76930,FIU,WMD,WMD,2,BA,CA,,AB92293,10/11/07 9:30,EPA 353.3,,631,,Exceded Batch Size; filtered through 0.7 microns
FLAB17,FLAB,11/6/07,SAMP,MON,SA,G,,0,,18,NITRATE+NITRITE-N,NOX,0.00567,"A,I,J5,Y",yes,0.00567,,1,0.00238,0.01344,,mg/L,3,N,A,FB201FB017,,0,0,,,,,,25.042469,80.914819,FIU,E76930,FIU,WMD,WMD,2,BA,CA,,AB93887,11/15/07 8:54,EPA 353.3,,631,,Exceded Batch Size; filtered through 0.7 microns
FLAB17,FLAB,12/7/07,SAMP,MON,SA,G,,0,,18,NITRATE+NITRITE-N,NOX,0.00238,"A,U,J5,Y",yes,-0.00238,,1,0.00238,0.01344,,mg/L,3,Y,A,FB202FB017,,0,0,,,,,,25.042469,80.914819,FIU,E76930,FIU,WMD,WMD,2,BA,CA,,AB94305,12/18/07 10:35,EPA 353.3,,631,,Exceded Batch Size; filtered through 0.7 microns
FLAB17,FLAB,1/9/08,SAMP,MON,SA,G,,0,,18,NITRATE+NITRITE-N,NOX,0.00392,"U,Y",yes,-0.00392,,1,0.00392,0.01344,,mg/L,3,Y,A,FB203FB017,,0,0,,,,,,25.042469,80.914819,FIU,E76930,FIU,WMD,WMD,2,BA,CA,,AB95216,1/15/08 8:34,EPA 353.3,,631,,
FLAB17,FLAB,1/9/08,SAMP,MON,SA,G,,0,,18,NITRATE+NITRITE-N,NOX,0.00392,"U,Y",yes,-0.00392,,1,0.00392,0.01344,,mg/L,3,Y,A,FB203FB017B,,0,0,,,,,,25.042469,80.914819,FIU,E76930,FIU,WMD,WMD,2,BA,CA,,AB95216_B,1/15/08 8:34,EPA 353.3,,631,Measurements done close to the bottom.,
FLAB17,FLAB,2/8/08,SAMP,MON,SA,G,,0,,18,NITRATE+NITRITE-N,NOX,0.00392,"U,J5,Y",yes,-0.00392,,1,0.00392,0.01344,,mg/L,3,Y,A,FB204FB017,,0,0,,,,,,25.042469,80.914819,FIU,E76930,FIU,WMD,WMD,2,BA,CA,,AB95732,2/15/08 7:33,EPA 353.3,,631,,Exceded Batch Size
FLAB17,FLAB,2/8/08,SAMP,MON,SA,G,,0,,18,NITRATE+NITRITE-N,NOX,0.00392,"U,Y",yes,-0.00392,,1,0.00392,0.01344,,mg/L,3,Y,A,FB204FB017B,,0,0,,,,,,25.042469,80.914819,FIU,E76930,FIU,WMD,WMD,2,BA,CA,,AB95732_B,2/15/08 7:33,EPA 353.3,,631,Measurements done close to the bottom.,
FLAB17,FLAB,3/5/08,SAMP,MON,SA,G,,0,,18,NITRATE+NITRITE-N,NOX,0.00392,"U,Y",yes,-0.00392,,1,0.00392,0.01344,,mg/L,3,Y,A,FB205FB017,,0,0,,,,,,25.042469,80.914819,FIU,E76930,FIU,WMD,WMD,2,BA,CA,,AB95979,3/11/08 9:17,EPA 353.3,,631,,
FLAB17,FLAB,3/5/08,SAMP,MON,SA,G,,0,,18,NITRATE+NITRITE-N,NOX,0.00392,"U,Y",yes,-0.00392,,1,0.00392,0.01344,,mg/L,3,Y,A,FB205FB017B,,0,0,,,,,,25.042469,80.914819,FIU,E76930,FIU,WMD,WMD,2,BA,CA,,AB95979_B,3/11/08 9:17,EPA 353.3,,631,Measurements done close to the bottom.,
FLAB17,FLAB,4/2/08,SAMP,MON,SA,G,,0,,18,NITRATE+NITRITE-N,NOX,0.00392,"U,J5,Y",yes,-0.00392,,1,0.00392,0.01344,,mg/L,3,Y,A,FB206FB017,,0,0,,,,,,25.042469,80.914819,FIU,E76930,FIU,WMD,WMD,2,BA,CA,4/2/08 11:20,AB96549,4/3/08 9:49,EPA 353.3,,631,,Missing MS
FLAB17,FLAB,4/2/08,SAMP,MON,SA,G,,0,,18,NITRATE+NITRITE-N,NOX,0.00392,"U,Y",yes,-0.00392,,1,0.00392,0.01344,,mg/L,3,Y,A,FB206FB017B,,0,0,,,,,,25.042469,80.914819,FIU,E76930,FIU,WMD,WMD,2,BA,CA,4/2/08 11:22,AB96549_B,4/3/08 9:49,EPA 353.3,,631,Measurements done close to the bottom.,
FLAB17,FLAB,5/7/08,SAMP,MON,SA,G,,0,,18,NITRATE+NITRITE-N,NOX,0.00459,"I,J5,Y",yes,0.00459,,1,0.00392,0.01344,,mg/L,3,N,A,FB207FB017,,0,0,,,,,,25.042469,80.914819,FIU,E76930,FIU,WMD,WMD,2,BA,CA,5/7/08 11:43,AB97312,5/9/08 10:42,EPA 353.3,,631,,Missing MS
FLAB17,FLAB,5/7/08,SAMP,MON,SA,G,,0,,18,NITRATE+NITRITE-N,NOX,0.00456,"I,Y",yes,0.00456,,1,0.00392,0.01344,,mg/L,3,N,A,FB207FB017B,,0,0,,,,,,25.042469,80.914819,FIU,E76930,FIU,WMD,WMD,2,BA,CA,5/7/08 11:45,AB97312_B,5/9/08 10:42,EPA 353.3,,631,Measurements done close to the bottom.,
FLAB17,FLAB,6/4/08,SAMP,MON,SA,G,,0,,18,NITRATE+NITRITE-N,NOX,0.00597,"I,J5,Y",yes,0.00597,,1,0.00392,0.01344,,mg/L,3,N,A,FB208FB017,,0,0,,,,,,25.042469,80.914819,FIU,E76930,FIU,WMD,WMD,2,BA,CA,6/4/08 13:21,AB97876,6/7/08 12:10,EPA 353.3,,631,,Missing MS
FLAB17,FLAB,6/4/08,SAMP,MON,SA,G,,0,,18,NITRATE+NITRITE-N,NOX,0.00647,"I,Y",yes,0.00647,,1,0.00392,0.01344,,mg/L,3,N,A,FB208FB017B,,0,0,,,,,,25.042469,80.914819,FIU,E76930,FIU,WMD,WMD,2,BA,CA,6/4/08 13:23,AB97876_B,6/7/08 12:10,EPA 353.3,,631,Measurements done close to the bottom.,
FLAB17,FLAB,1/6/09,SAMP,MON,SA,G,,0.5,,18,NITRATE+NITRITE-N,NOX,0.005,U,,-0.005,,1,0.005,0.02,0.005,mg/L,3,Y,A,P42962-9,,1,2,,,1.6,,,25.042469,80.914819,FWEC,E46077,WMD,WMD,WMD,2,BA,NO,1/7/09 10:35,16141009,1/9/09 13:35,SM4500NO3F,,00631,Clear calm waters.  Little to no chop and very light winds.  Sample clear with no visable solids.,
FLAB17,FLAB,2/10/09,SAMP,MON,SA,G,,0.5,,18,NITRATE+NITRITE-N,NOX,0.005,U,,-0.005,,1,0.005,0.02,0.005,mg/L,3,Y,A,P42977-6,,1,1,,,1.3,,,25.042469,80.914819,FWEC,E46077,WMD,WMD,WMD,2,BA,NO,2/11/09 10:38,16156006,2/13/09 11:12,SM4500NO3F,,00631,Calming windsc and light chop.  Sample clear.,
FLAB17,FLAB,3/10/09,SAMP,MON,SA,G,,0.5,,18,NITRATE+NITRITE-N,NOX,0.005,U,,-0.005,,1,0.005,0.02,0.005,mg/L,3,Y,A,P43360-6,,1,2,,,1.4,,,25.042469,80.914819,FWEC,E46077,WMD,WMD,WMD,2,BA,NO,3/11/09 11:10,16637006,3/11/09 17:32,SM4500NO3F,,00631,Calming winds and a light chop.  Sample clear.,
FLAB17,FLAB,4/14/09,SAMP,MON,SA,G,,0.5,,18,NITRATE+NITRITE-N,NOX,0.005,U,,-0.005,,1,0.005,0.02,0.005,mg/L,3,Y,A,P43537-6,,1,3,,,1.7,,,25.042469,80.914819,FWEC,E46077,WMD,WMD,WMD,2,BA,NO,4/15/09 9:58,16858006,4/20/09 14:23,SM4500NO3F,,00631,calm seas and calm conditions.  Sample clear.,
FLAB17,FLAB,5/12/09,SAMP,MON,SA,G,,0.5,,18,NITRATE+NITRITE-N,NOX,0.005,U,,-0.005,,1,0.005,0.02,0.005,mg/L,3,Y,A,P43934-6,,1,3,,,1.9,,,25.042469,80.914819,FWEC,E46077,WMD,WMD,WMD,2,BA,NO,5/13/09 9:57,17325006,5/14/09 12:55,SM4500NO3F,,00631,Calm and clear.  Extremely salty with salinity near 50 ppt.,
FLAB17,FLAB,6/9/09,SAMP,MON,SA,G,,0.5,,18,NITRATE+NITRITE-N,NOX,0.005,U,,-0.005,,1,0.005,0.02,0.005,mg/L,3,Y,A,P43949-6,,1,2,,,1.9,,,25.042469,80.914819,FWEC,E46077,WMD,WMD,WMD,2,BA,NO,6/10/09 9:57,17342006,6/10/09 16:46,SM4500NO3F,,00631,Clear and very calm.  Sample clear of solids.  Good deal of plant matter (broken seagrass) observed floating on water column.,
FLAB17,FLAB,7/8/09,SAMP,MON,SA,G,,0.5,,18,NITRATE+NITRITE-N,NOX,0.005,U,,-0.005,,1,0.005,0.02,0.005,mg/L,3,Y,A,P44581-6,,1,1,,,1.5,,,25.042469,80.914819,FWEC,E46077,WMD,WMD,WMD,2,BA,NO,7/9/09 9:52,18188020,7/15/09 13:29,SM4500NO3F,,00631,"Sample clear with no visible solids.   SECCHI ON BOTTOM.  Calm conditions, clear skies, sunny.",
FLAB17,FLAB,8/11/09,SAMP,MON,SA,G,,0.5,,18,NITRATE+NITRITE-N,NOX,0.005,U,,-0.005,,1,0.005,0.02,0.005,mg/L,3,Y,A,P44608-6,,1,3,,,1.7,,,25.042469,80.914819,FWEC,E46077,WMD,WMD,WMD,2,BA,NO,8/12/09 10:59,18222020,8/12/09 16:45,SM4500NO3F,,00631,"Samole very light yellow, with low solids.   SECCHI ON BOTTOM.  Water calm, seagrass floating in water. Overcast, temperature high 80's degrees F.",
FLAB17,FLAB,9/9/09,SAMP,MON,SA,G,,0.5,,18,NITRATE+NITRITE-N,NOX,0.005,U,,-0.005,,1,0.005,0.02,0.005,mg/L,3,Y,A,P45420-6,,1,1,,,1.7,,,25.042469,80.914819,FWEC,E46077,WMD,WMD,WMD,2,BA,NO,9/10/09 12:15,19265006,9/15/09 11:12,SM4500NO3F,,00631,"Sample pale yellow with no visible solids. Light outgoing flow. SECCHI ON BOTTOM. Less than 0.5' chop, with winds 5-10 mph. Seagrass observed floating on water's surface.",
FLAB17,FLAB,10/6/09,SAMP,MON,SA,G,,0.5,,18,NITRATE+NITRITE-N,NOX,0.005,U,,-0.005,,1,0.005,0.02,0.005,mg/L,3,Y,A,P45904-6,,1,3,,,1.6,,,25.042469,80.914819,FWEC,E46077,WMD,WMD,WMD,2,BA,NO,10/7/09 13:03,19876006,10/13/09 13:55,SM4500NO3F,,00631,"Sample clear, no visible solids.  Low flow, light chop.   SECCHI ON BOTTOM. Some seagrass floating on water surface.",
FLAB17,FLAB,11/3/09,SAMP,MON,SA,G,,0.5,,18,NITRATE+NITRITE-N,NOX,0.005,U,,-0.005,,1,0.005,0.02,0.005,mg/L,3,Y,A,P46182-6,,1,1,,,1.5,,,25.042469,80.914819,FWEC,E46077,WMD,WMD,WMD,2,BA,NO,11/4/09 12:09,20231006,11/12/09 11:17,SM4500NO3F,,00631,"Sample pale yellow with no visible solids. SECCHI ON BOTTOM. Low flow. Calm conditions, no chop.",
FLAB17,FLAB,12/2/09,SAMP,MON,SA,G,,0.5,m,18,NITRATE+NITRITE-N,NOX,0.005,U,,-0.005,,1,0.005,0.02,0.005,mg/L,3,Y,A,P46550-6,,1,3,,,,,,25.042469,80.914819,FWEC,E46077,WMD,WMD,WMD,2,BA,NO,12/3/09 10:22,20734006,12/9/09 13:04,SM4500NO3F,,00631,Sample pale yellow with no visible solids. Low flow. SECCHI ON BOTTOM. 1' chop with winds approx. 20 mph. FCEB taken at this station.,
FLAB17,FLAB,1/6/10,SAMP,MON,SA,G,,0.5,m,18,NITRATE+NITRITE-N,NOX,0.005,U,,-0.005,,1,0.005,0.02,0.005,mg/L,3,Y,A,P46791-7,,1,1,,,,,,25.042469,80.914819,FWEC,E46077,WMD,WMD,WMD,2,BA,NO,1/7/10 10:50,21029007,1/7/10 15:59,SM4500NO3F,,00631,"Sample clear, no visible solids.  Calm water, minimal chop.  Low flow.  Winds 10-15mph.   SECCHI ON BOTTOM.",
FLAB17,FLAB,2/3/10,SAMP,MON,SA,G,,0.5,m,18,NITRATE+NITRITE-N,NOX,0.005,U,,-0.005,,1,0.005,0.02,0.005,mg/L,3,Y,A,P47181-6,,1,1,,,,,,25.042469,80.914819,FWEC,E46077,WMD,WMD,WMD,2,BA,NO,2/4/10 9:49,21663006,2/8/10 12:44,SM4500NO3F,,00631,"Sample pale yellow, with low solids.  Low flow, light chop.  Winds 5-10mph.   SECCHI ON BOTTOM.",
FLAB17,FLAB,3/2/10,SAMP,MON,SA,G,,0.5,m,18,NITRATE+NITRITE-N,NOX,0.005,U,,-0.005,,1,0.005,0.02,0.005,mg/L,3,Y,A,P47470-6,,1,6,,,,,,25.042469,80.914819,FWEC,E46077,WMD,WMD,WMD,2,BA,NO,3/3/10 10:29,22044006,3/4/10 13:32,SM4500NO3F,,00631,"Sample pale green, with low solids.  Low flow.  2-3 foot seas, choppy.  Winds 20-30mph.  Heavy rain.   SECCHI ON BOTTOM.",
FLAB17,FLAB,4/7/10,SAMP,MON,SA,G,,0.5,m,18,NITRATE+NITRITE-N,NOX,0.005,U,,-0.005,,1,0.005,0.02,0.005,mg/L,3,Y,A,P47826-6,,1,1,,,,,,25.042469,80.914819,FWEC,E46077,WMD,WMD,WMD,2,BA,NO,4/8/10 11:08,22508006,4/12/10 13:58,SM4500NO3F,,00631,Sample pale yellow with low suspended solids. Low flow with slight chop up to 1' and 15 mph winds. SECCHI ON BOTTOM.,
FLAB17,FLAB,5/5/10,SAMP,MON,SA,G,,0.5,m,18,NITRATE+NITRITE-N,NOX,0.005,U,,-0.005,,1,0.005,0.02,0.005,mg/L,3,Y,A,P48079-6,,1,2,,,,,,25.042469,80.914819,FWEC,E46077,WMD,WMD,WMD,2,BA,NO,5/6/10 9:54,22815006,5/6/10 16:37,SM4500NO3F,,00631,Sample if pale yellow with no visible soilds present. Low flow with minimal chop less than 1' and variable winds of 4-7 mph. SECCHI ON BOTTOM.,
FLAB17,FLAB,6/2/10,SAMP,MON,SA,G,,0.5,m,18,NITRATE+NITRITE-N,NOX,0.005,U,,-0.005,,1,0.005,0.02,0.005,mg/L,3,Y,A,P48377-8,,1,1,,,,,,25.042469,80.914819,FWEC,E46077,WMD,WMD,WMD,2,BA,NO,6/3/10 10:48,23191008,6/8/10 14:09,SM4500NO3F,,00631,comments too long see field notes,
FLAB17,FLAB,7/7/10,SAMP,MON,SA,G,,0.5,m,18,NITRATE+NITRITE-N,NOX,0.005,U,,-0.005,,1,0.005,0.02,0.005,mg/L,3,Y,A,P48677-8,,1,1,,,,,,25.042469,80.914819,FWEC,E46077,WMD,WMD,WMD,2,BA,NO,7/8/10 12:00,23534008,7/14/10 11:16,SM4500NO3F,,00631,Sample is light yellow with low suspended solids present. Low flow with light chop up to 6 inches and light variable winds from 3 to 5 mph. SECCHI ON BOTTOM.,
FLAB17,FLAB,8/4/10,SAMP,MON,SA,G,,0.5,m,18,NITRATE+NITRITE-N,NOX,0.01,I,,0.01,,1,0.005,0.02,0.005,mg/L,3,N,A,P48891-8,,1,3,,,,,,25.042469,80.914819,FWEC,E46077,WMD,WMD,WMD,2,BA,NO,8/5/10 9:58,23828008,8/5/10 16:05,SM4500NO3F,,00631,Sample is light yellow with low suspended solids present. Low flow with variable 8 to 11 mph winds from the east north east. SECCHI ON BOTTOM.,
FLAB17,FLAB,9/8/10,SAMP,MON,SA,G,,0.5,m,18,NITRATE+NITRITE-N,NOX,0.005,I,,0.005,,1,0.005,0.02,0.005,mg/L,3,N,A,P49169-8,,1,1,,,,,,25.042469,80.914819,FWEC,E46077,WMD,WMD,WMD,2,BA,NO,9/9/10 11:06,24183008,9/15/10 10:59,SM4500NO3F,,00631,Sample is pale yellow with low suspended solids present. Low flow with chop and swell up to 2.5 feet with gusty variable winds from the east at 12 to 20 mph with gusts to 25 mph. SECCHI ON BOTTOM.,
FLAB17,FLAB,10/6/10,SAMP,MON,SA,G,,0.5,m,18,NITRATE+NITRITE-N,NOX,0.005,U,,-0.005,,1,0.005,0.02,0.005,mg/L,3,Y,A,P49626-8,,1,1,,,,,,25.042469,80.914819,FWEC,E46077,WMD,WMD,WMD,2,BA,NO,10/7/10 10:30,24781008,10/11/10 15:11,SM4500NO3F,,00631,Sample is pale yellow with low suspended solids present. Low flow with chop up to 2 feet with swells up to 2.5 feet and very strong gusty winds from the north north east at 12 to 25 mph with gusts to 30 mph. SECCHI ON BOTTOM.,
FLAB17,FLAB,11/4/10,SAMP,MON,SA,G,,0.5,m,18,NITRATE+NITRITE-N,NOX,0.005,U,,-0.005,,1,0.005,0.02,0.005,mg/L,3,Y,A,P50068-8,,1,2,,,,,,25.042469,80.914819,FWEC,E46077,WMD,WMD,WMD,2,BA,NO,11/5/10 8:08,25356008,11/9/10 12:32,SM4500NO3F,,00631,Sample is pale yellow with no visible suspended solids present. Low flow with chop up to 6 inches with variable winds from the southwest at 4 to 8 mph. SECCHI ON BOTTOM.,
FLAB17,FLAB,12/8/10,SAMP,MON,SA,G,,0.5,m,18,NITRATE+NITRITE-N,NOX,0.008,I,,0.008,,1,0.005,0.02,0.005,mg/L,3,N,A,P50472-8,,1,1,,,,,,25.042469,80.914819,FWEC,E46077,WMD,WMD,WMD,2,BA,NO,12/9/10 9:57,25853008,12/13/10 14:38,SM4500NO3F,,00631,Sample is pale green with low suspended solids present. Low flow with chop and swell up to 1.5 feet with constant winds from the north north west at 7 to 8 mph. Very cold air temp with clear sunny skies. SECCHI ON BOTTOM.,
FLAB17,FLAB,2/16/11,SAMP,MON,SA,G,,0.5,m,18,NITRATE+NITRITE-N,NOX,0.005,U,,-0.005,,1,0.005,0.02,0.005,mg/L,3,Y,A,P50935-8,,0,2,,,,,,25.042469,80.914819,WMD,E46077,WMD,WMD,WMD,2,BA,NO,2/17/11 10:03,26502008,2/23/11 13:03,SM4500NO3F,,00631,,
FLAB17,FLAB,3/22/11,SAMP,MON,SA,G,,0.5,m,18,NITRATE+NITRITE-N,NOX,0.005,U,,-0.005,,1,0.005,0.02,0.005,mg/L,3,Y,A,P51525-8,,1,1,,,,,,25.042469,80.914819,FWEC,E46077,WMD,WMD,WMD,2,BA,NO,3/23/11 10:39,27308008,3/30/11 13:04,SM4500NO3F,,00631,Sample is pale green with low suspended solids present. Low flow with chop up to 1.5 feet and variable  east winds at 8 to 13 mph. SECCHI ON BOTTOM,
FLAB17,FLAB,4/12/11,SAMP,MON,SA,G,,0.5,m,18,NITRATE+NITRITE-N,NOX,0.005,I,,0.005,,1,0.005,0.02,0.005,mg/L,3,N,A,P52303-8,,1,2,,,,,,25.042469,80.914819,FWEC,E46077,WMD,WMD,WMD,2,BA,NO,4/13/11 11:39,28413008,4/18/11 14:02,SM4500NO3F,,00631,"Sample light green, low flow, wind 5-10mph SE,  SECCHI ON BOTTOM.",
FLAB17,FLAB,5/10/11,SAMP,MON,SA,G,,0.5,m,18,NITRATE+NITRITE-N,NOX,0.005,U,,-0.005,,1,0.005,0.02,0.005,mg/L,3,Y,A,P52304-8,,1,1,,,,,,25.042469,80.914819,FWEC,E46077,WMD,WMD,WMD,2,BA,NO,5/11/11 10:10,28414008,5/12/11 15:42,SM4500NO3F,,00631,"Sample pale green.  Low flow.  Calm water, no chop.  Wind 3-5mph.   SECCHI ON BOTTOM.",
FLAB17,FLAB,6/8/11,SAMP,MON,SA,G,,0.5,m,18,NITRATE+NITRITE-N,NOX,0.005,U,,-0.005,,1,0.005,0.02,0.005,mg/L,3,Y,A,P52305-8,,1,3,,,,,,25.042469,80.914819,FWEC,E46077,WMD,WMD,WMD,2,BA,NO,6/9/11 9:58,28415008,6/13/11 14:50,SM4500NO3F,,00631,WARNING: Time exceeds +/- 1 Hour(s).,
FLAB17,FLAB,7/6/11,SAMP,MON,SA,G,,0.5,m,18,NITRATE+NITRITE-N,NOX,0.005,U,,-0.005,,1,0.005,0.01,0.005,mg/L,3,Y,A,P52306-8,,1,6,,,,,,25.042469,80.914819,FWEC,E46077,WMD,WMD,WMD,2,BA,NO,7/7/11 10:24,28416008,7/11/11 16:25,SM4500NO3F,,00631,Sample is pale green with low suspended solids. Low flow with light chop up to 12 inches and winds from the north at 8 to 15 mph with rain and very overcast. SECCHI ON BOTTOM.,
FLAB17,FLAB,8/9/11,SAMP,MON,SA,G,,0.5,m,18,NITRATE+NITRITE-N,NOX,0.005,U,,-0.005,,1,0.005,0.01,0.005,mg/L,3,Y,A,P53437-7,,1,3,,,,,,25.042469,80.914819,FWEC,E46077,WMD,WMD,WMD,2,BA,NO,8/10/11 10:17,29868007,8/15/11 13:24,SM4500NO3F,,00631,Sample is clear with no visible solids present. Low to moderate flow with chop up to 1.5 feet and 5 to 8 mph winds from the southwest. SECCHI ON BOTTOM,
FLAB17,FLAB,9/7/11,SAMP,MON,SA,G,,0.5,m,18,NITRATE+NITRITE-N,NOX,0.005,U,,-0.005,,1,0.005,0.01,0.005,mg/L,3,Y,A,P53438-7,,0,1,,,,,,25.042469,80.914819,FWEC,E46077,WMD,WMD,WMD,2,BA,NO,9/8/11 10:29,29869007,9/14/11 14:34,SM4500NO3F,,00631,Sample is pale green with no visible suspended solids present. Low current with light chop up to 6 inches and variable winds from the south south east at 6 to 10 mph. SECCHI ON BOTTOM.,
FLAB17,FLAB,10/11/11,SAMP,MON,SA,G,,0.5,m,18,NITRATE+NITRITE-N,NOX,0.005,U,,-0.005,,1,0.005,0.01,0.005,mg/L,3,Y,A,P53439-7,,0,2,,,,,,25.042469,80.914819,WMD,E46077,WMD,WMD,WMD,2,BA,NO,10/12/11 10:23,29870007,10/13/11 14:48,SM4500NO3F,,00631,"Wind and seas calm, flood tide,  SECCHI ON BOTTOM.",
FLAB17,FLAB,12/13/11,SAMP,MON,SA,G,,0.5,m,18,NITRATE+NITRITE-N,NOX,0.005,U,,-0.005,,1,0.005,0.01,0.005,mg/L,3,Y,A,P54066-5,,0,3,,,,,,25.042469,80.914819,WMD,E46077,WMD,WMD,WMD,2,BA,NO,12/14/11 10:48,30605005,12/20/11 11:50,SM4500NO3F,,00631,"Wind N 18-20, seas 1 ft,  SECCHI ON BOTTOM, slack tide",
FLAB17,FLAB,2/7/12,SAMP,MON,SA,G,,0.5,m,18,NITRATE+NITRITE-N,NOX,0.005,U,,-0.005,,1,0.005,0.01,0.005,mg/L,3,Y,A,P55307-5,,0,3,,,,,,25.042469,80.914819,WMD,E46077,WMD,WMD,WMD,2,BA,NO,2/8/12 11:46,32255005,2/9/12 15:14,SM4500NO3F,,00631,"Wind and seas calm, ebb tide,  SECCHI ON BOTTOM.",
FLAB17,FLAB,4/11/12,SAMP,MON,SA,G,,0.5,m,18,NITRATE+NITRITE-N,NOX,0.005,U,,-0.005,,1,0.005,0.01,0.005,mg/L,3,Y,A,P55314-5,,0,2,,,,,,25.042469,80.914819,WMD,E46077,WMD,WMD,WMD,2,BA,NO,4/12/12 10:52,32262005,4/12/12 16:01,SM4500NO3F,,00631,"Wind and seas calm, ebb tide,  SECCHI ON BOTTOM.",
FLAB17,FLAB,6/6/12,SAMP,MON,SA,G,,0.5,m,18,NITRATE+NITRITE-N,NOX,0.005,U,,-0.005,,1,0.005,0.01,0.005,mg/L,3,Y,A,P55930-5,,0,4,,,,,,25.042469,80.914819,WMD,E46077,WMD,WMD,WMD,2,BA,NO,6/6/12 16:39,33113005,6/14/12 11:11,SM4500NO3F,,00631,"SECCHI ON BOTTOM. Light winds, less than 5kts out of the S. Light chop on the water.",
FLAB17,FLAB,8/20/12,SAMP,MON,SA,G,,0.5,m,18,NITRATE+NITRITE-N,NOX,0.005,U,,-0.005,+/- 0.005,1,0.005,0.01,0.005,mg/L,3,Y,A,P56206-5,,0,2,,,,,,25.042469,80.914819,WMD,E46077,WMD,WMD,WMD,2,PD,NO,8/21/12 9:01,33465005,8/22/12 17:05,SM4500NO3F,,00631,Calm conditions with almost no breeze.  Slack tide.  Flat calm conditions.   SECCHI ON BOTTOM.  Good amount of dead grass floating on surface.,
FLAB17,FLAB,10/15/12,SAMP,MON,SA,G,,0.5,m,18,NITRATE+NITRITE-N,NOX,0.005,U,,-0.005,+/- 0.005,1,0.005,0.01,0.005,mg/L,3,Y,A,P56210-5,,0,2,,,,,,25.042469,80.914819,WMD,E46077,WMD,WMD,WMD,2,BA,NO,10/16/12 7:44,33469005,10/18/12 13:55,SM4500NO3F,,00631,Calm conditions.  Slight flood tide.   SECCHI ON BOTTOM.,
FLAB17,FLAB,12/13/12,SAMP,MON,SA,G,,0.5,m,18,NITRATE+NITRITE-N,NOX,0.005,U,,-0.005,,1,0.005,0.01,0.005,mg/L,3,Y,A,P56855-5,,0,1,,,,,,25.042469,80.914819,WMD,E46077,WMD,WMD,WMD,2,BA,NO,12/13/12 15:05,34310005,12/20/12 12:29,SM4500NO3F,,00631,"Calm wind, calm seas, very low current.   SECCHI ON BOTTOM.",
FLAB17,FLAB,2/12/13,SAMP,MON,SA,G,,0.5,m,18,NITRATE+NITRITE-N,NOX,0.005,U,,-0.005,+/- 0.005,1,0.005,0.01,0.005,mg/L,3,Y,A,P61815-8,,0,1,,,,,,25.042469,80.914819,WMD,E46077,WMD,WMD,WMD,2,PD,NO,2/12/13 16:39,39394008,2/20/13 10:42,SM4500NO3F,,00631,SECCHI ON BOTTOM. S wind approx 10 kt. Light chop on surface. Weak current.,
FLAB17,FLAB,4/22/13,SAMP,MON,SA,G,,0.5,m,18,NITRATE+NITRITE-N,NOX,0.005,U,,-0.005,+/- 0.005,1,0.005,0.01,0.005,mg/L,3,Y,A,P61816-8,,0,4,,,,,,25.042469,80.914819,WMD,E46077,WMD,WMD,WMD,2,PD,NO,4/23/13 10:11,39395008,4/29/13 14:52,SM4500NO3F,,00631,"SE winds 10-15 kts, seas less than 1 ft. SECCHI ON BOTTOM",
FLAB17,FLAB,6/11/13,SAMP,MON,SA,G,,0.5,m,18,NITRATE+NITRITE-N,NOX,0.005,U,,-0.005,+/- 0.005,1,0.005,0.01,0.005,mg/L,3,Y,A,P63878-8,,0,6,,,,,,25.042469,80.914819,WMD,E46077,WMD,WMD,WMD,2,PD,NO,6/11/13 16:12,40693008,6/18/13 12:05,SM4500NO3F,,631,"rain, sample processed in protected area, southeast winds 5-10, slight ripple, secchi on bottom",
FLAB17,FLAB,8/6/13,SAMP,MON,SA,G,,0.5,m,18,NITRATE+NITRITE-N,NOX,0.005,U,,-0.005,+/- 0.005,1,0.005,0.01,0.005,mg/L,3,Y,A,P63879-8,,0,3,,,,,,25.042469,80.914819,WMD,E46077,WMD,WMD,WMD,2,PD,NO,8/6/13 16:02,40694008,8/13/13 14:00,SM4500NO3F,,00631,SECCHI ON BOTTOM. Nearly calm wind. Ripples on surface. No current observed. Patches of grass on surface.,
FLAB17,FLAB,11/21/13,SAMP,MON,SA,G,,0.5,m,18,NITRATE+NITRITE-N,NOX,0.005,U,,-0.005,+/- 0.005,1,0.005,0.01,0.005,mg/L,3,Y,A,P67402-5,,0,2,,,,,,25.042469,80.914819,WMD,E46077,WMD,WMD,WMD,2,PD,NO,11/21/13 15:12,43581005,11/27/13 12:49,SM4500NO3F,,00631,"Rippled surface, NE wind 5-10. SECCHI ON BOTTOM",
FLAB17,FLAB,12/16/13,SAMP,MON,SA,G,,0.5,m,18,NITRATE+NITRITE-N,NOX,0.005,U,,-0.005,+/- 0.005,1,0.005,0.01,0.005,mg/L,3,Y,A,P67403-5,,0,4,,,,,,25.042469,80.914819,WMD,E46077,WMD,WMD,WMD,2,PD,NO,12/17/13 10:57,43582005,12/27/13 12:26,SM4500NO3F,,631,"moderate chop on surface, 0.5ft, SAV clippings floating on surface near sampling area, secchi on bottom",
FLAB17,FLAB,2/18/14,SAMP,MON,SA,G,,0.5,m,18,NITRATE+NITRITE-N,NOX,0.005,U,,-0.005,+/- 0.005,1,0.005,0.01,0.005,mg/L,3,Y,A,P70121-5,,0,2,,,,,,25.042469,80.914819,WMD,E46077,WMD,WMD,WMD,2,PD,NO,2/18/14 15:33,45275005,2/27/14 11:38,SM4500NO3F,,00631,,
FLAB17,FLAB,4/15/14,SAMP,MON,SA,G,,0.5,m,18,NITRATE+NITRITE-N,NOX,0.005,U,,-0.005,+/- 0.005,1,0.005,0.01,0.005,mg/L,3,Y,A,P70122-5,,0,1,,,,,,25.042469,80.914819,WMD,E46077,WMD,WMD,WMD,2,PD,NO,4/15/14 15:40,45276005,4/24/14 11:47,SM4500NO3F,,631,Winds out of the SSE 15 kts. Slight chop. SECCHI ON BOTTOM,
FLAB17,FLAB,6/25/14,SAMP,MON,SA,G,,0.5,m,18,NITRATE+NITRITE-N,NOX,0.005,U,,-0.005,+/- 0.005,1,0.005,0.01,0.005,mg/L,3,Y,A,P71698-5,,0,1,,,,,,25.042469,80.914819,WMD,E46077,WMD,WMD,WMD,2,PD,NO,6/25/14 15:10,46558005,7/9/14 12:20,SM4500NO3F,,00631,"Calm, N wind 5-10. SECCHI ON BOTTOM",
FLAB17,FLAB,8/21/14,SAMP,MON,SA,G,,0.5,m,18,NITRATE+NITRITE-N,NOX,0.005,U,,-0.005,+/- 0.005,1,0.005,0.01,0.005,mg/L,3,Y,A,P72711-5,,0,2,,,,,,25.042469,80.914819,WMD,E46077,WMD,WMD,WMD,2,PD,NO,8/21/14 16:21,46929005,8/28/14 12:11,SM4500NO3F,,631,SECCHI ON BOTTOM,
FLAB17,FLAB,10/28/14,SAMP,MON,SA,G,,0.9,m,18,NITRATE+NITRITE-N,NOX,0.005,U,,-0.005,+/- 0.005,1,0.005,0.01,0.005,mg/L,3,Y,A,P74732-5,,0,1,,,,,,25.042469,80.914819,WMD,E46077,WMD,WMD,WMD,2,PD,NO,10/28/14 16:11,48704005,11/12/14 14:38,SM4500NO3F,,00631,Light wave action. Winds out of the ESE 12-17kts. SECCHI ON BOTTOM,
FLAB17,FLAB,12/9/14,SAMP,MON,SA,G,,0.5,m,18,NITRATE+NITRITE-N,NOX,0.005,U,,-0.005,+/- 0.005,1,0.005,0.01,0.005,mg/L,3,Y,A,P74734-5,,0,4,,,,,,25.042469,80.914819,WMD,E46077,WMD,WMD,WMD,2,PD,NO,12/9/14 16:50,48706005,12/15/14 14:24,SM4500NO3F,,00631,"Winds out of the N, 7-10kts. 0.5ft wave action. SECCHI ON BOTTOM",
FLAB17,FLAB,2/4/15,SAMP,MON,SA,G,,0.5,m,18,NITRATE+NITRITE-N,NOX,0.005,"U,J",yes,-0.005,+/- 0.005,1,0.005,0.01,0.005,mg/L,3,Y,A,P74733-5,,0,2,,,,,,25.042469,80.914819,WMD,E46077,WMD,WMD,WMD,2,PD,NO,2/4/15 14:25,48705005,2/11/15 11:53,SM4500NO3F,,00631,"NE winds 10kts, light chop, scattered sea grass floating on surface,  SECCHI ON BOTTOM.","High Salinity, Matrix Spike failed QC Limits. Matrix interference"
FLAB17,FLAB,4/1/15,SAMP,MON,SA,G,,0.5,m,18,NITRATE+NITRITE-N,NOX,0.016,,,0.016,+/- 0.005,1,0.005,0.01,0.005,mg/L,3,N,A,P74735-5,,0,1,,,,,,25.042469,80.914819,WMD,E46077,WMD,WMD,WMD,2,PD,NO,4/2/15 9:51,48707005,4/9/15 15:02,SM4500NO3F,,631,SOB. Light winds out of the SE 5 kts. Water very clear.,
FLAB17,FLAB,6/2/15,SAMP,MON,SA,G,,0.5,m,18,NITRATE+NITRITE-N,NOX,0.005,U,,-0.005,+/- 0.005,1,0.005,0.01,0.005,mg/L,3,Y,A,P75564-5,,0,4,,,,,,25.042469,80.914819,WMD,E46077,WMD,WMD,WMD,2,PD,NO,6/2/15 15:50,49262005,6/11/15 11:05,SM4500NO3F,,00631,"Incoming tide, light east winds, very overcast. Small amount of loose seagrass on surface. Secchi on bottom.",
FLAB17,FLAB,8/11/15,SAMP,MON,SA,G,,0.5,m,18,NITRATE+NITRITE-N,NOX,0.005,U,,-0.005,+/- 0.005,1,0.005,0.01,0.005,mg/L,3,Y,A,P78616-5,,0,2,,,,,,25.042469,80.914819,WMD,E46077,WMD,WMD,WMD,2,PD,NO,8/12/15 8:03,51802005,8/20/15 11:06,SM4500NO3F,,00631,"Light winds from the South, minor surface chop. Moderate amount of floating loose sea grass. Secchi on bottom. Slack tide.",
FLAB17,FLAB,10/12/15,SAMP,MON,SA,G,,0.5,m,18,NITRATE+NITRITE-N,NOX,0.022,,,0.022,+/- 0.005,1,0.005,0.01,0.005,mg/L,3,N,A,P80850-5,,0,2,,,,,,25.042469,80.914819,WMD,E46077,WMD,WMD,WMD,2,PD,NO,10/13/15 8:50,53673005,10/14/15 15:36,SM4500NO3F,,00631,"Slack tide, seas less than 1ft, light west wind, light amount of loose floating vegetation, secchi on bottom.",
FLAB17,FLAB,1/26/16,SAMP,MON,SA,G,,0.5,m,18,NITRATE+NITRITE-N,NOX,0.005,U,,-0.005,+/- 0.005,1,0.005,0.01,0.005,mg/L,3,Y,A,P82417-5,,0,1,,,,,,25.042469,80.914819,WMD,E46077,WMD,WMD,WMD,2,PD,NO,1/26/16 18:05,54966005,2/4/16 11:47,SM4500NO3F,,631,Slight chop on surface. Winds SE 15-20.,
FLAB17,FLAB,2/23/16,SAMP,MON,SA,G,,0.5,m,18,NITRATE+NITRITE-N,NOX,0.005,U,,-0.005,+/- 0.005,1,0.005,0.01,0.005,mg/L,3,Y,A,P82933-5,,0,2,,,,,,25.042469,80.914819,WMD,E46077,WMD,WMD,WMD,2,PD,NO,2/23/16 16:54,55401005,3/9/16 12:20,SM4500NO3F,,631,SOB. Winds out of the SSE 7 to 10 kts. Light wave action.,
FLAB17,FLAB,4/6/16,SAMP,MON,SA,G,,0.5,m,18,NITRATE+NITRITE-N,NOX,0.005,U,,-0.005,+/- 0.005,1,0.005,0.01,0.005,mg/L,3,Y,A,P83566-5,,0,3,,,,,,25.042469,80.914819,WMD,E46077,WMD,WMD,WMD,2,PD,NO,4/6/16 16:44,55992005,4/11/16 14:46,SM4500NO3F,,631,SOB. Winds out of the E 15 to 17 kts. Light wave action.,
FLAB17,FLAB,6/29/16,SAMP,MON,SA,G,,0.5,m,18,NITRATE+NITRITE-N,NOX,0.005,U,,-0.005,+/- 0.005,1,0.005,0.01,0.005,mg/L,3,Y,A,P84316-8,,0,2,,,,,,25.042469,80.914819,WMD,E46077,WMD,WMD,WMD,2,PD,NO,6/29/16 15:54,56588008,7/5/16 14:28,SM4500NO3F,,00631,"slight ripple, east wind 5-10, some vegetation on surface, secchi on bottom, no flow observed",
FLAB17,FLAB,9/14/16,SAMP,MON,SA,G,,0.5,m,18,NITRATE+NITRITE-N,NOX,0.005,U,,-0.005,+/- 0.005,1,0.005,0.01,0.005,mg/L,3,Y,A,P84637-5,,0,1,,,,,,25.042469,80.914819,WMD,E46077,WMD,WMD,WMD,2,PD,NO,9/14/16 16:16,56879005,9/22/16 16:04,SM4500NO3F,,631,"calm water surface, some floating vegetation on surface, sample collected in a clear area, calm winds, secchi on bottom",
FLAB17,FLAB,11/15/16,SAMP,MON,SA,G,,0.5,m,18,NITRATE+NITRITE-N,NOX,0.005,U,,-0.005,+/- 0.005,1,0.005,0.01,0.005,mg/L,3,Y,A,P86135-5,,0,2,,,,,,25.042469,80.914819,WMD,E46077,WMD,WMD,WMD,2,PD,NO,11/15/16 16:36,58227005,11/28/16 15:21,SM4500NO3F,,631,"North winds 10-15kts, moderate chop, light amount of loose sea grass on surface. Secchi on bottom.",
FLAB17,FLAB,12/14/16,SAMP,MON,SA,G,,0.5,m,18,NITRATE+NITRITE-N,NOX,0.007,I,,0.007,+/- 0.005,1,0.005,0.01,0.005,mg/L,3,N,A,P86764-5,,0,1,,,,,,25.042469,80.914819,WMD,E46077,WMD,WMD,WMD,2,PD,NO,12/14/16 17:13,58612005,12/29/16 10:02,SM4500NO3F,,631,"calm wind, calm water, some SAV floating on surface in sampling area, secchi on bottom, no current observed",
FLAB17,FLAB,2/9/17,SAMP,MON,SA,G,,0.5,m,18,NITRATE+NITRITE-N,NOX,0.005,U,,-0.005,+/- 0.005,1,0.005,0.01,0.005,mg/L,3,Y,A,P87698-5,,0,1,,,,,,25.042469,80.914819,WMD,E46077,WMD,WMD,WMD,2,PD,NO,2/9/17 18:47,59451005,2/13/17 13:44,SM4500NO3F,,00631,Wind 10 - 15 MPH. Moderate amount of sea grass on the surface. Light chop. Secchi on bottom.,
FLAB17,FLAB,4/24/17,SAMP,MON,SA,G,,0.5,m,18,NITRATE+NITRITE-N,NOX,0.005,U,,-0.005,+/- 0.005,1,0.005,0.01,0.005,mg/L,3,Y,A,P87828-5,,0,1,,,,,,25.042469,80.914819,WMD,E46077,WMD,WMD,WMD,2,PD,NO,4/24/17 15:27,59589005,4/26/17 13:57,SM4500NO3F,,631,"seaweed floating on surface of water, light winds",
FLAB17,FLAB,7/26/17,SAMP,MON,SA,G,,0.5,m,18,NITRATE+NITRITE-N,NOX,0.005,U,,-0.005,+/- 0.005,1,0.005,0.01,0.005,mg/L,3,Y,A,P88719-5,,0,0,,,,,,25.042469,80.914819,WMD,E46077,WMD,WMD,WMD,2,PD,NO,7/26/17 16:55,60389005,8/7/17 14:28,SM4500NO3F,,00631,"East winds 10kts, seas less than 1ft, moderate amount of loose grass and seaweed floating on surface, secchi on bottom.",
FLAB17,FLAB,8/22/17,SAMP,MON,SA,G,,0.5,m,18,NITRATE+NITRITE-N,NOX,0.005,U,,-0.005,+/- 0.005,1,0.005,0.01,0.005,mg/L,3,Y,A,P89177-5,,0,0,,,,,,25.042469,80.914819,WMD,E46077,WMD,WMD,WMD,2,PD,NO,8/22/17 15:45,60817005,8/31/17 11:54,SM4500NO3F,,00631,"Light winds, seas less than 1 ft, light amount of loose sea grass and sargassum floating on surface. Secchi on bottom.",
FLAB17,FLAB,10/16/17,SAMP,MON,SA,G,,0.5,m,18,NITRATE+NITRITE-N,NOX,0.005,U,,-0.005,+/- 0.005,1,0.005,0.01,0.005,mg/L,3,Y,A,P90590-5,,0,0,,,,,,25.042469,80.914819,WMD,E46077,WMD,WMD,WMD,2,PD,NO,10/16/17 17:31,62122005,10/24/17 11:05,SM4500NO3F,,00631,"Sample area clear.  Water was a little cloudy, but bottom still visible.  Secchi on bottom.  Sample collected by NH.",
FLAB17,FLAB,12/19/17,SAMP,MON,SA,G,,0.5,m,18,NITRATE+NITRITE-N,NOX,0.008,I,,0.008,+/- 0.005,1,0.005,0.01,0.005,mg/L,3,N,A,P91157-5,,0,0,,,,,,25.042469,80.914819,WMD,E46077,WMD,WMD,WMD,2,PD,NO,12/19/17 19:25,62573005,1/2/18 12:06,SM4500NO3F,,631,Secchi is VOB,
FLAB17,FLAB,2/15/18,SAMP,MON,SA,G,,0.5,m,18,NITRATE+NITRITE-N,NOX,0.005,U,,-0.005,+/- 0.005,1,0.005,0.01,0.005,mg/L,3,Y,A,P92110-5,,0,0,,,,,,25.042469,80.914819,WMD,E46077,WMD,WMD,WMD,2,PD,NO,2/15/18 22:01,63446005,2/16/18 14:20,SM4500NO3F,,631,,
FLAB17,FLAB,4/12/18,SAMP,MON,SA,G,,0.5,m,18,NITRATE+NITRITE-N,NOX,0.005,U,,-0.005,+/- 0.005,1,0.005,0.01,0.005,mg/L,3,Y,A,P92870-5,,0,0,,,,,,25.042469,80.914819,WMD,E46077,WMD,WMD,WMD,2,PD,NO,4/13/18 7:36,64062005,4/24/18 12:24,SM4500NO3F,,00631,Out going tide observed.,
FLAB17,FLAB,6/12/18,SAMP,MON,SA,G,,0.5,m,18,NITRATE+NITRITE-N,NOX,0.005,U,,-0.005,+/- 0.005,1,0.005,0.01,0.005,mg/L,3,Y,A,P93692-5,,0,0,,,,,,25.042469,80.914819,WMD,E46077,WMD,WMD,WMD,2,PD,NO,6/12/18 17:52,64893005,6/26/18 14:34,SM4500NO3F,,00631,SOB.,
FLAB17,FLAB,8/9/18,SAMP,MON,SA,G,,0.5,m,18,NITRATE+NITRITE-N,NOX,0.005,U,,-0.005,+/- 0.005,1,0.005,0.01,0.005,mg/L,3,Y,A,P94933-5,,0,0,,,,,,25.042469,80.914819,WMD,E46077,WMD,WMD,WMD,2,PD,NO,8/10/18 6:52,65965005,8/14/18 14:31,SM4500NO3F,,00631,Secchi on bottom. Lots of dead veg floating in water. Avoided during collection.,
FLAB17,FLAB,10/22/18,SAMP,MON,SA,G,,0.5,m,18,NITRATE+NITRITE-N,NOX,0.005,U,,-0.005,+/- 0.005,1,0.005,0.01,0.005,mg/L,3,Y,A,P95253-5,,0,0,,,,,,25.042469,80.914819,WMD,E46077,WMD,WMD,WMD,2,PD,NO,10/23/18 8:12,66265005,10/26/18 11:18,SM4500NO3F,,631,Sample area clear.  Non-Visible solids.  Sample collected by EW.,
FLAB17,FLAB,12/17/18,SAMP,MON,SA,G,,0.5,m,18,NITRATE+NITRITE-N,NOX,0.005,U,,-0.005,+/- 0.005,1,0.005,0.01,0.005,mg/L,3,Y,A,P96720-9,,0,0,,,,,,25.042469,80.914819,WMD,E46077,WMD,WMD,WMD,2,BA,NO,12/18/18 8:19,67436009,12/20/18 14:57,SM4500NO3F,,00631,,
FLAB17,FLAB,2/18/19,SAMP,MON,SA,G,,0.5,m,18,NITRATE+NITRITE-N,NOX,0.005,I,,0.005,+/- 0.005,1,0.005,0.01,0.005,mg/L,3,N,A,P103094-6,,0,0,,,,,,25.042469,80.914819,WMD,E46077,WMD,WMD,WMD,2,BA,NO,2/19/19 9:40,69909006,2/28/19 14:15,SM4500NO3F,,631,Sample area clear.  Secchi Depth was 0.5m.  Light solids in sample.  Sample collected by EW.,
FLAB17,FLAB,4/3/19,SAMP,MON,SA,G,,0.5,m,18,NITRATE+NITRITE-N,NOX,0.005,U,,-0.005,+/- 0.005,1,0.005,0.01,0.005,mg/L,3,Y,A,P103838-6,,0,0,,,,,,25.042469,80.914819,WMD,E46077,WMD,WMD,WMD,2,BA,NO,4/3/19 15:29,70216006,4/15/19 15:28,SM4500NO3F,,631,Secchi on bottom,
FLAB17,FLAB,7/15/19,SAMP,MON,SA,G,,0.5,m,18,NITRATE+NITRITE-N,NOX,0.005,U,,-0.005,+/- 0.005,1,0.005,0.01,0.005,mg/L,3,Y,A,P106399-6,,0,0,,,,,,25.042469,80.914819,WMD,E46077,WMD,WMD,WMD,2,BA,NO,7/15/19 16:09,71313006,7/23/19 11:59,SM4500NO3F,,00631,,
FLAB17,FLAB,8/12/19,SAMP,MON,SA,G,,0.5,m,18,NITRATE+NITRITE-N,NOX,0.005,U,,-0.005,+/- 0.005,1,0.005,0.01,0.005,mg/L,3,Y,A,P109218-6,,0,0,,,,,,25.042469,80.914819,WMD,E46077,WMD,WMD,WMD,2,BA,NO,8/13/19 9:55,72387006,8/20/19 13:24,SM4500NO3F,,00631,,
FLAB17,FLAB,10/9/19,SAMP,MON,SA,G,,0.5,m,18,NITRATE+NITRITE-N,NOX,0.005,U,,-0.005,+/- 0.005,1,0.005,0.01,0.005,mg/L,3,Y,A,P109906-6,,0,0,,,,,,25.042469,80.914819,WMD,E46077,WMD,WMD,WMD,2,BA,NO,10/10/19 10:16,72728006,10/16/19 12:40,SM4500NO3F,,631,,
FLAB17,FLAB,1/28/20,SAMP,MON,SA,G,,0.5,m,18,NITRATE+NITRITE-N,NOX,0.005,U,,-0.005,+/- 0.005,1,0.005,0.01,0.005,mg/L,3,Y,A,P110695-6,,0,0,,,,,,25.042469,80.914819,WMD,E46077,WMD,WMD,WMD,2,BA,NO,1/28/20 16:21,73093006,1/30/20 15:07,SM4500NO3F,,00631,,
FLAB17,FLAB,2/5/20,SAMP,MON,SA,G,,0.5,m,18,NITRATE+NITRITE-N,NOX,0.005,U,,-0.005,+/- 0.005,1,0.005,0.01,0.005,mg/L,3,Y,A,P110717-6,,0,0,,,,,,25.042469,80.914819,WMD,E46077,WMD,WMD,WMD,2,BA,NO,2/6/20 11:55,73112006,2/13/20 13:11,SM4500NO3F,,631,Secchi on bottom.,
FLAB17,FLAB,4/7/20,SAMP,MON,SA,G,,0.5,m,18,NITRATE+NITRITE-N,NOX,0.005,U,,-0.005,+/- 0.005,1,0.005,0.01,0.005,mg/L,3,Y,A,P110711-6,,0,0,,,,,,25.042469,80.914819,WMD,E46077,WMD,WMD,WMD,2,BA,NO,4/7/20 16:09,73106006,4/15/20 15:15,SM4500NO3F,,00631,Sample area clear.  Solids were Non Visible.  Secchi on bottom.  Sample collected by EW.,
FLAB17,FLAB,6/17/20,SAMP,MON,SA,G,,0.5,m,18,NITRATE+NITRITE-N,NOX,0.005,U,,-0.005,+/- 0.005,1,0.005,0.01,0.005,mg/L,3,Y,A,P110907-6,,0,0,,,,,,25.042469,80.914819,WMD,E46077,WMD,WMD,WMD,2,BA,NO,6/17/20 15:56,73193006,6/24/20 15:42,SM4500NO3F,,00631,Secchi on bottom,
FLAB17,FLAB,8/18/20,SAMP,MON,SA,G,,0.5,m,18,NITRATE+NITRITE-N,NOX,0.005,U,,-0.005,+/- 0.005,1,0.005,0.01,0.005,mg/L,3,Y,A,P111061-6,,0,0,,,,,,25.042469,80.914819,WMD,E46077,WMD,WMD,WMD,2,BA,NO,8/18/20 15:40,73276006,8/24/20 10:50,SM4500NO3F,,00631,Vegetative debris present on surface of water.,
FLAB17,FLAB,10/13/20,SAMP,MON,SA,G,,0.5,m,18,NITRATE+NITRITE-N,NOX,0.005,U,,-0.005,+/- 0.005,1,0.005,0.01,0.005,mg/L,3,Y,A,P118764-6,,0,0,,,,,,25.042469,80.914819,WMD,E46077,WMD,WMD,WMD,2,BA,NO,10/14/20 8:55,76830006,10/21/20 13:34,SM4500NO3F,,00631,Filtration difficult at this location. Notable algae bloom with very fine particulates.,
FLAB17,FLAB,2/9/21,SAMP,MON,SA,G,,0.5,m,18,NITRATE+NITRITE-N,NOX,0.005,U,,-0.005,+/- 0.005,1,0.005,0.01,0.005,mg/L,3,Y,A,P120349-6,,0,0,,,,,,25.042469,80.914819,WMD,E46077,WMD,WMD,WMD,2,BA,NO,2/10/21 8:11,77554006,2/25/21 11:06,SM4500NO3F,,00631,Secchi on bottom.,
FLAB17,FLAB,3/24/21,SAMP,MON,SA,G,,0.5,m,18,NITRATE+NITRITE-N,NOX,0.005,U,,-0.005,+/- 0.005,1,0.005,0.01,0.005,mg/L,3,Y,A,P122509-6,,0,0,,,,,,25.042469,80.914819,WMD,E46077,WMD,WMD,WMD,2,BA,NO,3/25/21 6:59,78497006,4/5/21 13:25,SM4500NO3F,,00631,secchi on bottom,
FLAB17,FLAB,6/7/21,SAMP,MON,SA,G,,0.5,m,18,NITRATE+NITRITE-N,NOX,0.005,U,,-0.005,+/- 0.005,1,0.005,0.01,0.005,mg/L,3,Y,A,P121640-6,,0,0,,,,,,25.042469,80.914819,WMD,E46077,WMD,WMD,WMD,2,BA,NO,6/7/21 16:26,78140006,6/14/21 15:12,SM4500NO3F,,00631,Secchi on bottom,
FLAB17,FLAB,8/5/21,SAMP,MON,SA,G,,0.5,m,18,NITRATE+NITRITE-N,NOX,0.006,I,,0.006,+/- 0.005,1,0.005,0.01,0.005,mg/L,3,N,A,P123926-6,,0,0,,,,,,25.042469,80.914819,WMD,E46077,WMD,WMD,WMD,2,BA,NO,8/5/21 15:12,79169006,8/25/21 11:54,SM4500NO3F,,00631,Secchi on bottom,
FLAB17,FLAB,10/20/21,SAMP,MON,SA,G,,0.5,m,18,NITRATE+NITRITE-N,NOX,0.005,U,,-0.005,+/- 0.005,1,0.005,0.01,0.005,mg/L,3,Y,A,P125707-6,,0,0,,,,,,25.042469,80.914819,WMD,E46077,WMD,WMD,WMD,2,BA,NO,10/21/21 8:34,79970006,11/4/21 12:12,SM4500NO3F,,00631,Secchi on bottom.,
FLAB17,FLAB,12/15/21,SAMP,MON,SA,G,,0.5,m,18,NITRATE+NITRITE-N,NOX,0.005,I,,0.005,+/- 0.005,1,0.005,0.01,0.005,mg/L,3,N,A,P129834-6,,0,0,,,,,,25.042469,80.914819,WMD,E46077,WMD,WMD,WMD,2,BA,NO,12/16/21 8:25,81789006,1/7/22 16:18,SM4500NO3F,,631,,
FLAB17,FLAB,1/27/22,SAMP,MON,SA,G,,0.5,m,18,NITRATE+NITRITE-N,NOX,0.005,U,,-0.005,+/- 0.005,1,0.005,0.01,0.005,mg/L,3,Y,A,P129835-6,,0,0,,,,,,25.042469,80.914819,WMD,E46077,WMD,WMD,WMD,2,BA,NO,1/27/22 15:46,81790006,2/3/22 13:12,SM4500NO3F,,00631,Secchi on bottom,
FLAB17,FLAB,4/12/22,SAMP,MON,SA,G,,0.5,m,18,NITRATE+NITRITE-N,NOX,0.005,U,,-0.005,+/- 0.005,1,0.005,0.01,0.005,mg/L,3,Y,A,P132792-6,,0,0,,,,,,25.042469,80.914819,WMD,E46077,WMD,WMD,WMD,2,BA,NO,4/13/22 8:06,83111006,4/20/22 12:28,SM4500NO3F,,00631,Secchi on bottom,
FLAB17,FLAB,6/27/22,SAMP,MON,SA,G,,0.5,m,18,NITRATE+NITRITE-N,NOX,0.005,U,,-0.005,+/- 0.005,1,0.005,0.01,0.005,mg/L,3,Y,A,P134130-6,,0,0,,,,,,25.042469,80.914819,WMD,E46077,WMD,WMD,WMD,2,BA,NO,6/28/22 8:30,83719006,6/30/22 11:23,SM4500NO3F,,00631,Secchi on bottom,
FLAB17,FLAB,7/11/22,SAMP,MON,SA,G,,0.5,m,18,NITRATE+NITRITE-N,NOX,0.005,U,,-0.005,+/- 0.005,1,0.005,0.01,0.005,mg/L,3,Y,A,P135169-6,,0,0,,,,,,25.042469,80.914819,WMD,E46077,WMD,WMD,WMD,2,BA,NO,7/12/22 8:09,84232006,7/22/22 10:23,SM4500NO3F,,631,Secchi on bottom.,
FLAB17,FLAB,9/21/22,SAMP,MON,SA,G,,0.5,m,18,NITRATE+NITRITE-N,NOX,0.005,U,,-0.005,+/- 0.005,1,0.005,0.01,0.005,mg/L,3,Y,A,P136493-6,,0,0,,,,,,25.042469,80.914819,WMD,E46077,WMD,WMD,WMD,2,BA,NO,9/22/22 8:07,84868006,9/30/22 11:10,SM4500NO3F,,631,"Secchi on bottom. Vegetative debris present in water column, avoided during sampling.",
FLAB17,FLAB,1/19/23,SAMP,MON,SA,G,,0.5,m,18,NITRATE+NITRITE-N,NOX,0.005,U,,-0.005,+/- 0.005,1,0.005,0.01,0.005,mg/L,3,Y,A,P139466-6,,0,0,,,,,,25.042469,80.914819,WMD,E46077,WMD,WMD,WMD,2,BA,NO,1/20/23 8:12,86301006,2/14/23 10:19,SM4500NO3F,,00631,Secchi on bottom,
FLAB17,FLAB,3/6/23,SAMP,MON,SA,G,,0.5,m,18,NITRATE+NITRITE-N,NOX,0.005,U,,-0.005,+/- 0.005,1,0.005,0.01,0.005,mg/L,3,Y,A,P141267-6,,0,0,,,,,,25.042469,80.914819,WMD,E46077,WMD,WMD,WMD,2,BA,NO,3/7/23 8:44,87044006,3/9/23 13:54,SM4500NO3F,,00631,SOB.,
FLAB17,FLAB,5/16/23,SAMP,MON,SA,G,,0.5,m,18,NITRATE+NITRITE-N,NOX,0.005,U,,-0.005,+/- 0.005,1,0.005,0.01,0.005,mg/L,3,Y,A,P143738-6,,0,0,,,,,,25.042469,80.914819,WMD,E46077,WMD,WMD,WMD,2,BA,NO,5/16/23 15:24,87932006,6/6/23 12:01,SM4500NO3F,,00631,Secchi on bottom,
FLAB17,FLAB,7/17/23,SAMP,MON,SA,G,,0.5,m,18,NITRATE+NITRITE-N,NOX,0.005,U,,-0.005,+/- 0.005,1,0.005,0.01,0.005,mg/L,3,Y,A,P144701-6,,0,0,,,,,,25.042469,80.914819,WMD,E46077,WMD,WMD,WMD,2,BA,NO,7/18/23 8:37,88406006,8/1/23 14:27,SM4500NO3F,,631,secchi on bottom,
FLAB17,FLAB,9/26/23,SAMP,MON,SA,G,,0.5,m,18,NITRATE+NITRITE-N,NOX,0.005,U,,-0.005,+/- 0.005,1,0.005,0.01,0.005,mg/L,3,Y,A,P146059-6,,0,0,,,,,,25.042469,80.914819,WMD,E46077,WMD,WMD,WMD,2,BA,NO,9/28/23 7:49,89095006,10/10/23 10:00,SM4500NO3F,,631,secchi on bottom,
FLAB17,FLAB,11/27/23,SAMP,MON,SA,G,,0.5,m,18,NITRATE+NITRITE-N,NOX,0.005,U,,-0.005,+/- 0.005,1,0.005,0.01,0.005,mg/L,3,Y,A,P146060-6,,0,0,,,,,,25.042469,80.914819,WMD,E46077,WMD,WMD,WMD,2,BA,NO,11/28/23 8:48,89096006,12/11/23 10:37,SM4500NO3F,,00631,Secchi on bottom.,
FLAB17,FLAB,2/21/24,SAMP,MON,SA,G,,0.5,m,18,NITRATE+NITRITE-N,NOX,0.005,U,,-0.005,+/- 0.005,1,0.005,0.01,0.005,mg/L,3,Y,A,P148340-6,,0,0,,,,,,25.042469,80.914819,WMD,E46077,WMD,WMD,WMD,2,BA,NO,2/22/24 8:09,90200006,3/11/24 12:06,SM 4500-NO3 F-2016,,631,Secchi on bottom.,
FLAB17,FLAB,4/18/24,SAMP,MON,SA,G,,0.5,m,18,NITRATE+NITRITE-N,NOX,0.005,U,,-0.005,+/- 0.005,1,0.005,0.01,0.005,mg/L,3,Y,A,P149303-6,,0,0,,,,,,25.042469,80.914819,WMD,E46077,WMD,WMD,WMD,2,BA,NO,4/19/24 8:21,90666006,4/24/24 13:37,SM 4500-NO3 F-2016,,00631,secchi on bottom,
FLAB17,FLAB,7/31/24,SAMP,MON,SA,G,,0.5,m,18,NITRATE+NITRITE-N,NOX,0.005,U,,-0.005,+/- 0.005,1,0.005,0.01,0.005,mg/L,3,Y,A,P152197-6,,0,0,,,,,,25.042469,80.914819,WMD,E46077,WMD,WMD,WMD,2,BA,NO,8/1/24 8:01,92110006,8/13/24 10:49,SM 4500-NO3 F-2016,,00631,SOB.,
FLAB17,FLAB,9/30/24,SAMP,MON,SA,G,,0.5,m,18,NITRATE+NITRITE-N,NOX,0.005,U,,-0.005,+/- 0.005,1,0.005,0.01,0.005,mg/L,3,Y,A,P153173-6,,0,0,,,,,,25.042469,80.914819,WMD,E46077,WMD,WMD,WMD,2,BA,NO,10/1/24 8:31,92601006,10/8/24 14:30,SM 4500-NO3 F-2016,,00631,Secchi on bottom.,
FLAB17,FLAB,11/19/24,SAMP,MON,SA,G,,0.5,m,18,NITRATE+NITRITE-N,NOX,0.005,U,,-0.005,+/- 0.005,1,0.005,0.01,0.005,mg/L,3,Y,A,P154026-6,,0,0,,,,,,25.042469,80.914819,WMD,E46077,WMD,WMD,WMD,2,BA,NO,11/20/24 8:23,93034006,12/13/24 11:40,SM 4500-NO3 F-2016,,00631,,
FLAB17,FLAB,2/13/25,SAMP,MON,SA,G,,0.5,m,18,NITRATE+NITRITE-N,NOX,0.005,U,,-0.005,+/- 0.005,1,0.005,0.01,0.005,mg/L,3,Y,A,P155967-6,,0,0,,,,,,25.042469,80.914819,WMD,E46077,WMD,WMD,WMD,2,BA,NO,2/14/25 8:47,93979006,2/28/25 14:21,SM 4500-NO3 F-2016,,00631,Secchi on bottom.,
FLAB17,FLAB,3/25/25,SAMP,MON,SA,G,,0.5,m,18,NITRATE+NITRITE-N,NOX,0.005,U,,-0.005,+/- 0.005,1,0.005,0.01,0.005,mg/L,3,Y,A,P157082-6,,0,0,,,,,,25.042469,80.914819,WMD,E46077,WMD,WMD,WMD,2,BA,NO,3/26/25 8:54,94540006,4/8/25 14:04,SM 4500-NO3 F-2016,,00631,Secchi on bottom.,
FLAB17,FLAB,5/7/25,SAMP,MON,SA,G,,0.5,m,18,NITRATE+NITRITE-N,NOX,0.005,U,,-0.005,+/- 0.005,1,0.005,0.01,0.005,mg/L,3,Y,A,P158026-3,,0,0,,,,,,25.042469,80.914819,WMD,E46077,WMD,WMD,WMD,2,BA,NO,5/8/25 8:31,95009003,5/15/25 15:25,SM 4500-NO3 F-2016,,00631,Secchi on bottom,
FLAB17,FLAB,7/10/25,SAMP,MON,SA,G,,0.5,m,18,NITRATE+NITRITE-N,NOX,0.005,U,,-0.005,+/- 0.005,1,0.005,0.01,0.005,mg/L,3,Y,A,P159507-3,,0,0,,,,,,25.042469,80.914819,WMD,E46077,WMD,WMD,WMD,2,BA,NO,7/11/25 9:57,95742003,8/4/25 12:36,SM 4500-NO3 F-2016,,00631,Secchi visible on bottom,
FLAB17,FLAB,9/9/25,SAMP,MON,SA,G,,0.5,m,18,NITRATE+NITRITE-N,NOX,0.005,U,,0.005,,1,0.005,0.01,0.005,mg/L,,Y,P,P160871-3,,0,0,,,1.7,,,25.042469,-80.914819,,E46077,WMD,,,,BA,,9/10/25 8:53,96441003,9/18/25 15:41,SM 4500-NO3 F-2016,,00631,secchi on bottom. sea grass on water surface avoided during sample collection,
FLAB17,FLAB,3/15/91,SAMP,MON,SA,G,,0,,19,NITRITE-N,NO2,0.001,PMR,,0.001,,,,,,mg/L,3,N,A,FIU15661,,0,0,,,,,,25.042469,80.914819,,,FIU,FIU,,,,,,,,,,,,Sample Filtered with 0.7 glass fiber filter.
FLAB17,FLAB,4/15/91,SAMP,MON,SA,G,,0,,19,NITRITE-N,NO2,0.001,PMR,,0.001,,,,,,mg/L,3,N,A,FIU15662,,0,0,,,,,,25.042469,80.914819,,,FIU,FIU,,,,,,,,,,,,Sample Filtered with 0.7 glass fiber filter.
FLAB17,FLAB,5/15/91,SAMP,MON,SA,G,,0,,19,NITRITE-N,NO2,0.001,PMR,,0.001,,,,,,mg/L,3,N,A,FIU15665,,0,0,,,,,,25.042469,80.914819,,,FIU,FIU,,,,,,,,,,,,Sample Filtered with 0.7 glass fiber filter.
FLAB17,FLAB,6/15/91,SAMP,MON,SA,G,,0,,19,NITRITE-N,NO2,0.001,PMR,,0.001,,,,,,mg/L,3,N,A,FIU15666,,0,0,,,,,,25.042469,80.914819,,,FIU,FIU,,,,,,,,,,,,Sample Filtered with 0.7 glass fiber filter.
FLAB17,FLAB,7/15/91,SAMP,MON,SA,G,,0,,19,NITRITE-N,NO2,0.001,PMR,,0.001,,,,,,mg/L,3,N,A,FIU15668,,0,0,,,,,,25.042469,80.914819,,,FIU,FIU,,,,,,,,,,,,Sample Filtered with 0.7 glass fiber filter.
FLAB17,FLAB,8/15/91,SAMP,MON,SA,G,,0,,19,NITRITE-N,NO2,0.001,PMR,,0.001,,,,,,mg/L,3,N,A,FIU15671,,0,0,,,,,,25.042469,80.914819,,,FIU,FIU,,,,,,,,,,,,Sample Filtered with 0.7 glass fiber filter.
FLAB17,FLAB,9/15/91,SAMP,MON,SA,G,,0,,19,NITRITE-N,NO2,0.001,PMR,,0.001,,,,,,mg/L,3,N,A,FIU15672,,0,0,,,,,,25.042469,80.914819,,,FIU,FIU,,,,,,,,,,,,Sample Filtered with 0.7 glass fiber filter.
FLAB17,FLAB,10/15/91,SAMP,MON,SA,G,,0,,19,NITRITE-N,NO2,0.002,PMR,,0.002,,,,,,mg/L,3,N,A,FIU15675,,0,0,,,,,,25.042469,80.914819,,,FIU,FIU,,,,,,,,,,,,Sample Filtered with 0.7 glass fiber filter.
FLAB17,FLAB,11/15/91,SAMP,MON,SA,G,,0,,19,NITRITE-N,NO2,0.001,PMR,,0.001,,,,,,mg/L,3,N,A,FIU15676,,0,0,,,,,,25.042469,80.914819,,,FIU,FIU,,,,,,,,,,,,Sample Filtered with 0.7 glass fiber filter.
FLAB17,FLAB,12/15/91,SAMP,MON,SA,G,,0,,19,NITRITE-N,NO2,0.001,PMR,,0.001,,,,,,mg/L,3,N,A,FIU15679,,0,0,,,,,,25.042469,80.914819,,,FIU,FIU,,,,,,,,,,,,Sample Filtered with 0.7 glass fiber filter.
FLAB17,FLAB,1/15/92,SAMP,MON,SA,G,,0,,19,NITRITE-N,NO2,0.001,PMR,,0.001,,,,,,mg/L,3,N,A,FIU15680,,0,0,,,,,,25.042469,80.914819,,,FIU,FIU,,,,,,,,,,,,Sample Filtered with 0.7 glass fiber filter.
FLAB17,FLAB,2/15/92,SAMP,MON,SA,G,,0,,19,NITRITE-N,NO2,0.001,PMR,,0.001,,,,,,mg/L,3,N,A,FIU15682,,0,0,,,,,,25.042469,80.914819,,,FIU,FIU,,,,,,,,,,,,Sample Filtered with 0.7 glass fiber filter.
FLAB17,FLAB,3/15/92,SAMP,MON,SA,G,,0,,19,NITRITE-N,NO2,0.001,PMR,,0.001,,,,,,mg/L,3,N,A,FIU15685,,0,0,,,,,,25.042469,80.914819,,,FIU,FIU,,,,,,,,,,,,Sample Filtered with 0.7 glass fiber filter.
FLAB17,FLAB,4/15/92,SAMP,MON,SA,G,,0,,19,NITRITE-N,NO2,0.001,PMR,,0.001,,,,,,mg/L,3,N,A,FIU15686,,0,0,,,,,,25.042469,80.914819,,,FIU,FIU,,,,,,,,,,,,Sample Filtered with 0.7 glass fiber filter.
FLAB17,FLAB,5/15/92,SAMP,MON,SA,G,,0,,19,NITRITE-N,NO2,0.001,PMR,,0.001,,,,,,mg/L,3,N,A,FIU15688,,0,0,,,,,,25.042469,80.914819,,,FIU,FIU,,,,,,,,,,,,Sample Filtered with 0.7 glass fiber filter.
FLAB17,FLAB,6/15/92,SAMP,MON,SA,G,,0,,19,NITRITE-N,NO2,0.002,PMR,,0.002,,,,,,mg/L,3,N,A,FIU15690,,0,0,,,,,,25.042469,80.914819,,,FIU,FIU,,,,,,,,,,,,Sample Filtered with 0.7 glass fiber filter.
FLAB17,FLAB,7/15/92,SAMP,MON,SA,G,,0,,19,NITRITE-N,NO2,0.001,PMR,,0.001,,,,,,mg/L,3,N,A,FIU15692,,0,0,,,,,,25.042469,80.914819,,,FIU,FIU,,,,,,,,,,,,Sample Filtered with 0.7 glass fiber filter.
FLAB17,FLAB,8/15/92,SAMP,MON,SA,G,,0,,19,NITRITE-N,NO2,0.001,PMR,,0.001,,,,,,mg/L,3,N,A,FIU15694,,0,0,,,,,,25.042469,80.914819,,,FIU,FIU,,,,,,,,,,,,Sample Filtered with 0.7 glass fiber filter.
FLAB17,FLAB,9/15/92,SAMP,MON,SA,G,,0,,19,NITRITE-N,NO2,0.002,PMR,,0.002,,,,,,mg/L,3,N,A,FIU15697,,0,0,,,,,,25.042469,80.914819,,,FIU,FIU,,,,,,,,,,,,Sample Filtered with 0.7 glass fiber filter.
FLAB17,FLAB,10/15/92,SAMP,MON,SA,G,,0,,19,NITRITE-N,NO2,0.002,PMR,,0.002,,,,,,mg/L,3,N,A,FIU15699,,0,0,,,,,,25.042469,80.914819,,,FIU,FIU,,,,,,,,,,,,Sample Filtered with 0.7 glass fiber filter.
FLAB17,FLAB,11/15/92,SAMP,MON,SA,G,,0,,19,NITRITE-N,NO2,0.002,PMR,,0.002,,,,,,mg/L,3,N,A,FIU15701,,0,0,,,,,,25.042469,80.914819,,,FIU,FIU,,,,,,,,,,,,Sample Filtered with 0.7 glass fiber filter.
FLAB17,FLAB,12/15/92,SAMP,MON,SA,G,,0,,19,NITRITE-N,NO2,0.002,PMR,,0.002,,,,,,mg/L,3,N,A,FIU15703,,0,0,,,,,,25.042469,80.914819,,,FIU,FIU,,,,,,,,,,,,Sample Filtered with 0.7 glass fiber filter.
FLAB17,FLAB,1/21/93,SAMP,MON,SA,G,,0,,19,NITRITE-N,NO2,0.003,PMR,,0.003,,,,,,mg/L,3,N,A,FIU15704,,0,0,,,,,,25.042469,80.914819,,,FIU,FIU,,,,,,,,,,,,Sample Filtered with 0.7 glass fiber filter.
FLAB17,FLAB,2/10/93,SAMP,MON,SA,G,,0,,19,NITRITE-N,NO2,0.002,PMR,,0.002,,,,,,mg/L,3,N,A,FIU15705,,0,0,,,,,,25.042469,80.914819,,,FIU,FIU,,,,,,,,,,,,Sample Filtered with 0.7 glass fiber filter.
FLAB17,FLAB,3/10/93,SAMP,MON,SA,G,,0,,19,NITRITE-N,NO2,0.003,PMR,,0.003,,,,,,mg/L,3,N,A,FIU15706,,0,0,,,,,,25.042469,80.914819,,,FIU,FIU,,,,,,,,,,,,Sample Filtered with 0.7 glass fiber filter.
FLAB17,FLAB,4/7/93,SAMP,MON,SA,G,,0,,19,NITRITE-N,NO2,0.004,PMR,,0.004,,,,,,mg/L,3,N,A,FIU15707,,0,0,,,,,,25.042469,80.914819,,,FIU,FIU,,,,,,,,,,,,Sample Filtered with 0.7 glass fiber filter.
FLAB17,FLAB,5/12/93,SAMP,MON,SA,G,,0,,19,NITRITE-N,NO2,0.002,PMR,,0.002,,,,,,mg/L,3,N,A,FIU15708,,0,0,,,,,,25.042469,80.914819,,,FIU,FIU,,,,,,,,,,,,Sample Filtered with 0.7 glass fiber filter.
FLAB17,FLAB,6/3/93,SAMP,MON,SA,G,,0,,19,NITRITE-N,NO2,0.004,PMR,,0.004,,,,,,mg/L,3,N,A,FIU15709,,0,0,,,,,,25.042469,80.914819,,,FIU,FIU,,,,,,,,,,,,Sample Filtered with 0.7 glass fiber filter.
FLAB17,FLAB,7/7/93,SAMP,MON,SA,G,,0,,19,NITRITE-N,NO2,0.001,PMR,,0.001,,,,,,mg/L,3,N,A,FIU15710,,0,0,,,,,,25.042469,80.914819,,,FIU,FIU,,,,,,,,,,,,Sample Filtered with 0.7 glass fiber filter.
FLAB17,FLAB,8/4/93,SAMP,MON,SA,G,,0,,19,NITRITE-N,NO2,0.001,PMR,,0.001,,,,,,mg/L,3,N,A,FIU15711,,0,0,,,,,,25.042469,80.914819,,,FIU,FIU,,,,,,,,,,,,Sample Filtered with 0.7 glass fiber filter.
FLAB17,FLAB,9/9/93,SAMP,MON,SA,G,,0,,19,NITRITE-N,NO2,0.003,PMR,,0.003,,,,,,mg/L,3,N,A,FIU15712,,0,0,,,,,,25.042469,80.914819,,,FIU,FIU,,,,,,,,,,,,Sample Filtered with 0.7 glass fiber filter.
FLAB17,FLAB,10/6/93,SAMP,MON,SA,G,,0,,19,NITRITE-N,NO2,0.001,PMR,,0.001,,,,,,mg/L,3,N,A,FIU15713,,0,0,,,,,,25.042469,80.914819,,,FIU,FIU,,,,,,,,,,,,Sample Filtered with 0.7 glass fiber filter.
FLAB17,FLAB,11/3/93,SAMP,MON,SA,G,,0,,19,NITRITE-N,NO2,0.004,PMR,,0.004,,,,,,mg/L,3,N,A,FIU15714,,0,0,,,,,,25.042469,80.914819,,,FIU,FIU,,,,,,,,,,,,Sample Filtered with 0.7 glass fiber filter.
FLAB17,FLAB,12/2/93,SAMP,MON,SA,G,,0,,19,NITRITE-N,NO2,0.006,PMR,,0.006,,,,,,mg/L,3,N,A,FIU15715,,0,0,,,,,,25.042469,80.914819,,,FIU,FIU,,,,,,,,,,,,Sample Filtered with 0.7 glass fiber filter.
FLAB17,FLAB,1/11/94,SAMP,MON,SA,G,,0,,19,NITRITE-N,NO2,0.006,PMR,,0.006,,,,,,mg/L,3,N,A,FIU15716,,0,0,,,,,,25.042469,80.914819,,,FIU,FIU,,,,,,,,,,,,Sample Filtered with 0.7 glass fiber filter.
FLAB17,FLAB,2/2/94,SAMP,MON,SA,G,,0,,19,NITRITE-N,NO2,0.003,PMR,,0.003,,,,,,mg/L,3,N,A,FIU15717,,0,0,,,,,,25.042469,80.914819,,,FIU,FIU,,,,,,,,,,,,Sample Filtered with 0.7 glass fiber filter.
FLAB17,FLAB,3/8/94,SAMP,MON,SA,G,,0,,19,NITRITE-N,NO2,0.009,PMR,,0.009,,,,,,mg/L,3,N,A,FIU15718,,0,0,,,,,,25.042469,80.914819,,,FIU,FIU,,,,,,,,,,,,Sample Filtered with 0.7 glass fiber filter.
FLAB17,FLAB,4/6/94,SAMP,MON,SA,G,,0,,19,NITRITE-N,NO2,0.0058,A,,0.006,,,,,,mg/L,3,N,A,FIU15719,,0,0,,,,,,25.042469,80.914819,,,FIU,FIU,,,,,,,,,,,,Sample Filtered with 0.7 glass fiber filter.
FLAB17,FLAB,5/4/94,SAMP,MON,SA,G,,0,,19,NITRITE-N,NO2,0.0024,A,,0.002,,,,,,mg/L,3,N,A,FIU15721,,0,0,,,,,,25.042469,80.914819,,,FIU,FIU,,,,,,,,,,,,Sample Filtered with 0.7 glass fiber filter.
FLAB17,FLAB,6/8/94,SAMP,MON,SA,G,,0,,19,NITRITE-N,NO2,0.0025,A,,0.002,,,,,,mg/L,3,N,A,FIU15723,,0,0,,,,,,25.042469,80.914819,,,FIU,FIU,,,,,,,,,,,,Sample Filtered with 0.7 glass fiber filter.
FLAB17,FLAB,7/7/94,SAMP,MON,SA,G,,0,,19,NITRITE-N,NO2,0.0012,A,,0.001,,,,,,mg/L,3,N,A,FIU15725,,0,0,,,,,,25.042469,80.914819,,,FIU,FIU,,,,,,,,,,,,Sample Filtered with 0.7 glass fiber filter.
FLAB17,FLAB,8/4/94,SAMP,MON,SA,G,,0,,19,NITRITE-N,NO2,0.0015,A,,0.002,,,,,,mg/L,3,N,A,FIU15727,,0,0,,,,,,25.042469,80.914819,,,FIU,FIU,,,,,,,,,,,,Sample Filtered with 0.7 glass fiber filter.
FLAB17,FLAB,9/14/94,SAMP,MON,SA,G,,0,,19,NITRITE-N,NO2,0.0063,A,,0.006,,,,,,mg/L,3,N,A,FIU15729,,0,0,,,,,,25.042469,80.914819,,,FIU,FIU,,,,,,,,,,,,Sample Filtered with 0.7 glass fiber filter.
FLAB17,FLAB,10/5/94,SAMP,MON,SA,G,,0,,19,NITRITE-N,NO2,0.0042,A,,0.004,,,,,,mg/L,3,N,A,FIU15731,,0,0,,,,,,25.042469,80.914819,,,FIU,FIU,,,,,,,,,,,,Sample Filtered with 0.7 glass fiber filter.
FLAB17,FLAB,11/2/94,SAMP,MON,SA,G,,0,,19,NITRITE-N,NO2,0.0013,A,,0.001,,,,,,mg/L,3,N,A,FIU15733,,0,0,,,,,,25.042469,80.914819,,,FIU,FIU,,,,,,,,,,,,Sample Filtered with 0.7 glass fiber filter.
FLAB17,FLAB,11/22/94,SAMP,MON,SA,G,,0,,19,NITRITE-N,NO2,0.001,A,,0.001,,,,,,mg/L,3,N,A,FIU15735,,0,0,,,,,,25.042469,80.914819,,,FIU,FIU,,,,,,,,,,,,Sample Filtered with 0.7 glass fiber filter.
FLAB17,FLAB,12/1/94,SAMP,MON,SA,G,,0,,19,NITRITE-N,NO2,0.001,A,,0.001,,,,,,mg/L,3,N,A,FIU15737,,0,0,,,,,,25.042469,80.914819,,,FIU,FIU,,,,,,,,,,,,Sample Filtered with 0.7 glass fiber filter.
FLAB17,FLAB,1/5/95,SAMP,MON,SA,G,,0,,19,NITRITE-N,NO2,0.0012,PMR,,0.001,,,,,,mg/L,3,N,A,FIU15739,,0,0,,,,,,25.042469,80.914819,,,FIU,FIU,,,,,,,,,,,,Sample Filtered with 0.7 glass fiber filter.
FLAB17,FLAB,2/2/95,SAMP,MON,SA,G,,0,,19,NITRITE-N,NO2,0.0015,PMR,,0.002,,,,,,mg/L,3,N,A,FIU15741,,0,0,,,,,,25.042469,80.914819,,,FIU,FIU,,,,,,,,,,,,Sample Filtered with 0.7 glass fiber filter.
FLAB17,FLAB,3/1/95,SAMP,MON,SA,G,,0,,19,NITRITE-N,NO2,0.0028,PMR,,0.003,,,,,,mg/L,3,N,A,FIU15743,,0,0,,,,,,25.042469,80.914819,,,FIU,FIU,,,,,,,,,,,,Sample Filtered with 0.7 glass fiber filter.
FLAB17,FLAB,4/19/95,SAMP,MON,SA,G,,0,,19,NITRITE-N,NO2,0.0027,PMR,,0.003,,,,,,mg/L,3,N,A,FIU15745,,0,0,,,,,,25.042469,80.914819,,,FIU,FIU,,,,,,,,,,,,Sample Filtered with 0.7 glass fiber filter.
FLAB17,FLAB,5/24/95,SAMP,MON,SA,G,,0,,19,NITRITE-N,NO2,0.0046,PMR,,0.005,,,,,,mg/L,3,N,A,FIU15747,,0,0,,,,,,25.042469,80.914819,,,FIU,FIU,,,,,,,,,,,,Sample Filtered with 0.7 glass fiber filter.
FLAB17,FLAB,6/21/95,SAMP,MON,SA,G,,0,,19,NITRITE-N,NO2,0.0018,PMR,,0.002,,,,,,mg/L,3,N,A,FIU15749,,0,0,,,,,,25.042469,80.914819,,,FIU,FIU,,,,,,,,,,,,Sample Filtered with 0.7 glass fiber filter.
FLAB17,FLAB,7/12/95,SAMP,MON,SA,G,,0,,19,NITRITE-N,NO2,0.0005,PMR,,0,,,,,,mg/L,3,N,A,FIU15751,,0,0,,,,,,25.042469,80.914819,,,FIU,FIU,,,,,,,,,,,,Sample Filtered with 0.7 glass fiber filter.
FLAB17,FLAB,8/11/95,SAMP,MON,SA,G,,0,,19,NITRITE-N,NO2,0.0008,PMR,,0.001,,,,,,mg/L,3,N,A,FIU15753,,0,0,,,,,,25.042469,80.914819,,,FIU,FIU,,,,,,,,,,,,Sample Filtered with 0.7 glass fiber filter.
FLAB17,FLAB,9/6/95,SAMP,MON,SA,G,,0,,19,NITRITE-N,NO2,0.0014,PMR,,0.001,,,,,,mg/L,3,N,A,FIU15755,,0,0,,,,,,25.042469,80.914819,,,FIU,FIU,,,,,,,,,,,,Sample Filtered with 0.7 glass fiber filter.
FLAB17,FLAB,10/22/95,SAMP,MON,SA,G,,0,,19,NITRITE-N,NO2,0.0021,PMR,,0.002,,,,,,mg/L,3,N,A,FIU15757,,0,0,,,,,,25.042469,80.914819,,,FIU,FIU,,,,,,,,,,,,Sample Filtered with 0.7 glass fiber filter.
FLAB17,FLAB,11/17/95,SAMP,MON,SA,G,,0,,19,NITRITE-N,NO2,0.0019,Q,Q,0.002,,,,,,mg/L,3,N,A,FIU15759,,0,0,,,,,,25.042469,80.914819,,,FIU,FIU,,,,,,,,,,,,Sample Filtered with 0.7 glass fiber filter.
FLAB17,FLAB,12/14/95,SAMP,MON,SA,G,,0,,19,NITRITE-N,NO2,0.0005,Q,Q,0,,,,,,mg/L,3,N,A,FIU15761,,0,0,,,,,,25.042469,80.914819,,,FIU,FIU,,,,,,,,,,,,Sample Filtered with 0.7 glass fiber filter.
FLAB17,FLAB,1/23/96,SAMP,MON,SA,G,,0,,19,NITRITE-N,NO2,0.0008,PMR,,0.001,,,,,,mg/L,3,N,A,FIU15763,,0,0,,,,,,25.042469,80.914819,,,FIU,FIU,,,,,,,,,,,,Sample Filtered with 0.7 glass fiber filter.
FLAB17,FLAB,2/12/96,SAMP,MON,SA,G,,0,,19,NITRITE-N,NO2,0.0006,PMR,,0.001,,,,,,mg/L,3,N,A,FIU15765,,0,0,,,,,,25.042469,80.914819,,,FIU,FIU,,,,,,,,,,,,Sample Filtered with 0.7 glass fiber filter.
FLAB17,FLAB,3/22/96,SAMP,MON,SA,G,,0,,19,NITRITE-N,NO2,0.0025,PMR,,0.002,,,,,,mg/L,3,N,A,FIU15767,,0,0,,,,,,25.042469,80.914819,,,FIU,FIU,,,,,,,,,,,,Sample Filtered with 0.7 glass fiber filter.
FLAB17,FLAB,4/25/96,SAMP,MON,SA,G,,0,,19,NITRITE-N,NO2,0.0081,PMR,,0.008,,,,,,mg/L,3,N,A,FIU15769,,0,0,,,,,,25.042469,80.914819,,,FIU,FIU,,,,,,,,,,,,Sample Filtered with 0.7 glass fiber filter.
FLAB17,FLAB,5/10/96,SAMP,MON,SA,G,,0,,19,NITRITE-N,NO2,0.0038,PMR,,0.004,,,,,,mg/L,3,N,A,FIU15771,,0,0,,,,,,25.042469,80.914819,,,FIU,FIU,,,,,,,,,,,,Sample Filtered with 0.7 glass fiber filter.
FLAB17,FLAB,6/6/96,SAMP,MON,SA,G,,0,,19,NITRITE-N,NO2,0.0014,PMR,,0.001,,,,,,mg/L,3,N,A,FIU15773,,0,0,,,,,,25.042469,80.914819,,,FIU,FIU,,,,,,,,,,,,Sample Filtered with 0.7 glass fiber filter.
FLAB17,FLAB,7/5/96,SAMP,MON,SA,G,,0.1,,19,NITRITE-N,NO2,0.0013,PMR,,0.001,,,,,,mg/L,3,N,A,FIU15775,,0,0,,,,,,25.042469,80.914819,,,FIU,FIU,,,,,,,,,,,,Sample Filtered with 0.7 glass fiber filter.
FLAB17,FLAB,8/22/96,SAMP,MON,SA,G,,0.1,,19,NITRITE-N,NO2,0.002,PMR,,0.002,,,,,,mg/L,3,N,A,FIU15777,,0,0,,,,,,25.042469,80.914819,,,FIU,FIU,,,,,,,,,,,,Sample Filtered with 0.7 glass fiber filter.
FLAB17,FLAB,9/14/96,SAMP,MON,SA,G,,0.1,,19,NITRITE-N,NO2,0.001,PMR,,0.001,,,,,,mg/L,3,N,A,FIU15779,,0,0,,,,,,25.042469,80.914819,,,FIU,FIU,,,,,,,,,,,,Sample Filtered with 0.7 glass fiber filter.
FLAB17,FLAB,10/15/96,SAMP,MON,SA,G,,0.1,,19,NITRITE-N,NO2,0.0047,PMR,,0.005,,,,,,mg/L,3,N,A,FIU15781,,0,0,,,,,,25.042469,80.914819,,,FIU,FIU,,,,,,,,,,,,Sample Filtered with 0.7 glass fiber filter.
FLAB17,FLAB,11/7/96,SAMP,MON,SA,G,,0.1,,19,NITRITE-N,NO2,0.0014,PMR,,0.001,,,,,,mg/L,3,N,A,FIU15783,,0,0,,,,,,25.042469,80.914819,,,FIU,FIU,,,,,,,,,,,,Sample Filtered with 0.7 glass fiber filter.
FLAB17,FLAB,12/6/96,SAMP,MON,SA,G,,0.1,,19,NITRITE-N,NO2,0.0033,PMR,,0.003,,,,,,mg/L,3,N,A,FIU15785,,0,0,,,,,,25.042469,80.914819,,,FIU,FIU,,,,,,,,,,,,Sample Filtered with 0.7 glass fiber filter.
FLAB17,FLAB,1/8/97,SAMP,MON,SA,G,,0.1,,19,NITRITE-N,NO2,0.0009,PMR,,0.001,,,,,,mg/L,3,N,A,FIU15787,,0,0,,,,,,25.042469,80.914819,,,FIU,FIU,,,,,,,,,,,,Sample Filtered with 0.7 glass fiber filter.
FLAB17,FLAB,2/15/97,SAMP,MON,SA,G,,0.1,,19,NITRITE-N,NO2,0.0021,PMR,,0.002,,,,,,mg/L,3,N,A,FIU15789,,0,0,,,,,,25.042469,80.914819,,,FIU,FIU,,,,,,,,,,,,Sample Filtered with 0.7 glass fiber filter.
FLAB17,FLAB,3/12/97,SAMP,MON,SA,G,,0.1,,19,NITRITE-N,NO2,0.003,PMR,,0.003,,,,,,mg/L,3,N,A,FIU15791,,0,0,,,,,,25.042469,80.914819,,,FIU,FIU,,,,,,,,,,,,Sample Filtered with 0.7 glass fiber filter.
FLAB17,FLAB,4/16/97,SAMP,MON,SA,G,,0.1,,19,NITRITE-N,NO2,0.0031,PMR,,0.003,,,,,,mg/L,3,N,A,FIU15793,,0,0,,,,,,25.042469,80.914819,,,FIU,FIU,,,,,,,,,,,,Sample Filtered with 0.7 glass fiber filter.
FLAB17,FLAB,5/22/97,SAMP,MON,SA,G,,0.1,,19,NITRITE-N,NO2,0.0019,PMR,,0.002,,,,,,mg/L,3,N,A,FIU15795,,0,0,,,,,,25.042469,80.914819,,,FIU,FIU,,,,,,,,,,,,Sample Filtered with 0.7 glass fiber filter.
FLAB17,FLAB,6/12/97,SAMP,MON,SA,G,,0.1,,19,NITRITE-N,NO2,0.0022,PMR,,0.002,,,,,,mg/L,3,N,A,FIU15797,,0,0,,,,,,25.042469,80.914819,,,FIU,FIU,,,,,,,,,,,,Sample Filtered with 0.7 glass fiber filter.
FLAB17,FLAB,7/10/97,SAMP,MON,SA,G,,0.1,,19,NITRITE-N,NO2,0.0011,PMR,,0.001,,,,,,mg/L,3,N,A,FIU15799,,0,0,,,,,,25.042469,80.914819,,,FIU,FIU,,,,,,,,,,,,Sample Filtered with 0.7 glass fiber filter.
FLAB17,FLAB,8/19/97,SAMP,MON,SA,G,,0.1,,19,NITRITE-N,NO2,0.0009,PMR,,0.001,,,,,,mg/L,3,N,A,FIU15800,,0,0,,,,,,25.042469,80.914819,,,FIU,FIU,,,,,,,,,,,,Sample Filtered with 0.7 glass fiber filter.
FLAB17,FLAB,9/10/97,SAMP,MON,SA,G,,0.1,,19,NITRITE-N,NO2,0.0037,PMR,,0.004,,,,,,mg/L,3,N,A,FIU15802,,0,0,,,,,,25.042469,80.914819,,,FIU,FIU,,,,,,,,,,,,Sample Filtered with 0.7 glass fiber filter.
FLAB17,FLAB,10/21/97,SAMP,MON,SA,G,,0.1,,19,NITRITE-N,NO2,0.0012,PMR,,0.001,,,,,,mg/L,3,N,A,FIU15804,,0,0,,,,,,25.042469,80.914819,,,FIU,FIU,,,,,,,,,,,,Sample Filtered with 0.7 glass fiber filter.
FLAB17,FLAB,11/25/97,SAMP,MON,SA,G,,0.1,,19,NITRITE-N,NO2,0.003,PMR,,0.003,,,,,,mg/L,3,N,A,FIU15806,,0,0,,,,,,25.042469,80.914819,,,FIU,FIU,,,,,,,,,,,,Sample Filtered with 0.7 glass fiber filter.
FLAB17,FLAB,12/12/97,SAMP,MON,SA,G,,0.1,,19,NITRITE-N,NO2,0.0008,PMR,,0.001,,,,,,mg/L,3,N,A,FIU15808,,0,0,,,,,,25.042469,80.914819,,,FIU,FIU,,,,,,,,,,,,Sample Filtered with 0.7 glass fiber filter.
FLAB17,FLAB,1/21/98,SAMP,MON,SA,G,,0.1,,19,NITRITE-N,NO2,0.0006,PMR,,0.001,,,,,,mg/L,3,N,A,FIU15810,,0,0,,,,,,25.042469,80.914819,,,FIU,FIU,,,,,,,,,,,,Sample Filtered with 0.7 glass fiber filter.
FLAB17,FLAB,2/18/98,SAMP,MON,SA,G,,0.1,,19,NITRITE-N,NO2,0.002,PMR,,0.002,,,,,,mg/L,3,N,A,FIU15812,,0,0,,,,,,25.042469,80.914819,,,FIU,FIU,,,,,,,,,,,,Sample Filtered with 0.7 glass fiber filter.
FLAB17,FLAB,3/20/98,SAMP,MON,SA,G,,0.1,,19,NITRITE-N,NO2,0.0021,PMR,,0.002,,,,,,mg/L,3,N,A,FIU15814,,0,0,,,,,,25.042469,80.914819,,,FIU,FIU,,,,,,,,,,,,Sample Filtered with 0.7 glass fiber filter.
FLAB17,FLAB,4/15/98,SAMP,MON,SA,G,,0.1,,19,NITRITE-N,NO2,0.0011,PMR,,0.001,,,,,,mg/L,3,N,A,FIU15816,,0,0,,,,,,25.042469,80.914819,,,FIU,FIU,,,,,,,,,,,,Sample Filtered with 0.7 glass fiber filter.
FLAB17,FLAB,5/14/98,SAMP,MON,SA,G,,0.1,,19,NITRITE-N,NO2,0.0013,PMR,,0.001,,,,,,mg/L,3,N,A,FIU15818,,0,0,,,,,,25.042469,80.914819,,,FIU,FIU,,,,,,,,,,,,Sample Filtered with 0.7 glass fiber filter.
FLAB17,FLAB,6/10/98,SAMP,MON,SA,G,,0.1,,19,NITRITE-N,NO2,0.0007,PMR,,0.001,,,,,,mg/L,3,N,A,FIU15820,,0,0,,,,,,25.042469,80.914819,,,FIU,FIU,,,,,,,,,,,,Sample Filtered with 0.7 glass fiber filter.
FLAB17,FLAB,7/14/98,SAMP,MON,SA,G,,0.1,,19,NITRITE-N,NO2,0.0009,PMR,,0.001,,,,,,mg/L,3,N,A,FIU15822,,0,0,,,,,,25.042469,80.914819,,,FIU,FIU,,,,,,,,,,,,Sample Filtered with 0.7 glass fiber filter.
FLAB17,FLAB,8/19/98,SAMP,MON,SA,G,,0.1,,19,NITRITE-N,NO2,0.0012,PMR,,0.001,,,,,,mg/L,3,N,A,FIU15824,,0,0,,,,,,25.042469,80.914819,,,FIU,FIU,,,,,,,,,,,,Sample Filtered with 0.7 glass fiber filter.
FLAB17,FLAB,9/17/98,SAMP,MON,SA,G,,0.1,,19,NITRITE-N,NO2,0.0018,PMR,,0.002,,,,,,mg/L,3,N,A,FIU15826,,0,0,,,,,,25.042469,80.914819,,,FIU,FIU,,,,,,,,,,,,Sample Filtered with 0.7 glass fiber filter.
FLAB17,FLAB,9/30/98,SAMP,MON,SA,G,,0.1,,19,NITRITE-N,NO2,0.0037,PMR,,0.004,,,,,,mg/L,3,N,A,FIU15828,,0,0,,,,,,25.042469,80.914819,,,FIU,FIU,,,,,,,,,,,,Sample Filtered with 0.7 glass fiber filter.
FLAB17,FLAB,11/3/98,SAMP,MON,SA,G,,0.1,,19,NITRITE-N,NO2,0.0005,PMR,,0,,,,,,mg/L,3,N,A,FIU15830,,0,0,,,,,,25.042469,80.914819,,,FIU,FIU,,,,,,,,,,,,Sample Filtered with 0.7 glass fiber filter.
FLAB17,FLAB,12/1/98,SAMP,MON,SA,G,,0.1,,19,NITRITE-N,NO2,0.0011,PMR,,0.001,,,,,,mg/L,3,N,A,FIU15832,,0,0,,,,,,25.042469,80.914819,,,FIU,FIU,,,,,,,,,,,,Sample Filtered with 0.7 glass fiber filter.
FLAB17,FLAB,1/14/99,SAMP,MON,SA,G,,0.1,,19,NITRITE-N,NO2,0.0012,PMR,,0.001,,,,,,mg/L,3,N,A,FIU15834,,0,0,,,,,,25.042469,80.914819,,,FIU,FIU,,,,,,,,,,,,Sample Filtered with 0.7 glass fiber filter.
FLAB17,FLAB,2/10/99,SAMP,MON,SA,G,,0.1,,19,NITRITE-N,NO2,0.0016,PMR,,0.002,,,,,,mg/L,3,N,A,FIU15836,,0,0,,,,,,25.042469,80.914819,,,FIU,FIU,,,,,,,,,,,,Sample Filtered with 0.7 glass fiber filter.
FLAB17,FLAB,3/23/99,SAMP,MON,SA,G,,0.1,,19,NITRITE-N,NO2,0.0011,PMR,,0.001,,,,,,mg/L,3,N,A,FIU15838,,0,0,,,,,,25.042469,80.914819,,,FIU,FIU,,,,,,,,,,,,Sample Filtered with 0.7 glass fiber filter.
FLAB17,FLAB,4/29/99,SAMP,MON,SA,G,,0.1,,19,NITRITE-N,NO2,0.0013,PMR,,0.001,,,,,,mg/L,3,N,A,FIU15840,,0,0,,,,,,25.042469,80.914819,,,FIU,FIU,,,,,,,,,,,,Sample Filtered with 0.7 glass fiber filter.
FLAB17,FLAB,5/28/99,SAMP,MON,SA,G,,0.1,,19,NITRITE-N,NO2,0.0018,PMR,,0.002,,,,,,mg/L,3,N,A,FIU15842,,0,0,,,,,,25.042469,80.914819,,,FIU,FIU,,,,,,,,,,,,Sample Filtered with 0.7 glass fiber filter.
FLAB17,FLAB,6/17/99,SAMP,MON,SA,G,,0.1,,19,NITRITE-N,NO2,0.0007,PMR,,0.001,,,,,,mg/L,3,N,A,FIU15844,,0,0,,,,,,25.042469,80.914819,,,FIU,FIU,,,,,,,,,,,,Sample Filtered with 0.7 glass fiber filter.
FLAB17,FLAB,7/6/99,SAMP,MON,SA,G,,0.1,,19,NITRITE-N,NO2,0.0019,PMR,,0.0019,,,0.0003,,,mg/L,3,N,A,FIU15847,,0,0,,,,,,25.042469,80.914819,,,FIU,FIU,,,,,,,,EPA353.2,,00615,,Sample Filtered with 0.7 glass fiber filter.
FLAB17,FLAB,8/24/99,SAMP,MON,SA,G,,0.1,,19,NITRITE-N,NO2,0.0018,PMR,,0.0018,,,0.0003,,,mg/L,3,N,A,FIU15849,,0,0,,,,,,25.042469,80.914819,,,FIU,FIU,,,,,,,,EPA353.2,,00615,,Sample Filtered with 0.7 glass fiber filter.
FLAB17,FLAB,9/23/99,SAMP,MON,SA,G,,0.1,,19,NITRITE-N,NO2,0.0019,PMR,,0.0019,,,0.00028,,,mg/L,3,N,A,FIU15851,,0,0,,,,,,25.042469,80.914819,,,FIU,FIU,,,,,,,,EPA353.2,,00615,,Sample Filtered with 0.7 glass fiber filter.
FLAB17,FLAB,10/26/99,SAMP,MON,SA,G,,0.1,,19,NITRITE-N,NO2,0.0001,T,,0.0001,,,0.00028,,,mg/L,3,N,A,FIU15853,,0,0,,,,,,25.042469,80.914819,,,FIU,FIU,,,,,,,,EPA353.2,,00615,,Sample Filtered with 0.7 glass fiber filter.
FLAB17,FLAB,11/12/99,SAMP,MON,SA,G,,0.1,,19,NITRITE-N,NO2,0.0009,PMR,,0.0009,,,0.00028,,,mg/L,3,N,A,FIU15856,,0,0,,,,,,25.042469,80.914819,,,FIU,FIU,,,,,,,,EPA353.2,,00615,,Sample Filtered with 0.7 glass fiber filter.
FLAB17,FLAB,12/3/99,SAMP,MON,SA,G,,0.1,,19,NITRITE-N,NO2,0.0005,PMR,,0.0005,,,0.00028,,,mg/L,3,N,A,FIU15859,,0,0,,,,,,25.042469,80.914819,,,FIU,FIU,,,,,,,,EPA353.2,,00615,,Sample Filtered with 0.7 glass fiber filter.
FLAB17,FLAB,1/25/00,SAMP,MON,SA,G,,0.1,,19,NITRITE-N,NO2,0.0009,PMR,,0.0009,,,0.00028,,,mg/L,3,N,A,FIU15862,,0,0,,,,,,25.042469,80.914819,,,FIU,FIU,,,,,,,,EPA353.2,,00615,,Sample Filtered with 0.7 glass fiber filter.
FLAB17,FLAB,2/28/00,SAMP,MON,SA,G,,0.1,,19,NITRITE-N,NO2,0.0007,PMR,,0.0007,,,0.00028,,,mg/L,3,N,A,FIU15865,,0,0,,,,,,25.042469,80.914819,,,FIU,FIU,,,,,,,,EPA353.2,,00615,,Sample Filtered with 0.7 glass fiber filter.
FLAB17,FLAB,3/21/00,SAMP,MON,SA,G,,0.1,,19,NITRITE-N,NO2,0.0023,PMR,,0.0023,,,0.00028,,,mg/L,3,N,A,FIU15868,,0,0,,,,,,25.042469,80.914819,,,FIU,FIU,,,,,,,,EPA353.2,,00615,,Sample Filtered with 0.7 glass fiber filter.
FLAB17,FLAB,4/13/00,SAMP,MON,SA,G,,0.1,,19,NITRITE-N,NO2,0.0002,T,,0.0002,,,0.00028,,,mg/L,3,N,A,FIU15871,,0,0,,,,,,25.042469,80.914819,,,FIU,FIU,,,,,,,,EPA353.2,,00615,,Sample Filtered with 0.7 glass fiber filter.
FLAB17,FLAB,5/30/00,SAMP,MON,SA,G,,0.1,,19,NITRITE-N,NO2,0.00028,U,,-0.00028,,,0.00028,,,mg/L,3,Y,A,FIU15873,,0,0,,,,,,25.042469,80.914819,,,FIU,FIU,,,,,,,,EPA353.2,,00615,,Sample Filtered with 0.7 glass fiber filter.
FLAB17,FLAB,6/20/00,SAMP,MON,SA,G,,0.1,,19,NITRITE-N,NO2,0.0003,T,,0.0003,,,0.00028,,,mg/L,3,N,A,FIU15875,,0,0,,,,,,25.042469,80.914819,,,FIU,FIU,,,,,,,,EPA353.2,,00615,,Sample Filtered with 0.7 glass fiber filter.
FLAB17,FLAB,7/20/00,SAMP,MON,SA,G,,0.1,,19,NITRITE-N,NO2,0.001,PMR,,0.001,,,0.0003,,,mg/L,3,N,A,FIU15877,,0,0,,,,,,25.042469,80.914819,,,FIU,FIU,,,,,,,,EPA353.2,,00615,,Sample Filtered with 0.7 glass fiber filter.
FLAB17,FLAB,8/29/00,SAMP,MON,SA,G,,0.1,,19,NITRITE-N,NO2,0.0005,PMR,,0.0005,,,0.0003,,,mg/L,3,N,A,FIU15879,,0,0,,,,,,25.042469,80.914819,,,FIU,FIU,,,,,,,,EPA353.2,,00615,,Sample Filtered with 0.7 glass fiber filter.
FLAB17,FLAB,9/28/00,SAMP,MON,SA,G,,0.1,,19,NITRITE-N,NO2,0.0015,PMR,,0.0015,,,0.0003,,,mg/L,3,N,A,FIU15881,,0,0,,,,,,25.042469,80.914819,,,FIU,FIU,,,,,,,,EPA353.2,,00615,,Sample Filtered with 0.7 glass fiber filter.
FLAB17,FLAB,10/26/00,SAMP,MON,SA,G,,0.1,,19,NITRITE-N,NO2,0.0006,PMR,,0.0006,,,0.0003,,,mg/L,3,N,A,FIU15883,,0,0,,,,,,25.042469,80.914819,,,FIU,FIU,,,,,,,,EPA353.2,,00615,,Sample Filtered with 0.7 glass fiber filter.
FLAB17,FLAB,11/30/00,SAMP,MON,SA,G,,0.1,,19,NITRITE-N,NO2,0.0009,PMR,,0.0009,,,0.0003,,,mg/L,3,N,A,FIU15885,,0,0,,,,,,25.042469,80.914819,,,FIU,FIU,,,,,,,,EPA353.2,,00615,,Sample Filtered with 0.7 glass fiber filter.
FLAB17,FLAB,12/11/00,SAMP,MON,SA,G,,0.1,,19,NITRITE-N,NO2,0.0005,PMR,,0.0005,,,0.0003,,,mg/L,3,N,A,FIU15887,,0,0,,,,,,25.042469,80.914819,,,FIU,FIU,,,,,,,,EPA353.2,,00615,,Sample Filtered with 0.7 glass fiber filter.
FLAB17,FLAB,1/25/01,SAMP,MON,SA,G,,0.1,,19,NITRITE-N,NO2,0.0005,PMR,,0.0005,,,0.0001,,,mg/L,3,N,A,FIU15889,,0,0,,,,,,25.042469,80.914819,,,FIU,FIU,,,,,,,,EPA353.2,,00615,,Sample Filtered with 0.7 glass fiber filter.
FLAB17,FLAB,2/21/01,SAMP,MON,SA,G,,0.1,,19,NITRITE-N,NO2,0.0004,PMR,,0.0004,,,0.0001,,,mg/L,3,N,A,FIU15891,,0,0,,,,,,25.042469,80.914819,,,FIU,FIU,,,,,,,,EPA353.2,,00615,,Sample Filtered with 0.7 glass fiber filter.
FLAB17,FLAB,3/6/01,SAMP,MON,SA,G,,0.1,,19,NITRITE-N,NO2,0.0007,PMR,,0.0007,,,0.0001,,,mg/L,3,N,A,FIU15893,,0,0,,,,,,25.042469,80.914819,,,FIU,FIU,,,,,,,,EPA353.2,,00615,,Sample Filtered with 0.7 glass fiber filter.
FLAB17,FLAB,4/3/01,SAMP,MON,SA,G,,0.1,,19,NITRITE-N,NO2,0.0007,PMR,,0.0007,,,0.0001,,,mg/L,3,N,A,FIU15895,,0,0,,,,,,25.042469,80.914819,,,FIU,FIU,,,,,,,,EPA353.2,,00615,,Sample Filtered with 0.7 glass fiber filter.
FLAB17,FLAB,5/2/01,SAMP,MON,SA,G,,0.1,,19,NITRITE-N,NO2,0.0021,PMR,,0.0021,,,0.0001,,,mg/L,3,N,A,FIU15897,,0,0,,,,,,25.042469,80.914819,,,FIU,FIU,,,,,,,,EPA353.2,,00615,,Sample Filtered with 0.7 glass fiber filter.
FLAB17,FLAB,6/5/01,SAMP,MON,SA,G,,0.1,,19,NITRITE-N,NO2,0.0013,PMR,,0.0013,,,0.0001,,,mg/L,3,N,A,FIU110790,,0,0,,,,,,25.042469,80.914819,,,FIU,FIU,,,,,,,,EPA353.2,,00615,,Sample Filtered with 0.7 glass fiber filter.
FLAB17,FLAB,7/12/01,SAMP,MON,SA,G,,0.1,,19,NITRITE-N,NO2,0.0011,PMR,,0.0011,,,0.0001,,,mg/L,3,N,A,FIU15899,,0,0,,,,,,25.042469,80.914819,,,FIU,FIU,,,,,,,,EPA353.2,,00615,,Sample Filtered with 0.7 glass fiber filter.
FLAB17,FLAB,8/14/01,SAMP,MON,SA,G,,0.1,,19,NITRITE-N,NO2,0.0008,PMR,,0.0008,,,0.0001,,,mg/L,3,N,A,FIU15901,,0,0,,,,,,25.042469,80.914819,,,FIU,FIU,,,,,,,,EPA353.2,,00615,,Sample Filtered with 0.7 glass fiber filter.
FLAB17,FLAB,9/5/01,SAMP,MON,SA,G,,0.1,,19,NITRITE-N,NO2,0.0009,PMR,,0.0009,,,0.0001,,,mg/L,3,N,A,FIU15903,,0,0,,,,,,25.042469,80.914819,,,FIU,FIU,,,,,,,,EPA353.2,,00615,,Sample Filtered with 0.7 glass fiber filter.
FLAB17,FLAB,10/23/01,SAMP,MON,SA,G,,0.1,,19,NITRITE-N,NO2,0.002,PMR,,0.002,,,0.0001,,,mg/L,3,N,A,FIU110504,,0,0,,,,,,25.042469,80.914819,,,FIU,FIU,,,,,,128017,11/2/01 0:00,EPA353.2,,00615,,Sample Filtered with 0.7 glass fiber filter.
FLAB17,FLAB,11/8/01,SAMP,MON,SA,G,,0.1,,19,NITRITE-N,NO2,0.0004,PMR,,0.0004,,,0.0001,,,mg/L,3,N,A,FIU110506,,0,0,,,,,,25.042469,80.914819,,,FIU,FIU,,,,,,129017,11/21/01 0:00,EPA353.2,,00615,,Sample Filtered with 0.7 glass fiber filter.
FLAB17,FLAB,12/3/01,SAMP,MON,SA,G,,0.1,,19,NITRITE-N,NO2,0.0007,PMR,Q,0.0007,,,0.0001,,,mg/L,3,N,A,FIU110508,,0,0,,,,,,25.042469,80.914819,,,FIU,FIU,,,,,,130017,2/4/02 0:00,EPA353.2,,00615,,OUT OF HOLDING TIME.  Sample Filtered with 0.7 glass fiber filter.
FLAB17,FLAB,1/29/02,SAMP,MON,SA,G,,0.1,,19,NITRITE-N,NO2,0.0007,,,0.0007,,,0.0001,,,mg/L,3,N,A,FIU113136,,0,0,,,,,,25.042469,80.914819,,,FIU,FIU,,,,,,131017,2/22/02 0:00,EPA353.2,,00615,,
FLAB17,FLAB,2/20/02,SAMP,MON,SA,G,,0.1,,19,NITRITE-N,NO2,0.0005,,,0.0005,,,0.0001,,,mg/L,3,N,A,FIU113138,,0,0,,,,,,25.042469,80.914819,,,FIU,FIU,,,,,,132017,3/26/02 0:00,EPA353.2,,00615,,
FLAB17,FLAB,3/19/02,SAMP,MON,SA,G,,0.1,,19,NITRITE-N,NO2,0.0009,,,0.0009,,,0.0001,,,mg/L,3,N,A,FIU113140,,0,0,,,,,,25.042469,80.914819,,,FIU,FIU,,,,,,133017,4/2/02 0:00,EPA353.2,,00615,,
FLAB17,FLAB,4/9/02,SAMP,MON,SA,G,,0.1,,19,NITRITE-N,NO2,0.0004,,,0.0004,,,0.0001,,,mg/L,3,N,A,134017,,0,0,,,,,,25.042469,80.914819,,,FIU,FIU,,,,,,134017,4/22/02 0:00,EPA353.2,,615,,
FLAB17,FLAB,5/15/02,SAMP,MON,SA,G,,0.1,,19,NITRITE-N,NO2,0.001,,,0.001,,,0.0003,,,mg/L,3,N,A,135017,,0,0,,,,,,25.042469,80.914819,,,FIU,FIU,,,,,,135017,5/30/02 10:54,EPA353.2,,615,,
FLAB17,FLAB,6/4/02,SAMP,MON,SA,G,,0.1,,19,NITRITE-N,NO2,0.0031,,,0.0031,,,0.0003,,,mg/L,3,N,A,136017,,0,0,,,,,,25.042469,80.914819,,,FIU,FIU,,,,,,136017,6/10/02 11:20,EPA353.2,,615,,
FLAB17,FLAB,7/11/02,SAMP,MON,SA,G,,0.1,,19,NITRITE-N,NO2,0.0008,,,0.0008,,,0.0003,0.0011,,mg/L,3,N,A,137017,,0,0,,,,,,25.042469,80.914819,,,FIU,FIU,,,,,,137017,7/18/02 10:26,EPA353.2,,615,,
FLAB17,FLAB,8/19/02,SAMP,MON,SA,G,,0.1,,19,NITRITE-N,NO2,0.0028,,,0.0028,,,0.0003,0.0011,,mg/L,3,N,A,138017,,0,0,,,,,,25.042469,80.914819,,,FIU,FIU,,,,,,138017,8/21/02 13:59,EPA353.2,,00615,,
FLAB17,FLAB,9/17/02,SAMP,MON,SA,G,,0.1,,19,NITRITE-N,NO2,0.0017,,,0.0017,,,0.0003,0.0011,,mg/L,3,N,A,139017,,0,0,,,,,,25.042469,80.914819,,,FIU,FIU,,,,,,139017,9/26/02 8:10,EPA353.2,,00615,,
FLAB17,FLAB,10/17/02,SAMP,MON,SA,G,,0.1,,19,NITRITE-N,NO2,0.0004,,,0.0004,,,0.0003,0.0011,,mg/L,3,N,A,140017,,0,0,,,,,,25.042469,80.914819,,,FIU,FIU,,,,,,140017,10/23/02 12:27,EPA353.2,,00615,,
FLAB17,FLAB,11/14/02,SAMP,MON,SA,G,,0.1,,19,NITRITE-N,NO2,0.0009,,,0.0009,,,0.0003,0.0011,,mg/L,3,N,A,141017,,0,0,,,,,,25.042469,80.914819,,,FIU,FIU,,,,,,141017,11/20/02 12:00,EPA353.2,,00615,,
FLAB17,FLAB,12/11/02,SAMP,MON,SA,G,,0.1,,19,NITRITE-N,NO2,0.0003,U,,-0.0003,,,0.0003,0.0011,,mg/L,3,Y,A,142017,,0,0,,,,,,25.042469,80.914819,,,FIU,FIU,,,,,,142017,12/16/02 13:57,EPA353.2,,00615,,
FLAB17,FLAB,1/28/03,SAMP,MON,SA,G,,0.1,,19,NITRITE-N,NO2,0.0016,,,0.0016,,,0.0003,0.0011,,mg/L,3,N,A,143017,,0,0,,,,,,25.042469,80.914819,,,FIU,FIU,,,,,,143017,1/30/03 14:34,EPA353.2,,00615,,
FLAB17,FLAB,2/25/03,SAMP,MON,SA,G,,0.1,,19,NITRITE-N,NO2,0.0008,I,I,0.0008,,,0.0003,0.0011,,mg/L,3,N,A,144017,,0,0,,,,,,25.042469,80.914819,,,FIU,FIU,,,,CA,,144017,2/27/03 13:25,EPA353.2,,00615,,
FLAB17,FLAB,3/13/03,SAMP,MON,SA,G,,0.1,,19,NITRITE-N,NO2,0.0006,I,I,0.0006,,,0.0003,0.0011,,mg/L,3,N,A,145017,,0,0,,,,,,25.042469,80.914819,,,FIU,FIU,,,,CA,,145017,3/19/03 13:44,EPA353.2,,00615,,
FLAB17,FLAB,4/9/03,SAMP,MON,SA,G,,0.1,,19,NITRITE-N,NO2,0.0007,I,,0.0007,,,0.0003,0.0011,,mg/L,3,N,A,146017,,0,0,,,,,,25.042469,80.914819,,,FIU,FIU,,,,,,146017,4/14/03 8:31,EPA353.2,,615,,
FLAB17,FLAB,5/8/03,SAMP,MON,SA,G,,0.1,,19,NITRITE-N,NO2,0.0005,I,,0.0005,,,0.0003,0.0011,,mg/L,3,N,A,147017,,0,0,,,,,,25.042469,80.914819,,,FIU,FIU,,,,,,147017,5/14/03 13:09,EPA353.2,,615,,
FLAB17,FLAB,6/10/03,SAMP,MON,SA,G,,0.1,,19,NITRITE-N,NO2,0.0004,I,,0.0004,,,0.0003,0.0011,,mg/L,3,N,A,148017,,0,0,,,,,,25.042469,80.914819,,,FIU,FIU,,,,,,148017,6/13/03 12:13,EPA353.2,,615,,
FLAB17,FLAB,7/1/03,SAMP,MON,SA,G,,0.1,,19,NITRITE-N,NO2,0.0007,,,0.0007,,,0.0003,0.0011,,mg/L,3,N,A,149017,,0,0,,,,,,25.042469,80.914819,,,FIU,FIU,,,,,,149017,7/8/03 10:36,EPA353.2,,615,,
FLAB17,FLAB,8/25/03,SAMP,MON,SA,G,,0.1,,19,NITRITE-N,NO2,0.0006,I,,0.0006,,,0.0003,0.0011,,mg/L,3,N,A,150017,,0,0,,,,,,25.042469,80.914819,,,FIU,FIU,,,,,,150017,9/17/03 13:15,EPA353.2,,615,,
FLAB17,FLAB,9/9/03,SAMP,MON,SA,G,,0.1,,19,NITRITE-N,NO2,0.0008,I,,0.0008,,,0.0003,0.0011,,mg/L,3,N,A,151017,,0,0,,,,,,25.042469,80.914819,,,FIU,FIU,,,,,,151017,9/26/03 10:28,EPA353.2,,615,,
FLAB17,FLAB,10/15/03,SAMP,MON,SA,G,,0.1,,19,NITRITE-N,NO2,0.0006,I,,0.0006,,,0.0003,0.0011,,mg/L,3,N,A,152017,,0,0,,,,,,25.042469,80.914819,,,FIU,FIU,,,,,,152017,11/3/03 11:21,EPA353.2,,615,,
FLAB17,FLAB,11/7/03,SAMP,MON,SA,G,,0.1,,19,NITRITE-N,NO2,0.0007,I,,0.0007,,,0.0003,0.0011,,mg/L,3,N,A,153017,,0,0,,,,,,25.042469,80.914819,,,FIU,FIU,,,,,,153017,11/17/03 13:20,EPA353.2,,615,,
FLAB17,FLAB,12/3/03,SAMP,MON,SA,G,,0.1,,19,NITRITE-N,NO2,0.0007,I,,0.0007,,,0.0003,0.0011,,mg/L,3,N,A,154017,,0,0,,,,,,25.042469,80.914819,,,FIU,FIU,,,,,,154017,12/15/03 15:07,EPA353.2,,615,,
FLAB17,FLAB,1/21/04,SAMP,MON,SA,G,,0.1,,19,NITRITE-N,NO2,0.0007,I,,0.0007,,,0.0003,0.0015,,mg/L,3,N,A,155017,,0,0,,,,,,25.042469,80.914819,,,FIU,FIU,,,,,,155017,1/28/04 8:43,EPA353.2,,615,,SAMPLE FILTERED WITH 0.7 GLASS FIBER FILTER.
FLAB17,FLAB,2/24/04,SAMP,MON,SA,G,,0.1,,19,NITRITE-N,NO2,0.0019,PMR,,0.0019,,,0.0003,0.0015,,mg/L,3,N,A,156017,,0,0,,,,,,25.042469,80.914819,,,FIU,FIU,,,,,,156017,2/27/04 12:41,EPA353.2,,615,,SAMPLE FILTERED WITH 0.7 GLASS FIBER FILTER.
FLAB17,FLAB,3/23/04,SAMP,MON,SA,G,,0.1,,19,NITRITE-N,NO2,0.0004,I,,0.0004,,,0.0003,0.0015,,mg/L,3,N,A,157017,,0,0,,,,,,25.042469,80.914819,,,FIU,FIU,,,,,,157017,3/29/04 10:43,EPA353.2,,615,,SAMPLE FILTERED WITH 0.7 GLASS FIBER FILTER.
FLAB17,FLAB,4/21/04,SAMP,MON,SA,G,,0.1,,19,NITRITE-N,NO2,0.0003,U,PMR,-0.0003,,,0.0003,0.0015,,mg/L,3,Y,A,158017,,0,0,,,,,,25.042469,80.914819,,,FIU,FIU,,,,,,158017,4/27/04 11:57,EPA353.2,,615,,SAMPLE FILTERED WITH 0.7 GLASS FIBER FILTER.
FLAB17,FLAB,5/21/04,SAMP,MON,SA,G,,0.1,,19,NITRITE-N,NO2,0.0005,I,PMR,0.0005,,,0.0003,0.0015,,mg/L,3,N,A,159017,,0,0,,,,,,25.042469,80.914819,,,FIU,FIU,,,,,,159017,5/26/04 10:26,EPA353.2,,615,,SAMPLE FILTERED WITH 0.7 GLASS FIBER FILTER.
FLAB17,FLAB,6/28/04,SAMP,MON,SA,G,,0.1,,19,NITRITE-N,NO2,0.0007,I,PMR,0.0007,,,0.0003,0.0015,,mg/L,3,N,A,160017,,0,0,,,,,,25.042469,80.914819,,,FIU,FIU,,,,,,160017,7/2/04 8:28,EPA353.2,,615,,SAMPLE FILTERED WITH 0.7 GLASS FIBER FILTER.
FLAB17,FLAB,7/27/04,SAMP,MON,SA,G,,0.1,,19,NITRITE-N,NO2,0.001,I,PMR,0.001,,,0.0003,0.0015,,mg/L,3,N,A,161017,,0,0,,,,,,25.042469,80.914819,,,FIU,FIU,,,,,,161017,8/4/04 10:25,EPA353.2,,615,,SAMPLE FILTERED WITH 0.7 GLASS FIBER FILTER.
FLAB17,FLAB,8/24/04,SAMP,MON,SA,G,,0.1,,19,NITRITE-N,NO2,0.0015,PMR,,0.0015,,,0.0003,0.0015,,mg/L,3,N,A,162017,,0,0,,,,,,25.042469,80.914819,,,FIU,FIU,,,,,,162017,8/31/04 14:41,EPA353.2,,615,,SAMPLE FILTERED WITH 0.7 GLASS FIBER FILTER.
FLAB17,FLAB,9/28/04,SAMP,MON,SA,G,,0.1,,19,NITRITE-N,NO2,0.001,I,PMR,0.001,,,0.0003,0.0015,,mg/L,3,N,A,163017,,0,0,,,,,,25.042469,80.914819,,,FIU,FIU,,,,,,163017,10/4/04 10:11,EPA353.2,,615,,SAMPLE FILTERED WITH 0.7 GLASS FIBER FILTER.
FLAB17,FLAB,10/26/04,SAMP,MON,SA,G,,0.1,,19,NITRITE-N,NO2,0.0004,I,PMR,0.0004,,,0.0003,0.0015,,mg/L,3,N,A,164017,,0,0,,,,,,25.042469,80.914819,,,FIU,FIU,,,,,,164017,11/1/04 14:22,EPA353.2,,615,,SAMPLE FILTERED WITH 0.7 GLASS FIBER FILTER.
FLAB17,FLAB,11/29/04,SAMP,MON,SA,G,,0.1,,19,NITRITE-N,NO2,0.0006,I,PMR,0.0006,,,0.0003,0.0015,,mg/L,3,N,A,165017,,0,0,,,,,,25.042469,80.914819,,,FIU,FIU,,,,,,165017,12/3/04 10:17,EPA353.2,,615,,SAMPLE FILTERED WITH 0.7 GLASS FIBER FILTER.
FLAB17,FLAB,12/14/04,SAMP,MON,SA,G,,0.1,,19,NITRITE-N,NO2,0.0008,I,PMR,0.0008,,,0.0003,0.0015,,mg/L,3,N,A,166017,,0,0,,,,,,25.042469,80.914819,,,FIU,FIU,,,,,,166017,12/20/04 12:50,EPA353.2,,615,,SAMPLE FILTERED WITH 0.7 GLASS FIBER FILTER.
FLAB17,FLAB,10/9/06,SAMP,MON,SA,G,,0,,19,NITRITE-N,NO2,0.0005338,"Y,I,V,J5,J",yes,0.00053,,1,0.00028,0.00224,,mg/L,3,N,A,FB188FB017FA,,0,0,,,,,,25.042469,80.914819,FIU,E76930,FIU,WMD,WMD,2,BA,CA,,AB64793,10/11/06 10:21,EPA 353.2,,613,,"V,LCS Recovery Outside of Control Limits. Exceded Batch Size Exceded Batch Size NELAC certified, DEP variance will be obtained by Dec 2008"
FLAB17,FLAB,10/9/06,SAMP,MON,SA,G,,0,,19,NITRITE-N,NO2,0.00028,"Y,U,J5,J",yes,-0.00028,,1,0.00028,0.00224,,mg/L,3,Y,A,FB188FB017FB,,0,0,,,,,,25.042469,80.914819,FIU,E76930,FIU,WMD,WMD,2,BA,CA,,AB64794,10/11/06 10:21,EPA 353.2,,613,,"Exceded Batch Size Exceded Batch Size NELAC certified, DEP variance will be obtained by Dec 2008 LCS Failure"
FLAB17,FLAB,11/7/06,SAMP,MON,SA,G,,0,,19,NITRITE-N,NO2,0.0003355,"Y,I,Q,J5,J",yes,0.00034,,1,0.00028,0.00224,,mg/L,3,N,A,FB189FB017FA,,0,0,,,,,,25.042469,80.914819,FIU,E76930,FIU,WMD,WMD,2,BA,CA,,AB70874,11/15/06 10:11,EPA 353.2,,613,,"Sampling to Analysis Holding Time Exceeded. Target analyte was found in EB;Exceded Batch Size Exceded Batch Size Frozen and Analyzed within 48 hours of thawing, 28 days max.:HT Over 191 h:NELAC certified, DEP variance will be obtained by Dec 2008"
FLAB17,FLAB,11/7/06,SAMP,MON,SA,G,,0,,19,NITRITE-N,NO2,0.0003018,"Y,I,Q,J5,J",yes,0.0003,,1,0.00028,0.00224,,mg/L,3,N,A,FB189FB017FB,,0,0,,,,,,25.042469,80.914819,FIU,E76930,FIU,WMD,WMD,2,BA,CA,,AB70875,11/15/06 10:11,EPA 353.2,,613,,"Sampling to Analysis Holding Time Exceeded. Target analyte was found in EB;Exceded Batch Size Exceded Batch Size Frozen and Analyzed within 48 hours of thawing, 28 days max.:HT Over 191 h:NELAC certified, DEP variance will be obtained by Dec 2008"
FLAB17,FLAB,12/3/06,SAMP,MON,SA,G,,0,,19,NITRITE-N,NO2,0.0006062,"Y,I,Q,V,J5,J",yes,0.00061,,1,0.00028,0.00224,,mg/L,3,N,A,FB190FB017FA,,0,0,,,,,,25.042469,80.914819,FIU,E76930,FIU,WMD,WMD,2,BA,CA,,ab72194,12/18/06 10:25,EPA 353.2,,613,,"V,Target analyte was found in EB. Sampling to Analysis Holding Time Exceeded. Exceded Batch Size Exceded Batch Size Frozen and Analyzed within 48 hours of thawing, 28 days max.:HT Over 359 h:NELAC certified, DEP variance will be obtained by Dec 2008"
FLAB17,FLAB,12/3/06,SAMP,MON,SA,G,,0,,19,NITRITE-N,NO2,0.0006207,"Y,I,Q,V,J5,J",yes,0.00062,,1,0.00028,0.00224,,mg/L,3,N,A,FB190FB017FB,,0,0,,,,,,25.042469,80.914819,FIU,E76930,FIU,WMD,WMD,2,BA,CA,,ab72195,12/18/06 10:25,EPA 353.2,,613,,"V, Sampling to Analysis Holding Time Exceeded. Exceded Batch Size Exceded Batch Size Frozen and Analyzed within 48 hours of thawing, 28 days max.:HT Over 359 h:NELAC certified, DEP variance will be obtained by Dec 2008"
FLAB17,FLAB,1/11/07,SAMP,MON,SA,G,,0,,19,NITRITE-N,NO2,0.000909,"A,Y,I,Q,V,J5,J",yes,0.00091,,1,0.00028,0.00224,,mg/L,3,N,A,FB191FB017FB,,0,0,,,,,,25.042469,80.914819,FIU,E76930,FIU,WMD,WMD,2,BA,CA,,ab74851,1/13/07 13:24,EPA 353.2,,613,,"V,Target analyte was found in EB. Sampling to Analysis Holding Time Exceeded. LCS Recovery Outside of Control Limits. Exceded Batch Size Exceded Batch Size Frozen and Analyzed within 48 hours of thawing, 28 days max.:HT Over 53 h:NELAC certified, DEP variance will be obtained by Dec 2008"
FLAB17,FLAB,1/11/07,SAMP,MON,SA,G,,0,,19,NITRITE-N,NO2,0.00124,"A,Y,I,Q,V,J5,J",yes,0.00124,,1,0.00028,0.00224,,mg/L,3,N,A,FB191FB017FA,,0,0,,,,,,25.042469,80.914819,FIU,E76930,FIU,WMD,WMD,2,BA,CA,,ab74850,1/13/07 13:24,EPA 353.2,,613,,"V,Target analyte was found in EB. Sampling to Analysis Holding Time Exceeded. LCS Recovery Outside of Control Limits. Exceded Batch Size Exceded Batch Size Frozen and Analyzed within 48 hours of thawing, 28 days max.:HT Over 53 h:NELAC certified, DEP variance will be obtained by Dec 2008"
FLAB17,FLAB,2/7/07,SAMP,MON,SA,G,,0,,19,NITRITE-N,NO2,0.0002845,"A,Y,I,V,J5,J",yes,0.00028,,1,0.00028,0.00224,,mg/L,3,N,A,FB192FB017FA,,0,0,,,,,,25.042469,80.914819,FIU,E76930,FIU,WMD,WMD,2,BA,CA,,AB76748,2/9/07 9:18,EPA 353.2,,613,,"V,Target analyte was found in EB;Exceded Batch Size Exceded Batch Size NELAC certified, DEP variance will be obtained by Dec 2008"
FLAB17,FLAB,2/7/07,SAMP,MON,SA,G,,0,,19,NITRITE-N,NO2,0.0003517,"A,Y,I,V,J5,J",yes,0.00035,,1,0.00028,0.00224,,mg/L,3,N,A,FB192FB017FB,,0,0,,,,,,25.042469,80.914819,FIU,E76930,FIU,WMD,WMD,2,BA,CA,,AB76749,2/9/07 9:18,EPA 353.2,,613,,"V;Exceded Batch Size Exceded Batch Size NELAC certified, DEP variance will be obtained by Dec 2008"
FLAB17,FLAB,3/12/07,SAMP,MON,SA,G,,0,,19,NITRITE-N,NO2,0.000309,"A,Y,I,Q,V,J5,J",yes,0.00031,,1,0.00028,0.00224,,mg/L,3,N,A,FB193FB017FB,,0,0,,,,,,25.042469,80.914819,FIU,E76930,FIU,WMD,WMD,2,BA,CA,,AB77999,3/19/07 11:06,EPA 353.2,,613,,"V,Target analyte was found in EB. Sampling to Analysis Holding Time Exceeded. Exceded Batch Size Exceded Batch Size Frozen and Analyzed within 48 hours of thawing, 28 days max.:HT Over 167 h:NELAC certified, DEP variance will be obtained by Dec 2008"
FLAB17,FLAB,3/12/07,SAMP,MON,SA,G,,0,,19,NITRITE-N,NO2,0.0005536,"A,Y,I,Q,V,J5,J",yes,0.00055,,1,0.00028,0.00224,,mg/L,3,N,A,FB193FB017FA,,0,0,,,,,,25.042469,80.914819,FIU,E76930,FIU,WMD,WMD,2,BA,CA,,AB77998,3/19/07 11:06,EPA 353.2,,613,,"V,Target analyte was found in EB. Sampling to Analysis Holding Time Exceeded. Exceded Batch Size Exceded Batch Size Frozen and Analyzed within 48 hours of thawing, 28 days max.:HT Over 167 h:NELAC certified, DEP variance will be obtained by Dec 2008"
FLAB17,FLAB,4/3/07,SAMP,MON,SA,G,,0,,19,NITRITE-N,NO2,0.0003032,"Y,I,Q,V,J5,J",yes,0.0003,,1,0.00028,0.00224,,mg/L,3,N,A,FB194FB017FA,,0,0,,,,,,25.042469,80.914819,FIU,E76930,FIU,WMD,WMD,2,BA,CA,,AB79023,4/10/07 10:25,EPA 353.2,,613,,"V,Target analyte was found in EB. Sampling to Analysis Holding Time Exceeded. Exceded Batch Size Frozen and Analyzed within 48 hours of thawing, 28 days max.:HT Over 168 h:NELAC certified, DEP variance will be obtained by Dec 2008"
FLAB17,FLAB,4/3/07,SAMP,MON,SA,G,,0,,19,NITRITE-N,NO2,0.0009406,"Y,I,Q,V,J5,J",yes,0.00094,,1,0.00028,0.00224,,mg/L,3,N,A,FB194FB017FB,,0,0,,,,,,25.042469,80.914819,FIU,E76930,FIU,WMD,WMD,2,BA,CA,,AB79024,4/10/07 10:25,EPA 353.2,,613,,"V,Target analyte was found in EB. Sampling to Analysis Holding Time Exceeded. Exceded Batch Size Frozen and Analyzed within 48 hours of thawing, 28 days max.:HT Over 168 h:NELAC certified, DEP variance will be obtained by Dec 2008"
FLAB17,FLAB,5/1/07,SAMP,MON,SA,G,,0,,19,NITRITE-N,NO2,0.000351,"Y,I,Q,V,J5,J",yes,0.00035,,1,0.00028,0.00224,,mg/L,3,N,A,FB195FB017FB,,0,0,,,,,,25.042469,80.914819,FIU,E76930,FIU,WMD,WMD,2,BA,CA,,AB82085,5/9/07 10:18,EPA 353.2,,613,,"V, Sampling to Analysis Holding Time Exceeded. Exceded Batch Size Exceded Batch Size Frozen and Analyzed within 48 hours of thawing, 28 days max.:HT Over 189 h:NELAC certified, DEP variance will be obtained by Dec 2008"
FLAB17,FLAB,5/1/07,SAMP,MON,SA,G,,0,,19,NITRITE-N,NO2,0.0007447,"Y,I,Q,V,J5,J",yes,0.00074,,1,0.00028,0.00224,,mg/L,3,N,A,FB195FB017FA,,0,0,,,,,,25.042469,80.914819,FIU,E76930,FIU,WMD,WMD,2,BA,CA,,AB82084,5/9/07 10:18,EPA 353.2,,613,,"V, Sampling to Analysis Holding Time Exceeded. Exceded Batch Size Exceded Batch Size Frozen and Analyzed within 48 hours of thawing, 28 days max.:HT Over 189 h:NELAC certified, DEP variance will be obtained by Dec 2008"
FLAB17,FLAB,6/6/07,SAMP,MON,SA,G,,0,,19,NITRITE-N,NO2,0.0006035,"Y,I,Q,V,J5,J",yes,0.0006,,1,0.00028,0.00224,,mg/L,3,N,A,FB196FB017FA,,0,0,,,,,,25.042469,80.914819,FIU,E76930,FIU,WMD,WMD,2,BA,CA,,AB83983,6/12/07 9:16,EPA 353.2,,613,,"V, Sampling to Analysis Holding Time Exceeded. Exceded Batch Size Exceded Batch Size Frozen and Analyzed within 48 hours of thawing, 28 days max.:HT Over 140 h:NELAC certified, DEP variance will be obtained by Dec 2008"
FLAB17,FLAB,6/6/07,SAMP,MON,SA,G,,0,,19,NITRITE-N,NO2,0.0009541,"Y,I,Q,V,J5,J",yes,0.00095,,1,0.00028,0.00224,,mg/L,3,N,A,FB196FB017FB,,0,0,,,,,,25.042469,80.914819,FIU,E76930,FIU,WMD,WMD,2,BA,CA,,AB83984,6/12/07 9:16,EPA 353.2,,613,,"V,Target analyte was found in EB. Sampling to Analysis Holding Time Exceeded. Exceded Batch Size Exceded Batch Size Frozen and Analyzed within 48 hours of thawing, 28 days max.:HT Over 140 h:NELAC certified, DEP variance will be obtained by Dec 2008"
FLAB17,FLAB,7/3/07,SAMP,MON,SA,G,,0,,19,NITRITE-N,NO2,0.000389,"A,I,J,Y",yes,0.00039,,1,0.00028,0.00224,,mg/L,3,N,A,FB197FB017FA,,0,0,,,,,,25.042469,80.914819,FIU,E76930,FIU,WMD,WMD,2,BA,CA,,AB85562,7/9/07 8:41,EPA 353.2,,613,,"V, Sampling to Analysis Holding Time Exceeded."
FLAB17,FLAB,7/3/07,SAMP,MON,SA,G,,0,,19,NITRITE-N,NO2,0.000371,"A,I,J,Y",yes,0.00037,,1,0.00028,0.00224,,mg/L,3,N,A,FB197FB017FB,,0,0,,,,,,25.042469,80.914819,FIU,E76930,FIU,WMD,WMD,2,BA,CA,,AB85563,7/9/07 8:41,EPA 353.2,,613,,Sampling to Analysis Holding Time Exceeded. V;
FLAB17,FLAB,8/7/07,SAMP,MON,SA,G,,0,,19,NITRITE-N,NO2,0.000565,"A,I,J,Y",yes,0.00056,,1,0.00028,0.00224,,mg/L,3,N,A,FB198FB017FB,,0,0,,,,,,25.042469,80.914819,FIU,E76930,FIU,WMD,WMD,2,BA,CA,,AB89020,8/14/07 11:54,EPA 353.2,,613,,Sampling to Analysis Holding Time Exceeded. V;
FLAB17,FLAB,8/7/07,SAMP,MON,SA,G,,0,,19,NITRITE-N,NO2,0.000657,"A,I,J,Y",yes,0.00066,,1,0.00028,0.00224,,mg/L,3,N,A,FB198FB017FA,,0,0,,,,,,25.042469,80.914819,FIU,E76930,FIU,WMD,WMD,2,BA,CA,,AB89019,8/14/07 11:54,EPA 353.2,,613,,Sampling to Analysis Holding Time Exceeded. V;
FLAB17,FLAB,9/5/07,SAMP,MON,SA,G,,0,,19,NITRITE-N,NO2,0.000934,"A,I,J,Y",yes,0.00093,,1,0.00028,0.00224,,mg/L,3,N,A,FB199FB017FB,,0,0,,,,,,25.042469,80.914819,FIU,E76930,FIU,WMD,WMD,2,BA,CA,,AB90691,9/18/07 10:06,EPA 353.2,,613,,"V, Sampling to Analysis Holding Time Exceeded."
FLAB17,FLAB,9/5/07,SAMP,MON,SA,G,,0,,19,NITRITE-N,NO2,0.000937,"A,I,J,Y",yes,0.00094,,1,0.00028,0.00224,,mg/L,3,N,A,FB199FB017FA,,0,0,,,,,,25.042469,80.914819,FIU,E76930,FIU,WMD,WMD,2,BA,CA,,AB90690,9/18/07 10:06,EPA 353.2,,613,,Sampling to Analysis Holding Time Exceeded. V;
FLAB17,FLAB,10/4/07,SAMP,MON,SA,G,,0,,19,NITRITE-N,NO2,0.0009477,"A,Y,I,Q,V,J5,J",yes,0.00095,,1,0.00028,0.00224,,mg/L,3,N,A,FB200FB017,,0,0,,,,,,25.042469,80.914819,FIU,E76930,FIU,WMD,WMD,2,BA,CA,,AB92293,10/11/07 9:30,EPA 353.2,,613,,"Sampling to Analysis Holding Time Exceeded. Target analyte was found in FB,V;Exceded Batch Size Frozen and Analyzed within 48 hours of thawing, 28 days max.:HT Over 164 h:NELAC certified, DEP variance will be obtained by Dec 2008; filtered through 0.7 microns"
FLAB17,FLAB,11/6/07,SAMP,MON,SA,G,,0,,19,NITRITE-N,NO2,0.0009801,"A,Y,I,Q,V,J5,J",yes,0.00098,,1,0.00028,0.00224,,mg/L,3,N,A,FB201FB017,,0,0,,,,,,25.042469,80.914819,FIU,E76930,FIU,WMD,WMD,2,BA,CA,,AB93887,11/15/07 8:54,EPA 353.2,,613,,"V, Sampling to Analysis Holding Time Exceeded. Exceded Batch Size Frozen and Analyzed within 48 hours of thawing, 28 days max.:HT Over 214 h:NELAC certified, DEP variance will be obtained by Dec 2008; filtered through 0.7 microns"
FLAB17,FLAB,12/7/07,SAMP,MON,SA,G,,0,,19,NITRITE-N,NO2,0.0007914,"A,Y,I,Q,V,J5,J",yes,0.00079,,1,0.00028,0.00224,,mg/L,3,N,A,FB202FB017,,0,0,,,,,,25.042469,80.914819,FIU,E76930,FIU,WMD,WMD,2,BA,CA,,AB94305,12/18/07 10:35,EPA 353.2,,613,,"Sampling to Analysis Holding Time Exceeded. V;Exceded Batch Size Frozen and Analyzed within 48 hours of thawing, 28 days max.:HT Over 265 h:NELAC certified, DEP variance will be obtained by Dec 2008; filtered through 0.7 microns"
FLAB17,FLAB,1/9/08,SAMP,MON,SA,G,,0,,19,NITRITE-N,NO2,0.0007915,"Y,I,Q,J5,J",yes,0.00079,,1,0.00056,0.00224,,mg/L,3,N,A,FB203FB017,,0,0,,,,,,25.042469,80.914819,FIU,E76930,FIU,WMD,WMD,2,BA,CA,,AB95216,1/18/08 9:42,EPA 353.2,,613,,"Sampling to Analysis Holding Time Exceeded. Exceded Batch Size Frozen and Analyzed within 48 hours of thawing, 28 days max.:HT Over 216 h:NELAC certified, DEP variance will be obtained by Aug 2008"
FLAB17,FLAB,1/9/08,SAMP,MON,SA,G,,0,,19,NITRITE-N,NO2,0.00056,"Y,U,?",yes,-0.00056,,1,0.00056,0.00224,,mg/L,3,Y,A,FB203FB017B,,0,0,,,,,,25.042469,80.914819,FIU,E76930,FIU,WMD,WMD,2,BA,CA,,AB95216_B,1/18/08 9:42,EPA 353.2,,613,Measurements done close to the bottom.,"Sampling to Analysis Holding Time Exceeded. NELAC certified, DEP variance will be obtained by Aug 2008"
FLAB17,FLAB,2/8/08,SAMP,MON,SA,G,,0,,19,NITRITE-N,NO2,0.0008495,"Y,I,Q,J5,J",yes,0.00085,,1,0.00056,0.00224,,mg/L,3,N,A,FB204FB017,,0,0,,,,,,25.042469,80.914819,FIU,E76930,FIU,WMD,WMD,2,BA,CA,,AB95732,2/15/08 7:33,EPA 353.2,,613,,"Sampling to Analysis Holding Time Exceeded. Exceded Batch Size Frozen and Analyzed within 48 hours of thawing, 28 days max.:HT Over 164 h:NELAC certified, DEP variance will be obtained by Aug 2008"
FLAB17,FLAB,2/8/08,SAMP,MON,SA,G,,0,,19,NITRITE-N,NO2,0.0009663,"Y,I,J",yes,0.00097,,1,0.00056,0.00224,,mg/L,3,N,A,FB204FB017B,,0,0,,,,,,25.042469,80.914819,FIU,E76930,FIU,WMD,WMD,2,BA,CA,,AB95732_B,2/15/08 7:33,EPA 353.2,,613,Measurements done close to the bottom.,"Sampling to Analysis Holding Time Exceeded. NELAC certified, DEP variance will be obtained by Aug 2008"
FLAB17,FLAB,3/5/08,SAMP,MON,SA,G,,0,,19,NITRITE-N,NO2,0.00056,"Y,U,Q,?",yes,-0.00056,,1,0.00056,0.00224,,mg/L,3,Y,A,FB205FB017,,0,0,,,,,,25.042469,80.914819,FIU,E76930,FIU,WMD,WMD,2,BA,CA,,AB95979,3/17/08 11:39,EPA 353.2,,613,,"Sampling to Analysis Holding Time Exceeded. Frozen and Analyzed within 48 hours of thawing, 28 days max.:HT Over 289 h:NELAC certified, DEP variance will be obtained by Aug 2008"
FLAB17,FLAB,3/5/08,SAMP,MON,SA,G,,0,,19,NITRITE-N,NO2,0.00056,"Y,U,?",yes,-0.00056,,1,0.00056,0.00224,,mg/L,3,Y,A,FB205FB017B,,0,0,,,,,,25.042469,80.914819,FIU,E76930,FIU,WMD,WMD,2,BA,CA,,AB95979_B,3/17/08 11:39,EPA 353.2,,613,Measurements done close to the bottom.,"Sampling to Analysis Holding Time Exceeded. NELAC certified, DEP variance will be obtained by Aug 2008"
FLAB17,FLAB,4/2/08,SAMP,MON,SA,G,,0,,19,NITRITE-N,NO2,0.0007107,"I,Y",yes,0.00071,,1,0.00056,0.00224,,mg/L,3,N,A,FB206FB017,,0,0,,,,,,25.042469,80.914819,FIU,E76930,FIU,WMD,WMD,2,BA,CA,4/2/08 11:20,AB96549,4/3/08 9:49,EPA 353.2,,613,,"NELAC certified, DEP variance will be obtained by Aug 2008"
FLAB17,FLAB,4/2/08,SAMP,MON,SA,G,,0,,19,NITRITE-N,NO2,0.0006672,"I,Y",yes,0.00067,,1,0.00056,0.00224,,mg/L,3,N,A,FB206FB017B,,0,0,,,,,,25.042469,80.914819,FIU,E76930,FIU,WMD,WMD,2,BA,CA,4/2/08 11:22,AB96549_B,4/3/08 9:49,EPA 353.2,,613,Measurements done close to the bottom.,"NELAC certified, DEP variance will be obtained by Aug 2008"
FLAB17,FLAB,5/7/08,SAMP,MON,SA,G,,0,,19,NITRITE-N,NO2,0.0008147,"I,Y",yes,0.00081,,1,0.00056,0.00224,,mg/L,3,N,A,FB207FB017,,0,0,,,,,,25.042469,80.914819,FIU,E76930,FIU,WMD,WMD,2,BA,CA,5/7/08 11:43,AB97312,5/9/08 8:22,EPA 353.2,,613,,"NELAC certified, DEP variance will be obtained by Aug 2008"
FLAB17,FLAB,5/7/08,SAMP,MON,SA,G,,0,,19,NITRITE-N,NO2,0.0005714,"I,Y",yes,0.00057,,1,0.00056,0.00224,,mg/L,3,N,A,FB207FB017B,,0,0,,,,,,25.042469,80.914819,FIU,E76930,FIU,WMD,WMD,2,BA,CA,5/7/08 11:45,AB97312_B,5/9/08 8:22,EPA 353.2,,613,Measurements done close to the bottom.,"NELAC certified, DEP variance will be obtained by Aug 2008"
FLAB17,FLAB,6/4/08,SAMP,MON,SA,G,,0,,19,NITRITE-N,NO2,0.000701,"I,Q,Y,J",yes,0.0007,,1,0.00056,0.00224,,mg/L,3,N,A,FB208FB017,,0,0,,,,,,25.042469,80.914819,FIU,E76930,FIU,WMD,WMD,2,BA,CA,6/4/08 13:21,AB97876,6/7/08 12:10,EPA 353.2,,613,,"Sampling to Analysis Holding Time Exceeded. Frozen and Analyzed within 48 hours of thawing, 28 days max.:HT Over 71 h:NELAC certified, DEP variance will be obtained by Aug 2008"
FLAB17,FLAB,6/4/08,SAMP,MON,SA,G,,0,,19,NITRITE-N,NO2,0.0007494,"I,Y,J",yes,0.00075,,1,0.00056,0.00224,,mg/L,3,N,A,FB208FB017B,,0,0,,,,,,25.042469,80.914819,FIU,E76930,FIU,WMD,WMD,2,BA,CA,6/4/08 13:23,AB97876_B,6/7/08 12:10,EPA 353.2,,613,Measurements done close to the bottom.,"Sampling to Analysis Holding Time Exceeded. NELAC certified, DEP variance will be obtained by Aug 2008"
FLAB17,FLAB,1/6/09,SAMP,MON,SA,G,,0.5,,19,NITRITE-N,NO2,0.002,U,,-0.002,,1,0.002,0.008,0.002,mg/L,3,Y,A,P42962-9,,1,2,,,1.6,,,25.042469,80.914819,FWEC,E46077,WMD,WMD,WMD,2,BA,NO,1/7/09 10:35,16141009,1/7/09 12:33,SM4500NO3F,,00615,Clear calm waters.  Little to no chop and very light winds.  Sample clear with no visable solids.,
FLAB17,FLAB,2/10/09,SAMP,MON,SA,G,,0.5,,19,NITRITE-N,NO2,0.002,U,,-0.002,,1,0.002,0.008,0.002,mg/L,3,Y,A,P42977-6,,1,1,,,1.3,,,25.042469,80.914819,FWEC,E46077,WMD,WMD,WMD,2,BA,NO,2/11/09 10:38,16156006,2/11/09 14:54,SM4500NO3F,,00615,Calming windsc and light chop.  Sample clear.,
FLAB17,FLAB,3/10/09,SAMP,MON,SA,G,,0.5,,19,NITRITE-N,NO2,0.002,U,,-0.002,,1,0.002,0.008,0.002,mg/L,3,Y,A,P43360-6,,1,2,,,1.4,,,25.042469,80.914819,FWEC,E46077,WMD,WMD,WMD,2,BA,NO,3/11/09 11:10,16637006,3/11/09 14:30,SM4500NO3F,,00615,Calming winds and a light chop.  Sample clear.,
FLAB17,FLAB,4/14/09,SAMP,MON,SA,G,,0.5,,19,NITRITE-N,NO2,0.002,I,,0.002,,1,0.002,0.008,0.002,mg/L,3,N,A,P43537-6,,1,3,,,1.7,,,25.042469,80.914819,FWEC,E46077,WMD,WMD,WMD,2,BA,NO,4/15/09 9:58,16858006,4/15/09 10:27,SM4500NO3F,,00615,calm seas and calm conditions.  Sample clear.,
FLAB17,FLAB,5/12/09,SAMP,MON,SA,G,,0.5,,19,NITRITE-N,NO2,0.002,U,,-0.002,,1,0.002,0.008,0.002,mg/L,3,Y,A,P43934-6,,1,3,,,1.9,,,25.042469,80.914819,FWEC,E46077,WMD,WMD,WMD,2,BA,NO,5/13/09 9:57,17325006,5/13/09 14:48,SM4500NO3F,,00615,Calm and clear.  Extremely salty with salinity near 50 ppt.,
FLAB17,FLAB,6/9/09,SAMP,MON,SA,G,,0.5,,19,NITRITE-N,NO2,0.002,U,,-0.002,,1,0.002,0.008,0.002,mg/L,3,Y,A,P43949-6,,1,2,,,1.9,,,25.042469,80.914819,FWEC,E46077,WMD,WMD,WMD,2,BA,NO,6/10/09 9:57,17342006,6/10/09 12:49,SM4500NO3F,,00615,Clear and very calm.  Sample clear of solids.  Good deal of plant matter (broken seagrass) observed floating on water column.,
FLAB17,FLAB,7/8/09,SAMP,MON,SA,G,,0.5,,19,NITRITE-N,NO2,0.002,U,,-0.002,,1,0.002,0.008,0.002,mg/L,3,Y,A,P44581-6,,1,1,,,1.5,,,25.042469,80.914819,FWEC,E46077,WMD,WMD,WMD,2,BA,NO,7/9/09 9:52,18188020,7/9/09 15:39,SM4500NO3F,,00615,"Sample clear with no visible solids.   SECCHI ON BOTTOM.  Calm conditions, clear skies, sunny.",
FLAB17,FLAB,8/11/09,SAMP,MON,SA,G,,0.5,,19,NITRITE-N,NO2,0.002,U,,-0.002,,1,0.002,0.008,0.002,mg/L,3,Y,A,P44608-6,,1,3,,,1.7,,,25.042469,80.914819,FWEC,E46077,WMD,WMD,WMD,2,BA,NO,8/12/09 10:59,18222020,8/12/09 12:15,SM4500NO3F,,00615,"Samole very light yellow, with low solids.   SECCHI ON BOTTOM.  Water calm, seagrass floating in water. Overcast, temperature high 80's degrees F.",
FLAB17,FLAB,9/9/09,SAMP,MON,SA,G,,0.5,,19,NITRITE-N,NO2,0.002,U,,-0.002,,1,0.002,0.008,0.002,mg/L,3,Y,A,P45420-6,,1,1,,,1.7,,,25.042469,80.914819,FWEC,E46077,WMD,WMD,WMD,2,BA,NO,9/10/09 12:15,19265006,9/10/09 14:41,SM4500NO3F,,00615,"Sample pale yellow with no visible solids. Light outgoing flow. SECCHI ON BOTTOM. Less than 0.5' chop, with winds 5-10 mph. Seagrass observed floating on water's surface.",
FLAB17,FLAB,10/6/09,SAMP,MON,SA,G,,0.5,,19,NITRITE-N,NO2,0.002,U,,-0.002,,1,0.002,0.008,0.002,mg/L,3,Y,A,P45904-6,,1,3,,,1.6,,,25.042469,80.914819,FWEC,E46077,WMD,WMD,WMD,2,BA,NO,10/7/09 13:03,19876006,10/7/09 15:26,SM4500NO3F,,00615,"Sample clear, no visible solids.  Low flow, light chop.   SECCHI ON BOTTOM. Some seagrass floating on water surface.",
FLAB17,FLAB,11/3/09,SAMP,MON,SA,G,,0.5,,19,NITRITE-N,NO2,0.002,I,,0.002,,1,0.002,0.008,0.002,mg/L,3,N,A,P46182-6,,1,1,,,1.5,,,25.042469,80.914819,FWEC,E46077,WMD,WMD,WMD,2,BA,NO,11/4/09 12:09,20231006,11/4/09 15:22,SM4500NO3F,,00615,"Sample pale yellow with no visible solids. SECCHI ON BOTTOM. Low flow. Calm conditions, no chop.",
FLAB17,FLAB,12/2/09,SAMP,MON,SA,G,,0.5,m,19,NITRITE-N,NO2,0.002,U,,-0.002,,1,0.002,0.008,0.002,mg/L,3,Y,A,P46550-6,,1,3,,,,,,25.042469,80.914819,FWEC,E46077,WMD,WMD,WMD,2,BA,NO,12/3/09 10:22,20734006,12/3/09 16:12,SM4500NO3F,,00615,Sample pale yellow with no visible solids. Low flow. SECCHI ON BOTTOM. 1' chop with winds approx. 20 mph. FCEB taken at this station.,
FLAB17,FLAB,1/6/10,SAMP,MON,SA,G,,0.5,m,19,NITRITE-N,NO2,0.002,U,,-0.002,,1,0.002,0.008,0.002,mg/L,3,Y,A,P46791-7,,1,1,,,,,,25.042469,80.914819,FWEC,E46077,WMD,WMD,WMD,2,BA,NO,1/7/10 10:50,21029007,1/7/10 11:32,SM4500NO3F,,00615,"Sample clear, no visible solids.  Calm water, minimal chop.  Low flow.  Winds 10-15mph.   SECCHI ON BOTTOM.",
FLAB17,FLAB,2/3/10,SAMP,MON,SA,G,,0.5,m,19,NITRITE-N,NO2,0.002,U,,-0.002,,1,0.002,0.008,0.002,mg/L,3,Y,A,P47181-6,,1,1,,,,,,25.042469,80.914819,FWEC,E46077,WMD,WMD,WMD,2,BA,NO,2/4/10 9:49,21663006,2/4/10 11:10,SM4500NO3F,,00615,"Sample pale yellow, with low solids.  Low flow, light chop.  Winds 5-10mph.   SECCHI ON BOTTOM.",
FLAB17,FLAB,3/2/10,SAMP,MON,SA,G,,0.5,m,19,NITRITE-N,NO2,0.002,U,,-0.002,,1,0.002,0.008,0.002,mg/L,3,Y,A,P47470-6,,1,6,,,,,,25.042469,80.914819,FWEC,E46077,WMD,WMD,WMD,2,BA,NO,3/3/10 10:29,22044006,3/3/10 15:47,SM4500NO3F,,00615,"Sample pale green, with low solids.  Low flow.  2-3 foot seas, choppy.  Winds 20-30mph.  Heavy rain.   SECCHI ON BOTTOM.",
FLAB17,FLAB,4/7/10,SAMP,MON,SA,G,,0.5,m,19,NITRITE-N,NO2,0.002,U,,-0.002,,1,0.002,0.008,0.002,mg/L,3,Y,A,P47826-6,,1,1,,,,,,25.042469,80.914819,FWEC,E46077,WMD,WMD,WMD,2,BA,NO,4/8/10 11:08,22508006,4/8/10 15:26,SM4500NO3F,,00615,Sample pale yellow with low suspended solids. Low flow with slight chop up to 1' and 15 mph winds. SECCHI ON BOTTOM.,
FLAB17,FLAB,5/5/10,SAMP,MON,SA,G,,0.5,m,19,NITRITE-N,NO2,0.002,I,,0.002,,1,0.002,0.008,0.002,mg/L,3,N,A,P48079-6,,1,2,,,,,,25.042469,80.914819,FWEC,E46077,WMD,WMD,WMD,2,BA,NO,5/6/10 9:54,22815006,5/6/10 14:47,SM4500NO3F,,00615,Sample if pale yellow with no visible soilds present. Low flow with minimal chop less than 1' and variable winds of 4-7 mph. SECCHI ON BOTTOM.,
FLAB17,FLAB,6/2/10,SAMP,MON,SA,G,,0.5,m,19,NITRITE-N,NO2,0.002,U,,-0.002,,1,0.002,0.008,0.002,mg/L,3,Y,A,P48377-8,,1,1,,,,,,25.042469,80.914819,FWEC,E46077,WMD,WMD,WMD,2,BA,NO,6/3/10 10:48,23191008,6/3/10 15:37,SM4500NO3F,,00615,comments too long see field notes,
FLAB17,FLAB,7/7/10,SAMP,MON,SA,G,,0.5,m,19,NITRITE-N,NO2,0.002,U,,-0.002,,1,0.002,0.008,0.002,mg/L,3,Y,A,P48677-8,,1,1,,,,,,25.042469,80.914819,FWEC,E46077,WMD,WMD,WMD,2,BA,NO,7/8/10 12:00,23534008,7/8/10 16:55,SM4500NO3F,,00615,Sample is light yellow with low suspended solids present. Low flow with light chop up to 6 inches and light variable winds from 3 to 5 mph. SECCHI ON BOTTOM.,
FLAB17,FLAB,8/4/10,SAMP,MON,SA,G,,0.5,m,19,NITRITE-N,NO2,0.002,U,,-0.002,,1,0.002,0.008,0.002,mg/L,3,Y,A,P48891-8,,1,3,,,,,,25.042469,80.914819,FWEC,E46077,WMD,WMD,WMD,2,BA,NO,8/5/10 9:58,23828008,8/5/10 14:40,SM4500NO3F,,00615,Sample is light yellow with low suspended solids present. Low flow with variable 8 to 11 mph winds from the east north east. SECCHI ON BOTTOM.,
FLAB17,FLAB,9/8/10,SAMP,MON,SA,G,,0.5,m,19,NITRITE-N,NO2,0.002,U,,-0.002,,1,0.002,0.008,0.002,mg/L,3,Y,A,P49169-8,,1,1,,,,,,25.042469,80.914819,FWEC,E46077,WMD,WMD,WMD,2,BA,NO,9/9/10 11:06,24183008,9/9/10 14:23,SM4500NO3F,,00615,Sample is pale yellow with low suspended solids present. Low flow with chop and swell up to 2.5 feet with gusty variable winds from the east at 12 to 20 mph with gusts to 25 mph. SECCHI ON BOTTOM.,
FLAB17,FLAB,10/6/10,SAMP,MON,SA,G,,0.5,m,19,NITRITE-N,NO2,0.002,U,,-0.002,,1,0.002,0.008,0.002,mg/L,3,Y,A,P49626-8,,1,1,,,,,,25.042469,80.914819,FWEC,E46077,WMD,WMD,WMD,2,BA,NO,10/7/10 10:30,24781008,10/7/10 15:15,SM4500NO3F,,00615,Sample is pale yellow with low suspended solids present. Low flow with chop up to 2 feet with swells up to 2.5 feet and very strong gusty winds from the north north east at 12 to 25 mph with gusts to 30 mph. SECCHI ON BOTTOM.,
FLAB17,FLAB,11/4/10,SAMP,MON,SA,G,,0.5,m,19,NITRITE-N,NO2,0.002,U,,-0.002,,1,0.002,0.008,0.002,mg/L,3,Y,A,P50068-8,,1,2,,,,,,25.042469,80.914819,FWEC,E46077,WMD,WMD,WMD,2,BA,NO,11/5/10 8:08,25356008,11/5/10 14:59,SM4500NO3F,,00615,Sample is pale yellow with no visible suspended solids present. Low flow with chop up to 6 inches with variable winds from the southwest at 4 to 8 mph. SECCHI ON BOTTOM.,
FLAB17,FLAB,12/8/10,SAMP,MON,SA,G,,0.5,m,19,NITRITE-N,NO2,0.002,U,,-0.002,,1,0.002,0.008,0.002,mg/L,3,Y,A,P50472-8,,1,1,,,,,,25.042469,80.914819,FWEC,E46077,WMD,WMD,WMD,2,BA,NO,12/9/10 9:57,25853008,12/9/10 12:50,SM4500NO3F,,00615,Sample is pale green with low suspended solids present. Low flow with chop and swell up to 1.5 feet with constant winds from the north north west at 7 to 8 mph. Very cold air temp with clear sunny skies. SECCHI ON BOTTOM.,
FLAB17,FLAB,2/16/11,SAMP,MON,SA,G,,0.5,m,19,NITRITE-N,NO2,0.002,U,,-0.002,,1,0.002,0.008,0.002,mg/L,3,Y,A,P50935-8,,0,2,,,,,,25.042469,80.914819,WMD,E46077,WMD,WMD,WMD,2,BA,NO,2/17/11 10:03,26502008,2/17/11 16:34,SM4500NO3F,,00615,,
FLAB17,FLAB,3/22/11,SAMP,MON,SA,G,,0.5,m,19,NITRITE-N,NO2,0.002,U,,-0.002,,1,0.002,0.008,0.002,mg/L,3,Y,A,P51525-8,,1,1,,,,,,25.042469,80.914819,FWEC,E46077,WMD,WMD,WMD,2,BA,NO,3/23/11 10:39,27308008,3/23/11 15:50,SM4500NO3F,,00615,Sample is pale green with low suspended solids present. Low flow with chop up to 1.5 feet and variable  east winds at 8 to 13 mph. SECCHI ON BOTTOM,
FLAB17,FLAB,4/12/11,SAMP,MON,SA,G,,0.5,m,19,NITRITE-N,NO2,0.003,I,,0.003,,1,0.002,0.008,0.002,mg/L,3,N,A,P52303-8,,1,2,,,,,,25.042469,80.914819,FWEC,E46077,WMD,WMD,WMD,2,BA,NO,4/13/11 11:39,28413008,4/13/11 13:48,SM4500NO3F,,00615,"Sample light green, low flow, wind 5-10mph SE,  SECCHI ON BOTTOM.",
FLAB17,FLAB,5/10/11,SAMP,MON,SA,G,,0.5,m,19,NITRITE-N,NO2,0.002,I,,0.002,,1,0.002,0.008,0.002,mg/L,3,N,A,P52304-8,,1,1,,,,,,25.042469,80.914819,FWEC,E46077,WMD,WMD,WMD,2,BA,NO,5/11/11 10:10,28414008,5/11/11 14:14,SM4500NO3F,,00615,"Sample pale green.  Low flow.  Calm water, no chop.  Wind 3-5mph.   SECCHI ON BOTTOM.",
FLAB17,FLAB,6/8/11,SAMP,MON,SA,G,,0.5,m,19,NITRITE-N,NO2,0.002,U,,-0.002,,1,0.002,0.008,0.002,mg/L,3,Y,A,P52305-8,,1,3,,,,,,25.042469,80.914819,FWEC,E46077,WMD,WMD,WMD,2,BA,NO,6/9/11 9:58,28415008,6/9/11 16:16,SM4500NO3F,,00615,WARNING: Time exceeds +/- 1 Hour(s).,
FLAB17,FLAB,7/6/11,SAMP,MON,SA,G,,0.5,m,19,NITRITE-N,NO2,0.002,U,,-0.002,,1,0.002,0.004,0.002,mg/L,3,Y,A,P52306-8,,1,6,,,,,,25.042469,80.914819,FWEC,E46077,WMD,WMD,WMD,2,BA,NO,7/7/11 10:24,28416008,7/7/11 14:19,SM4500NO3F,,00615,Sample is pale green with low suspended solids. Low flow with light chop up to 12 inches and winds from the north at 8 to 15 mph with rain and very overcast. SECCHI ON BOTTOM.,
FLAB17,FLAB,8/9/11,SAMP,MON,SA,G,,0.5,m,19,NITRITE-N,NO2,0.002,U,,-0.002,,1,0.002,0.004,0.002,mg/L,3,Y,A,P53437-7,,1,3,,,,,,25.042469,80.914819,FWEC,E46077,WMD,WMD,WMD,2,BA,NO,8/10/11 10:17,29868007,8/10/11 14:49,SM4500NO3F,,00615,Sample is clear with no visible solids present. Low to moderate flow with chop up to 1.5 feet and 5 to 8 mph winds from the southwest. SECCHI ON BOTTOM,
FLAB17,FLAB,9/7/11,SAMP,MON,SA,G,,0.5,m,19,NITRITE-N,NO2,0.002,I,,0.002,,1,0.002,0.004,0.002,mg/L,3,N,A,P53438-7,,0,1,,,,,,25.042469,80.914819,FWEC,E46077,WMD,WMD,WMD,2,BA,NO,9/8/11 10:29,29869007,9/8/11 14:08,SM4500NO3F,,00615,Sample is pale green with no visible suspended solids present. Low current with light chop up to 6 inches and variable winds from the south south east at 6 to 10 mph. SECCHI ON BOTTOM.,
FLAB17,FLAB,10/11/11,SAMP,MON,SA,G,,0.5,m,19,NITRITE-N,NO2,0.002,U,,-0.002,,1,0.002,0.004,0.002,mg/L,3,Y,A,P53439-7,,0,2,,,,,,25.042469,80.914819,WMD,E46077,WMD,WMD,WMD,2,BA,NO,10/12/11 10:23,29870007,10/12/11 13:39,SM4500NO3F,,00615,"Wind and seas calm, flood tide,  SECCHI ON BOTTOM.",
FLAB17,FLAB,12/13/11,SAMP,MON,SA,G,,0.5,m,19,NITRITE-N,NO2,0.002,U,,-0.002,,1,0.002,0.004,0.002,mg/L,3,Y,A,P54066-5,,0,3,,,,,,25.042469,80.914819,WMD,E46077,WMD,WMD,WMD,2,BA,NO,12/14/11 10:48,30605005,12/14/11 14:21,SM4500NO3F,,00615,"Wind N 18-20, seas 1 ft,  SECCHI ON BOTTOM, slack tide",
FLAB17,FLAB,2/7/12,SAMP,MON,SA,G,,0.5,m,19,NITRITE-N,NO2,0.002,U,,-0.002,,1,0.002,0.004,0.002,mg/L,3,Y,A,P55307-5,,0,3,,,,,,25.042469,80.914819,WMD,E46077,WMD,WMD,WMD,2,BA,NO,2/8/12 11:46,32255005,2/8/12 14:38,SM4500NO3F,,00615,"Wind and seas calm, ebb tide,  SECCHI ON BOTTOM.",
FLAB17,FLAB,4/11/12,SAMP,MON,SA,G,,0.5,m,19,NITRITE-N,NO2,0.002,U,,-0.002,,1,0.002,0.004,0.002,mg/L,3,Y,A,P55314-5,,0,2,,,,,,25.042469,80.914819,WMD,E46077,WMD,WMD,WMD,2,BA,NO,4/12/12 10:52,32262005,4/12/12 14:39,SM4500NO3F,,00615,"Wind and seas calm, ebb tide,  SECCHI ON BOTTOM.",
FLAB17,FLAB,6/6/12,SAMP,MON,SA,G,,0.5,m,19,NITRITE-N,NO2,0.002,U,,-0.002,,1,0.002,0.004,0.002,mg/L,3,Y,A,P55930-5,,0,4,,,,,,25.042469,80.914819,WMD,E46077,WMD,WMD,WMD,2,BA,NO,6/6/12 16:39,33113005,6/7/12 14:15,SM4500NO3F,,00615,"SECCHI ON BOTTOM. Light winds, less than 5kts out of the S. Light chop on the water.",
FLAB17,FLAB,8/20/12,SAMP,MON,SA,G,,0.5,m,19,NITRITE-N,NO2,0.002,U,,-0.002,+/- 0.002,1,0.002,0.004,0.002,mg/L,3,Y,A,P56206-5,,0,2,,,,,,25.042469,80.914819,WMD,E46077,WMD,WMD,WMD,2,PD,NO,8/21/12 9:01,33465005,8/21/12 13:53,SM4500NO3F,,00615,Calm conditions with almost no breeze.  Slack tide.  Flat calm conditions.   SECCHI ON BOTTOM.  Good amount of dead grass floating on surface.,
FLAB17,FLAB,10/15/12,SAMP,MON,SA,G,,0.5,m,19,NITRITE-N,NO2,0.002,U,,-0.002,+/- 0.002,1,0.002,0.004,0.002,mg/L,3,Y,A,P56210-5,,0,2,,,,,,25.042469,80.914819,WMD,E46077,WMD,WMD,WMD,2,BA,NO,10/16/12 7:44,33469005,10/16/12 11:19,SM4500NO3F,,00615,Calm conditions.  Slight flood tide.   SECCHI ON BOTTOM.,
FLAB17,FLAB,12/13/12,SAMP,MON,SA,G,,0.5,m,19,NITRITE-N,NO2,0.002,U,,-0.002,,1,0.002,0.004,0.002,mg/L,3,Y,A,P56855-5,,0,1,,,,,,25.042469,80.914819,WMD,E46077,WMD,WMD,WMD,2,BA,NO,12/13/12 15:05,34310005,12/14/12 14:13,SM4500NO3F,,00615,"Calm wind, calm seas, very low current.   SECCHI ON BOTTOM.",
FLAB17,FLAB,2/12/13,SAMP,MON,SA,G,,0.5,m,19,NITRITE-N,NO2,0.002,U,,-0.002,+/- 0.002,1,0.002,0.004,0.002,mg/L,3,Y,A,P61815-8,,0,1,,,,,,25.042469,80.914819,WMD,E46077,WMD,WMD,WMD,2,PD,NO,2/12/13 16:39,39394008,2/13/13 14:54,SM4500NO3F,,00615,SECCHI ON BOTTOM. S wind approx 10 kt. Light chop on surface. Weak current.,
FLAB17,FLAB,4/22/13,SAMP,MON,SA,G,,0.5,m,19,NITRITE-N,NO2,0.002,U,,-0.002,+/- 0.002,1,0.002,0.004,0.002,mg/L,3,Y,A,P61816-8,,0,4,,,,,,25.042469,80.914819,WMD,E46077,WMD,WMD,WMD,2,PD,NO,4/23/13 10:11,39395008,4/23/13 11:36,SM4500NO3F,,00615,"SE winds 10-15 kts, seas less than 1 ft. SECCHI ON BOTTOM",
FLAB17,FLAB,6/11/13,SAMP,MON,SA,G,,0.5,m,19,NITRITE-N,NO2,0.002,U,,-0.002,+/- 0.002,1,0.002,0.004,0.002,mg/L,3,Y,A,P63878-8,,0,6,,,,,,25.042469,80.914819,WMD,E46077,WMD,WMD,WMD,2,PD,NO,6/11/13 16:12,40693008,6/12/13 15:13,SM4500NO3F,,615,"rain, sample processed in protected area, southeast winds 5-10, slight ripple, secchi on bottom",
FLAB17,FLAB,8/6/13,SAMP,MON,SA,G,,0.5,m,19,NITRITE-N,NO2,0.002,U,,-0.002,+/- 0.002,1,0.002,0.004,0.002,mg/L,3,Y,A,P63879-8,,0,3,,,,,,25.042469,80.914819,WMD,E46077,WMD,WMD,WMD,2,PD,NO,8/6/13 16:02,40694008,8/7/13 13:22,SM4500NO3F,,00615,SECCHI ON BOTTOM. Nearly calm wind. Ripples on surface. No current observed. Patches of grass on surface.,
FLAB17,FLAB,11/21/13,SAMP,MON,SA,G,,0.5,m,19,NITRITE-N,NO2,0.002,U,,-0.002,+/- 0.002,1,0.002,0.004,0.002,mg/L,3,Y,A,P67402-5,,0,2,,,,,,25.042469,80.914819,WMD,E46077,WMD,WMD,WMD,2,PD,NO,11/21/13 15:12,43581005,11/22/13 13:38,SM4500NO3F,,00615,"Rippled surface, NE wind 5-10. SECCHI ON BOTTOM",
FLAB17,FLAB,12/16/13,SAMP,MON,SA,G,,0.5,m,19,NITRITE-N,NO2,0.002,U,,-0.002,+/- 0.002,1,0.002,0.004,0.002,mg/L,3,Y,A,P67403-5,,0,4,,,,,,25.042469,80.914819,WMD,E46077,WMD,WMD,WMD,2,PD,NO,12/17/13 10:57,43582005,12/17/13 13:36,SM4500NO3F,,615,"moderate chop on surface, 0.5ft, SAV clippings floating on surface near sampling area, secchi on bottom",
FLAB17,FLAB,2/18/14,SAMP,MON,SA,G,,0.5,m,19,NITRITE-N,NO2,0.002,U,,-0.002,+/- 0.002,1,0.002,0.004,0.002,mg/L,3,Y,A,P70121-5,,0,2,,,,,,25.042469,80.914819,WMD,E46077,WMD,WMD,WMD,2,PD,NO,2/18/14 15:33,45275005,2/19/14 13:58,SM4500NO3F,,00615,,
FLAB17,FLAB,4/15/14,SAMP,MON,SA,G,,0.5,m,19,NITRITE-N,NO2,0.002,U,,-0.002,+/- 0.002,1,0.002,0.004,0.002,mg/L,3,Y,A,P70122-5,,0,1,,,,,,25.042469,80.914819,WMD,E46077,WMD,WMD,WMD,2,PD,NO,4/15/14 15:40,45276005,4/16/14 11:45,SM4500NO3F,,615,Winds out of the SSE 15 kts. Slight chop. SECCHI ON BOTTOM,
FLAB17,FLAB,6/25/14,SAMP,MON,SA,G,,0.5,m,19,NITRITE-N,NO2,0.002,U,,-0.002,+/- 0.002,1,0.002,0.004,0.002,mg/L,3,Y,A,P71698-5,,0,1,,,,,,25.042469,80.914819,WMD,E46077,WMD,WMD,WMD,2,PD,NO,6/25/14 15:10,46558005,6/25/14 15:57,SM4500NO3F,,00615,"Calm, N wind 5-10. SECCHI ON BOTTOM",
FLAB17,FLAB,8/21/14,SAMP,MON,SA,G,,0.5,m,19,NITRITE-N,NO2,0.002,U,,-0.002,+/- 0.002,1,0.002,0.004,0.002,mg/L,3,Y,A,P72711-5,,0,2,,,,,,25.042469,80.914819,WMD,E46077,WMD,WMD,WMD,2,PD,NO,8/21/14 16:21,46929005,8/22/14 11:19,SM4500NO3F,,615,SECCHI ON BOTTOM,
FLAB17,FLAB,10/28/14,SAMP,MON,SA,G,,0.9,m,19,NITRITE-N,NO2,0.002,U,,-0.002,+/- 0.002,1,0.002,0.004,0.002,mg/L,3,Y,A,P74732-5,,0,1,,,,,,25.042469,80.914819,WMD,E46077,WMD,WMD,WMD,2,PD,NO,10/28/14 16:11,48704005,10/29/14 13:57,SM4500NO3F,,00615,Light wave action. Winds out of the ESE 12-17kts. SECCHI ON BOTTOM,
FLAB17,FLAB,12/9/14,SAMP,MON,SA,G,,0.5,m,19,NITRITE-N,NO2,0.002,U,,-0.002,+/- 0.002,1,0.002,0.004,0.002,mg/L,3,Y,A,P74734-5,,0,4,,,,,,25.042469,80.914819,WMD,E46077,WMD,WMD,WMD,2,PD,NO,12/9/14 16:50,48706005,12/10/14 12:45,SM4500NO3F,,00615,"Winds out of the N, 7-10kts. 0.5ft wave action. SECCHI ON BOTTOM",
FLAB17,FLAB,2/4/15,SAMP,MON,SA,G,,0.5,m,19,NITRITE-N,NO2,0.002,U,,-0.002,+/- 0.002,1,0.002,0.004,0.002,mg/L,3,Y,A,P74733-5,,0,2,,,,,,25.042469,80.914819,WMD,E46077,WMD,WMD,WMD,2,PD,NO,2/4/15 14:25,48705005,2/4/15 15:26,SM4500NO3F,,00615,"NE winds 10kts, light chop, scattered sea grass floating on surface,  SECCHI ON BOTTOM.",
FLAB17,FLAB,4/1/15,SAMP,MON,SA,G,,0.5,m,19,NITRITE-N,NO2,0.002,U,,-0.002,+/- 0.002,1,0.002,0.004,0.002,mg/L,3,Y,A,P74735-5,,0,1,,,,,,25.042469,80.914819,WMD,E46077,WMD,WMD,WMD,2,PD,NO,4/2/15 9:51,48707005,4/2/15 13:44,SM4500NO3F,,615,SOB. Light winds out of the SE 5 kts. Water very clear.,
FLAB17,FLAB,6/2/15,SAMP,MON,SA,G,,0.5,m,19,NITRITE-N,NO2,0.002,U,,-0.002,+/- 0.002,1,0.002,0.004,0.002,mg/L,3,Y,A,P75564-5,,0,4,,,,,,25.042469,80.914819,WMD,E46077,WMD,WMD,WMD,2,PD,NO,6/2/15 15:50,49262005,6/3/15 14:22,SM4500NO3F,,00615,"Incoming tide, light east winds, very overcast. Small amount of loose seagrass on surface. Secchi on bottom.",
FLAB17,FLAB,8/11/15,SAMP,MON,SA,G,,0.5,m,19,NITRITE-N,NO2,0.002,U,,-0.002,+/- 0.002,1,0.002,0.004,0.002,mg/L,3,Y,A,P78616-5,,0,2,,,,,,25.042469,80.914819,WMD,E46077,WMD,WMD,WMD,2,PD,NO,8/12/15 8:03,51802005,8/12/15 11:32,SM4500NO3F,,00615,"Light winds from the South, minor surface chop. Moderate amount of floating loose sea grass. Secchi on bottom. Slack tide.",
FLAB17,FLAB,10/12/15,SAMP,MON,SA,G,,0.5,m,19,NITRITE-N,NO2,0.002,U,,-0.002,+/- 0.002,1,0.002,0.004,0.002,mg/L,3,Y,A,P80850-5,,0,2,,,,,,25.042469,80.914819,WMD,E46077,WMD,WMD,WMD,2,PD,NO,10/13/15 8:50,53673005,10/13/15 12:18,SM4500NO3F,,00615,"Slack tide, seas less than 1ft, light west wind, light amount of loose floating vegetation, secchi on bottom.",
FLAB17,FLAB,1/26/16,SAMP,MON,SA,G,,0.5,m,19,NITRITE-N,NO2,0.002,U,,-0.002,+/- 0.002,1,0.002,0.004,0.002,mg/L,3,Y,A,P82417-5,,0,1,,,,,,25.042469,80.914819,WMD,E46077,WMD,WMD,WMD,2,PD,NO,1/26/16 18:05,54966005,1/27/16 14:21,SM4500NO3F,,615,Slight chop on surface. Winds SE 15-20.,
FLAB17,FLAB,2/23/16,SAMP,MON,SA,G,,0.5,m,19,NITRITE-N,NO2,0.002,U,,-0.002,+/- 0.002,1,0.002,0.004,0.002,mg/L,3,Y,A,P82933-5,,0,2,,,,,,25.042469,80.914819,WMD,E46077,WMD,WMD,WMD,2,PD,NO,2/23/16 16:54,55401005,2/24/16 14:50,SM4500NO3F,,615,SOB. Winds out of the SSE 7 to 10 kts. Light wave action.,
FLAB17,FLAB,4/6/16,SAMP,MON,SA,G,,0.5,m,19,NITRITE-N,NO2,0.002,U,,-0.002,+/- 0.002,1,0.002,0.004,0.002,mg/L,3,Y,A,P83566-5,,0,3,,,,,,25.042469,80.914819,WMD,E46077,WMD,WMD,WMD,2,PD,NO,4/6/16 16:44,55992005,4/7/16 15:50,SM4500NO3F,,615,SOB. Winds out of the E 15 to 17 kts. Light wave action.,
FLAB17,FLAB,6/29/16,SAMP,MON,SA,G,,0.5,m,19,NITRITE-N,NO2,0.002,U,,-0.002,+/- 0.002,1,0.002,0.004,0.002,mg/L,3,Y,A,P84316-8,,0,2,,,,,,25.042469,80.914819,WMD,E46077,WMD,WMD,WMD,2,PD,NO,6/29/16 15:54,56588008,6/30/16 13:46,SM4500NO3F,,00615,"slight ripple, east wind 5-10, some vegetation on surface, secchi on bottom, no flow observed",
FLAB17,FLAB,9/14/16,SAMP,MON,SA,G,,0.5,m,19,NITRITE-N,NO2,0.002,U,,-0.002,+/- 0.002,1,0.002,0.004,0.002,mg/L,3,Y,A,P84637-5,,0,1,,,,,,25.042469,80.914819,WMD,E46077,WMD,WMD,WMD,2,PD,NO,9/14/16 16:16,56879005,9/15/16 12:55,SM4500NO3F,,615,"calm water surface, some floating vegetation on surface, sample collected in a clear area, calm winds, secchi on bottom",
FLAB17,FLAB,11/15/16,SAMP,MON,SA,G,,0.5,m,19,NITRITE-N,NO2,0.002,I,,0.002,+/- 0.002,1,0.002,0.004,0.002,mg/L,3,N,A,P86135-5,,0,2,,,,,,25.042469,80.914819,WMD,E46077,WMD,WMD,WMD,2,PD,NO,11/15/16 16:36,58227005,11/16/16 13:55,SM4500NO3F,,615,"North winds 10-15kts, moderate chop, light amount of loose sea grass on surface. Secchi on bottom.",
FLAB17,FLAB,12/14/16,SAMP,MON,SA,G,,0.5,m,19,NITRITE-N,NO2,0.002,I,,0.002,+/- 0.002,1,0.002,0.004,0.002,mg/L,3,N,A,P86764-5,,0,1,,,,,,25.042469,80.914819,WMD,E46077,WMD,WMD,WMD,2,PD,NO,12/14/16 17:13,58612005,12/15/16 13:15,SM4500NO3F,,615,"calm wind, calm water, some SAV floating on surface in sampling area, secchi on bottom, no current observed",
FLAB17,FLAB,2/9/17,SAMP,MON,SA,G,,0.5,m,19,NITRITE-N,NO2,0.002,U,,-0.002,+/- 0.002,1,0.002,0.004,0.002,mg/L,3,Y,A,P87698-5,,0,1,,,,,,25.042469,80.914819,WMD,E46077,WMD,WMD,WMD,2,PD,NO,2/9/17 18:47,59451005,2/10/17 11:54,SM4500NO3F,,00615,Wind 10 - 15 MPH. Moderate amount of sea grass on the surface. Light chop. Secchi on bottom.,
FLAB17,FLAB,4/24/17,SAMP,MON,SA,G,,0.5,m,19,NITRITE-N,NO2,0.002,U,,-0.002,+/- 0.002,1,0.002,0.004,0.002,mg/L,3,Y,A,P87828-5,,0,1,,,,,,25.042469,80.914819,WMD,E46077,WMD,WMD,WMD,2,PD,NO,4/24/17 15:27,59589005,4/25/17 13:16,SM4500NO3F,,615,"seaweed floating on surface of water, light winds",
FLAB17,FLAB,7/26/17,SAMP,MON,SA,G,,0.5,m,19,NITRITE-N,NO2,0.002,U,,-0.002,+/- 0.002,1,0.002,0.004,0.002,mg/L,3,Y,A,P88719-5,,0,0,,,,,,25.042469,80.914819,WMD,E46077,WMD,WMD,WMD,2,PD,NO,7/26/17 16:55,60389005,7/27/17 12:53,SM4500NO3F,,00615,"East winds 10kts, seas less than 1ft, moderate amount of loose grass and seaweed floating on surface, secchi on bottom.",
FLAB17,FLAB,8/22/17,SAMP,MON,SA,G,,0.5,m,19,NITRITE-N,NO2,0.002,U,,-0.002,+/- 0.002,1,0.002,0.004,0.002,mg/L,3,Y,A,P89177-5,,0,0,,,,,,25.042469,80.914819,WMD,E46077,WMD,WMD,WMD,2,PD,NO,8/22/17 15:45,60817005,8/23/17 12:36,SM4500NO3F,,00615,"Light winds, seas less than 1 ft, light amount of loose sea grass and sargassum floating on surface. Secchi on bottom.",
FLAB17,FLAB,10/16/17,SAMP,MON,SA,G,,0.5,m,19,NITRITE-N,NO2,0.002,U,,-0.002,+/- 0.002,1,0.002,0.004,0.002,mg/L,3,Y,A,P90590-5,,0,0,,,,,,25.042469,80.914819,WMD,E46077,WMD,WMD,WMD,2,PD,NO,10/16/17 17:31,62122005,10/17/17 14:33,SM4500NO3F,,00615,"Sample area clear.  Water was a little cloudy, but bottom still visible.  Secchi on bottom.  Sample collected by NH.",
FLAB17,FLAB,12/19/17,SAMP,MON,SA,G,,0.5,m,19,NITRITE-N,NO2,0.003,I,,0.003,+/- 0.002,1,0.002,0.004,0.002,mg/L,3,N,A,P91157-5,,0,0,,,,,,25.042469,80.914819,WMD,E46077,WMD,WMD,WMD,2,PD,NO,12/19/17 19:25,62573005,12/20/17 15:20,SM4500NO3F,,615,Secchi is VOB,
FLAB17,FLAB,2/15/18,SAMP,MON,SA,G,,0.5,m,19,NITRITE-N,NO2,0.004,,,0.004,+/- 0.002,1,0.002,0.004,0.002,mg/L,3,N,A,P92110-5,,0,0,,,,,,25.042469,80.914819,WMD,E46077,WMD,WMD,WMD,2,PD,NO,2/15/18 22:01,63446005,2/16/18 9:37,SM4500NO3F,,615,,
FLAB17,FLAB,4/12/18,SAMP,MON,SA,G,,0.5,m,19,NITRITE-N,NO2,0.004,,,0.004,+/- 0.002,1,0.002,0.004,0.002,mg/L,3,N,A,P92870-5,,0,0,,,,,,25.042469,80.914819,WMD,E46077,WMD,WMD,WMD,2,PD,NO,4/13/18 7:36,64062005,4/13/18 8:40,SM4500NO3F,,00615,Out going tide observed.,
FLAB17,FLAB,6/12/18,SAMP,MON,SA,G,,0.5,m,19,NITRITE-N,NO2,0.002,U,,-0.002,+/- 0.002,1,0.002,0.004,0.002,mg/L,3,Y,A,P93692-5,,0,0,,,,,,25.042469,80.914819,WMD,E46077,WMD,WMD,WMD,2,PD,NO,6/12/18 17:52,64893005,6/13/18 13:59,SM4500NO3F,,00615,SOB.,
FLAB17,FLAB,8/9/18,SAMP,MON,SA,G,,0.5,m,19,NITRITE-N,NO2,0.002,U,,-0.002,+/- 0.002,1,0.002,0.004,0.002,mg/L,3,Y,A,P94933-5,,0,0,,,,,,25.042469,80.914819,WMD,E46077,WMD,WMD,WMD,2,PD,NO,8/10/18 6:52,65965005,8/10/18 11:28,SM4500NO3F,,00615,Secchi on bottom. Lots of dead veg floating in water. Avoided during collection.,
FLAB17,FLAB,10/22/18,SAMP,MON,SA,G,,0.5,m,19,NITRITE-N,NO2,0.002,U,,-0.002,+/- 0.002,1,0.002,0.004,0.002,mg/L,3,Y,A,P95253-5,,0,0,,,,,,25.042469,80.914819,WMD,E46077,WMD,WMD,WMD,2,PD,NO,10/23/18 8:12,66265005,10/23/18 10:58,SM4500NO3F,,615,Sample area clear.  Non-Visible solids.  Sample collected by EW.,
FLAB17,FLAB,12/17/18,SAMP,MON,SA,G,,0.5,m,19,NITRITE-N,NO2,0.002,U,,-0.002,+/- 0.002,1,0.002,0.004,0.002,mg/L,3,Y,A,P96720-9,,0,0,,,,,,25.042469,80.914819,WMD,E46077,WMD,WMD,WMD,2,BA,NO,12/18/18 8:19,67436009,12/18/18 14:34,SM4500NO3F,,00615,,
FLAB17,FLAB,2/18/19,SAMP,MON,SA,G,,0.5,m,19,NITRITE-N,NO2,0.002,I,,0.002,+/- 0.002,1,0.002,0.004,0.002,mg/L,3,N,A,P103094-6,,0,0,,,,,,25.042469,80.914819,WMD,E46077,WMD,WMD,WMD,2,BA,NO,2/19/19 9:40,69909006,2/20/19 10:08,SM4500NO3F,,615,Sample area clear.  Secchi Depth was 0.5m.  Light solids in sample.  Sample collected by EW.,
FLAB17,FLAB,4/3/19,SAMP,MON,SA,G,,0.5,m,19,NITRITE-N,NO2,0.002,I,,0.002,+/- 0.002,1,0.002,0.004,0.002,mg/L,3,N,A,P103838-6,,0,0,,,,,,25.042469,80.914819,WMD,E46077,WMD,WMD,WMD,2,BA,NO,4/3/19 15:29,70216006,4/4/19 14:01,SM4500NO3F,,615,Secchi on bottom,
FLAB17,FLAB,7/15/19,SAMP,MON,SA,G,,0.5,m,19,NITRITE-N,NO2,0.002,I,,0.002,+/- 0.002,1,0.002,0.004,0.002,mg/L,3,N,A,P106399-6,,0,0,,,,,,25.042469,80.914819,WMD,E46077,WMD,WMD,WMD,2,BA,NO,7/15/19 16:09,71313006,7/16/19 13:23,SM4500NO3F,,00615,,
FLAB17,FLAB,8/12/19,SAMP,MON,SA,G,,0.5,m,19,NITRITE-N,NO2,0.002,U,,-0.002,+/- 0.002,1,0.002,0.004,0.002,mg/L,3,Y,A,P109218-6,,0,0,,,,,,25.042469,80.914819,WMD,E46077,WMD,WMD,WMD,2,BA,NO,8/13/19 9:55,72387006,8/14/19 11:15,SM4500NO3F,,00615,,
FLAB17,FLAB,10/9/19,SAMP,MON,SA,G,,0.5,m,19,NITRITE-N,NO2,0.002,U,,-0.002,+/- 0.002,1,0.002,0.004,0.002,mg/L,3,Y,A,P109906-6,,0,0,,,,,,25.042469,80.914819,WMD,E46077,WMD,WMD,WMD,2,BA,NO,10/10/19 10:16,72728006,10/10/19 13:42,SM4500NO3F,,615,,
FLAB17,FLAB,1/28/20,SAMP,MON,SA,G,,0.5,m,19,NITRITE-N,NO2,0.002,U,,-0.002,+/- 0.002,1,0.002,0.004,0.002,mg/L,3,Y,A,P110695-6,,0,0,,,,,,25.042469,80.914819,WMD,E46077,WMD,WMD,WMD,2,BA,NO,1/28/20 16:21,73093006,1/29/20 11:45,SM4500NO3F,,00615,,
FLAB17,FLAB,2/5/20,SAMP,MON,SA,G,,0.5,m,19,NITRITE-N,NO2,0.002,"U,Q",yes,-0.002,+/- 0.002,1,0.002,0.004,0.002,mg/L,3,Y,A,P110717-6,,0,0,,,,,,25.042469,80.914819,WMD,E46077,WMD,WMD,WMD,2,BA,NO,2/6/20 11:55,73112006,2/7/20 14:21,SM4500NO3F,,615,Secchi on bottom.,Analysis done after the approved holding time
FLAB17,FLAB,4/7/20,SAMP,MON,SA,G,,0.5,m,19,NITRITE-N,NO2,0.002,U,,-0.002,+/- 0.002,1,0.002,0.004,0.002,mg/L,3,Y,A,P110711-6,,0,0,,,,,,25.042469,80.914819,WMD,E46077,WMD,WMD,WMD,2,BA,NO,4/7/20 16:09,73106006,4/8/20 13:01,SM4500NO3F,,00615,Sample area clear.  Solids were Non Visible.  Secchi on bottom.  Sample collected by EW.,
FLAB17,FLAB,6/17/20,SAMP,MON,SA,G,,0.5,m,19,NITRITE-N,NO2,0.002,U,,-0.002,+/- 0.002,1,0.002,0.004,0.002,mg/L,3,Y,A,P110907-6,,0,0,,,,,,25.042469,80.914819,WMD,E46077,WMD,WMD,WMD,2,BA,NO,6/17/20 15:56,73193006,6/18/20 11:01,SM4500NO3F,,00615,Secchi on bottom,
FLAB17,FLAB,8/18/20,SAMP,MON,SA,G,,0.5,m,19,NITRITE-N,NO2,0.002,U,,-0.002,+/- 0.002,1,0.002,0.004,0.002,mg/L,3,Y,A,P111061-6,,0,0,,,,,,25.042469,80.914819,WMD,E46077,WMD,WMD,WMD,2,BA,NO,8/18/20 15:40,73276006,8/19/20 11:05,SM4500NO3F,,00615,Vegetative debris present on surface of water.,
FLAB17,FLAB,10/13/20,SAMP,MON,SA,G,,0.5,m,19,NITRITE-N,NO2,0.002,U,,-0.002,+/- 0.002,1,0.002,0.004,0.002,mg/L,3,Y,A,P118764-6,,0,0,,,,,,25.042469,80.914819,WMD,E46077,WMD,WMD,WMD,2,BA,NO,10/14/20 8:55,76830006,10/14/20 11:32,SM4500NO3F,,00615,Filtration difficult at this location. Notable algae bloom with very fine particulates.,
FLAB17,FLAB,2/9/21,SAMP,MON,SA,G,,0.5,m,19,NITRITE-N,NO2,0.002,U,,-0.002,+/- 0.002,1,0.002,0.004,0.002,mg/L,3,Y,A,P120349-6,,0,0,,,,,,25.042469,80.914819,WMD,E46077,WMD,WMD,WMD,2,BA,NO,2/10/21 8:11,77554006,2/10/21 11:25,SM4500NO3F,,00615,Secchi on bottom.,
FLAB17,FLAB,3/24/21,SAMP,MON,SA,G,,0.5,m,19,NITRITE-N,NO2,0.002,U,,-0.002,+/- 0.002,1,0.002,0.004,0.002,mg/L,3,Y,A,P122509-6,,0,0,,,,,,25.042469,80.914819,WMD,E46077,WMD,WMD,WMD,2,BA,NO,3/25/21 6:59,78497006,3/25/21 12:09,SM4500NO3F,,00615,secchi on bottom,
FLAB17,FLAB,6/7/21,SAMP,MON,SA,G,,0.5,m,19,NITRITE-N,NO2,0.002,U,,-0.002,+/- 0.002,1,0.002,0.004,0.002,mg/L,3,Y,A,P121640-6,,0,0,,,,,,25.042469,80.914819,WMD,E46077,WMD,WMD,WMD,2,BA,NO,6/7/21 16:26,78140006,6/8/21 11:20,SM4500NO3F,,00615,Secchi on bottom,
FLAB17,FLAB,8/5/21,SAMP,MON,SA,G,,0.5,m,19,NITRITE-N,NO2,0.002,I,,0.002,+/- 0.002,1,0.002,0.004,0.002,mg/L,3,N,A,P123926-6,,0,0,,,,,,25.042469,80.914819,WMD,E46077,WMD,WMD,WMD,2,BA,NO,8/5/21 15:12,79169006,8/6/21 11:36,SM4500NO3F,,00615,Secchi on bottom,
FLAB17,FLAB,10/20/21,SAMP,MON,SA,G,,0.5,m,19,NITRITE-N,NO2,0.002,I,,0.002,+/- 0.002,1,0.002,0.004,0.002,mg/L,3,N,A,P125707-6,,0,0,,,,,,25.042469,80.914819,WMD,E46077,WMD,WMD,WMD,2,BA,NO,10/21/21 8:34,79970006,10/21/21 10:55,SM4500NO3F,,00615,Secchi on bottom.,
FLAB17,FLAB,12/15/21,SAMP,MON,SA,G,,0.5,m,19,NITRITE-N,NO2,0.004,,,0.004,+/- 0.002,1,0.002,0.004,0.002,mg/L,3,N,A,P129834-6,,0,0,,,,,,25.042469,80.914819,WMD,E46077,WMD,WMD,WMD,2,BA,NO,12/16/21 8:25,81789006,12/16/21 10:46,SM4500NO3F,,615,,
FLAB17,FLAB,1/27/22,SAMP,MON,SA,G,,0.5,m,19,NITRITE-N,NO2,0.002,U,,-0.002,+/- 0.002,1,0.002,0.004,0.002,mg/L,3,Y,A,P129835-6,,0,0,,,,,,25.042469,80.914819,WMD,E46077,WMD,WMD,WMD,2,BA,NO,1/27/22 15:46,81790006,1/28/22 11:17,SM4500NO3F,,00615,Secchi on bottom,
FLAB17,FLAB,4/12/22,SAMP,MON,SA,G,,0.5,m,19,NITRITE-N,NO2,0.002,U,,-0.002,+/- 0.002,1,0.002,0.004,0.002,mg/L,3,Y,A,P132792-6,,0,0,,,,,,25.042469,80.914819,WMD,E46077,WMD,WMD,WMD,2,BA,NO,4/13/22 8:06,83111006,4/13/22 11:07,SM4500NO3F,,00615,Secchi on bottom,
FLAB17,FLAB,6/27/22,SAMP,MON,SA,G,,0.5,m,19,NITRITE-N,NO2,0.002,U,,-0.002,+/- 0.002,1,0.002,0.004,0.002,mg/L,3,Y,A,P134130-6,,0,0,,,,,,25.042469,80.914819,WMD,E46077,WMD,WMD,WMD,2,BA,NO,6/28/22 8:30,83719006,6/28/22 12:29,SM4500NO3F,,00615,Secchi on bottom,
FLAB17,FLAB,7/11/22,SAMP,MON,SA,G,,0.5,m,19,NITRITE-N,NO2,0.002,U,,-0.002,+/- 0.002,1,0.002,0.004,0.002,mg/L,3,Y,A,P135169-6,,0,0,,,,,,25.042469,80.914819,WMD,E46077,WMD,WMD,WMD,2,BA,NO,7/12/22 8:09,84232006,7/12/22 11:39,SM4500NO3F,,615,Secchi on bottom.,
FLAB17,FLAB,9/21/22,SAMP,MON,SA,G,,0.5,m,19,NITRITE-N,NO2,0.002,U,,-0.002,+/- 0.002,1,0.002,0.004,0.002,mg/L,3,Y,A,P136493-6,,0,0,,,,,,25.042469,80.914819,WMD,E46077,WMD,WMD,WMD,2,BA,NO,9/22/22 8:07,84868006,9/22/22 11:04,SM4500NO3F,,615,"Secchi on bottom. Vegetative debris present in water column, avoided during sampling.",
FLAB17,FLAB,1/19/23,SAMP,MON,SA,G,,0.5,m,19,NITRITE-N,NO2,0.002,U,,-0.002,+/- 0.002,1,0.002,0.004,0.002,mg/L,3,Y,A,P139466-6,,0,0,,,,,,25.042469,80.914819,WMD,E46077,WMD,WMD,WMD,2,BA,NO,1/20/23 8:12,86301006,1/20/23 10:38,SM4500NO3F,,00615,Secchi on bottom,
FLAB17,FLAB,3/6/23,SAMP,MON,SA,G,,0.5,m,19,NITRITE-N,NO2,0.002,U,,-0.002,+/- 0.002,1,0.002,0.004,0.002,mg/L,3,Y,A,P141267-6,,0,0,,,,,,25.042469,80.914819,WMD,E46077,WMD,WMD,WMD,2,BA,NO,3/7/23 8:44,87044006,3/7/23 16:07,SM4500NO3F,,00615,SOB.,
FLAB17,FLAB,5/16/23,SAMP,MON,SA,G,,0.5,m,19,NITRITE-N,NO2,0.002,U,,-0.002,+/- 0.002,1,0.002,0.004,0.002,mg/L,3,Y,A,P143738-6,,0,0,,,,,,25.042469,80.914819,WMD,E46077,WMD,WMD,WMD,2,BA,NO,5/16/23 15:24,87932006,5/17/23 10:34,SM4500NO3F,,00615,Secchi on bottom,
FLAB17,FLAB,7/17/23,SAMP,MON,SA,G,,0.5,m,19,NITRITE-N,NO2,0.002,U,,-0.002,+/- 0.002,1,0.002,0.004,0.002,mg/L,3,Y,A,P144701-6,,0,0,,,,,,25.042469,80.914819,WMD,E46077,WMD,WMD,WMD,2,BA,NO,7/18/23 8:37,88406006,7/18/23 14:12,SM4500NO3F,,615,secchi on bottom,
FLAB17,FLAB,9/26/23,SAMP,MON,SA,G,,0.5,m,19,NITRITE-N,NO2,0.002,I,,0.002,+/- 0.002,1,0.002,0.004,0.002,mg/L,3,N,A,P146059-6,,0,0,,,,,,25.042469,80.914819,WMD,E46077,WMD,WMD,WMD,2,BA,NO,9/28/23 7:49,89095006,9/28/23 8:56,SM4500NO3F,,615,secchi on bottom,
FLAB17,FLAB,11/27/23,SAMP,MON,SA,G,,0.5,m,19,NITRITE-N,NO2,0.002,U,,-0.002,+/- 0.002,1,0.002,0.004,0.002,mg/L,3,Y,A,P146060-6,,0,0,,,,,,25.042469,80.914819,WMD,E46077,WMD,WMD,WMD,2,BA,NO,11/28/23 8:48,89096006,11/28/23 15:05,SM4500NO3F,,00615,Secchi on bottom.,
FLAB17,FLAB,2/21/24,SAMP,MON,SA,G,,0.5,m,19,NITRITE-N,NO2,0.002,U,,-0.002,+/- 0.002,1,0.002,0.004,0.002,mg/L,3,Y,A,P148340-6,,0,0,,,,,,25.042469,80.914819,WMD,E46077,WMD,WMD,WMD,2,BA,NO,2/22/24 8:09,90200006,2/22/24 13:56,SM 4500-NO3 F-2016,,615,Secchi on bottom.,
FLAB17,FLAB,4/18/24,SAMP,MON,SA,G,,0.5,m,19,NITRITE-N,NO2,0.002,I,,0.002,+/- 0.002,1,0.002,0.004,0.002,mg/L,3,N,A,P149303-6,,0,0,,,,,,25.042469,80.914819,WMD,E46077,WMD,WMD,WMD,2,BA,NO,4/19/24 8:21,90666006,4/19/24 11:29,SM 4500-NO3 F-2016,,00615,secchi on bottom,
FLAB17,FLAB,7/31/24,SAMP,MON,SA,G,,0.5,m,19,NITRITE-N,NO2,0.002,U,,-0.002,+/- 0.002,1,0.002,0.004,0.002,mg/L,3,Y,A,P152197-6,,0,0,,,,,,25.042469,80.914819,WMD,E46077,WMD,WMD,WMD,2,BA,NO,8/1/24 8:01,92110006,8/1/24 13:47,SM 4500-NO3 F-2016,,00615,SOB.,
FLAB17,FLAB,9/30/24,SAMP,MON,SA,G,,0.5,m,19,NITRITE-N,NO2,0.002,U,,-0.002,+/- 0.002,1,0.002,0.004,0.002,mg/L,3,Y,A,P153173-6,,0,0,,,,,,25.042469,80.914819,WMD,E46077,WMD,WMD,WMD,2,BA,NO,10/1/24 8:31,92601006,10/1/24 12:31,SM 4500-NO3 F-2016,,00615,Secchi on bottom.,
FLAB17,FLAB,11/19/24,SAMP,MON,SA,G,,0.5,m,19,NITRITE-N,NO2,0.002,U,,-0.002,+/- 0.002,1,0.002,0.004,0.002,mg/L,3,Y,A,P154026-6,,0,0,,,,,,25.042469,80.914819,WMD,E46077,WMD,WMD,WMD,2,BA,NO,11/20/24 8:23,93034006,11/20/24 12:50,SM 4500-NO3 F-2016,,00615,,
FLAB17,FLAB,2/13/25,SAMP,MON,SA,G,,0.5,m,19,NITRITE-N,NO2,0.002,U,,-0.002,+/- 0.002,1,0.002,0.004,0.002,mg/L,3,Y,A,P155967-6,,0,0,,,,,,25.042469,80.914819,WMD,E46077,WMD,WMD,WMD,2,BA,NO,2/14/25 8:47,93979006,2/14/25 11:41,SM 4500-NO3 F-2016,,00615,Secchi on bottom.,
FLAB17,FLAB,3/25/25,SAMP,MON,SA,G,,0.5,m,19,NITRITE-N,NO2,0.002,U,,-0.002,+/- 0.002,1,0.002,0.004,0.002,mg/L,3,Y,A,P157082-6,,0,0,,,,,,25.042469,80.914819,WMD,E46077,WMD,WMD,WMD,2,BA,NO,3/26/25 8:54,94540006,3/26/25 13:12,SM 4500-NO3 F-2016,,00615,Secchi on bottom.,
FLAB17,FLAB,5/7/25,SAMP,MON,SA,G,,0.5,m,19,NITRITE-N,NO2,0.002,U,,-0.002,+/- 0.002,1,0.002,0.004,0.002,mg/L,3,Y,A,P158026-3,,0,0,,,,,,25.042469,80.914819,WMD,E46077,WMD,WMD,WMD,2,BA,NO,5/8/25 8:31,95009003,5/8/25 10:00,SM 4500-NO3 F-2016,,00615,Secchi on bottom,
FLAB17,FLAB,7/10/25,SAMP,MON,SA,G,,0.5,m,19,NITRITE-N,NO2,0.002,U,,-0.002,+/- 0.002,1,0.002,0.004,0.002,mg/L,3,Y,A,P159507-3,,0,0,,,,,,25.042469,80.914819,WMD,E46077,WMD,WMD,WMD,2,BA,NO,7/11/25 9:57,95742003,7/11/25 12:48,SM 4500-NO3 F-2016,,00615,Secchi visible on bottom,
FLAB17,FLAB,9/9/25,SAMP,MON,SA,G,,0.5,m,19,NITRITE-N,NO2,0.002,U,,0.002,,1,0.002,0.004,0.002,mg/L,,Y,P,P160871-3,,0,0,,,1.7,,,25.042469,-80.914819,,E46077,WMD,,,,BA,,9/10/25 8:53,96441003,9/10/25 13:09,SM 4500-NO3 F-2016,,00615,secchi on bottom. sea grass on water surface avoided during sample collection,
FLAB17,FLAB,3/15/91,SAMP,MON,SA,G,,0,,20,AMMONIA-N,NH4,0.004,PMR,,0,,,,,,mg/L,2,N,A,FIU15661,,0,0,,,,,,25.042469,80.914819,,,FIU,FIU,,,,,,,,,,,,Sample Filtered with 0.7 glass fiber filter.
FLAB17,FLAB,5/15/91,SAMP,MON,SA,G,,0,,20,AMMONIA-N,NH4,0.002,PMR,,0,,,,,,mg/L,2,N,A,FIU15665,,0,0,,,,,,25.042469,80.914819,,,FIU,FIU,,,,,,,,,,,,Sample Filtered with 0.7 glass fiber filter.
FLAB17,FLAB,6/15/91,SAMP,MON,SA,G,,0,,20,AMMONIA-N,NH4,0.01,PMR,,0.01,,,,,,mg/L,2,N,A,FIU15666,,0,0,,,,,,25.042469,80.914819,,,FIU,FIU,,,,,,,,,,,,Sample Filtered with 0.7 glass fiber filter.
FLAB17,FLAB,7/15/91,SAMP,MON,SA,G,,0,,20,AMMONIA-N,NH4,0.01,PMR,,0.01,,,,,,mg/L,2,N,A,FIU15668,,0,0,,,,,,25.042469,80.914819,,,FIU,FIU,,,,,,,,,,,,Sample Filtered with 0.7 glass fiber filter.
FLAB17,FLAB,8/15/91,SAMP,MON,SA,G,,0,,20,AMMONIA-N,NH4,0.018,PMR,,0.02,,,,,,mg/L,2,N,A,FIU15671,,0,0,,,,,,25.042469,80.914819,,,FIU,FIU,,,,,,,,,,,,Sample Filtered with 0.7 glass fiber filter.
FLAB17,FLAB,9/15/91,SAMP,MON,SA,G,,0,,20,AMMONIA-N,NH4,0.03,PMR,,0.03,,,,,,mg/L,2,N,A,FIU15672,,0,0,,,,,,25.042469,80.914819,,,FIU,FIU,,,,,,,,,,,,Sample Filtered with 0.7 glass fiber filter.
FLAB17,FLAB,10/15/91,SAMP,MON,SA,G,,0,,20,AMMONIA-N,NH4,0.032,PMR,,0.03,,,,,,mg/L,2,N,A,FIU15675,,0,0,,,,,,25.042469,80.914819,,,FIU,FIU,,,,,,,,,,,,Sample Filtered with 0.7 glass fiber filter.
FLAB17,FLAB,11/15/91,SAMP,MON,SA,G,,0,,20,AMMONIA-N,NH4,0.026,PMR,,0.03,,,,,,mg/L,2,N,A,FIU15676,,0,0,,,,,,25.042469,80.914819,,,FIU,FIU,,,,,,,,,,,,Sample Filtered with 0.7 glass fiber filter.
FLAB17,FLAB,12/15/91,SAMP,MON,SA,G,,0,,20,AMMONIA-N,NH4,0.008,PMR,,0.01,,,,,,mg/L,2,N,A,FIU15679,,0,0,,,,,,25.042469,80.914819,,,FIU,FIU,,,,,,,,,,,,Sample Filtered with 0.7 glass fiber filter.
FLAB17,FLAB,1/15/92,SAMP,MON,SA,G,,0,,20,AMMONIA-N,NH4,0.011,PMR,,0.01,,,,,,mg/L,2,N,A,FIU15680,,0,0,,,,,,25.042469,80.914819,,,FIU,FIU,,,,,,,,,,,,Sample Filtered with 0.7 glass fiber filter.
FLAB17,FLAB,2/15/92,SAMP,MON,SA,G,,0,,20,AMMONIA-N,NH4,0.026,PMR,,0.03,,,,,,mg/L,2,N,A,FIU15682,,0,0,,,,,,25.042469,80.914819,,,FIU,FIU,,,,,,,,,,,,Sample Filtered with 0.7 glass fiber filter.
FLAB17,FLAB,3/15/92,SAMP,MON,SA,G,,0,,20,AMMONIA-N,NH4,0.013,PMR,,0.01,,,,,,mg/L,2,N,A,FIU15685,,0,0,,,,,,25.042469,80.914819,,,FIU,FIU,,,,,,,,,,,,Sample Filtered with 0.7 glass fiber filter.
FLAB17,FLAB,4/15/92,SAMP,MON,SA,G,,0,,20,AMMONIA-N,NH4,0.009,PMR,,0.01,,,,,,mg/L,2,N,A,FIU15686,,0,0,,,,,,25.042469,80.914819,,,FIU,FIU,,,,,,,,,,,,Sample Filtered with 0.7 glass fiber filter.
FLAB17,FLAB,5/15/92,SAMP,MON,SA,G,,0,,20,AMMONIA-N,NH4,0.011,PMR,,0.01,,,,,,mg/L,2,N,A,FIU15688,,0,0,,,,,,25.042469,80.914819,,,FIU,FIU,,,,,,,,,,,,Sample Filtered with 0.7 glass fiber filter.
FLAB17,FLAB,6/15/92,SAMP,MON,SA,G,,0,,20,AMMONIA-N,NH4,0.039,PMR,,0.04,,,,,,mg/L,2,N,A,FIU15690,,0,0,,,,,,25.042469,80.914819,,,FIU,FIU,,,,,,,,,,,,Sample Filtered with 0.7 glass fiber filter.
FLAB17,FLAB,7/15/92,SAMP,MON,SA,G,,0,,20,AMMONIA-N,NH4,0.015,PMR,,0.02,,,,,,mg/L,2,N,A,FIU15692,,0,0,,,,,,25.042469,80.914819,,,FIU,FIU,,,,,,,,,,,,Sample Filtered with 0.7 glass fiber filter.
FLAB17,FLAB,8/15/92,SAMP,MON,SA,G,,0,,20,AMMONIA-N,NH4,0.015,PMR,,0.02,,,,,,mg/L,2,N,A,FIU15694,,0,0,,,,,,25.042469,80.914819,,,FIU,FIU,,,,,,,,,,,,Sample Filtered with 0.7 glass fiber filter.
FLAB17,FLAB,9/15/92,SAMP,MON,SA,G,,0,,20,AMMONIA-N,NH4,0.057,PMR,,0.06,,,,,,mg/L,2,N,A,FIU15697,,0,0,,,,,,25.042469,80.914819,,,FIU,FIU,,,,,,,,,,,,Sample Filtered with 0.7 glass fiber filter.
FLAB17,FLAB,10/15/92,SAMP,MON,SA,G,,0,,20,AMMONIA-N,NH4,0.014,PMR,,0.01,,,,,,mg/L,2,N,A,FIU15699,,0,0,,,,,,25.042469,80.914819,,,FIU,FIU,,,,,,,,,,,,Sample Filtered with 0.7 glass fiber filter.
FLAB17,FLAB,11/15/92,SAMP,MON,SA,G,,0,,20,AMMONIA-N,NH4,0.024,PMR,,0.02,,,,,,mg/L,2,N,A,FIU15701,,0,0,,,,,,25.042469,80.914819,,,FIU,FIU,,,,,,,,,,,,Sample Filtered with 0.7 glass fiber filter.
FLAB17,FLAB,12/15/92,SAMP,MON,SA,G,,0,,20,AMMONIA-N,NH4,0.015,PMR,,0.02,,,,,,mg/L,2,N,A,FIU15703,,0,0,,,,,,25.042469,80.914819,,,FIU,FIU,,,,,,,,,,,,Sample Filtered with 0.7 glass fiber filter.
FLAB17,FLAB,1/21/93,SAMP,MON,SA,G,,0,,20,AMMONIA-N,NH4,0.061,PMR,,0.06,,,,,,mg/L,2,N,A,FIU15704,,0,0,,,,,,25.042469,80.914819,,,FIU,FIU,,,,,,,,,,,,Sample Filtered with 0.7 glass fiber filter.
FLAB17,FLAB,2/10/93,SAMP,MON,SA,G,,0,,20,AMMONIA-N,NH4,0.072,PMR,,0.07,,,,,,mg/L,2,N,A,FIU15705,,0,0,,,,,,25.042469,80.914819,,,FIU,FIU,,,,,,,,,,,,Sample Filtered with 0.7 glass fiber filter.
FLAB17,FLAB,3/10/93,SAMP,MON,SA,G,,0,,20,AMMONIA-N,NH4,0.205,PMR,,0.2,,,,,,mg/L,2,N,A,FIU15706,,0,0,,,,,,25.042469,80.914819,,,FIU,FIU,,,,,,,,,,,,Sample Filtered with 0.7 glass fiber filter.
FLAB17,FLAB,4/7/93,SAMP,MON,SA,G,,0,,20,AMMONIA-N,NH4,0.115,PMR,,0.12,,,,,,mg/L,2,N,A,FIU15707,,0,0,,,,,,25.042469,80.914819,,,FIU,FIU,,,,,,,,,,,,Sample Filtered with 0.7 glass fiber filter.
FLAB17,FLAB,5/12/93,SAMP,MON,SA,G,,0,,20,AMMONIA-N,NH4,0.061,PMR,,0.06,,,,,,mg/L,2,N,A,FIU15708,,0,0,,,,,,25.042469,80.914819,,,FIU,FIU,,,,,,,,,,,,Sample Filtered with 0.7 glass fiber filter.
FLAB17,FLAB,6/3/93,SAMP,MON,SA,G,,0,,20,AMMONIA-N,NH4,0.113,PMR,,0.11,,,,,,mg/L,2,N,A,FIU15709,,0,0,,,,,,25.042469,80.914819,,,FIU,FIU,,,,,,,,,,,,Sample Filtered with 0.7 glass fiber filter.
FLAB17,FLAB,7/7/93,SAMP,MON,SA,G,,0,,20,AMMONIA-N,NH4,0.007,PMR,,0.01,,,,,,mg/L,2,N,A,FIU15710,,0,0,,,,,,25.042469,80.914819,,,FIU,FIU,,,,,,,,,,,,Sample Filtered with 0.7 glass fiber filter.
FLAB17,FLAB,8/4/93,SAMP,MON,SA,G,,0,,20,AMMONIA-N,NH4,0.007,PMR,,0.01,,,,,,mg/L,2,N,A,FIU15711,,0,0,,,,,,25.042469,80.914819,,,FIU,FIU,,,,,,,,,,,,Sample Filtered with 0.7 glass fiber filter.
FLAB17,FLAB,9/9/93,SAMP,MON,SA,G,,0,,20,AMMONIA-N,NH4,0.04,PMR,,0.04,,,,,,mg/L,2,N,A,FIU15712,,0,0,,,,,,25.042469,80.914819,,,FIU,FIU,,,,,,,,,,,,Sample Filtered with 0.7 glass fiber filter.
FLAB17,FLAB,10/6/93,SAMP,MON,SA,G,,0,,20,AMMONIA-N,NH4,0.008,PMR,,0.01,,,,,,mg/L,2,N,A,FIU15713,,0,0,,,,,,25.042469,80.914819,,,FIU,FIU,,,,,,,,,,,,Sample Filtered with 0.7 glass fiber filter.
FLAB17,FLAB,11/3/93,SAMP,MON,SA,G,,0,,20,AMMONIA-N,NH4,0.089,PMR,,0.09,,,,,,mg/L,2,N,A,FIU15714,,0,0,,,,,,25.042469,80.914819,,,FIU,FIU,,,,,,,,,,,,Sample Filtered with 0.7 glass fiber filter.
FLAB17,FLAB,12/2/93,SAMP,MON,SA,G,,0,,20,AMMONIA-N,NH4,0.078,PMR,,0.08,,,,,,mg/L,2,N,A,FIU15715,,0,0,,,,,,25.042469,80.914819,,,FIU,FIU,,,,,,,,,,,,Sample Filtered with 0.7 glass fiber filter.
FLAB17,FLAB,1/11/94,SAMP,MON,SA,G,,0,,20,AMMONIA-N,NH4,0.157,PMR,,0.16,,,,,,mg/L,2,N,A,FIU15716,,0,0,,,,,,25.042469,80.914819,,,FIU,FIU,,,,,,,,,,,,Sample Filtered with 0.7 glass fiber filter.
FLAB17,FLAB,2/2/94,SAMP,MON,SA,G,,0,,20,AMMONIA-N,NH4,0.109,PMR,,0.11,,,,,,mg/L,2,N,A,FIU15717,,0,0,,,,,,25.042469,80.914819,,,FIU,FIU,,,,,,,,,,,,Sample Filtered with 0.7 glass fiber filter.
FLAB17,FLAB,3/8/94,SAMP,MON,SA,G,,0,,20,AMMONIA-N,NH4,0.155,PMR,,0.16,,,,,,mg/L,2,N,A,FIU15718,,0,0,,,,,,25.042469,80.914819,,,FIU,FIU,,,,,,,,,,,,Sample Filtered with 0.7 glass fiber filter.
FLAB17,FLAB,4/6/94,SAMP,MON,SA,G,,0,,20,AMMONIA-N,NH4,0.0947,A,,0.09,,,,,,mg/L,2,N,A,FIU15719,,0,0,,,,,,25.042469,80.914819,,,FIU,FIU,,,,,,,,,,,,Sample Filtered with 0.7 glass fiber filter.
FLAB17,FLAB,5/4/94,SAMP,MON,SA,G,,0,,20,AMMONIA-N,NH4,0.0301,A,,0.03,,,,,,mg/L,2,N,A,FIU15721,,0,0,,,,,,25.042469,80.914819,,,FIU,FIU,,,,,,,,,,,,Sample Filtered with 0.7 glass fiber filter.
FLAB17,FLAB,6/8/94,SAMP,MON,SA,G,,0,,20,AMMONIA-N,NH4,0.0161,A,,0.02,,,,,,mg/L,2,N,A,FIU15723,,0,0,,,,,,25.042469,80.914819,,,FIU,FIU,,,,,,,,,,,,Sample Filtered with 0.7 glass fiber filter.
FLAB17,FLAB,7/7/94,SAMP,MON,SA,G,,0,,20,AMMONIA-N,NH4,0.0222,A,,0.02,,,,,,mg/L,2,N,A,FIU15725,,0,0,,,,,,25.042469,80.914819,,,FIU,FIU,,,,,,,,,,,,Sample Filtered with 0.7 glass fiber filter.
FLAB17,FLAB,8/4/94,SAMP,MON,SA,G,,0,,20,AMMONIA-N,NH4,0.0233,A,,0.02,,,,,,mg/L,2,N,A,FIU15727,,0,0,,,,,,25.042469,80.914819,,,FIU,FIU,,,,,,,,,,,,Sample Filtered with 0.7 glass fiber filter.
FLAB17,FLAB,9/14/94,SAMP,MON,SA,G,,0,,20,AMMONIA-N,NH4,0.0579,A,,0.06,,,,,,mg/L,2,N,A,FIU15729,,0,0,,,,,,25.042469,80.914819,,,FIU,FIU,,,,,,,,,,,,Sample Filtered with 0.7 glass fiber filter.
FLAB17,FLAB,10/5/94,SAMP,MON,SA,G,,0,,20,AMMONIA-N,NH4,0.0907,A,,0.09,,,,,,mg/L,2,N,A,FIU15731,,0,0,,,,,,25.042469,80.914819,,,FIU,FIU,,,,,,,,,,,,Sample Filtered with 0.7 glass fiber filter.
FLAB17,FLAB,11/2/94,SAMP,MON,SA,G,,0,,20,AMMONIA-N,NH4,0.0301,A,,0.03,,,,,,mg/L,2,N,A,FIU15733,,0,0,,,,,,25.042469,80.914819,,,FIU,FIU,,,,,,,,,,,,Sample Filtered with 0.7 glass fiber filter.
FLAB17,FLAB,11/22/94,SAMP,MON,SA,G,,0,,20,AMMONIA-N,NH4,0.0128,A,,0.01,,,,,,mg/L,2,N,A,FIU15735,,0,0,,,,,,25.042469,80.914819,,,FIU,FIU,,,,,,,,,,,,Sample Filtered with 0.7 glass fiber filter.
FLAB17,FLAB,12/1/94,SAMP,MON,SA,G,,0,,20,AMMONIA-N,NH4,0.0107,A,,0.01,,,,,,mg/L,2,N,A,FIU15737,,0,0,,,,,,25.042469,80.914819,,,FIU,FIU,,,,,,,,,,,,Sample Filtered with 0.7 glass fiber filter.
FLAB17,FLAB,1/5/95,SAMP,MON,SA,G,,0,,20,AMMONIA-N,NH4,0.01,PMR,,0.01,,,,,,mg/L,2,N,A,FIU15739,,0,0,,,,,,25.042469,80.914819,,,FIU,FIU,,,,,,,,,,,,Sample Filtered with 0.7 glass fiber filter.
FLAB17,FLAB,2/2/95,SAMP,MON,SA,G,,0,,20,AMMONIA-N,NH4,0.0125,PMR,,0.01,,,,,,mg/L,2,N,A,FIU15741,,0,0,,,,,,25.042469,80.914819,,,FIU,FIU,,,,,,,,,,,,Sample Filtered with 0.7 glass fiber filter.
FLAB17,FLAB,3/1/95,SAMP,MON,SA,G,,0,,20,AMMONIA-N,NH4,0.019,PMR,,0.02,,,,,,mg/L,2,N,A,FIU15743,,0,0,,,,,,25.042469,80.914819,,,FIU,FIU,,,,,,,,,,,,Sample Filtered with 0.7 glass fiber filter.
FLAB17,FLAB,4/19/95,SAMP,MON,SA,G,,0,,20,AMMONIA-N,NH4,0.0591,PMR,,0.06,,,,,,mg/L,2,N,A,FIU15745,,0,0,,,,,,25.042469,80.914819,,,FIU,FIU,,,,,,,,,,,,Sample Filtered with 0.7 glass fiber filter.
FLAB17,FLAB,5/24/95,SAMP,MON,SA,G,,0,,20,AMMONIA-N,NH4,0.0593,PMR,,0.06,,,,,,mg/L,2,N,A,FIU15747,,0,0,,,,,,25.042469,80.914819,,,FIU,FIU,,,,,,,,,,,,Sample Filtered with 0.7 glass fiber filter.
FLAB17,FLAB,6/21/95,SAMP,MON,SA,G,,0,,20,AMMONIA-N,NH4,0.0392,PMR,,0.04,,,,,,mg/L,2,N,A,FIU15749,,0,0,,,,,,25.042469,80.914819,,,FIU,FIU,,,,,,,,,,,,Sample Filtered with 0.7 glass fiber filter.
FLAB17,FLAB,7/12/95,SAMP,MON,SA,G,,0,,20,AMMONIA-N,NH4,0.0174,PMR,,0.02,,,,,,mg/L,2,N,A,FIU15751,,0,0,,,,,,25.042469,80.914819,,,FIU,FIU,,,,,,,,,,,,Sample Filtered with 0.7 glass fiber filter.
FLAB17,FLAB,8/11/95,SAMP,MON,SA,G,,0,,20,AMMONIA-N,NH4,0.0326,PMR,,0.03,,,,,,mg/L,2,N,A,FIU15753,,0,0,,,,,,25.042469,80.914819,,,FIU,FIU,,,,,,,,,,,,Sample Filtered with 0.7 glass fiber filter.
FLAB17,FLAB,9/6/95,SAMP,MON,SA,G,,0,,20,AMMONIA-N,NH4,0.0085,PMR,,0.01,,,,,,mg/L,2,N,A,FIU15755,,0,0,,,,,,25.042469,80.914819,,,FIU,FIU,,,,,,,,,,,,Sample Filtered with 0.7 glass fiber filter.
FLAB17,FLAB,10/22/95,SAMP,MON,SA,G,,0,,20,AMMONIA-N,NH4,0.0369,PMR,,0.04,,,,,,mg/L,2,N,A,FIU15757,,0,0,,,,,,25.042469,80.914819,,,FIU,FIU,,,,,,,,,,,,Sample Filtered with 0.7 glass fiber filter.
FLAB17,FLAB,11/17/95,SAMP,MON,SA,G,,0,,20,AMMONIA-N,NH4,0.0335,Q,Q,0.03,,,,,,mg/L,2,N,A,FIU15759,,0,0,,,,,,25.042469,80.914819,,,FIU,FIU,,,,,,,,,,,,Sample Filtered with 0.7 glass fiber filter.
FLAB17,FLAB,12/14/95,SAMP,MON,SA,G,,0,,20,AMMONIA-N,NH4,0.0069,Q,Q,0.01,,,,,,mg/L,2,N,A,FIU15761,,0,0,,,,,,25.042469,80.914819,,,FIU,FIU,,,,,,,,,,,,Sample Filtered with 0.7 glass fiber filter.
FLAB17,FLAB,1/23/96,SAMP,MON,SA,G,,0,,20,AMMONIA-N,NH4,0.0114,PMR,,0.01,,,,,,mg/L,2,N,A,FIU15763,,0,0,,,,,,25.042469,80.914819,,,FIU,FIU,,,,,,,,,,,,Sample Filtered with 0.7 glass fiber filter.
FLAB17,FLAB,2/12/96,SAMP,MON,SA,G,,0,,20,AMMONIA-N,NH4,0.0063,PMR,,0.01,,,,,,mg/L,2,N,A,FIU15765,,0,0,,,,,,25.042469,80.914819,,,FIU,FIU,,,,,,,,,,,,Sample Filtered with 0.7 glass fiber filter.
FLAB17,FLAB,3/22/96,SAMP,MON,SA,G,,0,,20,AMMONIA-N,NH4,0.0261,PMR,,0.03,,,,,,mg/L,2,N,A,FIU15767,,0,0,,,,,,25.042469,80.914819,,,FIU,FIU,,,,,,,,,,,,Sample Filtered with 0.7 glass fiber filter.
FLAB17,FLAB,4/25/96,SAMP,MON,SA,G,,0,,20,AMMONIA-N,NH4,0.2112,PMR,,0.21,,,,,,mg/L,2,N,A,FIU15769,,0,0,,,,,,25.042469,80.914819,,,FIU,FIU,,,,,,,,,,,,Sample Filtered with 0.7 glass fiber filter.
FLAB17,FLAB,5/10/96,SAMP,MON,SA,G,,0,,20,AMMONIA-N,NH4,0.0523,PMR,,0.05,,,,,,mg/L,2,N,A,FIU15771,,0,0,,,,,,25.042469,80.914819,,,FIU,FIU,,,,,,,,,,,,Sample Filtered with 0.7 glass fiber filter.
FLAB17,FLAB,6/6/96,SAMP,MON,SA,G,,0,,20,AMMONIA-N,NH4,0.032,PMR,,0.03,,,,,,mg/L,2,N,A,FIU15773,,0,0,,,,,,25.042469,80.914819,,,FIU,FIU,,,,,,,,,,,,Sample Filtered with 0.7 glass fiber filter.
FLAB17,FLAB,7/5/96,SAMP,MON,SA,G,,0.1,,20,AMMONIA-N,NH4,0.0356,PMR,,0.04,,,,,,mg/L,2,N,A,FIU15775,,0,0,,,,,,25.042469,80.914819,,,FIU,FIU,,,,,,,,,,,,Sample Filtered with 0.7 glass fiber filter.
FLAB17,FLAB,8/22/96,SAMP,MON,SA,G,,0.1,,20,AMMONIA-N,NH4,0.0418,PMR,,0.04,,,,,,mg/L,2,N,A,FIU15777,,0,0,,,,,,25.042469,80.914819,,,FIU,FIU,,,,,,,,,,,,Sample Filtered with 0.7 glass fiber filter.
FLAB17,FLAB,9/14/96,SAMP,MON,SA,G,,0.1,,20,AMMONIA-N,NH4,0.0457,PMR,,0.05,,,,,,mg/L,2,N,A,FIU15779,,0,0,,,,,,25.042469,80.914819,,,FIU,FIU,,,,,,,,,,,,Sample Filtered with 0.7 glass fiber filter.
FLAB17,FLAB,10/15/96,SAMP,MON,SA,G,,0.1,,20,AMMONIA-N,NH4,0.3422,PMR,,0.34,,,,,,mg/L,2,N,A,FIU15781,,0,0,,,,,,25.042469,80.914819,,,FIU,FIU,,,,,,,,,,,,Sample Filtered with 0.7 glass fiber filter.
FLAB17,FLAB,11/7/96,SAMP,MON,SA,G,,0.1,,20,AMMONIA-N,NH4,0.0086,Q,Q,0.01,,,,,,mg/L,2,N,A,FIU15783,,0,0,,,,,,25.042469,80.914819,,,FIU,FIU,,,,,,,,,,,,Sample Filtered with 0.7 glass fiber filter.
FLAB17,FLAB,12/6/96,SAMP,MON,SA,G,,0.1,,20,AMMONIA-N,NH4,0.0309,PMR,,0.03,,,,,,mg/L,2,N,A,FIU15785,,0,0,,,,,,25.042469,80.914819,,,FIU,FIU,,,,,,,,,,,,Sample Filtered with 0.7 glass fiber filter.
FLAB17,FLAB,1/8/97,SAMP,MON,SA,G,,0.1,,20,AMMONIA-N,NH4,0.0088,PMR,,0.01,,,,,,mg/L,2,N,A,FIU15787,,0,0,,,,,,25.042469,80.914819,,,FIU,FIU,,,,,,,,,,,,Sample Filtered with 0.7 glass fiber filter.
FLAB17,FLAB,2/15/97,SAMP,MON,SA,G,,0.1,,20,AMMONIA-N,NH4,0.0128,PMR,,0.01,,,,,,mg/L,2,N,A,FIU15789,,0,0,,,,,,25.042469,80.914819,,,FIU,FIU,,,,,,,,,,,,Sample Filtered with 0.7 glass fiber filter.
FLAB17,FLAB,3/12/97,SAMP,MON,SA,G,,0.1,,20,AMMONIA-N,NH4,0.0584,PMR,,0.06,,,,,,mg/L,2,N,A,FIU15791,,0,0,,,,,,25.042469,80.914819,,,FIU,FIU,,,,,,,,,,,,Sample Filtered with 0.7 glass fiber filter.
FLAB17,FLAB,4/16/97,SAMP,MON,SA,G,,0.1,,20,AMMONIA-N,NH4,0.0404,PMR,,0.04,,,,,,mg/L,2,N,A,FIU15793,,0,0,,,,,,25.042469,80.914819,,,FIU,FIU,,,,,,,,,,,,Sample Filtered with 0.7 glass fiber filter.
FLAB17,FLAB,5/22/97,SAMP,MON,SA,G,,0.1,,20,AMMONIA-N,NH4,0.0444,PMR,,0.04,,,,,,mg/L,2,N,A,FIU15795,,0,0,,,,,,25.042469,80.914819,,,FIU,FIU,,,,,,,,,,,,Sample Filtered with 0.7 glass fiber filter.
FLAB17,FLAB,6/12/97,SAMP,MON,SA,G,,0.1,,20,AMMONIA-N,NH4,0.084,PMR,,0.08,,,,,,mg/L,2,N,A,FIU15797,,0,0,,,,,,25.042469,80.914819,,,FIU,FIU,,,,,,,,,,,,Sample Filtered with 0.7 glass fiber filter.
FLAB17,FLAB,7/10/97,SAMP,MON,SA,G,,0.1,,20,AMMONIA-N,NH4,0.0207,PMR,,0.02,,,,,,mg/L,2,N,A,FIU15799,,0,0,,,,,,25.042469,80.914819,,,FIU,FIU,,,,,,,,,,,,Sample Filtered with 0.7 glass fiber filter.
FLAB17,FLAB,8/19/97,SAMP,MON,SA,G,,0.1,,20,AMMONIA-N,NH4,0.0305,PMR,,0.03,,,,,,mg/L,2,N,A,FIU15800,,0,0,,,,,,25.042469,80.914819,,,FIU,FIU,,,,,,,,,,,,Sample Filtered with 0.7 glass fiber filter.
FLAB17,FLAB,9/10/97,SAMP,MON,SA,G,,0.1,,20,AMMONIA-N,NH4,0.0492,PMR,,0.05,,,,,,mg/L,2,N,A,FIU15802,,0,0,,,,,,25.042469,80.914819,,,FIU,FIU,,,,,,,,,,,,Sample Filtered with 0.7 glass fiber filter.
FLAB17,FLAB,10/21/97,SAMP,MON,SA,G,,0.1,,20,AMMONIA-N,NH4,0.0304,PMR,,0.03,,,,,,mg/L,2,N,A,FIU15804,,0,0,,,,,,25.042469,80.914819,,,FIU,FIU,,,,,,,,,,,,Sample Filtered with 0.7 glass fiber filter.
FLAB17,FLAB,11/25/97,SAMP,MON,SA,G,,0.1,,20,AMMONIA-N,NH4,0.073,PMR,,0.07,,,,,,mg/L,2,N,A,FIU15806,,0,0,,,,,,25.042469,80.914819,,,FIU,FIU,,,,,,,,,,,,Sample Filtered with 0.7 glass fiber filter.
FLAB17,FLAB,12/12/97,SAMP,MON,SA,G,,0.1,,20,AMMONIA-N,NH4,0.0082,PMR,,0.01,,,,,,mg/L,2,N,A,FIU15808,,0,0,,,,,,25.042469,80.914819,,,FIU,FIU,,,,,,,,,,,,Sample Filtered with 0.7 glass fiber filter.
FLAB17,FLAB,1/21/98,SAMP,MON,SA,G,,0.1,,20,AMMONIA-N,NH4,0.0117,PMR,,0.01,,,,,,mg/L,2,N,A,FIU15810,,0,0,,,,,,25.042469,80.914819,,,FIU,FIU,,,,,,,,,,,,Sample Filtered with 0.7 glass fiber filter.
FLAB17,FLAB,2/18/98,SAMP,MON,SA,G,,0.1,,20,AMMONIA-N,NH4,0.0477,PMR,,0.05,,,,,,mg/L,2,N,A,FIU15812,,0,0,,,,,,25.042469,80.914819,,,FIU,FIU,,,,,,,,,,,,Sample Filtered with 0.7 glass fiber filter.
FLAB17,FLAB,3/20/98,SAMP,MON,SA,G,,0.1,,20,AMMONIA-N,NH4,0.038,PMR,,0.04,,,,,,mg/L,2,N,A,FIU15814,,0,0,,,,,,25.042469,80.914819,,,FIU,FIU,,,,,,,,,,,,Sample Filtered with 0.7 glass fiber filter.
FLAB17,FLAB,4/15/98,SAMP,MON,SA,G,,0.1,,20,AMMONIA-N,NH4,0.0158,PMR,,0.02,,,,,,mg/L,2,N,A,FIU15816,,0,0,,,,,,25.042469,80.914819,,,FIU,FIU,,,,,,,,,,,,Sample Filtered with 0.7 glass fiber filter.
FLAB17,FLAB,5/14/98,SAMP,MON,SA,G,,0.1,,20,AMMONIA-N,NH4,0.0167,PMR,,0.02,,,,,,mg/L,2,N,A,FIU15818,,0,0,,,,,,25.042469,80.914819,,,FIU,FIU,,,,,,,,,,,,Sample Filtered with 0.7 glass fiber filter.
FLAB17,FLAB,6/10/98,SAMP,MON,SA,G,,0.1,,20,AMMONIA-N,NH4,0.0219,PMR,,0.02,,,,,,mg/L,2,N,A,FIU15820,,0,0,,,,,,25.042469,80.914819,,,FIU,FIU,,,,,,,,,,,,Sample Filtered with 0.7 glass fiber filter.
FLAB17,FLAB,7/14/98,SAMP,MON,SA,G,,0.1,,20,AMMONIA-N,NH4,0.0105,PMR,,0.01,,,,,,mg/L,2,N,A,FIU15822,,0,0,,,,,,25.042469,80.914819,,,FIU,FIU,,,,,,,,,,,,Sample Filtered with 0.7 glass fiber filter.
FLAB17,FLAB,8/19/98,SAMP,MON,SA,G,,0.1,,20,AMMONIA-N,NH4,0.0082,PMR,,0.01,,,,,,mg/L,2,N,A,FIU15824,,0,0,,,,,,25.042469,80.914819,,,FIU,FIU,,,,,,,,,,,,Sample Filtered with 0.7 glass fiber filter.
FLAB17,FLAB,9/17/98,SAMP,MON,SA,G,,0.1,,20,AMMONIA-N,NH4,0.068,PMR,,0.07,,,,,,mg/L,2,N,A,FIU15826,,0,0,,,,,,25.042469,80.914819,,,FIU,FIU,,,,,,,,,,,,Sample Filtered with 0.7 glass fiber filter.
FLAB17,FLAB,9/30/98,SAMP,MON,SA,G,,0.1,,20,AMMONIA-N,NH4,0.2631,PMR,,0.26,,,,,,mg/L,2,N,A,FIU15828,,0,0,,,,,,25.042469,80.914819,,,FIU,FIU,,,,,,,,,,,,Sample Filtered with 0.7 glass fiber filter.
FLAB17,FLAB,11/3/98,SAMP,MON,SA,G,,0.1,,20,AMMONIA-N,NH4,0.0217,PMR,,0.02,,,,,,mg/L,2,N,A,FIU15830,,0,0,,,,,,25.042469,80.914819,,,FIU,FIU,,,,,,,,,,,,Sample Filtered with 0.7 glass fiber filter.
FLAB17,FLAB,12/1/98,SAMP,MON,SA,G,,0.1,,20,AMMONIA-N,NH4,0.0373,PMR,,0.04,,,,,,mg/L,2,N,A,FIU15832,,0,0,,,,,,25.042469,80.914819,,,FIU,FIU,,,,,,,,,,,,Sample Filtered with 0.7 glass fiber filter.
FLAB17,FLAB,1/14/99,SAMP,MON,SA,G,,0.1,,20,AMMONIA-N,NH4,0.028,PMR,,0.03,,,,,,mg/L,2,N,A,FIU15834,,0,0,,,,,,25.042469,80.914819,,,FIU,FIU,,,,,,,,,,,,Sample Filtered with 0.7 glass fiber filter.
FLAB17,FLAB,2/10/99,SAMP,MON,SA,G,,0.1,,20,AMMONIA-N,NH4,0.0189,PMR,,0.02,,,,,,mg/L,2,N,A,FIU15836,,0,0,,,,,,25.042469,80.914819,,,FIU,FIU,,,,,,,,,,,,Sample Filtered with 0.7 glass fiber filter.
FLAB17,FLAB,3/23/99,SAMP,MON,SA,G,,0.1,,20,AMMONIA-N,NH4,0.0116,PMR,,0.01,,,,,,mg/L,2,N,A,FIU15838,,0,0,,,,,,25.042469,80.914819,,,FIU,FIU,,,,,,,,,,,,Sample Filtered with 0.7 glass fiber filter.
FLAB17,FLAB,4/29/99,SAMP,MON,SA,G,,0.1,,20,AMMONIA-N,NH4,0.0216,PMR,,0.02,,,,,,mg/L,2,N,A,FIU15840,,0,0,,,,,,25.042469,80.914819,,,FIU,FIU,,,,,,,,,,,,Sample Filtered with 0.7 glass fiber filter.
FLAB17,FLAB,5/28/99,SAMP,MON,SA,G,,0.1,,20,AMMONIA-N,NH4,0.0227,PMR,,0.02,,,,,,mg/L,2,N,A,FIU15842,,0,0,,,,,,25.042469,80.914819,,,FIU,FIU,,,,,,,,,,,,Sample Filtered with 0.7 glass fiber filter.
FLAB17,FLAB,6/17/99,SAMP,MON,SA,G,,0.1,,20,AMMONIA-N,NH4,0.027,PMR,,0.03,,,,,,mg/L,2,N,A,FIU15844,,0,0,,,,,,25.042469,80.914819,,,FIU,FIU,,,,,,,,,,,,Sample Filtered with 0.7 glass fiber filter.
FLAB17,FLAB,7/6/99,SAMP,MON,SA,G,,0.1,,20,AMMONIA-N,NH4,0.0081,PMR,,0.0081,,,0.00084,,,mg/L,2,N,A,FIU15847,,0,0,,,,,,25.042469,80.914819,,,FIU,FIU,,,,,,,,EPA350.1,,00608,,Sample Filtered with 0.7 glass fiber filter.
FLAB17,FLAB,8/24/99,SAMP,MON,SA,G,,0.1,,20,AMMONIA-N,NH4,0.0406,PMR,,0.0406,,,0.00084,,,mg/L,2,N,A,FIU15849,,0,0,,,,,,25.042469,80.914819,,,FIU,FIU,,,,,,,,EPA350.1,,00608,,Sample Filtered with 0.7 glass fiber filter.
FLAB17,FLAB,9/23/99,SAMP,MON,SA,G,,0.1,,20,AMMONIA-N,NH4,0.0533,PMR,,0.0533,,,0.00084,,,mg/L,2,N,A,FIU15851,,0,0,,,,,,25.042469,80.914819,,,FIU,FIU,,,,,,,,EPA350.1,,00608,,Sample Filtered with 0.7 glass fiber filter.
FLAB17,FLAB,10/26/99,SAMP,MON,SA,G,,0.1,,20,AMMONIA-N,NH4,0.0024,PMR,,0.0024,,,0.00084,,,mg/L,2,N,A,FIU15853,,0,0,,,,,,25.042469,80.914819,,,FIU,FIU,,,,,,,,EPA350.1,,00608,,Sample Filtered with 0.7 glass fiber filter.
FLAB17,FLAB,11/12/99,SAMP,MON,SA,G,,0.1,,20,AMMONIA-N,NH4,0.0019,PMR,,0.0019,,,0.00084,,,mg/L,2,N,A,FIU15856,,0,0,,,,,,25.042469,80.914819,,,FIU,FIU,,,,,,,,EPA350.1,,00608,,Sample Filtered with 0.7 glass fiber filter.
FLAB17,FLAB,12/3/99,SAMP,MON,SA,G,,0.1,,20,AMMONIA-N,NH4,0.0104,PMR,,0.0104,,,0.00084,,,mg/L,2,N,A,FIU15859,,0,0,,,,,,25.042469,80.914819,,,FIU,FIU,,,,,,,,EPA350.1,,00608,,Sample Filtered with 0.7 glass fiber filter.
FLAB17,FLAB,1/25/00,SAMP,MON,SA,G,,0.1,,20,AMMONIA-N,NH4,0.0055,PMR,,0.0055,,,0.00084,,,mg/L,2,N,A,FIU15862,,0,0,,,,,,25.042469,80.914819,,,FIU,FIU,,,,,,,,EPA350.1,,00608,,Sample Filtered with 0.7 glass fiber filter.
FLAB17,FLAB,2/28/00,SAMP,MON,SA,G,,0.1,,20,AMMONIA-N,NH4,0.0067,PMR,,0.0067,,,0.00084,,,mg/L,2,N,A,FIU15865,,0,0,,,,,,25.042469,80.914819,,,FIU,FIU,,,,,,,,EPA350.1,,00608,,Sample Filtered with 0.7 glass fiber filter.
FLAB17,FLAB,3/21/00,SAMP,MON,SA,G,,0.1,,20,AMMONIA-N,NH4,0.0053,PMR,,0.0053,,,0.00084,,,mg/L,2,N,A,FIU15868,,0,0,,,,,,25.042469,80.914819,,,FIU,FIU,,,,,,,,EPA350.1,,00608,,Sample Filtered with 0.7 glass fiber filter.
FLAB17,FLAB,4/13/00,SAMP,MON,SA,G,,0.1,,20,AMMONIA-N,NH4,0.0046,PMR,,0.0046,,,0.00084,,,mg/L,2,N,A,FIU15871,,0,0,,,,,,25.042469,80.914819,,,FIU,FIU,,,,,,,,EPA350.1,,00608,,Sample Filtered with 0.7 glass fiber filter.
FLAB17,FLAB,5/30/00,SAMP,MON,SA,G,,0.1,,20,AMMONIA-N,NH4,0.014,PMR,V,0.014,,,0.00084,,,mg/L,2,N,A,FIU15873,,0,0,,,,,,25.042469,80.914819,,,FIU,FIU,,,,,,,,EPA350.1,,00608,,SAMPLE ASSOCIATED WITH POSITIVE EB.  Sample Filtered with 0.7 glass fiber filter.
FLAB17,FLAB,6/20/00,SAMP,MON,SA,G,,0.1,,20,AMMONIA-N,NH4,0.011,PMR,,0.011,,,0.00084,,,mg/L,2,N,A,FIU15875,,0,0,,,,,,25.042469,80.914819,,,FIU,FIU,,,,,,,,EPA350.1,,00608,,Sample Filtered with 0.7 glass fiber filter.
FLAB17,FLAB,7/20/00,SAMP,MON,SA,G,,0.1,,20,AMMONIA-N,NH4,0.0151,PMR,,0.0151,,,0.00084,,,mg/L,2,N,A,FIU15877,,0,0,,,,,,25.042469,80.914819,,,FIU,FIU,,,,,,,,EPA350.1,,00608,,Sample Filtered with 0.7 glass fiber filter.
FLAB17,FLAB,8/29/00,SAMP,MON,SA,G,,0.1,,20,AMMONIA-N,NH4,0.0087,PMR,,0.0087,,,0.00084,,,mg/L,2,N,A,FIU15879,,0,0,,,,,,25.042469,80.914819,,,FIU,FIU,,,,,,,,EPA350.1,,00608,,Sample Filtered with 0.7 glass fiber filter.
FLAB17,FLAB,9/28/00,SAMP,MON,SA,G,,0.1,,20,AMMONIA-N,NH4,0.0139,PMR,,0.0139,,,0.00084,,,mg/L,2,N,A,FIU15881,,0,0,,,,,,25.042469,80.914819,,,FIU,FIU,,,,,,,,EPA350.1,,00608,,Sample Filtered with 0.7 glass fiber filter.
FLAB17,FLAB,10/26/00,SAMP,MON,SA,G,,0.1,,20,AMMONIA-N,NH4,0.0047,PMR,,0.0047,,,0.00084,,,mg/L,2,N,A,FIU15883,,0,0,,,,,,25.042469,80.914819,,,FIU,FIU,,,,,,,,EPA350.1,,00608,,Sample Filtered with 0.7 glass fiber filter.
FLAB17,FLAB,11/30/00,SAMP,MON,SA,G,,0.1,,20,AMMONIA-N,NH4,0.0053,PMR,,0.0053,,,0.00084,,,mg/L,2,N,A,FIU15885,,0,0,,,,,,25.042469,80.914819,,,FIU,FIU,,,,,,,,EPA350.1,,00608,,Sample Filtered with 0.7 glass fiber filter.
FLAB17,FLAB,12/11/00,SAMP,MON,SA,G,,0.1,,20,AMMONIA-N,NH4,0.0045,PMR,,0.0045,,,0.00084,,,mg/L,2,N,A,FIU15887,,0,0,,,,,,25.042469,80.914819,,,FIU,FIU,,,,,,,,EPA350.1,,00608,,Sample Filtered with 0.7 glass fiber filter.
FLAB17,FLAB,1/25/01,SAMP,MON,SA,G,,0.1,,20,AMMONIA-N,NH4,0.0027,PMR,,0.0027,,,0.0014,,,mg/L,2,N,A,FIU15889,,0,0,,,,,,25.042469,80.914819,,,FIU,FIU,,,,,,,,EPA350.1,,00608,,Sample Filtered with 0.7 glass fiber filter.
FLAB17,FLAB,2/21/01,SAMP,MON,SA,G,,0.1,,20,AMMONIA-N,NH4,0.0037,PMR,,0.0037,,,0.0014,,,mg/L,2,N,A,FIU15891,,0,0,,,,,,25.042469,80.914819,,,FIU,FIU,,,,,,,,EPA350.1,,00608,,Sample Filtered with 0.7 glass fiber filter.
FLAB17,FLAB,3/6/01,SAMP,MON,SA,G,,0.1,,20,AMMONIA-N,NH4,0.0044,PMR,,0.0044,,,0.0014,,,mg/L,2,N,A,FIU15893,,0,0,,,,,,25.042469,80.914819,,,FIU,FIU,,,,,,,,EPA350.1,,00608,,Sample Filtered with 0.7 glass fiber filter.
FLAB17,FLAB,4/3/01,SAMP,MON,SA,G,,0.1,,20,AMMONIA-N,NH4,0.005,PMR,,0.005,,,0.0014,,,mg/L,2,N,A,FIU15895,,0,0,,,,,,25.042469,80.914819,,,FIU,FIU,,,,,,,,EPA350.1,,00608,,Sample Filtered with 0.7 glass fiber filter.
FLAB17,FLAB,5/2/01,SAMP,MON,SA,G,,0.1,,20,AMMONIA-N,NH4,0.0065,PMR,,0.0065,,,0.0014,,,mg/L,2,N,A,FIU15897,,0,0,,,,,,25.042469,80.914819,,,FIU,FIU,,,,,,,,EPA350.1,,00608,,Sample Filtered with 0.7 glass fiber filter.
FLAB17,FLAB,6/5/01,SAMP,MON,SA,G,,0.1,,20,AMMONIA-N,NH4,0.0083,PMR,,0.0083,,,0.0014,,,mg/L,2,N,A,FIU110790,,0,0,,,,,,25.042469,80.914819,,,FIU,FIU,,,,,,,,EPA350.1,,00608,,Sample Filtered with 0.7 glass fiber filter.
FLAB17,FLAB,7/12/01,SAMP,MON,SA,G,,0.1,,20,AMMONIA-N,NH4,0.0117,PMR,,0.0117,,,0.0014,,,mg/L,2,N,A,FIU15899,,0,0,,,,,,25.042469,80.914819,,,FIU,FIU,,,,,,,,EPA350.1,,00608,,Sample Filtered with 0.7 glass fiber filter.
FLAB17,FLAB,8/14/01,SAMP,MON,SA,G,,0.1,,20,AMMONIA-N,NH4,0.0095,PMR,,0.0095,,,0.0014,,,mg/L,2,N,A,FIU15901,,0,0,,,,,,25.042469,80.914819,,,FIU,FIU,,,,,,,,EPA350.1,,00608,,Sample Filtered with 0.7 glass fiber filter.
FLAB17,FLAB,9/5/01,SAMP,MON,SA,G,,0.1,,20,AMMONIA-N,NH4,0.008,PMR,,0.008,,,0.0014,,,mg/L,2,N,A,FIU15903,,0,0,,,,,,25.042469,80.914819,,,FIU,FIU,,,,,,,,EPA350.1,,00608,,Sample Filtered with 0.7 glass fiber filter.
FLAB17,FLAB,10/23/01,SAMP,MON,SA,G,,0.1,,20,AMMONIA-N,NH4,0.0355,PMR,,0.0355,,,0.0014,,,mg/L,2,N,A,FIU110504,,0,0,,,,,,25.042469,80.914819,,,FIU,FIU,,,,,,128017,11/2/01 0:00,EPA350.1,,00608,,Sample Filtered with 0.7 glass fiber filter.
FLAB17,FLAB,11/8/01,SAMP,MON,SA,G,,0.1,,20,AMMONIA-N,NH4,0.0019,PMR,,0.0019,,,0.0014,,,mg/L,2,N,A,FIU110506,,0,0,,,,,,25.042469,80.914819,,,FIU,FIU,,,,,,129017,11/21/01 0:00,EPA350.1,,00608,,Sample Filtered with 0.7 glass fiber filter.
FLAB17,FLAB,12/3/01,SAMP,MON,SA,G,,0.1,,20,AMMONIA-N,NH4,0.0042,PMR,Q,0.0042,,,0.0014,,,mg/L,2,N,A,FIU110508,,0,0,,,,,,25.042469,80.914819,,,FIU,FIU,,,,,,130017,2/4/02 0:00,EPA350.1,,00608,,OUT OF HOLDING TIME.  Sample Filtered with 0.7 glass fiber filter.
FLAB17,FLAB,1/29/02,SAMP,MON,SA,G,,0.1,,20,AMMONIA-N,NH4,0.002,,,0.002,,,0.0014,,,mg/L,2,N,A,FIU113136,,0,0,,,,,,25.042469,80.914819,,,FIU,FIU,,,,,,131017,2/22/02 0:00,EPA350.1,,00608,,
FLAB17,FLAB,2/20/02,SAMP,MON,SA,G,,0.1,,20,AMMONIA-N,NH4,0.004,,,0.004,,,0.0014,,,mg/L,2,N,A,FIU113138,,0,0,,,,,,25.042469,80.914819,,,FIU,FIU,,,,,,132017,3/26/02 0:00,EPA350.1,,00608,,
FLAB17,FLAB,3/19/02,SAMP,MON,SA,G,,0.1,,20,AMMONIA-N,NH4,0.0058,,,0.0058,,,0.0014,,,mg/L,2,N,A,FIU113140,,0,0,,,,,,25.042469,80.914819,,,FIU,FIU,,,,,,133017,4/2/02 0:00,EPA350.1,,00608,,
FLAB17,FLAB,4/9/02,SAMP,MON,SA,G,,0.1,,20,AMMONIA-N,NH4,0.0044,,,0.0044,,,0.0014,,,mg/L,2,N,A,134017,,0,0,,,,,,25.042469,80.914819,,,FIU,FIU,,,,,,134017,4/22/02 0:00,EPA350.1,,608,,
FLAB17,FLAB,5/15/02,SAMP,MON,SA,G,,0.1,,20,AMMONIA-N,NH4,0.0155,,,0.0155,,,0.0018,,,mg/L,2,N,A,135017,,0,0,,,,,,25.042469,80.914819,,,FIU,FIU,,,,,,135017,5/30/02 10:54,EPA350.1,,608,,
FLAB17,FLAB,6/4/02,SAMP,MON,SA,G,,0.1,,20,AMMONIA-N,NH4,0.0352,,,0.0352,,,0.0018,,,mg/L,2,N,A,136017,,0,0,,,,,,25.042469,80.914819,,,FIU,FIU,,,,,,136017,6/10/02 11:20,EPA350.1,,608,,
FLAB17,FLAB,7/11/02,SAMP,MON,SA,G,,0.1,,20,AMMONIA-N,NH4,0.0174,,,0.0174,,,0.0018,0.0076,,mg/L,2,N,A,137017,,0,0,,,,,,25.042469,80.914819,,,FIU,FIU,,,,,,137017,7/18/02 10:26,EPA350.1,,608,,
FLAB17,FLAB,8/19/02,SAMP,MON,SA,G,,0.1,,20,AMMONIA-N,NH4,0.0156,,,0.0156,,,0.0018,0.0076,,mg/L,2,N,A,138017,,0,0,,,,,,25.042469,80.914819,,,FIU,FIU,,,,,,138017,8/20/02 14:16,EPA350.1,,00608,,
FLAB17,FLAB,9/17/02,SAMP,MON,SA,G,,0.1,,20,AMMONIA-N,NH4,0.0091,,,0.0091,,,0.0018,0.0076,,mg/L,2,N,A,139017,,0,0,,,,,,25.042469,80.914819,,,FIU,FIU,,,,,,139017,9/26/02 8:10,EPA350.1,,00608,,
FLAB17,FLAB,10/17/02,SAMP,MON,SA,G,,0.1,,20,AMMONIA-N,NH4,0.0031,,,0.0031,,,0.0018,0.0076,,mg/L,2,N,A,140017,,0,0,,,,,,25.042469,80.914819,,,FIU,FIU,,,,,,140017,10/23/02 12:27,EPA350.1,,00608,,
FLAB17,FLAB,11/14/02,SAMP,MON,SA,G,,0.1,,20,AMMONIA-N,NH4,0.0077,,,0.0077,,,0.0018,0.0076,,mg/L,2,N,A,141017,,0,0,,,,,,25.042469,80.914819,,,FIU,FIU,,,,,,141017,11/26/02 12:00,EPA350.1,,00608,,
FLAB17,FLAB,12/11/02,SAMP,MON,SA,G,,0.1,,20,AMMONIA-N,NH4,0.0221,,,0.0221,,,0.0018,0.0076,,mg/L,2,N,A,142017,,0,0,,,,,,25.042469,80.914819,,,FIU,FIU,,,,,,142017,12/16/02 13:57,EPA350.1,,00608,,
FLAB17,FLAB,1/28/03,SAMP,MON,SA,G,,0.1,,20,AMMONIA-N,NH4,0.0018,U,,-0.0018,,,0.0018,0.0076,,mg/L,2,Y,A,143017,,0,0,,,,,,25.042469,80.914819,,,FIU,FIU,,,,,,143017,1/30/03 11:02,EPA350.1,,00608,,
FLAB17,FLAB,2/25/03,SAMP,MON,SA,G,,0.1,,20,AMMONIA-N,NH4,0.0078,,,0.0078,,,0.0018,0.0076,,mg/L,2,N,A,144017,,0,0,,,,,,25.042469,80.914819,,,FIU,FIU,,,,,,144017,2/27/03 13:25,EPA350.1,,00608,,
FLAB17,FLAB,3/13/03,SAMP,MON,SA,G,,0.1,,20,AMMONIA-N,NH4,0.0099,,,0.0099,,,0.0018,0.0076,,mg/L,2,N,A,145017,,0,0,,,,,,25.042469,80.914819,,,FIU,FIU,,,,,,145017,3/19/03 13:44,EPA350.1,,00608,,
FLAB17,FLAB,4/9/03,SAMP,MON,SA,G,,0.1,,20,AMMONIA-N,NH4,0.0039,I,,0.0039,,,0.0018,0.0076,,mg/L,2,N,A,146017,,0,0,,,,,,25.042469,80.914819,,,FIU,FIU,,,,,,146017,4/14/03 8:31,EPA350.1,,608,,
FLAB17,FLAB,5/8/03,SAMP,MON,SA,G,,0.1,,20,AMMONIA-N,NH4,0.0059,I,,0.0059,,,0.0018,0.0076,,mg/L,2,N,A,147017,,0,0,,,,,,25.042469,80.914819,,,FIU,FIU,,,,,,147017,5/14/03 13:09,EPA350.1,,608,,
FLAB17,FLAB,6/10/03,SAMP,MON,SA,G,,0.1,,20,AMMONIA-N,NH4,0.0102,,,0.0102,,,0.0018,0.0076,,mg/L,2,N,A,148017,,0,0,,,,,,25.042469,80.914819,,,FIU,FIU,,,,,,148017,6/17/03 11:08,EPA350.1,,608,,
FLAB17,FLAB,7/1/03,SAMP,MON,SA,G,,0.1,,20,AMMONIA-N,NH4,0.0048,,,0.0048,,,0.0018,0.0076,,mg/L,2,N,A,149017,,0,0,,,,,,25.042469,80.914819,,,FIU,FIU,,,,,,149017,7/8/03 10:36,EPA350.1,,608,,
FLAB17,FLAB,8/25/03,SAMP,MON,SA,G,,0.1,,20,AMMONIA-N,NH4,0.0138,,,0.0138,,,0.0018,0.0076,,mg/L,2,N,A,150017,,0,0,,,,,,25.042469,80.914819,,,FIU,FIU,,,,,,150017,9/17/03 15:53,EPA350.1,,608,,
FLAB17,FLAB,9/9/03,SAMP,MON,SA,G,,0.1,,20,AMMONIA-N,NH4,0.0063,I,,0.0063,,,0.0018,0.0076,,mg/L,2,N,A,151017,,0,0,,,,,,25.042469,80.914819,,,FIU,FIU,,,,,,151017,9/26/03 10:28,EPA350.1,,608,,
FLAB17,FLAB,10/15/03,SAMP,MON,SA,G,,0.1,,20,AMMONIA-N,NH4,0.012,,,0.012,,,0.0018,0.0076,,mg/L,2,N,A,152017,,0,0,,,,,,25.042469,80.914819,,,FIU,FIU,,,,,,152017,11/3/03 11:21,EPA350.1,,608,,
FLAB17,FLAB,11/7/03,SAMP,MON,SA,G,,0.1,,20,AMMONIA-N,NH4,0.0091,,,0.0091,,,0.0018,0.0076,,mg/L,2,N,A,153017,,0,0,,,,,,25.042469,80.914819,,,FIU,FIU,,,,,,153017,11/17/03 13:20,EPA350.1,,608,,
FLAB17,FLAB,12/3/03,SAMP,MON,SA,G,,0.1,,20,AMMONIA-N,NH4,0.0018,U,,-0.0018,,,0.0018,0.0076,,mg/L,2,Y,A,154017,,0,0,,,,,,25.042469,80.914819,,,FIU,FIU,,,,,,154017,12/15/03 15:07,EPA350.1,,608,,
FLAB17,FLAB,1/21/04,SAMP,MON,SA,G,,0.1,,20,AMMONIA-N,NH4,0.0043,I,,0.0043,,,0.0036,0.016,,mg/L,2,N,A,155017,,0,0,,,,,,25.042469,80.914819,,,FIU,FIU,,,,,,155017,1/28/04 8:43,EPA350.1,,608,,SAMPLE FILTERED WITH 0.7 GLASS FIBER FILTER.
FLAB17,FLAB,2/24/04,SAMP,MON,SA,G,,0.1,,20,AMMONIA-N,NH4,0.0086,I,,0.0086,,,0.0036,0.016,,mg/L,2,N,A,156017,,0,0,,,,,,25.042469,80.914819,,,FIU,FIU,,,,,,156017,2/27/04 12:41,EPA350.1,,608,,SAMPLE FILTERED WITH 0.7 GLASS FIBER FILTER.
FLAB17,FLAB,3/23/04,SAMP,MON,SA,G,,0.1,,20,AMMONIA-N,NH4,0.0036,U,,-0.0036,,,0.0036,0.016,,mg/L,2,Y,A,157017,,0,0,,,,,,25.042469,80.914819,,,FIU,FIU,,,,,,157017,3/29/04 10:43,EPA350.1,,608,,SAMPLE FILTERED WITH 0.7 GLASS FIBER FILTER.
FLAB17,FLAB,4/21/04,SAMP,MON,SA,G,,0.1,,20,AMMONIA-N,NH4,0.0036,U,PMR,-0.0036,,,0.0036,0.016,,mg/L,2,Y,A,158017,,0,0,,,,,,25.042469,80.914819,,,FIU,FIU,,,,,,158017,4/27/04 11:57,EPA350.1,,608,,SAMPLE FILTERED WITH 0.7 GLASS FIBER FILTER.
FLAB17,FLAB,5/21/04,SAMP,MON,SA,G,,0.1,,20,AMMONIA-N,NH4,0.0036,U,PMR,-0.0036,,,0.0036,0.016,,mg/L,2,Y,A,159017,,0,0,,,,,,25.042469,80.914819,,,FIU,FIU,,,,,,159017,5/25/04 12:02,EPA350.1,,608,,SAMPLE FILTERED WITH 0.7 GLASS FIBER FILTER.
FLAB17,FLAB,6/28/04,SAMP,MON,SA,G,,0.1,,20,AMMONIA-N,NH4,0.0036,U,PMR,-0.0036,,,0.0036,0.016,,mg/L,2,Y,A,160017,,0,0,,,,,,25.042469,80.914819,,,FIU,FIU,,,,,,160017,7/2/04 8:28,EPA350.1,,608,,SAMPLE FILTERED WITH 0.7 GLASS FIBER FILTER.
FLAB17,FLAB,7/27/04,SAMP,MON,SA,G,,0.1,,20,AMMONIA-N,NH4,0.0073,I,PMR,0.0073,,,0.0036,0.016,,mg/L,2,N,A,161017,,0,0,,,,,,25.042469,80.914819,,,FIU,FIU,,,,,,161017,8/4/04 10:25,EPA350.1,,608,,SAMPLE FILTERED WITH 0.7 GLASS FIBER FILTER.
FLAB17,FLAB,8/24/04,SAMP,MON,SA,G,,0.1,,20,AMMONIA-N,NH4,0.0131,I,PMR,0.0131,,,0.0036,0.016,,mg/L,2,N,A,162017,,0,0,,,,,,25.042469,80.914819,,,FIU,FIU,,,,,,162017,8/31/04 13:08,EPA350.1,,608,,SAMPLE FILTERED WITH 0.7 GLASS FIBER FILTER.
FLAB17,FLAB,9/28/04,SAMP,MON,SA,G,,0.1,,20,AMMONIA-N,NH4,0.0062,I,PMR,0.0062,,,0.0036,0.016,,mg/L,2,N,A,163017,,0,0,,,,,,25.042469,80.914819,,,FIU,FIU,,,,,,163017,10/4/04 10:11,EPA350.1,,608,,SAMPLE FILTERED WITH 0.7 GLASS FIBER FILTER.
FLAB17,FLAB,10/26/04,SAMP,MON,SA,G,,0.1,,20,AMMONIA-N,NH4,0.0036,U,PMR,-0.0036,,,0.0036,0.016,,mg/L,2,Y,A,164017,,0,0,,,,,,25.042469,80.914819,,,FIU,FIU,,,,,,164017,11/2/04 10:51,EPA350.1,,608,,SAMPLE FILTERED WITH 0.7 GLASS FIBER FILTER.
FLAB17,FLAB,11/29/04,SAMP,MON,SA,G,,0.1,,20,AMMONIA-N,NH4,0.0073,I,PMR,0.0073,,,0.0036,0.016,,mg/L,2,N,A,165017,,0,0,,,,,,25.042469,80.914819,,,FIU,FIU,,,,,,165017,12/3/04 10:17,EPA350.1,,608,,SAMPLE FILTERED WITH 0.7 GLASS FIBER FILTER.
FLAB17,FLAB,12/14/04,SAMP,MON,SA,G,,0.1,,20,AMMONIA-N,NH4,0.0038,I,PMR,0.0038,,,0.0036,0.016,,mg/L,2,N,A,166017,,0,0,,,,,,25.042469,80.914819,,,FIU,FIU,,,,,,166017,12/20/04 12:50,EPA350.1,,608,,SAMPLE FILTERED WITH 0.7 GLASS FIBER FILTER.
FLAB17,FLAB,10/9/06,SAMP,MON,SA,G,,0,,20,AMMONIA-N,NH4,0.00594,"Y,I,J5",yes,0.00594,,1,0.00574,0.014,,mg/L,2,N,A,FB188FB017FA,,0,0,,,,,,25.042469,80.914819,FIU,E76930,FIU,WMD,WMD,2,BA,CA,,AB64793,10/11/06 10:21,EPA 350.1,,608,,"Exceded Batch Size NELAC certified, DEP variance will be obtained by Dec 2008"
FLAB17,FLAB,10/9/06,SAMP,MON,SA,G,,0,,20,AMMONIA-N,NH4,0.00786,"Y,I,J5",yes,0.00786,,1,0.00574,0.014,,mg/L,2,N,A,FB188FB017FB,,0,0,,,,,,25.042469,80.914819,FIU,E76930,FIU,WMD,WMD,2,BA,CA,,AB64794,10/11/06 10:21,EPA 350.1,,608,,"Exceded Batch Size NELAC certified, DEP variance will be obtained by Dec 2008"
FLAB17,FLAB,11/7/06,SAMP,MON,SA,G,,0,,20,AMMONIA-N,NH4,0.00574,"Y,U,J5",yes,-0.00574,,1,0.00574,0.014,,mg/L,2,Y,A,FB189FB017FA,,0,0,,,,,,25.042469,80.914819,FIU,E76930,FIU,WMD,WMD,2,BA,CA,,AB70874,11/15/06 10:11,EPA 350.1,,608,,"Exceded Batch Size Exceded Batch Size NELAC certified, DEP variance will be obtained by Dec 2008"
FLAB17,FLAB,11/7/06,SAMP,MON,SA,G,,0,,20,AMMONIA-N,NH4,0.00574,"Y,U,J5",yes,-0.00574,,1,0.00574,0.014,,mg/L,2,Y,A,FB189FB017FB,,0,0,,,,,,25.042469,80.914819,FIU,E76930,FIU,WMD,WMD,2,BA,CA,,AB70875,11/15/06 10:11,EPA 350.1,,608,,"Exceded Batch Size Exceded Batch Size NELAC certified, DEP variance will be obtained by Dec 2008"
FLAB17,FLAB,12/3/06,SAMP,MON,SA,G,,0,,20,AMMONIA-N,NH4,0.00868,"Y,I,J5,J",yes,0.00868,,1,0.00574,0.014,,mg/L,2,N,A,FB190FB017FA,,0,0,,,,,,25.042469,80.914819,FIU,E76930,FIU,WMD,WMD,2,BA,CA,,ab72194,12/18/06 10:25,EPA 350.1,,608,,"Matrix Spike Recovery Outside of Control Limits.; Exceded Batch Size Exceded Batch Size NELAC certified, DEP variance will be obtained by Dec 2008"
FLAB17,FLAB,12/3/06,SAMP,MON,SA,G,,0,,20,AMMONIA-N,NH4,0.00751,"Y,I,J5,J",yes,0.00751,,1,0.00574,0.014,,mg/L,2,N,A,FB190FB017FB,,0,0,,,,,,25.042469,80.914819,FIU,E76930,FIU,WMD,WMD,2,BA,CA,,ab72195,12/18/06 10:25,EPA 350.1,,608,,"Matrix Spike Recovery Outside of Control Limits.; Exceded Batch Size Exceded Batch Size NELAC certified, DEP variance will be obtained by Dec 2008"
FLAB17,FLAB,1/11/07,SAMP,MON,SA,G,,0,,20,AMMONIA-N,NH4,0.00574,"A,Y,U,J5",yes,-0.00574,,1,0.00574,0.014,,mg/L,2,Y,A,FB191FB017FB,,0,0,,,,,,25.042469,80.914819,FIU,E76930,FIU,WMD,WMD,2,BA,CA,,ab74851,1/13/07 13:24,EPA 350.1,,608,,"Exceded Batch Size NELAC certified, DEP variance will be obtained by Dec 2008"
FLAB17,FLAB,1/11/07,SAMP,MON,SA,G,,0,,20,AMMONIA-N,NH4,0.00574,"A,Y,U,J5",yes,-0.00574,,1,0.00574,0.014,,mg/L,2,Y,A,FB191FB017FA,,0,0,,,,,,25.042469,80.914819,FIU,E76930,FIU,WMD,WMD,2,BA,CA,,ab74850,1/13/07 13:24,EPA 350.1,,608,,"Exceded Batch Size NELAC certified, DEP variance will be obtained by Dec 2008"
FLAB17,FLAB,2/7/07,SAMP,MON,SA,G,,0,,20,AMMONIA-N,NH4,0.00574,"A,Y,U,J5",yes,-0.00574,,1,0.00574,0.014,,mg/L,2,Y,A,FB192FB017FB,,0,0,,,,,,25.042469,80.914819,FIU,E76930,FIU,WMD,WMD,2,BA,CA,,AB76749,2/9/07 9:18,EPA 350.1,,608,,"NELAC certified, DEP variance will be obtained by Dec 2008   Missing LCS"
FLAB17,FLAB,2/7/07,SAMP,MON,SA,G,,0,,20,AMMONIA-N,NH4,0.00574,"A,Y,U,J5",yes,-0.00574,,1,0.00574,0.014,,mg/L,2,Y,A,FB192FB017FA,,0,0,,,,,,25.042469,80.914819,FIU,E76930,FIU,WMD,WMD,2,BA,CA,,AB76748,2/9/07 9:18,EPA 350.1,,608,,"NELAC certified, DEP variance will be obtained by Dec 2008   Missing LCS"
FLAB17,FLAB,3/12/07,SAMP,MON,SA,G,,0,,20,AMMONIA-N,NH4,0.02434,"A,Y,J5",yes,0.02434,,1,0.00574,0.014,,mg/L,2,N,A,FB193FB017FB,,0,0,,,,,,25.042469,80.914819,FIU,E76930,FIU,WMD,WMD,2,BA,CA,,AB77999,3/19/07 11:06,EPA 350.1,,608,,"NELAC certified, DEP variance will be obtained by Dec 2008   Missing LCS"
FLAB17,FLAB,3/12/07,SAMP,MON,SA,G,,0,,20,AMMONIA-N,NH4,0.02515,"A,Y,J5",yes,0.02515,,1,0.00574,0.014,,mg/L,2,N,A,FB193FB017FA,,0,0,,,,,,25.042469,80.914819,FIU,E76930,FIU,WMD,WMD,2,BA,CA,,AB77998,3/19/07 11:06,EPA 350.1,,608,,"NELAC certified, DEP variance will be obtained by Dec 2008   Missing LCS"
FLAB17,FLAB,4/3/07,SAMP,MON,SA,G,,0,,20,AMMONIA-N,NH4,0.00574,"Y,U,J5",yes,-0.00574,,1,0.00574,0.014,,mg/L,2,Y,A,FB194FB017FA,,0,0,,,,,,25.042469,80.914819,FIU,E76930,FIU,WMD,WMD,2,BA,CA,,AB79023,4/10/07 10:25,EPA 350.1,,608,,"Exceded Batch Size NELAC certified, DEP variance will be obtained by Dec 2008"
FLAB17,FLAB,4/3/07,SAMP,MON,SA,G,,0,,20,AMMONIA-N,NH4,0.00574,"Y,U,J5",yes,-0.00574,,1,0.00574,0.014,,mg/L,2,Y,A,FB194FB017FB,,0,0,,,,,,25.042469,80.914819,FIU,E76930,FIU,WMD,WMD,2,BA,CA,,AB79024,4/10/07 10:25,EPA 350.1,,608,,"Exceded Batch Size NELAC certified, DEP variance will be obtained by Dec 2008"
FLAB17,FLAB,5/1/07,SAMP,MON,SA,G,,0,,20,AMMONIA-N,NH4,0.00574,"Y,U,J5",yes,-0.00574,,1,0.00574,0.014,,mg/L,2,Y,A,FB195FB017FB,,0,0,,,,,,25.042469,80.914819,FIU,E76930,FIU,WMD,WMD,2,BA,CA,,AB82085,5/9/07 10:18,EPA 350.1,,608,,"Exceded Batch Size NELAC certified, DEP variance will be obtained by Dec 2008"
FLAB17,FLAB,5/1/07,SAMP,MON,SA,G,,0,,20,AMMONIA-N,NH4,0.00574,"Y,U,J5",yes,-0.00574,,1,0.00574,0.014,,mg/L,2,Y,A,FB195FB017FA,,0,0,,,,,,25.042469,80.914819,FIU,E76930,FIU,WMD,WMD,2,BA,CA,,AB82084,5/9/07 10:18,EPA 350.1,,608,,"Exceded Batch Size NELAC certified, DEP variance will be obtained by Dec 2008"
FLAB17,FLAB,6/6/07,SAMP,MON,SA,G,,0,,20,AMMONIA-N,NH4,0.00574,"Y,U,J5",yes,-0.00574,,1,0.00574,0.014,,mg/L,2,Y,A,FB196FB017FA,,0,0,,,,,,25.042469,80.914819,FIU,E76930,FIU,WMD,WMD,2,BA,CA,,AB83983,6/12/07 9:16,EPA 350.1,,608,,"Exceded Batch Size NELAC certified, DEP variance will be obtained by Dec 2008"
FLAB17,FLAB,6/6/07,SAMP,MON,SA,G,,0,,20,AMMONIA-N,NH4,0.00574,"Y,U,J5",yes,-0.00574,,1,0.00574,0.014,,mg/L,2,Y,A,FB196FB017FB,,0,0,,,,,,25.042469,80.914819,FIU,E76930,FIU,WMD,WMD,2,BA,CA,,AB83984,6/12/07 9:16,EPA 350.1,,608,,"Exceded Batch Size NELAC certified, DEP variance will be obtained by Dec 2008"
FLAB17,FLAB,7/3/07,SAMP,MON,SA,G,,0,,20,AMMONIA-N,NH4,0.00854,"A,I,Y",yes,0.00854,,1,0.00574,0.01,,mg/L,2,N,A,FB197FB017FA,,0,0,,,,,,25.042469,80.914819,FIU,E76930,FIU,WMD,WMD,2,BA,CA,,AB85562,7/9/07 8:41,EPA 350.1,,608,,
FLAB17,FLAB,7/3/07,SAMP,MON,SA,G,,0,,20,AMMONIA-N,NH4,0.00891,"A,I,Y",yes,0.00891,,1,0.00574,0.01,,mg/L,2,N,A,FB197FB017FB,,0,0,,,,,,25.042469,80.914819,FIU,E76930,FIU,WMD,WMD,2,BA,CA,,AB85563,7/9/07 8:41,EPA 350.1,,608,,
FLAB17,FLAB,8/7/07,SAMP,MON,SA,G,,0,,20,AMMONIA-N,NH4,0.01,"A,I,J,Y",yes,0.01,,1,0.00574,0.01,,mg/L,2,N,A,FB198FB017FB,,0,0,,,,,,25.042469,80.914819,FIU,E76930,FIU,WMD,WMD,2,BA,CA,,AB89020,8/14/07 11:54,EPA 350.1,,608,,Matrix Spike Recovery Outside of Control Limits.; 
FLAB17,FLAB,8/7/07,SAMP,MON,SA,G,,0,,20,AMMONIA-N,NH4,0.01,"A,J,Y",yes,0.01,,1,0.00574,0.01,,mg/L,2,N,A,FB198FB017FA,,0,0,,,,,,25.042469,80.914819,FIU,E76930,FIU,WMD,WMD,2,BA,CA,,AB89019,8/14/07 11:54,EPA 350.1,,608,,Matrix Spike Recovery Outside of Control Limits.; 
FLAB17,FLAB,9/5/07,SAMP,MON,SA,G,,0,,20,AMMONIA-N,NH4,0.00684,"A,I,Y",yes,0.00684,,1,0.00574,0.01,,mg/L,2,N,A,FB199FB017FB,,0,0,,,,,,25.042469,80.914819,FIU,E76930,FIU,WMD,WMD,2,BA,CA,,AB90691,9/18/07 10:06,EPA 350.1,,608,,
FLAB17,FLAB,9/5/07,SAMP,MON,SA,G,,0,,20,AMMONIA-N,NH4,0.00748,"A,I,Y",yes,0.00748,,1,0.00574,0.01,,mg/L,2,N,A,FB199FB017FA,,0,0,,,,,,25.042469,80.914819,FIU,E76930,FIU,WMD,WMD,2,BA,CA,,AB90690,9/18/07 10:06,EPA 350.1,,608,,
FLAB17,FLAB,10/4/07,SAMP,MON,SA,G,,0,,20,AMMONIA-N,NH4,0.01161,"A,Y,I,V,J5,J",yes,0.01161,,1,0.00574,0.014,,mg/L,2,N,A,FB200FB017,,0,0,,,,,,25.042469,80.914819,FIU,E76930,FIU,WMD,WMD,2,BA,CA,,AB92293,10/11/07 9:30,EPA 350.1,,608,,"Matrix Spike Recovery Outside of Control Limits.; Exceded Batch Size NELAC certified, DEP variance will be obtained by Dec 2008; filtered through 0.7 microns"
FLAB17,FLAB,11/6/07,SAMP,MON,SA,G,,0,,20,AMMONIA-N,NH4,0.00574,"A,Y,U,J5",yes,-0.00574,,1,0.00574,0.014,,mg/L,2,Y,A,FB201FB017,,0,0,,,,,,25.042469,80.914819,FIU,E76930,FIU,WMD,WMD,2,BA,CA,,AB93887,11/15/07 8:54,EPA 350.1,,608,,"Exceded Batch Size NELAC certified, DEP variance will be obtained by Dec 2008; filtered through 0.7 microns"
FLAB17,FLAB,12/7/07,SAMP,MON,SA,G,,0,,20,AMMONIA-N,NH4,0.00574,"A,Y,U,J5",yes,-0.00574,,1,0.00574,0.014,,mg/L,2,Y,A,FB202FB017,,0,0,,,,,,25.042469,80.914819,FIU,E76930,FIU,WMD,WMD,2,BA,CA,,AB94305,12/18/07 10:35,EPA 350.1,,608,,"NELAC certified, DEP variance will be obtained by Dec 2008; filtered through 0.7 microns"
FLAB17,FLAB,1/9/08,SAMP,MON,SA,G,,0,,20,AMMONIA-N,NH4,0.0049,"Y,U,J5",yes,-0.0049,,1,0.0049,0.014,,mg/L,2,Y,A,FB203FB017,,0,0,,,,,,25.042469,80.914819,FIU,E76930,FIU,WMD,WMD,2,BA,CA,,AB95216,1/18/08 9:42,EPA 350.1,,608,,"Exceded Batch Size NELAC certified, DEP variance will be obtained by Aug 2008"
FLAB17,FLAB,1/9/08,SAMP,MON,SA,G,,0,,20,AMMONIA-N,NH4,0.00576,"Y,I",yes,0.0058,,1,0.0049,0.014,,mg/L,2,N,A,FB203FB017B,,0,0,,,,,,25.042469,80.914819,FIU,E76930,FIU,WMD,WMD,2,BA,CA,,AB95216_B,1/18/08 9:42,EPA 350.1,,608,Measurements done close to the bottom.,"NELAC certified, DEP variance will be obtained by Aug 2008"
FLAB17,FLAB,2/8/08,SAMP,MON,SA,G,,0,,20,AMMONIA-N,NH4,0.0049,"Y,U,J5,J",yes,-0.0049,,1,0.0049,0.014,,mg/L,2,Y,A,FB204FB017,,0,0,,,,,,25.042469,80.914819,FIU,E76930,FIU,WMD,WMD,2,BA,CA,,AB95732,2/15/08 7:33,EPA 350.1,,608,,Matrix Spike Recovery Outside of Control Limits.; Exceded Batch Size %R Failure
FLAB17,FLAB,2/8/08,SAMP,MON,SA,G,,0,,20,AMMONIA-N,NH4,0.0059,"Y,I,J",yes,0.0059,,1,0.0049,0.014,,mg/L,2,N,A,FB204FB017B,,0,0,,,,,,25.042469,80.914819,FIU,E76930,FIU,WMD,WMD,2,BA,CA,,AB95732_B,2/15/08 7:33,EPA 350.1,,608,Measurements done close to the bottom.,"Matrix Spike Recovery Outside of Control Limits.; NELAC certified, DEP variance will be obtained by Aug 2008"
FLAB17,FLAB,3/5/08,SAMP,MON,SA,G,,0,,20,AMMONIA-N,NH4,0.00661,"Y,I,J",yes,0.0066,,1,0.0049,0.014,,mg/L,2,N,A,FB205FB017,,0,0,,,,,,25.042469,80.914819,FIU,E76930,FIU,WMD,WMD,2,BA,CA,,AB95979,3/11/08 9:17,EPA 350.1,,608,,"Target analyte was found in FB;NELAC certified, DEP variance will be obtained by Aug 2008"
FLAB17,FLAB,3/5/08,SAMP,MON,SA,G,,0,,20,AMMONIA-N,NH4,0.00621,"Y,I,J",yes,0.0062,,1,0.0049,0.014,,mg/L,2,N,A,FB205FB017B,,0,0,,,,,,25.042469,80.914819,FIU,E76930,FIU,WMD,WMD,2,BA,CA,,AB95979_B,3/17/08 11:39,EPA 350.1,,608,Measurements done close to the bottom.,"Target analyte was found in FB;NELAC certified, DEP variance will be obtained by Aug 2008"
FLAB17,FLAB,4/2/08,SAMP,MON,SA,G,,0,,20,AMMONIA-N,NH4,0.0049,"U,Y,J5",yes,-0.0049,,1,0.0049,0.014,,mg/L,2,Y,A,FB206FB017,,0,0,,,,,,25.042469,80.914819,FIU,E76930,FIU,WMD,WMD,2,BA,CA,4/2/08 11:20,AB96549,4/3/08 9:49,EPA 350.1,,608,,"NELAC certified, DEP variance will be obtained by Aug 2008 Missing MS"
FLAB17,FLAB,4/2/08,SAMP,MON,SA,G,,0,,20,AMMONIA-N,NH4,0.0049,"U,Y",yes,-0.0049,,1,0.0049,0.014,,mg/L,2,Y,A,FB206FB017B,,0,0,,,,,,25.042469,80.914819,FIU,E76930,FIU,WMD,WMD,2,BA,CA,4/2/08 11:22,AB96549_B,4/3/08 9:49,EPA 350.1,,608,Measurements done close to the bottom.,"NELAC certified, DEP variance will be obtained by Aug 2008"
FLAB17,FLAB,5/7/08,SAMP,MON,SA,G,,0,,20,AMMONIA-N,NH4,0.00777,"I,Y,J5",yes,0.0078,,1,0.0049,0.014,,mg/L,2,N,A,FB207FB017,,0,0,,,,,,25.042469,80.914819,FIU,E76930,FIU,WMD,WMD,2,BA,CA,5/7/08 11:43,AB97312,5/9/08 10:42,EPA 350.1,,608,,"NELAC certified, DEP variance will be obtained by Aug 2008 Missing MS"
FLAB17,FLAB,5/7/08,SAMP,MON,SA,G,,0,,20,AMMONIA-N,NH4,0.00945,"I,Y",yes,0.0094,,1,0.0049,0.014,,mg/L,2,N,A,FB207FB017B,,0,0,,,,,,25.042469,80.914819,FIU,E76930,FIU,WMD,WMD,2,BA,CA,5/7/08 11:45,AB97312_B,5/9/08 10:42,EPA 350.1,,608,Measurements done close to the bottom.,"NELAC certified, DEP variance will be obtained by Aug 2008"
FLAB17,FLAB,6/4/08,SAMP,MON,SA,G,,0,,20,AMMONIA-N,NH4,0.0049,"U,Y,J5",yes,-0.0049,,1,0.0049,0.014,,mg/L,2,Y,A,FB208FB017,,0,0,,,,,,25.042469,80.914819,FIU,E76930,FIU,WMD,WMD,2,BA,CA,6/4/08 13:21,AB97876,6/7/08 12:10,EPA 350.1,,608,,"NELAC certified, DEP variance will be obtained by Aug 2008 Missing MS"
FLAB17,FLAB,6/4/08,SAMP,MON,SA,G,,0,,20,AMMONIA-N,NH4,0.0049,"U,Y",yes,-0.0049,,1,0.0049,0.014,,mg/L,2,Y,A,FB208FB017B,,0,0,,,,,,25.042469,80.914819,FIU,E76930,FIU,WMD,WMD,2,BA,CA,6/4/08 13:23,AB97876_B,6/7/08 12:10,EPA 350.1,,608,Measurements done close to the bottom.,"NELAC certified, DEP variance will be obtained by Aug 2008"
FLAB17,FLAB,1/6/09,SAMP,MON,SA,G,,0.5,,20,AMMONIA-N,NH4,0.005,U,,-0.005,,1,0.005,0.02,0.005,mg/L,2,Y,A,P42962-9,,1,2,,,1.6,,,25.042469,80.914819,FWEC,E46077,WMD,WMD,WMD,2,BA,NO,1/7/09 10:35,16141009,1/9/09 13:35,SM4500NH3H,,00608,Clear calm waters.  Little to no chop and very light winds.  Sample clear with no visable solids.,
FLAB17,FLAB,2/10/09,SAMP,MON,SA,G,,0.5,,20,AMMONIA-N,NH4,0.005,U,,-0.005,,1,0.005,0.02,0.005,mg/L,2,Y,A,P42977-6,,1,1,,,1.3,,,25.042469,80.914819,FWEC,E46077,WMD,WMD,WMD,2,BA,NO,2/11/09 10:38,16156006,2/13/09 11:12,SM4500NH3H,,00608,Calming windsc and light chop.  Sample clear.,
FLAB17,FLAB,3/10/09,SAMP,MON,SA,G,,0.5,,20,AMMONIA-N,NH4,0.005,U,,-0.005,,1,0.005,0.02,0.005,mg/L,2,Y,A,P43360-6,,1,2,,,1.4,,,25.042469,80.914819,FWEC,E46077,WMD,WMD,WMD,2,BA,NO,3/11/09 11:10,16637006,3/11/09 17:32,SM4500NH3H,,00608,Calming winds and a light chop.  Sample clear.,
FLAB17,FLAB,4/14/09,SAMP,MON,SA,G,,0.5,,20,AMMONIA-N,NH4,0.019,I,,0.019,,1,0.005,0.02,0.005,mg/L,2,N,A,P43537-6,,1,3,,,1.7,,,25.042469,80.914819,FWEC,E46077,WMD,WMD,WMD,2,BA,NO,4/15/09 9:58,16858006,4/20/09 14:23,SM4500NH3H,,00608,calm seas and calm conditions.  Sample clear.,
FLAB17,FLAB,5/12/09,SAMP,MON,SA,G,,0.5,,20,AMMONIA-N,NH4,0.015,I,,0.015,,1,0.005,0.02,0.005,mg/L,2,N,A,P43934-6,,1,3,,,1.9,,,25.042469,80.914819,FWEC,E46077,WMD,WMD,WMD,2,BA,NO,5/13/09 9:57,17325006,5/14/09 12:55,SM4500NH3H,,00608,Calm and clear.  Extremely salty with salinity near 50 ppt.,
FLAB17,FLAB,6/9/09,SAMP,MON,SA,G,,0.5,,20,AMMONIA-N,NH4,0.005,U,,-0.005,,1,0.005,0.02,0.005,mg/L,2,Y,A,P43949-6,,1,2,,,1.9,,,25.042469,80.914819,FWEC,E46077,WMD,WMD,WMD,2,BA,NO,6/10/09 9:57,17342006,6/10/09 16:46,SM4500NH3H,,00608,Clear and very calm.  Sample clear of solids.  Good deal of plant matter (broken seagrass) observed floating on water column.,
FLAB17,FLAB,7/8/09,SAMP,MON,SA,G,,0.5,,20,AMMONIA-N,NH4,0.005,U,,-0.005,,1,0.005,0.02,0.005,mg/L,2,Y,A,P44581-6,,1,1,,,1.5,,,25.042469,80.914819,FWEC,E46077,WMD,WMD,WMD,2,BA,NO,7/9/09 9:52,18188020,7/15/09 13:29,SM4500NH3H,,00608,"Sample clear with no visible solids.   SECCHI ON BOTTOM.  Calm conditions, clear skies, sunny.",
FLAB17,FLAB,8/11/09,SAMP,MON,SA,G,,0.5,,20,AMMONIA-N,NH4,0.017,I,,0.017,,1,0.005,0.02,0.005,mg/L,2,N,A,P44608-6,,1,3,,,1.7,,,25.042469,80.914819,FWEC,E46077,WMD,WMD,WMD,2,BA,NO,8/12/09 10:59,18222020,8/12/09 16:45,SM4500NH3H,,00608,"Samole very light yellow, with low solids.   SECCHI ON BOTTOM.  Water calm, seagrass floating in water. Overcast, temperature high 80's degrees F.",
FLAB17,FLAB,9/9/09,SAMP,MON,SA,G,,0.5,,20,AMMONIA-N,NH4,0.005,I,,0.005,,1,0.005,0.02,0.005,mg/L,2,N,A,P45420-6,,1,1,,,1.7,,,25.042469,80.914819,FWEC,E46077,WMD,WMD,WMD,2,BA,NO,9/10/09 12:15,19265006,9/15/09 11:12,SM4500NH3H,,00608,"Sample pale yellow with no visible solids. Light outgoing flow. SECCHI ON BOTTOM. Less than 0.5' chop, with winds 5-10 mph. Seagrass observed floating on water's surface.",
FLAB17,FLAB,10/6/09,SAMP,MON,SA,G,,0.5,,20,AMMONIA-N,NH4,0.016,I,,0.016,,1,0.005,0.02,0.005,mg/L,2,N,A,P45904-6,,1,3,,,1.6,,,25.042469,80.914819,FWEC,E46077,WMD,WMD,WMD,2,BA,NO,10/7/09 13:03,19876006,10/13/09 13:55,SM4500NH3H,,00608,"Sample clear, no visible solids.  Low flow, light chop.   SECCHI ON BOTTOM. Some seagrass floating on water surface.",
FLAB17,FLAB,11/3/09,SAMP,MON,SA,G,,0.5,,20,AMMONIA-N,NH4,0.005,I,,0.005,,1,0.005,0.02,0.005,mg/L,2,N,A,P46182-6,,1,1,,,1.5,,,25.042469,80.914819,FWEC,E46077,WMD,WMD,WMD,2,BA,NO,11/4/09 12:09,20231006,11/12/09 11:17,SM4500NH3H,,00608,"Sample pale yellow with no visible solids. SECCHI ON BOTTOM. Low flow. Calm conditions, no chop.",
FLAB17,FLAB,12/2/09,SAMP,MON,SA,G,,0.5,m,20,AMMONIA-N,NH4,0.005,U,,-0.005,,1,0.005,0.02,0.005,mg/L,2,Y,A,P46550-6,,1,3,,,,,,25.042469,80.914819,FWEC,E46077,WMD,WMD,WMD,2,BA,NO,12/3/09 10:22,20734006,12/9/09 13:04,SM4500NH3H,,00608,Sample pale yellow with no visible solids. Low flow. SECCHI ON BOTTOM. 1' chop with winds approx. 20 mph. FCEB taken at this station.,
FLAB17,FLAB,1/6/10,SAMP,MON,SA,G,,0.5,m,20,AMMONIA-N,NH4,0.005,U,,-0.005,,1,0.005,0.02,0.005,mg/L,2,Y,A,P46791-7,,1,1,,,,,,25.042469,80.914819,FWEC,E46077,WMD,WMD,WMD,2,BA,NO,1/7/10 10:50,21029007,1/7/10 15:59,SM4500NH3H,,00608,"Sample clear, no visible solids.  Calm water, minimal chop.  Low flow.  Winds 10-15mph.   SECCHI ON BOTTOM.",
FLAB17,FLAB,2/3/10,SAMP,MON,SA,G,,0.5,m,20,AMMONIA-N,NH4,0.005,U,,-0.005,,1,0.005,0.02,0.005,mg/L,2,Y,A,P47181-6,,1,1,,,,,,25.042469,80.914819,FWEC,E46077,WMD,WMD,WMD,2,BA,NO,2/4/10 9:49,21663006,2/8/10 12:44,SM4500NH3H,,00608,"Sample pale yellow, with low solids.  Low flow, light chop.  Winds 5-10mph.   SECCHI ON BOTTOM.",
FLAB17,FLAB,3/2/10,SAMP,MON,SA,G,,0.5,m,20,AMMONIA-N,NH4,0.005,U,,-0.005,,1,0.005,0.02,0.005,mg/L,2,Y,A,P47470-6,,1,6,,,,,,25.042469,80.914819,FWEC,E46077,WMD,WMD,WMD,2,BA,NO,3/3/10 10:29,22044006,3/4/10 13:32,SM4500NH3H,,00608,"Sample pale green, with low solids.  Low flow.  2-3 foot seas, choppy.  Winds 20-30mph.  Heavy rain.   SECCHI ON BOTTOM.",
FLAB17,FLAB,4/7/10,SAMP,MON,SA,G,,0.5,m,20,AMMONIA-N,NH4,0.005,U,,-0.005,,1,0.005,0.02,0.005,mg/L,2,Y,A,P47826-6,,1,1,,,,,,25.042469,80.914819,FWEC,E46077,WMD,WMD,WMD,2,BA,NO,4/8/10 11:08,22508006,4/12/10 13:58,SM4500NH3H,,00608,Sample pale yellow with low suspended solids. Low flow with slight chop up to 1' and 15 mph winds. SECCHI ON BOTTOM.,
FLAB17,FLAB,5/5/10,SAMP,MON,SA,G,,0.5,m,20,AMMONIA-N,NH4,0.007,I,,0.007,,1,0.005,0.02,0.005,mg/L,2,N,A,P48079-6,,1,2,,,,,,25.042469,80.914819,FWEC,E46077,WMD,WMD,WMD,2,BA,NO,5/6/10 9:54,22815006,5/6/10 16:37,SM4500NH3H,,00608,Sample if pale yellow with no visible soilds present. Low flow with minimal chop less than 1' and variable winds of 4-7 mph. SECCHI ON BOTTOM.,
FLAB17,FLAB,6/2/10,SAMP,MON,SA,G,,0.5,m,20,AMMONIA-N,NH4,0.008,I,,0.008,,1,0.005,0.02,0.005,mg/L,2,N,A,P48377-8,,1,1,,,,,,25.042469,80.914819,FWEC,E46077,WMD,WMD,WMD,2,BA,NO,6/3/10 10:48,23191008,6/8/10 14:09,SM4500NH3H,,00608,comments too long see field notes,
FLAB17,FLAB,7/7/10,SAMP,MON,SA,G,,0.5,m,20,AMMONIA-N,NH4,0.009,I,,0.009,,1,0.005,0.02,0.005,mg/L,2,N,A,P48677-8,,1,1,,,,,,25.042469,80.914819,FWEC,E46077,WMD,WMD,WMD,2,BA,NO,7/8/10 12:00,23534008,7/14/10 11:16,SM4500NH3H,,00608,Sample is light yellow with low suspended solids present. Low flow with light chop up to 6 inches and light variable winds from 3 to 5 mph. SECCHI ON BOTTOM.,
FLAB17,FLAB,8/4/10,SAMP,MON,SA,G,,0.5,m,20,AMMONIA-N,NH4,0.005,U,,-0.005,,1,0.005,0.02,0.005,mg/L,2,Y,A,P48891-8,,1,3,,,,,,25.042469,80.914819,FWEC,E46077,WMD,WMD,WMD,2,BA,NO,8/5/10 9:58,23828008,8/5/10 16:05,SM4500NH3H,,00608,Sample is light yellow with low suspended solids present. Low flow with variable 8 to 11 mph winds from the east north east. SECCHI ON BOTTOM.,
FLAB17,FLAB,9/8/10,SAMP,MON,SA,G,,0.5,m,20,AMMONIA-N,NH4,0.008,I,,0.008,,1,0.005,0.02,0.005,mg/L,2,N,A,P49169-8,,1,1,,,,,,25.042469,80.914819,FWEC,E46077,WMD,WMD,WMD,2,BA,NO,9/9/10 11:06,24183008,9/15/10 10:59,SM4500NH3H,,00608,Sample is pale yellow with low suspended solids present. Low flow with chop and swell up to 2.5 feet with gusty variable winds from the east at 12 to 20 mph with gusts to 25 mph. SECCHI ON BOTTOM.,
FLAB17,FLAB,10/6/10,SAMP,MON,SA,G,,0.5,m,20,AMMONIA-N,NH4,0.005,U,,-0.005,,1,0.005,0.02,0.005,mg/L,2,Y,A,P49626-8,,1,1,,,,,,25.042469,80.914819,FWEC,E46077,WMD,WMD,WMD,2,BA,NO,10/7/10 10:30,24781008,10/11/10 15:11,SM4500NH3H,,00608,Sample is pale yellow with low suspended solids present. Low flow with chop up to 2 feet with swells up to 2.5 feet and very strong gusty winds from the north north east at 12 to 25 mph with gusts to 30 mph. SECCHI ON BOTTOM.,
FLAB17,FLAB,11/4/10,SAMP,MON,SA,G,,0.5,m,20,AMMONIA-N,NH4,0.005,U,,-0.005,,1,0.005,0.02,0.005,mg/L,2,Y,A,P50068-8,,1,2,,,,,,25.042469,80.914819,FWEC,E46077,WMD,WMD,WMD,2,BA,NO,11/5/10 8:08,25356008,11/9/10 12:32,SM4500NH3H,,00608,Sample is pale yellow with no visible suspended solids present. Low flow with chop up to 6 inches with variable winds from the southwest at 4 to 8 mph. SECCHI ON BOTTOM.,
FLAB17,FLAB,12/8/10,SAMP,MON,SA,G,,0.5,m,20,AMMONIA-N,NH4,0.005,U,,-0.005,,1,0.005,0.02,0.005,mg/L,2,Y,A,P50472-8,,1,1,,,,,,25.042469,80.914819,FWEC,E46077,WMD,WMD,WMD,2,BA,NO,12/9/10 9:57,25853008,12/13/10 14:38,SM4500NH3H,,00608,Sample is pale green with low suspended solids present. Low flow with chop and swell up to 1.5 feet with constant winds from the north north west at 7 to 8 mph. Very cold air temp with clear sunny skies. SECCHI ON BOTTOM.,
FLAB17,FLAB,2/16/11,SAMP,MON,SA,G,,0.5,m,20,AMMONIA-N,NH4,0.01,I,,0.01,,1,0.005,0.02,0.005,mg/L,2,N,A,P50935-8,,0,2,,,,,,25.042469,80.914819,WMD,E46077,WMD,WMD,WMD,2,BA,NO,2/17/11 10:03,26502008,2/23/11 13:03,SM4500NH3H,,00608,,
FLAB17,FLAB,3/22/11,SAMP,MON,SA,G,,0.5,m,20,AMMONIA-N,NH4,0.01,I,,0.01,,1,0.005,0.02,0.005,mg/L,2,N,A,P51525-8,,1,1,,,,,,25.042469,80.914819,FWEC,E46077,WMD,WMD,WMD,2,BA,NO,3/23/11 10:39,27308008,3/30/11 13:04,SM4500NH3H,,00608,Sample is pale green with low suspended solids present. Low flow with chop up to 1.5 feet and variable  east winds at 8 to 13 mph. SECCHI ON BOTTOM,
FLAB17,FLAB,4/12/11,SAMP,MON,SA,G,,0.5,m,20,AMMONIA-N,NH4,0.015,I,,0.015,,1,0.005,0.02,0.005,mg/L,2,N,A,P52303-8,,1,2,,,,,,25.042469,80.914819,FWEC,E46077,WMD,WMD,WMD,2,BA,NO,4/13/11 11:39,28413008,4/18/11 14:02,SM4500NH3H,,00608,"Sample light green, low flow, wind 5-10mph SE,  SECCHI ON BOTTOM.",
FLAB17,FLAB,5/10/11,SAMP,MON,SA,G,,0.5,m,20,AMMONIA-N,NH4,0.023,,,0.023,,1,0.005,0.02,0.005,mg/L,2,N,A,P52304-8,,1,1,,,,,,25.042469,80.914819,FWEC,E46077,WMD,WMD,WMD,2,BA,NO,5/11/11 10:10,28414008,5/12/11 15:42,SM4500NH3H,,00608,"Sample pale green.  Low flow.  Calm water, no chop.  Wind 3-5mph.   SECCHI ON BOTTOM.",
FLAB17,FLAB,6/8/11,SAMP,MON,SA,G,,0.5,m,20,AMMONIA-N,NH4,0.008,I,,0.008,,1,0.005,0.02,0.005,mg/L,2,N,A,P52305-8,,1,3,,,,,,25.042469,80.914819,FWEC,E46077,WMD,WMD,WMD,2,BA,NO,6/9/11 9:58,28415008,6/13/11 14:50,SM4500NH3H,,00608,WARNING: Time exceeds +/- 1 Hour(s).,
FLAB17,FLAB,7/6/11,SAMP,MON,SA,G,,0.5,m,20,AMMONIA-N,NH4,0.005,I,,0.005,,1,0.005,0.01,0.005,mg/L,2,N,A,P52306-8,,1,6,,,,,,25.042469,80.914819,FWEC,E46077,WMD,WMD,WMD,2,BA,NO,7/7/11 10:24,28416008,7/11/11 16:25,SM4500NH3H,,00608,Sample is pale green with low suspended solids. Low flow with light chop up to 12 inches and winds from the north at 8 to 15 mph with rain and very overcast. SECCHI ON BOTTOM.,
FLAB17,FLAB,8/9/11,SAMP,MON,SA,G,,0.5,m,20,AMMONIA-N,NH4,0.045,,,0.045,,1,0.005,0.01,0.005,mg/L,2,N,A,P53437-7,,1,3,,,,,,25.042469,80.914819,FWEC,E46077,WMD,WMD,WMD,2,BA,NO,8/10/11 10:17,29868007,8/15/11 13:24,SM4500NH3H,,00608,Sample is clear with no visible solids present. Low to moderate flow with chop up to 1.5 feet and 5 to 8 mph winds from the southwest. SECCHI ON BOTTOM,
FLAB17,FLAB,9/7/11,SAMP,MON,SA,G,,0.5,m,20,AMMONIA-N,NH4,0.007,I,,0.007,,1,0.005,0.01,0.005,mg/L,2,N,A,P53438-7,,0,1,,,,,,25.042469,80.914819,FWEC,E46077,WMD,WMD,WMD,2,BA,NO,9/8/11 10:29,29869007,9/14/11 14:34,SM4500NH3H,,00608,Sample is pale green with no visible suspended solids present. Low current with light chop up to 6 inches and variable winds from the south south east at 6 to 10 mph. SECCHI ON BOTTOM.,
FLAB17,FLAB,10/11/11,SAMP,MON,SA,G,,0.5,m,20,AMMONIA-N,NH4,0.01,,,0.01,,1,0.005,0.01,0.005,mg/L,2,N,A,P53439-7,,0,2,,,,,,25.042469,80.914819,WMD,E46077,WMD,WMD,WMD,2,BA,NO,10/12/11 10:23,29870007,10/13/11 14:48,SM4500NH3H,,00608,"Wind and seas calm, flood tide,  SECCHI ON BOTTOM.",
FLAB17,FLAB,12/13/11,SAMP,MON,SA,G,,0.5,m,20,AMMONIA-N,NH4,0.005,U,,-0.005,,1,0.005,0.01,0.005,mg/L,2,Y,A,P54066-5,,0,3,,,,,,25.042469,80.914819,WMD,E46077,WMD,WMD,WMD,2,BA,NO,12/14/11 10:48,30605005,12/20/11 11:50,SM4500NH3H,,00608,"Wind N 18-20, seas 1 ft,  SECCHI ON BOTTOM, slack tide",
FLAB17,FLAB,2/7/12,SAMP,MON,SA,G,,0.5,m,20,AMMONIA-N,NH4,0.006,I,,0.006,,1,0.005,0.01,0.005,mg/L,2,N,A,P55307-5,,0,3,,,,,,25.042469,80.914819,WMD,E46077,WMD,WMD,WMD,2,BA,NO,2/8/12 11:46,32255005,2/9/12 15:14,SM4500NH3H,,00608,"Wind and seas calm, ebb tide,  SECCHI ON BOTTOM.",
FLAB17,FLAB,4/11/12,SAMP,MON,SA,G,,0.5,m,20,AMMONIA-N,NH4,0.005,I,,0.005,,1,0.005,0.01,0.005,mg/L,2,N,A,P55314-5,,0,2,,,,,,25.042469,80.914819,WMD,E46077,WMD,WMD,WMD,2,BA,NO,4/12/12 10:52,32262005,4/12/12 16:01,SM4500NH3H,,00608,"Wind and seas calm, ebb tide,  SECCHI ON BOTTOM.",
FLAB17,FLAB,6/6/12,SAMP,MON,SA,G,,0.5,m,20,AMMONIA-N,NH4,0.016,,,0.016,,1,0.005,0.01,0.005,mg/L,2,N,A,P55930-5,,0,4,,,,,,25.042469,80.914819,WMD,E46077,WMD,WMD,WMD,2,BA,NO,6/6/12 16:39,33113005,6/14/12 11:11,SM4500NH3H,,00608,"SECCHI ON BOTTOM. Light winds, less than 5kts out of the S. Light chop on the water.",
FLAB17,FLAB,8/20/12,SAMP,MON,SA,G,,0.5,m,20,AMMONIA-N,NH4,0.009,I,,0.009,+/- 0.005,1,0.005,0.01,0.005,mg/L,2,N,A,P56206-5,,0,2,,,,,,25.042469,80.914819,WMD,E46077,WMD,WMD,WMD,2,PD,NO,8/21/12 9:01,33465005,8/22/12 17:05,SM4500NH3H,,00608,Calm conditions with almost no breeze.  Slack tide.  Flat calm conditions.   SECCHI ON BOTTOM.  Good amount of dead grass floating on surface.,
FLAB17,FLAB,10/15/12,SAMP,MON,SA,G,,0.5,m,20,AMMONIA-N,NH4,0.007,I,,0.007,+/- 0.005,1,0.005,0.01,0.005,mg/L,2,N,A,P56210-5,,0,2,,,,,,25.042469,80.914819,WMD,E46077,WMD,WMD,WMD,2,BA,NO,10/16/12 7:44,33469005,10/18/12 13:55,SM4500NH3H,,00608,Calm conditions.  Slight flood tide.   SECCHI ON BOTTOM.,
FLAB17,FLAB,12/13/12,SAMP,MON,SA,G,,0.5,m,20,AMMONIA-N,NH4,0.015,,,0.015,,1,0.005,0.01,0.005,mg/L,2,N,A,P56855-5,,0,1,,,,,,25.042469,80.914819,WMD,E46077,WMD,WMD,WMD,2,BA,NO,12/13/12 15:05,34310005,12/20/12 12:29,SM4500NH3H,,00608,"Calm wind, calm seas, very low current.   SECCHI ON BOTTOM.",
FLAB17,FLAB,2/12/13,SAMP,MON,SA,G,,0.5,m,20,AMMONIA-N,NH4,0.008,I,,0.008,+/- 0.005,1,0.005,0.01,0.005,mg/L,2,N,A,P61815-8,,0,1,,,,,,25.042469,80.914819,WMD,E46077,WMD,WMD,WMD,2,PD,NO,2/12/13 16:39,39394008,2/20/13 10:42,SM4500NH3H,,00608,SECCHI ON BOTTOM. S wind approx 10 kt. Light chop on surface. Weak current.,
FLAB17,FLAB,4/22/13,SAMP,MON,SA,G,,0.5,m,20,AMMONIA-N,NH4,0.008,I,,0.008,+/- 0.005,1,0.005,0.01,0.005,mg/L,2,N,A,P61816-8,,0,4,,,,,,25.042469,80.914819,WMD,E46077,WMD,WMD,WMD,2,PD,NO,4/23/13 10:11,39395008,4/29/13 14:52,SM4500NH3H,,00608,"SE winds 10-15 kts, seas less than 1 ft. SECCHI ON BOTTOM",
FLAB17,FLAB,6/11/13,SAMP,MON,SA,G,,0.5,m,20,AMMONIA-N,NH4,0.017,J,yes,0.017,+/- 0.005,1,0.005,0.01,0.005,mg/L,2,N,A,P63878-8,,0,6,,,,,,25.042469,80.914819,WMD,E46077,WMD,WMD,WMD,2,PD,NO,6/11/13 16:12,40693008,6/18/13 12:05,SM4500NH3H,,608,"rain, sample processed in protected area, southeast winds 5-10, slight ripple, secchi on bottom",Analyte detected in field blank and/or associated sample
FLAB17,FLAB,8/6/13,SAMP,MON,SA,G,,0.5,m,20,AMMONIA-N,NH4,0.011,,,0.011,+/- 0.005,1,0.005,0.01,0.005,mg/L,2,N,A,P63879-8,,0,3,,,,,,25.042469,80.914819,WMD,E46077,WMD,WMD,WMD,2,PD,NO,8/6/13 16:02,40694008,8/13/13 14:00,SM4500NH3H,,00608,SECCHI ON BOTTOM. Nearly calm wind. Ripples on surface. No current observed. Patches of grass on surface.,
FLAB17,FLAB,11/21/13,SAMP,MON,SA,G,,0.5,m,20,AMMONIA-N,NH4,0.018,,,0.018,+/- 0.005,1,0.005,0.01,0.005,mg/L,2,N,A,P67402-5,,0,2,,,,,,25.042469,80.914819,WMD,E46077,WMD,WMD,WMD,2,PD,NO,11/21/13 15:12,43581005,11/27/13 12:49,SM4500NH3H,,00608,"Rippled surface, NE wind 5-10. SECCHI ON BOTTOM",
FLAB17,FLAB,12/16/13,SAMP,MON,SA,G,,0.5,m,20,AMMONIA-N,NH4,0.017,J,yes,0.017,+/- 0.005,1,0.005,0.01,0.005,mg/L,2,N,A,P67403-5,,0,4,,,,,,25.042469,80.914819,WMD,E46077,WMD,WMD,WMD,2,PD,NO,12/17/13 10:57,43582005,12/27/13 12:26,SM4500NH3H,,608,"moderate chop on surface, 0.5ft, SAV clippings floating on surface near sampling area, secchi on bottom",Analyte detected in field blank and/or associated sample
FLAB17,FLAB,2/18/14,SAMP,MON,SA,G,,0.5,m,20,AMMONIA-N,NH4,0.006,I,,0.006,+/- 0.005,1,0.005,0.01,0.005,mg/L,2,N,A,P70121-5,,0,2,,,,,,25.042469,80.914819,WMD,E46077,WMD,WMD,WMD,2,PD,NO,2/18/14 15:33,45275005,2/27/14 11:38,SM4500NH3H,,00608,,
FLAB17,FLAB,4/15/14,SAMP,MON,SA,G,,0.5,m,20,AMMONIA-N,NH4,0.01,,,0.01,+/- 0.005,1,0.005,0.01,0.005,mg/L,2,N,A,P70122-5,,0,1,,,,,,25.042469,80.914819,WMD,E46077,WMD,WMD,WMD,2,PD,NO,4/15/14 15:40,45276005,4/24/14 11:47,SM4500NH3H,,608,Winds out of the SSE 15 kts. Slight chop. SECCHI ON BOTTOM,
FLAB17,FLAB,6/25/14,SAMP,MON,SA,G,,0.5,m,20,AMMONIA-N,NH4,0.018,,,0.018,+/- 0.005,1,0.005,0.01,0.005,mg/L,2,N,A,P71698-5,,0,1,,,,,,25.042469,80.914819,WMD,E46077,WMD,WMD,WMD,2,PD,NO,6/25/14 15:10,46558005,7/9/14 12:20,SM4500NH3H,,00608,"Calm, N wind 5-10. SECCHI ON BOTTOM",
FLAB17,FLAB,8/21/14,SAMP,MON,SA,G,,0.5,m,20,AMMONIA-N,NH4,0.015,,,0.015,+/- 0.005,1,0.005,0.01,0.005,mg/L,2,N,A,P72711-5,,0,2,,,,,,25.042469,80.914819,WMD,E46077,WMD,WMD,WMD,2,PD,NO,8/21/14 16:21,46929005,8/28/14 12:11,SM4500NH3H,,608,SECCHI ON BOTTOM,
FLAB17,FLAB,10/28/14,SAMP,MON,SA,G,,0.9,m,20,AMMONIA-N,NH4,0.008,I,,0.008,+/- 0.005,1,0.005,0.01,0.005,mg/L,2,N,A,P74732-5,,0,1,,,,,,25.042469,80.914819,WMD,E46077,WMD,WMD,WMD,2,PD,NO,10/28/14 16:11,48704005,11/12/14 14:38,SM4500NH3H,,00608,Light wave action. Winds out of the ESE 12-17kts. SECCHI ON BOTTOM,
FLAB17,FLAB,12/9/14,SAMP,MON,SA,G,,0.5,m,20,AMMONIA-N,NH4,0.006,I,,0.006,+/- 0.005,1,0.005,0.01,0.005,mg/L,2,N,A,P74734-5,,0,4,,,,,,25.042469,80.914819,WMD,E46077,WMD,WMD,WMD,2,PD,NO,12/9/14 16:50,48706005,12/15/14 14:24,SM4500NH3H,,00608,"Winds out of the N, 7-10kts. 0.5ft wave action. SECCHI ON BOTTOM",
FLAB17,FLAB,2/4/15,SAMP,MON,SA,G,,0.5,m,20,AMMONIA-N,NH4,0.005,U,,-0.005,+/- 0.005,1,0.005,0.01,0.005,mg/L,2,Y,A,P74733-5,,0,2,,,,,,25.042469,80.914819,WMD,E46077,WMD,WMD,WMD,2,PD,NO,2/4/15 14:25,48705005,2/11/15 11:53,SM4500NH3H,,00608,"NE winds 10kts, light chop, scattered sea grass floating on surface,  SECCHI ON BOTTOM.",
FLAB17,FLAB,4/1/15,SAMP,MON,SA,G,,0.5,m,20,AMMONIA-N,NH4,0.009,I,,0.009,+/- 0.005,1,0.005,0.01,0.005,mg/L,2,N,A,P74735-5,,0,1,,,,,,25.042469,80.914819,WMD,E46077,WMD,WMD,WMD,2,PD,NO,4/2/15 9:51,48707005,4/9/15 15:02,SM4500NH3H,,608,SOB. Light winds out of the SE 5 kts. Water very clear.,
FLAB17,FLAB,6/2/15,SAMP,MON,SA,G,,0.5,m,20,AMMONIA-N,NH4,0.012,,,0.012,+/- 0.005,1,0.005,0.01,0.005,mg/L,2,N,A,P75564-5,,0,4,,,,,,25.042469,80.914819,WMD,E46077,WMD,WMD,WMD,2,PD,NO,6/2/15 15:50,49262005,6/11/15 11:05,SM4500NH3H,,00608,"Incoming tide, light east winds, very overcast. Small amount of loose seagrass on surface. Secchi on bottom.",
FLAB17,FLAB,8/11/15,SAMP,MON,SA,G,,0.5,m,20,AMMONIA-N,NH4,0.019,,,0.019,+/- 0.005,1,0.005,0.01,0.005,mg/L,2,N,A,P78616-5,,0,2,,,,,,25.042469,80.914819,WMD,E46077,WMD,WMD,WMD,2,PD,NO,8/12/15 8:03,51802005,8/20/15 11:06,SM4500NH3H,,00608,"Light winds from the South, minor surface chop. Moderate amount of floating loose sea grass. Secchi on bottom. Slack tide.",
FLAB17,FLAB,10/12/15,SAMP,MON,SA,G,,0.5,m,20,AMMONIA-N,NH4,0.02,,,0.02,+/- 0.005,1,0.005,0.01,0.005,mg/L,2,N,A,P80850-5,,0,2,,,,,,25.042469,80.914819,WMD,E46077,WMD,WMD,WMD,2,PD,NO,10/13/15 8:50,53673005,10/14/15 15:36,SM4500NH3H,,00608,"Slack tide, seas less than 1ft, light west wind, light amount of loose floating vegetation, secchi on bottom.",
FLAB17,FLAB,1/26/16,SAMP,MON,SA,G,,0.5,m,20,AMMONIA-N,NH4,0.014,,,0.014,+/- 0.005,1,0.005,0.01,0.005,mg/L,2,N,A,P82417-5,,0,1,,,,,,25.042469,80.914819,WMD,E46077,WMD,WMD,WMD,2,PD,NO,1/26/16 18:05,54966005,2/4/16 11:47,SM4500NH3H,,608,Slight chop on surface. Winds SE 15-20.,
FLAB17,FLAB,2/23/16,SAMP,MON,SA,G,,0.5,m,20,AMMONIA-N,NH4,0.02,G,yes,0.02,+/- 0.005,1,0.005,0.01,0.005,mg/L,2,N,A,P82933-5,,0,2,,,,,,25.042469,80.914819,WMD,E46077,WMD,WMD,WMD,2,PD,NO,2/23/16 16:54,55401005,3/9/16 12:20,SM4500NH3H,,608,SOB. Winds out of the SSE 7 to 10 kts. Light wave action.,"Analyte was detected at or above the method detection limit in both the sample and the associated field blank, equipment blank, or trip blank, and the blank value was greater than 10% of the associated sample value"
FLAB17,FLAB,4/6/16,SAMP,MON,SA,G,,0.5,m,20,AMMONIA-N,NH4,0.036,G,yes,0.036,+/- 0.005,1,0.005,0.01,0.005,mg/L,2,N,A,P83566-5,,0,3,,,,,,25.042469,80.914819,WMD,E46077,WMD,WMD,WMD,2,PD,NO,4/6/16 16:44,55992005,4/11/16 14:46,SM4500NH3H,,608,SOB. Winds out of the E 15 to 17 kts. Light wave action.,"Analyte was detected at or above the method detection limit in both the sample and the associated field blank, equipment blank, or trip blank, and the blank value was greater than 10% of the associated sample value"
FLAB17,FLAB,6/29/16,SAMP,MON,SA,G,,0.5,m,20,AMMONIA-N,NH4,0.016,,,0.016,+/- 0.005,1,0.005,0.01,0.005,mg/L,2,N,A,P84316-8,,0,2,,,,,,25.042469,80.914819,WMD,E46077,WMD,WMD,WMD,2,PD,NO,6/29/16 15:54,56588008,7/5/16 14:28,SM4500NH3H,,00608,"slight ripple, east wind 5-10, some vegetation on surface, secchi on bottom, no flow observed",
FLAB17,FLAB,9/14/16,SAMP,MON,SA,G,,0.5,m,20,AMMONIA-N,NH4,0.033,G,yes,0.033,+/- 0.005,1,0.005,0.01,0.005,mg/L,2,N,A,P84637-5,,0,1,,,,,,25.042469,80.914819,WMD,E46077,WMD,WMD,WMD,2,PD,NO,9/14/16 16:16,56879005,9/22/16 16:04,SM4500NH3H,,608,"calm water surface, some floating vegetation on surface, sample collected in a clear area, calm winds, secchi on bottom","Analyte was detected at or above the method detection limit in both the sample and the associated field blank, equipment blank, or trip blank, and the blank value was greater than 10% of the associated sample value"
FLAB17,FLAB,11/15/16,SAMP,MON,SA,G,,0.5,m,20,AMMONIA-N,NH4,0.081,G,yes,0.081,+/- 0.006,1,0.005,0.01,0.005,mg/L,2,N,A,P86135-5,,0,2,,,,,,25.042469,80.914819,WMD,E46077,WMD,WMD,WMD,2,PD,NO,11/15/16 16:36,58227005,11/28/16 15:21,SM4500NH3H,,608,"North winds 10-15kts, moderate chop, light amount of loose sea grass on surface. Secchi on bottom.","Analyte was detected at or above the method detection limit in both the sample and the associated field blank, equipment blank, or trip blank, and the blank value was greater than 10% of the associated sample value"
FLAB17,FLAB,12/14/16,SAMP,MON,SA,G,,0.5,m,20,AMMONIA-N,NH4,0.063,G,yes,0.063,+/- 0.006,1,0.005,0.01,0.005,mg/L,2,N,A,P86764-5,,0,1,,,,,,25.042469,80.914819,WMD,E46077,WMD,WMD,WMD,2,PD,NO,12/14/16 17:13,58612005,12/29/16 10:02,SM4500NH3H,,608,"calm wind, calm water, some SAV floating on surface in sampling area, secchi on bottom, no current observed","Analyte was detected at or above the method detection limit in both the sample and the associated field blank, equipment blank, or trip blank, and the blank value was greater than 10% of the associated sample value"
FLAB17,FLAB,2/9/17,SAMP,MON,SA,G,,0.5,m,20,AMMONIA-N,NH4,0.037,,,0.037,+/- 0.005,1,0.005,0.01,0.005,mg/L,2,N,A,P87698-5,,0,1,,,,,,25.042469,80.914819,WMD,E46077,WMD,WMD,WMD,2,PD,NO,2/9/17 18:47,59451005,2/13/17 13:44,SM4500NH3H,,00608,Wind 10 - 15 MPH. Moderate amount of sea grass on the surface. Light chop. Secchi on bottom.,
FLAB17,FLAB,4/24/17,SAMP,MON,SA,G,,0.5,m,20,AMMONIA-N,NH4,0.028,G,yes,0.028,+/- 0.005,1,0.005,0.01,0.005,mg/L,2,N,A,P87828-5,,0,1,,,,,,25.042469,80.914819,WMD,E46077,WMD,WMD,WMD,2,PD,NO,4/24/17 15:27,59589005,4/26/17 13:57,SM4500NH3H,,608,"seaweed floating on surface of water, light winds","Analyte was detected at or above the method detection limit in both the sample and the associated field blank, equipment blank, or trip blank, and the blank value was greater than 10% of the associated sample value."
FLAB17,FLAB,7/26/17,SAMP,MON,SA,G,,0.5,m,20,AMMONIA-N,NH4,0.013,,,0.013,+/- 0.005,1,0.005,0.01,0.005,mg/L,2,N,A,P88719-5,,0,0,,,,,,25.042469,80.914819,WMD,E46077,WMD,WMD,WMD,2,PD,NO,7/26/17 16:55,60389005,8/7/17 14:28,SM4500NH3H,,00608,"East winds 10kts, seas less than 1ft, moderate amount of loose grass and seaweed floating on surface, secchi on bottom.",
FLAB17,FLAB,8/22/17,SAMP,MON,SA,G,,0.5,m,20,AMMONIA-N,NH4,0.028,,,0.028,+/- 0.005,1,0.005,0.01,0.005,mg/L,2,N,A,P89177-5,,0,0,,,,,,25.042469,80.914819,WMD,E46077,WMD,WMD,WMD,2,PD,NO,8/22/17 15:45,60817005,8/31/17 11:54,SM4500NH3H,,00608,"Light winds, seas less than 1 ft, light amount of loose sea grass and sargassum floating on surface. Secchi on bottom.",
FLAB17,FLAB,10/16/17,SAMP,MON,SA,G,,0.5,m,20,AMMONIA-N,NH4,0.005,U,,-0.005,+/- 0.005,1,0.005,0.01,0.005,mg/L,2,Y,A,P90590-5,,0,0,,,,,,25.042469,80.914819,WMD,E46077,WMD,WMD,WMD,2,PD,NO,10/16/17 17:31,62122005,10/24/17 11:05,SM4500NH3H,,00608,"Sample area clear.  Water was a little cloudy, but bottom still visible.  Secchi on bottom.  Sample collected by NH.",
FLAB17,FLAB,12/19/17,SAMP,MON,SA,G,,0.5,m,20,AMMONIA-N,NH4,0.034,,,0.034,+/- 0.005,1,0.005,0.01,0.005,mg/L,2,N,A,P91157-5,,0,0,,,,,,25.042469,80.914819,WMD,E46077,WMD,WMD,WMD,2,PD,NO,12/19/17 19:25,62573005,1/2/18 12:06,SM4500NH3H,,608,Secchi is VOB,
FLAB17,FLAB,2/15/18,SAMP,MON,SA,G,,0.5,m,20,AMMONIA-N,NH4,0.266,,,0.266,+/- 0.015,1,0.005,0.01,0.005,mg/L,2,N,A,P92110-5,,0,0,,,,,,25.042469,80.914819,WMD,E46077,WMD,WMD,WMD,2,PD,NO,2/15/18 22:01,63446005,2/16/18 14:20,SM4500NH3H,,608,,
FLAB17,FLAB,4/12/18,SAMP,MON,SA,G,,0.5,m,20,AMMONIA-N,NH4,0.158,,,0.158,+/- 0.010,1,0.005,0.01,0.005,mg/L,2,N,A,P92870-5,,0,0,,,,,,25.042469,80.914819,WMD,E46077,WMD,WMD,WMD,2,PD,NO,4/13/18 7:36,64062005,4/24/18 12:24,SM4500NH3H,,00608,Out going tide observed.,
FLAB17,FLAB,6/12/18,SAMP,MON,SA,G,,0.5,m,20,AMMONIA-N,NH4,0.022,,,0.022,+/- 0.005,1,0.005,0.01,0.005,mg/L,2,N,A,P93692-5,,0,0,,,,,,25.042469,80.914819,WMD,E46077,WMD,WMD,WMD,2,PD,NO,6/12/18 17:52,64893005,6/26/18 14:34,SM4500NH3H,,00608,SOB.,
FLAB17,FLAB,8/9/18,SAMP,MON,SA,G,,0.5,m,20,AMMONIA-N,NH4,0.015,,,0.015,+/- 0.005,1,0.005,0.01,0.005,mg/L,2,N,A,P94933-5,,0,0,,,,,,25.042469,80.914819,WMD,E46077,WMD,WMD,WMD,2,PD,NO,8/10/18 6:52,65965005,8/14/18 14:31,SM4500NH3H,,00608,Secchi on bottom. Lots of dead veg floating in water. Avoided during collection.,
FLAB17,FLAB,10/22/18,SAMP,MON,SA,G,,0.5,m,20,AMMONIA-N,NH4,0.014,G,yes,0.014,+/- 0.005,1,0.005,0.01,0.005,mg/L,2,N,A,P95253-5,,0,0,,,,,,25.042469,80.914819,WMD,E46077,WMD,WMD,WMD,2,PD,NO,10/23/18 8:12,66265005,10/26/18 11:18,SM4500NH3H,,608,Sample area clear.  Non-Visible solids.  Sample collected by EW.,"Analyte was detected at or above the method detection limit in both the sample and the associated field blank, equipment blank, or trip blank, and the blank value was greater than 10% of the associated sample value"
FLAB17,FLAB,12/17/18,SAMP,MON,SA,G,,0.5,m,20,AMMONIA-N,NH4,0.006,I,,0.006,+/- 0.005,1,0.005,0.01,0.005,mg/L,2,N,A,P96720-9,,0,0,,,,,,25.042469,80.914819,WMD,E46077,WMD,WMD,WMD,2,BA,NO,12/18/18 8:19,67436009,12/20/18 14:57,SM4500NH3H,,00608,,
FLAB17,FLAB,2/18/19,SAMP,MON,SA,G,,0.5,m,20,AMMONIA-N,NH4,0.062,,,0.062,+/- 0.006,1,0.005,0.01,0.005,mg/L,2,N,A,P103094-6,,0,0,,,,,,25.042469,80.914819,WMD,E46077,WMD,WMD,WMD,2,BA,NO,2/19/19 9:40,69909006,2/28/19 14:15,SM4500NH3H,,608,Sample area clear.  Secchi Depth was 0.5m.  Light solids in sample.  Sample collected by EW.,
FLAB17,FLAB,4/3/19,SAMP,MON,SA,G,,0.5,m,20,AMMONIA-N,NH4,0.041,,,0.041,+/- 0.005,1,0.005,0.01,0.005,mg/L,2,N,A,P103838-6,,0,0,,,,,,25.042469,80.914819,WMD,E46077,WMD,WMD,WMD,2,BA,NO,4/3/19 15:29,70216006,4/15/19 15:28,SM4500NH3H,,608,Secchi on bottom,
FLAB17,FLAB,7/15/19,SAMP,MON,SA,G,,0.5,m,20,AMMONIA-N,NH4,0.058,,,0.058,+/- 0.006,1,0.005,0.01,0.005,mg/L,2,N,A,P106399-6,,0,0,,,,,,25.042469,80.914819,WMD,E46077,WMD,WMD,WMD,2,BA,NO,7/15/19 16:09,71313006,7/23/19 11:59,SM4500NH3H,,00608,,
FLAB17,FLAB,8/12/19,SAMP,MON,SA,G,,0.5,m,20,AMMONIA-N,NH4,0.053,,,0.053,+/- 0.006,1,0.005,0.01,0.005,mg/L,2,N,A,P109218-6,,0,0,,,,,,25.042469,80.914819,WMD,E46077,WMD,WMD,WMD,2,BA,NO,8/13/19 9:55,72387006,8/20/19 13:24,SM4500NH3H,,00608,,
FLAB17,FLAB,10/9/19,SAMP,MON,SA,G,,0.5,m,20,AMMONIA-N,NH4,0.068,,,0.068,+/- 0.006,1,0.005,0.01,0.005,mg/L,2,N,A,P109906-6,,0,0,,,,,,25.042469,80.914819,WMD,E46077,WMD,WMD,WMD,2,BA,NO,10/10/19 10:16,72728006,10/16/19 12:40,SM4500NH3H,,608,,
FLAB17,FLAB,1/28/20,SAMP,MON,SA,G,,0.5,m,20,AMMONIA-N,NH4,0.022,,,0.022,+/- 0.005,1,0.005,0.01,0.005,mg/L,2,N,A,P110695-6,,0,0,,,,,,25.042469,80.914819,WMD,E46077,WMD,WMD,WMD,2,BA,NO,1/28/20 16:21,73093006,1/30/20 15:07,SM4500NH3H,,00608,,
FLAB17,FLAB,2/5/20,SAMP,MON,SA,G,,0.5,m,20,AMMONIA-N,NH4,0.01,,,0.01,+/- 0.005,1,0.005,0.01,0.005,mg/L,2,N,A,P110717-6,,0,0,,,,,,25.042469,80.914819,WMD,E46077,WMD,WMD,WMD,2,BA,NO,2/6/20 11:55,73112006,2/13/20 13:11,SM4500NH3H,,608,Secchi on bottom.,
FLAB17,FLAB,4/7/20,SAMP,MON,SA,G,,0.5,m,20,AMMONIA-N,NH4,0.024,,,0.024,+/- 0.005,1,0.005,0.01,0.005,mg/L,2,N,A,P110711-6,,0,0,,,,,,25.042469,80.914819,WMD,E46077,WMD,WMD,WMD,2,BA,NO,4/7/20 16:09,73106006,4/15/20 15:15,SM4500NH3H,,00608,Sample area clear.  Solids were Non Visible.  Secchi on bottom.  Sample collected by EW.,
FLAB17,FLAB,6/17/20,SAMP,MON,SA,G,,0.5,m,20,AMMONIA-N,NH4,0.034,,,0.034,+/- 0.005,1,0.005,0.01,0.005,mg/L,2,N,A,P110907-6,,0,0,,,,,,25.042469,80.914819,WMD,E46077,WMD,WMD,WMD,2,BA,NO,6/17/20 15:56,73193006,6/24/20 15:42,SM4500NH3H,,00608,Secchi on bottom,
FLAB17,FLAB,8/18/20,SAMP,MON,SA,G,,0.5,m,20,AMMONIA-N,NH4,0.041,,,0.041,+/- 0.005,1,0.005,0.01,0.005,mg/L,2,N,A,P111061-6,,0,0,,,,,,25.042469,80.914819,WMD,E46077,WMD,WMD,WMD,2,BA,NO,8/18/20 15:40,73276006,8/24/20 10:50,SM4500NH3H,,00608,Vegetative debris present on surface of water.,
FLAB17,FLAB,10/13/20,SAMP,MON,SA,G,,0.5,m,20,AMMONIA-N,NH4,0.01,,,0.01,+/- 0.005,1,0.005,0.01,0.005,mg/L,2,N,A,P118764-6,,0,0,,,,,,25.042469,80.914819,WMD,E46077,WMD,WMD,WMD,2,BA,NO,10/14/20 8:55,76830006,10/21/20 13:34,SM4500NH3H,,00608,Filtration difficult at this location. Notable algae bloom with very fine particulates.,
FLAB17,FLAB,2/9/21,SAMP,MON,SA,G,,0.5,m,20,AMMONIA-N,NH4,0.044,,,0.044,+/- 0.005,1,0.005,0.01,0.005,mg/L,2,N,A,P120349-6,,0,0,,,,,,25.042469,80.914819,WMD,E46077,WMD,WMD,WMD,2,BA,NO,2/10/21 8:11,77554006,2/25/21 11:06,SM4500NH3H,,00608,Secchi on bottom.,
FLAB17,FLAB,3/24/21,SAMP,MON,SA,G,,0.5,m,20,AMMONIA-N,NH4,0.013,,,0.013,+/- 0.005,1,0.005,0.01,0.005,mg/L,2,N,A,P122509-6,,0,0,,,,,,25.042469,80.914819,WMD,E46077,WMD,WMD,WMD,2,BA,NO,3/25/21 6:59,78497006,4/5/21 13:25,SM4500NH3H,,00608,secchi on bottom,
FLAB17,FLAB,6/7/21,SAMP,MON,SA,G,,0.5,m,20,AMMONIA-N,NH4,0.011,,,0.011,+/- 0.005,1,0.005,0.01,0.005,mg/L,2,N,A,P121640-6,,0,0,,,,,,25.042469,80.914819,WMD,E46077,WMD,WMD,WMD,2,BA,NO,6/7/21 16:26,78140006,6/14/21 15:12,SM4500NH3H,,00608,Secchi on bottom,
FLAB17,FLAB,8/5/21,SAMP,MON,SA,G,,0.5,m,20,AMMONIA-N,NH4,0.04,,,0.04,+/- 0.005,1,0.005,0.01,0.005,mg/L,2,N,A,P123926-6,,0,0,,,,,,25.042469,80.914819,WMD,E46077,WMD,WMD,WMD,2,BA,NO,8/5/21 15:12,79169006,8/25/21 11:54,SM4500NH3H,,00608,Secchi on bottom,
FLAB17,FLAB,10/20/21,SAMP,MON,SA,G,,0.5,m,20,AMMONIA-N,NH4,0.049,,,0.049,+/- 0.006,1,0.005,0.01,0.005,mg/L,2,N,A,P125707-6,,0,0,,,,,,25.042469,80.914819,WMD,E46077,WMD,WMD,WMD,2,BA,NO,10/21/21 8:34,79970006,11/4/21 12:12,SM4500NH3H,,00608,Secchi on bottom.,
FLAB17,FLAB,12/15/21,SAMP,MON,SA,G,,0.5,m,20,AMMONIA-N,NH4,0.061,,,0.061,+/- 0.006,1,0.005,0.01,0.005,mg/L,2,N,A,P129834-6,,0,0,,,,,,25.042469,80.914819,WMD,E46077,WMD,WMD,WMD,2,BA,NO,12/16/21 8:25,81789006,1/7/22 16:18,SM4500NH3H,,608,,
FLAB17,FLAB,1/27/22,SAMP,MON,SA,G,,0.5,m,20,AMMONIA-N,NH4,0.011,,,0.011,+/- 0.005,1,0.005,0.01,0.005,mg/L,2,N,A,P129835-6,,0,0,,,,,,25.042469,80.914819,WMD,E46077,WMD,WMD,WMD,2,BA,NO,1/27/22 15:46,81790006,2/3/22 13:12,SM4500NH3H,,00608,Secchi on bottom,
FLAB17,FLAB,4/12/22,SAMP,MON,SA,G,,0.5,m,20,AMMONIA-N,NH4,0.024,,,0.024,+/- 0.005,1,0.005,0.01,0.005,mg/L,2,N,A,P132792-6,,0,0,,,,,,25.042469,80.914819,WMD,E46077,WMD,WMD,WMD,2,BA,NO,4/13/22 8:06,83111006,4/20/22 12:28,SM4500NH3H,,00608,Secchi on bottom,
FLAB17,FLAB,6/27/22,SAMP,MON,SA,G,,0.5,m,20,AMMONIA-N,NH4,0.016,,,0.016,+/- 0.005,1,0.005,0.01,0.005,mg/L,2,N,A,P134130-6,,0,0,,,,,,25.042469,80.914819,WMD,E46077,WMD,WMD,WMD,2,BA,NO,6/28/22 8:30,83719006,6/30/22 11:23,SM4500NH3H,,00608,Secchi on bottom,
FLAB17,FLAB,7/11/22,SAMP,MON,SA,G,,0.5,m,20,AMMONIA-N,NH4,0.011,,,0.011,+/- 0.005,1,0.005,0.01,0.005,mg/L,2,N,A,P135169-6,,0,0,,,,,,25.042469,80.914819,WMD,E46077,WMD,WMD,WMD,2,BA,NO,7/12/22 8:09,84232006,7/22/22 10:23,SM4500NH3H,,608,Secchi on bottom.,
FLAB17,FLAB,9/21/22,SAMP,MON,SA,G,,0.5,m,20,AMMONIA-N,NH4,0.011,,,0.011,+/- 0.005,1,0.005,0.01,0.005,mg/L,2,N,A,P136493-6,,0,0,,,,,,25.042469,80.914819,WMD,E46077,WMD,WMD,WMD,2,BA,NO,9/22/22 8:07,84868006,9/30/22 11:10,SM4500NH3H,,608,"Secchi on bottom. Vegetative debris present in water column, avoided during sampling.",
FLAB17,FLAB,1/19/23,SAMP,MON,SA,G,,0.5,m,20,AMMONIA-N,NH4,0.034,,,0.034,+/- 0.005,1,0.005,0.01,0.005,mg/L,2,N,A,P139466-6,,0,0,,,,,,25.042469,80.914819,WMD,E46077,WMD,WMD,WMD,2,BA,NO,1/20/23 8:12,86301006,2/14/23 10:19,SM4500NH3H,,00608,Secchi on bottom,
FLAB17,FLAB,3/6/23,SAMP,MON,SA,G,,0.5,m,20,AMMONIA-N,NH4,0.011,,,0.011,+/- 0.005,1,0.005,0.01,0.005,mg/L,2,N,A,P141267-6,,0,0,,,,,,25.042469,80.914819,WMD,E46077,WMD,WMD,WMD,2,BA,NO,3/7/23 8:44,87044006,3/9/23 13:54,SM4500NH3H,,00608,SOB.,
FLAB17,FLAB,5/16/23,SAMP,MON,SA,G,,0.5,m,20,AMMONIA-N,NH4,0.018,,,0.018,+/- 0.005,1,0.005,0.01,0.005,mg/L,2,N,A,P143738-6,,0,0,,,,,,25.042469,80.914819,WMD,E46077,WMD,WMD,WMD,2,BA,NO,5/16/23 15:24,87932006,6/6/23 12:01,SM4500NH3H,,00608,Secchi on bottom,
FLAB17,FLAB,7/17/23,SAMP,MON,SA,G,,0.5,m,20,AMMONIA-N,NH4,0.009,I,,0.009,+/- 0.005,1,0.005,0.01,0.005,mg/L,2,N,A,P144701-6,,0,0,,,,,,25.042469,80.914819,WMD,E46077,WMD,WMD,WMD,2,BA,NO,7/18/23 8:37,88406006,8/1/23 14:27,SM4500NH3H,,608,secchi on bottom,
FLAB17,FLAB,9/26/23,SAMP,MON,SA,G,,0.5,m,20,AMMONIA-N,NH4,0.026,,,0.026,+/- 0.005,1,0.005,0.01,0.005,mg/L,2,N,A,P146059-6,,0,0,,,,,,25.042469,80.914819,WMD,E46077,WMD,WMD,WMD,2,BA,NO,9/28/23 7:49,89095006,10/10/23 10:00,SM4500NH3H,,608,secchi on bottom,
FLAB17,FLAB,11/27/23,SAMP,MON,SA,G,,0.5,m,20,AMMONIA-N,NH4,0.005,I,,0.005,+/- 0.005,1,0.005,0.01,0.005,mg/L,2,N,A,P146060-6,,0,0,,,,,,25.042469,80.914819,WMD,E46077,WMD,WMD,WMD,2,BA,NO,11/28/23 8:48,89096006,12/11/23 10:37,SM4500NH3H,,00608,Secchi on bottom.,
FLAB17,FLAB,2/21/24,SAMP,MON,SA,G,,0.5,m,20,AMMONIA-N,NH4,0.006,I,,0.006,+/- 0.005,1,0.005,0.01,0.005,mg/L,2,N,A,P148340-6,,0,0,,,,,,25.042469,80.914819,WMD,E46077,WMD,WMD,WMD,2,BA,NO,2/22/24 8:09,90200006,3/11/24 12:06,SM 4500-NH3 H-2011,,608,Secchi on bottom.,
FLAB17,FLAB,4/18/24,SAMP,MON,SA,G,,0.5,m,20,AMMONIA-N,NH4,0.005,U,,-0.005,+/- 0.005,1,0.005,0.01,0.005,mg/L,2,Y,A,P149303-6,,0,0,,,,,,25.042469,80.914819,WMD,E46077,WMD,WMD,WMD,2,BA,NO,4/19/24 8:21,90666006,4/24/24 13:37,SM 4500-NH3 H-2011,,00608,secchi on bottom,
FLAB17,FLAB,7/31/24,SAMP,MON,SA,G,,0.5,m,20,AMMONIA-N,NH4,0.019,,,0.019,+/- 0.005,1,0.005,0.01,0.005,mg/L,2,N,A,P152197-6,,0,0,,,,,,25.042469,80.914819,WMD,E46077,WMD,WMD,WMD,2,BA,NO,8/1/24 8:01,92110006,8/13/24 10:49,SM 4500-NH3 H-2011,,00608,SOB.,
FLAB17,FLAB,9/30/24,SAMP,MON,SA,G,,0.5,m,20,AMMONIA-N,NH4,0.012,,,0.012,+/- 0.005,1,0.005,0.01,0.005,mg/L,2,N,A,P153173-6,,0,0,,,,,,25.042469,80.914819,WMD,E46077,WMD,WMD,WMD,2,BA,NO,10/1/24 8:31,92601006,10/8/24 14:30,SM 4500-NH3 H-2011,,00608,Secchi on bottom.,
FLAB17,FLAB,11/19/24,SAMP,MON,SA,G,,0.5,m,20,AMMONIA-N,NH4,0.012,,,0.012,+/- 0.005,1,0.005,0.01,0.005,mg/L,2,N,A,P154026-6,,0,0,,,,,,25.042469,80.914819,WMD,E46077,WMD,WMD,WMD,2,BA,NO,11/20/24 8:23,93034006,12/13/24 11:40,SM 4500-NH3 H-2011,,00608,,
FLAB17,FLAB,2/13/25,SAMP,MON,SA,G,,0.5,m,20,AMMONIA-N,NH4,0.014,,,0.014,+/- 0.005,1,0.005,0.01,0.005,mg/L,2,N,A,P155967-6,,0,0,,,,,,25.042469,80.914819,WMD,E46077,WMD,WMD,WMD,2,BA,NO,2/14/25 8:47,93979006,2/28/25 14:21,SM 4500-NH3 H-2011,,00608,Secchi on bottom.,
FLAB17,FLAB,3/25/25,SAMP,MON,SA,G,,0.5,m,20,AMMONIA-N,NH4,0.011,,,0.011,+/- 0.005,1,0.005,0.01,0.005,mg/L,2,N,A,P157082-6,,0,0,,,,,,25.042469,80.914819,WMD,E46077,WMD,WMD,WMD,2,BA,NO,3/26/25 8:54,94540006,4/8/25 14:04,SM 4500-NH3 H-2011,,00608,Secchi on bottom.,
FLAB17,FLAB,5/7/25,SAMP,MON,SA,G,,0.5,m,20,AMMONIA-N,NH4,0.016,,,0.016,+/- 0.005,1,0.005,0.01,0.005,mg/L,2,N,A,P158026-3,,0,0,,,,,,25.042469,80.914819,WMD,E46077,WMD,WMD,WMD,2,BA,NO,5/8/25 8:31,95009003,5/15/25 15:25,SM 4500-NH3 H-2011,,00608,Secchi on bottom,
FLAB17,FLAB,7/10/25,SAMP,MON,SA,G,,0.5,m,20,AMMONIA-N,NH4,0.032,,,0.032,+/- 0.005,1,0.005,0.01,0.005,mg/L,2,N,A,P159507-3,,0,0,,,,,,25.042469,80.914819,WMD,E46077,WMD,WMD,WMD,2,BA,NO,7/11/25 9:57,95742003,8/4/25 12:36,SM 4500-NH3 H-2011,,00608,Secchi visible on bottom,
FLAB17,FLAB,9/9/25,SAMP,MON,SA,G,,0.5,m,20,AMMONIA-N,NH4,0.009,I,,0.009,,1,0.005,0.01,0.005,mg/L,,N,P,P160871-3,,0,0,,,1.7,,,25.042469,-80.914819,,E46077,WMD,,,,BA,,9/10/25 8:53,96441003,9/18/25 15:41,SM 4500-NH3 H-2011,,00608,secchi on bottom. sea grass on water surface avoided during sample collection,
FLAB17,FLAB,4/6/94,SAMP,MON,SA,G,,0,,23,"PHOSPHATE, ORTHO AS P",OPO4,0.002,A,,0.002,,,,,,mg/L,3,N,A,FIU15719,,0,0,,,,,,25.042469,80.914819,,,FIU,FIU,,,,,,,,,,,,Sample Filtered with 0.7 glass fiber filter.
FLAB17,FLAB,5/4/94,SAMP,MON,SA,G,,0,,23,"PHOSPHATE, ORTHO AS P",OPO4,0.0005,A,,0,,,,,,mg/L,3,N,A,FIU15721,,0,0,,,,,,25.042469,80.914819,,,FIU,FIU,,,,,,,,,,,,Sample Filtered with 0.7 glass fiber filter.
FLAB17,FLAB,6/8/94,SAMP,MON,SA,G,,0,,23,"PHOSPHATE, ORTHO AS P",OPO4,0.0014,A,,0.001,,,,,,mg/L,3,N,A,FIU15723,,0,0,,,,,,25.042469,80.914819,,,FIU,FIU,,,,,,,,,,,,Sample Filtered with 0.7 glass fiber filter.
FLAB17,FLAB,7/7/94,SAMP,MON,SA,G,,0,,23,"PHOSPHATE, ORTHO AS P",OPO4,0.0012,A,,0.001,,,,,,mg/L,3,N,A,FIU15725,,0,0,,,,,,25.042469,80.914819,,,FIU,FIU,,,,,,,,,,,,Sample Filtered with 0.7 glass fiber filter.
FLAB17,FLAB,8/4/94,SAMP,MON,SA,G,,0,,23,"PHOSPHATE, ORTHO AS P",OPO4,0.0011,A,,0.001,,,,,,mg/L,3,N,A,FIU15727,,0,0,,,,,,25.042469,80.914819,,,FIU,FIU,,,,,,,,,,,,Sample Filtered with 0.7 glass fiber filter.
FLAB17,FLAB,9/14/94,SAMP,MON,SA,G,,0,,23,"PHOSPHATE, ORTHO AS P",OPO4,0.0005,A,,0,,,,,,mg/L,3,N,A,FIU15729,,0,0,,,,,,25.042469,80.914819,,,FIU,FIU,,,,,,,,,,,,Sample Filtered with 0.7 glass fiber filter.
FLAB17,FLAB,10/5/94,SAMP,MON,SA,G,,0,,23,"PHOSPHATE, ORTHO AS P",OPO4,0.0008,A,,0.001,,,,,,mg/L,3,N,A,FIU15731,,0,0,,,,,,25.042469,80.914819,,,FIU,FIU,,,,,,,,,,,,Sample Filtered with 0.7 glass fiber filter.
FLAB17,FLAB,11/22/94,SAMP,MON,SA,G,,0,,23,"PHOSPHATE, ORTHO AS P",OPO4,0.001,A,,0.001,,,,,,mg/L,3,N,A,FIU15735,,0,0,,,,,,25.042469,80.914819,,,FIU,FIU,,,,,,,,,,,,Sample Filtered with 0.7 glass fiber filter.
FLAB17,FLAB,12/1/94,SAMP,MON,SA,G,,0,,23,"PHOSPHATE, ORTHO AS P",OPO4,0.0016,A,,0.002,,,,,,mg/L,3,N,A,FIU15737,,0,0,,,,,,25.042469,80.914819,,,FIU,FIU,,,,,,,,,,,,Sample Filtered with 0.7 glass fiber filter.
FLAB17,FLAB,1/5/95,SAMP,MON,SA,G,,0,,23,"PHOSPHATE, ORTHO AS P",OPO4,0.002,PMR,,0.002,,,,,,mg/L,3,N,A,FIU15739,,0,0,,,,,,25.042469,80.914819,,,FIU,FIU,,,,,,,,,,,,Sample Filtered with 0.7 glass fiber filter.
FLAB17,FLAB,2/2/95,SAMP,MON,SA,G,,0,,23,"PHOSPHATE, ORTHO AS P",OPO4,0.0006,PMR,,0.001,,,,,,mg/L,3,N,A,FIU15741,,0,0,,,,,,25.042469,80.914819,,,FIU,FIU,,,,,,,,,,,,Sample Filtered with 0.7 glass fiber filter.
FLAB17,FLAB,3/1/95,SAMP,MON,SA,G,,0,,23,"PHOSPHATE, ORTHO AS P",OPO4,0.0008,PMR,,0.001,,,,,,mg/L,3,N,A,FIU15743,,0,0,,,,,,25.042469,80.914819,,,FIU,FIU,,,,,,,,,,,,Sample Filtered with 0.7 glass fiber filter.
FLAB17,FLAB,4/19/95,SAMP,MON,SA,G,,0,,23,"PHOSPHATE, ORTHO AS P",OPO4,0.0004,PMR,,0,,,,,,mg/L,3,N,A,FIU15745,,0,0,,,,,,25.042469,80.914819,,,FIU,FIU,,,,,,,,,,,,Sample Filtered with 0.7 glass fiber filter.
FLAB17,FLAB,5/24/95,SAMP,MON,SA,G,,0,,23,"PHOSPHATE, ORTHO AS P",OPO4,0.0024,PMR,,0.002,,,,,,mg/L,3,N,A,FIU15747,,0,0,,,,,,25.042469,80.914819,,,FIU,FIU,,,,,,,,,,,,Sample Filtered with 0.7 glass fiber filter.
FLAB17,FLAB,6/21/95,SAMP,MON,SA,G,,0,,23,"PHOSPHATE, ORTHO AS P",OPO4,0.0008,PMR,,0.001,,,,,,mg/L,3,N,A,FIU15749,,0,0,,,,,,25.042469,80.914819,,,FIU,FIU,,,,,,,,,,,,Sample Filtered with 0.7 glass fiber filter.
FLAB17,FLAB,7/12/95,SAMP,MON,SA,G,,0,,23,"PHOSPHATE, ORTHO AS P",OPO4,0.0002,PMR,,0,,,,,,mg/L,3,N,A,FIU15751,,0,0,,,,,,25.042469,80.914819,,,FIU,FIU,,,,,,,,,,,,Sample Filtered with 0.7 glass fiber filter.
FLAB17,FLAB,8/11/95,SAMP,MON,SA,G,,0,,23,"PHOSPHATE, ORTHO AS P",OPO4,0.0009,PMR,,0.001,,,,,,mg/L,3,N,A,FIU15753,,0,0,,,,,,25.042469,80.914819,,,FIU,FIU,,,,,,,,,,,,Sample Filtered with 0.7 glass fiber filter.
FLAB17,FLAB,9/6/95,SAMP,MON,SA,G,,0,,23,"PHOSPHATE, ORTHO AS P",OPO4,0.0002,PMR,,0,,,,,,mg/L,3,N,A,FIU15755,,0,0,,,,,,25.042469,80.914819,,,FIU,FIU,,,,,,,,,,,,Sample Filtered with 0.7 glass fiber filter.
FLAB17,FLAB,10/22/95,SAMP,MON,SA,G,,0,,23,"PHOSPHATE, ORTHO AS P",OPO4,0.0017,PMR,,0.002,,,,,,mg/L,3,N,A,FIU15757,,0,0,,,,,,25.042469,80.914819,,,FIU,FIU,,,,,,,,,,,,Sample Filtered with 0.7 glass fiber filter.
FLAB17,FLAB,11/17/95,SAMP,MON,SA,G,,0,,23,"PHOSPHATE, ORTHO AS P",OPO4,0.0002,Q,Q,0,,,,,,mg/L,3,N,A,FIU15759,,0,0,,,,,,25.042469,80.914819,,,FIU,FIU,,,,,,,,,,,,Sample Filtered with 0.7 glass fiber filter.
FLAB17,FLAB,12/14/95,SAMP,MON,SA,G,,0,,23,"PHOSPHATE, ORTHO AS P",OPO4,0.004,Q,Q,0.004,,,,,,mg/L,3,N,A,FIU15761,,0,0,,,,,,25.042469,80.914819,,,FIU,FIU,,,,,,,,,,,,Sample Filtered with 0.7 glass fiber filter.
FLAB17,FLAB,1/23/96,SAMP,MON,SA,G,,0,,23,"PHOSPHATE, ORTHO AS P",OPO4,0.0003,PMR,,0,,,,,,mg/L,3,N,A,FIU15763,,0,0,,,,,,25.042469,80.914819,,,FIU,FIU,,,,,,,,,,,,Sample Filtered with 0.7 glass fiber filter.
FLAB17,FLAB,2/12/96,SAMP,MON,SA,G,,0,,23,"PHOSPHATE, ORTHO AS P",OPO4,0.0004,PMR,,0,,,,,,mg/L,3,N,A,FIU15765,,0,0,,,,,,25.042469,80.914819,,,FIU,FIU,,,,,,,,,,,,Sample Filtered with 0.7 glass fiber filter.
FLAB17,FLAB,3/22/96,SAMP,MON,SA,G,,0,,23,"PHOSPHATE, ORTHO AS P",OPO4,0,PMR,,0,,,,,,mg/L,3,N,A,FIU15767,,0,0,,,,,,25.042469,80.914819,,,FIU,FIU,,,,,,,,,,,,Sample Filtered with 0.7 glass fiber filter.
FLAB17,FLAB,4/25/96,SAMP,MON,SA,G,,0,,23,"PHOSPHATE, ORTHO AS P",OPO4,0.0057,PMR,,0.006,,,,,,mg/L,3,N,A,FIU15769,,0,0,,,,,,25.042469,80.914819,,,FIU,FIU,,,,,,,,,,,,Sample Filtered with 0.7 glass fiber filter.
FLAB17,FLAB,5/10/96,SAMP,MON,SA,G,,0,,23,"PHOSPHATE, ORTHO AS P",OPO4,0.0012,PMR,,0.001,,,,,,mg/L,3,N,A,FIU15771,,0,0,,,,,,25.042469,80.914819,,,FIU,FIU,,,,,,,,,,,,Sample Filtered with 0.7 glass fiber filter.
FLAB17,FLAB,6/6/96,SAMP,MON,SA,G,,0,,23,"PHOSPHATE, ORTHO AS P",OPO4,0.0008,PMR,,0.001,,,,,,mg/L,3,N,A,FIU15773,,0,0,,,,,,25.042469,80.914819,,,FIU,FIU,,,,,,,,,,,,Sample Filtered with 0.7 glass fiber filter.
FLAB17,FLAB,7/5/96,SAMP,MON,SA,G,,0.1,,23,"PHOSPHATE, ORTHO AS P",OPO4,0.0005,PMR,,0,,,,,,mg/L,3,N,A,FIU15775,,0,0,,,,,,25.042469,80.914819,,,FIU,FIU,,,,,,,,,,,,Sample Filtered with 0.7 glass fiber filter.
FLAB17,FLAB,8/22/96,SAMP,MON,SA,G,,0.1,,23,"PHOSPHATE, ORTHO AS P",OPO4,0.001,PMR,,0.001,,,,,,mg/L,3,N,A,FIU15777,,0,0,,,,,,25.042469,80.914819,,,FIU,FIU,,,,,,,,,,,,Sample Filtered with 0.7 glass fiber filter.
FLAB17,FLAB,9/14/96,SAMP,MON,SA,G,,0.1,,23,"PHOSPHATE, ORTHO AS P",OPO4,0.0005,PMR,,0,,,,,,mg/L,3,N,A,FIU15779,,0,0,,,,,,25.042469,80.914819,,,FIU,FIU,,,,,,,,,,,,Sample Filtered with 0.7 glass fiber filter.
FLAB17,FLAB,10/15/96,SAMP,MON,SA,G,,0.1,,23,"PHOSPHATE, ORTHO AS P",OPO4,0.0001,T,,0,,,,,,mg/L,3,N,A,FIU15781,,0,0,,,,,,25.042469,80.914819,,,FIU,FIU,,,,,,,,,,,,Sample Filtered with 0.7 glass fiber filter.
FLAB17,FLAB,11/7/96,SAMP,MON,SA,G,,0.1,,23,"PHOSPHATE, ORTHO AS P",OPO4,0.0007,PMR,,0.001,,,,,,mg/L,3,N,A,FIU15783,,0,0,,,,,,25.042469,80.914819,,,FIU,FIU,,,,,,,,,,,,Sample Filtered with 0.7 glass fiber filter.
FLAB17,FLAB,12/6/96,SAMP,MON,SA,G,,0.1,,23,"PHOSPHATE, ORTHO AS P",OPO4,0.0014,PMR,,0.001,,,,,,mg/L,3,N,A,FIU15785,,0,0,,,,,,25.042469,80.914819,,,FIU,FIU,,,,,,,,,,,,Sample Filtered with 0.7 glass fiber filter.
FLAB17,FLAB,1/8/97,SAMP,MON,SA,G,,0.1,,23,"PHOSPHATE, ORTHO AS P",OPO4,0.0002,T,,0,,,,,,mg/L,3,N,A,FIU15787,,0,0,,,,,,25.042469,80.914819,,,FIU,FIU,,,,,,,,,,,,Sample Filtered with 0.7 glass fiber filter.
FLAB17,FLAB,2/15/97,SAMP,MON,SA,G,,0.1,,23,"PHOSPHATE, ORTHO AS P",OPO4,0.0002,T,,0,,,,,,mg/L,3,N,A,FIU15789,,0,0,,,,,,25.042469,80.914819,,,FIU,FIU,,,,,,,,,,,,Sample Filtered with 0.7 glass fiber filter.
FLAB17,FLAB,3/12/97,SAMP,MON,SA,G,,0.1,,23,"PHOSPHATE, ORTHO AS P",OPO4,0.0001,T,,0,,,,,,mg/L,3,N,A,FIU15791,,0,0,,,,,,25.042469,80.914819,,,FIU,FIU,,,,,,,,,,,,Sample Filtered with 0.7 glass fiber filter.
FLAB17,FLAB,4/16/97,SAMP,MON,SA,G,,0.1,,23,"PHOSPHATE, ORTHO AS P",OPO4,0.0003,PMR,,0,,,,,,mg/L,3,N,A,FIU15793,,0,0,,,,,,25.042469,80.914819,,,FIU,FIU,,,,,,,,,,,,Sample Filtered with 0.7 glass fiber filter.
FLAB17,FLAB,5/22/97,SAMP,MON,SA,G,,0.1,,23,"PHOSPHATE, ORTHO AS P",OPO4,0.0007,PMR,,0.001,,,,,,mg/L,3,N,A,FIU15795,,0,0,,,,,,25.042469,80.914819,,,FIU,FIU,,,,,,,,,,,,Sample Filtered with 0.7 glass fiber filter.
FLAB17,FLAB,6/12/97,SAMP,MON,SA,G,,0.1,,23,"PHOSPHATE, ORTHO AS P",OPO4,0.0002,T,,0,,,,,,mg/L,3,N,A,FIU15797,,0,0,,,,,,25.042469,80.914819,,,FIU,FIU,,,,,,,,,,,,Sample Filtered with 0.7 glass fiber filter.
FLAB17,FLAB,7/10/97,SAMP,MON,SA,G,,0.1,,23,"PHOSPHATE, ORTHO AS P",OPO4,0.0002,T,,0,,,,,,mg/L,3,N,A,FIU15799,,0,0,,,,,,25.042469,80.914819,,,FIU,FIU,,,,,,,,,,,,Sample Filtered with 0.7 glass fiber filter.
FLAB17,FLAB,8/19/97,SAMP,MON,SA,G,,0.1,,23,"PHOSPHATE, ORTHO AS P",OPO4,0.0004,PMR,,0,,,,,,mg/L,3,N,A,FIU15800,,0,0,,,,,,25.042469,80.914819,,,FIU,FIU,,,,,,,,,,,,Sample Filtered with 0.7 glass fiber filter.
FLAB17,FLAB,9/10/97,SAMP,MON,SA,G,,0.1,,23,"PHOSPHATE, ORTHO AS P",OPO4,0,T,,0,,,,,,mg/L,3,N,A,FIU15802,,0,0,,,,,,25.042469,80.914819,,,FIU,FIU,,,,,,,,,,,,Sample Filtered with 0.7 glass fiber filter.
FLAB17,FLAB,10/21/97,SAMP,MON,SA,G,,0.1,,23,"PHOSPHATE, ORTHO AS P",OPO4,0,T,,0,,,,,,mg/L,3,N,A,FIU15804,,0,0,,,,,,25.042469,80.914819,,,FIU,FIU,,,,,,,,,,,,Sample Filtered with 0.7 glass fiber filter.
FLAB17,FLAB,11/25/97,SAMP,MON,SA,G,,0.1,,23,"PHOSPHATE, ORTHO AS P",OPO4,0,T,,0,,,,,,mg/L,3,N,A,FIU15806,,0,0,,,,,,25.042469,80.914819,,,FIU,FIU,,,,,,,,,,,,Sample Filtered with 0.7 glass fiber filter.
FLAB17,FLAB,12/12/97,SAMP,MON,SA,G,,0.1,,23,"PHOSPHATE, ORTHO AS P",OPO4,0.0001,T,,0,,,,,,mg/L,3,N,A,FIU15808,,0,0,,,,,,25.042469,80.914819,,,FIU,FIU,,,,,,,,,,,,Sample Filtered with 0.7 glass fiber filter.
FLAB17,FLAB,1/21/98,SAMP,MON,SA,G,,0.1,,23,"PHOSPHATE, ORTHO AS P",OPO4,0,T,,0,,,,,,mg/L,3,N,A,FIU15810,,0,0,,,,,,25.042469,80.914819,,,FIU,FIU,,,,,,,,,,,,Sample Filtered with 0.7 glass fiber filter.
FLAB17,FLAB,2/18/98,SAMP,MON,SA,G,,0.1,,23,"PHOSPHATE, ORTHO AS P",OPO4,0.0002,PMR,,0,,,,,,mg/L,3,N,A,FIU15812,,0,0,,,,,,25.042469,80.914819,,,FIU,FIU,,,,,,,,,,,,Sample Filtered with 0.7 glass fiber filter.
FLAB17,FLAB,3/20/98,SAMP,MON,SA,G,,0.1,,23,"PHOSPHATE, ORTHO AS P",OPO4,0.0002,T,,0,,,,,,mg/L,3,N,A,FIU15814,,0,0,,,,,,25.042469,80.914819,,,FIU,FIU,,,,,,,,,,,,Sample Filtered with 0.7 glass fiber filter.
FLAB17,FLAB,4/15/98,SAMP,MON,SA,G,,0.1,,23,"PHOSPHATE, ORTHO AS P",OPO4,0.0004,T,,0,,,,,,mg/L,3,N,A,FIU15816,,0,0,,,,,,25.042469,80.914819,,,FIU,FIU,,,,,,,,,,,,Sample Filtered with 0.7 glass fiber filter.
FLAB17,FLAB,5/14/98,SAMP,MON,SA,G,,0.1,,23,"PHOSPHATE, ORTHO AS P",OPO4,0.0016,PMR,,0.002,,,,,,mg/L,3,N,A,FIU15818,,0,0,,,,,,25.042469,80.914819,,,FIU,FIU,,,,,,,,,,,,Sample Filtered with 0.7 glass fiber filter.
FLAB17,FLAB,6/10/98,SAMP,MON,SA,G,,0.1,,23,"PHOSPHATE, ORTHO AS P",OPO4,0.0012,PMR,,0.001,,,,,,mg/L,3,N,A,FIU15820,,0,0,,,,,,25.042469,80.914819,,,FIU,FIU,,,,,,,,,,,,Sample Filtered with 0.7 glass fiber filter.
FLAB17,FLAB,7/14/98,SAMP,MON,SA,G,,0.1,,23,"PHOSPHATE, ORTHO AS P",OPO4,0,T,,0,,,,,,mg/L,3,N,A,FIU15822,,0,0,,,,,,25.042469,80.914819,,,FIU,FIU,,,,,,,,,,,,Sample Filtered with 0.7 glass fiber filter.
FLAB17,FLAB,9/17/98,SAMP,MON,SA,G,,0.1,,23,"PHOSPHATE, ORTHO AS P",OPO4,0.0009,PMR,,0.001,,,,,,mg/L,3,N,A,FIU15826,,0,0,,,,,,25.042469,80.914819,,,FIU,FIU,,,,,,,,,,,,Sample Filtered with 0.7 glass fiber filter.
FLAB17,FLAB,9/30/98,SAMP,MON,SA,G,,0.1,,23,"PHOSPHATE, ORTHO AS P",OPO4,0.0019,PMR,,0.002,,,,,,mg/L,3,N,A,FIU15828,,0,0,,,,,,25.042469,80.914819,,,FIU,FIU,,,,,,,,,,,,Sample Filtered with 0.7 glass fiber filter.
FLAB17,FLAB,11/3/98,SAMP,MON,SA,G,,0.1,,23,"PHOSPHATE, ORTHO AS P",OPO4,0.0011,PMR,,0.001,,,,,,mg/L,3,N,A,FIU15830,,0,0,,,,,,25.042469,80.914819,,,FIU,FIU,,,,,,,,,,,,Sample Filtered with 0.7 glass fiber filter.
FLAB17,FLAB,12/1/98,SAMP,MON,SA,G,,0.1,,23,"PHOSPHATE, ORTHO AS P",OPO4,0.0002,T,,0,,,,,,mg/L,3,N,A,FIU15832,,0,0,,,,,,25.042469,80.914819,,,FIU,FIU,,,,,,,,,,,,Sample Filtered with 0.7 glass fiber filter.
FLAB17,FLAB,1/14/99,SAMP,MON,SA,G,,0.1,,23,"PHOSPHATE, ORTHO AS P",OPO4,0.0033,PMR,,0.003,,,,,,mg/L,3,N,A,FIU15834,,0,0,,,,,,25.042469,80.914819,,,FIU,FIU,,,,,,,,,,,,Sample Filtered with 0.7 glass fiber filter.
FLAB17,FLAB,2/10/99,SAMP,MON,SA,G,,0.1,,23,"PHOSPHATE, ORTHO AS P",OPO4,0.0004,T,,0,,,,,,mg/L,3,N,A,FIU15836,,0,0,,,,,,25.042469,80.914819,,,FIU,FIU,,,,,,,,,,,,Sample Filtered with 0.7 glass fiber filter.
FLAB17,FLAB,3/23/99,SAMP,MON,SA,G,,0.1,,23,"PHOSPHATE, ORTHO AS P",OPO4,0.0002,T,,0,,,,,,mg/L,3,N,A,FIU15838,,0,0,,,,,,25.042469,80.914819,,,FIU,FIU,,,,,,,,,,,,Sample Filtered with 0.7 glass fiber filter.
FLAB17,FLAB,4/29/99,SAMP,MON,SA,G,,0.1,,23,"PHOSPHATE, ORTHO AS P",OPO4,0.0002,T,,0,,,,,,mg/L,3,N,A,FIU15840,,0,0,,,,,,25.042469,80.914819,,,FIU,FIU,,,,,,,,,,,,Sample Filtered with 0.7 glass fiber filter.
FLAB17,FLAB,5/28/99,SAMP,MON,SA,G,,0.1,,23,"PHOSPHATE, ORTHO AS P",OPO4,0.0005,T,,0,,,,,,mg/L,3,N,A,FIU15842,,0,0,,,,,,25.042469,80.914819,,,FIU,FIU,,,,,,,,,,,,Sample Filtered with 0.7 glass fiber filter.
FLAB17,FLAB,6/17/99,SAMP,MON,SA,G,,0.1,,23,"PHOSPHATE, ORTHO AS P",OPO4,0.0014,PMR,,0.001,,,,,,mg/L,3,N,A,FIU15844,,0,0,,,,,,25.042469,80.914819,,,FIU,FIU,,,,,,,,,,,,Sample Filtered with 0.7 glass fiber filter.
FLAB17,FLAB,7/6/99,SAMP,MON,SA,G,,0.1,,23,"PHOSPHATE, ORTHO AS P",OPO4,0.0012,PMR,,0.0012,,,0.0006,,,mg/L,3,N,A,FIU15847,,0,0,,,,,,25.042469,80.914819,,,FIU,FIU,,,,,,,,EPA365.1,,,,Sample Filtered with 0.7 glass fiber filter.
FLAB17,FLAB,8/24/99,SAMP,MON,SA,G,,0.1,,23,"PHOSPHATE, ORTHO AS P",OPO4,0.0006,U,NOB,-99,,,0.0006,,,mg/L,3,Y,A,FIU15849,,0,0,,,,,,25.042469,80.914819,,,FIU,FIU,,,,,,,,EPA365.1,,,,Sample Filtered with 0.7 glass fiber filter.
FLAB17,FLAB,9/23/99,SAMP,MON,SA,G,,0.1,,23,"PHOSPHATE, ORTHO AS P",OPO4,0.0009,PMR,,0.0009,,,0.00062,,,mg/L,3,N,A,FIU15851,,0,0,,,,,,25.042469,80.914819,,,FIU,FIU,,,,,,,,EPA365.1,,,,Sample Filtered with 0.7 glass fiber filter.
FLAB17,FLAB,10/26/99,SAMP,MON,SA,G,,0.1,,23,"PHOSPHATE, ORTHO AS P",OPO4,0.00062,U,,-0.00062,,,0.00062,,,mg/L,3,Y,A,FIU15853,,0,0,,,,,,25.042469,80.914819,,,FIU,FIU,,,,,,,,EPA365.1,,,,Sample Filtered with 0.7 glass fiber filter.
FLAB17,FLAB,11/12/99,SAMP,MON,SA,G,,0.1,,23,"PHOSPHATE, ORTHO AS P",OPO4,0.0006,PMR,,0.0006,,,0.00062,,,mg/L,3,N,A,FIU15856,,0,0,,,,,,25.042469,80.914819,,,FIU,FIU,,,,,,,,EPA365.1,,,,Sample Filtered with 0.7 glass fiber filter.
FLAB17,FLAB,12/3/99,SAMP,MON,SA,G,,0.1,,23,"PHOSPHATE, ORTHO AS P",OPO4,0.0012,PMR,,0.0012,,,0.00062,,,mg/L,3,N,A,FIU15859,,0,0,,,,,,25.042469,80.914819,,,FIU,FIU,,,,,,,,EPA365.1,,,,Sample Filtered with 0.7 glass fiber filter.
FLAB17,FLAB,1/25/00,SAMP,MON,SA,G,,0.1,,23,"PHOSPHATE, ORTHO AS P",OPO4,0.0013,PMR,,0.0013,,,0.00062,,,mg/L,3,N,A,FIU15862,,0,0,,,,,,25.042469,80.914819,,,FIU,FIU,,,,,,,,EPA365.1,,,,Sample Filtered with 0.7 glass fiber filter.
FLAB17,FLAB,2/28/00,SAMP,MON,SA,G,,0.1,,23,"PHOSPHATE, ORTHO AS P",OPO4,0.0033,PMR,,0.0033,,,0.00062,,,mg/L,3,N,A,FIU15865,,0,0,,,,,,25.042469,80.914819,,,FIU,FIU,,,,,,,,EPA365.1,,,,Sample Filtered with 0.7 glass fiber filter.
FLAB17,FLAB,3/21/00,SAMP,MON,SA,G,,0.1,,23,"PHOSPHATE, ORTHO AS P",OPO4,0.0017,PMR,,0.0017,,,0.00062,,,mg/L,3,N,A,FIU15868,,0,0,,,,,,25.042469,80.914819,,,FIU,FIU,,,,,,,,EPA365.1,,,,Sample Filtered with 0.7 glass fiber filter.
FLAB17,FLAB,4/13/00,SAMP,MON,SA,G,,0.1,,23,"PHOSPHATE, ORTHO AS P",OPO4,0.0011,PMR,,0.0011,,,0.00062,,,mg/L,3,N,A,FIU15871,,0,0,,,,,,25.042469,80.914819,,,FIU,FIU,,,,,,,,EPA365.1,,,,Sample Filtered with 0.7 glass fiber filter.
FLAB17,FLAB,5/30/00,SAMP,MON,SA,G,,0.1,,23,"PHOSPHATE, ORTHO AS P",OPO4,0.0019,PMR,,0.0019,,,0.00062,,,mg/L,3,N,A,FIU15873,,0,0,,,,,,25.042469,80.914819,,,FIU,FIU,,,,,,,,EPA365.1,,,,Sample Filtered with 0.7 glass fiber filter.
FLAB17,FLAB,6/20/00,SAMP,MON,SA,G,,0.1,,23,"PHOSPHATE, ORTHO AS P",OPO4,0.0006,T,,0.0006,,,0.00062,,,mg/L,3,N,A,FIU15875,,0,0,,,,,,25.042469,80.914819,,,FIU,FIU,,,,,,,,EPA365.1,,,,Sample Filtered with 0.7 glass fiber filter.
FLAB17,FLAB,7/20/00,SAMP,MON,SA,G,,0.1,,23,"PHOSPHATE, ORTHO AS P",OPO4,0.0049,PMR,,0.0049,,,0.0006,,,mg/L,3,N,A,FIU15877,,0,0,,,,,,25.042469,80.914819,,,FIU,FIU,,,,,,,,EPA365.1,,,,Sample Filtered with 0.7 glass fiber filter.
FLAB17,FLAB,8/29/00,SAMP,MON,SA,G,,0.1,,23,"PHOSPHATE, ORTHO AS P",OPO4,0.0008,PMR,,0.0008,,,0.0006,,,mg/L,3,N,A,FIU15879,,0,0,,,,,,25.042469,80.914819,,,FIU,FIU,,,,,,,,EPA365.1,,,,Sample Filtered with 0.7 glass fiber filter.
FLAB17,FLAB,9/28/00,SAMP,MON,SA,G,,0.1,,23,"PHOSPHATE, ORTHO AS P",OPO4,0.0017,PMR,,0.0017,,,0.0006,,,mg/L,3,N,A,FIU15881,,0,0,,,,,,25.042469,80.914819,,,FIU,FIU,,,,,,,,EPA365.1,,,,Sample Filtered with 0.7 glass fiber filter.
FLAB17,FLAB,10/26/00,SAMP,MON,SA,G,,0.1,,23,"PHOSPHATE, ORTHO AS P",OPO4,0.0008,PMR,,0.0008,,,0.0006,,,mg/L,3,N,A,FIU15883,,0,0,,,,,,25.042469,80.914819,,,FIU,FIU,,,,,,,,EPA365.1,,,,Sample Filtered with 0.7 glass fiber filter.
FLAB17,FLAB,11/30/00,SAMP,MON,SA,G,,0.1,,23,"PHOSPHATE, ORTHO AS P",OPO4,0.0006,T,,0.0006,,,0.0006,,,mg/L,3,N,A,FIU15885,,0,0,,,,,,25.042469,80.914819,,,FIU,FIU,,,,,,,,EPA365.1,,,,Sample Filtered with 0.7 glass fiber filter.
FLAB17,FLAB,12/11/00,SAMP,MON,SA,G,,0.1,,23,"PHOSPHATE, ORTHO AS P",OPO4,0.0005,T,,0.0005,,,0.0006,,,mg/L,3,N,A,FIU15887,,0,0,,,,,,25.042469,80.914819,,,FIU,FIU,,,,,,,,EPA365.1,,,,Sample Filtered with 0.7 glass fiber filter.
FLAB17,FLAB,1/25/01,SAMP,MON,SA,G,,0.1,,23,"PHOSPHATE, ORTHO AS P",OPO4,0.0005,T,T,0.0005,,,0.0019,,,mg/L,3,N,A,FIU15889,,0,0,,,,,,25.042469,80.914819,,,FIU,FIU,,,,,,,,EPA365.1,,,,Sample Filtered with 0.7 glass fiber filter.
FLAB17,FLAB,2/21/01,SAMP,MON,SA,G,,0.1,,23,"PHOSPHATE, ORTHO AS P",OPO4,0.0005,T,T,0.0005,,,0.0019,,,mg/L,3,N,A,FIU15891,,0,0,,,,,,25.042469,80.914819,,,FIU,FIU,,,,,,,,EPA365.1,,,,Sample Filtered with 0.7 glass fiber filter.
FLAB17,FLAB,3/6/01,SAMP,MON,SA,G,,0.1,,23,"PHOSPHATE, ORTHO AS P",OPO4,0.0016,T,T,0.0016,,,0.0019,,,mg/L,3,N,A,FIU15893,,0,0,,,,,,25.042469,80.914819,,,FIU,FIU,,,,,,,,EPA365.1,,,,Sample Filtered with 0.7 glass fiber filter.
FLAB17,FLAB,4/3/01,SAMP,MON,SA,G,,0.1,,23,"PHOSPHATE, ORTHO AS P",OPO4,0.0008,T,T,0.0008,,,0.0019,,,mg/L,3,N,A,FIU15895,,0,0,,,,,,25.042469,80.914819,,,FIU,FIU,,,,,,,,EPA365.1,,,,Sample Filtered with 0.7 glass fiber filter.
FLAB17,FLAB,5/2/01,SAMP,MON,SA,G,,0.1,,23,"PHOSPHATE, ORTHO AS P",OPO4,0.0032,PMR,,0.0032,,,0.0019,,,mg/L,3,N,A,FIU15897,,0,0,,,,,,25.042469,80.914819,,,FIU,FIU,,,,,,,,EPA365.1,,,,Sample Filtered with 0.7 glass fiber filter.
FLAB17,FLAB,6/5/01,SAMP,MON,SA,G,,0.1,,23,"PHOSPHATE, ORTHO AS P",OPO4,0.0007,T,T,0.0007,,,0.0019,,,mg/L,3,N,A,FIU110790,,0,0,,,,,,25.042469,80.914819,,,FIU,FIU,,,,,,,,EPA365.1,,,,Sample Filtered with 0.7 glass fiber filter.
FLAB17,FLAB,7/12/01,SAMP,MON,SA,G,,0.1,,23,"PHOSPHATE, ORTHO AS P",OPO4,0.0005,T,T,0.0005,,,0.0019,,,mg/L,3,N,A,FIU15899,,0,0,,,,,,25.042469,80.914819,,,FIU,FIU,,,,,,,,EPA365.1,,00660,,Sample Filtered with 0.7 glass fiber filter.
FLAB17,FLAB,8/14/01,SAMP,MON,SA,G,,0.1,,23,"PHOSPHATE, ORTHO AS P",OPO4,0.0019,T,T,-0.0016,,,0.0019,,,mg/L,3,Y,A,FIU15901,,0,0,,,,,,25.042469,80.914819,,,FIU,FIU,,,,,,,,EPA365.1,,00660,,Sample Filtered with 0.7 glass fiber filter.
FLAB17,FLAB,9/5/01,SAMP,MON,SA,G,,0.1,,23,"PHOSPHATE, ORTHO AS P",OPO4,0,T,T,0,,,0.0019,,,mg/L,3,N,A,FIU15903,,0,0,,,,,,25.042469,80.914819,,,FIU,FIU,,,,,,,,EPA365.1,,00660,,Sample Filtered with 0.7 glass fiber filter.
FLAB17,FLAB,10/23/01,SAMP,MON,SA,G,,0.1,,23,"PHOSPHATE, ORTHO AS P",OPO4,0.0019,T,T,-0.0019,,,0.0019,,,mg/L,3,Y,A,FIU110504,,0,0,,,,,,25.042469,80.914819,,,FIU,FIU,,,,,,128017,11/2/01 0:00,EPA365.1,,00660,,Sample Filtered with 0.7 glass fiber filter.
FLAB17,FLAB,11/8/01,SAMP,MON,SA,G,,0.1,,23,"PHOSPHATE, ORTHO AS P",OPO4,0.002,PMR,,0.002,,,0.0019,,,mg/L,3,N,A,FIU110506,,0,0,,,,,,25.042469,80.914819,,,FIU,FIU,,,,,,129017,11/21/01 0:00,EPA365.1,,,,Sample Filtered with 0.7 glass fiber filter.
FLAB17,FLAB,12/3/01,SAMP,MON,SA,G,,0.1,,23,"PHOSPHATE, ORTHO AS P",OPO4,0.0026,PMR,Q,0.0026,,,0.0019,,,mg/L,3,N,A,FIU110508,,0,0,,,,,,25.042469,80.914819,,,FIU,FIU,,,,,,130017,2/4/02 0:00,EPA365.1,,00660,,OUT OF HOLDING TIME.  Sample Filtered with 0.7 glass fiber filter.
FLAB17,FLAB,1/29/02,SAMP,MON,SA,G,,0.1,,23,"PHOSPHATE, ORTHO AS P",OPO4,0.0019,T,T,-0.0019,,,0.0019,,,mg/L,3,Y,A,FIU113136,,0,0,,,,,,25.042469,80.914819,,,FIU,FIU,,,,,,131017,2/22/02 0:00,EPA365.1,,,,
FLAB17,FLAB,2/20/02,SAMP,MON,SA,G,,0.1,,23,"PHOSPHATE, ORTHO AS P",OPO4,0.0019,T,T,-0.0019,,,0.0019,,,mg/L,3,Y,A,FIU113138,,0,0,,,,,,25.042469,80.914819,,,FIU,FIU,,,,,,132017,3/26/02 0:00,EPA365.1,,00660,,
FLAB17,FLAB,3/19/02,SAMP,MON,SA,G,,0.1,,23,"PHOSPHATE, ORTHO AS P",OPO4,0.0019,T,T,-0.0019,,,0.0019,,,mg/L,3,Y,A,FIU113140,,0,0,,,,,,25.042469,80.914819,,,FIU,FIU,,,,,,133017,4/2/02 0:00,EPA365.1,,00660,,
FLAB17,FLAB,4/9/02,SAMP,MON,SA,G,,0.1,,23,"PHOSPHATE, ORTHO AS P",OPO4,0.0019,U,,-0.0019,,,0.0019,,,mg/L,3,Y,A,134017,,0,0,,,,,,25.042469,80.914819,,,FIU,FIU,,,,,,134017,4/22/02 0:00,EPA365.1,,660,,
FLAB17,FLAB,5/15/02,SAMP,MON,SA,G,,0.1,,23,"PHOSPHATE, ORTHO AS P",OPO4,0.0013,,,0.0013,,,0.0009,,,mg/L,3,N,A,135017,,0,0,,,,,,25.042469,80.914819,,,FIU,FIU,,,,,,135017,5/30/02 10:54,EPA365.1,,660,,
FLAB17,FLAB,6/4/02,SAMP,MON,SA,G,,0.1,,23,"PHOSPHATE, ORTHO AS P",OPO4,0.0577,J3,yes,0.0577,,,0.0009,,,mg/L,3,N,A,136017,,0,0,,,,,,25.042469,80.914819,,,FIU,FIU,,,,CA,,136017,6/10/02 11:20,EPA365.1,,660,,REVERSAL
FLAB17,FLAB,7/11/02,SAMP,MON,SA,G,,0.1,,23,"PHOSPHATE, ORTHO AS P",OPO4,0.001,,,0.001,,,0.0009,0.0037,,mg/L,3,N,A,137017,,0,0,,,,,,25.042469,80.914819,,,FIU,FIU,,,,,,137017,7/18/02 10:26,EPA365.1,,660,,
FLAB17,FLAB,8/19/02,SAMP,MON,SA,G,,0.1,,23,"PHOSPHATE, ORTHO AS P",OPO4,0.0028,,,0.0028,,,0.0009,0.0037,,mg/L,3,N,A,138017,,0,0,,,,,,25.042469,80.914819,,,FIU,FIU,,,,,,138017,8/20/02 14:16,EPA365.1,,00660,,
FLAB17,FLAB,9/17/02,SAMP,MON,SA,G,,0.1,,23,"PHOSPHATE, ORTHO AS P",OPO4,0.0009,U,,-0.0009,,,0.0009,0.0037,,mg/L,3,Y,A,139017,,0,0,,,,,,25.042469,80.914819,,,FIU,FIU,,,,,,139017,9/26/02 8:10,EPA365.1,,00660,,
FLAB17,FLAB,10/17/02,SAMP,MON,SA,G,,0.1,,23,"PHOSPHATE, ORTHO AS P",OPO4,0.0015,,,0.0015,,,0.0009,0.0037,,mg/L,3,N,A,140017,,0,0,,,,,,25.042469,80.914819,,,FIU,FIU,,,,,,140017,10/23/02 12:27,EPA365.1,,00660,,
FLAB17,FLAB,11/14/02,SAMP,MON,SA,G,,0.1,,23,"PHOSPHATE, ORTHO AS P",OPO4,0.0021,,,0.0021,,,0.0009,0.0037,,mg/L,3,N,A,141017,,0,0,,,,,,25.042469,80.914819,,,FIU,FIU,,,,,,141017,11/20/02 12:00,EPA365.1,,00660,,
FLAB17,FLAB,12/11/02,SAMP,MON,SA,G,,0.1,,23,"PHOSPHATE, ORTHO AS P",OPO4,0.0048,,,0.0048,,,0.0009,0.0037,,mg/L,3,N,A,142017,,0,0,,,,,,25.042469,80.914819,,,FIU,FIU,,,,,,142017,12/16/02 13:57,EPA365.1,,00660,,
FLAB17,FLAB,1/28/03,SAMP,MON,SA,G,,0.1,,23,"PHOSPHATE, ORTHO AS P",OPO4,0.0017,I,I,0.0017,,,0.0009,0.0037,,mg/L,3,N,A,143017,,0,0,,,,,,25.042469,80.914819,,,FIU,FIU,,,,CA,,143017,1/30/03 14:34,EPA365.1,,00660,,
FLAB17,FLAB,2/25/03,SAMP,MON,SA,G,,0.1,,23,"PHOSPHATE, ORTHO AS P",OPO4,0.003,I,I,0.003,,,0.0009,0.0037,,mg/L,3,N,A,144017,,0,0,,,,,,25.042469,80.914819,,,FIU,FIU,,,,CA,,144017,2/27/03 13:25,EPA365.1,,00660,,
FLAB17,FLAB,3/13/03,SAMP,MON,SA,G,,0.1,,23,"PHOSPHATE, ORTHO AS P",OPO4,0.0013,I,I,0.0013,,,0.0009,0.0037,,mg/L,3,N,A,145017,,0,0,,,,,,25.042469,80.914819,,,FIU,FIU,,,,CA,,145017,3/19/03 13:44,EPA365.1,,00660,,
FLAB17,FLAB,4/9/03,SAMP,MON,SA,G,,0.1,,23,"PHOSPHATE, ORTHO AS P",OPO4,0.0022,I,,0.0022,,,0.0009,0.0037,,mg/L,3,N,A,146017,,0,0,,,,,,25.042469,80.914819,,,FIU,FIU,,,,,,146017,4/14/03 8:31,EPA365.1,,660,,
FLAB17,FLAB,5/8/03,SAMP,MON,SA,G,,0.1,,23,"PHOSPHATE, ORTHO AS P",OPO4,0.0015,I,,0.0015,,,0.0009,0.0037,,mg/L,3,N,A,147017,,0,0,,,,,,25.042469,80.914819,,,FIU,FIU,,,,,,147017,5/14/03 13:09,EPA365.1,,660,,
FLAB17,FLAB,6/10/03,SAMP,MON,SA,G,,0.1,,23,"PHOSPHATE, ORTHO AS P",OPO4,0.0009,U,,-0.0009,,,0.0009,0.0037,,mg/L,3,Y,A,148017,,0,0,,,,,,25.042469,80.914819,,,FIU,FIU,,,,,,148017,6/13/03 12:13,EPA365.1,,660,,
FLAB17,FLAB,7/1/03,SAMP,MON,SA,G,,0.1,,23,"PHOSPHATE, ORTHO AS P",OPO4,0.002,,,0.002,,,0.0009,0.0037,,mg/L,3,N,A,149017,,0,0,,,,,,25.042469,80.914819,,,FIU,FIU,,,,,,149017,7/8/03 10:36,EPA365.1,,660,,
FLAB17,FLAB,8/25/03,SAMP,MON,SA,G,,0.1,,23,"PHOSPHATE, ORTHO AS P",OPO4,0.0009,U,,-0.0009,,,0.0009,0.0037,,mg/L,3,Y,A,150017,,0,0,,,,,,25.042469,80.914819,,,FIU,FIU,,,,,,150017,9/17/03 13:15,EPA365.1,,660,,
FLAB17,FLAB,9/9/03,SAMP,MON,SA,G,,0.1,,23,"PHOSPHATE, ORTHO AS P",OPO4,0.0009,U,,-0.0009,,,0.0009,0.0037,,mg/L,3,Y,A,151017,,0,0,,,,,,25.042469,80.914819,,,FIU,FIU,,,,,,151017,10/10/03 14:22,EPA365.1,,660,,
FLAB17,FLAB,10/15/03,SAMP,MON,SA,G,,0.1,,23,"PHOSPHATE, ORTHO AS P",OPO4,0.0013,I,,0.0013,,,0.0009,0.0037,,mg/L,3,N,A,152017,,0,0,,,,,,25.042469,80.914819,,,FIU,FIU,,,,,,152017,11/3/03 11:21,EPA365.1,,660,,
FLAB17,FLAB,11/7/03,SAMP,MON,SA,G,,0.1,,23,"PHOSPHATE, ORTHO AS P",OPO4,0.0009,U,,-0.0009,,,0.0009,0.0037,,mg/L,3,Y,A,153017,,0,0,,,,,,25.042469,80.914819,,,FIU,FIU,,,,,,153017,11/17/03 13:20,EPA365.1,,660,,
FLAB17,FLAB,12/3/03,SAMP,MON,SA,G,,0.1,,23,"PHOSPHATE, ORTHO AS P",OPO4,0.0009,U,,-0.0009,,,0.0009,0.0037,,mg/L,3,Y,A,154017,,0,0,,,,,,25.042469,80.914819,,,FIU,FIU,,,,,,154017,12/8/03 15:45,EPA365.1,,660,,
FLAB17,FLAB,1/21/04,SAMP,MON,SA,G,,0.1,,23,"PHOSPHATE, ORTHO AS P",OPO4,0.0009,U,,-0.0009,,,0.0009,0.0037,,mg/L,3,Y,A,155017,,0,0,,,,,,25.042469,80.914819,,,FIU,FIU,,,,,,155017,1/27/04 10:41,EPA365.1,,660,,SAMPLE FILTERED WITH 0.7 GLASS FIBER FILTER.
FLAB17,FLAB,2/24/04,SAMP,MON,SA,G,,0.1,,23,"PHOSPHATE, ORTHO AS P",OPO4,0.0016,U,,-0.0016,,,0.0016,0.0068,,mg/L,3,Y,A,156017,,0,0,,,,,,25.042469,80.914819,,,FIU,FIU,,,,,,156017,2/27/04 10:22,EPA365.1,,660,,SAMPLE FILTERED WITH 0.7 GLASS FIBER FILTER.
FLAB17,FLAB,3/23/04,SAMP,MON,SA,G,,0.1,,23,"PHOSPHATE, ORTHO AS P",OPO4,0.0016,U,,-0.0016,,,0.0016,0.0068,,mg/L,3,Y,A,157017,,0,0,,,,,,25.042469,80.914819,,,FIU,FIU,,,,,,157017,3/29/04 10:43,EPA365.1,,660,,SAMPLE FILTERED WITH 0.7 GLASS FIBER FILTER.
FLAB17,FLAB,4/21/04,SAMP,MON,SA,G,,0.1,,23,"PHOSPHATE, ORTHO AS P",OPO4,0.0016,U,PMR,-0.0016,,,0.0016,0.0068,,mg/L,3,Y,A,158017,,0,0,,,,,,25.042469,80.914819,,,FIU,FIU,,,,,,158017,4/27/04 13:59,EPA365.1,,660,,SAMPLE FILTERED WITH 0.7 GLASS FIBER FILTER.
FLAB17,FLAB,5/21/04,SAMP,MON,SA,G,,0.1,,23,"PHOSPHATE, ORTHO AS P",OPO4,0.0021,I,PMR,0.0021,,,0.0016,0.0068,,mg/L,3,N,A,159017,,0,0,,,,,,25.042469,80.914819,,,FIU,FIU,,,,,,159017,5/26/04 10:26,EPA365.1,,660,,SAMPLE FILTERED WITH 0.7 GLASS FIBER FILTER.
FLAB17,FLAB,6/28/04,SAMP,MON,SA,G,,0.1,,23,"PHOSPHATE, ORTHO AS P",OPO4,0.002,I,PMR,0.002,,,0.0016,0.0068,,mg/L,3,N,A,160017,,0,0,,,,,,25.042469,80.914819,,,FIU,FIU,,,,,,160017,7/2/04 13:55,EPA365.1,,660,,SAMPLE FILTERED WITH 0.7 GLASS FIBER FILTER.
FLAB17,FLAB,7/27/04,SAMP,MON,SA,G,,0.1,,23,"PHOSPHATE, ORTHO AS P",OPO4,0.0016,U,PMR,-0.0016,,,0.0016,0.0068,,mg/L,3,Y,A,161017,,0,0,,,,,,25.042469,80.914819,,,FIU,FIU,,,,,,161017,8/4/04 10:25,EPA365.1,,660,,SAMPLE FILTERED WITH 0.7 GLASS FIBER FILTER.
FLAB17,FLAB,8/24/04,SAMP,MON,SA,G,,0.1,,23,"PHOSPHATE, ORTHO AS P",OPO4,0.0016,U,PMR,-0.0016,,,0.0016,0.0068,,mg/L,3,Y,A,162017,,0,0,,,,,,25.042469,80.914819,,,FIU,FIU,,,,,,162017,8/31/04 13:08,EPA365.1,,660,,SAMPLE FILTERED WITH 0.7 GLASS FIBER FILTER.
FLAB17,FLAB,9/28/04,SAMP,MON,SA,G,,0.1,,23,"PHOSPHATE, ORTHO AS P",OPO4,0.0016,U,PMR,-0.0016,,,0.0016,0.0068,,mg/L,3,Y,A,163017,,0,0,,,,,,25.042469,80.914819,,,FIU,FIU,,,,,,163017,10/1/04 10:32,EPA365.1,,660,,SAMPLE FILTERED WITH 0.7 GLASS FIBER FILTER.
FLAB17,FLAB,10/26/04,SAMP,MON,SA,G,,0.1,,23,"PHOSPHATE, ORTHO AS P",OPO4,0.0016,U,PMR,-0.0016,,,0.0016,0.0068,,mg/L,3,Y,A,164017,,0,0,,,,,,25.042469,80.914819,,,FIU,FIU,,,,,,164017,11/1/04 14:22,EPA365.1,,660,,SAMPLE FILTERED WITH 0.7 GLASS FIBER FILTER.
FLAB17,FLAB,11/29/04,SAMP,MON,SA,G,,0.1,,23,"PHOSPHATE, ORTHO AS P",OPO4,0.0017,I,PMR,0.0017,,,0.0016,0.0068,,mg/L,3,N,A,165017,,0,0,,,,,,25.042469,80.914819,,,FIU,FIU,,,,,,165017,12/3/04 10:17,EPA365.1,,660,,SAMPLE FILTERED WITH 0.7 GLASS FIBER FILTER.
FLAB17,FLAB,12/14/04,SAMP,MON,SA,G,,0.1,,23,"PHOSPHATE, ORTHO AS P",OPO4,0.0016,U,PMR,-0.0016,,,0.0016,0.0068,,mg/L,3,Y,A,166017,,0,0,,,,,,25.042469,80.914819,,,FIU,FIU,,,,,,166017,12/22/04 12:50,EPA365.1,,660,,SAMPLE FILTERED WITH 0.7 GLASS FIBER FILTER.
FLAB17,FLAB,10/9/06,SAMP,MON,SA,G,,0,,23,"PHOSPHATE, ORTHO AS P",OPO4,0.00217,"U,J5",yes,-0.00217,,1,0.00217,0.0124,,mg/L,3,Y,A,FB188FB017FA,,0,0,,,,,,25.042469,80.914819,FIU,E76930,FIU,WMD,WMD,2,BA,CA,,AB64793,10/11/06 10:21,EPA 365.1,,671,,Exceded Batch Size Exceded Batch Size
FLAB17,FLAB,10/9/06,SAMP,MON,SA,G,,0,,23,"PHOSPHATE, ORTHO AS P",OPO4,0.00217,"U,J5",yes,-0.00217,,1,0.00217,0.0124,,mg/L,3,Y,A,FB188FB017FB,,0,0,,,,,,25.042469,80.914819,FIU,E76930,FIU,WMD,WMD,2,BA,CA,,AB64794,10/11/06 10:21,EPA 365.1,,671,,Exceded Batch Size Exceded Batch Size
FLAB17,FLAB,11/7/06,SAMP,MON,SA,G,,0,,23,"PHOSPHATE, ORTHO AS P",OPO4,0.00217,"U,Q,J5,?",yes,-0.00217,,1,0.00217,0.0124,,mg/L,3,Y,A,FB189FB017FA,,0,0,,,,,,25.042469,80.914819,FIU,E76930,FIU,WMD,WMD,2,BA,CA,,AB70874,11/15/06 10:11,EPA 365.1,,671,,"Sampling to Analysis Holding Time Exceeded. Exceded Batch Size Exceded Batch Size Frozen and Analyzed within 48 hours of thawing, 28 days max.:HT Over 191 h:"
FLAB17,FLAB,11/7/06,SAMP,MON,SA,G,,0,,23,"PHOSPHATE, ORTHO AS P",OPO4,0.00217,"U,Q,J5,?",yes,-0.00217,,1,0.00217,0.0124,,mg/L,3,Y,A,FB189FB017FB,,0,0,,,,,,25.042469,80.914819,FIU,E76930,FIU,WMD,WMD,2,BA,CA,,AB70875,11/15/06 10:11,EPA 365.1,,671,,"Sampling to Analysis Holding Time Exceeded. Exceded Batch Size Exceded Batch Size Frozen and Analyzed within 48 hours of thawing, 28 days max.:HT Over 191 h:"
FLAB17,FLAB,12/3/06,SAMP,MON,SA,G,,0,,23,"PHOSPHATE, ORTHO AS P",OPO4,0.00242,"I,Q,J5",yes,0.00242,,1,0.00217,0.0124,,mg/L,3,N,A,FB190FB017FA,,0,0,,,,,,25.042469,80.914819,FIU,E76930,FIU,WMD,WMD,2,BA,CA,,ab72194,12/18/06 10:25,EPA 365.1,,671,,"Matrix Spike Recovery Outside of Control Limits. Sampling to Analysis Holding Time Exceeded. Exceded Batch Size Exceded Batch Size Frozen and Analyzed within 48 hours of thawing, 28 days max.:HT Over 359 h:"
FLAB17,FLAB,12/3/06,SAMP,MON,SA,G,,0,,23,"PHOSPHATE, ORTHO AS P",OPO4,0.00217,"U,J,Q,J5,?",yes,-0.00217,,1,0.00217,0.0124,,mg/L,3,Y,A,FB190FB017FB,,0,0,,,,,,25.042469,80.914819,FIU,E76930,FIU,WMD,WMD,2,BA,CA,,ab72195,12/18/06 10:25,EPA 365.1,,671,,"Sampling to Analysis Holding Time Exceeded. Exceded Batch Size Exceded Batch Size Frozen and Analyzed within 48 hours of thawing, 28 days max.:HT Over 359 h:%R Failure"
FLAB17,FLAB,1/11/07,SAMP,MON,SA,G,,0,,23,"PHOSPHATE, ORTHO AS P",OPO4,0.00217,"A,U,J,Q,J5",yes,-0.00217,,1,0.00217,0.0124,,mg/L,3,Y,A,FB191FB017FA,,0,0,,,,,,25.042469,80.914819,FIU,E76930,FIU,WMD,WMD,2,BA,CA,,ab74850,1/13/07 13:24,EPA 365.1,,671,,"Matrix Spike Recovery Outside of Control Limits. Sampling to Analysis Holding Time Exceeded. Exceded Batch Size Exceded Batch Size Frozen and Analyzed within 48 hours of thawing, 28 days max.:HT Over 53 h:%R Failure"
FLAB17,FLAB,1/11/07,SAMP,MON,SA,G,,0,,23,"PHOSPHATE, ORTHO AS P",OPO4,0.00217,"A,U,J,Q,J5",yes,-0.00217,,1,0.00217,0.0124,,mg/L,3,Y,A,FB191FB017FB,,0,0,,,,,,25.042469,80.914819,FIU,E76930,FIU,WMD,WMD,2,BA,CA,,ab74851,1/13/07 13:24,EPA 365.1,,671,,"Matrix Spike Recovery Outside of Control Limits. Sampling to Analysis Holding Time Exceeded. Exceded Batch Size Exceded Batch Size Frozen and Analyzed within 48 hours of thawing, 28 days max.:HT Over 53 h:%R Failure"
FLAB17,FLAB,2/7/07,SAMP,MON,SA,G,,0,,23,"PHOSPHATE, ORTHO AS P",OPO4,0.00217,"A,U,J,J5",yes,-0.00217,,1,0.00217,0.0124,,mg/L,3,Y,A,FB192FB017FB,,0,0,,,,,,25.042469,80.914819,FIU,E76930,FIU,WMD,WMD,2,BA,CA,,AB76749,2/9/07 9:18,EPA 365.1,,671,,Matrix Spike Recovery Outside of Control Limits.; Exceded Batch Size Exceded Batch Size %R Failure
FLAB17,FLAB,2/7/07,SAMP,MON,SA,G,,0,,23,"PHOSPHATE, ORTHO AS P",OPO4,0.00217,"A,U,J,J5",yes,-0.00217,,1,0.00217,0.0124,,mg/L,3,Y,A,FB192FB017FA,,0,0,,,,,,25.042469,80.914819,FIU,E76930,FIU,WMD,WMD,2,BA,CA,,AB76748,2/9/07 9:18,EPA 365.1,,671,,Matrix Spike Recovery Outside of Control Limits.; Exceded Batch Size Exceded Batch Size %R Failure
FLAB17,FLAB,3/12/07,SAMP,MON,SA,G,,0,,23,"PHOSPHATE, ORTHO AS P",OPO4,0.00217,"A,U,Q,J5,?",yes,-0.00217,,1,0.00217,0.0124,,mg/L,3,Y,A,FB193FB017FB,,0,0,,,,,,25.042469,80.914819,FIU,E76930,FIU,WMD,WMD,2,BA,CA,,AB77999,3/19/07 11:06,EPA 365.1,,671,,"Sampling to Analysis Holding Time Exceeded. Exceded Batch Size Exceded Batch Size Frozen and Analyzed within 48 hours of thawing, 28 days max.:HT Over 167 h:"
FLAB17,FLAB,3/12/07,SAMP,MON,SA,G,,0,,23,"PHOSPHATE, ORTHO AS P",OPO4,0.00217,"A,U,Q,J5,?",yes,-0.00217,,1,0.00217,0.0124,,mg/L,3,Y,A,FB193FB017FA,,0,0,,,,,,25.042469,80.914819,FIU,E76930,FIU,WMD,WMD,2,BA,CA,,AB77998,3/19/07 11:06,EPA 365.1,,671,,"Sampling to Analysis Holding Time Exceeded. Exceded Batch Size Exceded Batch Size Frozen and Analyzed within 48 hours of thawing, 28 days max.:HT Over 167 h:"
FLAB17,FLAB,4/3/07,SAMP,MON,SA,G,,0,,23,"PHOSPHATE, ORTHO AS P",OPO4,0.00217,"U,Q,J5,?",yes,-0.00217,,1,0.00217,0.0124,,mg/L,3,Y,A,FB194FB017FB,,0,0,,,,,,25.042469,80.914819,FIU,E76930,FIU,WMD,WMD,2,BA,CA,,AB79024,4/10/07 10:25,EPA 365.1,,671,,"Sampling to Analysis Holding Time Exceeded. Exceded Batch Size Frozen and Analyzed within 48 hours of thawing, 28 days max.:HT Over 168 h:"
FLAB17,FLAB,4/3/07,SAMP,MON,SA,G,,0,,23,"PHOSPHATE, ORTHO AS P",OPO4,0.00217,"U,Q,J5,?",yes,-0.00217,,1,0.00217,0.0124,,mg/L,3,Y,A,FB194FB017FA,,0,0,,,,,,25.042469,80.914819,FIU,E76930,FIU,WMD,WMD,2,BA,CA,,AB79023,4/10/07 10:25,EPA 365.1,,671,,"Sampling to Analysis Holding Time Exceeded. Exceded Batch Size Frozen and Analyzed within 48 hours of thawing, 28 days max.:HT Over 168 h:"
FLAB17,FLAB,5/1/07,SAMP,MON,SA,G,,0,,23,"PHOSPHATE, ORTHO AS P",OPO4,0.00217,"U,Q,J5,?",yes,-0.00217,,1,0.00217,0.0124,,mg/L,3,Y,A,FB195FB017FB,,0,0,,,,,,25.042469,80.914819,FIU,E76930,FIU,WMD,WMD,2,BA,CA,,AB82085,5/9/07 10:18,EPA 365.1,,671,,"Sampling to Analysis Holding Time Exceeded. Exceded Batch Size Exceded Batch Size Frozen and Analyzed within 48 hours of thawing, 28 days max.:HT Over 189 h:"
FLAB17,FLAB,5/1/07,SAMP,MON,SA,G,,0,,23,"PHOSPHATE, ORTHO AS P",OPO4,0.00217,"U,Q,J5,?",yes,-0.00217,,1,0.00217,0.0124,,mg/L,3,Y,A,FB195FB017FA,,0,0,,,,,,25.042469,80.914819,FIU,E76930,FIU,WMD,WMD,2,BA,CA,,AB82084,5/9/07 10:18,EPA 365.1,,671,,"Sampling to Analysis Holding Time Exceeded. Exceded Batch Size Exceded Batch Size Frozen and Analyzed within 48 hours of thawing, 28 days max.:HT Over 189 h:"
FLAB17,FLAB,6/6/07,SAMP,MON,SA,G,,0,,23,"PHOSPHATE, ORTHO AS P",OPO4,0.00349,"I,Q,J5",yes,0.00349,,1,0.00217,0.0124,,mg/L,3,N,A,FB196FB017FA,,0,0,,,,,,25.042469,80.914819,FIU,E76930,FIU,WMD,WMD,2,BA,CA,,AB83983,6/12/07 9:16,EPA 365.1,,671,,"Sampling to Analysis Holding Time Exceeded. Exceded Batch Size Exceded Batch Size Frozen and Analyzed within 48 hours of thawing, 28 days max.:HT Over 140 h:"
FLAB17,FLAB,6/6/07,SAMP,MON,SA,G,,0,,23,"PHOSPHATE, ORTHO AS P",OPO4,0.00245,"I,Q,J5",yes,0.00245,,1,0.00217,0.0124,,mg/L,3,N,A,FB196FB017FB,,0,0,,,,,,25.042469,80.914819,FIU,E76930,FIU,WMD,WMD,2,BA,CA,,AB83984,6/12/07 9:16,EPA 365.1,,671,,"Sampling to Analysis Holding Time Exceeded. Exceded Batch Size Exceded Batch Size Frozen and Analyzed within 48 hours of thawing, 28 days max.:HT Over 140 h:"
FLAB17,FLAB,7/3/07,SAMP,MON,SA,G,,0,,23,"PHOSPHATE, ORTHO AS P",OPO4,0.00217,"A,U,?",yes,-0.00217,,1,0.00217,0.01,,mg/L,3,Y,A,FB197FB017FB,,0,0,,,,,,25.042469,80.914819,FIU,E76930,FIU,WMD,WMD,2,BA,CA,,AB85563,7/9/07 8:41,EPA 365.1,,671,,Sampling to Analysis Holding Time Exceeded.
FLAB17,FLAB,7/3/07,SAMP,MON,SA,G,,0,,23,"PHOSPHATE, ORTHO AS P",OPO4,0.00217,"A,U,?",yes,-0.00217,,1,0.00217,0.01,,mg/L,3,Y,A,FB197FB017FA,,0,0,,,,,,25.042469,80.914819,FIU,E76930,FIU,WMD,WMD,2,BA,CA,,AB85562,7/9/07 8:41,EPA 365.1,,671,,Sampling to Analysis Holding Time Exceeded.
FLAB17,FLAB,8/7/07,SAMP,MON,SA,G,,0,,23,"PHOSPHATE, ORTHO AS P",OPO4,0.00271,"A,I,J",yes,0.0027,,1,0.00217,0.01,,mg/L,3,N,A,FB198FB017FB,,0,0,,,,,,25.042469,80.914819,FIU,E76930,FIU,WMD,WMD,2,BA,CA,,AB89020,8/14/07 11:54,EPA 365.1,,671,,Sampling to Analysis Holding Time Exceeded.
FLAB17,FLAB,8/7/07,SAMP,MON,SA,G,,0,,23,"PHOSPHATE, ORTHO AS P",OPO4,0.00217,"A,U,?",yes,-0.00217,,1,0.00217,0.01,,mg/L,3,Y,A,FB198FB017FA,,0,0,,,,,,25.042469,80.914819,FIU,E76930,FIU,WMD,WMD,2,BA,CA,,AB89019,8/14/07 11:54,EPA 365.1,,671,,Sampling to Analysis Holding Time Exceeded.
FLAB17,FLAB,9/5/07,SAMP,MON,SA,G,,0,,23,"PHOSPHATE, ORTHO AS P",OPO4,0.00274,"A,I,J",yes,0.00274,,1,0.00217,0.01,,mg/L,3,N,A,FB199FB017FB,,0,0,,,,,,25.042469,80.914819,FIU,E76930,FIU,WMD,WMD,2,BA,CA,,AB90691,9/18/07 10:06,EPA 365.1,,671,,Sampling to Analysis Holding Time Exceeded.
FLAB17,FLAB,9/5/07,SAMP,MON,SA,G,,0,,23,"PHOSPHATE, ORTHO AS P",OPO4,0.00218,"A,I,J",yes,0.00218,,1,0.00217,0.01,,mg/L,3,N,A,FB199FB017FA,,0,0,,,,,,25.042469,80.914819,FIU,E76930,FIU,WMD,WMD,2,BA,CA,,AB90690,9/18/07 10:06,EPA 365.1,,671,,Sampling to Analysis Holding Time Exceeded.
FLAB17,FLAB,10/4/07,SAMP,MON,SA,G,,0,,23,"PHOSPHATE, ORTHO AS P",OPO4,0.00217,"A,U,Q,J5,?",yes,-0.00217,,1,0.00217,0.0124,,mg/L,3,Y,A,FB200FB017,,0,0,,,,,,25.042469,80.914819,FIU,E76930,FIU,WMD,WMD,2,BA,CA,,AB92293,10/11/07 9:30,EPA 365.1,,671,,"Sampling to Analysis Holding Time Exceeded. Frozen and Analyzed within 48 hours of thawing, 28 days max.:HT Over 164 h: Missing MS Missing MSD; filtered through 0.7 microns"
FLAB17,FLAB,11/6/07,SAMP,MON,SA,G,,0,,23,"PHOSPHATE, ORTHO AS P",OPO4,0.00217,"A,U,Q,J5,?",yes,-0.00217,,1,0.00217,0.0124,,mg/L,3,Y,A,FB201FB017,,0,0,,,,,,25.042469,80.914819,FIU,E76930,FIU,WMD,WMD,2,BA,CA,,AB93887,11/15/07 8:54,EPA 365.1,,671,,"Sampling to Analysis Holding Time Exceeded. Exceded Batch Size Frozen and Analyzed within 48 hours of thawing, 28 days max.:HT Over 214 h:; filtered through 0.7 microns"
FLAB17,FLAB,12/7/07,SAMP,MON,SA,G,,0,,23,"PHOSPHATE, ORTHO AS P",OPO4,0.00217,"A,U,Q,J5,?",yes,-0.00217,,1,0.00217,0.0124,,mg/L,3,Y,A,FB202FB017,,0,0,,,,,,25.042469,80.914819,FIU,E76930,FIU,WMD,WMD,2,BA,CA,,AB94305,12/18/07 10:35,EPA 365.1,,671,,"Sampling to Analysis Holding Time Exceeded. Exceded Batch Size Frozen and Analyzed within 48 hours of thawing, 28 days max.:HT Over 265 h:; filtered through 0.7 microns"
FLAB17,FLAB,1/9/08,SAMP,MON,SA,G,,0,,23,"PHOSPHATE, ORTHO AS P",OPO4,0.00155,"U,Q,J5,?",yes,-0.00155,,1,0.00155,0.0124,,mg/L,3,Y,A,FB203FB017,,0,0,,,,,,25.042469,80.914819,FIU,E76930,FIU,WMD,WMD,2,BA,CA,,AB95216,1/18/08 9:42,EPA 365.1,,671,,"Sampling to Analysis Holding Time Exceeded. Exceded Batch Size Frozen and Analyzed within 48 hours of thawing, 28 days max.:HT Over 216 h:"
FLAB17,FLAB,1/9/08,SAMP,MON,SA,G,,0,,23,"PHOSPHATE, ORTHO AS P",OPO4,0.00155,"U,?",yes,-0.00155,,1,0.00155,0.0124,,mg/L,3,Y,A,FB203FB017B,,0,0,,,,,,25.042469,80.914819,FIU,E76930,FIU,WMD,WMD,2,BA,CA,,AB95216_B,1/18/08 9:42,EPA 365.1,,671,Measurements done close to the bottom.,Sampling to Analysis Holding Time Exceeded.
FLAB17,FLAB,2/8/08,SAMP,MON,SA,G,,0,,23,"PHOSPHATE, ORTHO AS P",OPO4,0.00155,"U,Q,J5,?",yes,-0.00155,,1,0.00155,0.0124,,mg/L,3,Y,A,FB204FB017,,0,0,,,,,,25.042469,80.914819,FIU,E76930,FIU,WMD,WMD,2,BA,CA,,AB95732,2/15/08 7:33,EPA 365.1,,671,,"Sampling to Analysis Holding Time Exceeded. Exceded Batch Size Frozen and Analyzed within 48 hours of thawing, 28 days max.:HT Over 164 h:"
FLAB17,FLAB,2/8/08,SAMP,MON,SA,G,,0,,23,"PHOSPHATE, ORTHO AS P",OPO4,0.00155,"U,?",yes,-0.00155,,1,0.00155,0.0124,,mg/L,3,Y,A,FB204FB017B,,0,0,,,,,,25.042469,80.914819,FIU,E76930,FIU,WMD,WMD,2,BA,CA,,AB95732_B,2/15/08 7:33,EPA 365.1,,671,Measurements done close to the bottom.,Sampling to Analysis Holding Time Exceeded.
FLAB17,FLAB,3/5/08,SAMP,MON,SA,G,,0,,23,"PHOSPHATE, ORTHO AS P",OPO4,0.00155,"U,Q,?",yes,-0.00155,,1,0.00155,0.0124,,mg/L,3,Y,A,FB205FB017,,0,0,,,,,,25.042469,80.914819,FIU,E76930,FIU,WMD,WMD,2,BA,CA,,AB95979,3/11/08 9:17,EPA 365.1,,671,,"Sampling to Analysis Holding Time Exceeded. Frozen and Analyzed within 48 hours of thawing, 28 days max.:HT Over 143 h:"
FLAB17,FLAB,3/5/08,SAMP,MON,SA,G,,0,,23,"PHOSPHATE, ORTHO AS P",OPO4,0.00155,"U,?",yes,-0.00155,,1,0.00155,0.0124,,mg/L,3,Y,A,FB205FB017B,,0,0,,,,,,25.042469,80.914819,FIU,E76930,FIU,WMD,WMD,2,BA,CA,,AB95979_B,3/11/08 9:17,EPA 365.1,,671,Measurements done close to the bottom.,Sampling to Analysis Holding Time Exceeded.
FLAB17,FLAB,4/2/08,SAMP,MON,SA,G,,0,,23,"PHOSPHATE, ORTHO AS P",OPO4,0.00186,"I,V,J5",yes,0.00186,,1,0.00155,0.0124,,mg/L,3,N,A,FB206FB017,,0,0,,,,,,25.042469,80.914819,FIU,E76930,FIU,WMD,WMD,2,BA,CA,4/2/08 11:20,AB96549,4/3/08 9:49,EPA 365.1,,671,,V;Missing MS
FLAB17,FLAB,4/2/08,SAMP,MON,SA,G,,0,,23,"PHOSPHATE, ORTHO AS P",OPO4,0.00211,"I,V",yes,0.00211,,1,0.00155,0.0124,,mg/L,3,N,A,FB206FB017B,,0,0,,,,,,25.042469,80.914819,FIU,E76930,FIU,WMD,WMD,2,BA,CA,4/2/08 11:22,AB96549_B,4/3/08 9:49,EPA 365.1,,671,Measurements done close to the bottom.,V
FLAB17,FLAB,5/7/08,SAMP,MON,SA,G,,0,,23,"PHOSPHATE, ORTHO AS P",OPO4,0.00216,"I,J5",yes,0.00216,,1,0.00155,0.0124,,mg/L,3,N,A,FB207FB017,,0,0,,,,,,25.042469,80.914819,FIU,E76930,FIU,WMD,WMD,2,BA,CA,5/7/08 11:43,AB97312,5/9/08 8:22,EPA 365.1,,671,,Missing MS
FLAB17,FLAB,5/7/08,SAMP,MON,SA,G,,0,,23,"PHOSPHATE, ORTHO AS P",OPO4,0.00304,I,,0.00304,,1,0.00155,0.0124,,mg/L,3,N,A,FB207FB017B,,0,0,,,,,,25.042469,80.914819,FIU,E76930,FIU,WMD,WMD,2,BA,CA,5/7/08 11:45,AB97312_B,5/9/08 8:22,EPA 365.1,,671,Measurements done close to the bottom.,
FLAB17,FLAB,6/4/08,SAMP,MON,SA,G,,0,,23,"PHOSPHATE, ORTHO AS P",OPO4,0.00195,"I,Q,J5,V,J",yes,0.00195,,1,0.00155,0.0124,,mg/L,3,N,A,FB208FB017,,0,0,,,,,,25.042469,80.914819,FIU,E76930,FIU,WMD,WMD,2,BA,CA,6/4/08 13:21,AB97876,6/7/08 12:10,EPA 365.1,,671,,"Sampling to Analysis Holding Time Exceeded. V;Frozen and Analyzed within 48 hours of thawing, 28 days max.:HT Over 71 h: Missing MS"
FLAB17,FLAB,6/4/08,SAMP,MON,SA,G,,0,,23,"PHOSPHATE, ORTHO AS P",OPO4,0.00155,"U,J",yes,-0.00155,,1,0.00155,0.0124,,mg/L,3,Y,A,FB208FB017B,,0,0,,,,,,25.042469,80.914819,FIU,E76930,FIU,WMD,WMD,2,BA,CA,6/4/08 13:23,AB97876_B,6/7/08 12:10,EPA 365.1,,671,Measurements done close to the bottom.,Sampling to Analysis Holding Time Exceeded.
FLAB17,FLAB,1/6/09,SAMP,MON,SA,G,,0.5,,23,"PHOSPHATE, ORTHO AS P",OPO4,0.002,U,,-0.002,,1,0.002,0.008,0.002,mg/L,3,Y,A,P42962-9,,1,2,,,1.6,,,25.042469,80.914819,FWEC,E46077,WMD,WMD,WMD,2,BA,NO,1/7/09 10:35,16141009,1/7/09 12:33,SM4500PF,,00671,Clear calm waters.  Little to no chop and very light winds.  Sample clear with no visable solids.,
FLAB17,FLAB,2/10/09,SAMP,MON,SA,G,,0.5,,23,"PHOSPHATE, ORTHO AS P",OPO4,0.002,U,,-0.002,,1,0.002,0.008,0.002,mg/L,3,Y,A,P42977-6,,1,1,,,1.3,,,25.042469,80.914819,FWEC,E46077,WMD,WMD,WMD,2,BA,NO,2/11/09 10:38,16156006,2/11/09 14:54,SM4500PF,,00671,Calming windsc and light chop.  Sample clear.,
FLAB17,FLAB,3/10/09,SAMP,MON,SA,G,,0.5,,23,"PHOSPHATE, ORTHO AS P",OPO4,0.002,U,,-0.002,,1,0.002,0.008,0.002,mg/L,3,Y,A,P43360-6,,1,2,,,1.4,,,25.042469,80.914819,FWEC,E46077,WMD,WMD,WMD,2,BA,NO,3/11/09 11:10,16637006,3/11/09 14:30,SM4500PF,,00671,Calming winds and a light chop.  Sample clear.,
FLAB17,FLAB,4/14/09,SAMP,MON,SA,G,,0.5,,23,"PHOSPHATE, ORTHO AS P",OPO4,0.002,U,,-0.002,,1,0.002,0.008,0.002,mg/L,3,Y,A,P43537-6,,1,3,,,1.7,,,25.042469,80.914819,FWEC,E46077,WMD,WMD,WMD,2,BA,NO,4/15/09 9:58,16858006,4/15/09 10:27,SM4500PF,,00671,calm seas and calm conditions.  Sample clear.,
FLAB17,FLAB,5/12/09,SAMP,MON,SA,G,,0.5,,23,"PHOSPHATE, ORTHO AS P",OPO4,0.002,U,,-0.002,,1,0.002,0.008,0.002,mg/L,3,Y,A,P43934-6,,1,3,,,1.9,,,25.042469,80.914819,FWEC,E46077,WMD,WMD,WMD,2,BA,NO,5/13/09 9:57,17325006,5/13/09 14:48,SM4500PF,,00671,Calm and clear.  Extremely salty with salinity near 50 ppt.,
FLAB17,FLAB,6/9/09,SAMP,MON,SA,G,,0.5,,23,"PHOSPHATE, ORTHO AS P",OPO4,0.002,U,,-0.002,,1,0.002,0.008,0.002,mg/L,3,Y,A,P43949-6,,1,2,,,1.9,,,25.042469,80.914819,FWEC,E46077,WMD,WMD,WMD,2,BA,NO,6/10/09 9:57,17342006,6/10/09 12:49,SM4500PF,,00671,Clear and very calm.  Sample clear of solids.  Good deal of plant matter (broken seagrass) observed floating on water column.,
FLAB17,FLAB,7/8/09,SAMP,MON,SA,G,,0.5,,23,"PHOSPHATE, ORTHO AS P",OPO4,0.002,U,,-0.002,,1,0.002,0.008,0.002,mg/L,3,Y,A,P44581-6,,1,1,,,1.5,,,25.042469,80.914819,FWEC,E46077,WMD,WMD,WMD,2,BA,NO,7/9/09 9:52,18188020,7/9/09 15:39,SM4500PF,,00671,"Sample clear with no visible solids.   SECCHI ON BOTTOM.  Calm conditions, clear skies, sunny.",
FLAB17,FLAB,8/11/09,SAMP,MON,SA,G,,0.5,,23,"PHOSPHATE, ORTHO AS P",OPO4,0.002,U,,-0.002,,1,0.002,0.008,0.002,mg/L,3,Y,A,P44608-6,,1,3,,,1.7,,,25.042469,80.914819,FWEC,E46077,WMD,WMD,WMD,2,BA,NO,8/12/09 10:59,18222020,8/12/09 12:15,SM4500PF,,00671,"Samole very light yellow, with low solids.   SECCHI ON BOTTOM.  Water calm, seagrass floating in water. Overcast, temperature high 80's degrees F.",
FLAB17,FLAB,9/9/09,SAMP,MON,SA,G,,0.5,,23,"PHOSPHATE, ORTHO AS P",OPO4,0.003,I,,0.003,,1,0.002,0.008,0.002,mg/L,3,N,A,P45420-6,,1,1,,,1.7,,,25.042469,80.914819,FWEC,E46077,WMD,WMD,WMD,2,BA,NO,9/10/09 12:15,19265006,9/10/09 14:41,SM4500PF,,00671,"Sample pale yellow with no visible solids. Light outgoing flow. SECCHI ON BOTTOM. Less than 0.5' chop, with winds 5-10 mph. Seagrass observed floating on water's surface.",
FLAB17,FLAB,10/6/09,SAMP,MON,SA,G,,0.5,,23,"PHOSPHATE, ORTHO AS P",OPO4,0.002,I,,0.002,,1,0.002,0.008,0.002,mg/L,3,N,A,P45904-6,,1,3,,,1.6,,,25.042469,80.914819,FWEC,E46077,WMD,WMD,WMD,2,BA,NO,10/7/09 13:03,19876006,10/7/09 15:26,SM4500PF,,00671,"Sample clear, no visible solids.  Low flow, light chop.   SECCHI ON BOTTOM. Some seagrass floating on water surface.",
FLAB17,FLAB,11/3/09,SAMP,MON,SA,G,,0.5,,23,"PHOSPHATE, ORTHO AS P",OPO4,0.002,I,,0.002,,1,0.002,0.008,0.002,mg/L,3,N,A,P46182-6,,1,1,,,1.5,,,25.042469,80.914819,FWEC,E46077,WMD,WMD,WMD,2,BA,NO,11/4/09 12:09,20231006,11/4/09 15:22,SM4500PF,,00671,"Sample pale yellow with no visible solids. SECCHI ON BOTTOM. Low flow. Calm conditions, no chop.",
FLAB17,FLAB,12/2/09,SAMP,MON,SA,G,,0.5,m,23,"PHOSPHATE, ORTHO AS P",OPO4,0.003,I,,0.003,,1,0.002,0.008,0.002,mg/L,3,N,A,P46550-6,,1,3,,,,,,25.042469,80.914819,FWEC,E46077,WMD,WMD,WMD,2,BA,NO,12/3/09 10:22,20734006,12/3/09 16:12,SM4500PF,,00671,Sample pale yellow with no visible solids. Low flow. SECCHI ON BOTTOM. 1' chop with winds approx. 20 mph. FCEB taken at this station.,
FLAB17,FLAB,1/6/10,SAMP,MON,SA,G,,0.5,m,23,"PHOSPHATE, ORTHO AS P",OPO4,0.002,U,,-0.002,,1,0.002,0.008,0.002,mg/L,3,Y,A,P46791-7,,1,1,,,,,,25.042469,80.914819,FWEC,E46077,WMD,WMD,WMD,2,BA,NO,1/7/10 10:50,21029007,1/7/10 11:32,SM4500PF,,00671,"Sample clear, no visible solids.  Calm water, minimal chop.  Low flow.  Winds 10-15mph.   SECCHI ON BOTTOM.",
FLAB17,FLAB,2/3/10,SAMP,MON,SA,G,,0.5,m,23,"PHOSPHATE, ORTHO AS P",OPO4,0.002,I,,0.002,,1,0.002,0.008,0.002,mg/L,3,N,A,P47181-6,,1,1,,,,,,25.042469,80.914819,FWEC,E46077,WMD,WMD,WMD,2,BA,NO,2/4/10 9:49,21663006,2/4/10 11:10,SM4500PF,,00671,"Sample pale yellow, with low solids.  Low flow, light chop.  Winds 5-10mph.   SECCHI ON BOTTOM.",
FLAB17,FLAB,3/2/10,SAMP,MON,SA,G,,0.5,m,23,"PHOSPHATE, ORTHO AS P",OPO4,0.003,I,,0.003,,1,0.002,0.008,0.002,mg/L,3,N,A,P47470-6,,1,6,,,,,,25.042469,80.914819,FWEC,E46077,WMD,WMD,WMD,2,BA,NO,3/3/10 10:29,22044006,3/3/10 15:47,SM4500PF,,00671,"Sample pale green, with low solids.  Low flow.  2-3 foot seas, choppy.  Winds 20-30mph.  Heavy rain.   SECCHI ON BOTTOM.",
FLAB17,FLAB,4/7/10,SAMP,MON,SA,G,,0.5,m,23,"PHOSPHATE, ORTHO AS P",OPO4,0.002,U,,-0.002,,1,0.002,0.008,0.002,mg/L,3,Y,A,P47826-6,,1,1,,,,,,25.042469,80.914819,FWEC,E46077,WMD,WMD,WMD,2,BA,NO,4/8/10 11:08,22508006,4/8/10 15:26,SM4500PF,,00671,Sample pale yellow with low suspended solids. Low flow with slight chop up to 1' and 15 mph winds. SECCHI ON BOTTOM.,
FLAB17,FLAB,5/5/10,SAMP,MON,SA,G,,0.5,m,23,"PHOSPHATE, ORTHO AS P",OPO4,0.003,I,,0.003,,1,0.002,0.008,0.002,mg/L,3,N,A,P48079-6,,1,2,,,,,,25.042469,80.914819,FWEC,E46077,WMD,WMD,WMD,2,BA,NO,5/6/10 9:54,22815006,5/6/10 14:47,SM4500PF,,00671,Sample if pale yellow with no visible soilds present. Low flow with minimal chop less than 1' and variable winds of 4-7 mph. SECCHI ON BOTTOM.,
FLAB17,FLAB,6/2/10,SAMP,MON,SA,G,,0.5,m,23,"PHOSPHATE, ORTHO AS P",OPO4,0.002,U,,-0.002,,1,0.002,0.008,0.002,mg/L,3,Y,A,P48377-8,,1,1,,,,,,25.042469,80.914819,FWEC,E46077,WMD,WMD,WMD,2,BA,NO,6/3/10 10:48,23191008,6/3/10 15:37,SM4500PF,,00671,comments too long see field notes,
FLAB17,FLAB,7/7/10,SAMP,MON,SA,G,,0.5,m,23,"PHOSPHATE, ORTHO AS P",OPO4,0.002,I,,0.002,,1,0.002,0.008,0.002,mg/L,3,N,A,P48677-8,,1,1,,,,,,25.042469,80.914819,FWEC,E46077,WMD,WMD,WMD,2,BA,NO,7/8/10 12:00,23534008,7/8/10 16:55,SM4500PF,,00671,Sample is light yellow with low suspended solids present. Low flow with light chop up to 6 inches and light variable winds from 3 to 5 mph. SECCHI ON BOTTOM.,
FLAB17,FLAB,8/4/10,SAMP,MON,SA,G,,0.5,m,23,"PHOSPHATE, ORTHO AS P",OPO4,0.004,I,,0.004,,1,0.002,0.008,0.002,mg/L,3,N,A,P48891-8,,1,3,,,,,,25.042469,80.914819,FWEC,E46077,WMD,WMD,WMD,2,BA,NO,8/5/10 9:58,23828008,8/5/10 14:40,SM4500PF,,00671,Sample is light yellow with low suspended solids present. Low flow with variable 8 to 11 mph winds from the east north east. SECCHI ON BOTTOM.,
FLAB17,FLAB,9/8/10,SAMP,MON,SA,G,,0.5,m,23,"PHOSPHATE, ORTHO AS P",OPO4,0.002,I,,0.002,,1,0.002,0.008,0.002,mg/L,3,N,A,P49169-8,,1,1,,,,,,25.042469,80.914819,FWEC,E46077,WMD,WMD,WMD,2,BA,NO,9/9/10 11:06,24183008,9/9/10 14:23,SM4500PF,,00671,Sample is pale yellow with low suspended solids present. Low flow with chop and swell up to 2.5 feet with gusty variable winds from the east at 12 to 20 mph with gusts to 25 mph. SECCHI ON BOTTOM.,
FLAB17,FLAB,10/6/10,SAMP,MON,SA,G,,0.5,m,23,"PHOSPHATE, ORTHO AS P",OPO4,0.002,I,,0.002,,1,0.002,0.008,0.002,mg/L,3,N,A,P49626-8,,1,1,,,,,,25.042469,80.914819,FWEC,E46077,WMD,WMD,WMD,2,BA,NO,10/7/10 10:30,24781008,10/7/10 15:15,SM4500PF,,00671,Sample is pale yellow with low suspended solids present. Low flow with chop up to 2 feet with swells up to 2.5 feet and very strong gusty winds from the north north east at 12 to 25 mph with gusts to 30 mph. SECCHI ON BOTTOM.,
FLAB17,FLAB,11/4/10,SAMP,MON,SA,G,,0.5,m,23,"PHOSPHATE, ORTHO AS P",OPO4,0.002,U,,-0.002,,1,0.002,0.008,0.002,mg/L,3,Y,A,P50068-8,,1,2,,,,,,25.042469,80.914819,FWEC,E46077,WMD,WMD,WMD,2,BA,NO,11/5/10 8:08,25356008,11/5/10 14:59,SM4500PF,,00671,Sample is pale yellow with no visible suspended solids present. Low flow with chop up to 6 inches with variable winds from the southwest at 4 to 8 mph. SECCHI ON BOTTOM.,
FLAB17,FLAB,12/8/10,SAMP,MON,SA,G,,0.5,m,23,"PHOSPHATE, ORTHO AS P",OPO4,0.002,U,,-0.002,,1,0.002,0.008,0.002,mg/L,3,Y,A,P50472-8,,1,1,,,,,,25.042469,80.914819,FWEC,E46077,WMD,WMD,WMD,2,BA,NO,12/9/10 9:57,25853008,12/9/10 12:50,SM4500PF,,00671,Sample is pale green with low suspended solids present. Low flow with chop and swell up to 1.5 feet with constant winds from the north north west at 7 to 8 mph. Very cold air temp with clear sunny skies. SECCHI ON BOTTOM.,
FLAB17,FLAB,2/16/11,SAMP,MON,SA,G,,0.5,m,23,"PHOSPHATE, ORTHO AS P",OPO4,0.002,U,,-0.002,,1,0.002,0.008,0.002,mg/L,3,Y,A,P50935-8,,0,2,,,,,,25.042469,80.914819,WMD,E46077,WMD,WMD,WMD,2,BA,NO,2/17/11 10:03,26502008,2/17/11 16:34,SM4500PF,,00671,,
FLAB17,FLAB,3/22/11,SAMP,MON,SA,G,,0.5,m,23,"PHOSPHATE, ORTHO AS P",OPO4,0.002,U,,-0.002,,1,0.002,0.008,0.002,mg/L,3,Y,A,P51525-8,,1,1,,,,,,25.042469,80.914819,FWEC,E46077,WMD,WMD,WMD,2,BA,NO,3/23/11 10:39,27308008,3/23/11 15:50,SM4500PF,,00671,Sample is pale green with low suspended solids present. Low flow with chop up to 1.5 feet and variable  east winds at 8 to 13 mph. SECCHI ON BOTTOM,
FLAB17,FLAB,4/12/11,SAMP,MON,SA,G,,0.5,m,23,"PHOSPHATE, ORTHO AS P",OPO4,0.002,I,,0.002,,1,0.002,0.008,0.002,mg/L,3,N,A,P52303-8,,1,2,,,,,,25.042469,80.914819,FWEC,E46077,WMD,WMD,WMD,2,BA,NO,4/13/11 11:39,28413008,4/13/11 13:48,SM4500PF,,00671,"Sample light green, low flow, wind 5-10mph SE,  SECCHI ON BOTTOM.",
FLAB17,FLAB,5/10/11,SAMP,MON,SA,G,,0.5,m,23,"PHOSPHATE, ORTHO AS P",OPO4,0.002,U,,-0.002,,1,0.002,0.008,0.002,mg/L,3,Y,A,P52304-8,,1,1,,,,,,25.042469,80.914819,FWEC,E46077,WMD,WMD,WMD,2,BA,NO,5/11/11 10:10,28414008,5/11/11 14:14,SM4500PF,,00671,"Sample pale green.  Low flow.  Calm water, no chop.  Wind 3-5mph.   SECCHI ON BOTTOM.",
FLAB17,FLAB,6/8/11,SAMP,MON,SA,G,,0.5,m,23,"PHOSPHATE, ORTHO AS P",OPO4,0.002,I,,0.002,,1,0.002,0.008,0.002,mg/L,3,N,A,P52305-8,,1,3,,,,,,25.042469,80.914819,FWEC,E46077,WMD,WMD,WMD,2,BA,NO,6/9/11 9:58,28415008,6/9/11 16:16,SM4500PF,,00671,WARNING: Time exceeds +/- 1 Hour(s).,
FLAB17,FLAB,7/6/11,SAMP,MON,SA,G,,0.5,m,23,"PHOSPHATE, ORTHO AS P",OPO4,0.002,U,,-0.002,,1,0.002,0.008,0.002,mg/L,3,Y,A,P52306-8,,1,6,,,,,,25.042469,80.914819,FWEC,E46077,WMD,WMD,WMD,2,BA,NO,7/7/11 10:24,28416008,7/7/11 14:19,SM4500PF,,00671,Sample is pale green with low suspended solids. Low flow with light chop up to 12 inches and winds from the north at 8 to 15 mph with rain and very overcast. SECCHI ON BOTTOM.,
FLAB17,FLAB,8/9/11,SAMP,MON,SA,G,,0.5,m,23,"PHOSPHATE, ORTHO AS P",OPO4,0.002,U,,-0.002,,1,0.002,0.008,0.002,mg/L,3,Y,A,P53437-7,,1,3,,,,,,25.042469,80.914819,FWEC,E46077,WMD,WMD,WMD,2,BA,NO,8/10/11 10:17,29868007,8/10/11 14:49,SM4500PF,,00671,Sample is clear with no visible solids present. Low to moderate flow with chop up to 1.5 feet and 5 to 8 mph winds from the southwest. SECCHI ON BOTTOM,
FLAB17,FLAB,9/7/11,SAMP,MON,SA,G,,0.5,m,23,"PHOSPHATE, ORTHO AS P",OPO4,0.002,U,,-0.002,,1,0.002,0.008,0.002,mg/L,3,Y,A,P53438-7,,0,1,,,,,,25.042469,80.914819,FWEC,E46077,WMD,WMD,WMD,2,BA,NO,9/8/11 10:29,29869007,9/8/11 14:08,SM4500PF,,00671,Sample is pale green with no visible suspended solids present. Low current with light chop up to 6 inches and variable winds from the south south east at 6 to 10 mph. SECCHI ON BOTTOM.,
FLAB17,FLAB,10/11/11,SAMP,MON,SA,G,,0.5,m,23,"PHOSPHATE, ORTHO AS P",OPO4,0.002,U,,-0.002,,1,0.002,0.008,0.002,mg/L,3,Y,A,P53439-7,,0,2,,,,,,25.042469,80.914819,WMD,E46077,WMD,WMD,WMD,2,BA,NO,10/12/11 10:23,29870007,10/12/11 13:39,SM4500PF,,00671,"Wind and seas calm, flood tide,  SECCHI ON BOTTOM.",
FLAB17,FLAB,12/13/11,SAMP,MON,SA,G,,0.5,m,23,"PHOSPHATE, ORTHO AS P",OPO4,0.002,I,,0.002,,1,0.002,0.008,0.002,mg/L,3,N,A,P54066-5,,0,3,,,,,,25.042469,80.914819,WMD,E46077,WMD,WMD,WMD,2,BA,NO,12/14/11 10:48,30605005,12/14/11 14:21,SM4500PF,,00671,"Wind N 18-20, seas 1 ft,  SECCHI ON BOTTOM, slack tide",
FLAB17,FLAB,2/7/12,SAMP,MON,SA,G,,0.5,m,23,"PHOSPHATE, ORTHO AS P",OPO4,0.002,U,,-0.002,,1,0.002,0.008,0.002,mg/L,3,Y,A,P55307-5,,0,3,,,,,,25.042469,80.914819,WMD,E46077,WMD,WMD,WMD,2,BA,NO,2/8/12 11:46,32255005,2/8/12 14:38,SM4500PF,,00671,"Wind and seas calm, ebb tide,  SECCHI ON BOTTOM.",
FLAB17,FLAB,4/11/12,SAMP,MON,SA,G,,0.5,m,23,"PHOSPHATE, ORTHO AS P",OPO4,0.002,U,,-0.002,,1,0.002,0.008,0.002,mg/L,3,Y,A,P55314-5,,0,2,,,,,,25.042469,80.914819,WMD,E46077,WMD,WMD,WMD,2,BA,NO,4/12/12 10:52,32262005,4/12/12 14:39,SM4500PF,,00671,"Wind and seas calm, ebb tide,  SECCHI ON BOTTOM.",
FLAB17,FLAB,6/6/12,SAMP,MON,SA,G,,0.5,m,23,"PHOSPHATE, ORTHO AS P",OPO4,0.002,U,,-0.002,,1,0.002,0.008,0.002,mg/L,3,Y,A,P55930-5,,0,4,,,,,,25.042469,80.914819,WMD,E46077,WMD,WMD,WMD,2,BA,NO,6/6/12 16:39,33113005,6/7/12 14:15,SM4500PF,,00671,"SECCHI ON BOTTOM. Light winds, less than 5kts out of the S. Light chop on the water.",
FLAB17,FLAB,8/20/12,SAMP,MON,SA,G,,0.5,m,23,"PHOSPHATE, ORTHO AS P",OPO4,0.002,I,,0.002,+/- 0.002,1,0.002,0.008,0.002,mg/L,3,N,A,P56206-5,,0,2,,,,,,25.042469,80.914819,WMD,E46077,WMD,WMD,WMD,2,PD,NO,8/21/12 9:01,33465005,8/21/12 13:53,SM4500PF,,00671,Calm conditions with almost no breeze.  Slack tide.  Flat calm conditions.   SECCHI ON BOTTOM.  Good amount of dead grass floating on surface.,
FLAB17,FLAB,10/15/12,SAMP,MON,SA,G,,0.5,m,23,"PHOSPHATE, ORTHO AS P",OPO4,0.002,U,,-0.002,+/- 0.002,1,0.002,0.008,0.002,mg/L,3,Y,A,P56210-5,,0,2,,,,,,25.042469,80.914819,WMD,E46077,WMD,WMD,WMD,2,BA,NO,10/16/12 7:44,33469005,10/16/12 11:19,SM4500PF,,00671,Calm conditions.  Slight flood tide.   SECCHI ON BOTTOM.,
FLAB17,FLAB,12/13/12,SAMP,MON,SA,G,,0.5,m,23,"PHOSPHATE, ORTHO AS P",OPO4,0.002,U,,-0.002,,1,0.002,0.008,0.002,mg/L,3,Y,A,P56855-5,,0,1,,,,,,25.042469,80.914819,WMD,E46077,WMD,WMD,WMD,2,BA,NO,12/13/12 15:05,34310005,12/14/12 14:13,SM4500PF,,00671,"Calm wind, calm seas, very low current.   SECCHI ON BOTTOM.",
FLAB17,FLAB,2/12/13,SAMP,MON,SA,G,,0.5,m,23,"PHOSPHATE, ORTHO AS P",OPO4,0.002,U,,-0.002,+/- 0.002,1,0.002,0.008,0.002,mg/L,3,Y,A,P61815-8,,0,1,,,,,,25.042469,80.914819,WMD,E46077,WMD,WMD,WMD,2,PD,NO,2/12/13 16:39,39394008,2/13/13 14:54,SM4500PF,,00671,SECCHI ON BOTTOM. S wind approx 10 kt. Light chop on surface. Weak current.,
FLAB17,FLAB,4/22/13,SAMP,MON,SA,G,,0.5,m,23,"PHOSPHATE, ORTHO AS P",OPO4,0.002,I,,0.002,+/- 0.002,1,0.002,0.008,0.002,mg/L,3,N,A,P61816-8,,0,4,,,,,,25.042469,80.914819,WMD,E46077,WMD,WMD,WMD,2,PD,NO,4/23/13 10:11,39395008,4/23/13 11:36,SM4500PF,,00671,"SE winds 10-15 kts, seas less than 1 ft. SECCHI ON BOTTOM",
FLAB17,FLAB,6/11/13,SAMP,MON,SA,G,,0.5,m,23,"PHOSPHATE, ORTHO AS P",OPO4,0.002,U,,-0.002,+/- 0.002,1,0.002,0.008,0.002,mg/L,3,Y,A,P63878-8,,0,6,,,,,,25.042469,80.914819,WMD,E46077,WMD,WMD,WMD,2,PD,NO,6/11/13 16:12,40693008,6/12/13 15:13,SM4500PF,,671,"rain, sample processed in protected area, southeast winds 5-10, slight ripple, secchi on bottom",
FLAB17,FLAB,8/6/13,SAMP,MON,SA,G,,0.5,m,23,"PHOSPHATE, ORTHO AS P",OPO4,0.002,U,,-0.002,+/- 0.002,1,0.002,0.008,0.002,mg/L,3,Y,A,P63879-8,,0,3,,,,,,25.042469,80.914819,WMD,E46077,WMD,WMD,WMD,2,PD,NO,8/6/13 16:02,40694008,8/7/13 13:22,SM4500PF,,00671,SECCHI ON BOTTOM. Nearly calm wind. Ripples on surface. No current observed. Patches of grass on surface.,
FLAB17,FLAB,11/21/13,SAMP,MON,SA,G,,0.5,m,23,"PHOSPHATE, ORTHO AS P",OPO4,0.002,U,,-0.002,+/- 0.002,1,0.002,0.008,0.002,mg/L,3,Y,A,P67402-5,,0,2,,,,,,25.042469,80.914819,WMD,E46077,WMD,WMD,WMD,2,PD,NO,11/21/13 15:12,43581005,11/22/13 13:38,SM4500PF,,00671,"Rippled surface, NE wind 5-10. SECCHI ON BOTTOM",
FLAB17,FLAB,12/16/13,SAMP,MON,SA,G,,0.5,m,23,"PHOSPHATE, ORTHO AS P",OPO4,0.002,U,,-0.002,+/- 0.002,1,0.002,0.008,0.002,mg/L,3,Y,A,P67403-5,,0,4,,,,,,25.042469,80.914819,WMD,E46077,WMD,WMD,WMD,2,PD,NO,12/17/13 10:57,43582005,12/17/13 13:36,SM4500PF,,671,"moderate chop on surface, 0.5ft, SAV clippings floating on surface near sampling area, secchi on bottom",
FLAB17,FLAB,2/18/14,SAMP,MON,SA,G,,0.5,m,23,"PHOSPHATE, ORTHO AS P",OPO4,0.002,U,,-0.002,+/- 0.002,1,0.002,0.008,0.002,mg/L,3,Y,A,P70121-5,,0,2,,,,,,25.042469,80.914819,WMD,E46077,WMD,WMD,WMD,2,PD,NO,2/18/14 15:33,45275005,2/19/14 13:58,SM4500PF,,00671,,
FLAB17,FLAB,4/15/14,SAMP,MON,SA,G,,0.5,m,23,"PHOSPHATE, ORTHO AS P",OPO4,0.002,U,,-0.002,+/- 0.002,1,0.002,0.008,0.002,mg/L,3,Y,A,P70122-5,,0,1,,,,,,25.042469,80.914819,WMD,E46077,WMD,WMD,WMD,2,PD,NO,4/15/14 15:40,45276005,4/16/14 11:45,SM4500PF,,671,Winds out of the SSE 15 kts. Slight chop. SECCHI ON BOTTOM,
FLAB17,FLAB,6/25/14,SAMP,MON,SA,G,,0.5,m,23,"PHOSPHATE, ORTHO AS P",OPO4,0.002,I,,0.002,+/- 0.002,1,0.002,0.008,0.002,mg/L,3,N,A,P71698-5,,0,1,,,,,,25.042469,80.914819,WMD,E46077,WMD,WMD,WMD,2,PD,NO,6/25/14 15:10,46558005,6/25/14 15:57,SM4500PF,,00671,"Calm, N wind 5-10. SECCHI ON BOTTOM",
FLAB17,FLAB,8/21/14,SAMP,MON,SA,G,,0.5,m,23,"PHOSPHATE, ORTHO AS P",OPO4,0.002,U,,-0.002,+/- 0.002,1,0.002,0.008,0.002,mg/L,3,Y,A,P72711-5,,0,2,,,,,,25.042469,80.914819,WMD,E46077,WMD,WMD,WMD,2,PD,NO,8/21/14 16:21,46929005,8/22/14 11:19,SM4500PF,,671,SECCHI ON BOTTOM,
FLAB17,FLAB,10/28/14,SAMP,MON,SA,G,,0.9,m,23,"PHOSPHATE, ORTHO AS P",OPO4,0.002,U,,-0.002,+/- 0.002,1,0.002,0.008,0.002,mg/L,3,Y,A,P74732-5,,0,1,,,,,,25.042469,80.914819,WMD,E46077,WMD,WMD,WMD,2,PD,NO,10/28/14 16:11,48704005,10/29/14 13:57,SM4500PF,,00671,Light wave action. Winds out of the ESE 12-17kts. SECCHI ON BOTTOM,
FLAB17,FLAB,12/9/14,SAMP,MON,SA,G,,0.5,m,23,"PHOSPHATE, ORTHO AS P",OPO4,0.002,U,,-0.002,+/- 0.002,1,0.002,0.008,0.002,mg/L,3,Y,A,P74734-5,,0,4,,,,,,25.042469,80.914819,WMD,E46077,WMD,WMD,WMD,2,PD,NO,12/9/14 16:50,48706005,12/10/14 12:45,SM4500PF,,00671,"Winds out of the N, 7-10kts. 0.5ft wave action. SECCHI ON BOTTOM",
FLAB17,FLAB,2/4/15,SAMP,MON,SA,G,,0.5,m,23,"PHOSPHATE, ORTHO AS P",OPO4,0.002,U,,-0.002,+/- 0.002,1,0.002,0.008,0.002,mg/L,3,Y,A,P74733-5,,0,2,,,,,,25.042469,80.914819,WMD,E46077,WMD,WMD,WMD,2,PD,NO,2/4/15 14:25,48705005,2/4/15 15:26,SM4500PF,,00671,"NE winds 10kts, light chop, scattered sea grass floating on surface,  SECCHI ON BOTTOM.",
FLAB17,FLAB,4/1/15,SAMP,MON,SA,G,,0.5,m,23,"PHOSPHATE, ORTHO AS P",OPO4,0.002,U,,-0.002,+/- 0.002,1,0.002,0.008,0.002,mg/L,3,Y,A,P74735-5,,0,1,,,,,,25.042469,80.914819,WMD,E46077,WMD,WMD,WMD,2,PD,NO,4/2/15 9:51,48707005,4/2/15 13:44,SM4500PF,,671,SOB. Light winds out of the SE 5 kts. Water very clear.,
FLAB17,FLAB,6/2/15,SAMP,MON,SA,G,,0.5,m,23,"PHOSPHATE, ORTHO AS P",OPO4,0.002,U,,-0.002,+/- 0.002,1,0.002,0.008,0.002,mg/L,3,Y,A,P75564-5,,0,4,,,,,,25.042469,80.914819,WMD,E46077,WMD,WMD,WMD,2,PD,NO,6/2/15 15:50,49262005,6/3/15 14:22,SM4500PF,,00671,"Incoming tide, light east winds, very overcast. Small amount of loose seagrass on surface. Secchi on bottom.",
FLAB17,FLAB,8/11/15,SAMP,MON,SA,G,,0.5,m,23,"PHOSPHATE, ORTHO AS P",OPO4,0.002,U,,-0.002,+/- 0.002,1,0.002,0.008,0.002,mg/L,3,Y,A,P78616-5,,0,2,,,,,,25.042469,80.914819,WMD,E46077,WMD,WMD,WMD,2,PD,NO,8/12/15 8:03,51802005,8/12/15 11:32,SM4500PF,,00671,"Light winds from the South, minor surface chop. Moderate amount of floating loose sea grass. Secchi on bottom. Slack tide.",
FLAB17,FLAB,10/12/15,SAMP,MON,SA,G,,0.5,m,23,"PHOSPHATE, ORTHO AS P",OPO4,0.002,U,,-0.002,+/- 0.002,1,0.002,0.008,0.002,mg/L,3,Y,A,P80850-5,,0,2,,,,,,25.042469,80.914819,WMD,E46077,WMD,WMD,WMD,2,PD,NO,10/13/15 8:50,53673005,10/13/15 12:18,SM4500PF,,00671,"Slack tide, seas less than 1ft, light west wind, light amount of loose floating vegetation, secchi on bottom.",
FLAB17,FLAB,1/26/16,SAMP,MON,SA,G,,0.5,m,23,"PHOSPHATE, ORTHO AS P",OPO4,0.002,U,,-0.002,+/- 0.002,1,0.002,0.008,0.002,mg/L,3,Y,A,P82417-5,,0,1,,,,,,25.042469,80.914819,WMD,E46077,WMD,WMD,WMD,2,PD,NO,1/26/16 18:05,54966005,1/27/16 14:21,SM4500PF,,671,Slight chop on surface. Winds SE 15-20.,
FLAB17,FLAB,2/23/16,SAMP,MON,SA,G,,0.5,m,23,"PHOSPHATE, ORTHO AS P",OPO4,0.002,U,,-0.002,+/- 0.002,1,0.002,0.008,0.002,mg/L,3,Y,A,P82933-5,,0,2,,,,,,25.042469,80.914819,WMD,E46077,WMD,WMD,WMD,2,PD,NO,2/23/16 16:54,55401005,2/24/16 14:50,SM4500PF,,671,SOB. Winds out of the SSE 7 to 10 kts. Light wave action.,
FLAB17,FLAB,4/6/16,SAMP,MON,SA,G,,0.5,m,23,"PHOSPHATE, ORTHO AS P",OPO4,0.002,U,,-0.002,+/- 0.002,1,0.002,0.008,0.002,mg/L,3,Y,A,P83566-5,,0,3,,,,,,25.042469,80.914819,WMD,E46077,WMD,WMD,WMD,2,PD,NO,4/6/16 16:44,55992005,4/7/16 15:50,SM4500PF,,671,SOB. Winds out of the E 15 to 17 kts. Light wave action.,
FLAB17,FLAB,6/29/16,SAMP,MON,SA,G,,0.5,m,23,"PHOSPHATE, ORTHO AS P",OPO4,0.002,U,,-0.002,+/- 0.002,1,0.002,0.008,0.002,mg/L,3,Y,A,P84316-8,,0,2,,,,,,25.042469,80.914819,WMD,E46077,WMD,WMD,WMD,2,PD,NO,6/29/16 15:54,56588008,6/30/16 13:46,SM4500PF,,00671,"slight ripple, east wind 5-10, some vegetation on surface, secchi on bottom, no flow observed",
FLAB17,FLAB,9/14/16,SAMP,MON,SA,G,,0.5,m,23,"PHOSPHATE, ORTHO AS P",OPO4,0.002,U,,-0.002,+/- 0.002,1,0.002,0.008,0.002,mg/L,3,Y,A,P84637-5,,0,1,,,,,,25.042469,80.914819,WMD,E46077,WMD,WMD,WMD,2,PD,NO,9/14/16 16:16,56879005,9/15/16 12:55,SM4500PF,,671,"calm water surface, some floating vegetation on surface, sample collected in a clear area, calm winds, secchi on bottom",
FLAB17,FLAB,11/15/16,SAMP,MON,SA,G,,0.5,m,23,"PHOSPHATE, ORTHO AS P",OPO4,0.002,U,,-0.002,+/- 0.002,1,0.002,0.008,0.002,mg/L,3,Y,A,P86135-5,,0,2,,,,,,25.042469,80.914819,WMD,E46077,WMD,WMD,WMD,2,PD,NO,11/15/16 16:36,58227005,11/16/16 13:55,SM4500PF,,671,"North winds 10-15kts, moderate chop, light amount of loose sea grass on surface. Secchi on bottom.",
FLAB17,FLAB,12/14/16,SAMP,MON,SA,G,,0.5,m,23,"PHOSPHATE, ORTHO AS P",OPO4,0.002,U,,-0.002,+/- 0.002,1,0.002,0.008,0.002,mg/L,3,Y,A,P86764-5,,0,1,,,,,,25.042469,80.914819,WMD,E46077,WMD,WMD,WMD,2,PD,NO,12/14/16 17:13,58612005,12/15/16 13:15,SM4500PF,,671,"calm wind, calm water, some SAV floating on surface in sampling area, secchi on bottom, no current observed",
FLAB17,FLAB,2/9/17,SAMP,MON,SA,G,,0.5,m,23,"PHOSPHATE, ORTHO AS P",OPO4,0.002,U,,-0.002,+/- 0.002,1,0.002,0.008,0.002,mg/L,3,Y,A,P87698-5,,0,1,,,,,,25.042469,80.914819,WMD,E46077,WMD,WMD,WMD,2,PD,NO,2/9/17 18:47,59451005,2/10/17 11:54,SM4500PF,,00671,Wind 10 - 15 MPH. Moderate amount of sea grass on the surface. Light chop. Secchi on bottom.,
FLAB17,FLAB,4/24/17,SAMP,MON,SA,G,,0.5,m,23,"PHOSPHATE, ORTHO AS P",OPO4,0.002,U,,-0.002,+/- 0.002,1,0.002,0.008,0.002,mg/L,3,Y,A,P87828-5,,0,1,,,,,,25.042469,80.914819,WMD,E46077,WMD,WMD,WMD,2,PD,NO,4/24/17 15:27,59589005,4/25/17 13:16,SM4500PF,,671,"seaweed floating on surface of water, light winds",
FLAB17,FLAB,7/26/17,SAMP,MON,SA,G,,0.5,m,23,"PHOSPHATE, ORTHO AS P",OPO4,0.002,U,,-0.002,+/- 0.002,1,0.002,0.008,0.002,mg/L,3,Y,A,P88719-5,,0,0,,,,,,25.042469,80.914819,WMD,E46077,WMD,WMD,WMD,2,PD,NO,7/26/17 16:55,60389005,7/27/17 12:53,SM4500PF,,00671,"East winds 10kts, seas less than 1ft, moderate amount of loose grass and seaweed floating on surface, secchi on bottom.",
FLAB17,FLAB,8/22/17,SAMP,MON,SA,G,,0.5,m,23,"PHOSPHATE, ORTHO AS P",OPO4,0.002,U,,-0.002,+/- 0.002,1,0.002,0.008,0.002,mg/L,3,Y,A,P89177-5,,0,0,,,,,,25.042469,80.914819,WMD,E46077,WMD,WMD,WMD,2,PD,NO,8/22/17 15:45,60817005,8/23/17 12:36,SM4500PF,,00671,"Light winds, seas less than 1 ft, light amount of loose sea grass and sargassum floating on surface. Secchi on bottom.",
FLAB17,FLAB,10/16/17,SAMP,MON,SA,G,,0.5,m,23,"PHOSPHATE, ORTHO AS P",OPO4,0.002,U,,-0.002,+/- 0.002,1,0.002,0.008,0.002,mg/L,3,Y,A,P90590-5,,0,0,,,,,,25.042469,80.914819,WMD,E46077,WMD,WMD,WMD,2,PD,NO,10/16/17 17:31,62122005,10/17/17 14:33,SM4500PF,,00671,"Sample area clear.  Water was a little cloudy, but bottom still visible.  Secchi on bottom.  Sample collected by NH.",
FLAB17,FLAB,12/19/17,SAMP,MON,SA,G,,0.5,m,23,"PHOSPHATE, ORTHO AS P",OPO4,0.002,U,,-0.002,+/- 0.002,1,0.002,0.008,0.002,mg/L,3,Y,A,P91157-5,,0,0,,,,,,25.042469,80.914819,WMD,E46077,WMD,WMD,WMD,2,PD,NO,12/19/17 19:25,62573005,12/20/17 15:20,SM4500PF,,671,Secchi is VOB,
FLAB17,FLAB,2/15/18,SAMP,MON,SA,G,,0.5,m,23,"PHOSPHATE, ORTHO AS P",OPO4,0.002,U,,-0.002,+/- 0.002,1,0.002,0.008,0.002,mg/L,3,Y,A,P92110-5,,0,0,,,,,,25.042469,80.914819,WMD,E46077,WMD,WMD,WMD,2,PD,NO,2/15/18 22:01,63446005,2/16/18 9:37,SM4500PF,,671,,
FLAB17,FLAB,4/12/18,SAMP,MON,SA,G,,0.5,m,23,"PHOSPHATE, ORTHO AS P",OPO4,0.002,U,,-0.002,+/- 0.002,1,0.002,0.008,0.002,mg/L,3,Y,A,P92870-5,,0,0,,,,,,25.042469,80.914819,WMD,E46077,WMD,WMD,WMD,2,PD,NO,4/13/18 7:36,64062005,4/13/18 8:40,SM4500PF,,00671,Out going tide observed.,
FLAB17,FLAB,6/12/18,SAMP,MON,SA,G,,0.5,m,23,"PHOSPHATE, ORTHO AS P",OPO4,0.002,U,,-0.002,+/- 0.002,1,0.002,0.008,0.002,mg/L,3,Y,A,P93692-5,,0,0,,,,,,25.042469,80.914819,WMD,E46077,WMD,WMD,WMD,2,PD,NO,6/12/18 17:52,64893005,6/13/18 13:59,SM4500PF,,00671,SOB.,
FLAB17,FLAB,8/9/18,SAMP,MON,SA,G,,0.5,m,23,"PHOSPHATE, ORTHO AS P",OPO4,0.002,U,,-0.002,+/- 0.002,1,0.002,0.008,0.002,mg/L,3,Y,A,P94933-5,,0,0,,,,,,25.042469,80.914819,WMD,E46077,WMD,WMD,WMD,2,PD,NO,8/10/18 6:52,65965005,8/10/18 11:28,SM4500PF,,00671,Secchi on bottom. Lots of dead veg floating in water. Avoided during collection.,
FLAB17,FLAB,10/22/18,SAMP,MON,SA,G,,0.5,m,23,"PHOSPHATE, ORTHO AS P",OPO4,0.002,U,,-0.002,+/- 0.002,1,0.002,0.008,0.002,mg/L,3,Y,A,P95253-5,,0,0,,,,,,25.042469,80.914819,WMD,E46077,WMD,WMD,WMD,2,PD,NO,10/23/18 8:12,66265005,10/23/18 10:58,SM4500PF,,671,Sample area clear.  Non-Visible solids.  Sample collected by EW.,
FLAB17,FLAB,12/17/18,SAMP,MON,SA,G,,0.5,m,23,"PHOSPHATE, ORTHO AS P",OPO4,0.002,U,,-0.002,+/- 0.002,1,0.002,0.008,0.002,mg/L,3,Y,A,P96720-9,,0,0,,,,,,25.042469,80.914819,WMD,E46077,WMD,WMD,WMD,2,BA,NO,12/18/18 8:19,67436009,12/18/18 14:34,SM4500PF,,00671,,
FLAB17,FLAB,2/18/19,SAMP,MON,SA,G,,0.5,m,23,"PHOSPHATE, ORTHO AS P",OPO4,0.002,U,,-0.002,+/- 0.002,1,0.002,0.008,0.002,mg/L,3,Y,A,P103094-6,,0,0,,,,,,25.042469,80.914819,WMD,E46077,WMD,WMD,WMD,2,BA,NO,2/19/19 9:40,69909006,2/20/19 10:08,SM4500PF,,671,Sample area clear.  Secchi Depth was 0.5m.  Light solids in sample.  Sample collected by EW.,
FLAB17,FLAB,4/3/19,SAMP,MON,SA,G,,0.5,m,23,"PHOSPHATE, ORTHO AS P",OPO4,0.002,U,,-0.002,+/- 0.002,1,0.002,0.008,0.002,mg/L,3,Y,A,P103838-6,,0,0,,,,,,25.042469,80.914819,WMD,E46077,WMD,WMD,WMD,2,BA,NO,4/3/19 15:29,70216006,4/4/19 14:01,SM4500PF,,671,Secchi on bottom,
FLAB17,FLAB,7/15/19,SAMP,MON,SA,G,,0.5,m,23,"PHOSPHATE, ORTHO AS P",OPO4,0.002,U,,-0.002,+/- 0.002,1,0.002,0.008,0.002,mg/L,3,Y,A,P106399-6,,0,0,,,,,,25.042469,80.914819,WMD,E46077,WMD,WMD,WMD,2,BA,NO,7/15/19 16:09,71313006,7/16/19 13:23,SM4500PF,,00671,,
FLAB17,FLAB,8/12/19,SAMP,MON,SA,G,,0.5,m,23,"PHOSPHATE, ORTHO AS P",OPO4,0.002,U,,-0.002,+/- 0.002,1,0.002,0.008,0.002,mg/L,3,Y,A,P109218-6,,0,0,,,,,,25.042469,80.914819,WMD,E46077,WMD,WMD,WMD,2,BA,NO,8/13/19 9:55,72387006,8/14/19 11:15,SM4500PF,,00671,,
FLAB17,FLAB,10/9/19,SAMP,MON,SA,G,,0.5,m,23,"PHOSPHATE, ORTHO AS P",OPO4,0.002,U,,-0.002,+/- 0.002,1,0.002,0.008,0.002,mg/L,3,Y,A,P109906-6,,0,0,,,,,,25.042469,80.914819,WMD,E46077,WMD,WMD,WMD,2,BA,NO,10/10/19 10:16,72728006,10/10/19 13:42,SM4500PF,,671,,
FLAB17,FLAB,1/28/20,SAMP,MON,SA,G,,0.5,m,23,"PHOSPHATE, ORTHO AS P",OPO4,0.002,U,,-0.002,+/- 0.002,1,0.002,0.008,0.002,mg/L,3,Y,A,P110695-6,,0,0,,,,,,25.042469,80.914819,WMD,E46077,WMD,WMD,WMD,2,BA,NO,1/28/20 16:21,73093006,1/29/20 11:45,SM4500PF,,00671,,
FLAB17,FLAB,2/5/20,SAMP,MON,SA,G,,0.5,m,23,"PHOSPHATE, ORTHO AS P",OPO4,0.002,"U,Q",yes,-0.002,+/- 0.002,1,0.002,0.008,0.002,mg/L,3,Y,A,P110717-6,,0,0,,,,,,25.042469,80.914819,WMD,E46077,WMD,WMD,WMD,2,BA,NO,2/6/20 11:55,73112006,2/7/20 14:21,SM4500PF,,671,Secchi on bottom.,Analysis done after the approved holding time
FLAB17,FLAB,4/7/20,SAMP,MON,SA,G,,0.5,m,23,"PHOSPHATE, ORTHO AS P",OPO4,0.002,U,,-0.002,+/- 0.002,1,0.002,0.008,0.002,mg/L,3,Y,A,P110711-6,,0,0,,,,,,25.042469,80.914819,WMD,E46077,WMD,WMD,WMD,2,BA,NO,4/7/20 16:09,73106006,4/8/20 13:01,SM4500PF,,00671,Sample area clear.  Solids were Non Visible.  Secchi on bottom.  Sample collected by EW.,
FLAB17,FLAB,6/17/20,SAMP,MON,SA,G,,0.5,m,23,"PHOSPHATE, ORTHO AS P",OPO4,0.002,I,,0.002,+/- 0.002,1,0.002,0.008,0.002,mg/L,3,N,A,P110907-6,,0,0,,,,,,25.042469,80.914819,WMD,E46077,WMD,WMD,WMD,2,BA,NO,6/17/20 15:56,73193006,6/18/20 11:01,SM4500PF,,00671,Secchi on bottom,
FLAB17,FLAB,8/18/20,SAMP,MON,SA,G,,0.5,m,23,"PHOSPHATE, ORTHO AS P",OPO4,0.002,U,,-0.002,+/- 0.002,1,0.002,0.008,0.002,mg/L,3,Y,A,P111061-6,,0,0,,,,,,25.042469,80.914819,WMD,E46077,WMD,WMD,WMD,2,BA,NO,8/18/20 15:40,73276006,8/19/20 11:05,SM4500PF,,00671,Vegetative debris present on surface of water.,
FLAB17,FLAB,10/13/20,SAMP,MON,SA,G,,0.5,m,23,"PHOSPHATE, ORTHO AS P",OPO4,0.002,U,,-0.002,+/- 0.002,1,0.002,0.008,0.002,mg/L,3,Y,A,P118764-6,,0,0,,,,,,25.042469,80.914819,WMD,E46077,WMD,WMD,WMD,2,BA,NO,10/14/20 8:55,76830006,10/14/20 11:32,SM4500PF,,00671,Filtration difficult at this location. Notable algae bloom with very fine particulates.,
FLAB17,FLAB,2/9/21,SAMP,MON,SA,G,,0.5,m,23,"PHOSPHATE, ORTHO AS P",OPO4,0.002,U,,-0.002,+/- 0.002,1,0.002,0.008,0.002,mg/L,3,Y,A,P120349-6,,0,0,,,,,,25.042469,80.914819,WMD,E46077,WMD,WMD,WMD,2,BA,NO,2/10/21 8:11,77554006,2/10/21 11:25,SM4500PF,,00671,Secchi on bottom.,
FLAB17,FLAB,3/24/21,SAMP,MON,SA,G,,0.5,m,23,"PHOSPHATE, ORTHO AS P",OPO4,0.002,U,,-0.002,+/- 0.002,1,0.002,0.008,0.002,mg/L,3,Y,A,P122509-6,,0,0,,,,,,25.042469,80.914819,WMD,E46077,WMD,WMD,WMD,2,BA,NO,3/25/21 6:59,78497006,3/25/21 12:09,SM4500PF,,00671,secchi on bottom,
FLAB17,FLAB,6/7/21,SAMP,MON,SA,G,,0.5,m,23,"PHOSPHATE, ORTHO AS P",OPO4,0.002,U,,-0.002,+/- 0.002,1,0.002,0.008,0.002,mg/L,3,Y,A,P121640-6,,0,0,,,,,,25.042469,80.914819,WMD,E46077,WMD,WMD,WMD,2,BA,NO,6/7/21 16:26,78140006,6/8/21 11:20,SM4500PF,,00671,Secchi on bottom,
FLAB17,FLAB,8/5/21,SAMP,MON,SA,G,,0.5,m,23,"PHOSPHATE, ORTHO AS P",OPO4,0.002,U,,-0.002,+/- 0.002,1,0.002,0.008,0.002,mg/L,3,Y,A,P123926-6,,0,0,,,,,,25.042469,80.914819,WMD,E46077,WMD,WMD,WMD,2,BA,NO,8/5/21 15:12,79169006,8/6/21 11:36,SM4500PF,,00671,Secchi on bottom,
FLAB17,FLAB,10/20/21,SAMP,MON,SA,G,,0.5,m,23,"PHOSPHATE, ORTHO AS P",OPO4,0.002,U,,-0.002,+/- 0.002,1,0.002,0.008,0.002,mg/L,3,Y,A,P125707-6,,0,0,,,,,,25.042469,80.914819,WMD,E46077,WMD,WMD,WMD,2,BA,NO,10/21/21 8:34,79970006,10/21/21 10:55,SM4500PF,,00671,Secchi on bottom.,
FLAB17,FLAB,12/15/21,SAMP,MON,SA,G,,0.5,m,23,"PHOSPHATE, ORTHO AS P",OPO4,0.002,U,,-0.002,+/- 0.002,1,0.002,0.008,0.002,mg/L,3,Y,A,P129834-6,,0,0,,,,,,25.042469,80.914819,WMD,E46077,WMD,WMD,WMD,2,BA,NO,12/16/21 8:25,81789006,12/16/21 10:46,SM4500PF,,671,,
FLAB17,FLAB,1/27/22,SAMP,MON,SA,G,,0.5,m,23,"PHOSPHATE, ORTHO AS P",OPO4,0.002,U,,-0.002,+/- 0.002,1,0.002,0.008,0.002,mg/L,3,Y,A,P129835-6,,0,0,,,,,,25.042469,80.914819,WMD,E46077,WMD,WMD,WMD,2,BA,NO,1/27/22 15:46,81790006,1/28/22 11:17,SM4500PF,,00671,Secchi on bottom,
FLAB17,FLAB,4/12/22,SAMP,MON,SA,G,,0.5,m,23,"PHOSPHATE, ORTHO AS P",OPO4,0.002,U,,-0.002,+/- 0.002,1,0.002,0.008,0.002,mg/L,3,Y,A,P132792-6,,0,0,,,,,,25.042469,80.914819,WMD,E46077,WMD,WMD,WMD,2,BA,NO,4/13/22 8:06,83111006,4/13/22 11:07,SM4500PF,,00671,Secchi on bottom,
FLAB17,FLAB,6/27/22,SAMP,MON,SA,G,,0.5,m,23,"PHOSPHATE, ORTHO AS P",OPO4,0.002,U,,-0.002,+/- 0.002,1,0.002,0.008,0.002,mg/L,3,Y,A,P134130-6,,0,0,,,,,,25.042469,80.914819,WMD,E46077,WMD,WMD,WMD,2,BA,NO,6/28/22 8:30,83719006,6/28/22 12:29,SM4500PF,,00671,Secchi on bottom,
FLAB17,FLAB,7/11/22,SAMP,MON,SA,G,,0.5,m,23,"PHOSPHATE, ORTHO AS P",OPO4,0.006,I,,0.006,+/- 0.002,1,0.002,0.008,0.002,mg/L,3,N,A,P135169-6,,0,0,,,,,,25.042469,80.914819,WMD,E46077,WMD,WMD,WMD,2,BA,NO,7/12/22 8:09,84232006,7/12/22 11:39,SM4500PF,,671,Secchi on bottom.,
FLAB17,FLAB,9/21/22,SAMP,MON,SA,G,,0.5,m,23,"PHOSPHATE, ORTHO AS P",OPO4,0.002,U,,-0.002,+/- 0.002,1,0.002,0.008,0.002,mg/L,3,Y,A,P136493-6,,0,0,,,,,,25.042469,80.914819,WMD,E46077,WMD,WMD,WMD,2,BA,NO,9/22/22 8:07,84868006,9/22/22 11:04,SM4500PF,,671,"Secchi on bottom. Vegetative debris present in water column, avoided during sampling.",
FLAB17,FLAB,1/19/23,SAMP,MON,SA,G,,0.5,m,23,"PHOSPHATE, ORTHO AS P",OPO4,0.002,U,,-0.002,+/- 0.002,1,0.002,0.008,0.002,mg/L,3,Y,A,P139466-6,,0,0,,,,,,25.042469,80.914819,WMD,E46077,WMD,WMD,WMD,2,BA,NO,1/20/23 8:12,86301006,1/20/23 10:38,SM4500PF,,00671,Secchi on bottom,
FLAB17,FLAB,3/6/23,SAMP,MON,SA,G,,0.5,m,23,"PHOSPHATE, ORTHO AS P",OPO4,0.002,U,,-0.002,+/- 0.002,1,0.002,0.008,0.002,mg/L,3,Y,A,P141267-6,,0,0,,,,,,25.042469,80.914819,WMD,E46077,WMD,WMD,WMD,2,BA,NO,3/7/23 8:44,87044006,3/7/23 16:07,SM4500PF,,00671,SOB.,
FLAB17,FLAB,5/16/23,SAMP,MON,SA,G,,0.5,m,23,"PHOSPHATE, ORTHO AS P",OPO4,0.002,U,,-0.002,+/- 0.002,1,0.002,0.008,0.002,mg/L,3,Y,A,P143738-6,,0,0,,,,,,25.042469,80.914819,WMD,E46077,WMD,WMD,WMD,2,BA,NO,5/16/23 15:24,87932006,5/17/23 10:34,SM4500PF,,00671,Secchi on bottom,
FLAB17,FLAB,7/17/23,SAMP,MON,SA,G,,0.5,m,23,"PHOSPHATE, ORTHO AS P",OPO4,0.002,U,,-0.002,+/- 0.002,1,0.002,0.008,0.002,mg/L,3,Y,A,P144701-6,,0,0,,,,,,25.042469,80.914819,WMD,E46077,WMD,WMD,WMD,2,BA,NO,7/18/23 8:37,88406006,7/18/23 14:12,SM4500PF,,671,secchi on bottom,
FLAB17,FLAB,9/26/23,SAMP,MON,SA,G,,0.5,m,23,"PHOSPHATE, ORTHO AS P",OPO4,0.003,"I,G",yes,0.003,+/- 0.002,1,0.002,0.008,0.002,mg/L,3,N,A,P146059-6,,0,0,,,,,,25.042469,80.914819,WMD,E46077,WMD,WMD,WMD,2,BA,NO,9/28/23 7:49,89095006,9/28/23 8:56,SM4500PF,,671,secchi on bottom,"Analyte was detected at or above the method detection limit in both the sample and the associated field blank, equipment blank, or trip blank, and the blank value was greater than 10% of the associated sample value."
FLAB17,FLAB,11/27/23,SAMP,MON,SA,G,,0.5,m,23,"PHOSPHATE, ORTHO AS P",OPO4,0.002,U,,-0.002,+/- 0.002,1,0.002,0.008,0.002,mg/L,3,Y,A,P146060-6,,0,0,,,,,,25.042469,80.914819,WMD,E46077,WMD,WMD,WMD,2,BA,NO,11/28/23 8:48,89096006,11/28/23 15:05,SM4500PF,,00671,Secchi on bottom.,
FLAB17,FLAB,2/21/24,SAMP,MON,SA,G,,0.5,m,23,"PHOSPHATE, ORTHO AS P",OPO4,0.002,U,,-0.002,+/- 0.002,1,0.002,0.008,0.002,mg/L,3,Y,A,P148340-6,,0,0,,,,,,25.042469,80.914819,WMD,E46077,WMD,WMD,WMD,2,BA,NO,2/22/24 8:09,90200006,2/22/24 13:56,SM 4500-P F-2011,,671,Secchi on bottom.,
FLAB17,FLAB,4/18/24,SAMP,MON,SA,G,,0.5,m,23,"PHOSPHATE, ORTHO AS P",OPO4,0.002,U,,-0.002,+/- 0.002,1,0.002,0.008,0.002,mg/L,3,Y,A,P149303-6,,0,0,,,,,,25.042469,80.914819,WMD,E46077,WMD,WMD,WMD,2,BA,NO,4/19/24 8:21,90666006,4/19/24 11:29,SM 4500-P F-2011,,00671,secchi on bottom,
FLAB17,FLAB,7/31/24,SAMP,MON,SA,G,,0.5,m,23,"PHOSPHATE, ORTHO AS P",OPO4,0.002,U,,-0.002,+/- 0.002,1,0.002,0.008,0.002,mg/L,3,Y,A,P152197-6,,0,0,,,,,,25.042469,80.914819,WMD,E46077,WMD,WMD,WMD,2,BA,NO,8/1/24 8:01,92110006,8/1/24 13:47,SM 4500-P F-2011,,00671,SOB.,
FLAB17,FLAB,9/30/24,SAMP,MON,SA,G,,0.5,m,23,"PHOSPHATE, ORTHO AS P",OPO4,0.002,U,,-0.002,+/- 0.002,1,0.002,0.008,0.002,mg/L,3,Y,A,P153173-6,,0,0,,,,,,25.042469,80.914819,WMD,E46077,WMD,WMD,WMD,2,BA,NO,10/1/24 8:31,92601006,10/1/24 12:31,SM 4500-P F-2011,,00671,Secchi on bottom.,
FLAB17,FLAB,11/19/24,SAMP,MON,SA,G,,0.5,m,23,"PHOSPHATE, ORTHO AS P",OPO4,0.002,U,,-0.002,+/- 0.002,1,0.002,0.008,0.002,mg/L,3,Y,A,P154026-6,,0,0,,,,,,25.042469,80.914819,WMD,E46077,WMD,WMD,WMD,2,BA,NO,11/20/24 8:23,93034006,11/20/24 12:50,SM 4500-P F-2011,,00671,,
FLAB17,FLAB,2/13/25,SAMP,MON,SA,G,,0.5,m,23,"PHOSPHATE, ORTHO AS P",OPO4,0.002,U,,-0.002,+/- 0.002,1,0.002,0.008,0.002,mg/L,3,Y,A,P155967-6,,0,0,,,,,,25.042469,80.914819,WMD,E46077,WMD,WMD,WMD,2,BA,NO,2/14/25 8:47,93979006,2/14/25 11:41,SM 4500-P F-2011,,00671,Secchi on bottom.,
FLAB17,FLAB,3/25/25,SAMP,MON,SA,G,,0.5,m,23,"PHOSPHATE, ORTHO AS P",OPO4,0.002,U,,-0.002,+/- 0.002,1,0.002,0.008,0.002,mg/L,3,Y,A,P157082-6,,0,0,,,,,,25.042469,80.914819,WMD,E46077,WMD,WMD,WMD,2,BA,NO,3/26/25 8:54,94540006,3/26/25 13:12,SM 4500-P F-2011,,00671,Secchi on bottom.,
FLAB17,FLAB,5/7/25,SAMP,MON,SA,G,,0.5,m,23,"PHOSPHATE, ORTHO AS P",OPO4,0.002,U,,-0.002,+/- 0.002,1,0.002,0.008,0.002,mg/L,3,Y,A,P158026-3,,0,0,,,,,,25.042469,80.914819,WMD,E46077,WMD,WMD,WMD,2,BA,NO,5/8/25 8:31,95009003,5/8/25 10:00,SM 4500-P F-2011,,00671,Secchi on bottom,
FLAB17,FLAB,7/10/25,SAMP,MON,SA,G,,0.5,m,23,"PHOSPHATE, ORTHO AS P",OPO4,0.002,U,,-0.002,+/- 0.002,1,0.002,0.008,0.002,mg/L,3,Y,A,P159507-3,,0,0,,,,,,25.042469,80.914819,WMD,E46077,WMD,WMD,WMD,2,BA,NO,7/11/25 9:57,95742003,7/11/25 12:48,SM 4500-P F-2011,,00671,Secchi visible on bottom,
FLAB17,FLAB,9/9/25,SAMP,MON,SA,G,,0.5,m,23,"PHOSPHATE, ORTHO AS P",OPO4,0.002,U,,0.002,,1,0.002,0.008,0.002,mg/L,,Y,P,P160871-3,,0,0,,,1.7,,,25.042469,-80.914819,,E46077,WMD,,,,BA,,9/10/25 8:53,96441003,9/10/25 13:09,SM 4500-P F-2011,,00671,secchi on bottom. sea grass on water surface avoided during sample collection,
FLAB17,FLAB,3/15/91,SAMP,MON,SA,G,,0,,25,"PHOSPHATE, TOTAL AS P",TPO4,0.016,,,0.016,,,,,,mg/L,3,N,A,FIU15661,,0,0,,,,,,25.042469,80.914819,,,FIU,FIU,,,,,,,,,,,,data of unverifiable quality as per DEP audit
FLAB17,FLAB,4/15/91,SAMP,MON,SA,G,,0,,25,"PHOSPHATE, TOTAL AS P",TPO4,0.027,,,0.027,,,,,,mg/L,3,N,A,FIU15662,,0,0,,,,,,25.042469,80.914819,,,FIU,FIU,,,,,,,,,,,,data of unverifiable quality as per DEP audit
FLAB17,FLAB,5/15/91,SAMP,MON,SA,G,,0,,25,"PHOSPHATE, TOTAL AS P",TPO4,0.018,,,0.018,,,,,,mg/L,3,N,A,FIU15665,,0,0,,,,,,25.042469,80.914819,,,FIU,FIU,,,,,,,,,,,,data of unverifiable quality as per DEP audit
FLAB17,FLAB,6/15/91,SAMP,MON,SA,G,,0,,25,"PHOSPHATE, TOTAL AS P",TPO4,0.015,,,0.015,,,,,,mg/L,3,N,A,FIU15666,,0,0,,,,,,25.042469,80.914819,,,FIU,FIU,,,,,,,,,,,,data of unverifiable quality as per DEP audit
FLAB17,FLAB,7/15/91,SAMP,MON,SA,G,,0,,25,"PHOSPHATE, TOTAL AS P",TPO4,0.015,,,0.015,,,,,,mg/L,3,N,A,FIU15668,,0,0,,,,,,25.042469,80.914819,,,FIU,FIU,,,,,,,,,,,,data of unverifiable quality as per DEP audit
FLAB17,FLAB,8/15/91,SAMP,MON,SA,G,,0,,25,"PHOSPHATE, TOTAL AS P",TPO4,0.022,,,0.022,,,,,,mg/L,3,N,A,FIU15671,,0,0,,,,,,25.042469,80.914819,,,FIU,FIU,,,,,,,,,,,,data of unverifiable quality as per DEP audit
FLAB17,FLAB,9/15/91,SAMP,MON,SA,G,,0,,25,"PHOSPHATE, TOTAL AS P",TPO4,0.025,,,0.025,,,,,,mg/L,3,N,A,FIU15672,,0,0,,,,,,25.042469,80.914819,,,FIU,FIU,,,,,,,,,,,,data of unverifiable quality as per DEP audit
FLAB17,FLAB,10/15/91,SAMP,MON,SA,G,,0,,25,"PHOSPHATE, TOTAL AS P",TPO4,0.024,,,0.024,,,,,,mg/L,3,N,A,FIU15675,,0,0,,,,,,25.042469,80.914819,,,FIU,FIU,,,,,,,,,,,,data of unverifiable quality as per DEP audit
FLAB17,FLAB,11/15/91,SAMP,MON,SA,G,,0,,25,"PHOSPHATE, TOTAL AS P",TPO4,0.015,,,0.015,,,,,,mg/L,3,N,A,FIU15676,,0,0,,,,,,25.042469,80.914819,,,FIU,FIU,,,,,,,,,,,,data of unverifiable quality as per DEP audit
FLAB17,FLAB,12/15/91,SAMP,MON,SA,G,,0,,25,"PHOSPHATE, TOTAL AS P",TPO4,0.019,,,0.019,,,,,,mg/L,3,N,A,FIU15679,,0,0,,,,,,25.042469,80.914819,,,FIU,FIU,,,,,,,,,,,,data of unverifiable quality as per DEP audit
FLAB17,FLAB,1/15/92,SAMP,MON,SA,G,,0,,25,"PHOSPHATE, TOTAL AS P",TPO4,0.015,,,0.015,,,,,,mg/L,3,N,A,FIU15680,,0,0,,,,,,25.042469,80.914819,,,FIU,FIU,,,,,,,,,,,,data of unverifiable quality as per DEP audit
FLAB17,FLAB,2/15/92,SAMP,MON,SA,G,,0,,25,"PHOSPHATE, TOTAL AS P",TPO4,0.021,,,0.021,,,,,,mg/L,3,N,A,FIU15682,,0,0,,,,,,25.042469,80.914819,,,FIU,FIU,,,,,,,,,,,,data of unverifiable quality as per DEP audit
FLAB17,FLAB,3/15/92,SAMP,MON,SA,G,,0,,25,"PHOSPHATE, TOTAL AS P",TPO4,0.018,,,0.018,,,,,,mg/L,3,N,A,FIU15685,,0,0,,,,,,25.042469,80.914819,,,FIU,FIU,,,,,,,,,,,,data of unverifiable quality as per DEP audit
FLAB17,FLAB,4/15/92,SAMP,MON,SA,G,,0,,25,"PHOSPHATE, TOTAL AS P",TPO4,0.016,,,0.016,,,,,,mg/L,3,N,A,FIU15686,,0,0,,,,,,25.042469,80.914819,,,FIU,FIU,,,,,,,,,,,,data of unverifiable quality as per DEP audit
FLAB17,FLAB,5/15/92,SAMP,MON,SA,G,,0,,25,"PHOSPHATE, TOTAL AS P",TPO4,0.017,,,0.017,,,,,,mg/L,3,N,A,FIU15688,,0,0,,,,,,25.042469,80.914819,,,FIU,FIU,,,,,,,,,,,,data of unverifiable quality as per DEP audit
FLAB17,FLAB,6/15/92,SAMP,MON,SA,G,,0,,25,"PHOSPHATE, TOTAL AS P",TPO4,0.021,,,0.021,,,,,,mg/L,3,N,A,FIU15690,,0,0,,,,,,25.042469,80.914819,,,FIU,FIU,,,,,,,,,,,,data of unverifiable quality as per DEP audit
FLAB17,FLAB,7/15/92,SAMP,MON,SA,G,,0,,25,"PHOSPHATE, TOTAL AS P",TPO4,0.024,,,0.024,,,,,,mg/L,3,N,A,FIU15692,,0,0,,,,,,25.042469,80.914819,,,FIU,FIU,,,,,,,,,,,,data of unverifiable quality as per DEP audit
FLAB17,FLAB,8/15/92,SAMP,MON,SA,G,,0,,25,"PHOSPHATE, TOTAL AS P",TPO4,0.024,,,0.024,,,,,,mg/L,3,N,A,FIU15694,,0,0,,,,,,25.042469,80.914819,,,FIU,FIU,,,,,,,,,,,,data of unverifiable quality as per DEP audit
FLAB17,FLAB,9/15/92,SAMP,MON,SA,G,,0,,25,"PHOSPHATE, TOTAL AS P",TPO4,0.008,,,0.008,,,,,,mg/L,3,N,A,FIU15697,,0,0,,,,,,25.042469,80.914819,,,FIU,FIU,,,,,,,,,,,,data of unverifiable quality as per DEP audit
FLAB17,FLAB,10/15/92,SAMP,MON,SA,G,,0,,25,"PHOSPHATE, TOTAL AS P",TPO4,0.03,,,0.03,,,,,,mg/L,3,N,A,FIU15699,,0,0,,,,,,25.042469,80.914819,,,FIU,FIU,,,,,,,,,,,,data of unverifiable quality as per DEP audit
FLAB17,FLAB,11/15/92,SAMP,MON,SA,G,,0,,25,"PHOSPHATE, TOTAL AS P",TPO4,0.016,,,0.016,,,,,,mg/L,3,N,A,FIU15701,,0,0,,,,,,25.042469,80.914819,,,FIU,FIU,,,,,,,,,,,,data of unverifiable quality as per DEP audit
FLAB17,FLAB,12/15/92,SAMP,MON,SA,G,,0,,25,"PHOSPHATE, TOTAL AS P",TPO4,0.043,,,0.043,,,,,,mg/L,3,N,A,FIU15703,,0,0,,,,,,25.042469,80.914819,,,FIU,FIU,,,,,,,,,,,,data of unverifiable quality as per DEP audit
FLAB17,FLAB,1/21/93,SAMP,MON,SA,G,,0,,25,"PHOSPHATE, TOTAL AS P",TPO4,0.022,,,0.022,,,,,,mg/L,3,N,A,FIU15704,,0,0,,,,,,25.042469,80.914819,,,FIU,FIU,,,,,,,,,,,,data of unverifiable quality as per DEP audit
FLAB17,FLAB,2/10/93,SAMP,MON,SA,G,,0,,25,"PHOSPHATE, TOTAL AS P",TPO4,0.021,,,0.021,,,,,,mg/L,3,N,A,FIU15705,,0,0,,,,,,25.042469,80.914819,,,FIU,FIU,,,,,,,,,,,,data of unverifiable quality as per DEP audit
FLAB17,FLAB,3/10/93,SAMP,MON,SA,G,,0,,25,"PHOSPHATE, TOTAL AS P",TPO4,0.014,,,0.014,,,,,,mg/L,3,N,A,FIU15706,,0,0,,,,,,25.042469,80.914819,,,FIU,FIU,,,,,,,,,,,,data of unverifiable quality as per DEP audit
FLAB17,FLAB,4/7/93,SAMP,MON,SA,G,,0,,25,"PHOSPHATE, TOTAL AS P",TPO4,0.039,,,0.039,,,,,,mg/L,3,N,A,FIU15707,,0,0,,,,,,25.042469,80.914819,,,FIU,FIU,,,,,,,,,,,,data of unverifiable quality as per DEP audit
FLAB17,FLAB,5/12/93,SAMP,MON,SA,G,,0,,25,"PHOSPHATE, TOTAL AS P",TPO4,0.018,,,0.018,,,,,,mg/L,3,N,A,FIU15708,,0,0,,,,,,25.042469,80.914819,,,FIU,FIU,,,,,,,,,,,,data of unverifiable quality as per DEP audit
FLAB17,FLAB,6/3/93,SAMP,MON,SA,G,,0,,25,"PHOSPHATE, TOTAL AS P",TPO4,0.013,,,0.013,,,,,,mg/L,3,N,A,FIU15709,,0,0,,,,,,25.042469,80.914819,,,FIU,FIU,,,,,,,,,,,,data of unverifiable quality as per DEP audit
FLAB17,FLAB,7/7/93,SAMP,MON,SA,G,,0,,25,"PHOSPHATE, TOTAL AS P",TPO4,0.02,,,0.02,,,,,,mg/L,3,N,A,FIU15710,,0,0,,,,,,25.042469,80.914819,,,FIU,FIU,,,,,,,,,,,,data of unverifiable quality as per DEP audit
FLAB17,FLAB,8/4/93,SAMP,MON,SA,G,,0,,25,"PHOSPHATE, TOTAL AS P",TPO4,0.019,,,0.019,,,,,,mg/L,3,N,A,FIU15711,,0,0,,,,,,25.042469,80.914819,,,FIU,FIU,,,,,,,,,,,,data of unverifiable quality as per DEP audit
FLAB17,FLAB,9/9/93,SAMP,MON,SA,G,,0,,25,"PHOSPHATE, TOTAL AS P",TPO4,0.008,,,0.008,,,,,,mg/L,3,N,A,FIU15712,,0,0,,,,,,25.042469,80.914819,,,FIU,FIU,,,,,,,,,,,,data of unverifiable quality as per DEP audit
FLAB17,FLAB,10/6/93,SAMP,MON,SA,G,,0,,25,"PHOSPHATE, TOTAL AS P",TPO4,0.026,,,0.026,,,,,,mg/L,3,N,A,FIU15713,,0,0,,,,,,25.042469,80.914819,,,FIU,FIU,,,,,,,,,,,,data of unverifiable quality as per DEP audit
FLAB17,FLAB,11/3/93,SAMP,MON,SA,G,,0,,25,"PHOSPHATE, TOTAL AS P",TPO4,0.013,,,0.013,,,,,,mg/L,3,N,A,FIU15714,,0,0,,,,,,25.042469,80.914819,,,FIU,FIU,,,,,,,,,,,,data of unverifiable quality as per DEP audit
FLAB17,FLAB,12/2/93,SAMP,MON,SA,G,,0,,25,"PHOSPHATE, TOTAL AS P",TPO4,0.028,,,0.028,,,,,,mg/L,3,N,A,FIU15715,,0,0,,,,,,25.042469,80.914819,,,FIU,FIU,,,,,,,,,,,,data of unverifiable quality as per DEP audit
FLAB17,FLAB,1/11/94,SAMP,MON,SA,G,,0,,25,"PHOSPHATE, TOTAL AS P",TPO4,0.018,,,0.018,,,,,,mg/L,3,N,A,FIU15716,,0,0,,,,,,25.042469,80.914819,,,FIU,FIU,,,,,,,,,,,,data of unverifiable quality as per DEP audit
FLAB17,FLAB,2/2/94,SAMP,MON,SA,G,,0,,25,"PHOSPHATE, TOTAL AS P",TPO4,0.043,,,0.043,,,,,,mg/L,3,N,A,FIU15717,,0,0,,,,,,25.042469,80.914819,,,FIU,FIU,,,,,,,,,,,,data of unverifiable quality as per DEP audit
FLAB17,FLAB,3/8/94,SAMP,MON,SA,G,,0,,25,"PHOSPHATE, TOTAL AS P",TPO4,0.021,,,0.021,,,,,,mg/L,3,N,A,FIU15718,,0,0,,,,,,25.042469,80.914819,,,FIU,FIU,,,,,,,,,,,,data of unverifiable quality as per DEP audit
FLAB17,FLAB,4/6/94,SAMP,MON,SA,G,,0,,25,"PHOSPHATE, TOTAL AS P",TPO4,0.0114,A,,0.011,,,,,,mg/L,3,N,A,FIU15719,,0,0,,,,,,25.042469,80.914819,,,FIU,FIU,,,,,,,,,,,,data of unverifiable quality as per DEP audit
FLAB17,FLAB,5/4/94,SAMP,MON,SA,G,,0,,25,"PHOSPHATE, TOTAL AS P",TPO4,0.0267,A,,0.027,,,,,,mg/L,3,N,A,FIU15721,,0,0,,,,,,25.042469,80.914819,,,FIU,FIU,,,,,,,,,,,,data of unverifiable quality as per DEP audit
FLAB17,FLAB,6/8/94,SAMP,MON,SA,G,,0,,25,"PHOSPHATE, TOTAL AS P",TPO4,0.0058,A,,0.006,,,,,,mg/L,3,N,A,FIU15723,,0,0,,,,,,25.042469,80.914819,,,FIU,FIU,,,,,,,,,,,,data of unverifiable quality as per DEP audit
FLAB17,FLAB,7/7/94,SAMP,MON,SA,G,,0,,25,"PHOSPHATE, TOTAL AS P",TPO4,0.0277,A,,0.028,,,,,,mg/L,3,N,A,FIU15725,,0,0,,,,,,25.042469,80.914819,,,FIU,FIU,,,,,,,,,,,,data of unverifiable quality as per DEP audit
FLAB17,FLAB,8/4/94,SAMP,MON,SA,G,,0,,25,"PHOSPHATE, TOTAL AS P",TPO4,0.0109,A,,0.011,,,,,,mg/L,3,N,A,FIU15727,,0,0,,,,,,25.042469,80.914819,,,FIU,FIU,,,,,,,,,,,,data of unverifiable quality as per DEP audit
FLAB17,FLAB,9/14/94,SAMP,MON,SA,G,,0,,25,"PHOSPHATE, TOTAL AS P",TPO4,0.0157,A,,0.016,,,,,,mg/L,3,N,A,FIU15729,,0,0,,,,,,25.042469,80.914819,,,FIU,FIU,,,,,,,,,,,,data of unverifiable quality as per DEP audit
FLAB17,FLAB,10/5/94,SAMP,MON,SA,G,,0,,25,"PHOSPHATE, TOTAL AS P",TPO4,0.0264,A,,0.026,,,,,,mg/L,3,N,A,FIU15731,,0,0,,,,,,25.042469,80.914819,,,FIU,FIU,,,,,,,,,,,,data of unverifiable quality as per DEP audit
FLAB17,FLAB,11/2/94,SAMP,MON,SA,G,,0,,25,"PHOSPHATE, TOTAL AS P",TPO4,0.0385,A,,0.038,,,,,,mg/L,3,N,A,FIU15733,,0,0,,,,,,25.042469,80.914819,,,FIU,FIU,,,,,,,,,,,,data of unverifiable quality as per DEP audit
FLAB17,FLAB,11/22/94,SAMP,MON,SA,G,,0,,25,"PHOSPHATE, TOTAL AS P",TPO4,0.0474,A,,0.047,,,,,,mg/L,3,N,A,FIU15735,,0,0,,,,,,25.042469,80.914819,,,FIU,FIU,,,,,,,,,,,,data of unverifiable quality as per DEP audit
FLAB17,FLAB,12/1/94,SAMP,MON,SA,G,,0,,25,"PHOSPHATE, TOTAL AS P",TPO4,0.0491,A,,0.049,,,,,,mg/L,3,N,A,FIU15737,,0,0,,,,,,25.042469,80.914819,,,FIU,FIU,,,,,,,,,,,,data of unverifiable quality as per DEP audit
FLAB17,FLAB,1/5/95,SAMP,MON,SA,G,,0,,25,"PHOSPHATE, TOTAL AS P",TPO4,0.047,,,0.047,,,,,,mg/L,3,N,A,FIU15739,,0,0,,,,,,25.042469,80.914819,,,FIU,FIU,,,,,,,,,,,,data of unverifiable quality as per DEP audit
FLAB17,FLAB,2/2/95,SAMP,MON,SA,G,,0,,25,"PHOSPHATE, TOTAL AS P",TPO4,0.0178,,,0.018,,,,,,mg/L,3,N,A,FIU15741,,0,0,,,,,,25.042469,80.914819,,,FIU,FIU,,,,,,,,,,,,data of unverifiable quality as per DEP audit
FLAB17,FLAB,3/1/95,SAMP,MON,SA,G,,0,,25,"PHOSPHATE, TOTAL AS P",TPO4,0.022,,,0.022,,,,,,mg/L,3,N,A,FIU15743,,0,0,,,,,,25.042469,80.914819,,,FIU,FIU,,,,,,,,,,,,data of unverifiable quality as per DEP audit
FLAB17,FLAB,4/19/95,SAMP,MON,SA,G,,0,,25,"PHOSPHATE, TOTAL AS P",TPO4,0.0198,,,0.02,,,,,,mg/L,3,N,A,FIU15745,,0,0,,,,,,25.042469,80.914819,,,FIU,FIU,,,,,,,,,,,,data of unverifiable quality as per DEP audit
FLAB17,FLAB,5/24/95,SAMP,MON,SA,G,,0,,25,"PHOSPHATE, TOTAL AS P",TPO4,0.0146,,,0.015,,,,,,mg/L,3,N,A,FIU15747,,0,0,,,,,,25.042469,80.914819,,,FIU,FIU,,,,,,,,,,,,data of unverifiable quality as per DEP audit
FLAB17,FLAB,6/21/95,SAMP,MON,SA,G,,0,,25,"PHOSPHATE, TOTAL AS P",TPO4,0.0533,,,0.053,,,,,,mg/L,3,N,A,FIU15749,,0,0,,,,,,25.042469,80.914819,,,FIU,FIU,,,,,,,,,,,,data of unverifiable quality as per DEP audit
FLAB17,FLAB,7/12/95,SAMP,MON,SA,G,,0,,25,"PHOSPHATE, TOTAL AS P",TPO4,0.016,,,0.016,,,,,,mg/L,3,N,A,FIU15751,,0,0,,,,,,25.042469,80.914819,,,FIU,FIU,,,,,,,,,,,,data of unverifiable quality as per DEP audit
FLAB17,FLAB,8/11/95,SAMP,MON,SA,G,,0,,25,"PHOSPHATE, TOTAL AS P",TPO4,0.0154,Q,Q,0.015,,,,,,mg/L,3,N,A,FIU15753,,0,0,,,,,,25.042469,80.914819,,,FIU,FIU,,,,,,,,,,,,data of unverifiable quality as per DEP audit
FLAB17,FLAB,9/6/95,SAMP,MON,SA,G,,0,,25,"PHOSPHATE, TOTAL AS P",TPO4,0.0195,,,0.02,,,,,,mg/L,3,N,A,FIU15755,,0,0,,,,,,25.042469,80.914819,,,FIU,FIU,,,,,,,,,,,,data of unverifiable quality as per DEP audit
FLAB17,FLAB,10/22/95,SAMP,MON,SA,G,,0,,25,"PHOSPHATE, TOTAL AS P",TPO4,0.0257,,,0.026,,,,,,mg/L,3,N,A,FIU15757,,0,0,,,,,,25.042469,80.914819,,,FIU,FIU,,,,,,,,,,,,data of unverifiable quality as per DEP audit
FLAB17,FLAB,11/17/95,SAMP,MON,SA,G,,0,,25,"PHOSPHATE, TOTAL AS P",TPO4,0.016,,,0.016,,,,,,mg/L,3,N,A,FIU15759,,0,0,,,,,,25.042469,80.914819,,,FIU,FIU,,,,,,,,,,,,data of unverifiable quality as per DEP audit
FLAB17,FLAB,12/14/95,SAMP,MON,SA,G,,0,,25,"PHOSPHATE, TOTAL AS P",TPO4,0.0221,,,0.022,,,,,,mg/L,3,N,A,FIU15761,,0,0,,,,,,25.042469,80.914819,,,FIU,FIU,,,,,,,,,,,,data of unverifiable quality as per DEP audit
FLAB17,FLAB,1/23/96,SAMP,MON,SA,G,,0,,25,"PHOSPHATE, TOTAL AS P",TPO4,0.0148,,,0.015,,,,,,mg/L,3,N,A,FIU15763,,0,0,,,,,,25.042469,80.914819,,,FIU,FIU,,,,,,,,,,,,data of unverifiable quality as per DEP audit
FLAB17,FLAB,2/12/96,SAMP,MON,SA,G,,0,,25,"PHOSPHATE, TOTAL AS P",TPO4,0.032,,,0.032,,,,,,mg/L,3,N,A,FIU15765,,0,0,,,,,,25.042469,80.914819,,,FIU,FIU,,,,,,,,,,,,data of unverifiable quality as per DEP audit
FLAB17,FLAB,3/22/96,SAMP,MON,SA,G,,0,,25,"PHOSPHATE, TOTAL AS P",TPO4,0.0133,,,0.013,,,,,,mg/L,3,N,A,FIU15767,,0,0,,,,,,25.042469,80.914819,,,FIU,FIU,,,,,,,,,,,,data of unverifiable quality as per DEP audit
FLAB17,FLAB,4/25/96,SAMP,MON,SA,G,,0,,25,"PHOSPHATE, TOTAL AS P",TPO4,0.0243,,,0.024,,,,,,mg/L,3,N,A,FIU15769,,0,0,,,,,,25.042469,80.914819,,,FIU,FIU,,,,,,,,,,,,data of unverifiable quality as per DEP audit
FLAB17,FLAB,5/10/96,SAMP,MON,SA,G,,0,,25,"PHOSPHATE, TOTAL AS P",TPO4,0.0308,,,0.031,,,,,,mg/L,3,N,A,FIU15771,,0,0,,,,,,25.042469,80.914819,,,FIU,FIU,,,,,,,,,,,,data of unverifiable quality as per DEP audit
FLAB17,FLAB,6/6/96,SAMP,MON,SA,G,,0,,25,"PHOSPHATE, TOTAL AS P",TPO4,0.0239,,,0.024,,,,,,mg/L,3,N,A,FIU15773,,0,0,,,,,,25.042469,80.914819,,,FIU,FIU,,,,,,,,,,,,data of unverifiable quality as per DEP audit
FLAB17,FLAB,7/5/96,SAMP,MON,SA,G,,0.1,,25,"PHOSPHATE, TOTAL AS P",TPO4,0.0281,,,0.028,,,,,,mg/L,3,N,A,FIU15775,,0,0,,,,,,25.042469,80.914819,,,FIU,FIU,,,,,,,,,,,,data of unverifiable quality as per DEP audit
FLAB17,FLAB,8/22/96,SAMP,MON,SA,G,,0.1,,25,"PHOSPHATE, TOTAL AS P",TPO4,0.0115,,,0.012,,,,,,mg/L,3,N,A,FIU15777,,0,0,,,,,,25.042469,80.914819,,,FIU,FIU,,,,,,,,,,,,data of unverifiable quality as per DEP audit
FLAB17,FLAB,9/14/96,SAMP,MON,SA,G,,0.1,,25,"PHOSPHATE, TOTAL AS P",TPO4,0.0113,,,0.011,,,,,,mg/L,3,N,A,FIU15779,,0,0,,,,,,25.042469,80.914819,,,FIU,FIU,,,,,,,,,,,,data of unverifiable quality as per DEP audit
FLAB17,FLAB,10/15/96,SAMP,MON,SA,G,,0.1,,25,"PHOSPHATE, TOTAL AS P",TPO4,0.0136,,,0.014,,,,,,mg/L,3,N,A,FIU15781,,0,0,,,,,,25.042469,80.914819,,,FIU,FIU,,,,,,,,,,,,data of unverifiable quality as per DEP audit
FLAB17,FLAB,11/7/96,SAMP,MON,SA,G,,0.1,,25,"PHOSPHATE, TOTAL AS P",TPO4,0.053,,,0.053,,,,,,mg/L,3,N,A,FIU15783,,0,0,,,,,,25.042469,80.914819,,,FIU,FIU,,,,,,,,,,,,data of unverifiable quality as per DEP audit
FLAB17,FLAB,12/6/96,SAMP,MON,SA,G,,0.1,,25,"PHOSPHATE, TOTAL AS P",TPO4,0.0185,,,0.018,,,,,,mg/L,3,N,A,FIU15785,,0,0,,,,,,25.042469,80.914819,,,FIU,FIU,,,,,,,,,,,,data of unverifiable quality as per DEP audit
FLAB17,FLAB,1/8/97,SAMP,MON,SA,G,,0.1,,25,"PHOSPHATE, TOTAL AS P",TPO4,0.0252,,,0.025,,,,,,mg/L,3,N,A,FIU15787,,0,0,,,,,,25.042469,80.914819,,,FIU,FIU,,,,,,,,,,,,data of unverifiable quality as per DEP audit
FLAB17,FLAB,2/15/97,SAMP,MON,SA,G,,0.1,,25,"PHOSPHATE, TOTAL AS P",TPO4,0.0174,,,0.017,,,,,,mg/L,3,N,A,FIU15789,,0,0,,,,,,25.042469,80.914819,,,FIU,FIU,,,,,,,,,,,,data of unverifiable quality as per DEP audit
FLAB17,FLAB,3/12/97,SAMP,MON,SA,G,,0.1,,25,"PHOSPHATE, TOTAL AS P",TPO4,0.0199,,,0.02,,,,,,mg/L,3,N,A,FIU15791,,0,0,,,,,,25.042469,80.914819,,,FIU,FIU,,,,,,,,,,,,
FLAB17,FLAB,4/16/97,SAMP,MON,SA,G,,0.1,,25,"PHOSPHATE, TOTAL AS P",TPO4,0.0137,,,0.014,,,,,,mg/L,3,N,A,FIU15793,,0,0,,,,,,25.042469,80.914819,,,FIU,FIU,,,,,,,,,,,,
FLAB17,FLAB,5/22/97,SAMP,MON,SA,G,,0.1,,25,"PHOSPHATE, TOTAL AS P",TPO4,0.0108,,,0.011,,,,,,mg/L,3,N,A,FIU15795,,0,0,,,,,,25.042469,80.914819,,,FIU,FIU,,,,,,,,,,,,
FLAB17,FLAB,6/12/97,SAMP,MON,SA,G,,0.1,,25,"PHOSPHATE, TOTAL AS P",TPO4,0.0122,,,0.012,,,,,,mg/L,3,N,A,FIU15797,,0,0,,,,,,25.042469,80.914819,,,FIU,FIU,,,,,,,,,,,,
FLAB17,FLAB,7/10/97,SAMP,MON,SA,G,,0.1,,25,"PHOSPHATE, TOTAL AS P",TPO4,0.0127,,,0.013,,,,,,mg/L,3,N,A,FIU15799,,0,0,,,,,,25.042469,80.914819,,,FIU,FIU,,,,,,,,,,,,
FLAB17,FLAB,8/19/97,SAMP,MON,SA,G,,0.1,,25,"PHOSPHATE, TOTAL AS P",TPO4,0.0205,,,0.02,,,,,,mg/L,3,N,A,FIU15800,,0,0,,,,,,25.042469,80.914819,,,FIU,FIU,,,,,,,,,,,,
FLAB17,FLAB,9/10/97,SAMP,MON,SA,G,,0.1,,25,"PHOSPHATE, TOTAL AS P",TPO4,0.01,,,0.01,,,,,,mg/L,3,N,A,FIU15802,,0,0,,,,,,25.042469,80.914819,,,FIU,FIU,,,,,,,,,,,,
FLAB17,FLAB,10/21/97,SAMP,MON,SA,G,,0.1,,25,"PHOSPHATE, TOTAL AS P",TPO4,0.0164,,,0.016,,,,,,mg/L,3,N,A,FIU15804,,0,0,,,,,,25.042469,80.914819,,,FIU,FIU,,,,,,,,,,,,
FLAB17,FLAB,11/25/97,SAMP,MON,SA,G,,0.1,,25,"PHOSPHATE, TOTAL AS P",TPO4,0.0106,,,0.011,,,,,,mg/L,3,N,A,FIU15806,,0,0,,,,,,25.042469,80.914819,,,FIU,FIU,,,,,,,,,,,,
FLAB17,FLAB,12/12/97,SAMP,MON,SA,G,,0.1,,25,"PHOSPHATE, TOTAL AS P",TPO4,0.01,,,0.01,,,,,,mg/L,3,N,A,FIU15808,,0,0,,,,,,25.042469,80.914819,,,FIU,FIU,,,,,,,,,,,,
FLAB17,FLAB,1/21/98,SAMP,MON,SA,G,,0.1,,25,"PHOSPHATE, TOTAL AS P",TPO4,0.0109,,,0.011,,,,,,mg/L,3,N,A,FIU15810,,0,0,,,,,,25.042469,80.914819,,,FIU,FIU,,,,,,,,,,,,
FLAB17,FLAB,2/18/98,SAMP,MON,SA,G,,0.1,,25,"PHOSPHATE, TOTAL AS P",TPO4,0.0144,,,0.014,,,,,,mg/L,3,N,A,FIU15812,,0,0,,,,,,25.042469,80.914819,,,FIU,FIU,,,,,,,,,,,,
FLAB17,FLAB,3/20/98,SAMP,MON,SA,G,,0.1,,25,"PHOSPHATE, TOTAL AS P",TPO4,0.0253,,,0.025,,,,,,mg/L,3,N,A,FIU15814,,0,0,,,,,,25.042469,80.914819,,,FIU,FIU,,,,,,,,,,,,
FLAB17,FLAB,4/15/98,SAMP,MON,SA,G,,0.1,,25,"PHOSPHATE, TOTAL AS P",TPO4,0.0136,,,0.014,,,,,,mg/L,3,N,A,FIU15816,,0,0,,,,,,25.042469,80.914819,,,FIU,FIU,,,,,,,,,,,,
FLAB17,FLAB,5/14/98,SAMP,MON,SA,G,,0.1,,25,"PHOSPHATE, TOTAL AS P",TPO4,0.014,,,0.014,,,,,,mg/L,3,N,A,FIU15818,,0,0,,,,,,25.042469,80.914819,,,FIU,FIU,,,,,,,,,,,,
FLAB17,FLAB,6/10/98,SAMP,MON,SA,G,,0.1,,25,"PHOSPHATE, TOTAL AS P",TPO4,0.0085,,,0.008,,,,,,mg/L,3,N,A,FIU15820,,0,0,,,,,,25.042469,80.914819,,,FIU,FIU,,,,,,,,,,,,
FLAB17,FLAB,7/14/98,SAMP,MON,SA,G,,0.1,,25,"PHOSPHATE, TOTAL AS P",TPO4,0.0129,,,0.013,,,,,,mg/L,3,N,A,FIU15822,,0,0,,,,,,25.042469,80.914819,,,FIU,FIU,,,,,,,,,,,,
FLAB17,FLAB,8/19/98,SAMP,MON,SA,G,,0.1,,25,"PHOSPHATE, TOTAL AS P",TPO4,0.0115,,,0.012,,,,,,mg/L,3,N,A,FIU15824,,0,0,,,,,,25.042469,80.914819,,,FIU,FIU,,,,,,,,,,,,
FLAB17,FLAB,9/17/98,SAMP,MON,SA,G,,0.1,,25,"PHOSPHATE, TOTAL AS P",TPO4,0.0129,,,0.013,,,,,,mg/L,3,N,A,FIU15826,,0,0,,,,,,25.042469,80.914819,,,FIU,FIU,,,,,,,,,,,,
FLAB17,FLAB,9/30/98,SAMP,MON,SA,G,,0.1,,25,"PHOSPHATE, TOTAL AS P",TPO4,0.0169,,,0.017,,,,,,mg/L,3,N,A,FIU15828,,0,0,,,,,,25.042469,80.914819,,,FIU,FIU,,,,,,,,,,,,
FLAB17,FLAB,11/3/98,SAMP,MON,SA,G,,0.1,,25,"PHOSPHATE, TOTAL AS P",TPO4,0.0135,,,0.014,,,,,,mg/L,3,N,A,FIU15830,,0,0,,,,,,25.042469,80.914819,,,FIU,FIU,,,,,,,,,,,,
FLAB17,FLAB,12/1/98,SAMP,MON,SA,G,,0.1,,25,"PHOSPHATE, TOTAL AS P",TPO4,0.0174,,,0.017,,,,,,mg/L,3,N,A,FIU15832,,0,0,,,,,,25.042469,80.914819,,,FIU,FIU,,,,,,,,,,,,
FLAB17,FLAB,1/14/99,SAMP,MON,SA,G,,0.1,,25,"PHOSPHATE, TOTAL AS P",TPO4,0.0128,,,0.013,,,,,,mg/L,3,N,A,FIU15834,,0,0,,,,,,25.042469,80.914819,,,FIU,FIU,,,,,,,,,,,,
FLAB17,FLAB,2/10/99,SAMP,MON,SA,G,,0.1,,25,"PHOSPHATE, TOTAL AS P",TPO4,0.0081,J,J,0.008,,,,,,mg/L,3,N,A,FIU15836,,0,0,,,,,,25.042469,80.914819,,,FIU,FIU,,,,,,,,,,,,
FLAB17,FLAB,3/23/99,SAMP,MON,SA,G,,0.1,,25,"PHOSPHATE, TOTAL AS P",TPO4,0.0071,,,0.007,,,,,,mg/L,3,N,A,FIU15838,,0,0,,,,,,25.042469,80.914819,,,FIU,FIU,,,,,,,,,,,,
FLAB17,FLAB,4/29/99,SAMP,MON,SA,G,,0.1,,25,"PHOSPHATE, TOTAL AS P",TPO4,0.0192,V,yes,0.019,,,,,,mg/L,3,N,A,FIU15840,,0,0,,,,,,25.042469,80.914819,,,FIU,FIU,,,,CA,,,,,,,,SAMPLE ASSOCIATED WITH POSITIVE EB.
FLAB17,FLAB,5/28/99,SAMP,MON,SA,G,,0.1,,25,"PHOSPHATE, TOTAL AS P",TPO4,0.0098,,,0.01,,,,,,mg/L,3,N,A,FIU15842,,0,0,,,,,,25.042469,80.914819,,,FIU,FIU,,,,,,,,,,,,
FLAB17,FLAB,6/17/99,SAMP,MON,SA,G,,0.1,,25,"PHOSPHATE, TOTAL AS P",TPO4,0.0064,V,yes,0.006,,,,,,mg/L,3,N,A,FIU15844,,0,0,,,,,,25.042469,80.914819,,,FIU,FIU,,,,CA,,,,,,,,SAMPLE ASSOCIATED WITH POSITIVE EB.
FLAB17,FLAB,7/6/99,SAMP,MON,SA,G,,0.1,,25,"PHOSPHATE, TOTAL AS P",TPO4,0.0153,V,yes,0.0153,,,0.0003,,,mg/L,3,N,A,FIU15847,,0,0,,,,,,25.042469,80.914819,,,FIU,FIU,,,,CA,,,,EPA365.1,,00665,,SAMPLE ASSOCIATED WITH POSITIVE EB.
FLAB17,FLAB,8/24/99,SAMP,MON,SA,G,,0.1,,25,"PHOSPHATE, TOTAL AS P",TPO4,0.0045,,,0.0045,,,0.0003,,,mg/L,3,N,A,FIU15849,,0,0,,,,,,25.042469,80.914819,,,FIU,FIU,,,,,,,,EPA365.1,,00665,,
FLAB17,FLAB,9/23/99,SAMP,MON,SA,G,,0.1,,25,"PHOSPHATE, TOTAL AS P",TPO4,0.0161,,,0.0161,,,0.00031,,,mg/L,3,N,A,FIU15851,,0,0,,,,,,25.042469,80.914819,,,FIU,FIU,,,,,,,,EPA365.1,,00665,,
FLAB17,FLAB,10/26/99,SAMP,MON,SA,G,,0.1,,25,"PHOSPHATE, TOTAL AS P",TPO4,0.0343,,,0.0343,,,0.00031,,,mg/L,3,N,A,FIU15853,,0,0,,,,,,25.042469,80.914819,,,FIU,FIU,,,,,,,,EPA365.1,,00665,,
FLAB17,FLAB,11/12/99,SAMP,MON,SA,G,,0.1,,25,"PHOSPHATE, TOTAL AS P",TPO4,0.0499,,,0.0499,,,0.00031,,,mg/L,3,N,A,FIU15856,,0,0,,,,,,25.042469,80.914819,,,FIU,FIU,,,,,,,,EPA365.1,,00665,,
FLAB17,FLAB,12/3/99,SAMP,MON,SA,G,,0.1,,25,"PHOSPHATE, TOTAL AS P",TPO4,0.0095,,,0.0095,,,0.00031,,,mg/L,3,N,A,FIU15859,,0,0,,,,,,25.042469,80.914819,,,FIU,FIU,,,,,,,,EPA365.1,,00665,,
FLAB17,FLAB,1/25/00,SAMP,MON,SA,G,,0.1,,25,"PHOSPHATE, TOTAL AS P",TPO4,0.018,,,0.018,,,0.00031,,,mg/L,3,N,A,FIU15862,,0,0,,,,,,25.042469,80.914819,,,FIU,FIU,,,,,,,,EPA365.1,,00665,,
FLAB17,FLAB,2/28/00,SAMP,MON,SA,G,,0.1,,25,"PHOSPHATE, TOTAL AS P",TPO4,0.008,,,0.008,,,0.00031,,,mg/L,3,N,A,FIU15865,,0,0,,,,,,25.042469,80.914819,,,FIU,FIU,,,,,,,,EPA365.1,,00665,,
FLAB17,FLAB,3/21/00,SAMP,MON,SA,G,,0.1,,25,"PHOSPHATE, TOTAL AS P",TPO4,0.0083,,,0.0083,,,0.00031,,,mg/L,3,N,A,FIU15868,,0,0,,,,,,25.042469,80.914819,,,FIU,FIU,,,,,,,,EPA365.1,,00665,,
FLAB17,FLAB,4/13/00,SAMP,MON,SA,G,,0.1,,25,"PHOSPHATE, TOTAL AS P",TPO4,0.014,,,0.014,,,0.00031,,,mg/L,3,N,A,FIU15871,,0,0,,,,,,25.042469,80.914819,,,FIU,FIU,,,,,,,,EPA365.1,,00665,,
FLAB17,FLAB,5/30/00,SAMP,MON,SA,G,,0.1,,25,"PHOSPHATE, TOTAL AS P",TPO4,0.0152,,,0.0152,,,0.00031,,,mg/L,3,N,A,FIU15873,,0,0,,,,,,25.042469,80.914819,,,FIU,FIU,,,,,,,,EPA365.1,,00665,,
FLAB17,FLAB,6/20/00,SAMP,MON,SA,G,,0.1,,25,"PHOSPHATE, TOTAL AS P",TPO4,0.014,,,0.014,,,0.00031,,,mg/L,3,N,A,FIU15875,,0,0,,,,,,25.042469,80.914819,,,FIU,FIU,,,,,,,,EPA365.1,,00665,,
FLAB17,FLAB,7/20/00,SAMP,MON,SA,G,,0.1,,25,"PHOSPHATE, TOTAL AS P",TPO4,0.0155,,,0.0155,,,0.0003,,,mg/L,3,N,A,FIU15877,,0,0,,,,,,25.042469,80.914819,,,FIU,FIU,,,,,,,,EPA365.1,,00665,,
FLAB17,FLAB,8/29/00,SAMP,MON,SA,G,,0.1,,25,"PHOSPHATE, TOTAL AS P",TPO4,0.0152,,,0.0152,,,0.0003,,,mg/L,3,N,A,FIU15879,,0,0,,,,,,25.042469,80.914819,,,FIU,FIU,,,,,,,,EPA365.1,,00665,,
FLAB17,FLAB,9/28/00,SAMP,MON,SA,G,,0.1,,25,"PHOSPHATE, TOTAL AS P",TPO4,0.0088,V,yes,0.0088,,,0.0003,,,mg/L,3,N,A,FIU15881,,0,0,,,,,,25.042469,80.914819,,,FIU,FIU,,,,CA,,,,EPA365.1,,00665,,SAMPLE ASSOCIATED WITH POSITIVE EB.
FLAB17,FLAB,10/26/00,SAMP,MON,SA,G,,0.1,,25,"PHOSPHATE, TOTAL AS P",TPO4,0.0092,,,0.0092,,,0.0003,,,mg/L,3,N,A,FIU15883,,0,0,,,,,,25.042469,80.914819,,,FIU,FIU,,,,,,,,EPA365.1,,00665,,
FLAB17,FLAB,11/30/00,SAMP,MON,SA,G,,0.1,,25,"PHOSPHATE, TOTAL AS P",TPO4,0.0224,,,0.0224,,,0.0003,,,mg/L,3,N,A,FIU15885,,0,0,,,,,,25.042469,80.914819,,,FIU,FIU,,,,,,,,EPA365.1,,00665,,
FLAB17,FLAB,12/11/00,SAMP,MON,SA,G,,0.1,,25,"PHOSPHATE, TOTAL AS P",TPO4,0.0427,,,0.0427,,,0.0003,,,mg/L,3,N,A,FIU15887,,0,0,,,,,,25.042469,80.914819,,,FIU,FIU,,,,,,,,EPA365.1,,00665,,
FLAB17,FLAB,1/25/01,SAMP,MON,SA,G,,0.1,,25,"PHOSPHATE, TOTAL AS P",TPO4,0.0273,,,0.0273,,,0.0003,,,mg/L,3,N,A,FIU15889,,0,0,,,,,,25.042469,80.914819,,,FIU,FIU,,,,,,,,EPA365.1,,00665,,
FLAB17,FLAB,2/21/01,SAMP,MON,SA,G,,0.1,,25,"PHOSPHATE, TOTAL AS P",TPO4,0.0163,,,0.0163,,,0.0003,,,mg/L,3,N,A,FIU15891,,0,0,,,,,,25.042469,80.914819,,,FIU,FIU,,,,,,,,EPA365.1,,00665,,
FLAB17,FLAB,3/6/01,SAMP,MON,SA,G,,0.1,,25,"PHOSPHATE, TOTAL AS P",TPO4,0.0284,,,0.0284,,,0.0003,,,mg/L,3,N,A,FIU15893,,0,0,,,,,,25.042469,80.914819,,,FIU,FIU,,,,,,,,EPA365.1,,00665,,
FLAB17,FLAB,4/3/01,SAMP,MON,SA,G,,0.1,,25,"PHOSPHATE, TOTAL AS P",TPO4,0.01,,,0.01,,,0.0003,,,mg/L,3,N,A,FIU15895,,0,0,,,,,,25.042469,80.914819,,,FIU,FIU,,,,,,,,EPA365.1,,00665,,
FLAB17,FLAB,5/2/01,SAMP,MON,SA,G,,0.1,,25,"PHOSPHATE, TOTAL AS P",TPO4,0.0084,,,0.0084,,,0.0003,,,mg/L,3,N,A,FIU15897,,0,0,,,,,,25.042469,80.914819,,,FIU,FIU,,,,,,,,EPA365.1,,00665,,
FLAB17,FLAB,6/5/01,SAMP,MON,SA,G,,0.1,,25,"PHOSPHATE, TOTAL AS P",TPO4,0.0074,,,0.0074,,,0.0003,,,mg/L,3,N,A,FIU110790,,0,0,,,,,,25.042469,80.914819,,,FIU,FIU,,,,,,,,EPA365.1,,00665,,
FLAB17,FLAB,7/12/01,SAMP,MON,SA,G,,0.1,,25,"PHOSPHATE, TOTAL AS P",TPO4,0.0113,,,0.0113,,,0.0003,,,mg/L,3,N,A,FIU15899,,0,0,,,,,,25.042469,80.914819,,,FIU,FIU,,,,,,,,EPA365.1,,00665,,
FLAB17,FLAB,8/14/01,SAMP,MON,SA,G,,0.1,,25,"PHOSPHATE, TOTAL AS P",TPO4,0.0076,,,0.0076,,,0.0003,,,mg/L,3,N,A,FIU15901,,0,0,,,,,,25.042469,80.914819,,,FIU,FIU,,,,,,,,EPA365.1,,00665,,
FLAB17,FLAB,9/5/01,SAMP,MON,SA,G,,0.1,,25,"PHOSPHATE, TOTAL AS P",TPO4,0.0076,,,0.0076,,,0.0003,,,mg/L,3,N,A,FIU15903,,0,0,,,,,,25.042469,80.914819,,,FIU,FIU,,,,,,,,EPA365.1,,00665,,
FLAB17,FLAB,10/23/01,SAMP,MON,SA,G,,0.1,,25,"PHOSPHATE, TOTAL AS P",TPO4,0.0081,,,0.0081,,,0.0003,,,mg/L,3,N,A,FIU110504,,0,0,,,,,,25.042469,80.914819,,,FIU,FIU,,,,,,128017,12/6/01 0:00,EPA365.1,,00665,,
FLAB17,FLAB,11/8/01,SAMP,MON,SA,G,,0.1,,25,"PHOSPHATE, TOTAL AS P",TPO4,0.0116,,,0.0116,,,0.0003,,,mg/L,3,N,A,FIU110506,,0,0,,,,,,25.042469,80.914819,,,FIU,FIU,,,,,,129017,12/14/01 0:00,EPA365.1,,00665,,
FLAB17,FLAB,12/3/01,SAMP,MON,SA,G,,0.1,,25,"PHOSPHATE, TOTAL AS P",TPO4,0.0068,,,0.0068,,,0.0003,,,mg/L,3,N,A,FIU110508,,0,0,,,,,,25.042469,80.914819,,,FIU,FIU,,,,,,130017,2/8/02 0:00,EPA365.1,,00665,,
FLAB17,FLAB,1/29/02,SAMP,MON,SA,G,,0.1,,25,"PHOSPHATE, TOTAL AS P",TPO4,0.0086,,,0.0086,,,0.0003,,,mg/L,3,N,A,FIU113136,,0,0,,,,,,25.042469,80.914819,,,FIU,FIU,,,,,,131017,2/22/02 0:00,EPA365.1,,00665,,
FLAB17,FLAB,2/20/02,SAMP,MON,SA,G,,0.1,,25,"PHOSPHATE, TOTAL AS P",TPO4,0.0104,,,0.0104,,,0.0003,,,mg/L,3,N,A,FIU113138,,0,0,,,,,,25.042469,80.914819,,,FIU,FIU,,,,,,132017,,EPA365.1,,00665,,
FLAB17,FLAB,3/19/02,SAMP,MON,SA,G,,0.1,,25,"PHOSPHATE, TOTAL AS P",TPO4,0.0081,,,0.0081,,,0.0003,,,mg/L,3,N,A,FIU113140,,0,0,,,,,,25.042469,80.914819,,,FIU,FIU,,,,,,133017,,EPA365.1,,00665,,
FLAB17,FLAB,4/9/02,SAMP,MON,SA,G,,0.1,,25,"PHOSPHATE, TOTAL AS P",TPO4,0.0121,,,0.0121,,,0.0003,,,mg/L,3,N,A,134017,,0,0,,,,,,25.042469,80.914819,,,FIU,FIU,,,,,,134017,5/10/02 0:00,EPA365.1,,665,,
FLAB17,FLAB,5/15/02,SAMP,MON,SA,G,,0.1,,25,"PHOSPHATE, TOTAL AS P",TPO4,0.02,,,0.02,,,0.0003,,,mg/L,3,N,A,135017,,0,0,,,,,,25.042469,80.914819,,,FIU,FIU,,,,,,135017,6/10/02 14:00,EPA365.1,,665,,
FLAB17,FLAB,6/4/02,SAMP,MON,SA,G,,0.1,,25,"PHOSPHATE, TOTAL AS P",TPO4,0.005,J3,yes,0.005,,,0.0003,,,mg/L,3,N,A,136017,,0,0,,,,,,25.042469,80.914819,,,FIU,FIU,,,,CA,,136017,7/1/02 15:00,EPA365.1,,665,,REVERSAL
FLAB17,FLAB,7/11/02,SAMP,MON,SA,G,,0.1,,25,"PHOSPHATE, TOTAL AS P",TPO4,0.0159,,,0.0159,,,0.0003,0.0012,,mg/L,3,N,A,137017,,0,0,,,,,,25.042469,80.914819,,,FIU,FIU,,,,,,137017,7/18/02 9:00,EPA365.1,,665,,
FLAB17,FLAB,8/19/02,SAMP,MON,SA,G,,0.1,,25,"PHOSPHATE, TOTAL AS P",TPO4,0.008,,,0.008,,,0.0003,0.0012,,mg/L,3,N,A,138017,,0,0,,,,,,25.042469,80.914819,,,FIU,FIU,,,,,,138017,8/30/02 10:00,EPA365.1,,00665,,
FLAB17,FLAB,9/17/02,SAMP,MON,SA,G,,0.1,,25,"PHOSPHATE, TOTAL AS P",TPO4,0.0212,,,0.0212,,,0.0003,0.0012,,mg/L,3,N,A,139017,,0,0,,,,,,25.042469,80.914819,,,FIU,FIU,,,,,,139017,10/24/02 9:00,EPA365.1,,00665,,
FLAB17,FLAB,10/17/02,SAMP,MON,SA,G,,0.1,,25,"PHOSPHATE, TOTAL AS P",TPO4,0.0337,,,0.0337,,,0.0003,0.0012,,mg/L,3,N,A,140017,,0,0,,,,,,25.042469,80.914819,,,FIU,FIU,,,,,,140017,12/6/02 9:00,EPA365.1,,00665,,
FLAB17,FLAB,11/14/02,SAMP,MON,SA,G,,0.1,,25,"PHOSPHATE, TOTAL AS P",TPO4,0.0101,,,0.0101,,,0.0003,0.0012,,mg/L,3,N,A,141017,,0,0,,,,,,25.042469,80.914819,,,FIU,FIU,,,,,,141017,1/15/03 12:00,EPA365.1,,00665,,
FLAB17,FLAB,12/11/02,SAMP,MON,SA,G,,0.1,,25,"PHOSPHATE, TOTAL AS P",TPO4,0.0085,,,0.0085,,,0.0003,0.0012,,mg/L,3,N,A,142017,,0,0,,,,,,25.042469,80.914819,,,FIU,FIU,,,,,,142017,1/16/03 12:00,EPA365.1,,00665,,
FLAB17,FLAB,1/28/03,SAMP,MON,SA,G,,0.1,,25,"PHOSPHATE, TOTAL AS P",TPO4,0.0062,,,0.0062,,,0.0003,0.0012,,mg/L,3,N,A,143017,,0,0,,,,,,25.042469,80.914819,,,FIU,FIU,,,,,,143017,2/14/03 12:45,EPA365.1,,00665,,
FLAB17,FLAB,2/25/03,SAMP,MON,SA,G,,0.1,,25,"PHOSPHATE, TOTAL AS P",TPO4,0.011,,,0.011,,,0.0003,0.0012,,mg/L,3,N,A,144017,,0,0,,,,,,25.042469,80.914819,,,FIU,FIU,,,,,,144017,3/21/03 9:00,EPA365.1,,00665,,
FLAB17,FLAB,3/13/03,SAMP,MON,SA,G,,0.1,,25,"PHOSPHATE, TOTAL AS P",TPO4,0.0054,,,0.0054,,,0.0003,0.0012,,mg/L,3,N,A,145017,,0,0,,,,,,25.042469,80.914819,,,FIU,FIU,,,,,,145017,3/31/03 12:30,EPA365.1,,00665,,
FLAB17,FLAB,4/9/03,SAMP,MON,SA,G,,0.1,,25,"PHOSPHATE, TOTAL AS P",TPO4,0.0146,,,0.0146,,,0.0003,0.0012,,mg/L,3,N,A,146017,,0,0,,,,,,25.042469,80.914819,,,FIU,FIU,,,,,,146017,5/12/03 12:30,EPA365.1,,665,,
FLAB17,FLAB,5/8/03,SAMP,MON,SA,G,,0.1,,25,"PHOSPHATE, TOTAL AS P",TPO4,0.0083,,,0.0083,,,0.0003,0.0012,,mg/L,3,N,A,147017,,0,0,,,,,,25.042469,80.914819,,,FIU,FIU,,,,,,147017,6/5/03 11:19,EPA365.1,,665,,
FLAB17,FLAB,6/10/03,SAMP,MON,SA,G,,0.1,,25,"PHOSPHATE, TOTAL AS P",TPO4,0.0078,,,0.0078,,,0.0003,0.0012,,mg/L,3,N,A,148017,,0,0,,,,,,25.042469,80.914819,,,FIU,FIU,,,,,,148017,7/10/03 10:45,EPA365.1,,665,,
FLAB17,FLAB,7/1/03,SAMP,MON,SA,G,,0.1,,25,"PHOSPHATE, TOTAL AS P",TPO4,0.0108,,,0.0108,,,0.0003,0.0012,,mg/L,3,N,A,149017,,0,0,,,,,,25.042469,80.914819,,,FIU,FIU,,,,,,149017,7/30/03 12:42,EPA365.1,,665,,
FLAB17,FLAB,8/25/03,SAMP,MON,SA,G,,0.1,,25,"PHOSPHATE, TOTAL AS P",TPO4,0.0057,,,0.0057,,,0.0003,0.0012,,mg/L,3,N,A,150017,,0,0,,,,,,25.042469,80.914819,,,FIU,FIU,,,,,,150017,9/16/03 14:12,EPA365.1,,665,,
FLAB17,FLAB,9/9/03,SAMP,MON,SA,G,,0.1,,25,"PHOSPHATE, TOTAL AS P",TPO4,0.0042,,,0.0042,,,0.0003,0.0012,,mg/L,3,N,A,151017,,0,0,,,,,,25.042469,80.914819,,,FIU,FIU,,,,,,151017,9/22/03 11:06,EPA365.1,,665,,
FLAB17,FLAB,10/15/03,SAMP,MON,SA,G,,0.1,,25,"PHOSPHATE, TOTAL AS P",TPO4,0.0105,,,0.0105,,,0.0003,0.0012,,mg/L,3,N,A,152017,,0,0,,,,,,25.042469,80.914819,,,FIU,FIU,,,,,,152017,11/4/03 10:43,EPA365.1,,665,,
FLAB17,FLAB,11/7/03,SAMP,MON,SA,G,,0.1,,25,"PHOSPHATE, TOTAL AS P",TPO4,0.0094,,,0.0094,,,0.0003,0.0012,,mg/L,3,N,A,153017,,0,0,,,,,,25.042469,80.914819,,,FIU,FIU,,,,,,153017,11/19/03 9:13,EPA365.1,,665,,
FLAB17,FLAB,12/3/03,SAMP,MON,SA,G,,0.1,,25,"PHOSPHATE, TOTAL AS P",TPO4,0.0117,,,0.0117,,,0.0003,0.0012,,mg/L,3,N,A,154017,,0,0,,,,,,25.042469,80.914819,,,FIU,FIU,,,,,,154017,12/11/03 12:34,EPA365.1,,665,,
FLAB17,FLAB,1/21/04,SAMP,MON,SA,G,,0.1,,25,"PHOSPHATE, TOTAL AS P",TPO4,0.0066,,,0.0066,,,0.0006,0.0031,,mg/L,3,N,A,155017,,0,0,,,,,,25.042469,80.914819,,,FIU,FIU,,,,,,155017,2/5/04 12:29,EPA365.1,,665,,
FLAB17,FLAB,2/24/04,SAMP,MON,SA,G,,0.1,,25,"PHOSPHATE, TOTAL AS P",TPO4,0.0057,,,0.0057,,,0.0006,0.0031,,mg/L,3,N,A,156017,,0,0,,,,,,25.042469,80.914819,,,FIU,FIU,,,,,,156017,3/5/04 10:30,EPA365.1,,665,,
FLAB17,FLAB,3/23/04,SAMP,MON,SA,G,,0.1,,25,"PHOSPHATE, TOTAL AS P",TPO4,0.0074,,,0.0074,,,0.0006,0.0031,,mg/L,3,N,A,157017,,0,0,,,,,,25.042469,80.914819,,,FIU,FIU,,,,,,157017,4/2/04 11:36,EPA365.1,,665,,
FLAB17,FLAB,4/21/04,SAMP,MON,SA,G,,0.1,,25,"PHOSPHATE, TOTAL AS P",TPO4,0.0051,,,0.0051,,,0.0006,0.0031,,mg/L,3,N,A,158017,,0,0,,,,,,25.042469,80.914819,,,FIU,FIU,,,,,,158017,5/3/04 10:03,EPA365.1,,665,,
FLAB17,FLAB,5/21/04,SAMP,MON,SA,G,,0.1,,25,"PHOSPHATE, TOTAL AS P",TPO4,0.0079,,,0.0079,,,0.0006,0.0031,,mg/L,3,N,A,159017,,0,0,,,,,,25.042469,80.914819,,,FIU,FIU,,,,,,159017,6/4/04 11:46,EPA365.1,,665,,
FLAB17,FLAB,6/28/04,SAMP,MON,SA,G,,0.1,,25,"PHOSPHATE, TOTAL AS P",TPO4,0.009,,,0.009,,,0.0006,0.0031,,mg/L,3,N,A,160017,,0,0,,,,,,25.042469,80.914819,,,FIU,FIU,,,,,,160017,7/9/04 11:33,EPA365.1,,665,,
FLAB17,FLAB,7/27/04,SAMP,MON,SA,G,,0.1,,25,"PHOSPHATE, TOTAL AS P",TPO4,0.006,,,0.006,,,0.0006,0.0031,,mg/L,3,N,A,161017,,0,0,,,,,,25.042469,80.914819,,,FIU,FIU,,,,,,161017,8/5/04 9:56,EPA365.1,,665,,
FLAB17,FLAB,8/24/04,SAMP,MON,SA,G,,0.1,,25,"PHOSPHATE, TOTAL AS P",TPO4,0.0052,,,0.0052,,,0.0006,0.0031,,mg/L,3,N,A,162017,,0,0,,,,,,25.042469,80.914819,,,FIU,FIU,,,,,,162017,9/10/04 8:42,EPA365.1,,665,,
FLAB17,FLAB,9/28/04,SAMP,MON,SA,G,,0.1,,25,"PHOSPHATE, TOTAL AS P",TPO4,0.0047,,,0.0047,,,0.0006,0.0031,,mg/L,3,N,A,163017,,0,0,,,,,,25.042469,80.914819,,,FIU,FIU,,,,,,163017,10/8/04 10:23,EPA365.1,,665,,
FLAB17,FLAB,10/26/04,SAMP,MON,SA,G,,0.1,,25,"PHOSPHATE, TOTAL AS P",TPO4,0.0061,,,0.0061,,,0.0006,0.0031,,mg/L,3,N,A,164017,,0,0,,,,,,25.042469,80.914819,,,FIU,FIU,,,,,,164017,11/8/04 10:03,EPA365.1,,665,,
FLAB17,FLAB,11/29/04,SAMP,MON,SA,G,,0.1,,25,"PHOSPHATE, TOTAL AS P",TPO4,0.0061,,,0.0061,,,0.0006,0.0031,,mg/L,3,N,A,165017,,0,0,,,,,,25.042469,80.914819,,,FIU,FIU,,,,,,165017,12/9/04 11:29,EPA365.1,,665,,
FLAB17,FLAB,12/14/04,SAMP,MON,SA,G,,0.1,,25,"PHOSPHATE, TOTAL AS P",TPO4,0.0069,,,0.0069,,,0.0006,0.0031,,mg/L,3,N,A,166017,,0,0,,,,,,25.042469,80.914819,,,FIU,FIU,,,,,,166017,1/3/05 11:49,EPA365.1,,665,,
FLAB17,FLAB,10/9/06,SAMP,MON,SA,G,,0,,25,"PHOSPHATE, TOTAL AS P",TPO4,0.01604,Y,yes,0.01604,,1,0.00124,0.0031,,mg/L,3,N,A,FB188FB017UA,,0,0,,,,,,25.042469,80.914819,FIU,E76930,FIU,WMD,WMD,2,BA,CA,,AB64795,10/19/06 10:34,EPA 365.1 (TP),,665,,
FLAB17,FLAB,10/9/06,SAMP,MON,SA,G,,0,,25,"PHOSPHATE, TOTAL AS P",TPO4,0.0152,Y,yes,0.0152,,1,0.00124,0.0031,,mg/L,3,N,A,FB188FB017UB,,0,0,,,,,,25.042469,80.914819,FIU,E76930,FIU,WMD,WMD,2,BA,CA,,AB64796,10/19/06 10:34,EPA 365.1 (TP),,665,,
FLAB17,FLAB,11/7/06,SAMP,MON,SA,G,,0,,25,"PHOSPHATE, TOTAL AS P",TPO4,0.01122,"J5,Y",yes,0.01122,,1,0.00124,0.0031,,mg/L,3,N,A,FB189FB017UB,,0,0,,,,,,25.042469,80.914819,FIU,E76930,FIU,WMD,WMD,2,BA,CA,,AB70877,11/21/06 9:52,EPA 365.1 (TP),,665,,Exceded Batch Size Exceded Batch Size
FLAB17,FLAB,11/7/06,SAMP,MON,SA,G,,0,,25,"PHOSPHATE, TOTAL AS P",TPO4,0.01079,"J5,Y",yes,0.01079,,1,0.00124,0.0031,,mg/L,3,N,A,FB189FB017UA,,0,0,,,,,,25.042469,80.914819,FIU,E76930,FIU,WMD,WMD,2,BA,CA,,AB70876,11/21/06 9:52,EPA 365.1 (TP),,665,,Exceded Batch Size Exceded Batch Size
FLAB17,FLAB,12/3/06,SAMP,MON,SA,G,,0,,25,"PHOSPHATE, TOTAL AS P",TPO4,0.00942,"J5,J,Y",yes,0.00942,,1,0.00124,0.0031,,mg/L,3,N,A,FB190FB017UA,,0,0,,,,,,25.042469,80.914819,FIU,E76930,FIU,WMD,WMD,2,BA,CA,,AB72196,12/11/06 12:51,EPA 365.1 (TP),,665,,Target analyte was found in EB;Exceded Batch Size Exceded Batch Size
FLAB17,FLAB,12/3/06,SAMP,MON,SA,G,,0,,25,"PHOSPHATE, TOTAL AS P",TPO4,0.00897,"J5,J,Y",yes,0.00897,,1,0.00124,0.0031,,mg/L,3,N,A,FB190FB017UB,,0,0,,,,,,25.042469,80.914819,FIU,E76930,FIU,WMD,WMD,2,BA,CA,,AB72197,12/11/06 12:51,EPA 365.1 (TP),,665,,Target analyte was found in EB;Exceded Batch Size Exceded Batch Size
FLAB17,FLAB,1/11/07,SAMP,MON,SA,G,,0,,25,"PHOSPHATE, TOTAL AS P",TPO4,0.01365,"A,Y",yes,0.01365,,1,0.00124,0.0031,,mg/L,3,N,A,FB191FB017UB,,0,0,,,,,,25.042469,80.914819,FIU,E76930,FIU,WMD,WMD,2,BA,CA,,AB74853,1/26/07 12:32,EPA 365.1 (TP),,665,,
FLAB17,FLAB,1/11/07,SAMP,MON,SA,G,,0,,25,"PHOSPHATE, TOTAL AS P",TPO4,0.01752,"A,Y",yes,0.01752,,1,0.00124,0.0031,,mg/L,3,N,A,FB191FB017UA,,0,0,,,,,,25.042469,80.914819,FIU,E76930,FIU,WMD,WMD,2,BA,CA,,AB74852,1/26/07 12:32,EPA 365.1 (TP),,665,,
FLAB17,FLAB,2/7/07,SAMP,MON,SA,G,,0,,25,"PHOSPHATE, TOTAL AS P",TPO4,0.00782,"A,J5,Y",yes,0.00782,,1,0.00124,0.0031,,mg/L,3,N,A,FB192FB017UA,,0,0,,,,,,25.042469,80.914819,FIU,E76930,FIU,WMD,WMD,2,BA,CA,,AB76750,2/19/07 10:21,EPA 365.1 (TP),,665,,Exceded Batch Size Exceded Batch Size
FLAB17,FLAB,2/7/07,SAMP,MON,SA,G,,0,,25,"PHOSPHATE, TOTAL AS P",TPO4,0.00839,"A,J5,Y",yes,0.00839,,1,0.00124,0.0031,,mg/L,3,N,A,FB192FB017UB,,0,0,,,,,,25.042469,80.914819,FIU,E76930,FIU,WMD,WMD,2,BA,CA,,AB76751,2/19/07 10:21,EPA 365.1 (TP),,665,,Exceded Batch Size Exceded Batch Size
FLAB17,FLAB,3/12/07,SAMP,MON,SA,G,,0,,25,"PHOSPHATE, TOTAL AS P",TPO4,0.01139,"A,J5,Y",yes,0.01139,,1,0.00124,0.0031,,mg/L,3,N,A,FB193FB017UB,,0,0,,,,,,25.042469,80.914819,FIU,E76930,FIU,WMD,WMD,2,BA,CA,,AB78001,3/28/07 9:53,EPA 365.1 (TP),,665,,Exceded Batch Size Exceded Batch Size
FLAB17,FLAB,3/12/07,SAMP,MON,SA,G,,0,,25,"PHOSPHATE, TOTAL AS P",TPO4,0.01214,"A,J5,Y",yes,0.01214,,1,0.00124,0.0031,,mg/L,3,N,A,FB193FB017UA,,0,0,,,,,,25.042469,80.914819,FIU,E76930,FIU,WMD,WMD,2,BA,CA,,AB78000,3/28/07 9:53,EPA 365.1 (TP),,665,,Exceded Batch Size Exceded Batch Size
FLAB17,FLAB,4/3/07,SAMP,MON,SA,G,,0,,25,"PHOSPHATE, TOTAL AS P",TPO4,0.02785,"J5,Y",yes,0.02785,,1,0.00124,0.0031,,mg/L,3,N,A,FB194FB017UB,,0,0,,,,,,25.042469,80.914819,FIU,E76930,FIU,WMD,WMD,2,BA,CA,,AB79026,4/13/07 10:56,EPA 365.1,,665,,Exceded Batch Size Exceded Batch Size
FLAB17,FLAB,4/3/07,SAMP,MON,SA,G,,0,,25,"PHOSPHATE, TOTAL AS P",TPO4,0.02753,"J5,Y",yes,0.02753,,1,0.00124,0.0031,,mg/L,3,N,A,FB194FB017UA,,0,0,,,,,,25.042469,80.914819,FIU,E76930,FIU,WMD,WMD,2,BA,CA,,AB79025,4/13/07 10:56,EPA 365.1,,665,,Exceded Batch Size Exceded Batch Size
FLAB17,FLAB,5/1/07,SAMP,MON,SA,G,,0,,25,"PHOSPHATE, TOTAL AS P",TPO4,0.01239,"J5,Y",yes,0.01239,,1,0.00124,0.0031,,mg/L,3,N,A,FB195FB017UA,,0,0,,,,,,25.042469,80.914819,FIU,E76930,FIU,WMD,WMD,2,BA,CA,,AB82086,5/15/07 10:06,EPA 365.1,,665,,Exceded Batch Size Exceded Batch Size
FLAB17,FLAB,5/1/07,SAMP,MON,SA,G,,0,,25,"PHOSPHATE, TOTAL AS P",TPO4,0.01773,"J5,Y",yes,0.01773,,1,0.00124,0.0031,,mg/L,3,N,A,FB195FB017UB,,0,0,,,,,,25.042469,80.914819,FIU,E76930,FIU,WMD,WMD,2,BA,CA,,AB82087,5/15/07 10:06,EPA 365.1,,665,,Exceded Batch Size Exceded Batch Size
FLAB17,FLAB,6/6/07,SAMP,MON,SA,G,,0,,25,"PHOSPHATE, TOTAL AS P",TPO4,0.06677,Y,yes,0.06677,,1,0.00124,0.0031,,mg/L,3,N,A,FB196FB017UA,,0,0,,,,,,25.042469,80.914819,FIU,E76930,FIU,WMD,WMD,2,BA,CA,,ab83985,6/25/07 14:15,EPA 365.1,,665,,
FLAB17,FLAB,6/6/07,SAMP,MON,SA,G,,0,,25,"PHOSPHATE, TOTAL AS P",TPO4,0.06118,Y,yes,0.06118,,1,0.00124,0.0031,,mg/L,3,N,A,FB196FB017UB,,0,0,,,,,,25.042469,80.914819,FIU,E76930,FIU,WMD,WMD,2,BA,CA,,ab83986,6/25/07 14:15,EPA 365.1,,665,,
FLAB17,FLAB,7/3/07,SAMP,MON,SA,G,,0,,25,"PHOSPHATE, TOTAL AS P",TPO4,0.01,"A,Y",yes,0.01,,1,0.00124,0.0031,,mg/L,3,N,A,FB197FB017UB,,0,0,,,,,,25.042469,80.914819,FIU,E76930,FIU,WMD,WMD,2,BA,CA,,AB85565,7/18/07 10:07,EPA 365.1 (TP),,665,,
FLAB17,FLAB,7/3/07,SAMP,MON,SA,G,,0,,25,"PHOSPHATE, TOTAL AS P",TPO4,0.01,"A,Y",yes,0.01,,1,0.00124,0.0031,,mg/L,3,N,A,FB197FB017UA,,0,0,,,,,,25.042469,80.914819,FIU,E76930,FIU,WMD,WMD,2,BA,CA,,AB85564,7/18/07 10:07,EPA 365.1 (TP),,665,,
FLAB17,FLAB,8/7/07,SAMP,MON,SA,G,,0,,25,"PHOSPHATE, TOTAL AS P",TPO4,0.00866,"A,Y",yes,0.00866,,1,0.00124,0.0031,,mg/L,3,N,A,FB198FB017UA,,0,0,,,,,,25.042469,80.914819,FIU,E76930,FIU,WMD,WMD,2,BA,CA,,AB89021,8/21/07 13:33,EPA 365.1 (TP),,665,,
FLAB17,FLAB,8/7/07,SAMP,MON,SA,G,,0,,25,"PHOSPHATE, TOTAL AS P",TPO4,0.00791,"A,Y",yes,0.00791,,1,0.00124,0.0031,,mg/L,3,N,A,FB198FB017UB,,0,0,,,,,,25.042469,80.914819,FIU,E76930,FIU,WMD,WMD,2,BA,CA,,AB89022,8/21/07 13:33,EPA 365.1 (TP),,665,,
FLAB17,FLAB,9/5/07,SAMP,MON,SA,G,,0,,25,"PHOSPHATE, TOTAL AS P",TPO4,0.00812,"A,J,Y",yes,0.00812,,1,0.00124,0.0031,,mg/L,3,N,A,FB199FB017UA,,0,0,,,,,,25.042469,80.914819,FIU,E76930,FIU,WMD,WMD,2,BA,CA,,AB90692,9/24/07 9:59,EPA 365.1 (TP),,665,,Matrix Spike Recovery Outside of Control Limits.; 
FLAB17,FLAB,9/5/07,SAMP,MON,SA,G,,0,,25,"PHOSPHATE, TOTAL AS P",TPO4,0.00642,"A,J,Y",yes,0.00642,,1,0.00124,0.0031,,mg/L,3,N,A,FB199FB017UB,,0,0,,,,,,25.042469,80.914819,FIU,E76930,FIU,WMD,WMD,2,BA,CA,,AB90693,9/24/07 9:59,EPA 365.1 (TP),,665,,Matrix Spike Recovery Outside of Control Limits.; 
FLAB17,FLAB,10/4/07,SAMP,MON,SA,G,,0,,25,"PHOSPHATE, TOTAL AS P",TPO4,0.01441,"A,Y",yes,0.01441,,1,0.00124,0.0031,,mg/L,3,N,A,FB200FB017,,0,0,,,,,,25.042469,80.914819,FIU,E76930,FIU,WMD,WMD,2,BA,CA,,AB92293,10/22/07 11:13,EPA 365.1 (TP),,665,,
FLAB17,FLAB,11/6/07,SAMP,MON,SA,G,,0,,25,"PHOSPHATE, TOTAL AS P",TPO4,0.01061,"A,J,J5,Y",yes,0.01061,,1,0.00124,0.0031,,mg/L,3,N,A,FB201FB017,,0,0,,,,,,25.042469,80.914819,FIU,E76930,FIU,WMD,WMD,2,BA,CA,,ab93887,11/20/07 13:14,EPA 365.1 (TP),,665,,Matrix Spike Recovery Outside of Control Limits.; %R Failure   Missing LCS
FLAB17,FLAB,12/7/07,SAMP,MON,SA,G,,0,,25,"PHOSPHATE, TOTAL AS P",TPO4,0.01053,"A,Y",yes,0.01053,,1,0.00124,0.0031,,mg/L,3,N,A,FB202FB017,,0,0,,,,,,25.042469,80.914819,FIU,E76930,FIU,WMD,WMD,2,BA,CA,,AB94305,12/19/07 11:12,EPA 365.1 (TP),,665,,
FLAB17,FLAB,1/9/08,SAMP,MON,SA,G,,0,,25,"PHOSPHATE, TOTAL AS P",TPO4,0.01161,Y,yes,0.01161,,1,0.00186,0.0031,,mg/L,3,N,A,FB203FB017,,0,0,,,,,,25.042469,80.914819,FIU,E76930,FIU,WMD,WMD,2,BA,CA,,ab95216,1/22/08 14:57,EPA 365.1,,665,,
FLAB17,FLAB,1/9/08,SAMP,MON,SA,G,,0,,25,"PHOSPHATE, TOTAL AS P",TPO4,0.00863,"J,Y",yes,0.00863,,1,0.00186,0.0031,,mg/L,3,N,A,FB203FB017B,,0,0,,,,,,25.042469,80.914819,FIU,E76930,FIU,WMD,WMD,2,BA,CA,,ab95216_B,1/22/08 14:57,EPA 365.1,,665,,Sampling to Analysis Holding Time Exceeded.
FLAB17,FLAB,2/8/08,SAMP,MON,SA,G,,0,,25,"PHOSPHATE, TOTAL AS P",TPO4,0.01016,"J,Y",yes,0.01016,,1,0.00186,0.0031,,mg/L,3,N,A,FB204FB017,,0,0,,,,,,25.042469,80.914819,FIU,E76930,FIU,WMD,WMD,2,BA,CA,,AB95732,2/27/08 14:17,EPA 365.1,,665,,Target analyte was found in EB;
FLAB17,FLAB,2/8/08,SAMP,MON,SA,G,,0,,25,"PHOSPHATE, TOTAL AS P",TPO4,0.0105,"J,Y",yes,0.0105,,1,0.00186,0.0031,,mg/L,3,N,A,FB204FB017B,,0,0,,,,,,25.042469,80.914819,FIU,E76930,FIU,WMD,WMD,2,BA,CA,,AB95732_B,2/27/08 14:17,EPA 365.1,,665,Measurements done close to the bottom.,Sampling to Analysis Holding Time Exceeded.
FLAB17,FLAB,3/5/08,SAMP,MON,SA,G,,0,,25,"PHOSPHATE, TOTAL AS P",TPO4,0.01508,"J,Y",yes,0.01508,,1,0.00186,0.0031,,mg/L,3,N,A,FB205FB017,,0,0,,,,,,25.042469,80.914819,FIU,E76930,FIU,WMD,WMD,2,BA,CA,,AB95979,3/17/08 9:54,EPA 365.1,,665,,Target analyte was found in EB;
FLAB17,FLAB,3/5/08,SAMP,MON,SA,G,,0,,25,"PHOSPHATE, TOTAL AS P",TPO4,0.00782,"J,Y",yes,0.00782,,1,0.00186,0.0031,,mg/L,3,N,A,FB205FB017B,,0,0,,,,,,25.042469,80.914819,FIU,E76930,FIU,WMD,WMD,2,BA,CA,,AB95979_B,3/17/08 9:54,EPA 365.1,,665,Measurements done close to the bottom.,Sampling to Analysis Holding Time Exceeded.
FLAB17,FLAB,4/2/08,SAMP,MON,SA,G,,0,,25,"PHOSPHATE, TOTAL AS P",TPO4,0.01155,"J,Y",yes,0.01155,,1,0.00186,0.0031,,mg/L,3,N,A,FB206FB017,,0,0,,,,,,25.042469,80.914819,FIU,E76930,FIU,WMD,WMD,2,BA,CA,4/2/08 11:20,AB96549,4/10/08 11:19,EPA 365.1 (TP),,665,,Target analyte was found in EB;
FLAB17,FLAB,4/2/08,SAMP,MON,SA,G,,0,,25,"PHOSPHATE, TOTAL AS P",TPO4,0.01076,"J,Y",yes,0.01076,,1,0.00186,0.0031,,mg/L,3,N,A,FB206FB017B,,0,0,,,,,,25.042469,80.914819,FIU,E76930,FIU,WMD,WMD,2,BA,CA,4/2/08 11:22,AB96549_B,4/10/08 11:19,EPA 365.1 (TP),,665,Measurements done close to the bottom.,Target analyte was found in EB;
FLAB17,FLAB,5/7/08,SAMP,MON,SA,G,,0,,25,"PHOSPHATE, TOTAL AS P",TPO4,0.02403,Y,yes,0.02403,,1,0.00186,0.0031,,mg/L,3,N,A,FB207FB017,,0,0,,,,,,25.042469,80.914819,FIU,E76930,FIU,WMD,WMD,2,BA,CA,5/7/08 11:43,AB97312,5/20/08 10:15,EPA 365.1 (TP),,665,,
FLAB17,FLAB,5/7/08,SAMP,MON,SA,G,,0,,25,"PHOSPHATE, TOTAL AS P",TPO4,0.01685,Y,yes,0.01685,,1,0.00186,0.0031,,mg/L,3,N,A,FB207FB017B,,0,0,,,,,,25.042469,80.914819,FIU,E76930,FIU,WMD,WMD,2,BA,CA,5/7/08 11:45,AB97312_B,5/20/08 10:15,EPA 365.1 (TP),,665,Measurements done close to the bottom.,
FLAB17,FLAB,6/4/08,SAMP,MON,SA,G,,0,,25,"PHOSPHATE, TOTAL AS P",TPO4,0.01622,Y,yes,0.01622,,1,0.00186,0.0031,,mg/L,3,N,A,FB208FB017,,0,0,,,,,,25.042469,80.914819,FIU,E76930,FIU,WMD,WMD,2,BA,CA,6/4/08 13:21,ab97876,6/17/08 9:00,EPA 365.1 (TP),,665,,
FLAB17,FLAB,6/4/08,SAMP,MON,SA,G,,0,,25,"PHOSPHATE, TOTAL AS P",TPO4,0.01655,Y,yes,0.01655,,1,0.00186,0.0031,,mg/L,3,N,A,FB208FB017B,,0,0,,,,,,25.042469,80.914819,FIU,E76930,FIU,WMD,WMD,2,BA,CA,6/4/08 13:23,ab97876_B,6/17/08 9:00,EPA 365.1 (TP),,665,,
FLAB17,FLAB,1/6/09,SAMP,MON,SA,G,,0.5,,25,"PHOSPHATE, TOTAL AS P",TPO4,0.013,,,0.013,,1,0.002,0.008,0.002,mg/L,3,N,A,P42962-9,,1,2,,,1.6,,,25.042469,80.914819,FWEC,E46077,WMD,WMD,WMD,2,BA,NO,1/7/09 10:35,16141009,1/13/09 10:08,SM4500PF,,00665,Clear calm waters.  Little to no chop and very light winds.  Sample clear with no visable solids.,
FLAB17,FLAB,2/10/09,SAMP,MON,SA,G,,0.5,,25,"PHOSPHATE, TOTAL AS P",TPO4,0.004,I,,0.004,,1,0.002,0.008,0.002,mg/L,3,N,A,P42977-6,,1,1,,,1.3,,,25.042469,80.914819,FWEC,E46077,WMD,WMD,WMD,2,BA,NO,2/11/09 10:38,16156006,2/17/09 9:59,SM4500PF,,00665,Calming windsc and light chop.  Sample clear.,
FLAB17,FLAB,3/10/09,SAMP,MON,SA,G,,0.5,,25,"PHOSPHATE, TOTAL AS P",TPO4,0.006,I,,0.006,,1,0.002,0.008,0.002,mg/L,3,N,A,P43360-6,,1,2,,,1.4,,,25.042469,80.914819,FWEC,E46077,WMD,WMD,WMD,2,BA,NO,3/11/09 11:10,16637006,3/16/09 10:52,SM4500PF,,00665,Calming winds and a light chop.  Sample clear.,
FLAB17,FLAB,4/14/09,SAMP,MON,SA,G,,0.5,,25,"PHOSPHATE, TOTAL AS P",TPO4,0.007,I,,0.007,,1,0.002,0.008,0.002,mg/L,3,N,A,P43537-6,,1,3,,,1.7,,,25.042469,80.914819,FWEC,E46077,WMD,WMD,WMD,2,BA,NO,4/15/09 9:58,16858006,4/21/09 12:17,SM4500PF,,00665,calm seas and calm conditions.  Sample clear.,
FLAB17,FLAB,5/12/09,SAMP,MON,SA,G,,0.5,,25,"PHOSPHATE, TOTAL AS P",TPO4,0.012,,,0.012,,1,0.002,0.008,0.002,mg/L,3,N,A,P43934-6,,1,3,,,1.9,,,25.042469,80.914819,FWEC,E46077,WMD,WMD,WMD,2,BA,NO,5/13/09 9:57,17325006,5/19/09 11:27,SM4500PF,,00665,Calm and clear.  Extremely salty with salinity near 50 ppt.,
FLAB17,FLAB,6/9/09,SAMP,MON,SA,G,,0.5,,25,"PHOSPHATE, TOTAL AS P",TPO4,0.008,J,yes,0.008,,1,0.002,0.008,0.002,mg/L,3,N,A,P43949-6,,1,2,,,1.9,,,25.042469,80.914819,FWEC,E46077,WMD,WMD,WMD,2,BA,NO,6/10/09 9:57,17342006,6/16/09 13:58,SM4500PF,,00665,Clear and very calm.  Sample clear of solids.  Good deal of plant matter (broken seagrass) observed floating on water column.,Analyte detected in field blank and/or associated sample
FLAB17,FLAB,7/8/09,SAMP,MON,SA,G,,0.5,,25,"PHOSPHATE, TOTAL AS P",TPO4,0.007,I,,0.007,,1,0.002,0.008,0.002,mg/L,3,N,A,P44581-6,,1,1,,,1.5,,,25.042469,80.914819,FWEC,E46077,WMD,WMD,WMD,2,BA,NO,7/9/09 9:52,18188020,7/21/09 14:48,SM4500PF,,00665,"Sample clear with no visible solids.   SECCHI ON BOTTOM.  Calm conditions, clear skies, sunny.",
FLAB17,FLAB,8/11/09,SAMP,MON,SA,G,,0.5,,25,"PHOSPHATE, TOTAL AS P",TPO4,0.008,,,0.008,,1,0.002,0.008,0.002,mg/L,3,N,A,P44608-6,,1,3,,,1.7,,,25.042469,80.914819,FWEC,E46077,WMD,WMD,WMD,2,BA,NO,8/12/09 10:59,18222020,8/19/09 11:48,SM4500PF,,00665,"Samole very light yellow, with low solids.   SECCHI ON BOTTOM.  Water calm, seagrass floating in water. Overcast, temperature high 80's degrees F.",
FLAB17,FLAB,9/9/09,SAMP,MON,SA,G,,0.5,,25,"PHOSPHATE, TOTAL AS P",TPO4,0.007,I,,0.007,,1,0.002,0.008,0.002,mg/L,3,N,A,P45420-6,,1,1,,,1.7,,,25.042469,80.914819,FWEC,E46077,WMD,WMD,WMD,2,BA,NO,9/10/09 12:15,19265006,9/18/09 12:30,SM4500PF,,00665,"Sample pale yellow with no visible solids. Light outgoing flow. SECCHI ON BOTTOM. Less than 0.5' chop, with winds 5-10 mph. Seagrass observed floating on water's surface.",
FLAB17,FLAB,10/6/09,SAMP,MON,SA,G,,0.5,,25,"PHOSPHATE, TOTAL AS P",TPO4,0.007,I,,0.007,,1,0.002,0.008,0.002,mg/L,3,N,A,P45904-6,,1,3,,,1.6,,,25.042469,80.914819,FWEC,E46077,WMD,WMD,WMD,2,BA,NO,10/7/09 13:03,19876006,10/12/09 14:55,SM4500PF,,00665,"Sample clear, no visible solids.  Low flow, light chop.   SECCHI ON BOTTOM. Some seagrass floating on water surface.",
FLAB17,FLAB,11/3/09,SAMP,MON,SA,G,,0.5,,25,"PHOSPHATE, TOTAL AS P",TPO4,0.011,,,0.011,,1,0.002,0.008,0.002,mg/L,3,N,A,P46182-6,,1,1,,,1.5,,,25.042469,80.914819,FWEC,E46077,WMD,WMD,WMD,2,BA,NO,11/4/09 12:09,20231006,11/10/09 8:57,SM4500PF,,00665,"Sample pale yellow with no visible solids. SECCHI ON BOTTOM. Low flow. Calm conditions, no chop.",
FLAB17,FLAB,12/2/09,SAMP,MON,SA,G,,0.5,m,25,"PHOSPHATE, TOTAL AS P",TPO4,0.009,J,yes,0.009,,1,0.002,0.008,0.002,mg/L,3,N,A,P46550-6,,1,3,,,,,,25.042469,80.914819,FWEC,E46077,WMD,WMD,WMD,2,BA,NO,12/3/09 10:22,20734006,12/16/09 8:23,SM4500PF,,00665,Sample pale yellow with no visible solids. Low flow. SECCHI ON BOTTOM. 1' chop with winds approx. 20 mph. FCEB taken at this station.,Analyte detected in field blank and/or associated sample
FLAB17,FLAB,1/6/10,SAMP,MON,SA,G,,0.5,m,25,"PHOSPHATE, TOTAL AS P",TPO4,0.016,,,0.016,,1,0.002,0.008,0.002,mg/L,3,N,A,P46791-7,,1,1,,,,,,25.042469,80.914819,FWEC,E46077,WMD,WMD,WMD,2,BA,NO,1/7/10 10:50,21029007,1/11/10 14:24,SM4500PF,,00665,"Sample clear, no visible solids.  Calm water, minimal chop.  Low flow.  Winds 10-15mph.   SECCHI ON BOTTOM.",
FLAB17,FLAB,2/3/10,SAMP,MON,SA,G,,0.5,m,25,"PHOSPHATE, TOTAL AS P",TPO4,0.008,,,0.008,,1,0.002,0.008,0.002,mg/L,3,N,A,P47181-6,,1,1,,,,,,25.042469,80.914819,FWEC,E46077,WMD,WMD,WMD,2,BA,NO,2/4/10 9:49,21663006,2/10/10 15:41,SM4500PF,,00665,"Sample pale yellow, with low solids.  Low flow, light chop.  Winds 5-10mph.   SECCHI ON BOTTOM.",
FLAB17,FLAB,3/2/10,SAMP,MON,SA,G,,0.5,m,25,"PHOSPHATE, TOTAL AS P",TPO4,0.006,I,,0.006,,1,0.002,0.008,0.002,mg/L,3,N,A,P47470-6,,1,6,,,,,,25.042469,80.914819,FWEC,E46077,WMD,WMD,WMD,2,BA,NO,3/3/10 10:29,22044006,3/16/10 9:21,SM4500PF,,00665,"Sample pale green, with low solids.  Low flow.  2-3 foot seas, choppy.  Winds 20-30mph.  Heavy rain.   SECCHI ON BOTTOM.",
FLAB17,FLAB,4/7/10,SAMP,MON,SA,G,,0.5,m,25,"PHOSPHATE, TOTAL AS P",TPO4,0.006,I,,0.006,,1,0.002,0.008,0.002,mg/L,3,N,A,P47826-6,,1,1,,,,,,25.042469,80.914819,FWEC,E46077,WMD,WMD,WMD,2,BA,NO,4/8/10 11:08,22508006,4/13/10 14:05,SM4500PF,,00665,Sample pale yellow with low suspended solids. Low flow with slight chop up to 1' and 15 mph winds. SECCHI ON BOTTOM.,
FLAB17,FLAB,5/5/10,SAMP,MON,SA,G,,0.5,m,25,"PHOSPHATE, TOTAL AS P",TPO4,0.008,,,0.008,,1,0.002,0.008,0.002,mg/L,3,N,A,P48079-6,,1,2,,,,,,25.042469,80.914819,FWEC,E46077,WMD,WMD,WMD,2,BA,NO,5/6/10 9:54,22815006,5/10/10 16:12,SM4500PF,,00665,Sample if pale yellow with no visible soilds present. Low flow with minimal chop less than 1' and variable winds of 4-7 mph. SECCHI ON BOTTOM.,
FLAB17,FLAB,6/2/10,SAMP,MON,SA,G,,0.5,m,25,"PHOSPHATE, TOTAL AS P",TPO4,0.007,"I,J",yes,0.007,,1,0.002,0.008,0.002,mg/L,3,N,A,P48377-8,,1,1,,,,,,25.042469,80.914819,FWEC,E46077,WMD,WMD,WMD,2,BA,NO,6/3/10 10:48,23191008,6/14/10 16:33,SM4500PF,,00665,comments too long see field notes,Analyte detected in field blank and/or associated sample
FLAB17,FLAB,7/7/10,SAMP,MON,SA,G,,0.5,m,25,"PHOSPHATE, TOTAL AS P",TPO4,0.006,I,,0.006,,1,0.002,0.008,0.002,mg/L,3,N,A,P48677-8,,1,1,,,,,,25.042469,80.914819,FWEC,E46077,WMD,WMD,WMD,2,BA,NO,7/8/10 12:00,23534008,7/13/10 15:07,SM4500PF,,00665,Sample is light yellow with low suspended solids present. Low flow with light chop up to 6 inches and light variable winds from 3 to 5 mph. SECCHI ON BOTTOM.,
FLAB17,FLAB,8/4/10,SAMP,MON,SA,G,,0.5,m,25,"PHOSPHATE, TOTAL AS P",TPO4,0.008,,,0.008,,1,0.002,0.008,0.002,mg/L,3,N,A,P48891-8,,1,3,,,,,,25.042469,80.914819,FWEC,E46077,WMD,WMD,WMD,2,BA,NO,8/5/10 9:58,23828008,8/10/10 15:37,SM4500PF,,00665,Sample is light yellow with low suspended solids present. Low flow with variable 8 to 11 mph winds from the east north east. SECCHI ON BOTTOM.,
FLAB17,FLAB,9/8/10,SAMP,MON,SA,G,,0.5,m,25,"PHOSPHATE, TOTAL AS P",TPO4,0.008,,,0.008,,1,0.002,0.008,0.002,mg/L,3,N,A,P49169-8,,1,1,,,,,,25.042469,80.914819,FWEC,E46077,WMD,WMD,WMD,2,BA,NO,9/9/10 11:06,24183008,9/21/10 14:26,SM4500PF,,00665,Sample is pale yellow with low suspended solids present. Low flow with chop and swell up to 2.5 feet with gusty variable winds from the east at 12 to 20 mph with gusts to 25 mph. SECCHI ON BOTTOM.,
FLAB17,FLAB,10/6/10,SAMP,MON,SA,G,,0.5,m,25,"PHOSPHATE, TOTAL AS P",TPO4,0.009,,,0.009,,1,0.002,0.008,0.002,mg/L,3,N,A,P49626-8,,1,1,,,,,,25.042469,80.914819,FWEC,E46077,WMD,WMD,WMD,2,BA,NO,10/7/10 10:30,24781008,10/19/10 7:05,SM4500PF,,00665,Sample is pale yellow with low suspended solids present. Low flow with chop up to 2 feet with swells up to 2.5 feet and very strong gusty winds from the north north east at 12 to 25 mph with gusts to 30 mph. SECCHI ON BOTTOM.,
FLAB17,FLAB,11/4/10,SAMP,MON,SA,G,,0.5,m,25,"PHOSPHATE, TOTAL AS P",TPO4,0.008,,,0.008,,1,0.002,0.008,0.002,mg/L,3,N,A,P50068-8,,1,2,,,,,,25.042469,80.914819,FWEC,E46077,WMD,WMD,WMD,2,BA,NO,11/5/10 8:08,25356008,11/17/10 13:17,SM4500PF,,00665,Sample is pale yellow with no visible suspended solids present. Low flow with chop up to 6 inches with variable winds from the southwest at 4 to 8 mph. SECCHI ON BOTTOM.,
FLAB17,FLAB,12/8/10,SAMP,MON,SA,G,,0.5,m,25,"PHOSPHATE, TOTAL AS P",TPO4,0.007,I,,0.007,,1,0.002,0.008,0.002,mg/L,3,N,A,P50472-8,,1,1,,,,,,25.042469,80.914819,FWEC,E46077,WMD,WMD,WMD,2,BA,NO,12/9/10 9:57,25853008,12/13/10 14:00,SM4500PF,,00665,Sample is pale green with low suspended solids present. Low flow with chop and swell up to 1.5 feet with constant winds from the north north west at 7 to 8 mph. Very cold air temp with clear sunny skies. SECCHI ON BOTTOM.,
FLAB17,FLAB,2/16/11,SAMP,MON,SA,G,,0.5,m,25,"PHOSPHATE, TOTAL AS P",TPO4,0.007,I,,0.007,,1,0.002,0.008,0.002,mg/L,3,N,A,P50935-8,,0,2,,,,,,25.042469,80.914819,WMD,E46077,WMD,WMD,WMD,2,BA,NO,2/17/11 10:03,26502008,3/1/11 8:56,SM4500PF,,00665,,
FLAB17,FLAB,3/22/11,SAMP,MON,SA,G,,0.5,m,25,"PHOSPHATE, TOTAL AS P",TPO4,0.01,,,0.01,,1,0.002,0.008,0.002,mg/L,3,N,A,P51525-8,,1,1,,,,,,25.042469,80.914819,FWEC,E46077,WMD,WMD,WMD,2,BA,NO,3/23/11 10:39,27308008,3/31/11 13:59,SM4500PF,,00665,Sample is pale green with low suspended solids present. Low flow with chop up to 1.5 feet and variable  east winds at 8 to 13 mph. SECCHI ON BOTTOM,
FLAB17,FLAB,4/12/11,SAMP,MON,SA,G,,0.5,m,25,"PHOSPHATE, TOTAL AS P",TPO4,0.011,,,0.011,,1,0.002,0.008,0.002,mg/L,3,N,A,P52303-8,,1,2,,,,,,25.042469,80.914819,FWEC,E46077,WMD,WMD,WMD,2,BA,NO,4/13/11 11:39,28413008,4/20/11 14:27,SM4500PF,,00665,"Sample light green, low flow, wind 5-10mph SE,  SECCHI ON BOTTOM.",
FLAB17,FLAB,5/10/11,SAMP,MON,SA,G,,0.5,m,25,"PHOSPHATE, TOTAL AS P",TPO4,0.01,,,0.01,,1,0.002,0.008,0.002,mg/L,3,N,A,P52304-8,,1,1,,,,,,25.042469,80.914819,FWEC,E46077,WMD,WMD,WMD,2,BA,NO,5/11/11 10:10,28414008,5/18/11 14:01,SM4500PF,,00665,"Sample pale green.  Low flow.  Calm water, no chop.  Wind 3-5mph.   SECCHI ON BOTTOM.",
FLAB17,FLAB,6/8/11,SAMP,MON,SA,G,,0.5,m,25,"PHOSPHATE, TOTAL AS P",TPO4,0.009,,,0.009,,1,0.002,0.008,0.002,mg/L,3,N,A,P52305-8,,1,3,,,,,,25.042469,80.914819,FWEC,E46077,WMD,WMD,WMD,2,BA,NO,6/9/11 9:58,28415008,6/15/11 12:48,SM4500PF,,00665,WARNING: Time exceeds +/- 1 Hour(s).,
FLAB17,FLAB,7/6/11,SAMP,MON,SA,G,,0.5,m,25,"PHOSPHATE, TOTAL AS P",TPO4,0.007,,,0.007,,1,0.002,0.004,0.002,mg/L,3,N,A,P52306-8,,1,6,,,,,,25.042469,80.914819,FWEC,E46077,WMD,WMD,WMD,2,BA,NO,7/7/11 10:24,28416008,7/11/11 14:35,SM4500PF,,00665,Sample is pale green with low suspended solids. Low flow with light chop up to 12 inches and winds from the north at 8 to 15 mph with rain and very overcast. SECCHI ON BOTTOM.,
FLAB17,FLAB,8/9/11,SAMP,MON,SA,G,,0.5,m,25,"PHOSPHATE, TOTAL AS P",TPO4,0.007,,,0.007,,1,0.002,0.004,0.002,mg/L,3,N,A,P53437-7,,1,3,,,,,,25.042469,80.914819,FWEC,E46077,WMD,WMD,WMD,2,BA,NO,8/10/11 10:17,29868007,8/18/11 12:27,SM4500PF,,00665,Sample is clear with no visible solids present. Low to moderate flow with chop up to 1.5 feet and 5 to 8 mph winds from the southwest. SECCHI ON BOTTOM,
FLAB17,FLAB,9/7/11,SAMP,MON,SA,G,,0.5,m,25,"PHOSPHATE, TOTAL AS P",TPO4,0.008,,,0.008,,1,0.002,0.004,0.002,mg/L,3,N,A,P53438-7,,0,1,,,,,,25.042469,80.914819,FWEC,E46077,WMD,WMD,WMD,2,BA,NO,9/8/11 10:29,29869007,9/22/11 14:35,SM4500PF,,00665,Sample is pale green with no visible suspended solids present. Low current with light chop up to 6 inches and variable winds from the south south east at 6 to 10 mph. SECCHI ON BOTTOM.,
FLAB17,FLAB,10/11/11,SAMP,MON,SA,G,,0.5,m,25,"PHOSPHATE, TOTAL AS P",TPO4,0.008,,,0.008,,1,0.002,0.004,0.002,mg/L,3,N,A,P53439-7,,0,2,,,,,,25.042469,80.914819,WMD,E46077,WMD,WMD,WMD,2,BA,NO,10/12/11 10:23,29870007,10/17/11 10:42,SM4500PF,,00665,"Wind and seas calm, flood tide,  SECCHI ON BOTTOM.",
FLAB17,FLAB,12/13/11,SAMP,MON,SA,G,,0.5,m,25,"PHOSPHATE, TOTAL AS P",TPO4,0.006,,,0.006,,1,0.002,0.004,0.002,mg/L,3,N,A,P54066-5,,0,3,,,,,,25.042469,80.914819,WMD,E46077,WMD,WMD,WMD,2,BA,NO,12/14/11 10:48,30605005,12/28/11 13:32,SM4500PF,,00665,"Wind N 18-20, seas 1 ft,  SECCHI ON BOTTOM, slack tide",
FLAB17,FLAB,2/7/12,SAMP,MON,SA,G,,0.5,m,25,"PHOSPHATE, TOTAL AS P",TPO4,0.006,,,0.006,,1,0.002,0.004,0.002,mg/L,3,N,A,P55307-5,,0,3,,,,,,25.042469,80.914819,WMD,E46077,WMD,WMD,WMD,2,BA,NO,2/8/12 11:46,32255005,2/13/12 13:51,SM4500PF,,00665,"Wind and seas calm, ebb tide,  SECCHI ON BOTTOM.",
FLAB17,FLAB,4/11/12,SAMP,MON,SA,G,,0.5,m,25,"PHOSPHATE, TOTAL AS P",TPO4,0.008,,,0.008,,1,0.002,0.004,0.002,mg/L,3,N,A,P55314-5,,0,2,,,,,,25.042469,80.914819,WMD,E46077,WMD,WMD,WMD,2,BA,NO,4/12/12 10:52,32262005,4/16/12 13:16,SM4500PF,,00665,"Wind and seas calm, ebb tide,  SECCHI ON BOTTOM.",
FLAB17,FLAB,6/6/12,SAMP,MON,SA,G,,0.5,m,25,"PHOSPHATE, TOTAL AS P",TPO4,0.009,,,0.009,,1,0.002,0.004,0.002,mg/L,3,N,A,P55930-5,,0,4,,,,,,25.042469,80.914819,WMD,E46077,WMD,WMD,WMD,2,BA,NO,6/6/12 16:39,33113005,6/15/12 8:55,SM4500PF,,00665,"SECCHI ON BOTTOM. Light winds, less than 5kts out of the S. Light chop on the water.",
FLAB17,FLAB,8/20/12,SAMP,MON,SA,G,,0.5,m,25,"PHOSPHATE, TOTAL AS P",TPO4,0.008,,,0.008,+/- 0.002,1,0.002,0.004,0.002,mg/L,3,N,A,P56206-5,,0,2,,,,,,25.042469,80.914819,WMD,E46077,WMD,WMD,WMD,2,PD,NO,8/21/12 9:01,33465005,9/6/12 14:04,SM4500PF,,00665,Calm conditions with almost no breeze.  Slack tide.  Flat calm conditions.   SECCHI ON BOTTOM.  Good amount of dead grass floating on surface.,
FLAB17,FLAB,10/15/12,SAMP,MON,SA,G,,0.5,m,25,"PHOSPHATE, TOTAL AS P",TPO4,0.007,,,0.007,+/- 0.002,1,0.002,0.004,0.002,mg/L,3,N,A,P56210-5,,0,2,,,,,,25.042469,80.914819,WMD,E46077,WMD,WMD,WMD,2,BA,NO,10/16/12 7:44,33469005,10/19/12 10:29,SM4500PF,,00665,Calm conditions.  Slight flood tide.   SECCHI ON BOTTOM.,
FLAB17,FLAB,12/13/12,SAMP,MON,SA,G,,0.5,m,25,"PHOSPHATE, TOTAL AS P",TPO4,0.008,,,0.008,,1,0.002,0.004,0.002,mg/L,3,N,A,P56855-5,,0,1,,,,,,25.042469,80.914819,WMD,E46077,WMD,WMD,WMD,2,BA,NO,12/13/12 15:05,34310005,12/21/12 13:36,SM4500PF,,00665,"Calm wind, calm seas, very low current.   SECCHI ON BOTTOM.",
FLAB17,FLAB,2/12/13,SAMP,MON,SA,G,,0.5,m,25,"PHOSPHATE, TOTAL AS P",TPO4,0.008,,,0.008,+/- 0.002,1,0.002,0.004,0.002,mg/L,3,N,A,P61815-8,,0,1,,,,,,25.042469,80.914819,WMD,E46077,WMD,WMD,WMD,2,PD,NO,2/12/13 16:39,39394008,2/15/13 10:52,SM4500PF,,00665,SECCHI ON BOTTOM. S wind approx 10 kt. Light chop on surface. Weak current.,
FLAB17,FLAB,4/22/13,SAMP,MON,SA,G,,0.5,m,25,"PHOSPHATE, TOTAL AS P",TPO4,0.009,,,0.009,+/- 0.002,1,0.002,0.004,0.002,mg/L,3,N,A,P61816-8,,0,4,,,,,,25.042469,80.914819,WMD,E46077,WMD,WMD,WMD,2,PD,NO,4/23/13 10:11,39395008,4/25/13 10:12,SM4500PF,,00665,"SE winds 10-15 kts, seas less than 1 ft. SECCHI ON BOTTOM",
FLAB17,FLAB,6/11/13,SAMP,MON,SA,G,,0.5,m,25,"PHOSPHATE, TOTAL AS P",TPO4,0.009,,,0.009,+/- 0.002,1,0.002,0.004,0.002,mg/L,3,N,A,P63878-8,,0,6,,,,,,25.042469,80.914819,WMD,E46077,WMD,WMD,WMD,2,PD,NO,6/11/13 16:12,40693008,6/18/13 12:48,SM4500PF,,665,"rain, sample processed in protected area, southeast winds 5-10, slight ripple, secchi on bottom",
FLAB17,FLAB,8/6/13,SAMP,MON,SA,G,,0.5,m,25,"PHOSPHATE, TOTAL AS P",TPO4,0.008,,,0.008,+/- 0.002,1,0.002,0.004,0.002,mg/L,3,N,A,P63879-8,,0,3,,,,,,25.042469,80.914819,WMD,E46077,WMD,WMD,WMD,2,PD,NO,8/6/13 16:02,40694008,8/15/13 9:36,SM4500PF,,00665,SECCHI ON BOTTOM. Nearly calm wind. Ripples on surface. No current observed. Patches of grass on surface.,
FLAB17,FLAB,11/21/13,SAMP,MON,SA,G,,0.5,m,25,"PHOSPHATE, TOTAL AS P",TPO4,0.013,,,0.013,+/- 0.002,1,0.002,0.004,0.002,mg/L,3,N,A,P67402-5,,0,2,,,,,,25.042469,80.914819,WMD,E46077,WMD,WMD,WMD,2,PD,NO,11/21/13 15:12,43581005,12/3/13 10:11,SM4500PF,,00665,"Rippled surface, NE wind 5-10. SECCHI ON BOTTOM",
FLAB17,FLAB,12/16/13,SAMP,MON,SA,G,,0.5,m,25,"PHOSPHATE, TOTAL AS P",TPO4,0.007,,,0.007,+/- 0.002,1,0.002,0.004,0.002,mg/L,3,N,A,P67403-5,,0,4,,,,,,25.042469,80.914819,WMD,E46077,WMD,WMD,WMD,2,PD,NO,12/17/13 10:57,43582005,1/3/14 9:09,SM4500PF,,665,"moderate chop on surface, 0.5ft, SAV clippings floating on surface near sampling area, secchi on bottom",
FLAB17,FLAB,2/18/14,SAMP,MON,SA,G,,0.5,m,25,"PHOSPHATE, TOTAL AS P",TPO4,0.006,,,0.006,+/- 0.002,1,0.002,0.004,0.002,mg/L,3,N,A,P70121-5,,0,2,,,,,,25.042469,80.914819,WMD,E46077,WMD,WMD,WMD,2,PD,NO,2/18/14 15:33,45275005,2/24/14 9:47,SM4500PF,,00665,,
FLAB17,FLAB,4/15/14,SAMP,MON,SA,G,,0.5,m,25,"PHOSPHATE, TOTAL AS P",TPO4,0.01,,,0.01,+/- 0.002,1,0.002,0.004,0.002,mg/L,3,N,A,P70122-5,,0,1,,,,,,25.042469,80.914819,WMD,E46077,WMD,WMD,WMD,2,PD,NO,4/15/14 15:40,45276005,4/23/14 10:21,SM4500PF,,665,Winds out of the SSE 15 kts. Slight chop. SECCHI ON BOTTOM,
FLAB17,FLAB,6/25/14,SAMP,MON,SA,G,,0.5,m,25,"PHOSPHATE, TOTAL AS P",TPO4,0.008,,,0.008,+/- 0.002,1,0.002,0.004,0.002,mg/L,3,N,A,P71698-5,,0,1,,,,,,25.042469,80.914819,WMD,E46077,WMD,WMD,WMD,2,PD,NO,6/25/14 15:10,46558005,6/30/14 10:57,SM4500PF,,00665,"Calm, N wind 5-10. SECCHI ON BOTTOM",
FLAB17,FLAB,8/21/14,SAMP,MON,SA,G,,0.5,m,25,"PHOSPHATE, TOTAL AS P",TPO4,0.006,,,0.006,+/- 0.002,1,0.002,0.004,0.002,mg/L,3,N,A,P72711-5,,0,2,,,,,,25.042469,80.914819,WMD,E46077,WMD,WMD,WMD,2,PD,NO,8/21/14 16:21,46929005,9/9/14 10:17,SM4500PF,,665,SECCHI ON BOTTOM,
FLAB17,FLAB,10/28/14,SAMP,MON,SA,G,,0.9,m,25,"PHOSPHATE, TOTAL AS P",TPO4,0.007,,,0.007,+/- 0.002,1,0.002,0.004,0.002,mg/L,3,N,A,P74732-5,,0,1,,,,,,25.042469,80.914819,WMD,E46077,WMD,WMD,WMD,2,PD,NO,10/28/14 16:11,48704005,11/7/14 10:46,SM4500PF,,00665,Light wave action. Winds out of the ESE 12-17kts. SECCHI ON BOTTOM,
FLAB17,FLAB,12/9/14,SAMP,MON,SA,G,,0.5,m,25,"PHOSPHATE, TOTAL AS P",TPO4,0.006,,,0.006,+/- 0.002,1,0.002,0.004,0.002,mg/L,3,N,A,P74734-5,,0,4,,,,,,25.042469,80.914819,WMD,E46077,WMD,WMD,WMD,2,PD,NO,12/9/14 16:50,48706005,12/15/14 13:39,SM4500PF,,00665,"Winds out of the N, 7-10kts. 0.5ft wave action. SECCHI ON BOTTOM",
FLAB17,FLAB,2/4/15,SAMP,MON,SA,G,,0.5,m,25,"PHOSPHATE, TOTAL AS P",TPO4,0.009,,,0.009,+/- 0.002,1,0.002,0.004,0.002,mg/L,3,N,A,P74733-5,,0,2,,,,,,25.042469,80.914819,WMD,E46077,WMD,WMD,WMD,2,PD,NO,2/4/15 14:25,48705005,2/10/15 9:54,SM4500PF,,00665,"NE winds 10kts, light chop, scattered sea grass floating on surface,  SECCHI ON BOTTOM.",
FLAB17,FLAB,4/1/15,SAMP,MON,SA,G,,0.5,m,25,"PHOSPHATE, TOTAL AS P",TPO4,0.008,G,yes,0.008,+/- 0.002,1,0.002,0.004,0.002,mg/L,3,N,A,P74735-5,,0,1,,,,,,25.042469,80.914819,WMD,E46077,WMD,WMD,WMD,2,PD,NO,4/2/15 9:51,48707005,4/21/15 8:59,SM4500PF,,665,SOB. Light winds out of the SE 5 kts. Water very clear.,"Analyte was detected at or above the method detection limit in both the sample and the associated field blank, equipment blank, or trip blank, and the blank value was greater than 10% of the associated sample value"
FLAB17,FLAB,6/2/15,SAMP,MON,SA,G,,0.5,m,25,"PHOSPHATE, TOTAL AS P",TPO4,0.008,,,0.008,+/- 0.002,1,0.002,0.004,0.002,mg/L,3,N,A,P75564-5,,0,4,,,,,,25.042469,80.914819,WMD,E46077,WMD,WMD,WMD,2,PD,NO,6/2/15 15:50,49262005,6/18/15 11:35,SM4500PF,,00665,"Incoming tide, light east winds, very overcast. Small amount of loose seagrass on surface. Secchi on bottom.",
FLAB17,FLAB,8/11/15,SAMP,MON,SA,G,,0.5,m,25,"PHOSPHATE, TOTAL AS P",TPO4,0.008,,,0.008,+/- 0.002,1,0.002,0.004,0.002,mg/L,3,N,A,P78616-5,,0,2,,,,,,25.042469,80.914819,WMD,E46077,WMD,WMD,WMD,2,PD,NO,8/12/15 8:03,51802005,8/19/15 11:07,SM4500PF,,00665,"Light winds from the South, minor surface chop. Moderate amount of floating loose sea grass. Secchi on bottom. Slack tide.",
FLAB17,FLAB,10/12/15,SAMP,MON,SA,G,,0.5,m,25,"PHOSPHATE, TOTAL AS P",TPO4,0.012,,,0.012,+/- 0.002,1,0.002,0.004,0.002,mg/L,3,N,A,P80850-5,,0,2,,,,,,25.042469,80.914819,WMD,E46077,WMD,WMD,WMD,2,PD,NO,10/13/15 8:50,53673005,10/19/15 13:47,SM4500PF,,00665,"Slack tide, seas less than 1ft, light west wind, light amount of loose floating vegetation, secchi on bottom.",
FLAB17,FLAB,1/26/16,SAMP,MON,SA,G,,0.5,m,25,"PHOSPHATE, TOTAL AS P",TPO4,0.01,,,0.01,+/- 0.002,1,0.002,0.004,0.002,mg/L,3,N,A,P82417-5,,0,1,,,,,,25.042469,80.914819,WMD,E46077,WMD,WMD,WMD,2,PD,NO,1/26/16 18:05,54966005,2/8/16 10:07,SM4500PF,,665,Slight chop on surface. Winds SE 15-20.,
FLAB17,FLAB,2/23/16,SAMP,MON,SA,G,,0.5,m,25,"PHOSPHATE, TOTAL AS P",TPO4,0.01,,,0.01,+/- 0.002,1,0.002,0.004,0.002,mg/L,3,N,A,P82933-5,,0,2,,,,,,25.042469,80.914819,WMD,E46077,WMD,WMD,WMD,2,PD,NO,2/23/16 16:54,55401005,3/7/16 13:51,SM4500PF,,665,SOB. Winds out of the SSE 7 to 10 kts. Light wave action.,
FLAB17,FLAB,4/6/16,SAMP,MON,SA,G,,0.5,m,25,"PHOSPHATE, TOTAL AS P",TPO4,0.011,,,0.011,+/- 0.002,1,0.002,0.004,0.002,mg/L,3,N,A,P83566-5,,0,3,,,,,,25.042469,80.914819,WMD,E46077,WMD,WMD,WMD,2,PD,NO,4/6/16 16:44,55992005,4/8/16 11:35,SM4500PF,,665,SOB. Winds out of the E 15 to 17 kts. Light wave action.,
FLAB17,FLAB,6/29/16,SAMP,MON,SA,G,,0.5,m,25,"PHOSPHATE, TOTAL AS P",TPO4,0.012,,,0.012,+/- 0.002,1,0.002,0.004,0.002,mg/L,3,N,A,P84316-8,,0,2,,,,,,25.042469,80.914819,WMD,E46077,WMD,WMD,WMD,2,PD,NO,6/29/16 15:54,56588008,7/7/16 16:09,SM4500PF,,00665,"slight ripple, east wind 5-10, some vegetation on surface, secchi on bottom, no flow observed",
FLAB17,FLAB,9/14/16,SAMP,MON,SA,G,,0.5,m,25,"PHOSPHATE, TOTAL AS P",TPO4,0.014,,,0.014,+/- 0.002,1,0.002,0.004,0.002,mg/L,3,N,A,P84637-5,,0,1,,,,,,25.042469,80.914819,WMD,E46077,WMD,WMD,WMD,2,PD,NO,9/14/16 16:16,56879005,9/19/16 14:33,SM4500PF,,665,"calm water surface, some floating vegetation on surface, sample collected in a clear area, calm winds, secchi on bottom",
FLAB17,FLAB,11/15/16,SAMP,MON,SA,G,,0.5,m,25,"PHOSPHATE, TOTAL AS P",TPO4,0.012,G,yes,0.012,+/- 0.002,1,0.002,0.004,0.002,mg/L,3,N,A,P86135-5,,0,2,,,,,,25.042469,80.914819,WMD,E46077,WMD,WMD,WMD,2,PD,NO,11/15/16 16:36,58227005,11/18/16 11:49,SM4500PF,,665,"North winds 10-15kts, moderate chop, light amount of loose sea grass on surface. Secchi on bottom.","Analyte was detected at or above the method detection limit in both the sample and the associated field blank, equipment blank, or trip blank, and the blank value was greater than 10% of the associated sample value"
FLAB17,FLAB,12/14/16,SAMP,MON,SA,G,,0.5,m,25,"PHOSPHATE, TOTAL AS P",TPO4,0.013,,,0.013,+/- 0.002,1,0.002,0.004,0.002,mg/L,3,N,A,P86764-5,,0,1,,,,,,25.042469,80.914819,WMD,E46077,WMD,WMD,WMD,2,PD,NO,12/14/16 17:13,58612005,12/22/16 10:21,SM4500PF,,665,"calm wind, calm water, some SAV floating on surface in sampling area, secchi on bottom, no current observed",
FLAB17,FLAB,2/9/17,SAMP,MON,SA,G,,0.5,m,25,"PHOSPHATE, TOTAL AS P",TPO4,0.012,,,0.012,+/- 0.002,1,0.002,0.004,0.002,mg/L,3,N,A,P87698-5,,0,1,,,,,,25.042469,80.914819,WMD,E46077,WMD,WMD,WMD,2,PD,NO,2/9/17 18:47,59451005,2/14/17 14:19,SM4500PF,,00665,Wind 10 - 15 MPH. Moderate amount of sea grass on the surface. Light chop. Secchi on bottom.,
FLAB17,FLAB,4/24/17,SAMP,MON,SA,G,,0.5,m,25,"PHOSPHATE, TOTAL AS P",TPO4,0.019,,,0.019,+/- 0.002,1,0.002,0.004,0.002,mg/L,3,N,A,P87828-5,,0,1,,,,,,25.042469,80.914819,WMD,E46077,WMD,WMD,WMD,2,PD,NO,4/24/17 15:27,59589005,4/27/17 14:59,SM4500PF,,665,"seaweed floating on surface of water, light winds",
FLAB17,FLAB,7/26/17,SAMP,MON,SA,G,,0.5,m,25,"PHOSPHATE, TOTAL AS P",TPO4,0.012,,,0.012,+/- 0.002,1,0.002,0.004,0.002,mg/L,3,N,A,P88719-5,,0,0,,,,,,25.042469,80.914819,WMD,E46077,WMD,WMD,WMD,2,PD,NO,7/26/17 16:55,60389005,8/3/17 13:25,SM4500PF,,00665,"East winds 10kts, seas less than 1ft, moderate amount of loose grass and seaweed floating on surface, secchi on bottom.",
FLAB17,FLAB,8/22/17,SAMP,MON,SA,G,,0.5,m,25,"PHOSPHATE, TOTAL AS P",TPO4,0.011,,,0.011,+/- 0.002,1,0.002,0.004,0.002,mg/L,3,N,A,P89177-5,,0,0,,,,,,25.042469,80.914819,WMD,E46077,WMD,WMD,WMD,2,PD,NO,8/22/17 15:45,60817005,8/24/17 15:43,SM4500PF,,00665,"Light winds, seas less than 1 ft, light amount of loose sea grass and sargassum floating on surface. Secchi on bottom.",
FLAB17,FLAB,10/16/17,SAMP,MON,SA,G,,0.5,m,25,"PHOSPHATE, TOTAL AS P",TPO4,0.047,,,0.047,+/- 0.004,1,0.002,0.004,0.002,mg/L,3,N,A,P90590-5,,0,0,,,,,,25.042469,80.914819,WMD,E46077,WMD,WMD,WMD,2,PD,NO,10/16/17 17:31,62122005,10/25/17 13:26,SM4500PF,,00665,"Sample area clear.  Water was a little cloudy, but bottom still visible.  Secchi on bottom.  Sample collected by NH.",
FLAB17,FLAB,12/19/17,SAMP,MON,SA,G,,0.5,m,25,"PHOSPHATE, TOTAL AS P",TPO4,0.013,,,0.013,+/- 0.002,1,0.002,0.004,0.002,mg/L,3,N,A,P91157-5,,0,0,,,,,,25.042469,80.914819,WMD,E46077,WMD,WMD,WMD,2,PD,NO,12/19/17 19:25,62573005,1/5/18 10:53,SM4500PF,,665,Secchi is VOB,
FLAB17,FLAB,2/15/18,SAMP,MON,SA,G,,0.5,m,25,"PHOSPHATE, TOTAL AS P",TPO4,0.021,,,0.021,+/- 0.002,1,0.002,0.004,0.002,mg/L,3,N,A,P92110-5,,0,0,,,,,,25.042469,80.914819,WMD,E46077,WMD,WMD,WMD,2,PD,NO,2/15/18 22:01,63446005,2/22/18 15:25,SM4500PF,,665,,
FLAB17,FLAB,4/12/18,SAMP,MON,SA,G,,0.5,m,25,"PHOSPHATE, TOTAL AS P",TPO4,0.019,,,0.019,+/- 0.002,1,0.002,0.004,0.002,mg/L,3,N,A,P92870-5,,0,0,,,,,,25.042469,80.914819,WMD,E46077,WMD,WMD,WMD,2,PD,NO,4/13/18 7:36,64062005,4/20/18 9:15,SM4500PF,,00665,Out going tide observed.,
FLAB17,FLAB,6/12/18,SAMP,MON,SA,G,,0.5,m,25,"PHOSPHATE, TOTAL AS P",TPO4,0.019,,,0.019,+/- 0.002,1,0.002,0.004,0.002,mg/L,3,N,A,P93692-5,,0,0,,,,,,25.042469,80.914819,WMD,E46077,WMD,WMD,WMD,2,PD,NO,6/12/18 17:52,64893005,6/21/18 12:38,SM4500PF,,00665,SOB.,
FLAB17,FLAB,8/9/18,SAMP,MON,SA,G,,0.5,m,25,"PHOSPHATE, TOTAL AS P",TPO4,0.019,,,0.019,+/- 0.002,1,0.002,0.004,0.002,mg/L,3,N,A,P94933-5,,0,0,,,,,,25.042469,80.914819,WMD,E46077,WMD,WMD,WMD,2,PD,NO,8/10/18 6:52,65965005,8/15/18 14:21,SM4500PF,,00665,Secchi on bottom. Lots of dead veg floating in water. Avoided during collection.,
FLAB17,FLAB,10/22/18,SAMP,MON,SA,G,,0.5,m,25,"PHOSPHATE, TOTAL AS P",TPO4,0.069,,,0.069,+/- 0.005,1,0.002,0.004,0.002,mg/L,3,N,A,P95253-5,,0,0,,,,,,25.042469,80.914819,WMD,E46077,WMD,WMD,WMD,2,PD,NO,10/23/18 8:12,66265005,10/24/18 14:58,SM4500PF,,665,Sample area clear.  Non-Visible solids.  Sample collected by EW.,
FLAB17,FLAB,12/17/18,SAMP,MON,SA,G,,0.5,m,25,"PHOSPHATE, TOTAL AS P",TPO4,0.025,,,0.025,+/- 0.003,1,0.002,0.004,0.002,mg/L,3,N,A,P96720-9,,0,0,,,,,,25.042469,80.914819,WMD,E46077,WMD,WMD,WMD,2,BA,NO,12/18/18 8:19,67436009,12/19/18 13:51,SM4500PF,,00665,,
FLAB17,FLAB,2/18/19,SAMP,MON,SA,G,,0.5,m,25,"PHOSPHATE, TOTAL AS P",TPO4,0.017,,,0.017,+/- 0.002,1,0.002,0.004,0.002,mg/L,3,N,A,P103094-6,,0,0,,,,,,25.042469,80.914819,WMD,E46077,WMD,WMD,WMD,2,BA,NO,2/19/19 9:40,69909006,2/28/19 13:42,SM4500PF,,665,Sample area clear.  Secchi Depth was 0.5m.  Light solids in sample.  Sample collected by EW.,
FLAB17,FLAB,4/3/19,SAMP,MON,SA,G,,0.5,m,25,"PHOSPHATE, TOTAL AS P",TPO4,0.017,,,0.017,+/- 0.002,1,0.002,0.004,0.002,mg/L,3,N,A,P103838-6,,0,0,,,,,,25.042469,80.914819,WMD,E46077,WMD,WMD,WMD,2,BA,NO,4/3/19 15:29,70216006,4/8/19 14:59,SM4500PF,,665,Secchi on bottom,
FLAB17,FLAB,7/15/19,SAMP,MON,SA,G,,0.5,m,25,"PHOSPHATE, TOTAL AS P",TPO4,0.021,,,0.021,+/- 0.002,1,0.002,0.004,0.002,mg/L,3,N,A,P106399-6,,0,0,,,,,,25.042469,80.914819,WMD,E46077,WMD,WMD,WMD,2,BA,NO,7/15/19 16:09,71313006,7/18/19 14:16,SM4500PF,,00665,,
FLAB17,FLAB,8/12/19,SAMP,MON,SA,G,,0.5,m,25,"PHOSPHATE, TOTAL AS P",TPO4,0.017,,,0.017,+/- 0.002,1,0.002,0.004,0.002,mg/L,3,N,A,P109218-6,,0,0,,,,,,25.042469,80.914819,WMD,E46077,WMD,WMD,WMD,2,BA,NO,8/13/19 9:55,72387006,8/27/19 10:08,SM4500PF,,00665,,
FLAB17,FLAB,10/9/19,SAMP,MON,SA,G,,0.5,m,25,"PHOSPHATE, TOTAL AS P",TPO4,0.024,,,0.024,+/- 0.002,1,0.002,0.004,0.002,mg/L,3,N,A,P109906-6,,0,0,,,,,,25.042469,80.914819,WMD,E46077,WMD,WMD,WMD,2,BA,NO,10/10/19 10:16,72728006,10/17/19 13:48,SM4500PF,,665,,
FLAB17,FLAB,1/28/20,SAMP,MON,SA,G,,0.5,m,25,"PHOSPHATE, TOTAL AS P",TPO4,0.012,,,0.012,+/- 0.002,1,0.002,0.004,0.002,mg/L,3,N,A,P110695-6,,0,0,,,,,,25.042469,80.914819,WMD,E46077,WMD,WMD,WMD,2,BA,NO,1/28/20 16:21,73093006,2/4/20 10:42,SM4500PF,,00665,,
FLAB17,FLAB,2/5/20,SAMP,MON,SA,G,,0.5,m,25,"PHOSPHATE, TOTAL AS P",TPO4,0.011,,,0.011,+/- 0.002,1,0.002,0.004,0.002,mg/L,3,N,A,P110717-6,,0,0,,,,,,25.042469,80.914819,WMD,E46077,WMD,WMD,WMD,2,BA,NO,2/6/20 11:55,73112006,2/18/20 10:52,SM4500PF,,665,Secchi on bottom.,
FLAB17,FLAB,4/7/20,SAMP,MON,SA,G,,0.5,m,25,"PHOSPHATE, TOTAL AS P",TPO4,0.016,,,0.016,+/- 0.002,1,0.002,0.004,0.002,mg/L,3,N,A,P110711-6,,0,0,,,,,,25.042469,80.914819,WMD,E46077,WMD,WMD,WMD,2,BA,NO,4/7/20 16:09,73106006,4/9/20 15:21,SM4500PF,,00665,Sample area clear.  Solids were Non Visible.  Secchi on bottom.  Sample collected by EW.,
FLAB17,FLAB,6/17/20,SAMP,MON,SA,G,,0.5,m,25,"PHOSPHATE, TOTAL AS P",TPO4,0.014,,,0.014,+/- 0.002,1,0.002,0.004,0.002,mg/L,3,N,A,P110907-6,,0,0,,,,,,25.042469,80.914819,WMD,E46077,WMD,WMD,WMD,2,BA,NO,6/17/20 15:56,73193006,6/22/20 10:45,SM4500PF,,00665,Secchi on bottom,
FLAB17,FLAB,8/18/20,SAMP,MON,SA,G,,0.5,m,25,"PHOSPHATE, TOTAL AS P",TPO4,0.012,,,0.012,+/- 0.002,1,0.002,0.004,0.002,mg/L,3,N,A,P111061-6,,0,0,,,,,,25.042469,80.914819,WMD,E46077,WMD,WMD,WMD,2,BA,NO,8/18/20 15:40,73276006,8/24/20 15:07,SM4500PF,,00665,Vegetative debris present on surface of water.,
FLAB17,FLAB,10/13/20,SAMP,MON,SA,G,,0.5,m,25,"PHOSPHATE, TOTAL AS P",TPO4,0.054,,,0.054,+/- 0.004,1,0.002,0.004,0.002,mg/L,3,N,A,P118764-6,,0,0,,,,,,25.042469,80.914819,WMD,E46077,WMD,WMD,WMD,2,BA,NO,10/14/20 8:55,76830006,10/19/20 11:32,SM4500PF,,00665,Filtration difficult at this location. Notable algae bloom with very fine particulates.,
FLAB17,FLAB,2/9/21,SAMP,MON,SA,G,,0.5,m,25,"PHOSPHATE, TOTAL AS P",TPO4,0.014,,,0.014,+/- 0.002,1,0.002,0.004,0.002,mg/L,3,N,A,P120349-6,,0,0,,,,,,25.042469,80.914819,WMD,E46077,WMD,WMD,WMD,2,BA,NO,2/10/21 8:11,77554006,2/15/21 10:43,SM4500PF,,00665,Secchi on bottom.,
FLAB17,FLAB,3/24/21,SAMP,MON,SA,G,,0.5,m,25,"PHOSPHATE, TOTAL AS P",TPO4,0.009,,,0.009,+/- 0.002,1,0.002,0.004,0.002,mg/L,3,N,A,P122509-6,,0,0,,,,,,25.042469,80.914819,WMD,E46077,WMD,WMD,WMD,2,BA,NO,3/25/21 6:59,78497006,3/30/21 10:39,SM4500PF,,00665,secchi on bottom,
FLAB17,FLAB,6/7/21,SAMP,MON,SA,G,,0.5,m,25,"PHOSPHATE, TOTAL AS P",TPO4,0.01,,,0.01,+/- 0.002,1,0.002,0.004,0.002,mg/L,3,N,A,P121640-6,,0,0,,,,,,25.042469,80.914819,WMD,E46077,WMD,WMD,WMD,2,BA,NO,6/7/21 16:26,78140006,6/9/21 13:20,SM4500PF,,00665,Secchi on bottom,
FLAB17,FLAB,8/5/21,SAMP,MON,SA,G,,0.5,m,25,"PHOSPHATE, TOTAL AS P",TPO4,0.01,,,0.01,+/- 0.002,1,0.002,0.004,0.002,mg/L,3,N,A,P123926-6,,0,0,,,,,,25.042469,80.914819,WMD,E46077,WMD,WMD,WMD,2,BA,NO,8/5/21 15:12,79169006,8/10/21 13:31,SM4500PF,,00665,Secchi on bottom,
FLAB17,FLAB,10/20/21,SAMP,MON,SA,G,,0.5,m,25,"PHOSPHATE, TOTAL AS P",TPO4,0.01,,,0.01,+/- 0.002,1,0.002,0.004,0.002,mg/L,3,N,A,P125707-6,,0,0,,,,,,25.042469,80.914819,WMD,E46077,WMD,WMD,WMD,2,BA,NO,10/21/21 8:34,79970006,10/26/21 9:37,SM4500PF,,00665,Secchi on bottom.,
FLAB17,FLAB,12/15/21,SAMP,MON,SA,G,,0.5,m,25,"PHOSPHATE, TOTAL AS P",TPO4,0.014,,,0.014,+/- 0.002,1,0.002,0.004,0.002,mg/L,3,N,A,P129834-6,,0,0,,,,,,25.042469,80.914819,WMD,E46077,WMD,WMD,WMD,2,BA,NO,12/16/21 8:25,81789006,12/20/21 10:19,SM4500PF,,665,,
FLAB17,FLAB,1/27/22,SAMP,MON,SA,G,,0.5,m,25,"PHOSPHATE, TOTAL AS P",TPO4,0.007,,,0.007,+/- 0.002,1,0.002,0.004,0.002,mg/L,3,N,A,P129835-6,,0,0,,,,,,25.042469,80.914819,WMD,E46077,WMD,WMD,WMD,2,BA,NO,1/27/22 15:46,81790006,2/1/22 10:52,SM4500PF,,00665,Secchi on bottom,
FLAB17,FLAB,4/12/22,SAMP,MON,SA,G,,0.5,m,25,"PHOSPHATE, TOTAL AS P",TPO4,0.011,,,0.011,+/- 0.002,1,0.002,0.004,0.002,mg/L,3,N,A,P132792-6,,0,0,,,,,,25.042469,80.914819,WMD,E46077,WMD,WMD,WMD,2,BA,NO,4/13/22 8:06,83111006,4/14/22 10:41,SM4500PF,,00665,Secchi on bottom,
FLAB17,FLAB,6/27/22,SAMP,MON,SA,G,,0.5,m,25,"PHOSPHATE, TOTAL AS P",TPO4,0.007,,,0.007,+/- 0.002,1,0.002,0.004,0.002,mg/L,3,N,A,P134130-6,,0,0,,,,,,25.042469,80.914819,WMD,E46077,WMD,WMD,WMD,2,BA,NO,6/28/22 8:30,83719006,7/5/22 8:48,SM4500PF,,00665,Secchi on bottom,
FLAB17,FLAB,7/11/22,SAMP,MON,SA,G,,0.5,m,25,"PHOSPHATE, TOTAL AS P",TPO4,0.009,,,0.009,+/- 0.002,1,0.002,0.004,0.002,mg/L,3,N,A,P135169-6,,0,0,,,,,,25.042469,80.914819,WMD,E46077,WMD,WMD,WMD,2,BA,NO,7/12/22 8:09,84232006,7/19/22 14:47,SM4500PF,,665,Secchi on bottom.,
FLAB17,FLAB,9/21/22,SAMP,MON,SA,G,,0.5,m,25,"PHOSPHATE, TOTAL AS P",TPO4,0.007,,,0.007,+/- 0.002,1,0.002,0.004,0.002,mg/L,3,N,A,P136493-6,,0,0,,,,,,25.042469,80.914819,WMD,E46077,WMD,WMD,WMD,2,BA,NO,9/22/22 8:07,84868006,10/3/22 12:07,SM4500PF,,665,"Secchi on bottom. Vegetative debris present in water column, avoided during sampling.",
FLAB17,FLAB,1/19/23,SAMP,MON,SA,G,,0.5,m,25,"PHOSPHATE, TOTAL AS P",TPO4,0.007,,,0.007,+/- 0.002,1,0.002,0.004,0.002,mg/L,3,N,A,P139466-6,,0,0,,,,,,25.042469,80.914819,WMD,E46077,WMD,WMD,WMD,2,BA,NO,1/20/23 8:12,86301006,1/27/23 13:08,SM4500PF,,00665,Secchi on bottom,
FLAB17,FLAB,3/6/23,SAMP,MON,SA,G,,0.5,m,25,"PHOSPHATE, TOTAL AS P",TPO4,0.008,,,0.008,+/- 0.002,1,0.002,0.004,0.002,mg/L,3,N,A,P141267-6,,0,0,,,,,,25.042469,80.914819,WMD,E46077,WMD,WMD,WMD,2,BA,NO,3/7/23 8:44,87044006,3/20/23 8:56,SM4500PF,,00665,SOB.,
FLAB17,FLAB,5/16/23,SAMP,MON,SA,G,,0.5,m,25,"PHOSPHATE, TOTAL AS P",TPO4,0.015,,,0.015,+/- 0.002,1,0.002,0.004,0.002,mg/L,3,N,A,P143738-6,,0,0,,,,,,25.042469,80.914819,WMD,E46077,WMD,WMD,WMD,2,BA,NO,5/16/23 15:24,87932006,5/23/23 11:21,SM4500PF,,00665,Secchi on bottom,
FLAB17,FLAB,7/17/23,SAMP,MON,SA,G,,0.5,m,25,"PHOSPHATE, TOTAL AS P",TPO4,0.012,,,0.012,+/- 0.002,1,0.002,0.004,0.002,mg/L,3,N,A,P144701-6,,0,0,,,,,,25.042469,80.914819,WMD,E46077,WMD,WMD,WMD,2,BA,NO,7/18/23 8:37,88406006,7/21/23 10:30,SM4500PF,,665,secchi on bottom,
FLAB17,FLAB,9/26/23,SAMP,MON,SA,G,,0.5,m,25,"PHOSPHATE, TOTAL AS P",TPO4,0.007,,,0.007,+/- 0.002,1,0.002,0.004,0.002,mg/L,3,N,A,P146059-6,,0,0,,,,,,25.042469,80.914819,WMD,E46077,WMD,WMD,WMD,2,BA,NO,9/28/23 7:49,89095006,10/6/23 11:34,SM4500PF,,665,secchi on bottom,
FLAB17,FLAB,11/27/23,SAMP,MON,SA,G,,0.5,m,25,"PHOSPHATE, TOTAL AS P",TPO4,0.01,,,0.01,+/- 0.002,1,0.002,0.004,0.002,mg/L,3,N,A,P146060-6,,0,0,,,,,,25.042469,80.914819,WMD,E46077,WMD,WMD,WMD,2,BA,NO,11/28/23 8:48,89096006,12/14/23 13:11,SM4500PF,,00665,Secchi on bottom.,
FLAB17,FLAB,2/21/24,SAMP,MON,SA,G,,0.5,m,25,"PHOSPHATE, TOTAL AS P",TPO4,0.007,,,0.007,+/- 0.002,1,0.002,0.004,0.002,mg/L,3,N,A,P148340-6,,0,0,,,,,,25.042469,80.914819,WMD,E46077,WMD,WMD,WMD,2,BA,NO,2/22/24 8:09,90200006,3/1/24 10:37,SM 4500-P F-2011,,665,Secchi on bottom.,
FLAB17,FLAB,4/18/24,SAMP,MON,SA,G,,0.5,m,25,"PHOSPHATE, TOTAL AS P",TPO4,0.008,,,0.008,+/- 0.002,1,0.002,0.004,0.002,mg/L,3,N,A,P149303-6,,0,0,,,,,,25.042469,80.914819,WMD,E46077,WMD,WMD,WMD,2,BA,NO,4/19/24 8:21,90666006,4/22/24 14:33,SM 4500-P F-2011,,00665,secchi on bottom,
FLAB17,FLAB,7/31/24,SAMP,MON,SA,G,,0.5,m,25,"PHOSPHATE, TOTAL AS P",TPO4,0.009,,,0.009,+/- 0.002,1,0.002,0.004,0.002,mg/L,3,N,A,P152197-6,,0,0,,,,,,25.042469,80.914819,WMD,E46077,WMD,WMD,WMD,2,BA,NO,8/1/24 8:01,92110006,8/12/24 11:39,SM 4500-P F-2011,,00665,SOB.,
FLAB17,FLAB,9/30/24,SAMP,MON,SA,G,,0.5,m,25,"PHOSPHATE, TOTAL AS P",TPO4,0.009,,,0.009,+/- 0.002,1,0.002,0.004,0.002,mg/L,3,N,A,P153173-6,,0,0,,,,,,25.042469,80.914819,WMD,E46077,WMD,WMD,WMD,2,BA,NO,10/1/24 8:31,92601006,10/3/24 13:33,SM 4500-P F-2011,,00665,Secchi on bottom.,
FLAB17,FLAB,11/19/24,SAMP,MON,SA,G,,0.5,m,25,"PHOSPHATE, TOTAL AS P",TPO4,0.024,,,0.024,+/- 0.002,1,0.002,0.004,0.002,mg/L,3,N,A,P154026-6,,0,0,,,,,,25.042469,80.914819,WMD,E46077,WMD,WMD,WMD,2,BA,NO,11/20/24 8:23,93034006,11/22/24 15:17,SM 4500-P F-2011,,00665,,
FLAB17,FLAB,2/13/25,SAMP,MON,SA,G,,0.5,m,25,"PHOSPHATE, TOTAL AS P",TPO4,0.008,,,0.008,+/- 0.002,1,0.002,0.004,0.002,mg/L,3,N,A,P155967-6,,0,0,,,,,,25.042469,80.914819,WMD,E46077,WMD,WMD,WMD,2,BA,NO,2/14/25 8:47,93979006,2/18/25 13:53,SM 4500-P F-2011,,00665,Secchi on bottom.,
FLAB17,FLAB,3/25/25,SAMP,MON,SA,G,,0.5,m,25,"PHOSPHATE, TOTAL AS P",TPO4,0.009,,,0.009,+/- 0.002,1,0.002,0.004,0.002,mg/L,3,N,A,P157082-6,,0,0,,,,,,25.042469,80.914819,WMD,E46077,WMD,WMD,WMD,2,BA,NO,3/26/25 8:54,94540006,3/31/25 13:32,SM 4500-P F-2011,,00665,Secchi on bottom.,
FLAB17,FLAB,5/7/25,SAMP,MON,SA,G,,0.5,m,25,"PHOSPHATE, TOTAL AS P",TPO4,0.007,,,0.007,+/- 0.002,1,0.002,0.004,0.002,mg/L,3,N,A,P158026-3,,0,0,,,,,,25.042469,80.914819,WMD,E46077,WMD,WMD,WMD,2,BA,NO,5/8/25 8:31,95009003,5/19/25 15:22,SM 4500-P F-2011,,00665,Secchi on bottom,
FLAB17,FLAB,7/10/25,SAMP,MON,SA,G,,0.5,m,25,"PHOSPHATE, TOTAL AS P",TPO4,0.01,,,0.01,+/- 0.002,1,0.002,0.004,0.002,mg/L,3,N,A,P159507-3,,0,0,,,,,,25.042469,80.914819,WMD,E46077,WMD,WMD,WMD,2,BA,NO,7/11/25 9:57,95742003,7/21/25 15:45,SM 4500-P F-2011,,00665,Secchi visible on bottom,
FLAB17,FLAB,9/9/25,SAMP,MON,SA,G,,0.5,m,25,"PHOSPHATE, TOTAL AS P",TPO4,0.012,,,0.012,,1,0.002,0.004,0.002,mg/L,,N,P,P160871-3,,0,0,,,1.7,,,25.042469,-80.914819,,E46077,WMD,,,,BA,,9/10/25 8:53,96441003,9/16/25 13:15,SM 4500-P F-2011,,00665,secchi on bottom. sea grass on water surface avoided during sample collection,
FLAB17,FLAB,1/25/01,SAMP,MON,SA,G,,0.1,,80,TOTAL NITROGEN,TOTN,0.4,,,0.4,,,0.03,,,mg/L,2,N,A,FIU15889,,0,0,,,,,,25.042469,80.914819,,,FIU,FIU,,,,,,,,ANTEK,,00600,,
FLAB17,FLAB,2/21/01,SAMP,MON,SA,G,,0.1,,80,TOTAL NITROGEN,TOTN,0.53,,,0.53,,,0.03,,,mg/L,2,N,A,FIU15891,,0,0,,,,,,25.042469,80.914819,,,FIU,FIU,,,,,,,,ANTEK,,00600,,
FLAB17,FLAB,3/6/01,SAMP,MON,SA,G,,0.1,,80,TOTAL NITROGEN,TOTN,0.49,,,0.49,,,0.03,,,mg/L,2,N,A,FIU15893,,0,0,,,,,,25.042469,80.914819,,,FIU,FIU,,,,,,,,ANTEK,,00600,,
FLAB17,FLAB,4/3/01,SAMP,MON,SA,G,,0.1,,80,TOTAL NITROGEN,TOTN,0.25,,,0.25,,,0.03,,,mg/L,2,N,A,FIU15895,,0,0,,,,,,25.042469,80.914819,,,FIU,FIU,,,,,,,,ANTEK,,00600,,
FLAB17,FLAB,5/2/01,SAMP,MON,SA,G,,0.1,,80,TOTAL NITROGEN,TOTN,0.26,,,0.26,,,0.03,,,mg/L,2,N,A,FIU15897,,0,0,,,,,,25.042469,80.914819,,,FIU,FIU,,,,,,,,ANTEK,,00600,,
FLAB17,FLAB,6/5/01,SAMP,MON,SA,G,,0.1,,80,TOTAL NITROGEN,TOTN,0.19,,,0.19,,,0.03,,,mg/L,2,N,A,FIU110790,,0,0,,,,,,25.042469,80.914819,,,FIU,FIU,,,,,,,,ANTEK,,00600,,
FLAB17,FLAB,7/12/01,SAMP,MON,SA,G,,0.1,,80,TOTAL NITROGEN,TOTN,0.4,,,0.4,,,0.03,,,mg/L,2,N,A,FIU15899,,0,0,,,,,,25.042469,80.914819,,,FIU,FIU,,,,,,,,ANTEK,,00600,,
FLAB17,FLAB,8/14/01,SAMP,MON,SA,G,,0.1,,80,TOTAL NITROGEN,TOTN,0.39,,,0.39,,,0.03,,,mg/L,2,N,A,FIU15901,,0,0,,,,,,25.042469,80.914819,,,FIU,FIU,,,,,,,,ANTEK,,00600,,
FLAB17,FLAB,9/5/01,SAMP,MON,SA,G,,0.1,,80,TOTAL NITROGEN,TOTN,0.2,,,0.2,,,0.03,,,mg/L,2,N,A,FIU15903,,0,0,,,,,,25.042469,80.914819,,,FIU,FIU,,,,,,,,ANTEK,,00600,,
FLAB17,FLAB,10/23/01,SAMP,MON,SA,G,,0.1,,80,TOTAL NITROGEN,TOTN,0.28,,,0.28,,,0.05,,,mg/L,2,N,A,FIU110504,,0,0,,,,,,25.042469,80.914819,,,FIU,FIU,,,,,,128017,11/27/01 0:00,ANTEK,,00600,,
FLAB17,FLAB,11/8/01,SAMP,MON,SA,G,,0.1,,80,TOTAL NITROGEN,TOTN,0.31,,,0.31,,,0.05,,,mg/L,2,N,A,FIU110506,,0,0,,,,,,25.042469,80.914819,,,FIU,FIU,,,,,,129017,12/4/01 0:00,ANTEK,,00600,,
FLAB17,FLAB,12/3/01,SAMP,MON,SA,G,,0.1,,80,TOTAL NITROGEN,TOTN,0.38,,,0.38,,,0.05,,,mg/L,2,N,A,FIU110508,,0,0,,,,,,25.042469,80.914819,,,FIU,FIU,,,,,,130017,1/22/02 0:00,ANTEK,,00600,,
FLAB17,FLAB,1/29/02,SAMP,MON,SA,G,,0.1,,80,TOTAL NITROGEN,TOTN,0.37,,,0.37,,,0.05,,,mg/L,2,N,A,FIU113136,,0,0,,,,,,25.042469,80.914819,,,FIU,FIU,,,,,,131017,2/25/02 0:00,ANTEK,,00600,,
FLAB17,FLAB,2/20/02,SAMP,MON,SA,G,,0.1,,80,TOTAL NITROGEN,TOTN,0.23,Q,yes,0.23,,,0.05,,,mg/L,2,N,A,FIU113138,,0,0,,,,,,25.042469,80.914819,,,FIU,FIU,,,,CA,,132017,4/25/02 0:00,ANTEK,,00600,,OUT OF HOLDING TIME
FLAB17,FLAB,3/19/02,SAMP,MON,SA,G,,0.1,,80,TOTAL NITROGEN,TOTN,0.25,Q,yes,0.25,,,0.05,,,mg/L,2,N,A,FIU113140,,0,0,,,,,,25.042469,80.914819,,,FIU,FIU,,,,CA,,133017,5/2/02 0:00,ANTEK,,00600,,OUT OF HOLDING TIME
FLAB17,FLAB,4/9/02,SAMP,MON,SA,G,,0.1,,80,TOTAL NITROGEN,TOTN,0.25,Q,yes,0.25,,,0.05,,,mg/L,2,N,A,134017,,0,0,,,,,,25.042469,80.914819,,,FIU,FIU,,,,CA,,134017,5/14/02 0:00,ANTEK,,600,,HOLDING TIME EXCEEDED.
FLAB17,FLAB,5/15/02,SAMP,MON,SA,G,,0.1,,80,TOTAL NITROGEN,TOTN,0.62,Q,yes,0.62,,,0.05,,,mg/L,2,N,A,135017,,0,0,,,,,,25.042469,80.914819,,,FIU,FIU,,,,CA,,135017,7/15/02 12:01,ANTEK,,600,,HOLDING TIME EXCEEDED.
FLAB17,FLAB,6/4/02,SAMP,MON,SA,G,,0.1,,80,TOTAL NITROGEN,TOTN,0.52,Q,yes,0.52,,,0.05,,,mg/L,2,N,A,136017,,0,0,,,,,,25.042469,80.914819,,,FIU,FIU,,,,CA,,136017,8/5/02 12:01,ANTEK,,600,,HOLDING TIME EXCEEDED.
FLAB17,FLAB,7/11/02,SAMP,MON,SA,G,,0.1,,80,TOTAL NITROGEN,TOTN,0.21,Q,yes,0.21,,,0.05,0.21,,mg/L,2,N,A,137017,,0,0,,,,,,25.042469,80.914819,,,FIU,FIU,,,,CA,,137017,9/4/02 12:00,ANTEK,,600,,HOLDING TIME EXCEEDED
FLAB17,FLAB,8/19/02,SAMP,MON,SA,G,,0.1,,80,TOTAL NITROGEN,TOTN,1.07,,,1.07,,,0.05,0.21,,mg/L,2,N,A,138017,,0,0,,,,,,25.042469,80.914819,,,FIU,FIU,,,,,,138017,9/24/02 12:02,ANTEK,,00600,,HOLDING TIME EXCEEDED
FLAB17,FLAB,9/17/02,SAMP,MON,SA,G,,0.1,,80,TOTAL NITROGEN,TOTN,0.97,,,0.97,,,0.05,0.21,,mg/L,2,N,A,139017,,0,0,,,,,,25.042469,80.914819,,,FIU,FIU,,,,,,139017,11/5/02 12:18,ANTEK,,00600,,HOLDING TIME EXCEEDED
FLAB17,FLAB,10/17/02,SAMP,MON,SA,G,,0.1,,80,TOTAL NITROGEN,TOTN,0.48,Q,yes,0.48,,,0.05,0.21,,mg/L,2,N,A,140017,,0,0,,,,,,25.042469,80.914819,,,FIU,FIU,,,,CA,,140017,12/4/02 12:01,ANTEK,,00600,,HOLDING TIME EXCEEDED
FLAB17,FLAB,11/14/02,SAMP,MON,SA,G,,0.1,,80,TOTAL NITROGEN,TOTN,0.84,Q,yes,0.84,,,0.05,0.21,,mg/L,2,N,A,141017,,0,0,,,,,,25.042469,80.914819,,,FIU,FIU,,,,CA,,141017,3/10/03 12:00,ANTEK,,00600,,HOLDING TIME EXCEEDED
FLAB17,FLAB,12/11/02,SAMP,MON,SA,G,,0.1,,80,TOTAL NITROGEN,TOTN,0.23,Q,yes,0.23,,,0.05,0.21,,mg/L,2,N,A,142017,,0,0,,,,,,25.042469,80.914819,,,FIU,FIU,,,,CA,,142017,3/13/03 6:04,ANTEK,,00600,,HOLDING TIME EXCEEDED.
FLAB17,FLAB,1/28/03,SAMP,MON,SA,G,,0.1,,80,TOTAL NITROGEN,TOTN,0.15,Q,yes,0.15,,,0.05,0.21,,mg/L,2,N,A,143017,,0,0,,,,,,25.042469,80.914819,,,FIU,FIU,,,,CA,,143017,4/15/03 12:06,ANTEK,,00600,,HOLDING TIME EXCEEDED/SAMPLES ANALYZED OUT OF HOLDING TIME.
FLAB17,FLAB,2/25/03,SAMP,MON,SA,G,,0.1,,80,TOTAL NITROGEN,TOTN,0.3,Q,yes,0.3,,,0.05,0.21,,mg/L,2,N,A,144017,,0,0,,,,,,25.042469,80.914819,,,FIU,FIU,,,,CA,,144017,5/10/03 12:15,ANTEK,,00600,,"HOLDING TIME EXCEEDED	SAMPLES ANALYZED OUT OF HOLDING TIME."
FLAB17,FLAB,3/13/03,SAMP,MON,SA,G,,0.1,,80,TOTAL NITROGEN,TOTN,0.42,Q,yes,0.42,,,0.05,0.21,,mg/L,2,N,A,145017,,0,0,,,,,,25.042469,80.914819,,,FIU,FIU,,,,CA,,145017,7/1/03 20:29,ANTEK,,00600,,"HOLDING TIME EXCEEDED	SAMPLES ANALYZED OUT OF HOLDING TIME."
FLAB17,FLAB,4/9/03,SAMP,MON,SA,G,,0.1,,80,TOTAL NITROGEN,TOTN,0.36,Q,Q,0.36,,,0.05,0.21,,mg/L,2,N,A,146017,,0,0,,,,,,25.042469,80.914819,,,FIU,FIU,,,,,,146017,7/10/03 18:53,ANTEK,,600,,Holding time exceeded
FLAB17,FLAB,5/8/03,SAMP,MON,SA,G,,0.1,,80,TOTAL NITROGEN,TOTN,0.47,Q,Q,0.47,,,0.05,0.21,,mg/L,2,N,A,147017,,0,0,,,,,,25.042469,80.914819,,,FIU,FIU,,,,,,147017,8/14/03 17:09,ANTEK,,600,,Holding time exceeded
FLAB17,FLAB,6/10/03,SAMP,MON,SA,G,,0.1,,80,TOTAL NITROGEN,TOTN,0.33,Q,Q,0.33,,,0.05,0.21,,mg/L,2,N,A,148017,,0,0,,,,,,25.042469,80.914819,,,FIU,FIU,,,,,,148017,9/2/03 13:11,ANTEK,,600,,Holding time exceeded
FLAB17,FLAB,7/1/03,SAMP,MON,SA,G,,0.1,,80,TOTAL NITROGEN,TOTN,0.31,,,0.31,,,0.05,0.21,,mg/L,2,N,A,149017,,0,0,,,,,,25.042469,80.914819,,,FIU,FIU,,,,,,149017,9/9/03 19:23,ANTEK,,600,,
FLAB17,FLAB,8/25/03,SAMP,MON,SA,G,,0.1,,80,TOTAL NITROGEN,TOTN,0.46,,,0.46,,,0.05,0.21,,mg/L,2,N,A,150017,,0,0,,,,,,25.042469,80.914819,,,FIU,FIU,,,,,,150017,9/18/03 9:06,ANTEK,,600,,
FLAB17,FLAB,9/9/03,SAMP,MON,SA,G,,0.1,,80,TOTAL NITROGEN,TOTN,0.44,,,0.44,,,0.05,0.21,,mg/L,2,N,A,151017,,0,0,,,,,,25.042469,80.914819,,,FIU,FIU,,,,,,151017,9/18/03 17:00,ANTEK,,600,,
FLAB17,FLAB,10/15/03,SAMP,MON,SA,G,,0.1,,80,TOTAL NITROGEN,TOTN,0.36,,,0.36,,,0.05,0.21,,mg/L,2,N,A,152017,,0,0,,,,,,25.042469,80.914819,,,FIU,FIU,,,,,,152017,10/22/03 9:14,ANTEK,,600,,
FLAB17,FLAB,11/7/03,SAMP,MON,SA,G,,0.1,,80,TOTAL NITROGEN,TOTN,0.68,,,0.68,,,0.05,0.21,,mg/L,2,N,A,153017,,0,0,,,,,,25.042469,80.914819,,,FIU,FIU,,,,,,153017,11/16/03 17:24,ANTEK,,600,,
FLAB17,FLAB,12/3/03,SAMP,MON,SA,G,,0.1,,80,TOTAL NITROGEN,TOTN,0.5,,,0.5,,,0.05,0.21,,mg/L,2,N,A,154017,,0,0,,,,,,25.042469,80.914819,,,FIU,FIU,,,,,,154017,12/5/03 8:14,ANTEK,,600,,
FLAB17,FLAB,1/21/04,SAMP,MON,SA,G,,0.1,,80,TOTAL NITROGEN,TOTN,0.35,,,0.35,,,0.05,0.24,,mg/L,2,N,A,155017,,0,0,,,,,,25.042469,80.914819,,,FIU,FIU,,,,,,155017,1/28/04 9:21,ANTEK,,600,,
FLAB17,FLAB,2/24/04,SAMP,MON,SA,G,,0.1,,80,TOTAL NITROGEN,TOTN,0.46,,,0.46,,,0.05,0.24,,mg/L,2,N,A,156017,,0,0,,,,,,25.042469,80.914819,,,FIU,FIU,,,,,,156017,3/6/04 15:21,ANTEK,,600,,
FLAB17,FLAB,3/23/04,SAMP,MON,SA,G,,0.1,,80,TOTAL NITROGEN,TOTN,1.01,,,1.01,,,0.05,0.24,,mg/L,2,N,A,157017,,0,0,,,,,,25.042469,80.914819,,,FIU,FIU,,,,,,157017,4/13/04 14:19,ANTEK,,600,,
FLAB17,FLAB,4/21/04,SAMP,MON,SA,G,,0.1,,80,TOTAL NITROGEN,TOTN,0.7,,,0.7,,,0.05,0.24,,mg/L,2,N,A,158017,,0,0,,,,,,25.042469,80.914819,,,FIU,FIU,,,,,,158017,4/28/04 7:01,ANTEK,,600,,
FLAB17,FLAB,5/21/04,SAMP,MON,SA,G,,0.1,,80,TOTAL NITROGEN,TOTN,0.58,,,0.58,,,0.05,0.24,,mg/L,2,N,A,159017,,0,0,,,,,,25.042469,80.914819,,,FIU,FIU,,,,,,159017,6/17/04 10:20,ANTEK,,600,,
FLAB17,FLAB,6/28/04,SAMP,MON,SA,G,,0.1,,80,TOTAL NITROGEN,TOTN,0.4,,,0.4,,,0.05,0.24,,mg/L,2,N,A,160017,,0,0,,,,,,25.042469,80.914819,,,FIU,FIU,,,,,,160017,7/2/04 7:13,ANTEK,,600,,
FLAB17,FLAB,7/27/04,SAMP,MON,SA,G,,0.1,,80,TOTAL NITROGEN,TOTN,0.33,,,0.33,,,0.05,0.24,,mg/L,2,N,A,161017,,0,0,,,,,,25.042469,80.914819,,,FIU,FIU,,,,,,161017,7/30/04 12:30,ASTM D5176-91,,600,,
FLAB17,FLAB,8/24/04,SAMP,MON,SA,G,,0.1,,80,TOTAL NITROGEN,TOTN,0.38,,,0.38,,,0.05,0.24,,mg/L,2,N,A,162017,,0,0,,,,,,25.042469,80.914819,,,FIU,FIU,,,,,,162017,8/27/04 14:51,ASTM D5176-91,,600,,
FLAB17,FLAB,9/28/04,SAMP,MON,SA,G,,0.1,,80,TOTAL NITROGEN,TOTN,0.27,,,0.27,,,0.05,0.24,,mg/L,2,N,A,163017,,0,0,,,,,,25.042469,80.914819,,,FIU,FIU,,,,,,163017,10/4/04 17:38,ASTM D5176-91,,600,,
FLAB17,FLAB,10/26/04,SAMP,MON,SA,G,,0.1,,80,TOTAL NITROGEN,TOTN,0.35,,,0.35,,,0.02,0.04,,mg/L,2,N,A,164017,,0,0,,,,,,25.042469,80.914819,,,FIU,FIU,,,,,,164017,11/4/04 9:33,ASTM D5176-91,,600,,
FLAB17,FLAB,11/29/04,SAMP,MON,SA,G,,0.1,,80,TOTAL NITROGEN,TOTN,0.25,,,0.25,,,0.05,0.24,,mg/L,2,N,A,165017,,0,0,,,,,,25.042469,80.914819,,,FIU,FIU,,,,,,165017,12/1/04 18:30,ASTM D5176-91,,600,,
FLAB17,FLAB,12/14/04,SAMP,MON,SA,G,,0.1,,80,TOTAL NITROGEN,TOTN,0.18,I,,0.18,,,0.05,0.24,,mg/L,2,N,A,166017,,0,0,,,,,,25.042469,80.914819,,,FIU,FIU,,,,,,166017,12/26/04 11:38,ASTM D5176-91,,600,,
FLAB17,FLAB,10/9/06,SAMP,MON,SA,G,,0,,80,TOTAL NITROGEN,TOTN,0.2818,J,yes,0.28178,,1,0.02996,0.25,,mg/L,2,N,A,FB188FB017UA,,0,0,,,,,,25.042469,80.914819,FIU,E76930,FIU,WMD,WMD,2,BA,CA,,AB64795,10/12/06 1:25,ASTM D5176-91,,600,,Target analyte was found in EB;
FLAB17,FLAB,10/9/06,SAMP,MON,SA,G,,0,,80,TOTAL NITROGEN,TOTN,0.2636,J,yes,0.26358,,1,0.02996,0.25,,mg/L,2,N,A,FB188FB017UB,,0,0,,,,,,25.042469,80.914819,FIU,E76930,FIU,WMD,WMD,2,BA,CA,,AB64796,10/12/06 1:25,ASTM D5176-91,,600,,Target analyte was found in EB;
FLAB17,FLAB,11/7/06,SAMP,MON,SA,G,,0,,80,TOTAL NITROGEN,TOTN,0.3667,J,yes,0.36667,,1,0.02996,0.25,,mg/L,2,N,A,FB189FB017UA,,0,0,,,,,,25.042469,80.914819,FIU,E76930,FIU,WMD,WMD,2,BA,CA,,AB70876,11/13/06 23:00,ASTM D5176-91,,600,,Target analyte was found in EB;
FLAB17,FLAB,11/7/06,SAMP,MON,SA,G,,0,,80,TOTAL NITROGEN,TOTN,0.3502,J,yes,0.35025,,1,0.02996,0.25,,mg/L,2,N,A,FB189FB017UB,,0,0,,,,,,25.042469,80.914819,FIU,E76930,FIU,WMD,WMD,2,BA,CA,,AB70877,11/13/06 23:00,ASTM D5176-91,,600,,Target analyte was found in EB;
FLAB17,FLAB,12/3/06,SAMP,MON,SA,G,,0,,80,TOTAL NITROGEN,TOTN,0.253,J,yes,0.25302,,1,0.02996,0.25,,mg/L,2,N,A,FB190FB017UA,,0,0,,,,,,25.042469,80.914819,FIU,E76930,FIU,WMD,WMD,2,BA,CA,,AB72196,12/6/06 20:56,ASTM D5176-91,,600,,Target analyte was found in EB;
FLAB17,FLAB,12/3/06,SAMP,MON,SA,G,,0,,80,TOTAL NITROGEN,TOTN,0.2253,"I,J",yes,0.22528,,1,0.02996,0.25,,mg/L,2,N,A,FB190FB017UB,,0,0,,,,,,25.042469,80.914819,FIU,E76930,FIU,WMD,WMD,2,BA,CA,,AB72197,12/6/06 20:56,ASTM D5176-91,,600,,Target analyte was found in EB;
FLAB17,FLAB,1/11/07,SAMP,MON,SA,G,,0,,80,TOTAL NITROGEN,TOTN,0.357,A,,0.35697,,1,0.02996,0.25,,mg/L,2,N,A,FB191FB017UA,,0,0,,,,,,25.042469,80.914819,FIU,E76930,FIU,WMD,WMD,2,BA,CA,,AB74852,1/20/07 10:38,ASTM D5176-91,,600,,
FLAB17,FLAB,1/11/07,SAMP,MON,SA,G,,0,,80,TOTAL NITROGEN,TOTN,0.3264,"A,J",yes,0.32635,,1,0.02996,0.25,,mg/L,2,N,A,FB191FB017UB,,0,0,,,,,,25.042469,80.914819,FIU,E76930,FIU,WMD,WMD,2,BA,CA,,AB74853,1/20/07 10:38,ASTM D5176-91,,600,,Target analyte was found in EB;
FLAB17,FLAB,2/7/07,SAMP,MON,SA,G,,0,,80,TOTAL NITROGEN,TOTN,0.1725,"A,I,J",yes,0.17251,,1,0.02996,0.25,,mg/L,2,N,A,FB192FB017UB,,0,0,,,,,,25.042469,80.914819,FIU,E76930,FIU,WMD,WMD,2,BA,CA,,AB76751,2/9/07 12:05,ASTM D5176-91,,600,,Target analyte was found in EB;
FLAB17,FLAB,2/7/07,SAMP,MON,SA,G,,0,,80,TOTAL NITROGEN,TOTN,0.2063,"A,I,J",yes,0.20634,,1,0.02996,0.25,,mg/L,2,N,A,FB192FB017UA,,0,0,,,,,,25.042469,80.914819,FIU,E76930,FIU,WMD,WMD,2,BA,CA,,AB76750,2/9/07 12:05,ASTM D5176-91,,600,,Target analyte was found in EB;
FLAB17,FLAB,3/12/07,SAMP,MON,SA,G,,0,,80,TOTAL NITROGEN,TOTN,1.061,A,,1.06148,,1,0.02996,0.25,,mg/L,2,N,A,FB193FB017UB,,0,0,,,,,,25.042469,80.914819,FIU,E76930,FIU,WMD,WMD,2,BA,CA,,AB78001,3/20/07 11:16,ASTM D5176-91,,600,,
FLAB17,FLAB,3/12/07,SAMP,MON,SA,G,,0,,80,TOTAL NITROGEN,TOTN,1.06,A,,1.05996,,1,0.02996,0.25,,mg/L,2,N,A,FB193FB017UA,,0,0,,,,,,25.042469,80.914819,FIU,E76930,FIU,WMD,WMD,2,BA,CA,,AB78000,3/20/07 11:16,ASTM D5176-91,,600,,
FLAB17,FLAB,4/3/07,SAMP,MON,SA,G,,0,,80,TOTAL NITROGEN,TOTN,1.183,,,1.18281,,1,0.02996,0.25,,mg/L,2,N,A,FB194FB017UA,,0,0,,,,,,25.042469,80.914819,FIU,E76930,FIU,WMD,WMD,2,BA,CA,,AB79025,4/6/07 1:14,ASTM D5176-91,,600,,
FLAB17,FLAB,4/3/07,SAMP,MON,SA,G,,0,,80,TOTAL NITROGEN,TOTN,1.311,,,1.31059,,1,0.02996,0.25,,mg/L,2,N,A,FB194FB017UB,,0,0,,,,,,25.042469,80.914819,FIU,E76930,FIU,WMD,WMD,2,BA,CA,,AB79026,4/6/07 1:14,ASTM D5176-91,,600,,
FLAB17,FLAB,5/1/07,SAMP,MON,SA,G,,0,,80,TOTAL NITROGEN,TOTN,0.25,"I,J",yes,0.25004,,1,0.02996,0.25,,mg/L,2,N,A,FB195FB017UB,,0,0,,,,,,25.042469,80.914819,FIU,E76930,FIU,WMD,WMD,2,BA,CA,,AB82087,5/8/07 10:21,ASTM D5176-91,,600,,Target analyte was found in EB;
FLAB17,FLAB,5/1/07,SAMP,MON,SA,G,,0,,80,TOTAL NITROGEN,TOTN,0.2447,I,,0.24472,,1,0.02996,0.25,,mg/L,2,N,A,FB195FB017UA,,0,0,,,,,,25.042469,80.914819,FIU,E76930,FIU,WMD,WMD,2,BA,CA,,AB82086,5/8/07 10:21,ASTM D5176-91,,600,,
FLAB17,FLAB,6/6/07,SAMP,MON,SA,G,,0,,80,TOTAL NITROGEN,TOTN,0.5248,"J5,J",yes,0.52481,,1,0.02996,0.25,,mg/L,2,N,A,FB196FB017UA,,0,0,,,,,,25.042469,80.914819,FIU,E76930,FIU,WMD,WMD,2,BA,CA,,AB83985,6/15/07 11:03,ASTM D5176-91,,600,,Target analyte was found in EB;Exceded Batch Size
FLAB17,FLAB,6/6/07,SAMP,MON,SA,G,,0,,80,TOTAL NITROGEN,TOTN,0.5531,J5,yes,0.55313,,1,0.02996,0.25,,mg/L,2,N,A,FB196FB017UB,,0,0,,,,,,25.042469,80.914819,FIU,E76930,FIU,WMD,WMD,2,BA,CA,,AB83986,6/15/07 11:03,ASTM D5176-91,,600,,Exceded Batch Size
FLAB17,FLAB,7/3/07,SAMP,MON,SA,G,,0,,80,TOTAL NITROGEN,TOTN,0.22,I,,0.22,,1,0.03,0.25,,mg/L,2,N,A,FB197FB017UB,,0,0,,,,,,25.042469,80.914819,FIU,E76930,FIU,WMD,WMD,2,BA,CA,,AB85565,7/6/07 17:22,ASTM D5176-91,,600,,
FLAB17,FLAB,7/3/07,SAMP,MON,SA,G,,0,,80,TOTAL NITROGEN,TOTN,0.41,,,0.41,,1,0.03,0.25,,mg/L,2,N,A,FB197FB017UA,,0,0,,,,,,25.042469,80.914819,FIU,E76930,FIU,WMD,WMD,2,BA,CA,,AB85564,7/6/07 17:22,ASTM D5176-91,,600,,
FLAB17,FLAB,8/7/07,SAMP,MON,SA,G,,0,,80,TOTAL NITROGEN,TOTN,0.29,,,0.29,,1,0.03,0.25,,mg/L,2,N,A,FB198FB017UB,,0,0,,,,,,25.042469,80.914819,FIU,E76930,FIU,WMD,WMD,2,BA,CA,,AB89022,8/9/07 14:45,ASTM D5176-91,,600,,
FLAB17,FLAB,8/7/07,SAMP,MON,SA,G,,0,,80,TOTAL NITROGEN,TOTN,0.34,,,0.34,,1,0.03,0.25,,mg/L,2,N,A,FB198FB017UA,,0,0,,,,,,25.042469,80.914819,FIU,E76930,FIU,WMD,WMD,2,BA,CA,,AB89021,8/9/07 14:45,ASTM D5176-91,,600,,
FLAB17,FLAB,9/5/07,SAMP,MON,SA,G,,0,,80,TOTAL NITROGEN,TOTN,0.18,I,,0.18,,1,0.03,0.25,,mg/L,2,N,A,FB199FB017UA,,0,0,,,,,,25.042469,80.914819,FIU,E76930,FIU,WMD,WMD,2,BA,CA,,AB90692,9/12/07 15:15,ASTM D5176-91,,600,,
FLAB17,FLAB,9/5/07,SAMP,MON,SA,G,,0,,80,TOTAL NITROGEN,TOTN,0.17,I,,0.17,,1,0.03,0.25,,mg/L,2,N,A,FB199FB017UB,,0,0,,,,,,25.042469,80.914819,FIU,E76930,FIU,WMD,WMD,2,BA,CA,,AB90693,9/12/07 15:15,ASTM D5176-91,,600,,
FLAB17,FLAB,10/4/07,SAMP,MON,SA,G,,0,,80,TOTAL NITROGEN,TOTN,0.3903,"A,Y,J",yes,0.39029,,1,0.02996,0.0035,,mg/L,2,N,A,FB200FB017,,0,0,,,,,,25.042469,80.914819,FIU,E76930,FIU,WMD,WMD,2,BA,CA,,AB92293,10/30/07 13:59,ASTM D5176-91,,600,,Target analyte was found in FB
FLAB17,FLAB,11/6/07,SAMP,MON,SA,G,,0,,80,TOTAL NITROGEN,TOTN,0.3517,"A,Y,J",yes,0.35174,,1,0.02996,0.0035,,mg/L,2,N,A,FB201FB017,,0,0,,,,,,25.042469,80.914819,FIU,E76930,FIU,WMD,WMD,2,BA,CA,,AB93887,11/26/07 14:59,ASTM D5176-91,,600,,Target analyte was found in FB
FLAB17,FLAB,12/7/07,SAMP,MON,SA,G,,0,,80,TOTAL NITROGEN,TOTN,0.2295,"A,Y",yes,0.22951,,1,0.02996,0.0035,,mg/L,2,N,A,FB202FB017,,0,0,,,,,,25.042469,80.914819,FIU,E76930,FIU,WMD,WMD,2,BA,CA,,AB94305,12/19/07 13:44,ASTM D5176-91,,600,,
FLAB17,FLAB,1/9/08,SAMP,MON,SA,G,,0,,80,TOTAL NITROGEN,TOTN,0.2398,"I,J",yes,0.23984,,1,0.04998,0.25,,mg/L,2,N,A,FB203FB017,,0,0,,,,,,25.042469,80.914819,FIU,E76930,FIU,WMD,WMD,2,BA,CA,,AB95216,1/17/08 15:51,ASTM D5176-91,,600,,Target analyte was found in FB;
FLAB17,FLAB,1/9/08,SAMP,MON,SA,G,,0,,80,TOTAL NITROGEN,TOTN,0.2374,"I,J",yes,0.23741,,1,0.04998,0.25,,mg/L,2,N,A,FB203FB017B,,0,0,,,,,,25.042469,80.914819,FIU,E76930,FIU,WMD,WMD,2,BA,CA,,AB95216_B,1/17/08 15:51,ASTM D5176-91,,600,Measurements done close to the bottom.,Target analyte was found in FB;
FLAB17,FLAB,2/8/08,SAMP,MON,SA,G,,0,,80,TOTAL NITROGEN,TOTN,0.6121,J,yes,0.61212,,1,0.04998,0.25,,mg/L,2,N,A,FB204FB017,,0,0,,,,,,25.042469,80.914819,FIU,E76930,FIU,WMD,WMD,2,BA,CA,,AB95732,2/18/08 11:45,ASTM D5176-91,,600,,Target analyte was found in EB;
FLAB17,FLAB,2/8/08,SAMP,MON,SA,G,,0,,80,TOTAL NITROGEN,TOTN,0.3194,J,yes,0.3194,,1,0.04998,0.25,,mg/L,2,N,A,FB204FB017B,,0,0,,,,,,25.042469,80.914819,FIU,E76930,FIU,WMD,WMD,2,BA,CA,,AB95732_B,2/18/08 11:45,ASTM D5176-91,,600,Measurements done close to the bottom.,Target analyte was found in FB;
FLAB17,FLAB,3/5/08,SAMP,MON,SA,G,,0,,80,TOTAL NITROGEN,TOTN,0.3417,J,yes,0.34174,,1,0.04998,0.25,,mg/L,2,N,A,FB205FB017,,0,0,,,,,,25.042469,80.914819,FIU,E76930,FIU,WMD,WMD,2,BA,CA,,AB95979,3/7/08 14:56,ASTM D5176-91,,600,,Target analyte was found in FB;
FLAB17,FLAB,3/5/08,SAMP,MON,SA,G,,0,,80,TOTAL NITROGEN,TOTN,0.3271,J,yes,0.32714,,1,0.04998,0.25,,mg/L,2,N,A,FB205FB017B,,0,0,,,,,,25.042469,80.914819,FIU,E76930,FIU,WMD,WMD,2,BA,CA,,AB95979_B,3/7/08 14:56,ASTM D5176-91,,600,Measurements done close to the bottom.,Target analyte was found in FB;
FLAB17,FLAB,4/2/08,SAMP,MON,SA,G,,0,,80,TOTAL NITROGEN,TOTN,0.4788,J,yes,0.47881,,1,0.04998,0.25,,mg/L,2,N,A,FB206FB017,,0,0,,,,,,25.042469,80.914819,FIU,E76930,FIU,WMD,WMD,2,BA,CA,4/2/08 11:20,AB96549,4/10/08 20:31,ASTM D5176-91,,600,,Target analyte was found in FB
FLAB17,FLAB,4/2/08,SAMP,MON,SA,G,,0,,80,TOTAL NITROGEN,TOTN,0.4856,J,yes,0.48556,,1,0.04998,0.25,,mg/L,2,N,A,FB206FB017B,,0,0,,,,,,25.042469,80.914819,FIU,E76930,FIU,WMD,WMD,2,BA,CA,4/2/08 11:22,AB96549_B,4/10/08 20:31,ASTM D5176-91,,600,Measurements done close to the bottom.,Target analyte was found in FB
FLAB17,FLAB,5/7/08,SAMP,MON,SA,G,,0,,80,TOTAL NITROGEN,TOTN,0.4456,,,0.44556,,1,0.04998,0.25,,mg/L,2,N,A,FB207FB017,,0,0,,,,,,25.042469,80.914819,FIU,E76930,FIU,WMD,WMD,2,BA,CA,5/7/08 11:43,AB97312,5/12/08 20:37,ASTM D5176-91,,600,,
FLAB17,FLAB,5/7/08,SAMP,MON,SA,G,,0,,80,TOTAL NITROGEN,TOTN,0.4236,,,0.42362,,1,0.04998,0.25,,mg/L,2,N,A,FB207FB017B,,0,0,,,,,,25.042469,80.914819,FIU,E76930,FIU,WMD,WMD,2,BA,CA,5/7/08 11:45,AB97312_B,5/12/08 20:37,ASTM D5176-91,,600,Measurements done close to the bottom.,
FLAB17,FLAB,6/4/08,SAMP,MON,SA,G,,0,,80,TOTAL NITROGEN,TOTN,0.2499,"I,J",yes,0.24995,,1,0.04998,0.25,,mg/L,2,N,A,FB208FB017,,0,0,,,,,,25.042469,80.914819,FIU,E76930,FIU,WMD,WMD,2,BA,CA,6/4/08 13:21,AB97876,6/9/08 13:15,ASTM D5176-91,,600,,Target analyte was found in FB;
FLAB17,FLAB,6/4/08,SAMP,MON,SA,G,,0,,80,TOTAL NITROGEN,TOTN,0.2424,"I,J",yes,0.24238,,1,0.04998,0.25,,mg/L,2,N,A,FB208FB017B,,0,0,,,,,,25.042469,80.914819,FIU,E76930,FIU,WMD,WMD,2,BA,CA,6/4/08 13:23,AB97876_B,6/9/08 13:15,ASTM D5176-91,,600,Measurements done close to the bottom.,Target analyte was found in FB;
FLAB17,FLAB,8/21/14,SAMP,MON,SA,G,,0.5,m,80,TOTAL NITROGEN,TOTN,0.52,,,0.52,UNK,1,0.02,0.08,0.02,mg/L,2,N,A,P72711-5,,0,2,,,,,,25.042469,80.914819,WMD,E46077,WMD,WMD,WMD,2,PD,NO,8/21/14 16:21,46929005,9/5/14 11:32,SM4500NC,,97017,SECCHI ON BOTTOM,
FLAB17,FLAB,10/28/14,SAMP,MON,SA,G,,0.9,m,80,TOTAL NITROGEN,TOTN,0.296,,,0.3,UNK,1,0.02,0.08,0.02,mg/L,2,N,A,P74732-5,,0,1,,,,,,25.042469,80.914819,WMD,E46077,WMD,WMD,WMD,2,PD,NO,10/28/14 16:11,48704005,11/3/14 9:43,SM4500NC,,97017,Light wave action. Winds out of the ESE 12-17kts. SECCHI ON BOTTOM,
FLAB17,FLAB,12/9/14,SAMP,MON,SA,G,,0.5,m,80,TOTAL NITROGEN,TOTN,0.332,,,0.33,UNK,1,0.02,0.08,0.02,mg/L,2,N,A,P74734-5,,0,4,,,,,,25.042469,80.914819,WMD,E46077,WMD,WMD,WMD,2,PD,NO,12/9/14 16:50,48706005,12/15/14 12:00,SM4500NC,,97017,"Winds out of the N, 7-10kts. 0.5ft wave action. SECCHI ON BOTTOM",
FLAB17,FLAB,2/4/15,SAMP,MON,SA,G,,0.5,m,80,TOTAL NITROGEN,TOTN,0.318,,,0.32,UNK,1,0.02,0.08,0.02,mg/L,2,N,A,P74733-5,,0,2,,,,,,25.042469,80.914819,WMD,E46077,WMD,WMD,WMD,2,PD,NO,2/4/15 14:25,48705005,2/12/15 11:04,SM4500NC,,97017,"NE winds 10kts, light chop, scattered sea grass floating on surface,  SECCHI ON BOTTOM.",
FLAB17,FLAB,4/1/15,SAMP,MON,SA,G,,0.5,m,80,TOTAL NITROGEN,TOTN,0.453,,,0.45,+/- 0.039,1,0.02,0.08,0.02,mg/L,2,N,A,P74735-5,,0,1,,,,,,25.042469,80.914819,WMD,E46077,WMD,WMD,WMD,2,PD,NO,4/2/15 9:51,48707005,4/14/15 11:29,SM4500NC,,97017,SOB. Light winds out of the SE 5 kts. Water very clear.,
FLAB17,FLAB,6/2/15,SAMP,MON,SA,G,,0.5,m,80,TOTAL NITROGEN,TOTN,0.746,,,0.75,+/- 0.059,1,0.02,0.08,0.02,mg/L,2,N,A,P75564-5,,0,4,,,,,,25.042469,80.914819,WMD,E46077,WMD,WMD,WMD,2,PD,NO,6/2/15 15:50,49262005,6/9/15 10:49,SM4500NC,,97017,"Incoming tide, light east winds, very overcast. Small amount of loose seagrass on surface. Secchi on bottom.",
FLAB17,FLAB,8/11/15,SAMP,MON,SA,G,,0.5,m,80,TOTAL NITROGEN,TOTN,0.581,,,0.58,+/- 0.048,1,0.02,0.08,0.02,mg/L,2,N,A,P78616-5,,0,2,,,,,,25.042469,80.914819,WMD,E46077,WMD,WMD,WMD,2,PD,NO,8/12/15 8:03,51802005,8/19/15 10:26,SM4500NC,,97017,"Light winds from the South, minor surface chop. Moderate amount of floating loose sea grass. Secchi on bottom. Slack tide.",
FLAB17,FLAB,10/12/15,SAMP,MON,SA,G,,0.5,m,80,TOTAL NITROGEN,TOTN,0.582,,,0.58,+/- 0.048,1,0.02,0.08,0.02,mg/L,2,N,A,P80850-5,,0,2,,,,,,25.042469,80.914819,WMD,E46077,WMD,WMD,WMD,2,PD,NO,10/13/15 8:50,53673005,10/20/15 8:58,SM4500NC,,97017,"Slack tide, seas less than 1ft, light west wind, light amount of loose floating vegetation, secchi on bottom.",
FLAB17,FLAB,1/26/16,SAMP,MON,SA,G,,0.5,m,80,TOTAL NITROGEN,TOTN,0.4,,,0.4,+/- 0.036,1,0.02,0.08,0.02,mg/L,2,N,A,P82417-5,,0,1,,,,,,25.042469,80.914819,WMD,E46077,WMD,WMD,WMD,2,PD,NO,1/26/16 18:05,54966005,1/29/16 14:51,SM4500NC,,97017,Slight chop on surface. Winds SE 15-20.,
FLAB17,FLAB,2/23/16,SAMP,MON,SA,G,,0.5,m,80,TOTAL NITROGEN,TOTN,0.41,,,0.41,+/- 0.037,1,0.02,0.08,0.02,mg/L,2,N,A,P82933-5,,0,2,,,,,,25.042469,80.914819,WMD,E46077,WMD,WMD,WMD,2,PD,NO,2/23/16 16:54,55401005,3/1/16 9:34,SM4500NC,,97017,SOB. Winds out of the SSE 7 to 10 kts. Light wave action.,
FLAB17,FLAB,4/6/16,SAMP,MON,SA,G,,0.5,m,80,TOTAL NITROGEN,TOTN,0.449,,,0.45,+/- 0.039,1,0.02,0.08,0.02,mg/L,2,N,A,P83566-5,,0,3,,,,,,25.042469,80.914819,WMD,E46077,WMD,WMD,WMD,2,PD,NO,4/6/16 16:44,55992005,4/11/16 11:21,SM4500NC,,97017,SOB. Winds out of the E 15 to 17 kts. Light wave action.,
FLAB17,FLAB,6/29/16,SAMP,MON,SA,G,,0.5,m,80,TOTAL NITROGEN,TOTN,0.514,,,0.51,+/- 0.043,1,0.02,0.08,0.02,mg/L,2,N,A,P84316-8,,0,2,,,,,,25.042469,80.914819,WMD,E46077,WMD,WMD,WMD,2,PD,NO,6/29/16 15:54,56588008,7/5/16 10:58,SM4500NC,,97017,"slight ripple, east wind 5-10, some vegetation on surface, secchi on bottom, no flow observed",
FLAB17,FLAB,9/14/16,SAMP,MON,SA,G,,0.5,m,80,TOTAL NITROGEN,TOTN,0.648,,,0.65,+/- 0.052,1,0.02,0.08,0.02,mg/L,2,N,A,P84637-5,,0,1,,,,,,25.042469,80.914819,WMD,E46077,WMD,WMD,WMD,2,PD,NO,9/14/16 16:16,56879005,9/16/16 9:41,SM4500NC,,97017,"calm water surface, some floating vegetation on surface, sample collected in a clear area, calm winds, secchi on bottom",
FLAB17,FLAB,11/15/16,SAMP,MON,SA,G,,0.5,m,80,TOTAL NITROGEN,TOTN,0.417,,,0.42,+/- 0.037,1,0.02,0.08,0.02,mg/L,2,N,A,P86135-5,,0,2,,,,,,25.042469,80.914819,WMD,E46077,WMD,WMD,WMD,2,PD,NO,11/15/16 16:36,58227005,12/2/16 9:19,SM4500NC,,97017,"North winds 10-15kts, moderate chop, light amount of loose sea grass on surface. Secchi on bottom.",
FLAB17,FLAB,12/14/16,SAMP,MON,SA,G,,0.5,m,80,TOTAL NITROGEN,TOTN,0.493,,,0.49,+/- 0.042,1,0.02,0.08,0.02,mg/L,2,N,A,P86764-5,,0,1,,,,,,25.042469,80.914819,WMD,E46077,WMD,WMD,WMD,2,PD,NO,12/14/16 17:13,58612005,1/5/17 9:18,SM4500NC,,97017,"calm wind, calm water, some SAV floating on surface in sampling area, secchi on bottom, no current observed",
FLAB17,FLAB,2/9/17,SAMP,MON,SA,G,,0.5,m,80,TOTAL NITROGEN,TOTN,0.355,,,0.36,+/- 0.033,1,0.02,0.08,0.02,mg/L,2,N,A,P87698-5,,0,1,,,,,,25.042469,80.914819,WMD,E46077,WMD,WMD,WMD,2,PD,NO,2/9/17 18:47,59451005,2/16/17 9:26,SM4500NC,,97017,Wind 10 - 15 MPH. Moderate amount of sea grass on the surface. Light chop. Secchi on bottom.,
FLAB17,FLAB,4/24/17,SAMP,MON,SA,G,,0.5,m,80,TOTAL NITROGEN,TOTN,1.1,,,1.1,+/- 0.085,1,0.02,0.08,0.02,mg/L,2,N,A,P87828-5,,0,1,,,,,,25.042469,80.914819,WMD,E46077,WMD,WMD,WMD,2,PD,NO,4/24/17 15:27,59589005,5/2/17 10:10,SM4500NC,,97017,"seaweed floating on surface of water, light winds",
FLAB17,FLAB,7/26/17,SAMP,MON,SA,G,,0.5,m,80,TOTAL NITROGEN,TOTN,0.64,,,0.64,+/- 0.052,1,0.02,0.08,0.02,mg/L,2,N,A,P88719-5,,0,0,,,,,,25.042469,80.914819,WMD,E46077,WMD,WMD,WMD,2,PD,NO,7/26/17 16:55,60389005,8/15/17 12:59,SM4500NC,,97017,"East winds 10kts, seas less than 1ft, moderate amount of loose grass and seaweed floating on surface, secchi on bottom.",
FLAB17,FLAB,8/22/17,SAMP,MON,SA,G,,0.5,m,80,TOTAL NITROGEN,TOTN,0.566,,,0.57,+/- 0.047,1,0.02,0.08,0.02,mg/L,2,N,A,P89177-5,,0,0,,,,,,25.042469,80.914819,WMD,E46077,WMD,WMD,WMD,2,PD,NO,8/22/17 15:45,60817005,8/30/17 10:48,SM4500NC,,97017,"Light winds, seas less than 1 ft, light amount of loose sea grass and sargassum floating on surface. Secchi on bottom.",
FLAB17,FLAB,10/16/17,SAMP,MON,SA,G,,0.5,m,80,TOTAL NITROGEN,TOTN,1.69,,,1.69,+/- 0.128,1,0.02,0.08,0.02,mg/L,2,N,A,P90590-5,,0,0,,,,,,25.042469,80.914819,WMD,E46077,WMD,WMD,WMD,2,PD,NO,10/16/17 17:31,62122005,10/26/17 9:27,SM4500NC,,97017,"Sample area clear.  Water was a little cloudy, but bottom still visible.  Secchi on bottom.  Sample collected by NH.",
FLAB17,FLAB,12/19/17,SAMP,MON,SA,G,,0.5,m,80,TOTAL NITROGEN,TOTN,0.45,,,0.45,+/- 0.039,1,0.02,0.08,0.02,mg/L,2,N,A,P91157-5,,0,0,,,,,,25.042469,80.914819,WMD,E46077,WMD,WMD,WMD,2,PD,NO,12/19/17 19:25,62573005,1/16/18 12:18,SM4500NC,,97017,Secchi is VOB,
FLAB17,FLAB,2/15/18,SAMP,MON,SA,G,,0.5,m,80,TOTAL NITROGEN,TOTN,1.04,,,1.04,+/- 0.080,1,0.02,0.08,0.02,mg/L,2,N,A,P92110-5,,0,0,,,,,,25.042469,80.914819,WMD,E46077,WMD,WMD,WMD,2,PD,NO,2/15/18 22:01,63446005,3/2/18 11:38,SM4500NC,,97017,,
FLAB17,FLAB,4/12/18,SAMP,MON,SA,G,,0.5,m,80,TOTAL NITROGEN,TOTN,0.739,,,0.74,+/- 0.059,1,0.02,0.08,0.02,mg/L,2,N,A,P92870-5,,0,0,,,,,,25.042469,80.914819,WMD,E46077,WMD,WMD,WMD,2,PD,NO,4/13/18 7:36,64062005,4/26/18 12:31,SM4500NC,,97017,Out going tide observed.,
FLAB17,FLAB,6/12/18,SAMP,MON,SA,G,,0.5,m,80,TOTAL NITROGEN,TOTN,0.537,,,0.54,+/- 0.045,1,0.02,0.08,0.02,mg/L,2,N,A,P93692-5,,0,0,,,,,,25.042469,80.914819,WMD,E46077,WMD,WMD,WMD,2,PD,NO,6/12/18 17:52,64893005,6/15/18 10:10,SM4500NC,,97017,SOB.,
FLAB17,FLAB,8/9/18,SAMP,MON,SA,G,,0.5,m,80,TOTAL NITROGEN,TOTN,0.686,,,0.69,+/- 0.055,1,0.02,0.08,0.02,mg/L,2,N,A,P94933-5,,0,0,,,,,,25.042469,80.914819,WMD,E46077,WMD,WMD,WMD,2,PD,NO,8/10/18 6:52,65965005,8/15/18 9:48,SM4500NC,,97017,Secchi on bottom. Lots of dead veg floating in water. Avoided during collection.,
FLAB17,FLAB,10/22/18,SAMP,MON,SA,G,,0.5,m,80,TOTAL NITROGEN,TOTN,2.54,,,2.54,+/- 0.192,1,0.02,0.08,0.02,mg/L,2,N,A,P95253-5,,0,0,,,,,,25.042469,80.914819,WMD,E46077,WMD,WMD,WMD,2,PD,NO,10/23/18 8:12,66265005,10/25/18 10:22,SM4500NC,,97017,Sample area clear.  Non-Visible solids.  Sample collected by EW.,
FLAB17,FLAB,12/17/18,SAMP,MON,SA,G,,0.5,m,80,TOTAL NITROGEN,TOTN,0.652,,,0.65,+/- 0.053,1,0.02,0.08,0.02,mg/L,2,N,A,P96720-9,,0,0,,,,,,25.042469,80.914819,WMD,E46077,WMD,WMD,WMD,2,BA,NO,12/18/18 8:19,67436009,1/8/19 9:09,SM4500NC,,97017,,
FLAB17,FLAB,2/18/19,SAMP,MON,SA,G,,0.5,m,80,TOTAL NITROGEN,TOTN,0.525,,,0.52,+/- 0.044,1,0.02,0.08,0.02,mg/L,2,N,A,P103094-6,,0,0,,,,,,25.042469,80.914819,WMD,E46077,WMD,WMD,WMD,2,BA,NO,2/19/19 9:40,69909006,3/1/19 11:01,SM4500NC,,97017,Sample area clear.  Secchi Depth was 0.5m.  Light solids in sample.  Sample collected by EW.,
FLAB17,FLAB,4/3/19,SAMP,MON,SA,G,,0.5,m,80,TOTAL NITROGEN,TOTN,0.501,,,0.5,+/- 0.042,1,0.02,0.08,0.02,mg/L,2,N,A,P103838-6,,0,0,,,,,,25.042469,80.914819,WMD,E46077,WMD,WMD,WMD,2,BA,NO,4/3/19 15:29,70216006,4/11/19 11:17,SM4500NC,,97017,Secchi on bottom,
FLAB17,FLAB,7/15/19,SAMP,MON,SA,G,,0.5,m,80,TOTAL NITROGEN,TOTN,0.576,,,0.58,+/- 0.066,1,0.05,0.1,0.05,mg/L,2,N,A,P106399-6,,0,0,,,,,,25.042469,80.914819,WMD,E46077,WMD,WMD,WMD,2,BA,NO,7/15/19 16:09,71313006,7/23/19 14:14,SM4500NC,,97017,,
FLAB17,FLAB,8/12/19,SAMP,MON,SA,G,,0.5,m,80,TOTAL NITROGEN,TOTN,0.52,,,0.52,+/- 0.063,1,0.05,0.1,0.05,mg/L,2,N,A,P109218-6,,0,0,,,,,,25.042469,80.914819,WMD,E46077,WMD,WMD,WMD,2,BA,NO,8/13/19 9:55,72387006,8/16/19 13:18,SM4500NC,,97017,,
FLAB17,FLAB,10/9/19,SAMP,MON,SA,G,,0.5,m,80,TOTAL NITROGEN,TOTN,0.816,,,0.82,+/- 0.079,1,0.05,0.1,0.05,mg/L,2,N,A,P109906-6,,0,0,,,,,,25.042469,80.914819,WMD,E46077,WMD,WMD,WMD,2,BA,NO,10/10/19 10:16,72728006,10/25/19 11:30,SM4500NC,,97017,,
FLAB17,FLAB,1/28/20,SAMP,MON,SA,G,,0.5,m,80,TOTAL NITROGEN,TOTN,0.43,,,0.43,+/- 0.059,1,0.05,0.1,0.05,mg/L,2,N,A,P110695-6,,0,0,,,,,,25.042469,80.914819,WMD,E46077,WMD,WMD,WMD,2,BA,NO,1/28/20 16:21,73093006,2/5/20 9:52,SM4500NC,,97017,,
FLAB17,FLAB,2/5/20,SAMP,MON,SA,G,,0.5,m,80,TOTAL NITROGEN,TOTN,0.425,,,0.42,+/- 0.059,1,0.05,0.1,0.05,mg/L,2,N,A,P110717-6,,0,0,,,,,,25.042469,80.914819,WMD,E46077,WMD,WMD,WMD,2,BA,NO,2/6/20 11:55,73112006,2/13/20 10:44,SM4500NC,,97017,Secchi on bottom.,
FLAB17,FLAB,4/7/20,SAMP,MON,SA,G,,0.5,m,80,TOTAL NITROGEN,TOTN,0.484,,,0.48,+/- 0.062,1,0.05,0.1,0.05,mg/L,2,N,A,P110711-6,,0,0,,,,,,25.042469,80.914819,WMD,E46077,WMD,WMD,WMD,2,BA,NO,4/7/20 16:09,73106006,4/15/20 14:44,SM4500NC,,97017,Sample area clear.  Solids were Non Visible.  Secchi on bottom.  Sample collected by EW.,
FLAB17,FLAB,6/17/20,SAMP,MON,SA,G,,0.5,m,80,TOTAL NITROGEN,TOTN,0.712,,,0.71,+/- 0.073,1,0.05,0.1,0.05,mg/L,2,N,A,P110907-6,,0,0,,,,,,25.042469,80.914819,WMD,E46077,WMD,WMD,WMD,2,BA,NO,6/17/20 15:56,73193006,6/27/20 10:13,SM4500NC,,97017,Secchi on bottom,
FLAB17,FLAB,8/18/20,SAMP,MON,SA,G,,0.5,m,80,TOTAL NITROGEN,TOTN,0.56,,,0.56,+/- 0.065,1,0.05,0.1,0.05,mg/L,2,N,A,P111061-6,,0,0,,,,,,25.042469,80.914819,WMD,E46077,WMD,WMD,WMD,2,BA,NO,8/18/20 15:40,73276006,8/27/20 11:01,SM4500NC,,97017,Vegetative debris present on surface of water.,
FLAB17,FLAB,10/13/20,SAMP,MON,SA,G,,0.5,m,80,TOTAL NITROGEN,TOTN,1.9,,,1.9,+/- 0.151,1,0.05,0.1,0.05,mg/L,2,N,A,P118764-6,,0,0,,,,,,25.042469,80.914819,WMD,E46077,WMD,WMD,WMD,2,BA,NO,10/14/20 8:55,76830006,10/29/20 9:20,SM4500NC,,97017,Filtration difficult at this location. Notable algae bloom with very fine particulates.,
FLAB17,FLAB,2/9/21,SAMP,MON,SA,G,,0.5,m,80,TOTAL NITROGEN,TOTN,0.391,,,0.39,+/- 0.058,1,0.05,0.1,0.05,mg/L,2,N,A,P120349-6,,0,0,,,,,,25.042469,80.914819,WMD,E46077,WMD,WMD,WMD,2,BA,NO,2/10/21 8:11,77554006,2/12/21 12:11,SM4500NC,,97017,Secchi on bottom.,
FLAB17,FLAB,3/24/21,SAMP,MON,SA,G,,0.5,m,80,TOTAL NITROGEN,TOTN,0.314,,,0.31,+/- 0.055,1,0.05,0.1,0.05,mg/L,2,N,A,P122509-6,,0,0,,,,,,25.042469,80.914819,WMD,E46077,WMD,WMD,WMD,2,BA,NO,3/25/21 6:59,78497006,3/31/21 12:14,SM4500NC,,97017,secchi on bottom,
FLAB17,FLAB,6/7/21,SAMP,MON,SA,G,,0.5,m,80,TOTAL NITROGEN,TOTN,0.83,,,0.83,+/- 0.080,1,0.05,0.1,0.05,mg/L,2,N,A,P121640-6,,0,0,,,,,,25.042469,80.914819,WMD,E46077,WMD,WMD,WMD,2,BA,NO,6/7/21 16:26,78140006,6/9/21 10:16,SM4500NC,,97017,Secchi on bottom,
FLAB17,FLAB,8/5/21,SAMP,MON,SA,G,,0.5,m,80,TOTAL NITROGEN,TOTN,0.553,,,0.55,+/- 0.065,1,0.05,0.1,0.05,mg/L,2,N,A,P123926-6,,0,0,,,,,,25.042469,80.914819,WMD,E46077,WMD,WMD,WMD,2,BA,NO,8/5/21 15:12,79169006,8/17/21 9:25,SM4500NC,,97017,Secchi on bottom,
FLAB17,FLAB,10/20/21,SAMP,MON,SA,G,,0.5,m,80,TOTAL NITROGEN,TOTN,0.463,,,0.46,+/- 0.061,1,0.05,0.1,0.05,mg/L,2,N,A,P125707-6,,0,0,,,,,,25.042469,80.914819,WMD,E46077,WMD,WMD,WMD,2,BA,NO,10/21/21 8:34,79970006,11/3/21 8:51,SM4500NC,,97017,Secchi on bottom.,
FLAB17,FLAB,12/15/21,SAMP,MON,SA,G,,0.5,m,80,TOTAL NITROGEN,TOTN,0.499,,,0.5,+/- 0.062,1,0.05,0.1,0.05,mg/L,2,N,A,P129834-6,,0,0,,,,,,25.042469,80.914819,WMD,E46077,WMD,WMD,WMD,2,BA,NO,12/16/21 8:25,81789006,1/6/22 10:14,SM4500NC,,97017,,
FLAB17,FLAB,1/27/22,SAMP,MON,SA,G,,0.5,m,80,TOTAL NITROGEN,TOTN,0.3,,,0.3,+/- 0.055,1,0.05,0.1,0.05,mg/L,2,N,A,P129835-6,,0,0,,,,,,25.042469,80.914819,WMD,E46077,WMD,WMD,WMD,2,BA,NO,1/27/22 15:46,81790006,2/7/22 10:06,SM4500NC,,97017,Secchi on bottom,
FLAB17,FLAB,4/12/22,SAMP,MON,SA,G,,0.5,m,80,TOTAL NITROGEN,TOTN,0.565,,,0.56,+/- 0.066,1,0.05,0.1,0.05,mg/L,2,N,A,P132792-6,,0,0,,,,,,25.042469,80.914819,WMD,E46077,WMD,WMD,WMD,2,BA,NO,4/13/22 8:06,83111006,4/15/22 10:52,SM4500NC,,97017,Secchi on bottom,
FLAB17,FLAB,6/27/22,SAMP,MON,SA,G,,0.5,m,80,TOTAL NITROGEN,TOTN,0.457,,,0.46,+/- 0.061,1,0.05,0.1,0.05,mg/L,2,N,A,P134130-6,,0,0,,,,,,25.042469,80.914819,WMD,E46077,WMD,WMD,WMD,2,BA,NO,6/28/22 8:30,83719006,7/5/22 8:03,SM4500NC,,97017,Secchi on bottom,
FLAB17,FLAB,7/11/22,SAMP,MON,SA,G,,0.5,m,80,TOTAL NITROGEN,TOTN,0.612,,,0.61,+/- 0.068,1,0.05,0.1,0.05,mg/L,2,N,A,P135169-6,,0,0,,,,,,25.042469,80.914819,WMD,E46077,WMD,WMD,WMD,2,BA,NO,7/12/22 8:09,84232006,7/15/22 10:22,SM4500NC,,97017,Secchi on bottom.,
FLAB17,FLAB,9/21/22,SAMP,MON,SA,G,,0.5,m,80,TOTAL NITROGEN,TOTN,0.461,,,0.46,+/- 0.061,1,0.05,0.1,0.05,mg/L,2,N,A,P136493-6,,0,0,,,,,,25.042469,80.914819,WMD,E46077,WMD,WMD,WMD,2,BA,NO,9/22/22 8:07,84868006,10/11/22 8:43,SM4500NC,,97017,"Secchi on bottom. Vegetative debris present in water column, avoided during sampling.",
FLAB17,FLAB,1/19/23,SAMP,MON,SA,G,,0.5,m,80,TOTAL NITROGEN,TOTN,0.321,,,0.32,+/- 0.055,1,0.05,0.1,0.05,mg/L,2,N,A,P139466-6,,0,0,,,,,,25.042469,80.914819,WMD,E46077,WMD,WMD,WMD,2,BA,NO,1/20/23 8:12,86301006,1/26/23 11:39,SM4500NC,,97017,Secchi on bottom,
FLAB17,FLAB,3/6/23,SAMP,MON,SA,G,,0.5,m,80,TOTAL NITROGEN,TOTN,0.403,,,0.4,+/- 0.058,1,0.05,0.1,0.05,mg/L,2,N,A,P141267-6,,0,0,,,,,,25.042469,80.914819,WMD,E46077,WMD,WMD,WMD,2,BA,NO,3/7/23 8:44,87044006,3/8/23 12:24,SM4500NC,,97017,SOB.,
FLAB17,FLAB,5/16/23,SAMP,MON,SA,G,,0.5,m,80,TOTAL NITROGEN,TOTN,0.536,,,0.54,+/- 0.064,1,0.05,0.1,0.05,mg/L,2,N,A,P143738-6,,0,0,,,,,,25.042469,80.914819,WMD,E46077,WMD,WMD,WMD,2,BA,NO,5/16/23 15:24,87932006,5/18/23 12:53,SM4500NC,,97017,Secchi on bottom,
FLAB17,FLAB,7/17/23,SAMP,MON,SA,G,,0.5,m,80,TOTAL NITROGEN,TOTN,0.418,,,0.42,+/- 0.059,1,0.05,0.1,0.05,mg/L,2,N,A,P144701-6,,0,0,,,,,,25.042469,80.914819,WMD,E46077,WMD,WMD,WMD,2,BA,NO,7/18/23 8:37,88406006,7/24/23 14:22,SM4500NC,,97017,secchi on bottom,
FLAB17,FLAB,9/26/23,SAMP,MON,SA,G,,0.5,m,80,TOTAL NITROGEN,TOTN,0.535,,,0.54,+/- 0.064,1,0.05,0.1,0.05,mg/L,2,N,A,P146059-6,,0,0,,,,,,25.042469,80.914819,WMD,E46077,WMD,WMD,WMD,2,BA,NO,9/28/23 7:49,89095006,9/29/23 14:06,SM4500NC,,97017,secchi on bottom,
FLAB17,FLAB,11/27/23,SAMP,MON,SA,G,,0.5,m,80,TOTAL NITROGEN,TOTN,0.509,,,0.51,+/- 0.063,1,0.05,0.1,0.05,mg/L,2,N,A,P146060-6,,0,0,,,,,,25.042469,80.914819,WMD,E46077,WMD,WMD,WMD,2,BA,NO,11/28/23 8:48,89096006,12/6/23 10:25,SM4500NC,,97017,Secchi on bottom.,
FLAB17,FLAB,2/21/24,SAMP,MON,SA,G,,0.5,m,80,TOTAL NITROGEN,TOTN,0.356,,,0.36,+/- 0.057,1,0.05,0.1,0.05,mg/L,2,N,A,P148340-6,,0,0,,,,,,25.042469,80.914819,WMD,E46077,WMD,WMD,WMD,2,BA,NO,2/22/24 8:09,90200006,3/1/24 10:44,SM 4500-N C,,97017,Secchi on bottom.,
FLAB17,FLAB,4/18/24,SAMP,MON,SA,G,,0.5,m,80,TOTAL NITROGEN,TOTN,0.845,,,0.84,+/- 0.081,1,0.05,0.1,0.05,mg/L,2,N,A,P149303-6,,0,0,,,,,,25.042469,80.914819,WMD,E46077,WMD,WMD,WMD,2,BA,NO,4/19/24 8:21,90666006,4/23/24 10:36,SM 4500-N C,,97017,secchi on bottom,
FLAB17,FLAB,7/31/24,SAMP,MON,SA,G,,0.5,m,80,TOTAL NITROGEN,TOTN,0.8,,,0.8,+/- 0.078,1,0.05,0.1,0.05,mg/L,2,N,A,P152197-6,,0,0,,,,,,25.042469,80.914819,WMD,E46077,WMD,WMD,WMD,2,BA,NO,8/1/24 8:01,92110006,8/7/24 10:54,SM 4500-N C,,97017,SOB.,
FLAB17,FLAB,9/30/24,SAMP,MON,SA,G,,0.5,m,80,TOTAL NITROGEN,TOTN,0.948,,,0.95,+/- 0.087,1,0.05,0.1,0.05,mg/L,2,N,A,P153173-6,,0,0,,,,,,25.042469,80.914819,WMD,E46077,WMD,WMD,WMD,2,BA,NO,10/1/24 8:31,92601006,10/7/24 12:30,SM 4500-N C,,97017,Secchi on bottom.,
FLAB17,FLAB,11/19/24,SAMP,MON,SA,G,,0.5,m,80,TOTAL NITROGEN,TOTN,1.11,,,1.11,+/- 0.097,1,0.05,0.1,0.05,mg/L,2,N,A,P154026-6,,0,0,,,,,,25.042469,80.914819,WMD,E46077,WMD,WMD,WMD,2,BA,NO,11/20/24 8:23,93034006,12/10/24 14:53,SM 4500-N C,,97017,,
FLAB17,FLAB,2/13/25,SAMP,MON,SA,G,,0.5,m,80,TOTAL NITROGEN,TOTN,0.478,,,0.48,+/- 0.062,1,0.05,0.1,0.05,mg/L,2,N,A,P155967-6,,0,0,,,,,,25.042469,80.914819,WMD,E46077,WMD,WMD,WMD,2,BA,NO,2/14/25 8:47,93979006,2/19/25 15:07,SM 4500-N C,,97017,Secchi on bottom.,
FLAB17,FLAB,3/25/25,SAMP,MON,SA,G,,0.5,m,80,TOTAL NITROGEN,TOTN,0.359,,,0.36,+/- 0.057,1,0.05,0.1,0.05,mg/L,2,N,A,P157082-6,,0,0,,,,,,25.042469,80.914819,WMD,E46077,WMD,WMD,WMD,2,BA,NO,3/26/25 8:54,94540006,4/2/25 10:28,SM 4500-N C,,97017,Secchi on bottom.,
FLAB17,FLAB,5/7/25,SAMP,MON,SA,G,,0.5,m,80,TOTAL NITROGEN,TOTN,0.848,,,0.85,+/- 0.081,1,0.05,0.1,0.05,mg/L,2,N,A,P158026-3,,0,0,,,,,,25.042469,80.914819,WMD,E46077,WMD,WMD,WMD,2,BA,NO,5/8/25 8:31,95009003,5/15/25 13:14,SM 4500-N C,,97017,Secchi on bottom,
FLAB17,FLAB,7/10/25,SAMP,MON,SA,G,,0.5,m,80,TOTAL NITROGEN,TOTN,0.753,,,0.75,+/- 0.075,1,0.05,0.1,0.05,mg/L,2,N,A,P159507-3,,0,0,,,,,,25.042469,80.914819,WMD,E46077,WMD,WMD,WMD,2,BA,NO,7/11/25 9:57,95742003,7/18/25 12:58,SM 4500-N C,,97017,Secchi visible on bottom,
FLAB17,FLAB,9/9/25,SAMP,MON,SA,G,,0.5,m,80,TOTAL NITROGEN,TOTN,0.444,,,0.44,,1,0.05,0.1,0.05,mg/L,,N,P,P160871-3,,0,0,,,1.7,,,25.042469,-80.914819,,E46077,WMD,,,,BA,,9/10/25 8:53,96441003,9/12/25 14:43,SM 4500-N C,,97017,secchi on bottom. sea grass on water surface avoided during sample collection,
FLAB17,FLAB,3/15/91,SAMP,MON,SA,G,,0,,98,SALINITY,SALIN,39,,,39,,,,,,PSU,1,N,A,FIU15661,,0,0,,,,,,25.042469,80.914819,,,FIU,FIU,,,,,,,,,,,,
FLAB17,FLAB,4/15/91,SAMP,MON,SA,G,,0,,98,SALINITY,SALIN,45,,,45,,,,,,PSU,1,N,A,FIU15662,,0,0,,,,,,25.042469,80.914819,,,FIU,FIU,,,,,,,,,,,,
FLAB17,FLAB,5/15/91,SAMP,MON,SA,G,,0,,98,SALINITY,SALIN,51,,,51,,,,,,PSU,1,N,A,FIU15665,,0,0,,,,,,25.042469,80.914819,,,FIU,FIU,,,,,,,,,,,,
FLAB17,FLAB,6/15/91,SAMP,MON,SA,G,,0,,98,SALINITY,SALIN,40.6,,,40.6,,,,,,PSU,1,N,A,FIU15666,,0,0,,,,,,25.042469,80.914819,,,FIU,FIU,,,,,,,,,,,,
FLAB17,FLAB,7/15/91,SAMP,MON,SA,G,,0,,98,SALINITY,SALIN,37.4,,,37.4,,,,,,PSU,1,N,A,FIU15668,,0,0,,,,,,25.042469,80.914819,,,FIU,FIU,,,,,,,,,,,,
FLAB17,FLAB,8/15/91,SAMP,MON,SA,G,,0,,98,SALINITY,SALIN,33.6,,,33.6,,,,,,PSU,1,N,A,FIU15671,,0,0,,,,,,25.042469,80.914819,,,FIU,FIU,,,,,,,,,,,,
FLAB17,FLAB,9/15/91,SAMP,MON,SA,G,,0,,98,SALINITY,SALIN,36.5,,,36.5,,,,,,PSU,1,N,A,FIU15672,,0,0,,,,,,25.042469,80.914819,,,FIU,FIU,,,,,,,,,,,,
FLAB17,FLAB,10/15/91,SAMP,MON,SA,G,,0,,98,SALINITY,SALIN,35,,,35,,,,,,PSU,1,N,A,FIU15675,,0,0,,,,,,25.042469,80.914819,,,FIU,FIU,,,,,,,,,,,,
FLAB17,FLAB,11/15/91,SAMP,MON,SA,G,,0,,98,SALINITY,SALIN,37.8,,,37.8,,,,,,PSU,1,N,A,FIU15676,,0,0,,,,,,25.042469,80.914819,,,FIU,FIU,,,,,,,,,,,,
FLAB17,FLAB,12/15/91,SAMP,MON,SA,G,,0,,98,SALINITY,SALIN,36.4,,,36.4,,,,,,PSU,1,N,A,FIU15679,,0,0,,,,,,25.042469,80.914819,,,FIU,FIU,,,,,,,,,,,,
FLAB17,FLAB,1/15/92,SAMP,MON,SA,G,,0,,98,SALINITY,SALIN,34.2,,,34.2,,,,,,PSU,1,N,A,FIU15680,,0,0,,,,,,25.042469,80.914819,,,FIU,FIU,,,,,,,,,,,,
FLAB17,FLAB,2/15/92,SAMP,MON,SA,G,,0,,98,SALINITY,SALIN,34.7,,,34.7,,,,,,PSU,1,N,A,FIU15682,,0,0,,,,,,25.042469,80.914819,,,FIU,FIU,,,,,,,,,,,,
FLAB17,FLAB,3/15/92,SAMP,MON,SA,G,,0,,98,SALINITY,SALIN,36.5,,,36.5,,,,,,PSU,1,N,A,FIU15685,,0,0,,,,,,25.042469,80.914819,,,FIU,FIU,,,,,,,,,,,,
FLAB17,FLAB,4/15/92,SAMP,MON,SA,G,,0,,98,SALINITY,SALIN,40.9,,,40.9,,,,,,PSU,1,N,A,FIU15686,,0,0,,,,,,25.042469,80.914819,,,FIU,FIU,,,,,,,,,,,,
FLAB17,FLAB,5/15/92,SAMP,MON,SA,G,,0,,98,SALINITY,SALIN,39.8,,,39.8,,,,,,PSU,1,N,A,FIU15688,,0,0,,,,,,25.042469,80.914819,,,FIU,FIU,,,,,,,,,,,,
FLAB17,FLAB,6/15/92,SAMP,MON,SA,G,,0,,98,SALINITY,SALIN,29.2,,,29.2,,,,,,PSU,1,N,A,FIU15690,,0,0,,,,,,25.042469,80.914819,,,FIU,FIU,,,,,,,,,,,,
FLAB17,FLAB,7/15/92,SAMP,MON,SA,G,,0,,98,SALINITY,SALIN,34.3,,,34.3,,,,,,PSU,1,N,A,FIU15692,,0,0,,,,,,25.042469,80.914819,,,FIU,FIU,,,,,,,,,,,,
FLAB17,FLAB,8/15/92,SAMP,MON,SA,G,,0,,98,SALINITY,SALIN,36.2,,,36.2,,,,,,PSU,1,N,A,FIU15694,,0,0,,,,,,25.042469,80.914819,,,FIU,FIU,,,,,,,,,,,,
FLAB17,FLAB,9/15/92,SAMP,MON,SA,G,,0,,98,SALINITY,SALIN,35.9,,,35.9,,,,,,PSU,1,N,A,FIU15697,,0,0,,,,,,25.042469,80.914819,,,FIU,FIU,,,,,,,,,,,,
FLAB17,FLAB,10/15/92,SAMP,MON,SA,G,,0,,98,SALINITY,SALIN,35.7,,,35.7,,,,,,PSU,1,N,A,FIU15699,,0,0,,,,,,25.042469,80.914819,,,FIU,FIU,,,,,,,,,,,,
FLAB17,FLAB,11/15/92,SAMP,MON,SA,G,,0,,98,SALINITY,SALIN,34,,,34,,,,,,PSU,1,N,A,FIU15701,,0,0,,,,,,25.042469,80.914819,,,FIU,FIU,,,,,,,,,,,,
FLAB17,FLAB,12/15/92,SAMP,MON,SA,G,,0,,98,SALINITY,SALIN,31.6,,,31.6,,,,,,PSU,1,N,A,FIU15703,,0,0,,,,,,25.042469,80.914819,,,FIU,FIU,,,,,,,,,,,,
FLAB17,FLAB,1/21/93,SAMP,MON,SA,G,,0,,98,SALINITY,SALIN,30.2,,,30.2,,,,,,PSU,1,N,A,FIU15704,,0,0,,,,,,25.042469,80.914819,,,FIU,FIU,,,,,,,,,,,,
FLAB17,FLAB,2/10/93,SAMP,MON,SA,G,,0,,98,SALINITY,SALIN,31.9,,,31.9,,,,,,PSU,1,N,A,FIU15705,,0,0,,,,,,25.042469,80.914819,,,FIU,FIU,,,,,,,,,,,,
FLAB17,FLAB,3/10/93,SAMP,MON,SA,G,,0,,98,SALINITY,SALIN,31.7,,,31.7,,,,,,PSU,1,N,A,FIU15706,,0,0,,,,,,25.042469,80.914819,,,FIU,FIU,,,,,,,,,,,,
FLAB17,FLAB,4/7/93,SAMP,MON,SA,G,,0,,98,SALINITY,SALIN,33.9,,,33.9,,,,,,PSU,1,N,A,FIU15707,,0,0,,,,,,25.042469,80.914819,,,FIU,FIU,,,,,,,,,,,,
FLAB17,FLAB,5/12/93,SAMP,MON,SA,G,,0,,98,SALINITY,SALIN,39.6,,,39.6,,,,,,PSU,1,N,A,FIU15708,,0,0,,,,,,25.042469,80.914819,,,FIU,FIU,,,,,,,,,,,,
FLAB17,FLAB,6/3/93,SAMP,MON,SA,G,,0,,98,SALINITY,SALIN,36.8,,,36.8,,,,,,PSU,1,N,A,FIU15709,,0,0,,,,,,25.042469,80.914819,,,FIU,FIU,,,,,,,,,,,,
FLAB17,FLAB,7/7/93,SAMP,MON,SA,G,,0,,98,SALINITY,SALIN,38.6,,,38.6,,,,,,PSU,1,N,A,FIU15710,,0,0,,,,,,25.042469,80.914819,,,FIU,FIU,,,,,,,,,,,,
FLAB17,FLAB,8/4/93,SAMP,MON,SA,G,,0,,98,SALINITY,SALIN,38.8,,,38.8,,,,,,PSU,1,N,A,FIU15711,,0,0,,,,,,25.042469,80.914819,,,FIU,FIU,,,,,,,,,,,,
FLAB17,FLAB,9/9/93,SAMP,MON,SA,G,,0,,98,SALINITY,SALIN,37.6,,,37.6,,,,,,PSU,1,N,A,FIU15712,,0,0,,,,,,25.042469,80.914819,,,FIU,FIU,,,,,,,,,,,,
FLAB17,FLAB,10/6/93,SAMP,MON,SA,G,,0,,98,SALINITY,SALIN,38.4,,,38.4,,,,,,PSU,1,N,A,FIU15713,,0,0,,,,,,25.042469,80.914819,,,FIU,FIU,,,,,,,,,,,,
FLAB17,FLAB,11/3/93,SAMP,MON,SA,G,,0,,98,SALINITY,SALIN,37,,,37,,,,,,PSU,1,N,A,FIU15714,,0,0,,,,,,25.042469,80.914819,,,FIU,FIU,,,,,,,,,,,,
FLAB17,FLAB,12/2/93,SAMP,MON,SA,G,,0,,98,SALINITY,SALIN,35.8,,,35.8,,,,,,PSU,1,N,A,FIU15715,,0,0,,,,,,25.042469,80.914819,,,FIU,FIU,,,,,,,,,,,,
FLAB17,FLAB,1/11/94,SAMP,MON,SA,G,,0,,98,SALINITY,SALIN,30.3,,,30.3,,,,,,PSU,1,N,A,FIU15716,,0,0,,,,,,25.042469,80.914819,,,FIU,FIU,,,,,,,,,,,,
FLAB17,FLAB,2/2/94,SAMP,MON,SA,G,,0,,98,SALINITY,SALIN,32.5,,,32.5,,,,,,PSU,1,N,A,FIU15717,,0,0,,,,,,25.042469,80.914819,,,FIU,FIU,,,,,,,,,,,,
FLAB17,FLAB,3/8/94,SAMP,MON,SA,G,,0,,98,SALINITY,SALIN,34.5,,,34.5,,,,,,PSU,1,N,A,FIU15718,,0,0,,,,,,25.042469,80.914819,,,FIU,FIU,,,,,,,,,,,,
FLAB17,FLAB,4/6/94,SAMP,MON,SA,G,,0,,98,SALINITY,SALIN,36.7,D,,36.7,,,,,,PSU,1,N,A,FIU15719,,0,0,,,,,,25.042469,80.914819,,,FIU,FIU,,,,,,,,,,,,
FLAB17,FLAB,4/6/94,SAMP,MON,SA,G,,1.8,,98,SALINITY,SALIN,36.7,D,,36.7,,,,,,PSU,1,N,A,FIU15720,,0,0,,,,,,25.042469,80.914819,,,FIU,FIU,,,,,,,,,,,,
FLAB17,FLAB,5/4/94,SAMP,MON,SA,G,,0,,98,SALINITY,SALIN,35,D,,35,,,,,,PSU,1,N,A,FIU15721,,0,0,,,,,,25.042469,80.914819,,,FIU,FIU,,,,,,,,,,,,
FLAB17,FLAB,5/4/94,SAMP,MON,SA,G,,1.8,,98,SALINITY,SALIN,35,D,,35,,,,,,PSU,1,N,A,FIU15722,,0,0,,,,,,25.042469,80.914819,,,FIU,FIU,,,,,,,,,,,,
FLAB17,FLAB,6/8/94,SAMP,MON,SA,G,,0,,98,SALINITY,SALIN,36.9,D,,36.9,,,,,,PSU,1,N,A,FIU15723,,0,0,,,,,,25.042469,80.914819,,,FIU,FIU,,,,,,,,,,,,
FLAB17,FLAB,6/8/94,SAMP,MON,SA,G,,1.8,,98,SALINITY,SALIN,36.9,D,,36.9,,,,,,PSU,1,N,A,FIU15724,,0,0,,,,,,25.042469,80.914819,,,FIU,FIU,,,,,,,,,,,,
FLAB17,FLAB,7/7/94,SAMP,MON,SA,G,,0,,98,SALINITY,SALIN,38,D,,38,,,,,,PSU,1,N,A,FIU15725,,0,0,,,,,,25.042469,80.914819,,,FIU,FIU,,,,,,,,,,,,
FLAB17,FLAB,7/7/94,SAMP,MON,SA,G,,1.8,,98,SALINITY,SALIN,38,D,,38,,,,,,PSU,1,N,A,FIU15726,,0,0,,,,,,25.042469,80.914819,,,FIU,FIU,,,,,,,,,,,,
FLAB17,FLAB,8/4/94,SAMP,MON,SA,G,,1.8,,98,SALINITY,SALIN,39.7,D,,39.7,,,,,,PSU,1,N,A,FIU15728,,0,0,,,,,,25.042469,80.914819,,,FIU,FIU,,,,,,,,,,,,
FLAB17,FLAB,8/4/94,SAMP,MON,SA,G,,0,,98,SALINITY,SALIN,39.6,D,,39.6,,,,,,PSU,1,N,A,FIU15727,,0,0,,,,,,25.042469,80.914819,,,FIU,FIU,,,,,,,,,,,,
FLAB17,FLAB,9/14/94,SAMP,MON,SA,G,,1.8,,98,SALINITY,SALIN,35,D,,35,,,,,,PSU,1,N,A,FIU15730,,0,0,,,,,,25.042469,80.914819,,,FIU,FIU,,,,,,,,,,,,
FLAB17,FLAB,9/14/94,SAMP,MON,SA,G,,0,,98,SALINITY,SALIN,35,D,,35,,,,,,PSU,1,N,A,FIU15729,,0,0,,,,,,25.042469,80.914819,,,FIU,FIU,,,,,,,,,,,,
FLAB17,FLAB,10/5/94,SAMP,MON,SA,G,,0,,98,SALINITY,SALIN,30.4,D,,30.4,,,,,,PSU,1,N,A,FIU15731,,0,0,,,,,,25.042469,80.914819,,,FIU,FIU,,,,,,,,,,,,
FLAB17,FLAB,10/5/94,SAMP,MON,SA,G,,1.8,,98,SALINITY,SALIN,30.8,D,,30.8,,,,,,PSU,1,N,A,FIU15732,,0,0,,,,,,25.042469,80.914819,,,FIU,FIU,,,,,,,,,,,,
FLAB17,FLAB,11/2/94,SAMP,MON,SA,G,,1.8,,98,SALINITY,SALIN,22.1,D,,22.1,,,,,,PSU,1,N,A,FIU15734,,0,0,,,,,,25.042469,80.914819,,,FIU,FIU,,,,,,,,,,,,
FLAB17,FLAB,11/2/94,SAMP,MON,SA,G,,0,,98,SALINITY,SALIN,32.9,D,,32.9,,,,,,PSU,1,N,A,FIU15733,,0,0,,,,,,25.042469,80.914819,,,FIU,FIU,,,,,,,,,,,,
FLAB17,FLAB,11/22/94,SAMP,MON,SA,G,,0,,98,SALINITY,SALIN,31.4,D,,31.4,,,,,,PSU,1,N,A,FIU15735,,0,0,,,,,,25.042469,80.914819,,,FIU,FIU,,,,,,,,,,,,
FLAB17,FLAB,11/22/94,SAMP,MON,SA,G,,1.8,,98,SALINITY,SALIN,32.3,D,,32.3,,,,,,PSU,1,N,A,FIU15736,,0,0,,,,,,25.042469,80.914819,,,FIU,FIU,,,,,,,,,,,,
FLAB17,FLAB,12/1/94,SAMP,MON,SA,G,,1.8,,98,SALINITY,SALIN,31.8,D,,31.8,,,,,,PSU,1,N,A,FIU15738,,0,0,,,,,,25.042469,80.914819,,,FIU,FIU,,,,,,,,,,,,
FLAB17,FLAB,12/1/94,SAMP,MON,SA,G,,0,,98,SALINITY,SALIN,31.7,D,,31.7,,,,,,PSU,1,N,A,FIU15737,,0,0,,,,,,25.042469,80.914819,,,FIU,FIU,,,,,,,,,,,,
FLAB17,FLAB,1/5/95,SAMP,MON,SA,G,,1.8,,98,SALINITY,SALIN,28.2,,,28.2,,,,,,PSU,1,N,A,FIU15740,,0,0,,,,,,25.042469,80.914819,,,FIU,FIU,,,,,,,,,,,,
FLAB17,FLAB,1/5/95,SAMP,MON,SA,G,,0,,98,SALINITY,SALIN,28.2,,,28.2,,,,,,PSU,1,N,A,FIU15739,,0,0,,,,,,25.042469,80.914819,,,FIU,FIU,,,,,,,,,,,,
FLAB17,FLAB,2/2/95,SAMP,MON,SA,G,,1.8,,98,SALINITY,SALIN,26.4,D,,26.4,,,,,,PSU,1,N,A,FIU15742,,0,0,,,,,,25.042469,80.914819,,,FIU,FIU,,,,,,,,,,,,
FLAB17,FLAB,2/2/95,SAMP,MON,SA,G,,0,,98,SALINITY,SALIN,26.4,D,,26.4,,,,,,PSU,1,N,A,FIU15741,,0,0,,,,,,25.042469,80.914819,,,FIU,FIU,,,,,,,,,,,,
FLAB17,FLAB,3/1/95,SAMP,MON,SA,G,,1.8,,98,SALINITY,SALIN,27.6,D,,27.6,,,,,,PSU,1,N,A,FIU15744,,0,0,,,,,,25.042469,80.914819,,,FIU,FIU,,,,,,,,,,,,
FLAB17,FLAB,3/1/95,SAMP,MON,SA,G,,0,,98,SALINITY,SALIN,27.5,D,,27.5,,,,,,PSU,1,N,A,FIU15743,,0,0,,,,,,25.042469,80.914819,,,FIU,FIU,,,,,,,,,,,,
FLAB17,FLAB,4/19/95,SAMP,MON,SA,G,,1.8,,98,SALINITY,SALIN,31.8,D,,31.8,,,,,,PSU,1,N,A,FIU15746,,0,0,,,,,,25.042469,80.914819,,,FIU,FIU,,,,,,,,,,,,
FLAB17,FLAB,4/19/95,SAMP,MON,SA,G,,0,,98,SALINITY,SALIN,31.8,D,,31.8,,,,,,PSU,1,N,A,FIU15745,,0,0,,,,,,25.042469,80.914819,,,FIU,FIU,,,,,,,,,,,,
FLAB17,FLAB,5/24/95,SAMP,MON,SA,G,,1.8,,98,SALINITY,SALIN,29.3,D,,29.3,,,,,,PSU,1,N,A,FIU15748,,0,0,,,,,,25.042469,80.914819,,,FIU,FIU,,,,,,,,,,,,
FLAB17,FLAB,5/24/95,SAMP,MON,SA,G,,0,,98,SALINITY,SALIN,29.3,D,,29.3,,,,,,PSU,1,N,A,FIU15747,,0,0,,,,,,25.042469,80.914819,,,FIU,FIU,,,,,,,,,,,,
FLAB17,FLAB,6/21/95,SAMP,MON,SA,G,,0,,98,SALINITY,SALIN,31.6,D,,31.6,,,,,,PSU,1,N,A,FIU15749,,0,0,,,,,,25.042469,80.914819,,,FIU,FIU,,,,,,,,,,,,
FLAB17,FLAB,6/21/95,SAMP,MON,SA,G,,1.8,,98,SALINITY,SALIN,31.6,D,,31.6,,,,,,PSU,1,N,A,FIU15750,,0,0,,,,,,25.042469,80.914819,,,FIU,FIU,,,,,,,,,,,,
FLAB17,FLAB,7/12/95,SAMP,MON,SA,G,,1.8,,98,SALINITY,SALIN,32.3,D,,32.3,,,,,,PSU,1,N,A,FIU15752,,0,0,,,,,,25.042469,80.914819,,,FIU,FIU,,,,,,,,,,,,
FLAB17,FLAB,7/12/95,SAMP,MON,SA,G,,0,,98,SALINITY,SALIN,32.3,D,,32.3,,,,,,PSU,1,N,A,FIU15751,,0,0,,,,,,25.042469,80.914819,,,FIU,FIU,,,,,,,,,,,,
FLAB17,FLAB,8/11/95,SAMP,MON,SA,G,,0,,98,SALINITY,SALIN,32,D,,32,,,,,,PSU,1,N,A,FIU15753,,0,0,,,,,,25.042469,80.914819,,,FIU,FIU,,,,,,,,,,,,
FLAB17,FLAB,8/11/95,SAMP,MON,SA,G,,1.8,,98,SALINITY,SALIN,32.1,D,,32.1,,,,,,PSU,1,N,A,FIU15754,,0,0,,,,,,25.042469,80.914819,,,FIU,FIU,,,,,,,,,,,,
FLAB17,FLAB,9/6/95,SAMP,MON,SA,G,,0,,98,SALINITY,SALIN,30.9,D,,30.9,,,,,,PSU,1,N,A,FIU15755,,0,0,,,,,,25.042469,80.914819,,,FIU,FIU,,,,,,,,,,,,
FLAB17,FLAB,9/6/95,SAMP,MON,SA,G,,1.8,,98,SALINITY,SALIN,31,D,,31,,,,,,PSU,1,N,A,FIU15756,,0,0,,,,,,25.042469,80.914819,,,FIU,FIU,,,,,,,,,,,,
FLAB17,FLAB,10/22/95,SAMP,MON,SA,G,,0,,98,SALINITY,SALIN,28.5,D,,28.5,,,,,,PSU,1,N,A,FIU15757,,0,0,,,,,,25.042469,80.914819,,,FIU,FIU,,,,,,,,,,,,
FLAB17,FLAB,10/22/95,SAMP,MON,SA,G,,1.8,,98,SALINITY,SALIN,28.5,D,,28.5,,,,,,PSU,1,N,A,FIU15758,,0,0,,,,,,25.042469,80.914819,,,FIU,FIU,,,,,,,,,,,,
FLAB17,FLAB,11/17/95,SAMP,MON,SA,G,,0,,98,SALINITY,SALIN,31.2,D,,31.2,,,,,,PSU,1,N,A,FIU15759,,0,0,,,,,,25.042469,80.914819,,,FIU,FIU,,,,,,,,,,,,
FLAB17,FLAB,11/17/95,SAMP,MON,SA,G,,1.8,,98,SALINITY,SALIN,31.2,D,,31.2,,,,,,PSU,1,N,A,FIU15760,,0,0,,,,,,25.042469,80.914819,,,FIU,FIU,,,,,,,,,,,,
FLAB17,FLAB,12/14/95,SAMP,MON,SA,G,,1.8,,98,SALINITY,SALIN,28,D,,28,,,,,,PSU,1,N,A,FIU15762,,0,0,,,,,,25.042469,80.914819,,,FIU,FIU,,,,,,,,,,,,
FLAB17,FLAB,12/14/95,SAMP,MON,SA,G,,0,,98,SALINITY,SALIN,28,D,,28,,,,,,PSU,1,N,A,FIU15761,,0,0,,,,,,25.042469,80.914819,,,FIU,FIU,,,,,,,,,,,,
FLAB17,FLAB,1/23/96,SAMP,MON,SA,G,,0,,98,SALINITY,SALIN,28.8,D,,28.8,,,,,,PSU,1,N,A,FIU15763,,0,0,,,,,,25.042469,80.914819,,,FIU,FIU,,,,,,,,,,,,
FLAB17,FLAB,1/23/96,SAMP,MON,SA,G,,1.8,,98,SALINITY,SALIN,28.9,D,,28.9,,,,,,PSU,1,N,A,FIU15764,,0,0,,,,,,25.042469,80.914819,,,FIU,FIU,,,,,,,,,,,,
FLAB17,FLAB,2/12/96,SAMP,MON,SA,G,,0,,98,SALINITY,SALIN,30,D,,30,,,,,,PSU,1,N,A,FIU15765,,0,0,,,,,,25.042469,80.914819,,,FIU,FIU,,,,,,,,,,,,
FLAB17,FLAB,2/12/96,SAMP,MON,SA,G,,1.8,,98,SALINITY,SALIN,29.8,D,,29.8,,,,,,PSU,1,N,A,FIU15766,,0,0,,,,,,25.042469,80.914819,,,FIU,FIU,,,,,,,,,,,,
FLAB17,FLAB,3/22/96,SAMP,MON,SA,G,,1.8,,98,SALINITY,SALIN,31.8,D,,31.8,,,,,,PSU,1,N,A,FIU15768,,0,0,,,,,,25.042469,80.914819,,,FIU,FIU,,,,,,,,,,,,
FLAB17,FLAB,3/22/96,SAMP,MON,SA,G,,0,,98,SALINITY,SALIN,31.8,D,,31.8,,,,,,PSU,1,N,A,FIU15767,,0,0,,,,,,25.042469,80.914819,,,FIU,FIU,,,,,,,,,,,,
FLAB17,FLAB,4/25/96,SAMP,MON,SA,G,,0,,98,SALINITY,SALIN,35,D,,35,,,,,,PSU,1,N,A,FIU15769,,0,0,,,,,,25.042469,80.914819,,,FIU,FIU,,,,,,,,,,,,
FLAB17,FLAB,4/25/96,SAMP,MON,SA,G,,1.8,,98,SALINITY,SALIN,35.3,D,,35.3,,,,,,PSU,1,N,A,FIU15770,,0,0,,,,,,25.042469,80.914819,,,FIU,FIU,,,,,,,,,,,,
FLAB17,FLAB,5/10/96,SAMP,MON,SA,G,,1.8,,98,SALINITY,SALIN,37.1,D,,37.1,,,,,,PSU,1,N,A,FIU15772,,0,0,,,,,,25.042469,80.914819,,,FIU,FIU,,,,,,,,,,,,
FLAB17,FLAB,5/10/96,SAMP,MON,SA,G,,0,,98,SALINITY,SALIN,37.1,D,,37.1,,,,,,PSU,1,N,A,FIU15771,,0,0,,,,,,25.042469,80.914819,,,FIU,FIU,,,,,,,,,,,,
FLAB17,FLAB,6/6/96,SAMP,MON,SA,G,,0,,98,SALINITY,SALIN,37.5,D,,37.5,,,,,,PSU,1,N,A,FIU15773,,0,0,,,,,,25.042469,80.914819,,,FIU,FIU,,,,,,,,,,,,
FLAB17,FLAB,6/6/96,SAMP,MON,SA,G,,1.8,,98,SALINITY,SALIN,37.5,D,,37.5,,,,,,PSU,1,N,A,FIU15774,,0,0,,,,,,25.042469,80.914819,,,FIU,FIU,,,,,,,,,,,,
FLAB17,FLAB,7/5/96,SAMP,MON,SA,G,,0.1,,98,SALINITY,SALIN,35.9,D,,35.9,,,,,,PSU,1,N,A,FIU15775,,0,0,,,,,,25.042469,80.914819,,,FIU,FIU,,,,,,,,,,,,
FLAB17,FLAB,7/5/96,SAMP,MON,SA,G,,1.8,,98,SALINITY,SALIN,35.8,D,,35.8,,,,,,PSU,1,N,A,FIU15776,,0,0,,,,,,25.042469,80.914819,,,FIU,FIU,,,,,,,,,,,,
FLAB17,FLAB,8/22/96,SAMP,MON,SA,G,,1.8,,98,SALINITY,SALIN,38.9,D,,38.9,,,,,,PSU,1,N,A,FIU15778,,0,0,,,,,,25.042469,80.914819,,,FIU,FIU,,,,,,,,,,,,
FLAB17,FLAB,8/22/96,SAMP,MON,SA,G,,0.1,,98,SALINITY,SALIN,38.9,D,,38.9,,,,,,PSU,1,N,A,FIU15777,,0,0,,,,,,25.042469,80.914819,,,FIU,FIU,,,,,,,,,,,,
FLAB17,FLAB,9/14/96,SAMP,MON,SA,G,,0.1,,98,SALINITY,SALIN,34.7,D,,34.7,,,,,,PSU,1,N,A,FIU15779,,0,0,,,,,,25.042469,80.914819,,,FIU,FIU,,,,,,,,,,,,
FLAB17,FLAB,9/14/96,SAMP,MON,SA,G,,1.8,,98,SALINITY,SALIN,34.8,D,,34.8,,,,,,PSU,1,N,A,FIU15780,,0,0,,,,,,25.042469,80.914819,,,FIU,FIU,,,,,,,,,,,,
FLAB17,FLAB,10/15/96,SAMP,MON,SA,G,,0.1,,98,SALINITY,SALIN,33.4,D,,33.4,,,,,,PSU,1,N,A,FIU15781,,0,0,,,,,,25.042469,80.914819,,,FIU,FIU,,,,,,,,,,,,
FLAB17,FLAB,10/15/96,SAMP,MON,SA,G,,1.8,,98,SALINITY,SALIN,33.3,D,,33.3,,,,,,PSU,1,N,A,FIU15782,,0,0,,,,,,25.042469,80.914819,,,FIU,FIU,,,,,,,,,,,,
FLAB17,FLAB,11/7/96,SAMP,MON,SA,G,,1.8,,98,SALINITY,SALIN,32,D,,32,,,,,,PSU,1,N,A,FIU15784,,0,0,,,,,,25.042469,80.914819,,,FIU,FIU,,,,,,,,,,,,
FLAB17,FLAB,11/7/96,SAMP,MON,SA,G,,0.1,,98,SALINITY,SALIN,31.6,D,,31.6,,,,,,PSU,1,N,A,FIU15783,,0,0,,,,,,25.042469,80.914819,,,FIU,FIU,,,,,,,,,,,,
FLAB17,FLAB,12/6/96,SAMP,MON,SA,G,,0.1,,98,SALINITY,SALIN,33.2,D,,33.2,,,,,,PSU,1,N,A,FIU15785,,0,0,,,,,,25.042469,80.914819,,,FIU,FIU,,,,,,,,,,,,
FLAB17,FLAB,12/6/96,SAMP,MON,SA,G,,1.8,,98,SALINITY,SALIN,33.2,D,,33.2,,,,,,PSU,1,N,A,FIU15786,,0,0,,,,,,25.042469,80.914819,,,FIU,FIU,,,,,,,,,,,,
FLAB17,FLAB,1/8/97,SAMP,MON,SA,G,,1.8,,98,SALINITY,SALIN,32.9,D,,32.9,,,,,,PSU,1,N,A,FIU15788,,0,0,,,,,,25.042469,80.914819,,,FIU,FIU,,,,,,,,,,,,
FLAB17,FLAB,1/8/97,SAMP,MON,SA,G,,0.1,,98,SALINITY,SALIN,32.9,D,,32.9,,,,,,PSU,1,N,A,FIU15787,,0,0,,,,,,25.042469,80.914819,,,FIU,FIU,,,,,,,,,,,,
FLAB17,FLAB,2/15/97,SAMP,MON,SA,G,,1.8,,98,SALINITY,SALIN,34.6,D,,34.6,,,,,,PSU,1,N,A,FIU15790,,0,0,,,,,,25.042469,80.914819,,,FIU,FIU,,,,,,,,,,,,
FLAB17,FLAB,2/15/97,SAMP,MON,SA,G,,0.1,,98,SALINITY,SALIN,34.6,D,,34.6,,,,,,PSU,1,N,A,FIU15789,,0,0,,,,,,25.042469,80.914819,,,FIU,FIU,,,,,,,,,,,,
FLAB17,FLAB,3/12/97,SAMP,MON,SA,G,,0.1,,98,SALINITY,SALIN,35,D,,35,,,,,,PSU,1,N,A,FIU15791,,0,0,,,,,,25.042469,80.914819,,,FIU,FIU,,,,,,,,,,,,
FLAB17,FLAB,3/12/97,SAMP,MON,SA,G,,1.8,,98,SALINITY,SALIN,35,D,,35,,,,,,PSU,1,N,A,FIU15792,,0,0,,,,,,25.042469,80.914819,,,FIU,FIU,,,,,,,,,,,,
FLAB17,FLAB,4/16/97,SAMP,MON,SA,G,,0.1,,98,SALINITY,SALIN,39.1,D,,39.1,,,,,,PSU,1,N,A,FIU15793,,0,0,,,,,,25.042469,80.914819,,,FIU,FIU,,,,,,,,,,,,
FLAB17,FLAB,4/16/97,SAMP,MON,SA,G,,1.8,,98,SALINITY,SALIN,39.1,D,,39.1,,,,,,PSU,1,N,A,FIU15794,,0,0,,,,,,25.042469,80.914819,,,FIU,FIU,,,,,,,,,,,,
FLAB17,FLAB,5/22/97,SAMP,MON,SA,G,,1.8,,98,SALINITY,SALIN,39.8,D,,39.8,,,,,,PSU,1,N,A,FIU15796,,0,0,,,,,,25.042469,80.914819,,,FIU,FIU,,,,,,,,,,,,
FLAB17,FLAB,5/22/97,SAMP,MON,SA,G,,0.1,,98,SALINITY,SALIN,39.8,D,,39.8,,,,,,PSU,1,N,A,FIU15795,,0,0,,,,,,25.042469,80.914819,,,FIU,FIU,,,,,,,,,,,,
FLAB17,FLAB,6/12/97,SAMP,MON,SA,G,,1.8,,98,SALINITY,SALIN,31.5,D,,31.5,,,,,,PSU,1,N,A,FIU15798,,0,0,,,,,,25.042469,80.914819,,,FIU,FIU,,,,,,,,,,,,
FLAB17,FLAB,6/12/97,SAMP,MON,SA,G,,0.1,,98,SALINITY,SALIN,31.5,D,,31.5,,,,,,PSU,1,N,A,FIU15797,,0,0,,,,,,25.042469,80.914819,,,FIU,FIU,,,,,,,,,,,,
FLAB17,FLAB,8/19/97,SAMP,MON,SA,G,,1.8,,98,SALINITY,SALIN,34.2,D,,34.2,,,,,,PSU,1,N,A,FIU15801,,0,0,,,,,,25.042469,80.914819,,,FIU,FIU,,,,,,,,,,,,
FLAB17,FLAB,8/19/97,SAMP,MON,SA,G,,0.1,,98,SALINITY,SALIN,34.3,D,,34.3,,,,,,PSU,1,N,A,FIU15800,,0,0,,,,,,25.042469,80.914819,,,FIU,FIU,,,,,,,,,,,,
FLAB17,FLAB,9/10/97,SAMP,MON,SA,G,,0.1,,98,SALINITY,SALIN,34.8,D,,34.8,,,,,,PSU,1,N,A,FIU15802,,0,0,,,,,,25.042469,80.914819,,,FIU,FIU,,,,,,,,,,,,
FLAB17,FLAB,9/10/97,SAMP,MON,SA,G,,1.8,,98,SALINITY,SALIN,34.8,D,,34.8,,,,,,PSU,1,N,A,FIU15803,,0,0,,,,,,25.042469,80.914819,,,FIU,FIU,,,,,,,,,,,,
FLAB17,FLAB,10/21/97,SAMP,MON,SA,G,,0.1,,98,SALINITY,SALIN,36.6,D,,36.6,,,,,,PSU,1,N,A,FIU15804,,0,0,,,,,,25.042469,80.914819,,,FIU,FIU,,,,,,,,,,,,
FLAB17,FLAB,10/21/97,SAMP,MON,SA,G,,1.8,,98,SALINITY,SALIN,36.8,D,,36.8,,,,,,PSU,1,N,A,FIU15805,,0,0,,,,,,25.042469,80.914819,,,FIU,FIU,,,,,,,,,,,,
FLAB17,FLAB,11/25/97,SAMP,MON,SA,G,,0.1,,98,SALINITY,SALIN,36.4,D,,36.4,,,,,,PSU,1,N,A,FIU15806,,0,0,,,,,,25.042469,80.914819,,,FIU,FIU,,,,,,,,,,,,
FLAB17,FLAB,11/25/97,SAMP,MON,SA,G,,1.8,,98,SALINITY,SALIN,36.4,D,,36.4,,,,,,PSU,1,N,A,FIU15807,,0,0,,,,,,25.042469,80.914819,,,FIU,FIU,,,,,,,,,,,,
FLAB17,FLAB,12/12/97,SAMP,MON,SA,G,,0.1,,98,SALINITY,SALIN,32.1,D,,32.1,,,,,,PSU,1,N,A,FIU15808,,0,0,,,,,,25.042469,80.914819,,,FIU,FIU,,,,,,,,,,,,
FLAB17,FLAB,12/12/97,SAMP,MON,SA,G,,1.8,,98,SALINITY,SALIN,32.1,D,,32.1,,,,,,PSU,1,N,A,FIU15809,,0,0,,,,,,25.042469,80.914819,,,FIU,FIU,,,,,,,,,,,,
FLAB17,FLAB,1/21/98,SAMP,MON,SA,G,,1.8,,98,SALINITY,SALIN,31.9,D,,31.9,,,,,,PSU,1,N,A,FIU15811,,0,0,,,,,,25.042469,80.914819,,,FIU,FIU,,,,,,,,,,,,
FLAB17,FLAB,1/21/98,SAMP,MON,SA,G,,0.1,,98,SALINITY,SALIN,31.9,D,,31.9,,,,,,PSU,1,N,A,FIU15810,,0,0,,,,,,25.042469,80.914819,,,FIU,FIU,,,,,,,,,,,,
FLAB17,FLAB,2/18/98,SAMP,MON,SA,G,,0.1,,98,SALINITY,SALIN,32.6,D,,32.6,,,,,,PSU,1,N,A,FIU15812,,0,0,,,,,,25.042469,80.914819,,,FIU,FIU,,,,,,,,,,,,
FLAB17,FLAB,2/18/98,SAMP,MON,SA,G,,1.8,,98,SALINITY,SALIN,32.6,D,,32.6,,,,,,PSU,1,N,A,FIU15813,,0,0,,,,,,25.042469,80.914819,,,FIU,FIU,,,,,,,,,,,,
FLAB17,FLAB,3/20/98,SAMP,MON,SA,G,,1.8,,98,SALINITY,SALIN,33.6,D,,33.6,,,,,,PSU,1,N,A,FIU15815,,0,0,,,,,,25.042469,80.914819,,,FIU,FIU,,,,,,,,,,,,
FLAB17,FLAB,3/20/98,SAMP,MON,SA,G,,0.1,,98,SALINITY,SALIN,33.6,D,,33.6,,,,,,PSU,1,N,A,FIU15814,,0,0,,,,,,25.042469,80.914819,,,FIU,FIU,,,,,,,,,,,,
FLAB17,FLAB,4/15/98,SAMP,MON,SA,G,,1.8,,98,SALINITY,SALIN,34.7,D,,34.7,,,,,,PSU,1,N,A,FIU15817,,0,0,,,,,,25.042469,80.914819,,,FIU,FIU,,,,,,,,,,,,
FLAB17,FLAB,4/15/98,SAMP,MON,SA,G,,0.1,,98,SALINITY,SALIN,34.7,D,,34.7,,,,,,PSU,1,N,A,FIU15816,,0,0,,,,,,25.042469,80.914819,,,FIU,FIU,,,,,,,,,,,,
FLAB17,FLAB,5/14/98,SAMP,MON,SA,G,,1.8,,98,SALINITY,SALIN,34.4,D,,34.4,,,,,,PSU,1,N,A,FIU15819,,0,0,,,,,,25.042469,80.914819,,,FIU,FIU,,,,,,,,,,,,
FLAB17,FLAB,5/14/98,SAMP,MON,SA,G,,0.1,,98,SALINITY,SALIN,34.5,D,,34.5,,,,,,PSU,1,N,A,FIU15818,,0,0,,,,,,25.042469,80.914819,,,FIU,FIU,,,,,,,,,,,,
FLAB17,FLAB,6/10/98,SAMP,MON,SA,G,,0.1,,98,SALINITY,SALIN,36.3,D,,36.3,,,,,,PSU,1,N,A,FIU15820,,0,0,,,,,,25.042469,80.914819,,,FIU,FIU,,,,,,,,,,,,
FLAB17,FLAB,6/10/98,SAMP,MON,SA,G,,1.8,,98,SALINITY,SALIN,36.2,D,,36.2,,,,,,PSU,1,N,A,FIU15821,,0,0,,,,,,25.042469,80.914819,,,FIU,FIU,,,,,,,,,,,,
FLAB17,FLAB,7/14/98,SAMP,MON,SA,G,,1.8,,98,SALINITY,SALIN,33.1,D,,33.1,,,,,,PSU,1,N,A,FIU15823,,0,0,,,,,,25.042469,80.914819,,,FIU,FIU,,,,,,,,,,,,
FLAB17,FLAB,7/14/98,SAMP,MON,SA,G,,0.1,,98,SALINITY,SALIN,33.1,D,,33.1,,,,,,PSU,1,N,A,FIU15822,,0,0,,,,,,25.042469,80.914819,,,FIU,FIU,,,,,,,,,,,,
FLAB17,FLAB,8/19/98,SAMP,MON,SA,G,,0.1,,98,SALINITY,SALIN,35.7,D,,35.7,,,,,,PSU,1,N,A,FIU15824,,0,0,,,,,,25.042469,80.914819,,,FIU,FIU,,,,,,,,,,,,
FLAB17,FLAB,8/19/98,SAMP,MON,SA,G,,1.8,,98,SALINITY,SALIN,35.7,D,,35.7,,,,,,PSU,1,N,A,FIU15825,,0,0,,,,,,25.042469,80.914819,,,FIU,FIU,,,,,,,,,,,,
FLAB17,FLAB,9/17/98,SAMP,MON,SA,G,,0.1,,98,SALINITY,SALIN,34.1,D,,34.1,,,,,,PSU,1,N,A,FIU15826,,0,0,,,,,,25.042469,80.914819,,,FIU,FIU,,,,,,,,,,,,
FLAB17,FLAB,9/17/98,SAMP,MON,SA,G,,1.8,,98,SALINITY,SALIN,34.1,D,,34.1,,,,,,PSU,1,N,A,FIU15827,,0,0,,,,,,25.042469,80.914819,,,FIU,FIU,,,,,,,,,,,,
FLAB17,FLAB,9/30/98,SAMP,MON,SA,G,,1.8,,98,SALINITY,SALIN,35.5,D,,35.5,,,,,,PSU,1,N,A,FIU15829,,0,0,,,,,,25.042469,80.914819,,,FIU,FIU,,,,,,,,,,,,
FLAB17,FLAB,9/30/98,SAMP,MON,SA,G,,0.1,,98,SALINITY,SALIN,35.5,D,,35.5,,,,,,PSU,1,N,A,FIU15828,,0,0,,,,,,25.042469,80.914819,,,FIU,FIU,,,,,,,,,,,,
FLAB17,FLAB,11/3/98,SAMP,MON,SA,G,,1.8,,98,SALINITY,SALIN,35.4,D,,35.4,,,,,,PSU,1,N,A,FIU15831,,0,0,,,,,,25.042469,80.914819,,,FIU,FIU,,,,,,,,,,,,
FLAB17,FLAB,11/3/98,SAMP,MON,SA,G,,0.1,,98,SALINITY,SALIN,35.4,D,,35.4,,,,,,PSU,1,N,A,FIU15830,,0,0,,,,,,25.042469,80.914819,,,FIU,FIU,,,,,,,,,,,,
FLAB17,FLAB,12/1/98,SAMP,MON,SA,G,,1.8,,98,SALINITY,SALIN,34.8,D,,34.8,,,,,,PSU,1,N,A,FIU15833,,0,0,,,,,,25.042469,80.914819,,,FIU,FIU,,,,,,,,,,,,
FLAB17,FLAB,12/1/98,SAMP,MON,SA,G,,0.1,,98,SALINITY,SALIN,34.8,D,,34.8,,,,,,PSU,1,N,A,FIU15832,,0,0,,,,,,25.042469,80.914819,,,FIU,FIU,,,,,,,,,,,,
FLAB17,FLAB,1/14/99,SAMP,MON,SA,G,,0.1,,98,SALINITY,SALIN,30.8,D,,30.8,,,,,,PSU,1,N,A,FIU15834,,0,0,,,,,,25.042469,80.914819,,,FIU,FIU,,,,,,,,,,,,
FLAB17,FLAB,1/14/99,SAMP,MON,SA,G,,1.8,,98,SALINITY,SALIN,30.7,D,,30.7,,,,,,PSU,1,N,A,FIU15835,,0,0,,,,,,25.042469,80.914819,,,FIU,FIU,,,,,,,,,,,,
FLAB17,FLAB,2/10/99,SAMP,MON,SA,G,,0.1,,98,SALINITY,SALIN,32.3,D,,32.3,,,,,,PSU,1,N,A,FIU15836,,0,0,,,,,,25.042469,80.914819,,,FIU,FIU,,,,,,,,,,,,
FLAB17,FLAB,2/10/99,SAMP,MON,SA,G,,1.8,,98,SALINITY,SALIN,32.2,D,,32.2,,,,,,PSU,1,N,A,FIU15837,,0,0,,,,,,25.042469,80.914819,,,FIU,FIU,,,,,,,,,,,,
FLAB17,FLAB,3/23/99,SAMP,MON,SA,G,,1.8,,98,SALINITY,SALIN,32.4,D,,32.4,,,,,,PSU,1,N,A,FIU15839,,0,0,,,,,,25.042469,80.914819,,,FIU,FIU,,,,,,,,,,,,
FLAB17,FLAB,3/23/99,SAMP,MON,SA,G,,0.1,,98,SALINITY,SALIN,32.4,D,,32.4,,,,,,PSU,1,N,A,FIU15838,,0,0,,,,,,25.042469,80.914819,,,FIU,FIU,,,,,,,,,,,,
FLAB17,FLAB,4/29/99,SAMP,MON,SA,G,,0.1,,98,SALINITY,SALIN,36.2,D,,36.2,,,,,,PSU,1,N,A,FIU15840,,0,0,,,,,,25.042469,80.914819,,,FIU,FIU,,,,,,,,,,,,
FLAB17,FLAB,4/29/99,SAMP,MON,SA,G,,1.8,,98,SALINITY,SALIN,36.2,D,,36.2,,,,,,PSU,1,N,A,FIU15841,,0,0,,,,,,25.042469,80.914819,,,FIU,FIU,,,,,,,,,,,,
FLAB17,FLAB,5/28/99,SAMP,MON,SA,G,,1.8,,98,SALINITY,SALIN,37.1,D,,37.1,,,,,,PSU,1,N,A,FIU15843,,0,0,,,,,,25.042469,80.914819,,,FIU,FIU,,,,,,,,,,,,
FLAB17,FLAB,5/28/99,SAMP,MON,SA,G,,0.1,,98,SALINITY,SALIN,37.4,D,,37.4,,,,,,PSU,1,N,A,FIU15842,,0,0,,,,,,25.042469,80.914819,,,FIU,FIU,,,,,,,,,,,,
FLAB17,FLAB,6/17/99,SAMP,MON,SA,G,,1.8,,98,SALINITY,SALIN,36.3,D,,36.3,,,,,,PSU,1,N,A,FIU15846,,0,0,,,,,,25.042469,80.914819,,,FIU,FIU,,,,,,,,,,,,
FLAB17,FLAB,6/17/99,SAMP,MON,SA,G,,0.1,,98,SALINITY,SALIN,36.3,D,,36.3,,,,,,PSU,1,N,A,FIU15844,,0,0,,,,,,25.042469,80.914819,,,FIU,FIU,,,,,,,,,,,,
FLAB17,FLAB,6/17/99,SAMP,MON,SA,G,,1.1,,98,SALINITY,SALIN,36.7,D,,36.7,,,,,,PSU,1,N,A,FIU15845,,0,0,,,,,,25.042469,80.914819,,,FIU,FIU,,,,,,,,2520 B,,00480,,
FLAB17,FLAB,7/6/99,SAMP,MON,SA,G,,0.1,,98,SALINITY,SALIN,33.2,D,,33.2,,,,,,PSU,1,N,A,FIU15847,,0,0,,,,,,25.042469,80.914819,,,FIU,FIU,,,,,,,,,,,,
FLAB17,FLAB,7/6/99,SAMP,MON,SA,G,,1.8,,98,SALINITY,SALIN,33.2,D,,33.2,,,,,,PSU,1,N,A,FIU15848,,0,0,,,,,,25.042469,80.914819,,,FIU,FIU,,,,,,,,,,,,
FLAB17,FLAB,8/24/99,SAMP,MON,SA,G,,0.1,,98,SALINITY,SALIN,35.9,D,,35.9,,,,,,PSU,1,N,A,FIU15849,,0,0,,,,,,25.042469,80.914819,,,FIU,FIU,,,,,,,,,,,,
FLAB17,FLAB,8/24/99,SAMP,MON,SA,G,,1.8,,98,SALINITY,SALIN,35.9,D,,35.9,,,,,,PSU,1,N,A,FIU15850,,0,0,,,,,,25.042469,80.914819,,,FIU,FIU,,,,,,,,,,,,
FLAB17,FLAB,9/23/99,SAMP,MON,SA,G,,0.1,,98,SALINITY,SALIN,36.2,D,,36.2,,,,,,PSU,1,N,A,FIU15851,,0,0,,,,,,25.042469,80.914819,,,FIU,FIU,,,,,,,,,,,,
FLAB17,FLAB,9/23/99,SAMP,MON,SA,G,,1.8,,98,SALINITY,SALIN,36.1,D,,36.1,,,,,,PSU,1,N,A,FIU15852,,0,0,,,,,,25.042469,80.914819,,,FIU,FIU,,,,,,,,,,,,
FLAB17,FLAB,10/26/99,SAMP,MON,SA,G,,0.8,,98,SALINITY,SALIN,23.1,D,,23.1,,,,,,PSU,1,N,A,FIU15854,,0,0,,,,,,25.042469,80.914819,,,FIU,FIU,,,,,,,,,,,,
FLAB17,FLAB,10/26/99,SAMP,MON,SA,G,,1.8,,98,SALINITY,SALIN,23.1,D,,23.1,,,,,,PSU,1,N,A,FIU15855,,0,0,,,,,,25.042469,80.914819,,,FIU,FIU,,,,,,,,SM2520(b),,00480,,
FLAB17,FLAB,10/26/99,SAMP,MON,SA,G,,0.1,,98,SALINITY,SALIN,23.1,D,,23.1,,,,,,PSU,1,N,A,FIU15853,,0,0,,,,,,25.042469,80.914819,,,FIU,FIU,,,,,,,,SM2520(b),,00480,,
FLAB17,FLAB,11/12/99,SAMP,MON,SA,G,,0.8,,98,SALINITY,SALIN,27.6,D,,27.6,,,,,,PSU,1,N,A,FIU15857,,0,0,,,,,,25.042469,80.914819,,,FIU,FIU,,,,,,,,,,,,
FLAB17,FLAB,11/12/99,SAMP,MON,SA,G,,1.8,,98,SALINITY,SALIN,27.6,D,,27.6,,,,,,PSU,1,N,A,FIU15858,,0,0,,,,,,25.042469,80.914819,,,FIU,FIU,,,,,,,,SM2520(b),,00480,,
FLAB17,FLAB,11/12/99,SAMP,MON,SA,G,,0.1,,98,SALINITY,SALIN,27.6,D,,27.6,,,,,,PSU,1,N,A,FIU15856,,0,0,,,,,,25.042469,80.914819,,,FIU,FIU,,,,,,,,SM2520(b),,00480,,
FLAB17,FLAB,12/3/99,SAMP,MON,SA,G,,0.1,,98,SALINITY,SALIN,26.6,D,,26.6,,,,,,PSU,1,N,A,FIU15859,,0,0,,,,,,25.042469,80.914819,,,FIU,FIU,,,,,,,,SM2520(b),,00480,,
FLAB17,FLAB,12/3/99,SAMP,MON,SA,G,,0.8,,98,SALINITY,SALIN,26.1,D,,26.1,,,,,,PSU,1,N,A,FIU15860,,0,0,,,,,,25.042469,80.914819,,,FIU,FIU,,,,,,,,,,,,
FLAB17,FLAB,12/3/99,SAMP,MON,SA,G,,1.8,,98,SALINITY,SALIN,26.1,D,,26.1,,,,,,PSU,1,N,A,FIU15861,,0,0,,,,,,25.042469,80.914819,,,FIU,FIU,,,,,,,,SM2520(b),,00480,,
FLAB17,FLAB,1/25/00,SAMP,MON,SA,G,,1.8,,98,SALINITY,SALIN,30.2,D,,30.2,,,,,,PSU,1,N,A,FIU15864,,0,0,,,,,,25.042469,80.914819,,,FIU,FIU,,,,,,,,,,,,
FLAB17,FLAB,1/25/00,SAMP,MON,SA,G,,0.1,,98,SALINITY,SALIN,30.3,D,,30.3,,,,,,PSU,1,N,A,FIU15862,,0,0,,,,,,25.042469,80.914819,,,FIU,FIU,,,,,,,,,,,,
FLAB17,FLAB,1/25/00,SAMP,MON,SA,G,,0.8,,98,SALINITY,SALIN,30.2,D,,30.2,,,,,,PSU,1,N,A,FIU15863,,0,0,,,,,,25.042469,80.914819,,,FIU,FIU,,,,,,,,,,,,
FLAB17,FLAB,2/28/00,SAMP,MON,SA,G,,0.1,,98,SALINITY,SALIN,31.3,D,,31.3,,,,,,PSU,1,N,A,FIU15865,,0,0,,,,,,25.042469,80.914819,,,FIU,FIU,,,,,,,,,,,,
FLAB17,FLAB,2/28/00,SAMP,MON,SA,G,,1.8,,98,SALINITY,SALIN,31.3,D,,31.3,,,,,,PSU,1,N,A,FIU15867,,0,0,,,,,,25.042469,80.914819,,,FIU,FIU,,,,,,,,,,,,
FLAB17,FLAB,2/28/00,SAMP,MON,SA,G,,0.8,,98,SALINITY,SALIN,31.3,D,,31.3,,,,,,PSU,1,N,A,FIU15866,,0,0,,,,,,25.042469,80.914819,,,FIU,FIU,,,,,,,,,,,,
FLAB17,FLAB,3/21/00,SAMP,MON,SA,G,,0.1,,98,SALINITY,SALIN,34.4,D,,34.4,,,,,,PSU,1,N,A,FIU15868,,0,0,,,,,,25.042469,80.914819,,,FIU,FIU,,,,,,,,,,,,
FLAB17,FLAB,3/21/00,SAMP,MON,SA,G,,1.8,,98,SALINITY,SALIN,34.4,D,,34.4,,,,,,PSU,1,N,A,FIU15870,,0,0,,,,,,25.042469,80.914819,,,FIU,FIU,,,,,,,,,,,,
FLAB17,FLAB,3/21/00,SAMP,MON,SA,G,,0.8,,98,SALINITY,SALIN,34.4,D,,34.4,,,,,,PSU,1,N,A,FIU15869,,0,0,,,,,,25.042469,80.914819,,,FIU,FIU,,,,,,,,,,,,
FLAB17,FLAB,4/13/00,SAMP,MON,SA,G,,0.1,,98,SALINITY,SALIN,36.2,D,,36.2,,,,,,PSU,1,N,A,FIU15871,,0,0,,,,,,25.042469,80.914819,,,FIU,FIU,,,,,,,,SM2520(b),,00480,,
FLAB17,FLAB,4/13/00,SAMP,MON,SA,G,,1.8,,98,SALINITY,SALIN,36.2,D,,36.2,,,,,,PSU,1,N,A,FIU15872,,0,0,,,,,,25.042469,80.914819,,,FIU,FIU,,,,,,,,SM2520(b),,00480,,
FLAB17,FLAB,5/30/00,SAMP,MON,SA,G,,0.1,,98,SALINITY,SALIN,37.7,D,,37.7,,,,,,PSU,1,N,A,FIU15873,,0,0,,,,,,25.042469,80.914819,,,FIU,FIU,,,,,,,,SM2520(b),,00480,,
FLAB17,FLAB,5/30/00,SAMP,MON,SA,G,,1.8,,98,SALINITY,SALIN,37.7,D,,37.7,,,,,,PSU,1,N,A,FIU15874,,0,0,,,,,,25.042469,80.914819,,,FIU,FIU,,,,,,,,SM2520(b),,00480,,
FLAB17,FLAB,6/20/00,SAMP,MON,SA,G,,1.8,,98,SALINITY,SALIN,38.8,D,,38.8,,,,,,PSU,1,N,A,FIU15876,,0,0,,,,,,25.042469,80.914819,,,FIU,FIU,,,,,,,,SM2520(b),,00480,,
FLAB17,FLAB,6/20/00,SAMP,MON,SA,G,,0.1,,98,SALINITY,SALIN,38.8,D,,38.8,,,,,,PSU,1,N,A,FIU15875,,0,0,,,,,,25.042469,80.914819,,,FIU,FIU,,,,,,,,SM2520(b),,00480,,
FLAB17,FLAB,7/20/00,SAMP,MON,SA,G,,0.1,,98,SALINITY,SALIN,38.7,D,,38.7,,,,,,PSU,1,N,A,FIU15877,,0,0,,,,,,25.042469,80.914819,,,FIU,FIU,,,,,,,,SM2520(b),,00480,,
FLAB17,FLAB,7/20/00,SAMP,MON,SA,G,,1.8,,98,SALINITY,SALIN,38.7,D,,38.7,,,,,,PSU,1,N,A,FIU15878,,0,0,,,,,,25.042469,80.914819,,,FIU,FIU,,,,,,,,SM2520(b),,00480,,
FLAB17,FLAB,8/29/00,SAMP,MON,SA,G,,1.8,,98,SALINITY,SALIN,40.5,D,,40.5,,,,,,PSU,1,N,A,FIU15880,,0,0,,,,,,25.042469,80.914819,,,FIU,FIU,,,,,,,,SM2520(b),,00480,,
FLAB17,FLAB,8/29/00,SAMP,MON,SA,G,,0.1,,98,SALINITY,SALIN,40.5,D,,40.5,,,,,,PSU,1,N,A,FIU15879,,0,0,,,,,,25.042469,80.914819,,,FIU,FIU,,,,,,,,SM2520(b),,00480,,
FLAB17,FLAB,9/28/00,SAMP,MON,SA,G,,0.1,,98,SALINITY,SALIN,44.2,D,,44.2,,,,,,PSU,1,N,A,FIU15881,,0,0,,,,,,25.042469,80.914819,,,FIU,FIU,,,,,,,,SM2520(b),,00480,,
FLAB17,FLAB,9/28/00,SAMP,MON,SA,G,,1.8,,98,SALINITY,SALIN,44.2,D,,44.2,,,,,,PSU,1,N,A,FIU15882,,0,0,,,,,,25.042469,80.914819,,,FIU,FIU,,,,,,,,SM2520(b),,00480,,
FLAB17,FLAB,10/26/00,SAMP,MON,SA,G,,1.8,,98,SALINITY,SALIN,35.2,D,,35.2,,,,,,PSU,1,N,A,FIU15884,,0,0,,,,,,25.042469,80.914819,,,FIU,FIU,,,,,,,,SM2520(b),,00480,,
FLAB17,FLAB,10/26/00,SAMP,MON,SA,G,,0.1,,98,SALINITY,SALIN,35.2,D,,35.2,,,,,,PSU,1,N,A,FIU15883,,0,0,,,,,,25.042469,80.914819,,,FIU,FIU,,,,,,,,SM2520(b),,00480,,
FLAB17,FLAB,11/30/00,SAMP,MON,SA,G,,0.1,,98,SALINITY,SALIN,32.9,D,,32.9,,,,,,PSU,1,N,A,FIU15885,,0,0,,,,,,25.042469,80.914819,,,FIU,FIU,,,,,,,,SM2520(b),,00480,,
FLAB17,FLAB,11/30/00,SAMP,MON,SA,G,,1.8,,98,SALINITY,SALIN,34.1,D,,34.1,,,,,,PSU,1,N,A,FIU15886,,0,0,,,,,,25.042469,80.914819,,,FIU,FIU,,,,,,,,SM2520(b),,00480,,
FLAB17,FLAB,12/11/00,SAMP,MON,SA,G,,1.8,,98,SALINITY,SALIN,34.1,D,,34.1,,,,,,PSU,1,N,A,FIU15888,,0,0,,,,,,25.042469,80.914819,,,FIU,FIU,,,,,,,,SM2520(b),,00480,,
FLAB17,FLAB,12/11/00,SAMP,MON,SA,G,,0.1,,98,SALINITY,SALIN,34.1,D,,34.1,,,,,,PSU,1,N,A,FIU15887,,0,0,,,,,,25.042469,80.914819,,,FIU,FIU,,,,,,,,SM2520(b),,00480,,
FLAB17,FLAB,1/25/01,SAMP,MON,SA,G,,1.8,,98,SALINITY,SALIN,35.3,D,,35.3,,,,,,PSU,1,N,A,FIU15890,,0,0,,,,,,25.042469,80.914819,,,FIU,FIU,,,,,,,,SM2520(b),,00480,,
FLAB17,FLAB,1/25/01,SAMP,MON,SA,G,,0.1,,98,SALINITY,SALIN,35.2,D,,35.2,,,,,,PSU,1,N,A,FIU15889,,0,0,,,,,,25.042469,80.914819,,,FIU,FIU,,,,,,,,SM2520(b),,00480,,
FLAB17,FLAB,2/21/01,SAMP,MON,SA,G,,1.8,,98,SALINITY,SALIN,38.9,D,,38.9,,,,,,PSU,1,N,A,FIU15892,,0,0,,,,,,25.042469,80.914819,,,FIU,FIU,,,,,,,,SM2520(b),,00480,,
FLAB17,FLAB,2/21/01,SAMP,MON,SA,G,,0.1,,98,SALINITY,SALIN,38.9,D,,38.9,,,,,,PSU,1,N,A,FIU15891,,0,0,,,,,,25.042469,80.914819,,,FIU,FIU,,,,,,,,SM2520(b),,00480,,
FLAB17,FLAB,3/6/01,SAMP,MON,SA,G,,0.1,,98,SALINITY,SALIN,38.2,D,,38.2,,,,,,PSU,1,N,A,FIU15893,,0,0,,,,,,25.042469,80.914819,,,FIU,FIU,,,,,,,,SM2520(b),,00480,,
FLAB17,FLAB,3/6/01,SAMP,MON,SA,G,,1.8,,98,SALINITY,SALIN,38.2,D,,38.2,,,,,,PSU,1,N,A,FIU15894,,0,0,,,,,,25.042469,80.914819,,,FIU,FIU,,,,,,,,SM2520(b),,00480,,
FLAB17,FLAB,4/3/01,SAMP,MON,SA,G,,0.1,,98,SALINITY,SALIN,39.3,D,,39.3,,,,,,PSU,1,N,A,FIU15895,,0,0,,,,,,25.042469,80.914819,,,FIU,FIU,,,,,,,,SM2520(b),,00480,,
FLAB17,FLAB,4/3/01,SAMP,MON,SA,G,,1.8,,98,SALINITY,SALIN,39.3,D,,39.3,,,,,,PSU,1,N,A,FIU15896,,0,0,,,,,,25.042469,80.914819,,,FIU,FIU,,,,,,,,SM2520(b),,00480,,
FLAB17,FLAB,5/2/01,SAMP,MON,SA,G,,1.8,,98,SALINITY,SALIN,44.3,D,,44.3,,,,,,PSU,1,N,A,FIU15898,,0,0,,,,,,25.042469,80.914819,,,FIU,FIU,,,,,,,,SM2520(b),,00480,,
FLAB17,FLAB,5/2/01,SAMP,MON,SA,G,,0.1,,98,SALINITY,SALIN,44.3,D,,44.3,,,,,,PSU,1,N,A,FIU15897,,0,0,,,,,,25.042469,80.914819,,,FIU,FIU,,,,,,,,SM2520(b),,00480,,
FLAB17,FLAB,6/5/01,SAMP,MON,SA,G,,1.8,,98,SALINITY,SALIN,99,D,O,-99,,,,,,PSU,1,Y,A,FIU110791,,0,0,,,,,,25.042469,80.914819,,,FIU,FIU,,,,,,,,SM2520(b),,00480,,DATA LOST FROM LABORATORY.
FLAB17,FLAB,6/5/01,SAMP,MON,SA,G,,0.1,,98,SALINITY,SALIN,41.7,D,,41.7,,,,,,PSU,1,N,A,FIU110790,,0,0,,,,,,25.042469,80.914819,,,FIU,FIU,,,,,,,,SM2520(b),,00480,,
FLAB17,FLAB,7/12/01,SAMP,MON,SA,G,,1.8,,98,SALINITY,SALIN,42,D,,42,,,,,,PSU,1,N,A,FIU15900,,0,0,,,,,,25.042469,80.914819,,,FIU,FIU,,,,,,,,SM2520(b),,00480,,
FLAB17,FLAB,7/12/01,SAMP,MON,SA,G,,0.1,,98,SALINITY,SALIN,42,D,,42,,,,,,PSU,1,N,A,FIU15899,,0,0,,,,,,25.042469,80.914819,,,FIU,FIU,,,,,,,,SM2520(b),,00480,,
FLAB17,FLAB,8/14/01,SAMP,MON,SA,G,,0.1,,98,SALINITY,SALIN,36.3,D,,36.3,,,,,,PSU,1,N,A,FIU15901,,0,0,,,,,,25.042469,80.914819,,,FIU,FIU,,,,,,,,SM2520(b),,00480,,
FLAB17,FLAB,8/14/01,SAMP,MON,SA,G,,1.8,,98,SALINITY,SALIN,36.3,D,,36.3,,,,,,PSU,1,N,A,FIU15902,,0,0,,,,,,25.042469,80.914819,,,FIU,FIU,,,,,,,,SM2520(b),,00480,,
FLAB17,FLAB,9/5/01,SAMP,MON,SA,G,,1.8,,98,SALINITY,SALIN,39.3,D,,39.3,,,,,,PSU,1,N,A,FIU15904,,0,0,,,,,,25.042469,80.914819,,,FIU,FIU,,,,,,,,SM2520(b),,00480,,
FLAB17,FLAB,9/5/01,SAMP,MON,SA,G,,0.1,,98,SALINITY,SALIN,39.3,D,,39.3,,,,,,PSU,1,N,A,FIU15903,,0,0,,,,,,25.042469,80.914819,,,FIU,FIU,,,,,,,,SM2520(b),,00480,,
FLAB17,FLAB,10/23/01,SAMP,MON,SA,G,,0.1,,98,SALINITY,SALIN,28.4,D,,28.4,,,,,,PSU,1,N,A,FIU110504,,0,0,,,,,,25.042469,80.914819,,,FIU,FIU,,,,,,128017,,SM2520(b),,00480,,
FLAB17,FLAB,10/23/01,SAMP,MON,SA,G,,1.8,,98,SALINITY,SALIN,28.4,D,,28.4,,,,,,PSU,1,N,A,FIU110505,,0,0,,,,,,25.042469,80.914819,,,FIU,FIU,,,,,,128017,,SM2520(b),,00480,,
FLAB17,FLAB,11/8/01,SAMP,MON,SA,G,,1.8,,98,SALINITY,SALIN,24.2,D,,24.2,,,,,,PSU,1,N,A,FIU110507,,0,0,,,,,,25.042469,80.914819,,,FIU,FIU,,,,,,129017,,SM2520(b),,00480,,
FLAB17,FLAB,11/8/01,SAMP,MON,SA,G,,0.1,,98,SALINITY,SALIN,24.1,D,,24.1,,,,,,PSU,1,N,A,FIU110506,,0,0,,,,,,25.042469,80.914819,,,FIU,FIU,,,,,,129017,,SM2520(b),,00480,,
FLAB17,FLAB,12/3/01,SAMP,MON,SA,G,,1.8,,98,SALINITY,SALIN,28,D,,28,,,,,,PSU,1,N,A,FIU110509,,0,0,,,,,,25.042469,80.914819,,,FIU,FIU,,,,,,130017,,SM2520(b),,00480,,
FLAB17,FLAB,12/3/01,SAMP,MON,SA,G,,0.1,,98,SALINITY,SALIN,28,D,,28,,,,,,PSU,1,N,A,FIU110508,,0,0,,,,,,25.042469,80.914819,,,FIU,FIU,,,,,,130017,,SM2520(b),,00480,,
FLAB17,FLAB,1/29/02,SAMP,MON,SA,G,,1.8,,98,SALINITY,SALIN,30.3,D,,30.3,,,,,,PSU,1,N,A,FIU113137,,0,0,,,,,,25.042469,80.914819,,,FIU,FIU,,,,,,131017,,SM2520(b),,00480,,
FLAB17,FLAB,1/29/02,SAMP,MON,SA,G,,0.1,,98,SALINITY,SALIN,30.3,D,,30.3,,,,,,PSU,1,N,A,FIU113136,,0,0,,,,,,25.042469,80.914819,,,FIU,FIU,,,,,,131017,,SM2520(b),,00480,,
FLAB17,FLAB,2/20/02,SAMP,MON,SA,G,,1.8,,98,SALINITY,SALIN,32.3,D,,32.3,,,,,,PSU,1,N,A,FIU113139,,0,0,,,,,,25.042469,80.914819,,,FIU,FIU,,,,,,132017,,SM2520(b),,00480,,
FLAB17,FLAB,2/20/02,SAMP,MON,SA,G,,0.1,,98,SALINITY,SALIN,32.3,D,,32.3,,,,,,PSU,1,N,A,FIU113138,,0,0,,,,,,25.042469,80.914819,,,FIU,FIU,,,,,,132017,,SM2520(b),,00480,,
FLAB17,FLAB,3/19/02,SAMP,MON,SA,G,,0.1,,98,SALINITY,SALIN,32.6,D,,32.6,,,,,,PSU,1,N,A,FIU113140,,0,0,,,,,,25.042469,80.914819,,,FIU,FIU,,,,,,133017,,SM2520(b),,00480,,
FLAB17,FLAB,3/19/02,SAMP,MON,SA,G,,1.8,,98,SALINITY,SALIN,32.6,D,,32.6,,,,,,PSU,1,N,A,FIU113141,,0,0,,,,,,25.042469,80.914819,,,FIU,FIU,,,,,,133017,,SM2520(b),,00480,,
FLAB17,FLAB,4/9/02,SAMP,MON,SA,G,,1.8,,98,SALINITY,SALIN,36.8,,,36.8,,,,,,PSU,1,N,A,134017B,,0,0,,,,,,25.042469,80.914819,,,FIU,FIU,,,,,,134017,,SM2520(B),,480,,
FLAB17,FLAB,4/9/02,SAMP,MON,SA,G,,1.8,,98,SALINITY,SALIN,36.8,D,,36.8,,,,,,PSU,1,N,A,FIU115007,,0,0,,,,,,25.042469,80.914819,,,FIU,FIU,,,,,,134017,,SM2520(b),,00480,,
FLAB17,FLAB,4/9/02,SAMP,MON,SA,G,,0.1,,98,SALINITY,SALIN,36.8,D,,36.8,,,,,,PSU,1,N,A,FIU115006,,0,0,,,,,,25.042469,80.914819,,,FIU,FIU,,,,,,134017,,SM2520(b),,00480,,
FLAB17,FLAB,4/9/02,SAMP,MON,SA,G,,0.1,,98,SALINITY,SALIN,36.8,,,36.8,,,,,,PSU,1,N,A,134017,,0,0,,,,,,25.042469,80.914819,,,FIU,FIU,,,,,,134017,,SM2520(B),,480,,
FLAB17,FLAB,5/15/02,SAMP,MON,SA,G,,0.1,,98,SALINITY,SALIN,41,D,,41,,,,,,PSU,1,N,A,FIU115008,,0,0,,,,,,25.042469,80.914819,,,FIU,FIU,,,,,,135017,,SM2520(b),,00480,,
FLAB17,FLAB,5/15/02,SAMP,MON,SA,G,,1.8,,98,SALINITY,SALIN,41,D,,41,,,,,,PSU,1,N,A,FIU115009,,0,0,,,,,,25.042469,80.914819,,,FIU,FIU,,,,,,135017,,SM2520(b),,00480,,
FLAB17,FLAB,5/15/02,SAMP,MON,SA,G,,1.8,,98,SALINITY,SALIN,41,D,,41,,,,,,PSU,1,N,A,135017B,,0,0,,,,,,25.042469,80.914819,,,FIU,FIU,,,,,,135017,,SM2520(B),,480,,
FLAB17,FLAB,5/15/02,SAMP,MON,SA,G,,0.1,,98,SALINITY,SALIN,41,D,,41,,,,,,PSU,1,N,A,135017,,0,0,,,,,,25.042469,80.914819,,,FIU,FIU,,,,,,135017,,SM2520(B),,480,,
FLAB17,FLAB,6/4/02,SAMP,MON,SA,G,,0.1,,98,SALINITY,SALIN,38.8,D,,38.8,,,,,,PSU,1,N,A,136017,,0,0,,,,,,25.042469,80.914819,,,FIU,FIU,,,,,,136017,,SM2520(B),,480,,
FLAB17,FLAB,6/4/02,SAMP,MON,SA,G,,1.8,,98,SALINITY,SALIN,38.8,D,,38.8,,,,,,PSU,1,N,A,FIU115011,,0,0,,,,,,25.042469,80.914819,,,FIU,FIU,,,,,,136017,,SM2520(b),,00480,,
FLAB17,FLAB,6/4/02,SAMP,MON,SA,G,,0.1,,98,SALINITY,SALIN,38.8,D,,38.8,,,,,,PSU,1,N,A,FIU115010,,0,0,,,,,,25.042469,80.914819,,,FIU,FIU,,,,,,136017,,SM2520(b),,00480,,
FLAB17,FLAB,6/4/02,SAMP,MON,SA,G,,1.8,,98,SALINITY,SALIN,38.8,D,,38.8,,,,,,PSU,1,N,A,136017B,,0,0,,,,,,25.042469,80.914819,,,FIU,FIU,,,,,,136017,,SM2520(B),,480,,
FLAB17,FLAB,7/11/02,SAMP,MON,SA,G,,0.1,,98,SALINITY,SALIN,32.1,D,,32.1,,,,,,PSU,1,N,A,137017,,0,0,,,,,,25.042469,80.914819,,,FIU,FIU,,,,,,137017,,SM2520(B),,480,,
FLAB17,FLAB,7/11/02,SAMP,MON,SA,G,,1.8,,98,SALINITY,SALIN,32.1,D,,32.1,,,,,,PSU,1,N,A,137017B,,0,0,,,,,,25.042469,80.914819,,,FIU,FIU,,,,,,137017B,,SM2520(B),,480,,
FLAB17,FLAB,8/19/02,SAMP,MON,SA,G,,0.1,,98,SALINITY,SALIN,34.6,D,,34.6,,,,,,PSU,1,N,A,138017,,0,0,,,,,,25.042469,80.914819,,,FIU,FIU,,,,,,138017,,SM2520(B),,00480,,
FLAB17,FLAB,8/19/02,SAMP,MON,SA,G,,1.8,,98,SALINITY,SALIN,34.6,D,,34.6,,,,,,PSU,1,N,A,138017B,,0,0,,,,,,25.042469,80.914819,,,FIU,FIU,,,,,,138017B,,SM2520(B),,00480,,
FLAB17,FLAB,9/17/02,SAMP,MON,SA,G,,0.1,,98,SALINITY,SALIN,35.2,D,,35.2,,,,,,PSU,1,N,A,139017,,0,0,,,,,,25.042469,80.914819,,,FIU,FIU,,,,,,139017,,SM2520(B),,00480,,
FLAB17,FLAB,9/17/02,SAMP,MON,SA,G,,1.8,,98,SALINITY,SALIN,35.2,D,,35.2,,,,,,PSU,1,N,A,139017B,,0,0,,,,,,25.042469,80.914819,,,FIU,FIU,,,,,,139017B,,SM2520(B),,00480,,
FLAB17,FLAB,10/17/02,SAMP,MON,SA,G,,1.8,,98,SALINITY,SALIN,34.7,D,,34.7,,,,,,PSU,1,N,A,140017B,,0,0,,,,,,25.042469,80.914819,,,FIU,FIU,,,,,,140017B,,SM2520(B),,00480,,
FLAB17,FLAB,10/17/02,SAMP,MON,SA,G,,0.1,,98,SALINITY,SALIN,34.7,D,,34.7,,,,,,PSU,1,N,A,140017,,0,0,,,,,,25.042469,80.914819,,,FIU,FIU,,,,,,140017,,SM2520(B),,00480,,
FLAB17,FLAB,11/14/02,SAMP,MON,SA,G,,0.1,,98,SALINITY,SALIN,38.6,D,,38.6,,,,,,PSU,1,N,A,141017,,0,0,,,,,,25.042469,80.914819,,,FIU,FIU,,,,,,141017,,SM2520(B),,00480,,
FLAB17,FLAB,11/14/02,SAMP,MON,SA,G,,1.8,,98,SALINITY,SALIN,38.6,D,,38.6,,,,,,PSU,1,N,A,141017B,,0,0,,,,,,25.042469,80.914819,,,FIU,FIU,,,,,,141017B,,SM2520(B),,00480,,
FLAB17,FLAB,12/11/02,SAMP,MON,SA,G,,0.1,,98,SALINITY,SALIN,32.1,D,,32.1,,,,,,PSU,1,N,A,142017,,0,0,,,,,,25.042469,80.914819,,,FIU,FIU,,,,,,142017,,SM2520(B),,00480,,
FLAB17,FLAB,12/11/02,SAMP,MON,SA,G,,1.8,,98,SALINITY,SALIN,32,D,,32,,,,,,PSU,1,N,A,142017B,,0,0,,,,,,25.042469,80.914819,,,FIU,FIU,,,,,,142017B,,SM2520(B),,00480,,
FLAB17,FLAB,1/28/03,SAMP,MON,SA,G,,1.8,,98,SALINITY,SALIN,31.5,D,,31.5,,,,,,PSU,1,N,A,143017B,,0,0,,,,,,25.042469,80.914819,,,FIU,FIU,,,,,,143017B,,SM2520(B),,00480,,
FLAB17,FLAB,1/28/03,SAMP,MON,SA,G,,0.1,,98,SALINITY,SALIN,31.5,D,,31.5,,,,,,PSU,1,N,A,143017,,0,0,,,,,,25.042469,80.914819,,,FIU,FIU,,,,,,143017,,SM2520(B),,00480,,
FLAB17,FLAB,2/25/03,SAMP,MON,SA,G,,1.8,,98,SALINITY,SALIN,31.1,D,,31.1,,,,,,PSU,1,N,A,144017B,,0,0,,,,,,25.042469,80.914819,,,FIU,FIU,,,,,,144017B,,SM2520(B),,00480,,
FLAB17,FLAB,2/25/03,SAMP,MON,SA,G,,0.1,,98,SALINITY,SALIN,31.2,D,,31.2,,,,,,PSU,1,N,A,144017,,0,0,,,,,,25.042469,80.914819,,,FIU,FIU,,,,,,144017,,SM2520(B),,00480,,
FLAB17,FLAB,3/13/03,SAMP,MON,SA,G,,0.1,,98,SALINITY,SALIN,34.4,D,,34.4,,,,,,PSU,1,N,A,145017,,0,0,,,,,,25.042469,80.914819,,,FIU,FIU,,,,,,145017,,SM2520(B),,00480,,
FLAB17,FLAB,3/13/03,SAMP,MON,SA,G,,1.8,,98,SALINITY,SALIN,34.4,D,,34.4,,,,,,PSU,1,N,A,145017B,,0,0,,,,,,25.042469,80.914819,,,FIU,FIU,,,,,,145017B,,SM2520(B),,00480,,
FLAB17,FLAB,4/9/03,SAMP,MON,SA,G,,0.1,,98,SALINITY,SALIN,35.2,D,,35.2,,,,,,PSU,1,N,A,146017,,0,0,,,,,,25.042469,80.914819,,,FIU,FIU,,,,,,146017,,SM2520(B),,480,,
FLAB17,FLAB,4/9/03,SAMP,MON,SA,G,,1.8,,98,SALINITY,SALIN,35.4,D,,35.4,,,,,,PSU,1,N,A,146017B,,0,0,,,,,,25.042469,80.914819,,,FIU,FIU,,,,,,146017B,,SM2520(B),,480,,
FLAB17,FLAB,5/8/03,SAMP,MON,SA,G,,0.1,,98,SALINITY,SALIN,32.6,D,,32.6,,,,,,PSU,1,N,A,147017,,0,0,,,,,,25.042469,80.914819,,,FIU,FIU,,,,,,147017,,SM2520(B),,480,,
FLAB17,FLAB,5/8/03,SAMP,MON,SA,G,,1.8,,98,SALINITY,SALIN,32.4,D,,32.4,,,,,,PSU,1,N,A,147017B,,0,0,,,,,,25.042469,80.914819,,,FIU,FIU,,,,,,147017B,,SM2520(B),,480,,
FLAB17,FLAB,6/10/03,SAMP,MON,SA,G,,0.1,,98,SALINITY,SALIN,34.4,D,,34.4,,,,,,PSU,1,N,A,148017,,0,0,,,,,,25.042469,80.914819,,,FIU,FIU,,,,,,148017,,SM2520(B),,480,,
FLAB17,FLAB,6/10/03,SAMP,MON,SA,G,,1.8,,98,SALINITY,SALIN,34.5,D,,34.5,,,,,,PSU,1,N,A,148017B,,0,0,,,,,,25.042469,80.914819,,,FIU,FIU,,,,,,148017B,,SM2520(B),,480,,
FLAB17,FLAB,7/1/03,SAMP,MON,SA,G,,0.1,,98,SALINITY,SALIN,34.4,D,,34.4,,,,,,PSU,1,N,A,149017,,0,0,,,,,,25.042469,80.914819,,,FIU,FIU,,,,,,149017,,SM2520(B),,480,,
FLAB17,FLAB,7/1/03,SAMP,MON,SA,G,,1.8,,98,SALINITY,SALIN,34.4,D,,34.4,,,,,,PSU,1,N,A,149017B,,0,0,,,,,,25.042469,80.914819,,,FIU,FIU,,,,,,149017B,,SM2520(B),,480,,
FLAB17,FLAB,8/25/03,SAMP,MON,SA,G,,1.8,,98,SALINITY,SALIN,37.8,D,,37.8,,,,,,PSU,1,N,A,150017B,,0,0,,,,,,25.042469,80.914819,,,FIU,FIU,,,,,,150017B,,SM2520(B),,480,,
FLAB17,FLAB,8/25/03,SAMP,MON,SA,G,,0.1,,98,SALINITY,SALIN,38,D,,38,,,,,,PSU,1,N,A,150017,,0,0,,,,,,25.042469,80.914819,,,FIU,FIU,,,,,,150017,,SM2520(B),,480,,
FLAB17,FLAB,9/9/03,SAMP,MON,SA,G,,0.1,,98,SALINITY,SALIN,36.3,D,,36.3,,,,,,PSU,1,N,A,151017,,0,0,,,,,,25.042469,80.914819,,,FIU,FIU,,,,,,151017,,SM2520(B),,480,,
FLAB17,FLAB,9/9/03,SAMP,MON,SA,G,,1.8,,98,SALINITY,SALIN,36.3,D,,36.3,,,,,,PSU,1,N,A,151017B,,0,0,,,,,,25.042469,80.914819,,,FIU,FIU,,,,,,151017B,,SM2520(B),,480,,
FLAB17,FLAB,10/15/03,SAMP,MON,SA,G,,0.1,,98,SALINITY,SALIN,37.4,D,,37.4,,,,,,PSU,1,N,A,152017,,0,0,,,,,,25.042469,80.914819,,,FIU,FIU,,,,,,152017,,SM2520(B),,480,,
FLAB17,FLAB,10/15/03,SAMP,MON,SA,G,,1.8,,98,SALINITY,SALIN,37.4,D,,37.4,,,,,,PSU,1,N,A,152017B,,0,0,,,,,,25.042469,80.914819,,,FIU,FIU,,,,,,152017B,,SM2520(B),,480,,
FLAB17,FLAB,11/7/03,SAMP,MON,SA,G,,0.1,,98,SALINITY,SALIN,35.6,D,,35.6,,,,,,PSU,1,N,A,153017,,0,0,,,,,,25.042469,80.914819,,,FIU,FIU,,,,,,153017,,SM2520(B),,480,,
FLAB17,FLAB,11/7/03,SAMP,MON,SA,G,,1.8,,98,SALINITY,SALIN,35.6,D,,35.6,,,,,,PSU,1,N,A,153017B,,0,0,,,,,,25.042469,80.914819,,,FIU,FIU,,,,,,153017B,,SM2520(B),,480,,
FLAB17,FLAB,12/3/03,SAMP,MON,SA,G,,0.1,,98,SALINITY,SALIN,33,D,,33,,,,,,PSU,1,N,A,154017,,0,0,,,,,,25.042469,80.914819,,,FIU,FIU,,,,,,154017,,SM2520(B),,480,,
FLAB17,FLAB,12/3/03,SAMP,MON,SA,G,,1.8,,98,SALINITY,SALIN,33,D,,33,,,,,,PSU,1,N,A,154017B,,0,0,,,,,,25.042469,80.914819,,,FIU,FIU,,,,,,154017B,,SM2520(B),,480,,
FLAB17,FLAB,1/21/04,SAMP,MON,SA,G,,0.1,,98,SALINITY,SALIN,32.1,D,,32.1,,,,,,PSU,1,N,A,155017,,0,0,,,,,,25.042469,80.914819,,,FIU,FIU,,,,,,155017,,SM2520(B),,480,,
FLAB17,FLAB,2/24/04,SAMP,MON,SA,G,,0.1,,98,SALINITY,SALIN,33.9,D,,33.9,,,,,,PSU,1,N,A,156017,,0,0,,,,,,25.042469,80.914819,,,FIU,FIU,,,,,,156017,,SM2520(B),,480,,
FLAB17,FLAB,3/23/04,SAMP,MON,SA,G,,0.1,,98,SALINITY,SALIN,35.9,D,,35.9,,,,,,PSU,1,N,A,157017,,0,0,,,,,,25.042469,80.914819,,,FIU,FIU,,,,,,157017,,SM2520(B),,480,,
FLAB17,FLAB,10/9/06,SAMP,MON,SA,G,,0,,98,SALINITY,SALIN,34.04,,,34,,1,,,,PSU,1,N,A,FB188FB017UA,,0,0,,,,,,25.042469,80.914819,FIU,E76930,FIU,WMD,WMD,2,BA,CA,,AB64795,10/9/06 13:28,SM18 2520 B,,480,,
FLAB17,FLAB,10/9/06,SAMP,MON,SA,G,,0,,98,SALINITY,SALIN,34.05,,,34,,1,,,,PSU,1,N,A,FB188FB017UAB,,0,0,,,,,,25.042469,80.914819,FIU,E76930,FIU,WMD,WMD,2,BA,CA,,AB64795_B,,SM18 2520 B,,480,Measurements done close to the bottom.,
FLAB17,FLAB,11/7/06,SAMP,MON,SA,G,,0,,98,SALINITY,SALIN,38.09,,,38.1,,1,,,,PSU,1,N,A,FB189FB017UA,,0,0,,,,,,25.042469,80.914819,FIU,E76930,FIU,WMD,WMD,2,BA,CA,,AB70876,11/7/06 11:45,SM18 2520 B,,480,,
FLAB17,FLAB,11/7/06,SAMP,MON,SA,G,,0,,98,SALINITY,SALIN,38.08,,,38.1,,1,,,,PSU,1,N,A,FB189FB017UAB,,0,0,,,,,,25.042469,80.914819,FIU,E76930,FIU,WMD,WMD,2,BA,CA,,AB70876_B,,SM18 2520 B,,480,Measurements done close to the bottom.,
FLAB17,FLAB,12/3/06,SAMP,MON,SA,G,,0,,98,SALINITY,SALIN,35.34,,,35.3,,1,,,,PSU,1,N,A,FB190FB017UA,,0,0,,,,,,25.042469,80.914819,FIU,E76930,FIU,WMD,WMD,2,BA,CA,,AB72196,12/3/06 11:13,SM18 2520 B,,480,,
FLAB17,FLAB,12/3/06,SAMP,MON,SA,G,,0,,98,SALINITY,SALIN,35.33,,,35.3,,1,,,,PSU,1,N,A,FB190FB017UAB,,0,0,,,,,,25.042469,80.914819,FIU,E76930,FIU,WMD,WMD,2,BA,CA,,AB72196_B,,SM18 2520 B,,480,Measurements done close to the bottom.,
FLAB17,FLAB,1/11/07,SAMP,MON,SA,G,,0,,98,SALINITY,SALIN,35.86,,,35.9,,1,,,,PSU,1,N,A,FB191FB017UA,,0,0,,,,,,25.042469,80.914819,FIU,E76930,FIU,WMD,WMD,2,BA,CA,,AB74852,1/11/07 8:34,SM18 2520 B,,480,,
FLAB17,FLAB,1/11/07,SAMP,MON,SA,G,,0,,98,SALINITY,SALIN,36.05,,,36,,1,,,,PSU,1,N,A,FB191FB017UAB,,0,0,,,,,,25.042469,80.914819,FIU,E76930,FIU,WMD,WMD,2,BA,CA,,AB74852_B,,SM18 2520 B,,480,Measurements done close to the bottom.,
FLAB17,FLAB,2/7/07,SAMP,MON,SA,G,,0,,98,SALINITY,SALIN,34.83,,,34.8,,1,,,,PSU,1,N,A,FB192FB017UA,,0,0,,,,,,25.042469,80.914819,FIU,E76930,FIU,WMD,WMD,2,BA,CA,,AB76750,2/7/07 11:44,SM18 2520 B,,480,,
FLAB17,FLAB,2/7/07,SAMP,MON,SA,G,,0,,98,SALINITY,SALIN,34.82,,,34.8,,1,,,,PSU,1,N,A,FB192FB017UAB,,0,0,,,,,,25.042469,80.914819,FIU,E76930,FIU,WMD,WMD,2,BA,CA,,AB76750_B,,SM18 2520 B,,480,Measurements done close to the bottom.,
FLAB17,FLAB,3/12/07,SAMP,MON,SA,G,,0,,98,SALINITY,SALIN,37.5,,,37.5,,1,,,,PSU,1,N,A,FB193FB017UA,,0,0,,,,,,25.042469,80.914819,FIU,E76930,FIU,WMD,WMD,2,BA,CA,,AB78000,3/12/07 12:50,SM18 2520 B,,480,,
FLAB17,FLAB,3/12/07,SAMP,MON,SA,G,,0,,98,SALINITY,SALIN,37.5,,,37.5,,1,,,,PSU,1,N,A,FB193FB017UAB,,0,0,,,,,,25.042469,80.914819,FIU,E76930,FIU,WMD,WMD,2,BA,CA,,AB78000_B,,SM18 2520 B,,480,Measurements done close to the bottom.,
FLAB17,FLAB,4/3/07,SAMP,MON,SA,G,,0,,98,SALINITY,SALIN,41.52,,,41.5,,1,,,,PSU,1,N,A,FB194FB017UA,,0,0,,,,,,25.042469,80.914819,FIU,E76930,FIU,WMD,WMD,2,BA,CA,,AB79025,4/3/07 10:44,SM18 2520 B,,480,,
FLAB17,FLAB,4/3/07,SAMP,MON,SA,G,,0,,98,SALINITY,SALIN,41.48,,,41.5,,1,,,,PSU,1,N,A,FB194FB017UAB,,0,0,,,,,,25.042469,80.914819,FIU,E76930,FIU,WMD,WMD,2,BA,CA,,AB79025_B,,SM18 2520 B,,480,Measurements done close to the bottom.,
FLAB17,FLAB,5/1/07,SAMP,MON,SA,G,,0,,98,SALINITY,SALIN,38.48,,,38.5,,1,,,,PSU,1,N,A,FB195FB017UA,,0,0,,,,,,25.042469,80.914819,FIU,E76930,FIU,WMD,WMD,2,BA,CA,,AB82086,5/1/07 13:07,SM18 2520 B,,480,,
FLAB17,FLAB,5/1/07,SAMP,MON,SA,G,,0,,98,SALINITY,SALIN,38.5,,,38.5,,1,,,,PSU,1,N,A,FB195FB017UAB,,0,0,,,,,,25.042469,80.914819,FIU,E76930,FIU,WMD,WMD,2,BA,CA,,AB82086_B,,SM18 2520 B,,480,Measurements done close to the bottom.,
FLAB17,FLAB,6/6/07,SAMP,MON,SA,G,,0,,98,SALINITY,SALIN,40.2,,,40.2,,1,,,,PSU,1,N,A,FB196FB017UA,,0,0,,,,,,25.042469,80.914819,FIU,E76930,FIU,WMD,WMD,2,BA,CA,,AB83985,6/6/07 13:32,SM18 2520 B,,480,,
FLAB17,FLAB,6/6/07,SAMP,MON,SA,G,,0,,98,SALINITY,SALIN,40.22,,,40.2,,1,,,,PSU,1,N,A,FB196FB017UAB,,0,0,,,,,,25.042469,80.914819,FIU,E76930,FIU,WMD,WMD,2,BA,CA,,AB83985_B,,SM18 2520 B,,480,Measurements done close to the bottom.,
FLAB17,FLAB,7/3/07,SAMP,MON,SA,G,,0,,98,SALINITY,SALIN,37.75,A,,37.8,,1,,,,PSU,1,N,A,FB197FB017UA,,0,0,,,,,,25.042469,80.914819,FIU,E76930,FIU,WMD,WMD,2,BA,CA,,AB85564,7/3/07 11:17,SM18 2520 B,,480,,
FLAB17,FLAB,7/3/07,SAMP,MON,SA,G,,0,,98,SALINITY,SALIN,37.75,A,,37.8,,1,,,,PSU,1,N,A,FB197FB017UAB,,0,0,,,,,,25.042469,80.914819,FIU,E76930,FIU,WMD,WMD,2,BA,CA,,AB85564_B,,SM18 2520 B,,480,Measurements done close to the bottom.,
FLAB17,FLAB,8/7/07,SAMP,MON,SA,G,,0,,98,SALINITY,SALIN,39.68,A,,39.7,,1,,,,PSU,1,N,A,FB198FB017UA,,0,0,,,,,,25.042469,80.914819,FIU,E76930,FIU,WMD,WMD,2,BA,CA,,AB89021,8/7/07 12:09,SM18 2520 B,,480,,
FLAB17,FLAB,8/7/07,SAMP,MON,SA,G,,0,,98,SALINITY,SALIN,39.7,A,,39.7,,1,,,,PSU,1,N,A,FB198FB017UAB,,0,0,,,,,,25.042469,80.914819,FIU,E76930,FIU,WMD,WMD,2,BA,CA,,AB89021_B,,SM18 2520 B,,480,Measurements done close to the bottom.,
FLAB17,FLAB,9/5/07,SAMP,MON,SA,G,,0,,98,SALINITY,SALIN,41.16,A,,41.2,,1,,,,PSU,1,N,A,FB199FB017UA,,0,0,,,,,,25.042469,80.914819,FIU,E76930,FIU,WMD,WMD,2,BA,CA,,AB90692,9/5/07 12:27,SM18 2520 B,,480,,
FLAB17,FLAB,9/5/07,SAMP,MON,SA,G,,0,,98,SALINITY,SALIN,42.36,A,,42.4,,1,,,,PSU,1,N,A,FB199FB017UAB,,0,0,,,,,,25.042469,80.914819,FIU,E76930,FIU,WMD,WMD,2,BA,CA,,AB90692_B,,SM18 2520 B,,480,Measurements done close to the bottom.,
FLAB17,FLAB,10/4/07,SAMP,MON,SA,G,,0,,98,SALINITY,SALIN,35.88,,,35.9,,1,,,,PSU,1,N,A,FB200FB017,,0,0,,,,,,25.042469,80.914819,FIU,E76930,FIU,WMD,WMD,2,BA,CA,,AB92293,10/4/07 13:42,SM18 2520 B,,480,,
FLAB17,FLAB,11/6/07,SAMP,MON,SA,G,,0,,98,SALINITY,SALIN,38.41,,,38.4,,1,,,,PSU,1,N,A,FB201FB017,,0,0,,,,,,25.042469,80.914819,FIU,E76930,FIU,WMD,WMD,2,BA,CA,,AB93887,11/6/07 10:55,SM18 2520 B,,480,,
FLAB17,FLAB,12/7/07,SAMP,MON,SA,G,,0,,98,SALINITY,SALIN,35.46,,,35.5,,1,,,,PSU,1,N,A,FB202FB017,,0,0,,,,,,25.042469,80.914819,FIU,E76930,FIU,WMD,WMD,2,BA,CA,,AB94305,12/7/07 9:58,SM18 2520 B,,480,,
FLAB17,FLAB,1/9/08,SAMP,MON,SA,G,,0,,98,SALINITY,SALIN,35.86,,,35.9,,1,,,,PSU,1,N,A,FB203FB017,,0,0,,,,,,25.042469,80.914819,FIU,E76930,FIU,WMD,WMD,2,BA,CA,,AB95216,1/9/08 9:50,SM18 2520 B,,480,,
FLAB17,FLAB,1/9/08,SAMP,MON,SA,G,,0,,98,SALINITY,SALIN,35.86,,,35.9,,1,,,,PSU,1,N,A,FB203FB017B,,0,0,,,,,,25.042469,80.914819,FIU,E76930,FIU,WMD,WMD,2,BA,CA,,AB95216_B,,SM18 2520 B,,480,Measurements done close to the bottom.,
FLAB17,FLAB,2/8/08,SAMP,MON,SA,G,,0,,98,SALINITY,SALIN,39.46,,,39.5,,1,,,,PSU,1,N,A,FB204FB017,,0,0,,,,,,25.042469,80.914819,FIU,E76930,FIU,WMD,WMD,2,BA,CA,,AB95732,2/8/08 11:15,SM18 2520 B,,480,,
FLAB17,FLAB,2/8/08,SAMP,MON,SA,G,,0,,98,SALINITY,SALIN,39.46,,,39.5,,1,,,,PSU,1,N,A,FB204FB017B,,0,0,,,,,,25.042469,80.914819,FIU,E76930,FIU,WMD,WMD,2,BA,CA,,AB95732_B,,SM18 2520 B,,480,Measurements done close to the bottom.,
FLAB17,FLAB,3/5/08,SAMP,MON,SA,G,,0,,98,SALINITY,SALIN,38.95,,,39,,1,,,,PSU,1,N,A,FB205FB017,,0,0,,,,,,25.042469,80.914819,FIU,E76930,FIU,WMD,WMD,2,BA,CA,,AB95979,3/5/08 10:36,SM18 2520 B,,480,,
FLAB17,FLAB,3/5/08,SAMP,MON,SA,G,,0,,98,SALINITY,SALIN,38.94,,,38.9,,1,,,,PSU,1,N,A,FB205FB017B,,0,0,,,,,,25.042469,80.914819,FIU,E76930,FIU,WMD,WMD,2,BA,CA,,AB95979_B,,SM18 2520 B,,480,Measurements done close to the bottom.,
FLAB17,FLAB,4/2/08,SAMP,MON,SA,G,,0,,98,SALINITY,SALIN,43.44,,,43.4,,1,,,,PSU,1,N,A,FB206FB017,,0,0,,,,,,25.042469,80.914819,FIU,E76930,FIU,WMD,WMD,2,BA,CA,4/2/08 11:20,AB96549,4/2/08 11:20,SM18 2520 C,,480,,
FLAB17,FLAB,4/2/08,SAMP,MON,SA,G,,0,,98,SALINITY,SALIN,43.46,,,43.5,,1,,,,PSU,1,N,A,FB206FB017B,,0,0,,,,,,25.042469,80.914819,FIU,E76930,FIU,WMD,WMD,2,BA,CA,4/2/08 11:22,AB96549_B,4/2/08 11:22,SM18 2520 C,,480,Measurements done close to the bottom.,
FLAB17,FLAB,5/7/08,SAMP,MON,SA,G,,0,,98,SALINITY,SALIN,43.14,,,43.1,,1,,,,PSU,1,N,A,FB207FB017,,0,0,,,,,,25.042469,80.914819,FIU,E76930,FIU,WMD,WMD,2,BA,CA,5/7/08 11:43,AB97312,5/7/08 11:43,SM18 2520 C,,480,,
FLAB17,FLAB,5/7/08,SAMP,MON,SA,G,,0,,98,SALINITY,SALIN,43.13,,,43.1,,1,,,,PSU,1,N,A,FB207FB017B,,0,0,,,,,,25.042469,80.914819,FIU,E76930,FIU,WMD,WMD,2,BA,CA,5/7/08 11:45,AB97312_B,5/7/08 11:45,SM18 2520 C,,480,Measurements done close to the bottom.,
FLAB17,FLAB,6/4/08,SAMP,MON,SA,G,,0,,98,SALINITY,SALIN,43.92,,,43.9,,1,,,,PSU,1,N,A,FB208FB017,,0,0,,,,,,25.042469,80.914819,FIU,E76930,FIU,WMD,WMD,2,BA,CA,6/4/08 13:21,AB97876,6/4/08 13:21,SM18 2520 C,,480,,
FLAB17,FLAB,6/4/08,SAMP,MON,SA,G,,0,,98,SALINITY,SALIN,43.95,,,44,,1,,,,PSU,1,N,A,FB208FB017B,,0,0,,,,,,25.042469,80.914819,FIU,E76930,FIU,WMD,WMD,2,BA,CA,6/4/08 13:23,AB97876_B,6/4/08 13:23,SM18 2520 C,,480,Measurements done close to the bottom.,
FLAB17,FLAB,1/6/09,SAMP,MON,SA,G,,0.5,,98,SALINITY,SALIN,34.2,,,34.2,,1,,,,PSU,1,N,A,P42962-9,,1,2,,,1.6,,,25.042469,80.914819,FWEC,E46077,WMD,WMD,WMD,2,BA,NO,1/7/09 10:35,16141009,1/6/09 11:46,,,00480,Clear calm waters.  Little to no chop and very light winds.  Sample clear with no visable solids.,
FLAB17,FLAB,2/10/09,SAMP,MON,SA,G,,0.5,,98,SALINITY,SALIN,33.1,,,33.1,,1,,,,PSU,1,N,A,P42977-6,,1,1,,,1.3,,,25.042469,80.914819,FWEC,E46077,WMD,WMD,WMD,2,BA,NO,2/11/09 10:38,16156006,2/10/09 11:35,,,00480,Calming windsc and light chop.  Sample clear.,
FLAB17,FLAB,3/10/09,SAMP,MON,SA,G,,0.5,,98,SALINITY,SALIN,37.5,,,37.5,,1,,,,PSU,1,N,A,P43360-6,,1,2,,,1.4,,,25.042469,80.914819,FWEC,E46077,WMD,WMD,WMD,2,BA,NO,3/11/09 11:10,16637006,3/10/09 11:12,,,00480,Calming winds and a light chop.  Sample clear.,
FLAB17,FLAB,4/14/09,SAMP,MON,SA,G,,0.5,,98,SALINITY,SALIN,39.1,,,39.1,,1,,,,PSU,1,N,A,P43537-6,,1,3,,,1.7,,,25.042469,80.914819,FWEC,E46077,WMD,WMD,WMD,2,BA,NO,4/15/09 9:58,16858006,4/14/09 10:52,,,00480,calm seas and calm conditions.  Sample clear.,
FLAB17,FLAB,5/12/09,SAMP,MON,SA,G,,0.5,,98,SALINITY,SALIN,50.2,,,50.2,,1,,,,PSU,1,N,A,P43934-6,,1,3,,,1.9,,,25.042469,80.914819,FWEC,E46077,WMD,WMD,WMD,2,BA,NO,5/13/09 9:57,17325006,5/12/09 11:12,,,00480,Calm and clear.  Extremely salty with salinity near 50 ppt.,
FLAB17,FLAB,6/9/09,SAMP,MON,SA,G,,0.5,,98,SALINITY,SALIN,42.8,,,42.8,,1,,,,PSU,1,N,A,P43949-6,,1,2,,,1.9,,,25.042469,80.914819,FWEC,E46077,WMD,WMD,WMD,2,BA,NO,6/10/09 9:57,17342006,6/9/09 10:53,,,00480,Clear and very calm.  Sample clear of solids.  Good deal of plant matter (broken seagrass) observed floating on water column.,
FLAB17,FLAB,7/8/09,SAMP,MON,SA,G,,0.5,,98,SALINITY,SALIN,39.1,,,39.1,,1,,,,PSU,1,N,A,P44581-6,,1,1,,,1.5,,,25.042469,80.914819,FWEC,E46077,WMD,WMD,WMD,2,BA,NO,7/9/09 9:52,18188020,7/8/09 11:56,,,00480,"Sample clear with no visible solids.   SECCHI ON BOTTOM.  Calm conditions, clear skies, sunny.",
FLAB17,FLAB,8/11/09,SAMP,MON,SA,G,,0.5,,98,SALINITY,SALIN,38.2,,,38.2,,1,,,,PSU,1,N,A,P44608-6,,1,3,,,1.7,,,25.042469,80.914819,FWEC,E46077,WMD,WMD,WMD,2,BA,NO,8/12/09 10:59,18222020,8/11/09 11:26,,,00480,"Samole very light yellow, with low solids.   SECCHI ON BOTTOM.  Water calm, seagrass floating in water. Overcast, temperature high 80's degrees F.",
FLAB17,FLAB,9/9/09,SAMP,MON,SA,G,,0.5,,98,SALINITY,SALIN,37.5,,,37.5,,1,,,,PSU,1,N,A,P45420-6,,1,1,,,1.7,,,25.042469,80.914819,FWEC,E46077,WMD,WMD,WMD,2,BA,NO,9/10/09 12:15,19265006,9/9/09 12:22,,,00480,"Sample pale yellow with no visible solids. Light outgoing flow. SECCHI ON BOTTOM. Less than 0.5' chop, with winds 5-10 mph. Seagrass observed floating on water's surface.",
FLAB17,FLAB,10/6/09,SAMP,MON,SA,G,,0.5,,98,SALINITY,SALIN,38.6,,,38.6,,1,,,,PSU,1,N,A,P45904-6,,1,3,,,1.6,,,25.042469,80.914819,FWEC,E46077,WMD,WMD,WMD,2,BA,NO,10/7/09 13:03,19876006,10/6/09 12:20,,,00480,"Sample clear, no visible solids.  Low flow, light chop.   SECCHI ON BOTTOM. Some seagrass floating on water surface.",
FLAB17,FLAB,11/3/09,SAMP,MON,SA,G,,0.5,,98,SALINITY,SALIN,39.5,,,39.5,,1,,,,PSU,1,N,A,P46182-6,,1,1,,,1.5,,,25.042469,80.914819,FWEC,E46077,WMD,WMD,WMD,2,BA,NO,11/4/09 12:09,20231006,11/3/09 11:46,,,00480,"Sample pale yellow with no visible solids. SECCHI ON BOTTOM. Low flow. Calm conditions, no chop.",
FLAB17,FLAB,12/2/09,SAMP,MON,SA,G,,0.5,m,98,SALINITY,SALIN,35.8,,,35.8,,1,,,,PSU,1,N,A,P46550-6,,1,3,,,,,,25.042469,80.914819,FWEC,E46077,WMD,WMD,WMD,2,BA,NO,12/3/09 10:22,20734006,12/2/09 11:56,,,00480,Sample pale yellow with no visible solids. Low flow. SECCHI ON BOTTOM. 1' chop with winds approx. 20 mph. FCEB taken at this station.,
FLAB17,FLAB,1/6/10,SAMP,MON,SA,G,,0.5,m,98,SALINITY,SALIN,34,,,34,,1,,,,PSU,1,N,A,P46791-7,,1,1,,,,,,25.042469,80.914819,FWEC,E46077,WMD,WMD,WMD,2,BA,NO,1/7/10 10:50,21029007,1/6/10 13:04,,,00480,"Sample clear, no visible solids.  Calm water, minimal chop.  Low flow.  Winds 10-15mph.   SECCHI ON BOTTOM.",
FLAB17,FLAB,2/3/10,SAMP,MON,SA,G,,0.5,m,98,SALINITY,SALIN,31.4,,,31.4,,1,,,,PSU,1,N,A,P47181-6,,1,1,,,,,,25.042469,80.914819,FWEC,E46077,WMD,WMD,WMD,2,BA,NO,2/4/10 9:49,21663006,2/3/10 12:25,,,00480,"Sample pale yellow, with low solids.  Low flow, light chop.  Winds 5-10mph.   SECCHI ON BOTTOM.",
FLAB17,FLAB,3/2/10,SAMP,MON,SA,G,,0.5,m,98,SALINITY,SALIN,33.7,,,33.7,,1,,,,PSU,1,N,A,P47470-6,,1,6,,,,,,25.042469,80.914819,FWEC,E46077,WMD,WMD,WMD,2,BA,NO,3/3/10 10:29,22044006,3/2/10 13:00,,,00480,"Sample pale green, with low solids.  Low flow.  2-3 foot seas, choppy.  Winds 20-30mph.  Heavy rain.   SECCHI ON BOTTOM.",
FLAB17,FLAB,4/7/10,SAMP,MON,SA,G,,0.5,m,98,SALINITY,SALIN,36.5,,,36.5,,1,,,,PSU,1,N,A,P47826-6,,1,1,,,,,,25.042469,80.914819,FWEC,E46077,WMD,WMD,WMD,2,BA,NO,4/8/10 11:08,22508006,4/7/10 12:38,,,00480,Sample pale yellow with low suspended solids. Low flow with slight chop up to 1' and 15 mph winds. SECCHI ON BOTTOM.,
FLAB17,FLAB,5/5/10,SAMP,MON,SA,G,,0.5,m,98,SALINITY,SALIN,37.9,,,37.9,,1,,,,PSU,1,N,A,P48079-6,,1,2,,,,,,25.042469,80.914819,FWEC,E46077,WMD,WMD,WMD,2,BA,NO,5/6/10 9:54,22815006,5/5/10 12:39,,,00480,Sample if pale yellow with no visible soilds present. Low flow with minimal chop less than 1' and variable winds of 4-7 mph. SECCHI ON BOTTOM.,
FLAB17,FLAB,6/2/10,SAMP,MON,SA,G,,0.5,m,98,SALINITY,SALIN,37.5,,,37.5,,1,,,,PSU,1,N,A,P48377-8,,1,1,,,,,,25.042469,80.914819,FWEC,E46077,WMD,WMD,WMD,2,BA,NO,6/3/10 10:48,23191008,6/2/10 12:33,,,00480,comments too long see field notes,
FLAB17,FLAB,7/7/10,SAMP,MON,SA,G,,0.5,m,98,SALINITY,SALIN,39.6,,,39.6,,1,,,,PSU,1,N,A,P48677-8,,1,1,,,,,,25.042469,80.914819,FWEC,E46077,WMD,WMD,WMD,2,BA,NO,7/8/10 12:00,23534008,7/7/10 12:14,,,00480,Sample is light yellow with low suspended solids present. Low flow with light chop up to 6 inches and light variable winds from 3 to 5 mph. SECCHI ON BOTTOM.,
FLAB17,FLAB,8/4/10,SAMP,MON,SA,G,,0.5,m,98,SALINITY,SALIN,39.9,,,39.9,,1,,,,PSU,1,N,A,P48891-8,,1,3,,,,,,25.042469,80.914819,FWEC,E46077,WMD,WMD,WMD,2,BA,NO,8/5/10 9:58,23828008,8/4/10 12:32,,,00480,Sample is light yellow with low suspended solids present. Low flow with variable 8 to 11 mph winds from the east north east. SECCHI ON BOTTOM.,
FLAB17,FLAB,9/8/10,SAMP,MON,SA,G,,0.5,m,98,SALINITY,SALIN,37.8,,,37.8,,1,,,,PSU,1,N,A,P49169-8,,1,1,,,,,,25.042469,80.914819,FWEC,E46077,WMD,WMD,WMD,2,BA,NO,9/9/10 11:06,24183008,9/8/10 12:53,,,00480,Sample is pale yellow with low suspended solids present. Low flow with chop and swell up to 2.5 feet with gusty variable winds from the east at 12 to 20 mph with gusts to 25 mph. SECCHI ON BOTTOM.,
FLAB17,FLAB,10/6/10,SAMP,MON,SA,G,,0.5,m,98,SALINITY,SALIN,35.2,,,35.2,,1,,,,PSU,1,N,A,P49626-8,,1,1,,,,,,25.042469,80.914819,FWEC,E46077,WMD,WMD,WMD,2,BA,NO,10/7/10 10:30,24781008,10/6/10 10:58,,,00480,Sample is pale yellow with low suspended solids present. Low flow with chop up to 2 feet with swells up to 2.5 feet and very strong gusty winds from the north north east at 12 to 25 mph with gusts to 30 mph. SECCHI ON BOTTOM.,
FLAB17,FLAB,11/4/10,SAMP,MON,SA,G,,0.5,m,98,SALINITY,SALIN,33.5,,,33.5,,1,,,,PSU,1,N,A,P50068-8,,1,2,,,,,,25.042469,80.914819,FWEC,E46077,WMD,WMD,WMD,2,BA,NO,11/5/10 8:08,25356008,11/4/10 13:08,,,00480,Sample is pale yellow with no visible suspended solids present. Low flow with chop up to 6 inches with variable winds from the southwest at 4 to 8 mph. SECCHI ON BOTTOM.,
FLAB17,FLAB,12/8/10,SAMP,MON,SA,G,,0.5,m,98,SALINITY,SALIN,32.5,,,32.5,,1,,,,PSU,1,N,A,P50472-8,,1,1,,,,,,25.042469,80.914819,FWEC,E46077,WMD,WMD,WMD,2,BA,NO,12/9/10 9:57,25853008,12/8/10 10:57,,,00480,Sample is pale green with low suspended solids present. Low flow with chop and swell up to 1.5 feet with constant winds from the north north west at 7 to 8 mph. Very cold air temp with clear sunny skies. SECCHI ON BOTTOM.,
FLAB17,FLAB,2/16/11,SAMP,MON,SA,G,,0.5,m,98,SALINITY,SALIN,35.2,,,35.2,,1,,,,PSU,1,N,A,P50935-8,,0,2,,,,,,25.042469,80.914819,WMD,FIELD,FLD,WMD,WMD,2,BA,NO,2/17/11 10:03,26502008,2/16/11 12:18,,,00480,,
FLAB17,FLAB,3/22/11,SAMP,MON,SA,G,,0.5,m,98,SALINITY,SALIN,37.7,,,37.7,,1,,,,PSU,1,N,A,P51525-8,,1,1,,,,,,25.042469,80.914819,FWEC,FIELD,FLD,WMD,WMD,2,BA,NO,3/23/11 10:39,27308008,3/22/11 13:01,,,00480,Sample is pale green with low suspended solids present. Low flow with chop up to 1.5 feet and variable  east winds at 8 to 13 mph. SECCHI ON BOTTOM,
FLAB17,FLAB,4/12/11,SAMP,MON,SA,G,,0.5,m,98,SALINITY,SALIN,37.8,,,37.8,,1,,,,PSU,1,N,A,P52303-8,,1,2,,,,,,25.042469,80.914819,FWEC,FIELD,FLD,WMD,WMD,2,BA,NO,4/13/11 11:39,28413008,4/12/11 10:42,,,00480,"Sample light green, low flow, wind 5-10mph SE,  SECCHI ON BOTTOM.",
FLAB17,FLAB,5/10/11,SAMP,MON,SA,G,,0.5,m,98,SALINITY,SALIN,39.2,,,39.2,,1,,,,PSU,1,N,A,P52304-8,,1,1,,,,,,25.042469,80.914819,FWEC,FIELD,FLD,WMD,WMD,2,BA,NO,5/11/11 10:10,28414008,5/10/11 10:27,,,00480,"Sample pale green.  Low flow.  Calm water, no chop.  Wind 3-5mph.   SECCHI ON BOTTOM.",
FLAB17,FLAB,6/8/11,SAMP,MON,SA,G,,0.5,m,98,SALINITY,SALIN,44.8,,,44.8,,1,,,,PSU,1,N,A,P52305-8,,1,3,,,,,,25.042469,80.914819,FWEC,FIELD,FLD,WMD,WMD,2,BA,NO,6/9/11 9:58,28415008,6/8/11 10:39,,,00480,WARNING: Time exceeds +/- 1 Hour(s).,
FLAB17,FLAB,7/6/11,SAMP,MON,SA,G,,0.5,m,98,SALINITY,SALIN,40.2,,,40.2,,1,,,,PSU,1,N,A,P52306-8,,1,6,,,,,,25.042469,80.914819,FWEC,FIELD,FLD,WMD,WMD,2,BA,NO,7/7/11 10:24,28416008,7/6/11 13:02,,,00480,Sample is pale green with low suspended solids. Low flow with light chop up to 12 inches and winds from the north at 8 to 15 mph with rain and very overcast. SECCHI ON BOTTOM.,
FLAB17,FLAB,8/9/11,SAMP,MON,SA,G,,0.5,m,98,SALINITY,SALIN,38.6,,,38.6,,1,,,,PSU,1,N,A,P53437-7,,1,3,,,,,,25.042469,80.914819,FWEC,FIELD,FLD,WMD,WMD,2,BA,NO,8/10/11 10:17,29868007,,,,00480,Sample is clear with no visible solids present. Low to moderate flow with chop up to 1.5 feet and 5 to 8 mph winds from the southwest. SECCHI ON BOTTOM,
FLAB17,FLAB,9/7/11,SAMP,MON,SA,G,,0.5,m,98,SALINITY,SALIN,36.8,,,36.8,,1,,,,PSU,1,N,A,P53438-7,,0,1,,,,,,25.042469,80.914819,FWEC,FIELD,FLD,WMD,WMD,2,BA,NO,9/8/11 10:29,29869007,9/7/11 13:20,,,00480,Sample is pale green with no visible suspended solids present. Low current with light chop up to 6 inches and variable winds from the south south east at 6 to 10 mph. SECCHI ON BOTTOM.,
FLAB17,FLAB,10/11/11,SAMP,MON,SA,G,,0.5,m,98,SALINITY,SALIN,38.6,,,38.6,,1,,,,PSU,1,N,A,P53439-7,,0,2,,,,,,25.042469,80.914819,WMD,FIELD,FLD,WMD,WMD,2,BA,NO,10/12/11 10:23,29870007,10/11/11 10:46,,,00480,"Wind and seas calm, flood tide,  SECCHI ON BOTTOM.",
FLAB17,FLAB,12/13/11,SAMP,MON,SA,G,,0.5,m,98,SALINITY,SALIN,34.3,,,34.3,,1,,,,PSU,1,N,A,P54066-5,,0,3,,,,,,25.042469,80.914819,WMD,FIELD,FLD,WMD,WMD,2,BA,NO,12/14/11 10:48,30605005,12/13/11 10:29,,,00480,"Wind N 18-20, seas 1 ft,  SECCHI ON BOTTOM, slack tide",
FLAB17,FLAB,2/7/12,SAMP,MON,SA,G,,0.5,m,98,SALINITY,SALIN,33.8,,,33.8,,1,,,,PSU,1,N,A,P55307-5,,0,3,,,,,,25.042469,80.914819,WMD,FIELD,FLD,WMD,WMD,2,BA,NO,2/8/12 11:46,32255005,2/7/12 10:43,,,00480,"Wind and seas calm, ebb tide,  SECCHI ON BOTTOM.",
FLAB17,FLAB,4/11/12,SAMP,MON,SA,G,,0.5,m,98,SALINITY,SALIN,39.7,,,39.7,,1,,,,PSU,1,N,A,P55314-5,,0,2,,,,,,25.042469,80.914819,WMD,FIELD,FLD,WMD,WMD,2,BA,NO,4/12/12 10:52,32262005,4/11/12 10:29,,,00480,"Wind and seas calm, ebb tide,  SECCHI ON BOTTOM.",
FLAB17,FLAB,6/6/12,SAMP,MON,SA,G,,0.5,m,98,SALINITY,SALIN,36,,,36,,1,,,,PSU,1,N,A,P55930-5,,0,4,,,,,,25.042469,80.914819,WMD,FIELD,FLD,WMD,WMD,2,BA,NO,6/6/12 16:39,33113005,6/6/12 10:57,,,00480,"SECCHI ON BOTTOM. Light winds, less than 5kts out of the S. Light chop on the water.",
FLAB17,FLAB,8/20/12,SAMP,MON,SA,G,,0.5,m,98,SALINITY,SALIN,36.5,,,36.5,,1,,,,PSU,1,N,A,P56206-5,,0,2,,,,,,25.042469,80.914819,WMD,FIELD,FLD,WMD,WMD,2,PD,NO,8/21/12 9:01,33465005,8/20/12 11:47,,,00480,Calm conditions with almost no breeze.  Slack tide.  Flat calm conditions.   SECCHI ON BOTTOM.  Good amount of dead grass floating on surface.,
FLAB17,FLAB,10/15/12,SAMP,MON,SA,G,,0.5,m,98,SALINITY,SALIN,36.1,,,36.1,,1,,,,PSU,1,N,A,P56210-5,,0,2,,,,,,25.042469,80.914819,WMD,FIELD,FLD,WMD,WMD,2,BA,NO,10/16/12 7:44,33469005,10/15/12 11:50,,,00480,Calm conditions.  Slight flood tide.   SECCHI ON BOTTOM.,
FLAB17,FLAB,12/13/12,SAMP,MON,SA,G,,0.5,m,98,SALINITY,SALIN,32.1,,,32.1,,1,,,,PSU,1,N,A,P56855-5,,0,1,,,,,,25.042469,80.914819,WMD,FIELD,FLD,WMD,WMD,2,BA,NO,12/13/12 15:05,34310005,12/13/12 9:32,,,00480,"Calm wind, calm seas, very low current.   SECCHI ON BOTTOM.",
FLAB17,FLAB,2/12/13,SAMP,MON,SA,G,,0.5,m,98,SALINITY,SALIN,36.3,,,36.3,,1,,,,PSU,1,N,A,P61815-8,,0,1,,,,,,25.042469,80.914819,WMD,FIELD,FLD,WMD,WMD,2,PD,NO,2/12/13 16:39,39394008,2/12/13 10:47,,,00480,SECCHI ON BOTTOM. S wind approx 10 kt. Light chop on surface. Weak current.,
FLAB17,FLAB,4/22/13,SAMP,MON,SA,G,,0.5,m,98,SALINITY,SALIN,38.8,,,38.8,,1,,,,PSU,1,N,A,P61816-8,,0,4,,,,,,25.042469,80.914819,WMD,FIELD,FLD,WMD,WMD,2,PD,NO,4/23/13 10:11,39395008,4/22/13 11:46,,,00480,"SE winds 10-15 kts, seas less than 1 ft. SECCHI ON BOTTOM",
FLAB17,FLAB,6/11/13,SAMP,MON,SA,G,,0.5,m,98,SALINITY,SALIN,34.8,,,34.8,,1,,,,PSU,1,N,A,P63878-8,,0,6,,,,,,25.042469,80.914819,WMD,FIELD,FLD,WMD,WMD,2,PD,NO,6/11/13 16:12,40693008,6/11/13 9:46,,,480,"rain, sample processed in protected area, southeast winds 5-10, slight ripple, secchi on bottom",
FLAB17,FLAB,8/6/13,SAMP,MON,SA,G,,0.5,m,98,SALINITY,SALIN,36,,,36,,1,,,,PSU,1,N,A,P63879-8,,0,3,,,,,,25.042469,80.914819,WMD,FIELD,FLD,WMD,WMD,2,PD,NO,8/6/13 16:02,40694008,8/6/13 9:18,,,00480,SECCHI ON BOTTOM. Nearly calm wind. Ripples on surface. No current observed. Patches of grass on surface.,
FLAB17,FLAB,11/21/13,SAMP,MON,SA,G,,0.5,m,98,SALINITY,SALIN,37.8,,,37.8,,1,,,,PSU,1,N,A,P67402-5,,0,2,,,,,,25.042469,80.914819,WMD,FIELD,FLD,WMD,WMD,2,PD,NO,11/21/13 15:12,43581005,11/21/13 9:21,,,00480,"Rippled surface, NE wind 5-10. SECCHI ON BOTTOM",
FLAB17,FLAB,12/16/13,SAMP,MON,SA,G,,0.5,m,98,SALINITY,SALIN,35.8,,,35.8,,1,,,,PSU,1,N,A,P67403-5,,0,4,,,,,,25.042469,80.914819,WMD,FIELD,FLD,WMD,WMD,2,PD,NO,12/17/13 10:57,43582005,12/16/13 12:32,,,480,"moderate chop on surface, 0.5ft, SAV clippings floating on surface near sampling area, secchi on bottom",
FLAB17,FLAB,2/18/14,SAMP,MON,SA,G,,0.5,m,98,SALINITY,SALIN,33.8,,,33.8,,1,,,,PSU,1,N,A,P70121-5,,0,2,,,,,,25.042469,80.914819,WMD,FIELD,FLD,WMD,WMD,2,PD,NO,2/18/14 15:33,45275005,2/18/14 9:12,,,00480,,
FLAB17,FLAB,4/15/14,SAMP,MON,SA,G,,0.5,m,98,SALINITY,SALIN,36.1,,,36.1,,1,,,,PSU,1,N,A,P70122-5,,0,1,,,,,,25.042469,80.914819,WMD,FIELD,FLD,WMD,WMD,2,PD,NO,4/15/14 15:40,45276005,4/15/14 10:15,,,480,Winds out of the SSE 15 kts. Slight chop. SECCHI ON BOTTOM,
FLAB17,FLAB,6/25/14,SAMP,MON,SA,G,,0.5,m,98,SALINITY,SALIN,41.4,,,41.4,,1,,,,PSU,1,N,A,P71698-5,,0,1,,,,,,25.042469,80.914819,WMD,FIELD,FLD,WMD,WMD,2,PD,NO,6/25/14 15:10,46558005,6/25/14 9:04,,,00480,"Calm, N wind 5-10. SECCHI ON BOTTOM",
FLAB17,FLAB,8/21/14,SAMP,MON,SA,G,,0.5,m,98,SALINITY,SALIN,39,,,39,,1,,,,PSU,1,N,A,P72711-5,,0,2,,,,,,25.042469,80.914819,WMD,FIELD,FLD,WMD,WMD,2,PD,NO,8/21/14 16:21,46929005,8/21/14 9:58,,,480,SECCHI ON BOTTOM,
FLAB17,FLAB,10/28/14,SAMP,MON,SA,G,,0.9,m,98,SALINITY,SALIN,36.9,,,36.9,,1,,,,PSU,1,N,A,P74732-5,,0,1,,,,,,25.042469,80.914819,WMD,FIELD,FLD,WMD,WMD,2,PD,NO,10/28/14 16:11,48704005,10/28/14 9:26,,,00480,Light wave action. Winds out of the ESE 12-17kts. SECCHI ON BOTTOM,
FLAB17,FLAB,12/9/14,SAMP,MON,SA,G,,0.5,m,98,SALINITY,SALIN,31.8,,,31.8,,1,,,,PSU,1,N,A,P74734-5,,0,4,,,,,,25.042469,80.914819,WMD,FIELD,FLD,WMD,WMD,2,PD,NO,12/9/14 16:50,48706005,12/9/14 10:08,,,00480,"Winds out of the N, 7-10kts. 0.5ft wave action. SECCHI ON BOTTOM",
FLAB17,FLAB,2/4/15,SAMP,MON,SA,G,,0.5,m,98,SALINITY,SALIN,35.1,,,35.1,,1,,,,PSU,1,N,A,P74733-5,,0,2,,,,,,25.042469,80.914819,WMD,FIELD,FLD,WMD,WMD,2,PD,NO,2/4/15 14:25,48705005,2/4/15 8:43,,,00480,"NE winds 10kts, light chop, scattered sea grass floating on surface,  SECCHI ON BOTTOM.",
FLAB17,FLAB,4/1/15,SAMP,MON,SA,G,,0.5,m,98,SALINITY,SALIN,37.8,,,37.8,,1,,,,PSU,1,N,A,P74735-5,,0,1,,,,,,25.042469,80.914819,WMD,FIELD,FLD,WMD,WMD,2,PD,NO,4/2/15 9:51,48707005,4/1/15 12:58,SFWMD-FSQM,,480,SOB. Light winds out of the SE 5 kts. Water very clear.,
FLAB17,FLAB,6/2/15,SAMP,MON,SA,G,,0.5,m,98,SALINITY,SALIN,43.8,,,43.8,,1,,,,PSU,1,N,A,P75564-5,,0,4,,,,,,25.042469,80.914819,WMD,FIELD,FLD,WMD,WMD,2,PD,NO,6/2/15 15:50,49262005,6/2/15 9:11,SFWMD-FSQM,,00480,"Incoming tide, light east winds, very overcast. Small amount of loose seagrass on surface. Secchi on bottom.",
FLAB17,FLAB,8/11/15,SAMP,MON,SA,G,,0.5,m,98,SALINITY,SALIN,41.3,,,41.3,,1,,,,PSU,1,N,A,P78616-5,,0,2,,,,,,25.042469,80.914819,WMD,FIELD,FLD,WMD,WMD,2,PD,NO,8/12/15 8:03,51802005,8/11/15 11:33,SFWMD-FSQM,,00480,"Light winds from the South, minor surface chop. Moderate amount of floating loose sea grass. Secchi on bottom. Slack tide.",
FLAB17,FLAB,10/12/15,SAMP,MON,SA,G,,0.5,m,98,SALINITY,SALIN,37.9,,,37.9,,1,,,,PSU,1,N,A,P80850-5,,0,2,,,,,,25.042469,80.914819,WMD,FIELD,FLD,WMD,WMD,2,PD,NO,10/13/15 8:50,53673005,10/12/15 10:50,SFWMD-FSQM,,00480,"Slack tide, seas less than 1ft, light west wind, light amount of loose floating vegetation, secchi on bottom.",
FLAB17,FLAB,1/26/16,SAMP,MON,SA,G,,0.5,m,98,SALINITY,SALIN,32.1,,,32.1,,1,,,,PSU,1,N,A,P82417-5,,0,1,,,,,,25.042469,80.914819,WMD,FIELD,FLD,WMD,WMD,2,PD,NO,1/26/16 18:05,54966005,1/26/16 11:25,SFWMD-FSQM,,480,Slight chop on surface. Winds SE 15-20.,
FLAB17,FLAB,2/23/16,SAMP,MON,SA,G,,0.5,m,98,SALINITY,SALIN,31,,,31,,1,,,,PSU,1,N,A,P82933-5,,0,2,,,,,,25.042469,80.914819,WMD,FIELD,FLD,WMD,WMD,2,PD,NO,2/23/16 16:54,55401005,2/23/16 11:23,SFWMD-FSQM,,480,SOB. Winds out of the SSE 7 to 10 kts. Light wave action.,
FLAB17,FLAB,4/6/16,SAMP,MON,SA,G,,0.5,m,98,SALINITY,SALIN,30.7,,,30.7,,1,,,,PSU,1,N,A,P83566-5,,0,3,,,,,,25.042469,80.914819,WMD,FIELD,FLD,WMD,WMD,2,PD,NO,4/6/16 16:44,55992005,4/6/16 10:25,SFWMD-FSQM,,480,SOB. Winds out of the E 15 to 17 kts. Light wave action.,
FLAB17,FLAB,6/29/16,SAMP,MON,SA,G,,0.5,m,98,SALINITY,SALIN,35.7,,,35.7,,1,,,,PSU,1,N,A,P84316-8,,0,2,,,,,,25.042469,80.914819,WMD,FIELD,FLD,WMD,WMD,2,PD,NO,6/29/16 15:54,56588008,6/29/16 9:15,SFWMD-FSQM,,00480,"slight ripple, east wind 5-10, some vegetation on surface, secchi on bottom, no flow observed",
FLAB17,FLAB,9/14/16,SAMP,MON,SA,G,,0.5,m,98,SALINITY,SALIN,36.1,,,36.1,,1,,,,PSU,1,N,A,P84637-5,,0,1,,,,,,25.042469,80.914819,WMD,FIELD,FLD,WMD,WMD,2,PD,NO,9/14/16 16:16,56879005,9/14/16 10:21,SFWMD-FSQM,,480,"calm water surface, some floating vegetation on surface, sample collected in a clear area, calm winds, secchi on bottom",
FLAB17,FLAB,11/15/16,SAMP,MON,SA,G,,0.5,m,98,SALINITY,SALIN,33,,,33,,1,,,,PSU,1,N,A,P86135-5,,0,2,,,,,,25.042469,80.914819,WMD,FIELD,FLD,WMD,WMD,2,PD,NO,11/15/16 16:36,58227005,11/15/16 10:41,SFWMD-FSQM,,480,"North winds 10-15kts, moderate chop, light amount of loose sea grass on surface. Secchi on bottom.",
FLAB17,FLAB,12/14/16,SAMP,MON,SA,G,,0.5,m,98,SALINITY,SALIN,32.3,,,32.3,,1,,,,PSU,1,N,A,P86764-5,,0,1,,,,,,25.042469,80.914819,WMD,FIELD,FLD,WMD,WMD,2,PD,NO,12/14/16 17:13,58612005,12/14/16 11:11,SFWMD-FSQM,,480,"calm wind, calm water, some SAV floating on surface in sampling area, secchi on bottom, no current observed",
FLAB17,FLAB,2/9/17,SAMP,MON,SA,G,,0.5,m,98,SALINITY,SALIN,36.3,,,36.3,,1,,,,PSU,1,N,A,P87698-5,,0,1,,,,,,25.042469,80.914819,WMD,FIELD,FLD,WMD,WMD,2,PD,NO,2/9/17 18:47,59451005,2/9/17 12:34,SFWMD-FSQM,,00480,Wind 10 - 15 MPH. Moderate amount of sea grass on the surface. Light chop. Secchi on bottom.,
FLAB17,FLAB,4/24/17,SAMP,MON,SA,G,,0.5,m,98,SALINITY,SALIN,42.3,,,42.3,,1,,,,PSU,1,N,A,P87828-5,,0,1,,,,,,25.042469,80.914819,WMD,FIELD,FLD,WMD,WMD,2,PD,NO,4/24/17 15:27,59589005,4/24/17 9:58,SFWMD-FSQM,,480,"seaweed floating on surface of water, light winds",
FLAB17,FLAB,7/26/17,SAMP,MON,SA,G,,0.5,m,98,SALINITY,SALIN,41.3,,,41.3,,1,,,,PSU,1,N,A,P88719-5,,0,0,,,,,,25.042469,80.914819,WMD,FIELD,FLD,WMD,WMD,2,PD,NO,7/26/17 16:55,60389005,7/26/17 10:47,SFWMD-FSQM,,00480,"East winds 10kts, seas less than 1ft, moderate amount of loose grass and seaweed floating on surface, secchi on bottom.",
FLAB17,FLAB,8/22/17,SAMP,MON,SA,G,,0.5,m,98,SALINITY,SALIN,40.2,,,40.2,,1,,,,PSU,1,N,A,P89177-5,,0,0,,,,,,25.042469,80.914819,WMD,FIELD,FLD,WMD,WMD,2,PD,NO,8/22/17 15:45,60817005,8/22/17 10:05,SFWMD-FSQM,,00480,"Light winds, seas less than 1 ft, light amount of loose sea grass and sargassum floating on surface. Secchi on bottom.",
FLAB17,FLAB,10/16/17,SAMP,MON,SA,G,,0.5,m,98,SALINITY,SALIN,31.2,,,31.2,,1,,,,PSU,1,N,A,P90590-5,,0,0,,,,,,25.042469,80.914819,WMD,FIELD,FLD,WMD,WMD,2,PD,NO,10/16/17 17:31,62122005,10/16/17 10:43,SFWMD-FSQM,,00480,"Sample area clear.  Water was a little cloudy, but bottom still visible.  Secchi on bottom.  Sample collected by NH.",
FLAB17,FLAB,12/19/17,SAMP,MON,SA,G,,0.5,m,98,SALINITY,SALIN,29.3,,,29.3,,1,,,,PSU,1,N,A,P91157-5,,0,0,,,,,,25.042469,80.914819,WMD,FIELD,FLD,WMD,WMD,2,PD,NO,12/19/17 19:25,62573005,12/19/17 10:45,SFWMD-FSQM,,480,Secchi is VOB,
FLAB17,FLAB,2/15/18,SAMP,MON,SA,G,,0.5,m,98,SALINITY,SALIN,32.5,,,32.5,,1,,,,PSU,1,N,A,P92110-5,,0,0,,,,,,25.042469,80.914819,WMD,FIELD,FLD,WMD,WMD,2,PD,NO,2/15/18 22:01,63446005,2/15/18 10:30,SFWMD-FSQM,,480,,
FLAB17,FLAB,4/12/18,SAMP,MON,SA,G,,0.5,m,98,SALINITY,SALIN,37.9,,,37.9,,1,,,,PSU,1,N,A,P92870-5,,0,0,,,,,,25.042469,80.914819,WMD,FIELD,FLD,WMD,WMD,2,PD,NO,4/13/18 7:36,64062005,4/12/18 9:49,SFWMD-FSQM,,00480,Out going tide observed.,
FLAB17,FLAB,6/12/18,SAMP,MON,SA,G,,0.5,m,98,SALINITY,SALIN,34.4,,,34.4,,1,,,,PSU,1,N,A,P93692-5,,0,0,,,,,,25.042469,80.914819,WMD,FIELD,FLD,WMD,WMD,2,PD,NO,6/12/18 17:52,64893005,6/12/18 11:40,SFWMD-FSQM,,00480,SOB.,
FLAB17,FLAB,8/9/18,SAMP,MON,SA,G,,0.5,m,98,SALINITY,SALIN,35.3,,,35.3,,1,,,,PSU,1,N,A,P94933-5,,0,0,,,,,,25.042469,80.914819,WMD,FIELD,FLD,WMD,WMD,2,PD,NO,8/10/18 6:52,65965005,8/9/18 11:01,SFWMD-FSQM,,00480,Secchi on bottom. Lots of dead veg floating in water. Avoided during collection.,
FLAB17,FLAB,10/22/18,SAMP,MON,SA,G,,0.5,m,98,SALINITY,SALIN,38.7,,,38.7,,1,,,,PSU,1,N,A,P95253-5,,0,0,,,,,,25.042469,80.914819,WMD,FIELD,FLD,WMD,WMD,2,PD,NO,10/23/18 8:12,66265005,10/22/18 11:02,SFWMD-FSQM,,480,Sample area clear.  Non-Visible solids.  Sample collected by EW.,
FLAB17,FLAB,12/17/18,SAMP,MON,SA,G,,0.5,m,98,SALINITY,SALIN,33.8,,,33.8,,1,,,,PSU,1,N,A,P96720-9,,0,0,,,,,,25.042469,80.914819,WMD,FIELD,FLD,WMD,WMD,2,BA,NO,12/18/18 8:19,67436009,12/17/18 11:31,SFWMD-FSQM,,00480,,
FLAB17,FLAB,2/18/19,SAMP,MON,SA,G,,0.5,m,98,SALINITY,SALIN,33.3,,,33.3,,1,,,,PSU,1,N,A,P103094-6,,0,0,,,,,,25.042469,80.914819,WMD,FIELD,FLD,WMD,WMD,2,BA,NO,2/19/19 9:40,69909006,2/18/19 11:35,SFWMD-FSQM,,480,Sample area clear.  Secchi Depth was 0.5m.  Light solids in sample.  Sample collected by EW.,
FLAB17,FLAB,4/3/19,SAMP,MON,SA,G,,0.5,m,98,SALINITY,SALIN,35.3,,,35.3,,1,,,,PSU,1,N,A,P103838-6,,0,0,,,,,,25.042469,80.914819,WMD,FIELD,FLD,WMD,WMD,2,BA,NO,4/3/19 15:29,70216006,4/3/19 9:36,SFWMD-FSQM,,480,Secchi on bottom,
FLAB17,FLAB,7/15/19,SAMP,MON,SA,G,,0.5,m,98,SALINITY,SALIN,35.4,,,35.4,,1,,,,PSU,1,N,A,P106399-6,,0,0,,,,,,25.042469,80.914819,WMD,FIELD,FLD,WMD,WMD,2,BA,NO,7/15/19 16:09,71313006,7/15/19 10:24,SFWMD-FSQM,,00480,,
FLAB17,FLAB,8/12/19,SAMP,MON,SA,G,,0.5,m,98,SALINITY,SALIN,36.8,,,36.8,,1,,,,PSU,1,N,A,P109218-6,,0,0,,,,,,25.042469,80.914819,WMD,FIELD,FLD,WMD,WMD,2,BA,NO,8/13/19 9:55,72387006,8/12/19 11:50,SFWMD-FSQM,,00480,,
FLAB17,FLAB,10/9/19,SAMP,MON,SA,G,,0.5,m,98,SALINITY,SALIN,33.1,,,33.1,,1,,,,PSU,1,N,A,P109906-6,,0,0,,,,,,25.042469,80.914819,WMD,FIELD,FLD,WMD,WMD,2,BA,NO,10/10/19 10:16,72728006,10/9/19 11:04,SFWMD-FSQM,,480,,
FLAB17,FLAB,1/28/20,SAMP,MON,SA,G,,0.5,m,98,SALINITY,SALIN,33.9,,,33.9,,1,,,,PSU,1,N,A,P110695-6,,0,0,,,,,,25.042469,80.914819,WMD,FIELD,FLD,WMD,WMD,2,BA,NO,1/28/20 16:21,73093006,1/28/20 10:57,SFWMD-FSQM,,00480,,
FLAB17,FLAB,2/5/20,SAMP,MON,SA,G,,0.5,m,98,SALINITY,SALIN,32.2,,,32.2,,1,,,,PSU,1,N,A,P110717-6,,0,0,,,,,,25.042469,80.914819,WMD,FIELD,FLD,WMD,WMD,2,BA,NO,2/6/20 11:55,73112006,2/5/20 11:51,SFWMD-FSQM,,480,Secchi on bottom.,
FLAB17,FLAB,4/7/20,SAMP,MON,SA,G,,0.5,m,98,SALINITY,SALIN,37.3,,,37.3,,1,,,,PSU,1,N,A,P110711-6,,0,0,,,,,,25.042469,80.914819,WMD,FIELD,FLD,WMD,WMD,2,BA,NO,4/7/20 16:09,73106006,4/7/20 10:51,SFWMD-FSQM,,00480,Sample area clear.  Solids were Non Visible.  Secchi on bottom.  Sample collected by EW.,
FLAB17,FLAB,6/17/20,SAMP,MON,SA,G,,0.5,m,98,SALINITY,SALIN,37.1,,,37.1,,1,,,,PSU,1,N,A,P110907-6,,0,0,,,,,,25.042469,80.914819,WMD,FIELD,FLD,WMD,WMD,2,BA,NO,6/17/20 15:56,73193006,6/17/20 10:45,SFWMD-FSQM,,00480,Secchi on bottom,
FLAB17,FLAB,8/18/20,SAMP,MON,SA,G,,0.5,m,98,SALINITY,SALIN,38,,,38,,1,,,,PSU,1,N,A,P111061-6,,0,0,,,,,,25.042469,80.914819,WMD,FIELD,FLD,WMD,WMD,2,BA,NO,8/18/20 15:40,73276006,8/18/20 10:40,SFWMD-FSQM,,00480,Vegetative debris present on surface of water.,
FLAB17,FLAB,10/13/20,SAMP,MON,SA,G,,0.5,m,98,SALINITY,SALIN,36.6,,,36.6,,1,,,,PSU,1,N,A,P118764-6,,0,0,,,,,,25.042469,80.914819,WMD,FIELD,FLD,WMD,WMD,2,BA,NO,10/14/20 8:55,76830006,10/13/20 10:49,SFWMD-FSQM,,00480,Filtration difficult at this location. Notable algae bloom with very fine particulates.,
FLAB17,FLAB,2/9/21,SAMP,MON,SA,G,,0.5,m,98,SALINITY,SALIN,29.3,,,29.3,,1,,,,PSU,1,N,A,P120349-6,,0,0,,,,,,25.042469,80.914819,WMD,FIELD,FLD,WMD,WMD,2,BA,NO,2/10/21 8:11,77554006,2/9/21 11:10,SFWMD-FSQM,,00480,Secchi on bottom.,
FLAB17,FLAB,3/24/21,SAMP,MON,SA,G,,0.5,m,98,SALINITY,SALIN,34.6,,,34.6,,1,,,,PSU,1,N,A,P122509-6,,0,0,,,,,,25.042469,80.914819,WMD,FIELD,FLD,WMD,WMD,2,BA,NO,3/25/21 6:59,78497006,3/24/21 11:25,SFWMD-FSQM,,00480,secchi on bottom,
FLAB17,FLAB,6/7/21,SAMP,MON,SA,G,,0.5,m,98,SALINITY,SALIN,42.1,,,42.1,,1,,,,PSU,1,N,A,P121640-6,,0,0,,,,,,25.042469,80.914819,WMD,FIELD,FLD,WMD,WMD,2,BA,NO,6/7/21 16:26,78140006,6/7/21 10:25,SFWMD-FSQM,,00480,Secchi on bottom,
FLAB17,FLAB,8/5/21,SAMP,MON,SA,G,,0.5,m,98,SALINITY,SALIN,37.5,,,37.5,,1,,,,PSU,1,N,A,P123926-6,,0,0,,,,,,25.042469,80.914819,WMD,FIELD,FLD,WMD,WMD,2,BA,NO,8/5/21 15:12,79169006,8/5/21 9:25,SFWMD-FSQM,,00480,Secchi on bottom,
FLAB17,FLAB,10/20/21,SAMP,MON,SA,G,,0.5,m,98,SALINITY,SALIN,36.5,,,36.5,,1,,,,PSU,1,N,A,P125707-6,,0,0,,,,,,25.042469,80.914819,WMD,FIELD,FLD,WMD,WMD,2,BA,NO,10/21/21 8:34,79970006,10/20/21 12:04,SFWMD-FSM,,00480,Secchi on bottom.,
FLAB17,FLAB,12/15/21,SAMP,MON,SA,G,,0.5,m,98,SALINITY,SALIN,31.3,,,31.3,,1,,,,PSU,1,N,A,P129834-6,,0,0,,,,,,25.042469,80.914819,WMD,FIELD,FLD,WMD,WMD,2,BA,NO,12/16/21 8:25,81789006,12/15/21 12:32,SFWMD-FSM,,480,,
FLAB17,FLAB,1/27/22,SAMP,MON,SA,G,,0.5,m,98,SALINITY,SALIN,33.1,,,33.1,,1,,,,PSU,1,N,A,P129835-6,,0,0,,,,,,25.042469,80.914819,WMD,FIELD,FLD,WMD,WMD,2,BA,NO,1/27/22 15:46,81790006,1/27/22 10:08,SFWMD-FSM,,00480,Secchi on bottom,
FLAB17,FLAB,4/12/22,SAMP,MON,SA,G,,0.5,m,98,SALINITY,SALIN,39.2,,,39.2,,1,,,,PSU,1,N,A,P132792-6,,0,0,,,,,,25.042469,80.914819,WMD,FIELD,FLD,WMD,WMD,2,BA,NO,4/13/22 8:06,83111006,4/12/22 10:40,SFWMD-FSM,,00480,Secchi on bottom,
FLAB17,FLAB,6/27/22,SAMP,MON,SA,G,,0.5,m,98,SALINITY,SALIN,37.2,,,37.2,,1,,,,PSU,1,N,A,P134130-6,,0,0,,,,,,25.042469,80.914819,WMD,FIELD,FLD,WMD,WMD,2,BA,NO,6/28/22 8:30,83719006,6/27/22 11:31,SFWMD-FSM,,00480,Secchi on bottom,
FLAB17,FLAB,7/11/22,SAMP,MON,SA,G,,0.5,m,98,SALINITY,SALIN,38.8,,,38.8,,1,,,,PSU,1,N,A,P135169-6,,0,0,,,,,,25.042469,80.914819,WMD,FIELD,FLD,WMD,WMD,2,BA,NO,7/12/22 8:09,84232006,7/11/22 11:19,SFWMD-FSM,,480,Secchi on bottom.,
FLAB17,FLAB,9/21/22,SAMP,MON,SA,G,,0.5,m,98,SALINITY,SALIN,39.4,,,39.4,,1,,,,PSU,1,N,A,P136493-6,,0,0,,,,,,25.042469,80.914819,WMD,FIELD,FLD,WMD,WMD,2,BA,NO,9/22/22 8:07,84868006,9/21/22 12:36,SFWMD-FSM,,480,"Secchi on bottom. Vegetative debris present in water column, avoided during sampling.",
FLAB17,FLAB,1/19/23,SAMP,MON,SA,G,,0.5,m,98,SALINITY,SALIN,32,,,32,,1,,,,PSU,1,N,A,P139466-6,,0,0,,,,,,25.042469,80.914819,WMD,FIELD,FLD,WMD,WMD,2,BA,NO,1/20/23 8:12,86301006,1/19/23 10:48,SFWMD-FSM,,00480,Secchi on bottom,
FLAB17,FLAB,3/6/23,SAMP,MON,SA,G,,0.5,m,98,SALINITY,SALIN,39.3,,,39.3,,1,,,,PSU,1,N,A,P141267-6,,0,0,,,,,,25.042469,80.914819,WMD,FIELD,FLD,WMD,WMD,2,BA,NO,3/7/23 8:44,87044006,3/6/23 11:07,SFWMD-FSM,,00480,SOB.,
FLAB17,FLAB,5/16/23,SAMP,MON,SA,G,,0.5,m,98,SALINITY,SALIN,41.6,,,41.6,,1,,,,PSU,1,N,A,P143738-6,,0,0,,,,,,25.042469,80.914819,WMD,FIELD,FLD,WMD,WMD,2,BA,NO,5/16/23 15:24,87932006,5/16/23 10:26,SFWMD-FSM,,00480,Secchi on bottom,
FLAB17,FLAB,7/17/23,SAMP,MON,SA,G,,0.5,m,98,SALINITY,SALIN,38,,,38,,1,,,,PSU,1,N,A,P144701-6,,0,0,,,,,,25.042469,80.914819,WMD,FIELD,FLD,WMD,WMD,2,BA,NO,7/18/23 8:37,88406006,7/17/23 11:38,SFWMD-FSM,,480,secchi on bottom,
FLAB17,FLAB,9/26/23,SAMP,MON,SA,G,,0.5,m,98,SALINITY,SALIN,38.5,,,38.5,,1,,,,PSU,1,N,A,P146059-6,,0,0,,,,,,25.042469,80.914819,WMD,FIELD,FLD,WMD,WMD,2,BA,NO,9/28/23 7:49,89095006,9/26/23 11:48,SFWMD-FSM,,480,secchi on bottom,
FLAB17,FLAB,11/27/23,SAMP,MON,SA,G,,0.5,m,98,SALINITY,SALIN,35,,,35,,1,,,,PSU,1,N,A,P146060-6,,0,0,,,,,,25.042469,80.914819,WMD,FIELD,FLD,WMD,WMD,2,BA,NO,11/28/23 8:48,89096006,11/27/23 11:36,SFWMD-FSM,,00480,Secchi on bottom.,
FLAB17,FLAB,2/21/24,SAMP,MON,SA,G,,0.5,m,98,SALINITY,SALIN,30.5,,,30.5,,1,,,,PSU,1,N,A,P148340-6,,0,0,,,,,,25.042469,80.914819,WMD,FIELD,FLD,WMD,WMD,2,BA,NO,2/22/24 8:09,90200006,2/21/24 12:14,SFWMD-FSM,,480,Secchi on bottom.,
FLAB17,FLAB,4/18/24,SAMP,MON,SA,G,,0.5,m,98,SALINITY,SALIN,36.2,,,36.2,,1,,,,PSU,1,N,A,P149303-6,,0,0,,,,,,25.042469,80.914819,WMD,FIELD,FLD,WMD,WMD,2,BA,NO,4/19/24 8:21,90666006,4/18/24 11:33,SFWMD-FSM,,00480,secchi on bottom,
FLAB17,FLAB,7/31/24,SAMP,MON,SA,G,,0.5,m,98,SALINITY,SALIN,40.1,,,40.1,,1,,,,PSU,1,N,A,P152197-6,,0,0,,,,,,25.042469,80.914819,WMD,FIELD,FLD,WMD,WMD,2,BA,NO,8/1/24 8:01,92110006,7/31/24 10:43,SFWMD-FSM,,00480,SOB.,
FLAB17,FLAB,9/30/24,SAMP,MON,SA,G,,0.5,m,98,SALINITY,SALIN,37.6,,,37.6,,1,,,,PSU,1,N,A,P153173-6,,0,0,,,,,,25.042469,80.914819,WMD,FIELD,FLD,WMD,WMD,2,BA,NO,10/1/24 8:31,92601006,9/30/24 13:08,SFWMD-FSM,,00480,Secchi on bottom.,
FLAB17,FLAB,11/19/24,SAMP,MON,SA,G,,0.5,m,98,SALINITY,SALIN,28.4,,,28.4,,1,,,,PSU,1,N,A,P154026-6,,0,0,,,,,,25.042469,80.914819,WMD,FIELD,FLD,WMD,WMD,2,BA,NO,11/20/24 8:23,93034006,11/19/24 12:27,SFWMD-FSM,,00480,,
FLAB17,FLAB,2/13/25,SAMP,MON,SA,G,,0.5,m,98,SALINITY,SALIN,33.1,,,33.1,,1,,,,PSU,1,N,A,P155967-6,,0,0,,,,,,25.042469,80.914819,WMD,FIELD,FLD,WMD,WMD,2,BA,NO,2/14/25 8:47,93979006,2/13/25 13:10,SFWMD-FSM,,00480,Secchi on bottom.,
FLAB17,FLAB,3/25/25,SAMP,MON,SA,G,,0.5,m,98,SALINITY,SALIN,34.8,,,34.8,,1,,,,PSU,1,N,A,P157082-6,,0,0,,,,,,25.042469,80.914819,WMD,FIELD,FLD,WMD,WMD,2,BA,NO,3/26/25 8:54,94540006,3/25/25 11:16,SFWMD-FSM,,00480,Secchi on bottom.,
FLAB17,FLAB,5/7/25,SAMP,MON,SA,G,,0.5,m,98,SALINITY,SALIN,42.5,,,42.5,,1,,,,PSU,1,N,A,P158026-3,,0,0,,,,,,25.042469,80.914819,WMD,FIELD,FLD,WMD,WMD,2,BA,NO,5/8/25 8:31,95009003,5/7/25 11:02,SFWMD-FSM,,00480,Secchi on bottom,
FLAB17,FLAB,7/10/25,SAMP,MON,SA,G,,0.5,m,98,SALINITY,SALIN,37.8,,,37.8,,1,,,,PSU,1,N,A,P159507-3,,0,0,,,,,,25.042469,80.914819,WMD,FIELD,FLD,WMD,WMD,2,BA,NO,7/11/25 9:57,95742003,7/10/25 11:00,SFWMD-FSM,,00480,Secchi visible on bottom,
FLAB17,FLAB,9/9/25,SAMP,MON,SA,G,,0.5,m,98,SALINITY,SALIN,35.6,,,35.6,,1,,,,ppt,,N,P,P160871-3,,0,0,,,1.7,,,25.042469,-80.914819,,FIELD,WMD,,,,BA,,9/10/25 8:53,96441003,9/9/25 11:51,SFWMD-FSM,,00480,secchi on bottom. sea grass on water surface avoided during sample collection,
FLAB17,FLAB,3/15/91,SAMP,MON,SA,G,,0,,100,"CARBON, TOTAL ORGANIC",TORGC,3.53,,,3.5,,,,,,mg/L,1,N,A,FIU15661,,0,0,,,,,,25.042469,80.914819,,,FIU,FIU,,,,,,,,,,,,
FLAB17,FLAB,4/15/91,SAMP,MON,SA,G,,0,,100,"CARBON, TOTAL ORGANIC",TORGC,7.398,,,7.4,,,,,,mg/L,1,N,A,FIU15662,,0,0,,,,,,25.042469,80.914819,,,FIU,FIU,,,,,,,,,,,,
FLAB17,FLAB,5/15/91,SAMP,MON,SA,G,,0,,100,"CARBON, TOTAL ORGANIC",TORGC,13.258,,,13.3,,,,,,mg/L,1,N,A,FIU15665,,0,0,,,,,,25.042469,80.914819,,,FIU,FIU,,,,,,,,,,,,
FLAB17,FLAB,6/15/91,SAMP,MON,SA,G,,0,,100,"CARBON, TOTAL ORGANIC",TORGC,6.292,,,6.3,,,,,,mg/L,1,N,A,FIU15666,,0,0,,,,,,25.042469,80.914819,,,FIU,FIU,,,,,,,,,,,,
FLAB17,FLAB,7/15/91,SAMP,MON,SA,G,,0,,100,"CARBON, TOTAL ORGANIC",TORGC,4.404,,,4.4,,,,,,mg/L,1,N,A,FIU15668,,0,0,,,,,,25.042469,80.914819,,,FIU,FIU,,,,,,,,,,,,
FLAB17,FLAB,8/15/91,SAMP,MON,SA,G,,0,,100,"CARBON, TOTAL ORGANIC",TORGC,12.463,,,12.5,,,,,,mg/L,1,N,A,FIU15671,,0,0,,,,,,25.042469,80.914819,,,FIU,FIU,,,,,,,,,,,,
FLAB17,FLAB,9/15/91,SAMP,MON,SA,G,,0,,100,"CARBON, TOTAL ORGANIC",TORGC,5.993,,,6,,,,,,mg/L,1,N,A,FIU15672,,0,0,,,,,,25.042469,80.914819,,,FIU,FIU,,,,,,,,,,,,
FLAB17,FLAB,10/15/91,SAMP,MON,SA,G,,0,,100,"CARBON, TOTAL ORGANIC",TORGC,6.38,,,6.4,,,,,,mg/L,1,N,A,FIU15675,,0,0,,,,,,25.042469,80.914819,,,FIU,FIU,,,,,,,,,,,,
FLAB17,FLAB,11/15/91,SAMP,MON,SA,G,,0,,100,"CARBON, TOTAL ORGANIC",TORGC,6.394,,,6.4,,,,,,mg/L,1,N,A,FIU15676,,0,0,,,,,,25.042469,80.914819,,,FIU,FIU,,,,,,,,,,,,
FLAB17,FLAB,12/15/91,SAMP,MON,SA,G,,0,,100,"CARBON, TOTAL ORGANIC",TORGC,8.218,,,8.2,,,,,,mg/L,1,N,A,FIU15679,,0,0,,,,,,25.042469,80.914819,,,FIU,FIU,,,,,,,,,,,,
FLAB17,FLAB,1/15/92,SAMP,MON,SA,G,,0,,100,"CARBON, TOTAL ORGANIC",TORGC,4.381,,,4.4,,,,,,mg/L,1,N,A,FIU15680,,0,0,,,,,,25.042469,80.914819,,,FIU,FIU,,,,,,,,,,,,
FLAB17,FLAB,2/15/92,SAMP,MON,SA,G,,0,,100,"CARBON, TOTAL ORGANIC",TORGC,4.45,,,4.4,,,,,,mg/L,1,N,A,FIU15682,,0,0,,,,,,25.042469,80.914819,,,FIU,FIU,,,,,,,,,,,,
FLAB17,FLAB,3/15/92,SAMP,MON,SA,G,,0,,100,"CARBON, TOTAL ORGANIC",TORGC,13.318,,,13.3,,,,,,mg/L,1,N,A,FIU15685,,0,0,,,,,,25.042469,80.914819,,,FIU,FIU,,,,,,,,,,,,
FLAB17,FLAB,4/15/92,SAMP,MON,SA,G,,0,,100,"CARBON, TOTAL ORGANIC",TORGC,6.807,,,6.8,,,,,,mg/L,1,N,A,FIU15686,,0,0,,,,,,25.042469,80.914819,,,FIU,FIU,,,,,,,,,,,,
FLAB17,FLAB,5/15/92,SAMP,MON,SA,G,,0,,100,"CARBON, TOTAL ORGANIC",TORGC,8.064,,,8.1,,,,,,mg/L,1,N,A,FIU15688,,0,0,,,,,,25.042469,80.914819,,,FIU,FIU,,,,,,,,,,,,
FLAB17,FLAB,6/15/92,SAMP,MON,SA,G,,0,,100,"CARBON, TOTAL ORGANIC",TORGC,4.793,,,4.8,,,,,,mg/L,1,N,A,FIU15690,,0,0,,,,,,25.042469,80.914819,,,FIU,FIU,,,,,,,,,,,,
FLAB17,FLAB,7/15/92,SAMP,MON,SA,G,,0,,100,"CARBON, TOTAL ORGANIC",TORGC,6.225,,,6.2,,,,,,mg/L,1,N,A,FIU15692,,0,0,,,,,,25.042469,80.914819,,,FIU,FIU,,,,,,,,,,,,
FLAB17,FLAB,8/15/92,SAMP,MON,SA,G,,0,,100,"CARBON, TOTAL ORGANIC",TORGC,6.6,,,6.6,,,,,,mg/L,1,N,A,FIU15694,,0,0,,,,,,25.042469,80.914819,,,FIU,FIU,,,,,,,,,,,,
FLAB17,FLAB,9/15/92,SAMP,MON,SA,G,,0,,100,"CARBON, TOTAL ORGANIC",TORGC,8.328,,,8.3,,,,,,mg/L,1,N,A,FIU15697,,0,0,,,,,,25.042469,80.914819,,,FIU,FIU,,,,,,,,,,,,
FLAB17,FLAB,10/15/92,SAMP,MON,SA,G,,0,,100,"CARBON, TOTAL ORGANIC",TORGC,5.258,,,5.3,,,,,,mg/L,1,N,A,FIU15699,,0,0,,,,,,25.042469,80.914819,,,FIU,FIU,,,,,,,,,,,,
FLAB17,FLAB,11/15/92,SAMP,MON,SA,G,,0,,100,"CARBON, TOTAL ORGANIC",TORGC,5.903,,,5.9,,,,,,mg/L,1,N,A,FIU15701,,0,0,,,,,,25.042469,80.914819,,,FIU,FIU,,,,,,,,,,,,
FLAB17,FLAB,12/15/92,SAMP,MON,SA,G,,0,,100,"CARBON, TOTAL ORGANIC",TORGC,7.85,,,7.8,,,,,,mg/L,1,N,A,FIU15703,,0,0,,,,,,25.042469,80.914819,,,FIU,FIU,,,,,,,,,,,,
FLAB17,FLAB,1/21/93,SAMP,MON,SA,G,,0,,100,"CARBON, TOTAL ORGANIC",TORGC,5.1,,,5.1,,,,,,mg/L,1,N,A,FIU15704,,0,0,,,,,,25.042469,80.914819,,,FIU,FIU,,,,,,,,,,,,
FLAB17,FLAB,2/10/93,SAMP,MON,SA,G,,0,,100,"CARBON, TOTAL ORGANIC",TORGC,3.65,,,3.6,,,,,,mg/L,1,N,A,FIU15705,,0,0,,,,,,25.042469,80.914819,,,FIU,FIU,,,,,,,,,,,,
FLAB17,FLAB,3/10/93,SAMP,MON,SA,G,,0,,100,"CARBON, TOTAL ORGANIC",TORGC,4.4,,,4.4,,,,,,mg/L,1,N,A,FIU15706,,0,0,,,,,,25.042469,80.914819,,,FIU,FIU,,,,,,,,,,,,
FLAB17,FLAB,4/7/93,SAMP,MON,SA,G,,0,,100,"CARBON, TOTAL ORGANIC",TORGC,5.39,,,5.4,,,,,,mg/L,1,N,A,FIU15707,,0,0,,,,,,25.042469,80.914819,,,FIU,FIU,,,,,,,,,,,,
FLAB17,FLAB,5/12/93,SAMP,MON,SA,G,,0,,100,"CARBON, TOTAL ORGANIC",TORGC,8.27,,,8.3,,,,,,mg/L,1,N,A,FIU15708,,0,0,,,,,,25.042469,80.914819,,,FIU,FIU,,,,,,,,,,,,
FLAB17,FLAB,6/3/93,SAMP,MON,SA,G,,0,,100,"CARBON, TOTAL ORGANIC",TORGC,3.57,,,3.6,,,,,,mg/L,1,N,A,FIU15709,,0,0,,,,,,25.042469,80.914819,,,FIU,FIU,,,,,,,,,,,,
FLAB17,FLAB,7/7/93,SAMP,MON,SA,G,,0,,100,"CARBON, TOTAL ORGANIC",TORGC,7.34,,,7.3,,,,,,mg/L,1,N,A,FIU15710,,0,0,,,,,,25.042469,80.914819,,,FIU,FIU,,,,,,,,,,,,
FLAB17,FLAB,8/4/93,SAMP,MON,SA,G,,0,,100,"CARBON, TOTAL ORGANIC",TORGC,8.22,,,8.2,,,,,,mg/L,1,N,A,FIU15711,,0,0,,,,,,25.042469,80.914819,,,FIU,FIU,,,,,,,,,,,,
FLAB17,FLAB,9/9/93,SAMP,MON,SA,G,,0,,100,"CARBON, TOTAL ORGANIC",TORGC,5.65,,,5.6,,,,,,mg/L,1,N,A,FIU15712,,0,0,,,,,,25.042469,80.914819,,,FIU,FIU,,,,,,,,,,,,
FLAB17,FLAB,10/6/93,SAMP,MON,SA,G,,0,,100,"CARBON, TOTAL ORGANIC",TORGC,6.1,,,6.1,,,,,,mg/L,1,N,A,FIU15713,,0,0,,,,,,25.042469,80.914819,,,FIU,FIU,,,,,,,,,,,,
FLAB17,FLAB,11/3/93,SAMP,MON,SA,G,,0,,100,"CARBON, TOTAL ORGANIC",TORGC,3.64,,,3.6,,,,,,mg/L,1,N,A,FIU15714,,0,0,,,,,,25.042469,80.914819,,,FIU,FIU,,,,,,,,,,,,
FLAB17,FLAB,12/2/93,SAMP,MON,SA,G,,0,,100,"CARBON, TOTAL ORGANIC",TORGC,3.97,,,4,,,,,,mg/L,1,N,A,FIU15715,,0,0,,,,,,25.042469,80.914819,,,FIU,FIU,,,,,,,,,,,,
FLAB17,FLAB,4/6/94,SAMP,MON,SA,G,,0,,100,"CARBON, TOTAL ORGANIC",TORGC,3.09,A,,3.1,,,,,,mg/L,1,N,A,FIU15719,,0,0,,,,,,25.042469,80.914819,,,FIU,FIU,,,,,,,,,,,,
FLAB17,FLAB,5/4/94,SAMP,MON,SA,G,,0,,100,"CARBON, TOTAL ORGANIC",TORGC,13.16,A,,13.2,,,,,,mg/L,1,N,A,FIU15721,,0,0,,,,,,25.042469,80.914819,,,FIU,FIU,,,,,,,,,,,,
FLAB17,FLAB,6/8/94,SAMP,MON,SA,G,,0,,100,"CARBON, TOTAL ORGANIC",TORGC,11.65,O,O,11.6,,,,,,mg/L,1,N,A,FIU15723,,0,0,,,,,,25.042469,80.914819,,,FIU,FIU,,,,,,,,,,,,
FLAB17,FLAB,7/7/94,SAMP,MON,SA,G,,0,,100,"CARBON, TOTAL ORGANIC",TORGC,7.11,A,,7.1,,,,,,mg/L,1,N,A,FIU15725,,0,0,,,,,,25.042469,80.914819,,,FIU,FIU,,,,,,,,,,,,
FLAB17,FLAB,8/4/94,SAMP,MON,SA,G,,0,,100,"CARBON, TOTAL ORGANIC",TORGC,5.61,A,,5.6,,,,,,mg/L,1,N,A,FIU15727,,0,0,,,,,,25.042469,80.914819,,,FIU,FIU,,,,,,,,,,,,
FLAB17,FLAB,9/14/94,SAMP,MON,SA,G,,0,,100,"CARBON, TOTAL ORGANIC",TORGC,5.5,A,,5.5,,,,,,mg/L,1,N,A,FIU15729,,0,0,,,,,,25.042469,80.914819,,,FIU,FIU,,,,,,,,,,,,
FLAB17,FLAB,10/5/94,SAMP,MON,SA,G,,0,,100,"CARBON, TOTAL ORGANIC",TORGC,6.38,A,,6.4,,,,,,mg/L,1,N,A,FIU15731,,0,0,,,,,,25.042469,80.914819,,,FIU,FIU,,,,,,,,,,,,
FLAB17,FLAB,11/2/94,SAMP,MON,SA,G,,0,,100,"CARBON, TOTAL ORGANIC",TORGC,9.16,A,,9.2,,,,,,mg/L,1,N,A,FIU15733,,0,0,,,,,,25.042469,80.914819,,,FIU,FIU,,,,,,,,,,,,
FLAB17,FLAB,11/22/94,SAMP,MON,SA,G,,0,,100,"CARBON, TOTAL ORGANIC",TORGC,10.8,A,,10.8,,,,,,mg/L,1,N,A,FIU15735,,0,0,,,,,,25.042469,80.914819,,,FIU,FIU,,,,,,,,,,,,
FLAB17,FLAB,12/1/94,SAMP,MON,SA,G,,0,,100,"CARBON, TOTAL ORGANIC",TORGC,14.45,A,,14.4,,,,,,mg/L,1,N,A,FIU15737,,0,0,,,,,,25.042469,80.914819,,,FIU,FIU,,,,,,,,,,,,
FLAB17,FLAB,1/5/95,SAMP,MON,SA,G,,0,,100,"CARBON, TOTAL ORGANIC",TORGC,8.61,,,8.6,,,,,,mg/L,1,N,A,FIU15739,,0,0,,,,,,25.042469,80.914819,,,FIU,FIU,,,,,,,,,,,,
FLAB17,FLAB,2/2/95,SAMP,MON,SA,G,,0,,100,"CARBON, TOTAL ORGANIC",TORGC,6.02,,,6,,,,,,mg/L,1,N,A,FIU15741,,0,0,,,,,,25.042469,80.914819,,,FIU,FIU,,,,,,,,,,,,
FLAB17,FLAB,3/1/95,SAMP,MON,SA,G,,0,,100,"CARBON, TOTAL ORGANIC",TORGC,6.57,,,6.6,,,,,,mg/L,1,N,A,FIU15743,,0,0,,,,,,25.042469,80.914819,,,FIU,FIU,,,,,,,,,,,,
FLAB17,FLAB,4/19/95,SAMP,MON,SA,G,,0,,100,"CARBON, TOTAL ORGANIC",TORGC,9.47,,,9.5,,,,,,mg/L,1,N,A,FIU15745,,0,0,,,,,,25.042469,80.914819,,,FIU,FIU,,,,,,,,,,,,
FLAB17,FLAB,5/24/95,SAMP,MON,SA,G,,0,,100,"CARBON, TOTAL ORGANIC",TORGC,6.06,,,6.1,,,,,,mg/L,1,N,A,FIU15747,,0,0,,,,,,25.042469,80.914819,,,FIU,FIU,,,,,,,,,,,,
FLAB17,FLAB,6/21/95,SAMP,MON,SA,G,,0,,100,"CARBON, TOTAL ORGANIC",TORGC,7.78,,,7.8,,,,,,mg/L,1,N,A,FIU15749,,0,0,,,,,,25.042469,80.914819,,,FIU,FIU,,,,,,,,,,,,
FLAB17,FLAB,7/12/95,SAMP,MON,SA,G,,0,,100,"CARBON, TOTAL ORGANIC",TORGC,4.7,,,4.7,,,,,,mg/L,1,N,A,FIU15751,,0,0,,,,,,25.042469,80.914819,,,FIU,FIU,,,,,,,,,,,,
FLAB17,FLAB,8/11/95,SAMP,MON,SA,G,,0,,100,"CARBON, TOTAL ORGANIC",TORGC,6.77,,,6.8,,,,,,mg/L,1,N,A,FIU15753,,0,0,,,,,,25.042469,80.914819,,,FIU,FIU,,,,,,,,,,,,
FLAB17,FLAB,9/6/95,SAMP,MON,SA,G,,0,,100,"CARBON, TOTAL ORGANIC",TORGC,5.13,,,5.1,,,,,,mg/L,1,N,A,FIU15755,,0,0,,,,,,25.042469,80.914819,,,FIU,FIU,,,,,,,,,,,,
FLAB17,FLAB,10/22/95,SAMP,MON,SA,G,,0,,100,"CARBON, TOTAL ORGANIC",TORGC,9.16,,,9.2,,,,,,mg/L,1,N,A,FIU15757,,0,0,,,,,,25.042469,80.914819,,,FIU,FIU,,,,,,,,,,,,
FLAB17,FLAB,11/17/95,SAMP,MON,SA,G,,0,,100,"CARBON, TOTAL ORGANIC",TORGC,6.98,,,7,,,,,,mg/L,1,N,A,FIU15759,,0,0,,,,,,25.042469,80.914819,,,FIU,FIU,,,,,,,,,,,,
FLAB17,FLAB,12/14/95,SAMP,MON,SA,G,,0,,100,"CARBON, TOTAL ORGANIC",TORGC,5.48,,,5.5,,,,,,mg/L,1,N,A,FIU15761,,0,0,,,,,,25.042469,80.914819,,,FIU,FIU,,,,,,,,,,,,
FLAB17,FLAB,1/23/96,SAMP,MON,SA,G,,0,,100,"CARBON, TOTAL ORGANIC",TORGC,5.42,,,5.4,,,,,,mg/L,1,N,A,FIU15763,,0,0,,,,,,25.042469,80.914819,,,FIU,FIU,,,,,,,,,,,,
FLAB17,FLAB,2/12/96,SAMP,MON,SA,G,,0,,100,"CARBON, TOTAL ORGANIC",TORGC,6.08,,,6.1,,,,,,mg/L,1,N,A,FIU15765,,0,0,,,,,,25.042469,80.914819,,,FIU,FIU,,,,,,,,,,,,
FLAB17,FLAB,3/22/96,SAMP,MON,SA,G,,0,,100,"CARBON, TOTAL ORGANIC",TORGC,4.12,,,4.1,,,,,,mg/L,1,N,A,FIU15767,,0,0,,,,,,25.042469,80.914819,,,FIU,FIU,,,,,,,,,,,,
FLAB17,FLAB,4/25/96,SAMP,MON,SA,G,,0,,100,"CARBON, TOTAL ORGANIC",TORGC,6.46,,,6.5,,,,,,mg/L,1,N,A,FIU15769,,0,0,,,,,,25.042469,80.914819,,,FIU,FIU,,,,,,,,,,,,
FLAB17,FLAB,5/10/96,SAMP,MON,SA,G,,0,,100,"CARBON, TOTAL ORGANIC",TORGC,9.13,,,9.1,,,,,,mg/L,1,N,A,FIU15771,,0,0,,,,,,25.042469,80.914819,,,FIU,FIU,,,,,,,,,,,,
FLAB17,FLAB,6/6/96,SAMP,MON,SA,G,,0,,100,"CARBON, TOTAL ORGANIC",TORGC,7.26,,,7.3,,,,,,mg/L,1,N,A,FIU15773,,0,0,,,,,,25.042469,80.914819,,,FIU,FIU,,,,,,,,,,,,
FLAB17,FLAB,7/5/96,SAMP,MON,SA,G,,0.1,,100,"CARBON, TOTAL ORGANIC",TORGC,7.22,,,7.2,,,,,,mg/L,1,N,A,FIU15775,,0,0,,,,,,25.042469,80.914819,,,FIU,FIU,,,,,,,,,,,,
FLAB17,FLAB,8/22/96,SAMP,MON,SA,G,,0.1,,100,"CARBON, TOTAL ORGANIC",TORGC,7.88,,,7.9,,,,,,mg/L,1,N,A,FIU15777,,0,0,,,,,,25.042469,80.914819,,,FIU,FIU,,,,,,,,,,,,
FLAB17,FLAB,9/14/96,SAMP,MON,SA,G,,0.1,,100,"CARBON, TOTAL ORGANIC",TORGC,5.54,,,5.5,,,,,,mg/L,1,N,A,FIU15779,,0,0,,,,,,25.042469,80.914819,,,FIU,FIU,,,,,,,,,,,,
FLAB17,FLAB,10/15/96,SAMP,MON,SA,G,,0.1,,100,"CARBON, TOTAL ORGANIC",TORGC,5.63,,,5.6,,,,,,mg/L,1,N,A,FIU15781,,0,0,,,,,,25.042469,80.914819,,,FIU,FIU,,,,,,,,,,,,
FLAB17,FLAB,11/7/96,SAMP,MON,SA,G,,0.1,,100,"CARBON, TOTAL ORGANIC",TORGC,16.76,,,16.8,,,,,,mg/L,1,N,A,FIU15783,,0,0,,,,,,25.042469,80.914819,,,FIU,FIU,,,,,,,,,,,,
FLAB17,FLAB,12/6/96,SAMP,MON,SA,G,,0.1,,100,"CARBON, TOTAL ORGANIC",TORGC,8.21,Q,Q,8.2,,,,,,mg/L,1,N,A,FIU15785,,0,0,,,,,,25.042469,80.914819,,,FIU,FIU,,,,,,,,,,,,
FLAB17,FLAB,1/8/97,SAMP,MON,SA,G,,0.1,,100,"CARBON, TOTAL ORGANIC",TORGC,7.75,,,7.8,,,,,,mg/L,1,N,A,FIU15787,,0,0,,,,,,25.042469,80.914819,,,FIU,FIU,,,,,,,,,,,,
FLAB17,FLAB,2/15/97,SAMP,MON,SA,G,,0.1,,100,"CARBON, TOTAL ORGANIC",TORGC,6.63,,,6.6,,,,,,mg/L,1,N,A,FIU15789,,0,0,,,,,,25.042469,80.914819,,,FIU,FIU,,,,,,,,,,,,
FLAB17,FLAB,3/12/97,SAMP,MON,SA,G,,0.1,,100,"CARBON, TOTAL ORGANIC",TORGC,11.8,,,11.8,,,,,,mg/L,1,N,A,FIU15791,,0,0,,,,,,25.042469,80.914819,,,FIU,FIU,,,,,,,,,,,,
FLAB17,FLAB,4/16/97,SAMP,MON,SA,G,,0.1,,100,"CARBON, TOTAL ORGANIC",TORGC,9.39,,,9.4,,,,,,mg/L,1,N,A,FIU15793,,0,0,,,,,,25.042469,80.914819,,,FIU,FIU,,,,,,,,,,,,
FLAB17,FLAB,5/22/97,SAMP,MON,SA,G,,0.1,,100,"CARBON, TOTAL ORGANIC",TORGC,7.33,,,7.3,,,,,,mg/L,1,N,A,FIU15795,,0,0,,,,,,25.042469,80.914819,,,FIU,FIU,,,,,,,,,,,,
FLAB17,FLAB,6/12/97,SAMP,MON,SA,G,,0.1,,100,"CARBON, TOTAL ORGANIC",TORGC,6.59,,,6.6,,,,,,mg/L,1,N,A,FIU15797,,0,0,,,,,,25.042469,80.914819,,,FIU,FIU,,,,,,,,,,,,
FLAB17,FLAB,7/10/97,SAMP,MON,SA,G,,0.1,,100,"CARBON, TOTAL ORGANIC",TORGC,6.41,,,6.4,,,,,,mg/L,1,N,A,FIU15799,,0,0,,,,,,25.042469,80.914819,,,FIU,FIU,,,,,,,,,,,,
FLAB17,FLAB,8/19/97,SAMP,MON,SA,G,,0.1,,100,"CARBON, TOTAL ORGANIC",TORGC,8.2,,,8.2,,,,,,mg/L,1,N,A,FIU15800,,0,0,,,,,,25.042469,80.914819,,,FIU,FIU,,,,,,,,,,,,
FLAB17,FLAB,9/10/97,SAMP,MON,SA,G,,0.1,,100,"CARBON, TOTAL ORGANIC",TORGC,6.15,,,6.2,,,,,,mg/L,1,N,A,FIU15802,,0,0,,,,,,25.042469,80.914819,,,FIU,FIU,,,,,,,,,,,,
FLAB17,FLAB,10/21/97,SAMP,MON,SA,G,,0.1,,100,"CARBON, TOTAL ORGANIC",TORGC,6.27,,,6.3,,,,,,mg/L,1,N,A,FIU15804,,0,0,,,,,,25.042469,80.914819,,,FIU,FIU,,,,,,,,,,,,
FLAB17,FLAB,11/25/97,SAMP,MON,SA,G,,0.1,,100,"CARBON, TOTAL ORGANIC",TORGC,4.83,,,4.8,,,,,,mg/L,1,N,A,FIU15806,,0,0,,,,,,25.042469,80.914819,,,FIU,FIU,,,,,,,,,,,,
FLAB17,FLAB,12/12/97,SAMP,MON,SA,G,,0.1,,100,"CARBON, TOTAL ORGANIC",TORGC,3.81,,,3.8,,,,,,mg/L,1,N,A,FIU15808,,0,0,,,,,,25.042469,80.914819,,,FIU,FIU,,,,,,,,,,,,
FLAB17,FLAB,1/21/98,SAMP,MON,SA,G,,0.1,,100,"CARBON, TOTAL ORGANIC",TORGC,4.65,,,4.6,,,,,,mg/L,1,N,A,FIU15810,,0,0,,,,,,25.042469,80.914819,,,FIU,FIU,,,,,,,,,,,,
FLAB17,FLAB,2/18/98,SAMP,MON,SA,G,,0.1,,100,"CARBON, TOTAL ORGANIC",TORGC,4.58,,,4.6,,,,,,mg/L,1,N,A,FIU15812,,0,0,,,,,,25.042469,80.914819,,,FIU,FIU,,,,,,,,,,,,
FLAB17,FLAB,3/20/98,SAMP,MON,SA,G,,0.1,,100,"CARBON, TOTAL ORGANIC",TORGC,6.08,,,6.1,,,,,,mg/L,1,N,A,FIU15814,,0,0,,,,,,25.042469,80.914819,,,FIU,FIU,,,,,,,,,,,,
FLAB17,FLAB,4/15/98,SAMP,MON,SA,G,,0.1,,100,"CARBON, TOTAL ORGANIC",TORGC,5.75,,,5.8,,,,,,mg/L,1,N,A,FIU15816,,0,0,,,,,,25.042469,80.914819,,,FIU,FIU,,,,,,,,,,,,
FLAB17,FLAB,5/14/98,SAMP,MON,SA,G,,0.1,,100,"CARBON, TOTAL ORGANIC",TORGC,5.56,,,5.6,,,,,,mg/L,1,N,A,FIU15818,,0,0,,,,,,25.042469,80.914819,,,FIU,FIU,,,,,,,,,,,,
FLAB17,FLAB,6/10/98,SAMP,MON,SA,G,,0.1,,100,"CARBON, TOTAL ORGANIC",TORGC,5.74,,,5.7,,,,,,mg/L,1,N,A,FIU15820,,0,0,,,,,,25.042469,80.914819,,,FIU,FIU,,,,,,,,,,,,
FLAB17,FLAB,7/14/98,SAMP,MON,SA,G,,0.1,,100,"CARBON, TOTAL ORGANIC",TORGC,6.95,,,7,,,,,,mg/L,1,N,A,FIU15822,,0,0,,,,,,25.042469,80.914819,,,FIU,FIU,,,,,,,,,,,,
FLAB17,FLAB,8/19/98,SAMP,MON,SA,G,,0.1,,100,"CARBON, TOTAL ORGANIC",TORGC,6.91,,,6.9,,,,,,mg/L,1,N,A,FIU15824,,0,0,,,,,,25.042469,80.914819,,,FIU,FIU,,,,,,,,,,,,
FLAB17,FLAB,9/17/98,SAMP,MON,SA,G,,0.1,,100,"CARBON, TOTAL ORGANIC",TORGC,10.15,,,10.2,,,,,,mg/L,1,N,A,FIU15826,,0,0,,,,,,25.042469,80.914819,,,FIU,FIU,,,,,,,,,,,,
FLAB17,FLAB,9/30/98,SAMP,MON,SA,G,,0.1,,100,"CARBON, TOTAL ORGANIC",TORGC,8.85,,,8.8,,,,,,mg/L,1,N,A,FIU15828,,0,0,,,,,,25.042469,80.914819,,,FIU,FIU,,,,,,,,,,,,
FLAB17,FLAB,11/3/98,SAMP,MON,SA,G,,0.1,,100,"CARBON, TOTAL ORGANIC",TORGC,6.43,,,6.4,,,,,,mg/L,1,N,A,FIU15830,,0,0,,,,,,25.042469,80.914819,,,FIU,FIU,,,,,,,,,,,,
FLAB17,FLAB,12/1/98,SAMP,MON,SA,G,,0.1,,100,"CARBON, TOTAL ORGANIC",TORGC,7.21,,,7.2,,,,,,mg/L,1,N,A,FIU15832,,0,0,,,,,,25.042469,80.914819,,,FIU,FIU,,,,,,,,,,,,
FLAB17,FLAB,1/14/99,SAMP,MON,SA,G,,0.1,,100,"CARBON, TOTAL ORGANIC",TORGC,4.71,,,4.7,,,,,,mg/L,1,N,A,FIU15834,,0,0,,,,,,25.042469,80.914819,,,FIU,FIU,,,,,,,,,,,,
FLAB17,FLAB,2/10/99,SAMP,MON,SA,G,,0.1,,100,"CARBON, TOTAL ORGANIC",TORGC,99,O,NOB,-99,,,,,,mg/L,1,Y,A,FIU15836,,0,0,,,,,,25.042469,80.914819,,,FIU,FIU,,,,,,,,,,,,
FLAB17,FLAB,3/23/99,SAMP,MON,SA,G,,0.1,,100,"CARBON, TOTAL ORGANIC",TORGC,4.92,,,4.9,,,,,,mg/L,1,N,A,FIU15838,,0,0,,,,,,25.042469,80.914819,,,FIU,FIU,,,,,,,,,,,,
FLAB17,FLAB,4/29/99,SAMP,MON,SA,G,,0.1,,100,"CARBON, TOTAL ORGANIC",TORGC,6.68,,,6.7,,,,,,mg/L,1,N,A,FIU15840,,0,0,,,,,,25.042469,80.914819,,,FIU,FIU,,,,,,,,,,,,
FLAB17,FLAB,5/28/99,SAMP,MON,SA,G,,0.1,,100,"CARBON, TOTAL ORGANIC",TORGC,5.07,,,5.1,,,,,,mg/L,1,N,A,FIU15842,,0,0,,,,,,25.042469,80.914819,,,FIU,FIU,,,,,,,,,,,,
FLAB17,FLAB,6/17/99,SAMP,MON,SA,G,,0.1,,100,"CARBON, TOTAL ORGANIC",TORGC,6.06,,,6.1,,,,,,mg/L,1,N,A,FIU15844,,0,0,,,,,,25.042469,80.914819,,,FIU,FIU,,,,,,,,,,,,
FLAB17,FLAB,7/6/99,SAMP,MON,SA,G,,0.1,,100,"CARBON, TOTAL ORGANIC",TORGC,6.59,,,6.59,,,0.12,,,mg/L,1,N,A,FIU15847,,0,0,,,,,,25.042469,80.914819,,,FIU,FIU,,,,,,,,EPA415.1,,00680,,
FLAB17,FLAB,8/24/99,SAMP,MON,SA,G,,0.1,,100,"CARBON, TOTAL ORGANIC",TORGC,5.93,,,5.93,,,0.12,,,mg/L,1,N,A,FIU15849,,0,0,,,,,,25.042469,80.914819,,,FIU,FIU,,,,,,,,EPA415.1,,00680,,
FLAB17,FLAB,9/23/99,SAMP,MON,SA,G,,0.1,,100,"CARBON, TOTAL ORGANIC",TORGC,5.74,,,5.74,,,0.12,,,mg/L,1,N,A,FIU15851,,0,0,,,,,,25.042469,80.914819,,,FIU,FIU,,,,,,,,EPA415.1,,00680,,
FLAB17,FLAB,10/26/99,SAMP,MON,SA,G,,0.1,,100,"CARBON, TOTAL ORGANIC",TORGC,8.88,,,8.88,,,0.12,,,mg/L,1,N,A,FIU15853,,0,0,,,,,,25.042469,80.914819,,,FIU,FIU,,,,,,,,EPA415.1,,00680,,
FLAB17,FLAB,11/12/99,SAMP,MON,SA,G,,0.1,,100,"CARBON, TOTAL ORGANIC",TORGC,9.69,,,9.69,,,0.12,,,mg/L,1,N,A,FIU15856,,0,0,,,,,,25.042469,80.914819,,,FIU,FIU,,,,,,,,EPA415.1,,00680,,
FLAB17,FLAB,12/3/99,SAMP,MON,SA,G,,0.1,,100,"CARBON, TOTAL ORGANIC",TORGC,6.16,,,6.16,,,0.12,,,mg/L,1,N,A,FIU15859,,0,0,,,,,,25.042469,80.914819,,,FIU,FIU,,,,,,,,EPA415.1,,00680,,
FLAB17,FLAB,1/25/00,SAMP,MON,SA,G,,0.1,,100,"CARBON, TOTAL ORGANIC",TORGC,5.17,,,5.17,,,0.12,,,mg/L,1,N,A,FIU15862,,0,0,,,,,,25.042469,80.914819,,,FIU,FIU,,,,,,,,EPA415.1,,00680,,
FLAB17,FLAB,2/28/00,SAMP,MON,SA,G,,0.1,,100,"CARBON, TOTAL ORGANIC",TORGC,6.35,,,6.35,,,0.12,,,mg/L,1,N,A,FIU15865,,0,0,,,,,,25.042469,80.914819,,,FIU,FIU,,,,,,,,EPA415.1,,00680,,
FLAB17,FLAB,3/21/00,SAMP,MON,SA,G,,0.1,,100,"CARBON, TOTAL ORGANIC",TORGC,6.74,,,6.74,,,0.12,,,mg/L,1,N,A,FIU15868,,0,0,,,,,,25.042469,80.914819,,,FIU,FIU,,,,,,,,EPA415.1,,00680,,
FLAB17,FLAB,4/13/00,SAMP,MON,SA,G,,0.1,,100,"CARBON, TOTAL ORGANIC",TORGC,5.09,,,5.09,,,0.12,,,mg/L,1,N,A,FIU15871,,0,0,,,,,,25.042469,80.914819,,,FIU,FIU,,,,,,,,EPA415.1,,00680,,
FLAB17,FLAB,5/30/00,SAMP,MON,SA,G,,0.1,,100,"CARBON, TOTAL ORGANIC",TORGC,6.65,,,6.65,,,0.12,,,mg/L,1,N,A,FIU15873,,0,0,,,,,,25.042469,80.914819,,,FIU,FIU,,,,,,,,EPA415.1,,00680,,
FLAB17,FLAB,6/20/00,SAMP,MON,SA,G,,0.1,,100,"CARBON, TOTAL ORGANIC",TORGC,10.5,,,10.5,,,0.12,,,mg/L,1,N,A,FIU15875,,0,0,,,,,,25.042469,80.914819,,,FIU,FIU,,,,,,,,EPA415.1,,00680,,
FLAB17,FLAB,7/20/00,SAMP,MON,SA,G,,0.1,,100,"CARBON, TOTAL ORGANIC",TORGC,6.61,,,6.61,,,0.12,,,mg/L,1,N,A,FIU15877,,0,0,,,,,,25.042469,80.914819,,,FIU,FIU,,,,,,,,EPA415.1,,00680,,
FLAB17,FLAB,8/29/00,SAMP,MON,SA,G,,0.1,,100,"CARBON, TOTAL ORGANIC",TORGC,8.84,,,8.84,,,0.12,,,mg/L,1,N,A,FIU15879,,0,0,,,,,,25.042469,80.914819,,,FIU,FIU,,,,,,,,EPA415.1,,00680,,
FLAB17,FLAB,9/28/00,SAMP,MON,SA,G,,0.1,,100,"CARBON, TOTAL ORGANIC",TORGC,11.41,,,11.41,,,0.12,,,mg/L,1,N,A,FIU15881,,0,0,,,,,,25.042469,80.914819,,,FIU,FIU,,,,,,,,EPA415.1,,00680,,
FLAB17,FLAB,10/26/00,SAMP,MON,SA,G,,0.1,,100,"CARBON, TOTAL ORGANIC",TORGC,4.82,,,4.82,,,0.12,,,mg/L,1,N,A,FIU15883,,0,0,,,,,,25.042469,80.914819,,,FIU,FIU,,,,,,,,EPA415.1,,00680,,
FLAB17,FLAB,11/30/00,SAMP,MON,SA,G,,0.1,,100,"CARBON, TOTAL ORGANIC",TORGC,5.01,,,5.01,,,0.12,,,mg/L,1,N,A,FIU15885,,0,0,,,,,,25.042469,80.914819,,,FIU,FIU,,,,,,,,EPA415.1,,00680,,
FLAB17,FLAB,12/11/00,SAMP,MON,SA,G,,0.1,,100,"CARBON, TOTAL ORGANIC",TORGC,6.08,,,6.08,,,0.12,,,mg/L,1,N,A,FIU15887,,0,0,,,,,,25.042469,80.914819,,,FIU,FIU,,,,,,,,EPA415.1,,00680,,
FLAB17,FLAB,1/25/01,SAMP,MON,SA,G,,0.1,,100,"CARBON, TOTAL ORGANIC",TORGC,5.65,,,5.65,,,0.05,,,mg/L,1,N,A,FIU15889,,0,0,,,,,,25.042469,80.914819,,,FIU,FIU,,,,,,,,EPA415.1,,00680,,
FLAB17,FLAB,2/21/01,SAMP,MON,SA,G,,0.1,,100,"CARBON, TOTAL ORGANIC",TORGC,10.02,,,10.02,,,0.05,,,mg/L,1,N,A,FIU15891,,0,0,,,,,,25.042469,80.914819,,,FIU,FIU,,,,,,,,EPA415.1,,00680,,
FLAB17,FLAB,3/6/01,SAMP,MON,SA,G,,0.1,,100,"CARBON, TOTAL ORGANIC",TORGC,6.51,,,6.51,,,0.05,,,mg/L,1,N,A,FIU15893,,0,0,,,,,,25.042469,80.914819,,,FIU,FIU,,,,,,,,EPA415.1,,00680,,
FLAB17,FLAB,4/3/01,SAMP,MON,SA,G,,0.1,,100,"CARBON, TOTAL ORGANIC",TORGC,5.46,,,5.46,,,0.05,,,mg/L,1,N,A,FIU15895,,0,0,,,,,,25.042469,80.914819,,,FIU,FIU,,,,,,,,EPA415.1,,00680,,
FLAB17,FLAB,5/2/01,SAMP,MON,SA,G,,0.1,,100,"CARBON, TOTAL ORGANIC",TORGC,6.86,,,6.86,,,0.05,,,mg/L,1,N,A,FIU15897,,0,0,,,,,,25.042469,80.914819,,,FIU,FIU,,,,,,,,EPA415.1,,00680,,
FLAB17,FLAB,6/5/01,SAMP,MON,SA,G,,0.1,,100,"CARBON, TOTAL ORGANIC",TORGC,6.81,,,6.81,,,0.05,,,mg/L,1,N,A,FIU110790,,0,0,,,,,,25.042469,80.914819,,,FIU,FIU,,,,,,,,EPA415.1,,00680,,
FLAB17,FLAB,7/12/01,SAMP,MON,SA,G,,0.1,,100,"CARBON, TOTAL ORGANIC",TORGC,6.67,,,6.67,,,0.05,,,mg/L,1,N,A,FIU15899,,0,0,,,,,,25.042469,80.914819,,,FIU,FIU,,,,,,,,EPA415.1,,00680,,
FLAB17,FLAB,8/14/01,SAMP,MON,SA,G,,0.1,,100,"CARBON, TOTAL ORGANIC",TORGC,9.13,,,9.13,,,0.05,,,mg/L,1,N,A,FIU15901,,0,0,,,,,,25.042469,80.914819,,,FIU,FIU,,,,,,,,EPA415.1,,00680,,
FLAB17,FLAB,9/5/01,SAMP,MON,SA,G,,0.1,,100,"CARBON, TOTAL ORGANIC",TORGC,9.2,,,9.2,,,0.05,,,mg/L,1,N,A,FIU15903,,0,0,,,,,,25.042469,80.914819,,,FIU,FIU,,,,,,,,EPA415.1,,00680,,
FLAB17,FLAB,10/23/01,SAMP,MON,SA,G,,0.1,,100,"CARBON, TOTAL ORGANIC",TORGC,8.59,,,8.59,,,0.05,,,mg/L,1,N,A,FIU110504,,0,0,,,,,,25.042469,80.914819,,,FIU,FIU,,,,,,128017,11/13/01 0:00,EPA415.1,,00680,,
FLAB17,FLAB,11/8/01,SAMP,MON,SA,G,,0.1,,100,"CARBON, TOTAL ORGANIC",TORGC,9.22,,,9.22,,,0.05,,,mg/L,1,N,A,FIU110506,,0,0,,,,,,25.042469,80.914819,,,FIU,FIU,,,,,,129017,12/5/01 0:00,EPA415.1,,00680,,
FLAB17,FLAB,12/3/01,SAMP,MON,SA,G,,0.1,,100,"CARBON, TOTAL ORGANIC",TORGC,6.23,Q,yes,6.23,,,0.05,,,mg/L,1,N,A,FIU110508,,0,0,,,,,,25.042469,80.914819,,,FIU,FIU,,,,CA,,130017,1/17/02 0:00,EPA415.1,,00680,,OUT OF HOLDING TIME.
FLAB17,FLAB,1/29/02,SAMP,MON,SA,G,,0.1,,100,"CARBON, TOTAL ORGANIC",TORGC,5.98,,,5.98,,,0.05,,,mg/L,1,N,A,FIU113136,,0,0,,,,,,25.042469,80.914819,,,FIU,FIU,,,,,,131017,2/3/02 0:00,EPA415.1,,00680,,
FLAB17,FLAB,2/20/02,SAMP,MON,SA,G,,0.1,,100,"CARBON, TOTAL ORGANIC",TORGC,5.47,,,5.47,,,0.05,,,mg/L,1,N,A,FIU113138,,0,0,,,,,,25.042469,80.914819,,,FIU,FIU,,,,,,132017,2/25/02 0:00,EPA415.1,,00680,,
FLAB17,FLAB,3/19/02,SAMP,MON,SA,G,,0.1,,100,"CARBON, TOTAL ORGANIC",TORGC,5.78,,,5.78,,,0.05,,,mg/L,1,N,A,FIU113140,,0,0,,,,,,25.042469,80.914819,,,FIU,FIU,,,,,,133017,3/27/02 0:00,EPA415.1,,00680,,
FLAB17,FLAB,4/9/02,SAMP,MON,SA,G,,0.1,,100,"CARBON, TOTAL ORGANIC",TORGC,7.97,,,7.97,,,0.05,,,mg/L,1,N,A,134017,,0,0,,,,,,25.042469,80.914819,,,FIU,FIU,,,,,,134017,4/30/02 0:00,EPA415.1,,680,,
FLAB17,FLAB,5/15/02,SAMP,MON,SA,G,,0.1,,100,"CARBON, TOTAL ORGANIC",TORGC,11.71,Q,yes,11.71,,,0.06,,,mg/L,1,N,A,135017,,0,0,,,,,,25.042469,80.914819,,,FIU,FIU,,,,CA,,135017,6/13/02 5:01,EPA415.1,,680,,HOLDING TIME EXCEEDED.
FLAB17,FLAB,6/4/02,SAMP,MON,SA,G,,0.1,,100,"CARBON, TOTAL ORGANIC",TORGC,9.05,,,9.05,,,0.06,,,mg/L,1,N,A,136017,,0,0,,,,,,25.042469,80.914819,,,FIU,FIU,,,,,,136017,6/25/02 9:41,EPA415.1,,680,,
FLAB17,FLAB,7/11/02,SAMP,MON,SA,G,,0.1,,100,"CARBON, TOTAL ORGANIC",TORGC,9.15,,,9.15,,,0.06,0.26,,mg/L,1,N,A,137017,,0,0,,,,,,25.042469,80.914819,,,FIU,FIU,,,,,,137017,7/25/02 7:06,EPA415.1,,680,,
FLAB17,FLAB,8/19/02,SAMP,MON,SA,G,,0.1,,100,"CARBON, TOTAL ORGANIC",TORGC,13.97,,,13.97,,,0.06,0.26,,mg/L,1,N,A,138017,,0,0,,,,,,25.042469,80.914819,,,FIU,FIU,,,,,,138017,8/28/02 5:29,EPA415.1,,00680,,
FLAB17,FLAB,9/17/02,SAMP,MON,SA,G,,0.1,,100,"CARBON, TOTAL ORGANIC",TORGC,11.03,,,11.03,,,0.06,0.26,,mg/L,1,N,A,139017,,0,0,,,,,,25.042469,80.914819,,,FIU,FIU,,,,,,139017,10/14/02 16:23,EPA415.1,,00680,,
FLAB17,FLAB,10/17/02,SAMP,MON,SA,G,,0.1,,100,"CARBON, TOTAL ORGANIC",TORGC,11.17,Q,yes,11.17,,,0.06,0.26,,mg/L,1,N,A,140017,,0,0,,,,,,25.042469,80.914819,,,FIU,FIU,,,,CA,,140017,11/25/02 5:11,EPA415.1,,00680,,HOLDING TIME EXCEEDED
FLAB17,FLAB,11/14/02,SAMP,MON,SA,G,,0.1,,100,"CARBON, TOTAL ORGANIC",TORGC,7.35,,,7.35,,,0.06,0.26,,mg/L,1,N,A,141017,,0,0,,,,,,25.042469,80.914819,,,FIU,FIU,,,,,,141017,12/10/02 7:07,EPA415.1,,00680,,
FLAB17,FLAB,12/11/02,SAMP,MON,SA,G,,0.1,,100,"CARBON, TOTAL ORGANIC",TORGC,3.95,Q,yes,3.95,,,0.06,0.26,,mg/L,1,N,A,142017,,0,0,,,,,,25.042469,80.914819,,,FIU,FIU,,,,CA,,142017,1/10/03 8:49,EPA415.1,,00680,,HOLDING TIME EXCEEDED.
FLAB17,FLAB,1/28/03,SAMP,MON,SA,G,,0.1,,100,"CARBON, TOTAL ORGANIC",TORGC,4.76,,,4.76,,,0.06,0.26,,mg/L,1,N,A,143017,,0,0,,,,,,25.042469,80.914819,,,FIU,FIU,,,,,,143017,2/7/03 12:20,EPA415.1,,00680,,
FLAB17,FLAB,2/25/03,SAMP,MON,SA,G,,0.1,,100,"CARBON, TOTAL ORGANIC",TORGC,4.52,,,4.52,,,0.06,0.26,,mg/L,1,N,A,144017,,0,0,,,,,,25.042469,80.914819,,,FIU,FIU,,,,,,144017,3/15/03 10:19,EPA415.1,,00680,,
FLAB17,FLAB,3/13/03,SAMP,MON,SA,G,,0.1,,100,"CARBON, TOTAL ORGANIC",TORGC,4.52,,,4.52,,,0.06,0.26,,mg/L,1,N,A,145017,,0,0,,,,,,25.042469,80.914819,,,FIU,FIU,,,,,,145017,4/8/03 6:05,EPA415.1,,00680,,
FLAB17,FLAB,4/9/03,SAMP,MON,SA,G,,0.1,,100,"CARBON, TOTAL ORGANIC",TORGC,4.59,Q,Q,4.59,,,0.06,0.26,,mg/L,1,N,A,146017,,0,0,,,,,,25.042469,80.914819,,,FIU,FIU,,,,,,146017,5/9/03 9:12,EPA415.1,,680,,Holding time exceeded
FLAB17,FLAB,5/8/03,SAMP,MON,SA,G,,0.1,,100,"CARBON, TOTAL ORGANIC",TORGC,4.81,Q,Q,4.81,,,0.06,0.26,,mg/L,1,N,A,147017,,0,0,,,,,,25.042469,80.914819,,,FIU,FIU,,,,,,147017,6/6/03 8:43,EPA415.1,,680,,Holding time exceeded
FLAB17,FLAB,6/10/03,SAMP,MON,SA,G,,0.1,,100,"CARBON, TOTAL ORGANIC",TORGC,5.57,Q,Q,5.57,,,0.06,0.26,,mg/L,1,N,A,148017,,0,0,,,,,,25.042469,80.914819,,,FIU,FIU,,,,,,148017,8/2/03 7:19,EPA415.1,,680,,Holding time exceeded
FLAB17,FLAB,7/1/03,SAMP,MON,SA,G,,0.1,,100,"CARBON, TOTAL ORGANIC",TORGC,6.34,Q,Q,6.34,,,0.06,0.26,,mg/L,1,N,A,149017,,0,0,,,,,,25.042469,80.914819,,,FIU,FIU,,,,,,149017,8/12/03 8:39,EPA415.1,,680,,SAMPLE ANALYZED PAST HOLDING TIME.
FLAB17,FLAB,8/25/03,SAMP,MON,SA,G,,0.1,,100,"CARBON, TOTAL ORGANIC",TORGC,7.09,,,7.09,,,0.06,0.26,,mg/L,1,N,A,150017,,0,0,,,,,,25.042469,80.914819,,,FIU,FIU,,,,,,150017,9/19/03 8:39,EPA415.1,,680,,
FLAB17,FLAB,9/9/03,SAMP,MON,SA,G,,0.1,,100,"CARBON, TOTAL ORGANIC",TORGC,4.24,,,4.24,,,0.06,0.26,,mg/L,1,N,A,151017,,0,0,,,,,,25.042469,80.914819,,,FIU,FIU,,,,,,151017,10/7/03 6:08,EPA415.1,,680,,
FLAB17,FLAB,10/15/03,SAMP,MON,SA,G,,0.1,,100,"CARBON, TOTAL ORGANIC",TORGC,5.43,Q,Q,5.43,,,0.06,0.26,,mg/L,1,N,A,152017,,0,0,,,,,,25.042469,80.914819,,,FIU,FIU,,,,,,152017,11/23/03 9:18,EPA415.1,,680,,SAMPLE ANALYZED PAST HOLDING TIME.
FLAB17,FLAB,11/7/03,SAMP,MON,SA,G,,0.1,,100,"CARBON, TOTAL ORGANIC",TORGC,5.72,,,5.72,,,0.06,0.26,,mg/L,1,N,A,153017,,0,0,,,,,,25.042469,80.914819,,,FIU,FIU,,,,,,153017,11/21/03 11:22,EPA415.1,,680,,
FLAB17,FLAB,12/3/03,SAMP,MON,SA,G,,0.1,,100,"CARBON, TOTAL ORGANIC",TORGC,7.62,,,7.62,,,0.06,0.26,,mg/L,1,N,A,154017,,0,0,,,,,,25.042469,80.914819,,,FIU,FIU,,,,,,154017,12/19/03 10:35,EPA415.1,,680,,
FLAB17,FLAB,1/21/04,SAMP,MON,SA,G,,0.1,,100,"CARBON, TOTAL ORGANIC",TORGC,4.65,,,4.65,,,0.16,0.71,,mg/L,1,N,A,155017,,0,0,,,,,,25.042469,80.914819,,,FIU,FIU,,,,,,155017,2/6/04 1:21,EPA415.1,,680,,
FLAB17,FLAB,2/24/04,SAMP,MON,SA,G,,0.1,,100,"CARBON, TOTAL ORGANIC",TORGC,3.64,J5,J5,3.64,,,0.16,0.71,,mg/L,1,N,A,156017,,0,0,,,,,,25.042469,80.914819,,,FIU,FIU,,,,,,156017,3/7/04 3:43,EPA415.1,,680,,"IMPROPER FIELD PROTOCOL, NO EB RESULT AVAILABLE."
FLAB17,FLAB,3/23/04,SAMP,MON,SA,G,,0.1,,100,"CARBON, TOTAL ORGANIC",TORGC,5.03,,,5.03,,,0.16,0.71,,mg/L,1,N,A,157017,,0,0,,,,,,25.042469,80.914819,,,FIU,FIU,,,,,,157017,4/9/04 9:31,EPA415.1,,680,,
FLAB17,FLAB,4/21/04,SAMP,MON,SA,G,,0.1,,100,"CARBON, TOTAL ORGANIC",TORGC,4.2,,,4.2,,,0.16,0.71,,mg/L,1,N,A,158017,,0,0,,,,,,25.042469,80.914819,,,FIU,FIU,,,,,,158017,5/8/04 15:31,EPA415.1,,680,,
FLAB17,FLAB,5/21/04,SAMP,MON,SA,G,,0.1,,100,"CARBON, TOTAL ORGANIC",TORGC,9.94,,,9.94,,,0.06,0.27,,mg/L,1,N,A,159017,,0,0,,,,,,25.042469,80.914819,,,FIU,FIU,,,,,,159017,5/27/04 12:23,EPA415.1,,680,,
FLAB17,FLAB,6/28/04,SAMP,MON,SA,G,,0.1,,100,"CARBON, TOTAL ORGANIC",TORGC,7.73,,,7.73,,,0.06,0.27,,mg/L,1,N,A,160017,,0,0,,,,,,25.042469,80.914819,,,FIU,FIU,,,,,,160017,7/1/04 16:25,EPA415.1,,680,,
FLAB17,FLAB,7/27/04,SAMP,MON,SA,G,,0.1,,100,"CARBON, TOTAL ORGANIC",TORGC,4.47,,,4.47,,,0.06,0.27,,mg/L,1,N,A,161017,,0,0,,,,,,25.042469,80.914819,,,FIU,FIU,,,,,,161017,7/29/04 15:05,EPA415.1,,680,,
FLAB17,FLAB,8/24/04,SAMP,MON,SA,G,,0.1,,100,"CARBON, TOTAL ORGANIC",TORGC,4.82,,,4.82,,,0.06,0.27,,mg/L,1,N,A,162017,,0,0,,,,,,25.042469,80.914819,,,FIU,FIU,,,,,,162017,8/27/04 14:51,EPA415.1,,680,,
FLAB17,FLAB,9/28/04,SAMP,MON,SA,G,,0.1,,100,"CARBON, TOTAL ORGANIC",TORGC,3.01,,,3.01,,,0.06,0.27,,mg/L,1,N,A,163017,,0,0,,,,,,25.042469,80.914819,,,FIU,FIU,,,,,,163017,10/4/04 15:43,EPA415.1,,680,,
FLAB17,FLAB,10/26/04,SAMP,MON,SA,G,,0.1,,100,"CARBON, TOTAL ORGANIC",TORGC,5.05,,,5.05,,,0.16,0.71,,mg/L,1,N,A,164017,,0,0,,,,,,25.042469,80.914819,,,FIU,FIU,,,,,,164017,11/6/04 13:04,EPA415.1,,680,,
FLAB17,FLAB,11/29/04,SAMP,MON,SA,G,,0.1,,100,"CARBON, TOTAL ORGANIC",TORGC,4.66,,,4.66,,,0.06,0.27,,mg/L,1,N,A,165017,,0,0,,,,,,25.042469,80.914819,,,FIU,FIU,,,,,,165017,12/6/04 14:20,EPA415.1,,680,,
FLAB17,FLAB,12/14/04,SAMP,MON,SA,G,,0.1,,100,"CARBON, TOTAL ORGANIC",TORGC,4.15,,,4.15,,,0.06,0.27,,mg/L,1,N,A,166017,,0,0,,,,,,25.042469,80.914819,,,FIU,FIU,,,,,,166017,12/20/04 17:32,EPA415.1,,680,,
FLAB17,FLAB,10/9/06,SAMP,MON,SA,G,,0,,100,"CARBON, TOTAL ORGANIC",TORGC,9.193,"Y,J5",yes,9.1925,,1,0.16,0.3,,mg/L,1,N,A,FB188FB017UA,,0,0,,,,,,25.042469,80.914819,FIU,E76930,FIU,WMD,WMD,2,BA,CA,,AB64795,10/11/06 15:45,EPA 415.1,,680,,"Exceded Batch Size Exceded Batch Size NELAC certified, DEP variance will be obtained by Dec 2008"
FLAB17,FLAB,10/9/06,SAMP,MON,SA,G,,0,,100,"CARBON, TOTAL ORGANIC",TORGC,8.575,"Y,J5",yes,8.5745,,1,0.16,0.3,,mg/L,1,N,A,FB188FB017UB,,0,0,,,,,,25.042469,80.914819,FIU,E76930,FIU,WMD,WMD,2,BA,CA,,AB64796,10/11/06 15:45,EPA 415.1,,680,,"Exceded Batch Size Exceded Batch Size NELAC certified, DEP variance will be obtained by Dec 2008"
FLAB17,FLAB,11/7/06,SAMP,MON,SA,G,,0,,100,"CARBON, TOTAL ORGANIC",TORGC,5.382,"Y,J5",yes,5.3815,,1,0.16,0.3,,mg/L,1,N,A,FB189FB017UA,,0,0,,,,,,25.042469,80.914819,FIU,E76930,FIU,WMD,WMD,2,BA,CA,,AB70876,11/13/06 0:26,EPA 415.1,,680,,"Exceded Batch Size NELAC certified, DEP variance will be obtained by Dec 2008"
FLAB17,FLAB,11/7/06,SAMP,MON,SA,G,,0,,100,"CARBON, TOTAL ORGANIC",TORGC,5.133,"Y,J5",yes,5.133,,1,0.16,0.3,,mg/L,1,N,A,FB189FB017UB,,0,0,,,,,,25.042469,80.914819,FIU,E76930,FIU,WMD,WMD,2,BA,CA,,AB70877,11/13/06 0:26,EPA 415.1,,680,,"Exceded Batch Size NELAC certified, DEP variance will be obtained by Dec 2008"
FLAB17,FLAB,12/3/06,SAMP,MON,SA,G,,0,,100,"CARBON, TOTAL ORGANIC",TORGC,4.923,Y,yes,4.923,,1,0.16,0.3,,mg/L,1,N,A,FB190FB017UA,,0,0,,,,,,25.042469,80.914819,FIU,E76930,FIU,WMD,WMD,2,BA,CA,,AB72196,12/7/06 23:53,EPA 415.1,,680,,"NELAC certified, DEP variance will be obtained by Dec 2008"
FLAB17,FLAB,12/3/06,SAMP,MON,SA,G,,0,,100,"CARBON, TOTAL ORGANIC",TORGC,4.821,Y,yes,4.821,,1,0.16,0.3,,mg/L,1,N,A,FB190FB017UB,,0,0,,,,,,25.042469,80.914819,FIU,E76930,FIU,WMD,WMD,2,BA,CA,,AB72197,12/7/06 23:53,EPA 415.1,,680,,"NELAC certified, DEP variance will be obtained by Dec 2008"
FLAB17,FLAB,1/11/07,SAMP,MON,SA,G,,0,,100,"CARBON, TOTAL ORGANIC",TORGC,6.78,"A,Y",yes,6.7795,,1,0.16,0.3,,mg/L,1,N,A,FB191FB017UB,,0,0,,,,,,25.042469,80.914819,FIU,E76930,FIU,WMD,WMD,2,BA,CA,,AB74853,1/25/07 23:17,EPA 415.1,,680,,"NELAC certified, DEP variance will be obtained by Dec 2008"
FLAB17,FLAB,1/11/07,SAMP,MON,SA,G,,0,,100,"CARBON, TOTAL ORGANIC",TORGC,6.619,"A,Y",yes,6.619,,1,0.16,0.3,,mg/L,1,N,A,FB191FB017UA,,0,0,,,,,,25.042469,80.914819,FIU,E76930,FIU,WMD,WMD,2,BA,CA,,AB74852,1/25/07 23:17,EPA 415.1,,680,,"NELAC certified, DEP variance will be obtained by Dec 2008"
FLAB17,FLAB,2/7/07,SAMP,MON,SA,G,,0,,100,"CARBON, TOTAL ORGANIC",TORGC,3.725,"A,Y",yes,3.7245,,1,0.16,0.3,,mg/L,1,N,A,FB192FB017UB,,0,0,,,,,,25.042469,80.914819,FIU,E76930,FIU,WMD,WMD,2,BA,CA,,AB76751,2/12/07 22:09,EPA 415.1,,680,,"NELAC certified, DEP variance will be obtained by Dec 2008"
FLAB17,FLAB,2/7/07,SAMP,MON,SA,G,,0,,100,"CARBON, TOTAL ORGANIC",TORGC,3.644,"A,Y",yes,3.644,,1,0.16,0.3,,mg/L,1,N,A,FB192FB017UA,,0,0,,,,,,25.042469,80.914819,FIU,E76930,FIU,WMD,WMD,2,BA,CA,,AB76750,2/12/07 22:09,EPA 415.1,,680,,"NELAC certified, DEP variance will be obtained by Dec 2008"
FLAB17,FLAB,3/12/07,SAMP,MON,SA,G,,0,,100,"CARBON, TOTAL ORGANIC",TORGC,7.223,"A,Y,J5",yes,7.223,,1,0.16,0.3,,mg/L,1,N,A,FB193FB017UB,,0,0,,,,,,25.042469,80.914819,FIU,E76930,FIU,WMD,WMD,2,BA,CA,,AB78001,3/19/07 0:03,EPA 415.1,,680,,"Exceded Batch Size NELAC certified, DEP variance will be obtained by Dec 2008"
FLAB17,FLAB,3/12/07,SAMP,MON,SA,G,,0,,100,"CARBON, TOTAL ORGANIC",TORGC,7.063,"A,Y,J5",yes,7.063,,1,0.16,0.3,,mg/L,1,N,A,FB193FB017UA,,0,0,,,,,,25.042469,80.914819,FIU,E76930,FIU,WMD,WMD,2,BA,CA,,AB78000,3/19/07 0:03,EPA 415.1,,680,,"Exceded Batch Size NELAC certified, DEP variance will be obtained by Dec 2008"
FLAB17,FLAB,4/3/07,SAMP,MON,SA,G,,0,,100,"CARBON, TOTAL ORGANIC",TORGC,12.27,Y,yes,12.27,,1,0.16,0.3,,mg/L,1,N,A,FB194FB017UA,,0,0,,,,,,25.042469,80.914819,FIU,E76930,FIU,WMD,WMD,2,BA,CA,,AB79025,4/4/07 0:28,EPA 415.1,,680,,"NELAC certified, DEP variance will be obtained by Dec 2008"
FLAB17,FLAB,4/3/07,SAMP,MON,SA,G,,0,,100,"CARBON, TOTAL ORGANIC",TORGC,12.205,Y,yes,12.205,,1,0.16,0.3,,mg/L,1,N,A,FB194FB017UB,,0,0,,,,,,25.042469,80.914819,FIU,E76930,FIU,WMD,WMD,2,BA,CA,,AB79026,4/4/07 0:28,EPA 415.1,,680,,"NELAC certified, DEP variance will be obtained by Dec 2008"
FLAB17,FLAB,5/1/07,SAMP,MON,SA,G,,0,,100,"CARBON, TOTAL ORGANIC",TORGC,6.32,Y,yes,6.32,,1,0.16,0.3,,mg/L,1,N,A,FB195FB017UA,,0,0,,,,,,25.042469,80.914819,FIU,E76930,FIU,WMD,WMD,2,BA,CA,,AB82086,5/14/07 23:16,EPA 415.1,,680,,"NELAC certified, DEP variance will be obtained by Dec 2008"
FLAB17,FLAB,5/1/07,SAMP,MON,SA,G,,0,,100,"CARBON, TOTAL ORGANIC",TORGC,6.535,Y,yes,6.535,,1,0.16,0.3,,mg/L,1,N,A,FB195FB017UB,,0,0,,,,,,25.042469,80.914819,FIU,E76930,FIU,WMD,WMD,2,BA,CA,,AB82087,5/14/07 23:16,EPA 415.1,,680,,"NELAC certified, DEP variance will be obtained by Dec 2008"
FLAB17,FLAB,6/6/07,SAMP,MON,SA,G,,0,,100,"CARBON, TOTAL ORGANIC",TORGC,13.77,"Y,J5",yes,13.77,,1,0.16,0.3,,mg/L,1,N,A,FB196FB017UB,,0,0,,,,,,25.042469,80.914819,FIU,E76930,FIU,WMD,WMD,2,BA,CA,,AB83986,6/8/07 14:31,EPA 415.1,,680,,"Exceded Batch Size Exceded Batch Size NELAC certified, DEP variance will be obtained by Dec 2008"
FLAB17,FLAB,6/6/07,SAMP,MON,SA,G,,0,,100,"CARBON, TOTAL ORGANIC",TORGC,13.62,"Y,J5",yes,13.62,,1,0.16,0.3,,mg/L,1,N,A,FB196FB017UA,,0,0,,,,,,25.042469,80.914819,FIU,E76930,FIU,WMD,WMD,2,BA,CA,,AB83985,6/8/07 14:31,EPA 415.1,,680,,"Exceded Batch Size Exceded Batch Size NELAC certified, DEP variance will be obtained by Dec 2008"
FLAB17,FLAB,7/3/07,SAMP,MON,SA,G,,0,,100,"CARBON, TOTAL ORGANIC",TORGC,438.33,"A,Y",yes,438.33,,1,0.16,0.3,,mg/L,1,N,A,FB197FB017UA,,0,0,,,,,,25.042469,80.914819,FIU,E76930,FIU,WMD,WMD,2,BA,CA,,AB85564,7/10/07 14:50,EPA 415.1,,680,,
FLAB17,FLAB,7/3/07,SAMP,MON,SA,G,,0,,100,"CARBON, TOTAL ORGANIC",TORGC,450.04,"A,Y",yes,450.04,,1,0.16,0.3,,mg/L,1,N,A,FB197FB017UB,,0,0,,,,,,25.042469,80.914819,FIU,E76930,FIU,WMD,WMD,2,BA,CA,,AB85565,7/10/07 14:50,EPA 415.1,,680,,
FLAB17,FLAB,8/7/07,SAMP,MON,SA,G,,0,,100,"CARBON, TOTAL ORGANIC",TORGC,393.33,"A,Y",yes,393.33,,1,0.16,0.3,,mg/L,1,N,A,FB198FB017UB,,0,0,,,,,,25.042469,80.914819,FIU,E76930,FIU,WMD,WMD,2,BA,CA,,AB89022,8/16/07 14:56,EPA 415.1,,680,,
FLAB17,FLAB,8/7/07,SAMP,MON,SA,G,,0,,100,"CARBON, TOTAL ORGANIC",TORGC,521.91,"A,Y",yes,521.91,,1,0.16,0.3,,mg/L,1,N,A,FB198FB017UA,,0,0,,,,,,25.042469,80.914819,FIU,E76930,FIU,WMD,WMD,2,BA,CA,,AB89021,8/16/07 14:56,EPA 415.1,,680,,
FLAB17,FLAB,9/5/07,SAMP,MON,SA,G,,0,,100,"CARBON, TOTAL ORGANIC",TORGC,339.62,"A,Y",yes,339.62,,1,0.16,0.3,,mg/L,1,N,A,FB199FB017UA,,0,0,,,,,,25.042469,80.914819,FIU,E76930,FIU,WMD,WMD,2,BA,CA,,AB90692,9/21/07 15:20,EPA 415.1,,680,,
FLAB17,FLAB,9/5/07,SAMP,MON,SA,G,,0,,100,"CARBON, TOTAL ORGANIC",TORGC,344.16,"A,Y",yes,344.16,,1,0.16,0.3,,mg/L,1,N,A,FB199FB017UB,,0,0,,,,,,25.042469,80.914819,FIU,E76930,FIU,WMD,WMD,2,BA,CA,,AB90693,9/21/07 15:20,EPA 415.1,,680,,
FLAB17,FLAB,10/4/07,SAMP,MON,SA,G,,0,,100,"CARBON, TOTAL ORGANIC",TORGC,4.591,"A,Y",yes,4.591,,1,0.16,0.0036,,mg/L,1,N,A,FB200FB017,,0,0,,,,,,25.042469,80.914819,FIU,E76930,FIU,WMD,WMD,2,BA,CA,,AB92293,10/23/07 8:24,EPA 415.1,,680,,"NELAC certified, DEP variance will be obtained by Dec 2008"
FLAB17,FLAB,11/6/07,SAMP,MON,SA,G,,0,,100,"CARBON, TOTAL ORGANIC",TORGC,5.956,"A,Y",yes,5.956,,1,0.16,0.0036,,mg/L,1,N,A,FB201FB017,,0,0,,,,,,25.042469,80.914819,FIU,E76930,FIU,WMD,WMD,2,BA,CA,,AB93887,11/20/07 7:54,EPA 415.1,,680,,"NELAC certified, DEP variance will be obtained by Dec 2008"
FLAB17,FLAB,12/7/07,SAMP,MON,SA,G,,0,,100,"CARBON, TOTAL ORGANIC",TORGC,16.51,"A,Y",yes,16.51,,1,0.16,0.0036,,mg/L,1,N,A,FB202FB017,,0,0,,,,,,25.042469,80.914819,FIU,E76930,FIU,WMD,WMD,2,BA,CA,,AB94305,12/18/07 8:40,EPA 415.1,,680,,"NELAC certified, DEP variance will be obtained by Dec 2008"
FLAB17,FLAB,1/9/08,SAMP,MON,SA,G,,0,,100,"CARBON, TOTAL ORGANIC",TORGC,4.906,Y,yes,4.9055,,1,0.16,0.3,,mg/L,1,N,A,FB203FB017,,0,0,,,,,,25.042469,80.914819,FIU,E76930,FIU,WMD,WMD,2,BA,CA,,AB95216,1/18/08 13:01,EPA 415.1,,680,,"NELAC certified, DEP variance will be obtained by Aug 2008"
FLAB17,FLAB,1/9/08,SAMP,MON,SA,G,,0,,100,"CARBON, TOTAL ORGANIC",TORGC,4.898,Y,yes,4.8975,,1,0.16,0.3,,mg/L,1,N,A,FB203FB017B,,0,0,,,,,,25.042469,80.914819,FIU,E76930,FIU,WMD,WMD,2,BA,CA,,AB95216_B,1/18/08 13:01,EPA 415.1,,680,Measurements done close to the bottom.,"NELAC certified, DEP variance will be obtained by Aug 2008"
FLAB17,FLAB,2/8/08,SAMP,MON,SA,G,,0,,100,"CARBON, TOTAL ORGANIC",TORGC,5.103,Y,yes,5.1025,,1,0.16,0.3,,mg/L,1,N,A,FB204FB017,,0,0,,,,,,25.042469,80.914819,FIU,E76930,FIU,WMD,WMD,2,BA,CA,,AB95732,2/29/08 6:41,EPA 415.1,,680,,"NELAC certified, DEP variance will be obtained by Aug 2008"
FLAB17,FLAB,2/8/08,SAMP,MON,SA,G,,0,,100,"CARBON, TOTAL ORGANIC",TORGC,5.132,Y,yes,5.1315,,1,0.16,0.3,,mg/L,1,N,A,FB204FB017B,,0,0,,,,,,25.042469,80.914819,FIU,E76930,FIU,WMD,WMD,2,BA,CA,,AB95732_B,2/29/08 6:41,EPA 415.1,,680,Measurements done close to the bottom.,"NELAC certified, DEP variance will be obtained by Aug 2008"
FLAB17,FLAB,3/5/08,SAMP,MON,SA,G,,0,,100,"CARBON, TOTAL ORGANIC",TORGC,3.937,Y,yes,3.9365,,1,0.16,0.3,,mg/L,1,N,A,FB205FB017,,0,0,,,,,,25.042469,80.914819,FIU,E76930,FIU,WMD,WMD,2,BA,CA,,AB95979,3/18/08 7:58,EPA 415.1,,680,,"NELAC certified, DEP variance will be obtained by Aug 2008"
FLAB17,FLAB,3/5/08,SAMP,MON,SA,G,,0,,100,"CARBON, TOTAL ORGANIC",TORGC,3.95,Y,yes,3.95,,1,0.16,0.3,,mg/L,1,N,A,FB205FB017B,,0,0,,,,,,25.042469,80.914819,FIU,E76930,FIU,WMD,WMD,2,BA,CA,,AB95979_B,3/18/08 7:58,EPA 415.1,,680,Measurements done close to the bottom.,"NELAC certified, DEP variance will be obtained by Aug 2008"
FLAB17,FLAB,4/2/08,SAMP,MON,SA,G,,0,,100,"CARBON, TOTAL ORGANIC",TORGC,6.394,Y,yes,6.394,,1,0.16,0.3,,mg/L,1,N,A,FB206FB017,,0,0,,,,,,25.042469,80.914819,FIU,E76930,FIU,WMD,WMD,2,BA,CA,4/2/08 11:20,AB96549,4/3/08 6:46,EPA 415.1,,680,,"NELAC certified, DEP variance will be obtained by Aug 2008"
FLAB17,FLAB,4/2/08,SAMP,MON,SA,G,,0,,100,"CARBON, TOTAL ORGANIC",TORGC,6.395,Y,yes,6.395,,1,0.16,0.3,,mg/L,1,N,A,FB206FB017B,,0,0,,,,,,25.042469,80.914819,FIU,E76930,FIU,WMD,WMD,2,BA,CA,4/2/08 11:22,AB96549_B,4/3/08 6:46,EPA 415.1,,680,Measurements done close to the bottom.,"NELAC certified, DEP variance will be obtained by Aug 2008"
FLAB17,FLAB,5/7/08,SAMP,MON,SA,G,,0,,100,"CARBON, TOTAL ORGANIC",TORGC,5.37,Y,yes,5.3695,,1,0.16,0.3,,mg/L,1,N,A,FB207FB017,,0,0,,,,,,25.042469,80.914819,FIU,E76930,FIU,WMD,WMD,2,BA,CA,5/7/08 11:43,AB97312,5/9/08 8:19,EPA 415.1,,680,,"NELAC certified, DEP variance will be obtained by Aug 2008"
FLAB17,FLAB,5/7/08,SAMP,MON,SA,G,,0,,100,"CARBON, TOTAL ORGANIC",TORGC,5.392,Y,yes,5.392,,1,0.16,0.3,,mg/L,1,N,A,FB207FB017B,,0,0,,,,,,25.042469,80.914819,FIU,E76930,FIU,WMD,WMD,2,BA,CA,5/7/08 11:45,AB97312_B,5/9/08 8:19,EPA 415.1,,680,Measurements done close to the bottom.,"NELAC certified, DEP variance will be obtained by Aug 2008"
FLAB17,FLAB,6/4/08,SAMP,MON,SA,G,,0,,100,"CARBON, TOTAL ORGANIC",TORGC,5.366,Y,yes,5.3655,,1,0.16,0.3,,mg/L,1,N,A,FB208FB017,,0,0,,,,,,25.042469,80.914819,FIU,E76930,FIU,WMD,WMD,2,BA,CA,6/4/08 13:21,AB97876,6/10/08 10:47,EPA 415.1,,680,,"NELAC certified, DEP variance will be obtained by Aug 2008"
FLAB17,FLAB,6/4/08,SAMP,MON,SA,G,,0,,100,"CARBON, TOTAL ORGANIC",TORGC,5.473,Y,yes,5.473,,1,0.16,0.3,,mg/L,1,N,A,FB208FB017B,,0,0,,,,,,25.042469,80.914819,FIU,E76930,FIU,WMD,WMD,2,BA,CA,6/4/08 13:23,AB97876_B,6/10/08 10:47,EPA 415.1,,680,Measurements done close to the bottom.,"NELAC certified, DEP variance will be obtained by Aug 2008"
FLAB17,FLAB,1/6/09,SAMP,MON,SA,G,,0.5,,100,"CARBON, TOTAL ORGANIC",TORGC,5.2,,,5,,1,1,4,1,mg/L,1,N,A,P42962-9,,1,2,,,1.6,,,25.042469,80.914819,FWEC,E46077,WMD,WMD,WMD,2,BA,NO,1/7/09 10:35,16141009,1/21/09 11:21,SM5310B,,00680,Clear calm waters.  Little to no chop and very light winds.  Sample clear with no visable solids.,
FLAB17,FLAB,2/10/09,SAMP,MON,SA,G,,0.5,,100,"CARBON, TOTAL ORGANIC",TORGC,4.5,,,4,,1,1,4,1,mg/L,1,N,A,P42977-6,,1,1,,,1.3,,,25.042469,80.914819,FWEC,E46077,WMD,WMD,WMD,2,BA,NO,2/11/09 10:38,16156006,2/19/09 11:05,SM5310B,,00680,Calming windsc and light chop.  Sample clear.,
FLAB17,FLAB,3/10/09,SAMP,MON,SA,G,,0.5,,100,"CARBON, TOTAL ORGANIC",TORGC,5,,,5,,1,1,4,1,mg/L,1,N,A,P43360-6,,1,2,,,1.4,,,25.042469,80.914819,FWEC,E46077,WMD,WMD,WMD,2,BA,NO,3/11/09 11:10,16637006,3/18/09 13:15,SM5310B,,00680,Calming winds and a light chop.  Sample clear.,
FLAB17,FLAB,4/14/09,SAMP,MON,SA,G,,0.5,,100,"CARBON, TOTAL ORGANIC",TORGC,4.6,J,yes,5,,1,1,4,1,mg/L,1,N,A,P43537-6,,1,3,,,1.7,,,25.042469,80.914819,FWEC,E46077,WMD,WMD,WMD,2,BA,NO,4/15/09 9:58,16858006,4/17/09 9:50,SM5310B,,00680,calm seas and calm conditions.  Sample clear.,Analyte detected in field blank and/or associated sample
FLAB17,FLAB,5/12/09,SAMP,MON,SA,G,,0.5,,100,"CARBON, TOTAL ORGANIC",TORGC,9.2,,,9,,1,1,4,1,mg/L,1,N,A,P43934-6,,1,3,,,1.9,,,25.042469,80.914819,FWEC,E46077,WMD,WMD,WMD,2,BA,NO,5/13/09 9:57,17325006,5/21/09 9:40,SM5310B,,00680,Calm and clear.  Extremely salty with salinity near 50 ppt.,
FLAB17,FLAB,6/9/09,SAMP,MON,SA,G,,0.5,,100,"CARBON, TOTAL ORGANIC",TORGC,6.9,,,7,,1,1,4,1,mg/L,1,N,A,P43949-6,,1,2,,,1.9,,,25.042469,80.914819,FWEC,E46077,WMD,WMD,WMD,2,BA,NO,6/10/09 9:57,17342006,6/12/09 12:43,SM5310B,,00680,Clear and very calm.  Sample clear of solids.  Good deal of plant matter (broken seagrass) observed floating on water column.,
FLAB17,FLAB,7/8/09,SAMP,MON,SA,G,,0.5,,100,"CARBON, TOTAL ORGANIC",TORGC,3.6,I,,4,,1,1,4,1,mg/L,1,N,A,P44581-6,,1,1,,,1.5,,,25.042469,80.914819,FWEC,E46077,WMD,WMD,WMD,2,BA,NO,7/9/09 9:52,18188020,7/16/09 14:25,SM5310B,,00680,"Sample clear with no visible solids.   SECCHI ON BOTTOM.  Calm conditions, clear skies, sunny.",
FLAB17,FLAB,8/11/09,SAMP,MON,SA,G,,0.5,,100,"CARBON, TOTAL ORGANIC",TORGC,5.8,,,6,,1,1,4,1,mg/L,1,N,A,P44608-6,,1,3,,,1.7,,,25.042469,80.914819,FWEC,E46077,WMD,WMD,WMD,2,BA,NO,8/12/09 10:59,18222020,8/13/09 14:33,SM5310B,,00680,"Samole very light yellow, with low solids.   SECCHI ON BOTTOM.  Water calm, seagrass floating in water. Overcast, temperature high 80's degrees F.",
FLAB17,FLAB,9/9/09,SAMP,MON,SA,G,,0.5,,100,"CARBON, TOTAL ORGANIC",TORGC,4.2,,,4,,1,1,4,1,mg/L,1,N,A,P45420-6,,1,1,,,1.7,,,25.042469,80.914819,FWEC,E46077,WMD,WMD,WMD,2,BA,NO,9/10/09 12:15,19265006,9/15/09 14:44,SM5310B,,00680,"Sample pale yellow with no visible solids. Light outgoing flow. SECCHI ON BOTTOM. Less than 0.5' chop, with winds 5-10 mph. Seagrass observed floating on water's surface.",
FLAB17,FLAB,10/6/09,SAMP,MON,SA,G,,0.5,,100,"CARBON, TOTAL ORGANIC",TORGC,4,,,4,,1,1,4,1,mg/L,1,N,A,P45904-6,,1,3,,,1.6,,,25.042469,80.914819,FWEC,E46077,WMD,WMD,WMD,2,BA,NO,10/7/09 13:03,19876006,10/8/09 15:08,SM5310B,,00680,"Sample clear, no visible solids.  Low flow, light chop.   SECCHI ON BOTTOM. Some seagrass floating on water surface.",
FLAB17,FLAB,11/3/09,SAMP,MON,SA,G,,0.5,,100,"CARBON, TOTAL ORGANIC",TORGC,3.9,I,,4,,1,1,4,1,mg/L,1,N,A,P46182-6,,1,1,,,1.5,,,25.042469,80.914819,FWEC,E46077,WMD,WMD,WMD,2,BA,NO,11/4/09 12:09,20231006,11/10/09 17:45,SM5310B,,00680,"Sample pale yellow with no visible solids. SECCHI ON BOTTOM. Low flow. Calm conditions, no chop.",
FLAB17,FLAB,12/2/09,SAMP,MON,SA,G,,0.5,m,100,"CARBON, TOTAL ORGANIC",TORGC,4.6,,,5,,1,1,4,1,mg/L,1,N,A,P46550-6,,1,3,,,,,,25.042469,80.914819,FWEC,E46077,WMD,WMD,WMD,2,BA,NO,12/3/09 10:22,20734006,12/8/09 16:08,SM5310B,,00680,Sample pale yellow with no visible solids. Low flow. SECCHI ON BOTTOM. 1' chop with winds approx. 20 mph. FCEB taken at this station.,
FLAB17,FLAB,1/6/10,SAMP,MON,SA,G,,0.5,m,100,"CARBON, TOTAL ORGANIC",TORGC,3.6,I,,4,,1,1,4,1,mg/L,1,N,A,P46791-7,,1,1,,,,,,25.042469,80.914819,FWEC,E46077,WMD,WMD,WMD,2,BA,NO,1/7/10 10:50,21029007,1/12/10 15:41,SM5310B,,00680,"Sample clear, no visible solids.  Calm water, minimal chop.  Low flow.  Winds 10-15mph.   SECCHI ON BOTTOM.",
FLAB17,FLAB,2/3/10,SAMP,MON,SA,G,,0.5,m,100,"CARBON, TOTAL ORGANIC",TORGC,4.7,,,5,,1,1,4,1,mg/L,1,N,A,P47181-6,,1,1,,,,,,25.042469,80.914819,FWEC,E46077,WMD,WMD,WMD,2,BA,NO,2/4/10 9:49,21663006,2/10/10 11:00,SM5310B,,00680,"Sample pale yellow, with low solids.  Low flow, light chop.  Winds 5-10mph.   SECCHI ON BOTTOM.",
FLAB17,FLAB,3/2/10,SAMP,MON,SA,G,,0.5,m,100,"CARBON, TOTAL ORGANIC",TORGC,3.9,I,,4,,1,1,4,1,mg/L,1,N,A,P47470-6,,1,6,,,,,,25.042469,80.914819,FWEC,E46077,WMD,WMD,WMD,2,BA,NO,3/3/10 10:29,22044006,3/4/10 16:27,SM5310B,,00680,"Sample pale green, with low solids.  Low flow.  2-3 foot seas, choppy.  Winds 20-30mph.  Heavy rain.   SECCHI ON BOTTOM.",
FLAB17,FLAB,4/7/10,SAMP,MON,SA,G,,0.5,m,100,"CARBON, TOTAL ORGANIC",TORGC,5.3,,,5,,1,1,4,1,mg/L,1,N,A,P47826-6,,1,1,,,,,,25.042469,80.914819,FWEC,E46077,WMD,WMD,WMD,2,BA,NO,4/8/10 11:08,22508006,4/14/10 10:21,SM5310B,,00680,Sample pale yellow with low suspended solids. Low flow with slight chop up to 1' and 15 mph winds. SECCHI ON BOTTOM.,
FLAB17,FLAB,5/5/10,SAMP,MON,SA,G,,0.5,m,100,"CARBON, TOTAL ORGANIC",TORGC,5.5,,,6,,1,1,4,1,mg/L,1,N,A,P48079-6,,1,2,,,,,,25.042469,80.914819,FWEC,E46077,WMD,WMD,WMD,2,BA,NO,5/6/10 9:54,22815006,5/12/10 16:26,SM5310B,,00680,Sample if pale yellow with no visible soilds present. Low flow with minimal chop less than 1' and variable winds of 4-7 mph. SECCHI ON BOTTOM.,
FLAB17,FLAB,6/2/10,SAMP,MON,SA,G,,0.5,m,100,"CARBON, TOTAL ORGANIC",TORGC,4.1,,,4,,1,1,4,1,mg/L,1,N,A,P48377-8,,1,1,,,,,,25.042469,80.914819,FWEC,E46077,WMD,WMD,WMD,2,BA,NO,6/3/10 10:48,23191008,6/10/10 15:29,SM5310B,,00680,comments too long see field notes,
FLAB17,FLAB,7/7/10,SAMP,MON,SA,G,,0.5,m,100,"CARBON, TOTAL ORGANIC",TORGC,6.7,,,7,,1,1,4,1,mg/L,1,N,A,P48677-8,,1,1,,,,,,25.042469,80.914819,FWEC,E46077,WMD,WMD,WMD,2,BA,NO,7/8/10 12:00,23534008,7/13/10 12:09,SM5310B,,00680,Sample is light yellow with low suspended solids present. Low flow with light chop up to 6 inches and light variable winds from 3 to 5 mph. SECCHI ON BOTTOM.,
FLAB17,FLAB,8/4/10,SAMP,MON,SA,G,,0.5,m,100,"CARBON, TOTAL ORGANIC",TORGC,5.6,,,6,,1,1,4,1,mg/L,1,N,A,P48891-8,,1,3,,,,,,25.042469,80.914819,FWEC,E46077,WMD,WMD,WMD,2,BA,NO,8/5/10 9:58,23828008,8/11/10 14:37,SM5310B,,00680,Sample is light yellow with low suspended solids present. Low flow with variable 8 to 11 mph winds from the east north east. SECCHI ON BOTTOM.,
FLAB17,FLAB,9/8/10,SAMP,MON,SA,G,,0.5,m,100,"CARBON, TOTAL ORGANIC",TORGC,5,,,5,,1,1,4,1,mg/L,1,N,A,P49169-8,,1,1,,,,,,25.042469,80.914819,FWEC,E46077,WMD,WMD,WMD,2,BA,NO,9/9/10 11:06,24183008,9/15/10 15:47,SM5310B,,00680,Sample is pale yellow with low suspended solids present. Low flow with chop and swell up to 2.5 feet with gusty variable winds from the east at 12 to 20 mph with gusts to 25 mph. SECCHI ON BOTTOM.,
FLAB17,FLAB,10/6/10,SAMP,MON,SA,G,,0.5,m,100,"CARBON, TOTAL ORGANIC",TORGC,5.4,,,5,,1,1,4,1,mg/L,1,N,A,P49626-8,,1,1,,,,,,25.042469,80.914819,FWEC,E46077,WMD,WMD,WMD,2,BA,NO,10/7/10 10:30,24781008,10/14/10 11:26,SM5310B,,00680,Sample is pale yellow with low suspended solids present. Low flow with chop up to 2 feet with swells up to 2.5 feet and very strong gusty winds from the north north east at 12 to 25 mph with gusts to 30 mph. SECCHI ON BOTTOM.,
FLAB17,FLAB,11/4/10,SAMP,MON,SA,G,,0.5,m,100,"CARBON, TOTAL ORGANIC",TORGC,6,,,6,,1,1,4,1,mg/L,1,N,A,P50068-8,,1,2,,,,,,25.042469,80.914819,FWEC,E46077,WMD,WMD,WMD,2,BA,NO,11/5/10 8:08,25356008,11/10/10 10:09,SM5310B,,00680,Sample is pale yellow with no visible suspended solids present. Low flow with chop up to 6 inches with variable winds from the southwest at 4 to 8 mph. SECCHI ON BOTTOM.,
FLAB17,FLAB,12/8/10,SAMP,MON,SA,G,,0.5,m,100,"CARBON, TOTAL ORGANIC",TORGC,4.4,,,4,,1,1,4,1,mg/L,1,N,A,P50472-8,,1,1,,,,,,25.042469,80.914819,FWEC,E46077,WMD,WMD,WMD,2,BA,NO,12/9/10 9:57,25853008,12/13/10 15:18,SM5310B,,00680,Sample is pale green with low suspended solids present. Low flow with chop and swell up to 1.5 feet with constant winds from the north north west at 7 to 8 mph. Very cold air temp with clear sunny skies. SECCHI ON BOTTOM.,
FLAB17,FLAB,2/16/11,SAMP,MON,SA,G,,0.5,m,100,"CARBON, TOTAL ORGANIC",TORGC,4.2,,,4,,1,1,4,1,mg/L,1,N,A,P50935-8,,0,2,,,,,,25.042469,80.914819,WMD,E46077,WMD,WMD,WMD,2,BA,NO,2/17/11 10:03,26502008,2/24/11 15:03,SM5310B,,00680,,
FLAB17,FLAB,3/22/11,SAMP,MON,SA,G,,0.5,m,100,"CARBON, TOTAL ORGANIC",TORGC,5.1,,,5,,1,1,4,1,mg/L,1,N,A,P51525-8,,1,1,,,,,,25.042469,80.914819,FWEC,E46077,WMD,WMD,WMD,2,BA,NO,3/23/11 10:39,27308008,3/23/11 16:41,SM5310B,,00680,Sample is pale green with low suspended solids present. Low flow with chop up to 1.5 feet and variable  east winds at 8 to 13 mph. SECCHI ON BOTTOM,
FLAB17,FLAB,4/12/11,SAMP,MON,SA,G,,0.5,m,100,"CARBON, TOTAL ORGANIC",TORGC,6.3,,,6,,1,1,4,1,mg/L,1,N,A,P52303-8,,1,2,,,,,,25.042469,80.914819,FWEC,E46077,WMD,WMD,WMD,2,BA,NO,4/13/11 11:39,28413008,4/19/11 9:34,SM5310B,,00680,"Sample light green, low flow, wind 5-10mph SE,  SECCHI ON BOTTOM.",
FLAB17,FLAB,5/10/11,SAMP,MON,SA,G,,0.5,m,100,"CARBON, TOTAL ORGANIC",TORGC,4.8,,,5,,1,1,4,1,mg/L,1,N,A,P52304-8,,1,1,,,,,,25.042469,80.914819,FWEC,E46077,WMD,WMD,WMD,2,BA,NO,5/11/11 10:10,28414008,5/17/11 16:40,SM5310B,,00680,"Sample pale green.  Low flow.  Calm water, no chop.  Wind 3-5mph.   SECCHI ON BOTTOM.",
FLAB17,FLAB,6/8/11,SAMP,MON,SA,G,,0.5,m,100,"CARBON, TOTAL ORGANIC",TORGC,5.8,,,6,,1,1,4,1,mg/L,1,N,A,P52305-8,,1,3,,,,,,25.042469,80.914819,FWEC,E46077,WMD,WMD,WMD,2,BA,NO,6/9/11 9:58,28415008,6/15/11 14:19,SM5310B,,00680,WARNING: Time exceeds +/- 1 Hour(s).,
FLAB17,FLAB,7/6/11,SAMP,MON,SA,G,,0.5,m,100,"CARBON, TOTAL ORGANIC",TORGC,6.4,,,6,,1,1,2,1,mg/L,1,N,A,P52306-8,,1,6,,,,,,25.042469,80.914819,FWEC,E46077,WMD,WMD,WMD,2,BA,NO,7/7/11 10:24,28416008,7/7/11 16:37,SM5310B,,00680,Sample is pale green with low suspended solids. Low flow with light chop up to 12 inches and winds from the north at 8 to 15 mph with rain and very overcast. SECCHI ON BOTTOM.,
FLAB17,FLAB,8/9/11,SAMP,MON,SA,G,,0.5,m,100,"CARBON, TOTAL ORGANIC",TORGC,4.4,,,4,,1,1,2,1,mg/L,1,N,A,P53437-7,,1,3,,,,,,25.042469,80.914819,FWEC,E46077,WMD,WMD,WMD,2,BA,NO,8/10/11 10:17,29868007,8/16/11 15:27,SM5310B,,00680,Sample is clear with no visible solids present. Low to moderate flow with chop up to 1.5 feet and 5 to 8 mph winds from the southwest. SECCHI ON BOTTOM,
FLAB17,FLAB,9/7/11,SAMP,MON,SA,G,,0.5,m,100,"CARBON, TOTAL ORGANIC",TORGC,3.7,,,4,,1,1,2,1,mg/L,1,N,A,P53438-7,,0,1,,,,,,25.042469,80.914819,FWEC,E46077,WMD,WMD,WMD,2,BA,NO,9/8/11 10:29,29869007,9/15/11 15:20,SM5310B,,00680,Sample is pale green with no visible suspended solids present. Low current with light chop up to 6 inches and variable winds from the south south east at 6 to 10 mph. SECCHI ON BOTTOM.,
FLAB17,FLAB,10/11/11,SAMP,MON,SA,G,,0.5,m,100,"CARBON, TOTAL ORGANIC",TORGC,4.8,,,5,,1,1,2,1,mg/L,1,N,A,P53439-7,,0,2,,,,,,25.042469,80.914819,WMD,E46077,WMD,WMD,WMD,2,BA,NO,10/12/11 10:23,29870007,10/12/11 15:35,SM5310B,,00680,"Wind and seas calm, flood tide,  SECCHI ON BOTTOM.",
FLAB17,FLAB,12/13/11,SAMP,MON,SA,G,,0.5,m,100,"CARBON, TOTAL ORGANIC",TORGC,5.1,,,5,,1,1,2,1,mg/L,1,N,A,P54066-5,,0,3,,,,,,25.042469,80.914819,WMD,E46077,WMD,WMD,WMD,2,BA,NO,12/14/11 10:48,30605005,12/19/11 14:49,SM5310B,,00680,"Wind N 18-20, seas 1 ft,  SECCHI ON BOTTOM, slack tide",
FLAB17,FLAB,2/7/12,SAMP,MON,SA,G,,0.5,m,100,"CARBON, TOTAL ORGANIC",TORGC,5.6,,,6,,1,1,2,1,mg/L,1,N,A,P55307-5,,0,3,,,,,,25.042469,80.914819,WMD,E46077,WMD,WMD,WMD,2,BA,NO,2/8/12 11:46,32255005,2/13/12 15:10,SM5310B,,00680,"Wind and seas calm, ebb tide,  SECCHI ON BOTTOM.",
FLAB17,FLAB,4/11/12,SAMP,MON,SA,G,,0.5,m,100,"CARBON, TOTAL ORGANIC",TORGC,5.2,,,5,,1,1,2,1,mg/L,1,N,A,P55314-5,,0,2,,,,,,25.042469,80.914819,WMD,E46077,WMD,WMD,WMD,2,BA,NO,4/12/12 10:52,32262005,4/16/12 11:51,SM5310B,,00680,"Wind and seas calm, ebb tide,  SECCHI ON BOTTOM.",
FLAB17,FLAB,6/6/12,SAMP,MON,SA,G,,0.5,m,100,"CARBON, TOTAL ORGANIC",TORGC,4.1,,,4,,1,1,2,1,mg/L,1,N,A,P55930-5,,0,4,,,,,,25.042469,80.914819,WMD,E46077,WMD,WMD,WMD,2,BA,NO,6/6/12 16:39,33113005,6/11/12 13:53,SM5310B,,00680,"SECCHI ON BOTTOM. Light winds, less than 5kts out of the S. Light chop on the water.",
FLAB17,FLAB,8/20/12,SAMP,MON,SA,G,,0.5,m,100,"CARBON, TOTAL ORGANIC",TORGC,3.6,,,4,+/- 1.0,1,1,2,1,mg/L,1,N,A,P56206-5,,0,2,,,,,,25.042469,80.914819,WMD,E46077,WMD,WMD,WMD,2,PD,NO,8/21/12 9:01,33465005,8/24/12 11:36,SM5310B,,00680,Calm conditions with almost no breeze.  Slack tide.  Flat calm conditions.   SECCHI ON BOTTOM.  Good amount of dead grass floating on surface.,
FLAB17,FLAB,10/15/12,SAMP,MON,SA,G,,0.5,m,100,"CARBON, TOTAL ORGANIC",TORGC,4.2,,,4,+/- 1.0,1,1,2,1,mg/L,1,N,A,P56210-5,,0,2,,,,,,25.042469,80.914819,WMD,E46077,WMD,WMD,WMD,2,BA,NO,10/16/12 7:44,33469005,10/17/12 10:48,SM5310B,,00680,Calm conditions.  Slight flood tide.   SECCHI ON BOTTOM.,
FLAB17,FLAB,12/13/12,SAMP,MON,SA,G,,0.5,m,100,"CARBON, TOTAL ORGANIC",TORGC,4.4,,,4,,1,1,2,1,mg/L,1,N,A,P56855-5,,0,1,,,,,,25.042469,80.914819,WMD,E46077,WMD,WMD,WMD,2,BA,NO,12/13/12 15:05,34310005,12/19/12 10:39,SM5310B,,00680,"Calm wind, calm seas, very low current.   SECCHI ON BOTTOM.",
FLAB17,FLAB,2/12/13,SAMP,MON,SA,G,,0.5,m,100,"CARBON, TOTAL ORGANIC",TORGC,4.8,,,5,+/- 1.0,1,1,2,1,mg/L,1,N,A,P61815-8,,0,1,,,,,,25.042469,80.914819,WMD,E46077,WMD,WMD,WMD,2,PD,NO,2/12/13 16:39,39394008,2/19/13 11:55,SM5310B,,00680,SECCHI ON BOTTOM. S wind approx 10 kt. Light chop on surface. Weak current.,
FLAB17,FLAB,4/22/13,SAMP,MON,SA,G,,0.5,m,100,"CARBON, TOTAL ORGANIC",TORGC,7.4,,,7,+/- 1.1,1,1,2,1,mg/L,1,N,A,P61816-8,,0,4,,,,,,25.042469,80.914819,WMD,E46077,WMD,WMD,WMD,2,PD,NO,4/23/13 10:11,39395008,4/24/13 11:13,SM5310B,,00680,"SE winds 10-15 kts, seas less than 1 ft. SECCHI ON BOTTOM",
FLAB17,FLAB,6/11/13,SAMP,MON,SA,G,,0.5,m,100,"CARBON, TOTAL ORGANIC",TORGC,7.8,,,8,+/- 1.1,1,1,2,1,mg/L,1,N,A,P63878-8,,0,6,,,,,,25.042469,80.914819,WMD,E46077,WMD,WMD,WMD,2,PD,NO,6/11/13 16:12,40693008,6/18/13 10:26,SM5310B,,680,"rain, sample processed in protected area, southeast winds 5-10, slight ripple, secchi on bottom",
FLAB17,FLAB,8/6/13,SAMP,MON,SA,G,,0.5,m,100,"CARBON, TOTAL ORGANIC",TORGC,4,,,4,+/- 1.0,1,1,2,1,mg/L,1,N,A,P63879-8,,0,3,,,,,,25.042469,80.914819,WMD,E46077,WMD,WMD,WMD,2,PD,NO,8/6/13 16:02,40694008,8/8/13 11:45,SM5310B,,00680,SECCHI ON BOTTOM. Nearly calm wind. Ripples on surface. No current observed. Patches of grass on surface.,
FLAB17,FLAB,11/21/13,SAMP,MON,SA,G,,0.5,m,100,"CARBON, TOTAL ORGANIC",TORGC,4.9,,,5,+/- 1.0,1,1,2,1,mg/L,1,N,A,P67402-5,,0,2,,,,,,25.042469,80.914819,WMD,E46077,WMD,WMD,WMD,2,PD,NO,11/21/13 15:12,43581005,11/26/13 10:27,SM5310B,,00680,"Rippled surface, NE wind 5-10. SECCHI ON BOTTOM",
FLAB17,FLAB,12/16/13,SAMP,MON,SA,G,,0.5,m,100,"CARBON, TOTAL ORGANIC",TORGC,5,,,5,+/- 1.0,1,1,2,1,mg/L,1,N,A,P67403-5,,0,4,,,,,,25.042469,80.914819,WMD,E46077,WMD,WMD,WMD,2,PD,NO,12/17/13 10:57,43582005,12/26/13 10:41,SM5310B,,680,"moderate chop on surface, 0.5ft, SAV clippings floating on surface near sampling area, secchi on bottom",
FLAB17,FLAB,2/18/14,SAMP,MON,SA,G,,0.5,m,100,"CARBON, TOTAL ORGANIC",TORGC,3.7,,,4,+/- 1.0,1,1,2,1,mg/L,1,N,A,P70121-5,,0,2,,,,,,25.042469,80.914819,WMD,E46077,WMD,WMD,WMD,2,PD,NO,2/18/14 15:33,45275005,2/27/14 9:28,SM5310B,,00680,,
FLAB17,FLAB,4/15/14,SAMP,MON,SA,G,,0.5,m,100,"CARBON, TOTAL ORGANIC",TORGC,7.9,,,8,+/- 1.1,1,1,2,1,mg/L,1,N,A,P70122-5,,0,1,,,,,,25.042469,80.914819,WMD,E46077,WMD,WMD,WMD,2,PD,NO,4/15/14 15:40,45276005,4/24/14 9:59,SM5310B,,680,Winds out of the SSE 15 kts. Slight chop. SECCHI ON BOTTOM,
FLAB17,FLAB,6/25/14,SAMP,MON,SA,G,,0.5,m,100,"CARBON, TOTAL ORGANIC",TORGC,5.7,,,6,+/- 1.1,1,1,2,1,mg/L,1,N,A,P71698-5,,0,1,,,,,,25.042469,80.914819,WMD,E46077,WMD,WMD,WMD,2,PD,NO,6/25/14 15:10,46558005,6/30/14 10:20,SM5310B,,00680,"Calm, N wind 5-10. SECCHI ON BOTTOM",
FLAB17,FLAB,8/21/14,SAMP,MON,SA,G,,0.5,m,100,"CARBON, TOTAL ORGANIC",TORGC,4.8,,,5,+/- 1.0,1,1,2,1,mg/L,1,N,A,P72711-5,,0,2,,,,,,25.042469,80.914819,WMD,E46077,WMD,WMD,WMD,2,PD,NO,8/21/14 16:21,46929005,8/28/14 11:39,SM5310B,,680,SECCHI ON BOTTOM,
FLAB17,FLAB,10/28/14,SAMP,MON,SA,G,,0.9,m,100,"CARBON, TOTAL ORGANIC",TORGC,3.3,,,3,+/- 1.0,1,1,2,1,mg/L,1,N,A,P74732-5,,0,1,,,,,,25.042469,80.914819,WMD,E46077,WMD,WMD,WMD,2,PD,NO,10/28/14 16:11,48704005,10/30/14 10:05,SM5310B,,00680,Light wave action. Winds out of the ESE 12-17kts. SECCHI ON BOTTOM,
FLAB17,FLAB,12/9/14,SAMP,MON,SA,G,,0.5,m,100,"CARBON, TOTAL ORGANIC",TORGC,3.9,,,4,+/- 1.0,1,1,2,1,mg/L,1,N,A,P74734-5,,0,4,,,,,,25.042469,80.914819,WMD,E46077,WMD,WMD,WMD,2,PD,NO,12/9/14 16:50,48706005,12/16/14 11:52,SM5310B,,00680,"Winds out of the N, 7-10kts. 0.5ft wave action. SECCHI ON BOTTOM",
FLAB17,FLAB,2/4/15,SAMP,MON,SA,G,,0.5,m,100,"CARBON, TOTAL ORGANIC",TORGC,4.2,,,4.2,+/- 0.86,1,0.8,2,0.8,mg/L,1,N,A,P74733-5,,0,2,,,,,,25.042469,80.914819,WMD,E46077,WMD,WMD,WMD,2,PD,NO,2/4/15 14:25,48705005,2/13/15 12:27,SM5310B,,00680,"NE winds 10kts, light chop, scattered sea grass floating on surface,  SECCHI ON BOTTOM.",
FLAB17,FLAB,4/1/15,SAMP,MON,SA,G,,0.5,m,100,"CARBON, TOTAL ORGANIC",TORGC,4.2,,,4.2,+/- 0.86,1,0.8,2,0.8,mg/L,1,N,A,P74735-5,,0,1,,,,,,25.042469,80.914819,WMD,E46077,WMD,WMD,WMD,2,PD,NO,4/2/15 9:51,48707005,4/8/15 8:53,SM5310B,,680,SOB. Light winds out of the SE 5 kts. Water very clear.,
FLAB17,FLAB,6/2/15,SAMP,MON,SA,G,,0.5,m,100,"CARBON, TOTAL ORGANIC",TORGC,6.8,,,6.8,+/- 0.95,1,0.8,2,0.8,mg/L,1,N,A,P75564-5,,0,4,,,,,,25.042469,80.914819,WMD,E46077,WMD,WMD,WMD,2,PD,NO,6/2/15 15:50,49262005,6/16/15 9:05,SM5310B,,00680,"Incoming tide, light east winds, very overcast. Small amount of loose seagrass on surface. Secchi on bottom.",
FLAB17,FLAB,8/11/15,SAMP,MON,SA,G,,0.5,m,100,"CARBON, TOTAL ORGANIC",TORGC,4.7,,,4.7,+/- 0.87,1,0.8,2,0.8,mg/L,1,N,A,P78616-5,,0,2,,,,,,25.042469,80.914819,WMD,E46077,WMD,WMD,WMD,2,PD,NO,8/12/15 8:03,51802005,8/18/15 12:35,SM5310B,,00680,"Light winds from the South, minor surface chop. Moderate amount of floating loose sea grass. Secchi on bottom. Slack tide.",
FLAB17,FLAB,10/12/15,SAMP,MON,SA,G,,0.5,m,100,"CARBON, TOTAL ORGANIC",TORGC,3,,,3,+/- 0.83,1,0.8,2,0.8,mg/L,1,N,A,P80850-5,,0,2,,,,,,25.042469,80.914819,WMD,E46077,WMD,WMD,WMD,2,PD,NO,10/13/15 8:50,53673005,10/15/15 9:04,SM5310B,,00680,"Slack tide, seas less than 1ft, light west wind, light amount of loose floating vegetation, secchi on bottom.",
FLAB17,FLAB,1/26/16,SAMP,MON,SA,G,,0.5,m,100,"CARBON, TOTAL ORGANIC",TORGC,4.7,,,4.7,+/- 0.87,1,0.8,2,0.8,mg/L,1,N,A,P82417-5,,0,1,,,,,,25.042469,80.914819,WMD,E46077,WMD,WMD,WMD,2,PD,NO,1/26/16 18:05,54966005,1/29/16 9:44,SM5310B,,680,Slight chop on surface. Winds SE 15-20.,
FLAB17,FLAB,2/23/16,SAMP,MON,SA,G,,0.5,m,100,"CARBON, TOTAL ORGANIC",TORGC,5,,,5,+/- 0.88,1,0.8,2,0.8,mg/L,1,N,A,P82933-5,,0,2,,,,,,25.042469,80.914819,WMD,E46077,WMD,WMD,WMD,2,PD,NO,2/23/16 16:54,55401005,2/25/16 11:16,SM5310B,,680,SOB. Winds out of the SSE 7 to 10 kts. Light wave action.,
FLAB17,FLAB,4/6/16,SAMP,MON,SA,G,,0.5,m,100,"CARBON, TOTAL ORGANIC",TORGC,4.3,,,4.3,+/- 0.86,1,0.8,2,0.8,mg/L,1,N,A,P83566-5,,0,3,,,,,,25.042469,80.914819,WMD,E46077,WMD,WMD,WMD,2,PD,NO,4/6/16 16:44,55992005,4/15/16 11:09,SM5310B,,680,SOB. Winds out of the E 15 to 17 kts. Light wave action.,
FLAB17,FLAB,6/29/16,SAMP,MON,SA,G,,0.5,m,100,"CARBON, TOTAL ORGANIC",TORGC,4,,,4,+/- 0.85,1,0.8,2,0.8,mg/L,1,N,A,P84316-8,,0,2,,,,,,25.042469,80.914819,WMD,E46077,WMD,WMD,WMD,2,PD,NO,6/29/16 15:54,56588008,7/5/16 11:30,SM5310B,,00680,"slight ripple, east wind 5-10, some vegetation on surface, secchi on bottom, no flow observed",
FLAB17,FLAB,9/14/16,SAMP,MON,SA,G,,0.5,m,100,"CARBON, TOTAL ORGANIC",TORGC,5.6,,,5.6,+/- 0.90,1,0.8,2,0.8,mg/L,1,N,A,P84637-5,,0,1,,,,,,25.042469,80.914819,WMD,E46077,WMD,WMD,WMD,2,PD,NO,9/14/16 16:16,56879005,9/16/16 12:37,SM5310B,,680,"calm water surface, some floating vegetation on surface, sample collected in a clear area, calm winds, secchi on bottom",
FLAB17,FLAB,11/15/16,SAMP,MON,SA,G,,0.5,m,100,"CARBON, TOTAL ORGANIC",TORGC,4,,,4,+/- 0.85,1,0.8,2,0.8,mg/L,1,N,A,P86135-5,,0,2,,,,,,25.042469,80.914819,WMD,E46077,WMD,WMD,WMD,2,PD,NO,11/15/16 16:36,58227005,12/6/16 9:16,SM5310B,,680,"North winds 10-15kts, moderate chop, light amount of loose sea grass on surface. Secchi on bottom.",
FLAB17,FLAB,12/14/16,SAMP,MON,SA,G,,0.5,m,100,"CARBON, TOTAL ORGANIC",TORGC,4.3,,,4.3,+/- 0.86,1,0.8,2,0.8,mg/L,1,N,A,P86764-5,,0,1,,,,,,25.042469,80.914819,WMD,E46077,WMD,WMD,WMD,2,PD,NO,12/14/16 17:13,58612005,12/20/16 10:24,SM5310B,,680,"calm wind, calm water, some SAV floating on surface in sampling area, secchi on bottom, no current observed",
FLAB17,FLAB,2/9/17,SAMP,MON,SA,G,,0.5,m,100,"CARBON, TOTAL ORGANIC",TORGC,3.4,,,3.4,+/- 0.84,1,0.8,2,0.8,mg/L,1,N,A,P87698-5,,0,1,,,,,,25.042469,80.914819,WMD,E46077,WMD,WMD,WMD,2,PD,NO,2/9/17 18:47,59451005,2/17/17 12:07,SM5310B,,00680,Wind 10 - 15 MPH. Moderate amount of sea grass on the surface. Light chop. Secchi on bottom.,
FLAB17,FLAB,4/24/17,SAMP,MON,SA,G,,0.5,m,100,"CARBON, TOTAL ORGANIC",TORGC,10,,,10,+/- 1.1,1,0.8,2,0.8,mg/L,1,N,A,P87828-5,,0,1,,,,,,25.042469,80.914819,WMD,E46077,WMD,WMD,WMD,2,PD,NO,4/24/17 15:27,59589005,5/2/17 9:11,SM5310B,,680,"seaweed floating on surface of water, light winds",
FLAB17,FLAB,7/26/17,SAMP,MON,SA,G,,0.5,m,100,"CARBON, TOTAL ORGANIC",TORGC,5.3,,,5.3,+/- 0.89,1,0.8,2,0.8,mg/L,1,N,A,P88719-5,,0,0,,,,,,25.042469,80.914819,WMD,E46077,WMD,WMD,WMD,2,PD,NO,7/26/17 16:55,60389005,8/16/17 11:53,SM5310B,,00680,"East winds 10kts, seas less than 1ft, moderate amount of loose grass and seaweed floating on surface, secchi on bottom.",
FLAB17,FLAB,8/22/17,SAMP,MON,SA,G,,0.5,m,100,"CARBON, TOTAL ORGANIC",TORGC,4.9,,,4.9,+/- 0.88,1,0.8,2,0.8,mg/L,1,N,A,P89177-5,,0,0,,,,,,25.042469,80.914819,WMD,E46077,WMD,WMD,WMD,2,PD,NO,8/22/17 15:45,60817005,8/25/17 10:10,SM5310B,,00680,"Light winds, seas less than 1 ft, light amount of loose sea grass and sargassum floating on surface. Secchi on bottom.",
FLAB17,FLAB,10/16/17,SAMP,MON,SA,G,,0.5,m,100,"CARBON, TOTAL ORGANIC",TORGC,10.1,,,10.1,+/- 1.1,1,0.8,2,0.8,mg/L,1,N,A,P90590-5,,0,0,,,,,,25.042469,80.914819,WMD,E46077,WMD,WMD,WMD,2,PD,NO,10/16/17 17:31,62122005,10/19/17 10:16,SM5310B,,00680,"Sample area clear.  Water was a little cloudy, but bottom still visible.  Secchi on bottom.  Sample collected by NH.",
FLAB17,FLAB,12/19/17,SAMP,MON,SA,G,,0.5,m,100,"CARBON, TOTAL ORGANIC",TORGC,4.6,,,4.6,+/- 0.87,1,0.8,2,0.8,mg/L,1,N,A,P91157-5,,0,0,,,,,,25.042469,80.914819,WMD,E46077,WMD,WMD,WMD,2,PD,NO,12/19/17 19:25,62573005,1/10/18 10:13,SM5310B,,680,Secchi is VOB,
FLAB17,FLAB,2/15/18,SAMP,MON,SA,G,,0.5,m,100,"CARBON, TOTAL ORGANIC",TORGC,7.3,,,7.3,+/- 0.97,1,0.8,2,0.8,mg/L,1,N,A,P92110-5,,0,0,,,,,,25.042469,80.914819,WMD,E46077,WMD,WMD,WMD,2,PD,NO,2/15/18 22:01,63446005,2/22/18 9:07,SM5310B,,680,,
FLAB17,FLAB,4/12/18,SAMP,MON,SA,G,,0.5,m,100,"CARBON, TOTAL ORGANIC",TORGC,5.2,,,5.2,+/- 0.89,1,0.8,2,0.8,mg/L,1,N,A,P92870-5,,0,0,,,,,,25.042469,80.914819,WMD,E46077,WMD,WMD,WMD,2,PD,NO,4/13/18 7:36,64062005,4/26/18 9:32,SM5310B,,00680,Out going tide observed.,
FLAB17,FLAB,6/12/18,SAMP,MON,SA,G,,0.5,m,100,"CARBON, TOTAL ORGANIC",TORGC,4.6,,,4.6,+/- 0.87,1,0.8,2,0.8,mg/L,1,N,A,P93692-5,,0,0,,,,,,25.042469,80.914819,WMD,E46077,WMD,WMD,WMD,2,PD,NO,6/12/18 17:52,64893005,6/20/18 14:54,SM5310B,,00680,SOB.,
FLAB17,FLAB,8/9/18,SAMP,MON,SA,G,,0.5,m,100,"CARBON, TOTAL ORGANIC",TORGC,5.5,,,5.5,+/- 0.90,1,0.8,2,0.8,mg/L,1,N,A,P94933-5,,0,0,,,,,,25.042469,80.914819,WMD,E46077,WMD,WMD,WMD,2,PD,NO,8/10/18 6:52,65965005,8/17/18 11:06,SM5310B,,00680,Secchi on bottom. Lots of dead veg floating in water. Avoided during collection.,
FLAB17,FLAB,10/22/18,SAMP,MON,SA,G,,0.5,m,100,"CARBON, TOTAL ORGANIC",TORGC,15.4,,,15.4,+/- 1.4,1,0.8,2,0.8,mg/L,1,N,A,P95253-5,,0,0,,,,,,25.042469,80.914819,WMD,E46077,WMD,WMD,WMD,2,PD,NO,10/23/18 8:12,66265005,10/25/18 10:26,SM5310B,,680,Sample area clear.  Non-Visible solids.  Sample collected by EW.,
FLAB17,FLAB,12/17/18,SAMP,MON,SA,G,,0.5,m,100,"CARBON, TOTAL ORGANIC",TORGC,5.2,,,5.2,+/- 0.89,1,0.8,2,0.8,mg/L,1,N,A,P96720-9,,0,0,,,,,,25.042469,80.914819,WMD,E46077,WMD,WMD,WMD,2,BA,NO,12/18/18 8:19,67436009,1/9/19 4:08,SM5310B,,00680,,
FLAB17,FLAB,2/18/19,SAMP,MON,SA,G,,0.5,m,100,"CARBON, TOTAL ORGANIC",TORGC,4.6,,,4.6,+/- 0.87,1,0.8,2,0.8,mg/L,1,N,A,P103094-6,,0,0,,,,,,25.042469,80.914819,WMD,E46077,WMD,WMD,WMD,2,BA,NO,2/19/19 9:40,69909006,2/27/19 1:42,SM5310B,,680,Sample area clear.  Secchi Depth was 0.5m.  Light solids in sample.  Sample collected by EW.,
FLAB17,FLAB,4/3/19,SAMP,MON,SA,G,,0.5,m,100,"CARBON, TOTAL ORGANIC",TORGC,5,,,5,+/- 0.88,1,0.8,2,0.8,mg/L,1,N,A,P103838-6,,0,0,,,,,,25.042469,80.914819,WMD,E46077,WMD,WMD,WMD,2,BA,NO,4/3/19 15:29,70216006,4/18/19 11:15,SM5310B,,680,Secchi on bottom,
FLAB17,FLAB,7/15/19,SAMP,MON,SA,G,,0.5,m,100,"CARBON, TOTAL ORGANIC",TORGC,4.1,,,4.1,+/- 0.86,1,0.8,2,0.8,mg/L,1,N,A,P106399-6,,0,0,,,,,,25.042469,80.914819,WMD,E46077,WMD,WMD,WMD,2,BA,NO,7/15/19 16:09,71313006,7/20/19 9:34,SM5310B,,00680,,
FLAB17,FLAB,8/12/19,SAMP,MON,SA,G,,0.5,m,100,"CARBON, TOTAL ORGANIC",TORGC,3.4,,,3.4,+/- 0.84,1,0.8,2,0.8,mg/L,1,N,A,P109218-6,,0,0,,,,,,25.042469,80.914819,WMD,E46077,WMD,WMD,WMD,2,BA,NO,8/13/19 9:55,72387006,8/21/19 23:29,SM5310B,,00680,,
FLAB17,FLAB,10/9/19,SAMP,MON,SA,G,,0.5,m,100,"CARBON, TOTAL ORGANIC",TORGC,5.7,,,5.7,+/- 0.91,1,0.8,2,0.8,mg/L,1,N,A,P109906-6,,0,0,,,,,,25.042469,80.914819,WMD,E46077,WMD,WMD,WMD,2,BA,NO,10/10/19 10:16,72728006,10/17/19 19:04,SM5310B,,680,,
FLAB17,FLAB,1/28/20,SAMP,MON,SA,G,,0.5,m,100,"CARBON, TOTAL ORGANIC",TORGC,4.3,,,4.3,+/- 0.86,1,0.8,2,0.8,mg/L,1,N,A,P110695-6,,0,0,,,,,,25.042469,80.914819,WMD,E46077,WMD,WMD,WMD,2,BA,NO,1/28/20 16:21,73093006,2/13/20 15:07,SM5310B,,00680,,
FLAB17,FLAB,2/5/20,SAMP,MON,SA,G,,0.5,m,100,"CARBON, TOTAL ORGANIC",TORGC,4.4,,,4.4,+/- 0.86,1,0.8,2,0.8,mg/L,1,N,A,P110717-6,,0,0,,,,,,25.042469,80.914819,WMD,E46077,WMD,WMD,WMD,2,BA,NO,2/6/20 11:55,73112006,2/26/20 17:12,SM5310B,,680,Secchi on bottom.,
FLAB17,FLAB,4/7/20,SAMP,MON,SA,G,,0.5,m,100,"CARBON, TOTAL ORGANIC",TORGC,4.8,,,4.8,+/- 0.88,1,0.8,2,0.8,mg/L,1,N,A,P110711-6,,0,0,,,,,,25.042469,80.914819,WMD,E46077,WMD,WMD,WMD,2,BA,NO,4/7/20 16:09,73106006,4/11/20 13:30,SM5310B,,00680,Sample area clear.  Solids were Non Visible.  Secchi on bottom.  Sample collected by EW.,
FLAB17,FLAB,6/17/20,SAMP,MON,SA,G,,0.5,m,100,"CARBON, TOTAL ORGANIC",TORGC,6.3,,,6.3,+/- 0.93,1,0.8,2,0.8,mg/L,1,N,A,P110907-6,,0,0,,,,,,25.042469,80.914819,WMD,E46077,WMD,WMD,WMD,2,BA,NO,6/17/20 15:56,73193006,7/9/20 6:40,SM5310B,,00680,Secchi on bottom,
FLAB17,FLAB,8/18/20,SAMP,MON,SA,G,,0.5,m,100,"CARBON, TOTAL ORGANIC",TORGC,5.2,,,5.2,+/- 0.89,1,0.8,2,0.8,mg/L,1,N,A,P111061-6,,0,0,,,,,,25.042469,80.914819,WMD,E46077,WMD,WMD,WMD,2,BA,NO,8/18/20 15:40,73276006,9/10/20 3:26,SM5310B,,00680,Vegetative debris present on surface of water.,
FLAB17,FLAB,10/13/20,SAMP,MON,SA,G,,0.5,m,100,"CARBON, TOTAL ORGANIC",TORGC,14.4,,,14.4,+/- 1.3,1,0.8,2,0.8,mg/L,1,N,A,P118764-6,,0,0,,,,,,25.042469,80.914819,WMD,E46077,WMD,WMD,WMD,2,BA,NO,10/14/20 8:55,76830006,10/17/20 1:22,SM5310B,,00680,Filtration difficult at this location. Notable algae bloom with very fine particulates.,
FLAB17,FLAB,2/9/21,SAMP,MON,SA,G,,0.5,m,100,"CARBON, TOTAL ORGANIC",TORGC,4.5,,,4.5,+/- 0.87,1,0.8,2,0.8,mg/L,1,N,A,P120349-6,,0,0,,,,,,25.042469,80.914819,WMD,E46077,WMD,WMD,WMD,2,BA,NO,2/10/21 8:11,77554006,2/25/21 17:14,SM5310B,,00680,Secchi on bottom.,
FLAB17,FLAB,3/24/21,SAMP,MON,SA,G,,0.5,m,100,"CARBON, TOTAL ORGANIC",TORGC,3.8,,,3.8,+/- 0.85,1,0.8,2,0.8,mg/L,1,N,A,P122509-6,,0,0,,,,,,25.042469,80.914819,WMD,E46077,WMD,WMD,WMD,2,BA,NO,3/25/21 6:59,78497006,4/9/21 20:43,SM5310B,,00680,secchi on bottom,
FLAB17,FLAB,6/7/21,SAMP,MON,SA,G,,0.5,m,100,"CARBON, TOTAL ORGANIC",TORGC,9.5,,,9.5,+/- 1.1,1,0.8,2,0.8,mg/L,1,N,A,P121640-6,,0,0,,,,,,25.042469,80.914819,WMD,E46077,WMD,WMD,WMD,2,BA,NO,6/7/21 16:26,78140006,6/12/21 8:49,SM5310B,,00680,Secchi on bottom,
FLAB17,FLAB,8/5/21,SAMP,MON,SA,G,,0.5,m,100,"CARBON, TOTAL ORGANIC",TORGC,4.4,,,4.4,+/- 0.86,1,0.8,2,0.8,mg/L,1,N,A,P123926-6,,0,0,,,,,,25.042469,80.914819,WMD,E46077,WMD,WMD,WMD,2,BA,NO,8/5/21 15:12,79169006,8/23/21 19:11,SM5310B,,00680,Secchi on bottom,
FLAB17,FLAB,10/20/21,SAMP,MON,SA,G,,0.5,m,100,"CARBON, TOTAL ORGANIC",TORGC,3.9,,,3.9,+/- 0.85,1,0.8,2,0.8,mg/L,1,N,A,P125707-6,,0,0,,,,,,25.042469,80.914819,WMD,E46077,WMD,WMD,WMD,2,BA,NO,10/21/21 8:34,79970006,10/25/21 20:17,SM5310B,,00680,Secchi on bottom.,
FLAB17,FLAB,12/15/21,SAMP,MON,SA,G,,0.5,m,100,"CARBON, TOTAL ORGANIC",TORGC,5.4,,,5.4,+/- 0.90,1,0.8,2,0.8,mg/L,1,N,A,P129834-6,,0,0,,,,,,25.042469,80.914819,WMD,E46077,WMD,WMD,WMD,2,BA,NO,12/16/21 8:25,81789006,12/16/21 22:45,SM5310B,,680,,
FLAB17,FLAB,1/27/22,SAMP,MON,SA,G,,0.5,m,100,"CARBON, TOTAL ORGANIC",TORGC,3.7,,,3.7,+/- 0.85,1,0.8,2,0.8,mg/L,1,N,A,P129835-6,,0,0,,,,,,25.042469,80.914819,WMD,E46077,WMD,WMD,WMD,2,BA,NO,1/27/22 15:46,81790006,2/3/22 3:27,SM5310B,,00680,Secchi on bottom,
FLAB17,FLAB,4/12/22,SAMP,MON,SA,G,,0.5,m,100,"CARBON, TOTAL ORGANIC",TORGC,6.6,,,6.6,+/- 0.94,1,0.8,2,0.8,mg/L,1,N,A,P132792-6,,0,0,,,,,,25.042469,80.914819,WMD,E46077,WMD,WMD,WMD,2,BA,NO,4/13/22 8:06,83111006,4/18/22 23:09,SM5310B,,00680,Secchi on bottom,
FLAB17,FLAB,6/27/22,SAMP,MON,SA,G,,0.5,m,100,"CARBON, TOTAL ORGANIC",TORGC,5.1,,,5.1,+/- 0.89,1,0.8,2,0.8,mg/L,1,N,A,P134130-6,,0,0,,,,,,25.042469,80.914819,WMD,E46077,WMD,WMD,WMD,2,BA,NO,6/28/22 8:30,83719006,7/6/22 1:42,SM5310B,,00680,Secchi on bottom,
FLAB17,FLAB,7/11/22,SAMP,MON,SA,G,,0.5,m,100,"CARBON, TOTAL ORGANIC",TORGC,6.8,G,yes,6.8,+/- 0.95,1,0.8,2,0.8,mg/L,1,N,A,P135169-6,,0,0,,,,,,25.042469,80.914819,WMD,E46077,WMD,WMD,WMD,2,BA,NO,7/12/22 8:09,84232006,7/15/22 5:33,SM5310B,,680,Secchi on bottom.,"Analyte was detected at or above the method detection limit in both the sample and the associated field blank, equipment blank, or trip blank, and the blank value was greater than 10% of the associated sample value"
FLAB17,FLAB,9/21/22,SAMP,MON,SA,G,,0.5,m,100,"CARBON, TOTAL ORGANIC",TORGC,4.8,G,yes,4.8,+/- 0.88,1,0.8,2,0.8,mg/L,1,N,A,P136493-6,,0,0,,,,,,25.042469,80.914819,WMD,E46077,WMD,WMD,WMD,2,BA,NO,9/22/22 8:07,84868006,10/7/22 4:18,SM5310B,,680,"Secchi on bottom. Vegetative debris present in water column, avoided during sampling.","Analyte was detected at or above the method detection limit in both the sample and the associated field blank, equipment blank, or trip blank, and the blank value was greater than 10% of the associated sample value"
FLAB17,FLAB,1/19/23,SAMP,MON,SA,G,,0.5,m,100,"CARBON, TOTAL ORGANIC",TORGC,4.6,,,4.6,+/- 0.87,1,0.8,2,0.8,mg/L,1,N,A,P139466-6,,0,0,,,,,,25.042469,80.914819,WMD,E46077,WMD,WMD,WMD,2,BA,NO,1/20/23 8:12,86301006,2/1/23 13:20,SM5310B,,00680,Secchi on bottom,
FLAB17,FLAB,3/6/23,SAMP,MON,SA,G,,0.5,m,100,"CARBON, TOTAL ORGANIC",TORGC,4.9,,,4.9,+/- 0.88,1,0.8,2,0.8,mg/L,1,N,A,P141267-6,,0,0,,,,,,25.042469,80.914819,WMD,E46077,WMD,WMD,WMD,2,BA,NO,3/7/23 8:44,87044006,3/10/23 7:55,SM5310B,,00680,SOB.,
FLAB17,FLAB,5/16/23,SAMP,MON,SA,G,,0.5,m,100,"CARBON, TOTAL ORGANIC",TORGC,5.5,,,5.5,+/- 0.90,1,0.8,2,0.8,mg/L,1,N,A,P143738-6,,0,0,,,,,,25.042469,80.914819,WMD,E46077,WMD,WMD,WMD,2,BA,NO,5/16/23 15:24,87932006,5/24/23 19:55,SM5310B,,00680,Secchi on bottom,
FLAB17,FLAB,7/17/23,SAMP,MON,SA,G,,0.5,m,100,"CARBON, TOTAL ORGANIC",TORGC,4.3,,,4.3,+/- 0.86,1,0.8,2,0.8,mg/L,1,N,A,P144701-6,,0,0,,,,,,25.042469,80.914819,WMD,E46077,WMD,WMD,WMD,2,BA,NO,7/18/23 8:37,88406006,7/20/23 11:26,SM5310B,,680,secchi on bottom,
FLAB17,FLAB,9/26/23,SAMP,MON,SA,G,,0.5,m,100,"CARBON, TOTAL ORGANIC",TORGC,5.1,,,5.1,+/- 0.89,1,0.8,2,0.8,mg/L,1,N,A,P146059-6,,0,0,,,,,,25.042469,80.914819,WMD,E46077,WMD,WMD,WMD,2,BA,NO,9/28/23 7:49,89095006,10/4/23 18:02,SM5310B,,680,secchi on bottom,
FLAB17,FLAB,11/27/23,SAMP,MON,SA,G,,0.5,m,100,"CARBON, TOTAL ORGANIC",TORGC,6,,,6,+/- 0.92,1,0.8,2,0.8,mg/L,1,N,A,P146060-6,,0,0,,,,,,25.042469,80.914819,WMD,E46077,WMD,WMD,WMD,2,BA,NO,11/28/23 8:48,89096006,12/1/23 22:54,SM5310B,,00680,Secchi on bottom.,
FLAB17,FLAB,2/21/24,SAMP,MON,SA,G,,0.5,m,100,"CARBON, TOTAL ORGANIC",TORGC,5,,,5,+/- 0.88,1,0.8,2,0.8,mg/L,1,N,A,P148340-6,,0,0,,,,,,25.042469,80.914819,WMD,E46077,WMD,WMD,WMD,2,BA,NO,2/22/24 8:09,90200006,3/1/24 12:22,SM 5310 B-2014,,680,Secchi on bottom.,
FLAB17,FLAB,4/18/24,SAMP,MON,SA,G,,0.5,m,100,"CARBON, TOTAL ORGANIC",TORGC,10.3,,,10.3,+/- 1.1,1,0.8,2,0.8,mg/L,1,N,A,P149303-6,,0,0,,,,,,25.042469,80.914819,WMD,E46077,WMD,WMD,WMD,2,BA,NO,4/19/24 8:21,90666006,4/26/24 7:02,SM 5310 B-2014,,00680,secchi on bottom,
FLAB17,FLAB,7/31/24,SAMP,MON,SA,G,,0.5,m,100,"CARBON, TOTAL ORGANIC",TORGC,7.8,,,7.8,+/- 0.99,1,0.8,2,0.8,mg/L,1,N,A,P152197-6,,0,0,,,,,,25.042469,80.914819,WMD,E46077,WMD,WMD,WMD,2,BA,NO,8/1/24 8:01,92110006,8/8/24 2:41,SM 5310 B-2014,,00680,SOB.,
FLAB17,FLAB,9/30/24,SAMP,MON,SA,G,,0.5,m,100,"CARBON, TOTAL ORGANIC",TORGC,8.5,,,8.5,+/- 1.0,1,0.8,2,0.8,mg/L,1,N,A,P153173-6,,0,0,,,,,,25.042469,80.914819,WMD,E46077,WMD,WMD,WMD,2,BA,NO,10/1/24 8:31,92601006,10/14/24 21:58,SM 5310 B-2014,,00680,Secchi on bottom.,
FLAB17,FLAB,11/19/24,SAMP,MON,SA,G,,0.5,m,100,"CARBON, TOTAL ORGANIC",TORGC,10,,,10,+/- 1.1,1,0.8,2,0.8,mg/L,1,N,A,P154026-6,,0,0,,,,,,25.042469,80.914819,WMD,E46077,WMD,WMD,WMD,2,BA,NO,11/20/24 8:23,93034006,11/26/24 10:08,SM 5310 B-2014,,00680,,
FLAB17,FLAB,2/13/25,SAMP,MON,SA,G,,0.5,m,100,"CARBON, TOTAL ORGANIC",TORGC,6,,,6,+/- 0.92,1,0.8,2,0.8,mg/L,1,N,A,P155967-6,,0,0,,,,,,25.042469,80.914819,WMD,E46077,WMD,WMD,WMD,2,BA,NO,2/14/25 8:47,93979006,2/20/25 2:54,SM 5310 B-2014,,00680,Secchi on bottom.,
FLAB17,FLAB,3/25/25,SAMP,MON,SA,G,,0.5,m,100,"CARBON, TOTAL ORGANIC",TORGC,5,,,5,+/- 0.88,1,0.8,2,0.8,mg/L,1,N,A,P157082-6,,0,0,,,,,,25.042469,80.914819,WMD,E46077,WMD,WMD,WMD,2,BA,NO,3/26/25 8:54,94540006,4/9/25 4:07,SM 5310 B-2014,,00680,Secchi on bottom.,
FLAB17,FLAB,5/7/25,SAMP,MON,SA,G,,0.5,m,100,"CARBON, TOTAL ORGANIC",TORGC,9.6,,,9.6,+/- 1.1,1,0.8,2,0.8,mg/L,1,N,A,P158026-3,,0,0,,,,,,25.042469,80.914819,WMD,E46077,WMD,WMD,WMD,2,BA,NO,5/8/25 8:31,95009003,5/13/25 20:44,SM 5310 B-2014,,00680,Secchi on bottom,
FLAB17,FLAB,7/10/25,SAMP,MON,SA,G,,0.5,m,100,"CARBON, TOTAL ORGANIC",TORGC,8.5,,,8.5,+/- 1.0,1,0.8,2,0.8,mg/L,1,N,A,P159507-3,,0,0,,,,,,25.042469,80.914819,WMD,E46077,WMD,WMD,WMD,2,BA,NO,7/11/25 9:57,95742003,7/23/25 9:12,SM 5310 B-2014,,00680,Secchi visible on bottom,
FLAB17,FLAB,9/9/25,SAMP,MON,SA,G,,0.5,m,100,"CARBON, TOTAL ORGANIC",TORGC,4.2,,,4.2,,1,0.8,2,0.8,mg/L,,N,P,P160871-3,,0,0,,,1.7,,,25.042469,-80.914819,,E46077,WMD,,,,BA,,9/10/25 8:53,96441003,9/15/25 16:06,SM 5310 B-2014,,00680,secchi on bottom. sea grass on water surface avoided during sample collection,
FLAB17,FLAB,10/6/10,SAMP,MON,SA,G,,0.5,m,179,CHLOROPHYLL-A(LC),CHLCA,1.5,,,1.5,,0.0222,0.067,0.266,0.067,ug/L,1,N,A,P49626-8,,1,1,,,,,,25.042469,80.914819,FWEC,E46077,WMD,WMD,WMD,2,BA,NO,10/7/10 10:30,24781008,11/8/10 14:25,EPA 447.0,,98011,Sample is pale yellow with low suspended solids present. Low flow with chop up to 2 feet with swells up to 2.5 feet and very strong gusty winds from the north north east at 12 to 25 mph with gusts to 30 mph. SECCHI ON BOTTOM.,
FLAB17,FLAB,11/4/10,SAMP,MON,SA,G,,0.5,m,179,CHLOROPHYLL-A(LC),CHLCA,0.2,"I,Q",yes,0.2,,0.0222,0.067,0.266,0.067,ug/L,1,N,A,P50068-8,,1,2,,,,,,25.042469,80.914819,FWEC,E46077,WMD,WMD,WMD,2,BA,NO,11/5/10 8:08,25356008,12/7/10 18:30,EPA 447.0,,98011,Sample is pale yellow with no visible suspended solids present. Low flow with chop up to 6 inches with variable winds from the southwest at 4 to 8 mph. SECCHI ON BOTTOM.,Analysis done after the approved holding time
FLAB17,FLAB,12/8/10,SAMP,MON,SA,G,,0.5,m,179,CHLOROPHYLL-A(LC),CHLCA,0.3,,,0.3,,0.0222,0.067,0.266,0.067,ug/L,1,N,A,P50472-8,,1,1,,,,,,25.042469,80.914819,FWEC,E46077,WMD,WMD,WMD,2,BA,NO,12/9/10 9:57,25853008,12/29/10 15:07,EPA 447.0,,98011,Sample is pale green with low suspended solids present. Low flow with chop and swell up to 1.5 feet with constant winds from the north north west at 7 to 8 mph. Very cold air temp with clear sunny skies. SECCHI ON BOTTOM.,
FLAB17,FLAB,2/16/11,SAMP,MON,SA,G,,0.5,m,179,CHLOROPHYLL-A(LC),CHLCA,0.2,I,,0.2,,0.0222,0.067,0.266,0.067,ug/L,1,N,A,P50935-8,,0,2,,,,,,25.042469,80.914819,WMD,E46077,WMD,WMD,WMD,2,BA,NO,2/17/11 10:03,26502008,3/2/11 21:04,EPA 447.0,,98011,,
FLAB17,FLAB,3/22/11,SAMP,MON,SA,G,,0.5,m,179,CHLOROPHYLL-A(LC),CHLCA,0.1,I,,0.1,,0.0222,0.067,0.266,0.067,ug/L,1,N,A,P51525-8,,1,1,,,,,,25.042469,80.914819,FWEC,E46077,WMD,WMD,WMD,2,BA,NO,3/23/11 10:39,27308008,4/6/11 0:46,EPA 447.0,,98011,Sample is pale green with low suspended solids present. Low flow with chop up to 1.5 feet and variable  east winds at 8 to 13 mph. SECCHI ON BOTTOM,
FLAB17,FLAB,4/12/11,SAMP,MON,SA,G,,0.5,m,179,CHLOROPHYLL-A(LC),CHLCA,0.4,,,0.4,,0.0222,0.067,0.266,0.067,ug/L,1,N,A,P52303-8,,1,2,,,,,,25.042469,80.914819,FWEC,E46077,WMD,WMD,WMD,2,BA,NO,4/13/11 11:39,28413008,4/22/11 18:47,EPA 447.0,,98011,"Sample light green, low flow, wind 5-10mph SE,  SECCHI ON BOTTOM.",
FLAB17,FLAB,5/10/11,SAMP,MON,SA,G,,0.5,m,179,CHLOROPHYLL-A(LC),CHLCA,0.191,I,,0.191,,1,0.067,0.267,0.067,ug/L,1,N,A,P52304-8,,1,1,,,,,,25.042469,80.914819,FWEC,E46077,WMD,WMD,WMD,2,BA,NO,5/11/11 10:10,28414008,5/26/11 14:45,EPA 447.0,,98011,"Sample pale green.  Low flow.  Calm water, no chop.  Wind 3-5mph.   SECCHI ON BOTTOM.",
FLAB17,FLAB,6/8/11,SAMP,MON,SA,G,,0.5,m,179,CHLOROPHYLL-A(LC),CHLCA,0.349,,,0.349,,1,0.067,0.267,0.067,ug/L,1,N,A,P52305-8,,1,3,,,,,,25.042469,80.914819,FWEC,E46077,WMD,WMD,WMD,2,BA,NO,6/9/11 9:58,28415008,6/23/11 17:31,EPA 447.0,,98011,WARNING: Time exceeds +/- 1 Hour(s).,
FLAB17,FLAB,7/6/11,SAMP,MON,SA,G,,0.5,m,179,CHLOROPHYLL-A(LC),CHLCA,0.98,,,0.98,,1,0.067,0.267,0.067,ug/L,1,N,A,P52306-8,,1,6,,,,,,25.042469,80.914819,FWEC,E46077,WMD,WMD,WMD,2,BA,NO,7/7/11 10:24,28416008,7/20/11 12:49,EPA 447.0,,98011,Sample is pale green with low suspended solids. Low flow with light chop up to 12 inches and winds from the north at 8 to 15 mph with rain and very overcast. SECCHI ON BOTTOM.,
FLAB17,FLAB,8/9/11,SAMP,MON,SA,G,,0.5,m,179,CHLOROPHYLL-A(LC),CHLCA,0.629,,,0.629,,1,0.067,0.267,0.067,ug/L,1,N,A,P53437-7,,1,3,,,,,,25.042469,80.914819,FWEC,E46077,WMD,WMD,WMD,2,BA,NO,8/10/11 10:17,29868007,8/30/11 15:21,EPA 447.0,,98011,Sample is clear with no visible solids present. Low to moderate flow with chop up to 1.5 feet and 5 to 8 mph winds from the southwest. SECCHI ON BOTTOM,
FLAB17,FLAB,9/7/11,SAMP,MON,SA,G,,0.5,m,179,CHLOROPHYLL-A(LC),CHLCA,0.367,,,0.367,,1,0.067,0.267,0.067,ug/L,1,N,A,P53438-7,,0,1,,,,,,25.042469,80.914819,FWEC,E46077,WMD,WMD,WMD,2,BA,NO,9/8/11 10:29,29869007,9/21/11 18:37,EPA 447.0,,98011,Sample is pale green with no visible suspended solids present. Low current with light chop up to 6 inches and variable winds from the south south east at 6 to 10 mph. SECCHI ON BOTTOM.,
FLAB17,FLAB,10/11/11,SAMP,MON,SA,G,,0.5,m,179,CHLOROPHYLL-A(LC),CHLCA,0.571,,,0.571,,1,0.067,0.267,0.067,ug/L,1,N,A,P53439-7,,0,2,,,,,,25.042469,80.914819,WMD,E46077,WMD,WMD,WMD,2,BA,NO,10/12/11 10:23,29870007,10/31/11 18:32,EPA 447.0,,98011,"Wind and seas calm, flood tide,  SECCHI ON BOTTOM.",
FLAB17,FLAB,12/13/11,SAMP,MON,SA,G,,0.5,m,179,CHLOROPHYLL-A(LC),CHLCA,0.218,I,,0.218,,1,0.067,0.267,0.067,ug/L,1,N,A,P54066-5,,0,3,,,,,,25.042469,80.914819,WMD,E46077,WMD,WMD,WMD,2,BA,NO,12/14/11 10:48,30605005,12/28/11 13:23,EPA 447.0,,98011,"Wind N 18-20, seas 1 ft,  SECCHI ON BOTTOM, slack tide",
FLAB17,FLAB,2/7/12,SAMP,MON,SA,G,,0.5,m,179,CHLOROPHYLL-A(LC),CHLCA,0.191,I,,0.191,,1,0.067,0.267,0.067,ug/L,1,N,A,P55307-5,,0,3,,,,,,25.042469,80.914819,WMD,E46077,WMD,WMD,WMD,2,BA,NO,2/8/12 11:46,32255005,2/24/12 15:32,EPA 447.0,,98011,"Wind and seas calm, ebb tide,  SECCHI ON BOTTOM.",
FLAB17,FLAB,4/11/12,SAMP,MON,SA,G,,0.5,m,179,CHLOROPHYLL-A(LC),CHLCA,0.067,U,,-0.067,,1,0.067,0.267,0.067,ug/L,1,Y,A,P55314-5,,0,2,,,,,,25.042469,80.914819,WMD,E46077,WMD,WMD,WMD,2,BA,NO,4/12/12 10:52,32262005,5/2/12 12:10,EPA 447.0,,98011,"Wind and seas calm, ebb tide,  SECCHI ON BOTTOM.",
FLAB17,FLAB,6/6/12,SAMP,MON,SA,G,,0.5,m,179,CHLOROPHYLL-A(LC),CHLCA,0.353,,,0.353,,1,0.067,0.267,0.067,ug/L,1,N,A,P55930-5,,0,4,,,,,,25.042469,80.914819,WMD,E46077,WMD,WMD,WMD,2,BA,NO,6/6/12 16:39,33113005,6/18/12 18:20,EPA 447.0,,98011,"SECCHI ON BOTTOM. Light winds, less than 5kts out of the S. Light chop on the water.",
FLAB17,FLAB,8/20/12,SAMP,MON,SA,G,,0.5,m,179,CHLOROPHYLL-A(LC),CHLCA,0.66,,,0.66,+/- 0.079,1,0.067,0.267,0.067,ug/L,1,N,A,P56206-5,,0,2,,,,,,25.042469,80.914819,WMD,E46077,WMD,WMD,WMD,2,PD,NO,8/21/12 9:01,33465005,8/30/12 13:50,EPA 447.0,,98011,Calm conditions with almost no breeze.  Slack tide.  Flat calm conditions.   SECCHI ON BOTTOM.  Good amount of dead grass floating on surface.,
FLAB17,FLAB,10/15/12,SAMP,MON,SA,G,,0.5,m,179,CHLOROPHYLL-A(LC),CHLCA,0.453,,,0.453,+/- 0.073,1,0.067,0.267,0.067,ug/L,1,N,A,P56210-5,,0,2,,,,,,25.042469,80.914819,WMD,E46077,WMD,WMD,WMD,2,BA,NO,10/16/12 7:44,33469005,11/5/12 15:45,EPA 447.0,,98011,Calm conditions.  Slight flood tide.   SECCHI ON BOTTOM.,
FLAB17,FLAB,12/13/12,SAMP,MON,SA,G,,0.5,m,179,CHLOROPHYLL-A(LC),CHLCA,0.347,,,0.347,,1,0.067,0.267,0.067,ug/L,1,N,A,P56855-5,,0,1,,,,,,25.042469,80.914819,WMD,E46077,WMD,WMD,WMD,2,BA,NO,12/13/12 15:05,34310005,12/26/12 18:30,EPA 447.0,,98011,"Calm wind, calm seas, very low current.   SECCHI ON BOTTOM.",
FLAB17,FLAB,2/12/13,SAMP,MON,SA,G,,0.5,m,179,CHLOROPHYLL-A(LC),CHLCA,0.204,I,,0.204,+/- 0.068,1,0.067,0.267,0.067,ug/L,1,N,A,P61815-8,,0,1,,,,,,25.042469,80.914819,WMD,E46077,WMD,WMD,WMD,2,PD,NO,2/12/13 16:39,39394008,3/7/13 18:53,EPA 447.0,,98011,SECCHI ON BOTTOM. S wind approx 10 kt. Light chop on surface. Weak current.,
FLAB17,FLAB,4/22/13,SAMP,MON,SA,G,,0.5,m,179,CHLOROPHYLL-A(LC),CHLCA,1.11,,,1.11,+/- 0.096,1,0.067,0.267,0.067,ug/L,1,N,A,P61816-8,,0,4,,,,,,25.042469,80.914819,WMD,E46077,WMD,WMD,WMD,2,PD,NO,4/23/13 10:11,39395008,4/24/13 17:11,EPA 447.0,,98011,"SE winds 10-15 kts, seas less than 1 ft. SECCHI ON BOTTOM",
FLAB17,FLAB,6/11/13,SAMP,MON,SA,G,,0.5,m,179,CHLOROPHYLL-A(LC),CHLCA,0.733,,,0.733,+/- 0.081,1,0.067,0.267,0.067,ug/L,1,N,A,P63878-8,,0,6,,,,,,25.042469,80.914819,WMD,E46077,WMD,WMD,WMD,2,PD,NO,6/11/13 16:12,40693008,6/13/13 21:05,EPA 447.0,,98011,"rain, sample processed in protected area, southeast winds 5-10, slight ripple, secchi on bottom",
FLAB17,FLAB,8/6/13,SAMP,MON,SA,G,,0.5,m,179,CHLOROPHYLL-A(LC),CHLCA,0.687,,,0.687,+/- 0.079,1,0.067,0.267,0.067,ug/L,1,N,A,P63879-8,,0,3,,,,,,25.042469,80.914819,WMD,E46077,WMD,WMD,WMD,2,PD,NO,8/6/13 16:02,40694008,8/13/13 16:19,EPA 447.0,,98011,SECCHI ON BOTTOM. Nearly calm wind. Ripples on surface. No current observed. Patches of grass on surface.,
FLAB17,FLAB,11/21/13,SAMP,MON,SA,G,,0.5,m,179,CHLOROPHYLL-A(LC),CHLCA,4,,,4,+/- 0.257,1,0.067,0.267,0.067,ug/L,1,N,A,P67402-5,,0,2,,,,,,25.042469,80.914819,WMD,E46077,WMD,WMD,WMD,2,PD,NO,11/21/13 15:12,43581005,11/27/13 2:37,EPA 447.0,,98011,"Rippled surface, NE wind 5-10. SECCHI ON BOTTOM",
FLAB17,FLAB,12/16/13,SAMP,MON,SA,G,,0.5,m,179,CHLOROPHYLL-A(LC),CHLCA,0.436,,,0.436,+/- 0.072,1,0.067,0.267,0.067,ug/L,1,N,A,P67403-5,,0,4,,,,,,25.042469,80.914819,WMD,E46077,WMD,WMD,WMD,2,PD,NO,12/17/13 10:57,43582005,1/8/14 17:47,EPA 447.0,,98011,"moderate chop on surface, 0.5ft, SAV clippings floating on surface near sampling area, secchi on bottom",
FLAB17,FLAB,2/18/14,SAMP,MON,SA,G,,0.5,m,179,CHLOROPHYLL-A(LC),CHLCA,0.191,I,,0.191,+/- 0.068,1,0.067,0.267,0.067,ug/L,1,N,A,P70121-5,,0,2,,,,,,25.042469,80.914819,WMD,E46077,WMD,WMD,WMD,2,PD,NO,2/18/14 15:33,45275005,2/28/14 15:43,EPA 447.0,,98011,,
FLAB17,FLAB,4/15/14,SAMP,MON,SA,G,,0.5,m,179,CHLOROPHYLL-A(LC),CHLCA,0.242,,,0.242,UNK,1,0.044,0.178,0.044,ug/L,1,N,A,P70122-5,,0,1,,,,,,25.042469,80.914819,WMD,E46077,WMD,WMD,WMD,2,PD,NO,4/15/14 15:40,45276005,5/5/14 23:48,EPA 447.0,,98011,Winds out of the SSE 15 kts. Slight chop. SECCHI ON BOTTOM,
FLAB17,FLAB,6/25/14,SAMP,MON,SA,G,,0.5,m,179,CHLOROPHYLL-A(LC),CHLCA,0.656,,,0.656,UNK,1,0.044,0.178,0.044,ug/L,1,N,A,P71698-5,,0,1,,,,,,25.042469,80.914819,WMD,E46077,WMD,WMD,WMD,2,PD,NO,6/25/14 15:10,46558005,7/15/14 19:58,EPA 447.0,,98011,"Calm, N wind 5-10. SECCHI ON BOTTOM",
FLAB17,FLAB,8/21/14,SAMP,MON,SA,G,,0.5,m,179,CHLOROPHYLL-A(LC),CHLCA,0.651,,,0.651,UNK,1,0.044,0.178,0.044,ug/L,1,N,A,P72711-5,,0,2,,,,,,25.042469,80.914819,WMD,E46077,WMD,WMD,WMD,2,PD,NO,8/21/14 16:21,46929005,9/5/14 18:25,EPA 447.0,,98011,SECCHI ON BOTTOM,
FLAB17,FLAB,10/28/14,SAMP,MON,SA,G,,0.9,m,179,CHLOROPHYLL-A(LC),CHLCA,0.38,,,0.38,UNK,1,0.044,0.178,0.044,ug/L,1,N,A,P74732-5,,0,1,,,,,,25.042469,80.914819,WMD,E46077,WMD,WMD,WMD,2,PD,NO,10/28/14 16:11,48704005,11/18/14 15:08,EPA 447.0,,98011,Light wave action. Winds out of the ESE 12-17kts. SECCHI ON BOTTOM,
FLAB17,FLAB,12/9/14,SAMP,MON,SA,G,,0.5,m,179,CHLOROPHYLL-A(LC),CHLCA,0.327,,,0.327,UNK,1,0.044,0.178,0.044,ug/L,1,N,A,P74734-5,,0,4,,,,,,25.042469,80.914819,WMD,E46077,WMD,WMD,WMD,2,PD,NO,12/9/14 16:50,48706005,12/31/14 14:55,EPA 447.0,,98011,"Winds out of the N, 7-10kts. 0.5ft wave action. SECCHI ON BOTTOM",
FLAB17,FLAB,2/4/15,SAMP,MON,SA,G,,0.5,m,179,CHLOROPHYLL-A(LC),CHLCA,0.136,I,,0.136,UNK,1,0.044,0.178,0.044,ug/L,1,N,A,P74733-5,,0,2,,,,,,25.042469,80.914819,WMD,E46077,WMD,WMD,WMD,2,PD,NO,2/4/15 14:25,48705005,2/24/15 18:24,EPA 447.0,,98011,"NE winds 10kts, light chop, scattered sea grass floating on surface,  SECCHI ON BOTTOM.",
FLAB17,FLAB,4/1/15,SAMP,MON,SA,G,,0.5,m,179,CHLOROPHYLL-A(LC),CHLCA,0.187,,,0.187,UNK,1,0.044,0.178,0.044,ug/L,1,N,A,P74735-5,,0,1,,,,,,25.042469,80.914819,WMD,E46077,WMD,WMD,WMD,2,PD,NO,4/2/15 9:51,48707005,4/6/15 17:37,EPA 447.0,,98011,SOB. Light winds out of the SE 5 kts. Water very clear.,
FLAB17,FLAB,6/2/15,SAMP,MON,SA,G,,0.5,m,179,CHLOROPHYLL-A(LC),CHLCA,0.462,,,0.462,+/- 0.061,1,0.036,0.142,0.036,ug/L,1,N,A,P75564-5,,0,4,,,,,,25.042469,80.914819,WMD,E46077,WMD,WMD,WMD,2,PD,NO,6/2/15 15:50,49262005,6/19/15 13:33,EPA 447.0,,98011,"Incoming tide, light east winds, very overcast. Small amount of loose seagrass on surface. Secchi on bottom.",
FLAB17,FLAB,8/11/15,SAMP,MON,SA,G,,0.5,m,179,CHLOROPHYLL-A(LC),CHLCA,1.08,,,1.08,+/- 0.121,1,0.036,0.142,0.036,ug/L,1,N,A,P78616-5,,0,2,,,,,,25.042469,80.914819,WMD,E46077,WMD,WMD,WMD,2,PD,NO,8/12/15 8:03,51802005,8/18/15 23:33,EPA 447.0,,98011,"Light winds from the South, minor surface chop. Moderate amount of floating loose sea grass. Secchi on bottom. Slack tide.",
FLAB17,FLAB,10/12/15,SAMP,MON,SA,G,,0.5,m,179,CHLOROPHYLL-A(LC),CHLCA,1.51,,,1.51,+/- 0.166,1,0.036,0.142,0.036,ug/L,1,N,A,P80850-5,,0,2,,,,,,25.042469,80.914819,WMD,E46077,WMD,WMD,WMD,2,PD,NO,10/13/15 8:50,53673005,10/22/15 12:45,EPA 447.0,,98011,"Slack tide, seas less than 1ft, light west wind, light amount of loose floating vegetation, secchi on bottom.",
FLAB17,FLAB,1/26/16,SAMP,MON,SA,G,,0.5,m,179,CHLOROPHYLL-A(LC),CHLCA,1.22,,,1.22,+/- 0.135,1,0.036,0.142,0.036,ug/L,1,N,A,P82417-5,,0,1,,,,,,25.042469,80.914819,WMD,E46077,WMD,WMD,WMD,2,PD,NO,1/26/16 18:05,54966005,1/29/16 11:20,EPA 447.0,,98011,Slight chop on surface. Winds SE 15-20.,
FLAB17,FLAB,2/23/16,SAMP,MON,SA,G,,0.5,m,179,CHLOROPHYLL-A(LC),CHLCA,0.343,,,0.343,+/- 0.051,1,0.036,0.142,0.036,ug/L,1,N,A,P82933-5,,0,2,,,,,,25.042469,80.914819,WMD,E46077,WMD,WMD,WMD,2,PD,NO,2/23/16 16:54,55401005,3/8/16 13:09,EPA 447.0,,98011,SOB. Winds out of the SSE 7 to 10 kts. Light wave action.,
FLAB17,FLAB,4/6/16,SAMP,MON,SA,G,,0.5,m,179,CHLOROPHYLL-A(LC),CHLCA,0.795,,,0.795,+/- 0.092,1,0.036,0.142,0.036,ug/L,1,N,A,P83566-5,,0,3,,,,,,25.042469,80.914819,WMD,E46077,WMD,WMD,WMD,2,PD,NO,4/6/16 16:44,55992005,4/18/16 19:26,EPA 447.0,,98011,SOB. Winds out of the E 15 to 17 kts. Light wave action.,
FLAB17,FLAB,6/29/16,SAMP,MON,SA,G,,0.5,m,179,CHLOROPHYLL-A(LC),CHLCA,1.11,,,1.11,+/- 0.125,1,0.04,0.16,0.04,ug/L,1,N,A,P84316-8,,0,2,,,,,,25.042469,80.914819,WMD,E46077,WMD,WMD,WMD,2,PD,NO,6/29/16 15:54,56588008,7/12/16 14:34,EPA 447.0,,98011,"slight ripple, east wind 5-10, some vegetation on surface, secchi on bottom, no flow observed",
FLAB17,FLAB,9/14/16,SAMP,MON,SA,G,,0.5,m,179,CHLOROPHYLL-A(LC),CHLCA,1.5,,,1.5,+/- 0.164,1,0.036,0.142,0.036,ug/L,1,N,A,P84637-5,,0,1,,,,,,25.042469,80.914819,WMD,E46077,WMD,WMD,WMD,2,PD,NO,9/14/16 16:16,56879005,9/22/16 19:35,EPA 447.0,9/15/16 11:04,98011,"calm water surface, some floating vegetation on surface, sample collected in a clear area, calm winds, secchi on bottom",
FLAB17,FLAB,11/15/16,SAMP,MON,SA,G,,0.5,m,179,CHLOROPHYLL-A(LC),CHLCA,1.33,,,1.33,+/- 0.147,1,0.036,0.142,0.036,ug/L,1,N,A,P86135-5,,0,2,,,,,,25.042469,80.914819,WMD,E46077,WMD,WMD,WMD,2,PD,NO,11/15/16 16:36,58227005,12/1/16 15:39,EPA 447.0,11/16/16 10:47,98011,"North winds 10-15kts, moderate chop, light amount of loose sea grass on surface. Secchi on bottom.",
FLAB17,FLAB,12/14/16,SAMP,MON,SA,G,,0.5,m,179,CHLOROPHYLL-A(LC),CHLCA,1.31,,,1.31,+/- 0.145,1,0.036,0.142,0.036,ug/L,1,N,A,P86764-5,,0,1,,,,,,25.042469,80.914819,WMD,E46077,WMD,WMD,WMD,2,PD,NO,12/14/16 17:13,58612005,12/20/16 16:56,EPA 447.0,12/15/16 11:17,98011,"calm wind, calm water, some SAV floating on surface in sampling area, secchi on bottom, no current observed",
FLAB17,FLAB,2/9/17,SAMP,MON,SA,G,,0.5,m,179,CHLOROPHYLL-A(LC),CHLCA,0.976,,,0.976,+/- 0.110,1,0.036,0.142,0.036,ug/L,1,N,A,P87698-5,,0,1,,,,,,25.042469,80.914819,WMD,E46077,WMD,WMD,WMD,2,PD,NO,2/9/17 18:47,59451005,2/27/17 20:43,EPA 447.0,2/10/17 11:44,98011,Wind 10 - 15 MPH. Moderate amount of sea grass on the surface. Light chop. Secchi on bottom.,
FLAB17,FLAB,4/24/17,SAMP,MON,SA,G,,0.5,m,179,CHLOROPHYLL-A(LC),CHLCA,1.85,,,1.85,+/- 0.201,1,0.036,0.142,0.036,ug/L,1,N,A,P87828-5,,0,1,,,,,,25.042469,80.914819,WMD,E46077,WMD,WMD,WMD,2,PD,NO,4/24/17 15:27,59589005,5/2/17 15:07,EPA 447.0,4/25/17 10:47,98011,"seaweed floating on surface of water, light winds",
FLAB17,FLAB,7/26/17,SAMP,MON,SA,G,,0.5,m,179,CHLOROPHYLL-A(LC),CHLCA,8.77,,,8.77,+/- 0.588,1,0.018,0.071,0.018,ug/L,1,N,A,P88719-5,,0,0,,,,,,25.042469,80.914819,WMD,E46077,WMD,WMD,WMD,2,PD,NO,7/26/17 16:55,60389005,8/14/17 18:51,EPA 447.0,7/27/17 10:58,98011,"East winds 10kts, seas less than 1ft, moderate amount of loose grass and seaweed floating on surface, secchi on bottom.",
FLAB17,FLAB,8/22/17,SAMP,MON,SA,G,,0.5,m,179,CHLOROPHYLL-A(LC),CHLCA,1.67,,,1.67,+/- 0.113,1,0.018,0.071,0.018,ug/L,1,N,A,P89177-5,,0,0,,,,,,25.042469,80.914819,WMD,E46077,WMD,WMD,WMD,2,PD,NO,8/22/17 15:45,60817005,9/18/17 19:07,EPA 447.0,8/23/17 14:55,98011,"Light winds, seas less than 1 ft, light amount of loose sea grass and sargassum floating on surface. Secchi on bottom.",
FLAB17,FLAB,10/16/17,SAMP,MON,SA,G,,0.5,m,179,CHLOROPHYLL-A(LC),CHLCA,31.1,,,31.1,+/- 2.09,1,0.08,0.32,0.08,ug/L,1,N,A,P90590-5,,0,0,,,,,,25.042469,80.914819,WMD,E46077,WMD,WMD,WMD,2,PD,NO,10/16/17 17:31,62122005,11/1/17 17:57,EPA 447.0,10/17/17 14:48,98011,"Sample area clear.  Water was a little cloudy, but bottom still visible.  Secchi on bottom.  Sample collected by NH.",
FLAB17,FLAB,12/19/17,SAMP,MON,SA,G,,0.5,m,179,CHLOROPHYLL-A(LC),CHLCA,1.29,,,1.29,+/- 0.088,1,0.018,0.071,0.018,ug/L,1,N,A,P91157-5,,0,0,,,,,,25.042469,80.914819,WMD,E46077,WMD,WMD,WMD,2,PD,NO,12/19/17 19:25,62573005,1/13/18 10:10,EPA 447.0,12/20/17 8:42,98011,Secchi is VOB,
FLAB17,FLAB,2/15/18,SAMP,MON,SA,G,,0.5,m,179,CHLOROPHYLL-A(LC),CHLCA,3.77,,,3.77,+/- 0.253,1,0.018,0.071,0.018,ug/L,1,N,A,P92110-5,,0,0,,,,,,25.042469,80.914819,WMD,E46077,WMD,WMD,WMD,2,PD,NO,2/15/18 22:01,63446005,2/26/18 15:22,EPA 447.0,2/16/18 10:33,98011,,
FLAB17,FLAB,4/12/18,SAMP,MON,SA,G,,0.5,m,179,CHLOROPHYLL-A(LC),CHLCA,1.58,J,yes,1.58,+/- 0.108,1,0.02,0.08,0.02,ug/L,1,N,A,P92870-5,,0,0,,,,,,25.042469,80.914819,WMD,E46077,WMD,WMD,WMD,2,PD,NO,4/13/18 7:36,64062005,5/3/18 17:50,EPA 447.0,4/13/18 8:47,98011,Out going tide observed.,Precision or accuracy criteria not met
FLAB17,FLAB,6/12/18,SAMP,MON,SA,G,,0.5,m,179,CHLOROPHYLL-A(LC),CHLCA,3.21,,,3.21,+/- 0.216,1,0.018,0.071,0.018,ug/L,1,N,A,P93692-5,,0,0,,,,,,25.042469,80.914819,WMD,E46077,WMD,WMD,WMD,2,PD,NO,6/12/18 17:52,64893005,6/22/18 5:04,EPA 447.0,6/13/18 10:28,98011,SOB.,
FLAB17,FLAB,8/9/18,SAMP,MON,SA,G,,0.5,m,179,CHLOROPHYLL-A(LC),CHLCA,4.99,J,yes,4.99,+/- 0.335,1,0.018,0.071,0.018,ug/L,1,N,A,P94933-5,,0,0,,,,,,25.042469,80.914819,WMD,E46077,WMD,WMD,WMD,2,PD,NO,8/10/18 6:52,65965005,8/27/18 17:43,EPA 447.0,8/10/18 9:46,98011,Secchi on bottom. Lots of dead veg floating in water. Avoided during collection.,Precision or accuracy criteria not met
FLAB17,FLAB,10/22/18,SAMP,MON,SA,G,,0.5,m,179,CHLOROPHYLL-A(LC),CHLCA,40.4,,,40.4,+/- 2.71,1,0.053,0.213,0.053,ug/L,1,N,A,P95253-5,,0,0,,,,,,25.042469,80.914819,WMD,E46077,WMD,WMD,WMD,2,PD,NO,10/23/18 8:12,66265005,10/25/18 2:21,EPA 447.0,10/23/18 12:47,98011,Sample area clear.  Non-Visible solids.  Sample collected by EW.,
FLAB17,FLAB,12/17/18,SAMP,MON,SA,G,,0.5,m,179,CHLOROPHYLL-A(LC),CHLCA,20.2,,,20.2,+/- 1.35,1,0.018,0.071,0.018,ug/L,1,N,A,P96720-9,,0,0,,,,,,25.042469,80.914819,WMD,E46077,WMD,WMD,WMD,2,BA,NO,12/18/18 8:19,67436009,1/7/19 19:02,EPA 447.0,12/18/18 10:02,98011,,
FLAB17,FLAB,2/18/19,SAMP,MON,SA,G,,0.5,m,179,CHLOROPHYLL-A(LC),CHLCA,2.13,,,2.13,+/- 0.144,1,0.018,0.071,0.018,ug/L,1,N,A,P103094-6,,0,0,,,,,,25.042469,80.914819,WMD,E46077,WMD,WMD,WMD,2,BA,NO,2/19/19 9:40,69909006,2/26/19 20:46,EPA 447.0,2/20/19 9:43,98011,Sample area clear.  Secchi Depth was 0.5m.  Light solids in sample.  Sample collected by EW.,
FLAB17,FLAB,4/3/19,SAMP,MON,SA,G,,0.5,m,179,CHLOROPHYLL-A(LC),CHLCA,2.06,,,2.06,+/- 0.139,1,0.018,0.071,0.018,ug/L,1,N,A,P103838-6,,0,0,,,,,,25.042469,80.914819,WMD,E46077,WMD,WMD,WMD,2,BA,NO,4/3/19 15:29,70216006,4/12/19 0:44,EPA 447.0,4/4/19 8:16,98011,Secchi on bottom,
FLAB17,FLAB,7/15/19,SAMP,MON,SA,G,,0.5,m,179,CHLOROPHYLL-A(LC),CHLCA,7.75,,,7.75,+/- 0.520,1,0.018,0.071,0.018,ug/L,1,N,A,P106399-6,,0,0,,,,,,25.042469,80.914819,WMD,E46077,WMD,WMD,WMD,2,BA,NO,7/15/19 16:09,71313006,7/18/19 21:03,EPA 447.0,7/16/19 13:15,98011,,
FLAB17,FLAB,8/12/19,SAMP,MON,SA,G,,0.5,m,179,CHLOROPHYLL-A(LC),CHLCA,2.17,,,2.17,+/- 0.147,1,0.018,0.071,0.018,ug/L,1,N,A,P109218-6,,0,0,,,,,,25.042469,80.914819,WMD,E46077,WMD,WMD,WMD,2,BA,NO,8/13/19 9:55,72387006,8/16/19 0:44,EPA 447.0,8/13/19 11:21,98011,,
FLAB17,FLAB,10/9/19,SAMP,MON,SA,G,,0.5,m,179,CHLOROPHYLL-A(LC),CHLCA,10.4,,,10.4,+/- 0.697,1,0.02,0.08,0.02,ug/L,1,N,A,P109906-6,,0,0,,,,,,25.042469,80.914819,WMD,E46077,WMD,WMD,WMD,2,BA,NO,10/10/19 10:16,72728006,10/15/19 19:08,EPA 447.0,10/10/19 13:42,98011,,
FLAB17,FLAB,1/28/20,SAMP,MON,SA,G,,0.5,m,179,CHLOROPHYLL-A(LC),CHLCA,0.919,,,0.919,+/- 0.064,1,0.018,0.071,0.018,ug/L,1,N,A,P110695-6,,0,0,,,,,,25.042469,80.914819,WMD,E46077,WMD,WMD,WMD,2,BA,NO,1/28/20 16:21,73093006,2/3/20 17:57,EPA 447.0,1/29/20 13:35,98011,,
FLAB17,FLAB,2/5/20,SAMP,MON,SA,G,,0.5,m,179,CHLOROPHYLL-A(LC),CHLCA,0.43,,,0.43,+/- 0.034,1,0.018,0.071,0.018,ug/L,1,N,A,P110717-6,,0,0,,,,,,25.042469,80.914819,WMD,E46077,WMD,WMD,WMD,2,BA,NO,2/6/20 11:55,73112006,2/13/20 22:09,EPA 447.0,2/6/20 14:50,98011,Secchi on bottom.,
FLAB17,FLAB,4/7/20,SAMP,MON,SA,G,,0.5,m,179,CHLOROPHYLL-A(LC),CHLCA,0.953,,,0.953,+/- 0.066,1,0.018,0.071,0.018,ug/L,1,N,A,P110711-6,,0,0,,,,,,25.042469,80.914819,WMD,E46077,WMD,WMD,WMD,2,BA,NO,4/7/20 16:09,73106006,4/13/20 21:18,EPA 447.0,4/8/20 15:29,98011,Sample area clear.  Solids were Non Visible.  Secchi on bottom.  Sample collected by EW.,
FLAB17,FLAB,6/17/20,SAMP,MON,SA,G,,0.5,m,179,CHLOROPHYLL-A(LC),CHLCA,2,,,2,+/- 0.135,1,0.018,0.071,0.018,ug/L,1,N,A,P110907-6,,0,0,,,,,,25.042469,80.914819,WMD,E46077,WMD,WMD,WMD,2,BA,NO,6/17/20 15:56,73193006,6/23/20 11:19,EPA 447.0,6/18/20 14:22,98011,Secchi on bottom,
FLAB17,FLAB,8/18/20,SAMP,MON,SA,G,,0.5,m,179,CHLOROPHYLL-A(LC),CHLCA,1.26,,,1.26,+/- 0.086,1,0.018,0.071,0.018,ug/L,1,N,A,P111061-6,,0,0,,,,,,25.042469,80.914819,WMD,E46077,WMD,WMD,WMD,2,BA,NO,8/18/20 15:40,73276006,9/2/20 20:47,EPA 447.0,8/19/20 12:44,98011,Vegetative debris present on surface of water.,
FLAB17,FLAB,10/13/20,SAMP,MON,SA,G,,0.5,m,179,CHLOROPHYLL-A(LC),CHLCA,31.6,,,31.6,+/- 2.12,1,0.08,0.32,0.08,ug/L,1,N,A,P118764-6,,0,0,,,,,,25.042469,80.914819,WMD,E46077,WMD,WMD,WMD,2,BA,NO,10/14/20 8:55,76830006,10/17/20 21:19,EPA 447.0,10/14/20 15:37,98011,Filtration difficult at this location. Notable algae bloom with very fine particulates.,
FLAB17,FLAB,2/9/21,SAMP,MON,SA,G,,0.5,m,179,CHLOROPHYLL-A(LC),CHLCA,0.72,,,0.72,+/- 0.051,1,0.018,0.071,0.018,ug/L,1,N,A,P120349-6,,0,0,,,,,,25.042469,80.914819,WMD,E46077,WMD,WMD,WMD,2,BA,NO,2/10/21 8:11,77554006,2/16/21 18:10,EPA 447.0,2/10/21 13:37,98011,Secchi on bottom.,
FLAB17,FLAB,3/24/21,SAMP,MON,SA,G,,0.5,m,179,CHLOROPHYLL-A(LC),CHLCA,0.441,,,0.441,+/- 0.034,1,0.018,0.071,0.018,ug/L,1,N,A,P122509-6,,0,0,,,,,,25.042469,80.914819,WMD,E46077,WMD,WMD,WMD,2,BA,NO,3/25/21 6:59,78497006,4/1/21 18:02,EPA 447.0,3/25/21 14:25,98011,secchi on bottom,
FLAB17,FLAB,6/7/21,SAMP,MON,SA,G,,0.5,m,179,CHLOROPHYLL-A(LC),CHLCA,0.549,,,0.549,+/- 0.041,1,0.018,0.071,0.018,ug/L,1,N,A,P121640-6,,0,0,,,,,,25.042469,80.914819,WMD,E46077,WMD,WMD,WMD,2,BA,NO,6/7/21 16:26,78140006,6/10/21 1:06,EPA 447.0,6/8/21 13:49,98011,Secchi on bottom,
FLAB17,FLAB,8/5/21,SAMP,MON,SA,G,,0.5,m,179,CHLOROPHYLL-A(LC),CHLCA,1.44,,,1.44,+/- 0.098,1,0.018,0.071,0.018,ug/L,1,N,A,P123926-6,,0,0,,,,,,25.042469,80.914819,WMD,E46077,WMD,WMD,WMD,2,BA,NO,8/5/21 15:12,79169006,8/10/21 5:22,EPA 447.0,8/6/21 13:31,98011,Secchi on bottom,
FLAB17,FLAB,10/20/21,SAMP,MON,SA,G,,0.5,m,179,CHLOROPHYLL-A(LC),CHLCA,0.38,,,0.38,+/- 0.032,1,0.02,0.08,0.02,ug/L,1,N,A,P125707-6,,0,0,,,,,,25.042469,80.914819,WMD,E46077,WMD,WMD,WMD,2,BA,NO,10/21/21 8:34,79970006,10/26/21 16:33,EPA 447.0,10/21/21 13:24,98011,Secchi on bottom.,
FLAB17,FLAB,12/15/21,SAMP,MON,SA,G,,0.5,m,179,CHLOROPHYLL-A(LC),CHLCA,0.452,,,0.452,+/- 0.035,1,0.018,0.071,0.018,ug/L,1,N,A,P129834-6,,0,0,,,,,,25.042469,80.914819,WMD,E46077,WMD,WMD,WMD,2,BA,NO,12/16/21 8:25,81789006,12/20/21 23:13,EPA 447.0,12/16/21 13:12,98011,,
FLAB17,FLAB,1/27/22,SAMP,MON,SA,G,,0.5,m,179,CHLOROPHYLL-A(LC),CHLCA,0.45,,,0.45,+/- 0.035,1,0.018,0.071,0.018,ug/L,1,N,A,P129835-6,,0,0,,,,,,25.042469,80.914819,WMD,E46077,WMD,WMD,WMD,2,BA,NO,1/27/22 15:46,81790006,1/31/22 21:48,EPA 447.0,1/28/22 13:28,98011,Secchi on bottom,
FLAB17,FLAB,4/12/22,SAMP,MON,SA,G,,0.5,m,179,CHLOROPHYLL-A(LC),CHLCA,0.398,,,0.398,+/- 0.032,1,0.018,0.071,0.018,ug/L,1,N,A,P132792-6,,0,0,,,,,,25.042469,80.914819,WMD,E46077,WMD,WMD,WMD,2,BA,NO,4/13/22 8:06,83111006,4/15/22 3:33,EPA 447.0,4/13/22 14:33,98011,Secchi on bottom,
FLAB17,FLAB,6/27/22,SAMP,MON,SA,G,,0.5,m,179,CHLOROPHYLL-A(LC),CHLCA,0.597,,,0.597,+/- 0.044,1,0.018,0.071,0.018,ug/L,1,N,A,P134130-6,,0,0,,,,,,25.042469,80.914819,WMD,E46077,WMD,WMD,WMD,2,BA,NO,6/28/22 8:30,83719006,7/5/22 19:03,EPA 447.0,6/28/22 14:27,98011,Secchi on bottom,
FLAB17,FLAB,7/11/22,SAMP,MON,SA,G,,0.5,m,179,CHLOROPHYLL-A(LC),CHLCA,0.696,,,0.696,+/- 0.054,1,0.027,0.107,0.027,ug/L,1,N,A,P135169-6,,0,0,,,,,,25.042469,80.914819,WMD,E46077,WMD,WMD,WMD,2,BA,NO,7/12/22 8:09,84232006,7/14/22 0:50,EPA 447.0,7/12/22 15:12,98011,Secchi on bottom.,
FLAB17,FLAB,9/21/22,SAMP,MON,SA,G,,0.5,m,179,CHLOROPHYLL-A(LC),CHLCA,0.276,,,0.276,+/- 0.026,1,0.018,0.071,0.018,ug/L,1,N,A,P136493-6,,0,0,,,,,,25.042469,80.914819,WMD,E46077,WMD,WMD,WMD,2,BA,NO,9/22/22 8:07,84868006,9/30/22 13:07,EPA 447.0,9/22/22 14:26,98011,"Secchi on bottom. Vegetative debris present in water column, avoided during sampling.",
FLAB17,FLAB,1/19/23,SAMP,MON,SA,G,,0.5,m,179,CHLOROPHYLL-A(LC),CHLCA,0.295,,,0.295,+/- 0.027,1,0.018,0.071,0.018,ug/L,1,N,A,P139466-6,,0,0,,,,,,25.042469,80.914819,WMD,E46077,WMD,WMD,WMD,2,BA,NO,1/20/23 8:12,86301006,1/25/23 4:49,EPA 447.0,1/20/23 9:22,98011,Secchi on bottom,
FLAB17,FLAB,3/6/23,SAMP,MON,SA,G,,0.5,m,179,CHLOROPHYLL-A(LC),CHLCA,0.578,,,0.578,+/- 0.042,1,0.016,0.064,0.016,ug/L,1,N,A,P141267-6,,0,0,,,,,,25.042469,80.914819,WMD,E46077,WMD,WMD,WMD,2,BA,NO,3/7/23 8:44,87044006,3/13/23 19:10,EPA 447.0,3/7/23 13:04,98011,SOB.,
FLAB17,FLAB,5/16/23,SAMP,MON,SA,G,,0.5,m,179,CHLOROPHYLL-A(LC),CHLCA,0.83,,,0.83,+/- 0.058,1,0.018,0.071,0.018,ug/L,1,N,A,P143738-6,,0,0,,,,,,25.042469,80.914819,WMD,E46077,WMD,WMD,WMD,2,BA,NO,5/16/23 15:24,87932006,5/24/23 2:59,EPA 447.0,5/17/23 12:35,98011,Secchi on bottom,
FLAB17,FLAB,7/17/23,SAMP,MON,SA,G,,0.5,m,179,CHLOROPHYLL-A(LC),CHLCA,0.878,,,0.878,+/- 0.061,1,0.016,0.064,0.016,ug/L,1,N,A,P144701-6,,0,0,,,,,,25.042469,80.914819,WMD,E46077,WMD,WMD,WMD,2,BA,NO,7/18/23 8:37,88406006,7/20/23 21:06,EPA 447.0,7/18/23 13:05,98011,secchi on bottom,
FLAB17,FLAB,9/26/23,SAMP,MON,SA,G,,0.5,m,179,CHLOROPHYLL-A(LC),CHLCA,0.808,,,0.808,+/- 0.056,1,0.016,0.064,0.016,ug/L,1,N,A,P146059-6,,0,0,,,,,,25.042469,80.914819,WMD,E46077,WMD,WMD,WMD,2,BA,NO,9/28/23 7:49,89095006,10/2/23 23:13,EPA 447.0,9/28/23 9:00,98011,secchi on bottom,
FLAB17,FLAB,11/27/23,SAMP,MON,SA,G,,0.5,m,179,CHLOROPHYLL-A(LC),CHLCA,2.02,,,2.02,+/- 0.136,1,0.016,0.064,0.016,ug/L,1,N,A,P146060-6,,0,0,,,,,,25.042469,80.914819,WMD,E46077,WMD,WMD,WMD,2,BA,NO,11/28/23 8:48,89096006,11/30/23 18:34,EPA 447.0,11/28/23 11:05,98011,Secchi on bottom.,
FLAB17,FLAB,2/21/24,SAMP,MON,SA,G,,0.5,m,179,CHLOROPHYLL-A(LC),CHLCA,0.092,G,yes,0.092,+/- 0.019,1,0.018,0.071,0.018,ug/L,1,N,A,P148340-6,,0,0,,,,,,25.042469,80.914819,WMD,E46077,WMD,WMD,WMD,2,BA,NO,2/22/24 8:09,90200006,2/27/24 19:01,EPA 447.0,2/22/24 13:04,98011,Secchi on bottom.,"Analyte was detected at or above the method detection limit in both the sample and the associated field blank, equipment blank, or trip blank, and the blank value was greater than 10% of the associated sample value."
FLAB17,FLAB,4/18/24,SAMP,MON,SA,G,,0.5,m,179,CHLOROPHYLL-A(LC),CHLCA,0.202,,,0.202,+/- 0.021,1,0.016,0.064,0.016,ug/L,1,N,A,P149303-6,,0,0,,,,,,25.042469,80.914819,WMD,E46077,WMD,WMD,WMD,2,BA,NO,4/19/24 8:21,90666006,4/23/24 18:00,EPA 447.0,4/19/24 13:00,98011,secchi on bottom,
FLAB17,FLAB,7/31/24,SAMP,MON,SA,G,,0.5,m,179,CHLOROPHYLL-A(LC),CHLCA,0.845,,,0.845,+/- 0.059,1,0.016,0.064,0.016,ug/L,1,N,A,P152197-6,,0,0,,,,,,25.042469,80.914819,WMD,E46077,WMD,WMD,WMD,2,BA,NO,8/1/24 8:01,92110006,8/21/24 15:18,EPA 447.0,8/1/24 10:40,98011,SOB.,
FLAB17,FLAB,9/30/24,SAMP,MON,SA,G,,0.5,m,179,CHLOROPHYLL-A(LC),CHLCA,1.19,,,1.19,+/- 0.081,1,0.016,0.064,0.016,ug/L,1,N,A,P153173-6,,0,0,,,,,,25.042469,80.914819,WMD,E46077,WMD,WMD,WMD,2,BA,NO,10/1/24 8:31,92601006,10/3/24 22:48,EPA 447.0,10/1/24 15:59,98011,Secchi on bottom.,
FLAB17,FLAB,11/19/24,SAMP,MON,SA,G,,0.5,m,179,CHLOROPHYLL-A(LC),CHLCA,15.8,,,15.8,+/- 1.06,1,0.04,0.16,0.04,ug/L,1,N,A,P154026-6,,0,0,,,,,,25.042469,80.914819,WMD,E46077,WMD,WMD,WMD,2,BA,NO,11/20/24 8:23,93034006,11/21/24 21:03,EPA 447.0,11/20/24 14:44,98011,,
FLAB17,FLAB,2/13/25,SAMP,MON,SA,G,,0.5,m,179,CHLOROPHYLL-A(LC),CHLCA,0.24,,,0.24,+/- 0.023,1,0.016,0.064,0.016,ug/L,1,N,A,P155967-6,,0,0,,,,,,25.042469,80.914819,WMD,E46077,WMD,WMD,WMD,2,BA,NO,2/14/25 8:47,93979006,2/17/25 23:58,EPA 447.0,2/14/25 11:16,98011,Secchi on bottom.,
FLAB17,FLAB,3/25/25,SAMP,MON,SA,G,,0.5,m,179,CHLOROPHYLL-A(LC),CHLCA,0.184,,,0.184,+/- 0.030,1,0.027,0.107,0.027,ug/L,1,N,A,P157082-6,,0,0,,,,,,25.042469,80.914819,WMD,E46077,WMD,WMD,WMD,2,BA,NO,3/26/25 8:54,94540006,3/27/25 22:18,EPA 447.0,3/26/25 10:18,98011,Secchi on bottom.,
FLAB17,FLAB,5/7/25,SAMP,MON,SA,G,,0.5,m,179,CHLOROPHYLL-A(LC),CHLCA,0.341,,,0.341,+/- 0.035,1,0.027,0.107,0.027,ug/L,1,N,A,P158026-3,,0,0,,,,,,25.042469,80.914819,WMD,E46077,WMD,WMD,WMD,2,BA,NO,5/8/25 8:31,95009003,5/15/25 20:44,EPA 447.0,5/8/25 11:05,98011,Secchi on bottom,
FLAB17,FLAB,7/10/25,SAMP,MON,SA,G,,0.5,m,179,CHLOROPHYLL-A(LC),CHLCA,1.97,Q,yes,1.97,+/- 0.133,1,0.016,0.064,0.016,ug/L,1,N,A,P159507-3,,0,0,,,,,,25.042469,80.914819,WMD,E46077,WMD,WMD,WMD,2,BA,NO,7/11/25 9:57,95742003,7/23/25 19:07,EPA 447.0,7/14/25 11:39,98011,Secchi visible on bottom,Analysis done after the approved holding time
FLAB17,FLAB,9/9/25,SAMP,MON,SA,G,,0.5,m,179,CHLOROPHYLL-A(LC),CHLCA,7.1,,,7.1,,1,0.027,0.107,0.027,ug/L,,N,P,P160871-3,,0,0,,,1.7,,,25.042469,-80.914819,,E46077,WMD,,,,BA,,9/10/25 8:53,96441003,9/15/25 18:16,EPA 447.0,9/10/25 13:25,98011,secchi on bottom. sea grass on water surface avoided during sample collection,